ref_Region;internalID;Label;Tipo;Cardinalidad;Rango;ref_Label;ref_START;START_ex;ref_END;END_ex;Nota;Fuente;Orden;Superior;Principal;Domain;rowID
NES;Uni01;Universidad de Mexico;Universidad;Universidad Real y Pontificia;;México;1111;exact;9999;end;;Buenaventura Delgado Criado (coord.), Historia de la educación en España y América, tomo 2 (Madrid 1993);Secular;;;Universidades;1
SDO;Uni02;Universidad de Santo Tomás de Aquino;Universidad;Universidad Pontificia;;Santo Domingo;1111;exact;9999;exact;;Buenaventura Delgado Criado (coord.), Historia de la educación en España y América, tomo 2 (Madrid 1993);OP;;;Universidades;2
SDO;Uni02;Universidad de Santo Tomás de Aquino;Universidad;Universidad Real y Pontificia;;Santo Domingo;1111;exact;9999;exact;;Buenaventura Delgado Criado (coord.), Historia de la educación en España y América, tomo 2 (Madrid 1993);OP;;;Universidades;3
PER;Uni03;Universidad de San Marcos;Universidad;Universidad Real y Pontificia;;Lima;1111;exact;9999;end;;Buenaventura Delgado Criado (coord.), Historia de la educación en España y América, tomo 2 (Madrid 1993);Secular;;;Universidades;4
SDO;Uni04;Universidad de Santiago de la Paz;Universidad;Universidad Real;;Santo Domingo;1111;exact;9999;exact;;Buenaventura Delgado Criado (coord.), Historia de la educación en España y América, tomo 2 (Madrid 1993);SJ;;;Universidades;5
SDO;Uni04;Universidad de Santiago de la Paz;Universidad;Universidad Real y Pontificia;;Santo Domingo;1111;exact;9999;exact;;Buenaventura Delgado Criado (coord.), Historia de la educación en España y América, tomo 2 (Madrid 1993);SJ;;;Universidades;6
QUI;Uni05;Universidad de San Fulgencio;Universidad;Universidad;;Quito;1111;exact;9999;exact;;Buenaventura Delgado Criado (coord.), Historia de la educación en España y América, tomo 2 (Madrid 1993);OSA;;;Universidades;7
PER;Uni06;Universidad de San Ildefonso;Universidad;Universidad Real y Pontificia;;Lima;1111;exact;9999;end;;Buenaventura Delgado Criado (coord.), Historia de la educación en España y América, tomo 2 (Madrid 1993);OSA;;;Universidades;8
PER;Uni07;Universidad de San Ignacio de Loyola;Universidad;Universidad Colegio máximo;;Cuzco;1111;exact;9999;exact;;Buenaventura Delgado Criado (coord.), Historia de la educación en España y América, tomo 2 (Madrid 1993);SJ;;;Universidades;9
RPL;Uni08;Colegio máximo de la Compañía de Jesús;Colegio;Colegio máximo;;Córdoba;1111;exact;9999;exact;;Buenaventura Delgado Criado (coord.), Historia de la educación en España y América, tomo 2 (Madrid 1993);SJ;;;Universidades;10
CHL;Uni09;Colegio máximo  de San Miguel;Colegio;Colegio máximo;;Santiago;1111;exact;9999;exact;;Buenaventura Delgado Criado (coord.), Historia de la educación en España y América, tomo 2 (Madrid 1993);SJ;;;Universidades;11
QUI;Uni10;Universidad de San Gregorio Magno;Universidad;Universidad;;Quito;1111;exact;9999;exact;;Buenaventura Delgado Criado (coord.), Historia de la educación en España y América, tomo 2 (Madrid 1993);SJ;;;Universidades;12
NGR;Uni11;Academia de San Francisco Javier;Academia;Academia;;Santafé;1111;exact;9999;exact;;Buenaventura Delgado Criado (coord.), Historia de la educación en España y América, tomo 2 (Madrid 1993);SJ;;;Universidades;13
CHA;Uni12;Universidad de San Francisco Javier;Universidad;Universidad;;Charcas;1111;exact;9999;exact;;Buenaventura Delgado Criado (coord.), Historia de la educación en España y América, tomo 2 (Madrid 1993);SJ;;;Universidades;14
NES;Uni13;Universidad de Mérida;Universidad;Universidad Real y Pontificia;;Mérida;1111;exact;9999;exact;;Buenaventura Delgado Criado (coord.), Historia de la educación en España y América, tomo 2 (Madrid 1993);SJ;;;Universidades;15
NGR;Uni14;Universidad de Santo Tomás de Aquino;Universidad;Universidad;;Santafé;1111;exact;9999;end;;Buenaventura Delgado Criado (coord.), Historia de la educación en España y América, tomo 2 (Madrid 1993);OP;;;Universidades;16
GUA;Uni15;Colegio de Santo Tomás;Colegio;Colegio máximo;;Guatemala;1111;exact;9999;exact;;Buenaventura Delgado Criado (coord.), Historia de la educación en España y América, tomo 2 (Madrid 1993);OP;;;Universidades;17
GUA;Uni15;Colegio máximo de la Compañía de Jesús;Colegio;Colegio máximo;;Guatemala;1111;exact;9999;exact;;Buenaventura Delgado Criado (coord.), Historia de la educación en España y América, tomo 2 (Madrid 1993);SJ;;;Universidades;18
GUA;Uni15;Universidad de San Carlos Borromeo;Universidad;Universidad Real y Pontificia;;Guatemala;1111;exact;9999;end;;Buenaventura Delgado Criado (coord.), Historia de la educación en España y América, tomo 2 (Madrid 1993);Secular;;;Universidades;19
PER;Uni16;Universidad de San Cristóbal;Universidad;Universidad Real y Pontificia;;Huamanga;1111;exact;9999;end;;Buenaventura Delgado Criado (coord.), Historia de la educación en España y América, tomo 2 (Madrid 1993);Secular;;;Universidades;20
CHL;Uni17;Universidad de Santo Tomás de Aquino;Universidad;Universidad;;Santiago;1111;exact;9999;ca;;Buenaventura Delgado Criado (coord.), Historia de la educación en España y América, tomo 2 (Madrid 1993);OP;;;Universidades;21
QUI;Uni18;Universidad de Santo Tomás de Aquino;Universidad;Universidad;;Quito;1111;exact;9999;exact;;Buenaventura Delgado Criado (coord.), Historia de la educación en España y América, tomo 2 (Madrid 1993);OP;;;Universidades;22
PER;Uni19;Universidad de San Antonio Abad;Universidad;Universidad;;Cuzco;1111;exact;9999;end;;Buenaventura Delgado Criado (coord.), Historia de la educación en España y América, tomo 2 (Madrid 1993);OP;;;Universidades;23
NGR;Uni20;Universidad de San Nicolás de Bari;Universidad;Universidad;;Santafé;1111;exact;9999;end;;Buenaventura Delgado Criado (coord.), Historia de la educación en España y América, tomo 2 (Madrid 1993);OSA;;;Universidades;24
NGR;Uni14;Universidad de San Francisco Javier;Universidad;Universidad;;Santafé;1111;exact;9999;exact;;Buenaventura Delgado Criado (coord.), Historia de la educación en España y América, tomo 2 (Madrid 1993);SJ;;;Universidades;25
VEN;Uni21;Universidad de Santa Rosa de Lima;Universidad;Universidad Real y Pontificia;;Caracas;1111;exact;9999;end;;Buenaventura Delgado Criado (coord.), Historia de la educación en España y América, tomo 2 (Madrid 1993);Secular;;;Universidades;26
CHL;Uni22;Universidad Pencopolitana;Universidad;Universidad Pontificia;;Concepción;1111;exact;9999;exact;;Buenaventura Delgado Criado (coord.), Historia de la educación en España y América, tomo 2 (Madrid 1993);SJ;;;Universidades;27
SDO;Uni23;Universidad de San Jerónimo;Universidad;Universidad Real y Pontificia;;La Habana;1111;exact;9999;end;;Buenaventura Delgado Criado (coord.), Historia de la educación en España y América, tomo 2 (Madrid 1993);OP;;;Universidades;28
CHL;Uni24;Universidad de San Felipe;Universidad;Universidad Real y Pontificia;;Santiago;1111;exact;9999;end;;Buenaventura Delgado Criado (coord.), Historia de la educación en España y América, tomo 2 (Madrid 1993);Secular;;;Universidades;29
NGR;Uni25;Universidad de San Francisco Javier;Universidad;Universidad Real y Pontificia;;Panamá;1111;exact;9999;exact;;Buenaventura Delgado Criado (coord.), Historia de la educación en España y América, tomo 2 (Madrid 1993);SJ;;;Universidades;30
NGR;Uni25;Universidad de San Francisco Javier;Universidad;Universidad Real y Pontificia;;Panamá;1111;exact;9999;exact;;Buenaventura Delgado Criado (coord.), Historia de la educación en España y América, tomo 2 (Madrid 1993);Secular;;;Universidades;31
NGR;Uni14;Universidad de San Francisco Javier;Universidad;Universidad;;Santafé;1111;exact;9999;end;;Buenaventura Delgado Criado (coord.), Historia de la educación en España y América, tomo 2 (Madrid 1993);Secular;;;Universidades;32
CHA;Uni12;Universidad de San Francisco Javier;Universidad;Universidad;;Charcas;1111;exact;9999;end;;Buenaventura Delgado Criado (coord.), Historia de la educación en España y América, tomo 2 (Madrid 1993);Secular;;;Universidades;33
RPL;Uni08;Universidad de San Carlos;Universidad;Universidad;;Córdoba;1111;exact;9999;exact;;Buenaventura Delgado Criado (coord.), Historia de la educación en España y América, tomo 2 (Madrid 1993);OFM;;;Universidades;34
RPL;Uni26;Colegio de Monserrat;Colegio;Colegio máximo;;Córdoba;1111;exact;9999;exact;;Buenaventura Delgado Criado (coord.), Historia de la educación en España y América, tomo 2 (Madrid 1993);OFM;;;Universidades;35
QUI;Uni27;Universidad pública;Universidad;Universidad;;Quito;1111;exact;9999;end;;Buenaventura Delgado Criado (coord.), Historia de la educación en España y América, tomo 2 (Madrid 1993);Secular;;;Universidades;36
GDJ;Uni28;Universidad de Santo Tomás;Universidad;Universidad Real y Pontificia;;Guadalajara;1111;exact;9999;end;;Buenaventura Delgado Criado (coord.), Historia de la educación en España y América, tomo 2 (Madrid 1993);Secular;;;Universidades;37
RPL;Uni08;Universidad de San Carlos y Nuestra Señora de Monserrat;Universidad;Universidad Real;;Córdoba;1111;exact;9999;exact;;Buenaventura Delgado Criado (coord.), Historia de la educación en España y América, tomo 2 (Madrid 1993);OFM;;;Universidades;38
RPL;Uni08;Universidad de San Carlos y Nuestra Señora de Monserrat;Universidad;Universidad Real y Pontificia;;Córdoba;1111;exact;9999;end;;Buenaventura Delgado Criado (coord.), Historia de la educación en España y América, tomo 2 (Madrid 1993);Secular;;;Universidades;39
PER;Caja_Carabaya_CHA;Caja real de Carabaya;Caja real;Principal;2;Carabaya;1111;;9999;;Morales Padrón: 1721, pero hay cuentas desde 1690;MORALES PADRON, Francisco: Atlas histórico-cultural de América, 2 vols. (Las Palmas de Gran Canaria 1988).;;;;Cajas;40
CHA;Caja_Carangas_CHA;Caja real de Carangas;Caja real;Principal;2;Carangas;1111;;9999;;;MORALES PADRON, Francisco: Atlas histórico-cultural de América, 2 vols. (Las Palmas de Gran Canaria 1988).;;;;Cajas;41
CHA;Caja_Charcas_CHA;Caja real de Charcas;Caja real;Principal;2;Charcas;1111;;9999;;;MORALES PADRON, Francisco: Atlas histórico-cultural de América, 2 vols. (Las Palmas de Gran Canaria 1988).;;;;Cajas;42
PER;Caja_Chucuito_CHA;Caja real de Chucuito;Caja real;Principal;2;Chucuito;1111;;9999;;;MORALES PADRON, Francisco: Atlas histórico-cultural de América, 2 vols. (Las Palmas de Gran Canaria 1988).;;;;Cajas;43
CHA;Caja_Cochabamba_CHA;Caja real de Cochabamba;Caja real;Principal;2;Cochabamba;1111;;9999;;;MORALES PADRON, Francisco: Atlas histórico-cultural de América, 2 vols. (Las Palmas de Gran Canaria 1988).;;;;Cajas;44
CHA;Caja_La_Paz_CHA;Caja real de La Paz;Caja real;Principal;2;La Paz;1111;;9999;;;MORALES PADRON, Francisco: Atlas histórico-cultural de América, 2 vols. (Las Palmas de Gran Canaria 1988).;;;;Cajas;45
CHA;Caja_Oruro_CHA;Caja real de Oruro;Caja real;Principal;2;Oruro;1111;;9999;;Morales Padrón: 1609;MORALES PADRON, Francisco: Atlas histórico-cultural de América, 2 vols. (Las Palmas de Gran Canaria 1988).;;;;Cajas;46
CHA;Caja_Potosí_CHA;Caja real de Potosí;Caja real;Principal;2;Potosí;1111;;9999;;;MORALES PADRON, Francisco: Atlas histórico-cultural de América, 2 vols. (Las Palmas de Gran Canaria 1988).;;;;Cajas;47
PER;Caja_Chucuito_CHA;Caja real de Puno;Caja real;Principal;2;Puno;1111;;9999;;;MORALES PADRON, Francisco: Atlas histórico-cultural de América, 2 vols. (Las Palmas de Gran Canaria 1988).;;;;Cajas;48
CHA;Caja_Santa_Cruz_de_la_Sierra_CHA;Caja real de Santa Cruz de la Sierra;Caja real;Principal;2;Santa Cruz de la Sierra;1111;;9999;;;MORALES PADRON, Francisco: Atlas histórico-cultural de América, 2 vols. (Las Palmas de Gran Canaria 1988).;;;;Cajas;49
CHL;Caja_Chiloé_CHL;Caja real de Chiloé;Caja real;Principal;2;Chiloé;1111;;9999;;;MORALES PADRON, Francisco: Atlas histórico-cultural de América, 2 vols. (Las Palmas de Gran Canaria 1988).;;;;Cajas;50
CHL;Caja_Concepción_CHL;Caja real de Concepción;Caja real;Principal;2;Concepción;1111;;9999;;Morales Padrón:  siglo XVI!;MORALES PADRON, Francisco: Atlas histórico-cultural de América, 2 vols. (Las Palmas de Gran Canaria 1988).;;;;Cajas;51
CHL;Caja_Concepción_CHL;Caja real de Concepción;Caja real;Principal;2;Concepción;1111;;9999;;;MORALES PADRON, Francisco: Atlas histórico-cultural de América, 2 vols. (Las Palmas de Gran Canaria 1988).;;;;Cajas;52
CHL;Caja_Santiago_de_Chile_CHL;Caja real de Santiago de Chile;Caja real;Principal;2;Santiago de Chile;1111;;9999;;;MORALES PADRON, Francisco: Atlas histórico-cultural de América, 2 vols. (Las Palmas de Gran Canaria 1988).;;;;Cajas;53
CHL;Caja_Valdivia_CHL;Caja real de Valdivia;Caja real;Principal;2;Valdivia;1111;;9999;;;MORALES PADRON, Francisco: Atlas histórico-cultural de América, 2 vols. (Las Palmas de Gran Canaria 1988).;;;;Cajas;54
GDJ;Caja_Sinaloa_GDJ;Caja real de Alamos;Caja real;Principal;2;Alamos;1111;;9999;;Morales Padrón: 1772?;MORALES PADRON, Francisco: Atlas histórico-cultural de América, 2 vols. (Las Palmas de Gran Canaria 1988).;;;;Cajas;55
GDJ;Caja_Sonora_GDJ;Caja real de Arizpe;Caja real;Principal;2;Arizpe;1111;;9999;;;MORALES PADRON, Francisco: Atlas histórico-cultural de América, 2 vols. (Las Palmas de Gran Canaria 1988).;;;;Cajas;56
GDJ;Caja_Bolaños_GDJ;Caja real de Bolaños;Caja real;Principal;2;Bolaños;1111;;9999;;;MORALES PADRON, Francisco: Atlas histórico-cultural de América, 2 vols. (Las Palmas de Gran Canaria 1988).;;;;Cajas;57
GDJ;Caja_Chihuahua_GDJ;Caja real de Chihuahua;Caja real;Principal;2;Chihuahua;1111;;9999;;;MORALES PADRON, Francisco: Atlas histórico-cultural de América, 2 vols. (Las Palmas de Gran Canaria 1988).;;;;Cajas;58
GDJ;Caja_Sinaloa_GDJ;Caja real de Cosalá;Caja real;Principal;2;Cosalá;1111;;9999;;;MORALES PADRON, Francisco: Atlas histórico-cultural de América, 2 vols. (Las Palmas de Gran Canaria 1988).;;;;Cajas;59
GDJ;Caja_Durango_GDJ;Caja real de Durango;Caja real;Principal;2;Durango;1111;;9999;;;MORALES PADRON, Francisco: Atlas histórico-cultural de América, 2 vols. (Las Palmas de Gran Canaria 1988).;;;;Cajas;60
GDJ;Caja_Guadalajara_GDJ;Caja real de Guadalajara;Caja real;Principal;2;Guadalajara;1111;;9999;;;MORALES PADRON, Francisco: Atlas histórico-cultural de América, 2 vols. (Las Palmas de Gran Canaria 1988).;;;;Cajas;61
GDJ;Caja_Sinaloa_GDJ;Caja real de Rosario;Caja real;Principal;2;Rosario;1111;;9999;;;MORALES PADRON, Francisco: Atlas histórico-cultural de América, 2 vols. (Las Palmas de Gran Canaria 1988).;;;;Cajas;62
GDJ;Caja_Saltillo_GDJ;Caja real de Saltillo;Caja real;Principal;2;Saltillo;1111;;9999;;;MORALES PADRON, Francisco: Atlas histórico-cultural de América, 2 vols. (Las Palmas de Gran Canaria 1988).;;;;Cajas;63
GDJ;Caja_San_Blas_GDJ;Caja real de San Blas;Caja real;Principal;2;San Blas;1111;;9999;;;MORALES PADRON, Francisco: Atlas histórico-cultural de América, 2 vols. (Las Palmas de Gran Canaria 1988).;;;;Cajas;64
GDJ;Caja_Sombrerete_GDJ;Caja real de Sombrerete;Caja real;Principal;2;Sombrerete;1111;;9999;;;MORALES PADRON, Francisco: Atlas histórico-cultural de América, 2 vols. (Las Palmas de Gran Canaria 1988).;;;;Cajas;65
GUA;Caja_Acajutla_GUA;Caja real de Acajutla;Caja real;Principal;2;Acajutla;1111;;9999;;Morales Padrón: siglo XVII;MORALES PADRON, Francisco: Atlas histórico-cultural de América, 2 vols. (Las Palmas de Gran Canaria 1988).;;;;Cajas;66
GUA;Caja_Cartago_GUA;Caja real de Cartago;Caja real;Principal;2;Cartago;1111;;9999;;Morales Padrón: siglo XVII;MORALES PADRON, Francisco: Atlas histórico-cultural de América, 2 vols. (Las Palmas de Gran Canaria 1988).;;;;Cajas;67
GUA;Caja_Chiapas_GUA;Caja real de Chiapa;Caja real;Principal;2;Chiapa;1111;;9999;;;MORALES PADRON, Francisco: Atlas histórico-cultural de América, 2 vols. (Las Palmas de Gran Canaria 1988).;;;;Cajas;68
GUA;Caja_Chiapas_GUA;Caja real de Chiapa;Caja real;Principal;2;Chiapa;1111;;9999;;;MORALES PADRON, Francisco: Atlas histórico-cultural de América, 2 vols. (Las Palmas de Gran Canaria 1988).;;;;Cajas;69
GUA;Caja_Chiapas_GUA;Caja real de Chiapas;Caja real;Principal;2;Chiapas;1111;;9999;;;MORALES PADRON, Francisco: Atlas histórico-cultural de América, 2 vols. (Las Palmas de Gran Canaria 1988).;;;;Cajas;70
GUA;Caja_Honduras_GUA;Caja real de Honduras;Caja real;Principal;2;Honduras;1111;;9999;;Cuentas en el AGI hasta 1679;MORALES PADRON, Francisco: Atlas histórico-cultural de América, 2 vols. (Las Palmas de Gran Canaria 1988).;;;;Cajas;71
GUA;Caja_Honduras_GUA;Caja real de Honduras;Caja real;Principal;2;Honduras;1111;;9999;;Cuentas en el AGI hasta 1679;MORALES PADRON, Francisco: Atlas histórico-cultural de América, 2 vols. (Las Palmas de Gran Canaria 1988).;;;;Cajas;72
GUA;Caja_Honduras_GUA;Caja real de Comayagua;Caja real;Principal;2;Comayagua;1111;;9999;;Cuentas en el AGI hasta 1679;MORALES PADRON, Francisco: Atlas histórico-cultural de América, 2 vols. (Las Palmas de Gran Canaria 1988).;;;;Cajas;73
GUA;Caja_Granada_GUA;Caja real de Granada;Caja real;Principal;2;Granada;1111;;9999;;Morales Padrón: siglo XVII;MORALES PADRON, Francisco: Atlas histórico-cultural de América, 2 vols. (Las Palmas de Gran Canaria 1988).;;;;Cajas;74
GUA;Caja_Guatemala_GUA;Caja real de Guatemala;Caja real;Principal;2;Guatemala;1111;;9999;;;MORALES PADRON, Francisco: Atlas histórico-cultural de América, 2 vols. (Las Palmas de Gran Canaria 1988).;;;;Cajas;75
GUA;Caja_León_GUA;Caja real de León;Caja real;Principal;2;León;1111;;9999;;Cuentas en el AGI hasta 1695;MORALES PADRON, Francisco: Atlas histórico-cultural de América, 2 vols. (Las Palmas de Gran Canaria 1988).;;;;Cajas;76
GUA;Caja_Nueva_Segovia_GUA;Caja real de Nueva Segovia;Caja real;Principal;2;Nueva Segovia;1111;;9999;;Morales Padrón: siglo XVI;MORALES PADRON, Francisco: Atlas histórico-cultural de América, 2 vols. (Las Palmas de Gran Canaria 1988).;;;;Cajas;77
GUA;Caja_San_Pedro_Sula_GUA;Caja real de San Pedro Sula;Caja real;Principal;2;San Pedro Sula;1111;;9999;;Morales Padrón: siglo XVI;MORALES PADRON, Francisco: Atlas histórico-cultural de América, 2 vols. (Las Palmas de Gran Canaria 1988).;;;;Cajas;78
GUA;Caja_Sonsonate_GUA;Caja real de Sonsonate;Caja real;Principal;2;Sonsonate;1111;;9999;;Cuentas en el AGI hasta 1615;MORALES PADRON, Francisco: Atlas histórico-cultural de América, 2 vols. (Las Palmas de Gran Canaria 1988).;;;;Cajas;79
GUA;Caja_Tegucigalpa_GUA;Caja real de Tegucigalpa;Caja real;Principal;2;Tegucigalpa;1111;;9999;;Hay cuentas para 1662.;MORALES PADRON, Francisco: Atlas histórico-cultural de América, 2 vols. (Las Palmas de Gran Canaria 1988).;;;;Cajas;80
NES;Caja_Acapulco_NES;Caja real de Acapulco;Caja real;Principal;2;Acapulco;1111;;9999;;;MORALES PADRON, Francisco: Atlas histórico-cultural de América, 2 vols. (Las Palmas de Gran Canaria 1988).;;;;Cajas;81
NES;Caja_Campeche_NES;Caja real de Campeche;Caja real;Principal;2;Campeche;1111;;9999;;Morales Padrón: Funcionaba en 1578.?;MORALES PADRON, Francisco: Atlas histórico-cultural de América, 2 vols. (Las Palmas de Gran Canaria 1988).;;;;Cajas;82
NES;Caja_Guanajuato_NES;Caja real de Guanajuato;Caja real;Principal;2;Guanajuato;1111;;9999;;;MORALES PADRON, Francisco: Atlas histórico-cultural de América, 2 vols. (Las Palmas de Gran Canaria 1988).;;;;Cajas;83
NES;Caja_Mérida_NES;Caja real de Mérida;Caja real;Principal;2;Mérida;1111;;9999;;;MORALES PADRON, Francisco: Atlas histórico-cultural de América, 2 vols. (Las Palmas de Gran Canaria 1988).;;;;Cajas;84
NES;Caja_México_NES;Caja real de México;Caja real;Principal;2;México;1111;;9999;;;MORALES PADRON, Francisco: Atlas histórico-cultural de América, 2 vols. (Las Palmas de Gran Canaria 1988).;;;;Cajas;85
NES;Caja_Michoacán_NES;Caja real de Michoacán;Caja real;Principal;2;Michoacán;1111;;9999;;;MORALES PADRON, Francisco: Atlas histórico-cultural de América, 2 vols. (Las Palmas de Gran Canaria 1988).;;;;Cajas;86
NES;Caja_Oaxaca_NES;Caja real de Oaxaca;Caja real;Principal;2;Oaxaca;1111;;9999;;;MORALES PADRON, Francisco: Atlas histórico-cultural de América, 2 vols. (Las Palmas de Gran Canaria 1988).;;;;Cajas;87
NES;Caja_Pachuca_NES;Caja real de Pachuca;Caja real;Principal;2;Pachuca;1111;;9999;;;MORALES PADRON, Francisco: Atlas histórico-cultural de América, 2 vols. (Las Palmas de Gran Canaria 1988).;;;;Cajas;88
NES;Caja_Panuco_NES;Caja real de Panuco;Caja real;Principal;2;Panuco;1111;;9999;;Morales Padrón: siglo XVI;MORALES PADRON, Francisco: Atlas histórico-cultural de América, 2 vols. (Las Palmas de Gran Canaria 1988).;;;;Cajas;89
NES;Caja_Perote_NES;Caja real de Perote;Caja real;Principal;2;Perote;1111;;9999;;;MORALES PADRON, Francisco: Atlas histórico-cultural de América, 2 vols. (Las Palmas de Gran Canaria 1988).;;;;Cajas;90
NES;Caja_Presidio_del_Carmen_NES;Caja real de Presidio del Carmen;Caja real;Principal;2;Presidio del Carmen;1111;;9999;;;MORALES PADRON, Francisco: Atlas histórico-cultural de América, 2 vols. (Las Palmas de Gran Canaria 1988).;;;;Cajas;91
NES;Caja_Presidio_del_Carmen_NES;Caja real de Presidio del Carmen;Caja real;Principal;2;Presidio del Carmen;1111;;9999;;Morales Padrón: 1770?;MORALES PADRON, Francisco: Atlas histórico-cultural de América, 2 vols. (Las Palmas de Gran Canaria 1988).;;;;Cajas;92
NES;Caja_Puebla_NES;Caja real de Puebla;Caja real;Principal;2;Puebla;1111;;9999;;;MORALES PADRON, Francisco: Atlas histórico-cultural de América, 2 vols. (Las Palmas de Gran Canaria 1988).;;;;Cajas;93
NES;Caja_Puebla_NES;Caja real de Puebla;Caja real;Principal;2;Puebla;1111;;9999;;;MORALES PADRON, Francisco: Atlas histórico-cultural de América, 2 vols. (Las Palmas de Gran Canaria 1988).;;;;Cajas;94
NES;Caja_San_Luis_Potosí_NES;Caja real de San Luis Potosí;Caja real;Principal;2;San Luis Potosí;1111;;9999;;;MORALES PADRON, Francisco: Atlas histórico-cultural de América, 2 vols. (Las Palmas de Gran Canaria 1988).;;;;Cajas;95
NES;Caja_Tabasco_NES;Caja real de Tabasco;Caja real;Principal;2;Tabasco;1111;;9999;;Morales Padrón: A partir de 1769?;MORALES PADRON, Francisco: Atlas histórico-cultural de América, 2 vols. (Las Palmas de Gran Canaria 1988).;;;;Cajas;96
NES;Caja_Veracruz_NES;Caja real de Veracruz;Caja real;Principal;2;Veracruz;1111;;9999;;;MORALES PADRON, Francisco: Atlas histórico-cultural de América, 2 vols. (Las Palmas de Gran Canaria 1988).;;;;Cajas;97
GDJ;Caja_Zacatecas_NES;Caja real de Zacatecas;Caja real;Principal;2;Zacatecas;1111;;9999;;;MORALES PADRON, Francisco: Atlas histórico-cultural de América, 2 vols. (Las Palmas de Gran Canaria 1988).;;;;Cajas;98
NES;Caja_Zimapan_NES;Caja real de Zimapan;Caja real;Principal;2;Zimapan;1111;;9999;;;MORALES PADRON, Francisco: Atlas histórico-cultural de América, 2 vols. (Las Palmas de Gran Canaria 1988).;;;;Cajas;99
NGR;Caja_Veragua_NGR;Caja real de Veragua;Caja real;Principal;2;Veragua;1111;;9999;;Morales Padrón: siglo XVI;MORALES PADRON, Francisco: Atlas histórico-cultural de América, 2 vols. (Las Palmas de Gran Canaria 1988).;;;;Cajas;100
PER;Caja_Arequipa_PER;Caja real de Arequipa;Caja real;Principal;2;Arequipa;1111;;9999;;;MORALES PADRON, Francisco: Atlas histórico-cultural de América, 2 vols. (Las Palmas de Gran Canaria 1988).;;;;Cajas;101
PER;Caja_Arica_PER;Caja real de Arica;Caja real;Principal;2;Arica;1111;;9999;;Suprimida en ocasiones?;MORALES PADRON, Francisco: Atlas histórico-cultural de América, 2 vols. (Las Palmas de Gran Canaria 1988).;;;;Cajas;102
PER;Caja_Cailloma_PER;Caja real de Cailloma;Caja real;Principal;2;Cailloma;1111;;9999;;;MORALES PADRON, Francisco: Atlas histórico-cultural de América, 2 vols. (Las Palmas de Gran Canaria 1988).;;;;Cajas;103
PER;Caja_Castrovirreyna_PER;Caja real de Castrovirreyna;Caja real;Principal;2;Castrovirreyna;1111;;9999;;Morales Padrón: siglo XVI y XVII;MORALES PADRON, Francisco: Atlas histórico-cultural de América, 2 vols. (Las Palmas de Gran Canaria 1988).;;;;Cajas;104
PER;Caja_Chachapoyas_PER;Caja real de Chachapoyas;Caja real;Principal;2;Chachapoyas;1111;;9999;;;MORALES PADRON, Francisco: Atlas histórico-cultural de América, 2 vols. (Las Palmas de Gran Canaria 1988).;;;;Cajas;105
PER;Caja_Cuzco_PER;Caja real de Cuzco;Caja real;Principal;2;Cuzco;1111;;9999;;;MORALES PADRON, Francisco: Atlas histórico-cultural de América, 2 vols. (Las Palmas de Gran Canaria 1988).;;;;Cajas;106
PER;Caja_Huamanga_PER;Caja real de Huamanga;Caja real;Principal;2;Huamanga;1111;;9999;;;MORALES PADRON, Francisco: Atlas histórico-cultural de América, 2 vols. (Las Palmas de Gran Canaria 1988).;;;;Cajas;107
PER;Caja_Huancavelica_PER;Caja real de Huancavelica;Caja real;Principal;2;Huancavelica;1111;;9999;;;MORALES PADRON, Francisco: Atlas histórico-cultural de América, 2 vols. (Las Palmas de Gran Canaria 1988).;;;;Cajas;108
PER;Caja_Jauja_PER;Caja real de Jauja;Caja real;Principal;2;Jauja;1111;;9999;;;MORALES PADRON, Francisco: Atlas histórico-cultural de América, 2 vols. (Las Palmas de Gran Canaria 1988).;;;;Cajas;109
PER;Caja_Lima_PER;Caja real de Lima;Caja real;Principal;2;Lima;1111;;9999;;;MORALES PADRON, Francisco: Atlas histórico-cultural de América, 2 vols. (Las Palmas de Gran Canaria 1988).;;;;Cajas;110
PER;Caja_Piura_y_Paita_PER;Caja real de Piura y Paita;Caja real;Principal;2;Piura y Paita;1111;;9999;;;MORALES PADRON, Francisco: Atlas histórico-cultural de América, 2 vols. (Las Palmas de Gran Canaria 1988).;;;;Cajas;111
PER;Caja_San_Juan_de_Matucana_PER;Caja real de San Juan de Matucana;Caja real;Principal;2;San Juan de Matucana;1111;;9999;;;MORALES PADRON, Francisco: Atlas histórico-cultural de América, 2 vols. (Las Palmas de Gran Canaria 1988).;;;;Cajas;112
PER;Caja_Saña_PER;Caja real de Saña;Caja real;Principal;2;Saña;1111;;9999;;;MORALES PADRON, Francisco: Atlas histórico-cultural de América, 2 vols. (Las Palmas de Gran Canaria 1988).;;;;Cajas;113
PER;Caja_Trujillo_PER;Caja real de Trujillo;Caja real;Principal;2;Trujillo;1111;;9999;;;MORALES PADRON, Francisco: Atlas histórico-cultural de América, 2 vols. (Las Palmas de Gran Canaria 1988).;;;;Cajas;114
PER;Caja_Vico_y_Pasco_PER;Caja real de Vico y Pasco;Caja real;Principal;2;Vico y Pasco;1111;;9999;;Morales Padrón: 1722, pero hay cuentas anteriores;MORALES PADRON, Francisco: Atlas histórico-cultural de América, 2 vols. (Las Palmas de Gran Canaria 1988).;;;;Cajas;115
QUI;Caja_Cuenca_QUI;Caja real de Cuenca;Caja real;Principal;2;Cuenca;1111;;9999;;Morales Padrón:  siglo XVI!;MORALES PADRON, Francisco: Atlas histórico-cultural de América, 2 vols. (Las Palmas de Gran Canaria 1988).;;;;Cajas;116
QUI;Caja_Guayaquil_QUI;Caja real de Guayaquil;Caja real;Principal;2;Guayaquil;1111;;9999;;;MORALES PADRON, Francisco: Atlas histórico-cultural de América, 2 vols. (Las Palmas de Gran Canaria 1988).;;;;Cajas;117
QUI;Caja_Jaen_QUI;Caja real de Jaen;Caja real;Principal;2;Jaen;1111;;9999;;Morales Padrón: siglo XVI;MORALES PADRON, Francisco: Atlas histórico-cultural de América, 2 vols. (Las Palmas de Gran Canaria 1988).;;;;Cajas;118
QUI;Caja_Jaen_QUI;Caja real de Jaén;Caja real;Principal;2;Jaén;1111;;9999;;;MORALES PADRON, Francisco: Atlas histórico-cultural de América, 2 vols. (Las Palmas de Gran Canaria 1988).;;;;Cajas;119
QUI;Caja_Loja_QUI;Caja real de Loja;Caja real;Principal;2;Loja;1111;;9999;;Morales Padrón: siglo XVI;MORALES PADRON, Francisco: Atlas histórico-cultural de América, 2 vols. (Las Palmas de Gran Canaria 1988).;;;;Cajas;120
QUI;Caja_Puerto_Viejo_QUI;Caja real de Puerto Viejo;Caja real;Principal;2;Puerto Viejo;1111;;9999;;Morales Padrón:  siglo XVI!;MORALES PADRON, Francisco: Atlas histórico-cultural de América, 2 vols. (Las Palmas de Gran Canaria 1988).;;;;Cajas;121
QUI;Caja_Quito_QUI;Caja real de Quito;Caja real;Principal;2;Quito;1111;;9999;;;MORALES PADRON, Francisco: Atlas histórico-cultural de América, 2 vols. (Las Palmas de Gran Canaria 1988).;;;;Cajas;122
QUI;Caja_Yaguarzongo_QUI;Caja real de Yaguarzongo;Caja real;Principal;2;Yaguarzongo;1111;;9999;;Morales Padrón: siglo XVI;MORALES PADRON, Francisco: Atlas histórico-cultural de América, 2 vols. (Las Palmas de Gran Canaria 1988).;;;;Cajas;123
QUI;Caja_Zamora_QUI;Caja real de Zamora;Caja real;Principal;2;Zamora;1111;;9999;;Morales Padrón: siglo XVI;MORALES PADRON, Francisco: Atlas histórico-cultural de América, 2 vols. (Las Palmas de Gran Canaria 1988).;;;;Cajas;124
RPL;Caja_Buenos_Aires_RPL;Caja real de Buenos Aires;Caja real;Principal;2;Buenos Aires;1111;;9999;;;MORALES PADRON, Francisco: Atlas histórico-cultural de América, 2 vols. (Las Palmas de Gran Canaria 1988).;;;;Cajas;125
RPL;Caja_Catamarca_RPL;Caja real de Catamarca;Caja real;Principal;2;Catamarca;1111;;9999;;;MORALES PADRON, Francisco: Atlas histórico-cultural de América, 2 vols. (Las Palmas de Gran Canaria 1988).;;;;Cajas;126
RPL;Caja_Córdoba_RPL;Caja real de Córdoba;Caja real;Principal;2;Córdoba;1111;;9999;;;MORALES PADRON, Francisco: Atlas histórico-cultural de América, 2 vols. (Las Palmas de Gran Canaria 1988).;;;;Cajas;127
RPL;Caja_Corrientes_RPL;Caja real de Corrientes;Caja real;Principal;2;Corrientes;1111;;9999;;;MORALES PADRON, Francisco: Atlas histórico-cultural de América, 2 vols. (Las Palmas de Gran Canaria 1988).;;;;Cajas;128
RPL;Caja_Jujuy_RPL;Caja real de Jujuy;Caja real;Principal;2;Jujuy;1111;;9999;;;MORALES PADRON, Francisco: Atlas histórico-cultural de América, 2 vols. (Las Palmas de Gran Canaria 1988).;;;;Cajas;129
RPL;Caja_La_Rioja_RPL;Caja real de La Rioja;Caja real;Principal;2;La Rioja;1111;;9999;;;MORALES PADRON, Francisco: Atlas histórico-cultural de América, 2 vols. (Las Palmas de Gran Canaria 1988).;;;;Cajas;130
RPL;Caja_Maldonado_RPL;Caja real de Maldonado;Caja real;Principal;2;Maldonado;1111;;9999;;;MORALES PADRON, Francisco: Atlas histórico-cultural de América, 2 vols. (Las Palmas de Gran Canaria 1988).;;;;Cajas;131
RPL;Caja_Mendoza_RPL;Caja real de Mendoza;Caja real;Principal;2;Mendoza;1111;;9999;;;MORALES PADRON, Francisco: Atlas histórico-cultural de América, 2 vols. (Las Palmas de Gran Canaria 1988).;;;;Cajas;132
RPL;Caja_Montevideo_RPL;Caja real de Montevideo;Caja real;Principal;2;Montevideo;1111;;9999;;;MORALES PADRON, Francisco: Atlas histórico-cultural de América, 2 vols. (Las Palmas de Gran Canaria 1988).;;;;Cajas;133
RPL;Caja_Paraguay_RPL;Caja real de Paraguay;Caja real;Principal;2;Paraguay;1111;;9999;;Morales Padrón: siglo XVI;MORALES PADRON, Francisco: Atlas histórico-cultural de América, 2 vols. (Las Palmas de Gran Canaria 1988).;;;;Cajas;134
RPL;Caja_Paraguay_RPL;Caja real de Paraguay;Caja real;Principal;2;Paraguay;1111;;9999;;;MORALES PADRON, Francisco: Atlas histórico-cultural de América, 2 vols. (Las Palmas de Gran Canaria 1988).;;;;Cajas;135
RPL;Caja_Salta_RPL;Caja real de Salta;Caja real;Principal;2;Salta;1111;;9999;;;MORALES PADRON, Francisco: Atlas histórico-cultural de América, 2 vols. (Las Palmas de Gran Canaria 1988).;;;;Cajas;136
RPL;Caja_San_Juan_RPL;Caja real de San Juan;Caja real;Principal;2;San Juan;1111;;9999;;;MORALES PADRON, Francisco: Atlas histórico-cultural de América, 2 vols. (Las Palmas de Gran Canaria 1988).;;;;Cajas;137
RPL;Caja_Santa_Fe_RPL;Caja real de Santa Fe;Caja real;Principal;2;Santa Fe;1111;;9999;;;MORALES PADRON, Francisco: Atlas histórico-cultural de América, 2 vols. (Las Palmas de Gran Canaria 1988).;;;;Cajas;138
RPL;Caja_Santiago_Estero_RPL;Caja real de Santiago Estero;Caja real;Principal;2;Santiago Estero;1111;;9999;;;MORALES PADRON, Francisco: Atlas histórico-cultural de América, 2 vols. (Las Palmas de Gran Canaria 1988).;;;;Cajas;139
RPL;Caja_Tucumán_RPL;Caja real de Tucumán;Caja real;Principal;2;Tucumán;1111;;9999;;Morales Padrón: siglo XVI y XVII;MORALES PADRON, Francisco: Atlas histórico-cultural de América, 2 vols. (Las Palmas de Gran Canaria 1988).;;;;Cajas;140
RPL;Caja_Tucumán_RPL;Caja real de Tucumán;Caja real;Principal;2;Tucumán;1111;;9999;;;MORALES PADRON, Francisco: Atlas histórico-cultural de América, 2 vols. (Las Palmas de Gran Canaria 1988).;;;;Cajas;141
SDO;Caja_Bayamo_SDO;Caja real de Bayamo;Caja real;Principal;2;Bayamo;1111;;9999;;;MORALES PADRON, Francisco: Atlas histórico-cultural de América, 2 vols. (Las Palmas de Gran Canaria 1988).;;;;Cajas;142
SDO;Caja_Florida_SDO;Caja real de Florida;Caja real;Principal;2;Florida;1111;;9999;;;MORALES PADRON, Francisco: Atlas histórico-cultural de América, 2 vols. (Las Palmas de Gran Canaria 1988).;;;;Cajas;143
EXT;Caja_Jamaica_SDO;Caja real de Jamaica;Caja real;Principal;2;Jamaica;1111;;9999;;Morales Padrón: siglo XVI;MORALES PADRON, Francisco: Atlas histórico-cultural de América, 2 vols. (Las Palmas de Gran Canaria 1988).;;;;Cajas;144
SDO;Caja_La_Habana_SDO;Caja real de La Habana;Caja real;Principal;2;La Habana;1111;;9999;;;MORALES PADRON, Francisco: Atlas histórico-cultural de América, 2 vols. (Las Palmas de Gran Canaria 1988).;;;;Cajas;145
SDO;Caja_Matanzas_SDO;Caja real de Matanzas;Caja real;Principal;2;Matanzas;1111;;9999;;;MORALES PADRON, Francisco: Atlas histórico-cultural de América, 2 vols. (Las Palmas de Gran Canaria 1988).;;;;Cajas;146
SDO;Caja_Nueva_Orleans_SDO;Caja real de Nueva Orleans;Caja real;Principal;2;Nueva Orleans;1111;;9999;;;MORALES PADRON, Francisco: Atlas histórico-cultural de América, 2 vols. (Las Palmas de Gran Canaria 1988).;;;;Cajas;147
SDO;Caja_Pensacola_SDO;Caja real de Pensacola;Caja real;Principal;2;Pensacola;1111;;9999;;;MORALES PADRON, Francisco: Atlas histórico-cultural de América, 2 vols. (Las Palmas de Gran Canaria 1988).;;;;Cajas;148
SDO;Caja_Puerto_Principe_SDO;Caja real de Puerto Principe;Caja real;Principal;2;Puerto Principe;1111;;9999;;;MORALES PADRON, Francisco: Atlas histórico-cultural de América, 2 vols. (Las Palmas de Gran Canaria 1988).;;;;Cajas;149
SDO;Caja_San_Juan_de_los_Remedios_SDO;Caja real de San Juan de los Remedios;Caja real;Principal;2;San Juan de los Remedios;1111;;9999;;;MORALES PADRON, Francisco: Atlas histórico-cultural de América, 2 vols. (Las Palmas de Gran Canaria 1988).;;;;Cajas;150
SDO;Caja_San_Juan_de_Puerto_Rico_SDO;Caja real de San Juan de Puerto Rico;Caja real;Principal;2;San Juan de Puerto Rico;1111;;9999;;;MORALES PADRON, Francisco: Atlas histórico-cultural de América, 2 vols. (Las Palmas de Gran Canaria 1988).;;;;Cajas;151
SDO;Caja_Sancti_Spiritus_SDO;Caja real de Sancti Spiritus;Caja real;Principal;2;Sancti Spiritus;1111;;9999;;;MORALES PADRON, Francisco: Atlas histórico-cultural de América, 2 vols. (Las Palmas de Gran Canaria 1988).;;;;Cajas;152
SDO;Caja_Santa_Clara_SDO;Caja real de Santa Clara;Caja real;Principal;2;Santa Clara;1111;;9999;;;MORALES PADRON, Francisco: Atlas histórico-cultural de América, 2 vols. (Las Palmas de Gran Canaria 1988).;;;;Cajas;153
SDO;Caja_Santiago_de_Cuba_SDO;Caja real de Santiago de Cuba;Caja real;Principal;2;Santiago de Cuba;1111;;9999;;;MORALES PADRON, Francisco: Atlas histórico-cultural de América, 2 vols. (Las Palmas de Gran Canaria 1988).;;;;Cajas;154
SDO;Caja_Santo_Domingo_SDO;Caja real de Santo Domingo;Caja real;Principal;2;Santo Domingo;1111;;9999;;;MORALES PADRON, Francisco: Atlas histórico-cultural de América, 2 vols. (Las Palmas de Gran Canaria 1988).;;;;Cajas;155
SDO;Caja_Trinidad_de_Cuba_SDO;Caja real de Trinidad de Cuba;Caja real;Principal;2;Trinidad de Cuba;1111;;9999;;Morales Padrón: sin fechas.;MORALES PADRON, Francisco: Atlas histórico-cultural de América, 2 vols. (Las Palmas de Gran Canaria 1988).;;;;Cajas;156
VEN;Caja_Barquisimeto_VEN;Caja real de Barquisimeto;Caja real;Principal;2;Barquisimeto;1111;;9999;;Morales Padrón:  siglo XVI!;MORALES PADRON, Francisco: Atlas histórico-cultural de América, 2 vols. (Las Palmas de Gran Canaria 1988).;;;;Cajas;157
VEN;Caja_Caracas_VEN;Caja real de Caracas;Caja real;Principal;2;Caracas;1111;;9999;;;MORALES PADRON, Francisco: Atlas histórico-cultural de América, 2 vols. (Las Palmas de Gran Canaria 1988).;;;;Cajas;158
VEN;Caja_Carora_VEN;Caja real de Carora;Caja real;Principal;2;Carora;1111;;9999;;Morales Padrón:  siglo XVI!;MORALES PADRON, Francisco: Atlas histórico-cultural de América, 2 vols. (Las Palmas de Gran Canaria 1988).;;;;Cajas;159
VEN;Caja_Coro_VEN;Caja real de Coro;Caja real;Principal;2;Coro;1111;;9999;;Morales Padrón:  siglo XVI!;MORALES PADRON, Francisco: Atlas histórico-cultural de América, 2 vols. (Las Palmas de Gran Canaria 1988).;;;;Cajas;160
VEN;Caja_Cumaná_VEN;Caja real de Cumaná;Caja real;Principal;2;Cumaná;1111;;9999;;;MORALES PADRON, Francisco: Atlas histórico-cultural de América, 2 vols. (Las Palmas de Gran Canaria 1988).;;;;Cajas;161
VEN;Caja_Guanare_VEN;Caja real de Guanare;Caja real;Principal;2;Guanare;1111;;9999;;;MORALES PADRON, Francisco: Atlas histórico-cultural de América, 2 vols. (Las Palmas de Gran Canaria 1988).;;;;Cajas;162
VEN;Caja_isla_Margarita_VEN;Caja real de isla Margarita;Caja real;Principal;2;isla Margarita;1111;;9999;;;MORALES PADRON, Francisco: Atlas histórico-cultural de América, 2 vols. (Las Palmas de Gran Canaria 1988).;;;;Cajas;163
VEN;Caja_isla_Trinidad_VEN;Caja real de isla Trinidad;Caja real;Principal;2;isla Trinidad;1111;;9999;;;MORALES PADRON, Francisco: Atlas histórico-cultural de América, 2 vols. (Las Palmas de Gran Canaria 1988).;;;;Cajas;164
VEN;Caja_La_Guaira_VEN;Caja real de La Guaira;Caja real;Principal;2;La Guaira;1111;;9999;;;MORALES PADRON, Francisco: Atlas histórico-cultural de América, 2 vols. (Las Palmas de Gran Canaria 1988).;;;;Cajas;165
VEN;Caja_La_Guayana_VEN;Caja real de La Guayana;Caja real;Principal;2;La Guayana;1111;;9999;;Morales Padrón:  siglo XVI!;MORALES PADRON, Francisco: Atlas histórico-cultural de América, 2 vols. (Las Palmas de Gran Canaria 1988).;;;;Cajas;166
VEN;Caja_Maracaibo_VEN;Caja real de Maracaibo;Caja real;Principal;2;Maracaibo;1111;;9999;;;MORALES PADRON, Francisco: Atlas histórico-cultural de América, 2 vols. (Las Palmas de Gran Canaria 1988).;;;;Cajas;167
VEN;Caja_Nirgua_VEN;Caja real de Nirgua;Caja real;Principal;2;Nirgua;1111;;9999;;;MORALES PADRON, Francisco: Atlas histórico-cultural de América, 2 vols. (Las Palmas de Gran Canaria 1988).;;;;Cajas;168
VEN;Caja_Orinoco_VEN;Caja real de Orinoco;Caja real;Principal;2;Orinoco;1111;;9999;;;MORALES PADRON, Francisco: Atlas histórico-cultural de América, 2 vols. (Las Palmas de Gran Canaria 1988).;;;;Cajas;169
VEN;Caja_San_Sebastián_de_los_Reyes_VEN;Caja real de San Sebastián de los Reyes;Caja real;Principal;2;San Sebastián de los Reyes;1111;;9999;;;MORALES PADRON, Francisco: Atlas histórico-cultural de América, 2 vols. (Las Palmas de Gran Canaria 1988).;;;;Cajas;170
VEN;Caja_Trujillo_VEN;Caja real de Trujillo;Caja real;Principal;2;Trujillo;1111;;9999;;Morales Padrón:  siglo XVI!;MORALES PADRON, Francisco: Atlas histórico-cultural de América, 2 vols. (Las Palmas de Gran Canaria 1988).;;;;Cajas;171
VEN;Caja_Tucuyo_VEN;Caja real de Tucuyo;Caja real;Principal;2;Tucuyo;1111;;9999;;;MORALES PADRON, Francisco: Atlas histórico-cultural de América, 2 vols. (Las Palmas de Gran Canaria 1988).;;;;Cajas;172
VEN;Caja_Valencia_VEN;Caja real de Valencia;Caja real;Principal;2;Valencia;1111;;9999;;Morales Padrón:  siglo XVI!;MORALES PADRON, Francisco: Atlas histórico-cultural de América, 2 vols. (Las Palmas de Gran Canaria 1988).;;;;Cajas;173
NGR;Caja_Cáceres_NGR;Caja real de Cáceres;Caja real;Principal;2;Cáceres;1111;;9999;;;MORALES PADRON, Francisco: Atlas histórico-cultural de América, 2 vols. (Las Palmas de Gran Canaria 1988).;;;;Cajas;174
NGR;Caja_Antioquia_NGR;Caja real de Antioquia;Caja real;Principal;2;Antioquia;1111;;9999;;;MORALES PADRON, Francisco: Atlas histórico-cultural de América, 2 vols. (Las Palmas de Gran Canaria 1988).;;;;Cajas;175
NGR;Caja_Cartagena_NGR;Caja real de Cartagena;Caja real;Principal;2;Cartagena;1111;;9999;;;MORALES PADRON, Francisco: Atlas histórico-cultural de América, 2 vols. (Las Palmas de Gran Canaria 1988).;;;;Cajas;176
NGR;Caja_Cartago_NGR;Caja real de Cartago;Caja real;Principal;2;Cartago;1111;;9999;;;MORALES PADRON, Francisco: Atlas histórico-cultural de América, 2 vols. (Las Palmas de Gran Canaria 1988).;;;;Cajas;177
NGR;Caja_Honda_NGR;Caja real de Honda;Caja real;Principal;2;Honda;1111;;9999;;;MORALES PADRON, Francisco: Atlas histórico-cultural de América, 2 vols. (Las Palmas de Gran Canaria 1988).;;;;Cajas;178
NGR;Caja_Mompox_NGR;Caja real de Mompox;Caja real;Principal;2;Mompox;1111;;9999;;;MORALES PADRON, Francisco: Atlas histórico-cultural de América, 2 vols. (Las Palmas de Gran Canaria 1988).;;;;Cajas;179
NGR;Caja_Novitá_NGR;Caja real de Novitá;Caja real;Principal;2;Novitá;1111;;9999;;;MORALES PADRON, Francisco: Atlas histórico-cultural de América, 2 vols. (Las Palmas de Gran Canaria 1988).;;;;Cajas;180
NGR;Caja_Ocaña_NGR;Caja real de Ocaña;Caja real;Principal;2;Ocaña;1111;;9999;;;MORALES PADRON, Francisco: Atlas histórico-cultural de América, 2 vols. (Las Palmas de Gran Canaria 1988).;;;;Cajas;181
NGR;Caja_Panamá_NGR;Caja real de Panamá;Caja real;Principal;2;Panamá;1111;;9999;;;MORALES PADRON, Francisco: Atlas histórico-cultural de América, 2 vols. (Las Palmas de Gran Canaria 1988).;;;;Cajas;182
NGR;Caja_Portobelo_NGR;Caja real de Portobelo;Caja real;Principal;2;Portobelo;1111;;9999;;;MORALES PADRON, Francisco: Atlas histórico-cultural de América, 2 vols. (Las Palmas de Gran Canaria 1988).;;;;Cajas;183
NGR;Caja_Remedios_NGR;Caja real de Remedios;Caja real;Principal;2;Remedios;1111;;9999;;;MORALES PADRON, Francisco: Atlas histórico-cultural de América, 2 vols. (Las Palmas de Gran Canaria 1988).;;;;Cajas;184
NGR;Caja_Riohacha_NGR;Caja real de Riohacha;Caja real;Principal;2;Riohacha;1111;;9999;;;MORALES PADRON, Francisco: Atlas histórico-cultural de América, 2 vols. (Las Palmas de Gran Canaria 1988).;;;;Cajas;185
NGR;Caja_Santa_Fe_de_Bogota_NGR;Caja real de Santa Fe de Bogota;Caja real;Principal;2;Santa Fe de Bogota;1111;;9999;;;MORALES PADRON, Francisco: Atlas histórico-cultural de América, 2 vols. (Las Palmas de Gran Canaria 1988).;;;;Cajas;186
NGR;Caja_Santa_Marta_NGR;Caja real de Santa Marta;Caja real;Principal;2;Santa Marta;1111;;9999;;;MORALES PADRON, Francisco: Atlas histórico-cultural de América, 2 vols. (Las Palmas de Gran Canaria 1988).;;;;Cajas;187
NGR;Caja_Zitara_NGR;Caja real de Zitara;Caja real;Principal;2;Zitara;1111;;9999;;;MORALES PADRON, Francisco: Atlas histórico-cultural de América, 2 vols. (Las Palmas de Gran Canaria 1988).;;;;Cajas;188
QUI;Caja_Popayán_QUI;Caja real de Popayán;Caja real;Principal;2;Popayán;1111;;9999;;;MORALES PADRON, Francisco: Atlas histórico-cultural de América, 2 vols. (Las Palmas de Gran Canaria 1988).;;;;Cajas;189
NGR;Caja_Anserma_NGR;Caja Real de Anserma;Caja Real;Subalterna;3;Anserma;1111;;9999;;;Durán y Díaz, Joaquín: Estado General de todo el Virreinato de Santafe de Bogotá en el presente año de 1794 (Bogotá 2012);;;;Cajas;190
NGR;Caja_Ayapel_NGR;Caja Real de Ayapel;Caja Real;Subalterna;3;Ayapel;1111;;9999;;;Durán y Díaz, Joaquín: Estado General de todo el Virreinato de Santafe de Bogotá en el presente año de 1794 (Bogotá 2012);;;;Cajas;191
NGR;Caja_Bodegas_de_Honda_NGR;Caja Real de Bodegas de Honda;Caja Real;Subalterna;3;Bodegas de Honda;1111;;9999;;;Durán y Díaz, Joaquín: Estado General de todo el Virreinato de Santafe de Bogotá en el presente año de 1794 (Bogotá 2012);;;;Cajas;192
QUI;Caja_Buga_NGR;Caja Real de Buga;Caja Real;Subalterna;3;Buga;1111;;9999;;;Durán y Díaz, Joaquín: Estado General de todo el Virreinato de Santafe de Bogotá en el presente año de 1794 (Bogotá 2012);;;;Cajas;193
NGR;Caja_Cáceres_NGR;Caja Real de Cáceres;Caja Real;Subalterna;3;Cáceres;1111;;9999;;Existió en 1793 (Fuente:Estado_1794).;Durán y Díaz, Joaquín: Estado General de todo el Virreinato de Santafe de Bogotá en el presente año de 1794 (Bogotá 2012);;;;Cajas;194
QUI;Caja_Calí_NGR;Caja Real de Calí;Caja Real;Subalterna;3;Calí;1111;;9999;;;Durán y Díaz, Joaquín: Estado General de todo el Virreinato de Santafe de Bogotá en el presente año de 1794 (Bogotá 2012);;;;Cajas;195
NGR;Caja_Cancán_NGR;Caja Real de Cancán;Caja Real;Subalterna;3;Cancán;1111;;9999;;;Durán y Díaz, Joaquín: Estado General de todo el Virreinato de Santafe de Bogotá en el presente año de 1794 (Bogotá 2012);;;;Cajas;196
NGR;Caja_El_Retiro_NGR;Caja Real de El Retiro;Caja Real;Subalterna;3;El Retiro;1111;;9999;;;Durán y Díaz, Joaquín: Estado General de todo el Virreinato de Santafe de Bogotá en el presente año de 1794 (Bogotá 2012);;;;Cajas;197
NGR;Caja_Girón_NGR;Caja Real de Girón;Caja Real;Subalterna;3;Girón;1111;;9999;;;Durán y Díaz, Joaquín: Estado General de todo el Virreinato de Santafe de Bogotá en el presente año de 1794 (Bogotá 2012);;;;Cajas;198
NGR;Caja_Guamoco_NGR;Caja Real de Guamoco;Caja Real;Subalterna;3;Guamoco;1111;;9999;;Existió en 1793 (Fuente:Estado_1794).;Durán y Díaz, Joaquín: Estado General de todo el Virreinato de Santafe de Bogotá en el presente año de 1794 (Bogotá 2012);;;;Cajas;199
NGR;Caja_La_Palma_NGR;Caja Real de La Palma;Caja Real;Subalterna;3;La Palma;1111;;9999;;;Durán y Díaz, Joaquín: Estado General de todo el Virreinato de Santafe de Bogotá en el presente año de 1794 (Bogotá 2012);;;;Cajas;200
NGR;Caja_Loba_NGR;Caja Real de Loba;Caja Real;Subalterna;3;Loba;1111;;9999;;;Durán y Díaz, Joaquín: Estado General de todo el Virreinato de Santafe de Bogotá en el presente año de 1794 (Bogotá 2012);;;;Cajas;201
NGR;Caja_Mariquita_NGR;Caja Real de Mariquita;Caja Real;Subalterna;3;Mariquita;1111;;9999;;;Durán y Díaz, Joaquín: Estado General de todo el Virreinato de Santafe de Bogotá en el presente año de 1794 (Bogotá 2012);;;;Cajas;202
NGR;Caja_Medellín_NGR;Caja Real de Medellín;Caja Real;Subalterna;3;Medellín;1111;;9999;;;Durán y Díaz, Joaquín: Estado General de todo el Virreinato de Santafe de Bogotá en el presente año de 1794 (Bogotá 2012);;;;Cajas;203
NGR;Caja_Neiva_NGR;Caja Real de Neiva;Caja Real;Subalterna;3;Neiva;1111;;9999;;;Durán y Díaz, Joaquín: Estado General de todo el Virreinato de Santafe de Bogotá en el presente año de 1794 (Bogotá 2012);;;;Cajas;204
NGR;Caja_Pamplona_NGR;Caja Real de Pamplona;Caja Real;Subalterna;3;Pamplona;1111;;9999;;Existió en 1793 (Fuente:Estado_1794).;Durán y Díaz, Joaquín: Estado General de todo el Virreinato de Santafe de Bogotá en el presente año de 1794 (Bogotá 2012);;;;Cajas;205
NGR;Caja_Pántanos_NGR;Caja Real de Pántanos;Caja Real;Subalterna;3;Pántanos;1111;;9999;;;Durán y Díaz, Joaquín: Estado General de todo el Virreinato de Santafe de Bogotá en el presente año de 1794 (Bogotá 2012);;;;Cajas;206
NGR;Caja_Rionegro_NGR;Caja Real de Rionegro;Caja Real;Subalterna;3;Rionegro;1111;;9999;;;Durán y Díaz, Joaquín: Estado General de todo el Virreinato de Santafe de Bogotá en el presente año de 1794 (Bogotá 2012);;;;Cajas;207
NGR;Caja_Simití_NGR;Caja Real de Simití;Caja Real;Subalterna;3;Simití;1111;;9999;;;Durán y Díaz, Joaquín: Estado General de todo el Virreinato de Santafe de Bogotá en el presente año de 1794 (Bogotá 2012);;;;Cajas;208
NGR;Caja_Toro_NGR;Caja Real de Toro;Caja Real;Subalterna;3;Toro;1111;;9999;;;Durán y Díaz, Joaquín: Estado General de todo el Virreinato de Santafe de Bogotá en el presente año de 1794 (Bogotá 2012);;;;Cajas;209
NGR;Caja_Valledupar_NGR;Caja Real de Valledupar;Caja Real;Subalterna;3;Valledupar;1111;;9999;;;Durán y Díaz, Joaquín: Estado General de todo el Virreinato de Santafe de Bogotá en el presente año de 1794 (Bogotá 2012);;;;Cajas;210
NGR;Caja_Vega_de_Supía_NGR;Caja Real de Vega de Supía;Caja Real;Subalterna;3;Vega de Supía;1111;;9999;;;Durán y Díaz, Joaquín: Estado General de todo el Virreinato de Santafe de Bogotá en el presente año de 1794 (Bogotá 2012);;;;Cajas;211
NGR;Caja_Yolombo_NGR;Caja Real de Yolombo;Caja Real;Subalterna;3;Yolombo;1111;;9999;;;Durán y Díaz, Joaquín: Estado General de todo el Virreinato de Santafe de Bogotá en el presente año de 1794 (Bogotá 2012);;;;Cajas;212
NGR;Caja_Zaragoza_NGR;Caja Real de Zaragoza;Caja Real;Subalterna;3;Zaragoza;1111;;9999;;Existió en 1793 (Fuente:Estado_1794).;Durán y Díaz, Joaquín: Estado General de todo el Virreinato de Santafe de Bogotá en el presente año de 1794 (Bogotá 2012);;;;Cajas;213
QUI;Caja_Barbacoas_QUI;Caja Real de Barbacoas;Caja Real;Subalterna;3;Barbacoas;1111;;9999;;;Durán y Díaz, Joaquín: Estado General de todo el Virreinato de Santafe de Bogotá en el presente año de 1794 (Bogotá 2012);;;;Cajas;214
QUI;Caja_Iscuandé_QUI;Caja Real de Iscuandé;Caja Real;Subalterna;3;Iscuandé;1111;;9999;;;Durán y Díaz, Joaquín: Estado General de todo el Virreinato de Santafe de Bogotá en el presente año de 1794 (Bogotá 2012);;;;Cajas;215
QUI;Caja_Micay_QUI;Caja Real de Micay;Caja Real;Subalterna;3;Micay;1111;;9999;;Existió en 1793 (Fuente:Estado_1794).;Durán y Díaz, Joaquín: Estado General de todo el Virreinato de Santafe de Bogotá en el presente año de 1794 (Bogotá 2012);;;;Cajas;216
QUI;Caja_Raposo_QUI;Caja Real de Raposo;Caja Real;Subalterna;3;Raposo;1111;;9999;;Existió en 1793 (Fuente:Estado_1794).;Durán y Díaz, Joaquín: Estado General de todo el Virreinato de Santafe de Bogotá en el presente año de 1794 (Bogotá 2012);;;;Cajas;217
QUI;Caja_Tumaco_QUI;Caja Real de Tumaco;Caja Real;Subalterna;3;Tumaco;1111;;9999;;Existió en 1793 (Fuente:Estado_1794).;Durán y Díaz, Joaquín: Estado General de todo el Virreinato de Santafe de Bogotá en el presente año de 1794 (Bogotá 2012);;;;Cajas;218
RPL;Caja_Córdoba_RPL;Caja Real de Córdoba;Caja Real;Subalterna;3;Córdoba;1111;;9999;;;MORALES PADRON, Francisco: Atlas histórico-cultural de América, 2 vols. (Las Palmas de Gran Canaria 1988).;;;;Cajas;219
RPL;Caja_Salta_RPL;Caja Real de Salta;Caja Real;Subalterna;3;Salta;1111;;9999;;;MORALES PADRON, Francisco: Atlas histórico-cultural de América, 2 vols. (Las Palmas de Gran Canaria 1988).;;;;Cajas;220
NES;Tribunal_Cuentas_Mexico;Tribunal de cuentas de Mexico;Tribunal de cuentas;Tribunal;1;Mexico;1111;;9999;;;MORALES PADRON, Francisco: Atlas histórico-cultural de América, 2 vols. (Las Palmas de Gran Canaria 1988).;;;;Tribunales;221
NGR;Tribunal_Cuentas_Santa_Fe;Tribunal de cuentas de Santa Fe;Tribunal de cuentas;Tribunal;1;Santa Fe;1111;;9999;;;MORALES PADRON, Francisco: Atlas histórico-cultural de América, 2 vols. (Las Palmas de Gran Canaria 1988).;;;;Tribunales;222
PER;Tribunal_Cuentas_Lima;Tribunal de cuentas de Lima;Tribunal de cuentas;Tribunal;1;Lima;1111;;9999;;;MORALES PADRON, Francisco: Atlas histórico-cultural de América, 2 vols. (Las Palmas de Gran Canaria 1988).;;;;Tribunales;223
QUI;Tribunal_Cuentas_Quito;Tribunal de cuentas de Quito;Tribunal de cuentas;Tribunal;1;Quito;1111;;9999;;;MORALES PADRON, Francisco: Atlas histórico-cultural de América, 2 vols. (Las Palmas de Gran Canaria 1988).;;;;Tribunales;224
RPL;Tribunal_Cuentas_Buenos_Aires;Tribunal de cuentas de Buenos Aires;Tribunal de cuentas;Tribunal;1;Buenos Aires;1111;;9999;;;MORALES PADRON, Francisco: Atlas histórico-cultural de América, 2 vols. (Las Palmas de Gran Canaria 1988).;;;;Tribunales;225
SDO;Tribunal_Cuentas_La_Habana;Tribunal de cuentas de La Habana;Tribunal de cuentas;Tribunal;1;La Habana;1111;;9999;;;MORALES PADRON, Francisco: Atlas histórico-cultural de América, 2 vols. (Las Palmas de Gran Canaria 1988).;;;;Tribunales;226
VEN;Tribunal_Cuentas_Caracas;Tribunal de cuentas de Caracas;Tribunal de cuentas;Tribunal;1;Caracas;1111;;9999;;La fecha inicial no se ha confirmado.;MORALES PADRON, Francisco: Atlas histórico-cultural de América, 2 vols. (Las Palmas de Gran Canaria 1988).;;;;Tribunales;227
VEN;Caja_Barinas_VEN;Caja Real de Barinas;Caja Real;Principal;2;Barinas;1111;;9999;;;MORALES PADRON, Francisco: Atlas histórico-cultural de América, 2 vols. (Las Palmas de Gran Canaria 1988).;;;;Cajas;228
GDJ;Correo_1005120;Estafeta de correo de Real de Tayoltita;Estafeta de correo;Estafeta;4;Real de Tayoltita;1111;;9999;;;AGI_Correos;;Mexico;Mexico;Correo;229
NES;Correo_1000001;Administración principal de correo de México;Administración principal de correo;Principal;1;México;1111;;9999;;;AGI_Correos;;;;Correo;230
GDJ;Correo_1000002;Estafeta de correo de Guadalajara;Estafeta de correo;Estafeta;4;Guadalajara;1111;;9999;;;AGI_Correos;;Mexico;Mexico;Correo;231
GDJ;Correo_1000003;Estafeta de correo de Chihuahua;Estafeta de correo;Estafeta;4;Chihuahua;1111;;9999;;;AGI_Correos;;Mexico;Mexico;Correo;232
GDJ;Correo_1000004;Estafeta de correo de Durango;Estafeta de correo;Estafeta;4;Durango;1111;;9999;;;AGI_Correos;;Mexico;Mexico;Correo;233
NES;Correo_1000005;Estafeta de correo de Guanajuato;Estafeta de correo;Estafeta;4;Guanajuato;1111;;9999;;;AGI_Correos;;Mexico;Mexico;Correo;234
NES;Correo_1000006;Estafeta de correo de Acapulco;Estafeta de correo;Estafeta;4;Acapulco;1111;;9999;;;AGI_Correos;;Mexico;Mexico;Correo;235
NES;Correo_1000007;Estafeta de correo de Pachuca;Estafeta de correo;Estafeta;4;Pachuca;1111;;9999;;;AGI_Correos;;Mexico;Mexico;Correo;236
NES;Correo_1000008;Estafeta de correo de Valladolid de Michoacán;Estafeta de correo;Estafeta;4;Valladolid de Michoacán;1111;;9999;;;AGI_Correos;;Mexico;Mexico;Correo;237
GDJ;Correo_1000009;Estafeta de correo de Compostela;Estafeta de correo;Estafeta;4;Compostela;1111;;9999;;;AGI_Correos;;Mexico;Mexico;Correo;238
GDJ;Correo_1000010;Estafeta de correo de Monterrey;Estafeta de correo;Estafeta;4;Monterrey;1111;;9999;;;AGI_Correos;;San Luis Potosi;Mexico;Correo;239
GDJ;Correo_1000011;Estafeta de correo de Linares;Estafeta de correo;Estafeta;4;Linares;1111;;9999;;;AGI_Correos;;San Luis Potosi;Mexico;Correo;240
GDJ;Correo_1000012;Estafeta de correo de Presidio de Nuevo México;Estafeta de correo;Estafeta;4;Presidio de Nuevo México;1111;;9999;;;AGI_Correos;;Mexico;Mexico;Correo;241
NES;Correo_1000014;Estafeta de correo de Oaxaca;Estafeta de correo;Estafeta;4;Oaxaca;1111;;9999;;;AGI_Correos;;Veracruz;Veracruz;Correo;242
NES;Correo_1000015;Estafeta de correo de Puebla;Estafeta de correo;Estafeta;4;Puebla;1111;;9999;;;AGI_Correos;;Mexico;Mexico;Correo;243
NES;Correo_1000015;Estafeta de correo de Puebla;Estafeta de correo;Estafeta;4;Puebla;1111;;9999;;;AGI_Correos;;Veracruz;Veracruz;Correo;244
NES;Correo_1000016;Estafeta de correo de San Luís Potosí;Estafeta de correo;Estafeta;4;San Luís Potosí;1111;;9999;;;AGI_Correos;;Mexico;Mexico;Correo;245
GDJ;Correo_1000017;Estafeta de correo de Arizpe;Estafeta de correo;Estafeta;4;Arizpe;1111;;9999;;;AGI_Correos;;Mexico;Mexico;Correo;246
NES;Correo_1000018;Estafeta de correo de Tabasco;Estafeta de correo;Estafeta;4;Tabasco;1111;;9999;;;AGI_Correos;;Veracruz;Veracruz;Correo;247
NES;Correo_1000018;Estafeta de correo de Villahermosa;Estafeta de correo;Estafeta;4;Villahermosa;1111;;9999;;;AGI_Correos;;Veracruz;Veracruz;Correo;248
GDJ;Correo_1000019;Estafeta de correo de San Antonio de Béjar;Estafeta de correo;Estafeta;4;San Antonio de Béjar;1111;;9999;;;AGI_Correos;;San Luis Potosi;Mexico;Correo;249
NES;Correo_1000020;Estafeta de correo de Tlaxcala;Estafeta de correo;Estafeta;4;Tlaxcala;1111;;9999;;;AGI_Correos;;Mexico;Mexico;Correo;250
NES;Correo_1000020;Estafeta de correo de Tlaxcala;Estafeta de correo;Estafeta;4;Tlaxcala;1111;;9999;;;AGI_Correos;;Veracruz;Veracruz;Correo;251
NES;Correo_1000021;Administración principal de correo de Veracruz;Administración principal de correo;Principal;1;Veracruz;1111;;9999;;;AGI_Correos;;;;Correo;252
NES;Correo_1000022;Estafeta de correo de Merida de Yucatan;Estafeta de correo;Estafeta;4;Merida de Yucatan;1111;;9999;;;AGI_Correos;;Veracruz;Veracruz;Correo;253
NES;Correo_1000023;Estafeta de correo de Valladolid de Yucatan;Estafeta de correo;Estafeta;4;Valladolid de Yucatan;1111;;9999;;;AGI_Correos;;Veracruz;Veracruz;Correo;254
GDJ;Correo_1000024;Estafeta de correo de Zacatecas;Estafeta de correo;Estafeta;4;Zacatecas;1111;;9999;;;AGI_Correos;;Mexico;Mexico;Correo;255
GDJ;Correo_1000027;Estafeta de correo de Presidio Cerrogordo;Estafeta de correo;Estafeta;4;Presidio Cerrogordo;1111;;9999;;;AGI_Correos;;Mexico;Mexico;Correo;256
GDJ;Correo_1000030;Estafeta de correo de Presidio de Conchos;Estafeta de correo;Estafeta;4;Presidio de Conchos;1111;;9999;;;AGI_Correos;;Mexico;Mexico;Correo;257
GDJ;Correo_1000031;Estafeta de correo de Cuencame;Estafeta de correo;Estafeta;4;Cuencame;1111;;9999;;;AGI_Correos;;Mexico;Mexico;Correo;258
GDJ;Correo_1000034;Estafeta de correo de Guarisamey;Estafeta de correo;Estafeta;4;Guarisamey;1111;;9999;;;AGI_Correos;;Mexico;Mexico;Correo;259
GDJ;Correo_1000035;Estafeta de correo de Mapimi;Estafeta de correo;Estafeta;4;Mapimi;1111;;9999;;;AGI_Correos;;Mexico;Mexico;Correo;260
GDJ;Correo_1000038;Estafeta de correo de Santiago Papasquiaro;Estafeta de correo;Estafeta;4;Santiago Papasquiaro;1111;;9999;;;AGI_Correos;;Mexico;Mexico;Correo;261
GDJ;Correo_1000039;Estafeta de correo de Real  del Parral;Estafeta de correo;Estafeta;4;Real  del Parral;1111;;9999;;;AGI_Correos;;Mexico;Mexico;Correo;262
GDJ;Correo_1000040;Estafeta de correo de Santa María de las Parras;Estafeta de correo;Estafeta;4;Santa María de las Parras;1111;;9999;;;AGI_Correos;;San Luis Potosi;Mexico;Correo;263
GDJ;Correo_1000041;Estafeta de correo de Real  del Oro;Estafeta de correo;Estafeta;4;Real  del Oro;1111;;9999;;;AGI_Correos;;Mexico;Mexico;Correo;264
GDJ;Correo_1000042;Estafeta de correo de Saltillo;Estafeta de correo;Estafeta;4;Saltillo;1111;;9999;;;AGI_Correos;;San Luis Potosi;Mexico;Correo;265
GDJ;Correo_1000045;Estafeta de correo de San Juan del Río;Estafeta de correo;Estafeta;4;San Juan del Río;1111;;9999;;;AGI_Correos;;Mexico;Mexico;Correo;266
GDJ;Correo_1000047;Estafeta de correo de Valle de San Bartolomé;Estafeta de correo;Estafeta;4;Valle de San Bartolomé;1111;;9999;;;AGI_Correos;;Mexico;Mexico;Correo;267
GDJ;Correo_1000048;Estafeta de correo de Acaponeta;Estafeta de correo;Estafeta;4;Acaponeta;1111;;9999;;;AGI_Correos;;Mexico;Mexico;Correo;268
GDJ;Correo_1000050;Estafeta de correo de Autlan;Estafeta de correo;Estafeta;4;Autlan;1111;;9999;;;AGI_Correos;;Mexico;Mexico;Correo;269
GDJ;Correo_1000051;Estafeta de correo de Bolaños;Estafeta de correo;Estafeta;4;Bolaños;1111;;9999;;;AGI_Correos;;Mexico;Mexico;Correo;270
GDJ;Correo_1000052;Estafeta de correo de Cuquio;Estafeta de correo;Estafeta;4;Cuquio;1111;;9999;;;AGI_Correos;;Mexico;Mexico;Correo;271
GDJ;Correo_1000053;Estafeta de correo de Ahualulco;Estafeta de correo;Estafeta;4;Ahualulco;1111;;9999;;;AGI_Correos;;Mexico;Mexico;Correo;272
GDJ;Correo_1000054;Estafeta de correo de Guachinango;Estafeta de correo;Estafeta;4;Guachinango;1111;;9999;;;AGI_Correos;;Mexico;Mexico;Correo;273
GDJ;Correo_1000055;Estafeta de correo de Real de San Sebastián;Estafeta de correo;Estafeta;4;Real de San Sebastián;1111;;9999;;;AGI_Correos;;Mexico;Mexico;Correo;274
GDJ;Correo_1000056;Estafeta de correo de Hostotipaquillo;Estafeta de correo;Estafeta;4;Hostotipaquillo;1111;;9999;;;AGI_Correos;;Mexico;Mexico;Correo;275
GDJ;Correo_1000057;Estafeta de correo de La Barca;Estafeta de correo;Estafeta;4;La Barca;1111;;9999;;;AGI_Correos;;Mexico;Mexico;Correo;276
GDJ;Correo_1000058;Estafeta de correo de Lagos;Estafeta de correo;Estafeta;4;Lagos;1111;;9999;;;AGI_Correos;;Guanajuato;Mexico;Correo;277
GDJ;Correo_1000059;Estafeta de correo de San Blas;Estafeta de correo;Estafeta;4;San Blas;1111;;9999;;;AGI_Correos;;Mexico;Mexico;Correo;278
GDJ;Correo_1000062;Estafeta de correo de Sayula;Estafeta de correo;Estafeta;4;Sayula;1111;;9999;;;AGI_Correos;;Mexico;Mexico;Correo;279
GDJ;Correo_1000064;Estafeta de correo de Tala;Estafeta de correo;Estafeta;4;Tala;1111;;9999;;;AGI_Correos;;Mexico;Mexico;Correo;280
GDJ;Correo_1000065;Estafeta de correo de Tepatitlan;Estafeta de correo;Estafeta;4;Tepatitlan;1111;;9999;;;AGI_Correos;;Mexico;Mexico;Correo;281
GDJ;Correo_1000066;Estafeta de correo de Tepic;Estafeta de correo;Estafeta;4;Tepic;1111;;9999;;;AGI_Correos;;Mexico;Mexico;Correo;282
GDJ;Correo_1000067;Estafeta de correo de Tequila;Estafeta de correo;Estafeta;4;Tequila;1111;;9999;;;AGI_Correos;;Mexico;Mexico;Correo;283
GDJ;Correo_1000068;Estafeta de correo de Tlajomulco;Estafeta de correo;Estafeta;4;Tlajomulco;1111;;9999;;;AGI_Correos;;Mexico;Mexico;Correo;284
GDJ;Correo_1000069;Estafeta de correo de Tomatlan;Estafeta de correo;Estafeta;4;Tomatlan;1111;;9999;;;AGI_Correos;;Mexico;Mexico;Correo;285
GDJ;Correo_1000071;Estafeta de correo de Tuxcacuesco;Estafeta de correo;Estafeta;4;Tuxcacuesco;1111;;9999;;;AGI_Correos;;Mexico;Mexico;Correo;286
GDJ;Correo_1000072;Estafeta de correo de Zapotlán el Grande;Estafeta de correo;Estafeta;4;Zapotlán el Grande;1111;;9999;;;AGI_Correos;;Mexico;Mexico;Correo;287
NES;Correo_1000073;Estafeta de correo de Celaya;Estafeta de correo;Estafeta;4;Celaya;1111;;9999;;;AGI_Correos;;Queretaro;Mexico;Correo;288
NES;Correo_1000074;Estafeta de correo de San Sebastián de León;Estafeta de correo;Estafeta;4;San Sebastián de León;1111;;9999;;;AGI_Correos;;Guanajuato;Mexico;Correo;289
NES;Correo_1000075;Estafeta de correo de San Luis de la Paz;Estafeta de correo;Estafeta;4;San Luis de la Paz;1111;;9999;;;AGI_Correos;;Queretaro;Mexico;Correo;290
NES;Correo_1000076;Estafeta de correo de San Miguel el Grande;Estafeta de correo;Estafeta;4;San Miguel el Grande;1111;;9999;;;AGI_Correos;;Queretaro;Mexico;Correo;291
NES;Correo_1000077;Estafeta de correo de San Nicolás de Actopan;Estafeta de correo;Estafeta;4;San Nicolás de Actopan;1111;;9999;;;AGI_Correos;;Mexico;Mexico;Correo;292
NES;Correo_1000078;Estafeta de correo de Apan;Estafeta de correo;Estafeta;4;Apan;1111;;9999;;;AGI_Correos;;Mexico;Mexico;Correo;293
NES;Correo_1000079;Estafeta de correo de Cadereyta;Estafeta de correo;Estafeta;4;Cadereyta;1111;;9999;;;AGI_Correos;;Queretaro;Mexico;Correo;294
NES;Correo_1000080;Estafeta de correo de Chalco;Estafeta de correo;Estafeta;4;Chalco;1111;;9999;;;AGI_Correos;;Mexico;Mexico;Correo;295
NES;Correo_1000081;Estafeta de correo de Chilapa;Estafeta de correo;Estafeta;4;Chilapa;1111;;9999;;;AGI_Correos;;Mexico;Mexico;Correo;296
NES;Correo_1000084;Estafeta de correo de Cuautitlan;Estafeta de correo;Estafeta;4;Cuautitlan;1111;;9999;;;AGI_Correos;;Mexico;Mexico;Correo;297
NES;Correo_1000085;Estafeta de correo de Cuautla de Amilpas;Estafeta de correo;Estafeta;4;Cuautla de Amilpas;1111;;9999;;;AGI_Correos;;Mexico;Mexico;Correo;298
NES;Correo_1000086;Estafeta de correo de Cuernavaca;Estafeta de correo;Estafeta;4;Cuernavaca;1111;;9999;;;AGI_Correos;;Mexico;Mexico;Correo;299
NES;Correo_1000087;Estafeta de correo de San Cristóbal Ecatepec;Estafeta de correo;Estafeta;4;San Cristóbal Ecatepec;1111;;9999;;;AGI_Correos;;Mexico;Mexico;Correo;300
NES;Correo_1000088;Estafeta de correo de Huejutla;Estafeta de correo;Estafeta;4;Huejutla;1111;;9999;;;AGI_Correos;;Mexico;Mexico;Correo;301
NES;Correo_1000089;Estafeta de correo de Huichapan;Estafeta de correo;Estafeta;4;Huichapan;1111;;9999;;;AGI_Correos;;Mexico;Mexico;Correo;302
NES;Correo_1000090;Estafeta de correo de Ixmiquilpan;Estafeta de correo;Estafeta;4;Ixmiquilpan;1111;;9999;;;AGI_Correos;;Mexico;Mexico;Correo;303
NES;Correo_1000091;Estafeta de correo de Ixtlahuaca;Estafeta de correo;Estafeta;4;Ixtlahuaca;1111;;9999;;;AGI_Correos;;Mexico;Mexico;Correo;304
NES;Correo_1000092;Estafeta de correo de Lerma;Estafeta de correo;Estafeta;4;Lerma;1111;;9999;;;AGI_Correos;;Mexico;Mexico;Correo;305
NES;Correo_1000093;Estafeta de correo de Tenancingo;Estafeta de correo;Estafeta;4;Tenancingo;1111;;9999;;;AGI_Correos;;Mexico;Mexico;Correo;306
NES;Correo_1000095;Estafeta de correo de Meztitlan de la Sierra;Estafeta de correo;Estafeta;4;Meztitlan de la Sierra;1111;;9999;;;AGI_Correos;;Mexico;Mexico;Correo;307
NES;Correo_1000097;Estafeta de correo de Otumba;Estafeta de correo;Estafeta;4;Otumba;1111;;9999;;;AGI_Correos;;Mexico;Mexico;Correo;308
NES;Correo_1000098;Estafeta de correo de Querétaro;Estafeta de correo;Estafeta;4;Querétaro;1111;;9999;;;AGI_Correos;;Mexico;Mexico;Correo;309
NES;Correo_1000100;Estafeta de correo de Taxco;Estafeta de correo;Estafeta;4;Taxco;1111;;9999;;;AGI_Correos;;Mexico;Mexico;Correo;310
NES;Correo_1000101;Estafeta de correo de Temascaltepec;Estafeta de correo;Estafeta;4;Temascaltepec;1111;;9999;;;AGI_Correos;;Mexico;Mexico;Correo;311
NES;Correo_1000103;Estafeta de correo de Teotihuacan;Estafeta de correo;Estafeta;4;Teotihuacan;1111;;9999;;;AGI_Correos;;Mexico;Mexico;Correo;312
NES;Correo_1000107;Estafeta de correo de Texcoco;Estafeta de correo;Estafeta;4;Texcoco;1111;;9999;;;AGI_Correos;;Mexico;Mexico;Correo;313
NES;Correo_1000108;Estafeta de correo de Tixtla;Estafeta de correo;Estafeta;4;Tixtla;1111;;9999;;;AGI_Correos;;Mexico;Mexico;Correo;314
NES;Correo_1000109;Estafeta de correo de San José de Toluca;Estafeta de correo;Estafeta;4;San José de Toluca;1111;;9999;;;AGI_Correos;;Mexico;Mexico;Correo;315
NES;Correo_1000111;Estafeta de correo de Tulancingo;Estafeta de correo;Estafeta;4;Tulancingo;1111;;9999;;;AGI_Correos;;Mexico;Mexico;Correo;316
NES;Correo_1000113;Estafeta de correo de Yahualica;Estafeta de correo;Estafeta;4;Yahualica;1111;;9999;;;AGI_Correos;;Mexico;Mexico;Correo;317
NES;Correo_1000114;Estafeta de correo de Tecpan;Estafeta de correo;Estafeta;4;Tecpan;1111;;9999;;;AGI_Correos;;Mexico;Mexico;Correo;318
NES;Correo_1000117;Estafeta de correo de Zimapan;Estafeta de correo;Estafeta;4;Zimapan;1111;;9999;;;AGI_Correos;;Mexico;Mexico;Correo;319
NES;Correo_1000119;Estafeta de correo de Angamacutiro;Estafeta de correo;Estafeta;4;Angamacutiro;1111;;9999;;;AGI_Correos;;Mexico;Mexico;Correo;320
NES;Correo_1000120;Estafeta de correo de Apatzingan;Estafeta de correo;Estafeta;4;Apatzingan;1111;;9999;;;AGI_Correos;;Mexico;Mexico;Correo;321
NES;Correo_1000121;Estafeta de correo de Ario;Estafeta de correo;Estafeta;4;Ario;1111;;9999;;;AGI_Correos;;Mexico;Mexico;Correo;322
NES;Correo_1000125;Estafeta de correo de San Diego de Cocupao;Estafeta de correo;Estafeta;4;San Diego de Cocupao;1111;;9999;;;AGI_Correos;;Mexico;Mexico;Correo;323
NES;Correo_1000126;Estafeta de correo de Cuitzeo de La Laguna;Estafeta de correo;Estafeta;4;Cuitzeo de La Laguna;1111;;9999;;;AGI_Correos;;Mexico;Mexico;Correo;324
NES;Correo_1000127;Estafeta de correo de Erongaricuaro;Estafeta de correo;Estafeta;4;Erongaricuaro;1111;;9999;;;AGI_Correos;;Mexico;Mexico;Correo;325
NES;Correo_1000131;Estafeta de correo de Indaparapeo;Estafeta de correo;Estafeta;4;Indaparapeo;1111;;9999;;;AGI_Correos;;Mexico;Mexico;Correo;326
NES;Correo_1000132;Estafeta de correo de Jiquilpan;Estafeta de correo;Estafeta;4;Jiquilpan;1111;;9999;;;AGI_Correos;;Mexico;Mexico;Correo;327
NES;Correo_1000135;Estafeta de correo de Pátzcuaro;Estafeta de correo;Estafeta;4;Pátzcuaro;1111;;9999;;;AGI_Correos;;Mexico;Mexico;Correo;328
NES;Correo_1000136;Estafeta de correo de Puruandiro;Estafeta de correo;Estafeta;4;Puruandiro;1111;;9999;;;AGI_Correos;;Mexico;Mexico;Correo;329
NES;Correo_1000137;Estafeta de correo de Santa Clara de los Cobres;Estafeta de correo;Estafeta;4;Santa Clara de los Cobres;1111;;9999;;;AGI_Correos;;Mexico;Mexico;Correo;330
NES;Correo_1000139;Estafeta de correo de San Jerónimo de Tacambaro;Estafeta de correo;Estafeta;4;San Jerónimo de Tacambaro;1111;;9999;;;AGI_Correos;;Mexico;Mexico;Correo;331
NES;Correo_1000140;Estafeta de correo de Taretan;Estafeta de correo;Estafeta;4;Taretan;1111;;9999;;;AGI_Correos;;Mexico;Mexico;Correo;332
NES;Correo_1000142;Estafeta de correo de Tlalpujahua;Estafeta de correo;Estafeta;4;Tlalpujahua;1111;;9999;;;AGI_Correos;;Mexico;Mexico;Correo;333
NES;Correo_1000143;Estafeta de correo de Tlazazalca;Estafeta de correo;Estafeta;4;Tlazazalca;1111;;9999;;;AGI_Correos;;Mexico;Mexico;Correo;334
NES;Correo_1000144;Estafeta de correo de Uruapan;Estafeta de correo;Estafeta;4;Uruapan;1111;;9999;;;AGI_Correos;;Mexico;Mexico;Correo;335
NES;Correo_1000145;Estafeta de correo de San Martín de Zamora;Estafeta de correo;Estafeta;4;San Martín de Zamora;1111;;9999;;;AGI_Correos;;Mexico;Mexico;Correo;336
NES;Correo_1000146;Estafeta de correo de Zinapecuaro;Estafeta de correo;Estafeta;4;Zinapecuaro;1111;;9999;;;AGI_Correos;;Mexico;Mexico;Correo;337
NES;Correo_1000147;Estafeta de correo de San Juan Zitácuaro;Estafeta de correo;Estafeta;4;San Juan Zitácuaro;1111;;9999;;;AGI_Correos;;Mexico;Mexico;Correo;338
PER;Puerto_6000021;Puerto de Arica;Armada del Mar del Sur;Consular;3;Arica;1111;;9999;;Sólo se incorporó mandando plata a El Callao, no era destino de comercio de Europa.;Joseph de Veitia Linage, Norte de la Contratación de las Indias occidentales (Sevilla 1672);;;;Puerto;339
PER;Puerto_6000008;Puerto de El Callao;Armada del Mar del Sur;Consular;1;El Callao;1111;;9999;;;Joseph de Veitia Linage, Norte de la Contratación de las Indias occidentales (Sevilla 1672);;;;Puerto;340
QUI;Puerto_5600003;Puerto de Guayaquil;Armada del Mar del Sur;Consular;3;Guayaquil;1111;;9999;;Sólo se tocó a la vuelta, no era destino de comercio de Europa.;Interpolación;;;;Puerto;341
PER;Puerto_6000003;Puerto de Trujillo;Armada del Mar del Sur;Consular;3;Trujillo;1111;;9999;;Sólo se tocó a la vuelta, no era destino de comercio de Europa.;Joseph de Veitia Linage, Norte de la Contratación de las Indias occidentales (Sevilla 1672);;;;Puerto;342
PER;Puerto_6001392;Puerto de Paita;Armada del Mar del Sur;Consular;3;Paita;1111;;9999;;Sólo se tocó a la vuelta, no era destino de comercio de Europa, aunque en la ida a Callao era puerto de desembarque de pasajeros antes de continuar a El Callao, y en la vuelta se recogió plata.;Interpolación;;;;Puerto;343
NGR;Puerto_5000002;Puerto de Panamá;Armada del Mar del Sur;Consular;1;Panamá;1111;;9999;;;Joseph de Veitia Linage, Norte de la Contratación de las Indias occidentales (Sevilla 1672);;;;Puerto;344
CHL;Puerto_7000003;Puerto de Valparaíso;Armada del Mar del Sur;Consular;3;Valparaíso;1111;;9999;;Sólo se incorporó mandando mercancía a El Callao, no era destino de comercio de Europa.;Interpolación;;;;Puerto;345
SDO;Puerto_3000001;Puerto de Santo Domingo;Flota de Barlovento;Consular;2;Santo Domingo;1111;;9999;;;Joseph de Veitia Linage, Norte de la Contratación de las Indias occidentales (Sevilla 1672);;;;Puerto;346
NES;Puerto_1000226;Puerto de Campeche;Flota de Barlovento;Consular;2;Campeche;1111;;9999;;;Joseph de Veitia Linage, Norte de la Contratación de las Indias occidentales (Sevilla 1672);;;;Puerto;347
SDO;Puerto_3000003;Puerto de San Juan de Puerto Rico;Flota de Barlovento;Consular;2;San Juan de Puerto Rico;1111;;9999;;;Joseph de Veitia Linage, Norte de la Contratación de las Indias occidentales (Sevilla 1672);;;;Puerto;348
SDO;Puerto_3000005;Puerto de Santiago de Cuba;Flota de Barlovento;Consular;2;Santiago de Cuba;1111;;9999;;;Joseph de Veitia Linage, Norte de la Contratación de las Indias occidentales (Sevilla 1672);;;;Puerto;349
GUA;Puerto_2000732;Puerto de Santo Tomás de Castilla;Flota de Barlovento;Consular;2;Santo Tomás de Castilla;1111;;9999;;;Joseph de Veitia Linage, Norte de la Contratación de las Indias occidentales (Sevilla 1672);;;;Puerto;350
GUA;Puerto_2000009;Puerto de Trujillo;Flota de Barlovento;Consular;2;Trujillo;1111;;9999;;;Joseph de Veitia Linage, Norte de la Contratación de las Indias occidentales (Sevilla 1672);;;;Puerto;351
NES;Puerto_1000021;Puerto de Veracruz;Flota de Barlovento;Consular;1;Veracruz;1111;;9999;;;Joseph de Veitia Linage, Norte de la Contratación de las Indias occidentales (Sevilla 1672);;;;Puerto;352
NES;Puerto_1000021;Puerto de Veracruz;Flota de Barlovento;Consular;1;Veracruz;1111;;9999;;;Interpolación;;;;Puerto;353
SDO;Puerto_3000004;Puerto de La Habana;Flota de Barlovento y Tornaviaje;Consular;1;La Habana;1111;;9999;;;Joseph de Veitia Linage, Norte de la Contratación de las Indias occidentales (Sevilla 1672);;;;Puerto;354
NGR;Puerto_5000004;Puerto de Cartagena de Indias;Galeones de Tierrafirme;Consular;1;Cartagena de Indias;1111;;9999;;;Joseph de Veitia Linage, Norte de la Contratación de las Indias occidentales (Sevilla 1672);;;;Puerto;355
VEN;Puerto_4000005;Puerto de Cumaná;Galeones de Tierrafirme;Consular;2;Cumaná;1111;;9999;;;Joseph de Veitia Linage, Norte de la Contratación de las Indias occidentales (Sevilla 1672);;;;Puerto;356
VEN;Puerto_4000004;Puerto de isla de Trinidad;Galeones de Tierrafirme;Consular;2;isla de Trinidad;1111;;9999;;;Joseph de Veitia Linage, Norte de la Contratación de las Indias occidentales (Sevilla 1672);;;;Puerto;357
VEN;Puerto_4000393;Puerto de isla Margarita;Galeones de Tierrafirme;Consular;2;isla Margarita;1111;;9999;;;Joseph de Veitia Linage, Norte de la Contratación de las Indias occidentales (Sevilla 1672);;;;Puerto;358
VEN;Puerto_4000010;Puerto de La Guaira;Galeones de Tierrafirme;Consular;2;La Guaira;1111;;9999;;;Joseph de Veitia Linage, Norte de la Contratación de las Indias occidentales (Sevilla 1672);;;;Puerto;359
VEN;Puerto_4000007;Puerto de Maracaibo;Galeones de Tierrafirme;Consular;2;Maracaibo;1111;;9999;;;Joseph de Veitia Linage, Norte de la Contratación de las Indias occidentales (Sevilla 1672);;;;Puerto;360
NGR;Puerto_5000005;Puerto de Portobelo;Galeones de Tierrafirme;Consular;1;Portobelo;1111;;9999;;;Joseph de Veitia Linage, Norte de la Contratación de las Indias occidentales (Sevilla 1672);;;;Puerto;361
NGR;Puerto_5000012;Puerto de Riohacha;Galeones de Tierrafirme;Consular;2;Riohacha;1111;;9999;;;Joseph de Veitia Linage, Norte de la Contratación de las Indias occidentales (Sevilla 1672);;;;Puerto;362
NGR;Puerto_5000011;Puerto de Santa Marta;Galeones de Tierrafirme;Consular;2;Santa Marta;1111;;9999;;;Joseph de Veitia Linage, Norte de la Contratación de las Indias occidentales (Sevilla 1672);;;;Puerto;363
NES;Puerto_1000006;Puerto de Acapulco;Nao de china;Consular;1;Acapulco;1111;;9999;;;Interpolación;;;;Puerto;364
FIL;Puerto_1600001;Puerto de Manila;Nao de china;Consular;1;Manila;1111;;9999;;;Interpolación;;;;Puerto;365
SDO;Puerto_3000004;Puerto de La Habana;Puerto mayor;Comercio libre;1;La Habana;1111;;9999;;;Interpolación;;;;Puerto;366
PER;Puerto_6000021;Puerto de Arica;Puerto mayor;Comercio libre;1;Arica;1111;;9999;;;Reglamento y aranceles reales para el comercio libre de España a Indias (Madrid 1778), pp. 5-6.;;;;Puerto;367
RPL;Puerto_9000001;Puerto de Buenos Aires;Puerto mayor;Comercio libre;1;Buenos Aires;1111;;9999;;;Reglamento y aranceles reales para el comercio libre de España a Indias (Madrid 1778), pp. 5-6.;;;;Puerto;368
PER;Puerto_6000008;Puerto de El Callao;Puerto mayor;Comercio libre;1;El Callao;1111;;9999;;;Reglamento y aranceles reales para el comercio libre de España a Indias (Madrid 1778), pp. 5-6.;;;;Puerto;369
NGR;Puerto_5000004;Puerto de Cartagena de Indias;Puerto mayor;Comercio libre;1;Cartagena de Indias;1111;;9999;;;Reglamento y aranceles reales para el comercio libre de España a Indias (Madrid 1778), pp. 5-6.;;;;Puerto;370
NES;Correo_1000151;Estafeta de correo de Huajuapan;Estafeta de correo;Estafeta;4;Huajuapan;1111;;9999;;;AGI_Correos;;Veracruz;Veracruz;Correo;371
NES;Correo_1000156;Estafeta de correo de Jalapa;Estafeta de correo;Estafeta;4;Jalapa;1111;;9999;;;AGI_Correos;;Veracruz;Veracruz;Correo;372
NES;Correo_1000157;Estafeta de correo de Xamiltepeque;Estafeta de correo;Estafeta;4;Xamiltepeque;1111;;9999;;;AGI_Correos;;Veracruz;Veracruz;Correo;373
NES;Correo_1000160;Estafeta de correo de Quiechapan;Estafeta de correo;Estafeta;4;Quiechapan;1111;;9999;;;AGI_Correos;;Veracruz;Veracruz;Correo;374
NES;Correo_1000161;Estafeta de correo de Nochistlan;Estafeta de correo;Estafeta;4;Nochistlan;1111;;9999;;;AGI_Correos;;Mexico;Mexico;Correo;375
NES;Correo_1000162;Estafeta de correo de Tehuantepec;Estafeta de correo;Estafeta;4;Tehuantepec;1111;;9999;;;AGI_Correos;;Veracruz;Veracruz;Correo;376
NES;Correo_1000164;Estafeta de correo de Teutitlan;Estafeta de correo;Estafeta;4;Teutitlan;1111;;9999;;;AGI_Correos;;Veracruz;Veracruz;Correo;377
NES;Correo_1000167;Estafeta de correo de Teposcolula;Estafeta de correo;Estafeta;4;Teposcolula;1111;;9999;;;AGI_Correos;;Veracruz;Veracruz;Correo;378
NES;Correo_1000169;Estafeta de correo de Villa Alta;Estafeta de correo;Estafeta;4;Villa Alta;1111;;9999;;;AGI_Correos;;Veracruz;Veracruz;Correo;379
NES;Correo_1000171;Estafeta de correo de Acatlan;Estafeta de correo;Estafeta;4;Acatlan;1111;;9999;;Identidad incierta;AGI_Correos;;Puebla;Mexico;Correo;380
NES;Correo_1000172;Estafeta de correo de Amozoc;Estafeta de correo;Estafeta;4;Amozoc;1111;;9999;;;AGI_Correos;;Puebla;Mexico;Correo;381
NES;Correo_1000173;Estafeta de correo de Atlixco;Estafeta de correo;Estafeta;4;Atlixco;1111;;9999;;;AGI_Correos;;Puebla;Mexico;Correo;382
NES;Correo_1000174;Estafeta de correo de Chiautla;Estafeta de correo;Estafeta;4;Chiautla;1111;;9999;;;AGI_Correos;;Puebla;Mexico;Correo;383
NES;Correo_1000175;Estafeta de correo de Chietla;Estafeta de correo;Estafeta;4;Chietla;1111;;9999;;;AGI_Correos;;Puebla;Mexico;Correo;384
NES;Correo_1000176;Estafeta de correo de Cholula;Estafeta de correo;Estafeta;4;Cholula;1111;;9999;;;AGI_Correos;;Puebla;Mexico;Correo;385
NES;Correo_1000178;Estafeta de correo de Huayacocotla;Estafeta de correo;Estafeta;4;Huayacocotla;1111;;9999;;;AGI_Correos;;Mexico;Mexico;Correo;386
NES;Correo_1000179;Estafeta de correo de Huejotzingo;Estafeta de correo;Estafeta;4;Huejotzingo;1111;;9999;;;AGI_Correos;;Puebla;Mexico;Correo;387
NES;Correo_1000182;Estafeta de correo de Izúcar;Estafeta de correo;Estafeta;4;Izúcar;1111;;9999;;;AGI_Correos;;Puebla;Mexico;Correo;388
NES;Correo_1000183;Estafeta de correo de San Juan de los Llanos;Estafeta de correo;Estafeta;4;San Juan de los Llanos;1111;;9999;;;AGI_Correos;;Veracruz;Veracruz;Correo;389
NES;Correo_1000184;Estafeta de correo de Tecali;Estafeta de correo;Estafeta;4;Tecali;1111;;9999;;;AGI_Correos;;Puebla;Mexico;Correo;390
NES;Correo_1000185;Estafeta de correo de Tehuacan de las Granadas;Estafeta de correo;Estafeta;4;Tehuacan de las Granadas;1111;;9999;;;AGI_Correos;;Veracruz;Veracruz;Correo;391
NES;Correo_1000186;Estafeta de correo de Tepeaca;Estafeta de correo;Estafeta;4;Tepeaca;1111;;9999;;;AGI_Correos;;Puebla;Mexico;Correo;392
NES;Correo_1000187;Estafeta de correo de Tepexi de la Seda;Estafeta de correo;Estafeta;4;Tepexi de la Seda;1111;;9999;;;AGI_Correos;;Puebla;Mexico;Correo;393
NES;Correo_1000189;Estafeta de correo de Teziutlan;Estafeta de correo;Estafeta;4;Teziutlan;1111;;9999;;;AGI_Correos;;Veracruz;Veracruz;Correo;394
NES;Correo_1000192;Estafeta de correo de Totomehuacán;Estafeta de correo;Estafeta;4;Totomehuacán;1111;;9999;;;AGI_Correos;;Mexico;Mexico;Correo;395
NES;Correo_1000193;Estafeta de correo de Zacatlan de las Manzanas;Estafeta de correo;Estafeta;4;Zacatlan de las Manzanas;1111;;9999;;;AGI_Correos;;Mexico;Mexico;Correo;396
GDJ;Correo_1000194;Estafeta de correo de Real de la Purísima Concepción de los Catorce;Estafeta de correo;Estafeta;4;Real de la Purísima Concepción de los Catorce;1111;;9999;;;AGI_Correos;;San Luis Potosi;Mexico;Correo;397
GDJ;Correo_1000195;Estafeta de correo de Santa María de las Charcas;Estafeta de correo;Estafeta;4;Santa María de las Charcas;1111;;9999;;;AGI_Correos;;San Luis Potosi;Mexico;Correo;398
NES;Correo_1000196;Estafeta de correo de Guadalcázar;Estafeta de correo;Estafeta;4;Guadalcázar;1111;;9999;;;AGI_Correos;;San Luis Potosi;Mexico;Correo;399
NES;Correo_1000199;Estafeta de correo de Valle de San Francisco;Estafeta de correo;Estafeta;4;Valle de San Francisco;1111;;9999;;;AGI_Correos;;San Luis Potosi;Mexico;Correo;400
NES;Correo_1000200;Estafeta de correo de Aquismon;Estafeta de correo;Estafeta;4;Aquismon;1111;;9999;;;AGI_Correos;;Mexico;Mexico;Correo;401
GDJ;Correo_1000201;Estafeta de correo de San Sebastián del Venado;Estafeta de correo;Estafeta;4;San Sebastián del Venado;1111;;9999;;;AGI_Correos;;San Luis Potosi;Mexico;Correo;402
GDJ;Correo_1000202;Estafeta de correo de Alamos;Estafeta de correo;Estafeta;4;Alamos;1111;;9999;;;AGI_Correos;;Mexico;Mexico;Correo;403
GDJ;Correo_1000204;Estafeta de correo de Cosala;Estafeta de correo;Estafeta;4;Cosala;1111;;9999;;;AGI_Correos;;Mexico;Mexico;Correo;404
GDJ;Correo_1000205;Estafeta de correo de Culiacán;Estafeta de correo;Estafeta;4;Culiacán;1111;;9999;;;AGI_Correos;;Mexico;Mexico;Correo;405
GDJ;Correo_1000206;Estafeta de correo de Fuerte;Estafeta de correo;Estafeta;4;Fuerte;1111;;9999;;;AGI_Correos;;Mexico;Mexico;Correo;406
GDJ;Correo_1000210;Estafeta de correo de Real  del Rosario;Estafeta de correo;Estafeta;4;Real  del Rosario;1111;;9999;;;AGI_Correos;;Mexico;Mexico;Correo;407
GDJ;Correo_1000211;Estafeta de correo de Sinaloa;Estafeta de correo;Estafeta;4;Sinaloa;1111;;9999;;;AGI_Correos;;Mexico;Mexico;Correo;408
NES;Correo_1000212;Estafeta de correo de Acayucan;Estafeta de correo;Estafeta;4;Acayucan;1111;;9999;;;AGI_Correos;;Veracruz;Veracruz;Correo;409
NES;Correo_1000213;Estafeta de correo de Cordoba;Estafeta de correo;Estafeta;4;Cordoba;1111;;9999;;;AGI_Correos;;Veracruz;Veracruz;Correo;410
NES;Correo_1000215;Estafeta de correo de Perote;Estafeta de correo;Estafeta;4;Perote;1111;;9999;;;AGI_Correos;;Veracruz;Veracruz;Correo;411
NES;Correo_1000216;Estafeta de correo de Orizaba;Estafeta de correo;Estafeta;4;Orizaba;1111;;9999;;;AGI_Correos;;Veracruz;Veracruz;Correo;412
NES;Correo_1000217;Estafeta de correo de Panuco;Estafeta de correo;Estafeta;4;Panuco;1111;;9999;;;AGI_Correos;;Mexico;Mexico;Correo;413
NES;Correo_1000218;Estafeta de correo de Papantla;Estafeta de correo;Estafeta;4;Papantla;1111;;9999;;;AGI_Correos;;Veracruz;Veracruz;Correo;414
NES;Correo_1000219;Estafeta de correo de Tuxtla;Estafeta de correo;Estafeta;4;Tuxtla;1111;;9999;;;AGI_Correos;;Veracruz;Veracruz;Correo;415
NES;Correo_1000220;Estafeta de correo de La Antigua;Estafeta de correo;Estafeta;4;La Antigua;1111;;9999;;;AGI_Correos;;Veracruz;Veracruz;Correo;416
NES;Correo_1000221;Estafeta de correo de Xalapa;Estafeta de correo;Estafeta;4;Xalapa;1111;;9999;;;AGI_Correos;;Veracruz;Veracruz;Correo;417
NES;Correo_1000226;Estafeta de correo de Campeche;Estafeta de correo;Estafeta;4;Campeche;1111;;9999;;;AGI_Correos;;Veracruz;Veracruz;Correo;418
GDJ;Correo_1000233;Estafeta de correo de Aguascalientes;Estafeta de correo;Estafeta;4;Aguascalientes;1111;;9999;;;AGI_Correos;;Zacatecas;Mexico;Correo;419
GDJ;Correo_1000234;Estafeta de correo de Real del Fresnillo;Estafeta de correo;Estafeta;4;Real del Fresnillo;1111;;9999;;;AGI_Correos;;Zacatecas;Mexico;Correo;420
GDJ;Correo_1000235;Estafeta de correo de Jerez;Estafeta de correo;Estafeta;4;Jerez;1111;;9999;;;AGI_Correos;;Zacatecas;Mexico;Correo;421
GDJ;Correo_1000237;Estafeta de correo de Mazapil;Estafeta de correo;Estafeta;4;Mazapil;1111;;9999;;;AGI_Correos;;San Luis Potosi;Mexico;Correo;422
GDJ;Correo_1000239;Estafeta de correo de San Martín de la Sierra de Pinos;Estafeta de correo;Estafeta;4;San Martín de la Sierra de Pinos;1111;;9999;;;AGI_Correos;;San Luis Potosi;Mexico;Correo;423
GDJ;Correo_1000240;Estafeta de correo de Real  del Sombrerete;Estafeta de correo;Estafeta;4;Real  del Sombrerete;1111;;9999;;;AGI_Correos;;Zacatecas;Mexico;Correo;424
GDJ;Correo_1000241;Estafeta de correo de Taltenango;Estafeta de correo;Estafeta;4;Taltenango;1111;;9999;;;AGI_Correos;;Zacatecas;Mexico;Correo;425
GDJ;Correo_1000282;Estafeta de correo de Presidio del Norte;Estafeta de correo;Estafeta;4;Presidio del Norte;1111;;9999;;;AGI_Correos;;Mexico;Mexico;Correo;426
GDJ;Correo_1000394;Estafeta de correo de San Miguel de las Juntas;Estafeta de correo;Estafeta;4;San Miguel de las Juntas;1111;;9999;;;AGI_Correos;;Mexico;Mexico;Correo;427
GDJ;Correo_1000420;Estafeta de correo de Ameca;Estafeta de correo;Estafeta;4;Ameca;1111;;9999;;;AGI_Correos;;Mexico;Mexico;Correo;428
GDJ;Correo_1000429;Estafeta de correo de Tecolotlán;Estafeta de correo;Estafeta;4;Tecolotlán;1111;;9999;;;AGI_Correos;;Mexico;Mexico;Correo;429
GDJ;Correo_1000440;Estafeta de correo de Tecalitlan;Estafeta de correo;Estafeta;4;Tecalitlan;1111;;9999;;;AGI_Correos;;Mexico;Mexico;Correo;430
GDJ;Correo_1000463;Estafeta de correo de Etzatlan;Estafeta de correo;Estafeta;4;Etzatlan;1111;;9999;;;AGI_Correos;;Mexico;Mexico;Correo;431
GDJ;Correo_1000464;Estafeta de correo de La Magdalena;Estafeta de correo;Estafeta;4;La Magdalena;1111;;9999;;;AGI_Correos;;Mexico;Mexico;Correo;432
GDJ;Correo_1000470;Estafeta de correo de Mascota;Estafeta de correo;Estafeta;4;Mascota;1111;;9999;;;AGI_Correos;;Mexico;Mexico;Correo;433
GDJ;Correo_1000472;Estafeta de correo de Talpa;Estafeta de correo;Estafeta;4;Talpa;1111;;9999;;;AGI_Correos;;Mexico;Mexico;Correo;434
GDJ;Correo_1000508;Estafeta de correo de Jalostotitlán;Estafeta de correo;Estafeta;4;Jalostotitlán;1111;;9999;;;AGI_Correos;;Mexico;Mexico;Correo;435
GDJ;Correo_1000518;Estafeta de correo de Teocaltiche;Estafeta de correo;Estafeta;4;Teocaltiche;1111;;9999;;;AGI_Correos;;Mexico;Mexico;Correo;436
GDJ;Correo_1000536;Estafeta de correo de Santa Ana Acatlan;Estafeta de correo;Estafeta;4;Santa Ana Acatlan;1111;;9999;;;AGI_Correos;;Mexico;Mexico;Correo;437
GDJ;Correo_1000545;Estafeta de correo de Cocula;Estafeta de correo;Estafeta;4;Cocula;1111;;9999;;;AGI_Correos;;Mexico;Mexico;Correo;438
GDJ;Correo_1000551;Estafeta de correo de Jocotepec;Estafeta de correo;Estafeta;4;Jocotepec;1111;;9999;;;AGI_Correos;;Mexico;Mexico;Correo;439
GDJ;Correo_1000567;Estafeta de correo de Zacoalco;Estafeta de correo;Estafeta;4;Zacoalco;1111;;9999;;;AGI_Correos;;Mexico;Mexico;Correo;440
GDJ;Correo_1000579;Estafeta de correo de Tepetitlan;Estafeta de correo;Estafeta;4;Tepetitlan;1111;;9999;;Identidad incierta;AGI_Correos;;Mexico;Mexico;Correo;441
GDJ;Correo_1000587;Estafeta de correo de Angeles Zapotlan;Estafeta de correo;Estafeta;4;Angeles Zapotlan;1111;;9999;;;AGI_Correos;;Mexico;Mexico;Correo;442
GDJ;Correo_1000596;Estafeta de correo de Amatitan;Estafeta de correo;Estafeta;4;Amatitan;1111;;9999;;;AGI_Correos;;Mexico;Mexico;Correo;443
GDJ;Correo_1000608;Estafeta de correo de Purificación;Estafeta de correo;Estafeta;4;Purificación;1111;;9999;;;AGI_Correos;;Mexico;Mexico;Correo;444
GDJ;Correo_1000643;Estafeta de correo de Tuxpan;Estafeta de correo;Estafeta;4;Tuxpan;1111;;9999;;;AGI_Correos;;Veracruz;Veracruz;Correo;445
NES;Correo_1000645;Estafeta de correo de Salvatierra;Estafeta de correo;Estafeta;4;Salvatierra;1111;;9999;;;AGI_Correos;;Queretaro;Mexico;Correo;446
NES;Correo_1000646;Estafeta de correo de Santiago;Estafeta de correo;Estafeta;4;Santiago;1111;;9999;;;AGI_Correos;;Queretaro;Mexico;Correo;447
NES;Correo_1000647;Estafeta de correo de Acambaro;Estafeta de correo;Estafeta;4;Acambaro;1111;;9999;;;AGI_Correos;;Queretaro;Mexico;Correo;448
NES;Correo_1000659;Estafeta de correo de Jerecuaro;Estafeta de correo;Estafeta;4;Jerecuaro;1111;;9999;;;AGI_Correos;;Queretaro;Mexico;Correo;449
NES;Correo_1000677;Estafeta de correo de Yurirapundaro;Estafeta de correo;Estafeta;4;Yurirapundaro;1111;;9999;;;AGI_Correos;;Queretaro;Mexico;Correo;450
NES;Correo_1000678;Estafeta de correo de Irapuato;Estafeta de correo;Estafeta;4;Irapuato;1111;;9999;;;AGI_Correos;;Guanajuato;Mexico;Correo;451
NES;Correo_1000681;Estafeta de correo de Silao;Estafeta de correo;Estafeta;4;Silao;1111;;9999;;;AGI_Correos;;Guanajuato;Mexico;Correo;452
NES;Correo_1000695;Estafeta de correo de San Felipe;Estafeta de correo;Estafeta;4;San Felipe;1111;;9999;;;AGI_Correos;;Queretaro;Mexico;Correo;453
NES;Correo_1000740;Estafeta de correo de Amecameca;Estafeta de correo;Estafeta;4;Amecameca;1111;;9999;;;AGI_Correos;;Mexico;Mexico;Correo;454
NES;Correo_1000791;Estafeta de correo de Tlalmanalco;Estafeta de correo;Estafeta;4;Tlalmanalco;1111;;9999;;;AGI_Correos;;Mexico;Mexico;Correo;455
NES;Correo_1000800;Estafeta de correo de Tlayacapan;Estafeta de correo;Estafeta;4;Tlayacapan;1111;;9999;;;AGI_Correos;;Mexico;Mexico;Correo;456
NES;Correo_1000802;Estafeta de correo de Totolapan;Estafeta de correo;Estafeta;4;Totolapan;1111;;9999;;;AGI_Correos;;Mexico;Mexico;Correo;457
NES;Correo_1000855;Estafeta de correo de Tlalpán;Estafeta de correo;Estafeta;4;Tlalpán;1111;;9999;;Identidad incierta;AGI_Correos;;Puebla;Mexico;Correo;458
NES;Correo_9900742;Estafeta de correo de Tetela;Estafeta de correo;Estafeta;4;Tetela;1111;;9999;;;AGI_Correos;;Mexico;Mexico;Correo;459
NES;Correo_1000953;Estafeta de correo de Tepoztlan;Estafeta de correo;Estafeta;4;Tepoztlan;1111;;9999;;;AGI_Correos;;Mexico;Mexico;Correo;460
NES;Correo_1000956;Estafeta de correo de San Francisco Tetecala;Estafeta de correo;Estafeta;4;San Francisco Tetecala;1111;;9999;;;AGI_Correos;;Mexico;Mexico;Correo;461
NES;Correo_1000965;Estafeta de correo de Tlaltizapan;Estafeta de correo;Estafeta;4;Tlaltizapan;1111;;9999;;;AGI_Correos;;Mexico;Mexico;Correo;462
NES;Correo_1000974;Estafeta de correo de Yautepec;Estafeta de correo;Estafeta;4;Yautepec;1111;;9999;;;AGI_Correos;;Mexico;Mexico;Correo;463
NES;Correo_1000975;Estafeta de correo de Yecapixtla;Estafeta de correo;Estafeta;4;Yecapixtla;1111;;9999;;;AGI_Correos;;Mexico;Mexico;Correo;464
NES;Correo_1001005;Estafeta de correo de San Jerónomio Aculco;Estafeta de correo;Estafeta;4;San Jerónomio Aculco;1111;;9999;;;AGI_Correos;;Mexico;Mexico;Correo;465
NES;Correo_1001053;Estafeta de correo de San Francisco Soyaniquilpan;Estafeta de correo;Estafeta;4;San Francisco Soyaniquilpan;1111;;9999;;;AGI_Correos;;Mexico;Mexico;Correo;466
NES;Correo_1001115;Estafeta de correo de San Felipe del Obraje;Estafeta de correo;Estafeta;4;San Felipe del Obraje;1111;;9999;;;AGI_Correos;;Mexico;Mexico;Correo;467
NES;Correo_1001154;Estafeta de correo de Malinalco;Estafeta de correo;Estafeta;4;Malinalco;1111;;9999;;;AGI_Correos;;Mexico;Mexico;Correo;468
NES;Correo_1001211;Estafeta de correo de Zinacantepec;Estafeta de correo;Estafeta;4;Zinacantepec;1111;;9999;;;AGI_Correos;;Mexico;Mexico;Correo;469
NES;Correo_1001281;Estafeta de correo de Lolotla;Estafeta de correo;Estafeta;4;Lolotla;1111;;9999;;;AGI_Correos;;Mexico;Mexico;Correo;470
NES;Correo_1001291;Estafeta de correo de Molango;Estafeta de correo;Estafeta;4;Molango;1111;;9999;;;AGI_Correos;;Mexico;Mexico;Correo;471
NES;Correo_1001356;Estafeta de correo de Zacualtipan;Estafeta de correo;Estafeta;4;Zacualtipan;1111;;9999;;;AGI_Correos;;Mexico;Mexico;Correo;472
NES;Correo_1001380;Estafeta de correo de Atotonilco el Chico;Estafeta de correo;Estafeta;4;Atotonilco el Chico;1111;;9999;;;AGI_Correos;;Mexico;Mexico;Correo;473
NES;Correo_1001381;Estafeta de correo de Real del Monte;Estafeta de correo;Estafeta;4;Real del Monte;1111;;9999;;;AGI_Correos;;Mexico;Mexico;Correo;474
NES;Correo_1001401;Estafeta de correo de San Juan del Río;Estafeta de correo;Estafeta;4;San Juan del Río;1111;;9999;;;AGI_Correos;;Queretaro;Mexico;Correo;475
NES;Correo_1001473;Estafeta de correo de Tepecoacuilco;Estafeta de correo;Estafeta;4;Tepecoacuilco;1111;;9999;;;AGI_Correos;;Mexico;Mexico;Correo;476
NES;Correo_1001480;Estafeta de correo de Sultepec;Estafeta de correo;Estafeta;4;Sultepec;1111;;9999;;;AGI_Correos;;Mexico;Mexico;Correo;477
NES;Correo_1001544;Estafeta de correo de Calimaya;Estafeta de correo;Estafeta;4;Calimaya;1111;;9999;;;AGI_Correos;;Mexico;Mexico;Correo;478
NES;Correo_1001599;Estafeta de correo de Cutzamala;Estafeta de correo;Estafeta;4;Cutzamala;1111;;9999;;;AGI_Correos;;Mexico;Mexico;Correo;479
NES;Correo_1001642;Estafeta de correo de Calpulalpan;Estafeta de correo;Estafeta;4;Calpulalpan;1111;;9999;;;AGI_Correos;;Mexico;Mexico;Correo;480
NES;Correo_1001666;Estafeta de correo de Tepetlaoxtoc;Estafeta de correo;Estafeta;4;Tepetlaoxtoc;1111;;9999;;;AGI_Correos;;Mexico;Mexico;Correo;481
NES;Correo_1001681;Estafeta de correo de Chilpancingo;Estafeta de correo;Estafeta;4;Chilpancingo;1111;;9999;;;AGI_Correos;;Mexico;Mexico;Correo;482
NES;Correo_1001738;Estafeta de correo de Tepexi del Rio;Estafeta de correo;Estafeta;4;Tepexi del Rio;1111;;9999;;;AGI_Correos;;Mexico;Mexico;Correo;483
GDJ;Correo_1000484;Estafeta de correo de Atotonilco;Estafeta de correo;Estafeta;4;Atotonilco;1111;;9999;;;AGI_Correos;;Mexico;Mexico;Correo;484
NES;Correo_1001898;Estafeta de correo de Teloloapan;Estafeta de correo;Estafeta;4;Teloloapan;1111;;9999;;;AGI_Correos;;Mexico;Mexico;Correo;485
NES;Correo_1001940;Estafeta de correo de Panindicuaro;Estafeta de correo;Estafeta;4;Panindicuaro;1111;;9999;;;AGI_Correos;;Mexico;Mexico;Correo;486
NES;Correo_1001942;Estafeta de correo de Santa Ana Amatlan;Estafeta de correo;Estafeta;4;Santa Ana Amatlan;1111;;9999;;;AGI_Correos;;Mexico;Mexico;Correo;487
NES;Correo_1001945;Estafeta de correo de Tancitaro;Estafeta de correo;Estafeta;4;Tancitaro;1111;;9999;;;AGI_Correos;;Mexico;Mexico;Correo;488
NES;Correo_1001950;Estafeta de correo de Pinzandaro;Estafeta de correo;Estafeta;4;Pinzandaro;1111;;9999;;;AGI_Correos;;Mexico;Mexico;Correo;489
NES;Correo_1001970;Estafeta de correo de Zacapu;Estafeta de correo;Estafeta;4;Zacapu;1111;;9999;;;AGI_Correos;;Mexico;Mexico;Correo;490
NES;Correo_1002005;Estafeta de correo de Cotija;Estafeta de correo;Estafeta;4;Cotija;1111;;9999;;;AGI_Correos;;Mexico;Mexico;Correo;491
NES;Correo_1002012;Estafeta de correo de Periban;Estafeta de correo;Estafeta;4;Periban;1111;;9999;;;AGI_Correos;;Mexico;Mexico;Correo;492
NES;Correo_1002026;Estafeta de correo de Coalcoman;Estafeta de correo;Estafeta;4;Coalcoman;1111;;9999;;;AGI_Correos;;Mexico;Mexico;Correo;493
NES;Correo_1002061;Estafeta de correo de Tzintzuntzan;Estafeta de correo;Estafeta;4;Tzintzuntzan;1111;;9999;;;AGI_Correos;;Mexico;Mexico;Correo;494
NES;Correo_1002065;Estafeta de correo de Urecho;Estafeta de correo;Estafeta;4;Urecho;1111;;9999;;;AGI_Correos;;Mexico;Mexico;Correo;495
NES;Correo_1002084;Estafeta de correo de Chilchota;Estafeta de correo;Estafeta;4;Chilchota;1111;;9999;;;AGI_Correos;;Mexico;Mexico;Correo;496
NES;Correo_1002089;Estafeta de correo de Nuestra Señora de La Piedad;Estafeta de correo;Estafeta;4;Nuestra Señora de La Piedad;1111;;9999;;;AGI_Correos;;Mexico;Mexico;Correo;497
NES;Correo_1002121;Estafeta de correo de Ixtlan;Estafeta de correo;Estafeta;4;Ixtlan;1111;;9999;;;AGI_Correos;;Mexico;Mexico;Correo;498
NES;Correo_1002127;Estafeta de correo de Tangancicuaro;Estafeta de correo;Estafeta;4;Tangancicuaro;1111;;9999;;;AGI_Correos;;Mexico;Mexico;Correo;499
NES;Correo_1002153;Estafeta de correo de Irimbo;Estafeta de correo;Estafeta;4;Irimbo;1111;;9999;;;AGI_Correos;;Mexico;Mexico;Correo;500
NES;Correo_1002156;Estafeta de correo de Maravatio;Estafeta de correo;Estafeta;4;Maravatio;1111;;9999;;;AGI_Correos;;Mexico;Mexico;Correo;501
NES;Correo_1002167;Estafeta de correo de Taximaroa;Estafeta de correo;Estafeta;4;Taximaroa;1111;;9999;;;AGI_Correos;;Mexico;Mexico;Correo;502
NES;Correo_1002173;Estafeta de correo de Tuxpan;Estafeta de correo;Estafeta;4;Tuxpan;1111;;9999;;"En AGI erroneamente ""santiago Tuxtla""";AGI_Correos;;Mexico;Mexico;Correo;503
NES;Correo_1002177;Estafeta de correo de Angangueo;Estafeta de correo;Estafeta;4;Angangueo;1111;;9999;;;AGI_Correos;;Mexico;Mexico;Correo;504
NES;Correo_1000110;Estafeta de correo de Tula;Estafeta de correo;Estafeta;4;Tula;1111;;9999;;;AGI_Correos;;Mexico;Mexico;Correo;505
GDJ;Correo_1002212;Estafeta de correo de Xaumabe;Estafeta de correo;Estafeta;4;Xaumabe;1111;;9999;;;AGI_Correos;;Mexico;Mexico;Correo;506
NES;Correo_1000649;Estafeta de correo de Apaseo;Estafeta de correo;Estafeta;4;Apaseo;1111;;9999;;;AGI_Correos;;Queretaro;Mexico;Correo;507
NES;Correo_1002483;Estafeta de correo de Nieves Ixpantepec;Estafeta de correo;Estafeta;4;Nieves Ixpantepec;1111;;9999;;;AGI_Correos;;Mexico;Mexico;Correo;508
NES;Correo_1002602;Estafeta de correo de Teipan;Estafeta de correo;Estafeta;4;Teipan;1111;;9999;;;AGI_Correos;;Mexico;Mexico;Correo;509
NES;Correo_1002670;Estafeta de correo de Cuicatlan;Estafeta de correo;Estafeta;4;Cuicatlan;1111;;9999;;;AGI_Correos;;Veracruz;Veracruz;Correo;510
NES;Correo_1002674;Estafeta de correo de Huehuetlan;Estafeta de correo;Estafeta;4;Huehuetlan;1111;;9999;;;AGI_Correos;;Puebla;Mexico;Correo;511
NES;Correo_1002874;Estafeta de correo de Yanhuitlan;Estafeta de correo;Estafeta;4;Yanhuitlan;1111;;9999;;;AGI_Correos;;Veracruz;Veracruz;Correo;512
NES;Correo_1003093;Estafeta de correo de Piaxtla;Estafeta de correo;Estafeta;4;Piaxtla;1111;;9999;;;AGI_Correos;;Puebla;Mexico;Correo;513
NES;Correo_1003109;Estafeta de correo de Hueyotlipan;Estafeta de correo;Estafeta;4;Hueyotlipan;1111;;9999;;;AGI_Correos;;Puebla;Mexico;Correo;514
NES;Correo_1003119;Estafeta de correo de San Andrés Calpan;Estafeta de correo;Estafeta;4;San Andrés Calpan;1111;;9999;;;AGI_Correos;;Puebla;Mexico;Correo;515
NES;Correo_1003128;Estafeta de correo de Huaquechula;Estafeta de correo;Estafeta;4;Huaquechula;1111;;9999;;;AGI_Correos;;Puebla;Mexico;Correo;516
CHL;Puerto_7000002;Puerto de Concepción;Puerto mayor;Comercio libre;1;Concepción;1111;;9999;;;Reglamento y aranceles reales para el comercio libre de España a Indias (Madrid 1778), pp. 5-6.;;;;Puerto;517
QUI;Puerto_5600003;Puerto de Guayaquil;Puerto mayor;Comercio libre;1;Guayaquil;1111;;9999;;;Reglamento y aranceles reales para el comercio libre de España a Indias (Madrid 1778), pp. 5-6.;;;;Puerto;518
SDO;Puerto_3000004;Puerto de La Habana;Puerto mayor;Comercio libre;1;La Habana;1111;;9999;;;Reglamento y aranceles reales para el comercio libre de España a Indias (Madrid 1778), pp. 5-6.;;;;Puerto;519
RPL;Puerto_9000024;Puerto de Montevideo;Puerto mayor;Comercio libre;1;Montevideo;1111;;9999;;;Reglamento y aranceles reales para el comercio libre de España a Indias (Madrid 1778), pp. 5-6.;;;;Puerto;520
CHL;Puerto_7000003;Puerto de Valparaíso;Puerto mayor;Comercio libre;1;Valparaíso;1111;;9999;;;Reglamento y aranceles reales para el comercio libre de España a Indias (Madrid 1778), pp. 5-6.;;;;Puerto;521
VEN;Puerto_4000010;Puerto de La Guaira;Puerto mayor;Comercio libre;1;La Guaira;1111;;9999;;;Interpolación;;;;Puerto;522
NES;Puerto_1000021;Puerto de Veracruz;Puerto mayor;Comercio libre;1;Veracruz;1111;;9999;;;Interpolación;;;;Puerto;523
PER;Puerto_6000021;Puerto de Arica;Puerto mayor;Comercio libre;1;Arica;1111;;9999;;;Interpolación;;;;Puerto;524
RPL;Puerto_9000001;Puerto de Buenos Aires;Puerto mayor;Comercio libre;1;Buenos Aires;1111;;9999;;;Interpolación;;;;Puerto;525
PER;Puerto_6000008;Puerto de El Callao;Puerto mayor;Comercio libre;1;El Callao;1111;;9999;;;Interpolación;;;;Puerto;526
NGR;Puerto_5000004;Puerto de Cartagena de Indias;Puerto mayor;Comercio libre;1;Cartagena de Indias;1111;;9999;;;Interpolación;;;;Puerto;527
NES;Correo_1003133;Estafeta de correo de San Nicolás de los Ranchos;Estafeta de correo;Estafeta;4;San Nicolás de los Ranchos;1111;;9999;;;AGI_Correos;;Mexico;Mexico;Correo;528
NES;Correo_1003262;Estafeta de correo de Tamiagua;Estafeta de correo;Estafeta;4;Tamiagua;1111;;9999;;;AGI_Correos;;Mexico;Mexico;Correo;529
NES;Correo_1003284;Estafeta de correo de Xicotepec;Estafeta de correo;Estafeta;4;Xicotepec;1111;;9999;;;AGI_Correos;;Mexico;Mexico;Correo;530
NES;Correo_1003304;Estafeta de correo de Chicontepec;Estafeta de correo;Estafeta;4;Chicontepec;1111;;9999;;;AGI_Correos;;Mexico;Mexico;Correo;531
NES;Correo_1003355;Estafeta de correo de San Martín Tesmelucan;Estafeta de correo;Estafeta;4;San Martín Tesmelucan;1111;;9999;;;AGI_Correos;;Puebla;Mexico;Correo;532
NES;Correo_1003357;Estafeta de correo de San Salvador el Verde;Estafeta de correo;Estafeta;4;San Salvador el Verde;1111;;9999;;;AGI_Correos;;Puebla;Mexico;Correo;533
NES;Correo_1003372;Estafeta de correo de Ayutla;Estafeta de correo;Estafeta;4;Ayutla;1111;;9999;;;AGI_Correos;;Mexico;Mexico;Correo;534
NES;Correo_1003429;Estafeta de correo de Tepeojuma;Estafeta de correo;Estafeta;4;Tepeojuma;1111;;9999;;;AGI_Correos;;Mexico;Mexico;Correo;535
NES;Correo_1003456;Estafeta de correo de Tepeyahualco;Estafeta de correo;Estafeta;4;Tepeyahualco;1111;;9999;;;AGI_Correos;;Mexico;Mexico;Correo;536
NES;Correo_1003462;Estafeta de correo de Zacapoaxtla;Estafeta de correo;Estafeta;4;Zacapoaxtla;1111;;9999;;;AGI_Correos;;Veracruz;Veracruz;Correo;537
NES;Correo_1003530;Estafeta de correo de Acajete;Estafeta de correo;Estafeta;4;Acajete;1111;;9999;;;AGI_Correos;;Puebla;Mexico;Correo;538
NES;Correo_1003532;Estafeta de correo de Acatzingo;Estafeta de correo;Estafeta;4;Acatzingo;1111;;9999;;;AGI_Correos;;Puebla;Mexico;Correo;539
NES;Correo_1003534;Estafeta de correo de San Jerónimo Aljojuca;Estafeta de correo;Estafeta;4;San Jerónimo Aljojuca;1111;;9999;;;AGI_Correos;;Puebla;Mexico;Correo;540
NES;Correo_1003539;Estafeta de correo de San Andres Chalchicomula;Estafeta de correo;Estafeta;4;San Andres Chalchicomula;1111;;9999;;;AGI_Correos;;Veracruz;Veracruz;Correo;541
NES;Correo_1003548;Estafeta de correo de Nopalucan;Estafeta de correo;Estafeta;4;Nopalucan;1111;;9999;;;AGI_Correos;;Puebla;Mexico;Correo;542
NES;Correo_1003553;Estafeta de correo de Quecholan;Estafeta de correo;Estafeta;4;Quecholan;1111;;9999;;;AGI_Correos;;Puebla;Mexico;Correo;543
NES;Correo_1003554;Estafeta de correo de San Agustín del Palmar;Estafeta de correo;Estafeta;4;San Agustín del Palmar;1111;;9999;;;AGI_Correos;;Puebla;Mexico;Correo;544
NES;Correo_1003557;Estafeta de correo de San Salvador el Seco;Estafeta de correo;Estafeta;4;San Salvador el Seco;1111;;9999;;;AGI_Correos;;Puebla;Mexico;Correo;545
NES;Correo_1003564;Estafeta de correo de Tecamachalco;Estafeta de correo;Estafeta;4;Tecamachalco;1111;;9999;;;AGI_Correos;;Puebla;Mexico;Correo;546
NES;Correo_1003604;Estafeta de correo de Molcaxac;Estafeta de correo;Estafeta;4;Molcaxac;1111;;9999;;;AGI_Correos;;Puebla;Mexico;Correo;547
NES;Correo_1003686;Estafeta de correo de Huamuxtitlan;Estafeta de correo;Estafeta;4;Huamuxtitlan;1111;;9999;;;AGI_Correos;;Puebla;Mexico;Correo;548
NES;Correo_1003701;Estafeta de correo de Olinala;Estafeta de correo;Estafeta;4;Olinala;1111;;9999;;;AGI_Correos;;Puebla;Mexico;Correo;549
NES;Correo_1003733;Estafeta de correo de Santiago Xochihuehuetlan;Estafeta de correo;Estafeta;4;Santiago Xochihuehuetlan;1111;;9999;;;AGI_Correos;;Mexico;Mexico;Correo;550
NES;Correo_1003749;Estafeta de correo de Tochimilco;Estafeta de correo;Estafeta;4;Tochimilco;1111;;9999;;;AGI_Correos;;Puebla;Mexico;Correo;551
NES;Correo_1003792;Estafeta de correo de Tlacotepec;Estafeta de correo;Estafeta;4;Tlacotepec;1111;;9999;;Identidad incierta;AGI_Correos;;Mexico;Mexico;Correo;552
NES;Correo_1003807;Estafeta de correo de Casas Viejas;Estafeta de correo;Estafeta;4;Casas Viejas;1111;;9999;;;AGI_Correos;;Queretaro;Mexico;Correo;553
NES;Correo_1003819;Estafeta de correo de Santa María del Río;Estafeta de correo;Estafeta;4;Santa María del Río;1111;;9999;;;AGI_Correos;;San Luis Potosi;Mexico;Correo;554
NES;Correo_1003821;Estafeta de correo de Tampamolon;Estafeta de correo;Estafeta;4;Tampamolon;1111;;9999;;;AGI_Correos;;Mexico;Mexico;Correo;555
NES;Correo_1003822;Estafeta de correo de Tampico;Estafeta de correo;Estafeta;4;Tampico;1111;;9999;;;AGI_Correos;;Mexico;Mexico;Correo;556
NES;Correo_1003823;Estafeta de correo de Tancanhuitz;Estafeta de correo;Estafeta;4;Tancanhuitz;1111;;9999;;;AGI_Correos;;Mexico;Mexico;Correo;557
NES;Correo_1003825;Estafeta de correo de Axtla;Estafeta de correo;Estafeta;4;Axtla;1111;;9999;;;AGI_Correos;;Mexico;Mexico;Correo;558
NES;Correo_1003828;Estafeta de correo de Coscatlan;Estafeta de correo;Estafeta;4;Coscatlan;1111;;9999;;;AGI_Correos;;Mexico;Mexico;Correo;559
NES;Correo_1003831;Estafeta de correo de Huehuetlan;Estafeta de correo;Estafeta;4;Huehuetlan;1111;;9999;;;AGI_Correos;;Mexico;Mexico;Correo;560
NES;Correo_1003839;Estafeta de correo de Tamazunchale;Estafeta de correo;Estafeta;4;Tamazunchale;1111;;9999;;;AGI_Correos;;Mexico;Mexico;Correo;561
NES;Correo_1003846;Estafeta de correo de Valles;Estafeta de correo;Estafeta;4;Valles;1111;;9999;;;AGI_Correos;;Mexico;Mexico;Correo;562
GDJ;Correo_1003927;Estafeta de correo de San Pedro de Bacubirito;Estafeta de correo;Estafeta;4;San Pedro de Bacubirito;1111;;9999;;;AGI_Correos;;Mexico;Mexico;Correo;563
GDJ;Correo_1003982;Estafeta de correo de Presidio de San Rafael;Estafeta de correo;Estafeta;4;Presidio de San Rafael;1111;;9999;;;AGI_Correos;;Mexico;Mexico;Correo;564
NES;Correo_1004060;Estafeta de correo de Santa Ana Chautepan;Estafeta de correo;Estafeta;4;Santa Ana Chautepan;1111;;9999;;;AGI_Correos;;Puebla;Mexico;Correo;565
NES;Correo_1004066;Estafeta de correo de Cuapiaxtla;Estafeta de correo;Estafeta;4;Cuapiaxtla;1111;;9999;;;AGI_Correos;;Puebla;Mexico;Correo;566
NES;Correo_1004071;Estafeta de correo de Huamantla;Estafeta de correo;Estafeta;4;Huamantla;1111;;9999;;;AGI_Correos;;Puebla;Mexico;Correo;567
NES;Correo_1004077;Estafeta de correo de San Felipe Ystacuixtla;Estafeta de correo;Estafeta;4;San Felipe Ystacuixtla;1111;;9999;;;AGI_Correos;;Mexico;Mexico;Correo;568
NES;Correo_1004087;Estafeta de correo de Nuestra Señora de Nativitas;Estafeta de correo;Estafeta;4;Nuestra Señora de Nativitas;1111;;9999;;;AGI_Correos;;Puebla;Mexico;Correo;569
NES;Correo_1004174;Estafeta de correo de Coscomatepec;Estafeta de correo;Estafeta;4;Coscomatepec;1111;;9999;;;AGI_Correos;;Veracruz;Veracruz;Correo;570
NES;Correo_1004175;Estafeta de correo de Huatusco;Estafeta de correo;Estafeta;4;Huatusco;1111;;9999;;;AGI_Correos;;Veracruz;Veracruz;Correo;571
NES;Correo_1004219;Estafeta de correo de Ozuluama;Estafeta de correo;Estafeta;4;Ozuluama;1111;;9999;;;AGI_Correos;;Mexico;Mexico;Correo;572
NES;Correo_1004224;Estafeta de correo de Tantima;Estafeta de correo;Estafeta;4;Tantima;1111;;9999;;;AGI_Correos;;Mexico;Mexico;Correo;573
NES;Correo_1004226;Estafeta de correo de Tantoyuca;Estafeta de correo;Estafeta;4;Tantoyuca;1111;;9999;;;AGI_Correos;;Mexico;Mexico;Correo;574
NES;Correo_1004259;Estafeta de correo de Misantla;Estafeta de correo;Estafeta;4;Misantla;1111;;9999;;;AGI_Correos;;Veracruz;Veracruz;Correo;575
NES;Correo_1004274;Estafeta de correo de Alvarado;Estafeta de correo;Estafeta;4;Alvarado;1111;;9999;;;AGI_Correos;;Veracruz;Veracruz;Correo;576
NES;Correo_1004276;Estafeta de correo de Tlacotalpan;Estafeta de correo;Estafeta;4;Tlacotalpan;1111;;9999;;;AGI_Correos;;Veracruz;Veracruz;Correo;577
NES;Correo_1004277;Estafeta de correo de Tlalixcoyan;Estafeta de correo;Estafeta;4;Tlalixcoyan;1111;;9999;;;AGI_Correos;;Veracruz;Veracruz;Correo;578
NES;Correo_1004289;Estafeta de correo de Coatepec;Estafeta de correo;Estafeta;4;Coatepec;1111;;9999;;;AGI_Correos;;Veracruz;Veracruz;Correo;579
NES;Correo_1004295;Estafeta de correo de Naulingo;Estafeta de correo;Estafeta;4;Naulingo;1111;;9999;;;AGI_Correos;;Veracruz;Veracruz;Correo;580
NES;Correo_1004437;Estafeta de correo de Izamal;Estafeta de correo;Estafeta;4;Izamal;1111;;9999;;;AGI_Correos;;Veracruz;Veracruz;Correo;581
NES;Correo_1004484;Estafeta de correo de Mani;Estafeta de correo;Estafeta;4;Mani;1111;;9999;;;AGI_Correos;;Veracruz;Veracruz;Correo;582
GDJ;Correo_1004651;Estafeta de correo de P. de Monterrey;Estafeta de correo;Estafeta;4;P. de Monterrey;1111;;9999;;;AGI_Correos;;Mexico;Mexico;Correo;583
GDJ;Correo_1004652;Estafeta de correo de Santa Rosa;Estafeta de correo;Estafeta;4;Santa Rosa;1111;;9999;;;AGI_Correos;;San Luis Potosi;Mexico;Correo;584
NES;Correo_1004654;Estafeta de correo de Bacalar;Estafeta de correo;Estafeta;4;Bacalar;1111;;9999;;;AGI_Correos;;Veracruz;Veracruz;Correo;585
GDJ;Correo_1004826;Estafeta de correo de Carmen;Estafeta de correo;Estafeta;4;Carmen;1111;;9999;;;AGI_Correos;;Veracruz;Veracruz;Correo;586
NES;Correo_1004855;Estafeta de correo de Salamanca;Estafeta de correo;Estafeta;4;Salamanca;1111;;9999;;;AGI_Correos;;Queretaro;Mexico;Correo;587
NES;Correo_1004856;Estafeta de correo de Dolores;Estafeta de correo;Estafeta;4;Dolores;1111;;9999;;;AGI_Correos;;Queretaro;Mexico;Correo;588
GDJ;Correo_1004857;Estafeta de correo de Colima;Estafeta de correo;Estafeta;4;Colima;1111;;9999;;;AGI_Correos;;Mexico;Mexico;Correo;589
GDJ;Correo_1004863;Estafeta de correo de Real de Asientos de Ibarra;Estafeta de correo;Estafeta;4;Real de Asientos de Ibarra;1111;;9999;;;AGI_Correos;;Zacatecas;Mexico;Correo;590
GDJ;Correo_1004872;Estafeta de correo de Villanueva (Zacatecas);Estafeta de correo;Estafeta;4;Villanueva (Zacatecas);1111;;9999;;;AGI_Correos;;Zacatecas;Mexico;Correo;591
GDJ;Correo_1004873;Estafeta de correo de Puerto del Cedral;Estafeta de correo;Estafeta;4;Puerto del Cedral;1111;;9999;;;AGI_Correos;;San Luis Potosi;Mexico;Correo;592
GDJ;Correo_1004874;Estafeta de correo de Ojocaliente;Estafeta de correo;Estafeta;4;Ojocaliente;1111;;9999;;;AGI_Correos;;Zacatecas;Mexico;Correo;593
GDJ;Correo_1004875;Estafeta de correo de Amatlán de Cañas;Estafeta de correo;Estafeta;4;Amatlán de Cañas;1111;;9999;;;AGI_Correos;;Mexico;Mexico;Correo;594
GDJ;Correo_1004876;Estafeta de correo de Ahuacatlan;Estafeta de correo;Estafeta;4;Ahuacatlan;1111;;9999;;;AGI_Correos;;Mexico;Mexico;Correo;595
GDJ;Correo_1004881;Estafeta de correo de Villa Encarnación;Estafeta de correo;Estafeta;4;Villa Encarnación;1111;;9999;;;AGI_Correos;;Mexico;Mexico;Correo;596
GDJ;Correo_1004885;Estafeta de correo de Real de la Yesca;Estafeta de correo;Estafeta;4;Real de la Yesca;1111;;9999;;;AGI_Correos;;Mexico;Mexico;Correo;597
GDJ;Correo_1004887;Estafeta de correo de Presidio de Janos;Estafeta de correo;Estafeta;4;Presidio de Janos;1111;;9999;;;AGI_Correos;;Mexico;Mexico;Correo;598
GDJ;Correo_1004888;Estafeta de correo de Presidio del Carrizal;Estafeta de correo;Estafeta;4;Presidio del Carrizal;1111;;9999;;;AGI_Correos;;Mexico;Mexico;Correo;599
GDJ;Correo_1004890;Estafeta de correo de Presidio de San Elizario;Estafeta de correo;Estafeta;4;Presidio de San Elizario;1111;;9999;;;AGI_Correos;;Mexico;Mexico;Correo;600
GDJ;Correo_1004893;Estafeta de correo de Paso del Norte;Estafeta de correo;Estafeta;4;Paso del Norte;1111;;9999;;;AGI_Correos;;Mexico;Mexico;Correo;601
GDJ;Correo_1004903;Estafeta de correo de Presidio de San Carlos de Buenavista;Estafeta de correo;Estafeta;4;Presidio de San Carlos de Buenavista;1111;;9999;;;AGI_Correos;;Mexico;Mexico;Correo;602
GDJ;Correo_1004904;Estafeta de correo de San Miguel de Horcasitas;Estafeta de correo;Estafeta;4;San Miguel de Horcasitas;1111;;9999;;;AGI_Correos;;Mexico;Mexico;Correo;603
GDJ;Correo_1004905;Estafeta de correo de Presidio de San Bernardino de Fronteras;Estafeta de correo;Estafeta;4;Presidio de San Bernardino de Fronteras;1111;;9999;;;AGI_Correos;;Mexico;Mexico;Correo;604
GDJ;Correo_1004906;Estafeta de correo de Presidio de Santa Gertrudis del Altar;Estafeta de correo;Estafeta;4;Presidio de Santa Gertrudis del Altar;1111;;9999;;;AGI_Correos;;Mexico;Mexico;Correo;605
GDJ;Correo_1004909;Estafeta de correo de Aguayo;Estafeta de correo;Estafeta;4;Aguayo;1111;;9999;;Identidad incierta;AGI_Correos;;San Luis Potosi;Mexico;Correo;606
GDJ;Correo_1004910;Estafeta de correo de Altamira;Estafeta de correo;Estafeta;4;Altamira;1111;;9999;;;AGI_Correos;;Mexico;Mexico;Correo;607
GDJ;Correo_1004919;Estafeta de correo de San Carlos del Nuevo Santander;Estafeta de correo;Estafeta;4;San Carlos del Nuevo Santander;1111;;9999;;;AGI_Correos;;San Luis Potosi;Mexico;Correo;608
GDJ;Correo_1004926;Estafeta de correo de San Fernando de Austria;Estafeta de correo;Estafeta;4;San Fernando de Austria;1111;;9999;;;AGI_Correos;;San Luis Potosi;Mexico;Correo;609
GDJ;Correo_1004935;Estafeta de correo de La Monclova;Estafeta de correo;Estafeta;4;La Monclova;1111;;9999;;;AGI_Correos;;San Luis Potosi;Mexico;Correo;610
GDJ;Correo_1004939;Estafeta de correo de Padilla;Estafeta de correo;Estafeta;4;Padilla;1111;;9999;;;AGI_Correos;;Mexico;Mexico;Correo;611
GDJ;Correo_1004941;Estafeta de correo de Valle del Pilón;Estafeta de correo;Estafeta;4;Valle del Pilón;1111;;9999;;;AGI_Correos;;San Luis Potosi;Mexico;Correo;612
GDJ;Correo_1004946;Estafeta de correo de Presidio de Rio Grande;Estafeta de correo;Estafeta;4;Presidio de Rio Grande;1111;;9999;;;AGI_Correos;;San Luis Potosi;Mexico;Correo;613
NES;Correo_1004959;Estafeta de correo de Zacualpan;Estafeta de correo;Estafeta;4;Zacualpan;1111;;9999;;;AGI_Correos;;Mexico;Mexico;Correo;614
GDJ;Correo_1004964;Estafeta de correo de Santa María de los Ramos;Estafeta de correo;Estafeta;4;Santa María de los Ramos;1111;;9999;;Identidad incierta;AGI_Correos;;Zacatecas;Mexico;Correo;615
NES;Correo_1004976;Estafeta de correo de Rioverde;Estafeta de correo;Estafeta;4;Rioverde;1111;;9999;;;AGI_Correos;;San Luis Potosi;Mexico;Correo;616
NES;Correo_1004989;Estafeta de correo de Valle del Maiz;Estafeta de correo;Estafeta;4;Valle del Maiz;1111;;9999;;;AGI_Correos;;San Luis Potosi;Mexico;Correo;617
GDJ;Correo_1004999;Estafeta de correo de Presidio Aguaverde;Estafeta de correo;Estafeta;4;Presidio Aguaverde;1111;;9999;;;AGI_Correos;;Mexico;Mexico;Correo;618
GDJ;Correo_1005042;Estafeta de correo de Presidio de la Babia;Estafeta de correo;Estafeta;4;Presidio de la Babia;1111;;9999;;;AGI_Correos;;Mexico;Mexico;Correo;619
GDJ;Correo_1005055;Estafeta de correo de San Francisco de Matehuala;Estafeta de correo;Estafeta;4;San Francisco de Matehuala;1111;;9999;;;AGI_Correos;;San Luis Potosi;Mexico;Correo;620
GDJ;Correo_1005064;Estafeta de correo de Real de los Reyes;Estafeta de correo;Estafeta;4;Real de los Reyes;1111;;9999;;;AGI_Correos;;Mexico;Mexico;Correo;621
GDJ;Correo_1005100;Estafeta de correo de Presidio de San Buenaventura;Estafeta de correo;Estafeta;4;Presidio de San Buenaventura;1111;;9999;;;AGI_Correos;;Mexico;Mexico;Correo;622
GDJ;Correo_1005109;Estafeta de correo de Presidio del Gallo;Estafeta de correo;Estafeta;4;Presidio del Gallo;1111;;9999;;;AGI_Correos;;Mexico;Mexico;Correo;623
GDJ;Correo_1005119;Estafeta de correo de Real de San Dimas;Estafeta de correo;Estafeta;4;Real de San Dimas;1111;;9999;;;AGI_Correos;;Mexico;Mexico;Correo;624
GDJ;Correo_1005121;Estafeta de correo de Real de Santa Cruz de los Gavilanes;Estafeta de correo;Estafeta;4;Real de Santa Cruz de los Gavilanes;1111;;9999;;;AGI_Correos;;Mexico;Mexico;Correo;625
GDJ;Correo_1005122;Estafeta de correo de Real de Ventanas;Estafeta de correo;Estafeta;4;Real de Ventanas;1111;;9999;;;AGI_Correos;;Mexico;Mexico;Correo;626
GDJ;Correo_1005132;Estafeta de correo de Nombre de Dios;Estafeta de correo;Estafeta;4;Nombre de Dios;1111;;9999;;;AGI_Correos;;Mexico;Mexico;Correo;627
GDJ;Correo_1005135;Estafeta de correo de Avino;Estafeta de correo;Estafeta;4;Avino;1111;;9999;;;AGI_Correos;;Mexico;Mexico;Correo;628
GDJ;Correo_1005162;Estafeta de correo de San Ildefonso de la Cieneguilla;Estafeta de correo;Estafeta;4;San Ildefonso de la Cieneguilla;1111;;9999;;;AGI_Correos;;Mexico;Mexico;Correo;629
GDJ;Correo_1005165;Estafeta de correo de P. de San Diego;Estafeta de correo;Estafeta;4;P. de San Diego;1111;;9999;;;AGI_Correos;;Mexico;Mexico;Correo;630
GDJ;Correo_1005168;Estafeta de correo de Presidio de San Francisco;Estafeta de correo;Estafeta;4;Presidio de San Francisco;1111;;9999;;;AGI_Correos;;Mexico;Mexico;Correo;631
GDJ;Correo_1005170;Estafeta de correo de P. de Santa Barbara;Estafeta de correo;Estafeta;4;P. de Santa Barbara;1111;;9999;;;AGI_Correos;;Mexico;Mexico;Correo;632
GDJ;Correo_1005172;Estafeta de correo de P. de Loreto;Estafeta de correo;Estafeta;4;P. de Loreto;1111;;9999;;;AGI_Correos;;Mexico;Mexico;Correo;633
GDJ;Correo_1005209;Estafeta de correo de San Antonio de la Huerta;Estafeta de correo;Estafeta;4;San Antonio de la Huerta;1111;;9999;;;AGI_Correos;;Mexico;Mexico;Correo;634
GDJ;Correo_1005218;Estafeta de correo de Santa Rosa de Cosihuiriáchic;Estafeta de correo;Estafeta;4;Santa Rosa de Cosihuiriáchic;1111;;9999;;;AGI_Correos;;Mexico;Mexico;Correo;635
GDJ;Correo_1005371;Estafeta de correo de Cacaria;Estafeta de correo;Estafeta;4;Cacaria;1111;;9999;;;AGI_Correos;;Mexico;Mexico;Correo;636
GDJ;Correo_1005386;Estafeta de correo de Presidio de Santa Cruz;Estafeta de correo;Estafeta;4;Presidio de Santa Cruz;1111;;9999;;;AGI_Correos;;Mexico;Mexico;Correo;637
GDJ;Correo_1005463;Estafeta de correo de Presidio de Anahelo;Estafeta de correo;Estafeta;4;Presidio de Anahelo;1111;;9999;;;AGI_Correos;;Mexico;Mexico;Correo;638
GDJ;Correo_1005508;Estafeta de correo de Presidio de San Agustín de Tucson;Estafeta de correo;Estafeta;4;Presidio de San Agustín de Tucson;1111;;9999;;;AGI_Correos;;Mexico;Mexico;Correo;639
GDJ;Correo_1005513;Estafeta de correo de Huatimape;Estafeta de correo;Estafeta;4;Huatimape;1111;;9999;;;AGI_Correos;;Mexico;Mexico;Correo;640
GDJ;Correo_1005533;Estafeta de correo de Presidio del Principe;Estafeta de correo;Estafeta;4;Presidio del Principe;1111;;9999;;;AGI_Correos;;Mexico;Mexico;Correo;641
GUA;Correo_2000001;Estafeta de correo de Gracias a Dios;Estafeta de correo;Estafeta;4;Gracias a Dios;1111;;9999;;;AGI_Correos;;Guatemala;Guatemala;Correo;642
GUA;Correo_2000003;Administración principal de correo de Guatemala;Administración principal de correo;Principal;1;Guatemala;1111;;9999;;;AGI_Correos;;;;Correo;643
GUA;Correo_2000004;Estafeta de correo de San Salvador;Estafeta de correo;Estafeta;4;San Salvador;1111;;9999;;;AGI_Correos;;Guatemala;Guatemala;Correo;644
GUA;Correo_2000005;Estafeta de correo de Ciudad Real;Estafeta de correo;Estafeta;4;Ciudad Real;1111;;9999;;;AGI_Correos;;Guatemala;Guatemala;Correo;645
GUA;Correo_2000006;Estafeta de correo de Comayagua;Estafeta de correo;Estafeta;4;Comayagua;1111;;9999;;;AGI_Correos;;Guatemala;Guatemala;Correo;646
GUA;Correo_2000007;Estafeta de correo de León;Estafeta de correo;Estafeta;4;León;1111;;9999;;;AGI_Correos;;Guatemala;Guatemala;Correo;647
GUA;Correo_2000009;Estafeta de correo de Trujillo;Estafeta de correo;Estafeta;4;Trujillo;1111;;9999;;;AGI_Correos;;Guatemala;Guatemala;Correo;648
GUA;Correo_2000010;Estafeta de correo de Cartago;Estafeta de correo;Estafeta;4;Cartago;1111;;9999;;;AGI_Correos;;Guatemala;Guatemala;Correo;649
GUA;Correo_2000011;Estafeta de correo de Comitan;Estafeta de correo;Estafeta;4;Comitan;1111;;9999;;;AGI_Correos;;Guatemala;Guatemala;Correo;650
GUA;Correo_2000018;Estafeta de correo de Tapachula;Estafeta de correo;Estafeta;4;Tapachula;1111;;9999;;;AGI_Correos;;Guatemala;Guatemala;Correo;651
GUA;Correo_2000021;Estafeta de correo de Tonalá;Estafeta de correo;Estafeta;4;Tonalá;1111;;9999;;;AGI_Correos;;Guatemala;Guatemala;Correo;652
GUA;Correo_2000021;Estafeta de correo de Tonalá;Estafeta de correo;Estafeta;4;Tonalá;1111;;9999;;;AGI_Correos;;Mexico;Mexico;Correo;653
GUA;Correo_2000022;Estafeta de correo de Tuxtla;Estafeta de correo;Estafeta;4;Tuxtla;1111;;9999;;;AGI_Correos;;Guatemala;Guatemala;Correo;654
GUA;Correo_2000042;Estafeta de correo de Chiapas;Estafeta de correo;Estafeta;4;Chiapas;1111;;9999;;;AGI_Correos;;Guatemala;Guatemala;Correo;655
GUA;Correo_2000121;Estafeta de correo de Mazatenango;Estafeta de correo;Estafeta;4;Mazatenango;1111;;9999;;;AGI_Correos;;Guatemala;Guatemala;Correo;656
GUA;Correo_2000131;Estafeta de correo de Sonsonate;Estafeta de correo;Estafeta;4;Sonsonate;1111;;9999;;;AGI_Correos;;Guatemala;Guatemala;Correo;657
GUA;Correo_2000152;Estafeta de correo de Zacapa;Estafeta de correo;Estafeta;4;Zacapa;1111;;9999;;;AGI_Correos;;Guatemala;Guatemala;Correo;658
GUA;Correo_2000153;Estafeta de correo de Chiquimula;Estafeta de correo;Estafeta;4;Chiquimula;1111;;9999;;;AGI_Correos;;Guatemala;Guatemala;Correo;659
GUA;Correo_2000164;Estafeta de correo de Totonicapan;Estafeta de correo;Estafeta;4;Totonicapan;1111;;9999;;;AGI_Correos;;Guatemala;Guatemala;Correo;660
GUA;Correo_2000173;Estafeta de correo de Quetzaltenango;Estafeta de correo;Estafeta;4;Quetzaltenango;1111;;9999;;;AGI_Correos;;Guatemala;Guatemala;Correo;661
GUA;Correo_2000222;Estafeta de correo de Santa Ana;Estafeta de correo;Estafeta;4;Santa Ana;1111;;9999;;;AGI_Correos;;Guatemala;Guatemala;Correo;662
GUA;Correo_2000229;Estafeta de correo de Coxutepeque;Estafeta de correo;Estafeta;4;Coxutepeque;1111;;9999;;;AGI_Correos;;Guatemala;Guatemala;Correo;663
GUA;Correo_2000235;Estafeta de correo de San Vicente;Estafeta de correo;Estafeta;4;San Vicente;1111;;9999;;;AGI_Correos;;Guatemala;Guatemala;Correo;664
GUA;Correo_2000237;Estafeta de correo de Zacatecoluca;Estafeta de correo;Estafeta;4;Zacatecoluca;1111;;9999;;;AGI_Correos;;Guatemala;Guatemala;Correo;665
GUA;Correo_2000241;Estafeta de correo de San Miguel;Estafeta de correo;Estafeta;4;San Miguel;1111;;9999;;;AGI_Correos;;Guatemala;Guatemala;Correo;666
GUA;Correo_2000247;Estafeta de correo de Olanchito;Estafeta de correo;Estafeta;4;Olanchito;1111;;9999;;;AGI_Correos;;Guatemala;Guatemala;Correo;667
GUA;Correo_2000259;Estafeta de correo de San Fernando de Omoa;Estafeta de correo;Estafeta;4;San Fernando de Omoa;1111;;9999;;;AGI_Correos;;Guatemala;Guatemala;Correo;668
GUA;Correo_2000264;Estafeta de correo de Tegucigalpa;Estafeta de correo;Estafeta;4;Tegucigalpa;1111;;9999;;;AGI_Correos;;Guatemala;Guatemala;Correo;669
GUA;Correo_2000623;Estafeta de correo de Metapan;Estafeta de correo;Estafeta;4;Metapan;1111;;9999;;;AGI_Correos;;Guatemala;Guatemala;Correo;670
GUA;Correo_2000628;Estafeta de correo de Managua;Estafeta de correo;Estafeta;4;Managua;1111;;9999;;;AGI_Correos;;Guatemala;Guatemala;Correo;671
GUA;Correo_2000672;Estafeta de correo de El Realejo;Estafeta de correo;Estafeta;4;El Realejo;1111;;9999;;;AGI_Correos;;Guatemala;Guatemala;Correo;672
GUA;Correo_2000678;Estafeta de correo de Masaya;Estafeta de correo;Estafeta;4;Masaya;1111;;9999;;;AGI_Correos;;Guatemala;Guatemala;Correo;673
GUA;Correo_2000680;Estafeta de correo de Granada;Estafeta de correo;Estafeta;4;Granada;1111;;9999;;;AGI_Correos;;Guatemala;Guatemala;Correo;674
GUA;Correo_2000682;Estafeta de correo de Nicaragua;Estafeta de correo;Estafeta;4;Nicaragua;1111;;9999;;;AGI_Correos;;Guatemala;Guatemala;Correo;675
GUA;Correo_2000684;Estafeta de correo de Villanueva de San Jose;Estafeta de correo;Estafeta;4;Villanueva de San Jose;1111;;9999;;;AGI_Correos;;Guatemala;Guatemala;Correo;676
GUA;Correo_2000732;Estafeta de correo de San Felipe del Golfo;Estafeta de correo;Estafeta;4;San Felipe del Golfo;1111;;9999;;;AGI_Correos;;Guatemala;Guatemala;Correo;677
SDO;Correo_3000001;Administración principal de correo de Santo Domingo;Administración principal de correo;Principal;1;Santo Domingo;1111;;9999;;;AGI_Correos;;;;Correo;678
SDO;Correo_3000002;Estafeta de correo de Puerto Principe;Estafeta de correo;Estafeta;4;Puerto Principe;1111;not_after;9999;not_after;;AGI_Correos;;La Habana;La Habana;Correo;679
SDO;Correo_3000003;Administración principal de correo de Puerto Rico;Administración principal de correo;Principal;1;Puerto Rico;1111;;9999;;;AGI_Correos;;;;Correo;680
SDO;Correo_3000004;Administración principal de correo de La Habana;Administración principal de correo;Principal;1;La Habana;1111;;9999;;;AGI_Correos;;;;Correo;681
SDO;Correo_3000005;Estafeta de correo de Santiago de Cuba;Estafeta de correo;Estafeta;4;Santiago de Cuba;1111;not_after;9999;not_after;;AGI_Correos;;La Habana;La Habana;Correo;682
SDO;Correo_3000006;Estafeta de correo de Panzacola;Estafeta de correo;Estafeta;4;Panzacola;1111;exact;9999;exact;;AGI_Correos;;La Habana;La Habana;Correo;683
SDO;Correo_3000007;Estafeta de correo de San Agustin de la Florida;Estafeta de correo;Estafeta;4;San Agustin de la Florida;1111;;9999;;;AGI_Correos;;La Habana;La Habana;Correo;684
SDO;Correo_3000008;Estafeta de correo de Concepcion de la Vega;Estafeta de correo;Estafeta;4;Concepcion de la Vega;1111;exact;9999;exact;;AGI_Correos;;Santo Domingo;Santo Domingo;Correo;685
SDO;Correo_3000010;Estafeta de correo de Trinidad;Estafeta de correo;Estafeta;4;Trinidad;1111;not_after;9999;not_after;;AGI_Correos;;La Habana;La Habana;Correo;686
SDO;Correo_3000011;Estafeta de correo de Matanzas;Estafeta de correo;Estafeta;4;Matanzas;1111;not_after;9999;not_after;;AGI_Correos;;La Habana;La Habana;Correo;687
SDO;Correo_3000012;Estafeta de correo de Baracoa;Estafeta de correo;Estafeta;4;Baracoa;1111;exact;9999;exact;;AGI_Correos;;La Habana;La Habana;Correo;688
SDO;Correo_3000013;Estafeta de correo de Bayamo;Estafeta de correo;Estafeta;4;Bayamo;1111;not_after;9999;not_after;;AGI_Correos;;La Habana;La Habana;Correo;689
SDO;Correo_3000015;Estafeta de correo de Guanabacoa;Estafeta de correo;Estafeta;4;Guanabacoa;1111;not_after;9999;not_after;;AGI_Correos;;La Habana;La Habana;Correo;690
SDO;Correo_3000016;Estafeta de correo de Holguin;Estafeta de correo;Estafeta;4;Holguin;1111;exact;9999;exact;;AGI_Correos;;La Habana;La Habana;Correo;691
SDO;Correo_3000017;Estafeta de correo de Sancti Spiritus;Estafeta de correo;Estafeta;4;Sancti Spiritus;1111;not_after;9999;not_after;;AGI_Correos;;La Habana;La Habana;Correo;692
SDO;Correo_3000018;Estafeta de correo de San Juan de los Remedios;Estafeta de correo;Estafeta;4;San Juan de los Remedios;1111;not_after;9999;not_after;;AGI_Correos;;La Habana;La Habana;Correo;693
SDO;Correo_3000019;Estafeta de correo de Santa Clara;Estafeta de correo;Estafeta;4;Santa Clara;1111;not_after;9999;not_after;;AGI_Correos;;La Habana;La Habana;Correo;694
SDO;Correo_3000021;Estafeta de correo de Jaruco;Estafeta de correo;Estafeta;4;Jaruco;1111;;9999;;;AGI_Correos;;La Habana;La Habana;Correo;695
SDO;Correo_3000022;Estafeta de correo de Santa Maria del Rosario;Estafeta de correo;Estafeta;4;Santa Maria del Rosario;1111;;9999;;;AGI_Correos;;La Habana;La Habana;Correo;696
SDO;Correo_3000023;Estafeta de correo de Nueva Orleans;Estafeta de correo;Estafeta;4;Nueva Orleans;1111;exact;9999;exact;;AGI_Correos;;La Habana;La Habana;Correo;697
SDO;Correo_3000125;Estafeta de correo de Mobila;Estafeta de correo;Estafeta;4;Mobila;1111;;9999;;;AGI_Correos;;La Habana;La Habana;Correo;698
SDO;Correo_3000174;Estafeta de correo de Puerto de Plata;Estafeta de correo;Estafeta;4;Puerto de Plata;1111;exact;9999;exact;;AGI_Correos;;Santo Domingo;Santo Domingo;Correo;699
SDO;Correo_3000175;Estafeta de correo de Montecristi;Estafeta de correo;Estafeta;4;Montecristi;1111;exact;9999;exact;;AGI_Correos;;Santo Domingo;Santo Domingo;Correo;700
SDO;Correo_3000177;Estafeta de correo de San Juan;Estafeta de correo;Estafeta;4;San Juan;1111;exact;9999;exact;;AGI_Correos;;Santo Domingo;Santo Domingo;Correo;701
SDO;Correo_3000178;Estafeta de correo de Neiba;Estafeta de correo;Estafeta;4;Neiba;1111;exact;9999;exact;;AGI_Correos;;Santo Domingo;Santo Domingo;Correo;702
SDO;Correo_3000182;Estafeta de correo de San Rafael de Rozas;Estafeta de correo;Estafeta;4;San Rafael de Rozas;1111;exact;9999;exact;;AGI_Correos;;Santo Domingo;Santo Domingo;Correo;703
SDO;Correo_3000183;Estafeta de correo de Dajabon;Estafeta de correo;Estafeta;4;Dajabon;1111;exact;9999;exact;;AGI_Correos;;Santo Domingo;Santo Domingo;Correo;704
SDO;Correo_3000224;Estafeta de correo de Cotui;Estafeta de correo;Estafeta;4;Cotui;1111;exact;9999;exact;;AGI_Correos;;Santo Domingo;Santo Domingo;Correo;705
SDO;Correo_3000225;Estafeta de correo de Banica;Estafeta de correo;Estafeta;4;Banica;1111;exact;9999;exact;;AGI_Correos;;Santo Domingo;Santo Domingo;Correo;706
SDO;Correo_3000226;Estafeta de correo de Azua;Estafeta de correo;Estafeta;4;Azua;1111;exact;9999;exact;;AGI_Correos;;Santo Domingo;Santo Domingo;Correo;707
SDO;Correo_3000233;Estafeta de correo de Santiago de los Caballeros;Estafeta de correo;Estafeta;4;Santiago de los Caballeros;1111;exact;9999;exact;;AGI_Correos;;Santo Domingo;Santo Domingo;Correo;708
SDO;Correo_3000246;Estafeta de correo de San Antonio de las Vegas;Estafeta de correo;Estafeta;4;San Antonio de las Vegas;1111;;9999;;;AGI_Correos;;La Habana;La Habana;Correo;709
SDO;Correo_3000321;Estafeta de correo de Hincha;Estafeta de correo;Estafeta;4;Hincha;1111;exact;9999;exact;;AGI_Correos;;Santo Domingo;Santo Domingo;Correo;710
SDO;Correo_3000322;Estafeta de correo de Bani;Estafeta de correo;Estafeta;4;Bani;1111;exact;9999;exact;;AGI_Correos;;Santo Domingo;Santo Domingo;Correo;711
VEN;Correo_4000001;Administración principal de correo de Caracas;Administración principal de correo;Principal;1;Caracas;1111;;9999;;;AGI_Correos;;;;Correo;712
VEN;Correo_4000002;Estafeta de correo de Coro;Estafeta de correo;Estafeta;4;Coro;1111;;9999;;;AGI_Correos;;Caracas;Caracas;Correo;713
VEN;Correo_4000003;Estafeta de correo de El Tocuyo;Estafeta de correo;Estafeta;4;El Tocuyo;1111;exact;9999;exact;;AGI_Correos;;Caracas;Caracas;Correo;714
VEN;Correo_4000004;Estafeta de correo de isla Trinidad;Estafeta de correo;Estafeta;4;isla Trinidad;1111;;9999;;;AGI_Correos;;Caracas;Caracas;Correo;715
VEN;Correo_4000004;Estafeta de correo de isla Trinidad;Estafeta de correo;Estafeta;4;isla Trinidad;1111;;9999;;;AGI_Correos;;Puerto Rico;Puerto Rico;Correo;716
VEN;Correo_4000004;Estafeta de correo de isla Trinidad;Estafeta de correo;Estafeta;4;isla Trinidad;1111;;9999;;;AGI_Correos;;Puerto Rico;Puerto Rico;Correo;717
VEN;Correo_4000005;Administración de correo de Cumana;Administración de correo;Subprincipal;2;Cumana;1111;;9999;;;AGI_Correos;;Caracas;Caracas;Correo;718
VEN;Correo_4000005;Administración de correo de Cumana;Administración de correo;Subprincipal;2;Cumana;1111;;9999;;;AGI_Correos;;Caracas;Caracas;Correo;719
VEN;Correo_4000005;Administración de correo de Cumana;Administración de correo;Subprincipal;2;Cumana;1111;;9999;;;AGI_Correos;;;;Correo;720
VEN;Correo_4000006;Estafeta de correo de isla Margarita;Estafeta de correo;Estafeta;4;isla Margarita;1111;;9999;;;AGI_Correos;;Caracas;Caracas;Correo;721
VEN;Correo_4000006;Estafeta de correo de isla Margarita;Estafeta de correo;Estafeta;4;isla Margarita;1111;;9999;;;AGI_Correos;;Caracas;Caracas;Correo;722
VEN;Correo_4000006;Estafeta de correo de isla Margarita;Estafeta de correo;Estafeta;4;isla Margarita;1111;;9999;;;AGI_Correos;;;;Correo;723
VEN;Correo_4000007;Estafeta de correo de Maracaibo;Estafeta de correo;Estafeta;4;Maracaibo;1111;;9999;;;AGI_Correos;;Caracas;Caracas;Correo;724
VEN;Correo_4000007;Estafeta de correo de Maracaibo;Estafeta de correo;Estafeta;4;Maracaibo;1111;not_before;9999;not_before;"1797 en Caracas- 1793 descrito como  ""de Caracas"" . Hay nota en AGN-Colombia de 1779, que en lo futuro Maracaibo kdependiera de Caracas. CORREOS-VEN:SC.18,1,D.15";AGI_Correos;;Caracas;Caracas;Correo;725
VEN;Correo_4000007;Estafeta de correo de Maracaibo;Estafeta de correo;Estafeta;4;Maracaibo;1111;;9999;;;AGI_Correos;;Santa Fe;Santa Fe;Correo;726
VEN;Correo_4000008;Estafeta de correo de Barinas;Estafeta de correo;Estafeta;4;Barinas;1111;;9999;;;AGI_Correos;;Maracaibo;Santa Fe;Correo;727
VEN;Correo_4000008;Estafeta de correo de Barinas;Estafeta de correo;Estafeta;4;Barinas;1111;;9999;;;AGI_Correos;;Maracaibo;Caracas;Correo;728
VEN;Correo_4000009;Estafeta de correo de Guayana;Estafeta de correo;Estafeta;4;Guayana;1111;exact;9999;exact;;AGI_Correos;;Caracas;Caracas;Correo;729
VEN;Correo_4000010;Estafeta de correo de La Guaira;Estafeta de correo;Estafeta;4;La Guaira;1111;;9999;;;AGI_Correos;;Caracas;Caracas;Correo;730
VEN;Correo_4000011;Estafeta de correo de Merida;Estafeta de correo;Estafeta;4;Merida;1111;;9999;;;AGI_Correos;;Maracaibo;Santa Fe;Correo;731
VEN;Correo_4000011;Estafeta de correo de Merida;Estafeta de correo;Estafeta;4;Merida;1111;not_after;9999;not_after;;AGI_Correos;;Maracaibo;Caracas;Correo;732
VEN;Correo_4000013;Estafeta de correo de Araure;Estafeta de correo;Estafeta;4;Araure;1111;;9999;;;AGI_Correos;;Caracas;Caracas;Correo;733
VEN;Correo_4000014;Estafeta de correo de Barquisimeto;Estafeta de correo;Estafeta;4;Barquisimeto;1111;;9999;;;AGI_Correos;;Caracas;Caracas;Correo;734
VEN;Correo_4000016;Estafeta de correo de Carora;Estafeta de correo;Estafeta;4;Carora;1111;exact;9999;exact;;AGI_Correos;;Caracas;Caracas;Correo;735
VEN;Correo_4000018;Estafeta de correo de Guanare;Estafeta de correo;Estafeta;4;Guanare;1111;;9999;;;AGI_Correos;;Caracas;Caracas;Correo;736
VEN;Correo_4000020;Estafeta de correo de San Carlos;Estafeta de correo;Estafeta;4;San Carlos;1111;;9999;;;AGI_Correos;;Caracas;Caracas;Correo;737
VEN;Correo_4000021;Estafeta de correo de San Felipe;Estafeta de correo;Estafeta;4;San Felipe;1111;;9999;;;AGI_Correos;;Caracas;Caracas;Correo;738
VEN;Correo_4000024;Estafeta de correo de Valencia;Estafeta de correo;Estafeta;4;Valencia;1111;;9999;;;AGI_Correos;;Caracas;Caracas;Correo;739
VEN;Correo_4000051;Estafeta de correo de Maracay;Estafeta de correo;Estafeta;4;Maracay;1111;;9999;;;AGI_Correos;;Caracas;Caracas;Correo;740
VEN;Correo_4000053;Estafeta de correo de Turmero;Estafeta de correo;Estafeta;4;Turmero;1111;;9999;;;AGI_Correos;;Caracas;Caracas;Correo;741
VEN;Correo_4000056;Estafeta de correo de La Victoria;Estafeta de correo;Estafeta;4;La Victoria;1111;;9999;;;AGI_Correos;;Caracas;Caracas;Correo;742
VEN;Correo_4000107;Estafeta de correo de Puerto Cabello;Estafeta de correo;Estafeta;4;Puerto Cabello;1111;;9999;;;AGI_Correos;;Caracas;Caracas;Correo;743
VEN;Correo_4000330;Estafeta de correo de Barcelona;Estafeta de correo;Estafeta;4;Barcelona;1111;;9999;;;AGI_Correos;;Caracas;Caracas;Correo;744
VEN;Correo_4000460;Estafeta de correo de San Cristobal;Estafeta de correo;Estafeta;4;San Cristobal;1111;;9999;;;AGI_Correos;;Maracaibo;Santa Fe;Correo;745
VEN;Correo_4000460;Estafeta de correo de San Cristobal;Estafeta de correo;Estafeta;4;San Cristobal;1111;not_after;9999;not_after;;AGI_Correos;;Maracaibo;Caracas;Correo;746
VEN;Correo_4000461;Estafeta de correo de La Grita;Estafeta de correo;Estafeta;4;La Grita;1111;not_after;9999;not_after;;AGI_Correos;;Maracaibo;Santa Fe;Correo;747
VEN;Correo_4000461;Estafeta de correo de La Grita;Estafeta de correo;Estafeta;4;La Grita;1111;not_after;9999;not_after;;AGI_Correos;;Maracaibo;Caracas;Correo;748
VEN;Correo_4000463;Estafeta de correo de Trujillo;Estafeta de correo;Estafeta;4;Trujillo;1111;;9999;;;AGI_Correos;;Maracaibo;Caracas;Correo;749
VEN;Correo_4000469;Estafeta de correo de Bailadores;Estafeta de correo;Estafeta;4;Bailadores;1111;;9999;;;AGI_Correos;;Maracaibo;Caracas;Correo;750
VEN;Correo_4000624;Estafeta de correo de San Antonio;Estafeta de correo;Estafeta;4;San Antonio;1111;;9999;;;AGI_Correos;;Maracaibo;Caracas;Correo;751
VEN;Correo_4000659;Estafeta de correo de Escuque;Estafeta de correo;Estafeta;4;Escuque;1111;;9999;;;AGI_Correos;;Maracaibo;Caracas;Correo;752
NGR;Correo_5000001;Administración de correo de Santa Fe;Administración de correo;Subprincipal;2;Santa Fe;1111;;9999;;;AGI_Correos;;Cartagena;Cartagena;Correo;753
NGR;Correo_5000001;Administración principal de correo de Santa Fe;Administración principal de correo;Principal;1;Santa Fe;1111;;9999;;;AGI_Correos;;;;Correo;754
NGR;Correo_5000002;Estafeta de correo de Panama;Estafeta de correo;Estafeta principal;3;Panama;1111;;9999;;;AGI_Correos;;Cartagena;Cartagena;Correo;755
NGR;Correo_5000003;Estafeta de correo de Antioquia;Estafeta de correo;Estafeta;4;Antioquia;1111;;9999;;;AGI_Correos;;Medellin;Santa Fe;Correo;756
NGR;Correo_5000004;Administración principal de correo de Cartagena;Administración principal de correo;Principal;1;Cartagena;1111;;9999;;;AGI_Correos;;;;Correo;757
NGR;Correo_5000005;Estafeta de correo de Portobelo;Estafeta de correo;Estafeta;4;Portobelo;1111;exact;9999;exact;;AGI_Correos;;Panama;Cartagena;Correo;758
NGR;Correo_5000006;Estafeta de correo de Quibdo;Estafeta de correo;Estafeta;4;Quibdo;1111;;9999;;;AGI_Correos;;Cartago;Santa Fe;Correo;759
NGR;Correo_5000007;Estafeta de correo de Santiago;Estafeta de correo;Estafeta;4;Santiago;1111;;9999;;;AGI_Correos;;Pore;Santa Fe;Correo;760
NGR;Correo_5000008;Estafeta de correo de Pore;Estafeta de correo;Estafeta principal;3;Pore;1111;;9999;;;AGI_Correos;;Santa Fe;Santa Fe;Correo;761
NGR;Correo_5000009;Estafeta de correo de Mariquita;Estafeta de correo;Estafeta;4;Mariquita;1111;;9999;;;AGI_Correos;;Santa Fe;Santa Fe;Correo;762
NGR;Correo_5000010;Estafeta de correo de Neiva;Estafeta de correo;Estafeta;4;Neiva;1111;;9999;not_after;;AGI_Correos;;Santa Fe;Santa Fe;Correo;763
NGR;Correo_5000010;Estafeta de correo de Neiva;Estafeta de correo;Estafeta principal;3;Neiva;1111;not_after;9999;not_after;;AGI_Correos;;Santa Fe;Santa Fe;Correo;764
NGR;Correo_5000011;Estafeta de correo de Santa Marta;Estafeta de correo;Estafeta principal;3;Santa Marta;1111;;9999;;;AGI_Correos;;Cartagena;Cartagena;Correo;765
NGR;Correo_5000012;Estafeta de correo de Riohacha;Estafeta de correo;Estafeta;4;Riohacha;1111;exact;9999;exact;;AGI_Correos;;Santa Marta;Cartagena;Correo;766
NGR;Correo_5000013;Estafeta de correo de Veraguas;Estafeta de correo;Estafeta;4;Veraguas;1111;exact;9999;exact;;AGI_Correos;;Panama;Cartagena;Correo;767
NGR;Correo_5000014;Estafeta de correo de Tunja;Estafeta de correo;Estafeta principal;3;Tunja;1111;;9999;;;AGI_Correos;;Santa Fe;Santa Fe;Correo;768
NGR;Correo_5000015;Estafeta de correo de Socorro;Estafeta de correo;Estafeta principal;3;Socorro;1111;;9999;;;AGI_Correos;;Santa Fe;Santa Fe;Correo;769
NGR;Correo_5000016;Estafeta de correo de Pamplona;Estafeta de correo;Estafeta;4;Pamplona;1111;;9999;;;AGI_Correos;;Rosario Cucuta;Santa Fe;Correo;770
NGR;Correo_5000017;Estafeta de correo de San Martín;Estafeta de correo;Estafeta;4;San Martín;1111;not_after;9999;not_after;;AGI_Correos;;Caqueza;Santa Fe;Correo;771
NGR;Correo_5000019;Estafeta de correo de Medellin;Estafeta de correo;Estafeta principal;3;Medellin;1111;;9999;;;AGI_Correos;;Santa Fe;Santa Fe;Correo;772
NGR;Correo_5000020;Estafeta de correo de Remedios;Estafeta de correo;Estafeta;4;Remedios;1111;;9999;;;AGI_Correos;;Medellin;Santa Fe;Correo;773
NGR;Correo_5000021;Estafeta de correo de Rionegro;Estafeta de correo;Estafeta;4;Rionegro;1111;;9999;;;AGI_Correos;;Medellin;Santa Fe;Correo;774
NGR;Correo_5000022;Estafeta de correo de Marinilla;Estafeta de correo;Estafeta;4;Marinilla;1111;;9999;;;AGI_Correos;;Medellin;Santa Fe;Correo;775
NGR;Correo_5000023;Estafeta de correo de Zaragoza;Estafeta de correo;Estafeta;4;Zaragoza;1111;not_after;9999;not_after;;AGI_Correos;;Antioquia;Santa Fe;Correo;776
NGR;Correo_5000024;Estafeta de correo de Mompox;Estafeta de correo;Estafeta principal;3;Mompox;1111;;9999;;;AGI_Correos;;Cartagena;Cartagena;Correo;777
NGR;Correo_5000025;Estafeta de correo de Simiti;Estafeta de correo;Estafeta;4;Simiti;1111;exact;9999;exact;;AGI_Correos;;Mompox;Cartagena;Correo;778
NGR;Correo_5000027;Estafeta de correo de Chire;Estafeta de correo;Estafeta;4;Chire;1111;;9999;;;AGI_Correos;;Pore;Santa Fe;Correo;779
NGR;Correo_5000029;Administración de correo de Honda;Administración de correo;Subprincipal;2;Honda;1111;;9999;;;AGI_Correos;;Santa Fe;Santa Fe;Correo;780
NGR;Correo_5000030;Estafeta de correo de Ibague;Estafeta de correo;Estafeta;4;Ibague;1111;;9999;;;AGI_Correos;;Cartago;Santa Fe;Correo;781
NGR;Correo_5000032;Estafeta de correo de La Plata;Estafeta de correo;Estafeta;4;La Plata;1111;;9999;;Según Pando ya 1774;AGI_Correos;;Popayan;Lima;Correo;782
NGR;Correo_5000032;Estafeta de correo de La Plata;Estafeta de correo;Estafeta;4;La Plata;1111;;9999;;;AGI_Correos;;Popayan;Santa Fe;Correo;783
NGR;Correo_5000033;Estafeta de correo de Purificación;Estafeta de correo;Estafeta;4;Purificación;1111;;9999;;;AGI_Correos;;Santa Fe;Santa Fe;Correo;784
NGR;Correo_5000035;Estafeta de correo de San Jose Cucuta;Estafeta de correo;Estafeta;4;San Jose Cucuta;1111;;9999;;;AGI_Correos;;Rosario Cucuta;Santa Fe;Correo;785
NGR;Correo_5000036;Estafeta de correo de Giron;Estafeta de correo;Estafeta;4;Giron;1111;;9999;;;AGI_Correos;;Socorro;Santa Fe;Correo;786
NGR;Correo_5000037;Estafeta de correo de Salazar;Estafeta de correo;Estafeta;4;Salazar;1111;;9999;;;AGI_Correos;;Rosario Cucuta;Santa Fe;Correo;787
NGR;Correo_5000037;Estafeta de correo de Salazar;Estafeta de correo;Estafeta;4;Salazar;1111;;9999;;;AGI_Correos;;Rosario Cucuta;Santa Fe;Correo;788
NGR;Correo_5000038;Estafeta de correo de Nata;Estafeta de correo;Estafeta;4;Nata;1111;exact;9999;exact;;AGI_Correos;;Panama;Cartagena;Correo;789
NGR;Correo_5000039;Estafeta de correo de Ocaña;Estafeta de correo;Estafeta;4;Ocaña;1111;exact;9999;exact;;AGI_Correos;;Mompox;Cartagena;Correo;790
NGR;Correo_5000041;Estafeta de correo de Valledupar;Estafeta de correo;Estafeta;4;Valledupar;1111;exact;9999;exact;;AGI_Correos;;Santa Marta;Cartagena;Correo;791
NGR;Correo_5000042;Estafeta de correo de San Gil;Estafeta de correo;Estafeta;4;San Gil;1111;;9999;;;AGI_Correos;;Socorro;Santa Fe;Correo;792
NGR;Correo_5000044;Estafeta de correo de Leyva;Estafeta de correo;Estafeta;4;Leyva;1111;;9999;;;AGI_Correos;;Tunja;Santa Fe;Correo;793
NGR;Correo_5000047;Estafeta de correo de Barranquilla;Estafeta de correo;Estafeta;4;Barranquilla;1111;exact;9999;exact;;AGI_Correos;;Cartagena;Cartagena;Correo;794
NGR;Correo_5000056;Estafeta de correo de Novita;Estafeta de correo;Estafeta;4;Novita;1111;;9999;;;AGI_Correos;;Cartago;Santa Fe;Correo;795
NGR;Correo_5000057;Estafeta de correo de Servita;Estafeta de correo;Estafeta;4;Servita;1111;;9999;;;AGI_Correos;;Socorro;Santa Fe;Correo;796
NGR;Correo_5000059;Estafeta de correo de Caqueza;Estafeta de correo;Estafeta principal;3;Caqueza;1111;not_after;9999;not_after;;AGI_Correos;;Pore;Santa Fe;Correo;797
NGR;Correo_5000060;Estafeta de correo de Choconta;Estafeta de correo;Estafeta;4;Choconta;1111;;9999;;;AGI_Correos;;Santa Fe;Santa Fe;Correo;798
NGR;Correo_5000061;Estafeta de correo de Guaduas;Estafeta de correo;Estafeta;4;Guaduas;1111;;9999;;;AGI_Correos;;Honda;Santa Fe;Correo;799
NGR;Correo_5000062;Estafeta de correo de Ubate;Estafeta de correo;Estafeta;4;Ubate;1111;;9999;not_after;;AGI_Correos;;Santa Fe;Santa Fe;Correo;800
NGR;Correo_5000062;Estafeta de correo de Ubate;Estafeta de correo;Estafeta;4;Ubate;1111;not_after;9999;not_after;;AGI_Correos;;Zipaquira;Santa Fe;Correo;801
NGR;Correo_5000063;Estafeta de correo de Zipaquira;Estafeta de correo;Estafeta;4;Zipaquira;1111;;9999;not_after;;AGI_Correos;;Santa Fe;Santa Fe;Correo;802
NGR;Correo_5000063;Estafeta de correo de Zipaquira;Estafeta de correo;Estafeta principal;3;Zipaquira;1111;not_after;9999;not_after;;AGI_Correos;;Santa Fe;Santa Fe;Correo;803
NGR;Correo_5000065;Estafeta de correo de Tenerife;Estafeta de correo;Estafeta;4;Tenerife;1111;exact;9999;exact;;AGI_Correos;;Cartagena;Cartagena;Correo;804
NGR;Correo_5000066;Estafeta de correo de Velez;Estafeta de correo;Estafeta;4;Velez;1111;;9999;;;AGI_Correos;;Socorro;Santa Fe;Correo;805
NGR;Correo_5000071;Estafeta de correo de Sogamoso;Estafeta de correo;Estafeta;4;Sogamoso;1111;;9999;;;AGI_Correos;;Tunja;Santa Fe;Correo;806
NGR;Correo_5000086;Estafeta de correo de Santa Rosa de los Osos;Estafeta de correo;Estafeta;4;Santa Rosa de los Osos;1111;;9999;;;AGI_Correos;;Medellin;Santa Fe;Correo;807
NGR;Correo_5000094;Estafeta de correo de San Bartolome;Estafeta de correo;Estafeta;4;San Bartolome;1111;;9999;;;AGI_Correos;;Honda;Santa Fe;Correo;808
NGR;Correo_5000095;Estafeta de correo de Cancan;Estafeta de correo;Estafeta;4;Cancan;1111;;9999;;;AGI_Correos;;Medellin;Santa Fe;Correo;809
NGR;Correo_5000096;Estafeta de correo de Yolombo;Estafeta de correo;Estafeta;4;Yolombo;1111;;9999;;;AGI_Correos;;Medellin;Santa Fe;Correo;810
NGR;Correo_5000104;Estafeta de correo de Barranca;Estafeta de correo;Estafeta;4;Barranca;1111;exact;9999;exact;;AGI_Correos;;Cartagena;Cartagena;Correo;811
NGR;Correo_5000107;Estafeta de correo de Soledad;Estafeta de correo;Estafeta;4;Soledad;1111;exact;9999;exact;;AGI_Correos;;Cartagena;Cartagena;Correo;812
NGR;Correo_5000157;Estafeta de correo de Sabanagrande;Estafeta de correo;Estafeta;4;Sabanagrande;1111;exact;9999;exact;;AGI_Correos;;Cartagena;Cartagena;Correo;813
NGR;Correo_5000168;Estafeta de correo de Sabanalarga;Estafeta de correo;Estafeta;4;Sabanalarga;1111;exact;9999;exact;;AGI_Correos;;Cartagena;Cartagena;Correo;814
NGR;Correo_5000173;Estafeta de correo de Morales;Estafeta de correo;Estafeta;4;Morales;1111;exact;9999;exact;;AGI_Correos;;Mompox;Cartagena;Correo;815
NGR;Correo_5000192;Estafeta de correo de Tado;Estafeta de correo;Estafeta;4;Tado;1111;;9999;;;AGI_Correos;;Cartago;Santa Fe;Correo;816
NGR;Correo_5000193;Estafeta de correo de Las Juntas;Estafeta de correo;Estafeta;4;Las Juntas;1111;;9999;;;AGI_Correos;;Cartago;Santa Fe;Correo;817
NGR;Correo_5000205;Estafeta de correo de Labranzagrande;Estafeta de correo;Estafeta;4;Labranzagrande;1111;;9999;;;AGI_Correos;;Santa Fe;Santa Fe;Correo;818
NGR;Correo_5000207;Estafeta de correo de Morcote;Estafeta de correo;Estafeta;4;Morcote;1111;;9999;;;AGI_Correos;;Pore;Santa Fe;Correo;819
NGR;Correo_5000207;Estafeta de correo de Morcote;Estafeta de correo;Estafeta;4;Morcote;1111;not_after;9999;not_after;;AGI_Correos;;Pore;Santa Fe;Correo;820
NGR;Correo_5000218;Estafeta de correo de San Jose de Nare;Estafeta de correo;Estafeta;4;San Jose de Nare;1111;not_after;9999;not_after;cuentas solo desde 1799;AGI_Correos;;Honda;Santa Fe;Correo;821
NGR;Correo_5000222;Estafeta de correo de San Luis;Estafeta de correo;Estafeta;4;San Luis;1111;;9999;not_after;;AGI_Correos;;Cartago;Santa Fe;Correo;822
NGR;Correo_5000223;Estafeta de correo de Chaparral;Estafeta de correo;Estafeta;4;Chaparral;1111;;9999;;;AGI_Correos;;Cartago;Santa Fe;Correo;823
NGR;Correo_5000224;Estafeta de correo de Guamo;Estafeta de correo;Estafeta;4;Guamo;1111;not_after;9999;not_after;;AGI_Correos;;Honda;Santa Fe;Correo;824
NGR;Correo_5000230;Estafeta de correo de Tocayma;Estafeta de correo;Estafeta;4;Tocayma;1111;;9999;;;AGI_Correos;;Santa Fe;Santa Fe;Correo;825
NGR;Correo_5000231;Estafeta de correo de Ambalema;Estafeta de correo;Estafeta;4;Ambalema;1111;;9999;;;AGI_Correos;;Santa Fe;Santa Fe;Correo;826
NGR;Correo_5000234;Estafeta de correo de Anapoyma;Estafeta de correo;Estafeta;4;Anapoyma;1111;not_after;9999;not_after;;AGI_Correos;;Honda;Santa Fe;Correo;827
NGR;Correo_5000239;Estafeta de correo de Coello;Estafeta de correo;Estafeta;4;Coello;1111;not_after;9999;not_after;;AGI_Correos;;Neiva;Santa Fe;Correo;828
NGR;Correo_5000240;Estafeta de correo de Espinal;Estafeta de correo;Estafeta;4;Espinal;1111;not_after;9999;not_after;;AGI_Correos;;Neiva;Santa Fe;Correo;829
NGR;Correo_5000242;Estafeta de correo de Guayabal;Estafeta de correo;Estafeta;4;Guayabal;1111;;9999;;;AGI_Correos;;Santa Fe;Santa Fe;Correo;830
NGR;Correo_5000242;Estafeta de correo de Mesa de Juan Diaz;Estafeta de correo;Estafeta;4;Mesa de Juan Diaz;1111;;9999;;;AGI_Correos;;Santa Fe;Santa Fe;Correo;831
NGR;Correo_5000244;Estafeta de correo de Coyayma;Estafeta de correo;Estafeta;4;Coyayma;1111;not_after;9999;not_after;;AGI_Correos;;Neiva;Santa Fe;Correo;832
NGR;Correo_5000251;Estafeta de correo de Aype;Estafeta de correo;Estafeta;4;Aype;1111;not_after;9999;not_after;;AGI_Correos;;Neiva;Santa Fe;Correo;833
NGR;Correo_5000259;Estafeta de correo de Ataco;Estafeta de correo;Estafeta;4;Ataco;1111;not_after;9999;not_after;;AGI_Correos;;Neiva;Santa Fe;Correo;834
NGR;Correo_5000260;Estafeta de correo de Prado;Estafeta de correo;Estafeta;4;Prado;1111;not_after;9999;not_after;;AGI_Correos;;Neiva;Santa Fe;Correo;835
NGR;Correo_5000262;Estafeta de correo de Gigante;Estafeta de correo;Estafeta;4;Gigante;1111;;9999;;;AGI_Correos;;Popayan;Santa Fe;Correo;836
NGR;Correo_5000266;Estafeta de correo de Pital;Estafeta de correo;Estafeta;4;Pital;1111;;9999;;;AGI_Correos;;Popayan;Santa Fe;Correo;837
NGR;Correo_5000268;Estafeta de correo de Bochalema;Estafeta de correo;Estafeta;4;Bochalema;1111;not_after;9999;not_after;;AGI_Correos;;Pamplona;Santa Fe;Correo;838
NGR;Correo_5000269;Estafeta de correo de San Faustino;Estafeta de correo;Estafeta;4;San Faustino;1111;not_after;9999;not_after;;AGI_Correos;;Santa Fe;Santa Fe;Correo;839
NGR;Correo_5000270;Estafeta de correo de Pie de la Cuesta;Estafeta de correo;Estafeta;4;Pie de la Cuesta;1111;;9999;;;AGI_Correos;;Socorro;Santa Fe;Correo;840
NGR;Correo_5000271;Estafeta de correo de Bucaramanga;Estafeta de correo;Estafeta;4;Bucaramanga;1111;;9999;;;AGI_Correos;;Santa Fe;Santa Fe;Correo;841
NGR;Correo_5000276;Estafeta de correo de Cacota de Surata;Estafeta de correo;Estafeta;4;Cacota de Surata;1111;;9999;;;AGI_Correos;;Santa Fe;Santa Fe;Correo;842
NGR;Correo_5000285;Estafeta de correo de San Cayetano;Estafeta de correo;Estafeta;4;San Cayetano;1111;;9999;;;AGI_Correos;;Rosario Cucuta;Santa Fe;Correo;843
NGR;Correo_5000285;Estafeta de correo de San Cayetano;Estafeta de correo;Estafeta;4;San Cayetano;1111;;9999;;;AGI_Correos;;Rosario Cucuta;Santa Fe;Correo;844
NGR;Correo_5000288;Estafeta de correo de Anton;Estafeta de correo;Estafeta;4;Anton;1111;ca;9999;ca;;AGI_Correos;;Panama;Cartagena;Correo;845
NGR;Correo_5000289;Estafeta de correo de Santa María;Estafeta de correo;Estafeta;4;Santa María;1111;exact;9999;exact;;AGI_Correos;;Panama;Cartagena;Correo;846
NGR;Correo_5000291;Estafeta de correo de Penonome;Estafeta de correo;Estafeta;4;Penonome;1111;ca;9999;ca;;AGI_Correos;;Panama;Cartagena;Correo;847
NGR;Correo_5000293;Estafeta de correo de La Chorrera;Estafeta de correo;Estafeta;4;La Chorrera;1111;ca;9999;ca;;AGI_Correos;;Panama;Cartagena;Correo;848
NGR;Correo_5000299;Estafeta de correo de Arraijan;Estafeta de correo;Estafeta;4;Arraijan;1111;exact;9999;exact;;AGI_Correos;;Panama;Cartagena;Correo;849
NGR;Correo_5000303;Estafeta de correo de Capira;Estafeta de correo;Estafeta;4;Capira;1111;exact;9999;exact;;AGI_Correos;;Panama;Cartagena;Correo;850
NGR;Correo_5000304;Estafeta de correo de Chame;Estafeta de correo;Estafeta;4;Chame;1111;exact;9999;exact;;AGI_Correos;;Panama;Cartagena;Correo;851
NGR;Correo_5000305;Estafeta de correo de San Carlos;Estafeta de correo;Estafeta;4;San Carlos;1111;ca;9999;ca;;AGI_Correos;;Panama;Cartagena;Correo;852
NGR;Correo_5000308;Estafeta de correo de Los Santos;Estafeta de correo;Estafeta;4;Los Santos;1111;exact;9999;exact;;AGI_Correos;;Panama;Cartagena;Correo;853
NGR;Correo_5000310;Estafeta de correo de Parita;Estafeta de correo;Estafeta;4;Parita;1111;exact;9999;exact;;AGI_Correos;;Panama;Cartagena;Correo;854
NGR;Correo_5000313;Estafeta de correo de Las Tablas;Estafeta de correo;Estafeta;4;Las Tablas;1111;exact;9999;exact;;AGI_Correos;;Panama;Cartagena;Correo;855
NGR;Correo_5000342;Estafeta de correo de Villeta;Estafeta de correo;Estafeta;4;Villeta;1111;;9999;;;AGI_Correos;;Santa Fe;Santa Fe;Correo;856
NGR;Correo_5000353;Estafeta de correo de Facatativa;Estafeta de correo;Estafeta;4;Facatativa;1111;not_after;9999;not_after;;AGI_Correos;;Honda;Santa Fe;Correo;857
NGR;Correo_5000374;Estafeta de correo de Puerto Real;Estafeta de correo;Estafeta;4;Puerto Real;1111;;9999;;No hay cuentas;AGI_Correos;;Mompox;Cartagena;Correo;858
NGR;Correo_5000391;Estafeta de correo de Chiriguana;Estafeta de correo;Estafeta;4;Chiriguana;1111;exact;9999;exact;;AGI_Correos;;Mompox;Cartagena;Correo;859
NGR;Correo_5000402;Estafeta de correo de Barrancas;Estafeta de correo;Estafeta;4;Barrancas;1111;exact;9999;exact;;AGI_Correos;;Santa Marta;Cartagena;Correo;860
NGR;Correo_5000410;Estafeta de correo de Fonseca;Estafeta de correo;Estafeta;4;Fonseca;1111;exact;9999;exact;;AGI_Correos;;Santa Marta;Cartagena;Correo;861
NGR;Correo_5000421;Estafeta de correo de Barichara;Estafeta de correo;Estafeta;4;Barichara;1111;;9999;;;AGI_Correos;;Socorro;Santa Fe;Correo;862
NGR;Correo_5000429;Estafeta de correo de Charala;Estafeta de correo;Estafeta;4;Charala;1111;;9999;;;AGI_Correos;;Socorro;Santa Fe;Correo;863
NGR;Correo_5000431;Estafeta de correo de Oyba;Estafeta de correo;Estafeta;4;Oyba;1111;;9999;;;AGI_Correos;;Socorro;Santa Fe;Correo;864
NGR;Correo_5000436;Estafeta de correo de Paramo;Estafeta de correo;Estafeta;4;Paramo;1111;;9999;;;AGI_Correos;;Santa Fe;Santa Fe;Correo;865
NGR;Correo_5000437;Estafeta de correo de Puente Real;Estafeta de correo;Estafeta;4;Puente Real;1111;;9999;;;AGI_Correos;;Socorro;Santa Fe;Correo;866
NGR;Correo_5000446;Estafeta de correo de Guadalupe;Estafeta de correo;Estafeta;4;Guadalupe;1111;;9999;;;AGI_Correos;;Socorro;Santa Fe;Correo;867
NGR;Correo_5000462;Estafeta de correo de Cocuy;Estafeta de correo;Estafeta;4;Cocuy;1111;;9999;;;AGI_Correos;;Tunja;Santa Fe;Correo;868
NGR;Correo_5000503;Estafeta de correo de Chiquinquira;Estafeta de correo;Estafeta;4;Chiquinquira;1111;;9999;;;AGI_Correos;;Socorro;Santa Fe;Correo;869
NGR;Correo_5000507;Estafeta de correo de Santa Rosa;Estafeta de correo;Estafeta;4;Santa Rosa;1111;;9999;;;AGI_Correos;;Tunja;Santa Fe;Correo;870
NGR;Correo_5000508;Estafeta de correo de Serinza;Estafeta de correo;Estafeta;4;Serinza;1111;;9999;;;AGI_Correos;;Tunja;Santa Fe;Correo;871
NGR;Correo_5000509;Estafeta de correo de Sativa;Estafeta de correo;Estafeta;4;Sativa;1111;;9999;;;AGI_Correos;;Tunja;Santa Fe;Correo;872
NGR;Correo_5000510;Estafeta de correo de Suata;Estafeta de correo;Estafeta;4;Suata;1111;;9999;;;AGI_Correos;;Tunja;Santa Fe;Correo;873
NGR;Correo_5000515;Estafeta de correo de Tequia;Estafeta de correo;Estafeta;4;Tequia;1111;;9999;;;AGI_Correos;;Tunja;Santa Fe;Correo;874
NGR;Correo_5000533;Estafeta de correo de Guateque;Estafeta de correo;Estafeta;4;Guateque;1111;not_after;9999;not_after;;AGI_Correos;;Tunja;Santa Fe;Correo;875
NGR;Correo_5000709;Estafeta de correo de Villavieja;Estafeta de correo;Estafeta;4;Villavieja;1111;not_after;9999;not_after;;AGI_Correos;;Neiva;Santa Fe;Correo;876
NGR;Correo_5000784;Estafeta de correo de Rosario Cucuta;Estafeta de correo;Estafeta principal;3;Rosario Cucuta;1111;;9999;;;AGI_Correos;;Santa Fe;Santa Fe;Correo;877
QUI;Correo_5600001;Administración de correo de Quito;Administración de correo;Subprincipal;2;Quito;1111;;9999;;;AGI_Correos;;Cartagena;Cartagena;Correo;878
QUI;Correo_5600001;Administración de correo de Quito;Administración de correo;Subprincipal;2;Quito;1111;;9999;;;AGI_Correos;;Lima;Lima;Correo;879
QUI;Correo_5600002;Estafeta de correo de Cuenca;Estafeta de correo;Estafeta principal;3;Cuenca;1111;;9999;;;AGI_Correos;;Quito;Lima;Correo;880
QUI;Correo_5600003;Administración de correo de Guayaquil;Administración de correo;Subprincipal;2;Guayaquil;1111;;9999;;;AGI_Correos;;Lima;Lima;Correo;881
QUI;Correo_5600005;Administración de correo de Popayan;Administración de correo;Subprincipal;2;Popayan;1111;;9999;;;AGI_Correos;;Quito;Lima;Correo;882
QUI;Correo_5600005;Administración de correo de Popayan;Administración de correo;Subprincipal;2;Popayan;1111;;9999;;;AGI_Correos;;Santa Fe;Santa Fe;Correo;883
QUI;Correo_5600008;Estafeta de correo de Ibarra;Estafeta de correo;Estafeta;4;Ibarra;1111;;9999;;;AGI_Correos;;Quito;Lima;Correo;884
QUI;Correo_5600009;Estafeta de correo de Otavalo;Estafeta de correo;Estafeta;4;Otavalo;1111;not_after;9999;not_after;;AGI_Correos;;Quito;Lima;Correo;885
QUI;Correo_5600010;Estafeta de correo de Latacunga;Estafeta de correo;Estafeta;4;Latacunga;1111;;9999;;;AGI_Correos;;Quito;Lima;Correo;886
QUI;Correo_5600011;Estafeta de correo de Guaranda;Estafeta de correo;Estafeta;4;Guaranda;1111;;9999;;;AGI_Correos;;Quito;Lima;Correo;887
QUI;Correo_5600012;Estafeta de correo de Loja;Estafeta de correo;Estafeta;4;Loja;1111;;9999;;;AGI_Correos;;Cuenca;Lima;Correo;888
QUI;Correo_5600014;Estafeta de correo de Riobamba;Estafeta de correo;Estafeta;4;Riobamba;1111;;9999;;;AGI_Correos;;Quito;Lima;Correo;889
QUI;Correo_5600022;Estafeta de correo de Babahoyo;Estafeta de correo;Estafeta;4;Babahoyo;1111;;9999;;;AGI_Correos;;Guayaquil;Lima;Correo;890
QUI;Correo_5600025;Estafeta de correo de Naranjal;Estafeta de correo;Estafeta;4;Naranjal;1111;;9999;;;AGI_Correos;;Guayaquil;Lima;Correo;891
QUI;Correo_5600028;Estafeta de correo de Portoviejo;Estafeta de correo;Estafeta;4;Portoviejo;1111;;9999;;;AGI_Correos;;Guayaquil;Lima;Correo;892
QUI;Correo_5600031;Estafeta de correo de Almaguer;Estafeta de correo;Estafeta;4;Almaguer;1111;;9999;;;AGI_Correos;;Popayan;Santa Fe;Correo;893
QUI;Correo_5600032;Estafeta de correo de Buga;Estafeta de correo;Estafeta;4;Buga;1111;;9999;;;AGI_Correos;;Popayan;Lima;Correo;894
QUI;Correo_5600032;Estafeta de correo de Buga;Estafeta de correo;Estafeta;4;Buga;1111;;9999;;Según Pando ya 1774;AGI_Correos;;Popayan;Santa Fe;Correo;895
QUI;Correo_5600033;Estafeta de correo de Cali;Estafeta de correo;Estafeta;4;Cali;1111;;9999;;;AGI_Correos;;Popayan;Lima;Correo;896
QUI;Correo_5600033;Estafeta de correo de Cali;Estafeta de correo;Estafeta;4;Cali;1111;;9999;;Según Pando ya 1774;AGI_Correos;;Popayan;Santa Fe;Correo;897
NGR;Correo_5600036;Estafeta de correo de Anserma;Estafeta de correo;Estafeta;4;Anserma;1111;;9999;;;AGI_Correos;;Cartago;Santa Fe;Correo;898
NGR;Correo_5600037;Administración de correo de Cartago;Administración de correo;Subprincipal;2;Cartago;1111;;9999;;;AGI_Correos;;Santa Fe;Santa Fe;Correo;899
NGR;Correo_5600040;Estafeta de correo de Toro;Estafeta de correo;Estafeta;4;Toro;1111;;9999;;;AGI_Correos;;Cartago;Santa Fe;Correo;900
QUI;Correo_5600042;Estafeta de correo de Pasto;Estafeta de correo;Estafeta;4;Pasto;1111;;9999;;;AGI_Correos;;Quito;Lima;Correo;901
QUI;Correo_5600044;Estafeta de correo de Alausi;Estafeta de correo;Estafeta;4;Alausi;1111;;9999;;;AGI_Correos;;Quito;Lima;Correo;902
QUI;Correo_5600046;Estafeta de correo de Macas;Estafeta de correo;Estafeta;4;Macas;1111;;9999;;;AGI_Correos;;Quito;Lima;Correo;903
QUI;Correo_5600050;Estafeta de correo de Barbacoas;Estafeta de correo;Estafeta;4;Barbacoas;1111;;9999;;pocas cuentas;AGI_Correos;;Pasto;Lima;Correo;904
QUI;Correo_5600051;Estafeta de correo de Caloto;Estafeta de correo;Estafeta;4;Caloto;1111;;9999;;reaparece solo 1794 en las cuentas de Santa Fe;AGI_Correos;;Popayan;Lima;Correo;905
QUI;Correo_5600051;Estafeta de correo de Caloto;Estafeta de correo;Estafeta;4;Caloto;1111;;9999;;Según Pando ya 1774;reaparece solo 1794 en las cuentas de Santa Fe;AGI_Correos;Popayan;Santa Fe;Correo;906
QUI;Correo_5600082;Estafeta de correo de Cañar;Estafeta de correo;Estafeta;4;Cañar;1111;not_after;9999;not_after;;AGI_Correos;;Quito;Lima;Correo;907
QUI;Correo_5600087;Estafeta de correo de Gualaseo;Estafeta de correo;Estafeta;4;Gualaseo;1111;not_after;9999;not_after;;AGI_Correos;;Quito;Lima;Correo;908
QUI;Correo_5600160;Estafeta de correo de Mercaderes;Estafeta de correo;Estafeta;4;Mercaderes;1111;;9999;;;AGI_Correos;;Popayan;Santa Fe;Correo;909
QUI;Correo_5600164;Estafeta de correo de Quilichao;Estafeta de correo;Estafeta;4;Quilichao;1111;;9999;;Según Pando ya 1774;AGI_Correos;;Popayan;Lima;Correo;910
QUI;Correo_5600164;Estafeta de correo de Quilichao;Estafeta de correo;Estafeta;4;Quilichao;1111;;9999;;;AGI_Correos;;Popayan;Santa Fe;Correo;911
NGR;Correo_5600169;Estafeta de correo de Supia;Estafeta de correo;Estafeta;4;Supia;1111;;9999;;;AGI_Correos;;Cartago;Santa Fe;Correo;912
QUI;Correo_5600188;Estafeta de correo de Tuquerres;Estafeta de correo;Estafeta;4;Tuquerres;1111;;9999;;;AGI_Correos;;Pasto;Lima;Correo;913
QUI;Correo_5600237;Estafeta de correo de Ambato;Estafeta de correo;Estafeta;4;Ambato;1111;;9999;;;AGI_Correos;;Quito;Lima;Correo;914
QUI;Correo_5600254;Estafeta de correo de Guano;Estafeta de correo;Estafeta;4;Guano;1111;;9999;;;AGI_Correos;;Quito;Lima;Correo;915
QUI;Correo_5600271;Estafeta de correo de Tulua;Estafeta de correo;Estafeta;4;Tulua;1111;;9999;;;AGI_Correos;;Popayan;Lima;Correo;916
QUI;Correo_5600271;Estafeta de correo de Tulua;Estafeta de correo;Estafeta;4;Tulua;1111;;9999;;;AGI_Correos;;Popayan;Santa Fe;Correo;917
QUI;Correo_5600433;Estafeta de correo de Tulcan;Estafeta de correo;Estafeta;4;Tulcan;1111;not_after;9999;not_after;;AGI_Correos;;Quito;Lima;Correo;918
QUI;Correo_5600505;Estafeta de correo de Roldanillo;Estafeta de correo;Estafeta;4;Roldanillo;1111;;9999;;reaparece solo 1794 en las cuentas de Santa Fe;AGI_Correos;;Popayan;Lima;Correo;919
QUI;Correo_5600505;Estafeta de correo de Roldanillo;Estafeta de correo;Estafeta;4;Roldanillo;1111;;9999;;reaparece solo 1794 en las cuentas de Santa Fe;AGI_Correos;;Popayan;Santa Fe;Correo;920
QUI;Correo_5600720;Estafeta de correo de Llano Grande;Estafeta de correo;Estafeta;4;Llano Grande;1111;;9999;;;AGI_Correos;;Popayan;Lima;Correo;921
QUI;Correo_5600720;Estafeta de correo de Llano Grande;Estafeta de correo;Estafeta;4;Llano Grande;1111;;9999;;;AGI_Correos;;Popayan;Santa Fe;Correo;922
QUI;Correo_5600762;Estafeta de correo de San Pablo;Estafeta de correo;Estafeta;4;San Pablo;1111;;9999;;;AGI_Correos;;Popayan;Santa Fe;Correo;923
PER;Correo_6000001;Administración de correo de Lima;Administración de correo;Subprincipal;2;Lima;1111;;9999;;;AGI_Correos;;;;Correo;924
PER;Correo_6000002;Administración de correo de Cuzco;Administración de correo;Subprincipal;2;Cuzco;1111;;9999;;;AGI_Correos;;Lima;Lima;Correo;925
PER;Correo_6000002;Estafeta de correo de Cuzco;Estafeta de correo;Estafeta;4;Cuzco;1111;;9999;;;AGI_Correos;;Lima;Lima;Correo;926
PER;Correo_6000003;Estafeta de correo de Trujillo;Estafeta de correo;Estafeta;4;Trujillo;1111;;9999;;;AGI_Correos;;Lima;Lima;Correo;927
PER;Correo_6000004;Estafeta de correo de Tarma;Estafeta de correo;Estafeta;4;Tarma;1111;;9999;;;AGI_Correos;;Lima;Lima;Correo;928
PER;Correo_6000005;Estafeta de correo de Huancavelica;Estafeta de correo;Estafeta;4;Huancavelica;1111;;9999;;;AGI_Correos;;Lima;Lima;Correo;929
PER;Correo_6000006;Estafeta de correo de Huamanga;Estafeta de correo;Estafeta;4;Huamanga;1111;;9999;;;AGI_Correos;;Lima;Lima;Correo;930
PER;Correo_6000007;Administración de correo de Arequipa;Administración de correo;Subprincipal;2;Arequipa;1111;;9999;;;AGI_Correos;;Lima;Lima;Correo;931
PER;Correo_6000008;Estafeta de correo de Callao;Estafeta de correo;Estafeta;4;Callao;1111;;9999;;;AGI_Correos;;Lima;Lima;Correo;932
PER;Correo_6000021;Estafeta de correo de Arica;Estafeta de correo;Estafeta;4;Arica;1111;;9999;;;AGI_Correos;;Lima;Lima;Correo;933
PER;Correo_6000026;Estafeta de correo de Tacna;Estafeta de correo;Estafeta;4;Tacna;1111;;9999;;;AGI_Correos;;Arequipa;Lima;Correo;934
PER;Correo_6000055;Estafeta de correo de Camana;Estafeta de correo;Estafeta;4;Camana;1111;;9999;;;AGI_Correos;;Ica;Lima;Correo;935
PER;Correo_6000057;Estafeta de correo de Acari;Estafeta de correo;Estafeta;4;Acari;1111;;9999;;;AGI_Correos;;Lima;Lima;Correo;936
PER;Correo_6000060;Estafeta de correo de Chala;Estafeta de correo;Estafeta;4;Chala;1111;;9999;;;AGI_Correos;;Lima;Lima;Correo;937
PER;Correo_6000062;Estafeta de correo de Ocoña;Estafeta de correo;Estafeta;4;Ocoña;1111;;9999;;;AGI_Correos;;Lima;Lima;Correo;938
PER;Correo_6000063;Estafeta de correo de Atico;Estafeta de correo;Estafeta;4;Atico;1111;;9999;;;AGI_Correos;;Lima;Lima;Correo;939
PER;Correo_6000070;Estafeta de correo de Caylloma;Estafeta de correo;Estafeta;4;Caylloma;1111;;9999;;;AGI_Correos;;Arequipa;Lima;Correo;940
PER;Correo_6000095;Estafeta de correo de Chuquibamba;Estafeta de correo;Estafeta;4;Chuquibamba;1111;;9999;;;AGI_Correos;;Lima;Lima;Correo;941
PER;Correo_6000122;Estafeta de correo de Moquegua;Estafeta de correo;Estafeta;4;Moquegua;1111;;9999;;;AGI_Correos;;Arequipa;Lima;Correo;942
PER;Correo_6000135;Estafeta de correo de Tarapaca;Estafeta de correo;Estafeta;4;Tarapaca;1111;;9999;;;AGI_Correos;;Arequipa;Lima;Correo;943
PER;Correo_6000158;Estafeta de correo de Abancay;Estafeta de correo;Estafeta;4;Abancay;1111;;9999;;;AGI_Correos;;Lima;Lima;Correo;944
PER;Correo_6000246;Estafeta de correo de Velille;Estafeta de correo;Estafeta;4;Velille;1111;;9999;;;AGI_Correos;;Lima;Lima;Correo;945
PER;Correo_6000285;Estafeta de correo de Paruro;Estafeta de correo;Estafeta;4;Paruro;1111;;9999;;;AGI_Correos;;Lima;Lima;Correo;946
PER;Correo_6000365;Estafeta de correo de Sicuani;Estafeta de correo;Estafeta;4;Sicuani;1111;;9999;;;AGI_Correos;;Lima;Lima;Correo;947
PER;Correo_6000395;Estafeta de correo de Andahuaylas;Estafeta de correo;Estafeta;4;Andahuaylas;1111;;9999;;;AGI_Correos;;Lima;Lima;Correo;948
PER;Correo_6000468;Estafeta de correo de Huanta;Estafeta de correo;Estafeta;4;Huanta;1111;;9999;;;AGI_Correos;;Lima;Lima;Correo;949
PER;Correo_6000695;Estafeta de correo de Cañete;Estafeta de correo;Estafeta;4;Cañete;1111;;9999;;;AGI_Correos;;Lima;Lima;Correo;950
PER;Correo_6000698;Estafeta de correo de Chincha;Estafeta de correo;Estafeta;4;Chincha;1111;;9999;;;AGI_Correos;;Lima;Lima;Correo;951
PER;Correo_6000769;Estafeta de correo de Chancay;Estafeta de correo;Estafeta;4;Chancay;1111;;9999;;;AGI_Correos;;Lima;Lima;Correo;952
PER;Correo_6000771;Estafeta de correo de Barranca;Estafeta de correo;Estafeta;4;Barranca;1111;;9999;;;AGI_Correos;;Lima;Lima;Correo;953
PER;Correo_6000773;Estafeta de correo de Huaura;Estafeta de correo;Estafeta;4;Huaura;1111;;9999;;;AGI_Correos;;Lima;Lima;Correo;954
PER;Correo_6000817;Estafeta de correo de Yauli;Estafeta de correo;Estafeta;4;Yauli;1111;;9999;;;AGI_Correos;;Lima;Lima;Correo;955
PER;Correo_6000856;Administración de correo de Ica;Administración de correo;Subprincipal;2;Ica;1111;;9999;;;AGI_Correos;;Lima;Lima;Correo;956
PER;Correo_6000862;Estafeta de correo de Nazca;Estafeta de correo;Estafeta;4;Nazca;1111;;9999;;;AGI_Correos;;Ica;Lima;Correo;957
PER;Correo_6000863;Estafeta de correo de Palpa;Estafeta de correo;Estafeta;4;Palpa;1111;;9999;;;AGI_Correos;;Ica;Lima;Correo;958
PER;Correo_6000890;Estafeta de correo de Nepeña;Estafeta de correo;Estafeta;4;Nepeña;1111;;9999;;;AGI_Correos;;Lima;Lima;Correo;959
PER;Correo_6000891;Estafeta de correo de Pativilca;Estafeta de correo;Estafeta;4;Pativilca;1111;;9999;;;AGI_Correos;;Lima;Lima;Correo;960
PER;Correo_6001098;Estafeta de correo de Huaraz;Estafeta de correo;Estafeta;4;Huaraz;1111;;9999;;;AGI_Correos;;Lima;Lima;Correo;961
PER;Correo_6001133;Estafeta de correo de Jauja;Estafeta de correo;Estafeta;4;Jauja;1111;;9999;;;AGI_Correos;;Lima;Lima;Correo;962
PER;Correo_6001134;Estafeta de correo de Huancayo;Estafeta de correo;Estafeta;4;Huancayo;1111;;9999;;;AGI_Correos;;Lima;Lima;Correo;963
PER;Correo_6001177;Estafeta de correo de Pasco;Estafeta de correo;Estafeta;4;Pasco;1111;;9999;;;AGI_Correos;;Lima;Lima;Correo;964
PER;Correo_6001179;Estafeta de correo de Huariaca;Estafeta de correo;Estafeta;4;Huariaca;1111;;9999;;;AGI_Correos;;Lima;Lima;Correo;965
PER;Correo_6001261;Estafeta de correo de Cajamarca;Estafeta de correo;Estafeta;4;Cajamarca;1111;;9999;;;AGI_Correos;;Trujillo;Lima;Correo;966
PER;Correo_6001262;Estafeta de correo de Chachapoyas;Estafeta de correo;Estafeta;4;Chachapoyas;1111;;9999;;;AGI_Correos;;Lima;Lima;Correo;967
PER;Correo_6001331;Estafeta de correo de Huamachuco;Estafeta de correo;Estafeta;4;Huamachuco;1111;;9999;;;AGI_Correos;;Lima;Lima;Correo;968
PER;Correo_6001332;Estafeta de correo de Otusco;Estafeta de correo;Estafeta;4;Otusco;1111;;9999;;;AGI_Correos;;Trujillo;Lima;Correo;969
PER;Correo_6001391;Estafeta de correo de Piura;Estafeta de correo;Estafeta;4;Piura;1111;;9999;;;AGI_Correos;;Trujillo;Lima;Correo;970
PER;Correo_6001415;Estafeta de correo de Saña;Estafeta de correo;Estafeta;4;Saña;1111;;9999;;;AGI_Correos;;Trujillo;Lima;Correo;971
PER;Correo_6001419;Estafeta de correo de Chiclayo;Estafeta de correo;Estafeta;4;Chiclayo;1111;;9999;;;AGI_Correos;;Trujillo;Lima;Correo;972
PER;Correo_6001438;Estafeta de correo de Lambayeque;Estafeta de correo;Estafeta;4;Lambayeque;1111;;9999;;;AGI_Correos;;Trujillo;Lima;Correo;973
PER;Correo_6001493;Estafeta de correo de San Pedro;Estafeta de correo;Estafeta;4;San Pedro;1111;;9999;;Identidad incierta;AGI_Correos;;Lima;Lima;Correo;974
PER;Correo_6001505;Estafeta de correo de Valle de Mages;Estafeta de correo;Estafeta;4;Valle de Mages;1111;;9999;;;AGI_Correos;;Lima;Lima;Correo;975
PER;Correo_6001518;Estafeta de correo de Huallanca;Estafeta de correo;Estafeta;4;Huallanca;1111;;9999;;;AGI_Correos;;Lima;Lima;Correo;976
CHL;Correo_7000001;Administración de correo de Santiago de Chile;Administración de correo;Subprincipal;2;Santiago de Chile;1111;;9999;;;AGI_Correos;;Buenos Aires;Buenos Aires;Correo;977
CHL;Correo_7000001;Administración de correo de Santiago de Chile;Administración de correo;Subprincipal;2;Santiago de Chile;1111;;9999;;;AGI_Correos;;Lima;Lima;Correo;978
CHL;Correo_7000001;Administración principal de correo de Santiago de Chile;Administración principal de correo;Principal;1;Santiago de Chile;1111;;9999;;;AGI_Correos;;;;Correo;979
CHL;Correo_7000002;Estafeta de correo de Concepcion;Estafeta de correo;Estafeta;4;Concepcion;1111;exact;9999;exact;;AGI_Correos;;Santiago;Buenos Aires;Correo;980
CHL;Correo_7000002;Estafeta de correo de Concepcion;Estafeta de correo;Estafeta;4;Concepcion;1111;exact;9999;exact;;AGI_Correos;;Santiago;Santiago;Correo;981
CHL;Correo_7000003;Estafeta de correo de Valparaiso;Estafeta de correo;Estafeta;4;Valparaiso;1111;exact;9999;exact;;AGI_Correos;;Santiago;Buenos Aires;Correo;982
CHL;Correo_7000003;Estafeta de correo de Valparaiso;Estafeta de correo;Estafeta;4;Valparaiso;1111;exact;9999;exact;;AGI_Correos;;Santiago;Santiago;Correo;983
CHL;Correo_7000005;Estafeta de correo de Valdivia;Estafeta de correo;Estafeta;4;Valdivia;1111;exact;9999;exact;;AGI_Correos;;Santiago;Buenos Aires;Correo;984
CHL;Correo_7000005;Estafeta de correo de Valdivia;Estafeta de correo;Estafeta;4;Valdivia;1111;exact;9999;exact;;AGI_Correos;;Santiago;Santiago;Correo;985
CHL;Correo_7000007;Estafeta de correo de Chiloe;Estafeta de correo;Estafeta;4;Chiloe;1111;exact;9999;exact;;AGI_Correos;;Lima;Lima;Correo;986
CHL;Correo_7000007;Estafeta de correo de Chiloe;Estafeta de correo;Estafeta;4;Chiloe;1111;exact;9999;exact;;AGI_Correos;;Santiago;Buenos Aires;Correo;987
CHL;Correo_7000007;Estafeta de correo de Chiloe;Estafeta de correo;Estafeta;4;Chiloe;1111;exact;9999;exact;;AGI_Correos;;Santiago;Santiago;Correo;988
CHL;Correo_7000009;Estafeta de correo de Aconcagua;Estafeta de correo;Estafeta;4;Aconcagua;1111;exact;9999;exact;;AGI_Correos;;Santiago;Buenos Aires;Correo;989
CHL;Correo_7000009;Estafeta de correo de Aconcagua;Estafeta de correo;Estafeta;4;Aconcagua;1111;exact;9999;exact;;AGI_Correos;;Santiago;Santiago;Correo;990
CHL;Correo_7000040;Estafeta de correo de San Fernando;Estafeta de correo;Estafeta;4;San Fernando;1111;exact;9999;exact;;AGI_Correos;;Santiago;Buenos Aires;Correo;991
CHL;Correo_7000040;Estafeta de correo de San Fernando;Estafeta de correo;Estafeta;4;San Fernando;1111;exact;9999;exact;;AGI_Correos;;Santiago;Santiago;Correo;992
CHL;Correo_7000063;Estafeta de correo de Copiapo;Estafeta de correo;Estafeta;4;Copiapo;1111;;9999;;;AGI_Correos;;Santiago;Buenos Aires;Correo;993
CHL;Correo_7000063;Estafeta de correo de Copiapo;Estafeta de correo;Estafeta;4;Copiapo;1111;;9999;;;AGI_Correos;;Santiago;Santiago;Correo;994
CHL;Correo_7000078;Estafeta de correo de La Serena;Estafeta de correo;Estafeta;4;La Serena;1111;exact;9999;exact;;AGI_Correos;;Santiago;Buenos Aires;Correo;995
CHL;Correo_7000078;Estafeta de correo de La Serena;Estafeta de correo;Estafeta;4;La Serena;1111;exact;9999;exact;;AGI_Correos;;Santiago;Santiago;Correo;996
CHL;Correo_7000092;Estafeta de correo de Sotaqui;Estafeta de correo;Estafeta;4;Sotaqui;1111;;9999;;;AGI_Correos;;Santiago;Santiago;Correo;997
CHL;Correo_7000095;Estafeta de correo de Barraza;Estafeta de correo;Estafeta;4;Barraza;1111;exact;9999;exact;;AGI_Correos;;Santiago;Buenos Aires;Correo;998
CHL;Correo_7000095;Estafeta de correo de Barraza;Estafeta de correo;Estafeta;4;Barraza;1111;exact;9999;exact;;AGI_Correos;;Santiago;Santiago;Correo;999
CHL;Correo_7000153;Estafeta de correo de San Rafael de Rozas;Estafeta de correo;Estafeta;4;San Rafael de Rozas;1111;exact;9999;exact;;AGI_Correos;;Santiago;Buenos Aires;Correo;1000
CHL;Correo_7000153;Estafeta de correo de San Rafael de Rozas;Estafeta de correo;Estafeta;4;San Rafael de Rozas;1111;exact;9999;exact;;AGI_Correos;;Santiago;Santiago;Correo;1001
CHL;Correo_7000155;Estafeta de correo de Mincha;Estafeta de correo;Estafeta;4;Mincha;1111;exact;9999;exact;;AGI_Correos;;Santiago;Buenos Aires;Correo;1002
CHL;Correo_7000155;Estafeta de correo de Mincha;Estafeta de correo;Estafeta;4;Mincha;1111;exact;9999;exact;;AGI_Correos;;Santiago;Santiago;Correo;1003
CHL;Correo_7000157;Estafeta de correo de Guasco;Estafeta de correo;Estafeta;4;Guasco;1111;exact;9999;exact;;AGI_Correos;;Santiago;Buenos Aires;Correo;1004
CHL;Correo_7000157;Estafeta de correo de Guasco;Estafeta de correo;Estafeta;4;Guasco;1111;exact;9999;exact;;AGI_Correos;;Santiago;Santiago;Correo;1005
CHL;Correo_7000175;Estafeta de correo de Talca;Estafeta de correo;Estafeta;4;Talca;1111;exact;9999;exact;;AGI_Correos;;Santiago;Buenos Aires;Correo;1006
CHL;Correo_7000175;Estafeta de correo de Talca;Estafeta de correo;Estafeta;4;Talca;1111;exact;9999;exact;;AGI_Correos;;Santiago;Santiago;Correo;1007
CHL;Correo_7000236;Estafeta de correo de Petorca;Estafeta de correo;Estafeta;4;Petorca;1111;exact;9999;exact;;AGI_Correos;;Santiago;Buenos Aires;Correo;1008
CHL;Correo_7000236;Estafeta de correo de Petorca;Estafeta de correo;Estafeta;4;Petorca;1111;exact;9999;exact;;AGI_Correos;;Santiago;Santiago;Correo;1009
CHL;Correo_7000242;Estafeta de correo de Quillota;Estafeta de correo;Estafeta;4;Quillota;1111;exact;9999;exact;;AGI_Correos;;Santiago;Buenos Aires;Correo;1010
CHL;Correo_7000242;Estafeta de correo de Quillota;Estafeta de correo;Estafeta;4;Quillota;1111;exact;9999;exact;;AGI_Correos;;Santiago;Santiago;Correo;1011
CHL;Correo_7000259;Estafeta de correo de Rancagua;Estafeta de correo;Estafeta;4;Rancagua;1111;exact;9999;exact;;AGI_Correos;;Santiago;Buenos Aires;Correo;1012
CHL;Correo_7000259;Estafeta de correo de Rancagua;Estafeta de correo;Estafeta;4;Rancagua;1111;exact;9999;exact;;AGI_Correos;;Santiago;Santiago;Correo;1013
CHL;Correo_7000317;Estafeta de correo de Cauquenes;Estafeta de correo;Estafeta;4;Cauquenes;1111;exact;9999;exact;;AGI_Correos;;Santiago;Buenos Aires;Correo;1014
CHL;Correo_7000317;Estafeta de correo de Cauquenes;Estafeta de correo;Estafeta;4;Cauquenes;1111;exact;9999;exact;;AGI_Correos;;Santiago;Santiago;Correo;1015
CHL;Correo_7000326;Estafeta de correo de Linares;Estafeta de correo;Estafeta;4;Linares;1111;;9999;;;AGI_Correos;;Santiago;Santiago;Correo;1016
CHL;Correo_7000329;Estafeta de correo de Chillán;Estafeta de correo;Estafeta;4;Chillán;1111;not_after;9999;not_after;;AGI_Correos;;Santiago;Buenos Aires;Correo;1017
CHL;Correo_7000329;Estafeta de correo de Chillán;Estafeta de correo;Estafeta;4;Chillán;1111;not_after;9999;not_after;;AGI_Correos;;Santiago;Santiago;Correo;1018
CHL;Correo_7000338;Estafeta de correo de Quirihue;Estafeta de correo;Estafeta;4;Quirihue;1111;;9999;;;AGI_Correos;;Santiago;Santiago;Correo;1019
CHL;Correo_7000483;Estafeta de correo de Combarbala;Estafeta de correo;Estafeta;4;Combarbala;1111;;9999;;;AGI_Correos;;Santiago;Santiago;Correo;1020
CHL;Correo_7000496;Estafeta de correo de Pupio;Estafeta de correo;Estafeta;4;Pupio;1111;exact;9999;exact;;AGI_Correos;;Santiago;Buenos Aires;Correo;1021
CHL;Correo_7000496;Estafeta de correo de Pupio;Estafeta de correo;Estafeta;4;Pupio;1111;exact;9999;exact;;AGI_Correos;;Santiago;Santiago;Correo;1022
CHL;Correo_9900703;Estafeta de correo de Vallenar;Estafeta de correo;Estafeta;4;Vallenar;1111;;9999;;;AGI_Correos;;Santiago;Santiago;Correo;1023
CHL;Correo_7000113;Estafeta de correo de Curico;Estafeta de correo;Estafeta;4;Curico;1111;exact;9999;exact;;AGI_Correos;;Santiago;Buenos Aires;Correo;1024
CHL;Correo_7000113;Estafeta de correo de Curico;Estafeta de correo;Estafeta;4;Curico;1111;exact;9999;exact;;AGI_Correos;;Santiago;Santiago;Correo;1025
CHA;Correo_8000001;Estafeta de correo de Chuquisaca;Estafeta de correo;Estafeta;4;Chuquisaca;1111;not_after;9999;not_after;solo desde 1786 en cuentas de Buenos Aires;AGI_Correos;;Potosi;Lima;Correo;1026
CHA;Correo_8000001;Estafeta de correo de Chuquisaca;Estafeta de correo;Estafeta;4;Chuquisaca;1111;not_before;9999;not_before;solo desde 1786 en cuentas de Buenos Aires;AGI_Correos;;Potosi;Buenos Aires;Correo;1027
CHA;Correo_8000001;Estafeta de correo de Chuquisaca;Estafeta de correo;Estafeta;4;Chuquisaca;1111;not_before;9999;not_before;solo desde 1786 en cuentas de Buenos Aires;AGI_Correos;;Potosi;Potosi;Correo;1028
PER;Correo_8000002;Administración de correo de Potosi;Administración de correo;Subprincipal;2;Potosi;1111;;9999;;;AGI_Correos;;Lima;Lima;Correo;1029
PER;Correo_8000002;Estafeta de correo de Puno;Estafeta de correo;Estafeta;4;Puno;1111;not_after;9999;not_after;solo desde 1786 en cuentas de Buenos Aires;AGI_Correos;;Potosi;Lima;Correo;1030
PER;Correo_8000002;Estafeta de correo de Puno;Estafeta de correo;Estafeta;4;Puno;1111;not_before;9999;not_before;solo desde 1786 en cuentas de Buenos Aires;AGI_Correos;;Potosi;Buenos Aires;Correo;1031
PER;Correo_8000002;Estafeta de correo de Puno;Estafeta de correo;Estafeta;4;Puno;1111;not_before;9999;not_before;solo desde 1780 en cuentas de Buenos Aires;AGI_Correos;;Potosi;Potosi;Correo;1032
CHA;Correo_8000004;Estafeta de correo de Cochabamba;Estafeta de correo;Estafeta;4;Cochabamba;1111;not_after;9999;not_after;solo desde 1786 en cuentas de Buenos Aires;AGI_Correos;;Potosi;Buenos Aires;Correo;1033
CHA;Correo_8000004;Estafeta de correo de Cochabamba;Estafeta de correo;Estafeta;4;Cochabamba;1111;not_after;9999;not_after;solo desde 1786 en cuentas de Buenos Aires;AGI_Correos;;Potosi;Potosi;Correo;1034
CHA;Correo_8000005;Estafeta de correo de La Paz;Estafeta de correo;Estafeta;4;La Paz;1111;not_after;9999;not_after;solo desde 1786 en cuentas de Buenos Aires;AGI_Correos;;Potosi;Lima;Correo;1035
CHA;Correo_8000005;Estafeta de correo de La Paz;Estafeta de correo;Estafeta;4;La Paz;1111;not_before;9999;not_before;solo desde 1786 en cuentas de Buenos Aires;AGI_Correos;;Potosi;Buenos Aires;Correo;1036
CHA;Correo_8000005;Estafeta de correo de La Paz;Estafeta de correo;Estafeta;4;La Paz;1111;not_before;9999;not_before;solo desde 1786 en cuentas de Buenos Aires;AGI_Correos;;Potosi;Potosi;Correo;1037
CHA;Correo_8000006;Administración de correo de Potosi;Administración de correo;Subprincipal;2;Potosi;1111;;9999;;;AGI_Correos;;Buenos Aires;Buenos Aires;Correo;1038
CHA;Correo_8000006;Administración principal de correo de Potosi;Administración principal de correo;Principal;1;Potosi;1111;;9999;;;AGI_Correos;;;;Correo;1039
CHA;Correo_8000009;Estafeta de correo de Santa Cruz;Estafeta de correo;Estafeta;4;Santa Cruz;1111;not_after;9999;not_after;solo desde 1786 en cuentas de Buenos Aires;AGI_Correos;;Potosi;Buenos Aires;Correo;1040
CHA;Correo_8000009;Estafeta de correo de Santa Cruz;Estafeta de correo;Estafeta;4;Santa Cruz;1111;not_after;9999;not_after;solo desde 1786 en cuentas de Buenos Aires;AGI_Correos;;Potosi;Potosi;Correo;1041
CHA;Correo_8000010;Estafeta de correo de Oruro;Estafeta de correo;Estafeta;4;Oruro;1111;not_after;9999;not_after;solo desde 1786 en cuentas de Buenos Aires;AGI_Correos;;Potosi;Lima;Correo;1042
CHA;Correo_8000010;Estafeta de correo de Oruro;Estafeta de correo;Estafeta;4;Oruro;1111;not_before;9999;not_before;solo desde 1786 en cuentas de Buenos Aires;AGI_Correos;;Potosi;Buenos Aires;Correo;1043
CHA;Correo_8000010;Estafeta de correo de Oruro;Estafeta de correo;Estafeta;4;Oruro;1111;not_before;9999;not_before;solo desde 1786 en cuentas de Buenos Aires;AGI_Correos;;Potosi;Potosi;Correo;1044
CHA;Correo_8000017;Estafeta de correo de Tarija;Estafeta de correo;Estafeta;4;Tarija;1111;not_after;9999;not_after;solo desde 1784 en cuentas de Buenos Aires;AGI_Correos;;Potosi;Buenos Aires;Correo;1045
CHA;Correo_8000017;Estafeta de correo de Tarija;Estafeta de correo;Estafeta;4;Tarija;1111;not_after;9999;not_after;solo desde 1784 en cuentas de Buenos Aires;AGI_Correos;;Potosi;Potosi;Correo;1046
PER;Correo_8000018;Estafeta de correo de Chucuito;Estafeta de correo;Estafeta;4;Chucuito;1111;not_after;9999;not_after;solo desde 1786 en cuentas de Buenos Aires;AGI_Correos;;Potosi;Lima;Correo;1047
PER;Correo_8000018;Estafeta de correo de Chucuito;Estafeta de correo;Estafeta;4;Chucuito;1111;not_before;9999;not_before;solo desde 1786 en cuentas de Buenos Aires;AGI_Correos;;Potosi;Buenos Aires;Correo;1048
PER;Correo_8000018;Estafeta de correo de Chucuito;Estafeta de correo;Estafeta;4;Chucuito;1111;not_before;9999;not_before;solo desde 1786 en cuentas de Buenos Aires;AGI_Correos;;Potosi;Potosi;Correo;1049
CHA;Correo_8000022;Estafeta de correo de Cinti;Estafeta de correo;Estafeta;4;Cinti;1111;not_after;9999;not_after;solo desde 1784 en cuentas de Buenos Aires;AGI_Correos;;Potosi;Buenos Aires;Correo;1050
CHA;Correo_8000022;Estafeta de correo de Cinti;Estafeta de correo;Estafeta;4;Cinti;1111;not_after;9999;not_after;solo desde 1784 en cuentas de Buenos Aires;AGI_Correos;;Potosi;Potosi;Correo;1051
CHA;Correo_8000034;Estafeta de correo de Sicasica;Estafeta de correo;Estafeta;4;Sicasica;1111;not_after;9999;not_after;solo desde 1786 en cuentas de Buenos Aires;AGI_Correos;;Potosi;Buenos Aires;Correo;1052
CHA;Correo_8000034;Estafeta de correo de Sicasica;Estafeta de correo;Estafeta;4;Sicasica;1111;not_after;9999;not_after;solo desde 1786 en cuentas de Buenos Aires;AGI_Correos;;Potosi;Potosi;Correo;1053
CHA;Correo_8000038;Estafeta de correo de Tupiza;Estafeta de correo;Estafeta;4;Tupiza;1111;not_after;9999;not_after;solo desde 1786 en cuentas de Buenos Aires;AGI_Correos;;Potosi;Buenos Aires;Correo;1054
CHA;Correo_8000038;Estafeta de correo de Tupiza;Estafeta de correo;Estafeta;4;Tupiza;1111;not_after;9999;not_after;solo desde 1786 en cuentas de Buenos Aires;AGI_Correos;;Potosi;Potosi;Correo;1055
CHA;Correo_8000100;Estafeta de correo de Chilón;Estafeta de correo;Estafeta;4;Chilón;1111;not_after;9999;not_after;solo desde 1786 en cuentas de Buenos Aires;AGI_Correos;;Potosi;Buenos Aires;Correo;1056
CHA;Correo_8000100;Estafeta de correo de Chilón;Estafeta de correo;Estafeta;4;Chilón;1111;not_after;9999;not_after;solo desde 1786 en cuentas de Buenos Aires;AGI_Correos;;Potosi;Potosi;Correo;1057
CHA;Correo_8000164;Estafeta de correo de Cotagaita;Estafeta de correo;Estafeta;4;Cotagaita;1111;not_after;9999;not_after;solo desde 1784 en cuentas de Buenos Aires;AGI_Correos;;Potosi;Buenos Aires;Correo;1058
CHA;Correo_8000164;Estafeta de correo de Cotagaita;Estafeta de correo;Estafeta;4;Cotagaita;1111;not_after;9999;not_after;solo desde 1784 en cuentas de Buenos Aires;AGI_Correos;;Potosi;Potosi;Correo;1059
PER;Correo_8000201;Estafeta de correo de Ilave;Estafeta de correo;Estafeta;4;Ilave;1111;not_after;9999;not_after;solo desde 1786 en cuentas de Buenos Aires;AGI_Correos;;Potosi;Lima;Correo;1060
PER;Correo_8000201;Estafeta de correo de Ilave;Estafeta de correo;Estafeta;4;Ilave;1111;not_before;9999;not_before;solo desde 1786 en cuentas de Buenos Aires;AGI_Correos;;Potosi;Buenos Aires;Correo;1061
PER;Correo_8000201;Estafeta de correo de Ilave;Estafeta de correo;Estafeta;4;Ilave;1111;not_before;9999;not_before;solo desde 1786 en cuentas de Buenos Aires;AGI_Correos;;Potosi;Potosi;Correo;1062
PER;Correo_8000219;Estafeta de correo de Pucara;Estafeta de correo;Estafeta;4;Pucara;1111;not_after;9999;not_after;solo desde 1786 en cuentas de Buenos Aires;AGI_Correos;;Potosi;Buenos Aires;Correo;1063
PER;Correo_8000219;Estafeta de correo de Pucara;Estafeta de correo;Estafeta;4;Pucara;1111;not_after;9999;not_after;solo desde 1786 en cuentas de Buenos Aires;AGI_Correos;;Potosi;Potosi;Correo;1064
PER;Correo_8000220;Estafeta de correo de Ayaviri;Estafeta de correo;Estafeta;4;Ayaviri;1111;not_after;9999;not_after;solo desde 1786 en cuentas de Buenos Aires;AGI_Correos;;Potosi;Lima;Correo;1065
PER;Correo_8000220;Estafeta de correo de Ayaviri;Estafeta de correo;Estafeta;4;Ayaviri;1111;not_before;9999;not_before;solo desde 1786 en cuentas de Buenos Aires;AGI_Correos;;Potosi;Buenos Aires;Correo;1066
PER;Correo_8000220;Estafeta de correo de Ayaviri;Estafeta de correo;Estafeta;4;Ayaviri;1111;not_before;9999;not_before;solo desde 1786 en cuentas de Buenos Aires;AGI_Correos;;Potosi;Potosi;Correo;1067
CHA;Correo_8000281;Estafeta de correo de Carangas;Estafeta de correo;Estafeta;4;Carangas;1111;not_after;9999;not_after;solo desde 1786 en cuentas de Buenos Aires;AGI_Correos;;Potosi;Buenos Aires;Correo;1068
CHA;Correo_8000281;Estafeta de correo de Carangas;Estafeta de correo;Estafeta;4;Carangas;1111;not_after;9999;not_after;solo desde 1786 en cuentas de Buenos Aires;AGI_Correos;;Potosi;Potosi;Correo;1069
RPL;Correo_9000001;Administración principal de correo de Buenos Aires;Administración principal de correo;Principal;1;Buenos Aires;1111;;9999;;;AGI_Correos;;;;Correo;1070
RPL;Correo_9000002;Estafeta de correo de Cordoba;Estafeta de correo;Estafeta;4;Cordoba;1111;not_after;9999;not_after;;AGI_Correos;;Buenos Aires;Buenos Aires;Correo;1071
RPL;Correo_9000003;Estafeta de correo de Salta;Estafeta de correo;Estafeta;4;Salta;1111;not_after;9999;not_after;;AGI_Correos;;Buenos Aires;Buenos Aires;Correo;1072
RPL;Correo_9000004;Estafeta de correo de Tucuman;Estafeta de correo;Estafeta;4;Tucuman;1111;not_after;9999;not_after;;AGI_Correos;;Buenos Aires;Buenos Aires;Correo;1073
RPL;Correo_9000005;Estafeta de correo de Candelaria;Estafeta de correo;Estafeta;4;Candelaria;1111;not_after;9999;not_after;;AGI_Correos;;Buenos Aires;Buenos Aires;Correo;1074
RPL;Correo_9000006;Administración de correo de Asunción;Administración de correo;Subprincipal;2;Asunción;1111;;9999;;;AGI_Correos;;Buenos Aires;Buenos Aires;Correo;1075
RPL;Correo_9000007;Estafeta de correo de Concepcion Uruguay;Estafeta de correo;Estafeta;4;Concepcion Uruguay;1111;;9999;;;AGI_Correos;;Montevideo;Montevideo;Correo;1076
RPL;Correo_9000013;Estafeta de correo de Mendoza;Estafeta de correo;Estafeta;4;Mendoza;1111;not_after;9999;not_after;;AGI_Correos;;Buenos Aires;Buenos Aires;Correo;1077
RPL;Correo_9000014;Estafeta de correo de La Rioja;Estafeta de correo;Estafeta;4;La Rioja;1111;not_after;9999;not_after;;AGI_Correos;;Buenos Aires;Buenos Aires;Correo;1078
RPL;Correo_9000015;Estafeta de correo de San Juan;Estafeta de correo;Estafeta;4;San Juan;1111;ca;9999;ca;;AGI_Correos;;Buenos Aires;Buenos Aires;Correo;1079
RPL;Correo_9000016;Estafeta de correo de San Luis;Estafeta de correo;Estafeta;4;San Luis;1111;not_after;9999;not_after;;AGI_Correos;;Buenos Aires;Buenos Aires;Correo;1080
RPL;Correo_9000017;Estafeta de correo de Santiago Estero;Estafeta de correo;Estafeta;4;Santiago Estero;1111;not_after;9999;not_after;;AGI_Correos;;Buenos Aires;Buenos Aires;Correo;1081
RPL;Correo_9000018;Estafeta de correo de Catamarca;Estafeta de correo;Estafeta;4;Catamarca;1111;not_after;9999;not_after;;AGI_Correos;;Buenos Aires;Buenos Aires;Correo;1082
RPL;Correo_9000019;Estafeta de correo de Jujuy;Estafeta de correo;Estafeta;4;Jujuy;1111;not_after;9999;not_after;;AGI_Correos;;Buenos Aires;Buenos Aires;Correo;1083
RPL;Correo_9000022;Estafeta de correo de Corrientes;Estafeta de correo;Estafeta;4;Corrientes;1111;not_after;9999;not_after;;AGI_Correos;;Buenos Aires;Buenos Aires;Correo;1084
RPL;Correo_9000023;Estafeta de correo de Santa Fe;Estafeta de correo;Estafeta;4;Santa Fe;1111;not_after;9999;not_after;;AGI_Correos;;Buenos Aires;Buenos Aires;Correo;1085
RPL;Correo_9000024;Administración de correo de Montevideo;Administración de correo;Subprincipal;2;Montevideo;1111;;9999;;;AGI_Correos;;Buenos Aires;Buenos Aires;Correo;1086
RPL;Correo_9000024;Administración principal de correo de Montevideo;Administración principal de correo;Principal;1;Montevideo;1111;;9999;;;AGI_Correos;;;;Correo;1087
RPL;Correo_9000025;Estafeta de correo de Soriano;Estafeta de correo;Estafeta;4;Soriano;1111;;9999;;;AGI_Correos;;Montevideo;Montevideo;Correo;1088
RPL;Correo_9000026;Estafeta de correo de Lujan;Estafeta de correo;Estafeta;4;Lujan;1111;not_after;9999;not_after;;AGI_Correos;;Buenos Aires;Buenos Aires;Correo;1089
RPL;Correo_9000027;Estafeta de correo de Gualeguaychu;Estafeta de correo;Estafeta;4;Gualeguaychu;1111;;9999;;;AGI_Correos;;Montevideo;Montevideo;Correo;1090
RPL;Correo_9000028;Estafeta de correo de Yerua;Estafeta de correo;Estafeta;4;Yerua;1111;;9999;;;AGI_Correos;;Montevideo;Montevideo;Correo;1091
RPL;Correo_9000031;Estafeta de correo de Colonia;Estafeta de correo;Estafeta;4;Colonia;1111;;9999;;;AGI_Correos;;Montevideo;Buenos Aires;Correo;1092
RPL;Correo_9000031;Estafeta de correo de Colonia;Estafeta de correo;Estafeta;4;Colonia;1111;;9999;;;AGI_Correos;;Montevideo;Montevideo;Correo;1093
RPL;Correo_9000032;Estafeta de correo de Canelones;Estafeta de correo;Estafeta;4;Canelones;1111;;9999;;;AGI_Correos;;Montevideo;Buenos Aires;Correo;1094
RPL;Correo_9000032;Estafeta de correo de Canelones;Estafeta de correo;Estafeta;4;Canelones;1111;;9999;;;AGI_Correos;;Montevideo;Montevideo;Correo;1095
RPL;Correo_9000033;Estafeta de correo de Maldonado;Estafeta de correo;Estafeta;4;Maldonado;1111;;9999;;;AGI_Correos;;Montevideo;Buenos Aires;Correo;1096
RPL;Correo_9000033;Estafeta de correo de Maldonado;Estafeta de correo;Estafeta;4;Maldonado;1111;;9999;;;AGI_Correos;;Montevideo;Montevideo;Correo;1097
RPL;Correo_9000034;Estafeta de correo de San José;Estafeta de correo;Estafeta;4;San José;1111;;9999;;;AGI_Correos;;Montevideo;Buenos Aires;Correo;1098
RPL;Correo_9000034;Estafeta de correo de San José;Estafeta de correo;Estafeta;4;San José;1111;;9999;;;AGI_Correos;;Montevideo;Montevideo;Correo;1099
RPL;Correo_9000035;Estafeta de correo de San Juan Bautista;Estafeta de correo;Estafeta;4;San Juan Bautista;1111;;9999;;;AGI_Correos;;Montevideo;Buenos Aires;Correo;1100
RPL;Correo_9000035;Estafeta de correo de San Juan Bautista;Estafeta de correo;Estafeta;4;San Juan Bautista;1111;;9999;;;AGI_Correos;;Montevideo;Montevideo;Correo;1101
RPL;Correo_9000039;Estafeta de correo de Melo;Estafeta de correo;Estafeta;4;Melo;1111;;9999;;;AGI_Correos;;Montevideo;Montevideo;Correo;1102
RPL;Correo_9000040;Estafeta de correo de El Colla;Estafeta de correo;Estafeta;4;El Colla;1111;;9999;;;AGI_Correos;;Montevideo;Montevideo;Correo;1103
RPL;Correo_9000042;Estafeta de correo de Rocha;Estafeta de correo;Estafeta;4;Rocha;1111;not_after;9999;not_after;;AGI_Correos;;Montevideo;Montevideo;Correo;1104
RPL;Correo_9000046;Estafeta de correo de Yapeyú;Estafeta de correo;Estafeta;4;Yapeyú;1111;not_after;9999;not_after;;AGI_Correos;;Buenos Aires;Buenos Aires;Correo;1105
RPL;Correo_9000048;Estafeta de correo de Espinillo;Estafeta de correo;Estafeta;4;Espinillo;1111;;9999;;;AGI_Correos;;Montevideo;Montevideo;Correo;1106
RPL;Correo_9000056;Estafeta de correo de La Bajada;Estafeta de correo;Estafeta;4;La Bajada;1111;not_after;9999;not_after;;AGI_Correos;;Buenos Aires;Buenos Aires;Correo;1107
RPL;Correo_9000058;Estafeta de correo de Rosario;Estafeta de correo;Estafeta;4;Rosario;1111;not_after;9999;not_after;;AGI_Correos;;Buenos Aires;Buenos Aires;Correo;1108
RPL;Correo_9000083;Estafeta de correo de Belen;Estafeta de correo;Estafeta;4;Belen;1111;not_after;9999;not_after;;AGI_Correos;;Montevideo;Montevideo;Correo;1109
RPL;Correo_9000129;Estafeta de correo de San Nicolás;Estafeta de correo;Estafeta;4;San Nicolás;1111;not_after;9999;not_after;;AGI_Correos;;Buenos Aires;Buenos Aires;Correo;1110
RPL;Correo_9000130;Estafeta de correo de San Pedro;Estafeta de correo;Estafeta;4;San Pedro;1111;not_after;9999;not_after;;AGI_Correos;;Buenos Aires;Buenos Aires;Correo;1111
RPL;Correo_9000132;Estafeta de correo de Gualeguay;Estafeta de correo;Estafeta;4;Gualeguay;1111;;9999;;;AGI_Correos;;Montevideo;Montevideo;Correo;1112
RPL;Correo_9000133;Estafeta de correo de Paysandu;Estafeta de correo;Estafeta;4;Paysandu;1111;;9999;;;AGI_Correos;;Montevideo;Montevideo;Correo;1113
RPL;Correo_9000134;Estafeta de correo de Viboras;Estafeta de correo;Estafeta;4;Viboras;1111;;9999;;;AGI_Correos;;Montevideo;Montevideo;Correo;1114
RPL;Correo_9000136;Estafeta de correo de Minas;Estafeta de correo;Estafeta;4;Minas;1111;;9999;;;AGI_Correos;;Montevideo;Buenos Aires;Correo;1115
RPL;Correo_9000136;Estafeta de correo de Minas;Estafeta de correo;Estafeta;4;Minas;1111;;9999;;;AGI_Correos;;Montevideo;Montevideo;Correo;1116
RPL;Correo_9000154;Estafeta de correo de Mercedes;Estafeta de correo;Estafeta;4;Mercedes;1111;;9999;;;AGI_Correos;;Montevideo;Montevideo;Correo;1117
RPL;Correo_9000158;Estafeta de correo de Mandisovi;Estafeta de correo;Estafeta;4;Mandisovi;1111;;9999;;;AGI_Correos;;Montevideo;Montevideo;Correo;1118
RPL;Correo_9000182;Estafeta de correo de San Carlos;Estafeta de correo;Estafeta;4;San Carlos;1111;not_after;9999;not_after;;AGI_Correos;;Buenos Aires;Buenos Aires;Correo;1119
RPL;Correo_9000195;Estafeta de correo de Itapua;Estafeta de correo;Estafeta;4;Itapua;1111;not_after;9999;not_after;;AGI_Correos;;Buenos Aires;Buenos Aires;Correo;1120
RPL;Correo_9000250;Estafeta de correo de La Carolina;Estafeta de correo;Estafeta;4;La Carolina;1111;not_after;9999;not_after;;AGI_Correos;;Buenos Aires;Buenos Aires;Correo;1121
RPL;Correo_9000344;Estafeta de correo de Vacas;Estafeta de correo;Estafeta;4;Vacas;1111;;9999;;;AGI_Correos;;Montevideo;Montevideo;Correo;1122
RPL;Correo_9000477;Estafeta de correo de Villarrica;Estafeta de correo;Estafeta;4;Villarrica;1111;not_after;9999;not_after;;AGI_Correos;;Buenos Aires;Buenos Aires;Correo;1123
RPL;Correo_9000658;Estafeta de correo de Santa Teresa;Estafeta de correo;Estafeta;4;Santa Teresa;1111;;9999;;;AGI_Correos;;Montevideo;Buenos Aires;Correo;1124
RPL;Correo_9000658;Estafeta de correo de Santa Teresa;Estafeta de correo;Estafeta;4;Santa Teresa;1111;;9999;;;AGI_Correos;;Montevideo;Montevideo;Correo;1125
RPL;Correo_9000729;Estafeta de correo de Santa Lucía;Estafeta de correo;Estafeta;4;Santa Lucía;1111;not_after;9999;not_after;;AGI_Correos;;Buenos Aires;Buenos Aires;Correo;1126
PER;Correo_9900718;Estafeta de correo de Santa Catalina;Estafeta de correo;Estafeta;4;Santa Catalina;1111;;9999;;;AGI_Correos;;Lima;Lima;Correo;1127
NES;Correo_1000931;Estafeta de correo de Jonacatepec;Estafeta de correo;Estafeta;4;Jonacatepec;1111;;9999;;solo 3 cuentas: 1782, 1784, 1795;AGI_Correos;;Mexico;Mexico;Correo;1128
NES;Correo_Sauceda;Estafeta de correo de Sauceda;Estafeta de correo;Estafeta;4;Sauceda;1111;;9999;;dos candidatos de igual probabilidad;AGI_Correos;;Mexico;Mexico;Correo;1129
NES;Correo_1000000;Estafeta de correo de Llerena;Estafeta de correo;Estafeta;4;Llerena;1111;;9999;;;AGI_Correos;;Mexico;Mexico;Correo;1130
NES;Correo_1001473;Estafeta de correo de Tepecuacilco;Estafeta de correo;Estafeta;4;Tepecuacilco;1111;;9999;;;AGI_Correos;;Mexico;Mexico;Correo;1131
NES;Correo_Reyes;Estafeta de correo de Los Santos Reyes;Estafeta de correo;Estafeta;4;Los Santos Reyes;1111;;9999;;probablemente Teremendo o posiblemente Tirindaro o Pomaro;AGI_Correos;;Mexico;Mexico;Correo;1132
CHL;Correo_7000483;Estafeta de correo de Cogoti;Estafeta de correo;Estafeta;4;Cogoti;1111;;9999;;;AGI_Correos;;Santiago;Santiago;Correo;1133
GDJ;Correo_9900045;Estafeta de correo de Real de la Santísima Trinidad;Estafeta de correo;Estafeta;4;Real de la Santísima Trinidad;1111;;9999;;;AGI_Correos;;Mexico;Mexico;Correo;1134
GDJ;Correo_9900250;Estafeta de correo de Hacienda Carmen;Estafeta de correo;Estafeta;4;Hacienda Carmen;1111;;9999;;;AGI_Correos;;Mexico;Mexico;Correo;1135
GDJ;Correo_9900288;Estafeta de correo de Coahuila;Estafeta de correo;Estafeta;4;Coahuila;1111;;9999;;;AGI_Correos;;Mexico;Mexico;Correo;1136
RPL;Correo_9900667;Estafeta de correo de Real de San Carlos;Estafeta de correo;Estafeta;4;Real de San Carlos;1111;;9999;;;AGI_Correos;;Montevideo;Buenos Aires;Correo;1137
NGR;Correo_9900706;Estafeta de correo de La Paz del Rio;Estafeta de correo;Estafeta;4;La Paz del Rio;1111;;9999;;;AGI_Correos;;Socorro;Santa Fe;Correo;1138
QUI;Correo_9900707;Estafeta de correo de Carondelet;Estafeta de correo;Estafeta;4;Carondelet;1111;;9999;;;AGI_Correos;;Quito;Lima;Correo;1139
NES;Correo_9900708;Estafeta de correo de Zinaparo;Estafeta de correo;Estafeta;4;Zinaparo;1111;;9999;;;AGI_Correos;;Mexico;Mexico;Correo;1140
GDJ;Correo_9900709;Estafeta de correo de San Ignacio de Tubac;Estafeta de correo;Estafeta;4;San Ignacio de Tubac;1111;;9999;;;AGI_Correos;;Mexico;Mexico;Correo;1141
GDJ;Correo_9900710;Estafeta de correo de San José de Aranjuez;Estafeta de correo;Estafeta;4;San José de Aranjuez;1111;;9999;;;AGI_Correos;;Mexico;Mexico;Correo;1142
NES;Correo_9900711;Estafeta de correo de Zanjon;Estafeta de correo;Estafeta;4;Zanjon;1111;;9999;;;AGI_Correos;;Mexico;Mexico;Correo;1143
NES;Correo_9900712;Estafeta de correo de Minas de Huautla;Estafeta de correo;Estafeta;4;Minas de Huautla;1111;;9999;;;AGI_Correos;;Mexico;Mexico;Correo;1144
NES;Correo_9900713;Estafeta de correo de Chirangangueo;Estafeta de correo;Estafeta;4;Chirangangueo;1111;;9999;;;AGI_Correos;;Mexico;Mexico;Correo;1145
FIL;Correo_1600001;Estafeta de correo de Manila;Estafeta de correo;Estafeta;4;Manila;1111;;9999;;;AGI_Correos;;Mexico;Mexico;Correo;1146
NES;Correo_9901057;Estafeta de correo de Rancho de Oro;Estafeta de correo;Estafeta;4;Rancho de Oro;1111;;9999;;;correo-mexico;;Mexico;Mexico;Correo;1147
NES;Correo_1000116;Estafeta de correo de Zempoala;Estafeta de correo;Estafeta;4;Zempoala;1111;;9999;;;correo-mexico;;Mexico;Mexico;Correo;1148
NES;Correo_1000770;Estafeta de correo de Ozumba;Estafeta de correo;Estafeta;4;Ozumba;1111;;9999;;;correo-mexico;;Mexico;Mexico;Correo;1149
NES;Correo_1000190;Estafeta de correo de Tlapa;Estafeta de correo;Estafeta;4;Tlapa;1111;;9999;;;correo-mexico;;Mexico;Mexico;Correo;1150
NES;Correo_1002867;Estafeta de correo de Tlaxiaco;Estafeta de correo;Estafeta;4;Tlaxiaco;1111;;9999;;;correo-mexico;;Mexico;Mexico;Correo;1151
NES;Correo_1000168;Estafeta de correo de Teutila;Estafeta de correo;Estafeta;4;Teutila;1111;;9999;;;correo-mexico;;Mexico;Mexico;Correo;1152
NES;Correo_1000159;Estafeta de correo de Miahuatlán;Estafeta de correo;Estafeta;4;Miahuatlán;1111;;9999;;;correo-mexico;;Mexico;Mexico;Correo;1153
NES;Correo_1002447;Estafeta de correo de Juquila;Estafeta de correo;Estafeta;4;Juquila;1111;;9999;;;correo-mexico;;Mexico;Mexico;Correo;1154
NES;Correo_1001022;Estafeta de correo de Jilotepec;Estafeta de correo;Estafeta;4;Jilotepec;1111;;9999;;;correo-mexico;;Mexico;Mexico;Correo;1155
NES;Correo_1000685;Estafeta de correo de Pénjamo;Estafeta de correo;Estafeta;4;Pénjamo;1111;;9999;;;correo-mexico;;Mexico;Mexico;Correo;1156
NES;Correo_1005018;Estafeta de correo de Armadillo;Estafeta de correo;Estafeta;4;Armadillo;1111;;9999;;;correo-mexico;;Mexico;Mexico;Correo;1157
GDJ;Correo_9900748;Estafeta de correo de Álamo de Parras;Estafeta de correo;Estafeta;4;Álamo de Parras;1111;;9999;;;correo-mexico;;;;Correo;1158
GDJ;Correo_1004610;Estafeta de correo de Nochistlán;Estafeta de correo;Estafeta;4;Nochistlán;1111;;9999;;;correo-mexico;;Mexico;Mexico;Correo;1159
GDJ;Correo_1005065;Estafeta de correo de Jolapa;Estafeta de correo;Estafeta;4;Jolapa;1111;;9999;;;correo-mexico;;Mexico;Mexico;Correo;1160
GDJ;Correo_1000515;Estafeta de correo de San Juan de Lagos;Estafeta de correo;Estafeta;4;San Juan de Lagos;1111;;9999;;;correo-mexico;;Mexico;Mexico;Correo;1161
CHL;Puerto_7000002;Puerto de Concepción;Puerto mayor;Comercio libre;1;Concepción;1111;;9999;;;Interpolación;;;;Puerto;1162
QUI;Puerto_5600003;Puerto de Guayaquil;Puerto mayor;Comercio libre;1;Guayaquil;1111;;9999;;;Interpolación;;;;Puerto;1163
VEN;Puerto_4000010;Puerto de La Guaira;Puerto mayor;Comercio libre;1;La Guaira;1111;;9999;;;Interpolación;;;;Puerto;1164
SDO;Puerto_3000004;Puerto de La Habana;Puerto mayor;Comercio libre;1;La Habana;1111;;9999;;;Interpolación;;;;Puerto;1165
RPL;Puerto_9000024;Puerto de Montevideo;Puerto mayor;Comercio libre;1;Montevideo;1111;;9999;;;Interpolación;;;;Puerto;1166
CHL;Puerto_7000003;Puerto de Valparaíso;Puerto mayor;Comercio libre;1;Valparaíso;1111;;9999;;;Interpolación;;;;Puerto;1167
NES;Puerto_1000021;Puerto de Veracruz;Puerto mayor;Comercio libre;1;Veracruz;1111;;9999;;;Interpolación;;;;Puerto;1168
SDO;Puerto_3000030;Puerto de Batabano;Puerto menor;Comercio libre;2;Batabano;1111;;9999;;;Interpolación;;;;Puerto;1169
VEN;Puerto_4000004;Puerto de isla de Trinidad;Puerto menor;Comercio libre;2;isla de Trinidad;1111;;9999;;;Interpolación;;;;Puerto;1170
VEN;Puerto_4000393;Puerto de isla Margarita;Puerto menor;Comercio libre;2;isla Margarita;1111;;9999;;;Interpolación;;;;Puerto;1171
SDO;Puerto_3000175;Puerto de Monte-Christi;Puerto menor;Comercio libre;2;Monte-Christi;1111;;9999;;;Interpolación;;;;Puerto;1172
SDO;Puerto_3000003;Puerto de San Juan de Puerto Rico;Puerto menor;Comercio libre;2;San Juan de Puerto Rico;1111;;9999;;;Interpolación;;;;Puerto;1173
SDO;Puerto_3000005;Puerto de Santiago de Cuba;Puerto menor;Comercio libre;2;Santiago de Cuba;1111;;9999;;;Interpolación;;;;Puerto;1174
SDO;Puerto_3000001;Puerto de Santo Domingo;Puerto menor;Comercio libre;2;Santo Domingo;1111;;9999;;;Interpolación;;;;Puerto;1175
SDO;Puerto_3000010;Puerto de Trinidad;Puerto menor;Comercio libre;2;Trinidad;1111;;9999;;;Interpolación;;;;Puerto;1176
SDO;Puerto_3000023;Puerto de Nueva Orleans;Puerto menor;Comercio libre;2;Nueva Orleans;1111;;9999;;;Interpolación;;;;Puerto;1177
NES;Puerto_1000226;Puerto de Campeche;Puerto menor;Comercio libre;2;Campeche;1111;;9999;;;Interpolación;;;;Puerto;1178
NGR;Puerto_5000012;Puerto de Riohacha;Puerto menor;Comercio libre;2;Riohacha;1111;;9999;;;Interpolación;;;;Puerto;1179
NGR;Puerto_5000011;Puerto de Santa Marta;Puerto menor;Comercio libre;2;Santa Marta;1111;;9999;;;Interpolación;;;;Puerto;1180
SDO;Puerto_3000030;Puerto de Batabano;Puerto menor;Comercio libre;2;Batabano;1111;;9999;;;Reglamento y aranceles reales para el comercio libre de España a Indias (Madrid 1778), pp. 5-6.;;;;Puerto;1181
NES;Puerto_1000226;Puerto de Campeche;Puerto menor;Comercio libre;2;Campeche;1111;;9999;;;Reglamento y aranceles reales para el comercio libre de España a Indias (Madrid 1778), pp. 5-6.;;;;Puerto;1182
NGR;Puerto_5000725;Puerto de Chagres;Puerto menor;Comercio libre;2;Chagres;1111;;9999;;;Reglamento y aranceles reales para el comercio libre de España a Indias (Madrid 1778), pp. 5-6.;;;;Puerto;1183
GUA;Puerto_2000732;Puerto de Santo Tomás de Castilla;Puerto menor;Comercio libre;2;Santo Tomás de Castilla;1111;;9999;;;Reglamento y aranceles reales para el comercio libre de España a Indias (Madrid 1778), pp. 5-6.;;;;Puerto;1184
VEN;Puerto_4000393;Puerto de isla Margarita;Puerto menor;Comercio libre;2;isla Margarita;1111;;9999;;;Reglamento y aranceles reales para el comercio libre de España a Indias (Madrid 1778), pp. 5-6.;;;;Puerto;1185
VEN;Puerto_4000004;Puerto de isla de Trinidad;Puerto menor;Comercio libre;2;isla de Trinidad;1111;;9999;;;Reglamento y aranceles reales para el comercio libre de España a Indias (Madrid 1778), pp. 5-6.;;;;Puerto;1186
SDO;Puerto_3000175;Puerto de Monte-Christi;Puerto menor;Comercio libre;2;Monte-Christi;1111;;9999;;;Interpolación;;;;Puerto;1187
GUA;Puerto_2000259;Puerto de Omoa;Puerto menor;Comercio libre;2;Omoa;1111;;9999;;;Interpolación;;;;Puerto;1188
NGR;Puerto_5000002;Puerto de Panamá;Puerto menor;Comercio libre;2;Panamá;1111;;9999;;;Interpolación;;;;Puerto;1189
NGR;Puerto_5000005;Puerto de Portobelo;Puerto menor;Comercio libre;2;Portobelo;1111;;9999;;;Interpolación;;;;Puerto;1190
SDO;Puerto_3000003;Puerto de San Juan de Puerto Rico;Puerto menor;Comercio libre;2;San Juan de Puerto Rico;1111;;9999;;;Interpolación;;;;Puerto;1191
SDO;Puerto_3000005;Puerto de Santiago de Cuba;Puerto menor;Comercio libre;2;Santiago de Cuba;1111;;9999;;;Interpolación;;;;Puerto;1192
SDO;Puerto_3000001;Puerto de Santo Domingo;Puerto menor;Comercio libre;2;Santo Domingo;1111;;9999;;;Interpolación;;;;Puerto;1193
SDO;Puerto_3000010;Puerto de Trinidad;Puerto menor;Comercio libre;2;Trinidad;1111;;9999;;;Interpolación;;;;Puerto;1194
SDO;Puerto_9901007;Puerto de Nuevitas;Puerto menor;Comercio libre;2;Nuevitas;1111;;9999;;;Ramón de la Sagra, Historia economico-politica y estadistica de la isla de Cuba (La Habana 1831), p. 182.;;;;Puerto;1195
VEN;Puerto_4000005;Puerto de Cumaná;Puerto menor;Comercio libre;2;Cumaná;1111;;9999;;;Interpolación;;;;Puerto;1196
VEN;Puerto_4000009;Puerto de Guayana;Puerto menor;Comercio libre;2;Guayana;1111;;9999;;;Interpolación;;;;Puerto;1197
VEN;Puerto_9901006;Puerto de La Cruz;Puerto menor;Comercio libre;2;La Cruz;1111;;9999;;;Interpolación;;;;Puerto;1198
NES;Puerto_1000006;Puerto de Acapulco;Puerto menor;Comercio libre;2;Acapulco;1111;;9999;;Sólo para comercio americano.;Interpolación;;;;Puerto;1199
GDJ;Puerto_1000059;Puerto de San Blas;Puerto menor;Comercio libre;2;San Blas;1111;;9999;;Sólo para comercio americano. Se resforzó y amplió en 1796, 1797 y 1801-1803.;Interpolación;;;;Puerto;1200
NES;Puerto_1000018;Puerto de Villahermosa;Puerto menor;Comercio libre;2;Villahermosa;1111;;9999;;;Adela Pinet Plasencia, La península de Yucatán en el Archivo General de la Nación (Mécio, DF 1998), p. 127.;;;;Puerto;1201
VEN;Puerto_4000007;Puerto de Maracaibo;Puerto menor;Comercio libre;2;Maracaibo;1111;;9999;;;Interpolación;;;;Puerto;1202
SDO;Puerto_3000011;Puerto de Matanzas;Puerto menor;Comercio libre;2;Matanzas;1111;;9999;;;Interpolación;;;;Puerto;1203
;Puerto_9901008;Puerto de Caibarien;Puerto menor;Comercio libre;2;Caibarien (Remedios);1111;;9999;;;Ramón de la Sagra, Historia economico-politica y estadistica de la isla de Cuba (La Habana 1831), p. 182.;;;;Puerto;1204
NES;Puerto_1004862;Puerto de isla de Carmen;Puerto menor;Comercio libre;2;isla de Carmen;1111;;9999;;;Adela Pinet Plasencia, La península de Yucatán en el Archivo General de la Nación (Mécio, DF 1998), p. 127.;;;;Puerto;1205
GUA;Puerto_2000132;Puerto de Acajutla;Puerto menor;Comercio libre;2;Acajutla;1111;;9999;;;Interpolación;;;;Puerto;1206
GUA;Puerto_2000672;Puerto de Realejo;Puerto menor;Comercio libre;2;Realejo;1111;;9999;;;Interpolación;;;;Puerto;1207
NES;Puerto_1000006;Puerto de Acapulco;Puerto menor;Comercio libre;2;Acapulco;1111;;9999;;;Interpolación;;;;Puerto;1208
SDO;Puerto_3000030;Puerto de Batabano;Puerto menor;Comercio libre;2;Batabano;1111;;9999;;;Interpolación;;;;Puerto;1209
NES;Puerto_1000226;Puerto de Campeche;Puerto menor;Comercio libre;2;Campeche;1111;;9999;;;Interpolación;;;;Puerto;1210
NGR;Puerto_5000725;Puerto de Chagres;Puerto menor;Comercio libre;2;Chagres;1111;;9999;;;Interpolación;;;;Puerto;1211
VEN;Puerto_4000005;Puerto de Cumaná;Puerto menor;Comercio libre;2;Cumaná;1111;;9999;;;Interpolación;;;;Puerto;1212
GUA;Puerto_2000732;Puerto de Santo Tomás de Castilla;Puerto menor;Comercio libre;2;Santo Tomás de Castilla;1111;;9999;;;Interpolación;;;;Puerto;1213
VEN;Puerto_4000009;Puerto de Guayana;Puerto menor;Comercio libre;2;Guayana;1111;;9999;;;Interpolación;;;;Puerto;1214
VEN;Puerto_4000393;Puerto de isla de Margarita;Puerto menor;Comercio libre;2;isla de Margarita;1111;;9999;;;Interpolación;;;;Puerto;1215
VEN;Puerto_4000004;Puerto de isla de Trinidad;Puerto menor;Comercio libre;2;isla de Trinidad;1111;;9999;;;Interpolación;;;;Puerto;1216
VEN;Puerto_9901006;Puerto de La Cruz;Puerto menor;Comercio libre;2;La Cruz;1111;;9999;;;Interpolación;;;;Puerto;1217
VEN;Puerto_4000007;Puerto de Maracaibo;Puerto menor;Comercio libre;2;Maracaibo;1111;;9999;;;Interpolación;;;;Puerto;1218
SDO;Puerto_3000175;Puerto de Monte-Christi;Puerto menor;Comercio libre;2;Monte-Christi;1111;;9999;;;Interpolación;;;;Puerto;1219
GUA;Puerto_2000259;Puerto de Omoa;Puerto menor;Comercio libre;2;Omoa;1111;;9999;;;Interpolación;;;;Puerto;1220
NGR;Puerto_5000002;Puerto de Panamá;Puerto menor;Comercio libre;2;Panamá;1111;;9999;;;Interpolación;;;;Puerto;1221
NGR;Puerto_5000005;Puerto de Portobelo;Puerto menor;Comercio libre;2;Portobelo;1111;;9999;;;Interpolación;;;;Puerto;1222
VEN;Puerto_4000107;Puerto de Puerto Cabello;Puerto menor;Comercio libre;2;Puerto Cabello;1111;;9999;;;Interpolación;;;;Puerto;1223
GDJ;Puerto_1000059;Puerto de San Blas;Puerto menor;Comercio libre;2;San Blas;1111;;9999;;;Interpolación;;;;Puerto;1224
SDO;Puerto_3000003;Puerto de San Juan de Puerto Rico;Puerto menor;Comercio libre;2;San Juan de Puerto Rico;1111;;9999;;;Interpolación;;;;Puerto;1225
SDO;Puerto_3000005;Puerto de Santiago de Cuba;Puerto menor;Comercio libre;2;Santiago de Cuba;1111;;9999;;;Interpolación;;;;Puerto;1226
SDO;Puerto_3000001;Puerto de Santo Domingo;Puerto menor;Comercio libre;2;Santo Domingo;1111;;9999;;;Interpolación;;;;Puerto;1227
;Puerto_9901008;Puerto de Caibarien;Puerto menor;Comercio libre;2;Caibarien (Remedios);1111;;9999;;;Ramón de la Sagra, Historia economico-politica y estadistica de la isla de Cuba (La Habana 1831), p. 182.;;;;Puerto;1228
NES;Puerto_1000018;Puerto de Villahermosa;Puerto menor;Comercio libre;2;Villahermosa;1111;;9999;;;Adela Pinet Plasencia, La península d eYucatán en el Archivo General de la Nación (Mécio, DF 1998), p. 127.;;;;Puerto;1229
NES;Puerto_1004862;Puerto de isla de Carmen;Puerto menor;Comercio libre;2;isla de Carmen;1111;;9999;;;Adela Pinet Plasencia, La península d eYucatán en el Archivo General de la Nación (Mécio, DF 1998), p. 127.;;;;Puerto;1230
GUA;Puerto_2000543;Puerto de San Andrés;Puerto menor;Comercio libre;2;San Andrés;1111;;9999;;;"Rafael Andrés Sánchez Aguirre, ""El tejido de la identidad colectiva en San Andrés Isla: Colombianos y extraños"": Memorias. Revista digital de historia y arquología desde el Caribe 5, 9 (2008), p.61-85.";;;;Puerto;1231
GUA;Puerto_2000722;Puerto de Rio San Juan;Puerto menor;Comercio libre;2;Rio San Juan;1111;;9999;;;"Victor H. Acuña, ""La reglamentación del comercio exterior en América central durante el siglo XVIII"":  Mesoamérica 1, 1 (1980), p. 7-55. AGI, Guatemala 833 No. 567";;;;Puerto;1232
SDO;Puerto_3000011;Puerto de Matanzas;Puerto menor;Comercio libre;2;Matanzas;1111;;9999;;;Interpolación;;;;Puerto;1233
GUA;Puerto_2000132;Puerto de Acajutla;Puerto menor;Comercio libre;2;Acajutla;1111;;9999;;;Interpolación;;;;Puerto;1234
GUA;Puerto_2000672;Puerto de Realejo;Puerto menor;Comercio libre;2;Realejo;1111;;9999;;;Interpolación;;;;Puerto;1235
SDO;Puerto_3000010;Puerto de Trinidad;Puerto menor;Comercio libre;2;Trinidad;1111;;9999;;;Interpolación;;;;Puerto;1236
SDO;Puerto_9901007;Puerto de Nuevitas;Puerto menor;Comercio libre;2;Nuevitas;1111;;9999;;;Ramón de la Sagra, Historia economico-politica y estadistica de la isla de Cuba (La Habana 1831), p. 182.;;;;Puerto;1237
NES;Puerto_1004568;Puerto de Sisal;Puerto menor;Comercio libre;2;Sisal;1111;;9999;;En otras publicaciones se menciona 1814 como habilitación como puerto menor.;Luis Ángel Mezeta Canul, El abastecimiento mercantil en la ciudad de Mérida, 1790-1850 (tesis, Mérida de Yucatán 2014), p. 3.;;;;Puerto;1238
VEN;Puerto_4000393;Puerto de isla Margarita;Real compañía de comercio para las islas de Santo Domingo, Puerto-Rico y La Margarita;Compañía privilegada;2;isla Margarita;1111;;9999;;;Interpolación;;;;Puerto;1239
SDO;Puerto_3000003;Puerto de San Juan de Puerto Rico;Real compañía de comercio para las islas de Santo Domingo, Puerto-Rico y La Margarita;Compañía privilegada;2;San Juan de Puerto Rico;1111;;9999;;;Interpolación;;;;Puerto;1240
SDO;Puerto_3000001;Puerto de Santo Domingo;Real compañía de comercio para las islas de Santo Domingo, Puerto-Rico y La Margarita;Compañía privilegada;2;Santo Domingo;1111;;9999;;;Interpolación;;;;Puerto;1241
FIL;Puerto_1600001;Puerto de Manila;Real Compañía de Filipinas;Consular-Compañía privilegada;1;Manila;1111;;9999;;;Interpolación;;;;Puerto;1242
VEN;Puerto_4000010;Puerto de La Guaira;Real Compañía Guipuzcoana;Compañía privilegada;2;La Guaira;1111;;9999;;;Interpolación;;;;Puerto;1243
VEN;Puerto_4000107;Puerto de Puerto Cabello;Real Compañía Guipuzcoana;Compañía privilegada;2;Puerto Cabello;1111;;9999;;;Interpolación;;;;Puerto;1244
VEN;Puerto_4000005;Puerto de Cumaná;Real Compañía Guipuzcoana;Compañía privilegada;2;Cumaná;1111;;9999;;;Interpolación;;;;Puerto;1245
VEN;Puerto_4000009;Puerto de Guayana;Real Compañía Guipuzcoana;Compañía privilegada;2;Guayana;1111;;9999;;;Interpolación;;;;Puerto;1246
VEN;Puerto_9901006;Puerto de La Cruz;Real Compañía Guipuzcoana;Compañía privilegada;2;La Cruz;1111;;9999;;;Interpolación;;;;Puerto;1247
VEN;Puerto_4000007;Puerto de Maracaibo;Real Compañía Guipuzcoana;Compañía privilegada;2;Maracaibo;1111;;9999;;;Interpolación;;;;Puerto;1248
RPL;Puerto_9000033;Puerto de Maldonado;Real compañía marítima;Compañía privilegada;2;Maldonado;1111;;9999;;;Interpolación;;;;Puerto;1249
GUA;Puerto_2000732;Puerto de Santo Tomás de Castilla;Registro y Flota;Consular;2;Santo Tomás de Castilla;1111;;9999;;La Real Compañía de Barcelona tenía licencia para algunos viajes anuales.;Interpolación;;;;Puerto;1250
GUA;Puerto_2000009;Puerto de Trujillo;Registro y Flota;Consular;2;Trujillo;1111;;9999;;La Real Compañía de Barcelona tenía licencia para algunos viajes anuales.;Interpolación;;;;Puerto;1251
VEN;Puerto_4000005;Puerto de Cumaná;Registro y Galeones de Tierrafirme;Consular;2;Cumaná;1111;;9999;;La Real Compañía de Barcelona tenía licencia para algunos viajes anuales.;Interpolación;;;;Puerto;1252
PER;Puerto_6000021;Puerto de Arica;Registro y Armada del Mar del Sur;Consular;2;Arica;1111;;9999;;;Interpolación;;;;Puerto;1253
PER;Puerto_6000008;Puerto de El Callao;Registro y Armada del Mar del Sur;Consular;1;El Callao;1111;;9999;;;Interpolación;;;;Puerto;1254
QUI;Puerto_5600003;Puerto de Guayaquil;Registro y Armada del Mar del Sur;Consular;2;Guayaquil;1111;;9999;;;Interpolación;;;;Puerto;1255
PER;Puerto_6001392;Puerto de Paita;Registro y Armada del Mar del Sur;Consular;3;Paita;1111;;9999;;En realidad un puerto no incorporado en el sistema, pero puerto de desembarque de pasajeros antes de continuar a El Callao.;Interpolación;;;;Puerto;1256
NGR;Puerto_5000002;Puerto de Panamá;Registro y Armada del Mar del Sur;Consular;1;Panamá;1111;;9999;;;Interpolación;;;;Puerto;1257
CHL;Puerto_7000003;Puerto de Valparaíso;Registro y Armada del Mar del Sur;Consular;2;Valparaíso;1111;;9999;;;Interpolación;;;;Puerto;1258
PER;Puerto_6000021;Puerto de Arica;Registro y Armada del Mar del Sur;Consular;2;Arica;1111;;9999;;;Interpolación;;;;Puerto;1259
PER;Puerto_6000008;Puerto de El Callao;Registro y Armada del Mar del Sur;Consular;1;El Callao;1111;;9999;;;Interpolación;;;;Puerto;1260
QUI;Puerto_5600003;Puerto de Guayaquil;Registro y Armada del Mar del Sur;Consular;2;Guayaquil;1111;;9999;;;Interpolación;;;;Puerto;1261
PER;Puerto_6001392;Puerto de Paita;Registro y Armada del Mar del Sur;Consular;3;Paita;1111;;9999;;En realidad un puerto no incorporado en el sistema, pero puerto de desembarque de pasajeros antes de continuar a El Callao.;Interpolación;;;;Puerto;1262
NGR;Puerto_5000002;Puerto de Panamá;Registro y Armada del Mar del Sur;Consular;1;Panamá;1111;;9999;;;Interpolación;;;;Puerto;1263
PER;Puerto_6000003;Puerto de Trujillo;Registro y Armada del Mar del Sur;Consular;2;Trujillo;1111;;9999;;;Interpolación;;;;Puerto;1264
CHL;Puerto_7000003;Puerto de Valparaíso;Registro y Armada del Mar del Sur;Consular;2;Valparaíso;1111;;9999;;;Interpolación;;;;Puerto;1265
SDO;Puerto_3000001;Puerto de Santo Domingo;Registro y Flota de Barlovento;Consular;2;Santo Domingo;1111;;9999;;;Interpolación;;;;Puerto;1266
NES;Puerto_1000226;Puerto de Campeche;Registro y Flota de Barlovento;Consular;2;Campeche;1111;;9999;;;Interpolación;;;;Puerto;1267
SDO;Puerto_3000004;Puerto de La Habana;Registro y Flota de Barlovento;Consular;1;La Habana;1111;;9999;;;Interpolación;;;;Puerto;1268
SDO;Puerto_3000003;Puerto de San Juan de Puerto Rico;Registro y Flota de Barlovento;Consular;2;San Juan de Puerto Rico;1111;;9999;;;Interpolación;;;;Puerto;1269
SDO;Puerto_3000005;Puerto de Santiago de Cuba;Registro y Flota de Barlovento;Consular;2;Santiago de Cuba;1111;;9999;;;Interpolación;;;;Puerto;1270
GUA;Puerto_2000732;Puerto de Santo Tomás de Castilla;Registro y Flota de Barlovento;Consular;2;Santo Tomás de Castilla;1111;;9999;;;Interpolación;;;;Puerto;1271
GUA;Puerto_2000009;Puerto de Trujillo;Registro y Flota de Barlovento;Consular;2;Trujillo;1111;;9999;;;Interpolación;;;;Puerto;1272
NES;Puerto_1000021;Puerto de Veracruz;Registro y Flota de Barlovento;Consular;1;Veracruz;1111;;9999;;;Interpolación;;;;Puerto;1273
NES;Puerto_1000226;Puerto de Campeche;Registro y Flota de Barlovento;Consular;2;Campeche;1111;;9999;;;Interpolación;;;;Puerto;1274
SDO;Puerto_3000003;Puerto de San Juan de Puerto Rico;Registro y Flota de Barlovento;Consular;2;San Juan de Puerto Rico;1111;;9999;;;Interpolación;;;;Puerto;1275
SDO;Puerto_3000005;Puerto de Santiago de Cuba;Registro y Flota de Barlovento;Consular;2;Santiago de Cuba;1111;;9999;;;Interpolación;;;;Puerto;1276
SDO;Puerto_3000001;Puerto de Santo Domingo;Registro y Flota de Barlovento;Consular;2;Santo Domingo;1111;;9999;;;Interpolación;;;;Puerto;1277
GUA;Puerto_2000732;Puerto de Santo Tomás de Castilla;Registro y Flota de Barlovento;Consular;2;Santo Tomás de Castilla;1111;;9999;;;Interpolación;;;;Puerto;1278
GUA;Puerto_2000009;Puerto de Trujillo;Registro y Flota de Barlovento;Consular;2;Trujillo;1111;;9999;;;Interpolación;;;;Puerto;1279
SDO;Puerto_3000004;Puerto de La Habana;"Registro y Flota de Barlovento; Tornaviaje";Consular;1;La Habana;1111;;9999;;;Interpolación;;;;Puerto;1280
NGR;Puerto_5000004;Puerto de Cartagena de Indias;Registro y Galeones de Tierrafirme;Consular;1;Cartagena de Indias;1111;;9999;;;Interpolación;;;;Puerto;1281
VEN;Puerto_4000005;Puerto de Cumaná;Registro y Galeones de Tierrafirme;Consular;2;Cumaná;1111;;9999;;;Interpolación;;;;Puerto;1282
VEN;Puerto_4000004;Puerto de isla de Trinidad;Registro y Galeones de Tierrafirme;Consular;2;isla de Trinidad;1111;;9999;;;Interpolación;;;;Puerto;1283
VEN;Puerto_4000393;Puerto de isla Margarita;Registro y Galeones de Tierrafirme;Consular;2;isla Margarita;1111;;9999;;;Interpolación;;;;Puerto;1284
VEN;Puerto_4000010;Puerto de La Guaira;Registro y Galeones de Tierrafirme;Consular;2;La Guaira;1111;;9999;;;Interpolación;;;;Puerto;1285
VEN;Puerto_4000007;Puerto de Maracaibo;Registro y Galeones de Tierrafirme;Consular;2;Maracaibo;1111;;9999;;;Interpolación;;;;Puerto;1286
NGR;Puerto_5000005;Puerto de Portobelo;Registro y Galeones de Tierrafirme;Consular;1;Portobelo;1111;;9999;;;Interpolación;;;;Puerto;1287
NGR;Puerto_5000012;Puerto de Riohacha;Registro y Galeones de Tierrafirme;Consular;2;Riohacha;1111;;9999;;;Interpolación;;;;Puerto;1288
NGR;Puerto_5000011;Puerto de Santa Marta;Registro y Galeones de Tierrafirme;Consular;2;Santa Marta;1111;;9999;;;Interpolación;;;;Puerto;1289
NGR;Puerto_5000004;Puerto de Cartagena de Indias;Registro y Galeones de Tierrafirme;Consular;1;Cartagena de Indias;1111;;9999;;;Interpolación;;;;Puerto;1290
VEN;Puerto_4000004;Puerto de isla de Trinidad;Registro y Galeones de Tierrafirme;Consular;2;isla de Trinidad;1111;;9999;;;Interpolación;;;;Puerto;1291
VEN;Puerto_4000393;Puerto de isla Margarita;Registro y Galeones de Tierrafirme;Consular;2;isla Margarita;1111;;9999;;;Interpolación;;;;Puerto;1292
VEN;Puerto_4000007;Puerto de Maracaibo;Registro y Galeones de Tierrafirme;Consular;2;Maracaibo;1111;;9999;;;Interpolación;;;;Puerto;1293
NGR;Puerto_5000005;Puerto de Portobelo;Registro y Galeones de Tierrafirme;Consular;1;Portobelo;1111;;9999;;;Interpolación;;;;Puerto;1294
NGR;Puerto_5000012;Puerto de Riohacha;Registro y Galeones de Tierrafirme;Consular;2;Riohacha;1111;;9999;;;Interpolación;;;;Puerto;1295
NGR;Puerto_5000011;Puerto de Santa Marta;Registro y Galeones de Tierrafirme;Consular;2;Santa Marta;1111;;9999;;;Interpolación;;;;Puerto;1296
RPL;Puerto_9000001;Puerto de Buenos Aires;Registros;Consular;1;Buenos Aires;1111;;9999;;;Interpolación;;;;Puerto;1297
CHL;Puerto_7000002;Puerto de Concepción;Registros;Consular;2;Concepción;1111;;9999;;;Interpolación;;;;Puerto;1298
RPL;Puerto_9000024;Puerto de Montevideo;Registros;Consular;2;Montevideo;1111;;9999;;;Interpolación;;;;Puerto;1299
PER;Puerto_6000021;Puerto de Arica;Registros;Consular;2;Arica;1111;;9999;;;Interpolación;;;;Puerto;1300
SDO;Puerto_3000001;Puerto de Santo Domingo;Registros;Consular;2;Santo Domingo;1111;;9999;;;Interpolación;;;;Puerto;1301
NES;Puerto_1000226;Puerto de Campeche;Registros;Consular;2;Campeche;1111;;9999;;;Interpolación;;;;Puerto;1302
NGR;Puerto_5000004;Puerto de Cartagena de Indias;Registros;Consular;1;Cartagena de Indias;1111;;9999;;;Interpolación;;;;Puerto;1303
VEN;Puerto_4000005;Puerto de Cumaná;Registros;Consular;2;Cumaná;1111;;9999;;;Interpolación;;;;Puerto;1304
PER;Puerto_6000008;Puerto de El Callao;Registros;Consular;1;El Callao;1111;;9999;;;Interpolación;;;;Puerto;1305
QUI;Puerto_5600003;Puerto de Guayaquil;Registros;Consular;2;Guayaquil;1111;;9999;;;Interpolación;;;;Puerto;1306
VEN;Puerto_4000004;Puerto de isla de Trinidad;Registros;Consular;2;isla de Trinidad;1111;;9999;;;Interpolación;;;;Puerto;1307
VEN;Puerto_4000393;Puerto de isla Margarita;Registros;Consular;2;isla Margarita;1111;;9999;;;Interpolación;;;;Puerto;1308
VEN;Puerto_4000010;Puerto de La Guaira;Registros;Consular;2;La Guaira;1111;;9999;;;Interpolación;;;;Puerto;1309
SDO;Puerto_3000004;Puerto de La Habana;Registros;Consular;1;La Habana;1111;;9999;;;Interpolación;;;;Puerto;1310
VEN;Puerto_4000007;Puerto de Maracaibo;Registros;Consular;2;Maracaibo;1111;;9999;;;Interpolación;;;;Puerto;1311
PER;Puerto_6001392;Puerto de Paita;Registros;Consular;2;Paita;1111;;9999;;;Interpolación;;;;Puerto;1312
NGR;Puerto_5000002;Puerto de Panamá;Registros;Consular;1;Panamá;1111;;9999;;;Interpolación;;;;Puerto;1313
NGR;Puerto_5000005;Puerto de Portobelo;Registros;Consular;1;Portobelo;1111;;9999;;;Interpolación;;;;Puerto;1314
VEN;Puerto_4000107;Puerto de Puerto Cabello;Registros;Consular;2;Puerto Cabello;1111;;9999;;;Interpolación;;;;Puerto;1315
NGR;Puerto_5000012;Puerto de Riohacha;Registros;Consular;2;Riohacha;1111;;9999;;;Interpolación;;;;Puerto;1316
SDO;Puerto_3000003;Puerto de San Juan de Puerto Rico;Registros;Consular;2;San Juan de Puerto Rico;1111;;9999;;;Interpolación;;;;Puerto;1317
NGR;Puerto_5000011;Puerto de Santa Marta;Registros;Consular;2;Santa Marta;1111;;9999;;;Interpolación;;;;Puerto;1318
SDO;Puerto_3000005;Puerto de Santiago de Cuba;Registros;Consular;2;Santiago de Cuba;1111;;9999;;;Interpolación;;;;Puerto;1319
GUA;Puerto_2000732;Puerto de Santo Tomás de Castilla;Registros;Consular;2;Santo Tomás de Castilla;1111;;9999;;;Interpolación;;;;Puerto;1320
GUA;Puerto_2000009;Puerto de Trujillo;Registros;Consular;2;Trujillo;1111;;9999;;;Interpolación;;;;Puerto;1321
CHL;Puerto_7000003;Puerto de Valparaíso;Registros;Consular;2;Valparaíso;1111;;9999;;;Interpolación;;;;Puerto;1322
NES;Puerto_1000021;Puerto de Veracruz;Registros;Consular;1;Veracruz;1111;;9999;;;Interpolación;;;;Puerto;1323
VEN;Puerto_4000005;Puerto de Cumaná;Registros;Consular;2;Cumaná;1111;;9999;;;Interpolación;;;;Puerto;1324
NES;Puerto_1000021;Puerto de Veracruz;Registros;Consular;1;Veracruz;1111;;9999;;;Interpolación;;;;Puerto;1325
GDJ;Puerto_1000059;Puerto de San Blas;Nao de china;Consular;2;San Blas;1111;;9999;;;Interpolación;;;;Puerto;1326
SDO;Puerto_3000257;Puerto de Manzanillo;Puerto menor;Comercio libre;2;Manzanillo (Bayamo);1111;;9999;;;Ramón de la Sagra, Historia economico-politica y estadistica de la isla de Cuba (La Habana 1831), p. 182.;;;;Puerto;1327
;Puerto_9999999;Puerto de Goleto;Puerto menor;Comercio libre;2;Goleto (Sancti Spiritus);1111;;9999;;;Ramón de la Sagra, Historia economico-politica y estadistica de la isla de Cuba (La Habana 1831), p. 182.;;;;Puerto;1328
SDO;Puerto_3000012;Puerto de Baracoa;Puerto menor;Comercio libre;2;Baracoa;1111;;9999;;;Ramón de la Sagra, Historia economico-politica y estadistica de la isla de Cuba (La Habana 1831), p. 182.;;;;Puerto;1329
GDJ;Puerto_9901009;Puerto de San Bernardo;Puerto menor;Comercio libre;2;San Bernardo;1111;;9999;;;Almanak mercantil ó Guía de comerciantes para el ano 1808 (madrid s.d.), p. 255.;;;;Puerto;1330
GUA;Puerto_2000533;Puerto de Matina;Puerto menor;Comercio libre;2;Matina;1111;;9999;;;Marie Laure Rieu-Millán, Los diputados americanos en las Cortes de Cádiz: igualdad o independencia (Madrid 1990), p. 191.;;;;Puerto;1331
;Puerto_9999999;Puerto de Puntarenas;Puerto menor;Comercio libre;2;Puntarenas;1111;;9999;;;Marie Laure Rieu-Millán, Los diputados americanos en las Cortes de Cádiz: igualdad o independencia (Madrid 1990), p. 191.;;;;Puerto;1332
GUA;Puerto_2000021;Puerto de Tonalá;Puerto menor;Comercio libre;3;Tonalá;1111;;9999;;Para el comercio con Nueva España y Perú.;Marie Laure Rieu-Millán, Los diputados americanos en las Cortes de Cádiz: igualdad o independencia (Madrid 1990), p. 191.;;;;Puerto;1333
GUA;Puerto_2000018;Puerto de Tapachula;Puerto menor;Comercio libre;4;Tapachula;1111;;9999;;Para el comercio con Nueva España y Perú.;Marie Laure Rieu-Millán, Los diputados americanos en las Cortes de Cádiz: igualdad o independencia (Madrid 1990), p. 191.;;;;Puerto;1334
GDJ;Puerto_1005448;Puerto de Guaymas;Puerto menor;Comercio libre;5;Guaymas;1111;;9999;;;Marie Laure Rieu-Millán, Los diputados americanos en las Cortes de Cádiz: igualdad o independencia (Madrid 1990), p. 191.;;;;Puerto;1335
NES;Imprentas_Mexico;Hasta seis imprentas;Hasta seis imprentas;;1;México;1111;;9999;;Su número aumentaría a seis durante la Colonia.;José Torre Revello, El libro, la imprenta y el periodismo en América durante la dominación española (México 1991, original Buenos Aires 1940), p. 138ff.;;;;Imprentas;1336
PER;Imprentas_Lima;Hasta seis imprentas;Hasta seis imprentas;;1;Lima;1111;;9999;;Su número aumentaría a seis durante la Colonia.;José Torre Revello, El libro, la imprenta y el periodismo en América durante la dominación española (México 1991, original Buenos Aires 1940), p. 138ff.;;;;Imprentas;1337
NES;Imprentas_Puebla;Hasta tres imprentas;Hasta tres imprentas;;1;Puebla;1111;;9999;;Su número aumentaría a tres durante la Colonia.;José Torre Revello, El libro, la imprenta y el periodismo en América durante la dominación española (México 1991, original Buenos Aires 1940), p. 138ff.;;;;Imprentas;1338
GUA;Imprenta_Guatemala;Imprenta de Guatemala;Imprenta;;2;Guatemala;1111;;9999;;;José Torre Revello, El libro, la imprenta y el periodismo en América durante la dominación española (México 1991, original Buenos Aires 1940), p. 138ff.;;;;Imprentas;1339
GUA;Imprenta_Guatemala;Imprenta de Guatemala;Imprenta;;2;Guatemala;1111;;9999;;;José Torre Revello, El libro, la imprenta y el periodismo en América durante la dominación española (México 1991, original Buenos Aires 1940), p. 138ff.;;;;Imprentas;1340
RPL;Imprenta_Misiones;Imprenta de Misiones;Imprenta;;2;Misiones;1111;;9999;;En realidad, la imprenta se trasladó varias veces entre los pueblos de Loreto, Santa María la Mayor y San Francisco Javier.;José Torre Revello, El libro, la imprenta y el periodismo en América durante la dominación española (México 1991, original Buenos Aires 1940), p. 138ff.;;;;Imprentas;1341
SDO;Imprenta_La Habana;Imprenta circunstancial de La Habana;Imprenta circunstancial;;3;La Habana;1111;;9999;;Circunstancial;José Torre Revello, El libro, la imprenta y el periodismo en América durante la dominación española (México 1991, original Buenos Aires 1940), p. 138ff.;;;;Imprentas;1342
SDO;Imprenta_La Habana;Imprenta de La Habana;Imprenta;;2;La Habana;1111;;9999;;;José Torre Revello, El libro, la imprenta y el periodismo en América durante la dominación española (México 1991, original Buenos Aires 1940), p. 138ff.;;;;Imprentas;1343
NES;Imprenta_Oaxaca;Imprenta de Oaxaca;Imprenta;;2;Oaxaca;1111;;9999;;;José Torre Revello, El libro, la imprenta y el periodismo en América durante la dominación española (México 1991, original Buenos Aires 1940), p. 138ff.;;;;Imprentas;1344
NGR;Imprenta_Santa Fe;Imprenta de Santa Fe;Imprenta;;2;Santa Fe;1111;;9999;;;José Torre Revello, El libro, la imprenta y el periodismo en América durante la dominación española (México 1991, original Buenos Aires 1940), p. 138ff.;;;;Imprentas;1345
NGR;Imprenta_Santa Fe;Imprenta circunstancial de Santa Fe;Imprenta circunstancial;;3;Santa Fe;1111;;9999;;Circunstancial;Gabriel Giraldo Jaramillo, El libro y la imprenta en la cultura colombiana: http://www.banrepcultural.org/blaavirtual/todaslasartes/incu/incu0a.htm .;;;;Imprentas;1346
NGR;Imprenta_Santa Fe;Imprenta de Santa Fe;Imprenta;;2;Santa Fe;1111;;9999;;;José Torre Revello, El libro, la imprenta y el periodismo en América durante la dominación española (México 1991, original Buenos Aires 1940), p. 138ff.;;;;Imprentas;1347
QUI;Imprenta_Ambato;Imprenta de Ambato;Imprenta;;2;Ambato;1111;;9999;;;José Torre Revello, El libro, la imprenta y el periodismo en América durante la dominación española (México 1991, original Buenos Aires 1940), p. 138ff.;;;;Imprentas;1348
QUI;Imprenta_Riobamba;Imprenta de Riobamba;Imprenta;;2;Riobamba;1111;;9999;;;José Torre Revello, El libro, la imprenta y el periodismo en América durante la dominación española (México 1991, original Buenos Aires 1940), p. 138ff.;;;;Imprentas;1349
QUI;Imprenta_Quito;Imprenta de Quito;Imprenta;;2;Quito;1111;;9999;;;José Torre Revello, El libro, la imprenta y el periodismo en América durante la dominación española (México 1991, original Buenos Aires 1940), p. 138ff.;;;;Imprentas;1350
VEN;Imprenta_Nueva Valencia;Imprenta circunstancial de Nueva Valencia;Imprenta circunstancial;;3;Nueva Valencia;1111;;9999;;Circunstancial;José Torre Revello, El libro, la imprenta y el periodismo en América durante la dominación española (México 1991, original Buenos Aires 1940), p. 138ff.;;;;Imprentas;1351
RPL;Imprenta_Córdoba;Imprenta de Córdoba;Imprenta;;2;Córdoba;1111;;9999;;;José Torre Revello, El libro, la imprenta y el periodismo en América durante la dominación española (México 1991, original Buenos Aires 1940), p. 138ff.;;;;Imprentas;1352
NGR;Imprenta_Cartagena;Imprenta circunstancial de Cartagena;Imprenta circunstancial;;3;Cartagena;1111;;9999;;Circunstancial;José Torre Revello, El libro, la imprenta y el periodismo en América durante la dominación española (México 1991, original Buenos Aires 1940), p. 138ff.;;;;Imprentas;1353
NGR;Imprenta_Cartagena;Imprenta de Cartagena;Imprenta;;2;Cartagena;1111;;9999;;;Gabriel Giraldo Jaramillo, El libro y la imprenta en la cultura colombiana: http://www.banrepcultural.org/blaavirtual/todaslasartes/incu/incu0a.htm .;;;;Imprentas;1354
SDO;Imprenta_Nueva Orleans;Imprenta circunstancial de Nueva Orleans;Imprenta circunstancial;;3;Nueva Orleans;1111;;9999;;Circunstancial;José Torre Revello, El libro, la imprenta y el periodismo en América durante la dominación española (México 1991, original Buenos Aires 1940), p. 138ff.;;;;Imprentas;1355
CHL;Imprenta_Santiago;Imprenta circunstancial de Santiago de Chile;Imprenta circunstancial;;3;Santiago de Chile;1111;;9999;;Solo a partir de 1789 con más constancia.;José Torre Revello, El libro, la imprenta y el periodismo en América durante la dominación española (México 1991, original Buenos Aires 1940), p. 138ff.;;;;Imprentas;1356
RPL;Imprenta_Buenos Aires;Imprenta de Buenos Aires;Imprenta;;2;Buenos Aires;1111;;9999;;;José Torre Revello, El libro, la imprenta y el periodismo en América durante la dominación española (México 1991, original Buenos Aires 1940), p. 138ff.;;;;Imprentas;1357
SDO;Imprenta_Santo Domingo;Imprenta de Santo Domingo;Imprenta;;2;Santo Domingo;1111;;9999;;;José Torre Revello, El libro, la imprenta y el periodismo en América durante la dominación española (México 1991, original Buenos Aires 1940), p. 138ff.;;;;Imprentas;1358
VEN;Imprenta_Puerto España;Imprenta circunstancial de Puerto España;Imprenta circunstancial;;3;Puerto España;1111;;9999;;Circunstancial;José Torre Revello, El libro, la imprenta y el periodismo en América durante la dominación española (México 1991, original Buenos Aires 1940), p. 138ff.;;;;Imprentas;1359
SDO;Imprenta_Santiago de Cuba;Imprenta de Santiago de Cuba;Imprenta;;2;Santiago de Cuba;1111;;9999;;;José Torre Revello, El libro, la imprenta y el periodismo en América durante la dominación española (México 1991, original Buenos Aires 1940), p. 138ff.;;;;Imprentas;1360
GDJ;Imprenta_Guadalajara;Imprenta de Mariano Valdés;Imprenta;;2;Guadalajara;1111;;9999;;;José Torre Revello, El libro, la imprenta y el periodismo en América durante la dominación española (México 1991, original Buenos Aires 1940), p. 138ff.;;;;Imprentas;1361
NES;Imprenta_Veracruz;Imprenta de Veracruz;Imprenta;;2;Veracruz;1111;;9999;;;José Torre Revello, El libro, la imprenta y el periodismo en América durante la dominación española (México 1991, original Buenos Aires 1940), p. 138ff.;;;;Imprentas;1362
RPL;Imprenta_Montevideo;Imprenta de Montevideo;Imprenta;;2;Montevideo;1111;;9999;;;José Torre Revello, El libro, la imprenta y el periodismo en América durante la dominación española (México 1991, original Buenos Aires 1940), p. 138ff.;;;;Imprentas;1363
VEN;Imprenta_Caracas;Imprenta de Caracas;Imprenta;;2;Caracas;1111;;9999;;;José Torre Revello, El libro, la imprenta y el periodismo en América durante la dominación española (México 1991, original Buenos Aires 1940), p. 138ff.;;;;Imprentas;1364
SDO;Imprenta_Puerto Rico;Imprenta de Puerto Rico;Imprenta;;2;Puerto Rico;1111;;9999;;;José Torre Revello, El libro, la imprenta y el periodismo en América durante la dominación española (México 1991, original Buenos Aires 1940), p. 138ff.;;;;Imprentas;1365
QUI;Imprenta_Guayaquil;Imprenta de Guayaquil;Imprenta;;2;Guayaquil;1111;;9999;;;José Torre Revello, El libro, la imprenta y el periodismo en América durante la dominación española (México 1991, original Buenos Aires 1940), p. 138ff.;;;;Imprentas;1366
RPL;Imprenta_Montevideo;Imprenta de Montevideo;Imprenta;;2;Montevideo;1111;;9999;;;José Torre Revello, El libro, la imprenta y el periodismo en América durante la dominación española (México 1991, original Buenos Aires 1940), p. 138ff.;;;;Imprentas;1367
CHL;Imprenta_Santiago;Imprenta de Santiago de Chile;Imprenta circunstancial;;2;Santiago de Chile;1111;;9999;;Solo a partir de 1789 con más constancia.;José Torre Revello, El libro, la imprenta y el periodismo en América durante la dominación española (México 1991, original Buenos Aires 1940), p. 138ff.;;;;Imprentas;1368
SDO;SocPat03;Sociedad Económica de Amigos del País de Santiago de Cuba;Sociedad patriótica;Sociedad patriótica;1;Cuba;1111;;9999;;;https://es.wikipedia.org/wiki/Sociedades_econ%C3%B3micas_de_amigos_del_pa%C3%Ads;;;;Sociedades patrióticas;1369
PER;SocPat04;Sociedad Académica de Amantes del País de Lima;Sociedad patriótica;Sociedad patriótica;1;Lima;1111;;9999;;;https://es.wikipedia.org/wiki/Sociedades_econ%C3%B3micas_de_amigos_del_pa%C3%Ads;;;;Sociedades patrióticas;1370
SDO;SocPat06;Sociedad Económica de los Amigos del País de La Habana;Sociedad patriótica;Sociedad patriótica;1;La Habana;1111;;9999;;;https://es.wikipedia.org/wiki/Sociedades_econ%C3%B3micas_de_amigos_del_pa%C3%Ads;;;;Sociedades patrióticas;1371
QUI;SocPat05;Sociedad Económica de Amigos del País de Quito;Sociedad patriótica;Sociedad patriótica;1;Quito;1111;;9999;;;https://es.wikipedia.org/wiki/Sociedades_econ%C3%B3micas_de_amigos_del_pa%C3%Ads;;;;Sociedades patrióticas;1372
GUA;SocPat07;Real Sociedad Económica de Amantes de la Patria de Guatemala;Sociedad patriótica;Sociedad patriótica;1;Guatemala;1111;;9999;;;https://es.wikipedia.org/wiki/Sociedades_econ%C3%B3micas_de_amigos_del_pa%C3%Ads;;;;Sociedades patrióticas;1373
NES;SocPat08;Sociedad Económica de Amigos del País de México;Sociedad patriótica;Sociedad patriótica;1;México;1111;;9999;;;https://es.wikipedia.org/wiki/Sociedades_econ%C3%B3micas_de_amigos_del_pa%C3%ADs;;;;Sociedades patrióticas;1374
NGR;SocPat09;Sociedad Patriótica de Amigos del País de Santa Fe;Sociedad patriótica;Sociedad patriótica;1;Santa Fe;1111;;9999;;;https://es.wikipedia.org/wiki/Sociedades_econ%C3%B3micas_de_amigos_del_pa%C3%Ads;;;;Sociedades patrióticas;1375
FIL;SocPat01;Real Sociedad Económica de Amigos del País de Manila;Sociedad patriótica;Sociedad patriótica;1;Manila;1111;;9999;;;https://es.wikipedia.org/wiki/Sociedades_econ%C3%B3micas_de_amigos_del_pa%C3%Ads;;;;Sociedades patrióticas;1376
NGR;SocPat02;Sociedad Económica de Amigos del País de Santa Cruz de Mompox;Sociedad patriótica;Sociedad patriótica;1;Mompox;1111;;9999;;;https://es.wikipedia.org/wiki/Sociedades_econ%C3%B3micas_de_amigos_del_pa%C3%Ads;;;;Sociedades patrióticas;1377
SDO;Astillero_Habana;Astillero de la Habana;Astillero;;1;La Habana;1111;;9999;;;"Jorge León Sáenz,  ""LOS ASTILLEROS Y LA INDUSTRIA MARITIMA EN EL PACIFICO AMERICANO: SIGLOS XVI A XIX"": Diálogos Revista Electrónica de Historia, vol. 10, núm. 1, febrero-agosto, 2009, pp. 47-90";;;;Astilleros;1378
SDO;Astillero_Habana;Astillero Real de la Habana;Astillero real;;1;La Habana;1111;;9999;;;"Jorge León Sáenz,  ""LOS ASTILLEROS Y LA INDUSTRIA MARITIMA EN EL PACIFICO AMERICANO: SIGLOS XVI A XIX"": Diálogos Revista Electrónica de Historia, vol. 10, núm. 1, febrero-agosto, 2009, pp. 47-91";;;;Astilleros;1379
QUI;Astillero_Guayaquil;Astillero de Guayaquil;Astillero;;1;Guayaquil;1111;;9999;;;"Jorge León Sáenz,  ""LOS ASTILLEROS Y LA INDUSTRIA MARITIMA EN EL PACIFICO AMERICANO: SIGLOS XVI A XIX"": Diálogos Revista Electrónica de Historia, vol. 10, núm. 1, febrero-agosto, 2009, pp. 47-92";;;;Astilleros;1380
GUA;Astillero_Realejo;Astillero de El Realejo;Astillero;;2;El Realejo;1111;;9999;;;"Jorge León Sáenz,  ""LOS ASTILLEROS Y LA INDUSTRIA MARITIMA EN EL PACIFICO AMERICANO: SIGLOS XVI A XIX"": Diálogos Revista Electrónica de Historia, vol. 10, núm. 1, febrero-agosto, 2009, pp. 47-93";;;;Astilleros;1381
GUA;Astillero_Nicoya;Astillero de Nicoya;Astillero Circunstancial;;3;Nicoya;1111;;9999;;;"Jorge León Sáenz,  ""LOS ASTILLEROS Y LA INDUSTRIA MARITIMA EN EL PACIFICO AMERICANO: SIGLOS XVI A XIX"": Diálogos Revista Electrónica de Historia, vol. 10, núm. 1, febrero-agosto, 2009, pp. 47-94";;;;Astilleros;1382
GDJ;Astillero_San_Blas;Astillero de San Blas;Astillero;;2;San Blas;1111;;9999;;;"Jorge León Sáenz,  ""LOS ASTILLEROS Y LA INDUSTRIA MARITIMA EN EL PACIFICO AMERICANO: SIGLOS XVI A XIX"": Diálogos Revista Electrónica de Historia, vol. 10, núm. 1, febrero-agosto, 2009, pp. 47-95";;;;Astilleros;1383
GUA;Astillero_Brito;Astillero de Brito;Astillero Circunstancial;;3;Brito;1111;;9999;;;"Jorge León Sáenz,  ""LOS ASTILLEROS Y LA INDUSTRIA MARITIMA EN EL PACIFICO AMERICANO: SIGLOS XVI A XIX"": Diálogos Revista Electrónica de Historia, vol. 10, núm. 1, febrero-agosto, 2009, pp. 47-96";;;;Astilleros;1384
GUA;Astillero_Iztapa;Astillero de Iztapa;Astillero Circunstancial;;3;Iztapa;1111;;9999;;;"Jorge León Sáenz,  ""LOS ASTILLEROS Y LA INDUSTRIA MARITIMA EN EL PACIFICO AMERICANO: SIGLOS XVI A XIX"": Diálogos Revista Electrónica de Historia, vol. 10, núm. 1, febrero-agosto, 2009, pp. 47-97";;;;Astilleros;1385
GUA;Astillero_Acajutla;Astillero de Acajutla;Astillero Circunstancial;;3;Acajutla;1111;;9999;;;"Jorge León Sáenz,  ""LOS ASTILLEROS Y LA INDUSTRIA MARITIMA EN EL PACIFICO AMERICANO: SIGLOS XVI A XIX"": Diálogos Revista Electrónica de Historia, vol. 10, núm. 1, febrero-agosto, 2009, pp. 47-98";;;;Astilleros;1386
GUA;Astillero_Jiquilisco;Astillero de Jiquilisco;Astillero Circunstancial;;3;Jiquilisco/Arequaquín;1111;;9999;;;"Jorge León Sáenz,  ""LOS ASTILLEROS Y LA INDUSTRIA MARITIMA EN EL PACIFICO AMERICANO: SIGLOS XVI A XIX"": Diálogos Revista Electrónica de Historia, vol. 10, núm. 1, febrero-agosto, 2009, pp. 47-99";;;;Astilleros;1387
NGR;Astillero_Panama;Astillero de Panamá;Astillero Circunstancial;;3;Panamá;1111;;9999;;;"Jorge León Sáenz,  ""LOS ASTILLEROS Y LA INDUSTRIA MARITIMA EN EL PACIFICO AMERICANO: SIGLOS XVI A XIX"": Diálogos Revista Electrónica de Historia, vol. 10, núm. 1, febrero-agosto, 2009, pp. 47-100";;;;Astilleros;1388
CHL;Astillero_Nueva_Bilbao;Astillero de Nueva Bilbao;Astillero;;3;Nueva Bilbao;1111;;9999;;;"Jorge León Sáenz,  ""LOS ASTILLEROS Y LA INDUSTRIA MARITIMA EN EL PACIFICO AMERICANO: SIGLOS XVI A XIX"": Diálogos Revista Electrónica de Historia, vol. 10, núm. 1, febrero-agosto, 2009, pp. 47-101";;;;Astilleros;1389
NES;Astillero_Coatzacoalcos;Astillero de Coatzacoalcos;Astillero;;2;Coatzacoalcos;1111;;9999;;Según León, se construyó allá un navío de línea en 1735.;"Jorge León Sáenz,  ""LOS ASTILLEROS Y LA INDUSTRIA MARITIMA EN EL PACIFICO AMERICANO: SIGLOS XVI A XIX"": Diálogos Revista Electrónica de Historia, vol. 10, núm. 1, febrero-agosto, 2009, pp. 47-105";;;;Astilleros;1390
NES;Astillero_Tlacotalpan;Astillero de  Tlacotalpan;Astillero Circunstancial;;3;Tlacotalpan;1111;;9999;;;"Jorge León Sáenz,  ""LOS ASTILLEROS Y LA INDUSTRIA MARITIMA EN EL PACIFICO AMERICANO: SIGLOS XVI A XIX"": Diálogos Revista Electrónica de Historia, vol. 10, núm. 1, febrero-agosto, 2009, pp. 47-106";;;;Astilleros;1391
NES;Astillero_Campeche;Astillero de Campeche;Astillero Circunstancial;;3;Campeche;1111;;9999;;;"Jorge León Sáenz,  ""LOS ASTILLEROS Y LA INDUSTRIA MARITIMA EN EL PACIFICO AMERICANO: SIGLOS XVI A XIX"": Diálogos Revista Electrónica de Historia, vol. 10, núm. 1, febrero-agosto, 2009, pp. 47-107";;;;Astilleros;1392
RPL;Astillero_Montevideo;Astillero de Montevideo;Astillero;;2;Montevideo;1111;;9999;;;"Jorge León Sáenz,  ""LOS ASTILLEROS Y LA INDUSTRIA MARITIMA EN EL PACIFICO AMERICANO: SIGLOS XVI A XIX"": Diálogos Revista Electrónica de Historia, vol. 10, núm. 1, febrero-agosto, 2009, pp. 47-108";;;;Astilleros;1393
GDJ;Astillero_San_Blas;Astillero de San Blas;Astillero;;2;San Blas;1111;;9999;;;"Antonio Ibarra, ""Mercancías globales y mercado locales en Nueva España: la circulación interior de 'efectos de china' en Guadalajara a fines de la época colonial"": Illes i Imperis 18 (2016), pp. 135-159, aquí: p. 147.";;;;Astilleros;1394
PER;Moneda_Lima;Casa de Moneda de Lima;Oro y Plata;;1;Lima;1111;;9999;;;MORALES PADRON, Francisco: Atlas histórico-cultural de América, 2 vols. (Las Palmas de Gran Canaria 1988).;;;;Casas de moneda;1395
PER;Moneda_Lima;Casa de Moneda de Lima;Oro y Plata;;1;Lima;1111;;9999;;;MORALES PADRON, Francisco: Atlas histórico-cultural de América, 2 vols. (Las Palmas de Gran Canaria 1988).;;;;Casas de moneda;1396
PER;Moneda_Lima;Casa de Moneda de Lima;Oro y Plata;;1;Lima;1111;;9999;;;MORALES PADRON, Francisco: Atlas histórico-cultural de América, 2 vols. (Las Palmas de Gran Canaria 1988).;;;;Casas de moneda;1397
PER;Moneda_Cuzco;Casa de Moneda de Cuzco;Oro y Plata;;1;Cuzco;1111;;9999;;;MORALES PADRON, Francisco: Atlas histórico-cultural de América, 2 vols. (Las Palmas de Gran Canaria 1988).;;;;Casas de moneda;1398
CHA;Moneda_La_Plata;Casa de Moneda de La Plata;Oro y Plata;;1;La Plata;1111;;9999;;;MORALES PADRON, Francisco: Atlas histórico-cultural de América, 2 vols. (Las Palmas de Gran Canaria 1988).;;;;Casas de moneda;1399
CHA;Moneda_Potosi;Casa de Moneda de Potosí;Oro y Plata;;1;Potosí;1111;;9999;;;MORALES PADRON, Francisco: Atlas histórico-cultural de América, 2 vols. (Las Palmas de Gran Canaria 1988).;;;;Casas de moneda;1400
NGR;Moneda_Santa_Fe;Casa de Moneda de Santa Fe;Oro y Plata;;1;Santa Fe;1111;;9999;;;MORALES PADRON, Francisco: Atlas histórico-cultural de América, 2 vols. (Las Palmas de Gran Canaria 1988).;;;;Casas de moneda;1401
NGR;Moneda_Cartagena;Casa de Moneda de Cartagena;Vellón;;3;Cartagena;1111;;9999;;;MORALES PADRON, Francisco: Atlas histórico-cultural de América, 2 vols. (Las Palmas de Gran Canaria 1988).;;;;Casas de moneda;1402
QUI;Moneda_Popayan;Casa de Moneda de Popayán;Oro y Plata;;1;Popayán;1111;;9999;;;MORALES PADRON, Francisco: Atlas histórico-cultural de América, 2 vols. (Las Palmas de Gran Canaria 1988).;;;;Casas de moneda;1403
CHL;Moneda_Santiago;Casa de Moneda de Santiago de Chile;Oro y Plata;;1;Santiago de Chile;1111;;9999;;;MORALES PADRON, Francisco: Atlas histórico-cultural de América, 2 vols. (Las Palmas de Gran Canaria 1988).;;;;Casas de moneda;1404
NES;Moneda_Mexico;Casa de Moneda de México;Oro y Plata;;1;México;1111;;9999;;;MORALES PADRON, Francisco: Atlas histórico-cultural de América, 2 vols. (Las Palmas de Gran Canaria 1988).;;;;Casas de moneda;1405
GUA;Moneda_Guatemala;Casa de Moneda de Guatemala;Oro y Plata;;1;Guatemala;1111;;9999;;;MORALES PADRON, Francisco: Atlas histórico-cultural de América, 2 vols. (Las Palmas de Gran Canaria 1988).;;;;Casas de moneda;1406
SDO;Moneda_Santo_Domingo;Casa de Moneda de Santo Domingo;Plata y Vellón;;2;Santo Domingo;1111;;9999;;;MORALES PADRON, Francisco: Atlas histórico-cultural de América, 2 vols. (Las Palmas de Gran Canaria 1988).;;;;Casas de moneda;1407
NGR;Moneda_Panama;Casa de Moneda de Panamá;Plata;;2;Panamá;1111;;9999;;"Probablemente nunca funcionó. Cf. R. Castilloer, El sistema monetario de Panamá. Parte Histórica"": Revista de Economía y Estadística, Primera Época, Vol. 6, No. 4 (1944): 4º Trimestre, pp. 219-239.";"R. Castilloer, El sistema monetario de Panamá. Parte Histórica"": Revista de Economía y Estadística, Primera Época, Vol. 6, No. 4 (1944): 4º Trimestre, pp. 219-239.";;;;Casas de moneda;1408
NES;Consulado_Mexico;Consulado de México;Consulado;;0;México;1111;;9999;;;MORALES PADRON, Francisco: Atlas histórico-cultural de América, 2 vols. (Las Palmas de Gran Canaria 1988).;;;;Consulados;1409
GDJ;Consulado_Guadalajara;Consulado de Guadalajara;Consulado;;0;Guadalajara;1111;;9999;;;MORALES PADRON, Francisco: Atlas histórico-cultural de América, 2 vols. (Las Palmas de Gran Canaria 1988).;;;;Consulados;1410
NES;Consulado_Veracruz;Consulado de Veracruz;Consulado;;0;Veracruz;1111;;9999;;;MORALES PADRON, Francisco: Atlas histórico-cultural de América, 2 vols. (Las Palmas de Gran Canaria 1988).;;;;Consulados;1411
GUA;Consulado_Guatemala;Consulado de Guatemala;Consulado;;0;Guatemala;1111;;9999;;;MORALES PADRON, Francisco: Atlas histórico-cultural de América, 2 vols. (Las Palmas de Gran Canaria 1988).;;;;Consulados;1412
SDO;Consulado_Habana;Consulado de La Habana;Consulado;;0;La Habana;1111;;9999;;;MORALES PADRON, Francisco: Atlas histórico-cultural de América, 2 vols. (Las Palmas de Gran Canaria 1988).;;;;Consulados;1413
NGR;Consulado_Cartagena;Consulado de Cartagena;Consulado;;0;Cartagena;1111;;9999;;;MORALES PADRON, Francisco: Atlas histórico-cultural de América, 2 vols. (Las Palmas de Gran Canaria 1988).;;;;Consulados;1414
VEN;Consulado_Caracas;Consulado de Caracas;Consulado;;0;Caracas;1111;;9999;;;MORALES PADRON, Francisco: Atlas histórico-cultural de América, 2 vols. (Las Palmas de Gran Canaria 1988).;;;;Consulados;1415
NGR;Consulado_Santa_Fe;Consulado de Santa Fe;Consulado;;0;Santa Fe;1111;;9999;;;MORALES PADRON, Francisco: Atlas histórico-cultural de América, 2 vols. (Las Palmas de Gran Canaria 1988).;;;;Consulados;1416
PER;Consulado_Lima;Consulado de Lima;Consulado;;0;Lima;1111;;9999;;;MORALES PADRON, Francisco: Atlas histórico-cultural de América, 2 vols. (Las Palmas de Gran Canaria 1988).;;;;Consulados;1417
CHL;Consulado_Santiago;Consulado de Santiago de Chile;Consulado;;0;Santiago de Chile;1111;;9999;;;MORALES PADRON, Francisco: Atlas histórico-cultural de América, 2 vols. (Las Palmas de Gran Canaria 1988).;;;;Consulados;1418
RPL;Consulado_Buenos_Aires;Consulado de Buenos Aires;Consulado;;0;Buenos Aires;1111;;9999;;;MORALES PADRON, Francisco: Atlas histórico-cultural de América, 2 vols. (Las Palmas de Gran Canaria 1988).;;;;Consulados;1419
FIL;Consulado_Manila;Consulado de Manila;Consulado;;0;Manila;1111;;9999;;;MORALES PADRON, Francisco: Atlas histórico-cultural de América, 2 vols. (Las Palmas de Gran Canaria 1988).;;;;Consulados;1420
NGR;Inquisicion_Cartagena;Tribunal del Santo Oficio de Cartagena;Tribunal del Santo Oficio;;1;Cartagena;1111;;9999;;;;;;;Inquisicion;1421
PER;Inquisicion_Lima;Tribunal del Santo Oficio de Lima;Tribunal del Santo Oficio;;1;Lima;1111;;9999;;;;;;;Inquisicion;1422
NES;Inquisicion_Mexico;Tribunal del Santo Oficio de México;Tribunal del Santo Oficio;;1;México;1111;;9999;;;;;;;Inquisicion;1423
