rowID;ref_Label;gz_id;toponym-match;toponym-score;saint-match;category-match;territories-match;phase-1-outcome;ref_Region;ref_START;ref_END;manual_region;manual_province;manual_district;manual_ciudad_villa_only
1;México;;null;0;null;null;no_matches_all_levels;relegated;NES;1111;9999;;;;False
2;Santo Domingo;;null;0;null;null;no_matches_all_levels;relegated;SDO;1111;9999;;;;False
3;Santo Domingo;;null;0;null;null;no_matches_all_levels;relegated;SDO;1111;9999;;;;False
4;Lima;;null;0;null;null;no_matches_all_levels;relegated;PER;1111;9999;;;;False
5;Santo Domingo;;null;0;null;null;no_matches_all_levels;relegated;SDO;1111;9999;;;;False
6;Santo Domingo;;null;0;null;null;no_matches_all_levels;relegated;SDO;1111;9999;;;;False
7;Quito;;null;0;null;null;no_matches_all_levels;relegated;QUI;1111;9999;;;;False
8;Lima;;null;0;null;null;no_matches_all_levels;relegated;PER;1111;9999;;;;False
9;Cuzco;;null;0;null;null;no_matches_all_levels;relegated;PER;1111;9999;;;;False
10;Córdoba;;null;0;null;null;no_matches_all_levels;relegated;RPL;1111;9999;;;;False
11;Santiago;;null;0;null;null;no_matches_all_levels;relegated;CHL;1111;9999;;;;False
12;Quito;;null;0;null;null;no_matches_all_levels;relegated;QUI;1111;9999;;;;False
13;Santafé;;null;0;null;null;no_matches_all_levels;relegated;NGR;1111;9999;;;;False
14;Charcas;;null;0;null;null;no_matches_all_levels;relegated;CHA;1111;9999;;;;False
15;Mérida;;null;0;null;null;no_matches_all_levels;relegated;NES;1111;9999;;;;False
16;Santafé;;null;0;null;null;no_matches_all_levels;relegated;NGR;1111;9999;;;;False
17;Guatemala;;null;0;null;null;no_matches_all_levels;relegated;GUA;1111;9999;;;;False
18;Guatemala;;null;0;null;null;no_matches_all_levels;relegated;GUA;1111;9999;;;;False
19;Guatemala;;null;0;null;null;no_matches_all_levels;relegated;GUA;1111;9999;;;;False
20;Huamanga;;null;0;null;null;no_matches_all_levels;relegated;PER;1111;9999;;;;False
21;Santiago;;null;0;null;null;no_matches_all_levels;relegated;CHL;1111;9999;;;;False
22;Quito;;null;0;null;null;no_matches_all_levels;relegated;QUI;1111;9999;;;;False
23;Cuzco;;null;0;null;null;no_matches_all_levels;relegated;PER;1111;9999;;;;False
24;Santafé;;null;0;null;null;no_matches_all_levels;relegated;NGR;1111;9999;;;;False
25;Santafé;;null;0;null;null;no_matches_all_levels;relegated;NGR;1111;9999;;;;False
26;Caracas;;null;0;null;null;no_matches_all_levels;relegated;VEN;1111;9999;;;;False
27;Concepción;;null;0;null;null;no_matches_all_levels;relegated;CHL;1111;9999;;;;False
28;La Habana;;null;0;null;null;no_matches_all_levels;relegated;SDO;1111;9999;;;;False
29;Santiago;;null;0;null;null;no_matches_all_levels;relegated;CHL;1111;9999;;;;False
30;Panamá;;null;0;null;null;no_matches_all_levels;relegated;NGR;1111;9999;;;;False
31;Panamá;;null;0;null;null;no_matches_all_levels;relegated;NGR;1111;9999;;;;False
32;Santafé;;null;0;null;null;no_matches_all_levels;relegated;NGR;1111;9999;;;;False
33;Charcas;;null;0;null;null;no_matches_all_levels;relegated;CHA;1111;9999;;;;False
34;Córdoba;;null;0;null;null;no_matches_all_levels;relegated;RPL;1111;9999;;;;False
35;Córdoba;;null;0;null;null;no_matches_all_levels;relegated;RPL;1111;9999;;;;False
36;Quito;;null;0;null;null;no_matches_all_levels;relegated;QUI;1111;9999;;;;False
37;Guadalajara;;null;0;null;null;no_matches_all_levels;relegated;GDJ;1111;9999;;;;False
38;Córdoba;;null;0;null;null;no_matches_all_levels;relegated;RPL;1111;9999;;;;False
39;Córdoba;;null;0;null;null;no_matches_all_levels;relegated;RPL;1111;9999;;;;False
40;Carabaya;;null;0;null;null;no_matches_all_levels;relegated;PER;1111;9999;;;;False
41;Carangas;;null;0;null;null;no_matches_all_levels;relegated;CHA;1111;9999;;;;False
42;Charcas;;null;0;null;null;no_matches_all_levels;relegated;CHA;1111;9999;;;;False
43;Chucuito;;null;0;null;null;no_matches_all_levels;relegated;PER;1111;9999;;;;False
44;Cochabamba;;null;0;null;null;no_matches_all_levels;relegated;CHA;1111;9999;;;;False
45;La Paz;;null;0;null;null;no_matches_all_levels;relegated;CHA;1111;9999;;;;False
46;Oruro;;null;0;null;null;no_matches_all_levels;relegated;CHA;1111;9999;;;;False
47;Potosí;;null;0;null;null;no_matches_all_levels;relegated;CHA;1111;9999;;;;False
48;Puno;;null;0;null;null;no_matches_all_levels;relegated;PER;1111;9999;;;;False
49;Santa Cruz de la Sierra;;null;0;null;null;no_matches_all_levels;relegated;CHA;1111;9999;;;;False
50;Chiloé;;null;0;null;null;no_matches_all_levels;relegated;CHL;1111;9999;;;;False
51;Concepción;;null;0;null;null;no_matches_all_levels;relegated;CHL;1111;9999;;;;False
52;Concepción;;null;0;null;null;no_matches_all_levels;relegated;CHL;1111;9999;;;;False
53;Santiago de Chile;;null;0;null;null;no_matches_all_levels;relegated;CHL;1111;9999;;;;False
54;Valdivia;;null;0;null;null;no_matches_all_levels;relegated;CHL;1111;9999;;;;False
55;Alamos;;null;0;null;null;no_matches_all_levels;relegated;GDJ;1111;9999;;;;False
56;Arizpe;;null;0;null;null;no_matches_all_levels;relegated;GDJ;1111;9999;;;;False
57;Bolaños;;null;0;null;null;no_matches_all_levels;relegated;GDJ;1111;9999;;;;False
58;Chihuahua;;null;0;null;null;no_matches_all_levels;relegated;GDJ;1111;9999;;;;False
59;Cosalá;;null;0;null;null;no_matches_all_levels;relegated;GDJ;1111;9999;;;;False
60;Durango;;null;0;null;null;no_matches_all_levels;relegated;GDJ;1111;9999;;;;False
61;Guadalajara;;null;0;null;null;no_matches_all_levels;relegated;GDJ;1111;9999;;;;False
62;Rosario;;null;0;null;null;no_matches_all_levels;relegated;GDJ;1111;9999;;;;False
63;Saltillo;;null;0;null;null;no_matches_all_levels;relegated;GDJ;1111;9999;;;;False
64;San Blas;;null;0;null;null;no_matches_all_levels;relegated;GDJ;1111;9999;;;;False
65;Sombrerete;;null;0;null;null;no_matches_all_levels;relegated;GDJ;1111;9999;;;;False
66;Acajutla;;null;0;null;null;no_matches_all_levels;relegated;GUA;1111;9999;;;;False
67;Cartago;;null;0;null;null;no_matches_all_levels;relegated;GUA;1111;9999;;;;False
68;Chiapa;;null;0;null;null;no_matches_all_levels;relegated;GUA;1111;9999;;;;False
69;Chiapa;;null;0;null;null;no_matches_all_levels;relegated;GUA;1111;9999;;;;False
70;Chiapas;;null;0;null;null;no_matches_all_levels;relegated;GUA;1111;9999;;;;False
71;Honduras;;null;0;null;null;no_matches_all_levels;relegated;GUA;1111;9999;;;;False
72;Honduras;;null;0;null;null;no_matches_all_levels;relegated;GUA;1111;9999;;;;False
73;Comayagua;;null;0;null;null;no_matches_all_levels;relegated;GUA;1111;9999;;;;False
74;Granada;;null;0;null;null;no_matches_all_levels;relegated;GUA;1111;9999;;;;False
75;Guatemala;;null;0;null;null;no_matches_all_levels;relegated;GUA;1111;9999;;;;False
76;León;;null;0;null;null;no_matches_all_levels;relegated;GUA;1111;9999;;;;False
77;Nueva Segovia;;null;0;null;null;no_matches_all_levels;relegated;GUA;1111;9999;;;;False
78;San Pedro Sula;;null;0;null;null;no_matches_all_levels;relegated;GUA;1111;9999;;;;False
79;Sonsonate;;null;0;null;null;no_matches_all_levels;relegated;GUA;1111;9999;;;;False
80;Tegucigalpa;;null;0;null;null;no_matches_all_levels;relegated;GUA;1111;9999;;;;False
81;Acapulco;;null;0;null;null;no_matches_all_levels;relegated;NES;1111;9999;;;;False
82;Campeche;;null;0;null;null;no_matches_all_levels;relegated;NES;1111;9999;;;;False
83;Guanajuato;;null;0;null;null;no_matches_all_levels;relegated;NES;1111;9999;;;;False
84;Mérida;;null;0;null;null;no_matches_all_levels;relegated;NES;1111;9999;;;;False
85;México;;null;0;null;null;no_matches_all_levels;relegated;NES;1111;9999;;;;False
86;Michoacán;;null;0;null;null;no_matches_all_levels;relegated;NES;1111;9999;;;;False
87;Oaxaca;;null;0;null;null;no_matches_all_levels;relegated;NES;1111;9999;;;;False
88;Pachuca;;null;0;null;null;no_matches_all_levels;relegated;NES;1111;9999;;;;False
89;Panuco;;null;0;null;null;no_matches_all_levels;relegated;NES;1111;9999;;;;False
90;Perote;;null;0;null;null;no_matches_all_levels;relegated;NES;1111;9999;;;;False
91;Presidio del Carmen;;null;0;null;null;no_matches_all_levels;relegated;NES;1111;9999;;;;False
92;Presidio del Carmen;;null;0;null;null;no_matches_all_levels;relegated;NES;1111;9999;;;;False
93;Puebla;;null;0;null;null;no_matches_all_levels;relegated;NES;1111;9999;;;;False
94;Puebla;;null;0;null;null;no_matches_all_levels;relegated;NES;1111;9999;;;;False
95;San Luis Potosí;;null;0;null;null;no_matches_all_levels;relegated;NES;1111;9999;;;;False
96;Tabasco;;null;0;null;null;no_matches_all_levels;relegated;NES;1111;9999;;;;False
97;Veracruz;;null;0;null;null;no_matches_all_levels;relegated;NES;1111;9999;;;;False
98;Zacatecas;;null;0;null;null;no_matches_all_levels;relegated;GDJ;1111;9999;;;;False
99;Zimapan;;null;0;null;null;no_matches_all_levels;relegated;NES;1111;9999;;;;False
100;Veragua;;null;0;null;null;no_matches_all_levels;relegated;NGR;1111;9999;;;;False
101;Arequipa;;null;0;null;null;no_matches_all_levels;relegated;PER;1111;9999;;;;False
102;Arica;;null;0;null;null;no_matches_all_levels;relegated;PER;1111;9999;;;;False
103;Cailloma;;null;0;null;null;no_matches_all_levels;relegated;PER;1111;9999;;;;False
104;Castrovirreyna;;null;0;null;null;no_matches_all_levels;relegated;PER;1111;9999;;;;False
105;Chachapoyas;;null;0;null;null;no_matches_all_levels;relegated;PER;1111;9999;;;;False
106;Cuzco;;null;0;null;null;no_matches_all_levels;relegated;PER;1111;9999;;;;False
107;Huamanga;;null;0;null;null;no_matches_all_levels;relegated;PER;1111;9999;;;;False
108;Huancavelica;;null;0;null;null;no_matches_all_levels;relegated;PER;1111;9999;;;;False
109;Jauja;;null;0;null;null;no_matches_all_levels;relegated;PER;1111;9999;;;;False
110;Lima;;null;0;null;null;no_matches_all_levels;relegated;PER;1111;9999;;;;False
111;Piura y Paita;;null;0;null;null;no_matches_all_levels;relegated;PER;1111;9999;;;;False
112;San Juan de Matucana;;null;0;null;null;no_matches_all_levels;relegated;PER;1111;9999;;;;False
113;Saña;;null;0;null;null;no_matches_all_levels;relegated;PER;1111;9999;;;;False
114;Trujillo;;null;0;null;null;no_matches_all_levels;relegated;PER;1111;9999;;;;False
115;Vico y Pasco;;null;0;null;null;no_matches_all_levels;relegated;PER;1111;9999;;;;False
116;Cuenca;;null;0;null;null;no_matches_all_levels;relegated;QUI;1111;9999;;;;False
117;Guayaquil;;null;0;null;null;no_matches_all_levels;relegated;QUI;1111;9999;;;;False
118;Jaen;;null;0;null;null;no_matches_all_levels;relegated;QUI;1111;9999;;;;False
119;Jaén;;null;0;null;null;no_matches_all_levels;relegated;QUI;1111;9999;;;;False
120;Loja;;null;0;null;null;no_matches_all_levels;relegated;QUI;1111;9999;;;;False
121;Puerto Viejo;;null;0;null;null;no_matches_all_levels;relegated;QUI;1111;9999;;;;False
122;Quito;;null;0;null;null;no_matches_all_levels;relegated;QUI;1111;9999;;;;False
123;Yaguarzongo;;null;0;null;null;no_matches_all_levels;relegated;QUI;1111;9999;;;;False
124;Zamora;;null;0;null;null;no_matches_all_levels;relegated;QUI;1111;9999;;;;False
125;Buenos Aires;;null;0;null;null;no_matches_all_levels;relegated;RPL;1111;9999;;;;False
126;Catamarca;;null;0;null;null;no_matches_all_levels;relegated;RPL;1111;9999;;;;False
127;Córdoba;;null;0;null;null;no_matches_all_levels;relegated;RPL;1111;9999;;;;False
128;Corrientes;;null;0;null;null;no_matches_all_levels;relegated;RPL;1111;9999;;;;False
129;Jujuy;;null;0;null;null;no_matches_all_levels;relegated;RPL;1111;9999;;;;False
130;La Rioja;;null;0;null;null;no_matches_all_levels;relegated;RPL;1111;9999;;;;False
131;Maldonado;;null;0;null;null;no_matches_all_levels;relegated;RPL;1111;9999;;;;False
132;Mendoza;;null;0;null;null;no_matches_all_levels;relegated;RPL;1111;9999;;;;False
133;Montevideo;;null;0;null;null;no_matches_all_levels;relegated;RPL;1111;9999;;;;False
134;Paraguay;;null;0;null;null;no_matches_all_levels;relegated;RPL;1111;9999;;;;False
135;Paraguay;;null;0;null;null;no_matches_all_levels;relegated;RPL;1111;9999;;;;False
136;Salta;;null;0;null;null;no_matches_all_levels;relegated;RPL;1111;9999;;;;False
137;San Juan;;null;0;null;null;no_matches_all_levels;relegated;RPL;1111;9999;;;;False
138;Santa Fe;;null;0;null;null;no_matches_all_levels;relegated;RPL;1111;9999;;;;False
139;Santiago Estero;;null;0;null;null;no_matches_all_levels;relegated;RPL;1111;9999;;;;False
140;Tucumán;;null;0;null;null;no_matches_all_levels;relegated;RPL;1111;9999;;;;False
141;Tucumán;;null;0;null;null;no_matches_all_levels;relegated;RPL;1111;9999;;;;False
142;Bayamo;;null;0;null;null;no_matches_all_levels;relegated;SDO;1111;9999;;;;False
143;Florida;;null;0;null;null;no_matches_all_levels;relegated;SDO;1111;9999;;;;False
144;Jamaica;;null;0;null;null;no_matches_all_levels;relegated;EXT;1111;9999;;;;False
145;La Habana;;null;0;null;null;no_matches_all_levels;relegated;SDO;1111;9999;;;;False
146;Matanzas;;null;0;null;null;no_matches_all_levels;relegated;SDO;1111;9999;;;;False
147;Nueva Orleans;;null;0;null;null;no_matches_all_levels;relegated;SDO;1111;9999;;;;False
148;Pensacola;;null;0;null;null;no_matches_all_levels;relegated;SDO;1111;9999;;;;False
149;Puerto Principe;;null;0;null;null;no_matches_all_levels;relegated;SDO;1111;9999;;;;False
150;San Juan de los Remedios;;null;0;null;null;no_matches_all_levels;relegated;SDO;1111;9999;;;;False
151;San Juan de Puerto Rico;;null;0;null;null;no_matches_all_levels;relegated;SDO;1111;9999;;;;False
152;Sancti Spiritus;;null;0;null;null;no_matches_all_levels;relegated;SDO;1111;9999;;;;False
153;Santa Clara;;null;0;null;null;no_matches_all_levels;relegated;SDO;1111;9999;;;;False
154;Santiago de Cuba;;null;0;null;null;no_matches_all_levels;relegated;SDO;1111;9999;;;;False
155;Santo Domingo;;null;0;null;null;no_matches_all_levels;relegated;SDO;1111;9999;;;;False
156;Trinidad de Cuba;;null;0;null;null;no_matches_all_levels;relegated;SDO;1111;9999;;;;False
157;Barquisimeto;;null;0;null;null;no_matches_all_levels;relegated;VEN;1111;9999;;;;False
158;Caracas;;null;0;null;null;no_matches_all_levels;relegated;VEN;1111;9999;;;;False
159;Carora;;null;0;null;null;no_matches_all_levels;relegated;VEN;1111;9999;;;;False
160;Coro;;null;0;null;null;no_matches_all_levels;relegated;VEN;1111;9999;;;;False
161;Cumaná;;null;0;null;null;no_matches_all_levels;relegated;VEN;1111;9999;;;;False
162;Guanare;;null;0;null;null;no_matches_all_levels;relegated;VEN;1111;9999;;;;False
163;isla Margarita;;null;0;null;null;no_matches_all_levels;relegated;VEN;1111;9999;;;;False
164;isla Trinidad;;null;0;null;null;no_matches_all_levels;relegated;VEN;1111;9999;;;;False
165;La Guaira;;null;0;null;null;no_matches_all_levels;relegated;VEN;1111;9999;;;;False
166;La Guayana;;null;0;null;null;no_matches_all_levels;relegated;VEN;1111;9999;;;;False
167;Maracaibo;;null;0;null;null;no_matches_all_levels;relegated;VEN;1111;9999;;;;False
168;Nirgua;;null;0;null;null;no_matches_all_levels;relegated;VEN;1111;9999;;;;False
169;Orinoco;;null;0;null;null;no_matches_all_levels;relegated;VEN;1111;9999;;;;False
170;San Sebastián de los Reyes;;null;0;null;null;no_matches_all_levels;relegated;VEN;1111;9999;;;;False
171;Trujillo;;null;0;null;null;no_matches_all_levels;relegated;VEN;1111;9999;;;;False
172;Tucuyo;;null;0;null;null;no_matches_all_levels;relegated;VEN;1111;9999;;;;False
173;Valencia;;null;0;null;null;no_matches_all_levels;relegated;VEN;1111;9999;;;;False
174;Cáceres;;null;0;null;null;no_matches_all_levels;relegated;NGR;1111;9999;;;;False
175;Antioquia;;null;0;null;null;no_matches_all_levels;relegated;NGR;1111;9999;;;;False
176;Cartagena;;null;0;null;null;no_matches_all_levels;relegated;NGR;1111;9999;;;;False
177;Cartago;;null;0;null;null;no_matches_all_levels;relegated;NGR;1111;9999;;;;False
178;Honda;;null;0;null;null;no_matches_all_levels;relegated;NGR;1111;9999;;;;False
179;Mompox;;null;0;null;null;no_matches_all_levels;relegated;NGR;1111;9999;;;;False
180;Novitá;;null;0;null;null;no_matches_all_levels;relegated;NGR;1111;9999;;;;False
181;Ocaña;;null;0;null;null;no_matches_all_levels;relegated;NGR;1111;9999;;;;False
182;Panamá;;null;0;null;null;no_matches_all_levels;relegated;NGR;1111;9999;;;;False
183;Portobelo;;null;0;null;null;no_matches_all_levels;relegated;NGR;1111;9999;;;;False
184;Remedios;;null;0;null;null;no_matches_all_levels;relegated;NGR;1111;9999;;;;False
185;Riohacha;;null;0;null;null;no_matches_all_levels;relegated;NGR;1111;9999;;;;False
186;Santa Fe de Bogota;;null;0;null;null;no_matches_all_levels;relegated;NGR;1111;9999;;;;False
187;Santa Marta;;null;0;null;null;no_matches_all_levels;relegated;NGR;1111;9999;;;;False
188;Zitara;;null;0;null;null;no_matches_all_levels;relegated;NGR;1111;9999;;;;False
189;Popayán;;null;0;null;null;no_matches_all_levels;relegated;QUI;1111;9999;;;;False
190;Anserma;;null;0;null;null;no_matches_all_levels;relegated;NGR;1111;9999;;;;False
191;Ayapel;;null;0;null;null;no_matches_all_levels;relegated;NGR;1111;9999;;;;False
192;Bodegas de Honda;;null;0;null;null;no_matches_all_levels;relegated;NGR;1111;9999;;;;False
193;Buga;;null;0;null;null;no_matches_all_levels;relegated;QUI;1111;9999;;;;False
194;Cáceres;;null;0;null;null;no_matches_all_levels;relegated;NGR;1111;9999;;;;False
195;Calí;;null;0;null;null;no_matches_all_levels;relegated;QUI;1111;9999;;;;False
196;Cancán;;null;0;null;null;no_matches_all_levels;relegated;NGR;1111;9999;;;;False
197;El Retiro;;null;0;null;null;no_matches_all_levels;relegated;NGR;1111;9999;;;;False
198;Girón;;null;0;null;null;no_matches_all_levels;relegated;NGR;1111;9999;;;;False
199;Guamoco;;null;0;null;null;no_matches_all_levels;relegated;NGR;1111;9999;;;;False
200;La Palma;;null;0;null;null;no_matches_all_levels;relegated;NGR;1111;9999;;;;False
201;Loba;;null;0;null;null;no_matches_all_levels;relegated;NGR;1111;9999;;;;False
202;Mariquita;;null;0;null;null;no_matches_all_levels;relegated;NGR;1111;9999;;;;False
203;Medellín;;null;0;null;null;no_matches_all_levels;relegated;NGR;1111;9999;;;;False
204;Neiva;;null;0;null;null;no_matches_all_levels;relegated;NGR;1111;9999;;;;False
205;Pamplona;;null;0;null;null;no_matches_all_levels;relegated;NGR;1111;9999;;;;False
206;Pántanos;;null;0;null;null;no_matches_all_levels;relegated;NGR;1111;9999;;;;False
207;Rionegro;;null;0;null;null;no_matches_all_levels;relegated;NGR;1111;9999;;;;False
208;Simití;;null;0;null;null;no_matches_all_levels;relegated;NGR;1111;9999;;;;False
209;Toro;;null;0;null;null;no_matches_all_levels;relegated;NGR;1111;9999;;;;False
210;Valledupar;;null;0;null;null;no_matches_all_levels;relegated;NGR;1111;9999;;;;False
211;Vega de Supía;;null;0;null;null;no_matches_all_levels;relegated;NGR;1111;9999;;;;False
212;Yolombo;;null;0;null;null;no_matches_all_levels;relegated;NGR;1111;9999;;;;False
213;Zaragoza;;null;0;null;null;no_matches_all_levels;relegated;NGR;1111;9999;;;;False
214;Barbacoas;;null;0;null;null;no_matches_all_levels;relegated;QUI;1111;9999;;;;False
215;Iscuandé;;null;0;null;null;no_matches_all_levels;relegated;QUI;1111;9999;;;;False
216;Micay;;null;0;null;null;no_matches_all_levels;relegated;QUI;1111;9999;;;;False
217;Raposo;;null;0;null;null;no_matches_all_levels;relegated;QUI;1111;9999;;;;False
218;Tumaco;;null;0;null;null;no_matches_all_levels;relegated;QUI;1111;9999;;;;False
219;Córdoba;;null;0;null;null;no_matches_all_levels;relegated;RPL;1111;9999;;;;False
220;Salta;;null;0;null;null;no_matches_all_levels;relegated;RPL;1111;9999;;;;False
221;Mexico;;null;0;null;null;no_matches_all_levels;relegated;NES;1111;9999;;;;False
222;Santa Fe;;null;0;null;null;no_matches_all_levels;relegated;NGR;1111;9999;;;;False
223;Lima;;null;0;null;null;no_matches_all_levels;relegated;PER;1111;9999;;;;False
224;Quito;;null;0;null;null;no_matches_all_levels;relegated;QUI;1111;9999;;;;False
225;Buenos Aires;;null;0;null;null;no_matches_all_levels;relegated;RPL;1111;9999;;;;False
226;La Habana;;null;0;null;null;no_matches_all_levels;relegated;SDO;1111;9999;;;;False
227;Caracas;;null;0;null;null;no_matches_all_levels;relegated;VEN;1111;9999;;;;False
228;Barinas;;null;0;null;null;no_matches_all_levels;relegated;VEN;1111;9999;;;;False
229;Real de Tayoltita;;null;0;null;null;no_matches_all_levels;relegated;GDJ;1111;9999;;;;False
230;México;;null;0;null;null;no_matches_all_levels;relegated;NES;1111;9999;;;;False
231;Guadalajara;;null;0;null;null;no_matches_all_levels;relegated;GDJ;1111;9999;;;;False
232;Chihuahua;;null;0;null;null;no_matches_all_levels;relegated;GDJ;1111;9999;;;;False
233;Durango;;null;0;null;null;no_matches_all_levels;relegated;GDJ;1111;9999;;;;False
234;Guanajuato;;null;0;null;null;no_matches_all_levels;relegated;NES;1111;9999;;;;False
235;Acapulco;;null;0;null;null;no_matches_all_levels;relegated;NES;1111;9999;;;;False
236;Pachuca;;null;0;null;null;no_matches_all_levels;relegated;NES;1111;9999;;;;False
237;Valladolid de Michoacán;;null;0;null;null;no_matches_all_levels;relegated;NES;1111;9999;;;;False
238;Compostela;;null;0;null;null;no_matches_all_levels;relegated;GDJ;1111;9999;;;;False
239;Monterrey;;null;0;null;null;no_matches_all_levels;relegated;GDJ;1111;9999;;;;False
240;Linares;;null;0;null;null;no_matches_all_levels;relegated;GDJ;1111;9999;;;;False
241;Presidio de Nuevo México;;null;0;null;null;no_matches_all_levels;relegated;GDJ;1111;9999;;;;False
242;Oaxaca;;null;0;null;null;no_matches_all_levels;relegated;NES;1111;9999;;;;False
243;Puebla;;null;0;null;null;no_matches_all_levels;relegated;NES;1111;9999;;;;False
244;Puebla;;null;0;null;null;no_matches_all_levels;relegated;NES;1111;9999;;;;False
245;San Luís Potosí;;null;0;null;null;no_matches_all_levels;relegated;NES;1111;9999;;;;False
246;Arizpe;;null;0;null;null;no_matches_all_levels;relegated;GDJ;1111;9999;;;;False
247;Tabasco;;null;0;null;null;no_matches_all_levels;relegated;NES;1111;9999;;;;False
248;Villahermosa;;null;0;null;null;no_matches_all_levels;relegated;NES;1111;9999;;;;False
249;San Antonio de Béjar;;null;0;null;null;no_matches_all_levels;relegated;GDJ;1111;9999;;;;False
250;Tlaxcala;;null;0;null;null;no_matches_all_levels;relegated;NES;1111;9999;;;;False
251;Tlaxcala;;null;0;null;null;no_matches_all_levels;relegated;NES;1111;9999;;;;False
252;Veracruz;;null;0;null;null;no_matches_all_levels;relegated;NES;1111;9999;;;;False
253;Merida de Yucatan;;null;0;null;null;no_matches_all_levels;relegated;NES;1111;9999;;;;False
254;Valladolid de Yucatan;;null;0;null;null;no_matches_all_levels;relegated;NES;1111;9999;;;;False
255;Zacatecas;;null;0;null;null;no_matches_all_levels;relegated;GDJ;1111;9999;;;;False
256;Presidio Cerrogordo;;null;0;null;null;no_matches_all_levels;relegated;GDJ;1111;9999;;;;False
257;Presidio de Conchos;;null;0;null;null;no_matches_all_levels;relegated;GDJ;1111;9999;;;;False
258;Cuencame;;null;0;null;null;no_matches_all_levels;relegated;GDJ;1111;9999;;;;False
259;Guarisamey;;null;0;null;null;no_matches_all_levels;relegated;GDJ;1111;9999;;;;False
260;Mapimi;;null;0;null;null;no_matches_all_levels;relegated;GDJ;1111;9999;;;;False
261;Santiago Papasquiaro;;null;0;null;null;no_matches_all_levels;relegated;GDJ;1111;9999;;;;False
262;Real  del Parral;;null;0;null;null;no_matches_all_levels;relegated;GDJ;1111;9999;;;;False
263;Santa María de las Parras;;null;0;null;null;no_matches_all_levels;relegated;GDJ;1111;9999;;;;False
264;Real  del Oro;;null;0;null;null;no_matches_all_levels;relegated;GDJ;1111;9999;;;;False
265;Saltillo;;null;0;null;null;no_matches_all_levels;relegated;GDJ;1111;9999;;;;False
266;San Juan del Río;;null;0;null;null;no_matches_all_levels;relegated;GDJ;1111;9999;;;;False
267;Valle de San Bartolomé;;null;0;null;null;no_matches_all_levels;relegated;GDJ;1111;9999;;;;False
268;Acaponeta;;null;0;null;null;no_matches_all_levels;relegated;GDJ;1111;9999;;;;False
269;Autlan;;null;0;null;null;no_matches_all_levels;relegated;GDJ;1111;9999;;;;False
270;Bolaños;;null;0;null;null;no_matches_all_levels;relegated;GDJ;1111;9999;;;;False
271;Cuquio;;null;0;null;null;no_matches_all_levels;relegated;GDJ;1111;9999;;;;False
272;Ahualulco;;null;0;null;null;no_matches_all_levels;relegated;GDJ;1111;9999;;;;False
273;Guachinango;;null;0;null;null;no_matches_all_levels;relegated;GDJ;1111;9999;;;;False
274;Real de San Sebastián;;null;0;null;null;no_matches_all_levels;relegated;GDJ;1111;9999;;;;False
275;Hostotipaquillo;;null;0;null;null;no_matches_all_levels;relegated;GDJ;1111;9999;;;;False
276;La Barca;;null;0;null;null;no_matches_all_levels;relegated;GDJ;1111;9999;;;;False
277;Lagos;;null;0;null;null;no_matches_all_levels;relegated;GDJ;1111;9999;;;;False
278;San Blas;;null;0;null;null;no_matches_all_levels;relegated;GDJ;1111;9999;;;;False
279;Sayula;;null;0;null;null;no_matches_all_levels;relegated;GDJ;1111;9999;;;;False
280;Tala;;null;0;null;null;no_matches_all_levels;relegated;GDJ;1111;9999;;;;False
281;Tepatitlan;;null;0;null;null;no_matches_all_levels;relegated;GDJ;1111;9999;;;;False
282;Tepic;;null;0;null;null;no_matches_all_levels;relegated;GDJ;1111;9999;;;;False
283;Tequila;;null;0;null;null;no_matches_all_levels;relegated;GDJ;1111;9999;;;;False
284;Tlajomulco;;null;0;null;null;no_matches_all_levels;relegated;GDJ;1111;9999;;;;False
285;Tomatlan;;null;0;null;null;no_matches_all_levels;relegated;GDJ;1111;9999;;;;False
286;Tuxcacuesco;;null;0;null;null;no_matches_all_levels;relegated;GDJ;1111;9999;;;;False
287;Zapotlán el Grande;;null;0;null;null;no_matches_all_levels;relegated;GDJ;1111;9999;;;;False
288;Celaya;;null;0;null;null;no_matches_all_levels;relegated;NES;1111;9999;;;;False
289;San Sebastián de León;;null;0;null;null;no_matches_all_levels;relegated;NES;1111;9999;;;;False
290;San Luis de la Paz;;null;0;null;null;no_matches_all_levels;relegated;NES;1111;9999;;;;False
291;San Miguel el Grande;;null;0;null;null;no_matches_all_levels;relegated;NES;1111;9999;;;;False
292;San Nicolás de Actopan;;null;0;null;null;no_matches_all_levels;relegated;NES;1111;9999;;;;False
293;Apan;;null;0;null;null;no_matches_all_levels;relegated;NES;1111;9999;;;;False
294;Cadereyta;;null;0;null;null;no_matches_all_levels;relegated;NES;1111;9999;;;;False
295;Chalco;;null;0;null;null;no_matches_all_levels;relegated;NES;1111;9999;;;;False
296;Chilapa;;null;0;null;null;no_matches_all_levels;relegated;NES;1111;9999;;;;False
297;Cuautitlan;;null;0;null;null;no_matches_all_levels;relegated;NES;1111;9999;;;;False
298;Cuautla de Amilpas;;null;0;null;null;no_matches_all_levels;relegated;NES;1111;9999;;;;False
299;Cuernavaca;;null;0;null;null;no_matches_all_levels;relegated;NES;1111;9999;;;;False
300;San Cristóbal Ecatepec;;null;0;null;null;no_matches_all_levels;relegated;NES;1111;9999;;;;False
301;Huejutla;;null;0;null;null;no_matches_all_levels;relegated;NES;1111;9999;;;;False
302;Huichapan;;null;0;null;null;no_matches_all_levels;relegated;NES;1111;9999;;;;False
303;Ixmiquilpan;;null;0;null;null;no_matches_all_levels;relegated;NES;1111;9999;;;;False
304;Ixtlahuaca;;null;0;null;null;no_matches_all_levels;relegated;NES;1111;9999;;;;False
305;Lerma;;null;0;null;null;no_matches_all_levels;relegated;NES;1111;9999;;;;False
306;Tenancingo;;null;0;null;null;no_matches_all_levels;relegated;NES;1111;9999;;;;False
307;Meztitlan de la Sierra;;null;0;null;null;no_matches_all_levels;relegated;NES;1111;9999;;;;False
308;Otumba;;null;0;null;null;no_matches_all_levels;relegated;NES;1111;9999;;;;False
309;Querétaro;;null;0;null;null;no_matches_all_levels;relegated;NES;1111;9999;;;;False
310;Taxco;;null;0;null;null;no_matches_all_levels;relegated;NES;1111;9999;;;;False
311;Temascaltepec;;null;0;null;null;no_matches_all_levels;relegated;NES;1111;9999;;;;False
312;Teotihuacan;;null;0;null;null;no_matches_all_levels;relegated;NES;1111;9999;;;;False
313;Texcoco;;null;0;null;null;no_matches_all_levels;relegated;NES;1111;9999;;;;False
314;Tixtla;;null;0;null;null;no_matches_all_levels;relegated;NES;1111;9999;;;;False
315;San José de Toluca;;null;0;null;null;no_matches_all_levels;relegated;NES;1111;9999;;;;False
316;Tulancingo;;null;0;null;null;no_matches_all_levels;relegated;NES;1111;9999;;;;False
317;Yahualica;;null;0;null;null;no_matches_all_levels;relegated;NES;1111;9999;;;;False
318;Tecpan;;null;0;null;null;no_matches_all_levels;relegated;NES;1111;9999;;;;False
319;Zimapan;;null;0;null;null;no_matches_all_levels;relegated;NES;1111;9999;;;;False
320;Angamacutiro;;null;0;null;null;no_matches_all_levels;relegated;NES;1111;9999;;;;False
321;Apatzingan;;null;0;null;null;no_matches_all_levels;relegated;NES;1111;9999;;;;False
322;Ario;;null;0;null;null;no_matches_all_levels;relegated;NES;1111;9999;;;;False
323;San Diego de Cocupao;;null;0;null;null;no_matches_all_levels;relegated;NES;1111;9999;;;;False
324;Cuitzeo de La Laguna;;null;0;null;null;no_matches_all_levels;relegated;NES;1111;9999;;;;False
325;Erongaricuaro;;null;0;null;null;no_matches_all_levels;relegated;NES;1111;9999;;;;False
326;Indaparapeo;;null;0;null;null;no_matches_all_levels;relegated;NES;1111;9999;;;;False
327;Jiquilpan;;null;0;null;null;no_matches_all_levels;relegated;NES;1111;9999;;;;False
328;Pátzcuaro;;null;0;null;null;no_matches_all_levels;relegated;NES;1111;9999;;;;False
329;Puruandiro;;null;0;null;null;no_matches_all_levels;relegated;NES;1111;9999;;;;False
330;Santa Clara de los Cobres;;null;0;null;null;no_matches_all_levels;relegated;NES;1111;9999;;;;False
331;San Jerónimo de Tacambaro;;null;0;null;null;no_matches_all_levels;relegated;NES;1111;9999;;;;False
332;Taretan;;null;0;null;null;no_matches_all_levels;relegated;NES;1111;9999;;;;False
333;Tlalpujahua;;null;0;null;null;no_matches_all_levels;relegated;NES;1111;9999;;;;False
334;Tlazazalca;;null;0;null;null;no_matches_all_levels;relegated;NES;1111;9999;;;;False
335;Uruapan;;null;0;null;null;no_matches_all_levels;relegated;NES;1111;9999;;;;False
336;San Martín de Zamora;;null;0;null;null;no_matches_all_levels;relegated;NES;1111;9999;;;;False
337;Zinapecuaro;;null;0;null;null;no_matches_all_levels;relegated;NES;1111;9999;;;;False
338;San Juan Zitácuaro;;null;0;null;null;no_matches_all_levels;relegated;NES;1111;9999;;;;False
339;Arica;;null;0;null;null;no_matches_all_levels;relegated;PER;1111;9999;;;;False
340;El Callao;;null;0;null;null;no_matches_all_levels;relegated;PER;1111;9999;;;;False
341;Guayaquil;;null;0;null;null;no_matches_all_levels;relegated;QUI;1111;9999;;;;False
342;Trujillo;;null;0;null;null;no_matches_all_levels;relegated;PER;1111;9999;;;;False
343;Paita;;null;0;null;null;no_matches_all_levels;relegated;PER;1111;9999;;;;False
344;Panamá;;null;0;null;null;no_matches_all_levels;relegated;NGR;1111;9999;;;;False
345;Valparaíso;;null;0;null;null;no_matches_all_levels;relegated;CHL;1111;9999;;;;False
346;Santo Domingo;;null;0;null;null;no_matches_all_levels;relegated;SDO;1111;9999;;;;False
347;Campeche;;null;0;null;null;no_matches_all_levels;relegated;NES;1111;9999;;;;False
348;San Juan de Puerto Rico;;null;0;null;null;no_matches_all_levels;relegated;SDO;1111;9999;;;;False
349;Santiago de Cuba;;null;0;null;null;no_matches_all_levels;relegated;SDO;1111;9999;;;;False
350;Santo Tomás de Castilla;;null;0;null;null;no_matches_all_levels;relegated;GUA;1111;9999;;;;False
351;Trujillo;;null;0;null;null;no_matches_all_levels;relegated;GUA;1111;9999;;;;False
352;Veracruz;;null;0;null;null;no_matches_all_levels;relegated;NES;1111;9999;;;;False
353;Veracruz;;null;0;null;null;no_matches_all_levels;relegated;NES;1111;9999;;;;False
354;La Habana;;null;0;null;null;no_matches_all_levels;relegated;SDO;1111;9999;;;;False
355;Cartagena de Indias;;null;0;null;null;no_matches_all_levels;relegated;NGR;1111;9999;;;;False
356;Cumaná;;null;0;null;null;no_matches_all_levels;relegated;VEN;1111;9999;;;;False
357;isla de Trinidad;;null;0;null;null;no_matches_all_levels;relegated;VEN;1111;9999;;;;False
358;isla Margarita;;null;0;null;null;no_matches_all_levels;relegated;VEN;1111;9999;;;;False
359;La Guaira;;null;0;null;null;no_matches_all_levels;relegated;VEN;1111;9999;;;;False
360;Maracaibo;;null;0;null;null;no_matches_all_levels;relegated;VEN;1111;9999;;;;False
361;Portobelo;;null;0;null;null;no_matches_all_levels;relegated;NGR;1111;9999;;;;False
362;Riohacha;;null;0;null;null;no_matches_all_levels;relegated;NGR;1111;9999;;;;False
363;Santa Marta;;null;0;null;null;no_matches_all_levels;relegated;NGR;1111;9999;;;;False
364;Acapulco;;null;0;null;null;no_matches_all_levels;relegated;NES;1111;9999;;;;False
365;Manila;;null;0;null;null;no_matches_all_levels;relegated;FIL;1111;9999;;;;False
366;La Habana;;null;0;null;null;no_matches_all_levels;relegated;SDO;1111;9999;;;;False
367;Arica;;null;0;null;null;no_matches_all_levels;relegated;PER;1111;9999;;;;False
368;Buenos Aires;;null;0;null;null;no_matches_all_levels;relegated;RPL;1111;9999;;;;False
369;El Callao;;null;0;null;null;no_matches_all_levels;relegated;PER;1111;9999;;;;False
370;Cartagena de Indias;;null;0;null;null;no_matches_all_levels;relegated;NGR;1111;9999;;;;False
371;Huajuapan;;null;0;null;null;no_matches_all_levels;relegated;NES;1111;9999;;;;False
372;Jalapa;;null;0;null;null;no_matches_all_levels;relegated;NES;1111;9999;;;;False
373;Xamiltepeque;;null;0;null;null;no_matches_all_levels;relegated;NES;1111;9999;;;;False
374;Quiechapan;;null;0;null;null;no_matches_all_levels;relegated;NES;1111;9999;;;;False
375;Nochistlan;;null;0;null;null;no_matches_all_levels;relegated;NES;1111;9999;;;;False
376;Tehuantepec;;null;0;null;null;no_matches_all_levels;relegated;NES;1111;9999;;;;False
377;Teutitlan;;null;0;null;null;no_matches_all_levels;relegated;NES;1111;9999;;;;False
378;Teposcolula;;null;0;null;null;no_matches_all_levels;relegated;NES;1111;9999;;;;False
379;Villa Alta;;null;0;null;null;no_matches_all_levels;relegated;NES;1111;9999;;;;False
380;Acatlan;;null;0;null;null;no_matches_all_levels;relegated;NES;1111;9999;;;;False
381;Amozoc;;null;0;null;null;no_matches_all_levels;relegated;NES;1111;9999;;;;False
382;Atlixco;;null;0;null;null;no_matches_all_levels;relegated;NES;1111;9999;;;;False
383;Chiautla;;null;0;null;null;no_matches_all_levels;relegated;NES;1111;9999;;;;False
384;Chietla;;null;0;null;null;no_matches_all_levels;relegated;NES;1111;9999;;;;False
385;Cholula;;null;0;null;null;no_matches_all_levels;relegated;NES;1111;9999;;;;False
386;Huayacocotla;;null;0;null;null;no_matches_all_levels;relegated;NES;1111;9999;;;;False
387;Huejotzingo;;null;0;null;null;no_matches_all_levels;relegated;NES;1111;9999;;;;False
388;Izúcar;;null;0;null;null;no_matches_all_levels;relegated;NES;1111;9999;;;;False
389;San Juan de los Llanos;;null;0;null;null;no_matches_all_levels;relegated;NES;1111;9999;;;;False
390;Tecali;;null;0;null;null;no_matches_all_levels;relegated;NES;1111;9999;;;;False
391;Tehuacan de las Granadas;;null;0;null;null;no_matches_all_levels;relegated;NES;1111;9999;;;;False
392;Tepeaca;;null;0;null;null;no_matches_all_levels;relegated;NES;1111;9999;;;;False
393;Tepexi de la Seda;;null;0;null;null;no_matches_all_levels;relegated;NES;1111;9999;;;;False
394;Teziutlan;;null;0;null;null;no_matches_all_levels;relegated;NES;1111;9999;;;;False
395;Totomehuacán;;null;0;null;null;no_matches_all_levels;relegated;NES;1111;9999;;;;False
396;Zacatlan de las Manzanas;;null;0;null;null;no_matches_all_levels;relegated;NES;1111;9999;;;;False
397;Real de la Purísima Concepción de los Catorce;;null;0;null;null;no_matches_all_levels;relegated;GDJ;1111;9999;;;;False
398;Santa María de las Charcas;;null;0;null;null;no_matches_all_levels;relegated;GDJ;1111;9999;;;;False
399;Guadalcázar;;null;0;null;null;no_matches_all_levels;relegated;NES;1111;9999;;;;False
400;Valle de San Francisco;;null;0;null;null;no_matches_all_levels;relegated;NES;1111;9999;;;;False
401;Aquismon;;null;0;null;null;no_matches_all_levels;relegated;NES;1111;9999;;;;False
402;San Sebastián del Venado;;null;0;null;null;no_matches_all_levels;relegated;GDJ;1111;9999;;;;False
403;Alamos;;null;0;null;null;no_matches_all_levels;relegated;GDJ;1111;9999;;;;False
404;Cosala;;null;0;null;null;no_matches_all_levels;relegated;GDJ;1111;9999;;;;False
405;Culiacán;;null;0;null;null;no_matches_all_levels;relegated;GDJ;1111;9999;;;;False
406;Fuerte;;null;0;null;null;no_matches_all_levels;relegated;GDJ;1111;9999;;;;False
407;Real  del Rosario;;null;0;null;null;no_matches_all_levels;relegated;GDJ;1111;9999;;;;False
408;Sinaloa;;null;0;null;null;no_matches_all_levels;relegated;GDJ;1111;9999;;;;False
409;Acayucan;;null;0;null;null;no_matches_all_levels;relegated;NES;1111;9999;;;;False
410;Cordoba;;null;0;null;null;no_matches_all_levels;relegated;NES;1111;9999;;;;False
411;Perote;;null;0;null;null;no_matches_all_levels;relegated;NES;1111;9999;;;;False
412;Orizaba;;null;0;null;null;no_matches_all_levels;relegated;NES;1111;9999;;;;False
413;Panuco;;null;0;null;null;no_matches_all_levels;relegated;NES;1111;9999;;;;False
414;Papantla;;null;0;null;null;no_matches_all_levels;relegated;NES;1111;9999;;;;False
415;Tuxtla;;null;0;null;null;no_matches_all_levels;relegated;NES;1111;9999;;;;False
416;La Antigua;;null;0;null;null;no_matches_all_levels;relegated;NES;1111;9999;;;;False
417;Xalapa;;null;0;null;null;no_matches_all_levels;relegated;NES;1111;9999;;;;False
418;Campeche;;null;0;null;null;no_matches_all_levels;relegated;NES;1111;9999;;;;False
419;Aguascalientes;;null;0;null;null;no_matches_all_levels;relegated;GDJ;1111;9999;;;;False
420;Real del Fresnillo;;null;0;null;null;no_matches_all_levels;relegated;GDJ;1111;9999;;;;False
421;Jerez;;null;0;null;null;no_matches_all_levels;relegated;GDJ;1111;9999;;;;False
422;Mazapil;;null;0;null;null;no_matches_all_levels;relegated;GDJ;1111;9999;;;;False
423;San Martín de la Sierra de Pinos;;null;0;null;null;no_matches_all_levels;relegated;GDJ;1111;9999;;;;False
424;Real  del Sombrerete;;null;0;null;null;no_matches_all_levels;relegated;GDJ;1111;9999;;;;False
425;Taltenango;;null;0;null;null;no_matches_all_levels;relegated;GDJ;1111;9999;;;;False
426;Presidio del Norte;;null;0;null;null;no_matches_all_levels;relegated;GDJ;1111;9999;;;;False
427;San Miguel de las Juntas;;null;0;null;null;no_matches_all_levels;relegated;GDJ;1111;9999;;;;False
428;Ameca;;null;0;null;null;no_matches_all_levels;relegated;GDJ;1111;9999;;;;False
429;Tecolotlán;;null;0;null;null;no_matches_all_levels;relegated;GDJ;1111;9999;;;;False
430;Tecalitlan;;null;0;null;null;no_matches_all_levels;relegated;GDJ;1111;9999;;;;False
431;Etzatlan;;null;0;null;null;no_matches_all_levels;relegated;GDJ;1111;9999;;;;False
432;La Magdalena;;null;0;null;null;no_matches_all_levels;relegated;GDJ;1111;9999;;;;False
433;Mascota;;null;0;null;null;no_matches_all_levels;relegated;GDJ;1111;9999;;;;False
434;Talpa;;null;0;null;null;no_matches_all_levels;relegated;GDJ;1111;9999;;;;False
435;Jalostotitlán;;null;0;null;null;no_matches_all_levels;relegated;GDJ;1111;9999;;;;False
436;Teocaltiche;;null;0;null;null;no_matches_all_levels;relegated;GDJ;1111;9999;;;;False
437;Santa Ana Acatlan;;null;0;null;null;no_matches_all_levels;relegated;GDJ;1111;9999;;;;False
438;Cocula;;null;0;null;null;no_matches_all_levels;relegated;GDJ;1111;9999;;;;False
439;Jocotepec;;null;0;null;null;no_matches_all_levels;relegated;GDJ;1111;9999;;;;False
440;Zacoalco;;null;0;null;null;no_matches_all_levels;relegated;GDJ;1111;9999;;;;False
441;Tepetitlan;;null;0;null;null;no_matches_all_levels;relegated;GDJ;1111;9999;;;;False
442;Angeles Zapotlan;;null;0;null;null;no_matches_all_levels;relegated;GDJ;1111;9999;;;;False
443;Amatitan;;null;0;null;null;no_matches_all_levels;relegated;GDJ;1111;9999;;;;False
444;Purificación;;null;0;null;null;no_matches_all_levels;relegated;GDJ;1111;9999;;;;False
445;Tuxpan;;null;0;null;null;no_matches_all_levels;relegated;GDJ;1111;9999;;;;False
446;Salvatierra;;null;0;null;null;no_matches_all_levels;relegated;NES;1111;9999;;;;False
447;Santiago;;null;0;null;null;no_matches_all_levels;relegated;NES;1111;9999;;;;False
448;Acambaro;;null;0;null;null;no_matches_all_levels;relegated;NES;1111;9999;;;;False
449;Jerecuaro;;null;0;null;null;no_matches_all_levels;relegated;NES;1111;9999;;;;False
450;Yurirapundaro;;null;0;null;null;no_matches_all_levels;relegated;NES;1111;9999;;;;False
451;Irapuato;;null;0;null;null;no_matches_all_levels;relegated;NES;1111;9999;;;;False
452;Silao;;null;0;null;null;no_matches_all_levels;relegated;NES;1111;9999;;;;False
453;San Felipe;;null;0;null;null;no_matches_all_levels;relegated;NES;1111;9999;;;;False
454;Amecameca;;null;0;null;null;no_matches_all_levels;relegated;NES;1111;9999;;;;False
455;Tlalmanalco;;null;0;null;null;no_matches_all_levels;relegated;NES;1111;9999;;;;False
456;Tlayacapan;;null;0;null;null;no_matches_all_levels;relegated;NES;1111;9999;;;;False
457;Totolapan;;null;0;null;null;no_matches_all_levels;relegated;NES;1111;9999;;;;False
458;Tlalpán;;null;0;null;null;no_matches_all_levels;relegated;NES;1111;9999;;;;False
459;Tetela;;null;0;null;null;no_matches_all_levels;relegated;NES;1111;9999;;;;False
460;Tepoztlan;;null;0;null;null;no_matches_all_levels;relegated;NES;1111;9999;;;;False
461;San Francisco Tetecala;;null;0;null;null;no_matches_all_levels;relegated;NES;1111;9999;;;;False
462;Tlaltizapan;;null;0;null;null;no_matches_all_levels;relegated;NES;1111;9999;;;;False
463;Yautepec;;null;0;null;null;no_matches_all_levels;relegated;NES;1111;9999;;;;False
464;Yecapixtla;;null;0;null;null;no_matches_all_levels;relegated;NES;1111;9999;;;;False
465;San Jerónomio Aculco;;null;0;null;null;no_matches_all_levels;relegated;NES;1111;9999;;;;False
466;San Francisco Soyaniquilpan;;null;0;null;null;no_matches_all_levels;relegated;NES;1111;9999;;;;False
467;San Felipe del Obraje;;null;0;null;null;no_matches_all_levels;relegated;NES;1111;9999;;;;False
468;Malinalco;;null;0;null;null;no_matches_all_levels;relegated;NES;1111;9999;;;;False
469;Zinacantepec;;null;0;null;null;no_matches_all_levels;relegated;NES;1111;9999;;;;False
470;Lolotla;;null;0;null;null;no_matches_all_levels;relegated;NES;1111;9999;;;;False
471;Molango;;null;0;null;null;no_matches_all_levels;relegated;NES;1111;9999;;;;False
472;Zacualtipan;;null;0;null;null;no_matches_all_levels;relegated;NES;1111;9999;;;;False
473;Atotonilco el Chico;;null;0;null;null;no_matches_all_levels;relegated;NES;1111;9999;;;;False
474;Real del Monte;;null;0;null;null;no_matches_all_levels;relegated;NES;1111;9999;;;;False
475;San Juan del Río;;null;0;null;null;no_matches_all_levels;relegated;NES;1111;9999;;;;False
476;Tepecoacuilco;;null;0;null;null;no_matches_all_levels;relegated;NES;1111;9999;;;;False
477;Sultepec;;null;0;null;null;no_matches_all_levels;relegated;NES;1111;9999;;;;False
478;Calimaya;;null;0;null;null;no_matches_all_levels;relegated;NES;1111;9999;;;;False
479;Cutzamala;;null;0;null;null;no_matches_all_levels;relegated;NES;1111;9999;;;;False
480;Calpulalpan;;null;0;null;null;no_matches_all_levels;relegated;NES;1111;9999;;;;False
481;Tepetlaoxtoc;;null;0;null;null;no_matches_all_levels;relegated;NES;1111;9999;;;;False
482;Chilpancingo;;null;0;null;null;no_matches_all_levels;relegated;NES;1111;9999;;;;False
483;Tepexi del Rio;;null;0;null;null;no_matches_all_levels;relegated;NES;1111;9999;;;;False
484;Atotonilco;;null;0;null;null;no_matches_all_levels;relegated;GDJ;1111;9999;;;;False
485;Teloloapan;;null;0;null;null;no_matches_all_levels;relegated;NES;1111;9999;;;;False
486;Panindicuaro;;null;0;null;null;no_matches_all_levels;relegated;NES;1111;9999;;;;False
487;Santa Ana Amatlan;;null;0;null;null;no_matches_all_levels;relegated;NES;1111;9999;;;;False
488;Tancitaro;;null;0;null;null;no_matches_all_levels;relegated;NES;1111;9999;;;;False
489;Pinzandaro;;null;0;null;null;no_matches_all_levels;relegated;NES;1111;9999;;;;False
490;Zacapu;;null;0;null;null;no_matches_all_levels;relegated;NES;1111;9999;;;;False
491;Cotija;;null;0;null;null;no_matches_all_levels;relegated;NES;1111;9999;;;;False
492;Periban;;null;0;null;null;no_matches_all_levels;relegated;NES;1111;9999;;;;False
493;Coalcoman;;null;0;null;null;no_matches_all_levels;relegated;NES;1111;9999;;;;False
494;Tzintzuntzan;;null;0;null;null;no_matches_all_levels;relegated;NES;1111;9999;;;;False
495;Urecho;;null;0;null;null;no_matches_all_levels;relegated;NES;1111;9999;;;;False
496;Chilchota;;null;0;null;null;no_matches_all_levels;relegated;NES;1111;9999;;;;False
497;Nuestra Señora de La Piedad;;null;0;null;null;no_matches_all_levels;relegated;NES;1111;9999;;;;False
498;Ixtlan;;null;0;null;null;no_matches_all_levels;relegated;NES;1111;9999;;;;False
499;Tangancicuaro;;null;0;null;null;no_matches_all_levels;relegated;NES;1111;9999;;;;False
500;Irimbo;;null;0;null;null;no_matches_all_levels;relegated;NES;1111;9999;;;;False
501;Maravatio;;null;0;null;null;no_matches_all_levels;relegated;NES;1111;9999;;;;False
502;Taximaroa;;null;0;null;null;no_matches_all_levels;relegated;NES;1111;9999;;;;False
503;Tuxpan;;null;0;null;null;no_matches_all_levels;relegated;NES;1111;9999;;;;False
504;Angangueo;;null;0;null;null;no_matches_all_levels;relegated;NES;1111;9999;;;;False
505;Tula;;null;0;null;null;no_matches_all_levels;relegated;NES;1111;9999;;;;False
506;Xaumabe;;null;0;null;null;no_matches_all_levels;relegated;GDJ;1111;9999;;;;False
507;Apaseo;;null;0;null;null;no_matches_all_levels;relegated;NES;1111;9999;;;;False
508;Nieves Ixpantepec;;null;0;null;null;no_matches_all_levels;relegated;NES;1111;9999;;;;False
509;Teipan;;null;0;null;null;no_matches_all_levels;relegated;NES;1111;9999;;;;False
510;Cuicatlan;;null;0;null;null;no_matches_all_levels;relegated;NES;1111;9999;;;;False
511;Huehuetlan;;null;0;null;null;no_matches_all_levels;relegated;NES;1111;9999;;;;False
512;Yanhuitlan;;null;0;null;null;no_matches_all_levels;relegated;NES;1111;9999;;;;False
513;Piaxtla;;null;0;null;null;no_matches_all_levels;relegated;NES;1111;9999;;;;False
514;Hueyotlipan;;null;0;null;null;no_matches_all_levels;relegated;NES;1111;9999;;;;False
515;San Andrés Calpan;;null;0;null;null;no_matches_all_levels;relegated;NES;1111;9999;;;;False
516;Huaquechula;;null;0;null;null;no_matches_all_levels;relegated;NES;1111;9999;;;;False
517;Concepción;;null;0;null;null;no_matches_all_levels;relegated;CHL;1111;9999;;;;False
518;Guayaquil;;null;0;null;null;no_matches_all_levels;relegated;QUI;1111;9999;;;;False
519;La Habana;;null;0;null;null;no_matches_all_levels;relegated;SDO;1111;9999;;;;False
520;Montevideo;;null;0;null;null;no_matches_all_levels;relegated;RPL;1111;9999;;;;False
521;Valparaíso;;null;0;null;null;no_matches_all_levels;relegated;CHL;1111;9999;;;;False
522;La Guaira;;null;0;null;null;no_matches_all_levels;relegated;VEN;1111;9999;;;;False
523;Veracruz;;null;0;null;null;no_matches_all_levels;relegated;NES;1111;9999;;;;False
524;Arica;;null;0;null;null;no_matches_all_levels;relegated;PER;1111;9999;;;;False
525;Buenos Aires;;null;0;null;null;no_matches_all_levels;relegated;RPL;1111;9999;;;;False
526;El Callao;;null;0;null;null;no_matches_all_levels;relegated;PER;1111;9999;;;;False
527;Cartagena de Indias;;null;0;null;null;no_matches_all_levels;relegated;NGR;1111;9999;;;;False
528;San Nicolás de los Ranchos;;null;0;null;null;no_matches_all_levels;relegated;NES;1111;9999;;;;False
529;Tamiagua;;null;0;null;null;no_matches_all_levels;relegated;NES;1111;9999;;;;False
530;Xicotepec;;null;0;null;null;no_matches_all_levels;relegated;NES;1111;9999;;;;False
531;Chicontepec;;null;0;null;null;no_matches_all_levels;relegated;NES;1111;9999;;;;False
532;San Martín Tesmelucan;;null;0;null;null;no_matches_all_levels;relegated;NES;1111;9999;;;;False
533;San Salvador el Verde;;null;0;null;null;no_matches_all_levels;relegated;NES;1111;9999;;;;False
534;Ayutla;;null;0;null;null;no_matches_all_levels;relegated;NES;1111;9999;;;;False
535;Tepeojuma;;null;0;null;null;no_matches_all_levels;relegated;NES;1111;9999;;;;False
536;Tepeyahualco;;null;0;null;null;no_matches_all_levels;relegated;NES;1111;9999;;;;False
537;Zacapoaxtla;;null;0;null;null;no_matches_all_levels;relegated;NES;1111;9999;;;;False
538;Acajete;;null;0;null;null;no_matches_all_levels;relegated;NES;1111;9999;;;;False
539;Acatzingo;;null;0;null;null;no_matches_all_levels;relegated;NES;1111;9999;;;;False
540;San Jerónimo Aljojuca;;null;0;null;null;no_matches_all_levels;relegated;NES;1111;9999;;;;False
541;San Andres Chalchicomula;;null;0;null;null;no_matches_all_levels;relegated;NES;1111;9999;;;;False
542;Nopalucan;;null;0;null;null;no_matches_all_levels;relegated;NES;1111;9999;;;;False
543;Quecholan;;null;0;null;null;no_matches_all_levels;relegated;NES;1111;9999;;;;False
544;San Agustín del Palmar;;null;0;null;null;no_matches_all_levels;relegated;NES;1111;9999;;;;False
545;San Salvador el Seco;;null;0;null;null;no_matches_all_levels;relegated;NES;1111;9999;;;;False
546;Tecamachalco;;null;0;null;null;no_matches_all_levels;relegated;NES;1111;9999;;;;False
547;Molcaxac;;null;0;null;null;no_matches_all_levels;relegated;NES;1111;9999;;;;False
548;Huamuxtitlan;;null;0;null;null;no_matches_all_levels;relegated;NES;1111;9999;;;;False
549;Olinala;;null;0;null;null;no_matches_all_levels;relegated;NES;1111;9999;;;;False
550;Santiago Xochihuehuetlan;;null;0;null;null;no_matches_all_levels;relegated;NES;1111;9999;;;;False
551;Tochimilco;;null;0;null;null;no_matches_all_levels;relegated;NES;1111;9999;;;;False
552;Tlacotepec;;null;0;null;null;no_matches_all_levels;relegated;NES;1111;9999;;;;False
553;Casas Viejas;;null;0;null;null;no_matches_all_levels;relegated;NES;1111;9999;;;;False
554;Santa María del Río;;null;0;null;null;no_matches_all_levels;relegated;NES;1111;9999;;;;False
555;Tampamolon;;null;0;null;null;no_matches_all_levels;relegated;NES;1111;9999;;;;False
556;Tampico;;null;0;null;null;no_matches_all_levels;relegated;NES;1111;9999;;;;False
557;Tancanhuitz;;null;0;null;null;no_matches_all_levels;relegated;NES;1111;9999;;;;False
558;Axtla;;null;0;null;null;no_matches_all_levels;relegated;NES;1111;9999;;;;False
559;Coscatlan;;null;0;null;null;no_matches_all_levels;relegated;NES;1111;9999;;;;False
560;Huehuetlan;;null;0;null;null;no_matches_all_levels;relegated;NES;1111;9999;;;;False
561;Tamazunchale;;null;0;null;null;no_matches_all_levels;relegated;NES;1111;9999;;;;False
562;Valles;;null;0;null;null;no_matches_all_levels;relegated;NES;1111;9999;;;;False
563;San Pedro de Bacubirito;;null;0;null;null;no_matches_all_levels;relegated;GDJ;1111;9999;;;;False
564;Presidio de San Rafael;;null;0;null;null;no_matches_all_levels;relegated;GDJ;1111;9999;;;;False
565;Santa Ana Chautepan;;null;0;null;null;no_matches_all_levels;relegated;NES;1111;9999;;;;False
566;Cuapiaxtla;;null;0;null;null;no_matches_all_levels;relegated;NES;1111;9999;;;;False
567;Huamantla;;null;0;null;null;no_matches_all_levels;relegated;NES;1111;9999;;;;False
568;San Felipe Ystacuixtla;;null;0;null;null;no_matches_all_levels;relegated;NES;1111;9999;;;;False
569;Nuestra Señora de Nativitas;;null;0;null;null;no_matches_all_levels;relegated;NES;1111;9999;;;;False
570;Coscomatepec;;null;0;null;null;no_matches_all_levels;relegated;NES;1111;9999;;;;False
571;Huatusco;;null;0;null;null;no_matches_all_levels;relegated;NES;1111;9999;;;;False
572;Ozuluama;;null;0;null;null;no_matches_all_levels;relegated;NES;1111;9999;;;;False
573;Tantima;;null;0;null;null;no_matches_all_levels;relegated;NES;1111;9999;;;;False
574;Tantoyuca;;null;0;null;null;no_matches_all_levels;relegated;NES;1111;9999;;;;False
575;Misantla;;null;0;null;null;no_matches_all_levels;relegated;NES;1111;9999;;;;False
576;Alvarado;;null;0;null;null;no_matches_all_levels;relegated;NES;1111;9999;;;;False
577;Tlacotalpan;;null;0;null;null;no_matches_all_levels;relegated;NES;1111;9999;;;;False
578;Tlalixcoyan;;null;0;null;null;no_matches_all_levels;relegated;NES;1111;9999;;;;False
579;Coatepec;;null;0;null;null;no_matches_all_levels;relegated;NES;1111;9999;;;;False
580;Naulingo;;null;0;null;null;no_matches_all_levels;relegated;NES;1111;9999;;;;False
581;Izamal;;null;0;null;null;no_matches_all_levels;relegated;NES;1111;9999;;;;False
582;Mani;;null;0;null;null;no_matches_all_levels;relegated;NES;1111;9999;;;;False
583;P. de Monterrey;;null;0;null;null;no_matches_all_levels;relegated;GDJ;1111;9999;;;;False
584;Santa Rosa;;null;0;null;null;no_matches_all_levels;relegated;GDJ;1111;9999;;;;False
585;Bacalar;;null;0;null;null;no_matches_all_levels;relegated;NES;1111;9999;;;;False
586;Carmen;;null;0;null;null;no_matches_all_levels;relegated;GDJ;1111;9999;;;;False
587;Salamanca;;null;0;null;null;no_matches_all_levels;relegated;NES;1111;9999;;;;False
588;Dolores;;null;0;null;null;no_matches_all_levels;relegated;NES;1111;9999;;;;False
589;Colima;;null;0;null;null;no_matches_all_levels;relegated;GDJ;1111;9999;;;;False
590;Real de Asientos de Ibarra;;null;0;null;null;no_matches_all_levels;relegated;GDJ;1111;9999;;;;False
591;Villanueva (Zacatecas);;null;0;null;null;no_matches_all_levels;relegated;GDJ;1111;9999;;;;False
592;Puerto del Cedral;;null;0;null;null;no_matches_all_levels;relegated;GDJ;1111;9999;;;;False
593;Ojocaliente;;null;0;null;null;no_matches_all_levels;relegated;GDJ;1111;9999;;;;False
594;Amatlán de Cañas;;null;0;null;null;no_matches_all_levels;relegated;GDJ;1111;9999;;;;False
595;Ahuacatlan;;null;0;null;null;no_matches_all_levels;relegated;GDJ;1111;9999;;;;False
596;Villa Encarnación;;null;0;null;null;no_matches_all_levels;relegated;GDJ;1111;9999;;;;False
597;Real de la Yesca;;null;0;null;null;no_matches_all_levels;relegated;GDJ;1111;9999;;;;False
598;Presidio de Janos;;null;0;null;null;no_matches_all_levels;relegated;GDJ;1111;9999;;;;False
599;Presidio del Carrizal;;null;0;null;null;no_matches_all_levels;relegated;GDJ;1111;9999;;;;False
600;Presidio de San Elizario;;null;0;null;null;no_matches_all_levels;relegated;GDJ;1111;9999;;;;False
601;Paso del Norte;;null;0;null;null;no_matches_all_levels;relegated;GDJ;1111;9999;;;;False
602;Presidio de San Carlos de Buenavista;;null;0;null;null;no_matches_all_levels;relegated;GDJ;1111;9999;;;;False
603;San Miguel de Horcasitas;;null;0;null;null;no_matches_all_levels;relegated;GDJ;1111;9999;;;;False
604;Presidio de San Bernardino de Fronteras;;null;0;null;null;no_matches_all_levels;relegated;GDJ;1111;9999;;;;False
605;Presidio de Santa Gertrudis del Altar;;null;0;null;null;no_matches_all_levels;relegated;GDJ;1111;9999;;;;False
606;Aguayo;;null;0;null;null;no_matches_all_levels;relegated;GDJ;1111;9999;;;;False
607;Altamira;;null;0;null;null;no_matches_all_levels;relegated;GDJ;1111;9999;;;;False
608;San Carlos del Nuevo Santander;;null;0;null;null;no_matches_all_levels;relegated;GDJ;1111;9999;;;;False
609;San Fernando de Austria;;null;0;null;null;no_matches_all_levels;relegated;GDJ;1111;9999;;;;False
610;La Monclova;;null;0;null;null;no_matches_all_levels;relegated;GDJ;1111;9999;;;;False
611;Padilla;;null;0;null;null;no_matches_all_levels;relegated;GDJ;1111;9999;;;;False
612;Valle del Pilón;;null;0;null;null;no_matches_all_levels;relegated;GDJ;1111;9999;;;;False
613;Presidio de Rio Grande;;null;0;null;null;no_matches_all_levels;relegated;GDJ;1111;9999;;;;False
614;Zacualpan;;null;0;null;null;no_matches_all_levels;relegated;NES;1111;9999;;;;False
615;Santa María de los Ramos;;null;0;null;null;no_matches_all_levels;relegated;GDJ;1111;9999;;;;False
616;Rioverde;;null;0;null;null;no_matches_all_levels;relegated;NES;1111;9999;;;;False
617;Valle del Maiz;;null;0;null;null;no_matches_all_levels;relegated;NES;1111;9999;;;;False
618;Presidio Aguaverde;;null;0;null;null;no_matches_all_levels;relegated;GDJ;1111;9999;;;;False
619;Presidio de la Babia;;null;0;null;null;no_matches_all_levels;relegated;GDJ;1111;9999;;;;False
620;San Francisco de Matehuala;;null;0;null;null;no_matches_all_levels;relegated;GDJ;1111;9999;;;;False
621;Real de los Reyes;;null;0;null;null;no_matches_all_levels;relegated;GDJ;1111;9999;;;;False
622;Presidio de San Buenaventura;;null;0;null;null;no_matches_all_levels;relegated;GDJ;1111;9999;;;;False
623;Presidio del Gallo;;null;0;null;null;no_matches_all_levels;relegated;GDJ;1111;9999;;;;False
624;Real de San Dimas;;null;0;null;null;no_matches_all_levels;relegated;GDJ;1111;9999;;;;False
625;Real de Santa Cruz de los Gavilanes;;null;0;null;null;no_matches_all_levels;relegated;GDJ;1111;9999;;;;False
626;Real de Ventanas;;null;0;null;null;no_matches_all_levels;relegated;GDJ;1111;9999;;;;False
627;Nombre de Dios;;null;0;null;null;no_matches_all_levels;relegated;GDJ;1111;9999;;;;False
628;Avino;;null;0;null;null;no_matches_all_levels;relegated;GDJ;1111;9999;;;;False
629;San Ildefonso de la Cieneguilla;;null;0;null;null;no_matches_all_levels;relegated;GDJ;1111;9999;;;;False
630;P. de San Diego;;null;0;null;null;no_matches_all_levels;relegated;GDJ;1111;9999;;;;False
631;Presidio de San Francisco;;null;0;null;null;no_matches_all_levels;relegated;GDJ;1111;9999;;;;False
632;P. de Santa Barbara;;null;0;null;null;no_matches_all_levels;relegated;GDJ;1111;9999;;;;False
633;P. de Loreto;;null;0;null;null;no_matches_all_levels;relegated;GDJ;1111;9999;;;;False
634;San Antonio de la Huerta;;null;0;null;null;no_matches_all_levels;relegated;GDJ;1111;9999;;;;False
635;Santa Rosa de Cosihuiriáchic;;null;0;null;null;no_matches_all_levels;relegated;GDJ;1111;9999;;;;False
636;Cacaria;;null;0;null;null;no_matches_all_levels;relegated;GDJ;1111;9999;;;;False
637;Presidio de Santa Cruz;;null;0;null;null;no_matches_all_levels;relegated;GDJ;1111;9999;;;;False
638;Presidio de Anahelo;;null;0;null;null;no_matches_all_levels;relegated;GDJ;1111;9999;;;;False
639;Presidio de San Agustín de Tucson;;null;0;null;null;no_matches_all_levels;relegated;GDJ;1111;9999;;;;False
640;Huatimape;;null;0;null;null;no_matches_all_levels;relegated;GDJ;1111;9999;;;;False
641;Presidio del Principe;;null;0;null;null;no_matches_all_levels;relegated;GDJ;1111;9999;;;;False
642;Gracias a Dios;;null;0;null;null;no_matches_all_levels;relegated;GUA;1111;9999;;;;False
643;Guatemala;;null;0;null;null;no_matches_all_levels;relegated;GUA;1111;9999;;;;False
644;San Salvador;;null;0;null;null;no_matches_all_levels;relegated;GUA;1111;9999;;;;False
645;Ciudad Real;;null;0;null;null;no_matches_all_levels;relegated;GUA;1111;9999;;;;False
646;Comayagua;;null;0;null;null;no_matches_all_levels;relegated;GUA;1111;9999;;;;False
647;León;;null;0;null;null;no_matches_all_levels;relegated;GUA;1111;9999;;;;False
648;Trujillo;;null;0;null;null;no_matches_all_levels;relegated;GUA;1111;9999;;;;False
649;Cartago;;null;0;null;null;no_matches_all_levels;relegated;GUA;1111;9999;;;;False
650;Comitan;;null;0;null;null;no_matches_all_levels;relegated;GUA;1111;9999;;;;False
651;Tapachula;;null;0;null;null;no_matches_all_levels;relegated;GUA;1111;9999;;;;False
652;Tonalá;;null;0;null;null;no_matches_all_levels;relegated;GUA;1111;9999;;;;False
653;Tonalá;;null;0;null;null;no_matches_all_levels;relegated;GUA;1111;9999;;;;False
654;Tuxtla;;null;0;null;null;no_matches_all_levels;relegated;GUA;1111;9999;;;;False
655;Chiapas;;null;0;null;null;no_matches_all_levels;relegated;GUA;1111;9999;;;;False
656;Mazatenango;;null;0;null;null;no_matches_all_levels;relegated;GUA;1111;9999;;;;False
657;Sonsonate;;null;0;null;null;no_matches_all_levels;relegated;GUA;1111;9999;;;;False
658;Zacapa;;null;0;null;null;no_matches_all_levels;relegated;GUA;1111;9999;;;;False
659;Chiquimula;;null;0;null;null;no_matches_all_levels;relegated;GUA;1111;9999;;;;False
660;Totonicapan;;null;0;null;null;no_matches_all_levels;relegated;GUA;1111;9999;;;;False
661;Quetzaltenango;;null;0;null;null;no_matches_all_levels;relegated;GUA;1111;9999;;;;False
662;Santa Ana;;null;0;null;null;no_matches_all_levels;relegated;GUA;1111;9999;;;;False
663;Coxutepeque;;null;0;null;null;no_matches_all_levels;relegated;GUA;1111;9999;;;;False
664;San Vicente;;null;0;null;null;no_matches_all_levels;relegated;GUA;1111;9999;;;;False
665;Zacatecoluca;;null;0;null;null;no_matches_all_levels;relegated;GUA;1111;9999;;;;False
666;San Miguel;;null;0;null;null;no_matches_all_levels;relegated;GUA;1111;9999;;;;False
667;Olanchito;;null;0;null;null;no_matches_all_levels;relegated;GUA;1111;9999;;;;False
668;San Fernando de Omoa;;null;0;null;null;no_matches_all_levels;relegated;GUA;1111;9999;;;;False
669;Tegucigalpa;;null;0;null;null;no_matches_all_levels;relegated;GUA;1111;9999;;;;False
670;Metapan;;null;0;null;null;no_matches_all_levels;relegated;GUA;1111;9999;;;;False
671;Managua;;null;0;null;null;no_matches_all_levels;relegated;GUA;1111;9999;;;;False
672;El Realejo;;null;0;null;null;no_matches_all_levels;relegated;GUA;1111;9999;;;;False
673;Masaya;;null;0;null;null;no_matches_all_levels;relegated;GUA;1111;9999;;;;False
674;Granada;;null;0;null;null;no_matches_all_levels;relegated;GUA;1111;9999;;;;False
675;Nicaragua;;null;0;null;null;no_matches_all_levels;relegated;GUA;1111;9999;;;;False
676;Villanueva de San Jose;;null;0;null;null;no_matches_all_levels;relegated;GUA;1111;9999;;;;False
677;San Felipe del Golfo;;null;0;null;null;no_matches_all_levels;relegated;GUA;1111;9999;;;;False
678;Santo Domingo;;null;0;null;null;no_matches_all_levels;relegated;SDO;1111;9999;;;;False
679;Puerto Principe;;null;0;null;null;no_matches_all_levels;relegated;SDO;1111;9999;;;;False
680;Puerto Rico;;null;0;null;null;no_matches_all_levels;relegated;SDO;1111;9999;;;;False
681;La Habana;;null;0;null;null;no_matches_all_levels;relegated;SDO;1111;9999;;;;False
682;Santiago de Cuba;;null;0;null;null;no_matches_all_levels;relegated;SDO;1111;9999;;;;False
683;Panzacola;;null;0;null;null;no_matches_all_levels;relegated;SDO;1111;9999;;;;False
684;San Agustin de la Florida;;null;0;null;null;no_matches_all_levels;relegated;SDO;1111;9999;;;;False
685;Concepcion de la Vega;;null;0;null;null;no_matches_all_levels;relegated;SDO;1111;9999;;;;False
686;Trinidad;;null;0;null;null;no_matches_all_levels;relegated;SDO;1111;9999;;;;False
687;Matanzas;;null;0;null;null;no_matches_all_levels;relegated;SDO;1111;9999;;;;False
688;Baracoa;;null;0;null;null;no_matches_all_levels;relegated;SDO;1111;9999;;;;False
689;Bayamo;;null;0;null;null;no_matches_all_levels;relegated;SDO;1111;9999;;;;False
690;Guanabacoa;;null;0;null;null;no_matches_all_levels;relegated;SDO;1111;9999;;;;False
691;Holguin;;null;0;null;null;no_matches_all_levels;relegated;SDO;1111;9999;;;;False
692;Sancti Spiritus;;null;0;null;null;no_matches_all_levels;relegated;SDO;1111;9999;;;;False
693;San Juan de los Remedios;;null;0;null;null;no_matches_all_levels;relegated;SDO;1111;9999;;;;False
694;Santa Clara;;null;0;null;null;no_matches_all_levels;relegated;SDO;1111;9999;;;;False
695;Jaruco;;null;0;null;null;no_matches_all_levels;relegated;SDO;1111;9999;;;;False
696;Santa Maria del Rosario;;null;0;null;null;no_matches_all_levels;relegated;SDO;1111;9999;;;;False
697;Nueva Orleans;;null;0;null;null;no_matches_all_levels;relegated;SDO;1111;9999;;;;False
698;Mobila;;null;0;null;null;no_matches_all_levels;relegated;SDO;1111;9999;;;;False
699;Puerto de Plata;;null;0;null;null;no_matches_all_levels;relegated;SDO;1111;9999;;;;False
700;Montecristi;;null;0;null;null;no_matches_all_levels;relegated;SDO;1111;9999;;;;False
701;San Juan;;null;0;null;null;no_matches_all_levels;relegated;SDO;1111;9999;;;;False
702;Neiba;;null;0;null;null;no_matches_all_levels;relegated;SDO;1111;9999;;;;False
703;San Rafael de Rozas;;null;0;null;null;no_matches_all_levels;relegated;SDO;1111;9999;;;;False
704;Dajabon;;null;0;null;null;no_matches_all_levels;relegated;SDO;1111;9999;;;;False
705;Cotui;;null;0;null;null;no_matches_all_levels;relegated;SDO;1111;9999;;;;False
706;Banica;;null;0;null;null;no_matches_all_levels;relegated;SDO;1111;9999;;;;False
707;Azua;;null;0;null;null;no_matches_all_levels;relegated;SDO;1111;9999;;;;False
708;Santiago de los Caballeros;;null;0;null;null;no_matches_all_levels;relegated;SDO;1111;9999;;;;False
709;San Antonio de las Vegas;;null;0;null;null;no_matches_all_levels;relegated;SDO;1111;9999;;;;False
710;Hincha;;null;0;null;null;no_matches_all_levels;relegated;SDO;1111;9999;;;;False
711;Bani;;null;0;null;null;no_matches_all_levels;relegated;SDO;1111;9999;;;;False
712;Caracas;;null;0;null;null;no_matches_all_levels;relegated;VEN;1111;9999;;;;False
713;Coro;;null;0;null;null;no_matches_all_levels;relegated;VEN;1111;9999;;;;False
714;El Tocuyo;;null;0;null;null;no_matches_all_levels;relegated;VEN;1111;9999;;;;False
715;isla Trinidad;;null;0;null;null;no_matches_all_levels;relegated;VEN;1111;9999;;;;False
716;isla Trinidad;;null;0;null;null;no_matches_all_levels;relegated;VEN;1111;9999;;;;False
717;isla Trinidad;;null;0;null;null;no_matches_all_levels;relegated;VEN;1111;9999;;;;False
718;Cumana;;null;0;null;null;no_matches_all_levels;relegated;VEN;1111;9999;;;;False
719;Cumana;;null;0;null;null;no_matches_all_levels;relegated;VEN;1111;9999;;;;False
720;Cumana;;null;0;null;null;no_matches_all_levels;relegated;VEN;1111;9999;;;;False
721;isla Margarita;;null;0;null;null;no_matches_all_levels;relegated;VEN;1111;9999;;;;False
722;isla Margarita;;null;0;null;null;no_matches_all_levels;relegated;VEN;1111;9999;;;;False
723;isla Margarita;;null;0;null;null;no_matches_all_levels;relegated;VEN;1111;9999;;;;False
724;Maracaibo;;null;0;null;null;no_matches_all_levels;relegated;VEN;1111;9999;;;;False
725;Maracaibo;;null;0;null;null;no_matches_all_levels;relegated;VEN;1111;9999;;;;False
726;Maracaibo;;null;0;null;null;no_matches_all_levels;relegated;VEN;1111;9999;;;;False
727;Barinas;;null;0;null;null;no_matches_all_levels;relegated;VEN;1111;9999;;;;False
728;Barinas;;null;0;null;null;no_matches_all_levels;relegated;VEN;1111;9999;;;;False
729;Guayana;;null;0;null;null;no_matches_all_levels;relegated;VEN;1111;9999;;;;False
730;La Guaira;;null;0;null;null;no_matches_all_levels;relegated;VEN;1111;9999;;;;False
731;Merida;;null;0;null;null;no_matches_all_levels;relegated;VEN;1111;9999;;;;False
732;Merida;;null;0;null;null;no_matches_all_levels;relegated;VEN;1111;9999;;;;False
733;Araure;;null;0;null;null;no_matches_all_levels;relegated;VEN;1111;9999;;;;False
734;Barquisimeto;;null;0;null;null;no_matches_all_levels;relegated;VEN;1111;9999;;;;False
735;Carora;;null;0;null;null;no_matches_all_levels;relegated;VEN;1111;9999;;;;False
736;Guanare;;null;0;null;null;no_matches_all_levels;relegated;VEN;1111;9999;;;;False
737;San Carlos;;null;0;null;null;no_matches_all_levels;relegated;VEN;1111;9999;;;;False
738;San Felipe;;null;0;null;null;no_matches_all_levels;relegated;VEN;1111;9999;;;;False
739;Valencia;;null;0;null;null;no_matches_all_levels;relegated;VEN;1111;9999;;;;False
740;Maracay;;null;0;null;null;no_matches_all_levels;relegated;VEN;1111;9999;;;;False
741;Turmero;;null;0;null;null;no_matches_all_levels;relegated;VEN;1111;9999;;;;False
742;La Victoria;;null;0;null;null;no_matches_all_levels;relegated;VEN;1111;9999;;;;False
743;Puerto Cabello;;null;0;null;null;no_matches_all_levels;relegated;VEN;1111;9999;;;;False
744;Barcelona;;null;0;null;null;no_matches_all_levels;relegated;VEN;1111;9999;;;;False
745;San Cristobal;;null;0;null;null;no_matches_all_levels;relegated;VEN;1111;9999;;;;False
746;San Cristobal;;null;0;null;null;no_matches_all_levels;relegated;VEN;1111;9999;;;;False
747;La Grita;;null;0;null;null;no_matches_all_levels;relegated;VEN;1111;9999;;;;False
748;La Grita;;null;0;null;null;no_matches_all_levels;relegated;VEN;1111;9999;;;;False
749;Trujillo;;null;0;null;null;no_matches_all_levels;relegated;VEN;1111;9999;;;;False
750;Bailadores;;null;0;null;null;no_matches_all_levels;relegated;VEN;1111;9999;;;;False
751;San Antonio;;null;0;null;null;no_matches_all_levels;relegated;VEN;1111;9999;;;;False
752;Escuque;;null;0;null;null;no_matches_all_levels;relegated;VEN;1111;9999;;;;False
753;Santa Fe;;null;0;null;null;no_matches_all_levels;relegated;NGR;1111;9999;;;;False
754;Santa Fe;;null;0;null;null;no_matches_all_levels;relegated;NGR;1111;9999;;;;False
755;Panama;;null;0;null;null;no_matches_all_levels;relegated;NGR;1111;9999;;;;False
756;Antioquia;;null;0;null;null;no_matches_all_levels;relegated;NGR;1111;9999;;;;False
757;Cartagena;;null;0;null;null;no_matches_all_levels;relegated;NGR;1111;9999;;;;False
758;Portobelo;;null;0;null;null;no_matches_all_levels;relegated;NGR;1111;9999;;;;False
759;Quibdo;;null;0;null;null;no_matches_all_levels;relegated;NGR;1111;9999;;;;False
760;Santiago;;null;0;null;null;no_matches_all_levels;relegated;NGR;1111;9999;;;;False
761;Pore;;null;0;null;null;no_matches_all_levels;relegated;NGR;1111;9999;;;;False
762;Mariquita;;null;0;null;null;no_matches_all_levels;relegated;NGR;1111;9999;;;;False
763;Neiva;;null;0;null;null;no_matches_all_levels;relegated;NGR;1111;9999;;;;False
764;Neiva;;null;0;null;null;no_matches_all_levels;relegated;NGR;1111;9999;;;;False
765;Santa Marta;;null;0;null;null;no_matches_all_levels;relegated;NGR;1111;9999;;;;False
766;Riohacha;;null;0;null;null;no_matches_all_levels;relegated;NGR;1111;9999;;;;False
767;Veraguas;;null;0;null;null;no_matches_all_levels;relegated;NGR;1111;9999;;;;False
768;Tunja;;null;0;null;null;no_matches_all_levels;relegated;NGR;1111;9999;;;;False
769;Socorro;;null;0;null;null;no_matches_all_levels;relegated;NGR;1111;9999;;;;False
770;Pamplona;;null;0;null;null;no_matches_all_levels;relegated;NGR;1111;9999;;;;False
771;San Martín;;null;0;null;null;no_matches_all_levels;relegated;NGR;1111;9999;;;;False
772;Medellin;;null;0;null;null;no_matches_all_levels;relegated;NGR;1111;9999;;;;False
773;Remedios;;null;0;null;null;no_matches_all_levels;relegated;NGR;1111;9999;;;;False
774;Rionegro;;null;0;null;null;no_matches_all_levels;relegated;NGR;1111;9999;;;;False
775;Marinilla;;null;0;null;null;no_matches_all_levels;relegated;NGR;1111;9999;;;;False
776;Zaragoza;;null;0;null;null;no_matches_all_levels;relegated;NGR;1111;9999;;;;False
777;Mompox;;null;0;null;null;no_matches_all_levels;relegated;NGR;1111;9999;;;;False
778;Simiti;;null;0;null;null;no_matches_all_levels;relegated;NGR;1111;9999;;;;False
779;Chire;;null;0;null;null;no_matches_all_levels;relegated;NGR;1111;9999;;;;False
780;Honda;;null;0;null;null;no_matches_all_levels;relegated;NGR;1111;9999;;;;False
781;Ibague;;null;0;null;null;no_matches_all_levels;relegated;NGR;1111;9999;;;;False
782;La Plata;;null;0;null;null;no_matches_all_levels;relegated;NGR;1111;9999;;;;False
783;La Plata;;null;0;null;null;no_matches_all_levels;relegated;NGR;1111;9999;;;;False
784;Purificación;;null;0;null;null;no_matches_all_levels;relegated;NGR;1111;9999;;;;False
785;San Jose Cucuta;;null;0;null;null;no_matches_all_levels;relegated;NGR;1111;9999;;;;False
786;Giron;;null;0;null;null;no_matches_all_levels;relegated;NGR;1111;9999;;;;False
787;Salazar;;null;0;null;null;no_matches_all_levels;relegated;NGR;1111;9999;;;;False
788;Salazar;;null;0;null;null;no_matches_all_levels;relegated;NGR;1111;9999;;;;False
789;Nata;;null;0;null;null;no_matches_all_levels;relegated;NGR;1111;9999;;;;False
790;Ocaña;;null;0;null;null;no_matches_all_levels;relegated;NGR;1111;9999;;;;False
791;Valledupar;;null;0;null;null;no_matches_all_levels;relegated;NGR;1111;9999;;;;False
792;San Gil;;null;0;null;null;no_matches_all_levels;relegated;NGR;1111;9999;;;;False
793;Leyva;;null;0;null;null;no_matches_all_levels;relegated;NGR;1111;9999;;;;False
794;Barranquilla;;null;0;null;null;no_matches_all_levels;relegated;NGR;1111;9999;;;;False
795;Novita;;null;0;null;null;no_matches_all_levels;relegated;NGR;1111;9999;;;;False
796;Servita;;null;0;null;null;no_matches_all_levels;relegated;NGR;1111;9999;;;;False
797;Caqueza;;null;0;null;null;no_matches_all_levels;relegated;NGR;1111;9999;;;;False
798;Choconta;;null;0;null;null;no_matches_all_levels;relegated;NGR;1111;9999;;;;False
799;Guaduas;;null;0;null;null;no_matches_all_levels;relegated;NGR;1111;9999;;;;False
800;Ubate;;null;0;null;null;no_matches_all_levels;relegated;NGR;1111;9999;;;;False
801;Ubate;;null;0;null;null;no_matches_all_levels;relegated;NGR;1111;9999;;;;False
802;Zipaquira;;null;0;null;null;no_matches_all_levels;relegated;NGR;1111;9999;;;;False
803;Zipaquira;;null;0;null;null;no_matches_all_levels;relegated;NGR;1111;9999;;;;False
804;Tenerife;;null;0;null;null;no_matches_all_levels;relegated;NGR;1111;9999;;;;False
805;Velez;;null;0;null;null;no_matches_all_levels;relegated;NGR;1111;9999;;;;False
806;Sogamoso;;null;0;null;null;no_matches_all_levels;relegated;NGR;1111;9999;;;;False
807;Santa Rosa de los Osos;;null;0;null;null;no_matches_all_levels;relegated;NGR;1111;9999;;;;False
808;San Bartolome;;null;0;null;null;no_matches_all_levels;relegated;NGR;1111;9999;;;;False
809;Cancan;;null;0;null;null;no_matches_all_levels;relegated;NGR;1111;9999;;;;False
810;Yolombo;;null;0;null;null;no_matches_all_levels;relegated;NGR;1111;9999;;;;False
811;Barranca;;null;0;null;null;no_matches_all_levels;relegated;NGR;1111;9999;;;;False
812;Soledad;;null;0;null;null;no_matches_all_levels;relegated;NGR;1111;9999;;;;False
813;Sabanagrande;;null;0;null;null;no_matches_all_levels;relegated;NGR;1111;9999;;;;False
814;Sabanalarga;;null;0;null;null;no_matches_all_levels;relegated;NGR;1111;9999;;;;False
815;Morales;;null;0;null;null;no_matches_all_levels;relegated;NGR;1111;9999;;;;False
816;Tado;;null;0;null;null;no_matches_all_levels;relegated;NGR;1111;9999;;;;False
817;Las Juntas;;null;0;null;null;no_matches_all_levels;relegated;NGR;1111;9999;;;;False
818;Labranzagrande;;null;0;null;null;no_matches_all_levels;relegated;NGR;1111;9999;;;;False
819;Morcote;;null;0;null;null;no_matches_all_levels;relegated;NGR;1111;9999;;;;False
820;Morcote;;null;0;null;null;no_matches_all_levels;relegated;NGR;1111;9999;;;;False
821;San Jose de Nare;;null;0;null;null;no_matches_all_levels;relegated;NGR;1111;9999;;;;False
822;San Luis;;null;0;null;null;no_matches_all_levels;relegated;NGR;1111;9999;;;;False
823;Chaparral;;null;0;null;null;no_matches_all_levels;relegated;NGR;1111;9999;;;;False
824;Guamo;;null;0;null;null;no_matches_all_levels;relegated;NGR;1111;9999;;;;False
825;Tocayma;;null;0;null;null;no_matches_all_levels;relegated;NGR;1111;9999;;;;False
826;Ambalema;;null;0;null;null;no_matches_all_levels;relegated;NGR;1111;9999;;;;False
827;Anapoyma;;null;0;null;null;no_matches_all_levels;relegated;NGR;1111;9999;;;;False
828;Coello;;null;0;null;null;no_matches_all_levels;relegated;NGR;1111;9999;;;;False
829;Espinal;;null;0;null;null;no_matches_all_levels;relegated;NGR;1111;9999;;;;False
830;Guayabal;;null;0;null;null;no_matches_all_levels;relegated;NGR;1111;9999;;;;False
831;Mesa de Juan Diaz;;null;0;null;null;no_matches_all_levels;relegated;NGR;1111;9999;;;;False
832;Coyayma;;null;0;null;null;no_matches_all_levels;relegated;NGR;1111;9999;;;;False
833;Aype;;null;0;null;null;no_matches_all_levels;relegated;NGR;1111;9999;;;;False
834;Ataco;;null;0;null;null;no_matches_all_levels;relegated;NGR;1111;9999;;;;False
835;Prado;;null;0;null;null;no_matches_all_levels;relegated;NGR;1111;9999;;;;False
836;Gigante;;null;0;null;null;no_matches_all_levels;relegated;NGR;1111;9999;;;;False
837;Pital;;null;0;null;null;no_matches_all_levels;relegated;NGR;1111;9999;;;;False
838;Bochalema;;null;0;null;null;no_matches_all_levels;relegated;NGR;1111;9999;;;;False
839;San Faustino;;null;0;null;null;no_matches_all_levels;relegated;NGR;1111;9999;;;;False
840;Pie de la Cuesta;;null;0;null;null;no_matches_all_levels;relegated;NGR;1111;9999;;;;False
841;Bucaramanga;;null;0;null;null;no_matches_all_levels;relegated;NGR;1111;9999;;;;False
842;Cacota de Surata;;null;0;null;null;no_matches_all_levels;relegated;NGR;1111;9999;;;;False
843;San Cayetano;;null;0;null;null;no_matches_all_levels;relegated;NGR;1111;9999;;;;False
844;San Cayetano;;null;0;null;null;no_matches_all_levels;relegated;NGR;1111;9999;;;;False
845;Anton;;null;0;null;null;no_matches_all_levels;relegated;NGR;1111;9999;;;;False
846;Santa María;;null;0;null;null;no_matches_all_levels;relegated;NGR;1111;9999;;;;False
847;Penonome;;null;0;null;null;no_matches_all_levels;relegated;NGR;1111;9999;;;;False
848;La Chorrera;;null;0;null;null;no_matches_all_levels;relegated;NGR;1111;9999;;;;False
849;Arraijan;;null;0;null;null;no_matches_all_levels;relegated;NGR;1111;9999;;;;False
850;Capira;;null;0;null;null;no_matches_all_levels;relegated;NGR;1111;9999;;;;False
851;Chame;;null;0;null;null;no_matches_all_levels;relegated;NGR;1111;9999;;;;False
852;San Carlos;;null;0;null;null;no_matches_all_levels;relegated;NGR;1111;9999;;;;False
853;Los Santos;;null;0;null;null;no_matches_all_levels;relegated;NGR;1111;9999;;;;False
854;Parita;;null;0;null;null;no_matches_all_levels;relegated;NGR;1111;9999;;;;False
855;Las Tablas;;null;0;null;null;no_matches_all_levels;relegated;NGR;1111;9999;;;;False
856;Villeta;;null;0;null;null;no_matches_all_levels;relegated;NGR;1111;9999;;;;False
857;Facatativa;;null;0;null;null;no_matches_all_levels;relegated;NGR;1111;9999;;;;False
858;Puerto Real;;null;0;null;null;no_matches_all_levels;relegated;NGR;1111;9999;;;;False
859;Chiriguana;;null;0;null;null;no_matches_all_levels;relegated;NGR;1111;9999;;;;False
860;Barrancas;;null;0;null;null;no_matches_all_levels;relegated;NGR;1111;9999;;;;False
861;Fonseca;;null;0;null;null;no_matches_all_levels;relegated;NGR;1111;9999;;;;False
862;Barichara;;null;0;null;null;no_matches_all_levels;relegated;NGR;1111;9999;;;;False
863;Charala;;null;0;null;null;no_matches_all_levels;relegated;NGR;1111;9999;;;;False
864;Oyba;;null;0;null;null;no_matches_all_levels;relegated;NGR;1111;9999;;;;False
865;Paramo;;null;0;null;null;no_matches_all_levels;relegated;NGR;1111;9999;;;;False
866;Puente Real;;null;0;null;null;no_matches_all_levels;relegated;NGR;1111;9999;;;;False
867;Guadalupe;;null;0;null;null;no_matches_all_levels;relegated;NGR;1111;9999;;;;False
868;Cocuy;;null;0;null;null;no_matches_all_levels;relegated;NGR;1111;9999;;;;False
869;Chiquinquira;;null;0;null;null;no_matches_all_levels;relegated;NGR;1111;9999;;;;False
870;Santa Rosa;;null;0;null;null;no_matches_all_levels;relegated;NGR;1111;9999;;;;False
871;Serinza;;null;0;null;null;no_matches_all_levels;relegated;NGR;1111;9999;;;;False
872;Sativa;;null;0;null;null;no_matches_all_levels;relegated;NGR;1111;9999;;;;False
873;Suata;;null;0;null;null;no_matches_all_levels;relegated;NGR;1111;9999;;;;False
874;Tequia;;null;0;null;null;no_matches_all_levels;relegated;NGR;1111;9999;;;;False
875;Guateque;;null;0;null;null;no_matches_all_levels;relegated;NGR;1111;9999;;;;False
876;Villavieja;;null;0;null;null;no_matches_all_levels;relegated;NGR;1111;9999;;;;False
877;Rosario Cucuta;;null;0;null;null;no_matches_all_levels;relegated;NGR;1111;9999;;;;False
878;Quito;;null;0;null;null;no_matches_all_levels;relegated;QUI;1111;9999;;;;False
879;Quito;;null;0;null;null;no_matches_all_levels;relegated;QUI;1111;9999;;;;False
880;Cuenca;;null;0;null;null;no_matches_all_levels;relegated;QUI;1111;9999;;;;False
881;Guayaquil;;null;0;null;null;no_matches_all_levels;relegated;QUI;1111;9999;;;;False
882;Popayan;;null;0;null;null;no_matches_all_levels;relegated;QUI;1111;9999;;;;False
883;Popayan;;null;0;null;null;no_matches_all_levels;relegated;QUI;1111;9999;;;;False
884;Ibarra;;null;0;null;null;no_matches_all_levels;relegated;QUI;1111;9999;;;;False
885;Otavalo;;null;0;null;null;no_matches_all_levels;relegated;QUI;1111;9999;;;;False
886;Latacunga;;null;0;null;null;no_matches_all_levels;relegated;QUI;1111;9999;;;;False
887;Guaranda;;null;0;null;null;no_matches_all_levels;relegated;QUI;1111;9999;;;;False
888;Loja;;null;0;null;null;no_matches_all_levels;relegated;QUI;1111;9999;;;;False
889;Riobamba;;null;0;null;null;no_matches_all_levels;relegated;QUI;1111;9999;;;;False
890;Babahoyo;;null;0;null;null;no_matches_all_levels;relegated;QUI;1111;9999;;;;False
891;Naranjal;;null;0;null;null;no_matches_all_levels;relegated;QUI;1111;9999;;;;False
892;Portoviejo;;null;0;null;null;no_matches_all_levels;relegated;QUI;1111;9999;;;;False
893;Almaguer;;null;0;null;null;no_matches_all_levels;relegated;QUI;1111;9999;;;;False
894;Buga;;null;0;null;null;no_matches_all_levels;relegated;QUI;1111;9999;;;;False
895;Buga;;null;0;null;null;no_matches_all_levels;relegated;QUI;1111;9999;;;;False
896;Cali;;null;0;null;null;no_matches_all_levels;relegated;QUI;1111;9999;;;;False
897;Cali;;null;0;null;null;no_matches_all_levels;relegated;QUI;1111;9999;;;;False
898;Anserma;;null;0;null;null;no_matches_all_levels;relegated;NGR;1111;9999;;;;False
899;Cartago;;null;0;null;null;no_matches_all_levels;relegated;NGR;1111;9999;;;;False
900;Toro;;null;0;null;null;no_matches_all_levels;relegated;NGR;1111;9999;;;;False
901;Pasto;;null;0;null;null;no_matches_all_levels;relegated;QUI;1111;9999;;;;False
902;Alausi;;null;0;null;null;no_matches_all_levels;relegated;QUI;1111;9999;;;;False
903;Macas;;null;0;null;null;no_matches_all_levels;relegated;QUI;1111;9999;;;;False
904;Barbacoas;;null;0;null;null;no_matches_all_levels;relegated;QUI;1111;9999;;;;False
905;Caloto;;null;0;null;null;no_matches_all_levels;relegated;QUI;1111;9999;;;;False
906;Caloto;;null;0;null;null;no_matches_all_levels;relegated;QUI;1111;9999;;;;False
907;Cañar;;null;0;null;null;no_matches_all_levels;relegated;QUI;1111;9999;;;;False
908;Gualaseo;;null;0;null;null;no_matches_all_levels;relegated;QUI;1111;9999;;;;False
909;Mercaderes;;null;0;null;null;no_matches_all_levels;relegated;QUI;1111;9999;;;;False
910;Quilichao;;null;0;null;null;no_matches_all_levels;relegated;QUI;1111;9999;;;;False
911;Quilichao;;null;0;null;null;no_matches_all_levels;relegated;QUI;1111;9999;;;;False
912;Supia;;null;0;null;null;no_matches_all_levels;relegated;NGR;1111;9999;;;;False
913;Tuquerres;;null;0;null;null;no_matches_all_levels;relegated;QUI;1111;9999;;;;False
914;Ambato;;null;0;null;null;no_matches_all_levels;relegated;QUI;1111;9999;;;;False
915;Guano;;null;0;null;null;no_matches_all_levels;relegated;QUI;1111;9999;;;;False
916;Tulua;;null;0;null;null;no_matches_all_levels;relegated;QUI;1111;9999;;;;False
917;Tulua;;null;0;null;null;no_matches_all_levels;relegated;QUI;1111;9999;;;;False
918;Tulcan;;null;0;null;null;no_matches_all_levels;relegated;QUI;1111;9999;;;;False
919;Roldanillo;;null;0;null;null;no_matches_all_levels;relegated;QUI;1111;9999;;;;False
920;Roldanillo;;null;0;null;null;no_matches_all_levels;relegated;QUI;1111;9999;;;;False
921;Llano Grande;;null;0;null;null;no_matches_all_levels;relegated;QUI;1111;9999;;;;False
922;Llano Grande;;null;0;null;null;no_matches_all_levels;relegated;QUI;1111;9999;;;;False
923;San Pablo;;null;0;null;null;no_matches_all_levels;relegated;QUI;1111;9999;;;;False
924;Lima;;null;0;null;null;no_matches_all_levels;relegated;PER;1111;9999;;;;False
925;Cuzco;;null;0;null;null;no_matches_all_levels;relegated;PER;1111;9999;;;;False
926;Cuzco;;null;0;null;null;no_matches_all_levels;relegated;PER;1111;9999;;;;False
927;Trujillo;;null;0;null;null;no_matches_all_levels;relegated;PER;1111;9999;;;;False
928;Tarma;;null;0;null;null;no_matches_all_levels;relegated;PER;1111;9999;;;;False
929;Huancavelica;;null;0;null;null;no_matches_all_levels;relegated;PER;1111;9999;;;;False
930;Huamanga;;null;0;null;null;no_matches_all_levels;relegated;PER;1111;9999;;;;False
931;Arequipa;;null;0;null;null;no_matches_all_levels;relegated;PER;1111;9999;;;;False
932;Callao;;null;0;null;null;no_matches_all_levels;relegated;PER;1111;9999;;;;False
933;Arica;;null;0;null;null;no_matches_all_levels;relegated;PER;1111;9999;;;;False
934;Tacna;;null;0;null;null;no_matches_all_levels;relegated;PER;1111;9999;;;;False
935;Camana;;null;0;null;null;no_matches_all_levels;relegated;PER;1111;9999;;;;False
936;Acari;;null;0;null;null;no_matches_all_levels;relegated;PER;1111;9999;;;;False
937;Chala;;null;0;null;null;no_matches_all_levels;relegated;PER;1111;9999;;;;False
938;Ocoña;;null;0;null;null;no_matches_all_levels;relegated;PER;1111;9999;;;;False
939;Atico;;null;0;null;null;no_matches_all_levels;relegated;PER;1111;9999;;;;False
940;Caylloma;;null;0;null;null;no_matches_all_levels;relegated;PER;1111;9999;;;;False
941;Chuquibamba;;null;0;null;null;no_matches_all_levels;relegated;PER;1111;9999;;;;False
942;Moquegua;;null;0;null;null;no_matches_all_levels;relegated;PER;1111;9999;;;;False
943;Tarapaca;;null;0;null;null;no_matches_all_levels;relegated;PER;1111;9999;;;;False
944;Abancay;;null;0;null;null;no_matches_all_levels;relegated;PER;1111;9999;;;;False
945;Velille;;null;0;null;null;no_matches_all_levels;relegated;PER;1111;9999;;;;False
946;Paruro;;null;0;null;null;no_matches_all_levels;relegated;PER;1111;9999;;;;False
947;Sicuani;;null;0;null;null;no_matches_all_levels;relegated;PER;1111;9999;;;;False
948;Andahuaylas;;null;0;null;null;no_matches_all_levels;relegated;PER;1111;9999;;;;False
949;Huanta;;null;0;null;null;no_matches_all_levels;relegated;PER;1111;9999;;;;False
950;Cañete;;null;0;null;null;no_matches_all_levels;relegated;PER;1111;9999;;;;False
951;Chincha;;null;0;null;null;no_matches_all_levels;relegated;PER;1111;9999;;;;False
952;Chancay;;null;0;null;null;no_matches_all_levels;relegated;PER;1111;9999;;;;False
953;Barranca;;null;0;null;null;no_matches_all_levels;relegated;PER;1111;9999;;;;False
954;Huaura;;null;0;null;null;no_matches_all_levels;relegated;PER;1111;9999;;;;False
955;Yauli;;null;0;null;null;no_matches_all_levels;relegated;PER;1111;9999;;;;False
956;Ica;;null;0;null;null;no_matches_all_levels;relegated;PER;1111;9999;;;;False
957;Nazca;;null;0;null;null;no_matches_all_levels;relegated;PER;1111;9999;;;;False
958;Palpa;;null;0;null;null;no_matches_all_levels;relegated;PER;1111;9999;;;;False
959;Nepeña;;null;0;null;null;no_matches_all_levels;relegated;PER;1111;9999;;;;False
960;Pativilca;;null;0;null;null;no_matches_all_levels;relegated;PER;1111;9999;;;;False
961;Huaraz;;null;0;null;null;no_matches_all_levels;relegated;PER;1111;9999;;;;False
962;Jauja;;null;0;null;null;no_matches_all_levels;relegated;PER;1111;9999;;;;False
963;Huancayo;;null;0;null;null;no_matches_all_levels;relegated;PER;1111;9999;;;;False
964;Pasco;;null;0;null;null;no_matches_all_levels;relegated;PER;1111;9999;;;;False
965;Huariaca;;null;0;null;null;no_matches_all_levels;relegated;PER;1111;9999;;;;False
966;Cajamarca;;null;0;null;null;no_matches_all_levels;relegated;PER;1111;9999;;;;False
967;Chachapoyas;;null;0;null;null;no_matches_all_levels;relegated;PER;1111;9999;;;;False
968;Huamachuco;;null;0;null;null;no_matches_all_levels;relegated;PER;1111;9999;;;;False
969;Otusco;;null;0;null;null;no_matches_all_levels;relegated;PER;1111;9999;;;;False
970;Piura;;null;0;null;null;no_matches_all_levels;relegated;PER;1111;9999;;;;False
971;Saña;;null;0;null;null;no_matches_all_levels;relegated;PER;1111;9999;;;;False
972;Chiclayo;;null;0;null;null;no_matches_all_levels;relegated;PER;1111;9999;;;;False
973;Lambayeque;;null;0;null;null;no_matches_all_levels;relegated;PER;1111;9999;;;;False
974;San Pedro;;null;0;null;null;no_matches_all_levels;relegated;PER;1111;9999;;;;False
975;Valle de Mages;;null;0;null;null;no_matches_all_levels;relegated;PER;1111;9999;;;;False
976;Huallanca;;null;0;null;null;no_matches_all_levels;relegated;PER;1111;9999;;;;False
977;Santiago de Chile;;null;0;null;null;no_matches_all_levels;relegated;CHL;1111;9999;;;;False
978;Santiago de Chile;;null;0;null;null;no_matches_all_levels;relegated;CHL;1111;9999;;;;False
979;Santiago de Chile;;null;0;null;null;no_matches_all_levels;relegated;CHL;1111;9999;;;;False
980;Concepcion;;null;0;null;null;no_matches_all_levels;relegated;CHL;1111;9999;;;;False
981;Concepcion;;null;0;null;null;no_matches_all_levels;relegated;CHL;1111;9999;;;;False
982;Valparaiso;;null;0;null;null;no_matches_all_levels;relegated;CHL;1111;9999;;;;False
983;Valparaiso;;null;0;null;null;no_matches_all_levels;relegated;CHL;1111;9999;;;;False
984;Valdivia;;null;0;null;null;no_matches_all_levels;relegated;CHL;1111;9999;;;;False
985;Valdivia;;null;0;null;null;no_matches_all_levels;relegated;CHL;1111;9999;;;;False
986;Chiloe;;null;0;null;null;no_matches_all_levels;relegated;CHL;1111;9999;;;;False
987;Chiloe;;null;0;null;null;no_matches_all_levels;relegated;CHL;1111;9999;;;;False
988;Chiloe;;null;0;null;null;no_matches_all_levels;relegated;CHL;1111;9999;;;;False
989;Aconcagua;;null;0;null;null;no_matches_all_levels;relegated;CHL;1111;9999;;;;False
990;Aconcagua;;null;0;null;null;no_matches_all_levels;relegated;CHL;1111;9999;;;;False
991;San Fernando;;null;0;null;null;no_matches_all_levels;relegated;CHL;1111;9999;;;;False
992;San Fernando;;null;0;null;null;no_matches_all_levels;relegated;CHL;1111;9999;;;;False
993;Copiapo;;null;0;null;null;no_matches_all_levels;relegated;CHL;1111;9999;;;;False
994;Copiapo;;null;0;null;null;no_matches_all_levels;relegated;CHL;1111;9999;;;;False
995;La Serena;;null;0;null;null;no_matches_all_levels;relegated;CHL;1111;9999;;;;False
996;La Serena;;null;0;null;null;no_matches_all_levels;relegated;CHL;1111;9999;;;;False
997;Sotaqui;;null;0;null;null;no_matches_all_levels;relegated;CHL;1111;9999;;;;False
998;Barraza;;null;0;null;null;no_matches_all_levels;relegated;CHL;1111;9999;;;;False
999;Barraza;;null;0;null;null;no_matches_all_levels;relegated;CHL;1111;9999;;;;False
1000;San Rafael de Rozas;;null;0;null;null;no_matches_all_levels;relegated;CHL;1111;9999;;;;False
1001;San Rafael de Rozas;;null;0;null;null;no_matches_all_levels;relegated;CHL;1111;9999;;;;False
1002;Mincha;;null;0;null;null;no_matches_all_levels;relegated;CHL;1111;9999;;;;False
1003;Mincha;;null;0;null;null;no_matches_all_levels;relegated;CHL;1111;9999;;;;False
1004;Guasco;;null;0;null;null;no_matches_all_levels;relegated;CHL;1111;9999;;;;False
1005;Guasco;;null;0;null;null;no_matches_all_levels;relegated;CHL;1111;9999;;;;False
1006;Talca;;null;0;null;null;no_matches_all_levels;relegated;CHL;1111;9999;;;;False
1007;Talca;;null;0;null;null;no_matches_all_levels;relegated;CHL;1111;9999;;;;False
1008;Petorca;;null;0;null;null;no_matches_all_levels;relegated;CHL;1111;9999;;;;False
1009;Petorca;;null;0;null;null;no_matches_all_levels;relegated;CHL;1111;9999;;;;False
1010;Quillota;;null;0;null;null;no_matches_all_levels;relegated;CHL;1111;9999;;;;False
1011;Quillota;;null;0;null;null;no_matches_all_levels;relegated;CHL;1111;9999;;;;False
1012;Rancagua;;null;0;null;null;no_matches_all_levels;relegated;CHL;1111;9999;;;;False
1013;Rancagua;;null;0;null;null;no_matches_all_levels;relegated;CHL;1111;9999;;;;False
1014;Cauquenes;;null;0;null;null;no_matches_all_levels;relegated;CHL;1111;9999;;;;False
1015;Cauquenes;;null;0;null;null;no_matches_all_levels;relegated;CHL;1111;9999;;;;False
1016;Linares;;null;0;null;null;no_matches_all_levels;relegated;CHL;1111;9999;;;;False
1017;Chillán;;null;0;null;null;no_matches_all_levels;relegated;CHL;1111;9999;;;;False
1018;Chillán;;null;0;null;null;no_matches_all_levels;relegated;CHL;1111;9999;;;;False
1019;Quirihue;;null;0;null;null;no_matches_all_levels;relegated;CHL;1111;9999;;;;False
1020;Combarbala;;null;0;null;null;no_matches_all_levels;relegated;CHL;1111;9999;;;;False
1021;Pupio;;null;0;null;null;no_matches_all_levels;relegated;CHL;1111;9999;;;;False
1022;Pupio;;null;0;null;null;no_matches_all_levels;relegated;CHL;1111;9999;;;;False
1023;Vallenar;;null;0;null;null;no_matches_all_levels;relegated;CHL;1111;9999;;;;False
1024;Curico;;null;0;null;null;no_matches_all_levels;relegated;CHL;1111;9999;;;;False
1025;Curico;;null;0;null;null;no_matches_all_levels;relegated;CHL;1111;9999;;;;False
1026;Chuquisaca;;null;0;null;null;no_matches_all_levels;relegated;CHA;1111;9999;;;;False
1027;Chuquisaca;;null;0;null;null;no_matches_all_levels;relegated;CHA;1111;9999;;;;False
1028;Chuquisaca;;null;0;null;null;no_matches_all_levels;relegated;CHA;1111;9999;;;;False
1029;Potosi;;null;0;null;null;no_matches_all_levels;relegated;PER;1111;9999;;;;False
1030;Puno;;null;0;null;null;no_matches_all_levels;relegated;PER;1111;9999;;;;False
1031;Puno;;null;0;null;null;no_matches_all_levels;relegated;PER;1111;9999;;;;False
1032;Puno;;null;0;null;null;no_matches_all_levels;relegated;PER;1111;9999;;;;False
1033;Cochabamba;;null;0;null;null;no_matches_all_levels;relegated;CHA;1111;9999;;;;False
1034;Cochabamba;;null;0;null;null;no_matches_all_levels;relegated;CHA;1111;9999;;;;False
1035;La Paz;;null;0;null;null;no_matches_all_levels;relegated;CHA;1111;9999;;;;False
1036;La Paz;;null;0;null;null;no_matches_all_levels;relegated;CHA;1111;9999;;;;False
1037;La Paz;;null;0;null;null;no_matches_all_levels;relegated;CHA;1111;9999;;;;False
1038;Potosi;;null;0;null;null;no_matches_all_levels;relegated;CHA;1111;9999;;;;False
1039;Potosi;;null;0;null;null;no_matches_all_levels;relegated;CHA;1111;9999;;;;False
1040;Santa Cruz;;null;0;null;null;no_matches_all_levels;relegated;CHA;1111;9999;;;;False
1041;Santa Cruz;;null;0;null;null;no_matches_all_levels;relegated;CHA;1111;9999;;;;False
1042;Oruro;;null;0;null;null;no_matches_all_levels;relegated;CHA;1111;9999;;;;False
1043;Oruro;;null;0;null;null;no_matches_all_levels;relegated;CHA;1111;9999;;;;False
1044;Oruro;;null;0;null;null;no_matches_all_levels;relegated;CHA;1111;9999;;;;False
1045;Tarija;;null;0;null;null;no_matches_all_levels;relegated;CHA;1111;9999;;;;False
1046;Tarija;;null;0;null;null;no_matches_all_levels;relegated;CHA;1111;9999;;;;False
1047;Chucuito;;null;0;null;null;no_matches_all_levels;relegated;PER;1111;9999;;;;False
1048;Chucuito;;null;0;null;null;no_matches_all_levels;relegated;PER;1111;9999;;;;False
1049;Chucuito;;null;0;null;null;no_matches_all_levels;relegated;PER;1111;9999;;;;False
1050;Cinti;;null;0;null;null;no_matches_all_levels;relegated;CHA;1111;9999;;;;False
1051;Cinti;;null;0;null;null;no_matches_all_levels;relegated;CHA;1111;9999;;;;False
1052;Sicasica;;null;0;null;null;no_matches_all_levels;relegated;CHA;1111;9999;;;;False
1053;Sicasica;;null;0;null;null;no_matches_all_levels;relegated;CHA;1111;9999;;;;False
1054;Tupiza;;null;0;null;null;no_matches_all_levels;relegated;CHA;1111;9999;;;;False
1055;Tupiza;;null;0;null;null;no_matches_all_levels;relegated;CHA;1111;9999;;;;False
1056;Chilón;;null;0;null;null;no_matches_all_levels;relegated;CHA;1111;9999;;;;False
1057;Chilón;;null;0;null;null;no_matches_all_levels;relegated;CHA;1111;9999;;;;False
1058;Cotagaita;;null;0;null;null;no_matches_all_levels;relegated;CHA;1111;9999;;;;False
1059;Cotagaita;;null;0;null;null;no_matches_all_levels;relegated;CHA;1111;9999;;;;False
1060;Ilave;;null;0;null;null;no_matches_all_levels;relegated;PER;1111;9999;;;;False
1061;Ilave;;null;0;null;null;no_matches_all_levels;relegated;PER;1111;9999;;;;False
1062;Ilave;;null;0;null;null;no_matches_all_levels;relegated;PER;1111;9999;;;;False
1063;Pucara;;null;0;null;null;no_matches_all_levels;relegated;PER;1111;9999;;;;False
1064;Pucara;;null;0;null;null;no_matches_all_levels;relegated;PER;1111;9999;;;;False
1065;Ayaviri;;null;0;null;null;no_matches_all_levels;relegated;PER;1111;9999;;;;False
1066;Ayaviri;;null;0;null;null;no_matches_all_levels;relegated;PER;1111;9999;;;;False
1067;Ayaviri;;null;0;null;null;no_matches_all_levels;relegated;PER;1111;9999;;;;False
1068;Carangas;;null;0;null;null;no_matches_all_levels;relegated;CHA;1111;9999;;;;False
1069;Carangas;;null;0;null;null;no_matches_all_levels;relegated;CHA;1111;9999;;;;False
1070;Buenos Aires;;null;0;null;null;no_matches_all_levels;relegated;RPL;1111;9999;;;;False
1071;Cordoba;;null;0;null;null;no_matches_all_levels;relegated;RPL;1111;9999;;;;False
1072;Salta;;null;0;null;null;no_matches_all_levels;relegated;RPL;1111;9999;;;;False
1073;Tucuman;;null;0;null;null;no_matches_all_levels;relegated;RPL;1111;9999;;;;False
1074;Candelaria;;null;0;null;null;no_matches_all_levels;relegated;RPL;1111;9999;;;;False
1075;Asunción;;null;0;null;null;no_matches_all_levels;relegated;RPL;1111;9999;;;;False
1076;Concepcion Uruguay;;null;0;null;null;no_matches_all_levels;relegated;RPL;1111;9999;;;;False
1077;Mendoza;;null;0;null;null;no_matches_all_levels;relegated;RPL;1111;9999;;;;False
1078;La Rioja;;null;0;null;null;no_matches_all_levels;relegated;RPL;1111;9999;;;;False
1079;San Juan;;null;0;null;null;no_matches_all_levels;relegated;RPL;1111;9999;;;;False
1080;San Luis;;null;0;null;null;no_matches_all_levels;relegated;RPL;1111;9999;;;;False
1081;Santiago Estero;;null;0;null;null;no_matches_all_levels;relegated;RPL;1111;9999;;;;False
1082;Catamarca;;null;0;null;null;no_matches_all_levels;relegated;RPL;1111;9999;;;;False
1083;Jujuy;;null;0;null;null;no_matches_all_levels;relegated;RPL;1111;9999;;;;False
1084;Corrientes;;null;0;null;null;no_matches_all_levels;relegated;RPL;1111;9999;;;;False
1085;Santa Fe;;null;0;null;null;no_matches_all_levels;relegated;RPL;1111;9999;;;;False
1086;Montevideo;;null;0;null;null;no_matches_all_levels;relegated;RPL;1111;9999;;;;False
1087;Montevideo;;null;0;null;null;no_matches_all_levels;relegated;RPL;1111;9999;;;;False
1088;Soriano;;null;0;null;null;no_matches_all_levels;relegated;RPL;1111;9999;;;;False
1089;Lujan;;null;0;null;null;no_matches_all_levels;relegated;RPL;1111;9999;;;;False
1090;Gualeguaychu;;null;0;null;null;no_matches_all_levels;relegated;RPL;1111;9999;;;;False
1091;Yerua;;null;0;null;null;no_matches_all_levels;relegated;RPL;1111;9999;;;;False
1092;Colonia;;null;0;null;null;no_matches_all_levels;relegated;RPL;1111;9999;;;;False
1093;Colonia;;null;0;null;null;no_matches_all_levels;relegated;RPL;1111;9999;;;;False
1094;Canelones;;null;0;null;null;no_matches_all_levels;relegated;RPL;1111;9999;;;;False
1095;Canelones;;null;0;null;null;no_matches_all_levels;relegated;RPL;1111;9999;;;;False
1096;Maldonado;;null;0;null;null;no_matches_all_levels;relegated;RPL;1111;9999;;;;False
1097;Maldonado;;null;0;null;null;no_matches_all_levels;relegated;RPL;1111;9999;;;;False
1098;San José;;null;0;null;null;no_matches_all_levels;relegated;RPL;1111;9999;;;;False
1099;San José;;null;0;null;null;no_matches_all_levels;relegated;RPL;1111;9999;;;;False
1100;San Juan Bautista;;null;0;null;null;no_matches_all_levels;relegated;RPL;1111;9999;;;;False
1101;San Juan Bautista;;null;0;null;null;no_matches_all_levels;relegated;RPL;1111;9999;;;;False
1102;Melo;;null;0;null;null;no_matches_all_levels;relegated;RPL;1111;9999;;;;False
1103;El Colla;;null;0;null;null;no_matches_all_levels;relegated;RPL;1111;9999;;;;False
1104;Rocha;;null;0;null;null;no_matches_all_levels;relegated;RPL;1111;9999;;;;False
1105;Yapeyú;;null;0;null;null;no_matches_all_levels;relegated;RPL;1111;9999;;;;False
1106;Espinillo;;null;0;null;null;no_matches_all_levels;relegated;RPL;1111;9999;;;;False
1107;La Bajada;;null;0;null;null;no_matches_all_levels;relegated;RPL;1111;9999;;;;False
1108;Rosario;;null;0;null;null;no_matches_all_levels;relegated;RPL;1111;9999;;;;False
1109;Belen;;null;0;null;null;no_matches_all_levels;relegated;RPL;1111;9999;;;;False
1110;San Nicolás;;null;0;null;null;no_matches_all_levels;relegated;RPL;1111;9999;;;;False
1111;San Pedro;;null;0;null;null;no_matches_all_levels;relegated;RPL;1111;9999;;;;False
1112;Gualeguay;;null;0;null;null;no_matches_all_levels;relegated;RPL;1111;9999;;;;False
1113;Paysandu;;null;0;null;null;no_matches_all_levels;relegated;RPL;1111;9999;;;;False
1114;Viboras;;null;0;null;null;no_matches_all_levels;relegated;RPL;1111;9999;;;;False
1115;Minas;;null;0;null;null;no_matches_all_levels;relegated;RPL;1111;9999;;;;False
1116;Minas;;null;0;null;null;no_matches_all_levels;relegated;RPL;1111;9999;;;;False
1117;Mercedes;;null;0;null;null;no_matches_all_levels;relegated;RPL;1111;9999;;;;False
1118;Mandisovi;;null;0;null;null;no_matches_all_levels;relegated;RPL;1111;9999;;;;False
1119;San Carlos;;null;0;null;null;no_matches_all_levels;relegated;RPL;1111;9999;;;;False
1120;Itapua;;null;0;null;null;no_matches_all_levels;relegated;RPL;1111;9999;;;;False
1121;La Carolina;;null;0;null;null;no_matches_all_levels;relegated;RPL;1111;9999;;;;False
1122;Vacas;;null;0;null;null;no_matches_all_levels;relegated;RPL;1111;9999;;;;False
1123;Villarrica;;null;0;null;null;no_matches_all_levels;relegated;RPL;1111;9999;;;;False
1124;Santa Teresa;;null;0;null;null;no_matches_all_levels;relegated;RPL;1111;9999;;;;False
1125;Santa Teresa;;null;0;null;null;no_matches_all_levels;relegated;RPL;1111;9999;;;;False
1126;Santa Lucía;;null;0;null;null;no_matches_all_levels;relegated;RPL;1111;9999;;;;False
1127;Santa Catalina;;null;0;null;null;no_matches_all_levels;relegated;PER;1111;9999;;;;False
1128;Jonacatepec;;null;0;null;null;no_matches_all_levels;relegated;NES;1111;9999;;;;False
1129;Sauceda;;null;0;null;null;no_matches_all_levels;relegated;NES;1111;9999;;;;False
1130;Llerena;;null;0;null;null;no_matches_all_levels;relegated;NES;1111;9999;;;;False
1131;Tepecuacilco;;null;0;null;null;no_matches_all_levels;relegated;NES;1111;9999;;;;False
1132;Los Santos Reyes;;null;0;null;null;no_matches_all_levels;relegated;NES;1111;9999;;;;False
1133;Cogoti;;null;0;null;null;no_matches_all_levels;relegated;CHL;1111;9999;;;;False
1134;Real de la Santísima Trinidad;;null;0;null;null;no_matches_all_levels;relegated;GDJ;1111;9999;;;;False
1135;Hacienda Carmen;;null;0;null;null;no_matches_all_levels;relegated;GDJ;1111;9999;;;;False
1136;Coahuila;;null;0;null;null;no_matches_all_levels;relegated;GDJ;1111;9999;;;;False
1137;Real de San Carlos;;null;0;null;null;no_matches_all_levels;relegated;RPL;1111;9999;;;;False
1138;La Paz del Rio;;null;0;null;null;no_matches_all_levels;relegated;NGR;1111;9999;;;;False
1139;Carondelet;;null;0;null;null;no_matches_all_levels;relegated;QUI;1111;9999;;;;False
1140;Zinaparo;;null;0;null;null;no_matches_all_levels;relegated;NES;1111;9999;;;;False
1141;San Ignacio de Tubac;;null;0;null;null;no_matches_all_levels;relegated;GDJ;1111;9999;;;;False
1142;San José de Aranjuez;;null;0;null;null;no_matches_all_levels;relegated;GDJ;1111;9999;;;;False
1143;Zanjon;;null;0;null;null;no_matches_all_levels;relegated;NES;1111;9999;;;;False
1144;Minas de Huautla;;null;0;null;null;no_matches_all_levels;relegated;NES;1111;9999;;;;False
1145;Chirangangueo;;null;0;null;null;no_matches_all_levels;relegated;NES;1111;9999;;;;False
1146;Manila;;null;0;null;null;no_matches_all_levels;relegated;FIL;1111;9999;;;;False
1147;Rancho de Oro;;null;0;null;null;no_matches_all_levels;relegated;NES;1111;9999;;;;False
1148;Zempoala;;null;0;null;null;no_matches_all_levels;relegated;NES;1111;9999;;;;False
1149;Ozumba;;null;0;null;null;no_matches_all_levels;relegated;NES;1111;9999;;;;False
1150;Tlapa;;null;0;null;null;no_matches_all_levels;relegated;NES;1111;9999;;;;False
1151;Tlaxiaco;;null;0;null;null;no_matches_all_levels;relegated;NES;1111;9999;;;;False
1152;Teutila;;null;0;null;null;no_matches_all_levels;relegated;NES;1111;9999;;;;False
1153;Miahuatlán;;null;0;null;null;no_matches_all_levels;relegated;NES;1111;9999;;;;False
1154;Juquila;;null;0;null;null;no_matches_all_levels;relegated;NES;1111;9999;;;;False
1155;Jilotepec;;null;0;null;null;no_matches_all_levels;relegated;NES;1111;9999;;;;False
1156;Pénjamo;;null;0;null;null;no_matches_all_levels;relegated;NES;1111;9999;;;;False
1157;Armadillo;;null;0;null;null;no_matches_all_levels;relegated;NES;1111;9999;;;;False
1158;Álamo de Parras;;null;0;null;null;no_matches_all_levels;relegated;GDJ;1111;9999;;;;False
1159;Nochistlán;;null;0;null;null;no_matches_all_levels;relegated;GDJ;1111;9999;;;;False
1160;Jolapa;;null;0;null;null;no_matches_all_levels;relegated;GDJ;1111;9999;;;;False
1161;San Juan de Lagos;;null;0;null;null;no_matches_all_levels;relegated;GDJ;1111;9999;;;;False
1162;Concepción;;null;0;null;null;no_matches_all_levels;relegated;CHL;1111;9999;;;;False
1163;Guayaquil;;null;0;null;null;no_matches_all_levels;relegated;QUI;1111;9999;;;;False
1164;La Guaira;;null;0;null;null;no_matches_all_levels;relegated;VEN;1111;9999;;;;False
1165;La Habana;;null;0;null;null;no_matches_all_levels;relegated;SDO;1111;9999;;;;False
1166;Montevideo;;null;0;null;null;no_matches_all_levels;relegated;RPL;1111;9999;;;;False
1167;Valparaíso;;null;0;null;null;no_matches_all_levels;relegated;CHL;1111;9999;;;;False
1168;Veracruz;;null;0;null;null;no_matches_all_levels;relegated;NES;1111;9999;;;;False
1169;Batabano;;null;0;null;null;no_matches_all_levels;relegated;SDO;1111;9999;;;;False
1170;isla de Trinidad;;null;0;null;null;no_matches_all_levels;relegated;VEN;1111;9999;;;;False
1171;isla Margarita;;null;0;null;null;no_matches_all_levels;relegated;VEN;1111;9999;;;;False
1172;Monte-Christi;;null;0;null;null;no_matches_all_levels;relegated;SDO;1111;9999;;;;False
1173;San Juan de Puerto Rico;;null;0;null;null;no_matches_all_levels;relegated;SDO;1111;9999;;;;False
1174;Santiago de Cuba;;null;0;null;null;no_matches_all_levels;relegated;SDO;1111;9999;;;;False
1175;Santo Domingo;;null;0;null;null;no_matches_all_levels;relegated;SDO;1111;9999;;;;False
1176;Trinidad;;null;0;null;null;no_matches_all_levels;relegated;SDO;1111;9999;;;;False
1177;Nueva Orleans;;null;0;null;null;no_matches_all_levels;relegated;SDO;1111;9999;;;;False
1178;Campeche;;null;0;null;null;no_matches_all_levels;relegated;NES;1111;9999;;;;False
1179;Riohacha;;null;0;null;null;no_matches_all_levels;relegated;NGR;1111;9999;;;;False
1180;Santa Marta;;null;0;null;null;no_matches_all_levels;relegated;NGR;1111;9999;;;;False
1181;Batabano;;null;0;null;null;no_matches_all_levels;relegated;SDO;1111;9999;;;;False
1182;Campeche;;null;0;null;null;no_matches_all_levels;relegated;NES;1111;9999;;;;False
1183;Chagres;;null;0;null;null;no_matches_all_levels;relegated;NGR;1111;9999;;;;False
1184;Santo Tomás de Castilla;;null;0;null;null;no_matches_all_levels;relegated;GUA;1111;9999;;;;False
1185;isla Margarita;;null;0;null;null;no_matches_all_levels;relegated;VEN;1111;9999;;;;False
1186;isla de Trinidad;;null;0;null;null;no_matches_all_levels;relegated;VEN;1111;9999;;;;False
1187;Monte-Christi;;null;0;null;null;no_matches_all_levels;relegated;SDO;1111;9999;;;;False
1188;Omoa;;null;0;null;null;no_matches_all_levels;relegated;GUA;1111;9999;;;;False
1189;Panamá;;null;0;null;null;no_matches_all_levels;relegated;NGR;1111;9999;;;;False
1190;Portobelo;;null;0;null;null;no_matches_all_levels;relegated;NGR;1111;9999;;;;False
1191;San Juan de Puerto Rico;;null;0;null;null;no_matches_all_levels;relegated;SDO;1111;9999;;;;False
1192;Santiago de Cuba;;null;0;null;null;no_matches_all_levels;relegated;SDO;1111;9999;;;;False
1193;Santo Domingo;;null;0;null;null;no_matches_all_levels;relegated;SDO;1111;9999;;;;False
1194;Trinidad;;null;0;null;null;no_matches_all_levels;relegated;SDO;1111;9999;;;;False
1195;Nuevitas;;null;0;null;null;no_matches_all_levels;relegated;SDO;1111;9999;;;;False
1196;Cumaná;;null;0;null;null;no_matches_all_levels;relegated;VEN;1111;9999;;;;False
1197;Guayana;;null;0;null;null;no_matches_all_levels;relegated;VEN;1111;9999;;;;False
1198;La Cruz;;null;0;null;null;no_matches_all_levels;relegated;VEN;1111;9999;;;;False
1199;Acapulco;;null;0;null;null;no_matches_all_levels;relegated;NES;1111;9999;;;;False
1200;San Blas;;null;0;null;null;no_matches_all_levels;relegated;GDJ;1111;9999;;;;False
1201;Villahermosa;;null;0;null;null;no_matches_all_levels;relegated;NES;1111;9999;;;;False
1202;Maracaibo;;null;0;null;null;no_matches_all_levels;relegated;VEN;1111;9999;;;;False
1203;Matanzas;;null;0;null;null;no_matches_all_levels;relegated;SDO;1111;9999;;;;False
1204;Caibarien (Remedios);;null;0;null;null;missing_spatial_fields;relegated;;1111;9999;;;;False
1205;isla de Carmen;;null;0;null;null;no_matches_all_levels;relegated;NES;1111;9999;;;;False
1206;Acajutla;;null;0;null;null;no_matches_all_levels;relegated;GUA;1111;9999;;;;False
1207;Realejo;;null;0;null;null;no_matches_all_levels;relegated;GUA;1111;9999;;;;False
1208;Acapulco;;null;0;null;null;no_matches_all_levels;relegated;NES;1111;9999;;;;False
1209;Batabano;;null;0;null;null;no_matches_all_levels;relegated;SDO;1111;9999;;;;False
1210;Campeche;;null;0;null;null;no_matches_all_levels;relegated;NES;1111;9999;;;;False
1211;Chagres;;null;0;null;null;no_matches_all_levels;relegated;NGR;1111;9999;;;;False
1212;Cumaná;;null;0;null;null;no_matches_all_levels;relegated;VEN;1111;9999;;;;False
1213;Santo Tomás de Castilla;;null;0;null;null;no_matches_all_levels;relegated;GUA;1111;9999;;;;False
1214;Guayana;;null;0;null;null;no_matches_all_levels;relegated;VEN;1111;9999;;;;False
1215;isla de Margarita;;null;0;null;null;no_matches_all_levels;relegated;VEN;1111;9999;;;;False
1216;isla de Trinidad;;null;0;null;null;no_matches_all_levels;relegated;VEN;1111;9999;;;;False
1217;La Cruz;;null;0;null;null;no_matches_all_levels;relegated;VEN;1111;9999;;;;False
1218;Maracaibo;;null;0;null;null;no_matches_all_levels;relegated;VEN;1111;9999;;;;False
1219;Monte-Christi;;null;0;null;null;no_matches_all_levels;relegated;SDO;1111;9999;;;;False
1220;Omoa;;null;0;null;null;no_matches_all_levels;relegated;GUA;1111;9999;;;;False
1221;Panamá;;null;0;null;null;no_matches_all_levels;relegated;NGR;1111;9999;;;;False
1222;Portobelo;;null;0;null;null;no_matches_all_levels;relegated;NGR;1111;9999;;;;False
1223;Puerto Cabello;;null;0;null;null;no_matches_all_levels;relegated;VEN;1111;9999;;;;False
1224;San Blas;;null;0;null;null;no_matches_all_levels;relegated;GDJ;1111;9999;;;;False
1225;San Juan de Puerto Rico;;null;0;null;null;no_matches_all_levels;relegated;SDO;1111;9999;;;;False
1226;Santiago de Cuba;;null;0;null;null;no_matches_all_levels;relegated;SDO;1111;9999;;;;False
1227;Santo Domingo;;null;0;null;null;no_matches_all_levels;relegated;SDO;1111;9999;;;;False
1228;Caibarien (Remedios);;null;0;null;null;missing_spatial_fields;relegated;;1111;9999;;;;False
1229;Villahermosa;;null;0;null;null;no_matches_all_levels;relegated;NES;1111;9999;;;;False
1230;isla de Carmen;;null;0;null;null;no_matches_all_levels;relegated;NES;1111;9999;;;;False
1231;San Andrés;;null;0;null;null;no_matches_all_levels;relegated;GUA;1111;9999;;;;False
1232;Rio San Juan;;null;0;null;null;no_matches_all_levels;relegated;GUA;1111;9999;;;;False
1233;Matanzas;;null;0;null;null;no_matches_all_levels;relegated;SDO;1111;9999;;;;False
1234;Acajutla;;null;0;null;null;no_matches_all_levels;relegated;GUA;1111;9999;;;;False
1235;Realejo;;null;0;null;null;no_matches_all_levels;relegated;GUA;1111;9999;;;;False
1236;Trinidad;;null;0;null;null;no_matches_all_levels;relegated;SDO;1111;9999;;;;False
1237;Nuevitas;;null;0;null;null;no_matches_all_levels;relegated;SDO;1111;9999;;;;False
1238;Sisal;;null;0;null;null;no_matches_all_levels;relegated;NES;1111;9999;;;;False
1239;isla Margarita;;null;0;null;null;no_matches_all_levels;relegated;VEN;1111;9999;;;;False
1240;San Juan de Puerto Rico;;null;0;null;null;no_matches_all_levels;relegated;SDO;1111;9999;;;;False
1241;Santo Domingo;;null;0;null;null;no_matches_all_levels;relegated;SDO;1111;9999;;;;False
1242;Manila;;null;0;null;null;no_matches_all_levels;relegated;FIL;1111;9999;;;;False
1243;La Guaira;;null;0;null;null;no_matches_all_levels;relegated;VEN;1111;9999;;;;False
1244;Puerto Cabello;;null;0;null;null;no_matches_all_levels;relegated;VEN;1111;9999;;;;False
1245;Cumaná;;null;0;null;null;no_matches_all_levels;relegated;VEN;1111;9999;;;;False
1246;Guayana;;null;0;null;null;no_matches_all_levels;relegated;VEN;1111;9999;;;;False
1247;La Cruz;;null;0;null;null;no_matches_all_levels;relegated;VEN;1111;9999;;;;False
1248;Maracaibo;;null;0;null;null;no_matches_all_levels;relegated;VEN;1111;9999;;;;False
1249;Maldonado;;null;0;null;null;no_matches_all_levels;relegated;RPL;1111;9999;;;;False
1250;Santo Tomás de Castilla;;null;0;null;null;no_matches_all_levels;relegated;GUA;1111;9999;;;;False
1251;Trujillo;;null;0;null;null;no_matches_all_levels;relegated;GUA;1111;9999;;;;False
1252;Cumaná;;null;0;null;null;no_matches_all_levels;relegated;VEN;1111;9999;;;;False
1253;Arica;;null;0;null;null;no_matches_all_levels;relegated;PER;1111;9999;;;;False
1254;El Callao;;null;0;null;null;no_matches_all_levels;relegated;PER;1111;9999;;;;False
1255;Guayaquil;;null;0;null;null;no_matches_all_levels;relegated;QUI;1111;9999;;;;False
1256;Paita;;null;0;null;null;no_matches_all_levels;relegated;PER;1111;9999;;;;False
1257;Panamá;;null;0;null;null;no_matches_all_levels;relegated;NGR;1111;9999;;;;False
1258;Valparaíso;;null;0;null;null;no_matches_all_levels;relegated;CHL;1111;9999;;;;False
1259;Arica;;null;0;null;null;no_matches_all_levels;relegated;PER;1111;9999;;;;False
1260;El Callao;;null;0;null;null;no_matches_all_levels;relegated;PER;1111;9999;;;;False
1261;Guayaquil;;null;0;null;null;no_matches_all_levels;relegated;QUI;1111;9999;;;;False
1262;Paita;;null;0;null;null;no_matches_all_levels;relegated;PER;1111;9999;;;;False
1263;Panamá;;null;0;null;null;no_matches_all_levels;relegated;NGR;1111;9999;;;;False
1264;Trujillo;;null;0;null;null;no_matches_all_levels;relegated;PER;1111;9999;;;;False
1265;Valparaíso;;null;0;null;null;no_matches_all_levels;relegated;CHL;1111;9999;;;;False
1266;Santo Domingo;;null;0;null;null;no_matches_all_levels;relegated;SDO;1111;9999;;;;False
1267;Campeche;;null;0;null;null;no_matches_all_levels;relegated;NES;1111;9999;;;;False
1268;La Habana;;null;0;null;null;no_matches_all_levels;relegated;SDO;1111;9999;;;;False
1269;San Juan de Puerto Rico;;null;0;null;null;no_matches_all_levels;relegated;SDO;1111;9999;;;;False
1270;Santiago de Cuba;;null;0;null;null;no_matches_all_levels;relegated;SDO;1111;9999;;;;False
1271;Santo Tomás de Castilla;;null;0;null;null;no_matches_all_levels;relegated;GUA;1111;9999;;;;False
1272;Trujillo;;null;0;null;null;no_matches_all_levels;relegated;GUA;1111;9999;;;;False
1273;Veracruz;;null;0;null;null;no_matches_all_levels;relegated;NES;1111;9999;;;;False
1274;Campeche;;null;0;null;null;no_matches_all_levels;relegated;NES;1111;9999;;;;False
1275;San Juan de Puerto Rico;;null;0;null;null;no_matches_all_levels;relegated;SDO;1111;9999;;;;False
1276;Santiago de Cuba;;null;0;null;null;no_matches_all_levels;relegated;SDO;1111;9999;;;;False
1277;Santo Domingo;;null;0;null;null;no_matches_all_levels;relegated;SDO;1111;9999;;;;False
1278;Santo Tomás de Castilla;;null;0;null;null;no_matches_all_levels;relegated;GUA;1111;9999;;;;False
1279;Trujillo;;null;0;null;null;no_matches_all_levels;relegated;GUA;1111;9999;;;;False
1280;La Habana;;null;0;null;null;no_matches_all_levels;relegated;SDO;1111;9999;;;;False
1281;Cartagena de Indias;;null;0;null;null;no_matches_all_levels;relegated;NGR;1111;9999;;;;False
1282;Cumaná;;null;0;null;null;no_matches_all_levels;relegated;VEN;1111;9999;;;;False
1283;isla de Trinidad;;null;0;null;null;no_matches_all_levels;relegated;VEN;1111;9999;;;;False
1284;isla Margarita;;null;0;null;null;no_matches_all_levels;relegated;VEN;1111;9999;;;;False
1285;La Guaira;;null;0;null;null;no_matches_all_levels;relegated;VEN;1111;9999;;;;False
1286;Maracaibo;;null;0;null;null;no_matches_all_levels;relegated;VEN;1111;9999;;;;False
1287;Portobelo;;null;0;null;null;no_matches_all_levels;relegated;NGR;1111;9999;;;;False
1288;Riohacha;;null;0;null;null;no_matches_all_levels;relegated;NGR;1111;9999;;;;False
1289;Santa Marta;;null;0;null;null;no_matches_all_levels;relegated;NGR;1111;9999;;;;False
1290;Cartagena de Indias;;null;0;null;null;no_matches_all_levels;relegated;NGR;1111;9999;;;;False
1291;isla de Trinidad;;null;0;null;null;no_matches_all_levels;relegated;VEN;1111;9999;;;;False
1292;isla Margarita;;null;0;null;null;no_matches_all_levels;relegated;VEN;1111;9999;;;;False
1293;Maracaibo;;null;0;null;null;no_matches_all_levels;relegated;VEN;1111;9999;;;;False
1294;Portobelo;;null;0;null;null;no_matches_all_levels;relegated;NGR;1111;9999;;;;False
1295;Riohacha;;null;0;null;null;no_matches_all_levels;relegated;NGR;1111;9999;;;;False
1296;Santa Marta;;null;0;null;null;no_matches_all_levels;relegated;NGR;1111;9999;;;;False
1297;Buenos Aires;;null;0;null;null;no_matches_all_levels;relegated;RPL;1111;9999;;;;False
1298;Concepción;;null;0;null;null;no_matches_all_levels;relegated;CHL;1111;9999;;;;False
1299;Montevideo;;null;0;null;null;no_matches_all_levels;relegated;RPL;1111;9999;;;;False
1300;Arica;;null;0;null;null;no_matches_all_levels;relegated;PER;1111;9999;;;;False
1301;Santo Domingo;;null;0;null;null;no_matches_all_levels;relegated;SDO;1111;9999;;;;False
1302;Campeche;;null;0;null;null;no_matches_all_levels;relegated;NES;1111;9999;;;;False
1303;Cartagena de Indias;;null;0;null;null;no_matches_all_levels;relegated;NGR;1111;9999;;;;False
1304;Cumaná;;null;0;null;null;no_matches_all_levels;relegated;VEN;1111;9999;;;;False
1305;El Callao;;null;0;null;null;no_matches_all_levels;relegated;PER;1111;9999;;;;False
1306;Guayaquil;;null;0;null;null;no_matches_all_levels;relegated;QUI;1111;9999;;;;False
1307;isla de Trinidad;;null;0;null;null;no_matches_all_levels;relegated;VEN;1111;9999;;;;False
1308;isla Margarita;;null;0;null;null;no_matches_all_levels;relegated;VEN;1111;9999;;;;False
1309;La Guaira;;null;0;null;null;no_matches_all_levels;relegated;VEN;1111;9999;;;;False
1310;La Habana;;null;0;null;null;no_matches_all_levels;relegated;SDO;1111;9999;;;;False
1311;Maracaibo;;null;0;null;null;no_matches_all_levels;relegated;VEN;1111;9999;;;;False
1312;Paita;;null;0;null;null;no_matches_all_levels;relegated;PER;1111;9999;;;;False
1313;Panamá;;null;0;null;null;no_matches_all_levels;relegated;NGR;1111;9999;;;;False
1314;Portobelo;;null;0;null;null;no_matches_all_levels;relegated;NGR;1111;9999;;;;False
1315;Puerto Cabello;;null;0;null;null;no_matches_all_levels;relegated;VEN;1111;9999;;;;False
1316;Riohacha;;null;0;null;null;no_matches_all_levels;relegated;NGR;1111;9999;;;;False
1317;San Juan de Puerto Rico;;null;0;null;null;no_matches_all_levels;relegated;SDO;1111;9999;;;;False
1318;Santa Marta;;null;0;null;null;no_matches_all_levels;relegated;NGR;1111;9999;;;;False
1319;Santiago de Cuba;;null;0;null;null;no_matches_all_levels;relegated;SDO;1111;9999;;;;False
1320;Santo Tomás de Castilla;;null;0;null;null;no_matches_all_levels;relegated;GUA;1111;9999;;;;False
1321;Trujillo;;null;0;null;null;no_matches_all_levels;relegated;GUA;1111;9999;;;;False
1322;Valparaíso;;null;0;null;null;no_matches_all_levels;relegated;CHL;1111;9999;;;;False
1323;Veracruz;;null;0;null;null;no_matches_all_levels;relegated;NES;1111;9999;;;;False
1324;Cumaná;;null;0;null;null;no_matches_all_levels;relegated;VEN;1111;9999;;;;False
1325;Veracruz;;null;0;null;null;no_matches_all_levels;relegated;NES;1111;9999;;;;False
1326;San Blas;;null;0;null;null;no_matches_all_levels;relegated;GDJ;1111;9999;;;;False
1327;Manzanillo (Bayamo);;null;0;null;null;no_matches_all_levels;relegated;SDO;1111;9999;;;;False
1328;Goleto (Sancti Spiritus);;null;0;null;null;missing_spatial_fields;relegated;;1111;9999;;;;False
1329;Baracoa;;null;0;null;null;no_matches_all_levels;relegated;SDO;1111;9999;;;;False
1330;San Bernardo;;null;0;null;null;no_matches_all_levels;relegated;GDJ;1111;9999;;;;False
1331;Matina;;null;0;null;null;no_matches_all_levels;relegated;GUA;1111;9999;;;;False
1332;Puntarenas;;null;0;null;null;missing_spatial_fields;relegated;;1111;9999;;;;False
1333;Tonalá;;null;0;null;null;no_matches_all_levels;relegated;GUA;1111;9999;;;;False
1334;Tapachula;;null;0;null;null;no_matches_all_levels;relegated;GUA;1111;9999;;;;False
1335;Guaymas;;null;0;null;null;no_matches_all_levels;relegated;GDJ;1111;9999;;;;False
1336;México;;null;0;null;null;no_matches_all_levels;relegated;NES;1111;9999;;;;False
1337;Lima;;null;0;null;null;no_matches_all_levels;relegated;PER;1111;9999;;;;False
1338;Puebla;;null;0;null;null;no_matches_all_levels;relegated;NES;1111;9999;;;;False
1339;Guatemala;;null;0;null;null;no_matches_all_levels;relegated;GUA;1111;9999;;;;False
1340;Guatemala;;null;0;null;null;no_matches_all_levels;relegated;GUA;1111;9999;;;;False
1341;Misiones;;null;0;null;null;no_matches_all_levels;relegated;RPL;1111;9999;;;;False
1342;La Habana;;null;0;null;null;no_matches_all_levels;relegated;SDO;1111;9999;;;;False
1343;La Habana;;null;0;null;null;no_matches_all_levels;relegated;SDO;1111;9999;;;;False
1344;Oaxaca;;null;0;null;null;no_matches_all_levels;relegated;NES;1111;9999;;;;False
1345;Santa Fe;;null;0;null;null;no_matches_all_levels;relegated;NGR;1111;9999;;;;False
1346;Santa Fe;;null;0;null;null;no_matches_all_levels;relegated;NGR;1111;9999;;;;False
1347;Santa Fe;;null;0;null;null;no_matches_all_levels;relegated;NGR;1111;9999;;;;False
1348;Ambato;;null;0;null;null;no_matches_all_levels;relegated;QUI;1111;9999;;;;False
1349;Riobamba;;null;0;null;null;no_matches_all_levels;relegated;QUI;1111;9999;;;;False
1350;Quito;;null;0;null;null;no_matches_all_levels;relegated;QUI;1111;9999;;;;False
1351;Nueva Valencia;;null;0;null;null;no_matches_all_levels;relegated;VEN;1111;9999;;;;False
1352;Córdoba;;null;0;null;null;no_matches_all_levels;relegated;RPL;1111;9999;;;;False
1353;Cartagena;;null;0;null;null;no_matches_all_levels;relegated;NGR;1111;9999;;;;False
1354;Cartagena;;null;0;null;null;no_matches_all_levels;relegated;NGR;1111;9999;;;;False
1355;Nueva Orleans;;null;0;null;null;no_matches_all_levels;relegated;SDO;1111;9999;;;;False
1356;Santiago de Chile;;null;0;null;null;no_matches_all_levels;relegated;CHL;1111;9999;;;;False
1357;Buenos Aires;;null;0;null;null;no_matches_all_levels;relegated;RPL;1111;9999;;;;False
1358;Santo Domingo;;null;0;null;null;no_matches_all_levels;relegated;SDO;1111;9999;;;;False
1359;Puerto España;;null;0;null;null;no_matches_all_levels;relegated;VEN;1111;9999;;;;False
1360;Santiago de Cuba;;null;0;null;null;no_matches_all_levels;relegated;SDO;1111;9999;;;;False
1361;Guadalajara;;null;0;null;null;no_matches_all_levels;relegated;GDJ;1111;9999;;;;False
1362;Veracruz;;null;0;null;null;no_matches_all_levels;relegated;NES;1111;9999;;;;False
1363;Montevideo;;null;0;null;null;no_matches_all_levels;relegated;RPL;1111;9999;;;;False
1364;Caracas;;null;0;null;null;no_matches_all_levels;relegated;VEN;1111;9999;;;;False
1365;Puerto Rico;;null;0;null;null;no_matches_all_levels;relegated;SDO;1111;9999;;;;False
1366;Guayaquil;;null;0;null;null;no_matches_all_levels;relegated;QUI;1111;9999;;;;False
1367;Montevideo;;null;0;null;null;no_matches_all_levels;relegated;RPL;1111;9999;;;;False
1368;Santiago de Chile;;null;0;null;null;no_matches_all_levels;relegated;CHL;1111;9999;;;;False
1369;Cuba;;null;0;null;null;no_matches_all_levels;relegated;SDO;1111;9999;;;;False
1370;Lima;;null;0;null;null;no_matches_all_levels;relegated;PER;1111;9999;;;;False
1371;La Habana;;null;0;null;null;no_matches_all_levels;relegated;SDO;1111;9999;;;;False
1372;Quito;;null;0;null;null;no_matches_all_levels;relegated;QUI;1111;9999;;;;False
1373;Guatemala;;null;0;null;null;no_matches_all_levels;relegated;GUA;1111;9999;;;;False
1374;México;;null;0;null;null;no_matches_all_levels;relegated;NES;1111;9999;;;;False
1375;Santa Fe;;null;0;null;null;no_matches_all_levels;relegated;NGR;1111;9999;;;;False
1376;Manila;;null;0;null;null;no_matches_all_levels;relegated;FIL;1111;9999;;;;False
1377;Mompox;;null;0;null;null;no_matches_all_levels;relegated;NGR;1111;9999;;;;False
1378;La Habana;;null;0;null;null;no_matches_all_levels;relegated;SDO;1111;9999;;;;False
1379;La Habana;;null;0;null;null;no_matches_all_levels;relegated;SDO;1111;9999;;;;False
1380;Guayaquil;;null;0;null;null;no_matches_all_levels;relegated;QUI;1111;9999;;;;False
1381;El Realejo;;null;0;null;null;no_matches_all_levels;relegated;GUA;1111;9999;;;;False
1382;Nicoya;;null;0;null;null;no_matches_all_levels;relegated;GUA;1111;9999;;;;False
1383;San Blas;;null;0;null;null;no_matches_all_levels;relegated;GDJ;1111;9999;;;;False
1384;Brito;;null;0;null;null;no_matches_all_levels;relegated;GUA;1111;9999;;;;False
1385;Iztapa;;null;0;null;null;no_matches_all_levels;relegated;GUA;1111;9999;;;;False
1386;Acajutla;;null;0;null;null;no_matches_all_levels;relegated;GUA;1111;9999;;;;False
1387;Jiquilisco/Arequaquín;;null;0;null;null;no_matches_all_levels;relegated;GUA;1111;9999;;;;False
1388;Panamá;;null;0;null;null;no_matches_all_levels;relegated;NGR;1111;9999;;;;False
1389;Nueva Bilbao;;null;0;null;null;no_matches_all_levels;relegated;CHL;1111;9999;;;;False
1390;Coatzacoalcos;;null;0;null;null;no_matches_all_levels;relegated;NES;1111;9999;;;;False
1391;Tlacotalpan;;null;0;null;null;no_matches_all_levels;relegated;NES;1111;9999;;;;False
1392;Campeche;;null;0;null;null;no_matches_all_levels;relegated;NES;1111;9999;;;;False
1393;Montevideo;;null;0;null;null;no_matches_all_levels;relegated;RPL;1111;9999;;;;False
1394;San Blas;;null;0;null;null;no_matches_all_levels;relegated;GDJ;1111;9999;;;;False
1395;Lima;;null;0;null;null;no_matches_all_levels;relegated;PER;1111;9999;;;;False
1396;Lima;;null;0;null;null;no_matches_all_levels;relegated;PER;1111;9999;;;;False
1397;Lima;;null;0;null;null;no_matches_all_levels;relegated;PER;1111;9999;;;;False
1398;Cuzco;;null;0;null;null;no_matches_all_levels;relegated;PER;1111;9999;;;;False
1399;La Plata;;null;0;null;null;no_matches_all_levels;relegated;CHA;1111;9999;;;;False
1400;Potosí;;null;0;null;null;no_matches_all_levels;relegated;CHA;1111;9999;;;;False
1401;Santa Fe;;null;0;null;null;no_matches_all_levels;relegated;NGR;1111;9999;;;;False
1402;Cartagena;;null;0;null;null;no_matches_all_levels;relegated;NGR;1111;9999;;;;False
1403;Popayán;;null;0;null;null;no_matches_all_levels;relegated;QUI;1111;9999;;;;False
1404;Santiago de Chile;;null;0;null;null;no_matches_all_levels;relegated;CHL;1111;9999;;;;False
1405;México;;null;0;null;null;no_matches_all_levels;relegated;NES;1111;9999;;;;False
1406;Guatemala;;null;0;null;null;no_matches_all_levels;relegated;GUA;1111;9999;;;;False
1407;Santo Domingo;;null;0;null;null;no_matches_all_levels;relegated;SDO;1111;9999;;;;False
1408;Panamá;;null;0;null;null;no_matches_all_levels;relegated;NGR;1111;9999;;;;False
1409;México;;null;0;null;null;no_matches_all_levels;relegated;NES;1111;9999;;;;False
1410;Guadalajara;;null;0;null;null;no_matches_all_levels;relegated;GDJ;1111;9999;;;;False
1411;Veracruz;;null;0;null;null;no_matches_all_levels;relegated;NES;1111;9999;;;;False
1412;Guatemala;;null;0;null;null;no_matches_all_levels;relegated;GUA;1111;9999;;;;False
1413;La Habana;;null;0;null;null;no_matches_all_levels;relegated;SDO;1111;9999;;;;False
1414;Cartagena;;null;0;null;null;no_matches_all_levels;relegated;NGR;1111;9999;;;;False
1415;Caracas;;null;0;null;null;no_matches_all_levels;relegated;VEN;1111;9999;;;;False
1416;Santa Fe;;null;0;null;null;no_matches_all_levels;relegated;NGR;1111;9999;;;;False
1417;Lima;;null;0;null;null;no_matches_all_levels;relegated;PER;1111;9999;;;;False
1418;Santiago de Chile;;null;0;null;null;no_matches_all_levels;relegated;CHL;1111;9999;;;;False
1419;Buenos Aires;;null;0;null;null;no_matches_all_levels;relegated;RPL;1111;9999;;;;False
1420;Manila;;null;0;null;null;no_matches_all_levels;relegated;FIL;1111;9999;;;;False
1421;Cartagena;;null;0;null;null;no_matches_all_levels;relegated;NGR;1111;9999;;;;False
1422;Lima;;null;0;null;null;no_matches_all_levels;relegated;PER;1111;9999;;;;False
1423;México;;null;0;null;null;no_matches_all_levels;relegated;NES;1111;9999;;;;False
