Entidad;Nombre;Variantes;tipo;Provincia_generica;Reg;WikiID;Redirect;Entidad_alternate;START;END_;Numero_corriente;GCath;CathHierarchy;viaf;Region;Nivel_default;Comentario;Lat_Capital;Lon_Capital
AUBA0000;Buenos Aires;Buenos Aires @ Rio de la Plata;Audiencia;Audiencia;RPL;buenos_aires_audiencia_rpl;~~REDIRECT>buenos_aires_audiencia_rpl~~;BA0000AU;1663;1808;81;;;;Rio de la Plata;Audiencia;;-34.6079;-58.37322
AUCA0000;Caracas;Caracas @ Venezuela;Audiencia;Audiencia;VEN;caracas_audiencia_ven;~~REDIRECT>caracas_audiencia_ven~~;CA0000AU;1786;1808;82;;;;Caracas;Audiencia;;10.5061;-66.9146
AUCC0000;Charcas;Charcas @;Audiencia;Audiencia;CHA;charcas_audiencia_cha;~~REDIRECT>charcas_audiencia_cha~~;CC0000AU;1559;1808;83;;;;Charcas;Audiencia;;-19.04786;-65.2596
AUCO0000;Guatemala;Guatemala @ Confines @ Los Confines @ Los Confines de Guatemala y Nicaragua;Audiencia;Audiencia;GUA;guatemala_audiencia_gua;~~REDIRECT>guatemala_audiencia_gua~~;CO0000AU;1542;1808;84;;;;Guatemala;Audiencia;;14.62181;-90.51879
AUCU0000;Cuzco;Cuzco @;Audiencia;Audiencia;PER;cuzco_audiencia_per;~~REDIRECT>cuzco_audiencia_per~~;CU0000AU;1788;1808;85;;;;Peru;Audiencia;;-13.51672;-71.97888
AUGD0000;Guadalajara;Guadalajara @ Nueva Galicia;Audiencia;Audiencia;GDJ;guadalajara_audiencia_gdj;~~REDIRECT>guadalajara_audiencia_gdj~~;GD0000AU;1548;1808;86;;;;Nueva Galicia y Septentrion;Audiencia;;21.23789;-104.90118
AULI0000;Lima;Lima @ Peru;Audiencia;Audiencia;PER;lima_audiencia_per;~~REDIRECT>lima_audiencia_per~~;LI0000AU;1543;1808;87;;;;Peru;Audiencia;;-12.04665;-77.02998
AUMX0000;Mexico;Mexico @ Nueva España;Audiencia;Audiencia;NES;mexico_audiencia_nes;~~REDIRECT>mexico_audiencia_nes~~;MX0000AU;1527;1808;88;;;;Nueva España;Audiencia;;19.43379;-99.13313
AUPA0000;Panama;Panama @ Tierra Firme @ Castilla de Oro;Audiencia;Audiencia;TFI;panama_audiencia_ngr;~~REDIRECT>panama_audiencia_ngr~~;PA0000AU;1539;1750;89;;;;Tierra Firme;Audiencia;;9.00645;-79.48594
AUPP0000;Puerto Principe;Puerto Principe @;Audiencia;Audiencia;SDO;puerto_principe_audiencia_sdo;~~REDIRECT>puerto_principe_audiencia_sdo~~;PP0000AU;1800;1808;1748;;;;Santo Domingo;Audiencia;;21.38568;-77.9144
AUQU0000;Quito;Quito @;Audiencia;Audiencia;QUI;quito_audiencia_qui;~~REDIRECT>quito_audiencia_qui~~;QU0000AU;1564;1808;90;;;;Quito;Audiencia;;-0.22017;-78.51209
AUSA0000;Santiago;Santiago @ Chile;Audiencia;Audiencia;CHL;santiago_audiencia_chl;~~REDIRECT>santiago_audiencia_chl~~;SA0000AU;1565;1808;91;;;;Chile;Audiencia;;-36.73891;-72.9936
AUSD0000;Santo Domingo;Santo Domingo @;Audiencia;Audiencia;SDO;santo_domingo_audiencia_sdo;~~REDIRECT>santo_domingo_audiencia_sdo~~;SD0000AU;1527;1808;92;;;;Santo Domingo;Audiencia;;20.0218;-75.8222
AUSF0000;Santa Fe;Santa Fe @ Nuevo Reino de Granada;Audiencia;Audiencia;NGR;santa_fe_audiencia_ngr;~~REDIRECT>santa_fe_audiencia_ngr~~;SF0000AU;1550;1808;93;;;;Nuevo Reino de Granada;Audiencia;;4.59744;-74.07475
CGPI0000;Provincias Internas;Provincias Internas @;Entidad principal;Superior;GDJ;provincias_internas_superior_gdj;~~REDIRECT>provincias_internas_superior_gdj~~;PI0000CG;1776;1808;96;;;;Nueva Galicia y Septentrion;Principal;;30.33603;-110.16631
CGPIOC00;Provincias internas del Occidente;Provincias internas del Occidente @;Provincia;Provincia;GDJ;provincias_internas_del_occidente_provincia_gdj;~~REDIRECT>provincias_internas_del_occidente_provincia_gdj~~;PIOC00CG;1787;1790;4;;;;Nueva Galicia y Septentrion;indefinido;;30.33603;-110.16631
CGPIOR00;Provincias Internas del Oriente;Provincias Internas del Oriente @;Provincia;Provincia;GDJ;provincias_internas_del_oriente_provincia_gdj;~~REDIRECT>provincias_internas_del_oriente_provincia_gdj~~;PIOR00CG;1787;1790;97;;;;Nueva Galicia y Septentrion;indefinido;;26.40528;-107.45583
CGQUMA00;Maynas;Maynas @;Provincia;Provincia;QUI;maynas_provincia_per;~~REDIRECT>maynas_provincia_per~~;QUMA00CG;1803;9999;98;;;;Quito;Provincia_mayor;;-6.03451;-76.97492
CGVE0000;Venezuela;Venezuela @ Caracas;Entidad principal;Superior;VEN;venezuela_superior_ven;~~REDIRECT>venezuela_superior_ven~~;VE0000CG;1777;1808;101;;;;Caracas;Principal;;10.5061;-66.9146
EXDI0000;Dinamarca;Dinamarca @;Extranjero;Extranjero;EXT;dinamarca_extranjero_ext;~~REDIRECT>dinamarca_extranjero_ext~~;DI0000EX;1701;1808;102;;;;Exterior;Extranjero;;90;0
EXFR0000;Francia;Francia @;Extranjero;Extranjero;EXT;francia_extranjero_ext;~~REDIRECT>francia_extranjero_ext~~;FR0000EX;1701;1808;103;;;;Exterior;Extranjero;;90;0
EXGB0000;Gran Bretaña;Gran Bretaña @ Inglaterra;Extranjero;Extranjero;EXT;gran_bretana_extranjero_ext;~~REDIRECT>gran_bretaña_extranjero_ext~~;GB0000EX;1701;1808;104;;;;Exterior;Extranjero;;90;0
EXHA0000;Haiti;Haiti @ Saint-Domingue;Extranjero;Extranjero;EXT;haiti_extranjero_ext;~~REDIRECT>haiti_extranjero_ext~~;HA0000EX;1804;1808;105;;;;Exterior;Extranjero;;90;0
EXPB0000;Paises Bajos;Paises Bajos @ Holanda;Extranjero;Extranjero;EXT;paises_bajos_extranjero_ext;~~REDIRECT>paises_bajos_extranjero_ext~~;PB0000EX;1701;1808;106;;;;Exterior;Extranjero;;90;0
EXPO0000;Portugal;Portugal @;Extranjero;Extranjero;EXT;portugal_extranjero_ext;~~REDIRECT>portugal_extranjero_ext~~;PO0000EX;1701;1808;107;;;;Exterior;Extranjero;;90;0
EXRU0000;Rusia;Rusia @;Extranjero;Extranjero;EXT;rusia_extranjero_ext;~~REDIRECT>rusia_extranjero_ext~~;RU0000EX;1721;1808;108;;;;Exterior;Extranjero;;90;0
EXSU0000;Suecia;Suecia @;Extranjero;Extranjero;EXT;suecia_extranjero_ext;~~REDIRECT>suecia_extranjero_ext~~;SU0000EX;1701;1808;109;;;;Exterior;Extranjero;;90;0
EXUS0000;Estados Unidos;Estados Unidos @ Boston @ America;Extranjero;Extranjero;EXT;estados_unidos_extranjero_ext;~~REDIRECT>estados_unidos_extranjero_ext~~;US0000EX;1776;9999;110;;;;Exterior;Extranjero;;90;0
FRAMXXXX;Pais de las Amazonas;Pais de las Amazonas @;Fronteras;Fronteras;XX;pais_de_las_amazonas_fronteras_xx;~~REDIRECT>pais_de_las_amazonas_fronteras_xx~~;AMXXXXFR;1111;9999;1412;;;;Exterior;Fronteras;;-3.46;-62.216
FRANICXX;Isla de California;Isla de California @ New Albion;Fronteras;Anian;GDJ;isla_de_california_fronteras_gdj;~~REDIRECT>isla_de_california_fronteras_gdj~~;ANICXXFR;1111;9999;111;;;;Nueva Galicia y Septentrion;Fronteras;;32;-114
FRANSSPA;Papageria;Papageria @;Fronteras;Anian;GDJ;papageria_fronteras_gdj;~~REDIRECT>papageria_fronteras_gdj~~;ANSSPAFR;1111;1808;112;;;;Nueva Galicia y Septentrion;Fronteras;;90;0
FRANSSSE;Seris;Seris @;Fronteras;Anian;GDJ;seris_fronteras_gdj;~~REDIRECT>seris_fronteras_gdj~~;ANSSSEFR;1111;9999;113;;;;Nueva Galicia y Septentrion;Fronteras;;36.5;-112
FRANXXXX;Anian;Anian @;Fronteras;Fronteras;GDJ;anian_fronteras_gdj;~~REDIRECT>anian_fronteras_gdj~~;ANXXXXFR;1111;1808;114;;;;Nueva Galicia y Septentrion;Fronteras;;90;0
FRBRXXXX;Brasil;Brasil @;Fronteras;Fronteras;EXT;brasil_fronteras_bra;~~REDIRECT>brasil_fronteras_bra~~;BRXXXXFR;1111;1776;115;;;;Exterior;Fronteras;;-10;-52
FRCCCHGU;Guaycurus;Guaycurus @;Fronteras;Cochabamba;CHA;guaycurus_fronteras_cha;~~REDIRECT>guaycurus_fronteras_cha~~;CCCHGUFR;1111;9999;1416;;;;Charcas;Fronteras;;-20;-60
FRCCLPBO;Bopis;Bopis @ Bopis y Mosetenes;Fronteras;La Paz;CHA;bopis_fronteras_cha;~~REDIRECT>bopis_fronteras_cha~~;CCLPBOFR;1111;9999;1379;;;;Charcas;Fronteras;;-15;-68
FRCEPAXX;Patagonia;Patagonia @;Fronteras;Patagonia;RPL;patagonia_fronteras_rpl;~~REDIRECT>patagonia_fronteras_rpl~~;CEPAXXFR;1111;9999;116;;;;Rio de la Plata;Fronteras;;-45;-70
FRCEXXXX;Ciudad de los Cesares;Ciudad de los Cesares @ Patagonia @ Tierra Magellanica @ Tierra Magallanica;Fronteras;Fronteras;XXX;ciudad_de_los_cesares_fronteras_xxx;~~REDIRECT>ciudad_de_los_cesares_fronteras_xxx~~;CEXXXXFR;1111;1808;117;;;;Exterior;Fronteras;;90;0
FRCHBMBM;Araucania;Araucania @ Butalmapus;Fronteras;Fronteras;CHL;araucania_fronteras_chl;~~REDIRECT>araucania_fronteras_chl~~;CHBMBMFR;1111;1808;118;;;;Chile;Fronteras;;-38;-72
FRCIGIXX;Gila;Gila @;Fronteras;Cibola;GDJ;gila_fronteras_gdj;~~REDIRECT>gila_fronteras_gdj~~;CIGIXXFR;1111;1808;119;;;;Nueva Galicia y Septentrion;Fronteras;;33;-110
FRCIMOXX;Moqui;Moqui @;Fronteras;Cibola;GDJ;moqui_fronteras_gdj;~~REDIRECT>moqui_fronteras_gdj~~;CIMOXXFR;1111;1808;120;;;;Nueva Galicia y Septentrion;Fronteras;;36;-110.8
FRCINAXX;Navajos;Navajos @;Fronteras;Cibola;GDJ;navajos_fronteras_gdj;~~REDIRECT>navajos_fronteras_gdj~~;CINAXXFR;1111;1808;121;;;;Nueva Galicia y Septentrion;Fronteras;;35.5;-109
FRCITEXX;Gran Teguayo;Gran Teguayo @ Tiguas @ Tiwas @ Tehuas @ Tihuas @ Teguas @ Yutas;Fronteras;Cibola;GDJ;gran_teguayo_fronteras_gdj;~~REDIRECT>gran_teguayo_fronteras_gdj~~;CITEXXFR;1111;1808;122;;;;Nueva Galicia y Septentrion;Fronteras;;37;-107
FRCIXXXX;Cibola;Cibola @;Fronteras;Fronteras;GDJ;cibola_fronteras_gdj;~~REDIRECT>cibola_fronteras_gdj~~;CIXXXXFR;1111;1808;123;;;;Nueva Galicia y Septentrion;Fronteras;;35;-108
FRCIYUXX;Yutas;Yutas @;Fronteras;Cibola;GDJ;yutas_fronteras_gdj;~~REDIRECT>yutas_fronteras_gdj~~;CIYUXXFR;1111;1808;124;;;;Nueva Galicia y Septentrion;Fronteras;;39;-111.5
FRCMSGXX;Sierra Gorda;Sierra Gorda @;Fronteras;Chichimeca;NES;sierra_gorda_fronteras_nes;~~REDIRECT>sierra_gorda_fronteras_nes~~;CMSGXXFR;1111;9999;1467;;;;Nueva España;Fronteras;;21.2;-99
FRCMXXXX;Chichimeca;Chichimeca @;Fronteras;Fronteras;NES;chichimeca_fronteras_nes;~~REDIRECT>chichimeca_fronteras_nes~~;CMXXXXFR;1111;9999;1466;;;;Nueva España;Fronteras;;23;-101
FREDBPXX;Bajo Putumayo;Bajo Putumayo @;Fronteras;Maynas;QUI;bajo_putumayo_fronteras_qui;~~REDIRECT>bajo_putumayo_fronteras_qui~~;EDBPXXFR;1111;1808;125;;;;Quito;Fronteras;;-1;-74
FREDCAXX;Pais de la Canela;Pais de la Canela @;Fronteras;Caguan;NGR;pais_de_la_canela_fronteras_ngr;~~REDIRECT>pais_de_la_canela_fronteras_ngr~~;EDCAXXFR;1111;1808;126;;;;Nuevo Reino de Granada;Fronteras;;-1;-73
FREDXXXX;El Dorado;El Dorado @ Coropa @ Nueva Estremadura @ Nueva Extremadura;Fronteras;Fronteras;XXX;el_dorado_fronteras_xxx;~~REDIRECT>el_dorado_fronteras_xxx~~;EDXXXXFR;1111;1808;127;;;;Exterior;Fronteras;;90;0
FRFLGUXX;Guale;Guale @ Guale y Macama;Fronteras;Florida;SDO;guale_fronteras_sdo;~~REDIRECT>guale_fronteras_sdo~~;FLGUXXFR;1111;1731;6;;;;Santo Domingo;Fronteras;;31.5;-81.5
FRFLXXXX;La Florida;La Florida @;Fronteras;Fronteras;NES;la_florida_fronteras_nes;~~REDIRECT>la_florida_fronteras_nes~~;FLXXXXFR;1111;9999;1385;;;;Nueva España;Fronteras;;30;-83
FRGDNLHX;Huaxteca;Huaxteca @;Fronteras;Nueo Santander;GDJ;huaxteca_fronteras_gdj;~~REDIRECT>huaxteca_fronteras_gdj~~;GDNLHXFR;1111;1747;128;;;;Nueva Galicia y Septentrion;Fronteras;;21;-98.5
FRGDTXCO;Cumanches;Cumanches @ Comancheria;Fronteras;Cibola;GDJ;cumanches_fronteras_gdj;~~REDIRECT>cumanches_fronteras_gdj~~;GDTXCOFR;1111;1808;129;;;;Nueva Galicia y Septentrion;Fronteras;;90;0
FRGUCYTA;Taguzalpa;Taguzalpa @;Fronteras;Comayagua;GUA;taguzalpa_fronteras_gua;~~REDIRECT>taguzalpa_fronteras_gua~~;GUCYTAFR;1111;1808;130;;;;Guatemala;Fronteras;;15;-86.5
FRGUCYXI;Xicayes;Xicayes @;Fronteras;Comayagua;GUA;xicayes_fronteras_gua;~~REDIRECT>xicayes_fronteras_gua~~;GUCYXIFR;1111;1808;131;;;;Guatemala;Fronteras;;14.8;-87
FRGUMOCH;Choles;Choles @;Fronteras;Verapaz;GUA;choles_fronteras_gua;~~REDIRECT>choles_fronteras_gua~~;GUMOCHFR;1111;1808;132;;;;Guatemala;Fronteras;;15.5;-90
FRGUMOLA;Lacandones;Lacandones @;Fronteras;Chiapas;GUA;lacandones_fronteras_gua;~~REDIRECT>lacandones_fronteras_gua~~;GUMOLAFR;1111;1808;1421;;;;Guatemala;Fronteras;;16.5;-91
FRGUNITO;Tologalpa;Tologalpa @;Fronteras;Nicaragua;GUA;tologalpa_fronteras_gua;~~REDIRECT>tologalpa_fronteras_gua~~;GUNITOFR;1111;1808;133;;;;Guatemala;Fronteras;;13.5;-85
FRMOCMXX;Costa mosquita;Costa mosquita @;Fronteras;Fronteras;GUA;costa_mosquita_fronteras_gua;~~REDIRECT>costa_mosquita_fronteras_gua~~;MOCMXXFR;1111;9999;134;;;;Guatemala;Fronteras;;14;-84
FRMOMOXX;Mosquitia;Mosquitia @ Reino misquito @ Reino mosquito @ Mosquitos-zambos @ Honduras britanica;Fronteras;Fronteras;GUA;mosquitia_fronteras_gua;~~REDIRECT>mosquitia_fronteras_gua~~;MOMOXXFR;1701;9999;135;;;;Guatemala;Fronteras;;14.5;-83
FRMORFXX;Rio Frio y Suerre;Rio Frio y Suerre @;Fronteras;Mosquitia;GUA;rio_frio_y_suerre_gua;~~REDIRECT>rio_frio_y_suerre_partido_gua~~;MORFXXFR;1111;9999;1739;;;;Guatemala;Fronteras;;10.2;-83.5
FRMOTABT;Bocas del Toro;Bocas del Toro @;Fronteras;Veragua;TFI;bocas_del_toro_fronteras_ngr;~~REDIRECT>bocas_del_toro_fronteras_ngr~~;MOTABTFR;1111;9999;136;;;;Tierra Firme;Fronteras;;9.34;-82.25
FRMOTAXX;Talamanca;Talamanca @;Fronteras;Costa Rica;GUA;talamanca_fronteras_gua;~~REDIRECT>talamanca_fronteras_gua~~;MOTAXXFR;1111;9999;137;;;;Guatemala;Fronteras;;9.5;-83.25
FRMOXXXX;Golfo de Honduras;Golfo de Honduras @ Ingleses @ Zambos-mosquitos;Fronteras;Fronteras;GUA;golfo_de_honduras_fronteras_gua;~~REDIRECT>golfo_de_honduras_fronteras_gua~~;MOXXXXFR;1111;9999;138;;;;Guatemala;Fronteras;;16;-87
FRNGCHCH;Chocoes;Chocoes @;Fronteras;Choco;NGR;chocoes_fronteras_ngr;~~REDIRECT>chocoes_fronteras_ngr~~;NGCHCHFR;1111;1808;1387;;;;Nuevo Reino de Granada;Fronteras;;5.5;-76.5
FRNGCUXX;Cunas;Cunas @ Cunacuna @ Cuna Cuna @ Cunacunas @ Uraba @ Urabi;Fronteras;Darien;NGR;cunas_fronteras_ngr;~~REDIRECT>cunas_fronteras_ngr~~;NGCUXXFR;1111;1808;139;;;;Nuevo Reino de Granada;Fronteras;;8.5;-77.5
FRNGEDLL;Llanos;Llanos @;Fronteras;Llanos;NGR;llanos_fronteras_ngr;~~REDIRECT>llanos_fronteras_ngr~~;NGEDLLFR;1111;9999;140;;;;Nuevo Reino de Granada;Fronteras;;6.5;-68
FRNGMOXX;Motilones;Motilones @;Fronteras;Fronteras;NGR;motilones_fronteras_ngr;~~REDIRECT>motilones_fronteras_ngr~~;NGMOXXFR;1111;1808;141;;;;Nuevo Reino de Granada;Fronteras;;8;-73
FRNGSMAR;Aruacos;Aruacos @ Araguacos @ Sierra Nevada;Fronteras;Santa Marta;NGR;aruacos_fronteras_ngr;~~REDIRECT>aruacos_fronteras_ngr~~;NGSMARFR;1111;1808;1390;;;;Nuevo Reino de Granada;Fronteras;;10.5;-73.5
FRNGSMCH;Chimilas;Chimilas @;Fronteras;Santa Marta;NGR;chimilas_fronteras_ngr;~~REDIRECT>chimilas_fronteras_ngr~~;NGSMCHFR;1111;1808;1389;;;;Nuevo Reino de Granada;Fronteras;;10;-73.25
FRNGSMGU;Guajiros;Guajiros @;Fronteras;Santa Marta;NGR;guajiros_fronteras_ngr;~~REDIRECT>guajiros_fronteras_ngr~~;NGSMGUFR;1111;1808;1388;;;;Nuevo Reino de Granada;Fronteras;;11.5;-72.5
FRPAMAGU;Guayra;Guayra @;Fronteras;Paraguay;RPL;guayra_fronteras_rpl;~~REDIRECT>guayra_fronteras_rpl~~;PAMAGUFR;1111;1808;47;;;;Rio de la Plata;Fronteras;;90;0
FRPAMAIT;Itatines;Itatines @ Jerez;Fronteras;Paraguay;RPL;itatines_fronteras_rpl;~~REDIRECT>itatines_fronteras_rpl~~;PAMAITFR;1111;1808;46;;;;Rio de la Plata;Fronteras;;90;0
FRPAMAXX;Mamelucos;Mamelucos @;Fronteras;Paraguay;RPL;mamelucos_fronteras_rpl;~~REDIRECT>mamelucos_fronteras_rpl~~;PAMAXXFR;1111;1808;142;;;;Rio de la Plata;Fronteras;;90;0
FRPAPJXX;Gran Pajonal;Gran Pajonal @ Pangoa;Fronteras;Paititi;PER;gran_pajonal_fronteras_per;~~REDIRECT>gran_pajonal_fronteras_per~~;PAPJXXFR;1111;1808;143;;;;Peru;Fronteras;;90;0
FRPAPSXX;Pampa del Sacramento;Pampa del Sacramento @;Fronteras;Paititi;PER;pampa_del_sacramento_fronteras_per;~~REDIRECT>pampa_del_sacramento_fronteras_per~~;PAPSXXFR;1111;1808;144;;;;Peru;Fronteras;;90;0
FRPAXXXX;Paititi;Paititi @ Playa de los Ahorcados @ Montaña Real del Peru;Fronteras;Fronteras;PER;paititi_fronteras_per;~~REDIRECT>paititi_fronteras_per~~;PAXXXXFR;1111;1808;145;;;;Peru;Fronteras;;90;0
FRQUJIXX;Jivaros;Jivaros @ Jibaros;Fronteras;Quijos;QUI;jivaros_fronteras_qui;~~REDIRECT>jivaros_fronteras_qui~~;QUJIXXFR;1111;1808;146;;;;Quito;Fronteras;;90;0
FRQUMCHU;Huamboyas;Huamboyas @;Fronteras;Popayan;QUI;huamboyas_fronteras_qui;~~REDIRECT>huamboyas_fronteras_qui~~;QUMCHUFR;1111;1808;147;;;;Quito;Fronteras;;90;0
FRQUPOCO;Cofanes;Cofanes @;Fronteras;Popayan;QUI;cofanes_fronteras_qui;~~REDIRECT>cofanes_fronteras_qui~~;QUPOCOFR;1111;1808;148;;;;Quito;Fronteras;;90;0
FRQUPOXX;Fronteras de Popayan;Fronteras de Popayan @;Fronteras;Popayan;QUI;fronteras_de_popayan_fronteras_qui;~~REDIRECT>fronteras_de_popayan_fronteras_qui~~;QUPOXXFR;1111;1808;149;;;;Quito;Fronteras;;90;0
FRQVBMXX;Bolson de Mapimi;Bolson de Mapimi @;Fronteras;Quivira;GDJ;bolson_de_mapimi_fronteras_gdj;~~REDIRECT>bolson_de_mapimi_fronteras_gdj~~;QVBMXXFR;1111;1808;150;;;;Nueva Galicia y Septentrion;Fronteras;;90;0
FRQVLIXX;Apacheria Lipanes;Apacheria Lipanes @;Fronteras;Quivira;GDJ;apacheria_lipanes_fronteras_gdj;~~REDIRECT>apacheria_lipanes_fronteras_gdj~~;QVLIXXFR;1111;1808;151;;;;Nueva Galicia y Septentrion;Fronteras;;90;0
FRQVLLXX;Comancheria;Comancheria @ Luisiana Alta @ Grandes Llanuras;Fronteras;Quivira;SDO;comancheria_fronteras_sdo;~~REDIRECT>comancheria_fronteras_sdo~~;QVLLXXFR;1111;9999;152;;;;Santo Domingo;Fronteras;;90;0
FRQVNMNT;Apacheria Natage;Apacheria Natage @;Fronteras;Quivira;GDJ;apacheria_natage_fronteras_gdj;~~REDIRECT>apacheria_natage_fronteras_gdj~~;QVNMNTFR;1111;1808;153;;;;Nueva Galicia y Septentrion;Fronteras;;90;0
FRQVSMXX;Seno mexicano;Seno mexicano @;Fronteras;Panuco;GDJ;seno_mexicano_fronteras_gdj;~~REDIRECT>seno_mexicano_fronteras_gdj~~;QVSMXXFR;1111;9999;154;;;;Nueva Galicia y Septentrion;Fronteras;;90;0
FRQVXXXX;Quivira;Quivira @;Fronteras;Fronteras;GDJ;quivira_fronteras_gdj;~~REDIRECT>quivira_fronteras_gdj~~;QVXXXXFR;1111;1808;155;;;;Nueva Galicia y Septentrion;Fronteras;;90;0
FRRPCHBO;Chaco Septentrional;Chaco Septentrional @ Chaco Boreal @ Chaco Chiriguano;Fronteras;Gran Chaco;RPL;chaco_septentrional_fronteras_rpl;~~REDIRECT>chaco_septentrional_fronteras_rpl~~;RPCHBOFR;1111;1808;156;;;;Rio de la Plata;Fronteras;;90;0
FRRPCHGU;Chaco Gualamba;Chaco Gualamba @ Chaco Austral;Fronteras;Gran Chaco;RPL;chaco_gualamba_fronteras_rpl;~~REDIRECT>chaco_gualamba_fronteras_rpl~~;RPCHGUFR;1111;1808;157;;;;Rio de la Plata;Fronteras;;90;0
FRRPCHLL;Llanos de Manso;Llanos de Manso @;Fronteras;Gran Chaco;RPL;llanos_de_manso_fronteras_rpl;~~REDIRECT>llanos_de_manso_fronteras_rpl~~;RPCHLLFR;1111;1808;158;;;;Rio de la Plata;Fronteras;;90;0
FRRPCHXX;Gran Chaco;Gran Chaco @;Fronteras;Fronteras;RPL;gran_chaco_fronteras_rpl;~~REDIRECT>gran_chaco_fronteras_rpl~~;RPCHXXFR;1111;1808;159;;;;Rio de la Plata;Fronteras;;90;0
FRRPMICH;Charruas;Charruas @;Fronteras;Banda oriental;RPL;charruas_fronteras_rpl;~~REDIRECT>charruas_fronteras_rpl~~;RPMICHFR;1111;9999;160;;;;Rio de la Plata;Fronteras;;90;0
FRRPYEVA;Yerbales y Vaquerias;Yerbales y Vaquerias @;Fronteras;Paraguay;RPL;yerbales_y_vaquerias_fronteras_rpl;~~REDIRECT>yerbales_y_vaquerias_fronteras_rpl~~;RPYEVAFR;1111;1808;1383;;;;Rio de la Plata;Fronteras;;90;0
FRSDPRVI;Vieques;Vieques @;Partido;Puerto Rico;SDO;vieques_partido_sdo;~~REDIRECT>vieques_partido_sdo~~;SDPRVIFR;1111;9999;31;;;;Santo Domingo;Partido;;90;0
FRVEGUCA;Caribana;Caribana @ Cuyuni @ Esequibo;Fronteras;Guayana;VEN;caribana_fronteras_ven;~~REDIRECT>caribana_fronteras_ven~~;VEGUCAFR;1111;9999;161;;;;Caracas;Fronteras;;90;0
FRVEGULP;Laguna del Parime;Laguna del Parime @ Guayana profunda;Fronteras;Guayana;VEN;laguna_del_parime_fronteras_ven;~~REDIRECT>laguna_del_parime_fronteras_ven~~;VEGULPFR;1111;9999;162;;;;Caracas;Fronteras;;90;0
FRVEGUPA;Paria;Paria @;Fronteras;Cumana;VEN;paria_fronteras_ven;~~REDIRECT>paria_fronteras_ven~~;VEGUPAFR;1111;9999;163;;;;Caracas;Fronteras;;90;0
FRVEGUXX;Guayana 'dorada';Guayana 'dorada' @;Fronteras;Guayana;EXT;guayana_'dorada'_fronteras_ext;~~REDIRECT>guayana_'dorada'_fronteras_ext~~;VEGUXXFR;1111;9999;164;;;;Exterior;Fronteras;;90;0
FRXXXXXX;Fronteras;Fronteras @;Fronteras;;;;;XXXXXXFR;1111;1808;1751;;;;Exterior;Fronteras;;;
INGDSS00;Sinaloa y Sonora;Sinaloa y Sonora @ Arizpe;Intendencia;Intendencia;GDJ;sinaloa_y_sonora_intendencia_gdj;~~REDIRECT>sinaloa_y_sonora_intendencia_gdj~~;GDSS00IN;1768;1776;165;;;;Nueva Galicia y Septentrion;indefinido;;30.33603;-110.16631
INRPBA00;Buenos Aires;Buenos Aires @ Rio de la Plata;Intendencia;Intendencia;RPL;buenos_aires_intendencia_rpl;~~REDIRECT>buenos_aires_intendencia_rpl~~;RPBA00IN;1777;1783;166;;;;Rio de la Plata;indefinido;;-34.6079;-58.37322
INSDLH00;La Habana;La Habana @ Isla de Cuba;Intendencia;Intendencia;SDO;la_habana_intendencia_sdo;~~REDIRECT>la_habana_intendencia_sdo~~;SDLH00IN;1765;1808;167;;;;Santo Domingo;indefinido;;23.14111;-82.35143
INSDLU00;Luisiana;Luisiana @;Intendencia;Intendencia;SDO;luisiana_intendencia_sdo;~~REDIRECT>luisiana_intendencia_sdo~~;SDLU00IN;1766;1808;168;;;;Santo Domingo;indefinido;;29.9537;-90.06375
INVECA00;Caracas;Caracas @ Venezuela;Intendencia;Intendencia;VEN;caracas_intendencia_ven;~~REDIRECT>caracas_intendencia_ven~~;VECA00IN;1777;1808;169;;;;Caracas;indefinido;;10.5061;-66.9146
JCGDGDAM;Ameca;Ameca @;Jurisdiccion;Guadalajara;GDJ;ameca_jurisdiccion_gdj;~~REDIRECT>ameca_jurisdiccion_gdj~~;GDGDAMJC;1534;1609;1463;;;;Nueva Galicia y Septentrion;Jurisdiccion;;20.54778;-104.04722
JCGDGDAT;Atemaxaque;Atemaxaque @;Jurisdiccion;Guadalajara;GDJ;atemaxaque_jurisdiccion_gdj;~~REDIRECT>atemaxaque_jurisdiccion_gdj~~;GDGDATJC;1549;1599;1580;;;;Nueva Galicia y Septentrion;indefinido;;90;0
JCGDGDAV;Avino;Avino @;Jurisdiccion;Guadalajara;GDJ;avino_jurisdiccion_gdj;~~REDIRECT>avino_jurisdiccion_gdj~~;GDGDAVJC;;;1592;;;;Nueva Galicia y Septentrion;indefinido;;;
JCGDGDCI;Cihuatlan;Cihuatlan @ Valle de Cihuatlan;Jurisdiccion;Guadalajara;GDJ;cihuatlan_jurisdiccion_gdj;~~REDIRECT>cihuatlan_jurisdiccion_gdj~~;GDGDCIJC;1534;1599;1458;;;;Nueva Galicia y Septentrion;Jurisdiccion;;90;0
JCGDGDCQ;Copala y Quilitlan;Copala y Quilitlan @;Jurisdiccion;Guadalajara;GDJ;copala_y_quilitlan_jurisdiccion_gdj;~~REDIRECT>copala_y_quilitlan_jurisdiccion_gdj~~;GDGDCQJC;1563;1568;1590;;;;Nueva Galicia y Septentrion;indefinido;;90;0
JCGDGDCZ;Camotlan;Camotlan @ Camotlan de la Barranca;Jurisdiccion;Guadalajara;GDJ;camotlan_jurisdiccion_gdj;~~REDIRECT>camotlan_jurisdiccion_gdj~~;GDGDCZJC;1549;1568;1589;;;;Nueva Galicia y Septentrion;indefinido;;90;0
JCGDGDES;Espuchimilco;Espuchimilco @ Ispuchimilco @ Puchimilco @ Suchimilco @ Espuchimilco y Tecuxuacan @ Espuchimilco y Texuxuacan @ Espuchimilco y Texuacan;Jurisdiccion;Guadalajara;GDJ;espuchimilco_jurisdiccion_gdj;~~REDIRECT>espuchimilco_jurisdiccion_gdj~~;GDGDESJC;1534;1599;1465;;;;Nueva Galicia y Septentrion;Jurisdiccion;;90;0
JCGDGDMA;Mascota;Mascota @;Jurisdiccion;Guadalajara;GDJ;mascota_jurisdiccion_gdj;~~REDIRECT>mascota_jurisdiccion_gdj~~;GDGDMAJC;1571;1599;1579;;;;Nueva Galicia y Septentrion;indefinido;;90;0
JCGDGDME;Mezquituta;Mezquituta @;Jurisdiccion;Guadalajara;GDJ;mezquituta_jurisdiccion_gdj;~~REDIRECT>mezquituta_jurisdiccion_gdj~~;GDGDMEJC;1550;1616;1584;;;;Nueva Galicia y Septentrion;indefinido;;90;0
JCGDGDMT;Mochotiltique, Tecomatlan, Oztotipaque y Talestaque;Mochotiltique, Tecomatlan, Oztotipaque y Talestaque @;Jurisdiccion;Guadalajara;GDJ;mochotiltique,_tecomatlan,_oztotipaque_y_talestaque_jurisdiccion_gdj;~~REDIRECT>mochotiltique,_tecomatlan,_oztotipaque_y_talestaque_jurisdiccion_gdj~~;GDGDMTJC;1550;1569;1583;;;;Nueva Galicia y Septentrion;indefinido;;90;0
JCGDGDOP;Opono;Opono @;Jurisdiccion;Guadalajara;GDJ;opono_jurisdiccion_gdj;~~REDIRECT>opono_jurisdiccion_gdj~~;GDGDOPJC;1566;1599;1587;;;;Nueva Galicia y Septentrion;indefinido;;90;0
JCGDGDPA;Panpuchin y Zapotlan;Panpuchin y Zapotlan @;Jurisdiccion;Guadalajara;GDJ;panpuchin_y_zapotlan_jurisdiccion_gdj;~~REDIRECT>panpuchin_y_zapotlan_jurisdiccion_gdj~~;GDGDPAJC;1566;1599;1586;;;;Nueva Galicia y Septentrion;indefinido;;90;0
JCGDGDPI;Piloto;Piloto @;Jurisdiccion;Guadalajara;GDJ;piloto_jurisdiccion_gdj;~~REDIRECT>piloto_jurisdiccion_gdj~~;GDGDPIJC;1566;1599;1588;;;;Nueva Galicia y Septentrion;indefinido;;90;0
JCGDGDSU;Suchipil;Suchipil @ Minas de Santiago del Espada y Suchipil;Jurisdiccion;Guadalajara;GDJ;suchipil_jurisdiccion_gdj;~~REDIRECT>suchipil_jurisdiccion_gdj~~;GDGDSUJC;1549;1589;1578;;;;Nueva Galicia y Septentrion;indefinido;;90;0
JCGDGDTE;Tetlan-Analco;Tetlan-Analco @;Jurisdiccion;Guadalajara;GDJ;tetlan-analco_jurisdiccion_gdj;~~REDIRECT>tetlan-analco_jurisdiccion_gdj~~;GDGDTEJC;1549;1599;1581;;;;Nueva Galicia y Septentrion;indefinido;;90;0
JCGDGDTL;Tlaquepaque y San Pedro;Tlaquepaque y San Pedro @ Tlacpac;Jurisdiccion;Guadalajara;GDJ;tlaquepaque_y_san_pedro_jurisdiccion_gdj;~~REDIRECT>tlaquepaque_y_san_pedro_jurisdiccion_gdj~~;GDGDTLJC;1549;1666;1591;;;;Nueva Galicia y Septentrion;indefinido;;90;0
JCGDGDTM;Tenamastlan;Tenamastlan @ Tenamaxtlan;Jurisdiccion;Guadalajara;GDJ;tenamastlan_jurisdiccion_gdj;~~REDIRECT>tenamastlan_jurisdiccion_gdj~~;GDGDTMJC;1561;1600;1464;;;;Nueva Galicia y Septentrion;Jurisdiccion;;20.2175;-104.16417
JCGDGDXA;Xala;Xala @;Jurisdiccion;Guadalajara;GDJ;xala_jurisdiccion_gdj;~~REDIRECT>xala_jurisdiccion_gdj~~;GDGDXAJC;1549;1589;1577;;;;Nueva Galicia y Septentrion;indefinido;;90;0
JCGDGDXI;Xiquitlan;Xiquitlan @ Jiquitlan @ Xictlan;Jurisdiccion;Guadalajara;GDJ;xiquitlan_jurisdiccion_gdj;~~REDIRECT>xiquitlan_jurisdiccion_gdj~~;GDGDXIJC;1534;1599;1462;;;;Nueva Galicia y Septentrion;Jurisdiccion;;90;0
JCNECOAC;Acautlan y Chapula;Acautlan y Chapula @;Jurisdiccion;Colima;NES;acautlan_y_chapula_jurisdiccion_nes;~~REDIRECT>acautlan_y_chapula_jurisdiccion_nes~~;NECOACJC;1545;1590;1714;;;;Nueva España;indefinido;;90;0
JCNECOAL;Alima;Alima @;Jurisdiccion;Colima;NES;alima_jurisdiccion_nes;~~REDIRECT>alima_jurisdiccion_nes~~;NECOALJC;1531;1590;1707;;;;Nueva España;indefinido;;90;0
JCNECOCH;Chiametla;Chiametla @;Jurisdiccion;Colima;NES;chiametla_jurisdiccion_nes;~~REDIRECT>chiametla_jurisdiccion_nes~~;NECOCHJC;1545;1566;1715;;;;Nueva España;indefinido;;90;0
JCNECOES;Escayamoca;Escayamoca @;Jurisdiccion;Colima;NES;escayamoca_jurisdiccion_nes;~~REDIRECT>escayamoca_jurisdiccion_nes~~;NECOESJC;1531;1590;1708;;;;Nueva España;indefinido;;90;0
JCNECOIH;Ixtlahuaca;Ixtlahuaca @ Istlaguaca @ Malacatlan;Jurisdiccion;Colima;NES;ixtlahuaca_jurisdiccion_nes;~~REDIRECT>ixtlahuaca_jurisdiccion_nes~~;NECOIHJC;1531;1590;1709;;;;Nueva España;indefinido;;90;0
JCNECOIT;Ixtapa;Ixtapa @;Jurisdiccion;Colima;NES;ixtapa_jurisdiccion_nes;~~REDIRECT>ixtapa_jurisdiccion_nes~~;NECOITJC;1545;1590;1716;;;;Nueva España;indefinido;;90;0
JCNECOQU;Quezalapa;Quezalapa @;Jurisdiccion;Colima;NES;quezalapa_jurisdiccion_nes;~~REDIRECT>quezalapa_jurisdiccion_nes~~;NECOQUJC;1545;1590;1717;;;;Nueva España;indefinido;;90;0
JCNECOTA;Tamala;Tamala @ Ecatlan y Contla;Jurisdiccion;Colima;NES;tamala_jurisdiccion_nes;~~REDIRECT>tamala_jurisdiccion_nes~~;NECOTAJC;1531;1590;1710;;;;Nueva España;indefinido;;90;0
JCNECOTC;Tecoman;Tecoman @;Jurisdiccion;Colima;NES;tecoman_jurisdiccion_nes;~~REDIRECT>tecoman_jurisdiccion_nes~~;NECOTCJC;1531;1590;1711;;;;Nueva España;indefinido;;90;0
JCNECOTP;Tepetitongo;Tepetitongo @;Jurisdiccion;Colima;NES;tepetitongo_jurisdiccion_nes;~~REDIRECT>tepetitongo_jurisdiccion_nes~~;NECOTPJC;1531;1590;1712;;;;Nueva España;indefinido;;90;0
JCNECOTT;Tecpa y Tepetlazuneca;Tecpa y Tepetlazuneca @;Jurisdiccion;Colima;NES;tecpa_y_tepetlazuneca_jurisdiccion_nes;~~REDIRECT>tecpa_y_tepetlazuneca_jurisdiccion_nes~~;NECOTTJC;1545;1590;1718;;;;Nueva España;indefinido;;90;0
JCNECOXO;Xocotlan;Xocotlan @ Caxitlan;Jurisdiccion;Colima;NES;xocotlan_jurisdiccion_nes;~~REDIRECT>xocotlan_jurisdiccion_nes~~;NECOXOJC;1545;1590;1719;;;;Nueva España;indefinido;;90;0
JCNECOXU;Xuluapa;Xuluapa @;Jurisdiccion;Colima;NES;xuluapa_jurisdiccion_nes;~~REDIRECT>xuluapa_jurisdiccion_nes~~;NECOXUJC;1567;1590;1720;;;;Nueva España;indefinido;;90;0
JCNECOZA;Zalagua y Tlacatipa;Zalagua y Tlacatipa @;Jurisdiccion;Colima;NES;zalagua_y_tlacatipa_jurisdiccion_nes;~~REDIRECT>zalagua_y_tlacatipa_jurisdiccion_nes~~;NECOZAJC;1531;1566;1713;;;;Nueva España;indefinido;;90;0
JCNEMIAQ;Aquila;Aquila @;Jurisdiccion;Michoacan;NES;aquila_jurisdiccion_nes;~~REDIRECT>aquila_jurisdiccion_nes~~;NEMIAQJC;1559;1599;1510;;;;Nueva España;indefinido;;90;0
JCNEMICH;Chocandiro;Chocandiro @ Chucandiro;Jurisdiccion;Michoacan;NES;chocandiro_jurisdiccion_nes;~~REDIRECT>chocandiro_jurisdiccion_nes~~;NEMICHJC;1597;1599;1666;;;;Nueva España;indefinido;;90;0
JCNEMICP;Capula;Capula @;Jurisdiccion;Michoacan;NES;capula_jurisdiccion_nes;~~REDIRECT>capula_jurisdiccion_nes~~;NEMICPJC;1534;1599;1663;;;;Nueva España;Jurisdiccion;;90;0
JCNEMICU;Cuacoman;Cuacoman @ Quacoman @ Coacoman;Jurisdiccion;Michoacan;NES;cuacoman_jurisdiccion_nes;~~REDIRECT>cuacoman_jurisdiccion_nes~~;NEMICUJC;1555;1599;1511;;;;Nueva España;indefinido;;18.77694;-103.16
JCNEMIES;Minas del Espiritu Santo;Minas del Espiritu Santo @;Jurisdiccion;Michoacan;NES;minas_del_espiritu_santo_jurisdiccion_nes;~~REDIRECT>minas_del_espiritu_santo_jurisdiccion_nes~~;NEMIESJC;1566;1599;1499;;;;Nueva España;Provincia_menor;;90;0
JCNEMIGU;Guanaxo;Guanaxo @ Cuanajo @ Guanaxo y Urapa;Jurisdiccion;Michoacan;NES;guanaxo_jurisdiccion_nes;~~REDIRECT>guanaxo_jurisdiccion_nes~~;NEMIGUJC;1544;1599;1473;;;;Nueva España;Jurisdiccion;;19.48444;-101.50694
JCNEMIMM;Motin y Maruata;Motin y Maruata @ Pomaro;Jurisdiccion;Michoacan;NES;motin_y_maruata_jurisdiccion_nes;~~REDIRECT>motin_y_maruata_jurisdiccion_nes~~;NEMIMMJC;1555;1599;1513;;;;Nueva España;indefinido;;90;0
JCNEMIMQ;Maquili y Tlatictla;Maquili y Tlatictla @;Jurisdiccion;Michoacan;NES;maquili_y_tlatictla_jurisdiccion_nes;~~REDIRECT>maquili_y_tlatictla_jurisdiccion_nes~~;NEMIMQJC;1555;1599;1512;;;;Nueva España;indefinido;;18.58083;-103.53417
JCNEMIMT;Matalcingo;Matalcingo @;Jurisdiccion;Michoacan;NES;matalcingo_jurisdiccion_nes;~~REDIRECT>matalcingo_jurisdiccion_nes~~;NEMIMTJC;;;1667;;;;Nueva España;indefinido;;;
JCNEMINE;Necotlan;Necotlan @;Jurisdiccion;Michoacan;NES;necotlan_jurisdiccion_nes;~~REDIRECT>necotlan_jurisdiccion_nes~~;NEMINEJC;1545;1599;1664;;;;Nueva España;Jurisdiccion;;90;0
JCNEMIOZ;Taimeo;Taimeo @ Minas de Ozumatlan;Jurisdiccion;Michoacan;NES;taimeo_jurisdiccion_nes;~~REDIRECT>taimeo_jurisdiccion_nes~~;NEMIOZJC;1551;1598;1575;;;;Nueva España;Jurisdiccion;;19.71008;-100.8557
JCNEMITU;Tuzantla;Tuzantla @;Jurisdiccion;Michoacan;NES;tuzantla_jurisdiccion_nes;~~REDIRECT>tuzantla_jurisdiccion_nes~~;NEMITUJC;1546;9999;1507;;;;Nueva España;Jurisdiccion;;19.20583;-100.57472
JCNEMIZZ;Tzintzuntzan;Tzintzuntzan @;Jurisdiccion;Michoacan;NES;tzintzuntzan_jurisdiccion_nes;~~REDIRECT>tzintzuntzan_jurisdiccion_nes~~;NEMIZZJC;1595;1599;1475;;;;Nueva España;Jurisdiccion;;19.51421;-101.60964
JCNEMXAS;Asuchitlan;Asuchitlan @ Ajuchitlan @ Axuchitlan;Jurisdiccion;Mexico;NES;asuchitlan_jurisdiccion_nes;~~REDIRECT>asuchitlan_jurisdiccion_nes~~;NEMXASJC;1533;1599;1565;;;;Nueva España;Jurisdiccion;;18.15417;-100.5
JCNEMXAT;Atlatlauca del Valle;Atlatlauca del Valle @ Atlatlauca y Suchiaca @ Atlatlahuca;Jurisdiccion;Mexico;NES;atlatlauca_del_valle_jurisdiccion_nes;~~REDIRECT>atlatlauca_del_valle_jurisdiccion_nes~~;NEMXATJC;1537;1669;1554;;;;Nueva España;Jurisdiccion;;19.06861;-99.61111
JCNEMXAX;Axacuba;Axacuba @;Jurisdiccion;Mexico;NES;axacuba_jurisdiccion_nes;~~REDIRECT>axacuba_jurisdiccion_nes~~;NEMXAXJC;1531;1542;1558;;;;Nueva España;Jurisdiccion;;20.08861;-99.11611
JCNEMXCI;Citlaltomagua;Citlaltomagua @ Citlaltomagua y Anecuilco;Jurisdiccion;Mexico;NES;citlaltomagua_jurisdiccion_nes;~~REDIRECT>citlaltomagua_jurisdiccion_nes~~;NEMXCIJC;1535;1599;1456;;;;Nueva España;indefinido;;90;0
JCNEMXHU;Huitzitzilapa;Huitzitzilapa @ Uitzizilapa @ Huicicilapa;Jurisdiccion;Mexico;NES;huitzitzilapa_jurisdiccion_nes;~~REDIRECT>huitzitzilapa_jurisdiccion_nes~~;NEMXHUJC;1553;1599;1555;;;;Nueva España;indefinido;;19.06861;-99.61111
JCNEMXIS;Iscateupan;Iscateupan @ Ixcateopan @ Iscateupa y Atenango;Jurisdiccion;Mexico;NES;iscateupan_jurisdiccion_nes;~~REDIRECT>iscateupan_jurisdiccion_nes~~;NEMXISJC;1535;1786;1500;;;;Nueva España;indefinido;;18.50306;-99.79361
JCNEMXMH;Mixquic;Mixquic @ Mixquic y Huitzilopochco @ Huichilibusco y Mixquic;Jurisdiccion;Mexico;NES;mixquic_jurisdiccion_nes;~~REDIRECT>mixquic_jurisdiccion_nes~~;NEMXMHJC;1531;1553;1509;;;;Nueva España;indefinido;;;
JCNEMXOC;Ocuituco;Ocuituco @;Jurisdiccion;Mexico;NES;ocuituco_jurisdiccion_nes;~~REDIRECT>ocuituco_jurisdiccion_nes~~;NEMXOCJC;1531;1599;1476;;;;Nueva España;Jurisdiccion;;18.87278;-98.77333
JCNEMXOS;Ostotipac;Ostotipac @ Oxtotipac @ Ostoticpac;Jurisdiccion;Mexico;NES;ostotipac_jurisdiccion_nes;~~REDIRECT>ostotipac_jurisdiccion_nes~~;NEMXOSJC;1545;1555;1612;;;;Nueva España;indefinido;;90;0
JCNEMXSY;Sayula;Sayula @;Jurisdiccion;Mexico;NES;sayula_jurisdiccion_nes;~~REDIRECT>sayula_jurisdiccion_nes~~;NEMXSYJC;1551;1599;1724;;;;Nueva España;indefinido;;90;0
JCNEMXTC;Tlacozautitlan;Tlacozautitlan @ Tlalcozautitlan;Jurisdiccion;Mexico;NES;tlacozautitlan_jurisdiccion_nes;~~REDIRECT>tlacozautitlan_jurisdiccion_nes~~;NEMXTCJC;1561;1599;1723;;;;Nueva España;Jurisdiccion;;90;0
JCNEMXTE;Talistaca;Talistaca @ Teulistaca;Jurisdiccion;Mexico;NES;talistaca_jurisdiccion_nes;~~REDIRECT>talistaca_jurisdiccion_nes~~;NEMXTEJC;1545;1576;1550;;;;Nueva España;indefinido;;90;0
JCNEMXTL;Tlanalapa;Tlanalapa @ Tlanalapa;Jurisdiccion;Mexico;NES;tlanalapa_jurisdiccion_nes;~~REDIRECT>tlanalapa_jurisdiccion_nes~~;NEMXTLJC;1545;1550;1459;;;;Nueva España;Jurisdiccion;;19.81806;-98.60417
JCNEMXTN;Totolapan;Totolapan @ Totolapa y Tlayacapa;Jurisdiccion;Mexico;NES;totolapan_jurisdiccion_nes;~~REDIRECT>totolapan_jurisdiccion_nes~~;NEMXTNJC;1532;1703;1478;;;;Nueva España;indefinido;;18.98694;-98.91972
JCNEMXTQ;Tlahuililpa;Tlahuililpa @ Tlaquilpa @ Tlauililpa @ Tlaguililpa @ Tlagualilpa;Jurisdiccion;Mexico;NES;tlahuililpa_jurisdiccion_nes;~~REDIRECT>tlahuililpa_jurisdiccion_nes~~;NEMXTQJC;1531;1607;1559;;;;Nueva España;Jurisdiccion;;20.13167;-99.23194
JCNEMXTT;Teloloapa y Totoltepec;Teloloapa y Totoltepec @;Jurisdiccion;Mexico;NES;teloloapa_y_totoltepec_jurisdiccion_nes;~~REDIRECT>teloloapa_y_totoltepec_jurisdiccion_nes~~;NEMXTTJC;1531;1599;1566;;;;Nueva España;indefinido;;18.15417;-100.5
JCNEMXTZ;Tepotzotlan;Tepotzotlan @ Tepozotlan;Jurisdiccion;Mexico;NES;tepotzotlan_jurisdiccion_nes;~~REDIRECT>tepotzotlan_jurisdiccion_nes~~;NEMXTZJC;1546;1580;1484;;;;Nueva España;Jurisdiccion;;19.71611;-99.22361
JCNEMXXI;Xiquipilco;Xiquipilco @;Jurisdiccion;Mexico;NES;xiquipilco_jurisdiccion_nes;~~REDIRECT>xiquipilco_jurisdiccion_nes~~;NEMXXIJC;1534;1553;1508;;;;Nueva España;indefinido;;19.55556;-99.60778
JCNEMXXU;Xumiltepec;Xumiltepec @ Jumiltepec @ Jumiltepeque @ Xumiltepeque;Jurisdiccion;Mexico;NES;xumiltepec_jurisdiccion_nes;~~REDIRECT>xumiltepec_jurisdiccion_nes~~;NEMXXUJC;1545;1548;1477;;;;Nueva España;indefinido;;18.91444;-98.77472
JCNEMXYE;Yetecomac;Yetecomac @  Tecomatlan @ Ilitecomatl y Tornacuxtla @ Yeltecomatl @ Yeytecomatl y minas de Tornacustla @ Tecomac, Tornacuxtla y su partido;Jurisdiccion;Mexico;NES;yetecomac_jurisdiccion_nes;~~REDIRECT>yetecomac_jurisdiccion_nes~~;NEMXYEJC;1531;1599;1561;;;;Nueva España;Jurisdiccion;;20.15222;-98.87028
JCNEMXZA;Zayula;Zayula @ Zayula y Tlauililpa @ Sayula;Jurisdiccion;Mexico;NES;zayula_jurisdiccion_nes;~~REDIRECT>zayula_jurisdiccion_nes~~;NEMXZAJC;1551;1599;1557;;;;Nueva España;Jurisdiccion;;20.19806;-99.39667
JCNEMXZI;Zinguiluca;Zinguiluca @ Singuiluca @ Cinguiluca;Jurisdiccion;Mexico;NES;zinguiluca_jurisdiccion_nes;~~REDIRECT>zinguiluca_jurisdiccion_nes~~;NEMXZIJC;1544;1653;1576;;;;Nueva España;Jurisdiccion;;19.96778;-98.51694
JCNEOAAM;Amoltepec;Amoltepec @;Jurisdiccion;Oaxaca;NES;amoltepec_jurisdiccion_nes;~~REDIRECT>amoltepec_jurisdiccion_nes~~;NEOAAMJC;1545;1579;1668;;;;Nueva España;Jurisdiccion;;90;0
JCNEOAAY;Ayautla y Tepeapa;Ayautla y Tepeapa @ Ayautla y Tepeaca;Jurisdiccion;Oaxaca;NES;ayautla_y_tepeapa_jurisdiccion_nes;~~REDIRECT>ayautla_y_tepeapa_jurisdiccion_nes~~;NEOAAYJC;1534;1599;1568;;;;Nueva España;Jurisdiccion;;18.03056;-96.66944
JCNEOACC;Chichicapa;Chichicapa @ Santa Catalina de Chichicapa @ Chichicapa y Tetiquipa;Jurisdiccion;Oaxaca;NES;chichicapa_jurisdiccion_nes;~~REDIRECT>chichicapa_jurisdiccion_nes~~;NEOACCJC;1534;1686;1469;;;;Nueva España;Jurisdiccion;;16.76111;-96.49028
JCNEOACH;Chimaltepec;Chimaltepec @;Jurisdiccion;Oaxaca;NES;chimaltepec_jurisdiccion_nes;~~REDIRECT>chimaltepec_jurisdiccion_nes~~;NEOACHJC;1553;1599;1515;;;;Nueva España;indefinido;;90;0
JCNEOACI;Cilacayoapa;Cilacayoapa @ Silacayoapam;Jurisdiccion;Oaxaca;NES;cilacayoapa_jurisdiccion_nes;~~REDIRECT>cilacayoapa_jurisdiccion_nes~~;NEOACIJC;1570;1578;1488;;;;Nueva España;indefinido;;17.5025;-98.14028
JCNEOACN;Cuahuitlan;Cuahuitlan @ Coahuitlan @ Icpatepec @ Hicpaltepeque @ Coahuitlan y Tututepec;Jurisdiccion;Oaxaca;NES;cuahuitlan_jurisdiccion_nes;~~REDIRECT>cuahuitlan_jurisdiccion_nes~~;NEOACNJC;1534;1581;1732;;;;Nueva España;Jurisdiccion;;90;0
JCNEOACO;Coatlan e Ixpaltepec;Coatlan e Ixpaltepec @;Jurisdiccion;Oaxaca;NES;coatlan_e_ixpaltepec_jurisdiccion_nes;~~REDIRECT>coatlan_e_ixpaltepec_jurisdiccion_nes~~;NEOACOJC;1553;1599;1514;;;;Nueva España;indefinido;;90;0
JCNEOACT;Cuicatlan;Cuicatlan @ Cuicatlan y Tecomavaca;Partido;Oaxaca;NES;cuicatlan_partido_nes;~~REDIRECT>cuicatlan_partido_nes~~;NEOACTJC;1548;1808;1033;;;;Nueva España;Partido;;17.79861;-96.95972
JCNEOACU;Cuestlahuaca;Cuestlahuaca @ Cuestlaguaca;Jurisdiccion;Oaxaca;NES;cuestlahuaca_jurisdiccion_nes;~~REDIRECT>cuestlahuaca_jurisdiccion_nes~~;NEOACUJC;1534;1599;1564;;;;Nueva España;indefinido;;17.72361;-97.32361
JCNEOACZ;Cozautepec;Cozautepec @ Cozautepec y Amatlan;Jurisdiccion;Oaxaca;NES;cozautepec_jurisdiccion_nes;~~REDIRECT>cozautepec_jurisdiccion_nes~~;NEOACZJC;1535;1558;1471;;;;Nueva España;Jurisdiccion;;15.80972;-96.72333
JCNEOAGP;Guapanapa;Guapanapa @;Jurisdiccion;Oaxaca;NES;guapanapa_jurisdiccion_nes;~~REDIRECT>guapanapa_jurisdiccion_nes~~;NEOAGPJC;1531;1599;1485;;;;Nueva España;indefinido;;18.13778;-97.67222
JCNEOAGU;Guautla;Guautla @ Guautla y Tututepetongo;Jurisdiccion;Oaxaca;NES;guautla_jurisdiccion_nes;~~REDIRECT>guautla_jurisdiccion_nes~~;NEOAGUJC;1563;1599;1671;;;;Nueva España;indefinido;;90;0
JCNEOAMC;Malacatepec y Camotlan;Malacatepec y Camotlan @;Jurisdiccion;Oaxaca;NES;malacatepec_y_camotlan_jurisdiccion_nes;~~REDIRECT>malacatepec_y_camotlan_jurisdiccion_nes~~;NEOAMCJC;1553;1599;1516;;;;Nueva España;indefinido;;16.945;-95.71111
JCNEOAOZ;Ozelotepec;Ozelotepec @ Ozelotepeque;Jurisdiccion;Oaxaca;NES;ozelotepec_jurisdiccion_nes;~~REDIRECT>ozelotepec_jurisdiccion_nes~~;NEOAOZJC;1549;1558;1472;;;;Nueva España;Jurisdiccion;;16.13111;-96.25833
JCNEOAPC;Puctla;Puctla @;Jurisdiccion;Oaxaca;NES;puctla_jurisdiccion_nes;~~REDIRECT>puctla_jurisdiccion_nes~~;NEOAPCJC;1569;1579;1672;;;;Nueva España;indefinido;;90;0
JCNEOAPH;Peñol de Huelamos;Peñol de Huelamos @ Maxaltepec;Jurisdiccion;Oaxaca;NES;penol_de_huelamos_jurisdiccion_nes;~~REDIRECT>penol_de_huelamos_jurisdiccion_nes~~;NEOAPHJC;1534;1599;1518;;;;Nueva España;indefinido;;90;0
JCNEOAPO;Pochutla;Pochutla @ Pochutla y Tonameca;Jurisdiccion;Oaxaca;NES;pochutla_jurisdiccion_nes;~~REDIRECT>pochutla_jurisdiccion_nes~~;NEOAPOJC;1531;1599;1482;;;;Nueva España;indefinido;;90;0
JCNEOAPP;Papaloticpac;Papaloticpac @ Papaloticpac y Tepeuzila @ Papalo;Partido;Oaxaca;NES;papaloticpac_partido_nes;~~REDIRECT>papaloticpac_partido_nes~~;NEOAPPJC;1541;1808;1034;;;;Nueva España;Partido;;17.7825;-96.79722
JCNEOAQU;Quiabecuza;Quiabecuza @;Jurisdiccion;Oaxaca;NES;quiabecuza_jurisdiccion_nes;~~REDIRECT>quiabecuza_jurisdiccion_nes~~;NEOAQUJC;1553;1599;1519;;;;Nueva España;indefinido;;16.86167;-95.71306
JCNEOASU;Suchitepec;Suchitepec @ Suchitepeque;Jurisdiccion;Oaxaca;NES;suchitepec_jurisdiccion_nes;~~REDIRECT>suchitepec_jurisdiccion_nes~~;NEOASUJC;1531;1599;1483;;;;Nueva España;indefinido;;90;0
JCNEOATC;Teotitlan del Camino;Teotitlan del Camino @ Teutitlan del Camino @ Teutitlan de los Cues;Jurisdiccion;Oaxaca;NES;teotitlan_del_camino_jurisdiccion_nes;~~REDIRECT>teotitlan_del_camino_jurisdiccion_nes~~;NEOATCJC;1531;1808;1570;;;;Nueva España;Jurisdiccion;;18.1325;-97.07222
JCNEOATE;Tecomabaca y Quiotepec;Tecomabaca y Quiotepec @ Tecomavaca @;Jurisdiccion;Oaxaca;NES;tecomabaca_y_quiotepec_jurisdiccion_nes;~~REDIRECT>tecomabaca_y_quiotepec_jurisdiccion_nes~~;NEOATEJC;1531;1630;1571;;;;Nueva España;Jurisdiccion;;90;0
JCNEOATH;Tlahuitaltepec;Tlahuitaltepec @;Jurisdiccion;Oaxaca;NES;tlahuitaltepec_jurisdiccion_nes;~~REDIRECT>tlahuitaltepec_jurisdiccion_nes~~;NEOATHJC;1553;1599;1521;;;;Nueva España;indefinido;;90;0
JCNEOATI;Tilantongo;Tilantongo @ Tilantongo, Mitlantongo y Tamazola;Jurisdiccion;Oaxaca;NES;tilantongo_jurisdiccion_nes;~~REDIRECT>tilantongo_jurisdiccion_nes~~;NEOATIJC;1566;1688;1722;;;;Nueva España;Jurisdiccion;;90;0
JCNEOATL;Tlapacaltepec;Tlapacaltepec @;Jurisdiccion;Oaxaca;NES;tlapacaltepec_jurisdiccion_nes;~~REDIRECT>tlapacaltepec_jurisdiccion_nes~~;NEOATLJC;1534;1599;1522;;;;Nueva España;indefinido;;90;0
JCNEOATO;Tonala;Tonala @ Tonala y  Minas de Cilacayoapa @ Tonala y Tlapacingo @ Igualapan;Jurisdiccion;Oaxaca;NES;tonala_jurisdiccion_nes;~~REDIRECT>tonala_jurisdiccion_nes~~;NEOATOJC;1531;1808;1486;;;;Nueva España;Jurisdiccion;;17.675;-97.9625
JCNEOATP;Tepetotutla;Tepetotutla @;Jurisdiccion;Oaxaca;NES;tepetotutla_jurisdiccion_nes;~~REDIRECT>tepetotutla_jurisdiccion_nes~~;NEOATPJC;1580;1599;1551;;;;Nueva España;Jurisdiccion;;17.73833;-96.55833
JCNEOATQ;Tetiquipa;Tetiquipa @ Tetiquipa y Rio Hondo @ Rio Hondo;Jurisdiccion;Oaxaca;NES;tetiquipa_jurisdiccion_nes;~~REDIRECT>tetiquipa_jurisdiccion_nes~~;NEOATQJC;1559;1598;1470;;;;Nueva España;Jurisdiccion;;16.1425;-96.44944
JCNEOATT;Tetipac;Tetipac @ Teticpac @ Teiticpac @ Teitipac @ Tectipac @ Tecticpac @ Tetipaque @ Teitipaque @ Tectipaque @ Teticpaque @ Teiticpaque @ Tecticpaque;Jurisdiccion;Oaxaca;NES;tetipac_jurisdiccion_nes;~~REDIRECT>tetipac_jurisdiccion_nes~~;NEOATTJC;1531;1598;1468;;;;Nueva España;Jurisdiccion;;16.90361;-96.55833
JCNEOATU;Tuctla;Tuctla @ Tutla;Jurisdiccion;Oaxaca;NES;tuctla_jurisdiccion_nes;~~REDIRECT>tuctla_jurisdiccion_nes~~;NEOATUJC;1531;1554;1487;;;;Nueva España;indefinido;;17.70444;-97.64028
JCNEOATX;Texupa;Texupa @;Jurisdiccion;Oaxaca;NES;texupa_jurisdiccion_nes;~~REDIRECT>texupa_jurisdiccion_nes~~;NEOATXJC;1534;1599;1563;;;;Nueva España;Jurisdiccion;;17.6625;-97.47083
JCNEOATZ;Tizatepec;Tizatepec @;Jurisdiccion;Oaxaca;NES;tizatepec_jurisdiccion_nes;~~REDIRECT>tizatepec_jurisdiccion_nes~~;NEOATZJC;1553;1599;1520;;;;Nueva España;indefinido;;90;0
JCNEOAUC;Ucila;Ucila @;Jurisdiccion;Oaxaca;NES;ucila_jurisdiccion_nes;~~REDIRECT>ucila_jurisdiccion_nes~~;NEOAUCJC;1534;1599;1567;;;;Nueva España;Jurisdiccion;;17.87917;-96.52778
JCNEOAZO;Zoyaltepec;Zoyaltepec @ Zoyaltepec y Zoyatlan @ Zoyaltepec y Coyatlan @ Coyatlan y Amatlan;Jurisdiccion;Oaxaca;NES;zoyaltepec_jurisdiccion_nes;~~REDIRECT>zoyaltepec_jurisdiccion_nes~~;NEOAZOJC;1560;1599;1670;;;;Nueva España;Jurisdiccion;;90;0
JCNEPUCA;Calpan;Calpan @;Jurisdiccion;Puebla;NES;calpan_jurisdiccion_nes;~~REDIRECT>calpan_jurisdiccion_nes~~;NEPUCAJC;1531;1808;1460;;;;Nueva España;Jurisdiccion;;19.10361;-98.46333
JCNEPUCU;Cuzcatlan;Cuzcatlan @ Cozcatlan @ Coxcatlan;Jurisdiccion;Puebla;NES;cuzcatlan_jurisdiccion_nes;~~REDIRECT>cuzcatlan_jurisdiccion_nes~~;NEPUCUJC;1534;1645;1553;;;;Nueva España;Jurisdiccion;;18.26607;-97.15087
JCNEPUEP;Epatlan y Teupantlan;Epatlan y Teupantlan @;Jurisdiccion;Puebla;NES;epatlan_y_teupantlan_jurisdiccion_nes;~~REDIRECT>epatlan_y_teupantlan_jurisdiccion_nes~~;NEPUEPJC;1534;1601;1504;;;;Nueva España;Jurisdiccion;;18.64083;-98.37028
JCNEPUGU;Guatinchan;Guatinchan @ Cuautinchan;Jurisdiccion;Puebla;NES;guatinchan_jurisdiccion_nes;~~REDIRECT>guatinchan_jurisdiccion_nes~~;NEPUGUJC;;;1547;;;;Nueva España;indefinido;;;
JCNEPUNO;Nopaluca;Nopaluca @;Jurisdiccion;Puebla;NES;nopaluca_jurisdiccion_nes;~~REDIRECT>nopaluca_jurisdiccion_nes~~;NEPUNOJC;1555;1599;1556;;;;Nueva España;indefinido;;19.21444;-97.82167
JCNEPUTU;Tustepec y Quimixtlan;Tustepec y Quimixtlan @ Tuxtepec y Quimixtlan @ Tustebec @ Quimistlan @ Quimiztlan @ Tusteuqeue;Jurisdiccion;Puebla;NES;tustepec_y_quimixtlan_jurisdiccion_nes;~~REDIRECT>tustepec_y_quimixtlan_jurisdiccion_nes~~;NEPUTUJC;1542;1673;1548;;;;Nueva España;Jurisdiccion;;19.25306;-97.135
JCNEPUXI;Xicotepec;Xicotepec @ Xicotepeque @ Jicotepec;Jurisdiccion;Puebla;NES;xicotepec_jurisdiccion_nes;~~REDIRECT>xicotepec_jurisdiccion_nes~~;NEPUXIJC;1531;1564;1480;;;;Nueva España;indefinido;;20.27556;-97.96028
JCNEPUZO;Zoquitlan;Zoquitlan @;Jurisdiccion;Puebla;NES;zoquitlan_jurisdiccion_nes;~~REDIRECT>zoquitlan_jurisdiccion_nes~~;NEPUZOJC;1545;1599;1552;;;;Nueva España;indefinido;;18.33417;-97.01722
JCNEVCAG;Aguataco;Aguataco @;Jurisdiccion;Veracruz;NES;aguataco_jurisdiccion_nes;~~REDIRECT>aguataco_jurisdiccion_nes~~;NEVCAGJC;1545;1599;1489;;;;Nueva España;indefinido;;90;0
JCNEVCAT;Ataco;Ataco @ Ataco y Ocelotepec;Jurisdiccion;Veracruz;NES;ataco_jurisdiccion_nes;~~REDIRECT>ataco_jurisdiccion_nes~~;NEVCATJC;1551;1680;1491;;;;Nueva España;indefinido;;90;0
JCNEVCCE;Cetusco;Cetusco @;Jurisdiccion;Veracruz;NES;cetusco_jurisdiccion_nes;~~REDIRECT>cetusco_jurisdiccion_nes~~;NEVCCEJC;1533;1569;1546;;;;Nueva España;indefinido;;90;0
JCNEVCCH;Chicuitlan;Chicuitlan @ Chicuitlan y Ostuacan;Jurisdiccion;Veracruz;NES;chicuitlan_jurisdiccion_nes;~~REDIRECT>chicuitlan_jurisdiccion_nes~~;NEVCCHJC;1558;1680;1496;;;;Nueva España;indefinido;;90;0
JCNEVCCM;Chapultepec y Maltrata;Chapultepec y Maltrata @;Jurisdiccion;Veracruz;NES;chapultepec_y_maltrata_jurisdiccion_nes;~~REDIRECT>chapultepec_y_maltrata_jurisdiccion_nes~~;NEVCCMJC;;;1611;;;;Nueva España;indefinido;;;
JCNEVCCO;Cotaxtla;Cotaxtla @;Partido;Veracruz;NES;cotaxtla_partido_nes;~~REDIRECT>cotaxtla_partido_nes~~;NEVCCOJC;1595;9999;1574;;;;Nueva España;Partido;;18.83417;-96.39722
JCNEVCCZ;Chicuazen;Chicuazen @ Chicuasen;Jurisdiccion;Veracruz;NES;chicuazen_jurisdiccion_nes;~~REDIRECT>chicuazen_jurisdiccion_nes~~;NEVCCZJC;1531;1565;1731;;;;Nueva España;Jurisdiccion;;90;0
JCNEVCHU;Hueytlan;Hueytlan @ Hueytlan y Tilzapoapa;Jurisdiccion;Veracruz;NES;hueytlan_jurisdiccion_nes;~~REDIRECT>hueytlan_jurisdiccion_nes~~;NEVCHUJC;1551;1599;1492;;;;Nueva España;indefinido;;90;0
JCNEVCLA;Los Agualulcos;Los Agualulcos @ Yagualulcos;Jurisdiccion;Veracruz;NES;los_agualulcos_jurisdiccion_nes;~~REDIRECT>los_agualulcos_jurisdiccion_nes~~;NEVCLAJC;1550;9999;1490;;;;Nueva España;indefinido;;17.85472;-93.48972
JCNEVCMZ;Miahuatlan;Miahuatlan @ Miaguatlan y Zapotancingo;Jurisdiccion;Veracruz;NES;miahuatlan_jurisdiccion_nes;~~REDIRECT>miahuatlan_jurisdiccion_nes~~;NEVCMZJC;1551;1599;1493;;;;Nueva España;indefinido;;90;0
JCNEVCPA;Tlapacoya;Tlapacoya @ Papalote de la Sierra @ Tapacoya, Padilla, Nautla, Colipa y Papalo @ Tizapancingo, Atlaliloya y Cicaquautla;Jurisdiccion;Veracruz;NES;tlapacoya_jurisdiccion_nes;~~REDIRECT>tlapacoya_jurisdiccion_nes~~;NEVCPAJC;1534;1550;1662;;;;Nueva España;Jurisdiccion;;90;0
JCNEVCTA;Tapalan;Tapalan @;Jurisdiccion;Veracruz;NES;tapalan_jurisdiccion_nes;~~REDIRECT>tapalan_jurisdiccion_nes~~;NEVCTAJC;1551;1599;1494;;;;Nueva España;indefinido;;90;0
JCNEVCTC;Tonatico y Cetusco;Tonatico y Cetusco @ Tonatico y Setusco @;Jurisdiccion;Veracruz;NES;tonatico_y_cetusco_jurisdiccion_nes;~~REDIRECT>tonatico_y_cetusco_jurisdiccion_nes~~;NEVCTCJC;1533;1607;1721;;;;Nueva España;Jurisdiccion;;90;0
JCNEVCTE;Tezayuca;Tezayuca @ Tlaliscoya @ Tlalixcoya;Jurisdiccion;Veracruz;NES;tezayuca_jurisdiccion_nes;~~REDIRECT>tezayuca_jurisdiccion_nes~~;NEVCTEJC;1534;1550;1725;;;;Nueva España;Jurisdiccion;;90;0
JCNEVCTL;Tlacotalpa;Tlacotalpa @;Jurisdiccion;Veracruz;NES;tlacotalpa_jurisdiccion_nes;~~REDIRECT>tlacotalpa_jurisdiccion_nes~~;NEVCTLJC;1541;1610;1674;;;;Nueva España;Jurisdiccion;;90;0
JCNEVCTO;Tonala;Tonala @;Jurisdiccion;Veracruz;NES;tonala_jurisdiccion_nes;~~REDIRECT>tonala_jurisdiccion_nes~~;NEVCTOJC;1551;1680;1495;;;;Nueva España;indefinido;;90;0
JCNEVCTQ;Taquilapas;Taquilapas @;Jurisdiccion;Veracruz;NES;taquilapas_jurisdiccion_nes;~~REDIRECT>taquilapas_jurisdiccion_nes~~;NEVCTQJC;1558;1599;1498;;;;Nueva España;indefinido;;90;0
JCNEVCTU;Tuxtla;Tuxtla @;Partido;Veracruz;NES;tuxtla_partido_nes;~~REDIRECT>tuxtla_partido_nes~~;NEVCTUJC;1595;9999;1573;;;;Nueva España;Partido;;18.46167;-95.29944
JCNEVCZA;Zacualpa;Zacualpa @ Zacualpa y Cayaco;Jurisdiccion;Veracruz;NES;zacualpa_jurisdiccion_nes;~~REDIRECT>zacualpa_jurisdiccion_nes~~;NEVCZAJC;1558;1599;1497;;;;Nueva España;indefinido;;90;0
JCNEVCZE;Zempoala;Zempoala @;Jurisdiccion;Veracruz;NES;zempoala_jurisdiccion_nes;~~REDIRECT>zempoala_jurisdiccion_nes~~;NEVCZEJC;1531;1599;1730;;;;Nueva España;Jurisdiccion;;90;0
JCNEVCZO;Zongolica;Zongolica @;Jurisdiccion;Veracruz;NES;zongolica_jurisdiccion_nes;~~REDIRECT>zongolica_jurisdiccion_nes~~;NEVCZOJC;1531;1599;1729;;;;Nueva España;Jurisdiccion;;90;0
JCNEZPGU;Guaticamones;Guaticamones @;Jurisdiccion;Zapotecas;NES;guaticamones_jurisdiccion_nes;~~REDIRECT>guaticamones_jurisdiccion_nes~~;NEZPGUJC;1531;1599;1676;;;;Nueva España;indefinido;;90;0
JCNEZPHH;Hueycatepec y La Hoya;Hueycatepec y La Hoya @;Jurisdiccion;Zapotecas;NES;hueycatepec_y_la_hoya_jurisdiccion_nes;~~REDIRECT>hueycatepec_y_la_hoya_jurisdiccion_nes~~;NEZPHHJC;1531;1599;1677;;;;Nueva España;indefinido;;90;0
JCNEZPIX;Ixcuintepec y Xuquila;Ixcuintepec y Xuquila @;Jurisdiccion;Zapotecas;NES;ixcuintepec_y_xuquila_jurisdiccion_nes;~~REDIRECT>ixcuintepec_y_xuquila_jurisdiccion_nes~~;NEZPIXJC;1531;1599;1678;;;;Nueva España;indefinido;;90;0
JCNEZPLA;Lalana;Lalana @;Jurisdiccion;Zapotecas;NES;lalana_jurisdiccion_nes;~~REDIRECT>lalana_jurisdiccion_nes~~;NEZPLAJC;1531;1599;1679;;;;Nueva España;indefinido;;90;0
JCNEZPME;Metepec y Alotepec;Metepec y Alotepec @;Jurisdiccion;Zapotecas;NES;metepec_y_alotepec_jurisdiccion_nes;~~REDIRECT>metepec_y_alotepec_jurisdiccion_nes~~;NEZPMEJC;1531;1599;1680;;;;Nueva España;indefinido;;90;0
JCNEZPNA;Nanacatepec;Nanacatepec @;Jurisdiccion;Zapotecas;NES;nanacatepec_jurisdiccion_nes;~~REDIRECT>nanacatepec_jurisdiccion_nes~~;NEZPNAJC;1531;1599;1683;;;;Nueva España;indefinido;;90;0
JCNEZPNE;Nestepec y Teotalcingo;Nestepec y Teotalcingo @;Jurisdiccion;Zapotecas;NES;nestepec_y_teotalcingo_jurisdiccion_nes;~~REDIRECT>nestepec_y_teotalcingo_jurisdiccion_nes~~;NEZPNEJC;1531;1599;1681;;;;Nueva España;indefinido;;90;0
JCNEZPNQ;Nanacatepec y Quezalapa;Nanacatepec y Quezalapa @;Jurisdiccion;Oaxaca;NES;nanacatepec_y_quezalapa_jurisdiccion_nes;~~REDIRECT>nanacatepec_y_quezalapa_jurisdiccion_nes~~;NEZPNQJC;;;1517;;;;Nueva España;indefinido;;;
JCNEZPQU;Quezalapa;Quezalapa @ Quetzalapa;Jurisdiccion;Zapotecas;NES;quezalapa_jurisdiccion_nes;~~REDIRECT>quezalapa_jurisdiccion_nes~~;NEZPQUJC;1531;1599;1682;;;;Nueva España;indefinido;;90;0
JCNEZPTI;Tiltepec y Yagavila;Tiltepec y Yagavila @;Jurisdiccion;Zapotecas;NES;tiltepec_y_yagavila_jurisdiccion_nes;~~REDIRECT>tiltepec_y_yagavila_jurisdiccion_nes~~;NEZPTIJC;1531;1599;1685;;;;Nueva España;indefinido;;90;0
JCNEZPTL;Tlahuitoltepec y Huitepec;Tlahuitoltepec y Huitepec @;Jurisdiccion;Zapotecas;NES;tlahuitoltepec_y_huitepec_jurisdiccion_nes;~~REDIRECT>tlahuitoltepec_y_huitepec_jurisdiccion_nes~~;NEZPTLJC;1531;1599;1686;;;;Nueva España;indefinido;;90;0
JCNEZPXA;Xaltepec y Yacoche;Xaltepec y Yacoche @;Jurisdiccion;Zapotecas;NES;xaltepec_y_yacoche_jurisdiccion_nes;~~REDIRECT>xaltepec_y_yacoche_jurisdiccion_nes~~;NEZPXAJC;1531;1599;1684;;;;Nueva España;indefinido;;90;0
JCNEZTAR;Arimao y Borona;Arimao y Borona @;Jurisdiccion;Zacatula;NES;arimao_y_borona_jurisdiccion_nes;~~REDIRECT>arimao_y_borona_jurisdiccion_nes~~;NEZTARJC;1531;1559;1549;;;;Nueva España;Jurisdiccion;;19.11604;-102.56281
JCNEZTAX;Axalo;Axalo @;Jurisdiccion;Zacatula;NES;axalo_jurisdiccion_nes;~~REDIRECT>axalo_jurisdiccion_nes~~;NEZTAXJC;1578;1599;1687;;;;Nueva España;indefinido;;90;0
JCNEZTAY;Ayutla;Ayutla @;Jurisdiccion;Zacatula;NES;ayutla_jurisdiccion_nes;~~REDIRECT>ayutla_jurisdiccion_nes~~;NEZTAYJC;1534;1599;1688;;;;Nueva España;indefinido;;90;0
JCNEZTCA;Cacalutla;Cacalutla @;Jurisdiccion;Zacatula;NES;cacalutla_jurisdiccion_nes;~~REDIRECT>cacalutla_jurisdiccion_nes~~;NEZTCAJC;1534;1579;1689;;;;Nueva España;indefinido;;90;0
JCNEZTCG;Ciguatanejo;Ciguatanejo @ Cihuatanejo;Jurisdiccion;Zacatula;NES;ciguatanejo_jurisdiccion_nes;~~REDIRECT>ciguatanejo_jurisdiccion_nes~~;NEZTCGJC;1545;1579;1691;;;;Nueva España;indefinido;;90;0
JCNEZTCM;Ciutla y Metlapan;Ciutla y Metlapan @;Jurisdiccion;Zacatula;NES;ciutla_y_metlapan_jurisdiccion_nes;~~REDIRECT>ciutla_y_metlapan_jurisdiccion_nes~~;NEZTCMJC;1560;1579;1693;;;;Nueva España;indefinido;;90;0
JCNEZTCO;Coyuca;Coyuca @;Jurisdiccion;Zacatula;NES;coyuca_jurisdiccion_nes;~~REDIRECT>coyuca_jurisdiccion_nes~~;NEZTCOJC;1534;1579;1694;;;;Nueva España;indefinido;;90;0
JCNEZTCT;Ciguatlan y Tameluacan;Ciguatlan y Tameluacan @ Cihuatlan;Jurisdiccion;Zacatula;NES;ciguatlan_y_tameluacan_jurisdiccion_nes;~~REDIRECT>ciguatlan_y_tameluacan_jurisdiccion_nes~~;NEZTCTJC;1560;1579;1692;;;;Nueva España;indefinido;;90;0
JCNEZTCU;Cuacuatlan;Cuacuatlan @;Jurisdiccion;Zacatula;NES;cuacuatlan_jurisdiccion_nes;~~REDIRECT>cuacuatlan_jurisdiccion_nes~~;NEZTCUJC;1544;1599;1695;;;;Nueva España;indefinido;;90;0
JCNEZTCY;Cayaco;Cayaco @ Cavaco;Jurisdiccion;Zacatula;NES;cayaco_jurisdiccion_nes;~~REDIRECT>cayaco_jurisdiccion_nes~~;NEZTCYJC;1575;1599;1690;;;;Nueva España;indefinido;;90;0
JCNEZTME;Mechia;Mechia @;Jurisdiccion;Zacatula;NES;mechia_jurisdiccion_nes;~~REDIRECT>mechia_jurisdiccion_nes~~;NEZTMEJC;1550;1599;1696;;;;Nueva España;indefinido;;90;0
JCNEZTMX;Mexcaluacan;Mexcaluacan @;Jurisdiccion;Zacatula;NES;mexcaluacan_jurisdiccion_nes;~~REDIRECT>mexcaluacan_jurisdiccion_nes~~;NEZTMXJC;1545;1579;1697;;;;Nueva España;indefinido;;90;0
JCNEZTNE;Nexpa;Nexpa @;Jurisdiccion;Zacatula;NES;nexpa_jurisdiccion_nes;~~REDIRECT>nexpa_jurisdiccion_nes~~;NEZTNEJC;1538;1579;1698;;;;Nueva España;indefinido;;90;0
JCNEZTPA;Pantla y Yautepec;Pantla y Yautepec @;Jurisdiccion;Zacatula;NES;pantla_y_yautepec_jurisdiccion_nes;~~REDIRECT>pantla_y_yautepec_jurisdiccion_nes~~;NEZTPAJC;1534;1599;1699;;;;Nueva España;indefinido;;90;0
JCNEZTPE;Petatlan;Petatlan @ Ximalcota;Jurisdiccion;Zacatula;NES;petatlan_jurisdiccion_nes;~~REDIRECT>petatlan_jurisdiccion_nes~~;NEZTPEJC;1545;1599;1700;;;;Nueva España;indefinido;;90;0
JCNEZTPO;Pochutla;Pochutla @;Jurisdiccion;Zacatula;NES;pochutla_jurisdiccion_nes;~~REDIRECT>pochutla_jurisdiccion_nes~~;NEZTPOJC;1560;1599;1701;;;;Nueva España;indefinido;;90;0
JCNEZTTE;Tecomatlan;Tecomatlan @;Jurisdiccion;Zacatula;NES;tecomatlan_jurisdiccion_nes;~~REDIRECT>tecomatlan_jurisdiccion_nes~~;NEZTTEJC;1545;1599;1702;;;;Nueva España;indefinido;;90;0
JCNEZTTT;Texupan y Topetina;Texupan y Topetina @;Jurisdiccion;Zacatula;NES;texupan_y_topetina_jurisdiccion_nes;~~REDIRECT>texupan_y_topetina_jurisdiccion_nes~~;NEZTTTJC;1534;1599;1703;;;;Nueva España;indefinido;;90;0
JCNEZTXI;Xiguacan y Pichique;Xiguacan y Pichique @;Jurisdiccion;Zacatula;NES;xiguacan_y_pichique_jurisdiccion_nes;~~REDIRECT>xiguacan_y_pichique_jurisdiccion_nes~~;NEZTXIJC;1544;1579;1704;;;;Nueva España;indefinido;;90;0
JCNEZTZA;Zacualpa y Panutla;Zacualpa y Panutla @;Jurisdiccion;Zacatula;NES;zacualpa_y_panutla_jurisdiccion_nes;~~REDIRECT>zacualpa_y_panutla_jurisdiccion_nes~~;NEZTZAJC;1536;1579;1705;;;;Nueva España;indefinido;;90;0
JCNEZTZO;Zoyatlan y Atlan;Zoyatlan y Atlan @;Jurisdiccion;Zacatula;NES;zoyatlan_y_atlan_jurisdiccion_nes;~~REDIRECT>zoyatlan_y_atlan_jurisdiccion_nes~~;NEZTZOJC;1568;1599;1706;;;;Nueva España;indefinido;;90;0
JCPAACEC;Acececa;Acececa @ Alcececa;Jurisdiccion;Panuco;NES;acececa_jurisdiccion_nes;~~REDIRECT>acececa_jurisdiccion_nes~~;PAACECJC;1545;1599;1524;;;;Nueva España;indefinido;;90;0
JCPACHTA;Chachapala y Tanquian;Chachapala y Tanquian @;Jurisdiccion;Panuco;NES;chachapala_y_tanquian_jurisdiccion_nes;~~REDIRECT>chachapala_y_tanquian_jurisdiccion_nes~~;PACHTAJC;1545;1599;1526;;;;Nueva España;indefinido;;90;0
JCPACUZC;Cuzcatlan;Cuzcatlan @;Jurisdiccion;Panuco;NES;cuzcatlan_jurisdiccion_nes;~~REDIRECT>cuzcatlan_jurisdiccion_nes~~;PACUZCJC;1536;1599;1525;;;;Nueva España;indefinido;;90;0
JCPAGUAX;Guaxutla;Guaxutla @;Jurisdiccion;Panuco;NES;guaxutla_jurisdiccion_nes;~~REDIRECT>guaxutla_jurisdiccion_nes~~;PAGUAXJC;1548;1599;1527;;;;Nueva España;indefinido;;90;0
JCPANANA;Nanaguautla;Nanaguautla @;Jurisdiccion;Panuco;NES;nanaguautla_jurisdiccion_nes;~~REDIRECT>nanaguautla_jurisdiccion_nes~~;PANANAJC;1545;1599;1528;;;;Nueva España;indefinido;;90;0
JCPANETU;Nexpa y Tauzan;Nexpa y Tauzan @ Nespa y Tauzan;Jurisdiccion;Panuco;NES;nexpa_y_tauzan_jurisdiccion_nes;~~REDIRECT>nexpa_y_tauzan_jurisdiccion_nes~~;PANETUJC;1555;1599;1529;;;;Nueva España;indefinido;;90;0
JCPAPICI;Piastla y Ciguala;Piastla y Ciguala @ Piaxtla y Cihuala;Jurisdiccion;Panuco;NES;piastla_y_ciguala_jurisdiccion_nes;~~REDIRECT>piastla_y_ciguala_jurisdiccion_nes~~;PAPICIJC;1548;1599;1530;;;;Nueva España;indefinido;;90;0
JCPATAHU;Tanchinamol y Huesco;Tanchinamol y Huesco @;Jurisdiccion;Panuco;NES;tanchinamol_y_huesco_jurisdiccion_nes;~~REDIRECT>tanchinamol_y_huesco_jurisdiccion_nes~~;PATAHUJC;1545;1599;1537;;;;Nueva España;indefinido;;90;0
JCPATAME;Tanchoy y Mezquitlan;Tanchoy y Mezquitlan @;Jurisdiccion;Panuco;NES;tanchoy_y_mezquitlan_jurisdiccion_nes;~~REDIRECT>tanchoy_y_mezquitlan_jurisdiccion_nes~~;PATAMEJC;1545;1599;1538;;;;Nueva España;indefinido;;90;0
JCPATAMI;Tamintla;Tamintla @;Jurisdiccion;Panuco;NES;tamintla_jurisdiccion_nes;~~REDIRECT>tamintla_jurisdiccion_nes~~;PATAMIJC;1548;1599;1533;;;;Nueva España;indefinido;;90;0
JCPATAMN;Tamohi;Tamohi @ Tamoin;Jurisdiccion;Panuco;NES;tamohi_jurisdiccion_nes;~~REDIRECT>tamohi_jurisdiccion_nes~~;PATAMNJC;1543;1599;1534;;;;Nueva España;indefinido;;90;0
JCPATANC;Tancuiname;Tancuiname @;Jurisdiccion;Panuco;NES;tancuiname_jurisdiccion_nes;~~REDIRECT>tancuiname_jurisdiccion_nes~~;PATANCJC;1545;1599;1536;;;;Nueva España;indefinido;;90;0
JCPATATE;Tecuinche y Texupespa;Tecuinche y Texupespa @;Jurisdiccion;Panuco;NES;tecuinche_y_texupespa_jurisdiccion_nes;~~REDIRECT>tecuinche_y_texupespa_jurisdiccion_nes~~;PATATEJC;1545;1599;1535;;;;Nueva España;indefinido;;90;0
JCPATEMP;Tempoal;Tempoal @;Jurisdiccion;Panuco;NES;tempoal_jurisdiccion_nes;~~REDIRECT>tempoal_jurisdiccion_nes~~;PATEMPJC;1564;1599;1540;;;;Nueva España;indefinido;;90;0
JCPATLAC;Tlacolula;Tlacolula @;Jurisdiccion;Panuco;NES;tlacolula_jurisdiccion_nes;~~REDIRECT>tlacolula_jurisdiccion_nes~~;PATLACJC;1545;1599;1541;;;;Nueva España;indefinido;;90;0
JCPATMHP;Tamaholipa;Tamaholipa @;Jurisdiccion;Panuco;NES;tamaholipa_jurisdiccion_nes;~~REDIRECT>tamaholipa_jurisdiccion_nes~~;PATMHPJC;1547;1599;1532;;;;Nueva España;indefinido;;90;0
JCPATNHZ;Tanhuiz;Tanhuiz @ Tanhuis;Jurisdiccion;Panuco;NES;tanhuiz_jurisdiccion_nes;~~REDIRECT>tanhuiz_jurisdiccion_nes~~;PATNHZJC;1565;1599;1539;;;;Nueva España;indefinido;;90;0
JCPATTATA;Tamahol y Tamotlan;Tamahol y Tamotlan @;Jurisdiccion;Panuco;NES;tamahol_y_tamotlan_jurisdiccion_nes;~~REDIRECT>tamahol_y_tamotlan_jurisdiccion_nes~~;ATTATAJC;1545;1599;1531;;;;Nueva España;indefinido;;90;0
JCPAXILI;Xilitla;Xilitla @ Xalitla;Jurisdiccion;Panuco;NES;xilitla_jurisdiccion_nes;~~REDIRECT>xilitla_jurisdiccion_nes~~;PAXILIJC;1536;1590;1542;;;;Nueva España;Jurisdiccion;;90;0
JCPAXOCU;Xocutla;Xocutla @;Jurisdiccion;Panuco;NES;xocutla_jurisdiccion_nes;~~REDIRECT>xocutla_jurisdiccion_nes~~;PAXOCUJC;1545;1599;1543;;;;Nueva España;indefinido;;90;0
JMNEMXTT;Teloloapa;Teloloapa @ Teloloapa y Totoltepec @ Tululuava @ Teloloava;Jurisdiccion;Mexico;NES;teloloapa_jurisdiccion_nes;~~REDIRECT>teloloapa_jurisdiccion_nes~~;NEMXTTJM;1531;1579;1501;;;;Nueva España;Jurisdiccion;;18.36694;-99.87306
JMNGANSA;Valle de San Andres de Cauca;Valle de San Andres de Cauca @ Espiritu Santo;Partido;Antioquia;NGR;valle_de_san_andres_de_cauca_partido_ngr;~~REDIRECT>valle_de_san_andres_de_cauca_partido_ngr~~;NGANSAJM;1789;1808;171;;;;Nuevo Reino de Granada;Partido;;6.91298;-75.67631
JMNGANSB;San Bartolome;San Bartolome @;Partido;Antioquia;NGR;san_bartolome_partido_ngr;~~REDIRECT>san_bartolome_partido_ngr~~;NGANSBJM;1789;1808;172;;;;Nuevo Reino de Granada;Partido;;6.6348;-74.37429
JMNGCASB;San Basilio;San Basilio @ Palenque;Jurisdiccion;Cartagena;NGR;san_basilio_jurisdiccion_ngr;~~REDIRECT>san_basilio_jurisdiccion_ngr~~;NGCASBJM;1111;1808;1382;;;;Nuevo Reino de Granada;indefinido;;10.10433;-75.19884
JMNGCHBA;Baudo;Baudo @;Jurisdiccion;Choco;NGR;baudo_jurisdiccion_ngr;~~REDIRECT>baudo_jurisdiccion_ngr~~;NGCHBAJM;1111;1808;173;;;;Nuevo Reino de Granada;Partido;;5.0515;-77.0442
JMNGCHBB;Bebara y Bete;Bebara y Bete @ Biruquete @ Bete, Bebara y Cupica;Jurisdiccion;Choco;NGR;bebara_y_bete_jurisdiccion_ngr;~~REDIRECT>bebara_y_bete_jurisdiccion_ngr~~;NGCHBBJM;1575;1808;174;;;;Nuevo Reino de Granada;Partido;;6.0915;-76.5712
JMNGCHBE;Bete;Bete @ Bete;Jurisdiccion;Choco;NGR;bete_jurisdiccion_ngr;~~REDIRECT>bete_jurisdiccion_ngr~~;NGCHBEJM;1753;1786;1454;;;;Nuevo Reino de Granada;indefinido;;6.0915;-76.5712
JMNGCHBR;Los Brazos;Los Brazos @;Jurisdiccion;Choco;NGR;los_brazos_jurisdiccion_ngr;~~REDIRECT>los_brazos_jurisdiccion_ngr~~;NGCHBRJM;1701;1793;175;;;;Nuevo Reino de Granada;Partido;;4.96158;-76.49682
JMNGCHCH;Tatama;Tatama @ Chami;Jurisdiccion;Choco;NGR;chami_jurisdiccion_ngr;~~REDIRECT>chami_jurisdiccion_ngr~~;NGCHCHJM;1575;1808;176;;;;Nuevo Reino de Granada;Jurisdiccion;;5.34243;-76.0953
JMNGCHGU;Pabarando;Pabarando @ Guirior @ Pebarando @ Pavarando @ San Manuel de Villanueva de Guirior de Pavarando;Jurisdiccion;Choco;NGR;pabarando_jurisdiccion_ngr;~~REDIRECT>pabarando_jurisdiccion_ngr~~;NGCHGUJM;1776;1805;177;;;;Nuevo Reino de Granada;Partido;;7.2761;-76.5622
JMNGCHLL;Lloro;Lloro @;Jurisdiccion;Choco;NGR;lloro_jurisdiccion_ngr;~~REDIRECT>lloro_jurisdiccion_ngr~~;NGCHLLJM;1111;1808;178;;;;Nuevo Reino de Granada;Partido;;5.49994;-76.54253
JMNGCHMU;Murri;Murri @ Murry;Jurisdiccion;Choco;NGR;murri_jurisdiccion_ngr;~~REDIRECT>murri_jurisdiccion_ngr~~;NGCHMUJM;1701;1808;179;;;;Nuevo Reino de Granada;Partido;;6.58641;-76.89693
JMNGCHNN;Noanama;Noanama @;Jurisdiccion;Choco;NGR;noanama_jurisdiccion_ngr;~~REDIRECT>noanama_jurisdiccion_ngr~~;NGCHNNJM;1701;1808;180;;;;Nuevo Reino de Granada;Partido;;4.69004;-76.93564
JMNGCHNO;Novita;Novita @;Partido;Choco;NGR;novita_jurisdiccion_ngr;~~REDIRECT>novita_jurisdiccion_ngr~~;NGCHNOJM;1709;1808;181;;;;Nuevo Reino de Granada;Partido;;4.95468;-76.60592
JMNGCHQU;Quibdo;Quibdo @;Jurisdiccion;Choco;NGR;quibdo_jurisdiccion_ngr;~~REDIRECT>quibdo_jurisdiccion_ngr~~;NGCHQUJM;1701;1808;53;;;;Nuevo Reino de Granada;Partido;;5.6869;-76.65836
JMNGCHSI;Sipi;Sipi @ Zipi;Jurisdiccion;Choco;NGR;sipi_jurisdiccion_ngr;~~REDIRECT>sipi_jurisdiccion_ngr~~;NGCHSIJM;1111;1808;182;;;;Nuevo Reino de Granada;Partido;;4.6532;-76.6441
JMNGCHSO;San Onofre;San Onofre @ San Onofre de las Juntas @ Las Juntas;Jurisdiccion;Choco;NGR;san_onofre_jurisdiccion_ngr;~~REDIRECT>san_onofre_jurisdiccion_ngr~~;NGCHSOJM;1111;1808;183;;;;Nuevo Reino de Granada;Partido;;4.98458;-76.40413
JMNGCHTA;Tado;Tado @;Jurisdiccion;Choco;NGR;tado_jurisdiccion_ngr;~~REDIRECT>tado_jurisdiccion_ngr~~;NGCHTAJM;1575;1808;184;;;;Nuevo Reino de Granada;Partido;;5.2678;-76.5665
JUCCCBAR;Arque;Arque @;Jurisdiccion;Cochabamba;CHA;arque_jurisdiccion_cha;~~REDIRECT>arque_jurisdiccion_cha~~;CCCBARJU;1784;1808;185;;;;Charcas;Jurisdiccion;;-17.82121;-66.40426
JUCCCBAY;Ayopaya;Ayopaya @ Palca @ Hayopaya;Jurisdiccion;Cochabamba;CHA;ayopaya_jurisdiccion_cha;~~REDIRECT>ayopaya_jurisdiccion_cha~~;CCCBAYJU;1784;1808;186;;;;Charcas;Jurisdiccion;;-17.08415;-66.8194
JUCCCBCB;Cochabamba;Cochabamba @ Villa de Oropesa del Valle de Cochabamba;Jurisdiccion;Cochabamba;CHA;cochabamba_jurisdiccion_cha;~~REDIRECT>cochabamba_jurisdiccion_cha~~;CCCBCBJU;1583;1808;187;;;;Charcas;Jurisdiccion;;-17.39354;-66.15701
JUCCCBCH;Chiquitos;Chiquitos @;Jurisdiccion;Cochabamba;CHA;chiquitos_jurisdiccion_cha;~~REDIRECT>chiquitos_jurisdiccion_cha~~;CCCBCHJU;1701;1808;188;;;;Charcas;Jurisdiccion;;-16.58388;-60.6883
JUCCCBCL;Clisa;Clisa @ Tarata;Jurisdiccion;Cochabamba;CHA;clisa_jurisdiccion_cha;~~REDIRECT>clisa_jurisdiccion_cha~~;CCCBCLJU;1784;1808;189;;;;Charcas;Jurisdiccion;;-17.61152;-66.02339
JUCCCBMI;Mizque;Mizque @ Mizque y Pocona;Jurisdiccion;Cochabamba;CHA;mizque_jurisdiccion_cha;~~REDIRECT>mizque_jurisdiccion_cha~~;CCCBMIJU;1701;1808;190;;;;Charcas;Jurisdiccion;;-17.94273;-65.34171
JUCCCBMO;Moxos;Moxos @;Jurisdiccion;Cochabamba;CHA;moxos_jurisdiccion_cha;~~REDIRECT>moxos_jurisdiccion_cha~~;CCCBMOJU;1701;1808;191;;;;Charcas;Jurisdiccion;;-14.33771;-64.90305
JUCCCBSA;Sacaba;Sacaba @;Jurisdiccion;Cochabamba;CHA;sacaba_jurisdiccion_cha;~~REDIRECT>sacaba_jurisdiccion_cha~~;CCCBSAJU;1784;1808;192;;;;Charcas;Jurisdiccion;;-17.40389;-66.04037
JUCCCBSC;Santa Cruz de la Sierra;Santa Cruz de la Sierra @;Jurisdiccion;Cochabamba;CHA;santa_cruz_de_la_sierra_jurisdiccion_cha;~~REDIRECT>santa_cruz_de_la_sierra_jurisdiccion_cha~~;CCCBSCJU;1701;1808;193;;;;Charcas;Jurisdiccion;;-17.78369;-63.1821
JUCCCBTA;Tapacari;Tapacari @ Quillacollo;Jurisdiccion;Cochabamba;CHA;tapacari_jurisdiccion_cha;~~REDIRECT>tapacari_jurisdiccion_cha~~;CCCBTAJU;1784;1808;194;;;;Charcas;Jurisdiccion;;-17.51633;-66.62041
JUCCCBVG;Valle Grande;Valle Grande @ Vallegrande @ Valle-grande;Jurisdiccion;Cochabamba;CHA;valle_grande_jurisdiccion_cha;~~REDIRECT>valle_grande_jurisdiccion_cha~~;CCCBVGJU;1784;1808;195;;;;Charcas;Jurisdiccion;;-18.48515;-64.10837
JUCCCCCA;Carangas;Carangas @;Jurisdiccion;Charcas;CHA;carangas_jurisdiccion_cha;~~REDIRECT>carangas_jurisdiccion_cha~~;CCCCCAJU;1583;1808;196;;;;Charcas;Jurisdiccion;;-17.84333;-68.40861
JUCCCCCC;Chuquisaca;Chuquisaca @;Jurisdiccion;Charcas;CHA;chuquisaca_jurisdiccion_cha;~~REDIRECT>chuquisaca_jurisdiccion_cha~~;CCCCCCJU;1773;1808;197;;;;Charcas;Jurisdiccion;;-19.04786;-65.2596
JUCCCCOR;Oruro;Oruro @;Jurisdiccion;Charcas;CHA;oruro_jurisdiccion_cha;~~REDIRECT>oruro_jurisdiccion_cha~~;CCCCORJU;1612;1808;198;;;;Charcas;Jurisdiccion;;-17.96947;-67.11436
JUCCCCPA;Paria;Paria @;Jurisdiccion;Charcas;CHA;paria_jurisdiccion_cha;~~REDIRECT>paria_jurisdiccion_cha~~;CCCCPAJU;1583;1808;199;;;;Charcas;Jurisdiccion;;-19.63778;-67.67528
JUCCCCPB;Pomabamba;Pomabamba @;Jurisdiccion;Charcas;CHA;pomabamba_jurisdiccion_cha;~~REDIRECT>pomabamba_jurisdiccion_cha~~;CCCCPBJU;1754;1771;200;;;;Charcas;Jurisdiccion;;-20.105;-64.41444
JUCCCCPP;Pilaya y Paspaya;Pilaya y Paspaya @ Cinti @ Sinti;Jurisdiccion;Charcas;CHA;pilaya_y_paspaya_jurisdiccion_cha;~~REDIRECT>pilaya_y_paspaya_jurisdiccion_cha~~;CCCCPPJU;1685;1808;201;;;;Charcas;Jurisdiccion;;-20.63761;-65.20861
JUCCCCTO;Tomina;Tomina @;Jurisdiccion;Charcas;CHA;tomina_jurisdiccion_cha;~~REDIRECT>tomina_jurisdiccion_cha~~;CCCCTOJU;1583;1808;202;;;;Charcas;Jurisdiccion;;-19.18528;-64.46139
JUCCCCYA;Yamparaez;Yamparaez @ Amparaes @ Yamparaes @ Yamparaez y Villaverde;Jurisdiccion;Charcas;CHA;yamparaez_jurisdiccion_cha;~~REDIRECT>yamparaez_jurisdiccion_cha~~;CCCCYAJU;1583;1808;203;;;;Charcas;Jurisdiccion;;-19.18946;-65.12143
JUCCLPAP;Apolobamba;Apolobamba @ Caupolican @ Apolo;Jurisdiccion;La Paz;CHA;apolobamba_jurisdiccion_cha;~~REDIRECT>apolobamba_jurisdiccion_cha~~;CCLPAPJU;1701;1808;204;;;;Charcas;Jurisdiccion;;-14.71573;-68.41766
JUCCLPCH;Chulumani;Chulumani @ Yungas;Jurisdiccion;La Paz;CHA;chulumani_jurisdiccion_cha;~~REDIRECT>chulumani_jurisdiccion_cha~~;CCLPCHJU;1780;1808;205;;;;Charcas;Jurisdiccion;;-16.40988;-67.52546
JUCCLPLA;Larecaja;Larecaja @ Larecaja y Yungas;Jurisdiccion;La Paz;CHA;larecaja_jurisdiccion_cha;~~REDIRECT>larecaja_jurisdiccion_cha~~;CCLPLAJU;1583;1808;206;;;;Charcas;Jurisdiccion;;-15.77293;-68.65075
JUCCLPLP;La Paz;La Paz @;Jurisdiccion;La Paz;CHA;la_paz_jurisdiccion_cha;~~REDIRECT>la_paz_jurisdiccion_cha~~;CCLPLPJU;1583;1808;207;;;;Charcas;Jurisdiccion;;-16.49626;-68.13411
JUCCLPOM;Omasuyos;Omasuyos @ Llacxa @ Llacja;Jurisdiccion;La Paz;CHA;omasuyos_jurisdiccion_cha;~~REDIRECT>omasuyos_jurisdiccion_cha~~;CCLPOMJU;1583;1808;208;;;;Charcas;Jurisdiccion;;-16.04483;-68.68566
JUCCLPPA;Pacajes;Pacajes @ Berenguela;Jurisdiccion;La Paz;CHA;pacajes_jurisdiccion_cha;~~REDIRECT>pacajes_jurisdiccion_cha~~;CCLPPAJU;1583;1808;209;;;;Charcas;Jurisdiccion;;-17.02343;-68.60599
JUCCLPSI;Sicasica;Sicasica @ Caracollo;Jurisdiccion;La Paz;CHA;sicasica_jurisdiccion_cha;~~REDIRECT>sicasica_jurisdiccion_cha~~;CCLPSIJU;1583;1808;210;;;;Charcas;Jurisdiccion;;-17.33295;-67.73896
JUCCPOAT;Atacama;Atacama @ Atacama y Lipes @ Atacama, Lipez y Condes;Jurisdiccion;Potosi;CHA;atacama_jurisdiccion_cha;~~REDIRECT>atacama_jurisdiccion_cha~~;CCPOATJU;1583;1808;211;;;;Charcas;Jurisdiccion;;-22.91069;-68.20009
JUCCPOCH;Chichas;Chichas @ Chichas;Jurisdiccion;Potosi;CHA;chichas_jurisdiccion_cha;~~REDIRECT>chichas_jurisdiccion_cha~~;CCPOCHJU;1701;1808;212;;;;Charcas;Jurisdiccion;;-21.44284;-65.72057
JUCCPOCY;Chayanta;Chayanta @ Charcas;Jurisdiccion;Potosi;CHA;chayanta_jurisdiccion_cha;~~REDIRECT>chayanta_jurisdiccion_cha~~;CCPOCYJU;1583;1808;213;;;;Charcas;Jurisdiccion;;-18.46087;-66.44305
JUCCPOLI;Lipes;Lipes @ Lipez;Jurisdiccion;Potosi;CHA;lipes_jurisdiccion_cha;~~REDIRECT>lipes_jurisdiccion_cha~~;CCPOLIJU;1111;1808;214;;;;Charcas;Jurisdiccion;;-21.87352;-66.88254
JUCCPOPO;Potosi;Potosi @ Villa imperial @ La Plata y Villa imperial;Jurisdiccion;Potosi;CHA;potosi_jurisdiccion_cha;~~REDIRECT>potosi_jurisdiccion_cha~~;CCPOPOJU;1583;1808;215;;;;Charcas;Jurisdiccion;;-19.58928;-65.75351
JUCCPOPR;Porco;Porco @;Jurisdiccion;Potosi;CHA;porco_jurisdiccion_cha;~~REDIRECT>porco_jurisdiccion_cha~~;CCPOPRJU;1583;1808;216;;;;Charcas;Jurisdiccion;;-19.79444;-65.50583
JUCCPOTA;Tarija;Tarija @ Chichas y Tarija;Jurisdiccion;Potosi;CHA;tarija_jurisdiccion_cha;~~REDIRECT>tarija_jurisdiccion_cha~~;CCPOTAJU;1583;1808;217;;;;Charcas;Jurisdiccion;;-21.53303;-64.73607
JUCCPUAZ;Azangaro;Azangaro @ Azangaro y Asillo @ Collasuyo;Jurisdiccion;Puno;CHA;azangaro_jurisdiccion_cha;~~REDIRECT>azangaro_jurisdiccion_cha~~;CCPUAZJU;1583;1808;218;;;;Charcas;Jurisdiccion;;-14.91008;-70.19178
JUCCPUCA;Carabaya;Carabaya @ Carabaya y San Gaban;Jurisdiccion;Puno;CHA;carabaya_jurisdiccion_cha;~~REDIRECT>carabaya_jurisdiccion_cha~~;CCPUCAJU;1574;1808;219;;;;Charcas;Jurisdiccion;;-14.32372;-69.46401
JUCCPUCH;Chucuito;Chucuito @;Jurisdiccion;Puno;CHA;chucuito_jurisdiccion_cha;~~REDIRECT>chucuito_jurisdiccion_cha~~;CCPUCHJU;1565;1808;220;;;;Charcas;Jurisdiccion;;-15.89448;-69.89002
JUCCPUHU;Huancane;Huancane @ Puno @ Guancane @ Paucarcolla;Jurisdiccion;Puno;CHA;huancane_jurisdiccion_cha;~~REDIRECT>huancane_jurisdiccion_cha~~;CCPUHUJU;1583;1808;221;;;;Charcas;Jurisdiccion;;-15.20377;-69.76184
JUCCPULA;Lampa;Lampa @ Cabana y Cabanilla @ Urcosuyo;Jurisdiccion;Puno;CHA;lampa_jurisdiccion_cha;~~REDIRECT>lampa_jurisdiccion_cha~~;CCPULAJU;1574;1808;222;;;;Charcas;Jurisdiccion;;-15.36476;-70.36726
JUCHCOAR;Frontera de Arauco;Frontera de Arauco @;Jurisdiccion;Concepcion;CHL;frontera_de_arauco_jurisdiccion_chl;~~REDIRECT>frontera_de_arauco_jurisdiccion_chl~~;CHCOARJU;1701;1774;170;;;;Chile;Jurisdiccion;;90;0
JUCHCOCH;Chillan;Chillan @;Jurisdiccion;Concepcion;CHL;chillan_jurisdiccion_chl;~~REDIRECT>chillan_jurisdiccion_chl~~;CHCOCHJU;1593;1808;223;;;;Chile;Jurisdiccion;;-36.62288;-72.13178
JUCHCOCO;Concepcion;Concepcion @;Jurisdiccion;Concepcion;CHL;concepcion_jurisdiccion_chl;~~REDIRECT>concepcion_jurisdiccion_chl~~;CHCOCOJU;1568;1808;224;;;;Chile;Jurisdiccion;;-36.82717;-73.05012
JUCHCOCQ;Cauquenes;Cauquenes @;Jurisdiccion;Concepcion;CHL;cauquenes_jurisdiccion_chl;~~REDIRECT>cauquenes_jurisdiccion_chl~~;CHCOCQJU;1768;1808;225;;;;Chile;Jurisdiccion;;-35.96715;-72.31553
JUCHCOIL;Isla de la Laja;Isla de la Laja @ Laja;Jurisdiccion;Concepcion;CHL;isla_de_la_laja_jurisdiccion_chl;~~REDIRECT>isla_de_la_laja_jurisdiccion_chl~~;CHCOILJU;1793;1808;226;;;;Chile;Jurisdiccion;;-37.47049;-72.35168
JUCHCOIT;Itata;Itata @;Jurisdiccion;Concepcion;CHL;itata_jurisdiccion_chl;~~REDIRECT>itata_jurisdiccion_chl~~;CHCOITJU;1593;1808;227;;;319145856861722920301;Chile;Jurisdiccion;;-36.28273;-72.54084
JUCHCOJF;Juan Fernandez;Juan Fernandez @;Jurisdiccion;Concepcion;CHL;juan_fernandez_jurisdiccion_chl;~~REDIRECT>juan_fernandez_jurisdiccion_chl~~;CHCOJFJU;1750;1808;228;;;;Chile;Jurisdiccion;;-33.63567;-78.83136
JUCHCOLI;Linares;Linares @ Isla de Maule;Jurisdiccion;Concepcion;CHL;linares_jurisdiccion_chl;~~REDIRECT>linares_jurisdiccion_chl~~;CHCOLIJU;1796;1808;229;;;;Chile;Jurisdiccion;;-35.8454;-71.59813
JUCHCOOS;Osorno;Osorno @;Jurisdiccion;Concepcion;CHL;osorno_jurisdiccion_chl;~~REDIRECT>osorno_jurisdiccion_chl~~;CHCOOSJU;1568;1808;230;;;;Chile;Jurisdiccion;;-40.57402;-73.13587
JUCHCOPU;Puchacay;Puchacay @ Talcahuano;Jurisdiccion;Concepcion;CHL;puchacay_jurisdiccion_chl;~~REDIRECT>puchacay_jurisdiccion_chl~~;CHCOPUJU;1593;1808;231;;;;Chile;Jurisdiccion;;-36.97587;-72.93868
JUCHCORE;Rere;Rere @ Estancia del Rey @ Buena-Esperanza;Jurisdiccion;Concepcion;CHL;rere_jurisdiccion_chl;~~REDIRECT>rere_jurisdiccion_chl~~;CHCOREJU;1655;1808;232;;;;Chile;Jurisdiccion;;-37.13189;-72.72722
JUCHCOVA;Valdivia;Valdivia @;Jurisdiccion;Concepcion;CHL;valdivia_jurisdiccion_chl;~~REDIRECT>valdivia_jurisdiccion_chl~~;CHCOVAJU;1568;1808;233;;;;Chile;Jurisdiccion;;-39.81513;-73.24289
JUCHCYCY;Cuyo;Cuyo @;Jurisdiccion;Provincia;CHL;cuyo_jurisdiccion_chl;~~REDIRECT>cuyo_jurisdiccion_chl~~;CHCYCYJU;1568;1783;234;;;;Chile;Provincia;;-32.88973;-68.8443
JUCHCYJA;Jachal;Jachal @;Jurisdiccion;Cordoba;RPL;jachal_jurisdiccion_rpl;~~REDIRECT>jachal_jurisdiccion_rpl~~;CHCYJAJU;1751;1777;1384;;;;Rio de la Plata;Jurisdiccion;;-30.24138;-68.74675
JUCHSAAC;Aconcagua;Aconcagua @ Acolcagua;Jurisdiccion;Santiago;CHL;aconcagua_jurisdiccion_chl;~~REDIRECT>aconcagua_jurisdiccion_chl~~;CHSAACJU;1593;1808;235;;;;Chile;Jurisdiccion;;-32.75074;-70.72519
JUCHSACC;Illapel;Illapel @ Cuzcuz, Cuz Cuz;Jurisdiccion;Santiago;CHL;illapel_jurisdiccion_chl;~~REDIRECT>illapel_jurisdiccion_chl~~;CHSACCJU;1787;1808;236;;;;Chile;Jurisdiccion;;-31.63262;-71.16843
JUCHSACO;Colchagua;Colchagua @;Jurisdiccion;Santiago;CHL;colchagua_jurisdiccion_chl;~~REDIRECT>colchagua_jurisdiccion_chl~~;CHSACOJU;1593;1808;237;;;;Chile;Jurisdiccion;;-34.59488;-71.43058
JUCHSACP;Copiapo;Copiapo @;Jurisdiccion;Santiago;CHL;copiapo_jurisdiccion_chl;~~REDIRECT>copiapo_jurisdiccion_chl~~;CHSACPJU;1593;1808;238;;;;Chile;Jurisdiccion;;-27.36646;-70.3323
JUCHSACQ;Coquimbo;Coquimbo @ La Serena;Jurisdiccion;Santiago;CHL;coquimbo_jurisdiccion_chl;~~REDIRECT>coquimbo_jurisdiccion_chl~~;CHSACQJU;1568;1808;239;;;;Chile;Jurisdiccion;;-29.90278;-71.25199
JUCHSACR;Curico;Curico @;Jurisdiccion;Santiago;CHL;curico_jurisdiccion_chl;~~REDIRECT>curico_jurisdiccion_chl~~;CHSACRJU;1793;1808;240;;;;Chile;Jurisdiccion;;-34.98542;-71.23941
JUCHSAHU;Huasco;Huasco @;Jurisdiccion;Santiago;CHL;huasco_jurisdiccion_chl;~~REDIRECT>huasco_jurisdiccion_chl~~;CHSAHUJU;1728;1808;241;;;;Chile;Jurisdiccion;;-28.50852;-71.07846
JUCHSALA;Los Andes;Los Andes @;Jurisdiccion;Santiago;CHL;los_andes_jurisdiccion_chl;~~REDIRECT>los_andes_jurisdiccion_chl~~;CHSALAJU;1804;1808;242;;;;Chile;Jurisdiccion;;-32.83367;-70.59814
JUCHSAMA;Maule;Maule @;Jurisdiccion;Santiago;CHL;maule_jurisdiccion_chl;~~REDIRECT>maule_jurisdiccion_chl~~;CHSAMAJU;1593;1808;243;;;;Chile;Jurisdiccion;;-35.42656;-71.66607
JUCHSAME;Melipilla;Melipilla @ Milipilla;Jurisdiccion;Santiago;CHL;melipilla_jurisdiccion_chl;~~REDIRECT>melipilla_jurisdiccion_chl~~;CHSAMEJU;1593;1808;244;;;;Chile;Jurisdiccion;;-33.68568;-71.21439
JUCHSAPE;Petorca;Petorca @ La Ligua;Jurisdiccion;Santiago;CHL;petorca_jurisdiccion_chl;~~REDIRECT>petorca_jurisdiccion_chl~~;CHSAPEJU;1800;1808;245;;;;Chile;Jurisdiccion;;-32.44932;-71.23152
JUCHSAQU;Quillota;Quillota @;Jurisdiccion;Santiago;CHL;quillota_jurisdiccion_chl;~~REDIRECT>quillota_jurisdiccion_chl~~;CHSAQUJU;1593;1808;246;;;;Chile;Jurisdiccion;;-32.87994;-71.24739
JUCHSARA;Rancagua;Rancagua @;Jurisdiccion;Santiago;CHL;rancagua_jurisdiccion_chl;~~REDIRECT>rancagua_jurisdiccion_chl~~;CHSARAJU;1694;1808;247;;;;Chile;Jurisdiccion;;-34.17026;-70.74075
JUCHSASA;Santiago;Santiago @;Jurisdiccion;Santiago;CHL;santiago_jurisdiccion_chl;~~REDIRECT>santiago_jurisdiccion_chl~~;CHSASAJU;1568;1808;248;;;;Chile;Jurisdiccion;;-33.43756;-70.65006
JUCHSAVA;Valparaiso;Valparaiso @;Jurisdiccion;Santiago;CHL;valparaiso_jurisdiccion_chl;~~REDIRECT>valparaiso_jurisdiccion_chl~~;CHSAVAJU;1682;1808;249;;;;Chile;Jurisdiccion;;-33.0478;-71.6011
JUGDCOPR;Presidios de la Frontera;Presidios de la Frontera @;Jurisdiccion;Coahuila;GDJ;presidios_de_la_frontera_jurisdiccion_gdj;~~REDIRECT>presidios_de_la_frontera_jurisdiccion_gdj~~;GDCOPRJU;1772;1808;45;;;;Nueva Galicia y Septentrion;Jurisdiccion;;90;0
JUGDDUBA;Basuchil y Papigochic;Basuchil y Papigochic @ Papigochi;Jurisdiccion;Durango;GDJ;basuchil_y_papigochic_jurisdiccion_gdj;~~REDIRECT>basuchil_y_papigochic_jurisdiccion_gdj~~;GDDUBAJU;1111;1808;250;;;;Nueva Galicia y Septentrion;Jurisdiccion;;28.52167;-107.40222
JUGDDUBB;Santa Barbara;Santa Barbara @ San Francisco del Oro;Jurisdiccion;Durango;GDJ;santa_barbara_jurisdiccion_gdj;~~REDIRECT>santa_barbara_jurisdiccion_gdj~~;GDDUBBJU;1643;1808;251;;;;Nueva Galicia y Septentrion;Jurisdiccion;;26.80391;-105.81917
JUGDDUBP;Batopilas;Batopilas @ Minas de Urique @ Monserrate y Urique @ Uriqui @ Batopilas, Urique y Loreto;Jurisdiccion;Durango;GDJ;batopilas_jurisdiccion_gdj;~~REDIRECT>batopilas_jurisdiccion_gdj~~;GDDUBPJU;1690;1808;252;;;;Nueva Galicia y Septentrion;Jurisdiccion;;27.21231;-107.91472
JUGDDUBS;Basis;Basis @ Bacis;Jurisdiccion;Durango;GDJ;basis_jurisdiccion_gdj;~~REDIRECT>basis_jurisdiccion_gdj~~;GDDUBSJU;1763;1788;253;;;;Nueva Galicia y Septentrion;Jurisdiccion;;24.5623;-105.86922
JUGDDUBV;Valle de San Buenaventura;Valle de San Buenaventura @ Casas Grandes;Jurisdiccion;Durango;GDJ;valle_de_san_buenaventura_jurisdiccion_gdj;~~REDIRECT>valle_de_san_buenaventura_jurisdiccion_gdj~~;GDDUBVJU;1666;1808;254;;;;Nueva Galicia y Septentrion;Jurisdiccion;;29.8432;-107.4565
JUGDDUBY;Babonoyaba;Babonoyaba @ Satevo @ Satebo @ Sattebo @ Babonayaba;Jurisdiccion;Durango;GDJ;babonoyaba_jurisdiccion_gdj;~~REDIRECT>babonoyaba_jurisdiccion_gdj~~;GDDUBYJU;1718;1808;255;;;;Nueva Galicia y Septentrion;Jurisdiccion;;28.05694;-106.15778
JUGDDUCA;Canelas;Canelas @ Canelas y Topia;Jurisdiccion;Durango;GDJ;canelas_jurisdiccion_gdj;~~REDIRECT>canelas_jurisdiccion_gdj~~;GDDUCAJU;1803;1808;256;;;;Nueva Galicia y Septentrion;Jurisdiccion;;25.12434;-106.54642
JUGDDUCG;Cerro Gordo;Cerro Gordo @;Jurisdiccion;Durango;GDJ;cerro_gordo_jurisdiccion_gdj;~~REDIRECT>cerro_gordo_jurisdiccion_gdj~~;GDDUCGJU;1646;1808;257;;;;Nueva Galicia y Septentrion;Jurisdiccion;;26.24879;-104.91443
JUGDDUCH;Chihuahua;Chihuahua @ San Francisco de Cuellar @ Santa Eulalia;Jurisdiccion;Durango;GDJ;chihuahua_jurisdiccion_gdj;~~REDIRECT>chihuahua_jurisdiccion_gdj~~;GDDUCHJU;1708;1808;258;;;;Nueva Galicia y Septentrion;Jurisdiccion;;28.65432;-106.08395
JUGDDUCI;Cienega de los Olivos;Cienega de los Olivos @;Jurisdiccion;Durango;GDJ;cienega_de_los_olivos_jurisdiccion_gdj;~~REDIRECT>cienega_de_los_olivos_jurisdiccion_gdj~~;GDDUCIJU;1659;1808;259;;;;Nueva Galicia y Septentrion;Jurisdiccion;;27.2;-106.28333
JUGDDUCM;Cuencame;Cuencame @ Los Mezquitales, Cuencame y Rio de las Nazas;Jurisdiccion;Durango;GDJ;cuencame_jurisdiccion_gdj;~~REDIRECT>cuencame_jurisdiccion_gdj~~;GDDUCMJU;1589;1808;260;;;;Nueva Galicia y Septentrion;Jurisdiccion;;24.86998;-103.69797
JUGDDUCN;Cianori;Cianori @ Sianori @ Ceanuri @ Cianori y Tamazula @ Topia @ Cianori y El Narotal @ Cianori y Canelas;Jurisdiccion;Durango;GDJ;cianori_jurisdiccion_gdj;~~REDIRECT>cianori_jurisdiccion_gdj~~;GDDUCNJU;1663;1802;261;;;;Nueva Galicia y Septentrion;Jurisdiccion;;25.2032;-106.7755
JUGDDUCO;Coneto;Coneto @ Minas de Coneto @ Coreto;Jurisdiccion;Durango;GDJ;coneto_jurisdiccion_gdj;~~REDIRECT>coneto_jurisdiccion_gdj~~;GDDUCOJU;1631;1808;262;;;;Nueva Galicia y Septentrion;Jurisdiccion;;24.98105;-104.76856
JUGDDUCR;Cusihuiriachi;Cusihuiriachi @ Cosihuiriachic @ Cosiguiriachi @ Santa Rosa;Jurisdiccion;Durango;GDJ;cusihuiriachi_jurisdiccion_gdj;~~REDIRECT>cusihuiriachi_jurisdiccion_gdj~~;GDDUCRJU;1649;1808;263;;;;Nueva Galicia y Septentrion;Jurisdiccion;;28.24183;-106.83736
JUGDDUCS;San Francisco de Conchos;San Francisco de Conchos @;Jurisdiccion;Durango;GDJ;san_francisco_de_conchos_jurisdiccion_gdj;~~REDIRECT>san_francisco_de_conchos_jurisdiccion_gdj~~;GDDUCSJU;1687;1808;264;;;;Nueva Galicia y Septentrion;Jurisdiccion;;27.58833;-105.33528
JUGDDUCT;Canatlan;Canatlan @;Jurisdiccion;Durango;GDJ;canatlan_jurisdiccion_gdj;~~REDIRECT>canatlan_jurisdiccion_gdj~~;GDDUCTJU;1796;1808;265;;;;Nueva Galicia y Septentrion;Jurisdiccion;;24.52639;-104.77833
JUGDDUDU;Durango;Durango @ Guadiana;Jurisdiccion;Durango;GDJ;durango_jurisdiccion_gdj;~~REDIRECT>durango_jurisdiccion_gdj~~;GDDUDUJU;1563;1808;266;;;;Nueva Galicia y Septentrion;Jurisdiccion;;24.02484;-104.66986
JUGDDUEG;El Gallo;El Gallo @ San Pedro del Gallo;Jurisdiccion;Durango;GDJ;el_gallo_jurisdiccion_gdj;~~REDIRECT>el_gallo_jurisdiccion_gdj~~;GDDUEGJU;1687;1808;267;;;;Nueva Galicia y Septentrion;Jurisdiccion;;25.56468;-104.29227
JUGDDUGA;Gavilanes;Gavilanes @;Jurisdiccion;Durango;GDJ;gavilanes_jurisdiccion_gdj;~~REDIRECT>gavilanes_jurisdiccion_gdj~~;GDDUGAJU;1808;1808;268;;;;Nueva Galicia y Septentrion;Jurisdiccion;;24.221;-105.73212
JUGDDUGB;Guanabal;Guanabal @;Jurisdiccion;Durango;GDJ;guanabal_jurisdiccion_gdj;~~REDIRECT>guanabal_jurisdiccion_gdj~~;GDDUGBJU;1630;1649;1593;;;;Nueva Galicia y Septentrion;indefinido;;90;0
JUGDDUGC;Guanacevi;Guanacevi @ Sape @ Zape @ Guanacivi @ Guanacemi;Jurisdiccion;Durango;GDJ;guanacevi_jurisdiccion_gdj;~~REDIRECT>guanacevi_jurisdiccion_gdj~~;GDDUGCJU;1601;1808;269;;;;Nueva Galicia y Septentrion;Jurisdiccion;;25.93266;-105.95653
JUGDDUGL;Guanabal;Guanabal @ Aguanaval;Jurisdiccion;Durango;GDJ;guanabal_jurisdiccion_gdj;~~REDIRECT>guanabal_jurisdiccion_gdj~~;GDDUGLJU;1630;1642;1735;;;;Nueva Galicia y Septentrion;indefinido;;90;0
JUGDDUGM;Guarisamey;Guarisamey @ San Diego del Rio @ Nuevo Real de Agua Caliente;Jurisdiccion;Durango;GDJ;guarisamey_jurisdiccion_gdj;~~REDIRECT>guarisamey_jurisdiccion_gdj~~;GDDUGMJU;1620;1808;270;;;;Nueva Galicia y Septentrion;Jurisdiccion;;23.31133;-105.27334
JUGDDUGQ;Guajoquilla;Guajoquilla @ La Ramada @ San Antonio de la Ramada @ Santo Cristo de Burgos @ Guaxuquilla @ Guejuquilla @ Guajuquilla @ Guaxoquilla @ Huajoquilla @ Huaxoquilla @ Huajuquilla @ Huajoquilla;Jurisdiccion;Durango;GDJ;guajoquilla_jurisdiccion_gdj;~~REDIRECT>guajoquilla_jurisdiccion_gdj~~;GDDUGQJU;1753;1808;271;;;;Nueva Galicia y Septentrion;Jurisdiccion;;27.13206;-104.91252
JUGDDUGZ;Guazamota;Guazamota @;Jurisdiccion;Durango;GDJ;guazamota_jurisdiccion_gdj;~~REDIRECT>guazamota_jurisdiccion_gdj~~;GDDUGZJU;1701;1722;272;;;;Nueva Galicia y Septentrion;Jurisdiccion;;22.52417;-104.49167
JUGDDUIN;Inde;Inde @ Minas de Inde @ Real de Inde @ Indee @ Indehe @ Yndehee @ Ynde @ Yndhe @ Chindea;Jurisdiccion;Durango;GDJ;inde_jurisdiccion_gdj;~~REDIRECT>inde_jurisdiccion_gdj~~;GDDUINJU;1567;1808;273;;;;Nueva Galicia y Septentrion;Jurisdiccion;;25.91208;-105.22211
JUGDDUJA;San Joaquin de los Arrieros;San Joaquin de los Arrieros @;Jurisdiccion;Durango;GDJ;san_joaquin_de_los_arrieros_jurisdiccion_gdj;~~REDIRECT>san_joaquin_de_los_arrieros_jurisdiccion_gdj~~;GDDUJAJU;1777;1787;274;;;;Nueva Galicia y Septentrion;Jurisdiccion;;26.7408;-107.67952
JUGDDUJR;San Juan del Rio;San Juan del Rio @;Jurisdiccion;Durango;GDJ;san_juan_del_rio_jurisdiccion_gdj;~~REDIRECT>san_juan_del_rio_jurisdiccion_gdj~~;GDDUJRJU;1601;1808;275;;;;Nueva Galicia y Septentrion;Jurisdiccion;;24.78405;-104.47026
JUGDDUJU;Julimes;Julimes @;Jurisdiccion;Durango;GDJ;julimes_jurisdiccion_gdj;~~REDIRECT>julimes_jurisdiccion_gdj~~;GDDUJUJU;1718;1808;276;;;;Nueva Galicia y Septentrion;Jurisdiccion;;28.42417;-105.42556
JUGDDUMA;Mapimi;Mapimi @;Jurisdiccion;Durango;GDJ;mapimi_jurisdiccion_gdj;~~REDIRECT>mapimi_jurisdiccion_gdj~~;GDDUMAJU;1600;1808;277;;;;Nueva Galicia y Septentrion;Jurisdiccion;;25.83356;-103.84521
JUGDDUME;Mezquital;Mezquital @ San Francisco Mezquital @ San Bernardino Milpillas @ Lajas y Melipillas @ Melpillas @ San Francisco de Lajas @ San Francisco de Lajas;Jurisdiccion;Durango;GDJ;mezquital_jurisdiccion_gdj;~~REDIRECT>mezquital_jurisdiccion_gdj~~;GDDUMEJU;1701;1808;278;;;;Nueva Galicia y Septentrion;Jurisdiccion;;23.38694;-105.15389
JUGDDUMN;Minas Nuevas;Minas Nuevas @ San Diego de Minas Nuevas;Jurisdiccion;Durango;GDJ;minas_nuevas_jurisdiccion_gdj;~~REDIRECT>minas_nuevas_jurisdiccion_gdj~~;GDDUMNJU;1634;9999;279;;;;Nueva Galicia y Septentrion;Jurisdiccion;;27.01953;-105.74948
JUGDDUND;Nombre De Dios;Nombre De Dios @;Jurisdiccion;Durango;GDJ;nombre_de_dios_jurisdiccion_gdj;~~REDIRECT>nombre_de_dios_jurisdiccion_gdj~~;GDDUNDJU;1563;1808;280;;;;Nueva Galicia y Septentrion;Jurisdiccion;;23.8484;-104.24356
JUGDDUNP;San Juan Nepomuceno;San Juan Nepomuceno @ Nabogame y Baborigame @ Sierra Tepehuana;Jurisdiccion;Durango;GDJ;san_juan_nepomuceno_jurisdiccion_gdj;~~REDIRECT>san_juan_nepomuceno_jurisdiccion_gdj~~;GDDUNPJU;1111;1787;281;;;;Nueva Galicia y Septentrion;Jurisdiccion;;26.3451;-107.43532
JUGDDUPL;Parral;Parral @ Parral, Minas Nuevas y Santa Barbara;Jurisdiccion;Durango;GDJ;parral_jurisdiccion_gdj;~~REDIRECT>parral_jurisdiccion_gdj~~;GDDUPLJU;1631;1808;282;;;;Nueva Galicia y Septentrion;Jurisdiccion;;26.93301;-105.66316
JUGDDUPP;Papasquiaro;Papasquiaro @ Santiago Papasquiaro @ Papasquiaro y Santa Catarina @ Papasquiaro y Tepehuanes;Jurisdiccion;Durango;GDJ;papasquiaro_jurisdiccion_gdj;~~REDIRECT>papasquiaro_jurisdiccion_gdj~~;GDDUPPJU;1590;1808;283;;;;Nueva Galicia y Septentrion;Jurisdiccion;;25.045;-105.42028
JUGDDUPS;Parras y Saltillo;Parras y Saltillo @;Jurisdiccion;Durango;GDJ;parras_y_saltillo_jurisdiccion_gdj;~~REDIRECT>parras_y_saltillo_jurisdiccion_gdj~~;GDDUPSJU;1700;1808;284;;;;Nueva Galicia y Septentrion;Jurisdiccion;;25.42158;-100.99961
JUGDDURO;Real del Oro;Real del Oro @;Jurisdiccion;Durango;GDJ;real_del_oro_jurisdiccion_gdj;~~REDIRECT>real_del_oro_jurisdiccion_gdj~~;GDDUROJU;1777;1808;285;;;;Nueva Galicia y Septentrion;Jurisdiccion;;25.95413;-105.36771
JUGDDUSA;San Andres de la Sierra;San Andres de la Sierra @ San Andres y Guapijuje @ Guapijuje @ Yguapejuje @ Otates @ Otais @ Otaez @ Guapejuje @ Guapexuxe @ Guaperaje @ Pijuque;Jurisdiccion;Durango;GDJ;san_andres_de_la_sierra_jurisdiccion_gdj;~~REDIRECT>san_andres_de_la_sierra_jurisdiccion_gdj~~;GDDUSAJU;1582;1808;286;;;;Nueva Galicia y Septentrion;Jurisdiccion;;24.7;-105.99667
JUGDDUSC;Santa Catarina;Santa Catarina @ Tepehuanes;Jurisdiccion;Durango;GDJ;santa_catarina_jurisdiccion_gdj;~~REDIRECT>santa_catarina_jurisdiccion_gdj~~;GDDUSCJU;1693;1808;287;;;;Nueva Galicia y Septentrion;Jurisdiccion;;25.34139;-105.72333
JUGDDUSD;San Dimas;San Dimas @;Jurisdiccion;Durango;GDJ;san_dimas_jurisdiccion_gdj;~~REDIRECT>san_dimas_jurisdiccion_gdj~~;GDDUSDJU;1808;1808;288;;;;Nueva Galicia y Septentrion;Jurisdiccion;;24.07404;-106.00318
JUGDDUSG;San Geronimo;San Geronimo @ San Jeronimo;Jurisdiccion;Durango;GDJ;san_geronimo_jurisdiccion_gdj;~~REDIRECT>san_geronimo_jurisdiccion_gdj~~;GDDUSGJU;1718;1808;289;;;;Nueva Galicia y Septentrion;Jurisdiccion;;28.84034;-105.91264
JUGDDUSH;San Hipolito;San Hipolito @;Jurisdiccion;Durango;GDJ;san_hipolito_jurisdiccion_gdj;~~REDIRECT>san_hipolito_jurisdiccion_gdj~~;GDDUSHJU;1619;1686;1594;;;;Nueva Galicia y Septentrion;indefinido;;90;0
JUGDDUSI;Santa Isabel;Santa Isabel @;Jurisdiccion;Durango;GDJ;santa_isabel_jurisdiccion_gdj;~~REDIRECT>santa_isabel_jurisdiccion_gdj~~;GDDUSIJU;1718;1808;290;;;;Nueva Galicia y Septentrion;Jurisdiccion;;28.3425;-106.36806
JUGDDUTA;Tayoltita;Tayoltita @ Tacoltite;Jurisdiccion;Durango;GDJ;tayoltita_jurisdiccion_gdj;~~REDIRECT>tayoltita_jurisdiccion_gdj~~;GDDUTAJU;1808;1808;291;;;;Nueva Galicia y Septentrion;Jurisdiccion;;24.10807;-105.92348
JUGDDUTH;Tabahueto;Tabahueto @;Jurisdiccion;Durango;GDJ;tabahueto_jurisdiccion_gdj;~~REDIRECT>tabahueto_jurisdiccion_gdj~~;GDDUTHJU;1765;1777;292;;;;Nueva Galicia y Septentrion;Jurisdiccion;;25.4217;-106.6415
JUGDDUTL;Comunidades Tlaxcaltecas;Comunidades Tlaxcaltecas @;Partido;Durango;GDJ;comunidades_tlaxcaltecas_partido_gdj;~~REDIRECT>comunidades_tlaxcaltecas_partido_gdj~~;GDDUTLJU;1111;1808;293;;;;Nueva Galicia y Septentrion;Partido;;90;0
JUGDDUTO;Topago;Topago @ Urique @ Guazapares;Jurisdiccion;Durango;GDJ;topago_jurisdiccion_gdj;~~REDIRECT>topago_jurisdiccion_gdj~~;GDDUTOJU;1747;1808;294;;;;Nueva Galicia y Septentrion;Jurisdiccion;;27.2124;-108.4638
JUGDDUTP;Minas de Topia;Minas de Topia @ Veracruz de Topia;Jurisdiccion;Durango;GDJ;minas_de_topia_jurisdiccion_gdj;~~REDIRECT>minas_de_topia_jurisdiccion_gdj~~;GDDUTPJU;1590;1670;1595;;;;Nueva Galicia y Septentrion;indefinido;;90;0
JUGDDUTZ;Tamazula;Tamazula @;Jurisdiccion;Durango;GDJ;tamazula_jurisdiccion_gdj;~~REDIRECT>tamazula_jurisdiccion_gdj~~;GDDUTZJU;1799;1808;295;;;;Nueva Galicia y Septentrion;Jurisdiccion;;24.97111;-106.96417
JUGDDUVB;Valle de San Bartolome;Valle de San Bartolome @;Jurisdiccion;Durango;GDJ;valle_de_san_bartolome_jurisdiccion_gdj;~~REDIRECT>valle_de_san_bartolome_jurisdiccion_gdj~~;GDDUVBJU;1641;1808;296;;;;Nueva Galicia y Septentrion;Jurisdiccion;;26.93745;-105.39374
JUGDDUVE;Ventanas;Ventanas @;Jurisdiccion;Durango;GDJ;ventanas_jurisdiccion_gdj;~~REDIRECT>ventanas_jurisdiccion_gdj~~;GDDUVEJU;1808;1808;297;;;;Nueva Galicia y Septentrion;Jurisdiccion;;23.881;-105.77172
JUGDGDAC;Acaponeta;Acaponeta @ Senticpac y Acaponeta;Jurisdiccion;Guadalajara;GDJ;acaponeta_jurisdiccion_gdj;~~REDIRECT>acaponeta_jurisdiccion_gdj~~;GDGDACJU;1563;1808;298;;;;Nueva Galicia y Septentrion;Jurisdiccion;;22.49222;-105.36056
JUGDGDAG;Aguas Calientes;Aguas Calientes @ Aguascalientes @ Suchipila y Aguascalientes @ Juchipila y Aguascalientes;Jurisdiccion;Guadalajara;GDJ;aguas_calientes_jurisdiccion_gdj;~~REDIRECT>aguas_calientes_jurisdiccion_gdj~~;GDGDAGJU;1575;1808;299;;;;Nueva Galicia y Septentrion;Jurisdiccion;;21.88231;-102.29418
JUGDGDAH;Ahuacatlan;Ahuacatlan @ Aguacatlan y Xala;Jurisdiccion;Guadalajara;GDJ;ahuacatlan_jurisdiccion_gdj;~~REDIRECT>ahuacatlan_jurisdiccion_gdj~~;GDGDAHJU;1563;1808;300;;;;Nueva Galicia y Septentrion;Jurisdiccion;;21.10333;-104.43583
JUGDGDAU;Autlan;Autlan @ Autlan y Puerto de la Navidad;Jurisdiccion;Guadalajara;GDJ;autlan_jurisdiccion_gdj;~~REDIRECT>autlan_jurisdiccion_gdj~~;GDGDAUJU;1541;1808;301;;;;Nueva Galicia y Septentrion;Jurisdiccion;;19.77083;-104.36944
JUGDGDBO;Bolaños;Bolaños @ Minas de Tepeque;Jurisdiccion;Guadalajara;GDJ;bolanos_jurisdiccion_gdj;~~REDIRECT>bolaños_jurisdiccion_gdj~~;GDGDBOJU;1549;1808;302;;;;Nueva Galicia y Septentrion;Jurisdiccion;;21.8311;-103.781
JUGDGDCA;Cajititlan;Cajititlan @ Caxititlan @ Cuyutlan;Jurisdiccion;Guadalajara;GDJ;cajititlan_jurisdiccion_gdj;~~REDIRECT>cajititlan_jurisdiccion_gdj~~;GDGDCAJU;1549;1786;303;;;;Nueva Galicia y Septentrion;Partido;;20.43;-103.30944
JUGDGDCO;Colima;Colima @;Jurisdiccion;Guadalajara;GDJ;colima_jurisdiccion_gdj;~~REDIRECT>colima_jurisdiccion_gdj~~;GDGDCOJU;1524;1808;304;;;;Nueva Galicia y Septentrion;Jurisdiccion;;19.24519;-103.72083
JUGDGDCP;Compostela;Compostela @;Jurisdiccion;Guadalajara;GDJ;compostela_jurisdiccion_gdj;~~REDIRECT>compostela_jurisdiccion_gdj~~;GDGDCPJU;1531;1808;305;;;;Nueva Galicia y Septentrion;Jurisdiccion;;21.23789;-104.90118
JUGDGDCU;Cuquio;Cuquio @ Mezticacan @ Tlacotlan @ Tacotlan;Jurisdiccion;Guadalajara;GDJ;cuquio_jurisdiccion_gdj;~~REDIRECT>cuquio_jurisdiccion_gdj~~;GDGDCUJU;1563;1808;306;;;;Nueva Galicia y Septentrion;Jurisdiccion;;20.92778;-103.02333
JUGDGDET;Etzatlan;Etzatlan @ Izatlan @ Ahualulco @ Agualulco @ Ezatlan;Jurisdiccion;Guadalajara;GDJ;etzatlan_jurisdiccion_gdj;~~REDIRECT>etzatlan_jurisdiccion_gdj~~;GDGDETJU;1535;1808;307;;;;Nueva Galicia y Septentrion;Jurisdiccion;;20.76472;-104.08056
JUGDGDGD;Guadalajara;Guadalajara @;Jurisdiccion;Guadalajara;GDJ;guadalajara_jurisdiccion_gdj;~~REDIRECT>guadalajara_jurisdiccion_gdj~~;GDGDGDJU;1542;1808;308;;;;Nueva Galicia y Septentrion;Jurisdiccion;;20.67614;-103.347
JUGDGDGN;Guachinango;Guachinango @ Huachinango @ Guachinango y Mascota @ Mascota;Jurisdiccion;Guadalajara;GDJ;guachinango_jurisdiccion_gdj;~~REDIRECT>guachinango_jurisdiccion_gdj~~;GDGDGNJU;1549;1808;309;;;;Nueva Galicia y Septentrion;Jurisdiccion;;20.52528;-104.78639
JUGDGDHC;Hostotipac;Hostotipac @ Hostoticpac @ Hostoticpaque @ Hostotipaque @ San Sebastian;Jurisdiccion;Guadalajara;GDJ;hostotipac_jurisdiccion_gdj;~~REDIRECT>hostotipac_jurisdiccion_gdj~~;GDGDHCJU;1605;1808;310;;;;Nueva Galicia y Septentrion;Jurisdiccion;;20.63948;-104.67394
JUGDGDHQ;Hostotipaquillo;Hostotipaquillo @ Yesca;Jurisdiccion;Guadalajara;GDJ;hostotipaquillo_jurisdiccion_gdj;~~REDIRECT>hostotipaquillo_jurisdiccion_gdj~~;GDGDHQJU;1550;1808;311;;;;Nueva Galicia y Septentrion;Jurisdiccion;;21.0598;-104.05
JUGDGDJI;Jilotlan;Jilotlan @ Xilotlan;Jurisdiccion;Guadalajara;GDJ;jilotlan_partido_gdj;~~REDIRECT>jilotlan_partido_gdj~~;GDGDJIJU;1531;1808;1183;;;;Nueva Galicia y Septentrion;Jurisdiccion;;19.37126;-103.01986
JUGDGDJU;Juchipila;Juchipila @ Xuchipila @ Suchipila;Jurisdiccion;Guadalajara;GDJ;juchipila_jurisdiccion_gdj;~~REDIRECT>juchipila_jurisdiccion_gdj~~;GDGDJUJU;1549;1808;312;;;;Nueva Galicia y Septentrion;Jurisdiccion;;21.41028;-103.1175
JUGDGDLA;Lagos;Lagos @ Lagos y Pueblos Llanos;Jurisdiccion;Guadalajara;GDJ;lagos_jurisdiccion_gdj;~~REDIRECT>lagos_jurisdiccion_gdj~~;GDGDLAJU;1549;1808;313;;;;Nueva Galicia y Septentrion;Jurisdiccion;;21.35755;-101.93287
JUGDGDLB;La Barca;La Barca @ Poncitlan;Jurisdiccion;Guadalajara;GDJ;la_barca_jurisdiccion_gdj;~~REDIRECT>la_barca_jurisdiccion_gdj~~;GDGDLBJU;1550;1808;314;;;;Nueva Galicia y Septentrion;Jurisdiccion;;20.27722;-102.54972
JUGDGDSB;San Blas;San Blas @ Puerto de San Blas;Jurisdiccion;Guadalajara;GDJ;san_blas_jurisdiccion_gdj;~~REDIRECT>san_blas_jurisdiccion_gdj~~;GDGDSBJU;1768;1808;315;;;;Nueva Galicia y Septentrion;Jurisdiccion;;21.54114;-105.28529
JUGDGDSC;San Cristobal de La Barranca;San Cristobal de La Barranca @ Zapopan @ Cuzcatitlan @ Pueblos de la Barranca @ Camotlan y Cuzcatlan @ Tequecistlan;Jurisdiccion;Guadalajara;GDJ;san_cristobal_de_la_barranca_jurisdiccion_gdj;~~REDIRECT>san_cristobal_de_la_barranca_jurisdiccion_gdj~~;GDGDSCJU;1549;1808;316;;;;Nueva Galicia y Septentrion;Jurisdiccion;;21.04389;-103.42833
JUGDGDSE;Senticpac;Senticpac @ Sentipac @ Centicpac @ Sentispac @ Sentipaque @ Senticpac y Tenamachi;Jurisdiccion;Guadalajara;GDJ;senticpac_jurisdiccion_gdj;~~REDIRECT>senticpac_jurisdiccion_gdj~~;GDGDSEJU;1549;1808;317;;;;Nueva Galicia y Septentrion;Jurisdiccion;;21.805;-105.34611
JUGDGDSM;Santa Maria Del Oro;Santa Maria Del Oro @ Tequepexpa @ Tequepespan @ Chimaltitlan;Jurisdiccion;Guadalajara;GDJ;santa_maria_del_oro_jurisdiccion_gdj;~~REDIRECT>santa_maria_del_oro_jurisdiccion_gdj~~;GDGDSMJU;1562;1808;318;;;;Nueva Galicia y Septentrion;Jurisdiccion;;21.33361;-104.58806
JUGDGDSY;Sayula;Sayula @ Atoyaque @ Pueblos de Avalos @ Zayula;Jurisdiccion;Guadalajara;GDJ;sayula_jurisdiccion_gdj;~~REDIRECT>sayula_jurisdiccion_gdj~~;GDGDSYJU;1545;1808;319;;;;Nueva Galicia y Septentrion;Jurisdiccion;;20.00876;-103.5173
JUGDGDTA;Tala;Tala @ Nochistlanejo;Jurisdiccion;Guadalajara;GDJ;tala_jurisdiccion_gdj;~~REDIRECT>tala_jurisdiccion_gdj~~;GDGDTAJU;1549;1808;320;;;;Nueva Galicia y Septentrion;Jurisdiccion;;20.64833;-103.70111
JUGDGDTC;Teocaltiche;Teocaltiche @ Tequaltichi @ Teocaltchi @ Teocaltiche y Pueblos Llanos;Jurisdiccion;Guadalajara;GDJ;teocaltiche_jurisdiccion_gdj;~~REDIRECT>teocaltiche_jurisdiccion_gdj~~;GDGDTCJU;1563;1808;321;;;;Nueva Galicia y Septentrion;Jurisdiccion;;21.4375;-102.57639
JUGDGDTE;Tepic;Tepic @ Tepique;Jurisdiccion;Guadalajara;GDJ;tepic_jurisdiccion_gdj;~~REDIRECT>tepic_jurisdiccion_gdj~~;GDGDTEJU;1540;1808;322;;;;Nueva Galicia y Septentrion;Jurisdiccion;;21.51611;-104.89389
JUGDGDTI;Tenamachi;Tenamachi @ Tenamachi e Izcuintla @ Tinamache e Izquintla @ Tenamache e Ixcuintla;Jurisdiccion;Guadalajara;GDJ;tenamachi_jurisdiccion_gdj;~~REDIRECT>tenamachi_jurisdiccion_gdj~~;GDGDTIJU;1582;1670;1585;;;;Nueva Galicia y Septentrion;indefinido;;90;0
JUGDGDTL;Tlajomulco y Cajititlan;Tlajomulco y Cajititlan @ Tlaxomulco @ Tlajomulco y Cajitlan;Jurisdiccion;Guadalajara;GDJ;tlajomulco_y_cajititlan_jurisdiccion_gdj;~~REDIRECT>tlajomulco_y_cajititlan_jurisdiccion_gdj~~;GDGDTLJU;1549;1808;323;;;;Nueva Galicia y Septentrion;Jurisdiccion;;20.4745;-103.4466
JUGDGDTN;Tonala;Tonala @ Tonala y San Pedro;Jurisdiccion;Guadalajara;GDJ;tonala_jurisdiccion_gdj;~~REDIRECT>tonala_jurisdiccion_gdj~~;GDGDTNJU;1549;1808;324;;;;Nueva Galicia y Septentrion;Jurisdiccion;;20.62361;-103.24111
JUGDGDTO;Tomatlan;Tomatlan @ Purificacion;Jurisdiccion;Guadalajara;GDJ;tomatlan_jurisdiccion_gdj;~~REDIRECT>tomatlan_jurisdiccion_gdj~~;GDGDTOJU;1533;1808;325;;;;Nueva Galicia y Septentrion;Jurisdiccion;;19.71653;-104.60425
JUGDGDTQ;Tequila;Tequila @;Jurisdiccion;Guadalajara;GDJ;tequila_jurisdiccion_gdj;~~REDIRECT>tequila_jurisdiccion_gdj~~;GDGDTQJU;1563;1808;326;;;;Nueva Galicia y Septentrion;Jurisdiccion;;20.88506;-103.83622
JUGDGDTT;Tecpatitlan;Tecpatitlan @ Tepatitlan @ Tepactitlan @ Colimilla y Matatlan @ Xonacatlan @ Colimilla @ Amatatlan y Colimilla;Jurisdiccion;Guadalajara;GDJ;tecpatitlan_jurisdiccion_gdj;~~REDIRECT>tecpatitlan_jurisdiccion_gdj~~;GDGDTTJU;1549;1808;327;;;;Nueva Galicia y Septentrion;Jurisdiccion;;19.40333;-99.52972
JUGDGDTU;Amula;Amula @ Amula @ Amola @ Amula y Tuxcacuesco @ Tuxcacuesco @ Tuzcacuezco @ Tuscacuesco @;Jurisdiccion;Guadalajara;GDJ;amula_jurisdiccion_gdj;~~REDIRECT>amula_jurisdiccion_gdj~~;GDGDTUJU;1531;1808;328;;;;Nueva Galicia y Septentrion;Jurisdiccion;;19.69694;-103.98278
JUGDGDZA;Zapotlan;Zapotlan @ Tuspa @ Tuxpa @ Zapotlan el Grande @ Tuxpa, Tamazula y Zapotlan;Jurisdiccion;Guadalajara;GDJ;zapotlan_jurisdiccion_gdj;~~REDIRECT>zapotlan_jurisdiccion_gdj~~;GDGDZAJU;1531;1808;329;;;;Nueva Galicia y Septentrion;Jurisdiccion;;19.55389;-103.37556
JUGDNLBL;Boca de Leones;Boca de Leones @ Real de San Pedro de Boca de Leones;Jurisdiccion;Nuevo Leon;GDJ;boca_de_leones_jurisdiccion_gdj;~~REDIRECT>boca_de_leones_jurisdiccion_gdj~~;GDNLBLJU;1694;1808;330;;;;Nueva Galicia y Septentrion;Jurisdiccion;;26.5019;-100.42492
JUGDNLCA;Cadereyta;Cadereyta @ Presidio de Cadereyta;Jurisdiccion;Nuevo Leon;GDJ;cadereyta_jurisdiccion_gdj;~~REDIRECT>cadereyta_jurisdiccion_gdj~~;GDNLCAJU;1637;1808;331;;;;Nueva Galicia y Septentrion;Jurisdiccion;;25.5877;-100.00125
JUGDNLCE;Cerralvo;Cerralvo @ Minas de San Gregorio;Jurisdiccion;Nuevo Leon;GDJ;cerralvo_jurisdiccion_gdj;~~REDIRECT>cerralvo_jurisdiccion_gdj~~;GDNLCEJU;1628;1808;332;;;;Nueva Galicia y Septentrion;Jurisdiccion;;26.0863;-99.6158
JUGDNLCZ;Carrizal;Carrizal @ Marin;Jurisdiccion;Nuevo Leon;GDJ;carrizal_jurisdiccion_gdj;~~REDIRECT>carrizal_jurisdiccion_gdj~~;GDNLCZJU;1807;1808;48;;;;Nueva Galicia y Septentrion;indefinido;;25.8794;-100.034
JUGDNLGU;Valle de Guajuco;Valle de Guajuco @;Jurisdiccion;Nuevo Leon;GDJ;valle_de_guajuco_jurisdiccion_gdj;~~REDIRECT>valle_de_guajuco_jurisdiccion_gdj~~;GDNLGUJU;1736;1808;333;;;;Nueva Galicia y Septentrion;Jurisdiccion;;25.3286;-100.04302
JUGDNLIG;La Iguana;La Iguana @ San Antonio de la Iguana;Jurisdiccion;Nuevo Leon;GDJ;la_iguana_jurisdiccion_gdj;~~REDIRECT>la_iguana_jurisdiccion_gdj~~;GDNLIGJU;1762;9999;51;;;;Nueva Galicia y Septentrion;Jurisdiccion;;26.9023;-100.2434
JUGDNLLA;Valle de Labradores;Valle de Labradores @ Valle de San Pablo de Labradores;Jurisdiccion;Nuevo Leon;GDJ;valle_de_labradores_jurisdiccion_gdj;~~REDIRECT>valle_de_labradores_jurisdiccion_gdj~~;GDNLLAJU;1691;1808;334;;;;Nueva Galicia y Septentrion;Jurisdiccion;;24.8247;-100.07662
JUGDNLLI;Linares;Linares @ San Felipe de Linares @ Valle de San Cristobal;Jurisdiccion;Nuevo Leon;GDJ;linares_jurisdiccion_gdj;~~REDIRECT>linares_jurisdiccion_gdj~~;GDNLLIJU;1691;1808;335;;;;Nueva Galicia y Septentrion;Jurisdiccion;;24.88428;-99.6747
JUGDNLMO;Monterrey;Monterrey @;Jurisdiccion;Nuevo Leon;GDJ;monterrey_jurisdiccion_gdj;~~REDIRECT>monterrey_jurisdiccion_gdj~~;GDNLMOJU;1582;1808;336;;;;Nueva Galicia y Septentrion;Jurisdiccion;;25.67097;-100.30998
JUGDNLPE;Pesqueria Grande;Pesqueria Grande @;Jurisdiccion;Nuevo Leon;GDJ;pesqueria_grande_jurisdiccion_gdj;~~REDIRECT>pesqueria_grande_jurisdiccion_gdj~~;GDNLPEJU;1720;1808;337;;;;Nueva Galicia y Septentrion;Jurisdiccion;;25.80976;-100.59172
JUGDNLPI;Valle de Pilon;Valle de Pilon @;Jurisdiccion;Nuevo Leon;GDJ;valle_de_pilon_jurisdiccion_gdj;~~REDIRECT>valle_de_pilon_jurisdiccion_gdj~~;GDNLPIJU;1715;1808;338;;;;Nueva Galicia y Septentrion;Jurisdiccion;;25.1941;-99.8286
JUGDNLPL;Punta de Lampazos;Punta de Lampazos @ La Puntas @ Las Puntas @ Villa de Horcasitas y Punta de Lampazos;Jurisdiccion;Nuevo Leon;GDJ;punta_de_lampazos_jurisdiccion_gdj;~~REDIRECT>punta_de_lampazos_jurisdiccion_gdj~~;GDNLPLJU;1752;1808;339;;;;Nueva Galicia y Septentrion;Jurisdiccion;;27.0235;-100.5062
JUGDNLRB;Rio Blanco;Rio Blanco @ Valle de San Antonio de los Llanos;Jurisdiccion;Nuevo Leon;GDJ;rio_blanco_jurisdiccion_gdj;~~REDIRECT>rio_blanco_jurisdiccion_gdj~~;GDNLRBJU;1644;1808;340;;;;Nueva Galicia y Septentrion;Jurisdiccion;;24.2488;-99.43602
JUGDNLSA;Valle de Salinas;Valle de Salinas @;Jurisdiccion;Nuevo Leon;GDJ;valle_de_salinas_jurisdiccion_gdj;~~REDIRECT>valle_de_salinas_jurisdiccion_gdj~~;GDNLSAJU;1646;1808;341;;;;Nueva Galicia y Septentrion;Jurisdiccion;;25.9822;-100.43542
JUGDNLSB;Sabinas;Sabinas @ Santiago de Sabinas;Jurisdiccion;Nuevo Leon;GDJ;sabinas_jurisdiccion_gdj;~~REDIRECT>sabinas_jurisdiccion_gdj~~;GDNLSBJU;1693;1808;50;;;;Nueva Galicia y Septentrion;Jurisdiccion;;26.5036;-100.1819
JUGDNLSC;Valle de Santa Catarina;Valle de Santa Catarina @;Jurisdiccion;Nuevo Leon;GDJ;valle_de_santa_catarina_jurisdiccion_gdj;~~REDIRECT>valle_de_santa_catarina_jurisdiccion_gdj~~;GDNLSCJU;1725;1808;342;;;;Nueva Galicia y Septentrion;Jurisdiccion;;25.6745;-100.46164
JUGDNLVA;Vallecillo;Vallecillo @;Jurisdiccion;Nuevo Leon;GDJ;vallecillo_jurisdiccion_gdj;~~REDIRECT>vallecillo_jurisdiccion_gdj~~;GDNLVAJU;1766;1808;343;;;;Nueva Galicia y Septentrion;Jurisdiccion;;26.6595;-99.9805
JUGDNMAL;Alburquerque;Alburquerque @ Las Salinas @ Rio abajo @ Albuquerque;Jurisdiccion;Nuevo Mexico;GDJ;alburquerque_jurisdiccion_gdj;~~REDIRECT>alburquerque_jurisdiccion_gdj~~;GDNMALJU;1660;1808;344;;;;Nueva Galicia y Septentrion;Jurisdiccion;;35.08257;-106.65169
JUGDNMCO;Cochiti;Cochiti @;Jurisdiccion;Nuevo Mexico;GDJ;cochiti_jurisdiccion_gdj;~~REDIRECT>cochiti_jurisdiccion_gdj~~;GDNMCOJU;1692;1808;345;;;;Nueva Galicia y Septentrion;Jurisdiccion;;35.6349;-106.3471
JUGDNMEP;El Paso;El Paso @ El Paso del Norte;Jurisdiccion;Nuevo Mexico;GDJ;el_paso_jurisdiccion_gdj;~~REDIRECT>el_paso_jurisdiccion_gdj~~;GDNMEPJU;1660;1808;346;;;;Nueva Galicia y Septentrion;Jurisdiccion;;31.7333;-106.4833
JUGDNMGA;Galisteo;Galisteo @ Pecos @ Galisteo y Pecos;Jurisdiccion;Nuevo Mexico;GDJ;galisteo_jurisdiccion_gdj;~~REDIRECT>galisteo_jurisdiccion_gdj~~;GDNMGAJU;1660;1808;347;;;;Nueva Galicia y Septentrion;Partido;;35.5467;-105.6741
JUGDNMLL;La Laguna;La Laguna @ Jemes;Jurisdiccion;Nuevo Mexico;GDJ;la_laguna_jurisdiccion_gdj;~~REDIRECT>la_laguna_jurisdiccion_gdj~~;GDNMLLJU;1694;1808;348;;;;Nueva Galicia y Septentrion;Jurisdiccion;;35.0314;-107.3839
JUGDNMQU;Los Queres;Los Queres @ Jemes @ Gemes @ Keres @ Xemez @ Gemez @ Jemez @ Zia @ Cochiti;Jurisdiccion;Nuevo Mexico;GDJ;los_queres_jurisdiccion_gdj;~~REDIRECT>los_queres_jurisdiccion_gdj~~;GDNMQUJU;1660;1808;349;;;;Nueva Galicia y Septentrion;Jurisdiccion;;35.4339;-106.4461
JUGDNMSA;Sandia;Sandia @ Bernalillo @ San Carlos de Alameda @ Alamada @ Isleta;Jurisdiccion;Nuevo Mexico;GDJ;sandia_jurisdiccion_gdj;~~REDIRECT>sandia_jurisdiccion_gdj~~;GDNMSAJU;1701;1808;350;;;;Nueva Galicia y Septentrion;Jurisdiccion;;35.30014;-106.55125
JUGDNMSC;Santa Cruz de la Cañada;Santa Cruz de la Cañada @ Rio arriba;Jurisdiccion;Nuevo Mexico;GDJ;santa_cruz_de_la_canada_jurisdiccion_gdj;~~REDIRECT>santa_cruz_de_la_cañada_jurisdiccion_gdj~~;GDNMSCJU;1660;1808;351;;;;Nueva Galicia y Septentrion;Jurisdiccion;;35.99242;-106.04755
JUGDNMSE;Senecu;Senecu @;Jurisdiccion;Nuevo Mexico;GDJ;senecu_jurisdiccion_gdj;~~REDIRECT>senecu_jurisdiccion_gdj~~;GDNMSEJU;1660;1679;1596;;;;Nueva Galicia y Septentrion;indefinido;;90;0
JUGDNMSF;Santa Fe;Santa Fe @;Jurisdiccion;Nuevo Mexico;GDJ;santa_fe_jurisdiccion_gdj;~~REDIRECT>santa_fe_jurisdiccion_gdj~~;GDNMSFJU;1610;1808;352;;;;Nueva Galicia y Septentrion;Jurisdiccion;;35.6875;-105.93851
JUGDNMTA;Taos;Taos @ Tewas @ Tiwas @ Tihuas @ Teguas @ Tehuas @ Tiguas @ Thaos @ Taos y Picuries;Jurisdiccion;Nuevo Mexico;GDJ;taos_jurisdiccion_gdj;~~REDIRECT>taos_jurisdiccion_gdj~~;GDNMTAJU;1660;1808;353;;;;Nueva Galicia y Septentrion;Jurisdiccion;;36.4386;-105.5439
JUGDNMZU;Zuñi;Zuñi @;Jurisdiccion;Nuevo Mexico;GDJ;zuni_jurisdiccion_gdj;~~REDIRECT>zuñi_jurisdiccion_gdj~~;GDNMZUJU;1701;1808;354;;;;Nueva Galicia y Septentrion;Jurisdiccion;;35.0694;-108.8478
JUGDSSAI;Aigame;Aigame @ Real de Aigame @ Pimeria Baja;Jurisdiccion;Sonora-Sinaloa;GDJ;aigame_jurisdiccion_gdj;~~REDIRECT>aigame_jurisdiccion_gdj~~;GDSSAIJU;1775;1808;355;;;;Nueva Galicia y Septentrion;Jurisdiccion;;28.49283;-110.30029
JUGDSSAL;Alamos;Alamos @;Jurisdiccion;Sonora-Sinaloa;GDJ;alamos_jurisdiccion_gdj;~~REDIRECT>alamos_jurisdiccion_gdj~~;GDSSALJU;1733;1808;356;;;;Nueva Galicia y Septentrion;Jurisdiccion;;27.02667;-108.94179
JUGDSSCH;Chametla;Chametla @  Chiametla @ Villa del Espiritu Santo;Jurisdiccion;Sonora-Sinaloa;GDJ;chametla_jurisdiccion_gdj;~~REDIRECT>chametla_jurisdiccion_gdj~~;GDSSCHJU;1529;9999;1428;;;;Nueva Galicia y Septentrion;Provincia_menor;;90;0
JUGDSSCI;Cieneguilla;Cieneguilla @;Jurisdiccion;Sonora-Sinaloa;GDJ;cieneguilla_jurisdiccion_gdj;~~REDIRECT>cieneguilla_jurisdiccion_gdj~~;GDSSCIJU;1771;1808;357;;;;Nueva Galicia y Septentrion;Jurisdiccion;;30.1954;-111.9462
JUGDSSCP;Copala;Copala @ Panico y San Bartolome @ San Bartolome Copala @ San Jose Copala @ Chiametla y Maloya;Jurisdiccion;Sonora-Sinaloa;GDJ;copala_jurisdiccion_gdj;~~REDIRECT>copala_jurisdiccion_gdj~~;GDSSCPJU;1630;1808;358;;;;Nueva Galicia y Septentrion;Jurisdiccion;;23.28866;-106.06663
JUGDSSCS;Cosala;Cosala @ Las Virgenes @ Once mil virgenes de Cosala;Jurisdiccion;Sonora-Sinaloa;GDJ;cosala_jurisdiccion_gdj;~~REDIRECT>cosala_jurisdiccion_gdj~~;GDSSCSJU;1576;1808;359;;;;Nueva Galicia y Septentrion;Jurisdiccion;;24.4117;-106.68896
JUGDSSCU;Culiacan;Culiacan @;Jurisdiccion;Sonora-Sinaloa;GDJ;culiacan_jurisdiccion_gdj;~~REDIRECT>culiacan_jurisdiccion_gdj~~;GDSSCUJU;1531;1808;360;;;;Nueva Galicia y Septentrion;Jurisdiccion;;24.80768;-107.39457
JUGDSSEF;El Fuerte;El Fuerte @;Jurisdiccion;Sonora-Sinaloa;GDJ;el_fuerte_jurisdiccion_gdj;~~REDIRECT>el_fuerte_jurisdiccion_gdj~~;GDSSEFJU;1733;1808;361;;;;Nueva Galicia y Septentrion;Jurisdiccion;;26.41667;-108.61951
JUGDSSMY;Maloya;Maloya @ Matatan @ Cacalotan y Maloya;Jurisdiccion;Sonora-Sinaloa;GDJ;maloya_jurisdiccion_gdj;~~REDIRECT>maloya_jurisdiccion_gdj~~;GDSSMYJU;1590;1808;362;;;;Nueva Galicia y Septentrion;Jurisdiccion;;22.94861;-105.60556
JUGDSSOS;Ostimuri;Ostimuri @ Hostimuri @ Rio Chico @ Ustimuri @ Ostimuri, Valloreca y Rio Chico;Jurisdiccion;Sonora-Sinaloa;GDJ;ostimuri_jurisdiccion_gdj;~~REDIRECT>ostimuri_jurisdiccion_gdj~~;GDSSOSJU;1676;1808;363;;;;Nueva Galicia y Septentrion;Jurisdiccion;;28.33417;-109.50783
JUGDSSRO;Rosario;Rosario @ Chametla @ Chametla y Salinas @ Real de Rosario y Chametla @ Chiametla;Jurisdiccion;Sonora-Sinaloa;GDJ;rosario_jurisdiccion_gdj;~~REDIRECT>rosario_jurisdiccion_gdj~~;GDSSROJU;1630;1808;364;;;;Nueva Galicia y Septentrion;Jurisdiccion;;22.99209;-105.86213
JUGDSSSB;San Benito;San Benito @;Jurisdiccion;Sonora-Sinaloa;GDJ;san_benito_jurisdiccion_gdj;~~REDIRECT>san_benito_jurisdiccion_gdj~~;GDSSSBJU;1745;1750;365;;;;Nueva Galicia y Septentrion;indefinido;;25.5126;-107.762
JUGDSSSC;Santiago de los Caballeros;Santiago de los Caballeros @ Badiraguato @ San Benito;Jurisdiccion;Sonora-Sinaloa;GDJ;santiago_de_los_caballeros_jurisdiccion_gdj;~~REDIRECT>santiago_de_los_caballeros_jurisdiccion_gdj~~;GDSSSCJU;1693;1787;366;;;;Nueva Galicia y Septentrion;Jurisdiccion;;25.5126;-107.762
JUGDSSSI;Sinaloa;Sinaloa @ Cinaloa;Jurisdiccion;Sonora-Sinaloa;GDJ;sinaloa_jurisdiccion_gdj;~~REDIRECT>sinaloa_jurisdiccion_gdj~~;GDSSSIJU;1564;1808;367;;;;Nueva Galicia y Septentrion;Jurisdiccion;;25.82122;-108.22194
JUGDSSSO;Sonora;Sonora @ San Antonio de la Huerta @ Horcasitas @ San Juan Bautista;Jurisdiccion;Sonora-Sinaloa;GDJ;sonora_jurisdiccion_gdj;~~REDIRECT>sonora_jurisdiccion_gdj~~;GDSSSOJU;1641;1808;368;;;;Nueva Galicia y Septentrion;Jurisdiccion;;28.63;-109.61
JUGDZAFR;Fresnillo;Fresnillo @;Jurisdiccion;Zacatecas;GDJ;fresnillo_jurisdiccion_gdj;~~REDIRECT>fresnillo_jurisdiccion_gdj~~;GDZAFRJU;1572;1808;369;;;;Nueva Galicia y Septentrion;Jurisdiccion;;23.1727;-102.8694
JUGDZAJE;Jerez;Jerez @ Jerez-Tlaltenango @ Xerez @ Jerez de la Frontera;Jurisdiccion;Zacatecas;GDJ;jerez_jurisdiccion_gdj;~~REDIRECT>jerez_jurisdiccion_gdj~~;GDZAJEJU;1570;1808;370;;;;Nueva Galicia y Septentrion;Jurisdiccion;;22.64919;-102.98973
JUGDZAMA;Mazapil;Mazapil @;Jurisdiccion;Zacatecas;GDJ;mazapil_jurisdiccion_gdj;~~REDIRECT>mazapil_jurisdiccion_gdj~~;GDZAMAJU;1568;1808;371;;;;Nueva Galicia y Septentrion;Jurisdiccion;;24.64;-101.5527
JUGDZANI;Nieves;Nieves @;Jurisdiccion;Zacatecas;GDJ;nieves_jurisdiccion_gdj;~~REDIRECT>nieves_jurisdiccion_gdj~~;GDZANIJU;1599;1808;372;;;;Nueva Galicia y Septentrion;Jurisdiccion;;23.99728;-103.01934
JUGDZASI;Sierra de Pinos;Sierra de Pinos @;Jurisdiccion;Zacatecas;GDJ;sierra_de_pinos_jurisdiccion_gdj;~~REDIRECT>sierra_de_pinos_jurisdiccion_gdj~~;GDZASIJU;1604;1808;373;;;;Nueva Galicia y Septentrion;Jurisdiccion;;22.29794;-101.57499
JUGDZASO;Sombrerete;Sombrerete @ Llerena Real @ Minas de San Martin y Avino;Jurisdiccion;Zacatecas;GDJ;sombrerete_jurisdiccion_gdj;~~REDIRECT>sombrerete_jurisdiccion_gdj~~;GDZASOJU;1558;1808;374;;;;Nueva Galicia y Septentrion;Jurisdiccion;;23.63278;-103.64106
JUGDZAZA;Zacatecas;Zacatecas @;Jurisdiccion;Zacatecas;GDJ;zacatecas_jurisdiccion_gdj;~~REDIRECT>zacatecas_jurisdiccion_gdj~~;GDZAZAJU;1549;1808;375;;;;Nueva Galicia y Septentrion;Jurisdiccion;;22.7758;-102.57148
JUGUCHCO;Comitan;Comitan @ Los Llanos;Jurisdiccion;Chiapas;GUA;comitan_jurisdiccion_gua;~~REDIRECT>comitan_jurisdiccion_gua~~;GUCHCOJU;1701;1808;376;;;;Guatemala;Jurisdiccion;;16.25111;-92.13417
JUGUCHCR;Ciudad Real;Ciudad Real @ Chiapas;Jurisdiccion;Chiapas;GUA;ciudad_real_jurisdiccion_gua;~~REDIRECT>ciudad_real_jurisdiccion_gua~~;GUCHCRJU;1701;1808;377;;;;Guatemala;Jurisdiccion;;16.73695;-92.63753
JUGUCHHU;Huistan;Huistan @ Guista;Jurisdiccion;Chiapas;GUA;huistan_jurisdiccion_gua;~~REDIRECT>huistan_jurisdiccion_gua~~;GUCHHUJU;1786;1808;378;;;;Guatemala;Jurisdiccion;;16.71;-92.45278
JUGUCHIX;Ixtacomitan;Ixtacomitan @;Jurisdiccion;Chiapas;GUA;ixtacomitan_jurisdiccion_gua;~~REDIRECT>ixtacomitan_jurisdiccion_gua~~;GUCHIXJU;1786;1808;379;;;;Guatemala;Jurisdiccion;;17.43028;-93.095
JUGUCHOC;Ocozingo;Ocozingo @ Ocosingo @ Tzendales @ Sendales @ Chontales;Jurisdiccion;Chiapas;GUA;ocozingo_jurisdiccion_gua;~~REDIRECT>ocozingo_jurisdiccion_gua~~;GUCHOCJU;1786;1808;380;;;;Guatemala;Jurisdiccion;;16.90722;-92.09611
JUGUCHPA;Palenque;Palenque @;Jurisdiccion;Chiapas;GUA;palenque_jurisdiccion_gua;~~REDIRECT>palenque_jurisdiccion_gua~~;GUCHPAJU;1786;1808;381;;;;Guatemala;Jurisdiccion;;17.50917;-91.98222
JUGUCHSA;San Andres;San Andres @ Corona @ Coronas y Chinampas;Jurisdiccion;Chiapas;GUA;san_andres_jurisdiccion_gua;~~REDIRECT>san_andres_jurisdiccion_gua~~;GUCHSAJU;1701;1808;382;;;;Guatemala;Jurisdiccion;;16.88361;-92.71333
JUGUCHSI;Simojovel;Simojovel @ Guardiania de Huitiupan;Jurisdiccion;Chiapas;GUA;simojovel_jurisdiccion_gua;~~REDIRECT>simojovel_jurisdiccion_gua~~;GUCHSIJU;1701;1808;383;;;;Guatemala;Jurisdiccion;;17.18583;-92.67639
JUGUCHSO;Soconusco;Soconusco @;Jurisdiccion;Chiapas;GUA;soconusco_jurisdiccion_gua;~~REDIRECT>soconusco_jurisdiccion_gua~~;GUCHSOJU;1526;1808;384;;;;Guatemala;Jurisdiccion;;14.90806;-92.26056
JUGUCHTA;Tapachula;Tapachula @;Jurisdiccion;Chiapas;GUA;tapachula_jurisdiccion_gua;~~REDIRECT>tapachula_jurisdiccion_gua~~;GUCHTAJU;1701;1808;385;;;;Guatemala;Jurisdiccion;;14.90806;-92.26056
JUGUCHTI;Tila;Tila @;Jurisdiccion;Chiapas;GUA;tila_jurisdiccion_gua;~~REDIRECT>tila_jurisdiccion_gua~~;GUCHTIJU;1786;1808;386;;;;Guatemala;Jurisdiccion;;17.30028;-92.42556
JUGUCHTO;Tonala;Tonala @;Jurisdiccion;Chiapas;GUA;tonala_jurisdiccion_gua;~~REDIRECT>tonala_jurisdiccion_gua~~;GUCHTOJU;1786;1808;387;;;;Guatemala;Jurisdiccion;;16.08639;-93.755
JUGUCHTU;Tuxtla;Tuxtla @;Jurisdiccion;Chiapas;GUA;tuxtla_jurisdiccion_gua;~~REDIRECT>tuxtla_jurisdiccion_gua~~;GUCHTUJU;1769;1808;388;;;;Guatemala;Jurisdiccion;;16.75278;-93.11667
JUGUCRAL;Alajuela;Alajuela @;Jurisdiccion;Costa Rica;GUA;alajuela_jurisdiccion_gua;~~REDIRECT>alajuela_jurisdiccion_gua~~;GUCRALJU;1782;1808;1752;;;;Guatemala;Jurisdiccion;;;
JUGUCRCA;Cartago;Cartago @;Jurisdiccion;Costa Rica;GUA;cartago_jurisdiccion_gua;~~REDIRECT>cartago_partido_gua~~;GUCRCAJU;1111;9999;1741;;;;Guatemala;Jurisdiccion;;9.86474;-83.92088
JUGUCRCH;Chirripo;Chirripo @;Jurisdiccion;Costa Rica;GUA;chirripo_jurisdiccion_gua;~~REDIRECT>chirripo_jurisdiccion_gua~~;GUCRCHJU;1632;1659;1599;;;;Guatemala;Jurisdiccion;;90;0
JUGUCRES;Esparza;Esparza @;Jurisdiccion;Costa Rica;GUA;esparza_jurisdiccion_gua;~~REDIRECT>esparza_partido_gua~~;GUCRESJU;1111;9999;1740;;;;Guatemala;Jurisdiccion;;9.99007;-84.66657
JUGUCRGA;Chomes;Chomes @ Garabito;Jurisdiccion;Costa Rica;GUA;chomes_jurisdiccion_gua;~~REDIRECT>chomes_jurisdiccion_gua~~;GUCRGAJU;1576;1596;1605;;;;Guatemala;indefinido;;90;0
JUGUCRPA;Pacaca;Pacaca @ Pacaca y Azerri;Jurisdiccion;Costa Rica;GUA;pacaca_jurisdiccion_gua;~~REDIRECT>pacaca_jurisdiccion_gua~~;GUCRPAJU;1583;1659;1600;;;;Guatemala;Jurisdiccion;;90;0
JUGUCRQU;Quepo;Quepo @ Quepos;Jurisdiccion;Costa Rica;GUA;quepo_jurisdiccion_gua;~~REDIRECT>quepo_jurisdiccion_gua~~;GUCRQUJU;1583;1659;1601;;;;Guatemala;Jurisdiccion;;90;0
JUGUCRTR;Turrialba;Turrialba @ Turrialba y Puerto de Suerre @ Ujarraz @ Tucurrique;Jurisdiccion;Costa Rica;GUA;turrialba_jurisdiccion_gua;~~REDIRECT>turrialba_jurisdiccion_gua~~;GUCRTRJU;1591;1659;1602;;;;Guatemala;Jurisdiccion;;90;0
JUGUCYCN;Chinda;Chinda @;Jurisdiccion;Comayagua;GUA;chinda_jurisdiccion_gua;~~REDIRECT>chinda_jurisdiccion_gua~~;GUCYCNJU;1787;1808;389;;;;Guatemala;Jurisdiccion;;15.1167;-88.2
JUGUCYCY;Comayagua;Comayagua @ Valle de las Higueras;Jurisdiccion;Comayagua;GUA;comayagua_jurisdiccion_gua;~~REDIRECT>comayagua_jurisdiccion_gua~~;GUCYCYJU;1701;1808;390;;;;Guatemala;Jurisdiccion;;14.45115;-87.63814
JUGUCYGR;Gracias a Dios;Gracias a Dios @;Jurisdiccion;Comayagua;GUA;gracias_a_dios_jurisdiccion_gua;~~REDIRECT>gracias_a_dios_jurisdiccion_gua~~;GUCYGRJU;1111;1808;391;;;;Guatemala;Jurisdiccion;;14.58872;-88.58315
JUGUCYOL;Olancho;Olancho @;Jurisdiccion;Comayagua;GUA;olancho_jurisdiccion_gua;~~REDIRECT>olancho_jurisdiccion_gua~~;GUCYOLJU;1111;1808;392;;;;Guatemala;Jurisdiccion;;14.9189;-86.3738
JUGUCYOM;Omoa;Omoa @;Jurisdiccion;Comayagua;GUA;omoa_jurisdiccion_gua;~~REDIRECT>omoa_jurisdiccion_gua~~;GUCYOMJU;1752;1808;393;;;;Guatemala;Jurisdiccion;;15.77848;-88.03977
JUGUCYOT;Olanchito;Olanchito @;Jurisdiccion;Comayagua;GUA;olanchito_jurisdiccion_gua;~~REDIRECT>olanchito_jurisdiccion_gua~~;GUCYOTJU;1111;1808;394;;;;Guatemala;Jurisdiccion;;15.48748;-86.58145
JUGUCYSE;Sensenti;Sensenti @;Jurisdiccion;Comayagua;GUA;sensenti_jurisdiccion_gua;~~REDIRECT>sensenti_jurisdiccion_gua~~;GUCYSEJU;1580;1808;395;;;;Guatemala;Jurisdiccion;;14.49578;-88.93887
JUGUCYSP;San Pedro Sula;San Pedro Sula @;Jurisdiccion;Comayagua;GUA;san_pedro_sula_jurisdiccion_gua;~~REDIRECT>san_pedro_sula_jurisdiccion_gua~~;GUCYSPJU;1111;1808;396;;;;Guatemala;Jurisdiccion;;15.50507;-88.02413
JUGUCYTC;Tencoa;Tencoa @ Santa Barbara;Jurisdiccion;Comayagua;GUA;tencoa_jurisdiccion_gua;~~REDIRECT>tencoa_jurisdiccion_gua~~;GUCYTCJU;1569;1808;397;;;;Guatemala;Jurisdiccion;;14.91868;-88.23502
JUGUCYTR;Trujillo;Trujillo @;Jurisdiccion;Comayagua;GUA;trujillo_jurisdiccion_gua;~~REDIRECT>trujillo_jurisdiccion_gua~~;GUCYTRJU;1787;1808;398;;;;Guatemala;Jurisdiccion;;15.91727;-85.95522
JUGUCYYO;Yoro;Yoro @;Jurisdiccion;Comayagua;GUA;yoro_jurisdiccion_gua;~~REDIRECT>yoro_jurisdiccion_gua~~;GUCYYOJU;1111;1808;399;;;;Guatemala;Jurisdiccion;;15.14251;-87.12867
JUGUGUAC;Acasaguastlan;Acasaguastlan @ Zacapa @ Casablastran @ Casalbastran @ Casabeltran;Jurisdiccion;Guatemala;GUA;acasaguastlan_jurisdiccion_gua;~~REDIRECT>acasaguastlan_jurisdiccion_gua~~;GUGUACJU;1551;1808;400;;;;Guatemala;Jurisdiccion;;14.9265;-89.868
JUGUGUAM;Amatique;Amatique @ Amatique y Santo Tomas de Castilla;Jurisdiccion;Guatemala;GUA;amatique_jurisdiccion_gua;~~REDIRECT>amatique_jurisdiccion_gua~~;GUGUAMJU;1604;1808;401;;;;Guatemala;Jurisdiccion;;15.6372;-88.99406
JUGUGUCM;Chiquimula;Chiquimula @ Chiquimula y Acasaguastlan @ Chiquimula y Zacapa;Jurisdiccion;Guatemala;GUA;chiquimula_jurisdiccion_gua;~~REDIRECT>chiquimula_jurisdiccion_gua~~;GUGUCMJU;1560;1808;402;;;;Guatemala;Jurisdiccion;;14.80061;-89.54405
JUGUGUCT;Chimaltenango;Chimaltenango @;Jurisdiccion;Guatemala;GUA;chimaltenango_jurisdiccion_gua;~~REDIRECT>chimaltenango_jurisdiccion_gua~~;GUGUCTJU;1754;1808;403;;;;Guatemala;Jurisdiccion;;14.66212;-90.82085
JUGUGUES;Escuintla;Escuintla @ Escuintla y Guazacapan @ Escuintepeque;Jurisdiccion;Guatemala;GUA;escuintla_jurisdiccion_gua;~~REDIRECT>escuintla_jurisdiccion_gua~~;GUGUESJU;1547;1808;404;;;;Guatemala;Jurisdiccion;;14.3006;-90.786
JUGUGUGU;Valle de Guatemala;Valle de Guatemala @ Guatemala @ Nueva Guatemala;Jurisdiccion;Guatemala;GUA;valle_de_guatemala_jurisdiccion_gua;~~REDIRECT>valle_de_guatemala_jurisdiccion_gua~~;GUGUGUJU;1547;1808;405;;;;Guatemala;Jurisdiccion;;14.62181;-90.51879
JUGUGUIS;isla de San Andres;isla de San Andres @ Isla de San Andres y Costa de Mosquitos;Jurisdiccion;Guatemala;GUA;isla_de_san_andres_jurisdiccion_gua;~~REDIRECT>isla_de_san_andres_jurisdiccion_gua~~;GUGUISJU;1775;1808;406;;;;Guatemala;Jurisdiccion;;12.58341;-81.70517
JUGUGUQU;Quetzaltenango;Quetzaltenango @ Casaltenango;Jurisdiccion;Guatemala;GUA;quetzaltenango_jurisdiccion_gua;~~REDIRECT>quetzaltenango_jurisdiccion_gua~~;GUGUQUJU;1547;1808;407;;;;Guatemala;Jurisdiccion;;14.84411;-91.51907
JUGUGUSA;Sacatepeques;Sacatepeques @ Sacatepeques y Amatitanes @ Amatitan y Zacatepeques;Jurisdiccion;Guatemala;GUA;sacatepeques_jurisdiccion_gua;~~REDIRECT>sacatepeques_jurisdiccion_gua~~;GUGUSAJU;1754;1808;408;;;;Guatemala;Jurisdiccion;;14.62181;-90.51879
JUGUGUSF;San Felipe del Golfo;San Felipe del Golfo @ Castillo de San Felipe @ San Felipe del Golfo Dulce @ San Felipe de Lara;Jurisdiccion;Guatemala;GUA;san_felipe_del_golfo_jurisdiccion_gua;~~REDIRECT>san_felipe_del_golfo_jurisdiccion_gua~~;GUGUSFJU;1751;1808;409;;;;Guatemala;Jurisdiccion;;15.6372;-88.99406
JUGUGUSO;Solola;Solola @ Tecpanatitan @ Tecpan Atitlan @ Atitan y Atepanatitan @ Atitlan @ Atitan y Tecpanatitlan @ Atitlan y Tecpanatitlan;Jurisdiccion;Guatemala;GUA;solola_jurisdiccion_gua;~~REDIRECT>solola_jurisdiccion_gua~~;GUGUSOJU;1547;1808;410;;;;Guatemala;Jurisdiccion;;14.7708;-91.18202
JUGUGUSS;Sonsonate;Sonsonate @;Jurisdiccion;Guatemala;GUA;sonsonate_jurisdiccion_gua;~~REDIRECT>sonsonate_jurisdiccion_gua~~;GUGUSSJU;1539;1808;411;;;;Guatemala;Jurisdiccion;;13.7256;-89.7271
JUGUGUSU;Suchiltepequez;Suchiltepequez @ San Antonio @ Suchitepeque @ Suchiltepeques @ Zapotitlan y San Antonio de Suchiltepeques;Jurisdiccion;Guatemala;GUA;suchiltepequez_jurisdiccion_gua;~~REDIRECT>suchiltepequez_jurisdiccion_gua~~;GUGUSUJU;1547;1808;412;;;;Guatemala;Jurisdiccion;;14.53046;-91.50957
JUGUGUTO;Totonicapan;Totonicapan @ Totonicapan y Huehuetenango;Jurisdiccion;Guatemala;GUA;totonicapan_jurisdiccion_gua;~~REDIRECT>totonicapan_jurisdiccion_gua~~;GUGUTOJU;1547;1808;413;;;;Guatemala;Jurisdiccion;;14.91124;-91.35983
JUGUGUVE;Verapaz;Verapaz @;Jurisdiccion;Guatemala;GUA;verapaz_jurisdiccion_gua;~~REDIRECT>verapaz_jurisdiccion_gua~~;GUGUVEJU;1560;1808;414;;;;Guatemala;Jurisdiccion;;15.47059;-90.36855
JUGUNIGR;Granada;Granada @;Jurisdiccion;Nicaragua;GUA;granada_jurisdiccion_gua;~~REDIRECT>granada_jurisdiccion_gua~~;GUNIGRJU;1701;1808;415;;;;Guatemala;Jurisdiccion;;11.93473;-85.95877
JUGUNILE;Leon;Leon @;Jurisdiccion;Nicaragua;GUA;leon_jurisdiccion_gua;~~REDIRECT>leon_jurisdiccion_gua~~;GUNILEJU;1701;1808;416;;;;Guatemala;Jurisdiccion;;12.43496;-86.87836
JUGUNIMA;Masaya;Masaya @ Monimbo;Jurisdiccion;Nicaragua;GUA;masaya_jurisdiccion_gua;~~REDIRECT>masaya_jurisdiccion_gua~~;GUNIMAJU;1632;1808;417;;;;Guatemala;Jurisdiccion;;11.97378;-86.09631
JUGUNIMG;Sebaco;Sebaco @ Sebaco @ Sebaco y Chontales @ Matagalpa @ Matagalpa y Chontales;Jurisdiccion;Nicaragua;GUA;sebaco_jurisdiccion_gua;~~REDIRECT>sebaco_jurisdiccion_gua~~;GUNIMGJU;1632;1808;418;;;;Guatemala;Jurisdiccion;;12.92307;-85.91842
JUGUNINC;Nicoya;Nicoya @ Bruselas;Jurisdiccion;Nicaragua;GUA;nicoya_jurisdiccion_gua;~~REDIRECT>nicoya_jurisdiccion_gua~~;GUNINCJU;1524;1808;419;;;;Guatemala;Jurisdiccion;;10.14356;-85.45381
JUGUNINI;Nicaragua;Nicaragua @;Jurisdiccion;Nicaragua;GUA;nicaragua_jurisdiccion_gua;~~REDIRECT>nicaragua_jurisdiccion_gua~~;GUNINIJU;1720;1808;420;;;;Guatemala;Jurisdiccion;;11.43759;-85.8273
JUGUNINS;Nueva Segovia;Nueva Segovia @;Jurisdiccion;Nicaragua;GUA;nueva_segovia_jurisdiccion_gua;~~REDIRECT>nueva_segovia_jurisdiccion_gua~~;GUNINSJU;1701;1808;421;;;;Guatemala;Jurisdiccion;;13.6401;-86.3083
JUGUNIRE;Realejo;Realejo @;Jurisdiccion;Nicaragua;GUA;realejo_jurisdiccion_gua;~~REDIRECT>realejo_jurisdiccion_gua~~;GUNIREJU;1632;1808;422;;;;Guatemala;Jurisdiccion;;12.544;-87.16628
JUGUNISJ;Rio San Juan;Rio San Juan @ Castillo de Concepcion;Jurisdiccion;Nicaragua;GUA;rio_san_juan_jurisdiccion_gua;~~REDIRECT>rio_san_juan_jurisdiccion_gua~~;GUNISJJU;1701;1808;423;;;;Guatemala;Jurisdiccion;;11.0193;-84.39678
JUGUNISU;Subtiava;Subtiava @ Sutiaba @ Quetzalguaque @ Cazalagua y Pozoltega;Jurisdiccion;Nicaragua;GUA;subtiava_jurisdiccion_gua;~~REDIRECT>subtiava_jurisdiccion_gua~~;GUNISUJU;1583;1808;424;;;;Guatemala;Jurisdiccion;;12.43361;-86.89506
JUGUSSCH;Chalatenango;Chalatenango @;Jurisdiccion;San Salvador;GUA;chalatenango_jurisdiccion_gua;~~REDIRECT>chalatenango_jurisdiccion_gua~~;GUSSCHJU;1787;1808;425;;;;Guatemala;Jurisdiccion;;14.04139;-88.93941
JUGUSSME;Metapas;Metapas @;Jurisdiccion;San Salvador;GUA;metapas_jurisdiccion_gua;~~REDIRECT>metapas_jurisdiccion_gua~~;GUSSMEJU;1787;1808;426;;;;Guatemala;Jurisdiccion;;14.33111;-89.44274
JUGUSSSA;Santa Ana;Santa Ana @ Santa Ana la Grande;Jurisdiccion;San Salvador;GUA;santa_ana_jurisdiccion_gua;~~REDIRECT>santa_ana_jurisdiccion_gua~~;GUSSSAJU;1701;1808;427;;;;Guatemala;Jurisdiccion;;13.99087;-89.55719
JUGUSSSC;Sacatecoluca;Sacatecoluca @ Zacatecoluca;Jurisdiccion;San Salvador;GUA;sacatecoluca_jurisdiccion_gua;~~REDIRECT>sacatecoluca_jurisdiccion_gua~~;GUSSSCJU;1787;1808;428;;;;Guatemala;Jurisdiccion;;13.50897;-88.86996
JUGUSSSM;San Miguel;San Miguel @;Jurisdiccion;San Salvador;GUA;san_miguel_jurisdiccion_gua;~~REDIRECT>san_miguel_jurisdiccion_gua~~;GUSSSMJU;1701;1808;429;;;;Guatemala;Jurisdiccion;;13.48039;-88.17722
JUGUSSSS;San Salvador;San Salvador @;Jurisdiccion;San Salvador;GUA;san_salvador_jurisdiccion_gua;~~REDIRECT>san_salvador_jurisdiccion_gua~~;GUSSSSJU;1701;1808;430;;;;Guatemala;Jurisdiccion;;13.69834;-89.19136
JUGUSSSV;San Vicente;San Vicente @;Jurisdiccion;San Salvador;GUA;san_vicente_jurisdiccion_gua;~~REDIRECT>san_vicente_jurisdiccion_gua~~;GUSSSVJU;1701;1808;431;;;;Guatemala;Jurisdiccion;;13.64086;-88.78425
JUGUTGAG;Aguanqueterique;Aguanqueterique @;Jurisdiccion;Tegucigalpa;GUA;aguanqueterique_jurisdiccion_gua;~~REDIRECT>aguanqueterique_jurisdiccion_gua~~;GUTGAGJU;1743;1808;432;;;;Guatemala;Partido;;13.95351;-87.66859
JUGUTGCE;Cedros;Cedros @ Cantarranas;Jurisdiccion;Tegucigalpa;GUA;cedros_jurisdiccion_gua;~~REDIRECT>cedros_jurisdiccion_gua~~;GUTGCEJU;1743;1808;433;;;;Guatemala;Partido;;14.26289;-87.02825
JUGUTGCT;Choluteca;Choluteca @;Jurisdiccion;Tegucigalpa;GUA;choluteca_jurisdiccion_gua;~~REDIRECT>choluteca_jurisdiccion_gua~~;GUTGCTJU;1743;1808;434;;;;Guatemala;Partido;;13.30047;-87.18459
JUGUTGDA;Danli;Danli @;Jurisdiccion;Tegucigalpa;GUA;danli_jurisdiccion_gua;~~REDIRECT>danli_jurisdiccion_gua~~;GUTGDAJU;1743;1808;435;;;;Guatemala;Partido;;14.03084;-86.56703
JUGUTGNA;Nacaome;Nacaome @;Jurisdiccion;Tegucigalpa;GUA;nacaome_jurisdiccion_gua;~~REDIRECT>nacaome_jurisdiccion_gua~~;GUTGNAJU;1743;1808;436;;;;Guatemala;Partido;;13.5357;-87.487
JUGUTGTG;Tegucigalpa;Tegucigalpa @ Minas y registros de Honduras @ Minas de Tegucigalpa, Acapcap y villa de Choluteca @ Minas de Tegucigalpa y Real del Corpus;Jurisdiccion;Tegucigalpa;GUA;tegucigalpa_jurisdiccion_gua;~~REDIRECT>tegucigalpa_jurisdiccion_gua~~;GUTGTGJU;1579;1808;437;;;131481898;Guatemala;Jurisdiccion;;14.10545;-87.20414
JUNEBEBE;Belice;Belice @ Walix @ Baliza @ Walis @ Balix @ Belize;Jurisdiccion;Yucatan;NES;belice_jurisdiccion_nes;~~REDIRECT>belice_jurisdiccion_nes~~;NEBEBEJU;1111;1808;438;;;;Nueva España;Jurisdiccion;;90;0
JUNECLCN;California Alta;California Alta @ California Nueva;Jurisdiccion;California;GDJ;california_alta_jurisdiccion_gdj;~~REDIRECT>california_alta_jurisdiccion_gdj~~;NECLCNJU;1111;1808;439;;;;Nueva Galicia y Septentrion;Jurisdiccion;;36.59552;-121.89061
JUNECLCV;California Baja;California Baja @ California Vieja @ Antigua California;Jurisdiccion;California;GDJ;california_baja_jurisdiccion_gdj;~~REDIRECT>california_baja_jurisdiccion_gdj~~;NECLCVJU;1111;1808;440;;;;Nueva Galicia y Septentrion;Jurisdiccion;;26.01053;-111.34301
JUNECLDN;Departamento del Norte;Departamento del Norte @;Jurisdiccion;California;GDJ;departamento_del_norte_jurisdiccion_gdj;~~REDIRECT>departamento_del_norte_jurisdiccion_gdj~~;NECLDNJU;1768;1808;441;;;;Nueva Galicia y Septentrion;Partido;;26.01053;-111.34301
JUNECLDS;Departamento del Sur;Departamento del Sur @;Jurisdiccion;California;GDJ;departamento_del_sur_jurisdiccion_gdj;~~REDIRECT>departamento_del_sur_jurisdiccion_gdj~~;NECLDSJU;1768;1808;442;;;;Nueva Galicia y Septentrion;Partido;;23.80716;-110.05838
JUNECNCA;Carmen;Carmen @ Laguna de los Terminos;Jurisdiccion;Yucatan;NES;carmen_jurisdiccion_nes;~~REDIRECT>carmen_jurisdiccion_nes~~;NECNCAJU;1111;1808;443;;;;Nueva España;Jurisdiccion;;18.6525;-91.8082
JUNEGJCE;Celaya;Celaya @ Celaya y Salvatierra;Jurisdiccion;Guanajuato;NES;celaya_jurisdiccion_nes;~~REDIRECT>celaya_jurisdiccion_nes~~;NEGJCEJU;1571;1808;444;;;;Nueva España;Jurisdiccion;;20.52483;-100.81522
JUNEGJDO;Dolores;Dolores @ Congregacion de Dolores;Jurisdiccion;Guanajuato;NES;dolores_jurisdiccion_nes;~~REDIRECT>dolores_jurisdiccion_nes~~;NEGJDOJU;1787;1808;445;;;;Nueva España;Jurisdiccion;;21.15736;-100.93295
JUNEGJGJ;Guanajuato;Guanajuato @ Guanaxuato;Jurisdiccion;Guanajuato;NES;guanajuato_jurisdiccion_nes;~~REDIRECT>guanajuato_jurisdiccion_nes~~;NEGJGJJU;1559;1808;446;;;;Nueva España;Jurisdiccion;;21.01661;-101.25272
JUNEGJLE;Villa de Leon;Villa de Leon @ Leon y Zacatula;Jurisdiccion;Guanajuato;NES;villa_de_leon_jurisdiccion_nes;~~REDIRECT>villa_de_leon_jurisdiccion_nes~~;NEGJLEJU;1579;1808;447;;;;Nueva España;Jurisdiccion;;21.11956;-101.67622
JUNEGJPE;Penjamo;Penjamo @;Jurisdiccion;Guanajuato;NES;penjamo_jurisdiccion_nes;~~REDIRECT>penjamo_jurisdiccion_nes~~;NEGJPEJU;1787;1808;448;;;;Nueva España;Jurisdiccion;;20.43;-101.7225
JUNEGJPG;Piedra Gorda;Piedra Gorda @ Piedragorda;Jurisdiccion;Guanajuato;NES;piedra_gorda_jurisdiccion_nes;~~REDIRECT>piedra_gorda_jurisdiccion_nes~~;NEGJPGJU;1787;1808;449;;;;Nueva España;Jurisdiccion;;20.72831;-101.9486
JUNEGJSF;San Felipe;San Felipe @;Jurisdiccion;Guanajuato;NES;san_felipe_jurisdiccion_nes;~~REDIRECT>san_felipe_jurisdiccion_nes~~;NEGJSFJU;1111;1808;450;;;;Nueva España;Jurisdiccion;;21.47878;-101.21562
JUNEGJSI;Silao;Silao @ Congregacion de Silao;Jurisdiccion;Guanajuato;NES;silao_jurisdiccion_nes;~~REDIRECT>silao_jurisdiccion_nes~~;NEGJSIJU;1787;1808;451;;;;Nueva España;Partido;;20.9424;-101.42249
JUNEGJSM;San Miguel el Grande;San Miguel el Grande @ San Miguel el Grande y San Felipe @ San Felipe y San Miguel;Jurisdiccion;Guanajuato;NES;san_miguel_el_grande_jurisdiccion_nes;~~REDIRECT>san_miguel_el_grande_jurisdiccion_nes~~;NEGJSMJU;1555;1808;452;;;;Nueva España;Jurisdiccion;;20.91116;-100.7401
JUNEGJSP;San Luis de la Paz;San Luis de la Paz @ Minas de Sichu y los Pozos @ Minas de Sichu @ Minas de Xichu @ Sichu y Puxinguia;Jurisdiccion;Guanajuato;NES;san_luis_de_la_paz_jurisdiccion_nes;~~REDIRECT>san_luis_de_la_paz_jurisdiccion_nes~~;NEGJSPJU;1552;1808;453;;;;Nueva España;Jurisdiccion;;21.3947;-99.933
JUNEMIAN;Angamacutiro;Angamacutiro @;Jurisdiccion;Michoacan;NES;angamacutiro_jurisdiccion_nes;~~REDIRECT>angamacutiro_jurisdiccion_nes~~;NEMIANJU;1111;1808;454;;;;Nueva España;Jurisdiccion;;20.14972;-101.70833
JUNEMICA;Caracuaro;Caracuaro @;Jurisdiccion;Michoacan;NES;caracuaro_jurisdiccion_nes;~~REDIRECT>caracuaro_jurisdiccion_nes~~;NEMICAJU;1788;1808;455;;;;Nueva España;Jurisdiccion;;19.01611;-101.12583
JUNEMICD;Chucandiro;Chucandiro @ Chocandiro;Jurisdiccion;Michoacan;NES;chucandiro_jurisdiccion_nes;~~REDIRECT>chucandiro_jurisdiccion_nes~~;NEMICDJU;1787;1808;456;;;;Nueva España;Jurisdiccion;;19.89972;-101.33139
JUNEMICH;Chilchota;Chilchota @ Chilchotla;Jurisdiccion;Michoacan;NES;chilchota_jurisdiccion_nes;~~REDIRECT>chilchota_jurisdiccion_nes~~;NEMICHJU;1545;1786;457;;;;Nueva España;Jurisdiccion;;19.84556;-102.12
JUNEMICI;Cinagua y la Guacana;Cinagua y la Guacana @ Ario @ Santiago Ario @ La Vacana @ La Uacana @ Sinagua y la Guacana @ Cinagua y Aguacana @ Cinagua y Ahuacana @ Cinagua y La Guacana @ Cinagua y La Huacana;Jurisdiccion;Michoacan;NES;cinagua_y_la_guacana_jurisdiccion_nes;~~REDIRECT>cinagua_y_la_guacana_jurisdiccion_nes~~;NEMICIJU;1534;1808;458;;;;Nueva España;Jurisdiccion;;18.72028;-101.82296
JUNEMICL;Cuitzeo de la Laguna;Cuitzeo de la Laguna @ Cuiseo @  Cuiceo @ Cuisco de la Laguna;Jurisdiccion;Michoacan;NES;cuitzeo_de_la_laguna_jurisdiccion_nes;~~REDIRECT>cuitzeo_de_la_laguna_jurisdiccion_nes~~;NEMICLJU;1533;1808;459;;;;Nueva España;Jurisdiccion;;19.96861;-101.13972
JUNEMICO;Cocupao;Cocupao @ Tzintzuntzan;Jurisdiccion;Michoacan;NES;cocupao_jurisdiccion_nes;~~REDIRECT>cocupao_jurisdiccion_nes~~;NEMICOJU;1111;1808;460;;;;Nueva España;Jurisdiccion;;19.66528;-101.52278
JUNEMICR;Charo;Charo @ Matalcingo;Jurisdiccion;Michoacan;NES;charo_jurisdiccion_nes;~~REDIRECT>charo_jurisdiccion_nes~~;NEMICRJU;1536;1808;461;;;;Nueva España;Jurisdiccion;;19.74556;-101.04444
JUNEMIER;Erongaricuaro;Erongaricuaro @;Jurisdiccion;Michoacan;NES;erongaricuaro_jurisdiccion_nes;~~REDIRECT>erongaricuaro_jurisdiccion_nes~~;NEMIERJU;1111;1808;462;;;;Nueva España;Jurisdiccion;;19.58722;-101.72028
JUNEMIHG;Huango;Huango @;Jurisdiccion;Michoacan;NES;huango_jurisdiccion_nes;~~REDIRECT>huango_jurisdiccion_nes~~;NEMIHGJU;1111;1808;463;;;;Nueva España;Jurisdiccion;;20.00278;-101.41417
JUNEMIHQ;Huaniqueo;Huaniqueo @ Guaniqueo;Jurisdiccion;Michoacan;NES;huaniqueo_jurisdiccion_nes;~~REDIRECT>huaniqueo_jurisdiccion_nes~~;NEMIHQJU;1534;1808;464;;;;Nueva España;Jurisdiccion;;19.89861;-101.50444
JUNEMIHS;Huetamo;Huetamo @ Guimeo y Zirandaro @ Huaymeyo @ Huaymeo y Sirandiro @ Huaymeo y Sirandaro @ Minas del Espiritu Santo;Jurisdiccion;Michoacan;NES;huetamo_jurisdiccion_nes;~~REDIRECT>huetamo_jurisdiccion_nes~~;NEMIHSJU;1566;1808;465;;;;Nueva España;Jurisdiccion;;18.62639;-100.89694
JUNEMIIN;Indaparapeo;Indaparapeo @;Jurisdiccion;Michoacan;NES;indaparapeo_jurisdiccion_nes;~~REDIRECT>indaparapeo_jurisdiccion_nes~~;NEMIINJU;1787;1808;466;;;;Nueva España;Jurisdiccion;;19.78722;-100.96833
JUNEMIJI;Jiquilpan;Jiquilpan @ Xiquilpa @ Xiquilpa y Periban @ Xiquilpa y Perivan @ Xiquilpa, Periban y Tinguindin @ San Juan de Periban @ Xiquilpa y Chilchotla;Jurisdiccion;Michoacan;NES;jiquilpan_jurisdiccion_nes;~~REDIRECT>jiquilpan_jurisdiccion_nes~~;NEMIJIJU;1545;1808;467;;;;Nueva España;Jurisdiccion;;19.99361;-102.71722
JUNEMIJT;Jaso y Teremendo;Jaso y Teremendo @ Xasoteremendo @ Xaso y Teremendo @ Jasso y Teremendo @ Xazo y Teremendo @ Jasoteremendo;Jurisdiccion;Michoacan;NES;jaso_y_teremendo_jurisdiccion_nes;~~REDIRECT>jaso_y_teremendo_jurisdiccion_nes~~;NEMIJTJU;1532;1787;468;;;;Nueva España;Jurisdiccion;;19.78528;-101.47972
JUNEMIMA;Maravatio;Maravatio @ Maravatio @ Zitacuaro @ Zitacuaro y Angangueo @ Maravatio y Zamora @ Villa de Peñaranda de Bracamonte;Jurisdiccion;Michoacan;NES;maravatio_jurisdiccion_nes;~~REDIRECT>maravatio_jurisdiccion_nes~~;NEMIMAJU;1550;1808;469;;;;Nueva España;Jurisdiccion;;19.89278;-100.4425
JUNEMIMO;Motines;Motines @ Motines del Oro @ Coahuayana @ Coahuayana @ Coayaguana;Jurisdiccion;Michoacan;NES;motines_jurisdiccion_nes;~~REDIRECT>motines_jurisdiccion_nes~~;NEMIMOJU;1560;1808;470;;;;Nueva España;Jurisdiccion;;18.34056;-103.30778
JUNEMIPA;Patzcuaro;Patzcuaro @;Jurisdiccion;Michoacan;NES;patzcuaro_jurisdiccion_nes;~~REDIRECT>patzcuaro_jurisdiccion_nes~~;NEMIPAJU;1538;1808;471;;;;Nueva España;Jurisdiccion;;19.51421;-101.60964
JUNEMIPE;Periban;Periban @ Periban y Tarecuato;Jurisdiccion;Michoacan;NES;periban_jurisdiccion_nes;~~REDIRECT>periban_jurisdiccion_nes~~;NEMIPEJU;1583;1599;1726;;;;Nueva España;Jurisdiccion;;90;0
JUNEMIPR;Paracho;Paracho @ Sevina;Jurisdiccion;Michoacan;NES;paracho_jurisdiccion_nes;~~REDIRECT>paracho_jurisdiccion_nes~~;NEMIPRJU;1111;1808;472;;;;Nueva España;Jurisdiccion;;19.64139;-102.0475
JUNEMIPU;Puruandiro;Puruandiro @;Jurisdiccion;Michoacan;NES;puruandiro_jurisdiccion_nes;~~REDIRECT>puruandiro_jurisdiccion_nes~~;NEMIPUJU;1111;1808;473;;;;Nueva España;Jurisdiccion;;20.0875;-101.51556
JUNEMISC;Santa Clara del Cobre;Santa Clara del Cobre @ Santa Clara de los Cobres;Jurisdiccion;Michoacan;NES;santa_clara_del_cobre_jurisdiccion_nes;~~REDIRECT>santa_clara_del_cobre_jurisdiccion_nes~~;NEMISCJU;1111;1808;474;;;;Nueva España;Jurisdiccion;;19.40472;-101.63833
JUNEMITA;Taretan;Taretan @;Jurisdiccion;Michoacan;NES;taretan_jurisdiccion_nes;~~REDIRECT>taretan_jurisdiccion_nes~~;NEMITAJU;1787;1808;475;;;;Nueva España;Jurisdiccion;;19.33333;-101.91806
JUNEMITB;Tacambaro;Tacambaro @;Jurisdiccion;Michoacan;NES;tacambaro_jurisdiccion_nes;~~REDIRECT>tacambaro_jurisdiccion_nes~~;NEMITBJU;1111;1808;476;;;;Nueva España;Jurisdiccion;;19.235;-101.45667
JUNEMITC;Tancitaro;Tancitaro @ Apatzingan @ y Tapalcatepec @ Tancitaro y Pizandaro @ Tansitaro y Pisandaro @ Tancitaro y Pinzandaro @ Tancitaro, Pizandaro, Cinagua y la Guacana @ Tanzitaro @ Tansitaro @ Tancitaro, Pinzandaro y Motines;Jurisdiccion;Michoacan;NES;tancitaro_jurisdiccion_nes;~~REDIRECT>tancitaro_jurisdiccion_nes~~;NEMITCJU;1531;1808;477;;;;Nueva España;Jurisdiccion;;19.33694;-102.36306
JUNEMITG;Tinguindin;Tinguindin @ Tinhuindin @ Periban y Tinguindin @ y Tacascuaro @ y Chocandiran @ Chocaman;Jurisdiccion;Michoacan;NES;tinguindin_jurisdiccion_nes;~~REDIRECT>tinguindin_jurisdiccion_nes~~;NEMITGJU;1536;1764;478;;;;Nueva España;Jurisdiccion;;19.73806;-102.48222
JUNEMITI;Tiripetio;Tiripetio @ Tiripitio;Jurisdiccion;Michoacan;NES;tiripetio_jurisdiccion_nes;~~REDIRECT>tiripetio_jurisdiccion_nes~~;NEMITIJU;1551;1808;479;;;;Nueva España;Jurisdiccion;;19.54528;-101.34778
JUNEMITP;Tlalpujahua;Tlalpujahua @;Jurisdiccion;Michoacan;NES;tlalpujahua_jurisdiccion_nes;~~REDIRECT>tlalpujahua_jurisdiccion_nes~~;NEMITPJU;1565;1808;480;;;;Nueva España;Jurisdiccion;;19.80648;-100.17353
JUNEMITX;Taximaroa;Taximaroa @;Jurisdiccion;Mexico;NES;taximaroa_jurisdiccion_nes;~~REDIRECT>taximaroa_jurisdiccion_nes~~;NEMITXJU;1710;1723;481;;;;Nueva España;Jurisdiccion;;19.69111;-100.55333
JUNEMITZ;Tlazazalca;Tlazazalca @ La Piedad @ Chilchota y Tlazazalca;Jurisdiccion;Michoacan;NES;tlazazalca_jurisdiccion_nes;~~REDIRECT>tlazazalca_jurisdiccion_nes~~;NEMITZJU;1534;1808;482;;;;Nueva España;Jurisdiccion;;20.33861;-102.02472
JUNEMIUO;Urecho;Urecho @;Jurisdiccion;Michoacan;NES;urecho_jurisdiccion_nes;~~REDIRECT>urecho_jurisdiccion_nes~~;NEMIUOJU;1111;1808;483;;;;Nueva España;Jurisdiccion;;19.17265;-101.88389
JUNEMIUR;Uruapan;Uruapan @;Jurisdiccion;Michoacan;NES;uruapan_jurisdiccion_nes;~~REDIRECT>uruapan_jurisdiccion_nes~~;NEMIURJU;1111;1808;484;;;;Nueva España;Jurisdiccion;;19.42611;-102.06139
JUNEMIVA;Valladolid;Valladolid @ Michoacan @ Mechoacan @ Tzintzuntzan @ Patzcuaro @ Valladolid y Patzcuaro @ Pasquaro @ Valladolid, Patzcuaro, Jaso y Teremendo;Jurisdiccion;Michoacan;NES;michoacan_jurisdiccion_nes;~~REDIRECT>michoacan_jurisdiccion_nes~~;NEMIVAJU;1524;1808;485;;;;Nueva España;Jurisdiccion;;19.62778;-101.57861
JUNEMIZA;Zamora y Jacona;Zamora y Jacona @ Zamora y Xacona @ Tacona y Zamora;Jurisdiccion;Michoacan;NES;zamora_y_jacona_jurisdiccion_nes;~~REDIRECT>zamora_y_jacona_jurisdiccion_nes~~;NEMIZAJU;1544;1808;486;;;;Nueva España;Jurisdiccion;;19.98905;-102.28241
JUNEMIZP;Zinapecuaro;Zinapecuaro @ Tzinapecuaro @ Ucareo;Jurisdiccion;Michoacan;NES;zinapecuaro_jurisdiccion_nes;~~REDIRECT>zinapecuaro_jurisdiccion_nes~~;NEMIZPJU;1536;1808;487;;;;Nueva España;Jurisdiccion;;19.89833;-100.68639
JUNEMXAC;Acapulco;Acapulco @ Ciudad de los Reyes @ Santos Reyes;Jurisdiccion;Mexico;NES;acapulco_jurisdiccion_nes;~~REDIRECT>acapulco_jurisdiccion_nes~~;NEMXACJU;1535;1808;488;;;;Nueva España;Jurisdiccion;;16.84865;-99.90849
JUNEMXAP;Apan;Apan @ Apa y Tepeapulco @ Apa;Jurisdiccion;Mexico;NES;apan_jurisdiccion_nes;~~REDIRECT>apan_jurisdiccion_nes~~;NEMXAPJU;1531;1808;489;;;;Nueva España;Jurisdiccion;;19.71;-98.44972
JUNEMXAQ;Atitalaquia;Atitalaquia @;Jurisdiccion;Mexico;NES;atitalaquia_jurisdiccion_nes;~~REDIRECT>atitalaquia_jurisdiccion_nes~~;NEMXAQJU;1531;9999;490;;;;Nueva España;Jurisdiccion;;20.05917;-99.21972
JUNEMXAT;Actopan;Actopan @ Ixcuinquitlapilco @ Octupa @ Octupa, Yxcuin y Cuitlapilco @ Octupa e Iscuintlapilco;Jurisdiccion;Mexico;NES;actopan_jurisdiccion_nes;~~REDIRECT>actopan_jurisdiccion_nes~~;NEMXATJU;1531;1808;491;;;;Nueva España;Jurisdiccion;;20.26694;-98.94472
JUNEMXCA;Cadereyta;Cadereyta @ Cadereyta y Escanela @ minas de Escanela @ Minas de Escanela, Cerro Gordo y río de las Palmas y valles de Conca, Pamíes, Puxinguía;Jurisdiccion;Mexico;NES;cadereyta_jurisdiccion_nes;~~REDIRECT>cadereyta_jurisdiccion_nes~~;NEMXCAJU;1608;1808;492;;;;Nueva España;Jurisdiccion;;21.12222;-99.5275
JUNEMXCH;Chalco;Chalco @ Chalco y Tlalmanalco @ Chalco-Tlalmanalco @ Chalco Talmanalco @ Chalco y Tlayacapa @ Chalco y Hayacapa @ Chalco Talmanalco @ Chalco Talmanalco, agregao de Tlayacapa;Jurisdiccion;Mexico;NES;chalco_jurisdiccion_nes;~~REDIRECT>chalco_jurisdiccion_nes~~;NEMXCHJU;1533;1808;493;;;;Nueva España;Jurisdiccion;;19.20444;-98.8025
JUNEMXCL;Chilapa;Chilapa @ Provincia de Chilapa @ Tlacozautitlan @ Tlalcozautitlan @ Chilapan @ Chilapam @ Chilapa y Chisla @ Chiapa y Tixtla;Jurisdiccion;Mexico;NES;chilapa_jurisdiccion_nes;~~REDIRECT>chilapa_jurisdiccion_nes~~;NEMXCLJU;1532;1808;494;;;;Nueva España;Jurisdiccion;;17.59861;-99.17667
JUNEMXCN;Cuautitlan;Cuautitlan @ Guautitlan @ Cuauhtitlan @ Quautitlan @ Cuautitlan y Tepozotlan;Jurisdiccion;Mexico;NES;cuautitlan_jurisdiccion_nes;~~REDIRECT>cuautitlan_jurisdiccion_nes~~;NEMXCNJU;1566;1808;495;;;;Nueva España;Jurisdiccion;;19.66222;-99.20754
JUNEMXCO;Coatepec;Coatepec @ Coatepec Chalco @ Coatepeque @ Guautepec @ Guautepeque;Jurisdiccion;Mexico;NES;coatepec_jurisdiccion_nes;~~REDIRECT>coatepec_jurisdiccion_nes~~;NEMXCOJU;1534;1808;496;;;;Nueva España;Jurisdiccion;;19.38389;-98.84611
JUNEMXCT;Cuautla Amilpas;Cuautla Amilpas @ Cuautla @ Coautla @ Minas de Guautla @ Coyuco;Jurisdiccion;Mexico;NES;cuautla_amilpas_jurisdiccion_nes;~~REDIRECT>cuautla_amilpas_jurisdiccion_nes~~;NEMXCTJU;1570;1808;497;;;131549741;Nueva España;Jurisdiccion;;18.81167;-98.95472
JUNEMXCV;Cuernavaca;Cuernavaca @;Jurisdiccion;Mexico;NES;cuernavaca_jurisdiccion_nes;~~REDIRECT>cuernavaca_jurisdiccion_nes~~;NEMXCVJU;1529;1808;498;;;137406346;Nueva España;Jurisdiccion;;18.91861;-99.23417
JUNEMXCY;Coyoacan;Coyoacan @ Cuyoacan;Jurisdiccion;Mexico;NES;coyoacan_jurisdiccion_nes;~~REDIRECT>coyoacan_jurisdiccion_nes~~;NEMXCYJU;1530;1808;499;;;;Nueva España;Jurisdiccion;;19.35;-99.16167
JUNEMXEC;Ecatepec;Ecatepec @ San Cristobal Ecatepec @ Chiconautla;Jurisdiccion;Mexico;NES;ecatepec_jurisdiccion_nes;~~REDIRECT>ecatepec_jurisdiccion_nes~~;NEMXECJU;1532;1808;500;;;;Nueva España;Jurisdiccion;;19.62972;-98.99722
JUNEMXHJ;Huejutla;Huejutla @ Huexutla @ Guejutla @ Guaxutla @;Jurisdiccion;Mexico;NES;huejutla_jurisdiccion_nes;~~REDIRECT>huejutla_jurisdiccion_nes~~;NEMXHJJU;1550;1956;501;;;;Nueva España;Jurisdiccion;;21.14028;-98.42
JUNEMXHU;Huichapan;Huichapan @ Xilotepec @ Guichapa @ Jilotepec @ Xilotepeque @ Jilotepeque @ Guachiapa @ Hueychiapa @ Gilotepec y Guichapa @ Huichiapa;Jurisdiccion;Mexico;NES;huichapan_jurisdiccion_nes;~~REDIRECT>huichapan_jurisdiccion_nes~~;NEMXHUJU;1548;1808;502;;;;Nueva España;Jurisdiccion;;19.95417;-99.53444
JUNEMXIG;Iguala;Iguala @ Ihuala @ Yguala @ Tepecocuilco;Jurisdiccion;Mexico;NES;iguala_jurisdiccion_nes;~~REDIRECT>iguala_jurisdiccion_nes~~;NEMXIGJU;1535;1786;503;;;;Nueva España;Jurisdiccion;;18.34361;-99.53917
JUNEMXIH;Ixtlahuaca;Ixtlahuaca @ Mequetepeque @ Istlavaca @ Valle de Matalcingo @ Huitzitzilapa y Valle de Matalcingo @ Ixtlahuaca y Metepec @ Ixtlahuac @ Istlehusicar @ Istlaguaca y Metepeque;Jurisdiccion;Mexico;NES;ixtlahuaca_jurisdiccion_nes;~~REDIRECT>ixtlahuaca_jurisdiccion_nes~~;NEMXIHJU;1542;1808;504;;;;Nueva España;Jurisdiccion;;19.56889;-99.76694
JUNEMXIM;Ixmiquilpan;Ixmiquilpan @ Esmiquilpa;Jurisdiccion;Mexico;NES;ixmiquilpan_jurisdiccion_nes;~~REDIRECT>ixmiquilpan_jurisdiccion_nes~~;NEMXIMJU;1535;1808;505;;;;Nueva España;Jurisdiccion;;20.48222;-99.21861
JUNEMXIT;Ixcateopan;Ixcateopan @ Escateopan @ Escateupan @ Iscateupa @ Yscateopa  @ Ixcateupa @ Iscateupan;Jurisdiccion;Mexico;NES;ixcateopan_jurisdiccion_nes;~~REDIRECT>ixcateopan_jurisdiccion_nes~~;NEMXITJU;1534;1786;506;;;;Nueva España;Jurisdiccion;;18.50306;-99.79361
JUNEMXLE;Lerma;Lerma @ Talasco @ Lerma y Tarasquillo;Jurisdiccion;Mexico;NES;lerma_jurisdiccion_nes;~~REDIRECT>lerma_jurisdiccion_nes~~;NEMXLEJU;1534;1808;507;;;;Nueva España;Jurisdiccion;;19.32778;-99.46
JUNEMXMA;Malinalco;Malinalco @ Tenancingo @ Maninalco;Jurisdiccion;Mexico;NES;malinalco_jurisdiccion_nes;~~REDIRECT>malinalco_jurisdiccion_nes~~;NEMXMAJU;1532;1808;508;;;;Nueva España;Jurisdiccion;;18.94833;-99.49472
JUNEMXMC;Metepec;Metepec @ Metepec y Sicantepec @ Metepeque y Sinacantepeque @ Metepec y Sanacantepec @ Metepec y Zinacantepec;Jurisdiccion;Mexico;NES;metepec_jurisdiccion_nes;~~REDIRECT>metepec_jurisdiccion_nes~~;NEMXMCJU;1534;1808;509;;;;Nueva España;Jurisdiccion;;19.25111;-99.60472
JUNEMXMI;Mizquiaguala;Mizquiaguala @ Mizquiahuala @  Misquiahuala @ Atengo  y Misquiahuala @ Mixquiahuala;Jurisdiccion;Mexico;NES;misquiaguala_jurisdiccion_nes;~~REDIRECT>misquiaguala_jurisdiccion_nes~~;NEMXMIJU;1531;1786;510;;;;Nueva España;Jurisdiccion;;20.23111;-99.21306
JUNEMXMT;Metztitlan;Metztitlan @ Meztitlan @ Mextitlan @ Metztitlan de la Sierra @ Meztitlan @ Meztitlan de la Sierra, Molango y Malila;Jurisdiccion;Mexico;NES;metztitlan_jurisdiccion_nes;~~REDIRECT>metztitlan_jurisdiccion_nes~~;NEMXMTJU;1531;1808;511;;;;Nueva España;Jurisdiccion;;20.78556;-98.72917
JUNEMXMX;Mexico;Mexico @;Jurisdiccion;Mexico;NES;mexico_jurisdiccion_nes;~~REDIRECT>mexico_jurisdiccion_nes~~;NEMXMXJU;1524;1808;512;;;;Nueva España;Jurisdiccion;;19.43379;-99.13313
JUNEMXMZ;Mexicaltzingo;Mexicaltzingo @;Jurisdiccion;Mexico;NES;mexicaltzingo_jurisdiccion_nes;~~REDIRECT>mexicaltzingo_jurisdiccion_nes~~;NEMXMZJU;1531;1808;513;;;;Nueva España;Jurisdiccion;;20.23111;-99.21306
JUNEMXOT;Otumba;Otumba @;Jurisdiccion;Mexico;NES;otumba_jurisdiccion_nes;~~REDIRECT>otumba_jurisdiccion_nes~~;NEMXOTJU;1531;1808;514;;;;Nueva España;Jurisdiccion;;19.69694;-98.75472
JUNEMXPA;Pachuca;Pachuca @ Tizayuca y Zapotlan @ Pachuca y Tesayuca @ Pachuca y Tizayuca @ Minas de Pachuca;Jurisdiccion;Mexico;NES;pachuca_jurisdiccion_nes;~~REDIRECT>pachuca_jurisdiccion_nes~~;NEMXPAJU;1531;1808;515;;;;Nueva España;Jurisdiccion;;20.1216;-98.73314
JUNEMXQU;Queretaro;Queretaro @;Jurisdiccion;Mexico;NES;queretaro_jurisdiccion_nes;~~REDIRECT>queretaro_jurisdiccion_nes~~;NEMXQUJU;1531;1808;516;;;;Nueva España;Jurisdiccion;;20.5875;-100.39278
JUNEMXSF;Santa Fe;Santa Fe @;Jurisdiccion;Michoacan;NES;santa_fe_jurisdiccion_nes;~~REDIRECT>santa_fe_jurisdiccion_nes~~;NEMXSFJU;1531;1808;517;;;;Nueva España;Jurisdiccion;;90;0
JUNEMXSO;Sochicoatlan;Sochicoatlan @ Xochicoatlan @ Sochiquitlan @ Jochiquiatlan @ Zochicoatlan @ Sochiguautla;Jurisdiccion;Mexico;NES;sochicoatlan_jurisdiccion_nes;~~REDIRECT>sochicoatlan_jurisdiccion_nes~~;NEMXSOJU;1531;1786;518;;;;Nueva España;Jurisdiccion;;20.77639;-98.67806
JUNEMXTA;Taxco;Taxco @ Tasco @ Taxco e Iguala @ Real de minas de Taxco;Jurisdiccion;Mexico;NES;taxco_jurisdiccion_nes;~~REDIRECT>taxco_jurisdiccion_nes~~;NEMXTAJU;1529;1808;519;;;;Nueva España;Jurisdiccion;;18.55639;-99.60333
JUNEMXTC;Tacuba;Tacuba @ Tacuba y Coaytilan @ Tenayuca @ Tlalnepantla @ Tlanenepantla @ Tlalnepantlan y Tlacopan;Jurisdiccion;Mexico;NES;tacuba_jurisdiccion_nes;~~REDIRECT>tacuba_jurisdiccion_nes~~;NEMXTCJU;1532;1808;520;;;;Nueva España;Jurisdiccion;;19.53097;-99.1688
JUNEMXTE;Temascaltepec;Temascaltepec @ Temazcaltepec y Zultepec @ Minas de Temalzaltepec @ Temascaltepeque y Zultepeque @ Temascaltepeque y Sultepeque;Jurisdiccion;Mexico;NES;temascaltepec_jurisdiccion_nes;~~REDIRECT>temascaltepec_jurisdiccion_nes~~;NEMXTEJU;1545;1808;521;;;;Nueva España;Jurisdiccion;;19.04687;-100.0335
JUNEMXTG;Tulancingo;Tulancingo @ Singulica y Tulancingo @ Singuiluca @ Cinguiluca y Tulancingo;Jurisdiccion;Mexico;NES;tulancingo_jurisdiccion_nes;~~REDIRECT>tulancingo_jurisdiccion_nes~~;NEMXTGJU;1557;1808;522;;;;Nueva España;Jurisdiccion;;20.08139;-98.36861
JUNEMXTH;Teotihuacan;Teotihuacan @ San Juan Teotihuacan @ Tequecistlan;Jurisdiccion;Mexico;NES;teotihuacan_jurisdiccion_nes;~~REDIRECT>teotihuacan_jurisdiccion_nes~~;NEMXTHJU;1557;1808;523;;;;Nueva España;Jurisdiccion;;19.59167;-98.94106
JUNEMXTI;Tixtla;Tixtla @ Tistla @ Tixtla y Chilapa @ Minas de Zumpango @ Minas de Zumpango y provincia de Tlapa;Jurisdiccion;Mexico;NES;tixtla_jurisdiccion_nes;~~REDIRECT>tixtla_jurisdiccion_nes~~;NEMXTIJU;1542;1808;524;;;;Nueva España;Jurisdiccion;;17.65194;-99.52639
JUNEMXTO;Toluca;Toluca @;Jurisdiccion;Mexico;NES;toluca_jurisdiccion_nes;~~REDIRECT>toluca_jurisdiccion_nes~~;NEMXTOJU;1531;1808;525;;;;Nueva España;Jurisdiccion;;19.29222;-99.65389
JUNEMXTP;Tetepango;Tetepango @ Tetepango Hueypustla @ Gueispustla @ Huipuxtla @ Tetepango y Misquiaguala @ Tetepango y Mixquiahuala @ Tetepango y Mizquiahuala @ Tetepango y Atitalaquia @ Misquiaguala y Atitalaquia @ Tetepango, Misquiaguala y Atitalaquia @ Tetepango y Quipus;Jurisdiccion;Mexico;NES;tetepango_jurisdiccion_nes;~~REDIRECT>tetepango_jurisdiccion_nes~~;NEMXTPJU;1531;1808;526;;;;Nueva España;Jurisdiccion;;20.1025;-99.15694
JUNEMXTR;Tetela del Rio;Tetela del Rio @ Ajuchitlan @ Azuchitlan @ Capulalcolulco;Jurisdiccion;Mexico;NES;tetela_del_rio_jurisdiccion_nes;~~REDIRECT>tetela_del_rio_jurisdiccion_nes~~;NEMXTRJU;1534;1808;527;;;;Nueva España;Jurisdiccion;;17.82556;-100.40361
JUNEMXTT;Tetela del Volcan;Tetela del Volcan @;Jurisdiccion;Mexico;NES;tetela_del_volcan_jurisdiccion_nes;~~REDIRECT>tetela_del_volcan_jurisdiccion_nes~~;NEMXTTJU;1561;1808;528;;;;Nueva España;Jurisdiccion;;18.89194;-98.72944
JUNEMXTU;Tula;Tula @;Jurisdiccion;Mexico;NES;tula_jurisdiccion_nes;~~REDIRECT>tula_jurisdiccion_nes~~;NEMXTUJU;1544;1808;529;;;;Nueva España;Jurisdiccion;;20.05417;-99.34167
JUNEMXTV;Tenango del Valle;Tenango del Valle @ Teutenango;Jurisdiccion;Mexico;NES;tenango_del_valle_jurisdiccion_nes;~~REDIRECT>tenango_del_valle_jurisdiccion_nes~~;NEMXTVJU;1535;1808;530;;;;Nueva España;Jurisdiccion;;19.1025;-99.58889
JUNEMXTX;Texcoco;Texcoco @ Tescoco @ Tescuco @ Tezcuco @ Tetzcoco @ Tetzcuco @ Acolhuacan;Jurisdiccion;Mexico;NES;texcoco_jurisdiccion_nes;~~REDIRECT>texcoco_jurisdiccion_nes~~;NEMXTXJU;1531;1808;531;;;;Nueva España;Jurisdiccion;;19.50556;-98.88194
JUNEMXTY;Tlayacapa;Tlayacapa @ Totolapa;Jurisdiccion;Mexico;NES;tlayacapa_jurisdiccion_nes;~~REDIRECT>tlayacapa_jurisdiccion_nes~~;NEMXTYJU;1532;1786;532;;;;Nueva España;Jurisdiccion;;18.95083;-98.98194
JUNEMXXO;Xochimilco;Xochimilco @ Sochimilco @ Juquimilco @ Xuchimilco;Jurisdiccion;Mexico;NES;xochimilco_jurisdiccion_nes;~~REDIRECT>xochimilco_jurisdiccion_nes~~;NEMXXOJU;1541;1808;533;;;;Nueva España;Jurisdiccion;;19.2625;-99.1025
JUNEMXYA;Yahualica;Yahualica @ Yagualica @ Yagualica y Sochicoatlan @ Yagualica y Zochicoatlan @ Yagualica y Jochiquiatlan @ Sochiguautla;Jurisdiccion;Mexico;NES;yahualica_jurisdiccion_nes;~~REDIRECT>yahualica_jurisdiccion_nes~~;NEMXYAJU;1545;1808;534;;;157164002;Nueva España;Jurisdiccion;;20.94889;-98.38194
JUNEMXZE;Zempoala;Zempoala @ Cempoala @ Zempoala y Tequicistlan @ Tlalquilpan y Zempoala;Jurisdiccion;Mexico;NES;zempoala_jurisdiccion_nes;~~REDIRECT>zempoala_jurisdiccion_nes~~;NEMXZEJU;1531;1808;535;;;;Nueva España;Jurisdiccion;;19.915;-98.66972
JUNEMXZI;Zimapan;Zimapan @ Cimapan @ Minas de Zimapan;Jurisdiccion;Mexico;NES;zimapan_jurisdiccion_nes;~~REDIRECT>zimapan_jurisdiccion_nes~~;NEMXZIJU;1575;1808;536;;;;Nueva España;Jurisdiccion;;20.73694;-99.38194
JUNEMXZM;Zumpango;Zumpango @ Xilocingo @ Jilocingo @ Citlaltepeque @ Citlaltepec @ Zitlaltepec @ Xilocingo, Tlaltepec y Texisquiac @ Citlaltepeque, Tequisquiapa y Xilocingo;Jurisdiccion;Mexico;NES;zumpango_jurisdiccion_nes;~~REDIRECT>zumpango_jurisdiccion_nes~~;NEMXZMJU;1561;1808;537;;;;Nueva España;Jurisdiccion;;19.79694;-99.09917
JUNEMXZP;Zacualpan;Zacualpan @ Ixtapan @ Iztapan @ Zacualpa @ Zacualpa e Ixcateopan @ Zacualpa y Escateupan;Jurisdiccion;Mexico;NES;zacualpan_jurisdiccion_nes;~~REDIRECT>zacualpan_jurisdiccion_nes~~;NEMXZPJU;1536;1808;538;;;;Nueva España;Jurisdiccion;;18.75722;-99.74
JUNEMXZT;Zacatula;Zacatula @;Jurisdiccion;Mexico;NES;zacatula_jurisdiccion_nes;~~REDIRECT>zacatula_jurisdiccion_nes~~;NEMXZTJU;1524;1808;539;;;;Nueva España;Jurisdiccion;;18.00889;-102.17806
JUNEMXZU;Zultepec;Zultepec @ Sultepec @ Sultepeque;Jurisdiccion;Mexico;NES;zultepec_jurisdiccion_nes;~~REDIRECT>zultepec_jurisdiccion_nes~~;NEMXZUJU;1536;1786;540;;;;Nueva España;Jurisdiccion;;18.68222;-100.18583
JUNEOAAN;Antequera;Antequera @;Jurisdiccion;Oaxaca;NES;antequera_jurisdiccion_nes;~~REDIRECT>antequera_jurisdiccion_nes~~;NEOAANJU;1529;1808;541;;;;Nueva España;Jurisdiccion;;17.06971;-96.7189
JUNEOAAT;Atlatlauca;Atlatlauca @ Atlatlauca y Maninaltepec @ Atlatlauca y Malinaltepec;Jurisdiccion;Oaxaca;NES;atlatlauca_jurisdiccion_nes;~~REDIRECT>atlatlauca_jurisdiccion_nes~~;NEOAATJU;1532;1808;542;;;;Nueva España;Jurisdiccion;;17.53111;-96.8275
JUNEOACM;Chontales;Chontales @ Chontales y Mixes Altos;Jurisdiccion;Oaxaca;NES;chontales_jurisdiccion_nes;~~REDIRECT>chontales_jurisdiccion_nes~~;NEOACMJU;1793;1808;543;;;;Nueva España;Jurisdiccion;;16.28389;-95.87722
JUNEOACT;Chinantla y Uzila;Chinantla y Uzila @ Chinantla y Ucila @ Chinantla, Ucila, Cosamaloapa y Guaspatepeque;Jurisdiccion;Oaxaca;NES;chinantla_y_uzila_jurisdiccion_nes;~~REDIRECT>chinantla_y_uzila_jurisdiccion_nes~~;NEOACTJU;1534;1786;544;;;;Nueva España;Jurisdiccion;;18.20139;-98.2625
JUNEOACV;Cuatro Villas;Cuatro Villas @;Jurisdiccion;Oaxaca;NES;cuatro_villas_jurisdiccion_nes;~~REDIRECT>cuatro_villas_jurisdiccion_nes~~;NEOACVJU;1534;1808;545;;;;Nueva España;Jurisdiccion;;17.06971;-96.7189
JUNEOAHL;Huexolotitlan;Huexolotitlan @ Huiso @ Huitzo @ Huizo @ Guaxolotlitlan @ Guajolotitlan @ Huejolotitlan @ Guayolotitlan y Guiso;Jurisdiccion;Oaxaca;NES;huexolotitlan_jurisdiccion_nes;~~REDIRECT>huexolotitlan_jurisdiccion_nes~~;NEOAHLJU;1531;1808;546;;;;Nueva España;Jurisdiccion;;17.27694;-96.88364
JUNEOAHM;Huatulco y Huamelula;Huatulco y Huamelula @ Huatulco y Huamelula @ Guatulco @ Puerto de Guatulco;Jurisdiccion;Oaxaca;NES;huatulco_y_huamelula_jurisdiccion_nes;~~REDIRECT>huatulco_y_huamelula_jurisdiccion_nes~~;NEOAHMJU;1600;1808;547;;;;Nueva España;Jurisdiccion;;16.025;-95.66528
JUNEOAHP;Huajuapan;Huajuapan @ Guaxuapa @ Guaxuapa y Tequecistepec @  Huaxuapa @ Huajuapa y Tonala @ Huajuapa y Tonala y Minas de Silacayopa;Jurisdiccion;Oaxaca;NES;huajuapan_jurisdiccion_nes;~~REDIRECT>huajuapan_jurisdiccion_nes~~;NEOAHPJU;1531;1808;548;;;;Nueva España;Jurisdiccion;;17.80472;-97.77611
JUNEOAHT;Huatulco;Huatulco @;Partido;Oaxaca;NES;huatulco_partido_nes;~~REDIRECT>huatulco_partido_nes~~;NEOAHTJU;1550;1808;549;;;;Nueva España;Partido;;15.83417;-96.32222
JUNEOAIX;Ixtepeji;Ixtepeji @ Ixtepexi @ Iztepexi;Jurisdiccion;Oaxaca;NES;ixtepeji_jurisdiccion_nes;~~REDIRECT>ixtepeji_jurisdiccion_nes~~;NEOAIXJU;1554;1808;550;;;;Nueva España;Jurisdiccion;;17.26583;-96.56222
JUNEOAJI;Jicayan;Jicayan @ Tututepec @ Jamiltepec @ Jamiltepeque @ Xamiltepeque @ Xicayan @ Xicayan y Tututepec;Jurisdiccion;Oaxaca;NES;jicayan_jurisdiccion_nes;~~REDIRECT>jicayan_jurisdiccion_nes~~;NEOAJIJU;1532;1808;551;;;;Nueva España;Jurisdiccion;;16.28056;-97.82333
JUNEOAJM;Jalapa Del Marques;Jalapa Del Marques @ Xalapa del Marques @ Xalapa del Estado;Jurisdiccion;Oaxaca;NES;jalapa_del_marques_jurisdiccion_nes;~~REDIRECT>jalapa_del_marques_jurisdiccion_nes~~;NEOAJMJU;1563;1808;552;;;;Nueva España;Jurisdiccion;;16.44083;-95.445
JUNEOAJU;Juxtlahuaca;Juxtlahuaca @ Tustlahuaca @ Tuxtlahuaca @ Justlahuaca @ Juxtlahuaca y Hicpaltepeque;Jurisdiccion;Oaxaca;NES;juxtlahuaca_jurisdiccion_nes;~~REDIRECT>juxtlahuaca_jurisdiccion_nes~~;NEOAJUJU;1548;1808;553;;;;Nueva España;Jurisdiccion;;17.33333;-98.01111
JUNEOAMA;Macuilsuchil;Macuilsuchil @;Jurisdiccion;Oaxaca;NES;macuilsuchil_jurisdiccion_nes;~~REDIRECT>macuilsuchil_jurisdiccion_nes~~;NEOAMAJU;1531;1755;554;;;;Nueva España;indefinido;;17.01583;-96.54
JUNEOAMI;Miahuatlan;Miahuatlan @ Miaguatlan;Jurisdiccion;Oaxaca;NES;miahuatlan_jurisdiccion_nes;~~REDIRECT>miahuatlan_jurisdiccion_nes~~;NEOAMIJU;1599;1808;555;;;;Nueva España;Jurisdiccion;;16.32778;-96.59306
JUNEOANE;Nejapa;Nejapa @;Jurisdiccion;Oaxaca;NES;nejapa_jurisdiccion_nes;~~REDIRECT>nejapa_jurisdiccion_nes~~;NEOANEJU;1570;1808;556;;;;Nueva España;Jurisdiccion;;16.60778;-95.97833
JUNEOANO;Nochixtlan;Nochixtlan @ Nochixtlan y Yanhuitlan @ Nochistlan y Peñoles;Jurisdiccion;Oaxaca;NES;nochixtlan_jurisdiccion_nes;~~REDIRECT>nochixtlan_jurisdiccion_nes~~;NEOANOJU;1545;1808;557;;;;Nueva España;Jurisdiccion;;17.45722;-97.225
JUNEOAPE;Ixcuintepec Peñoles;Ixcuintepec Peñoles @ Iscuintepec @ Ixquintepeque @ Ixcuintepec y Elotepec;Jurisdiccion;Oaxaca;NES;ixcuintepec_penoles_jurisdiccion_nes;~~REDIRECT>ixcuintepec_peñoles_jurisdiccion_nes~~;NEOAPEJU;1545;1786;558;;;;Nueva España;Jurisdiccion;;17.07778;-97.00139
JUNEOATC;Cuicatlan;Cuicatlan @ Cuicatlan y Papaloticpac @ Cuicatlan y Teotitlan @ Teotitlan Del Camino @ Ciucatlan;Jurisdiccion;Oaxaca;NES;cuicatlan_jurisdiccion_nes;~~REDIRECT>cuicatlan_jurisdiccion_nes~~;NEOATCJU;1696;1808;559;;;;Nueva España;Jurisdiccion;;17.79861;-96.95972
JUNEOATL;Teutila;Teutila @ Teutila y Chinantla @ Teutila y Rio Alvarado;Jurisdiccion;Oaxaca;NES;teutila_jurisdiccion_nes;~~REDIRECT>teutila_jurisdiccion_nes~~;NEOATLJU;1533;1808;560;;;;Nueva España;Jurisdiccion;;17.975;-96.70417
JUNEOATP;Teposcolula;Teposcolula @ Teposcolula y Yanguitlan @ Teposcolula y Anguitlan @ Teposcolula y Yanhuitlan;Jurisdiccion;Oaxaca;NES;teposcolula_jurisdiccion_nes;~~REDIRECT>teposcolula_jurisdiccion_nes~~;NEOATPJU;1531;1808;561;;;;Nueva España;Jurisdiccion;;17.51056;-97.48833
JUNEOATT;Tehuantepec;Tehuantepec @ Tehuantepeque @ Teguantepec @ Teguantepeque @ Tegoantepec;Jurisdiccion;Oaxaca;NES;tehuantepec_jurisdiccion_nes;~~REDIRECT>tehuantepec_jurisdiccion_nes~~;NEOATTJU;1526;1808;562;;;;Nueva España;Jurisdiccion;;16.33168;-95.23156
JUNEOATV;Teotitlan del Valle;Teotitlan del Valle @ Mitla y Tlacolula @ Macuilsuchil;Jurisdiccion;Oaxaca;NES;teotitlan_del_valle_jurisdiccion_nes;~~REDIRECT>teotitlan_del_valle_jurisdiccion_nes~~;NEOATVJU;1531;1808;563;;;;Nueva España;Jurisdiccion;;17.02917;-96.52
JUNEOATZ;Teozacualco;Teozacualco @ Teosacualco @ Teozacualco y Amoltepec @ Teozacoalco @ Teozacoalco y Teococuilco @ Teozacoalco y Teocucuilco @ Teopozalco, Teoxomulco y Teocuicuilco @ Teocuicuilco y Teozacualco @ Teozacualco y Teozoquilco;Jurisdiccion;Oaxaca;NES;teozacualco_jurisdiccion_nes;~~REDIRECT>teozacualco_jurisdiccion_nes~~;NEOATZJU;1532;1808;564;;;;Nueva España;Jurisdiccion;;17.01583;-97.28667
JUNEOAVA;Villa Alta;Villa Alta @ Villalta @ Zapotecas;Jurisdiccion;Oaxaca;NES;villa_alta_jurisdiccion_nes;~~REDIRECT>villa_alta_jurisdiccion_nes~~;NEOAVAJU;1527;1808;565;;;;Nueva España;Jurisdiccion;;17.33775;-96.1513
JUNEOAYA;Yanhuitlan;Yanhuitlan @ Tonaltepec y Zoyaltepec @ Ianguitlan @ Anguitlan;Jurisdiccion;Oaxaca;NES;yanhuitlan_jurisdiccion_nes;~~REDIRECT>yanhuitlan_jurisdiccion_nes~~;NEOAYAJU;1534;1688;1562;;;;Nueva España;Jurisdiccion;;17.52667;-97.34444
JUNEOAZI;Zimatlan;Zimatlan @ Cimatlan @ Zimatlan y Tepezimatlan @ Cimatlan y Tepecimatlan @ Zimatlan y Chichicapa;Jurisdiccion;Oaxaca;NES;zimatlan_jurisdiccion_nes;~~REDIRECT>zimatlan_jurisdiccion_nes~~;NEOAZIJU;1534;1808;566;;;;Nueva España;Jurisdiccion;;16.86528;-96.78472
JUNEPUAC;Acatlan;Acatlan @ Acatlan y Piaxtla @ Acatlan y Piastla;Jurisdiccion;Puebla;NES;acatlan_jurisdiccion_nes;~~REDIRECT>acatlan_jurisdiccion_nes~~;NEPUACJU;1532;1808;567;;;;Nueva España;Jurisdiccion;;18.20056;-98.04667
JUNEPUAH;Ahuatlan;Ahuatlan @ Aguatlan y Teopantlan @ Aguatlan y Zoyatitlanapa @ Aguatlan y Toyatitlanapa @ Aguatlan y Zoyatitlanapa;Jurisdiccion;Puebla;NES;ahuatlan_jurisdiccion_nes;~~REDIRECT>ahuatlan_jurisdiccion_nes~~;NEPUAHJU;1532;1740;568;;;;Nueva España;Jurisdiccion;;18.57472;-98.25611
JUNEPUAM;Amozoc;Amozoc @ Amozoque @ Guatinchan @ Guautinchan @ Cuautinchan;Jurisdiccion;Puebla;NES;amozoc_jurisdiccion_nes;~~REDIRECT>amozoc_jurisdiccion_nes~~;NEPUAMJU;1542;1808;569;;;;Nueva España;Jurisdiccion;;19.04417;-98.04472
JUNEPUAT;Atlixco;Atlixco @ Acapetlahuaca @ Atlisco @ Atrisco @ Valle de Atrisco @ Villa de Carrion;Jurisdiccion;Puebla;NES;atlixco_jurisdiccion_nes;~~REDIRECT>atlixco_jurisdiccion_nes~~;NEPUATJU;1579;1808;570;;;;Nueva España;Jurisdiccion;;18.90958;-98.43361
JUNEPUCE;Chietla;Chietla @ Chietlan @ Chetla;Jurisdiccion;Puebla;NES;chietla_jurisdiccion_nes;~~REDIRECT>chietla_jurisdiccion_nes~~;NEPUCEJU;1545;1808;571;;;;Nueva España;Jurisdiccion;;18.51833;-98.57861
JUNEPUCL;Cholula;Cholula @;Jurisdiccion;Puebla;NES;cholula_jurisdiccion_nes;~~REDIRECT>cholula_jurisdiccion_nes~~;NEPUCLJU;1531;1808;572;;;;Nueva España;Jurisdiccion;;19.06139;-98.30611
JUNEPUCT;Chiautla;Chiautla @ Chiautla de la Sal @ Chiautla de la Sal y Teocalco @;Jurisdiccion;Puebla;NES;chiautla_jurisdiccion_nes;~~REDIRECT>chiautla_jurisdiccion_nes~~;NEPUCTJU;1534;1808;573;;;;Nueva España;Jurisdiccion;;18.30028;-98.60361
JUNEPUHH;Huatlatlauca;Huatlatlauca @ Huatlatlauca y Huehuetlan @ Guatlatlauca de Puebla @ Atlatlauca;Jurisdiccion;Puebla;NES;huatlatlauca_jurisdiccion_nes;~~REDIRECT>huatlatlauca_jurisdiccion_nes~~;NEPUHHJU;1536;1786;574;;;;Nueva España;Jurisdiccion;;18.67778;-98.05111
JUNEPUHN;Huauchinango;Huauchinango @ Guachinango @ Metateyuca;Jurisdiccion;Puebla;NES;huauchinango_jurisdiccion_nes;~~REDIRECT>huauchinango_jurisdiccion_nes~~;NEPUHNJU;1534;1808;575;;;;Nueva España;Jurisdiccion;;20.17472;-98.0525
JUNEPUHY;Huayacocotla;Huayacocotla @ Guayacocotla y Chicontepec;Jurisdiccion;Puebla;NES;huayacocotla_y_chicontepec_jurisdiccion_nes;~~REDIRECT>huayacocotla_y_chicontepec_jurisdiccion_nes~~;NEPUHYJU;1589;1808;576;;;;Nueva España;Jurisdiccion;;20.53528;-98.47972
JUNEPUHZ;Huejotzingo;Huejotzingo @ Guejosingo @ Huexocingo;Jurisdiccion;Puebla;NES;huejotzingo_jurisdiccion_nes;~~REDIRECT>huejotzingo_jurisdiccion_nes~~;NEPUHZJU;1532;1808;577;;;;Nueva España;Jurisdiccion;;19.16;-98.40611
JUNEPUIG;Igualapa;Igualapa @ Ometepeque @ Igualapa, Xalapa y Cintla @ Ygualapam @ Xalapa @ Xalapa, Cintla y Acatlan @ Xalapa de la Costa;Jurisdiccion;Puebla;NES;igualapa_jurisdiccion_nes;~~REDIRECT>igualapa_jurisdiccion_nes~~;NEPUIGJU;1534;1808;578;;;;Nueva España;Jurisdiccion;;16.68306;-98.40556
JUNEPUIZ;Izucar;Izucar @ Izucar, Aguatlan y Teopantlan;Jurisdiccion;Puebla;NES;izucar_jurisdiccion_nes;~~REDIRECT>izucar_jurisdiccion_nes~~;NEPUIZJU;1541;1808;579;;;;Nueva España;Jurisdiccion;;18.60306;-98.465
JUNEPUPU;Puebla;Puebla @ Los Angeles @ Cuctlaxohuapan;Jurisdiccion;Puebla;NES;puebla_jurisdiccion_nes;~~REDIRECT>puebla_jurisdiccion_nes~~;NEPUPUJU;1531;1808;580;;;;Nueva España;Jurisdiccion;;19.04259;-98.19804
JUNEPUSJ;San Juan de Los Llanos;San Juan de Los Llanos @ Tlatlauquitepec;Jurisdiccion;Puebla;NES;san_juan_de_los_llanos_jurisdiccion_nes;~~REDIRECT>san_juan_de_los_llanos_jurisdiccion_nes~~;NEPUSJJU;1535;1808;581;;;;Nueva España;Jurisdiccion;;19.85083;-97.495
JUNEPUTC;Tecali;Tecali @ Santiago Tecali @ Tecalco;Jurisdiccion;Puebla;NES;tecali_jurisdiccion_nes;~~REDIRECT>tecali_jurisdiccion_nes~~;NEPUTCJU;1555;1808;582;;;;Nueva España;Jurisdiccion;;18.89861;-97.96917
JUNEPUTE;Teutlalco;Teutlalco @ Teotalco @ Teotlalco @ Tlaucingo @ Minas de Teotlalco @ Teotalco @ Teutlalco y Conteupa;Jurisdiccion;Puebla;NES;teutlalco_jurisdiccion_nes;~~REDIRECT>teutlalco_jurisdiccion_nes~~;NEPUTEJU;1531;1786;583;;;;Nueva España;Jurisdiccion;;18.4675;-98.77778
JUNEPUTH;Tehuacan;Tehuacan @ Tehuacan de las Granadas @ Tehuacan y Teutitlan;Jurisdiccion;Puebla;NES;tehuacan_jurisdiccion_nes;~~REDIRECT>tehuacan_jurisdiccion_nes~~;NEPUTHJU;1534;1808;584;;;;Nueva España;Jurisdiccion;;18.46111;-97.39194
JUNEPUTJ;Tetela y Jonotla;Tetela y Jonotla @ Xonotla y Tetela;Jurisdiccion;Puebla;NES;tetela_y_jonotla_jurisdiccion_nes;~~REDIRECT>tetela_y_jonotla_jurisdiccion_nes~~;NEPUTJJU;1533;1808;585;;;;Nueva España;Jurisdiccion;;19.81556;-97.80694
JUNEPUTL;Tlapa;Tlapa @ Tlapan;Jurisdiccion;Puebla;NES;tlapa_jurisdiccion_nes;~~REDIRECT>tlapa_jurisdiccion_nes~~;NEPUTLJU;1522;1808;586;;;;Nueva España;Jurisdiccion;;17.54611;-98.57639
JUNEPUTM;Totomehuacan;Totomehuacan @;Jurisdiccion;Puebla;NES;totomehuacan_jurisdiccion_nes;~~REDIRECT>totomehuacan_jurisdiccion_nes~~;NEPUTMJU;1111;1808;587;;;;Nueva España;Jurisdiccion;;18.96833;-98.18556
JUNEPUTO;Tochimilco;Tochimilco @ Ocopetlayuca @ Ocopetlavaca @ Cochimilco @ Xochimilco @ Juchimilco;Jurisdiccion;Puebla;NES;tochimilco_jurisdiccion_nes;~~REDIRECT>tochimilco_jurisdiccion_nes~~;NEPUTOJU;1546;1808;588;;;;Nueva España;Jurisdiccion;;18.8975;-98.44722
JUNEPUTP;Tepeaca;Tepeaca @ Tepeaca y Tecali;Jurisdiccion;Puebla;NES;tepeaca_jurisdiccion_nes;~~REDIRECT>tepeaca_jurisdiccion_nes~~;NEPUTPJU;1544;1808;589;;;;Nueva España;Jurisdiccion;;18.96611;-97.90222
JUNEPUTS;Tepexi de la Seda;Tepexi de la Seda @ Tepeji de la Seda y Guatlatlauca @ Zepexi de la Seda @ Tepeji de la Seda @ Tepeji @ Tepexi de la Seda y Atlatlauca @ Tepexi de la Seda, Acatlan y Piastla;Jurisdiccion;Puebla;NES;tepexi_de_la_seda_jurisdiccion_nes;~~REDIRECT>tepexi_de_la_seda_jurisdiccion_nes~~;NEPUTSJU;1542;1808;590;;;;Nueva España;Jurisdiccion;;18.5775;-97.92611
JUNEPUTZ;Teziutlan;Teziutlan @ Teciutlan y Atempa @ Teuzitlan @ Teusitlan y Atempa @ Tesiutlan @;Jurisdiccion;Puebla;NES;teziutlan_jurisdiccion_nes;~~REDIRECT>teziutlan_jurisdiccion_nes~~;NEPUTZJU;1553;1808;591;;;;Nueva España;Jurisdiccion;;19.81556;-97.36028
JUNEPUZM;Zacatlan de las Manzanas;Zacatlan de las Manzanas @ Gueytlalpa @ Teutalpa e Iztepec @ Hueytlalpan;Jurisdiccion;Puebla;NES;zacatlan_de_las_manzanas_jurisdiccion_nes;~~REDIRECT>zacatlan_de_las_manzanas_jurisdiccion_nes~~;NEPUZMJU;1531;1808;592;;;;Nueva España;Jurisdiccion;;19.9425;-97.95972
JUNESLCA;Catorze;Catorze @ Real de Catorze;Jurisdiccion;San Luis Potosi;NES;catorze_jurisdiccion_nes;~~REDIRECT>catorze_jurisdiccion_nes~~;NESLCAJU;1787;1808;593;;;;Nueva España;Jurisdiccion;;23.69;-100.8864
JUNESLCH;Charcas;Charcas @ Charcas y Sierra de Pinos @ Catorze @ Ramos;Jurisdiccion;San Luis Potosi;NES;charcas_jurisdiccion_nes;~~REDIRECT>charcas_jurisdiccion_nes~~;NESLCHJU;1575;1808;594;;;;Nueva España;Jurisdiccion;;23.12976;-101.11463
JUNESLGU;Guadalcazar;Guadalcazar @ San Pedro Guadalcazar @ Real de Guadalcazar @ Minas de Guadalcazar;Jurisdiccion;San Luis Potosi;NES;guadalcazar_jurisdiccion_nes;~~REDIRECT>guadalcazar_jurisdiccion_nes~~;NESLGUJU;1618;1808;595;;;;Nueva España;Jurisdiccion;;22.6155;-100.398
JUNESLPB;Salinas de Peñon Blanco;Salinas de Peñon Blanco @ Peñol Blanco @ Peñon Blanco;Jurisdiccion;San Luis Potosi;NES;salinas_de_penon_blanco_jurisdiccion_nes;~~REDIRECT>salinas_de_peñon_blanco_jurisdiccion_nes~~;NESLPBJU;1583;1808;596;;;;Nueva España;Jurisdiccion;;22.61817;-101.71094
JUNESLRV;Rio Verde;Rio Verde @;Jurisdiccion;San Luis Potosi;NES;rio_verde_jurisdiccion_nes;~~REDIRECT>rio_verde_jurisdiccion_nes~~;NESLRVJU;1787;1808;597;;;;Nueva España;Jurisdiccion;;21.93194;-99.99667
JUNESLSL;San Luis Potosi;San Luis Potosi @ San Luis Potosi y Real de Guadalcazar;Jurisdiccion;San Luis Potosi;NES;san_luis_potosi_jurisdiccion_nes;~~REDIRECT>san_luis_potosi_jurisdiccion_nes~~;NESLSLJU;1592;1808;598;;;;Nueva España;Jurisdiccion;;22.15153;-100.97581
JUNESLSM;Santa Maria del Rio;Santa Maria del Rio @;Jurisdiccion;San Luis Potosi;NES;santa_maria_del_rio_jurisdiccion_nes;~~REDIRECT>santa_maria_del_rio_jurisdiccion_nes~~;NESLSMJU;1787;1808;599;;;;Nueva España;Jurisdiccion;;21.81083;-100.73528
JUNESLVA;Valles;Valles @ Villa de los Valles;Jurisdiccion;San Luis Potosi;NES;valles_jurisdiccion_nes;~~REDIRECT>valles_jurisdiccion_nes~~;NESLVAJU;1533;1808;600;;;;Nueva España;Jurisdiccion;;21.62111;-99.02111
JUNESLVE;Venado;Venado @ Venado y La Hedionda @ Aguas de Venado Hedionda;Jurisdiccion;San Luis Potosi;NES;venado_jurisdiccion_nes;~~REDIRECT>venado_jurisdiccion_nes~~;NESLVEJU;1111;1808;601;;;;Nueva España;Jurisdiccion;;22.93333;-101.09278
JUNESLVS;Valle de San Francisco;Valle de San Francisco @;Jurisdiccion;San Luis Potosi;NES;valle_de_san_francisco_jurisdiccion_nes;~~REDIRECT>valle_de_san_francisco_jurisdiccion_nes~~;NESLVSJU;1787;1791;602;;;;Nueva España;Jurisdiccion;;21.80438;-100.93328
JUNETBTB;Tabasco;Tabasco @;Jurisdiccion;Tabasco;NES;tabasco_jurisdiccion_nes;~~REDIRECT>tabasco_jurisdiccion_nes~~;NETBTBJU;1527;1808;603;;;;Nueva España;Jurisdiccion;;18.5009;-92.65456
JUNETLTL;Tlaxcala;Tlaxcala @;Jurisdiccion;Puebla;NES;tlaxcala_jurisdiccion_nes;~~REDIRECT>tlaxcala_jurisdiccion_nes~~;NETLTLJU;1545;1808;604;;;;Nueva España;Jurisdiccion;;19.31705;-98.2381
JUNEVCCO;Cordoba;Cordoba @ Cordoba y Huatusco @ Guatusco @ Goatuzco, Cordoba y Huatusco y Coscomatepeque;Jurisdiccion;Veracruz;NES;cordoba_jurisdiccion_nes;~~REDIRECT>cordoba_jurisdiccion_nes~~;NEVCCOJU;1535;1808;605;;;;Nueva España;Jurisdiccion;;19.15;-96.96667
JUNEVCCS;Cosamaloapan;Cosamaloapan @ Cuzamaluava @ Cuzamaluaba @ Cosamaloapan y Guaspaltepec @ Cozamaloapan @ Cosamaluapa;Jurisdiccion;Veracruz;NES;cosamaloapan_jurisdiccion_nes;~~REDIRECT>cosamaloapan_jurisdiccion_nes~~;NEVCCSJU;1535;1808;606;;;;Nueva España;Jurisdiccion;;17.8807;-95.75794
JUNEVCCZ;Acayuca;Acayuca @ Guazacualco @  Coatzacoalcos @ Acayucan @ Goazacoalco;Jurisdiccion;Veracruz;NES;acayuca_jurisdiccion_nes;~~REDIRECT>acayuca_jurisdiccion_nes~~;NEVCCZJU;1522;1808;607;;;;Nueva España;Jurisdiccion;;18.13915;-94.44079
JUNEVCJA;Jalacingo;Jalacingo @ Xalacingo;Jurisdiccion;Veracruz;NES;jalacingo_jurisdiccion_nes;~~REDIRECT>jalacingo_jurisdiccion_nes~~;NEVCJAJU;1535;1808;608;;;;Nueva España;Jurisdiccion;;19.80417;-97.30833
JUNEVCMI;Misantla;Misantla @ Mizantla;Jurisdiccion;Veracruz;NES;misantla_jurisdiccion_nes;~~REDIRECT>misantla_jurisdiccion_nes~~;NEVCMIJU;1531;1807;609;;;;Nueva España;Jurisdiccion;;19.92722;-96.85417
JUNEVCOR;Orizaba;Orizaba @ Tequila @ Cachultenango, Tequila y Chichiquila;Jurisdiccion;Veracruz;NES;orizaba_jurisdiccion_nes;~~REDIRECT>orizaba_jurisdiccion_nes~~;NEVCORJU;1531;1808;610;;;;Nueva España;Jurisdiccion;;18.84972;-97.10361
JUNEVCPN;Panuco;Panuco @ Panuco y Tampico @ Tantoyuca;Jurisdiccion;Veracruz;NES;panuco_jurisdiccion_nes;~~REDIRECT>panuco_jurisdiccion_nes~~;NEVCPNJU;1522;1808;611;;;;Nueva España;Jurisdiccion;;21.345;-98.22611
JUNEVCPP;Papantla;Papantla @;Jurisdiccion;Veracruz;NES;papantla_jurisdiccion_nes;~~REDIRECT>papantla_jurisdiccion_nes~~;NEVCPPJU;1561;1808;612;;;;Nueva España;Jurisdiccion;;20.44778;-97.32
JUNEVCTC;Tuxtla y Cotaxtla;Tuxtla y Cotaxtla @ Tuxtla-Cotaxtla @ Tuxtla, Cotaxtla y La Rinconada @ Tuxtla y Cotastla @ Tuxtla y Catastla @ Tustla y Cotastla @ San Andres Tuxtla;Jurisdiccion;Veracruz;NES;tuxtla_y_cotaxtla_jurisdiccion_nes;~~REDIRECT>tuxtla_y_cotaxtla_jurisdiccion_nes~~;NEVCTCJU;1639;1808;613;;;;Nueva España;Jurisdiccion;;18.46167;-95.29944
JUNEVCVA;La Antigua;La Antigua @ La Antigua @ Mizantla @ Veracruz Vieja @ Veracruz Antigua;Jurisdiccion;Veracruz;NES;la_antigua_jurisdiccion_nes;~~REDIRECT>la_antigua_jurisdiccion_nes~~;NEVCVAJU;1519;1808;614;;;;Nueva España;Jurisdiccion;;19.92722;-96.85417
JUNEVCVE;Nueva Veracruz;Nueva Veracruz @;Jurisdiccion;Veracruz;NES;nueva_veracruz_jurisdiccion_nes;~~REDIRECT>nueva_veracruz_jurisdiccion_nes~~;NEVCVEJU;1599;1808;615;;;;Nueva España;Jurisdiccion;;19.19333;-96.13775
JUNEVCXA;Xalapa;Xalapa @ Xalapa de la Feria @ Xalapa y Xalacingo @ Chapultepec y Maltrata;Jurisdiccion;Veracruz;NES;xalapa_jurisdiccion_nes;~~REDIRECT>xalapa_jurisdiccion_nes~~;NEVCXAJU;1531;1808;616;;;;Nueva España;Jurisdiccion;;19.54;-96.9275
JUNEYUBA;Beneficios Altos;Beneficios Altos @ Tihosuco;Jurisdiccion;Yucatan;NES;beneficios_altos_jurisdiccion_nes;~~REDIRECT>beneficios_altos_jurisdiccion_nes~~;NEYUBAJU;1111;1808;617;;;;Nueva España;Jurisdiccion;;20.19583;-88.37361
JUNEYUBB;Beneficios Bajos;Beneficios Bajos @ Sotuta @ Yaxcaba @ Beneficios;Jurisdiccion;Yucatan;NES;beneficios_bajos_jurisdiccion_nes;~~REDIRECT>beneficios_bajos_jurisdiccion_nes~~;NEYUBBJU;1111;1808;618;;;;Nueva España;Jurisdiccion;;20.59583;-89.00611
JUNEYUBC;Bacalar;Bacalar @ Salamanca y Presidio de Bacalar;Jurisdiccion;Yucatan;NES;bacalar_jurisdiccion_nes;~~REDIRECT>bacalar_jurisdiccion_nes~~;NEYUBCJU;1544;1808;619;;;;Nueva España;Jurisdiccion;;19.58472;-88.59167
JUNEYUBO;Bolonchencauich;Bolonchencauich @ Bolonchen Cawich;Jurisdiccion;Yucatan;NES;bolonchencauich_jurisdiccion_nes;~~REDIRECT>bolonchencauich_jurisdiccion_nes~~;NEYUBOJU;1787;1808;620;;;;Nueva España;Jurisdiccion;;19.44194;-90.20611
JUNEYUCA;Campeche;Campeche @;Jurisdiccion;Yucatan;NES;campeche_jurisdiccion_nes;~~REDIRECT>campeche_jurisdiccion_nes~~;NEYUCAJU;1541;1808;621;;;;Nueva España;Jurisdiccion;;19.84433;-90.5357
JUNEYULC;La Costa;La Costa @ Dzidzantun @ Costa Alta y Baja @ Sisantun;Jurisdiccion;Yucatan;NES;la_costa_jurisdiccion_nes;~~REDIRECT>la_costa_jurisdiccion_nes~~;NEYULCJU;1701;1808;622;;;;Nueva España;Jurisdiccion;;21.24583;-89.04306
JUNEYULS;La Sierra;La Sierra @ Sierra Alta y Baja @ Sierra Alta;Jurisdiccion;Yucatan;NES;la_sierra_jurisdiccion_nes;~~REDIRECT>la_sierra_jurisdiccion_nes~~;NEYULSJU;1571;1808;623;;;;Nueva España;Jurisdiccion;;20.30278;-89.41833
JUNEYUME;Merida;Merida @;Jurisdiccion;Yucatan;NES;merida_jurisdiccion_nes;~~REDIRECT>merida_jurisdiccion_nes~~;NEYUMEJU;1111;1808;624;;;;Nueva España;Jurisdiccion;;20.96671;-89.62322
JUNEYURA;Camino Real Alto;Camino Real Alto @ Calkini @ Camino Real de Campeche;Jurisdiccion;Yucatan;NES;camino_real_alto_jurisdiccion_nes;~~REDIRECT>camino_real_alto_jurisdiccion_nes~~;NEYURAJU;1548;1808;625;;;;Nueva España;Jurisdiccion;;20.37389;-90.05222
JUNEYURB;Camino Real Bajo;Camino Real Bajo @ Hunucma @ Camino Real y Hunucma;Jurisdiccion;Yucatan;NES;camino_real_bajo_jurisdiccion_nes;~~REDIRECT>camino_real_bajo_jurisdiccion_nes~~;NEYURBJU;1640;1808;626;;;;Nueva España;Jurisdiccion;;21.01528;-89.87444
JUNEYUSA;Sahcabchen;Sahcabchen @ Champoton @ Seyba;Jurisdiccion;Yucatan;NES;sahcabchen_jurisdiccion_nes;~~REDIRECT>sahcabchen_jurisdiccion_nes~~;NEYUSAJU;1721;1808;627;;;;Nueva España;Jurisdiccion;;19.35472;-90.72056
JUNEYUSB;Sierra Baja;Sierra Baja @;Jurisdiccion;Yucatan;NES;sierra_baja_jurisdiccion_nes;~~REDIRECT>sierra_baja_jurisdiccion_nes~~;NEYUSBJU;1111;1808;628;;;;Nueva España;Jurisdiccion;;20.47722;-89.365
JUNEYUTI;Tizimin;Tizimin @ Tizimin y Chancenote @ Rio Lagartos;Jurisdiccion;Yucatan;NES;tizimin_jurisdiccion_nes;~~REDIRECT>tizimin_jurisdiccion_nes~~;NEYUTIJU;1575;1808;629;;;;Nueva España;Jurisdiccion;;21.14222;-88.15083
JUNEYUVA;Valladolid;Valladolid @;Jurisdiccion;Yucatan;NES;valladolid_jurisdiccion_nes;~~REDIRECT>valladolid_jurisdiccion_nes~~;NEYUVAJU;1543;1808;630;;;;Nueva España;Jurisdiccion;;20.68897;-88.20145
JUNGANAN;Antioquia;Antioquia @;Jurisdiccion;Antioquia;NGR;antioquia_jurisdiccion_ngr;~~REDIRECT>antioquia_jurisdiccion_ngr~~;NGANANJU;1541;1808;631;;;;Nuevo Reino de Granada;Jurisdiccion;;6.55837;-75.82743
JUNGANAR;Rionegro;Rionegro @ Santiago de Arma @ Rio Negro @ Arma y Marinilla;Jurisdiccion;Antioquia;NGR;rionegro_jurisdiccion_ngr;~~REDIRECT>rionegro_jurisdiccion_ngr~~;NGANARJU;1542;1808;632;;;;Nuevo Reino de Granada;Jurisdiccion;;5.61528;-75.53983
JUNGANCA;Caceres;Caceres @;Jurisdiccion;Antioquia;NGR;caceres_jurisdiccion_ngr;~~REDIRECT>caceres_jurisdiccion_ngr~~;NGANCAJU;1576;1808;633;;;;Nuevo Reino de Granada;Jurisdiccion;;7.581;-75.34815
JUNGANMA;Marinilla;Marinilla @;Jurisdiccion;Antioquia;NGR;marinilla_jurisdiccion_ngr;~~REDIRECT>marinilla_jurisdiccion_ngr~~;NGANMAJU;1790;1808;634;;;;Nuevo Reino de Granada;Jurisdiccion;;6.17476;-75.33894
JUNGANME;Medellin;Medellin @;Jurisdiccion;Antioquia;NGR;medellin_jurisdiccion_ngr;~~REDIRECT>medellin_jurisdiccion_ngr~~;NGANMEJU;1616;1808;635;;;;Nuevo Reino de Granada;Jurisdiccion;;6.25364;-75.56349
JUNGANRE;Remedios;Remedios @;Jurisdiccion;Antioquia;NGR;remedios_jurisdiccion_ngr;~~REDIRECT>remedios_jurisdiccion_ngr~~;NGANREJU;1560;1808;636;;;;Nuevo Reino de Granada;Jurisdiccion;;7.02821;-74.69258
JUNGANSR;Santa Rosa de los Osos;Santa Rosa de los Osos @;Jurisdiccion;Antioquia;NGR;santa_rosa_de_los_osos_jurisdiccion_ngr;~~REDIRECT>santa_rosa_de_los_osos_jurisdiccion_ngr~~;NGANSRJU;1787;1808;637;;;;Nuevo Reino de Granada;Partido;;6.64436;-75.45894
JUNGANZA;Zaragoza;Zaragoza @;Jurisdiccion;Antioquia;NGR;zaragoza_jurisdiccion_ngr;~~REDIRECT>zaragoza_jurisdiccion_ngr~~;NGANZAJU;1581;1808;638;;;;Nuevo Reino de Granada;Jurisdiccion;;7.49022;-74.86744
JUNGCAAY;Ayapel;Ayapel @;Jurisdiccion;Cartagena;NGR;ayapel_jurisdiccion_ngr;~~REDIRECT>ayapel_jurisdiccion_ngr~~;NGCAAYJU;1701;1808;639;;;;Nuevo Reino de Granada;Jurisdiccion;;8.31304;-75.1457
JUNGCACA;Cartagena de Indias;Cartagena de Indias @ Cartagena de Indias;Partido;Cartagena;NGR;cartagena_de_indias_partido_ngr;~~REDIRECT>cartagena_de_indias_partido_ngr~~;NGCACAJU;1533;1808;640;;;;Nuevo Reino de Granada;Partido;;10.42306;-75.55076
JUNGCAMO;Mompox;Mompox @ Mompos;Jurisdiccion;Cartagena;NGR;mompox_jurisdiccion_ngr;~~REDIRECT>mompox_jurisdiccion_ngr~~;NGCAMOJU;1537;1808;641;;;;Nuevo Reino de Granada;Jurisdiccion;;9.24202;-74.42493
JUNGCASI;Simiti;Simiti @;Jurisdiccion;Cartagena;NGR;simiti_jurisdiccion_ngr;~~REDIRECT>simiti_jurisdiccion_ngr~~;NGCASIJU;1537;1808;642;;;;Nuevo Reino de Granada;Jurisdiccion;;7.95556;-73.94478
JUNGCATO;Tolu;Tolu @ Villa de Tolu;Jurisdiccion;Cartagena;NGR;tolu_jurisdiccion_ngr;~~REDIRECT>tolu_jurisdiccion_ngr~~;NGCATOJU;1535;1808;643;;;;Nuevo Reino de Granada;Jurisdiccion;;9.52396;-75.58398
JUNGCHCI;Citara;Citara @ Zitara @ Quibdo;Jurisdiccion;Choco;NGR;citara_jurisdiccion_ngr;~~REDIRECT>citara_jurisdiccion_ngr~~;NGCHCIJU;1575;1808;644;;;;Nuevo Reino de Granada;Jurisdiccion;;5.6869;-76.65836
JUNGCHNO;Novita;Novita @ Noanama;Jurisdiccion;Choco;NGR;novita_jurisdiccion_ngr;~~REDIRECT>novita_jurisdiccion_ngr~~;NGCHNOJU;1111;1808;645;;;;Nuevo Reino de Granada;Jurisdiccion;;4.69004;-76.93564
JUNGLLCH;Chire;Chire @;Jurisdiccion;Llanos;NGR;chire_jurisdiccion_ngr;~~REDIRECT>chire_jurisdiccion_ngr~~;NGLLCHJU;1672;1808;646;;;;Nuevo Reino de Granada;Jurisdiccion;;6.0336;-71.8133
JUNGLLLL;Los Llanos;Los Llanos @;Jurisdiccion;Llanos;NGR;los_llanos_jurisdiccion_ngr;~~REDIRECT>los_llanos_jurisdiccion_ngr~~;NGLLLLJU;1633;1788;647;;;;Nuevo Reino de Granada;indefinido;;3.38086;-73.93513
JUNGLLME;Medina;Medina @;Jurisdiccion;Llanos;NGR;medina_jurisdiccion_ngr;~~REDIRECT>medina_jurisdiccion_ngr~~;NGLLMEJU;1775;1808;648;;;;Nuevo Reino de Granada;Partido;;4.50862;-73.34923
JUNGLLPO;Pore;Pore @;Jurisdiccion;Llanos;NGR;pore_jurisdiccion_ngr;~~REDIRECT>pore_jurisdiccion_ngr~~;NGLLPOJU;1644;1808;649;;;;Nuevo Reino de Granada;Jurisdiccion;;5.72773;-71.99319
JUNGLLSA;Santiago de las Atalayas;Santiago de las Atalayas @;Jurisdiccion;Llanos;NGR;santiago_de_las_atalayas_jurisdiccion_ngr;~~REDIRECT>santiago_de_las_atalayas_jurisdiccion_ngr~~;NGLLSAJU;1588;1808;650;;;;Nuevo Reino de Granada;Jurisdiccion;;5.0429;-72.47229
JUNGLLSJ;San Juan;San Juan @ San Juan de los Llanos;Jurisdiccion;Llanos;NGR;san_juan_jurisdiccion_ngr;~~REDIRECT>san_juan_jurisdiccion_ngr~~;NGLLSJJU;1555;1808;651;;;;Nuevo Reino de Granada;Jurisdiccion;;3.38086;-73.93513
JUNGLLSM;San Martin;San Martin @ Llanos de San Martin;Jurisdiccion;Llanos;NGR;san_martin_jurisdiccion_ngr;~~REDIRECT>san_martin_jurisdiccion_ngr~~;NGLLSMJU;1585;1808;652;;;;Nuevo Reino de Granada;Jurisdiccion;;3.69694;-73.69861
JUNGMAHO;Honda;Honda @;Jurisdiccion;Mariquita;NGR;honda_jurisdiccion_ngr;~~REDIRECT>honda_jurisdiccion_ngr~~;NGMAHOJU;1643;1808;653;;;;Nuevo Reino de Granada;Jurisdiccion;;5.20225;-74.73751
JUNGMAIB;Ibague;Ibague @;Jurisdiccion;Mariquita;NGR;ibague_jurisdiccion_ngr;~~REDIRECT>ibague_jurisdiccion_ngr~~;NGMAIBJU;1606;1808;654;;;;Nuevo Reino de Granada;Jurisdiccion;;4.44455;-75.24152
JUNGMALA;Lajas;Lajas @ Lajas y Santa Ana @ Bocaneme @ Minas de Mariquita;Jurisdiccion;Mariquita;NGR;lajas_jurisdiccion_ngr;~~REDIRECT>lajas_jurisdiccion_ngr~~;NGMALAJU;1596;1785;655;;;;Nuevo Reino de Granada;indefinido;;5.12388;-74.95096
JUNGMALP;La Palma;La Palma @;Jurisdiccion;Mariquita;NGR;la_palma_jurisdiccion_ngr;~~REDIRECT>la_palma_jurisdiccion_ngr~~;NGMALPJU;1559;1808;656;;;;Nuevo Reino de Granada;Jurisdiccion;;5.35894;-74.39092
JUNGMAMA;Mariquita;Mariquita @;Jurisdiccion;Mariquita;NGR;mariquita_jurisdiccion_ngr;~~REDIRECT>mariquita_jurisdiccion_ngr~~;NGMAMAJU;1551;1808;657;;;;Nuevo Reino de Granada;Jurisdiccion;;5.19666;-74.8937
JUNGMAPA;Panches;Panches @ Panchez @ Panches y juzgado de canoas de Honda @ Tierra caliente;Jurisdiccion;Mariquita;NGR;panches_jurisdiccion_ngr;~~REDIRECT>panches_jurisdiccion_ngr~~;NGMAPAJU;1593;1808;658;;;;Nuevo Reino de Granada;Partido;;90;0
JUNGMATO;Tocaima;Tocaima @ La Mesa;Jurisdiccion;Mariquita;NGR;tocaima_jurisdiccion_ngr;~~REDIRECT>tocaima_jurisdiccion_ngr~~;NGMATOJU;1544;9999;659;;;;Nuevo Reino de Granada;Jurisdiccion;;4.5493;-74.53591
JUNGNEAN;Andaquies;Andaquies @ La Ceja @ Misiones del Caquetá y Putumayo @ Escolta de Misiones;Jurisdiccion;Neiva;NGR;andaquies_jurisdiccion_ngr;~~REDIRECT>andaquies_jurisdiccion_ngr~~;NGNEANJU;1772;1808;660;;;;Nuevo Reino de Granada;Jurisdiccion;;90;0
JUNGNECO;Coyaimas y Natagaimas;Coyaimas y Natagaimas @ Coyaima @ Coyaima y Atagaima @ Coyaima, Natagaima y Ataco;Jurisdiccion;Neiva;NGR;coyaimas_y_natagaima_jurisdiccion_ngr;~~REDIRECT>coyaimas_y_natagaima_jurisdiccion_ngr~~;NGNECOJU;1611;1808;661;;;;Nuevo Reino de Granada;Jurisdiccion;;3.79799;-75.1954
JUNGNELP;La Plata;La Plata @;Jurisdiccion;Neiva;NGR;la_plata_jurisdiccion_ngr;~~REDIRECT>la_plata_jurisdiccion_ngr~~;NGNELPJU;1551;1808;662;;;;Nuevo Reino de Granada;Jurisdiccion;;2.38922;-75.8908
JUNGNENE;Neiva;Neiva @;Jurisdiccion;Neiva;NGR;neiva_jurisdiccion_ngr;~~REDIRECT>neiva_jurisdiccion_ngr~~;NGNENEJU;1612;1808;663;;;;Nuevo Reino de Granada;Jurisdiccion;;2.92357;-75.28542
JUNGNEPU;Purificacion;Purificacion @;Jurisdiccion;Neiva;NGR;purificacion_jurisdiccion_ngr;~~REDIRECT>purificacion_jurisdiccion_ngr~~;NGNEPUJU;1664;1808;664;;;;Nuevo Reino de Granada;Jurisdiccion;;3.85824;-74.93139
JUNGNEPZ;Paez;Paez @ Paeces @ Guanacas;Jurisdiccion;Neiva;NGR;paez_jurisdiccion_ngr;~~REDIRECT>paez_jurisdiccion_ngr~~;NGNEPZJU;1701;1796;665;;;;Nuevo Reino de Granada;indefinido;;90;0
JUNGNETI;Timana;Timana @;Jurisdiccion;Neiva;NGR;timana_jurisdiccion_ngr;~~REDIRECT>timana_jurisdiccion_ngr~~;NGNETIJU;1539;1808;666;;;;Nuevo Reino de Granada;Jurisdiccion;;1.97423;-75.93246
JUNGPANA;Nata;Nata @ Nata y Villa de Santos;Jurisdiccion;Panama;TFI;nata_jurisdiccion_ngr;~~REDIRECT>nata_jurisdiccion_ngr~~;NGPANAJU;1701;1808;667;;;;Tierra Firme;Jurisdiccion;;8.33215;-80.51527
JUNGPAPA;Panama;Panama @;Jurisdiccion;Panama;TFI;panama_jurisdiccion_ngr;~~REDIRECT>panama_jurisdiccion_ngr~~;NGPAPAJU;1701;1808;668;;;;Tierra Firme;Jurisdiccion;;8.95234;-79.53472
JUNGPAPB;Portobelo;Portobelo @  Castillo de San Felipe;Jurisdiccion;Panama;TFI;portobelo_jurisdiccion_ngr;~~REDIRECT>portobelo_jurisdiccion_ngr~~;NGPAPBJU;1608;1808;669;;;;Tierra Firme;Jurisdiccion;;9.5531;-79.65471
JUNGPOAN;Anserma;Anserma @;Jurisdiccion;Popayan;NGR;anserma_jurisdiccion_ngr;~~REDIRECT>anserma_jurisdiccion_ngr~~;NGPOANJU;1539;1808;670;;;;Nuevo Reino de Granada;Partido;;5.23116;-75.7861
JUNGPOCC;Cuatro Ciudades;Cuatro Ciudades @ Cartago @ Tres Ciudades;Jurisdiccion;Popayan;QUI;cuatro_ciudades_jurisdiccion_qui;~~REDIRECT>cuatro_ciudades_jurisdiccion_qui~~;NGPOCCJU;1700;1808;671;;;;Quito;Jurisdiccion;;4.74652;-75.91205
JUNGPOCG;Cartago;Cartago @;Partido;Popayan;NGR;cartago_partido_ngr;~~REDIRECT>cartago_partido_ngr~~;NGPOCGJU;1540;9999;672;;;;Nuevo Reino de Granada;Partido;;4.74652;-75.91205
JUNGPOSU;Vega de Supia;Vega de Supia @ Anserma;Jurisdiccion;Popayan;NGR;vega_de_supia_jurisdiccion_ngr;~~REDIRECT>vega_de_supia_jurisdiccion_ngr~~;NGPOSUJU;1793;1808;673;;;;Nuevo Reino de Granada;Jurisdiccion;;5.45582;-75.65009
JUNGPOTO;Toro;Toro @;Jurisdiccion;Popayan;NGR;toro_jurisdiccion_ngr;~~REDIRECT>toro_jurisdiccion_ngr~~;NGPOTOJU;1573;1808;674;;;;Nuevo Reino de Granada;Partido;;4.60895;-76.07813
JUNGPPCU;San Jose de Cucuta;San Jose de Cucuta @ Guasimales;Jurisdiccion;Pamplona;NGR;san_jose_de_cucuta_jurisdiccion_ngr;~~REDIRECT>san_jose_de_cucuta_jurisdiccion_ngr~~;NGPPCUJU;1793;1808;675;;;;Nuevo Reino de Granada;Jurisdiccion;;7.88696;-72.50332
JUNGPPGI;Giron;Giron @ San Juan de Giron y provincia del Oro @ Rio del Oro;Provincia;Provincia;NGR;giron_provincia_ngr;~~REDIRECT>giron_provincia_ngr~~;NGPPGIJU;1631;1808;676;;;;Nuevo Reino de Granada;Provincia;;7.07323;-73.16892
JUNGPPPP;Pamplona;Pamplona @;Jurisdiccion;Pamplona;NGR;pamplona_jurisdiccion_ngr;~~REDIRECT>pamplona_jurisdiccion_ngr~~;NGPPPPJU;1549;1808;677;;;;Nuevo Reino de Granada;Jurisdiccion;;7.3757;-72.6488
JUNGPPRC;Rosario de Cucuta;Rosario de Cucuta @;Jurisdiccion;Pamplona;NGR;rosario_de_cucuta_jurisdiccion_ngr;~~REDIRECT>rosario_de_cucuta_jurisdiccion_ngr~~;NGPPRCJU;1793;1808;1391;;;;Nuevo Reino de Granada;Jurisdiccion;;7.83189;-72.47172
JUNGPPSE;Servita;Servita @;Partido;Pamplona;NGR;servita_partido_ngr;~~REDIRECT>servita_partido_ngr~~;NGPPSEJU;1706;1808;678;;;;Nuevo Reino de Granada;Partido;;6.81852;-72.69794
JUNGPPZA;Salazar;Salazar @ Zalazar @ Salazar de las Palmas;Jurisdiccion;Pamplona;NGR;salazar_jurisdiccion_ngr;~~REDIRECT>salazar_jurisdiccion_ngr~~;NGPPZAJU;1583;1808;679;;;;Nuevo Reino de Granada;Jurisdiccion;;7.77263;-72.81186
JUNGSFAG;Altagracia;Altagracia @ Altagracia de Sumapaz @ Altagracia de Suma Paz @ Altagraica de los Sutagaos @ Altagracia de los Utagaos;Jurisdiccion;Santa Fe;NGR;altagracia_jurisdiccion_ngr;~~REDIRECT>altagracia_jurisdiccion_ngr~~;NGSFAGJU;1590;1775;1397;;;;Nuevo Reino de Granada;Jurisdiccion;;4.33241;-74.35951
JUNGSFBG;Bogota;Bogota @ Sabana @ Fontibon;Jurisdiccion;Santa Fe;NGR;bogota_jurisdiccion_ngr;~~REDIRECT>bogota_jurisdiccion_ngr~~;NGSFBGJU;1593;1808;680;;;;Nuevo Reino de Granada;Partido;;4.7163;-74.21222
JUNGSFBZ;Boza;Boza @ Boza y Pasca @ Bosa;Jurisdiccion;Santa Fe;NGR;boza_jurisdiccion_ngr;~~REDIRECT>boza_jurisdiccion_ngr~~;NGSFBZJU;1593;1808;681;;;;Nuevo Reino de Granada;Partido;;4.60905;-74.18626
JUNGSFCA;Caqueza;Caqueza @ Ubaque;Jurisdiccion;Santa Fe;NGR;caqueza_jurisdiccion_ngr;~~REDIRECT>caqueza_jurisdiccion_ngr~~;NGSFCAJU;1593;1808;682;;;;Nuevo Reino de Granada;Partido;;4.40399;-73.947
JUNGSFGD;Guaduas;Guaduas @;Jurisdiccion;Santa Fe;NGR;guaduas_jurisdiccion_ngr;~~REDIRECT>guaduas_jurisdiccion_ngr~~;NGSFGDJU;1645;1808;683;;;;Nuevo Reino de Granada;Jurisdiccion;;5.06769;-74.59672
JUNGSFGV;Guatavita;Guatavita @ Choconta;Jurisdiccion;Santa Fe;NGR;guatavita_jurisdiccion_ngr;~~REDIRECT>guatavita_jurisdiccion_ngr~~;NGSFGVJU;1593;1808;684;;;;Nuevo Reino de Granada;Partido;;4.93456;-73.83186
JUNGSFPA;Pasca;Pasca @ Pesca @ Fusagazuga @ Fusagasuga @ Sutagaos;Jurisdiccion;Santa Fe;NGR;pasca_jurisdiccion_ngr;~~REDIRECT>pasca_jurisdiccion_ngr~~;NGSFPAJU;1584;1808;685;;;;Nuevo Reino de Granada;Partido;;4.3088;-74.30009
JUNGSFSF;Santa Fe;Santa Fe @ Santafe de Bogota;Jurisdiccion;Santa Fe;NGR;santa_fe_jurisdiccion_ngr;~~REDIRECT>santa_fe_jurisdiccion_ngr~~;NGSFSFJU;1539;1808;686;;;;Nuevo Reino de Granada;Jurisdiccion;;4.59744;-74.07475
JUNGSFUB;Ubate;Ubate @;Jurisdiccion;Santa Fe;NGR;ubate_jurisdiccion_ngr;~~REDIRECT>ubate_jurisdiccion_ngr~~;NGSFUBJU;1593;1808;687;;;;Nuevo Reino de Granada;Partido;;5.30702;-73.81524
JUNGSFZI;Zipaquira;Zipaquira @ Zipaquira y Ubate @ Caxica @ Chia;Jurisdiccion;Santa Fe;NGR;zipaquira_jurisdiccion_ngr;~~REDIRECT>zipaquira_jurisdiccion_ngr~~;NGSFZIJU;1593;1808;688;;;;Nuevo Reino de Granada;Jurisdiccion;;5.02408;-74.00353
JUNGSMOC;Ocaña;Ocaña @;Jurisdiccion;Santa Marta;NGR;ocana_jurisdiccion_ngr;~~REDIRECT>ocaña_jurisdiccion_ngr~~;NGSMOCJU;1570;1808;689;;;;Nuevo Reino de Granada;Jurisdiccion;;8.23532;-73.35395
JUNGSMRH;Riohacha;Riohacha @ Rio de la Hacha @ Rio Hacha;Jurisdiccion;Santa Marta;NGR;riohacha_jurisdiccion_ngr;~~REDIRECT>riohacha_jurisdiccion_ngr~~;NGSMRHJU;1547;1808;690;;;;Nuevo Reino de Granada;Jurisdiccion;;11.55133;-72.90891
JUNGSMSM;Santa Marta;Santa Marta @;Jurisdiccion;Santa Marta;NGR;santa_marta_jurisdiccion_ngr;~~REDIRECT>santa_marta_jurisdiccion_ngr~~;NGSMSMJU;1525;1808;691;;;;Nuevo Reino de Granada;Jurisdiccion;;11.24327;-74.21052
JUNGSMTA;Tamalameque;Tamalameque @;Jurisdiccion;Santa Marta;NGR;tamalameque_jurisdiccion_ngr;~~REDIRECT>tamalameque_jurisdiccion_ngr~~;NGSMTAJU;1544;1808;692;;;;Nuevo Reino de Granada;Jurisdiccion;;8.85683;-73.81575
JUNGSMTE;Tenerife;Tenerife @;Jurisdiccion;Santa Marta;NGR;tenerife_jurisdiccion_ngr;~~REDIRECT>tenerife_jurisdiccion_ngr~~;NGSMTEJU;1536;1808;693;;;;Nuevo Reino de Granada;Jurisdiccion;;9.90006;-74.85918
JUNGSMVA;Valledupar;Valledupar @ Valle de Upar;Jurisdiccion;Santa Marta;NGR;valledupar_jurisdiccion_ngr;~~REDIRECT>valledupar_jurisdiccion_ngr~~;NGSMVAJU;1550;1808;694;;;;Nuevo Reino de Granada;Jurisdiccion;;10.47744;-73.24501
JUNGSOMV;Minas de Velez;Minas de Velez @ Minas de cobre;Jurisdiccion;Socorro;NGR;minas_de_velez_jurisdiccion_ngr;~~REDIRECT>minas_de_velez_jurisdiccion_ngr~~;NGSOMVJU;1111;1808;695;;;;Nuevo Reino de Granada;indefinido;;90;0
JUNGSOSG;San Gil;San Gil @;Jurisdiccion;Socorro;NGR;san_gil_jurisdiccion_ngr;~~REDIRECT>san_gil_jurisdiccion_ngr~~;NGSOSGJU;1689;1808;696;;;;Nuevo Reino de Granada;Jurisdiccion;;6.55529;-73.13124
JUNGSOSO;Socorro;Socorro @;Jurisdiccion;Socorro;NGR;socorro_jurisdiccion_ngr;~~REDIRECT>socorro_jurisdiccion_ngr~~;NGSOSOJU;1683;1808;697;;;;Nuevo Reino de Granada;Jurisdiccion;;6.46995;-73.26122
JUNGSOVE;Velez;Velez @;Jurisdiccion;Socorro;NGR;velez_jurisdiccion_ngr;~~REDIRECT>velez_jurisdiccion_ngr~~;NGSOVEJU;1539;1808;698;;;;Nuevo Reino de Granada;Jurisdiccion;;6.01283;-73.67349
JUNGTUCH;Chita;Chita @ Rincon;Jurisdiccion;Tunja;NGR;chita_jurisdiccion_ngr;~~REDIRECT>chita_jurisdiccion_ngr~~;NGTUCHJU;1593;1808;699;;;;Nuevo Reino de Granada;Partido;;6.18697;-72.47261
JUNGTUCV;Chivata;Chivata @;Jurisdiccion;Tunja;NGR;chivata_jurisdiccion_ngr;~~REDIRECT>chivata_jurisdiccion_ngr~~;NGTUCVJU;1628;1808;700;;;;Nuevo Reino de Granada;Partido;;5.55853;-73.2826
JUNGTUDU;Duitama;Duitama @ Mogotes y Sincelejo @ Cerinza;Partido;Tunja;NGR;duitama_partido_ngr;~~REDIRECT>duitama_partido_ngr~~;NGTUDUJU;1593;1808;701;;;;Nuevo Reino de Granada;Partido;;5.82771;-73.03389
JUNGTUGA;Gameza;Gameza @;Jurisdiccion;Tunja;NGR;gameza_jurisdiccion_ngr;~~REDIRECT>gameza_jurisdiccion_ngr~~;NGTUGAJU;1593;1808;702;;;;Nuevo Reino de Granada;Partido;;5.8027;-72.8057
JUNGTULE;Leyva;Leyva @ Leiva @ Villa de Leyva;Jurisdiccion;Tunja;NGR;leyva_jurisdiccion_ngr;~~REDIRECT>leyva_jurisdiccion_ngr~~;NGTULEJU;1572;1808;703;;;;Nuevo Reino de Granada;Jurisdiccion;;5.63329;-73.52365
JUNGTUMM;Minas de Muzo;Minas de Muzo @;Jurisdiccion;Tunja;NGR;minas_de_muzo_jurisdiccion_ngr;~~REDIRECT>minas_de_muzo_jurisdiccion_ngr~~;NGTUMMJU;1701;1785;704;;;;Nuevo Reino de Granada;indefinido;;5.12388;-74.95096
JUNGTUMU;Muzo;Muzo @ Muso;Jurisdiccion;Tunja;NGR;muzo_jurisdiccion_ngr;~~REDIRECT>muzo_jurisdiccion_ngr~~;NGTUMUJU;1559;1808;705;;;;Nuevo Reino de Granada;Jurisdiccion;;5.53213;-74.10278
JUNGTUPA;Paypa;Paypa @ Paipa @ Combita @ Boabita @ Moabita;Jurisdiccion;Tunja;NGR;paypa_jurisdiccion_ngr;~~REDIRECT>paypa_jurisdiccion_ngr~~;NGTUPAJU;1593;1808;706;;;;Nuevo Reino de Granada;Partido;;5.78124;-73.1176
JUNGTUSA;Sachica;Sachica @;Jurisdiccion;Tunja;NGR;sachica_jurisdiccion_ngr;~~REDIRECT>sachica_jurisdiccion_ngr~~;NGTUSAJU;1593;1808;707;;;;Nuevo Reino de Granada;Partido;;5.58307;-73.54247
JUNGTUSF;San Faustino de los Rios;San Faustino de los Rios @ Chinatos @ San Justino;Jurisdiccion;Tunja;NGR;san_faustino_de_los_rios_jurisdiccion_ngr;~~REDIRECT>san_faustino_de_los_rios_jurisdiccion_ngr~~;NGTUSFJU;1662;1808;708;;;;Nuevo Reino de Granada;Jurisdiccion;;8.06064;-72.40569
JUNGTUSO;Sogamoso;Sogamoso @ Sogamoso y Duitama;Jurisdiccion;Tunja;NGR;sogamoso_jurisdiccion_ngr;~~REDIRECT>sogamoso_jurisdiccion_ngr~~;NGTUSOJU;1593;1808;709;;;;Nuevo Reino de Granada;Jurisdiccion;;5.7143;-72.9339
JUNGTUST;Soata;Soata @;Jurisdiccion;Tunja;NGR;soata_jurisdiccion_ngr;~~REDIRECT>soata_jurisdiccion_ngr~~;NGTUSTJU;1593;1635;1607;;;;Nuevo Reino de Granada;indefinido;;90;0
JUNGTUTE;Tensa;Tensa @ Tenza @ Suta @ Ycabuca @ Icabuca @ Icabuco;Jurisdiccion;Tunja;NGR;tensa_jurisdiccion_ngr;~~REDIRECT>tensa_jurisdiccion_ngr~~;NGTUTEJU;1593;1808;710;;;;Nuevo Reino de Granada;Partido;;5.07694;-73.41996
JUNGTUTM;Turmeque;Turmeque @;Jurisdiccion;Tunja;NGR;turmeque_jurisdiccion_ngr;~~REDIRECT>turmeque_jurisdiccion_ngr~~;NGTUTMJU;1593;1808;711;;;;Nuevo Reino de Granada;Partido;;5.32424;-73.49059
JUNGTUTU;Tunja;Tunja @;Jurisdiccion;Tunja;NGR;tunja_jurisdiccion_ngr;~~REDIRECT>tunja_jurisdiccion_ngr~~;NGTUTUJU;1539;1808;712;;;;Nuevo Reino de Granada;Jurisdiccion;;5.53305;-73.36134
JUNGTUVP;Vetas de Pamplona;Vetas de Pamplona @ Bucaramanga @ Minas de Pamplona y Bucaramanga @ Betas @;Jurisdiccion;Pamplona;NGR;vetas_de_pamplona_jurisdiccion_ngr;~~REDIRECT>vetas_de_pamplona_jurisdiccion_ngr~~;NGTUVPJU;1701;1794;713;;;;Nuevo Reino de Granada;Partido;;7.11855;-73.12248
JUNGVEAL;Alange;Alange @ Alanje @ Al Angel @ Alanxe @ Alhanxe @ Provincia de Chiriqui;Jurisdiccion;Panama;TFI;alange_jurisdiccion_ngr;~~REDIRECT>alange_jurisdiccion_ngr~~;NGVEALJU;1701;1808;714;;;;Tierra Firme;Jurisdiccion;;8.4008;-82.5571
JUNGVERE;Pueblo Nuevo;Pueblo Nuevo @ Remedios;Jurisdiccion;Panama;TFI;pueblo_nuevo_jurisdiccion_ngr;~~REDIRECT>pueblo_nuevo_jurisdiccion_ngr~~;NGVEREJU;1701;1756;1418;;;;Tierra Firme;Jurisdiccion;;8.22601;-81.8322
JUNGVEVE;Veragua;Veragua @ Veraguas;Jurisdiccion;Panama;TFI;veragua_jurisdiccion_ngr;~~REDIRECT>veragua_jurisdiccion_ngr~~;NGVEVEJU;1701;1808;715;;;;Tierra Firme;Jurisdiccion;;8.10932;-80.98146
JUPEARAC;Arica;Arica @ San Marcos de Arica @ Ilo, Tarapacá y Arica;Jurisdiccion;Arequipa;PER;arica_jurisdiccion_per;~~REDIRECT>arica_jurisdiccion_per~~;PEARACJU;1583;1808;716;;;;Peru;Jurisdiccion;;-18.47802;-70.32072
JUPEARAR;Arequipa;Arequipa @;Jurisdiccion;Arequipa;PER;arequipa_jurisdiccion_per;~~REDIRECT>arequipa_jurisdiccion_per~~;PEARARJU;1583;1808;717;;;;Peru;Jurisdiccion;;-16.39822;-71.53673
JUPEARCA;Camana;Camana @;Jurisdiccion;Arequipa;PER;camana_jurisdiccion_per;~~REDIRECT>camana_jurisdiccion_per~~;PEARCAJU;1583;1808;718;;;;Peru;Jurisdiccion;;-16.62243;-72.71077
JUPEARCG;Collaguas;Collaguas @ Cailloma @ Cabanaconde;Jurisdiccion;Arequipa;PER;collaguas_jurisdiccion_per;~~REDIRECT>collaguas_jurisdiccion_per~~;PEARCGJU;1583;1808;719;;;;Peru;Jurisdiccion;;-15.18983;-71.77264
JUPEARCS;Condesuyos;Condesuyos @;Jurisdiccion;Arequipa;PER;condesuyos_jurisdiccion_per;~~REDIRECT>condesuyos_jurisdiccion_per~~;PEARCSJU;1583;1808;720;;;;Peru;Jurisdiccion;;-15.84147;-72.65165
JUPEARCV;Characato y Vitor;Characato y Vitor @;Jurisdiccion;Arequipa;PER;characato_y_vitor_jurisdiccion_per;~~REDIRECT>characato_y_vitor_jurisdiccion_per~~;PEARCVJU;1565;1635;1736;;;;Peru;indefinido;;90;0
JUPEARMO;Moquegua;Moquegua @ Carumas y Ubinas @ Collesuyo @ Moqueua @ Moquehua @ Ubinas;Jurisdiccion;Arequipa;PER;moquegua_jurisdiccion_per;~~REDIRECT>moquegua_jurisdiccion_per~~;PEARMOJU;1583;1808;721;;;;Peru;Jurisdiccion;;-16.38673;-70.85716
JUPEARTA;Tarapaca;Tarapaca @;Jurisdiccion;Arequipa;PER;tarapaca_jurisdiccion_per;~~REDIRECT>tarapaca_jurisdiccion_per~~;PEARTAJU;1701;1808;722;;;;Peru;Jurisdiccion;;-19.9249;-69.5106
JUPECUAB;Abancay;Abancay @ Anta;Jurisdiccion;Cuzco;PER;abancay_jurisdiccion_per;~~REDIRECT>abancay_jurisdiccion_per~~;PECUABJU;1583;1808;723;;;;Peru;Jurisdiccion;;-13.63335;-72.88331
JUPECUAY;Aymaraes;Aymaraes @;Jurisdiccion;Cuzco;PER;aymaraes_jurisdiccion_per;~~REDIRECT>aymaraes_jurisdiccion_per~~;PECUAYJU;1583;1808;724;;;;Peru;Jurisdiccion;;-14.29493;-73.24415
JUPECUCB;Cotabambas;Cotabambas @ Omasayos @ Cotabambas y Omsuyos;Jurisdiccion;Cuzco;PER;cotabambas_jurisdiccion_per;~~REDIRECT>cotabambas_jurisdiccion_per~~;PECUCBJU;1583;1808;725;;;;Peru;Jurisdiccion;;-13.94618;-72.17461
JUPECUCH;Chumbivilcas;Chumbivilcas @ Condesuyos de Cuzco @ Chumbibilcas;Jurisdiccion;Cuzco;PER;chumbivilcas_jurisdiccion_per;~~REDIRECT>chumbivilcas_jurisdiccion_per~~;PECUCHJU;1583;1808;726;;;;Peru;Jurisdiccion;;-14.45035;-72.08182
JUPECUCL;Calca y Lares;Calca y Lares @ Calcailares @ Yucay @ valle de Yucao;Jurisdiccion;Cuzco;PER;calca_y_lares_jurisdiccion_per;~~REDIRECT>calca_y_lares_jurisdiccion_per~~;PECUCLJU;1574;1808;727;;;;Peru;Jurisdiccion;;-13.32131;-71.95584
JUPECUCU;Cuzco;Cuzco @;Jurisdiccion;Cuzco;PER;cuzco_jurisdiccion_per;~~REDIRECT>cuzco_jurisdiccion_per~~;PECUCUJU;1548;1808;728;;;146760655;Peru;Jurisdiccion;;-13.51672;-71.97888
JUPECUPA;Chilques y Masques;Chilques y Masques @ Paruro;Jurisdiccion;Cuzco;PER;chilques_y_masques_jurisdiccion_per;~~REDIRECT>chilques_y_masques_jurisdiccion_per~~;PECUPAJU;1583;1808;729;;;;Peru;Jurisdiccion;;-13.76152;-71.84768
JUPECUPT;Paucartambo;Paucartambo @ Los Andes @ Andes del Cuzco;Jurisdiccion;Cuzco;PER;paucartambo_jurisdiccion_per;~~REDIRECT>paucartambo_jurisdiccion_per~~;PECUPTJU;1583;1808;730;;;;Peru;Jurisdiccion;;-13.31759;-71.59574
JUPECUQU;Quispicanchis;Quispicanchis @ Andahuaylillas @ Quispicanche @ Canches @ Canchis;Jurisdiccion;Cuzco;PER;quispicanchis_jurisdiccion_per;~~REDIRECT>quispicanchis_jurisdiccion_per~~;PECUQUJU;1583;1808;731;;;;Peru;Jurisdiccion;;-13.68785;-71.62563
JUPECUTI;Tinta;Tinta @ Canas y Canchis @ Canas @ Canas y Canches;Jurisdiccion;Cuzco;PER;tinta_jurisdiccion_per;~~REDIRECT>tinta_jurisdiccion_per~~;PECUTIJU;1583;1808;732;;;;Peru;Jurisdiccion;;-14.14473;-71.40634
JUPECUUR;Urubamba;Urubamba @;Jurisdiccion;Cuzco;PER;urubamba_jurisdiccion_per;~~REDIRECT>urubamba_jurisdiccion_per~~;PECUURJU;1741;1808;733;;;;Peru;Jurisdiccion;;-13.30573;-72.11577
JUPECUVI;Vilcabamba;Vilcabamba @;Jurisdiccion;Cuzco;PER;vilcabamba_jurisdiccion_per;~~REDIRECT>vilcabamba_jurisdiccion_per~~;PECUVIJU;1572;1808;734;;;;Peru;Jurisdiccion;;-13.12363;-72.9621
JUPEHUAH;Andahuaylas;Andahuaylas @;Jurisdiccion;Huamanga;PER;andahuaylas_jurisdiccion_per;~~REDIRECT>andahuaylas_jurisdiccion_per~~;PEHUAHJU;1583;1808;735;;;;Peru;Jurisdiccion;;-13.65733;-73.38328
JUPEHUAN;Anco;Anco @;Jurisdiccion;Huamanga;PER;anco_jurisdiccion_per;~~REDIRECT>anco_jurisdiccion_per~~;PEHUANJU;1784;1808;736;;;;Peru;Jurisdiccion;;-13.11662;-73.69042
JUPEHUCA;Cangallo;Cangallo @ Vilcas Huaman @ Vilcashuaman @ Hananchilques;Jurisdiccion;Huamanga;PER;cangallo_jurisdiccion_per;~~REDIRECT>cangallo_jurisdiccion_per~~;PEHUCAJU;1583;1808;737;;;;Peru;Jurisdiccion;;-13.65306;-73.95394
JUPEHUHT;Huanta;Huanta @ Azangaro @ Asangaro;Jurisdiccion;Huamanga;PER;huanta_jurisdiccion_per;~~REDIRECT>huanta_jurisdiccion_per~~;PEHUHTJU;1583;1808;738;;;;Peru;Jurisdiccion;;-12.93873;-74.24751
JUPEHUHU;Huamanga;Huamanga @;Jurisdiccion;Huamanga;PER;huamanga_jurisdiccion_per;~~REDIRECT>huamanga_jurisdiccion_per~~;PEHUHUJU;1565;1808;739;;;;Peru;Jurisdiccion;;-13.16076;-74.2249
JUPEHULU;Lucanas;Lucanas @ Lucanas, Soros y Andamarcas;Jurisdiccion;Huamanga;PER;lucanas_jurisdiccion_per;~~REDIRECT>lucanas_jurisdiccion_per~~;PEHULUJU;1583;1808;740;;;;Peru;Jurisdiccion;;-14.62042;-74.23257
JUPEHUPA;Parinacochas;Parinacochas @;Jurisdiccion;Huamanga;PER;parinacochas_jurisdiccion_per;~~REDIRECT>parinacochas_jurisdiccion_per~~;PEHUPAJU;1583;1808;741;;;;Peru;Jurisdiccion;;-15.01692;-73.7805
JUPEHVAN;Angaraes;Angaraes @ Angaraes y Chocorvos;Jurisdiccion;Huancavelica;PER;angaraes_jurisdiccion_per;~~REDIRECT>angaraes_jurisdiccion_per~~;PEHVANJU;1568;1808;742;;;;Peru;Jurisdiccion;;-12.84287;-74.57041
JUPEHVCA;Castrovirreina;Castrovirreina @ Castrovirreyna;Jurisdiccion;Huancavelica;PER;castrovirreina_jurisdiccion_per;~~REDIRECT>castrovirreina_jurisdiccion_per~~;PEHVCAJU;1591;1808;743;;;;Peru;Jurisdiccion;;-13.27778;-75.31611
JUPEHVHV;Huancavelica;Huancavelica @;Jurisdiccion;Huancavelica;PER;huancavelica_jurisdiccion_per;~~REDIRECT>huancavelica_jurisdiccion_per~~;PEHVHVJU;1581;1808;744;;;;Peru;Jurisdiccion;;-12.7878;-74.97309
JUPEHVTA;Tayacaja;Tayacaja @;Jurisdiccion;Huancavelica;PER;tayacaja_jurisdiccion_per;~~REDIRECT>tayacaja_jurisdiccion_per~~;PEHVTAJU;1784;1808;745;;;;Peru;Jurisdiccion;;-12.39894;-74.86587
JUPELICA;Cañete;Cañete @;Jurisdiccion;Lima;PER;canete_jurisdiccion_per;~~REDIRECT>cañete_jurisdiccion_per~~;PELICAJU;1583;1808;746;;;;Peru;Jurisdiccion;;-13.07412;-76.36959
JUPELICH;Chancay;Chancay @ Arnedo;Jurisdiccion;Lima;PER;chancay_jurisdiccion_per;~~REDIRECT>chancay_jurisdiccion_per~~;PELICHJU;1583;1808;747;;;;Peru;Jurisdiccion;;-11.56312;-77.27134
JUPELICL;Cercado de Lima;Cercado de Lima @ Cercado;Jurisdiccion;Lima;PER;cercado_de_lima_jurisdiccion_per;~~REDIRECT>cercado_de_lima_jurisdiccion_per~~;PELICLJU;1591;1808;748;;;;Peru;Jurisdiccion;;-12.04665;-77.02998
JUPELICN;Canta;Canta @;Jurisdiccion;Lima;PER;canta_jurisdiccion_per;~~REDIRECT>canta_jurisdiccion_per~~;PELICNJU;1583;1808;749;;;;Peru;Jurisdiccion;;-11.46859;-76.62114
JUPELICO;Callao;Callao @;Jurisdiccion;Lima;PER;callao_jurisdiccion_per;~~REDIRECT>callao_jurisdiccion_per~~;PELICOJU;1701;1808;750;;;;Peru;Jurisdiccion;;-12.06275;-77.14885
JUPELIHU;Huarochiri;Huarochiri @ Guaruquiri;Jurisdiccion;Lima;PER;huarochiri_jurisdiccion_per;~~REDIRECT>huarochiri_jurisdiccion_per~~;PELIHUJU;1583;1808;751;;;;Peru;Jurisdiccion;;-12.13844;-76.23211
JUPELIIC;Ica;Ica @ Yca y Pisco @ Ica y Pisco;Jurisdiccion;Lima;PER;ica_jurisdiccion_per;~~REDIRECT>ica_jurisdiccion_per~~;PELIICJU;1583;1808;752;;;;Peru;Jurisdiccion;;-14.06388;-75.72912
JUPELILI;Lima;Lima @;Jurisdiccion;Lima;PER;lima_jurisdiccion_per;~~REDIRECT>lima_jurisdiccion_per~~;PELILIJU;1111;1808;753;;;;Peru;indefinido;;-12.04665;-77.02998
JUPELISA;Santa;Santa @;Jurisdiccion;Lima;PER;santa_jurisdiccion_per;~~REDIRECT>santa_jurisdiccion_per~~;PELISAJU;1583;1808;754;;;;Peru;Jurisdiccion;;-8.98686;-78.61414
JUPELIYA;Yauyos;Yauyos @;Jurisdiccion;Lima;PER;yauyos_jurisdiccion_per;~~REDIRECT>yauyos_jurisdiccion_per~~;PELIYAJU;1583;1808;755;;;;Peru;Jurisdiccion;;-12.45989;-75.91801
JUPETACA;Cajatambo;Cajatambo @;Jurisdiccion;Tarma;PER;cajatambo_jurisdiccion_per;~~REDIRECT>cajatambo_jurisdiccion_per~~;PETACAJU;1583;1808;756;;;;Peru;Jurisdiccion;;-10.47296;-76.99211
JUPETACO;Conchucos;Conchucos @;Jurisdiccion;Tarma;PER;conchucos_jurisdiccion_per;~~REDIRECT>conchucos_jurisdiccion_per~~;PETACOJU;1583;1808;757;;;;Peru;Jurisdiccion;;-9.34821;-77.17089
JUPETAHM;Huamalies;Huamalies @;Jurisdiccion;Tarma;PER;huamalies_jurisdiccion_per;~~REDIRECT>huamalies_jurisdiccion_per~~;PETAHMJU;1583;1808;758;;;;Peru;Jurisdiccion;;-9.55056;-76.8157
JUPETAHN;Huanuco;Huanuco @;Jurisdiccion;Tarma;PER;huanuco_jurisdiccion_per;~~REDIRECT>huanuco_jurisdiccion_per~~;PETAHNJU;1583;1808;759;;;;Peru;Jurisdiccion;;-9.92988;-76.24306
JUPETAHY;Huaylas;Huaylas @;Jurisdiccion;Tarma;PER;huaylas_jurisdiccion_per;~~REDIRECT>huaylas_jurisdiccion_per~~;PETAHYJU;1583;1808;760;;;;Peru;Jurisdiccion;;-9.52963;-77.5289
JUPETAJA;Jauja;Jauja @ Xauxa;Jurisdiccion;Tarma;PER;jauja_jurisdiccion_per;~~REDIRECT>jauja_jurisdiccion_per~~;PETAJAJU;1583;1808;761;;;;Peru;Jurisdiccion;;-11.77595;-75.50021
JUPETAPA;Panatahuas;Panatahuas @ Conversiones de Huanuco @ Panatavas;Jurisdiccion;Tarma;PER;panatahuas_jurisdiccion_per;~~REDIRECT>panatahuas_jurisdiccion_per~~;PETAPAJU;1701;1808;762;;;;Peru;Jurisdiccion;;-9.89796;-75.99376
JUPETATA;Tarma;Tarma @ Tarma y Chinchaycocha @ Jarama y Chinchaycocha;Jurisdiccion;Tarma;PER;tarma_jurisdiccion_per;~~REDIRECT>tarma_jurisdiccion_per~~;PETATAJU;1583;1808;763;;;;Peru;Jurisdiccion;;-11.41817;-75.68667
JUPETRCA;Cajamarca;Cajamarca @;Jurisdiccion;Trujillo;PER;cajamarca_jurisdiccion_per;~~REDIRECT>cajamarca_jurisdiccion_per~~;PETRCAJU;1565;1808;764;;;;Peru;Jurisdiccion;;-7.15676;-78.51802
JUPETRCC;Chimo y Chicama;Chimo y Chicama @ Chicama y Pacasmayo @ Valle de Chicama @ Chicama y Chimo @ Chicama y Chiclayo @ Chiclayo;Jurisdiccion;Trujillo;PER;chimo_y_chicama_jurisdiccion_per;~~REDIRECT>chimo_y_chicama_jurisdiccion_per~~;PETRCCJU;1583;1634;1452;;;;Peru;indefinido;;90;0
JUPETRCH;Chachapoyas;Chachapoyas @ Chachapoyas y Moyobamba @ Chachapoyas, Moyobamba y Pacllas @ Chachapoyas, Moyobamba y Lamas @ Chachapoyas, Moyobamba, Lamas y Leymebamba;Jurisdiccion;Trujillo;PER;chachapoyas_jurisdiccion_per;~~REDIRECT>chachapoyas_jurisdiccion_per~~;PETRCHJU;1565;1808;765;;;;Peru;Jurisdiccion;;-6.22994;-77.87193
JUPETRHB;Huambos;Huambos @ Chota;Jurisdiccion;Trujillo;PER;huambos_jurisdiccion_per;~~REDIRECT>huambos_jurisdiccion_per~~;PETRHBJU;1787;1808;766;;;;Peru;Jurisdiccion;;-6.45323;-78.96132
JUPETRHM;Huamachuco;Huamachuco @;Jurisdiccion;Trujillo;PER;huamachuco_jurisdiccion_per;~~REDIRECT>huamachuco_jurisdiccion_per~~;PETRHMJU;1759;1808;767;;;;Peru;Jurisdiccion;;-7.81185;-78.04886
JUPETRLU;Luya y Chillaos;Luya y Chillaos @;Jurisdiccion;Trujillo;PER;luya_y_chillaos_jurisdiccion_per;~~REDIRECT>luya_y_chillaos_jurisdiccion_per~~;PETRLUJU;1583;1808;768;;;;Peru;Jurisdiccion;;-6.11411;-78.06183
JUPETRPA;Pataz;Pataz @ Cajamarquilla @ Caxamarquilla @ Cajamarquilla y Collay @ Cajamarquilla, Collay y Leymebamba;Jurisdiccion;Trujillo;PER;pataz_jurisdiccion_per;~~REDIRECT>pataz_jurisdiccion_per~~;PETRPAJU;1583;1808;769;;;;Peru;Jurisdiccion;;-7.15395;-77.70263
JUPETRPC;Pacllas;Pacllas @ Los Pacllas;Jurisdiccion;Trujillo;PER;pacllas_jurisdiccion_per;~~REDIRECT>pacllas_jurisdiccion_per~~;PETRPCJU;1565;1700;1738;;;;Peru;indefinido;;90;0
JUPETRPI;Piura;Piura @ Piura y Paita;Jurisdiccion;Trujillo;PER;piura_jurisdiccion_per;~~REDIRECT>piura_jurisdiccion_per~~;PETRPIJU;1565;1808;770;;;255147118198526341037;Peru;Jurisdiccion;;-5.17985;-80.64966
JUPETRSA;Saña;Saña @ Lambayeque @;Jurisdiccion;Trujillo;PER;sana_jurisdiccion_per;~~REDIRECT>saña_jurisdiccion_per~~;PETRSAJU;1565;1808;771;;;;Peru;Jurisdiccion;;-6.70342;-79.90611
JUPETRTR;Trujillo;Trujillo @;Jurisdiccion;Trujillo;PER;trujillo_jurisdiccion_per;~~REDIRECT>trujillo_jurisdiccion_per~~;PETRTRJU;1583;1808;772;;;;Peru;Jurisdiccion;;-8.1117;-79.02876
JUQUCHCH;Chimbo;Chimbo @ Guaranda;Jurisdiccion;Quito;QUI;chimbo_jurisdiccion_qui;~~REDIRECT>chimbo_jurisdiccion_qui~~;QUCHCHJU;1565;1808;773;;;;Quito;Jurisdiccion;;-1.59247;-79.00194
JUQUCUAL;Alausi;Alausi @;Jurisdiccion;Cuenca;QUI;alausi_jurisdiccion_qui;~~REDIRECT>alausi_jurisdiccion_qui~~;QUCUALJU;1701;1808;774;;;;Quito;Partido;;-2.20063;-78.84582
JUQUCUCU;Cuenca;Cuenca @;Jurisdiccion;Cuenca;QUI;cuenca_jurisdiccion_qui;~~REDIRECT>cuenca_jurisdiccion_qui~~;QUCUCUJU;1557;1808;775;;;;Quito;Partido;;-2.89752;-79.00442
JUQUGQBB;Baba;Baba @;Jurisdiccion;Guayaquil;QUI;baba_jurisdiccion_qui;~~REDIRECT>baba_jurisdiccion_qui~~;QUGQBBJU;1701;1808;776;;;;Quito;Jurisdiccion;;-1.7831;-79.67932
JUQUGQBH;Babahoyo;Babahoyo @ Ojiba;Jurisdiccion;Guayaquil;QUI;babahoyo_jurisdiccion_qui;~~REDIRECT>babahoyo_jurisdiccion_qui~~;QUGQBHJU;1701;1808;777;;;;Quito;Jurisdiccion;;-1.79894;-79.53227
JUQUGQBZ;Balzar;Balzar @;Jurisdiccion;Guayaquil;QUI;balzar_jurisdiccion_qui;~~REDIRECT>balzar_jurisdiccion_qui~~;QUGQBZJU;1754;1808;778;;;;Quito;Jurisdiccion;;-1.36466;-79.9041
JUQUGQCA;La Canoa;La Canoa @ Caraquez;Jurisdiccion;Guayaquil;QUI;la_canoa_jurisdiccion_qui;~~REDIRECT>la_canoa_jurisdiccion_qui~~;QUGQCAJU;1562;1808;779;;;;Quito;Jurisdiccion;;-0.46191;-80.4564
JUQUGQDA;Daule;Daule @;Jurisdiccion;Guayaquil;QUI;daule_jurisdiccion_qui;~~REDIRECT>daule_jurisdiccion_qui~~;QUGQDAJU;1701;1808;780;;;;Quito;Jurisdiccion;;-1.86696;-79.97809
JUQUGQGQ;Guayaquil;Guayaquil @;Jurisdiccion;Guayaquil;QUI;guayaquil_jurisdiccion_qui;~~REDIRECT>guayaquil_jurisdiccion_qui~~;QUGQGQJU;1534;1808;781;;;;Quito;Jurisdiccion;;-2.19455;-79.88362
JUQUGQMA;Machala;Machala @;Jurisdiccion;Guayaquil;QUI;machala_jurisdiccion_qui;~~REDIRECT>machala_jurisdiccion_qui~~;QUGQMAJU;1783;1808;782;;;;Quito;Jurisdiccion;;-3.25871;-79.95957
JUQUGQNA;Naranjal;Naranjal @;Jurisdiccion;Guayaquil;QUI;naranjal_jurisdiccion_qui;~~REDIRECT>naranjal_jurisdiccion_qui~~;QUGQNAJU;1745;1808;783;;;;Quito;Jurisdiccion;;-2.67421;-79.61747
JUQUGQPA;Palenque;Palenque @;Jurisdiccion;Guayaquil;QUI;palenque_jurisdiccion_qui;~~REDIRECT>palenque_jurisdiccion_qui~~;QUGQPAJU;1754;1808;784;;;;Quito;Jurisdiccion;;-1.43288;-79.75555
JUQUGQPB;Puebloviejo;Puebloviejo @ Pueblo Viejo;Jurisdiccion;Guayaquil;QUI;puebloviejo_jurisdiccion_qui;~~REDIRECT>puebloviejo_jurisdiccion_qui~~;QUGQPBJU;1802;1808;785;;;;Quito;Jurisdiccion;;-1.55357;-79.5357
JUQUGQPU;La Puna;La Puna @ Isla de la Puna @ Machala;Jurisdiccion;Guayaquil;QUI;la_puna_jurisdiccion_qui;~~REDIRECT>la_puna_jurisdiccion_qui~~;QUGQPUJU;1534;1808;786;;;;Quito;Jurisdiccion;;-3.25871;-79.95957
JUQUGQPV;Puerto Viejo;Puerto Viejo @;Jurisdiccion;Guayaquil;QUI;puerto_viejo_jurisdiccion_qui;~~REDIRECT>puerto_viejo_jurisdiccion_qui~~;QUGQPVJU;1535;1808;787;;;;Quito;Jurisdiccion;;-1.0526;-80.45331
JUQUGQSB;Samborondon;Samborondon @ San Borondon @ San Barondon;Jurisdiccion;Guayaquil;QUI;samborondon_jurisdiccion_qui;~~REDIRECT>samborondon_jurisdiccion_qui~~;QUGQSBJU;1789;1808;788;;;;Quito;Jurisdiccion;;-1.96159;-79.72495
JUQUGQSE;Punta de Santa Elena;Punta de Santa Elena @;Jurisdiccion;Guayaquil;QUI;punta_de_santa_elena_jurisdiccion_qui;~~REDIRECT>punta_de_santa_elena_jurisdiccion_qui~~;QUGQSEJU;1701;1808;789;;;;Quito;Jurisdiccion;;-2.22666;-80.85678
JUQUGQYA;Yaguachi;Yaguachi @ Yaguache;Jurisdiccion;Guayaquil;QUI;yaguachi_jurisdiccion_qui;~~REDIRECT>yaguachi_jurisdiccion_qui~~;QUGQYAJU;1701;1808;790;;;;Quito;Jurisdiccion;;-2.16679;-79.64965
JUQUIBIB;Ibarra;Ibarra @;Jurisdiccion;Quito;QUI;ibarra_jurisdiccion_qui;~~REDIRECT>ibarra_jurisdiccion_qui~~;QUIBIBJU;1606;1808;791;;;;Quito;Jurisdiccion;;0.35052;-78.11799
JUQULOLO;Loja;Loja @;Jurisdiccion;Quito;QUI;loja_jurisdiccion_qui;~~REDIRECT>loja_jurisdiccion_qui~~;QULOLOJU;1548;1808;792;;;138814805;Quito;Jurisdiccion;;-3.99643;-79.2014
JUQULOZA;Zaruma;Zaruma @ Minas de Zaruma;Jurisdiccion;Quito;QUI;zaruma_jurisdiccion_qui;~~REDIRECT>zaruma_jurisdiccion_qui~~;QULOZAJU;1701;1808;793;;;;Quito;Jurisdiccion;;-3.69232;-79.61199
JUQULTLT;La Tacunga;La Tacunga @ Latacunga;Jurisdiccion;Quito;QUI;la_tacunga_jurisdiccion_qui;~~REDIRECT>la_tacunga_jurisdiccion_qui~~;QULTLTJU;1584;1808;794;;;;Quito;Jurisdiccion;;-0.93361;-78.61488
JUQUMCMC;Macas;Macas @ Sevilla de Oro;Jurisdiccion;Quijos;QUI;macas_jurisdiccion_qui;~~REDIRECT>macas_jurisdiccion_qui~~;QUMCMCJU;1554;1808;795;;;;Quito;Jurisdiccion;;-2.30466;-78.11863
JUQUOTOT;Otavalo;Otavalo @;Jurisdiccion;Quito;QUI;otavalo_jurisdiccion_qui;~~REDIRECT>otavalo_jurisdiccion_qui~~;QUOTOTJU;1535;1808;796;;;6887157643311238590003;Quito;Jurisdiccion;;0.22844;-78.26296
JUQUPOAL;Almaguer;Almaguer @;Jurisdiccion;Popayan;QUI;almaguer_jurisdiccion_qui;~~REDIRECT>almaguer_jurisdiccion_qui~~;QUPOALJU;1551;1808;797;;;;Quito;Jurisdiccion;;1.91401;-76.85537
JUQUPOBA;Barbacoas;Barbacoas @;Jurisdiccion;Popayan;QUI;barbacoas_jurisdiccion_qui;~~REDIRECT>barbacoas_jurisdiccion_qui~~;QUPOBAJU;1111;1808;798;;;;Quito;Jurisdiccion;;1.67175;-78.13751
JUQUPOBU;Buga;Buga @;Jurisdiccion;Popayan;QUI;buga_jurisdiccion_qui;~~REDIRECT>buga_jurisdiccion_qui~~;QUPOBUJU;1557;1808;799;;;;Quito;Jurisdiccion;;3.90006;-76.30201
JUQUPOCA;Cali;Cali @;Jurisdiccion;Popayan;QUI;cali_jurisdiccion_qui;~~REDIRECT>cali_jurisdiccion_qui~~;QUPOCAJU;1536;1808;800;;;;Quito;Jurisdiccion;;3.45144;-76.53233
JUQUPOCT;Caloto;Caloto @;Jurisdiccion;Popayan;QUI;caloto_jurisdiccion_qui;~~REDIRECT>caloto_jurisdiccion_qui~~;QUPOCTJU;1543;1808;801;;;;Quito;Jurisdiccion;;3.0337;-76.40852
JUQUPOIS;Iscuade;Iscuade @;Jurisdiccion;Popayan;QUI;iscuande_jurisdiccion_qui;~~REDIRECT>iscuande_jurisdiccion_qui~~;QUPOISJU;1764;1808;802;;;;Quito;Jurisdiccion;;2.45006;-77.98096
JUQUPOMI;Micay;Micay @;Jurisdiccion;Popayan;QUI;micay_jurisdiccion_qui;~~REDIRECT>micay_jurisdiccion_qui~~;QUPOMIJU;1793;1808;803;;;;Quito;Jurisdiccion;;2.84433;-77.2486
JUQUPOPA;Pasto;Pasto @ San Juan de Pasto;Jurisdiccion;Popayan;QUI;pasto_jurisdiccion_qui;~~REDIRECT>pasto_jurisdiccion_qui~~;QUPOPAJU;1539;1808;804;;;;Quito;Jurisdiccion;;1.21463;-77.27825
JUQUPOPO;Popayan;Popayan @;Jurisdiccion;Popayan;QUI;popayan_jurisdiccion_qui;~~REDIRECT>popayan_jurisdiccion_qui~~;QUPOPOJU;1540;1808;805;;;;Quito;Jurisdiccion;;2.44185;-76.60606
JUQUPOPS;Los Pastos;Los Pastos @;Jurisdiccion;Popayan;QUI;los_pastos_jurisdiccion_qui;~~REDIRECT>los_pastos_jurisdiccion_qui~~;QUPOPSJU;1111;1808;806;;;;Quito;Jurisdiccion;;1.08325;-77.61329
JUQUPOPZ;Paez;Paez @ Paeces @ Guanacas;Jurisdiccion;Popayan;QUI;paez_jurisdiccion_qui;~~REDIRECT>paez_jurisdiccion_qui~~;QUPOPZJU;1111;9999;807;;;;Quito;Jurisdiccion;;90;0
JUQUPORA;Raposo;Raposo @ El Raposo;Jurisdiccion;Popayan;QUI;raposo_jurisdiccion_qui;~~REDIRECT>raposo_jurisdiccion_qui~~;QUPORAJU;1111;1808;808;;;;Quito;Jurisdiccion;;3.87614;-76.92867
JUQUPOTU;Tumaco;Tumaco @;Jurisdiccion;Popayan;QUI;tumaco_jurisdiccion_qui;~~REDIRECT>tumaco_jurisdiccion_qui~~;QUPOTUJU;1764;1808;810;;;;Quito;Jurisdiccion;;1.80815;-78.76545
JUQUQUQU;Quito;Quito @;Jurisdiccion;Quito;QUI;quito_jurisdiccion_qui;~~REDIRECT>quito_jurisdiccion_qui~~;QUQUQUJU;1548;1808;811;;;;Quito;Jurisdiccion;;-0.22017;-78.51209
JUQURBAM;Ambato;Ambato @;Jurisdiccion;Quito;QUI;ambato_jurisdiccion_qui;~~REDIRECT>ambato_jurisdiccion_qui~~;QURBAMJU;1534;1808;812;;;;Quito;Jurisdiccion;;-1.24312;-78.62644
JUQURBRB;Riobamba;Riobamba @ Villa del Villar don Pardo;Jurisdiccion;Quito;QUI;riobamba_jurisdiccion_qui;~~REDIRECT>riobamba_jurisdiccion_qui~~;QURBRBJU;1534;1808;813;;;;Quito;Jurisdiccion;;-1.6744;-78.64595
JURPBABA;Buenos Aires;Buenos Aires @;Jurisdiccion;Buenos Aires;RPL;buenos_aires_jurisdiccion_rpl;~~REDIRECT>buenos_aires_jurisdiccion_rpl~~;RPBABAJU;1701;1808;814;;;;Rio de la Plata;Jurisdiccion;;-34.6079;-58.37322
JURPBACR;Corrientes;Corrientes @;Jurisdiccion;Buenos Aires;RPL;corrientes_jurisdiccion_rpl;~~REDIRECT>corrientes_jurisdiccion_rpl~~;RPBACRJU;1701;1808;815;;;;Rio de la Plata;Jurisdiccion;;-27.47203;-58.83287
JURPBAER;Entrerrios;Entrerrios @;Jurisdiccion;Buenos Aires;RPL;entrerrios_jurisdiccion_rpl;~~REDIRECT>entrerrios_jurisdiccion_rpl~~;RPBAERJU;1701;1808;816;;;;Rio de la Plata;Jurisdiccion;;-33.14646;-59.31303
JURPBASF;Santa Fe;Santa Fe @;Jurisdiccion;Buenos Aires;RPL;santa_fe_jurisdiccion_rpl;~~REDIRECT>santa_fe_jurisdiccion_rpl~~;RPBASFJU;1701;1808;817;;;;Rio de la Plata;Jurisdiccion;;-31.61845;-60.70297
JURPBOBO;Banda Oriental;Banda Oriental @ Campaña interior y de frontera;Jurisdiccion;Banda Oriental;RPL;banda_oriental_jurisdiccion_rpl;~~REDIRECT>banda_oriental_jurisdiccion_rpl~~;RPBOBOJU;1701;1808;818;;;;Rio de la Plata;Jurisdiccion;;90;0
JURPBOIC;Isla Catalina;Isla Catalina @ Isla Catarina;Jurisdiccion;Banda Oriental;RPL;isla_catalina_jurisdiccion_rpl;~~REDIRECT>isla_catalina_jurisdiccion_rpl~~;RPBOICJU;1777;1777;819;;;;Rio de la Plata;Jurisdiccion;;90;0
JURPBOMV;Montevideo;Montevideo @ Uruguay;Jurisdiccion;Banda Oriental;RPL;montevideo_jurisdiccion_rpl;~~REDIRECT>montevideo_jurisdiccion_rpl~~;RPBOMVJU;1726;1808;820;;;;Rio de la Plata;Jurisdiccion;;-34.90725;-56.20442
JURPCOCO;Cordoba;Cordoba @;Jurisdiccion;Cordoba;RPL;cordoba_jurisdiccion_rpl;~~REDIRECT>cordoba_jurisdiccion_rpl~~;RPCOCOJU;1701;1808;821;;;;Rio de la Plata;Jurisdiccion;;-31.4213;-64.18855
JURPCOLR;La Rioja;La Rioja @;Jurisdiccion;Cordoba;RPL;la_rioja_jurisdiccion_rpl;~~REDIRECT>la_rioja_jurisdiccion_rpl~~;RPCOLRJU;1701;1808;822;;;;Rio de la Plata;Jurisdiccion;;-29.41568;-66.85591
JURPCOME;Mendoza;Mendoza @;Jurisdiccion;Cordoba;RPL;mendoza_jurisdiccion_rpl;~~REDIRECT>mendoza_jurisdiccion_rpl~~;RPCOMEJU;1701;1808;823;;;;Rio de la Plata;Jurisdiccion;;-32.88973;-68.8443
JURPCOSJ;San Juan;San Juan @;Jurisdiccion;Cordoba;RPL;san_juan_jurisdiccion_rpl;~~REDIRECT>san_juan_jurisdiccion_rpl~~;RPCOSJJU;1701;1808;824;;;;Rio de la Plata;Jurisdiccion;;-31.53704;-68.52502
JURPCOSL;San Luis;San Luis @;Jurisdiccion;Cordoba;RPL;san_luis_jurisdiccion_rpl;~~REDIRECT>san_luis_jurisdiccion_rpl~~;RPCOSLJU;1701;1808;825;;;;Rio de la Plata;Jurisdiccion;;-33.30197;-66.33699
JURPMAMA;Malvinas;Malvinas @;Jurisdiccion;Buenos Aires;RPL;malvinas_jurisdiccion_rpl;~~REDIRECT>malvinas_jurisdiccion_rpl~~;RPMAMAJU;1766;1808;826;;;;Rio de la Plata;Jurisdiccion;;-51.52888;-58.12772
JURPMICA;Candelaria;Candelaria @ Misiones guaranies;Jurisdiccion;Misiones;RPL;candelaria_jurisdiccion_rpl;~~REDIRECT>candelaria_jurisdiccion_rpl~~;RPMICAJU;1701;1808;827;;;;Rio de la Plata;Jurisdiccion;;-27.4629;-55.745
JURPMICO;Concepcion;Concepcion @;Jurisdiccion;Misiones;RPL;concepcion_jurisdiccion_rpl;~~REDIRECT>concepcion_jurisdiccion_rpl~~;RPMICOJU;1773;1808;828;;;;Rio de la Plata;Jurisdiccion;;-27.98059;-55.5216
JURPMISA;Santiago;Santiago @;Jurisdiccion;Misiones;RPL;santiago_jurisdiccion_rpl;~~REDIRECT>santiago_jurisdiccion_rpl~~;RPMISAJU;1770;1808;829;;;;Rio de la Plata;Jurisdiccion;;-27.14103;-56.76533
JURPMISM;San Miguel;San Miguel @;Jurisdiccion;Misiones;RPL;san_miguel_jurisdiccion_rpl;~~REDIRECT>san_miguel_jurisdiccion_rpl~~;RPMISMJU;1768;1808;830;;;;Rio de la Plata;Jurisdiccion;;-28.54864;-54.55525
JURPMIYA;Yapeyu;Yapeyu @;Jurisdiccion;Misiones;RPL;yapeyu_jurisdiccion_rpl;~~REDIRECT>yapeyu_jurisdiccion_rpl~~;RPMIYAJU;1770;1808;831;;;;Rio de la Plata;Jurisdiccion;;-29.46669;-56.8164
JURPPAAS;Asuncion;Asuncion @;Jurisdiccion;Paraguay;RPL;asuncion_jurisdiccion_rpl;~~REDIRECT>asuncion_jurisdiccion_rpl~~;RPPAASJU;1701;1808;832;;;;Rio de la Plata;Jurisdiccion;;-25.28156;-57.63255
JURPPACU;Curuguaty;Curuguaty @;Partido;Paraguay;RPL;curuguaty_partido_rpl;~~REDIRECT>curuguaty_partido_rpl~~;RPPACUJU;1716;1808;833;;;;Rio de la Plata;Partido;;-24.47074;-55.69356
JURPPAES;Villarrica;Villarrica @ Espiritu Santo;Partido;Paraguay;RPL;villarrica_partido_rpl;~~REDIRECT>villarrica_partido_rpl~~;RPPAESJU;1701;1808;834;;;;Rio de la Plata;Partido;;-25.78134;-56.44784
JURPPAYC;Ycuamandiyu;Ycuamandiyu @;Partido;Paraguay;RPL;ycuamandiyu_partido_rpl;~~REDIRECT>ycuamandiyu_partido_rpl~~;RPPAYCJU;1784;1808;835;;;;Rio de la Plata;Partido;;-24.09019;-57.07668
JURPPGPG;Patagones;Patagones @;Jurisdiccion;Buenos Aires;RPL;patagones_jurisdiccion_rpl;~~REDIRECT>patagones_jurisdiccion_rpl~~;RPPGPGJU;1779;1808;836;;;;Rio de la Plata;Jurisdiccion;;-40.7989;-62.9827
JURPSACT;Catamarca;Catamarca @;Jurisdiccion;Salta;RPL;catamarca_jurisdiccion_rpl;~~REDIRECT>catamarca_jurisdiccion_rpl~~;RPSACTJU;1701;1808;837;;;;Rio de la Plata;Jurisdiccion;;-28.4689;-65.77907
JURPSAES;Santiago del Estero;Santiago del Estero @;Jurisdiccion;Salta;RPL;santiago_del_estero_jurisdiccion_rpl;~~REDIRECT>santiago_del_estero_jurisdiccion_rpl~~;RPSAESJU;1701;1808;838;;;;Rio de la Plata;Jurisdiccion;;-27.78774;-64.25904
JURPSAJU;Jujuy;Jujuy @;Jurisdiccion;Salta;RPL;jujuy_jurisdiccion_rpl;~~REDIRECT>jujuy_jurisdiccion_rpl~~;RPSAJUJU;1701;1808;839;;;;Rio de la Plata;Jurisdiccion;;-24.18547;-65.29929
JURPSANO;Nueva Oran;Nueva Oran @;Jurisdiccion;Salta;RPL;nueva_oran_jurisdiccion_rpl;~~REDIRECT>nueva_oran_jurisdiccion_rpl~~;RPSANOJU;1795;1808;840;;;;Rio de la Plata;Jurisdiccion;;-23.13996;-64.32143
JURPSAPU;La Puna;La Puna @ Omaguaca, Casabindo y Cochinoca @ valle de Humahuaca @ Humahuaca, Casabindo y Cochinoca @ Rinconada @ Valle Rico y Rinconada @ Valle Rico, Rinconada y Yavi;Jurisdiccion;Salta;RPL;la_puna_jurisdiccion_rpl;~~REDIRECT>la_puna_jurisdiccion_rpl~~;RPSAPUJU;1595;1808;841;;;;Rio de la Plata;Jurisdiccion;;-21.94527;-66.05261
JURPSASA;Salta;Salta @;Jurisdiccion;Salta;RPL;salta_jurisdiccion_rpl;~~REDIRECT>salta_jurisdiccion_rpl~~;RPSASAJU;1701;1808;842;;;;Rio de la Plata;Jurisdiccion;;-24.78928;-65.41058
JURPSASM;San Miguel de Tucuman;San Miguel de Tucuman @;Jurisdiccion;Salta;RPL;san_miguel_de_tucuman_jurisdiccion_rpl;~~REDIRECT>san_miguel_de_tucuman_jurisdiccion_rpl~~;RPSASMJU;1701;1808;843;;;;Rio de la Plata;Jurisdiccion;;-26.83025;-65.20424
JUSDCUBC;Baracoa;Baracoa @;Jurisdiccion;Cuba;SDO;baracoa_jurisdiccion_sdo;~~REDIRECT>baracoa_jurisdiccion_sdo~~;SDCUBCJU;1701;1808;844;;;;Santo Domingo;Jurisdiccion;;20.35103;-74.49926
JUSDCUBY;Bayamo;Bayamo @;Jurisdiccion;Cuba;SDO;bayamo_jurisdiccion_sdo;~~REDIRECT>bayamo_jurisdiccion_sdo~~;SDCUBYJU;1701;1808;845;;;;Santo Domingo;Jurisdiccion;;20.38017;-76.64259
JUSDCUCU;Cuba;Cuba @ Santiago de Cuba;Jurisdiccion;Cuba;SDO;cuba_jurisdiccion_sdo;~~REDIRECT>cuba_jurisdiccion_sdo~~;SDCUCUJU;1701;1808;846;;;;Santo Domingo;Jurisdiccion;;20.0218;-75.8222
JUSDCUHO;Holguin;Holguin @;Partido;Cuba;SDO;holguin_partido_sdo;~~REDIRECT>holguin_partido_sdo~~;SDCUHOJU;1752;1808;847;;;;Santo Domingo;Partido;;20.88672;-76.25891
JUSDCUPP;Puerto Principe;Puerto Principe @;Jurisdiccion;Cuba;SDO;puerto_principe_jurisdiccion_sdo;~~REDIRECT>puerto_principe_jurisdiccion_sdo~~;SDCUPPJU;1701;1808;848;;;;Santo Domingo;Jurisdiccion;;21.38568;-77.9144
JUSDCVRE;Remedios;Remedios @ Cayo;Partido;La Habana;SDO;remedios_partido_sdo;~~REDIRECT>remedios_partido_sdo~~;SDCVREJU;1701;1808;849;;;;Santo Domingo;Partido;;22.49525;-79.54523
JUSDCVSS;Sancti Espiritus;Sancti Espiritus @ Sancti Spiritus @ Santispiritus @ Sanctispiritus;Jurisdiccion;La Habana;SDO;sancti_espiritus_jurisdiccion_sdo;~~REDIRECT>sancti_espiritus_jurisdiccion_sdo~~;SDCVSSJU;1701;1808;850;;;;Santo Domingo;Partido;;21.92799;-79.44312
JUSDCVTR;Trinidad;Trinidad @;Jurisdiccion;La Habana;SDO;trinidad_jurisdiccion_sdo;~~REDIRECT>trinidad_jurisdiccion_sdo~~;SDCVTRJU;1701;1808;851;;;;Santo Domingo;Partido;;21.80064;-79.98489
JUSDCVVC;Santa Clara;Santa Clara @ Villaclara @ Pueblo Nuevo;Jurisdiccion;La Habana;SDO;santa_clara_jurisdiccion_sdo;~~REDIRECT>santa_clara_jurisdiccion_sdo~~;SDCVVCJU;1701;1808;852;;;;Santo Domingo;Partido;;22.40656;-79.96505
JUSDFLFE;Florida oriental;Florida oriental @ San Agustin @ Presidio de San Agustin;Jurisdiccion;Florida;SDO;florida_oriental_jurisdiccion_sdo;~~REDIRECT>florida_oriental_jurisdiccion_sdo~~;SDFLFEJU;1701;1808;853;;;;Santo Domingo;Jurisdiccion;;29.8947;-81.3145
JUSDFLFW;Florida occidental;Florida occidental @ Pensacola @ Penzacola;Jurisdiccion;Florida;SDO;florida_occidental_jurisdiccion_sdo;~~REDIRECT>florida_occidental_jurisdiccion_sdo~~;SDFLFWJU;1698;1808;854;;;;Santo Domingo;Jurisdiccion;;30.42084;-87.21724
JUSDLHCV;Cuatro Villas;Cuatro Villas @ Cuatro Lugares @ Trinidad;Jurisdiccion;La Habana;SDO;cuatro_villas_jurisdiccion_sdo;~~REDIRECT>cuatro_villas_jurisdiccion_sdo~~;SDLHCVJU;1111;1808;855;;;;Santo Domingo;Jurisdiccion;;21.80064;-79.98489
JUSDLHFI;Filipinas;Filipinas @ Nueva Filipina @ Pinar del Rio @ Pinal del Rio;Jurisdiccion;Filipinas;SDO;filipinas_jurisdiccion_sdo;~~REDIRECT>filipinas_jurisdiccion_sdo~~;SDLHFIJU;1774;1808;856;;;;Santo Domingo;Jurisdiccion;;22.4169;-83.70002
JUSDLHFS;San Felipe y Santiago;San Felipe y Santiago @ Bejucal;Jurisdiccion;La Habana;SDO;san_felipe_y_santiago_jurisdiccion_sdo;~~REDIRECT>san_felipe_y_santiago_jurisdiccion_sdo~~;SDLHFSJU;1713;1808;857;;;;Santo Domingo;Partido;;22.9286;-82.3886
JUSDLHGU;Guanabacoa;Guanabacoa @;Jurisdiccion;La Habana;SDO;guanabacoa_jurisdiccion_sdo;~~REDIRECT>guanabacoa_jurisdiccion_sdo~~;SDLHGUJU;1743;1808;858;;;;Santo Domingo;Partido;;23.1239;-82.3003
JUSDLHJA;Jaruco;Jaruco @;Jurisdiccion;La Habana;SDO;jaruco_jurisdiccion_sdo;~~REDIRECT>jaruco_jurisdiccion_sdo~~;SDLHJAJU;1770;1808;859;;;;Santo Domingo;Partido;;23.04404;-82.00918
JUSDLHLH;La Habana;La Habana @ San Cristobal de la Habana;Jurisdiccion;La Habana;SDO;la_habana_jurisdiccion_sdo;~~REDIRECT>la_habana_jurisdiccion_sdo~~;SDLHLHJU;1701;1808;860;;;;Santo Domingo;Jurisdiccion;;23.14111;-82.35143
JUSDLHMA;Matanzas;Matanzas @;Jurisdiccion;La Habana;SDO;matanzas_jurisdiccion_sdo;~~REDIRECT>matanzas_jurisdiccion_sdo~~;SDLHMAJU;1701;1808;861;;;;Santo Domingo;Partido;;23.04634;-81.57692
JUSDLHRO;Rosario;Rosario @ Santa Maria del Rosario;Jurisdiccion;La Habana;SDO;rosario_jurisdiccion_sdo;~~REDIRECT>rosario_jurisdiccion_sdo~~;SDLHROJU;1732;1808;862;;;;Santo Domingo;Partido;;23.06139;-82.25611
JUSDLHSA;San Antonio;San Antonio @ San Antonio Abad @ San Antonio de los Baños;Jurisdiccion;La Habana;SDO;san_antonio_jurisdiccion_sdo;~~REDIRECT>san_antonio_jurisdiccion_sdo~~;SDLHSAJU;1794;1808;863;;;;Santo Domingo;Partido;;22.88908;-82.50688
JUSDLHSV;Santiago de las Vegas;Santiago de las Vegas @;Jurisdiccion;La Habana;SDO;santiago_de_las_vegas_jurisdiccion_sdo;~~REDIRECT>santiago_de_las_vegas_jurisdiccion_sdo~~;SDLHSVJU;1725;1808;864;;;;Santo Domingo;Partido;;22.97214;-82.38545
JUSDLUIL;Ilinueses;Ilinueses @ San Luis @ Saint-Louis @ Ylinueses @ Illinoises @ Alta Luisiana @ Haute Louisiane;Jurisdiccion;Luisiana;SDO;ilinueses_jurisdiccion_sdo;~~REDIRECT>ilinueses_jurisdiccion_sdo~~;SDLUILJU;1770;1804;865;;;;Santo Domingo;Jurisdiccion;;38.6273;-90.1979
JUSDLUMO;Mobila;Mobila @;Jurisdiccion;Florida;SDO;mobila_jurisdiccion_sdo;~~REDIRECT>mobila_jurisdiccion_sdo~~;SDLUMOJU;1781;1808;866;;;;Santo Domingo;Jurisdiccion;;30.68802;-88.04529
JUSDLUNO;Baja Luisiana;Baja Luisiana @ Nueva Orleans;Jurisdiccion;Luisiana;SDO;baja_luisiana_jurisdiccion_sdo;~~REDIRECT>baja_luisiana_jurisdiccion_sdo~~;SDLUNOJU;1766;1808;867;;;;Santo Domingo;Jurisdiccion;;30.4509;-91.1515
JUSDLUNT;Natchitoches;Natchitoches @ Natchitochas;Jurisdiccion;Luisiana;SDO;natchitoches_jurisdiccion_sdo;~~REDIRECT>natchitoches_jurisdiccion_sdo~~;SDLUNTJU;1770;1803;868;;;;Santo Domingo;Jurisdiccion;;31.7558;-93.0724
JUSDLUNZ;Natchez;Natchez @ Natches;Jurisdiccion;Luisiana;SDO;natchez_jurisdiccion_sdo;~~REDIRECT>natchez_jurisdiccion_sdo~~;SDLUNZJU;1779;1797;869;;;;Santo Domingo;Jurisdiccion;;31.56044;-91.40317
JUSDPRSG;San German;San German @ Villa de San German;Partido;Puerto Rico;SDO;san_german_partido_sdo;~~REDIRECT>san_german_partido_sdo~~;SDPRSGJU;1701;9999;15;;;;Santo Domingo;Partido;;18.0808;-67.04087
JUSDPRSJ;San Juan;San Juan @ Puerto Rico;Jurisdiccion;Puerto Rico;SDO;san_juan_jurisdiccion_sdo;~~REDIRECT>san_juan_jurisdiccion_sdo~~;SDPRSJJU;1701;1808;34;;;;Santo Domingo;Jurisdiccion;;18.46615;-66.1158
JUSDSDAZ;Azua;Azua @;Jurisdiccion;Santo Domingo;SDO;azua_jurisdiccion_sdo;~~REDIRECT>azua_jurisdiccion_sdo~~;SDSDAZJU;1701;1799;870;;;;Santo Domingo;Partido;;18.451;-70.732
JUSDSDBA;Banica;Banica @ Guaba @ Guava;Jurisdiccion;Santo Domingo;SDO;banica_jurisdiccion_sdo;~~REDIRECT>banica_jurisdiccion_sdo~~;SDSDBAJU;1701;1799;871;;;;Santo Domingo;Partido;;19.08144;-71.70379
JUSDSDBY;Bayaguana;Bayaguana @;Jurisdiccion;Santo Domingo;SDO;bayaguana_jurisdiccion_sdo;~~REDIRECT>bayaguana_jurisdiccion_sdo~~;SDSDBYJU;1701;1799;872;;;;Santo Domingo;Partido;;18.7542;-69.63496
JUSDSDCO;Cotui;Cotui @ Cotuy;Jurisdiccion;Santo Domingo;SDO;cotui_jurisdiccion_sdo;~~REDIRECT>cotui_jurisdiccion_sdo~~;SDSDCOJU;1701;1799;873;;;;Santo Domingo;Partido;;19.05772;-70.15287
JUSDSDFN;Frontera del Norte;Frontera del Norte @;Jurisdiccion;Santo Domingo;SDO;frontera_del_norte_jurisdiccion_sdo;~~REDIRECT>frontera_del_norte_jurisdiccion_sdo~~;SDSDFNJU;1718;1794;874;;;;Santo Domingo;Jurisdiccion;;19.55014;-71.70391
JUSDSDFS;Frontera Sur;Frontera Sur @;Jurisdiccion;Santo Domingo;SDO;frontera_sur_jurisdiccion_sdo;~~REDIRECT>frontera_sur_jurisdiccion_sdo~~;SDSDFSJU;1721;1794;875;;;;Santo Domingo;Jurisdiccion;;19.14455;-72.00875
JUSDSDHG;Higuey;Higuey @;Jurisdiccion;Santo Domingo;SDO;higuey_jurisdiccion_sdo;~~REDIRECT>higuey_jurisdiccion_sdo~~;SDSDHGJU;1701;1794;876;;;;Santo Domingo;Partido;;18.61281;-68.71205
JUSDSDHI;Hincha;Hincha @;Jurisdiccion;Santo Domingo;SDO;hincha_jurisdiccion_sdo;~~REDIRECT>hincha_jurisdiccion_sdo~~;SDSDHIJU;1704;1794;877;;;;Santo Domingo;Partido;;19.14455;-72.00875
JUSDSDLM;La Maguana;La Maguana @ San Juan de la Maguana @ Valle de San Juan;Jurisdiccion;Santo Domingo;SDO;la_maguana_jurisdiccion_sdo;~~REDIRECT>la_maguana_jurisdiccion_sdo~~;SDSDLMJU;1733;1794;878;;;;Santo Domingo;Partido;;18.48166;-71.42033
JUSDSDLV;La Vega;La Vega @ Concepcion de la Vega;Jurisdiccion;Santo Domingo;SDO;la_vega_jurisdiccion_sdo;~~REDIRECT>la_vega_jurisdiccion_sdo~~;SDSDLVJU;1701;1794;879;;;;Santo Domingo;Jurisdiccion;;19.22227;-70.523
JUSDSDMC;Montecristi;Montecristi @ Monte Cristi @ Monte-Cristi @ Montechristi;Jurisdiccion;Santo Domingo;SDO;montecristi_jurisdiccion_sdo;~~REDIRECT>montecristi_jurisdiccion_sdo~~;SDSDMCJU;1111;1794;880;;;;Santo Domingo;Jurisdiccion;;19.85035;-71.6442
JUSDSDMP;Monte Plata;Monte Plata @ Monte Plata y Boya;Jurisdiccion;Santo Domingo;SDO;monte_plata_jurisdiccion_sdo;~~REDIRECT>monte_plata_jurisdiccion_sdo~~;SDSDMPJU;1701;1794;881;;;;Santo Domingo;Partido;;18.81006;-69.78753
JUSDSDNE;Neiba;Neiba @ Neiva @ Neyva @ Neyba;Jurisdiccion;Santo Domingo;SDO;neiba_jurisdiccion_sdo;~~REDIRECT>neiba_jurisdiccion_sdo~~;SDSDNEJU;1735;1794;882;;;;Santo Domingo;Partido;;18.48166;-71.42033
JUSDSDPP;Puerto de Plata;Puerto de Plata @ Puerto Plata;Jurisdiccion;Santo Domingo;SDO;puerto_de_plata_jurisdiccion_sdo;~~REDIRECT>puerto_de_plata_jurisdiccion_sdo~~;SDSDPPJU;1737;1794;883;;;;Santo Domingo;Partido;;19.7894;-70.69405
JUSDSDSA;Santiago;Santiago @ Norte;Jurisdiccion;Santo Domingo;SDO;santiago_jurisdiccion_sdo;~~REDIRECT>santiago_jurisdiccion_sdo~~;SDSDSAJU;1701;1799;884;;;;Santo Domingo;Jurisdiccion;;19.4508;-70.69488
JUSDSDSD;Santo Domingo;Santo Domingo @;Jurisdiccion;Santo Domingo;SDO;santo_domingo_jurisdiccion_sdo;~~REDIRECT>santo_domingo_jurisdiccion_sdo~~;SDSDSDJU;1701;1794;885;;;;Santo Domingo;Jurisdiccion;;18.4802;-69.94211
JUSDSDSE;Seibo;Seibo @ Seybo;Jurisdiccion;Santo Domingo;SDO;seibo_jurisdiccion_sdo;~~REDIRECT>seibo_jurisdiccion_sdo~~;SDSDSEJU;1701;1794;886;;;;Santo Domingo;Partido;;18.802;-69.0523
JUSDSDSR;San Rafael;San Rafael @;Jurisdiccion;Santo Domingo;SDO;san_rafael_jurisdiccion_sdo;~~REDIRECT>san_rafael_jurisdiccion_sdo~~;SDSDSRJU;1765;1794;887;;;;Santo Domingo;Partido;;19.43768;-72.19987
JUSDSDSS;Samana y Sabana de Mar;Samana y Sabana de Mar @ Costa;Jurisdiccion;Santo Domingo;SDO;samana_y_sabana_de_mar_jurisdiccion_sdo;~~REDIRECT>samana_y_sabana_de_mar_jurisdiccion_sdo~~;SDSDSSJU;1111;1794;888;;;;Santo Domingo;Jurisdiccion;;19.20423;-69.33508
JUSDSDTO;Tortuga;Tortuga @ La Tortuga;Jurisdiccion;Santo Domingo;SDO;tortuga_jurisdiccion_sdo;~~REDIRECT>tortuga_jurisdiccion_sdo~~;SDSDTOJU;1653;1654;1733;;;;Santo Domingo;indefinido;;90;0
JUVECAAR;Araure;Araure @;Jurisdiccion;Caracas;VEN;araure_jurisdiccion_ven;~~REDIRECT>araure_jurisdiccion_ven~~;VECAARJU;1694;1808;889;;;;Caracas;Jurisdiccion;;9.59313;-69.22728
JUVECABA;Barquisimeto;Barquisimeto @;Jurisdiccion;Caracas;VEN;barquisimeto_jurisdiccion_ven;~~REDIRECT>barquisimeto_jurisdiccion_ven~~;VECABAJU;1563;1808;890;;;;Caracas;Jurisdiccion;;10.07404;-69.32157
JUVECACA;Caracas;Caracas @;Jurisdiccion;Caracas;VEN;caracas_jurisdiccion_ven;~~REDIRECT>caracas_jurisdiccion_ven~~;VECACAJU;1567;1808;891;;;;Caracas;Jurisdiccion;;10.5061;-66.9146
JUVECACB;Calabozo;Calabozo @;Jurisdiccion;Caracas;VEN;calabozo_jurisdiccion_ven;~~REDIRECT>calabozo_jurisdiccion_ven~~;VECACBJU;1751;1808;892;;;;Caracas;Partido;;8.91945;-67.43048
JUVECACC;Cachicamo;Cachicamo @ San Fernando;Jurisdiccion;Caracas;VEN;cachicamo_jurisdiccion_ven;~~REDIRECT>cachicamo_jurisdiccion_ven~~;VECACCJU;1752;1808;893;;;;Caracas;Partido;;8.29798;-65.35788
JUVECACO;Coro;Coro @;Jurisdiccion;Caracas;VEN;coro_jurisdiccion_ven;~~REDIRECT>coro_jurisdiccion_ven~~;VECACOJU;1525;1808;894;;;;Caracas;Jurisdiccion;;11.40739;-69.67779
JUVECACR;Carora;Carora @;Jurisdiccion;Caracas;VEN;carora_jurisdiccion_ven;~~REDIRECT>carora_jurisdiccion_ven~~;VECACRJU;1572;1808;895;;;;Caracas;Jurisdiccion;;10.1648;-70.0761
JUVECAGU;Guanare;Guanare @;Jurisdiccion;Caracas;VEN;guanare_jurisdiccion_ven;~~REDIRECT>guanare_jurisdiccion_ven~~;VECAGUJU;1591;1808;896;;;;Caracas;Jurisdiccion;;9.0327;-69.7345
JUVECANI;Nirgua;Nirgua @;Jurisdiccion;Caracas;VEN;nirgua_jurisdiccion_ven;~~REDIRECT>nirgua_jurisdiccion_ven~~;VECANIJU;1624;1808;897;;;;Caracas;Jurisdiccion;;10.1535;-68.5685
JUVECAOS;Ospino;Ospino @ San Fernando de Ospino;Jurisdiccion;Caracas;VEN;ospino_jurisdiccion_ven;~~REDIRECT>ospino_jurisdiccion_ven~~;VECAOSJU;1754;1808;898;;;;Caracas;Partido;;9.28646;-69.44766
JUVECAPA;El Pao;El Pao @;Jurisdiccion;Caracas;VEN;el_pao_jurisdiccion_ven;~~REDIRECT>el_pao_jurisdiccion_ven~~;VECAPAJU;1727;1808;899;;;;Caracas;Partido;;9.63799;-68.12918
JUVECASC;San Carlos;San Carlos @;Jurisdiccion;Caracas;VEN;san_carlos_jurisdiccion_ven;~~REDIRECT>san_carlos_jurisdiccion_ven~~;VECASCJU;1678;1808;900;;;;Caracas;Jurisdiccion;;9.6624;-68.5882
JUVECASF;San Felipe;San Felipe @ San Felipe el Fuerte;Jurisdiccion;Caracas;VEN;san_felipe_jurisdiccion_ven;~~REDIRECT>san_felipe_jurisdiccion_ven~~;VECASFJU;1729;1808;901;;;;Caracas;Jurisdiccion;;10.34108;-68.73531
JUVECASJ;San Jaime;San Jaime @;Jurisdiccion;Caracas;VEN;san_jaime_jurisdiccion_ven;~~REDIRECT>san_jaime_jurisdiccion_ven~~;VECASJJU;1753;1808;902;;;;Caracas;Jurisdiccion;;8.1176;-67.8298
JUVECASS;San Sebastian;San Sebastian @;Jurisdiccion;Caracas;VEN;san_sebastian_jurisdiccion_ven;~~REDIRECT>san_sebastian_jurisdiccion_ven~~;VECASSJU;1585;1808;903;;;;Caracas;Jurisdiccion;;9.94617;-67.17878
JUVECATO;Tocuyo;Tocuyo @;Jurisdiccion;Caracas;VEN;tocuyo_jurisdiccion_ven;~~REDIRECT>tocuyo_jurisdiccion_ven~~;VECATOJU;1545;1808;904;;;;Caracas;Jurisdiccion;;9.7864;-69.7845
JUVECATR;Trujillo;Trujillo @;Jurisdiccion;Caracas;VEN;trujillo_jurisdiccion_ven;~~REDIRECT>trujillo_jurisdiccion_ven~~;VECATRJU;1557;1808;905;;;;Caracas;Jurisdiccion;;9.36541;-70.43577
JUVECAVA;Valencia;Valencia @;Jurisdiccion;Caracas;VEN;valencia_jurisdiccion_ven;~~REDIRECT>valencia_jurisdiccion_ven~~;VECAVAJU;1555;1808;906;;;;Caracas;Jurisdiccion;;10.18288;-68.00367
JUVECAVC;Villa de Cura;Villa de Cura @ Villacura @ San Luis de Cura;Jurisdiccion;Caracas;VEN;villa_de_cura_jurisdiccion_ven;~~REDIRECT>villa_de_cura_jurisdiccion_ven~~;VECAVCJU;1730;1808;907;;;;Caracas;Jurisdiccion;;10.03561;-67.48404
JUVECUAR;Aragua;Aragua @ Villa de Aragua;Jurisdiccion;Cumana;VEN;aragua_jurisdiccion_ven;~~REDIRECT>aragua_jurisdiccion_ven~~;VECUARJU;1734;1808;908;;;;Caracas;Partido;;9.4585;-64.8301
JUVECUBA;Barcelona;Barcelona @ Nueva Barcelona;Jurisdiccion;Cumana;VEN;barcelona_jurisdiccion_ven;~~REDIRECT>barcelona_jurisdiccion_ven~~;VECUBAJU;1638;1808;909;;;;Caracas;Jurisdiccion;;10.13731;-64.68623
JUVECUCA;Cariaco;Cariaco @ San Felipe de Austria;Jurisdiccion;Cumana;VEN;cariaco_jurisdiccion_ven;~~REDIRECT>cariaco_jurisdiccion_ven~~;VECUCAJU;1605;1808;910;;;;Caracas;Partido;;10.49547;-63.55116
JUVECUCB;Arias;Arias @ Cumanacoa @ San Baltasar de los Arias;Jurisdiccion;Cumana;VEN;arias_jurisdiccion_ven;~~REDIRECT>arias_jurisdiccion_ven~~;VECUCBJU;1637;1808;911;;;;Caracas;Partido;;10.2501;-63.9192
JUVECUCP;Carupano;Carupano @;Jurisdiccion;Cumana;VEN;carupano_jurisdiccion_ven;~~REDIRECT>carupano_jurisdiccion_ven~~;VECUCPJU;1742;1808;912;;;;Caracas;Partido;;10.67046;-63.24929
JUVECUCT;Cabrutica;Cabrutica @;Jurisdiccion;Cumana;VEN;cabrutica_jurisdiccion_ven;~~REDIRECT>cabrutica_jurisdiccion_ven~~;VECUCTJU;1790;1808;913;;;;Caracas;Partido;;8.41551;-64.89092
JUVECUCU;Cumana;Cumana @;Jurisdiccion;Cumana;VEN;cumana_jurisdiccion_ven;~~REDIRECT>cumana_jurisdiccion_ven~~;VECUCUJU;1562;1808;914;;;;Caracas;Partido;;10.46721;-64.1766
JUVECUGC;Golfo de Cariaco;Golfo de Cariaco @ Araya;Jurisdiccion;Cumana;VEN;golfo_de_cariaco_jurisdiccion_ven;~~REDIRECT>golfo_de_cariaco_jurisdiccion_ven~~;VECUGCJU;1111;1771;915;;;;Caracas;Partido;;10.57384;-64.25655
JUVECUPA;El Pao;El Pao @;Jurisdiccion;Cumana;VEN;el_pao_jurisdiccion_ven;~~REDIRECT>el_pao_jurisdiccion_ven~~;VECUPAJU;1744;1808;916;;;;Caracas;Partido;;8.7888;-64.6287
JUVECURC;Rio Caribe;Rio Caribe @;Jurisdiccion;Cumana;VEN;rio_caribe_jurisdiccion_ven;~~REDIRECT>rio_caribe_jurisdiccion_ven~~;VECURCJU;1762;1808;917;;;;Caracas;Partido;;10.69854;-63.11172
JUVEGUGU;Guayana;Guayana @ Angostura @ Santo Tomas de la Guayana;Jurisdiccion;Guayana;VEN;guayana_jurisdiccion_ven;~~REDIRECT>guayana_jurisdiccion_ven~~;VEGUGUJU;1595;1808;918;;;;Caracas;Jurisdiccion;;8.33467;-62.68202
JUVEGUOR;Alto y Bajo Orinoco;Alto y Bajo Orinoco @ Nuevas fundaciones del alto y bajo Orinoco: Orinoco, Rio Negro y sus anexos;Jurisdiccion;Guayana;VEN;alto_y_bajo_orinoco_jurisdiccion_ven;~~REDIRECT>alto_y_bajo_orinoco_jurisdiccion_ven~~;VEGUORJU;1762;9999;919;;;;Caracas;Jurisdiccion;;90;0
JUVEMCBA;Barinas;Barinas @;Jurisdiccion;Maracaibo;VEN;barinas_jurisdiccion_ven;~~REDIRECT>barinas_jurisdiccion_ven~~;VEMCBAJU;1577;1808;920;;;;Caracas;Jurisdiccion;;8.75716;-70.40447
JUVEMCGI;Gibraltar;Gibraltar @;Jurisdiccion;Maracaibo;VEN;gibraltar_jurisdiccion_ven;~~REDIRECT>gibraltar_jurisdiccion_ven~~;VEMCGIJU;1592;1808;921;;;;Caracas;Jurisdiccion;;9.27131;-71.13471
JUVEMCLG;La Grita;La Grita @;Jurisdiccion;Maracaibo;VEN;la_grita_jurisdiccion_ven;~~REDIRECT>la_grita_jurisdiccion_ven~~;VEMCLGJU;1570;1808;922;;;;Caracas;Jurisdiccion;;8.13704;-71.98574
JUVEMCMC;Maracaibo;Maracaibo @;Jurisdiccion;Maracaibo;VEN;maracaibo_jurisdiccion_ven;~~REDIRECT>maracaibo_jurisdiccion_ven~~;VEMCMCJU;1574;1808;923;;;;Caracas;Jurisdiccion;;10.65373;-71.61784
JUVEMCME;Merida;Merida @;Jurisdiccion;Maracaibo;VEN;merida_jurisdiccion_ven;~~REDIRECT>merida_jurisdiccion_ven~~;VEMCMEJU;1558;1808;924;;;;Caracas;Jurisdiccion;;8.59752;-71.14486
JUVEMCPJ;Perija;Perija @;Jurisdiccion;Maracaibo;VEN;perija_jurisdiccion_ven;~~REDIRECT>perija_jurisdiccion_ven~~;VEMCPJJU;1111;1808;925;;;;Caracas;indefinido;;10.3258;-72.3134
JUVEMCPZ;Pedraza;Pedraza @;Jurisdiccion;Maracaibo;VEN;pedraza_jurisdiccion_ven;~~REDIRECT>pedraza_jurisdiccion_ven~~;VEMCPZJU;1591;1808;926;;;;Caracas;Jurisdiccion;;8.41203;-70.65104
JUVEMCSC;San Cristobal;San Cristobal @;Jurisdiccion;Maracaibo;VEN;san_cristobal_jurisdiccion_ven;~~REDIRECT>san_cristobal_jurisdiccion_ven~~;VEMCSCJU;1561;1808;927;;;;Caracas;Jurisdiccion;;7.7669;-72.225
JUVEMCSF;San Fernando del Apure;San Fernando del Apure @;Jurisdiccion;Maracaibo;VEN;san_fernando_del_apure_jurisdiccion_ven;~~REDIRECT>san_fernando_del_apure_jurisdiccion_ven~~;VEMCSFJU;1788;1808;928;;;;Caracas;Jurisdiccion;;7.88475;-67.47627
JUVETRTR;Trinidad;Trinidad @;Jurisdiccion;Cumana;VEN;trinidad_jurisdiccion_ven;~~REDIRECT>trinidad_jurisdiccion_ven~~;VETRTRJU;1701;1808;929;;;;Caracas;Jurisdiccion;;10.65285;-61.50995
MICCCBBA;Baures;Baures @;Misiones;Cochabamba;CHA;baures_misiones_cha;~~REDIRECT>baures_misiones_cha~~;CCCBBAMI;1701;1808;930;;;;Charcas;Partido;;90;0
MICCCBCG;Chiriguanos;Chiriguanos @ Rio Grande @ Cordillera de los Chiriguanos;Misiones;Cochabamba;CHA;chiriguanos_misiones_cha;~~REDIRECT>chiriguanos_misiones_cha~~;CCCBCGMI;1776;1808;931;;;;Charcas;Partido;;90;0
MICCCBMO;Moxos;Moxos @;Misiones;Cochabamba;CHA;moxos_misiones_cha;~~REDIRECT>moxos_misiones_cha~~;CCCBMOMI;1701;1808;932;;;;Charcas;Partido;;90;0
MICCCBPA;Pampas;Pampas @;Misiones;Cochabamba;CHA;pampas_misiones_cha;~~REDIRECT>pampas_misiones_cha~~;CCCBPAMI;1701;1808;933;;;;Charcas;Partido;;90;0
MICCCBRG;Rio Grande;Rio Grande @;Misiones;Cochabamba;CHA;rio_grande_misiones_cha;~~REDIRECT>rio_grande_misiones_cha~~;CCCBRGMI;1766;1808;934;;;;Charcas;indefinido;;90;0
MICCCBYU;Yuracarees;Yuracarees @;Misiones;Cochabamba;CHA;yuracarees_misiones_cha;~~REDIRECT>yuracarees_misiones_cha~~;CCCBYUMI;1111;1808;935;;;;Charcas;Partido;;-16.91395;-65.2192
MIGUGUPE;Peten;Peten @;Misiones;Guatemala;GUA;peten_misiones_gua;~~REDIRECT>peten_misiones_gua~~;GUGUPEMI;1697;1808;936;;;;Guatemala;Jurisdiccion;;16.92971;-89.89135
MINGPOAN;Andaquies;Andaquies @ Misiones del Caqueta y Putumayo;Misiones;Popayan;NGR;andaquies_misiones_ngr;~~REDIRECT>andaquies_misiones_ngr~~;NGPOANMI;1111;1808;937;;;;Nuevo Reino de Granada;indefinido;;90;0
MINGPOPU;Putumayo;Putumayo @;Misiones;Popayan;QUI;putumayo_misiones_qui;~~REDIRECT>putumayo_misiones_qui~~;NGPOPUMI;1111;9999;1419;;;;Quito;Partido;;90;0
MIPEOC00;Misiones de Ocopa;Misiones de Ocopa @;Misiones;Maynas;PER;misiones_de_ocopa_misiones_per;~~REDIRECT>misiones_de_ocopa_misiones_per~~;PEOC00MI;1701;1808;938;;;;Peru;indefinido;;90;0
MIPEOCVI;Vitoc;Vitoc @ valle de Vitoc @ Conversiones de Tarma @ Misiones del Cerro de la Sal;Misiones;Tarma;PER;vitoc_misiones_per;~~REDIRECT>vitoc_misiones_per~~;PEOCVIMI;1701;1808;939;;;;Peru;Partido;;90;0
MIPETRHY;Conversiones de Hibitos y Cholones;Conversiones de Hibitos y Cholones @ Huaylillas;Misiones;Trujillo;PER;conversiones_de_hibitos_y_cholones_misiones_per;~~REDIRECT>conversiones_de_hibitos_y_cholones_misiones_per~~;PETRHYMI;1701;1808;940;;;;Peru;Partido;;90;0
MIQUMABO;Misiones Altas;Misiones Altas @ Borja @ Marañon Alto @ Maynas;Misiones;Maynas;QUI;misiones_altas_misiones_qui;~~REDIRECT>misiones_altas_misiones_qui~~;QUMABOMI;1701;1808;941;;;;Quito;Partido;;-4.46558;-77.54322
MIQUMANA;Napo;Napo @ Bajo Napo;Misiones;Maynas;QUI;napo_misiones_qui;~~REDIRECT>napo_misiones_qui~~;QUMANAMI;1701;1808;942;;;;Quito;Partido;;90;0
MIQUMAOM;Misiones Bajas;Misiones Bajas @ Omaguas @ Marañon Bajo;Misiones;Maynas;QUI;misiones_bajas_misiones_qui;~~REDIRECT>misiones_bajas_misiones_qui~~;QUMAOMMI;1701;1808;943;;;;Quito;Partido;;-3.33826;-71.91324
MIQUPOPO;Mocoa y Sucumbios;Mocoa y Sucumbios @ Misiones de Popayan @ Mocoa y Sucumbios @ Mocoa, Sucumbios y Cofanes;Misiones;Popayan;QUI;mocoa_y_sucumbios_misiones_qui;~~REDIRECT>mocoa_y_sucumbios_misiones_qui~~;QUPOPOMI;1701;1808;945;;;;Quito;Partido;;90;0
MIQUPOSU;Sucumbios;Sucumbios @;Misiones;Popayan;QUI;sucumbios_misiones_qui;~~REDIRECT>sucumbios_misiones_qui~~;QUPOSUMI;1557;1808;946;;;;Quito;indefinido;;0.24443;-76.85027
OBCCCC00;La Plata;La Plata @ Charcas;Obispado;Obispado;CHA;la_plata_obispado_cha;~~REDIRECT>la_plata_obispado_cha~~;CCCC00OB;1563;1808;947;sucr0;dsucr;;Charcas;Obispado;;-19.04786;-65.2596
OBCCLP00;La Paz;La Paz @;Obispado;Obispado;CHA;la_paz_obispado_cha;~~REDIRECT>la_paz_obispado_cha~~;CCLP00OB;1605;1808;948;lapa0;dlapz;;Charcas;Obispado;;-16.49626;-68.13411
OBCCSC00;Santa Cruz de la Sierra;Santa Cruz de la Sierra @;Obispado;Obispado;CHA;santa_cruz_de_la_sierra_obispado_cha;~~REDIRECT>santa_cruz_de_la_sierra_obispado_cha~~;CCSC00OB;1605;1808;949;zcru0;dscsi;;Charcas;Obispado;;-17.94273;-65.34171
OBCHCO00;Concepcion;Concepcion @ La Imperial;Obispado;Obispado;CHL;concepcion_obispado_chl;~~REDIRECT>concepcion_obispado_chl~~;CHCO00OB;1563;1808;950;conc0;dconc;;Chile;Obispado;;-38.71144;-73.16112
OBCHSA00;Santiago de Chile;Santiago de Chile @;Obispado;Obispado;CHL;santiago_de_chile_obispado_chl;~~REDIRECT>santiago_de_chile_obispado_chl~~;CHSA00OB;1561;1808;951;ztia1;dsacl;;Chile;Obispado;;-33.43756;-70.65006
OBESSV00;Sevilla;Sevilla @;Arzobispado;Andalucia;ESP;sevilla_arzobispado_esp;~~REDIRECT>sevilla_arzobispado_esp~~;ESSV00OB;0;0;1750;;;;España;Obispado;;;
OBGDDU00;Durango;Durango @ Guadiana;Obispado;Obispado;NES;durango_obispado_nes;~~REDIRECT>durango_obispado_nes~~;GDDU00OB;1620;1808;956;dura0;ddura;;Nueva España;Obispado;;24.02484;-104.66986
OBGDGD00;Guadalajara;Guadalajara @;Obispado;Obispado;NES;guadalajara_obispado_nes;~~REDIRECT>guadalajara_obispado_nes~~;GDGD00OB;1548;1808;957;guad0;dguad;;Nueva España;Obispado;;20.67614;-103.347
OBGDMO00;Monterrey;Monterrey @ Nuevo Leon @ Linares;Obispado;Obispado;NES;monterrey_obispado_nes;~~REDIRECT>monterrey_obispado_nes~~;GDMO00OB;1779;1808;959;mont0;dmonm;;Nueva España;Obispado;;25.67097;-100.30998
OBGDSO00;Sonora;Sonora @;Obispado;Obispado;GDJ;sonora_obispado_gdj;~~REDIRECT>sonora_obispado_gdj~~;GDSO00OB;1783;1808;963;herm0;dherm;;Nueva Galicia y Septentrion;Obispado;;30.33603;-110.16631
OBGUCH00;Chiapas;Chiapas @;Obispado;Obispado;GUA;chiapas_obispado_gua;~~REDIRECT>chiapas_obispado_gua~~;GUCH00OB;1544;1808;952;zcri2;dsncr;;Guatemala;Obispado;;16.73695;-92.63753
OBGUCY00;Comayagua;Comayagua @ Honduras;Obispado;Obispado;GUA;comayagua_obispado_gua;~~REDIRECT>comayagua_obispado_gua~~;GUCY00OB;1531;1808;953;coma0;dcoma;;Guatemala;Obispado;;15.91727;-85.95522
OBGUGU00;Guatemala;Guatemala @;Obispado;Obispado;GUA;guatemala_obispado_gua;~~REDIRECT>guatemala_obispado_gua~~;GUGU00OB;1534;1808;954;guat0;dsngt;;Guatemala;Obispado;;14.52979;-90.73548
OBGULE00;Leon;Leon @ Nicaragua;Obispado;Obispado;GUA;leon_obispado_gua;~~REDIRECT>leon_obispado_gua~~;GULE00OB;1531;1808;955;leon2;dleni;;Guatemala;Obispado;;12.43496;-86.87836
OBGUVP00;Verapaz;Verapaz @ Vera Paz;Obispado;Obispado;GUA;verapaz_obispado_gua;~~REDIRECT>verapaz_obispado_gua~~;GUVP00OB;1561;1602;1400;vera1;dv007;;Guatemala;Obispado;;15.36543;-90.47833
OBNEMI00;Michoacan;Michoacan @;Obispado;Obispado;NES;michoacan_obispado_nes;~~REDIRECT>michoacan_obispado_nes~~;NEMI00OB;1537;1808;958;more0;dmore;;Nueva España;Obispado;;19.62778;-101.57861
OBNEMX00;Mexico;Mexico @;Obispado;Obispado;NES;mexico_obispado_nes;~~REDIRECT>mexico_obispado_nes~~;NEMX00OB;1530;1808;960;mexi0;dmexo;;Nueva España;Obispado;;19.43379;-99.13313
OBNEOA00;Oaxaca;Oaxaca @;Obispado;Obispado;NES;oaxaca_obispado_nes;~~REDIRECT>oaxaca_obispado_nes~~;NEOA00OB;1535;1808;961;ante0;dante;;Nueva España;Obispado;;17.06971;-96.7189
OBNEPU00;Puebla;Puebla @ Tlaxcala, Puebla;Obispado;Obispado;NES;puebla_obispado_nes;~~REDIRECT>puebla_obispado_nes~~;NEPU00OB;1527;1808;962;pueb0;dpuem;;Nueva España;Obispado;;19.31705;-98.2381
OBNEYU00;Yucatan;Yucatan @ Merida;Obispado;Obispado;NES;yucatan_obispado_nes;~~REDIRECT>yucatan_obispado_nes~~;NEYU00OB;1561;1808;964;yuca0;dyuca;;Nueva España;Obispado;;20.96671;-89.62322
OBNGCA00;Cartagena de Indias;Cartagena de Indias @;Obispado;Obispado;NGR;cartagena_de_indias_obispado_ngr;~~REDIRECT>cartagena_de_indias_obispado_ngr~~;NGCA00OB;1538;1808;965;cart0;dcart;;Nuevo Reino de Granada;Obispado;;10.42306;-75.55076
OBNGPA00;Panama;Panama @;Obispado;Obispado;TFI;panama_obispado_ngr;~~REDIRECT>panama_obispado_ngr~~;NGPA00OB;1513;1808;966;pana0;dpana;;Tierra Firme;Obispado;;8.23766;-77.02319
OBNGSF00;Santa Fe;Santa Fe @;Obispado;Obispado;NGR;santa_fe_obispado_ngr;~~REDIRECT>santa_fe_obispado_ngr~~;NGSF00OB;1564;1808;967;bogo0;dbogo;;Nuevo Reino de Granada;Obispado;;4.59744;-74.07475
OBNGSM00;Santa Marta;Santa Marta @;Obispado;Obispado;NGR;santa_marta_obispado_ngr;~~REDIRECT>santa_marta_obispado_ngr~~;NGSM00OB;1534;1808;968;zmarA;dsmat;;Nuevo Reino de Granada;Obispado;;11.24327;-74.21052
OBPEAR00;Arequipa;Arequipa @;Obispado;Obispado;PER;arequipa_obispado_per;~~REDIRECT>arequipa_obispado_per~~;PEAR00OB;1612;1808;969;areq0;dareq;;Peru;Obispado;;-16.39822;-71.53673
OBPECU00;Cuzco;Cuzco @;Obispado;Obispado;PER;cuzco_obispado_per;~~REDIRECT>cuzco_obispado_per~~;PECU00OB;1538;1808;970;cuzc0;dcuzc;;Peru;Obispado;;-13.51672;-71.97888
OBPEHU00;Huamanga;Huamanga @;Obispado;Obispado;PER;huamanga_obispado_per;~~REDIRECT>huamanga_obispado_per~~;PEHU00OB;1611;1808;971;ayac0;dayac;;Peru;Obispado;;-13.16076;-74.2249
OBPELI00;Lima;Lima @;Obispado;Obispado;PER;lima_obispado_per;~~REDIRECT>lima_obispado_per~~;PELI00OB;1546;1808;972;lima0;dlima;;Peru;Obispado;;-12.04665;-77.02998
OBPETR00;Trujillo;Trujillo @;Obispado;Obispado;PER;trujillo_(peru)_obispado_per;~~REDIRECT>trujillo_(peru)_obispado_per~~;PETR00OB;1577;1808;973;truj0;dtrup;;Peru;Obispado;;-8.1117;-79.02876
OBQUCU00;Cuenca;Cuenca @;Obispado;Obispado;QUI;cuenca_obispado_qui;~~REDIRECT>cuenca_obispado_qui~~;QUCU00OB;1787;1808;974;cuen0;dcuen;;Quito;Obispado;;-2.89752;-79.00442
OBQUMA00;Maynas;Maynas @;Obispado;Obispado;QUI;maynas_obispado_qui;~~REDIRECT>maynas_obispado_qui~~;QUMA00OB;1808;1808;975;chac0;dchac;;Quito;Obispado;;-6.03451;-76.97492
OBQUPO00;Popayan;Popayan @;Obispado;Obispado;QUI;popayan_obispado_qui;~~REDIRECT>popayan_obispado_qui~~;QUPO00OB;1547;1808;976;popa0;dpopa;;Quito;Obispado;;2.44185;-76.60606
OBQUQU00;Quito;Quito @;Obispado;Obispado;QUI;quito_obispado_qui;~~REDIRECT>quito_obispado_qui~~;QUQU00OB;1545;1808;977;quit0;dquit;;Quito;Obispado;;-0.22017;-78.51209
OBRPBA00;Buenos Aires;Buenos Aires @;Obispado;Obispado;RPL;buenos_aires_obispado_rpl;~~REDIRECT>buenos_aires_obispado_rpl~~;RPBA00OB;1627;1808;978;buen0;dbuea;;Rio de la Plata;Obispado;;-34.6079;-58.37322
OBRPCO00;Tucuman;Tucuman @ Cordoba;Obispado;Obispado;RPL;tucuman_obispado_rpl;~~REDIRECT>tucuman_obispado_rpl~~;RPCO00OB;1570;1808;979;cord0;dcrdb;;Rio de la Plata;Obispado;;-31.4213;-64.18855
OBRPPA00;Paraguay;Paraguay @;Obispado;Obispado;RPL;paraguay_obispado_rpl;~~REDIRECT>paraguay_obispado_rpl~~;RPPA00OB;1547;1808;980;asun0;dasun;;Rio de la Plata;Obispado;;-25.28156;-57.63255
OBRPSA00;Salta;Salta @;Obispado;Obispado;RPL;salta_obispado_rpl;~~REDIRECT>salta_obispado_rpl~~;RPSA00OB;1806;1808;981;salt0;dsala;;Rio de la Plata;Obispado;;-24.78928;-65.41058
OBSDCU00;Santiago de Cuba;Santiago de Cuba @;Obispado;Obispado;SDO;santiago_de_cuba_obispado_sdo;~~REDIRECT>santiago_de_cuba_obispado_sdo~~;SDCU00OB;1517;1808;982;ztia2;dsncu;;Santo Domingo;Obispado;;20.35103;-74.49926
OBSDCV00;Concepcion de la Vega;Concepcion de la Vega @ Baynoa @ Bayuna @ Baynua;Obispado;Obispado;SDO;concepcion_de_la_vega_obispado_sdo;~~REDIRECT>concepcion_de_la_vega_obispado_sdo~~;SDCV00OB;1504;1526;1398;lave0;dc024;;Santo Domingo;Obispado;;19.29348;-70.54499
OBSDLH00;La Habana;La Habana @;Obispado;Obispado;SDO;la_habana_obispado_sdo;~~REDIRECT>la_habana_obispado_sdo~~;SDLH00OB;1789;1808;983;zcri0;dsncc;;Santo Domingo;Obispado;;23.14111;-82.35143
OBSDLU00;Luisiana y las dos Floridas;Luisiana y las dos Floridas @;Obispado;Obispado;SDO;luisiana_y_las_dos_floridas_obispado_sdo;~~REDIRECT>luisiana_y_las_dos_floridas_obispado_sdo~~;SDLU00OB;1794;1808;984;newo0;dnewo;;Santo Domingo;Obispado;;29.9537;-90.06375
OBSDMA00;Magua;Magua @;Obispado;Obispado;SDO;magua_obispado_sdo;~~REDIRECT>magua_obispado_sdo~~;SDMA00OB;1504;1511;1399;;;;Santo Domingo;Obispado;;90;0
OBSDPR00;Puerto Rico;Puerto Rico @;Obispado;Obispado;SDO;puerto_rico_obispado_sdo;~~REDIRECT>puerto_rico_obispado_sdo~~;SDPR00OB;1512;1808;985;zjua1;dsjpr;;Santo Domingo;Obispado;;18.46615;-66.1158
OBSDSD00;Santo Domingo;Santo Domingo @;Obispado;Obispado;SDO;santo_domingo_obispado_sdo;~~REDIRECT>santo_domingo_obispado_sdo~~;SDSD00OB;1504;1808;986;zdom0;dsndo;;Santo Domingo;Obispado;;18.4802;-69.94211
OBVECA00;Caracas;Caracas @ Venezuela @ Coro;Obispado;Obispado;VEN;caracas_obispado_ven;~~REDIRECT>caracas_obispado_ven~~;VECA00OB;1535;1808;987;cara0;dcsdv;;Caracas;Obispado;;11.40739;-69.67779
OBVEGU00;La Guayana;La Guayana @ Santo Tomas de la Guayana;Obispado;Obispado;VEN;la_guayana_obispado_ven;~~REDIRECT>la_guayana_obispado_ven~~;VEGU00OB;1791;1808;988;ciud0;dcibo;;Caracas;Obispado;;8.14353;-63.55169
OBVEME00;Merida;Merida @;Obispado;Obispado;VEN;merida_obispado_ven;~~REDIRECT>merida_obispado_ven~~;VEME00OB;1784;1808;989;meri0;dmeri;;Caracas;Obispado;;8.59752;-71.14486
PMCHCOAR;Arauco;Arauco @;Presidio;Concepcion;CHL;arauco_presidio_chl;~~REDIRECT>arauco_presidio_chl~~;CHCOARPM;1701;1774;990;;;;Chile;indefinido;;-37.24623;-73.31755
PMCHCOCC;Colcura;Colcura @;Presidio;Concepcion;CHL;colcura_presidio_chl;~~REDIRECT>colcura_presidio_chl~~;CHCOCCPM;1701;1774;991;;;;Chile;indefinido;;-37.11319;-73.15159
PMCHCONA;Nacimiento;Nacimiento @;Presidio;Concepcion;CHL;nacimiento_presidio_chl;~~REDIRECT>nacimiento_presidio_chl~~;CHCONAPM;1701;1774;992;;;;Chile;indefinido;;-37.50183;-72.67305
PMCHCOSJ;Santa Juana;Santa Juana @;Presidio;Concepcion;CHL;santa_juana_presidio_chl;~~REDIRECT>santa_juana_presidio_chl~~;CHCOSJPM;1701;1774;993;;;;Chile;indefinido;;-37.17499;-72.93765
PMCHCOSP;San Pedro;San Pedro @;Presidio;Concepcion;CHL;san_pedro_presidio_chl;~~REDIRECT>san_pedro_presidio_chl~~;CHCOSPPM;1701;1774;994;;;;Chile;indefinido;;-36.84151;-73.10346
PMGDCOCA;Candela;Candela @ San Bernardino de la Candela @ San Carlos de la Candela;Partido;Coahuila;GDJ;candela_partido_gdj;~~REDIRECT>candela_partido_gdj~~;GDCOCAPM;1701;1808;999;;;;Nueva Galicia y Septentrion;Partido;;26.83763;-100.66214
PMGDCOCC;Cuatro Cienegas;Cuatro Cienegas @ Cuatrocienagas;Partido;Coahuila;GDJ;cuatro_cienegas_partido_gdj;~~REDIRECT>cuatro_cienegas_partido_gdj~~;GDCOCCPM;1800;1808;995;;;;Nueva Galicia y Septentrion;Partido;;26.98808;-102.06305
PMGDCOEN;Encinas;Encinas @;Partido;Coahuila;GDJ;encinas_partido_gdj;~~REDIRECT>encinas_partido_gdj~~;GDCOENPM;1804;1808;996;;;;Nueva Galicia y Septentrion;Partido;;27.42664;-100.99878
PMGDCONA;Nava;Nava @;Partido;Coahuila;GDJ;nava_partido_gdj;~~REDIRECT>nava_partido_gdj~~;GDCONAPM;1800;1808;997;;;;Nueva Galicia y Septentrion;Partido;;28.4217;-100.7674
PMGDCOSB;Valle de San Buenaventura;Valle de San Buenaventura @ San Antonio de Bucareli @ Nadadores;Partido;Coahuila;GDJ;valle_de_san_buenaventura_partido_gdj;~~REDIRECT>valle_de_san_buenaventura_partido_gdj~~;GDCOSBPM;1748;1808;998;;;;Nueva Galicia y Septentrion;Partido;;27.0625;-101.54667
PMGDCOSF;San Fernando de Austria;San Fernando de Austria @ Aguaverde;Partido;Coahuila;GDJ;san_fernando_de_austria_partido_gdj;~~REDIRECT>san_fernando_de_austria_partido_gdj~~;GDCOSFPM;1753;1808;1000;;;;Nueva Galicia y Septentrion;Partido;;28.49251;-100.92096
PMGDCOSP;San Pedro de Gigedo;San Pedro de Gigedo @;Partido;Coahuila;GDJ;san_pedro_de_gigedo_partido_gdj;~~REDIRECT>san_pedro_de_gigedo_partido_gdj~~;GDCOSPPM;1749;1808;1001;;;;Nueva Galicia y Septentrion;Partido;;28.23428;-100.73245
PMGDCOSR;Santa Rosa;Santa Rosa @ Valle de Santa Rosa;Partido;Coahuila;GDJ;santa_rosa_partido_gdj;~~REDIRECT>santa_rosa_partido_gdj~~;GDCOSRPM;1739;1808;1002;;;;Nueva Galicia y Septentrion;Partido;;27.88653;-101.52571
PMGDCOSV;San Vicente;San Vicente @ San Vicente de Arriba y Abajo;Partido;Coahuila;GDJ;san_vicente_partido_gdj;~~REDIRECT>san_vicente_partido_gdj~~;GDCOSVPM;1800;1808;1003;;;;Nueva Galicia y Septentrion;Partido;;;
PMGDDUBO;Borja y Cuevas;Borja y Cuevas @;Partido;Durango;GDJ;borja_y_cuevas_partido_gdj;~~REDIRECT>borja_y_cuevas_partido_gdj~~;GDDUBOPM;1111;1808;1004;;;;Nueva Galicia y Septentrion;Partido;;27.90083;-106.68306
PMGDSSAL;Altar;Altar @;Presidio;Sonora-Sinaloa;GDJ;altar_presidio_gdj;~~REDIRECT>altar_presidio_gdj~~;GDSSALPM;1775;1808;1005;;;;Nueva Galicia y Septentrion;Partido;;30.71593;-111.83697
PMGDSSBA;Bacoachi;Bacoachi @;Presidio;Sonora-Sinaloa;GDJ;bacoachi_presidio_gdj;~~REDIRECT>bacoachi_presidio_gdj~~;GDSSBAPM;1784;1808;1006;;;;Nueva Galicia y Septentrion;Partido;;30.63378;-109.96607
PMGDSSBP;Bavispe;Bavispe @;Presidio;Sonora-Sinaloa;GDJ;bavispe_presidio_gdj;~~REDIRECT>bavispe_presidio_gdj~~;GDSSBPPM;1779;1808;1007;;;;Nueva Galicia y Septentrion;Partido;;30.47889;-108.93972
PMGDSSBT;Batuco;Batuco @ Batuc @ Tepache;Partido;Sonora-Sinaloa;GDJ;batuco_partido_gdj;~~REDIRECT>batuco_partido_gdj~~;GDSSBTPM;1775;1808;1008;;;;Nueva Galicia y Septentrion;Partido;;29.22725;-109.73656
PMGDSSBV;Buena Vista;Buena Vista @ Buenavista;Presidio;Sonora-Sinaloa;GDJ;buena_vista_presidio_gdj;~~REDIRECT>buena_vista_presidio_gdj~~;GDSSBVPM;1770;1808;1009;;;;Nueva Galicia y Septentrion;Partido;;27.8024;-109.90082
PMGDSSCU;Cucurpe;Cucurpe @;Partido;Sonora-Sinaloa;GDJ;cucurpe_partido_gdj;~~REDIRECT>cucurpe_partido_gdj~~;GDSSCUPM;1775;1808;1010;;;;Nueva Galicia y Septentrion;Partido;;30.33028;-110.70528
PMGDSSFR;Fronteras;Fronteras @ Corodeguachi;Presidio;Sonora-Sinaloa;GDJ;fronteras_presidio_gdj;~~REDIRECT>fronteras_presidio_gdj~~;GDSSFRPM;1770;1808;1011;;;;Nueva Galicia y Septentrion;Partido;;31.345;-109.47711
PMGDSSHO;Horcasitas;Horcasitas @ Pitic @ San Miguel de Horcasitas;Presidio;Sonora-Sinaloa;GDJ;horcasitas_presidio_gdj;~~REDIRECT>horcasitas_presidio_gdj~~;GDSSHOPM;1775;1808;1012;;;;Nueva Galicia y Septentrion;Partido;;29.22725;-109.73656
PMGDSSHU;San Antonio de la Huerta;San Antonio de la Huerta @ San Antonio de las Huertas;Partido;Sonora-Sinaloa;GDJ;san_antonio_de_la_huerta_partido_gdj;~~REDIRECT>san_antonio_de_la_huerta_partido_gdj~~;GDSSHUPM;1759;1808;1013;;;;Nueva Galicia y Septentrion;Partido;;28.63;-109.61
PMGDSSMA;Matape;Matape @;Partido;Sonora-Sinaloa;GDJ;matape_partido_gdj;~~REDIRECT>matape_partido_gdj~~;GDSSMAPM;1775;1808;1014;;;;Nueva Galicia y Septentrion;Partido;;29.11889;-109.96972
PMGDSSNA;Nacameri;Nacameri @ Opodepe;Partido;Sonora-Sinaloa;GDJ;nacameri_partido_gdj;~~REDIRECT>nacameri_partido_gdj~~;GDSSNAPM;1704;1808;1015;;;;Nueva Galicia y Septentrion;Partido;;29.97216;-110.64476
PMGDSSOP;Oposura;Oposura @;Partido;Sonora-Sinaloa;GDJ;oposura_partido_gdj;~~REDIRECT>oposura_partido_gdj~~;GDSSOPPM;1775;1808;1016;;;;Nueva Galicia y Septentrion;Partido;;29.80278;-109.68028
PMGDSSSA;Santa Ana;Santa Ana @ San Ignacio @ Imuris @ Ymuris;Partido;Sonora-Sinaloa;GDJ;santa_ana_partido_gdj;~~REDIRECT>santa_ana_partido_gdj~~;GDSSSAPM;1775;1808;1017;;;;Nueva Galicia y Septentrion;Partido;;30.53981;-111.12292
PMGDSSSC;Santa Cruz;Santa Cruz @ Suanca @ Terrenate;Presidio;Sonora-Sinaloa;GDJ;santa_cruz_presidio_gdj;~~REDIRECT>santa_cruz_presidio_gdj~~;GDSSSCPM;1775;1808;1018;;;;Nueva Galicia y Septentrion;Partido;;31.75083;-110.20194
PMGDSSTB;Tubac;Tubac @;Presidio;Sonora-Sinaloa;GDJ;tubac_presidio_gdj;~~REDIRECT>tubac_presidio_gdj~~;GDSSTBPM;1751;1808;1019;;;;Nueva Galicia y Septentrion;Partido;;32.22433;-110.97347
PMGDSSTC;Tucson;Tucson @;Presidio;Sonora-Sinaloa;GDJ;tucson_presidio_gdj;~~REDIRECT>tucson_presidio_gdj~~;GDSSTCPM;1770;1808;1020;;;;Nueva Galicia y Septentrion;Partido;;31.61061;-111.04687
PMGDSSUR;Ures;Ures @ San Jose de Gracia;Partido;Sonora-Sinaloa;GDJ;ures_partido_gdj;~~REDIRECT>ures_partido_gdj~~;GDSSURPM;1775;1808;1021;;;;Nueva Galicia y Septentrion;Partido;;29.42806;-110.38917
PMGDSSVS;Valle de Sonora;Valle de Sonora @ Motepore @ Real de San Antonio;Partido;Sonora-Sinaloa;GDJ;valle_de_sonora_partido_gdj;~~REDIRECT>valle_de_sonora_partido_gdj~~;GDSSVSPM;1111;1808;1022;;;;Nueva Galicia y Septentrion;Partido;;30.16907;-110.32898
PMGDTXAH;Orcoquizac;Orcoquizac @ San Agustin de Ahumada @ Orcoquiza;Presidio;Texas;GDJ;orcoquizac_presidio_gdj;~~REDIRECT>orcoquizac_presidio_gdj~~;GDTXAHPM;1756;1771;1023;;;;Nueva Galicia y Septentrion;Jurisdiccion;;29.84238;-94.71127
PMGDTXFJ;San Francisco Xavier;San Francisco Xavier @ Gigedo;Presidio;Texas;GDJ;san_francisco_xavier_presidio_gdj;~~REDIRECT>san_francisco_xavier_presidio_gdj~~;GDTXFJPM;1751;1754;1024;;;;Nueva Galicia y Septentrion;Jurisdiccion;;90;0
PMGDTXLB;La Bahia;La Bahia @ Espiritu Santo;Presidio;Texas;GDJ;la_bahia_presidio_gdj;~~REDIRECT>la_bahia_presidio_gdj~~;GDTXLBPM;1722;1808;1025;;;;Nueva Galicia y Septentrion;Jurisdiccion;;28.805;-97.0033
PMGDTXNA;Nacogdoches;Nacogdoches @ Adaes @ Pilar @ Texas;Presidio;Texas;GDJ;nacogdoches_presidio_gdj;~~REDIRECT>nacogdoches_presidio_gdj~~;GDTXNAPM;1111;1808;1026;;;;Nueva Galicia y Septentrion;Jurisdiccion;;31.54355;-95.21605
PMGDTXSA;Bexar;Bexar @ San Antonio;Presidio;Texas;GDJ;bexar_presidio_gdj;~~REDIRECT>bexar_presidio_gdj~~;GDTXSAPM;1718;1808;1027;;;;Nueva Galicia y Septentrion;Jurisdiccion;;29.42457;-98.49511
PMGUCYRO;Roatan;Roatan @;Partido;Comayagua;GUA;roatan_partido_gua;~~REDIRECT>roatan_partido_gua~~;GUCYROPM;1782;1796;1028;;;;Guatemala;Partido;;90;0
PMGUGUIS;isla de San Andres;isla de San Andres @;Partido;Guatemala;GUA;isla_de_san_andres_partido_gua;~~REDIRECT>isla_de_san_andres_partido_gua~~;GUGUISPM;1775;1808;1029;;;;Guatemala;Partido;;12.58341;-81.70517
PMNEMXAM;Amatepec;Amatepec @;Partido;Mexico;NES;amatepec_partido_nes;~~REDIRECT>amatepec_partido_nes~~;NEMXAMPM;1111;1808;1030;;;;Nueva España;Partido;;18.68222;-100.18583
PMNEMXMO;Motines de Zacatula;Motines de Zacatula @;Partido;Mexico;NES;motines_de_zacatula_partido_nes;~~REDIRECT>motines_de_zacatula_partido_nes~~;NEMXMOPM;1111;1808;1031;;;;Nueva España;Partido;;90;0
PMNEMXOC;Ocuituco;Ocuituco @;Partido;Mexico;NES;ocuituco_partido_nes;~~REDIRECT>ocuituco_partido_nes~~;NEMXOCPM;1111;1808;1032;;;;Nueva España;Partido;;18.87278;-98.77333
PMNEOATO;Teococuilco;Teococuilco @ Tecuicuilco @ Teocuicuilco y Teozacualco;Partido;Oaxaca;NES;teococuilco_partido_nes;~~REDIRECT>teococuilco_partido_nes~~;NEOATOPM;1531;1808;1035;;;;Nueva España;Partido;;17.35278;-96.61167
PMNEPUJO;Jonotla;Jonotla @ Xonotla;Partido;Puebla;NES;jonotla_partido_nes;~~REDIRECT>jonotla_partido_nes~~;NEPUJOPM;1111;1786;1036;;;;Nueva España;Partido;;20.02833;-97.575
PMNGCABQ;Barranquilla;Barranquilla @;Jurisdiccion;Cartagena;NGR;barranquilla_jurisdiccion_ngr;~~REDIRECT>barranquilla_jurisdiccion_ngr~~;NGCABQPM;1681;1808;1037;;;;Nuevo Reino de Granada;Partido;;10.97998;-74.77708
PMNGCALC;La Cruz;La Cruz @ Real de la Cruz;Partido;Cartagena;NGR;la_cruz_partido_ngr;~~REDIRECT>la_cruz_partido_ngr~~;NGCALCPM;1634;1773;1038;;;;Nuevo Reino de Granada;Partido;;10.3795;-74.875
PMNGCAST;Santo Tomas;Santo Tomas @ Villanueva;Partido;Cartagena;NGR;santo_tomas_partido_ngr;~~REDIRECT>santo_tomas_partido_ngr~~;NGCASTPM;1772;1808;1039;;;;Nuevo Reino de Granada;Partido;;10.75916;-74.75234
PMNGSMBA;Banco;Banco @ El Banco;Partido;Santa Marta;NGR;banco_partido_ngr;~~REDIRECT>banco_partido_ngr~~;NGSMBAPM;1111;9999;1040;;;;Nuevo Reino de Granada;Partido;;8.99537;-73.97231
PMNGSMCH;Chiriguana;Chiriguana @;Partido;Santa Marta;NGR;chiriguana_partido_ngr;~~REDIRECT>chiriguana_partido_ngr~~;NGSMCHPM;1111;9999;1041;;;;Nuevo Reino de Granada;Partido;;9.3638;-73.6017
PMNGSMCI;Cienaga;Cienaga @ Cienagas;Partido;Santa Marta;NGR;cienaga_partido_ngr;~~REDIRECT>cienaga_partido_ngr~~;NGSMCIPM;1111;1808;1042;;;;Nuevo Reino de Granada;Partido;;11.00571;-74.24641
PMNGSMFO;Fonseca;Fonseca @;Partido;Santa Marta;NGR;fonseca_partido_ngr;~~REDIRECT>fonseca_partido_ngr~~;NGSMFOPM;1805;9999;1424;;;;Nuevo Reino de Granada;Partido;;10.88618;-72.83801
PMNGSMGU;Guaimaro;Guaimaro @ Guaymaro;Partido;Santa Marta;NGR;guaimaro_partido_ngr;~~REDIRECT>guaimaro_partido_ngr~~;NGSMGUPM;1111;1808;1043;;;;Nuevo Reino de Granada;Partido;;10.581;-74.714
PMNGSMPI;Piñon;Piñon @ Peñon @ San Pedro Martir de Piñon;Partido;Cartagena;NGR;pinon_partido_ngr;~~REDIRECT>piñon_partido_ngr~~;NGSMPIPM;1770;1808;1044;;;;Nuevo Reino de Granada;Partido;;10.40429;-74.82431
PMNGSMRE;Remolino;Remolino @;Partido;Santa Marta;NGR;remolino_partido_ngr;~~REDIRECT>remolino_partido_ngr~~;NGSMREPM;1111;1808;1045;;;;Nuevo Reino de Granada;Partido;;10.70201;-74.71701
PMNGSMZT;Zambrano y Teton;Zambrano y Teton @;Partido;Santa Marta;NGR;zambrano_y_teton_partido_ngr;~~REDIRECT>zambrano_y_teton_partido_ngr~~;NGSMZTPM;1742;1808;1046;;;;Nuevo Reino de Granada;Partido;;9.74148;-74.81777
PMRPBACP;Curupayty y Lomas de Pedro Gonzalez;Curupayty y Lomas de Pedro Gonzalez @;Partido;Buenos Aires;RPL;curupayty_y_lomas_de_pedro_gonzalez_partido_rpl;~~REDIRECT>curupayty_y_lomas_de_pedro_gonzalez_partido_rpl~~;RPBACPPM;1701;1808;1047;;;;Rio de la Plata;Partido;;90;0
PMRPBOCO;Colla;Colla @;Partido;Banda Oriental;RPL;colla_partido_rpl;~~REDIRECT>colla_partido_rpl~~;RPBOCOPM;1775;1776;1048;;;;Rio de la Plata;Partido;;-34.31156;-57.35129
PMRPBODO;Dolores;Dolores @ Espinillo;Partido;Banda Oriental;RPL;dolores_partido_rpl;~~REDIRECT>dolores_partido_rpl~~;RPBODOPM;1774;1808;1049;;;;Rio de la Plata;Partido;;-33.53007;-58.21707
PMRPBOLV;Las Viboras;Las Viboras @;Partido;Banda Oriental;RPL;las_viboras_partido_rpl;~~REDIRECT>las_viboras_partido_rpl~~;RPBOLVPM;1758;1808;1050;;;;Rio de la Plata;Partido;;-33.9298;-58.1996
PMRPBOPO;Porongo;Porongo @ Porongos;Partido;Banda Oriental;RPL;porongo_partido_rpl;~~REDIRECT>porongo_partido_rpl~~;RPBOPOPM;1804;1808;1051;;;;Rio de la Plata;Partido;;-33.5165;-56.8996
PMRPBOPP;Porongos y Pintado;Porongos y Pintado @;Partido;Banda Oriental;RPL;porongos_y_pintado_partido_rpl;~~REDIRECT>porongos_y_pintado_partido_rpl~~;RPBOPPPM;;;1052;;;;Rio de la Plata;Partido;;;
PMRPBOYN;Rios Yi y Negro;Rios Yi y Negro @;Partido;Banda Oriental;RPL;rios_yi_y_negro_partido_rpl;~~REDIRECT>rios_yi_y_negro_partido_rpl~~;RPBOYNPM;;;1053;;;;Rio de la Plata;Partido;;;
PMRPERAC;Arroyo de la China;Arroyo de la China @ Concepcion;Partido;Banda Oriental;RPL;arroyo_de_la_china_partido_rpl;~~REDIRECT>arroyo_de_la_china_partido_rpl~~;RPERACPM;1777;1808;1054;;;;Rio de la Plata;Partido;;-32.48656;-58.2476
PMRPERES;Esquina;Esquina @;Partido;Buenos Aires;RPL;esquina_partido_rpl;~~REDIRECT>esquina_partido_rpl~~;RPERESPM;1782;1808;1055;;;;Rio de la Plata;Partido;;-30.01708;-59.53409
PMRPERGU;Gualeguaychu;Gualeguaychu @;Partido;Banda Oriental;RPL;gualeguaychu_partido_rpl;~~REDIRECT>gualeguaychu_partido_rpl~~;RPERGUPM;1777;1808;1056;;;;Rio de la Plata;Partido;;-33.00783;-58.51097
PMRPERGY;Gualeguay;Gualeguay @;Partido;Buenos Aires;RPL;gualeguay_partido_rpl;~~REDIRECT>gualeguay_partido_rpl~~;RPERGYPM;1777;1808;1057;;;;Rio de la Plata;Partido;;-33.14646;-59.31303
PMRPERLB;La Bajada;La Bajada @ Parana;Partido;Buenos Aires;RPL;la_bajada_partido_rpl;~~REDIRECT>la_bajada_partido_rpl~~;RPERLBPM;1777;1808;1058;;;;Rio de la Plata;Partido;;-31.74326;-60.5172
PMRPERNO;Nogoya;Nogoya @;Partido;Buenos Aires;RPL;nogoya_partido_rpl;~~REDIRECT>nogoya_partido_rpl~~;RPERNOPM;1777;1808;1059;;;;Rio de la Plata;Partido;;-32.399;-59.7876
PMRPPAAT;Atira;Atira @;Jurisdiccion;Paraguay;RPL;atira_jurisdiccion_rpl;~~REDIRECT>atira_jurisdiccion_rpl~~;RPPAATPM;1701;1808;1060;;;;Rio de la Plata;indefinido;;-25.28003;-57.17093
PMRPPABE;Belen;Belen @;Jurisdiccion;Paraguay;RPL;belen_jurisdiccion_rpl;~~REDIRECT>belen_jurisdiccion_rpl~~;RPPABEPM;1760;1808;1061;;;;Rio de la Plata;indefinido;;-23.47191;-57.2622
PMRPPACA;Caazapa;Caazapa @;Jurisdiccion;Paraguay;RPL;caazapa_jurisdiccion_rpl;~~REDIRECT>caazapa_jurisdiccion_rpl~~;RPPACAPM;1701;1808;1062;;;;Rio de la Plata;indefinido;;-26.19619;-56.36789
PMRPPAEM;Emboscada;Emboscada @;Jurisdiccion;Paraguay;RPL;emboscada_jurisdiccion_rpl;~~REDIRECT>emboscada_jurisdiccion_rpl~~;RPPAEMPM;1740;1808;1063;;;;Rio de la Plata;indefinido;;-25.12337;-57.35043
PMRPPAGU;Guarambare;Guarambare @;Jurisdiccion;Paraguay;RPL;guarambare_jurisdiccion_rpl;~~REDIRECT>guarambare_jurisdiccion_rpl~~;RPPAGUPM;1701;1808;1064;;;;Rio de la Plata;indefinido;;-25.49132;-57.4548
PMRPPAIA;Ita;Ita @;Jurisdiccion;Paraguay;RPL;ita_jurisdiccion_rpl;~~REDIRECT>ita_jurisdiccion_rpl~~;RPPAIAPM;1701;1808;1065;;;;Rio de la Plata;indefinido;;-25.506;-57.36415
PMRPPAIE;Itape;Itape @;Jurisdiccion;Paraguay;RPL;itape_jurisdiccion_rpl;~~REDIRECT>itape_jurisdiccion_rpl~~;RPPAIEPM;1701;1808;1066;;;;Rio de la Plata;indefinido;;-25.85142;-56.61345
PMRPPAIP;Ipane;Ipane @;Jurisdiccion;Paraguay;RPL;ipane_jurisdiccion_rpl;~~REDIRECT>ipane_jurisdiccion_rpl~~;RPPAIPPM;1701;1808;1067;;;;Rio de la Plata;indefinido;;-25.45802;-57.50671
PMRPPALA;Los Altos;Los Altos @;Jurisdiccion;Paraguay;RPL;los_altos_jurisdiccion_rpl;~~REDIRECT>los_altos_jurisdiccion_rpl~~;RPPALAPM;1701;1808;1068;;;;Rio de la Plata;indefinido;;-25.26333;-57.24692
PMRPPANE;San Juan Nepomuceno;San Juan Nepomuceno @;Jurisdiccion;Paraguay;RPL;san_juan_nepomuceno_jurisdiccion_rpl;~~REDIRECT>san_juan_nepomuceno_jurisdiccion_rpl~~;RPPANEPM;1797;1808;1069;;;;Rio de la Plata;indefinido;;-26.11282;-55.9376
PMRPPASE;San Estanislao;San Estanislao @;Jurisdiccion;Paraguay;RPL;san_estanislao_jurisdiccion_rpl;~~REDIRECT>san_estanislao_jurisdiccion_rpl~~;RPPASEPM;1749;1808;1070;;;;Rio de la Plata;indefinido;;-24.66574;-56.44552
PMRPPASJ;San Joaquin;San Joaquin @;Jurisdiccion;Paraguay;RPL;san_joaquin_jurisdiccion_rpl;~~REDIRECT>san_joaquin_jurisdiccion_rpl~~;RPPASJPM;1747;1808;1071;;;;Rio de la Plata;indefinido;;-25.02868;-56.04581
PMRPPATO;Tobati;Tobati @;Jurisdiccion;Paraguay;RPL;tobati_jurisdiccion_rpl;~~REDIRECT>tobati_jurisdiccion_rpl~~;RPPATOPM;1701;1808;1072;;;;Rio de la Plata;indefinido;;-25.26146;-57.08307
PMRPPAYU;Yuti;Yuti @;Jurisdiccion;Paraguay;RPL;yuti_jurisdiccion_rpl;~~REDIRECT>yuti_jurisdiccion_rpl~~;RPPAYUPM;1701;1808;1073;;;;Rio de la Plata;indefinido;;-26.61493;-56.24665
PRCCCB00;Cochabamba;Cochabamba @;Provincia;Provincia;CHA;cochabamba_provincia_cha;~~REDIRECT>cochabamba_provincia_cha~~;CCCB00PR;1784;1808;1074;;;;Charcas;Provincia;;-17.39354;-66.15701
PRCCCBGP;Gran Paititi;Gran Paititi @ Chunchos y Paititi;Provincia;Provincia;CHA;gran_paititi_provincia_cha;~~REDIRECT>gran_paititi_provincia_cha~~;CCCBGPPR;;;1451;;;;Charcas;indefinido;;;
PRCCCBSC;Santa Cruz de la Sierra;Santa Cruz de la Sierra @;Provincia;Provincia;CHA;santa_cruz_de_la_sierra_provincia_cha;~~REDIRECT>santa_cruz_de_la_sierra_provincia_cha~~;CCCBSCPR;1560;1783;1075;;;;Charcas;Provincia;;-17.75403;-62.99724
PRCCCC00;Charcas;Charcas @ Chuquisaca;Provincia;Provincia;CHA;charcas_provincia_cha;~~REDIRECT>charcas_provincia_cha~~;CCCC00PR;1559;1808;1076;;;;Charcas;Provincia;;-19.04786;-65.2596
PRCCLP00;La Paz;La Paz @;Provincia;Provincia;CHA;la_paz_provincia_cha;~~REDIRECT>la_paz_provincia_cha~~;CCLP00PR;1784;1808;1077;;;;Charcas;Provincia;;-16.49626;-68.13411
PRCCPO00;Potosi;Potosi @ La Plata y Villa imperial;Provincia;Provincia;CHA;potosi_provincia_cha;~~REDIRECT>potosi_provincia_cha~~;CCPO00PR;1784;1808;1078;;;;Charcas;Provincia;;-19.58928;-65.75351
PRCCPU00;Puno;Puno @;Provincia;Provincia;CHA;puno_provincia_cha;~~REDIRECT>puno_provincia_cha~~;CCPU00PR;1784;1808;1079;;;;Charcas;Provincia;;-15.84057;-70.02789
PRCHCH00;Chiloe;Chiloe @ Castro;Provincia;Provincia;CHL;chiloe_provincia_chl;~~REDIRECT>chiloe_provincia_chl~~;CHCH00PR;1567;1808;1080;;;;Chile;Provincia;;-42.48214;-73.7654
PRCHCO00;Concepcion;Concepcion @;Provincia;Provincia;CHL;concepcion_provincia_chl;~~REDIRECT>concepcion_provincia_chl~~;CHCO00PR;1563;1808;1081;;;;Chile;Provincia;;-36.73891;-72.9936
PRCHSA00;Santiago;Santiago @;Provincia;Provincia;CHL;santiago_provincia_chl;~~REDIRECT>santiago_provincia_chl~~;CHSA00PR;1563;1808;1082;;;;Chile;Provincia;;-33.43756;-70.65006
PRGDCO00;Coahuila;Coahuila @ Nueva Extremadura @ Potosi, Valle de Couyla y Trinidad @ Nuevo Almaden;Provincia;Provincia;GDJ;coahuila_provincia_gdj;~~REDIRECT>coahuila_provincia_gdj~~;GDCO00PR;1577;1808;1083;;;;Nueva Galicia y Septentrion;Provincia;;26.9058;-101.4243
PRGDDU00;Nueva Vizcaya;Nueva Vizcaya @ Durango @ Parral;Provincia;Provincia;GDJ;nueva_vizcaya_provincia_gdj;~~REDIRECT>nueva_vizcaya_provincia_gdj~~;GDDU00PR;1562;1808;1084;;;;Nueva Galicia y Septentrion;Provincia;;26.93301;-105.66316
PRGDGD00;Nueva Galicia;Nueva Galicia @ Guadalajara;Provincia;Provincia;GDJ;nueva_galicia_provincia_gdj;~~REDIRECT>nueva_galicia_provincia_gdj~~;GDGD00PR;1531;1808;1085;;;134884982;Nueva Galicia y Septentrion;Provincia;;21.51611;-104.89389
PRGDNA00;Nayarit;Nayarit @ Nuevo Toledo;Provincia;Provincia;GDJ;nayarit_provincia_gdj;~~REDIRECT>nayarit_provincia_gdj~~;GDNA00PR;1111;1808;1086;;;;Nueva Galicia y Septentrion;Provincia;;22.21639;-104.65222
PRGDNL00;Nuevo Leon;Nuevo Leon @;Provincia;Provincia;GDJ;nuevo_leon_provincia_gdj;~~REDIRECT>nuevo_leon_provincia_gdj~~;GDNL00PR;1579;1808;1087;;;;Nueva Galicia y Septentrion;Provincia;;25.67097;-100.30998
PRGDNM00;Nuevo Mexico;Nuevo Mexico @;Provincia;Provincia;GDJ;nuevo_mexico_provincia_gdj;~~REDIRECT>nuevo_mexico_provincia_gdj~~;GDNM00PR;1598;1808;1088;;;;Nueva Galicia y Septentrion;Provincia;;35.6875;-105.93851
PRGDNS00;Nuevo Santander;Nuevo Santander @ Colonia de Nuevo Santander;Provincia;Provincia;GDJ;nuevo_santander_provincia_gdj;~~REDIRECT>nuevo_santander_provincia_gdj~~;GDNS00PR;1748;1808;1089;;;;Nueva Galicia y Septentrion;Provincia;;24.58315;-98.94156
PRGDSS00;Sinaloa y Sonora;Sinaloa y Sonora @ Arizpe;Provincia;Provincia;GDJ;sinaloa_y_sonora_provincia_gdj;~~REDIRECT>sinaloa_y_sonora_provincia_gdj~~;GDSS00PR;1733;1808;1090;;;;Nueva Galicia y Septentrion;Provincia;;29.48709;-110.72483
PRGDTX00;Texas;Texas @ Nueva Filipina @ La Carolina;Provincia;Provincia;GDJ;texas_provincia_gdj;~~REDIRECT>texas_provincia_gdj~~;GDTX00PR;1687;1808;1091;;;;Nueva Galicia y Septentrion;Provincia;;31.70823;-93.2935
PRGDZA00;Zacatecas;Zacatecas @;Provincia;Provincia;GDJ;zacatecas_provincia_gdj;~~REDIRECT>zacatecas_provincia_gdj~~;GDZA00PR;1787;1808;1092;;;;Nueva Galicia y Septentrion;Provincia;;22.7758;-102.57148
PRGUCH00;Chiapas;Chiapas @ Ciudad Real;Provincia;Provincia;GUA;chiapas_provincia_gua;~~REDIRECT>chiapas_provincia_gua~~;GUCH00PR;1786;1808;1093;;;;Guatemala;Provincia;;16.73695;-92.63753
PRGUCR00;Costa Rica;Costa Rica @ Nueva Cartago y Costa Rica @ Veragua Real;Provincia;Provincia;GUA;costa_rica_provincia_gua;~~REDIRECT>costa_rica_provincia_gua~~;GUCR00PR;1537;1808;1094;;;;Guatemala;Provincia;;9.86474;-83.92088
PRGUCY00;Comayagua;Comayagua @ Honduras @ Comayagua y provincia de Honduras @ Higueras y Cabo de Honduras;Provincia;Provincia;GUA;comayagua_provincia_gua;~~REDIRECT>comayagua_provincia_gua~~;GUCY00PR;1525;1808;1095;;;;Guatemala;Provincia;;15.91727;-85.95522
PRGUGU00;Guatemala;Guatemala @;Provincia;Provincia;GUA;guatemala_provincia_gua;~~REDIRECT>guatemala_provincia_gua~~;GUGU00PR;1524;1808;1096;;;;Guatemala;Provincia;;14.62181;-90.51879
PRGUNI00;Leon;Leon @ Nicaragua;Provincia;Provincia;GUA;leon_provincia_gua;~~REDIRECT>leon_provincia_gua~~;GUNI00PR;1527;1808;1097;;;;Guatemala;Provincia;;12.43496;-86.87836
PRGUSS00;San Salvador;San Salvador @ San Salvador y sus agregados de San Miguel y San Vicente;Provincia;Provincia;GUA;san_salvador_provincia_gua;~~REDIRECT>san_salvador_provincia_gua~~;GUSS00PR;1560;1808;1098;;;;Guatemala;Provincia;;13.69834;-89.19136
PRNECL00;California;California @ Las Californias @ Antigua California @ Baja California;Provincia;Provincia;GDJ;california_provincia_gdj;~~REDIRECT>california_provincia_gdj~~;NECL00PR;1697;1808;1099;;;;Nueva Galicia y Septentrion;Provincia;;36.59552;-121.89061
PRNECT00;Colotlan;Colotlan @ Colotlan y Nayarit @ Fronteras de San Luis de Colotlan @ Fronteras de San Luis Obispo;Provincia;Provincia;GDJ;colotlan_provincia_gdj;~~REDIRECT>colotlan_provincia_gdj~~;NECT00PR;1591;1808;1100;;;;Nueva Galicia y Septentrion;Provincia;;22.11417;-103.26639
PRNEGJ00;Guanajuato;Guanajuato @;Provincia;Provincia;NES;guanajuato_provincia_nes;~~REDIRECT>guanajuato_provincia_nes~~;NEGJ00PR;1787;1808;1101;;;;Nueva España;Provincia;;21.01661;-101.25272
PRNEMI00;Michoacan;Michoacan @ Valladolid;Provincia;Provincia;NES;michoacan_provincia_nes;~~REDIRECT>michoacan_provincia_nes~~;NEMI00PR;1787;1808;1102;;;;Nueva España;Provincia;;19.70389;-101.18472
PRNEMX00;Nueva España;Nueva España @ Mexico;Provincia;Provincia;NES;nueva_espana_provincia_nes;~~REDIRECT>nueva_españa_provincia_nes~~;NEMX00PR;1519;1808;1103;;;;Nueva España;Provincia;;19.43379;-99.13313
PRNEOA00;Oaxaca;Oaxaca @ Antequera;Provincia;Provincia;NES;oaxaca_provincia_nes;~~REDIRECT>oaxaca_provincia_nes~~;NEOA00PR;1787;1808;1104;;;;Nueva España;Provincia;;17.06971;-96.7189
PRNEPU00;Puebla;Puebla @;Provincia;Provincia;NES;puebla_provincia_nes;~~REDIRECT>puebla_provincia_nes~~;NEPU00PR;1755;1808;1105;;;;Nueva España;Provincia;;19.04259;-98.19804
PRNESL00;San Luis Potosi;San Luis Potosi @;Provincia;Provincia;NES;san_luis_potosi_provincia_nes;~~REDIRECT>san_luis_potosi_provincia_nes~~;NESL00PR;1787;1808;1106;;;;Nueva España;Provincia;;22.15153;-100.97581
PRNEVC00;Veracruz;Veracruz @;Provincia;Provincia;NES;veracruz_provincia_nes;~~REDIRECT>veracruz_provincia_nes~~;NEVC00PR;1731;1808;1107;;;;Nueva España;Provincia;;19.19333;-96.13775
PRNEYU00;Yucatan;Yucatan @ Merida;Provincia;Provincia;NES;yucatan_provincia_nes;~~REDIRECT>yucatan_provincia_nes~~;NEYU00PR;1539;1808;1108;;;;Nueva España;Provincia;;20.96671;-89.62322
PRNGAN00;Antioquia;Antioquia @ Santafe de Antioquia;Provincia;Provincia;NGR;antioquia_provincia_ngr;~~REDIRECT>antioquia_provincia_ngr~~;NGAN00PR;1546;1808;1109;;;;Nuevo Reino de Granada;Provincia;;6.55837;-75.82743
PRNGCA00;Cartagena de Indias;Cartagena de Indias @ Cartagena de Indias @ Golfo de Uraba y Nueva Andalucia;Provincia;Provincia;NGR;cartagena_de_indias_provincia_ngr;~~REDIRECT>cartagena_de_indias_provincia_ngr~~;NGCA00PR;1508;1808;1110;;;;Nuevo Reino de Granada;Provincia;;10.42306;-75.55076
PRNGCG00;Caguan;Caguan @;Provincia;Provincia;NGR;caguan_provincia_ngr;~~REDIRECT>caguan_provincia_ngr~~;NGCG00PR;1585;9999;1413;;;;Nuevo Reino de Granada;indefinido;;90;0
PRNGCH00;Choco;Choco @ Rio de San Juan;Provincia;Provincia;NGR;choco_provincia_ngr;~~REDIRECT>choco_provincia_ngr~~;NGCH00PR;1537;1808;1111;;;;Nuevo Reino de Granada;Provincia;;4.60895;-76.05481
PRNGDA00;Darien;Darien @;Provincia;Provincia;TFI;darien_provincia_ngr;~~REDIRECT>darien_provincia_ngr~~;NGDA00PR;1621;1808;1112;;;;Tierra Firme;Provincia;;8.15697;-77.6912
PRNGLL00;Los Llanos;Los Llanos @ Chire @ Casanare @ Santiago de las Atalayas @ Medina de Torres @ Arauca @;Provincia;Provincia;NGR;los_llanos_provincia_ngr;~~REDIRECT>los_llanos_provincia_ngr~~;NGLL00PR;1111;1808;1113;;;;Nuevo Reino de Granada;Provincia;;5.72773;-71.99319
PRNGMA00;Mariquita;Mariquita @ Tocaima y Bague @ Tocaima, Ibague y Mariquita @ Tocaima y Mariquita @ Tocaima, Bague y ciudad de Mariquita y demas pueblos de tierra caliente;Provincia;Provincia;NGR;mariquita_provincia_ngr;~~REDIRECT>mariquita_provincia_ngr~~;NGMA00PR;1550;1808;1114;;;;Nuevo Reino de Granada;Provincia;;5.20225;-74.73751
PRNGMU00;Muzo y La Palma;Muzo y La Palma @ Muzo y Colima;Provincia;Provincia;NGR;muzo_y_la_palma_provincia_ngr;~~REDIRECT>muzo_y_la_palma_provincia_ngr~~;NGMU00PR;1575;1649;1606;;;;Nuevo Reino de Granada;indefinido;;90;0
PRNGNE00;Neiva;Neiva @;Provincia;Provincia;NGR;neiva_provincia_ngr;~~REDIRECT>neiva_provincia_ngr~~;NGNE00PR;1610;1808;1115;;;;Nuevo Reino de Granada;Provincia;;2.92357;-75.28542
PRNGPA00;Panama;Panama @ Istmo @ Tierra Firme @ Castilla de Oro;Provincia;Provincia;TFI;panama_provincia_ngr;~~REDIRECT>panama_provincia_ngr~~;NGPA00PR;1508;1808;1116;;;;Tierra Firme;Provincia;;8.95234;-79.53472
PRNGPP00;Pamplona;Pamplona @ Giron;Provincia;Provincia;NGR;pamplona_provincia_ngr;~~REDIRECT>pamplona_provincia_ngr~~;NGPP00PR;1795;1808;1117;;;;Nuevo Reino de Granada;Provincia;;7.3757;-72.6488
PRNGSF00;Santa Fe;Santa Fe @ Santafe de Bogota;Provincia;Provincia;NGR;santa_fe_provincia_ngr;~~REDIRECT>santa_fe_provincia_ngr~~;NGSF00PR;1538;1808;1118;;;;Nuevo Reino de Granada;Provincia;;4.59744;-74.07475
PRNGSM00;Santa Marta;Santa Marta @ Santa Marta y Rio de la Hacha;Provincia;Provincia;NGR;santa_marta_provincia_ngr;~~REDIRECT>santa_marta_provincia_ngr~~;NGSM00PR;1533;1808;1119;;;;Nuevo Reino de Granada;Provincia;;11.24327;-74.21052
PRNGSO00;Socorro;Socorro @ El Socorro;Provincia;Provincia;NGR;socorro_provincia_ngr;~~REDIRECT>socorro_provincia_ngr~~;NGSO00PR;1795;1808;1120;;;;Nuevo Reino de Granada;Provincia;;;
PRNGTU00;Tunja;Tunja @;Provincia;Provincia;NGR;tunja_provincia_ngr;~~REDIRECT>tunja_provincia_ngr~~;NGTU00PR;1539;1808;1121;;;;Nuevo Reino de Granada;Provincia;;5.53305;-73.36134
PRNGVE00;Veragua;Veragua @ Veraguas;Provincia;Provincia;TFI;veragua_provincia_ngr;~~REDIRECT>veragua_provincia_ngr~~;NGVE00PR;1508;1808;1122;;;;Tierra Firme;Provincia;;8.10932;-80.98146
PRPEAR00;Arequipa;Arequipa @;Provincia;Provincia;PER;arequipa_provincia_per;~~REDIRECT>arequipa_provincia_per~~;PEAR00PR;1784;1808;1123;;;;Peru;Provincia;;-16.39822;-71.53673
PRPECU00;Cuzco;Cuzco @;Provincia;Provincia;PER;cuzco_provincia_per;~~REDIRECT>cuzco_provincia_per~~;PECU00PR;1784;1808;1124;;;;Peru;Provincia;;-13.51672;-71.97888
PRPEHU00;Huamanga;Huamanga @;Provincia;Provincia;PER;huamanga_provincia_per;~~REDIRECT>huamanga_provincia_per~~;PEHU00PR;1784;1808;1125;;;;Peru;Provincia;;-13.16076;-74.2249
PRPEHV00;Huancavelica;Huancavelica @;Provincia;Provincia;PER;huancavelica_provincia_per;~~REDIRECT>huancavelica_provincia_per~~;PEHV00PR;1784;1808;1126;;;;Peru;Provincia;;-12.7878;-74.97309
PRPELI00;Lima;Lima @;Provincia;Provincia;PER;lima_provincia_per;~~REDIRECT>lima_provincia_per~~;PELI00PR;1535;1808;1127;;;;Peru;Provincia;;-12.04665;-77.02998
PRPENT00;Nueva Toledo;Nueva Toledo @;Provincia;Provincia;PER;nueva_toledo_provincia_per;~~REDIRECT>nueva_toledo_provincia_per~~;PENT00PR;1534;1537;1395;;;;Peru;indefinido;;-13.51672;-71.97888
PRPETA00;Tarma;Tarma @;Provincia;Provincia;PER;tarma_provincia_per;~~REDIRECT>tarma_provincia_per~~;PETA00PR;1784;1808;1128;;;153675911;Peru;Provincia;;-11.41817;-75.68667
PRPETR00;Trujillo;Trujillo @;Provincia;Provincia;PER;trujillo_provincia_per;~~REDIRECT>trujillo_provincia_per~~;PETR00PR;1784;1808;1129;;;;Peru;Provincia;;-8.1117;-79.02876
PRQUCU00;Cuenca;Cuenca @;Provincia;Provincia;QUI;cuenca_provincia_qui;~~REDIRECT>cuenca_provincia_qui~~;QUCU00PR;1557;1808;1130;;;;Quito;Provincia;;-2.89752;-79.00442
PRQUES00;Esmeraldas;Esmeraldas @ Atacames @ Santa Rosa @ Quillaseca;Provincia;Provincia;QUI;esmeraldas_provincia_qui;~~REDIRECT>esmeraldas_provincia_qui~~;QUES00PR;1564;1808;1131;;;;Quito;Provincia;;0.86984;-79.84815
PRQUGQ00;Guayaquil;Guayaquil @;Provincia;Provincia;QUI;guayaquil_provincia_qui;~~REDIRECT>guayaquil_provincia_qui~~;QUGQ00PR;1534;1808;1132;;;126833554;Quito;Provincia;;-2.19455;-79.88362
PRQUJA00;Jaen;Jaen @ Jaen, Santiago de las Montañas y Santa Maria Nieva @ Jaen de los Pacamoros;Provincia;Provincia;QUI;jaen_provincia_qui;~~REDIRECT>jaen_provincia_qui~~;QUJA00PR;1549;1808;1133;;;;Quito;Provincia;;-5.44485;-78.58545
PRQUMA00;Maynas;Maynas @ San Francisco Borja @ Marañon;Provincia;Provincia;QUI;maynas_provincia_qui;~~REDIRECT>maynas_provincia_qui~~;QUMA00PR;1619;1808;1134;;;;Quito;Provincia;;-6.03451;-76.97492
PRQUPO00;Popayan;Popayan @;Provincia;Provincia;QUI;popayan_provincia_qui;~~REDIRECT>popayan_provincia_qui~~;QUPO00PR;1540;1808;1135;;;;Quito;Provincia;;2.44185;-76.60606
PRQUQJ00;Quijos;Quijos @ Quijos y Macas @ Quijos, Zumaco y la Canela;Provincia;Provincia;QUI;quijos_provincia_qui;~~REDIRECT>quijos_provincia_qui~~;QUQJ00PR;1554;1808;1136;;;;Quito;Provincia;;-0.4634;-77.88947
PRQUQU00;Quito;Quito @;Provincia;Provincia;QUI;quito_provincia_qui;~~REDIRECT>quito_provincia_qui~~;QUQU00PR;1540;1808;1137;;;;Quito;Provincia;;-0.22017;-78.51209
PRQUYA00;Yaguarzongo;Yaguarzongo @ Yaguarsongo;Provincia;Provincia;QUI;yaguarzongo_provincia_qui;~~REDIRECT>yaguarzongo_provincia_qui~~;QUYA00PR;1556;1808;1138;;;;Quito;Partido;;-4.55143;-79.13238
PRRPBA00;Buenos Aires;Buenos Aires @ Rio de la Plata;Provincia;Provincia;RPL;buenos_aires_provincia_rpl;~~REDIRECT>buenos_aires_provincia_rpl~~;RPBA00PR;1535;1808;1139;;;;Rio de la Plata;Provincia;;-25.28156;-57.63255
PRRPCO00;Cordoba;Cordoba @;Provincia;Provincia;RPL;cordoba_provincia_rpl;~~REDIRECT>cordoba_provincia_rpl~~;RPCO00PR;1784;1808;1140;;;;Rio de la Plata;Provincia;;-31.4213;-64.18855
PRRPMIMI;Misiones;Misiones @ Treinta Pueblos de las Misiones Guaranies;Provincia;Provincia;RPL;misiones_provincia_rpl;~~REDIRECT>misiones_provincia_rpl~~;RPMIMIPR;1111;1808;1141;;;;Rio de la Plata;Provincia;;-27.4629;-55.745
PRRPMIOR;Misiones Orientales;Misiones Orientales @;Provincia;Provincia;RPL;misiones_orientales_provincia_rpl;~~REDIRECT>misiones_orientales_provincia_rpl~~;RPMIORPR;1768;1769;1142;;;;Rio de la Plata;Jurisdiccion;;-28.54864;-54.55525
PRRPPA00;Paraguay;Paraguay @;Provincia;Provincia;RPL;paraguay_provincia_rpl;~~REDIRECT>paraguay_provincia_rpl~~;RPPA00PR;1620;1808;1143;;;;Rio de la Plata;Provincia;;-25.28156;-57.63255
PRRPSA00;Salta;Salta @;Provincia;Provincia;RPL;salta_provincia_rpl;~~REDIRECT>salta_provincia_rpl~~;RPSA00PR;1784;1808;1144;;;;Rio de la Plata;Provincia;;-24.78928;-65.41058
PRRPTU00;Tucuman;Tucuman @;Provincia;Provincia;RPL;tucuman_provincia_rpl;~~REDIRECT>tucuman_provincia_rpl~~;RPTU00PR;1564;1783;1145;;;;Rio de la Plata;Provincia;;-27.78774;-64.25904
PRSDCU00;Cuba;Cuba @ Santiago de Cuba;Provincia;Provincia;SDO;santiago_de_cuba_provincia_sdo;~~REDIRECT>santiago_de_cuba_provincia_sdo~~;SDCU00PR;1608;1808;1146;;;;Santo Domingo;Provincia;;20.0218;-75.8222
PRSDFL00;Florida;Florida @ Ambas Floridas y resto de la Luisiana @ Las Floridas;Provincia;Provincia;SDO;florida_provincia_sdo;~~REDIRECT>florida_provincia_sdo~~;SDFL00PR;1565;1808;1147;;;;Santo Domingo;Provincia;;29.8947;-81.3145
PRSDIC00;Isla de Cuba;Isla de Cuba @ Isla de Cuba;Provincia;Provincia;SDO;cuba_provincia_sdo;~~REDIRECT>cuba_provincia_sdo~~;SDIC00PR;1511;1808;1148;;;;Santo Domingo;Provincia_mayor;;23.14111;-82.35143
PRSDJA00;Jamaica;Jamaica @ Jamayca @ Xamayca @ Isla de Santiago;Provincia;Provincia;SDO;jamaica_provincia_sdo;~~REDIRECT>jamaica_provincia_sdo~~;SDJA00PR;1509;1654;1392;;;;Santo Domingo;indefinido;;90;0
PRSDLH00;La Habana;La Habana @;Provincia;Provincia;SDO;la_habana_provincia_sdo;~~REDIRECT>la_habana_provincia_sdo~~;SDLH00PR;1609;1808;1149;;;;Santo Domingo;Provincia;;23.14111;-82.35143
PRSDLU00;Luisiana;Luisiana @ La Luisiana @ Natchez y la Luisiana;Provincia;Provincia;SDO;luisiana_provincia_sdo;~~REDIRECT>luisiana_provincia_sdo~~;SDLU00PR;1766;1803;1150;;;;Santo Domingo;Provincia;;29.9537;-90.06375
PRSDPR00;Puerto Rico;Puerto Rico @;Provincia;Provincia;SDO;puerto_rico_provincia_sdo;~~REDIRECT>puerto_rico_provincia_sdo~~;SDPR00PR;1509;1808;99;;;;Santo Domingo;Provincia;;18.46615;-66.1158
PRSDSD00;Santo Domingo;Santo Domingo @ La Española;Provincia;Provincia;SDO;santo_domingo_provincia_sdo;~~REDIRECT>santo_domingo_provincia_sdo~~;SDSD00PR;1496;1799;100;;;;Santo Domingo;Provincia;;18.4802;-69.94211
PRVEBA00;Barinas;Barinas @;Provincia;Provincia;VEN;barinas_provincia_ven;~~REDIRECT>barinas_provincia_ven~~;VEBA00PR;1786;1808;1151;;;;Caracas;Provincia;;8.63155;-70.23376
PRVECA00;Caracas;Caracas @ Venezuela;Provincia;Provincia;VEN;caracas_provincia_ven;~~REDIRECT>caracas_provincia_ven~~;VECA00PR;1527;1808;1152;;;;Caracas;Provincia;;9.7864;-69.7845
PRVECU00;Cumana;Cumana @ Nueva Andalucia;Provincia;Provincia;VEN;cumana_provincia_ven;~~REDIRECT>cumana_provincia_ven~~;VECU00PR;1568;1808;1153;;;;Caracas;Provincia;;10.46721;-64.1766
PRVECUNA;Nueva Andalucia;Nueva Andalucia @;Provincia;Provincia;VEN;nueva_andalucia_provincia_ven;~~REDIRECT>nueva_andalucia_provincia_ven~~;VECUNAPR;1638;1808;1154;;;;Caracas;Jurisdiccion;;10.46721;-64.1766
PRVEGU00;Guayana;Guayana @;Provincia;Provincia;VEN;guayana_provincia_ven;~~REDIRECT>guayana_provincia_ven~~;VEGU00PR;1585;1808;1155;;;;Caracas;Provincia;;8.33467;-62.68202
PRVEIM00;Margarita;Margarita @ Isla Margarita;Provincia;Provincia;VEN;margarita_provincia_ven;~~REDIRECT>margarita_provincia_ven~~;VEIM00PR;1525;1808;1156;;;;Caracas;Provincia;;11.0361;-63.86791
PRVEMC00;Maracaibo;Maracaibo @ Merida, La Grita y Maracaibo;Provincia;Provincia;VEN;maracaibo_provincia_ven;~~REDIRECT>maracaibo_provincia_ven~~;VEMC00PR;1573;1808;1157;;;;Caracas;Provincia;;8.59752;-71.14486
PRVETR00;Trinidad;Trinidad @ Trinidad y Guayana;Provincia;Provincia;VEN;trinidad_provincia_ven;~~REDIRECT>trinidad_provincia_ven~~;VETR00PR;1529;1796;1158;;;;Caracas;Provincia;;10.65448;-61.41312
PTCCLPMA;Mapiri;Mapiri @ Misiones del Gran Paititi;Partido;La Paz;CHA;mapiri_partido_cha;~~REDIRECT>mapiri_partido_cha~~;CCLPMAPT;1111;9999;1380;;;;Charcas;Partido;;90;0
PTCCPOAA;Atacama alta;Atacama alta @;Partido;Potosi;CHA;atacama_alta_partido_cha;~~REDIRECT>atacama_alta_partido_cha~~;CCPOAAPT;1701;1808;1159;;;;Charcas;Partido;;-22.91069;-68.20009
PTCCPOAB;Atacama baja;Atacama baja @;Partido;Potosi;CHA;atacama_baja_partido_cha;~~REDIRECT>atacama_baja_partido_cha~~;CCPOABPT;1701;1808;1160;;;;Charcas;Partido;;-22.34286;-68.65007
PTCHCHCA;Castro;Castro @;Partido;Chiloe;CHL;castro_partido_chl;~~REDIRECT>castro_partido_chl~~;CHCHCAPT;1701;1808;1161;;;;Chile;Partido;;-42.48214;-73.7654
PTCHCHCB;Calbuco;Calbuco @;Partido;Chiloe;CHL;calbuco_partido_chl;~~REDIRECT>calbuco_partido_chl~~;CHCHCBPT;1770;1808;1162;;;;Chile;Partido;;-41.77121;-73.12754
PTCHCHCH;Chacao;Chacao @;Partido;Chiloe;CHL;chacao_partido_chl;~~REDIRECT>chacao_partido_chl~~;CHCHCHPT;1701;1808;1163;;;;Chile;Partido;;-41.86435;-73.82074
PTCHCHCM;Carelmapu;Carelmapu @;Partido;Chiloe;CHL;carelmapu_partido_chl;~~REDIRECT>carelmapu_partido_chl~~;CHCHCMPT;1111;1808;1164;;;;Chile;Partido;;-41.7458;-73.7064
PTCHCOPE;Perquilauquen;Perquilauquen @;Partido;Concepcion;CHL;perquilauquen_partido_chl;~~REDIRECT>perquilauquen_partido_chl~~;CHCOPEPT;1701;1795;1165;;;;Chile;Partido;;-36.26663;-71.78419
PTGDCOMO;Monclova;Monclova @;Partido;Coahuila;GDJ;monclova_partido_gdj;~~REDIRECT>monclova_partido_gdj~~;GDCOMOPT;1111;1808;1166;;;;Nueva Galicia y Septentrion;Partido;;26.9058;-101.4243
PTGDCORG;Riogrande;Riogrande @ Rio Grande;Partido;Coahuila;GDJ;riogrande_partido_gdj;~~REDIRECT>riogrande_partido_gdj~~;GDCORGPT;1703;1808;1167;;;;Nueva Galicia y Septentrion;Partido;;28.3044;-100.3801
PTGDCOSS;San Saba;San Saba @ San Luis de las Amarillas;Partido;Coahuila;GDJ;san_saba_partido_gdj;~~REDIRECT>san_saba_partido_gdj~~;GDCOSSPT;1757;1771;44;;;;Nueva Galicia y Septentrion;Partido;;30.9225;-99.80167
PTGDDUAT;Alta Tarahumara;Alta Tarahumara @;Misiones;Durango;GDJ;alta_tarahumara_misiones_gdj;~~REDIRECT>alta_tarahumara_misiones_gdj~~;GDDUATPT;1111;1808;1168;;;;Nueva Galicia y Septentrion;indefinido;;90;0
PTGDDUCA;San Carlos;San Carlos @ Presidio San Carlos;Partido;Durango;GDJ;san_carlos_partido_gdj;~~REDIRECT>san_carlos_partido_gdj~~;GDDUCAPT;1774;1808;1169;;;;Nueva Galicia y Septentrion;Partido;;30.41869;-104.86107
PTGDDUCN;Chinipas y Nabogame;Chinipas y Nabogame @ Nabogame y Baborigame @ San Joaquin y San Juan Nepomuceno @ Tarahumara de Sinaloa;Partido;Durango;GDJ;chinipas_y_nabogame_partido_gdj;~~REDIRECT>chinipas_y_nabogame_partido_gdj~~;GDDUCNPT;1701;1808;1170;;;;Nueva Galicia y Septentrion;Partido;;90;0
PTGDDUEL;San Elizario;San Elizario @ Presidio San Elizario;Partido;Durango;GDJ;san_elizario_partido_gdj;~~REDIRECT>san_elizario_partido_gdj~~;GDDUELPT;1774;1808;1171;;;;Nueva Galicia y Septentrion;Partido;;31.5848;-106.2718
PTGDDUJA;Janos;Janos @;Partido;Durango;GDJ;janos_partido_gdj;~~REDIRECT>janos_partido_gdj~~;GDDUJAPT;1701;1808;1172;;;;Nueva Galicia y Septentrion;Partido;;30.8891;-108.18886
PTGDDUNA;Namiquipa;Namiquipa @;Partido;Durango;GDJ;namiquipa_partido_gdj;~~REDIRECT>namiquipa_partido_gdj~~;GDDUNAPT;1778;1808;1173;;;;Nueva Galicia y Septentrion;Partido;;29.24992;-107.41523
PTGDDUPJ;Junta de los Rios;Junta de los Rios @;Partido;Durango;GDJ;junta_de_los_rios_partido_gdj;~~REDIRECT>junta_de_los_rios_partido_gdj~~;GDDUPJPT;1111;1808;1174;;;;Nueva Galicia y Septentrion;Partido;;29.56231;-104.4123
PTGDDUPR;Principe;Principe @ Presidio Principe @ El Principe @ Coyame;Partido;Durango;GDJ;principe_partido_gdj;~~REDIRECT>principe_partido_gdj~~;GDDUPRPT;1774;1808;1175;;;;Nueva Galicia y Septentrion;Partido;;30.41869;-104.86107
PTGDDUPS;Parras;Parras @ Valle de Pirineos @ Parras, Lagunas y Rio de Nazas;Partido;Durango;GDJ;parras_partido_gdj;~~REDIRECT>parras_partido_gdj~~;GDDUPSPT;1578;1808;1176;;;;Nueva Galicia y Septentrion;Partido;;25.44028;-102.1825
PTGDDURF;Rio Florido;Rio Florido @;Partido;Durango;GDJ;rio_florido_partido_gdj;~~REDIRECT>rio_florido_partido_gdj~~;GDDURFPT;1111;1766;3;;;;Nueva Galicia y Septentrion;Partido;;25.96556;-105.19
PTGDDURN;Rio Nazas;Rio Nazas @;Partido;Durango;GDJ;rio_nazas_partido_gdj;~~REDIRECT>rio_nazas_partido_gdj~~;GDDURNPT;1111;1808;1177;;;;Nueva Galicia y Septentrion;Partido;;26.44028;-105.50528
PTGDDUSE;Santa Eulalia;Santa Eulalia @;Partido;Durango;GDJ;santa_eulalia_partido_gdj;~~REDIRECT>santa_eulalia_partido_gdj~~;GDDUSEPT;1718;1792;1178;;;;Nueva Galicia y Septentrion;Partido;;28.5939;-105.88885
PTGDDUSM;San Miguel de Bocas;San Miguel de Bocas @ San Miguel de Bocas y Rio Florido;Partido;Durango;GDJ;san_miguel_de_bocas_partido_gdj;~~REDIRECT>san_miguel_de_bocas_partido_gdj~~;GDDUSMPT;1111;1808;1179;;;;Nueva Galicia y Septentrion;Partido;;25.95899;-105.99827
PTGDDUSO;Saltillo;Saltillo @ Valle de Buena Esperanza;Partido;Durango;GDJ;saltillo_partido_gdj;~~REDIRECT>saltillo_partido_gdj~~;GDDUSOPT;1568;1808;1180;;;;Nueva Galicia y Septentrion;Partido;;25.42158;-100.99961
PTGDDUVE;Velarde;Velarde @ Presidio de San Buenaventura;Jurisdiccion;Durango;GDJ;velarde_jurisdiccion_gdj;~~REDIRECT>velarde_jurisdiccion_gdj~~;GDDUVEPT;1774;1808;1181;;;;Nueva Galicia y Septentrion;indefinido;;30.6314;-107.3828
PTGDGDAI;Asientos de Ibarra;Asientos de Ibarra @;Partido;Guadalajara;GDJ;asientos_de_ibarra_partido_gdj;~~REDIRECT>asientos_de_ibarra_partido_gdj~~;GDGDAIPT;1111;1786;1182;;;;Nueva Galicia y Septentrion;Partido;;22.23772;-102.08896
PTGDGDSR;Santa Rosa de Alburquerque;Santa Rosa de Alburquerque @;Partido;Guadalajara;GDJ;santa_rosa_de_alburquerque_partido_gdj;~~REDIRECT>santa_rosa_de_alburquerque_partido_gdj~~;GDGDSRPT;1709;1755;1415;;;;Nueva Galicia y Septentrion;Partido;;21.65588;-103.88118
PTGDGDTL;Tlajomulco;Tlajomulco @ Tlaxomulco;Partido;Guadalajara;GDJ;tlajomulco_partido_gdj;~~REDIRECT>tlajomulco_partido_gdj~~;GDGDTLPT;1111;1808;1184;;;;Nueva Galicia y Septentrion;Partido;;20.4745;-103.4466
PTGDNLAG;Agualeguas;Agualeguas @ Gualeguas;Partido;Nuevo Leon;GDJ;agualeguas_partido_gdj;~~REDIRECT>agualeguas_partido_gdj~~;GDNLAGPT;;;52;;;;Nueva Galicia y Septentrion;Partido;;;
PTGDNLSA;San Antonio de los Llanos;San Antonio de los Llanos @;Partido;Nuevo Leon;GDJ;san_antonio_de_los_llanos_partido_gdj;~~REDIRECT>san_antonio_de_los_llanos_partido_gdj~~;GDNLSAPT;1111;1751;49;;;;Nueva Galicia y Septentrion;Partido;;24.2488;-99.43602
PTGDNMCA;Carrizal;Carrizal @;Partido;Nuevo Mexico;GDJ;carrizal_partido_gdj;~~REDIRECT>carrizal_partido_gdj~~;GDNMCAPT;1758;1808;1185;;;;Nueva Galicia y Septentrion;Partido;;30.56249;-106.6515
PTGDSSBA;Badiraguato;Badiraguato @ Santiago de los Caballeros;Partido;Sonora-Sinaloa;GDJ;badiraguato_partido_gdj;~~REDIRECT>badiraguato_partido_gdj~~;GDSSBAPT;1111;1808;1186;;;;Nueva Galicia y Septentrion;Partido;;25.5581;-107.3783
PTGDSSCA;Cabazan, Piastla y Guadalupe;Cabazan, Piastla y Guadalupe @ Dihastla y Mascatlan;Partido;Sonora-Sinaloa;GDJ;cabazan,_piastla_y_guadalupe_partido_gdj;~~REDIRECT>cabazan,_piastla_y_guadalupe_partido_gdj~~;GDSSCAPT;1630;9999;1187;;;;Nueva Galicia y Septentrion;Partido;;90;0
PTGDSSMA;Mazatlan;Mazatlan @;Partido;Sonora-Sinaloa;GDJ;mazatlan_partido_gdj;~~REDIRECT>mazatlan_partido_gdj~~;GDSSMAPT;1741;1808;1188;;;;Nueva Galicia y Septentrion;Partido;;23.22344;-106.41619
PTGDSSPA;Pimeria Alta;Pimeria Alta @ Nueva Navarra;Partido;Sonora-Sinaloa;GDJ;pimeria_alta_partido_gdj;~~REDIRECT>pimeria_alta_partido_gdj~~;GDSSPAPT;1701;1808;1189;;;;Nueva Galicia y Septentrion;Partido;;90;0
PTGDSSPB;Pimeria Baja;Pimeria Baja @ Sonora @ Nuevo Reino de Andalucia;Partido;Sonora-Sinaloa;GDJ;pimeria_baja_partido_gdj;~~REDIRECT>pimeria_baja_partido_gdj~~;GDSSPBPT;1701;1808;1190;;;;Nueva Galicia y Septentrion;Partido;;90;0
PTGDSSSB;San Benito;San Benito @ Mocorito;Partido;Sonora-Sinaloa;GDJ;san_benito_partido_gdj;~~REDIRECT>san_benito_partido_gdj~~;GDSSSBPT;1742;1808;1191;;;;Nueva Galicia y Septentrion;Partido;;25.5126;-107.762
PTGDSSSO;Opateria;Opateria @ Sonora;Partido;Sonora-Sinaloa;GDJ;opateria_partido_gdj;~~REDIRECT>opateria_partido_gdj~~;GDSSSOPT;1701;1808;1192;;;;Nueva Galicia y Septentrion;Partido;;28.63;-109.61
PTGDZAFR;Fresnillo;Fresnillo @;Partido;Zacatecas;GDJ;fresnillo_partido_gdj;~~REDIRECT>fresnillo_partido_gdj~~;GDZAFRPT;1111;1808;1193;;;;Nueva Galicia y Septentrion;Partido;;23.1727;-102.8694
PTGDZATL;Tlaltenango;Tlaltenango @ Taltenango;Partido;Zacatecas;GDJ;tlaltenango_partido_gdj;~~REDIRECT>tlaltenango_partido_gdj~~;GDZATLPT;1563;1808;1194;;;;Nueva Galicia y Septentrion;Partido;;21.78227;-103.30614
PTGUCHCH;Chiapa;Chiapa @ Chiapa y Valle de Jiquipilas @;Partido;Chiapas;GUA;chiapa_partido_gua;~~REDIRECT>chiapa_partido_gua~~;GUCHCHPT;1701;1768;1195;;;;Guatemala;Partido;;16.70694;-93.01389
PTGUCHCR;Ciudad Real;Ciudad Real @ Chiapas;Partido;Chiapas;GUA;ciudad_real_partido_gua;~~REDIRECT>ciudad_real_partido_gua~~;GUCHCRPT;1701;1808;1196;;;;Guatemala;Partido;;16.73695;-92.63753
PTGUCHZE;Zendales;Zendales @ Tzendales @ Sendales @ Ocozingo @ Chontales;Partido;Chiapas;GUA;zendales_partido_gua;~~REDIRECT>zendales_partido_gua~~;GUCHZEPT;1701;1785;1197;;;;Guatemala;Partido;;16.90722;-92.09611
PTGUCHZO;Zoques;Zoques @;Partido;Chiapas;GUA;zoques_partido_gua;~~REDIRECT>zoques_partido_gua~~;GUCHZOPT;1701;1785;1198;;;;Guatemala;Partido;;17.13611;-93.31111
PTGUCRAL;Alajuela;Alajuela @;Partido;Costa Rica;GUA;alajuela_partido_gua;~~REDIRECT>alajuela_partido_gua~~;GUCRALPT;1782;9999;1743;;;;Guatemala;Partido;;10.01601;-84.21544
PTGUCRBO;Boruca;Boruca @ Buruca @ Misiones de Talamanca;Partido;Costa Rica;GUA;boruca_partido_gua;~~REDIRECT>boruca_partido_gua~~;GUCRBOPT;1111;9999;1745;;;;Guatemala;Partido;;9.00214;-83.32607
PTGUCRVC;Valle Central;Valle Central @;Partido;Costa Rica;GUA;valle_central_partido_gua;~~REDIRECT>valle_central_partido_gua~~;GUCRVCPT;1111;9999;1747;;;;Guatemala;Partido;;90;0
PTGUCRVM;Valle de Matina;Valle de Matina @ Matina;Partido;Costa Rica;GUA;valle_de_matina_partido_gua;~~REDIRECT>valle_de_matina_partido_gua~~;GUCRVMPT;1111;9999;1742;;;;Guatemala;Partido;;10.07784;-83.28976
PTGUCRVV;Villa Vieja;Villa Vieja @;Partido;Costa Rica;GUA;villa_vieja_partido_gua;~~REDIRECT>villa_vieja_partido_gua~~;GUCRVVPT;1111;9999;1744;;;;Guatemala;Partido;;9.9984;-84.11671
PTGUCYCY;Comayagua;Comayagua @;Partido;Comayagua;GUA;comayagua_partido_gua;~~REDIRECT>comayagua_partido_gua~~;GUCYCYPT;1111;1808;1199;;;;Guatemala;Partido;;14.45115;-87.63814
PTGUGUAT;Atitan;Atitan @ Atitlan;Partido;Guatemala;GUA;atitan_partido_gua;~~REDIRECT>atitan_partido_gua~~;GUGUATPT;1547;1808;1200;;;;Guatemala;Partido;;14.63796;-91.22793
PTGUGUCM;Chiquimula;Chiquimula @ Chichimula;Partido;Guatemala;GUA;chiquimula_partido_gua;~~REDIRECT>chiquimula_partido_gua~~;GUGUCMPT;1701;1808;1201;;;;Guatemala;Partido;;14.80061;-89.54405
PTGUGUES;Escuintla;Escuintla @ Escuintepeque;Partido;Guatemala;GUA;escuintla_partido_gua;~~REDIRECT>escuintla_partido_gua~~;GUGUESPT;1701;1808;1;;;;Guatemala;Partido;;14.3006;-90.786
PTGUGUGZ;Guazacapan;Guazacapan @;Partido;Guatemala;GUA;guazacapan_partido_gua;~~REDIRECT>guazacapan_partido_gua~~;GUGUGZPT;1592;1808;1202;;;;Guatemala;Partido;;14.0752;-90.4165
PTGUGUHU;Huehuetenango;Huehuetenango @ Huehuetenango;Partido;Guatemala;GUA;huehuetenango_partido_gua;~~REDIRECT>huehuetenango_partido_gua~~;GUGUHUPT;1547;1808;1203;;;;Guatemala;Partido;;15.32107;-91.46949
PTGUGUSO;Solola;Solola @;Partido;Guatemala;GUA;solola_partido_gua;~~REDIRECT>solola_partido_gua~~;GUGUSOPT;1689;1808;2;;;;Guatemala;Partido;;14.7708;-91.18202
PTGUGUTO;Totonicapan;Totonicapan @;Partido;Guatemala;GUA;totonicapan_partido_gua;~~REDIRECT>totonicapan_partido_gua~~;GUGUTOPT;1678;1808;1204;;;;Guatemala;Partido;;14.91124;-91.35983
PTGUNICH;Chontales;Chontales @;Partido;Nicaragua;GUA;chontales_partido_gua;;GUNICHPT;1111;9999;1749;;;;Guatemala;Partido;;;
PTGUNIMG;Matagalpa;Matagalpa @;Jurisdiccion;Nicaragua;GUA;matagalpa_jurisdiccion_gua;~~REDIRECT>matagalpa_jurisdiccion_gua~~;GUNIMGPT;1632;1650;1598;;;;Guatemala;indefinido;;90;0
PTGUSSAL;San Alejo;San Alejo @;Partido;San Salvador;GUA;san_alejo_partido_gua;~~REDIRECT>san_alejo_partido_gua~~;GUSSALPT;1787;1808;1205;;;;Guatemala;Partido;;13.43099;-87.96041
PTGUSSCO;Cojutepeque;Cojutepeque @;Partido;San Salvador;GUA;cojutepeque_partido_gua;~~REDIRECT>cojutepeque_partido_gua~~;GUSSCOPT;1701;1808;1206;;;;Guatemala;Partido;;13.72007;-88.93465
PTGUSSGO;Gotera;Gotera @;Partido;San Salvador;GUA;gotera_partido_gua;~~REDIRECT>gotera_partido_gua~~;GUSSGOPT;1787;1808;1207;;;;Guatemala;Partido;;13.69611;-88.10271
PTGUSSOL;Olocuilta;Olocuilta @;Partido;San Salvador;GUA;olocuilta_partido_gua;~~REDIRECT>olocuilta_partido_gua~~;GUSSOLPT;1787;1808;1208;;;;Guatemala;Partido;;13.56597;-89.11608
PTGUSSOP;Opico;Opico @ Ateos @ Quetzaltepeque;Partido;San Salvador;GUA;opico_partido_gua;~~REDIRECT>opico_partido_gua~~;GUSSOPPT;1787;1808;1209;;;;Guatemala;Partido;;13.87619;-89.35843
PTGUSSSN;Sensuntepeque;Sensuntepeque @ Titiguapa;Partido;San Salvador;GUA;sensuntepeque_partido_gua;~~REDIRECT>sensuntepeque_partido_gua~~;GUSSSNPT;1787;1808;1210;;;;Guatemala;Partido;;13.87469;-88.62859
PTGUSSTE;Texutla;Texutla @ Tejutla;Partido;San Salvador;GUA;texutla_partido_gua;~~REDIRECT>texutla_partido_gua~~;GUSSTEPT;1787;1808;1211;;;;Guatemala;Partido;;14.17;-89.10135
PTGUSSUS;Usulutan;Usulutan @;Partido;San Salvador;GUA;usulutan_partido_gua;~~REDIRECT>usulutan_partido_gua~~;GUSSUSPT;1701;1808;1212;;;;Guatemala;Partido;;13.34261;-88.43753
PTGUTGGU;Guascoran;Guascoran @;Partido;Tegucigalpa;GUA;guascoran_partido_gua;~~REDIRECT>guascoran_partido_gua~~;GUTGGUPT;1743;1808;1213;;;;Guatemala;Partido;;13.61371;-87.75177
PTGUTGOJ;Ojojona;Ojojona @;Partido;Tegucigalpa;GUA;ojojona_partido_gua;~~REDIRECT>ojojona_partido_gua~~;GUTGOJPT;1743;1808;1214;;;;Guatemala;Partido;;13.93372;-87.29494
PTGUTGOR;Orica;Orica @;Partido;Tegucigalpa;GUA;orica_partido_gua;~~REDIRECT>orica_partido_gua~~;GUTGORPT;1743;1788;1215;;;;Guatemala;Partido;;14.71564;-86.94302
PTGUTGSA;San Antonio;San Antonio @;Partido;Tegucigalpa;GUA;san_antonio_partido_gua;~~REDIRECT>san_antonio_partido_gua~~;GUTGSAPT;1789;1808;1216;;;;Guatemala;Partido;;14.04514;-87.02393
PTGUTGTX;Texiguat;Texiguat @;Partido;Tegucigalpa;GUA;texiguat_partido_gua;~~REDIRECT>texiguat_partido_gua~~;GUTGTXPT;1750;1808;1217;;;;Guatemala;Partido;;13.64875;-87.02291
PTNECLCL;Colotlan;Colotlan @ Fronteras de San Luis de Colotlan @ Fronteras de San Luis Obispo;Partido;Nayarit;NES;colotlan_partido_nes;~~REDIRECT>colotlan_partido_nes~~;NECLCLPT;1111;1808;1218;;;;Nueva España;Partido;;22.11417;-103.26639
PTNECLMO;Monterey;Monterey @;Partido;California;GDJ;monterey_partido_gdj;~~REDIRECT>monterey_partido_gdj~~;NECLMOPT;1782;1808;1219;;;;Nueva Galicia y Septentrion;Partido;;36.59552;-121.89061
PTNECLSB;Santa Barbara;Santa Barbara @;Partido;California;GDJ;santa_barbara_partido_gdj;~~REDIRECT>santa_barbara_partido_gdj~~;NECLSBPT;1782;1808;1220;;;;Nueva Galicia y Septentrion;Partido;;34.4339;-119.7196
PTNECLSD;San Diego;San Diego @;Partido;California;GDJ;san_diego_partido_gdj;~~REDIRECT>san_diego_partido_gdj~~;NECLSDPT;1782;1808;1221;;;;Nueva Galicia y Septentrion;Partido;;32.7838;-117.102
PTNECLSF;San Francisco;San Francisco @;Partido;California;GDJ;san_francisco_partido_gdj;~~REDIRECT>san_francisco_partido_gdj~~;NECLSFPT;1782;1808;1222;;;;Nueva Galicia y Septentrion;Partido;;37.79583;-122.45417
PTNEGJAC;Acambaro;Acambaro @;Partido;Guanajuato;NES;acambaro_partido_nes;~~REDIRECT>acambaro_partido_nes~~;NEGJACPT;1560;1808;1223;;;;Nueva España;Partido;;20.03139;-100.72167
PTNEGJCE;Celaya;Celaya @;Partido;Guanajuato;NES;celaya_partido_nes;~~REDIRECT>celaya_partido_nes~~;NEGJCEPT;1571;1808;5;;;;Nueva España;Partido;;20.52483;-100.81522
PTNEGJIR;Irapuato;Irapuato @;Partido;Guanajuato;NES;irapuato_partido_nes;~~REDIRECT>irapuato_partido_nes~~;NEGJIRPT;1787;1808;1224;;;;Nueva España;Partido;;20.67255;-101.34658
PTNEGJLE;Villa de Leon;Villa de Leon @;Partido;Guanajuato;NES;villa_de_leon_partido_nes;~~REDIRECT>villa_de_leon_partido_nes~~;NEGJLEPT;1670;1808;61;;;;Nueva España;Partido;;21.11956;-101.67622
PTNEGJSA;Salamanca;Salamanca @;Partido;Guanajuato;NES;salamanca_partido_nes;~~REDIRECT>salamanca_partido_nes~~;NEGJSAPT;1604;1808;1225;;;;Nueva España;Partido;;20.5719;-101.1916
PTNEGJSM;San Miguel el Grande;San Miguel el Grande @;Partido;Guanajuato;NES;san_miguel_el_grande_partido_nes;~~REDIRECT>san_miguel_el_grande_partido_nes~~;NEGJSMPT;1111;1808;60;;;;Nueva España;Partido;;20.91116;-100.7401
PTNEGJST;Salvatierra;Salvatierra @;Partido;Guanajuato;NES;salvatierra_partido_nes;~~REDIRECT>salvatierra_partido_nes~~;NEGJSTPT;1645;1808;1226;;;;Nueva España;Partido;;20.21234;-100.87935
PTNEGJYU;Yurirapundaro;Yurirapundaro @ Yurirapandiro;Partido;Guanajuato;NES;yurirapundaro_partido_nes;~~REDIRECT>yurirapundaro_partido_nes~~;NEGJYUPT;1545;1808;7;;;;Nueva España;Partido;;20.21111;-101.12778
PTNEMIJI;Jiquilpan;Jiquilpan @ Xiquilpan @ Xiquilpa;Partido;Michoacan;NES;jiquipan_partido_nes;~~REDIRECT>jiquipan_partido_nes~~;NEMIJIPT;1111;1808;65;;;;Nueva España;Partido;;19.99361;-102.71722
PTNEMIMA;Maravatio;Maravatio @;Partido;Michoacan;NES;maravatio_partido_nes;~~REDIRECT>maravatio_partido_nes~~;NEMIMAPT;1111;1808;63;;;;Nueva España;Partido;;19.89278;-100.4425
PTNEMITC;Tancitaro;Tancitaro @ Tancitaro;Partido;Michoacan;NES;tancitaro_partido_nes;~~REDIRECT>tancitaro_partido_nes~~;NEMITCPT;1111;1808;62;;;;Nueva España;Partido;;19.33694;-102.36306
PTNEMITZ;Tlazazalca;Tlazazalca @;Partido;Michoacan;NES;tlazazalca_partido_nes;~~REDIRECT>tlazazalca_partido_nes~~;NEMITZPT;1111;1808;64;;;;Nueva España;Partido;;20.33861;-102.02472
PTNEMXCH;Chalco;Chalco @;Partido;Mexico;NES;chalco_partido_nes;~~REDIRECT>chalco_partido_nes~~;NEMXCHPT;1533;1808;68;;;;Nueva España;Partido;;19.26472;-98.8975
PTNEMXCT;Cuautla;Cuautla @;Partido;Mexico;NES;cuautla_partido_nes;~~REDIRECT>cuautla_partido_nes~~;NEMXCTPT;1111;1808;69;;;;Nueva España;Partido;;18.81167;-98.95472
PTNEMXTA;Taxco;Taxco @ Taxco;Partido;Mexico;NES;taxco_partido_nes;~~REDIRECT>taxco_partido_nes~~;NEMXTAPT;1111;1808;66;;;;Nueva España;Partido;;18.55639;-99.60333
PTNEMXTE;Temascaltepec;Temascaltepec @;Partido;Mexico;NES;temascaltepec_partido_nes;~~REDIRECT>temascaltepec_partido_nes~~;NEMXTEPT;1111;1808;67;;;;Nueva España;Partido;;19.04687;-100.0335
PTNEMXTP;Tetepango;Tetepango @;Partido;Mexico;NES;tetepango_partido_nes;~~REDIRECT>tetepango_partido_nes~~;NEMXTPPT;1531;1808;70;;;;Nueva España;Partido;;20.1025;-99.15694
PTNEMXZP;Zacualpan;Zacualpan @;Partido;Mexico;NES;zacualpan_partido_nes;~~REDIRECT>zacualpan_partido_nes~~;NEMXZPPT;1111;1808;71;;;;Nueva España;Partido;;18.75722;-99.74
PTNEOAHM;Huamelula;Huamelula @ Huamelula;Partido;Oaxaca;NES;huamelula_partido_nes;~~REDIRECT>huamelula_partido_nes~~;NEOAHMPT;1531;9999;74;;;;Nueva España;Partido;;90;0
PTNEOAMT;Mitla y Tlacolula;Mitla y Tlacolula @;Partido;Oaxaca;NES;mitla_y_tlacolula_partido_nes;~~REDIRECT>mitla_y_tlacolula_partido_nes~~;NEOAMTPT;1531;1808;1227;;;;Nueva España;Partido;;16.92222;-96.3625
PTNEOANO;Nochixtlan;Nochixtlan @;Partido;Oaxaca;NES;nochixtlan_partido_nes;~~REDIRECT>nochixtlan_partido_nes~~;NEOANOPT;1111;1808;75;;;;Nueva España;Partido;;17.45722;-97.225
PTNEOATL;Teutila;Teutila @ Teutila;Partido;Oaxaca;NES;teutila_partido_nes;~~REDIRECT>teutila_partido_nes~~;NEOATLPT;1111;1808;73;;;;Nueva España;Partido;;17.975;-96.70417
PTNEPUGQ;Guaquechula;Guaquechula @ Huaquechula;Partido;Puebla;NES;guaquechula_partido_nes;~~REDIRECT>guaquechula_partido_nes~~;NEPUGQPT;1531;1808;1461;;;;Nueva España;Partido;;18.77;-98.54278
PTNEPUPU;Puebla;Puebla @;Partido;Puebla;NES;puebla_partido_nes;~~REDIRECT>puebla_partido_nes~~;NEPUPUPT;1111;1808;77;;;;Nueva España;Partido;;19.04259;-98.19804
PTNEPUTS;Tepexi de la Seda;Tepexi de la Seda @;Partido;Puebla;NES;tepexi_de_la_seda_partido_nes;~~REDIRECT>tepexi_de_la_seda_partido_nes~~;NEPUTSPT;1111;1808;76;;;;Nueva España;Partido;;18.5775;-97.92611
PTNESLCH;Charcas;Charcas @;Partido;San Luis Potosi;NES;charcas_partido_nes;~~REDIRECT>charcas_partido_nes~~;NESLCHPT;1696;1808;78;;;;Nueva España;Partido;;23.12976;-101.11463
PTNETBCH;Chontalapa;Chontalapa @;Partido;Tabasco;NES;chontalapa_partido_nes;~~REDIRECT>chontalapa_partido_nes~~;NETBCHPT;1528;1808;1425;;;;Nueva España;Partido;;17.99173;-92.92814
PTNETBRI;Rios de Usumacinta;Rios de Usumacinta @;Partido;Tabasco;NES;rios_de_usumacinta_partido_nes;~~REDIRECT>rios_de_usumacinta_partido_nes~~;NETBRIPT;1528;1808;1427;;;;Nueva España;Partido;;17.55139;-91.49194
PTNETBSI;La Sierra;La Sierra @;Partido;Tabasco;NES;la_sierra_partido_nes;~~REDIRECT>la_sierra_partido_nes~~;NETBSIPT;1528;1808;1426;;;;Nueva España;Partido;;17.73333;-92.81189
PTNEVCCS;Cosamaloapan;Cosamaloapan @;Partido;Veracruz;NES;cosamaloapan_partido_nes;~~REDIRECT>cosamaloapan_partido_nes~~;NEVCCSPT;1535;1808;72;;;;Nueva España;Partido;;18.36806;-95.795
PTNEVCGU;Guaspaltepec;Guaspaltepec @ Guaspaltepeque @ Mitad de Guaspaltepec @ Guaspaltepec y Oxitlan;Partido;Veracruz;NES;guaspaltepec_partido_nes;~~REDIRECT>guaspaltepec_partido_nes~~;NEVCGUPT;1111;1786;1228;;;;Nueva España;Partido;;90;0
PTNEVCXA;Xalapa;Xalapa @;Partido;Veracruz;NES;xalapa_partido_nes;~~REDIRECT>xalapa_partido_nes~~;NEVCXAPT;1111;1808;79;;;;Nueva España;Partido;;19.54;-96.9275
PTNEYUCA;Campeche;Campeche @;Partido;Yucatan;NES;campeche_partido_nes;~~REDIRECT>campeche_partido_nes~~;NEYUCAPT;1111;1808;80;;;;Nueva España;Partido;;19.84433;-90.5357
PTNEYUCC;Chancenote;Chancenote @ El Cuyo;Partido;Yucatan;NES;chancenote_partido_nes;~~REDIRECT>chancenote_partido_nes~~;NEYUCCPT;1111;1808;1229;;;;Nueva España;Partido;;20.99167;-87.78472
PTNGANYO;Yolombo y Cancan;Yolombo y Cancan @;Partido;Antioquia;NGR;yolombo_y_cancan_partido_ngr;~~REDIRECT>yolombo_y_cancan_partido_ngr~~;NGANYOPT;1773;1808;1230;;;;Nuevo Reino de Granada;Partido;;6.59812;-75.01081
PTNGCABA;Baru;Baru @ Pasacaballos @ Turbana @ Bocachica-Baru @ El Partido desde Arjona, Turbaco hasta la Bahia;Partido;Cartagena;NGR;baru_partido_ngr;~~REDIRECT>baru_partido_ngr~~;NGCABAPT;1111;1808;1231;;;;Nuevo Reino de Granada;Partido;;10.27068;-75.44314
PTNGCABR;Barranca del Rey;Barranca del Rey @ Barrancas @ Barranca;Partido;Cartagena;NGR;barranca_del_rey_partido_ngr;~~REDIRECT>barranca_del_rey_partido_ngr~~;NGCABRPT;1111;1808;1232;;;;Nuevo Reino de Granada;Partido;;10.1487;-74.94961
PTNGCACO;Corozal;Corozal @ Corrozal @ La Pileta;Jurisdiccion;Cartagena;NGR;corozal_jurisdiccion_ngr;~~REDIRECT>corozal_jurisdiccion_ngr~~;NGCACOPT;1776;1808;1233;;;;Nuevo Reino de Granada;Partido;;9.31894;-75.29418
PTNGCALB;Loba;Loba @;Partido;Cartagena;NGR;loba_partido_ngr;~~REDIRECT>loba_partido_ngr~~;NGCALBPT;1744;1808;1234;;;;Nuevo Reino de Granada;Partido;;8.93809;-74.03881
PTNGCALO;Lorica;Lorica @ Rio Sinu;Partido;Cartagena;NGR;lorica_partido_ngr;~~REDIRECT>lorica_partido_ngr~~;NGCALOPT;1701;1808;1235;;;;Nuevo Reino de Granada;Partido;;9.23946;-75.81398
PTNGCAMA;Montañas Altas;Montañas Altas @ Montañas de Maria Alta @ El partido que va desde Matunilla y Maria y desde Mantuna hasta la jurisdiccion de Tolu;Partido;Cartagena;NGR;montanas_altas_partido_ngr;~~REDIRECT>montañas_altas_partido_ngr~~;NGCAMAPT;1111;1808;1236;;;;Nuevo Reino de Granada;Partido;;9.95115;-75.08402
PTNGCAMB;Montañas Bajas;Montañas Bajas @ Villa de Maria @ Montañas de Maria Baja @ María vieja;Partido;Cartagena;NGR;montanas_bajas_partido_ngr;~~REDIRECT>montañas_bajas_partido_ngr~~;NGCAMBPT;1535;1808;1237;;;;Nuevo Reino de Granada;Partido;;9.71742;-75.11924
PTNGCAMG;Magangue;Magangue @ El Retiro @ El Retiro y Magangue @ Rio Cauca @ Pantanos;Partido;Cartagena;NGR;magangue_partido_ngr;~~REDIRECT>magangue_partido_ngr~~;NGCAMGPT;1742;1808;1238;;;;Nuevo Reino de Granada;Partido;;9.242;-74.7547
PTNGCAMH;Mahates;Mahates @;Partido;Cartagena;NGR;mahates_partido_ngr;~~REDIRECT>mahates_partido_ngr~~;NGCAMHPT;1111;1808;1239;;;;Nuevo Reino de Granada;Partido;;10.23328;-75.18908
PTNGCAMJ;Majagual;Majagual @ Algarrobo @ Rio Cauca segundo;Partido;Cartagena;NGR;majagual_partido_ngr;~~REDIRECT>majagual_partido_ngr~~;NGCAMJPT;1789;1808;1240;;;;Nuevo Reino de Granada;Partido;;8.54162;-74.62842
PTNGCASB;San Benito Abad;San Benito Abad @ San Benito Abad;Partido;Cartagena;NGR;san_benito_abad_partido_ngr;~~REDIRECT>san_benito_abad_partido_ngr~~;NGCASBPT;1677;1808;1241;;;;Nuevo Reino de Granada;Partido;;8.96477;-75.23513
PTNGCASJ;Rio San Jorge;Rio San Jorge @;Partido;Cartagena;NGR;rio_san_jorge_partido_ngr;~~REDIRECT>rio_san_jorge_partido_ngr~~;NGCASJPT;1111;9999;1381;;;;Nuevo Reino de Granada;Partido;;90;0
PTNGCAST;Tolu y Sabanas;Tolu y Sabanas @ Tolu y sabanas @ Tolu y sus sabanas @ La Pileta;Jurisdiccion;Cartagena;NGR;tolu_y_sabanas_jurisdiccion_ngr;~~REDIRECT>tolu_y_sabanas_jurisdiccion_ngr~~;NGCASTPT;1535;1808;1242;;;;Nuevo Reino de Granada;Jurisdiccion;;8.96477;-75.23513
PTNGCATA;Tierradentro;Tierradentro @ Barranquilla @ Tierra Adentro;Partido;Cartagena;NGR;tierradentro_partido_ngr;~~REDIRECT>tierradentro_partido_ngr~~;NGCATAPT;1111;1808;1243;;;;Nuevo Reino de Granada;Partido;;10.97998;-74.77708
PTNGCHCA;El Cajon;El Cajon @;Partido;Choco;NGR;el_cajon_partido_ngr;~~REDIRECT>el_cajon_partido_ngr~~;NGCHCAPT;1793;1793;1244;;;;Nuevo Reino de Granada;Partido;;4.847;-76.6348
PTNGLLAR;Arauca;Arauca @ Cuiloto;Misiones;Llanos;NGR;arauca_misiones_ngr;~~REDIRECT>arauca_misiones_ngr~~;NGLLARPT;1780;1808;1245;;;;Nuevo Reino de Granada;Partido;;6.51487;-70.77532
PTNGLLCA;Casanare;Casanare @ Casanares;Misiones;Llanos;NGR;casanare_misiones_ngr;~~REDIRECT>casanare_misiones_ngr~~;NGLLCAPT;1701;1808;1246;;;;Nuevo Reino de Granada;Partido;;6.46038;-71.72923
PTNGLLME;Meta;Meta @;Misiones;Llanos;NGR;meta_misiones_ngr;~~REDIRECT>meta_misiones_ngr~~;NGLLMEPT;1111;1808;1247;;;;Nuevo Reino de Granada;Partido;;4.81275;-71.36412
PTNGLLTA;Tamara;Tamara @;Partido;Llanos;NGR;tamara_partido_ngr;~~REDIRECT>tamara_partido_ngr~~;NGLLTAPT;1776;1808;1248;;;;Nuevo Reino de Granada;Partido;;5.83058;-72.16301
PTNGPACH;Chagres;Chagres @;Partido;Panama;TFI;chagres_partido_ngr;~~REDIRECT>chagres_partido_ngr~~;NGPACHPT;1701;1808;1249;;;;Tierra Firme;Partido;;9.31883;-79.99812
PTNGPANA;Nata;Nata @;Partido;Panama;TFI;nata_partido_ngr;~~REDIRECT>nata_partido_ngr~~;NGPANAPT;1701;1808;1250;;;;Tierra Firme;Partido;;8.33215;-80.51527
PTNGPASA;Santos;Santos @ Villa de los Santos;Partido;Panama;TFI;santos_partido_ngr;~~REDIRECT>santos_partido_ngr~~;NGPASAPT;1701;1808;1251;;;;Tierra Firme;Partido;;7.93797;-80.41365
PTNGPPCU;Cucuta;Cucuta @;Partido;Pamplona;NGR;cucuta_partido_ngr;~~REDIRECT>cucuta_partido_ngr~~;NGPPCUPT;1805;1808;1453;;;;Nuevo Reino de Granada;Partido;;7.89291;-72.48156
PTNGSMGU;Guamal;Guamal @;Partido;Santa Marta;NGR;guamal_partido_ngr;~~REDIRECT>guamal_partido_ngr~~;NGSMGUPT;1111;1808;1252;;;;Nuevo Reino de Granada;Partido;;9.1445;-74.2261
PTNGSMPN;Valencia de Jesus;Valencia de Jesus @ Pueblo Nuevo @ Pueblonuevo @ Nueva Valencia;Jurisdiccion;Santa Marta;NGR;valencia_de_jesus_jurisdiccion_ngr;~~REDIRECT>valencia_de_jesus_jurisdiccion_ngr~~;NGSMPNPT;1590;1808;1253;;;;Nuevo Reino de Granada;Partido;;10.30154;-73.39293
PTNGSMSN;Sitio Nuevo;Sitio Nuevo @;Partido;Santa Marta;NGR;sitio_nuevo_partido_ngr;~~REDIRECT>sitio_nuevo_partido_ngr~~;NGSMSNPT;1777;1808;1254;;;;Nuevo Reino de Granada;Partido;;10.77478;-74.71962
PTNGTUTU;Tunja;Tunja @;Partido;Tunja;NGR;tunja_partido_ngr;~~REDIRECT>tunja_partido_ngr~~;NGTUTUPT;1539;1808;1255;;;;Nuevo Reino de Granada;Partido;;5.53305;-73.36134
PTPETRCO;Collay;Collay @;Partido;Trujillo;PER;collay_pastrido_per;;PETRCOPT;1111;1700;1758;;;;;;;;
PTPETRLA;Lamas;Lamas @;Partido;Trujillo;PER;lamas_partido_per;~~REDIRECT>lamas_partido_per~~;PETRLAPT;1701;1808;1256;;;;Peru;Partido;;-6.42018;-76.51739
PTPETRLE;Leymebamba;Leymebamba @ Paujartambo;Partido;Trujillo;PER;leymebamba_partido_per;;PETRLEPT;1111;1700;1759;;;;;;;;
PTPETRMO;Moyobamba;Moyobamba @;Partido;Trujillo;PER;moyobamba_partido_per;~~REDIRECT>moyobamba_partido_per~~;PETRMOPT;1701;1808;1257;;;;Peru;Partido;;-6.03451;-76.97492
PTQUJAJA;Jaen;Jaen @ Jaen de Bracamoros;Partido;Jaen;QUI;jaen_partido_qui;~~REDIRECT>jaen_partido_qui~~;QUJAJAPT;1701;1808;1258;;;;Quito;Partido;;-5.44485;-78.58545
PTQUJASA;Santiago de las Montañas;Santiago de las Montañas @ Bracamoros;Partido;Jaen;QUI;santiago_de_las_montanas_partido_qui;~~REDIRECT>santiago_de_las_montañas_partido_qui~~;QUJASAPT;1558;1808;1259;;;;Quito;Partido;;-4.03355;-77.76104
PTQUMCMC;Macas;Macas @;Partido;Quijos;QUI;macas_partido_qui;~~REDIRECT>macas_partido_qui~~;QUMCMCPT;1554;1808;1260;;;;Quito;Partido;;-2.30466;-78.11863
PTQUPOMO;Mocoa;Mocoa @;Partido;Popayan;QUI;mocoa_partido_qui;~~REDIRECT>mocoa_partido_qui~~;QUPOMOPT;1651;9999;944;;;;Quito;Partido;;1.23152;-76.77467
PTQUPOPZ;Paez;Paez @ Paeces @ Guanacas;Partido;Popayan;QUI;paez_partido_qui;~~REDIRECT>paez_partido_qui~~;QUPOPZPT;1701;1808;1261;;;;Quito;Partido;;2.52088;-76.08451
PTQUPOSU;Sucumbios;Sucumbios @;Partido;Popayan;QUI;sucumbios_partido_qui;~~REDIRECT>sucumbios_partido_qui~~;QUPOSUPT;1701;1808;1420;;;;Quito;Partido;;90;0
PTQUQJCA;Canelos;Canelos @ Canela;Partido;Quijos;QUI;canelos_partido_qui;~~REDIRECT>canelos_partido_qui~~;QUQJCAPT;1701;1808;1262;;;;Quito;Partido;;-1.59116;-77.75465
PTQUQJQJ;Quijos;Quijos @;Partido;Quijos;QUI;quijos_partido_qui;~~REDIRECT>quijos_partido_qui~~;QUQJQJPT;1554;1808;1263;;;;Quito;Partido;;-0.4634;-77.88947
PTQUQUYU;Yumbos;Yumbos @ Cansacoto @ Santo Domingo;Partido;Quito;QUI;yumbos_partido_qui;~~REDIRECT>yumbos_partido_qui~~;QUQUYUPT;1111;1808;1264;;;;Quito;Partido;;-0.22017;-78.51209
PTQURBRB;Riobamba;Riobamba @;Partido;Quito;QUI;riobamba_partido_qui;~~REDIRECT>riobamba_partido_qui~~;QURBRBPT;1534;1808;1265;;;;Quito;Partido;;-1.6744;-78.64595
PTQUYAZA;Zamora;Zamora @;Partido;Quito;QUI;zamora_partido_qui;~~REDIRECT>zamora_partido_qui~~;QUYAZAPT;1549;1808;1266;;;;Quito;Partido;;90;0
PTRPBALU;Lujan;Lujan @;Jurisdiccion;Buenos Aires;RPL;lujan_jurisdiccion_rpl;~~REDIRECT>lujan_jurisdiccion_rpl~~;RPBALUPT;1756;1808;1267;;;;Rio de la Plata;Partido;;-34.56683;-59.10951
PTRPBOCL;Cerro Largo;Cerro Largo @ Cerrolargo @ Campaña interior y de frontera;Partido;Banda Oriental;RPL;cerro_largo_partido_rpl;~~REDIRECT>cerro_largo_partido_rpl~~;RPBOCLPT;1795;1808;1268;;;;Rio de la Plata;Partido;;-32.36811;-54.17013
PTRPBOCO;Colonia;Colonia @ Colonia del Sacramento;Jurisdiccion;Banda Oriental;RPL;colonia_jurisdiccion_rpl;~~REDIRECT>colonia_jurisdiccion_rpl~~;RPBOCOPT;1777;1808;1269;;;;Rio de la Plata;Partido;;-34.46986;-57.85305
PTRPBOMA;Maldonado;Maldonado @;Jurisdiccion;Banda Oriental;RPL;maldonado_jurisdiccion_rpl;~~REDIRECT>maldonado_jurisdiccion_rpl~~;RPBOMAPT;1784;1808;1270;;;;Rio de la Plata;Partido;;-34.90872;-54.95827
PTRPBOSO;Soriano;Soriano @;Jurisdiccion;Banda Oriental;RPL;soriano_jurisdiccion_rpl;~~REDIRECT>soriano_jurisdiccion_rpl~~;RPBOSOPT;1701;1808;1271;;;;Rio de la Plata;Partido;;-33.36;-58.382
PTRPBOST;Santa Tecla;Santa Tecla @;Partido;Banda Oriental;RPL;santa_tecla_partido_rpl;~~REDIRECT>santa_tecla_partido_rpl~~;RPBOSTPT;1774;1800;1272;;;;Rio de la Plata;Partido;;-31.33194;-54.09034
PTRPCOLC;La Carlota;La Carlota @ Carlota;Jurisdiccion;Cordoba;RPL;la_carlota_jurisdiccion_rpl;~~REDIRECT>la_carlota_jurisdiccion_rpl~~;RPCOLCPT;1794;1808;1377;;;;Rio de la Plata;Partido;;-33.41802;-63.29358
PTRPCORC;Rio Cuarto;Rio Cuarto @ Riocuarto @ Concepcion;Jurisdiccion;Cordoba;RPL;rio_cuarto_jurisdiccion_rpl;~~REDIRECT>rio_cuarto_jurisdiccion_rpl~~;RPCORCPT;1794;1808;1378;;;;Rio de la Plata;Partido;;-33.12388;-64.34797
PTRPMIEM;Estancias de Misiones;Estancias de Misiones @;Partido;Misiones;RPL;estancias_de_misiones_partido_rpl;~~REDIRECT>estancias_de_misiones_partido_rpl~~;RPMIEMPT;1111;1808;1273;;;;Rio de la Plata;Partido;;90;0
PTRPMIER;Estancias realengas en Misiones;Estancias realengas en Misiones @;Partido;Misiones;RPL;estancias_realengas_en_misiones_partido_rpl;~~REDIRECT>estancias_realengas_en_misiones_partido_rpl~~;RPMIERPT;1111;1808;1274;;;;Rio de la Plata;Partido;;90;0
PTRPPACO;Villa Real;Villa Real @ Concepcion;Partido;Paraguay;RPL;villa_real_partido_rpl;~~REDIRECT>villa_real_partido_rpl~~;RPPACOPT;1773;1808;1275;;;;Rio de la Plata;Partido;;-23.40221;-57.43897
PTRPPACU;Cuarepoti;Cuarepoti @;Partido;Paraguay;RPL;cuarepoti_partido_rpl;~~REDIRECT>cuarepoti_partido_rpl~~;RPPACUPT;1787;1808;1276;;;;Rio de la Plata;Partido;;-24.42333;-57.11296
PTRPPAFR;Fronteras de Paraguay;Fronteras de Paraguay @;Partido;Paraguay;RPL;fronteras_de_paraguay_partido_rpl;~~REDIRECT>fronteras_de_paraguay_partido_rpl~~;RPPAFRPT;1111;1808;1277;;;;Rio de la Plata;Partido;;90;0
PTRPPAPI;Pilar;Pilar @;Partido;Paraguay;RPL;pilar_partido_rpl;~~REDIRECT>pilar_partido_rpl~~;RPPAPIPT;1787;1808;1278;;;;Rio de la Plata;Partido;;-26.86252;-58.30221
PTRPPARG;Pueblos de indios;Pueblos de indios @;Partido;Paraguay;RPL;pueblos_de_indios_partido_rpl;~~REDIRECT>pueblos_de_indios_partido_rpl~~;RPPARGPT;1701;1808;1279;;;;Rio de la Plata;Partido;;90;0
PTSDFICN;Consolacion del Norte;Consolacion del Norte @;Partido;Filipinas;SDO;consolacion_del_norte_partido_sdo;~~REDIRECT>consolacion_del_norte_partido_sdo~~;SDFICNPT;1765;1808;1280;;;;Santo Domingo;Partido;;22.751;-83.5551
PTSDFICS;Consolidacion del Sur;Consolidacion del Sur @;Partido;Filipinas;SDO;consolidacion_del_sur_partido_sdo;~~REDIRECT>consolidacion_del_sur_partido_sdo~~;SDFICSPT;1765;1808;1281;;;;Santo Domingo;Partido;;22.50487;-83.51466
PTSDFIFI;Filipinas;Filipinas @ Nueva Filipina @ Pinar del Rio @ Pinal del Rio;Partido;Filipinas;SDO;filipinas_partido_sdo;~~REDIRECT>filipinas_partido_sdo~~;SDFIFIPT;1765;1808;1282;;;;Santo Domingo;Partido;;22.4169;-83.70002
PTSDFIGN;Mantua;Mantua @ Guane del Norte;Partido;Filipinas;SDO;mantua_partido_sdo;~~REDIRECT>mantua_partido_sdo~~;SDFIGNPT;1765;1808;1283;;;;Santo Domingo;Partido;;22.29073;-84.2844
PTSDFIGS;Guane;Guane @ Guane del Sur;Partido;Filipinas;SDO;guane_partido_sdo;~~REDIRECT>guane_partido_sdo~~;SDFIGSPT;1765;1808;1284;;;;Santo Domingo;Partido;;22.20364;-84.08724
PTSDFIJM;San Juan y Martinez;San Juan y Martinez @;Partido;Filipinas;SDO;san_juan_y_martinez_partido_sdo;~~REDIRECT>san_juan_y_martinez_partido_sdo~~;SDFIJMPT;1765;1808;1285;;;;Santo Domingo;Partido;;22.2821;-83.83861
PTSDFLAP;San Marcos de Apalache;San Marcos de Apalache @;Partido;Florida;SDO;san_marcos_de_apalache_partido_sdo;~~REDIRECT>san_marcos_de_apalache_partido_sdo~~;SDFLAPPT;1718;1808;1286;;;;Santo Domingo;Partido;;30.15204;-84.21066
PTSDFLYA;Yazoo;Yazoo @;Fronteras;Florida;SDO;yazoo_fronteras_sdo;~~REDIRECT>yazoo_fronteras_sdo~~;SDFLYAPT;1783;1796;1287;;;;Santo Domingo;Fronteras;;90;0
PTSDLHAA;Arroyo Arenas;Arroyo Arenas @;Partido;La Habana;SDO;arroyo_arenas_partido_sdo;~~REDIRECT>arroyo_arenas_partido_sdo~~;SDLHAAPT;1765;1808;1288;;;;Santo Domingo;Partido;;23.0467;-82.4675
PTSDLHAL;Alvarez;Alvarez @;Partido;La Habana;SDO;alvarez_partido_sdo;~~REDIRECT>alvarez_partido_sdo~~;SDLHALPT;1765;1808;1289;;;;Santo Domingo;Partido;;22.7106;-80.4908
PTSDLHBA;Bahamas;Bahamas @;Partido;La Habana;SDO;bahamas_partido_sdo;~~REDIRECT>bahamas_partido_sdo~~;SDLHBAPT;1782;1782;1290;;;;Santo Domingo;Partido;;25.07835;-77.33833
PTSDLHBB;Batabano;Batabano @;Partido;La Habana;SDO;batabano_partido_sdo;~~REDIRECT>batabano_partido_sdo~~;SDLHBBPT;1765;1808;1291;;;;Santo Domingo;Partido;;22.71745;-82.28919
PTSDLHBH;Bahia Honda;Bahia Honda @ Bahiahonda @ Bahia-Honda;Partido;La Habana;SDO;bahia_honda_partido_sdo;~~REDIRECT>bahia_honda_partido_sdo~~;SDLHBHPT;1765;1808;1292;;;;Santo Domingo;Partido;;22.90361;-83.15994
PTSDLHBJ;Bajurayabo;Bajurayabo @ Bajurayanabo;Partido;La Habana;SDO;bajurayabo_partido_sdo;~~REDIRECT>bajurayabo_partido_sdo~~;SDLHBJPT;1765;1808;1293;;;;Santo Domingo;Partido;;23.13299;-82.17901
PTSDLHBT;Bauta;Bauta @;Partido;La Habana;SDO;bauta_partido_sdo;~~REDIRECT>bauta_partido_sdo~~;SDLHBTPT;1765;1808;1294;;;;Santo Domingo;Partido;;22.9828;-82.5464
PTSDLHBV;Buenaventura;Buenaventura @;Partido;La Habana;SDO;buenaventura_partido_sdo;~~REDIRECT>buenaventura_partido_sdo~~;SDLHBVPT;1786;1808;1295;;;;Santo Domingo;Partido;;22.7836;-82.3333
PTSDLHCA;Canoa;Canoa @;Partido;La Habana;SDO;canoa_partido_sdo;~~REDIRECT>canoa_partido_sdo~~;SDLHCAPT;1786;1808;1296;;;;Santo Domingo;Partido;;22.9668;-82.2165
PTSDLHCO;Cano;Cano @;Partido;La Habana;SDO;cano_partido_sdo;~~REDIRECT>cano_partido_sdo~~;SDLHCOPT;1765;1808;1297;;;;Santo Domingo;Partido;;23.0331;-82.4592
PTSDLHCV;Calvario;Calvario @;Partido;La Habana;SDO;calvario_partido_sdo;~~REDIRECT>calvario_partido_sdo~~;SDLHCVPT;1765;1808;1298;;;;Santo Domingo;Partido;;23.05594;-82.3312
PTSDLHCY;Cayajabos;Cayajabos @;Partido;La Habana;SDO;cayajabos_partido_sdo;~~REDIRECT>cayajabos_partido_sdo~~;SDLHCYPT;1807;1808;1299;;;;Santo Domingo;Partido;;22.86429;-82.85398
PTSDLHGA;Gabriel;Gabriel @;Partido;La Habana;SDO;gabriel_partido_sdo;~~REDIRECT>gabriel_partido_sdo~~;SDLHGAPT;1786;1808;1300;;;;Santo Domingo;Partido;;22.8156;-82.4619
PTSDLHGD;Guadalupe;Guadalupe @ La Salud;Partido;La Habana;SDO;guadalupe_partido_sdo;~~REDIRECT>guadalupe_partido_sdo~~;SDLHGDPT;1765;1808;1301;;;;Santo Domingo;Partido;;23.13124;-82.36809
PTSDLHGI;Gibacoa;Gibacoa @ Jivacoa;Partido;La Habana;SDO;gibacoa_partido_sdo;~~REDIRECT>gibacoa_partido_sdo~~;SDLHGIPT;1765;1808;1302;;;;Santo Domingo;Partido;;23.11345;-81.87318
PTSDLHGJ;Guanajay;Guanajay @;Partido;La Habana;SDO;guanajay_partido_sdo;~~REDIRECT>guanajay_partido_sdo~~;SDLHGJPT;1765;1808;1303;;;;Santo Domingo;Partido;;22.92583;-82.68733
PTSDLHGN;Guines;Guines @;Partido;La Habana;SDO;guines_partido_sdo;~~REDIRECT>guines_partido_sdo~~;SDLHGNPT;1765;1808;1304;;;;Santo Domingo;Partido;;22.83811;-82.02794
PTSDLHGO;Gobea;Gobea @ Govea;Partido;La Habana;SDO;gobea_partido_sdo;~~REDIRECT>gobea_partido_sdo~~;SDLHGOPT;1765;1808;1305;;;;Santo Domingo;Partido;;22.9;-82.45
PTSDLHGR;Guara;Guara @;Partido;La Habana;SDO;guara_partido_sdo;~~REDIRECT>guara_partido_sdo~~;SDLHGRPT;1765;1808;1306;;;;Santo Domingo;Partido;;22.81003;-82.2026
PTSDLHGS;Guasabacoa;Guasabacoa @ Guazabacoa @ Guazavacoa @ Guasavacoa @ Guasabacoa y Potosi;Partido;La Habana;SDO;guasabacoa_partido_sdo;~~REDIRECT>guasabacoa_partido_sdo~~;SDLHGSPT;1765;1808;1307;;;;Santo Domingo;Partido;;23.1127;-82.3339
PTSDLHGT;Guatao;Guatao @;Partido;La Habana;SDO;guatao_partido_sdo;~~REDIRECT>guatao_partido_sdo~~;SDLHGTPT;1765;1808;1308;;;;Santo Domingo;Partido;;23.0022;-82.4969
PTSDLHGY;Guajaybon;Guajaybon @ Guajaybon, Bune, Copey y Mosquitos;Partido;La Habana;SDO;guajaybon_partido_sdo;~~REDIRECT>guajaybon_partido_sdo~~;SDLHGYPT;1765;1808;1309;;;;Santo Domingo;Partido;;23.0276;-82.6457
PTSDLHHA;Hanabana;Hanabana @ Hanavana;Partido;La Habana;SDO;hanabana_partido_sdo;~~REDIRECT>hanabana_partido_sdo~~;SDLHHAPT;1765;1808;1310;;;;Santo Domingo;Partido;;22.40769;-80.99565
PTSDLHHO;Horcon;Horcon @;Partido;La Habana;SDO;horcon_partido_sdo;~~REDIRECT>horcon_partido_sdo~~;SDLHHOPT;1765;1808;1311;;;;Santo Domingo;Partido;;23.11658;-82.37173
PTSDLHJM;Jesus Maria;Jesus Maria @;Partido;La Habana;SDO;jesus_maria_partido_sdo;~~REDIRECT>jesus_maria_partido_sdo~~;SDLHJMPT;1765;1808;1312;;;;Santo Domingo;Partido;;23.1287;-82.3594
PTSDLHLC;San Luis de la Ceiba;San Luis de la Ceiba @ Ceiba de San Luis;Partido;La Habana;SDO;san_luis_de_la_ceiba_partido_sdo;~~REDIRECT>san_luis_de_la_ceiba_partido_sdo~~;SDLHLCPT;1765;1808;1313;;;;Santo Domingo;Partido;;22.93275;-82.43258
PTSDLHLU;Luyano;Luyano @;Partido;La Habana;SDO;luyano_partido_sdo;~~REDIRECT>luyano_partido_sdo~~;SDLHLUPT;1765;1808;1314;;;;Santo Domingo;Partido;;23.10613;-82.36001
PTSDLHMA;Mariel;Mariel @ Marien;Partido;La Habana;SDO;mariel_partido_sdo;~~REDIRECT>mariel_partido_sdo~~;SDLHMAPT;1801;1808;1315;;;;Santo Domingo;Partido;;22.99087;-82.75394
PTSDLHMC;Macuriges;Macuriges @ Macurijes;Partido;La Habana;SDO;macuriges_partido_sdo;~~REDIRECT>macuriges_partido_sdo~~;SDLHMCPT;1765;1808;1316;;;;Santo Domingo;Partido;;22.72813;-81.29051
PTSDLHME;Melena del Sur;Melena del Sur @;Partido;La Habana;SDO;melena_del_sur_partido_sdo;~~REDIRECT>melena_del_sur_partido_sdo~~;SDLHMEPT;1765;1808;1317;;;;Santo Domingo;Partido;;22.7876;-82.15013
PTSDLHMN;Managua;Managua @ Managuana;Partido;La Habana;SDO;managua_partido_sdo;~~REDIRECT>managua_partido_sdo~~;SDLHMNPT;1765;1808;1318;;;;Santo Domingo;Partido;;22.97546;-82.29043
PTSDLHMO;Jesus del Monte;Jesus del Monte @;Partido;La Habana;SDO;jesus_del_monte_partido_sdo;~~REDIRECT>jesus_del_monte_partido_sdo~~;SDLHMOPT;1765;1808;1319;;;;Santo Domingo;Partido;;23.10269;-82.36331
PTSDLHMP;San Miguel;San Miguel @ San Miguel de Padron;Partido;La Habana;SDO;san_miguel_partido_sdo;~~REDIRECT>san_miguel_partido_sdo~~;SDLHMPPT;1765;1808;1320;;;;Santo Domingo;Partido;;23.09339;-82.31753
PTSDLHMR;Marianao;Marianao @ Marianabo @ Quemados viejo @ Quemados de Marianao @ Buenavista;Partido;La Habana;SDO;marianao_partido_sdo;~~REDIRECT>marianao_partido_sdo~~;SDLHMRPT;1765;1808;1321;;;;Santo Domingo;Partido;;23.07345;-82.43063
PTSDLHPA;Palacios;Palacios @;Partido;La Habana;SDO;palacios_partido_sdo;~~REDIRECT>palacios_partido_sdo~~;SDLHPAPT;1808;1808;1322;;;;Santo Domingo;Partido;;22.5872;-83.2486
PTSDLHPI;Isla de Pinos;Isla de Pinos @;Partido;La Habana;SDO;isla_de_pinos_partido_sdo;~~REDIRECT>isla_de_pinos_partido_sdo~~;SDLHPIPT;1778;1808;1323;;;;Santo Domingo;Partido;;21.69;-82.81
PTSDLHPO;Potosi;Potosi @;Partido;La Habana;SDO;potosi_partido_sdo;~~REDIRECT>potosi_partido_sdo~~;SDLHPOPT;1765;1808;1324;;;;Santo Domingo;Partido;;23.11774;-82.31058
PTSDLHPR;Prensa;Prensa @ Cerro;Partido;La Habana;SDO;prensa_partido_sdo;~~REDIRECT>prensa_partido_sdo~~;SDLHPRPT;1765;1808;1325;;;;Santo Domingo;Partido;;23.11446;-82.37813
PTSDLHPZ;Pozas;Pozas @ Posas @ Cacarajicara;Partido;La Habana;SDO;pozas_partido_sdo;~~REDIRECT>pozas_partido_sdo~~;SDLHPZPT;1801;1808;1326;;;;Santo Domingo;Partido;;22.86718;-83.29887
PTSDLHQU;Quemado;Quemado @;Partido;La Habana;SDO;quemado_partido_sdo;~~REDIRECT>quemado_partido_sdo~~;SDLHQUPT;1765;9999;1429;;;;Santo Domingo;Partido;;23.0294;-82.6275
PTSDLHRE;Regla;Regla @;Partido;La Habana;SDO;regla_partido_sdo;~~REDIRECT>regla_partido_sdo~~;SDLHREPT;1765;1808;1327;;;;Santo Domingo;Partido;;23.12601;-82.33203
PTSDLHRI;Sibarimar;Sibarimar @ Rincon de Sibarimar @ Rincon;Partido;La Habana;SDO;sibarimar_partido_sdo;~~REDIRECT>sibarimar_partido_sdo~~;SDLHRIPT;1765;1808;1328;;;;Santo Domingo;Partido;;23.1675;-82.1173
PTSDLHSC;Santa Cruz de los Pinos;Santa Cruz de los Pinos @ Pinos;Partido;La Habana;SDO;santa_cruz_de_los_pinos_partido_sdo;~~REDIRECT>santa_cruz_de_los_pinos_partido_sdo~~;SDLHSCPT;1765;1808;1329;;;;Santo Domingo;Partido;;22.68192;-83.12108
PTSDLHSD;San Diego;San Diego @ San Diego de los Baños;Partido;La Habana;SDO;san_diego_partido_sdo;~~REDIRECT>san_diego_partido_sdo~~;SDLHSDPT;1808;1808;1330;;;;Santo Domingo;Partido;;22.64631;-83.36725
PTSDLHSJ;San Jeronimo;San Jeronimo @ San Geronimo @ Cerro Pelado @ San Geronimo de Peñalver;Partido;La Habana;SDO;san_jeronimo_partido_sdo;~~REDIRECT>san_jeronimo_partido_sdo~~;SDLHSJPT;1788;1808;1331;;;;Santo Domingo;Partido;;23.05;-82.2334
PTSDLHSL;San Lazaro;San Lazaro @;Partido;La Habana;SDO;san_lazaro_partido_sdo;~~REDIRECT>san_lazaro_partido_sdo~~;SDLHSLPT;1765;1808;1332;;;;Santo Domingo;Partido;;23.13993;-82.37199
PTSDLHSM;San Marcos;San Marcos @ Guanacaje;Partido;La Habana;SDO;san_marcos_partido_sdo;~~REDIRECT>san_marcos_partido_sdo~~;SDLHSMPT;1765;1808;1333;;;;Santo Domingo;Partido;;22.75532;-82.80807
PTSDLHSP;San Pedro;San Pedro @;Partido;La Habana;SDO;san_pedro_partido_sdo;~~REDIRECT>san_pedro_partido_sdo~~;SDLHSPPT;1765;1808;1334;;;;Santo Domingo;Partido;;22.95211;-82.49124
PTSDLHTA;Tapaste;Tapaste @;Partido;La Habana;SDO;tapaste_partido_sdo;~~REDIRECT>tapaste_partido_sdo~~;SDLHTAPT;1795;1808;1335;;;;Santo Domingo;Partido;;23.02394;-82.13648
PTSDLHWA;Wajay;Wajay @ Jubajay;Partido;La Habana;SDO;wajay_partido_sdo;~~REDIRECT>wajay_partido_sdo~~;SDLHWAPT;1765;1808;1336;;;;Santo Domingo;Partido;;23.00209;-82.42433
PTSDLHYA;Yaguaramas;Yaguaramas @;Partido;La Habana;SDO;yaguaramas_partido_sdo;~~REDIRECT>yaguaramas_partido_sdo~~;SDLHYAPT;1788;1808;1337;;;;Santo Domingo;Partido;;22.25385;-80.72135
PTSDMAAG;Aguacate;Aguacate @;Partido;La Habana;SDO;aguacate_partido_sdo;~~REDIRECT>aguacate_partido_sdo~~;SDMAAGPT;1790;1808;1338;;;;Santo Domingo;Partido;;22.984;-81.8231
PTSDMACM;Cuabal de Madruga;Cuabal de Madruga @ Madruga @ Cuajal de Madruga;Partido;La Habana;SDO;cuabal_de_madruga_partido_sdo;~~REDIRECT>cuabal_de_madruga_partido_sdo~~;SDMACMPT;1790;1808;1339;;;;Santo Domingo;Partido;;22.9099;-81.8575
PTSDMAGC;Guamacaro;Guamacaro @;Partido;La Habana;SDO;guamacaro_partido_sdo;~~REDIRECT>guamacaro_partido_sdo~~;SDMAGCPT;1765;1808;1340;;;;Santo Domingo;Partido;;22.9503;-81.4104
PTSDMAGM;Guamutas;Guamutas @;Partido;La Habana;SDO;guamutas_partido_sdo;~~REDIRECT>guamutas_partido_sdo~~;SDMAGMPT;1765;1808;1341;;;;Santo Domingo;Partido;;22.94823;-80.92077
PTSDMALP;Los Palos;Los Palos @ Palos y Bagas @ Paz @ Nueva Paz;Partido;La Habana;SDO;los_palos_partido_sdo;~~REDIRECT>los_palos_partido_sdo~~;SDMALPPT;1808;1808;1342;;;;Santo Domingo;Partido;;22.7946;-81.743
PTSDMANA;Naranjal;Naranjal @ Naranjar @ Ceiba Mocha;Partido;La Habana;SDO;naranjal_partido_sdo;~~REDIRECT>naranjal_partido_sdo~~;SDMANAPT;1765;1808;1343;;;;Santo Domingo;Partido;;22.98017;-81.72222
PTSDMARN;Rioblanco del Norte;Rioblanco del Norte @ Rio Blanco del Norte;Partido;La Habana;SDO;rioblanco_del_norte_partido_sdo;~~REDIRECT>rioblanco_del_norte_partido_sdo~~;SDMARNPT;1786;1808;1344;;;;Santo Domingo;Partido;;23.07634;-81.96294
PTSDMARS;Rioblanco del Sur;Rioblanco del Sur @ Rio Blanco del Sur @ Rioblanco @ Rio Blanco;Partido;La Habana;SDO;rioblanco_del_sur_partido_sdo;~~REDIRECT>rioblanco_del_sur_partido_sdo~~;SDMARSPT;1765;1808;1345;;;;Santo Domingo;Partido;;23.01725;-81.94064
PTSDMASA;Santa Ana;Santa Ana @;Partido;La Habana;SDO;santa_ana_partido_sdo;~~REDIRECT>santa_ana_partido_sdo~~;SDMASAPT;1765;1808;1346;;;;Santo Domingo;Partido;;22.93577;-81.59654
PTSDMAYU;Yumuri;Yumuri @ Valle de Yumuri;Partido;La Habana;SDO;yumuri_partido_sdo;~~REDIRECT>yumuri_partido_sdo~~;SDMAYUPT;1805;1808;1347;;;;Santo Domingo;Partido;;23.0903;-81.6082
PTSDPPCA;Carmen;Carmen @;Partido;Puerto Principe;SDO;carmen_partido_sdo;~~REDIRECT>carmen_partido_sdo~~;SDPPCAPT;1765;9999;1431;;;;Santo Domingo;Partido;;90;0
PTSDPPCU;Cubita;Cubita @;Partido;Puerto Principe;SDO;cubita_partido_sdo;~~REDIRECT>cubita_partido_sdo~~;SDPPCUPT;1765;9999;1432;;;;Santo Domingo;Partido;;21.71154;-77.76121
PTSDPPGR;Gracias;Gracias @ Gracias a Dios;Partido;Puerto Principe;SDO;gracias_partido_sdo;~~REDIRECT>gracias_partido_sdo~~;SDPPGRPT;1765;9999;1433;;;;Santo Domingo;Partido;;21.2833;-77.2333
PTSDPPPP;Puerto Principe;Puerto Principe @ Partido de la Villa;Partido;Puerto Principe;SDO;puerto_principe_partido_sdo;~~REDIRECT>puerto_principe_partido_sdo~~;SDPPPPPT;1701;9999;1430;;;;Santo Domingo;Partido;;21.38568;-77.9144
PTSDPPSP;San Pedro;San Pedro @;Partido;Puerto Principe;SDO;san_pedro_partido_sdo;~~REDIRECT>san_pedro_partido_sdo~~;SDPPSPPT;1765;9999;1434;;;;Santo Domingo;Partido;;21.13335;-78.31667
PTSDPRAA;Aguadilla;Aguadilla @;Partido;Puerto Rico;SDO;aguadilla_partido_sdo;~~REDIRECT>aguadilla_partido_sdo~~;SDPRAAPT;1775;9999;9;;;;Santo Domingo;Partido;;18.42744;-67.15413
PTSDPRAG;Aguada;Aguada @;Partido;Puerto Rico;SDO;aguada_partido_sdo;~~REDIRECT>aguada_partido_sdo~~;SDPRAGPT;1701;9999;8;;;;Santo Domingo;Partido;;18.37976;-67.18869
PTSDPRAN;Añasco;Añasco @;Partido;Puerto Rico;SDO;anasco_partido_sdo;~~REDIRECT>añasco_partido_sdo~~;SDPRANPT;1733;9999;12;;;;Santo Domingo;Partido;;18.291;-67.13896
PTSDPRAR;Arecibo;Arecibo @;Partido;Puerto Rico;SDO;arecibo_partido_sdo;~~REDIRECT>arecibo_partido_sdo~~;SDPRARPT;1701;9999;55;;;;Santo Domingo;Partido;;18.47222;-66.71552
PTSDPRBQ;Barranquitas;Barranquitas @;Partido;Puerto Rico;SDO;barranquitas_partido_sdo;~~REDIRECT>barranquitas_partido_sdo~~;SDPRBQPT;1803;9999;22;;;;Santo Domingo;Partido;;18.18585;-66.30656
PTSDPRBY;Bayamon;Bayamon @ Ribera de Bayamon;Partido;Puerto Rico;SDO;bayamon_partido_sdo;~~REDIRECT>bayamon_partido_sdo~~;SDPRBYPT;1111;9999;36;;;;Santo Domingo;Partido;;18.39876;-66.15596
PTSDPRCG;Caguas;Caguas @;Partido;Puerto Rico;SDO;caguas_partido_sdo;~~REDIRECT>caguas_partido_sdo~~;SDPRCGPT;1740;9999;29;;;;Santo Domingo;Partido;;18.23454;-66.03513
PTSDPRCJ;Cangrejos;Cangrejos @ Ribera de Cangrejos;Partido;Puerto Rico;SDO;cangrejos_partido_sdo;~~REDIRECT>cangrejos_partido_sdo~~;SDPRCJPT;1773;9999;33;;;;Santo Domingo;Partido;;18.44731;-66.06713
PTSDPRCM;Camuy;Camuy @;Partido;Puerto Rico;SDO;camuy_partido_sdo;~~REDIRECT>camuy_partido_sdo~~;SDPRCMPT;1807;9999;43;;;;Santo Domingo;Partido;;18.48386;-66.84491
PTSDPRCO;Coamo;Coamo @;Partido;Puerto Rico;SDO;coamo_partido_sdo;~~REDIRECT>coamo_partido_sdo~~;SDPRCOPT;1701;9999;21;;;;Santo Domingo;Partido;;18.08063;-66.3563
PTSDPRCR;Cabo Rojo;Cabo Rojo @ Cabo Roxo;Partido;Puerto Rico;SDO;cabo_rojo_partido_sdo;~~REDIRECT>cabo_rojo_partido_sdo~~;SDPRCRPT;1771;9999;14;;;;Santo Domingo;Partido;;18.08702;-67.14591
PTSDPRCY;Cayey;Cayey @;Partido;Puerto Rico;SDO;cayey_partido_sdo;~~REDIRECT>cayey_partido_sdo~~;SDPRCYPT;1773;9999;23;;;;Santo Domingo;Partido;;18.11269;-66.16628
PTSDPRCZ;Corozal;Corozal @;Partido;Puerto Rico;SDO;corozal_partido_sdo;~~REDIRECT>corozal_partido_sdo~~;SDPRCZPT;1804;9999;39;;;;Santo Domingo;Partido;;18.34059;-66.31724
PTSDPRFA;Fajardo;Fajardo @ Faxardo;Partido;Puerto Rico;SDO;fajardo_partido_sdo;~~REDIRECT>fajardo_partido_sdo~~;SDPRFAPT;1769;9999;30;;;;Santo Domingo;Partido;;18.32451;-65.65317
PTSDPRGM;Guayama;Guayama @;Partido;Puerto Rico;SDO;guayama_partido_sdo;~~REDIRECT>guayama_partido_sdo~~;SDPRGMPT;1736;9999;24;;;;Santo Domingo;Partido;;17.9852;-66.11357
PTSDPRGN;Guaynabo;Guaynabo @;Partido;Puerto Rico;SDO;guaynabo_partido_sdo;~~REDIRECT>guaynabo_partido_sdo~~;SDPRGNPT;1769;9999;35;;;;Santo Domingo;Partido;;18.36692;-66.11395
PTSDPRHU;Humacado;Humacado @ Humacao @ Piedras;Partido;Puerto Rico;SDO;humacado_partido_sdo;~~REDIRECT>humacado_partido_sdo~~;SDPRHUPT;1722;9999;27;;;;Santo Domingo;Partido;;18.15019;-65.82673
PTSDPRJD;Juana Diaz;Juana Diaz @;Partido;Puerto Rico;SDO;juana_diaz_partido_sdo;~~REDIRECT>juana_diaz_partido_sdo~~;SDPRJDPT;1798;9999;20;;;;Santo Domingo;Partido;;18.05303;-66.50588
PTSDPRJU;Juncos;Juncos @;Partido;Puerto Rico;SDO;juncos_partido_sdo;~~REDIRECT>juncos_partido_sdo~~;SDPRJUPT;1797;9999;58;;;;Santo Domingo;Partido;;18.22806;-65.92122
PTSDPRLO;Loiza;Loiza @ Ribera de Loiza;Partido;Puerto Rico;SDO;loiza_partido_sdo;~~REDIRECT>loiza_partido_sdo~~;SDPRLOPT;1701;9999;32;;;;Santo Domingo;Partido;;18.43129;-65.88002
PTSDPRMA;Manati;Manati @ Ribera de Manati;Partido;Puerto Rico;SDO;manati_partido_sdo;~~REDIRECT>manati_partido_sdo~~;SDPRMAPT;1728;9999;42;;;;Santo Domingo;Partido;;18.42714;-66.49295
PTSDPRMB;Maunabo;Maunabo @;Partido;Puerto Rico;SDO;maunabo_partido_sdo;~~REDIRECT>maunabo_partido_sdo~~;SDPRMBPT;1799;9999;25;;;;Santo Domingo;Partido;;18.00734;-65.89955
PTSDPRMO;Moca;Moca @;Partido;Puerto Rico;SDO;moca_partido_sdo;~~REDIRECT>moca_partido_sdo~~;SDPRMOPT;1772;9999;10;;;;Santo Domingo;Partido;;18.39474;-67.11378
PTSDPRMY;Mayagues;Mayagues @ Mayaguez @ Mayagües;Partido;Puerto Rico;SDO;mayagues_partido_sdo;~~REDIRECT>mayagues_partido_sdo~~;SDPRMYPT;1760;9999;13;;;;Santo Domingo;Partido;;18.20112;-67.13911
PTSDPRPE;Peñuela;Peñuela @;Partido;Puerto Rico;SDO;penuela_partido_sdo;~~REDIRECT>peñuela_partido_sdo~~;SDPRPEPT;1793;9999;17;;;;Santo Domingo;Partido;;18.06172;-66.72137
PTSDPRPI;Piedras;Piedras @;Partido;Puerto Rico;SDO;piedras_partido_sdo;~~REDIRECT>piedras_partido_sdo~~;SDPRPIPT;1801;9999;28;;;;Santo Domingo;Partido;;18.18282;-65.86857
PTSDPRPO;Ponce;Ponce @ Ponze;Partido;Puerto Rico;SDO;ponce_partido_sdo;~~REDIRECT>ponce_partido_sdo~~;SDPRPOPT;1701;9999;18;;;;Santo Domingo;Partido;;18.01175;-66.61398
PTSDPRRI;Rincon;Rincon @;Partido;Puerto Rico;SDO;rincon_partido_sdo;~~REDIRECT>rincon_partido_sdo~~;SDPRRIPT;1772;9999;11;;;;Santo Domingo;Partido;;18.33966;-67.25065
PTSDPRRP;Rio Piedras;Rio Piedras @ Ribera de Rio Piedras;Partido;Puerto Rico;SDO;rio_piedras_partido_sdo;~~REDIRECT>rio_piedras_partido_sdo~~;SDPRRPPT;1714;9999;56;;;;Santo Domingo;Partido;;18.39805;-66.0524
PTSDPRTA;Toa Alta;Toa Alta @ Ribera de Toa arriba;Partido;Puerto Rico;SDO;toa_alta_partido_sdo;~~REDIRECT>toa_alta_partido_sdo~~;SDPRTAPT;1751;9999;37;;;;Santo Domingo;Partido;;18.38871;-66.24797
PTSDPRTB;Toa Baja;Toa Baja @ Ribera de Toa abajo;Partido;Puerto Rico;SDO;toa_baja_partido_sdo;~~REDIRECT>toa_baja_partido_sdo~~;SDPRTBPT;1701;9999;38;;;;Santo Domingo;Partido;;18.44437;-66.25479
PTSDPRTR;Trujillo;Trujillo @;Partido;Puerto Rico;SDO;trujillo_partido_sdo;~~REDIRECT>trujillo_partido_sdo~~;SDPRTRPT;1808;9999;57;;;;Santo Domingo;Partido;;18.35424;-66.00738
PTSDPRTU;Tuna;Tuna @;Partido;Puerto Rico;SDO;tuna_partido_sdo;~~REDIRECT>tuna_partido_sdo~~;SDPRTUPT;1725;9999;54;;;;Santo Domingo;Partido;;18.50082;-67.02434
PTSDPRUT;Utuado;Utuado @;Partido;Puerto Rico;SDO;utuado_partido_sdo;~~REDIRECT>utuado_partido_sdo~~;SDPRUTPT;1739;9999;19;;;;Santo Domingo;Partido;;18.26536;-66.69994
PTSDPRVA;Vega Alta;Vega Alta @;Partido;Puerto Rico;SDO;vega_alta_partido_sdo;~~REDIRECT>vega_alta_partido_sdo~~;SDPRVAPT;1799;9999;41;;;;Santo Domingo;Partido;;18.41212;-66.33125
PTSDPRVB;Vega Baja;Vega Baja @ Vegas @ La Vega @ Ribera de La Vega;Partido;Puerto Rico;SDO;vega_baja_partido_sdo;~~REDIRECT>vega_baja_partido_sdo~~;SDPRVBPT;1775;9999;40;;;;Santo Domingo;Partido;;18.44453;-66.38759
PTSDPRVP;Vegas y Pepino;Vegas y Pepino @;Partido;Puerto Rico;SDO;vegas_y_pepino_partido_sdo;~~REDIRECT>vegas_y_pepino_partido_sdo~~;SDPRVPPT;1752;9999;59;;;;Santo Domingo;Partido;;18.33691;-66.99127
PTSDPRYB;Yabucoa;Yabucoa @;Partido;Puerto Rico;SDO;yabucoa_partido_sdo;~~REDIRECT>yabucoa_partido_sdo~~;SDPRYBPT;1793;9999;26;;;;Santo Domingo;Partido;;18.05042;-65.87937
PTSDPRYC;Yauco;Yauco @;Partido;Puerto Rico;SDO;yauco_partido_sdo;~~REDIRECT>yauco_partido_sdo~~;SDPRYCPT;1756;9999;16;;;;Santo Domingo;Partido;;18.03525;-66.8487
PTSDSDDA;Dajabon;Dajabon @;Partido;Santo Domingo;SDO;dajabon_partido_sdo;~~REDIRECT>dajabon_partido_sdo~~;SDSDDAPT;1768;1794;1348;;;;Santo Domingo;Partido;;19.55014;-71.70391
PTSDSDLC;Las Cahobas;Las Cahobas @ Las Caobas;Partido;Santo Domingo;SDO;las_cahobas_partido_sdo;~~REDIRECT>las_cahobas_partido_sdo~~;SDSDLCPT;1769;1794;1349;;;;Santo Domingo;Partido;;18.82988;-71.93581
PTSDSDSA;Santiago;Santiago @;Partido;Santo Domingo;SDO;santiago_partido_sdo;~~REDIRECT>santiago_partido_sdo~~;SDSDSAPT;1701;1704;1350;;;;Santo Domingo;Partido;;19.4508;-70.69488
PTSDSDSB;Sabana de Mar;Sabana de Mar @ Sabana de la Mar;Partido;Santo Domingo;SDO;sabana_de_mar_partido_sdo;~~REDIRECT>sabana_de_mar_partido_sdo~~;SDSDSBPT;1760;1794;1351;;;;Santo Domingo;Partido;;19.06187;-69.39038
PTSDSDSM;Samana;Samana @;Partido;Santo Domingo;SDO;samana_partido_sdo;~~REDIRECT>samana_partido_sdo~~;SDSDSMPT;1756;1794;1352;;;;Santo Domingo;Partido;;19.20423;-69.33508
PTSDSLMU;Muskogee;Muskogee @ Muscoge;Fronteras;Florida;SDO;muskogee_fronteras_sdo;~~REDIRECT>muskogee_fronteras_sdo~~;SDSLMUPT;1799;1802;1353;;;;Santo Domingo;Fronteras;;90;0
PTVECAAR;Valles de Aragua;Valles de Aragua @ Valle de Turmeque;Partido;Caracas;VEN;valles_de_aragua_partido_ven;~~REDIRECT>valles_de_aragua_partido_ven~~;VECAARPT;1701;1808;1354;;;;Caracas;Partido;;90;0
PTVECAGU;Valles de Caucagua;Valles de Caucagua @ Valles de Guarenas;Partido;Caracas;VEN;valles_de_caucagua_partido_ven;~~REDIRECT>valles_de_caucagua_partido_ven~~;VECAGUPT;1111;9999;1355;;;;Caracas;Partido;;90;0
PTVECALG;La Guaira;La Guaira @ Costa de la mar, La Guaira y Catia;Partido;Caracas;VEN;la_guaira_partido_ven;~~REDIRECT>la_guaira_partido_ven~~;VECALGPT;1111;9999;1356;;;;Caracas;Partido;;10.60127;-66.93144
PTVECATU;Valles de Tuy;Valles de Tuy @ Cordillera;Partido;Caracas;VEN;valles_de_tuy_partido_ven;~~REDIRECT>valles_de_tuy_partido_ven~~;VECATUPT;1111;9999;1357;;;;Caracas;Partido;;90;0
PTVEGUAO;Alto Orinoco;Alto Orinoco @ Alto Orinoco y Rio Negro @ Misiones jesuiticas;Partido;Guayana;VEN;alto_orinoco_partido_ven;~~REDIRECT>alto_orinoco_partido_ven~~;VEGUAOPT;1111;9999;1358;;;;Caracas;Partido;;90;0
PTVEGUBO;Bocas del Orinoco;Bocas del Orinoco @;Partido;Guayana;VEN;bocas_del_orinoco_partido_ven;~~REDIRECT>bocas_del_orinoco_partido_ven~~;VEGUBOPT;1111;9999;1359;;;;Caracas;Partido;;90;0
PTVEGUCC;Guayana interior;Guayana interior @  Capuchinos catalanes;Partido;Guayana;VEN;guayana_interior_partido_ven;~~REDIRECT>guayana_interior_partido_ven~~;VEGUCCPT;1111;9999;1360;;;;Caracas;Partido;;90;0
PTVEGUOB;Bajo Orinoco;Bajo Orinoco @ Misiones del Piritu @ Misiones observantes;Partido;Guayana;VEN;bajo_orinoco_partido_ven;~~REDIRECT>bajo_orinoco_partido_ven~~;VEGUOBPT;1111;9999;1361;;;;Caracas;Partido;;90;0
PTVEMCAR;Mision de Aricagua;Mision de Aricagua @;;;;;;VEMCARPT;0;0;1757;;;;;;;;
PTVEMCLA;Abajo;Abajo @ Lagunillas;;;;;;VEMCLAPT;0;0;1755;;;;;;;;
PTVEMCLL;Llanos de Barinas;Llanos de Barinas @;Partido;Maracaibo;VEN;llanos_de_barinas_partido_ngr;~~REDIRECT>llanos_de_barinas_partido_ngr~~;VEMCLLPT;1701;1808;1362;;;;Caracas;Partido;;90;0
PTVEMCMU;Arriba;Arriba @ Mucuchies;;;;;;VEMCMUPT;0;0;1756;;;;;;;;
PTVEMCSI;Sinamaica;Sinamaica @;Partido;Maracaibo;VEN;sinamaica_partido_ven;~~REDIRECT>sinamaica_partido_ven~~;VEMCSIPT;1790;1808;1363;;;;Caracas;Partido;;11.08569;-71.85387
RENRGR00;Nuevo Reino de Granada;Nuevo Reino de Granada @;Reino;Reino;NGR;nuevo_reino_de_granada_reino_ngr;~~REDIRECT>nuevo_reino_de_granada_reino_ngr~~;NRGR00RE;;;1406;;;;Nuevo Reino de Granada;indefinido;;;
RENRLE00;Nuevo Reino de Leon;Nuevo Reino de Leon @;Reino;Reino;GDJ;nuevo_reino_de_leon_reino_gdj;~~REDIRECT>nuevo_reino_de_leon_reino_gdj~~;NRLE00RE;;;1405;;;;Nueva Galicia y Septentrion;indefinido;;;
RERECH00;Reino de Chile;Reino de Chile @;Reino;Reino;CHL;reino_de_chile_reino_chl;~~REDIRECT>reino_de_chile_reino_chl~~;RECH00RE;;;1408;;;;Chile;indefinido;;;
REREGU00;Reino de Guatemala;Reino de Guatemala @;Reino;Reino;GUA;reino_de_guatemala_reino_gua;~~REDIRECT>reino_de_guatemala_reino_gua~~;REGU00RE;;;1409;;;;Guatemala;indefinido;;;
RERENE00;Nueva España;Nueva España @;Reino;Reino;NES;nueva_espana_reino_nes;~~REDIRECT>nueva_españa_reino_nes~~;RENE00RE;;;1402;;;;Nueva España;indefinido;;;
RERENG00;Nueva Galicia;Nueva Galicia @;Reino;Reino;GDJ;nueva_galicia_reino_gdj;~~REDIRECT>nueva_galicia_reino_gdj~~;RENG00RE;;;1403;;;;Nueva Galicia y Septentrion;indefinido;;;
RERENM00;Nuevo Mexico;Nuevo Mexico @;Reino;Reino;GDJ;nuevo_mexico_reino_gdj;~~REDIRECT>nuevo_mexico_reino_gdj~~;RENM00RE;;;1411;;;;Nueva Galicia y Septentrion;indefinido;;;
RERENV00;Nueva Vizcaya;Nueva Vizcaya @;Reino;Reino;GDJ;nueva_vizcaya_reino_gdj;~~REDIRECT>nueva_vizcaya_reino_gdj~~;RENV00RE;;;1404;;;;Nueva Galicia y Septentrion;indefinido;;;
REREPE00;Reino de Peru;Reino de Peru @;Reino;Reino;PER;reino_de_peru_reino_per;~~REDIRECT>reino_de_peru_reino_per~~;REPE00RE;;;1407;;;;Peru;indefinido;;;
REREQU00;Quito;Quito @;Reino;Reino;QUI;quito_reino_qui;~~REDIRECT>quito_reino_qui~~;REQU00RE;;;1401;;;;Quito;indefinido;;;
RERETF00;Tierra Firme;Tierra Firme @ Tierra Firme y Veraguas;Reino;Reino;TFI;tierra_firme_reino_ngr;~~REDIRECT>tierra_firme_reino_ngr~~;RETF00RE;1111;9999;1410;;;;Tierra Firme;indefinido;;90;0
SENEDA00;Ducado de Atlixco;Ducado de Atlixco @;Señorio;Señorio;NES;ducado_de_atlixco_senorio_nes;~~REDIRECT>ducado_de_atlixco_señorio_nes~~;NEDA00SE;1706;1808;1364;;;;Nueva España;Senorio;;90;0
SENEMV00;Marquesado del Valle;Marquesado del Valle @;Señorio;Señorio;NES;marquesado_del_valle_senorio_nes;~~REDIRECT>marquesado_del_valle_señorio_nes~~;NEMV00SE;1529;1808;1365;;;;Nueva España;Senorio;;90;0
SEPEMO00;Marquesado de Oropesa;Marquesado de Oropesa @;Señorio;Cuzco;PER;marquesado_de_oropesa_senorio_per;~~REDIRECT>marquesado_de_oropesa_señorio_per~~;PEMO00SE;1701;1740;1366;;;;Peru;Senorio;;-13.30573;-72.11577
SESDFS00;Marquesado de San Felipe y Santiago;Marquesado de San Felipe y Santiago @ Bejucal;Señorio;La Habana;SDO;marquesado_de_san_felipe_y_santiago_senorio_sdo;~~REDIRECT>marquesado_de_san_felipe_y_santiago_señorio_sdo~~;SDFS00SE;1713;1808;1367;;;;Santo Domingo;Senorio;;22.9286;-82.3886
SESDGU00;Marquesado de Guiza;Marquesado de Guiza @ Guisa @ San Jose de Guiza;Señorio;Cuba;SDO;marquesado_de_guiza_senorio_sdo;~~REDIRECT>marquesado_de_guiza_señorio_sdo~~;SDGU00SE;1774;1808;1368;;;;Santo Domingo;Senorio;;20.25496;-76.5413
SESDRO00;Condado de Casa Bayona;Condado de Casa Bayona @ Casa-Bayona @ Rosario;Señorio;La Habana;SDO;condado_de_casa_bayona_senorio_sdo;~~REDIRECT>condado_de_casa_bayona_señorio_sdo~~;SDRO00SE;1732;1808;1369;;;;Santo Domingo;Senorio;;23.06139;-82.25611
SESDSA00;Marquesado de Montehermoso;Marquesado de Montehermoso @ San Antonio @ Cardenas de Montehermoso @ Monte-Hermoso;Señorio;La Habana;SDO;marquesado_de_montehermoso_senorio_sdo;~~REDIRECT>marquesado_de_montehermoso_señorio_sdo~~;SDSA00SE;1794;1808;1370;;;;Santo Domingo;Senorio;;22.88908;-82.50688
SUCH0000;Chile;Chile @ Nueva Extremadura;Entidad principal;Superior;CHL;chile_superior_chl;~~REDIRECT>chile_superior_chl~~;CH0000SU;1541;1808;94;;;;Chile;Principal;;-33.43756;-70.65006
SUGU0000;Guatemala;Guatemala @;Entidad principal;Superior;GUA;guatemala_superior_gua;~~REDIRECT>guatemala_superior_gua~~;GU0000SU;1542;1808;95;;;;Guatemala;Principal;;14.62181;-90.51879
SUIN0000;Indias;Indias @ Virreinato colombiano;Entidad principal;Superior;SDO;indias_superior_sdo;~~REDIRECT>indias_superior_sdo~~;IN0000SU;1492;1534;1393;;;;Santo Domingo;Principal;;90;0
SUNE0000;Nueva España;Nueva España @ Mexico;Entidad principal;Superior;NES;nueva_espana_superior_nes;~~REDIRECT>nueva_españa_superior_nes~~;NE0000SU;1535;1808;1371;;;;Nueva España;Principal;;19.43379;-99.13313
SUNG0000;Nueva Granada;Nueva Granada @ Santa Fe @ Nuevo Reino de Granada;Entidad principal;Superior;NGR;nueva_granada_superior_ngr;~~REDIRECT>nueva_granada_superior_ngr~~;NG0000SU;1550;1808;1372;;;;Nuevo Reino de Granada;Principal;;4.59744;-74.07475
SUPE0000;Peru;Peru @ Lima;Entidad principal;Superior;PER;peru_superior_per;~~REDIRECT>peru_superior_per~~;PE0000SU;1534;1808;1373;;;;Peru;Principal;;-11.77595;-75.50021
SURP0000;Rio de la Plata;Rio de la Plata @ Rio Plata;Entidad principal;Superior;RPL;rio_de_la_plata_superior_rpl;~~REDIRECT>rio_de_la_plata_superior_rpl~~;RP0000SU;1776;1808;1374;;;;Rio de la Plata;Principal;;-34.6079;-58.37322
XXXXXX;Indefinido;Indefinido @;Entidad principal;Superior;XX;indefinido_superior_xx;~~REDIRECT>indefinido_superior_xx~~;XXXXXXXX;;;1417;;;;Exterior;Principal;;;
XXXXXXNE;Neutral;Neutral @;Extranjero;Extranjero;EXT;neutral_extranjero_ext;~~REDIRECT>neutral_extranjero_ext~~;XXXXNEXX;1777;1808;1375;;;;Exterior;Extranjero;;90;0
XXXXXXXX;Indefinido;Indefinido @;;XXXX;XXX;indefinido__xxx;~~REDIRECT>indefinido__xxx~~;XXXXXXXX;1111;9999;1376;;;;Exterior;indefinido;;90;0
