Entidad;tipo;Label;Ent_sup;sup_tipo;sup_Label;START;START_ex;END;END_ex;St_i;St_i_ex;END_i;END_i_ex;S;E;auto;clip;sup_is_cabecera
MICCCBPA;Misiones;Pampas;JUCCCBMO;Misiones;Moxos;1701;hgis;1808;hgis;1701;hgis;1771;exact;1701;1771;22;;
MICCCBCG;Misiones;Chiriguanos;JUCCCBSC;Subdelegacion;Santa Cruz de la Sierra;1776;ca;1808;hgis;1784;exact;1808;hgis;1784;1808;23;;
MICCCBCG;Misiones;Chiriguanos;PRCCCBSC;Gobernacion-Capitania General;Santa Cruz;1776;ca;1808;hgis;1701;hgis;1783;exact;1776;1783;24;;cabecera
PTCCLPMA;Misiones;Mapiri;JUCCLPLA;Subdelegacion;Larecaja;1111;start;9999;end;1784;exact;1808;hgis;1784;1808;25;;
PTCCLPMA;Misiones;Mapiri;JUCCLPLA;Corregimiento;Larecaja;1111;start;9999;end;1583;not_after;1783;exact;1583;1783;26;;
PTCCPOAA;Partido;Atacama alta;JUCCPOAT;Subdelegacion;Atacama;1701;hgis;1808;hgis;1784;exact;1808;hgis;1784;1808;27;;
PTCCPOAB;Partido;Atacama baja;JUCCPOAT;Subdelegacion;Atacama;1701;hgis;1808;hgis;1784;exact;1808;hgis;1784;1808;28;;
PTCCPOAA;Partido;Atacama alta;JUCCPOAT;Corregimiento;Atacama;1701;hgis;1808;hgis;1583;not_after;1783;exact;1701;1783;29;;
PTCCPOAB;Partido;Atacama baja;JUCCPOAT;Corregimiento;Atacama;1701;hgis;1808;hgis;1583;not_after;1783;exact;1701;1783;30;;
JUCCPOCH;Partido;Chichas;JUCCPOTA;Corregimiento;Tarija;1111;start;1784;exact;1583;not_after;1783;exact;1583;1783;31;;
JUCCPOCH;Partido;Chichas;JUCCPOTA;Subdelegacion;Tarija;1111;start;1784;exact;1784;exact;1784;exact;1784;1784;32;;
PMCHCOAR;Partido;Arauco;JUCHCOAR;Comandancia General;Frontera de Arauco;1701;hgis;1722;exact;1701;hgis;1722;exact;1701;1722;33;dontclip;
PMCHCOCC;Comandancia;Colcura;JUCHCOAR;Comandancia General;Frontera de Arauco;1701;hgis;1722;exact;1701;hgis;1722;exact;1701;1722;34;;
PMCHCOSP;Comandancia;San Pedro;JUCHCOAR;Comandancia General;Frontera de Arauco;1701;hgis;1722;exact;1701;hgis;1722;exact;1701;1722;35;;
PMCHCONA;Comandancia;Nacimiento;JUCHCOAR;Comandancia General;Frontera de Arauco;1701;hgis;1722;exact;1701;hgis;1722;exact;1701;1722;36;;
PMCHCOSJ;Comandancia;Santa Juana;JUCHCOAR;Comandancia General;Frontera de Arauco;1701;hgis;1722;exact;1701;hgis;1722;exact;1701;1722;37;;
PMCHCOSP;Comandancia;San Pedro;JUCHCOAR;Comandancia General;Frontera de Arauco;1727;exact;1774;ca;1727;exact;1774;ca;1727;1774;38;;
PMCHCOSJ;Comandancia;Santa Juana;JUCHCOAR;Comandancia General;Frontera de Arauco;1727;exact;1774;ca;1727;exact;1774;ca;1727;1774;39;;
PMCHCOCC;Comandancia;Colcura;JUCHCOAR;Comandancia General;Frontera de Arauco;1727;exact;1774;ca;1727;exact;1774;ca;1727;1774;40;;
PMCHCONA;Comandancia;Nacimiento;JUCHCOAR;Comandancia General;Frontera de Arauco;1752;exact;1774;ca;1727;exact;1774;ca;1752;1774;41;;
PTCHCOPE;Partido;Perquilauquen;JUCHCOCH;Corregimiento;Chillan;1701;hgis;1795;exact;1701;hgis;1785;exact;1701;1785;42;;
PTCHCOPE;Partido;Perquilauquen;JUCHCOCH;Subdelegacion;Chillan;1701;hgis;1795;exact;1786;exact;1808;hgis;1786;1795;43;;
JURPCOSL;Tenencia de corregimiento;San Luis;JUCHCYCY;Corregimiento;Cuyo;1701;hgis;1783;exact;1568;exact;1783;exact;1701;1783;44;;
JUCHCYJA;Jurisdiccion;Jachal;JUCHCYCY;Corregimiento;Cuyo;1751;exact;1777;exact;1568;exact;1783;exact;1751;1777;45;;
JURPCOME;Partido;Mendoza;JUCHCYCY;Corregimiento;Cuyo;1701;hgis;1783;exact;1568;exact;1783;exact;1701;1783;46;dontclip;
JURPCOSJ;Tenencia de corregimiento;San Juan;JUCHCYCY;Corregimiento;Cuyo;1701;hgis;1783;exact;1568;exact;1783;exact;1701;1783;47;;
JUCHSAHU;Partido;Huasco;JUCHSACP;Subdelegacion;Copiapo;1752;exact;1786;exact;1786;exact;1808;hgis;1786;1786;48;;
JUCHSAHU;Partido;Huasco;JUCHSACP;Corregimiento;Copiapo;1752;exact;1786;exact;1701;hgis;1785;exact;1752;1785;49;;
JUGDDUTO;Partido;Topago;JUGDDUBA;Subdelegacion;Basuchil;1802;not_after;1802;exact;1802;not_after;1808;hgis;1802;1802;50;;
JUGDDUTO;Partido;Topago;JUGDDUBA;Subdelegacion;Basuchil;1807;exact;1808;hgis;1802;not_after;1808;hgis;1807;1808;51;;
JUGDDUTO;Partido;Topago;JUGDDUBA;Partido;Basuchil;1788;not_after;1797;not_before;1797;not_before;1801;not_after;1797;1797;52;;
JUGDDUTO;Partido;Topago;JUGDDUBA;Partido;Basuchil;1788;not_after;1797;not_before;1111;start;1790;not_before;1788;1790;53;;
JUGDDUTO;Partido;Topago;JUGDDUBA;Partido;Basuchil;1747;ca;1776;not_after;1111;start;1790;not_before;1747;1776;54;;
JUGDDUTO;Partido;Topago;JUGDDUBA;Subdelegacion;Basuchil;1788;not_after;1797;not_before;1791;not_before;1796;not_before;1791;1796;55;;
JUGDDUCI;Partido;Cienega;JUGDDUBB;Alcaldia Mayor*;Santa Barbara;1723;ca;1740;ca;1723;not_after;1787;not_before;1723;1740;56;;
JUGDDUJU;Tenencia de corregimiento;Julimes;JUGDDUCH;Corregimiento;Chihuahua;1718;not_before;1792;exact;1718;exact;1792;exact;1718;1792;57;;
PTGDDUSE;Tenencia de corregimiento;Santa Eulalia;JUGDDUCH;Corregimiento;Chihuahua;1718;exact;1792;exact;1718;exact;1792;exact;1718;1792;58;;
JUGDDUSI;Tenencia de corregimiento;Santa Isabel;JUGDDUCH;Corregimiento;Chihuahua;1718;not_before;1792;exact;1718;exact;1792;exact;1718;1792;59;;
JUGDDUBY;Tenencia de corregimiento;Babonoyaba;JUGDDUCH;Corregimiento;Chihuahua;1718;not_before;1792;exact;1718;exact;1792;exact;1718;1792;60;;
JUGDDUSG;Tenencia de corregimiento;San Geronimo;JUGDDUCH;Corregimiento;Chihuahua;1718;not_before;1792;exact;1718;exact;1792;exact;1718;1792;61;;
JUGDDUBA;Partido;Basuchil;JUGDDUCR;Alcaldia Mayor;Coyachi y Minas de San Juan;1111;start;1790;not_before;1653;not_before;1687;exact;1653;1687;62;;
PRNGVE00;Gobernacion;Veragua;SUIN0000;Virreinato;indiano;1508;exact;1513;exact;1111;start;9999;end;1508;1536;3083;;
PRQUQJ00;Gobernacion;Quijos;CGQUMA00;Comandancia General;Maynas;1803;exact;1808;hgis;1803;exact;9999;end;1803;1808;1;;
PRQUMA00;Gobernacion-Comandancia General;Maynas;CGQUMA00;Comandancia General;Maynas;1803;exact;1808;hgis;1803;exact;9999;end;1803;1808;2;;
PRVECU00;Gobernacion-Intendencia;Cumana;CGVE0000;Capitania General;Venezuela;1792;not_after;1808;hgis;1777;exact;1808;hgis;1792;1808;3;;
PRVECA00;Provincia;Caracas;CGVE0000;Capitania General;Venezuela;1777;exact;1808;hgis;1777;exact;1808;hgis;1777;1808;4;dontclip;
PRVEBA00;Gobernacion-Intendencia;Barinas;CGVE0000;Capitania General;Venezuela;1803;not_after;1808;hgis;1777;exact;1808;hgis;1803;1808;5;;
PRVEIM00;Gobernacion;Isla Margarita;CGVE0000;Capitania General;Venezuela;1777;exact;1808;hgis;1777;exact;1808;hgis;1777;1808;6;;
AUCA0000;Audiencia Real;Caracas;CGVE0000;Capitania General;Venezuela;1786;exact;1808;hgis;1777;exact;1808;hgis;1786;1808;8;;
PRVEMC00;Gobernacion-Intendencia;Maracaibo;CGVE0000;Capitania General;Venezuela;1789;ca;1808;hgis;1777;exact;1808;hgis;1789;1808;9;;
JUSDLHCV;Gobernacion;Trinidad;CGVE0000;Capitania General;Venezuela;1786;exact;1790;exact;1777;exact;1808;hgis;1786;1790;10;;
MICCCBBA;Misiones;Baures;JUCCCBCH;Corregimiento;Chiquitos;1701;hgis;1808;hgis;1772;exact;1776;exact;1772;1776;11;;
FRCCCHGU;Fronteras;Guaycurus;JUCCCBCH;Corregimiento;Chiquitos;1111;start;9999;end;1772;exact;1776;exact;1772;1776;12;;
MICCCBBA;Misiones;Baures;JUCCCBCH;Misiones;Chiquitos;1701;hgis;1808;hgis;1701;hgis;1771;exact;1701;1771;13;;
FRCCCHGU;Fronteras;Guaycurus;JUCCCBCH;Misiones;Chiquitos;1111;start;9999;end;1701;hgis;1771;exact;1701;1771;14;;
MICCCBBA;Misiones;Baures;JUCCCBCH;Gobernacion;Chiquitos;1701;hgis;1808;hgis;1777;exact;1808;hgis;1777;1808;15;;
FRCCCHGU;Fronteras;Guaycurus;JUCCCBCH;Gobernacion;Chiquitos;1111;start;9999;end;1777;exact;1808;hgis;1777;1808;16;;
MICCCBMO;Misiones;Moxos;JUCCCBMO;Gobernacion;Moxos;1701;hgis;1808;hgis;1777;exact;1808;hgis;1777;1808;17;;
MICCCBPA;Misiones;Pampas;JUCCCBMO;Gobernacion;Moxos;1701;hgis;1808;hgis;1777;exact;1808;hgis;1777;1808;18;;
MICCCBMO;Misiones;Moxos;JUCCCBMO;Corregimiento;Moxos;1701;hgis;1808;hgis;1772;exact;1776;exact;1772;1776;19;;
MICCCBPA;Misiones;Pampas;JUCCCBMO;Corregimiento;Moxos;1701;hgis;1808;hgis;1772;exact;1776;exact;1772;1776;20;;
MICCCBMO;Misiones;Moxos;JUCCCBMO;Misiones;Moxos;1701;hgis;1808;hgis;1701;hgis;1771;exact;1701;1771;21;;
JUGDDUBA;Partido;Basuchil;JUGDDUCR;Alcaldia Mayor;Cosihuiriachi;1111;start;1790;not_before;1688;exact;1787;not_before;1688;1787;63;;
JUGDDUBA;Partido;Basuchil;JUGDDUCR;Subdelegacion;Cosihuiriachi;1797;not_before;1801;not_after;1788;not_before;1808;hgis;1797;1801;64;;
JUGDDUBA;Partido;Basuchil;JUGDDUCR;Subdelegacion;Cosihuiriachi;1111;start;1790;not_before;1788;not_before;1808;hgis;1788;1790;65;;
JUGDDUBA;Partido;Basuchil;JUGDDUCR;Alcaldia Mayor;Villa Aguilar;1111;start;1790;not_before;1649;exact;1652;exact;1649;1652;66;;
PTGDDURN;Partido;Rio Nazas;JUGDDUGC;Subdelegacion;Guanacevi;1111;start;1808;hgis;1788;not_before;1808;hgis;1788;1808;67;;
PTGDDURN;Partido;Rio Nazas;JUGDDUGC;Alcaldia Mayor*;Guanacevi;1111;start;1808;hgis;1601;exact;1787;not_before;1601;1787;68;;
JUGDDUCG;Partido;Cerro Gordo;JUGDDUIN;Alcaldia Mayor;Real de Inde;1751;exact;1766;exact;1567;exact;1776;not_after;1751;1766;69;;
PTGDDURF;Partido;Rio Florido;JUGDDUIN;Alcaldia Mayor;Real de Inde;1111;start;1766;arbitrary;1567;exact;1776;not_after;1567;1766;70;;
JUGDDUEG;Partido;El Gallo;JUGDDUMA;Alcaldia Mayor;Mapimi;1751;exact;1776;not_after;1751;exact;1786;not_before;1751;1776;71;;
JUGDDUCI;Partido;Cienega;JUGDDUMN;Alcaldia Mayor;Minas Nuevas;1659;ca;1722;ca;1634;exact;1729;not_before;1659;1722;72;;
JUGDDUMN;Partido;Minas Nuevas;JUGDDUPL;Alcaldia Mayor;Parral;1730;not_before;9999;end;1729;not_after;1787;exact;1730;1787;73;;
JUGDDUMN;Partido;Minas Nuevas;JUGDDUPL;Subdelegacion;Parral;1730;not_before;9999;end;1788;exact;1808;hgis;1788;1808;74;;
JUGDDUBB;Partido;Santa Barbara;PRGDDU00;Gobernacion-Capitania General;Nueva Vizcaya;1675;not_before;1722;not_after;1631;not_after;1724;not_after;1675;1722;75;;cabecera
JUGDDUBB;Partido;Santa Barbara;PRGDDU00;Gobernacion-Capitania General;Nueva Vizcaya;1643;not_after;1664;not_after;1631;not_after;1724;not_after;1643;1664;76;;cabecera
JUGDDUSC;Partido;Santa Catarina;JUGDDUPP;Alcaldia Mayor*;Papasquiaro;1726;not_before;1798;not_after;1693;ca;1786;not_before;1726;1786;77;;
JUGDDUSC;Partido;Santa Catarina;JUGDDUPP;Alcaldia Mayor*;Papasquiaro;1693;not_after;1720;not_after;1693;ca;1786;not_before;1693;1720;78;;
JUGDDUSC;Partido;Santa Catarina;JUGDDUPP;Subdelegacion;Papasquiaro;1808;not_before;1808;hgis;1787;not_before;1808;hgis;1808;1808;79;;
JUGDDUSC;Partido;Santa Catarina;JUGDDUPP;Subdelegacion;Papasquiaro;1726;not_before;1798;not_after;1787;not_before;1808;hgis;1787;1798;80;;
PTGDDUSO;Jurisdiccion;Saltillo;JUGDDUPS;Alcaldia Mayor;Parras y Saltillo;1700;ca;1808;hgis;1700;ca;1765;not_after;1700;1765;81;;
PTGDDUPS;Partido;Parras;JUGDDUPS;Alcaldia Mayor;Parras y Saltillo;1700;ca;1808;hgis;1700;ca;1765;not_after;1700;1765;82;;
PTGDDUSO;Jurisdiccion;Saltillo;JUGDDUPS;Subdelegacion;Parras y Saltillo;1700;ca;1808;hgis;1788;not_before;1808;hgis;1788;1808;83;;
PTGDDUPS;Partido;Parras;JUGDDUPS;Subdelegacion;Parras y Saltillo;1700;ca;1808;hgis;1788;not_before;1808;hgis;1788;1808;84;;
PTGDDUSO;Jurisdiccion;Saltillo;JUGDDUPS;Alcaldia Mayor;Parras y Saltillo;1700;ca;1808;hgis;1766;not_after;1787;not_before;1766;1787;85;;
PTGDDUPS;Partido;Parras;JUGDDUPS;Alcaldia Mayor;Parras y Saltillo;1700;ca;1808;hgis;1766;not_after;1787;not_before;1766;1787;86;;
PTGDGDAI;Partido;Asientos;JUGDGDAG;Alcaldia Mayor;Aguas Calientes;1111;start;1786;exact;1575;exact;1786;exact;1575;1786;87;;
JCNECOAL;Corregimiento;Alima;JUGDGDCO;Alcaldia Mayor;Colima;1531;not_before;1590;ca;1524;exact;1789;exact;1531;1590;88;;
JCNECOCH;Corregimiento;Chiametla;JUGDGDCO;Alcaldia Mayor;Colima;1545;not_after;1566;not_after;1524;exact;1789;exact;1545;1566;89;;
JCNECOXU;Corregimiento;Xuluapa;JUGDGDCO;Alcaldia Mayor;Colima;1567;not_after;1590;ca;1524;exact;1789;exact;1567;1590;90;;
JCNECOAC;Corregimiento;Acautlan;JUGDGDCO;Alcaldia Mayor;Colima;1545;not_after;1590;ca;1524;exact;1789;exact;1545;1590;91;;
JCNECOZA;Corregimiento;Zalagua;JUGDGDCO;Alcaldia Mayor;Colima;1531;not_before;1566;not_after;1524;exact;1789;exact;1531;1566;92;;
JCNECOTP;Corregimiento;Tepetitongo;JUGDGDCO;Alcaldia Mayor;Colima;1531;not_before;1590;ca;1524;exact;1789;exact;1531;1590;93;;
JCNECOQU;Corregimiento;Quezalapa;JUGDGDCO;Alcaldia Mayor;Colima;1545;not_after;1590;ca;1524;exact;1789;exact;1545;1590;94;;
JCNECOTC;Corregimiento;Tecoman;JUGDGDCO;Alcaldia Mayor;Colima;1567;not_after;1590;ca;1524;exact;1789;exact;1567;1590;95;;
JCNECOIT;Corregimiento;Ixtapa;JUGDGDCO;Alcaldia Mayor;Colima;1545;not_after;1590;ca;1524;exact;1789;exact;1545;1590;96;;
JCNECOIH;Corregimiento;Ixtlahuaca;JUGDGDCO;Alcaldia Mayor;Colima;1531;not_before;1590;ca;1524;exact;1789;exact;1531;1590;97;;
JCNECOTT;Corregimiento;Tecpa;JUGDGDCO;Alcaldia Mayor;Colima;1545;not_after;1590;ca;1524;exact;1789;exact;1545;1590;98;;
JCNECOXO;Corregimiento;Xocotlan;JUGDGDCO;Alcaldia Mayor;Colima;1545;not_after;1590;ca;1524;exact;1789;exact;1545;1590;100;;
JCNECOTA;Corregimiento;Tamala;JUGDGDCO;Alcaldia Mayor;Colima;1531;not_before;1590;ca;1524;exact;1789;exact;1531;1590;101;;
JCNECOES;Corregimiento;Escayamoca;JUGDGDCO;Alcaldia Mayor;Colima;1531;not_before;1590;ca;1524;exact;1789;exact;1531;1590;102;;
JUGDGDTE;Corregimiento;Tepic;JUGDGDCP;Alcaldia Mayor;Compostela;1540;ca;1650;ca;1540;exact;1650;ca;1540;1650;104;dontclip;
JUGDGDTC;Corregimiento;Teocaltiche;JUGDGDLA;Alcaldia Mayor;Lagos;1718;exact;1724;not_before;1549;exact;1793;exact;1718;1724;106;dontclip;
JUGDGDTC;Corregimiento;Teocaltiche;JUGDGDLA;Alcaldia Mayor;Lagos;1741;not_after;1741;not_after;1549;exact;1793;exact;1741;1741;108;dontclip;
JUGDGDTC;Corregimiento;Teocaltiche;JUGDGDLA;Alcaldia Mayor;Lagos;1736;not_after;1738;not_after;1549;exact;1793;exact;1736;1738;109;dontclip;
JUGDGDCP;Jurisdiccion;Compostela;JUGDGDTE;Subdelegacion;Tepic;1808;not_after;1808;hgis;1793;exact;1808;hgis;1808;1808;110;dontclip;
JUGDGDCP;Jurisdiccion;Compostela;JUGDGDTE;Subdelegacion;Tepic;1651;ca;1797;not_before;1793;exact;1808;hgis;1793;1797;111;dontclip;
JUGDGDCP;Jurisdiccion;Compostela;JUGDGDTE;Alcaldia Mayor;Tepic;1651;ca;1797;not_before;1651;ca;1792;exact;1651;1792;112;dontclip;
PTGDGDTL;Partido;Tlajomulco;JUGDGDTL;Subdelegacion;Tlajomulco;1111;start;1808;hgis;1791;exact;1808;hgis;1791;1808;113;dontclip;
PTGDGDTL;Partido;Tlajomulco;JUGDGDTL;Corregimiento;Tlajomulco;1111;start;1808;hgis;1700;not_after;1708;not_before;1700;1708;114;dontclip;
JUGDGDCA;Corregimiento;Cajititlan;JUGDGDTL;Corregimiento;Tlajomulco;1700;ca;1786;not_after;1700;not_after;1708;not_before;1700;1708;115;dontclip;
PTGDGDTL;Partido;Tlajomulco;JUGDGDTL;Corregimiento;Tlajomulco;1111;start;1808;hgis;1549;exact;1699;not_after;1549;1699;116;dontclip;
PTGDGDTL;Partido;Tlajomulco;JUGDGDTL;Corregimiento;Tlajomulco;1111;start;1808;hgis;1710;not_before;1790;not_before;1710;1790;117;dontclip;
JUGDGDCA;Corregimiento;Cajititlan;JUGDGDTL;Corregimiento;Tlajomulco;1700;ca;1786;not_after;1710;not_before;1790;not_before;1710;1786;118;dontclip;
PTGDGDTL;Partido;Tlajomulco;JUGDGDTL;Alcaldia Mayor;Tlajomulco;1111;start;1808;hgis;1709;not_after;1709;not_before;1709;1709;119;dontclip;
JUGDGDCA;Corregimiento;Cajititlan;JUGDGDTL;Alcaldia Mayor;Tlajomulco;1700;ca;1786;not_after;1709;not_after;1709;not_before;1709;1709;120;dontclip;
PTGDNLSA;Partido;San Antonio;JUGDNLRB;Alcaldia Mayor;San Antonio;1111;start;1751;not_after;1644;exact;1747;ca;1644;1747;121;;
PTGDNLSA;Partido;San Antonio;JUGDNLRB;Alcaldia Mayor;Rio Blanco;1111;start;1751;not_after;1748;ca;1786;not_before;1748;1751;122;;
JUGDNMSA;Partido;Alameda;JUGDNMAL;Alcaldia Mayor;Albuquerque;1803;not_after;1808;hgis;1706;exact;1808;hgis;1803;1808;123;;
PTGDNMCA;Comandancia;Carrizal;JUGDNMEP;Alcaldia Mayor;El Paso;1758;exact;1808;hgis;1692;not_before;1760;arbitrary;1758;1760;124;;
PTGDNMCA;Comandancia;Carrizal;JUGDNMEP;Tenencia de gobierno;El Paso;1758;exact;1808;hgis;1761;arbitrary;1808;hgis;1761;1808;125;;
JUGDNMCO;Partido;Cochiti;JUGDNMQU;Alcaldia Mayor;Los Queres;1692;not_before;1727;not_after;1692;not_before;1808;hgis;1692;1727;126;;
JUGDNMCO;Partido;Cochiti;JUGDNMQU;Alcaldia Mayor;Los Queres;1803;exact;1808;hgis;1692;not_before;1808;hgis;1803;1808;127;;
JUGDNMCO;Partido;Cochiti;JUGDNMQU;Alcaldia Mayor;Los Queres;1774;not_after;1789;exact;1692;not_before;1808;hgis;1774;1789;128;;
JUGDNMCO;Partido;Cochiti;JUGDNMSA;Alcaldia Mayor;Sandia;1792;exact;1802;exact;1748;not_before;1802;not_after;1792;1802;129;;
JUGDNMCO;Partido;Cochiti;JUGDNMSC;Alcaldia Mayor;La Cañada;1790;exact;1791;exact;1695;exact;1808;hgis;1790;1791;130;;
PMGDSSUR;Partido;Ures;JUGDSSAI;Tenencia de subdelegacion;San Marcial;1787;not_before;1808;hgis;1775;not_before;1789;arbitrary;1787;1789;131;;
PMGDSSNA;Partido;Nacameri;JUGDSSAI;Tenencia de subdelegacion;San Marcial;1787;not_before;1808;hgis;1775;not_before;1789;arbitrary;1787;1789;132;;
PMGDSSHU;Partido;San Antonio de la Huerta;JUGDSSAI;Tenencia de subdelegacion;San Marcial;1787;not_before;1808;hgis;1775;not_before;1789;arbitrary;1787;1789;133;;
PMGDSSHO;Partido;Pitic;JUGDSSAI;Tenencia de subdelegacion;San Marcial;1787;not_before;1808;hgis;1775;not_before;1789;arbitrary;1787;1789;134;;
PMGDSSMA;Partido;Matape;JUGDSSAI;Tenencia de subdelegacion;San Marcial;1787;not_before;1808;hgis;1775;not_before;1789;arbitrary;1787;1789;135;;
PMGDSSUR;Partido;Ures;JUGDSSAI;Subdelegacion;Aigame;1787;not_before;1808;hgis;1790;arbitrary;1808;hgis;1790;1808;136;;
PMGDSSNA;Partido;Nacameri;JUGDSSAI;Subdelegacion;Aigame;1787;not_before;1808;hgis;1790;arbitrary;1808;hgis;1790;1808;137;;
PMGDSSHU;Partido;San Antonio de la Huerta;JUGDSSAI;Subdelegacion;Aigame;1787;not_before;1808;hgis;1790;arbitrary;1808;hgis;1790;1808;138;;
PMGDSSHO;Partido;Pitic;JUGDSSAI;Subdelegacion;Aigame;1787;not_before;1808;hgis;1790;arbitrary;1808;hgis;1790;1808;139;;
PMGDSSMA;Partido;Matape;JUGDSSAI;Subdelegacion;Aigame;1787;not_before;1808;hgis;1790;arbitrary;1808;hgis;1790;1808;140;;
JUGDSSRO;Partido;Rosario;JUGDSSCH;Provincia;Chametla;1666;exact;1703;exact;1685;exact;9999;end;1685;1703;141;;
JUGDSSRO;Partido;Rosario;JUGDSSCH;Comandancia;San Sebastian;1666;exact;1703;exact;1666;not_after;1684;exact;1666;1684;142;;
PMGDSSSA;Partido;Santa Ana;JUGDSSCI;Subdelegacion;Cieneguilla;1787;not_before;1808;hgis;1787;not_before;1808;hgis;1787;1808;143;;
PTGDSSCA;Partido;Piaxtla;JUGDSSCU;Alcaldia Mayor;Culiacan;1666;not_after;9999;end;1531;not_before;1786;not_before;1666;1786;144;;
JUGDSSCS;Partido;Cosala;JUGDSSCU;Alcaldia Mayor;Culiacan;1637;exact;1770;ca;1531;not_before;1786;not_before;1637;1770;145;;
PTGDSSCA;Partido;Piaxtla;JUGDSSCU;Subdelegacion;Culiacan;1666;not_after;9999;end;1787;not_before;1808;hgis;1787;1808;146;;
JUGDSSMY;Partido;Maloya;JUGDSSRO;Partido;Rosario;1666;exact;1702;not_after;1666;exact;1703;exact;1666;1702;147;;
PTGDSSBA;Partido;Badiraguato;JUGDSSSI;Subdelegacion;Sinaloa;1742;ca;1808;hgis;1787;not_before;1808;hgis;1787;1808;148;;
PTGDSSSB;Partido;San Benito;JUGDSSSI;Subdelegacion;Sinaloa;1742;ca;1808;hgis;1787;not_before;1808;hgis;1787;1808;149;;
PTGDSSBA;Partido;Badiraguato;PRGDSS00;Gobernacion;Sinaloa y Sonora;1742;ca;1808;hgis;1733;exact;1748;ca;1742;1748;150;;cabecera
JUGDSSEF;Partido;El Fuerte;PRGDSS00;Gobernacion;Sinaloa y Sonora;1733;arbitrary;1786;not_before;1733;exact;1748;ca;1733;1748;151;;cabecera
JUGDSSAL;Partido;Alamos;PRGDSS00;Gobernacion;Sinaloa y Sonora;1733;arbitrary;1786;not_before;1733;exact;1748;ca;1733;1748;152;;cabecera
PTGDSSSB;Partido;San Benito;PRGDSS00;Gobernacion;Sinaloa y Sonora;1742;ca;1808;hgis;1733;exact;1748;ca;1742;1748;153;;cabecera
PTGDSSBA;Partido;Badiraguato;JUGDSSSI;Tenencia de gobierno;Sinaloa;1742;ca;1808;hgis;1749;ca;1786;not_before;1749;1786;154;;
JUGDSSEF;Partido;El Fuerte;JUGDSSSI;Tenencia de gobierno;Sinaloa;1733;arbitrary;1786;not_before;1749;ca;1786;not_before;1749;1786;155;;
JUGDSSAL;Partido;Alamos;JUGDSSSI;Tenencia de gobierno;Sinaloa;1733;arbitrary;1786;not_before;1749;ca;1786;not_before;1749;1786;156;;
PTGDSSSB;Partido;San Benito;JUGDSSSI;Tenencia de gobierno;Sinaloa;1742;ca;1808;hgis;1749;ca;1786;not_before;1749;1786;157;;
PMGDSSHU;Tenencia de Alcaldia Mayor;San Antonio de la Huerta;JUGDSSSO;Alcaldia Mayor;Sonora;1759;not_before;1808;hgis;1641;exact;1786;not_before;1759;1786;158;;
JUGDSSCI;Partido;Cieneguilla;JUGDSSSO;Alcaldia Mayor;Sonora;1771;exact;1786;exact;1641;exact;1786;not_before;1771;1786;159;;
PMGDSSNA;Partido;Nacameri;JUGDSSSO;Alcaldia Mayor;Sonora;1775;not_before;1786;not_before;1641;exact;1786;not_before;1775;1786;160;;
PTGDSSPB;Misiones;Pimeria Baja;JUGDSSSO;Alcaldia Mayor;Sonora;1701;hgis;1808;hgis;1641;exact;1786;not_before;1701;1786;161;;
PMGDSSCU;Partido;Cucurpe;JUGDSSSO;Alcaldia Mayor;Sonora;1775;not_before;1808;hgis;1641;exact;1786;not_before;1775;1786;162;;
PMGDSSOP;Partido;Oposura;JUGDSSSO;Alcaldia Mayor;Sonora;1775;not_before;1808;hgis;1641;exact;1786;not_before;1775;1786;163;;
PMGDSSVS;Partido;Valle de Sonora;JUGDSSSO;Alcaldia Mayor;Sonora;1775;not_before;1808;hgis;1641;exact;1786;not_before;1775;1786;164;;
PMGDSSMA;Partido;Matape;JUGDSSSO;Alcaldia Mayor;Sonora;1775;not_before;1786;not_before;1641;exact;1786;not_before;1775;1786;165;;
JUGDSSAI;Tenencia de subdelegacion;San Marcial;JUGDSSSO;Alcaldia Mayor;Sonora;1775;not_before;1789;arbitrary;1641;exact;1786;not_before;1775;1786;166;;
FRANSSSE;Fronteras;Seris;JUGDSSSO;Alcaldia Mayor;Sonora;1111;start;9999;end;1641;exact;1786;not_before;1641;1786;167;;
PMGDSSBT;Partido;Batuco;JUGDSSSO;Alcaldia Mayor;Sonora;1775;not_before;1808;hgis;1641;exact;1786;not_before;1775;1786;168;;
PTGDSSSO;Partido;Arizpe;JUGDSSSO;Alcaldia Mayor;Sonora;1775;not_before;1786;not_before;1641;exact;1786;not_before;1775;1786;169;;
PMGDSSUR;Partido;Ures;JUGDSSSO;Alcaldia Mayor;Sonora;1775;not_before;1786;not_before;1641;exact;1786;not_before;1775;1786;170;;
PTGDSSPA;Misiones;Pimeria Alta;JUGDSSSO;Alcaldia Mayor;Sonora;1701;hgis;1808;hgis;1641;exact;1786;not_before;1701;1786;171;;
PMGDSSHO;Partido;Horcasitas;JUGDSSSO;Alcaldia Mayor;Sonora;1775;not_before;1783;not_before;1641;exact;1786;not_before;1775;1783;172;;
PMGDSSSA;Partido;Santa Ana;JUGDSSSO;Alcaldia Mayor;Sonora;1775;not_before;1786;not_before;1641;exact;1786;not_before;1775;1786;173;;
PMGDSSHU;Tenencia de Alcaldia Mayor;San Antonio de la Huerta;JUGDSSSO;Subdelegacion;Sonora;1759;not_before;1808;hgis;1787;not_before;1808;hgis;1787;1808;174;;
PTGDSSPB;Misiones;Pimeria Baja;JUGDSSSO;Subdelegacion;Sonora;1701;hgis;1808;hgis;1787;not_before;1808;hgis;1787;1808;175;;
PMGDSSCU;Partido;Cucurpe;JUGDSSSO;Subdelegacion;Sonora;1775;not_before;1808;hgis;1787;not_before;1808;hgis;1787;1808;176;;
PMGDSSOP;Partido;Oposura;JUGDSSSO;Subdelegacion;Sonora;1775;not_before;1808;hgis;1787;not_before;1808;hgis;1787;1808;177;;
PMGDSSVS;Partido;Valle de Sonora;JUGDSSSO;Subdelegacion;Sonora;1775;not_before;1808;hgis;1787;not_before;1808;hgis;1787;1808;178;;
JUGDSSAI;Tenencia de subdelegacion;San Marcial;JUGDSSSO;Subdelegacion;Sonora;1775;not_before;1789;arbitrary;1787;not_before;1808;hgis;1787;1789;179;;
FRANSSSE;Fronteras;Seris;JUGDSSSO;Subdelegacion;Sonora;1111;start;9999;end;1787;not_before;1808;hgis;1787;1808;180;;
PMGDSSBT;Partido;Batuco;JUGDSSSO;Subdelegacion;Sonora;1775;not_before;1808;hgis;1787;not_before;1808;hgis;1787;1808;181;;
PTGDSSPA;Misiones;Pimeria Alta;JUGDSSSO;Subdelegacion;Sonora;1701;hgis;1808;hgis;1787;not_before;1808;hgis;1787;1808;182;;
PTGDZAFR;Partido;Fresnillo;JUGDZAFR;Alcaldia Mayor;Fresnillo;1111;start;1808;hgis;1572;not_after;1707;exact;1572;1707;183;dontclip;
PTGDZAFR;Partido;Fresnillo;JUGDZAJE;Alcaldia Mayor;Jerez;1111;start;1808;hgis;1708;exact;1786;exact;1708;1786;184;clip;agregado
PTGDZAFR;Partido;Fresnillo;JUGDZAFR;Subdelegacion;Fresnillo;1111;start;1808;hgis;1787;exact;1808;hgis;1787;1808;185;dontclip;
JUGDZAFR;Alcaldia Mayor;Fresnillo;JUGDZAJE;Alcaldia Mayor;Jerez;1708;exact;1786;exact;1570;exact;1786;exact;1708;1786;186;dontclip;
PTGDGDSR;Tenencia de Alcaldia Mayor;Santa Rosa;JUGDZAJE;Alcaldia Mayor;Jerez;1709;exact;1755;exact;1570;exact;1786;exact;1709;1755;188;;
JUGDZANI;Partido;Nieves;JUGDZASO;Subdelegacion;Sombrerete;1787;exact;1791;not_after;1787;exact;1808;hgis;1787;1791;190;;
JUGDZANI;Tenencia de Alcaldia Mayor;Nieves;JUGDZASO;Alcaldia Mayor;Sombrerete;1599;not_after;1735;not_after;1558;not_after;1786;exact;1599;1735;191;;
JUGDZAMA;Tenencia de Alcaldia Mayor;Mazapil;JUGDZAZA;Corregimiento;Zacatecas;1568;not_after;1618;not_after;1580;exact;1786;exact;1580;1618;192;;
JUGDZAMA;Tenencia de Alcaldia Mayor;Mazapil;JUGDZAZA;Alcaldia Mayor;Zacatecas;1568;not_after;1618;not_after;1549;exact;1579;exact;1568;1579;193;;
JUGUCHSI;Partido;Guardiania;JUGUCHCR;Alcaldia Mayor;Chiapas;1701;hgis;1785;not_after;1701;hgis;1785;exact;1701;1785;194;;
JUGUCHSA;Partido;Corona;JUGUCHCR;Alcaldia Mayor;Chiapas;1701;hgis;1785;exact;1701;hgis;1785;exact;1701;1785;195;;
PTGUCHZO;Partido;Zoques;JUGUCHCR;Alcaldia Mayor;Chiapas;1701;hgis;1785;exact;1701;hgis;1785;exact;1701;1785;196;;
PTGUCHCH;Partido;Chiapa;JUGUCHCR;Alcaldia Mayor;Chiapas;1701;hgis;1768;not_after;1701;hgis;1785;exact;1701;1768;197;;
JUGUCHCO;Partido;Los Llanos;JUGUCHCR;Alcaldia Mayor;Chiapas;1701;hgis;1785;exact;1701;hgis;1785;exact;1701;1785;198;;
PTGUCHZE;Partido;Tzendales;JUGUCHCR;Alcaldia Mayor;Chiapas;1701;hgis;1785;exact;1701;hgis;1785;exact;1701;1785;199;;
JUGUCHTA;Partido;Tapachula;JUGUCHSO;Gobernacion;Soconusco;1701;hgis;1785;not_after;1526;exact;1785;exact;1701;1785;201;;
PMGUCYRO;Partido;Roatan;PRGUCY00;Gobernacion;Comayagua;1782;exact;1786;exact;1701;hgis;1808;hgis;1782;1786;203;;cabecera
PMGUCYRO;Partido;Roatan;JUGUCYTR;Gobernacion político-militar;Trujillo;1787;exact;1796;exact;1787;exact;1800;exact;1787;1796;204;;
JUGUGUAC;Corregimiento;Acasaguastlan;JUGUGUCM;Corregimiento;Chiquimula;1715;not_after;1750;ca;1560;arbitrary;1763;ca;1715;1750;205;dontclip;
PTGUGUCM;Partido;Chiquimula;JUGUGUCM;Corregimiento;Chiquimula;1764;ca;1808;hgis;1764;ca;1808;hgis;1764;1808;206;dontclip;
PTGUGUGZ;Partido;Guazacapan;JUGUGUES;Alcaldia Mayor;Escuintla;1692;not_after;1808;hgis;1692;not_after;1808;hgis;1692;1808;208;;
PTGUGUES;Partido;Escuintla;JUGUGUES;Alcaldia Mayor;Escuintla;1701;hgis;1808;hgis;1692;not_after;1808;hgis;1701;1808;209;dontclip;
JUGUGUES;Corregimiento;Escuintla;JUGUGUGU;Corregimiento;El Valle;1547;not_before;1599;arbitrary;1547;ca;1753;ca;1547;1599;211;;
JUGUGUSU;Corregimiento;Suchiltepequez;JUGUGUGU;Corregimiento;El Valle;1547;exact;1559;exact;1547;ca;1753;ca;1547;1559;213;;
PTGUGUAT;Partido;Atitan;JUGUGUSO;Corregimiento;Tecpan Atitlan;1547;exact;1808;hgis;1547;not_before;1688;exact;1547;1688;214;;
PTGUGUSO;Partido;Solola;JUGUGUSO;Alcaldia Mayor;Solola;1689;exact;1808;hgis;1795;not_after;1808;hgis;1795;1808;215;;
PTGUGUAT;Partido;Atitan;JUGUGUSO;Alcaldia Mayor;Solola;1547;exact;1808;hgis;1795;not_after;1808;hgis;1795;1808;216;;
PTGUGUSO;Partido;Solola;JUGUGUSO;Alcaldia Mayor;Solola;1689;exact;1808;hgis;1689;exact;1794;not_after;1689;1794;217;;
PTGUGUAT;Partido;Atitan;JUGUGUSO;Alcaldia Mayor;Solola;1547;exact;1808;hgis;1689;exact;1794;not_after;1689;1794;218;;
JUGUGUSO;Corregimiento;Tecpan Atitlan;JUGUGUSU;Corregimiento;Suchiltepequez;1547;no_before;1599;arbitrary;1547;exact;1559;exact;1547;1559;219;;
JUGUGUSO;Corregimiento;Tecpan Atitlan;JUGUGUSU;Alcaldia Mayor;Zapotitlan;1547;no_before;1599;arbitrary;1560;exact;1720;arbitrary;1560;1599;220;;
JUGUGUTO;Corregimiento;Totonicapan;JUGUGUSU;Alcaldia Mayor;Zapotitlan;1560;exact;1582;exact;1560;exact;1720;arbitrary;1560;1582;222;dontclip;
PTGUGUTO;Partido;Totonicapan;JUGUGUTO;Corregimiento;Totonicapan;1678;exact;1808;hgis;1678;exact;1707;not_after;1678;1707;223;dontclip;
PTGUGUHU;Partido;Huehuetenango;JUGUGUTO;Corregimiento;Totonicapan;1678;exact;1808;hgis;1678;exact;1707;not_after;1678;1707;224;;
PTGUGUTO;Partido;Totonicapan;JUGUGUTO;Alcaldia Mayor;Totonicapan;1678;exact;1808;hgis;1708;not_after;1808;hgis;1708;1808;225;dontclip;
PTGUGUHU;Partido;Huehuetenango;JUGUGUTO;Alcaldia Mayor;Totonicapan;1678;exact;1808;hgis;1708;not_after;1808;hgis;1708;1808;226;;
JUGUNISU;Partido;Subtiava;JUGUNIRE;Corregimiento;El Realejo;1778;exact;1786;exact;1632;exact;1786;exact;1778;1786;227;;
PTGUSSOP;Tenencia de subdelegacion;Opico;JUGUSSSA;Subdelegacion;Santa Ana;1787;exact;1808;hgis;1787;exact;1805;exact;1787;1805;228;;
JUGUSSME;Tenencia de subdelegacion;Metapas;JUGUSSSA;Subdelegacion;Santa Ana;1787;exact;1805;exact;1787;exact;1805;exact;1787;1805;229;;
PTGUSSOP;Tenencia de subdelegacion;Opico;JUGUSSSA;Subdelegacion-Jurisdiccion;Santa Ana;1787;exact;1808;hgis;1806;exact;1808;hgis;1806;1808;230;;
PTGUSSUS;Tenencia de subdelegacion;Usulutan;JUGUSSSM;Subdelegacion-Jurisdiccion;San Miguel;1787;exact;1808;hgis;1787;exact;1808;hgis;1787;1808;231;;
PTGUSSAL;Tenencia de subdelegacion;San Alejo;JUGUSSSM;Subdelegacion-Jurisdiccion;San Miguel;1787;exact;1808;hgis;1787;exact;1808;hgis;1787;1808;232;;
PTGUSSGO;Tenencia de subdelegacion;Gotera;JUGUSSSM;Subdelegacion-Jurisdiccion;San Miguel;1787;exact;1808;hgis;1787;exact;1808;hgis;1787;1808;233;;
JUGUSSCH;Tenencia de subdelegacion;Chalatenango;PRGUSS00;Gobernacion-Intendencia;San Salvador;1787;exact;1805;not_after;1701;hgis;1808;hgis;1787;1805;234;;cabecera
PTGUSSCO;Tenencia de subdelegacion;Cojutepeque;PRGUSS00;Gobernacion-Intendencia;San Salvador;1787;exact;1808;hgis;1701;hgis;1808;hgis;1787;1808;235;;cabecera
PTGUSSTE;Tenencia de subdelegacion;Texutla;PRGUSS00;Gobernacion-Intendencia;San Salvador;1787;exact;1808;hgis;1701;hgis;1808;hgis;1787;1808;236;;cabecera
PTGUSSOL;Tenencia de subdelegacion;Olocuilta;PRGUSS00;Gobernacion-Intendencia;San Salvador;1787;exact;1808;hgis;1701;hgis;1808;hgis;1787;1808;237;;cabecera
PTGUSSSN;Tenencia de subdelegacion;Sensuntepeque;JUGUSSSV;Subdelegacion-Jurisdiccion;San Vicente;1799;exact;1808;hgis;1787;exact;1808;hgis;1799;1808;238;;
PTGUTGOJ;Partido;Ojojona;JUGUTGTG;Alcaldia Mayor;Tegucigalpa;1743;not_after;1808;hgis;1579;exact;1788;exact;1743;1788;239;;
PTGUTGOR;Partido;Orica;JUGUTGTG;Alcaldia Mayor;Tegucigalpa;1743;not_after;1788;arbitrary;1579;exact;1788;exact;1743;1788;240;;
PTGUTGGU;Partido;Guascoran;JUGUTGTG;Alcaldia Mayor;Tegucigalpa;1743;not_after;1808;hgis;1579;exact;1788;exact;1743;1788;241;;
PTGUTGOJ;Partido;Ojojona;JUGUTGTG;Subdelegacion;Tegucigalpa;1743;not_after;1808;hgis;1789;exact;1808;hgis;1789;1808;242;;
JUGUTGCE;Tenencia de subdelegacion;Cedros;JUGUTGTG;Subdelegacion;Tegucigalpa;1789;not_before;1808;hgis;1789;exact;1808;hgis;1789;1808;243;;
JUGUTGAG;Partido;Aguancaterique;JUGUTGTG;Subdelegacion;Tegucigalpa;1801;not_after;1808;hgis;1789;exact;1808;hgis;1801;1808;244;;
PTGUTGSA;Partido;San Antonio;JUGUTGTG;Subdelegacion;Tegucigalpa;1789;arbitrary;1808;hgis;1789;exact;1808;hgis;1789;1808;245;;
PTGUTGGU;Partido;Guascoran;JUGUTGTG;Subdelegacion;Tegucigalpa;1743;not_after;1808;hgis;1789;exact;1808;hgis;1789;1808;246;;
PTGUTGTX;Partido;Texiguat;JUGUTGTG;Subdelegacion;Tegucigalpa;1789;arbitrary;1808;hgis;1789;exact;1808;hgis;1789;1808;247;;
JUGUTGNA;Tenencia de subdelegacion;Nacaome;JUGUTGTG;Subdelegacion;Tegucigalpa;1789;not_before;1808;hgis;1789;exact;1808;hgis;1789;1808;248;;
JUGUTGDA;Tenencia de subdelegacion;Danli;JUGUTGTG;Subdelegacion;Tegucigalpa;1789;not_before;1808;hgis;1789;exact;1808;hgis;1789;1808;249;;
JUGUTGCT;Tenencia de subdelegacion;Choluteca;JUGUTGTG;Subdelegacion;Tegucigalpa;1789;not_before;1808;hgis;1789;exact;1808;hgis;1789;1808;250;;
PTNECLSB;Partido;Santa Barbara;JUNECLCN;Gobernacion;California Alta;1782;not_after;1808;hgis;1804;exact;1808;hgis;1804;1808;251;;
PTNECLSD;Partido;San Diego;JUNECLCN;Gobernacion;California Alta;1782;not_after;1808;hgis;1804;exact;1808;hgis;1804;1808;252;;
PTNECLMO;Partido;Monterey;JUNECLCN;Gobernacion;California Alta;1782;not_after;1808;hgis;1804;exact;1808;hgis;1804;1808;253;;
PTNECLSF;Partido;San Francisco;JUNECLCN;Gobernacion;California Alta;1782;not_after;1808;hgis;1804;exact;1808;hgis;1804;1808;254;;
PTNECLSB;Partido;Santa Barbara;PRNECL00;Gobernacion Politico-Militar;Las Californias;1782;not_after;1808;hgis;1777;exact;1803;exact;1782;1803;255;;agregado
PTNECLSD;Partido;San Diego;PRNECL00;Gobernacion Politico-Militar;Las Californias;1782;not_after;1808;hgis;1777;exact;1803;exact;1782;1803;256;;agregado
PTNECLMO;Partido;Monterey;PRNECL00;Gobernacion Politico-Militar;Las Californias;1782;not_after;1808;hgis;1777;exact;1803;exact;1782;1803;257;;agregado
PTNECLSF;Partido;San Francisco;PRNECL00;Gobernacion Politico-Militar;Las Californias;1782;not_after;1808;hgis;1777;exact;1803;exact;1782;1803;258;;agregado
JUNECLDS;Departamento;El Sur;JUNECLCV;Gobernacion;Antigua California;1804;exact;1808;hgis;1804;exact;1808;hgis;1804;1808;259;;
PTNEGJYU;Partido;Yurirapundaro;JUNEGJCE;Subdelegacion;Celaya;1787;not_before;1808;hgis;1787;exact;1808;hgis;1787;1808;261;;
PTNEGJSA;Jurisdiccion;Salamanca;JUNEGJCE;Subdelegacion;Celaya;1787;not_after;1808;hgis;1787;exact;1808;hgis;1787;1808;262;;
PTNEGJST;Jurisdiccion;Salvatierra;JUNEGJCE;Subdelegacion;Celaya;1787;not_after;1808;hgis;1787;exact;1808;hgis;1787;1808;263;;
PTNEGJAC;Partido;Acambaro;JUNEGJCE;Subdelegacion;Celaya;1787;not_before;1808;hgis;1787;exact;1808;hgis;1787;1808;264;;
PTNEGJIR;Partido;Irapuato;PRNEGJ00;Corregimiento-Intendencia;Guanajuato;1787;not_after;1808;hgis;1787;exact;1808;hgis;1787;1808;265;;cabecera
JUNEGJSI;Partido;Silao;PRNEGJ00;Corregimiento-Intendencia;Guanajuato;1787;not_before;1808;hgis;1787;exact;1808;hgis;1787;1808;266;;cabecera
JUNEGJPG;Partido;Piedragorda;JUNEGJLE;Subdelegacion;Villa de Leon;1787;not_before;1792;exact;1787;exact;1808;hgis;1787;1792;267;;
JUNEGJPE;Partido;Penjamo;JUNEGJLE;Subdelegacion;Villa de Leon;1787;not_before;1792;exact;1787;exact;1808;hgis;1787;1792;268;;
JUNEGJSF;Jurisdiccion;San Felipe;JUNEGJSM;Subdelegacion;San Miguel;1787;exact;1807;not_after;1787;exact;1808;hgis;1787;1807;269;;
JUNEMIUO;Partido;Urecho;JUNEMICI;Subdelegacion;Ario;1806;exact;1808;hgis;1788;exact;1808;hgis;1806;1808;270;;
JUNEMICA;Partido;Caracuaro;JUNEMICI;Subdelegacion;Ario;1803;not_before;1808;hgis;1788;exact;1808;hgis;1803;1808;271;;
JUNEMICD;Partido;Chucandiro;JUNEMICL;Subdelegacion;Cuitzeo;1804;exact;1808;hgis;1793;exact;1808;hgis;1804;1808;272;;
JUNEMIHG;Partido;Huango;JUNEMICL;Subdelegacion;Cuitzeo;1804;exact;1808;hgis;1793;exact;1808;hgis;1804;1808;273;;
JUNEMIZP;Corregimiento;Ucareo;JUNEMIMA;Corregimiento;Maravatio;1600;ca;1647;not_after;1550;not_after;1600;not_before;1600;1600;274;dontclip;
PTNEMIMA;Partido;Zitacuaro;JUNEMIMA;Subdelegacion;Zitacuaro;1790;not_after;1808;hgis;1790;not_after;1808;hgis;1790;1808;275;dontclip;
JUNEMIZP;Corregimiento;Ucareo;JUNEMIMA;Alcaldia Mayor;Maravatio;1600;ca;1647;not_after;1601;not_before;1789;not_after;1601;1647;276;dontclip;
JUNEMIER;Partido;Erongaricuaro;JUNEMIPA;Subdelegacion;Patzcuaro;1807;exact;1808;hgis;1790;exact;1808;hgis;1807;1808;277;;
JUNEMISC;Partido;Santa Clara;JUNEMIPA;Subdelegacion;Patzcuaro;1808;exact;1808;hgis;1790;exact;1808;hgis;1808;1808;278;;
JUNEMICO;Partido;Cocupao;JUNEMIPA;Subdelegacion;Patzcuaro;1807;exact;1808;hgis;1790;exact;1808;hgis;1807;1808;279;;
JUNEMIAN;Partido;Angamacutiro;JUNEMIPU;Subdelegacion;Puruandiro;1806;exact;1808;hgis;1792;exact;1808;hgis;1806;1808;280;;
PTNEMITC;Partido;Apatzingan;JUNEMITC;Subdelegacion;Apatzingan;1788;exact;1808;hgis;1788;exact;1808;hgis;1788;1808;283;dontclip;
JCNEMICU;Corregimiento;Cuacoman;JUNEMIVA;Alcaldia Mayor;Michoacan;1560;not_after;1599;ca;1551;exact;1786;exact;1560;1599;289;clip;
JUNEMIAN;Partido;Angamacutiro;JUNEMIVA;Alcaldia Mayor;Michoacan;1111;start;1789;exact;1551;exact;1786;exact;1551;1786;290;;
JCNEMIES;Alcaldia Mayor;Minas del Espiritu Santo;JUNEMIVA;Alcaldia Mayor;Michoacan;1566;exact;1599;arbitrary;1551;exact;1786;exact;1566;1599;291;;
JCNEMIMQ;Corregimiento;Maquili;JUNEMIVA;Alcaldia Mayor;Michoacan;1555;not_after;1599;ca;1551;exact;1786;exact;1555;1599;292;;
JUNEMIUR;Partido;Uruapan;JUNEMIVA;Alcaldia Mayor;Michoacan;1111;start;1788;exact;1551;exact;1786;exact;1551;1786;294;;
JUNEMIER;Partido;Erongaricuaro;JUNEMIVA;Alcaldia Mayor;Michoacan;1111;start;1787;exact;1551;exact;1786;exact;1551;1786;295;;
JUNEMISC;Partido;Santa Clara;JUNEMIVA;Alcaldia Mayor;Michoacan;1111;start;1787;exact;1551;exact;1786;exact;1551;1786;296;;
JUNEMIPA;Partido;Patzcuaro;JUNEMIVA;Alcaldia Mayor;Michoacan;1551;exact;1789;exact;1551;exact;1786;exact;1551;1786;297;;
JUNEMITB;Partido;Tacambaro;JUNEMIVA;Alcaldia Mayor;Michoacan;1111;start;1787;exact;1551;exact;1786;exact;1551;1786;298;;
JUNEMIPR;Partido;Paracho;JUNEMIVA;Alcaldia Mayor;Michoacan;1111;start;1790;exact;1551;exact;1786;exact;1551;1786;299;;
JUNEMITI;Partido;Tiripetio;JUNEMIVA;Alcaldia Mayor;Michoacan;1600;ca;1787;exact;1551;exact;1786;exact;1600;1786;300;;
JCNEMIGU;Corregimiento;Guanaxo;JUNEMIVA;Alcaldia Mayor;Michoacan;1544;exact;1599;ca;1551;exact;1786;exact;1551;1599;301;;
JCNEMIAQ;Corregimiento;Aquila;JUNEMIVA;Alcaldia Mayor;Michoacan;1559;not_after;1599;ca;1551;exact;1786;exact;1559;1599;303;;
JUNEMIPU;Partido;Puruandiro;JUNEMIVA;Alcaldia Mayor;Michoacan;1111;start;1791;exact;1551;exact;1786;exact;1551;1786;304;;
JUNEMIHG;Partido;Huango;JUNEMIVA;Alcaldia Mayor;Michoacan;1111;start;1787;exact;1551;exact;1786;exact;1551;1786;307;;
JCNEMICP;Corregimiento;Capula;JUNEMIVA;Alcaldia Mayor;Michoacan;1534;ca;1599;ca;1551;exact;1786;exact;1551;1599;308;;
JCNEMINE;Corregimiento;Necotlan;JUNEMIVA;Alcaldia Mayor;Michoacan;1545;ca;1599;ca;1551;exact;1786;exact;1551;1599;309;;
JCNEMIZZ;Corregimiento;Tzintzuntzan;JUNEMIVA;Alcaldia Mayor;Michoacan;1595;ca;1599;ca;1551;exact;1786;exact;1595;1599;310;;
JCNEMICH;Corregimiento;Chocandiro;JUNEMIVA;Alcaldia Mayor;Michoacan;1597;ca;1599;ca;1551;exact;1786;exact;1597;1599;311;;
JUNEMIUO;Partido;Urecho;JUNEMIVA;Alcaldia Mayor;Michoacan;1111;start;1787;exact;1551;exact;1786;exact;1551;1786;313;;
JUNEMICO;Partido;Cocupao;JUNEMIVA;Alcaldia Mayor;Michoacan;1111;start;1787;exact;1551;exact;1786;exact;1551;1786;314;;
JCNEMIMM;Corregimiento;Motin;JUNEMIVA;Alcaldia Mayor;Michoacan;1555;not_after;1599;ca;1551;exact;1786;exact;1555;1599;315;;
JUNEMIAN;Partido;Angamacutiro;JUNEMIVA;Jurisdiccion;Valladolid;1111;start;1789;exact;1787;exact;1808;hgis;1787;1789;316;;cabecera
JUNEMIUR;Partido;Uruapan;JUNEMIVA;Jurisdiccion;Valladolid;1111;start;1788;exact;1787;exact;1808;hgis;1787;1788;318;;cabecera
JUNEMIER;Partido;Erongaricuaro;JUNEMIVA;Jurisdiccion;Valladolid;1111;start;1787;exact;1787;exact;1808;hgis;1787;1787;319;;cabecera
JUNEMISC;Partido;Santa Clara;JUNEMIVA;Jurisdiccion;Valladolid;1111;start;1787;exact;1787;exact;1808;hgis;1787;1787;320;;cabecera
JUNEMIPA;Partido;Patzcuaro;JUNEMIVA;Jurisdiccion;Valladolid;1551;exact;1789;exact;1787;exact;1808;hgis;1787;1789;321;;cabecera
JUNEMITB;Partido;Tacambaro;JUNEMIVA;Jurisdiccion;Valladolid;1111;start;1787;exact;1787;exact;1808;hgis;1787;1787;322;;cabecera
JUNEMIPR;Partido;Paracho;JUNEMIVA;Jurisdiccion;Valladolid;1111;start;1790;exact;1787;exact;1808;hgis;1787;1790;323;;cabecera
JUNEMITI;Partido;Tiripetio;JUNEMIVA;Jurisdiccion;Valladolid;1600;ca;1787;exact;1787;exact;1808;hgis;1787;1787;324;;cabecera
JUNEMIPU;Partido;Puruandiro;JUNEMIVA;Jurisdiccion;Valladolid;1111;start;1791;exact;1787;exact;1808;hgis;1787;1791;326;;cabecera
JUNEMIHG;Partido;Huango;JUNEMIVA;Jurisdiccion;Valladolid;1111;start;1787;exact;1787;exact;1808;hgis;1787;1787;328;;cabecera
JUNEMICD;Partido;Chucandiro;JUNEMIVA;Jurisdiccion;Valladolid;1787;exact;1787;exact;1787;exact;1808;hgis;1787;1787;329;;cabecera
JUNEMIUO;Partido;Urecho;JUNEMIVA;Jurisdiccion;Valladolid;1111;start;1787;exact;1787;exact;1808;hgis;1787;1787;331;;cabecera
JUNEMICO;Partido;Cocupao;JUNEMIVA;Jurisdiccion;Valladolid;1111;start;1787;exact;1787;exact;1808;hgis;1787;1787;332;;cabecera
JUNEMIAN;Partido;Angamacutiro;JUNEMIVA;Corregimiento;Tzintzuntzan;1111;start;1789;exact;1531;exact;1550;ca;1531;1550;333;;agregado
JUNEMIUR;Partido;Uruapan;JUNEMIVA;Corregimiento;Tzintzuntzan;1111;start;1788;exact;1531;exact;1550;ca;1531;1550;334;;agregado
JUNEMIER;Partido;Erongaricuaro;JUNEMIVA;Corregimiento;Tzintzuntzan;1111;start;1787;exact;1531;exact;1550;ca;1531;1550;335;;agregado
JUNEMISC;Partido;Santa Clara;JUNEMIVA;Corregimiento;Tzintzuntzan;1111;start;1787;exact;1531;exact;1550;ca;1531;1550;336;;agregado
JUNEMITB;Partido;Tacambaro;JUNEMIVA;Corregimiento;Tzintzuntzan;1111;start;1787;exact;1531;exact;1550;ca;1531;1550;337;;agregado
JUNEMIPR;Partido;Paracho;JUNEMIVA;Corregimiento;Tzintzuntzan;1111;start;1790;exact;1531;exact;1550;ca;1531;1550;338;;agregado
JCNEMIGU;Corregimiento;Guanaxo;JUNEMIVA;Corregimiento;Tzintzuntzan;1544;exact;1599;ca;1531;exact;1550;ca;1544;1550;339;;agregado
JUNEMIPU;Partido;Puruandiro;JUNEMIVA;Corregimiento;Tzintzuntzan;1111;start;1791;exact;1531;exact;1550;ca;1531;1550;340;;agregado
JUNEMIHG;Partido;Huango;JUNEMIVA;Corregimiento;Tzintzuntzan;1111;start;1787;exact;1531;exact;1550;ca;1531;1550;341;;agregado
JCNEMICP;Corregimiento;Capula;JUNEMIVA;Corregimiento;Tzintzuntzan;1534;ca;1599;ca;1531;exact;1550;ca;1534;1550;342;;agregado
JCNEMINE;Corregimiento;Necotlan;JUNEMIVA;Corregimiento;Tzintzuntzan;1545;ca;1599;ca;1531;exact;1550;ca;1545;1550;343;;agregado
JUNEMIUO;Partido;Urecho;JUNEMIVA;Corregimiento;Tzintzuntzan;1111;start;1787;exact;1531;exact;1550;ca;1531;1550;344;;agregado
JUNEMICO;Partido;Cocupao;JUNEMIVA;Corregimiento;Tzintzuntzan;1111;start;1787;exact;1531;exact;1550;ca;1531;1550;345;;agregado
JUNEMIAN;Partido;Angamacutiro;JUNEMIVA;Jurisdiccion;Michoacan;1111;start;1789;exact;1529;exact;1530;exact;1529;1530;346;;
JUNEMIUR;Partido;Uruapan;JUNEMIVA;Jurisdiccion;Michoacan;1111;start;1788;exact;1529;exact;1530;exact;1529;1530;347;;
JUNEMIER;Partido;Erongaricuaro;JUNEMIVA;Jurisdiccion;Michoacan;1111;start;1787;exact;1529;exact;1530;exact;1529;1530;348;;
JUNEMISC;Partido;Santa Clara;JUNEMIVA;Jurisdiccion;Michoacan;1111;start;1787;exact;1529;exact;1530;exact;1529;1530;349;;
JUNEMITB;Partido;Tacambaro;JUNEMIVA;Jurisdiccion;Michoacan;1111;start;1787;exact;1529;exact;1530;exact;1529;1530;350;;
JUNEMIPR;Partido;Paracho;JUNEMIVA;Jurisdiccion;Michoacan;1111;start;1790;exact;1529;exact;1530;exact;1529;1530;351;;
JUNEMIPU;Partido;Puruandiro;JUNEMIVA;Jurisdiccion;Michoacan;1111;start;1791;exact;1529;exact;1530;exact;1529;1530;352;;
JUNEMIHG;Partido;Huango;JUNEMIVA;Jurisdiccion;Michoacan;1111;start;1787;exact;1529;exact;1530;exact;1529;1530;353;;
JUNEMIUO;Partido;Urecho;JUNEMIVA;Jurisdiccion;Michoacan;1111;start;1787;exact;1529;exact;1530;exact;1529;1530;354;;
JUNEMICO;Partido;Cocupao;JUNEMIVA;Jurisdiccion;Michoacan;1111;start;1787;exact;1529;exact;1530;exact;1529;1530;355;;
JUNEMIAN;Partido;Angamacutiro;JUNEMIVA;Provincia;Michoacan;1111;start;1789;exact;1524;exact;1528;exact;1524;1528;356;;
JUNEMIUR;Partido;Uruapan;JUNEMIVA;Provincia;Michoacan;1111;start;1788;exact;1524;exact;1528;exact;1524;1528;357;;
JUNEMIER;Partido;Erongaricuaro;JUNEMIVA;Provincia;Michoacan;1111;start;1787;exact;1524;exact;1528;exact;1524;1528;358;;
JUNEMISC;Partido;Santa Clara;JUNEMIVA;Provincia;Michoacan;1111;start;1787;exact;1524;exact;1528;exact;1524;1528;359;;
JUNEMITB;Partido;Tacambaro;JUNEMIVA;Provincia;Michoacan;1111;start;1787;exact;1524;exact;1528;exact;1524;1528;360;;
JUNEMIPR;Partido;Paracho;JUNEMIVA;Provincia;Michoacan;1111;start;1790;exact;1524;exact;1528;exact;1524;1528;361;;
JUNEMIPU;Partido;Puruandiro;JUNEMIVA;Provincia;Michoacan;1111;start;1791;exact;1524;exact;1528;exact;1524;1528;362;;
JUNEMIHG;Partido;Huango;JUNEMIVA;Provincia;Michoacan;1111;start;1787;exact;1524;exact;1528;exact;1524;1528;363;;
JUNEMIUO;Partido;Urecho;JUNEMIVA;Provincia;Michoacan;1111;start;1787;exact;1524;exact;1528;exact;1524;1528;364;;
JUNEMICO;Partido;Cocupao;JUNEMIVA;Provincia;Michoacan;1111;start;1787;exact;1524;exact;1528;exact;1524;1528;365;;
JUNEMIIN;Partido;Indaparapeo;JUNEMIZP;Subdelegacion;Zinapecuaro;1801;exact;1808;hgis;1792;exact;1808;hgis;1801;1808;366;;
PTNEMXCT;Partido;Cuautla;JUNEMXCT;Subdelegacion;Cuautla Amilpas;1111;start;1808;hgis;1787;exact;1808;hgis;1787;1808;368;dontclip;
JUNEPUTO;Partido;Tochimilco;JUNEMXCT;Subdelegacion;Cuautla Amilpas;1787;not_before;1790;not_after;1787;exact;1808;hgis;1787;1790;369;;
PTNEMXCT;Partido;Cuautla;JUNEMXCT;Alcaldia Mayor;Cuautla Amilpas;1111;start;1808;hgis;1583;not_before;1786;exact;1583;1786;371;dontclip;
PTNEMXCT;Partido;Cuautla;JUNEMXCT;Alcaldia Mayor;Cuatro Villas del Marquesado;1111;start;1808;hgis;1570;exact;1582;exact;1570;1582;372;dontclip;
JUNEMXTP;Alcaldia Mayor;Tetepango;JUNEMXIM;Alcaldia Mayor;Ixmiquilpan;1657;not_after;1678;not_after;1561;arbitrary;1786;exact;1657;1678;373;dontclip;
JUNEMXIG;Partido;Iguala;JUNEMXTA;Alcaldia Mayor;Taxco;1776;not_after;1786;exact;1538;exact;1786;exact;1776;1786;374;;
JUNEMXSO;Partido;Sochicoatlan;JUNEMXYA;Alcaldia Mayor;Yahualica;1711;ca;1786;exact;1711;ca;1786;exact;1711;1786;379;;
PTNEMXZP;Partido;Zacualpan;JUNEMXZP;Subdelegacion;Zacualpan;1111;start;1808;hgis;1787;exact;1808;hgis;1787;1808;380;dontclip;
PTNEMXZP;Partido;Zacualpan;JUNEMXZP;Alcaldia Mayor;Zacualpan;1111;start;1808;hgis;1563;ca;1670;ca;1563;1670;381;dontclip;
PTNEMXZP;Partido;Zacualpan;JUNEMXZP;Corregimiento;Iztapan;1111;start;1808;hgis;1544;ca;1562;ca;1544;1562;382;dontclip;
PTNEMXZP;Partido;Zacualpan;JUNEMXZP;Corregimiento;Zacualpan;1111;start;1808;hgis;1536;exact;1543;not_before;1536;1543;383;dontclip;
PTNEMXZP;Partido;Zacualpan;JUNEMXZP;Alcaldia Mayor;Zacualpan;1111;start;1808;hgis;1671;not_before;1786;exact;1671;1786;385;dontclip;
PTNEOAHM;Partido;Huamelula;JUNEOAHM;Alcaldia Mayor;Huatulco y Huamelula;1600;ca;1786;exact;1600;ca;1709;not_after;1600;1709;387;dontclip;
PTNEOAHM;Partido;Huamelula;JUNEOAHM;Subdelegacion;Huamelula;1795;not_after;9999;end;1795;not_after;1808;hgis;1795;1808;388;dontclip;
PTNEOAHM;Partido;Huamelula;JUNEOAHM;Alcaldia Mayor;Huatulco y Huamelula;1600;ca;1786;exact;1742;not_after;1786;exact;1742;1786;389;dontclip;
PTNEOAHM;Partido;Huamelula;JUNEOAHM;Alcaldia Mayor;Huamelula;1600;ca;1786;exact;1710;not_after;1713;not_after;1710;1713;390;dontclip;
PTNEOAHM;Partido;Huamelula;JUNEOAHM;Alcaldia Mayor;Huatulco y Huamelula;1600;ca;1786;exact;1714;not_after;1737;not_after;1714;1737;391;dontclip;
PTNEOAHM;Partido;Huamelula;JUNEOAHM;Alcaldia Mayor;Huamelula;1600;ca;1786;exact;1738;not_after;1741;not_after;1738;1741;392;dontclip;
PTNEOAHM;Partido;Huamelula;JUNEOAMI;Subdelegacion;Miahuatlan;1787;exact;1794;not_after;1787;exact;1808;hgis;1787;1794;393;;
JUNEOAHM;Partido;Huatulco y Huamelula;JUNEOAMI;Subdelegacion;Miahuatlan;1787;exact;1794;not_after;1787;exact;1808;hgis;1787;1794;394;;
PTNEOANO;Partido;Nochixtlan;JUNEOANO;Subdelegacion;Nochixtlan;1111;start;1808;hgis;1787;exact;1808;hgis;1787;1808;395;dontclip;
PTNEOANO;Partido;Nochixtlan;JUNEOANO;Corregimiento;Nochixtlan;1111;start;1808;hgis;1545;not_after;1737;not_after;1545;1737;396;dontclip;
PTNEOANO;Partido;Nochixtlan;JUNEOANO;Alcaldia Mayor;Nochixtlan;1111;start;1808;hgis;1771;not_after;1786;exact;1771;1786;397;dontclip;
PTNEOANO;Partido;Nochixtlan;JUNEOANO;Alcaldia Mayor;Nochixtlan;1111;start;1808;hgis;1738;not_after;1743;not_after;1738;1743;399;dontclip;
PTNEOANO;Partido;Nochixtlan;JUNEOANO;Corregimiento;Nochixtlan;1111;start;1808;hgis;1744;not_after;1770;not_after;1744;1770;400;dontclip;
PTNEOATL;Partido;Teutila;JUNEOATL;Corregimiento;Teutila;1111;start;1808;hgis;1533;exact;1555;exact;1533;1555;402;dontclip;
PTNEOATL;Partido;Teutila;JUNEOATL;Alcaldia Mayor;Teutila;1111;start;1808;hgis;1556;exact;1769;ca;1556;1769;403;dontclip;
PTNEOATL;Partido;Teutila;JUNEOATL;Subdelegacion;Teutila;1111;start;1808;hgis;1787;exact;1808;hgis;1787;1808;405;dontclip;
PTNEOATL;Partido;Teutila;JUNEOATL;Alcaldia Mayor;Teutila;1111;start;1808;hgis;1770;ca;1786;exact;1770;1786;406;dontclip;
JUNEOAJU;Partido;Juxtlahuaca;JUNEOATP;Subdelegacion;Teposcolula;1787;exact;1793;not_after;1787;exact;1808;hgis;1787;1793;408;;
PTNEOAMT;Partido;Mitla y Tlacolula;JUNEOATV;Alcaldia Mayor;Mitla y Tlacolula;1680;ca;1808;hgis;1680;ca;1786;exact;1680;1786;409;;
PTNEOAMT;Partido;Mitla y Tlacolula;JUNEOATV;Subdelegacion;Teotitlan Del Valle;1680;ca;1808;hgis;1787;exact;1808;hgis;1787;1808;410;;
PMNEOATO;Partido;Teocuicuilco;JUNEOATZ;Alcaldia Mayor;Teozacoalco;1680;ca;1808;hgis;1680;ca;1786;exact;1680;1786;411;;
PMNEOATO;Partido;Teocuicuilco;JUNEOATZ;Subdelegacion;Teozacoalco;1680;ca;1808;hgis;1787;exact;1808;hgis;1787;1808;412;;
PTNEVCGU;Partido;Guaspaltepec;JUNEOAVA;Alcaldia Mayor;Villa Alta;1736;exact;1786;exact;1600;arbitrary;1786;exact;1736;1786;413;;
PTNEPUGQ;Partido;Guaquechula;JUNEPUAT;Alcaldia Mayor;Atlixco;1602;exact;1808;hgis;1579;exact;1808;hgis;1602;1808;414;;
JUNEPUTE;Partido;Teotlalco;JUNEPUCT;Alcaldia Mayor;Chiautla;1770;not_after;1786;not_after;1566;ca;1786;exact;1770;1786;415;;
JUNEPUCE;Corregimiento;Chietla;JUNEPUIZ;Alcaldia Mayor;Izucar;1731;not_after;1755;exact;1559;not_before;1786;exact;1731;1755;416;dontclip;
JUNEPUTM;Partido;Totomehuacan;JUNEPUPU;Corregimiento;Puebla;1111;start;1786;not_before;1550;exact;1554;exact;1550;1554;418;;
JUNEPUTM;Partido;Totomehuacan;JUNEPUPU;Jurisdiccion;Puebla;1111;start;1786;not_before;1538;exact;1549;exact;1538;1549;420;;
JUNEPUTM;Partido;Totomehuacan;JUNEPUPU;Corregimiento;Cuctlaxohuapan;1111;start;1786;not_before;1531;exact;1537;exact;1531;1537;422;;
JUNEPUAM;Partido;Amozoc;JUNEPUPU;Alcaldia Mayor;Puebla;1575;not_before;1786;not_before;1555;exact;1754;exact;1575;1754;424;;
JUNEPUTM;Partido;Totomehuacan;JUNEPUPU;Alcaldia Mayor;Puebla;1111;start;1786;not_before;1555;exact;1754;exact;1555;1754;425;;
JUNEPUAM;Partido;Amozoc;JUNEPUPU;Gobernacion;Puebla;1575;not_before;1786;not_before;1755;exact;1786;exact;1755;1786;427;;
JUNEPUTM;Partido;Totomehuacan;JUNEPUPU;Gobernacion;Puebla;1111;start;1786;not_before;1755;exact;1786;exact;1755;1786;428;;
PTNEPUTS;Partido;Tepexi de la Seda;JUNEPUTS;Subdelegacion;Tepexi de la Seda;1111;start;1808;hgis;1787;exact;1808;hgis;1787;1808;431;dontclip;
PTNEPUTS;Partido;Tepexi de la Seda;JUNEPUTS;Corregimiento;Tepexi de la Seda;1111;start;1808;hgis;1542;not_before;1664;not_before;1542;1664;432;dontclip;
PTNEPUTS;Partido;Tepexi de la Seda;JUNEPUTS;Alcaldia Mayor;Tepexi de la Seda;1111;start;1808;hgis;1665;not_before;1786;exact;1665;1786;433;dontclip;
PTNESLCH;Partido;Charcas;JUNESLCH;Alcaldia Mayor;Charcas;1696;exact;1808;hgis;1664;exact;1786;exact;1696;1786;434;dontclip;
PTNESLCH;Partido;Charcas;JUNESLCH;Subdelegacion;Charcas;1696;exact;1808;hgis;1787;exact;1808;hgis;1787;1808;435;dontclip;
JUNESLCA;Partido;Catorze;JUNESLCH;Subdelegacion;Charcas;1792;not_before;1801;not_after;1787;exact;1808;hgis;1792;1801;436;;
PTNETBRI;Partido;Rios;PRNEYU00;Gobernacion-Capitania General;Yucatan;1528;not_before;1808;hgis;1546;ca;1582;not_after;1546;1582;437;;agregado
PTNETBSI;Partido;La Sierra;PRNEYU00;Gobernacion-Capitania General;Yucatan;1528;not_before;1808;hgis;1546;ca;1582;not_after;1546;1582;438;;agregado
PTNETBCH;Partido;Chontalapa;PRNEYU00;Gobernacion-Capitania General;Yucatan;1528;not_before;1808;hgis;1546;ca;1582;not_after;1546;1582;439;;agregado
PRGUCY00;Provincia;Honduras;JUNETBTB;Gobernacion-Capitania General;Tabasco;1538;exact;1542;exact;1527;exact;1539;exact;1538;1539;440;clip;
PTNETBRI;Partido;Rios;JUNETBTB;Gobernacion-Capitania General;Tabasco;1528;not_before;1808;hgis;1527;exact;1539;exact;1528;1539;441;;
PTNETBSI;Partido;La Sierra;JUNETBTB;Gobernacion-Capitania General;Tabasco;1528;not_before;1808;hgis;1527;exact;1539;exact;1528;1539;442;;
PTNETBCH;Partido;Chontalapa;JUNETBTB;Gobernacion-Capitania General;Tabasco;1528;not_before;1808;hgis;1527;exact;1539;exact;1528;1539;443;;
PRNEYU00;Provincia;Yucatan;JUNETBTB;Gobernacion-Capitania General;Tabasco;1539;ca;1545;exact;1527;exact;1539;exact;1539;1539;444;dontclip;
PTNETBRI;Partido;Rios;JUNETBTB;Gobernacion;Tabasco;1528;not_before;1808;hgis;1783;ca;1808;hgis;1783;1808;445;;
PTNETBSI;Partido;La Sierra;JUNETBTB;Gobernacion;Tabasco;1528;not_before;1808;hgis;1783;ca;1808;hgis;1783;1808;446;;
PTNETBCH;Partido;Chontalapa;JUNETBTB;Gobernacion;Tabasco;1528;not_before;1808;hgis;1783;ca;1808;hgis;1783;1808;447;;
PRGUCY00;Provincia;Honduras;JUNETBTB;Alcaldia Mayor-Gobernacion;Tabasco;1538;exact;1542;exact;1540;exact;1545;ca;1540;1542;448;clip;
PTNETBRI;Partido;Rios;JUNETBTB;Alcaldia Mayor-Gobernacion;Tabasco;1528;not_before;1808;hgis;1540;exact;1545;ca;1540;1545;449;;
PTNETBSI;Partido;La Sierra;JUNETBTB;Alcaldia Mayor-Gobernacion;Tabasco;1528;not_before;1808;hgis;1540;exact;1545;ca;1540;1545;450;;
PTNETBCH;Partido;Chontalapa;JUNETBTB;Alcaldia Mayor-Gobernacion;Tabasco;1528;not_before;1808;hgis;1540;exact;1545;ca;1540;1545;451;;
PRNEYU00;Provincia;Yucatan;JUNETBTB;Alcaldia Mayor-Gobernacion;Tabasco;1539;ca;1545;exact;1540;exact;1545;ca;1540;1545;452;dontclip;
PTNETBRI;Partido;Rios;JUNETBTB;Alcaldia Mayor;Tabasco;1528;not_before;1808;hgis;1583;not_after;1782;ca;1583;1782;453;;
PTNETBSI;Partido;La Sierra;JUNETBTB;Alcaldia Mayor;Tabasco;1528;not_before;1808;hgis;1583;not_after;1782;ca;1583;1782;454;;
PTNETBCH;Partido;Chontalapa;JUNETBTB;Alcaldia Mayor;Tabasco;1528;not_before;1808;hgis;1583;not_after;1782;ca;1583;1782;455;;
PTNEVCCS;Partido;Cosamaloapan;JUNEVCCS;Corregimiento;Guaspaltepec;1535;not_before;1808;hgis;1566;not_before;1599;ca;1566;1599;456;dontclip;
PTNEVCGU;Partido;Guaspaltepec;JUNEVCCS;Corregimiento;Guaspaltepec;1111;start;1735;exact;1566;not_before;1599;ca;1566;1599;457;;
PTNEVCCS;Partido;Cosamaloapan;JUNEVCCS;Corregimiento;Guaspaltepec;1535;not_before;1808;hgis;1535;ca;1565;not_before;1535;1565;458;dontclip;
PTNEVCGU;Partido;Guaspaltepec;JUNEVCCS;Corregimiento;Guaspaltepec;1111;start;1735;exact;1535;ca;1565;not_before;1535;1565;459;;
PTNEVCCS;Partido;Cosamaloapan;JUNEVCCS;Alcaldia Mayor;Cosamaloapan;1535;not_before;1808;hgis;1652;not_before;1691;exact;1652;1691;460;dontclip;
PTNEVCGU;Partido;Guaspaltepec;JUNEVCCS;Alcaldia Mayor;Cosamaloapan;1111;start;1735;exact;1652;not_before;1691;exact;1652;1691;461;;
PTNEVCCS;Partido;Cosamaloapan;JUNEVCCS;Alcaldia Mayor;Cosamaloapan;1535;not_before;1808;hgis;1692;exact;1769;exact;1692;1769;462;dontclip;
PTNEVCGU;Partido;Guaspaltepec;JUNEVCCS;Alcaldia Mayor;Cosamaloapan;1111;start;1735;exact;1692;exact;1769;exact;1692;1735;463;;
PTNEVCCS;Partido;Cosamaloapan;JUNEVCCS;Subdelegacion;Cosamaloapan;1535;not_before;1808;hgis;1787;exact;1808;hgis;1787;1808;464;dontclip;
PTNEVCCS;Partido;Cosamaloapan;JUNEVCCS;Alcaldia Mayor;Cosamaloapan;1535;not_before;1808;hgis;1770;exact;1786;exact;1770;1786;465;dontclip;
PTNEVCCS;Partido;Cosamaloapan;JUNEVCCS;Corregimiento;Guaspaltepec;1535;not_before;1808;hgis;1600;ca;1651;not_before;1600;1651;466;dontclip;
PTNEVCGU;Partido;Guaspaltepec;JUNEVCCS;Corregimiento;Guaspaltepec;1111;start;1735;exact;1600;ca;1651;not_before;1600;1651;467;;
JUGDSSCH;Provincia;Chametla;JUNEVCPN;Gobernacion;Panuco;1529;not_before;1531;exact;1527;exact;1533;exact;1529;1531;468;;
PTNEVCXA;Partido;Xalapa;JUNEVCXA;Subdelegacion;Xalapa;1111;start;1808;hgis;1787;exact;1808;hgis;1787;1808;469;dontclip;
JUNEVCJA;Alcaldia Mayor;Jalacingo;JUNEVCXA;Subdelegacion;Xalapa;1680;ca;1790;ca;1787;exact;1808;hgis;1787;1790;470;dontclip;
PTNEVCXA;Partido;Xalapa;JUNEVCXA;Alcaldia Mayor;Xalapa;1111;start;1808;hgis;1680;ca;1786;exact;1680;1786;471;dontclip;
JUNEVCJA;Alcaldia Mayor;Jalacingo;JUNEVCXA;Alcaldia Mayor;Xalapa;1680;ca;1790;ca;1680;ca;1786;exact;1680;1786;472;dontclip;
PTNEVCXA;Partido;Xalapa;JUNEVCXA;Alcaldia Mayor;Xalapa;1111;start;1808;hgis;1558;exact;1679;ca;1558;1679;473;dontclip;
PTNEVCXA;Partido;Xalapa;JUNEVCXA;Corregimiento;Chapultepec y Maltrata;1111;start;1808;hgis;1531;not_before;1557;ca;1531;1557;474;dontclip;
PTNEYUCA;Partido;Campeche;JUNEYUCA;Subdelegacion;Campeche;1111;start;1808;hgis;1787;exact;1808;hgis;1787;1808;475;dontclip;
PTNEYUCA;Partido;Campeche;JUNEYUCA;Jurisdiccion;Campeche;1111;start;1808;hgis;1541;exact;1786;exact;1541;1786;476;dontclip;
JUNEYURB;Partido;Camino Real Bajo;JUNEYURA;Partido;Camino Real de Campeche;1640;ca;1698;not_after;1584;not_before;1749;not_after;1640;1698;477;;
JUNEYUSB;Partido;Sierra Baja;JUNEYUSA;Capitania a guerra;Sahcabchen;1111;start;1801;ca;1721;not_after;1786;exact;1721;1786;478;;
JUNEYUSB;Partido;Sierra Baja;JUNEYUSA;Subdelegacion;Sahcabchen;1111;start;1801;ca;1787;exact;1808;hgis;1787;1801;479;;
PTNGCABA;Partido;Baru;PRNGCA00;Gobernacion-Comandancia General;Cartagena;1774;not_after;1808;hgis;1533;exact;1808;hgis;1774;1808;480;;cabecera
JMNGCHTA;Corregimiento;Tado;JUNGCHCI;Provincia;Citara;1575;not_before;1808;hgis;1575;exact;1686;exact;1575;1686;481;;
JMNGCHLL;Corregimiento;Lloro;JUNGCHCI;Provincia;Citara;1111;start;1808;hgis;1575;exact;1686;exact;1575;1686;482;;
JMNGCHQU;Corregimiento;Quibdo;JUNGCHCI;Tenencia de gobierno;Citara;1701;hgis;1808;hgis;1687;exact;1808;hgis;1701;1808;483;dontclip;
JMNGCHBB;Corregimiento;Bebara;JUNGCHCI;Tenencia de gobierno;Citara;1787;not_after;1808;hgis;1687;exact;1808;hgis;1787;1808;485;;
JMNGCHTA;Corregimiento;Tado;JUNGCHCI;Tenencia de gobierno;Citara;1575;not_before;1808;hgis;1687;exact;1808;hgis;1687;1808;486;;
JMNGCHCH;Corregimiento;Chami;JUNGCHCI;Tenencia de gobierno;Citara;1774;exact;1808;hgis;1687;exact;1808;hgis;1774;1808;487;;
JMNGCHLL;Corregimiento;Lloro;JUNGCHCI;Tenencia de gobierno;Citara;1111;start;1808;hgis;1687;exact;1808;hgis;1687;1808;488;;
JMNGCHGU;Corregimiento;Pevarando;JUNGCHCI;Tenencia de gobierno;Citara;1776;ca;1805;not_before;1687;exact;1808;hgis;1776;1805;489;;
JMNGCHBE;Corregimiento;Bete;JUNGCHCI;Tenencia de gobierno;Citara;1753;not_after;1786;not_after;1687;exact;1808;hgis;1753;1786;490;;
JMNGCHBR;Corregimiento;Los Brazos;PRNGCH00;Tenencia general;Choco;1701;hgis;1793;not_after;1687;exact;1725;exact;1701;1725;491;;cabecera
JMNGCHSI;Corregimiento;Sipi;PRNGCH00;Tenencia general;Choco;1111;start;1808;hgis;1687;exact;1725;exact;1687;1725;492;;cabecera
JMNGCHSO;Corregimiento;San Onofre;PRNGCH00;Tenencia general;Choco;1111;start;1808;hgis;1687;exact;1725;exact;1687;1725;494;;cabecera
JMNGCHSI;Corregimiento;Sipi;PRNGCH00;Provincias;Choco;1111;start;1808;hgis;1111;start;1686;not_before;1111;1686;495;;cabecera
JMNGCHSO;Corregimiento;San Onofre;PRNGCH00;Provincias;Choco;1111;start;1808;hgis;1111;start;1686;not_before;1111;1686;496;;cabecera
JMNGCHBR;Corregimiento;Los Brazos;JUNGCHNO;Tenencia de gobierno;Novita;1701;hgis;1793;not_after;1726;exact;1808;hgis;1726;1793;497;;
JMNGCHNO;Corregimiento;Novita;JUNGCHNO;Tenencia de gobierno;Novita;1794;not_after;1808;hgis;1726;exact;1808;hgis;1794;1808;498;;
PTNGCHCA;Corregimiento;El Cajon;JUNGCHNO;Tenencia de gobierno;Novita;1793;not_after;1793;not_before;1726;exact;1808;hgis;1793;1793;499;dontclip;
JMNGCHSI;Corregimiento;Sipi;JUNGCHNO;Tenencia de gobierno;Novita;1111;start;1808;hgis;1726;exact;1808;hgis;1726;1808;500;;
JMNGCHSO;Corregimiento;San Onofre;JUNGCHNO;Tenencia de gobierno;Novita;1111;start;1808;hgis;1726;exact;1808;hgis;1726;1808;502;;
JMNGCHBA;Corregimiento;Baudo;JUNGCHNO;Tenencia de gobierno;Novita;1776;not_after;1808;hgis;1726;exact;1808;hgis;1776;1808;503;;
PRNGLL00;Gobernacion;Santiago;JUNGLLSJ;Jurisdiccion;Llanos de San Juan;1737;ca;1764;ca;1555;exact;1764;ca;1737;1764;504;dontclip;
JUNGLLSJ;Partido;Llanos de San Juan;JUNGLLSM;Jurisdiccion;Llanos de San Martin;1765;ca;1808;hgis;1641;exact;1808;hgis;1765;1808;505;;
JUNGNEPZ;Corregimiento;Paez;PRNGNE00;Gobernacion;Neiva;1754;not_after;1796;not_after;1612;exact;1808;hgis;1754;1796;506;dontclip;cabecera
PTNGPASA;Partido;Santos;JUNGPANA;Alcaldia Mayor;Nata;1701;hgis;1808;hgis;1701;hgis;1808;hgis;1701;1808;507;;
PTNGPANA;Partido;Nata;JUNGPANA;Alcaldia Mayor;Nata;1701;hgis;1808;hgis;1701;hgis;1808;hgis;1701;1808;508;dontclip;
JUNGPOTO;Jurisdiccion;Toro;JUNGPOCC;Tenencia de gobierno;Cartago;1701;arbitrary;1808;hgis;1756;exact;1808;hgis;1756;1808;509;;
JUNGPOAN;Jurisdiccion;Anserma;JUNGPOCC;Tenencia de gobierno;Cartago;1701;arbitrary;1808;hgis;1756;exact;1808;hgis;1756;1808;510;;
JUNGPOTO;Jurisdiccion;Toro;JUNGPOCC;Tenencia de gobierno;Cuatro Ciudades;1701;arbitrary;1808;hgis;1700;arbitrary;1755;exact;1701;1755;511;;
JUNGANAR;Jurisdiccion;Arma;JUNGPOCC;Tenencia de gobierno;Cuatro Ciudades;1701;arbitrary;1755;exact;1700;arbitrary;1755;exact;1701;1755;512;;
JUNGPOAN;Jurisdiccion;Anserma;JUNGPOCC;Tenencia de gobierno;Cuatro Ciudades;1701;arbitrary;1808;hgis;1700;arbitrary;1755;exact;1701;1755;513;;
JUNGSFPA;Partido;Pasca;JUNGSFBZ;Corregimiento;Boza;1776;not_after;1808;hgis;1593;arbitrary;1808;hgis;1776;1808;514;;
JUNGSFUB;Tenencia de corregimiento;Ubate;JUNGSFZI;Corregimiento;Zipaquira;1705;not_after;1808;hgis;1593;arbitrary;1808;hgis;1705;1808;515;;
FRNGSMGU;Fronteras;Guajiros;JUNGSMRH;Jurisdiccion;Riohacha;1111;start;1808;hgis;1547;exact;1788;exact;1547;1788;516;;
FRNGSMGU;Fronteras;Guajiros;JUNGSMRH;Gobernacion;Riohacha;1111;start;1808;hgis;1789;exact;1808;hgis;1789;1808;517;;
PTNGSMSN;Partido;Sitio Nuevo;PRNGSM00;Gobernacion;Santa Marta;1777;not_after;1808;hgis;1525;exact;1808;hgis;1777;1808;518;;cabecera
JUNGSOSG;Jurisdiccion;San Gil;JUNGSOSO;Tenencia de corregimiento;Socorro;1689;exact;1794;exact;1683;exact;1794;exact;1689;1794;519;;
JUNGTUDU;Corregimiento;Duitama;JUNGTUSO;Corregimiento;Sogamoso;1719;exact;1808;hgis;1593;arbitrary;1808;hgis;1719;1808;520;;
PTNGTUTU;Partido;Tunja;PRNGTU00;Corregimiento;Tunja;1539;arbitrary;1808;hgis;1539;arbitrary;1808;hgis;1539;1808;521;clip;cabecera
JUPEARTA;Partido;Tarapaca;JUPEARAC;Corregimiento;Arica;1111;start;1767;exact;1583;not_after;1783;exact;1583;1767;522;;
JUPECUVI;Partido;Vilcabamba;JUPECUCL;Corregimiento;Calca y Lares;1684;exact;1780;not_after;1600;arbitrary;1783;exact;1684;1780;523;;
JUPECUVI;Partido;Vilcabamba;JUPECUUR;Subdelegacion;Urubamba;1784;exact;1808;hgis;1784;exact;1808;hgis;1784;1808;524;;
JUPETAPA;Misiones;Panatahuas;JUPETAHN;Corregimiento;Huanuco;1111;start;1792;exact;1583;not_after;1783;exact;1583;1783;527;;
JUPETAPA;Misiones;Panatahuas;JUPETAHN;Subdelegacion;Huanuco;1111;start;1792;exact;1784;exact;1808;hgis;1784;1792;528;;
MIPEOCVI;Misiones;Vitoc;JUPETATA;Subdelegacion;Tarma;1784;ca;1808;hgis;1784;exact;1808;hgis;1784;1808;529;;
PTPETRLA;Partido;Lamas;JUPETRCH;Subdelegacion;Chachapoyas;1803;exact;1808;hgis;1784;exact;1808;hgis;1803;1808;530;;
PTPETRMO;Partido;Moyobamba;JUPETRCH;Subdelegacion;Chachapoyas;1701;hgis;1802;hgis;1784;exact;1808;hgis;1784;1802;531;;
JUPETRLU;Partido;Luya y Chillaos;JUPETRCH;Subdelegacion;Chachapoyas;1773;exact;1808;hgis;1784;exact;1808;hgis;1784;1808;532;;
PTPETRMO;Partido;Moyobamba;JUPETRCH;Corregimiento;Chachapoyas;1701;hgis;1802;hgis;1565;not_after;1783;exact;1701;1783;533;;
JUPETRLU;Partido;Luya y Chillaos;JUPETRCH;Corregimiento;Chachapoyas;1773;exact;1808;hgis;1565;not_after;1783;exact;1773;1783;534;;
PRQUES00;Gobernacion;Esmeraldas;JUQUIBIB;Corregimiento;Ibarra;1756;not_before;1773;exact;1606;exact;1808;hgis;1756;1773;535;clip;
JUQULOZA;Alcaldia Mayor de Minas;Zaruma;JUQULOLO;Corregimiento;Loja;1701;hgis;1808;hgis;1582;exact;1808;hgis;1701;1808;536;dontclip;
PRQUYA00;Gobernacion;Yaguarzongo;JUQULOLO;Corregimiento;Loja;1618;exact;1808;hgis;1582;exact;1808;hgis;1618;1808;537;dontclip;
FRQUMCHU;Fronteras;Huamboyas;JUQUMCMC;Gobernacion;Macas;1111;start;1808;hgis;1775;not_after;1808;hgis;1775;1808;538;;
PTQUMCMC;Partido;Macas;JUQUMCMC;Gobernacion;Macas;1563;exact;1808;hgis;1775;not_after;1808;hgis;1775;1808;539;;
FRQUMCHU;Fronteras;Huamboyas;JUQUMCMC;Tenencia de gobierno;Macas;1111;start;1808;hgis;1554;not_before;1774;not_after;1554;1774;540;;
PTQUMCMC;Partido;Macas;JUQUMCMC;Tenencia de gobierno;Macas;1563;exact;1808;hgis;1554;not_before;1774;not_after;1563;1774;541;;
JUQUPORA;Provincia;Raposo;JUQUPOBA;Jurisdiccion-Tenencia de gobierno;Barbacoas;1111;start;1700;arbitrary;1600;not_before;1808;hgis;1600;1700;542;;
JUQUPORA;Provincia;Raposo;JUQUPOBA;Provincia;Barbacoas;1111;start;1700;arbitrary;1111;start;1599;not_before;1111;1599;543;;
JUQUPOPZ;Provincia;Paeces;JUQUPOCA;Jurisdiccion-Tenencia de gobierno;Cali;1111;start;1668;not_after;1536;exact;1808;hgis;1536;1668;544;clip;
MIQUPOSU;Partido;Sucumbios;JUQUPOPA;Jurisdiccion-Tenencia de gobierno;Pasto;1701;arbitrary;1808;hgis;1539;exact;1808;hgis;1701;1808;545;;
JUQUPOPS;Provincia;Los Pastos;JUQUPOPA;Jurisdiccion-Tenencia de gobierno;Pasto;1111;start;1678;not_after;1539;exact;1808;hgis;1539;1678;546;;
PRQUES00;Gobernacion;Esmeraldas;JUQUPOTU;Tenencia de gobierno;Tumaco;1774;not_before;1792;exact;1764;exact;1808;hgis;1774;1792;547;clip;
PTQUQUYU;Partido;Yumbos;JUQUQUQU;Corregimiento;Quito;1111;start;1808;hgis;1548;exact;1771;exact;1548;1771;548;;
PTQUQUYU;Partido;Yumbos;AUQU0000;Audiencia Real;Quito;1111;start;1808;hgis;1772;exact;1808;hgis;1772;1808;549;;cabecera
JUQURBAM;Tenencia de corregimiento;Ambato;JUQURBRB;Tenencia de corregimiento;Riobamba;1534;not_before;1796;exact;1534;exact;1564;not_before;1534;1564;550;;
PTQURBRB;Partido;Riobamba;JUQURBRB;Tenencia de corregimiento;Riobamba;1534;not_before;1808;hgis;1534;exact;1564;not_before;1534;1564;551;dontclip;
JUQURBAM;Tenencia de corregimiento;Ambato;JUQURBRB;Corregimiento de indios;Riobamba;1534;not_before;1796;exact;1565;not_before;1588;exact;1565;1588;552;;
PTQURBRB;Partido;Riobamba;JUQURBRB;Corregimiento de indios;Riobamba;1534;not_before;1808;hgis;1565;not_before;1588;exact;1565;1588;553;dontclip;
JUQURBAM;Tenencia de corregimiento;Ambato;JUQURBRB;Corregimiento;Riobamba;1534;not_before;1796;exact;1589;exact;1808;hgis;1589;1796;554;;
PTQURBRB;Partido;Riobamba;JUQURBRB;Corregimiento;Riobamba;1534;not_before;1808;hgis;1589;exact;1808;hgis;1589;1808;555;dontclip;
PTRPBOMA;Partido;Maldonado;PRRPBA00;Gobernacion-Intendencia;Buenos Aires;1784;exact;1785;exact;1701;hgis;1808;not_before;1784;1785;556;;cabecera
PTRPBOSO;Partido;Soriano;PRRPBA00;Gobernacion-Capitania General;Rio de la Plata;1701;hgis;1786;exact;1701;hgis;1808;not_before;1701;1786;557;;cabecera
PTRPBALU;Jurisdiccion;Lujan;PRRPBA00;Gobernacion-Capitania General;Rio de la Plata;1756;exact;1808;hgis;1701;hgis;1808;not_before;1756;1808;558;;cabecera
PMRPBOCO;Partido;Colla;PRRPBA00;Gobernacion-Capitania General;Rio de la Plata;1775;exact;1776;exact;1701;hgis;1808;not_before;1775;1776;559;;cabecera
PMRPBOLV;Partido;Las Viboras;PRRPBA00;Gobernacion-Capitania General;Rio de la Plata;1758;exact;1787;exact;1701;hgis;1808;not_before;1758;1787;560;;cabecera
PMRPBODO;Partido;El Espinillo;PRRPBA00;Gobernacion-Capitania General;Rio de la Plata;1774;exact;1787;exact;1701;hgis;1808;not_before;1774;1787;561;;cabecera
PMRPBACP;Partido;Curupayty;JURPBACR;Subdelegacion;Corrientes;1701;hgis;1808;hgis;1784;exact;1808;hgis;1784;1808;562;;
PMRPBACP;Partido;Curupayty;JURPBACR;Tenencia de gobierno;Corrientes;1701;hgis;1808;hgis;1701;hgis;1783;exact;1701;1783;563;;
PMRPERGU;Partido;Gualeguaychu;JURPBAER;Partido;Entrerrios;1777;not_after;1808;hgis;1701;hgis;1781;exact;1777;1781;564;;
PMRPERLB;Partido;La Bajada;JURPBAER;Partido;Entrerrios;1777;not_after;1808;hgis;1701;hgis;1781;exact;1777;1781;565;;
PMRPERAC;Partido;Arroyo de la China;JURPBAER;Partido;Entrerrios;1777;not_after;1808;hgis;1701;hgis;1781;exact;1777;1781;566;;
PMRPERGY;Partido;Gualeguay;JURPBAER;Partido;Entrerrios;1777;not_after;1808;hgis;1701;hgis;1781;exact;1777;1781;567;;
PMRPERNO;Partido;Nogoya;JURPBAER;Partido;Entrerrios;1777;not_after;1808;hgis;1701;hgis;1781;exact;1777;1781;568;;
PMRPERGU;Partido;Gualeguaychu;JURPBAER;Comandancia General;Entrerrios;1777;not_after;1808;hgis;1782;exact;1808;hgis;1782;1808;569;;
PMRPERLB;Partido;La Bajada;JURPBAER;Comandancia General;Entrerrios;1777;not_after;1808;hgis;1782;exact;1808;hgis;1782;1808;570;;
PMRPERAC;Partido;Arroyo de la China;JURPBAER;Comandancia General;Entrerrios;1777;not_after;1808;hgis;1782;exact;1808;hgis;1782;1808;571;;
PMRPERGY;Partido;Gualeguay;JURPBAER;Comandancia General;Entrerrios;1777;not_after;1808;hgis;1782;exact;1808;hgis;1782;1808;572;;
PMRPERES;Partido;Esquina;JURPBAER;Comandancia General;Entrerrios;1782;exact;1808;hgis;1782;exact;1808;hgis;1782;1808;573;;
PMRPERNO;Partido;Nogoya;JURPBAER;Comandancia General;Entrerrios;1777;not_after;1808;hgis;1782;exact;1808;hgis;1782;1808;574;;
PTRPBOSO;Partido;Soriano;JURPBOBO;Partido;Banda Oriental;1787;exact;1808;hgis;1701;hgis;1808;hgis;1787;1808;575;;
PMRPBOLV;Partido;Las Viboras;JURPBOBO;Partido;Banda Oriental;1758;exact;1808;hgis;1701;hgis;1808;hgis;1758;1808;576;;
PMRPBOPO;Partido;Porongos;JURPBOBO;Partido;Banda Oriental;1804;ca;1808;hgis;1701;hgis;1808;hgis;1804;1808;577;;
PMRPBODO;Partido;El Espinillo;JURPBOBO;Partido;Banda Oriental;1774;exact;1808;hgis;1701;hgis;1808;hgis;1774;1808;578;;
PTRPBOCL;Partido;Cerro Largo;JURPBOBO;Partido;Banda Oriental;1795;ca;1808;hgis;1701;hgis;1808;hgis;1795;1808;579;;
PTRPCOLC;Jurisdiccion;La Carlota;JURPCOCO;Subdelegacion;Cordoba;1798;exact;1808;hgis;1784;exact;1808;hgis;1798;1808;580;;
PTRPCORC;Jurisdiccion;Rio Cuarto;JURPCOCO;Subdelegacion;Cordoba;1801;exact;1808;hgis;1784;exact;1808;hgis;1801;1808;581;;
PTRPPACU;Partido;Cuarepoti;PRRPPA00;Gobernacion-Intendencia;Paraguay;1787;exact;1808;hgis;1701;hgis;1808;hgis;1787;1808;582;;cabecera
PTRPPAPI;Partido;Pilar;PRRPPA00;Gobernacion-Intendencia;Paraguay;1787;exact;1808;hgis;1701;hgis;1808;hgis;1787;1808;583;;cabecera
PTSDPPPP;Partido;La Villa;JUSDCUPP;Tenencia de gobierno;Puerto Principe;1765;arbitrary;9999;end;1734;exact;1808;hgis;1765;1808;584;dontclip;
PTSDPPSP;Partido politico;San Pedro;JUSDCUPP;Tenencia de gobierno;Puerto Principe;1765;arbitrary;9999;end;1734;exact;1808;hgis;1765;1808;585;;
PTSDPPGR;Partido politico;Gracias;JUSDCUPP;Tenencia de gobierno;Puerto Principe;1765;arbitrary;9999;end;1734;exact;1808;hgis;1765;1808;586;;
PTSDPPCU;Partido politico;Cubita;JUSDCUPP;Tenencia de gobierno;Puerto Principe;1765;arbitrary;9999;end;1734;exact;1808;hgis;1765;1808;587;;
PTSDPPCA;Partido politico;Carmen;JUSDCUPP;Tenencia de gobierno;Puerto Principe;1765;arbitrary;9999;end;1734;exact;1808;hgis;1765;1808;588;;
JUSDLUMO;Partido;Mobila;JUSDFLFW;Gobernacion;Florida occidental;1801;not_before;1808;hgis;1781;exact;1808;hgis;1801;1808;589;;
JUSDLUNO;Partido;Resto de Luisiana;JUSDFLFW;Gobernacion;Florida occidental;1804;exact;1808;hgis;1781;exact;1808;hgis;1804;1808;590;;
JUSDCVRE;Jurisdiccion;Remedios;JUSDLHCV;Gobernacion;Trinidad;1701;hgis;1808;hgis;1786;exact;1790;exact;1786;1790;591;;
JUSDCVSS;Jurisdiccion;Sancti Spiritus;JUSDLHCV;Gobernacion;Trinidad;1701;hgis;1808;hgis;1786;exact;1790;exact;1786;1790;592;;
JUSDCVTR;Jurisdiccion;Trinidad;JUSDLHCV;Gobernacion;Trinidad;1701;hgis;1808;hgis;1786;exact;1790;exact;1786;1790;593;dontclip;
JUSDCVVC;Jurisdiccion;Santa Clara;JUSDLHCV;Gobernacion;Trinidad;1701;hgis;1808;hgis;1786;exact;1790;exact;1786;1790;594;;
JUSDCVRE;Jurisdiccion;Remedios;JUSDLHCV;Tenencia de gobierno;Cuatro Villas;1701;hgis;1808;hgis;1111;start;1785;exact;1701;1785;595;;
JUSDCVSS;Jurisdiccion;Sancti Spiritus;JUSDLHCV;Tenencia de gobierno;Cuatro Villas;1701;hgis;1808;hgis;1111;start;1785;exact;1701;1785;596;;
JUSDCVTR;Jurisdiccion;Trinidad;JUSDLHCV;Tenencia de gobierno;Cuatro Villas;1701;hgis;1808;hgis;1111;start;1785;exact;1701;1785;597;dontclip;
JUSDCVVC;Jurisdiccion;Santa Clara;JUSDLHCV;Tenencia de gobierno;Cuatro Villas;1701;hgis;1808;hgis;1111;start;1785;exact;1701;1785;598;;
JUSDCVRE;Jurisdiccion;Remedios;JUSDLHCV;Tenencia de gobierno;Cuatro Villas;1701;hgis;1808;hgis;1791;exact;1808;hgis;1791;1808;599;;
JUSDCVSS;Jurisdiccion;Sancti Spiritus;JUSDLHCV;Tenencia de gobierno;Cuatro Villas;1701;hgis;1808;hgis;1791;exact;1808;hgis;1791;1808;600;;
JUSDCVTR;Jurisdiccion;Trinidad;JUSDLHCV;Tenencia de gobierno;Cuatro Villas;1701;hgis;1808;hgis;1791;exact;1808;hgis;1791;1808;601;dontclip;
JUSDCVVC;Jurisdiccion;Santa Clara;JUSDLHCV;Tenencia de gobierno;Cuatro Villas;1701;hgis;1808;hgis;1791;exact;1808;hgis;1791;1808;602;;
PTSDFIFI;Partido;Filipinas;JUSDLHFI;Tenencia de gobierno;Filipinas;1774;exact;1808;hgis;1774;exact;1808;hgis;1774;1808;603;dontclip;
PTSDFIJM;Partido politico;San Juan y Martinez;JUSDLHFI;Tenencia de gobierno;Filipinas;1774;exact;1808;hgis;1774;exact;1808;hgis;1774;1808;604;;
PTSDFICS;Partido politico;Consolidacion del Sur;JUSDLHFI;Tenencia de gobierno;Filipinas;1774;exact;1808;hgis;1774;exact;1808;hgis;1774;1808;605;;
PTSDFIGN;Partido politico;Mantua;JUSDLHFI;Tenencia de gobierno;Filipinas;1774;exact;1808;hgis;1774;exact;1808;hgis;1774;1808;606;;
PTSDFIGS;Partido politico;Guane;JUSDLHFI;Tenencia de gobierno;Filipinas;1774;exact;1808;hgis;1774;exact;1808;hgis;1774;1808;607;;
PTSDFICN;Partido politico;Consolacion del Norte;JUSDLHFI;Tenencia de gobierno;Filipinas;1774;exact;1808;hgis;1774;exact;1808;hgis;1774;1808;608;;
PTSDLHGI;Partido politico;Gibacoa;PRSDLH00;Gobernacion;La Habana;1765;exact;1808;hgis;1701;hgis;1808;hgis;1765;1808;609;;cabecera
PTSDLHBJ;Partido politico;Bajurayabo;PRSDLH00;Gobernacion;La Habana;1765;exact;1808;hgis;1701;hgis;1808;hgis;1765;1808;610;;cabecera
PTSDLHPO;Partido politico;Potosi;PRSDLH00;Gobernacion;La Habana;1786;ca;1808;hgis;1701;hgis;1808;hgis;1786;1808;611;;cabecera
PTSDLHPA;Partido politico;Palacios;PRSDLH00;Gobernacion;La Habana;1808;not_after;1808;hgis;1701;hgis;1808;hgis;1808;1808;612;;cabecera
PTSDLHME;Partido politico;Melena del Sur;PRSDLH00;Gobernacion;La Habana;1765;exact;1808;hgis;1701;hgis;1808;hgis;1765;1808;613;;cabecera
PTSDLHMA;Partido politico;Mariel;PRSDLH00;Gobernacion;La Habana;1801;not_before;1808;hgis;1701;hgis;1808;hgis;1801;1808;614;;cabecera
PTSDLHMR;Partido politico;Marianao;PRSDLH00;Gobernacion;La Habana;1765;exact;1808;hgis;1701;hgis;1808;hgis;1765;1808;615;;cabecera
PTSDLHMN;Partido politico;Managua;PRSDLH00;Gobernacion;La Habana;1765;exact;1808;hgis;1701;hgis;1808;hgis;1765;1808;616;;cabecera
PTSDLHMC;Partido politico;Macuriges;PRSDLH00;Gobernacion;La Habana;1765;exact;1808;hgis;1701;hgis;1808;hgis;1765;1808;617;;cabecera
PTSDLHLU;Partido politico;Luyano;PRSDLH00;Gobernacion;La Habana;1765;exact;1808;hgis;1701;hgis;1808;hgis;1765;1808;618;;cabecera
PTSDLHJM;Partido politico;Jesus Maria;PRSDLH00;Gobernacion;La Habana;1765;exact;1808;hgis;1701;hgis;1808;hgis;1765;1808;619;;cabecera
PTSDLHGO;Partido politico;Gobea;PRSDLH00;Gobernacion;La Habana;1765;exact;1808;hgis;1701;hgis;1808;hgis;1765;1808;620;;cabecera
PTSDLHCV;Partido politico;Calvario;PRSDLH00;Gobernacion;La Habana;1765;exact;1808;hgis;1701;hgis;1808;hgis;1765;1808;621;;cabecera
PTSDLHPZ;Partido politico;Pozas;PRSDLH00;Gobernacion;La Habana;1801;not_before;1808;hgis;1701;hgis;1808;hgis;1801;1808;622;;cabecera
PTSDLHBB;Partido politico;Batabano;PRSDLH00;Gobernacion;La Habana;1765;exact;1808;hgis;1701;hgis;1808;hgis;1765;1808;623;;cabecera
PTSDLHSD;Partido politico;San Diego;PRSDLH00;Gobernacion;La Habana;1808;not_after;1808;hgis;1701;hgis;1808;hgis;1808;1808;624;;cabecera
PTSDLHBT;Partido politico;Bauta;PRSDLH00;Gobernacion;La Habana;1765;exact;1808;hgis;1701;hgis;1808;hgis;1765;1808;625;;cabecera
PTSDLHGA;Partido politico;Gabriel;PRSDLH00;Gobernacion;La Habana;1786;exact;1808;hgis;1701;hgis;1808;hgis;1786;1808;626;;cabecera
PTSDLHBA;Territorio ocupado;Bahamas;PRSDLH00;Gobernacion;La Habana;1782;exact;1782;exact;1701;hgis;1808;hgis;1782;1782;627;;cabecera
PTSDLHCY;Partido politico;Cayajabos;PRSDLH00;Gobernacion;La Habana;1807;not_after;1808;hgis;1701;hgis;1808;hgis;1807;1808;628;;cabecera
PTSDLHBV;Partido politico;Buenaventura;PRSDLH00;Gobernacion;La Habana;1786;exact;1808;hgis;1701;hgis;1808;hgis;1786;1808;629;;cabecera
PTSDLHCA;Partido politico;Canoa;PRSDLH00;Gobernacion;La Habana;1792;ca;1808;hgis;1701;hgis;1808;hgis;1792;1808;630;;cabecera
PTSDLHCO;Partido politico;Cano;PRSDLH00;Gobernacion;La Habana;1765;exact;1808;hgis;1701;hgis;1808;hgis;1765;1808;631;;cabecera
PTSDLHMO;Partido politico;Jesus del Monte;PRSDLH00;Gobernacion;La Habana;1765;exact;1808;hgis;1701;hgis;1808;hgis;1765;1808;632;;cabecera
PTSDLHGD;Partido politico;Guadalupe;PRSDLH00;Gobernacion;La Habana;1765;exact;1808;hgis;1701;hgis;1808;hgis;1765;1808;633;;cabecera
PTSDLHWA;Partido politico;Wajay;PRSDLH00;Gobernacion;La Habana;1765;exact;1808;hgis;1701;hgis;1808;hgis;1765;1808;634;;cabecera
PTSDLHGJ;Partido politico;Guanajay;PRSDLH00;Gobernacion;La Habana;1765;exact;1808;hgis;1701;hgis;1808;hgis;1765;1808;635;;cabecera
PTSDLHGR;Partido politico;Guara;PRSDLH00;Gobernacion;La Habana;1765;exact;1808;hgis;1701;hgis;1808;hgis;1765;1808;636;;cabecera
PTSDLHGS;Partido politico;Guasabacoa;PRSDLH00;Gobernacion;La Habana;1765;exact;1808;hgis;1701;hgis;1808;hgis;1765;1808;637;;cabecera
PTSDLHGT;Partido politico;Guatao;PRSDLH00;Gobernacion;La Habana;1765;exact;1808;hgis;1701;hgis;1808;hgis;1765;1808;638;;cabecera
PTSDLHGN;Partido politico;Guines;PRSDLH00;Gobernacion;La Habana;1765;exact;1808;hgis;1701;hgis;1808;hgis;1765;1808;639;;cabecera
PTSDLHHA;Partido politico;Hanabana;PRSDLH00;Gobernacion;La Habana;1765;exact;1808;hgis;1701;hgis;1808;hgis;1765;1808;640;;cabecera
PTSDLHHO;Partido politico;Horcon;PRSDLH00;Gobernacion;La Habana;1765;exact;1808;hgis;1701;hgis;1808;hgis;1765;1808;641;;cabecera
PTSDLHPI;Tenencia a Guerra;Isla de Pinos;PRSDLH00;Gobernacion;La Habana;1778;exact;1808;hgis;1701;hgis;1808;hgis;1778;1808;642;;cabecera
PTSDLHBH;Partido politico;Bahia Honda;PRSDLH00;Gobernacion;La Habana;1765;exact;1808;hgis;1701;hgis;1808;hgis;1765;1808;643;;cabecera
PTSDLHAL;Partido politico;Alvarez;PRSDLH00;Gobernacion;La Habana;1765;exact;1808;hgis;1701;hgis;1808;hgis;1765;1808;644;;cabecera
PTSDLHRE;Partido politico;Regla;PRSDLH00;Gobernacion;La Habana;1765;exact;1808;hgis;1701;hgis;1808;hgis;1765;1808;645;;cabecera
PTSDLHYA;Partido politico;Yaguaramas;PRSDLH00;Gobernacion;La Habana;1788;exact;1808;hgis;1701;hgis;1808;hgis;1788;1808;646;;cabecera
PTSDLHPR;Partido politico;Prensa;PRSDLH00;Gobernacion;La Habana;1765;exact;1808;hgis;1701;hgis;1808;hgis;1765;1808;647;;cabecera
PTSDLHTA;Partido politico;Tapaste;PRSDLH00;Gobernacion;La Habana;1795;ca;1808;hgis;1701;hgis;1808;hgis;1795;1808;648;;cabecera
PTSDLHSC;Partido politico;Los Pinos;PRSDLH00;Gobernacion;La Habana;1765;exact;1808;hgis;1701;hgis;1808;hgis;1765;1808;649;;cabecera
PTSDLHSP;Partido politico;San Pedro;PRSDLH00;Gobernacion;La Habana;1765;exact;1808;hgis;1701;hgis;1808;hgis;1765;1808;650;;cabecera
PTSDLHMP;Partido politico;San Miguel;PRSDLH00;Gobernacion;La Habana;1765;exact;1808;hgis;1701;hgis;1808;hgis;1765;1808;651;;cabecera
PTSDLHSM;Partido politico;San Marcos;PRSDLH00;Gobernacion;La Habana;1765;exact;1808;hgis;1701;hgis;1808;hgis;1765;1808;652;;cabecera
PTSDLHLC;Partido politico;San Luis de la Ceiba;PRSDLH00;Gobernacion;La Habana;1765;not_before;1808;hgis;1701;hgis;1808;hgis;1765;1808;653;;cabecera
PTSDLHSL;Partido politico;San Lazaro;PRSDLH00;Gobernacion;La Habana;1765;exact;1808;hgis;1701;hgis;1808;hgis;1765;1808;654;;cabecera
PTSDLHSJ;Partido politico;San Jeronimo;PRSDLH00;Gobernacion;La Habana;1788;ca;1808;hgis;1701;hgis;1808;hgis;1788;1808;655;;cabecera
PTSDLHGY;Partido politico;Guajaybon;PRSDLH00;Gobernacion;La Habana;1765;exact;1808;hgis;1701;hgis;1808;hgis;1765;1808;656;;cabecera
PTSDLHRI;Partido politico;El Rincon;PRSDLH00;Gobernacion;La Habana;1765;exact;1808;hgis;1701;hgis;1808;hgis;1765;1808;657;;cabecera
PTSDLHAA;Partido politico;Arroyo Arenas;PRSDLH00;Gobernacion;La Habana;1765;exact;1808;hgis;1701;hgis;1808;hgis;1765;1808;658;;cabecera
PTSDFIGN;Partido politico;Mantua;PRSDLH00;Gobernacion;La Habana;1765;exact;1773;exact;1701;hgis;1808;hgis;1765;1773;659;;cabecera
PTSDFIGN;Partido politico;Mantua;PRSDLH00;Gobernacion;La Habana;1765;exact;1773;exact;1701;hgis;1808;hgis;1765;1773;660;;cabecera
PTSDFIFI;Partido politico;Filipinas;PRSDLH00;Gobernacion;La Habana;1765;exact;1773;exact;1701;hgis;1808;hgis;1765;1773;661;;cabecera
PTSDFICS;Partido politico;Consolidacion del Sur;PRSDLH00;Gobernacion;La Habana;1765;exact;1773;exact;1701;hgis;1808;hgis;1765;1773;662;;cabecera
PTSDFICN;Partido politico;Consolacion del Norte;PRSDLH00;Gobernacion;La Habana;1765;exact;1773;exact;1701;hgis;1808;hgis;1765;1773;663;;cabecera
PTSDFIGS;Partido politico;Guane;PRSDLH00;Gobernacion;La Habana;1765;exact;1773;exact;1701;hgis;1808;hgis;1765;1773;664;;cabecera
PTSDFIJM;Partido politico;San Juan y Martinez;PRSDLH00;Gobernacion;La Habana;1765;exact;1773;exact;1701;hgis;1808;hgis;1765;1773;665;;cabecera
PTSDLHQU;Partido;Quemado;PRSDLH00;Gobernacion;La Habana;1765;not_before;9999;end;1701;hgis;1808;hgis;1765;1808;666;;cabecera
PTSDMARS;Partido politico;Rioblanco del Sur;JUSDLHMA;Jurisdiccion;Matanzas;1786;exact;1808;hgis;1701;hgis;1808;hgis;1786;1808;667;;
PTSDMAYU;Partido politico;Yumuri;JUSDLHMA;Jurisdiccion;Matanzas;1805;not_after;1808;hgis;1701;hgis;1808;hgis;1805;1808;668;;
PTSDMARN;Partido politico;Rioblanco del Norte;JUSDLHMA;Jurisdiccion;Matanzas;1786;exact;1808;hgis;1701;hgis;1808;hgis;1786;1808;669;;
PTSDMAGM;Partido politico;Guamutas;JUSDLHMA;Jurisdiccion;Matanzas;1765;exact;1808;hgis;1701;hgis;1808;hgis;1765;1808;670;;
PTSDMAGC;Partido politico;Guamacaro;JUSDLHMA;Jurisdiccion;Matanzas;1765;exact;1808;hgis;1701;hgis;1808;hgis;1765;1808;671;;
PTSDMACM;Partido politico;Cuabal de Madruga;JUSDLHMA;Jurisdiccion;Matanzas;1790;not_before;1808;hgis;1701;hgis;1808;hgis;1790;1808;672;;
PTSDMALP;Partido politico;Los Palos;JUSDLHMA;Jurisdiccion;Matanzas;1808;not_after;1808;hgis;1701;hgis;1808;hgis;1808;1808;673;;
PTSDMAAG;Partido politico;Aguacate;JUSDLHMA;Jurisdiccion;Matanzas;1790;ca;1808;hgis;1701;hgis;1808;hgis;1790;1808;674;;
PTSDMASA;Partido politico;Santa Ana;JUSDLHMA;Jurisdiccion;Matanzas;1765;exact;1808;hgis;1701;hgis;1808;hgis;1765;1808;675;;
PTSDMANA;Partido politico;Naranjal;JUSDLHMA;Jurisdiccion;Matanzas;1765;exact;1808;hgis;1701;hgis;1808;hgis;1765;1808;676;;
PTSDSDDA;Comandancia;Dajabon;JUSDSDFN;Gobernacion de Armas-Tenencia de gobierno;Frontera del Norte;1768;exact;1794;exact;1765;exact;1794;exact;1768;1794;677;;
JUSDSDSR;Jurisdiccion;San Rafael;JUSDSDFS;Gobernacion de Armas-Tenencia de gobierno;Frontera del Sur;1765;exact;1794;exact;1765;exact;1794;exact;1765;1794;678;;
JUSDSDBA;Jurisdiccion;Banica;JUSDSDFS;Gobernacion de Armas-Tenencia de gobierno;Frontera del Sur;1765;exact;1794;exact;1765;exact;1794;exact;1765;1794;679;;
JUSDSDHI;Jurisdiccion;Hincha;JUSDSDFS;Gobernacion de Armas-Tenencia de gobierno;Frontera del Sur;1765;exact;1794;exact;1765;exact;1794;exact;1765;1794;680;;
PTSDSDLC;Partido;Las Cahobas;JUSDSDFS;Gobernacion de Armas-Tenencia de gobierno;Frontera del Sur;1769;exact;1794;exact;1765;exact;1794;exact;1769;1794;681;;
PTSDSDSA;Partido;Santiago;JUSDSDSA;Alcaldia Mayor;Santiago;1701;hgis;1704;exact;1701;hgis;1799;exact;1701;1704;682;dontclip;
PTSDSDSB;Partido;Sabana de Mar;JUSDSDSS;Gobernacion de Armas-Tenencia de gobierno;Samana;1760;exact;1794;exact;1765;exact;1794;exact;1765;1794;683;;
PTSDSDSM;Partido;Samana;JUSDSDSS;Gobernacion de Armas-Tenencia de gobierno;Samana;1756;exact;1794;exact;1765;exact;1794;exact;1765;1794;684;dontclip;
PTSDSDSM;Partido;Samana;JUSDSDSS;Gobernacion de Armas;Samana;1756;exact;1794;exact;1756;not_before;1759;not_before;1756;1759;685;dontclip;
PTSDSDSB;Partido;Sabana de Mar;JUSDSDSS;Gobernacion de Armas;Samana;1760;exact;1794;exact;1760;not_before;1764;exact;1760;1764;686;;
PTSDSDSM;Partido;Samana;JUSDSDSS;Gobernacion de Armas;Samana;1756;exact;1794;exact;1760;not_before;1764;exact;1760;1764;687;dontclip;
PTVECAAR;Partido;Valles de Aragua;PRVECA00;Gobernacion-Comandancia General;Caracas;1701;hgis;1808;hgis;1577;exact;1808;hgis;1701;1808;688;;cabecera
PTVECALG;Partido;La Guaira;PRVECA00;Gobernacion-Comandancia General;Caracas;1111;start;9999;end;1577;exact;1808;hgis;1577;1808;689;;cabecera
PTVECAGU;Partido;Valles de Caucagua;PRVECA00;Gobernacion-Comandancia General;Caracas;1111;start;9999;end;1577;exact;1808;hgis;1577;1808;690;;cabecera
PTVECATU;Partido;Valles de Tuy;PRVECA00;Gobernacion-Comandancia General;Caracas;1111;start;9999;end;1577;exact;1808;hgis;1577;1808;691;;cabecera
PTVECALG;Partido;La Guaira;PRVECA00;Gobernacion-Capitania General;Venezuela;1111;start;9999;end;1567;exact;1576;exact;1567;1576;692;;cabecera
PTVECAGU;Partido;Valles de Caucagua;PRVECA00;Gobernacion-Capitania General;Venezuela;1111;start;9999;end;1567;exact;1576;exact;1567;1576;693;;cabecera
PTVECATU;Partido;Valles de Tuy;PRVECA00;Gobernacion-Capitania General;Venezuela;1111;start;9999;end;1567;exact;1576;exact;1567;1576;694;;cabecera
PTVEMCLL;Misiones;Llanos de Barinas;JUVEMCBA;Jurisdiccion;Barinas;1701;hgis;1808;hgis;1577;exact;1808;hgis;1701;1808;695;;
PTVEMCSI;Partido;Sinamaica;PRVEMC00;Gobernacion-Intendencia;Maracaibo;1790;not_before;1808;hgis;1682;exact;1808;hgis;1790;1808;696;;cabecera
JUVEMCPJ;Partido;Perija;PRVEMC00;Gobernacion-Capitania General;Merida;1722;ca;1775;not_before;1682;exact;1808;hgis;1722;1775;697;;cabecera
OBGUCY00;Obispado;Honduras;OBGUGU00;Arzobispado;Guatemala;1743;exact;1808;hgis;1743;exact;1808;hgis;1743;1808;698;;
OBGUCH00;Obispado;Chiapas;OBGUGU00;Arzobispado;Guatemala;1743;exact;1808;hgis;1743;exact;1808;hgis;1743;1808;699;;
OBNEOA00;Obispado;Oaxaca;OBNEMX00;Arzobispado;Mexico;1535;exact;1808;hgis;1546;exact;1808;hgis;1546;1808;700;;
OBGDSO00;Obispado;Sonora;OBNEMX00;Arzobispado;Mexico;1783;exact;1808;hgis;1546;exact;1808;hgis;1783;1808;701;;
OBNEMI00;Obispado;Michoacan;OBNEMX00;Arzobispado;Mexico;1580;exact;1808;hgis;1546;exact;1808;hgis;1580;1808;702;;
OBGUVP00;Obispado;Verapaz;OBNEMX00;Arzobispado;Mexico;1561;exact;1602;exact;1546;exact;1808;hgis;1561;1602;703;;
OBNEPU00;Obispado;Tlaxcala;OBNEMX00;Arzobispado;Mexico;1544;exact;1808;hgis;1546;exact;1808;hgis;1546;1808;704;;
OBGDMO00;Obispado;Monterrey;OBNEMX00;Arzobispado;Mexico;1779;exact;1808;hgis;1546;exact;1808;hgis;1779;1808;705;;
OBGUGU00;Obispado;Guatemala;OBNEMX00;Arzobispado;Mexico;1534;exact;1742;exact;1546;exact;1808;hgis;1546;1742;706;;
OBGDDU00;Obispado;Durango;OBNEMX00;Arzobispado;Mexico;1620;exact;1808;hgis;1546;exact;1808;hgis;1620;1808;707;;
OBNEYU00;Obispado;Yucatan;OBNEMX00;Arzobispado;Mexico;1561;exact;1808;hgis;1546;exact;1808;hgis;1561;1808;708;;
OBGDGD00;Obispado;Guadalajara;OBNEMX00;Arzobispado;Mexico;1548;exact;1808;hgis;1546;exact;1808;hgis;1548;1808;709;;
OBGUCH00;Obispado;Chiapas;OBNEMX00;Arzobispado;Mexico;1544;exact;1742;exact;1546;exact;1808;hgis;1546;1742;710;;
OBGUCY00;Obispado;Honduras;OBNEMX00;Arzobispado;Mexico;1561;exact;1808;exact;1546;exact;1808;hgis;1561;1808;711;;
OBNEOA00;Obispado;Oaxaca;OBNEMX00;Obispado;Mexico;1535;exact;1808;hgis;1530;exact;1545;exact;1535;1545;712;;
OBNEPU00;Obispado;Tlaxcala;OBNEMX00;Obispado;Mexico;1544;exact;1808;hgis;1530;exact;1545;exact;1544;1545;713;;
OBGUGU00;Obispado;Guatemala;OBNEMX00;Obispado;Mexico;1534;exact;1742;exact;1530;exact;1545;exact;1534;1545;714;;
OBGUCH00;Obispado;Chiapas;OBNEMX00;Obispado;Mexico;1544;exact;1742;exact;1530;exact;1545;exact;1544;1545;715;;
OBNGCA00;Obispado;Cartagena;OBNGSF00;Arzobispado;Santa Fe;1564;exact;1808;hgis;1564;exact;1808;hgis;1564;1808;716;;
OBNGSM00;Obispado;Santa Marta;OBNGSF00;Arzobispado;Santa Fe;1564;exact;1808;hgis;1564;exact;1808;hgis;1564;1808;717;;
OBPECU00;Obispado;Cuzco;OBPELI00;Arzobispado;Lima;1546;exact;1808;hgis;1546;exact;1808;hgis;1546;1808;718;;
OBRPPA00;Obispado;Paraguay;OBPELI00;Arzobispado;Lima;1547;exact;1808;hgis;1546;exact;1808;hgis;1547;1808;719;;
OBCCCC00;Obispado;La Plata;OBPELI00;Arzobispado;Lima;1563;exact;1608;exact;1546;exact;1808;hgis;1563;1608;720;;
OBCCLP00;Obispado;La Paz;OBPELI00;Arzobispado;Lima;1605;exact;1808;hgis;1546;exact;1808;hgis;1605;1808;721;;
OBQUQU00;Obispado;Quito;OBPELI00;Arzobispado;Lima;1546;exact;1808;hgis;1546;exact;1808;hgis;1546;1808;722;;
OBGULE00;Obispado;Leon;OBPELI00;Arzobispado;Lima;1546;exact;1742;exact;1546;exact;1808;hgis;1546;1742;723;;
OBQUCU00;Obispado;Cuenca;OBPELI00;Arzobispado;Lima;1787;exact;1808;hgis;1546;exact;1808;hgis;1787;1808;724;;
OBPEAR00;Obispado;Arequipa;OBPELI00;Arzobispado;Lima;1612;exact;1808;hgis;1546;exact;1808;hgis;1612;1808;725;;
OBPETR00;Obispado;Trujillo;OBPELI00;Arzobispado;Lima;1577;exact;1808;hgis;1546;exact;1808;hgis;1577;1808;726;;
OBRPBA00;Obispado;Buenos Aires;OBPELI00;Arzobispado;Lima;1627;exact;1808;hgis;1546;exact;1808;hgis;1627;1808;727;;
OBCHCO00;Obispado;Concepcion;OBPELI00;Arzobispado;Lima;1600;exact;1808;hgis;1546;exact;1808;hgis;1600;1808;728;;
OBCCSC00;Obispado;Santa Cruz;OBPELI00;Arzobispado;Lima;1767;exact;1808;hgis;1546;exact;1808;hgis;1767;1808;729;;
OBNGPA00;Obispado;Panama;OBPELI00;Arzobispado;Lima;1546;exact;1808;hgis;1546;exact;1808;hgis;1546;1808;730;;
OBPEHU00;Obispado;Huamanga;OBPELI00;Arzobispado;Lima;1611;exact;1808;hgis;1546;exact;1808;hgis;1611;1808;731;;
OBRPCO00;Obispado;Tucuman;OBPELI00;Arzobispado;Lima;1570;exact;1808;hgis;1546;exact;1808;hgis;1570;1808;732;;
OBRPSA00;Obispado;Salta;OBPELI00;Arzobispado;Lima;1806;exact;1808;hgis;1546;exact;1808;hgis;1806;1808;733;;
OBQUMA00;Obispado;Maynas;OBPELI00;Arzobispado;Lima;1808;exact;1808;hgis;1546;exact;1808;hgis;1808;1808;734;;
OBQUPO00;Obispado;Popayan;OBPELI00;Arzobispado;Lima;1547;exact;1808;hgis;1546;exact;1808;hgis;1547;1808;735;;
OBCHSA00;Obispado;Santiago;OBPELI00;Arzobispado;Lima;1561;exact;1808;hgis;1546;exact;1808;hgis;1561;1808;736;;
OBSDLU00;Obispado;Luisiana;OBSDCU00;Arzobispado;Santiago de Cuba;1803;exact;1808;hgis;1803;exact;1808;hgis;1803;1808;737;;
OBSDLH00;Obispado;La Habana;OBSDCU00;Arzobispado;Santiago de Cuba;1803;exact;1808;hgis;1803;exact;1808;hgis;1803;1808;738;;
OBNGSM00;Obispado;Santa Marta;OBSDSD00;Arzobispado;Santo Domingo;1546;exact;1563;exact;1548;exact;1797;exact;1548;1563;739;;
OBSDCU00;Obispado;Santiago de Cuba;OBSDSD00;Arzobispado;Santo Domingo;1523;exact;1802;exact;1548;exact;1797;exact;1548;1797;740;;
OBNGCA00;Obispado;Cartagena;OBSDSD00;Arzobispado;Santo Domingo;1546;exact;1563;exact;1548;exact;1797;exact;1548;1563;741;;
OBVECA00;Obispado;Venezuela;OBSDSD00;Arzobispado;Santo Domingo;1637;exact;1803;exact;1548;exact;1797;exact;1637;1797;742;;
OBVEGU00;Obispado;Guayana;OBSDSD00;Arzobispado;Santo Domingo;1791;exact;1803;hgis;1548;exact;1797;exact;1791;1797;743;;
OBVEME00;Obispado;Merida;OBSDSD00;Arzobispado;Santo Domingo;1784;exact;1803;hgis;1548;exact;1797;exact;1784;1797;744;;
OBSDPR00;Obispado;Puerto Rico;OBSDSD00;Arzobispado;Santo Domingo;1512;exact;1808;hgis;1548;exact;1797;exact;1548;1797;745;;
OBSDLH00;Obispado;La Habana;OBSDSD00;Arzobispado;Santo Domingo;1789;exact;1802;exact;1548;exact;1797;exact;1789;1797;746;;
OBSDLU00;Obispado;Luisiana;OBSDSD00;Arzobispado;Santo Domingo;1794;exact;1802;exact;1548;exact;1797;exact;1794;1797;747;;
OBSDCU00;Obispado;Santiago de Cuba;OBSDSD00;Arzobispado;Santo Domingo;1523;exact;1802;exact;1798;exact;1808;hgis;1798;1802;748;;
OBVECA00;Obispado;Venezuela;OBSDSD00;Arzobispado;Santo Domingo;1637;exact;1803;exact;1798;exact;1808;hgis;1798;1803;749;;
OBVEGU00;Obispado;Guayana;OBSDSD00;Arzobispado;Santo Domingo;1791;exact;1803;hgis;1798;exact;1808;hgis;1798;1803;750;;
OBVEME00;Obispado;Merida;OBSDSD00;Arzobispado;Santo Domingo;1784;exact;1803;hgis;1798;exact;1808;hgis;1798;1803;751;;
OBSDPR00;Obispado;Puerto Rico;OBSDSD00;Arzobispado;Santo Domingo;1512;exact;1808;hgis;1798;exact;1808;hgis;1798;1808;752;;
OBSDLH00;Obispado;La Habana;OBSDSD00;Arzobispado;Santo Domingo;1789;exact;1802;exact;1798;exact;1808;hgis;1798;1802;753;;
OBSDLU00;Obispado;Luisiana;OBSDSD00;Arzobispado;Santo Domingo;1794;exact;1802;exact;1798;exact;1808;hgis;1798;1802;754;;
OBQUQU00;Obispado;Quito;OBSDSD00;Obispado;Santo Domingo;1545;exact;1545;exact;1512;exact;1547;exact;1545;1545;755;;
OBNGPA00;Obispado;Panama;OBSDSD00;Obispado;Santo Domingo;1520;exact;1545;exact;1512;exact;1547;exact;1520;1545;756;;
OBNGSM00;Obispado;Santa Marta;OBSDSD00;Obispado;Santo Domingo;1546;exact;1563;exact;1512;exact;1547;exact;1546;1547;757;;
OBSDCU00;Obispado;Santiago de Cuba;OBSDSD00;Obispado;Santo Domingo;1523;exact;1802;exact;1512;exact;1547;exact;1523;1547;758;;
OBGULE00;Obispado;Leon;OBSDSD00;Obispado;Santo Domingo;1531;exact;1545;exact;1512;exact;1547;exact;1531;1545;759;;
OBNGCA00;Obispado;Cartagena;OBSDSD00;Obispado;Santo Domingo;1546;exact;1563;exact;1512;exact;1547;exact;1546;1547;760;;
OBSDPR00;Obispado;Puerto Rico;OBSDSD00;Obispado;Santo Domingo;1512;exact;1808;hgis;1512;exact;1547;exact;1512;1547;761;;
OBPECU00;Obispado;Cuzco;OBSDSD00;Obispado;Santo Domingo;1538;exact;1545;exact;1512;exact;1547;exact;1538;1545;762;;
OBVEME00;Obispado;Merida;OBVECA00;Arzobispado;Caracas;1804;exact;1808;hgis;1804;exact;1808;hgis;1804;1808;763;;
OBVEGU00;Obispado;Guayana;OBVECA00;Arzobispado;Caracas;1804;exact;1808;hgis;1804;exact;1808;hgis;1804;1808;764;;
JUCCCBCH;Gobernacion;Chiquitos;PRCCCB00;Gobernacion-Intendencia;Cochabamba;1804;exact;1808;hgis;1784;exact;1808;hgis;1804;1808;765;;
JUCCCBCB;Partido;Cochabamba;PRCCCB00;Gobernacion-Intendencia;Cochabamba;1784;exact;1808;hgis;1784;exact;1808;hgis;1784;1808;766;dontclip;
JUCCCBAY;Subdelegacion;Ayopaya;PRCCCB00;Gobernacion-Intendencia;Cochabamba;1784;exact;1808;hgis;1784;exact;1808;hgis;1784;1808;767;;
JUCCCBCL;Subdelegacion;Clisa;PRCCCB00;Gobernacion-Intendencia;Cochabamba;1784;exact;1808;hgis;1784;exact;1808;hgis;1784;1808;768;;
JUCCCBTA;Subdelegacion;Tapacari;PRCCCB00;Gobernacion-Intendencia;Cochabamba;1784;exact;1808;hgis;1784;exact;1808;hgis;1784;1808;769;;
JUCCCBVG;Subdelegacion;Valle-grande;PRCCCB00;Gobernacion-Intendencia;Cochabamba;1784;exact;1808;hgis;1784;exact;1808;hgis;1784;1808;770;;
JUCCCBSA;Subdelegacion;Sacaba;PRCCCB00;Gobernacion-Intendencia;Cochabamba;1784;exact;1808;hgis;1784;exact;1808;hgis;1784;1808;771;;
JUCCCBAR;Subdelegacion;Arque;PRCCCB00;Gobernacion-Intendencia;Cochabamba;1784;exact;1808;hgis;1784;exact;1808;hgis;1784;1808;772;;
JUCCCCCA;Subdelegacion;Carangas;PRCCCB00;Gobernacion-Intendencia;Cochabamba;1784;exact;1808;hgis;1784;exact;1808;hgis;1784;1808;774;;
JUCCCBSC;Subdelegacion;Santa Cruz de la Sierra;PRCCCB00;Gobernacion-Intendencia;Cochabamba;1784;exact;1808;hgis;1784;exact;1808;hgis;1784;1808;775;;
JUCCCBMO;Misiones;Moxos;PRCCCBSC;Gobernacion-Capitania General;Santa Cruz;1111;start;1771;exact;1561;exact;1783;exact;1561;1771;776;;
JUCCCBCH;Corregimiento;Chiquitos;PRCCCBSC;Gobernacion-Capitania General;Santa Cruz;1772;exact;1776;exact;1561;exact;1783;exact;1772;1776;777;;
JUCCCBSC;Partido;Santa Cruz de la Sierra;PRCCCBSC;Gobernacion-Capitania General;Santa Cruz;1111;start;1783;exact;1561;exact;1783;exact;1561;1783;778;;
JUCCCBMO;Misiones;Moxos;PRCCCBSC;Gobernacion;Chiriguanaes;1111;start;1771;exact;1560;exact;1560;exact;1560;1560;779;;
JUCCCBSC;Partido;Santa Cruz de la Sierra;PRCCCBSC;Gobernacion;Chiriguanaes;1111;start;1783;exact;1560;exact;1560;exact;1560;1560;780;;
JUCCLPLA;Corregimiento;Larecaja;PRCCCC00;Provincias;Charcas;1111;start;1783;exact;1559;exact;1783;exact;1559;1783;781;;
JUCCPOAT;Corregimiento;Atacama;PRCCCC00;Provincias;Charcas;1111;start;1783;exact;1559;exact;1783;exact;1559;1783;782;;
JUCCPUHU;Corregimiento;Paucarcolla;PRCCCC00;Provincias;Charcas;1111;start;1783;exact;1559;exact;1783;exact;1559;1783;783;;
JUCCLPAP;Misiones;Apolobamba;PRCCCC00;Provincias;Charcas;1111;start;1785;exact;1559;exact;1783;exact;1559;1783;784;;
JUCCLPLP;Corregimiento;La Paz;PRCCCC00;Provincias;Charcas;1111;start;1783;exact;1559;exact;1783;exact;1559;1783;786;;
JUCCPUCA;Corregimiento;Carabaya;PRCCCC00;Provincias;Charcas;1111;start;1783;exact;1559;exact;1783;exact;1559;1783;787;;
JUCCPOPO;Corregimiento;Potosi;PRCCCC00;Provincias;Charcas;1773;exact;1783;exact;1559;exact;1783;exact;1773;1783;788;;
JUCCLPCH;Corregimiento;Chulumani;PRCCCC00;Provincias;Charcas;1780;exact;1783;exact;1559;exact;1783;exact;1780;1783;789;;
JUCCCBCB;Corregimiento;Cochabamba;PRCCCC00;Provincias;Charcas;1111;start;1783;exact;1559;exact;1783;exact;1559;1783;790;;
JUCCPOLI;Corregimiento;Lipes;PRCCCC00;Provincias;Charcas;1111;start;1783;exact;1559;exact;1783;exact;1559;1783;791;;
JUCCPUCH;Gobernacion;Chucuito;PRCCCC00;Provincias;Charcas;1578;exact;1783;exact;1559;exact;1783;exact;1578;1783;792;;
JUCCLPOM;Corregimiento;Omasuyos;PRCCCC00;Provincias;Charcas;1111;start;1783;exact;1559;exact;1783;exact;1559;1783;793;;
JUCCLPPA;Corregimiento;Pacajes;PRCCCC00;Provincias;Charcas;1111;start;1783;exact;1559;exact;1783;exact;1559;1783;794;;
JUCCCCOR;Corregimiento;Oruro;PRCCCC00;Provincias;Charcas;1612;exact;1808;hgis;1559;exact;1783;exact;1612;1783;795;;
JUCCCBMO;Corregimiento;Moxos;PRCCCC00;Provincias;Charcas;1772;exact;1776;exact;1559;exact;1783;exact;1772;1776;796;;
JUCCPULA;Corregimiento;Lampa;PRCCCC00;Provincias;Charcas;1111;start;1783;exact;1559;exact;1783;exact;1559;1783;797;;
JUCCCCCA;Corregimiento;Carangas;PRCCCC00;Provincias;Charcas;1111;start;1783;exact;1559;exact;1783;exact;1559;1783;798;;
JUCCPOCY;Corregimiento;Chayanta;PRCCCC00;Provincias;Charcas;1111;start;1783;exact;1559;exact;1783;exact;1559;1783;799;;
JUCCPOPR;Corregimiento;Porco;PRCCCC00;Provincias;Charcas;1111;start;1783;exact;1559;exact;1783;exact;1559;1783;800;;
JUCCLPSI;Corregimiento;Sicasica;PRCCCC00;Provincias;Charcas;1111;start;1783;exact;1559;exact;1783;exact;1559;1783;801;;
JUCCCCPB;Corregimiento;Pomabamba;PRCCCC00;Provincias;Charcas;1754;not_after;1771;exact;1559;exact;1783;exact;1754;1771;802;;
JUCCPUAZ;Corregimiento;Azangaro;PRCCCC00;Provincias;Charcas;1111;start;1783;exact;1559;exact;1783;exact;1559;1783;803;;
JUCCPOTA;Corregimiento;Tarija;PRCCCC00;Provincias;Charcas;1111;start;1783;exact;1559;exact;1783;exact;1559;1783;804;;
JUCCLPAP;Misiones;Apolobamba;PRCCCC00;Gobernacion-Intendencia;Chuquisaca;1111;start;1785;exact;1784;exact;1808;hgis;1784;1785;805;;
JUCCCCTO;Subdelegacion;Tomina;PRCCCC00;Gobernacion-Intendencia;Chuquisaca;1784;exact;1808;hgis;1784;exact;1808;hgis;1784;1808;807;;
JUCCCCPP;Subdelegacion;Pilaya y Paspaya;PRCCCC00;Gobernacion-Intendencia;Chuquisaca;1784;exact;1808;hgis;1784;exact;1808;hgis;1784;1808;808;;
JUCCCCOR;Corregimiento;Oruro;PRCCCC00;Gobernacion-Intendencia;Chuquisaca;1612;exact;1808;hgis;1784;exact;1808;hgis;1784;1808;809;;
JUCCCCCC;Partido;Chuquisaca;PRCCCC00;Gobernacion-Intendencia;Chuquisaca;1784;exact;1808;hgis;1784;exact;1808;hgis;1784;1808;810;dontclip;
JUCCCCPA;Subdelegacion;Paria;PRCCCC00;Gobernacion-Intendencia;Chuquisaca;1784;exact;1808;hgis;1784;exact;1808;hgis;1784;1808;811;;
JUCCLPAP;Subdelegacion;Caupolican;PRCCLP00;Gobernacion-Intendencia;La Paz;1786;exact;1808;hgis;1784;exact;1808;hgis;1786;1808;812;;
JUCCPOCH;Subdelegacion;Chichas;PRCCLP00;Gobernacion-Intendencia;La Paz;1785;exact;1808;hgis;1784;exact;1808;hgis;1785;1808;813;;
JUCCLPCH;Subdelegacion;Yungas;PRCCLP00;Gobernacion-Intendencia;La Paz;1784;exact;1808;hgis;1784;exact;1808;hgis;1784;1808;814;;
JUCCLPLA;Subdelegacion;Larecaja;PRCCLP00;Gobernacion-Intendencia;La Paz;1784;exact;1808;hgis;1784;exact;1808;hgis;1784;1808;815;;
JUCCLPLP;Partido;La Paz;PRCCLP00;Gobernacion-Intendencia;La Paz;1784;exact;1808;hgis;1784;exact;1808;hgis;1784;1808;816;dontclip;
JUCCLPOM;Subdelegacion;Omasuyos;PRCCLP00;Gobernacion-Intendencia;La Paz;1784;exact;1808;hgis;1784;exact;1808;hgis;1784;1808;817;;
JUCCLPPA;Subdelegacion;Pacajes;PRCCLP00;Gobernacion-Intendencia;La Paz;1784;exact;1808;hgis;1784;exact;1808;hgis;1784;1808;818;;
JUCCLPSI;Subdelegacion;Sicasica;PRCCLP00;Gobernacion-Intendencia;La Paz;1784;exact;1808;hgis;1784;exact;1808;hgis;1784;1808;819;;
JUCCPOAT;Subdelegacion;Atacama;PRCCLP00;Gobernacion-Intendencia;La Paz;1784;exact;1808;hgis;1784;exact;1808;hgis;1784;1808;820;;
JUCCPOTA;Subdelegacion;Tarija;PRCCPO00;Gobernacion-Intendencia;Potosi;1785;exact;1808;hgis;1784;exact;1808;hgis;1785;1808;821;;
JUCCPOPO;Partido;Potosi;PRCCPO00;Gobernacion-Intendencia;Potosi;1784;exact;1808;hgis;1784;exact;1808;hgis;1784;1808;822;dontclip;
JUCCPOCY;Subdelegacion;Chayanta;PRCCPO00;Gobernacion-Intendencia;Potosi;1784;exact;1808;hgis;1784;exact;1808;hgis;1784;1808;823;;
JUCCPOPR;Subdelegacion;Porco;PRCCPO00;Gobernacion-Intendencia;Potosi;1784;exact;1808;hgis;1784;exact;1808;hgis;1784;1808;824;;
JUCCPOLI;Subdelegacion;Lipes;PRCCPO00;Gobernacion-Intendencia;Potosi;1784;exact;1808;hgis;1784;exact;1808;hgis;1784;1808;825;;
JUCCPUCH;Subdelegacion;Chucuito;PRCCPU00;Gobernacion-Intendencia;Puno;1784;exact;1808;hgis;1784;exact;1808;hgis;1784;1808;826;;
JUCCPUCA;Subdelegacion;Carabaya;PRCCPU00;Gobernacion-Intendencia;Puno;1784;exact;1808;hgis;1784;exact;1808;hgis;1784;1808;827;;
JUCCPUAZ;Subdelegacion;Azangaro;PRCCPU00;Gobernacion-Intendencia;Puno;1784;exact;1808;hgis;1784;exact;1808;hgis;1784;1808;828;;
JUCCPUHU;Subdelegacion;Huancane;PRCCPU00;Gobernacion-Intendencia;Puno;1784;exact;1808;hgis;1784;exact;1808;hgis;1784;1808;829;;
JUCCPULA;Subdelegacion;Lampa;PRCCPU00;Gobernacion-Intendencia;Puno;1784;exact;1808;hgis;1784;exact;1808;hgis;1784;1808;830;;
PTCHCHCA;Partido;Castro;PRCHCH00;Gobernacion;Chiloe;1701;hgis;1808;hgis;1601;exact;1783;not_before;1701;1783;831;;
PTCHCHCH;Partido;Chacao;PRCHCH00;Gobernacion;Chiloe;1701;hgis;1808;hgis;1601;exact;1783;not_before;1701;1783;832;;
PTCHCHCB;Partido;Calbuco;PRCHCH00;Gobernacion;Chiloe;1770;not_after;1808;hgis;1601;exact;1783;not_before;1770;1783;833;;
PTCHCHCA;Partido;Castro;PRCHCH00;Gobernacion-Intendencia;Chiloe;1701;hgis;1808;hgis;1784;exact;1788;exact;1784;1788;834;;
PTCHCHCH;Partido;Chacao;PRCHCH00;Gobernacion-Intendencia;Chiloe;1701;hgis;1808;hgis;1784;exact;1788;exact;1784;1788;835;;
PTCHCHCB;Partido;Calbuco;PRCHCH00;Gobernacion-Intendencia;Chiloe;1770;not_after;1808;hgis;1784;exact;1788;exact;1784;1788;836;;
PTCHCHCA;Partido;Castro;PRCHCH00;Gobernacion;Chiloe;1701;hgis;1808;hgis;1789;exact;1808;hgis;1789;1808;837;;
PTCHCHCH;Partido;Chacao;PRCHCH00;Gobernacion;Chiloe;1701;hgis;1808;hgis;1789;exact;1808;hgis;1789;1808;838;;
PTCHCHCB;Partido;Calbuco;PRCHCH00;Gobernacion;Chiloe;1770;not_after;1808;hgis;1789;exact;1808;hgis;1789;1808;839;;
JUCHCOCQ;Subdelegacion;Cauquenes;PRCHCO00;Gobernacion-Intendencia;Concepcion;1786;exact;1808;hgis;1786;exact;1808;hgis;1786;1808;841;;
JUCHCOLI;Subdelegacion;Linares;PRCHCO00;Gobernacion-Intendencia;Concepcion;1796;exact;1808;hgis;1786;exact;1808;hgis;1796;1808;842;;
JUCHCOIT;Subdelegacion;Itata;PRCHCO00;Gobernacion-Intendencia;Concepcion;1786;exact;1808;hgis;1786;exact;1808;hgis;1786;1808;843;;
JUCHCOIL;Subdelegacion;Isla de Laja;PRCHCO00;Gobernacion-Intendencia;Concepcion;1793;exact;1808;hgis;1786;exact;1808;hgis;1793;1808;844;;
JUCHCOCH;Subdelegacion;Chillan;PRCHCO00;Gobernacion-Intendencia;Concepcion;1786;exact;1808;hgis;1786;exact;1808;hgis;1786;1808;845;;
JUCHCOOS;Gobernacion;Osorno;PRCHCO00;Gobernacion-Intendencia;Concepcion;1802;exact;1808;hgis;1786;exact;1808;hgis;1802;1808;846;;
JUCHCOPU;Subdelegacion;Puchacay;PRCHCO00;Gobernacion-Intendencia;Concepcion;1786;exact;1808;hgis;1786;exact;1808;hgis;1786;1808;847;;
JUCHCORE;Subdelegacion;Rere;PRCHCO00;Gobernacion-Intendencia;Concepcion;1786;exact;1808;hgis;1786;exact;1808;hgis;1786;1808;848;;
JUCHCOJF;Gobernacion Politico-Militar;Juan Fernandez;PRCHCO00;Gobernacion-Intendencia;Concepcion;1786;exact;1808;hgis;1786;exact;1808;hgis;1786;1808;849;;
JUCHCOCO;Partido;Concepcion;PRCHCO00;Gobernacion-Intendencia;Concepcion;1786;exact;1808;hgis;1786;exact;1808;hgis;1786;1808;850;dontclip;
JUCHCOVA;Gobernacion Politico-Militar;Valdivia;PRCHCO00;Gobernacion-Intendencia;Concepcion;1786;exact;1808;hgis;1786;exact;1808;hgis;1786;1808;851;;
JUCHSACR;Subdelegacion;Curico;SUCH0000;Capitania General;Chile;1793;exact;1808;hgis;1786;exact;1808;hgis;1793;1808;852;;cabecera
JUCHSASA;Partido;Santiago;SUCH0000;Capitania General;Chile;1786;exact;1808;hgis;1786;exact;1808;hgis;1786;1808;853;clip;cabecera
JUCHSAVA;Gobernacion Politico-Militar;Valparaiso;SUCH0000;Capitania General;Chile;1786;exact;1808;hgis;1786;exact;1808;hgis;1786;1808;854;;cabecera
JUCHSAQU;Subdelegacion;Quillota;SUCH0000;Capitania General;Chile;1786;exact;1808;hgis;1786;exact;1808;hgis;1786;1808;855;;cabecera
JUCHSAME;Subdelegacion;Melipilla;SUCH0000;Capitania General;Chile;1786;exact;1808;hgis;1786;exact;1808;hgis;1786;1808;856;;cabecera
JUCHSAHU;Subdelegacion;Huasco;SUCH0000;Capitania General;Chile;1787;exact;1808;hgis;1786;exact;1808;hgis;1787;1808;857;;cabecera
JUCHSACQ;Subdelegacion;Coquimbo;SUCH0000;Capitania General;Chile;1786;exact;1808;hgis;1786;exact;1808;hgis;1786;1808;858;;cabecera
JUCHSACP;Subdelegacion;Copiapo;SUCH0000;Capitania General;Chile;1786;exact;1808;hgis;1786;exact;1808;hgis;1786;1808;859;;cabecera
JUCHSAPE;Subdelegacion;La Ligua;SUCH0000;Capitania General;Chile;1800;exact;1808;hgis;1786;exact;1808;hgis;1800;1808;860;;cabecera
JUCHSACO;Subdelegacion;Colchagua;SUCH0000;Capitania General;Chile;1786;exact;1808;hgis;1786;exact;1808;hgis;1786;1808;861;;cabecera
JUCHSACC;Subdelegacion;Illapel;SUCH0000;Capitania General;Chile;1787;exact;1808;hgis;1786;exact;1808;hgis;1787;1808;862;;cabecera
JUCHSAAC;Subdelegacion;Aconcagua;SUCH0000;Capitania General;Chile;1786;exact;1808;hgis;1786;exact;1808;hgis;1786;1808;863;;cabecera
JUCHSAMA;Subdelegacion;Maule;SUCH0000;Capitania General;Chile;1786;exact;1808;hgis;1786;exact;1808;hgis;1786;1808;864;;cabecera
JUCHSALA;Subdelegacion;Los Andes;SUCH0000;Capitania General;Chile;1804;exact;1808;hgis;1786;exact;1808;hgis;1804;1808;865;;cabecera
JUCHSARA;Subdelegacion;Rancagua;SUCH0000;Capitania General;Chile;1786;exact;1808;hgis;1786;exact;1808;hgis;1786;1808;866;;cabecera
PTGDCOMO;Jurisdiccion;Monclova;PRGDCO00;Alcaldia Mayor;Almaden;1111;start;1808;hgis;1582;exact;1589;ca;1582;1589;867;dontclip;
PTGDCOMO;Jurisdiccion;Monclova;PRGDCO00;Provincia;Coahuila;1111;start;1808;hgis;1649;not_after;1673;exact;1649;1673;868;dontclip;
PTGDCOMO;Jurisdiccion;Monclova;PRGDCO00;Provincia;Coahuila;1111;start;1808;hgis;1590;ca;1642;exact;1590;1642;869;dontclip;
PTGDCOMO;Jurisdiccion;Monclova;PRGDCO00;Alcaldia Mayor;Coahuila;1111;start;1808;hgis;1682;exact;1686;exact;1682;1686;870;dontclip;
PMGDCONA;Tenencia de gobierno;Nava;PRGDCO00;Gobernacion;Coahuila;1800;ca;1808;hgis;1687;exact;1808;hgis;1800;1808;871;;
PMGDCOEN;Partido;Encinas;PRGDCO00;Gobernacion;Coahuila;1804;not_after;1808;hgis;1687;exact;1808;hgis;1804;1808;872;;
PTGDCORG;Presidio;Riogrande;PRGDCO00;Gobernacion;Coahuila;1703;exact;1808;hgis;1687;exact;1808;hgis;1703;1808;873;;
PTGDCOMO;Jurisdiccion;Monclova;PRGDCO00;Gobernacion;Coahuila;1111;start;1808;hgis;1687;exact;1808;hgis;1687;1808;874;dontclip;
JUGDCOPR;Presidios;Frontera de Coahuila;PRGDCO00;Gobernacion;Coahuila;1772;exact;1808;hgis;1687;exact;1808;hgis;1772;1808;875;;
PMGDCOSF;Tenencia de gobierno;San Fernando de Austria;PRGDCO00;Gobernacion;Coahuila;1781;exact;1808;hgis;1687;exact;1808;hgis;1781;1808;876;;
PMGDCOCA;Jurisdiccion;Candela;PRGDCO00;Gobernacion;Coahuila;1777;ca;1808;hgis;1687;exact;1808;hgis;1777;1808;877;;
PMGDCOCC;Partido;Cuatro Cienegas;PRGDCO00;Gobernacion;Coahuila;1800;ca;1808;hgis;1687;exact;1808;hgis;1800;1808;878;;
PMGDCOSB;Partido;San Antonio de Bucareli;PRGDCO00;Gobernacion;Coahuila;1778;ca;1808;hgis;1687;exact;1808;hgis;1778;1808;879;;
PMGDCOSV;Partido;San Vicente;PRGDCO00;Gobernacion;Coahuila;1800;ca;1808;hgis;1687;exact;1808;hgis;1800;1808;880;;
PMGDCOSP;Partido;Gigedo;PRGDCO00;Gobernacion;Coahuila;1749;not_before;1808;hgis;1687;exact;1808;hgis;1749;1808;881;;
PMGDCOSR;Partido;Santa Rosa;PRGDCO00;Gobernacion;Coahuila;1739;not_before;1808;hgis;1687;exact;1808;hgis;1739;1808;882;;
JUGDDUPS;Subdelegacion;Parras y Saltillo;PRGDCO00;Gobernacion;Coahuila;1788;not_before;1808;hgis;1687;exact;1808;hgis;1788;1808;883;;
PTGDCOSS;Presidio;San Saba;PRGDCO00;Gobernacion;Coahuila;1760;exact;1771;exact;1687;exact;1808;hgis;1760;1771;884;;
PTGDCOMO;Jurisdiccion;Monclova;PRGDCO00;Alcaldia Mayor;Nuevo Almaden;1111;start;1808;hgis;1643;exact;1648;not_after;1643;1648;885;dontclip;
PTGDCOMO;Jurisdiccion;Monclova;PRGDCO00;Alcaldia Mayor;Trinidad;1111;start;1808;hgis;1577;exact;1581;exact;1577;1581;886;dontclip;
PTGDCOMO;Jurisdiccion;Monclova;PRGDCO00;Alcaldia Mayor;Nueva Extremadura;1111;start;1808;hgis;1674;exact;1681;exact;1674;1681;887;dontclip;
JUGDDUTP;Alcaldia Mayor;Minas de Topia;PRGDDU00;Gobernacion-Capitania General;Nueva Vizcaya;1590;ca;1670;ca;1562;exact;1786;exact;1590;1670;888;;
JUGDSSCH;Alcaldia Mayor;San Sebastian;PRGDDU00;Gobernacion-Capitania General;Nueva Vizcaya;1630;ca;1665;not_after;1562;exact;1786;exact;1630;1665;889;;
JUGDDUBB;Alcaldia Mayor;San Francisco del Oro;PRGDDU00;Gobernacion-Capitania General;Nueva Vizcaya;1665;not_after;1674;not_before;1562;exact;1786;exact;1665;1674;890;;
JUGDDUGZ;Alcaldia Mayor*;Guazamota;PRGDDU00;Gobernacion-Capitania General;Nueva Vizcaya;1701;hgis;1722;not_after;1562;exact;1786;exact;1701;1722;891;;
PTGDSSCA;Alcaldia Mayor;Piaxtla;PRGDDU00;Gobernacion-Capitania General;Nueva Vizcaya;1630;ca;1665;not_after;1562;exact;1786;exact;1630;1665;892;;
JUGDDUCO;Alcaldia Mayor;Coneto;PRGDDU00;Gobernacion-Capitania General;Nueva Vizcaya;1631;not_before;1649;ca;1562;exact;1786;exact;1631;1649;893;;
JUGDSSCS;Alcaldia Mayor;Virgenes;PRGDDU00;Gobernacion-Capitania General;Nueva Vizcaya;1576;not_before;1636;exact;1562;exact;1786;exact;1576;1636;894;;
PTGDDUPJ;Presidio;El Norte;PRGDDU00;Gobernacion-Capitania General;Nueva Vizcaya;1773;exact;1808;hgis;1562;exact;1786;exact;1773;1786;895;;
JUGDSSMY;Alcaldia Mayor;Maloya;PRGDDU00;Gobernacion-Capitania General;Nueva Vizcaya;1590;not_before;1665;not_after;1562;exact;1786;exact;1590;1665;896;;
JUGDDUBS;Alcaldia Mayor*;Basis;PRGDDU00;Gobernacion-Capitania General;Nueva Vizcaya;1763;exact;1788;not_after;1562;exact;1786;exact;1763;1786;897;;
PTGDDUPS;Alcaldia Mayor;Valle de Pirineos;PRGDDU00;Gobernacion-Capitania General;Nueva Vizcaya;1578;not_after;1595;ca;1562;exact;1786;exact;1578;1595;898;;
PTGDDUSO;Alcaldia Mayor;Saltillo;PRGDDU00;Gobernacion-Capitania General;Nueva Vizcaya;1568;ca;1581;exact;1562;exact;1786;exact;1568;1581;899;;
JUGDDUGB;Alcaldia Mayor;Guanabal;PRGDDU00;Gobernacion-Capitania General;Nueva Vizcaya;1630;not_before;1649;not_after;1562;exact;1786;exact;1630;1649;900;;
JUGDSSSO;Alcaldia Mayor;Sonora;PRGDDU00;Gobernacion-Capitania General;Nueva Vizcaya;1641;exact;1732;exact;1562;exact;1786;exact;1641;1732;901;;
JUGDSSSC;Alcaldia Mayor*;Santiago;PRGDDU00;Gobernacion-Capitania General;Nueva Vizcaya;1693;exact;1732;exact;1562;exact;1786;exact;1693;1732;902;;
JUGDSSCP;Alcaldia Mayor;Copala;PRGDDU00;Gobernacion-Capitania General;Nueva Vizcaya;1705;ca;1732;exact;1562;exact;1786;exact;1705;1732;903;;
JUGDSSRO;Alcaldia Mayor;Rosario;PRGDDU00;Gobernacion-Capitania General;Nueva Vizcaya;1660;ca;1665;ca;1562;exact;1786;exact;1660;1665;904;;
JUGDDUGM;Comandancia;San Hipolito;PRGDDU00;Gobernacion-Capitania General;Nueva Vizcaya;1620;ca;1686;exact;1562;exact;1786;exact;1620;1686;905;;
PTGDDUEL;Presidio;San Elizario;PRGDDU00;Gobernacion-Capitania General;Nueva Vizcaya;1774;exact;1808;hgis;1562;exact;1786;exact;1774;1786;906;;
JUGDSSOS;Alcaldia Mayor;Ostimuri;PRGDDU00;Gobernacion-Capitania General;Nueva Vizcaya;1676;exact;1732;exact;1562;exact;1786;exact;1676;1732;907;;
PTGDDUJA;Presidio;Janos;PRGDDU00;Gobernacion-Capitania General;Nueva Vizcaya;1701;hgis;1808;hgis;1562;exact;1786;exact;1701;1786;908;;
PTGDDUPS;Alcaldia Mayor;Parras;PRGDDU00;Gobernacion-Capitania General;Nueva Vizcaya;1598;exact;1699;ca;1562;exact;1786;exact;1598;1699;909;;
JUGDDUMA;Alcaldia Mayor;Mapimi;PRGDDU00;Gobernacion-Capitania General;Nueva Vizcaya;1600;not_after;1711;ca;1562;exact;1786;exact;1600;1711;910;;
PTGDDUNA;Presidio;Namiquipa;PRGDDU00;Gobernacion-Capitania General;Nueva Vizcaya;1778;not_before;1808;hgis;1562;exact;1786;exact;1778;1786;911;;
PTGDDUCA;Presidio;San Carlos;PRGDDU00;Gobernacion-Capitania General;Nueva Vizcaya;1774;exact;1808;hgis;1562;exact;1786;exact;1774;1786;912;;
PTGDDUPR;Presidio;El Principe;PRGDDU00;Gobernacion-Capitania General;Nueva Vizcaya;1774;exact;1808;hgis;1562;exact;1786;exact;1774;1786;913;;
JUGDSSMY;Alcaldia Mayor*;Maloya;PRGDDU00;Gobernacion-Capitania General;Nueva Vizcaya;1703;not_before;1732;exact;1562;exact;1786;exact;1703;1732;914;;
JUGDDUNP;Alcaldia Mayor;San Juan Nepomuceno;PRGDDU00;Gobernacion-Capitania General;Nueva Vizcaya;1777;not_after;1787;not_after;1562;exact;1786;exact;1777;1786;915;;
JUGDDUJA;Alcaldia Mayor;San Joaquin;PRGDDU00;Gobernacion-Capitania General;Nueva Vizcaya;1777;not_after;1787;not_after;1562;exact;1786;exact;1777;1786;916;;
JUGDDUPS;Alcaldia Mayor;Parras y Saltillo;PRGDDU00;Gobernacion-Capitania General;Nueva Vizcaya;1766;not_after;1786;exact;1562;exact;1786;exact;1766;1786;917;;
JUGDDUCG;Comandancia;Cerro Gordo;PRGDDU00;Gobernacion-Capitania General;Nueva Vizcaya;1646;ca;1750;exact;1562;exact;1786;exact;1646;1750;918;;
PTGDDUVE;Comandancia;San Buenaventura;PRGDDU00;Gobernacion-Capitania General;Nueva Vizcaya;1779;exact;1808;hgis;1562;exact;1786;exact;1779;1786;919;;
PTGDDUSM;Partido;Bocas;PRGDDU00;Gobernacion-Capitania General;Nueva Vizcaya;1111;start;1808;hgis;1562;exact;1786;exact;1562;1786;920;;
PTGDDUSO;Alcaldia Mayor;Saltillo;PRGDDU00;Gobernacion-Capitania General;Nueva Vizcaya;1591;not_before;1699;ca;1562;exact;1786;exact;1591;1699;921;;
JUGDDUSC;Alcaldia Mayor;Santa Catarina;PRGDDU00;Gobernacion-Capitania General;Nueva Vizcaya;1721;not_after;1725;not_before;1562;exact;1786;exact;1721;1725;922;;
JUGDDUCR;Alcaldia Mayor;Cosihuiriachi;PRGDDU00;Gobernacion-Capitania General;Nueva Vizcaya;1688;exact;1787;not_before;1562;exact;1786;exact;1688;1786;923;;
JUGDDUCR;Subdelegacion;Cosihuiriachi;PRGDDU00;Gobernacion-Capitania General;Nueva Vizcaya;1688;not_before;1808;hgis;1562;exact;1786;exact;1688;1786;924;;
JUGDDUTO;Alcaldia Mayor;Topago;PRGDDU00;Gobernacion-Capitania General;Nueva Vizcaya;1777;not_after;1787;not_after;1562;exact;1786;exact;1777;1786;925;;
JUGDSSSI;Alcaldia Mayor*;Sinaloa;PRGDDU00;Gobernacion-Capitania General;Nueva Vizcaya;1583;exact;1639;arbitrary;1562;exact;1786;exact;1583;1639;926;;
JUGDDUMN;Alcaldia Mayor;Minas Nuevas;PRGDDU00;Gobernacion-Capitania General;Nueva Vizcaya;1634;exact;1729;not_before;1562;exact;1786;exact;1634;1729;927;;
JUGDDUTH;Alcaldia Mayor*;Tabahueto;PRGDDU00;Gobernacion-Capitania General;Nueva Vizcaya;1765;ca;1777;exact;1562;exact;1786;exact;1765;1777;928;;
JUGDDUEG;Comandancia;El Gallo;PRGDDU00;Gobernacion-Capitania General;Nueva Vizcaya;1687;exact;1750;exact;1562;exact;1786;exact;1687;1750;929;;
JUGDDUDU;Jursidiccion;Durango;PRGDDU00;Gobernacion-Capitania General;Nueva Vizcaya;1563;exact;1808;hgis;1562;exact;1786;exact;1563;1786;930;dontclip;
PTGDDUCN;Misiones;Chinipas;PRGDDU00;Gobernacion-Capitania General;Nueva Vizcaya;1701;hgis;1808;hgis;1562;exact;1786;exact;1701;1786;931;;
JUGDDUGL;Alcaldia mayor;Guanabal;PRGDDU00;Gobernacion-Capitania General;Nueva Vizcaya;1630;not_after;1642;not_before;1562;exact;1786;exact;1630;1642;932;;
PTGDDUAT;Misiones;Alta Tarahumara;PRGDDU00;Gobernacion-Capitania General;Nueva Vizcaya;1111;start;1808;hgis;1562;exact;1786;exact;1562;1786;933;;
JUGDDUME;Subdelegacion;Mezquital;PRGDDU00;Gobernacion-Intendencia;Durango;1793;not_before;1808;hgis;1787;exact;1808;hgis;1793;1808;934;;
PTGDDUPJ;Presidio;El Norte;PRGDDU00;Gobernacion-Intendencia;Durango;1773;exact;1808;hgis;1787;exact;1808;hgis;1787;1808;935;;
JUGDDUTA;Subdelegacion;Tayoltita;PRGDDU00;Gobernacion-Intendencia;Durango;1808;not_after;1808;hgis;1787;exact;1808;hgis;1808;1808;936;;
JUGDDUSD;Subdelegacion;San Dimas;PRGDDU00;Gobernacion-Intendencia;Durango;1808;not_after;1808;hgis;1787;exact;1808;hgis;1808;1808;937;;
JUGDDUGA;Subdelegacion;Gavilanes;PRGDDU00;Gobernacion-Intendencia;Durango;1808;not_after;1808;hgis;1787;exact;1808;hgis;1808;1808;938;;
JUGDDUVE;Subdelegacion;Ventanas;PRGDDU00;Gobernacion-Intendencia;Durango;1808;not_after;1808;hgis;1787;exact;1808;hgis;1808;1808;939;;
JUGDDUSA;Subdelegacion;San Andres;PRGDDU00;Gobernacion-Intendencia;Durango;1787;not_before;1808;hgis;1787;exact;1808;hgis;1787;1808;940;;
JUGDDUCN;Subdelegacion;Cianori;PRGDDU00;Gobernacion-Intendencia;Durango;1787;not_before;1802;ca;1787;exact;1808;hgis;1787;1802;941;;
JUGDDUBS;Alcaldia Mayor*;Basis;PRGDDU00;Gobernacion-Intendencia;Durango;1763;exact;1788;not_after;1787;exact;1808;hgis;1787;1788;942;;
JUGDDUGM;Subdelegacion;Guarisamey;PRGDDU00;Gobernacion-Intendencia;Durango;1789;exact;1808;hgis;1787;exact;1808;hgis;1789;1808;943;;
PTGDDUEL;Presidio;San Elizario;PRGDDU00;Gobernacion-Intendencia;Durango;1774;exact;1808;hgis;1787;exact;1808;hgis;1787;1808;944;;
PTGDDUJA;Presidio;Janos;PRGDDU00;Gobernacion-Intendencia;Durango;1701;hgis;1808;hgis;1787;exact;1808;hgis;1787;1808;945;;
JUGDDUBB;Subdelegacion;Santa Barbara;PRGDDU00;Gobernacion-Intendencia;Durango;1788;not_before;1808;hgis;1787;exact;1808;hgis;1788;1808;946;;
PTGDDUNA;Presidio;Namiquipa;PRGDDU00;Gobernacion-Intendencia;Durango;1778;not_before;1808;hgis;1787;exact;1808;hgis;1787;1808;947;;
PTGDDUCA;Presidio;San Carlos;PRGDDU00;Gobernacion-Intendencia;Durango;1774;exact;1808;hgis;1787;exact;1808;hgis;1787;1808;948;;
PTGDDUPR;Presidio;El Principe;PRGDDU00;Gobernacion-Intendencia;Durango;1774;exact;1808;hgis;1787;exact;1808;hgis;1787;1808;949;;
JUGDDUVB;Subdelegacion;San Bartolome;PRGDDU00;Gobernacion-Intendencia;Durango;1788;not_before;1808;hgis;1787;exact;1808;hgis;1788;1808;950;;
JUGDDUNP;Alcaldia Mayor;San Juan Nepomuceno;PRGDDU00;Gobernacion-Intendencia;Durango;1777;not_after;1787;not_after;1787;exact;1808;hgis;1787;1787;951;;
JUGDDUJA;Alcaldia Mayor;San Joaquin;PRGDDU00;Gobernacion-Intendencia;Durango;1777;not_after;1787;not_after;1787;exact;1808;hgis;1787;1787;952;;
JUGDDUCG;Subdelegacion;Cerro Gordo;PRGDDU00;Gobernacion-Intendencia;Durango;1788;exact;1808;hgis;1787;exact;1808;hgis;1788;1808;953;;
PTGDDUVE;Comandancia;San Buenaventura;PRGDDU00;Gobernacion-Intendencia;Durango;1779;exact;1808;hgis;1787;exact;1808;hgis;1787;1808;954;;
JUGDDUGQ;Subdelegacion;Guajoquilla;PRGDDU00;Gobernacion-Intendencia;Durango;1788;not_before;1808;hgis;1787;exact;1808;hgis;1788;1808;955;;
JUGDDUTO;Subdelegacion;Topago;PRGDDU00;Gobernacion-Intendencia;Durango;1803;exact;1806;exact;1787;exact;1808;hgis;1803;1806;956;;
JUGDDUCA;Subdelegacion;Canelas;PRGDDU00;Gobernacion-Intendencia;Durango;1803;not_before;1808;hgis;1787;exact;1808;hgis;1803;1808;957;;
PTGDDUSM;Partido;Bocas;PRGDDU00;Gobernacion-Intendencia;Durango;1111;start;1808;hgis;1787;exact;1808;hgis;1787;1808;958;;
JUGDDURO;Subdelegacion;Real del Oro;PRGDDU00;Gobernacion-Intendencia;Durango;1788;not_before;1808;hgis;1787;exact;1808;hgis;1788;1808;959;;
JUGDDUIN;Subdelegacion;Inde;PRGDDU00;Gobernacion-Intendencia;Durango;1799;not_after;1808;hgis;1787;exact;1808;hgis;1799;1808;960;;
JUGDDUGC;Subdelegacion;Guanacevi;PRGDDU00;Gobernacion-Intendencia;Durango;1788;not_before;1808;hgis;1787;exact;1808;hgis;1788;1808;961;;
JUGDDUJU;Subdelegacion;Julimes;PRGDDU00;Gobernacion-Intendencia;Durango;1793;exact;1808;hgis;1787;exact;1808;hgis;1793;1808;962;;
JUGDDUPL;Subdelegacion;Parral;PRGDDU00;Gobernacion-Intendencia;Durango;1788;exact;1808;hgis;1787;exact;1808;hgis;1788;1808;963;;
JUGDDUCI;Subdelegacion;Cienega;PRGDDU00;Gobernacion-Intendencia;Durango;1788;not_before;1808;hgis;1787;exact;1808;hgis;1788;1808;964;;
JUGDDUCR;Alcaldia Mayor;Cosihuiriachi;PRGDDU00;Gobernacion-Intendencia;Durango;1688;exact;1787;not_before;1787;exact;1808;hgis;1787;1787;965;;
JUGDDUCR;Subdelegacion;Cosihuiriachi;PRGDDU00;Gobernacion-Intendencia;Durango;1688;not_before;1808;hgis;1787;exact;1808;hgis;1787;1808;966;;
JUGDDUBA;Subdelegacion;Basuchil;PRGDDU00;Gobernacion-Intendencia;Durango;1791;not_before;1796;not_before;1787;exact;1808;hgis;1791;1796;967;;
JUGDDUBA;Subdelegacion;Basuchil;PRGDDU00;Gobernacion-Intendencia;Durango;1802;not_after;1808;hgis;1787;exact;1808;hgis;1802;1808;968;;
JUGDDUTO;Alcaldia Mayor;Topago;PRGDDU00;Gobernacion-Intendencia;Durango;1777;not_after;1787;not_after;1787;exact;1808;hgis;1787;1787;969;;
JUGDDUCS;Subdelegacion;Conchos;PRGDDU00;Gobernacion-Intendencia;Durango;1793;not_before;1808;hgis;1787;exact;1808;hgis;1793;1808;970;;
JUGDDUTO;Subdelegacion-Jurisdiccion;Topago;PRGDDU00;Gobernacion-Intendencia;Durango;1798;not_before;1801;not_after;1787;exact;1808;hgis;1798;1801;971;;
JUGDDUBY;Subdelegacion;Babonoyaba;PRGDDU00;Gobernacion-Intendencia;Durango;1793;exact;1808;hgis;1787;exact;1808;hgis;1793;1808;972;;
JUGDDUSI;Subdelegacion;Santa Isabel;PRGDDU00;Gobernacion-Intendencia;Durango;1793;exact;1808;hgis;1787;exact;1808;hgis;1793;1808;973;;
JUGDDUCH;Subdelegacion;Chihuahua;PRGDDU00;Gobernacion-Intendencia;Durango;1793;exact;1808;hgis;1787;exact;1808;hgis;1793;1808;974;;
JUGDDUBV;Subdelegacion;Valle de San Buenaventura;PRGDDU00;Gobernacion-Intendencia;Durango;1788;not_before;1808;hgis;1787;exact;1808;hgis;1788;1808;975;;
JUGDDUBP;Subdelegacion;Batopilas;PRGDDU00;Gobernacion-Intendencia;Durango;1788;not_before;1808;hgis;1787;exact;1808;hgis;1788;1808;976;;
JUGDDUTZ;Subdelegacion;Tamazula;PRGDDU00;Gobernacion-Intendencia;Durango;1799;not_after;1808;hgis;1787;exact;1808;hgis;1799;1808;977;;
JUGDDUND;Subdelegacion;Nombre de Dios;PRGDDU00;Gobernacion-Intendencia;Durango;1787;exact;1808;hgis;1787;exact;1808;hgis;1787;1808;978;;
JUGDDUCM;Subdelegacion;Cuencame;PRGDDU00;Gobernacion-Intendencia;Durango;1787;not_before;1808;hgis;1787;exact;1808;hgis;1787;1808;979;;
JUGDDUEG;Subdelegacion;El Gallo;PRGDDU00;Gobernacion-Intendencia;Durango;1796;not_after;1808;hgis;1787;exact;1808;hgis;1796;1808;980;;
JUGDDUMA;Subdelegacion;Mapimi;PRGDDU00;Gobernacion-Intendencia;Durango;1787;not_before;1808;hgis;1787;exact;1808;hgis;1787;1808;981;;
JUGDDUJR;Subdelegacion;San Juan del Rio;PRGDDU00;Gobernacion-Intendencia;Durango;1787;not_before;1808;hgis;1787;exact;1808;hgis;1787;1808;982;;
JUGDDUCT;Subdelegacion;Canatlan;PRGDDU00;Gobernacion-Intendencia;Durango;1796;exact;1808;hgis;1787;exact;1808;hgis;1796;1808;983;;
JUGDDUCO;Subdelegacion;Coneto;PRGDDU00;Gobernacion-Intendencia;Durango;1808;not_after;1808;hgis;1787;exact;1808;hgis;1808;1808;984;;
JUGDDUPP;Subdelegacion;Papasquiaro;PRGDDU00;Gobernacion-Intendencia;Durango;1787;not_before;1808;hgis;1787;exact;1808;hgis;1787;1808;985;;
JUGDDUSC;Subdelegacion;Tepehuanes;PRGDDU00;Gobernacion-Intendencia;Durango;1799;not_after;1807;not_after;1787;exact;1808;hgis;1799;1807;986;;
JUGDDUSG;Subdelegacion;San Geronimo;PRGDDU00;Gobernacion-Intendencia;Durango;1793;exact;1808;hgis;1787;exact;1808;hgis;1793;1808;987;;
JUGDDUDU;Jursidiccion;Durango;PRGDDU00;Gobernacion-Intendencia;Durango;1563;exact;1808;hgis;1787;exact;1808;hgis;1787;1808;988;dontclip;
PTGDDUCN;Misiones;Chinipas;PRGDDU00;Gobernacion-Intendencia;Durango;1701;hgis;1808;hgis;1787;exact;1808;hgis;1787;1808;989;;
PTGDDUAT;Misiones;Alta Tarahumara;PRGDDU00;Gobernacion-Intendencia;Durango;1111;start;1808;hgis;1787;exact;1808;hgis;1787;1808;990;;
JUGDGDET;Corregimiento;Etzatlan;PRGDGD00;Gobernacion;Nueva Galicia;1535;exact;1548;not_after;1531;exact;1786;exact;1535;1548;991;;
JCGDGDCZ;Corregimiento;Camotlan;PRGDGD00;Gobernacion;Nueva Galicia;1549;ca;1568;not_after;1531;exact;1786;exact;1549;1568;992;;
JUGDGDTI;Alcaldia Mayor;Ixcuintla;PRGDGD00;Gobernacion;Nueva Galicia;1621;ca;1670;exact;1531;exact;1786;exact;1621;1670;993;;
JCGDGDXA;Corregimiento;Xala;PRGDGD00;Gobernacion;Nueva Galicia;1549;not_after;1589;not_after;1531;exact;1786;exact;1549;1589;994;;
JCGDGDCQ;Corregimiento;Copala y Quilitlan;PRGDGD00;Gobernacion;Nueva Galicia;1563;ca;1568;not_after;1531;exact;1786;exact;1563;1568;995;;
JCGDGDMT;Corregimiento;Mochotiltique;PRGDGD00;Gobernacion;Nueva Galicia;1550;ca;1569;not_after;1531;exact;1786;exact;1550;1569;996;;
JUGDGDHQ;Alcaldia Mayor;Xora;PRGDGD00;Gobernacion;Nueva Galicia;1583;ca;1679;ca;1531;exact;1786;exact;1583;1679;997;;
JCGDGDME;Corregimiento;Mezquituta;PRGDGD00;Gobernacion;Nueva Galicia;1550;exact;1616;not_before;1531;exact;1786;exact;1550;1616;999;;
JCGDGDSU;Alcaldia Mayor-Corregimiento;Suchipil;PRGDGD00;Gobernacion;Nueva Galicia;1582;ca;1589;not_after;1531;exact;1786;exact;1582;1589;1001;;
JUGDSSCU;Alcaldia Mayor;Culiacan;PRGDGD00;Gobernacion;Nueva Galicia;1531;not_before;1732;exact;1531;exact;1786;exact;1531;1732;1003;;
JCGDGDTE;Corregimiento;Tetlan-Analco;PRGDGD00;Gobernacion;Nueva Galicia;1549;not_after;1599;ca;1531;exact;1786;exact;1549;1599;1004;;
JUNESLPB;Alcaldia Mayor;Salinas;PRGDGD00;Gobernacion;Nueva Galicia;1583;exact;1786;exact;1531;exact;1786;exact;1583;1786;1005;;
JCGDGDAT;Corregimiento;Atemaxaque;PRGDGD00;Gobernacion;Nueva Galicia;1549;not_after;1599;ca;1531;exact;1786;exact;1549;1599;1006;;
JUNESLCH;Alcaldia Mayor;Charcas;PRGDGD00;Gobernacion;Nueva Galicia;1664;exact;1786;exact;1531;exact;1786;exact;1664;1786;1007;;
JUNESLVE;Alcaldia Mayor;Venado;PRGDGD00;Gobernacion;Nueva Galicia;1770;not_after;1786;exact;1531;exact;1786;exact;1770;1786;1008;;
JCGDGDOP;Corregimiento;Opono;PRGDGD00;Gobernacion;Nueva Galicia;1566;ca;1599;ca;1531;exact;1786;exact;1566;1599;1009;;
JUNESLCH;Alcaldia Mayor;Charcas;PRGDGD00;Gobernacion;Nueva Galicia;1575;exact;1610;ca;1531;exact;1786;exact;1575;1610;1010;;
JUGDGDZA;Alcaldia Mayor;Tuxpa;PRGDGD00;Gobernacion;Nueva Galicia;1562;not_after;1638;not_after;1531;exact;1786;exact;1562;1638;1011;;
JCGDGDPA;Corregimiento;Panpuchin;PRGDGD00;Gobernacion;Nueva Galicia;1566;ca;1599;ca;1531;exact;1786;exact;1566;1599;1012;;
JUGDGDSY;Alcaldia Mayor;Pueblos de Avalos;PRGDGD00;Gobernacion;Nueva Galicia;1552;exact;1614;ca;1531;exact;1786;exact;1552;1614;1013;;
JUGDGDSB;Comandancia;San Blas;PRGDGD00;Gobernacion;Nueva Galicia;1768;exact;1808;hgis;1531;exact;1786;exact;1768;1786;1014;;
JCGDGDPI;Corregimiento;Piloto;PRGDGD00;Gobernacion;Nueva Galicia;1566;ca;1599;ca;1531;exact;1786;exact;1566;1599;1015;;
JCGDGDMA;Corregimiento;Mascota;PRGDGD00;Gobernacion;Nueva Galicia;1571;not_before;1599;ca;1531;exact;1786;exact;1571;1599;1016;;
JUGDZAMA;Alcaldia Mayor;Mazapil;PRGDGD00;Gobernacion;Nueva Galicia;1619;not_after;1786;exact;1531;exact;1786;exact;1619;1786;1017;;
JCGDGDAM;Alcaldia Mayor;Minas de Palmarejo;PRGDGD00;Gobernacion;Nueva Galicia;1561;not_before;1609;not_after;1531;exact;1786;exact;1561;1609;1018;;
JCGDGDXI;Corregimiento;Xiquitlan;PRGDGD00;Gobernacion;Nueva Galicia;1534;ca;1599;not_after;1531;exact;1786;exact;1534;1599;1019;;
JUGDZAZA;Corregimiento;Zacatecas;PRGDGD00;Gobernacion;Nueva Galicia;1580;exact;1786;exact;1531;exact;1786;exact;1580;1786;1020;;
JCGDGDCI;Corregimiento;Cihuatlan;PRGDGD00;Gobernacion;Nueva Galicia;1534;ca;1599;not_after;1531;exact;1786;exact;1534;1599;1021;;
JUGDZASI;Alcaldia Mayor;Sierra de Pinos;PRGDGD00;Gobernacion;Nueva Galicia;1700;arbitrary;1786;exact;1531;exact;1786;exact;1700;1786;1022;clip;
JUGDGDAU;Corregimiento;Autlan;PRGDGD00;Gobernacion;Nueva Galicia;1541;not_before;1550;not_before;1531;exact;1786;exact;1541;1550;1023;;
JUGDZAJE;Alcaldia Mayor;Jerez;PRGDGD00;Gobernacion;Nueva Galicia;1570;exact;1786;exact;1531;exact;1786;exact;1570;1786;1024;;
JCGDGDTM;Corregimiento;Tenamastlan;PRGDGD00;Gobernacion;Nueva Galicia;1561;not_before;1600;exact;1531;exact;1786;exact;1561;1600;1025;;
JUGDZASO;Alcaldia Mayor;Sombrerete;PRGDGD00;Gobernacion;Nueva Galicia;1558;not_after;1786;exact;1531;exact;1786;exact;1558;1786;1027;;
JUGDZANI;Alcaldia Mayor*;Nieves;PRGDGD00;Gobernacion;Nueva Galicia;1736;not_after;1786;exact;1531;exact;1786;exact;1736;1786;1028;;
JUGDSSCH;Provincia;Chametla;PRGDGD00;Gobernacion;Nueva Galicia;1537;exact;1563;exact;1531;exact;1786;exact;1537;1563;1029;;
JUGDSSRO;Alcaldia Mayor;Rosario;PRGDGD00;Gobernacion;Nueva Galicia;1704;exact;1732;exact;1531;exact;1786;exact;1704;1732;1030;;
JUGDGDGD;Jurisdiccion;Guadalajara;PRGDGD00;Gobernacion;Nueva Galicia;1542;exact;1808;hgis;1531;exact;1786;exact;1542;1786;1034;dontclip;
JUGDGDTU;Corregimiento;Amula;PRGDGD00;Gobernacion;Nueva Galicia;1531;ca;1570;not_before;1531;exact;1786;exact;1531;1570;1035;;
JCGDGDES;Corregimiento;Espuchimilco;PRGDGD00;Gobernacion;Nueva Galicia;1534;ca;1599;not_after;1531;exact;1786;exact;1534;1599;1036;;
JCGDGDTL;Corregimiento;Tlaquepaque;PRGDGD00;Gobernacion;Nueva Galicia;1549;ca;1666;ca;1531;exact;1786;exact;1549;1666;1038;;
JUGDGDHQ;Subdelegacion;Hostotipaquillo;PRGDGD00;Gobernacion-Intendencia;Guadalajara;1789;exact;1808;hgis;1787;exact;1808;hgis;1789;1808;1040;;
JUGDGDAC;Subdelegacion;Acaponeta;PRGDGD00;Gobernacion-Intendencia;Guadalajara;1791;exact;1808;hgis;1787;exact;1808;hgis;1791;1808;1041;;
JUGDGDAH;Subdelegacion;Ahuacatlan;PRGDGD00;Gobernacion-Intendencia;Guadalajara;1793;exact;1808;hgis;1787;exact;1808;hgis;1793;1808;1042;;
JUGDGDAU;Subdelegacion;Autlan;PRGDGD00;Gobernacion-Intendencia;Guadalajara;1789;exact;1808;hgis;1787;exact;1808;hgis;1789;1808;1043;;
JUGDGDTU;Subdelegacion;Tuscacuesco;PRGDGD00;Gobernacion-Intendencia;Guadalajara;1789;exact;1808;hgis;1787;exact;1808;hgis;1789;1808;1045;;
JUGDGDTQ;Subdelegacion;Tequila;PRGDGD00;Gobernacion-Intendencia;Guadalajara;1790;exact;1808;hgis;1787;exact;1808;hgis;1790;1808;1046;;
JUGDGDHC;Subdelegacion;San Sebastian;PRGDGD00;Gobernacion-Intendencia;Guadalajara;1792;exact;1808;hgis;1787;exact;1808;hgis;1792;1808;1047;;
JUGDGDSE;Subdelegacion;Senticpac;PRGDGD00;Gobernacion-Intendencia;Guadalajara;1789;exact;1808;hgis;1787;exact;1808;hgis;1789;1808;1048;;
PRNECT00;Gobernacion Politico-Militar;Colotlan;PRGDGD00;Gobernacion-Intendencia;Guadalajara;1791;exact;1808;hgis;1787;exact;1808;hgis;1791;1808;1049;;
JUGDGDET;Subdelegacion;Etzatlan;PRGDGD00;Gobernacion-Intendencia;Guadalajara;1787;exact;1808;hgis;1787;exact;1808;hgis;1787;1808;1051;;
JUGDGDTO;Subdelegacion;Tomatlan;PRGDGD00;Gobernacion-Intendencia;Guadalajara;1792;exact;1808;hgis;1787;exact;1808;hgis;1792;1808;1052;;
JUGDGDZA;Subdelegacion;Zapotlan;PRGDGD00;Gobernacion-Intendencia;Guadalajara;1792;exact;1808;hgis;1787;exact;1808;hgis;1792;1808;1053;;
JUGDGDSB;Comandancia;San Blas;PRGDGD00;Gobernacion-Intendencia;Guadalajara;1768;exact;1808;hgis;1787;exact;1808;hgis;1787;1808;1054;;
JUGDGDSM;Subdelegacion;Santa Maria Del Oro;PRGDGD00;Gobernacion-Intendencia;Guadalajara;1790;exact;1808;hgis;1787;exact;1808;hgis;1790;1808;1055;;
JUGDGDSY;Subdelegacion;Sayula;PRGDGD00;Gobernacion-Intendencia;Guadalajara;1789;exact;1808;hgis;1787;exact;1808;hgis;1789;1808;1056;;
JUGDGDLB;Subdelegacion;La Barca;PRGDGD00;Gobernacion-Intendencia;Guadalajara;1792;exact;1808;hgis;1787;exact;1808;hgis;1792;1808;1057;;
JUGDGDGD;Jurisdiccion;Guadalajara;PRGDGD00;Gobernacion-Intendencia;Guadalajara;1542;exact;1808;hgis;1787;exact;1808;hgis;1787;1808;1060;dontclip;
JUGDGDSC;Subdelegacion;La Barranca;PRGDGD00;Gobernacion-Intendencia;Guadalajara;1792;exact;1808;hgis;1787;exact;1808;hgis;1792;1808;1061;;
JUGDGDTT;Subdelegacion;Tecpatitlan;PRGDGD00;Gobernacion-Intendencia;Guadalajara;1789;exact;1808;hgis;1787;exact;1808;hgis;1789;1808;1062;;
JUGDGDCU;Subdelegacion;Cuquio;PRGDGD00;Gobernacion-Intendencia;Guadalajara;1789;exact;1808;hgis;1787;exact;1808;hgis;1789;1808;1063;;
JUGDGDLA;Subdelegacion;Lagos;PRGDGD00;Gobernacion-Intendencia;Guadalajara;1794;exact;1808;hgis;1787;exact;1808;hgis;1794;1808;1064;;
JUGDGDCO;Subdelegacion;Colima;PRGDGD00;Gobernacion-Intendencia;Guadalajara;1795;exact;1808;hgis;1787;exact;1808;hgis;1795;1808;1066;;
JUGDGDGN;Subdelegacion;Guachinango;PRGDGD00;Gobernacion-Intendencia;Guadalajara;1792;exact;1808;hgis;1787;exact;1808;hgis;1792;1808;1067;;
JUGDGDTA;Subdelegacion;Tala;PRGDGD00;Gobernacion-Intendencia;Guadalajara;1789;exact;1808;hgis;1787;exact;1808;hgis;1789;1808;1068;;
JUGDGDTL;Subdelegacion;Tlajomulco;PRGDGD00;Gobernacion-Intendencia;Guadalajara;1791;exact;1808;hgis;1787;exact;1808;hgis;1791;1808;1069;;
JUGDGDTN;Subdelegacion;Tonala;PRGDGD00;Gobernacion-Intendencia;Guadalajara;1790;exact;1808;hgis;1787;exact;1808;hgis;1790;1808;1070;;
JUGDGDAG;Subdelegacion;Aguas Calientes;PRGDGD00;Gobernacion-Intendencia;Guadalajara;1787;exact;1803;exact;1787;exact;1808;hgis;1787;1803;1071;;
JUGDNLGU;Partido;Guajuco;PRGDNL00;Gobernacion;Nuevo Leon;1787;not_before;1808;hgis;1777;not_after;1808;hgis;1787;1808;1072;;
JUGDNLVA;Tenencia de subdelegacion;Vallecillo;PRGDNL00;Gobernacion;Nuevo Leon;1787;not_before;1808;hgis;1777;not_after;1808;hgis;1787;1808;1073;;
JUGDNLSA;Partido;Salinas;PRGDNL00;Gobernacion;Nuevo Leon;1787;not_before;1808;hgis;1777;not_after;1808;hgis;1787;1808;1074;;
JUGDNLPI;Partido;Pilon;PRGDNL00;Gobernacion;Nuevo Leon;1787;not_before;1808;hgis;1777;not_after;1808;hgis;1787;1808;1075;;
JUGDNLCE;Partido;Cerralvo;PRGDNL00;Gobernacion;Nuevo Leon;1787;not_before;1808;hgis;1777;not_after;1808;hgis;1787;1808;1076;;
JUGDNLLA;Partido;Labradores;PRGDNL00;Gobernacion;Nuevo Leon;1787;not_before;1808;hgis;1777;not_after;1808;hgis;1787;1808;1077;;
JUGDNLSC;Partido;Santa Catarina;PRGDNL00;Gobernacion;Nuevo Leon;1787;not_before;1808;hgis;1777;not_after;1808;hgis;1787;1808;1078;;
JUGDNLCZ;Jurisdiccion;Carrizal;PRGDNL00;Gobernacion;Nuevo Leon;1807;exact;1808;hgis;1777;not_after;1808;hgis;1807;1808;1079;;
JUGDNLIG;Partido;La Iguana;PRGDNL00;Gobernacion;Nuevo Leon;1773;exact;9999;hgis;1777;not_after;1808;hgis;1777;1808;1080;;
JUGDNLSB;Tenencia de subdelegacion;Sabinas;PRGDNL00;Gobernacion;Nuevo Leon;1787;not_before;1808;hgis;1777;not_after;1808;hgis;1787;1808;1081;;
JUGDNLPE;Partido;Pesqueria Grande;PRGDNL00;Gobernacion;Nuevo Leon;1787;not_before;1808;hgis;1777;not_after;1808;hgis;1787;1808;1082;;
JUGDNLRB;Partido;Rio Blanco;PRGDNL00;Gobernacion;Nuevo Leon;1787;not_before;1808;hgis;1777;not_after;1808;hgis;1787;1808;1083;;
JUGDNLBL;Partido;Boca de Leones;PRGDNL00;Gobernacion;Nuevo Leon;1787;not_before;1808;hgis;1777;not_after;1808;hgis;1787;1808;1084;;
JUGDNLCA;Partido;Cadereyta;PRGDNL00;Gobernacion;Nuevo Leon;1787;not_before;1808;hgis;1777;not_after;1808;hgis;1787;1808;1085;;
JUGDNLLI;Partido;Linares;PRGDNL00;Gobernacion;Nuevo Leon;1787;not_before;1808;hgis;1777;not_after;1808;hgis;1787;1808;1086;;
JUGDNLPL;Partido;Lampazos;PRGDNL00;Gobernacion;Nuevo Leon;1787;not_before;1808;hgis;1777;not_after;1808;hgis;1787;1808;1087;;
JUGDNLMO;Partido;Monterrey;PRGDNL00;Gobernacion;Nuevo Leon;1582;exact;1808;hgis;1777;not_after;1808;hgis;1777;1808;1088;dontclip;
JUGDNLSB;Alcaldia Mayor;Sabinas;PRGDNL00;Gobernacion-Capitania General;Nuevo Leon;1693;ca;1693;not_before;1625;exact;1776;not_after;1693;1693;1089;;
JUGDNLIG;Partido;La Iguana;PRGDNL00;Gobernacion-Capitania General;Nuevo Leon;1773;exact;9999;hgis;1625;exact;1776;not_after;1773;1776;1090;;
JUGDNLSB;Alcaldia Mayor;Sabinas;PRGDNL00;Gobernacion-Capitania General;Nuevo Leon;1715;ca;1772;exact;1625;exact;1776;not_after;1715;1772;1091;;
JUGDNLMO;Partido;Monterrey;PRGDNL00;Gobernacion-Capitania General;Nuevo Leon;1582;exact;1808;hgis;1625;exact;1776;not_after;1625;1776;1092;dontclip;
PTGDDUSO;Jurisdiccion;Saltillo;PRGDNL00;Gobernacion;Nuevo Leon;1582;exact;1590;not_before;1579;exact;1590;exact;1582;1590;1093;;
JUGDNLMO;Partido;Monterrey;PRGDNL00;Gobernacion;Nuevo Leon;1582;exact;1808;hgis;1579;exact;1590;exact;1582;1590;1094;dontclip;
JUGDNLMO;Partido;Monterrey;PRGDNL00;Jurisdiccion;Nuevo Leon;1582;exact;1808;hgis;1596;exact;1598;exact;1596;1598;1095;dontclip;
JUGDNLMO;Partido;Monterrey;PRGDNL00;Gobernacion;Nuevo Leon;1582;exact;1808;hgis;1599;exact;1624;exact;1599;1624;1096;dontclip;
JUGDNMSC;Alcaldia Mayor;La Cañada;PRGDNM00;Gobernacion;Nuevo Mexico;1695;exact;1808;hgis;1777;exact;1808;hgis;1777;1808;1097;;
JUGDNMQU;Alcaldia Mayor;Los Queres;PRGDNM00;Gobernacion;Nuevo Mexico;1781;arbitrary;1808;hgis;1777;exact;1808;hgis;1781;1808;1098;;
JUGDNMLL;Alcaldia Mayor;La Laguna;PRGDNM00;Gobernacion;Nuevo Mexico;1694;exact;1808;hgis;1777;exact;1808;hgis;1777;1808;1099;;
JUGDNMEP;Tenencia de gobierno;El Paso;PRGDNM00;Gobernacion;Nuevo Mexico;1761;arbitrary;1808;hgis;1777;exact;1808;hgis;1777;1808;1101;;
JUGDNMSF;Jurisdiccion;Santa Fe;PRGDNM00;Gobernacion;Nuevo Mexico;1800;not_after;1808;hgis;1777;exact;1808;hgis;1800;1808;1102;dontclip;
JUGDNMSA;Alcaldia Mayor;Sandia;PRGDNM00;Gobernacion;Nuevo Mexico;1783;not_after;1802;not_after;1777;exact;1808;hgis;1783;1802;1103;;
JUGDNMAL;Alcaldia Mayor;Albuquerque;PRGDNM00;Gobernacion;Nuevo Mexico;1706;exact;1808;hgis;1777;exact;1808;hgis;1777;1808;1104;;
FRCIGIXX;Fronteras;Gila;PRGDNM00;Gobernacion;Nuevo Mexico;1111;start;1808;hgis;1777;exact;1808;hgis;1777;1808;1105;;
FRCIMOXX;Fronteras;Moqui;PRGDNM00;Gobernacion;Nuevo Mexico;1111;start;1808;hgis;1777;exact;1808;hgis;1777;1808;1106;;
FRCINAXX;Fronteras;Navajos;PRGDNM00;Gobernacion;Nuevo Mexico;1111;start;1808;hgis;1777;exact;1808;hgis;1777;1808;1107;;
JUGDNMGA;Alcaldia Mayor;Pecos;PRGDNM00;Gobernacion;Nuevo Mexico;1790;not_after;1808;hgis;1777;exact;1808;hgis;1790;1808;1108;clip;
JUGDNMTA;Alcaldia Mayor;Taos;PRGDNM00;Gobernacion;Nuevo Mexico;1796;not_before;1808;hgis;1777;exact;1808;hgis;1796;1808;1109;;
JUGDNMSC;Alcaldia Mayor;La Cañada;PRGDNM00;Gobernacion-Capitania General;Nuevo Mexico;1695;exact;1808;hgis;1598;exact;1776;exact;1695;1776;1110;;
JUGDNMAL;Alcaldia Mayor;Las Salinas;PRGDNM00;Gobernacion-Capitania General;Nuevo Mexico;1660;arbitrary;1679;exact;1598;exact;1776;exact;1660;1679;1111;;
JUGDNMLL;Alcaldia Mayor;La Laguna;PRGDNM00;Gobernacion-Capitania General;Nuevo Mexico;1694;exact;1808;hgis;1598;exact;1776;exact;1694;1776;1112;;
JUGDNMEP;Tenencia de gobierno;El Paso;PRGDNM00;Gobernacion-Capitania General;Nuevo Mexico;1761;arbitrary;1808;hgis;1598;exact;1776;exact;1761;1776;1113;;
JUGDNMCO;Alcaldia Mayor;Cochiti;PRGDNM00;Gobernacion-Capitania General;Nuevo Mexico;1728;not_after;1773;not_after;1598;exact;1776;exact;1728;1773;1114;;
JUGDNMQU;Alcaldia Mayor;Los Queres;PRGDNM00;Gobernacion-Capitania General;Nuevo Mexico;1660;arbitrary;1679;not_after;1598;exact;1776;exact;1660;1679;1115;;
JUGDNMAL;Alcaldia Mayor;Albuquerque;PRGDNM00;Gobernacion-Capitania General;Nuevo Mexico;1706;exact;1808;hgis;1598;exact;1776;exact;1706;1776;1116;;
FRCIGIXX;Fronteras;Gila;PRGDNM00;Gobernacion-Capitania General;Nuevo Mexico;1111;start;1808;hgis;1598;exact;1776;exact;1598;1776;1117;;
FRCIMOXX;Fronteras;Moqui;PRGDNM00;Gobernacion-Capitania General;Nuevo Mexico;1111;start;1808;hgis;1598;exact;1776;exact;1598;1776;1118;;
FRCINAXX;Fronteras;Navajos;PRGDNM00;Gobernacion-Capitania General;Nuevo Mexico;1111;start;1808;hgis;1598;exact;1776;exact;1598;1776;1119;;
JUGDNMTA;Alcaldia Mayor;Picuries;PRGDNM00;Gobernacion-Capitania General;Nuevo Mexico;1660;arbitrary;1679;not_after;1598;exact;1776;exact;1660;1679;1120;;
JUGDNMSC;Alcaldia Mayor;La Cañada;PRGDNM00;Gobernacion-Capitania General;Nuevo Mexico;1660;arbitrary;1679;not_after;1598;exact;1776;exact;1660;1679;1121;;
JUGDNMSF;Jurisdiccion;Santa Fe;PRGDNM00;Gobernacion-Capitania General;Nuevo Mexico;1610;exact;1679;exact;1598;exact;1776;exact;1610;1679;1122;;
JUGDNMSE;Alcaldia Mayor;Senecu;PRGDNM00;Gobernacion-Capitania General;Nuevo Mexico;1660;arbitrary;1679;not_after;1598;exact;1776;exact;1660;1679;1123;;
JUGDSSCI;Subdelegacion;Cieneguilla;PRGDSS00;Gobernacion-Intendencia;Arizpe;1787;not_before;1808;hgis;1779;exact;1808;hgis;1787;1808;1124;;
PMGDSSTB;Comandancia;Tubac;PRGDSS00;Gobernacion-Intendencia;Arizpe;1787;not_before;1808;hgis;1779;exact;1808;hgis;1787;1808;1125;;
PMGDSSFR;Comandancia;Fronteras;PRGDSS00;Gobernacion-Intendencia;Arizpe;1770;not_before;1808;hgis;1779;exact;1808;hgis;1779;1808;1126;;
PMGDSSBV;Comandancia;Buena Vista;PRGDSS00;Gobernacion-Intendencia;Arizpe;1770;not_before;1808;hgis;1779;exact;1808;hgis;1779;1808;1127;;
PMGDSSBP;Comandancia;Bavispe;PRGDSS00;Gobernacion-Intendencia;Arizpe;1779;not_before;1808;hgis;1779;exact;1808;hgis;1779;1808;1128;;
JUGDSSSO;Subdelegacion;Sonora;PRGDSS00;Gobernacion-Intendencia;Arizpe;1787;not_before;1808;hgis;1779;exact;1808;hgis;1787;1808;1129;;
PMGDSSAL;Comandancia;Altar;PRGDSS00;Gobernacion-Intendencia;Arizpe;1775;not_before;1808;hgis;1779;exact;1808;hgis;1779;1808;1130;;
PMGDSSSC;Comandancia;Santa Cruz;PRGDSS00;Gobernacion-Intendencia;Arizpe;1780;exact;1808;hgis;1779;exact;1808;hgis;1780;1808;1131;;
JUGDSSSC;Alcaldia Mayor*;Santiago;PRGDSS00;Gobernacion-Intendencia;Arizpe;1751;arbitrary;1787;arbitrary;1779;exact;1808;hgis;1779;1787;1132;;
PMGDSSTC;Comandancia;Tucson;PRGDSS00;Gobernacion-Intendencia;Arizpe;1770;not_before;1808;hgis;1779;exact;1808;hgis;1779;1808;1133;;
PTGDSSMA;Gobernacion Politico-Militar;Mazatlan;PRGDSS00;Gobernacion-Intendencia;Arizpe;1792;exact;1808;hgis;1779;exact;1808;hgis;1792;1808;1134;;
PMGDSSBA;Comandancia;Bacoachi;PRGDSS00;Gobernacion-Intendencia;Arizpe;1784;not_before;1808;hgis;1779;exact;1808;hgis;1784;1808;1135;;
JUGDSSRO;Subdelegacion-Jurisdiccion;Rosario;PRGDSS00;Gobernacion-Intendencia;Arizpe;1787;not_before;1808;hgis;1779;exact;1808;hgis;1787;1808;1136;;
JUGDSSMY;Subdelegacion;Maloya;PRGDSS00;Gobernacion-Intendencia;Arizpe;1787;not_before;1808;hgis;1779;exact;1808;hgis;1787;1808;1137;;
JUGDSSCP;Subdelegacion;Copala;PRGDSS00;Gobernacion-Intendencia;Arizpe;1787;not_before;1808;hgis;1779;exact;1808;hgis;1787;1808;1138;;
JUGDSSCU;Subdelegacion;Culiacan;PRGDSS00;Gobernacion-Intendencia;Arizpe;1787;not_before;1808;hgis;1779;exact;1808;hgis;1787;1808;1139;;
JUGDSSAL;Subdelegacion;Alamos;PRGDSS00;Gobernacion-Intendencia;Arizpe;1787;not_before;1808;hgis;1779;exact;1808;hgis;1787;1808;1140;;
JUGDSSSI;Subdelegacion;Sinaloa;PRGDSS00;Gobernacion-Intendencia;Arizpe;1787;not_before;1808;hgis;1779;exact;1808;hgis;1787;1808;1141;;
PTGDSSSO;Subdelegacion;Arizpe;PRGDSS00;Gobernacion-Intendencia;Arizpe;1787;not_before;1808;hgis;1779;exact;1808;hgis;1787;1808;1142;;
JUGDSSOS;Subdelegacion;Ostimuri;PRGDSS00;Gobernacion-Intendencia;Arizpe;1787;not_before;1808;hgis;1779;exact;1808;hgis;1787;1808;1143;;
JUGDSSAI;Subdelegacion;Aigame;PRGDSS00;Gobernacion-Intendencia;Arizpe;1790;arbitrary;1808;hgis;1779;exact;1808;hgis;1790;1808;1144;;
JUGDSSCS;Subdelegacion;Cosala;PRGDSS00;Gobernacion-Intendencia;Arizpe;1787;arbitrary;1808;hgis;1779;exact;1808;hgis;1787;1808;1145;;
JUGDSSEF;Subdelegacion;El Fuerte;PRGDSS00;Gobernacion-Intendencia;Arizpe;1787;not_before;1808;hgis;1779;exact;1808;hgis;1787;1808;1146;;
PMGDSSTB;Comandancia;Tubac;PRGDSS00;Gobernacion;Sinaloa y Sonora;1751;ca;1775;exact;1733;exact;1769;exact;1751;1769;1147;;
JUGDSSSC;Alcaldia Mayor*;Santiago;PRGDSS00;Gobernacion;Sinaloa y Sonora;1751;arbitrary;1787;arbitrary;1733;exact;1769;exact;1751;1769;1148;;
JUGDSSSB;Alcaldia Mayor*;San Benito;PRGDSS00;Gobernacion;Sinaloa y Sonora;1745;ca;1750;arbitrary;1733;exact;1769;exact;1745;1750;1149;;
PMGDSSFR;Comandancia;Fronteras;PRGDSS00;Gobernacion-Intendencia;Sinaloa y Sonora;1770;not_before;1808;hgis;1770;exact;1771;exact;1770;1771;1150;;
PMGDSSBV;Comandancia;Buena Vista;PRGDSS00;Gobernacion-Intendencia;Sinaloa y Sonora;1770;not_before;1808;hgis;1770;exact;1771;exact;1770;1771;1151;;
PMGDSSTB;Comandancia;Tubac;PRGDSS00;Gobernacion-Intendencia;Sinaloa y Sonora;1751;ca;1775;exact;1770;exact;1771;exact;1770;1771;1152;;
JUGDSSSC;Alcaldia Mayor*;Santiago;PRGDSS00;Gobernacion-Intendencia;Sinaloa y Sonora;1751;arbitrary;1787;arbitrary;1770;exact;1771;exact;1770;1771;1153;;
PMGDSSTC;Comandancia;Tucson;PRGDSS00;Gobernacion-Intendencia;Sinaloa y Sonora;1770;not_before;1808;hgis;1770;exact;1771;exact;1770;1771;1154;;
PMGDSSFR;Comandancia;Fronteras;PRGDSS00;Gobernacion;Sinaloa y Sonora;1770;not_before;1808;hgis;1772;exact;1776;exact;1772;1776;1155;;
PMGDSSBV;Comandancia;Buena Vista;PRGDSS00;Gobernacion;Sinaloa y Sonora;1770;not_before;1808;hgis;1772;exact;1776;exact;1772;1776;1156;;
PMGDSSAL;Comandancia;Altar;PRGDSS00;Gobernacion;Sinaloa y Sonora;1775;not_before;1808;hgis;1772;exact;1776;exact;1775;1776;1157;;
PMGDSSTB;Comandancia;Tubac;PRGDSS00;Gobernacion;Sinaloa y Sonora;1751;ca;1775;exact;1772;exact;1776;exact;1772;1775;1158;;
JUGDSSSC;Alcaldia Mayor*;Santiago;PRGDSS00;Gobernacion;Sinaloa y Sonora;1751;arbitrary;1787;arbitrary;1772;exact;1776;exact;1772;1776;1159;;
PMGDSSTC;Comandancia;Tucson;PRGDSS00;Gobernacion;Sinaloa y Sonora;1770;not_before;1808;hgis;1772;exact;1776;exact;1772;1776;1160;;
PMGDSSFR;Comandancia;Fronteras;PRGDSS00;Gobernacion-Intendencia;Sinaloa y Sonora;1770;not_before;1808;hgis;1777;exact;1778;exact;1777;1778;1161;;
PMGDSSBV;Comandancia;Buena Vista;PRGDSS00;Gobernacion-Intendencia;Sinaloa y Sonora;1770;not_before;1808;hgis;1777;exact;1778;exact;1777;1778;1162;;
PMGDSSAL;Comandancia;Altar;PRGDSS00;Gobernacion-Intendencia;Sinaloa y Sonora;1775;not_before;1808;hgis;1777;exact;1778;exact;1777;1778;1163;;
JUGDSSSC;Alcaldia Mayor*;Santiago;PRGDSS00;Gobernacion-Intendencia;Sinaloa y Sonora;1751;arbitrary;1787;arbitrary;1777;exact;1778;exact;1777;1778;1164;;
PMGDSSTC;Comandancia;Tucson;PRGDSS00;Gobernacion-Intendencia;Sinaloa y Sonora;1770;not_before;1808;hgis;1777;exact;1778;exact;1777;1778;1165;;
PMGDTXAH;Presidio;Orcoquiza;PRGDTX00;Gobernacion;Texas;1756;exact;1771;exact;1722;exact;1808;hgis;1756;1771;1166;;
PMGDTXNA;Presidio;Adaes;PRGDTX00;Gobernacion;Texas;1721;exact;1772;exact;1722;exact;1808;hgis;1722;1772;1167;;
PMGDTXFJ;Presidio;San Francisco Xavier;PRGDTX00;Gobernacion;Texas;1751;exact;1754;exact;1722;exact;1808;hgis;1751;1754;1168;;
PMGDTXLB;Presidio;La Bahia;PRGDTX00;Gobernacion;Texas;1722;exact;1808;hgis;1722;exact;1808;hgis;1722;1808;1169;;
PMGDTXNA;Tenencia de gobierno-Presidio;Nacogdoches;PRGDTX00;Gobernacion;Texas;1779;ca;1808;hgis;1722;exact;1808;hgis;1779;1808;1170;;
PMGDTXSA;Partido;San Antonio;PRGDTX00;Gobernacion;Texas;1722;exact;1808;hgis;1722;exact;1808;hgis;1722;1808;1171;dontclip;
PMGDTXNA;Presidio;Adaes;PRGDTX00;Fronteras;Texas;1721;exact;1772;exact;1716;ca;1721;exact;1721;1721;1172;;
PMGDTXNA;Presidio;Texas;PRGDTX00;Fronteras;Texas;1716;exact;1718;exact;1716;ca;1721;exact;1716;1718;1173;;
JUGDZAZA;Partido;Zacatecas;PRGDZA00;Corregimiento-Intendencia;Zacatecas;1787;exact;1808;hgis;1787;exact;1808;hgis;1787;1808;1174;dontclip;
JUGDZASO;Subdelegacion;Sombrerete;PRGDZA00;Corregimiento-Intendencia;Zacatecas;1787;exact;1808;hgis;1787;exact;1808;hgis;1787;1808;1175;;
JUGDGDAG;Subdelegacion;Aguas Calientes;PRGDZA00;Corregimiento-Intendencia;Zacatecas;1804;exact;1808;hgis;1787;exact;1808;hgis;1804;1808;1177;;
JUGDZAMA;Subdelegacion;Mazapil;PRGDZA00;Corregimiento-Intendencia;Zacatecas;1787;exact;1808;hgis;1787;exact;1808;hgis;1787;1808;1178;;
JUGDZANI;Subdelegacion;Nieves;PRGDZA00;Corregimiento-Intendencia;Zacatecas;1792;not_after;1808;hgis;1787;exact;1808;hgis;1792;1808;1181;;
JUGDZAJE;Subdelegacion;Jerez;PRGDZA00;Corregimiento-Intendencia;Zacatecas;1787;exact;1808;hgis;1787;exact;1808;hgis;1787;1808;1182;;
JUGUCHSI;Subdelegacion;Simojovel;PRGUCH00;Gobernacion-Intendencia;Chiapas;1786;exact;1808;hgis;1786;exact;1808;hgis;1786;1808;1183;;
JUGUCHCR;Partido;Ciudad Real;PRGUCH00;Gobernacion-Intendencia;Chiapas;1786;exact;1808;hgis;1786;exact;1808;hgis;1786;1808;1184;dontclip;
JUGUCHPA;Subdelegacion;Palenque;PRGUCH00;Gobernacion-Intendencia;Chiapas;1786;exact;1808;hgis;1786;exact;1808;hgis;1786;1808;1185;;
JUGUCHSO;Subdelegacion;Tapachula;PRGUCH00;Gobernacion-Intendencia;Chiapas;1786;exact;1808;hgis;1786;exact;1808;hgis;1786;1808;1186;;
JUGUCHTO;Subdelegacion;Tonala;PRGUCH00;Gobernacion-Intendencia;Chiapas;1786;exact;1808;hgis;1786;exact;1808;hgis;1786;1808;1187;;
JUGUCHTU;Subdelegacion;Tuxtla;PRGUCH00;Gobernacion-Intendencia;Chiapas;1786;exact;1808;hgis;1786;exact;1808;hgis;1786;1808;1188;;
JUGUCHCO;Subdelegacion;Comitan;PRGUCH00;Gobernacion-Intendencia;Chiapas;1786;exact;1808;hgis;1786;exact;1808;hgis;1786;1808;1189;;
JUGUCHHU;Subdelegacion;Guista;PRGUCH00;Gobernacion-Intendencia;Chiapas;1786;exact;1808;hgis;1786;exact;1808;hgis;1786;1808;1190;;
JUGUCHOC;Subdelegacion;Ocozingo;PRGUCH00;Gobernacion-Intendencia;Chiapas;1786;exact;1808;hgis;1786;exact;1808;hgis;1786;1808;1191;;
JUGUCHTA;Subdelegacion;Tapachula;PRGUCH00;Gobernacion-Intendencia;Chiapas;1786;not_after;1808;hgis;1786;exact;1808;hgis;1786;1808;1192;;
JUGUCHSA;Subdelegacion;San Andres;PRGUCH00;Gobernacion-Intendencia;Chiapas;1786;exact;1808;hgis;1786;exact;1808;hgis;1786;1808;1193;;
JUGUCHTI;Subdelegacion;Tila;PRGUCH00;Gobernacion-Intendencia;Chiapas;1786;exact;1808;hgis;1786;exact;1808;hgis;1786;1808;1194;;
JUGUCHIX;Subdelegacion;Ixtacomitan;PRGUCH00;Gobernacion-Intendencia;Chiapas;1786;exact;1808;hgis;1786;exact;1808;hgis;1786;1808;1195;;
FRMOTAXX;Fronteras;Talamanca;PRGUCR00;Alcaldia Mayor;Costa Rica;1111;start;9999;end;1561;exact;1567;exact;1561;1567;1196;;
FRMOTAXX;Fronteras;Talamanca;PRGUCR00;Gobernacion;Costa Rica;1111;start;9999;end;1568;exact;1572;exact;1568;1572;1197;;
FRMOTAXX;Fronteras;Talamanca;PRGUNI00;Gobernacion;Nicaragua;1111;start;9999;end;1577;exact;1589;exact;1577;1589;1198;;agregado
JUGUCRQU;Corregimiento;Quepo;PRGUNI00;Gobernacion;Nicaragua;1583;not_after;1599;arbitrary;1577;exact;1589;exact;1583;1589;1199;;agregado
JUGUCRPA;Corregimiento;Pacaca;PRGUNI00;Gobernacion;Nicaragua;1583;not_after;1599;arbitrary;1577;exact;1589;exact;1583;1589;1200;;agregado
JUGUCRGA;Corregimiento;Chomes;PRGUNI00;Gobernacion;Nicaragua;1583;not_after;1596;not_before;1577;exact;1589;exact;1583;1589;1201;;agregado
FRMOTAXX;Fronteras;Talamanca;PRGUCR00;Gobernacion;Veragua Real;1111;start;9999;end;1537;exact;1539;exact;1537;1539;1202;;
FRMOTAXX;Fronteras;Talamanca;PRGUCR00;Gobernacion;Costa Rica;1111;start;9999;end;1540;exact;1542;exact;1540;1542;1203;;
FRMOTAXX;Fronteras;Talamanca;PRGUCR00;Gobernacion-Capitania General;Costa Rica;1111;start;9999;end;1573;exact;1576;exact;1573;1576;1204;;
FRMOTAXX;Fronteras;Talamanca;PRGUCR00;Gobernacion-Capitania General;Costa Rica;1111;start;9999;end;1590;exact;1786;ca;1590;1786;1205;;
JUGUCRTC;Corregimiento;Tucurrique;PRGUCR00;Gobernacion-Capitania General;Costa Rica;1591;exact;1599;arbitrary;1590;exact;1786;ca;1591;1599;1206;;
JUGUCRQU;Corregimiento;Quepo;PRGUCR00;Gobernacion-Capitania General;Costa Rica;1583;not_after;1599;arbitrary;1590;exact;1786;ca;1590;1599;1207;;
JUGUCRPA;Corregimiento;Pacaca;PRGUCR00;Gobernacion-Capitania General;Costa Rica;1583;not_after;1599;arbitrary;1590;exact;1786;ca;1590;1599;1208;;
JUGUNINC;Alcaldia Mayor;Nicoya;PRGUCR00;Gobernacion-Capitania General;Costa Rica;1593;exact;1601;exact;1590;exact;1786;ca;1593;1601;1209;dontclip;
JUGUCRGA;Corregimiento;Chomes;PRGUCR00;Gobernacion-Capitania General;Costa Rica;1583;not_after;1596;not_before;1590;exact;1786;ca;1590;1596;1210;;
FRMOTAXX;Fronteras;Talamanca;PRGUCR00;Gobernacion;Costa Rica;1111;start;9999;end;1787;ca;1808;hgis;1787;1808;1211;;
FRGUCYXI;Fronteras;Xicayes;PRGUCY00;Tenencia de Alcaldia Mayor;Honduras;1111;start;1808;hgis;1544;exact;1548;exact;1544;1548;1212;;
FRMOXXXX;Fronteras;Golfo;PRGUCY00;Tenencia de Alcaldia Mayor;Honduras;1111;start;9999;end;1544;exact;1548;exact;1544;1548;1213;;
FRGUCYTA;Fronteras;Taguzalpa;PRGUCY00;Tenencia de Alcaldia Mayor;Honduras;1111;start;1808;hgis;1544;exact;1548;exact;1544;1548;1214;;
JUGUCYTC;Corregimiento;Tencoa;PRGUCY00;Gobernacion-Capitania General;Honduras;1569;not_after;1599;arbitrary;1564;exact;1755;exact;1569;1599;1215;;
FRGUCYXI;Fronteras;Xicayes;PRGUCY00;Gobernacion-Capitania General;Honduras;1111;start;1808;hgis;1564;exact;1755;exact;1564;1755;1216;;
FRMOXXXX;Fronteras;Golfo;PRGUCY00;Gobernacion-Capitania General;Honduras;1111;start;9999;end;1564;exact;1755;exact;1564;1755;1217;;
JUGUCYCY;Partido;Comayagua;PRGUCY00;Gobernacion-Capitania General;Honduras;1701;hgis;1808;hgis;1564;exact;1755;exact;1701;1755;1218;dontclip;
FRGUCYTA;Fronteras;Taguzalpa;PRGUCY00;Gobernacion-Capitania General;Honduras;1111;start;1808;hgis;1564;exact;1755;exact;1564;1755;1219;;
FRGUCYXI;Fronteras;Xicayes;PRNEMX00;Provincia;Nueva España;1111;start;1808;hgis;1536;exact;1542;exact;1536;1542;1220;;agregado
FRMOXXXX;Fronteras;Golfo;PRNEMX00;Provincia;Nueva España;1111;start;9999;end;1536;exact;1542;exact;1536;1542;1221;;agregado
FRGUCYTA;Fronteras;Taguzalpa;PRNEMX00;Provincia;Nueva España;1111;start;1808;hgis;1536;exact;1542;exact;1536;1542;1222;;agregado
JUGUCYCN;Subdelegacion;Chinda;PRGUCY00;Gobernacion-Intendencia;Comayagua;1787;not_before;1808;hgis;1787;exact;1808;hgis;1787;1808;1223;;
JUGUCYSE;Tenencia de subdelegacion;Sensenti;PRGUCY00;Gobernacion-Intendencia;Comayagua;1787;not_before;1808;hgis;1787;exact;1808;hgis;1787;1808;1224;;
FRGUCYXI;Fronteras;Xicayes;PRGUCY00;Gobernacion-Intendencia;Comayagua;1111;start;1808;hgis;1787;exact;1808;hgis;1787;1808;1225;;
JUGUCYTC;Subdelegacion;Tencoa;PRGUCY00;Gobernacion-Intendencia;Comayagua;1801;ca;1808;hgis;1787;exact;1808;hgis;1801;1808;1226;;
JUGUCYOL;Subdelegacion;Olancho;PRGUCY00;Gobernacion-Intendencia;Comayagua;1787;exact;1808;hgis;1787;exact;1808;hgis;1787;1808;1227;;
JUGUCYGR;Subdelegacion;Gracias a Dios;PRGUCY00;Gobernacion-Intendencia;Comayagua;1787;exact;1808;hgis;1787;exact;1808;hgis;1787;1808;1228;;
JUGUCYYO;Subdelegacion;Yoro;PRGUCY00;Gobernacion-Intendencia;Comayagua;1787;exact;1808;hgis;1787;exact;1808;hgis;1787;1808;1229;;
JUGUCYTR;Gobernacion político-militar;Trujillo;PRGUCY00;Gobernacion-Intendencia;Comayagua;1787;exact;1800;exact;1787;exact;1808;hgis;1787;1800;1230;;
JUGUCYOT;Subdelegacion;Olanchito;PRGUCY00;Gobernacion-Intendencia;Comayagua;1787;exact;1808;hgis;1787;exact;1808;hgis;1787;1808;1231;;
JUGUCYSP;Subdelegacion;San Pedro Sula;PRGUCY00;Gobernacion-Intendencia;Comayagua;1787;exact;1808;hgis;1787;exact;1808;hgis;1787;1808;1232;;
FRMOXXXX;Fronteras;Golfo;PRGUCY00;Gobernacion-Intendencia;Comayagua;1111;start;9999;end;1787;exact;1808;hgis;1787;1808;1233;;
JUGUCYCY;Partido;Comayagua;PRGUCY00;Gobernacion-Intendencia;Comayagua;1701;hgis;1808;hgis;1787;exact;1808;hgis;1787;1808;1234;dontclip;
FRGUCYTA;Fronteras;Taguzalpa;PRGUCY00;Gobernacion-Intendencia;Comayagua;1111;start;1808;hgis;1787;exact;1808;hgis;1787;1808;1235;;
JUGUTGTG;Subdelegacion;Tegucigalpa;PRGUCY00;Gobernacion-Intendencia;Comayagua;1789;exact;1808;hgis;1787;exact;1808;hgis;1789;1808;1236;;
FRGUCYXI;Fronteras;Xicayes;PRGUCY00;Alcaldia Mayor;Honduras;1111;start;1808;hgis;1549;exact;1563;exact;1549;1563;1237;;
FRMOXXXX;Fronteras;Golfo;PRGUCY00;Alcaldia Mayor;Honduras;1111;start;9999;end;1549;exact;1563;exact;1549;1563;1238;;
FRGUCYTA;Fronteras;Taguzalpa;PRGUCY00;Alcaldia Mayor;Honduras;1111;start;1808;hgis;1549;exact;1563;exact;1549;1563;1239;;
FRGUCYXI;Fronteras;Xicayes;PRGUCY00;Gobernacion;Comayagua;1111;start;1808;hgis;1756;exact;1786;exact;1756;1786;1240;;
FRMOXXXX;Fronteras;Golfo;PRGUCY00;Gobernacion;Comayagua;1111;start;9999;end;1756;exact;1786;exact;1756;1786;1241;;
JUGUCYCY;Partido;Comayagua;PRGUCY00;Gobernacion;Comayagua;1701;hgis;1808;hgis;1756;exact;1786;exact;1756;1786;1242;dontclip;
FRGUCYTA;Fronteras;Taguzalpa;PRGUCY00;Gobernacion;Comayagua;1111;start;1808;hgis;1756;exact;1786;exact;1756;1786;1243;;
FRGUCYXI;Fronteras;Xicayes;PRGUCY00;Alcaldia Mayor;Honduras;1111;start;1808;hgis;1543;exact;1543;exact;1543;1543;1244;;
FRMOXXXX;Fronteras;Golfo;PRGUCY00;Alcaldia Mayor;Honduras;1111;start;9999;end;1543;exact;1543;exact;1543;1543;1245;;
FRGUCYTA;Fronteras;Taguzalpa;PRGUCY00;Alcaldia Mayor;Honduras;1111;start;1808;hgis;1543;exact;1543;exact;1543;1543;1246;;
FRGUCYXI;Fronteras;Xicayes;PRNEMX00;Provincia;Nueva España;1111;start;1808;hgis;1525;exact;1525;exact;1525;1525;1247;;agregado
FRMOXXXX;Fronteras;Golfo;PRNEMX00;Provincia;Nueva España;1111;start;9999;end;1525;exact;1525;exact;1525;1525;1248;;agregado
FRGUCYTA;Fronteras;Taguzalpa;PRNEMX00;Provincia;Nueva España;1111;start;1808;hgis;1525;exact;1525;exact;1525;1525;1249;;agregado
FRGUCYXI;Fronteras;Xicayes;PRGUCY00;Gobernacion;Honduras;1111;start;1808;hgis;1526;exact;1535;exact;1526;1535;1250;;
FRMOXXXX;Fronteras;Golfo;PRGUCY00;Gobernacion;Honduras;1111;start;9999;end;1526;exact;1535;exact;1526;1535;1251;;
FRGUCYTA;Fronteras;Taguzalpa;PRGUCY00;Gobernacion;Honduras;1111;start;1808;hgis;1526;exact;1535;exact;1526;1535;1252;;
PMGUGUIS;Partido;isla de San Andres;SUGU0000;Capitania General;Guatemala;1775;exact;1803;exact;1542;exact;1808;hgis;1775;1803;1254;;cabecera
PRGUNI00;Gobernacion;Nicaragua;SUGU0000;Capitania General;Guatemala;1527;exact;1551;exact;1542;exact;1808;hgis;1542;1551;1256;;cabecera
JUGUGUAM;Fronteras;Amatique;SUGU0000;Capitania General;Guatemala;1756;ca;1808;hgis;1542;exact;1808;hgis;1756;1808;1257;;cabecera
PTGUGUGZ;Corregimiento;Guazacapan;SUGU0000;Capitania General;Guatemala;1592;not_after;1691;not_after;1542;exact;1808;hgis;1592;1691;1258;;cabecera
PTGUGUHU;Corregimiento;Huehuetenango;SUGU0000;Capitania General;Guatemala;1547;exact;1677;exact;1542;exact;1808;hgis;1547;1677;1260;;cabecera
JUGUGUSS;Alcaldia Mayor;Sonsonate;SUGU0000;Capitania General;Guatemala;1539;exact;1808;hgis;1542;exact;1808;hgis;1542;1808;1261;;cabecera
JUGUGUCM;Corregimiento;Chiquimula;SUGU0000;Capitania General;Guatemala;1764;ca;1808;hgis;1542;exact;1808;hgis;1764;1808;1262;;cabecera
JUGUGUVE;Alcaldia Mayor;Verapaz;SUGU0000;Capitania General;Guatemala;1560;exact;1808;hgis;1542;exact;1808;hgis;1560;1808;1263;;cabecera
JUGUGUSU;Alcaldia Mayor;Zapotitlan;SUGU0000;Capitania General;Guatemala;1560;exact;1599;arbitrary;1542;exact;1808;hgis;1560;1599;1265;;cabecera
JUGUGUCT;Alcaldia Mayor;Chimaltenango;SUGU0000;Capitania General;Guatemala;1754;ca;1808;hgis;1542;exact;1808;hgis;1754;1808;1266;;cabecera
JUGUGUSU;Alcaldia Mayor;Suchiltepequez;SUGU0000;Capitania General;Guatemala;1786;arbitrary;1808;hgis;1542;exact;1808;hgis;1786;1808;1267;;cabecera
JUGUGUSA;Alcaldia Mayor;Sacatepeques;SUGU0000;Capitania General;Guatemala;1788;ca;1808;hgis;1542;exact;1808;hgis;1788;1808;1268;;cabecera
JUGUGUES;Alcaldia Mayor;Escuintla;SUGU0000;Capitania General;Guatemala;1692;not_after;1808;hgis;1542;exact;1808;hgis;1692;1808;1269;;cabecera
JUGUGUSO;Alcaldia Mayor;Solola;SUGU0000;Capitania General;Guatemala;1795;not_after;1808;hgis;1542;exact;1808;hgis;1795;1808;1270;;cabecera
PRGUNI00;Gobernacion;Nicaragua;PRGUGU00;Gobernacion-Capitania General;Guatemala;1527;exact;1551;exact;1524;exact;1541;exact;1527;1541;1272;;
JUGUCHSO;Gobernacion;Soconusco;PRGUGU00;Gobernacion-Capitania General;Guatemala;1526;exact;1541;exact;1524;exact;1541;exact;1526;1541;1273;;
JUGUGUSS;Alcaldia Mayor;Sonsonate;PRGUGU00;Gobernacion-Capitania General;Guatemala;1539;exact;1808;hgis;1524;exact;1541;exact;1539;1541;1274;;
FRGUNITO;Fronteras;Tologalpa;PRGUNI00;Gobernacion;Nicaragua;1111;start;1808;hgis;1527;exact;1551;exact;1527;1551;1276;;
FRMOCMXX;Fronteras;Costa mosquita;PRGUNI00;Gobernacion;Nicaragua;1111;start;9999;end;1527;exact;1551;exact;1527;1551;1277;;
JUGUNINI;Jurisdiccion;Nicaragua;PRGUNI00;Gobernacion-Intendencia;Leon;1720;exact;1808;hgis;1787;exact;1808;hgis;1787;1808;1278;;
JUGUNIGR;Jurisdiccion;Granada;PRGUNI00;Gobernacion-Intendencia;Leon;1701;hgis;1808;hgis;1787;exact;1808;hgis;1787;1808;1279;;
JUGUNINS;Subdelegacion;Nueva Segovia;PRGUNI00;Gobernacion-Intendencia;Leon;1787;exact;1808;hgis;1787;exact;1808;hgis;1787;1808;1282;;
JUGUNIMA;Subdelegacion;Masaya;PRGUNI00;Gobernacion-Intendencia;Leon;1787;exact;1808;hgis;1787;exact;1808;hgis;1787;1808;1283;;
JUGUNILE;Partido;Leon;PRGUNI00;Gobernacion-Intendencia;Leon;1701;hgis;1808;hgis;1787;exact;1808;hgis;1787;1808;1284;dontclip;
FRGUNITO;Fronteras;Tologalpa;PRGUNI00;Gobernacion-Intendencia;Leon;1111;start;1808;hgis;1787;exact;1808;hgis;1787;1808;1285;;
FRMOCMXX;Fronteras;Costa mosquita;PRGUNI00;Gobernacion-Intendencia;Leon;1111;start;9999;end;1787;exact;1808;hgis;1787;1808;1286;;
JUGUNIMG;Subdelegacion;Matagalpa;PRGUNI00;Gobernacion-Intendencia;Leon;1787;exact;1808;hgis;1787;exact;1808;hgis;1787;1808;1287;;
JUGUNISU;Subdelegacion;Subtiava;PRGUNI00;Gobernacion-Intendencia;Leon;1787;exact;1808;hgis;1787;exact;1808;hgis;1787;1808;1288;;
JUGUNIRE;Subdelegacion;El Realejo;PRGUNI00;Gobernacion-Intendencia;Leon;1787;exact;1808;hgis;1787;exact;1808;hgis;1787;1808;1289;;
JUGUNINI;Jurisdiccion;Nicaragua;PRGUNI00;Gobernacion;Nicaragua;1720;exact;1808;hgis;1567;exact;1786;exact;1720;1786;1290;;
JUGUNIGR;Jurisdiccion;Granada;PRGUNI00;Gobernacion;Nicaragua;1701;hgis;1808;hgis;1567;exact;1786;exact;1701;1786;1291;;
JUGUNISU;Corregimiento;Quetzalguaque;PRGUNI00;Gobernacion;Nicaragua;1583;exact;1599;exact;1567;exact;1786;exact;1583;1599;1292;;
JUGUNILE;Partido;Leon;PRGUNI00;Gobernacion;Nicaragua;1701;hgis;1808;hgis;1567;exact;1786;exact;1701;1786;1293;dontclip;
FRGUNITO;Fronteras;Tologalpa;PRGUNI00;Gobernacion;Nicaragua;1111;start;1808;hgis;1567;exact;1786;exact;1567;1786;1294;;
FRMOCMXX;Fronteras;Costa mosquita;PRGUNI00;Gobernacion;Nicaragua;1111;start;9999;end;1567;exact;1786;exact;1567;1786;1295;;
PRGUCR00;Gobernacion;Costa Rica;PRGUNI00;Gobernacion;Nicaragua;1577;exact;1589;exact;1567;exact;1786;exact;1577;1589;1296;dontclip;
FRGUNITO;Fronteras;Tologalpa;PRGUNI00;Alcaldia Mayor;Nicaragua;1111;start;1808;hgis;1552;exact;1566;exact;1552;1566;1297;;
FRMOCMXX;Fronteras;Costa mosquita;PRGUNI00;Alcaldia Mayor;Nicaragua;1111;start;9999;end;1552;exact;1566;exact;1552;1566;1298;;
JUGUSSSS;Partido;San Salvador;PRGUSS00;Alcaldia Mayor;San Salvador;1701;hgis;1808;hgis;1579;exact;1786;exact;1701;1786;1299;dontclip;
JUGUSSSC;Subdelegacion;Sacatecoluca;PRGUSS00;Corregimiento-Intendencia;San Salvador;1787;not_before;1808;hgis;1791;exact;1808;hgis;1791;1808;1300;;
JUGUSSSM;Subdelegacion-Jurisdiccion;San Miguel;PRGUSS00;Corregimiento-Intendencia;San Salvador;1787;exact;1808;hgis;1791;exact;1808;hgis;1791;1808;1301;;
JUGUSSSS;Partido;San Salvador;PRGUSS00;Corregimiento-Intendencia;San Salvador;1701;hgis;1808;hgis;1791;exact;1808;hgis;1791;1808;1302;dontclip;
JUGUSSME;Subdelegacion;Metapas;PRGUSS00;Corregimiento-Intendencia;San Salvador;1806;exact;1808;hgis;1791;exact;1808;hgis;1806;1808;1303;;
JUGUSSSV;Subdelegacion-Jurisdiccion;San Vicente;PRGUSS00;Corregimiento-Intendencia;San Salvador;1787;exact;1808;hgis;1791;exact;1808;hgis;1791;1808;1304;;
JUGUSSSA;Subdelegacion-Jurisdiccion;Santa Ana;PRGUSS00;Corregimiento-Intendencia;San Salvador;1806;exact;1808;hgis;1791;exact;1808;hgis;1806;1808;1305;;
JUGUSSCH;Subdelegacion;Chalatenango;PRGUSS00;Corregimiento-Intendencia;San Salvador;1806;not_after;1808;hgis;1791;exact;1808;hgis;1806;1808;1306;;
JUGUSSSC;Subdelegacion;Sacatecoluca;PRGUSS00;Gobernacion-Intendencia;San Salvador;1787;not_before;1808;hgis;1787;exact;1790;exact;1787;1790;1307;;
JUGUSSSM;Subdelegacion-Jurisdiccion;San Miguel;PRGUSS00;Gobernacion-Intendencia;San Salvador;1787;exact;1808;hgis;1787;exact;1790;exact;1787;1790;1308;;
JUGUSSSS;Partido;San Salvador;PRGUSS00;Gobernacion-Intendencia;San Salvador;1701;hgis;1808;hgis;1787;exact;1790;exact;1787;1790;1309;dontclip;
JUGUSSSV;Subdelegacion-Jurisdiccion;San Vicente;PRGUSS00;Gobernacion-Intendencia;San Salvador;1787;exact;1808;hgis;1787;exact;1790;exact;1787;1790;1310;;
JUNECLCN;Provincia;California Nueva;PRNECL00;Gobernacion Politico-Militar;Las Californias;1777;exact;1803;exact;1767;exact;1803;exact;1777;1803;1311;dontclip;
JUNECLCV;Partido;Antigua California;PRNECL00;Gobernacion Politico-Militar;Las Californias;1768;exact;1803;exact;1767;exact;1803;exact;1768;1803;1312;;
PRGDNA00;Tenencia de gobierno;Nayarit;PRNECT00;Gobernacion Politico-Militar;Colotlan;1791;exact;1808;hgis;1791;exact;1808;hgis;1791;1808;1315;;
JUGDGDBO;Corregimiento;Bolaños;PRNECT00;Gobernacion Politico-Militar;Colotlan;1800;exact;1808;hgis;1791;exact;1808;hgis;1800;1808;1316;clip;
JUNEGJSM;Subdelegacion;San Miguel;PRNEGJ00;Corregimiento-Intendencia;Guanajuato;1787;exact;1808;hgis;1787;exact;1808;hgis;1787;1808;1317;;
JUNEGJSP;Subdelegacion;San Luis de la Paz;PRNEGJ00;Corregimiento-Intendencia;Guanajuato;1787;exact;1808;hgis;1787;exact;1808;hgis;1787;1808;1318;;
JUNEGJDO;Subdelegacion;Dolores;PRNEGJ00;Corregimiento-Intendencia;Guanajuato;1787;exact;1808;hgis;1787;exact;1808;hgis;1787;1808;1319;;
JUNEGJPG;Subdelegacion;Piedragorda;PRNEGJ00;Corregimiento-Intendencia;Guanajuato;1793;exact;1808;hgis;1787;exact;1808;hgis;1793;1808;1320;;
JUNEGJCE;Subdelegacion;Celaya;PRNEGJ00;Corregimiento-Intendencia;Guanajuato;1787;exact;1808;hgis;1787;exact;1808;hgis;1787;1808;1321;;
JUNEGJSF;Subdelegacion-Jurisdiccion;San Felipe;PRNEGJ00;Corregimiento-Intendencia;Guanajuato;1808;not_after;1808;hgis;1787;exact;1808;hgis;1808;1808;1322;;
JUNEGJPE;Subdelegacion;Penjamo;PRNEGJ00;Corregimiento-Intendencia;Guanajuato;1793;exact;1808;hgis;1787;exact;1808;hgis;1793;1808;1323;;
JUNEGJGJ;Partido;Guanajuato;PRNEGJ00;Corregimiento-Intendencia;Guanajuato;1787;exact;1808;hgis;1787;exact;1808;hgis;1787;1808;1324;dontclip;
JUNEGJLE;Subdelegacion;Villa de Leon;PRNEGJ00;Corregimiento-Intendencia;Guanajuato;1787;exact;1808;hgis;1787;exact;1808;hgis;1787;1808;1325;;
JUGDGDCO;Subdelegacion;Colima;PRNEMI00;Corregimiento-Intendencia;Valladolid;1790;exact;1794;exact;1787;exact;1808;hgis;1790;1794;1326;;
JUNEMIAN;Subdelegacion;Angamacutiro;PRNEMI00;Corregimiento-Intendencia;Valladolid;1790;exact;1805;exact;1787;exact;1808;hgis;1790;1805;1327;;
JUNEMICR;Corregimiento;Charo;PRNEMI00;Corregimiento-Intendencia;Valladolid;1787;arbitrary;1808;hgis;1787;exact;1808;hgis;1787;1808;1328;;
JUNEMICO;Subdelegacion;Cocupao;PRNEMI00;Corregimiento-Intendencia;Valladolid;1788;exact;1806;exact;1787;exact;1808;hgis;1788;1806;1330;;
JUNEMIPU;Subdelegacion;Puruandiro;PRNEMI00;Corregimiento-Intendencia;Valladolid;1792;exact;1808;hgis;1787;exact;1808;hgis;1792;1808;1331;;
JUNEMITI;Subdelegacion;Tiripetio;PRNEMI00;Corregimiento-Intendencia;Valladolid;1788;exact;1808;hgis;1787;exact;1808;hgis;1788;1808;1332;;
JUNEMITB;Subdelegacion;Tacambaro;PRNEMI00;Corregimiento-Intendencia;Valladolid;1788;exact;1808;hgis;1787;exact;1808;hgis;1788;1808;1333;;
JUNEMIPA;Subdelegacion;Patzcuaro;PRNEMI00;Corregimiento-Intendencia;Valladolid;1790;exact;1808;hgis;1787;exact;1808;hgis;1790;1808;1334;;
JUNEMISC;Subdelegacion;Santa Clara;PRNEMI00;Corregimiento-Intendencia;Valladolid;1788;exact;1807;exact;1787;exact;1808;hgis;1788;1807;1335;;
JUNEMIER;Subdelegacion;Erongaricuaro;PRNEMI00;Corregimiento-Intendencia;Valladolid;1788;exact;1806;exact;1787;exact;1808;hgis;1788;1806;1336;;
JUNEMITA;Subdelegacion;Taretan;PRNEMI00;Corregimiento-Intendencia;Valladolid;1787;exact;1808;hgis;1787;exact;1808;hgis;1787;1808;1337;;
JUNEMIUO;Subdelegacion;Urecho;PRNEMI00;Corregimiento-Intendencia;Valladolid;1788;exact;1805;exact;1787;exact;1808;hgis;1788;1805;1338;;
JUNEMIPR;Subdelegacion;Paracho;PRNEMI00;Corregimiento-Intendencia;Valladolid;1791;exact;1808;hgis;1787;exact;1808;hgis;1791;1808;1339;;
JUNEMICL;Subdelegacion;Cuitzeo;PRNEMI00;Corregimiento-Intendencia;Valladolid;1793;exact;1808;hgis;1787;exact;1808;hgis;1793;1808;1340;;
JUNEMIUR;Subdelegacion;Uruapan;PRNEMI00;Corregimiento-Intendencia;Valladolid;1789;exact;1808;hgis;1787;exact;1808;hgis;1789;1808;1341;;
JUNEMITC;Subdelegacion;Apatzingan;PRNEMI00;Corregimiento-Intendencia;Valladolid;1788;exact;1808;hgis;1787;exact;1808;hgis;1788;1808;1343;;
JUNEMICA;Subdelegacion;Caracuaro;PRNEMI00;Corregimiento-Intendencia;Valladolid;1788;exact;1802;not_before;1787;exact;1808;hgis;1788;1802;1345;;
JUNEMIHG;Subdelegacion;Huango;PRNEMI00;Corregimiento-Intendencia;Valladolid;1787;exact;1803;exact;1787;exact;1808;hgis;1787;1803;1346;;
JUNEMIMA;Subdelegacion;Zitacuaro;PRNEMI00;Corregimiento-Intendencia;Valladolid;1790;not_after;1808;hgis;1787;exact;1808;hgis;1790;1808;1348;;
JUNEMITZ;Subdelegacion;Tlazazalca;PRNEMI00;Corregimiento-Intendencia;Valladolid;1788;exact;1808;hgis;1787;exact;1808;hgis;1788;1808;1350;;
JUNEMIJI;Subdelegacion;Jiquilpan;PRNEMI00;Corregimiento-Intendencia;Valladolid;1791;exact;1808;hgis;1787;exact;1808;hgis;1791;1808;1352;;
JUNEMITP;Subdelegacion;Tlalpujahua;PRNEMI00;Corregimiento-Intendencia;Valladolid;1787;exact;1808;hgis;1787;exact;1808;hgis;1787;1808;1354;;
JUNEMIIN;Subdelegacion;Indaparapeo;PRNEMI00;Corregimiento-Intendencia;Valladolid;1787;exact;1800;not_before;1787;exact;1808;hgis;1787;1800;1355;;
JUNEMICD;Subdelegacion;Chucandiro;PRNEMI00;Corregimiento-Intendencia;Valladolid;1788;exact;1803;exact;1787;exact;1808;hgis;1788;1803;1356;;
JCNEOAPP;Partido;Papaloticpac;PRNEMX00;Corregimiento-Intendencia;Mexico;1695;arbitrary;1808;hgis;1787;exact;1808;hgis;1787;1808;1358;;
JUGDGDSY;Alcaldia Mayor;Sayula;PRNEMX00;Corregimiento-Intendencia;Mexico;1615;exact;1788;exact;1787;exact;1808;hgis;1787;1788;1359;;
JUNEMXMA;Subdelegacion;Malinalco;PRNEMX00;Corregimiento-Intendencia;Mexico;1787;exact;1808;hgis;1787;exact;1808;hgis;1787;1808;1360;;
JUNEMXTE;Subdelegacion;Temascaltepec;PRNEMX00;Corregimiento-Intendencia;Mexico;1787;exact;1808;hgis;1787;exact;1808;hgis;1787;1808;1361;;
JUNEMXZP;Subdelegacion;Zacualpan;PRNEMX00;Corregimiento-Intendencia;Mexico;1787;exact;1808;hgis;1787;exact;1808;hgis;1787;1808;1362;;
JUNEMXCL;Subdelegacion;Chilapa;PRNEMX00;Corregimiento-Intendencia;Mexico;1787;exact;1808;hgis;1787;exact;1808;hgis;1787;1808;1363;;
JUNEMXTR;Subdelegacion;Tetela del Rio;PRNEMX00;Corregimiento-Intendencia;Mexico;1787;exact;1808;hgis;1787;exact;1808;hgis;1787;1808;1364;;
JUGDGDCO;Alcaldia Mayor;Colima;PRNEMX00;Corregimiento-Intendencia;Mexico;1531;exact;1789;exact;1787;exact;1808;hgis;1787;1789;1365;;
JUGDGDZA;Alcaldia Mayor;Zapotlan;PRNEMX00;Corregimiento-Intendencia;Mexico;1639;not_after;1791;exact;1787;exact;1808;hgis;1787;1791;1366;;
JUNEMXTA;Subdelegacion;Taxco;PRNEMX00;Corregimiento-Intendencia;Mexico;1787;exact;1808;hgis;1787;exact;1808;hgis;1787;1808;1368;;
JUNEPUHN;Alcaldia Mayor-Subdelegacion;Huauchinango;PRNEMX00;Corregimiento-Intendencia;Mexico;1787;exact;1808;hgis;1787;exact;1808;hgis;1787;1808;1370;;
JUNEOAHT;Partido;Huatulco;PRNEMX00;Corregimiento-Intendencia;Mexico;1742;not_after;1808;hgis;1787;exact;1808;hgis;1787;1808;1379;;
JUNEMXMX;Jurisdiccion;Mexico;PRNEMX00;Corregimiento-Intendencia;Mexico;1787;exact;1808;hgis;1787;exact;1808;hgis;1787;1808;1380;dontclip;
JUNEVCVA;Alcaldia Mayor;Misantla;PRNEMX00;Corregimiento-Intendencia;Mexico;1808;not_after;1808;hgis;1787;exact;1808;hgis;1808;1808;1383;;
JUNEMXCA;Subdelegacion;Cadereyta;PRNEMX00;Corregimiento-Intendencia;Mexico;1787;exact;1808;hgis;1787;exact;1808;hgis;1787;1808;1384;;
JUNEMXIM;Subdelegacion;Ixmiquilpan;PRNEMX00;Corregimiento-Intendencia;Mexico;1787;exact;1808;hgis;1787;exact;1808;hgis;1787;1808;1386;;
JUNEMITZ;Alcaldia Mayor;Tlazazalca;PRNEMX00;Corregimiento-Intendencia;Mexico;1713;arbitrary;1787;exact;1787;exact;1808;hgis;1787;1787;1387;;
JUNEMXEC;Subdelegacion;Ecatepec;PRNEMX00;Corregimiento-Intendencia;Mexico;1787;exact;1808;hgis;1787;exact;1808;hgis;1787;1808;1389;;
JUNEMXZE;Subdelegacion;Zempoala;PRNEMX00;Corregimiento-Intendencia;Mexico;1787;exact;1808;hgis;1787;exact;1808;hgis;1787;1808;1390;;
JUNEMXTG;Subdelegacion;Tulancingo;PRNEMX00;Corregimiento-Intendencia;Mexico;1787;exact;1808;hgis;1787;exact;1808;hgis;1787;1808;1391;;
JUNEMXAP;Subdelegacion;Apa;PRNEMX00;Corregimiento-Intendencia;Mexico;1787;exact;1808;hgis;1787;exact;1808;hgis;1787;1808;1392;;
JUNEMXOT;Subdelegacion;Otumba;PRNEMX00;Corregimiento-Intendencia;Mexico;1787;exact;1808;hgis;1787;exact;1808;hgis;1787;1808;1393;;
JUNEMXTH;Subdelegacion;Teotihuacan;PRNEMX00;Corregimiento-Intendencia;Mexico;1787;exact;1808;hgis;1787;exact;1808;hgis;1787;1808;1394;;
JUNEMXTC;Subdelegacion;Tacuba;PRNEMX00;Corregimiento-Intendencia;Mexico;1787;exact;1808;hgis;1787;exact;1808;hgis;1787;1808;1395;;
JUNEMXMZ;Subdelegacion;Mexicaltzingo;PRNEMX00;Corregimiento-Intendencia;Mexico;1792;not_before;1808;hgis;1787;exact;1808;hgis;1792;1808;1396;;
JUNEMXCO;Subdelegacion;Coatepec;PRNEMX00;Corregimiento-Intendencia;Mexico;1787;exact;1808;hgis;1787;exact;1808;hgis;1787;1808;1397;;
JUNEMICL;Alcaldia Mayor;Cuitzeo;PRNEMX00;Corregimiento-Intendencia;Mexico;1657;not_after;1792;exact;1787;exact;1808;hgis;1787;1792;1398;;
JUNEMXCH;Subdelegacion;Chalco;PRNEMX00;Corregimiento-Intendencia;Mexico;1787;exact;1808;hgis;1787;exact;1808;hgis;1787;1808;1399;;
JUNEMXXO;Subdelegacion;Xochimilco;PRNEMX00;Corregimiento-Intendencia;Mexico;1787;exact;1808;hgis;1787;exact;1808;hgis;1787;1808;1400;;
JUNEMXLE;Subdelegacion;Lerma;PRNEMX00;Corregimiento-Intendencia;Mexico;1787;exact;1808;hgis;1787;exact;1808;hgis;1787;1808;1401;;
JUNEMXTX;Subdelegacion;Texcoco;PRNEMX00;Corregimiento-Intendencia;Mexico;1787;exact;1808;hgis;1787;exact;1808;hgis;1787;1808;1402;;
JUNEMXZM;Subdelegacion;Zumpango;PRNEMX00;Corregimiento-Intendencia;Mexico;1787;exact;1808;hgis;1787;exact;1808;hgis;1787;1808;1404;;
JUNEMXPA;Subdelegacion;Pachuca;PRNEMX00;Corregimiento-Intendencia;Mexico;1787;exact;1808;hgis;1787;exact;1808;hgis;1787;1808;1406;;
JUNEMXAT;Subdelegacion;Actopan;PRNEMX00;Corregimiento-Intendencia;Mexico;1787;exact;1808;hgis;1787;exact;1808;hgis;1787;1808;1407;;
JCNEPUCA;Partido;Calpan;PRNEMX00;Corregimiento-Intendencia;Mexico;1541;ca;1808;hgis;1787;exact;1808;hgis;1787;1808;1408;;
JUNEMXMZ;Corregimiento;Mexicaltzingo;PRNEMX00;Corregimiento-Intendencia;Mexico;1787;exact;1792;not_before;1787;exact;1808;hgis;1787;1792;1409;;
JCNEOATO;Partido;Tonala;PRNEMX00;Corregimiento-Intendencia;Mexico;1689;not_after;1808;hgis;1787;exact;1808;hgis;1787;1808;1412;;
JUNEOACV;Alcaldia mayor;Cuernavaca;PRNEMX00;Corregimiento-Intendencia;Mexico;1787;exact;1808;hgis;1787;exact;1808;hgis;1787;1808;1413;;
JUNEMXTO;Corregimiento;Toluca;PRNEMX00;Corregimiento-Intendencia;Mexico;1787;exact;1808;hgis;1787;exact;1808;hgis;1787;1808;1414;;
JCNEOATC;Partido;Teotitlan del Camino;PRNEMX00;Corregimiento-Intendencia;Mexico;1779;ca;1808;hgis;1787;exact;1808;hgis;1787;1808;1415;;
JUNEOAHL;Corregimiento;Huexolotitlan;PRNEMX00;Corregimiento-Intendencia;Mexico;1769;not_after;1791;not_after;1787;exact;1808;hgis;1787;1791;1416;;
JCNEVCLA;Partido;Los Agualulcos;PRNEMX00;Corregimiento-Intendencia;Mexico;1681;ca;9999;end;1787;exact;1808;hgis;1787;1808;1417;;
JCNEVCTU;Partido;Tuxtla;PRNEMX00;Corregimiento-Intendencia;Mexico;1639;not_after;9999;end;1787;exact;1808;hgis;1787;1808;1418;;
JCNEVCCO;Partido;Cotaxtla;PRNEMX00;Corregimiento-Intendencia;Mexico;1639;not_after;9999;end;1787;exact;1808;hgis;1787;1808;1420;;
JUNEPUIG;Subdelegacion;Igualapa;PRNEMX00;Corregimiento-Intendencia;Mexico;1787;exact;1791;exact;1787;exact;1808;hgis;1787;1791;1421;;
JUNEMXTV;Subdelegacion;Tenango del Valle;PRNEMX00;Corregimiento-Intendencia;Mexico;1787;exact;1808;hgis;1787;exact;1808;hgis;1787;1808;1422;;
JUNEMXMT;Subdelegacion;Metztitlan;PRNEMX00;Corregimiento-Intendencia;Mexico;1787;exact;1808;hgis;1787;exact;1808;hgis;1787;1808;1424;;
JUNEMXCT;Subdelegacion;Cuautla Amilpas;PRNEMX00;Corregimiento-Intendencia;Mexico;1793;exact;1808;hgis;1787;exact;1808;hgis;1793;1808;1425;;
JUNEMXMC;Subdelegacion;Metepec;PRNEMX00;Corregimiento-Intendencia;Mexico;1787;exact;1808;hgis;1787;exact;1808;hgis;1787;1808;1426;;
JUNEMXYA;Subdelegacion;Yahualica;PRNEMX00;Corregimiento-Intendencia;Mexico;1787;exact;1808;hgis;1787;exact;1808;hgis;1787;1808;1427;;
JUNEMXTU;Alcaldia Mayor;Tula;PRNEMX00;Corregimiento-Intendencia;Mexico;1787;exact;1808;hgis;1787;exact;1808;hgis;1787;1808;1428;;
JUNEMXZI;Subdelegacion;Zimapan;PRNEMX00;Corregimiento-Intendencia;Mexico;1787;exact;1808;hgis;1787;exact;1808;hgis;1787;1808;1429;;
JUNEMXQU;Corregimiento;Queretaro;PRNEMX00;Corregimiento-Intendencia;Mexico;1662;not_after;1808;hgis;1787;exact;1808;hgis;1787;1808;1430;;
JUNEMXIH;Subdelegacion;Ixtlahuaca;PRNEMX00;Corregimiento-Intendencia;Mexico;1787;exact;1808;hgis;1787;exact;1808;hgis;1787;1808;1431;;
JUNEMXHU;Subdelegacion;Huichapan;PRNEMX00;Corregimiento-Intendencia;Mexico;1787;exact;1808;hgis;1787;exact;1808;hgis;1787;1808;1432;;
JCNEOACT;Partido;Cuicatlan;SUNE0000;Virreinato;Nueva España;1685;not_before;1808;hgis;1535;exact;1786;exact;1685;1786;1433;;cabecera
JCNEOAPP;Partido;Papaloticpac;SUNE0000;Virreinato;Nueva España;1695;arbitrary;1808;hgis;1535;exact;1786;exact;1695;1786;1434;;cabecera
JCNEOACN;Corregimiento;Cuahuitlan;SUNE0000;Virreinato;Nueva España;1534;ca;1581;ca;1535;exact;1786;exact;1535;1581;1435;;cabecera
JUNEPUHH;Alcaldia Mayor;Huatlatlauca;SUNE0000;Virreinato;Nueva España;1701;not_after;1786;not_after;1535;exact;1786;exact;1701;1786;1436;clip;cabecera
JCNEVCZE;Corregimiento;Zempoala;SUNE0000;Virreinato;Nueva España;1566;not_before;1599;ca;1535;exact;1786;exact;1566;1599;1437;;cabecera
JUNEVCVA;Alcaldia Mayor;La Antigua;SUNE0000;Virreinato;Nueva España;1701;arbitrary;1786;exact;1535;exact;1786;exact;1701;1786;1438;;cabecera
JUGDGDAU;Alcaldia Mayor;Autlan;SUNE0000;Virreinato;Nueva España;1551;not_before;1786;exact;1535;exact;1786;exact;1551;1786;1439;;cabecera
JCNEMXCI;Corregimiento;Citlaltomagua;SUNE0000;Virreinato;Nueva España;1535;ca;1599;not_after;1535;exact;1786;exact;1535;1599;1440;;cabecera
JCNEVCTC;Corregimiento;Tonatico;SUNE0000;Virreinato;Nueva España;1600;ca;1607;not_before;1535;exact;1786;exact;1600;1607;1441;;cabecera
JUNEPUAH;Alcaldia Mayor;Ahuatlan;SUNE0000;Virreinato;Nueva España;1681;ca;1740;ca;1535;exact;1786;exact;1681;1740;1442;;cabecera
JUNEPUSJ;Alcaldia Mayor;San Juan de Los Llanos;SUNE0000;Virreinato;Nueva España;1641;ca;1786;exact;1535;exact;1786;exact;1641;1786;1443;;cabecera
JUGDGDSY;Alcaldia Mayor;Sayula;SUNE0000;Virreinato;Nueva España;1615;exact;1788;exact;1535;exact;1786;exact;1615;1786;1444;;cabecera
JUGDGDET;Alcaldia Mayor;Etzatlan;SUNE0000;Virreinato;Nueva España;1549;not_after;1786;exact;1535;exact;1786;exact;1549;1786;1445;;cabecera
JUNEPUTZ;Alcaldia Mayor;Teziutlan;SUNE0000;Virreinato;Nueva España;1641;ca;1786;exact;1535;exact;1786;exact;1641;1786;1446;;cabecera
JUNEPUTS;Alcaldia Mayor;Tepexi de la Seda;SUNE0000;Virreinato;Nueva España;1665;not_before;1786;exact;1535;exact;1786;exact;1665;1786;1447;;cabecera
JUNEPUTE;Alcaldia Mayor;Teotlalco;SUNE0000;Virreinato;Nueva España;1576;ca;1769;not_after;1535;exact;1786;exact;1576;1769;1448;;cabecera
JUNEPUTO;Corregimiento;Tochimilco;SUNE0000;Virreinato;Nueva España;1600;arbitrary;1786;not_before;1535;exact;1786;exact;1600;1786;1449;;cabecera
JUNEPUTH;Alcaldia Mayor;Tehuacan;SUNE0000;Virreinato;Nueva España;1554;ca;1786;exact;1535;exact;1786;exact;1554;1786;1450;;cabecera
JUNEPUTJ;Alcaldia Mayor;Tetela y Jonotla;SUNE0000;Virreinato;Nueva España;1660;ca;1786;exact;1535;exact;1786;exact;1660;1786;1451;;cabecera
JUNESLVE;Partido;Venado y La Hedionda;SUNE0000;Virreinato;Nueva España;1111;start;1769;not_after;1535;exact;1786;exact;1535;1769;1452;;cabecera
JCNEZPXA;Corregimiento;Xaltepec;SUNE0000;Virreinato;Nueva España;1531;ca;1599;ca;1535;exact;1786;exact;1535;1599;1453;;cabecera
JUNEMXZU;Alcaldia Mayor;Zultepec;SUNE0000;Virreinato;Nueva España;1713;not_after;1750;exact;1535;exact;1786;exact;1713;1750;1454;clip;cabecera
JCNEZTAY;Corregimiento;Ayutla;SUNE0000;Virreinato;Nueva España;1534;exact;1599;ca;1535;exact;1786;exact;1535;1599;1455;;cabecera
JCNEZTAX;Corregimiento;Axalo;SUNE0000;Virreinato;Nueva España;1578;exact;1599;ca;1535;exact;1786;exact;1578;1599;1456;;cabecera
JUNEOATC;Alcaldia Mayor;Teotitlan Del Camino;SUNE0000;Virreinato;Nueva España;1779;arbitrary;1786;exact;1535;exact;1786;exact;1779;1786;1457;;cabecera
JCNEZPTL;Corregimiento;Tlahuitoltepec;SUNE0000;Virreinato;Nueva España;1531;ca;1599;ca;1535;exact;1786;exact;1535;1599;1458;;cabecera
JCNEZPTI;Corregimiento;Tiltepec;SUNE0000;Virreinato;Nueva España;1531;ca;1599;ca;1535;exact;1786;exact;1535;1599;1459;;cabecera
PTNEGJST;Corregimiento;Salvatierra;SUNE0000;Virreinato;Nueva España;1645;exact;1656;not_after;1535;exact;1786;exact;1645;1656;1460;;cabecera
JCNEZPNA;Corregimiento;Nanacatepec;SUNE0000;Virreinato;Nueva España;1531;ca;1599;ca;1535;exact;1786;exact;1535;1599;1461;;cabecera
JUNEPUCT;Alcaldia Mayor;Chiautla;SUNE0000;Virreinato;Nueva España;1566;ca;1786;exact;1535;exact;1786;exact;1566;1786;1462;;cabecera
JUGDGDCO;Alcaldia Mayor;Colima;SUNE0000;Virreinato;Nueva España;1531;exact;1789;exact;1535;exact;1786;exact;1535;1786;1463;;cabecera
JUGDGDZA;Alcaldia Mayor;Zapotlan;SUNE0000;Virreinato;Nueva España;1639;not_after;1791;exact;1535;exact;1786;exact;1639;1786;1465;;cabecera
JUGDGDTU;Alcaldia Mayor;Tuscacuesco;SUNE0000;Virreinato;Nueva España;1571;not_before;1786;exact;1535;exact;1786;exact;1571;1786;1466;;cabecera
JUNEMXAC;Alcaldia Mayor;Acapulco;SUNE0000;Virreinato;Nueva España;1550;exact;1709;ca;1535;exact;1786;exact;1550;1709;1467;;cabecera
JUNEOATP;Alcaldia Mayor;Teposcolula;SUNE0000;Virreinato;Nueva España;1689;ca;1786;exact;1535;exact;1786;exact;1689;1786;1470;;cabecera
JUNEOATZ;Alcaldia Mayor;Teozacoalco;SUNE0000;Virreinato;Nueva España;1680;ca;1786;exact;1535;exact;1786;exact;1680;1786;1471;;cabecera
JUNEOANE;Alcaldia Mayor;Nejapa;SUNE0000;Virreinato;Nueva España;1699;not_after;1786;exact;1535;exact;1786;exact;1699;1786;1474;;cabecera
JUNEOAMI;Alcaldia Mayor;Miahuatlan;SUNE0000;Virreinato;Nueva España;1646;arbitrary;1786;exact;1535;exact;1786;exact;1646;1786;1475;;cabecera
JUNEOAJI;Alcaldia Mayor;Jicayan;SUNE0000;Virreinato;Nueva España;1701;arbitrary;1786;exact;1535;exact;1786;exact;1701;1786;1477;;cabecera
JCNEZPME;Corregimiento;Metepec;SUNE0000;Virreinato;Nueva España;1531;ca;1599;ca;1535;exact;1786;exact;1535;1599;1478;;cabecera
JUNEMXCY;Corregimiento;Coyoacan;SUNE0000;Virreinato;Nueva España;1573;exact;1594;exact;1535;exact;1786;exact;1573;1594;1479;clip;cabecera
JCNEZPIX;Corregimiento;Ixcuintepec;SUNE0000;Virreinato;Nueva España;1531;ca;1599;ca;1535;exact;1786;exact;1535;1599;1483;;cabecera
JUNEOATL;Alcaldia Mayor;Teutila;SUNE0000;Virreinato;Nueva España;1770;ca;1786;exact;1535;exact;1786;exact;1770;1786;1486;;cabecera
JUNEOAHT;Partido;Huatulco;SUNE0000;Virreinato;Nueva España;1742;not_after;1808;hgis;1535;exact;1786;exact;1742;1786;1487;;cabecera
JUNEOAJU;Alcaldia Mayor;Juxtlahuaca;SUNE0000;Virreinato;Nueva España;1690;ca;1786;exact;1535;exact;1786;exact;1690;1786;1488;;cabecera
JUNEPUZM;Corregimiento;Zacatlan;SUNE0000;Virreinato;Nueva España;1733;ca;1786;exact;1535;exact;1786;exact;1733;1786;1489;;cabecera
JUNEPUPU;Alcaldia Mayor;Puebla;SUNE0000;Virreinato;Nueva España;1555;exact;1754;exact;1535;exact;1786;exact;1555;1754;1490;;cabecera
JUNEPUIZ;Alcaldia Mayor;Izucar;SUNE0000;Virreinato;Nueva España;1559;not_before;1786;exact;1535;exact;1786;exact;1559;1786;1491;;cabecera
JUNEPUHZ;Alcaldia Mayor;Huejotzingo;SUNE0000;Virreinato;Nueva España;1646;not_after;1786;exact;1535;exact;1786;exact;1646;1786;1492;;cabecera
JUNEPUHY;Alcaldia Mayor;Huayacocotla;SUNE0000;Virreinato;Nueva España;1626;not_after;1786;exact;1535;exact;1786;exact;1626;1786;1493;;cabecera
JCNEVCCZ;Corregimiento;Chicuazen;SUNE0000;Virreinato;Nueva España;1531;not_before;1565;exact;1535;exact;1786;exact;1535;1565;1494;;cabecera
JUNEPUHN;Alcaldia Mayor;Huauchinango;SUNE0000;Virreinato;Nueva España;1580;ca;1709;ca;1535;exact;1786;exact;1580;1709;1495;;cabecera
JUNEPUCL;Alcaldia Mayor;Cholula;SUNE0000;Virreinato;Nueva España;1646;ca;1786;exact;1535;exact;1786;exact;1646;1786;1496;;cabecera
JUNEOAAN;Corregimiento;Antequera;SUNE0000;Virreinato;Nueva España;1677;exact;1786;exact;1535;exact;1786;exact;1677;1786;1497;;cabecera
JUNEVCXA;Alcaldia Mayor;Xalapa;SUNE0000;Virreinato;Nueva España;1680;ca;1786;exact;1535;exact;1786;exact;1680;1786;1499;;cabecera
JCNEZPQU;Corregimiento;Quezalapa;SUNE0000;Virreinato;Nueva España;1531;ca;1599;ca;1535;exact;1786;exact;1535;1599;1501;;cabecera
JUNEOAZI;Alcaldia Mayor;Zimatlan;SUNE0000;Virreinato;Nueva España;1687;not_after;1786;exact;1535;exact;1786;exact;1687;1786;1504;;cabecera
JCNEZPNE;Corregimiento;Nestepec;SUNE0000;Virreinato;Nueva España;1531;ca;1599;ca;1535;exact;1786;exact;1535;1599;1505;;cabecera
JUNEOAVA;Alcaldia Mayor;Villa Alta;SUNE0000;Virreinato;Nueva España;1600;arbitrary;1786;exact;1535;exact;1786;exact;1600;1786;1506;;cabecera
JUNEOATV;Alcaldia Mayor;Mitla y Tlacolula;SUNE0000;Virreinato;Nueva España;1680;ca;1786;exact;1535;exact;1786;exact;1680;1786;1508;;cabecera
JUNESLVA;Corregimiento;Valles;SUNE0000;Virreinato;Nueva España;1695;ca;1786;exact;1535;exact;1786;exact;1695;1786;1510;;cabecera
JUNEOACT;Alcaldia Mayor;Chinantla y Ucila;SUNE0000;Virreinato;Nueva España;1692;exact;1768;ca;1535;exact;1786;exact;1692;1768;1511;clip;cabecera
JUNEVCPN;Alcaldia Mayor;Panuco;SUNE0000;Virreinato;Nueva España;1600;ca;1786;exact;1535;exact;1786;exact;1600;1786;1512;;cabecera
JUNEGJLE;Alcaldia Mayor;Leon y Zacatula;SUNE0000;Virreinato;Nueva España;1670;ca;1786;exact;1535;exact;1786;exact;1670;1786;1513;;cabecera
JUNEGJGJ;Alcaldia Mayor;Guanajuato;SUNE0000;Virreinato;Nueva España;1559;exact;1786;exact;1535;exact;1786;exact;1559;1786;1514;;cabecera
JUNEGJCE;Alcaldia Mayor;Celaya;SUNE0000;Virreinato;Nueva España;1571;exact;1786;exact;1535;exact;1786;exact;1571;1786;1515;;cabecera
JCNEVCTE;Corregimiento;Tezayuca;SUNE0000;Virreinato;Nueva España;1534;ca;1550;arbitrary;1535;exact;1786;exact;1535;1550;1516;;cabecera
JUNEMXTY;Alcaldia Mayor;Tlayacapa;SUNE0000;Virreinato;Nueva España;1671;not_after;1704;not_after;1535;exact;1786;exact;1671;1704;1518;clip;cabecera
JUNEMIJT;Corregimiento;Teremendo;SUNE0000;Virreinato;Nueva España;1770;ca;1780;not_after;1535;exact;1786;exact;1770;1780;1519;clip;cabecera
JUNEPUTP;Alcaldia Mayor;Tepeaca;SUNE0000;Virreinato;Nueva España;1555;exact;1709;ca;1535;exact;1786;exact;1555;1709;1520;;cabecera
JUNEMXSO;Alcaldia Mayor;Sochicoatlan;SUNE0000;Virreinato;Nueva España;1646;arbitrary;1710;ca;1535;exact;1786;exact;1646;1710;1521;;cabecera
JUNESLGU;Alcaldia Mayor;Guadalcazar;SUNE0000;Virreinato;Nueva España;1742;exact;1786;exact;1535;exact;1786;exact;1742;1786;1522;clip;cabecera
JUNEMXTT;Alcaldia Mayor;Tetela del Volcan;SUNE0000;Virreinato;Nueva España;1784;not_after;1786;exact;1535;exact;1786;exact;1784;1786;1523;clip;cabecera
JUNESLSL;Alcaldia Mayor;San Luis Potosi;SUNE0000;Virreinato;Nueva España;1592;exact;1786;exact;1535;exact;1786;exact;1592;1786;1524;;cabecera
JCNEMXSY;Corregimiento;Sayula;SUNE0000;Virreinato;Nueva España;1551;ca;1599;ca;1535;exact;1786;exact;1551;1599;1526;;cabecera
JUNEVCOR;Alcaldia Mayor;Orizaba;SUNE0000;Virreinato;Nueva España;1640;ca;1786;exact;1535;exact;1786;exact;1640;1786;1527;;cabecera
JUNEMITP;Alcaldia Mayor;Tlalpujahua;SUNE0000;Virreinato;Nueva España;1565;not_after;1786;exact;1535;exact;1786;exact;1565;1786;1529;;cabecera
JUNEMITG;Alcaldia Mayor;Tinguindin;SUNE0000;Virreinato;Nueva España;1720;not_after;1764;not_after;1535;exact;1786;exact;1720;1764;1530;clip;cabecera
JUNEMICH;Alcaldia Mayor;Chilchota;SUNE0000;Virreinato;Nueva España;1713;not_after;1730;not_after;1535;exact;1786;exact;1713;1730;1531;clip;cabecera
JUNEMITZ;Alcaldia Mayor;Tlazazalca;SUNE0000;Virreinato;Nueva España;1713;arbitrary;1787;exact;1535;exact;1786;exact;1713;1786;1532;;cabecera
JUNEMIZA;Alcaldia Mayor;Zamora;SUNE0000;Virreinato;Nueva España;1692;ca;1786;exact;1535;exact;1786;exact;1692;1786;1533;clip;cabecera
JUNEMIMA;Alcaldia Mayor;Maravatio;SUNE0000;Virreinato;Nueva España;1601;not_before;1786;exact;1535;exact;1786;exact;1601;1786;1534;;cabecera
JUNEVCCS;Alcaldia Mayor;Cosamaloapan;SUNE0000;Virreinato;Nueva España;1770;exact;1786;exact;1535;exact;1786;exact;1770;1786;1535;;cabecera
JUNEMICI;Alcaldia Mayor;Cinagua y La Guacana;SUNE0000;Virreinato;Nueva España;1730;not_after;1771;not_after;1535;exact;1786;exact;1730;1771;1536;clip;cabecera
JUNEVCCO;Alcaldia Mayor;Cordoba;SUNE0000;Virreinato;Nueva España;1618;exact;1786;exact;1535;exact;1786;exact;1618;1786;1537;;cabecera
JUNEMIHQ;Alcaldia Mayor;Huaniqueo;SUNE0000;Virreinato;Nueva España;1715;ca;1719;ca;1535;exact;1786;exact;1715;1719;1538;clip;cabecera
JUNEMITC;Alcaldia Mayor;Tancitaro;SUNE0000;Virreinato;Nueva España;1641;arbitrary;1786;exact;1535;exact;1786;exact;1641;1786;1539;;cabecera
JUNEVCPP;Alcaldia Mayor;Papantla;SUNE0000;Virreinato;Nueva España;1633;not_after;1786;exact;1535;exact;1786;exact;1633;1786;1540;;cabecera
JUNEMIMO;Alcaldia Mayor;Motines;SUNE0000;Virreinato;Nueva España;1780;not_after;1786;not_before;1535;exact;1786;exact;1780;1786;1541;clip;cabecera
JUNEMIPA;Jurisdiccion;Michoacan;SUNE0000;Virreinato;Nueva España;1538;exact;1550;exact;1535;exact;1786;exact;1538;1550;1542;;cabecera
JUNEGJSP;Alcaldia Mayor;San Luis de la Paz;SUNE0000;Virreinato;Nueva España;1649;arbitrary;1786;exact;1535;exact;1786;exact;1649;1786;1543;;cabecera
JUNEGJSM;Alcaldia Mayor;San Miguel;SUNE0000;Virreinato;Nueva España;1562;not_before;1786;exact;1535;exact;1786;exact;1562;1786;1544;;cabecera
JUNEVCCZ;Alcaldia Mayor;Acayuca;SUNE0000;Virreinato;Nueva España;1635;ca;1786;exact;1535;exact;1786;exact;1635;1786;1545;;cabecera
JUNEMXTU;Alcaldia Mayor;Tula;SUNE0000;Virreinato;Nueva España;1563;not_after;1709;ca;1535;exact;1786;exact;1563;1709;1546;;cabecera
JCNEMXTC;Corregimiento;Tlacozautitlan;SUNE0000;Virreinato;Nueva España;1561;not_before;1599;ca;1535;exact;1786;exact;1561;1599;1548;;cabecera
JCNEZTCT;Corregimiento;Ciguatlan;SUNE0000;Virreinato;Nueva España;1560;ca;1579;not_after;1535;exact;1786;exact;1560;1579;1549;;cabecera
JCNEZTCG;Corregimiento;Ciguatanejo;SUNE0000;Virreinato;Nueva España;1545;exact;1579;not_after;1535;exact;1786;exact;1545;1579;1550;;cabecera
JCNEZTCY;Corregimiento;Cayaco;SUNE0000;Virreinato;Nueva España;1575;ca;1599;ca;1535;exact;1786;exact;1575;1599;1551;;cabecera
JCNEZTCM;Corregimiento;Ciutla;SUNE0000;Virreinato;Nueva España;1560;ca;1579;not_after;1535;exact;1786;exact;1560;1579;1552;;cabecera
JCNEZTCO;Corregimiento;Coyuca;SUNE0000;Virreinato;Nueva España;1534;exact;1579;not_after;1535;exact;1786;exact;1535;1579;1553;;cabecera
JUNEMICL;Alcaldia Mayor;Cuitzeo;SUNE0000;Virreinato;Nueva España;1657;not_after;1792;exact;1535;exact;1786;exact;1657;1786;1554;;cabecera
JCNEVCZO;Corregimiento;Zongolica;SUNE0000;Virreinato;Nueva España;1531;not_before;1599;ca;1535;exact;1786;exact;1535;1599;1555;;cabecera
JCNEZTCA;Corregimiento;Cacalutla;SUNE0000;Virreinato;Nueva España;1534;exact;1579;not_after;1535;exact;1786;exact;1535;1579;1556;;cabecera
JCNEZTTT;Corregimiento;Texupan;SUNE0000;Virreinato;Nueva España;1534;exact;1599;ca;1535;exact;1786;exact;1535;1599;1557;;cabecera
JUNEMXCT;Alcaldia Mayor;Cuautla Amilpas;SUNE0000;Virreinato;Nueva España;1583;not_before;1786;exact;1535;exact;1786;exact;1583;1786;1558;;cabecera
JUNEMXMI;Alcaldia Mayor;Misquiaguala;SUNE0000;Virreinato;Nueva España;1690;ca;1762;not_after;1535;exact;1786;exact;1690;1762;1559;clip;cabecera
JCNEZTZO;Corregimiento;Zoyatlan;SUNE0000;Virreinato;Nueva España;1568;exact;1599;ca;1535;exact;1786;exact;1568;1599;1560;;cabecera
JUNEMXAQ;Alcaldia Mayor;Atitalaquia;SUNE0000;Virreinato;Nueva España;1720;ca;1757;not_after;1535;exact;1786;exact;1720;1757;1561;clip;cabecera
JCNEZTXI;Corregimiento;Xiguacan;SUNE0000;Virreinato;Nueva España;1544;exact;1579;not_after;1535;exact;1786;exact;1544;1579;1562;;cabecera
JCNEOATI;Corregimiento;Tilantongo;SUNE0000;Virreinato;Nueva España;1566;exact;1688;ca;1535;exact;1786;exact;1566;1688;1563;;cabecera
JCNEZTTE;Corregimiento;Tecomatlan;SUNE0000;Virreinato;Nueva España;1545;exact;1599;ca;1535;exact;1786;exact;1545;1599;1564;;cabecera
JCNEZTPO;Corregimiento;Pochutla;SUNE0000;Virreinato;Nueva España;1560;exact;1599;ca;1535;exact;1786;exact;1560;1599;1565;;cabecera
JCNEZTPE;Corregimiento;Petatlan;SUNE0000;Virreinato;Nueva España;1545;exact;1599;ca;1535;exact;1786;exact;1545;1599;1566;;cabecera
JCNEZTPA;Corregimiento;Pantla;SUNE0000;Virreinato;Nueva España;1534;exact;1599;ca;1535;exact;1786;exact;1535;1599;1567;;cabecera
JCNEZTNE;Corregimiento;Nexpa;SUNE0000;Virreinato;Nueva España;1538;exact;1579;not_after;1535;exact;1786;exact;1538;1579;1568;;cabecera
JCNEZTMX;Corregimiento;Mexcaluacan;SUNE0000;Virreinato;Nueva España;1545;ca;1579;not_after;1535;exact;1786;exact;1545;1579;1569;;cabecera
JCNEZTME;Corregimiento;Mechia;SUNE0000;Virreinato;Nueva España;1550;ca;1599;ca;1535;exact;1786;exact;1550;1599;1570;;cabecera
JCNEZTCU;Corregimiento;Cuacuatlan;SUNE0000;Virreinato;Nueva España;1544;ca;1599;ca;1535;exact;1786;exact;1544;1599;1571;;cabecera
JCNEZTZA;Corregimiento;Zacualpa;SUNE0000;Virreinato;Nueva España;1536;exact;1579;not_after;1535;exact;1786;exact;1536;1579;1572;;cabecera
JCNEMXXU;Corregimiento;Xumiltepec;SUNE0000;Virreinato;Nueva España;1545;exact;1548;exact;1535;exact;1786;exact;1545;1548;1573;;cabecera
JCNEMXAX;Corregimiento;Axacuba;SUNE0000;Virreinato;Nueva España;1531;ca;1542;exact;1535;exact;1786;exact;1535;1542;1574;;cabecera
JCNEMXTL;Corregimiento;Tlanalapa;SUNE0000;Virreinato;Nueva España;1545;exact;1550;not_before;1535;exact;1786;exact;1545;1550;1575;;cabecera
JCNEPUCA;Partido;Calpan;SUNE0000;Virreinato;Nueva España;1541;ca;1808;hgis;1535;exact;1786;exact;1541;1786;1576;;cabecera
JCNEOAPP;Alcaldia Mayor;Papaloticpac;SUNE0000;Virreinato;Nueva España;1646;ca;1695;arbitrary;1535;exact;1786;exact;1646;1695;1577;;cabecera
JCNEZPLA;Corregimiento;Lalana;SUNE0000;Virreinato;Nueva España;1531;ca;1599;ca;1535;exact;1786;exact;1535;1599;1578;;cabecera
JCNEOATT;Corregimiento;Tetipac;SUNE0000;Virreinato;Nueva España;1531;exact;1598;exact;1535;exact;1786;exact;1535;1598;1579;;cabecera
JCNEOACC;Alcaldia Mayor;Chichicapa;SUNE0000;Virreinato;Nueva España;1599;exact;1686;not_after;1535;exact;1786;exact;1599;1686;1580;;cabecera
JCNEOATQ;Corregimiento;Tetiquipa;SUNE0000;Virreinato;Nueva España;1559;not_after;1598;exact;1535;exact;1786;exact;1559;1598;1581;;cabecera
JCNEOACZ;Corregimiento;Cozautepec;SUNE0000;Virreinato;Nueva España;1535;exact;1558;not_after;1535;exact;1786;exact;1535;1558;1582;;cabecera
JCNEMXOC;Corregimiento;Ocuituco;SUNE0000;Virreinato;Nueva España;1570;exact;1599;not_after;1535;exact;1786;exact;1570;1599;1583;clip;cabecera
JCNEPUXI;Corregimiento;Xicotepec;SUNE0000;Virreinato;Nueva España;1531;exact;1564;not_after;1535;exact;1786;exact;1535;1564;1585;;cabecera
JCNEOAPO;Corregimiento;Pochutla;SUNE0000;Virreinato;Nueva España;1551;ca;1599;arbitrary;1535;exact;1786;exact;1551;1599;1586;clip;cabecera
JCNEOASU;Corregimiento;Pochutla;SUNE0000;Virreinato;Nueva España;1531;exact;1599;ca;1535;exact;1786;exact;1535;1599;1587;;cabecera
JCNEMXTZ;Corregimiento;Tepotzotlan;SUNE0000;Virreinato;Nueva España;1566;exact;1580;arbitrary;1535;exact;1786;exact;1566;1580;1588;clip;cabecera
JCNEOAGP;Corregimiento;Guapanapa;SUNE0000;Virreinato;Nueva España;1531;not_before;1536;exact;1535;exact;1786;exact;1535;1536;1589;;cabecera
JCNEOAGP;Corregimiento;Guapanapa;SUNE0000;Virreinato;Nueva España;1544;exact;1599;not_before;1535;exact;1786;exact;1544;1599;1590;;cabecera
JCNEOATO;Partido;Tonala;SUNE0000;Virreinato;Nueva España;1689;not_after;1808;hgis;1535;exact;1786;exact;1689;1786;1591;;cabecera
JCNEOATU;Corregimiento;Tuctla;SUNE0000;Virreinato;Nueva España;1531;not_before;1554;exact;1535;exact;1786;exact;1535;1554;1592;;cabecera
JCNEOAOZ;Corregimiento;Ozelotepec;SUNE0000;Virreinato;Nueva España;1549;not_after;1558;not_after;1535;exact;1786;exact;1549;1558;1593;;cabecera
JCNEMXTQ;Corregimiento;Tlahuililpa;SUNE0000;Virreinato;Nueva España;1531;ca;1607;not_before;1535;exact;1786;exact;1535;1607;1594;;cabecera
JCNEMXYE;Corregimiento;Yetecomac y Tornacustla;SUNE0000;Virreinato;Nueva España;1591;not_after;1599;exact;1535;exact;1786;exact;1591;1599;1595;;cabecera
JUNEOAYA;Alcaldia Mayor;Yanhuitlan;SUNE0000;Virreinato;Nueva España;1553;not_before;1688;ca;1535;exact;1786;exact;1553;1688;1596;;cabecera
JCNEOATX;Corregimiento;Texupa;SUNE0000;Virreinato;Nueva España;1534;not_after;1599;not_before;1535;exact;1786;exact;1535;1599;1597;;cabecera
JCPATATE;Corregimiento;Tecuinche;SUNE0000;Virreinato;Nueva España;1545;not_after;1599;ca;1535;exact;1786;exact;1545;1599;1598;;cabecera
JCNEOACU;Corregimiento;Cuestlahuaca;SUNE0000;Virreinato;Nueva España;1534;not_after;1599;ca;1535;exact;1786;exact;1535;1599;1599;;cabecera
JCPATAMN;Corregimiento;Tamoin;SUNE0000;Virreinato;Nueva España;1543;not_after;1599;ca;1535;exact;1786;exact;1543;1599;1600;;cabecera
JCNEMXAS;Corregimiento;Asuchitlan;SUNE0000;Virreinato;Nueva España;1533;exact;1599;ca;1535;exact;1786;exact;1535;1599;1601;;cabecera
JCPATAMI;Corregimiento;Tamintla;SUNE0000;Virreinato;Nueva España;1548;not_after;1599;ca;1535;exact;1786;exact;1548;1599;1602;;cabecera
PTNEGJAC;Jurisdiccion;Acambaro;SUNE0000;Virreinato;Nueva España;1560;not_after;1570;exact;1535;exact;1786;exact;1560;1570;1603;;cabecera
JUNEOACV;Alcaldia mayor;Cuernavaca;SUNE0000;Virreinato;Nueva España;1707;exact;1725;ca;1535;exact;1786;exact;1707;1725;1604;;cabecera
JUNEOACV;Alcaldia mayor;Cuernavaca;SUNE0000;Virreinato;Nueva España;1570;exact;1594;ca;1535;exact;1786;exact;1570;1594;1606;;cabecera
JUNEOAJM;Corregimiento;Jalapa Del Marques;SUNE0000;Virreinato;Nueva España;1570;exact;1594;ca;1535;exact;1786;exact;1570;1594;1607;;cabecera
JCNEOAUC;Corregimiento;Ucila;SUNE0000;Virreinato;Nueva España;1534;exact;1599;ca;1535;exact;1786;exact;1535;1599;1608;;cabecera
JUNEOAJM;Corregimiento;Jalapa Del Marques;SUNE0000;Virreinato;Nueva España;1707;exact;1725;ca;1535;exact;1786;exact;1707;1725;1609;;cabecera
JCNEOAAY;Corregimiento;Ayautla;SUNE0000;Virreinato;Nueva España;1534;exact;1599;ca;1535;exact;1786;exact;1535;1599;1610;;cabecera
JUNEOACV;Alcaldia Mayor;Cuatro Villas;SUNE0000;Virreinato;Nueva España;1570;exact;1594;ca;1535;exact;1786;exact;1570;1594;1611;;cabecera
JCNEOATC;Partido;Teotitlan del Camino;SUNE0000;Virreinato;Nueva España;1779;ca;1808;hgis;1535;exact;1786;exact;1779;1786;1612;;cabecera
JUNEOACV;Alcaldia Mayor;Cuatro Villas;SUNE0000;Virreinato;Nueva España;1707;exact;1725;ca;1535;exact;1786;exact;1707;1725;1613;;cabecera
JCNEOATE;Corregimiento;Tecomabaca;SUNE0000;Virreinato;Nueva España;1531;exact;1630;exact;1535;exact;1786;exact;1535;1630;1614;;cabecera
JUNEOATT;Alcaldia Mayor;Tehuantepec;SUNE0000;Virreinato;Nueva España;1707;exact;1725;ca;1535;exact;1786;exact;1707;1725;1615;;cabecera
JCNEOATH;Corregimiento;Tlahuitaltepec;SUNE0000;Virreinato;Nueva España;1553;arbitrary;1599;ca;1535;exact;1786;exact;1553;1599;1617;;cabecera
JUNEOAHL;Corregimiento;Huexolotitlan;SUNE0000;Virreinato;Nueva España;1769;not_after;1791;not_after;1535;exact;1786;exact;1769;1786;1618;;cabecera
JUNEOAHM;Alcaldia Mayor;Huatulco y Huamelula;SUNE0000;Virreinato;Nueva España;1742;not_after;1786;exact;1535;exact;1786;exact;1742;1786;1619;;cabecera
JCNEPUEP;Corregimiento;Epatlan;SUNE0000;Virreinato;Nueva España;1534;not_after;1601;ca;1535;exact;1786;exact;1535;1601;1620;;cabecera
JCNEMXXI;Corregimiento;Xiquipilco;SUNE0000;Virreinato;Nueva España;1534;not_after;1553;not_before;1535;exact;1786;exact;1535;1553;1621;;cabecera
JCNEMXMH;Corregimiento;Mixquic;SUNE0000;Virreinato;Nueva España;1531;not_after;1553;not_before;1535;exact;1786;exact;1535;1553;1622;;cabecera
PTNEOAMT;Corregimiento;Mitla y Tlacolula;SUNE0000;Virreinato;Nueva España;1600;arbitrary;1679;ca;1535;exact;1786;exact;1600;1679;1623;;cabecera
JCNEOACO;Corregimiento;Coatlan e Ixpaltepec;SUNE0000;Virreinato;Nueva España;1553;arbitrary;1599;ca;1535;exact;1786;exact;1553;1599;1624;;cabecera
JCNEOACH;Corregimiento;Chimaltepec;SUNE0000;Virreinato;Nueva España;1553;arbitrary;1599;ca;1535;exact;1786;exact;1553;1599;1625;;cabecera
JCNEOAMC;Corregimiento;Malacatepec y Camotlan;SUNE0000;Virreinato;Nueva España;1553;arbitrary;1599;ca;1535;exact;1786;exact;1553;1599;1626;;cabecera
JCNEOAPH;Corregimiento;Peñol de Huelamos;SUNE0000;Virreinato;Nueva España;1534;ca;1599;ca;1535;exact;1786;exact;1535;1599;1627;;cabecera
JCNEOACI;Corregimiento;Cilacayoapa;SUNE0000;Virreinato;Nueva España;1570;not_before;1578;exact;1535;exact;1786;exact;1570;1578;1628;;cabecera
JCNEOATZ;Corregimiento;Tizatepec;SUNE0000;Virreinato;Nueva España;1553;arbitrary;1599;ca;1535;exact;1786;exact;1553;1599;1629;;cabecera
JCNEVCLA;Partido;Los Agualulcos;SUNE0000;Virreinato;Nueva España;1681;ca;9999;end;1535;exact;1786;exact;1681;1786;1630;;cabecera
JCNEOATL;Corregimiento;Tlapacaltepec;SUNE0000;Virreinato;Nueva España;1534;ca;1599;ca;1535;exact;1786;exact;1535;1599;1631;;cabecera
JUNEOANO;Alcaldia Mayor;Nochixtlan;SUNE0000;Virreinato;Nueva España;1771;not_after;1786;exact;1535;exact;1786;exact;1771;1786;1633;;cabecera
JCPAACEC;Corregimiento;Acececa;SUNE0000;Virreinato;Nueva España;1545;not_after;1599;ca;1535;exact;1786;exact;1545;1599;1634;;cabecera
JCPACUZC;Corregimiento;Cuzcatlan;SUNE0000;Virreinato;Nueva España;1536;not_after;1599;ca;1535;exact;1786;exact;1536;1599;1635;;cabecera
JCPACHTA;Corregimiento;Chachapala;SUNE0000;Virreinato;Nueva España;1545;not_after;1599;ca;1535;exact;1786;exact;1545;1599;1636;;cabecera
JCPAGUAX;Corregimiento;Guaxutla;SUNE0000;Virreinato;Nueva España;1548;not_after;1599;ca;1535;exact;1786;exact;1548;1599;1637;;cabecera
JCPANANA;Corregimiento;Nanaguautla;SUNE0000;Virreinato;Nueva España;1545;not_after;1599;ca;1535;exact;1786;exact;1545;1599;1638;;cabecera
JUNESLCH;Alcaldia Mayor;Ramos;SUNE0000;Virreinato;Nueva España;1611;ca;1663;exact;1535;exact;1786;exact;1611;1663;1639;;cabecera
JCPANETU;Corregimiento;Nexpa y Tauzan;SUNE0000;Virreinato;Nueva España;1555;not_after;1599;ca;1535;exact;1786;exact;1555;1599;1640;;cabecera
JCNEOAQU;Corregimiento;Quiabecuza;SUNE0000;Virreinato;Nueva España;1553;arbitrary;1599;ca;1535;exact;1786;exact;1553;1599;1641;;cabecera
JUNEMXTO;Alcaldia Mayor*;Toluca;SUNE0000;Virreinato;Nueva España;1714;not_before;1724;not_after;1535;exact;1786;exact;1714;1724;1642;;cabecera
JCNEMXTT;Corregimiento;Asuchitlan;SUNE0000;Virreinato;Nueva España;1531;exact;1599;ca;1535;exact;1786;exact;1535;1599;1643;;cabecera
JCNEVCTU;Partido;Tuxtla;SUNE0000;Virreinato;Nueva España;1639;not_after;9999;end;1535;exact;1786;exact;1639;1786;1644;;cabecera
JUNEVCVE;Corregimiento;Veracruz;SUNE0000;Virreinato;Nueva España;1600;arbitrary;1730;exact;1535;exact;1786;exact;1600;1730;1645;;cabecera
JCNEVCAG;Corregimiento;Aguataco;SUNE0000;Virreinato;Nueva España;1545;exact;1599;ca;1535;exact;1786;exact;1545;1599;1646;;cabecera
JCNEVCCO;Alcaldia Mayor;Cotaxtla;SUNE0000;Virreinato;Nueva España;1595;exact;1608;not_after;1535;exact;1786;exact;1595;1608;1647;;cabecera
JCNEVCHU;Corregimiento;Hueytlan;SUNE0000;Virreinato;Nueva España;1551;not_before;1599;ca;1535;exact;1786;exact;1551;1599;1648;;cabecera
JCNEVCMZ;Corregimiento;Miahuatlan;SUNE0000;Virreinato;Nueva España;1551;not_before;1599;ca;1535;exact;1786;exact;1551;1599;1649;;cabecera
JUNEMIJI;Alcaldia Mayor;Jiquilpan;SUNE0000;Virreinato;Nueva España;1720;not_after;1786;exact;1535;exact;1786;exact;1720;1786;1651;;cabecera
JUNEMITX;Alcaldia Mayor;Taximaroa;SUNE0000;Virreinato;Nueva España;1718;not_after;1723;not_before;1535;exact;1786;exact;1718;1723;1652;clip;cabecera
JMNEMXTT;Corregimiento;Teloloapa;SUNE0000;Virreinato;Nueva España;1531;exact;1579;exact;1535;exact;1786;exact;1535;1579;1653;;cabecera
JCNEVCCO;Partido;Cotaxtla;SUNE0000;Virreinato;Nueva España;1639;not_after;9999;end;1535;exact;1786;exact;1639;1786;1654;;cabecera
JCNEMXIS;Alcaldia Mayor;Iscateupan;SUNE0000;Virreinato;Nueva España;1681;ca;1786;not_after;1535;exact;1786;exact;1681;1786;1655;clip;cabecera
JCNEMXZI;Corregimiento;Zinguiluca;SUNE0000;Virreinato;Nueva España;1575;not_after;1653;not_after;1535;exact;1786;exact;1575;1653;1656;;cabecera
JCPATMHP;Corregimiento;Tamaholipa;SUNE0000;Virreinato;Nueva España;1547;not_after;1599;ca;1535;exact;1786;exact;1547;1599;1657;;cabecera
JCPATTATA;Corregimiento;Tamahol;SUNE0000;Virreinato;Nueva España;1545;not_after;1599;ca;1535;exact;1786;exact;1545;1599;1658;;cabecera
JCPAPICI;Corregimiento;Piastla y Ciguala;SUNE0000;Virreinato;Nueva España;1548;not_after;1599;ca;1535;exact;1786;exact;1548;1599;1659;;cabecera
JCNEVCTA;Corregimiento;Tapalan;SUNE0000;Virreinato;Nueva España;1551;not_before;1599;ca;1535;exact;1786;exact;1551;1599;1660;;cabecera
JCNEVCZA;Corregimiento;Zacualpa;SUNE0000;Virreinato;Nueva España;1558;not_before;1599;ca;1535;exact;1786;exact;1558;1599;1661;;cabecera
JCNEVCCH;Partido;Chicuitlan;SUNE0000;Virreinato;Nueva España;1600;ca;1680;ca;1535;exact;1786;exact;1600;1680;1662;;cabecera
JCNEVCTO;Partido;Tonala;SUNE0000;Virreinato;Nueva España;1600;ca;1680;ca;1535;exact;1786;exact;1600;1680;1663;;cabecera
JCNEVCAT;Partido;Ataco;SUNE0000;Virreinato;Nueva España;1600;ca;1680;ca;1535;exact;1786;exact;1600;1680;1664;;cabecera
JCNEVCTQ;Corregimiento;Taquilapas;SUNE0000;Virreinato;Nueva España;1558;not_before;1599;ca;1535;exact;1786;exact;1558;1599;1665;;cabecera
JCNEOACT;Alcaldia Mayor;Cuicatlan;SUNE0000;Virreinato;Nueva España;1674;not_after;1695;not_before;1535;exact;1786;exact;1674;1695;1666;;cabecera
JUNEOAMA;Alcaldia Mayor;Macuilsuchil;SUNE0000;Virreinato;Nueva España;1680;ca;1755;not_after;1535;exact;1786;exact;1680;1755;1667;clip;cabecera
JCPATANC;Corregimiento;Tancuiname;SUNE0000;Virreinato;Nueva España;1545;not_after;1599;ca;1535;exact;1786;exact;1545;1599;1668;;cabecera
JUNEMXTO;Alcaldia Mayor;Toluca;SUNE0000;Virreinato;Nueva España;1592;exact;1596;exact;1535;exact;1786;exact;1592;1596;1669;;cabecera
JCNEZPGU;Corregimiento;Guaticamones;SUNE0000;Virreinato;Nueva España;1531;ca;1599;ca;1535;exact;1786;exact;1535;1599;1670;;cabecera
JUNETLTL;Alcaldia Mayor;Tlaxcala;SUNE0000;Virreinato;Nueva España;1555;exact;1586;exact;1535;exact;1786;exact;1555;1586;1671;;cabecera
JCNEVCPA;Corregimiento;Tlapacoya;SUNE0000;Virreinato;Nueva España;1534;exact;1550;not_before;1535;exact;1786;exact;1535;1550;1672;;cabecera
JUNEMXIH;Alcaldia Mayor;Valle de Matalcingo;SUNE0000;Virreinato;Nueva España;1542;exact;1554;exact;1535;exact;1786;exact;1542;1554;1673;;cabecera
JCNEPUCU;Corregimiento;Cuzcatlan;SUNE0000;Virreinato;Nueva España;1534;exact;1645;ca;1535;exact;1786;exact;1535;1645;1674;;cabecera
JCNEMXHU;Corregimiento;Huitzitzilapa;SUNE0000;Virreinato;Nueva España;1570;ca;1599;not_after;1535;exact;1786;exact;1570;1599;1675;clip;cabecera
JUNEMXQU;Corregimiento;Queretaro;SUNE0000;Virreinato;Nueva España;1662;not_after;1808;hgis;1535;exact;1786;exact;1662;1786;1677;;cabecera
JUNEOAHP;Alcaldia Mayor;Huajuapan;SUNE0000;Virreinato;Nueva España;1631;ca;1786;exact;1535;exact;1786;exact;1631;1786;1678;;cabecera
JUNEPUAT;Alcaldia Mayor;Atlixco;SUNE0000;Virreinato;Nueva España;1579;exact;1709;ca;1535;exact;1786;exact;1579;1709;1680;;cabecera
JUNEMXIG;Alcaldia Mayor;Iguala;SUNE0000;Virreinato;Nueva España;1651;ca;1775;not_after;1535;exact;1786;exact;1651;1775;1681;;cabecera
JCNEMXOS;Corregimiento;Ostotipac;SUNE0000;Virreinato;Nueva España;1545;exact;1555;ca;1535;exact;1786;exact;1545;1555;1682;;cabecera
JCPATNHZ;Corregimiento;Tanhuiz;SUNE0000;Virreinato;Nueva España;1565;not_after;1599;ca;1535;exact;1786;exact;1565;1599;1683;;cabecera
JCNEMXAT;Alcaldia Mayor;Atlatlauca del Valle;SUNE0000;Virreinato;Nueva España;1645;ca;1669;not_before;1535;exact;1786;exact;1645;1669;1684;;cabecera
JCNEPUNO;Corregimiento;Nopaluca;SUNE0000;Virreinato;Nueva España;1555;not_after;1599;ca;1535;exact;1786;exact;1555;1599;1685;;cabecera
JUNEOAIX;Alcaldia Mayor;Ixtepeji;SUNE0000;Virreinato;Nueva España;1669;not_after;1709;ca;1535;exact;1786;exact;1669;1709;1686;;cabecera
JCNEVCCE;Corregimiento;Cetusco;SUNE0000;Virreinato;Nueva España;1533;ca;1569;not_after;1535;exact;1786;exact;1535;1569;1687;;cabecera
JCNEOAAM;Corregimiento;Amoltepec;SUNE0000;Virreinato;Nueva España;1545;exact;1579;not_after;1535;exact;1786;exact;1545;1579;1688;;cabecera
JUNEPUPU;Jurisdiccion;Puebla;SUNE0000;Virreinato;Nueva España;1538;exact;1549;exact;1535;exact;1786;exact;1538;1549;1689;;cabecera
JCPAXOCU;Corregimiento;Xocutla;SUNE0000;Virreinato;Nueva España;1545;not_after;1599;ca;1535;exact;1786;exact;1545;1599;1690;;cabecera
JCPAXILI;Corregimiento;Xilitla;SUNE0000;Virreinato;Nueva España;1536;not_after;1590;exact;1535;exact;1786;exact;1536;1590;1691;;cabecera
JCPATLAC;Corregimiento;Tlacolula;SUNE0000;Virreinato;Nueva España;1545;not_after;1599;ca;1535;exact;1786;exact;1545;1599;1692;;cabecera
JCNEOAGU;Corregimiento;Guautla;SUNE0000;Virreinato;Nueva España;1563;ca;1599;ca;1535;exact;1786;exact;1563;1599;1693;;cabecera
JCNEZPHH;Corregimiento;Hueycatepec;SUNE0000;Virreinato;Nueva España;1531;ca;1599;ca;1535;exact;1786;exact;1535;1599;1694;;cabecera
JCPATEMP;Corregimiento;Tempoal;SUNE0000;Virreinato;Nueva España;1564;not_after;1599;ca;1535;exact;1786;exact;1564;1599;1695;;cabecera
JCNEPUZO;Corregimiento;Zoquitlan;SUNE0000;Virreinato;Nueva España;1545;exact;1599;ca;1535;exact;1786;exact;1545;1599;1696;;cabecera
PMNEOATO;Corregimiento;Teocuicuilco;SUNE0000;Virreinato;Nueva España;1600;arbitrary;1679;not_after;1535;exact;1786;exact;1600;1679;1697;;cabecera
JCNEMXZA;Corregimiento;Zayula;SUNE0000;Virreinato;Nueva España;1551;ca;1599;ca;1535;exact;1786;exact;1551;1599;1698;;cabecera
JCNEPUTU;Corregimiento;Tustepec;SUNE0000;Virreinato;Nueva España;1542;exact;1673;not_after;1535;exact;1786;exact;1542;1673;1699;;cabecera
JCNEVCTL;Alcaldia Mayor;Tlacotalpa;SUNE0000;Virreinato;Nueva España;1595;exact;1610;not_before;1535;exact;1786;exact;1595;1610;1700;;cabecera
JCNEOATP;Corregimiento;Tepetotutla;SUNE0000;Virreinato;Nueva España;1580;ca;1599;not_after;1535;exact;1786;exact;1580;1599;1701;;cabecera
JCPATAHU;Corregimiento;Tanchinamol;SUNE0000;Virreinato;Nueva España;1545;not_after;1599;ca;1535;exact;1786;exact;1545;1599;1702;;cabecera
JCNEOAZO;Corregimiento;Zoyaltepec;SUNE0000;Virreinato;Nueva España;1560;not_after;1599;ca;1535;exact;1786;exact;1560;1599;1703;;cabecera
JCNEOAPC;Corregimiento;Puctla;SUNE0000;Virreinato;Nueva España;1569;not_after;1579;not_before;1535;exact;1786;exact;1569;1579;1704;;cabecera
JCPATAME;Corregimiento;Tanchoy;SUNE0000;Virreinato;Nueva España;1545;not_after;1599;ca;1535;exact;1786;exact;1545;1599;1705;;cabecera
JCNEMXTE;Corregimiento;Tustepec;SUNE0000;Virreinato;Nueva España;1545;exact;1576;not_before;1535;exact;1786;exact;1545;1576;1706;;cabecera
JCNEZTAR;Corregimiento;Arimao;SUNE0000;Virreinato;Nueva España;1531;not_before;1559;not_after;1535;exact;1786;exact;1535;1559;1708;;cabecera
JUNESLVE;Partido;Venado y La Hedionda;PRNEMX00;Provincia;Nueva España;1111;start;1769;not_after;1519;exact;1528;exact;1519;1528;1709;;
JUNEVCPN;Jurisdiccion;Panuco;PRNEMX00;Provincia;Nueva España;1522;exact;1526;exact;1519;exact;1528;exact;1522;1526;1717;;
PRGUCY00;Provincia;Honduras;PRNEMX00;Provincia;Nueva España;1525;exact;1525;exact;1519;exact;1528;exact;1525;1525;1718;clip;
JUNEOATT;Jurisdiccion;Tehuantepec;PRNEMX00;Provincia;Nueva España;1526;ca;1528;exact;1519;exact;1528;exact;1526;1528;1719;;
JCNEOACN;Corregimiento;Cuahuitlan;PRNEMX00;Gobernacion-Capitania General;Nueva España;1534;ca;1581;ca;1529;exact;1534;exact;1534;1534;1721;;
JUNESLVE;Partido;Venado y La Hedionda;PRNEMX00;Gobernacion-Capitania General;Nueva España;1111;start;1769;not_after;1529;exact;1534;exact;1529;1534;1722;;
JCNEZPXA;Corregimiento;Xaltepec;PRNEMX00;Gobernacion-Capitania General;Nueva España;1531;ca;1599;ca;1529;exact;1534;exact;1531;1534;1723;;
JCNEZTAY;Corregimiento;Ayutla;PRNEMX00;Gobernacion-Capitania General;Nueva España;1534;exact;1599;ca;1529;exact;1534;exact;1534;1534;1724;;
JCNEZPTL;Corregimiento;Tlahuitoltepec;PRNEMX00;Gobernacion-Capitania General;Nueva España;1531;ca;1599;ca;1529;exact;1534;exact;1531;1534;1725;;
JCNEZPTI;Corregimiento;Tiltepec;PRNEMX00;Gobernacion-Capitania General;Nueva España;1531;ca;1599;ca;1529;exact;1534;exact;1531;1534;1726;;
JCNEZPNA;Corregimiento;Nanacatepec;PRNEMX00;Gobernacion-Capitania General;Nueva España;1531;ca;1599;ca;1529;exact;1534;exact;1531;1534;1727;;
JUGDGDCO;Alcaldia Mayor;Colima;PRNEMX00;Gobernacion-Capitania General;Nueva España;1531;exact;1789;exact;1529;exact;1534;exact;1531;1534;1728;;
JCNEZPME;Corregimiento;Metepec;PRNEMX00;Gobernacion-Capitania General;Nueva España;1531;ca;1599;ca;1529;exact;1534;exact;1531;1534;1733;;
JCNEZPIX;Corregimiento;Ixcuintepec;PRNEMX00;Gobernacion-Capitania General;Nueva España;1531;ca;1599;ca;1529;exact;1534;exact;1531;1534;1736;;
JCNEVCCZ;Corregimiento;Chicuazen;PRNEMX00;Gobernacion-Capitania General;Nueva España;1531;not_before;1565;exact;1529;exact;1534;exact;1531;1534;1738;;
JCNEZPQU;Corregimiento;Quezalapa;PRNEMX00;Gobernacion-Capitania General;Nueva España;1531;ca;1599;ca;1529;exact;1534;exact;1531;1534;1739;;
JCNEZPNE;Corregimiento;Nestepec;PRNEMX00;Gobernacion-Capitania General;Nueva España;1531;ca;1599;ca;1529;exact;1534;exact;1531;1534;1740;;
JCNEVCTE;Corregimiento;Tezayuca;PRNEMX00;Gobernacion-Capitania General;Nueva España;1534;ca;1550;arbitrary;1529;exact;1534;exact;1534;1534;1741;;
JCNEZTCO;Corregimiento;Coyuca;PRNEMX00;Gobernacion-Capitania General;Nueva España;1534;exact;1579;not_after;1529;exact;1534;exact;1534;1534;1744;;
JCNEVCZO;Corregimiento;Zongolica;PRNEMX00;Gobernacion-Capitania General;Nueva España;1531;not_before;1599;ca;1529;exact;1534;exact;1531;1534;1745;;
JCNEZTCA;Corregimiento;Cacalutla;PRNEMX00;Gobernacion-Capitania General;Nueva España;1534;exact;1579;not_after;1529;exact;1534;exact;1534;1534;1746;;
JCNEZTTT;Corregimiento;Texupan;PRNEMX00;Gobernacion-Capitania General;Nueva España;1534;exact;1599;ca;1529;exact;1534;exact;1534;1534;1747;;
JCNEZTPA;Corregimiento;Pantla;PRNEMX00;Gobernacion-Capitania General;Nueva España;1534;exact;1599;ca;1529;exact;1534;exact;1534;1534;1748;;
JCNEMXAX;Corregimiento;Axacuba;PRNEMX00;Gobernacion-Capitania General;Nueva España;1531;ca;1542;exact;1529;exact;1534;exact;1531;1534;1749;;
JCNEZPLA;Corregimiento;Lalana;PRNEMX00;Gobernacion-Capitania General;Nueva España;1531;ca;1599;ca;1529;exact;1534;exact;1531;1534;1750;;
JCNEOATT;Corregimiento;Tetipac;PRNEMX00;Gobernacion-Capitania General;Nueva España;1531;exact;1598;exact;1529;exact;1534;exact;1531;1534;1751;;
JCNEPUXI;Corregimiento;Xicotepec;PRNEMX00;Gobernacion-Capitania General;Nueva España;1531;exact;1564;not_after;1529;exact;1534;exact;1531;1534;1753;;
JCNEOASU;Corregimiento;Pochutla;PRNEMX00;Gobernacion-Capitania General;Nueva España;1531;exact;1599;ca;1529;exact;1534;exact;1531;1534;1754;;
JCNEOAGP;Corregimiento;Guapanapa;PRNEMX00;Gobernacion-Capitania General;Nueva España;1531;not_before;1536;exact;1529;exact;1534;exact;1531;1534;1755;;
JCNEOATU;Corregimiento;Tuctla;PRNEMX00;Gobernacion-Capitania General;Nueva España;1531;not_before;1554;exact;1529;exact;1534;exact;1531;1534;1756;;
JCNEMXTQ;Corregimiento;Tlahuililpa;PRNEMX00;Gobernacion-Capitania General;Nueva España;1531;ca;1607;not_before;1529;exact;1534;exact;1531;1534;1757;;
JCNEOATX;Corregimiento;Texupa;PRNEMX00;Gobernacion-Capitania General;Nueva España;1534;not_after;1599;not_before;1529;exact;1534;exact;1534;1534;1758;;
JCNEOACU;Corregimiento;Cuestlahuaca;PRNEMX00;Gobernacion-Capitania General;Nueva España;1534;not_after;1599;ca;1529;exact;1534;exact;1534;1534;1759;;
JCNEMXAS;Corregimiento;Asuchitlan;PRNEMX00;Gobernacion-Capitania General;Nueva España;1533;exact;1599;ca;1529;exact;1534;exact;1533;1534;1760;;
JCNEOAUC;Corregimiento;Ucila;PRNEMX00;Gobernacion-Capitania General;Nueva España;1534;exact;1599;ca;1529;exact;1534;exact;1534;1534;1761;;
JCNEOAAY;Corregimiento;Ayautla;PRNEMX00;Gobernacion-Capitania General;Nueva España;1534;exact;1599;ca;1529;exact;1534;exact;1534;1534;1762;;
JCNEOATE;Corregimiento;Tecomabaca;PRNEMX00;Gobernacion-Capitania General;Nueva España;1531;exact;1630;exact;1529;exact;1534;exact;1531;1534;1763;;
JCNEPUEP;Corregimiento;Epatlan;PRNEMX00;Gobernacion-Capitania General;Nueva España;1534;not_after;1601;ca;1529;exact;1534;exact;1534;1534;1764;;
JCNEMXXI;Corregimiento;Xiquipilco;PRNEMX00;Gobernacion-Capitania General;Nueva España;1534;not_after;1553;not_before;1529;exact;1534;exact;1534;1534;1765;;
JCNEMXMH;Corregimiento;Mixquic;PRNEMX00;Gobernacion-Capitania General;Nueva España;1531;not_after;1553;not_before;1529;exact;1534;exact;1531;1534;1766;;
JCNEOAPH;Corregimiento;Peñol de Huelamos;PRNEMX00;Gobernacion-Capitania General;Nueva España;1534;ca;1599;ca;1529;exact;1534;exact;1534;1534;1767;;
JCNEOATL;Corregimiento;Tlapacaltepec;PRNEMX00;Gobernacion-Capitania General;Nueva España;1534;ca;1599;ca;1529;exact;1534;exact;1534;1534;1768;;
JCNEMXTT;Corregimiento;Asuchitlan;PRNEMX00;Gobernacion-Capitania General;Nueva España;1531;exact;1599;ca;1529;exact;1534;exact;1531;1534;1769;;
JMNEMXTT;Corregimiento;Teloloapa;PRNEMX00;Gobernacion-Capitania General;Nueva España;1531;exact;1579;exact;1529;exact;1534;exact;1531;1534;1770;;
PRGDGD00;Gobernacion;Nueva Galicia;PRNEMX00;Gobernacion-Capitania General;Nueva España;1531;exact;1534;exact;1529;exact;1534;exact;1531;1534;1771;;
JCNEZPGU;Corregimiento;Guaticamones;PRNEMX00;Gobernacion-Capitania General;Nueva España;1531;ca;1599;ca;1529;exact;1534;exact;1531;1534;1772;;
JCNEVCPA;Corregimiento;Tlapacoya;PRNEMX00;Gobernacion-Capitania General;Nueva España;1534;exact;1550;not_before;1529;exact;1534;exact;1534;1534;1773;;
JCNEPUCU;Corregimiento;Cuzcatlan;PRNEMX00;Gobernacion-Capitania General;Nueva España;1534;exact;1645;ca;1529;exact;1534;exact;1534;1534;1774;;
JCNEVCCE;Corregimiento;Cetusco;PRNEMX00;Gobernacion-Capitania General;Nueva España;1533;ca;1569;not_after;1529;exact;1534;exact;1533;1534;1775;;
JCNEZPHH;Corregimiento;Hueycatepec;PRNEMX00;Gobernacion-Capitania General;Nueva España;1531;ca;1599;ca;1529;exact;1534;exact;1531;1534;1776;;
JCNEZTAR;Corregimiento;Arimao;PRNEMX00;Gobernacion-Capitania General;Nueva España;1531;not_before;1559;not_after;1529;exact;1534;exact;1531;1534;1777;;
JUNEOATT;Subdelegacion;Tehuantepec;PRNEOA00;Corregimiento-Intendencia;Oaxaca;1787;exact;1808;hgis;1787;exact;1808;hgis;1787;1808;1778;;
JUNEOACV;Alcaldia Mayor;Cuatro Villas;PRNEOA00;Corregimiento-Intendencia;Oaxaca;1787;exact;1808;hgis;1787;exact;1808;hgis;1787;1808;1779;;
JUNEOATP;Subdelegacion;Teposcolula;PRNEOA00;Corregimiento-Intendencia;Oaxaca;1787;exact;1808;hgis;1787;exact;1808;hgis;1787;1808;1780;;
JUNEOAVA;Subdelegacion;Villa Alta;PRNEOA00;Corregimiento-Intendencia;Oaxaca;1787;exact;1808;hgis;1787;exact;1808;hgis;1787;1808;1781;;
JUNEOAZI;Subdelegacion;Zimatlan;PRNEOA00;Corregimiento-Intendencia;Oaxaca;1787;exact;1808;hgis;1787;exact;1808;hgis;1787;1808;1782;;
JUNEOACM;Subdelegacion;Chontales;PRNEOA00;Corregimiento-Intendencia;Oaxaca;1793;exact;1808;hgis;1787;exact;1808;hgis;1793;1808;1783;;
JUNEOAIX;Alcaldia Mayor;Ixtepeji;PRNEOA00;Corregimiento-Intendencia;Oaxaca;1787;exact;1808;hgis;1787;exact;1808;hgis;1787;1808;1784;;
JUNEOAHP;Subdelegacion;Huajuapan;PRNEOA00;Corregimiento-Intendencia;Oaxaca;1787;exact;1808;hgis;1787;exact;1808;hgis;1787;1808;1785;;
JUNEOAHM;Subdelegacion;Huamelula;PRNEOA00;Corregimiento-Intendencia;Oaxaca;1795;not_after;1808;hgis;1787;exact;1808;hgis;1795;1808;1786;;
JUNEOAAN;Corregimiento;Antequera;PRNEOA00;Corregimiento-Intendencia;Oaxaca;1787;exact;1808;hgis;1787;exact;1808;hgis;1787;1808;1787;dontclip;
JUNEOAJI;Subdelegacion;Jamiltepec;PRNEOA00;Corregimiento-Intendencia;Oaxaca;1787;exact;1808;hgis;1787;exact;1808;hgis;1787;1808;1788;;
JUNEOAHL;Subdelegacion;Huexolotitlan;PRNEOA00;Corregimiento-Intendencia;Oaxaca;1792;not_before;1808;hgis;1787;exact;1808;hgis;1792;1808;1789;;
JUNEOAJU;Subdelegacion;Juxtlahuaca;PRNEOA00;Corregimiento-Intendencia;Oaxaca;1794;not_after;1808;hgis;1787;exact;1808;hgis;1794;1808;1790;;
JUNEOAMI;Subdelegacion;Miahuatlan;PRNEOA00;Corregimiento-Intendencia;Oaxaca;1787;exact;1808;hgis;1787;exact;1808;hgis;1787;1808;1791;;
JUNEOANE;Subdelegacion;Nejapa;PRNEOA00;Corregimiento-Intendencia;Oaxaca;1787;exact;1808;hgis;1787;exact;1808;hgis;1787;1808;1792;;
JUNEOANO;Subdelegacion;Nochixtlan;PRNEOA00;Corregimiento-Intendencia;Oaxaca;1787;exact;1808;hgis;1787;exact;1808;hgis;1787;1808;1793;;
JUNEOATZ;Subdelegacion;Teozacoalco;PRNEOA00;Corregimiento-Intendencia;Oaxaca;1787;exact;1808;hgis;1787;exact;1808;hgis;1787;1808;1794;;
JUNEOATL;Subdelegacion;Teutila;PRNEOA00;Corregimiento-Intendencia;Oaxaca;1787;exact;1808;hgis;1787;exact;1808;hgis;1787;1808;1795;;
JUNEOAJM;Corregimiento;Jalapa Del Marques;PRNEOA00;Corregimiento-Intendencia;Oaxaca;1787;exact;1808;hgis;1787;exact;1808;hgis;1787;1808;1796;;
JUNEOATC;Subdelegacion;Teotitlan Del Camino;PRNEOA00;Corregimiento-Intendencia;Oaxaca;1787;exact;1808;hgis;1787;exact;1808;hgis;1787;1808;1797;;
JUNEOATV;Subdelegacion;Teotitlan Del Valle;PRNEOA00;Corregimiento-Intendencia;Oaxaca;1787;exact;1808;hgis;1787;exact;1808;hgis;1787;1808;1798;;
JUNEPUAM;Subdelegacion;Amozoc;PRNEPU00;Gobernacion-Intendencia;Puebla;1787;not_before;1808;hgis;1787;exact;1808;hgis;1787;1808;1799;;
JUNEPUIG;Subdelegacion;Igualapa;PRNEPU00;Gobernacion-Intendencia;Puebla;1792;exact;1808;hgis;1787;exact;1808;hgis;1792;1808;1800;;
JUNEPUHZ;Subdelegacion;Huejotzingo;PRNEPU00;Gobernacion-Intendencia;Puebla;1787;exact;1808;hgis;1787;exact;1808;hgis;1787;1808;1801;;
JUNEPUZM;Subdelegacion;Zacatlan;PRNEPU00;Gobernacion-Intendencia;Puebla;1787;exact;1808;hgis;1787;exact;1808;hgis;1787;1808;1802;;
JUNEPUIZ;Subdelegacion;Izucar;PRNEPU00;Gobernacion-Intendencia;Puebla;1787;exact;1808;hgis;1787;exact;1808;hgis;1787;1808;1803;;
JUNEPUHY;Subdelegacion;Huayacocotla;PRNEPU00;Gobernacion-Intendencia;Puebla;1787;exact;1808;hgis;1787;exact;1808;hgis;1787;1808;1804;;
PTNEPUPU;Partido;Puebla;PRNEPU00;Gobernacion-Intendencia;Puebla;1787;exact;1808;hgis;1787;exact;1808;hgis;1787;1808;1805;dontclip;
JUNEPUCT;Subdelegacion;Chiautla;PRNEPU00;Gobernacion-Intendencia;Puebla;1787;exact;1808;hgis;1787;exact;1808;hgis;1787;1808;1806;;
JUNEPUCL;Subdelegacion;Cholula;PRNEPU00;Gobernacion-Intendencia;Puebla;1787;exact;1808;hgis;1787;exact;1808;hgis;1787;1808;1807;;
JUNEPUTZ;Subdelegacion;Teziutlan;PRNEPU00;Gobernacion-Intendencia;Puebla;1787;exact;1808;hgis;1787;exact;1808;hgis;1787;1808;1811;;
JUNEPUSJ;Subdelegacion;San Juan de Los Llanos;PRNEPU00;Gobernacion-Intendencia;Puebla;1787;exact;1808;hgis;1787;exact;1808;hgis;1787;1808;1812;;
JUNEPUAT;Alcaldia Mayor;Atlixco;PRNEPU00;Gobernacion-Intendencia;Puebla;1787;exact;1808;hgis;1787;exact;1808;hgis;1787;1808;1813;;
JUNEPUTP;Subdelegacion;Tepeaca;PRNEPU00;Gobernacion-Intendencia;Puebla;1787;exact;1808;hgis;1787;exact;1808;hgis;1787;1808;1814;;
JUNEPUTO;Subdelegacion;Tochimilco;PRNEPU00;Gobernacion-Intendencia;Puebla;1791;not_after;1808;hgis;1787;exact;1808;hgis;1791;1808;1815;;
JUNEPUTS;Subdelegacion;Tepexi de la Seda;PRNEPU00;Gobernacion-Intendencia;Puebla;1787;exact;1808;hgis;1787;exact;1808;hgis;1787;1808;1816;;
JUNEPUTM;Subdelegacion;Totomehuacan;PRNEPU00;Gobernacion-Intendencia;Puebla;1787;not_before;1808;hgis;1787;exact;1808;hgis;1787;1808;1817;;
JUNEPUTH;Subdelegacion;Tehuacan;PRNEPU00;Gobernacion-Intendencia;Puebla;1787;exact;1808;hgis;1787;exact;1808;hgis;1787;1808;1818;;
JUNEPUTJ;Subdelegacion;Tetela y Jonotla;PRNEPU00;Gobernacion-Intendencia;Puebla;1787;exact;1808;hgis;1787;exact;1808;hgis;1787;1808;1819;;
JUNEMXCT;Subdelegacion;Cuautla Amilpas;PRNEPU00;Gobernacion-Intendencia;Puebla;1787;exact;1792;exact;1787;exact;1808;hgis;1787;1792;1820;;
JUNEPUPU;Partido;Puebla;PRNEPU00;Gobernacion-Intendencia;Puebla;1787;exact;1808;hgis;1787;exact;1808;hgis;1787;1808;1822;dontclip;
PRGDCO00;Gobernacion;Coahuila;PRNESL00;Corregimiento-Intendencia;San Luis Potosi;1787;exact;1808;hgis;1787;exact;1808;hgis;1787;1808;1823;;
JUNESLPB;Subdelegacion;Salinas;PRNESL00;Corregimiento-Intendencia;San Luis Potosi;1787;exact;1808;hgis;1787;exact;1808;hgis;1787;1808;1824;;
JUNESLVA;Subdelegacion;Valles;PRNESL00;Corregimiento-Intendencia;San Luis Potosi;1787;exact;1808;hgis;1787;exact;1808;hgis;1787;1808;1825;;
JUNESLCH;Subdelegacion;Charcas;PRNESL00;Corregimiento-Intendencia;San Luis Potosi;1787;exact;1808;hgis;1787;exact;1808;hgis;1787;1808;1826;;
PRGDNL00;Gobernacion;Nuevo Leon;PRNESL00;Corregimiento-Intendencia;San Luis Potosi;1787;exact;1808;hgis;1787;exact;1808;hgis;1787;1808;1827;;
JUNESLRV;Subdelegacion;Rio Verde;PRNESL00;Corregimiento-Intendencia;San Luis Potosi;1787;exact;1808;hgis;1787;exact;1808;hgis;1787;1808;1828;;
JUNESLSL;Subdelegacion;San Luis Potosi;PRNESL00;Corregimiento-Intendencia;San Luis Potosi;1787;exact;1808;hgis;1787;exact;1808;hgis;1787;1808;1829;;
JUNESLSM;Subdelegacion;Santa Maria del Rio;PRNESL00;Corregimiento-Intendencia;San Luis Potosi;1787;exact;1808;hgis;1787;exact;1808;hgis;1787;1808;1830;;
JUNESLVS;Subdelegacion;Valle de San Francisco;PRNESL00;Corregimiento-Intendencia;San Luis Potosi;1787;exact;1791;exact;1787;exact;1808;hgis;1787;1791;1831;;
PRGDNS00;Gobernacion;Nuevo Santander;PRNESL00;Corregimiento-Intendencia;San Luis Potosi;1787;exact;1808;hgis;1787;exact;1808;hgis;1787;1808;1832;;
JUNESLCA;Subdelegacion;Catorze;PRNESL00;Corregimiento-Intendencia;San Luis Potosi;1787;exact;1791;not_before;1787;exact;1808;hgis;1787;1791;1834;;
JUNESLVE;Subdelegacion;Venado;PRNESL00;Corregimiento-Intendencia;San Luis Potosi;1787;exact;1808;hgis;1787;exact;1808;hgis;1787;1808;1835;;
JUNESLCA;Subdelegacion;Catorze;PRNESL00;Corregimiento-Intendencia;San Luis Potosi;1802;not_after;1808;hgis;1787;exact;1808;hgis;1802;1808;1836;;
JUNEVCPN;Subdelegacion;Panuco;PRNEVC00;Gobernacion-Intendencia;Veracruz;1787;exact;1808;hgis;1787;exact;1808;hgis;1787;1808;1837;;
JUNEVCCS;Subdelegacion;Cosamaloapan;PRNEVC00;Gobernacion-Intendencia;Veracruz;1787;exact;1808;hgis;1787;exact;1808;hgis;1787;1808;1838;;
JUNEVCOR;Subdelegacion;Orizaba;PRNEVC00;Gobernacion-Intendencia;Veracruz;1787;exact;1808;hgis;1787;exact;1808;hgis;1787;1808;1839;;
JUNEVCXA;Subdelegacion;Xalapa;PRNEVC00;Gobernacion-Intendencia;Veracruz;1787;exact;1808;hgis;1787;exact;1808;hgis;1787;1808;1840;;
JUNEVCCO;Subdelegacion;Cordoba;PRNEVC00;Gobernacion-Intendencia;Veracruz;1787;exact;1808;hgis;1787;exact;1808;hgis;1787;1808;1841;;
JUNEVCCZ;Subdelegacion;Acayuca;PRNEVC00;Gobernacion-Intendencia;Veracruz;1787;exact;1808;hgis;1787;exact;1808;hgis;1787;1808;1842;;
JUNEVCPP;Subdelegacion;Papantla;PRNEVC00;Gobernacion-Intendencia;Veracruz;1787;exact;1808;hgis;1787;exact;1808;hgis;1787;1808;1844;;
JUNEVCVE;Gobernacion;Veracruz;PRNEVC00;Gobernacion-Intendencia;Veracruz;1787;exact;1808;hgis;1787;exact;1808;hgis;1787;1808;1845;dontclip;
JUNEVCVA;Subdelegacion;La Antigua;PRNEVC00;Gobernacion-Intendencia;Veracruz;1787;exact;1807;not_after;1787;exact;1808;hgis;1787;1807;1846;;
JUNEVCMI;Subdelegacion;Misantla;PRNEVC00;Gobernacion-Intendencia;Veracruz;1803;not_after;1807;not_after;1787;exact;1808;hgis;1803;1807;1847;;
PTNEYUCC;Partido;Chancenote;PRNEYU00;Provincia;Yucatan;1111;start;1808;hgis;1539;ca;1545;exact;1539;1545;1848;;agregado
PTNEYUCC;Partido;Chancenote;PRNEYU00;Alcaldia Mayor;Yucatan;1111;start;1808;hgis;1546;exact;1564;exact;1546;1564;1849;;
JUNEYURA;Corregimiento;Campeche;PRNEYU00;Alcaldia Mayor;Yucatan;1548;not_afer;1550;not_before;1546;exact;1564;exact;1548;1550;1850;;
JUNETBTB;Alcaldia Mayor;Tabasco;PRNEYU00;Alcaldia Mayor;Yucatan;1546;ca;1582;not_after;1546;exact;1564;exact;1546;1564;1851;dontclip;
JUNEYULC;Subdelegacion;La Costa;PRNEYU00;Gobernacion-Capitania General-Intendencia;Merida;1787;exact;1808;hgis;1787;exact;1808;hgis;1787;1808;1852;;
JUNEYUCA;Subdelegacion;Campeche;PRNEYU00;Gobernacion-Capitania General-Intendencia;Merida;1787;exact;1808;hgis;1787;exact;1808;hgis;1787;1808;1853;;
JUNEYULS;Subdelegacion;Sierra Alta;PRNEYU00;Gobernacion-Capitania General-Intendencia;Merida;1802;ca;1808;hgis;1787;exact;1808;hgis;1802;1808;1854;;
JUNEYUBO;Subdelegacion;Bolonchencauich;PRNEYU00;Gobernacion-Capitania General-Intendencia;Merida;1787;exact;1808;hgis;1787;exact;1808;hgis;1787;1808;1855;;
JUNEYURA;Subdelegacion;Camino Real Alto;PRNEYU00;Gobernacion-Capitania General-Intendencia;Merida;1787;exact;1808;hgis;1787;exact;1808;hgis;1787;1808;1856;;
JUNEBEBE;Colonia inglesa;Belice;PRNEYU00;Gobernacion-Capitania General-Intendencia;Merida;1763;exact;1797;exact;1787;exact;1808;hgis;1787;1797;1857;;
JUNEYUBA;Subdelegacion;Tihosuco;PRNEYU00;Gobernacion-Capitania General-Intendencia;Merida;1787;exact;1808;hgis;1787;exact;1808;hgis;1787;1808;1858;;
JUNEYUVA;Subdelegacion;Valladolid;PRNEYU00;Gobernacion-Capitania General-Intendencia;Merida;1787;exact;1808;hgis;1787;exact;1808;hgis;1787;1808;1859;;
PTNEYUCC;Partido;Chancenote;PRNEYU00;Gobernacion-Capitania General-Intendencia;Merida;1111;start;1808;hgis;1787;exact;1808;hgis;1787;1808;1860;;
JUNEYUTI;Subdelegacion;Tizimin;PRNEYU00;Gobernacion-Capitania General-Intendencia;Merida;1787;exact;1808;hgis;1787;exact;1808;hgis;1787;1808;1861;;
JUNECNCA;Gobernacion;Carmen;PRNEYU00;Gobernacion-Capitania General-Intendencia;Merida;1787;exact;1808;hgis;1787;exact;1808;hgis;1787;1808;1862;;
JUNEYUSA;Subdelegacion;Sahcabchen;PRNEYU00;Gobernacion-Capitania General-Intendencia;Merida;1787;exact;1808;hgis;1787;exact;1808;hgis;1787;1808;1863;;
JUNEYURB;Subdelegacion;Hunucma;PRNEYU00;Gobernacion-Capitania General-Intendencia;Merida;1787;exact;1808;hgis;1787;exact;1808;hgis;1787;1808;1864;;
JUNEYUBB;Subdelegacion;Sotuta;PRNEYU00;Gobernacion-Capitania General-Intendencia;Merida;1787;exact;1808;hgis;1787;exact;1808;hgis;1787;1808;1865;;
JUNEYUSB;Subdelegacion;Sierra Baja;PRNEYU00;Gobernacion-Capitania General-Intendencia;Merida;1802;ca;1808;hgis;1787;exact;1808;hgis;1802;1808;1866;;
JUNEYUME;Jurisdiccion;Merida;PRNEYU00;Gobernacion-Capitania General-Intendencia;Merida;1787;exact;1808;hgis;1787;exact;1808;hgis;1787;1808;1867;dontclip;
JUNEYUBC;Gobernacion;Bacalar;PRNEYU00;Gobernacion-Capitania General-Intendencia;Merida;1787;exact;1808;hgis;1787;exact;1808;hgis;1787;1808;1868;;
JUNEBEBE;Colonia inglesa;Belice;PRNEYU00;Gobernacion-Capitania General;Yucatan;1763;exact;1797;exact;1565;exact;1786;exact;1763;1786;1870;;
PTNEYUCC;Partido;Chancenote;PRNEYU00;Gobernacion-Capitania General;Yucatan;1111;start;1808;hgis;1565;exact;1786;exact;1565;1786;1871;;
JUNEYULS;Corregimiento;Mani;PRNEYU00;Gobernacion-Capitania General;Yucatan;1571;exact;1583;not_before;1565;exact;1786;exact;1571;1583;1872;;
JUNETBTB;Alcaldia Mayor;Tabasco;PRNEYU00;Gobernacion-Capitania General;Yucatan;1546;ca;1582;not_after;1565;exact;1786;exact;1565;1582;1873;dontclip;
JUNGANAN;Jurisdiccion;Antioquia;PRNGAN00;Tenencia de gobierno;Antioquia;1546;exact;1808;hgis;1546;exact;1568;exact;1546;1568;1874;dontclip;
JMNGANSB;Capitania a Guerra;San Bartolome;PRNGAN00;Gobernacion;Antioquia;1789;not_after;1808;hgis;1569;exact;1808;hgis;1789;1808;1875;;
PTNGANYO;Capitania a Guerra;Yolombo;PRNGAN00;Gobernacion;Antioquia;1773;exact;1808;hgis;1569;exact;1808;hgis;1773;1808;1876;;
JUNGANAN;Jurisdiccion;Antioquia;PRNGAN00;Gobernacion;Antioquia;1546;exact;1808;hgis;1569;exact;1808;hgis;1569;1808;1877;dontclip;
JUNGANCA;Jurisdiccion;Caceres;PRNGAN00;Gobernacion;Antioquia;1576;exact;1808;hgis;1569;exact;1808;hgis;1576;1808;1878;;
JUNGANSR;Tenencia de gobierno;Los Osos;PRNGAN00;Gobernacion;Antioquia;1787;ca;1808;hgis;1569;exact;1808;hgis;1787;1808;1879;;
JUNGANAR;Jurisdiccion;Rionegro;PRNGAN00;Gobernacion;Antioquia;1793;ca;1808;hgis;1569;exact;1808;hgis;1793;1808;1880;;
JMNGANSA;Capitania a Guerra;San Andres de Cauca;PRNGAN00;Gobernacion;Antioquia;1789;not_after;1808;hgis;1569;exact;1808;hgis;1789;1808;1881;;
JUNGANRE;Capitania a Guerra;Remedios;PRNGAN00;Gobernacion;Antioquia;1789;not_after;1808;hgis;1569;exact;1808;hgis;1789;1808;1882;;
JUNGANMA;Jurisdiccion;Marinilla;PRNGAN00;Gobernacion;Antioquia;1790;exact;1808;hgis;1569;exact;1808;hgis;1790;1808;1883;;
JUNGANZA;Capitania a guerra;Zaragoza;PRNGAN00;Gobernacion;Antioquia;1713;not_before;1808;hgis;1569;exact;1808;hgis;1713;1808;1884;;
JUNGCAAY;Jurisdiccion-Capitania a guerra;Ayapel;PRNGAN00;Gobernacion;Antioquia;1701;hgis;1808;hgis;1569;exact;1808;hgis;1701;1808;1885;;
JUNGANME;Jurisdiccion;Medellin;PRNGAN00;Gobernacion;Antioquia;1616;not_before;1808;hgis;1569;exact;1808;hgis;1616;1808;1886;;
PTNGCASJ;Partido;Rio San Jorge;PRNGCA00;Provincia;Nueva Andalucia;1111;start;9999;end;1514;exact;1532;exact;1514;1532;1888;;
PTNGCABA;Corregimiento;Turbana;PRNGCA00;Provincia;Nueva Andalucia;1111;start;1758;not_after;1514;exact;1532;exact;1514;1532;1889;;
JUGUGUIS;Gobernacion;Isla de San Andres;PRNGCA00;Gobernacion-Comandancia General;Cartagena;1804;exact;1808;hgis;1740;ca;1808;hgis;1804;1808;1890;;
JUNGCASI;Capitania a guerra;Simiti;PRNGCA00;Gobernacion-Comandancia General;Cartagena;1537;exact;1808;hgis;1740;ca;1808;hgis;1740;1808;1891;;
JUNGCACA;Jurisdiccion;Cartagena;PRNGCA00;Gobernacion-Comandancia General;Cartagena;1533;exact;1808;hgis;1740;ca;1808;hgis;1740;1808;1892;dontclip;
PTNGCAMH;Capitania a Guerra (JM);Mahates;PRNGCA00;Gobernacion-Comandancia General;Cartagena;1742;ca;1808;hgis;1740;ca;1808;hgis;1742;1808;1893;;
PTNGCALO;Capitania a Guerra (JM);Rio Sinu;PRNGCA00;Gobernacion-Comandancia General;Cartagena;1789;not_after;1808;hgis;1740;ca;1808;hgis;1789;1808;1894;;
PMGUGUIS;Partido;isla de San Andres;PRNGCA00;Gobernacion-Comandancia General;Cartagena;1804;exact;1808;hgis;1740;ca;1808;hgis;1804;1808;1895;;
JUNGCAMO;Tenencia de gobierno;Mompox;PRNGCA00;Gobernacion-Comandancia General;Cartagena;1794;not_after;1808;hgis;1740;ca;1808;hgis;1794;1808;1896;;
JUNGCATO;Jurisdiccion;Tolu;PRNGCA00;Gobernacion-Comandancia General;Cartagena;1748;not_after;1808;hgis;1740;ca;1808;hgis;1748;1808;1897;;
PTNGCAMG;Capitania a Guerra (JM);Magangue;PRNGCA00;Gobernacion-Comandancia General;Cartagena;1794;not_after;1808;hgis;1740;ca;1808;hgis;1794;1808;1898;;
PTNGCALB;Capitania a Guerra (JM);Loba;PRNGCA00;Gobernacion-Comandancia General;Cartagena;1789;not_after;1808;hgis;1740;ca;1808;hgis;1789;1808;1899;;
PTNGCAST;Partido;Tolu y Sabanas;PRNGCA00;Gobernacion-Comandancia General;Cartagena;1778;exact;1808;hgis;1740;ca;1808;hgis;1778;1808;1900;;
PMNGCALC;Capitania a Guerra;La Cruz;PRNGCA00;Gobernacion-Comandancia General;Cartagena;1634;not_before;1773;exact;1740;ca;1808;hgis;1740;1773;1901;;
PTNGCAMJ;Capitania a Guerra (JM);Majagual;PRNGCA00;Gobernacion-Comandancia General;Cartagena;1789;not_after;1808;hgis;1740;ca;1808;hgis;1789;1808;1902;;
PMNGSMZT;Corregimiento;Zambrano y Teton;PRNGCA00;Gobernacion-Comandancia General;Cartagena;1742;ca;1808;hgis;1740;ca;1808;hgis;1742;1808;1903;;
PTNGCAMA;Capitania a Guerra;Montañas Altas;PRNGCA00;Gobernacion-Comandancia General;Cartagena;1794;not_after;1808;hgis;1740;ca;1808;hgis;1794;1808;1904;;
PTNGCAMB;Capitania a Guerra;Montañas Bajas;PRNGCA00;Gobernacion-Comandancia General;Cartagena;1794;not_after;1808;hgis;1740;ca;1808;hgis;1794;1808;1905;;
PTNGCATA;Capitania a guerra;Tierradentro;PRNGCA00;Gobernacion-Comandancia General;Cartagena;1790;not_before;1808;hgis;1740;ca;1808;hgis;1790;1808;1906;;
PTNGCASJ;Partido;Rio San Jorge;PRNGCA00;Gobernacion-Comandancia General;Cartagena;1111;start;9999;end;1740;ca;1808;hgis;1740;1808;1907;;
JMNGCASB;Republica;El Palenque;PRNGCA00;Gobernacion-Comandancia General;Cartagena;1713;ca;1808;hgis;1740;ca;1808;hgis;1740;1808;1908;;
PMNGCAST;Capitania a Guerra;Santo Tomas;PRNGCA00;Gobernacion-Comandancia General;Cartagena;1772;not_after;1775;arbitrary;1740;ca;1808;hgis;1772;1775;1909;;
PMNGCAST;Capitania a Guerra;Santo Tomas;PRNGCA00;Gobernacion-Comandancia General;Cartagena;1794;not_after;1808;hgis;1740;ca;1808;hgis;1794;1808;1910;;
PTNGCABR;Capitania a Guerra (JM);Barranca;PRNGCA00;Gobernacion-Comandancia General;Cartagena;1766;not_after;1808;hgis;1740;ca;1808;hgis;1766;1808;1911;;
PTNGCABA;Corregimiento;Turbana;PRNGCA00;Gobernacion-Comandancia General;Cartagena;1111;start;1758;not_after;1740;ca;1808;hgis;1740;1758;1912;;
PTNGCACO;Capitania a Guerra;Corozal;PRNGCA00;Gobernacion-Comandancia General;Cartagena;1779;exact;1808;hgis;1740;ca;1808;hgis;1779;1808;1913;;
JUNGCASI;Capitania a guerra;Simiti;PRNGCA00;Gobernacion-Capitania General;Cartagena;1537;exact;1808;hgis;1533;exact;1739;ca;1537;1739;1914;;
JUNGCACA;Jurisdiccion;Cartagena;PRNGCA00;Gobernacion-Capitania General;Cartagena;1533;exact;1808;hgis;1533;exact;1739;ca;1533;1739;1915;dontclip;
PMNGCALC;Capitania a Guerra;La Cruz;PRNGCA00;Gobernacion-Capitania General;Cartagena;1634;not_before;1773;exact;1533;exact;1739;ca;1634;1739;1916;;
PTNGCASJ;Partido;Rio San Jorge;PRNGCA00;Gobernacion-Capitania General;Cartagena;1111;start;9999;end;1533;exact;1739;ca;1533;1739;1917;;
JMNGCASB;Republica;El Palenque;PRNGCA00;Gobernacion-Capitania General;Cartagena;1713;ca;1808;hgis;1533;exact;1739;ca;1713;1739;1918;;
PTNGCABA;Corregimiento;Turbana;PRNGCA00;Gobernacion-Capitania General;Cartagena;1111;start;1758;not_after;1533;exact;1739;ca;1533;1739;1919;;
PTNGCAMB;Jurisdiccion;Maria;PRNGCA00;Gobernacion-Capitania General;Cartagena;1535;exact;1609;not_after;1533;exact;1739;ca;1535;1609;1920;;
PTNGCASJ;Partido;Rio San Jorge;PRNGCA00;Gobernacion;Nueva Andalucia;1111;start;9999;end;1508;exact;1513;exact;1508;1513;1921;;
PTNGCABA;Corregimiento;Turbana;PRNGCA00;Gobernacion;Nueva Andalucia;1111;start;1758;not_after;1508;exact;1513;exact;1508;1513;1922;;
FRNGCHCH;Fronteras;Chocoes;PRNGCH00;Provincia;Rio de San Juan;1111;start;1808;hgis;1540;ca;1574;ca;1540;1574;1923;;
JUNGCHCI;Tenencia de gobierno;Citara;PRNGCH00;Tenencia general;Choco;1687;exact;1808;hgis;1687;not_before;1725;exact;1687;1725;1924;;
FRNGCHCH;Fronteras;Chocoes;PRNGCH00;Tenencia general;Choco;1111;start;1808;hgis;1687;not_before;1725;exact;1687;1725;1925;;
FRNGCHCH;Fronteras;Chocoes;PRNGCH00;Gobernacion;Rio de San Juan;1111;start;1808;hgis;1537;exact;1539;ca;1537;1539;1926;;
FRNGCHCH;Fronteras;Chocoes;PRNGCH00;Gobernacion;Choco;1111;start;1808;hgis;1575;exact;1594;ca;1575;1594;1927;;
JUNGCHCI;Tenencia de gobierno;Citara;PRNGCH00;Gobernacion;Choco;1687;exact;1808;hgis;1726;exact;1808;hgis;1726;1808;1928;;
FRNGCHCH;Fronteras;Chocoes;PRNGCH00;Gobernacion;Choco;1111;start;1808;hgis;1726;exact;1808;hgis;1726;1808;1929;;
JUNGCHNO;Tenencia de gobierno;Novita;PRNGCH00;Gobernacion;Choco;1726;exact;1808;hgis;1726;exact;1808;hgis;1726;1808;1930;;
FRNGCHCH;Fronteras;Chocoes;PRNGCH00;Provincias;Choco;1111;start;1808;hgis;1595;ca;1686;exact;1595;1686;1931;;
FRNGEDLL;Fronteras;Llanos;JUNGLLSJ;Jurisdiccion;Llanos de San Juan;1111;start;9999;end;1701;not_after;1764;ca;1701;1764;1932;;agregado
JUNGLLPO;Jurisdiccion;Pore;JUNGLLSJ;Jurisdiccion;Llanos de San Juan;1644;exact;1808;hgis;1701;not_after;1764;ca;1701;1764;1933;;agregado
JUNGLLSM;Jurisdiccion;Llanos de San Martin;JUNGLLSJ;Jurisdiccion;Llanos de San Juan;1641;exact;1808;hgis;1701;not_after;1764;ca;1701;1764;1934;;agregado
JUNGLLCH;Jurisdiccion;Chire;JUNGLLSJ;Jurisdiccion;Llanos de San Juan;1672;exact;1808;hgis;1701;not_after;1764;ca;1701;1764;1935;;agregado
FRNGEDLL;Fronteras;Llanos;PRNGLL00;Provincia;Los Llanos;1111;start;9999;end;1111;start;1587;exact;1111;1587;1936;;
JUNGLLSJ;Jurisdiccion;Llanos de San Juan;PRNGLL00;Provincia;Los Llanos;1555;exact;1700;not_after;1111;start;1587;exact;1555;1587;1937;;
PTNGLLTA;Corregimiento;Tamara;PRNGLL00;Gobernacion;Los Llanos;1776;not_after;1808;hgis;1765;ca;1796;exact;1776;1796;1938;;
FRNGEDLL;Fronteras;Llanos;PRNGLL00;Gobernacion;Los Llanos;1111;start;9999;end;1765;ca;1796;exact;1765;1796;1939;;
JUNGLLPO;Jurisdiccion;Pore;PRNGLL00;Gobernacion;Los Llanos;1644;exact;1808;hgis;1765;ca;1796;exact;1765;1796;1940;;
JUNGLLSM;Jurisdiccion;Llanos de San Martin;PRNGLL00;Gobernacion;Los Llanos;1641;exact;1808;hgis;1765;ca;1796;exact;1765;1796;1941;;
PTNGLLAR;Corregimiento;Cuiloto;PRNGLL00;Gobernacion;Los Llanos;1794;not_after;1808;hgis;1765;ca;1796;exact;1794;1796;1942;;
PTNGLLME;Corregimiento;Meta;PRNGLL00;Gobernacion;Los Llanos;1777;not_after;1808;hgis;1765;ca;1796;exact;1777;1796;1943;;
PTNGLLCA;Corregimiento;Casanare;PRNGLL00;Gobernacion;Los Llanos;1769;not_after;1808;hgis;1765;ca;1796;exact;1769;1796;1944;;
JUNGLLCH;Jurisdiccion;Chire;PRNGLL00;Gobernacion;Los Llanos;1672;exact;1808;hgis;1765;ca;1796;exact;1765;1796;1945;;
FRNGEDLL;Fronteras;Llanos;PRNGLL00;Gobernacion;Santiago;1111;start;9999;end;1588;exact;1590;exact;1588;1590;1946;;
JUNGLLSJ;Jurisdiccion;Llanos de San Juan;PRNGLL00;Gobernacion;Santiago;1555;exact;1700;not_after;1588;exact;1590;exact;1588;1590;1947;;
FRNGEDLL;Fronteras;Llanos;PRNGLL00;Gobernacion;Los Llanos;1111;start;9999;end;1639;exact;1700;not_after;1639;1700;1948;;
JUNGLLPO;Jurisdiccion;Pore;PRNGLL00;Gobernacion;Los Llanos;1644;exact;1808;hgis;1639;exact;1700;not_after;1644;1700;1949;;
JUNGLLSJ;Jurisdiccion;Llanos de San Juan;PRNGLL00;Gobernacion;Los Llanos;1555;exact;1700;not_after;1639;exact;1700;not_after;1639;1700;1950;;
JUNGLLSM;Jurisdiccion;Llanos de San Martin;PRNGLL00;Gobernacion;Los Llanos;1641;exact;1808;hgis;1639;exact;1700;not_after;1641;1700;1951;;
JUNGLLCH;Jurisdiccion;Chire;PRNGLL00;Gobernacion;Los Llanos;1672;exact;1808;hgis;1639;exact;1700;not_after;1672;1700;1952;;
PTNGLLTA;Corregimiento;Tamara;PRNGLL00;Gobernacion;Los Llanos;1776;not_after;1808;hgis;1797;exact;1808;hgis;1797;1808;1953;;
FRNGEDLL;Fronteras;Llanos;PRNGLL00;Gobernacion;Los Llanos;1111;start;9999;end;1797;exact;1808;hgis;1797;1808;1954;;
JUNGLLPO;Jurisdiccion;Pore;PRNGLL00;Gobernacion;Los Llanos;1644;exact;1808;hgis;1797;exact;1808;hgis;1797;1808;1955;;
JUNGLLSM;Jurisdiccion;Llanos de San Martin;PRNGLL00;Gobernacion;Los Llanos;1641;exact;1808;hgis;1797;exact;1808;hgis;1797;1808;1956;;
PTNGLLAR;Corregimiento;Cuiloto;PRNGLL00;Gobernacion;Los Llanos;1794;not_after;1808;hgis;1797;exact;1808;hgis;1797;1808;1957;;
PTNGLLME;Corregimiento;Meta;PRNGLL00;Gobernacion;Los Llanos;1777;not_after;1808;hgis;1797;exact;1808;hgis;1797;1808;1958;;
PTNGLLCA;Corregimiento;Casanare;PRNGLL00;Gobernacion;Los Llanos;1769;not_after;1808;hgis;1797;exact;1808;hgis;1797;1808;1959;;
JUNGLLCH;Jurisdiccion;Chire;PRNGLL00;Gobernacion;Los Llanos;1672;exact;1808;hgis;1797;exact;1808;hgis;1797;1808;1960;;
JUNGLLSA;Jurisdiccion;Santiago;PRNGLL00;Gobernacion;Los Llanos;1797;not_after;1808;hgis;1797;exact;1808;hgis;1797;1808;1961;;
JUNGANRE;Jurisdiccion;Remedios;PRNGMA00;Gobernacion;Mariquita;1560;exact;1756;exact;1755;not_after;1789;not_after;1755;1756;1962;;
JUNGMAHO;Jurisdiccion;Honda;PRNGMA00;Gobernacion;Mariquita;1643;exact;1808;hgis;1755;not_after;1789;not_after;1755;1789;1963;;
JUNGMALA;Alcaldia Mayor de Minas;Lajas;PRNGMA00;Gobernacion;Mariquita;1596;not_after;1785;not_after;1755;not_after;1789;not_after;1755;1785;1964;;
JUNGNECO;Corregimiento;Coyaima y Natagaima;PRNGMA00;Gobernacion;Mariquita;1700;not_after;1808;hgis;1755;not_after;1789;not_after;1755;1789;1965;;
JUNGMAIB;Jurisdiccion;Ibague;PRNGMA00;Gobernacion;Mariquita;1606;exact;1808;hgis;1755;not_after;1789;not_after;1755;1789;1966;;
JUNGMATO;Jurisdiccion;Tocaima;PRNGMA00;Gobernacion;Mariquita;1550;exact;1794;ca;1755;not_after;1789;not_after;1755;1789;1967;;
JUNGMALP;Jurisdiccion;La Palma;PRNGMA00;Gobernacion;Mariquita;1680;exact;1808;hgis;1755;not_after;1789;not_after;1755;1789;1968;;
JUNGMAPA;Corregimiento;Los Panches;PRNGMA00;Gobernacion;Mariquita;1593;arbitrary;1808;hgis;1755;not_after;1789;not_after;1755;1789;1969;;
JUNGMAMA;Jurisdiccion;Mariquita;PRNGMA00;Gobernacion;Mariquita;1551;exact;1808;hgis;1755;not_after;1789;not_after;1755;1789;1970;dontclip;
JUNGMAHO;Jurisdiccion;Honda;PRNGMA00;Corregimiento;Mariquita;1643;exact;1808;hgis;1798;exact;1808;hgis;1798;1808;1971;;
JUNGNECO;Corregimiento;Coyaima y Natagaima;PRNGMA00;Corregimiento;Mariquita;1700;not_after;1808;hgis;1798;exact;1808;hgis;1798;1808;1972;;
JUNGMAIB;Jurisdiccion;Ibague;PRNGMA00;Corregimiento;Mariquita;1606;exact;1808;hgis;1798;exact;1808;hgis;1798;1808;1973;;
JUNGMALP;Jurisdiccion;La Palma;PRNGMA00;Corregimiento;Mariquita;1680;exact;1808;hgis;1798;exact;1808;hgis;1798;1808;1974;;
JUNGMAPA;Corregimiento;Los Panches;PRNGMA00;Corregimiento;Mariquita;1593;arbitrary;1808;hgis;1798;exact;1808;hgis;1798;1808;1975;;
JUNGMAMA;Jurisdiccion;Mariquita;PRNGMA00;Corregimiento;Mariquita;1551;exact;1808;hgis;1798;exact;1808;hgis;1798;1808;1976;dontclip;
JUNGMAHO;Jurisdiccion;Honda;PRNGMA00;Gobernacion;Mariquita;1643;exact;1808;hgis;1790;not_after;1797;exact;1790;1797;1977;;
JUNGNECO;Corregimiento;Coyaima y Natagaima;PRNGMA00;Gobernacion;Mariquita;1700;not_after;1808;hgis;1790;not_after;1797;exact;1790;1797;1978;;
JUNGMAIB;Jurisdiccion;Ibague;PRNGMA00;Gobernacion;Mariquita;1606;exact;1808;hgis;1790;not_after;1797;exact;1790;1797;1979;;
JUNGMATO;Jurisdiccion;Tocaima;PRNGMA00;Gobernacion;Mariquita;1550;exact;1794;ca;1790;not_after;1797;exact;1790;1794;1980;;
JUNGMALP;Jurisdiccion;La Palma;PRNGMA00;Gobernacion;Mariquita;1680;exact;1808;hgis;1790;not_after;1797;exact;1790;1797;1981;;
JUNGMAPA;Corregimiento;Los Panches;PRNGMA00;Gobernacion;Mariquita;1593;arbitrary;1808;hgis;1790;not_after;1797;exact;1790;1797;1982;;
JUNGMAMA;Jurisdiccion;Mariquita;PRNGMA00;Gobernacion;Mariquita;1551;exact;1808;hgis;1790;not_after;1797;exact;1790;1797;1983;dontclip;
JUNGNECO;Capitania a Guerra;Coyaima y Natagaima;PRNGMA00;Corregimiento;Mariquita;1611;ca;1651;not_after;1550;exact;1754;not_after;1611;1651;1984;;
JUNGANRE;Jurisdiccion;Remedios;PRNGMA00;Corregimiento;Mariquita;1560;exact;1756;exact;1550;exact;1754;not_after;1560;1754;1985;;
JUNGMAHO;Jurisdiccion;Honda;PRNGMA00;Corregimiento;Mariquita;1643;exact;1808;hgis;1550;exact;1754;not_after;1643;1754;1986;;
JUNGMALA;Alcaldia Mayor de Minas;Lajas;PRNGMA00;Corregimiento;Mariquita;1596;not_after;1785;not_after;1550;exact;1754;not_after;1596;1754;1987;;
JUNGNECO;Corregimiento;Coyaima y Natagaima;PRNGMA00;Corregimiento;Mariquita;1700;not_after;1808;hgis;1550;exact;1754;not_after;1700;1754;1988;;
JUNGMAIB;Jurisdiccion;Ibague;PRNGMA00;Corregimiento;Mariquita;1606;exact;1808;hgis;1550;exact;1754;not_after;1606;1754;1989;;
JUNGMATO;Jurisdiccion;Tocaima;PRNGMA00;Corregimiento;Mariquita;1550;exact;1794;ca;1550;exact;1754;not_after;1550;1754;1990;;
JUNGMALP;Jurisdiccion;La Palma;PRNGMA00;Corregimiento;Mariquita;1680;exact;1808;hgis;1550;exact;1754;not_after;1680;1754;1991;;
JUNGMAPA;Corregimiento;Los Panches;PRNGMA00;Corregimiento;Mariquita;1593;arbitrary;1808;hgis;1550;exact;1754;not_after;1593;1754;1992;;
JUNGMAMA;Jurisdiccion;Mariquita;PRNGMA00;Corregimiento;Mariquita;1551;exact;1808;hgis;1550;exact;1754;not_after;1551;1754;1993;dontclip;
JUNGMALP;Jurisdiccion;La Palma;PRNGMU00;Gobernacion;Muzo y La Palma;1575;exact;1649;exact;1575;exact;1587;exact;1575;1587;1994;;
JUNGTUMU;Jurisdiccion;Muzo;PRNGMU00;Gobernacion;Muzo y La Palma;1575;exact;1649;exact;1575;exact;1587;exact;1575;1587;1995;;
JUNGMALP;Jurisdiccion;La Palma;PRNGMU00;Gobernacion;Muzo y La Palma;1575;exact;1649;exact;1598;exact;1649;exact;1598;1649;1996;;
JUNGTUMU;Jurisdiccion;Muzo;PRNGMU00;Gobernacion;Muzo y La Palma;1575;exact;1649;exact;1598;exact;1649;exact;1598;1649;1997;;
JUNGMALP;Jurisdiccion;La Palma;PRNGMU00;Corregimiento;Muzo y La Palma;1575;exact;1649;exact;1588;exact;1597;exact;1588;1597;1998;;
JUNGTUMU;Jurisdiccion;Muzo;PRNGMU00;Corregimiento;Muzo y La Palma;1575;exact;1649;exact;1588;exact;1597;exact;1588;1597;1999;;
JUNGNETI;Jurisdiccion;Timana;PRNGNE00;Gobernacion;Neiva;1610;exact;1808;hgis;1610;exact;1806;not_after;1610;1806;2001;;
JUNGNELP;Jurisdiccion;La Plata;PRNGNE00;Gobernacion;Neiva;1610;exact;1808;hgis;1610;exact;1806;not_after;1610;1806;2002;;
JUNGNEPU;Tenencia de gobierno;Purificacion;PRNGNE00;Gobernacion;Neiva;1664;exact;1808;hgis;1610;exact;1806;not_after;1664;1806;2003;;
JUNGNEAN;Corregimiento;Andaquies;PRNGNE00;Gobernacion;Neiva;1772;not_after;1808;hgis;1610;exact;1806;not_after;1772;1806;2004;;
JUNGNENE;Jurisdiccion;Neiva;PRNGNE00;Gobernacion;Neiva;1612;exact;1808;hgis;1610;exact;1806;not_after;1612;1806;2005;dontclip;
JUNGNETI;Jurisdiccion;Timana;PRNGNE00;Corregimiento;Neiva;1610;exact;1808;hgis;1807;not_after;1808;hgis;1807;1808;2006;;
JUNGNELP;Jurisdiccion;La Plata;PRNGNE00;Corregimiento;Neiva;1610;exact;1808;hgis;1807;not_after;1808;hgis;1807;1808;2007;;
JUNGNEPU;Tenencia de gobierno;Purificacion;PRNGNE00;Corregimiento;Neiva;1664;exact;1808;hgis;1807;not_after;1808;hgis;1807;1808;2008;;
JUNGNEAN;Corregimiento;Andaquies;PRNGNE00;Corregimiento;Neiva;1772;not_after;1808;hgis;1807;not_after;1808;hgis;1807;1808;2009;;
JUNGNENE;Jurisdiccion;Neiva;PRNGNE00;Corregimiento;Neiva;1612;exact;1808;hgis;1807;not_after;1808;hgis;1807;1808;2010;dontclip;
JUNGPAPA;Jurisdiccion;Panama;PRNGPA00;Gobernacion-Capitania General;Tierra Firme;1701;hgis;1808;hgis;1722;exact;1739;exact;1722;1739;2011;dontclip;
JUNGPAPB;Gobernacion;Portobelo;PRNGPA00;Gobernacion-Capitania General;Tierra Firme;1701;arbitrary;1808;hgis;1722;exact;1739;exact;1722;1739;2012;;
PTNGPACH;Comandancia;Chagres;PRNGPA00;Gobernacion-Capitania General;Tierra Firme;1701;hgis;1808;hgis;1722;exact;1739;exact;1722;1739;2013;;
JUNGPANA;Alcaldia Mayor;Nata;PRNGPA00;Gobernacion-Capitania General;Tierra Firme;1701;hgis;1808;hgis;1722;exact;1739;exact;1722;1739;2014;;
PRNGCH00;Gobernacion;Rio de San Juan;PRNGPA00;Gobernacion-Capitania General;Castilla de Oro;1537;exact;1539;ca;1514;exact;1538;exact;1537;1538;2016;;
JUNGPAPA;Jurisdiccion;Panama;PRNGPA00;Gobernacion-Capitania General;Tierra Firme;1701;hgis;1808;hgis;1717;exact;1721;exact;1717;1721;2017;dontclip;
JUNGPAPB;Gobernacion;Portobelo;PRNGPA00;Gobernacion-Capitania General;Tierra Firme;1701;arbitrary;1808;hgis;1717;exact;1721;exact;1717;1721;2018;;
PTNGPACH;Comandancia;Chagres;PRNGPA00;Gobernacion-Capitania General;Tierra Firme;1701;hgis;1808;hgis;1717;exact;1721;exact;1717;1721;2019;;
JUNGPANA;Alcaldia Mayor;Nata;PRNGPA00;Gobernacion-Capitania General;Tierra Firme;1701;hgis;1808;hgis;1717;exact;1721;exact;1717;1721;2020;;
JUNGPAPA;Jurisdiccion;Panama;PRNGPA00;Gobernacion-Comandancia General;Tierra Firme;1701;hgis;1808;hgis;1740;exact;1750;exact;1740;1750;2021;dontclip;
JUNGPAPB;Gobernacion;Portobelo;PRNGPA00;Gobernacion-Comandancia General;Tierra Firme;1701;arbitrary;1808;hgis;1740;exact;1750;exact;1740;1750;2022;;
PTNGPACH;Comandancia;Chagres;PRNGPA00;Gobernacion-Comandancia General;Tierra Firme;1701;hgis;1808;hgis;1740;exact;1750;exact;1740;1750;2023;;
JUNGPANA;Alcaldia Mayor;Nata;PRNGPA00;Gobernacion-Comandancia General;Tierra Firme;1701;hgis;1808;hgis;1740;exact;1750;exact;1740;1750;2024;;
JUNGPAPA;Jurisdiccion;Panama;PRNGPA00;Gobernacion-Capitania General;Tierra Firme;1701;hgis;1808;hgis;1539;exact;1716;exact;1701;1716;2025;dontclip;
JUNGPAPB;Gobernacion;Portobelo;PRNGPA00;Gobernacion-Capitania General;Tierra Firme;1701;arbitrary;1808;hgis;1539;exact;1716;exact;1701;1716;2026;;
PTNGPACH;Comandancia;Chagres;PRNGPA00;Gobernacion-Capitania General;Tierra Firme;1701;hgis;1808;hgis;1539;exact;1716;exact;1701;1716;2027;;
PRNGCH00;Gobernacion;Rio de San Juan;PRNGPA00;Gobernacion-Capitania General;Tierra Firme;1537;exact;1539;ca;1539;exact;1716;exact;1539;1539;2028;;
JUNGPANA;Alcaldia Mayor;Nata;PRNGPA00;Gobernacion-Capitania General;Tierra Firme;1701;hgis;1808;hgis;1539;exact;1716;exact;1701;1716;2029;;
JUNGPAPA;Jurisdiccion;Panama;PRNGPA00;Gobernacion-Comandancia General;Panama;1701;hgis;1808;hgis;1751;exact;1808;hgis;1751;1808;2030;dontclip;
JUNGPAPB;Gobernacion;Portobelo;PRNGPA00;Gobernacion-Comandancia General;Panama;1701;arbitrary;1808;hgis;1751;exact;1808;hgis;1751;1808;2031;;
PTNGPACH;Comandancia;Chagres;PRNGPA00;Gobernacion-Comandancia General;Panama;1701;hgis;1808;hgis;1751;exact;1808;hgis;1751;1808;2032;;
JUNGPANA;Alcaldia Mayor;Nata;PRNGPA00;Gobernacion-Comandancia General;Panama;1701;hgis;1808;hgis;1751;exact;1808;hgis;1751;1808;2033;;
JUNGPPRC;Jurisdiccion;Rosario;PRNGPP00;Corregimiento;Pamplona;1795;exact;1808;hgis;1795;exact;1808;hgis;1795;1808;2034;;
JUNGPPPP;Jurisdiccion;Pamplona;PRNGPP00;Corregimiento;Pamplona;1795;exact;1808;hgis;1795;exact;1808;hgis;1795;1808;2035;dontclip;
JUNGPPGI;Gobernacion;Giron;PRNGPP00;Corregimiento;Pamplona;1795;exact;1808;hgis;1795;exact;1808;hgis;1795;1808;2036;dontclip;
JUNGPPCU;Jurisdiccion;Cucuta;PRNGPP00;Corregimiento;Pamplona;1795;exact;1808;hgis;1795;exact;1808;hgis;1795;1808;2037;;
PTNGPPCU;Corregimiento;Cucuta;PRNGPP00;Corregimiento;Pamplona;1805;not_before;1808;hgis;1795;exact;1808;hgis;1805;1808;2038;;
JUNGPPZA;Alcaldia Mayor;Salazar;PRNGPP00;Corregimiento;Pamplona;1795;ca;1808;hgis;1795;exact;1808;hgis;1795;1808;2039;;
JUNGSFSF;Jurisdiccion;Santa Fe;PRNGSF00;Provincia;Nuevo Reino de Granada;1539;exact;1808;hgis;1538;exact;1549;exact;1539;1549;2040;dontclip;
JUNGANAN;Jurisdiccion;Antioquia;PRNGSF00;Provincia;Nuevo Reino de Granada;1541;exact;1545;exact;1538;exact;1549;exact;1541;1545;2041;;
PRNGTU00;Corregimiento;Tunja;PRNGSF00;Provincia;Nuevo Reino de Granada;1539;exact;1549;exact;1538;exact;1549;exact;1539;1549;2042;;
JUNGMATO;Jurisdiccion;Tocaima;PRNGSF00;Provincia;Nuevo Reino de Granada;1544;exact;1549;ca;1538;exact;1549;exact;1544;1549;2043;;
JUNGSFGV;Corregimiento;Choconta;SUNG0000;Virreinato;Nueva Granada;1775;not_after;1808;hgis;1550;exact;1808;hgis;1775;1808;2044;;cabecera
JUNGLLME;Corregimiento;Medina;SUNG0000;Virreinato;Nueva Granada;1775;exact;1808;hgis;1550;exact;1808;hgis;1775;1808;2045;;cabecera
JUNGLLLL;Corregimiento;Los Llanos;SUNG0000;Virreinato;Nueva Granada;1633;ca;1788;not_after;1550;exact;1808;hgis;1633;1788;2046;;cabecera
JUNGSFPA;Corregimiento;Pasca;SUNG0000;Virreinato;Nueva Granada;1584;not_after;1775;not_after;1550;exact;1808;hgis;1584;1775;2047;;cabecera
JUNGSFSF;Jurisdiccion;Santa Fe;SUNG0000;Virreinato;Nueva Granada;1539;exact;1808;hgis;1550;exact;1808;hgis;1550;1808;2048;clip;cabecera
JUNGSFBG;Corregimiento;Bogota;SUNG0000;Virreinato;Nueva Granada;1593;arbitrary;1808;hgis;1550;exact;1808;hgis;1593;1808;2049;;cabecera
JUNGSFCA;Corregimiento;Caqueza;SUNG0000;Virreinato;Nueva Granada;1751;arbitrary;1808;hgis;1550;exact;1808;hgis;1751;1808;2050;;cabecera
JUNGSFBZ;Corregimiento;Boza;SUNG0000;Virreinato;Nueva Granada;1593;arbitrary;1808;hgis;1550;exact;1808;hgis;1593;1808;2051;;cabecera
JUNGSFUB;Corregimiento;Ubate;SUNG0000;Gobernacion-Capitania General;Nuevo Reino de Granada;1593;arbitrary;1709;not_after;1550;exact;1808;hgis;1593;1709;2052;;cabecera
JUNGLLSJ;Jurisdiccion;Llanos de San Juan;SUNG0000;Virreinato;Nueva Granada;1701;not_after;1764;ca;1550;exact;1808;hgis;1701;1764;2053;;cabecera
JUNGSFAG;Jurisdiccion;Altagracia;SUNG0000;Virreinato;Nueva Granada;1590;exact;1775;ca;1550;exact;1808;hgis;1590;1775;2054;;cabecera
JUNGMATO;Tenencia de gobierno;La Mesa;SUNG0000;Virreinato;Nueva Granada;1795;ca;9999;end;1550;exact;1808;hgis;1795;1808;2055;;cabecera
JUNGSFZI;Corregimiento;Zipaquira;SUNG0000;Virreinato;Nueva Granada;1593;arbitrary;1808;hgis;1550;exact;1808;hgis;1593;1808;2056;;cabecera
JUNGSFGD;Corregimiento;Guaduas;SUNG0000;Virreinato;Nueva Granada;1790;exact;1808;hgis;1550;exact;1808;hgis;1790;1808;2057;;cabecera
FRNGSMAR;Fronteras;Araguacos;PRNGSM00;Gobernacion;Santa Marta;1111;start;1808;hgis;1740;exact;1808;hgis;1740;1808;2058;;
FRNGSMCH;Fronteras;Chimilas;PRNGSM00;Gobernacion;Santa Marta;1111;start;1808;hgis;1740;exact;1808;hgis;1740;1808;2059;;
JUNGSMVA;Tenencia de gobierno;Valledupar;PRNGSM00;Gobernacion;Santa Marta;1550;exact;1808;hgis;1740;exact;1808;hgis;1740;1808;2060;;
JUNGSMRH;Jurisdiccion;Riohacha;PRNGSM00;Gobernacion;Santa Marta;1547;exact;1788;exact;1740;exact;1808;hgis;1740;1788;2061;;
JUNGSMTA;Jurisdiccion;Tamalameque;PRNGSM00;Gobernacion;Santa Marta;1544;exact;1808;hgis;1740;exact;1808;hgis;1740;1808;2062;;
PTNGSMGU;Partido;Guamal;PRNGSM00;Gobernacion;Santa Marta;1111;start;1808;hgis;1740;exact;1808;hgis;1740;1808;2063;;
JUNGSMTE;Jurisdiccion-Corregimiento;Tenerife;PRNGSM00;Gobernacion;Santa Marta;1536;exact;1808;hgis;1740;exact;1808;hgis;1740;1808;2064;;
JUNGSMSM;Jurisdiccion;Santa Marta;PRNGSM00;Gobernacion;Santa Marta;1533;exact;1808;hgis;1740;exact;1808;hgis;1740;1808;2065;dontclip;
JUNGSMOC;Jurisdiccion-Corregimiento;Ocaña;PRNGSM00;Gobernacion;Santa Marta;1570;exact;1808;hgis;1740;exact;1808;hgis;1740;1808;2066;;
PMNGSMCH;Capitania a Guerra;Chiriguana;PRNGSM00;Gobernacion;Santa Marta;1111;start;9999;end;1740;exact;1808;hgis;1740;1808;2067;;
PMNGSMGU;Capitania a Guerra (JM);Guaimaro;PRNGSM00;Gobernacion;Santa Marta;1111;start;1808;hgis;1740;exact;1808;hgis;1740;1808;2068;;
PMNGSMFO;Capitania a Guerra;Fonseca;PRNGSM00;Gobernacion;Santa Marta;1805;not_after;9999;end;1740;exact;1808;hgis;1805;1808;2069;;
PTNGSMPN;Partido;Valencia;PRNGSM00;Gobernacion;Santa Marta;1590;exact;1808;hgis;1740;exact;1808;hgis;1740;1808;2070;;
PMNGSMRE;Capitania a Guerra (JM);Remolino;PRNGSM00;Gobernacion;Santa Marta;1111;start;1808;hgis;1740;exact;1808;hgis;1740;1808;2071;;
PMNGSMCI;Capitania a Guerra (JM);Cienaga;PRNGSM00;Gobernacion;Santa Marta;1111;start;1808;hgis;1740;exact;1808;hgis;1740;1808;2072;;
PMNGSMBA;Capitania a Guerra;El Banco;PRNGSM00;Gobernacion;Santa Marta;1111;start;9999;end;1740;exact;1808;hgis;1740;1808;2073;;
FRNGSMAR;Fronteras;Araguacos;PRNGSM00;Gobernacion-Capitania General;Santa Marta;1111;start;1808;hgis;1533;exact;1739;exact;1533;1739;2074;;
FRNGSMCH;Fronteras;Chimilas;PRNGSM00;Gobernacion-Capitania General;Santa Marta;1111;start;1808;hgis;1533;exact;1739;exact;1533;1739;2075;;
JUNGSMVA;Tenencia de gobierno;Valledupar;PRNGSM00;Gobernacion-Capitania General;Santa Marta;1550;exact;1808;hgis;1533;exact;1739;exact;1550;1739;2076;;
JUNGSMRH;Jurisdiccion;Riohacha;PRNGSM00;Gobernacion-Capitania General;Santa Marta;1547;exact;1788;exact;1533;exact;1739;exact;1547;1739;2077;;
JUNGSMTA;Jurisdiccion;Tamalameque;PRNGSM00;Gobernacion-Capitania General;Santa Marta;1544;exact;1808;hgis;1533;exact;1739;exact;1544;1739;2078;;
PTNGSMGU;Partido;Guamal;PRNGSM00;Gobernacion-Capitania General;Santa Marta;1111;start;1808;hgis;1533;exact;1739;exact;1533;1739;2079;;
JUNGSMTE;Jurisdiccion-Corregimiento;Tenerife;PRNGSM00;Gobernacion-Capitania General;Santa Marta;1536;exact;1808;hgis;1533;exact;1739;exact;1536;1739;2080;;
JUNGSMSM;Jurisdiccion;Santa Marta;PRNGSM00;Gobernacion-Capitania General;Santa Marta;1533;exact;1808;hgis;1533;exact;1739;exact;1533;1739;2081;dontclip;
JUNGSMOC;Jurisdiccion-Corregimiento;Ocaña;PRNGSM00;Gobernacion-Capitania General;Santa Marta;1570;exact;1808;hgis;1533;exact;1739;exact;1570;1739;2082;;
PMNGSMCH;Capitania a Guerra;Chiriguana;PRNGSM00;Gobernacion-Capitania General;Santa Marta;1111;start;9999;end;1533;exact;1739;exact;1533;1739;2083;;
PMNGSMGU;Capitania a Guerra (JM);Guaimaro;PRNGSM00;Gobernacion-Capitania General;Santa Marta;1111;start;1808;hgis;1533;exact;1739;exact;1533;1739;2084;;
PTNGSMPN;Partido;Valencia;PRNGSM00;Gobernacion-Capitania General;Santa Marta;1590;exact;1808;hgis;1533;exact;1739;exact;1590;1739;2085;;
PMNGSMRE;Capitania a Guerra (JM);Remolino;PRNGSM00;Gobernacion-Capitania General;Santa Marta;1111;start;1808;hgis;1533;exact;1739;exact;1533;1739;2086;;
PMNGSMCI;Capitania a Guerra (JM);Cienaga;PRNGSM00;Gobernacion-Capitania General;Santa Marta;1111;start;1808;hgis;1533;exact;1739;exact;1533;1739;2087;;
PMNGSMBA;Capitania a Guerra;El Banco;PRNGSM00;Gobernacion-Capitania General;Santa Marta;1111;start;9999;end;1533;exact;1739;exact;1533;1739;2088;;
JUNGSOSG;Jurisdiccion;San Gil;PRNGSO00;Corregimiento;Socorro;1795;exact;9999;end;1795;exact;1808;hgis;1795;1808;2089;;
JUNGSOSO;Jurisdiccion;Socorro;PRNGSO00;Corregimiento;Socorro;1795;exact;1808;hgis;1795;exact;1808;hgis;1795;1808;2090;dontclip;
JUNGSOVE;Jurisdiccion;Velez;PRNGSO00;Corregimiento;Socorro;1795;exact;1808;hgis;1795;exact;1808;hgis;1795;1808;2091;;
JUNGSOMV;Alcaldia Mayor de Minas;Velez;PRNGSO00;Corregimiento;Socorro;1795;exact;1808;hgis;1795;exact;1808;hgis;1795;1808;2092;;
JUNGPPRC;Jurisdiccion;Rosario;PRNGTU00;Corregimiento;Tunja;1793;exact;1794;exact;1539;exact;1808;hgis;1793;1794;2093;;
JUVEMCSC;Jurisdiccion;San Cristobal;PRNGTU00;Corregimiento;Tunja;1561;exact;1572;not_after;1539;exact;1808;hgis;1561;1572;2094;;
JUNGPPPP;Jurisdiccion;Pamplona;PRNGTU00;Corregimiento;Tunja;1580;exact;1794;exact;1539;exact;1808;hgis;1580;1794;2095;;
JUNGSOVE;Jurisdiccion;Velez;PRNGTU00;Corregimiento;Tunja;1539;exact;1794;exact;1539;exact;1808;hgis;1539;1794;2096;;
JUNGPPCU;Jurisdiccion;Cucuta;PRNGTU00;Corregimiento;Tunja;1793;exact;1794;exact;1539;exact;1808;hgis;1793;1794;2097;;
JUVEMCME;Jurisdiccion;Merida;PRNGTU00;Corregimiento;Tunja;1558;exact;1572;not_after;1539;exact;1808;hgis;1558;1572;2098;;
JUNGTUTM;Corregimiento;Turmeque;PRNGTU00;Corregimiento;Tunja;1593;arbitrary;1808;hgis;1539;exact;1808;hgis;1593;1808;2099;;
JUNGTUGA;Corregimiento;Gameza;PRNGTU00;Corregimiento;Tunja;1593;arbitrary;1808;hgis;1539;exact;1808;hgis;1593;1808;2100;;
JUNGTUSO;Corregimiento;Sogamoso;PRNGTU00;Corregimiento;Tunja;1593;arbitrary;1808;hgis;1539;exact;1808;hgis;1593;1808;2101;;
JUNGTUVP;Alcaldia Mayor de Minas;Vetas;PRNGTU00;Corregimiento;Tunja;1701;hgis;1794;exact;1539;exact;1808;hgis;1701;1794;2102;;
JUNGTUPA;Corregimiento;Paypa;PRNGTU00;Corregimiento;Tunja;1593;arbitrary;1808;hgis;1539;exact;1808;hgis;1593;1808;2103;;
JUNGSOSO;Tenencia de corregimiento;Socorro;PRNGTU00;Corregimiento;Tunja;1683;exact;1794;exact;1539;exact;1808;hgis;1683;1794;2104;;
JUNGTULE;Jurisdiccion;Leyva;PRNGTU00;Corregimiento;Tunja;1572;exact;1808;hgis;1539;exact;1808;hgis;1572;1808;2105;;
JUNGTUTU;Jurisdiccion;Tunja;PRNGTU00;Corregimiento;Tunja;1539;arbitrary;1808;hgis;1539;exact;1808;hgis;1539;1808;2106;dontclip;
JUNGTUCV;Corregimiento;Chivata;PRNGTU00;Corregimiento;Tunja;1628;not_before;1808;hgis;1539;exact;1808;hgis;1628;1808;2107;;
JUNGTUMU;Jurisdiccion;Muzo;PRNGTU00;Corregimiento;Tunja;1650;exact;1808;hgis;1539;exact;1808;hgis;1650;1808;2108;;
JUNGTUST;Corregimiento;Soata;PRNGTU00;Corregimiento;Tunja;1593;arbitrary;1635;not_after;1539;exact;1808;hgis;1593;1635;2109;;
JUNGTUCH;Corregimiento;Chita;PRNGTU00;Corregimiento;Tunja;1593;arbitrary;1808;hgis;1539;exact;1808;hgis;1593;1808;2110;;
JUNGTUSA;Corregimiento;Sachica;PRNGTU00;Corregimiento;Tunja;1593;arbitrary;1808;hgis;1539;exact;1808;hgis;1593;1808;2111;;
JUNGPPSE;Corregimiento;Servita;PRNGTU00;Corregimiento;Tunja;1706;not_after;1808;hgis;1539;exact;1808;hgis;1706;1808;2112;;
JUNGPPZA;Alcaldia Mayor;Salazar;PRNGTU00;Corregimiento;Tunja;1583;not_before;1755;ca;1539;exact;1808;hgis;1583;1755;2113;;
JUNGSOMV;Alcaldia Mayor de Minas;Velez;PRNGTU00;Corregimiento;Tunja;1111;start;1794;exact;1539;exact;1808;hgis;1539;1794;2114;;
JUNGTUMM;Alcaldia Mayor;Minas de Muzo;PRNGTU00;Corregimiento;Tunja;1701;hgis;1785;not_after;1539;exact;1808;hgis;1701;1785;2115;;
JUNGTUTE;Corregimiento;Tensa;PRNGTU00;Corregimiento;Tunja;1593;arbitrary;1808;hgis;1539;exact;1808;hgis;1593;1808;2116;;
JUNGTUDU;Corregimiento;Duitama;PRNGTU00;Corregimiento;Tunja;1636;not_after;1718;exact;1539;exact;1808;hgis;1636;1718;2117;;
JUNGVEVE;Jurisdiccion;Veragua;PRNGVE00;Gobernacion;Veragua;1701;hgis;1808;hgis;1716;not_before;1808;hgis;1716;1808;2118;dontclip;
JUNGVEAL;Jurisdiccion;Alange;PRNGVE00;Gobernacion;Veragua;1701;hgis;1808;hgis;1716;not_before;1808;hgis;1716;1808;2119;;
JUNGVERE;Jurisdiccion;Remedios;PRNGVE00;Gobernacion;Veragua;1111;start;1756;not_before;1716;not_before;1808;hgis;1716;1756;2120;;
JUNGVEVE;Jurisdiccion;Veragua;PRNGVE00;Gobernacion-Capitania General;Veragua;1701;hgis;1808;hgis;1560;exact;1715;not_before;1701;1715;2121;dontclip;
JUNGVEAL;Jurisdiccion;Alange;PRNGVE00;Gobernacion-Capitania General;Veragua;1701;hgis;1808;hgis;1560;exact;1715;not_before;1701;1715;2122;;
JUNGVERE;Jurisdiccion;Remedios;PRNGVE00;Gobernacion-Capitania General;Veragua;1111;start;1756;not_before;1560;exact;1715;not_before;1560;1715;2123;;
JUNGVERE;Jurisdiccion;Remedios;PRNGVE00;Gobernacion;Veragua;1111;start;1756;not_before;1508;exact;1536;exact;1508;1536;2124;;
JUNGVERE;Jurisdiccion;Remedios;PRNGVE00;Ducado;Veraguas;1111;start;1756;not_before;1537;exact;1559;exact;1537;1559;2125;;
JUPEARTA;Subdelegacion;Tarapaca;PRPEAR00;Gobernacion-Intendencia;Arequipa;1784;exact;1808;hgis;1784;exact;1808;hgis;1784;1808;2126;;
JUPEARMO;Subdelegacion;Moquegua;PRPEAR00;Gobernacion-Intendencia;Arequipa;1784;exact;1808;hgis;1784;exact;1808;hgis;1784;1808;2127;;
JUPEARAR;Subdelegacion;Arequipa;PRPEAR00;Gobernacion-Intendencia;Arequipa;1784;exact;1808;hgis;1784;exact;1808;hgis;1784;1808;2128;;
JUPEARCA;Subdelegacion;Camana;PRPEAR00;Gobernacion-Intendencia;Arequipa;1784;exact;1808;hgis;1784;exact;1808;hgis;1784;1808;2129;;
JUPEARCG;Subdelegacion;Collaguas;PRPEAR00;Gobernacion-Intendencia;Arequipa;1784;exact;1808;hgis;1784;exact;1808;hgis;1784;1808;2130;;
JUPEARCS;Subdelegacion;Condesuyos;PRPEAR00;Gobernacion-Intendencia;Arequipa;1784;exact;1808;hgis;1784;exact;1808;hgis;1784;1808;2131;;
JUPEARAC;Subdelegacion;Arica;PRPEAR00;Gobernacion-Intendencia;Arequipa;1784;exact;1808;hgis;1784;exact;1808;hgis;1784;1808;2132;;
JUPECUPA;Subdelegacion;Paruro;PRPECU00;Gobernacion-Intendencia;Cuzco;1784;exact;1808;hgis;1784;exact;1808;hgis;1784;1808;2133;;
JUPECUUR;Subdelegacion;Urubamba;PRPECU00;Gobernacion-Intendencia;Cuzco;1784;exact;1808;hgis;1784;exact;1808;hgis;1784;1808;2134;;
JUPECUAB;Subdelegacion;Abancay;PRPECU00;Gobernacion-Intendencia;Cuzco;1784;exact;1808;hgis;1784;exact;1808;hgis;1784;1808;2135;;
JUPECUAY;Subdelegacion;Aymaraes;PRPECU00;Gobernacion-Intendencia;Cuzco;1784;exact;1808;hgis;1784;exact;1808;hgis;1784;1808;2136;;
JUPECUCB;Subdelegacion;Cotabambas;PRPECU00;Gobernacion-Intendencia;Cuzco;1784;exact;1808;hgis;1784;exact;1808;hgis;1784;1808;2137;;
JUPECUCH;Subdelegacion;Chumbivilcas;PRPECU00;Gobernacion-Intendencia;Cuzco;1784;exact;1808;hgis;1784;exact;1808;hgis;1784;1808;2138;;
JUPECUCL;Subdelegacion;Calca y Lares;PRPECU00;Gobernacion-Intendencia;Cuzco;1784;exact;1808;hgis;1784;exact;1808;hgis;1784;1808;2139;;
JUPECUCU;Subdelegacion;Cuzco;PRPECU00;Gobernacion-Intendencia;Cuzco;1784;exact;1808;hgis;1784;exact;1808;hgis;1784;1808;2140;;
JUPECUQU;Subdelegacion;Quispicanchis;PRPECU00;Gobernacion-Intendencia;Cuzco;1784;exact;1808;hgis;1784;exact;1808;hgis;1784;1808;2141;;
JUPECUTI;Subdelegacion;Tinta;PRPECU00;Gobernacion-Intendencia;Cuzco;1784;exact;1808;hgis;1784;exact;1808;hgis;1784;1808;2142;;
JUPECUPT;Subdelegacion;Paucartambo;PRPECU00;Gobernacion-Intendencia;Cuzco;1784;exact;1808;hgis;1784;exact;1808;hgis;1784;1808;2143;;
JUPEHUAN;Subdelegacion;Anco;PRPEHU00;Gobernacion-Intendencia;Huamanga;1784;exact;1808;hgis;1784;exact;1808;hgis;1784;1808;2144;;
JUPEHUAH;Subdelegacion;Andahuaylas;PRPEHU00;Gobernacion-Intendencia;Huamanga;1784;exact;1808;hgis;1784;exact;1808;hgis;1784;1808;2145;;
JUPEHUPA;Subdelegacion;Parinacochas;PRPEHU00;Gobernacion-Intendencia;Huamanga;1784;exact;1808;hgis;1784;exact;1808;hgis;1784;1808;2146;;
JUPEHULU;Subdelegacion;Lucanas;PRPEHU00;Gobernacion-Intendencia;Huamanga;1784;exact;1808;hgis;1784;exact;1808;hgis;1784;1808;2147;;
JUPEHUHT;Subdelegacion;Huanta;PRPEHU00;Gobernacion-Intendencia;Huamanga;1784;exact;1808;hgis;1784;exact;1808;hgis;1784;1808;2148;;
JUPEHUCA;Subdelegacion;Cangallo;PRPEHU00;Gobernacion-Intendencia;Huamanga;1784;exact;1808;hgis;1784;exact;1808;hgis;1784;1808;2149;;
JUPEHUHU;Jurisdiccion;Huamanga;PRPEHU00;Gobernacion-Intendencia;Huamanga;1784;exact;1808;hgis;1784;exact;1808;hgis;1784;1808;2150;dontclip;
JUPEHVTA;Subdelegacion;Tayacaja;PRPEHV00;Gobernacion-Intendencia;Huancavelica;1784;exact;1808;hgis;1784;exact;1808;hgis;1784;1808;2151;;
JUPEHVCA;Subdelegacion;Castrovirreina;PRPEHV00;Gobernacion-Intendencia;Huancavelica;1784;exact;1808;hgis;1784;exact;1808;hgis;1784;1808;2152;;
JUPEHVHV;Subdelegacion;Huancavelica;PRPEHV00;Gobernacion-Intendencia;Huancavelica;1784;exact;1808;hgis;1784;exact;1808;hgis;1784;1808;2153;;
JUPELICA;Subdelegacion;Cañete;PRPELI00;Gobernacion-Intendencia;Lima;1784;exact;1808;hgis;1784;exact;1808;hgis;1784;1808;2155;;
JUPELICH;Subdelegacion;Chancay;PRPELI00;Gobernacion-Intendencia;Lima;1784;exact;1808;hgis;1784;exact;1808;hgis;1784;1808;2156;;
JUPELICL;Subdelegacion;El Cercado;PRPELI00;Gobernacion-Intendencia;Lima;1784;exact;1808;hgis;1784;exact;1808;hgis;1784;1808;2157;;
JUPELICO;Gobernacion Politico-Militar;El Callao;PRPELI00;Gobernacion-Intendencia;Lima;1784;exact;1808;hgis;1784;exact;1808;hgis;1784;1808;2158;;
JUPELIIC;Subdelegacion;Ica;PRPELI00;Gobernacion-Intendencia;Lima;1784;exact;1808;hgis;1784;exact;1808;hgis;1784;1808;2159;;
JUPELISA;Subdelegacion;Santa;PRPELI00;Gobernacion-Intendencia;Lima;1784;exact;1808;hgis;1784;exact;1808;hgis;1784;1808;2160;;
JUPELICN;Subdelegacion;Canta;PRPELI00;Gobernacion-Intendencia;Lima;1784;exact;1808;hgis;1784;exact;1808;hgis;1784;1808;2161;;
JUPELIYA;Subdelegacion;Yauyos;PRPELI00;Gobernacion-Intendencia;Lima;1784;exact;1808;hgis;1784;exact;1808;hgis;1784;1808;2162;;
JUPELIHU;Gobernacion Politico-Militar;Huarochiri;PRPELI00;Gobernacion-Intendencia;Lima;1784;exact;1808;hgis;1784;exact;1808;hgis;1784;1808;2163;;
JUPELILI;Jurisdiccion;Lima;PRPELI00;Gobernacion-Intendencia;Lima;1111;start;1808;hgis;1784;exact;1808;hgis;1784;1808;2164;dontclip;
JUPETACO;Corregimiento;Conchucos;PRPELI00;Virreinato;Peru;1111;start;1783;exact;1535;exact;1783;exact;1535;1783;2165;;
JUPEHULU;Corregimiento;Lucanas;PRPELI00;Virreinato;Peru;1111;start;1783;exact;1535;exact;1783;exact;1535;1783;2166;;
JUPEHUPA;Corregimiento;Parinacochas;PRPELI00;Virreinato;Peru;1111;start;1783;exact;1535;exact;1783;exact;1535;1783;2167;;
JUPECUCH;Corregimiento;Chumbivilcas;PRPELI00;Virreinato;Peru;1111;start;1783;exact;1535;exact;1783;exact;1535;1783;2168;;
JUPECUVI;Corregimiento;Vilcabamba;PRPELI00;Virreinato;Peru;1781;not_after;1783;exact;1535;exact;1783;exact;1781;1783;2169;;
JUPEARAR;Corregimiento;Arequipa;PRPELI00;Virreinato;Peru;1111;start;1783;exact;1535;exact;1783;exact;1535;1783;2170;;
JUPECUCU;Corregimiento;Cuzco;PRPELI00;Virreinato;Peru;1111;start;1783;exact;1535;exact;1783;exact;1535;1783;2171;;
JUPEHUHT;Corregimiento;Huanta;PRPELI00;Virreinato;Peru;1111;start;1783;exact;1535;exact;1783;exact;1535;1783;2172;;
JUPETACA;Corregimiento;Cajatambo;PRPELI00;Virreinato;Peru;1111;start;1783;exact;1535;exact;1783;exact;1535;1783;2173;;
JUPETAHM;Corregimiento;Huamalies;PRPELI00;Virreinato;Peru;1111;start;1783;exact;1535;exact;1783;exact;1535;1783;2174;;
JUPETAHN;Corregimiento;Huanuco;PRPELI00;Virreinato;Peru;1111;start;1783;exact;1535;exact;1783;exact;1535;1783;2175;;
JUPETAHY;Corregimiento;Huaylas;PRPELI00;Virreinato;Peru;1111;start;1783;exact;1535;exact;1783;exact;1535;1783;2176;;
JUPETAJA;Corregimiento;Jauja;PRPELI00;Virreinato;Peru;1111;start;1783;exact;1535;exact;1783;exact;1535;1783;2177;;
JUPETATA;Corregimiento;Tarma;PRPELI00;Virreinato;Peru;1111;start;1783;exact;1535;exact;1783;exact;1535;1783;2178;;
JUPETRCA;Corregimiento;Cajamarca;PRPELI00;Virreinato;Peru;1111;start;1783;exact;1535;exact;1783;exact;1535;1783;2179;;
JUPETRCH;Corregimiento;Chachapoyas;PRPELI00;Virreinato;Peru;1111;start;1783;exact;1535;exact;1783;exact;1535;1783;2180;;
JUPETRHM;Corregimiento;Huamachuco;PRPELI00;Virreinato;Peru;1759;exact;1783;exact;1535;exact;1783;exact;1759;1783;2181;;
JUPETRLU;Corregimiento;Luya y Chillaos;PRPELI00;Virreinato;Peru;1111;start;1772;exact;1535;exact;1783;exact;1535;1772;2182;;
JUPETRPA;Corregimiento;Pataz;PRPELI00;Virreinato;Peru;1111;start;1783;exact;1535;exact;1783;exact;1535;1783;2183;;
JUPETRPI;Corregimiento;Piura;PRPELI00;Virreinato;Peru;1111;start;1783;exact;1535;exact;1783;exact;1535;1783;2184;;
JUPETRSA;Corregimiento;Saña;PRPELI00;Virreinato;Peru;1735;ca;1783;exact;1535;exact;1783;exact;1735;1783;2185;;
JUPEHUHU;Corregimiento;Huamanga;PRPELI00;Virreinato;Peru;1111;start;1783;exact;1535;exact;1783;exact;1535;1783;2186;;
JUPEHVHV;Gobernacion;Huancavelica;PRPELI00;Virreinato;Peru;1601;exact;1783;exact;1535;exact;1783;exact;1601;1783;2187;;
JUPEARTA;Corregimiento;Tarapaca;PRPELI00;Virreinato;Peru;1768;exact;1783;exact;1535;exact;1783;exact;1768;1783;2188;;
JUPETRCC;Corregimiento;Chimo y Chicama;PRPELI00;Virreinato;Peru;1111;start;1634;exact;1535;exact;1783;exact;1535;1634;2189;;
JUPEARCS;Corregimiento;Condesuyos;PRPELI00;Virreinato;Peru;1111;start;1783;exact;1535;exact;1783;exact;1535;1783;2190;;
JUPECUAB;Corregimiento;Abancay;PRPELI00;Virreinato;Peru;1111;start;1783;exact;1535;exact;1783;exact;1535;1783;2191;;
JUPEARCG;Corregimiento;Collaguas;PRPELI00;Virreinato;Peru;1111;start;1783;exact;1535;exact;1783;exact;1535;1783;2192;;
JUPEARMO;Corregimiento;Moquegua;PRPELI00;Virreinato;Peru;1111;start;1783;exact;1535;exact;1783;exact;1535;1783;2193;;
JUPEARCA;Corregimiento;Camana;PRPELI00;Virreinato;Peru;1111;start;1783;exact;1535;exact;1783;exact;1535;1783;2194;;
JUPEARAC;Corregimiento;Arica;PRPELI00;Virreinato;Peru;1111;start;1783;exact;1535;exact;1783;exact;1535;1783;2195;;
JUPECUUR;Corregimiento;Urubamba;PRPELI00;Virreinato;Peru;1741;not_before;1783;exact;1535;exact;1783;exact;1741;1783;2196;;
JUPETRTR;Corregimiento;Trujillo;PRPELI00;Virreinato;Peru;1111;start;1783;exact;1535;exact;1783;exact;1535;1783;2197;;
PRPEAR00;Corregimiento;Arequipa;PRPELI00;Virreinato;Peru;1701;hgis;1783;exact;1535;exact;1783;exact;1701;1783;2198;;
PRPECU00;Corregimiento;Cuzco;PRPELI00;Virreinato;Peru;1701;hgis;1783;exact;1535;exact;1783;exact;1701;1783;2199;;
JUPELILI;Jurisdiccion;Lima;PRPELI00;Virreinato;Peru;1111;start;1808;hgis;1535;exact;1783;exact;1535;1783;2200;dontclip;
JUPECUQU;Corregimiento;Quispicanchis;PRPELI00;Virreinato;Peru;1703;not_after;1783;exact;1535;exact;1783;exact;1703;1783;2201;;
JUPEHUCA;Corregimiento;Vilcas Huaman;PRPELI00;Virreinato;Peru;1111;start;1783;exact;1535;exact;1783;exact;1535;1783;2202;;
JUPECUCB;Corregimiento;Cotabambas;PRPELI00;Virreinato;Peru;1111;start;1783;exact;1535;exact;1783;exact;1535;1783;2203;;
JUPEARMO;Corregimiento;Ubinas;PRPELI00;Virreinato;Peru;1111;start;1700;arbitrary;1535;exact;1783;exact;1535;1700;2204;;
JUPEHVCA;Corregimiento;Castrovirreina;PRPELI00;Virreinato;Peru;1111;start;1783;exact;1535;exact;1783;exact;1535;1783;2205;;
JUPEHUAH;Corregimiento;Andahuaylas;PRPELI00;Virreinato;Peru;1111;start;1783;exact;1535;exact;1783;exact;1535;1783;2207;;
JUPECUCL;Corregimiento;Calca y Lares;PRPELI00;Virreinato;Peru;1111;start;1783;exact;1535;exact;1783;exact;1535;1783;2208;;
JUPECUPA;Corregimiento;Chilques y Masques;PRPELI00;Virreinato;Peru;1111;start;1783;exact;1535;exact;1783;exact;1535;1783;2209;;
JUPECUVI;Corregimiento;Vilcabamba;PRPELI00;Virreinato;Peru;1111;start;1683;exact;1535;exact;1783;exact;1535;1683;2210;;
JUPECUTI;Corregimiento;Canas y Canchis;PRPELI00;Virreinato;Peru;1111;start;1783;exact;1535;exact;1783;exact;1535;1783;2211;;
JUPECUPT;Corregimiento;Paucartambo;PRPELI00;Virreinato;Peru;1717;not_after;1783;exact;1535;exact;1783;exact;1717;1783;2212;;
JUPECUAY;Corregimiento;Aymaraes;PRPELI00;Virreinato;Peru;1111;start;1783;exact;1535;exact;1783;exact;1535;1783;2213;;
JUPETAHN;Subdelegacion;Huanuco;PRPETA00;Gobernacion-Intendencia;Tarma;1784;exact;1808;hgis;1784;exact;1808;hgis;1784;1808;2214;;
JUPETATA;Subdelegacion;Tarma;PRPETA00;Gobernacion-Intendencia;Tarma;1784;exact;1808;hgis;1784;exact;1808;hgis;1784;1808;2215;;
JUPETAPA;Subdelegacion;Panatahuas;PRPETA00;Gobernacion-Intendencia;Tarma;1793;exact;1808;hgis;1784;exact;1808;hgis;1793;1808;2216;;
JUPETAJA;Subdelegacion;Jauja;PRPETA00;Gobernacion-Intendencia;Tarma;1784;exact;1808;hgis;1784;exact;1808;hgis;1784;1808;2217;;
JUPETAHY;Subdelegacion;Huaylas;PRPETA00;Gobernacion-Intendencia;Tarma;1784;exact;1808;hgis;1784;exact;1808;hgis;1784;1808;2218;;
JUPETAHM;Subdelegacion;Huamalies;PRPETA00;Gobernacion-Intendencia;Tarma;1784;exact;1808;hgis;1784;exact;1808;hgis;1784;1808;2219;;
JUPETACO;Subdelegacion;Conchucos;PRPETA00;Gobernacion-Intendencia;Tarma;1784;exact;1808;hgis;1784;exact;1808;hgis;1784;1808;2220;;
JUPETACA;Subdelegacion;Cajatambo;PRPETA00;Gobernacion-Intendencia;Tarma;1784;exact;1808;hgis;1784;exact;1808;hgis;1784;1808;2221;;
JUPETRTR;Subdelegacion;Trujillo;PRPETR00;Gobernacion-Intendencia;Trujillo;1784;exact;1808;hgis;1784;exact;1808;hgis;1784;1808;2222;;
JUPETRCH;Subdelegacion;Chachapoyas;PRPETR00;Gobernacion-Intendencia;Trujillo;1784;exact;1808;hgis;1784;exact;1808;hgis;1784;1808;2223;;
JUPETRHB;Subdelegacion;Huambos;PRPETR00;Gobernacion-Intendencia;Trujillo;1787;exact;1808;hgis;1784;exact;1808;hgis;1787;1808;2224;;
JUPETRHM;Subdelegacion;Huamachuco;PRPETR00;Gobernacion-Intendencia;Trujillo;1784;exact;1808;hgis;1784;exact;1808;hgis;1784;1808;2225;;
JUPETRPA;Subdelegacion;Pataz;PRPETR00;Gobernacion-Intendencia;Trujillo;1784;exact;1808;hgis;1784;exact;1808;hgis;1784;1808;2226;;
JUPETRPI;Subdelegacion;Piura;PRPETR00;Gobernacion-Intendencia;Trujillo;1784;exact;1808;hgis;1784;exact;1808;hgis;1784;1808;2227;;
JUPETRSA;Subdelegacion;Saña;PRPETR00;Gobernacion-Intendencia;Trujillo;1784;exact;1808;hgis;1784;exact;1808;hgis;1784;1808;2228;;
JUPETRCA;Subdelegacion;Cajamarca;PRPETR00;Gobernacion-Intendencia;Trujillo;1784;exact;1808;hgis;1784;exact;1808;hgis;1784;1808;2229;;
JUQUCUCU;Jurisdiccion;Cuenca;PRQUCU00;Gobernacion;Cuenca;1557;exact;1808;hgis;1793;exact;1808;hgis;1793;1808;2230;dontclip;
JUQUCUAL;Tenencia de gobierno;Alausi;PRQUCU00;Gobernacion;Cuenca;1771;exact;1808;hgis;1793;exact;1808;hgis;1793;1808;2231;;
JUQUCUCU;Jurisdiccion;Cuenca;PRQUCU00;Tenencia de corregimiento-Jurisdiccion;Cuenca;1557;exact;1808;hgis;1557;exact;1579;exact;1557;1579;2232;dontclip;
JUQUCUCU;Jurisdiccion;Cuenca;PRQUCU00;Corregimiento;Cuenca;1557;exact;1808;hgis;1580;exact;1770;exact;1580;1770;2233;dontclip;
JUQUCUCU;Jurisdiccion;Cuenca;PRQUCU00;Gobernacion-Intendencia;Cuenca;1557;exact;1808;hgis;1777;exact;1792;exact;1777;1792;2234;dontclip;
JUQUCUAL;Tenencia de gobierno;Alausi;PRQUCU00;Gobernacion-Intendencia;Cuenca;1771;exact;1808;hgis;1777;exact;1792;exact;1777;1792;2235;;
JUQUCUCU;Jurisdiccion;Cuenca;PRQUCU00;Gobernacion;Cuenca;1557;exact;1808;hgis;1771;exact;1776;exact;1771;1776;2236;dontclip;
JUQUCUAL;Tenencia de gobierno;Alausi;PRQUCU00;Gobernacion;Cuenca;1771;exact;1808;hgis;1771;exact;1776;exact;1771;1776;2237;;
JUQUGQSB;Tenencia de gobierno;Samborondon;PRQUGQ00;Gobernacion;Guayaquil;1789;not_after;1808;hgis;1763;exact;1808;hgis;1789;1808;2238;;
JUQUGQGQ;Jurisdiccion;Guayaquil;PRQUGQ00;Gobernacion;Guayaquil;1763;exact;1808;hgis;1763;exact;1808;hgis;1763;1808;2239;dontclip;
JUQUGQPV;Tenencia de gobierno;Puerto Viejo;PRQUGQ00;Gobernacion;Guayaquil;1763;hgis;1808;hgis;1763;exact;1808;hgis;1763;1808;2240;;
JUQUGQPU;Tenencia de gobierno;Puna;PRQUGQ00;Gobernacion;Guayaquil;1783;exact;1808;hgis;1763;exact;1808;hgis;1783;1808;2241;;
JUQUGQBB;Tenencia de gobierno;Baba;PRQUGQ00;Gobernacion;Guayaquil;1763;exact;1808;hgis;1763;exact;1808;hgis;1763;1808;2242;;
JUQUGQBH;Tenencia de gobierno;Babahoyo;PRQUGQ00;Gobernacion;Guayaquil;1763;exact;1808;hgis;1763;exact;1808;hgis;1763;1808;2243;;
JUQUGQBZ;Tenencia de gobierno;Balzar;PRQUGQ00;Gobernacion;Guayaquil;1763;exact;1808;hgis;1763;exact;1808;hgis;1763;1808;2244;;
JUQUGQDA;Tenencia de gobierno;Daule;PRQUGQ00;Gobernacion;Guayaquil;1763;exact;1808;hgis;1763;exact;1808;hgis;1763;1808;2246;;
JUQUGQMA;Tenencia de gobierno;Machala;PRQUGQ00;Gobernacion;Guayaquil;1783;exact;1808;hgis;1763;exact;1808;hgis;1783;1808;2247;;
JUQUGQPB;Tenencia de gobierno;Puebloviejo;PRQUGQ00;Gobernacion;Guayaquil;1802;exact;1808;hgis;1763;exact;1808;hgis;1802;1808;2248;;
JUQUGQPA;Tenencia de gobierno;Palenque;PRQUGQ00;Gobernacion;Guayaquil;1763;exact;1808;hgis;1763;exact;1808;hgis;1763;1808;2249;;
JUQUGQYA;Tenencia de gobierno;Yaguachi;PRQUGQ00;Gobernacion;Guayaquil;1763;exact;1808;hgis;1763;exact;1808;hgis;1763;1808;2250;;
JUQUGQSE;Tenencia de gobierno;Punta de Santa Elena;PRQUGQ00;Gobernacion;Guayaquil;1763;exact;1808;hgis;1763;exact;1808;hgis;1763;1808;2251;;
JUQUGQNA;Tenencia de gobierno;Naranjal;PRQUGQ00;Gobernacion;Guayaquil;1763;exact;1808;hgis;1763;exact;1808;hgis;1763;1808;2252;;
PTQUJASA;Partido;Santiago;PRQUJA00;Gobernacion;Jaen;1618;exact;1808;hgis;1582;not_before;1808;hgis;1618;1808;2253;;
PTQUJAJA;Jurisdiccion;Jaen;PRQUJA00;Gobernacion;Jaen;1701;hgis;1808;hgis;1582;not_before;1808;hgis;1701;1808;2254;dontclip;
MIQUMAOM;Misiones;Marañon Bajo;PRQUMA00;Gobernacion;Maynas;1701;hgis;1808;hgis;1803;exact;1808;hgis;1803;1808;2255;;
MIQUMANA;Misiones;Bajo Napo;PRQUMA00;Gobernacion;Maynas;1758;exact;1808;hgis;1803;exact;1808;hgis;1803;1808;2256;;
PTPETRMO;Partido;Moyobamba;PRQUMA00;Gobernacion;Maynas;1803;exact;1808;hgis;1803;exact;1808;hgis;1803;1808;2257;;
MIQUMABO;Misiones;Marañon Alto;PRQUMA00;Gobernacion;Maynas;1701;hgis;1808;hgis;1803;exact;1808;hgis;1803;1808;2258;;
MIQUMAOM;Misiones;Marañon Bajo;PRQUMA00;Gobernacion;Maynas;1701;hgis;1808;hgis;1758;exact;1802;exact;1758;1802;2259;;
MIQUMANA;Misiones;Bajo Napo;PRQUMA00;Gobernacion;Maynas;1758;exact;1808;hgis;1758;exact;1802;exact;1758;1802;2260;;
MIQUMABO;Misiones;Marañon Alto;PRQUMA00;Gobernacion;Maynas;1701;hgis;1808;hgis;1758;exact;1802;exact;1758;1802;2261;;
MIQUMAOM;Misiones;Marañon Bajo;PRQUMA00;Jurisdiccion;Borja;1701;hgis;1808;hgis;1744;exact;1757;exact;1744;1757;2262;;
MIQUMABO;Misiones;Marañon Alto;PRQUMA00;Jurisdiccion;Borja;1701;hgis;1808;hgis;1744;exact;1757;exact;1744;1757;2263;;
MIQUMANA;Misiones;Bajo Napo;PRQUMA00;Jurisdiccion;Borja;1701;hgis;1746;exact;1744;exact;1757;exact;1744;1746;2264;;
MIQUMAOM;Misiones;Marañon Bajo;PRQUMA00;Gobernacion-Capitania General;San Francisco Borja;1701;hgis;1808;hgis;1619;exact;1743;exact;1701;1743;2265;;
MIQUMABO;Misiones;Marañon Alto;PRQUMA00;Gobernacion-Capitania General;San Francisco Borja;1701;hgis;1808;hgis;1619;exact;1743;exact;1701;1743;2266;;
MIQUMANA;Misiones;Bajo Napo;PRQUMA00;Gobernacion-Capitania General;San Francisco Borja;1701;hgis;1746;exact;1619;exact;1743;exact;1701;1743;2267;;
JUQUPOPA;Jurisdiccion-Tenencia de gobierno;Pasto;PRQUPO00;Gobernacion;Popayan;1540;exact;1808;hgis;1540;exact;1808;hgis;1540;1808;2268;;
JUQUPOPZ;Corregimiento;Paeces;PRQUPO00;Gobernacion;Popayan;1782;not_after;9999;end;1540;exact;1808;hgis;1782;1808;2269;clip;
JUQUPORA;Tenencia de gobierno;Raposo;PRQUPO00;Gobernacion;Popayan;1701;arbitrary;1808;hgis;1540;exact;1808;hgis;1701;1808;2270;;
PRNGCH00;Provincia;Rio de San Juan;PRQUPO00;Gobernacion;Popayan;1540;ca;1574;ca;1540;exact;1808;hgis;1540;1574;2271;;
JUNGPOSU;Corregimiento;Vega de Supia;PRQUPO00;Gobernacion;Popayan;1793;not_after;1808;hgis;1540;exact;1808;hgis;1793;1808;2272;;
JUNGPOCC;Tenencia de gobierno;Cartago;PRQUPO00;Gobernacion;Popayan;1756;exact;1808;hgis;1540;exact;1808;hgis;1756;1808;2273;;
PRNGCH00;Tenencia general;Choco;PRQUPO00;Gobernacion;Popayan;1687;not_before;1725;exact;1540;exact;1808;hgis;1687;1725;2274;;
JUQUPOTU;Tenencia de gobierno;Tumaco;PRQUPO00;Gobernacion;Popayan;1764;exact;1808;hgis;1540;exact;1808;hgis;1764;1808;2275;;
JUQUPOAL;Jurisdiccion-Tenencia de gobierno;Almaguer;PRQUPO00;Gobernacion;Popayan;1551;exact;1808;hgis;1540;exact;1808;hgis;1551;1808;2276;;
JUQUPOPO;Jurisdiccion;Popayan;PRQUPO00;Gobernacion;Popayan;1540;exact;1808;hgis;1540;exact;1808;hgis;1540;1808;2277;dontclip;
PRNGCH00;Provincias;Choco;PRQUPO00;Gobernacion;Popayan;1595;ca;1786;exact;1540;exact;1808;hgis;1595;1786;2278;;
PTQUPOSU;Provincia;Sucumbios;PRQUPO00;Gobernacion;Popayan;1701;hgis;1808;hgis;1540;exact;1808;hgis;1701;1808;2280;clip;
JUNGANAR;Jurisdiccion;Arma;PRQUPO00;Gobernacion;Popayan;1542;exact;1700;arbitrary;1540;exact;1808;hgis;1542;1700;2281;;
JUQUPOPS;Corregimiento-Tenencia de gobierno;Los Pastos;PRQUPO00;Gobernacion;Popayan;1753;not_after;1808;hgis;1540;exact;1808;hgis;1753;1808;2282;;
JUNGNETI;Jurisdiccion;Timana;PRQUPO00;Gobernacion;Popayan;1540;exact;1609;exact;1540;exact;1808;hgis;1540;1609;2284;;
JUQUPOMI;Tenencia de gobierno;Micay;PRQUPO00;Gobernacion;Popayan;1793;not_after;1808;hgis;1540;exact;1808;hgis;1793;1808;2285;;
JUNGNELP;Jurisdiccion;La Plata;PRQUPO00;Gobernacion;Popayan;1551;exact;1609;exact;1540;exact;1808;hgis;1551;1609;2286;;
JUNGPOTO;Jurisdiccion;Toro;PRQUPO00;Gobernacion;Popayan;1573;exact;1700;arbitrary;1540;exact;1808;hgis;1573;1700;2287;;
FRQUPOCO;Fronteras;Cofanes;PRQUPO00;Gobernacion;Popayan;1111;start;1808;hgis;1540;exact;1808;hgis;1540;1808;2289;;
PRNGAN00;Tenencia de Gobierno;Antioquia;PRQUPO00;Gobernacion;Popayan;1546;exact;1568;exact;1540;exact;1808;hgis;1546;1568;2290;;
JUQUPOBU;Jurisdiccion;Buga;PRQUPO00;Gobernacion;Popayan;1793;not_after;1808;hgis;1540;exact;1808;hgis;1793;1808;2291;;
JUQUPOIS;Jurisdiccion-Tenencia de gobierno;Iscuande;PRQUPO00;Gobernacion;Popayan;1764;exact;1808;hgis;1540;exact;1808;hgis;1764;1808;2292;;
FRQUPOXX;Fronteras;Popayan;PRQUPO00;Gobernacion;Popayan;1111;start;1808;hgis;1540;exact;1808;hgis;1540;1808;2293;;
JUQUPOCA;Jurisdiccion-Tenencia de gobierno;Cali;PRQUPO00;Gobernacion;Popayan;1540;exact;1808;hgis;1540;exact;1808;hgis;1540;1808;2294;;
JUQUPOBA;Jurisdiccion-Tenencia de gobierno;Barbacoas;PRQUPO00;Gobernacion;Popayan;1600;not_before;1808;hgis;1540;exact;1808;hgis;1600;1808;2295;;
MIQUPOSU;Jurisdiccion;Sucumbios;PRQUPO00;Gobernacion;Popayan;1557;exact;1700;arbitrary;1540;exact;1808;hgis;1557;1700;2296;;
JUQUPOCT;Jurisdiccion-Tenencia de gobierno;Caloto;PRQUPO00;Gobernacion;Popayan;1793;not_after;1808;hgis;1540;exact;1808;hgis;1793;1808;2297;;
MIQUPOPO;Misiones;Mocoa y Sucumbios;PRQUPO00;Gobernacion;Popayan;1701;hgis;1808;hgis;1540;exact;1808;hgis;1701;1808;2298;;
JUNGPOAN;Jurisdiccion;Anserma;PRQUPO00;Gobernacion;Popayan;1540;exact;1699;arbitrary;1540;exact;1808;hgis;1540;1699;2299;;
JUQUMCMC;Tenencia de gobierno;Macas;PRQUQJ00;Gobernacion;Quijos y Macas;1701;hgis;1774;not_after;1709;exact;1774;not_after;1709;1774;2300;;
MIQUMANA;Misiones;Bajo Napo;PRQUQJ00;Gobernacion;Quijos y Macas;1744;exact;1757;exact;1709;exact;1774;not_after;1744;1757;2301;;
PTQUQJQJ;Partido;Quijos;PRQUQJ00;Gobernacion;Quijos y Macas;1554;exact;1808;hgis;1709;exact;1774;not_after;1709;1774;2302;dontclip;
FRQUJIXX;Fronteras;Jivaros;PRQUQJ00;Gobernacion;Quijos y Macas;1111;start;1808;hgis;1709;exact;1774;not_after;1709;1774;2303;;
PTQUQJCA;Partido;Canelos;PRQUQJ00;Gobernacion;Quijos y Macas;1701;hgis;1808;hgis;1709;exact;1774;not_after;1709;1774;2304;;
PTQUQJQJ;Partido;Quijos;PRQUQJ00;Gobernacion;Quijos;1554;exact;1808;hgis;1775;not_after;1808;hgis;1775;1808;2305;dontclip;
FRQUJIXX;Fronteras;Jivaros;PRQUQJ00;Gobernacion;Quijos;1111;start;1808;hgis;1775;not_after;1808;hgis;1775;1808;2306;;
PTQUQJCA;Partido;Canelos;PRQUQJ00;Gobernacion;Quijos;1701;hgis;1808;hgis;1775;not_after;1808;hgis;1775;1808;2307;;
PTQUQJQJ;Partido;Quijos;PRQUQJ00;Gobernacion;Quijos y Macas;1554;exact;1808;hgis;1554;exact;1558;exact;1554;1558;2308;dontclip;
FRQUJIXX;Fronteras;Jivaros;PRQUQJ00;Gobernacion;Quijos y Macas;1111;start;1808;hgis;1554;exact;1558;exact;1554;1558;2309;;
PTQUQJQJ;Partido;Quijos;PRQUQJ00;Gobernacion;Quijos;1554;exact;1808;hgis;1559;exact;1699;exact;1559;1699;2310;dontclip;
FRQUJIXX;Fronteras;Jivaros;PRQUQJ00;Gobernacion;Quijos;1111;start;1808;hgis;1559;exact;1699;exact;1559;1699;2311;;
JUQUMCMC;Tenencia de gobierno;Macas;PRQUQJ00;Corregimiento;Quijos;1701;hgis;1774;not_after;1700;exact;1708;exact;1701;1708;2312;;
PTQUQJQJ;Partido;Quijos;PRQUQJ00;Corregimiento;Quijos;1554;exact;1808;hgis;1700;exact;1708;exact;1700;1708;2313;dontclip;
FRQUJIXX;Fronteras;Jivaros;PRQUQJ00;Corregimiento;Quijos;1111;start;1808;hgis;1700;exact;1708;exact;1700;1708;2314;;
PTQUQJCA;Partido;Canelos;PRQUQJ00;Corregimiento;Quijos;1701;hgis;1808;hgis;1700;exact;1708;exact;1701;1708;2315;;
JUQUIBIB;Corregimiento;Ibarra;AUQU0000;Audiencia Real;Quito;1606;exact;1808;hgis;1563;exact;1808;hgis;1606;1808;2317;;agregado
JUQUOTOT;Corregimiento;Otavalo;AUQU0000;Audiencia Real;Quito;1565;not_before;1808;hgis;1563;exact;1808;hgis;1565;1808;2318;;agregado
JUQULOLO;Corregimiento;Loja;AUQU0000;Audiencia Real;Quito;1582;exact;1808;hgis;1563;exact;1808;hgis;1582;1808;2319;;agregado
JUQULTLT;Corregimiento;La Tacunga;AUQU0000;Audiencia Real;Quito;1599;exact;1808;hgis;1563;exact;1808;hgis;1599;1808;2320;;agregado
JUQURBAM;Corregimiento;Ambato;AUQU0000;Audiencia Real;Quito;1797;exact;1808;hgis;1563;exact;1808;hgis;1797;1808;2322;;agregado
JUQUCHCH;Corregimiento;Chimbo;AUQU0000;Audiencia Real;Quito;1701;arbitrary;1808;hgis;1563;exact;1808;hgis;1701;1808;2323;;agregado
JUQURBRB;Corregimiento;Riobamba;AUQU0000;Audiencia Real;Quito;1589;exact;1808;hgis;1563;exact;1808;hgis;1589;1808;2325;;agregado
PTQUYAZA;Tenencia de corregimiento;Zamora;AUQU0000;Audiencia Real;Quito;1549;exact;1599;arbitrary;1563;exact;1808;hgis;1563;1599;2326;;agregado
PTQUYAZA;Tenencia de corregimiento;Zamora;PRQUQU00;Gobernacion;Quito;1549;exact;1599;arbitrary;1540;exact;1562;exact;1549;1562;2328;;
PTQUJASA;Partido;Santiago;PRQUYA00;Corregimiento;Yaguarzongo;1558;exact;1617;hgis;1593;exact;1617;exact;1593;1617;2329;;
PTQUYAZA;Partido;Zamora;PRQUYA00;Corregimiento;Yaguarzongo;1600;arbitrary;1808;hgis;1593;exact;1617;exact;1600;1617;2330;;
PTQUYAZA;Partido;Zamora;JUQULOLO;Corregimiento;Loja;1600;arbitrary;1808;hgis;1618;exact;1808;hgis;1618;1808;2331;;agregado
PTQUJASA;Partido;Santiago;PRQUYA00;Gobernacion;Yaguarzongo;1558;exact;1617;hgis;1556;exact;1592;exact;1558;1592;2332;;
JURPBOMV;Gobernacion Politico-Militar;Montevideo;PRRPBA00;Gobernacion-Intendencia;Buenos Aires;1784;exact;1808;hgis;1784;exact;1808;hgis;1784;1808;2333;;
JURPMIYA;Subdelegacion;Yapeyu;PRRPBA00;Gobernacion-Intendencia;Buenos Aires;1784;exact;1808;hgis;1784;exact;1808;hgis;1784;1808;2334;;
JURPBASF;Subdelegacion;Santa Fe;PRRPBA00;Gobernacion-Intendencia;Buenos Aires;1784;exact;1808;hgis;1784;exact;1808;hgis;1784;1808;2335;;
JURPBACR;Subdelegacion;Corrientes;PRRPBA00;Gobernacion-Intendencia;Buenos Aires;1784;exact;1808;hgis;1784;exact;1808;hgis;1784;1808;2336;;
JURPPGPG;Comandancia;Patagones;PRRPBA00;Gobernacion-Intendencia;Buenos Aires;1787;exact;1808;exact;1784;exact;1808;hgis;1787;1808;2337;;
JURPBOBO;Partido;Banda Oriental;PRRPBA00;Gobernacion-Intendencia;Buenos Aires;1788;exact;1808;hgis;1784;exact;1808;hgis;1788;1808;2338;;
JURPBABA;Jurisdiccion;Buenos Aires;PRRPBA00;Gobernacion-Intendencia;Buenos Aires;1701;hgis;1808;not_before;1784;exact;1808;hgis;1784;1808;2339;dontclip;
PTRPBOCO;Comandancia;Colonia;PRRPBA00;Gobernacion-Intendencia;Buenos Aires;1777;not_before;1808;hgis;1784;exact;1808;hgis;1784;1808;2340;;
JURPMISM;Subdelegacion;San Miguel;PRRPBA00;Gobernacion-Intendencia;Buenos Aires;1784;exact;1808;hgis;1784;exact;1808;hgis;1784;1808;2341;;
PTRPBOMA;Jurisdiccion;Maldonado;PRRPBA00;Gobernacion-Intendencia;Buenos Aires;1786;exact;1808;hgis;1784;exact;1808;hgis;1786;1808;2342;;
PTRPBOST;Comandancia;Santa Tecla;PRRPBA00;Gobernacion-Intendencia;Buenos Aires;1774;not_before;1800;exact;1784;exact;1808;hgis;1784;1800;2343;;
JURPBAER;Comandancia General;Entrerrios;PRRPBA00;Gobernacion-Intendencia;Buenos Aires;1782;exact;1808;hgis;1784;exact;1808;hgis;1784;1808;2344;;
JURPMICO;Subdelegacion;Concepcion;PRRPBA00;Gobernacion-Intendencia;Buenos Aires;1784;exact;1808;hgis;1784;exact;1808;hgis;1784;1808;2345;;
JURPMAMA;Comandancia;Malvinas;PRRPBA00;Gobernacion-Intendencia;Buenos Aires;1774;exact;1808;hgis;1784;exact;1808;hgis;1784;1808;2346;;
JURPMISM;Gobernacion;Misiones del Uruguay;PRRPBA00;Gobernacion-Capitania General;Rio de la Plata;1768;exact;1769;exact;1620;exact;1783;exact;1768;1769;2348;;
PRRPMIOR;Gobernacion;Misiones orientales;PRRPBA00;Gobernacion-Capitania General;Rio de la Plata;1768;exact;1769;exact;1620;exact;1783;exact;1768;1769;2349;;
JURPBABA;Jurisdiccion;Buenos Aires;PRRPBA00;Gobernacion-Capitania General;Rio de la Plata;1701;hgis;1808;not_before;1620;exact;1783;exact;1701;1783;2351;dontclip;
PTRPBOCO;Comandancia;Colonia;PRRPBA00;Gobernacion-Capitania General;Rio de la Plata;1777;not_before;1808;hgis;1620;exact;1783;exact;1777;1783;2352;;
PTRPBOST;Comandancia;Santa Tecla;PRRPBA00;Gobernacion-Capitania General;Rio de la Plata;1774;not_before;1800;exact;1620;exact;1783;exact;1774;1783;2353;;
JURPBAER;Comandancia General;Entrerrios;PRRPBA00;Gobernacion-Capitania General;Rio de la Plata;1782;exact;1808;hgis;1620;exact;1783;exact;1782;1783;2354;;
JURPBOMV;Jurisdiccion;Montevideo;PRRPBA00;Gobernacion-Capitania General;Rio de la Plata;1726;exact;1750;exact;1620;exact;1783;exact;1726;1750;2355;;
JURPMAMA;Comandancia;Malvinas;PRRPBA00;Gobernacion-Capitania General;Rio de la Plata;1774;exact;1808;hgis;1620;exact;1783;exact;1774;1783;2356;;
JURPCOME;Subdelegacion;Mendoza;PRRPCO00;Gobernacion-Intendencia;Cordoba;1784;exact;1808;hgis;1784;exact;1808;hgis;1784;1808;2357;;
JURPCOSJ;Subdelegacion;San Juan;PRRPCO00;Gobernacion-Intendencia;Cordoba;1784;exact;1808;hgis;1784;exact;1808;hgis;1784;1808;2358;;
JURPCOLR;Subdelegacion;La Rioja;PRRPCO00;Gobernacion-Intendencia;Cordoba;1784;exact;1808;hgis;1784;exact;1808;hgis;1784;1808;2359;;
JURPCOCO;Subdelegacion;Cordoba;PRRPCO00;Gobernacion-Intendencia;Cordoba;1784;exact;1808;hgis;1784;exact;1808;hgis;1784;1808;2360;;
JURPCOSL;Subdelegacion;San Luis;PRRPCO00;Gobernacion-Intendencia;Cordoba;1784;exact;1808;hgis;1784;exact;1808;hgis;1784;1808;2361;;
PTRPMIEM;Fronteras;Estancias;PRRPMIMI;Gobernacion Politico-Militar;Misiones;1111;start;1808;hgis;1804;exact;1805;exact;1804;1805;2362;;
PTRPMIER;Fronteras;Estancias;PRRPMIMI;Gobernacion Politico-Militar;Misiones;1111;start;1808;hgis;1804;exact;1805;exact;1804;1805;2363;;
PTRPMIEM;Fronteras;Estancias;PRRPMIMI;Gobernacion;Misiones;1111;start;1808;hgis;1768;exact;1803;exact;1768;1803;2364;;
PTRPMIER;Fronteras;Estancias;PRRPMIMI;Gobernacion;Misiones;1111;start;1808;hgis;1768;exact;1803;exact;1768;1803;2365;;
JURPMICA;Partido;Misiones;PRRPMIMI;Gobernacion;Misiones;1701;hgis;1769;exact;1768;exact;1803;exact;1768;1769;2366;dontclip;
JURPMIYA;Tenencia de gobierno;Yapeyu;PRRPMIMI;Gobernacion;Misiones;1773;ca;1783;exact;1768;exact;1803;exact;1773;1783;2367;;
JURPMICO;Tenencia de gobierno;Concepcion;PRRPMIMI;Gobernacion;Misiones;1773;ca;1783;exact;1768;exact;1803;exact;1773;1783;2368;;
JURPMISA;Tenencia de gobierno;Santiago;PRRPMIMI;Gobernacion;Misiones;1773;ca;1783;exact;1768;exact;1803;exact;1773;1783;2369;;
JURPMISM;Tenencia de gobierno;San Miguel;PRRPMIMI;Gobernacion;Misiones;1773;ca;1783;exact;1768;exact;1803;exact;1773;1783;2370;;
PTRPMIEM;Fronteras;Estancias;PRRPPA00;Gobernacion-Intendencia;Paraguay;1111;start;1808;hgis;1806;exact;1808;hgis;1806;1808;2371;;agregado
PTRPMIER;Fronteras;Estancias;PRRPPA00;Gobernacion-Intendencia;Paraguay;1111;start;1808;hgis;1806;exact;1808;hgis;1806;1808;2372;;agregado
JURPMISA;Subdelegacion;Santiago;PRRPPA00;Gobernacion-Intendencia;Paraguay;1806;exact;1808;hgis;1806;exact;1808;hgis;1806;1808;2373;;agregado
JURPMICA;Subdelegacion;Candelaria;PRRPPA00;Gobernacion-Intendencia;Paraguay;1806;exact;1808;hgis;1806;exact;1808;hgis;1806;1808;2374;clip;agregado
PTRPMIEM;Fronteras;Estancias;PRRPMIMI;Misiones;Guaranies;1111;start;1808;hgis;1111;start;1767;exact;1111;1767;2375;;
PTRPMIER;Fronteras;Estancias;PRRPMIMI;Misiones;Guaranies;1111;start;1808;hgis;1111;start;1767;exact;1111;1767;2376;;
JURPMICA;Partido;Misiones;PRRPMIMI;Misiones;Guaranies;1701;hgis;1769;exact;1111;start;1767;exact;1701;1767;2377;dontclip;
JURPPAAS;Jurisdiccion;Asuncion;PRRPPA00;Gobernacion-Capitania General;Paraguay;1701;hgis;1808;hgis;1735;exact;1783;exact;1735;1783;2378;dontclip;
FRRPYEVA;Fronteras;Yerbales y Vaquerias;PRRPPA00;Gobernacion-Capitania General;Paraguay;1111;start;1808;hgis;1735;exact;1783;exact;1735;1783;2379;;
FRPAMAIT;Fronteras;Itatines y Jerez;PRRPPA00;Gobernacion-Capitania General;Paraguay;1111;start;1808;hgis;1735;exact;1783;exact;1735;1783;2380;;
PTRPPARG;Partido;Pueblos;PRRPPA00;Gobernacion-Capitania General;Paraguay;1701;hgis;1808;hgis;1735;exact;1783;exact;1735;1783;2381;;
FRPAMAGU;Fronteras;Guayra;PRRPPA00;Gobernacion-Capitania General;Paraguay;1111;start;1808;hgis;1735;exact;1783;exact;1735;1783;2382;;
JURPMICA;Subdelegacion;Candelaria;PRRPPA00;Gobernacion-Capitania General;Paraguay;1770;exact;1805;exact;1735;exact;1783;exact;1770;1783;2383;;
JURPPAAS;Jurisdiccion;Asuncion;PRRPPA00;Gobernacion-Capitania General;Paraguay;1701;hgis;1808;hgis;1620;exact;1730;exact;1701;1730;2384;dontclip;
FRRPYEVA;Fronteras;Yerbales y Vaquerias;PRRPPA00;Gobernacion-Capitania General;Paraguay;1111;start;1808;hgis;1620;exact;1730;exact;1620;1730;2385;;
FRPAMAIT;Fronteras;Itatines y Jerez;PRRPPA00;Gobernacion-Capitania General;Paraguay;1111;start;1808;hgis;1620;exact;1730;exact;1620;1730;2386;;
PTRPPARG;Partido;Pueblos;PRRPPA00;Gobernacion-Capitania General;Paraguay;1701;hgis;1808;hgis;1620;exact;1730;exact;1701;1730;2387;;
FRPAMAGU;Fronteras;Guayra;PRRPPA00;Gobernacion-Capitania General;Paraguay;1111;start;1808;hgis;1620;exact;1730;exact;1620;1730;2388;;
JURPPAAS;Jurisdiccion;Asuncion;PRRPPA00;Republica;Paraguay;1701;hgis;1808;hgis;1731;exact;1734;exact;1731;1734;2389;dontclip;
FRRPYEVA;Fronteras;Yerbales y Vaquerias;PRRPPA00;Republica;Paraguay;1111;start;1808;hgis;1731;exact;1734;exact;1731;1734;2390;;
FRPAMAIT;Fronteras;Itatines y Jerez;PRRPPA00;Republica;Paraguay;1111;start;1808;hgis;1731;exact;1734;exact;1731;1734;2391;;
PTRPPARG;Partido;Pueblos;PRRPPA00;Republica;Paraguay;1701;hgis;1808;hgis;1731;exact;1734;exact;1731;1734;2392;;
FRPAMAGU;Fronteras;Guayra;PRRPPA00;Republica;Paraguay;1111;start;1808;hgis;1731;exact;1734;exact;1731;1734;2393;;
JURPPAAS;Jurisdiccion;Asuncion;PRRPPA00;Gobernacion-Intendencia;Paraguay;1701;hgis;1808;hgis;1784;exact;1808;hgis;1784;1808;2394;dontclip;
PTRPPACO;Subdelegacion;Villa Real;PRRPPA00;Gobernacion-Intendencia;Paraguay;1784;exact;1808;hgis;1784;exact;1808;hgis;1784;1808;2395;;
FRRPYEVA;Fronteras;Yerbales y Vaquerias;PRRPPA00;Gobernacion-Intendencia;Paraguay;1111;start;1808;hgis;1784;exact;1808;hgis;1784;1808;2396;;
FRPAMAIT;Fronteras;Itatines y Jerez;PRRPPA00;Gobernacion-Intendencia;Paraguay;1111;start;1808;hgis;1784;exact;1808;hgis;1784;1808;2397;;
PRRPMIMI;Gobernacion Politico-Militar;Misiones;PRRPPA00;Gobernacion-Intendencia;Paraguay;1806;exact;1808;hgis;1784;exact;1808;hgis;1806;1808;2398;dontclip;
JURPPACU;Subdelegacion;Curuguaty;PRRPPA00;Gobernacion-Intendencia;Paraguay;1784;exact;1808;hgis;1784;exact;1808;hgis;1784;1808;2399;;
JURPMISA;Subdelegacion;Santiago;PRRPPA00;Gobernacion-Intendencia;Paraguay;1784;exact;1805;exact;1784;exact;1808;hgis;1784;1805;2400;;
PTRPPARG;Partido;Pueblos;PRRPPA00;Gobernacion-Intendencia;Paraguay;1701;hgis;1808;hgis;1784;exact;1808;hgis;1784;1808;2401;;
JURPPAES;Subdelegacion;Villarrica;PRRPPA00;Gobernacion-Intendencia;Paraguay;1784;exact;1808;hgis;1784;exact;1808;hgis;1784;1808;2402;;
JURPPAYC;Subdelegacion;Ycuamandiyu;PRRPPA00;Gobernacion-Intendencia;Paraguay;1784;exact;1808;hgis;1784;exact;1808;hgis;1784;1808;2403;;
FRPAMAGU;Fronteras;Guayra;PRRPPA00;Gobernacion-Intendencia;Paraguay;1111;start;1808;hgis;1784;exact;1808;hgis;1784;1808;2404;;
JURPMICA;Subdelegacion;Candelaria;PRRPPA00;Gobernacion-Intendencia;Paraguay;1770;exact;1805;exact;1784;exact;1808;hgis;1784;1805;2405;;
JURPSANO;Subdelegacion;Nueva Oran;PRRPSA00;Gobernacion-Intendencia;Salta;1795;exact;1808;hgis;1784;exact;1808;hgis;1795;1808;2407;;
JURPSAJU;Subdelegacion;Jujuy;PRRPSA00;Gobernacion-Intendencia;Salta;1784;exact;1808;hgis;1784;exact;1808;hgis;1784;1808;2408;;
JURPSAES;Subdelegacion;Santiago;PRRPSA00;Gobernacion-Intendencia;Salta;1784;exact;1808;hgis;1784;exact;1808;hgis;1784;1808;2409;;
JURPSASM;Subdelegacion;San Miguel;PRRPSA00;Gobernacion-Intendencia;Salta;1784;exact;1808;hgis;1784;exact;1808;hgis;1784;1808;2410;;
JURPSACT;Subdelegacion;Catamarca;PRRPSA00;Gobernacion-Intendencia;Salta;1784;exact;1808;hgis;1784;exact;1808;hgis;1784;1808;2411;;
JURPSAPU;Subdelegacion;La Puna;PRRPSA00;Gobernacion-Intendencia;Salta;1796;exact;1808;hgis;1784;exact;1808;hgis;1796;1808;2412;;
JURPSASA;Subdelegacion;Salta;PRRPSA00;Gobernacion-Intendencia;Salta;1784;exact;1808;hgis;1784;exact;1808;hgis;1784;1808;2413;;
JURPSASM;Tenencia de gobierno;San Miguel;PRRPTU00;Gobernacion-Capitania General;Tucuman;1701;hgis;1783;exact;1564;exact;1783;exact;1701;1783;2414;;
JURPSAJU;Tenencia de gobierno;Jujuy;PRRPTU00;Gobernacion-Capitania General;Tucuman;1701;hgis;1783;exact;1564;exact;1783;exact;1701;1783;2415;;
JURPSAES;Tenencia de gobierno;Santiago;PRRPTU00;Gobernacion-Capitania General;Tucuman;1701;hgis;1783;exact;1564;exact;1783;exact;1701;1783;2416;;
JURPSASA;Tenencia de gobierno;Salta;PRRPTU00;Gobernacion-Capitania General;Tucuman;1701;hgis;1783;exact;1564;exact;1783;exact;1701;1783;2417;;
JURPCOCO;Partido;Cordoba;PRRPTU00;Gobernacion-Capitania General;Tucuman;1701;hgis;1783;exact;1564;exact;1783;exact;1701;1783;2418;dontclip;
JURPSACT;Tenencia de gobierno;Catamarca;PRRPTU00;Gobernacion-Capitania General;Tucuman;1701;hgis;1783;exact;1564;exact;1783;exact;1701;1783;2419;;
JURPCOLR;Tenencia de gobierno;La Rioja;PRRPTU00;Gobernacion-Capitania General;Tucuman;1701;hgis;1783;exact;1564;exact;1783;exact;1701;1783;2420;;
JUSDCUHO;Tenencia de gobierno;Holguin;PRSDCU00;Gobernacion;Santiago de Cuba;1752;exact;1808;hgis;1608;exact;1808;hgis;1752;1808;2421;;
JUSDCUBY;Tenencia de gobierno;Bayamo;PRSDCU00;Gobernacion;Santiago de Cuba;1751;exact;1808;hgis;1608;exact;1808;hgis;1751;1808;2422;;
JUSDCUBC;Tenencia de gobierno;Baracoa;PRSDCU00;Gobernacion;Santiago de Cuba;1790;not_after;1808;hgis;1608;exact;1808;hgis;1790;1808;2423;;
JUSDCUPP;Jurisdiccion;Puerto Principe;PRSDCU00;Gobernacion;Santiago de Cuba;1701;hgis;1732;exact;1608;exact;1808;hgis;1701;1732;2424;;
JUSDCUPP;Tenencia de gobierno;Puerto Principe;PRSDCU00;Gobernacion;Santiago de Cuba;1734;exact;1808;hgis;1608;exact;1808;hgis;1734;1808;2425;;
JUSDCUPP;Jurisdiccion;Puerto Principe;PRSDCU00;Gobernacion;Santiago de Cuba;1743;exact;1747;exact;1608;exact;1808;hgis;1743;1747;2426;;
SESDGU00;Marquesado;Guiza;PRSDCU00;Gobernacion;Santiago de Cuba;1774;exact;1808;hgis;1608;exact;1808;hgis;1774;1808;2427;;
JUSDCUCU;Jurisdiccion;Santiago de Cuba;PRSDCU00;Gobernacion;Santiago de Cuba;1701;hgis;1808;hgis;1608;exact;1808;hgis;1701;1808;2428;dontclip;
JUSDFLFE;Jurisdiccion;Florida oriental;PRSDFL00;Gobernacion;Florida oriental;1783;exact;1808;hgis;1783;exact;1803;exact;1783;1803;2429;dontclip;
PTSDFLAP;Comandancia;Apalache;PRSDFL00;Gobernacion;Florida oriental;1783;exact;1808;hgis;1783;exact;1803;exact;1783;1803;2430;;
JUSDFLFE;Jurisdiccion;Florida oriental;PRSDFL00;Gobernacion;Las Floridas;1783;exact;1808;hgis;1804;exact;1808;hgis;1804;1808;2431;dontclip;
PTSDFLAP;Comandancia;Apalache;PRSDFL00;Gobernacion;Las Floridas;1783;exact;1808;hgis;1804;exact;1808;hgis;1804;1808;2432;;
PTSDFLAP;Comandancia;Apalache;PRSDFL00;Gobernacion;Las Floridas;1718;exact;1762;exact;1565;exact;1735;exact;1718;1735;2433;;
FRFLGUXX;Fronteras;Guale;PRSDFL00;Gobernacion;Las Floridas;1111;start;1731;exact;1565;exact;1735;exact;1565;1731;2434;;
JUSDFLFE;Jurisdiccion;San Agustin;PRSDFL00;Gobernacion;Las Floridas;1701;hgis;1762;exact;1565;exact;1735;exact;1701;1735;2435;dontclip;
PTSDFLAP;Comandancia;Apalache;PRSDFL00;Gobernacion-Capitania General;Las Floridas;1718;exact;1762;exact;1736;exact;1762;exact;1736;1762;2436;;
JUSDFLFE;Jurisdiccion;San Agustin;PRSDFL00;Gobernacion-Capitania General;Las Floridas;1701;hgis;1762;exact;1736;exact;1762;exact;1736;1762;2437;dontclip;
PRSDCU00;Gobernacion;Santiago de Cuba;PRSDIC00;Gobernacion-Capitania General;Cuba;1608;exact;1808;hgis;1511;exact;1608;exact;1608;1608;2438;;
PRSDJA00;Marquesado;Jamaica;PRSDIC00;Gobernacion-Capitania General;Cuba;1537;exact;1654;exact;1511;exact;1608;exact;1537;1608;2439;;
PRSDCU00;Gobernacion;Santiago de Cuba;PRSDIC00;Capitania General;Cuba;1608;exact;1808;hgis;1609;exact;1808;hgis;1609;1808;2440;;
PRSDFL00;Gobernacion;Las Floridas;PRSDIC00;Capitania General;Cuba;1804;exact;1808;hgis;1609;exact;1808;hgis;1804;1808;2441;;
PRSDLH00;Gobernacion;La Habana;PRSDIC00;Capitania General;Cuba;1609;exact;1808;hgis;1609;exact;1808;hgis;1609;1808;2442;dontclip;
PRSDJA00;Marquesado;Jamaica;PRSDIC00;Capitania General;Cuba;1537;exact;1654;exact;1609;exact;1808;hgis;1609;1654;2443;;
INSDLU00;Corregimiento-Intendencia;Luisiana;PRSDIC00;Capitania General;Cuba;1766;exact;1768;exact;1609;exact;1808;hgis;1766;1768;2444;;
PRSDLU00;Gobernacion;Luisiana;PRSDIC00;Capitania General;Cuba;1793;exact;1803;exact;1609;exact;1808;hgis;1793;1803;2445;;
JUSDFLFW;Gobernacion;Florida occidental;PRSDIC00;Capitania General;Cuba;1781;exact;1808;hgis;1609;exact;1808;hgis;1781;1808;2446;;
JUSDLHSA;Jurisdiccion;San Antonio;PRSDIC00;Capitania General;Cuba;1794;exact;1808;hgis;1609;exact;1808;hgis;1794;1808;2447;;cabecera
JUSDCUPP;Jurisdiccion;Puerto Principe;PRSDIC00;Capitania General;Cuba;1748;exact;9999;end;1609;exact;1808;hgis;1748;1808;2448;;cabecera
JUSDLHFS;Jurisdiccion;Bejucal;PRSDIC00;Capitania General;Cuba;1713;exact;1808;hgis;1609;exact;1808;hgis;1713;1808;2449;;cabecera
JUSDLHLH;Jurisdiccion;La Habana;PRSDIC00;Capitania General;Cuba;1701;hgis;1808;hgis;1609;exact;1808;hgis;1701;1808;2450;clip;cabecera
JUSDLHSV;Jurisdiccion;Santiago de las Vegas;PRSDIC00;Capitania General;Cuba;1725;exact;1808;hgis;1609;exact;1808;hgis;1725;1808;2451;;cabecera
JUSDLHGU;Jurisdiccion;Guanabacoa;PRSDIC00;Capitania General;Cuba;1743;exact;1808;hgis;1609;exact;1808;hgis;1743;1808;2452;;cabecera
JUSDCUPP;Jurisdiccion;Puerto Principe;PRSDIC00;Capitania General;Cuba;1733;exact;1742;exact;1609;exact;1808;hgis;1733;1742;2453;;cabecera
SESDRO00;Condado;Casa Bayona;PRSDIC00;Capitania General;Cuba;1732;exact;1808;hgis;1609;exact;1808;hgis;1732;1808;2454;;cabecera
JUSDLHRO;Jurisdiccion;Rosario;PRSDIC00;Capitania General;Cuba;1732;not_before;1808;hgis;1609;exact;1808;hgis;1732;1808;2455;;cabecera
JUSDLHFI;Tenencia de gobierno;Filipinas;PRSDIC00;Capitania General;Cuba;1774;exact;1808;hgis;1609;exact;1808;hgis;1774;1808;2456;;cabecera
SESDSA00;Marquesado;Montehermoso;PRSDIC00;Capitania General;Cuba;1794;exact;1808;hgis;1609;exact;1808;hgis;1794;1808;2457;;cabecera
JUSDLHCV;Tenencia de gobierno;Cuatro Villas;PRSDIC00;Capitania General;Cuba;1111;start;1785;exact;1609;exact;1808;hgis;1609;1785;2458;;cabecera
SESDFS00;Marquesado;Bejucal;PRSDIC00;Capitania General;Cuba;1713;exact;1808;hgis;1609;exact;1808;hgis;1713;1808;2459;;cabecera
JUSDLHJA;Jurisdiccion;Jaruco;PRSDIC00;Capitania General;Cuba;1770;not_before;1808;hgis;1609;exact;1808;hgis;1770;1808;2460;;cabecera
JUSDLHMA;Jurisdiccion;Matanzas;PRSDIC00;Capitania General;Cuba;1701;hgis;1808;hgis;1609;exact;1808;hgis;1701;1808;2461;;cabecera
JUSDLHCV;Tenencia de gobierno;Cuatro Villas;PRSDIC00;Capitania General;Cuba;1791;exact;1808;hgis;1609;exact;1808;hgis;1791;1808;2462;;cabecera
JUSDLUIL;Tenencia de gobierno;Ilinueses;PRSDLU00;Gobernacion-Intendencia;Luisiana;1770;not_after;1803;exact;1769;exact;1779;exact;1770;1779;2463;;
JUSDLUNO;Jurisdiccion;Baja Luisiana;PRSDLU00;Gobernacion-Intendencia;Luisiana;1770;not_after;1803;exact;1769;exact;1779;exact;1770;1779;2464;dontclip;
JUSDLUNT;Tenencia de gobierno;Natchitoches;PRSDLU00;Gobernacion-Intendencia;Luisiana;1770;not_after;1803;not_after;1769;exact;1779;exact;1770;1779;2465;;
JUSDLUMO;Gobernacion;Mobila;PRSDLU00;Gobernacion-Intendencia;Luisiana;1792;not_after;1800;not_before;1789;exact;1792;exact;1792;1792;2466;;
JUSDLUNZ;Gobernacion;Natchez;PRSDLU00;Gobernacion-Intendencia;Luisiana;1787;exact;1797;exact;1789;exact;1792;exact;1789;1792;2467;;
JUSDLUIL;Tenencia de gobierno;Ilinueses;PRSDLU00;Gobernacion-Intendencia;Luisiana;1770;not_after;1803;exact;1789;exact;1792;exact;1789;1792;2468;;
JUSDLUNO;Jurisdiccion;Baja Luisiana;PRSDLU00;Gobernacion-Intendencia;Luisiana;1770;not_after;1803;exact;1789;exact;1792;exact;1789;1792;2469;dontclip;
JUSDLUNT;Tenencia de gobierno;Natchitoches;PRSDLU00;Gobernacion-Intendencia;Luisiana;1770;not_after;1803;not_after;1789;exact;1792;exact;1789;1792;2470;;
JUSDLUNZ;Gobernacion;Natchez;PRSDLU00;Gobernacion;Luisiana;1787;exact;1797;exact;1780;exact;1788;exact;1787;1788;2471;;
JUSDLUIL;Tenencia de gobierno;Ilinueses;PRSDLU00;Gobernacion;Luisiana;1770;not_after;1803;exact;1780;exact;1788;exact;1780;1788;2472;;
JUSDLUNO;Jurisdiccion;Baja Luisiana;PRSDLU00;Gobernacion;Luisiana;1770;not_after;1803;exact;1780;exact;1788;exact;1780;1788;2473;dontclip;
JUSDLUNT;Tenencia de gobierno;Natchitoches;PRSDLU00;Gobernacion;Luisiana;1770;not_after;1803;not_after;1780;exact;1788;exact;1780;1788;2474;;
JUSDLUMO;Gobernacion;Mobila;PRSDLU00;Gobernacion;Luisiana;1792;not_after;1800;not_before;1793;exact;1803;exact;1793;1800;2475;;
JUSDLUNZ;Gobernacion;Natchez;PRSDLU00;Gobernacion;Luisiana;1787;exact;1797;exact;1793;exact;1803;exact;1793;1797;2476;;
JUSDLUIL;Tenencia de gobierno;Ilinueses;PRSDLU00;Gobernacion;Luisiana;1770;not_after;1803;exact;1793;exact;1803;exact;1793;1803;2477;;
JUSDLUNO;Jurisdiccion;Baja Luisiana;PRSDLU00;Gobernacion;Luisiana;1770;not_after;1803;exact;1793;exact;1803;exact;1793;1803;2478;dontclip;
JUSDLUNT;Tenencia de gobierno;Natchitoches;PRSDLU00;Gobernacion;Luisiana;1770;not_after;1803;not_after;1793;exact;1803;exact;1793;1803;2479;;
PTSDPRGM;Partido politico;Guayama;PRSDPR00;Gobernacion-Capitania General-Intendencia;Puerto Rico;1736;exact;9999;end;1784;exact;1808;hgis;1784;1808;2480;;
PTSDPRCY;Partido politico;Cayey;PRSDPR00;Gobernacion-Capitania General-Intendencia;Puerto Rico;1773;exact;9999;end;1784;exact;1808;hgis;1784;1808;2481;;
PTSDPRUT;Partido politico;Utuado;PRSDPR00;Gobernacion-Capitania General-Intendencia;Puerto Rico;1739;exact;9999;end;1784;exact;1808;hgis;1784;1808;2482;;
PTSDPRJD;Partido politico;Juana Diaz;PRSDPR00;Gobernacion-Capitania General-Intendencia;Puerto Rico;1798;exact;9999;end;1784;exact;1808;hgis;1798;1808;2483;;
PTSDPRCJ;Partido politico;Cangrejos;PRSDPR00;Gobernacion-Capitania General-Intendencia;Puerto Rico;1773;exact;9999;end;1784;exact;1808;hgis;1784;1808;2484;;
PTSDPRRP;Partido politico;Rio Piedras;PRSDPR00;Gobernacion-Capitania General-Intendencia;Puerto Rico;1714;exact;9999;end;1784;exact;1808;hgis;1784;1808;2485;;
PTSDPRTR;Partido politico;Trujillo;PRSDPR00;Gobernacion-Capitania General-Intendencia;Puerto Rico;1808;exact;9999;end;1784;exact;1808;hgis;1808;1808;2486;;
PTSDPRGN;Partido politico;Guaynabo;PRSDPR00;Gobernacion-Capitania General-Intendencia;Puerto Rico;1769;exact;9999;end;1784;exact;1808;hgis;1784;1808;2487;;
PTSDPRLO;Partido politico;Loiza;PRSDPR00;Gobernacion-Capitania General-Intendencia;Puerto Rico;1723;exact;9999;end;1784;exact;1808;hgis;1784;1808;2488;;
PTSDPRFA;Partido politico;Fajardo;PRSDPR00;Gobernacion-Capitania General-Intendencia;Puerto Rico;1771;exact;9999;end;1784;exact;1808;hgis;1784;1808;2489;;
PTSDPRJU;Partido politico;Juncos;PRSDPR00;Gobernacion-Capitania General-Intendencia;Puerto Rico;1797;exact;9999;end;1784;exact;1808;hgis;1797;1808;2490;;
PTSDPRPI;Partido politico;Piedras;PRSDPR00;Gobernacion-Capitania General-Intendencia;Puerto Rico;1801;exact;9999;end;1784;exact;1808;hgis;1801;1808;2491;;
PTSDPRPO;Partido politico;Ponce;PRSDPR00;Gobernacion-Capitania General-Intendencia;Puerto Rico;1701;hgis;9999;end;1784;exact;1808;hgis;1784;1808;2492;;
PTSDPRMO;Partido politico;Moca;PRSDPR00;Gobernacion-Capitania General-Intendencia;Puerto Rico;1772;exact;9999;end;1784;exact;1808;hgis;1784;1808;2493;;
PTSDPRPE;Partido politico;Peñuelas;PRSDPR00;Gobernacion-Capitania General-Intendencia;Puerto Rico;1793;exact;9999;end;1784;exact;1808;hgis;1793;1808;2494;;
FRSDPRVI;Fronteras;isla de Vieque;PRSDPR00;Gobernacion-Capitania General-Intendencia;Puerto Rico;1111;start;9999;end;1784;exact;1808;hgis;1784;1808;2495;;
JUSDPRSJ;Jurisdiccion;San Juan;PRSDPR00;Gobernacion-Capitania General-Intendencia;Puerto Rico;1701;hgis;1808;hgis;1784;exact;1808;hgis;1784;1808;2496;;
PTSDPRBQ;Partido politico;Barranquitas;PRSDPR00;Gobernacion-Capitania General-Intendencia;Puerto Rico;1803;exact;9999;end;1784;exact;1808;hgis;1803;1808;2497;;
PTSDPRCO;Partido politico;Coamo;PRSDPR00;Gobernacion-Capitania General-Intendencia;Puerto Rico;1701;hgis;9999;end;1784;exact;1808;hgis;1784;1808;2498;;
PTSDPRVP;Partido politico;Vegas y Pepino;PRSDPR00;Gobernacion-Capitania General-Intendencia;Puerto Rico;1752;exact;9999;end;1784;exact;1808;hgis;1784;1808;2499;;
PTSDPRCG;Partido politico;Caguas;PRSDPR00;Gobernacion-Capitania General-Intendencia;Puerto Rico;1775;ca;9999;end;1784;exact;1808;hgis;1784;1808;2500;;
PTSDPRHU;Partido politico;Humacao;PRSDPR00;Gobernacion-Capitania General-Intendencia;Puerto Rico;1781;arbitrary;9999;end;1784;exact;1808;hgis;1784;1808;2501;;
PTSDPRTA;Partido politico;Toa Alta;PRSDPR00;Gobernacion-Capitania General-Intendencia;Puerto Rico;1751;exact;9999;end;1784;exact;1808;hgis;1784;1808;2502;;
PTSDPRTB;Partido politico;Toa Baja;PRSDPR00;Gobernacion-Capitania General-Intendencia;Puerto Rico;1745;exact;9999;end;1784;exact;1808;hgis;1784;1808;2503;;
PTSDPRMB;Partido politico;Maunabo;PRSDPR00;Gobernacion-Capitania General-Intendencia;Puerto Rico;1799;exact;9999;end;1784;exact;1808;hgis;1799;1808;2504;;
PTSDPRYB;Partido politico;Yabucoa;PRSDPR00;Gobernacion-Capitania General-Intendencia;Puerto Rico;1793;exact;9999;end;1784;exact;1808;hgis;1793;1808;2505;;
PTSDPRMY;Partido politico;Mayagues;PRSDPR00;Gobernacion-Capitania General-Intendencia;Puerto Rico;1760;exact;9999;end;1784;exact;1808;hgis;1784;1808;2506;;
PTSDPRAG;Partido politico;Aguada;PRSDPR00;Gobernacion-Capitania General-Intendencia;Puerto Rico;1701;hgis;9999;end;1784;exact;1808;hgis;1784;1808;2507;;
PTSDPRAA;Partido politico;Aguadilla;PRSDPR00;Gobernacion-Capitania General-Intendencia;Puerto Rico;1780;exact;9999;end;1784;exact;1808;hgis;1784;1808;2508;;
PTSDPRTU;Partido politico;Tuna;PRSDPR00;Gobernacion-Capitania General-Intendencia;Puerto Rico;1725;not_before;9999;end;1784;exact;1808;hgis;1784;1808;2509;;
PTSDPRCM;Partido politico;Camuy;PRSDPR00;Gobernacion-Capitania General-Intendencia;Puerto Rico;1807;exact;9999;end;1784;exact;1808;hgis;1807;1808;2510;;
PTSDPRAR;Partido politico;Arecibo;PRSDPR00;Gobernacion-Capitania General-Intendencia;Puerto Rico;1701;hgis;9999;end;1784;exact;1808;hgis;1784;1808;2511;;
PTSDPRMA;Partido politico;Manati;PRSDPR00;Gobernacion-Capitania General-Intendencia;Puerto Rico;1733;exact;9999;end;1784;exact;1808;hgis;1784;1808;2512;;
PTSDPRVB;Partido politico;Vega Baja;PRSDPR00;Gobernacion-Capitania General-Intendencia;Puerto Rico;1799;not_after;9999;end;1784;exact;1808;hgis;1799;1808;2513;;
PTSDPRVA;Partido politico;Vega Alta;PRSDPR00;Gobernacion-Capitania General-Intendencia;Puerto Rico;1799;not_after;9999;end;1784;exact;1808;hgis;1799;1808;2514;;
PTSDPRCZ;Partido politico;Corozal;PRSDPR00;Gobernacion-Capitania General-Intendencia;Puerto Rico;1804;exact;9999;end;1784;exact;1808;hgis;1804;1808;2515;;
PTSDPRRI;Partido politico;Rincon;PRSDPR00;Gobernacion-Capitania General-Intendencia;Puerto Rico;1772;exact;9999;end;1784;exact;1808;hgis;1784;1808;2516;;
PTSDPRAN;Partido politico;Añasco;PRSDPR00;Gobernacion-Capitania General-Intendencia;Puerto Rico;1733;exact;9999;end;1784;exact;1808;hgis;1784;1808;2517;;
PTSDPRBY;Partido politico;Bayamon;PRSDPR00;Gobernacion-Capitania General-Intendencia;Puerto Rico;1772;exact;9999;end;1784;exact;1808;hgis;1784;1808;2518;;
PTSDPRCR;Partido politico;Cabo Rojo;PRSDPR00;Gobernacion-Capitania General-Intendencia;Puerto Rico;1771;exact;9999;end;1784;exact;1808;hgis;1784;1808;2519;;
JUSDPRSG;Jurisdiccion;San German;PRSDPR00;Gobernacion-Capitania General-Intendencia;Puerto Rico;1701;hgis;9999;end;1784;exact;1808;hgis;1784;1808;2520;;
PTSDPRYC;Partido politico;Yauco;PRSDPR00;Gobernacion-Capitania General-Intendencia;Puerto Rico;1756;exact;9999;end;1784;exact;1808;hgis;1784;1808;2521;;
FRSDPRVI;Fronteras;isla de Vieque;PRSDPR00;Tenencia de gobierno;Puerto Rico;1111;start;9999;end;1509;exact;1523;exact;1509;1523;2522;;
PTSDPRGM;Partido politico;Guayama;PRSDPR00;Gobernacion-Capitania General;Puerto Rico;1736;exact;9999;end;1582;exact;1783;hgis;1736;1783;2523;;
PTSDPRCY;Partido politico;Cayey;PRSDPR00;Gobernacion-Capitania General;Puerto Rico;1773;exact;9999;end;1582;exact;1783;hgis;1773;1783;2524;;
PTSDPRUT;Partido politico;Utuado;PRSDPR00;Gobernacion-Capitania General;Puerto Rico;1739;exact;9999;end;1582;exact;1783;hgis;1739;1783;2525;;
PTSDPRCJ;Partido politico;Cangrejos;PRSDPR00;Gobernacion-Capitania General;Puerto Rico;1773;exact;9999;end;1582;exact;1783;hgis;1773;1783;2526;;
PTSDPRRP;Partido politico;Rio Piedras;PRSDPR00;Gobernacion-Capitania General;Puerto Rico;1714;exact;9999;end;1582;exact;1783;hgis;1714;1783;2527;;
PTSDPRGN;Partido politico;Guaynabo;PRSDPR00;Gobernacion-Capitania General;Puerto Rico;1769;exact;9999;end;1582;exact;1783;hgis;1769;1783;2528;;
PTSDPRLO;Partido politico;Loiza;PRSDPR00;Gobernacion-Capitania General;Puerto Rico;1723;exact;9999;end;1582;exact;1783;hgis;1723;1783;2529;;
PTSDPRFA;Partido politico;Fajardo;PRSDPR00;Gobernacion-Capitania General;Puerto Rico;1771;exact;9999;end;1582;exact;1783;hgis;1771;1783;2530;;
PTSDPRPO;Partido politico;Ponce;PRSDPR00;Gobernacion-Capitania General;Puerto Rico;1701;hgis;9999;end;1582;exact;1783;hgis;1701;1783;2531;;
PTSDPRMO;Partido politico;Moca;PRSDPR00;Gobernacion-Capitania General;Puerto Rico;1772;exact;9999;end;1582;exact;1783;hgis;1772;1783;2532;;
FRSDPRVI;Fronteras;isla de Vieque;PRSDPR00;Gobernacion-Capitania General;Puerto Rico;1111;start;9999;end;1582;exact;1783;hgis;1582;1783;2533;;
JUSDPRSJ;Jurisdiccion;San Juan;PRSDPR00;Gobernacion-Capitania General;Puerto Rico;1701;hgis;1808;hgis;1582;exact;1783;hgis;1701;1783;2534;;
PTSDPRCO;Partido politico;Coamo;PRSDPR00;Gobernacion-Capitania General;Puerto Rico;1701;hgis;9999;end;1582;exact;1783;hgis;1701;1783;2535;;
PTSDPRVP;Partido politico;Vegas y Pepino;PRSDPR00;Gobernacion-Capitania General;Puerto Rico;1752;exact;9999;end;1582;exact;1783;hgis;1752;1783;2536;;
PTSDPRCG;Partido politico;Caguas;PRSDPR00;Gobernacion-Capitania General;Puerto Rico;1775;ca;9999;end;1582;exact;1783;hgis;1775;1783;2537;;
PTSDPRHU;Partido politico;Humacao;PRSDPR00;Gobernacion-Capitania General;Puerto Rico;1781;arbitrary;9999;end;1582;exact;1783;hgis;1781;1783;2538;;
PTSDPRTA;Partido politico;Toa Alta;PRSDPR00;Gobernacion-Capitania General;Puerto Rico;1751;exact;9999;end;1582;exact;1783;hgis;1751;1783;2539;;
PTSDPRTB;Partido politico;Toa Baja;PRSDPR00;Gobernacion-Capitania General;Puerto Rico;1745;exact;9999;end;1582;exact;1783;hgis;1745;1783;2540;;
PTSDPRMY;Partido politico;Mayagues;PRSDPR00;Gobernacion-Capitania General;Puerto Rico;1760;exact;9999;end;1582;exact;1783;hgis;1760;1783;2541;;
PTSDPRAG;Partido politico;Aguada;PRSDPR00;Gobernacion-Capitania General;Puerto Rico;1701;hgis;9999;end;1582;exact;1783;hgis;1701;1783;2542;;
PTSDPRAA;Partido politico;Aguadilla;PRSDPR00;Gobernacion-Capitania General;Puerto Rico;1780;exact;9999;end;1582;exact;1783;hgis;1780;1783;2543;;
PTSDPRTU;Partido politico;Tuna;PRSDPR00;Gobernacion-Capitania General;Puerto Rico;1725;not_before;9999;end;1582;exact;1783;hgis;1725;1783;2544;;
PTSDPRAR;Partido politico;Arecibo;PRSDPR00;Gobernacion-Capitania General;Puerto Rico;1701;hgis;9999;end;1582;exact;1783;hgis;1701;1783;2545;;
PTSDPRMA;Partido politico;Manati;PRSDPR00;Gobernacion-Capitania General;Puerto Rico;1733;exact;9999;end;1582;exact;1783;hgis;1733;1783;2546;;
PTSDPRRI;Partido politico;Rincon;PRSDPR00;Gobernacion-Capitania General;Puerto Rico;1772;exact;9999;end;1582;exact;1783;hgis;1772;1783;2547;;
PTSDPRAN;Partido politico;Añasco;PRSDPR00;Gobernacion-Capitania General;Puerto Rico;1733;exact;9999;end;1582;exact;1783;hgis;1733;1783;2548;;
PTSDPRBY;Partido politico;Bayamon;PRSDPR00;Gobernacion-Capitania General;Puerto Rico;1772;exact;9999;end;1582;exact;1783;hgis;1772;1783;2549;;
PTSDPRCR;Partido politico;Cabo Rojo;PRSDPR00;Gobernacion-Capitania General;Puerto Rico;1771;exact;9999;end;1582;exact;1783;hgis;1771;1783;2550;;
JUSDPRSG;Jurisdiccion;San German;PRSDPR00;Gobernacion-Capitania General;Puerto Rico;1701;hgis;9999;end;1582;exact;1783;hgis;1701;1783;2551;;
PTSDPRYC;Partido politico;Yauco;PRSDPR00;Gobernacion-Capitania General;Puerto Rico;1756;exact;9999;end;1582;exact;1783;hgis;1756;1783;2552;;
FRSDPRVI;Fronteras;isla de Vieque;PRSDPR00;Gobernacion;Puerto Rico;1111;start;9999;end;1524;exact;1581;exact;1524;1581;2553;;
JUSDSDCO;Jurisdiccion;Cotui;PRSDSD00;Gobernacion-Capitania General;Santo Domingo;1701;hgis;1799;exact;1496;exact;1799;exact;1701;1799;2554;;
PRSDJA00;Tenencia de gobernacion;Jamaica;PRSDSD00;Gobernacion-Capitania General;Santo Domingo;1511;exact;1534;exact;1496;exact;1799;exact;1511;1534;2555;;
JUSDSDNE;Jurisdiccion;Neiba;PRSDSD00;Gobernacion-Capitania General;Santo Domingo;1760;ca;1794;exact;1496;exact;1799;exact;1760;1794;2556;;
JUSDSDLM;Tenencia de gobierno;La Maguana;PRSDSD00;Gobernacion-Capitania General;Santo Domingo;1774;exact;1794;exact;1496;exact;1799;exact;1774;1794;2557;;
JUSDSDAZ;Jurisdiccion;Azua;PRSDSD00;Gobernacion-Capitania General;Santo Domingo;1701;hgis;1799;exact;1496;exact;1799;exact;1701;1799;2558;;
JUSDSDFS;Gobernacion de Armas-Tenencia de gobierno;Frontera del Sur;PRSDSD00;Gobernacion-Capitania General;Santo Domingo;1765;exact;1794;exact;1496;exact;1799;exact;1765;1794;2559;;
JUSDSDFN;Gobernacion de Armas-Tenencia de gobierno;Frontera del Norte;PRSDSD00;Gobernacion-Capitania General;Santo Domingo;1765;exact;1794;exact;1496;exact;1799;exact;1765;1794;2560;;
PTSDPRFA;Partido;Fajardo;PRSDSD00;Gobernacion-Capitania General;Santo Domingo;1769;exact;1770;exact;1496;exact;1799;exact;1769;1770;2561;;
PRSDPR00;Tenencia de gobierno;Puerto Rico;PRSDSD00;Gobernacion-Capitania General;Santo Domingo;1509;exact;1523;exact;1496;exact;1799;exact;1509;1523;2562;;
JUSDSDSA;Alcaldia Mayor;Santiago;PRSDSD00;Gobernacion-Capitania General;Santo Domingo;1701;hgis;1799;exact;1496;exact;1799;exact;1701;1799;2563;;
JUSDSDBY;Jurisdiccion;Bayaguana;PRSDSD00;Gobernacion-Capitania General;Santo Domingo;1701;hgis;1799;exact;1496;exact;1799;exact;1701;1799;2564;;
JUSDSDPP;Jurisdiccion;Puerto de Plata;PRSDSD00;Gobernacion-Capitania General;Santo Domingo;1765;exact;1794;exact;1496;exact;1799;exact;1765;1794;2565;;
JUSDSDMC;Gobernacion de Armas-Tenencia de gobierno;Montecristi;PRSDSD00;Gobernacion-Capitania General;Santo Domingo;1765;exact;1794;exact;1496;exact;1799;exact;1765;1794;2566;;
JUSDSDBA;Jurisdiccion;Banica;PRSDSD00;Gobernacion-Capitania General;Santo Domingo;1701;hgis;1764;exact;1496;exact;1799;exact;1701;1764;2567;;
JUSDSDMC;Alcaldia Mayor;Montecristi;PRSDSD00;Gobernacion-Capitania General;Santo Domingo;1111;start;1603;not_before;1496;exact;1799;exact;1496;1603;2568;;
JUSDSDHG;Jurisdiccion;Higuey;PRSDSD00;Gobernacion-Capitania General;Santo Domingo;1701;hgis;1794;exact;1496;exact;1799;exact;1701;1794;2569;;
JUSDSDHI;Jurisdiccion;Hincha;PRSDSD00;Gobernacion-Capitania General;Santo Domingo;1704;exact;1764;exact;1496;exact;1799;exact;1704;1764;2570;;
JUSDSDLV;Jurisdiccion;La Vega;PRSDSD00;Gobernacion-Capitania General;Santo Domingo;1701;hgis;1794;exact;1496;exact;1799;exact;1701;1794;2571;;
JUSDSDMP;Jurisdiccion;Monte Plata;PRSDSD00;Gobernacion-Capitania General;Santo Domingo;1701;hgis;1794;exact;1496;exact;1799;exact;1701;1794;2572;;
JUSDSDSD;Jurisdiccion;Santo Domingo;PRSDSD00;Gobernacion-Capitania General;Santo Domingo;1701;hgis;1794;exact;1496;exact;1799;exact;1701;1794;2573;dontclip;
JUSDSDSE;Jurisdiccion;Seibo;PRSDSD00;Gobernacion-Capitania General;Santo Domingo;1701;hgis;1794;exact;1496;exact;1799;exact;1701;1794;2574;;
JUSDSDSS;Gobernacion de Armas-Tenencia de gobierno;Samana;PRSDSD00;Gobernacion-Capitania General;Santo Domingo;1765;exact;1794;exact;1496;exact;1799;exact;1765;1794;2575;;
JUVECAVA;Jurisdiccion;Valencia;PRVECA00;Gobernacion-Capitania General;Venezuela;1555;exact;1808;hgis;1527;exact;1576;exact;1555;1576;2576;;
JUVECATR;Jurisdiccion;Trujillo;PRVECA00;Gobernacion-Capitania General;Venezuela;1557;exact;1808;hgis;1527;exact;1576;exact;1557;1576;2577;;
JUVECABA;Jurisdiccion;Barquisimeto;PRVECA00;Gobernacion-Capitania General;Venezuela;1563;exact;1808;hgis;1527;exact;1576;exact;1563;1576;2578;;
JUVECACR;Jurisdiccion;Carora;PRVECA00;Gobernacion-Capitania General;Venezuela;1572;exact;1808;hgis;1527;exact;1576;exact;1572;1576;2579;;
JUVEMCMC;Jurisdiccion;Maracaibo;PRVECA00;Gobernacion-Capitania General;Venezuela;1574;exact;1675;exact;1527;exact;1576;exact;1574;1576;2580;;
JUVECUCT;Tenencia de gobierno;Cabrutica;CGVE0000;Capitania General;Venezuela;1790;not_after;1808;hgis;1777;exact;1808;hgis;1790;1808;2581;;cabecera
JUVECUCP;Tenencia de gobierno;Carupano;CGVE0000;Capitania General;Venezuela;1742;not_before;1808;hgis;1777;exact;1808;hgis;1777;1808;2582;;cabecera
JUVECAVA;Jurisdiccion;Valencia;CGVE0000;Capitania General;Venezuela;1555;exact;1808;hgis;1777;exact;1808;hgis;1777;1808;2583;;cabecera
JUVECAOS;Jurisdiccion;Ospino;CGVE0000;Capitania General;Venezuela;1754;not_before;1808;hgis;1777;exact;1808;hgis;1777;1808;2584;;cabecera
JUVECACC;Jurisdiccion;Cachicamo;CGVE0000;Capitania General;Venezuela;1752;not_before;1808;hgis;1777;exact;1808;hgis;1777;1808;2585;;cabecera
JUVECAPA;Tenencia de gobierno;El Pao;CGVE0000;Capitania General;Venezuela;1727;exact;1808;hgis;1777;exact;1808;hgis;1777;1808;2586;;cabecera
JUVECASJ;Jurisdiccion;San Jaime;CGVE0000;Capitania General;Venezuela;1767;exact;1808;hgis;1777;exact;1808;hgis;1777;1808;2587;;cabecera
JUVECANI;Jurisdiccion;Nirgua;CGVE0000;Capitania General;Venezuela;1624;exact;1808;hgis;1777;exact;1808;hgis;1777;1808;2588;;cabecera
JUVECAVC;Jurisdiccion;Villa de Cura;CGVE0000;Capitania General;Venezuela;1730;not_before;1808;hgis;1777;exact;1808;hgis;1777;1808;2589;;cabecera
JUVECATR;Jurisdiccion;Trujillo;CGVE0000;Capitania General;Venezuela;1557;exact;1808;hgis;1777;exact;1808;hgis;1777;1808;2590;;cabecera
JUVECASS;Jurisdiccion;San Sebastian;CGVE0000;Capitania General;Venezuela;1585;exact;1808;hgis;1777;exact;1808;hgis;1777;1808;2591;;cabecera
JUVECASC;Jurisdiccion;San Carlos;CGVE0000;Capitania General;Venezuela;1678;exact;1808;hgis;1777;exact;1808;hgis;1777;1808;2592;;cabecera
JUVECAGU;Jurisdiccion;Guanare;CGVE0000;Capitania General;Venezuela;1591;exact;1808;hgis;1777;exact;1808;hgis;1777;1808;2593;;cabecera
JUVECABA;Jurisdiccion;Barquisimeto;CGVE0000;Capitania General;Venezuela;1563;exact;1808;hgis;1777;exact;1808;hgis;1777;1808;2594;;cabecera
JUVECAAR;Jurisdiccion;Araure;CGVE0000;Capitania General;Venezuela;1694;exact;1808;hgis;1777;exact;1808;hgis;1777;1808;2595;;cabecera
JUVECACR;Jurisdiccion;Carora;CGVE0000;Capitania General;Venezuela;1572;exact;1808;hgis;1777;exact;1808;hgis;1777;1808;2596;;cabecera
JUVECASF;Jurisdiccion;San Felipe;CGVE0000;Capitania General;Venezuela;1729;exact;1808;hgis;1777;exact;1808;hgis;1777;1808;2597;;cabecera
JUVECACO;Comandancia Politico-Militar;Coro;CGVE0000;Capitania General;Venezuela;1806;exact;1808;hgis;1777;exact;1808;hgis;1806;1808;2598;;cabecera
JUVECUPA;Tenencia de gobierno;El Pao;CGVE0000;Capitania General;Venezuela;1744;not_before;1808;hgis;1777;exact;1808;hgis;1777;1808;2599;;cabecera
JUVECUAR;Tenencia de gobierno;Aragua;CGVE0000;Capitania General;Venezuela;1734;not_before;1795;exact;1777;exact;1808;hgis;1777;1795;2600;;cabecera
JUVECURC;Tenencia de gobierno;Rio Caribe;CGVE0000;Capitania General;Venezuela;1762;exact;1808;hgis;1777;exact;1808;hgis;1777;1808;2601;;cabecera
JUVECATO;Jurisdiccion;Tocuyo;CGVE0000;Capitania General;Venezuela;1577;hgis;1808;hgis;1777;exact;1808;hgis;1777;1808;2602;;cabecera
JUVECACB;Jurisdiccion;Calabozo;CGVE0000;Capitania General;Venezuela;1751;ca;1808;hgis;1777;exact;1808;hgis;1777;1808;2603;;cabecera
JUVECACA;Jurisdiccion;Caracas;CGVE0000;Capitania General;Venezuela;1577;exact;1808;hgis;1777;exact;1808;hgis;1777;1808;2604;clip;cabecera
JUVECUCP;Tenencia de gobierno;Carupano;PRVECA00;Gobernacion-Capitania General;Caracas;1742;not_before;1808;hgis;1741;exact;1776;exact;1742;1776;2605;;
JUVECAVA;Jurisdiccion;Valencia;PRVECA00;Gobernacion-Capitania General;Caracas;1555;exact;1808;hgis;1741;exact;1776;exact;1741;1776;2606;;
JUVECAOS;Jurisdiccion;Ospino;PRVECA00;Gobernacion-Capitania General;Caracas;1754;not_before;1808;hgis;1741;exact;1776;exact;1754;1776;2607;;
JUVECACC;Jurisdiccion;Cachicamo;PRVECA00;Gobernacion-Capitania General;Caracas;1752;not_before;1808;hgis;1741;exact;1776;exact;1752;1776;2608;;
JUVECAPA;Tenencia de gobierno;El Pao;PRVECA00;Gobernacion-Capitania General;Caracas;1727;exact;1808;hgis;1741;exact;1776;exact;1741;1776;2609;;
JUVECASJ;Jurisdiccion;San Jaime;PRVECA00;Gobernacion-Capitania General;Caracas;1767;exact;1808;hgis;1741;exact;1776;exact;1767;1776;2610;;
JUVECANI;Jurisdiccion;Nirgua;PRVECA00;Gobernacion-Capitania General;Caracas;1624;exact;1808;hgis;1741;exact;1776;exact;1741;1776;2611;;
JUVECAVC;Jurisdiccion;Villa de Cura;PRVECA00;Gobernacion-Capitania General;Caracas;1730;not_before;1808;hgis;1741;exact;1776;exact;1741;1776;2612;;
JUVECATR;Jurisdiccion;Trujillo;PRVECA00;Gobernacion-Capitania General;Caracas;1557;exact;1808;hgis;1741;exact;1776;exact;1741;1776;2613;;
JUVECASS;Jurisdiccion;San Sebastian;PRVECA00;Gobernacion-Capitania General;Caracas;1585;exact;1808;hgis;1741;exact;1776;exact;1741;1776;2614;;
JUVECASC;Jurisdiccion;San Carlos;PRVECA00;Gobernacion-Capitania General;Caracas;1678;exact;1808;hgis;1741;exact;1776;exact;1741;1776;2615;;
JUVECAGU;Jurisdiccion;Guanare;PRVECA00;Gobernacion-Capitania General;Caracas;1591;exact;1808;hgis;1741;exact;1776;exact;1741;1776;2616;;
JUVECABA;Jurisdiccion;Barquisimeto;PRVECA00;Gobernacion-Capitania General;Caracas;1563;exact;1808;hgis;1741;exact;1776;exact;1741;1776;2617;;
JUVECAAR;Jurisdiccion;Araure;PRVECA00;Gobernacion-Capitania General;Caracas;1694;exact;1808;hgis;1741;exact;1776;exact;1741;1776;2618;;
JUVECACR;Jurisdiccion;Carora;PRVECA00;Gobernacion-Capitania General;Caracas;1572;exact;1808;hgis;1741;exact;1776;exact;1741;1776;2619;;
JUVECASF;Jurisdiccion;San Felipe;PRVECA00;Gobernacion-Capitania General;Caracas;1729;exact;1808;hgis;1741;exact;1776;exact;1741;1776;2620;;
JUVECUPA;Tenencia de gobierno;El Pao;PRVECA00;Gobernacion-Capitania General;Caracas;1744;not_before;1808;hgis;1741;exact;1776;exact;1744;1776;2621;;
JUVECUAR;Tenencia de gobierno;Aragua;PRVECA00;Gobernacion-Capitania General;Caracas;1734;not_before;1795;exact;1741;exact;1776;exact;1741;1776;2622;;
JUVECURC;Tenencia de gobierno;Rio Caribe;PRVECA00;Gobernacion-Capitania General;Caracas;1762;exact;1808;hgis;1741;exact;1776;exact;1762;1776;2623;;
JUVECATO;Jurisdiccion;Tocuyo;PRVECA00;Gobernacion-Capitania General;Caracas;1577;hgis;1808;hgis;1741;exact;1776;exact;1741;1776;2624;;
JUVECACB;Jurisdiccion;Calabozo;PRVECA00;Gobernacion-Capitania General;Caracas;1751;ca;1808;hgis;1741;exact;1776;exact;1751;1776;2625;;
JUVECACA;Jurisdiccion;Caracas;PRVECA00;Gobernacion-Capitania General;Caracas;1577;exact;1808;hgis;1741;exact;1776;exact;1741;1776;2626;dontclip;
JUVECAVA;Jurisdiccion;Valencia;PRVECA00;Gobernacion-Capitania General;Caracas;1555;exact;1808;hgis;1577;exact;1739;exact;1577;1739;2627;;
JUVECAPA;Tenencia de gobierno;El Pao;PRVECA00;Gobernacion-Capitania General;Caracas;1727;exact;1808;hgis;1577;exact;1739;exact;1727;1739;2628;;
JUVECANI;Jurisdiccion;Nirgua;PRVECA00;Gobernacion-Capitania General;Caracas;1624;exact;1808;hgis;1577;exact;1739;exact;1624;1739;2629;;
JUVECAVC;Jurisdiccion;Villa de Cura;PRVECA00;Gobernacion-Capitania General;Caracas;1730;not_before;1808;hgis;1577;exact;1739;exact;1730;1739;2630;;
JUVECATR;Jurisdiccion;Trujillo;PRVECA00;Gobernacion-Capitania General;Caracas;1557;exact;1808;hgis;1577;exact;1739;exact;1577;1739;2631;;
JUVECASS;Jurisdiccion;San Sebastian;PRVECA00;Gobernacion-Capitania General;Caracas;1585;exact;1808;hgis;1577;exact;1739;exact;1585;1739;2632;;
JUVECASC;Jurisdiccion;San Carlos;PRVECA00;Gobernacion-Capitania General;Caracas;1678;exact;1808;hgis;1577;exact;1739;exact;1678;1739;2633;;
JUVECAGU;Jurisdiccion;Guanare;PRVECA00;Gobernacion-Capitania General;Caracas;1591;exact;1808;hgis;1577;exact;1739;exact;1591;1739;2634;;
JUVECABA;Jurisdiccion;Barquisimeto;PRVECA00;Gobernacion-Capitania General;Caracas;1563;exact;1808;hgis;1577;exact;1739;exact;1577;1739;2635;;
JUVECAAR;Jurisdiccion;Araure;PRVECA00;Gobernacion-Capitania General;Caracas;1694;exact;1808;hgis;1577;exact;1739;exact;1694;1739;2636;;
JUVECACR;Jurisdiccion;Carora;PRVECA00;Gobernacion-Capitania General;Caracas;1572;exact;1808;hgis;1577;exact;1739;exact;1577;1739;2637;;
JUVECASF;Jurisdiccion;San Felipe;PRVECA00;Gobernacion-Capitania General;Caracas;1729;exact;1808;hgis;1577;exact;1739;exact;1729;1739;2638;;
JUVEMCMC;Jurisdiccion;Maracaibo;PRVECA00;Gobernacion-Capitania General;Caracas;1574;exact;1675;exact;1577;exact;1739;exact;1577;1675;2639;;
JUVECUAR;Tenencia de gobierno;Aragua;PRVECA00;Gobernacion-Capitania General;Caracas;1734;not_before;1795;exact;1577;exact;1739;exact;1734;1739;2640;;
JUVECATO;Jurisdiccion;Tocuyo;PRVECA00;Gobernacion-Capitania General;Caracas;1577;hgis;1808;hgis;1577;exact;1739;exact;1577;1739;2641;;
JUVECACA;Jurisdiccion;Caracas;PRVECA00;Gobernacion-Capitania General;Caracas;1577;exact;1808;hgis;1577;exact;1739;exact;1577;1739;2642;dontclip;
JUVECAVA;Jurisdiccion;Valencia;PRVECA00;Gobernacion-Comandancia General;Caracas;1555;exact;1808;hgis;1740;exact;1740;exact;1740;1740;2643;;
JUVECAPA;Tenencia de gobierno;El Pao;PRVECA00;Gobernacion-Comandancia General;Caracas;1727;exact;1808;hgis;1740;exact;1740;exact;1740;1740;2644;;
JUVECANI;Jurisdiccion;Nirgua;PRVECA00;Gobernacion-Comandancia General;Caracas;1624;exact;1808;hgis;1740;exact;1740;exact;1740;1740;2645;;
JUVECAVC;Jurisdiccion;Villa de Cura;PRVECA00;Gobernacion-Comandancia General;Caracas;1730;not_before;1808;hgis;1740;exact;1740;exact;1740;1740;2646;;
JUVECATR;Jurisdiccion;Trujillo;PRVECA00;Gobernacion-Comandancia General;Caracas;1557;exact;1808;hgis;1740;exact;1740;exact;1740;1740;2647;;
JUVECASS;Jurisdiccion;San Sebastian;PRVECA00;Gobernacion-Comandancia General;Caracas;1585;exact;1808;hgis;1740;exact;1740;exact;1740;1740;2648;;
JUVECASC;Jurisdiccion;San Carlos;PRVECA00;Gobernacion-Comandancia General;Caracas;1678;exact;1808;hgis;1740;exact;1740;exact;1740;1740;2649;;
JUVECAGU;Jurisdiccion;Guanare;PRVECA00;Gobernacion-Comandancia General;Caracas;1591;exact;1808;hgis;1740;exact;1740;exact;1740;1740;2650;;
JUVECABA;Jurisdiccion;Barquisimeto;PRVECA00;Gobernacion-Comandancia General;Caracas;1563;exact;1808;hgis;1740;exact;1740;exact;1740;1740;2651;;
JUVECAAR;Jurisdiccion;Araure;PRVECA00;Gobernacion-Comandancia General;Caracas;1694;exact;1808;hgis;1740;exact;1740;exact;1740;1740;2652;;
JUVECACR;Jurisdiccion;Carora;PRVECA00;Gobernacion-Comandancia General;Caracas;1572;exact;1808;hgis;1740;exact;1740;exact;1740;1740;2653;;
JUVECASF;Jurisdiccion;San Felipe;PRVECA00;Gobernacion-Comandancia General;Caracas;1729;exact;1808;hgis;1740;exact;1740;exact;1740;1740;2654;;
JUVECUAR;Tenencia de gobierno;Aragua;PRVECA00;Gobernacion-Comandancia General;Caracas;1734;not_before;1795;exact;1740;exact;1740;exact;1740;1740;2655;;
JUVECATO;Jurisdiccion;Tocuyo;PRVECA00;Gobernacion-Comandancia General;Caracas;1577;hgis;1808;hgis;1740;exact;1740;exact;1740;1740;2656;;
JUVECACA;Jurisdiccion;Caracas;PRVECA00;Gobernacion-Comandancia General;Caracas;1577;exact;1808;hgis;1740;exact;1740;exact;1740;1740;2657;dontclip;
JUVEGUGU;Presidio;Guayana;PRVECU00;Gobernacion-Capitania General;Cumana;1595;exact;1761;exact;1701;arbitrary;1776;exact;1701;1761;2658;;
PRVEGU00;Provincia;Guayana;PRVECU00;Gobernacion-Capitania General;Cumana;1733;exact;1761;exact;1701;arbitrary;1776;exact;1733;1761;2659;dontclip;
PRVECUNA;Provincia;Nueva Andalucia;PRVECU00;Gobernacion-Capitania General;Cumana;1638;exact;1808;hgis;1701;arbitrary;1776;exact;1701;1776;2660;dontclip;
JUVECUCB;Jurisdiccion;Arias;PRVECU00;Gobernacion-Capitania General;Cumana;1637;exact;1808;hgis;1701;arbitrary;1776;exact;1701;1776;2661;;
JUVECUCA;Jurisdiccion;Cariaco;PRVECU00;Gobernacion-Capitania General;Cumana;1605;exact;1808;hgis;1701;arbitrary;1776;exact;1701;1776;2662;;
JUVECUGC;Tenencia de gobierno;Golfo de Cariaco;PRVECU00;Gobernacion-Capitania General;Cumana;1111;start;1771;arbitrary;1701;arbitrary;1776;exact;1701;1771;2663;;
JUVECUCU;Jurisdiccion;Cumana;PRVECU00;Gobernacion-Capitania General;Cumana;1568;exact;1808;hgis;1701;arbitrary;1776;exact;1701;1776;2664;dontclip;
JUVECUBA;Jurisdiccion;Barcelona;PRVECU00;Gobernacion-Capitania General;Cumana;1638;exact;1808;hgis;1701;arbitrary;1776;exact;1701;1776;2665;;
PRVECUNA;Provincia;Nueva Andalucia;PRVECU00;Gobernacion-Intendencia;Cumana;1638;exact;1808;hgis;1792;not_after;1808;hgis;1792;1808;2666;dontclip;
JUVECUCB;Jurisdiccion;Arias;PRVECU00;Gobernacion-Intendencia;Cumana;1637;exact;1808;hgis;1792;not_after;1808;hgis;1792;1808;2667;;
JUVECUCA;Jurisdiccion;Cariaco;PRVECU00;Gobernacion-Intendencia;Cumana;1605;exact;1808;hgis;1792;not_after;1808;hgis;1792;1808;2668;;
JUVECUAR;Jurisdiccion;Aragua;PRVECU00;Gobernacion-Intendencia;Cumana;1796;exact;1808;hgis;1792;not_after;1808;hgis;1796;1808;2669;;
JUVECUCU;Jurisdiccion;Cumana;PRVECU00;Gobernacion-Intendencia;Cumana;1568;exact;1808;hgis;1792;not_after;1808;hgis;1792;1808;2670;dontclip;
JUVECUBA;Jurisdiccion;Barcelona;PRVECU00;Gobernacion-Intendencia;Cumana;1638;exact;1808;hgis;1792;not_after;1808;hgis;1792;1808;2671;;
PRVECUNA;Provincia;Nueva Andalucia;PRVECU00;Gobernacion;Cumana;1638;exact;1808;hgis;1777;exact;1791;not_after;1777;1791;2672;dontclip;
JUVECUCB;Jurisdiccion;Arias;PRVECU00;Gobernacion;Cumana;1637;exact;1808;hgis;1777;exact;1791;not_after;1777;1791;2673;;
JUVECUCA;Jurisdiccion;Cariaco;PRVECU00;Gobernacion;Cumana;1605;exact;1808;hgis;1777;exact;1791;not_after;1777;1791;2674;;
JUVECUCU;Jurisdiccion;Cumana;PRVECU00;Gobernacion;Cumana;1568;exact;1808;hgis;1777;exact;1791;not_after;1777;1791;2675;dontclip;
JUVECUBA;Jurisdiccion;Barcelona;PRVECU00;Gobernacion;Cumana;1638;exact;1808;hgis;1777;exact;1791;not_after;1777;1791;2676;;
JUVEGUGU;Presidio;Guayana;PRVECU00;Gobernacion-Capitania General;Nueva Andalucia;1595;exact;1761;exact;1568;exact;1700;arbitrary;1595;1700;2677;;
PRVECUNA;Provincia;Nueva Andalucia;PRVECU00;Gobernacion-Capitania General;Nueva Andalucia;1638;exact;1808;hgis;1568;exact;1700;arbitrary;1638;1700;2678;dontclip;
JUVECUCB;Jurisdiccion;Arias;PRVECU00;Gobernacion-Capitania General;Nueva Andalucia;1637;exact;1808;hgis;1568;exact;1700;arbitrary;1637;1700;2679;;
JUVECUCA;Jurisdiccion;Cariaco;PRVECU00;Gobernacion-Capitania General;Nueva Andalucia;1605;exact;1808;hgis;1568;exact;1700;arbitrary;1605;1700;2680;;
JUVECUGC;Tenencia de gobierno;Golfo de Cariaco;PRVECU00;Gobernacion-Capitania General;Nueva Andalucia;1111;start;1771;arbitrary;1568;exact;1700;arbitrary;1568;1700;2681;;
JUVECUCU;Jurisdiccion;Cumana;PRVECU00;Gobernacion-Capitania General;Nueva Andalucia;1568;exact;1808;hgis;1568;exact;1700;arbitrary;1568;1700;2682;dontclip;
JUVECUBA;Jurisdiccion;Barcelona;PRVECU00;Gobernacion-Capitania General;Nueva Andalucia;1638;exact;1808;hgis;1568;exact;1700;arbitrary;1638;1700;2683;;
PTVEGUOB;Partido;Bajo Orinoco;PRVEGU00;Gobernacion-Intendencia;Guayana;1111;start;9999;end;1791;exact;1808;hgis;1791;1808;2684;;
JUVEGUGU;Jurisdiccion;Guayana;PRVEGU00;Gobernacion-Intendencia;Guayana;1762;exact;1808;hgis;1791;exact;1808;hgis;1791;1808;2685;dontclip;
JUVEGUOR;Comandancia General;Alto y Bajo Orinoco;PRVEGU00;Gobernacion-Intendencia;Guayana;1768;exact;9999;end;1791;exact;1808;hgis;1791;1808;2686;dontclip;
PTVEGUAO;Partido;Alto Orinoco;PRVEGU00;Gobernacion-Intendencia;Guayana;1111;start;9999;end;1791;exact;1808;hgis;1791;1808;2687;;
PTVEGUCC;Partido;Misiones capuchinas;PRVEGU00;Gobernacion-Intendencia;Guayana;1111;start;9999;end;1791;exact;1808;hgis;1791;1808;2688;;
FRVEGUPA;Fronteras;Paria;PRVEGU00;Gobernacion-Intendencia;Guayana;1111;start;9999;end;1791;exact;1808;hgis;1791;1808;2689;;
FRVEGULP;Fronteras;Laguna del Parime;PRVEGU00;Gobernacion-Intendencia;Guayana;1111;start;9999;end;1791;exact;1808;hgis;1791;1808;2690;;
FRVEGUCA;Fronteras;Caribana;PRVEGU00;Gobernacion-Intendencia;Guayana;1111;start;9999;end;1791;exact;1808;hgis;1791;1808;2691;;
FRVEGUXX;Fronteras;Guayana;PRVEGU00;Gobernacion-Intendencia;Guayana;1111;start;9999;end;1791;exact;1808;hgis;1791;1808;2692;;
PTVEGUOB;Partido;Bajo Orinoco;PRVECU00;Gobernacion-Capitania General;Nueva Andalucia;1111;start;9999;end;1585;exact;1761;exact;1585;1761;2693;;agregado
PTVEGUAO;Partido;Alto Orinoco;PRVECU00;Gobernacion-Capitania General;Nueva Andalucia;1111;start;9999;end;1585;exact;1761;exact;1585;1761;2694;;agregado
PTVEGUCC;Partido;Misiones capuchinas;PRVECU00;Gobernacion-Capitania General;Nueva Andalucia;1111;start;9999;end;1585;exact;1761;exact;1585;1761;2695;;agregado
FRVEGUPA;Fronteras;Paria;PRVECU00;Gobernacion-Capitania General;Nueva Andalucia;1111;start;9999;end;1585;exact;1761;exact;1585;1761;2696;;agregado
FRVEGULP;Fronteras;Laguna del Parime;PRVECU00;Gobernacion-Capitania General;Nueva Andalucia;1111;start;9999;end;1585;exact;1761;exact;1585;1761;2697;;agregado
FRVEGUCA;Fronteras;Caribana;PRVECU00;Gobernacion-Capitania General;Nueva Andalucia;1111;start;9999;end;1585;exact;1761;exact;1585;1761;2698;;agregado
FRVEGUXX;Fronteras;Guayana;PRVECU00;Gobernacion-Capitania General;Nueva Andalucia;1111;start;9999;end;1585;exact;1761;exact;1585;1761;2699;;agregado
PTVEGUOB;Partido;Bajo Orinoco;PRVEGU00;Gobernacion;Guayana;1111;start;9999;end;1768;exact;1790;exact;1768;1790;2700;;
JUVEGUGU;Jurisdiccion;Guayana;PRVEGU00;Gobernacion;Guayana;1762;exact;1808;hgis;1768;exact;1790;exact;1768;1790;2701;dontclip;
JUVEGUOR;Comandancia General;Alto y Bajo Orinoco;PRVEGU00;Gobernacion;Guayana;1768;exact;9999;end;1768;exact;1790;exact;1768;1790;2702;dontclip;
PTVEGUAO;Partido;Alto Orinoco;PRVEGU00;Gobernacion;Guayana;1111;start;9999;end;1768;exact;1790;exact;1768;1790;2703;;
PTVEGUCC;Partido;Misiones capuchinas;PRVEGU00;Gobernacion;Guayana;1111;start;9999;end;1768;exact;1790;exact;1768;1790;2704;;
FRVEGUPA;Fronteras;Paria;PRVEGU00;Gobernacion;Guayana;1111;start;9999;end;1768;exact;1790;exact;1768;1790;2705;;
FRVEGULP;Fronteras;Laguna del Parime;PRVEGU00;Gobernacion;Guayana;1111;start;9999;end;1768;exact;1790;exact;1768;1790;2706;;
FRVEGUCA;Fronteras;Caribana;PRVEGU00;Gobernacion;Guayana;1111;start;9999;end;1768;exact;1790;exact;1768;1790;2707;;
FRVEGUXX;Fronteras;Guayana;PRVEGU00;Gobernacion;Guayana;1111;start;9999;end;1768;exact;1790;exact;1768;1790;2708;;
PTVEGUOB;Partido;Bajo Orinoco;PRVEGU00;Comandancia General;Guayana;1111;start;9999;end;1762;exact;1767;exact;1762;1767;2709;;
JUVEGUGU;Jurisdiccion;Guayana;PRVEGU00;Comandancia General;Guayana;1762;exact;1808;hgis;1762;exact;1767;exact;1762;1767;2710;dontclip;
PTVEGUAO;Partido;Alto Orinoco;PRVEGU00;Comandancia General;Guayana;1111;start;9999;end;1762;exact;1767;exact;1762;1767;2711;;
PTVEGUCC;Partido;Misiones capuchinas;PRVEGU00;Comandancia General;Guayana;1111;start;9999;end;1762;exact;1767;exact;1762;1767;2712;;
FRVEGUPA;Fronteras;Paria;PRVEGU00;Comandancia General;Guayana;1111;start;9999;end;1762;exact;1767;exact;1762;1767;2713;;
FRVEGULP;Fronteras;Laguna del Parime;PRVEGU00;Comandancia General;Guayana;1111;start;9999;end;1762;exact;1767;exact;1762;1767;2714;;
FRVEGUCA;Fronteras;Caribana;PRVEGU00;Comandancia General;Guayana;1111;start;9999;end;1762;exact;1767;exact;1762;1767;2715;;
FRVEGUXX;Fronteras;Guayana;PRVEGU00;Comandancia General;Guayana;1111;start;9999;end;1762;exact;1767;exact;1762;1767;2716;;
JUVECUCU;Jurisdiccion;Cumana;PRVEIM00;Gobernacion-Capitania General;Isla Margarita;1562;exact;1567;exact;1525;exact;1776;exact;1562;1567;2717;;
JUVEMCSC;Jurisdiccion;San Cristobal;PRVEMC00;Gobernacion;Maracaibo;1573;not_after;1808;hgis;1751;ca;1788;ca;1751;1788;2718;;
JUVEMCSF;Jurisdiccion;San Fernando;PRVEMC00;Gobernacion;Maracaibo;1788;exact;1808;hgis;1751;ca;1788;ca;1788;1788;2719;;
JUVEMCMC;Jurisdiccion;Maracaibo;PRVEMC00;Gobernacion;Maracaibo;1682;exact;1808;hgis;1751;ca;1788;ca;1751;1788;2720;dontclip;
JUVEMCLG;Jurisdiccion;La Grita;PRVEMC00;Gobernacion;Maracaibo;1607;exact;1808;hgis;1751;ca;1788;ca;1751;1788;2721;;
JUVEMCGI;Jurisdiccion;Gibraltar;PRVEMC00;Gobernacion;Maracaibo;1592;exact;1808;hgis;1751;ca;1788;ca;1751;1788;2722;;
JUVEMCPJ;Jurisdiccion;Perija;PRVEMC00;Gobernacion;Maracaibo;1776;not_before;1808;hgis;1751;ca;1788;ca;1776;1788;2723;;
JUVEMCPZ;Jurisdiccion;Pedraza;PRVEMC00;Gobernacion;Maracaibo;1591;exact;1808;hgis;1751;ca;1788;ca;1751;1788;2724;;
JUVEMCBA;Jurisdiccion;Barinas;PRVEMC00;Gobernacion;Maracaibo;1577;exact;1808;hgis;1751;ca;1788;ca;1751;1788;2725;;
JUVEMCME;Jurisdiccion;Merida;PRVEMC00;Gobernacion;Maracaibo;1682;exact;1808;hgis;1751;ca;1788;ca;1751;1788;2726;;
JUVEMCSC;Jurisdiccion;San Cristobal;PRVEMC00;Corregimiento;Merida y La Grita;1573;not_after;1808;hgis;1607;exact;1620;exact;1607;1620;2727;;
JUVEMCLG;Jurisdiccion;La Grita;PRVEMC00;Corregimiento;Merida y La Grita;1607;exact;1808;hgis;1607;exact;1620;exact;1607;1620;2728;;
JUVEMCGI;Jurisdiccion;Gibraltar;PRVEMC00;Corregimiento;Merida y La Grita;1592;exact;1808;hgis;1607;exact;1620;exact;1607;1620;2729;;
JUVEMCPZ;Jurisdiccion;Pedraza;PRVEMC00;Corregimiento;Merida y La Grita;1591;exact;1808;hgis;1607;exact;1620;exact;1607;1620;2730;;
JUVEMCBA;Jurisdiccion;Barinas;PRVEMC00;Corregimiento;Merida y La Grita;1577;exact;1808;hgis;1607;exact;1620;exact;1607;1620;2731;;
JUVEMCSC;Jurisdiccion;San Cristobal;PRVEMC00;Gobernacion-Capitania General;Merida y La Grita;1573;not_after;1808;hgis;1621;exact;1675;exact;1621;1675;2732;;
JUVEMCLG;Jurisdiccion;La Grita;PRVEMC00;Gobernacion-Capitania General;Merida y La Grita;1607;exact;1808;hgis;1621;exact;1675;exact;1621;1675;2733;;
JUVEMCGI;Jurisdiccion;Gibraltar;PRVEMC00;Gobernacion-Capitania General;Merida y La Grita;1592;exact;1808;hgis;1621;exact;1675;exact;1621;1675;2734;;
JUVEMCPZ;Jurisdiccion;Pedraza;PRVEMC00;Gobernacion-Capitania General;Merida y La Grita;1591;exact;1808;hgis;1621;exact;1675;exact;1621;1675;2735;;
JUVEMCBA;Jurisdiccion;Barinas;PRVEMC00;Gobernacion-Capitania General;Merida y La Grita;1577;exact;1808;hgis;1621;exact;1675;exact;1621;1675;2736;;
JUVEMCSC;Jurisdiccion;San Cristobal;PRVEMC00;Gobernacion;Merida;1573;not_after;1808;hgis;1740;exact;1750;ca;1740;1750;2737;;
JUVEMCMC;Jurisdiccion;Maracaibo;PRVEMC00;Gobernacion;Merida;1682;exact;1808;hgis;1740;exact;1750;ca;1740;1750;2738;dontclip;
JUVEMCLG;Jurisdiccion;La Grita;PRVEMC00;Gobernacion;Merida;1607;exact;1808;hgis;1740;exact;1750;ca;1740;1750;2739;;
JUVEMCGI;Jurisdiccion;Gibraltar;PRVEMC00;Gobernacion;Merida;1592;exact;1808;hgis;1740;exact;1750;ca;1740;1750;2740;;
JUVEMCPZ;Jurisdiccion;Pedraza;PRVEMC00;Gobernacion;Merida;1591;exact;1808;hgis;1740;exact;1750;ca;1740;1750;2741;;
JUVEMCBA;Jurisdiccion;Barinas;PRVEMC00;Gobernacion;Merida;1577;exact;1808;hgis;1740;exact;1750;ca;1740;1750;2742;;
JUVEMCME;Jurisdiccion;Merida;PRVEMC00;Gobernacion;Merida;1682;exact;1808;hgis;1740;exact;1750;ca;1740;1750;2743;;
JUVEMCSC;Jurisdiccion;San Cristobal;PRVEMC00;Corregimiento;Pamplona;1573;not_after;1808;hgis;1573;not_after;1579;exact;1573;1579;2744;;
JUVEMCBA;Jurisdiccion;Barinas;PRVEMC00;Corregimiento;Pamplona;1577;exact;1808;hgis;1573;not_after;1579;exact;1577;1579;2745;;
JUVEMCSC;Jurisdiccion;San Cristobal;PRVEMC00;Gobernacion-Intendencia;Maracaibo;1573;not_after;1808;hgis;1789;ca;1808;hgis;1789;1808;2746;;
JUVEMCSF;Jurisdiccion;San Fernando;PRVEMC00;Gobernacion-Intendencia;Maracaibo;1788;exact;1808;hgis;1789;ca;1808;hgis;1789;1808;2747;;
JUVEMCMC;Jurisdiccion;Maracaibo;PRVEMC00;Gobernacion-Intendencia;Maracaibo;1682;exact;1808;hgis;1789;ca;1808;hgis;1789;1808;2748;dontclip;
JUVEMCLG;Jurisdiccion;La Grita;PRVEMC00;Gobernacion-Intendencia;Maracaibo;1607;exact;1808;hgis;1789;ca;1808;hgis;1789;1808;2749;;
JUVEMCGI;Jurisdiccion;Gibraltar;PRVEMC00;Gobernacion-Intendencia;Maracaibo;1592;exact;1808;hgis;1789;ca;1808;hgis;1789;1808;2750;;
JUVEMCPJ;Jurisdiccion;Perija;PRVEMC00;Gobernacion-Intendencia;Maracaibo;1776;not_before;1808;hgis;1789;ca;1808;hgis;1789;1808;2751;;
JUVEMCPZ;Jurisdiccion;Pedraza;PRVEMC00;Gobernacion-Intendencia;Maracaibo;1591;exact;1808;hgis;1789;ca;1808;hgis;1789;1808;2752;;
JUVEMCBA;Jurisdiccion;Barinas;PRVEMC00;Gobernacion-Intendencia;Maracaibo;1577;exact;1808;hgis;1789;ca;1808;hgis;1789;1808;2753;;
JUVEMCME;Jurisdiccion;Merida;PRVEMC00;Gobernacion-Intendencia;Maracaibo;1682;exact;1808;hgis;1789;ca;1808;hgis;1789;1808;2754;;
JUVEMCSC;Jurisdiccion;San Cristobal;PRVEMC00;Gobernacion-Capitania General;Merida;1573;not_after;1808;hgis;1676;exact;1739;exact;1676;1739;2755;;
JUVEMCMC;Jurisdiccion;Maracaibo;PRVEMC00;Gobernacion-Capitania General;Merida;1682;exact;1808;hgis;1676;exact;1739;exact;1682;1739;2756;dontclip;
JUVEMCLG;Jurisdiccion;La Grita;PRVEMC00;Gobernacion-Capitania General;Merida;1607;exact;1808;hgis;1676;exact;1739;exact;1676;1739;2757;;
JUVEMCGI;Jurisdiccion;Gibraltar;PRVEMC00;Gobernacion-Capitania General;Merida;1592;exact;1808;hgis;1676;exact;1739;exact;1676;1739;2758;;
JUVEMCPZ;Jurisdiccion;Pedraza;PRVEMC00;Gobernacion-Capitania General;Merida;1591;exact;1808;hgis;1676;exact;1739;exact;1676;1739;2759;;
JUVEMCBA;Jurisdiccion;Barinas;PRVEMC00;Gobernacion-Capitania General;Merida;1577;exact;1808;hgis;1676;exact;1739;exact;1676;1739;2760;;
JUVEMCME;Jurisdiccion;Merida;PRVEMC00;Gobernacion-Capitania General;Merida;1682;exact;1808;hgis;1676;exact;1739;exact;1682;1739;2761;;
JUVETRTR;Jurisdiccion;Trinidad;PRVETR00;Gobernacion;Trinidad;1111;start;1796;exact;1529;exact;1584;exact;1529;1584;2762;;
JUVETRTR;Jurisdiccion;Trinidad;PRVETR00;Gobernacion;Trinidad;1111;start;1796;exact;1733;exact;1796;exact;1733;1796;2763;dontclip;
JUVEGUGU;Presidio;Guayana;PRVETR00;Gobernacion;Trinidad;1595;exact;1732;exact;1585;exact;1732;exact;1595;1732;2764;;
PRVEGU00;Provincia;Guayana;PRVETR00;Gobernacion;Trinidad;1585;exact;1732;exact;1585;exact;1732;exact;1585;1732;2765;clip;
JUVETRTR;Jurisdiccion;Trinidad;PRVETR00;Gobernacion;Trinidad;1111;start;1796;exact;1585;exact;1732;exact;1585;1732;2766;;
PTNEGJYU;Partido;Yurirapundaro;PTNEGJAC;Jurisdiccion;Acambaro;1560;not_after;1570;exact;1560;not_after;1570;exact;1560;1570;2767;;
PTNEGJYU;Tenencia de Alcaldia Mayor;Yurirapundaro;JUNEGJCE;Alcaldia Mayor;Celaya;1571;exact;1786;not_after;1571;exact;1808;hgis;1571;1786;2768;;cabecera
PTNEGJAC;Tenencia de Alcaldia Mayor;Acambaro;JUNEGJCE;Alcaldia Mayor;Celaya;1571;exact;1786;not_after;1571;exact;1808;hgis;1571;1786;2769;;cabecera
PMNGSMPI;Partido;Piñon;PTNGCALB;Capitania a guerra;Loba;1770;not_before;1808;hgis;1744;exact;1788;not_after;1770;1788;2770;;
PMNGSMPI;Partido;Piñon;PTNGCALB;Capitania a Guerra (JM);Loba;1770;not_before;1808;hgis;1789;not_after;1808;hgis;1789;1808;2771;;
PTNGCABA;Partido;Turbana;PTNGCAMH;Capitania a Guerra (JM);Mahates;1759;not_after;1773;not_after;1742;ca;1808;hgis;1759;1773;2772;;
PTNGCASB;Jurisdiccion;San Benito;PTNGCAST;Corregimiento;La Pileta;1677;exact;1808;hgis;1776;exact;1777;exact;1776;1777;2773;;
PTNGCACO;Partido;La Pileta;PTNGCAST;Corregimiento;La Pileta;1776;exact;1778;exact;1776;exact;1777;exact;1776;1777;2774;dontclip;
PTNGCASB;Jurisdiccion;San Benito;PTNGCAST;Partido;Tolu y Sabanas;1677;exact;1808;hgis;1535;not_before;1775;exact;1677;1775;2775;;
PTNGCASB;Jurisdiccion;San Benito;PTNGCAST;Partido;Tolu y Sabanas;1677;exact;1808;hgis;1778;exact;1808;hgis;1778;1808;2776;;
PTNGCACO;Partido;La Pileta;PTNGCAST;Partido;Tolu y Sabanas;1776;exact;1778;exact;1778;exact;1808;hgis;1778;1778;2777;dontclip;
PMNGCABQ;Partido;Barranquilla;PTNGCATA;Capitania a guerra;Tierradentro;1681;not_before;1808;hgis;1790;not_before;1808;hgis;1790;1808;2778;dontclip;
PMNGCAST;Partido;Santo Tomas;PTNGCATA;Capitania a guerra;Tierradentro;1776;arbitrary;1793;not_after;1790;not_before;1808;hgis;1790;1793;2779;;
PMNGCABQ;Partido;Barranquilla;PTNGCATA;Corregimiento;Tierradentro;1681;not_before;1808;hgis;1681;not_after;1789;not_before;1681;1789;2780;dontclip;
PMNGCAST;Partido;Santo Tomas;PTNGCATA;Corregimiento;Tierradentro;1776;arbitrary;1793;not_after;1681;not_after;1789;not_before;1776;1789;2781;;
PMRPPAAT;Pueblo;Atira;PTRPPARG;Partido;Pueblos;1701;hgis;1808;hgis;1701;hgis;1808;hgis;1701;1808;2782;;
PMRPPABE;Pueblo;Belen;PTRPPARG;Partido;Pueblos;1760;exact;1808;hgis;1701;hgis;1808;hgis;1760;1808;2783;;
PMRPPASE;Pueblo;San Estanislao;PTRPPARG;Partido;Pueblos;1749;exact;1808;hgis;1701;hgis;1808;hgis;1749;1808;2784;;
PMRPPALA;Pueblo;Los Altos;PTRPPARG;Partido;Pueblos;1701;hgis;1808;hgis;1701;hgis;1808;hgis;1701;1808;2785;;
PMRPPAIP;Pueblo;Ipane;PTRPPARG;Partido;Pueblos;1701;hgis;1808;hgis;1701;hgis;1808;hgis;1701;1808;2786;;
PMRPPAGU;Pueblo;Guarambare;PTRPPARG;Partido;Pueblos;1701;hgis;1808;hgis;1701;hgis;1808;hgis;1701;1808;2787;;
PMRPPAIA;Pueblo;Ita;PTRPPARG;Partido;Pueblos;1701;hgis;1808;hgis;1701;hgis;1808;hgis;1701;1808;2788;;
PMRPPAIE;Pueblo;Itape;PTRPPARG;Partido;Pueblos;1701;hgis;1808;hgis;1701;hgis;1808;hgis;1701;1808;2789;;
PMRPPACA;Pueblo;Caazapa;PTRPPARG;Partido;Pueblos;1701;hgis;1808;hgis;1701;hgis;1808;hgis;1701;1808;2790;;
PMRPPAYU;Pueblo;Yuty;PTRPPARG;Partido;Pueblos;1701;hgis;1808;hgis;1701;hgis;1808;hgis;1701;1808;2791;;
PMRPPATO;Pueblo;Tobati;PTRPPARG;Partido;Pueblos;1701;hgis;1808;hgis;1701;hgis;1808;hgis;1701;1808;2792;;
PMRPPANE;Pueblo;San Juan Nepomuceno;PTRPPARG;Partido;Pueblos;1797;exact;1808;hgis;1701;hgis;1808;hgis;1797;1808;2793;;
PMRPPASJ;Pueblo;San Joaquin;PTRPPARG;Partido;Pueblos;1747;exact;1808;hgis;1701;hgis;1808;hgis;1747;1808;2794;;
PMRPPAEM;Pueblo;Emboscada;PTRPPARG;Partido;Pueblos;1740;ca;1808;hgis;1701;hgis;1808;hgis;1740;1808;2795;;
PTSDPRAA;Partido;Aguadilla;PTSDPRAG;Partido politico;Aguada;1775;exact;1779;exact;1701;hgis;9999;end;1775;1779;2796;;
PTSDPRVB;Partido;La Vega;PTSDPRMA;Partido politico;Manati;1775;exact;1778;exact;1733;exact;9999;end;1775;1778;2797;;
PRNGDA00;Gobernacion;Darien;PRNGPA00;Gobernacion-Capitania General;Tierra Firme;1712;not_after;1750;exact;1111;start;9999;end;1712;1750;2798;;
PRNGVE00;Gobernacion;Veragua;PRNGPA00;Gobernacion-Capitania General;Tierra Firme;1514;exact;1536;exact;1111;start;9999;end;1508;1536;2799;;
PRNGVE00;Gobernacion;Veragua;PRNGPA00;Gobernacion-Capitania General;Tierra Firme;1716;not_before;1750;exact;1111;start;9999;end;1716;1750;2800;;
JUNEOAIX;Alcaldia Mayor;Ixtepeji;SENEDA00;Ducado;Atrisco;1751;arbitrary;1808;hgis;1706;exact;1808;hgis;1751;1808;2801;;
JUNEPUTP;Alcaldia Mayor;Tepeaca;SENEDA00;Ducado;Atrisco;1710;ca;1808;hgis;1706;exact;1808;hgis;1710;1808;2802;;
JUNEPUAT;Alcaldia Mayor;Atlixco;SENEDA00;Ducado;Atrisco;1710;ca;1808;hgis;1706;exact;1808;hgis;1710;1808;2803;;
JUNEMXTU;Alcaldia Mayor;Tula;SENEDA00;Ducado;Atrisco;1710;ca;1808;hgis;1706;exact;1808;hgis;1710;1808;2804;;
JUNEPUHN;Alcaldia Mayor;Huauchinango;SENEDA00;Ducado;Atrisco;1710;ca;1808;hgis;1706;exact;1808;hgis;1710;1808;2805;;
JUNEMICR;Corregimiento;Charo;SENEMV00;Marquesado;El Valle;1111;start;1808;hgis;1593;exact;1706;exact;1593;1706;2806;;
JUNEOAIX;Corregimiento;Ixtepeji;SENEMV00;Marquesado;El Valle;1554;exact;1668;not_after;1593;exact;1706;exact;1593;1668;2807;;
JUNEVCTC;Alcaldia Mayor;Tuxtla y Cotaxtla;SENEMV00;Marquesado;El Valle;1639;not_after;1808;hgis;1593;exact;1706;exact;1639;1706;2808;;
JUNEOAJM;Corregimiento;Jalapa Del Marques;SENEMV00;Marquesado;El Valle;1595;ca;1706;exact;1593;exact;1706;exact;1595;1706;2809;;
JUNEMXTO;Corregimiento;Toluca;SENEMV00;Marquesado;El Valle;1688;ca;1699;ca;1593;exact;1706;exact;1688;1699;2810;;
JUNEOACV;Alcaldia Mayor;Cuatro Villas;SENEMV00;Marquesado;El Valle;1595;ca;1706;exact;1593;exact;1706;exact;1595;1706;2811;;
JUNEOACV;Alcaldia mayor;Cuernavaca;SENEMV00;Marquesado;El Valle;1595;ca;1706;exact;1593;exact;1706;exact;1595;1706;2812;;
JUNEMICR;Corregimiento;Charo;SENEMV00;Marquesado;El Valle;1111;start;1808;hgis;1726;exact;1808;hgis;1726;1808;2813;;
JUNEMXTO;Corregimiento;Toluca;SENEMV00;Marquesado;El Valle;1725;not_after;1808;hgis;1726;exact;1808;hgis;1726;1808;2814;;
JUNEOACV;Alcaldia Mayor;Cuatro Villas;SENEMV00;Marquesado;El Valle;1726;ca;1808;hgis;1726;exact;1808;hgis;1726;1808;2815;;
JUNEOACV;Alcaldia mayor;Cuernavaca;SENEMV00;Marquesado;El Valle;1726;ca;1808;hgis;1726;exact;1808;hgis;1726;1808;2816;;
JUNEVCTC;Alcaldia Mayor;Tuxtla y Cotaxtla;SENEMV00;Marquesado;El Valle;1639;not_after;1808;hgis;1726;exact;1808;hgis;1726;1808;2817;;
JUNEOAIX;Alcaldia Mayor;Ixtepeji;SENEMV00;Marquesado;El Valle;1710;ca;1750;arbitrary;1726;exact;1808;hgis;1726;1750;2818;;
JUNEOAJM;Corregimiento;Jalapa Del Marques;SENEMV00;Marquesado;El Valle;1726;ca;1808;hgis;1726;exact;1808;hgis;1726;1808;2819;;
JUNEMICR;Corregimiento;Charo;SENEMV00;Marquesado;El Valle;1111;start;1808;hgis;1529;exact;1573;exact;1529;1573;2820;;
JUNEOAIX;Corregimiento;Ixtepeji;SENEMV00;Marquesado;El Valle;1554;exact;1668;not_after;1529;exact;1573;exact;1554;1573;2821;;
JUNEOACV;Alcaldia Mayor;Cuatro Villas;SENEMV00;Marquesado;El Valle;1534;exact;1569;ca;1529;exact;1573;exact;1534;1569;2822;;
JUNEOACV;Alcaldia mayor;Cuernavaca;SENEMV00;Marquesado;El Valle;1529;exact;1569;ca;1529;exact;1573;exact;1529;1569;2823;;
JUNEOATT;Alcaldia Mayor;Tehuantepec;SENEMV00;Marquesado;El Valle;1529;exact;1562;ca;1529;exact;1573;exact;1529;1562;2824;;
JUNEOAJM;Corregimiento;Jalapa Del Marques;SENEMV00;Marquesado;El Valle;1563;exact;1569;ca;1529;exact;1573;exact;1563;1569;2825;;
JUNEMXTO;Alcaldia Mayor;Toluca;SENEMV00;Marquesado;El Valle;1555;exact;1582;exact;1529;exact;1573;exact;1555;1573;2826;;
JUNEMICR;Corregimiento;Charo;SENEMV00;Marquesado secuestrado;El Valle;1111;start;1808;hgis;1574;exact;1592;exact;1574;1592;2827;;
JUNEOAIX;Corregimiento;Ixtepeji;SENEMV00;Marquesado secuestrado;El Valle;1554;exact;1668;not_after;1574;exact;1592;exact;1574;1592;2828;;
JUNEMXTO;Alcaldia Mayor;Toluca;SENEMV00;Marquesado secuestrado;El Valle;1555;exact;1582;exact;1574;exact;1592;exact;1574;1582;2829;;
JUNEMICR;Corregimiento;Charo;SENEMV00;Marquesado secuestrado;El Valle;1111;start;1808;hgis;1707;exact;1725;exact;1707;1725;2830;;
JUNEMXTO;Corregimiento;Toluca;SENEMV00;Marquesado secuestrado;El Valle;1725;not_after;1808;hgis;1707;exact;1725;exact;1725;1725;2831;;
JUNEVCTC;Alcaldia Mayor;Tuxtla y Cotaxtla;SENEMV00;Marquesado secuestrado;El Valle;1639;not_after;1808;hgis;1707;exact;1725;exact;1707;1725;2832;;
JUNEOAIX;Alcaldia Mayor;Ixtepeji;SENEMV00;Marquesado secuestrado;El Valle;1710;ca;1750;arbitrary;1707;exact;1725;exact;1710;1725;2833;;
JUCHSACP;Corregimiento;Copiapo;SUCH0000;Capitania General;Chile;1701;hgis;1785;exact;1541;exact;1808;hgis;1701;1785;2834;;
JUCHCOJF;Gobernacion Politico-Militar;Juan Fernandez;SUCH0000;Capitania General;Chile;1750;exact;1785;exact;1541;exact;1808;hgis;1750;1785;2835;;
JUCHCOPU;Corregimiento;Puchacay;SUCH0000;Capitania General;Chile;1757;exact;1785;exact;1541;exact;1808;hgis;1757;1785;2836;;
JUCHSAAC;Corregimiento;Aconcagua;SUCH0000;Capitania General;Chile;1740;exact;1785;exact;1541;exact;1808;hgis;1740;1785;2837;;
JUCHCOIT;Corregimiento;Itata;SUCH0000;Capitania General;Chile;1749;exact;1785;exact;1541;exact;1808;hgis;1749;1785;2838;;
JUCHCOAR;Comandancia General;Frontera de Arauco;SUCH0000;Capitania General;Chile;1727;exact;1774;ca;1541;exact;1808;hgis;1727;1774;2839;;
JUCHSACO;Corregimiento;Colchagua;SUCH0000;Capitania General;Chile;1742;exact;1785;exact;1541;exact;1808;hgis;1742;1785;2840;;
AUSA0000;Audiencia Real;Santiago;SUCH0000;Capitania General;Chile;1797;exact;1808;hgis;1541;exact;1808;hgis;1797;1808;2841;;
PRCHSA00;Gobernacion-Intendencia;Santiago;SUCH0000;Capitania General;Chile;1786;exact;1808;hgis;1541;exact;1808;hgis;1786;1808;2842;dontclip;
JUCHCOCH;Corregimiento;Chillan;SUCH0000;Capitania General;Chile;1701;hgis;1785;exact;1541;exact;1808;hgis;1701;1785;2843;;
JUCHCOAR;Comandancia General;Frontera de Arauco;SUCH0000;Capitania General;Chile;1701;hgis;1722;exact;1541;exact;1808;hgis;1701;1722;2844;;
JUCHCYCY;Corregimiento;Cuyo;SUCH0000;Capitania General;Chile;1568;exact;1776;exact;1541;exact;1808;hgis;1568;1776;2845;;
PRCHCH00;Gobernacion;Chiloe;SUCH0000;Capitania General;Chile;1601;exact;1766;exact;1541;exact;1808;hgis;1601;1766;2846;;
JUCHSAME;Corregimiento;Melipilla;SUCH0000;Capitania General;Chile;1742;exact;1785;exact;1541;exact;1808;hgis;1742;1785;2847;;
PRCHCO00;Gobernacion-Intendencia;Concepcion;SUCH0000;Capitania General;Chile;1786;exact;1808;hgis;1541;exact;1808;hgis;1786;1808;2848;;
JUCHCORE;Corregimiento;Rere;SUCH0000;Capitania General;Chile;1765;ca;1785;exact;1541;exact;1808;hgis;1765;1785;2849;;
JUCHCOCQ;Corregimiento;Cauquenes;SUCH0000;Capitania General;Chile;1773;exact;1785;exact;1541;exact;1808;hgis;1773;1785;2850;;
JUCHSACQ;Corregimiento;Coquimbo;SUCH0000;Capitania General;Chile;1701;hgis;1785;exact;1541;exact;1808;hgis;1701;1785;2851;;
FRCHBMBM;Fronteras;Butalmapus;SUCH0000;Capitania General;Chile;1111;start;1808;hgis;1541;exact;1808;hgis;1541;1808;2852;;
JUCHSASA;Corregimiento;Santiago;SUCH0000;Capitania General;Chile;1701;hgis;1785;exact;1541;exact;1808;hgis;1701;1785;2853;;
JUCHSAVA;Gobernacion Politico-Militar;Valparaiso;SUCH0000;Capitania General;Chile;1682;exact;1785;exact;1541;exact;1808;hgis;1682;1785;2854;;
JUCHCOCO;Corregimiento;Concepcion;SUCH0000;Capitania General;Chile;1701;hgis;1785;exact;1541;exact;1808;hgis;1701;1785;2855;;
JUCHSAMA;Corregimiento;Maule;SUCH0000;Capitania General;Chile;1742;exact;1785;exact;1541;exact;1808;hgis;1742;1785;2856;;
JUCHSARA;Corregimiento;Rancagua;SUCH0000;Capitania General;Chile;1743;exact;1785;exact;1541;exact;1808;hgis;1743;1785;2857;;
JUCHSAQU;Corregimiento;Quillota;SUCH0000;Capitania General;Chile;1717;exact;1785;exact;1541;exact;1808;hgis;1717;1785;2858;;
JUGUNISU;Corregimiento;Subtiava;SUGU0000;Capitania General;Guatemala;1726;hgis;1777;exact;1542;exact;1808;hgis;1726;1777;2859;;
PRGUCH00;Gobernacion-Intendencia;Chiapas;SUGU0000;Capitania General;Guatemala;1786;exact;1808;hgis;1542;exact;1808;hgis;1786;1808;2860;;
JUGUNIMG;Corregimiento;Sebaco;SUGU0000;Capitania General;Guatemala;1731;ca;1786;exact;1542;exact;1808;hgis;1731;1786;2862;;
JUGUNIRE;Corregimiento;El Realejo;SUGU0000;Capitania General;Guatemala;1632;exact;1786;exact;1542;exact;1808;hgis;1632;1786;2863;;
JUGUCHCR;Alcaldia Mayor;Chiapas;SUGU0000;Capitania General;Guatemala;1701;hgis;1785;exact;1542;exact;1808;hgis;1701;1785;2864;;
PRGUGU00;Provincia;Guatemala;SUGU0000;Capitania General;Guatemala;1542;exact;1808;hgis;1542;exact;1808;hgis;1542;1808;2865;dontclip;
AUCO0000;Audiencia Real;Guatemala;SUGU0000;Capitania General;Guatemala;1570;exact;1808;hgis;1542;exact;1808;hgis;1570;1808;2867;;
JUGUCHSO;Gobernacion;Soconusco;SUGU0000;Capitania General;Guatemala;1542;exact;1785;exact;1542;exact;1808;hgis;1542;1785;2868;;
JUGUNISJ;Comandancia;Rio San Juan;SUGU0000;Capitania General;Guatemala;1701;hgis;1808;hgis;1542;exact;1808;hgis;1701;1808;2869;;
JUGUTGTG;Alcaldia Mayor;Tegucigalpa;SUGU0000;Capitania General;Guatemala;1579;exact;1788;exact;1542;exact;1808;hgis;1579;1788;2870;;
JUGUCHTU;Alcaldia Mayor;Tuxtla;SUGU0000;Capitania General;Guatemala;1769;exact;1785;exact;1542;exact;1808;hgis;1769;1785;2871;;
JUGUGUIS;Gobernacion;Isla de San Andres;SUGU0000;Capitania General;Guatemala;1795;exact;1803;exact;1542;exact;1808;hgis;1795;1803;2872;;
JUGUCYTR;Gobernacion político-militar subdelegación;Trujillo;SUGU0000;Capitania General;Guatemala;1801;exact;1808;hgis;1542;exact;1808;hgis;1801;1808;2873;;
PRGUSS00;Corregimiento-Intendencia;San Salvador;SUGU0000;Capitania General;Guatemala;1791;exact;1808;hgis;1542;exact;1808;hgis;1791;1808;2874;;
MIGUGUPE;Gobernacion politico-militar;Peten;SUGU0000;Capitania General;Guatemala;1787;arbitrary;1808;hgis;1542;exact;1808;hgis;1787;1808;2875;;
JUGUGUSF;Comandancia;San Felipe del Golfo;SUGU0000;Capitania General;Guatemala;1751;not_after;1808;hgis;1542;exact;1808;hgis;1751;1808;2877;;
PTGUNIMG;Corregimiento;Matagalpa;SUGU0000;Capitania General;Guatemala;1632;exact;1650;not_before;1542;exact;1808;hgis;1632;1650;2878;;
AUCO0000;Audiencia Real;Guatemala;SUGU0000;Capitania General;Guatemala;1549;exact;1564;exact;1542;exact;1808;hgis;1549;1564;2879;;
JUGUCRQU;Corregimiento;Quepo;SUGU0000;Capitania General;Guatemala;1600;arbitrary;1659;exact;1542;exact;1808;hgis;1600;1659;2880;;
JUGUCRTR;Corregimiento-Alcaldia Mayor;Turrialba;SUGU0000;Capitania General;Guatemala;1600;ca;1659;exact;1542;exact;1808;hgis;1600;1659;2881;;
JUGUCRPA;Corregimiento;Pacaca;SUGU0000;Capitania General;Guatemala;1600;arbitrary;1659;exact;1542;exact;1808;hgis;1600;1659;2882;;
JUGUCRCH;Corregimiento;Chirripo;SUGU0000;Capitania General;Guatemala;1632;exact;1659;exact;1542;exact;1808;hgis;1632;1659;2883;;
JUGUCRTC;Corregimiento;Tucurrique;SUGU0000;Capitania General;Guatemala;1600;arbitrary;1659;exact;1542;exact;1808;hgis;1600;1659;2884;;
JUGUCYTC;Corregimiento;Tencoa;SUGU0000;Capitania General;Guatemala;1600;arbitrary;1660;ca;1542;exact;1808;hgis;1600;1660;2885;;
JUGUCYSE;Alcaldia Mayor;Nueva Zaragoza;SUGU0000;Capitania General;Guatemala;1580;ca;1702;exact;1542;exact;1808;hgis;1580;1702;2886;;
JUGUNIMA;Corregimiento;Monimbo;SUGU0000;Capitania General;Guatemala;1632;exact;1672;exact;1542;exact;1808;hgis;1632;1672;2887;;
JUGUCYOM;Comandancia;Omoa;SUGU0000;Capitania General;Guatemala;1752;exact;1808;hgis;1542;exact;1808;hgis;1752;1808;2889;;
PRGUNI00;Gobernacion-Intendencia;Leon;SUGU0000;Capitania General;Guatemala;1787;exact;1808;hgis;1542;exact;1808;hgis;1787;1808;2890;;
PRNGCA00;Gobernacion;Nueva Andalucia;SUIN0000;Virreinato;Indias;1508;exact;1513;exact;1492;exact;1534;exact;1508;1513;2893;;
PRNGPA00;Gobernacion;Veragua;SUIN0000;Virreinato;Indias;1508;exact;1513;exact;1492;exact;1534;exact;1508;1513;2894;;
PRNEOA00;Corregimiento-Intendencia;Oaxaca;SUNE0000;Virreinato;Nueva España;1787;exact;1808;hgis;1535;exact;1808;hgis;1787;1808;2895;;
PRGDNL00;Gobernacion;Nuevo Leon;SUNE0000;Virreinato;Nueva España;1582;exact;1590;exact;1535;exact;1808;hgis;1582;1590;2896;;
PRGDZA00;Corregimiento-Intendencia;Zacatecas;SUNE0000;Virreinato;Nueva España;1787;exact;1808;hgis;1535;exact;1808;hgis;1787;1808;2898;;
PRGDDU00;Gobernacion-Intendencia;Durango;SUNE0000;Virreinato;Nueva España;1787;exact;1808;hgis;1535;exact;1808;hgis;1787;1808;2899;;
PRGDCO00;Gobernacion;Coahuila;SUNE0000;Virreinato;Nueva España;1687;exact;1786;exact;1535;exact;1808;hgis;1687;1786;2901;;
PRGDNA00;Gobernacion;Nayarit;SUNE0000;Virreinato;Nueva España;1722;exact;1790;exact;1535;exact;1808;hgis;1722;1790;2902;;
CGPIOR00;Comandancia General;Provincias Internal del Oriente;SUNE0000;Virreinato;Nueva España;1787;exact;1790;exact;1535;exact;1808;hgis;1787;1790;2903;;
PRNESL00;Corregimiento-Intendencia;San Luis Potosi;SUNE0000;Virreinato;Nueva España;1787;exact;1808;hgis;1535;exact;1808;hgis;1787;1808;2904;;
PRNEGJ00;Corregimiento-Intendencia;Guanajuato;SUNE0000;Virreinato;Nueva España;1787;exact;1808;hgis;1535;exact;1808;hgis;1787;1808;2905;;
PRNEPU00;Gobernacion-Intendencia;Puebla;SUNE0000;Virreinato;Nueva España;1787;exact;1808;hgis;1535;exact;1808;hgis;1787;1808;2906;;
FRCMXXXX;Fronteras;Chichimeca;SUNE0000;Virreinato;Nueva España;1111;start;9999;end;1535;exact;1808;hgis;1535;1808;2907;;
PRNECT00;Gobernacion;Fronteras de Colotlan;SUNE0000;Virreinato;Nueva España;1591;exact;1790;exact;1535;exact;1808;hgis;1591;1790;2908;;
JUNETLTL;Gobernacion;Tlaxcala;SUNE0000;Virreinato;Nueva España;1587;exact;1808;hgis;1535;exact;1808;hgis;1587;1808;2909;;
PRGDTX00;Gobernacion;Texas;SUNE0000;Virreinato;Nueva España;1771;ca;1808;hgis;1535;exact;1808;hgis;1771;1808;2910;;
PRGDNS00;Gobernacion;Nuevo Santander;SUNE0000;Virreinato;Nueva España;1748;exact;1808;hgis;1535;exact;1808;hgis;1748;1808;2911;;
PRGDNM00;Gobernacion;Nuevo Mexico;SUNE0000;Virreinato;Nueva España;1777;exact;1808;hgis;1535;exact;1808;hgis;1777;1808;2912;;
JUNECNCA;Gobernacion;Carmen;SUNE0000;Virreinato;Nueva España;1758;not_after;1786;exact;1535;exact;1808;hgis;1758;1786;2913;;
JUNEMXAC;Gobernacion;Acapulco;SUNE0000;Virreinato;Nueva España;1710;ca;1808;hgis;1535;exact;1808;hgis;1710;1808;2914;;
CGPIOC00;Comandancia General;Provincias Internas del Poniente;SUNE0000;Virreinato;Nueva España;1787;exact;1790;exact;1535;exact;1808;hgis;1787;1790;2915;;
JUSDFLFW;Gobernacion;Pansacola;SUNE0000;Virreinato;Nueva España;1698;exact;1718;exact;1535;exact;1808;hgis;1698;1718;2916;;
PRGDGD00;Gobernacion-Intendencia;Guadalajara;SUNE0000;Virreinato;Nueva España;1787;exact;1808;hgis;1535;exact;1808;hgis;1787;1808;2917;;
INGDSS00;Intendencia;Sinaloa y Sonora;SUNE0000;Virreinato;Nueva España;1772;exact;1776;exact;1535;exact;1808;hgis;1772;1776;2918;;
JUNEPUPU;Gobernacion;Puebla;SUNE0000;Virreinato;Nueva España;1755;exact;1786;exact;1535;exact;1808;hgis;1755;1786;2919;;
PRNEMX00;Corregimiento-Intendencia;Mexico;SUNE0000;Virreinato;Nueva España;1787;exact;1808;hgis;1535;exact;1808;hgis;1787;1808;2920;;
JUSDFLFW;Gobernacion;Pansacola;SUNE0000;Virreinato;Nueva España;1721;exact;1762;exact;1535;exact;1808;hgis;1721;1762;2921;;
AUGD0000;Audiencia Real;Guadalajara;SUNE0000;Virreinato;Nueva España;1560;exact;1808;hgis;1535;exact;1808;hgis;1560;1808;2922;;
AUMX0000;Audiencia Real;Mexico;SUNE0000;Virreinato;Nueva España;1535;exact;1808;hgis;1535;exact;1808;hgis;1535;1808;2923;;
SENEDA00;Ducado;Atrisco;SUNE0000;Virreinato;Nueva España;1706;exact;1808;hgis;1535;exact;1808;hgis;1706;1808;2924;;
SENEMV00;Marquesado;El Valle;SUNE0000;Virreinato;Nueva España;1726;exact;1808;hgis;1535;exact;1808;hgis;1726;1808;2925;;
PRGDSS00;Gobernacion-Intendencia;Arizpe;SUNE0000;Virreinato;Nueva España;1779;exact;1808;hgis;1535;exact;1808;hgis;1779;1808;2927;;
PRNEMI00;Corregimiento-Intendencia;Valladolid;SUNE0000;Virreinato;Nueva España;1787;exact;1808;hgis;1535;exact;1808;hgis;1787;1808;2928;;
PRNEVC00;Gobernacion-Intendencia;Veracruz;SUNE0000;Virreinato;Nueva España;1787;exact;1808;hgis;1535;exact;1808;hgis;1787;1808;2929;;
JUNEMXSF;Utopia;Santa Fe;SUNE0000;Virreinato;Nueva España;1535;exact;1808;hgis;1535;exact;1808;hgis;1535;1808;2930;;
JUGDDUSH;Comandancia;San Hipolito;SUNE0000;Virreinato;Nueva España;1619;exact;1686;exact;1535;exact;1808;hgis;1619;1686;2931;;
JUNECLCV;Gobernacion;Antigua California;SUNE0000;Virreinato;Nueva España;1804;exact;1808;hgis;1535;exact;1808;hgis;1804;1808;2933;;
INGDSS00;Intendencia;Sinaloa y Sonora;SUNE0000;Virreinato;Nueva España;1768;exact;1769;exact;1535;exact;1808;hgis;1768;1769;2934;;
JUGDSSSI;Gobernacion;Sinaloa;SUNE0000;Virreinato;Nueva España;1640;arbitrary;1732;exact;1535;exact;1808;hgis;1640;1732;2935;;
CGPI0000;Comandancia General;Provincias Internas;SUNE0000;Virreinato;Nueva España;1791;exact;1792;exact;1535;exact;1808;hgis;1791;1792;2936;;
JUGDDUTL;Partido;Tlaxcaltecas;SUNE0000;Virreinato;Nueva España;1111;start;1808;hgis;1535;exact;1808;hgis;1535;1808;2937;;
PRNECL00;Gobernacion Politico-Militar;Antigua California;SUNE0000;Virreinato;Nueva España;1804;exact;1808;hgis;1535;exact;1808;hgis;1804;1808;2938;;
JUGDSSCH;Comandancia;San Sebastian;SUNE0000;Virreinato;Nueva España;1666;not_after;1684;exact;1535;exact;1808;hgis;1666;1684;2939;;
PRGDNL00;Gobernacion;Nuevo Leon;SUNE0000;Virreinato;Nueva España;1777;not_after;1786;exact;1535;exact;1808;hgis;1777;1786;2940;;
CGPI0000;Comandancia General;Provincias Internas;SUNE0000;Virreinato;Nueva España;1776;exact;1776;exact;1535;exact;1808;hgis;1776;1776;2941;;
JUVEMCLG;Corregimiento;La Grita;SUNG0000;Gobernacion-Capitania General;Nuevo Reino de Granada;1570;exact;1575;exact;1550;exact;1716;exact;1570;1575;2942;;
PRNGCH00;Gobernacion;Choco;SUNG0000;Gobernacion-Capitania General;Nuevo Reino de Granada;1575;exact;1594;ca;1550;exact;1716;exact;1575;1594;2943;;
PRVEMC00;Corregimiento;Merida y La Grita;SUNG0000;Gobernacion-Capitania General;Nuevo Reino de Granada;1607;exact;1620;exact;1550;exact;1716;exact;1607;1620;2944;;
JUNGNECO;Alcaldia Mayor-Corregimiento;Coyaima y Natagaima;SUNG0000;Gobernacion-Capitania General;Nuevo Reino de Granada;1652;not_after;1699;not_after;1550;exact;1716;exact;1652;1699;2945;;
PRVEMC00;Corregimiento;Pamplona;SUNG0000;Gobernacion-Capitania General;Nuevo Reino de Granada;1573;not_after;1579;exact;1550;exact;1716;exact;1573;1579;2946;;
PRNGMU00;Gobernacion;Muzo y La Palma;SUNG0000;Gobernacion-Capitania General;Nuevo Reino de Granada;1598;exact;1649;exact;1550;exact;1716;exact;1598;1649;2948;;
JUNGMALP;Corregimiento;La Palma;SUNG0000;Gobernacion-Capitania General;Nuevo Reino de Granada;1559;not_after;1574;exact;1550;exact;1716;exact;1559;1574;2949;;
PRNGTU00;Corregimiento;Tunja;SUNG0000;Gobernacion-Capitania General;Nuevo Reino de Granada;1550;exact;1808;hgis;1550;exact;1716;exact;1550;1716;2950;;
PRNGCG00;Gobernacion;Caguan;SUNG0000;Gobernacion-Capitania General;Nuevo Reino de Granada;1585;ca;1695;ca;1550;exact;1716;exact;1585;1695;2951;;
PRNGAN00;Gobernacion;Antioquia;SUNG0000;Gobernacion-Capitania General;Nuevo Reino de Granada;1569;exact;1808;hgis;1550;exact;1716;exact;1569;1716;2954;;
JUNGTUSF;Gobernacion;San Faustino;SUNG0000;Gobernacion-Capitania General;Nuevo Reino de Granada;1662;exact;1808;hgis;1550;exact;1716;exact;1662;1716;2955;;
JUNGTUMU;Corregimiento;Muzo;SUNG0000;Gobernacion-Capitania General;Nuevo Reino de Granada;1559;exact;1574;exact;1550;exact;1716;exact;1559;1574;2956;;
AUSF0000;Audiencia Real;Santa Fe;SUNG0000;Gobernacion-Capitania General;Nuevo Reino de Granada;1739;exact;1808;hgis;1724;exact;1739;exact;1739;1739;2957;;
PRNGCH00;Gobernacion;Choco;SUNG0000;Gobernacion-Capitania General;Nuevo Reino de Granada;1726;exact;1808;hgis;1724;exact;1739;exact;1726;1739;2959;;
PRNGTU00;Corregimiento;Tunja;SUNG0000;Gobernacion-Capitania General;Nuevo Reino de Granada;1550;exact;1808;hgis;1724;exact;1739;exact;1724;1739;2960;;
PRNGAN00;Gobernacion;Antioquia;SUNG0000;Gobernacion-Capitania General;Nuevo Reino de Granada;1569;exact;1808;hgis;1724;exact;1739;exact;1724;1739;2961;;
JUNGTUSF;Gobernacion;San Faustino;SUNG0000;Gobernacion-Capitania General;Nuevo Reino de Granada;1662;exact;1808;hgis;1724;exact;1739;exact;1724;1739;2962;;
PRQUPO00;Gobernacion;Popayan;SUNG0000;Virreinato;Nueva Granada;1717;exact;1723;exact;1717;exact;1723;exact;1717;1723;2963;;
AUQU0000;Audiencia Real;Quito;SUNG0000;Virreinato;Nueva Granada;1722;exact;1723;exact;1717;exact;1723;exact;1722;1723;2965;;
PRNGPA00;Gobernacion-Capitania General;Tierra Firme;SUNG0000;Virreinato;Nueva Granada;1717;exact;1721;exact;1717;exact;1723;exact;1717;1721;2966;;
PRVEIM00;Gobernacion-Capitania General;Isla Margarita;SUNG0000;Virreinato;Nueva Granada;1717;exact;1723;exact;1717;exact;1723;exact;1717;1723;2967;;
PRVEMC00;Gobernacion-Capitania General;Merida;SUNG0000;Virreinato;Nueva Granada;1717;exact;1723;exact;1717;exact;1723;exact;1717;1723;2968;;
PRNGSM00;Gobernacion-Capitania General;Santa Marta;SUNG0000;Virreinato;Nueva Granada;1717;exact;1723;exact;1717;exact;1723;exact;1717;1723;2969;;
AUSF0000;Audiencia Real;Santa Fe;SUNG0000;Virreinato;Nueva Granada;1717;exact;1722;exact;1717;exact;1723;exact;1717;1722;2970;;
PRNGTU00;Corregimiento;Tunja;SUNG0000;Virreinato;Nueva Granada;1550;exact;1808;hgis;1717;exact;1723;exact;1717;1723;2971;;
AUPA0000;Audiencia Real;Panama;SUNG0000;Virreinato;Nueva Granada;1722;exact;1723;exact;1717;exact;1723;exact;1722;1723;2972;;
PRVETR00;Gobernacion;Trinidad;SUNG0000;Virreinato;Nueva Granada;1717;exact;1722;exact;1717;exact;1723;exact;1717;1722;2973;;
PRVECU00;Gobernacion-Capitania General;Cumana;SUNG0000;Virreinato;Nueva Granada;1717;exact;1723;exact;1717;exact;1723;exact;1717;1723;2974;;
PRNGAN00;Gobernacion;Antioquia;SUNG0000;Virreinato;Nueva Granada;1569;exact;1808;hgis;1717;exact;1723;exact;1717;1723;2975;;
JUNGTUSF;Gobernacion;San Faustino;SUNG0000;Virreinato;Nueva Granada;1662;exact;1808;hgis;1717;exact;1723;exact;1717;1723;2976;;
PRNGCA00;Gobernacion-Capitania General;Cartagena;SUNG0000;Virreinato;Nueva Granada;1717;exact;1723;ca;1717;exact;1723;exact;1717;1723;2977;;
PRNGVE00;Gobernacion;Veragua;SUNG0000;Virreinato;Nueva Granada;1751;exact;1808;hgis;1740;exact;1808;hgis;1751;1808;2978;;
AUSF0000;Audiencia Real;Santa Fe;SUNG0000;Virreinato;Nueva Granada;1739;exact;1808;hgis;1740;exact;1808;hgis;1740;1808;2979;;
PRNGMA00;Corregimiento;Mariquita;SUNG0000;Virreinato;Nueva Granada;1798;exact;1808;hgis;1740;exact;1808;hgis;1798;1808;2981;;
PRNGCH00;Gobernacion;Choco;SUNG0000;Virreinato;Nueva Granada;1726;exact;1808;hgis;1740;exact;1808;hgis;1740;1808;2982;;
PRNGPP00;Corregimiento;Pamplona;SUNG0000;Virreinato;Nueva Granada;1795;exact;1808;hgis;1740;exact;1808;hgis;1795;1808;2983;;
PRVEMC00;Gobernacion;Maracaibo;SUNG0000;Virreinato;Nueva Granada;1751;ca;1776;ca;1740;exact;1808;hgis;1751;1776;2985;;
AUPA0000;Audiencia Real;Panama;SUNG0000;Virreinato;Nueva Granada;1740;exact;1750;exact;1740;exact;1808;hgis;1740;1750;2986;;
PRVETR00;Gobernacion;Trinidad;SUNG0000;Virreinato;Nueva Granada;1757;ca;1796;exact;1740;exact;1808;hgis;1757;1796;2987;;
AUQU0000;Audiencia Real;Quito;SUNG0000;Virreinato;Nueva Granada;1740;exact;1808;hgis;1740;exact;1808;hgis;1740;1808;2988;;
PRNGSF00;Provincia;Santa Fe;SUNG0000;Virreinato;Nueva Granada;1740;exact;1808;hgis;1740;exact;1808;hgis;1740;1808;2989;dontclip;
PRVECA00;Gobernacion-Comandancia General;Caracas;SUNG0000;Virreinato;Nueva Granada;1740;exact;1740;exact;1740;exact;1808;hgis;1740;1740;2991;;
PRNGPA00;Gobernacion-Comandancia General;Panama;SUNG0000;Virreinato;Nueva Granada;1751;exact;1808;hgis;1740;exact;1808;hgis;1751;1808;2992;;
PRNGSM00;Gobernacion;Santa Marta;SUNG0000;Virreinato;Nueva Granada;1740;exact;1808;hgis;1740;exact;1808;hgis;1740;1808;2993;;
PRNGNE00;Corregimiento;Neiva;SUNG0000;Virreinato;Nueva Granada;1807;not_after;1808;hgis;1740;exact;1808;hgis;1807;1808;2994;;
PRNGTU00;Corregimiento;Tunja;SUNG0000;Virreinato;Nueva Granada;1550;exact;1808;hgis;1740;exact;1808;hgis;1740;1808;2995;;
JUNGPPZA;Jurisdiccion;Salazar;SUNG0000;Virreinato;Nueva Granada;1756;ca;1794;ca;1740;exact;1808;hgis;1756;1794;2996;;
JUNGSMRH;Gobernacion;Riohacha;SUNG0000;Virreinato;Nueva Granada;1789;exact;1808;hgis;1740;exact;1808;hgis;1789;1808;2998;;
PRVECU00;Gobernacion-Capitania General;Cumana;SUNG0000;Virreinato;Nueva Granada;1740;exact;1776;exact;1740;exact;1808;hgis;1740;1776;2999;;
PRVEIM00;Gobernacion-Capitania General;Isla Margarita;SUNG0000;Virreinato;Nueva Granada;1740;exact;1776;exact;1740;exact;1808;hgis;1740;1776;3000;;
PRNGAN00;Gobernacion;Antioquia;SUNG0000;Virreinato;Nueva Granada;1569;exact;1808;hgis;1740;exact;1808;hgis;1740;1808;3001;;
JUNGTUSF;Gobernacion;San Faustino;SUNG0000;Virreinato;Nueva Granada;1662;exact;1808;hgis;1740;exact;1808;hgis;1740;1808;3002;;
PRNGCA00;Gobernacion-Comandancia General;Cartagena;SUNG0000;Virreinato;Nueva Granada;1740;ca;1808;hgis;1740;exact;1808;hgis;1740;1808;3003;;
PRNGSO00;Corregimiento;Socorro;SUNG0000;Virreinato;Nueva Granada;1795;exact;1808;hgis;1740;exact;1808;hgis;1795;1808;3004;;
JUQUCHCH;Tenencia de corregimiento;Chimbo;SUPE0000;Gobernacion-Capitania General;Nueva Castilla;1534;exact;1564;not_before;1534;exact;1541;exact;1534;1541;3005;;
JUQURBRB;Tenencia de corregimiento;Riobamba;SUPE0000;Gobernacion-Capitania General;Nueva Castilla;1534;exact;1564;not_before;1534;exact;1541;exact;1534;1541;3006;;
JUQUOTOT;Tenencia de corregimiento;Otavalo;SUPE0000;Gobernacion-Capitania General;Nueva Castilla;1535;exact;1564;not_before;1534;exact;1541;exact;1535;1541;3007;;
PRNGPA00;Gobernacion-Capitania General;Tierra Firme;SUPE0000;Gobernacion-Capitania General;Nueva Castilla;1539;exact;1716;exact;1534;exact;1541;exact;1539;1541;3009;;
SUCH0000;Gobernacion-Capitania General;Chile;SUPE0000;Gobernacion-Capitania General;Nueva Castilla;1541;exact;1785;exact;1534;exact;1541;exact;1541;1541;3010;;
PRQUPO00;Gobernacion;Popayan;SUPE0000;Gobernacion-Capitania General;Nueva Castilla;1540;exact;1716;exact;1534;exact;1541;exact;1540;1541;3011;;
PRPENT00;Gobernacion-Capitania General;Nueva Toledo;SUPE0000;Gobernacion-Capitania General;Nueva Castilla;1534;exact;1537;exact;1534;exact;1541;exact;1534;1537;3012;;
SUNG0000;Gobernacion-Capitania General;Nuevo Reino de Granada;SUPE0000;Virreinato;Peru;1724;exact;1739;exact;1542;exact;1808;hgis;1724;1739;3013;;
PRRPBA00;Gobernacion-Capitania General;Rio de la Plata;SUPE0000;Virreinato;Peru;1620;exact;1776;exact;1542;exact;1808;hgis;1620;1776;3014;;
PRRPPA00;Gobernacion-Capitania General;Paraguay;SUPE0000;Virreinato;Peru;1620;exact;1730;exact;1542;exact;1808;hgis;1620;1730;3015;;
PRRPPA00;Gobernacion-Capitania General;Paraguay;SUPE0000;Virreinato;Peru;1735;exact;1776;exact;1542;exact;1808;hgis;1735;1776;3016;;
AUPA0000;Audiencia Real;Panama;SUPE0000;Virreinato;Peru;1724;exact;1739;exact;1542;exact;1808;hgis;1724;1739;3017;;
AUPA0000;Audiencia Real;Panama;SUPE0000;Virreinato;Peru;1565;exact;1716;exact;1542;exact;1808;hgis;1565;1716;3018;;
PRNGVE00;Gobernacion-Capitania General;Veragua;SUPE0000;Virreinato;Peru;1621;ca;1715;not_before;1542;exact;1808;hgis;1621;1715;3019;;
AUCU0000;Audiencia Real;Cuzco;SUPE0000;Virreinato;Peru;1788;exact;1808;hgis;1542;exact;1808;hgis;1788;1808;3020;;
JUQUCHCH;Tenencia de corregimiento;Chimbo;SUPE0000;Virreinato;Peru;1534;exact;1564;not_before;1542;exact;1808;hgis;1542;1564;3021;;
AUBA0000;Audiencia Real;Buenos Aires;SUPE0000;Virreinato;Peru;1785;exact;1808;hgis;1542;exact;1808;hgis;1785;1808;3022;;
JUQURBRB;Tenencia de corregimiento;Riobamba;SUPE0000;Virreinato;Peru;1534;exact;1564;not_before;1542;exact;1808;hgis;1542;1564;3023;;
AUQU0000;Audiencia Real;Quito;SUPE0000;Virreinato;Peru;1564;exact;1717;exact;1542;exact;1808;hgis;1564;1717;3024;;
AUCC0000;Audiencia Real;Charcas;SUPE0000;Virreinato;Peru;1559;exact;1776;exact;1542;exact;1808;hgis;1559;1776;3025;;
AUSA0000;Audiencia Real;Santiago;SUPE0000;Virreinato;Peru;1609;exact;1796;exact;1542;exact;1808;hgis;1609;1796;3026;;
AULI0000;Audiencia Real;Lima;SUPE0000;Virreinato;Peru;1543;exact;1808;hgis;1542;exact;1808;hgis;1543;1808;3027;;
JUQUOTOT;Tenencia de corregimiento;Otavalo;SUPE0000;Virreinato;Peru;1535;exact;1564;not_before;1542;exact;1808;hgis;1542;1564;3028;;
MIPETRHY;Misiones;Hibitos y Cholones;SUPE0000;Virreinato;Peru;1701;hgis;1808;hgis;1542;exact;1808;hgis;1701;1808;3029;;
PRCCCBSC;Gobernacion-Capitania General;Santa Cruz;SUPE0000;Virreinato;Peru;1561;exact;1776;exact;1542;exact;1808;hgis;1561;1776;3031;;
PRNGPA00;Gobernacion-Capitania General;Tierra Firme;SUPE0000;Virreinato;Peru;1539;exact;1716;exact;1542;exact;1808;hgis;1542;1716;3032;;
PRQUPO00;Gobernacion;Popayan;SUPE0000;Virreinato;Peru;1740;exact;1808;hgis;1542;exact;1808;hgis;1740;1808;3033;;
PRNGSM00;Gobernacion-Capitania General;Santa Marta;SUPE0000;Virreinato;Peru;1724;exact;1739;ca;1542;exact;1808;hgis;1724;1739;3034;;
PRPEHU00;Gobernacion-Intendencia;Huamanga;SUPE0000;Virreinato;Peru;1784;exact;1808;hgis;1542;exact;1808;hgis;1784;1808;3035;;
SUCH0000;Gobernacion-Capitania General;Chile;SUPE0000;Virreinato;Peru;1541;exact;1785;exact;1542;exact;1808;hgis;1542;1785;3036;;
PRPEHV00;Gobernacion-Intendencia;Huancavelica;SUPE0000;Virreinato;Peru;1784;exact;1808;hgis;1542;exact;1808;hgis;1784;1808;3037;;
JUVEMCLG;Gobernacion-Capitania General;La Grita;SUPE0000;Virreinato;Peru;1576;exact;1606;exact;1542;exact;1808;hgis;1576;1606;3038;;
PRQUMA00;Gobernacion-Capitania General;San Francisco Borja;SUPE0000;Virreinato;Peru;1619;exact;1743;exact;1542;exact;1808;hgis;1619;1743;3039;;
PRCHCH00;Gobernacion;Chiloe;SUPE0000;Virreinato;Peru;1789;exact;1808;hgis;1542;exact;1808;hgis;1789;1808;3040;;
AUQU0000;Audiencia Real;Quito;SUPE0000;Virreinato;Peru;1724;exact;1739;exact;1542;exact;1808;hgis;1724;1739;3041;;
PRNGCA00;Gobernacion-Capitania General;Cartagena;SUPE0000;Virreinato;Peru;1542;exact;1716;exact;1542;exact;1808;hgis;1542;1716;3042;;
PRPEAR00;Gobernacion-Intendencia;Arequipa;SUPE0000;Virreinato;Peru;1784;exact;1808;hgis;1542;exact;1808;hgis;1784;1808;3043;;
PRNGSM00;Gobernacion-Capitania General;Santa Marta;SUPE0000;Virreinato;Peru;1542;exact;1716;exact;1542;exact;1808;hgis;1542;1716;3044;;
PRPECU00;Gobernacion-Intendencia;Cuzco;SUPE0000;Virreinato;Peru;1784;exact;1808;hgis;1542;exact;1808;hgis;1784;1808;3045;;
PRQUPO00;Gobernacion;Popayan;SUPE0000;Virreinato;Peru;1540;exact;1716;exact;1542;exact;1808;hgis;1542;1716;3046;;
PRQUGQ00;Gobernacion;Guayaquil;SUPE0000;Virreinato;Peru;1804;exact;1808;hgis;1542;exact;1808;hgis;1804;1808;3047;;
PRVEMC00;Gobernacion-Capitania General;Merida;SUPE0000;Virreinato;Peru;1724;exact;1739;exact;1542;exact;1808;hgis;1724;1739;3048;;
PRCCCC00;Provincia;Charcas;SUPE0000;Virreinato;Peru;1559;exact;1776;exact;1542;exact;1808;hgis;1559;1776;3049;;
PRVEMC00;Gobernacion-Capitania General;Merida;SUPE0000;Virreinato;Peru;1682;exact;1716;exact;1542;exact;1808;hgis;1682;1716;3050;;
AUBA0000;Audiencia Real;Buenos Aires;SUPE0000;Virreinato;Peru;1663;exact;1671;exact;1542;exact;1808;hgis;1663;1671;3051;;
AUSF0000;Audiencia Real;Santa Fe;SUPE0000;Virreinato;Peru;1723;exact;1738;exact;1542;exact;1808;hgis;1723;1738;3052;;
AUSF0000;Audiencia Real;Santa Fe;SUPE0000;Virreinato;Peru;1550;exact;1716;exact;1542;exact;1808;hgis;1550;1716;3053;;
PRNGCA00;Gobernacion-Capitania General;Cartagena;SUPE0000;Virreinato;Peru;1724;exact;1739;ca;1542;exact;1808;hgis;1724;1739;3054;;
PRRPTU00;Gobernacion-Capitania General;Tucuman;SUPE0000;Virreinato;Peru;1564;exact;1776;exact;1542;exact;1808;hgis;1564;1776;3055;;
PRPETA00;Gobernacion-Intendencia;Tarma;SUPE0000;Virreinato;Peru;1784;exact;1808;hgis;1542;exact;1808;hgis;1784;1808;3056;;
PRPETR00;Gobernacion-Intendencia;Trujillo;SUPE0000;Virreinato;Peru;1784;exact;1808;hgis;1542;exact;1808;hgis;1784;1808;3057;;
PRNGPA00;Gobernacion-Capitania General;Tierra Firme;SUPE0000;Virreinato;Peru;1722;exact;1739;exact;1542;exact;1808;hgis;1722;1739;3058;;
JURPBOMV;Gobernacion;Montevideo;SUPE0000;Virreinato;Peru;1751;exact;1776;exact;1542;exact;1808;hgis;1751;1776;3059;;
SEPEMO00;Marquesado;Oropesa;SUPE0000;Virreinato;Peru;1701;hgis;1740;exact;1542;exact;1808;hgis;1701;1740;3060;;
JUCHCOOS;Gobernacion;Osorno;SUPE0000;Virreinato;Peru;1796;exact;1801;exact;1542;exact;1808;hgis;1796;1801;3061;;
AUSA0000;Audiencia Real;Chile;SUPE0000;Virreinato;Peru;1565;exact;1574;exact;1542;exact;1808;hgis;1565;1574;3062;;
SUNG0000;Gobernacion-Capitania General;Nuevo Reino de Granada;SUPE0000;Virreinato;Peru;1550;exact;1716;exact;1542;exact;1808;hgis;1550;1716;3063;;
PRPELI00;Gobernacion-Intendencia;Lima;SUPE0000;Virreinato;Peru;1784;exact;1808;hgis;1542;exact;1808;hgis;1784;1808;3064;;
PRRPSA00;Gobernacion-Intendencia;Salta;SURP0000;Virreinato;Rio de la Plata;1784;exact;1808;hgis;1776;exact;1808;hgis;1784;1808;3065;;
PRRPPA00;Gobernacion-Intendencia;Paraguay;SURP0000;Virreinato;Rio de la Plata;1784;exact;1808;hgis;1776;exact;1808;hgis;1784;1808;3067;;
PRRPBA00;Gobernacion-Intendencia;Buenos Aires;SURP0000;Virreinato;Rio de la Plata;1784;exact;1808;hgis;1776;exact;1808;hgis;1784;1808;3068;;
PRCCCC00;Gobernacion-Intendencia;Chuquisaca;SURP0000;Virreinato;Rio de la Plata;1784;exact;1808;hgis;1776;exact;1808;hgis;1784;1808;3069;;
PRRPCO00;Gobernacion-Intendencia;Cordoba;SURP0000;Virreinato;Rio de la Plata;1784;exact;1808;hgis;1776;exact;1808;hgis;1784;1808;3070;;
PRCCCBSC;Gobernacion-Capitania General;Santa Cruz;SURP0000;Virreinato;Rio de la Plata;1777;exact;1783;exact;1776;exact;1808;hgis;1777;1783;3071;;
PRRPTU00;Gobernacion-Capitania General;Tucuman;SURP0000;Virreinato;Rio de la Plata;1777;exact;1783;exact;1776;exact;1808;hgis;1777;1783;3072;;
JUCHCYCY;Corregimiento;Cuyo;SURP0000;Virreinato;Rio de la Plata;1777;exact;1783;exact;1776;exact;1808;hgis;1777;1783;3073;;
AUCC0000;Audiencia Real;Charcas;SURP0000;Virreinato;Rio de la Plata;1784;exact;1808;hgis;1776;exact;1808;hgis;1784;1808;3074;;
JURPBOMV;Gobernacion;Montevideo;SURP0000;Virreinato;Rio de la Plata;1777;exact;1783;exact;1776;exact;1808;hgis;1777;1783;3075;;
JUCCCBMO;Gobernacion;Moxos;SURP0000;Virreinato;Rio de la Plata;1777;exact;1808;hgis;1776;exact;1808;hgis;1777;1808;3076;;
PRCCPU00;Gobernacion-Intendencia;Puno;SURP0000;Virreinato;Rio de la Plata;1784;exact;1808;hgis;1776;exact;1808;hgis;1784;1808;3077;;
JUCCCBCH;Gobernacion;Chiquitos;SURP0000;Virreinato;Rio de la Plata;1777;exact;1803;exact;1776;exact;1808;hgis;1777;1803;3078;;
PRCCCB00;Gobernacion-Intendencia;Cochabamba;SURP0000;Virreinato;Rio de la Plata;1784;exact;1808;hgis;1776;exact;1808;hgis;1784;1808;3079;;
PRCCLP00;Gobernacion-Intendencia;La Paz;SURP0000;Virreinato;Rio de la Plata;1784;exact;1808;hgis;1776;exact;1808;hgis;1784;1808;3080;;
PRCCPO00;Gobernacion-Intendencia;Potosi;SURP0000;Virreinato;Rio de la Plata;1784;exact;1808;hgis;1776;exact;1808;hgis;1784;1808;3081;;
INRPBA00;Intendencia;Buenos Aires;SURP0000;Virreinato;Rio de la Plata;1777;exact;1777;exact;1776;exact;1808;hgis;1777;1777;3082;;
