START;END_;Tipo;Label;Nombre;Variantes;Entidad_ID;Nivel
1111;1716;Fronteras;Laguna de los Terminos;Bucaneros;Carmen @ Laguna de los Terminos;JUNECNCA;Partido
1111;1720;Fronteras;Gran Nayar;Gran Nayar;Nayarit @ Nuevo Toledo;PRGDNA00;Fronteras
1111;1720;Fronteras;Gran Nayar;Gran Nayar;Nayarit @ Nuevo Toledo;PRGDNA00;Partido
1111;1731;Fronteras;Guale;La Florida;Guale @ Guale y Macama;FRFLGUXX;Fronteras
1111;1731;Fronteras;Guale;La Florida;Guale @ Guale y Macama;FRFLGUXX;Partido
1111;1741;Corregimiento;Mahates;Mahates;Mahates @;PTNGCAMH;Jurisdiccion
1111;1741;Corregimiento;Mahates;Mahates;Mahates @;PTNGCAMH;Partido
1111;1741;Partido;Badiraguato;Badiraguato;Badiraguato @ Santiago de los Caballeros;PTGDSSBA;Partido
1111;1749;Fronteras;Brasil;Brasil;Brasil @;FRBRXXXX;Fronteras
1111;1749;Fronteras;Brasil;Brasil;Brasil @;FRBRXXXX;Partido
1111;1751;Partido;San Antonio;San Antonio de los Llanos;San Antonio de los Llanos @;PTGDNLSA;Partido
1111;1755;Fronteras;Samana;Bucaneros;Samana y Sabana de Mar @ Costa;JUSDSDSS;Partido
1111;1758;Fronteras;Junta;Cibola;Junta de los Rios @;PTGDDUPJ;Partido
1111;1766;Partido;Rio Florido;Rio Florido;Rio Florido @;PTGDDURF;Partido
1111;1767;Misiones;Guaranies;Misiones guaranies;Misiones @ Treinta Pueblos de las Misiones Guaranies;PRRPMIMI;Jurisdiccion
1111;1767;Partido;California;California;California Baja @ California Vieja @ Antigua California;JUNECLCV;Jurisdiccion
1111;1767;Partido;California;California;California Baja @ California Vieja @ Antigua California;JUNECLCV;Partido
1111;1769;Partido;Venado y La Hedionda;Venado y La Hedionda;Venado @ Venado y La Hedionda @ Aguas de Venado Hedionda;JUNESLVE;Partido
1111;1771;Tenencia a Guerra;Ribera de Bayamon;Ribera de Bayamon;Bayamon @ Ribera de Bayamon;PTSDPRBY;Partido
1111;1771;Tenencia de gobierno;Golfo de Cariaco;Golfo de Cariaco;Golfo de Cariaco @ Araya;JUVECUGC;Partido
1111;1775;Fronteras;Baudo;Chocoanes;Baudo @;JMNGCHBA;Partido
1111;1776;Misiones;Meta;Meta;Meta @;PTNGLLME;Partido
1111;1776;Partido;Sierra Tepehuana;Sierra Tepehuana;San Juan Nepomuceno @ Nabogame y Baborigame @ Sierra Tepehuana;JUGDDUNP;Partido
1111;1785;Tenencia de gobierno;Cuatro Villas;Cuatro Villas;Cuatro Villas @ Cuatro Lugares @ Trinidad;JUSDLHCV;Jurisdiccion
1111;1786;Jurisdiccion;Gracias a Dios;Gracias a Dios;Gracias a Dios @;JUGUCYGR;Partido
1111;1786;Partido;Asientos;Asientos de Ibarra;Asientos de Ibarra @;PTGDGDAI;Partido
1111;1786;Partido;Guaspaltepec;Guaspaltepec;Guaspaltepec @ Guaspaltepeque @ Mitad de Guaspaltepec @ Guaspaltepec y Oxitlan;PTNEVCGU;Partido
1111;1786;Partido;Olanchito;Olanchito;Olanchito @;JUGUCYOT;Partido
1111;1786;Partido;Olancho;Olancho;Olancho @;JUGUCYOL;Partido
1111;1786;Partido;San Pedro Sula;San Pedro Sula;San Pedro Sula @;JUGUCYSP;Partido
1111;1786;Partido;Totomehuacan;Totomehuacan;Totomehuacan @;JUNEPUTM;Partido
1111;1786;Partido;Yoro;Yoro;Yoro @;JUGUCYYO;Partido
1111;1787;Partido;Cocupao;Cocupao;Cocupao @ Tzintzuntzan;JUNEMICO;Partido
1111;1787;Partido;Erongaricuaro;Erongaricuaro;Erongaricuaro @;JUNEMIER;Partido
1111;1787;Partido;Santa Clara;Santa Clara del Cobre;Santa Clara del Cobre @ Santa Clara de los Cobres;JUNEMISC;Partido
1111;1787;Partido;Tacambaro;Tacambaro;Tacambaro @;JUNEMITB;Partido
1111;1787;Partido;Tancitaro;Tancitaro;Tancitaro @ Tancitaro;PTNEMITC;Partido
1111;1787;Partido;Urecho;Urecho;Urecho @;JUNEMIUO;Jurisdiccion
1111;1787;Partido;Urecho;Urecho;Urecho @;JUNEMIUO;Partido
1111;1788;Partido;Uruapan;Uruapan;Uruapan @;JUNEMIUR;Partido
1111;1789;Partido;Angamacutiro;Angamacutiro;Angamacutiro @;JUNEMIAN;Partido
1111;1789;Partido;Maravatio;Maravatio;Maravatio @;PTNEMIMA;Partido
1111;1790;Partido;Paracho;Paracho;Paracho @ Sevina;JUNEMIPR;Partido
1111;1791;Partido;Puruandiro;Puruandiro;Puruandiro @;JUNEMIPU;Partido
1111;1793;Partido;Montes de Maria;Montañas de Maria;Montañas Altas @ Montañas de Maria Alta @ El partido que va desde Matunilla y Maria y desde Mantuna hasta la jurisdiccion de Tolu;PTNGCAMA;Jurisdiccion
1111;1793;Partido;Montes de Maria;Montañas de Maria;Montañas Altas @ Montañas de Maria Alta @ El partido que va desde Matunilla y Maria y desde Mantuna hasta la jurisdiccion de Tolu;PTNGCAMA;Partido
1111;1808;Corregimiento;Lloro;Lloro;Lloro @;JMNGCHLL;Partido
1111;1808;Corregimiento;San Onofre;San Onofre;San Onofre @ San Onofre de las Juntas @ Las Juntas;JMNGCHSO;Partido
1111;1808;Corregimiento;Sipi;Sipi;Sipi @ Zipi;JMNGCHSI;Partido
1111;1808;Fronteras;Anian;Anian;Anian @;FRANXXXX;Fronteras
1111;1808;Fronteras;Anian;Anian;Anian @;FRANXXXX;Partido
1111;1808;Fronteras;Apacheria Lipanes;Cibola;Apacheria Lipanes @;FRQVLIXX;Partido
1111;1808;Fronteras;Araguacos;Indios bravos;Aruacos @ Araguacos @ Sierra Nevada;FRNGSMAR;Fronteras
1111;1808;Fronteras;Bajo Putumayo;Pais de la Canela;Bajo Putumayo @;FREDBPXX;Partido
1111;1808;Fronteras;Bolson de Mapimi;Cibola;Bolson de Mapimi @;FRQVBMXX;Partido
1111;1808;Fronteras;Butalmapus;Araucania;Araucania @ Butalmapus;FRCHBMBM;Fronteras
1111;1808;Fronteras;Butalmapus;Araucania;Araucania @ Butalmapus;FRCHBMBM;Partido
1111;1808;Fronteras;Butalmapus;Araucania;Araucania @ Butalmapus;FRCHBMBM;Provincia
1111;1808;Fronteras;Butalmapus;Araucania;Araucania @ Butalmapus;FRCHBMBM;Provincia_menor
1111;1808;Fronteras;Carelmapu;Araucania;Carelmapu @;PTCHCHCM;Partido
1111;1808;Fronteras;Chaco Gualamba;Gran Chaco;Chaco Gualamba @ Chaco Austral;FRRPCHGU;Partido
1111;1808;Fronteras;Chaco Septentrional;Gran Chaco;Chaco Septentrional @ Chaco Boreal @ Chaco Chiriguano;FRRPCHBO;Partido
1111;1808;Fronteras;Chimilas;Indios bravos;Chimilas @;FRNGSMCH;Fronteras
1111;1808;Fronteras;Chocoes;Chocoes;Chocoes @;FRNGCHCH;Fronteras
1111;1808;Fronteras;Choles;Golfo;Choles @;FRGUMOCH;Partido
1111;1808;Fronteras;Cibola;Cibola;Cibola @;FRCIXXXX;Fronteras
1111;1808;Fronteras;Darienes;Darienes;Cunas @ Cunacuna @ Cuna Cuna @ Cunacunas @ Uraba @ Urabi;FRNGCUXX;Fronteras
1111;1808;Fronteras;Darienes;Darienes;Cunas @ Cunacuna @ Cuna Cuna @ Cunacunas @ Uraba @ Urabi;FRNGCUXX;Partido
1111;1808;Fronteras;El Dorado;El Dorado;El Dorado @ Coropa @ Nueva Estremadura @ Nueva Extremadura;FREDXXXX;Fronteras
1111;1808;Fronteras;Estancias;Estancias de Misiones;Estancias de Misiones @;PTRPMIEM;Partido
1111;1808;Fronteras;Fronteras de Paraguay;Mamelucos;Fronteras de Paraguay @;PTRPPAFR;Partido
1111;1808;Fronteras;Gila;Cibola;Gila @;FRCIGIXX;Partido
1111;1808;Fronteras;Gran Chaco;Gran Chaco;Gran Chaco @;FRRPCHXX;Fronteras
1111;1808;Fronteras;Gran Pajonal;Paititi;Gran Pajonal @ Pangoa;FRPAPJXX;Partido
1111;1808;Fronteras;Gran Teguayo;Quivira;Gran Teguayo @ Tiguas @ Tiwas @ Tehuas @ Tihuas @ Teguas @ Yutas;FRCITEXX;Partido
1111;1808;Fronteras;Guajiros;Indios bravos;Guajiros @;FRNGSMGU;Fronteras
1111;1808;Fronteras;Huamboyas;Pais de la Canela;Huamboyas @;FRQUMCHU;Partido
1111;1808;Fronteras;Itatines y Jerez;Mamelucos;Itatines @ Jerez;FRPAMAIT;Partido
1111;1808;Fronteras;Jivaros;Pais de la Canela;Jivaros @ Jibaros;FRQUJIXX;Fronteras
1111;1808;Fronteras;Llanos de Manso;Gran Chaco;Llanos de Manso @;FRRPCHLL;Partido
1111;1808;Fronteras;Mamelucos;Mamelucos;Mamelucos @;FRPAMAXX;Fronteras
1111;1808;Fronteras;Moqui;Cibola;Moqui @;FRCIMOXX;Partido
1111;1808;Fronteras;Motilones;Indios bravos;Motilones @;FRNGMOXX;Fronteras
1111;1808;Fronteras;Natage;Cibola;Apacheria Natage @;FRQVNMNT;Partido
1111;1808;Fronteras;Navajos;Cibola;Navajos @;FRCINAXX;Partido
1111;1808;Fronteras;Pais de la Canela;Pais de la Canela;Pais de la Canela @;FREDCAXX;Fronteras
1111;1808;Fronteras;Pais de la Canela;Pais de la Canela;Pais de la Canela @;FREDCAXX;Partido
1111;1808;Fronteras;Paititi;Paititi;Paititi @ Playa de los Ahorcados @ Montaña Real del Peru;FRPAXXXX;Fronteras
1111;1808;Fronteras;Paititi;Paititi;Paititi @ Playa de los Ahorcados @ Montaña Real del Peru;FRPAXXXX;Partido
1111;1808;Fronteras;Pampa del Sacramento;Paititi;Pampa del Sacramento @;FRPAPSXX;Partido
1111;1808;Fronteras;Papageria;Cibola;Papageria @;FRANSSPA;Partido
1111;1808;Fronteras;Quivira;Quivira;Quivira @;FRQVXXXX;Fronteras
1111;1808;Fronteras;Quivira;Quivira;Quivira @;FRQVXXXX;Partido
1111;1808;Fronteras;Taguzalpa;Golfo;Taguzalpa @;FRGUCYTA;Partido
1111;1808;Fronteras;Tierra magallanica;Ciudad de los Cesares;Ciudad de los Cesares @ Patagonia @ Tierra Magellanica @ Tierra Magallanica;FRCEXXXX;Fronteras
1111;1808;Fronteras;Tierra magallanica;Ciudad de los Cesares;Ciudad de los Cesares @ Patagonia @ Tierra Magellanica @ Tierra Magallanica;FRCEXXXX;Partido
1111;1808;Fronteras;Tologalpa;Golfo;Tologalpa @;FRGUNITO;Partido
1111;1808;Fronteras;Xicayes;Golfo;Xicayes @;FRGUCYXI;Partido
1111;1808;Jurisdiccion;Campeche;Campeche;Campeche @;PTNEYUCA;Partido
1111;1808;Jurisdiccion;Comayagua;Comayagua;Comayagua @;PTGUCYCY;Partido
1111;1808;Jurisdiccion;Fresnillo;Fresnillo;Fresnillo @;PTGDZAFR;Partido
1111;1808;Jurisdiccion;Merida;Merida;Merida @;JUNEYUME;Jurisdiccion
1111;1808;Jurisdiccion;Merida;Merida;Merida @;JUNEYUME;Partido
1111;1808;Jurisdiccion;Monclova;Monclova;Monclova @;PTGDCOMO;Jurisdiccion
1111;1808;Jurisdiccion;Monclova;Monclova;Monclova @;PTGDCOMO;Partido
1111;1808;Jurisdiccion;San Miguel;San Miguel;San Miguel el Grande @;PTNEGJSM;Partido
1111;1808;Partido;Bocas;San Miguel de Bocas;San Miguel de Bocas @ San Miguel de Bocas y Rio Florido;PTGDDUSM;Partido
1111;1808;Partido;Chancenote;Chancenote;Chancenote @ El Cuyo;PTNEYUCC;Partido
1111;1808;Partido;Colotlan;Colotlan;Colotlan @ Fronteras de San Luis de Colotlan @ Fronteras de San Luis Obispo;PTNECLCL;Jurisdiccion
1111;1808;Partido;Colotlan;Colotlan;Colotlan @ Fronteras de San Luis de Colotlan @ Fronteras de San Luis Obispo;PTNECLCL;Partido
1111;1808;Partido;Cuautla;Cuautla;Cuautla @;PTNEMXCT;Partido
1111;1808;Partido;Guamal;Guamal;Guamal @;PTNGSMGU;Partido
1111;1808;Partido;Jiquilpan;Jiquilpan;Jiquilpan @ Xiquilpan @ Xiquilpa;PTNEMIJI;Partido
1111;1808;Partido;Nochixtlan;Nochixtlan;Nochixtlan @;PTNEOANO;Partido
1111;1808;Partido;Puebla;Puebla;Puebla @;PTNEPUPU;Partido
1111;1808;Partido;Rio Nazas;Rio Nazas;Rio Nazas @;PTGDDURN;Partido
1111;1808;Partido;Taxco;Taxco;Taxco @ Taxco;PTNEMXTA;Partido
1111;1808;Partido;Temascaltepec;Temascaltepec;Temascaltepec @;PTNEMXTE;Partido
1111;1808;Partido;Tepexi de la Seda;Tepexi de la Seda;Tepexi de la Seda @;PTNEPUTS;Partido
1111;1808;Partido;Teutila;Teutila;Teutila @ Teutila;PTNEOATL;Partido
1111;1808;Partido;Tlajomulco;Tlajomulco;Tlajomulco @ Tlaxomulco;PTGDGDTL;Partido
1111;1808;Partido;Tlaxcaltecas;Comunidades Tlaxcaltecas;Comunidades Tlaxcaltecas @;JUGDDUTL;Jurisdiccion
1111;1808;Partido;Tlazazalca;Tlazazalca;Tlazazalca @;PTNEMITZ;Partido
1111;1808;Partido;Xalapa;Xalapa;Xalapa @;PTNEVCXA;Partido
1111;1808;Partido;Yumbos;Yumbos;Yumbos @ Cansacoto @ Santo Domingo;PTQUQUYU;Partido
1111;1808;Partido;Zacualpan;Zacualpan;Zacualpan @;PTNEMXZP;Partido
1111;9999;Fronteras;Bocas del Toro;Golfo;Bocas del Toro @;FRMOTABT;Partido
1111;9999;Fronteras;Bopis;Paititi;Bopis @ Bopis y Mosetenes;FRCCLPBO;Partido
1111;9999;Fronteras;Caribana;La Guayana;Caribana @ Cuyuni @ Esequibo;FRVEGUCA;Partido
1111;9999;Fronteras;Chichimeca;Chichimeca;Chichimeca @;FRCMXXXX;Fronteras
1111;9999;Fronteras;Comancheria;Quivira;Comancheria @ Luisiana Alta @ Grandes Llanuras;FRQVLLXX;Partido
1111;9999;Fronteras;Costa mosquita;Golfo;Costa mosquita @;FRMOCMXX;Partido
1111;9999;Fronteras;Golfo;Golfo;Golfo de Honduras @ Ingleses @ Zambos-mosquitos;FRMOXXXX;Fronteras
1111;9999;Fronteras;Guayana;La Guayana;Guayana 'dorada' @;FRVEGUXX;Fronteras
1111;9999;Fronteras;Indefinido;Indefinido;Indefinido @;XXXXXXXX;Fronteras
1111;9999;Fronteras;Isla de California;Isla de California;Isla de California @ New Albion;FRANICXX;Fronteras
1111;9999;Fronteras;Isla de California;Isla de California;Isla de California @ New Albion;FRANICXX;Partido
1111;9999;Fronteras;isla de Vieque;Bucaneros;Vieques @;FRSDPRVI;Fronteras
1111;9999;Fronteras;isla de Vieque;Bucaneros;Vieques @;FRSDPRVI;Partido
1111;9999;Fronteras;Laguna del Parime;La Guayana;Laguna del Parime @ Guayana profunda;FRVEGULP;Partido
1111;9999;Fronteras;Paria;Paria;Paria @;FRVEGUPA;Fronteras
1111;9999;Fronteras;Paria;Paria;Paria @;FRVEGUPA;Partido
1111;9999;Fronteras;Putumayo;Putumayo;Putumayo @;MINGPOPU;Partido
1111;9999;Fronteras;Seno mexicano;La Florida;Seno mexicano @;FRQVSMXX;Fronteras
1111;9999;Fronteras;Seno mexicano;La Florida;Seno mexicano @;FRQVSMXX;Partido
1111;9999;Fronteras;Seris;Cibola;Seris @;FRANSSSE;Partido
1111;9999;Fronteras;Suerre;Rio Frio y Suerre;Rio Frio y Suerre @;FRMORFXX;Partido
1111;9999;Fronteras;Talamanca;Golfo;Talamanca @;FRMOTAXX;Partido
1111;9999;Jurisdiccion;Cartago;Cartago;Cartago @;JUGUCRCA;Jurisdiccion
1111;9999;Jurisdiccion;Cartago;Cartago;Cartago @;JUGUCRCA;Partido
1111;9999;Jurisdiccion;Esparza;Esparza;Esparza @;JUGUCRES;Jurisdiccion
1111;9999;Jurisdiccion;Esparza;Esparza;Esparza @;JUGUCRES;Partido
1111;9999;Misiones;Mapiri;Gran Paititi;Mapiri @ Misiones del Gran Paititi;PTCCLPMA;Partido
1111;9999;Partido; Alto Orinoco; Alto Orinoco;Alto Orinoco @ Alto Orinoco y Rio Negro @ Misiones jesuiticas;PTVEGUAO;Partido
1111;9999;Partido; Bajo Orinoco; Bajo Orinoco;Bajo Orinoco @ Misiones del Piritu @ Misiones observantes;PTVEGUOB;Partido
1111;9999;Partido;Boruca;Boruca;Boruca @ Buruca @ Misiones de Talamanca;PTGUCRBO;Partido
1111;9999;Partido;La Guaira;La Guaira;La Guaira @ Costa de la mar, La Guaira y Catia;PTVECALG;Partido
1111;9999;Partido;Misiones capuchinas;Guayana interior;Guayana interior @  Capuchinos catalanes;PTVEGUCC;Partido
1111;9999;Partido;Valle Central;Valle Central;Valle Central @;PTGUCRVC;Partido
1111;9999;Partido;Valle de Matina;Valle de Matina;Valle de Matina @ Matina;PTGUCRVM;Partido
1111;9999;Partido;Valles de Caucagua;Valles de Caucagua;Valles de Caucagua @ Valles de Guarenas;PTVECAGU;Partido
1111;9999;Partido;Valles de Tuy;Valles de Tuy;Valles de Tuy @ Cordillera;PTVECATU;Partido
1496;1799;Gobernacion-Capitania General;Santo Domingo;Santo Domingo;Santo Domingo @ La Española;PRSDSD00;Principal
1496;1799;Gobernacion-Capitania General;Santo Domingo;Santo Domingo;Santo Domingo @ La Española;PRSDSD00;Provincia
1496;1799;Gobernacion-Capitania General;Santo Domingo;Santo Domingo;Santo Domingo @ La Española;PRSDSD00;Provincia_mayor
1496;1799;Gobernacion-Capitania General;Santo Domingo;Santo Domingo;Santo Domingo @ La Española;PRSDSD00;Provincia_menor
1512;1547;Obispado;Santo Domingo;Santo Domingo;Santo Domingo @;OBSDSD00;Arzobispado
1512;1808;Obispado;Puerto Rico;Puerto Rico;Puerto Rico @;OBSDPR00;Obispado
1520;1808;Obispado;Panama;Panama;Panama @;OBNGPA00;Obispado
1522;1524;Jurisdiccion;Espiritu Santo;Espiritu Santo;Acayuca @ Guazacualco @  Coatzacoalcos @ Acayucan @ Goazacoalco;JUNEVCCZ;Jurisdiccion
1522;1524;Jurisdiccion;Espiritu Santo;Espiritu Santo;Acayuca @ Guazacualco @  Coatzacoalcos @ Acayucan @ Goazacoalco;JUNEVCCZ;Provincia_menor
1523;1802;Obispado;Santiago de Cuba;Santiago de Cuba;Santiago de Cuba @;OBSDCU00;Obispado
1524;1528;Provincia;Michoacan;Michoacan;Valladolid @ Michoacan @ Mechoacan @ Tzintzuntzan @ Patzcuaro @ Valladolid y Patzcuaro @ Pasquaro @ Valladolid, Patzcuaro, Jaso y Teremendo;JUNEMIVA;Provincia_menor
1524;1573;Jurisdiccion;Mexico;Mexico;Mexico @;JUNEMXMX;Jurisdiccion
1524;1573;Jurisdiccion;Mexico;Mexico;Mexico @;JUNEMXMX;Provincia_menor
1524;1675;Alcaldia Mayor;Zacatula;Zacatula;Zacatula @;JUNEMXZT;Jurisdiccion
1524;1675;Alcaldia Mayor;Zacatula;Zacatula;Zacatula @;JUNEMXZT;Provincia_menor
1524;1789;Alcaldia Mayor;Colima;Colima;Colima @;JUGDGDCO;Jurisdiccion
1524;1789;Alcaldia Mayor;Colima;Colima;Colima @;JUGDGDCO;Partido
1524;1789;Alcaldia Mayor;Colima;Colima;Colima @;JUGDGDCO;Provincia_menor
1525;1634;Alcaldia Mayor;Espiritu Santo;Espiritu Santo y Guazacualco;Acayuca @ Guazacualco @  Coatzacoalcos @ Acayucan @ Goazacoalco;JUNEVCCZ;Jurisdiccion
1525;1634;Alcaldia Mayor;Espiritu Santo;Espiritu Santo y Guazacualco;Acayuca @ Guazacualco @  Coatzacoalcos @ Acayucan @ Goazacoalco;JUNEVCCZ;Provincia_menor
1525;1776;Gobernacion-Capitania General;Isla Margarita;Isla Margarita;Margarita @ Isla Margarita;PRVEIM00;Jurisdiccion
1525;1776;Gobernacion-Capitania General;Isla Margarita;Isla Margarita;Margarita @ Isla Margarita;PRVEIM00;Partido
1525;1776;Gobernacion-Capitania General;Isla Margarita;Isla Margarita;Margarita @ Isla Margarita;PRVEIM00;Provincia
1525;1776;Gobernacion-Capitania General;Isla Margarita;Isla Margarita;Margarita @ Isla Margarita;PRVEIM00;Provincia_mayor
1525;1776;Gobernacion-Capitania General;Isla Margarita;Isla Margarita;Margarita @ Isla Margarita;PRVEIM00;Provincia_menor
1525;1808;Jurisdiccion;Santa Marta;Santa Marta;Santa Marta @;JUNGSMSM;Jurisdiccion
1525;1808;Jurisdiccion;Santa Marta;Santa Marta;Santa Marta @;JUNGSMSM;Partido
1526;1528;Jurisdiccion;Tehuantepec;Tehuantepec;Tehuantepec @ Tehuantepeque @ Teguantepec @ Teguantepeque @ Tegoantepec;JUNEOATT;Jurisdiccion
1526;1785;Gobernacion;Soconusco;Soconusco;Soconusco @;JUGUCHSO;Jurisdiccion
1526;1785;Gobernacion;Soconusco;Soconusco;Soconusco @;JUGUCHSO;Partido
1526;1785;Gobernacion;Soconusco;Soconusco;Soconusco @;JUGUCHSO;Provincia
1526;1785;Gobernacion;Soconusco;Soconusco;Soconusco @;JUGUCHSO;Provincia_menor
1527;1528;Jurisdiccion;Villa Alta;Villa Alta;Villa Alta @ Villalta @ Zapotecas;JUNEOAVA;Jurisdiccion
1527;1528;Jurisdiccion;Villa Alta;Villa Alta;Villa Alta @ Villalta @ Zapotecas;JUNEOAVA;Provincia_menor
1527;1533;Gobernacion;Panuco;Panuco;Panuco @ Panuco y Tampico @ Tantoyuca;JUNEVCPN;Jurisdiccion
1527;1533;Gobernacion;Panuco;Panuco;Panuco @ Panuco y Tampico @ Tantoyuca;JUNEVCPN;Provincia
1527;1533;Gobernacion;Panuco;Panuco;Panuco @ Panuco y Tampico @ Tantoyuca;JUNEVCPN;Provincia_mayor
1527;1533;Gobernacion;Panuco;Panuco;Panuco @ Panuco y Tampico @ Tantoyuca;JUNEVCPN;Provincia_menor
1527;1539;Gobernacion-Capitania General;Tabasco;Tabasco;Tabasco @;JUNETBTB;Jurisdiccion
1527;1539;Gobernacion-Capitania General;Tabasco;Tabasco;Tabasco @;JUNETBTB;Provincia
1527;1539;Gobernacion-Capitania General;Tabasco;Tabasco;Tabasco @;JUNETBTB;Provincia_mayor
1527;1539;Gobernacion-Capitania General;Tabasco;Tabasco;Tabasco @;JUNETBTB;Provincia_menor
1527;1799;Audiencia Real;Santo Domingo;Santo Domingo;Santo Domingo @;AUSD0000;Audiencia
1527;1799;Audiencia Real;Santo Domingo;Santo Domingo;Santo Domingo @;AUSD0000;Principal
1527;1808;Obispado;Tlaxcala;Tlaxcala;Puebla @ Tlaxcala, Puebla;OBNEPU00;Obispado
1528;1808;Partido;Chontalapa;Chontalapa;Chontalapa @;PTNETBCH;Partido
1528;1808;Partido;La Sierra;La Sierra;La Sierra @;PTNETBSI;Partido
1528;1808;Partido;Rios;Rios de Usumacinta;Rios de Usumacinta @;PTNETBRI;Partido
1529;1530;Alcaldia Mayor;Antequera;Antequera;Antequera @;JUNEOAAN;Jurisdiccion
1529;1530;Alcaldia Mayor;Antequera;Antequera;Antequera @;JUNEOAAN;Provincia_menor
1529;1530;Jurisdiccion;Michoacan;Michoacan;Valladolid @ Michoacan @ Mechoacan @ Tzintzuntzan @ Patzcuaro @ Valladolid y Patzcuaro @ Pasquaro @ Valladolid, Patzcuaro, Jaso y Teremendo;JUNEMIVA;Jurisdiccion
1529;1530;Jurisdiccion;Michoacan;Michoacan;Valladolid @ Michoacan @ Mechoacan @ Tzintzuntzan @ Patzcuaro @ Valladolid y Patzcuaro @ Pasquaro @ Valladolid, Patzcuaro, Jaso y Teremendo;JUNEMIVA;Provincia_menor
1529;1533;Alcaldia Mayor;Taxco;Taxco;Taxco @ Tasco @ Taxco e Iguala @ Real de minas de Taxco;JUNEMXTA;Jurisdiccion
1529;1533;Alcaldia Mayor;Taxco;Taxco;Taxco @ Tasco @ Taxco e Iguala @ Real de minas de Taxco;JUNEMXTA;Provincia_menor
1529;1573;Marquesado;El Valle;El Valle;Marquesado del Valle @;SENEMV00;Provincia_menor
1529;1573;Marquesado;El Valle;El Valle;Marquesado del Valle @;SENEMV00;Senorio
1529;1598;Alcaldia Mayor;Villa Rica;Villa Rica;La Antigua @ La Antigua @ Mizantla @ Veracruz Vieja @ Veracruz Antigua;JUNEVCVA;Jurisdiccion
1529;1598;Alcaldia Mayor;Villa Rica;Villa Rica;La Antigua @ La Antigua @ Mizantla @ Veracruz Vieja @ Veracruz Antigua;JUNEVCVA;Provincia_menor
1529;1599;Alcaldia Mayor;Zapotecas;Zapotecas;Villa Alta @ Villalta @ Zapotecas;JUNEOAVA;Jurisdiccion
1529;1599;Alcaldia Mayor;Zapotecas;Zapotecas;Villa Alta @ Villalta @ Zapotecas;JUNEOAVA;Provincia_menor
1529;1786;Alcaldia Mayor;Tehuantepec;Tehuantepec;Tehuantepec @ Tehuantepeque @ Teguantepec @ Teguantepeque @ Tegoantepec;JUNEOATT;Jurisdiccion
1529;1786;Alcaldia Mayor;Tehuantepec;Tehuantepec;Tehuantepec @ Tehuantepeque @ Teguantepec @ Teguantepeque @ Tegoantepec;JUNEOATT;Partido
1529;1786;Alcaldia Mayor;Tehuantepec;Tehuantepec;Tehuantepec @ Tehuantepeque @ Teguantepec @ Teguantepeque @ Tegoantepec;JUNEOATT;Provincia_menor
1529;1808;Alcaldia Mayor;Cuernavaca;Cuernavaca;Cuernavaca @;JUNEMXCV;Jurisdiccion
1529;1808;Alcaldia Mayor;Cuernavaca;Cuernavaca;Cuernavaca @;JUNEMXCV;Partido
1529;1808;Alcaldia Mayor;Cuernavaca;Cuernavaca;Cuernavaca @;JUNEMXCV;Provincia_menor
1530;1545;Obispado;Mexico;Mexico;Mexico @;OBNEMX00;Obispado
1531;1532;Corregimiento;Hueytlalpan;Teutalpa e Iztepec;Zacatlan de las Manzanas @ Gueytlalpa @ Teutalpa e Iztepec @ Hueytlalpan;JUNEPUZM;Jurisdiccion
1531;1537;Corregimiento;Cuctlaxohuapan;Cuctlaxohuapan;Puebla @ Los Angeles @ Cuctlaxohuapan;JUNEPUPU;Jurisdiccion
1531;1540;Corregimiento;Calpan;Calpan;Calpan @;JCNEPUCA;Jurisdiccion
1531;1541;Alcaldia Mayor;Toluca;Toluca;Toluca @;JUNEMXTO;Jurisdiccion
1531;1542;Corregimiento;Axacuba;Axacuba;Axacuba @;JCNEMXAX;Jurisdiccion
1531;1550;Corregimiento;Tzintzuntzan;Tzintzuntzan;Valladolid @ Michoacan @ Mechoacan @ Tzintzuntzan @ Patzcuaro @ Valladolid y Patzcuaro @ Pasquaro @ Valladolid, Patzcuaro, Jaso y Teremendo;JUNEMIVA;Jurisdiccion
1531;1550;Corregimiento;Tzintzuntzan;Tzintzuntzan;Valladolid @ Michoacan @ Mechoacan @ Tzintzuntzan @ Patzcuaro @ Valladolid y Patzcuaro @ Pasquaro @ Valladolid, Patzcuaro, Jaso y Teremendo;JUNEMIVA;Provincia_menor
1531;1551;Corregimiento;Antequera;Antequera;Antequera @;JUNEOAAN;Jurisdiccion
1531;1551;Corregimiento;Antequera;Antequera;Antequera @;JUNEOAAN;Provincia_menor
1531;1551;Corregimiento;Teposcolula;Teposcolula;Teposcolula @ Teposcolula y Yanguitlan @ Teposcolula y Anguitlan @ Teposcolula y Yanhuitlan;JUNEOATP;Jurisdiccion
1531;1551;Corregimiento;Texcoco;Texcoco;Texcoco @ Tescoco @ Tescuco @ Tezcuco @ Tetzcoco @ Tetzcuco @ Acolhuacan;JUNEMXTX;Jurisdiccion
1531;1551;Corregimiento;Texcoco;Texcoco;Texcoco @ Tescoco @ Tescuco @ Tezcuco @ Tetzcoco @ Tetzcuco @ Acolhuacan;JUNEMXTX;Provincia_menor
1531;1551;Corregimiento;Tizayuca y Zapotlan;Tizayuca y Zapotlan;Pachuca @ Tizayuca y Zapotlan @ Pachuca y Tesayuca @ Pachuca y Tizayuca @ Minas de Pachuca;JUNEMXPA;Jurisdiccion
1531;1556;Corregimiento;Zempoala;Zempoala y Tequicistlan;Zempoala @ Cempoala @ Zempoala y Tequicistlan @ Tlalquilpan y Zempoala;JUNEMXZE;Jurisdiccion
1531;1557;Corregimiento;Chapultepec y Maltrata;Chapultepec y Maltrata;Xalapa @ Xalapa de la Feria @ Xalapa y Xalacingo @ Chapultepec y Maltrata;JUNEVCXA;Jurisdiccion
1531;1557;Corregimiento;Tetepango;Tetepango;Tetepango @ Tetepango Hueypustla @ Gueispustla @ Huipuxtla @ Tetepango y Misquiaguala @ Tetepango y Mixquiahuala @ Tetepango y Mizquiahuala @ Tetepango y Atitalaquia @ Misquiaguala y Atitalaquia @ Tetepango, Misquiaguala y Atitalaquia @ Tetepango y Quipus;JUNEMXTP;Jurisdiccion
1531;1559;Corregimiento;Arimao;Arimao y Borona;Arimao y Borona @;JCNEZTAR;Jurisdiccion
1531;1559;Corregimiento;Molango y Malila;Molango y Malila;Metztitlan @ Meztitlan @ Mextitlan @ Metztitlan de la Sierra @ Meztitlan @ Meztitlan de la Sierra, Molango y Malila;JUNEMXMT;Provincia_menor
1531;1560;Corregimiento;Atengo;Atengo;Mizquiaguala @ Mizquiahuala @  Misquiahuala @ Atengo  y Misquiahuala @ Mixquiahuala;JUNEMXMI;Jurisdiccion
1531;1561;Corregimiento;Tuxpa;Tuxpa;Zapotlan @ Tuspa @ Tuxpa @ Zapotlan el Grande @ Tuxpa, Tamazula y Zapotlan;JUGDGDZA;Jurisdiccion
1531;1565;Corregimiento;Chicuazen;Chicuazen;Chicuazen @ Chicuasen;JCNEVCCZ;Jurisdiccion
1531;1565;Corregimiento;Zempoala;Zempoala;Zempoala @;JCNEVCZE;Jurisdiccion
1531;1567;Corregimiento;Iscuintlapilco;Iscuintlapilco;Actopan @ Ixcuinquitlapilco @ Octupa @ Octupa, Yxcuin y Cuitlapilco @ Octupa e Iscuintlapilco;JUNEMXAT;Jurisdiccion
1531;1567;Corregimiento;Iscuintlapilco;Iscuintlapilco;Actopan @ Ixcuinquitlapilco @ Octupa @ Octupa, Yxcuin y Cuitlapilco @ Octupa e Iscuintlapilco;JUNEMXAT;Partido
1531;1574;Corregimiento;Tequila;Tequila;Orizaba @ Tequila @ Cachultenango, Tequila y Chichiquila;JUNEVCOR;Jurisdiccion
1531;1575;Corregimiento;Teutlalco y Centeupa;Teutlalco y Centeupa;Teutlalco @ Teotalco @ Teotlalco @ Tlaucingo @ Minas de Teotlalco @ Teotalco @ Teutlalco y Conteupa;JUNEPUTE;Jurisdiccion
1531;1576;Jurisdiccion;Queretaro;Queretaro;Queretaro @;JUNEMXQU;Jurisdiccion
1531;1579;Corregimiento;Teloloapa;Teloloapa;Teloloapa @ Teloloapa y Totoltepec @ Tululuava @ Teloloava;JMNEMXTT;Jurisdiccion
1531;1598;Corregimiento;Tetipac;Tetipac;Tetipac @ Teticpac @ Teiticpac @ Teitipac @ Tectipac @ Tecticpac @ Tetipaque @ Teitipaque @ Tectipaque @ Teticpaque @ Teiticpaque @ Tecticpaque;JCNEOATT;Jurisdiccion
1531;1599;Corregimiento;Misantla;Misantla;Misantla @ Mizantla;JUNEVCMI;Jurisdiccion
1531;1599;Corregimiento;Zongolica;Zongolica;Zongolica @;JCNEVCZO;Jurisdiccion
1531;1603;Corregimiento;Xilotlan;Xilotlan;Jilotlan @ Xilotlan;JUGDGDJI;Jurisdiccion
1531;1607;Corregimiento;Tlahuililpa;Tlahuililpa;Tlahuililpa @ Tlaquilpa @ Tlauililpa @ Tlaguililpa @ Tlagualilpa;JCNEMXTQ;Jurisdiccion
1531;1622;Corregimiento;Tepeapulco;Tepeapulco;Apan @ Apa y Tepeapulco @ Apa;JUNEMXAP;Jurisdiccion
1531;1622;Corregimiento;Tepeapulco;Tepeapulco;Apan @ Apa y Tepeapulco @ Apa;JUNEMXAP;Provincia_menor
1531;1630;Corregimiento;Guaxuapa;Guaxuapa y Tequecistepec;Huajuapan @ Guaxuapa @ Guaxuapa y Tequecistepec @  Huaxuapa @ Huajuapa y Tonala @ Huajuapa y Tonala y Minas de Silacayopa;JUNEOAHP;Jurisdiccion
1531;1630;Corregimiento;Guaxuapa;Guaxuapa y Tequecistepec;Huajuapan @ Guaxuapa @ Guaxuapa y Tequecistepec @  Huaxuapa @ Huajuapa y Tonala @ Huajuapa y Tonala y Minas de Silacayopa;JUNEOAHP;Provincia_menor
1531;1630;Corregimiento;Tecomabaca;Tecomabaca y Quiotepec;Tecomabaca y Quiotepec @ Tecomavaca @;JCNEOATE;Jurisdiccion
1531;1630;Corregimiento;Tecomabaca;Tecomabaca y Quiotepec;Tecomabaca y Quiotepec @ Tecomavaca @;JCNEOATE;Provincia_menor
1531;1635;Corregimiento;Otumba;Otumba;Otumba @;JUNEMXOT;Jurisdiccion
1531;1635;Corregimiento;Otumba;Otumba;Otumba @;JUNEMXOT;Provincia_menor
1531;1640;Corregimiento;Tancitaro;Tancitaro y Tlapalcatepec;Tancitaro @ Apatzingan @ y Tapalcatepec @ Tancitaro y Pizandaro @ Tansitaro y Pisandaro @ Tancitaro y Pinzandaro @ Tancitaro, Pizandaro, Cinagua y la Guacana @ Tanzitaro @ Tansitaro @ Tancitaro, Pinzandaro y Motines;JUNEMITC;Jurisdiccion
1531;1640;Corregimiento;Tancitaro;Tancitaro y Tlapalcatepec;Tancitaro @ Apatzingan @ y Tapalcatepec @ Tancitaro y Pizandaro @ Tansitaro y Pisandaro @ Tancitaro y Pinzandaro @ Tancitaro, Pizandaro, Cinagua y la Guacana @ Tanzitaro @ Tansitaro @ Tancitaro, Pinzandaro y Motines;JUNEMITC;Provincia_menor
1531;1645;Corregimiento;Cholula;Cholula;Cholula @;JUNEPUCL;Jurisdiccion
1531;1645;Corregimiento;Cholula;Cholula;Cholula @;JUNEPUCL;Provincia_menor
1531;1645;Corregimiento;Sochicoatlan;Sochicoatlan;Sochicoatlan @ Xochicoatlan @ Sochiquitlan @ Jochiquiatlan @ Zochicoatlan @ Sochiguautla;JUNEMXSO;Jurisdiccion
1531;1645;Corregimiento;Sochicoatlan;Sochicoatlan;Sochicoatlan @ Xochicoatlan @ Sochiquitlan @ Jochiquiatlan @ Zochicoatlan @ Sochiguautla;JUNEMXSO;Provincia_menor
1531;1647;Corregimiento;Mexicaltzingo;Mexicaltzingo;Mexicaltzingo @;JUNEMXMZ;Jurisdiccion
1531;1647;Corregimiento;Mexicaltzingo;Mexicaltzingo;Mexicaltzingo @;JUNEMXMZ;Provincia_menor
1531;1670;Corregimiento;Atitalaquia;Atitalaquia;Atitalaquia @;JUNEMXAQ;Jurisdiccion
1531;1670;Corregimiento;Atitalaquia;Atitalaquia;Atitalaquia @;JUNEMXAQ;Provincia_menor
1531;1675;Corregimiento;Teotitlan del Camino;Teotitlan del Camino;Teotitlan del Camino @ Teutitlan del Camino @ Teutitlan de los Cues;JCNEOATC;Jurisdiccion
1531;1675;Corregimiento;Teotitlan del Camino;Teotitlan del Camino;Teotitlan del Camino @ Teutitlan del Camino @ Teutitlan de los Cues;JCNEOATC;Provincia_menor
1531;1679;Corregimiento;Mitla y Tlacolula;Mitla y Tlacolula;Mitla y Tlacolula @;PTNEOAMT;Jurisdiccion
1531;1679;Corregimiento;Mitla y Tlacolula;Mitla y Tlacolula;Mitla y Tlacolula @;PTNEOAMT;Provincia_menor
1531;1679;Corregimiento;Teocuicuilco;Teocuicuilco;Teococuilco @ Tecuicuilco @ Teocuicuilco y Teozacualco;PMNEOATO;Jurisdiccion
1531;1704;Corregimiento;Huexolotitlan;Huexolotitlan;Huexolotitlan @ Huiso @ Huitzo @ Huizo @ Guaxolotlitlan @ Guajolotitlan @ Huejolotitlan @ Guayolotitlan y Guiso;JUNEOAHL;Jurisdiccion
1531;1704;Corregimiento;Huexolotitlan;Huexolotitlan;Huexolotitlan @ Huiso @ Huitzo @ Huizo @ Guaxolotlitlan @ Guajolotitlan @ Huejolotitlan @ Guayolotitlan y Guiso;JUNEOAHL;Partido
1531;1704;Corregimiento;Huexolotitlan;Huexolotitlan;Huexolotitlan @ Huiso @ Huitzo @ Huizo @ Guaxolotlitlan @ Guajolotitlan @ Huejolotitlan @ Guayolotitlan y Guiso;JUNEOAHL;Provincia_menor
1531;1786;Alcaldia Mayor;Culiacan;Culiacan;Culiacan @;JUGDSSCU;Jurisdiccion
1531;1786;Alcaldia Mayor;Culiacan;Culiacan;Culiacan @;JUGDSSCU;Partido
1531;1786;Alcaldia Mayor;Culiacan;Culiacan;Culiacan @;JUGDSSCU;Provincia_menor
1531;1786;Gobernacion;Nueva Galicia;Nueva Galicia;Nueva Galicia @ Guadalajara;PRGDGD00;Provincia
1531;1786;Gobernacion;Nueva Galicia;Nueva Galicia;Nueva Galicia @ Guadalajara;PRGDGD00;Provincia_mayor
1531;1808;Obispado;Honduras;Honduras;Comayagua @ Honduras;OBGUCY00;Obispado
1531;1808;Obispado;Leon;Leon;Leon @ Nicaragua;OBGULE00;Obispado
1531;1808;Partido;Guaquechula;Guaquechula;Guaquechula @ Huaquechula;PTNEPUGQ;Partido
1531;1808;Utopia;Santa Fe;Hospitales de Santa Fe;Santa Fe @;JUNEMXSF;Jurisdiccion
1531;1808;Utopia;Santa Fe;Hospitales de Santa Fe;Santa Fe @;JUNEMXSF;Partido
1531;1808;Utopia;Santa Fe;Hospitales de Santa Fe;Santa Fe @;JUNEMXSF;Provincia_menor
1532;1536;Corregimiento;Chilapa;Chilapa;Chilapa @ Provincia de Chilapa @ Tlacozautitlan @ Tlalcozautitlan @ Chilapan @ Chilapam @ Chilapa y Chisla @ Chiapa y Tixtla;JUNEMXCL;Jurisdiccion
1532;1550;Corregimiento;Malinalco;Malinalco;Malinalco @ Tenancingo @ Maninalco;JUNEMXMA;Provincia_menor
1532;1557;Corregimiento;Acatlan;Acatlan y Piastla;Acatlan @ Acatlan y Piaxtla @ Acatlan y Piastla;JUNEPUAC;Jurisdiccion
1532;1558;Corregimiento;Tlapa;Tlapa;Tlapa @ Tlapan;JUNEPUTL;Jurisdiccion
1532;1569;Corregimiento;Teozacoalco;Teozacoalco;Teozacualco @ Teosacualco @ Teozacualco y Amoltepec @ Teozacoalco @ Teozacoalco y Teococuilco @ Teozacoalco y Teocucuilco @ Teopozalco, Teoxomulco y Teocuicuilco @ Teocuicuilco y Teozacualco @ Teozacualco y Teozoquilco;JUNEOATZ;Jurisdiccion
1532;1640;Corregimiento;Chiconautla;Chiconautla;Ecatepec @ San Cristobal Ecatepec @ Chiconautla;JUNEMXEC;Jurisdiccion
1532;1640;Corregimiento;Chiconautla;Chiconautla;Ecatepec @ San Cristobal Ecatepec @ Chiconautla;JUNEMXEC;Provincia_menor
1532;1645;Corregimiento;Huejotzingo;Huejotzingo;Huejotzingo @ Guejosingo @ Huexocingo;JUNEPUHZ;Jurisdiccion
1532;1645;Corregimiento;Huejotzingo;Huejotzingo;Huejotzingo @ Guejosingo @ Huexocingo;JUNEPUHZ;Provincia_menor
1532;1680;Corregimiento;Aguatlan;Aguatlan y Zoyatitlanapa;Ahuatlan @ Aguatlan y Teopantlan @ Aguatlan y Zoyatitlanapa @ Aguatlan y Toyatitlanapa @ Aguatlan y Zoyatitlanapa;JUNEPUAH;Jurisdiccion
1532;1680;Corregimiento;Aguatlan;Aguatlan y Zoyatitlanapa;Ahuatlan @ Aguatlan y Teopantlan @ Aguatlan y Zoyatitlanapa @ Aguatlan y Toyatitlanapa @ Aguatlan y Zoyatitlanapa;JUNEPUAH;Provincia_menor
1532;1688;Corregimiento;Jaso y Teremendo;Jaso y Teremendo;Jaso y Teremendo @ Xasoteremendo @ Xaso y Teremendo @ Jasso y Teremendo @ Xazo y Teremendo @ Jasoteremendo;JUNEMIJT;Jurisdiccion
1532;1742;Corregimiento;Atlatlauca;Atlatlauca del Valle;Atlatlauca @ Atlatlauca y Maninaltepec @ Atlatlauca y Malinaltepec;JUNEOAAT;Jurisdiccion
1532;1742;Corregimiento;Atlatlauca;Atlatlauca del Valle;Atlatlauca @ Atlatlauca y Maninaltepec @ Atlatlauca y Malinaltepec;JUNEOAAT;Partido
1532;1742;Corregimiento;Atlatlauca;Atlatlauca del Valle;Atlatlauca @ Atlatlauca y Maninaltepec @ Atlatlauca y Malinaltepec;JUNEOAAT;Provincia_menor
1533;1543;Corregimiento;Iztepeque;Yztepeque, Juanotla, Quezalcoal y Citusco;Tetela y Jonotla @ Xonotla y Tetela;JUNEPUTJ;Jurisdiccion
1533;1550;Corregimiento;Chalco;Chalco;Chalco @ Chalco y Tlalmanalco @ Chalco-Tlalmanalco @ Chalco Talmanalco @ Chalco y Tlayacapa @ Chalco y Hayacapa @ Chalco Talmanalco @ Chalco Talmanalco, agregao de Tlayacapa;JUNEMXCH;Jurisdiccion
1533;1555;Corregimiento;Hueytlalpan;Hueytlalpan;Zacatlan de las Manzanas @ Gueytlalpa @ Teutalpa e Iztepec @ Hueytlalpan;JUNEPUZM;Jurisdiccion
1533;1555;Corregimiento;Teutila;Teutila;Teutila @ Teutila y Chinantla @ Teutila y Rio Alvarado;JUNEOATL;Jurisdiccion
1533;1555;Corregimiento;Teutila;Teutila;Teutila @ Teutila y Chinantla @ Teutila y Rio Alvarado;JUNEOATL;Provincia_menor
1533;1578;Jurisdiccion;Valles;Santiago de Valles;Valles @ Villa de los Valles;JUNESLVA;Jurisdiccion
1533;1578;Jurisdiccion;Valles;Santiago de Valles;Valles @ Villa de los Valles;JUNESLVA;Provincia_menor
1533;1599;Corregimiento;Asuchitlan;Asuchitlan;Asuchitlan @ Ajuchitlan @ Axuchitlan;JCNEMXAS;Jurisdiccion
1533;1656;Corregimiento;Cuitzeo;Cuitzeo de la Laguna;Cuitzeo de la Laguna @ Cuiseo @  Cuiceo @ Cuisco de la Laguna;JUNEMICL;Jurisdiccion
1533;1656;Corregimiento;Cuitzeo;Cuitzeo de la Laguna;Cuitzeo de la Laguna @ Cuiseo @  Cuiceo @ Cuisco de la Laguna;JUNEMICL;Provincia_menor
1533;1739;Gobernacion-Capitania General;Cartagena;Cartagena de Indias;Cartagena de Indias @ Cartagena de Indias @ Golfo de Uraba y Nueva Andalucia;PRNGCA00;Provincia
1533;1739;Gobernacion-Capitania General;Cartagena;Cartagena de Indias;Cartagena de Indias @ Cartagena de Indias @ Golfo de Uraba y Nueva Andalucia;PRNGCA00;Provincia_mayor
1533;1739;Gobernacion-Capitania General;Cartagena;Cartagena de Indias;Cartagena de Indias @ Cartagena de Indias @ Golfo de Uraba y Nueva Andalucia;PRNGCA00;Provincia_menor
1533;1739;Gobernacion-Capitania General;Santa Marta;Santa Marta;Santa Marta @ Santa Marta y Rio de la Hacha;PRNGSM00;Provincia
1533;1739;Gobernacion-Capitania General;Santa Marta;Santa Marta;Santa Marta @ Santa Marta y Rio de la Hacha;PRNGSM00;Provincia_mayor
1533;1739;Gobernacion-Capitania General;Santa Marta;Santa Marta;Santa Marta @ Santa Marta y Rio de la Hacha;PRNGSM00;Provincia_menor
1533;1808;Jurisdiccion;Cartagena;Cartagena de Indias;Cartagena de Indias @ Cartagena de Indias;JUNGCACA;Jurisdiccion
1533;1808;Jurisdiccion;Cartagena;Cartagena de Indias;Cartagena de Indias @ Cartagena de Indias;JUNGCACA;Partido
1533;1808;Partido;Chalco;Chalco;Chalco @;PTNEMXCH;Partido
1534;1536;Jurisdiccion;Panuco;Panuco;Panuco @ Panuco y Tampico @ Tantoyuca;JUNEVCPN;Jurisdiccion
1534;1536;Jurisdiccion;Panuco;Panuco;Panuco @ Panuco y Tampico @ Tantoyuca;JUNEVCPN;Provincia_menor
1534;1537;Corregimiento;Huaniqueo;Huaniqueo;Huaniqueo @ Guaniqueo;JUNEMIHQ;Jurisdiccion
1534;1537;Corregimiento;Taxco;Taxco;Taxco @ Tasco @ Taxco e Iguala @ Real de minas de Taxco;JUNEMXTA;Jurisdiccion
1534;1537;Corregimiento;Taxco;Taxco;Taxco @ Tasco @ Taxco e Iguala @ Real de minas de Taxco;JUNEMXTA;Provincia_menor
1534;1538;Corregimiento;Yanhuitlan;Yanhuitlan;Yanhuitlan @ Tonaltepec y Zoyaltepec @ Ianguitlan @ Anguitlan;JUNEOAYA;Jurisdiccion
1534;1550;Corregimiento;Tezayuca;Tezayuca;Tezayuca @ Tlaliscoya @ Tlalixcoya;JCNEVCTE;Jurisdiccion
1534;1550;Corregimiento;Tlapacoya;Tlapacoya;Tlapacoya @ Papalote de la Sierra @ Tapacoya, Padilla, Nautla, Colipa y Papalo @ Tizapancingo, Atlaliloya y Cicaquautla;JCNEVCPA;Jurisdiccion
1534;1550;Corregimiento;Zimatlan;Zimatlan y Tepezimatlan;Zimatlan @ Cimatlan @ Zimatlan y Tepezimatlan @ Cimatlan y Tepecimatlan @ Zimatlan y Chichicapa;JUNEOAZI;Jurisdiccion
1534;1553;Corregimiento;Tehuacan;Tehuacan;Tehuacan @ Tehuacan de las Granadas @ Tehuacan y Teutitlan;JUNEPUTH;Jurisdiccion
1534;1557;Corregimiento;Xalapa;Xalapa y Cintla;Igualapa @ Ometepeque @ Igualapa, Xalapa y Cintla @ Ygualapam @ Xalapa @ Xalapa, Cintla y Acatlan @ Xalapa de la Costa;JUNEPUIG;Jurisdiccion
1534;1558;Corregimiento;Chichicapa;Chichicapa y Tetiquipa;Chichicapa @ Santa Catalina de Chichicapa @ Chichicapa y Tetiquipa;JCNEOACC;Jurisdiccion
1534;1560;Corregimiento;Ameca;Ameca;Ameca @;JCGDGDAM;Jurisdiccion
1534;1581;Corregimiento;Cuahuitlan;Cuahuitlan;Cuahuitlan @ Coahuitlan @ Icpatepec @ Hicpaltepeque @ Coahuitlan y Tututepec;JCNEOACN;Jurisdiccion
1534;1599;Corregimiento;Ayautla;Ayautla y Tepeapa;Ayautla y Tepeapa @ Ayautla y Tepeaca;JCNEOAAY;Jurisdiccion
1534;1599;Corregimiento;Capula;Capula;Capula @;JCNEMICP;Jurisdiccion
1534;1599;Corregimiento;Capulalcolulco;Capulalcolulco;Tetela del Rio @ Ajuchitlan @ Azuchitlan @ Capulalcolulco;JUNEMXTR;Jurisdiccion
1534;1599;Corregimiento;Chinantla;Chinantla;Chinantla y Uzila @ Chinantla y Ucila @ Chinantla, Ucila, Cosamaloapa y Guaspatepeque;JUNEOACT;Jurisdiccion
1534;1599;Corregimiento;Cihuatlan;Cihuatlan;Cihuatlan @ Valle de Cihuatlan;JCGDGDCI;Jurisdiccion
1534;1599;Corregimiento;Espuchimilco;Espuchimilco;Espuchimilco @ Ispuchimilco @ Puchimilco @ Suchimilco @ Espuchimilco y Tecuxuacan @ Espuchimilco y Texuxuacan @ Espuchimilco y Texuacan;JCGDGDES;Jurisdiccion
1534;1599;Corregimiento;Sinagua;Sinagua;Cinagua y la Guacana @ Ario @ Santiago Ario @ La Vacana @ La Uacana @ Sinagua y la Guacana @ Cinagua y Aguacana @ Cinagua y Ahuacana @ Cinagua y La Guacana @ Cinagua y La Huacana;JUNEMICI;Jurisdiccion
1534;1599;Corregimiento;Texupa;Texupa;Texupa @;JCNEOATX;Jurisdiccion
1534;1599;Corregimiento;Tlazazalca;Tlazazalca;Tlazazalca @ La Piedad @ Chilchota y Tlazazalca;JUNEMITZ;Jurisdiccion
1534;1599;Corregimiento;Ucila;Ucila;Ucila @;JCNEOAUC;Jurisdiccion
1534;1599;Corregimiento;Xiquitlan;Xiquitlan;Xiquitlan @ Jiquitlan @ Xictlan;JCGDGDXI;Jurisdiccion
1534;1601;Corregimiento;Epatlan;Epatlan y Teupantlan;Epatlan y Teupantlan @;JCNEPUEP;Jurisdiccion
1534;1645;Corregimiento;Coatepec;Coatepec;Coatepec @ Coatepec Chalco @ Coatepeque @ Guautepec @ Guautepeque;JUNEMXCO;Jurisdiccion
1534;1645;Corregimiento;Coatepec;Coatepec;Coatepec @ Coatepec Chalco @ Coatepeque @ Guautepec @ Guautepeque;JUNEMXCO;Provincia_menor
1534;1645;Corregimiento;Cuzcatlan;Cuzcatlan;Cuzcatlan @ Cozcatlan @ Coxcatlan;JCNEPUCU;Jurisdiccion
1534;1670;Corregimiento;Iscateupan;Iscateupan;Ixcateopan @ Escateopan @ Escateupan @ Iscateupa @ Yscateopa  @ Ixcateupa @ Iscateupan;JUNEMXIT;Jurisdiccion
1534;1670;Corregimiento;Iscateupan;Iscateupan;Ixcateopan @ Escateopan @ Escateupan @ Iscateupa @ Yscateopa  @ Ixcateupa @ Iscateupan;JUNEMXIT;Provincia_menor
1534;1742;Obispado;Guatemala;Guatemala;Guatemala @;OBGUGU00;Obispado
1534;1762;Partido;Puna;Puna;La Puna @ Isla de la Puna @ Machala;JUQUGQPU;Partido
1534;1796;Tenencia de corregimiento;Ambato;Ambato;Ambato @;JUQURBAM;Partido
1534;1808;Alcaldia Mayor;Cuatro Villas;Cuatro Villas;Cuatro Villas @;JUNEOACV;Jurisdiccion
1534;1808;Alcaldia Mayor;Cuatro Villas;Cuatro Villas;Cuatro Villas @;JUNEOACV;Partido
1534;1808;Alcaldia Mayor;Cuatro Villas;Cuatro Villas;Cuatro Villas @;JUNEOACV;Provincia_menor
1534;1808;Jurisdiccion;Guayaquil;Guayaquil;Guayaquil @;JUQUGQGQ;Jurisdiccion
1534;1808;Jurisdiccion;Guayaquil;Guayaquil;Guayaquil @;JUQUGQGQ;Partido
1534;1808;Jurisdiccion;Riobamba;Riobamba;Riobamba @;PTQURBRB;Partido
1534;1808;Obispado;Santa Marta;Santa Marta;Santa Marta @;OBNGSM00;Obispado
1535;1558;Corregimiento;Cozautepec;Cozautepec y Amatlan;Cozautepec @ Cozautepec y Amatlan;JCNEOACZ;Jurisdiccion
1535;1565;Corregimiento;Guaspaltepec;Cosamaluava y Guaspaltepec;Cosamaloapan @ Cuzamaluava @ Cuzamaluaba @ Cosamaloapan y Guaspaltepec @ Cozamaloapan @ Cosamaluapa;JUNEVCCS;Jurisdiccion
1535;1578;Corregimiento;Tlatlauquitepec;Tlatlauquitepec;San Juan de Los Llanos @ Tlatlauquitepec;JUNEPUSJ;Jurisdiccion
1535;1617;Corregimiento;Guatusco;Guatusco e Iztayuca;Cordoba @ Cordoba y Huatusco @ Guatusco @ Goatuzco, Cordoba y Huatusco y Coscomatepeque;JUNEVCCO;Jurisdiccion
1535;1620;Corregimiento;Jalacingo;Jalacingo;Jalacingo @ Xalacingo;JUNEVCJA;Jurisdiccion
1535;1620;Corregimiento;Jalacingo;Jalacingo;Jalacingo @ Xalacingo;JUNEVCJA;Provincia_menor
1535;1645;Corregimiento;Teutenango;Teutenango;Tenango del Valle @ Teutenango;JUNEMXTV;Jurisdiccion
1535;1645;Corregimiento;Teutenango;Teutenango;Tenango del Valle @ Teutenango;JUNEMXTV;Provincia_menor
1535;1650;Corregimiento;Iguala;Iguala;Iguala @ Ihuala @ Yguala @ Tepecocuilco;JUNEMXIG;Jurisdiccion
1535;1650;Corregimiento;Iguala;Iguala;Iguala @ Ihuala @ Yguala @ Tepecocuilco;JUNEMXIG;Provincia_menor
1535;1775;Partido;Tolu y Sabanas;Tolu y Sabanas;Tolu y Sabanas @ Tolu y sabanas @ Tolu y sus sabanas @ La Pileta;PTNGCAST;Partido
1535;1783;Reino;Peru;Peru;Lima @;PRPELI00;Provincia
1535;1783;Reino;Peru;Peru;Lima @;PRPELI00;Provincia_mayor
1535;1786;Provincia;Nueva España;Nueva España;Nueva España @ Mexico;PRNEMX00;Provincia
1535;1786;Provincia;Nueva España;Nueva España;Nueva España @ Mexico;PRNEMX00;Provincia_mayor
1535;1803;Obispado;Venezuela;Venezuela;Caracas @ Venezuela @ Coro;OBVECA00;Obispado
1535;1808;Audiencia Real;Mexico;Mexico;Mexico @ Nueva España;AUMX0000;Audiencia
1535;1808;Jurisdiccion;Tolu;Tolu;Tolu @ Villa de Tolu;JUNGCATO;Jurisdiccion
1535;1808;Jurisdiccion;Tolu;Tolu;Tolu @ Villa de Tolu;JUNGCATO;Partido
1535;1808;Obispado;Oaxaca;Oaxaca;Oaxaca @;OBNEOA00;Obispado
1535;1808;Partido;Cosamaloapan;Cosamaloapan;Cosamaloapan @;PTNEVCCS;Partido
1535;1808;Virreinato;Nueva España;Nueva España;Nueva España @ Mexico;SUNE0000;Principal
1535;1808;Virreinato;Nueva España;Nueva España;Nueva España @ Mexico;SUNE0000;Virreinato
1536;1539;Corregimiento;Amatepec;Amatepec;Zultepec @ Sultepec @ Sultepeque;JUNEMXZU;Jurisdiccion
1536;1543;Corregimiento;Zacualpan;Zacualpan;Zacualpan @ Ixtapan @ Iztapan @ Zacualpa @ Zacualpa e Ixcateopan @ Zacualpa y Escateupan;JUNEMXZP;Jurisdiccion
1536;1554;Corregimiento;Periban y Tinguindin;Periban y Tinguindin;Tinguindin @ Tinhuindin @ Periban y Tinguindin @ y Tacascuaro @ y Chocandiran @ Chocaman;JUNEMITG;Jurisdiccion
1536;1563;Corregimiento;Matalcingo;Matalcingo;Charo @ Matalcingo;JUNEMICR;Jurisdiccion
1536;1590;Corregimiento;Xilitla;Xilitla;Xilitla @ Xalitla;JCPAXILI;Jurisdiccion
1536;1664;Corregimiento;Guatlatlauca;Guatlatlauca;Huatlatlauca @ Huatlatlauca y Huehuetlan @ Guatlatlauca de Puebla @ Atlatlauca;JUNEPUHH;Jurisdiccion
1536;1664;Corregimiento;Guatlatlauca;Guatlatlauca;Huatlatlauca @ Huatlatlauca y Huehuetlan @ Guatlatlauca de Puebla @ Atlatlauca;JUNEPUHH;Provincia_menor
1536;1808;Jurisdiccion-Corregimiento;Tenerife;Tenerife;Tenerife @;JUNGSMTE;Jurisdiccion
1536;1808;Jurisdiccion-Corregimiento;Tenerife;Tenerife;Tenerife @;JUNGSMTE;Partido
1536;1808;Jurisdiccion-Tenencia de gobierno;Cali;Cali;Cali @;JUQUPOCA;Jurisdiccion
1536;1808;Jurisdiccion-Tenencia de gobierno;Cali;Cali;Cali @;JUQUPOCA;Partido
1537;1599;Provincia;Chilapa;Chilapa;Chilapa @ Provincia de Chilapa @ Tlacozautitlan @ Tlalcozautitlan @ Chilapan @ Chilapam @ Chilapa y Chisla @ Chiapa y Tixtla;JUNEMXCL;Provincia_menor
1537;1644;Corregimiento;Atlatlauca del Valle;Atlatlauca y Suchiaca;Atlatlauca del Valle @ Atlatlauca y Suchiaca @ Atlatlahuca;JCNEMXAT;Jurisdiccion
1537;1644;Corregimiento;Atlatlauca del Valle;Atlatlauca y Suchiaca;Atlatlauca del Valle @ Atlatlauca y Suchiaca @ Atlatlahuca;JCNEMXAT;Provincia_menor
1537;1775;Jurisdiccion;Mompox;Mompox;Mompox @ Mompos;JUNGCAMO;Jurisdiccion
1537;1775;Jurisdiccion;Mompox;Mompox;Mompox @ Mompos;JUNGCAMO;Partido
1537;1786;Alcaldia Mayor;Panuco;Panuco;Panuco @ Panuco y Tampico @ Tantoyuca;JUNEVCPN;Jurisdiccion
1537;1786;Alcaldia Mayor;Panuco;Panuco;Panuco @ Panuco y Tampico @ Tantoyuca;JUNEVCPN;Partido
1537;1786;Alcaldia Mayor;Panuco;Panuco;Panuco @ Panuco y Tampico @ Tantoyuca;JUNEVCPN;Provincia_menor
1537;1808;Capitania a guerra;Simiti;Simiti;Simiti @;JUNGCASI;Jurisdiccion
1537;1808;Capitania a guerra;Simiti;Simiti;Simiti @;JUNGCASI;Partido
1537;1808;Obispado;Michoacan;Michoacan;Michoacan @;OBNEMI00;Obispado
1538;1549;Jurisdiccion;Puebla;Puebla;Puebla @ Los Angeles @ Cuctlaxohuapan;JUNEPUPU;Jurisdiccion
1538;1549;Jurisdiccion;Puebla;Puebla;Puebla @ Los Angeles @ Cuctlaxohuapan;JUNEPUPU;Provincia_menor
1538;1557;Corregimiento;Ucareo;Ucareo y Zinapecuaro;Zinapecuaro @ Tzinapecuaro @ Ucareo;JUNEMIZP;Jurisdiccion
1538;1786;Alcaldia Mayor;Taxco;Minas de Taxco;Taxco @ Tasco @ Taxco e Iguala @ Real de minas de Taxco;JUNEMXTA;Jurisdiccion
1538;1786;Alcaldia Mayor;Taxco;Minas de Taxco;Taxco @ Tasco @ Taxco e Iguala @ Real de minas de Taxco;JUNEMXTA;Provincia_menor
1538;1808;Obispado;Cartagena;Cartagena de Indias;Cartagena de Indias @;OBNGCA00;Obispado
1538;1808;Obispado;Cuzco;Cuzco;Cuzco @;OBPECU00;Obispado
1539;1542;Audiencia Real;Panama;Panama;Panama @ Tierra Firme @ Castilla de Oro;AUPA0000;Audiencia
1539;1552;Corregimiento;Tonaltepec y Zoyaltepec;Yanhuitlan;Yanhuitlan @ Tonaltepec y Zoyaltepec @ Ianguitlan @ Anguitlan;JUNEOAYA;Jurisdiccion
1539;1716;Gobernacion-Capitania General;Tierra Firme;Tierra Firme;Panama @ Istmo @ Tierra Firme @ Castilla de Oro;PRNGPA00;Provincia
1539;1716;Gobernacion-Capitania General;Tierra Firme;Tierra Firme;Panama @ Istmo @ Tierra Firme @ Castilla de Oro;PRNGPA00;Provincia_mayor
1539;1808;Alcaldia Mayor;Sonsonate;Sonsonate;Sonsonate @;JUGUGUSS;Jurisdiccion
1539;1808;Alcaldia Mayor;Sonsonate;Sonsonate;Sonsonate @;JUGUGUSS;Partido
1539;1808;Alcaldia Mayor;Sonsonate;Sonsonate;Sonsonate @;JUGUGUSS;Provincia_menor
1539;1808;Corregimiento;Tunja;Tunja;Tunja @;PRNGTU00;Provincia
1539;1808;Corregimiento;Tunja;Tunja;Tunja @;PRNGTU00;Provincia_menor
1539;1808;Jurisdiccion;Santa Fe;Santa Fe;Santa Fe @ Santafe de Bogota;JUNGSFSF;Jurisdiccion
1539;1808;Jurisdiccion;Santa Fe;Santa Fe;Santa Fe @ Santafe de Bogota;JUNGSFSF;Partido
1539;1808;Jurisdiccion;Timana;Timana;Timana @;JUNGNETI;Jurisdiccion
1539;1808;Jurisdiccion;Timana;Timana;Timana @;JUNGNETI;Partido
1539;1808;Jurisdiccion;Tunja;Tunja;Tunja @;JUNGTUTU;Jurisdiccion
1539;1808;Jurisdiccion;Tunja;Tunja;Tunja @;JUNGTUTU;Partido
1539;1808;Jurisdiccion;Velez;Velez;Velez @;JUNGSOVE;Jurisdiccion
1539;1808;Jurisdiccion;Velez;Velez;Velez @;JUNGSOVE;Partido
1539;1808;Jurisdiccion-Tenencia de gobierno;Pasto;Pasto;Pasto @ San Juan de Pasto;JUQUPOPA;Jurisdiccion
1539;1808;Jurisdiccion-Tenencia de gobierno;Pasto;Pasto;Pasto @ San Juan de Pasto;JUQUPOPA;Partido
1540;1545;Alcaldia Mayor-Gobernacion;Tabasco;Tabasco;Tabasco @;JUNETBTB;Jurisdiccion
1540;1545;Alcaldia Mayor-Gobernacion;Tabasco;Tabasco;Tabasco @;JUNETBTB;Provincia
1540;1545;Alcaldia Mayor-Gobernacion;Tabasco;Tabasco;Tabasco @;JUNETBTB;Provincia_mayor
1540;1545;Alcaldia Mayor-Gobernacion;Tabasco;Tabasco;Tabasco @;JUNETBTB;Provincia_menor
1540;1562;Gobernacion;Quito;Quito;Quito @;PRQUQU00;Provincia_mayor
1540;1568;Alcaldia Mayor;Zultepec;Minas de Zultepec;Zultepec @ Sultepec @ Sultepeque;JUNEMXZU;Jurisdiccion
1540;1568;Alcaldia Mayor;Zultepec;Minas de Zultepec;Zultepec @ Sultepec @ Sultepeque;JUNEMXZU;Provincia_menor
1540;1808;Gobernacion;Popayan;Popayan;Popayan @;PRQUPO00;Provincia
1540;1808;Gobernacion;Popayan;Popayan;Popayan @;PRQUPO00;Provincia_mayor
1540;1808;Gobernacion;Popayan;Popayan;Popayan @;PRQUPO00;Provincia_menor
1540;1808;Jurisdiccion;Popayan;Popayan;Popayan @;JUQUPOPO;Jurisdiccion
1540;1808;Jurisdiccion;Popayan;Popayan;Popayan @;JUQUPOPO;Partido
1541;1550;Corregimiento;Autlan;Autlan;Autlan @ Autlan y Puerto de la Navidad;JUGDGDAU;Jurisdiccion
1541;1569;Corregimiento;Tlacotalpa;Tlacotalpa;Tlacotalpa @;JCNEVCTL;Jurisdiccion
1541;1569;Corregimiento;Xochimilco;Xochimilco;Xochimilco @ Sochimilco @ Juquimilco @ Xuchimilco;JUNEMXXO;Jurisdiccion
1541;1645;Corregimiento;Papaloticpac;Papaloticpac y Tepeuzila;Papaloticpac @ Papaloticpac y Tepeuzila @ Papalo;JCNEOAPP;Jurisdiccion
1541;1645;Corregimiento;Papaloticpac;Papaloticpac y Tepeuzila;Papaloticpac @ Papaloticpac y Tepeuzila @ Papalo;JCNEOAPP;Partido
1541;1645;Corregimiento;Papaloticpac;Papaloticpac y Tepeuzila;Papaloticpac @ Papaloticpac y Tepeuzila @ Papalo;JCNEOAPP;Provincia_menor
1541;1786;Jurisdiccion;Campeche;Campeche;Campeche @;JUNEYUCA;Jurisdiccion
1541;1808;Capitania General;Chile;Chile;Chile @ Nueva Extremadura;SUCH0000;Principal
1541;1808;Capitania General;Chile;Chile;Chile @ Nueva Extremadura;SUCH0000;Provincia
1541;1808;Partido;Calpan;Calpan;Calpan @;JCNEPUCA;Partido
1542;1548;Audiencia Real;Los Confines;Los Confines;Guatemala @ Confines @ Los Confines @ Los Confines de Guatemala y Nicaragua;AUCO0000;Audiencia
1542;1554;Alcaldia Mayor;Valle de Matalcingo;Valle de Matalcingo;Ixtlahuaca @ Mequetepeque @ Istlavaca @ Valle de Matalcingo @ Huitzitzilapa y Valle de Matalcingo @ Ixtlahuaca y Metepec @ Ixtlahuac @ Istlehusicar @ Istlaguaca y Metepeque;JUNEMXIH;Provincia_menor
1542;1554;Tenencia de Alcaldia Mayor;Toluca;Toluca;Toluca @;JUNEMXTO;Jurisdiccion
1542;1558;Alcaldia Mayor;Minas de Zumpango;Minas de Zumpango;Tixtla @ Tistla @ Tixtla y Chilapa @ Minas de Zumpango @ Minas de Zumpango y provincia de Tlapa;JUNEMXTI;Jurisdiccion
1542;1558;Alcaldia Mayor;Minas de Zumpango;Minas de Zumpango;Tixtla @ Tistla @ Tixtla y Chilapa @ Minas de Zumpango @ Minas de Zumpango y provincia de Tlapa;JUNEMXTI;Provincia_menor
1542;1574;Corregimiento;Guatinchan;Guatinchan;Amozoc @ Amozoque @ Guatinchan @ Guautinchan @ Cuautinchan;JUNEPUAM;Jurisdiccion
1542;1664;Corregimiento;Tepexi de la Seda;Tepexi de la Seda;Tepexi de la Seda @ Tepeji de la Seda y Guatlatlauca @ Zepexi de la Seda @ Tepeji de la Seda @ Tepeji @ Tepexi de la Seda y Atlatlauca @ Tepexi de la Seda, Acatlan y Piastla;JUNEPUTS;Jurisdiccion
1542;1664;Corregimiento;Tepexi de la Seda;Tepexi de la Seda;Tepexi de la Seda @ Tepeji de la Seda y Guatlatlauca @ Zepexi de la Seda @ Tepeji de la Seda @ Tepeji @ Tepexi de la Seda y Atlatlauca @ Tepexi de la Seda, Acatlan y Piastla;JUNEPUTS;Provincia_menor
1542;1673;Corregimiento;Tustepec;Tustepec y Quimixtlan;Tustepec y Quimixtlan @ Tuxtepec y Quimixtlan @ Tustebec @ Quimistlan @ Quimiztlan @ Tusteuqeue;JCNEPUTU;Jurisdiccion
1542;1785;Jurisdiccion;Arma;Arma;Rionegro @ Santiago de Arma @ Rio Negro @ Arma y Marinilla;JUNGANAR;Jurisdiccion
1542;1785;Jurisdiccion;Arma;Arma;Rionegro @ Santiago de Arma @ Rio Negro @ Arma y Marinilla;JUNGANAR;Partido
1542;1808;Capitania General;Guatemala;Guatemala;Guatemala @;SUGU0000;Principal
1542;1808;Gobernacion;Guatemala;Guatemala;Guatemala @;PRGUGU00;Provincia
1542;1808;Gobernacion;Guatemala;Guatemala;Guatemala @;PRGUGU00;Provincia_mayor
1542;1808;Gobernacion;Guatemala;Guatemala;Guatemala @;PRGUGU00;Provincia_menor
1542;1808;Jurisdiccion;Guadalajara;Guadalajara;Guadalajara @;JUGDGDGD;Jurisdiccion
1542;1808;Jurisdiccion;Guadalajara;Guadalajara;Guadalajara @;JUGDGDGD;Partido
1542;1808;Jurisdiccion;Guadalajara;Guadalajara;Guadalajara @;JUGDGDGD;Provincia_menor
1542;1808;Virreinato;Peru;Peru;Peru @ Lima;SUPE0000;Principal
1542;1808;Virreinato;Peru;Peru;Peru @ Lima;SUPE0000;Virreinato
1543;1576;Jurisdiccion;Valladolid;Valladolid;Valladolid @;JUNEYUVA;Jurisdiccion
1543;1808;Audiencia Real;Lima;Lima;Lima @ Peru;AULI0000;Audiencia
1543;1808;Jurisdiccion-Tenencia de gobierno;Caloto;Caloto;Caloto @;JUQUPOCT;Jurisdiccion
1543;1808;Jurisdiccion-Tenencia de gobierno;Caloto;Caloto;Caloto @;JUQUPOCT;Partido
1544;1554;Corregimiento;Tepeaca;Tepeaca;Tepeaca @ Tepeaca y Tecali;JUNEPUTP;Jurisdiccion
1544;1562;Corregimiento;Iztapan;Iztapan y Zacualpan;Zacualpan @ Ixtapan @ Iztapan @ Zacualpa @ Zacualpa e Ixcateopan @ Zacualpa y Escateupan;JUNEMXZP;Jurisdiccion
1544;1562;Corregimiento;Tula;Tula;Tula @;JUNEMXTU;Jurisdiccion
1544;1569;Corregimiento;Ocuituco;Ocuituco;Ocuituco @;JCNEMXOC;Jurisdiccion
1544;1573;Corregimiento;Jacona;Jacona;Zamora y Jacona @ Zamora y Xacona @ Tacona y Zamora;JUNEMIZA;Jurisdiccion
1544;1574;Corregimiento;Zinguiluca;Zinguiluca;Zinguiluca @ Singuiluca @ Cinguiluca;JCNEMXZI;Jurisdiccion
1544;1581;Corregimiento;Jicayan;Jicayan;Jicayan @ Tututepec @ Jamiltepec @ Jamiltepeque @ Xamiltepeque @ Xicayan @ Xicayan y Tututepec;JUNEOAJI;Jurisdiccion
1544;1599;Corregimiento;Guanaxo;Guanaxo;Guanaxo @ Cuanajo @ Guanaxo y Urapa;JCNEMIGU;Jurisdiccion
1544;1599;Corregimiento;Tonatico;Tonatico y Cetusco;Tonatico y Cetusco @ Tonatico y Setusco @;JCNEVCTC;Jurisdiccion
1544;1659;Corregimiento;Xonotla y Tetela;Xonotla y Tetela;Tetela y Jonotla @ Xonotla y Tetela;JUNEPUTJ;Jurisdiccion
1544;1659;Corregimiento;Xonotla y Tetela;Xonotla y Tetela;Tetela y Jonotla @ Xonotla y Tetela;JUNEPUTJ;Provincia_menor
1544;1778;Jurisdiccion;Bacalar;Bacalar;Bacalar @ Salamanca y Presidio de Bacalar;JUNEYUBC;Jurisdiccion
1544;1778;Jurisdiccion;Bacalar;Bacalar;Bacalar @ Salamanca y Presidio de Bacalar;JUNEYUBC;Partido
1544;1794;Jurisdiccion;Tocaima;Tocaima;Tocaima @ La Mesa;JUNGMATO;Jurisdiccion
1544;1808;Jurisdiccion;Tamalameque;Tamalameque;Tamalameque @;JUNGSMTA;Jurisdiccion
1544;1808;Jurisdiccion;Tamalameque;Tamalameque;Tamalameque @;JUNGSMTA;Partido
1544;1808;Obispado;Chiapas;Chiapas;Chiapas @;OBGUCH00;Obispado
1545;1550;Corregimiento;Tlanalapa;Tlanalapa;Tlanalapa @ Tlanalapa;JCNEMXTL;Jurisdiccion
1545;1551;Corregimiento;Atoyaque;Atoyaque;Sayula @ Atoyaque @ Pueblos de Avalos @ Zayula;JUGDGDSY;Provincia_menor
1545;1554;Corregimiento;Tlaxcala;Tlaxcala;Tlaxcala @;JUNETLTL;Jurisdiccion
1545;1554;Corregimiento;Tlaxcala;Tlaxcala;Tlaxcala @;JUNETLTL;Provincia
1545;1559;Corregimiento;Yurirapundaro;Yurirapundaro;Yurirapundaro @ Yurirapandiro;PTNEGJYU;Jurisdiccion
1545;1579;Corregimiento;Amoltepec;Amoltepec;Amoltepec @;JCNEOAAM;Jurisdiccion
1545;1590;Corregimiento;Jiquilpan;Jiquilpan;Jiquilpan @ Xiquilpa @ Xiquilpa y Periban @ Xiquilpa y Perivan @ Xiquilpa, Periban y Tinguindin @ San Juan de Periban @ Xiquilpa y Chilchotla;JUNEMIJI;Jurisdiccion
1545;1599;Corregimiento;Huaniqueo;Huaniqueo;Huaniqueo @ Guaniqueo;JUNEMIHQ;Jurisdiccion
1545;1599;Corregimiento;Necotlan;Necotlan;Necotlan @;JCNEMINE;Jurisdiccion
1545;1645;Corregimiento;Yahualica;Yahualica;Yahualica @ Yagualica @ Yagualica y Sochicoatlan @ Yagualica y Zochicoatlan @ Yagualica y Jochiquiatlan @ Sochiguautla;JUNEMXYA;Jurisdiccion
1545;1645;Corregimiento;Yahualica;Yahualica;Yahualica @ Yagualica @ Yagualica y Sochicoatlan @ Yagualica y Zochicoatlan @ Yagualica y Jochiquiatlan @ Sochiguautla;JUNEMXYA;Provincia_menor
1545;1653;Corregimiento;Totolapa;Totolapa y Tlayacapa;Tlayacapa @ Totolapa;JUNEMXTY;Jurisdiccion
1545;1653;Corregimiento;Totolapa;Totolapa y Tlayacapa;Tlayacapa @ Totolapa;JUNEMXTY;Provincia_menor
1545;1654;Corregimiento;Chilchota;Chilchota;Chilchota @ Chilchotla;JUNEMICH;Jurisdiccion
1545;1654;Corregimiento;Chilchota;Chilchota;Chilchota @ Chilchotla;JUNEMICH;Provincia_menor
1545;1688;Corregimiento;Ixcuintepec;Ixcuintepec y Elotepec;Ixcuintepec Peñoles @ Iscuintepec @ Ixquintepeque @ Ixcuintepec y Elotepec;JUNEOAPE;Jurisdiccion
1545;1688;Corregimiento;Ixcuintepec;Ixcuintepec y Elotepec;Ixcuintepec Peñoles @ Iscuintepec @ Ixquintepeque @ Ixcuintepec y Elotepec;JUNEOAPE;Provincia_menor
1545;1730;Corregimiento;Chietla;Chietla;Chietla @ Chietlan @ Chetla;JUNEPUCE;Jurisdiccion
1545;1730;Corregimiento;Chietla;Chietla;Chietla @ Chietlan @ Chetla;JUNEPUCE;Partido
1545;1730;Corregimiento;Chietla;Chietla;Chietla @ Chietlan @ Chetla;JUNEPUCE;Provincia_menor
1545;1737;Corregimiento;Nochixtlan;Nochixtlan;Nochixtlan @ Nochixtlan y Yanhuitlan @ Nochistlan y Peñoles;JUNEOANO;Jurisdiccion
1545;1737;Corregimiento;Nochixtlan;Nochixtlan;Nochixtlan @ Nochixtlan y Yanhuitlan @ Nochistlan y Peñoles;JUNEOANO;Provincia_menor
1545;1786;Alcaldia Mayor;Temascaltepec;Minas de Temascaltepec;Temascaltepec @ Temazcaltepec y Zultepec @ Minas de Temalzaltepec @ Temascaltepeque y Zultepeque @ Temascaltepeque y Sultepeque;JUNEMXTE;Jurisdiccion
1545;1786;Alcaldia Mayor;Temascaltepec;Minas de Temascaltepec;Temascaltepec @ Temazcaltepec y Zultepec @ Minas de Temalzaltepec @ Temascaltepeque y Zultepeque @ Temascaltepeque y Sultepeque;JUNEMXTE;Provincia_menor
1545;1805;Jurisdiccion;Coro;Coro;Coro @;JUVECACO;Jurisdiccion
1545;1805;Jurisdiccion;Coro;Coro;Coro @;JUVECACO;Partido
1545;1808;Obispado;Quito;Quito;Quito @;OBQUQU00;Obispado
1546;1565;Corregimiento;Tepotzotlan;Tepotzotlan;Tepotzotlan @ Tepozotlan;JCNEMXTZ;Jurisdiccion
1546;1582;Alcaldia Mayor;Tabasco;Tabasco;Tabasco @;JUNETBTB;Jurisdiccion
1546;1582;Alcaldia Mayor;Tabasco;Tabasco;Tabasco @;JUNETBTB;Provincia
1546;1582;Alcaldia Mayor;Tabasco;Tabasco;Tabasco @;JUNETBTB;Provincia_mayor
1546;1582;Alcaldia Mayor;Tabasco;Tabasco;Tabasco @;JUNETBTB;Provincia_menor
1546;1584;Corregimiento;Tuzantla;Tuzantla;Tuzantla @;JCNEMITU;Jurisdiccion
1546;1599;Corregimiento;Ocopetlayuca;Ocopetlayuca;Tochimilco @ Ocopetlayuca @ Ocopetlavaca @ Cochimilco @ Xochimilco @ Juchimilco;JUNEPUTO;Jurisdiccion
1546;1808;Arzobispado;Lima;Lima;Lima @;OBPELI00;Arzobispado
1546;1808;Arzobispado;Lima;Lima;Lima @;OBPELI00;Obispado
1546;1808;Arzobispado;Mexico;Mexico;Mexico @;OBNEMX00;Arzobispado
1546;1808;Arzobispado;Mexico;Mexico;Mexico @;OBNEMX00;Obispado
1546;1808;Jurisdiccion;Antioquia;Antioquia;Antioquia @;JUNGANAN;Jurisdiccion
1546;1808;Jurisdiccion;Antioquia;Antioquia;Antioquia @;JUNGANAN;Partido
1547;1753;Corregimiento;El Valle;Valle de Guatemala;Valle de Guatemala @ Guatemala @ Nueva Guatemala;JUGUGUGU;Jurisdiccion
1547;1753;Corregimiento;El Valle;Valle de Guatemala;Valle de Guatemala @ Guatemala @ Nueva Guatemala;JUGUGUGU;Partido
1547;1753;Corregimiento;El Valle;Valle de Guatemala;Valle de Guatemala @ Guatemala @ Nueva Guatemala;JUGUGUGU;Provincia_menor
1547;1788;Jurisdiccion;Riohacha;Riohacha;Riohacha @ Rio de la Hacha @ Rio Hacha;JUNGSMRH;Jurisdiccion
1547;1788;Jurisdiccion;Riohacha;Riohacha;Riohacha @ Rio de la Hacha @ Rio Hacha;JUNGSMRH;Partido
1547;1808;Obispado;Paraguay;Paraguay;Paraguay @;OBRPPA00;Obispado
1547;1808;Obispado;Popayan;Popayan;Popayan @;OBQUPO00;Obispado
1547;1808;Partido;Atitan;Atitan;Atitan @ Atitlan;PTGUGUAT;Partido
1548;1630;Corregimiento;Cuicatlan;Cuicatlan;Cuicatlan @ Cuicatlan y Tecomavaca;JCNEOACT;Jurisdiccion
1548;1630;Corregimiento;Cuicatlan;Cuicatlan;Cuicatlan @ Cuicatlan y Tecomavaca;JCNEOACT;Provincia_menor
1548;1650;Alcaldia Mayor;Xilotepec;Xilotepec y Fronteras Chichimecas;Huichapan @ Xilotepec @ Guichapa @ Jilotepec @ Xilotepeque @ Jilotepeque @ Guachiapa @ Hueychiapa @ Gilotepec y Guichapa @ Huichiapa;JUNEMXHU;Jurisdiccion
1548;1650;Alcaldia Mayor;Xilotepec;Xilotepec y Fronteras Chichimecas;Huichapan @ Xilotepec @ Guichapa @ Jilotepec @ Xilotepeque @ Jilotepeque @ Guachiapa @ Hueychiapa @ Gilotepec y Guichapa @ Huichiapa;JUNEMXHU;Provincia_menor
1548;1689;Corregimiento;Juxtlahuaca;Juxtlahuaca;Juxtlahuaca @ Tustlahuaca @ Tuxtlahuaca @ Justlahuaca @ Juxtlahuaca y Hicpaltepeque;JUNEOAJU;Jurisdiccion
1548;1689;Corregimiento;Juxtlahuaca;Juxtlahuaca;Juxtlahuaca @ Tustlahuaca @ Tuxtlahuaca @ Justlahuaca @ Juxtlahuaca y Hicpaltepeque;JUNEOAJU;Provincia_menor
1548;1709;Alcaldia Mayor;Acapulco;Acapulco;Acapulco @ Ciudad de los Reyes @ Santos Reyes;JUNEMXAC;Jurisdiccion
1548;1709;Alcaldia Mayor;Acapulco;Acapulco;Acapulco @ Ciudad de los Reyes @ Santos Reyes;JUNEMXAC;Partido
1548;1709;Alcaldia Mayor;Acapulco;Acapulco;Acapulco @ Ciudad de los Reyes @ Santos Reyes;JUNEMXAC;Provincia_menor
1548;1771;Corregimiento;Quito;Quito;Quito @;JUQUQUQU;Jurisdiccion
1548;1771;Corregimiento;Quito;Quito;Quito @;JUQUQUQU;Partido
1548;1771;Corregimiento;Quito;Quito;Quito @;JUQUQUQU;Provincia_menor
1548;1783;Corregimiento;Cuzco;Cuzco;Cuzco @;JUPECUCU;Jurisdiccion
1548;1783;Corregimiento;Cuzco;Cuzco;Cuzco @;JUPECUCU;Partido
1548;1783;Corregimiento;Cuzco;Cuzco;Cuzco @;JUPECUCU;Provincia_menor
1548;1797;Arzobispado;Santo Domingo;Santo Domingo;Santo Domingo @;OBSDSD00;Arzobispado
1548;1797;Arzobispado;Santo Domingo;Santo Domingo;Santo Domingo @;OBSDSD00;Obispado
1548;1808;Audiencia Real;Guadalajara;Guadalajara;Guadalajara @ Nueva Galicia;AUGD0000;Audiencia
1548;1808;Obispado;Guadalajara;Guadalajara;Guadalajara @;OBGDGD00;Obispado
1549;1558;Corregimiento;Ozelotepec;Ozelotepec;Ozelotepec @ Ozelotepeque;JCNEOAOZ;Jurisdiccion
1549;1560;Alcaldia Mayor;Minas de Ixmiquilpan;Minas de Ixmiquilpan;Ixmiquilpan @ Esmiquilpa;JUNEMXIM;Provincia_menor
1549;1564;Audiencia Real;Guatemala;Los Confines;Guatemala @ Confines @ Los Confines @ Los Confines de Guatemala y Nicaragua;AUCO0000;Audiencia
1549;1565;Alcaldia Mayor-Corregimiento;Minas de Ayoteca;Minas de Ayoteca y Chiautla;Chiautla @ Chiautla de la Sal @ Chiautla de la Sal y Teocalco @;JUNEPUCT;Jurisdiccion
1549;1565;Alcaldia Mayor-Corregimiento;Minas de Ayoteca;Minas de Ayoteca y Chiautla;Chiautla @ Chiautla de la Sal @ Chiautla de la Sal y Teocalco @;JUNEPUCT;Provincia_menor
1549;1786;Alcaldia Mayor;Etzatlan;Etzatlan;Etzatlan @ Izatlan @ Ahualulco @ Agualulco @ Ezatlan;JUGDGDET;Jurisdiccion
1549;1786;Alcaldia Mayor;Etzatlan;Etzatlan;Etzatlan @ Izatlan @ Ahualulco @ Agualulco @ Ezatlan;JUGDGDET;Partido
1549;1786;Alcaldia Mayor;Etzatlan;Etzatlan;Etzatlan @ Izatlan @ Ahualulco @ Agualulco @ Ezatlan;JUGDGDET;Provincia_menor
1549;1789;Corregimiento;Tonala;Tonala;Tonala @ Tonala y San Pedro;JUGDGDTN;Jurisdiccion
1549;1789;Corregimiento;Tonala;Tonala;Tonala @ Tonala y San Pedro;JUGDGDTN;Partido
1549;1793;Alcaldia Mayor;Lagos;Lagos;Lagos @ Lagos y Pueblos Llanos;JUGDGDLA;Jurisdiccion
1549;1793;Alcaldia Mayor;Lagos;Lagos;Lagos @ Lagos y Pueblos Llanos;JUGDGDLA;Partido
1549;1793;Alcaldia Mayor;Lagos;Lagos;Lagos @ Lagos y Pueblos Llanos;JUGDGDLA;Provincia_menor
1549;1794;Jurisdiccion;Pamplona;Pamplona;Pamplona @;JUNGPPPP;Jurisdiccion
1549;1794;Jurisdiccion;Pamplona;Pamplona;Pamplona @;JUNGPPPP;Partido
1550;1554;Corregimiento;Puebla;Puebla;Puebla @ Los Angeles @ Cuctlaxohuapan;JUNEPUPU;Jurisdiccion
1550;1554;Corregimiento;Puebla;Puebla;Puebla @ Los Angeles @ Cuctlaxohuapan;JUNEPUPU;Provincia_menor
1550;1599;Alcaldia Mayor;Huatulco;Puerto de Huatulco;Huatulco @;JUNEOAHT;Provincia_menor
1550;1600;Corregimiento;Maravatio;Maravatio;Maravatio @ Maravatio @ Zitacuaro @ Zitacuaro y Angangueo @ Maravatio y Zamora @ Villa de Peñaranda de Bracamonte;JUNEMIMA;Jurisdiccion
1550;1600;Corregimiento;Maravatio;Maravatio;Maravatio @ Maravatio @ Zitacuaro @ Zitacuaro y Angangueo @ Maravatio y Zamora @ Villa de Peñaranda de Bracamonte;JUNEMIMA;Provincia_menor
1550;1649;Corregimiento;Huejutla;Huejutla;Huejutla @ Huexutla @ Guejutla @ Guaxutla @;JUNEMXHJ;Jurisdiccion
1550;1649;Corregimiento;Huejutla;Huejutla;Huejutla @ Huexutla @ Guejutla @ Guaxutla @;JUNEMXHJ;Provincia_menor
1550;1716;Gobernacion-Capitania General;Nuevo Reino de Granada;Nuevo Reino de Granada;Nueva Granada @ Santa Fe @ Nuevo Reino de Granada;SUNG0000;Principal
1550;1754;Corregimiento;Mariquita;Tocaima, Ibague y Mariquita;Mariquita @ Tocaima y Bague @ Tocaima, Ibague y Mariquita @ Tocaima y Mariquita @ Tocaima, Bague y ciudad de Mariquita y demas pueblos de tierra caliente;PRNGMA00;Provincia
1550;1754;Corregimiento;Mariquita;Tocaima, Ibague y Mariquita;Mariquita @ Tocaima y Bague @ Tocaima, Ibague y Mariquita @ Tocaima y Mariquita @ Tocaima, Bague y ciudad de Mariquita y demas pueblos de tierra caliente;PRNGMA00;Provincia_menor
1550;1808;Audiencia Real;Santa Fe;Santa Fe;Santa Fe @ Nuevo Reino de Granada;AUSF0000;Audiencia
1550;1808;Provincia;Santa Fe;Nuevo Reino de Granada;Santa Fe @ Santafe de Bogota;PRNGSF00;Provincia
1550;1808;Provincia;Santa Fe;Nuevo Reino de Granada;Santa Fe @ Santafe de Bogota;PRNGSF00;Provincia_mayor
1550;1808;Provincia;Santa Fe;Nuevo Reino de Granada;Santa Fe @ Santafe de Bogota;PRNGSF00;Provincia_menor
1550;1808;Tenencia de gobierno;Valledupar;Valledupar;Valledupar @ Valle de Upar;JUNGSMVA;Jurisdiccion
1550;1808;Tenencia de gobierno;Valledupar;Valledupar;Valledupar @ Valle de Upar;JUNGSMVA;Partido
1551;1564;Corregimiento;Taimeo;Taimeo;Taimeo @ Minas de Ozumatlan;JCNEMIOZ;Jurisdiccion
1551;1599;Corregimiento;Tiripetio;Tiripetio;Tiripetio @ Tiripitio;JUNEMITI;Jurisdiccion
1551;1599;Corregimiento;Zayula;Zayula;Zayula @ Zayula y Tlauililpa @ Sayula;JCNEMXZA;Jurisdiccion
1551;1686;Corregimiento;Zimatlan;Zimatlan;Zimatlan @ Cimatlan @ Zimatlan y Tepezimatlan @ Cimatlan y Tepecimatlan @ Zimatlan y Chichicapa;JUNEOAZI;Jurisdiccion
1551;1686;Corregimiento;Zimatlan;Zimatlan;Zimatlan @ Cimatlan @ Zimatlan y Tepezimatlan @ Cimatlan y Tepecimatlan @ Zimatlan y Chichicapa;JUNEOAZI;Provincia_menor
1551;1714;Corregimiento;Acasaguastlan;Acasaguastlan;Acasaguastlan @ Zacapa @ Casablastran @ Casalbastran @ Casabeltran;JUGUGUAC;Jurisdiccion
1551;1714;Corregimiento;Acasaguastlan;Acasaguastlan;Acasaguastlan @ Zacapa @ Casablastran @ Casalbastran @ Casabeltran;JUGUGUAC;Partido
1551;1714;Corregimiento;Acasaguastlan;Acasaguastlan;Acasaguastlan @ Zacapa @ Casablastran @ Casalbastran @ Casabeltran;JUGUGUAC;Provincia_menor
1551;1768;Alcaldia Mayor;Chalco;Chalco;Chalco @ Chalco y Tlalmanalco @ Chalco-Tlalmanalco @ Chalco Talmanalco @ Chalco y Tlayacapa @ Chalco y Hayacapa @ Chalco Talmanalco @ Chalco Talmanalco, agregao de Tlayacapa;JUNEMXCH;Jurisdiccion
1551;1768;Alcaldia Mayor;Chalco;Chalco;Chalco @ Chalco y Tlalmanalco @ Chalco-Tlalmanalco @ Chalco Talmanalco @ Chalco y Tlayacapa @ Chalco y Hayacapa @ Chalco Talmanalco @ Chalco Talmanalco, agregao de Tlayacapa;JUNEMXCH;Provincia_menor
1551;1786;Alcaldia Mayor;Autlan;Autlan y Puerto de Navidad;Autlan @ Autlan y Puerto de la Navidad;JUGDGDAU;Jurisdiccion
1551;1786;Alcaldia Mayor;Autlan;Autlan y Puerto de Navidad;Autlan @ Autlan y Puerto de la Navidad;JUGDGDAU;Partido
1551;1786;Alcaldia Mayor;Autlan;Autlan y Puerto de Navidad;Autlan @ Autlan y Puerto de la Navidad;JUGDGDAU;Provincia_menor
1551;1786;Alcaldia Mayor;Malinalco;Malinalco;Malinalco @ Tenancingo @ Maninalco;JUNEMXMA;Jurisdiccion
1551;1786;Alcaldia Mayor;Malinalco;Malinalco;Malinalco @ Tenancingo @ Maninalco;JUNEMXMA;Partido
1551;1786;Alcaldia Mayor;Malinalco;Malinalco;Malinalco @ Tenancingo @ Maninalco;JUNEMXMA;Provincia_menor
1551;1786;Alcaldia Mayor;Michoacan;Michoacan;Valladolid @ Michoacan @ Mechoacan @ Tzintzuntzan @ Patzcuaro @ Valladolid y Patzcuaro @ Pasquaro @ Valladolid, Patzcuaro, Jaso y Teremendo;JUNEMIVA;Jurisdiccion
1551;1786;Alcaldia Mayor;Michoacan;Michoacan;Valladolid @ Michoacan @ Mechoacan @ Tzintzuntzan @ Patzcuaro @ Valladolid y Patzcuaro @ Pasquaro @ Valladolid, Patzcuaro, Jaso y Teremendo;JUNEMIVA;Partido
1551;1786;Alcaldia Mayor;Michoacan;Michoacan;Valladolid @ Michoacan @ Mechoacan @ Tzintzuntzan @ Patzcuaro @ Valladolid y Patzcuaro @ Pasquaro @ Valladolid, Patzcuaro, Jaso y Teremendo;JUNEMIVA;Provincia_menor
1551;1789;Partido;Patzcuaro;Patzcuaro;Patzcuaro @;JUNEMIPA;Partido
1551;1808;Jurisdiccion;La Plata;La Plata;La Plata @;JUNGNELP;Jurisdiccion
1551;1808;Jurisdiccion;La Plata;La Plata;La Plata @;JUNGNELP;Partido
1551;1808;Jurisdiccion;Mariquita;Mariquita;Mariquita @;JUNGMAMA;Jurisdiccion
1551;1808;Jurisdiccion-Tenencia de gobierno;Almaguer;Almaguer;Almaguer @;JUQUPOAL;Jurisdiccion
1551;1808;Jurisdiccion-Tenencia de gobierno;Almaguer;Almaguer;Almaguer @;JUQUPOAL;Partido
1552;1590;Corregimiento;Sichu;Sichu y Puxinguia;San Luis de la Paz @ Minas de Sichu y los Pozos @ Minas de Sichu @ Minas de Xichu @ Sichu y Puxinguia;JUNEGJSP;Jurisdiccion
1552;1590;Corregimiento;Sichu;Sichu y Puxinguia;San Luis de la Paz @ Minas de Sichu y los Pozos @ Minas de Sichu @ Minas de Xichu @ Sichu y Puxinguia;JUNEGJSP;Provincia_menor
1552;1599;Alcaldia Mayor;Valle de Oaxaca;Valle de Oaxaca;Antequera @;JUNEOAAN;Jurisdiccion
1552;1599;Alcaldia Mayor;Valle de Oaxaca;Valle de Oaxaca;Antequera @;JUNEOAAN;Provincia_menor
1552;1599;Alcaldia Mayor-Corregimiento;Pachuca;Pachuca y Tesayuca;Pachuca @ Tizayuca y Zapotlan @ Pachuca y Tesayuca @ Pachuca y Tizayuca @ Minas de Pachuca;JUNEMXPA;Jurisdiccion
1552;1599;Alcaldia Mayor-Corregimiento;Pachuca;Pachuca y Tesayuca;Pachuca @ Tizayuca y Zapotlan @ Pachuca y Tesayuca @ Pachuca y Tizayuca @ Minas de Pachuca;JUNEMXPA;Provincia_menor
1552;1614;Alcaldia Mayor;Pueblos de Avalos;Pueblos de Avalos;Sayula @ Atoyaque @ Pueblos de Avalos @ Zayula;JUGDGDSY;Provincia_menor
1552;1688;Alcaldia Mayor;Teposcolula;Teposcolula;Teposcolula @ Teposcolula y Yanguitlan @ Teposcolula y Anguitlan @ Teposcolula y Yanhuitlan;JUNEOATP;Jurisdiccion
1552;1688;Alcaldia Mayor;Teposcolula;Teposcolula;Teposcolula @ Teposcolula y Yanguitlan @ Teposcolula y Anguitlan @ Teposcolula y Yanhuitlan;JUNEOATP;Provincia_menor
1552;1762;Corregimiento;Guayaquil;Guayaquil;Guayaquil @;PRQUGQ00;Provincia
1552;1762;Corregimiento;Guayaquil;Guayaquil;Guayaquil @;PRQUGQ00;Provincia_menor
1552;1762;Tenencia de corregimiento;Puerto Viejo;Puerto Viejo;Puerto Viejo @;JUQUGQPV;Jurisdiccion
1552;1762;Tenencia de corregimiento;Puerto Viejo;Puerto Viejo;Puerto Viejo @;JUQUGQPV;Partido
1552;1786;Alcaldia Mayor;Texcoco;Texcoco;Texcoco @ Tescoco @ Tescuco @ Tezcuco @ Tetzcoco @ Tetzcuco @ Acolhuacan;JUNEMXTX;Jurisdiccion
1552;1786;Alcaldia Mayor;Texcoco;Texcoco;Texcoco @ Tescoco @ Tescuco @ Tezcuco @ Tetzcoco @ Tetzcuco @ Acolhuacan;JUNEMXTX;Partido
1552;1786;Alcaldia Mayor;Texcoco;Texcoco;Texcoco @ Tescoco @ Tescuco @ Tezcuco @ Tetzcoco @ Tetzcuco @ Acolhuacan;JUNEMXTX;Provincia_menor
1553;1640;Corregimiento;Teciutlan y Atempa;Teciutlan y Atempa;Teziutlan @ Teciutlan y Atempa @ Teuzitlan @ Teusitlan y Atempa @ Tesiutlan @;JUNEPUTZ;Jurisdiccion
1553;1640;Corregimiento;Teciutlan y Atempa;Teciutlan y Atempa;Teziutlan @ Teciutlan y Atempa @ Teuzitlan @ Teusitlan y Atempa @ Tesiutlan @;JUNEPUTZ;Provincia_menor
1553;1688;Alcaldia Mayor;Yanhuitlan;Yanhuitlan;Yanhuitlan @ Tonaltepec y Zoyaltepec @ Ianguitlan @ Anguitlan;JUNEOAYA;Jurisdiccion
1553;1688;Alcaldia Mayor;Yanhuitlan;Yanhuitlan;Yanhuitlan @ Tonaltepec y Zoyaltepec @ Ianguitlan @ Anguitlan;JUNEOAYA;Provincia_menor
1554;1668;Corregimiento;Ixtepeji;Ixtepeji;Ixtepeji @ Ixtepexi @ Iztepexi;JUNEOAIX;Jurisdiccion
1554;1668;Corregimiento;Ixtepeji;Ixtepeji;Ixtepeji @ Ixtepexi @ Iztepexi;JUNEOAIX;Provincia_menor
1554;1774;Tenencia de gobierno;Macas;Macas;Macas @ Sevilla de Oro;JUQUMCMC;Jurisdiccion
1554;1786;Alcaldia Mayor;Tehuacan;Tehuacan;Tehuacan @ Tehuacan de las Granadas @ Tehuacan y Teutitlan;JUNEPUTH;Jurisdiccion
1554;1786;Alcaldia Mayor;Tehuacan;Tehuacan;Tehuacan @ Tehuacan de las Granadas @ Tehuacan y Teutitlan;JUNEPUTH;Partido
1554;1786;Alcaldia Mayor;Tehuacan;Tehuacan;Tehuacan @ Tehuacan de las Granadas @ Tehuacan y Teutitlan;JUNEPUTH;Provincia_menor
1554;1808;Partido;Macas;Macas;Macas @;PTQUMCMC;Partido
1554;1808;Partido;Quijos;Quijos;Quijos @;PTQUQJQJ;Jurisdiccion
1554;1808;Partido;Quijos;Quijos;Quijos @;PTQUQJQJ;Partido
1555;1582;Alcaldia Mayor;Toluca;Toluca y Valle de Matalcingo;Toluca @;JUNEMXTO;Jurisdiccion
1555;1582;Alcaldia Mayor;Toluca;Toluca y Valle de Matalcingo;Toluca @;JUNEMXTO;Provincia_menor
1555;1586;Alcaldia Mayor;Tlaxcala;Tlaxcala;Tlaxcala @;JUNETLTL;Jurisdiccion
1555;1586;Alcaldia Mayor;Tlaxcala;Tlaxcala;Tlaxcala @;JUNETLTL;Provincia
1555;1586;Alcaldia Mayor;Tlaxcala;Tlaxcala;Tlaxcala @;JUNETLTL;Provincia_menor
1555;1595;Tenencia de Alcaldia Mayor;Valle de Matalcingo;Valle de Matalcingo;Ixtlahuaca @ Mequetepeque @ Istlavaca @ Valle de Matalcingo @ Huitzitzilapa y Valle de Matalcingo @ Ixtlahuaca y Metepec @ Ixtlahuac @ Istlehusicar @ Istlaguaca y Metepeque;JUNEMXIH;Provincia_menor
1555;1611;Corregimiento;Tinguindin;Tinguindin y Tacascuaro;Tinguindin @ Tinhuindin @ Periban y Tinguindin @ y Tacascuaro @ y Chocandiran @ Chocaman;JUNEMITG;Jurisdiccion
1555;1611;Corregimiento;Tinguindin;Tinguindin y Tacascuaro;Tinguindin @ Tinhuindin @ Periban y Tinguindin @ y Tacascuaro @ y Chocandiran @ Chocaman;JUNEMITG;Provincia_menor
1555;1709;Alcaldia Mayor;Tepeaca;Tepeaca y Tecali;Tepeaca @ Tepeaca y Tecali;JUNEPUTP;Jurisdiccion
1555;1709;Alcaldia Mayor;Tepeaca;Tepeaca y Tecali;Tepeaca @ Tepeaca y Tecali;JUNEPUTP;Partido
1555;1709;Alcaldia Mayor;Tepeaca;Tepeaca y Tecali;Tepeaca @ Tepeaca y Tecali;JUNEPUTP;Provincia_menor
1555;1754;Alcaldia Mayor;Puebla;Puebla;Puebla @ Los Angeles @ Cuctlaxohuapan;JUNEPUPU;Jurisdiccion
1555;1754;Alcaldia Mayor;Puebla;Puebla;Puebla @ Los Angeles @ Cuctlaxohuapan;JUNEPUPU;Provincia_menor
1555;1764;Jurisdiccion;Llanos de San Juan;Llanos de San Juan;San Juan @ San Juan de los Llanos;JUNGLLSJ;Jurisdiccion
1555;1764;Jurisdiccion;Llanos de San Juan;Llanos de San Juan;San Juan @ San Juan de los Llanos;JUNGLLSJ;Partido
1555;1808;Jurisdiccion;Valencia;Valencia;Valencia @;JUVECAVA;Jurisdiccion
1555;1808;Jurisdiccion;Valencia;Valencia;Valencia @;JUVECAVA;Partido
1556;1592;Gobernacion;Yaguarzongo;Yaguarzongo y Pacamoros;Yaguarzongo @ Yaguarsongo;PRQUYA00;Provincia
1556;1592;Gobernacion;Yaguarzongo;Yaguarzongo y Pacamoros;Yaguarzongo @ Yaguarsongo;PRQUYA00;Provincia_menor
1556;1618;Alcaldia Mayor;Hueytlalpan;Hueytlalpan;Zacatlan de las Manzanas @ Gueytlalpa @ Teutalpa e Iztepec @ Hueytlalpan;JUNEPUZM;Jurisdiccion
1556;1618;Alcaldia Mayor;Hueytlalpan;Hueytlalpan;Zacatlan de las Manzanas @ Gueytlalpa @ Teutalpa e Iztepec @ Hueytlalpan;JUNEPUZM;Provincia_menor
1556;1769;Alcaldia Mayor;Teutila;Teutila;Teutila @ Teutila y Chinantla @ Teutila y Rio Alvarado;JUNEOATL;Jurisdiccion
1556;1769;Alcaldia Mayor;Teutila;Teutila;Teutila @ Teutila y Chinantla @ Teutila y Rio Alvarado;JUNEOATL;Provincia_menor
1557;1599;Corregimiento;Tequecistlan;Tequecistlan;Teotihuacan @ San Juan Teotihuacan @ Tequecistlan;JUNEMXTH;Jurisdiccion
1557;1639;Corregimiento;Zempoala;Tlalquilpan y Zempoala;Zempoala @ Cempoala @ Zempoala y Tequicistlan @ Tlalquilpan y Zempoala;JUNEMXZE;Jurisdiccion
1557;1639;Corregimiento;Zempoala;Tlalquilpan y Zempoala;Zempoala @ Cempoala @ Zempoala y Tequicistlan @ Tlalquilpan y Zempoala;JUNEMXZE;Provincia_menor
1557;1792;Jurisdiccion-Tenencia de gobierno;Buga;Buga;Buga @;JUQUPOBU;Jurisdiccion
1557;1792;Jurisdiccion-Tenencia de gobierno;Buga;Buga;Buga @;JUQUPOBU;Partido
1557;1808;Jurisdiccion;Cuenca;Cuenca;Cuenca @;JUQUCUCU;Partido
1557;1808;Jurisdiccion;Cuenca;Cuenca;Cuenca @;JUQUCUCU;Provincia_menor
1557;1808;Jurisdiccion;Trujillo;Trujillo;Trujillo @;JUVECATR;Jurisdiccion
1557;1808;Jurisdiccion;Trujillo;Trujillo;Trujillo @;JUVECATR;Partido
1558;1599;Alcaldia Mayor;Minas de Tornacustla;Minas de Tornacustla;Tetepango @ Tetepango Hueypustla @ Gueispustla @ Huipuxtla @ Tetepango y Misquiaguala @ Tetepango y Mixquiahuala @ Tetepango y Mizquiahuala @ Tetepango y Atitalaquia @ Misquiaguala y Atitalaquia @ Tetepango, Misquiaguala y Atitalaquia @ Tetepango y Quipus;JUNEMXTP;Jurisdiccion
1558;1599;Alcaldia Mayor;Minas de Tornacustla;Minas de Tornacustla;Tetepango @ Tetepango Hueypustla @ Gueispustla @ Huipuxtla @ Tetepango y Misquiaguala @ Tetepango y Mixquiahuala @ Tetepango y Mizquiahuala @ Tetepango y Atitalaquia @ Misquiaguala y Atitalaquia @ Tetepango, Misquiaguala y Atitalaquia @ Tetepango y Quipus;JUNEMXTP;Provincia_menor
1558;1679;Alcaldia Mayor;Xalapa;Xalapa;Xalapa @ Xalapa de la Feria @ Xalapa y Xalacingo @ Chapultepec y Maltrata;JUNEVCXA;Jurisdiccion
1558;1679;Alcaldia Mayor;Xalapa;Xalapa;Xalapa @ Xalapa de la Feria @ Xalapa y Xalacingo @ Chapultepec y Maltrata;JUNEVCXA;Provincia_menor
1558;1700;Alcaldia Mayor;Xalapa;Xalapa, Cintla y Acatlan;Igualapa @ Ometepeque @ Igualapa, Xalapa y Cintla @ Ygualapam @ Xalapa @ Xalapa, Cintla y Acatlan @ Xalapa de la Costa;JUNEPUIG;Jurisdiccion
1558;1700;Alcaldia Mayor;Xalapa;Xalapa, Cintla y Acatlan;Igualapa @ Ometepeque @ Igualapa, Xalapa y Cintla @ Ygualapam @ Xalapa @ Xalapa, Cintla y Acatlan @ Xalapa de la Costa;JUNEPUIG;Provincia_menor
1558;1730;Alcaldia Mayor;Acatlan;Acatlan y Piastla;Acatlan @ Acatlan y Piaxtla @ Acatlan y Piastla;JUNEPUAC;Jurisdiccion
1558;1730;Alcaldia Mayor;Acatlan;Acatlan y Piastla;Acatlan @ Acatlan y Piaxtla @ Acatlan y Piastla;JUNEPUAC;Partido
1558;1730;Alcaldia Mayor;Acatlan;Acatlan y Piastla;Acatlan @ Acatlan y Piaxtla @ Acatlan y Piastla;JUNEPUAC;Provincia_menor
1558;1786;Alcaldia Mayor;Sombrerete;Sombrerete;Sombrerete @ Llerena Real @ Minas de San Martin y Avino;JUGDZASO;Jurisdiccion
1558;1786;Alcaldia Mayor;Sombrerete;Sombrerete;Sombrerete @ Llerena Real @ Minas de San Martin y Avino;JUGDZASO;Partido
1558;1786;Alcaldia Mayor;Sombrerete;Sombrerete;Sombrerete @ Llerena Real @ Minas de San Martin y Avino;JUGDZASO;Provincia_menor
1558;1808;Partido;Santiago;Santiago de las Montañas;Santiago de las Montañas @ Bracamoros;PTQUJASA;Partido
1559;1578;Alcaldia Mayor;Minas de Zumpango;Minas de Zumpango y provincia de Tlapa;Tixtla @ Tistla @ Tixtla y Chilapa @ Minas de Zumpango @ Minas de Zumpango y provincia de Tlapa;JUNEMXTI;Jurisdiccion
1559;1578;Alcaldia Mayor;Minas de Zumpango;Minas de Zumpango y provincia de Tlapa;Tixtla @ Tistla @ Tixtla y Chilapa @ Minas de Zumpango @ Minas de Zumpango y provincia de Tlapa;JUNEMXTI;Provincia_menor
1559;1578;Corregimiento;Tlapa;Tlapa;Tlapa @ Tlapan;JUNEPUTL;Jurisdiccion
1559;1598;Corregimiento;Chichicapa;Chichicapa;Chichicapa @ Santa Catalina de Chichicapa @ Chichicapa y Tetiquipa;JCNEOACC;Jurisdiccion
1559;1598;Corregimiento;Tetiquipa;Tetiquipa;Tetiquipa @ Tetiquipa y Rio Hondo @ Rio Hondo;JCNEOATQ;Jurisdiccion
1559;1783;Gobernacion;Charcas;Charcas;Charcas @ Chuquisaca;PRCCCC00;Provincia
1559;1783;Gobernacion;Charcas;Charcas;Charcas @ Chuquisaca;PRCCCC00;Provincia_mayor
1559;1786;Alcaldia Mayor;Guanajuato;Minas de Guanajuato;Guanajuato @ Guanaxuato;JUNEGJGJ;Jurisdiccion
1559;1786;Alcaldia Mayor;Guanajuato;Minas de Guanajuato;Guanajuato @ Guanaxuato;JUNEGJGJ;Partido
1559;1786;Alcaldia Mayor;Guanajuato;Minas de Guanajuato;Guanajuato @ Guanaxuato;JUNEGJGJ;Provincia_menor
1559;1786;Alcaldia Mayor;Izucar;Izucar;Izucar @ Izucar, Aguatlan y Teopantlan;JUNEPUIZ;Jurisdiccion
1559;1786;Alcaldia Mayor;Izucar;Izucar;Izucar @ Izucar, Aguatlan y Teopantlan;JUNEPUIZ;Partido
1559;1786;Alcaldia Mayor;Izucar;Izucar;Izucar @ Izucar, Aguatlan y Teopantlan;JUNEPUIZ;Provincia_menor
1559;1808;Audiencia Real;Charcas;Charcas;Charcas @;AUCC0000;Audiencia
1560;1570;Jurisdiccion;Acambaro;Acambaro;Acambaro @;PTNEGJAC;Jurisdiccion
1560;1599;Corregimiento;Zoyaltepec;Zoyaltepec y Zoyatlan;Zoyaltepec @ Zoyaltepec y Zoyatlan @ Zoyaltepec y Coyatlan @ Coyatlan y Amatlan;JCNEOAZO;Jurisdiccion
1560;1715;Gobernacion-Capitania General;Veragua;Veragua;Veragua @ Veraguas;PRNGVE00;Provincia
1560;1715;Gobernacion-Capitania General;Veragua;Veragua;Veragua @ Veraguas;PRNGVE00;Provincia_menor
1560;1720;Alcaldia Mayor;Zapotitlan;Zapotitlan y San Antonio de Suchiltepequez;Suchiltepequez @ San Antonio @ Suchitepeque @ Suchiltepeques @ Zapotitlan y San Antonio de Suchiltepeques;JUGUGUSU;Jurisdiccion
1560;1720;Alcaldia Mayor;Zapotitlan;Zapotitlan y San Antonio de Suchiltepequez;Suchiltepequez @ San Antonio @ Suchitepeque @ Suchiltepeques @ Zapotitlan y San Antonio de Suchiltepeques;JUGUGUSU;Partido
1560;1720;Alcaldia Mayor;Zapotitlan;Zapotitlan y San Antonio de Suchiltepequez;Suchiltepequez @ San Antonio @ Suchitepeque @ Suchiltepeques @ Zapotitlan y San Antonio de Suchiltepeques;JUGUGUSU;Provincia_menor
1560;1763;Corregimiento;Chiquimula;Chiquimula;Chiquimula @ Chiquimula y Acasaguastlan @ Chiquimula y Zacapa;JUGUGUCM;Jurisdiccion
1560;1763;Corregimiento;Chiquimula;Chiquimula;Chiquimula @ Chiquimula y Acasaguastlan @ Chiquimula y Zacapa;JUGUGUCM;Partido
1560;1763;Corregimiento;Chiquimula;Chiquimula;Chiquimula @ Chiquimula y Acasaguastlan @ Chiquimula y Zacapa;JUGUGUCM;Provincia_menor
1560;1779;Alcaldia Mayor;Motines;Motines;Motines @ Motines del Oro @ Coahuayana @ Coahuayana @ Coayaguana;JUNEMIMO;Jurisdiccion
1560;1779;Alcaldia Mayor;Motines;Motines;Motines @ Motines del Oro @ Coahuayana @ Coahuayana @ Coayaguana;JUNEMIMO;Partido
1560;1779;Alcaldia Mayor;Motines;Motines;Motines @ Motines del Oro @ Coahuayana @ Coahuayana @ Coayaguana;JUNEMIMO;Provincia_menor
1560;1786;Alcaldia Mayor;Metztitlan;Metztitlan;Metztitlan @ Meztitlan @ Mextitlan @ Metztitlan de la Sierra @ Meztitlan @ Meztitlan de la Sierra, Molango y Malila;JUNEMXMT;Jurisdiccion
1560;1786;Alcaldia Mayor;Metztitlan;Metztitlan;Metztitlan @ Meztitlan @ Mextitlan @ Metztitlan de la Sierra @ Meztitlan @ Meztitlan de la Sierra, Molango y Malila;JUNEMXMT;Partido
1560;1786;Alcaldia Mayor;Metztitlan;Metztitlan;Metztitlan @ Meztitlan @ Mextitlan @ Metztitlan de la Sierra @ Meztitlan @ Meztitlan de la Sierra, Molango y Malila;JUNEMXMT;Provincia_menor
1560;1788;Jurisdiccion;Remedios;Remedios;Remedios @;JUNGANRE;Jurisdiccion
1560;1788;Jurisdiccion;Remedios;Remedios;Remedios @;JUNGANRE;Partido
1560;1808;Alcaldia Mayor;Verapaz;Verapaz;Verapaz @;JUGUGUVE;Jurisdiccion
1560;1808;Alcaldia Mayor;Verapaz;Verapaz;Verapaz @;JUGUGUVE;Partido
1560;1808;Alcaldia Mayor;Verapaz;Verapaz;Verapaz @;JUGUGUVE;Provincia_menor
1561;1599;Corregimiento;Tlacozautitlan;Tlacozautitlan;Tlacozautitlan @ Tlalcozautitlan;JCNEMXTC;Jurisdiccion
1561;1600;Corregimiento;Tenamastlan;Tenamastlan;Tenamastlan @ Tenamaxtlan;JCGDGDTM;Jurisdiccion
1561;1602;Obispado;Verapaz;Verapaz;Verapaz @ Vera Paz;OBGUVP00;Obispado
1561;1609;Alcaldia Mayor;Minas de Palmarejo;Minas de Palmarejo;Ameca @;JCGDGDAM;Provincia_menor
1561;1626;Corregimiento;Citlaltepeque;Citlaltepeque, Tequisquiapa y Xilocingo;Zumpango @ Xilocingo @ Jilocingo @ Citlaltepeque @ Citlaltepec @ Zitlaltepec @ Xilocingo, Tlaltepec y Texisquiac @ Citlaltepeque, Tequisquiapa y Xilocingo;JUNEMXZM;Jurisdiccion
1561;1626;Corregimiento;Citlaltepeque;Citlaltepeque, Tequisquiapa y Xilocingo;Zumpango @ Xilocingo @ Jilocingo @ Citlaltepeque @ Citlaltepec @ Zitlaltepec @ Xilocingo, Tlaltepec y Texisquiac @ Citlaltepeque, Tequisquiapa y Xilocingo;JUNEMXZM;Provincia_menor
1561;1673;Corregimiento;Tetela del Volcan;Tetela del Volcan;Tetela del Volcan @;JUNEMXTT;Jurisdiccion
1561;1673;Corregimiento;Tetela del Volcan;Tetela del Volcan;Tetela del Volcan @;JUNEMXTT;Provincia_menor
1561;1689;Corregimiento;Mizquiaguala;Mizquiaguala;Mizquiaguala @ Mizquiahuala @  Misquiahuala @ Atengo  y Misquiahuala @ Mixquiahuala;JUNEMXMI;Jurisdiccion
1561;1689;Corregimiento;Mizquiaguala;Mizquiaguala;Mizquiaguala @ Mizquiahuala @  Misquiahuala @ Atengo  y Misquiahuala @ Mixquiahuala;JUNEMXMI;Provincia_menor
1561;1783;Gobernacion-Capitania General;Santa Cruz;Santa Cruz de la Sierra;Santa Cruz de la Sierra @;PRCCCBSC;Jurisdiccion
1561;1783;Gobernacion-Capitania General;Santa Cruz;Santa Cruz de la Sierra;Santa Cruz de la Sierra @;PRCCCBSC;Provincia
1561;1783;Gobernacion-Capitania General;Santa Cruz;Santa Cruz de la Sierra;Santa Cruz de la Sierra @;PRCCCBSC;Provincia_mayor
1561;1783;Gobernacion-Capitania General;Santa Cruz;Santa Cruz de la Sierra;Santa Cruz de la Sierra @;PRCCCBSC;Provincia_menor
1561;1786;Alcaldia Mayor;Ixmiquilpan;Ixmiquilpan;Ixmiquilpan @ Esmiquilpa;JUNEMXIM;Jurisdiccion
1561;1786;Alcaldia Mayor;Ixmiquilpan;Ixmiquilpan;Ixmiquilpan @ Esmiquilpa;JUNEMXIM;Partido
1561;1786;Alcaldia Mayor;Ixmiquilpan;Ixmiquilpan;Ixmiquilpan @ Esmiquilpa;JUNEMXIM;Provincia_menor
1561;1808;Jurisdiccion;San Cristobal;San Cristobal;San Cristobal @;JUVEMCSC;Jurisdiccion
1561;1808;Jurisdiccion;San Cristobal;San Cristobal;San Cristobal @;JUVEMCSC;Partido
1561;1808;Obispado;Santiago;Santiago;Santiago de Chile @;OBCHSA00;Obispado
1561;1808;Obispado;Yucatan;Yucatan;Yucatan @ Merida;OBNEYU00;Obispado
1562;1638;Alcaldia Mayor;Tuxpa;Tuxpa;Zapotlan @ Tuspa @ Tuxpa @ Zapotlan el Grande @ Tuxpa, Tamazula y Zapotlan;JUGDGDZA;Jurisdiccion
1562;1638;Alcaldia Mayor;Tuxpa;Tuxpa;Zapotlan @ Tuspa @ Tuxpa @ Zapotlan el Grande @ Tuxpa, Tamazula y Zapotlan;JUGDGDZA;Provincia_menor
1562;1786;Alcaldia Mayor;San Miguel;San Felipe y San Miguel;San Miguel el Grande @ San Miguel el Grande y San Felipe @ San Felipe y San Miguel;JUNEGJSM;Jurisdiccion
1562;1786;Alcaldia Mayor;San Miguel;San Felipe y San Miguel;San Miguel el Grande @ San Miguel el Grande y San Felipe @ San Felipe y San Miguel;JUNEGJSM;Provincia_menor
1562;1786;Gobernacion-Capitania General;Nueva Vizcaya;Nueva Vizcaya;Nueva Vizcaya @ Durango @ Parral;PRGDDU00;Provincia
1562;1786;Gobernacion-Capitania General;Nueva Vizcaya;Nueva Vizcaya;Nueva Vizcaya @ Durango @ Parral;PRGDDU00;Provincia_mayor
1562;1786;Gobernacion-Capitania General;Nueva Vizcaya;Nueva Vizcaya;Nueva Vizcaya @ Durango @ Parral;PRGDDU00;Provincia_menor
1563;1578;Jurisdiccion;Nombre de Dios;Nombre de Dios;Nombre De Dios @;JUGDDUND;Jurisdiccion
1563;1670;Alcaldia Mayor;Zacualpan;Minas de Zacualpan;Zacualpan @ Ixtapan @ Iztapan @ Zacualpa @ Zacualpa e Ixcateopan @ Zacualpa y Escateupan;JUNEMXZP;Jurisdiccion
1563;1670;Alcaldia Mayor;Zacualpan;Minas de Zacualpan;Zacualpan @ Ixtapan @ Iztapan @ Zacualpa @ Zacualpa e Ixcateopan @ Zacualpa y Escateupan;JUNEMXZP;Provincia_menor
1563;1707;Corregimiento;Teocaltiche;Teocaltiche;Teocaltiche @ Tequaltichi @ Teocaltchi @ Teocaltiche y Pueblos Llanos;JUGDGDTC;Jurisdiccion
1563;1707;Corregimiento;Teocaltiche;Teocaltiche;Teocaltiche @ Tequaltichi @ Teocaltchi @ Teocaltiche y Pueblos Llanos;JUGDGDTC;Partido
1563;1785;Gobernacion;Chile;Chile;Santiago @;PRCHSA00;Provincia_mayor
1563;1785;Gobernacion;Chile;Chile;Santiago @;PRCHSA00;Provincia_menor
1563;1785;Provincia;Concepcion;Concepcion;Concepcion @;PRCHCO00;Provincia_menor
1563;1786;Alcaldia Mayor;Tula;Tula;Tula @;JUNEMXTU;Jurisdiccion
1563;1786;Alcaldia Mayor;Tula;Tula;Tula @;JUNEMXTU;Partido
1563;1786;Alcaldia Mayor;Tula;Tula;Tula @;JUNEMXTU;Provincia_menor
1563;1789;Corregimiento;Tequila;Tequila;Tequila @;JUGDGDTQ;Jurisdiccion
1563;1789;Corregimiento;Tequila;Tequila;Tequila @;JUGDGDTQ;Partido
1563;1808;Corregimiento;Jalapa Del Marques;Jalapa Del Marques;Jalapa Del Marques @ Xalapa del Marques @ Xalapa del Estado;JUNEOAJM;Jurisdiccion
1563;1808;Corregimiento;Jalapa Del Marques;Jalapa Del Marques;Jalapa Del Marques @ Xalapa del Marques @ Xalapa del Estado;JUNEOAJM;Partido
1563;1808;Jurisdiccion;Barquisimeto;Barquisimeto;Barquisimeto @;JUVECABA;Jurisdiccion
1563;1808;Jurisdiccion;Barquisimeto;Barquisimeto;Barquisimeto @;JUVECABA;Partido
1563;1808;Jurisdiccion;Durango;Durango;Durango @ Guadiana;JUGDDUDU;Jurisdiccion
1563;1808;Jurisdiccion;Durango;Durango;Durango @ Guadiana;JUGDDUDU;Partido
1563;1808;Provincia;Quito;Quito;Quito @;PRQUQU00;Provincia
1563;1808;Provincia;Quito;Quito;Quito @;PRQUQU00;Provincia_mayor
1563;1808;Provincia;Quito;Quito;Quito @;PRQUQU00;Provincia_menor
1564;1569;Corregimiento;Charo;Charo;Charo @ Matalcingo;JUNEMICR;Jurisdiccion
1564;1717;Audiencia Real;Quito;Quito;Quito @;AUQU0000;Audiencia
1564;1755;Gobernacion-Capitania General;Honduras;Honduras;Comayagua @ Honduras @ Comayagua y provincia de Honduras @ Higueras y Cabo de Honduras;PRGUCY00;Provincia
1564;1755;Gobernacion-Capitania General;Honduras;Honduras;Comayagua @ Honduras @ Comayagua y provincia de Honduras @ Higueras y Cabo de Honduras;PRGUCY00;Provincia_mayor
1564;1755;Gobernacion-Capitania General;Honduras;Honduras;Comayagua @ Honduras @ Comayagua y provincia de Honduras @ Higueras y Cabo de Honduras;PRGUCY00;Provincia_menor
1564;1783;Gobernacion-Capitania General;Tucuman;Tucuman;Tucuman @;PRRPTU00;Provincia
1564;1783;Gobernacion-Capitania General;Tucuman;Tucuman;Tucuman @;PRRPTU00;Provincia_mayor
1564;1783;Gobernacion-Capitania General;Tucuman;Tucuman;Tucuman @;PRRPTU00;Provincia_menor
1564;1808;Arzobispado;Santa Fe;Santa Fe;Santa Fe @;OBNGSF00;Arzobispado
1564;1808;Arzobispado;Santa Fe;Santa Fe;Santa Fe @;OBNGSF00;Obispado
1565;1579;Corregimiento;Metateyuca;Xicotepec y Metateyuca;Huauchinango @ Guachinango @ Metateyuca;JUNEPUHN;Jurisdiccion
1565;1592;Corregimiento;Taimeo;Taimeo;Taimeo @ Minas de Ozumatlan;JCNEMIOZ;Jurisdiccion
1565;1611;Corregimiento; Pacllas;Los Pacllas;Pacllas @ Los Pacllas;JUPETRPC;Jurisdiccion
1565;1611;Corregimiento; Pacllas;Los Pacllas;Pacllas @ Los Pacllas;JUPETRPC;Partido
1565;1611;Corregimiento; Pacllas;Los Pacllas;Pacllas @ Los Pacllas;JUPETRPC;Provincia_menor
1565;1635;Corregimiento;Characato;Characato y Vitor;Characato y Vitor @;JUPEARCV;Jurisdiccion
1565;1635;Corregimiento;Characato;Characato y Vitor;Characato y Vitor @;JUPEARCV;Provincia_menor
1565;1716;Audiencia Real;Panama;Panama;Panama @ Tierra Firme @ Castilla de Oro;AUPA0000;Audiencia
1565;1735;Gobernacion;Las Floridas;Las Floridas;Florida @ Ambas Floridas y resto de la Luisiana @ Las Floridas;PRSDFL00;Jurisdiccion
1565;1735;Gobernacion;Las Floridas;Las Floridas;Florida @ Ambas Floridas y resto de la Luisiana @ Las Floridas;PRSDFL00;Provincia
1565;1735;Gobernacion;Las Floridas;Las Floridas;Florida @ Ambas Floridas y resto de la Luisiana @ Las Floridas;PRSDFL00;Provincia_mayor
1565;1735;Gobernacion;Las Floridas;Las Floridas;Florida @ Ambas Floridas y resto de la Luisiana @ Las Floridas;PRSDFL00;Provincia_menor
1565;1783;Corregimiento;Cajamarca;Cajamarca;Cajamarca @;JUPETRCA;Jurisdiccion
1565;1783;Corregimiento;Cajamarca;Cajamarca;Cajamarca @;JUPETRCA;Partido
1565;1783;Corregimiento;Cajamarca;Cajamarca;Cajamarca @;JUPETRCA;Provincia_menor
1565;1783;Corregimiento;Chachapoyas;Chachapoyas;Chachapoyas @ Chachapoyas y Moyobamba @ Chachapoyas, Moyobamba y Pacllas @ Chachapoyas, Moyobamba y Lamas @ Chachapoyas, Moyobamba, Lamas y Leymebamba;JUPETRCH;Jurisdiccion
1565;1783;Corregimiento;Chachapoyas;Chachapoyas;Chachapoyas @ Chachapoyas y Moyobamba @ Chachapoyas, Moyobamba y Pacllas @ Chachapoyas, Moyobamba y Lamas @ Chachapoyas, Moyobamba, Lamas y Leymebamba;JUPETRCH;Partido
1565;1783;Corregimiento;Chachapoyas;Chachapoyas;Chachapoyas @ Chachapoyas y Moyobamba @ Chachapoyas, Moyobamba y Pacllas @ Chachapoyas, Moyobamba y Lamas @ Chachapoyas, Moyobamba, Lamas y Leymebamba;JUPETRCH;Provincia_menor
1565;1783;Corregimiento;Huamanga;Huamanga;Huamanga @;JUPEHUHU;Jurisdiccion
1565;1783;Corregimiento;Huamanga;Huamanga;Huamanga @;JUPEHUHU;Partido
1565;1783;Corregimiento;Huamanga;Huamanga;Huamanga @;JUPEHUHU;Provincia_menor
1565;1783;Corregimiento;Piura;Piura y Paita;Piura @ Piura y Paita;JUPETRPI;Jurisdiccion
1565;1783;Corregimiento;Piura;Piura y Paita;Piura @ Piura y Paita;JUPETRPI;Partido
1565;1783;Corregimiento;Piura;Piura y Paita;Piura @ Piura y Paita;JUPETRPI;Provincia_menor
1565;1783;Corregimiento;Saña;Saña;Saña @ Lambayeque @;JUPETRSA;Jurisdiccion
1565;1783;Corregimiento;Saña;Saña;Saña @ Lambayeque @;JUPETRSA;Partido
1565;1783;Corregimiento;Saña;Saña;Saña @ Lambayeque @;JUPETRSA;Provincia_menor
1565;1786;Alcaldia Mayor;Tlalpujahua;Tlalpujahua;Tlalpujahua @;JUNEMITP;Jurisdiccion
1565;1786;Alcaldia Mayor;Tlalpujahua;Tlalpujahua;Tlalpujahua @;JUNEMITP;Partido
1565;1786;Alcaldia Mayor;Tlalpujahua;Tlalpujahua;Tlalpujahua @;JUNEMITP;Provincia_menor
1565;1786;Gobernacion-Capitania General;Yucatan;Yucatan;Yucatan @ Merida;PRNEYU00;Provincia
1565;1786;Gobernacion-Capitania General;Yucatan;Yucatan;Yucatan @ Merida;PRNEYU00;Provincia_mayor
1565;1786;Gobernacion-Capitania General;Yucatan;Yucatan;Yucatan @ Merida;PRNEYU00;Provincia_menor
1565;1808;Corregimiento;Chimbo;Chimbo;Chimbo @ Guaranda;JUQUCHCH;Jurisdiccion
1565;1808;Corregimiento;Chimbo;Chimbo;Chimbo @ Guaranda;JUQUCHCH;Partido
1565;1808;Corregimiento;Chimbo;Chimbo;Chimbo @ Guaranda;JUQUCHCH;Provincia_menor
1565;1808;Corregimiento;Otavalo;Otavalo;Otavalo @;JUQUOTOT;Jurisdiccion
1565;1808;Corregimiento;Otavalo;Otavalo;Otavalo @;JUQUOTOT;Partido
1565;1808;Corregimiento;Otavalo;Otavalo;Otavalo @;JUQUOTOT;Provincia_menor
1566;1599;Alcaldia Mayor;Minas del Espiritu Santo;Minas del Espiritu Santo;Minas del Espiritu Santo @;JCNEMIES;Provincia_menor
1566;1599;Corregimiento;Guaspaltepec;Guaspaltepec y Oxitlan;Cosamaloapan @ Cuzamaluava @ Cuzamaluaba @ Cosamaloapan y Guaspaltepec @ Cozamaloapan @ Cosamaluapa;JUNEVCCS;Jurisdiccion
1566;1599;Corregimiento;Huaymeo y Sirandaro;Huaymeo y Sirandaro;Huetamo @ Guimeo y Zirandaro @ Huaymeyo @ Huaymeo y Sirandiro @ Huaymeo y Sirandaro @ Minas del Espiritu Santo;JUNEMIHS;Jurisdiccion
1566;1599;Corregimiento;Zempoala;Zempoala y Chicuazen;Zempoala @;JCNEVCZE;Jurisdiccion
1566;1688;Corregimiento;Tilantongo;Tilantongo;Tilantongo @ Tilantongo, Mitlantongo y Tamazola;JCNEOATI;Jurisdiccion
1566;1688;Corregimiento;Tilantongo;Tilantongo;Tilantongo @ Tilantongo, Mitlantongo y Tamazola;JCNEOATI;Provincia_menor
1566;1728;Alcaldia Mayor;Cuautitlan;Cuautitlan;Cuautitlan @ Guautitlan @ Cuauhtitlan @ Quautitlan @ Cuautitlan y Tepozotlan;JUNEMXCN;Jurisdiccion
1566;1728;Alcaldia Mayor;Cuautitlan;Cuautitlan;Cuautitlan @ Guautitlan @ Cuauhtitlan @ Quautitlan @ Cuautitlan y Tepozotlan;JUNEMXCN;Partido
1566;1728;Alcaldia Mayor;Cuautitlan;Cuautitlan;Cuautitlan @ Guautitlan @ Cuauhtitlan @ Quautitlan @ Cuautitlan y Tepozotlan;JUNEMXCN;Provincia_menor
1566;1786;Alcaldia Mayor;Chiautla;Chiautla;Chiautla @ Chiautla de la Sal @ Chiautla de la Sal y Teocalco @;JUNEPUCT;Jurisdiccion
1566;1786;Alcaldia Mayor;Chiautla;Chiautla;Chiautla @ Chiautla de la Sal @ Chiautla de la Sal y Teocalco @;JUNEPUCT;Partido
1566;1786;Alcaldia Mayor;Chiautla;Chiautla;Chiautla @ Chiautla de la Sal @ Chiautla de la Sal y Teocalco @;JUNEPUCT;Provincia_menor
1567;1776;Alcaldia Mayor;Real de Inde;Real de Inde;Inde @ Minas de Inde @ Real de Inde @ Indee @ Indehe @ Yndehee @ Ynde @ Yndhe @ Chindea;JUGDDUIN;Jurisdiccion
1567;1776;Alcaldia Mayor;Real de Inde;Real de Inde;Inde @ Minas de Inde @ Real de Inde @ Indee @ Indehe @ Yndehee @ Ynde @ Yndhe @ Chindea;JUGDDUIN;Partido
1567;1786;Gobernacion;Nicaragua;Leon de Nicaragua;Leon @ Nicaragua;PRGUNI00;Provincia
1567;1786;Gobernacion;Nicaragua;Leon de Nicaragua;Leon @ Nicaragua;PRGUNI00;Provincia_menor
1568;1611;Corregimiento;Angaraes;Angaraes y Chocorvos;Angaraes @ Angaraes y Chocorvos;JUPEHVAN;Provincia_menor
1568;1749;Corregimiento;La Serena;La Serena;Coquimbo @ La Serena;JUCHSACQ;Jurisdiccion
1568;1749;Corregimiento;La Serena;La Serena;Coquimbo @ La Serena;JUCHSACQ;Partido
1568;1783;Corregimiento;Cuyo;Cuyo;Cuyo @;JUCHCYCY;Provincia
1568;1783;Corregimiento;Cuyo;Cuyo;Cuyo @;JUCHCYCY;Provincia_mayor
1568;1783;Corregimiento;Cuyo;Cuyo;Cuyo @;JUCHCYCY;Provincia_menor
1568;1785;Corregimiento;Concepcion;Concepcion;Concepcion @;JUCHCOCO;Jurisdiccion
1568;1785;Corregimiento;Concepcion;Concepcion;Concepcion @;JUCHCOCO;Partido
1568;1785;Corregimiento;Santiago;Santiago;Santiago @;JUCHSASA;Jurisdiccion
1568;1785;Corregimiento;Santiago;Santiago;Santiago @;JUCHSASA;Partido
1568;1786;Alcaldia Mayor;Octupa;Octupa e Iscuintlapilco;Actopan @ Ixcuinquitlapilco @ Octupa @ Octupa, Yxcuin y Cuitlapilco @ Octupa e Iscuintlapilco;JUNEMXAT;Jurisdiccion
1568;1786;Alcaldia Mayor;Octupa;Octupa e Iscuintlapilco;Actopan @ Ixcuinquitlapilco @ Octupa @ Octupa, Yxcuin y Cuitlapilco @ Octupa e Iscuintlapilco;JUNEMXAT;Partido
1568;1786;Alcaldia Mayor;Octupa;Octupa e Iscuintlapilco;Actopan @ Ixcuinquitlapilco @ Octupa @ Octupa, Yxcuin y Cuitlapilco @ Octupa e Iscuintlapilco;JUNEMXAT;Provincia_menor
1568;1808;Jurisdiccion;Cumana;Cumana;Cumana @;JUVECUCU;Partido
1569;1570;Alcaldia Mayor;Zultepec;Zultepec;Zultepec @ Sultepec @ Sultepeque;JUNEMXZU;Jurisdiccion
1569;1570;Alcaldia Mayor;Zultepec;Zultepec;Zultepec @ Sultepec @ Sultepeque;JUNEMXZU;Provincia_menor
1569;1808;Gobernacion;Antioquia;Antioquia;Antioquia @ Santafe de Antioquia;PRNGAN00;Provincia
1569;1808;Gobernacion;Antioquia;Antioquia;Antioquia @ Santafe de Antioquia;PRNGAN00;Provincia_menor
1570;1582;Alcaldia Mayor;Cuatro Villas del Marquesado;Cuatro Villas del Marquesado;Cuautla Amilpas @ Cuautla @ Coautla @ Minas de Guautla @ Coyuco;JUNEMXCT;Jurisdiccion
1570;1582;Alcaldia Mayor;Cuatro Villas del Marquesado;Cuatro Villas del Marquesado;Cuautla Amilpas @ Cuautla @ Coautla @ Minas de Guautla @ Coyuco;JUNEMXCT;Provincia_menor
1570;1594;Alcaldia Mayor;Tlacotalpa;Tlacotalpa y Tuxtla;Tlacotalpa @;JCNEVCTL;Jurisdiccion
1570;1594;Alcaldia Mayor;Tlacotalpa;Tlacotalpa y Tuxtla;Tlacotalpa @;JCNEVCTL;Provincia_menor
1570;1599;Corregimiento;Ocuituco;Ocuituco;Ocuituco @;JCNEMXOC;Jurisdiccion
1570;1679;Corregimiento;Teozacoalco;Teozacoalco y Amoltepec;Teozacualco @ Teosacualco @ Teozacualco y Amoltepec @ Teozacoalco @ Teozacoalco y Teococuilco @ Teozacoalco y Teocucuilco @ Teopozalco, Teoxomulco y Teocuicuilco @ Teocuicuilco y Teozacualco @ Teozacualco y Teozoquilco;JUNEOATZ;Jurisdiccion
1570;1679;Corregimiento;Teozacoalco;Teozacoalco y Amoltepec;Teozacualco @ Teosacualco @ Teozacualco y Amoltepec @ Teozacoalco @ Teozacoalco y Teococuilco @ Teozacoalco y Teocucuilco @ Teopozalco, Teoxomulco y Teocuicuilco @ Teocuicuilco y Teozacualco @ Teozacualco y Teozoquilco;JUNEOATZ;Provincia_menor
1570;1786;Alcaldia Mayor;Jerez;Jerez;Jerez @ Jerez-Tlaltenango @ Xerez @ Jerez de la Frontera;JUGDZAJE;Jurisdiccion
1570;1786;Alcaldia Mayor;Jerez;Jerez;Jerez @ Jerez-Tlaltenango @ Xerez @ Jerez de la Frontera;JUGDZAJE;Partido
1570;1786;Alcaldia Mayor;Jerez;Jerez;Jerez @ Jerez-Tlaltenango @ Xerez @ Jerez de la Frontera;JUGDZAJE;Provincia_menor
1570;1786;Alcaldia Mayor;Nejapa;Nejapa;Nejapa @;JUNEOANE;Jurisdiccion
1570;1786;Alcaldia Mayor;Nejapa;Nejapa;Nejapa @;JUNEOANE;Partido
1570;1786;Alcaldia Mayor;Nejapa;Nejapa;Nejapa @;JUNEOANE;Provincia_menor
1570;1786;Alcaldia Mayor;Xochimilco;Xochimilco;Xochimilco @ Sochimilco @ Juquimilco @ Xuchimilco;JUNEMXXO;Jurisdiccion
1570;1786;Alcaldia Mayor;Xochimilco;Xochimilco;Xochimilco @ Sochimilco @ Juquimilco @ Xuchimilco;JUNEMXXO;Partido
1570;1786;Alcaldia Mayor;Xochimilco;Xochimilco;Xochimilco @ Sochimilco @ Juquimilco @ Xuchimilco;JUNEMXXO;Provincia_menor
1570;1786;Corregimiento;Tlaltenango;Tlaltenango;Tlaltenango @ Taltenango;PTGDZATL;Partido
1570;1808;Audiencia Real;Guatemala;Guatemala;Guatemala @ Confines @ Los Confines @ Los Confines de Guatemala y Nicaragua;AUCO0000;Audiencia
1570;1808;Corregimiento-Jurisdiccion;Ocaña;Ocaña;Ocaña @;JUNGSMOC;Jurisdiccion
1570;1808;Corregimiento-Jurisdiccion;Ocaña;Ocaña;Ocaña @;JUNGSMOC;Partido
1570;1808;Obispado;Tucuman;Tucuman;Tucuman @ Cordoba;OBRPCO00;Obispado
1571;1712;Alcaldia Mayor;Zultepec;Minas de Zultepec;Zultepec @ Sultepec @ Sultepeque;JUNEMXZU;Jurisdiccion
1571;1712;Alcaldia Mayor;Zultepec;Minas de Zultepec;Zultepec @ Sultepec @ Sultepeque;JUNEMXZU;Partido
1571;1712;Alcaldia Mayor;Zultepec;Minas de Zultepec;Zultepec @ Sultepec @ Sultepeque;JUNEMXZU;Provincia_menor
1571;1786;Alcaldia Mayor;Celaya;Salvatierra y Celaya;Celaya @ Celaya y Salvatierra;JUNEGJCE;Jurisdiccion
1571;1786;Alcaldia Mayor;Celaya;Salvatierra y Celaya;Celaya @ Celaya y Salvatierra;JUNEGJCE;Provincia_menor
1571;1788;Alcaldia Mayor;Tuscacuesco;Amula y Tuscacuesco;Amula @ Amula @ Amola @ Amula y Tuxcacuesco @ Tuxcacuesco @ Tuzcacuezco @ Tuscacuesco @;JUGDGDTU;Jurisdiccion
1571;1788;Alcaldia Mayor;Tuscacuesco;Amula y Tuscacuesco;Amula @ Amula @ Amola @ Amula y Tuxcacuesco @ Tuxcacuesco @ Tuzcacuezco @ Tuscacuesco @;JUGDGDTU;Partido
1571;1788;Alcaldia Mayor;Tuscacuesco;Amula y Tuscacuesco;Amula @ Amula @ Amola @ Amula y Tuxcacuesco @ Tuxcacuesco @ Tuzcacuezco @ Tuscacuesco @;JUGDGDTU;Provincia_menor
1571;1808;Jurisdiccion;Celaya;Celaya;Celaya @;PTNEGJCE;Partido
1572;1613;Gobernacion;Vilcabamba;Vilcabamba;Vilcabamba @;JUPECUVI;Provincia
1572;1613;Gobernacion;Vilcabamba;Vilcabamba;Vilcabamba @;JUPECUVI;Provincia_mayor
1572;1613;Gobernacion;Vilcabamba;Vilcabamba;Vilcabamba @;JUPECUVI;Provincia_menor
1572;1707;Alcaldia Mayor;Fresnillo;Fresnillo;Fresnillo @;JUGDZAFR;Jurisdiccion
1572;1707;Alcaldia Mayor;Fresnillo;Fresnillo;Fresnillo @;JUGDZAFR;Provincia_menor
1572;1808;Jurisdiccion;Carora;Carora;Carora @;JUVECACR;Jurisdiccion
1572;1808;Jurisdiccion;Carora;Carora;Carora @;JUVECACR;Partido
1572;1808;Jurisdiccion;Leyva;Leyva;Leyva @ Leiva @ Villa de Leyva;JUNGTULE;Jurisdiccion
1572;1808;Jurisdiccion;Leyva;Leyva;Leyva @ Leiva @ Villa de Leyva;JUNGTULE;Partido
1573;1594;Alcaldia Mayor;Tenayuca;Tenayuca y Coyoacan;Tacuba @ Tacuba y Coaytilan @ Tenayuca @ Tlalnepantla @ Tlanenepantla @ Tlalnepantlan y Tlacopan;JUNEMXTC;Provincia_menor
1573;1808;Jurisdiccion;Toro;Toro;Toro @;JUNGPOTO;Partido
1574;1691;Alcaldia Mayor;Zamora;Zamora;Zamora y Jacona @ Zamora y Xacona @ Tacona y Zamora;JUNEMIZA;Jurisdiccion
1574;1691;Alcaldia Mayor;Zamora;Zamora;Zamora y Jacona @ Zamora y Xacona @ Tacona y Zamora;JUNEMIZA;Provincia_menor
1574;1783;Corregimiento;Carabaya;Carabaya;Carabaya @ Carabaya y San Gaban;JUCCPUCA;Jurisdiccion
1574;1783;Corregimiento;Carabaya;Carabaya;Carabaya @ Carabaya y San Gaban;JUCCPUCA;Partido
1574;1783;Corregimiento;Carabaya;Carabaya;Carabaya @ Carabaya y San Gaban;JUCCPUCA;Provincia_menor
1574;1786;Corregimiento;Mexico;Mexico;Mexico @;JUNEMXMX;Jurisdiccion
1574;1786;Corregimiento;Mexico;Mexico;Mexico @;JUNEMXMX;Partido
1574;1786;Corregimiento;Mexico;Mexico;Mexico @;JUNEMXMX;Provincia_menor
1575;1610;Alcaldia Mayor;Charcas;Charcas;Charcas @ Charcas y Sierra de Pinos @ Catorze @ Ramos;JUNESLCH;Jurisdiccion
1575;1610;Alcaldia Mayor;Charcas;Charcas;Charcas @ Charcas y Sierra de Pinos @ Catorze @ Ramos;JUNESLCH;Provincia_menor
1575;1639;Corregimiento;Orizaba;Tequila y Orizaba;Orizaba @ Tequila @ Cachultenango, Tequila y Chichiquila;JUNEVCOR;Jurisdiccion
1575;1639;Corregimiento;Orizaba;Tequila y Orizaba;Orizaba @ Tequila @ Cachultenango, Tequila y Chichiquila;JUNEVCOR;Provincia_menor
1575;1752;Corregimiento;Bebara;Bebara y Bete;Bebara y Bete @ Biruquete @ Bete, Bebara y Cupica;JMNGCHBB;Partido
1575;1773;Corregimiento;Tatama;Tatama;Tatama @ Chami;JMNGCHCH;Jurisdiccion
1575;1773;Corregimiento;Tatama;Tatama;Tatama @ Chami;JMNGCHCH;Partido
1575;1786;Alcaldia Mayor;Aguas Calientes;Aguas Calientes;Aguas Calientes @ Aguascalientes @ Suchipila y Aguascalientes @ Juchipila y Aguascalientes;JUGDGDAG;Jurisdiccion
1575;1786;Alcaldia Mayor;Aguas Calientes;Aguas Calientes;Aguas Calientes @ Aguascalientes @ Suchipila y Aguascalientes @ Juchipila y Aguascalientes;JUGDGDAG;Partido
1575;1786;Alcaldia Mayor;Aguas Calientes;Aguas Calientes;Aguas Calientes @ Aguascalientes @ Suchipila y Aguascalientes @ Juchipila y Aguascalientes;JUGDGDAG;Provincia_menor
1575;1786;Alcaldia Mayor;Tulancingo;Singulica y Tulancingo;Tulancingo @ Singulica y Tulancingo @ Singuiluca @ Cinguiluca y Tulancingo;JUNEMXTG;Jurisdiccion
1575;1786;Alcaldia Mayor;Tulancingo;Singulica y Tulancingo;Tulancingo @ Singulica y Tulancingo @ Singuiluca @ Cinguiluca y Tulancingo;JUNEMXTG;Partido
1575;1786;Alcaldia Mayor;Tulancingo;Singulica y Tulancingo;Tulancingo @ Singulica y Tulancingo @ Singuiluca @ Cinguiluca y Tulancingo;JUNEMXTG;Provincia_menor
1575;1786;Partido;Amozoc;Amozoc;Amozoc @ Amozoque @ Guatinchan @ Guautinchan @ Cuautinchan;JUNEPUAM;Partido
1575;1808;Corregimiento;Tado;Tado;Tado @;JMNGCHTA;Partido
1575;1808;Jurisdiccion;La Palma;La Palma;La Palma @;JUNGMALP;Jurisdiccion
1575;1808;Jurisdiccion;La Palma;La Palma;La Palma @;JUNGMALP;Partido
1576;1769;Alcaldia Mayor;Teotlalco;Teotlalco;Teutlalco @ Teotalco @ Teotlalco @ Tlaucingo @ Minas de Teotlalco @ Teotalco @ Teutlalco y Conteupa;JUNEPUTE;Jurisdiccion
1576;1769;Alcaldia Mayor;Teotlalco;Teotlalco;Teutlalco @ Teotalco @ Teotlalco @ Tlaucingo @ Minas de Teotlalco @ Teotalco @ Teutlalco y Conteupa;JUNEPUTE;Partido
1576;1769;Alcaldia Mayor;Teotlalco;Teotlalco;Teutlalco @ Teotalco @ Teotlalco @ Tlaucingo @ Minas de Teotlalco @ Teotalco @ Teutlalco y Conteupa;JUNEPUTE;Provincia_menor
1576;1808;Jurisdiccion;Caceres;Caceres;Caceres @;JUNGANCA;Jurisdiccion
1576;1808;Jurisdiccion;Caceres;Caceres;Caceres @;JUNGANCA;Partido
1577;1580;Alcaldia Mayor;Valladolid;Valladolid;Valladolid @;JUNEYUVA;Jurisdiccion
1577;1581;Corregimiento;Queretaro;Queretaro;Queretaro @;JUNEMXQU;Jurisdiccion
1577;1581;Corregimiento;Queretaro;Queretaro;Queretaro @;JUNEMXQU;Provincia_menor
1577;1739;Gobernacion-Capitania General;Caracas;Caracas;Caracas @ Venezuela;PRVECA00;Provincia
1577;1739;Gobernacion-Capitania General;Caracas;Caracas;Caracas @ Venezuela;PRVECA00;Provincia_mayor
1577;1739;Gobernacion-Capitania General;Caracas;Caracas;Caracas @ Venezuela;PRVECA00;Provincia_menor
1577;1808;Jurisdiccion;Barinas;Barinas;Barinas @;JUVEMCBA;Jurisdiccion
1577;1808;Jurisdiccion;Barinas;Barinas;Barinas @;JUVEMCBA;Partido
1577;1808;Jurisdiccion;Caracas;Caracas;Caracas @;JUVECACA;Jurisdiccion
1577;1808;Jurisdiccion;Caracas;Caracas;Caracas @;JUVECACA;Partido
1577;1808;Jurisdiccion;Tocuyo;Tocuyo;Tocuyo @;JUVECATO;Jurisdiccion
1577;1808;Jurisdiccion;Tocuyo;Tocuyo;Tocuyo @;JUVECATO;Partido
1577;1808;Obispado;Trujillo;Trujillo;Trujillo @;OBPETR00;Obispado
1578;1783;Gobernacion;Chucuito;Chucuito;Chucuito @;JUCCPUCH;Jurisdiccion
1578;1783;Gobernacion;Chucuito;Chucuito;Chucuito @;JUCCPUCH;Partido
1578;1783;Gobernacion;Chucuito;Chucuito;Chucuito @;JUCCPUCH;Provincia
1578;1783;Gobernacion;Chucuito;Chucuito;Chucuito @;JUCCPUCH;Provincia_menor
1579;1590;Gobernacion;Nuevo Leon;Nuevo Leon;Nuevo Leon @;PRGDNL00;Jurisdiccion
1579;1590;Gobernacion;Nuevo Leon;Nuevo Leon;Nuevo Leon @;PRGDNL00;Provincia
1579;1590;Gobernacion;Nuevo Leon;Nuevo Leon;Nuevo Leon @;PRGDNL00;Provincia_mayor
1579;1590;Gobernacion;Nuevo Leon;Nuevo Leon;Nuevo Leon @;PRGDNL00;Provincia_menor
1579;1599;Alcaldia Mayor;Minas de Zumpango;Minas de Zumpango;Tixtla @ Tistla @ Tixtla y Chilapa @ Minas de Zumpango @ Minas de Zumpango y provincia de Tlapa;JUNEMXTI;Jurisdiccion
1579;1599;Alcaldia Mayor;Minas de Zumpango;Minas de Zumpango;Tixtla @ Tistla @ Tixtla y Chilapa @ Minas de Zumpango @ Minas de Zumpango y provincia de Tlapa;JUNEMXTI;Provincia_menor
1579;1640;Corregimiento;San Juan de Los Llanos;San Juan de Los Llanos;San Juan de Los Llanos @ Tlatlauquitepec;JUNEPUSJ;Jurisdiccion
1579;1640;Corregimiento;San Juan de Los Llanos;San Juan de Los Llanos;San Juan de Los Llanos @ Tlatlauquitepec;JUNEPUSJ;Provincia_menor
1579;1669;Alcaldia Mayor;Villa de Leon;Villa de Leon;Villa de Leon @ Leon y Zacatula;JUNEGJLE;Jurisdiccion
1579;1669;Alcaldia Mayor;Villa de Leon;Villa de Leon;Villa de Leon @ Leon y Zacatula;JUNEGJLE;Provincia_menor
1579;1688;Alcaldia Mayor;Tonala;Tonala y  Minas de Cilacayoapa;Tonala @ Tonala y  Minas de Cilacayoapa @ Tonala y Tlapacingo @ Igualapan;JCNEOATO;Jurisdiccion
1579;1688;Alcaldia Mayor;Tonala;Tonala y  Minas de Cilacayoapa;Tonala @ Tonala y  Minas de Cilacayoapa @ Tonala y Tlapacingo @ Igualapan;JCNEOATO;Provincia_menor
1579;1694;Alcaldia Mayor;Valles;Santiago de Valles;Valles @ Villa de los Valles;JUNESLVA;Jurisdiccion
1579;1694;Alcaldia Mayor;Valles;Santiago de Valles;Valles @ Villa de los Valles;JUNESLVA;Provincia_menor
1579;1786;Alcaldia Mayor;Nombre de Dios;Nombre de Dios;Nombre De Dios @;JUGDDUND;Jurisdiccion
1579;1786;Alcaldia Mayor;Nombre de Dios;Nombre de Dios;Nombre De Dios @;JUGDDUND;Partido
1579;1786;Alcaldia Mayor;Nombre de Dios;Nombre de Dios;Nombre De Dios @;JUGDDUND;Provincia_menor
1579;1786;Alcaldia Mayor;San Salvador;San Salvador;San Salvador @ San Salvador y sus agregados de San Miguel y San Vicente;PRGUSS00;Provincia_menor
1579;1786;Alcaldia Mayor;Tlapa;Tlapa;Tlapa @ Tlapan;JUNEPUTL;Jurisdiccion
1579;1786;Alcaldia Mayor;Tlapa;Tlapa;Tlapa @ Tlapan;JUNEPUTL;Partido
1581;1712;Jurisdiccion;Zaragoza;Zaragoza;Zaragoza @;JUNGANZA;Partido
1581;1786;Jurisdiccion;Valladolid;Valladolid;Valladolid @;JUNEYUVA;Jurisdiccion
1581;1786;Jurisdiccion;Valladolid;Valladolid;Valladolid @;JUNEYUVA;Partido
1582;1599;Alcaldia Mayor;Jicayan;Jicayan y Tututepec;Jicayan @ Tututepec @ Jamiltepec @ Jamiltepeque @ Xamiltepeque @ Xicayan @ Xicayan y Tututepec;JUNEOAJI;Jurisdiccion
1582;1599;Alcaldia Mayor;Jicayan;Jicayan y Tututepec;Jicayan @ Tututepec @ Jamiltepec @ Jamiltepeque @ Xamiltepeque @ Xicayan @ Xicayan y Tututepec;JUNEOAJI;Provincia_menor
1582;1661;Alcaldia Mayor;Queretaro;Queretaro;Queretaro @;JUNEMXQU;Jurisdiccion
1582;1661;Alcaldia Mayor;Queretaro;Queretaro;Queretaro @;JUNEMXQU;Provincia_menor
1582;1783;Gobernacion-Capitania General;Puerto Rico;Puerto Rico;Puerto Rico @;PRSDPR00;Provincia
1582;1783;Gobernacion-Capitania General;Puerto Rico;Puerto Rico;Puerto Rico @;PRSDPR00;Provincia_mayor
1582;1783;Gobernacion-Capitania General;Puerto Rico;Puerto Rico;Puerto Rico @;PRSDPR00;Provincia_menor
1582;1808;Corregimiento;Loja;Loja, Zamora y Minas de Zaruma;Loja @;JUQULOLO;Jurisdiccion
1582;1808;Corregimiento;Loja;Loja, Zamora y Minas de Zaruma;Loja @;JUQULOLO;Partido
1582;1808;Corregimiento;Loja;Loja, Zamora y Minas de Zaruma;Loja @;JUQULOLO;Provincia_menor
1582;1808;Gobernacion;Jaen;Jaen de Bracamoros;Jaen @ Jaen, Santiago de las Montañas y Santa Maria Nieva @ Jaen de los Pacamoros;PRQUJA00;Jurisdiccion
1582;1808;Gobernacion;Jaen;Jaen de Bracamoros;Jaen @ Jaen, Santiago de las Montañas y Santa Maria Nieva @ Jaen de los Pacamoros;PRQUJA00;Provincia
1582;1808;Gobernacion;Jaen;Jaen de Bracamoros;Jaen @ Jaen, Santiago de las Montañas y Santa Maria Nieva @ Jaen de los Pacamoros;PRQUJA00;Provincia_menor
1582;1808;Jurisdiccion;Monterrey;Monterrey;Monterrey @;JUGDNLMO;Jurisdiccion
1582;1808;Jurisdiccion;Monterrey;Monterrey;Monterrey @;JUGDNLMO;Partido
1583;1586;Corregimiento;Periban;Periban;Periban @ Periban y Tarecuato;JUNEMIPE;Jurisdiccion
1583;1591;Corregimiento;Toluca;Toluca;Toluca @;JUNEMXTO;Jurisdiccion
1583;1591;Corregimiento;Toluca;Toluca;Toluca @;JUNEMXTO;Provincia_menor
1583;1634;Corregimiento;Chimo y Chicama;Chimo y Chicama;Chimo y Chicama @ Chicama y Pacasmayo @ Valle de Chicama @ Chicama y Chimo @ Chicama y Chiclayo @ Chiclayo;JUPETRCC;Jurisdiccion
1583;1634;Corregimiento;Chimo y Chicama;Chimo y Chicama;Chimo y Chicama @ Chicama y Pacasmayo @ Valle de Chicama @ Chicama y Chimo @ Chicama y Chiclayo @ Chiclayo;JUPETRCC;Provincia_menor
1583;1659;Corregimiento;Pacaca;Pacaca;Pacaca @ Pacaca y Azerri;JUGUCRPA;Jurisdiccion
1583;1659;Corregimiento;Quepo;Quepo;Quepo @ Quepos;JUGUCRQU;Jurisdiccion
1583;1716;Corregimiento;Los Andes;Los Andes;Paucartambo @ Los Andes @ Andes del Cuzco;JUPECUPT;Jurisdiccion
1583;1716;Corregimiento;Los Andes;Los Andes;Paucartambo @ Los Andes @ Andes del Cuzco;JUPECUPT;Partido
1583;1716;Corregimiento;Los Andes;Los Andes;Paucartambo @ Los Andes @ Andes del Cuzco;JUPECUPT;Provincia_menor
1583;1755;Alcaldia Mayor;Salazar;Salazar de las Palmas;Salazar @ Zalazar @ Salazar de las Palmas;JUNGPPZA;Jurisdiccion
1583;1755;Alcaldia Mayor;Salazar;Salazar de las Palmas;Salazar @ Zalazar @ Salazar de las Palmas;JUNGPPZA;Partido
1583;1772;Corregimiento;La Plata;La Plata y Villa imperial;Potosi @ Villa imperial @ La Plata y Villa imperial;JUCCPOPO;Jurisdiccion
1583;1772;Corregimiento;La Plata;La Plata y Villa imperial;Potosi @ Villa imperial @ La Plata y Villa imperial;JUCCPOPO;Partido
1583;1772;Corregimiento;La Plata;La Plata y Villa imperial;Potosi @ Villa imperial @ La Plata y Villa imperial;JUCCPOPO;Provincia_menor
1583;1772;Corregimiento;Luya y Chillaos;Luya y Chillaos;Luya y Chillaos @;JUPETRLU;Jurisdiccion
1583;1772;Corregimiento;Luya y Chillaos;Luya y Chillaos;Luya y Chillaos @;JUPETRLU;Partido
1583;1772;Corregimiento;Luya y Chillaos;Luya y Chillaos;Luya y Chillaos @;JUPETRLU;Provincia_menor
1583;1772;Corregimiento;Yamparaez;Yamparaez;Yamparaez @ Amparaes @ Yamparaes @ Yamparaez y Villaverde;JUCCCCYA;Jurisdiccion
1583;1772;Corregimiento;Yamparaez;Yamparaez;Yamparaez @ Amparaes @ Yamparaes @ Yamparaez y Villaverde;JUCCCCYA;Partido
1583;1772;Corregimiento;Yamparaez;Yamparaez;Yamparaez @ Amparaes @ Yamparaes @ Yamparaez y Villaverde;JUCCCCYA;Provincia_menor
1583;1782;Alcaldia Mayor;Tabasco;Tabasco;Tabasco @;JUNETBTB;Jurisdiccion
1583;1782;Alcaldia Mayor;Tabasco;Tabasco;Tabasco @;JUNETBTB;Provincia_menor
1583;1782;Corregimiento;Huarochiri;Huarochiri;Huarochiri @ Guaruquiri;JUPELIHU;Jurisdiccion
1583;1782;Corregimiento;Huarochiri;Huarochiri;Huarochiri @ Guaruquiri;JUPELIHU;Partido
1583;1782;Corregimiento;Huarochiri;Huarochiri;Huarochiri @ Guaruquiri;JUPELIHU;Provincia_menor
1583;1783;Corregimiento;Abancay;Abancay;Abancay @ Anta;JUPECUAB;Jurisdiccion
1583;1783;Corregimiento;Abancay;Abancay;Abancay @ Anta;JUPECUAB;Partido
1583;1783;Corregimiento;Abancay;Abancay;Abancay @ Anta;JUPECUAB;Provincia_menor
1583;1783;Corregimiento;Andahuaylas;Andahuaylas;Andahuaylas @;JUPEHUAH;Jurisdiccion
1583;1783;Corregimiento;Andahuaylas;Andahuaylas;Andahuaylas @;JUPEHUAH;Partido
1583;1783;Corregimiento;Andahuaylas;Andahuaylas;Andahuaylas @;JUPEHUAH;Provincia_menor
1583;1783;Corregimiento;Arequipa;Arequipa;Arequipa @;JUPEARAR;Jurisdiccion
1583;1783;Corregimiento;Arequipa;Arequipa;Arequipa @;JUPEARAR;Partido
1583;1783;Corregimiento;Arequipa;Arequipa;Arequipa @;JUPEARAR;Provincia_menor
1583;1783;Corregimiento;Arica;Arica;Arica @ San Marcos de Arica @ Ilo, Tarapacá y Arica;JUPEARAC;Jurisdiccion
1583;1783;Corregimiento;Arica;Arica;Arica @ San Marcos de Arica @ Ilo, Tarapacá y Arica;JUPEARAC;Partido
1583;1783;Corregimiento;Arica;Arica;Arica @ San Marcos de Arica @ Ilo, Tarapacá y Arica;JUPEARAC;Provincia_menor
1583;1783;Corregimiento;Atacama;Atacama;Atacama @ Atacama y Lipes @ Atacama, Lipez y Condes;JUCCPOAT;Jurisdiccion
1583;1783;Corregimiento;Atacama;Atacama;Atacama @ Atacama y Lipes @ Atacama, Lipez y Condes;JUCCPOAT;Provincia_menor
1583;1783;Corregimiento;Aymaraes;Aymaraes;Aymaraes @;JUPECUAY;Jurisdiccion
1583;1783;Corregimiento;Aymaraes;Aymaraes;Aymaraes @;JUPECUAY;Partido
1583;1783;Corregimiento;Aymaraes;Aymaraes;Aymaraes @;JUPECUAY;Provincia_menor
1583;1783;Corregimiento;Cajamarquilla;Cajamarquilla y Condormarca;Pataz @ Cajamarquilla @ Caxamarquilla @ Cajamarquilla y Collay @ Cajamarquilla, Collay y Leymebamba;JUPETRPA;Jurisdiccion
1583;1783;Corregimiento;Cajamarquilla;Cajamarquilla y Condormarca;Pataz @ Cajamarquilla @ Caxamarquilla @ Cajamarquilla y Collay @ Cajamarquilla, Collay y Leymebamba;JUPETRPA;Partido
1583;1783;Corregimiento;Cajamarquilla;Cajamarquilla y Condormarca;Pataz @ Cajamarquilla @ Caxamarquilla @ Cajamarquilla y Collay @ Cajamarquilla, Collay y Leymebamba;JUPETRPA;Provincia_menor
1583;1783;Corregimiento;Cajatambo;Cajatambo;Cajatambo @;JUPETACA;Jurisdiccion
1583;1783;Corregimiento;Cajatambo;Cajatambo;Cajatambo @;JUPETACA;Partido
1583;1783;Corregimiento;Cajatambo;Cajatambo;Cajatambo @;JUPETACA;Provincia_menor
1583;1783;Corregimiento;Camana;Camana;Camana @;JUPEARCA;Jurisdiccion
1583;1783;Corregimiento;Camana;Camana;Camana @;JUPEARCA;Partido
1583;1783;Corregimiento;Camana;Camana;Camana @;JUPEARCA;Provincia_menor
1583;1783;Corregimiento;Canas y Canchis;Canas y Canchis;Tinta @ Canas y Canchis @ Canas @ Canas y Canches;JUPECUTI;Jurisdiccion
1583;1783;Corregimiento;Canas y Canchis;Canas y Canchis;Tinta @ Canas y Canchis @ Canas @ Canas y Canches;JUPECUTI;Partido
1583;1783;Corregimiento;Canas y Canchis;Canas y Canchis;Tinta @ Canas y Canchis @ Canas @ Canas y Canches;JUPECUTI;Provincia_menor
1583;1783;Corregimiento;Cañete;Cañete;Cañete @;JUPELICA;Jurisdiccion
1583;1783;Corregimiento;Cañete;Cañete;Cañete @;JUPELICA;Partido
1583;1783;Corregimiento;Cañete;Cañete;Cañete @;JUPELICA;Provincia_menor
1583;1783;Corregimiento;Canta;Canta;Canta @;JUPELICN;Jurisdiccion
1583;1783;Corregimiento;Canta;Canta;Canta @;JUPELICN;Partido
1583;1783;Corregimiento;Canta;Canta;Canta @;JUPELICN;Provincia_menor
1583;1783;Corregimiento;Carangas;Carangas;Carangas @;JUCCCCCA;Jurisdiccion
1583;1783;Corregimiento;Carangas;Carangas;Carangas @;JUCCCCCA;Partido
1583;1783;Corregimiento;Carangas;Carangas;Carangas @;JUCCCCCA;Provincia_menor
1583;1783;Corregimiento;Chayanta;Chayanta;Chayanta @ Charcas;JUCCPOCY;Jurisdiccion
1583;1783;Corregimiento;Chayanta;Chayanta;Chayanta @ Charcas;JUCCPOCY;Partido
1583;1783;Corregimiento;Chayanta;Chayanta;Chayanta @ Charcas;JUCCPOCY;Provincia_menor
1583;1783;Corregimiento;Chilques y Masques;Chilques y Masques;Chilques y Masques @ Paruro;JUPECUPA;Jurisdiccion
1583;1783;Corregimiento;Chilques y Masques;Chilques y Masques;Chilques y Masques @ Paruro;JUPECUPA;Partido
1583;1783;Corregimiento;Chilques y Masques;Chilques y Masques;Chilques y Masques @ Paruro;JUPECUPA;Provincia_menor
1583;1783;Corregimiento;Chumbivilcas;Condesuyo y Chumbivilcas;Chumbivilcas @ Condesuyos de Cuzco @ Chumbibilcas;JUPECUCH;Jurisdiccion
1583;1783;Corregimiento;Chumbivilcas;Condesuyo y Chumbivilcas;Chumbivilcas @ Condesuyos de Cuzco @ Chumbibilcas;JUPECUCH;Partido
1583;1783;Corregimiento;Chumbivilcas;Condesuyo y Chumbivilcas;Chumbivilcas @ Condesuyos de Cuzco @ Chumbibilcas;JUPECUCH;Provincia_menor
1583;1783;Corregimiento;Cochabamba;Cochabamba;Cochabamba @ Villa de Oropesa del Valle de Cochabamba;JUCCCBCB;Jurisdiccion
1583;1783;Corregimiento;Cochabamba;Cochabamba;Cochabamba @ Villa de Oropesa del Valle de Cochabamba;JUCCCBCB;Partido
1583;1783;Corregimiento;Cochabamba;Cochabamba;Cochabamba @ Villa de Oropesa del Valle de Cochabamba;JUCCCBCB;Provincia_menor
1583;1783;Corregimiento;Collaguas;Collaguas;Collaguas @ Cailloma @ Cabanaconde;JUPEARCG;Jurisdiccion
1583;1783;Corregimiento;Collaguas;Collaguas;Collaguas @ Cailloma @ Cabanaconde;JUPEARCG;Partido
1583;1783;Corregimiento;Collaguas;Collaguas;Collaguas @ Cailloma @ Cabanaconde;JUPEARCG;Provincia_menor
1583;1783;Corregimiento;Conchucos;Conchucos;Conchucos @;JUPETACO;Jurisdiccion
1583;1783;Corregimiento;Conchucos;Conchucos;Conchucos @;JUPETACO;Partido
1583;1783;Corregimiento;Conchucos;Conchucos;Conchucos @;JUPETACO;Provincia_menor
1583;1783;Corregimiento;Condesuyos;Condesuyos de Arequipa;Condesuyos @;JUPEARCS;Jurisdiccion
1583;1783;Corregimiento;Condesuyos;Condesuyos de Arequipa;Condesuyos @;JUPEARCS;Partido
1583;1783;Corregimiento;Condesuyos;Condesuyos de Arequipa;Condesuyos @;JUPEARCS;Provincia_menor
1583;1783;Corregimiento;Cotabambas;Cotabambas;Cotabambas @ Omasayos @ Cotabambas y Omsuyos;JUPECUCB;Jurisdiccion
1583;1783;Corregimiento;Cotabambas;Cotabambas;Cotabambas @ Omasayos @ Cotabambas y Omsuyos;JUPECUCB;Partido
1583;1783;Corregimiento;Cotabambas;Cotabambas;Cotabambas @ Omasayos @ Cotabambas y Omsuyos;JUPECUCB;Provincia_menor
1583;1783;Corregimiento;Huamalies;Huamalies;Huamalies @;JUPETAHM;Jurisdiccion
1583;1783;Corregimiento;Huamalies;Huamalies;Huamalies @;JUPETAHM;Partido
1583;1783;Corregimiento;Huamalies;Huamalies;Huamalies @;JUPETAHM;Provincia_menor
1583;1783;Corregimiento;Huanuco;Huanuco;Huanuco @;JUPETAHN;Jurisdiccion
1583;1783;Corregimiento;Huanuco;Huanuco;Huanuco @;JUPETAHN;Partido
1583;1783;Corregimiento;Huanuco;Huanuco;Huanuco @;JUPETAHN;Provincia_menor
1583;1783;Corregimiento;Huaylas;Huaylas;Huaylas @;JUPETAHY;Jurisdiccion
1583;1783;Corregimiento;Huaylas;Huaylas;Huaylas @;JUPETAHY;Partido
1583;1783;Corregimiento;Huaylas;Huaylas;Huaylas @;JUPETAHY;Provincia_menor
1583;1783;Corregimiento;Ica;Ica;Ica @ Yca y Pisco @ Ica y Pisco;JUPELIIC;Jurisdiccion
1583;1783;Corregimiento;Ica;Ica;Ica @ Yca y Pisco @ Ica y Pisco;JUPELIIC;Partido
1583;1783;Corregimiento;Ica;Ica;Ica @ Yca y Pisco @ Ica y Pisco;JUPELIIC;Provincia_menor
1583;1783;Corregimiento;Jauja;Jauja;Jauja @ Xauxa;JUPETAJA;Jurisdiccion
1583;1783;Corregimiento;Jauja;Jauja;Jauja @ Xauxa;JUPETAJA;Partido
1583;1783;Corregimiento;Jauja;Jauja;Jauja @ Xauxa;JUPETAJA;Provincia_menor
1583;1783;Corregimiento;La Paz;La Paz;La Paz @;JUCCLPLP;Jurisdiccion
1583;1783;Corregimiento;La Paz;La Paz;La Paz @;JUCCLPLP;Partido
1583;1783;Corregimiento;La Paz;La Paz;La Paz @;JUCCLPLP;Provincia_menor
1583;1783;Corregimiento;Larecaja;Larecaja;Larecaja @ Larecaja y Yungas;JUCCLPLA;Jurisdiccion
1583;1783;Corregimiento;Larecaja;Larecaja;Larecaja @ Larecaja y Yungas;JUCCLPLA;Partido
1583;1783;Corregimiento;Larecaja;Larecaja;Larecaja @ Larecaja y Yungas;JUCCLPLA;Provincia_menor
1583;1783;Corregimiento;Lucanas;Lucanas;Lucanas @ Lucanas, Soros y Andamarcas;JUPEHULU;Jurisdiccion
1583;1783;Corregimiento;Lucanas;Lucanas;Lucanas @ Lucanas, Soros y Andamarcas;JUPEHULU;Partido
1583;1783;Corregimiento;Lucanas;Lucanas;Lucanas @ Lucanas, Soros y Andamarcas;JUPEHULU;Provincia_menor
1583;1783;Corregimiento;Pacajes;Pacajes;Pacajes @ Berenguela;JUCCLPPA;Jurisdiccion
1583;1783;Corregimiento;Pacajes;Pacajes;Pacajes @ Berenguela;JUCCLPPA;Partido
1583;1783;Corregimiento;Pacajes;Pacajes;Pacajes @ Berenguela;JUCCLPPA;Provincia_menor
1583;1783;Corregimiento;Paria;Paria;Paria @;JUCCCCPA;Jurisdiccion
1583;1783;Corregimiento;Paria;Paria;Paria @;JUCCCCPA;Partido
1583;1783;Corregimiento;Paria;Paria;Paria @;JUCCCCPA;Provincia_menor
1583;1783;Corregimiento;Parinacochas;Parinacochas;Parinacochas @;JUPEHUPA;Jurisdiccion
1583;1783;Corregimiento;Parinacochas;Parinacochas;Parinacochas @;JUPEHUPA;Partido
1583;1783;Corregimiento;Parinacochas;Parinacochas;Parinacochas @;JUPEHUPA;Provincia_menor
1583;1783;Corregimiento;Paucarcolla;Paucarcolla;Huancane @ Puno @ Guancane @ Paucarcolla;JUCCPUHU;Jurisdiccion
1583;1783;Corregimiento;Paucarcolla;Paucarcolla;Huancane @ Puno @ Guancane @ Paucarcolla;JUCCPUHU;Partido
1583;1783;Corregimiento;Paucarcolla;Paucarcolla;Huancane @ Puno @ Guancane @ Paucarcolla;JUCCPUHU;Provincia_menor
1583;1783;Corregimiento;Porco;Porco;Porco @;JUCCPOPR;Jurisdiccion
1583;1783;Corregimiento;Porco;Porco;Porco @;JUCCPOPR;Partido
1583;1783;Corregimiento;Porco;Porco;Porco @;JUCCPOPR;Provincia_menor
1583;1783;Corregimiento;Quispicanchis;Quispicanchis;Quispicanchis @ Andahuaylillas @ Quispicanche @ Canches @ Canchis;JUPECUQU;Jurisdiccion
1583;1783;Corregimiento;Quispicanchis;Quispicanchis;Quispicanchis @ Andahuaylillas @ Quispicanche @ Canches @ Canchis;JUPECUQU;Partido
1583;1783;Corregimiento;Quispicanchis;Quispicanchis;Quispicanchis @ Andahuaylillas @ Quispicanche @ Canches @ Canchis;JUPECUQU;Provincia_menor
1583;1783;Corregimiento;Santa;Santa;Santa @;JUPELISA;Jurisdiccion
1583;1783;Corregimiento;Santa;Santa;Santa @;JUPELISA;Partido
1583;1783;Corregimiento;Santa;Santa;Santa @;JUPELISA;Provincia_menor
1583;1783;Corregimiento;Tarija;Tarija;Tarija @ Chichas y Tarija;JUCCPOTA;Jurisdiccion
1583;1783;Corregimiento;Tarija;Tarija;Tarija @ Chichas y Tarija;JUCCPOTA;Partido
1583;1783;Corregimiento;Tarija;Tarija;Tarija @ Chichas y Tarija;JUCCPOTA;Provincia_menor
1583;1783;Corregimiento;Tomina;Tomina;Tomina @;JUCCCCTO;Jurisdiccion
1583;1783;Corregimiento;Tomina;Tomina;Tomina @;JUCCCCTO;Partido
1583;1783;Corregimiento;Tomina;Tomina;Tomina @;JUCCCCTO;Provincia_menor
1583;1783;Corregimiento;Trujillo;Trujillo;Trujillo @;JUPETRTR;Jurisdiccion
1583;1783;Corregimiento;Trujillo;Trujillo;Trujillo @;JUPETRTR;Partido
1583;1783;Corregimiento;Trujillo;Trujillo;Trujillo @;JUPETRTR;Provincia_menor
1583;1783;Corregimiento;Yauyos;Yauyos;Yauyos @;JUPELIYA;Jurisdiccion
1583;1783;Corregimiento;Yauyos;Yauyos;Yauyos @;JUPELIYA;Partido
1583;1783;Corregimiento;Yauyos;Yauyos;Yauyos @;JUPELIYA;Provincia_menor
1583;1786;Alcaldia Mayor;Cuautla Amilpas;Cuautla Amilpas;Cuautla Amilpas @ Cuautla @ Coautla @ Minas de Guautla @ Coyuco;JUNEMXCT;Jurisdiccion
1583;1786;Alcaldia Mayor;Cuautla Amilpas;Cuautla Amilpas;Cuautla Amilpas @ Cuautla @ Coautla @ Minas de Guautla @ Coyuco;JUNEMXCT;Provincia_menor
1583;1786;Alcaldia Mayor;Salinas;Salinas de Peñon Blanco;Salinas de Peñon Blanco @ Peñol Blanco @ Peñon Blanco;JUNESLPB;Jurisdiccion
1583;1786;Alcaldia Mayor;Salinas;Salinas de Peñon Blanco;Salinas de Peñon Blanco @ Peñol Blanco @ Peñon Blanco;JUNESLPB;Provincia_menor
1583;1808;Corregimiento;Quetzaltenango;Quetzaltenango;Quetzaltenango @ Casaltenango;JUGUGUQU;Jurisdiccion
1583;1808;Corregimiento;Quetzaltenango;Quetzaltenango;Quetzaltenango @ Casaltenango;JUGUGUQU;Partido
1583;1808;Corregimiento;Quetzaltenango;Quetzaltenango;Quetzaltenango @ Casaltenango;JUGUGUQU;Provincia_menor
1584;1749;Partido;Camino Real de Campeche;Camino Real de Campeche;Camino Real Alto @ Calkini @ Camino Real de Campeche;JUNEYURA;Partido
1584;1775;Corregimiento;Pasca;Pasca;Pasca @ Pesca @ Fusagazuga @ Fusagasuga @ Sutagaos;JUNGSFPA;Partido
1585;1732;Gobernacion;Trinidad;Isla de Trinidad y La Guayana;Trinidad @ Trinidad y Guayana;PRVETR00;Provincia
1585;1732;Gobernacion;Trinidad;Isla de Trinidad y La Guayana;Trinidad @ Trinidad y Guayana;PRVETR00;Provincia_mayor
1585;1732;Gobernacion;Trinidad;Isla de Trinidad y La Guayana;Trinidad @ Trinidad y Guayana;PRVETR00;Provincia_menor
1585;1761;Provincia;Guayana;Guayana;Guayana @;PRVEGU00;Partido
1585;1761;Provincia;Guayana;Guayana;Guayana @;PRVEGU00;Provincia_menor
1585;1772;Alcaldia Mayor;Purificacion;Purificacion;Tomatlan @ Purificacion;JUGDGDTO;Jurisdiccion
1585;1772;Alcaldia Mayor;Purificacion;Purificacion;Tomatlan @ Purificacion;JUGDGDTO;Partido
1585;1772;Alcaldia Mayor;Purificacion;Purificacion;Tomatlan @ Purificacion;JUGDGDTO;Provincia_menor
1585;1808;Jurisdiccion;San Sebastian;San Sebastian;San Sebastian @;JUVECASS;Jurisdiccion
1585;1808;Jurisdiccion;San Sebastian;San Sebastian;San Sebastian @;JUVECASS;Partido
1587;1808;Gobernacion;Tlaxcala;Tlaxcala;Tlaxcala @;JUNETLTL;Jurisdiccion
1587;1808;Gobernacion;Tlaxcala;Tlaxcala;Tlaxcala @;JUNETLTL;Partido
1587;1808;Gobernacion;Tlaxcala;Tlaxcala;Tlaxcala @;JUNETLTL;Provincia
1587;1808;Gobernacion;Tlaxcala;Tlaxcala;Tlaxcala @;JUNETLTL;Provincia_mayor
1587;1808;Gobernacion;Tlaxcala;Tlaxcala;Tlaxcala @;JUNETLTL;Provincia_menor
1588;1796;Jurisdiccion;Santiago de las Atalayas;Santiago de las Atalayas;Santiago de las Atalayas @;JUNGLLSA;Jurisdiccion
1588;1796;Jurisdiccion;Santiago de las Atalayas;Santiago de las Atalayas;Santiago de las Atalayas @;JUNGLLSA;Partido
1589;1625;Corregimiento;Huayacocotla;Huayacocotla;Huayacocotla @ Guayacocotla y Chicontepec;JUNEPUHY;Jurisdiccion
1589;1625;Corregimiento;Huayacocotla;Huayacocotla;Huayacocotla @ Guayacocotla y Chicontepec;JUNEPUHY;Provincia_menor
1589;1786;Alcaldia Mayor;Cuencame;Cuencame;Cuencame @ Los Mezquitales, Cuencame y Rio de las Nazas;JUGDDUCM;Jurisdiccion
1589;1786;Alcaldia Mayor;Cuencame;Cuencame;Cuencame @ Los Mezquitales, Cuencame y Rio de las Nazas;JUGDDUCM;Partido
1589;1808;Corregimiento;Riobamba;Riobamba;Riobamba @ Villa del Villar don Pardo;JUQURBRB;Jurisdiccion
1589;1808;Corregimiento;Riobamba;Riobamba;Riobamba @ Villa del Villar don Pardo;JUQURBRB;Provincia_menor
1590;1775;Jurisdiccion;Altagracia;Altagracia;Altagracia @ Altagracia de Sumapaz @ Altagracia de Suma Paz @ Altagraica de los Sutagaos @ Altagracia de los Utagaos;JUNGSFAG;Jurisdiccion
1590;1786;Alcaldia Mayor;Zimapan;Minas de Zimapan;Zimapan @ Cimapan @ Minas de Zimapan;JUNEMXZI;Jurisdiccion
1590;1786;Alcaldia Mayor;Zimapan;Minas de Zimapan;Zimapan @ Cimapan @ Minas de Zimapan;JUNEMXZI;Partido
1590;1786;Alcaldia Mayor;Zimapan;Minas de Zimapan;Zimapan @ Cimapan @ Minas de Zimapan;JUNEMXZI;Provincia_menor
1590;1786;Gobernacion-Capitania General;Costa Rica;Costa Rica;Costa Rica @ Nueva Cartago y Costa Rica @ Veragua Real;PRGUCR00;Provincia
1590;1786;Gobernacion-Capitania General;Costa Rica;Costa Rica;Costa Rica @ Nueva Cartago y Costa Rica @ Veragua Real;PRGUCR00;Provincia_mayor
1590;1786;Gobernacion-Capitania General;Costa Rica;Costa Rica;Costa Rica @ Nueva Cartago y Costa Rica @ Veragua Real;PRGUCR00;Provincia_menor
1590;1792;Alcaldia Mayor;Ahuacatlan y Xala;Ahuacatlan y Xala;Ahuacatlan @ Aguacatlan y Xala;JUGDGDAH;Jurisdiccion
1590;1792;Alcaldia Mayor;Ahuacatlan y Xala;Ahuacatlan y Xala;Ahuacatlan @ Aguacatlan y Xala;JUGDGDAH;Partido
1590;1792;Alcaldia Mayor;Ahuacatlan y Xala;Ahuacatlan y Xala;Ahuacatlan @ Aguacatlan y Xala;JUGDGDAH;Provincia_menor
1590;1808;Partido;Valencia;Valencia;Valencia de Jesus @ Pueblo Nuevo @ Pueblonuevo @ Nueva Valencia;PTNGSMPN;Partido
1591;1599;Corregimiento;Periban;Periban;Periban @ Periban y Tarecuato;JUNEMIPE;Jurisdiccion
1591;1599;Corregimiento;Tucurrique;Tucurrique;Turrialba @ Turrialba y Puerto de Suerre @ Ujarraz @ Tucurrique;JUGUCRTR;Jurisdiccion
1591;1599;Corregimiento;Yetecomac y Tornacustla;Yetecomac y Tornacustla;Yetecomac @  Tecomatlan @ Ilitecomatl y Tornacuxtla @ Yeltecomatl @ Yeytecomatl y minas de Tornacustla @ Tecomac, Tornacuxtla y su partido;JCNEMXYE;Jurisdiccion
1591;1648;Alcaldia Mayor;Sichu;Minas de Sichu;San Luis de la Paz @ Minas de Sichu y los Pozos @ Minas de Sichu @ Minas de Xichu @ Sichu y Puxinguia;JUNEGJSP;Jurisdiccion
1591;1648;Alcaldia Mayor;Sichu;Minas de Sichu;San Luis de la Paz @ Minas de Sichu y los Pozos @ Minas de Sichu @ Minas de Xichu @ Sichu y Puxinguia;JUNEGJSP;Provincia_menor
1591;1654;Corregimiento;Jiquilpan;Jiquilpan y Periban;Jiquilpan @ Xiquilpa @ Xiquilpa y Periban @ Xiquilpa y Perivan @ Xiquilpa, Periban y Tinguindin @ San Juan de Periban @ Xiquilpa y Chilchotla;JUNEMIJI;Jurisdiccion
1591;1654;Corregimiento;Jiquilpan;Jiquilpan y Periban;Jiquilpan @ Xiquilpa @ Xiquilpa y Periban @ Xiquilpa y Perivan @ Xiquilpa, Periban y Tinguindin @ San Juan de Periban @ Xiquilpa y Chilchotla;JUNEMIJI;Provincia_menor
1591;1783;Corregimiento;Castrovirreina;Castrovirreina;Castrovirreina @ Castrovirreyna;JUPEHVCA;Jurisdiccion
1591;1783;Corregimiento;Castrovirreina;Castrovirreina;Castrovirreina @ Castrovirreyna;JUPEHVCA;Partido
1591;1783;Corregimiento;Castrovirreina;Castrovirreina;Castrovirreina @ Castrovirreyna;JUPEHVCA;Provincia_menor
1591;1783;Corregimiento;El Cercado;Cercado de Lima;Cercado de Lima @ Cercado;JUPELICL;Jurisdiccion
1591;1783;Corregimiento;El Cercado;Cercado de Lima;Cercado de Lima @ Cercado;JUPELICL;Partido
1591;1783;Corregimiento;El Cercado;Cercado de Lima;Cercado de Lima @ Cercado;JUPELICL;Provincia_menor
1591;1790;Gobernacion;Fronteras de Colotlan;San Luis de Colotlan;Colotlan @ Colotlan y Nayarit @ Fronteras de San Luis de Colotlan @ Fronteras de San Luis Obispo;PRNECT00;Jurisdiccion
1591;1790;Gobernacion;Fronteras de Colotlan;San Luis de Colotlan;Colotlan @ Colotlan y Nayarit @ Fronteras de San Luis de Colotlan @ Fronteras de San Luis Obispo;PRNECT00;Partido
1591;1790;Gobernacion;Fronteras de Colotlan;San Luis de Colotlan;Colotlan @ Colotlan y Nayarit @ Fronteras de San Luis de Colotlan @ Fronteras de San Luis Obispo;PRNECT00;Provincia_menor
1591;1808;Jurisdiccion;Guanare;Guanare;Guanare @;JUVECAGU;Jurisdiccion
1591;1808;Jurisdiccion;Guanare;Guanare;Guanare @;JUVECAGU;Partido
1591;1808;Jurisdiccion;Pedraza;Pedraza;Pedraza @;JUVEMCPZ;Jurisdiccion
1591;1808;Jurisdiccion;Pedraza;Pedraza;Pedraza @;JUVEMCPZ;Partido
1591;1808;Partido;Tetepango;Tetepango;Tetepango @;PTNEMXTP;Partido
1592;1596;Alcaldia Mayor;Toluca;Toluca;Toluca @;JUNEMXTO;Jurisdiccion
1592;1596;Alcaldia Mayor;Toluca;Toluca;Toluca @;JUNEMXTO;Provincia_menor
1592;1786;Alcaldia Mayor;San Luis Potosi;San Luis Potosi;San Luis Potosi @ San Luis Potosi y Real de Guadalcazar;JUNESLSL;Jurisdiccion
1592;1786;Alcaldia Mayor;San Luis Potosi;San Luis Potosi;San Luis Potosi @ San Luis Potosi y Real de Guadalcazar;JUNESLSL;Partido
1592;1786;Alcaldia Mayor;San Luis Potosi;San Luis Potosi;San Luis Potosi @ San Luis Potosi y Real de Guadalcazar;JUNESLSL;Provincia_menor
1592;1808;Jurisdiccion;Gibraltar;Gibraltar;Gibraltar @;JUVEMCGI;Jurisdiccion
1592;1808;Jurisdiccion;Gibraltar;Gibraltar;Gibraltar @;JUVEMCGI;Partido
1593;1598;Alcaldia Mayor;Minas de Ozumatlan;Minas de Ozumatlan;Taimeo @ Minas de Ozumatlan;JCNEMIOZ;Jurisdiccion
1593;1598;Alcaldia Mayor;Minas de Ozumatlan;Minas de Ozumatlan;Taimeo @ Minas de Ozumatlan;JCNEMIOZ;Provincia_menor
1593;1617;Corregimiento;Yaguarzongo;Yaguarzongo;Yaguarzongo @ Yaguarsongo;PRQUYA00;Provincia_menor
1593;1704;Corregimiento;Ubate;Ubate;Ubate @;JUNGSFUB;Partido
1593;1706;Marquesado;El Valle;El Valle;Marquesado del Valle @;SENEMV00;Provincia_menor
1593;1706;Marquesado;El Valle;El Valle;Marquesado del Valle @;SENEMV00;Senorio
1593;1750;Corregimiento;Ubaque;Ubaque;Caqueza @ Ubaque;JUNGSFCA;Partido
1593;1774;Corregimiento;Guatavita;Guatavita;Guatavita @ Choconta;JUNGSFGV;Partido
1593;1785;Corregimiento;Aconcagua;Aconcagua;Aconcagua @ Acolcagua;JUCHSAAC;Jurisdiccion
1593;1785;Corregimiento;Aconcagua;Aconcagua;Aconcagua @ Acolcagua;JUCHSAAC;Partido
1593;1785;Corregimiento;Chillan;Chillan;Chillan @;JUCHCOCH;Jurisdiccion
1593;1785;Corregimiento;Chillan;Chillan;Chillan @;JUCHCOCH;Partido
1593;1785;Corregimiento;Colchagua;Colchagua;Colchagua @;JUCHSACO;Jurisdiccion
1593;1785;Corregimiento;Colchagua;Colchagua;Colchagua @;JUCHSACO;Partido
1593;1785;Corregimiento;Copiapo;Copiapo;Copiapo @;JUCHSACP;Jurisdiccion
1593;1785;Corregimiento;Copiapo;Copiapo;Copiapo @;JUCHSACP;Partido
1593;1785;Corregimiento;Itata;Itata;Itata @;JUCHCOIT;Jurisdiccion
1593;1785;Corregimiento;Itata;Itata;Itata @;JUCHCOIT;Partido
1593;1785;Corregimiento;Maule;Maule;Maule @;JUCHSAMA;Jurisdiccion
1593;1785;Corregimiento;Maule;Maule;Maule @;JUCHSAMA;Partido
1593;1785;Corregimiento;Melipilla;Melipilla;Melipilla @ Milipilla;JUCHSAME;Jurisdiccion
1593;1785;Corregimiento;Melipilla;Melipilla;Melipilla @ Milipilla;JUCHSAME;Partido
1593;1785;Corregimiento;Puchacay;Puchacay;Puchacay @ Talcahuano;JUCHCOPU;Jurisdiccion
1593;1785;Corregimiento;Puchacay;Puchacay;Puchacay @ Talcahuano;JUCHCOPU;Partido
1593;1785;Corregimiento;Quillota;Quillota;Quillota @;JUCHSAQU;Jurisdiccion
1593;1785;Corregimiento;Quillota;Quillota;Quillota @;JUCHSAQU;Partido
1593;1808;Corregimiento;Bogota;Bogota;Bogota @ Sabana @ Fontibon;JUNGSFBG;Partido
1593;1808;Corregimiento;Boza;Boza;Boza @ Boza y Pasca @ Bosa;JUNGSFBZ;Partido
1593;1808;Corregimiento;Chita;Chita;Chita @ Rincon;JUNGTUCH;Partido
1593;1808;Corregimiento;Chita;Chita;Chita @ Rincon;JUNGTUCH;Provincia_menor
1593;1808;Corregimiento;Gameza;Gameza;Gameza @;JUNGTUGA;Partido
1593;1808;Corregimiento;Los Panches;Los Panches;Panches @ Panchez @ Panches y juzgado de canoas de Honda @ Tierra caliente;JUNGMAPA;Partido
1593;1808;Corregimiento;Paypa;Paypa;Paypa @ Paipa @ Combita @ Boabita @ Moabita;JUNGTUPA;Partido
1593;1808;Corregimiento;Sachica;Sachica;Sachica @;JUNGTUSA;Partido
1593;1808;Corregimiento;Sogamoso;Sogamoso;Sogamoso @ Sogamoso y Duitama;JUNGTUSO;Jurisdiccion
1593;1808;Corregimiento;Sogamoso;Sogamoso;Sogamoso @ Sogamoso y Duitama;JUNGTUSO;Partido
1593;1808;Corregimiento;Sogamoso;Sogamoso;Sogamoso @ Sogamoso y Duitama;JUNGTUSO;Provincia_menor
1593;1808;Corregimiento;Tensa;Tensa;Tensa @ Tenza @ Suta @ Ycabuca @ Icabuca @ Icabuco;JUNGTUTE;Partido
1593;1808;Corregimiento;Turmeque;Turmeque;Turmeque @;JUNGTUTM;Partido
1593;1808;Corregimiento;Zipaquira;Zipaquira;Zipaquira @ Zipaquira y Ubate @ Caxica @ Chia;JUNGSFZI;Jurisdiccion
1593;1808;Corregimiento;Zipaquira;Zipaquira;Zipaquira @ Zipaquira y Ubate @ Caxica @ Chia;JUNGSFZI;Partido
1593;1808;Corregimiento;Zipaquira;Zipaquira;Zipaquira @ Zipaquira y Ubate @ Caxica @ Chia;JUNGSFZI;Provincia_menor
1595;1599;Corregimiento;Tzintzuntzan;Tzintzuntzan;Tzintzuntzan @;JCNEMIZZ;Jurisdiccion
1595;1608;Alcaldia Mayor;Cotaxtla;Cotaxtla;Cotaxtla @;JCNEVCCO;Jurisdiccion
1595;1610;Alcaldia Mayor;Tlacotalpa;Tlacotalpa;Tlacotalpa @;JCNEVCTL;Jurisdiccion
1595;1610;Alcaldia Mayor;Tlacotalpa;Tlacotalpa;Tlacotalpa @;JCNEVCTL;Provincia_menor
1595;1638;Alcaldia Mayor;Tuxtla;Tuxtla;Tuxtla @;JCNEVCTU;Jurisdiccion
1595;1709;Corregimiento;Coyoacan;Coyoacan;Coyoacan @ Cuyoacan;JUNEMXCY;Jurisdiccion
1595;1709;Corregimiento;Coyoacan;Coyoacan;Coyoacan @ Cuyoacan;JUNEMXCY;Partido
1595;1709;Corregimiento;Coyoacan;Coyoacan;Coyoacan @ Cuyoacan;JUNEMXCY;Provincia_menor
1595;1761;Comandancia;Guayana;Guayana;Guayana @ Angostura @ Santo Tomas de la Guayana;JUVEGUGU;Jurisdiccion
1595;1786;Alcaldia Mayor;Tacuba;Tacuba;Tacuba @ Tacuba y Coaytilan @ Tenayuca @ Tlalnepantla @ Tlanenepantla @ Tlalnepantlan y Tlacopan;JUNEMXTC;Jurisdiccion
1595;1786;Alcaldia Mayor;Tacuba;Tacuba;Tacuba @ Tacuba y Coaytilan @ Tenayuca @ Tlalnepantla @ Tlanenepantla @ Tlalnepantlan y Tlacopan;JUNEMXTC;Partido
1595;1786;Alcaldia Mayor;Tacuba;Tacuba;Tacuba @ Tacuba y Coaytilan @ Tenayuca @ Tlalnepantla @ Tlanenepantla @ Tlalnepantlan y Tlacopan;JUNEMXTC;Provincia_menor
1595;1808;Corregimiento;Charo;Charo;Charo @ Matalcingo;JUNEMICR;Jurisdiccion
1595;1808;Corregimiento;Charo;Charo;Charo @ Matalcingo;JUNEMICR;Partido
1595;1808;Corregimiento;Charo;Charo;Charo @ Matalcingo;JUNEMICR;Provincia_menor
1596;1598;Jurisdiccion;Nuevo Leon;Nuevo Leon;Nuevo Leon @;PRGDNL00;Provincia
1596;1598;Jurisdiccion;Nuevo Leon;Nuevo Leon;Nuevo Leon @;PRGDNL00;Provincia_mayor
1596;1598;Jurisdiccion;Nuevo Leon;Nuevo Leon;Nuevo Leon @;PRGDNL00;Provincia_menor
1596;1761;Alcaldia Mayor;Ixtlahuaca;Ixtlahuaca y Metepec;Ixtlahuaca @ Mequetepeque @ Istlavaca @ Valle de Matalcingo @ Huitzitzilapa y Valle de Matalcingo @ Ixtlahuaca y Metepec @ Ixtlahuac @ Istlehusicar @ Istlaguaca y Metepeque;JUNEMXIH;Jurisdiccion
1596;1761;Alcaldia Mayor;Ixtlahuaca;Ixtlahuaca y Metepec;Ixtlahuaca @ Mequetepeque @ Istlavaca @ Valle de Matalcingo @ Huitzitzilapa y Valle de Matalcingo @ Ixtlahuaca y Metepec @ Ixtlahuac @ Istlehusicar @ Istlaguaca y Metepeque;JUNEMXIH;Partido
1596;1761;Alcaldia Mayor;Ixtlahuaca;Ixtlahuaca y Metepec;Ixtlahuaca @ Mequetepeque @ Istlavaca @ Valle de Matalcingo @ Huitzitzilapa y Valle de Matalcingo @ Ixtlahuaca y Metepec @ Ixtlahuac @ Istlehusicar @ Istlaguaca y Metepeque;JUNEMXIH;Provincia_menor
1597;1678;Corregimiento;Toluca;Toluca;Toluca @;JUNEMXTO;Jurisdiccion
1598;1776;Gobernacion-Capitania General;Nuevo Mexico;Nuevo Mexico;Nuevo Mexico @;PRGDNM00;Provincia
1598;1776;Gobernacion-Capitania General;Nuevo Mexico;Nuevo Mexico;Nuevo Mexico @;PRGDNM00;Provincia_mayor
1598;1776;Gobernacion-Capitania General;Nuevo Mexico;Nuevo Mexico;Nuevo Mexico @;PRGDNM00;Provincia_menor
1599;1624;Gobernacion;Nuevo Leon;Nuevo Leon;Nuevo Leon @;PRGDNL00;Provincia
1599;1624;Gobernacion;Nuevo Leon;Nuevo Leon;Nuevo Leon @;PRGDNL00;Provincia_mayor
1599;1624;Gobernacion;Nuevo Leon;Nuevo Leon;Nuevo Leon @;PRGDNL00;Provincia_menor
1579;1786;Alcaldia Mayor;Tlapa;Tlapa;Tlapa @ Tlapan;JUNEPUTL;Provincia_menor
1579;1788;Alcaldia Mayor;Tegucigalpa;Tegucigalpa;Tegucigalpa @ Minas y registros de Honduras @ Minas de Tegucigalpa, Acapcap y villa de Choluteca @ Minas de Tegucigalpa y Real del Corpus;JUGUTGTG;Jurisdiccion
1579;1788;Alcaldia Mayor;Tegucigalpa;Tegucigalpa;Tegucigalpa @ Minas y registros de Honduras @ Minas de Tegucigalpa, Acapcap y villa de Choluteca @ Minas de Tegucigalpa y Real del Corpus;JUGUTGTG;Partido
1579;1788;Alcaldia Mayor;Tegucigalpa;Tegucigalpa;Tegucigalpa @ Minas y registros de Honduras @ Minas de Tegucigalpa, Acapcap y villa de Choluteca @ Minas de Tegucigalpa y Real del Corpus;JUGUTGTG;Provincia_menor
1579;1808;Alcaldia Mayor;Atlixco;Atlixco;Atlixco @ Acapetlahuaca @ Atlisco @ Atrisco @ Valle de Atrisco @ Villa de Carrion;JUNEPUAT;Jurisdiccion
1579;1808;Alcaldia Mayor;Atlixco;Atlixco;Atlixco @ Acapetlahuaca @ Atlisco @ Atrisco @ Valle de Atrisco @ Villa de Carrion;JUNEPUAT;Partido
1579;1808;Alcaldia Mayor;Atlixco;Atlixco;Atlixco @ Acapetlahuaca @ Atlisco @ Atrisco @ Valle de Atrisco @ Villa de Carrion;JUNEPUAT;Provincia_menor
1580;1599;Corregimiento;Tepetotutla;Tepetotutla;Tepetotutla @;JCNEOATP;Jurisdiccion
1580;1702;Alcaldia Mayor;Nueva Zaragoza;Minas de San Andres de Nueva Zaragoza;Sensenti @;JUGUCYSE;Jurisdiccion
1580;1702;Alcaldia Mayor;Nueva Zaragoza;Minas de San Andres de Nueva Zaragoza;Sensenti @;JUGUCYSE;Provincia_menor
1580;1770;Corregimiento;Cuenca;Cuenca;Cuenca @;PRQUCU00;Jurisdiccion
1580;1786;Alcaldia Mayor;Huauchinango;Huauchinango;Huauchinango @ Guachinango @ Metateyuca;JUNEPUHN;Jurisdiccion
1580;1786;Alcaldia Mayor;Huauchinango;Huauchinango;Huauchinango @ Guachinango @ Metateyuca;JUNEPUHN;Partido
1580;1786;Alcaldia Mayor;Huauchinango;Huauchinango;Huauchinango @ Guachinango @ Metateyuca;JUNEPUHN;Provincia_menor
1580;1786;Corregimiento;Zacatecas;Zacatecas;Zacatecas @;JUGDZAZA;Jurisdiccion
1580;1786;Corregimiento;Zacatecas;Zacatecas;Zacatecas @;JUGDZAZA;Partido
1580;1786;Corregimiento;Zacatecas;Zacatecas;Zacatecas @;JUGDZAZA;Provincia_menor
1581;1712;Jurisdiccion;Zaragoza;Zaragoza;Zaragoza @;JUNGANZA;Jurisdiccion
1599;1645;Corregimiento;Miahuatlan;Miahuatlan;Miahuatlan @ Miaguatlan;JUNEOAMI;Jurisdiccion
1599;1645;Corregimiento;Miahuatlan;Miahuatlan;Miahuatlan @ Miaguatlan;JUNEOAMI;Provincia_menor
1599;1686;Alcaldia Mayor;Chichicapa;Minas de Chichicapa;Chichicapa @ Santa Catalina de Chichicapa @ Chichicapa y Tetiquipa;JCNEOACC;Jurisdiccion
1599;1686;Alcaldia Mayor;Chichicapa;Minas de Chichicapa;Chichicapa @ Santa Catalina de Chichicapa @ Chichicapa y Tetiquipa;JCNEOACC;Provincia_menor
1599;1730;Corregimiento;Veracruz;Veracruz;Nueva Veracruz @;JUNEVCVE;Jurisdiccion
1599;1730;Corregimiento;Veracruz;Veracruz;Nueva Veracruz @;JUNEVCVE;Partido
1599;1730;Corregimiento;Veracruz;Veracruz;Nueva Veracruz @;JUNEVCVE;Provincia_menor
1599;1735;Tenencia de Alcaldia Mayor;Nieves;Nieves;Nieves @;JUGDZANI;Partido
1599;1786;Alcaldia Mayor;La Antigua;La Antigua;La Antigua @ La Antigua @ Mizantla @ Veracruz Vieja @ Veracruz Antigua;JUNEVCVA;Jurisdiccion
1599;1786;Alcaldia Mayor;La Antigua;La Antigua;La Antigua @ La Antigua @ Mizantla @ Veracruz Vieja @ Veracruz Antigua;JUNEVCVA;Partido
1599;1786;Alcaldia Mayor;La Antigua;La Antigua;La Antigua @ La Antigua @ Mizantla @ Veracruz Vieja @ Veracruz Antigua;JUNEVCVA;Provincia_menor
1599;1808;Corregimiento;La Tacunga;La Tacunga;La Tacunga @ Latacunga;JUQULTLT;Jurisdiccion
1599;1808;Corregimiento;La Tacunga;La Tacunga;La Tacunga @ Latacunga;JUQULTLT;Partido
1599;1808;Corregimiento;La Tacunga;La Tacunga;La Tacunga @ Latacunga;JUQULTLT;Provincia_menor
1600;1632;Corregimiento;Papantla;Papantla;Papantla @;JUNEVCPP;Jurisdiccion
1600;1632;Corregimiento;Papantla;Papantla;Papantla @;JUNEVCPP;Provincia_menor
1600;1640;Corregimiento;Teotihuacan;San Juan Teotihuacan;Teotihuacan @ San Juan Teotihuacan @ Tequecistlan;JUNEMXTH;Jurisdiccion
1600;1640;Corregimiento;Teotihuacan;San Juan Teotihuacan;Teotihuacan @ San Juan Teotihuacan @ Tequecistlan;JUNEMXTH;Provincia_menor
1600;1645;Corregimiento;Cinagua y La Guacana;Cinagua y La Guacana;Cinagua y la Guacana @ Ario @ Santiago Ario @ La Vacana @ La Uacana @ Sinagua y la Guacana @ Cinagua y Aguacana @ Cinagua y Ahuacana @ Cinagua y La Guacana @ Cinagua y La Huacana;JUNEMICI;Jurisdiccion
1600;1645;Corregimiento;Cinagua y La Guacana;Cinagua y La Guacana;Cinagua y la Guacana @ Ario @ Santiago Ario @ La Vacana @ La Uacana @ Sinagua y la Guacana @ Cinagua y Aguacana @ Cinagua y Ahuacana @ Cinagua y La Guacana @ Cinagua y La Huacana;JUNEMICI;Provincia_menor
1600;1651;Corregimiento;Guaspaltepec;Cosamaloapan y Guaspaltepec;Cosamaloapan @ Cuzamaluava @ Cuzamaluaba @ Cosamaloapan y Guaspaltepec @ Cozamaloapan @ Cosamaluapa;JUNEVCCS;Jurisdiccion
1600;1651;Corregimiento;Guaspaltepec;Cosamaloapan y Guaspaltepec;Cosamaloapan @ Cuzamaluava @ Cuzamaluaba @ Cosamaloapan y Guaspaltepec @ Cozamaloapan @ Cosamaluapa;JUNEVCCS;Provincia_menor
1600;1656;Alcaldia Mayor;Hueypustla;Hueypustla;Tetepango @ Tetepango Hueypustla @ Gueispustla @ Huipuxtla @ Tetepango y Misquiaguala @ Tetepango y Mixquiahuala @ Tetepango y Mizquiahuala @ Tetepango y Atitalaquia @ Misquiaguala y Atitalaquia @ Tetepango, Misquiaguala y Atitalaquia @ Tetepango y Quipus;JUNEMXTP;Jurisdiccion
1600;1656;Alcaldia Mayor;Hueypustla;Hueypustla;Tetepango @ Tetepango Hueypustla @ Gueispustla @ Huipuxtla @ Tetepango y Misquiaguala @ Tetepango y Mixquiahuala @ Tetepango y Mizquiahuala @ Tetepango y Atitalaquia @ Misquiaguala y Atitalaquia @ Tetepango, Misquiaguala y Atitalaquia @ Tetepango y Quipus;JUNEMXTP;Provincia_menor
1600;1659;Alcaldia Mayor;Chinantla y Ucila;Chinantla y Ucila;Chinantla y Uzila @ Chinantla y Ucila @ Chinantla, Ucila, Cosamaloapa y Guaspatepeque;JUNEOACT;Jurisdiccion
1600;1659;Alcaldia Mayor;Chinantla y Ucila;Chinantla y Ucila;Chinantla y Uzila @ Chinantla y Ucila @ Chinantla, Ucila, Cosamaloapa y Guaspatepeque;JUNEOACT;Provincia_menor
1600;1659;Corregimiento-Alcaldia Mayor;Turrialba;Turrialba y Puerto de Suerre;Turrialba @ Turrialba y Puerto de Suerre @ Ujarraz @ Tucurrique;JUGUCRTR;Jurisdiccion
1600;1676;Alcaldia Mayor;Antequera;Antequera;Antequera @;JUNEOAAN;Jurisdiccion
1600;1676;Alcaldia Mayor;Antequera;Antequera;Antequera @;JUNEOAAN;Provincia_menor
1600;1679;Corregimiento;Tarasquillo;Tarasquillo;Lerma @ Talasco @ Lerma y Tarasquillo;JUNEMXLE;Jurisdiccion
1600;1679;Corregimiento;Tarasquillo;Tarasquillo;Lerma @ Talasco @ Lerma y Tarasquillo;JUNEMXLE;Provincia_menor
1600;1696;Alcaldia Mayor;Chilapa;Tlacozautitlan y Chilapa;Chilapa @ Provincia de Chilapa @ Tlacozautitlan @ Tlalcozautitlan @ Chilapan @ Chilapam @ Chilapa y Chisla @ Chiapa y Tixtla;JUNEMXCL;Jurisdiccion
1600;1696;Alcaldia Mayor;Chilapa;Tlacozautitlan y Chilapa;Chilapa @ Provincia de Chilapa @ Tlacozautitlan @ Tlalcozautitlan @ Chilapan @ Chilapam @ Chilapa y Chisla @ Chiapa y Tixtla;JUNEMXCL;Provincia_menor
1600;1709;Alcaldia Mayor;Huatulco y Huamelula;Huatulco y Huamelula;Huatulco y Huamelula @ Huatulco y Huamelula @ Guatulco @ Puerto de Guatulco;JUNEOAHM;Jurisdiccion
1600;1709;Alcaldia Mayor;Huatulco y Huamelula;Huatulco y Huamelula;Huatulco y Huamelula @ Huatulco y Huamelula @ Guatulco @ Puerto de Guatulco;JUNEOAHM;Provincia_menor
1600;1709;Partido;Huatulco;Huatulco;Huatulco @;JUNEOAHT;Partido
1600;1710;Alcaldia Mayor;Mapimi;Mapimi;Mapimi @;JUGDDUMA;Jurisdiccion
1600;1710;Alcaldia Mayor;Mapimi;Mapimi;Mapimi @;JUGDDUMA;Partido
1600;1759;Alcaldia Mayor;Guachinango;Guachinango;Guachinango @ Huachinango @ Guachinango y Mascota @ Mascota;JUGDGDGN;Jurisdiccion
1600;1759;Alcaldia Mayor;Guachinango;Guachinango;Guachinango @ Huachinango @ Guachinango y Mascota @ Mascota;JUGDGDGN;Partido
1600;1759;Alcaldia Mayor;Guachinango;Guachinango;Guachinango @ Huachinango @ Guachinango y Mascota @ Mascota;JUGDGDGN;Provincia_menor
1600;1783;Corregimiento;Azangaro;Azangaro;Azangaro @ Azangaro y Asillo @ Collasuyo;JUCCPUAZ;Jurisdiccion
1600;1783;Corregimiento;Azangaro;Azangaro;Azangaro @ Azangaro y Asillo @ Collasuyo;JUCCPUAZ;Partido
1600;1783;Corregimiento;Azangaro;Azangaro;Azangaro @ Azangaro y Asillo @ Collasuyo;JUCCPUAZ;Provincia_menor
1600;1783;Corregimiento;Calca y Lares;Calca y Lares;Calca y Lares @ Calcailares @ Yucay @ valle de Yucao;JUPECUCL;Jurisdiccion
1600;1783;Corregimiento;Calca y Lares;Calca y Lares;Calca y Lares @ Calcailares @ Yucay @ valle de Yucao;JUPECUCL;Partido
1600;1783;Corregimiento;Calca y Lares;Calca y Lares;Calca y Lares @ Calcailares @ Yucay @ valle de Yucao;JUPECUCL;Provincia_menor
1600;1783;Corregimiento;Huanta;Huanta;Huanta @ Azangaro @ Asangaro;JUPEHUHT;Jurisdiccion
1600;1783;Corregimiento;Huanta;Huanta;Huanta @ Azangaro @ Asangaro;JUPEHUHT;Partido
1600;1783;Corregimiento;Huanta;Huanta;Huanta @ Azangaro @ Asangaro;JUPEHUHT;Provincia_menor
1600;1783;Corregimiento;Lampa;Lampa;Lampa @ Cabana y Cabanilla @ Urcosuyo;JUCCPULA;Jurisdiccion
1600;1783;Corregimiento;Lampa;Lampa;Lampa @ Cabana y Cabanilla @ Urcosuyo;JUCCPULA;Partido
1600;1783;Corregimiento;Lampa;Lampa;Lampa @ Cabana y Cabanilla @ Urcosuyo;JUCCPULA;Provincia_menor
1600;1783;Corregimiento;Moquegua;Moquegua;Moquegua @ Carumas y Ubinas @ Collesuyo @ Moqueua @ Moquehua @ Ubinas;JUPEARMO;Jurisdiccion
1600;1783;Corregimiento;Moquegua;Moquegua;Moquegua @ Carumas y Ubinas @ Collesuyo @ Moqueua @ Moquehua @ Ubinas;JUPEARMO;Partido
1600;1783;Corregimiento;Moquegua;Moquegua;Moquegua @ Carumas y Ubinas @ Collesuyo @ Moqueua @ Moquehua @ Ubinas;JUPEARMO;Provincia_menor
1600;1783;Corregimiento;Omasuyos;Omasuyos;Omasuyos @ Llacxa @ Llacja;JUCCLPOM;Jurisdiccion
1600;1783;Corregimiento;Omasuyos;Omasuyos;Omasuyos @ Llacxa @ Llacja;JUCCLPOM;Partido
1600;1783;Corregimiento;Omasuyos;Omasuyos;Omasuyos @ Llacxa @ Llacja;JUCCLPOM;Provincia_menor
1600;1783;Corregimiento;Sicasica;Sicasica;Sicasica @ Caracollo;JUCCLPSI;Jurisdiccion
1600;1783;Corregimiento;Sicasica;Sicasica;Sicasica @ Caracollo;JUCCLPSI;Partido
1600;1783;Corregimiento;Sicasica;Sicasica;Sicasica @ Caracollo;JUCCLPSI;Provincia_menor
1600;1783;Corregimiento;Vilcas Huaman;Vilcas Huaman;Cangallo @ Vilcas Huaman @ Vilcashuaman @ Hananchilques;JUPEHUCA;Jurisdiccion
1600;1783;Corregimiento;Vilcas Huaman;Vilcas Huaman;Cangallo @ Vilcas Huaman @ Vilcashuaman @ Hananchilques;JUPEHUCA;Partido
1600;1783;Corregimiento;Vilcas Huaman;Vilcas Huaman;Cangallo @ Vilcas Huaman @ Vilcashuaman @ Hananchilques;JUPEHUCA;Provincia_menor
1600;1786;Alcaldia Mayor;Jicayan;Jicayan;Jicayan @ Tututepec @ Jamiltepec @ Jamiltepeque @ Xamiltepeque @ Xicayan @ Xicayan y Tututepec;JUNEOAJI;Jurisdiccion
1600;1786;Alcaldia Mayor;Jicayan;Jicayan;Jicayan @ Tututepec @ Jamiltepec @ Jamiltepeque @ Xamiltepeque @ Xicayan @ Xicayan y Tututepec;JUNEOAJI;Partido
1600;1786;Alcaldia Mayor;Jicayan;Jicayan;Jicayan @ Tututepec @ Jamiltepec @ Jamiltepeque @ Xamiltepeque @ Xicayan @ Xicayan y Tututepec;JUNEOAJI;Provincia_menor
1600;1786;Alcaldia Mayor;Pachuca;Minas de Pachuca;Pachuca @ Tizayuca y Zapotlan @ Pachuca y Tesayuca @ Pachuca y Tizayuca @ Minas de Pachuca;JUNEMXPA;Jurisdiccion
1600;1786;Alcaldia Mayor;Pachuca;Minas de Pachuca;Pachuca @ Tizayuca y Zapotlan @ Pachuca y Tesayuca @ Pachuca y Tizayuca @ Minas de Pachuca;JUNEMXPA;Partido
1600;1786;Alcaldia Mayor;Pachuca;Minas de Pachuca;Pachuca @ Tizayuca y Zapotlan @ Pachuca y Tesayuca @ Pachuca y Tizayuca @ Minas de Pachuca;JUNEMXPA;Provincia_menor
1600;1786;Alcaldia Mayor;Tetela del Rio;Tetela del Rio;Tetela del Rio @ Ajuchitlan @ Azuchitlan @ Capulalcolulco;JUNEMXTR;Jurisdiccion
1600;1786;Alcaldia Mayor;Tetela del Rio;Tetela del Rio;Tetela del Rio @ Ajuchitlan @ Azuchitlan @ Capulalcolulco;JUNEMXTR;Partido
1600;1786;Alcaldia Mayor;Tetela del Rio;Tetela del Rio;Tetela del Rio @ Ajuchitlan @ Azuchitlan @ Capulalcolulco;JUNEMXTR;Provincia_menor
1600;1786;Alcaldia Mayor;Tixtla;Tixtla;Tixtla @ Tistla @ Tixtla y Chilapa @ Minas de Zumpango @ Minas de Zumpango y provincia de Tlapa;JUNEMXTI;Partido
1600;1786;Alcaldia Mayor;Villa Alta;Villa Alta;Villa Alta @ Villalta @ Zapotecas;JUNEOAVA;Jurisdiccion
1600;1786;Alcaldia Mayor;Villa Alta;Villa Alta;Villa Alta @ Villalta @ Zapotecas;JUNEOAVA;Partido
1600;1786;Alcaldia Mayor;Villa Alta;Villa Alta;Villa Alta @ Villalta @ Zapotecas;JUNEOAVA;Provincia_menor
1600;1786;Corregimiento;Tochimilco;Tochimilco;Tochimilco @ Ocopetlayuca @ Ocopetlavaca @ Cochimilco @ Xochimilco @ Juchimilco;JUNEPUTO;Jurisdiccion
1600;1786;Corregimiento;Tochimilco;Tochimilco;Tochimilco @ Ocopetlayuca @ Ocopetlavaca @ Cochimilco @ Xochimilco @ Juchimilco;JUNEPUTO;Partido
1600;1786;Corregimiento;Tochimilco;Tochimilco;Tochimilco @ Ocopetlayuca @ Ocopetlavaca @ Cochimilco @ Xochimilco @ Juchimilco;JUNEPUTO;Provincia_menor
1600;1786;Partido;Huamelula;Huamelula;Huamelula @ Huamelula;PTNEOAHM;Partido
1600;1787;Alcaldia Mayor;Huaymeo y Sirandaro;Huaymeo y Sirandaro;Huetamo @ Guimeo y Zirandaro @ Huaymeyo @ Huaymeo y Sirandiro @ Huaymeo y Sirandaro @ Minas del Espiritu Santo;JUNEMIHS;Jurisdiccion
1600;1787;Alcaldia Mayor;Huaymeo y Sirandaro;Huaymeo y Sirandaro;Huetamo @ Guimeo y Zirandaro @ Huaymeyo @ Huaymeo y Sirandiro @ Huaymeo y Sirandaro @ Minas del Espiritu Santo;JUNEMIHS;Partido
1600;1787;Alcaldia Mayor;Huaymeo y Sirandaro;Huaymeo y Sirandaro;Huetamo @ Guimeo y Zirandaro @ Huaymeyo @ Huaymeo y Sirandiro @ Huaymeo y Sirandaro @ Minas del Espiritu Santo;JUNEMIHS;Provincia_menor
1600;1787;Alcaldia Mayor;Tlazazalca;Tlazazalca;Tlazazalca @ La Piedad @ Chilchota y Tlazazalca;JUNEMITZ;Jurisdiccion
1600;1787;Alcaldia Mayor;Tlazazalca;Tlazazalca;Tlazazalca @ La Piedad @ Chilchota y Tlazazalca;JUNEMITZ;Provincia_menor
1600;1787;Partido;Tiripetio;Tiripetio;Tiripetio @ Tiripitio;JUNEMITI;Partido
1600;1790;Alcaldia Mayor;Acaponeta;Acaponeta;Acaponeta @ Senticpac y Acaponeta;JUGDGDAC;Jurisdiccion
1600;1790;Alcaldia Mayor;Acaponeta;Acaponeta;Acaponeta @ Senticpac y Acaponeta;JUGDGDAC;Partido
1600;1790;Alcaldia Mayor;Acaponeta;Acaponeta;Acaponeta @ Senticpac y Acaponeta;JUGDGDAC;Provincia_menor
1600;1808;Jurisdiccion-Tenencia de gobierno;Barbacoas;Barbacoas;Barbacoas @;JUQUPOBA;Jurisdiccion
1600;1808;Jurisdiccion-Tenencia de gobierno;Barbacoas;Barbacoas;Barbacoas @;JUQUPOBA;Partido
1600;1808;Obispado;Concepcion;Concepcion;Concepcion @ La Imperial;OBCHCO00;Obispado
1601;1783;Gobernacion;Chiloe;Chiloe;Chiloe @ Castro;PRCHCH00;Jurisdiccion
1601;1783;Gobernacion;Chiloe;Chiloe;Chiloe @ Castro;PRCHCH00;Provincia
1601;1783;Gobernacion;Chiloe;Chiloe;Chiloe @ Castro;PRCHCH00;Provincia_mayor
1601;1783;Gobernacion;Chiloe;Chiloe;Chiloe @ Castro;PRCHCH00;Provincia_menor
1601;1783;Gobernacion;Huancavelica;Huancavelica;Huancavelica @;JUPEHVHV;Jurisdiccion
1601;1783;Gobernacion;Huancavelica;Huancavelica;Huancavelica @;JUPEHVHV;Partido
1601;1783;Gobernacion;Huancavelica;Huancavelica;Huancavelica @;JUPEHVHV;Provincia
1601;1783;Gobernacion;Huancavelica;Huancavelica;Huancavelica @;JUPEHVHV;Provincia_menor
1601;1786;Alcaldia Mayor;San Juan del Rio;San Juan del Rio;San Juan del Rio @;JUGDDUJR;Jurisdiccion
1601;1786;Alcaldia Mayor;San Juan del Rio;San Juan del Rio;San Juan del Rio @;JUGDDUJR;Partido
1601;1787;Alcaldia Mayor*;Guanacevi;Guanacevi;Guanacevi @ Sape @ Zape @ Guanacivi @ Guanacemi;JUGDDUGC;Jurisdiccion
1601;1787;Alcaldia Mayor*;Guanacevi;Guanacevi;Guanacevi @ Sape @ Zape @ Guanacivi @ Guanacemi;JUGDDUGC;Partido
1601;1789;Alcaldia Mayor;Maravatio;Maravatio;Maravatio @ Maravatio @ Zitacuaro @ Zitacuaro y Angangueo @ Maravatio y Zamora @ Villa de Peñaranda de Bracamonte;JUNEMIMA;Jurisdiccion
1601;1789;Alcaldia Mayor;Maravatio;Maravatio;Maravatio @ Maravatio @ Zitacuaro @ Zitacuaro y Angangueo @ Maravatio y Zamora @ Villa de Peñaranda de Bracamonte;JUNEMIMA;Provincia_menor
1604;1755;Alcaldia Mayor;Amatique;Amatique y Santo Tomas de Castilla;Amatique @ Amatique y Santo Tomas de Castilla;JUGUGUAM;Jurisdiccion
1604;1755;Alcaldia Mayor;Amatique;Amatique y Santo Tomas de Castilla;Amatique @ Amatique y Santo Tomas de Castilla;JUGUGUAM;Partido
1604;1755;Alcaldia Mayor;Amatique;Amatique y Santo Tomas de Castilla;Amatique @ Amatique y Santo Tomas de Castilla;JUGUGUAM;Provincia_menor
1604;1786;Corregimiento;Xilotlan;Xilotlan;Jilotlan @ Xilotlan;JUGDGDJI;Partido
1605;1791;Alcaldia Mayor;Hostotipac;Hostotipac;Hostotipac @ Hostoticpac @ Hostoticpaque @ Hostotipaque @ San Sebastian;JUGDGDHC;Jurisdiccion
1605;1791;Alcaldia Mayor;Hostotipac;Hostotipac;Hostotipac @ Hostoticpac @ Hostoticpaque @ Hostotipaque @ San Sebastian;JUGDGDHC;Partido
1605;1791;Alcaldia Mayor;Hostotipac;Hostotipac;Hostotipac @ Hostoticpac @ Hostoticpaque @ Hostotipaque @ San Sebastian;JUGDGDHC;Provincia_menor
1605;1808;Jurisdiccion;Cariaco;Cariaco;Cariaco @ San Felipe de Austria;JUVECUCA;Partido
1605;1808;Obispado;La Paz;La Paz;La Paz @;OBCCLP00;Obispado
1605;1808;Obispado;Santa Cruz;Santa Cruz de la Sierra;Santa Cruz de la Sierra @;OBCCSC00;Obispado
1606;1737;Provincia;Esmeraldas;Esmeraldas;Esmeraldas @ Atacames @ Santa Rosa @ Quillaseca;PRQUES00;Partido
1606;1737;Provincia;Esmeraldas;Esmeraldas;Esmeraldas @ Atacames @ Santa Rosa @ Quillaseca;PRQUES00;Provincia_menor
1606;1808;Corregimiento;Ibarra;Ibarra;Ibarra @;JUQUIBIB;Jurisdiccion
1606;1808;Corregimiento;Ibarra;Ibarra;Ibarra @;JUQUIBIB;Partido
1606;1808;Corregimiento;Ibarra;Ibarra;Ibarra @;JUQUIBIB;Provincia_menor
1606;1808;Jurisdiccion;Ibague;Ibague;Ibague @;JUNGMAIB;Jurisdiccion
1606;1808;Jurisdiccion;Ibague;Ibague;Ibague @;JUNGMAIB;Partido
1608;1674;Alcaldia Mayor;Escanela;Minas de Escanela;Cadereyta @ Cadereyta y Escanela @ minas de Escanela @ Minas de Escanela, Cerro Gordo y río de las Palmas y valles de Conca, Pamíes, Puxinguía;JUNEMXCA;Jurisdiccion
1608;1674;Alcaldia Mayor;Escanela;Minas de Escanela;Cadereyta @ Cadereyta y Escanela @ minas de Escanela @ Minas de Escanela, Cerro Gordo y río de las Palmas y valles de Conca, Pamíes, Puxinguía;JUNEMXCA;Provincia_menor
1608;1808;Gobernacion;Santiago de Cuba;Santiago de Cuba;Cuba @ Santiago de Cuba;PRSDCU00;Provincia
1608;1808;Gobernacion;Santiago de Cuba;Santiago de Cuba;Cuba @ Santiago de Cuba;PRSDCU00;Provincia_menor
1609;1808;Arzobispado;La Plata;La Plata;La Plata @ Charcas;OBCCCC00;Arzobispado
1609;1808;Arzobispado;La Plata;La Plata;La Plata @ Charcas;OBCCCC00;Obispado
1609;1808;Audiencia Real;Santiago;Santiago;Santiago @ Chile;AUSA0000;Audiencia
1609;1808;Capitania General;Cuba;Cuba;Isla de Cuba @ Isla de Cuba;PRSDIC00;Principal
1609;1808;Capitania General;Cuba;Cuba;Isla de Cuba @ Isla de Cuba;PRSDIC00;Provincia_mayor
1609;1808;Gobernacion;La Habana;La Habana;La Habana @;PRSDLH00;Provincia
1609;1808;Gobernacion;La Habana;La Habana;La Habana @;PRSDLH00;Provincia_menor
1610;1806;Gobernacion;Neiva;Neiva;Neiva @;PRNGNE00;Provincia
1610;1806;Gobernacion;Neiva;Neiva;Neiva @;PRNGNE00;Provincia_menor
1611;1663;Alcaldia Mayor;Ramos;Ramos;Charcas @ Charcas y Sierra de Pinos @ Catorze @ Ramos;JUNESLCH;Jurisdiccion
1611;1663;Alcaldia Mayor;Ramos;Ramos;Charcas @ Charcas y Sierra de Pinos @ Catorze @ Ramos;JUNESLCH;Provincia_menor
1611;1808;Obispado;Huamanga;Huamanga;Huamanga @;OBPEHU00;Obispado
1612;1673;Corregimiento;Tinguindin;Tinguindin;Tinguindin @ Tinhuindin @ Periban y Tinguindin @ y Tacascuaro @ y Chocandiran @ Chocaman;JUNEMITG;Jurisdiccion
1612;1673;Corregimiento;Tinguindin;Tinguindin;Tinguindin @ Tinhuindin @ Periban y Tinguindin @ y Tacascuaro @ y Chocandiran @ Chocaman;JUNEMITG;Provincia_menor
1612;1700;Partido; Pacllas;Los Pacllas;Pacllas @ Los Pacllas;JUPETRPC;Partido
1612;1783;Corregimiento;Angaraes;Angaraes;Angaraes @ Angaraes y Chocorvos;JUPEHVAN;Partido
1612;1808;Corregimiento;Oruro;Oruro;Oruro @;JUCCCCOR;Jurisdiccion
1612;1808;Corregimiento;Oruro;Oruro;Oruro @;JUCCCCOR;Partido
1612;1808;Corregimiento;Oruro;Oruro;Oruro @;JUCCCCOR;Provincia_menor
1612;1808;Jurisdiccion;Neiva;Neiva;Neiva @;JUNGNENE;Jurisdiccion
1612;1808;Jurisdiccion;Neiva;Neiva;Neiva @;JUNGNENE;Partido
1612;1808;Obispado;Arequipa;Arequipa;Arequipa @;OBPEAR00;Obispado
1614;1683;Corregimiento;Vilcabamba;Vilcabamba;Vilcabamba @;JUPECUVI;Provincia_menor
1615;1788;Alcaldia Mayor;Sayula;Sayula y Pueblos de Avalos;Sayula @ Atoyaque @ Pueblos de Avalos @ Zayula;JUGDGDSY;Jurisdiccion
1615;1788;Alcaldia Mayor;Sayula;Sayula y Pueblos de Avalos;Sayula @ Atoyaque @ Pueblos de Avalos @ Zayula;JUGDGDSY;Partido
1615;1788;Alcaldia Mayor;Sayula;Sayula y Pueblos de Avalos;Sayula @ Atoyaque @ Pueblos de Avalos @ Zayula;JUGDGDSY;Provincia_menor
1616;1808;Jurisdiccion;Medellin;Medellin;Medellin @;JUNGANME;Jurisdiccion
1616;1808;Jurisdiccion;Medellin;Medellin;Medellin @;JUNGANME;Partido
1618;1741;Alcaldia Mayor;Guadalcazar;Guadalcazar;Guadalcazar @ San Pedro Guadalcazar @ Real de Guadalcazar @ Minas de Guadalcazar;JUNESLGU;Jurisdiccion
1618;1741;Alcaldia Mayor;Guadalcazar;Guadalcazar;Guadalcazar @ San Pedro Guadalcazar @ Real de Guadalcazar @ Minas de Guadalcazar;JUNESLGU;Partido
1618;1741;Alcaldia Mayor;Guadalcazar;Guadalcazar;Guadalcazar @ San Pedro Guadalcazar @ Real de Guadalcazar @ Minas de Guadalcazar;JUNESLGU;Provincia_menor
1618;1786;Alcaldia Mayor;Cordoba;Cordoba;Cordoba @ Cordoba y Huatusco @ Guatusco @ Goatuzco, Cordoba y Huatusco y Coscomatepeque;JUNEVCCO;Jurisdiccion
1618;1786;Alcaldia Mayor;Cordoba;Cordoba;Cordoba @ Cordoba y Huatusco @ Guatusco @ Goatuzco, Cordoba y Huatusco y Coscomatepeque;JUNEVCCO;Partido
1618;1786;Alcaldia Mayor;Cordoba;Cordoba;Cordoba @ Cordoba y Huatusco @ Guatusco @ Goatuzco, Cordoba y Huatusco y Coscomatepeque;JUNEVCCO;Provincia_menor
1618;1808;Gobernacion;Yaguarzongo;Yaguarzongo;Yaguarzongo @ Yaguarsongo;PRQUYA00;Partido
1619;1732;Alcaldia Mayor;Zacatlan;Zacatlan de las Manzanas;Zacatlan de las Manzanas @ Gueytlalpa @ Teutalpa e Iztepec @ Hueytlalpan;JUNEPUZM;Jurisdiccion
1619;1732;Alcaldia Mayor;Zacatlan;Zacatlan de las Manzanas;Zacatlan de las Manzanas @ Gueytlalpa @ Teutalpa e Iztepec @ Hueytlalpan;JUNEPUZM;Partido
1619;1732;Alcaldia Mayor;Zacatlan;Zacatlan de las Manzanas;Zacatlan de las Manzanas @ Gueytlalpa @ Teutalpa e Iztepec @ Hueytlalpan;JUNEPUZM;Provincia_menor
1619;1743;Gobernacion-Capitania General;San Francisco Borja;San Francisco Borja;Maynas @ San Francisco Borja @ Marañon;PRQUMA00;Jurisdiccion
1619;1743;Gobernacion-Capitania General;San Francisco Borja;San Francisco Borja;Maynas @ San Francisco Borja @ Marañon;PRQUMA00;Provincia
1619;1743;Gobernacion-Capitania General;San Francisco Borja;San Francisco Borja;Maynas @ San Francisco Borja @ Marañon;PRQUMA00;Provincia_mayor
1619;1743;Gobernacion-Capitania General;San Francisco Borja;San Francisco Borja;Maynas @ San Francisco Borja @ Marañon;PRQUMA00;Provincia_menor
1619;1786;Alcaldia Mayor;Mazapil;Mazapil;Mazapil @;JUGDZAMA;Jurisdiccion
1619;1786;Alcaldia Mayor;Mazapil;Mazapil;Mazapil @;JUGDZAMA;Partido
1619;1786;Alcaldia Mayor;Mazapil;Mazapil;Mazapil @;JUGDZAMA;Provincia_menor
1620;1730;Gobernacion-Capitania General;Paraguay;Paraguay;Paraguay @;PRRPPA00;Provincia
1620;1730;Gobernacion-Capitania General;Paraguay;Paraguay;Paraguay @;PRRPPA00;Provincia_mayor
1620;1730;Gobernacion-Capitania General;Paraguay;Paraguay;Paraguay @;PRRPPA00;Provincia_menor
1620;1783;Gobernacion-Capitania General;Rio de la Plata;Rio de la Plata;Buenos Aires @ Rio de la Plata;PRRPBA00;Provincia
1620;1783;Gobernacion-Capitania General;Rio de la Plata;Rio de la Plata;Buenos Aires @ Rio de la Plata;PRRPBA00;Provincia_mayor
1620;1783;Gobernacion-Capitania General;Rio de la Plata;Rio de la Plata;Buenos Aires @ Rio de la Plata;PRRPBA00;Provincia_menor
1620;1808;Obispado;Durango;Durango;Durango @ Guadiana;OBGDDU00;Obispado
1621;1679;Alcaldia Mayor;Jalacingo;Jalacingo;Jalacingo @ Xalacingo;JUNEVCJA;Jurisdiccion
1621;1679;Alcaldia Mayor;Jalacingo;Jalacingo;Jalacingo @ Xalacingo;JUNEVCJA;Provincia_menor
1621;1788;Corregimiento;Tala;Tala;Tala @ Nochistlanejo;JUGDGDTA;Jurisdiccion
1621;1788;Corregimiento;Tala;Tala;Tala @ Nochistlanejo;JUGDGDTA;Partido
1623;1786;Alcaldia Mayor;Apa y Tepeapulco;Apa y Tepeapulco;Apan @ Apa y Tepeapulco @ Apa;JUNEMXAP;Jurisdiccion
1623;1786;Alcaldia Mayor;Apa y Tepeapulco;Apa y Tepeapulco;Apan @ Apa y Tepeapulco @ Apa;JUNEMXAP;Partido
1623;1786;Alcaldia Mayor;Apa y Tepeapulco;Apa y Tepeapulco;Apan @ Apa y Tepeapulco @ Apa;JUNEMXAP;Provincia_menor
1624;1808;Jurisdiccion;Nirgua;Nirgua;Nirgua @;JUVECANI;Jurisdiccion
1624;1808;Jurisdiccion;Nirgua;Nirgua;Nirgua @;JUVECANI;Partido
1625;1776;Gobernacion-Capitania General;Nuevo Leon;Nuevo Leon;Nuevo Leon @;PRGDNL00;Provincia
1625;1776;Gobernacion-Capitania General;Nuevo Leon;Nuevo Leon;Nuevo Leon @;PRGDNL00;Provincia_mayor
1625;1776;Gobernacion-Capitania General;Nuevo Leon;Nuevo Leon;Nuevo Leon @;PRGDNL00;Provincia_menor
1625;1808;Jurisdiccion;La Grita;Espiritu Santo de La Grita;La Grita @;JUVEMCLG;Jurisdiccion
1625;1808;Jurisdiccion;La Grita;Espiritu Santo de La Grita;La Grita @;JUVEMCLG;Partido
1626;1786;Alcaldia Mayor;Huayacocotla;Huayacocotla a y Chicontepec;Huayacocotla @ Guayacocotla y Chicontepec;JUNEPUHY;Jurisdiccion
1626;1786;Alcaldia Mayor;Huayacocotla;Huayacocotla a y Chicontepec;Huayacocotla @ Guayacocotla y Chicontepec;JUNEPUHY;Partido
1626;1786;Alcaldia Mayor;Huayacocotla;Huayacocotla a y Chicontepec;Huayacocotla @ Guayacocotla y Chicontepec;JUNEPUHY;Provincia_menor
1627;1690;Corregimiento;Xilocingo;Xilocingo, Tlaltepec y Texisquiac;Zumpango @ Xilocingo @ Jilocingo @ Citlaltepeque @ Citlaltepec @ Zitlaltepec @ Xilocingo, Tlaltepec y Texisquiac @ Citlaltepeque, Tequisquiapa y Xilocingo;JUNEMXZM;Jurisdiccion
1627;1690;Corregimiento;Xilocingo;Xilocingo, Tlaltepec y Texisquiac;Zumpango @ Xilocingo @ Jilocingo @ Citlaltepeque @ Citlaltepec @ Zitlaltepec @ Xilocingo, Tlaltepec y Texisquiac @ Citlaltepeque, Tequisquiapa y Xilocingo;JUNEMXZM;Provincia_menor
1627;1808;Obispado;Buenos Aires;Buenos Aires;Buenos Aires @;OBRPBA00;Obispado
1628;1783;Corregimiento;Lipes;Lipes;Lipes @ Lipez;JUCCPOLI;Jurisdiccion
1628;1783;Corregimiento;Lipes;Lipes;Lipes @ Lipez;JUCCPOLI;Partido
1628;1783;Corregimiento;Lipes;Lipes;Lipes @ Lipez;JUCCPOLI;Provincia_menor
1628;1786;Alcaldia Mayor;Cerralvo;Cerralvo;Cerralvo @ Minas de San Gregorio;JUGDNLCE;Jurisdiccion
1628;1786;Alcaldia Mayor;Cerralvo;Cerralvo;Cerralvo @ Minas de San Gregorio;JUGDNLCE;Partido
1628;1808;Corregimiento;Chivata;Chivata;Chivata @;JUNGTUCV;Partido
1630;1718;Capitania a guerra;Tihosuco;Tihosuco;Beneficios Altos @ Tihosuco;JUNEYUBA;Partido
1630;1738;Provincia;La Canoa;La Canoa;La Canoa @ Caraquez;JUQUGQCA;Partido
1630;1738;Provincia;La Canoa;La Canoa;La Canoa @ Caraquez;JUQUGQCA;Provincia_menor
1631;1673;Alcaldia Mayor-Corregimiento;Cuicatlan;Cuicatlan y Tecomavaca;Cuicatlan @ Cuicatlan y Tecomavaca;JCNEOACT;Jurisdiccion
1631;1673;Alcaldia Mayor-Corregimiento;Cuicatlan;Cuicatlan y Tecomavaca;Cuicatlan @ Cuicatlan y Tecomavaca;JCNEOACT;Provincia_menor
1631;1724;Jurisdiccion;Parral;Parral;Parral @ Parral, Minas Nuevas y Santa Barbara;JUGDDUPL;Jurisdiccion
1631;1724;Jurisdiccion;Parral;Parral;Parral @ Parral, Minas Nuevas y Santa Barbara;JUGDDUPL;Partido
1631;1783;Corregimiento;Chancay;Chancay;Chancay @ Arnedo;JUPELICH;Jurisdiccion
1631;1783;Corregimiento;Chancay;Chancay;Chancay @ Arnedo;JUPELICH;Partido
1631;1783;Corregimiento;Chancay;Chancay;Chancay @ Arnedo;JUPELICH;Provincia_menor
1631;1783;Corregimiento;Tarma;Tarma;Tarma @ Tarma y Chinchaycocha @ Jarama y Chinchaycocha;JUPETATA;Jurisdiccion
1631;1783;Corregimiento;Tarma;Tarma;Tarma @ Tarma y Chinchaycocha @ Jarama y Chinchaycocha;JUPETATA;Partido
1631;1783;Corregimiento;Tarma;Tarma;Tarma @ Tarma y Chinchaycocha @ Jarama y Chinchaycocha;JUPETATA;Provincia_menor
1631;1786;Alcaldia Mayor;Huajuapan;Huajuapan;Huajuapan @ Guaxuapa @ Guaxuapa y Tequecistepec @  Huaxuapa @ Huajuapa y Tonala @ Huajuapa y Tonala y Minas de Silacayopa;JUNEOAHP;Jurisdiccion
1631;1786;Alcaldia Mayor;Huajuapan;Huajuapan;Huajuapan @ Guaxuapa @ Guaxuapa y Tequecistepec @  Huaxuapa @ Huajuapa y Tonala @ Huajuapa y Tonala y Minas de Silacayopa;JUNEOAHP;Partido
1631;1786;Alcaldia Mayor;Huajuapan;Huajuapan;Huajuapan @ Guaxuapa @ Guaxuapa y Tequecistepec @  Huaxuapa @ Huajuapa y Tonala @ Huajuapa y Tonala y Minas de Silacayopa;JUNEOAHP;Provincia_menor
1631;1794;Gobernacion;Giron;Giron;Giron @ San Juan de Giron y provincia del Oro @ Rio del Oro;JUNGPPGI;Jurisdiccion
1631;1794;Gobernacion;Giron;Giron;Giron @ San Juan de Giron y provincia del Oro @ Rio del Oro;JUNGPPGI;Partido
1631;1794;Gobernacion;Giron;Giron;Giron @ San Juan de Giron y provincia del Oro @ Rio del Oro;JUNGPPGI;Provincia
1631;1794;Gobernacion;Giron;Giron;Giron @ San Juan de Giron y provincia del Oro @ Rio del Oro;JUNGPPGI;Provincia_menor
1632;1659;Corregimiento;Chirripo;Chirripo;Chirripo @;JUGUCRCH;Jurisdiccion
1632;1730;Corregimiento;Sebaco;Sebaco y Chontales;Sebaco @ Sebaco @ Sebaco y Chontales @ Matagalpa @ Matagalpa y Chontales;JUGUNIMG;Jurisdiccion
1632;1730;Corregimiento;Sebaco;Sebaco y Chontales;Sebaco @ Sebaco @ Sebaco y Chontales @ Matagalpa @ Matagalpa y Chontales;JUGUNIMG;Partido
1632;1730;Corregimiento;Sebaco;Sebaco y Chontales;Sebaco @ Sebaco @ Sebaco y Chontales @ Matagalpa @ Matagalpa y Chontales;JUGUNIMG;Provincia_menor
1632;1786;Capitania a guerra;Tizimin;Tizimin;Tizimin @ Tizimin y Chancenote @ Rio Lagartos;JUNEYUTI;Partido
1632;1786;Corregimiento;El Realejo;El Realejo;Realejo @;JUGUNIRE;Jurisdiccion
1632;1786;Corregimiento;El Realejo;El Realejo;Realejo @;JUGUNIRE;Partido
1632;1786;Corregimiento;El Realejo;El Realejo;Realejo @;JUGUNIRE;Provincia_menor
1633;1786;Alcaldia Mayor;Papantla;Papantla;Papantla @;JUNEVCPP;Jurisdiccion
1633;1786;Alcaldia Mayor;Papantla;Papantla;Papantla @;JUNEVCPP;Partido
1633;1786;Alcaldia Mayor;Papantla;Papantla;Papantla @;JUNEVCPP;Provincia_menor
1634;1729;Alcaldia Mayor;Minas Nuevas;Minas Nuevas;Minas Nuevas @ San Diego de Minas Nuevas;JUGDDUMN;Jurisdiccion
1634;1729;Alcaldia Mayor;Minas Nuevas;Minas Nuevas;Minas Nuevas @ San Diego de Minas Nuevas;JUGDDUMN;Partido
1634;1773;Capitania a Guerra;La Cruz;La Cruz;La Cruz @ Real de la Cruz;PMNGCALC;Partido
1635;1786;Alcaldia Mayor;Acayuca;Guazacualco y Acayuca;Acayuca @ Guazacualco @  Coatzacoalcos @ Acayucan @ Goazacoalco;JUNEVCCZ;Jurisdiccion
1635;1786;Alcaldia Mayor;Acayuca;Guazacualco y Acayuca;Acayuca @ Guazacualco @  Coatzacoalcos @ Acayucan @ Goazacoalco;JUNEVCCZ;Partido
1635;1786;Alcaldia Mayor;Acayuca;Guazacualco y Acayuca;Acayuca @ Guazacualco @  Coatzacoalcos @ Acayucan @ Goazacoalco;JUNEVCCZ;Provincia_menor
1636;1718;Corregimiento;Duitama;Duitama;Duitama @ Mogotes y Sincelejo @ Cerinza;JUNGTUDU;Partido
1636;1786;Alcaldia Mayor;Otumba;Otumba;Otumba @;JUNEMXOT;Jurisdiccion
1636;1786;Alcaldia Mayor;Otumba;Otumba;Otumba @;JUNEMXOT;Partido
1636;1786;Alcaldia Mayor;Otumba;Otumba;Otumba @;JUNEMXOT;Provincia_menor
1637;1786;Alcaldia Mayor;Cadereyta;Cadereyta;Cadereyta @ Presidio de Cadereyta;JUGDNLCA;Jurisdiccion
1637;1786;Alcaldia Mayor;Cadereyta;Cadereyta;Cadereyta @ Presidio de Cadereyta;JUGDNLCA;Partido
1637;1808;Jurisdiccion;Arias;Arias;Arias @ Cumanacoa @ San Baltasar de los Arias;JUVECUCB;Partido
1638;1808;Jurisdiccion;Barcelona;Barcelona;Barcelona @ Nueva Barcelona;JUVECUBA;Jurisdiccion
1638;1808;Jurisdiccion;Barcelona;Barcelona;Barcelona @ Nueva Barcelona;JUVECUBA;Partido
1638;1808;Provincia;Nueva Andalucia;Nueva Andalucia;Nueva Andalucia @;PRVECUNA;Jurisdiccion
1639;1791;Alcaldia Mayor;Zapotlan;Zapotlan;Zapotlan @ Tuspa @ Tuxpa @ Zapotlan el Grande @ Tuxpa, Tamazula y Zapotlan;JUGDGDZA;Jurisdiccion
1639;1791;Alcaldia Mayor;Zapotlan;Zapotlan;Zapotlan @ Tuspa @ Tuxpa @ Zapotlan el Grande @ Tuxpa, Tamazula y Zapotlan;JUGDGDZA;Partido
1639;1791;Alcaldia Mayor;Zapotlan;Zapotlan;Zapotlan @ Tuspa @ Tuxpa @ Zapotlan el Grande @ Tuxpa, Tamazula y Zapotlan;JUGDGDZA;Provincia_menor
1639;1808;Alcaldia Mayor;Tuxtla y Cotaxtla;Tuxtla y Cotaxtla;Tuxtla y Cotaxtla @ Tuxtla-Cotaxtla @ Tuxtla, Cotaxtla y La Rinconada @ Tuxtla y Cotastla @ Tuxtla y Catastla @ Tustla y Cotastla @ San Andres Tuxtla;JUNEVCTC;Jurisdiccion
1639;1808;Alcaldia Mayor;Tuxtla y Cotaxtla;Tuxtla y Cotaxtla;Tuxtla y Cotaxtla @ Tuxtla-Cotaxtla @ Tuxtla, Cotaxtla y La Rinconada @ Tuxtla y Cotastla @ Tuxtla y Catastla @ Tustla y Cotastla @ San Andres Tuxtla;JUNEVCTC;Partido
1639;1808;Alcaldia Mayor;Tuxtla y Cotaxtla;Tuxtla y Cotaxtla;Tuxtla y Cotaxtla @ Tuxtla-Cotaxtla @ Tuxtla, Cotaxtla y La Rinconada @ Tuxtla y Cotastla @ Tuxtla y Catastla @ Tustla y Cotastla @ San Andres Tuxtla;JUNEVCTC;Provincia_menor
1640;1732;Gobernacion;Sinaloa;Sinaloa;Sinaloa @ Cinaloa;JUGDSSSI;Jurisdiccion
1640;1732;Gobernacion;Sinaloa;Sinaloa;Sinaloa @ Cinaloa;JUGDSSSI;Partido
1640;1732;Gobernacion;Sinaloa;Sinaloa;Sinaloa @ Cinaloa;JUGDSSSI;Provincia_menor
1640;1786;Alcaldia Mayor;Orizaba;Orizaba;Orizaba @ Tequila @ Cachultenango, Tequila y Chichiquila;JUNEVCOR;Jurisdiccion
1640;1786;Alcaldia Mayor;Orizaba;Orizaba;Orizaba @ Tequila @ Cachultenango, Tequila y Chichiquila;JUNEVCOR;Partido
1640;1786;Alcaldia Mayor;Orizaba;Orizaba;Orizaba @ Tequila @ Cachultenango, Tequila y Chichiquila;JUNEVCOR;Provincia_menor
1640;1786;Alcaldia Mayor;Zempoala;Zempoala;Zempoala @ Cempoala @ Zempoala y Tequicistlan @ Tlalquilpan y Zempoala;JUNEMXZE;Jurisdiccion
1640;1786;Alcaldia Mayor;Zempoala;Zempoala;Zempoala @ Cempoala @ Zempoala y Tequicistlan @ Tlalquilpan y Zempoala;JUNEMXZE;Partido
1640;1786;Alcaldia Mayor;Zempoala;Zempoala;Zempoala @ Cempoala @ Zempoala y Tequicistlan @ Tlalquilpan y Zempoala;JUNEMXZE;Provincia_menor
1641;1786;Alcaldia Mayor;Ecatepec;Ecatepec;Ecatepec @ San Cristobal Ecatepec @ Chiconautla;JUNEMXEC;Jurisdiccion
1641;1786;Alcaldia Mayor;Ecatepec;Ecatepec;Ecatepec @ San Cristobal Ecatepec @ Chiconautla;JUNEMXEC;Partido
1641;1786;Alcaldia Mayor;Ecatepec;Ecatepec;Ecatepec @ San Cristobal Ecatepec @ Chiconautla;JUNEMXEC;Provincia_menor
1641;1786;Alcaldia Mayor;San Juan de Los Llanos;San Juan de Los Llanos;San Juan de Los Llanos @ Tlatlauquitepec;JUNEPUSJ;Jurisdiccion
1641;1786;Alcaldia Mayor;San Juan de Los Llanos;San Juan de Los Llanos;San Juan de Los Llanos @ Tlatlauquitepec;JUNEPUSJ;Partido
1641;1786;Alcaldia Mayor;San Juan de Los Llanos;San Juan de Los Llanos;San Juan de Los Llanos @ Tlatlauquitepec;JUNEPUSJ;Provincia_menor
1641;1786;Alcaldia Mayor;Sonora;Sonora;Sonora @ San Antonio de la Huerta @ Horcasitas @ San Juan Bautista;JUGDSSSO;Jurisdiccion
1641;1786;Alcaldia Mayor;Sonora;Sonora;Sonora @ San Antonio de la Huerta @ Horcasitas @ San Juan Bautista;JUGDSSSO;Provincia_menor
1641;1786;Alcaldia Mayor;Teotihuacan;San Juan Teotihuacan;Teotihuacan @ San Juan Teotihuacan @ Tequecistlan;JUNEMXTH;Jurisdiccion
1641;1786;Alcaldia Mayor;Teotihuacan;San Juan Teotihuacan;Teotihuacan @ San Juan Teotihuacan @ Tequecistlan;JUNEMXTH;Partido
1641;1786;Alcaldia Mayor;Teotihuacan;San Juan Teotihuacan;Teotihuacan @ San Juan Teotihuacan @ Tequecistlan;JUNEMXTH;Provincia_menor
1641;1786;Alcaldia Mayor;Teziutlan;Teziutlan;Teziutlan @ Teciutlan y Atempa @ Teuzitlan @ Teusitlan y Atempa @ Tesiutlan @;JUNEPUTZ;Jurisdiccion
1641;1786;Alcaldia Mayor;Teziutlan;Teziutlan;Teziutlan @ Teciutlan y Atempa @ Teuzitlan @ Teusitlan y Atempa @ Tesiutlan @;JUNEPUTZ;Partido
1641;1786;Alcaldia Mayor;Teziutlan;Teziutlan;Teziutlan @ Teciutlan y Atempa @ Teuzitlan @ Teusitlan y Atempa @ Tesiutlan @;JUNEPUTZ;Provincia_menor
1641;1787;Alcaldia Mayor;San Bartolome;Valle de San Bartolome;Valle de San Bartolome @;JUGDDUVB;Jurisdiccion
1641;1787;Alcaldia Mayor;San Bartolome;Valle de San Bartolome;Valle de San Bartolome @;JUGDDUVB;Partido
1641;1787;Alcaldia Mayor;Tancitaro;Tancitaro y Pizandaro;Tancitaro @ Apatzingan @ y Tapalcatepec @ Tancitaro y Pizandaro @ Tansitaro y Pisandaro @ Tancitaro y Pinzandaro @ Tancitaro, Pizandaro, Cinagua y la Guacana @ Tanzitaro @ Tansitaro @ Tancitaro, Pinzandaro y Motines;JUNEMITC;Jurisdiccion
1641;1787;Alcaldia Mayor;Tancitaro;Tancitaro y Pizandaro;Tancitaro @ Apatzingan @ y Tapalcatepec @ Tancitaro y Pizandaro @ Tansitaro y Pisandaro @ Tancitaro y Pinzandaro @ Tancitaro, Pizandaro, Cinagua y la Guacana @ Tanzitaro @ Tansitaro @ Tancitaro, Pinzandaro y Motines;JUNEMITC;Provincia_menor
1641;1808;Jurisdiccion;Llanos de San Martin;Llanos de San Martin;San Martin @ Llanos de San Martin;JUNGLLSM;Jurisdiccion
1641;1808;Jurisdiccion;Llanos de San Martin;Llanos de San Martin;San Martin @ Llanos de San Martin;JUNGLLSM;Partido
1641;1808;Jurisdiccion;Llanos de San Martin;Llanos de San Martin;San Martin @ Llanos de San Martin;JUNGLLSM;Provincia_menor
1643;1808;Jurisdiccion;Honda;Honda;Honda @;JUNGMAHO;Jurisdiccion
1644;1747;Alcaldia Mayor;San Antonio;San Antonio de los Llanos;Rio Blanco @ Valle de San Antonio de los Llanos;JUGDNLRB;Jurisdiccion
1644;1747;Alcaldia Mayor;San Antonio;San Antonio de los Llanos;Rio Blanco @ Valle de San Antonio de los Llanos;JUGDNLRB;Partido
1644;1808;Jurisdiccion;Pore;Pore;Pore @;JUNGLLPO;Jurisdiccion
1644;1808;Jurisdiccion;Pore;Pore;Pore @;JUNGLLPO;Partido
1645;1656;Corregimiento;Salvatierra;Salvatierra;Salvatierra @;PTNEGJST;Jurisdiccion
1645;1656;Corregimiento;Salvatierra;Salvatierra;Salvatierra @;PTNEGJST;Provincia_menor
1645;1669;Alcaldia Mayor;Atlatlauca del Valle;Atlatlauca y Suchiaca;Atlatlauca del Valle @ Atlatlauca y Suchiaca @ Atlatlahuca;JCNEMXAT;Jurisdiccion
1645;1669;Alcaldia Mayor;Atlatlauca del Valle;Atlatlauca y Suchiaca;Atlatlauca del Valle @ Atlatlauca y Suchiaca @ Atlatlahuca;JCNEMXAT;Provincia_menor
1645;1789;Jurisdiccion;Guaduas;Guaduas;Guaduas @;JUNGSFGD;Jurisdiccion
1645;1789;Jurisdiccion;Guaduas;Guaduas;Guaduas @;JUNGSFGD;Partido
1645;1808;Gobernacion Politico-Militar;Valdivia;Valdivia;Valdivia @;JUCHCOVA;Jurisdiccion
1645;1808;Gobernacion Politico-Militar;Valdivia;Valdivia;Valdivia @;JUCHCOVA;Partido
1645;1808;Gobernacion Politico-Militar;Valdivia;Valdivia;Valdivia @;JUCHCOVA;Provincia
1645;1808;Gobernacion Politico-Militar;Valdivia;Valdivia;Valdivia @;JUCHCOVA;Provincia_mayor
1645;1808;Gobernacion Politico-Militar;Valdivia;Valdivia;Valdivia @;JUCHCOVA;Provincia_menor
1646;1695;Alcaldia Mayor;Papaloticpac;Papaloticpac;Papaloticpac @ Papaloticpac y Tepeuzila @ Papalo;JCNEOAPP;Jurisdiccion
1646;1695;Alcaldia Mayor;Papaloticpac;Papaloticpac;Papaloticpac @ Papaloticpac y Tepeuzila @ Papalo;JCNEOAPP;Partido
1646;1695;Alcaldia Mayor;Papaloticpac;Papaloticpac;Papaloticpac @ Papaloticpac y Tepeuzila @ Papalo;JCNEOAPP;Provincia_menor
1646;1710;Alcaldia Mayor;Sochicoatlan;Sochicoatlan;Sochicoatlan @ Xochicoatlan @ Sochiquitlan @ Jochiquiatlan @ Zochicoatlan @ Sochiguautla;JUNEMXSO;Jurisdiccion
1646;1710;Alcaldia Mayor;Sochicoatlan;Sochicoatlan;Sochicoatlan @ Xochicoatlan @ Sochiquitlan @ Jochiquiatlan @ Zochicoatlan @ Sochiguautla;JUNEMXSO;Partido
1646;1710;Alcaldia Mayor;Sochicoatlan;Sochicoatlan;Sochicoatlan @ Xochicoatlan @ Sochiquitlan @ Jochiquiatlan @ Zochicoatlan @ Sochiguautla;JUNEMXSO;Provincia_menor
1646;1710;Alcaldia Mayor;Yahualica;Yahualica;Yahualica @ Yagualica @ Yagualica y Sochicoatlan @ Yagualica y Zochicoatlan @ Yagualica y Jochiquiatlan @ Sochiguautla;JUNEMXYA;Jurisdiccion
1646;1710;Alcaldia Mayor;Yahualica;Yahualica;Yahualica @ Yagualica @ Yagualica y Sochicoatlan @ Yagualica y Zochicoatlan @ Yagualica y Jochiquiatlan @ Sochiguautla;JUNEMXYA;Partido
1646;1710;Alcaldia Mayor;Yahualica;Yahualica;Yahualica @ Yagualica @ Yagualica y Sochicoatlan @ Yagualica y Zochicoatlan @ Yagualica y Jochiquiatlan @ Sochiguautla;JUNEMXYA;Provincia_menor
1646;1729;Alcaldia Mayor;Cinagua y La Guacana;Cinagua y La Guacana;Cinagua y la Guacana @ Ario @ Santiago Ario @ La Vacana @ La Uacana @ Sinagua y la Guacana @ Cinagua y Aguacana @ Cinagua y Ahuacana @ Cinagua y La Guacana @ Cinagua y La Huacana;JUNEMICI;Jurisdiccion
1646;1729;Alcaldia Mayor;Cinagua y La Guacana;Cinagua y La Guacana;Cinagua y la Guacana @ Ario @ Santiago Ario @ La Vacana @ La Uacana @ Sinagua y la Guacana @ Cinagua y Aguacana @ Cinagua y Ahuacana @ Cinagua y La Guacana @ Cinagua y La Huacana;JUNEMICI;Partido
1646;1729;Alcaldia Mayor;Cinagua y La Guacana;Cinagua y La Guacana;Cinagua y la Guacana @ Ario @ Santiago Ario @ La Vacana @ La Uacana @ Sinagua y la Guacana @ Cinagua y Aguacana @ Cinagua y Ahuacana @ Cinagua y La Guacana @ Cinagua y La Huacana;JUNEMICI;Provincia_menor
1646;1750;Comandancia;Cerro Gordo;Cerro Gordo;Cerro Gordo @;JUGDDUCG;Partido
1646;1786;Alcaldia Mayor;Cholula;Cholula;Cholula @;JUNEPUCL;Jurisdiccion
1646;1786;Alcaldia Mayor;Cholula;Cholula;Cholula @;JUNEPUCL;Partido
1646;1786;Alcaldia Mayor;Cholula;Cholula;Cholula @;JUNEPUCL;Provincia_menor
1646;1786;Alcaldia Mayor;Coatepec;Coatepec;Coatepec @ Coatepec Chalco @ Coatepeque @ Guautepec @ Guautepeque;JUNEMXCO;Jurisdiccion
1646;1786;Alcaldia Mayor;Coatepec;Coatepec;Coatepec @ Coatepec Chalco @ Coatepeque @ Guautepec @ Guautepeque;JUNEMXCO;Partido
1646;1786;Alcaldia Mayor;Coatepec;Coatepec;Coatepec @ Coatepec Chalco @ Coatepeque @ Guautepec @ Guautepeque;JUNEMXCO;Provincia_menor
1646;1786;Alcaldia Mayor;Huejotzingo;Huejotzingo;Huejotzingo @ Guejosingo @ Huexocingo;JUNEPUHZ;Jurisdiccion
1646;1786;Alcaldia Mayor;Huejotzingo;Huejotzingo;Huejotzingo @ Guejosingo @ Huexocingo;JUNEPUHZ;Partido
1646;1786;Alcaldia Mayor;Huejotzingo;Huejotzingo;Huejotzingo @ Guejosingo @ Huexocingo;JUNEPUHZ;Provincia_menor
1646;1786;Alcaldia Mayor;Miahuatlan;Miahuatlan;Miahuatlan @ Miaguatlan;JUNEOAMI;Jurisdiccion
1646;1786;Alcaldia Mayor;Miahuatlan;Miahuatlan;Miahuatlan @ Miaguatlan;JUNEOAMI;Partido
1646;1786;Alcaldia Mayor;Miahuatlan;Miahuatlan;Miahuatlan @ Miaguatlan;JUNEOAMI;Provincia_menor
1646;1786;Alcaldia Mayor;Salinas;Salinas;Valle de Salinas @;JUGDNLSA;Jurisdiccion
1646;1786;Alcaldia Mayor;Salinas;Salinas;Valle de Salinas @;JUGDNLSA;Partido
1646;1786;Alcaldia Mayor;Tenango del Valle;Tenango del Valle;Tenango del Valle @ Teutenango;JUNEMXTV;Jurisdiccion
1646;1786;Alcaldia Mayor;Tenango del Valle;Tenango del Valle;Tenango del Valle @ Teutenango;JUNEMXTV;Partido
1646;1786;Alcaldia Mayor;Tenango del Valle;Tenango del Valle;Tenango del Valle @ Teutenango;JUNEMXTV;Provincia_menor
1648;1786;Alcaldia Mayor*;Mexicaltzingo;Mexicaltzingo;Mexicaltzingo @;JUNEMXMZ;Jurisdiccion
1648;1786;Alcaldia Mayor*;Mexicaltzingo;Mexicaltzingo;Mexicaltzingo @;JUNEMXMZ;Partido
1648;1786;Alcaldia Mayor*;Mexicaltzingo;Mexicaltzingo;Mexicaltzingo @;JUNEMXMZ;Provincia_menor
1649;1786;Alcaldia Mayor;San Luis de la Paz;San Luis de la Paz;San Luis de la Paz @ Minas de Sichu y los Pozos @ Minas de Sichu @ Minas de Xichu @ Sichu y Puxinguia;JUNEGJSP;Jurisdiccion
1649;1786;Alcaldia Mayor;San Luis de la Paz;San Luis de la Paz;San Luis de la Paz @ Minas de Sichu y los Pozos @ Minas de Sichu @ Minas de Xichu @ Sichu y Puxinguia;JUNEGJSP;Partido
1649;1786;Alcaldia Mayor;San Luis de la Paz;San Luis de la Paz;San Luis de la Paz @ Minas de Sichu y los Pozos @ Minas de Sichu @ Minas de Xichu @ Sichu y Puxinguia;JUNEGJSP;Provincia_menor
1650;1808;Jurisdiccion;Muzo;Muzo;Muzo @ Muso;JUNGTUMU;Jurisdiccion
1650;1808;Jurisdiccion;Muzo;Muzo;Muzo @ Muso;JUNGTUMU;Partido
1650;1956;Alcaldia Mayor;Huejutla;Huejutla;Huejutla @ Huexutla @ Guejutla @ Guaxutla @;JUNEMXHJ;Jurisdiccion
1650;1956;Alcaldia Mayor;Huejutla;Huejutla;Huejutla @ Huexutla @ Guejutla @ Guaxutla @;JUNEMXHJ;Partido
1650;1956;Alcaldia Mayor;Huejutla;Huejutla;Huejutla @ Huexutla @ Guejutla @ Guaxutla @;JUNEMXHJ;Provincia_menor
1651;1740;Corregimiento;Xonacatlan;Xonacatlan;Tecpatitlan @ Tepatitlan @ Tepactitlan @ Colimilla y Matatlan @ Xonacatlan @ Colimilla @ Amatatlan y Colimilla;JUGDGDTT;Jurisdiccion
1651;1740;Corregimiento;Xonacatlan;Xonacatlan;Tecpatitlan @ Tepatitlan @ Tepactitlan @ Colimilla y Matatlan @ Xonacatlan @ Colimilla @ Amatatlan y Colimilla;JUGDGDTT;Partido
1651;1775;Alcaldia Mayor;Iguala;Iguala;Iguala @ Ihuala @ Yguala @ Tepecocuilco;JUNEMXIG;Jurisdiccion
1651;1775;Alcaldia Mayor;Iguala;Iguala;Iguala @ Ihuala @ Yguala @ Tepecocuilco;JUNEMXIG;Partido
1651;1775;Alcaldia Mayor;Iguala;Iguala;Iguala @ Ihuala @ Yguala @ Tepecocuilco;JUNEMXIG;Provincia_menor
1651;1786;Alcaldia Mayor;Huichapan;Huichapan;Huichapan @ Xilotepec @ Guichapa @ Jilotepec @ Xilotepeque @ Jilotepeque @ Guachiapa @ Hueychiapa @ Gilotepec y Guichapa @ Huichiapa;JUNEMXHU;Jurisdiccion
1651;1786;Alcaldia Mayor;Huichapan;Huichapan;Huichapan @ Xilotepec @ Guichapa @ Jilotepec @ Xilotepeque @ Jilotepeque @ Guachiapa @ Hueychiapa @ Gilotepec y Guichapa @ Huichiapa;JUNEMXHU;Partido
1651;1786;Alcaldia Mayor;Huichapan;Huichapan;Huichapan @ Xilotepec @ Guichapa @ Jilotepec @ Xilotepeque @ Jilotepeque @ Guachiapa @ Hueychiapa @ Gilotepec y Guichapa @ Huichiapa;JUNEMXHU;Provincia_menor
1651;1788;Alcaldia Mayor;Senticpac;Senticpac;Senticpac @ Sentipac @ Centicpac @ Sentispac @ Sentipaque @ Senticpac y Tenamachi;JUGDGDSE;Jurisdiccion
1651;1788;Alcaldia Mayor;Senticpac;Senticpac;Senticpac @ Sentipac @ Centicpac @ Sentispac @ Sentipaque @ Senticpac y Tenamachi;JUGDGDSE;Partido
1651;1788;Alcaldia Mayor;Senticpac;Senticpac;Senticpac @ Sentipac @ Centicpac @ Sentispac @ Sentipaque @ Senticpac y Tenamachi;JUGDGDSE;Provincia_menor
1651;1789;Alcaldia Mayor;Tequepespan;Santa Maria Tequepespan;Santa Maria Del Oro @ Tequepexpa @ Tequepespan @ Chimaltitlan;JUGDGDSM;Jurisdiccion
1651;1789;Alcaldia Mayor;Tequepespan;Santa Maria Tequepespan;Santa Maria Del Oro @ Tequepexpa @ Tequepespan @ Chimaltitlan;JUGDGDSM;Partido
1651;1789;Alcaldia Mayor;Tequepespan;Santa Maria Tequepespan;Santa Maria Del Oro @ Tequepexpa @ Tequepespan @ Chimaltitlan;JUGDGDSM;Provincia_menor
1651;1791;Corregimiento;La Barranca;Zapopan;San Cristobal de La Barranca @ Zapopan @ Cuzcatitlan @ Pueblos de la Barranca @ Camotlan y Cuzcatlan @ Tequecistlan;JUGDGDSC;Jurisdiccion
1651;1791;Corregimiento;La Barranca;Zapopan;San Cristobal de La Barranca @ Zapopan @ Cuzcatitlan @ Pueblos de la Barranca @ Camotlan y Cuzcatlan @ Tequecistlan;JUGDGDSC;Partido
1651;1792;Alcaldia Mayor;Tepic;Tepic;Tepic @ Tepique;JUGDGDTE;Jurisdiccion
1651;1792;Alcaldia Mayor;Tepic;Tepic;Tepic @ Tepique;JUGDGDTE;Partido
1651;1792;Alcaldia Mayor;Tepic;Tepic;Tepic @ Tepique;JUGDGDTE;Provincia_menor
1651;1797;Jurisdiccion;Compostela;Compostela;Compostela @;JUGDGDCP;Jurisdiccion
1652;1691;Alcaldia Mayor;Cosamaloapan;Cosamaloapan y Guaspaltepec;Cosamaloapan @ Cuzamaluava @ Cuzamaluaba @ Cosamaloapan y Guaspaltepec @ Cozamaloapan @ Cosamaluapa;JUNEVCCS;Jurisdiccion
1652;1691;Alcaldia Mayor;Cosamaloapan;Cosamaloapan y Guaspaltepec;Cosamaloapan @ Cuzamaluava @ Cuzamaluaba @ Cosamaloapan y Guaspaltepec @ Cozamaloapan @ Cosamaluapa;JUNEVCCS;Provincia_menor
1654;1670;Corregimiento-Alcaldia Mayor;Tlayacapa;Totolapa y Tlayacapa;Tlayacapa @ Totolapa;JUNEMXTY;Jurisdiccion
1654;1670;Corregimiento-Alcaldia Mayor;Tlayacapa;Totolapa y Tlayacapa;Tlayacapa @ Totolapa;JUNEMXTY;Provincia_menor
1655;1668;Partido;Chilchota;Chilchota;Chilchota @ Chilchotla;JUNEMICH;Jurisdiccion
1655;1668;Partido;Chilchota;Chilchota;Chilchota @ Chilchotla;JUNEMICH;Provincia_menor
1655;1673;Corregimiento;Jiquilpan;Jiquilpan y Chilchota;Jiquilpan @ Xiquilpa @ Xiquilpa y Periban @ Xiquilpa y Perivan @ Xiquilpa, Periban y Tinguindin @ San Juan de Periban @ Xiquilpa y Chilchotla;JUNEMIJI;Jurisdiccion
1655;1673;Corregimiento;Jiquilpan;Jiquilpan y Chilchota;Jiquilpan @ Xiquilpa @ Xiquilpa y Periban @ Xiquilpa y Perivan @ Xiquilpa, Periban y Tinguindin @ San Juan de Periban @ Xiquilpa y Chilchotla;JUNEMIJI;Provincia_menor
1655;1764;Corregimiento;Estancia del Rey;Estancia del Rey;Rere @ Estancia del Rey @ Buena-Esperanza;JUCHCORE;Jurisdiccion
1655;1764;Corregimiento;Estancia del Rey;Estancia del Rey;Rere @ Estancia del Rey @ Buena-Esperanza;JUCHCORE;Partido
1655;1786;Capitania a guerra;La Sierra;Sierra Alta y Baja;La Sierra @ Sierra Alta y Baja @ Sierra Alta;JUNEYULS;Partido
1657;1678;Alcaldia Mayor;Tetepango;Tetepango y Hueypustla;Tetepango @ Tetepango Hueypustla @ Gueispustla @ Huipuxtla @ Tetepango y Misquiaguala @ Tetepango y Mixquiahuala @ Tetepango y Mizquiahuala @ Tetepango y Atitalaquia @ Misquiaguala y Atitalaquia @ Tetepango, Misquiaguala y Atitalaquia @ Tetepango y Quipus;JUNEMXTP;Jurisdiccion
1657;1792;Alcaldia Mayor;Cuitzeo;Cuitzeo de la Laguna;Cuitzeo de la Laguna @ Cuiseo @  Cuiceo @ Cuisco de la Laguna;JUNEMICL;Jurisdiccion
1657;1792;Alcaldia Mayor;Cuitzeo;Cuitzeo de la Laguna;Cuitzeo de la Laguna @ Cuiseo @  Cuiceo @ Cuisco de la Laguna;JUNEMICL;Partido
1657;1792;Alcaldia Mayor;Cuitzeo;Cuitzeo de la Laguna;Cuitzeo de la Laguna @ Cuiseo @  Cuiceo @ Cuisco de la Laguna;JUNEMICL;Provincia_menor
1657;1808;Jurisdiccion;Salvatierra;Salvatierra;Salvatierra @;PTNEGJST;Partido
1659;1740;Partido;Cienega;Cienega de los Olivos;Cienega de los Olivos @;JUGDDUCI;Partido
1660;1661;Alcaldia Mayor;Chinantla y Ucila;Chinantla y Ucila;Chinantla y Uzila @ Chinantla y Ucila @ Chinantla, Ucila, Cosamaloapa y Guaspatepeque;JUNEOACT;Jurisdiccion
1660;1739;Alcaldia Mayor;Huejutla;Huejutla;Huejutla @ Huexutla @ Guejutla @ Guaxutla @;JUNEMXHJ;Jurisdiccion
1660;1739;Alcaldia Mayor;Huejutla;Huejutla;Huejutla @ Huexutla @ Guejutla @ Guaxutla @;JUNEMXHJ;Partido
1660;1739;Alcaldia Mayor;Huejutla;Huejutla;Huejutla @ Huexutla @ Guejutla @ Guaxutla @;JUNEMXHJ;Provincia_menor
1660;1786;Alcaldia Mayor;Tetela y Jonotla;Tetela y Jonotla;Tetela y Jonotla @ Xonotla y Tetela;JUNEPUTJ;Jurisdiccion
1660;1786;Alcaldia Mayor;Tetela y Jonotla;Tetela y Jonotla;Tetela y Jonotla @ Xonotla y Tetela;JUNEPUTJ;Partido
1660;1786;Alcaldia Mayor;Tetela y Jonotla;Tetela y Jonotla;Tetela y Jonotla @ Xonotla y Tetela;JUNEPUTJ;Provincia_menor
1661;1786;Partido;Tencoa;Tencoa;Tencoa @ Santa Barbara;JUGUCYTC;Partido
1662;1670;Alcaldia Mayor;Chinantla y Ucila;Chinantla y Ucila;Chinantla y Uzila @ Chinantla y Ucila @ Chinantla, Ucila, Cosamaloapa y Guaspatepeque;JUNEOACT;Jurisdiccion
1662;1670;Alcaldia Mayor;Chinantla y Ucila;Chinantla y Ucila;Chinantla y Uzila @ Chinantla y Ucila @ Chinantla, Ucila, Cosamaloapa y Guaspatepeque;JUNEOACT;Provincia_menor
1662;1808;Corregimiento;Queretaro;Queretaro;Queretaro @;JUNEMXQU;Jurisdiccion
1662;1808;Corregimiento;Queretaro;Queretaro;Queretaro @;JUNEMXQU;Partido
1662;1808;Corregimiento;Queretaro;Queretaro;Queretaro @;JUNEMXQU;Provincia_menor
1662;1808;Gobernacion;San Faustino;San Faustino de los Rios;San Faustino de los Rios @ Chinatos @ San Justino;JUNGTUSF;Jurisdiccion
1662;1808;Gobernacion;San Faustino;San Faustino de los Rios;San Faustino de los Rios @ Chinatos @ San Justino;JUNGTUSF;Partido
1662;1808;Gobernacion;San Faustino;San Faustino de los Rios;San Faustino de los Rios @ Chinatos @ San Justino;JUNGTUSF;Provincia
1662;1808;Gobernacion;San Faustino;San Faustino de los Rios;San Faustino de los Rios @ Chinatos @ San Justino;JUNGTUSF;Provincia_menor
1663;1671;Audiencia Real;Buenos Aires;Buenos Aires;Buenos Aires @ Rio de la Plata;AUBA0000;Audiencia
1664;1687;Alcaldia Mayor;Tecali;Tecali;Tecali @ Santiago Tecali @ Tecalco;JUNEPUTC;Jurisdiccion
1664;1687;Alcaldia Mayor;Tecali;Tecali;Tecali @ Santiago Tecali @ Tecalco;JUNEPUTC;Provincia_menor
1664;1786;Alcaldia Mayor;Charcas;Charcas;Charcas @ Charcas y Sierra de Pinos @ Catorze @ Ramos;JUNESLCH;Jurisdiccion
1664;1786;Alcaldia Mayor;Charcas;Charcas;Charcas @ Charcas y Sierra de Pinos @ Catorze @ Ramos;JUNESLCH;Partido
1664;1786;Alcaldia Mayor;Charcas;Charcas;Charcas @ Charcas y Sierra de Pinos @ Catorze @ Ramos;JUNESLCH;Provincia_menor
1664;1808;Tenencia de gobierno;Purificacion;Purificacion;Purificacion @;JUNGNEPU;Jurisdiccion
1664;1808;Tenencia de gobierno;Purificacion;Purificacion;Purificacion @;JUNGNEPU;Partido
1665;1700;Alcaldia Mayor;Huatlatlauca;Huatlatlauca;Huatlatlauca @ Huatlatlauca y Huehuetlan @ Guatlatlauca de Puebla @ Atlatlauca;JUNEPUHH;Jurisdiccion
1665;1700;Alcaldia Mayor;Huatlatlauca;Huatlatlauca;Huatlatlauca @ Huatlatlauca y Huehuetlan @ Guatlatlauca de Puebla @ Atlatlauca;JUNEPUHH;Provincia_menor
1665;1786;Alcaldia Mayor;Tepexi de la Seda;Tepexi de la Seda;Tepexi de la Seda @ Tepeji de la Seda y Guatlatlauca @ Zepexi de la Seda @ Tepeji de la Seda @ Tepeji @ Tepexi de la Seda y Atlatlauca @ Tepexi de la Seda, Acatlan y Piastla;JUNEPUTS;Jurisdiccion
1665;1786;Alcaldia Mayor;Tepexi de la Seda;Tepexi de la Seda;Tepexi de la Seda @ Tepeji de la Seda y Guatlatlauca @ Zepexi de la Seda @ Tepeji de la Seda @ Tepeji @ Tepexi de la Seda y Atlatlauca @ Tepexi de la Seda, Acatlan y Piastla;JUNEPUTS;Provincia_menor
1666;1703;Partido;Rosario;Rosario;Rosario @ Chametla @ Chametla y Salinas @ Real de Rosario y Chametla @ Chiametla;JUGDSSRO;Jurisdiccion
1666;1703;Partido;Rosario;Rosario;Rosario @ Chametla @ Chametla y Salinas @ Real de Rosario y Chametla @ Chiametla;JUGDSSRO;Partido
1666;1703;Partido;Rosario;Rosario;Rosario @ Chametla @ Chametla y Salinas @ Real de Rosario y Chametla @ Chiametla;JUGDSSRO;Provincia_menor
1666;1704;Alcaldia Mayor;Copala;Copala y Maloya;Copala @ Panico y San Bartolome @ San Bartolome Copala @ San Jose Copala @ Chiametla y Maloya;JUGDSSCP;Jurisdiccion
1666;1704;Alcaldia Mayor;Copala;Copala y Maloya;Copala @ Panico y San Bartolome @ San Bartolome Copala @ San Jose Copala @ Chiametla y Maloya;JUGDSSCP;Partido
1666;1720;Alcaldia Mayor*;Casas Grandes y Valle de San Buenaventura;Valle de San Buenaventura;Valle de San Buenaventura @ Casas Grandes;JUGDDUBV;Jurisdiccion
1666;1720;Alcaldia Mayor*;Casas Grandes y Valle de San Buenaventura;Valle de San Buenaventura;Valle de San Buenaventura @ Casas Grandes;JUGDDUBV;Partido
1667;1739;Alcaldia Mayor;San Andres y Guapijuje;San Andres de la Sierra;San Andres de la Sierra @ San Andres y Guapijuje @ Guapijuje @ Yguapejuje @ Otates @ Otais @ Otaez @ Guapejuje @ Guapexuxe @ Guaperaje @ Pijuque;JUGDDUSA;Jurisdiccion
1667;1739;Alcaldia Mayor;San Andres y Guapijuje;San Andres de la Sierra;San Andres de la Sierra @ San Andres y Guapijuje @ Guapijuje @ Yguapejuje @ Otates @ Otais @ Otaez @ Guapejuje @ Guapexuxe @ Guaperaje @ Pijuque;JUGDDUSA;Partido
1669;1712;Alcaldia Mayor;Chilchota;Chilchota;Chilchota @ Chilchotla;JUNEMICH;Jurisdiccion
1669;1712;Alcaldia Mayor;Chilchota;Chilchota;Chilchota @ Chilchotla;JUNEMICH;Partido
1669;1712;Alcaldia Mayor;Chilchota;Chilchota;Chilchota @ Chilchotla;JUNEMICH;Provincia_menor
1669;1781;Corregimiento;Paeces;Paeces;Paez @ Paeces @ Guanacas;JUQUPOPZ;Partido
1669;1808;Alcaldia Mayor;Ixtepeji;Ixtepeji;Ixtepeji @ Ixtepexi @ Iztepexi;JUNEOAIX;Jurisdiccion
1669;1808;Alcaldia Mayor;Ixtepeji;Ixtepeji;Ixtepeji @ Ixtepexi @ Iztepexi;JUNEOAIX;Partido
1669;1808;Alcaldia Mayor;Ixtepeji;Ixtepeji;Ixtepeji @ Ixtepexi @ Iztepexi;JUNEOAIX;Provincia_menor
1670;1786;Alcaldia Mayor;Leon y Zacatula;Leon y Zacatula;Villa de Leon @ Leon y Zacatula;JUNEGJLE;Jurisdiccion
1670;1786;Alcaldia Mayor;Leon y Zacatula;Leon y Zacatula;Villa de Leon @ Leon y Zacatula;JUNEGJLE;Provincia_menor
1670;1808;Jurisdiccion;Villa de Leon;Villa de Leon;Villa de Leon @;PTNEGJLE;Partido
1671;1704;Alcaldia Mayor;Tlayacapa;Tlayacapa;Tlayacapa @ Totolapa;JUNEMXTY;Jurisdiccion
1671;1704;Alcaldia Mayor;Tlayacapa;Tlayacapa;Tlayacapa @ Totolapa;JUNEMXTY;Partido
1671;1704;Alcaldia Mayor;Tlayacapa;Tlayacapa;Tlayacapa @ Totolapa;JUNEMXTY;Provincia_menor
1671;1719;Alcaldia Mayor;Atitalaquia;Atitalaquia;Atitalaquia @;JUNEMXAQ;Jurisdiccion
1671;1719;Alcaldia Mayor;Atitalaquia;Atitalaquia;Atitalaquia @;JUNEMXAQ;Partido
1671;1719;Alcaldia Mayor;Atitalaquia;Atitalaquia;Atitalaquia @;JUNEMXAQ;Provincia_menor
1671;1750;Corregimiento;Iscateupan;Iscateupan;Ixcateopan @ Escateopan @ Escateupan @ Iscateupa @ Yscateopa  @ Ixcateupa @ Iscateupan;JUNEMXIT;Partido
1671;1768;Alcaldia Mayor;Chinantla y Ucila;Chinantla y Ucila;Chinantla y Uzila @ Chinantla y Ucila @ Chinantla, Ucila, Cosamaloapa y Guaspatepeque;JUNEOACT;Jurisdiccion
1671;1768;Alcaldia Mayor;Chinantla y Ucila;Chinantla y Ucila;Chinantla y Uzila @ Chinantla y Ucila @ Chinantla, Ucila, Cosamaloapa y Guaspatepeque;JUNEOACT;Partido
1671;1786;Alcaldia Mayor;Zacualpan;Zacualpan e Ixcateopan;Zacualpan @ Ixtapan @ Iztapan @ Zacualpa @ Zacualpa e Ixcateopan @ Zacualpa y Escateupan;JUNEMXZP;Jurisdiccion
1671;1786;Alcaldia Mayor;Zacualpan;Zacualpan e Ixcateopan;Zacualpan @ Ixtapan @ Iztapan @ Zacualpa @ Zacualpa e Ixcateopan @ Zacualpa y Escateupan;JUNEMXZP;Provincia_menor
1671;1786;Alcaldia Mayor*;Cianori;Cianori y Minas de Topia;Cianori @ Sianori @ Ceanuri @ Cianori y Tamazula @ Topia @ Cianori y El Narotal @ Cianori y Canelas;JUGDDUCN;Jurisdiccion
1671;1786;Alcaldia Mayor*;Cianori;Cianori y Minas de Topia;Cianori @ Sianori @ Ceanuri @ Cianori y Tamazula @ Topia @ Cianori y El Narotal @ Cianori y Canelas;JUGDDUCN;Partido
1672;1808;Jurisdiccion;Chire;Chire;Chire @;JUNGLLCH;Jurisdiccion
1672;1808;Jurisdiccion;Chire;Chire;Chire @;JUNGLLCH;Partido
1673;1725;Corregimiento*;Subtiava;Subtiava;Subtiava @ Sutiaba @ Quetzalguaque @ Cazalagua y Pozoltega;JUGUNISU;Jurisdiccion
1673;1725;Corregimiento*;Subtiava;Subtiava;Subtiava @ Sutiaba @ Quetzalguaque @ Cazalagua y Pozoltega;JUGUNISU;Partido
1673;1725;Corregimiento*;Subtiava;Subtiava;Subtiava @ Sutiaba @ Quetzalguaque @ Cazalagua y Pozoltega;JUGUNISU;Provincia_menor
1674;1695;Alcaldia Mayor;Cuicatlan;Cuicatlan;Cuicatlan @ Cuicatlan y Tecomavaca;JCNEOACT;Jurisdiccion
1674;1695;Alcaldia Mayor;Cuicatlan;Cuicatlan;Cuicatlan @ Cuicatlan y Tecomavaca;JCNEOACT;Provincia_menor
1674;1712;Alcaldia Mayor;Tinguindin;Tinguindin;Tinguindin @ Tinhuindin @ Periban y Tinguindin @ y Tacascuaro @ y Chocandiran @ Chocaman;JUNEMITG;Jurisdiccion
1674;1712;Alcaldia Mayor;Tinguindin;Tinguindin;Tinguindin @ Tinhuindin @ Periban y Tinguindin @ y Tacascuaro @ y Chocandiran @ Chocaman;JUNEMITG;Partido
1674;1712;Alcaldia Mayor;Tinguindin;Tinguindin;Tinguindin @ Tinhuindin @ Periban y Tinguindin @ y Tacascuaro @ y Chocandiran @ Chocaman;JUNEMITG;Provincia_menor
1674;1719;Alcaldia Mayor;Jiquilpan;Jiquilpan y Periban;Jiquilpan @ Xiquilpa @ Xiquilpa y Periban @ Xiquilpa y Perivan @ Xiquilpa, Periban y Tinguindin @ San Juan de Periban @ Xiquilpa y Chilchotla;JUNEMIJI;Jurisdiccion
1674;1719;Alcaldia Mayor;Jiquilpan;Jiquilpan y Periban;Jiquilpan @ Xiquilpa @ Xiquilpa y Periban @ Xiquilpa y Perivan @ Xiquilpa, Periban y Tinguindin @ San Juan de Periban @ Xiquilpa y Chilchotla;JUNEMIJI;Provincia_menor
1674;1783;Alcaldia Mayor;Tetela del Volcan;Tetela del Volcan;Tetela del Volcan @;JUNEMXTT;Jurisdiccion
1674;1783;Alcaldia Mayor;Tetela del Volcan;Tetela del Volcan;Tetela del Volcan @;JUNEMXTT;Partido
1674;1783;Alcaldia Mayor;Tetela del Volcan;Tetela del Volcan;Tetela del Volcan @;JUNEMXTT;Provincia_menor
1675;1722;Partido;Santa Barbara;Santa Barbara;Santa Barbara @ San Francisco del Oro;JUGDDUBB;Partido
1675;1786;Alcaldia Mayor;Cadereyta;Cadereyta;Cadereyta @ Cadereyta y Escanela @ minas de Escanela @ Minas de Escanela, Cerro Gordo y río de las Palmas y valles de Conca, Pamíes, Puxinguía;JUNEMXCA;Jurisdiccion
1675;1786;Alcaldia Mayor;Cadereyta;Cadereyta;Cadereyta @ Cadereyta y Escanela @ minas de Escanela @ Minas de Escanela, Cerro Gordo y río de las Palmas y valles de Conca, Pamíes, Puxinguía;JUNEMXCA;Partido
1675;1786;Alcaldia Mayor;Cadereyta;Cadereyta;Cadereyta @ Cadereyta y Escanela @ minas de Escanela @ Minas de Escanela, Cerro Gordo y río de las Palmas y valles de Conca, Pamíes, Puxinguía;JUNEMXCA;Provincia_menor
1676;1695;Alcaldia Mayor;Teotitlan del Camino;Teotitlan del Camino;Teotitlan del Camino @ Teutitlan del Camino @ Teutitlan de los Cues;JCNEOATC;Jurisdiccion
1676;1695;Alcaldia Mayor;Teotitlan del Camino;Teotitlan del Camino;Teotitlan del Camino @ Teutitlan del Camino @ Teutitlan de los Cues;JCNEOATC;Provincia_menor
1676;1739;Gobernacion-Capitania General;Merida;Merida, La Grita y Maracaibo;Maracaibo @ Merida, La Grita y Maracaibo;PRVEMC00;Provincia
1676;1739;Gobernacion-Capitania General;Merida;Merida, La Grita y Maracaibo;Maracaibo @ Merida, La Grita y Maracaibo;PRVEMC00;Provincia_mayor
1676;1739;Gobernacion-Capitania General;Merida;Merida, La Grita y Maracaibo;Maracaibo @ Merida, La Grita y Maracaibo;PRVEMC00;Provincia_menor
1676;1786;Alcaldia Mayor;Ostimuri;Ostimuri;Ostimuri @ Hostimuri @ Rio Chico @ Ustimuri @ Ostimuri, Valloreca y Rio Chico;JUGDSSOS;Jurisdiccion
1676;1786;Alcaldia Mayor;Ostimuri;Ostimuri;Ostimuri @ Hostimuri @ Rio Chico @ Ustimuri @ Ostimuri, Valloreca y Rio Chico;JUGDSSOS;Partido
1676;1786;Alcaldia Mayor;Ostimuri;Ostimuri;Ostimuri @ Hostimuri @ Rio Chico @ Ustimuri @ Ostimuri, Valloreca y Rio Chico;JUGDSSOS;Provincia_menor
1676;1786;Alcaldia Mayor;Zacatula;Zacatula;Zacatula @;JUNEMXZT;Jurisdiccion
1676;1786;Alcaldia Mayor;Zacatula;Zacatula;Zacatula @;JUNEMXZT;Partido
1676;1791;Alcaldia Mayor;La Barca;La Barca;La Barca @ Poncitlan;JUGDGDLB;Jurisdiccion
1676;1791;Alcaldia Mayor;La Barca;La Barca;La Barca @ Poncitlan;JUGDGDLB;Partido
1676;1791;Alcaldia Mayor;La Barca;La Barca;La Barca @ Poncitlan;JUGDGDLB;Provincia_menor
1677;1786;Corregimiento;Antequera;Antequera;Antequera @;JUNEOAAN;Jurisdiccion
1677;1786;Corregimiento;Antequera;Antequera;Antequera @;JUNEOAAN;Partido
1677;1786;Corregimiento;Antequera;Antequera;Antequera @;JUNEOAAN;Provincia_menor
1678;1707;Corregimiento;Totonicapan;Huehuetenango y Totonicapan;Totonicapan @ Totonicapan y Huehuetenango;JUGUGUTO;Jurisdiccion
1678;1707;Corregimiento;Totonicapan;Huehuetenango y Totonicapan;Totonicapan @ Totonicapan y Huehuetenango;JUGUGUTO;Provincia_menor
1678;1808;Jurisdiccion;San Carlos;San Carlos;San Carlos @;JUVECASC;Jurisdiccion
1678;1808;Jurisdiccion;San Carlos;San Carlos;San Carlos @;JUVECASC;Partido
1678;1808;Partido;Huehuetenango;Huehuetenango;Huehuetenango @ Huehuetenango;PTGUGUHU;Partido
1678;1808;Partido;Totonicapan;Totonicapan;Totonicapan @;PTGUGUTO;Partido
1679;1687;Alcaldia Mayor;Toluca;Toluca;Toluca @;JUNEMXTO;Jurisdiccion
1679;1689;Alcaldia Mayor;Tetepango;Tetepango y Hueypustla;Tetepango @ Tetepango Hueypustla @ Gueispustla @ Huipuxtla @ Tetepango y Misquiaguala @ Tetepango y Mixquiahuala @ Tetepango y Mizquiahuala @ Tetepango y Atitalaquia @ Misquiaguala y Atitalaquia @ Tetepango, Misquiaguala y Atitalaquia @ Tetepango y Quipus;JUNEMXTP;Jurisdiccion
1679;1689;Alcaldia Mayor;Tetepango;Tetepango y Hueypustla;Tetepango @ Tetepango Hueypustla @ Gueispustla @ Huipuxtla @ Tetepango y Misquiaguala @ Tetepango y Mixquiahuala @ Tetepango y Mizquiahuala @ Tetepango y Atitalaquia @ Misquiaguala y Atitalaquia @ Tetepango, Misquiaguala y Atitalaquia @ Tetepango y Quipus;JUNEMXTP;Provincia_menor
1679;1752;Corregimiento de naturales;Los Pastos;Los Pastos;Los Pastos @;JUQUPOPS;Jurisdiccion
1679;1752;Corregimiento de naturales;Los Pastos;Los Pastos;Los Pastos @;JUQUPOPS;Partido
1680;1786;Alcaldia Mayor;Mitla y Tlacolula;Mitla y Tlacolula;Teotitlan del Valle @ Mitla y Tlacolula @ Macuilsuchil;JUNEOATV;Jurisdiccion
1680;1786;Alcaldia Mayor;Mitla y Tlacolula;Mitla y Tlacolula;Teotitlan del Valle @ Mitla y Tlacolula @ Macuilsuchil;JUNEOATV;Partido
1680;1786;Alcaldia Mayor;Mitla y Tlacolula;Mitla y Tlacolula;Teotitlan del Valle @ Mitla y Tlacolula @ Macuilsuchil;JUNEOATV;Provincia_menor
1680;1786;Alcaldia Mayor;Teozacoalco;Teozacoalco y Teococuilco;Teozacualco @ Teosacualco @ Teozacualco y Amoltepec @ Teozacoalco @ Teozacoalco y Teococuilco @ Teozacoalco y Teocucuilco @ Teopozalco, Teoxomulco y Teocuicuilco @ Teocuicuilco y Teozacualco @ Teozacualco y Teozoquilco;JUNEOATZ;Jurisdiccion
1680;1786;Alcaldia Mayor;Teozacoalco;Teozacoalco y Teococuilco;Teozacualco @ Teosacualco @ Teozacualco y Amoltepec @ Teozacoalco @ Teozacoalco y Teococuilco @ Teozacoalco y Teocucuilco @ Teopozalco, Teoxomulco y Teocuicuilco @ Teocuicuilco y Teozacualco @ Teozacualco y Teozoquilco;JUNEOATZ;Partido
1680;1786;Alcaldia Mayor;Teozacoalco;Teozacoalco y Teococuilco;Teozacualco @ Teosacualco @ Teozacualco y Amoltepec @ Teozacoalco @ Teozacoalco y Teococuilco @ Teozacoalco y Teocucuilco @ Teopozalco, Teoxomulco y Teocuicuilco @ Teocuicuilco y Teozacualco @ Teozacualco y Teozoquilco;JUNEOATZ;Provincia_menor
1680;1786;Alcaldia Mayor;Xalapa;Xalapa y Xalacingo;Xalapa @ Xalapa de la Feria @ Xalapa y Xalacingo @ Chapultepec y Maltrata;JUNEVCXA;Jurisdiccion
1680;1786;Alcaldia Mayor;Xalapa;Xalapa y Xalacingo;Xalapa @ Xalapa de la Feria @ Xalapa y Xalacingo @ Chapultepec y Maltrata;JUNEVCXA;Provincia_menor
1680;1786;Corregimiento;Lerma;Lerma;Lerma @ Talasco @ Lerma y Tarasquillo;JUNEMXLE;Jurisdiccion
1680;1786;Corregimiento;Lerma;Lerma;Lerma @ Talasco @ Lerma y Tarasquillo;JUNEMXLE;Partido
1680;1786;Corregimiento;Lerma;Lerma;Lerma @ Talasco @ Lerma y Tarasquillo;JUNEMXLE;Provincia_menor
1680;1790;Alcaldia Mayor;Jalacingo;Jalacingo;Jalacingo @ Xalacingo;JUNEVCJA;Jurisdiccion
1680;1790;Alcaldia Mayor;Jalacingo;Jalacingo;Jalacingo @ Xalacingo;JUNEVCJA;Partido
1680;1790;Alcaldia Mayor;Jalacingo;Jalacingo;Jalacingo @ Xalacingo;JUNEVCJA;Provincia_menor
1681;1740;Alcaldia Mayor;Ahuatlan;Ahuatlan;Ahuatlan @ Aguatlan y Teopantlan @ Aguatlan y Zoyatitlanapa @ Aguatlan y Toyatitlanapa @ Aguatlan y Zoyatitlanapa;JUNEPUAH;Jurisdiccion
1681;1740;Alcaldia Mayor;Ahuatlan;Ahuatlan;Ahuatlan @ Aguatlan y Teopantlan @ Aguatlan y Zoyatitlanapa @ Aguatlan y Toyatitlanapa @ Aguatlan y Zoyatitlanapa;JUNEPUAH;Partido
1681;1740;Alcaldia Mayor;Ahuatlan;Ahuatlan;Ahuatlan @ Aguatlan y Teopantlan @ Aguatlan y Zoyatitlanapa @ Aguatlan y Toyatitlanapa @ Aguatlan y Zoyatitlanapa;JUNEPUAH;Provincia_menor
1681;1789;Corregimiento;Tierradentro;Tierradentro;Tierradentro @ Barranquilla @ Tierra Adentro;PTNGCATA;Jurisdiccion
1681;1789;Corregimiento;Tierradentro;Tierradentro;Tierradentro @ Barranquilla @ Tierra Adentro;PTNGCATA;Partido
1681;1808;Partido;Barranquilla;Barranquilla;Barranquilla @;PMNGCABQ;Partido
1682;1808;Gobernacion Politico-Militar;Valparaiso;Valparaiso;Valparaiso @;JUCHSAVA;Jurisdiccion
1682;1808;Gobernacion Politico-Militar;Valparaiso;Valparaiso;Valparaiso @;JUCHSAVA;Partido
1682;1808;Jurisdiccion;Maracaibo;Maracaibo;Maracaibo @;JUVEMCMC;Jurisdiccion
1682;1808;Jurisdiccion;Maracaibo;Maracaibo;Maracaibo @;JUVEMCMC;Partido
1682;1808;Jurisdiccion;Merida;Merida;Merida @;JUVEMCME;Jurisdiccion
1682;1808;Jurisdiccion;Merida;Merida;Merida @;JUVEMCME;Partido
1683;1794;Tenencia de corregimiento;Socorro;Socorro y San Gil;Socorro @;JUNGSOSO;Jurisdiccion
1683;1794;Tenencia de corregimiento;Socorro;Socorro y San Gil;Socorro @;JUNGSOSO;Partido
1684;1780;Partido;Vilcabamba;Vilcabamba;Vilcabamba @;JUPECUVI;Partido
1685;1783;Corregimiento;Pilaya y Paspaya;Pilaya y Paspaya;Pilaya y Paspaya @ Cinti @ Sinti;JUCCCCPP;Jurisdiccion
1685;1783;Corregimiento;Pilaya y Paspaya;Pilaya y Paspaya;Pilaya y Paspaya @ Cinti @ Sinti;JUCCCCPP;Partido
1685;1783;Corregimiento;Pilaya y Paspaya;Pilaya y Paspaya;Pilaya y Paspaya @ Cinti @ Sinti;JUCCCCPP;Provincia_menor
1685;9999;Provincia;Chametla;Chametla;Chametla @  Chiametla @ Villa del Espiritu Santo;JUGDSSCH;Provincia_menor
1687;1725;Jurisdiccion-Tenencia de gobierno;Novita;Novita;Novita @ Noanama;JUNGCHNO;Jurisdiccion
1687;1750;Comandancia;El Gallo;El Gallo;El Gallo @ San Pedro del Gallo;JUGDDUEG;Jurisdiccion
1687;1750;Comandancia;El Gallo;El Gallo;El Gallo @ San Pedro del Gallo;JUGDDUEG;Partido
1687;1751;Comandancia;Conchos;San Francisco de Conchos;San Francisco de Conchos @;JUGDDUCS;Jurisdiccion
1687;1751;Comandancia;Conchos;San Francisco de Conchos;San Francisco de Conchos @;JUGDDUCS;Partido
1687;1786;Alcaldia Mayor;Zimatlan;Chichicapa y Zimatlan;Zimatlan @ Cimatlan @ Zimatlan y Tepezimatlan @ Cimatlan y Tepecimatlan @ Zimatlan y Chichicapa;JUNEOAZI;Jurisdiccion
1687;1786;Alcaldia Mayor;Zimatlan;Chichicapa y Zimatlan;Zimatlan @ Cimatlan @ Zimatlan y Tepezimatlan @ Cimatlan y Tepecimatlan @ Zimatlan y Chichicapa;JUNEOAZI;Partido
1687;1786;Alcaldia Mayor;Zimatlan;Chichicapa y Zimatlan;Zimatlan @ Cimatlan @ Zimatlan y Tepezimatlan @ Cimatlan y Tepecimatlan @ Zimatlan y Chichicapa;JUNEOAZI;Provincia_menor
1687;1808;Gobernacion;Coahuila;Coahuila;Coahuila @ Nueva Extremadura @ Potosi, Valle de Couyla y Trinidad @ Nuevo Almaden;PRGDCO00;Partido
1687;1808;Gobernacion;Coahuila;Coahuila;Coahuila @ Nueva Extremadura @ Potosi, Valle de Couyla y Trinidad @ Nuevo Almaden;PRGDCO00;Provincia
1687;1808;Gobernacion;Coahuila;Coahuila;Coahuila @ Nueva Extremadura @ Potosi, Valle de Couyla y Trinidad @ Nuevo Almaden;PRGDCO00;Provincia_mayor
1687;1808;Gobernacion;Coahuila;Coahuila;Coahuila @ Nueva Extremadura @ Potosi, Valle de Couyla y Trinidad @ Nuevo Almaden;PRGDCO00;Provincia_menor
1687;1808;Tenencia de gobierno;Citara;Citara;Citara @ Zitara @ Quibdo;JUNGCHCI;Jurisdiccion
1688;1699;Corregimiento;Toluca;Toluca;Toluca @;JUNEMXTO;Jurisdiccion
1688;1716;Alcaldia Mayor;Tecali;Tecali;Tecali @ Santiago Tecali @ Tecalco;JUNEPUTC;Partido
1688;1787;Alcaldia Mayor;Cosihuiriachi;Cosihuiriachi;Cusihuiriachi @ Cosihuiriachic @ Cosiguiriachi @ Santa Rosa;JUGDDUCR;Jurisdiccion
1688;1787;Alcaldia Mayor;Cosihuiriachi;Cosihuiriachi;Cusihuiriachi @ Cosihuiriachic @ Cosiguiriachi @ Santa Rosa;JUGDDUCR;Partido
1689;1712;Corregimiento;Teremendo;Jaso y Teremendo;Jaso y Teremendo @ Xasoteremendo @ Xaso y Teremendo @ Jasso y Teremendo @ Xazo y Teremendo @ Jasoteremendo;JUNEMIJT;Partido
1689;1757;Corregimiento;Peñoles;Ixquintepeque-Peñoles;Ixcuintepec Peñoles @ Iscuintepec @ Ixquintepeque @ Ixcuintepec y Elotepec;JUNEOAPE;Partido
1689;1786;Alcaldia Mayor;Teposcolula;Teposcolula y Yanguitlan;Teposcolula @ Teposcolula y Yanguitlan @ Teposcolula y Anguitlan @ Teposcolula y Yanhuitlan;JUNEOATP;Jurisdiccion
1689;1786;Alcaldia Mayor;Teposcolula;Teposcolula y Yanguitlan;Teposcolula @ Teposcolula y Yanguitlan @ Teposcolula y Anguitlan @ Teposcolula y Yanhuitlan;JUNEOATP;Partido
1689;1786;Alcaldia Mayor;Teposcolula;Teposcolula y Yanguitlan;Teposcolula @ Teposcolula y Yanguitlan @ Teposcolula y Anguitlan @ Teposcolula y Yanhuitlan;JUNEOATP;Provincia_menor
1689;1794;Alcaldia Mayor;Solola;Atitan y Atepanatitan;Solola @ Tecpanatitan @ Tecpan Atitlan @ Atitan y Atepanatitan @ Atitlan @ Atitan y Tecpanatitlan @ Atitlan y Tecpanatitlan;JUGUGUSO;Jurisdiccion
1689;1794;Alcaldia Mayor;Solola;Atitan y Atepanatitan;Solola @ Tecpanatitan @ Tecpan Atitlan @ Atitan y Atepanatitan @ Atitlan @ Atitan y Tecpanatitlan @ Atitlan y Tecpanatitlan;JUGUGUSO;Provincia_menor
1689;1808;Jurisdiccion;San Gil;San Gil;San Gil @;JUNGSOSG;Jurisdiccion
1689;1808;Jurisdiccion;San Gil;San Gil;San Gil @;JUNGSOSG;Partido
1689;1808;Partido;Solola;Solola;Solola @;PTGUGUSO;Partido
1689;1808;Partido;Tonala;Tonala y  Minas de Cilacayoapa;Tonala @ Tonala y  Minas de Cilacayoapa @ Tonala y Tlapacingo @ Igualapan;JCNEOATO;Partido
1690;1731;Alcaldia Mayor;Urique;Urique y Batopilas;Batopilas @ Minas de Urique @ Monserrate y Urique @ Uriqui @ Batopilas, Urique y Loreto;JUGDDUBP;Jurisdiccion
1690;1731;Alcaldia Mayor;Urique;Urique y Batopilas;Batopilas @ Minas de Urique @ Monserrate y Urique @ Uriqui @ Batopilas, Urique y Loreto;JUGDDUBP;Partido
1690;1762;Alcaldia Mayor;Misquiaguala;Misquiaguala;Mizquiaguala @ Mizquiahuala @  Misquiahuala @ Atengo  y Misquiahuala @ Mixquiahuala;JUNEMXMI;Partido
1690;1786;Alcaldia Mayor;Juxtlahuaca;Juxtlahuaca;Juxtlahuaca @ Tustlahuaca @ Tuxtlahuaca @ Justlahuaca @ Juxtlahuaca y Hicpaltepeque;JUNEOAJU;Jurisdiccion
1690;1786;Alcaldia Mayor;Juxtlahuaca;Juxtlahuaca;Juxtlahuaca @ Tustlahuaca @ Tuxtlahuaca @ Justlahuaca @ Juxtlahuaca y Hicpaltepeque;JUNEOAJU;Partido
1690;1786;Alcaldia Mayor;Juxtlahuaca;Juxtlahuaca;Juxtlahuaca @ Tustlahuaca @ Tuxtlahuaca @ Justlahuaca @ Juxtlahuaca y Hicpaltepeque;JUNEOAJU;Provincia_menor
1690;1786;Alcaldia Mayor;Tetepango;Tetepango y Misquiaguala;Tetepango @ Tetepango Hueypustla @ Gueispustla @ Huipuxtla @ Tetepango y Misquiaguala @ Tetepango y Mixquiahuala @ Tetepango y Mizquiahuala @ Tetepango y Atitalaquia @ Misquiaguala y Atitalaquia @ Tetepango, Misquiaguala y Atitalaquia @ Tetepango y Quipus;JUNEMXTP;Jurisdiccion
1690;1786;Alcaldia Mayor;Tetepango;Tetepango y Misquiaguala;Tetepango @ Tetepango Hueypustla @ Gueispustla @ Huipuxtla @ Tetepango y Misquiaguala @ Tetepango y Mixquiahuala @ Tetepango y Mizquiahuala @ Tetepango y Atitalaquia @ Misquiaguala y Atitalaquia @ Tetepango, Misquiaguala y Atitalaquia @ Tetepango y Quipus;JUNEMXTP;Provincia_menor
1690;1788;Alcaldia Mayor;Juchipila;Juchipila;Juchipila @ Xuchipila @ Suchipila;JUGDGDJU;Jurisdiccion
1690;1788;Alcaldia Mayor;Juchipila;Juchipila;Juchipila @ Xuchipila @ Suchipila;JUGDGDJU;Partido
1690;1788;Corregimiento;Cuquio;Cuquio;Cuquio @ Mezticacan @ Tlacotlan @ Tacotlan;JUGDGDCU;Jurisdiccion
1690;1788;Corregimiento;Cuquio;Cuquio;Cuquio @ Mezticacan @ Tlacotlan @ Tacotlan;JUGDGDCU;Partido
1691;1711;Alcaldia Mayor;San Cristobal;Valle de San Cristobal;Linares @ San Felipe de Linares @ Valle de San Cristobal;JUGDNLLI;Jurisdiccion
1691;1711;Alcaldia Mayor;San Cristobal;Valle de San Cristobal;Linares @ San Felipe de Linares @ Valle de San Cristobal;JUGDNLLI;Partido
1691;1786;Alcaldia Mayor;Zumpango;Zumpango;Zumpango @ Xilocingo @ Jilocingo @ Citlaltepeque @ Citlaltepec @ Zitlaltepec @ Xilocingo, Tlaltepec y Texisquiac @ Citlaltepeque, Tequisquiapa y Xilocingo;JUNEMXZM;Jurisdiccion
1691;1786;Alcaldia Mayor;Zumpango;Zumpango;Zumpango @ Xilocingo @ Jilocingo @ Citlaltepeque @ Citlaltepec @ Zitlaltepec @ Xilocingo, Tlaltepec y Texisquiac @ Citlaltepeque, Tequisquiapa y Xilocingo;JUNEMXZM;Partido
1691;1786;Alcaldia Mayor;Zumpango;Zumpango;Zumpango @ Xilocingo @ Jilocingo @ Citlaltepeque @ Citlaltepec @ Zitlaltepec @ Xilocingo, Tlaltepec y Texisquiac @ Citlaltepeque, Tequisquiapa y Xilocingo;JUNEMXZM;Provincia_menor
1691;1786;Alcaldia Mayor*;Labradores;Valle de Labradores;Valle de Labradores @ Valle de San Pablo de Labradores;JUGDNLLA;Jurisdiccion
1691;1786;Alcaldia Mayor*;Labradores;Valle de Labradores;Valle de Labradores @ Valle de San Pablo de Labradores;JUGDNLLA;Partido
1691;1805;Provincia;Mocoa;Mocoa;Mocoa @;PTQUPOMO;Partido
1692;1704;Alcaldia Mayor*;Pecos;Pecos;Galisteo @ Pecos @ Galisteo y Pecos;JUGDNMGA;Partido
1692;1705;Alcaldia Mayor;Las Salinas;Las Salinas;Alburquerque @ Las Salinas @ Rio abajo @ Albuquerque;JUGDNMAL;Jurisdiccion
1692;1705;Alcaldia Mayor;Las Salinas;Las Salinas;Alburquerque @ Las Salinas @ Rio abajo @ Albuquerque;JUGDNMAL;Partido
1692;1713;Alcaldia Mayor;Taos;Taos;Taos @ Tewas @ Tiwas @ Tihuas @ Teguas @ Tehuas @ Tiguas @ Thaos @ Taos y Picuries;JUGDNMTA;Jurisdiccion
1692;1713;Alcaldia Mayor;Taos;Taos;Taos @ Tewas @ Tiwas @ Tihuas @ Teguas @ Tehuas @ Tiguas @ Thaos @ Taos y Picuries;JUGDNMTA;Partido
1692;1727;Partido;Cochiti;Cochiti;Cochiti @;JUGDNMCO;Partido
1692;1760;Alcaldia Mayor;El Paso;El Paso;El Paso @ El Paso del Norte;JUGDNMEP;Jurisdiccion
1692;1760;Alcaldia Mayor;El Paso;El Paso;El Paso @ El Paso del Norte;JUGDNMEP;Partido
1692;1769;Alcaldia Mayor;Cosamaloapan;Chinantla y Cosamaloapan;Cosamaloapan @ Cuzamaluava @ Cuzamaluaba @ Cosamaloapan y Guaspaltepec @ Cozamaloapan @ Cosamaluapa;JUNEVCCS;Jurisdiccion
1692;1769;Alcaldia Mayor;Cosamaloapan;Chinantla y Cosamaloapan;Cosamaloapan @ Cuzamaluava @ Cuzamaluaba @ Cosamaloapan y Guaspaltepec @ Cozamaloapan @ Cosamaluapa;JUNEVCCS;Provincia_menor
1692;1786;Alcaldia Mayor;Zamora;Jacona y Zamora;Zamora y Jacona @ Zamora y Xacona @ Tacona y Zamora;JUNEMIZA;Partido
1692;1808;Alcaldia Mayor;Escuintla;Escuintla y Guazacapan;Escuintla @ Escuintla y Guazacapan @ Escuintepeque;JUGUGUES;Jurisdiccion
1692;1808;Alcaldia Mayor;Escuintla;Escuintla y Guazacapan;Escuintla @ Escuintla y Guazacapan @ Escuintepeque;JUGUGUES;Provincia_menor
1692;1808;Alcaldia Mayor;Los Queres;Los Queres;Los Queres @ Jemes @ Gemes @ Keres @ Xemez @ Gemez @ Jemez @ Zia @ Cochiti;JUGDNMQU;Jurisdiccion
1692;1808;Alcaldia Mayor;Los Queres;Los Queres;Los Queres @ Jemes @ Gemes @ Keres @ Xemez @ Gemez @ Jemez @ Zia @ Cochiti;JUGDNMQU;Partido
1692;1808;Partido;Guazacapan;Guazacapan;Guazacapan @;PTGUGUGZ;Partido
1693;1720;Partido;Santa Catarina;Santa Catarina;Santa Catarina @ Tepehuanes;JUGDDUSC;Partido
1693;1744;Alcaldia Mayor*;Santiago;Santiago de los Caballeros;Santiago de los Caballeros @ Badiraguato @ San Benito;JUGDSSSC;Jurisdiccion
1693;1744;Alcaldia Mayor*;Santiago;Santiago de los Caballeros;Santiago de los Caballeros @ Badiraguato @ San Benito;JUGDSSSC;Partido
1693;1786;Alcaldia Mayor*;Papasquiaro;Papasquiaro;Papasquiaro @ Santiago Papasquiaro @ Papasquiaro y Santa Catarina @ Papasquiaro y Tepehuanes;JUGDDUPP;Jurisdiccion
1693;1786;Alcaldia Mayor*;Papasquiaro;Papasquiaro;Papasquiaro @ Santiago Papasquiaro @ Papasquiaro y Santa Catarina @ Papasquiaro y Tepehuanes;JUGDDUPP;Partido
1694;1785;Corregimiento;Rancagua;Rancagua;Rancagua @;JUCHSARA;Jurisdiccion
1694;1785;Corregimiento;Rancagua;Rancagua;Rancagua @;JUCHSARA;Partido
1694;1786;Alcaldia Mayor;Boca de Leones;Boca de Leones;Boca de Leones @ Real de San Pedro de Boca de Leones;JUGDNLBL;Jurisdiccion
1694;1786;Alcaldia Mayor;Boca de Leones;Boca de Leones;Boca de Leones @ Real de San Pedro de Boca de Leones;JUGDNLBL;Partido
1694;1808;Alcaldia Mayor;La Laguna;La Laguna;La Laguna @ Jemes;JUGDNMLL;Jurisdiccion
1694;1808;Alcaldia Mayor;La Laguna;La Laguna;La Laguna @ Jemes;JUGDNMLL;Partido
1694;1808;Jurisdiccion;Araure;Araure;Araure @;JUVECAAR;Jurisdiccion
1694;1808;Jurisdiccion;Araure;Araure;Araure @;JUVECAAR;Partido
1695;1786;Corregimiento;Valles;Valles;Valles @ Villa de los Valles;JUNESLVA;Jurisdiccion
1695;1786;Corregimiento;Valles;Valles;Valles @ Villa de los Valles;JUNESLVA;Partido
1695;1786;Corregimiento;Valles;Valles;Valles @ Villa de los Valles;JUNESLVA;Provincia_menor
1695;1808;Alcaldia Mayor;La Cañada;La Cañada;Santa Cruz de la Cañada @ Rio arriba;JUGDNMSC;Jurisdiccion
1695;1808;Alcaldia Mayor;La Cañada;La Cañada;Santa Cruz de la Cañada @ Rio arriba;JUGDNMSC;Partido
1696;1778;Alcaldia Mayor;Cuicatlan;Cuicatlan y Papaloticpac;Cuicatlan @ Cuicatlan y Papaloticpac @ Cuicatlan y Teotitlan @ Teotitlan Del Camino @ Ciucatlan;JUNEOATC;Jurisdiccion
1696;1778;Alcaldia Mayor;Cuicatlan;Cuicatlan y Papaloticpac;Cuicatlan @ Cuicatlan y Papaloticpac @ Cuicatlan y Teotitlan @ Teotitlan Del Camino @ Ciucatlan;JUNEOATC;Partido
1696;1778;Alcaldia Mayor;Cuicatlan;Cuicatlan y Papaloticpac;Cuicatlan @ Cuicatlan y Papaloticpac @ Cuicatlan y Teotitlan @ Teotitlan Del Camino @ Ciucatlan;JUNEOATC;Provincia_menor
1696;1808;Partido;Papaloticpac;Papaloticpac y Tepeuzila;Papaloticpac @ Papaloticpac y Tepeuzila @ Papalo;JCNEOAPP;Partido
1697;1766;Presidio;California;California;California @ Las Californias @ Antigua California @ Baja California;PRNECL00;Jurisdiccion
1697;1766;Presidio;California;California;California @ Las Californias @ Antigua California @ Baja California;PRNECL00;Provincia
1697;1766;Presidio;California;California;California @ Las Californias @ Antigua California @ Baja California;PRNECL00;Provincia_menor
1697;1786;Corregimiento;Nicoya;Nicoya;Nicoya @ Bruselas;JUGUNINC;Jurisdiccion
1697;1786;Corregimiento;Nicoya;Nicoya;Nicoya @ Bruselas;JUGUNINC;Partido
1697;1786;Corregimiento;Nicoya;Nicoya;Nicoya @ Bruselas;JUGUNINC;Provincia_menor
1697;1786;Presidio;Peten;Peten;Peten @;MIGUGUPE;Jurisdiccion
1697;1786;Presidio;Peten;Peten;Peten @;MIGUGUPE;Partido
1697;1786;Presidio;Peten;Peten;Peten @;MIGUGUPE;Provincia_menor
1698;1718;Gobernacion;Pansacola;Santa Maria de Galve;Florida occidental @ Pensacola @ Penzacola;JUSDFLFW;Jurisdiccion
1698;1718;Gobernacion;Pansacola;Santa Maria de Galve;Florida occidental @ Pensacola @ Penzacola;JUSDFLFW;Partido
1699;1702;Gobernacion;Darien;Darien;Darien @;PRNGDA00;Jurisdiccion
1699;1702;Gobernacion;Darien;Darien;Darien @;PRNGDA00;Partido
1699;1702;Gobernacion;Darien;Darien;Darien @;PRNGDA00;Provincia_menor
1699;1786;Capitania a guerra;Camino Real Bajo;Camino Real Bajo;Camino Real Bajo @ Hunucma @ Camino Real y Hunucma;JUNEYURB;Partido
1700;1708;Corregimiento;Quijos;Quijos y Macas;Quijos @ Quijos y Macas @ Quijos, Zumaco y la Canela;PRQUQJ00;Provincia
1700;1708;Corregimiento;Quijos;Quijos y Macas;Quijos @ Quijos y Macas @ Quijos, Zumaco y la Canela;PRQUQJ00;Provincia_menor
1700;1708;Corregimiento;Tlajomulco;Tlajomulco y Cajitlan;Tlajomulco y Cajititlan @ Tlaxomulco @ Tlajomulco y Cajitlan;JUGDGDTL;Jurisdiccion
1700;1713;Alcaldia Mayor;Toluca;Toluca;Toluca @;JUNEMXTO;Jurisdiccion
1700;1713;Alcaldia Mayor;Toluca;Toluca;Toluca @;JUNEMXTO;Partido
1700;1713;Alcaldia Mayor;Toluca;Toluca;Toluca @;JUNEMXTO;Provincia_menor
1700;1755;Tenencia de gobierno;Cuatro Ciudades;Cuatro Ciudades;Cuatro Ciudades @ Cartago @ Tres Ciudades;JUNGPOCC;Jurisdiccion
1700;1765;Alcaldia Mayor;Parras y Saltillo;Saltillo y Parras;Parras y Saltillo @;JUGDDUPS;Jurisdiccion
1700;1786;Alcaldia Mayor;Sierra de Pinos;Sierra de Pinos;Sierra de Pinos @;JUGDZASI;Jurisdiccion
1700;1786;Alcaldia Mayor;Sierra de Pinos;Sierra de Pinos;Sierra de Pinos @;JUGDZASI;Partido
1700;1786;Corregimiento;Cajititlan;Cajititlan;Cajititlan @ Caxititlan @ Cuyutlan;JUGDGDCA;Partido
1700;1799;Alcaldia Mayor;Santa Fe;Santa Fe;Santa Fe @;JUGDNMSF;Jurisdiccion
1700;1799;Alcaldia Mayor;Santa Fe;Santa Fe;Santa Fe @;JUGDNMSF;Partido
1700;1808;Corregimiento;Coyaima y Natagaima;Coyaima y Natagaima;Coyaimas y Natagaimas @ Coyaima @ Coyaima y Atagaima @ Coyaima, Natagaima y Ataco;JUNGNECO;Jurisdiccion
1700;1808;Corregimiento;Coyaima y Natagaima;Coyaima y Natagaima;Coyaimas y Natagaimas @ Coyaima @ Coyaima y Atagaima @ Coyaima, Natagaima y Ataco;JUNGNECO;Partido
1700;1808;Corregimiento;Coyaima y Natagaima;Coyaima y Natagaima;Coyaimas y Natagaimas @ Coyaima @ Coyaima y Atagaima @ Coyaima, Natagaima y Ataco;JUNGNECO;Provincia_menor
1700;1808;Jurisdiccion;Saltillo;Saltillo;Saltillo @ Valle de Buena Esperanza;PTGDDUSO;Partido
1700;1808;Jurisdiccion-Tenencia de gobierno;Anserma;Anserma;Anserma @;JUNGPOAN;Partido
1700;1808;Partido;Parras;Parras;Parras @ Valle de Pirineos @ Parras, Lagunas y Rio de Nazas;PTGDDUPS;Partido
1700;9999;Jurisdiccion;Cartago;Cartago;Cartago @;JUNGPOCG;Partido
1701;1708;Corregimiento;Noanama;Noanama;Noanama @;JMNGCHNN;Partido
1701;1713;Corregimiento;Mizque;Mizque;Mizque @ Mizque y Pocona;JUCCCBMI;Partido
1701;1713;Corregimiento;Mizque;Mizque;Mizque @ Mizque y Pocona;JUCCCBMI;Provincia_menor
1701;1722;Alcaldia Mayor*;Guazamota;Guazamota;Guazamota @;JUGDDUGZ;Jurisdiccion
1701;1722;Alcaldia Mayor*;Guazamota;Guazamota;Guazamota @;JUGDDUGZ;Partido
1701;1722;Alcaldia Mayor*;Lajas;San Francisco de Lajas;Mezquital @ San Francisco Mezquital @ San Bernardino Milpillas @ Lajas y Melipillas @ Melpillas @ San Francisco de Lajas @ San Francisco de Lajas;JUGDDUME;Jurisdiccion
1701;1722;Alcaldia Mayor*;Lajas;San Francisco de Lajas;Mezquital @ San Francisco Mezquital @ San Bernardino Milpillas @ Lajas y Melipillas @ Melpillas @ San Francisco de Lajas @ San Francisco de Lajas;JUGDDUME;Partido
1701;1722;Comandancia General;Frontera de Arauco;Frontera de Arauco;Frontera de Arauco @;JUCHCOAR;Jurisdiccion
1701;1722;Tenencia a guerra;Ribera de Loiza;Ribera de Loiza;Loiza @ Ribera de Loiza;PTSDPRLO;Jurisdiccion
1701;1722;Tenencia a guerra;Ribera de Loiza;Ribera de Loiza;Loiza @ Ribera de Loiza;PTSDPRLO;Partido
1701;1733;Jurisdiccion;Puerto Principe;Puerto Principe;Puerto Principe @;JUSDCUPP;Jurisdiccion
1701;1739;Alcaldia Mayor*;Zuñi;Zuñi;Zuñi @;JUGDNMZU;Jurisdiccion
1701;1739;Alcaldia Mayor*;Zuñi;Zuñi;Zuñi @;JUGDNMZU;Partido
1701;1740;Marquesado;Oropesa;Oropesa;Marquesado de Oropesa @;SEPEMO00;Jurisdiccion
1701;1740;Marquesado;Oropesa;Oropesa;Marquesado de Oropesa @;SEPEMO00;Partido
1701;1740;Marquesado;Oropesa;Oropesa;Marquesado de Oropesa @;SEPEMO00;Provincia_menor
1701;1740;Marquesado;Oropesa;Oropesa;Marquesado de Oropesa @;SEPEMO00;Senorio
1701;1741;Misiones;Cerro de la Sal;Cerro de la Sal;Vitoc @ valle de Vitoc @ Conversiones de Tarma @ Misiones del Cerro de la Sal;MIPEOCVI;Partido
1701;1745;Presidio;El Callao;El Callao;Callao @;JUPELICO;Jurisdiccion
1701;1745;Presidio;El Callao;El Callao;Callao @;JUPELICO;Provincia_menor
1701;1747;Alcaldia Mayor;Bernalillo;Bernalillo;Sandia @ Bernalillo @ San Carlos de Alameda @ Alamada @ Isleta;JUGDNMSA;Jurisdiccion
1701;1747;Alcaldia Mayor;Bernalillo;Bernalillo;Sandia @ Bernalillo @ San Carlos de Alameda @ Alamada @ Isleta;JUGDNMSA;Partido
1701;1750;Jurisdiccion;Bayamo;Bayamo;Bayamo @;JUSDCUBY;Jurisdiccion
1701;1750;Jurisdiccion;Bayamo;Bayamo;Bayamo @;JUSDCUBY;Partido
1701;1756;Jurisdiccion;Remedios;Remedios;Pueblo Nuevo @ Remedios;JUNGVERE;Jurisdiccion
1701;1756;Jurisdiccion;Remedios;Remedios;Pueblo Nuevo @ Remedios;JUNGVERE;Partido
1701;1758;Jurisdiccion;Ayapel;Ayapel;Ayapel @;JUNGCAAY;Jurisdiccion
1701;1758;Jurisdiccion;Ayapel;Ayapel;Ayapel @;JUNGCAAY;Partido
1701;1762;Partido;Baba;Baba;Baba @;JUQUGQBB;Partido
1701;1762;Partido;Babahoyo;Babahoyo;Babahoyo @ Ojiba;JUQUGQBH;Partido
1701;1762;Partido;Daule;Daule;Daule @;JUQUGQDA;Partido
1701;1762;Partido;San Agustin;San Agustin;Florida oriental @ San Agustin @ Presidio de San Agustin;JUSDFLFE;Jurisdiccion
1701;1762;Partido;San Agustin;San Agustin;Florida oriental @ San Agustin @ Presidio de San Agustin;JUSDFLFE;Partido
1701;1762;Partido;Yaguachi;Yaguachi;Yaguachi @ Yaguache;JUQUGQYA;Partido
1701;1762;Tenencia de gobierno;Baracoa;Baracoa;Baracoa @;JUSDCUBC;Jurisdiccion
1701;1762;Tenencia de gobierno;Baracoa;Baracoa;Baracoa @;JUSDCUBC;Partido
1701;1764;Gobernacion;Santiago;Llanos del Casanare;Los Llanos @ Chire @ Casanare @ Santiago de las Atalayas @ Medina de Torres @ Arauca @;PRNGLL00;Provincia
1701;1764;Gobernacion;Santiago;Llanos del Casanare;Los Llanos @ Chire @ Casanare @ Santiago de las Atalayas @ Medina de Torres @ Arauca @;PRNGLL00;Provincia_menor
1701;1764;Jurisdiccion;Puerto Principe;Puerto Principe;Puerto Principe @ Partido de la Villa;PTSDPPPP;Partido
1701;1768;Misiones;Casanare;Casanare;Casanare @ Casanares;PTNGLLCA;Partido
1701;1768;Partido;Chiapa;Chiapa y Valle de Jiquipilas;Chiapa @ Chiapa y Valle de Jiquipilas @;PTGUCHCH;Partido
1701;1769;Partido;Misiones;Misiones guaranies;Candelaria @ Misiones guaranies;JURPMICA;Partido
1701;1770;Tenencia de corregimiento;Alausi;Alausi;Alausi @;JUQUCUAL;Partido
1701;1771;Misiones;Chiquitos;Chiquitos;Chiquitos @;JUCCCBCH;Jurisdiccion
1701;1771;Misiones;Chiquitos;Chiquitos;Chiquitos @;JUCCCBCH;Partido
1701;1771;Misiones;Moxos;Moxos;Moxos @;JUCCCBMO;Jurisdiccion
1701;1774;Misiones;Opateria;Opateria;Opateria @ Sonora;PTGDSSSO;Partido
1701;1776;Alcaldia Mayor;Candela;Valle de la Candela;Candela @ San Bernardino de la Candela @ San Carlos de la Candela;PMGDCOCA;Jurisdiccion
1701;1776;Alcaldia Mayor;Candela;Valle de la Candela;Candela @ San Bernardino de la Candela @ San Carlos de la Candela;PMGDCOCA;Partido
1701;1776;Gobernacion-Capitania General;Cumana;Cumana;Cumana @ Nueva Andalucia;PRVECU00;Provincia
1701;1776;Gobernacion-Capitania General;Cumana;Cumana;Cumana @ Nueva Andalucia;PRVECU00;Provincia_mayor
1701;1776;Gobernacion-Capitania General;Cumana;Cumana;Cumana @ Nueva Andalucia;PRVECU00;Provincia_menor
1701;1781;Partido;Entrerrios;Entrerrios;Entrerrios @;JURPBAER;Partido
1701;1783;Jurisdiccion;Cordoba;Cordoba;Cordoba @;JURPCOCO;Jurisdiccion
1701;1783;Jurisdiccion;Cordoba;Cordoba;Cordoba @;JURPCOCO;Partido
1701;1783;Jurisdiccion;Mendoza;Mendoza;Mendoza @;JURPCOME;Jurisdiccion
1701;1783;Jurisdiccion;Mendoza;Mendoza;Mendoza @;JURPCOME;Partido
1701;1783;Jurisdiccion;Santa Cruz de la Sierra;Santa Cruz de la Sierra;Santa Cruz de la Sierra @;JUCCCBSC;Jurisdiccion
1701;1783;Jurisdiccion;Santa Cruz de la Sierra;Santa Cruz de la Sierra;Santa Cruz de la Sierra @;JUCCCBSC;Partido
1701;1783;Jurisdiccion;Villarrica;Villarrica;Villarrica @ Espiritu Santo;JURPPAES;Jurisdiccion
1701;1783;Jurisdiccion;Villarrica;Villarrica;Villarrica @ Espiritu Santo;JURPPAES;Partido
1701;1783;Tenencia de corregimiento;San Juan;San Juan;San Juan @;JURPCOSJ;Jurisdiccion
1701;1783;Tenencia de corregimiento;San Juan;San Juan;San Juan @;JURPCOSJ;Partido
1701;1783;Tenencia de corregimiento;San Luis;San Luis;San Luis @;JURPCOSL;Jurisdiccion
1701;1783;Tenencia de corregimiento;San Luis;San Luis;San Luis @;JURPCOSL;Partido
1701;1783;Tenencia de gobierno;Catamarca;Catamarca;Catamarca @;JURPSACT;Jurisdiccion
1701;1783;Tenencia de gobierno;Catamarca;Catamarca;Catamarca @;JURPSACT;Partido
1701;1783;Tenencia de gobierno;Corrientes;Corrientes;Corrientes @;JURPBACR;Jurisdiccion
1701;1783;Tenencia de gobierno;Corrientes;Corrientes;Corrientes @;JURPBACR;Partido
1701;1783;Tenencia de gobierno;Jujuy;Jujuy;Jujuy @;JURPSAJU;Jurisdiccion
1701;1783;Tenencia de gobierno;Jujuy;Jujuy;Jujuy @;JURPSAJU;Partido
1701;1783;Tenencia de gobierno;La Rioja;La Rioja;La Rioja @;JURPCOLR;Jurisdiccion
1701;1783;Tenencia de gobierno;La Rioja;La Rioja;La Rioja @;JURPCOLR;Partido
1701;1783;Tenencia de gobierno;Salta;Salta;Salta @;JURPSASA;Jurisdiccion
1701;1783;Tenencia de gobierno;Salta;Salta;Salta @;JURPSASA;Partido
1701;1783;Tenencia de gobierno;San Miguel;San Miguel de Tucuman;San Miguel de Tucuman @;JURPSASM;Jurisdiccion
1701;1783;Tenencia de gobierno;San Miguel;San Miguel de Tucuman;San Miguel de Tucuman @;JURPSASM;Partido
1701;1783;Tenencia de gobierno;Santa Fe;Santa Fe;Santa Fe @;JURPBASF;Jurisdiccion
1701;1783;Tenencia de gobierno;Santa Fe;Santa Fe;Santa Fe @;JURPBASF;Partido
1701;1783;Tenencia de gobierno;Santiago;Santiago del Estero;Santiago del Estero @;JURPSAES;Jurisdiccion
1701;1783;Tenencia de gobierno;Santiago;Santiago del Estero;Santiago del Estero @;JURPSAES;Partido
1701;1784;Partido;Chichas;Chichas;Chichas @ Chichas;JUCCPOCH;Partido
1701;1785;Alcaldia Mayor;Chiapas;Chiapas;Ciudad Real @ Chiapas;JUGUCHCR;Jurisdiccion
1701;1785;Alcaldia Mayor;Chiapas;Chiapas;Ciudad Real @ Chiapas;JUGUCHCR;Provincia_menor
1701;1785;Jurisdiccion;Ciudad Real;Ciudad Real;Ciudad Real @ Chiapas;PTGUCHCR;Partido
1701;1785;Misiones;Apolobamba;Apolobamba;Apolobamba @ Caupolican @ Apolo;JUCCLPAP;Jurisdiccion
1701;1785;Misiones;Apolobamba;Apolobamba;Apolobamba @ Caupolican @ Apolo;JUCCLPAP;Partido
1701;1785;Misiones;Apolobamba;Apolobamba;Apolobamba @ Caupolican @ Apolo;JUCCLPAP;Provincia_menor
1701;1785;Partido;Corona;Corona y Chinampas;San Andres @ Corona @ Coronas y Chinampas;JUGUCHSA;Partido
1701;1785;Partido;Guardiania;Guardiania de Huitiupan;Simojovel @ Guardiania de Huitiupan;JUGUCHSI;Partido
1701;1785;Partido;Los Llanos;Los Llanos;Comitan @ Los Llanos;JUGUCHCO;Partido
1701;1785;Partido;Tzendales;Tzendales;Zendales @ Tzendales @ Sendales @ Ocozingo @ Chontales;PTGUCHZE;Partido
1701;1785;Partido;Zoques;Zoques;Zoques @;PTGUCHZO;Partido
1701;1786;Alcaldia Mayor;Huatlatlauca;Huatlatlauca;Huatlatlauca @ Huatlatlauca y Huehuetlan @ Guatlatlauca de Puebla @ Atlatlauca;JUNEPUHH;Partido
1701;1786;Alcaldia Mayor;Igualapa;Igualapa;Igualapa @ Ometepeque @ Igualapa, Xalapa y Cintla @ Ygualapam @ Xalapa @ Xalapa, Cintla y Acatlan @ Xalapa de la Costa;JUNEPUIG;Jurisdiccion
1701;1786;Alcaldia Mayor;Igualapa;Igualapa;Igualapa @ Ometepeque @ Igualapa, Xalapa y Cintla @ Ygualapam @ Xalapa @ Xalapa, Cintla y Acatlan @ Xalapa de la Costa;JUNEPUIG;Partido
1701;1786;Alcaldia Mayor;Igualapa;Igualapa;Igualapa @ Ometepeque @ Igualapa, Xalapa y Cintla @ Ygualapam @ Xalapa @ Xalapa, Cintla y Acatlan @ Xalapa de la Costa;JUNEPUIG;Provincia_menor
1701;1786;Capitania a guerra;La Costa;La Costa;La Costa @ Dzidzantun @ Costa Alta y Baja @ Sisantun;JUNEYULC;Partido
1701;1786;Jurisdiccion;Nueva Segovia;Nueva Segovia;Nueva Segovia @;JUGUNINS;Jurisdiccion
1701;1786;Jurisdiccion;Nueva Segovia;Nueva Segovia;Nueva Segovia @;JUGUNINS;Partido
1701;1786;Jurisdiccion;San Miguel;San Miguel;San Miguel @;JUGUSSSM;Jurisdiccion
1701;1786;Jurisdiccion;San Miguel;San Miguel;San Miguel @;JUGUSSSM;Partido
1701;1786;Jurisdiccion;San Vicente;San Vicente;San Vicente @;JUGUSSSV;Jurisdiccion
1701;1786;Jurisdiccion;San Vicente;San Vicente;San Vicente @;JUGUSSSV;Partido
1701;1786;Partido;Santa Ana;Santa Ana;Santa Ana @ Santa Ana la Grande;JUGUSSSA;Partido
1701;1788;Alcaldia Mayor;Hostotipaquillo;Hostotipaquillo;Hostotipaquillo @ Yesca;JUGDGDHQ;Jurisdiccion
1701;1788;Alcaldia Mayor;Hostotipaquillo;Hostotipaquillo;Hostotipaquillo @ Yesca;JUGDGDHQ;Partido
1701;1788;Alcaldia Mayor;Hostotipaquillo;Hostotipaquillo;Hostotipaquillo @ Yesca;JUGDGDHQ;Provincia_menor
1701;1788;Corregimiento;Rio Sinu;Rio Sinu;Lorica @ Rio Sinu;PTNGCALO;Partido
1701;1791;Reino;Francia;Francia;Francia @;EXFR0000;Extranjero
1701;1792;Misiones;Panatahuas;Panatahuas;Panatahuas @ Conversiones de Huanuco @ Panatavas;JUPETAPA;Partido
1701;1793;Corregimiento;Los Brazos;Los Brazos;Los Brazos @;JMNGCHBR;Partido
1701;1794;Alcaldia Mayor de Minas;Vetas;Vetas de Pamplona;Vetas de Pamplona @ Bucaramanga @ Minas de Pamplona y Bucaramanga @ Betas @;JUNGTUVP;Partido
1701;1794;Alcaldia Mayor de Minas;Vetas;Vetas de Pamplona;Vetas de Pamplona @ Bucaramanga @ Minas de Pamplona y Bucaramanga @ Betas @;JUNGTUVP;Provincia_menor
1701;1794;Jurisdiccion;Higuey;Higuey;Higuey @;JUSDSDHG;Partido
1701;1794;Jurisdiccion;La Vega;La Vega;La Vega @ Concepcion de la Vega;JUSDSDLV;Jurisdiccion
1701;1794;Jurisdiccion;La Vega;La Vega;La Vega @ Concepcion de la Vega;JUSDSDLV;Partido
1701;1794;Jurisdiccion;Monte Plata;Monte Plata;Monte Plata @ Monte Plata y Boya;JUSDSDMP;Partido
1701;1794;Jurisdiccion;Santo Domingo;Santo Domingo;Santo Domingo @;JUSDSDSD;Jurisdiccion
1701;1794;Jurisdiccion;Santo Domingo;Santo Domingo;Santo Domingo @;JUSDSDSD;Partido
1701;1794;Jurisdiccion;Seibo;Seibo;Seibo @ Seybo;JUSDSDSE;Partido
1701;1794;Republica;Paises Bajos;Provincias Unidas de los Paises Bajos;Paises Bajos @ Holanda;EXPB0000;Extranjero
1701;1795;Partido;Perquilauquen;Perquilauquen;Perquilauquen @;PTCHCOPE;Partido
1701;1799;Alcaldia Mayor;Santiago;Santiago;Santiago @ Norte;JUSDSDSA;Jurisdiccion
1701;1799;Alcaldia Mayor;Santiago;Santiago;Santiago @ Norte;JUSDSDSA;Partido
1701;1799;Jurisdiccion;Azua;Azua;Azua @;JUSDSDAZ;Partido
1701;1799;Jurisdiccion;Banica;Banica;Banica @ Guaba @ Guava;JUSDSDBA;Partido
1701;1799;Jurisdiccion;Bayaguana;Bayaguana;Bayaguana @;JUSDSDBY;Partido
1701;1799;Jurisdiccion;Cotui;Cotui;Cotui @ Cotuy;JUSDSDCO;Partido
1701;1802;Jurisdiccion;Moyobamba;Moyobamba;Moyobamba @;PTPETRMO;Partido
1701;1808;Alcaldia Mayor;Nata;Nata y Villa de Santos;Nata @ Nata y Villa de Santos;JUNGPANA;Jurisdiccion
1701;1808;Alcaldia Mayor;Nata;Nata y Villa de Santos;Nata @ Nata y Villa de Santos;JUNGPANA;Provincia_menor
1701;1808;Alcaldia Mayor de Minas;Zaruma;Zaruma;Zaruma @ Minas de Zaruma;JUQULOZA;Jurisdiccion
1701;1808;Alcaldia Mayor de Minas;Zaruma;Zaruma;Zaruma @ Minas de Zaruma;JUQULOZA;Partido
1701;1808;Comandancia;Chagres;Chagres;Chagres @;PTNGPACH;Partido
1701;1808;Comandancia;Rio San Juan;Rio San Juan;Rio San Juan @ Castillo de Concepcion;JUGUNISJ;Jurisdiccion
1701;1808;Corregimiento;Quibdo;Quibdo;Quibdo @;JMNGCHQU;Partido
1701;1808;Gobernacion;Portobelo;Portobelo;Portobelo @  Castillo de San Felipe;JUNGPAPB;Jurisdiccion
1701;1808;Gobernacion;Portobelo;Portobelo;Portobelo @  Castillo de San Felipe;JUNGPAPB;Partido
1701;1808;Gobernacion;Portobelo;Portobelo;Portobelo @  Castillo de San Felipe;JUNGPAPB;Provincia
1701;1808;Gobernacion;Portobelo;Portobelo;Portobelo @  Castillo de San Felipe;JUNGPAPB;Provincia_menor
1701;1808;Jurisdiccion;Alange;Santiago Alange;Alange @ Alanje @ Al Angel @ Alanxe @ Alhanxe @ Provincia de Chiriqui;JUNGVEAL;Jurisdiccion
1701;1808;Jurisdiccion;Alange;Santiago Alange;Alange @ Alanje @ Al Angel @ Alanxe @ Alhanxe @ Provincia de Chiriqui;JUNGVEAL;Partido
1701;1808;Jurisdiccion;Asuncion;Asuncion;Asuncion @;JURPPAAS;Jurisdiccion
1701;1808;Jurisdiccion;Asuncion;Asuncion;Asuncion @;JURPPAAS;Partido
1701;1808;Jurisdiccion;Buenos Aires;Buenos Aires;Buenos Aires @;JURPBABA;Jurisdiccion
1701;1808;Jurisdiccion;Buenos Aires;Buenos Aires;Buenos Aires @;JURPBABA;Partido
1701;1808;Jurisdiccion;Comayagua;Comayagua;Comayagua @ Valle de las Higueras;JUGUCYCY;Jurisdiccion
1701;1808;Jurisdiccion;Comayagua;Comayagua;Comayagua @ Valle de las Higueras;JUGUCYCY;Partido
1701;1808;Jurisdiccion;Granada;Granada;Granada @;JUGUNIGR;Jurisdiccion
1701;1808;Jurisdiccion;Granada;Granada;Granada @;JUGUNIGR;Partido
1701;1808;Jurisdiccion;Jaen;Jaen;Jaen @ Jaen de Bracamoros;PTQUJAJA;Partido
1701;1808;Jurisdiccion;La Habana;La Habana;La Habana @ San Cristobal de la Habana;JUSDLHLH;Jurisdiccion
1701;1808;Jurisdiccion;La Habana;La Habana;La Habana @ San Cristobal de la Habana;JUSDLHLH;Partido
1701;1808;Jurisdiccion;Leon;Leon;Leon @;JUGUNILE;Jurisdiccion
1701;1808;Jurisdiccion;Leon;Leon;Leon @;JUGUNILE;Partido
1701;1808;Jurisdiccion;Matanzas;Matanzas;Matanzas @;JUSDLHMA;Partido
1701;1808;Jurisdiccion;Nata;Nata;Nata @;PTNGPANA;Partido
1701;1808;Jurisdiccion;Panama;Panama;Panama @;JUNGPAPA;Jurisdiccion
1701;1808;Jurisdiccion;Panama;Panama;Panama @;JUNGPAPA;Partido
1701;1808;Jurisdiccion;Panama;Panama;Panama @;JUNGPAPA;Provincia_menor
1701;1808;Jurisdiccion;Remedios;Remedios;Remedios @ Cayo;JUSDCVRE;Partido
1701;1808;Jurisdiccion;San Juan;San Juan;San Juan @ Puerto Rico;JUSDPRSJ;Jurisdiccion
1701;1808;Jurisdiccion;San Juan;San Juan;San Juan @ Puerto Rico;JUSDPRSJ;Partido
1701;1808;Jurisdiccion;San Salvador;San Salvador;San Salvador @;JUGUSSSS;Jurisdiccion
1701;1808;Jurisdiccion;San Salvador;San Salvador;San Salvador @;JUGUSSSS;Partido
1701;1808;Jurisdiccion;Sancti Spiritus;Sancti Spiritus;Sancti Espiritus @ Sancti Spiritus @ Santispiritus @ Sanctispiritus;JUSDCVSS;Partido
1701;1808;Jurisdiccion;Santa Clara;Santa Clara;Santa Clara @ Villaclara @ Pueblo Nuevo;JUSDCVVC;Partido
1701;1808;Jurisdiccion;Santiago de Cuba;Santiago de Cuba;Cuba @ Santiago de Cuba;JUSDCUCU;Jurisdiccion
1701;1808;Jurisdiccion;Santiago de Cuba;Santiago de Cuba;Cuba @ Santiago de Cuba;JUSDCUCU;Partido
1701;1808;Jurisdiccion;Veragua;Veragua;Veragua @ Veraguas;JUNGVEVE;Jurisdiccion
1701;1808;Jurisdiccion;Veragua;Veragua;Veragua @ Veraguas;JUNGVEVE;Partido
1701;1808;Misiones;Bajo Napo;Bajo Napo;Napo @ Bajo Napo;MIQUMANA;Partido
1701;1808;Misiones;Baures;Baures;Baures @;MICCCBBA;Partido
1701;1808;Misiones;Chinipas;Chinipas;Chinipas y Nabogame @ Nabogame y Baborigame @ San Joaquin y San Juan Nepomuceno @ Tarahumara de Sinaloa;PTGDDUCN;Partido
1701;1808;Misiones;Hibitos y Cholones;Hibitos y Cholones;Conversiones de Hibitos y Cholones @ Huaylillas;MIPETRHY;Partido
1701;1808;Misiones;Llanos de Barinas;Llanos de Barinas;Llanos de Barinas @;PTVEMCLL;Partido
1701;1808;Misiones;Marañon Alto;Marañon Alto;Misiones Altas @ Borja @ Marañon Alto @ Maynas;MIQUMABO;Partido
1701;1808;Misiones;Marañon Bajo;Marañon Bajo;Misiones Bajas @ Omaguas @ Marañon Bajo;MIQUMAOM;Partido
1701;1808;Misiones;Mocoa y Sucumbios;Mocoa y Sucumbios;Mocoa y Sucumbios @ Misiones de Popayan @ Mocoa y Sucumbios @ Mocoa, Sucumbios y Cofanes;MIQUPOPO;Partido
1701;1808;Misiones;Moxos;Moxos;Moxos @;MICCCBMO;Partido
1701;1808;Misiones;Pampas;Pampas;Pampas @;MICCCBPA;Partido
1701;1808;Misiones;Pimeria Alta;Pimeria Alta;Pimeria Alta @ Nueva Navarra;PTGDSSPA;Partido
1701;1808;Misiones;Pimeria Baja;Pimeria Baja;Pimeria Baja @ Sonora @ Nuevo Reino de Andalucia;PTGDSSPB;Partido
1701;1808;Partido;Atacama alta;Atacama alta;Atacama alta @;PTCCPOAA;Partido
1701;1808;Partido;Atacama baja;Atacama baja;Atacama baja @;PTCCPOAB;Partido
1701;1808;Partido;Banda Oriental;Banda Oriental;Banda Oriental @ Campaña interior y de frontera;JURPBOBO;Jurisdiccion
1701;1808;Partido;Banda Oriental;Banda Oriental;Banda Oriental @ Campaña interior y de frontera;JURPBOBO;Partido
1701;1808;Partido;Canelos;Canelos;Canelos @ Canela;PTQUQJCA;Partido
1701;1808;Partido;Castro;Castro;Castro @;PTCHCHCA;Partido
1701;1808;Partido;Chacao;Chacao;Chacao @;PTCHCHCH;Partido
1701;1808;Partido;Chiquimula;Chiquimula;Chiquimula @ Chichimula;PTGUGUCM;Partido
1701;1808;Partido;Curupayty;Curupayty y Lomas de Pedro Gonzalez;Curupayty y Lomas de Pedro Gonzalez @;PMRPBACP;Partido
1701;1808;Partido;Escuintla;Escuintla;Escuintla @ Escuintepeque;PTGUGUES;Partido
1701;1808;Partido;Lamas;Lamas;Lamas @;PTPETRLA;Partido
1701;1808;Partido;Pueblos;Pueblos de indios de Paraguay;Pueblos de indios @;PTRPPARG;Partido
1701;1808;Partido;Santos;Villa de Santos;Santos @ Villa de los Santos;PTNGPASA;Partido
1701;1808;Partido;Soriano;Soriano;Soriano @;PTRPBOSO;Partido
1701;1808;Partido;Trinidad;Isla de Trinidad;Trinidad @;JUVETRTR;Jurisdiccion
1701;1808;Partido;Trinidad;Isla de Trinidad;Trinidad @;JUVETRTR;Partido
1701;1808;Partido;Trinidad;Trinidad;Trinidad @;JUSDCVTR;Partido
1701;1808;Partido;Valles de Aragua;Valles de Aragua;Valles de Aragua @ Valle de Turmeque;PTVECAAR;Partido
1701;1808;Presidio;Janos;Janos-Casas Grandes;Janos @;PTGDDUJA;Partido
1701;1808;Provincia;Sucumbios;Sucumbios;Sucumbios @;PTQUPOSU;Partido
1701;1808;Reino;Dinamarca;Dinamarca;Dinamarca @;EXDI0000;Extranjero
1701;1808;Reino;Portugal;Portugal;Portugal @;EXPO0000;Extranjero
1701;1808;Reino;Suecia;Suecia;Suecia @;EXSU0000;Extranjero
1701;1808;Reino Unido;Gran Bretaña;Gran Bretaña;Gran Bretaña @ Inglaterra;EXGB0000;Extranjero
1701;1808;Tenencia de gobierno;Punta de Santa Elena;Punta de Santa Elena;Punta de Santa Elena @;JUQUGQSE;Jurisdiccion
1701;1808;Tenencia de gobierno;Punta de Santa Elena;Punta de Santa Elena;Punta de Santa Elena @;JUQUGQSE;Partido
1701;1808;Tenencia de gobierno;Raposo;Raposo;Raposo @ El Raposo;JUQUPORA;Jurisdiccion
1701;1808;Tenencia de gobierno;Raposo;Raposo;Raposo @ El Raposo;JUQUPORA;Partido
1701;9999;Jurisdiccion;San German;San German;San German @ Villa de San German;JUSDPRSG;Jurisdiccion
1701;9999;Jurisdiccion;San German;San German;San German @ Villa de San German;JUSDPRSG;Partido
1701;9999;Partido politico;Aguada;Aguada;Aguada @;PTSDPRAG;Jurisdiccion
1701;9999;Partido politico;Aguada;Aguada;Aguada @;PTSDPRAG;Partido
1701;9999;Partido politico;Arecibo;Arecibo;Arecibo @;PTSDPRAR;Jurisdiccion
1701;9999;Partido politico;Arecibo;Arecibo;Arecibo @;PTSDPRAR;Partido
1701;9999;Partido politico;Coamo;Coamo;Coamo @;PTSDPRCO;Jurisdiccion
1701;9999;Partido politico;Coamo;Coamo;Coamo @;PTSDPRCO;Partido
1701;9999;Partido politico;Ponce;Ponce;Ponce @ Ponze;PTSDPRPO;Jurisdiccion
1701;9999;Partido politico;Ponce;Ponce;Ponce @ Ponze;PTSDPRPO;Partido
1703;1711;Jurisdiccion;Darien;Darien;Darien @;PRNGDA00;Jurisdiccion
1703;1711;Jurisdiccion;Darien;Darien;Darien @;PRNGDA00;Partido
1703;1711;Jurisdiccion;Darien;Darien;Darien @;PRNGDA00;Provincia_menor
1703;1786;Alcaldia Mayor*;Maloya;Maloya;Maloya @ Matatan @ Cacalotan y Maloya;JUGDSSMY;Jurisdiccion
1703;1786;Alcaldia Mayor*;Maloya;Maloya;Maloya @ Matatan @ Cacalotan y Maloya;JUGDSSMY;Partido
1703;1808;Presidio;Riogrande;Riogrande;Riogrande @ Rio Grande;PTGDCORG;Jurisdiccion
1703;1808;Presidio;Riogrande;Riogrande;Riogrande @ Rio Grande;PTGDCORG;Partido
1704;1732;Alcaldia Mayor;Rosario;Rosario;Rosario @ Chametla @ Chametla y Salinas @ Real de Rosario y Chametla @ Chiametla;JUGDSSRO;Jurisdiccion
1704;1732;Alcaldia Mayor;Rosario;Rosario;Rosario @ Chametla @ Chametla y Salinas @ Real de Rosario y Chametla @ Chiametla;JUGDSSRO;Partido
1704;1732;Alcaldia Mayor;Rosario;Rosario;Rosario @ Chametla @ Chametla y Salinas @ Real de Rosario y Chametla @ Chiametla;JUGDSSRO;Provincia_menor
1704;1794;Jurisdiccion;Hincha;Hincha;Hincha @;JUSDSDHI;Partido
1705;1729;Alcaldia Mayor;Huexolotitlan;Huexolotitlan;Huexolotitlan @ Huiso @ Huitzo @ Huizo @ Guaxolotlitlan @ Guajolotitlan @ Huejolotitlan @ Guayolotitlan y Guiso;JUNEOAHL;Jurisdiccion
1705;1729;Alcaldia Mayor;Huexolotitlan;Huexolotitlan;Huexolotitlan @ Huiso @ Huitzo @ Huizo @ Guaxolotlitlan @ Guajolotitlan @ Huejolotitlan @ Guayolotitlan y Guiso;JUNEOAHL;Partido
1705;1729;Alcaldia Mayor;Huexolotitlan;Huexolotitlan;Huexolotitlan @ Huiso @ Huitzo @ Huizo @ Guaxolotlitlan @ Guajolotitlan @ Huejolotitlan @ Guayolotitlan y Guiso;JUNEOAHL;Provincia_menor
1705;1770;Alcaldia Mayor;Tlayacapa;Tlayacapa;Tlayacapa @ Totolapa;JUNEMXTY;Partido
1705;1781;Alcaldia Mayor*;Galisteo;Galisteo;Galisteo @ Pecos @ Galisteo y Pecos;JUGDNMGA;Partido
1705;1786;Alcaldia Mayor;Copala;Copala;Copala @ Panico y San Bartolome @ San Bartolome Copala @ San Jose Copala @ Chiametla y Maloya;JUGDSSCP;Jurisdiccion
1705;1786;Alcaldia Mayor;Copala;Copala;Copala @ Panico y San Bartolome @ San Bartolome Copala @ San Jose Copala @ Chiametla y Maloya;JUGDSSCP;Partido
1705;1808;Tenencia de corregimiento;Ubate;Ubate;Ubate @;JUNGSFUB;Partido
1706;1808;Alcaldia Mayor;Albuquerque;Albuquerque;Alburquerque @ Las Salinas @ Rio abajo @ Albuquerque;JUGDNMAL;Jurisdiccion
1706;1808;Alcaldia Mayor;Albuquerque;Albuquerque;Alburquerque @ Las Salinas @ Rio abajo @ Albuquerque;JUGDNMAL;Partido
1706;1808;Corregimiento;Servita;Servita;Servita @;JUNGPPSE;Partido
1706;1808;Ducado;Atrisco;Atrisco;Ducado de Atlixco @;SENEDA00;Provincia_menor
1706;1808;Ducado;Atrisco;Atrisco;Ducado de Atlixco @;SENEDA00;Senorio
1708;1717;Alcaldia Mayor;San Francisco;San Francisco de Cuellar;Chihuahua @ San Francisco de Cuellar @ Santa Eulalia;JUGDDUCH;Jurisdiccion
1708;1717;Alcaldia Mayor;San Francisco;San Francisco de Cuellar;Chihuahua @ San Francisco de Cuellar @ Santa Eulalia;JUGDDUCH;Partido
1708;1717;Alcaldia Mayor;Teocaltiche;Teocaltiche;Teocaltiche @ Tequaltichi @ Teocaltchi @ Teocaltiche y Pueblos Llanos;JUGDGDTC;Jurisdiccion
1708;1717;Alcaldia Mayor;Teocaltiche;Teocaltiche;Teocaltiche @ Tequaltichi @ Teocaltchi @ Teocaltiche y Pueblos Llanos;JUGDGDTC;Partido
1708;1808;Alcaldia Mayor;Totonicapan;Totonicapan y Huehuetenango;Totonicapan @ Totonicapan y Huehuetenango;JUGUGUTO;Jurisdiccion
1708;1808;Alcaldia Mayor;Totonicapan;Totonicapan y Huehuetenango;Totonicapan @ Totonicapan y Huehuetenango;JUGUGUTO;Provincia_menor
1709;1709;Alcaldia Mayor;Tlajomulco;Tlajomulco y Cajitlan;Tlajomulco y Cajititlan @ Tlaxomulco @ Tlajomulco y Cajitlan;JUGDGDTL;Jurisdiccion
1709;1774;Gobernacion;Quijos y Macas;Quijos y Macas;Quijos @ Quijos y Macas @ Quijos, Zumaco y la Canela;PRQUQJ00;Jurisdiccion
1709;1774;Gobernacion;Quijos y Macas;Quijos y Macas;Quijos @ Quijos y Macas @ Quijos, Zumaco y la Canela;PRQUQJ00;Provincia
1709;1774;Gobernacion;Quijos y Macas;Quijos y Macas;Quijos @ Quijos y Macas @ Quijos, Zumaco y la Canela;PRQUQJ00;Provincia_menor
1709;1793;Corregimiento;Novita;Novita;Novita @;JMNGCHNO;Partido
1709;1808;Corregimiento;Noanama;Noanama;Noanama @;JMNGCHNN;Partido
1710;1713;Alcaldia Mayor;Coyoacan;Coyoacan;Coyoacan @ Cuyoacan;JUNEMXCY;Jurisdiccion
1710;1713;Alcaldia Mayor;Coyoacan;Coyoacan;Coyoacan @ Cuyoacan;JUNEMXCY;Partido
1710;1713;Alcaldia Mayor;Coyoacan;Coyoacan;Coyoacan @ Cuyoacan;JUNEMXCY;Provincia_menor
1710;1713;Alcaldia Mayor;Huamelula;Huamelula;Huatulco y Huamelula @ Huatulco y Huamelula @ Guatulco @ Puerto de Guatulco;JUNEOAHM;Jurisdiccion
1710;1713;Alcaldia Mayor;Huamelula;Huamelula;Huatulco y Huamelula @ Huatulco y Huamelula @ Guatulco @ Puerto de Guatulco;JUNEOAHM;Provincia_menor
1710;1713;Alcaldia Mayor;Huatulco;Huatulco;Huatulco @;JUNEOAHT;Jurisdiccion
1710;1713;Alcaldia Mayor;Huatulco;Huatulco;Huatulco @;JUNEOAHT;Partido
1710;1713;Alcaldia Mayor;Huatulco;Huatulco;Huatulco @;JUNEOAHT;Provincia_menor
1710;1717;Alcaldia Mayor;Taximaroa;Taximaroa;Taximaroa @;JUNEMITX;Jurisdiccion
1710;1786;Alcaldia Mayor;Tepeaca;Tepeaca;Tepeaca @ Tepeaca y Tecali;JUNEPUTP;Jurisdiccion
1710;1786;Alcaldia Mayor;Tepeaca;Tepeaca;Tepeaca @ Tepeaca y Tecali;JUNEPUTP;Partido
1710;1790;Corregimiento;Tlajomulco;Tlajomulco y Cajitlan;Tlajomulco y Cajititlan @ Tlaxomulco @ Tlajomulco y Cajitlan;JUGDGDTL;Jurisdiccion
1710;1790;Corregimiento;Tlajomulco;Tlajomulco y Cajitlan;Tlajomulco y Cajititlan @ Tlaxomulco @ Tlajomulco y Cajitlan;JUGDGDTL;Partido
1710;1808;Gobernacion;Acapulco;Acapulco;Acapulco @ Ciudad de los Reyes @ Santos Reyes;JUNEMXAC;Jurisdiccion
1710;1808;Gobernacion;Acapulco;Acapulco;Acapulco @ Ciudad de los Reyes @ Santos Reyes;JUNEMXAC;Partido
1710;1808;Gobernacion;Acapulco;Acapulco;Acapulco @ Ciudad de los Reyes @ Santos Reyes;JUNEMXAC;Provincia
1710;1808;Gobernacion;Acapulco;Acapulco;Acapulco @ Ciudad de los Reyes @ Santos Reyes;JUNEMXAC;Provincia_menor
1711;1750;Comandancia;Mapimi;Mapimi;Mapimi @;JUGDDUMA;Jurisdiccion
1711;1750;Comandancia;Mapimi;Mapimi;Mapimi @;JUGDDUMA;Partido
1711;1786;Alcaldia Mayor;Yahualica;Sochicoatlan y Yahualica;Yahualica @ Yagualica @ Yagualica y Sochicoatlan @ Yagualica y Zochicoatlan @ Yagualica y Jochiquiatlan @ Sochiguautla;JUNEMXYA;Jurisdiccion
1711;1786;Alcaldia Mayor;Yahualica;Sochicoatlan y Yahualica;Yahualica @ Yagualica @ Yagualica y Sochicoatlan @ Yagualica y Zochicoatlan @ Yagualica y Jochiquiatlan @ Sochiguautla;JUNEMXYA;Partido
1711;1786;Alcaldia Mayor;Yahualica;Sochicoatlan y Yahualica;Yahualica @ Yagualica @ Yagualica y Sochicoatlan @ Yagualica y Zochicoatlan @ Yagualica y Jochiquiatlan @ Sochiguautla;JUNEMXYA;Provincia_menor
1712;1786;Alcaldia Mayor;Linares;San Felipe de Linares;Linares @ San Felipe de Linares @ Valle de San Cristobal;JUGDNLLI;Jurisdiccion
1712;1786;Alcaldia Mayor;Linares;San Felipe de Linares;Linares @ San Felipe de Linares @ Valle de San Cristobal;JUGDNLLI;Partido
1712;1808;Gobernacion;Darien;Darien;Darien @;PRNGDA00;Jurisdiccion
1712;1808;Gobernacion;Darien;Darien;Darien @;PRNGDA00;Partido
1712;1808;Gobernacion;Darien;Darien;Darien @;PRNGDA00;Provincia
1712;1808;Gobernacion;Darien;Darien;Darien @;PRNGDA00;Provincia_menor
1713;1719;Alcaldia Mayor;Teremendo;Jaso y Teremendo;Jaso y Teremendo @ Xasoteremendo @ Xaso y Teremendo @ Jasso y Teremendo @ Xazo y Teremendo @ Jasoteremendo;JUNEMIJT;Jurisdiccion
1713;1719;Alcaldia Mayor;Teremendo;Jaso y Teremendo;Jaso y Teremendo @ Xasoteremendo @ Xaso y Teremendo @ Jasso y Teremendo @ Xazo y Teremendo @ Jasoteremendo;JUNEMIJT;Partido
1713;1719;Alcaldia Mayor;Teremendo;Jaso y Teremendo;Jaso y Teremendo @ Xasoteremendo @ Xaso y Teremendo @ Jasso y Teremendo @ Xazo y Teremendo @ Jasoteremendo;JUNEMIJT;Provincia_menor
1713;1730;Alcaldia Mayor;Chilchota;Chilchota;Chilchota @ Chilchotla;JUNEMICH;Partido
1713;1750;Alcaldia Mayor;Zultepec;Zultepec;Zultepec @ Sultepec @ Sultepeque;JUNEMXZU;Partido
1713;1764;Alcaldia Mayor;Tinguindin;Tinguindin;Tinguindin @ Tinhuindin @ Periban y Tinguindin @ y Tacascuaro @ y Chocandiran @ Chocaman;JUNEMITG;Partido
1713;1808;Capitania a guerra;Zaragoza;Zaragoza;Zaragoza @;JUNGANZA;Jurisdiccion
1713;1808;Capitania a guerra;Zaragoza;Zaragoza;Zaragoza @;JUNGANZA;Partido
1713;1808;Jurisdiccion;Bejucal;San Felipe y Santiago;San Felipe y Santiago @ Bejucal;JUSDLHFS;Partido
1713;1808;Marquesado;Bejucal;San Felipe y Santiago;Marquesado de San Felipe y Santiago @ Bejucal;SESDFS00;Senorio
1714;1724;Alcaldia Mayor*;Toluca;Toluca;Toluca @;JUNEMXTO;Jurisdiccion
1714;1724;Alcaldia Mayor*;Toluca;Toluca;Toluca @;JUNEMXTO;Partido
1714;1724;Alcaldia Mayor*;Toluca;Toluca;Toluca @;JUNEMXTO;Provincia_menor
1714;1728;Partido;Taos;Taos;Taos @ Tewas @ Tiwas @ Tihuas @ Teguas @ Tehuas @ Tiguas @ Thaos @ Taos y Picuries;JUGDNMTA;Jurisdiccion
1714;1728;Partido;Taos;Taos;Taos @ Tewas @ Tiwas @ Tihuas @ Teguas @ Tehuas @ Tiguas @ Thaos @ Taos y Picuries;JUGDNMTA;Partido
1714;1737;Alcaldia Mayor;Huatulco y Huamelula;Huatulco y Huamelula;Huatulco y Huamelula @ Huatulco y Huamelula @ Guatulco @ Puerto de Guatulco;JUNEOAHM;Jurisdiccion
1714;1737;Alcaldia Mayor;Huatulco y Huamelula;Huatulco y Huamelula;Huatulco y Huamelula @ Huatulco y Huamelula @ Guatulco @ Puerto de Guatulco;JUNEOAHM;Provincia_menor
1714;1737;Partido;Huatulco;Huatulco;Huatulco @;JUNEOAHT;Partido
1714;1783;Corregimiento;Mizque;Mizque;Mizque @ Mizque y Pocona;JUCCCBMI;Jurisdiccion
1714;1783;Corregimiento;Mizque;Mizque;Mizque @ Mizque y Pocona;JUCCCBMI;Partido
1714;1783;Corregimiento;Mizque;Mizque;Mizque @ Mizque y Pocona;JUCCCBMI;Provincia_menor
1714;1808;Corregimiento;Coyoacan;Coyoacan;Coyoacan @ Cuyoacan;JUNEMXCY;Jurisdiccion
1714;1808;Corregimiento;Coyoacan;Coyoacan;Coyoacan @ Cuyoacan;JUNEMXCY;Partido
1714;1808;Corregimiento;Coyoacan;Coyoacan;Coyoacan @ Cuyoacan;JUNEMXCY;Provincia_menor
1714;9999;Partido politico;Rio Piedras;Rio Piedras;Rio Piedras @ Ribera de Rio Piedras;PTSDPRRP;Jurisdiccion
1714;9999;Partido politico;Rio Piedras;Rio Piedras;Rio Piedras @ Ribera de Rio Piedras;PTSDPRRP;Partido
1715;1719;Alcaldia Mayor;Huaniqueo;Huaniqueo;Huaniqueo @ Guaniqueo;JUNEMIHQ;Partido
1715;1750;Corregimiento;Acasaguastlan;Acasaguastlan;Acasaguastlan @ Zacapa @ Casablastran @ Casalbastran @ Casabeltran;JUGUGUAC;Jurisdiccion
1715;1750;Corregimiento;Acasaguastlan;Acasaguastlan;Acasaguastlan @ Zacapa @ Casablastran @ Casalbastran @ Casabeltran;JUGUGUAC;Partido
1715;1772;Alcaldia Mayor;Sabinas;Santiago de Sabinas;Sabinas @ Santiago de Sabinas;JUGDNLSB;Jurisdiccion
1715;1772;Alcaldia Mayor;Sabinas;Santiago de Sabinas;Sabinas @ Santiago de Sabinas;JUGDNLSB;Partido
1715;1786;Alcaldia Mayor*;Pilon;Pilon;Valle de Pilon @;JUGDNLPI;Jurisdiccion
1715;1786;Alcaldia Mayor*;Pilon;Pilon;Valle de Pilon @;JUGDNLPI;Partido
1716;1718;Presidio;Texas;Texas;Nacogdoches @ Adaes @ Pilar @ Texas;PMGDTXNA;Jurisdiccion
1716;1718;Presidio;Texas;Texas;Nacogdoches @ Adaes @ Pilar @ Texas;PMGDTXNA;Partido
1716;1783;Partido;Curuguaty;Curuguaty;Curuguaty @;JURPPACU;Jurisdiccion
1716;1783;Partido;Curuguaty;Curuguaty;Curuguaty @;JURPPACU;Partido
1716;1786;Alcaldia Mayor;Tecali;Tecali;Tecali @ Santiago Tecali @ Tecalco;JUNEPUTC;Jurisdiccion
1716;1786;Alcaldia Mayor;Tecali;Tecali;Tecali @ Santiago Tecali @ Tecalco;JUNEPUTC;Partido
1716;1808;Gobernacion;Veragua;Veragua;Veragua @ Veraguas;PRNGVE00;Provincia
1716;1808;Gobernacion;Veragua;Veragua;Veragua @ Veraguas;PRNGVE00;Provincia_menor
1717;1721;Gobernacion-Capitania General;Tierra Firme;Tierra Firme;Panama @ Istmo @ Tierra Firme @ Castilla de Oro;PRNGPA00;Provincia
1717;1721;Gobernacion-Capitania General;Tierra Firme;Tierra Firme;Panama @ Istmo @ Tierra Firme @ Castilla de Oro;PRNGPA00;Provincia_mayor
1717;1723;Virreinato;Nueva Granada;Nueva Granada;Nueva Granada @ Santa Fe @ Nuevo Reino de Granada;SUNG0000;Principal
1717;1723;Virreinato;Nueva Granada;Nueva Granada;Nueva Granada @ Santa Fe @ Nuevo Reino de Granada;SUNG0000;Virreinato
1717;1757;Presidio;Carmen;Laguna de los Terminos;Carmen @ Laguna de los Terminos;JUNECNCA;Jurisdiccion
1717;1757;Presidio;Carmen;Laguna de los Terminos;Carmen @ Laguna de los Terminos;JUNECNCA;Partido
1717;1783;Corregimiento;Paucartambo;Paucartambo;Paucartambo @ Los Andes @ Andes del Cuzco;JUPECUPT;Jurisdiccion
1717;1783;Corregimiento;Paucartambo;Paucartambo;Paucartambo @ Los Andes @ Andes del Cuzco;JUPECUPT;Partido
1717;1783;Corregimiento;Paucartambo;Paucartambo;Paucartambo @ Los Andes @ Andes del Cuzco;JUPECUPT;Provincia_menor
1718;1721;Comandancia;San Antonio;San Antonio;Bexar @ San Antonio;PMGDTXSA;Jurisdiccion
1718;1721;Comandancia;San Antonio;San Antonio;Bexar @ San Antonio;PMGDTXSA;Partido
1718;1723;Alcaldia Mayor;Taximaroa;Taximaroa;Taximaroa @;JUNEMITX;Jurisdiccion
1718;1724;Corregimiento;Teocaltiche;Teocaltiche;Teocaltiche @ Tequaltichi @ Teocaltchi @ Teocaltiche y Pueblos Llanos;JUGDGDTC;Partido
1718;1762;Comandancia;Apalache;San Marcos de Apalache;San Marcos de Apalache @;PTSDFLAP;Partido
1718;1792;Corregimiento;Chihuahua;Chihuahua;Chihuahua @ San Francisco de Cuellar @ Santa Eulalia;JUGDDUCH;Jurisdiccion
1718;1792;Corregimiento;Chihuahua;Chihuahua;Chihuahua @ San Francisco de Cuellar @ Santa Eulalia;JUGDDUCH;Partido
1718;1792;Corregimiento;Chihuahua;Chihuahua;Chihuahua @ San Francisco de Cuellar @ Santa Eulalia;JUGDDUCH;Provincia_menor
1718;1792;Tenencia de corregimiento;Babonoyaba;Babonoyaba;Babonoyaba @ Satevo @ Satebo @ Sattebo @ Babonayaba;JUGDDUBY;Partido
1718;1792;Tenencia de corregimiento;Julimes;Julimes;Julimes @;JUGDDUJU;Partido
1718;1792;Tenencia de corregimiento;Santa Eulalia;Santa Eulalia;Santa Eulalia @;PTGDDUSE;Partido
1718;1792;Tenencia de corregimiento;Santa Isabel;Santa Isabel;Santa Isabel @;JUGDDUSI;Partido
1719;1786;Capitania a guerra;Beneficios Altos;Beneficios Altos;Beneficios Altos @ Tihosuco;JUNEYUBA;Partido
1719;1786;Capitania a guerra;Beneficios Bajos;Beneficios Bajos;Beneficios Bajos @ Sotuta @ Yaxcaba @ Beneficios;JUNEYUBB;Partido
1719;1808;Corregimiento;Duitama;Duitama;Duitama @ Mogotes y Sincelejo @ Cerinza;JUNGTUDU;Partido
1720;1757;Alcaldia Mayor;Atitalaquia;Atitalaquia;Atitalaquia @;JUNEMXAQ;Partido
1720;1780;Corregimiento;Teremendo;Jaso y Teremendo;Jaso y Teremendo @ Xasoteremendo @ Xaso y Teremendo @ Jasso y Teremendo @ Xazo y Teremendo @ Jasoteremendo;JUNEMIJT;Partido
1720;1786;Alcaldia Mayor*;Pesqueria Grande;Pesqueria Grande;Pesqueria Grande @;JUGDNLPE;Jurisdiccion
1720;1786;Alcaldia Mayor*;Pesqueria Grande;Pesqueria Grande;Pesqueria Grande @;JUGDNLPE;Partido
1720;1790;Alcaldia Mayor;Jiquilpan;Jiquilpan y Periban con Tinguindin;Jiquilpan @ Xiquilpa @ Xiquilpa y Periban @ Xiquilpa y Perivan @ Xiquilpa, Periban y Tinguindin @ San Juan de Periban @ Xiquilpa y Chilchotla;JUNEMIJI;Jurisdiccion
1720;1790;Alcaldia Mayor;Jiquilpan;Jiquilpan y Periban con Tinguindin;Jiquilpan @ Xiquilpa @ Xiquilpa y Periban @ Xiquilpa y Perivan @ Xiquilpa, Periban y Tinguindin @ San Juan de Periban @ Xiquilpa y Chilchotla;JUNEMIJI;Provincia_menor
1720;1808;Jurisdiccion;Nicaragua;Nicaragua;Nicaragua @;JUGUNINI;Jurisdiccion
1720;1808;Jurisdiccion;Nicaragua;Nicaragua;Nicaragua @;JUGUNINI;Partido
1721;1725;Alcaldia Mayor;Santa Catarina;Santa Catarina;Santa Catarina @ Tepehuanes;JUGDDUSC;Jurisdiccion
1721;1725;Alcaldia Mayor;Santa Catarina;Santa Catarina;Santa Catarina @ Tepehuanes;JUGDDUSC;Partido
1721;1762;Gobernacion;Pansacola;Santa Maria de Galve;Florida occidental @ Pensacola @ Penzacola;JUSDFLFW;Jurisdiccion
1721;1762;Gobernacion;Pansacola;Santa Maria de Galve;Florida occidental @ Pensacola @ Penzacola;JUSDFLFW;Partido
1721;1772;Presidio;Adaes;Adaes;Nacogdoches @ Adaes @ Pilar @ Texas;PMGDTXNA;Jurisdiccion
1721;1772;Presidio;Adaes;Adaes;Nacogdoches @ Adaes @ Pilar @ Texas;PMGDTXNA;Partido
1721;1785;Alcaldia Mayor;Suchiltepequez;Zapotitlan y San Antonio de Suchiltepequez;Suchiltepequez @ San Antonio @ Suchitepeque @ Suchiltepeques @ Zapotitlan y San Antonio de Suchiltepeques;JUGUGUSU;Jurisdiccion
1721;1785;Alcaldia Mayor;Suchiltepequez;Zapotitlan y San Antonio de Suchiltepequez;Suchiltepequez @ San Antonio @ Suchitepeque @ Suchiltepeques @ Zapotitlan y San Antonio de Suchiltepeques;JUGUGUSU;Partido
1721;1785;Alcaldia Mayor;Suchiltepequez;Zapotitlan y San Antonio de Suchiltepequez;Suchiltepequez @ San Antonio @ Suchitepeque @ Suchiltepeques @ Zapotitlan y San Antonio de Suchiltepeques;JUGUGUSU;Provincia_menor
1721;1786;Capitania a guerra;Sahcabchen;Sahcabchen;Sahcabchen @ Champoton @ Seyba;JUNEYUSA;Partido
1721;1787;Alcaldia Mayor*;Valle de San Buenaventura;Valle de San Buenaventura;Valle de San Buenaventura @ Casas Grandes;JUGDDUBV;Jurisdiccion
1721;1787;Alcaldia Mayor*;Valle de San Buenaventura;Valle de San Buenaventura;Valle de San Buenaventura @ Casas Grandes;JUGDDUBV;Partido
1721;1790;Gobernacion;Nayarit;Nayarit;Nayarit @ Nuevo Toledo;PRGDNA00;Jurisdiccion
1721;1790;Gobernacion;Nayarit;Nayarit;Nayarit @ Nuevo Toledo;PRGDNA00;Partido
1721;1790;Gobernacion;Nayarit;Nayarit;Nayarit @ Nuevo Toledo;PRGDNA00;Provincia
1721;1790;Gobernacion;Nayarit;Nayarit;Nayarit @ Nuevo Toledo;PRGDNA00;Provincia_mayor
1721;1790;Gobernacion;Nayarit;Nayarit;Nayarit @ Nuevo Toledo;PRGDNA00;Provincia_menor
1721;1808;Imperio;Rusia;Rusia;Rusia @;EXRU0000;Extranjero
1722;1739;Gobernacion-Capitania General;Tierra Firme;Tierra Firme;Panama @ Istmo @ Tierra Firme @ Castilla de Oro;PRNGPA00;Provincia
1722;1739;Gobernacion-Capitania General;Tierra Firme;Tierra Firme;Panama @ Istmo @ Tierra Firme @ Castilla de Oro;PRNGPA00;Provincia_mayor
1722;1750;Audiencia Real;Panama;Panama;Panama @ Tierra Firme @ Castilla de Oro;AUPA0000;Audiencia
1722;1780;Tenencia a Guerra;Humacao;Humacao;Humacado @ Humacao @ Piedras;PTSDPRHU;Jurisdiccion
1722;1780;Tenencia a Guerra;Humacao;Humacao;Humacado @ Humacao @ Piedras;PTSDPRHU;Partido
1722;1808;Audiencia Real;Quito;Quito;Quito @;AUQU0000;Audiencia
1722;1808;Gobernacion;Texas;Texas;Texas @ Nueva Filipina @ La Carolina;PRGDTX00;Provincia
1722;1808;Gobernacion;Texas;Texas;Texas @ Nueva Filipina @ La Carolina;PRGDTX00;Provincia_mayor
1722;1808;Gobernacion;Texas;Texas;Texas @ Nueva Filipina @ La Carolina;PRGDTX00;Provincia_menor
1722;1808;Partido;San Antonio;San Antonio;Bexar @ San Antonio;PMGDTXSA;Jurisdiccion
1722;1808;Partido;San Antonio;San Antonio;Bexar @ San Antonio;PMGDTXSA;Partido
1722;1808;Presidio;La Bahia;La Bahia;La Bahia @ Espiritu Santo;PMGDTXLB;Jurisdiccion
1722;1808;Presidio;La Bahia;La Bahia;La Bahia @ Espiritu Santo;PMGDTXLB;Partido
1723;1787;Alcaldia Mayor*;Santa Barbara;Santa Barbara;Santa Barbara @ San Francisco del Oro;JUGDDUBB;Jurisdiccion
1723;1787;Alcaldia Mayor*;Santa Barbara;Santa Barbara;Santa Barbara @ San Francisco del Oro;JUGDDUBB;Partido
1723;1792;Alcaldia Mayor*;Mezquital;San Francisco de Mezquital;Mezquital @ San Francisco Mezquital @ San Bernardino Milpillas @ Lajas y Melipillas @ Melpillas @ San Francisco de Lajas @ San Francisco de Lajas;JUGDDUME;Jurisdiccion
1723;1792;Alcaldia Mayor*;Mezquital;San Francisco de Mezquital;Mezquital @ San Francisco Mezquital @ San Bernardino Milpillas @ Lajas y Melipillas @ Melpillas @ San Francisco de Lajas @ San Francisco de Lajas;JUGDDUME;Partido
1723;9999;Partido politico;Loiza;Loiza;Loiza @ Ribera de Loiza;PTSDPRLO;Jurisdiccion
1723;9999;Partido politico;Loiza;Loiza;Loiza @ Ribera de Loiza;PTSDPRLO;Partido
1724;1739;Gobernacion-Capitania General;Nuevo Reino de Granada;Nuevo Reino de Granada;Nueva Granada @ Santa Fe @ Nuevo Reino de Granada;SUNG0000;Principal
1725;1727;Alcaldia Mayor;Teocaltiche;Teocaltiche;Teocaltiche @ Tequaltichi @ Teocaltchi @ Teocaltiche y Pueblos Llanos;JUGDGDTC;Jurisdiccion
1725;1727;Alcaldia Mayor;Teocaltiche;Teocaltiche;Teocaltiche @ Tequaltichi @ Teocaltchi @ Teocaltiche y Pueblos Llanos;JUGDGDTC;Partido
1725;1728;Alcaldia Mayor;Parral;Parral;Parral @ Parral, Minas Nuevas y Santa Barbara;JUGDDUPL;Jurisdiccion
1725;1728;Alcaldia Mayor;Parral;Parral;Parral @ Parral, Minas Nuevas y Santa Barbara;JUGDDUPL;Partido
1725;1786;Alcaldia Mayor;Santa Catarina;Santa Catarina;Valle de Santa Catarina @;JUGDNLSC;Jurisdiccion
1725;1786;Alcaldia Mayor;Santa Catarina;Santa Catarina;Valle de Santa Catarina @;JUGDNLSC;Partido
1725;1808;Corregimiento;Toluca;Toluca;Toluca @;JUNEMXTO;Jurisdiccion
1725;1808;Corregimiento;Toluca;Toluca;Toluca @;JUNEMXTO;Partido
1725;1808;Corregimiento;Toluca;Toluca;Toluca @;JUNEMXTO;Provincia_menor
1725;1808;Jurisdiccion;Santiago de las Vegas;Santiago de las Vegas;Santiago de las Vegas @;JUSDLHSV;Partido
1725;9999;Partido politico;Tuna;Tuna;Tuna @;PTSDPRTU;Jurisdiccion
1725;9999;Partido politico;Tuna;Tuna;Tuna @;PTSDPRTU;Partido
1726;1750;Jurisdiccion;Montevideo;Montevideo;Montevideo @ Uruguay;JURPBOMV;Jurisdiccion
1726;1750;Jurisdiccion;Montevideo;Montevideo;Montevideo @ Uruguay;JURPBOMV;Partido
1726;1777;Corregimiento;Subtiava;Subtiava;Subtiava @ Sutiaba @ Quetzalguaque @ Cazalagua y Pozoltega;JUGUNISU;Jurisdiccion
1726;1777;Corregimiento;Subtiava;Subtiava;Subtiava @ Sutiaba @ Quetzalguaque @ Cazalagua y Pozoltega;JUGUNISU;Partido
1726;1777;Corregimiento;Subtiava;Subtiava;Subtiava @ Sutiaba @ Quetzalguaque @ Cazalagua y Pozoltega;JUGUNISU;Provincia_menor
1726;1798;Partido;Santa Catarina;Santa Catarina;Santa Catarina @ Tepehuanes;JUGDDUSC;Partido
1726;1808;Gobernacion;Choco;Choco;Choco @ Rio de San Juan;PRNGCH00;Provincia
1726;1808;Gobernacion;Choco;Choco;Choco @ Rio de San Juan;PRNGCH00;Provincia_menor
1726;1808;Marquesado;El Valle;El Valle;Marquesado del Valle @;SENEMV00;Provincia_menor
1726;1808;Marquesado;El Valle;El Valle;Marquesado del Valle @;SENEMV00;Senorio
1726;1808;Tenencia de gobierno;Novita;Novita;Novita @ Noanama;JUNGCHNO;Jurisdiccion
1727;1774;Comandancia General;Frontera de Arauco;Frontera de Arauco;Frontera de Arauco @;JUCHCOAR;Jurisdiccion
1727;1808;Tenencia de gobierno;El Pao;El Pao;El Pao @;JUVECAPA;Partido
1728;1735;Corregimiento;Teocaltiche;Teocaltiche;Teocaltiche @ Tequaltichi @ Teocaltchi @ Teocaltiche y Pueblos Llanos;JUGDGDTC;Jurisdiccion
1728;1735;Corregimiento;Teocaltiche;Teocaltiche;Teocaltiche @ Tequaltichi @ Teocaltchi @ Teocaltiche y Pueblos Llanos;JUGDGDTC;Partido
1728;1773;Alcaldia Mayor;Cochiti;Cochiti;Cochiti @;JUGDNMCO;Jurisdiccion
1728;1773;Alcaldia Mayor;Cochiti;Cochiti;Cochiti @;JUGDNMCO;Partido
1728;1786;Partido;Huasco;Huasco;Huasco @;JUCHSAHU;Partido
1729;1733;Alcaldia Mayor;Cuautitlan;Cuautitlan;Cuautitlan @ Guautitlan @ Cuauhtitlan @ Quautitlan @ Cuautitlan y Tepozotlan;JUNEMXCN;Partido
1729;1749;Alcaldia Mayor;Taos;Taos;Taos @ Tewas @ Tiwas @ Tihuas @ Teguas @ Tehuas @ Tiguas @ Thaos @ Taos y Picuries;JUGDNMTA;Jurisdiccion
1729;1749;Alcaldia Mayor;Taos;Taos;Taos @ Tewas @ Tiwas @ Tihuas @ Teguas @ Tehuas @ Tiguas @ Thaos @ Taos y Picuries;JUGDNMTA;Partido
1729;1787;Alcaldia Mayor;Parral;Parral, Minas Nuevas y Santa Barbara;Parral @ Parral, Minas Nuevas y Santa Barbara;JUGDDUPL;Jurisdiccion
1729;1787;Alcaldia Mayor;Parral;Parral, Minas Nuevas y Santa Barbara;Parral @ Parral, Minas Nuevas y Santa Barbara;JUGDDUPL;Partido
1729;1808;Jurisdiccion;San Felipe;San Felipe;San Felipe @ San Felipe el Fuerte;JUVECASF;Jurisdiccion
1729;1808;Jurisdiccion;San Felipe;San Felipe;San Felipe @ San Felipe el Fuerte;JUVECASF;Partido
1730;1762;Corregimiento;Huexolotitlan;Huexolotitlan;Huexolotitlan @ Huiso @ Huitzo @ Huizo @ Guaxolotlitlan @ Guajolotitlan @ Huejolotitlan @ Guayolotitlan y Guiso;JUNEOAHL;Jurisdiccion
1730;1762;Corregimiento;Huexolotitlan;Huexolotitlan;Huexolotitlan @ Huiso @ Huitzo @ Huizo @ Guaxolotlitlan @ Guajolotitlan @ Huejolotitlan @ Guayolotitlan y Guiso;JUNEOAHL;Partido
1730;1762;Corregimiento;Huexolotitlan;Huexolotitlan;Huexolotitlan @ Huiso @ Huitzo @ Huizo @ Guaxolotlitlan @ Guajolotitlan @ Huejolotitlan @ Guayolotitlan y Guiso;JUNEOAHL;Provincia_menor
1730;1771;Alcaldia Mayor;Cinagua y La Guacana;Cinagua y La Guacana;Cinagua y la Guacana @ Ario @ Santiago Ario @ La Vacana @ La Uacana @ Sinagua y la Guacana @ Cinagua y Aguacana @ Cinagua y Ahuacana @ Cinagua y La Guacana @ Cinagua y La Huacana;JUNEMICI;Partido
1730;1808;Jurisdiccion;Villa de Cura;Villa de Cura;Villa de Cura @ Villacura @ San Luis de Cura;JUVECAVC;Jurisdiccion
1730;1808;Jurisdiccion;Villa de Cura;Villa de Cura;Villa de Cura @ Villacura @ San Luis de Cura;JUVECAVC;Partido
1731;1734;Republica;Paraguay;Comuneros de Paraguay;Paraguay @;PRRPPA00;Provincia
1731;1734;Republica;Paraguay;Comuneros de Paraguay;Paraguay @;PRRPPA00;Provincia_mayor
1731;1734;Republica;Paraguay;Comuneros de Paraguay;Paraguay @;PRRPPA00;Provincia_menor
1731;1735;Alcaldia Mayor;Acatlan;Acatlan y Piastla;Acatlan @ Acatlan y Piaxtla @ Acatlan y Piastla;JUNEPUAC;Jurisdiccion
1731;1735;Alcaldia Mayor;Acatlan;Acatlan y Piastla;Acatlan @ Acatlan y Piaxtla @ Acatlan y Piastla;JUNEPUAC;Partido
1731;1735;Alcaldia Mayor;Acatlan;Acatlan y Piastla;Acatlan @ Acatlan y Piaxtla @ Acatlan y Piastla;JUNEPUAC;Provincia_menor
1731;1755;Corregimiento;Chietla;Chietla;Chietla @ Chietlan @ Chetla;JUNEPUCE;Jurisdiccion
1731;1755;Corregimiento;Chietla;Chietla;Chietla @ Chietlan @ Chetla;JUNEPUCE;Partido
1731;1786;Corregimiento;Sebaco;Sebaco;Sebaco @ Sebaco @ Sebaco y Chontales @ Matagalpa @ Matagalpa y Chontales;JUGUNIMG;Jurisdiccion
1731;1786;Corregimiento;Sebaco;Sebaco;Sebaco @ Sebaco @ Sebaco y Chontales @ Matagalpa @ Matagalpa y Chontales;JUGUNIMG;Partido
1731;1786;Corregimiento;Sebaco;Sebaco;Sebaco @ Sebaco @ Sebaco y Chontales @ Matagalpa @ Matagalpa y Chontales;JUGUNIMG;Provincia_menor
1731;1786;Gobernacion;Veracruz;Veracruz;Veracruz @;PRNEVC00;Provincia
1731;1786;Partido;Chilchota;Chilchota;Chilchota @ Chilchotla;JUNEMICH;Partido
1731;1808;Jurisdiccion;Veracruz;Veracruz;Nueva Veracruz @;JUNEVCVE;Jurisdiccion
1731;1808;Jurisdiccion;Veracruz;Veracruz;Nueva Veracruz @;JUNEVCVE;Partido
1731;1808;Jurisdiccion;Veracruz;Veracruz;Nueva Veracruz @;JUNEVCVE;Provincia_menor
1732;1787;Alcaldia Mayor;Batopilas;Batopilas;Batopilas @ Minas de Urique @ Monserrate y Urique @ Uriqui @ Batopilas, Urique y Loreto;JUGDDUBP;Jurisdiccion
1732;1787;Alcaldia Mayor;Batopilas;Batopilas;Batopilas @ Minas de Urique @ Monserrate y Urique @ Uriqui @ Batopilas, Urique y Loreto;JUGDDUBP;Partido
1732;1808;Condado;Casa Bayona;Casa Bayona;Condado de Casa Bayona @ Casa-Bayona @ Rosario;SESDRO00;Senorio
1732;1808;Jurisdiccion;Rosario;Rosario;Rosario @ Santa Maria del Rosario;JUSDLHRO;Partido
1733;1748;Jurisdiccion;Sinaloa;Sinaloa;Sinaloa @ Cinaloa;JUGDSSSI;Jurisdiccion
1733;1748;Jurisdiccion;Sinaloa;Sinaloa;Sinaloa @ Cinaloa;JUGDSSSI;Partido
1733;1748;Jurisdiccion;Sinaloa;Sinaloa;Sinaloa @ Cinaloa;JUGDSSSI;Provincia_menor
1733;1769;Gobernacion;Sinaloa y Sonora;Sinaloa y Sonora;Sinaloa y Sonora @ Arizpe;PRGDSS00;Provincia
1733;1769;Gobernacion;Sinaloa y Sonora;Sinaloa y Sonora;Sinaloa y Sonora @ Arizpe;PRGDSS00;Provincia_mayor
1733;1786;Alcaldia Mayor*;Rosario;Rosario;Rosario @ Chametla @ Chametla y Salinas @ Real de Rosario y Chametla @ Chiametla;JUGDSSRO;Jurisdiccion
1733;1786;Alcaldia Mayor*;Rosario;Rosario;Rosario @ Chametla @ Chametla y Salinas @ Real de Rosario y Chametla @ Chiametla;JUGDSSRO;Partido
1733;1786;Corregimiento;Zacatlan;Zacatlan de las Manzanas;Zacatlan de las Manzanas @ Gueytlalpa @ Teutalpa e Iztepec @ Hueytlalpan;JUNEPUZM;Jurisdiccion
1733;1786;Corregimiento;Zacatlan;Zacatlan de las Manzanas;Zacatlan de las Manzanas @ Gueytlalpa @ Teutalpa e Iztepec @ Hueytlalpan;JUNEPUZM;Partido
1733;1786;Corregimiento;Zacatlan;Zacatlan de las Manzanas;Zacatlan de las Manzanas @ Gueytlalpa @ Teutalpa e Iztepec @ Hueytlalpan;JUNEPUZM;Provincia_menor
1733;1786;Partido;Alamos;Alamos;Alamos @;JUGDSSAL;Jurisdiccion
1733;1786;Partido;Alamos;Alamos;Alamos @;JUGDSSAL;Partido
1733;1786;Partido;El Fuerte;El Fuerte;El Fuerte @;JUGDSSEF;Jurisdiccion
1733;1786;Partido;El Fuerte;El Fuerte;El Fuerte @;JUGDSSEF;Partido
1733;1796;Gobernacion;Trinidad;Isla de Trinidad;Trinidad @ Trinidad y Guayana;PRVETR00;Provincia
1733;1796;Gobernacion;Trinidad;Isla de Trinidad;Trinidad @ Trinidad y Guayana;PRVETR00;Provincia_mayor
1733;1796;Gobernacion;Trinidad;Isla de Trinidad;Trinidad @ Trinidad y Guayana;PRVETR00;Provincia_menor
1733;9999;Partido politico;Añasco;Añasco;Añasco @;PTSDPRAN;Jurisdiccion
1733;9999;Partido politico;Añasco;Añasco;Añasco @;PTSDPRAN;Partido
1733;9999;Partido politico;Manati;Manati;Manati @ Ribera de Manati;PTSDPRMA;Jurisdiccion
1733;9999;Partido politico;Manati;Manati;Manati @ Ribera de Manati;PTSDPRMA;Partido
1734;1786;Alcaldia Mayor;Cuautitlan;Cuautitlan;Cuautitlan @ Guautitlan @ Cuauhtitlan @ Quautitlan @ Cuautitlan y Tepozotlan;JUNEMXCN;Jurisdiccion
1734;1786;Alcaldia Mayor;Cuautitlan;Cuautitlan;Cuautitlan @ Guautitlan @ Cuauhtitlan @ Quautitlan @ Cuautitlan y Tepozotlan;JUNEMXCN;Partido
1734;1786;Alcaldia Mayor;Cuautitlan;Cuautitlan;Cuautitlan @ Guautitlan @ Cuauhtitlan @ Quautitlan @ Cuautitlan y Tepozotlan;JUNEMXCN;Provincia_menor
1734;1795;Tenencia de gobierno;Aragua;Aragua;Aragua @ Villa de Aragua;JUVECUAR;Partido
1734;1808;Tenencia de gobierno;Puerto Principe;Puerto Principe;Puerto Principe @;JUSDCUPP;Jurisdiccion
1734;1808;Tenencia de gobierno;Puerto Principe;Puerto Principe;Puerto Principe @;JUSDCUPP;Partido
1735;1783;Gobernacion-Capitania General;Paraguay;Paraguay;Paraguay @;PRRPPA00;Provincia
1735;1783;Gobernacion-Capitania General;Paraguay;Paraguay;Paraguay @;PRRPPA00;Provincia_mayor
1735;1783;Gobernacion-Capitania General;Paraguay;Paraguay;Paraguay @;PRRPPA00;Provincia_menor
1736;1738;Corregimiento;Teocaltiche;Teocaltiche;Teocaltiche @ Tequaltichi @ Teocaltchi @ Teocaltiche y Pueblos Llanos;JUGDGDTC;Jurisdiccion
1736;1738;Corregimiento;Teocaltiche;Teocaltiche;Teocaltiche @ Tequaltichi @ Teocaltchi @ Teocaltiche y Pueblos Llanos;JUGDGDTC;Partido
1736;1762;Gobernacion-Capitania General;Las Floridas;Las Floridas;Florida @ Ambas Floridas y resto de la Luisiana @ Las Floridas;PRSDFL00;Jurisdiccion
1736;1762;Gobernacion-Capitania General;Las Floridas;Las Floridas;Florida @ Ambas Floridas y resto de la Luisiana @ Las Floridas;PRSDFL00;Provincia
1736;1762;Gobernacion-Capitania General;Las Floridas;Las Floridas;Florida @ Ambas Floridas y resto de la Luisiana @ Las Floridas;PRSDFL00;Provincia_mayor
1736;1762;Gobernacion-Capitania General;Las Floridas;Las Floridas;Florida @ Ambas Floridas y resto de la Luisiana @ Las Floridas;PRSDFL00;Provincia_menor
1736;1786;Alcaldia Mayor;Acatlan;Acatlan y Piastla;Acatlan @ Acatlan y Piaxtla @ Acatlan y Piastla;JUNEPUAC;Jurisdiccion
1736;1786;Alcaldia Mayor;Acatlan;Acatlan y Piastla;Acatlan @ Acatlan y Piaxtla @ Acatlan y Piastla;JUNEPUAC;Partido
1736;1786;Alcaldia Mayor;Acatlan;Acatlan y Piastla;Acatlan @ Acatlan y Piaxtla @ Acatlan y Piastla;JUNEPUAC;Provincia_menor
1736;1786;Alcaldia Mayor;Guajuco;Valle de Guajuco;Valle de Guajuco @;JUGDNLGU;Jurisdiccion
1736;1786;Alcaldia Mayor;Guajuco;Valle de Guajuco;Valle de Guajuco @;JUGDNLGU;Partido
1736;1786;Alcaldia Mayor*;Nieves;Nieves;Nieves @;JUGDZANI;Jurisdiccion
1736;1786;Alcaldia Mayor*;Nieves;Nieves;Nieves @;JUGDZANI;Partido
1736;1786;Alcaldia Mayor*;Nieves;Nieves;Nieves @;JUGDZANI;Provincia_menor
1736;9999;Partido politico;Guayama;Guayama;Guayama @;PTSDPRGM;Jurisdiccion
1736;9999;Partido politico;Guayama;Guayama;Guayama @;PTSDPRGM;Partido
1737;1794;Jurisdiccion;Puerto de Plata;Puerto de Plata;Puerto de Plata @ Puerto Plata;JUSDSDPP;Partido
1738;1741;Alcaldia Mayor;Huamelula;Huamelula;Huatulco y Huamelula @ Huatulco y Huamelula @ Guatulco @ Puerto de Guatulco;JUNEOAHM;Jurisdiccion
1738;1741;Alcaldia Mayor;Huamelula;Huamelula;Huatulco y Huamelula @ Huatulco y Huamelula @ Guatulco @ Puerto de Guatulco;JUNEOAHM;Provincia_menor
1738;1741;Alcaldia Mayor;Huatulco;Huatulco;Huatulco @;JUNEOAHT;Jurisdiccion
1738;1741;Alcaldia Mayor;Huatulco;Huatulco;Huatulco @;JUNEOAHT;Partido
1738;1741;Alcaldia Mayor;Huatulco;Huatulco;Huatulco @;JUNEOAHT;Provincia_menor
1738;1743;Alcaldia Mayor;Nochixtlan;Nochixtlan y Peñoles;Nochixtlan @ Nochixtlan y Yanhuitlan @ Nochistlan y Peñoles;JUNEOANO;Jurisdiccion
1738;1743;Alcaldia Mayor;Nochixtlan;Nochixtlan y Peñoles;Nochixtlan @ Nochixtlan y Yanhuitlan @ Nochistlan y Peñoles;JUNEOANO;Provincia_menor
1738;1755;Gobernacion;Esmeraldas;Esmeraldas;Esmeraldas @ Atacames @ Santa Rosa @ Quillaseca;PRQUES00;Jurisdiccion
1738;1755;Gobernacion;Esmeraldas;Esmeraldas;Esmeraldas @ Atacames @ Santa Rosa @ Quillaseca;PRQUES00;Partido
1738;1755;Gobernacion;Esmeraldas;Esmeraldas;Esmeraldas @ Atacames @ Santa Rosa @ Quillaseca;PRQUES00;Provincia
1738;1755;Gobernacion;Esmeraldas;Esmeraldas;Esmeraldas @ Atacames @ Santa Rosa @ Quillaseca;PRQUES00;Provincia_menor
1739;1740;Corregimiento;Teocaltiche;Teocaltiche;Teocaltiche @ Tequaltichi @ Teocaltchi @ Teocaltiche y Pueblos Llanos;JUGDGDTC;Jurisdiccion
1739;1740;Corregimiento;Teocaltiche;Teocaltiche;Teocaltiche @ Tequaltichi @ Teocaltchi @ Teocaltiche y Pueblos Llanos;JUGDGDTC;Partido
1739;1767;Partido;La Canoa;La Canoa;La Canoa @ Caraquez;JUQUGQCA;Partido
1739;1808;Partido;Santa Rosa;Santa Rosa;Santa Rosa @ Valle de Santa Rosa;PMGDCOSR;Jurisdiccion
1739;1808;Partido;Santa Rosa;Santa Rosa;Santa Rosa @ Valle de Santa Rosa;PMGDCOSR;Partido
1739;9999;Partido politico;Utuado;Utuado;Utuado @;PTSDPRUT;Jurisdiccion
1739;9999;Partido politico;Utuado;Utuado;Utuado @;PTSDPRUT;Partido
1740;1740;Gobernacion-Comandancia General;Caracas;Caracas;Caracas @ Venezuela;PRVECA00;Provincia
1740;1740;Gobernacion-Comandancia General;Caracas;Caracas;Caracas @ Venezuela;PRVECA00;Provincia_mayor
1740;1740;Gobernacion-Comandancia General;Caracas;Caracas;Caracas @ Venezuela;PRVECA00;Provincia_menor
1740;1750;Gobernacion;Merida;Merida, La Grita y Maracaibo;Maracaibo @ Merida, La Grita y Maracaibo;PRVEMC00;Provincia
1740;1750;Gobernacion;Merida;Merida, La Grita y Maracaibo;Maracaibo @ Merida, La Grita y Maracaibo;PRVEMC00;Provincia_menor
1740;1750;Gobernacion-Comandancia General;Tierra Firme;Tierra Firme;Panama @ Istmo @ Tierra Firme @ Castilla de Oro;PRNGPA00;Provincia
1740;1750;Gobernacion-Comandancia General;Tierra Firme;Tierra Firme;Panama @ Istmo @ Tierra Firme @ Castilla de Oro;PRNGPA00;Provincia_mayor
1740;1770;Alcaldia Mayor;Zuñi;Zuñi;Zuñi @;JUGDNMZU;Partido
1740;1774;Tenencia a guerra;Caguas;Caguas;Caguas @;PTSDPRCG;Jurisdiccion
1740;1774;Tenencia a guerra;Caguas;Caguas;Caguas @;PTSDPRCG;Partido
1740;1786;Alcaldia Mayor;Huejutla;Huejutla;Huejutla @ Huexutla @ Guejutla @ Guaxutla @;JUNEMXHJ;Jurisdiccion
1740;1786;Alcaldia Mayor;Huejutla;Huejutla;Huejutla @ Huexutla @ Guejutla @ Guaxutla @;JUNEMXHJ;Partido
1740;1786;Alcaldia Mayor;Huejutla;Huejutla;Huejutla @ Huexutla @ Guejutla @ Guaxutla @;JUNEMXHJ;Provincia_menor
1740;1786;Alcaldia Mayor;San Andres;San Andres de la Sierra;San Andres de la Sierra @ San Andres y Guapijuje @ Guapijuje @ Yguapejuje @ Otates @ Otais @ Otaez @ Guapejuje @ Guapexuxe @ Guaperaje @ Pijuque;JUGDDUSA;Jurisdiccion
1740;1786;Alcaldia Mayor;San Andres;San Andres de la Sierra;San Andres de la Sierra @ San Andres y Guapijuje @ Guapijuje @ Yguapejuje @ Otates @ Otais @ Otaez @ Guapejuje @ Guapexuxe @ Guaperaje @ Pijuque;JUGDDUSA;Partido
1740;1808;Gobernacion;Santa Marta;Santa Marta;Santa Marta @ Santa Marta y Rio de la Hacha;PRNGSM00;Provincia
1740;1808;Gobernacion;Santa Marta;Santa Marta;Santa Marta @ Santa Marta y Rio de la Hacha;PRNGSM00;Provincia_menor
1740;1808;Gobernacion-Comandancia General;Cartagena;Cartagena de Indias;Cartagena de Indias @ Cartagena de Indias @ Golfo de Uraba y Nueva Andalucia;PRNGCA00;Provincia
1740;1808;Gobernacion-Comandancia General;Cartagena;Cartagena de Indias;Cartagena de Indias @ Cartagena de Indias @ Golfo de Uraba y Nueva Andalucia;PRNGCA00;Provincia_menor
1740;1808;Virreinato;Nueva Granada;Nueva Granada;Nueva Granada @ Santa Fe @ Nuevo Reino de Granada;SUNG0000;Principal
1740;1808;Virreinato;Nueva Granada;Nueva Granada;Nueva Granada @ Santa Fe @ Nuevo Reino de Granada;SUNG0000;Virreinato
1741;1741;Corregimiento;Teocaltiche;Teocaltiche;Teocaltiche @ Tequaltichi @ Teocaltchi @ Teocaltiche y Pueblos Llanos;JUGDGDTC;Partido
1741;1776;Gobernacion-Capitania General;Caracas;Caracas;Caracas @ Venezuela;PRVECA00;Principal
1741;1776;Gobernacion-Capitania General;Caracas;Caracas;Caracas @ Venezuela;PRVECA00;Provincia
1741;1776;Gobernacion-Capitania General;Caracas;Caracas;Caracas @ Venezuela;PRVECA00;Provincia_mayor
1741;1776;Gobernacion-Capitania General;Caracas;Caracas;Caracas @ Venezuela;PRVECA00;Provincia_menor
1741;1783;Corregimiento;Urubamba;Urubamba;Urubamba @;JUPECUUR;Jurisdiccion
1741;1783;Corregimiento;Urubamba;Urubamba;Urubamba @;JUPECUUR;Partido
1741;1783;Corregimiento;Urubamba;Urubamba;Urubamba @;JUPECUUR;Provincia_menor
1741;1787;Alcaldia Mayor;Cienega;Cienega de los Olivos;Cienega de los Olivos @;JUGDDUCI;Jurisdiccion
1741;1787;Alcaldia Mayor;Cienega;Cienega de los Olivos;Cienega de los Olivos @;JUGDDUCI;Partido
1741;1788;Corregimiento;Tecpatitlan;Tecpatitlan;Tecpatitlan @ Tepatitlan @ Tepactitlan @ Colimilla y Matatlan @ Xonacatlan @ Colimilla @ Amatatlan y Colimilla;JUGDGDTT;Jurisdiccion
1741;1788;Corregimiento;Tecpatitlan;Tecpatitlan;Tecpatitlan @ Tepatitlan @ Tepactitlan @ Colimilla y Matatlan @ Xonacatlan @ Colimilla @ Amatatlan y Colimilla;JUGDGDTT;Partido
1741;1791;Comandancia;Mazatlan;Mazatlan;Mazatlan @;PTGDSSMA;Jurisdiccion
1742;1749;Corregimiento;Teocaltiche;Teocaltiche;Teocaltiche @ Tequaltichi @ Teocaltchi @ Teocaltiche y Pueblos Llanos;JUGDGDTC;Jurisdiccion
1742;1749;Corregimiento;Teocaltiche;Teocaltiche;Teocaltiche @ Tequaltichi @ Teocaltchi @ Teocaltiche y Pueblos Llanos;JUGDGDTC;Partido
1742;1769;Capitania a Guerra;Rio Cauca;Magangue;Magangue @ El Retiro @ El Retiro y Magangue @ Rio Cauca @ Pantanos;PTNGCAMG;Partido
1742;1786;Alcaldia Mayor;Guadalcazar;Guadalcazar;Guadalcazar @ San Pedro Guadalcazar @ Real de Guadalcazar @ Minas de Guadalcazar;JUNESLGU;Jurisdiccion
1742;1786;Alcaldia Mayor;Guadalcazar;Guadalcazar;Guadalcazar @ San Pedro Guadalcazar @ Real de Guadalcazar @ Minas de Guadalcazar;JUNESLGU;Partido
1742;1786;Alcaldia Mayor;Guadalcazar;Guadalcazar;Guadalcazar @ San Pedro Guadalcazar @ Real de Guadalcazar @ Minas de Guadalcazar;JUNESLGU;Provincia_menor
1742;1786;Alcaldia Mayor;Huatulco y Huamelula;Huatulco y Huamelula;Huatulco y Huamelula @ Huatulco y Huamelula @ Guatulco @ Puerto de Guatulco;JUNEOAHM;Jurisdiccion
1742;1786;Alcaldia Mayor;Huatulco y Huamelula;Huatulco y Huamelula;Huatulco y Huamelula @ Huatulco y Huamelula @ Guatulco @ Puerto de Guatulco;JUNEOAHM;Provincia_menor
1742;1808;Capitania a Guerra (JM);Mahates;Mahates;Mahates @;PTNGCAMH;Jurisdiccion
1742;1808;Capitania a Guerra (JM);Mahates;Mahates;Mahates @;PTNGCAMH;Partido
1742;1808;Corregimiento;Zambrano y Teton;Zambrano y Teton;Zambrano y Teton @;PMNGSMZT;Partido
1742;1808;Partido;Badiraguato;Badiraguato y Santiago;Badiraguato @ Santiago de los Caballeros;PTGDSSBA;Partido
1742;1808;Partido;Huatulco;Huatulco;Huatulco @;JUNEOAHT;Partido
1742;1808;Partido;San Benito;San Benito;San Benito @ Mocorito;PTGDSSSB;Partido
1742;1808;Tenencia de gobierno;Carupano;Carupano;Carupano @;JUVECUCP;Partido
1743;1786;Corregimiento;Atlatlauca;Atlatlauca;Atlatlauca @ Atlatlauca y Maninaltepec @ Atlatlauca y Malinaltepec;JUNEOAAT;Partido
1743;1788;Partido;Aguancaterique;Aguancaterique;Aguanqueterique @;JUGUTGAG;Partido
1743;1788;Partido;Cantarranas;Cantarranas;Cedros @ Cantarranas;JUGUTGCE;Partido
1743;1788;Partido;Choluteca;Choluteca;Choluteca @;JUGUTGCT;Partido
1743;1788;Partido;Danli;Danli;Danli @;JUGUTGDA;Partido
1743;1788;Partido;Nacaome;Nacaome;Nacaome @;JUGUTGNA;Partido
1743;1788;Partido;Orica;Orica;Orica @;PTGUTGOR;Partido
1743;1808;Arzobispado;Guatemala;Guatemala;Guatemala @;OBGUGU00;Arzobispado
1743;1808;Arzobispado;Guatemala;Guatemala;Guatemala @;OBGUGU00;Obispado
1743;1808;Jurisdiccion;Guanabacoa;Guanabacoa;Guanabacoa @;JUSDLHGU;Partido
1743;1808;Partido;Guascoran;Guascoran;Guascoran @;PTGUTGGU;Partido
1743;1808;Partido;Ojojona;Ojojona;Ojojona @;PTGUTGOJ;Partido
1744;1757;Jurisdiccion;Borja;Borja;Maynas @ San Francisco Borja @ Marañon;PRQUMA00;Jurisdiccion
1744;1757;Jurisdiccion;Borja;Borja;Maynas @ San Francisco Borja @ Marañon;PRQUMA00;Provincia
1744;1757;Jurisdiccion;Borja;Borja;Maynas @ San Francisco Borja @ Marañon;PRQUMA00;Provincia_menor
1744;1770;Corregimiento;Nochixtlan;Nochixtlan;Nochixtlan @ Nochixtlan y Yanhuitlan @ Nochistlan y Peñoles;JUNEOANO;Jurisdiccion
1744;1770;Corregimiento;Nochixtlan;Nochixtlan;Nochixtlan @ Nochixtlan y Yanhuitlan @ Nochistlan y Peñoles;JUNEOANO;Provincia_menor
1744;1788;Capitania a guerra;Loba;Loba;Loba @;PTNGCALB;Partido
1744;1808;Tenencia de gobierno;El Pao;El Pao;El Pao @;JUVECUPA;Partido
1745;1750;Alcaldia Mayor*;San Benito;San Benito;Santiago de los Caballeros @ Badiraguato @ San Benito;JUGDSSSC;Jurisdiccion
1745;1762;Partido;Naranjal;Naranjal;Naranjal @;JUQUGQNA;Partido
1745;9999;Partido politico;Toa Baja;Toa Baja;Toa Baja @ Ribera de Toa abajo;PTSDPRTB;Jurisdiccion
1745;9999;Partido politico;Toa Baja;Toa Baja;Toa Baja @ Ribera de Toa abajo;PTSDPRTB;Partido
1746;1808;Gobernacion Politico-Militar;El Callao;El Callao;Callao @;JUPELICO;Jurisdiccion
1746;1808;Gobernacion Politico-Militar;El Callao;El Callao;Callao @;JUPELICO;Provincia_menor
1747;1776;Partido;Topago;Topago;Topago @ Urique @ Guazapares;JUGDDUTO;Partido
1748;1777;Alcaldia Mayor;San Buenaventura;Valle de San Buenaventura;Valle de San Buenaventura @ San Antonio de Bucareli @ Nadadores;PMGDCOSB;Jurisdiccion
1748;1777;Alcaldia Mayor;San Buenaventura;Valle de San Buenaventura;Valle de San Buenaventura @ San Antonio de Bucareli @ Nadadores;PMGDCOSB;Partido
1748;1786;Alcaldia Mayor;Rio Blanco;Rio Blanco;Rio Blanco @ Valle de San Antonio de los Llanos;JUGDNLRB;Jurisdiccion
1748;1786;Alcaldia Mayor;Rio Blanco;Rio Blanco;Rio Blanco @ Valle de San Antonio de los Llanos;JUGDNLRB;Partido
1748;1802;Alcaldia Mayor;Sandia;Sandia;Sandia @ Bernalillo @ San Carlos de Alameda @ Alamada @ Isleta;JUGDNMSA;Jurisdiccion
1748;1802;Alcaldia Mayor;Sandia;Sandia;Sandia @ Bernalillo @ San Carlos de Alameda @ Alamada @ Isleta;JUGDNMSA;Partido
1748;1808;Gobernacion;Nuevo Santander;Colonia de Nuevo Santander;Nuevo Santander @ Colonia de Nuevo Santander;PRGDNS00;Jurisdiccion
1748;1808;Gobernacion;Nuevo Santander;Colonia de Nuevo Santander;Nuevo Santander @ Colonia de Nuevo Santander;PRGDNS00;Partido
1748;1808;Gobernacion;Nuevo Santander;Colonia de Nuevo Santander;Nuevo Santander @ Colonia de Nuevo Santander;PRGDNS00;Provincia
1748;1808;Gobernacion;Nuevo Santander;Colonia de Nuevo Santander;Nuevo Santander @ Colonia de Nuevo Santander;PRGDNS00;Provincia_mayor
1748;1808;Gobernacion;Nuevo Santander;Colonia de Nuevo Santander;Nuevo Santander @ Colonia de Nuevo Santander;PRGDNS00;Provincia_menor
1749;1786;Tenencia de gobierno;Sinaloa;Sinaloa;Sinaloa @ Cinaloa;JUGDSSSI;Jurisdiccion
1749;1786;Tenencia de gobierno;Sinaloa;Sinaloa;Sinaloa @ Cinaloa;JUGDSSSI;Partido
1749;1786;Tenencia de gobierno;Sinaloa;Sinaloa;Sinaloa @ Cinaloa;JUGDSSSI;Provincia_menor
1750;1750;Alcaldia Mayor;Teocaltiche;Teocaltiche;Teocaltiche @ Tequaltichi @ Teocaltchi @ Teocaltiche y Pueblos Llanos;JUGDGDTC;Partido
1750;1761;Partido;Taos;Taos;Taos @ Tewas @ Tiwas @ Tihuas @ Teguas @ Tehuas @ Tiguas @ Thaos @ Taos y Picuries;JUGDNMTA;Jurisdiccion
1750;1761;Partido;Taos;Taos;Taos @ Tewas @ Tiwas @ Tihuas @ Teguas @ Tehuas @ Tiguas @ Thaos @ Taos y Picuries;JUGDNMTA;Partido
1750;1785;Corregimiento;Coquimbo;Coquimbo;Coquimbo @ La Serena;JUCHSACQ;Jurisdiccion
1750;1785;Corregimiento;Coquimbo;Coquimbo;Coquimbo @ La Serena;JUCHSACQ;Partido
1750;1786;Capitania a guerra;Camino Real de Campeche;Camino Real de Campeche;Camino Real Alto @ Calkini @ Camino Real de Campeche;JUNEYURA;Partido
1750;1808;Gobernacion Politico-Militar;Juan Fernandez;Juan Fernandez;Juan Fernandez @;JUCHCOJF;Jurisdiccion
1750;1808;Gobernacion Politico-Militar;Juan Fernandez;Juan Fernandez;Juan Fernandez @;JUCHCOJF;Partido
1750;1808;Gobernacion Politico-Militar;Juan Fernandez;Juan Fernandez;Juan Fernandez @;JUCHCOJF;Provincia_menor
1750;1808;Partido;Texiguat;Texiguat;Texiguat @;PTGUTGTX;Partido
1751;1754;Presidio;San Francisco Xavier;San Francisco Xavier;San Francisco Xavier @ Gigedo;PMGDTXFJ;Jurisdiccion
1751;1763;Corregimiento;Acasaguastlan;Acasaguastlan;Acasaguastlan @ Zacapa @ Casablastran @ Casalbastran @ Casabeltran;JUGUGUAC;Jurisdiccion
1751;1763;Corregimiento;Acasaguastlan;Acasaguastlan;Acasaguastlan @ Zacapa @ Casablastran @ Casalbastran @ Casabeltran;JUGUGUAC;Partido
1751;1763;Corregimiento;Acasaguastlan;Acasaguastlan;Acasaguastlan @ Zacapa @ Casablastran @ Casalbastran @ Casabeltran;JUGUGUAC;Provincia_menor
1751;1764;Jurisdiccion;Montecristi;Montecristi;Montecristi @ Monte Cristi @ Monte-Cristi @ Montechristi;JUSDSDMC;Partido
1751;1766;Partido;Cerro Gordo;Cerro Gordo;Cerro Gordo @;JUGDDUCG;Partido
1751;1775;Comandancia;Tubac;Tubac;Tubac @;PMGDSSTB;Partido
1751;1776;Partido;El Gallo;El Gallo;El Gallo @ San Pedro del Gallo;JUGDDUEG;Jurisdiccion
1751;1776;Partido;El Gallo;El Gallo;El Gallo @ San Pedro del Gallo;JUGDDUEG;Partido
1751;1777;Jurisdiccion;Jachal;Jachal;Jachal @;JUCHCYJA;Jurisdiccion
1751;1783;Gobernacion;Montevideo;Montevideo;Montevideo @ Uruguay;JURPBOMV;Jurisdiccion
1751;1783;Gobernacion;Montevideo;Montevideo;Montevideo @ Uruguay;JURPBOMV;Partido
1751;1783;Gobernacion;Montevideo;Montevideo;Montevideo @ Uruguay;JURPBOMV;Provincia
1751;1783;Gobernacion;Montevideo;Montevideo;Montevideo @ Uruguay;JURPBOMV;Provincia_menor
1751;1786;Alcaldia Mayor;Mapimi;Mapimi;Mapimi @;JUGDDUMA;Jurisdiccion
1751;1786;Alcaldia Mayor;Mapimi;Mapimi;Mapimi @;JUGDDUMA;Partido
1751;1787;Alcaldia Mayor*;Santiago;Santiago de los Caballeros;Santiago de los Caballeros @ Badiraguato @ San Benito;JUGDSSSC;Jurisdiccion
1751;1788;Corregimiento;Teocaltiche;Teocaltiche;Teocaltiche @ Tequaltichi @ Teocaltchi @ Teocaltiche y Pueblos Llanos;JUGDGDTC;Partido
1751;1788;Gobernacion;Maracaibo;Maracaibo;Maracaibo @ Merida, La Grita y Maracaibo;PRVEMC00;Provincia
1751;1788;Gobernacion;Maracaibo;Maracaibo;Maracaibo @ Merida, La Grita y Maracaibo;PRVEMC00;Provincia_mayor
1751;1788;Gobernacion;Maracaibo;Maracaibo;Maracaibo @ Merida, La Grita y Maracaibo;PRVEMC00;Provincia_menor
1751;1808;Comandancia;San Felipe del Golfo;San Felipe del Golfo;San Felipe del Golfo @ Castillo de San Felipe @ San Felipe del Golfo Dulce @ San Felipe de Lara;JUGUGUSF;Jurisdiccion
1751;1808;Comandancia;San Felipe del Golfo;San Felipe del Golfo;San Felipe del Golfo @ Castillo de San Felipe @ San Felipe del Golfo Dulce @ San Felipe de Lara;JUGUGUSF;Partido
1751;1808;Corregimiento;Caqueza;Caqueza;Caqueza @ Ubaque;JUNGSFCA;Partido
1751;1808;Gobernacion-Comandancia General;Panama;Panama;Panama @ Istmo @ Tierra Firme @ Castilla de Oro;PRNGPA00;Provincia
1751;1808;Gobernacion-Comandancia General;Panama;Panama;Panama @ Istmo @ Tierra Firme @ Castilla de Oro;PRNGPA00;Provincia_mayor
1751;1808;Jurisdiccion;Calabozo;Calabozo;Calabozo @;JUVECACB;Partido
1751;1808;Tenencia de gobierno;Bayamo;Bayamo;Bayamo @;JUSDCUBY;Jurisdiccion
1751;1808;Tenencia de gobierno;Bayamo;Bayamo;Bayamo @;JUSDCUBY;Partido
1751;9999;Partido politico;Toa Alta;Toa Alta;Toa Alta @ Ribera de Toa arriba;PTSDPRTA;Jurisdiccion
1751;9999;Partido politico;Toa Alta;Toa Alta;Toa Alta @ Ribera de Toa arriba;PTSDPRTA;Partido
1752;1786;Alcaldia Mayor;Lampazos;Punta de Lampazos;Punta de Lampazos @ La Puntas @ Las Puntas @ Villa de Horcasitas y Punta de Lampazos;JUGDNLPL;Jurisdiccion
1752;1786;Alcaldia Mayor;Lampazos;Punta de Lampazos;Punta de Lampazos @ La Puntas @ Las Puntas @ Villa de Horcasitas y Punta de Lampazos;JUGDNLPL;Partido
1752;1792;Alcaldia Mayor*; Conchos;San Francisco de Conchos;San Francisco de Conchos @;JUGDDUCS;Jurisdiccion
1752;1792;Alcaldia Mayor*; Conchos;San Francisco de Conchos;San Francisco de Conchos @;JUGDDUCS;Partido
1752;1808;Capitania a Guerra (JM);Barranca;Barranca;Barranca del Rey @ Barrancas @ Barranca;PTNGCABR;Jurisdiccion
1752;1808;Capitania a Guerra (JM);Barranca;Barranca;Barranca del Rey @ Barrancas @ Barranca;PTNGCABR;Partido
1752;1808;Comandancia;Omoa;Omoa;Omoa @;JUGUCYOM;Jurisdiccion
1752;1808;Comandancia;Omoa;Omoa;Omoa @;JUGUCYOM;Partido
1752;1808;Jurisdiccion;Cachicamo;San Fernando Cachicamo;Cachicamo @ San Fernando;JUVECACC;Partido
1752;1808;Tenencia de gobierno;Holguin;Holguin;Holguin @;JUSDCUHO;Jurisdiccion
1752;1808;Tenencia de gobierno;Holguin;Holguin;Holguin @;JUSDCUHO;Partido
1752;9999;Partido politico;Vegas y Pepino;Vegas y Pepino;Vegas y Pepino @;PTSDPRVP;Jurisdiccion
1752;9999;Partido politico;Vegas y Pepino;Vegas y Pepino;Vegas y Pepino @;PTSDPRVP;Partido
1753;1773;Comandancia;Guajoquilla;Guajoquilla;Guajoquilla @ La Ramada @ San Antonio de la Ramada @ Santo Cristo de Burgos @ Guaxuquilla @ Guejuquilla @ Guajuquilla @ Guaxoquilla @ Huajoquilla @ Huaxoquilla @ Huajuquilla @ Huajoquilla;JUGDDUGQ;Jurisdiccion
1753;1773;Comandancia;Guajoquilla;Guajoquilla;Guajoquilla @ La Ramada @ San Antonio de la Ramada @ Santo Cristo de Burgos @ Guaxuquilla @ Guejuquilla @ Guajuquilla @ Guaxoquilla @ Huajoquilla @ Huaxoquilla @ Huajuquilla @ Huajoquilla;JUGDDUGQ;Partido
1753;1775;Corregimiento;Murri;Murri;Murri @ Murry;JMNGCHMU;Partido
1753;1780;Jurisdiccion;San Fernando de Austria;San Fernando de Austria;San Fernando de Austria @ Aguaverde;PMGDCOSF;Jurisdiccion
1753;1780;Jurisdiccion;San Fernando de Austria;San Fernando de Austria;San Fernando de Austria @ Aguaverde;PMGDCOSF;Partido
1753;1786;Corregimiento;Bebara;Bebara;Bebara y Bete @ Biruquete @ Bete, Bebara y Cupica;JMNGCHBB;Partido
1753;1808;Corregimiento-Tenencia de gobierno;Los Pastos;Los Pastos;Los Pastos @;JUQUPOPS;Jurisdiccion
1753;1808;Corregimiento-Tenencia de gobierno;Los Pastos;Los Pastos;Los Pastos @;JUQUPOPS;Partido
1753;1808;Jurisdiccion;San Jaime;San Jaime;San Jaime @;JUVECASJ;Jurisdiccion
1753;1808;Jurisdiccion;San Jaime;San Jaime;San Jaime @;JUVECASJ;Partido
1754;1762;Partido;Balzar;Balzar;Balzar @;JUQUGQBZ;Partido
1754;1762;Partido;Palenque;Palenque;Palenque @;JUQUGQPA;Partido
1754;1771;Corregimiento;Pomabamba;Pomabamba;Pomabamba @;JUCCCCPB;Jurisdiccion
1754;1771;Corregimiento;Pomabamba;Pomabamba;Pomabamba @;JUCCCCPB;Partido
1754;1771;Corregimiento;Pomabamba;Pomabamba;Pomabamba @;JUCCCCPB;Provincia_menor
1754;1808;Alcaldia Mayor;Chimaltenango;Chimaltenango;Chimaltenango @;JUGUGUCT;Jurisdiccion
1754;1808;Alcaldia Mayor;Chimaltenango;Chimaltenango;Chimaltenango @;JUGUGUCT;Provincia_menor
1754;1808;Alcaldia Mayor;Sacatepeques;Sacatepeques;Sacatepeques @ Sacatepeques y Amatitanes @ Amatitan y Zacatepeques;JUGUGUSA;Jurisdiccion
1754;1808;Alcaldia Mayor;Sacatepeques;Sacatepeques;Sacatepeques @ Sacatepeques y Amatitanes @ Amatitan y Zacatepeques;JUGUGUSA;Provincia_menor
1754;1808;Jurisdiccion;El Valle;Valle de Guatemala;Valle de Guatemala @ Guatemala @ Nueva Guatemala;JUGUGUGU;Jurisdiccion
1754;1808;Jurisdiccion;El Valle;Valle de Guatemala;Valle de Guatemala @ Guatemala @ Nueva Guatemala;JUGUGUGU;Partido
1754;1808;Jurisdiccion;Ospino;Ospino;Ospino @ San Fernando de Ospino;JUVECAOS;Partido
1755;1786;Gobernacion;Puebla;Puebla;Puebla @ Los Angeles @ Cuctlaxohuapan;JUNEPUPU;Jurisdiccion
1755;1786;Gobernacion;Puebla;Puebla;Puebla @ Los Angeles @ Cuctlaxohuapan;JUNEPUPU;Provincia
1755;1786;Gobernacion;Puebla;Puebla;Puebla @ Los Angeles @ Cuctlaxohuapan;JUNEPUPU;Provincia_menor
1755;1789;Gobernacion;Mariquita;Tocaima y Mariquita;Mariquita @ Tocaima y Bague @ Tocaima, Ibague y Mariquita @ Tocaima y Mariquita @ Tocaima, Bague y ciudad de Mariquita y demas pueblos de tierra caliente;PRNGMA00;Provincia
1755;1789;Gobernacion;Mariquita;Tocaima y Mariquita;Mariquita @ Tocaima y Bague @ Tocaima, Ibague y Mariquita @ Tocaima y Mariquita @ Tocaima, Bague y ciudad de Mariquita y demas pueblos de tierra caliente;PRNGMA00;Provincia_menor
1756;1759;Gobernacion de Armas;Samana;Samana;Samana y Sabana de Mar @ Costa;JUSDSDSS;Partido
1756;1771;Presidio;Orcoquiza;Orcoquiza;Orcoquizac @ San Agustin de Ahumada @ Orcoquiza;PMGDTXAH;Jurisdiccion
1756;1786;Gobernacion;Comayagua;Comayagua;Comayagua @ Honduras @ Comayagua y provincia de Honduras @ Higueras y Cabo de Honduras;PRGUCY00;Provincia
1756;1786;Gobernacion;Comayagua;Comayagua;Comayagua @ Honduras @ Comayagua y provincia de Honduras @ Higueras y Cabo de Honduras;PRGUCY00;Provincia_menor
1756;1792;Gobernacion;Esmeraldas;Esmeraldas;Esmeraldas @ Atacames @ Santa Rosa @ Quillaseca;PRQUES00;Partido
1756;1792;Gobernacion;Esmeraldas;Esmeraldas;Esmeraldas @ Atacames @ Santa Rosa @ Quillaseca;PRQUES00;Provincia
1756;1792;Gobernacion;Esmeraldas;Esmeraldas;Esmeraldas @ Atacames @ Santa Rosa @ Quillaseca;PRQUES00;Provincia_menor
1756;1794;Jurisdiccion-Alcaldia Mayor;Salazar;Salazar de las Palmas;Salazar @ Zalazar @ Salazar de las Palmas;JUNGPPZA;Jurisdiccion
1756;1794;Jurisdiccion-Alcaldia Mayor;Salazar;Salazar de las Palmas;Salazar @ Zalazar @ Salazar de las Palmas;JUNGPPZA;Partido
1756;1794;Partido;Samana;Samana;Samana @;PTSDSDSM;Partido
1756;1796;Corregimiento;Chietla;Chietla;Chietla @ Chietlan @ Chetla;JUNEPUCE;Jurisdiccion
1756;1796;Corregimiento;Chietla;Chietla;Chietla @ Chietlan @ Chetla;JUNEPUCE;Partido
1756;1796;Corregimiento;Chietla;Chietla;Chietla @ Chietlan @ Chetla;JUNEPUCE;Provincia_menor
1756;1799;Corregimiento;Bolaños;Bolaños;Bolaños @ Minas de Tepeque;JUGDGDBO;Jurisdiccion
1756;1799;Corregimiento;Bolaños;Bolaños;Bolaños @ Minas de Tepeque;JUGDGDBO;Partido
1756;1799;Corregimiento;Bolaños;Bolaños;Bolaños @ Minas de Tepeque;JUGDGDBO;Provincia_menor
1756;1808;Jurisdiccion;Lujan;Lujan;Lujan @;PTRPBALU;Partido
1756;1808;Tenencia de gobierno;Cartago;Cartago;Cuatro Ciudades @ Cartago @ Tres Ciudades;JUNGPOCC;Jurisdiccion
1756;9999;Partido politico;Yauco;Yauco;Yauco @;PTSDPRYC;Jurisdiccion
1756;9999;Partido politico;Yauco;Yauco;Yauco @;PTSDPRYC;Partido
1757;1771;Presidio;San Saba;San Saba;San Saba @ San Luis de las Amarillas;PTGDCOSS;Jurisdiccion
1757;1771;Presidio;San Saba;San Saba;San Saba @ San Luis de las Amarillas;PTGDCOSS;Partido
1757;1784;Alcaldia Mayor;San Diego del Rio;San Diego del Rio;Guarisamey @ San Diego del Rio @ Nuevo Real de Agua Caliente;JUGDDUGM;Jurisdiccion
1757;1784;Alcaldia Mayor;San Diego del Rio;San Diego del Rio;Guarisamey @ San Diego del Rio @ Nuevo Real de Agua Caliente;JUGDDUGM;Partido
1758;1773;Jurisdiccion;La Maguana;San Juan de la Maguana;La Maguana @ San Juan de la Maguana @ Valle de San Juan;JUSDSDLM;Partido
1758;1786;Partido;Peñoles;Ixquintepeque-Peñoles;Ixcuintepec Peñoles @ Iscuintepec @ Ixquintepeque @ Ixcuintepec y Elotepec;JUNEOAPE;Partido
1758;1802;Gobernacion;Maynas;Maynas;Maynas @ San Francisco Borja @ Marañon;PRQUMA00;Jurisdiccion
1758;1802;Gobernacion;Maynas;Maynas;Maynas @ San Francisco Borja @ Marañon;PRQUMA00;Provincia
1758;1802;Gobernacion;Maynas;Maynas;Maynas @ San Francisco Borja @ Marañon;PRQUMA00;Provincia_mayor
1758;1802;Gobernacion;Maynas;Maynas;Maynas @ San Francisco Borja @ Marañon;PRQUMA00;Provincia_menor
1758;1808;Gobernacion;Carmen;Laguna de los Terminos;Carmen @ Laguna de los Terminos;JUNECNCA;Jurisdiccion
1758;1808;Gobernacion;Carmen;Laguna de los Terminos;Carmen @ Laguna de los Terminos;JUNECNCA;Partido
1758;1808;Gobernacion;Carmen;Laguna de los Terminos;Carmen @ Laguna de los Terminos;JUNECNCA;Provincia
1758;1808;Gobernacion;Carmen;Laguna de los Terminos;Carmen @ Laguna de los Terminos;JUNECNCA;Provincia_mayor
1758;1808;Gobernacion;Carmen;Laguna de los Terminos;Carmen @ Laguna de los Terminos;JUNECNCA;Provincia_menor
1758;1808;Partido;Carrizal;Carrizal;Carrizal @;PTGDNMCA;Jurisdiccion
1758;1808;Partido;Carrizal;Carrizal;Carrizal @;PTGDNMCA;Partido
1759;1765;Presidio;Junta;Junta de los Rios;Junta de los Rios @;PTGDDUPJ;Jurisdiccion
1759;1765;Presidio;Junta;Junta de los Rios;Junta de los Rios @;PTGDDUPJ;Partido
1759;1773;Partido;Turbana;Turbana;Baru @ Pasacaballos @ Turbana @ Bocachica-Baru @ El Partido desde Arjona, Turbaco hasta la Bahia;PTNGCABA;Partido
1759;1783;Corregimiento;Huamachuco;Huamachuco;Huamachuco @;JUPETRHM;Jurisdiccion
1759;1783;Corregimiento;Huamachuco;Huamachuco;Huamachuco @;JUPETRHM;Partido
1759;1783;Corregimiento;Huamachuco;Huamachuco;Huamachuco @;JUPETRHM;Provincia_menor
1759;1808;Jurisdiccion-Capitania a Guerra;Ayapel;Ayapel;Ayapel @;JUNGCAAY;Jurisdiccion
1759;1808;Jurisdiccion-Capitania a Guerra;Ayapel;Ayapel;Ayapel @;JUNGCAAY;Partido
1760;1776;Alcaldia Mayor;Mascota;Mascota;Guachinango @ Huachinango @ Guachinango y Mascota @ Mascota;JUGDGDGN;Jurisdiccion
1760;1776;Alcaldia Mayor;Mascota;Mascota;Guachinango @ Huachinango @ Guachinango y Mascota @ Mascota;JUGDGDGN;Partido
1760;1776;Alcaldia Mayor;Mascota;Mascota;Guachinango @ Huachinango @ Guachinango y Mascota @ Mascota;JUGDGDGN;Provincia_menor
1760;1794;Jurisdiccion;Neiba;Neiba;Neiba @ Neiva @ Neyva @ Neyba;JUSDSDNE;Partido
1760;1794;Partido;Sabana de Mar;Sabana de Mar;Sabana de Mar @ Sabana de la Mar;PTSDSDSB;Partido
1760;9999;Partido politico;Mayagues;Mayagues;Mayagues @ Mayaguez @ Mayagües;PTSDPRMY;Jurisdiccion
1760;9999;Partido politico;Mayagues;Mayagues;Mayagues @ Mayaguez @ Mayagües;PTSDPRMY;Partido
1761;1808;Tenencia de gobierno;El Paso;El Paso;El Paso @ El Paso del Norte;JUGDNMEP;Jurisdiccion
1761;1808;Tenencia de gobierno;El Paso;El Paso;El Paso @ El Paso del Norte;JUGDNMEP;Partido
1762;1767;Comandancia General;Alto y Bajo Orinoco;Alto y Bajo Orinoco;Alto y Bajo Orinoco @ Nuevas fundaciones del alto y bajo Orinoco: Orinoco, Rio Negro y sus anexos;JUVEGUOR;Jurisdiccion
1762;1767;Comandancia General;Guayana;Guayana;Guayana @;PRVEGU00;Partido
1762;1767;Comandancia General;Guayana;Guayana;Guayana @;PRVEGU00;Provincia
1762;1767;Comandancia General;Guayana;Guayana;Guayana @;PRVEGU00;Provincia_menor
1762;1772;Alcaldia Mayor;La Iguana;La Iguana;La Iguana @ San Antonio de la Iguana;JUGDNLIG;Jurisdiccion
1762;1772;Alcaldia Mayor;La Iguana;La Iguana;La Iguana @ San Antonio de la Iguana;JUGDNLIG;Partido
1762;1779;Alcaldia Mayor;Taos;Taos;Taos @ Tewas @ Tiwas @ Tihuas @ Teguas @ Tehuas @ Tiguas @ Thaos @ Taos y Picuries;JUGDNMTA;Jurisdiccion
1762;1779;Alcaldia Mayor;Taos;Taos;Taos @ Tewas @ Tiwas @ Tihuas @ Teguas @ Tehuas @ Tiguas @ Thaos @ Taos y Picuries;JUGDNMTA;Partido
1762;1786;Alcaldia Mayor;Ixtlahuaca;Ixtlahuaca;Ixtlahuaca @ Mequetepeque @ Istlavaca @ Valle de Matalcingo @ Huitzitzilapa y Valle de Matalcingo @ Ixtlahuaca y Metepec @ Ixtlahuac @ Istlehusicar @ Istlaguaca y Metepeque;JUNEMXIH;Jurisdiccion
1762;1786;Alcaldia Mayor;Ixtlahuaca;Ixtlahuaca;Ixtlahuaca @ Mequetepeque @ Istlavaca @ Valle de Matalcingo @ Huitzitzilapa y Valle de Matalcingo @ Ixtlahuaca y Metepec @ Ixtlahuac @ Istlehusicar @ Istlaguaca y Metepeque;JUNEMXIH;Partido
1762;1786;Alcaldia Mayor;Ixtlahuaca;Ixtlahuaca;Ixtlahuaca @ Mequetepeque @ Istlavaca @ Valle de Matalcingo @ Huitzitzilapa y Valle de Matalcingo @ Ixtlahuaca y Metepec @ Ixtlahuac @ Istlehusicar @ Istlaguaca y Metepeque;JUNEMXIH;Provincia_menor
1762;1808;Partido;Guayana;Guayana;Guayana @ Angostura @ Santo Tomas de la Guayana;JUVEGUGU;Jurisdiccion
1762;1808;Tenencia de gobierno;Rio Caribe;Rio Caribe;Rio Caribe @;JUVECURC;Partido
1763;1768;Alcaldia Mayor;Huexolotitlan;Huexolotitlan;Huexolotitlan @ Huiso @ Huitzo @ Huizo @ Guaxolotlitlan @ Guajolotitlan @ Huejolotitlan @ Guayolotitlan y Guiso;JUNEOAHL;Jurisdiccion
1763;1768;Alcaldia Mayor;Huexolotitlan;Huexolotitlan;Huexolotitlan @ Huiso @ Huitzo @ Huizo @ Guaxolotlitlan @ Guajolotitlan @ Huejolotitlan @ Guayolotitlan y Guiso;JUNEOAHL;Partido
1763;1768;Alcaldia Mayor;Huexolotitlan;Huexolotitlan;Huexolotitlan @ Huiso @ Huitzo @ Huizo @ Guaxolotlitlan @ Guajolotitlan @ Huejolotitlan @ Guayolotitlan y Guiso;JUNEOAHL;Provincia_menor
1763;1778;Jurisdiccion;Villa Vieja;Villa Vieja;Villa Vieja @;PTGUCRVV;Partido
1763;1786;Alcaldia Mayor;Metepec;Metepec y Zinacantepec;Metepec @ Metepec y Sicantepec @ Metepeque y Sinacantepeque @ Metepec y Sanacantepec @ Metepec y Zinacantepec;JUNEMXMC;Jurisdiccion
1763;1786;Alcaldia Mayor;Metepec;Metepec y Zinacantepec;Metepec @ Metepec y Sicantepec @ Metepeque y Sinacantepeque @ Metepec y Sanacantepec @ Metepec y Zinacantepec;JUNEMXMC;Partido
1763;1786;Alcaldia Mayor;Metepec;Metepec y Zinacantepec;Metepec @ Metepec y Sicantepec @ Metepeque y Sinacantepeque @ Metepec y Sanacantepec @ Metepec y Zinacantepec;JUNEMXMC;Provincia_menor
1763;1788;Alcaldia Mayor*;Basis;Basis;Basis @ Bacis;JUGDDUBS;Jurisdiccion
1763;1788;Alcaldia Mayor*;Basis;Basis;Basis @ Bacis;JUGDDUBS;Partido
1763;1789;Jurisdiccion;Baracoa;Baracoa;Baracoa @;JUSDCUBC;Jurisdiccion
1763;1789;Jurisdiccion;Baracoa;Baracoa;Baracoa @;JUSDCUBC;Partido
1763;1797;Colonia inglesa;Belice;Belice;Belice @ Walix @ Baliza @ Walis @ Balix @ Belize;JUNEBEBE;Jurisdiccion
1763;1797;Colonia inglesa;Belice;Belice;Belice @ Walix @ Baliza @ Walis @ Balix @ Belize;JUNEBEBE;Partido
1763;1797;Colonia inglesa;Belice;Belice;Belice @ Walix @ Baliza @ Walis @ Balix @ Belize;JUNEBEBE;Provincia
1763;1797;Colonia inglesa;Belice;Belice;Belice @ Walix @ Baliza @ Walis @ Balix @ Belize;JUNEBEBE;Provincia_menor
1763;1808;Gobernacion;Guayaquil;Guayaquil;Guayaquil @;PRQUGQ00;Provincia
1763;1808;Gobernacion;Guayaquil;Guayaquil;Guayaquil @;PRQUGQ00;Provincia_mayor
1763;1808;Gobernacion;Guayaquil;Guayaquil;Guayaquil @;PRQUGQ00;Provincia_menor
1763;1808;Tenencia de gobierno;Baba;Baba;Baba @;JUQUGQBB;Jurisdiccion
1763;1808;Tenencia de gobierno;Baba;Baba;Baba @;JUQUGQBB;Partido
1763;1808;Tenencia de gobierno;Babahoyo;Babahoyo;Babahoyo @ Ojiba;JUQUGQBH;Jurisdiccion
1763;1808;Tenencia de gobierno;Babahoyo;Babahoyo;Babahoyo @ Ojiba;JUQUGQBH;Partido
1763;1808;Tenencia de gobierno;Balzar;Balzar;Balzar @;JUQUGQBZ;Jurisdiccion
1763;1808;Tenencia de gobierno;Balzar;Balzar;Balzar @;JUQUGQBZ;Partido
1763;1808;Tenencia de gobierno;Daule;Daule;Daule @;JUQUGQDA;Jurisdiccion
1763;1808;Tenencia de gobierno;Daule;Daule;Daule @;JUQUGQDA;Partido
1763;1808;Tenencia de gobierno;Naranjal;Naranjal;Naranjal @;JUQUGQNA;Jurisdiccion
1763;1808;Tenencia de gobierno;Naranjal;Naranjal;Naranjal @;JUQUGQNA;Partido
1763;1808;Tenencia de gobierno;Palenque;Palenque;Palenque @;JUQUGQPA;Jurisdiccion
1763;1808;Tenencia de gobierno;Palenque;Palenque;Palenque @;JUQUGQPA;Partido
1763;1808;Tenencia de gobierno;Puerto Viejo;Puerto Viejo;Puerto Viejo @;JUQUGQPV;Jurisdiccion
1763;1808;Tenencia de gobierno;Puerto Viejo;Puerto Viejo;Puerto Viejo @;JUQUGQPV;Partido
1763;1808;Tenencia de gobierno;Puna;Puna;La Puna @ Isla de la Puna @ Machala;JUQUGQPU;Jurisdiccion
1763;1808;Tenencia de gobierno;Puna;Puna;La Puna @ Isla de la Puna @ Machala;JUQUGQPU;Partido
1763;1808;Tenencia de gobierno;Yaguachi;Yaguachi;Yaguachi @ Yaguache;JUQUGQYA;Jurisdiccion
1763;1808;Tenencia de gobierno;Yaguachi;Yaguachi;Yaguachi @ Yaguache;JUQUGQYA;Partido
1764;1808;Corregimiento;Chiquimula;Chiquimula y Acasaguastlan;Chiquimula @ Chiquimula y Acasaguastlan @ Chiquimula y Zacapa;JUGUGUCM;Jurisdiccion
1764;1808;Corregimiento;Chiquimula;Chiquimula y Acasaguastlan;Chiquimula @ Chiquimula y Acasaguastlan @ Chiquimula y Zacapa;JUGUGUCM;Provincia_menor
1764;1808;Jurisdiccion-Tenencia de gobierno;Iscuande;Iscuande;Iscuade @;JUQUPOIS;Jurisdiccion
1764;1808;Jurisdiccion-Tenencia de gobierno;Iscuande;Iscuande;Iscuade @;JUQUPOIS;Partido
1764;1808;Partido;Acasaguastlan;Acasaguastlan;Acasaguastlan @ Zacapa @ Casablastran @ Casalbastran @ Casabeltran;JUGUGUAC;Jurisdiccion
1764;1808;Partido;Acasaguastlan;Acasaguastlan;Acasaguastlan @ Zacapa @ Casablastran @ Casalbastran @ Casabeltran;JUGUGUAC;Partido
1764;1808;Tenencia de gobierno;Tumaco;Tumaco;Tumaco @;JUQUPOTU;Jurisdiccion
1764;1808;Tenencia de gobierno;Tumaco;Tumaco;Tumaco @;JUQUPOTU;Partido
1765;1773;Partido politico;Filipinas;Filipinas;Filipinas @ Nueva Filipina @ Pinar del Rio @ Pinal del Rio;PTSDFIFI;Partido
1765;1777;Alcaldia Mayor*;Tabahueto;Tabahueto;Tabahueto @;JUGDDUTH;Jurisdiccion
1765;1777;Alcaldia Mayor*;Tabahueto;Tabahueto;Tabahueto @;JUGDDUTH;Partido
1765;1785;Corregimiento;Rere;Rere;Rere @ Estancia del Rey @ Buena-Esperanza;JUCHCORE;Jurisdiccion
1765;1785;Corregimiento;Rere;Rere;Rere @ Estancia del Rey @ Buena-Esperanza;JUCHCORE;Partido
1765;1785;Partido politico;Rioblanco;Rioblanco;Rioblanco del Sur @ Rio Blanco del Sur @ Rioblanco @ Rio Blanco;PTSDMARS;Partido
1765;1794;Gobernacion de Armas-Tenencia de gobierno;Frontera del Norte;Frontera del Norte;Frontera del Norte @;JUSDSDFN;Jurisdiccion
1765;1794;Gobernacion de Armas-Tenencia de gobierno;Frontera del Sur;Frontera del Sur;Frontera Sur @;JUSDSDFS;Jurisdiccion
1765;1794;Gobernacion de Armas-Tenencia de gobierno;Montecristi;Montecristi;Montecristi @ Monte Cristi @ Monte-Cristi @ Montechristi;JUSDSDMC;Jurisdiccion
1765;1794;Gobernacion de Armas-Tenencia de gobierno;Montecristi;Montecristi;Montecristi @ Monte Cristi @ Monte-Cristi @ Montechristi;JUSDSDMC;Partido
1765;1794;Gobernacion de Armas-Tenencia de gobierno;Samana;Samana;Samana y Sabana de Mar @ Costa;JUSDSDSS;Jurisdiccion
1765;1794;Jurisdiccion;San Rafael;San Rafael;San Rafael @;JUSDSDSR;Partido
1765;1796;Gobernacion;Los Llanos;Llanos del Casanare;Los Llanos @ Chire @ Casanare @ Santiago de las Atalayas @ Medina de Torres @ Arauca @;PRNGLL00;Provincia
1765;1796;Gobernacion;Los Llanos;Llanos del Casanare;Los Llanos @ Chire @ Casanare @ Santiago de las Atalayas @ Medina de Torres @ Arauca @;PRNGLL00;Provincia_menor
1765;1808;Intendencia;La Habana;La Habana;La Habana @ Isla de Cuba;INSDLH00;Intendencia
1765;1808;Partido;Llanos de San Juan;Llanos de San Juan;San Juan @ San Juan de los Llanos;JUNGLLSJ;Partido
1765;1808;Partido politico;Alvarez;Alvarez;Alvarez @;PTSDLHAL;Partido
1765;1808;Partido politico;Arroyo Arenas;Arroyo Arenas;Arroyo Arenas @;PTSDLHAA;Partido
1765;1808;Partido politico;Bahia Honda;Bahia Honda;Bahia Honda @ Bahiahonda @ Bahia-Honda;PTSDLHBH;Partido
1765;1808;Partido politico;Bajurayabo;Bajurayabo;Bajurayabo @ Bajurayanabo;PTSDLHBJ;Partido
1765;1808;Partido politico;Batabano;Batabano;Batabano @;PTSDLHBB;Partido
1765;1808;Partido politico;Bauta;Bauta;Bauta @;PTSDLHBT;Partido
1765;1808;Partido politico;Calvario;Calvario;Calvario @;PTSDLHCV;Partido
1765;1808;Partido politico;Cano;Cano;Cano @;PTSDLHCO;Partido
1765;1808;Partido politico;Consolacion del Norte;Consolacion del Norte;Consolacion del Norte @;PTSDFICN;Partido
1765;1808;Partido politico;Consolidacion del Sur;Consolidacion del Sur;Consolidacion del Sur @;PTSDFICS;Partido
1765;1808;Partido politico;El Rincon;Rincon de Sibarimar;Sibarimar @ Rincon de Sibarimar @ Rincon;PTSDLHRI;Partido
1765;1808;Partido politico;Gibacoa;Gibacoa;Gibacoa @ Jivacoa;PTSDLHGI;Partido
1765;1808;Partido politico;Gobea;Gobea;Gobea @ Govea;PTSDLHGO;Partido
1765;1808;Partido politico;Guadalupe;Guadalupe;Guadalupe @ La Salud;PTSDLHGD;Partido
1765;1808;Partido politico;Guajaybon;Guajaybon;Guajaybon @ Guajaybon, Bune, Copey y Mosquitos;PTSDLHGY;Partido
1765;1808;Partido politico;Guamacaro;Guamacaro;Guamacaro @;PTSDMAGC;Partido
1765;1808;Partido politico;Guamutas;Guamutas;Guamutas @;PTSDMAGM;Partido
1765;1808;Partido politico;Guanajay;Guanajay;Guanajay @;PTSDLHGJ;Partido
1765;1808;Partido politico;Guane;Guane;Guane @ Guane del Sur;PTSDFIGS;Partido
1765;1808;Partido politico;Guara;Guara;Guara @;PTSDLHGR;Partido
1765;1808;Partido politico;Guasabacoa;Guasabacoa;Guasabacoa @ Guazabacoa @ Guazavacoa @ Guasavacoa @ Guasabacoa y Potosi;PTSDLHGS;Partido
1765;1808;Partido politico;Guatao;Guatao;Guatao @;PTSDLHGT;Partido
1765;1808;Partido politico;Guines;Guines;Guines @;PTSDLHGN;Partido
1765;1808;Partido politico;Hanabana;Hanabana;Hanabana @ Hanavana;PTSDLHHA;Partido
1765;1808;Partido politico;Horcon;Horcon;Horcon @;PTSDLHHO;Partido
1765;1808;Partido politico;Jesus del Monte;Jesus del Monte;Jesus del Monte @;PTSDLHMO;Partido
1765;1808;Partido politico;Jesus Maria;Jesus Maria;Jesus Maria @;PTSDLHJM;Partido
1765;1808;Partido politico;Los Pinos;Santa Cruz de los Pinos;Santa Cruz de los Pinos @ Pinos;PTSDLHSC;Partido
1765;1808;Partido politico;Luyano;Luyano;Luyano @;PTSDLHLU;Partido
1765;1808;Partido politico;Macuriges;Macuriges;Macuriges @ Macurijes;PTSDLHMC;Partido
1765;1808;Partido politico;Managua;Managua;Managua @ Managuana;PTSDLHMN;Partido
1765;1808;Partido politico;Mantua;Mantua;Mantua @ Guane del Norte;PTSDFIGN;Partido
1765;1808;Partido politico;Marianao;Marianao;Marianao @ Marianabo @ Quemados viejo @ Quemados de Marianao @ Buenavista;PTSDLHMR;Partido
1765;1808;Partido politico;Melena del Sur;Melena del Sur;Melena del Sur @;PTSDLHME;Partido
1765;1808;Partido politico;Naranjal;Naranjal;Naranjal @ Naranjar @ Ceiba Mocha;PTSDMANA;Partido
1765;1808;Partido politico;Prensa;Prensa;Prensa @ Cerro;PTSDLHPR;Partido
1765;1808;Partido politico;Regla;Regla;Regla @;PTSDLHRE;Partido
1765;1808;Partido politico;San Juan y Martinez;San Juan y Martinez;San Juan y Martinez @;PTSDFIJM;Partido
1765;1808;Partido politico;San Lazaro;San Lazaro;San Lazaro @;PTSDLHSL;Partido
1765;1808;Partido politico;San Luis de la Ceiba;San Luis de la Ceiba;San Luis de la Ceiba @ Ceiba de San Luis;PTSDLHLC;Partido
1765;1808;Partido politico;San Marcos;San Marcos;San Marcos @ Guanacaje;PTSDLHSM;Partido
1765;1808;Partido politico;San Miguel;San Miguel;San Miguel @ San Miguel de Padron;PTSDLHMP;Partido
1765;1808;Partido politico;San Pedro;San Pedro;San Pedro @;PTSDLHSP;Partido
1765;1808;Partido politico;Santa Ana;Santa Ana;Santa Ana @;PTSDMASA;Partido
1765;1808;Partido politico;Wajay;Wajay;Wajay @ Jubajay;PTSDLHWA;Partido
1765;9999;Jurisdiccion;La Villa;La Villa;Puerto Principe @ Partido de la Villa;PTSDPPPP;Partido
1765;9999;Partido;Quemado;Quemado;Quemado @;PTSDLHQU;Partido
1765;9999;Partido politico;Carmen;Carmen;Carmen @;PTSDPPCA;Partido
1765;9999;Partido politico;Cubita;Cubita;Cubita @;PTSDPPCU;Partido
1765;9999;Partido politico;Gracias;Gracias;Gracias @ Gracias a Dios;PTSDPPGR;Partido
1765;9999;Partido politico;San Pedro;San Pedro;San Pedro @;PTSDPPSP;Partido
1766;1768;Corregimiento-Intendencia;Luisiana;Luisiana;Luisiana @;INSDLU00;Intendencia
1766;1768;Gobernacion;Luisiana;Luisiana;Luisiana @ La Luisiana @ Natchez y la Luisiana;PRSDLU00;Provincia
1766;1768;Gobernacion;Luisiana;Luisiana;Luisiana @ La Luisiana @ Natchez y la Luisiana;PRSDLU00;Provincia_menor
1766;1769;Provincia;Luisiana;Luisiana;Baja Luisiana @ Nueva Orleans;JUSDLUNO;Jurisdiccion
1766;1769;Provincia;Luisiana;Luisiana;Baja Luisiana @ Nueva Orleans;JUSDLUNO;Partido
1766;1772;Alcaldia Mayor;Vallecillo;Vallecillo;Vallecillo @;JUGDNLVA;Jurisdiccion
1766;1772;Alcaldia Mayor;Vallecillo;Vallecillo;Vallecillo @;JUGDNLVA;Partido
1766;1772;Fronteras;Junta;Cibola;Junta de los Rios @;PTGDDUPJ;Partido
1766;1773;Gobernacion;Malvinas;Malvinas;Malvinas @;JURPMAMA;Jurisdiccion
1766;1773;Gobernacion;Malvinas;Malvinas;Malvinas @;JURPMAMA;Partido
1766;1773;Gobernacion;Malvinas;Malvinas;Malvinas @;JURPMAMA;Provincia
1766;1773;Gobernacion;Malvinas;Malvinas;Malvinas @;JURPMAMA;Provincia_menor
1766;1787;Alcaldia Mayor;Parras y Saltillo;Parras y Saltillo;Parras y Saltillo @;JUGDDUPS;Jurisdiccion
1767;1772;Alcaldia Mayor;Cerro Gordo;Cerro Gordo;Cerro Gordo @;JUGDDUCG;Jurisdiccion
1767;1772;Alcaldia Mayor;Cerro Gordo;Cerro Gordo;Cerro Gordo @;JUGDDUCG;Partido
1767;1803;Gobernacion Politico-Militar;Las Californias;Las Californias;California @ Las Californias @ Antigua California @ Baja California;PRNECL00;Jurisdiccion
1767;1803;Gobernacion Politico-Militar;Las Californias;Las Californias;California @ Las Californias @ Antigua California @ Baja California;PRNECL00;Provincia
1767;1803;Gobernacion Politico-Militar;Las Californias;Las Californias;California @ Las Californias @ Antigua California @ Baja California;PRNECL00;Provincia_mayor
1767;1803;Gobernacion Politico-Militar;Las Californias;Las Californias;California @ Las Californias @ Antigua California @ Baja California;PRNECL00;Provincia_menor
1768;1769;Gobernacion;Misiones del Uruguay;Misiones del Uruguay;San Miguel @;JURPMISM;Jurisdiccion
1768;1769;Gobernacion;Misiones del Uruguay;Misiones del Uruguay;San Miguel @;JURPMISM;Partido
1768;1769;Gobernacion;Misiones del Uruguay;Misiones del Uruguay;San Miguel @;JURPMISM;Provincia
1768;1769;Gobernacion;Misiones del Uruguay;Misiones del Uruguay;San Miguel @;JURPMISM;Provincia_menor
1768;1769;Gobernacion;Misiones orientales;Misiones orientales;Misiones Orientales @;PRRPMIOR;Jurisdiccion
1768;1769;Intendencia;Sinaloa y Sonora;Sinaloa y Sonora;Sinaloa y Sonora @ Arizpe;INGDSS00;Intendencia
1768;1776;Partido;El Norte;El Norte;Departamento del Norte @;JUNECLDN;Partido
1768;1776;Tenencia de gobierno;El Sur;El Sur;Departamento del Sur @;JUNECLDS;Partido
1768;1783;Corregimiento;Tarapaca;Tarapaca;Tarapaca @;JUPEARTA;Jurisdiccion
1768;1783;Corregimiento;Tarapaca;Tarapaca;Tarapaca @;JUPEARTA;Partido
1768;1783;Corregimiento;Tarapaca;Tarapaca;Tarapaca @;JUPEARTA;Provincia_menor
1768;1785;Corregimiento;Cauquenes;Cauquenes;Cauquenes @;JUCHCOCQ;Jurisdiccion
1768;1785;Corregimiento;Cauquenes;Cauquenes;Cauquenes @;JUCHCOCQ;Partido
1768;1790;Gobernacion;Guayana;Guayana;Guayana @;PRVEGU00;Partido
1768;1790;Gobernacion;Guayana;Guayana;Guayana @;PRVEGU00;Provincia
1768;1790;Gobernacion;Guayana;Guayana;Guayana @;PRVEGU00;Provincia_menor
1768;1803;Gobernacion;Misiones;Misiones guaranies;Misiones @ Treinta Pueblos de las Misiones Guaranies;PRRPMIMI;Jurisdiccion
1768;1803;Gobernacion;Misiones;Misiones guaranies;Misiones @ Treinta Pueblos de las Misiones Guaranies;PRRPMIMI;Provincia
1768;1803;Gobernacion;Misiones;Misiones guaranies;Misiones @ Treinta Pueblos de las Misiones Guaranies;PRRPMIMI;Provincia_menor
1768;1803;Partido;Antigua California;Antigua California;California Baja @ California Vieja @ Antigua California;JUNECLCV;Jurisdiccion
1768;1808;Comandancia;San Blas;Puerto de San Blas;San Blas @ Puerto de San Blas;JUGDGDSB;Jurisdiccion
1768;1808;Tenencia de gobierno;La Canoa;La Canoa;La Canoa @ Caraquez;JUQUGQCA;Jurisdiccion
1768;1808;Tenencia de gobierno;La Canoa;La Canoa;La Canoa @ Caraquez;JUQUGQCA;Partido
1769;1770;Partido;Fajardo;Fajardo;Fajardo @ Faxardo;PTSDPRFA;Jurisdiccion
1769;1770;Partido;Fajardo;Fajardo;Fajardo @ Faxardo;PTSDPRFA;Partido
1769;1779;Gobernacion-Intendencia;Luisiana;Luisiana;Luisiana @ La Luisiana @ Natchez y la Luisiana;PRSDLU00;Provincia
1769;1779;Gobernacion-Intendencia;Luisiana;Luisiana;Luisiana @ La Luisiana @ Natchez y la Luisiana;PRSDLU00;Provincia_menor
1769;1785;Alcaldia Mayor;Tuxtla;Tuxtla;Tuxtla @;JUGUCHTU;Jurisdiccion
1769;1785;Alcaldia Mayor;Tuxtla;Tuxtla;Tuxtla @;JUGUCHTU;Partido
1769;1785;Alcaldia Mayor;Tuxtla;Tuxtla;Tuxtla @;JUGUCHTU;Provincia_menor
1769;1786;Alcaldia Mayor;Chalco;Chalco y Tlayacapa;Chalco @ Chalco y Tlalmanalco @ Chalco-Tlalmanalco @ Chalco Talmanalco @ Chalco y Tlayacapa @ Chalco y Hayacapa @ Chalco Talmanalco @ Chalco Talmanalco, agregao de Tlayacapa;JUNEMXCH;Jurisdiccion
1769;1786;Alcaldia Mayor;Chalco;Chalco y Tlayacapa;Chalco @ Chalco y Tlalmanalco @ Chalco-Tlalmanalco @ Chalco Talmanalco @ Chalco y Tlayacapa @ Chalco y Hayacapa @ Chalco Talmanalco @ Chalco Talmanalco, agregao de Tlayacapa;JUNEMXCH;Provincia_menor
1769;1786;Partido;Chinantla y Ucila;Chinantla y Ucila;Chinantla y Uzila @ Chinantla y Ucila @ Chinantla, Ucila, Cosamaloapa y Guaspatepeque;JUNEOACT;Jurisdiccion
1769;1786;Partido;Chinantla y Ucila;Chinantla y Ucila;Chinantla y Uzila @ Chinantla y Ucila @ Chinantla, Ucila, Cosamaloapa y Guaspatepeque;JUNEOACT;Partido
1769;1791;Corregimiento;Huexolotitlan;Huexolotitlan;Huexolotitlan @ Huiso @ Huitzo @ Huizo @ Guaxolotlitlan @ Guajolotitlan @ Huejolotitlan @ Guayolotitlan y Guiso;JUNEOAHL;Jurisdiccion
1769;1791;Corregimiento;Huexolotitlan;Huexolotitlan;Huexolotitlan @ Huiso @ Huitzo @ Huizo @ Guaxolotlitlan @ Guajolotitlan @ Huejolotitlan @ Guayolotitlan y Guiso;JUNEOAHL;Partido
1769;1791;Corregimiento;Huexolotitlan;Huexolotitlan;Huexolotitlan @ Huiso @ Huitzo @ Huizo @ Guaxolotlitlan @ Guajolotitlan @ Huejolotitlan @ Guayolotitlan y Guiso;JUNEOAHL;Provincia_menor
1769;1794;Partido;Las Cahobas;Las Cahobas;Las Cahobas @ Las Caobas;PTSDSDLC;Partido
1769;1808;Corregimiento;Casanare;Casanare;Casanare @ Casanares;PTNGLLCA;Partido
1769;9999;Partido politico;Guaynabo;Guaynabo;Guaynabo @;PTSDPRGN;Jurisdiccion
1769;9999;Partido politico;Guaynabo;Guaynabo;Guaynabo @;PTSDPRGN;Partido
1770;1771;Gobernacion-Intendencia;Sinaloa y Sonora;Sinaloa y Sonora;Sinaloa y Sonora @ Arizpe;PRGDSS00;Intendencia
1770;1771;Gobernacion-Intendencia;Sinaloa y Sonora;Sinaloa y Sonora;Sinaloa y Sonora @ Arizpe;PRGDSS00;Provincia
1770;1771;Gobernacion-Intendencia;Sinaloa y Sonora;Sinaloa y Sonora;Sinaloa y Sonora @ Arizpe;PRGDSS00;Provincia_mayor
1770;1776;Tenencia de gobierno;California Nueva;California Nueva;California Alta @ California Nueva;JUNECLCN;Jurisdiccion
1770;1776;Tenencia de gobierno;California Nueva;California Nueva;California Alta @ California Nueva;JUNECLCN;Partido
1770;1783;Tenencia de gobierno;San Miguel;San Miguel;San Miguel @;JURPMISM;Jurisdiccion
1770;1783;Tenencia de gobierno;San Miguel;San Miguel;San Miguel @;JURPMISM;Partido
1770;1783;Tenencia de gobierno;Santiago;Santiago;Santiago @;JURPMISA;Jurisdiccion
1770;1783;Tenencia de gobierno;Santiago;Santiago;Santiago @;JURPMISA;Partido
1770;1783;Tenencia de gobierno;Yapeyu;Yapeyu;Yapeyu @;JURPMIYA;Jurisdiccion
1770;1783;Tenencia de gobierno;Yapeyu;Yapeyu;Yapeyu @;JURPMIYA;Partido
1770;1786;Alcaldia Mayor;Cosamaloapan;Cosamaloapan y Guaspaltepeque;Cosamaloapan @ Cuzamaluava @ Cuzamaluaba @ Cosamaloapan y Guaspaltepec @ Cozamaloapan @ Cosamaluapa;JUNEVCCS;Jurisdiccion
1770;1786;Alcaldia Mayor;Cosamaloapan;Cosamaloapan y Guaspaltepeque;Cosamaloapan @ Cuzamaluava @ Cuzamaluaba @ Cosamaloapan y Guaspaltepec @ Cozamaloapan @ Cosamaluapa;JUNEVCCS;Provincia_menor
1770;1786;Alcaldia Mayor;Teutila;Teutila y Chinantla;Teutila @ Teutila y Chinantla @ Teutila y Rio Alvarado;JUNEOATL;Jurisdiccion
1770;1786;Alcaldia Mayor;Teutila;Teutila y Chinantla;Teutila @ Teutila y Chinantla @ Teutila y Rio Alvarado;JUNEOATL;Provincia_menor
1770;1786;Alcaldia Mayor;Venado;Venado y La Hedionda;Venado @ Venado y La Hedionda @ Aguas de Venado Hedionda;JUNESLVE;Jurisdiccion
1770;1786;Alcaldia Mayor;Venado;Venado y La Hedionda;Venado @ Venado y La Hedionda @ Aguas de Venado Hedionda;JUNESLVE;Partido
1770;1786;Alcaldia Mayor;Venado;Venado y La Hedionda;Venado @ Venado y La Hedionda @ Aguas de Venado Hedionda;JUNESLVE;Provincia_menor
1770;1788;Capitania a Guerra (JM);Rio Cauca;El Retiro;Magangue @ El Retiro @ El Retiro y Magangue @ Rio Cauca @ Pantanos;PTNGCAMG;Partido
1770;1803;Partido;Baja Luisiana;Baja Luisiana;Baja Luisiana @ Nueva Orleans;JUSDLUNO;Jurisdiccion
1770;1803;Partido;Baja Luisiana;Baja Luisiana;Baja Luisiana @ Nueva Orleans;JUSDLUNO;Partido
1770;1803;Tenencia de gobierno;Natchitoches;Natchitoches;Natchitoches @ Natchitochas;JUSDLUNT;Jurisdiccion
1770;1803;Tenencia de gobierno;Natchitoches;Natchitoches;Natchitoches @ Natchitochas;JUSDLUNT;Partido
1770;1804;Tenencia de gobierno;Ilinueses;Ilinueses;Ilinueses @ San Luis @ Saint-Louis @ Ylinueses @ Illinoises @ Alta Luisiana @ Haute Louisiane;JUSDLUIL;Jurisdiccion
1770;1804;Tenencia de gobierno;Ilinueses;Ilinueses;Ilinueses @ San Luis @ Saint-Louis @ Ylinueses @ Illinoises @ Alta Luisiana @ Haute Louisiane;JUSDLUIL;Partido
1770;1805;Subdelegacion;Candelaria;Candelaria;Candelaria @ Misiones guaranies;JURPMICA;Jurisdiccion
1770;1805;Subdelegacion;Candelaria;Candelaria;Candelaria @ Misiones guaranies;JURPMICA;Partido
1770;1808;Comandancia;Buena Vista;Buena Vista;Buena Vista @ Buenavista;PMGDSSBV;Partido
1770;1808;Comandancia;Fronteras;Fronteras;Fronteras @ Corodeguachi;PMGDSSFR;Partido
1770;1808;Comandancia;Tucson;Tucson;Tucson @;PMGDSSTC;Partido
1770;1808;Jurisdiccion;Jaruco;Jaruco;Jaruco @;JUSDLHJA;Partido
1770;1808;Partido;Calbuco;Calbuco;Calbuco @;PTCHCHCB;Partido
1771;1776;Gobernacion;Cuenca;Cuenca;Cuenca @;PRQUCU00;Jurisdiccion
1771;1776;Gobernacion;Cuenca;Cuenca;Cuenca @;PRQUCU00;Provincia
1771;1776;Gobernacion;Cuenca;Cuenca;Cuenca @;PRQUCU00;Provincia_menor
1771;1786;Alcaldia Mayor;Cosala;Cosala;Cosala @ Las Virgenes @ Once mil virgenes de Cosala;JUGDSSCS;Jurisdiccion
1771;1786;Alcaldia Mayor;Cosala;Cosala;Cosala @ Las Virgenes @ Once mil virgenes de Cosala;JUGDSSCS;Partido
1771;1786;Alcaldia Mayor;Nochixtlan;Nochixtlan y Peñoles;Nochixtlan @ Nochixtlan y Yanhuitlan @ Nochistlan y Peñoles;JUNEOANO;Jurisdiccion
1771;1786;Alcaldia Mayor;Nochixtlan;Nochixtlan y Peñoles;Nochixtlan @ Nochixtlan y Yanhuitlan @ Nochistlan y Peñoles;JUNEOANO;Provincia_menor
1771;1786;Partido;Cieneguilla;Cieneguilla;Cieneguilla @;JUGDSSCI;Partido
1771;1786;Partido;Tlayacapa;Tlayacapa;Tlayacapa @ Totolapa;JUNEMXTY;Partido
1771;1789;Alcaldia Mayor*;Zuñi;Zuñi;Zuñi @;JUGDNMZU;Jurisdiccion
1771;1789;Alcaldia Mayor*;Zuñi;Zuñi;Zuñi @;JUGDNMZU;Partido
1771;1808;Tenencia de gobierno;Alausi;Alausi;Alausi @;JUQUCUAL;Partido
1771;9999;Partido politico;Cabo Rojo;Cabo Rojo;Cabo Rojo @ Cabo Roxo;PTSDPRCR;Jurisdiccion
1771;9999;Partido politico;Cabo Rojo;Cabo Rojo;Cabo Rojo @ Cabo Roxo;PTSDPRCR;Partido
1771;9999;Partido politico;Fajardo;Fajardo;Fajardo @ Faxardo;PTSDPRFA;Jurisdiccion
1771;9999;Partido politico;Fajardo;Fajardo;Fajardo @ Faxardo;PTSDPRFA;Partido
1772;1775;Capitania a Guerra;Santo Tomas;Santo Tomas;Santo Tomas @ Villanueva;PMNGCAST;Partido
1772;1776;Corregimiento;Chiquitos;Chiquitos;Chiquitos @;JUCCCBCH;Jurisdiccion
1772;1776;Corregimiento;Chiquitos;Chiquitos;Chiquitos @;JUCCCBCH;Partido
1772;1776;Corregimiento;Chiquitos;Chiquitos;Chiquitos @;JUCCCBCH;Provincia_menor
1772;1776;Corregimiento;Moxos;Moxos;Moxos @;JUCCCBMO;Jurisdiccion
1772;1776;Corregimiento;Moxos;Moxos;Moxos @;JUCCCBMO;Provincia_menor
1772;1776;Gobernacion;Sinaloa y Sonora;Sinaloa y Sonora;Sinaloa y Sonora @ Arizpe;PRGDSS00;Provincia
1772;1776;Gobernacion;Sinaloa y Sonora;Sinaloa y Sonora;Sinaloa y Sonora @ Arizpe;PRGDSS00;Provincia_mayor
1772;1776;Intendencia;Sinaloa y Sonora;Sinaloa y Sonora;Sinaloa y Sonora @ Arizpe;INGDSS00;Intendencia
1772;1787;Partido;Cinagua y La Guacana;Cinagua y La Guacana;Cinagua y la Guacana @ Ario @ Santiago Ario @ La Vacana @ La Uacana @ Sinagua y la Guacana @ Cinagua y Aguacana @ Cinagua y Ahuacana @ Cinagua y La Guacana @ Cinagua y La Huacana;JUNEMICI;Partido
1772;1808;Corregimiento;Andaquies;Andaquies;Andaquies @ La Ceja @ Misiones del Caquetá y Putumayo @ Escolta de Misiones;JUNGNEAN;Jurisdiccion
1772;1808;Corregimiento;Andaquies;Andaquies;Andaquies @ La Ceja @ Misiones del Caquetá y Putumayo @ Escolta de Misiones;JUNGNEAN;Partido
1772;1808;Jurisdiccion;Quito;Quito;Quito @;JUQUQUQU;Jurisdiccion
1772;1808;Jurisdiccion;Quito;Quito;Quito @;JUQUQUQU;Partido
1772;1808;Presidios;Frontera de Coahuila;Frontera de Coahuila;Presidios de la Frontera @;JUGDCOPR;Jurisdiccion
1772;9999;Partido politico;Bayamon;Bayamon;Bayamon @ Ribera de Bayamon;PTSDPRBY;Jurisdiccion
1772;9999;Partido politico;Bayamon;Bayamon;Bayamon @ Ribera de Bayamon;PTSDPRBY;Partido
1772;9999;Partido politico;Moca;Moca;Moca @;PTSDPRMO;Jurisdiccion
1772;9999;Partido politico;Moca;Moca;Moca @;PTSDPRMO;Partido
1772;9999;Partido politico;Rincon;Rincon;Rincon @;PTSDPRRI;Jurisdiccion
1772;9999;Partido politico;Rincon;Rincon;Rincon @;PTSDPRRI;Partido
1773;1783;Corregimiento;Potosi;Potosi;Potosi @ Villa imperial @ La Plata y Villa imperial;JUCCPOPO;Jurisdiccion
1773;1783;Corregimiento;Potosi;Potosi;Potosi @ Villa imperial @ La Plata y Villa imperial;JUCCPOPO;Partido
1773;1783;Corregimiento;Potosi;Potosi;Potosi @ Villa imperial @ La Plata y Villa imperial;JUCCPOPO;Provincia_menor
1773;1783;Corregimiento;Yamparaez;La Plata y Yamparaez;Chuquisaca @;JUCCCCCC;Jurisdiccion
1773;1783;Corregimiento;Yamparaez;La Plata y Yamparaez;Chuquisaca @;JUCCCCCC;Partido
1773;1783;Corregimiento;Yamparaez;La Plata y Yamparaez;Chuquisaca @;JUCCCCCC;Provincia_menor
1773;1783;Corregimiento;Yamparaez;Yamparaez;Yamparaez @ Amparaes @ Yamparaes @ Yamparaez y Villaverde;JUCCCCYA;Partido
1773;1783;Partido;Villa Real;Villa Real;Villa Real @ Concepcion;PTRPPACO;Jurisdiccion
1773;1783;Partido;Villa Real;Villa Real;Villa Real @ Concepcion;PTRPPACO;Partido
1773;1783;Tenencia de gobierno;Concepcion;Concepcion;Concepcion @;JURPMICO;Jurisdiccion
1773;1783;Tenencia de gobierno;Concepcion;Concepcion;Concepcion @;JURPMICO;Partido
1773;1786;Alcaldia Mayor;Vallecillo;Vallecillo, Sabinas y La Iguana;Vallecillo @;JUGDNLVA;Jurisdiccion
1773;1786;Alcaldia Mayor;Vallecillo;Vallecillo, Sabinas y La Iguana;Vallecillo @;JUGDNLVA;Partido
1773;1787;Alcaldia Mayor*;Cerro Gordo;Cerro Gordo;Cerro Gordo @;JUGDDUCG;Jurisdiccion
1773;1787;Alcaldia Mayor*;Cerro Gordo;Cerro Gordo;Cerro Gordo @;JUGDDUCG;Partido
1773;1791;Alcaldia Mayor;Tomatlan;Tomatlan;Tomatlan @ Purificacion;JUGDGDTO;Jurisdiccion
1773;1791;Alcaldia Mayor;Tomatlan;Tomatlan;Tomatlan @ Purificacion;JUGDGDTO;Partido
1773;1791;Alcaldia Mayor;Tomatlan;Tomatlan;Tomatlan @ Purificacion;JUGDGDTO;Provincia_menor
1773;1808;Capitania a Guerra;Yolombo;Yolombo y Cancan;Yolombo y Cancan @;PTNGANYO;Partido
1773;1808;Partido;Luya y Chillaos;Luya y Chillaos;Luya y Chillaos @;JUPETRLU;Partido
1773;1808;Presidio;El Norte;El Norte;Junta de los Rios @;PTGDDUPJ;Jurisdiccion
1773;1808;Presidio;El Norte;El Norte;Junta de los Rios @;PTGDDUPJ;Partido
1773;9999;Partido;La Iguana;La Iguana;La Iguana @ San Antonio de la Iguana;JUGDNLIG;Partido
1773;9999;Partido politico;Cangrejos;Cangrejos;Cangrejos @ Ribera de Cangrejos;PTSDPRCJ;Jurisdiccion
1773;9999;Partido politico;Cangrejos;Cangrejos;Cangrejos @ Ribera de Cangrejos;PTSDPRCJ;Partido
1773;9999;Partido politico;Cayey;Cayey;Cayey @;PTSDPRCY;Jurisdiccion
1773;9999;Partido politico;Cayey;Cayey;Cayey @;PTSDPRCY;Partido
1774;1787;Alcaldia Mayor;Guajoquilla;Guajoquilla;Guajoquilla @ La Ramada @ San Antonio de la Ramada @ Santo Cristo de Burgos @ Guaxuquilla @ Guejuquilla @ Guajuquilla @ Guaxoquilla @ Huajoquilla @ Huaxoquilla @ Huajuquilla @ Huajoquilla;JUGDDUGQ;Jurisdiccion
1774;1787;Alcaldia Mayor;Guajoquilla;Guajoquilla;Guajoquilla @ La Ramada @ San Antonio de la Ramada @ Santo Cristo de Burgos @ Guaxuquilla @ Guejuquilla @ Guajuquilla @ Guaxoquilla @ Huajoquilla @ Huaxoquilla @ Huajuquilla @ Huajoquilla;JUGDDUGQ;Partido
1774;1794;Tenencia de gobierno;La Maguana;San Juan de la Maguana;La Maguana @ San Juan de la Maguana @ Valle de San Juan;JUSDSDLM;Partido
1774;1808;Comandancia;Malvinas;Malvinas;Malvinas @;JURPMAMA;Jurisdiccion
1774;1808;Comandancia;Malvinas;Malvinas;Malvinas @;JURPMAMA;Partido
1774;1808;Corregimiento;Chami;Chami;Tatama @ Chami;JMNGCHCH;Partido
1774;1808;Marquesado;Guiza;Guiza;Marquesado de Guiza @ Guisa @ San Jose de Guiza;SESDGU00;Senorio
1774;1808;Partido;Baru;Baru;Baru @ Pasacaballos @ Turbana @ Bocachica-Baru @ El Partido desde Arjona, Turbaco hasta la Bahia;PTNGCABA;Partido
1774;1808;Partido;Cochiti;Cochiti;Cochiti @;JUGDNMCO;Partido
1774;1808;Partido;Filipinas;Filipinas;Filipinas @ Nueva Filipina @ Pinar del Rio @ Pinal del Rio;PTSDFIFI;Partido
1774;1808;Presidio;El Principe;El Principe;Principe @ Presidio Principe @ El Principe @ Coyame;PTGDDUPR;Jurisdiccion
1774;1808;Presidio;El Principe;El Principe;Principe @ Presidio Principe @ El Principe @ Coyame;PTGDDUPR;Partido
1774;1808;Presidio;San Carlos;San Carlos;San Carlos @ Presidio San Carlos;PTGDDUCA;Jurisdiccion
1774;1808;Presidio;San Elizario;San Elizario;San Elizario @ Presidio San Elizario;PTGDDUEL;Jurisdiccion
1774;1808;Presidio;San Elizario;San Elizario;San Elizario @ Presidio San Elizario;PTGDDUEL;Partido
1774;1808;Tenencia de gobierno;Filipinas;Filipinas;Filipinas @ Nueva Filipina @ Pinar del Rio @ Pinal del Rio;JUSDLHFI;Jurisdiccion
1775;1778;Partido;La Vega;La Vega;Vega Baja @ Vegas @ La Vega @ Ribera de La Vega;PTSDPRVB;Partido
1775;1779;Comandancia;Terrenate;Terrenate;Santa Cruz @ Suanca @ Terrenate;PMGDSSSC;Partido
1775;1779;Partido;Aguadilla;Aguadilla;Aguadilla @;PTSDPRAA;Partido
1775;1783;Partido;Horcasitas;San Miguel de Horcasitas;Horcasitas @ Pitic @ San Miguel de Horcasitas;PMGDSSHO;Partido
1775;1786;Colonia inglesa;Isla de San Andres;Isla de San Andres;isla de San Andres @ Isla de San Andres y Costa de Mosquitos;JUGUGUIS;Jurisdiccion
1775;1786;Colonia inglesa;Isla de San Andres;Isla de San Andres;isla de San Andres @ Isla de San Andres y Costa de Mosquitos;JUGUGUIS;Partido
1775;1786;Partido;Arizpe;Arizpe;Opateria @ Sonora;PTGDSSSO;Partido
1775;1789;Tenencia de subdelegacion;San Marcial;San Marcial;Aigame @ Real de Aigame @ Pimeria Baja;JUGDSSAI;Jurisdiccion
1775;1789;Tenencia de subdelegacion;San Marcial;San Marcial;Aigame @ Real de Aigame @ Pimeria Baja;JUGDSSAI;Partido
1775;1808;Comandancia;Altar;Altar;Altar @;PMGDSSAL;Partido
1775;1808;Corregimiento;Choconta;Choconta;Guatavita @ Choconta;JUNGSFGV;Partido
1775;1808;Corregimiento;Medina;Medina;Medina @;JUNGLLME;Partido
1775;1808;Gobernacion;Macas;Macas;Macas @ Sevilla de Oro;JUQUMCMC;Jurisdiccion
1775;1808;Gobernacion;Macas;Macas;Macas @ Sevilla de Oro;JUQUMCMC;Provincia
1775;1808;Gobernacion;Macas;Macas;Macas @ Sevilla de Oro;JUQUMCMC;Provincia_menor
1775;1808;Gobernacion;Quijos;Quijos;Quijos @ Quijos y Macas @ Quijos, Zumaco y la Canela;PRQUQJ00;Provincia
1775;1808;Gobernacion;Quijos;Quijos;Quijos @ Quijos y Macas @ Quijos, Zumaco y la Canela;PRQUQJ00;Provincia_menor
1775;1808;Partido;Batuco;Batuco;Batuco @ Batuc @ Tepache;PMGDSSBT;Partido
1775;1808;Partido;Cucurpe;Cucurpe;Cucurpe @;PMGDSSCU;Partido
1775;1808;Partido;Matape;Matape;Matape @;PMGDSSMA;Partido
1775;1808;Partido;Nacameri;Nacameri;Nacameri @ Opodepe;PMGDSSNA;Partido
1775;1808;Partido;Oposura;Oposura;Oposura @;PMGDSSOP;Partido
1775;1808;Partido;San Antonio de la Huerta;San Antonio de la Huerta;San Antonio de la Huerta @ San Antonio de las Huertas;PMGDSSHU;Partido
1775;1808;Partido;Santa Ana;Santa Ana;Santa Ana @ San Ignacio @ Imuris @ Ymuris;PMGDSSSA;Partido
1775;1808;Partido;Ures;Ures;Ures @ San Jose de Gracia;PMGDSSUR;Partido
1775;1808;Partido;Valle de Sonora;Valle de Sonora;Valle de Sonora @ Motepore @ Real de San Antonio;PMGDSSVS;Partido
1775;9999;Partido politico;Caguas;Caguas;Caguas @;PTSDPRCG;Jurisdiccion
1775;9999;Partido politico;Caguas;Caguas;Caguas @;PTSDPRCG;Partido
1776;1777;Corregimiento;La Pileta;La Pileta;Tolu y Sabanas @ Tolu y sabanas @ Tolu y sus sabanas @ La Pileta;PTNGCAST;Jurisdiccion
1776;1777;Corregimiento;La Pileta;La Pileta;Tolu y Sabanas @ Tolu y sabanas @ Tolu y sus sabanas @ La Pileta;PTNGCAST;Partido
1776;1777;Corregimiento;Mompox;Mompox;Mompox @ Mompos;JUNGCAMO;Jurisdiccion
1776;1777;Corregimiento;Mompox;Mompox;Mompox @ Mompos;JUNGCAMO;Partido
1776;1777;Corregimiento;Mompox;Mompox;Mompox @ Mompos;JUNGCAMO;Provincia_menor
1776;1778;Partido;La Pileta;La Pileta;Corozal @ Corrozal @ La Pileta;PTNGCACO;Partido
1776;1786;Comandancia General;Provincias Internas;Provincias Internas;Provincias Internas @;CGPI0000;Principal
1776;1786;Partido;Iguala;Iguala;Iguala @ Ihuala @ Yguala @ Tepecocuilco;JUNEMXIG;Partido
1776;1793;Partido;Santo Tomas;Santo Tomas;Santo Tomas @ Villanueva;PMNGCAST;Partido
1776;1803;Misiones;Yuracarees;Yuracarees;Yuracarees @;MICCCBYU;Partido
1776;1805;Corregimiento;Pevarando;Pevarando;Pabarando @ Guirior @ Pebarando @ Pavarando @ San Manuel de Villanueva de Guirior de Pavarando;JMNGCHGU;Partido
1776;1808;Corregimiento;Baudo;Baudo;Baudo @;JMNGCHBA;Partido
1776;1808;Corregimiento;Murri;Murri;Murri @ Murry;JMNGCHMU;Partido
1776;1808;Corregimiento;Tamara;Tamara;Tamara @;PTNGLLTA;Partido
1776;1808;Misiones;Chiriguanos;Chiriguanos;Chiriguanos @ Rio Grande @ Cordillera de los Chiriguanos;MICCCBCG;Partido
1776;1808;Virreinato;Rio de la Plata;Rio de la Plata;Rio de la Plata @ Rio Plata;SURP0000;Principal
1776;1808;Virreinato;Rio de la Plata;Rio de la Plata;Rio de la Plata @ Rio Plata;SURP0000;Virreinato
1776;9999;Republica;Estados Unidos;Estados Unidos;Estados Unidos @ Boston @ America;EXUS0000;Extranjero
1777;1777;Intendencia;Buenos Aires;Buenos Aires;Buenos Aires @ Rio de la Plata;INRPBA00;Intendencia
1777;1777;Territorio ocupado;Isla Catalina;Isla Catalina;Isla Catalina @ Isla Catarina;JURPBOIC;Jurisdiccion
1777;1777;Territorio ocupado;Isla Catalina;Isla Catalina;Isla Catalina @ Isla Catarina;JURPBOIC;Partido
1777;1777;Territorio ocupado;Isla Catalina;Isla Catalina;Isla Catalina @ Isla Catarina;JURPBOIC;Provincia_menor
1777;1778;Gobernacion-Intendencia;Sinaloa y Sonora;Sinaloa y Sonora;Sinaloa y Sonora @ Arizpe;PRGDSS00;Intendencia
1777;1778;Gobernacion-Intendencia;Sinaloa y Sonora;Sinaloa y Sonora;Sinaloa y Sonora @ Arizpe;PRGDSS00;Provincia
1777;1778;Gobernacion-Intendencia;Sinaloa y Sonora;Sinaloa y Sonora;Sinaloa y Sonora @ Arizpe;PRGDSS00;Provincia_mayor
1777;1786;Intendencia;Caracas;Caracas;Caracas @ Venezuela;INVECA00;Intendencia
1777;1787;Alcaldia Mayor; San Joaquin; San Joaquin de los Arrieros;San Joaquin de los Arrieros @;JUGDDUJA;Jurisdiccion
1777;1787;Alcaldia Mayor; San Joaquin; San Joaquin de los Arrieros;San Joaquin de los Arrieros @;JUGDDUJA;Partido
1777;1787;Alcaldia Mayor;Real del Oro;Real del Oro;Real del Oro @;JUGDDURO;Jurisdiccion
1777;1787;Alcaldia Mayor;Real del Oro;Real del Oro;Real del Oro @;JUGDDURO;Partido
1777;1787;Alcaldia Mayor;San Juan Nepomuceno;San Juan Nepomuceno;San Juan Nepomuceno @ Nabogame y Baborigame @ Sierra Tepehuana;JUGDDUNP;Jurisdiccion
1777;1787;Alcaldia Mayor;San Juan Nepomuceno;San Juan Nepomuceno;San Juan Nepomuceno @ Nabogame y Baborigame @ Sierra Tepehuana;JUGDDUNP;Partido
1777;1787;Alcaldia Mayor;Topago;Topago;Topago @ Urique @ Guazapares;JUGDDUTO;Jurisdiccion
1777;1787;Alcaldia Mayor;Topago;Topago;Topago @ Urique @ Guazapares;JUGDDUTO;Partido
1777;1791;Alcaldia Mayor;Guachinango;Guachinango;Guachinango @ Huachinango @ Guachinango y Mascota @ Mascota;JUGDGDGN;Jurisdiccion
1777;1791;Alcaldia Mayor;Guachinango;Guachinango;Guachinango @ Huachinango @ Guachinango y Mascota @ Mascota;JUGDGDGN;Partido
1777;1791;Alcaldia Mayor;Guachinango;Guachinango;Guachinango @ Huachinango @ Guachinango y Mascota @ Mascota;JUGDGDGN;Provincia_menor
1777;1791;Gobernacion;Cumana;Cumana;Cumana @ Nueva Andalucia;PRVECU00;Provincia
1777;1791;Gobernacion;Cumana;Cumana;Cumana @ Nueva Andalucia;PRVECU00;Provincia_menor
1777;1792;Gobernacion-Intendencia;Cuenca;Cuenca;Cuenca @;PRQUCU00;Intendencia
1777;1792;Gobernacion-Intendencia;Cuenca;Cuenca;Cuenca @;PRQUCU00;Jurisdiccion
1777;1792;Gobernacion-Intendencia;Cuenca;Cuenca;Cuenca @;PRQUCU00;Provincia
1777;1792;Gobernacion-Intendencia;Cuenca;Cuenca;Cuenca @;PRQUCU00;Provincia_menor
1777;1795;Alcaldia Mayor*;El Gallo;El Gallo;El Gallo @ San Pedro del Gallo;JUGDDUEG;Jurisdiccion
1777;1795;Alcaldia Mayor*;El Gallo;El Gallo;El Gallo @ San Pedro del Gallo;JUGDDUEG;Partido
1777;1798;Partido;Real de Inde;Real de Inde;Inde @ Minas de Inde @ Real de Inde @ Indee @ Indehe @ Yndehee @ Ynde @ Yndhe @ Chindea;JUGDDUIN;Partido
1777;1803;Departamento;El Norte;El Norte;Departamento del Norte @;JUNECLDN;Partido
1777;1803;Provincia;California Nueva;California Nueva;California Alta @ California Nueva;JUNECLCN;Jurisdiccion
1777;1803;Provincia;California Nueva;California Nueva;California Alta @ California Nueva;JUNECLCN;Partido
1777;1808;Capitania General;Venezuela;Venezuela;Venezuela @ Caracas;CGVE0000;Principal
1777;1808;Capitania General;Venezuela;Venezuela;Venezuela @ Caracas;CGVE0000;Provincia_mayor
1777;1808;Comandancia;Colonia;Colonia;Colonia @ Colonia del Sacramento;PTRPBOCO;Partido
1777;1808;Corregimiento;Meta;Meta;Meta @;PTNGLLME;Partido
1777;1808;Departamento;El Sur;El Sur;Departamento del Sur @;JUNECLDS;Partido
1777;1808;Gobernacion;Caracas;Caracas;Caracas @ Venezuela;PRVECA00;Provincia
1777;1808;Gobernacion;Caracas;Caracas;Caracas @ Venezuela;PRVECA00;Provincia_menor
1777;1808;Gobernacion;Chiquitos;Chiquitos;Chiquitos @;JUCCCBCH;Jurisdiccion
1777;1808;Gobernacion;Chiquitos;Chiquitos;Chiquitos @;JUCCCBCH;Partido
1777;1808;Gobernacion;Chiquitos;Chiquitos;Chiquitos @;JUCCCBCH;Provincia
1777;1808;Gobernacion;Chiquitos;Chiquitos;Chiquitos @;JUCCCBCH;Provincia_menor
1777;1808;Gobernacion;Isla Margarita;Isla Margarita;Margarita @ Isla Margarita;PRVEIM00;Jurisdiccion
1777;1808;Gobernacion;Isla Margarita;Isla Margarita;Margarita @ Isla Margarita;PRVEIM00;Partido
1777;1808;Gobernacion;Isla Margarita;Isla Margarita;Margarita @ Isla Margarita;PRVEIM00;Provincia
1777;1808;Gobernacion;Isla Margarita;Isla Margarita;Margarita @ Isla Margarita;PRVEIM00;Provincia_menor
1777;1808;Gobernacion;Moxos;Moxos;Moxos @;JUCCCBMO;Jurisdiccion
1777;1808;Gobernacion;Moxos;Moxos;Moxos @;JUCCCBMO;Provincia
1777;1808;Gobernacion;Moxos;Moxos;Moxos @;JUCCCBMO;Provincia_menor
1777;1808;Gobernacion;Nuevo Leon;Nuevo Leon;Nuevo Leon @;PRGDNL00;Provincia
1777;1808;Gobernacion;Nuevo Leon;Nuevo Leon;Nuevo Leon @;PRGDNL00;Provincia_mayor
1777;1808;Gobernacion;Nuevo Leon;Nuevo Leon;Nuevo Leon @;PRGDNL00;Provincia_menor
1777;1808;Gobernacion;Nuevo Mexico;Nuevo Mexico;Nuevo Mexico @;PRGDNM00;Provincia
1777;1808;Gobernacion;Nuevo Mexico;Nuevo Mexico;Nuevo Mexico @;PRGDNM00;Provincia_mayor
1777;1808;Gobernacion;Nuevo Mexico;Nuevo Mexico;Nuevo Mexico @;PRGDNM00;Provincia_menor
1777;1808;Jurisdiccion;Candela;San Carlos de Candela;Candela @ San Bernardino de la Candela @ San Carlos de la Candela;PMGDCOCA;Jurisdiccion
1777;1808;Jurisdiccion;Candela;San Carlos de Candela;Candela @ San Bernardino de la Candela @ San Carlos de la Candela;PMGDCOCA;Partido
1777;1808;Partido;Arroyo de la China;Arroyo de la China;Arroyo de la China @ Concepcion;PMRPERAC;Partido
1777;1808;Partido;Gualeguay;Gualeguay;Gualeguay @;PMRPERGY;Partido
1777;1808;Partido;Gualeguaychu;Gualeguaychu;Gualeguaychu @;PMRPERGU;Partido
1777;1808;Partido;La Bajada;La Bajada;La Bajada @ Parana;PMRPERLB;Partido
1777;1808;Partido;Nogoya;Nogoya;Nogoya @;PMRPERNO;Partido
1777;1808;Partido;Sitio Nuevo;Sitio Nuevo;Sitio Nuevo @;PTNGSMSN;Partido
1777;1808;Territorio neutral;;Territorio neutral;Neutral @;XXXXXXNE;Extranjero
1778;1783;Intendencia-Superintendencia;Buenos Aires;Buenos Aires;Buenos Aires @ Rio de la Plata;INRPBA00;Intendencia
1778;1786;Partido;Subtiava;Subtiava;Subtiava @ Sutiaba @ Quetzalguaque @ Cazalagua y Pozoltega;JUGUNISU;Partido
1778;1793;Jurisdiccion;Mompox;Mompox;Mompox @ Mompos;JUNGCAMO;Jurisdiccion
1778;1793;Jurisdiccion;Mompox;Mompox;Mompox @ Mompos;JUNGCAMO;Partido
1778;1808;Partido;San Antonio de Bucareli;San Antonio de Bucareli;Valle de San Buenaventura @ San Antonio de Bucareli @ Nadadores;PMGDCOSB;Jurisdiccion
1778;1808;Partido;San Antonio de Bucareli;San Antonio de Bucareli;Valle de San Buenaventura @ San Antonio de Bucareli @ Nadadores;PMGDCOSB;Partido
1778;1808;Partido;Tolu y Sabanas;Tolu y Sabanas;Tolu y Sabanas @ Tolu y sabanas @ Tolu y sus sabanas @ La Pileta;PTNGCAST;Jurisdiccion
1778;1808;Partido;Tolu y Sabanas;Tolu y Sabanas;Tolu y Sabanas @ Tolu y sabanas @ Tolu y sus sabanas @ La Pileta;PTNGCAST;Partido
1778;1808;Presidio;Namiquipa;Namiquipa;Namiquipa @;PTGDDUNA;Jurisdiccion
1778;1808;Presidio;Namiquipa;Namiquipa;Namiquipa @;PTGDDUNA;Partido
1778;1808;Tenencia a Guerra;Isla de Pinos;Isla de Pinos;Isla de Pinos @;PTSDLHPI;Partido
1779;1786;Alcaldia Mayor;Teotitlan Del Camino;Teotitlan Del Camino;Cuicatlan @ Cuicatlan y Papaloticpac @ Cuicatlan y Teotitlan @ Teotitlan Del Camino @ Ciucatlan;JUNEOATC;Jurisdiccion
1779;1786;Alcaldia Mayor;Teotitlan Del Camino;Teotitlan Del Camino;Cuicatlan @ Cuicatlan y Papaloticpac @ Cuicatlan y Teotitlan @ Teotitlan Del Camino @ Ciucatlan;JUNEOATC;Partido
1779;1786;Alcaldia Mayor;Teotitlan Del Camino;Teotitlan Del Camino;Cuicatlan @ Cuicatlan y Papaloticpac @ Cuicatlan y Teotitlan @ Teotitlan Del Camino @ Ciucatlan;JUNEOATC;Provincia_menor
1779;1786;Superintendencia;Patagones;Establecimientos Patagonicos;Patagones @;JURPPGPG;Jurisdiccion
1779;1786;Superintendencia;Patagones;Establecimientos Patagonicos;Patagones @;JURPPGPG;Partido
1779;1786;Superintendencia;Patagones;Establecimientos Patagonicos;Patagones @;JURPPGPG;Provincia
1779;1786;Superintendencia;Patagones;Establecimientos Patagonicos;Patagones @;JURPPGPG;Provincia_menor
1779;1798;Partido politico;La Vega;La Vega;Vega Baja @ Vegas @ La Vega @ Ribera de La Vega;PTSDPRVB;Jurisdiccion
1779;1798;Partido politico;La Vega;La Vega;Vega Baja @ Vegas @ La Vega @ Ribera de La Vega;PTSDPRVB;Partido
1779;1808;Capitania a Guerra;Corozal;Corozal;Corozal @ Corrozal @ La Pileta;PTNGCACO;Partido
1779;1808;Comandancia;Bavispe;Bavispe;Bavispe @;PMGDSSBP;Partido
1779;1808;Gobernacion;Bacalar;Bacalar;Bacalar @ Salamanca y Presidio de Bacalar;JUNEYUBC;Jurisdiccion
1779;1808;Gobernacion;Bacalar;Bacalar;Bacalar @ Salamanca y Presidio de Bacalar;JUNEYUBC;Partido
1779;1808;Gobernacion-Intendencia;Arizpe;Arizpe;Sinaloa y Sonora @ Arizpe;PRGDSS00;Intendencia
1779;1808;Gobernacion-Intendencia;Arizpe;Arizpe;Sinaloa y Sonora @ Arizpe;PRGDSS00;Provincia
1779;1808;Gobernacion-Intendencia;Arizpe;Arizpe;Sinaloa y Sonora @ Arizpe;PRGDSS00;Provincia_mayor
1779;1808;Gobernacion-Intendencia;Arizpe;Arizpe;Sinaloa y Sonora @ Arizpe;PRGDSS00;Provincia_menor
1779;1808;Obispado;Monterrey;Monterrey;Monterrey @ Nuevo Leon @ Linares;OBGDMO00;Obispado
1779;1808;Tenencia de gobierno-Presidio;Nacogdoches;Nacogdoches;Nacogdoches @ Adaes @ Pilar @ Texas;PMGDTXNA;Jurisdiccion
1779;1808;Tenencia de gobierno-Presidio;Nacogdoches;Nacogdoches;Nacogdoches @ Adaes @ Pilar @ Texas;PMGDTXNA;Partido
1779;9999;Partido;Villa Vieja;Villa Vieja;Villa Vieja @;PTGUCRVV;Partido
1780;1783;Corregimiento;Chulumani;Chulumani;Chulumani @ Yungas;JUCCLPCH;Jurisdiccion
1780;1783;Corregimiento;Chulumani;Chulumani;Chulumani @ Yungas;JUCCLPCH;Partido
1780;1783;Corregimiento;Chulumani;Chulumani;Chulumani @ Yungas;JUCCLPCH;Provincia_menor
1780;1786;Alcaldia Mayor;Motines;Motines;Motines @ Motines del Oro @ Coahuayana @ Coahuayana @ Coayaguana;JUNEMIMO;Partido
1780;1786;Partido;Taos;Taos;Taos @ Tewas @ Tiwas @ Tihuas @ Teguas @ Tehuas @ Tiguas @ Thaos @ Taos y Picuries;JUGDNMTA;Jurisdiccion
1780;1786;Partido;Taos;Taos;Taos @ Tewas @ Tiwas @ Tihuas @ Teguas @ Tehuas @ Tiguas @ Thaos @ Taos y Picuries;JUGDNMTA;Partido
1780;1788;Gobernacion;Luisiana;Luisiana;Luisiana @ La Luisiana @ Natchez y la Luisiana;PRSDLU00;Provincia
1780;1788;Gobernacion;Luisiana;Luisiana;Luisiana @ La Luisiana @ Natchez y la Luisiana;PRSDLU00;Provincia_menor
1780;1788;Intendencia;Luisiana;Luisiana;Luisiana @;INSDLU00;Intendencia
1780;1793;Misiones;Cuiloto;Cuiloto;Arauca @ Cuiloto;PTNGLLAR;Partido
1780;1808;Comandancia;Santa Cruz;Santa Cruz;Santa Cruz @ Suanca @ Terrenate;PMGDSSSC;Partido
1780;9999;Partido politico;Aguadilla;Aguadilla;Aguadilla @;PTSDPRAA;Jurisdiccion
1780;9999;Partido politico;Aguadilla;Aguadilla;Aguadilla @;PTSDPRAA;Partido
1781;1783;Corregimiento;Vilcabamba;Vilcabamba;Vilcabamba @;JUPECUVI;Jurisdiccion
1781;1783;Corregimiento;Vilcabamba;Vilcabamba;Vilcabamba @;JUPECUVI;Partido
1781;1783;Corregimiento;Vilcabamba;Vilcabamba;Vilcabamba @;JUPECUVI;Provincia_menor
1781;1787;Partido;Jaso y Teremendo;Jaso y Teremendo;Jaso y Teremendo @ Xasoteremendo @ Xaso y Teremendo @ Jasso y Teremendo @ Xazo y Teremendo @ Jasoteremendo;JUNEMIJT;Partido
1781;1808;Gobernacion;Florida occidental;Florida occidental;Florida occidental @ Pensacola @ Penzacola;JUSDFLFW;Jurisdiccion
1781;1808;Gobernacion;Florida occidental;Florida occidental;Florida occidental @ Pensacola @ Penzacola;JUSDFLFW;Partido
1781;1808;Gobernacion;Florida occidental;Florida occidental;Florida occidental @ Pensacola @ Penzacola;JUSDFLFW;Provincia_menor
1781;1808;Tenencia de gobierno;San Fernando de Austria;San Fernando de Austria;San Fernando de Austria @ Aguaverde;PMGDCOSF;Jurisdiccion
1781;1808;Tenencia de gobierno;San Fernando de Austria;San Fernando de Austria;San Fernando de Austria @ Aguaverde;PMGDCOSF;Partido
1781;9999;Partido politico;Humacao;Humacao;Humacado @ Humacao @ Piedras;PTSDPRHU;Jurisdiccion
1781;9999;Partido politico;Humacao;Humacao;Humacado @ Humacao @ Piedras;PTSDPRHU;Partido
1782;1782;Territorio ocupado;Bahamas;Bahamas;Bahamas @;PTSDLHBA;Jurisdiccion
1782;1782;Territorio ocupado;Bahamas;Bahamas;Bahamas @;PTSDLHBA;Partido
1782;1789;Alcaldia Mayor*;Pecos;Pecos;Galisteo @ Pecos @ Galisteo y Pecos;JUGDNMGA;Partido
1782;1808;Comandancia General;Entrerrios;Partidos de Entrerrios;Entrerrios @;JURPBAER;Jurisdiccion
1782;1808;Partido;Monterey;Monterey;Monterey @;PTNECLMO;Partido
1782;1808;Partido;San Diego;San Diego;San Diego @;PTNECLSD;Partido
1782;1808;Partido;San Francisco;San Francisco;San Francisco @;PTNECLSF;Partido
1782;1808;Partido;Santa Barbara;Santa Barbara;Santa Barbara @;PTNECLSB;Partido
1782;9999;Corregimiento;Paeces;Paeces;Paez @ Paeces @ Guanacas;JUQUPOPZ;Jurisdiccion
1782;9999;Corregimiento;Paeces;Paeces;Paez @ Paeces @ Guanacas;JUQUPOPZ;Partido
1782;9999;Partido;Alajuela;Alajuela;Alajuela @;PTGUCRAL;Partido
1783;1796;Fronteras;Yazoo;La Florida;Yazoo @;PTSDFLYA;Fronteras
1783;1796;Fronteras;Yazoo;La Florida;Yazoo @;PTSDFLYA;Partido
1783;1803;Gobernacion;Florida oriental;Florida oriental;Florida @ Ambas Floridas y resto de la Luisiana @ Las Floridas;PRSDFL00;Provincia_menor
1783;1808;Comandancia;Apalache;San Marcos de Apalache;San Marcos de Apalache @;PTSDFLAP;Partido
1783;1808;Gobernacion;Tabasco;Tabasco;Tabasco @;JUNETBTB;Jurisdiccion
1783;1808;Gobernacion;Tabasco;Tabasco;Tabasco @;JUNETBTB;Provincia
1783;1808;Gobernacion;Tabasco;Tabasco;Tabasco @;JUNETBTB;Provincia_mayor
1783;1808;Gobernacion;Tabasco;Tabasco;Tabasco @;JUNETBTB;Provincia_menor
1783;1808;Gobernacion Politico-Militar;Huarochiri;Huarochiri;Huarochiri @ Guaruquiri;JUPELIHU;Jurisdiccion
1783;1808;Gobernacion Politico-Militar;Huarochiri;Huarochiri;Huarochiri @ Guaruquiri;JUPELIHU;Partido
1783;1808;Gobernacion Politico-Militar;Huarochiri;Huarochiri;Huarochiri @ Guaruquiri;JUPELIHU;Provincia_menor
1783;1808;Obispado;Sonora;Sonora;Sonora @;OBGDSO00;Obispado
1783;1808;Provincia;Florida oriental;Florida oriental;Florida oriental @ San Agustin @ Presidio de San Agustin;JUSDFLFE;Jurisdiccion
1783;1808;Provincia;Florida oriental;Florida oriental;Florida oriental @ San Agustin @ Presidio de San Agustin;JUSDFLFE;Partido
1783;1808;Provincia;Florida oriental;Florida oriental;Florida oriental @ San Agustin @ Presidio de San Agustin;JUSDFLFE;Provincia_menor
1783;1808;Tenencia de gobierno;Machala;Machala;Machala @;JUQUGQMA;Jurisdiccion
1783;1808;Tenencia de gobierno;Machala;Machala;Machala @;JUQUGQMA;Partido
1784;1784;Subdelegacion;Tarija;Chichas y Tarija;Tarija @ Chichas y Tarija;JUCCPOTA;Jurisdiccion
1784;1784;Subdelegacion;Tarija;Chichas y Tarija;Tarija @ Chichas y Tarija;JUCCPOTA;Partido
1784;1785;Partido;Maldonado;Maldonado;Maldonado @;PTRPBOMA;Partido
1784;1786;Alcaldia Mayor;Tetela del Volcan;Tetela del Volcan;Tetela del Volcan @;JUNEMXTT;Partido
1784;1788;Gobernacion-Intendencia;Chiloe;Chiloe;Chiloe @ Castro;PRCHCH00;Intendencia
1784;1788;Gobernacion-Intendencia;Chiloe;Chiloe;Chiloe @ Castro;PRCHCH00;Jurisdiccion
1784;1788;Gobernacion-Intendencia;Chiloe;Chiloe;Chiloe @ Castro;PRCHCH00;Provincia
1784;1788;Gobernacion-Intendencia;Chiloe;Chiloe;Chiloe @ Castro;PRCHCH00;Provincia_mayor
1784;1788;Gobernacion-Intendencia;Chiloe;Chiloe;Chiloe @ Castro;PRCHCH00;Provincia_menor
1784;1808;Comandancia;Bacoachi;Bacoachi;Bacoachi @;PMGDSSBA;Partido
1784;1808;Gobernacion Politico-Militar;Montevideo;Montevideo;Montevideo @ Uruguay;JURPBOMV;Jurisdiccion
1784;1808;Gobernacion Politico-Militar;Montevideo;Montevideo;Montevideo @ Uruguay;JURPBOMV;Partido
1784;1808;Gobernacion Politico-Militar;Montevideo;Montevideo;Montevideo @ Uruguay;JURPBOMV;Provincia
1784;1808;Gobernacion Politico-Militar;Montevideo;Montevideo;Montevideo @ Uruguay;JURPBOMV;Provincia_menor
1784;1808;Gobernacion-Capitania General-Intendencia;Puerto Rico;Puerto Rico;Puerto Rico @;PRSDPR00;Intendencia
1784;1808;Gobernacion-Capitania General-Intendencia;Puerto Rico;Puerto Rico;Puerto Rico @;PRSDPR00;Principal
1784;1808;Gobernacion-Capitania General-Intendencia;Puerto Rico;Puerto Rico;Puerto Rico @;PRSDPR00;Provincia
1784;1808;Gobernacion-Capitania General-Intendencia;Puerto Rico;Puerto Rico;Puerto Rico @;PRSDPR00;Provincia_mayor
1784;1808;Gobernacion-Capitania General-Intendencia;Puerto Rico;Puerto Rico;Puerto Rico @;PRSDPR00;Provincia_menor
1784;1808;Gobernacion-Intendencia;Arequipa;Arequipa;Arequipa @;PRPEAR00;Intendencia
1784;1808;Gobernacion-Intendencia;Arequipa;Arequipa;Arequipa @;PRPEAR00;Provincia
1784;1808;Gobernacion-Intendencia;Arequipa;Arequipa;Arequipa @;PRPEAR00;Provincia_mayor
1784;1808;Gobernacion-Intendencia;Arequipa;Arequipa;Arequipa @;PRPEAR00;Provincia_menor
1784;1808;Gobernacion-Intendencia;Buenos Aires;Buenos Aires;Buenos Aires @ Rio de la Plata;PRRPBA00;Intendencia
1784;1808;Gobernacion-Intendencia;Buenos Aires;Buenos Aires;Buenos Aires @ Rio de la Plata;PRRPBA00;Provincia
1784;1808;Gobernacion-Intendencia;Buenos Aires;Buenos Aires;Buenos Aires @ Rio de la Plata;PRRPBA00;Provincia_mayor
1784;1808;Gobernacion-Intendencia;Buenos Aires;Buenos Aires;Buenos Aires @ Rio de la Plata;PRRPBA00;Provincia_menor
1784;1808;Gobernacion-Intendencia;Chuquisaca;Chuquisaca;Charcas @ Chuquisaca;PRCCCC00;Intendencia
1784;1808;Gobernacion-Intendencia;Chuquisaca;Chuquisaca;Charcas @ Chuquisaca;PRCCCC00;Provincia
1784;1808;Gobernacion-Intendencia;Chuquisaca;Chuquisaca;Charcas @ Chuquisaca;PRCCCC00;Provincia_mayor
1784;1808;Gobernacion-Intendencia;Chuquisaca;Chuquisaca;Charcas @ Chuquisaca;PRCCCC00;Provincia_menor
1784;1808;Gobernacion-Intendencia;Cochabamba;Cochabamba;Cochabamba @;PRCCCB00;Intendencia
1784;1808;Gobernacion-Intendencia;Cochabamba;Cochabamba;Cochabamba @;PRCCCB00;Provincia
1784;1808;Gobernacion-Intendencia;Cochabamba;Cochabamba;Cochabamba @;PRCCCB00;Provincia_mayor
1784;1808;Gobernacion-Intendencia;Cochabamba;Cochabamba;Cochabamba @;PRCCCB00;Provincia_menor
1784;1808;Gobernacion-Intendencia;Cordoba;Cordoba;Cordoba @;PRRPCO00;Intendencia
1784;1808;Gobernacion-Intendencia;Cordoba;Cordoba;Cordoba @;PRRPCO00;Provincia
1784;1808;Gobernacion-Intendencia;Cordoba;Cordoba;Cordoba @;PRRPCO00;Provincia_mayor
1784;1808;Gobernacion-Intendencia;Cordoba;Cordoba;Cordoba @;PRRPCO00;Provincia_menor
1784;1808;Gobernacion-Intendencia;Cuzco;Cuzco;Cuzco @;PRPECU00;Intendencia
1784;1808;Gobernacion-Intendencia;Cuzco;Cuzco;Cuzco @;PRPECU00;Provincia
1784;1808;Gobernacion-Intendencia;Cuzco;Cuzco;Cuzco @;PRPECU00;Provincia_mayor
1784;1808;Gobernacion-Intendencia;Cuzco;Cuzco;Cuzco @;PRPECU00;Provincia_menor
1784;1808;Gobernacion-Intendencia;Huamanga;Huamanga;Huamanga @;PRPEHU00;Intendencia
1784;1808;Gobernacion-Intendencia;Huamanga;Huamanga;Huamanga @;PRPEHU00;Provincia
1784;1808;Gobernacion-Intendencia;Huamanga;Huamanga;Huamanga @;PRPEHU00;Provincia_mayor
1784;1808;Gobernacion-Intendencia;Huamanga;Huamanga;Huamanga @;PRPEHU00;Provincia_menor
1784;1808;Gobernacion-Intendencia;Huancavelica;Huancavelica;Huancavelica @;PRPEHV00;Intendencia
1784;1808;Gobernacion-Intendencia;Huancavelica;Huancavelica;Huancavelica @;PRPEHV00;Provincia
1784;1808;Gobernacion-Intendencia;Huancavelica;Huancavelica;Huancavelica @;PRPEHV00;Provincia_mayor
1784;1808;Gobernacion-Intendencia;Huancavelica;Huancavelica;Huancavelica @;PRPEHV00;Provincia_menor
1784;1808;Gobernacion-Intendencia;La Paz;La Paz;La Paz @;PRCCLP00;Intendencia
1784;1808;Gobernacion-Intendencia;La Paz;La Paz;La Paz @;PRCCLP00;Provincia
1784;1808;Gobernacion-Intendencia;La Paz;La Paz;La Paz @;PRCCLP00;Provincia_mayor
1784;1808;Gobernacion-Intendencia;La Paz;La Paz;La Paz @;PRCCLP00;Provincia_menor
1784;1808;Gobernacion-Intendencia;Lima;Lima;Lima @;PRPELI00;Intendencia
1784;1808;Gobernacion-Intendencia;Lima;Lima;Lima @;PRPELI00;Provincia
1784;1808;Gobernacion-Intendencia;Lima;Lima;Lima @;PRPELI00;Provincia_mayor
1784;1808;Gobernacion-Intendencia;Lima;Lima;Lima @;PRPELI00;Provincia_menor
1784;1808;Gobernacion-Intendencia;Paraguay;Paraguay;Paraguay @;PRRPPA00;Intendencia
1784;1808;Gobernacion-Intendencia;Paraguay;Paraguay;Paraguay @;PRRPPA00;Provincia
1784;1808;Gobernacion-Intendencia;Paraguay;Paraguay;Paraguay @;PRRPPA00;Provincia_mayor
1784;1808;Gobernacion-Intendencia;Paraguay;Paraguay;Paraguay @;PRRPPA00;Provincia_menor
1784;1808;Gobernacion-Intendencia;Potosi;Potosi;Potosi @ La Plata y Villa imperial;PRCCPO00;Intendencia
1784;1808;Gobernacion-Intendencia;Potosi;Potosi;Potosi @ La Plata y Villa imperial;PRCCPO00;Provincia
1784;1808;Gobernacion-Intendencia;Potosi;Potosi;Potosi @ La Plata y Villa imperial;PRCCPO00;Provincia_mayor
1784;1808;Gobernacion-Intendencia;Potosi;Potosi;Potosi @ La Plata y Villa imperial;PRCCPO00;Provincia_menor
1784;1808;Gobernacion-Intendencia;Puno;Puno;Puno @;PRCCPU00;Intendencia
1784;1808;Gobernacion-Intendencia;Puno;Puno;Puno @;PRCCPU00;Provincia
1784;1808;Gobernacion-Intendencia;Puno;Puno;Puno @;PRCCPU00;Provincia_mayor
1784;1808;Gobernacion-Intendencia;Puno;Puno;Puno @;PRCCPU00;Provincia_menor
1784;1808;Gobernacion-Intendencia;Salta;Salta;Salta @;PRRPSA00;Intendencia
1784;1808;Gobernacion-Intendencia;Salta;Salta;Salta @;PRRPSA00;Provincia
1784;1808;Gobernacion-Intendencia;Salta;Salta;Salta @;PRRPSA00;Provincia_mayor
1784;1808;Gobernacion-Intendencia;Salta;Salta;Salta @;PRRPSA00;Provincia_menor
1784;1808;Gobernacion-Intendencia;Tarma;Tarma;Tarma @;PRPETA00;Intendencia
1784;1808;Gobernacion-Intendencia;Tarma;Tarma;Tarma @;PRPETA00;Provincia
1784;1808;Gobernacion-Intendencia;Tarma;Tarma;Tarma @;PRPETA00;Provincia_mayor
1784;1808;Gobernacion-Intendencia;Tarma;Tarma;Tarma @;PRPETA00;Provincia_menor
1784;1808;Gobernacion-Intendencia;Trujillo;Trujillo;Trujillo @;PRPETR00;Intendencia
1784;1808;Gobernacion-Intendencia;Trujillo;Trujillo;Trujillo @;PRPETR00;Provincia
1784;1808;Gobernacion-Intendencia;Trujillo;Trujillo;Trujillo @;PRPETR00;Provincia_mayor
1784;1808;Gobernacion-Intendencia;Trujillo;Trujillo;Trujillo @;PRPETR00;Provincia_menor
1784;1808;Jurisdiccion;Chuquisaca;Chuquisaca;Chuquisaca @;JUCCCCCC;Jurisdiccion
1784;1808;Jurisdiccion;Chuquisaca;Chuquisaca;Chuquisaca @;JUCCCCCC;Partido
1784;1808;Jurisdiccion;Cochabamba;Cochabamba;Cochabamba @ Villa de Oropesa del Valle de Cochabamba;JUCCCBCB;Jurisdiccion
1784;1808;Jurisdiccion;Cochabamba;Cochabamba;Cochabamba @ Villa de Oropesa del Valle de Cochabamba;JUCCCBCB;Partido
1784;1808;Jurisdiccion;Huamanga;Huamanga;Huamanga @;JUPEHUHU;Jurisdiccion
1784;1808;Jurisdiccion;Huamanga;Huamanga;Huamanga @;JUPEHUHU;Partido
1784;1808;Jurisdiccion;La Paz;La Paz;La Paz @;JUCCLPLP;Jurisdiccion
1784;1808;Jurisdiccion;La Paz;La Paz;La Paz @;JUCCLPLP;Partido
1784;1808;Jurisdiccion;Potosi;Potosi;Potosi @ Villa imperial @ La Plata y Villa imperial;JUCCPOPO;Jurisdiccion
1784;1808;Jurisdiccion;Potosi;Potosi;Potosi @ Villa imperial @ La Plata y Villa imperial;JUCCPOPO;Partido
1784;1808;Misiones;Vitoc;Vitoc;Vitoc @ valle de Vitoc @ Conversiones de Tarma @ Misiones del Cerro de la Sal;MIPEOCVI;Partido
1784;1808;Obispado;Merida;Merida;Merida @;OBVEME00;Obispado
1784;1808;Partido;Pitic;Pitic;Horcasitas @ Pitic @ San Miguel de Horcasitas;PMGDSSHO;Partido
1784;1808;Partido;Vilcabamba;Vilcabamba;Vilcabamba @;JUPECUVI;Partido
1784;1808;Subdelegacion;Abancay;Abancay;Abancay @ Anta;JUPECUAB;Jurisdiccion
1784;1808;Subdelegacion;Abancay;Abancay;Abancay @ Anta;JUPECUAB;Partido
1784;1808;Subdelegacion;Anco;Anco;Anco @;JUPEHUAN;Jurisdiccion
1784;1808;Subdelegacion;Anco;Anco;Anco @;JUPEHUAN;Partido
1784;1808;Subdelegacion;Andahuaylas;Andahuaylas;Andahuaylas @;JUPEHUAH;Jurisdiccion
1784;1808;Subdelegacion;Andahuaylas;Andahuaylas;Andahuaylas @;JUPEHUAH;Partido
1784;1808;Subdelegacion;Angaraes;Angaraes;Angaraes @ Angaraes y Chocorvos;JUPEHVAN;Jurisdiccion
1784;1808;Subdelegacion;Angaraes;Angaraes;Angaraes @ Angaraes y Chocorvos;JUPEHVAN;Partido
1784;1808;Subdelegacion;Arequipa;Cercado de Arequipa;Arequipa @;JUPEARAR;Jurisdiccion
1784;1808;Subdelegacion;Arequipa;Cercado de Arequipa;Arequipa @;JUPEARAR;Partido
1784;1808;Subdelegacion;Arica;Arica;Arica @ San Marcos de Arica @ Ilo, Tarapacá y Arica;JUPEARAC;Jurisdiccion
1784;1808;Subdelegacion;Arica;Arica;Arica @ San Marcos de Arica @ Ilo, Tarapacá y Arica;JUPEARAC;Partido
1784;1808;Subdelegacion;Arque;Arque;Arque @;JUCCCBAR;Jurisdiccion
1784;1808;Subdelegacion;Arque;Arque;Arque @;JUCCCBAR;Partido
1784;1808;Subdelegacion;Atacama;Atacama;Atacama @ Atacama y Lipes @ Atacama, Lipez y Condes;JUCCPOAT;Jurisdiccion
1784;1808;Subdelegacion;Aymaraes;Aymaraes;Aymaraes @;JUPECUAY;Jurisdiccion
1784;1808;Subdelegacion;Aymaraes;Aymaraes;Aymaraes @;JUPECUAY;Partido
1784;1808;Subdelegacion;Ayopaya;Ayopaya;Ayopaya @ Palca @ Hayopaya;JUCCCBAY;Jurisdiccion
1784;1808;Subdelegacion;Ayopaya;Ayopaya;Ayopaya @ Palca @ Hayopaya;JUCCCBAY;Partido
1784;1808;Subdelegacion;Azangaro;Azangaro;Azangaro @ Azangaro y Asillo @ Collasuyo;JUCCPUAZ;Jurisdiccion
1784;1808;Subdelegacion;Azangaro;Azangaro;Azangaro @ Azangaro y Asillo @ Collasuyo;JUCCPUAZ;Partido
1784;1808;Subdelegacion;Cajamarca;Cajamarca;Cajamarca @;JUPETRCA;Jurisdiccion
1784;1808;Subdelegacion;Cajamarca;Cajamarca;Cajamarca @;JUPETRCA;Partido
1784;1808;Subdelegacion;Cajatambo;Cajatambo;Cajatambo @;JUPETACA;Jurisdiccion
1784;1808;Subdelegacion;Cajatambo;Cajatambo;Cajatambo @;JUPETACA;Partido
1784;1808;Subdelegacion;Calca y Lares;Calca y Lares;Calca y Lares @ Calcailares @ Yucay @ valle de Yucao;JUPECUCL;Jurisdiccion
1784;1808;Subdelegacion;Calca y Lares;Calca y Lares;Calca y Lares @ Calcailares @ Yucay @ valle de Yucao;JUPECUCL;Partido
1784;1808;Subdelegacion;Camana;Camana;Camana @;JUPEARCA;Jurisdiccion
1784;1808;Subdelegacion;Camana;Camana;Camana @;JUPEARCA;Partido
1784;1808;Subdelegacion;Cañete;Cañete;Cañete @;JUPELICA;Jurisdiccion
1784;1808;Subdelegacion;Cañete;Cañete;Cañete @;JUPELICA;Partido
1784;1808;Subdelegacion;Cangallo;Cangallo;Cangallo @ Vilcas Huaman @ Vilcashuaman @ Hananchilques;JUPEHUCA;Jurisdiccion
1784;1808;Subdelegacion;Cangallo;Cangallo;Cangallo @ Vilcas Huaman @ Vilcashuaman @ Hananchilques;JUPEHUCA;Partido
1784;1808;Subdelegacion;Canta;Canta;Canta @;JUPELICN;Jurisdiccion
1784;1808;Subdelegacion;Canta;Canta;Canta @;JUPELICN;Partido
1784;1808;Subdelegacion;Carabaya;Carabaya;Carabaya @ Carabaya y San Gaban;JUCCPUCA;Jurisdiccion
1784;1808;Subdelegacion;Carabaya;Carabaya;Carabaya @ Carabaya y San Gaban;JUCCPUCA;Partido
1784;1808;Subdelegacion;Carangas;Carangas;Carangas @;JUCCCCCA;Jurisdiccion
1784;1808;Subdelegacion;Carangas;Carangas;Carangas @;JUCCCCCA;Partido
1784;1808;Subdelegacion;Castrovirreina;Castrovirreina;Castrovirreina @ Castrovirreyna;JUPEHVCA;Jurisdiccion
1784;1808;Subdelegacion;Castrovirreina;Castrovirreina;Castrovirreina @ Castrovirreyna;JUPEHVCA;Partido
1784;1808;Subdelegacion;Catamarca;Catamarca;Catamarca @;JURPSACT;Jurisdiccion
1784;1808;Subdelegacion;Catamarca;Catamarca;Catamarca @;JURPSACT;Partido
1784;1808;Subdelegacion;Chachapoyas;Chachapoyas;Chachapoyas @ Chachapoyas y Moyobamba @ Chachapoyas, Moyobamba y Pacllas @ Chachapoyas, Moyobamba y Lamas @ Chachapoyas, Moyobamba, Lamas y Leymebamba;JUPETRCH;Jurisdiccion
1784;1808;Subdelegacion;Chachapoyas;Chachapoyas;Chachapoyas @ Chachapoyas y Moyobamba @ Chachapoyas, Moyobamba y Pacllas @ Chachapoyas, Moyobamba y Lamas @ Chachapoyas, Moyobamba, Lamas y Leymebamba;JUPETRCH;Partido
1784;1808;Subdelegacion;Chancay;Chancay;Chancay @ Arnedo;JUPELICH;Jurisdiccion
1784;1808;Subdelegacion;Chancay;Chancay;Chancay @ Arnedo;JUPELICH;Partido
1784;1808;Subdelegacion;Chayanta;Chayanta;Chayanta @ Charcas;JUCCPOCY;Jurisdiccion
1784;1808;Subdelegacion;Chayanta;Chayanta;Chayanta @ Charcas;JUCCPOCY;Partido
1784;1808;Subdelegacion;Chucuito;Chucuito;Chucuito @;JUCCPUCH;Jurisdiccion
1784;1808;Subdelegacion;Chucuito;Chucuito;Chucuito @;JUCCPUCH;Partido
1784;1808;Subdelegacion;Chumbivilcas;Chumbivilcas;Chumbivilcas @ Condesuyos de Cuzco @ Chumbibilcas;JUPECUCH;Jurisdiccion
1784;1808;Subdelegacion;Chumbivilcas;Chumbivilcas;Chumbivilcas @ Condesuyos de Cuzco @ Chumbibilcas;JUPECUCH;Partido
1784;1808;Subdelegacion;Clisa;Clisa;Clisa @ Tarata;JUCCCBCL;Jurisdiccion
1784;1808;Subdelegacion;Clisa;Clisa;Clisa @ Tarata;JUCCCBCL;Partido
1784;1808;Subdelegacion;Collaguas;Collaguas;Collaguas @ Cailloma @ Cabanaconde;JUPEARCG;Jurisdiccion
1784;1808;Subdelegacion;Collaguas;Collaguas;Collaguas @ Cailloma @ Cabanaconde;JUPEARCG;Partido
1784;1808;Subdelegacion;Concepcion;Concepcion;Concepcion @;JURPMICO;Jurisdiccion
1784;1808;Subdelegacion;Concepcion;Concepcion;Concepcion @;JURPMICO;Partido
1784;1808;Subdelegacion;Conchucos;Conchucos;Conchucos @;JUPETACO;Jurisdiccion
1784;1808;Subdelegacion;Conchucos;Conchucos;Conchucos @;JUPETACO;Partido
1784;1808;Subdelegacion;Condesuyos;Condesuyos de Arequipa;Condesuyos @;JUPEARCS;Jurisdiccion
1784;1808;Subdelegacion;Condesuyos;Condesuyos de Arequipa;Condesuyos @;JUPEARCS;Partido
1784;1808;Subdelegacion;Cordoba;Cordoba;Cordoba @;JURPCOCO;Jurisdiccion
1784;1808;Subdelegacion;Cordoba;Cordoba;Cordoba @;JURPCOCO;Partido
1784;1808;Subdelegacion;Corrientes;Corrientes;Corrientes @;JURPBACR;Jurisdiccion
1784;1808;Subdelegacion;Corrientes;Corrientes;Corrientes @;JURPBACR;Partido
1784;1808;Subdelegacion;Cotabambas;Cotabambas;Cotabambas @ Omasayos @ Cotabambas y Omsuyos;JUPECUCB;Jurisdiccion
1784;1808;Subdelegacion;Cotabambas;Cotabambas;Cotabambas @ Omasayos @ Cotabambas y Omsuyos;JUPECUCB;Partido
1784;1808;Subdelegacion;Curuguaty;Curuguaty;Curuguaty @;JURPPACU;Jurisdiccion
1784;1808;Subdelegacion;Curuguaty;Curuguaty;Curuguaty @;JURPPACU;Partido
1784;1808;Subdelegacion;Cuzco;Cercado de Cuzco;Cuzco @;JUPECUCU;Jurisdiccion
1784;1808;Subdelegacion;Cuzco;Cercado de Cuzco;Cuzco @;JUPECUCU;Partido
1784;1808;Subdelegacion;El Cercado;Cercado de Lima;Cercado de Lima @ Cercado;JUPELICL;Jurisdiccion
1784;1808;Subdelegacion;El Cercado;Cercado de Lima;Cercado de Lima @ Cercado;JUPELICL;Partido
1784;1808;Subdelegacion;Huamachuco;Huamachuco;Huamachuco @;JUPETRHM;Jurisdiccion
1784;1808;Subdelegacion;Huamachuco;Huamachuco;Huamachuco @;JUPETRHM;Partido
1784;1808;Subdelegacion;Huamalies;Huamalies;Huamalies @;JUPETAHM;Jurisdiccion
1784;1808;Subdelegacion;Huamalies;Huamalies;Huamalies @;JUPETAHM;Partido
1784;1808;Subdelegacion;Huancane;Huancane;Huancane @ Puno @ Guancane @ Paucarcolla;JUCCPUHU;Jurisdiccion
1784;1808;Subdelegacion;Huancane;Huancane;Huancane @ Puno @ Guancane @ Paucarcolla;JUCCPUHU;Partido
1784;1808;Subdelegacion;Huancavelica;Cercado de Huancavelica;Huancavelica @;JUPEHVHV;Jurisdiccion
1784;1808;Subdelegacion;Huancavelica;Cercado de Huancavelica;Huancavelica @;JUPEHVHV;Partido
1784;1808;Subdelegacion;Huanta;Huanta;Huanta @ Azangaro @ Asangaro;JUPEHUHT;Jurisdiccion
1784;1808;Subdelegacion;Huanta;Huanta;Huanta @ Azangaro @ Asangaro;JUPEHUHT;Partido
1784;1808;Subdelegacion;Huanuco;Huanuco;Huanuco @;JUPETAHN;Jurisdiccion
1784;1808;Subdelegacion;Huanuco;Huanuco;Huanuco @;JUPETAHN;Partido
1784;1808;Subdelegacion;Huaylas;Huaylas;Huaylas @;JUPETAHY;Jurisdiccion
1784;1808;Subdelegacion;Huaylas;Huaylas;Huaylas @;JUPETAHY;Partido
1784;1808;Subdelegacion;Ica;Ica;Ica @ Yca y Pisco @ Ica y Pisco;JUPELIIC;Jurisdiccion
1784;1808;Subdelegacion;Ica;Ica;Ica @ Yca y Pisco @ Ica y Pisco;JUPELIIC;Partido
1784;1808;Subdelegacion;Jauja;Jauja;Jauja @ Xauxa;JUPETAJA;Jurisdiccion
1784;1808;Subdelegacion;Jauja;Jauja;Jauja @ Xauxa;JUPETAJA;Partido
1784;1808;Subdelegacion;Jujuy;Jujuy;Jujuy @;JURPSAJU;Jurisdiccion
1784;1808;Subdelegacion;Jujuy;Jujuy;Jujuy @;JURPSAJU;Partido
1784;1808;Subdelegacion;La Rioja;La Rioja;La Rioja @;JURPCOLR;Jurisdiccion
1784;1808;Subdelegacion;La Rioja;La Rioja;La Rioja @;JURPCOLR;Partido
1784;1808;Subdelegacion;Lampa;Lampa;Lampa @ Cabana y Cabanilla @ Urcosuyo;JUCCPULA;Jurisdiccion
1784;1808;Subdelegacion;Lampa;Lampa;Lampa @ Cabana y Cabanilla @ Urcosuyo;JUCCPULA;Partido
1784;1808;Subdelegacion;Larecaja;Larecaja;Larecaja @ Larecaja y Yungas;JUCCLPLA;Jurisdiccion
1784;1808;Subdelegacion;Larecaja;Larecaja;Larecaja @ Larecaja y Yungas;JUCCLPLA;Partido
1784;1808;Subdelegacion;Lipes;Lipes;Lipes @ Lipez;JUCCPOLI;Jurisdiccion
1784;1808;Subdelegacion;Lipes;Lipes;Lipes @ Lipez;JUCCPOLI;Partido
1784;1808;Subdelegacion;Lucanas;Lucanas;Lucanas @ Lucanas, Soros y Andamarcas;JUPEHULU;Jurisdiccion
1784;1808;Subdelegacion;Lucanas;Lucanas;Lucanas @ Lucanas, Soros y Andamarcas;JUPEHULU;Partido
1784;1808;Subdelegacion;Mendoza;Mendoza;Mendoza @;JURPCOME;Jurisdiccion
1784;1808;Subdelegacion;Mendoza;Mendoza;Mendoza @;JURPCOME;Partido
1784;1808;Subdelegacion;Mizque;Mizque;Mizque @ Mizque y Pocona;JUCCCBMI;Jurisdiccion
1784;1808;Subdelegacion;Mizque;Mizque;Mizque @ Mizque y Pocona;JUCCCBMI;Partido
1784;1808;Subdelegacion;Moquegua;Moquegua;Moquegua @ Carumas y Ubinas @ Collesuyo @ Moqueua @ Moquehua @ Ubinas;JUPEARMO;Jurisdiccion
1784;1808;Subdelegacion;Moquegua;Moquegua;Moquegua @ Carumas y Ubinas @ Collesuyo @ Moqueua @ Moquehua @ Ubinas;JUPEARMO;Partido
1784;1808;Subdelegacion;Omasuyos;Omasuyos;Omasuyos @ Llacxa @ Llacja;JUCCLPOM;Jurisdiccion
1784;1808;Subdelegacion;Omasuyos;Omasuyos;Omasuyos @ Llacxa @ Llacja;JUCCLPOM;Partido
1784;1808;Subdelegacion;Pacajes;Pacajes;Pacajes @ Berenguela;JUCCLPPA;Jurisdiccion
1784;1808;Subdelegacion;Pacajes;Pacajes;Pacajes @ Berenguela;JUCCLPPA;Partido
1784;1808;Subdelegacion;Paria;Paria;Paria @;JUCCCCPA;Jurisdiccion
1784;1808;Subdelegacion;Paria;Paria;Paria @;JUCCCCPA;Partido
1784;1808;Subdelegacion;Parinacochas;Parinacochas;Parinacochas @;JUPEHUPA;Jurisdiccion
1784;1808;Subdelegacion;Parinacochas;Parinacochas;Parinacochas @;JUPEHUPA;Partido
1784;1808;Subdelegacion;Paruro;Chilques y Masques;Chilques y Masques @ Paruro;JUPECUPA;Jurisdiccion
1784;1808;Subdelegacion;Paruro;Chilques y Masques;Chilques y Masques @ Paruro;JUPECUPA;Partido
1784;1808;Subdelegacion;Pataz;Pataz;Pataz @ Cajamarquilla @ Caxamarquilla @ Cajamarquilla y Collay @ Cajamarquilla, Collay y Leymebamba;JUPETRPA;Jurisdiccion
1784;1808;Subdelegacion;Pataz;Pataz;Pataz @ Cajamarquilla @ Caxamarquilla @ Cajamarquilla y Collay @ Cajamarquilla, Collay y Leymebamba;JUPETRPA;Partido
1784;1808;Subdelegacion;Paucartambo;Paucartambo;Paucartambo @ Los Andes @ Andes del Cuzco;JUPECUPT;Jurisdiccion
1784;1808;Subdelegacion;Paucartambo;Paucartambo;Paucartambo @ Los Andes @ Andes del Cuzco;JUPECUPT;Partido
1784;1808;Subdelegacion;Pilaya y Paspaya;Pilaya y Paspaya;Pilaya y Paspaya @ Cinti @ Sinti;JUCCCCPP;Jurisdiccion
1784;1808;Subdelegacion;Pilaya y Paspaya;Pilaya y Paspaya;Pilaya y Paspaya @ Cinti @ Sinti;JUCCCCPP;Partido
1784;1808;Subdelegacion;Piura;Piura;Piura @ Piura y Paita;JUPETRPI;Jurisdiccion
1784;1808;Subdelegacion;Piura;Piura;Piura @ Piura y Paita;JUPETRPI;Partido
1784;1808;Subdelegacion;Porco;Porco;Porco @;JUCCPOPR;Jurisdiccion
1784;1808;Subdelegacion;Porco;Porco;Porco @;JUCCPOPR;Partido
1784;1808;Subdelegacion;Quispicanchis;Quispicanchis;Quispicanchis @ Andahuaylillas @ Quispicanche @ Canches @ Canchis;JUPECUQU;Jurisdiccion
1784;1808;Subdelegacion;Quispicanchis;Quispicanchis;Quispicanchis @ Andahuaylillas @ Quispicanche @ Canches @ Canchis;JUPECUQU;Partido
1784;1808;Subdelegacion;Sacaba;Sacaba;Sacaba @;JUCCCBSA;Jurisdiccion
1784;1808;Subdelegacion;Sacaba;Sacaba;Sacaba @;JUCCCBSA;Partido
1784;1808;Subdelegacion;Salta;Salta;Salta @;JURPSASA;Jurisdiccion
1784;1808;Subdelegacion;Salta;Salta;Salta @;JURPSASA;Partido
1784;1808;Subdelegacion;San Juan;San Juan;San Juan @;JURPCOSJ;Jurisdiccion
1784;1808;Subdelegacion;San Juan;San Juan;San Juan @;JURPCOSJ;Partido
1784;1808;Subdelegacion;San Luis;San Luis;San Luis @;JURPCOSL;Jurisdiccion
1784;1808;Subdelegacion;San Luis;San Luis;San Luis @;JURPCOSL;Partido
1784;1808;Subdelegacion;San Miguel;San Miguel;San Miguel @;JURPMISM;Jurisdiccion
1784;1808;Subdelegacion;San Miguel;San Miguel;San Miguel @;JURPMISM;Partido
1784;1808;Subdelegacion;San Miguel;San Miguel de Tucuman;San Miguel de Tucuman @;JURPSASM;Jurisdiccion
1784;1808;Subdelegacion;San Miguel;San Miguel de Tucuman;San Miguel de Tucuman @;JURPSASM;Partido
1784;1808;Subdelegacion;Saña;Saña;Saña @ Lambayeque @;JUPETRSA;Jurisdiccion
1784;1808;Subdelegacion;Saña;Saña;Saña @ Lambayeque @;JUPETRSA;Partido
1784;1808;Subdelegacion;Santa;Santa;Santa @;JUPELISA;Jurisdiccion
1784;1808;Subdelegacion;Santa;Santa;Santa @;JUPELISA;Partido
1784;1808;Subdelegacion;Santa Cruz de la Sierra;Santa Cruz de la Sierra;Santa Cruz de la Sierra @;JUCCCBSC;Jurisdiccion
1784;1808;Subdelegacion;Santa Cruz de la Sierra;Santa Cruz de la Sierra;Santa Cruz de la Sierra @;JUCCCBSC;Partido
1784;1808;Subdelegacion;Santa Fe;Santa Fe;Santa Fe @;JURPBASF;Jurisdiccion
1784;1808;Subdelegacion;Santa Fe;Santa Fe;Santa Fe @;JURPBASF;Partido
1784;1808;Subdelegacion;Santiago;Santiago;Santiago @;JURPMISA;Jurisdiccion
1784;1808;Subdelegacion;Santiago;Santiago;Santiago @;JURPMISA;Partido
1784;1808;Subdelegacion;Santiago;Santiago del Estero;Santiago del Estero @;JURPSAES;Jurisdiccion
1784;1808;Subdelegacion;Santiago;Santiago del Estero;Santiago del Estero @;JURPSAES;Partido
1784;1808;Subdelegacion;Sicasica;Sicasica;Sicasica @ Caracollo;JUCCLPSI;Jurisdiccion
1784;1808;Subdelegacion;Sicasica;Sicasica;Sicasica @ Caracollo;JUCCLPSI;Partido
1784;1808;Subdelegacion;Tapacari;Tapacari;Tapacari @ Quillacollo;JUCCCBTA;Jurisdiccion
1784;1808;Subdelegacion;Tapacari;Tapacari;Tapacari @ Quillacollo;JUCCCBTA;Partido
1784;1808;Subdelegacion;Tarapaca;Tarapaca;Tarapaca @;JUPEARTA;Jurisdiccion
1784;1808;Subdelegacion;Tarapaca;Tarapaca;Tarapaca @;JUPEARTA;Partido
1784;1808;Subdelegacion;Tarma;Cercado de Tarma;Tarma @ Tarma y Chinchaycocha @ Jarama y Chinchaycocha;JUPETATA;Jurisdiccion
1784;1808;Subdelegacion;Tarma;Cercado de Tarma;Tarma @ Tarma y Chinchaycocha @ Jarama y Chinchaycocha;JUPETATA;Partido
1784;1808;Subdelegacion;Tayacaja;Tayacaja;Tayacaja @;JUPEHVTA;Jurisdiccion
1784;1808;Subdelegacion;Tayacaja;Tayacaja;Tayacaja @;JUPEHVTA;Partido
1784;1808;Subdelegacion;Tinta;Tinta;Tinta @ Canas y Canchis @ Canas @ Canas y Canches;JUPECUTI;Jurisdiccion
1784;1808;Subdelegacion;Tinta;Tinta;Tinta @ Canas y Canchis @ Canas @ Canas y Canches;JUPECUTI;Partido
1784;1808;Subdelegacion;Tomina;Tomina;Tomina @;JUCCCCTO;Jurisdiccion
1784;1808;Subdelegacion;Tomina;Tomina;Tomina @;JUCCCCTO;Partido
1784;1808;Subdelegacion;Trujillo;Cercado de Trujillo;Trujillo @;JUPETRTR;Jurisdiccion
1784;1808;Subdelegacion;Trujillo;Cercado de Trujillo;Trujillo @;JUPETRTR;Partido
1784;1808;Subdelegacion;Urubamba;Urubamba;Urubamba @;JUPECUUR;Jurisdiccion
1784;1808;Subdelegacion;Urubamba;Urubamba;Urubamba @;JUPECUUR;Partido
1784;1808;Subdelegacion;Valle-grande;Valle-grande;Valle Grande @ Vallegrande @ Valle-grande;JUCCCBVG;Jurisdiccion
1784;1808;Subdelegacion;Valle-grande;Valle-grande;Valle Grande @ Vallegrande @ Valle-grande;JUCCCBVG;Partido
1784;1808;Subdelegacion;Villa Real;Villa Real;Villa Real @ Concepcion;PTRPPACO;Jurisdiccion
1784;1808;Subdelegacion;Villa Real;Villa Real;Villa Real @ Concepcion;PTRPPACO;Partido
1784;1808;Subdelegacion;Villarrica;Villarrica;Villarrica @ Espiritu Santo;JURPPAES;Jurisdiccion
1784;1808;Subdelegacion;Villarrica;Villarrica;Villarrica @ Espiritu Santo;JURPPAES;Partido
1784;1808;Subdelegacion;Yamparaez;Yamparaez;Yamparaez @ Amparaes @ Yamparaes @ Yamparaez y Villaverde;JUCCCCYA;Jurisdiccion
1784;1808;Subdelegacion;Yamparaez;Yamparaez;Yamparaez @ Amparaes @ Yamparaes @ Yamparaez y Villaverde;JUCCCCYA;Partido
1784;1808;Subdelegacion;Yapeyu;Yapeyu;Yapeyu @;JURPMIYA;Jurisdiccion
1784;1808;Subdelegacion;Yapeyu;Yapeyu;Yapeyu @;JURPMIYA;Partido
1784;1808;Subdelegacion;Yauyos;Yauyos;Yauyos @;JUPELIYA;Jurisdiccion
1784;1808;Subdelegacion;Yauyos;Yauyos;Yauyos @;JUPELIYA;Partido
1784;1808;Subdelegacion;Ycuamandiyu;Ycuamandiyu;Ycuamandiyu @;JURPPAYC;Jurisdiccion
1784;1808;Subdelegacion;Ycuamandiyu;Ycuamandiyu;Ycuamandiyu @;JURPPAYC;Partido
1784;1808;Subdelegacion;Yungas;Yungas;Chulumani @ Yungas;JUCCLPCH;Jurisdiccion
1784;1808;Subdelegacion;Yungas;Yungas;Chulumani @ Yungas;JUCCLPCH;Partido
1785;1788;Alcaldia Mayor;Guarisamey;Guarisamey;Guarisamey @ San Diego del Rio @ Nuevo Real de Agua Caliente;JUGDDUGM;Jurisdiccion
1785;1788;Alcaldia Mayor;Guarisamey;Guarisamey;Guarisamey @ San Diego del Rio @ Nuevo Real de Agua Caliente;JUGDDUGM;Partido
1785;1808;Audiencia Real;Buenos Aires;Buenos Aires;Buenos Aires @ Rio de la Plata;AUBA0000;Audiencia
1785;1808;Subdelegacion;Chichas;Chichas;Chichas @ Chichas;JUCCPOCH;Jurisdiccion
1785;1808;Subdelegacion;Chichas;Chichas;Chichas @ Chichas;JUCCPOCH;Partido
1785;1808;Subdelegacion;Tarija;Tarija;Tarija @ Chichas y Tarija;JUCCPOTA;Jurisdiccion
1785;1808;Subdelegacion;Tarija;Tarija;Tarija @ Chichas y Tarija;JUCCPOTA;Partido
1786;1790;Gobernacion;Trinidad;Trinidad y sus villas;Cuatro Villas @ Cuatro Lugares @ Trinidad;JUSDLHCV;Jurisdiccion
1786;1790;Gobernacion;Trinidad;Trinidad y sus villas;Cuatro Villas @ Cuatro Lugares @ Trinidad;JUSDLHCV;Provincia
1786;1790;Gobernacion;Trinidad;Trinidad y sus villas;Cuatro Villas @ Cuatro Lugares @ Trinidad;JUSDLHCV;Provincia_menor
1786;1791;Partido politico;Canoa;Canoa;Canoa @;PTSDLHCA;Partido
1786;1792;Tenencia de gobierno;Rionegro;Rionegro;Rionegro @ Santiago de Arma @ Rio Negro @ Arma y Marinilla;JUNGANAR;Jurisdiccion
1786;1792;Tenencia de gobierno;Rionegro;Rionegro;Rionegro @ Santiago de Arma @ Rio Negro @ Arma y Marinilla;JUNGANAR;Partido
1786;1802;Gobernacion;Barinas;Barinas;Barinas @;PRVEBA00;Provincia
1786;1802;Gobernacion;Barinas;Barinas;Barinas @;PRVEBA00;Provincia_menor
1786;1808;Alcaldia Mayor;Suchiltepequez;Suchiltepequez;Suchiltepequez @ San Antonio @ Suchitepeque @ Suchiltepeques @ Zapotitlan y San Antonio de Suchiltepeques;JUGUGUSU;Jurisdiccion
1786;1808;Alcaldia Mayor;Suchiltepequez;Suchiltepequez;Suchiltepequez @ San Antonio @ Suchitepeque @ Suchiltepeques @ Zapotitlan y San Antonio de Suchiltepeques;JUGUGUSU;Partido
1786;1808;Alcaldia Mayor;Suchiltepequez;Suchiltepequez;Suchiltepequez @ San Antonio @ Suchitepeque @ Suchiltepeques @ Zapotitlan y San Antonio de Suchiltepeques;JUGUGUSU;Provincia_menor
1786;1808;Audiencia Real;Caracas;Caracas;Caracas @ Venezuela;AUCA0000;Audiencia
1786;1808;Gobernacion-Intendencia;Chiapas;Chiapas;Chiapas @ Ciudad Real;PRGUCH00;Intendencia
1786;1808;Gobernacion-Intendencia;Chiapas;Chiapas;Chiapas @ Ciudad Real;PRGUCH00;Provincia
1786;1808;Gobernacion-Intendencia;Chiapas;Chiapas;Chiapas @ Ciudad Real;PRGUCH00;Provincia_mayor
1786;1808;Gobernacion-Intendencia;Chiapas;Chiapas;Chiapas @ Ciudad Real;PRGUCH00;Provincia_menor
1786;1808;Gobernacion-Intendencia;Concepcion;Concepcion;Concepcion @;PRCHCO00;Intendencia
1786;1808;Gobernacion-Intendencia;Concepcion;Concepcion;Concepcion @;PRCHCO00;Provincia
1786;1808;Gobernacion-Intendencia;Concepcion;Concepcion;Concepcion @;PRCHCO00;Provincia_mayor
1786;1808;Gobernacion-Intendencia;Concepcion;Concepcion;Concepcion @;PRCHCO00;Provincia_menor
1786;1808;Gobernacion-Intendencia;Santiago;Santiago;Santiago @;PRCHSA00;Intendencia
1786;1808;Gobernacion-Intendencia;Santiago;Santiago;Santiago @;PRCHSA00;Provincia
1786;1808;Gobernacion-Intendencia;Santiago;Santiago;Santiago @;PRCHSA00;Provincia_mayor
1786;1808;Gobernacion-Intendencia;Santiago;Santiago;Santiago @;PRCHSA00;Provincia_menor
1786;1808;Jurisdiccion;Chiapas;Chiapas;Ciudad Real @ Chiapas;PTGUCHCR;Partido
1786;1808;Jurisdiccion;Ciudad Real;Ciudad Real;Ciudad Real @ Chiapas;JUGUCHCR;Jurisdiccion
1786;1808;Jurisdiccion;Concepcion;Concepcion;Concepcion @;JUCHCOCO;Jurisdiccion
1786;1808;Jurisdiccion;Concepcion;Concepcion;Concepcion @;JUCHCOCO;Partido
1786;1808;Jurisdiccion;Maldonado;Maldonado;Maldonado @;PTRPBOMA;Partido
1786;1808;Jurisdiccion;Santiago;Santiago;Santiago @;JUCHSASA;Jurisdiccion
1786;1808;Jurisdiccion;Santiago;Santiago;Santiago @;JUCHSASA;Partido
1786;1808;Partido politico;Buenaventura;Buenaventura;Buenaventura @;PTSDLHBV;Partido
1786;1808;Partido politico;Gabriel;Gabriel;Gabriel @;PTSDLHGA;Partido
1786;1808;Partido politico;Rioblanco del Norte;Rioblanco del Norte;Rioblanco del Norte @ Rio Blanco del Norte;PTSDMARN;Partido
1786;1808;Partido politico;Rioblanco del Sur;Rioblanco del Sur;Rioblanco del Sur @ Rio Blanco del Sur @ Rioblanco @ Rio Blanco;PTSDMARS;Partido
1786;1808;Subdelegacion;Aconcagua;Aconcagua;Aconcagua @ Acolcagua;JUCHSAAC;Jurisdiccion
1786;1808;Subdelegacion;Aconcagua;Aconcagua;Aconcagua @ Acolcagua;JUCHSAAC;Partido
1786;1808;Subdelegacion;Caupolican;Caupolican;Apolobamba @ Caupolican @ Apolo;JUCCLPAP;Jurisdiccion
1786;1808;Subdelegacion;Caupolican;Caupolican;Apolobamba @ Caupolican @ Apolo;JUCCLPAP;Partido
1786;1808;Subdelegacion;Cauquenes;Cauquenes;Cauquenes @;JUCHCOCQ;Jurisdiccion
1786;1808;Subdelegacion;Cauquenes;Cauquenes;Cauquenes @;JUCHCOCQ;Partido
1786;1808;Subdelegacion;Chillan;Chillan;Chillan @;JUCHCOCH;Jurisdiccion
1786;1808;Subdelegacion;Chillan;Chillan;Chillan @;JUCHCOCH;Partido
1786;1808;Subdelegacion;Colchagua;Colchagua;Colchagua @;JUCHSACO;Jurisdiccion
1786;1808;Subdelegacion;Colchagua;Colchagua;Colchagua @;JUCHSACO;Partido
1786;1808;Subdelegacion;Comitan;Comitan;Comitan @ Los Llanos;JUGUCHCO;Jurisdiccion
1786;1808;Subdelegacion;Comitan;Comitan;Comitan @ Los Llanos;JUGUCHCO;Partido
1786;1808;Subdelegacion;Copiapo;Copiapo;Copiapo @;JUCHSACP;Jurisdiccion
1786;1808;Subdelegacion;Copiapo;Copiapo;Copiapo @;JUCHSACP;Partido
1786;1808;Subdelegacion;Coquimbo;Coquimbo;Coquimbo @ La Serena;JUCHSACQ;Jurisdiccion
1786;1808;Subdelegacion;Coquimbo;Coquimbo;Coquimbo @ La Serena;JUCHSACQ;Partido
1786;1808;Subdelegacion;Guista;Guista;Huistan @ Guista;JUGUCHHU;Jurisdiccion
1786;1808;Subdelegacion;Guista;Guista;Huistan @ Guista;JUGUCHHU;Partido
1786;1808;Subdelegacion;Itata;Itata;Itata @;JUCHCOIT;Jurisdiccion
1786;1808;Subdelegacion;Itata;Itata;Itata @;JUCHCOIT;Partido
1786;1808;Subdelegacion;Ixtacomitan;Ixtacomitan;Ixtacomitan @;JUGUCHIX;Jurisdiccion
1786;1808;Subdelegacion;Ixtacomitan;Ixtacomitan;Ixtacomitan @;JUGUCHIX;Partido
1786;1808;Subdelegacion;Maule;Maule;Maule @;JUCHSAMA;Jurisdiccion
1786;1808;Subdelegacion;Maule;Maule;Maule @;JUCHSAMA;Partido
1786;1808;Subdelegacion;Melipilla;Melipilla;Melipilla @ Milipilla;JUCHSAME;Jurisdiccion
1786;1808;Subdelegacion;Melipilla;Melipilla;Melipilla @ Milipilla;JUCHSAME;Partido
1786;1808;Subdelegacion;Ocozingo;Ocozingo;Ocozingo @ Ocosingo @ Tzendales @ Sendales @ Chontales;JUGUCHOC;Jurisdiccion
1786;1808;Subdelegacion;Ocozingo;Ocozingo;Ocozingo @ Ocosingo @ Tzendales @ Sendales @ Chontales;JUGUCHOC;Partido
1786;1808;Subdelegacion;Palenque;Palenque;Palenque @;JUGUCHPA;Jurisdiccion
1786;1808;Subdelegacion;Palenque;Palenque;Palenque @;JUGUCHPA;Partido
1786;1808;Subdelegacion;Puchacay;Puchacay;Puchacay @ Talcahuano;JUCHCOPU;Jurisdiccion
1786;1808;Subdelegacion;Puchacay;Puchacay;Puchacay @ Talcahuano;JUCHCOPU;Partido
1786;1808;Subdelegacion;Quillota;Quillota;Quillota @;JUCHSAQU;Jurisdiccion
1786;1808;Subdelegacion;Quillota;Quillota;Quillota @;JUCHSAQU;Partido
1786;1808;Subdelegacion;Rancagua;Rancagua;Rancagua @;JUCHSARA;Jurisdiccion
1786;1808;Subdelegacion;Rancagua;Rancagua;Rancagua @;JUCHSARA;Partido
1786;1808;Subdelegacion;Rere;Rere;Rere @ Estancia del Rey @ Buena-Esperanza;JUCHCORE;Jurisdiccion
1786;1808;Subdelegacion;Rere;Rere;Rere @ Estancia del Rey @ Buena-Esperanza;JUCHCORE;Partido
1786;1808;Subdelegacion;San Andres;San Andres;San Andres @ Corona @ Coronas y Chinampas;JUGUCHSA;Jurisdiccion
1786;1808;Subdelegacion;San Andres;San Andres;San Andres @ Corona @ Coronas y Chinampas;JUGUCHSA;Partido
1786;1808;Subdelegacion;Simojovel;Simojovel;Simojovel @ Guardiania de Huitiupan;JUGUCHSI;Jurisdiccion
1786;1808;Subdelegacion;Simojovel;Simojovel;Simojovel @ Guardiania de Huitiupan;JUGUCHSI;Partido
1786;1808;Subdelegacion;Tapachula;Tapachula;Soconusco @;JUGUCHSO;Partido
1786;1808;Subdelegacion;Tapachula;Tapachula;Tapachula @;JUGUCHTA;Jurisdiccion
1786;1808;Subdelegacion;Tila;Tila;Tila @;JUGUCHTI;Jurisdiccion
1786;1808;Subdelegacion;Tila;Tila;Tila @;JUGUCHTI;Partido
1786;1808;Subdelegacion;Tonala;Tonala;Tonala @;JUGUCHTO;Jurisdiccion
1786;1808;Subdelegacion;Tonala;Tonala;Tonala @;JUGUCHTO;Partido
1786;1808;Subdelegacion;Tuxtla;Tuxtla;Tuxtla @;JUGUCHTU;Jurisdiccion
1786;1808;Subdelegacion;Tuxtla;Tuxtla;Tuxtla @;JUGUCHTU;Partido
1787;1787;Partido;Chucandiro;Chucandiro;Chucandiro @ Chocandiro;JUNEMICD;Partido
1787;1788;Alcaldia Mayor;Autlan;Autlan;Autlan @ Autlan y Puerto de la Navidad;JUGDGDAU;Jurisdiccion
1787;1788;Alcaldia Mayor;Autlan;Autlan;Autlan @ Autlan y Puerto de la Navidad;JUGDGDAU;Partido
1787;1788;Partido;Zamora;Jacona y Zamora;Zamora y Jacona @ Zamora y Xacona @ Tacona y Zamora;JUNEMIZA;Partido
1787;1790;Alcaldia Mayor;Taos;Taos;Taos @ Tewas @ Tiwas @ Tihuas @ Teguas @ Tehuas @ Tiguas @ Thaos @ Taos y Picuries;JUGDNMTA;Jurisdiccion
1787;1790;Alcaldia Mayor;Taos;Taos;Taos @ Tewas @ Tiwas @ Tihuas @ Teguas @ Tehuas @ Tiguas @ Thaos @ Taos y Picuries;JUGDNMTA;Partido
1787;1790;Gobernacion-Intendencia;San Salvador;San Salvador;San Salvador @ San Salvador y sus agregados de San Miguel y San Vicente;PRGUSS00;Intendencia
1787;1790;Gobernacion-Intendencia;San Salvador;San Salvador;San Salvador @ San Salvador y sus agregados de San Miguel y San Vicente;PRGUSS00;Provincia
1787;1790;Gobernacion-Intendencia;San Salvador;San Salvador;San Salvador @ San Salvador y sus agregados de San Miguel y San Vicente;PRGUSS00;Provincia_mayor
1787;1790;Gobernacion-Intendencia;San Salvador;San Salvador;San Salvador @ San Salvador y sus agregados de San Miguel y San Vicente;PRGUSS00;Provincia_menor
1787;1790;Partido;Tochimilco;Tochimilco;Tochimilco @ Ocopetlayuca @ Ocopetlavaca @ Cochimilco @ Xochimilco @ Juchimilco;JUNEPUTO;Partido
1787;1791;Corregimiento;Mexicaltzingo;Mexicaltzingo;Mexicaltzingo @;JUNEMXMZ;Jurisdiccion
1787;1791;Corregimiento;Mexicaltzingo;Mexicaltzingo;Mexicaltzingo @;JUNEMXMZ;Partido
1787;1791;Partido;Motines;Motines;Motines @ Motines del Oro @ Coahuayana @ Coahuayana @ Coayaguana;JUNEMIMO;Jurisdiccion
1787;1791;Partido;Motines;Motines;Motines @ Motines del Oro @ Coahuayana @ Coahuayana @ Coayaguana;JUNEMIMO;Partido
1787;1791;Partido;Nieves;Nieves;Nieves @;JUGDZANI;Jurisdiccion
1787;1791;Partido;Nieves;Nieves;Nieves @;JUGDZANI;Partido
1787;1791;Subdelegacion;Catorze;Catorze;Catorze @ Real de Catorze;JUNESLCA;Jurisdiccion
1787;1791;Subdelegacion;Catorze;Catorze;Catorze @ Real de Catorze;JUNESLCA;Partido
1787;1791;Subdelegacion;Valle de San Francisco;Valle de San Francisco;Valle de San Francisco @;JUNESLVS;Jurisdiccion
1787;1791;Subdelegacion;Valle de San Francisco;Valle de San Francisco;Valle de San Francisco @;JUNESLVS;Partido
1787;1792;Partido;Penjamo;Penjamo;Penjamo @;JUNEGJPE;Partido
1787;1792;Partido;Piedragorda;Piedragorda;Piedra Gorda @ Piedragorda;JUNEGJPG;Partido
1787;1793;Partido;Juxtlahuaca;Juxtlahuaca;Juxtlahuaca @ Tustlahuaca @ Tuxtlahuaca @ Justlahuaca @ Juxtlahuaca y Hicpaltepeque;JUNEOAJU;Partido
1787;1794;Partido;Huamelula;Huamelula;Huamelula @ Huamelula;PTNEOAHM;Partido
1787;1794;Partido;Huatulco y Huamelula;Huatulco y Huamelula;Huatulco y Huamelula @ Huatulco y Huamelula @ Guatulco @ Puerto de Guatulco;JUNEOAHM;Jurisdiccion
1787;1794;Partido;Isla de San Andres;Isla de San Andres;isla de San Andres @ Isla de San Andres y Costa de Mosquitos;JUGUGUIS;Jurisdiccion
1787;1794;Partido;Isla de San Andres;Isla de San Andres;isla de San Andres @ Isla de San Andres y Costa de Mosquitos;JUGUGUIS;Partido
1787;1795;Partido;Tetela del Volcan;Tetela del Volcan;Tetela del Volcan @;JUNEMXTT;Partido
1787;1797;Gobernacion;Natchez;Natchez;Natchez @ Natches;JUSDLUNZ;Jurisdiccion
1787;1797;Gobernacion;Natchez;Natchez;Natchez @ Natches;JUSDLUNZ;Partido
1787;1798;Tenencia de subdelegacion;Titiguapa;Titiguapa;Sensuntepeque @ Titiguapa;PTGUSSSN;Partido
1787;1800;Gobernacion político-militar;Trujillo;Trujillo;Trujillo @;JUGUCYTR;Jurisdiccion
1787;1800;Gobernacion político-militar;Trujillo;Trujillo;Trujillo @;JUGUCYTR;Partido
1787;1800;Subdelegacion;Indaparapeo;Indaparapeo;Indaparapeo @;JUNEMIIN;Jurisdiccion
1787;1800;Subdelegacion;Indaparapeo;Indaparapeo;Indaparapeo @;JUNEMIIN;Partido
1787;1801;Subdelegacion;La Sierra;La Sierra;La Sierra @ Sierra Alta y Baja @ Sierra Alta;JUNEYULS;Jurisdiccion
1787;1801;Subdelegacion;La Sierra;La Sierra;La Sierra @ Sierra Alta y Baja @ Sierra Alta;JUNEYULS;Partido
1787;1802;Subdelegacion;Cianori;Cianori;Cianori @ Sianori @ Ceanuri @ Cianori y Tamazula @ Topia @ Cianori y El Narotal @ Cianori y Canelas;JUGDDUCN;Jurisdiccion
1787;1802;Subdelegacion;Cianori;Cianori;Cianori @ Sianori @ Ceanuri @ Cianori y Tamazula @ Topia @ Cianori y El Narotal @ Cianori y Canelas;JUGDDUCN;Partido
1787;1803;Subdelegacion;Huango;Huango;Huango @;JUNEMIHG;Jurisdiccion
1787;1803;Subdelegacion;Huango;Huango;Huango @;JUNEMIHG;Partido
1787;1805;Subdelegacion;Santa Ana;Santa Ana;Santa Ana @ Santa Ana la Grande;JUGUSSSA;Jurisdiccion
1787;1805;Subdelegacion;Santa Ana;Santa Ana;Santa Ana @ Santa Ana la Grande;JUGUSSSA;Partido
1787;1805;Tenencia de subdelegacion;Chalatenango;Chalatenango;Chalatenango @;JUGUSSCH;Partido
1787;1805;Tenencia de subdelegacion;Metapas;Metapas;Metapas @;JUGUSSME;Partido
1787;1807;Jurisdiccion;San Felipe;San Felipe;San Felipe @;JUNEGJSF;Partido
1787;1807;Subdelegacion;La Antigua;La Antigua;La Antigua @ La Antigua @ Mizantla @ Veracruz Vieja @ Veracruz Antigua;JUNEVCVA;Jurisdiccion
1787;1807;Subdelegacion;La Antigua;La Antigua;La Antigua @ La Antigua @ Mizantla @ Veracruz Vieja @ Veracruz Antigua;JUNEVCVA;Partido
1787;1808;Alcaldia Mayor-Subdelegacion;Tepeaca;Tepeaca;Tepeaca @ Tepeaca y Tecali;JUNEPUTP;Jurisdiccion
1787;1808;Alcaldia Mayor-Subdelegacion;Tepeaca;Tepeaca;Tepeaca @ Tepeaca y Tecali;JUNEPUTP;Partido
1787;1808;Alcaldia Mayor-Subdelegacion;Tula;Tula;Tula @;JUNEMXTU;Jurisdiccion
1787;1808;Alcaldia Mayor-Subdelegacion;Tula;Tula;Tula @;JUNEMXTU;Partido
1787;1808;Comandancia;Patagones;Patagones;Patagones @;JURPPGPG;Jurisdiccion
1787;1808;Comandancia;Patagones;Patagones;Patagones @;JURPPGPG;Partido
1787;1808;Comandancia;Tubac;Tubac;Tubac @;PMGDSSTB;Partido
1787;1808;Corregimiento;Bebara;Bebara y Bete;Bebara y Bete @ Biruquete @ Bete, Bebara y Cupica;JMNGCHBB;Partido
1787;1808;Corregimiento-Intendencia;Guanajuato;Guanajuato;Guanajuato @;PRNEGJ00;Intendencia
1787;1808;Corregimiento-Intendencia;Guanajuato;Guanajuato;Guanajuato @;PRNEGJ00;Provincia
1787;1808;Corregimiento-Intendencia;Guanajuato;Guanajuato;Guanajuato @;PRNEGJ00;Provincia_mayor
1787;1808;Corregimiento-Intendencia;Guanajuato;Guanajuato;Guanajuato @;PRNEGJ00;Provincia_menor
1787;1808;Corregimiento-Intendencia;Mexico;Mexico;Nueva España @ Mexico;PRNEMX00;Intendencia
1787;1808;Corregimiento-Intendencia;Mexico;Mexico;Nueva España @ Mexico;PRNEMX00;Provincia
1787;1808;Corregimiento-Intendencia;Mexico;Mexico;Nueva España @ Mexico;PRNEMX00;Provincia_mayor
1787;1808;Corregimiento-Intendencia;Mexico;Mexico;Nueva España @ Mexico;PRNEMX00;Provincia_menor
1787;1808;Corregimiento-Intendencia;Oaxaca;Oaxaca;Oaxaca @ Antequera;PRNEOA00;Intendencia
1787;1808;Corregimiento-Intendencia;Oaxaca;Oaxaca;Oaxaca @ Antequera;PRNEOA00;Provincia
1787;1808;Corregimiento-Intendencia;Oaxaca;Oaxaca;Oaxaca @ Antequera;PRNEOA00;Provincia_mayor
1787;1808;Corregimiento-Intendencia;Oaxaca;Oaxaca;Oaxaca @ Antequera;PRNEOA00;Provincia_menor
1787;1808;Corregimiento-Intendencia;San Luis Potosi;San Luis Potosi;San Luis Potosi @;PRNESL00;Intendencia
1787;1808;Corregimiento-Intendencia;San Luis Potosi;San Luis Potosi;San Luis Potosi @;PRNESL00;Provincia
1787;1808;Corregimiento-Intendencia;San Luis Potosi;San Luis Potosi;San Luis Potosi @;PRNESL00;Provincia_mayor
1787;1808;Corregimiento-Intendencia;San Luis Potosi;San Luis Potosi;San Luis Potosi @;PRNESL00;Provincia_menor
1787;1808;Corregimiento-Intendencia;Valladolid;Valladolid;Michoacan @ Valladolid;PRNEMI00;Intendencia
1787;1808;Corregimiento-Intendencia;Valladolid;Valladolid;Michoacan @ Valladolid;PRNEMI00;Provincia
1787;1808;Corregimiento-Intendencia;Valladolid;Valladolid;Michoacan @ Valladolid;PRNEMI00;Provincia_mayor
1787;1808;Corregimiento-Intendencia;Valladolid;Valladolid;Michoacan @ Valladolid;PRNEMI00;Provincia_menor
1787;1808;Corregimiento-Intendencia;Zacatecas;Zacatecas;Zacatecas @;PRGDZA00;Intendencia
1787;1808;Corregimiento-Intendencia;Zacatecas;Zacatecas;Zacatecas @;PRGDZA00;Provincia
1787;1808;Corregimiento-Intendencia;Zacatecas;Zacatecas;Zacatecas @;PRGDZA00;Provincia_mayor
1787;1808;Corregimiento-Intendencia;Zacatecas;Zacatecas;Zacatecas @;PRGDZA00;Provincia_menor
1787;1808;Gobernacion;Costa Rica;Costa Rica;Costa Rica @ Nueva Cartago y Costa Rica @ Veragua Real;PRGUCR00;Provincia
1787;1808;Gobernacion;Costa Rica;Costa Rica;Costa Rica @ Nueva Cartago y Costa Rica @ Veragua Real;PRGUCR00;Provincia_mayor
1787;1808;Gobernacion;Costa Rica;Costa Rica;Costa Rica @ Nueva Cartago y Costa Rica @ Veragua Real;PRGUCR00;Provincia_menor
1787;1808;Gobernacion politico-militar;Peten;Peten;Peten @;MIGUGUPE;Jurisdiccion
1787;1808;Gobernacion politico-militar;Peten;Peten;Peten @;MIGUGUPE;Partido
1787;1808;Gobernacion politico-militar;Peten;Peten;Peten @;MIGUGUPE;Provincia_menor
1787;1808;Gobernacion-Capitania General-Intendencia;Merida;Merida;Yucatan @ Merida;PRNEYU00;Intendencia
1787;1808;Gobernacion-Capitania General-Intendencia;Merida;Merida;Yucatan @ Merida;PRNEYU00;Provincia
1787;1808;Gobernacion-Capitania General-Intendencia;Merida;Merida;Yucatan @ Merida;PRNEYU00;Provincia_mayor
1787;1808;Gobernacion-Capitania General-Intendencia;Merida;Merida;Yucatan @ Merida;PRNEYU00;Provincia_menor
1787;1808;Gobernacion-Intendencia;Comayagua;Comayagua;Comayagua @ Honduras @ Comayagua y provincia de Honduras @ Higueras y Cabo de Honduras;PRGUCY00;Intendencia
1787;1808;Gobernacion-Intendencia;Comayagua;Comayagua;Comayagua @ Honduras @ Comayagua y provincia de Honduras @ Higueras y Cabo de Honduras;PRGUCY00;Provincia
1787;1808;Gobernacion-Intendencia;Comayagua;Comayagua;Comayagua @ Honduras @ Comayagua y provincia de Honduras @ Higueras y Cabo de Honduras;PRGUCY00;Provincia_mayor
1787;1808;Gobernacion-Intendencia;Comayagua;Comayagua;Comayagua @ Honduras @ Comayagua y provincia de Honduras @ Higueras y Cabo de Honduras;PRGUCY00;Provincia_menor
1787;1808;Gobernacion-Intendencia;Durango;Durango;Nueva Vizcaya @ Durango @ Parral;PRGDDU00;Intendencia
1787;1808;Gobernacion-Intendencia;Durango;Durango;Nueva Vizcaya @ Durango @ Parral;PRGDDU00;Provincia
1787;1808;Gobernacion-Intendencia;Durango;Durango;Nueva Vizcaya @ Durango @ Parral;PRGDDU00;Provincia_mayor
1787;1808;Gobernacion-Intendencia;Durango;Durango;Nueva Vizcaya @ Durango @ Parral;PRGDDU00;Provincia_menor
1787;1808;Gobernacion-Intendencia;Guadalajara;Guadalajara;Nueva Galicia @ Guadalajara;PRGDGD00;Intendencia
1787;1808;Gobernacion-Intendencia;Guadalajara;Guadalajara;Nueva Galicia @ Guadalajara;PRGDGD00;Provincia
1787;1808;Gobernacion-Intendencia;Guadalajara;Guadalajara;Nueva Galicia @ Guadalajara;PRGDGD00;Provincia_mayor
1787;1808;Gobernacion-Intendencia;Guadalajara;Guadalajara;Nueva Galicia @ Guadalajara;PRGDGD00;Provincia_menor
1787;1808;Gobernacion-Intendencia;Leon;Leon de Nicaragua;Leon @ Nicaragua;PRGUNI00;Intendencia
1787;1808;Gobernacion-Intendencia;Leon;Leon de Nicaragua;Leon @ Nicaragua;PRGUNI00;Provincia
1787;1808;Gobernacion-Intendencia;Leon;Leon de Nicaragua;Leon @ Nicaragua;PRGUNI00;Provincia_mayor
1787;1808;Gobernacion-Intendencia;Leon;Leon de Nicaragua;Leon @ Nicaragua;PRGUNI00;Provincia_menor
1787;1808;Gobernacion-Intendencia;Puebla;Puebla;Puebla @;PRNEPU00;Intendencia
1787;1808;Gobernacion-Intendencia;Puebla;Puebla;Puebla @;PRNEPU00;Provincia
1787;1808;Gobernacion-Intendencia;Puebla;Puebla;Puebla @;PRNEPU00;Provincia_mayor
1787;1808;Gobernacion-Intendencia;Puebla;Puebla;Puebla @;PRNEPU00;Provincia_menor
1787;1808;Gobernacion-Intendencia;Veracruz;Veracruz;Veracruz @;PRNEVC00;Intendencia
1787;1808;Gobernacion-Intendencia;Veracruz;Veracruz;Veracruz @;PRNEVC00;Provincia
1787;1808;Gobernacion-Intendencia;Veracruz;Veracruz;Veracruz @;PRNEVC00;Provincia_mayor
1787;1808;Gobernacion-Intendencia;Veracruz;Veracruz;Veracruz @;PRNEVC00;Provincia_menor
1787;1808;Intendencia-Superintendencia;Caracas;Caracas;Caracas @ Venezuela;INVECA00;Intendencia
1787;1808;Jurisdiccion;Antequera;Antequera;Antequera @;JUNEOAAN;Jurisdiccion
1787;1808;Jurisdiccion;Antequera;Antequera;Antequera @;JUNEOAAN;Partido
1787;1808;Jurisdiccion;Guanajuato;Guanajuato;Guanajuato @ Guanaxuato;JUNEGJGJ;Jurisdiccion
1787;1808;Jurisdiccion;Guanajuato;Guanajuato;Guanajuato @ Guanaxuato;JUNEGJGJ;Partido
1787;1808;Jurisdiccion;Mexico;Mexico;Mexico @;JUNEMXMX;Jurisdiccion
1787;1808;Jurisdiccion;Mexico;Mexico;Mexico @;JUNEMXMX;Partido
1787;1808;Jurisdiccion;Puebla;Puebla;Puebla @ Los Angeles @ Cuctlaxohuapan;JUNEPUPU;Jurisdiccion
1787;1808;Jurisdiccion;Salamanca;Salamanca;Salamanca @;PTNEGJSA;Partido
1787;1808;Jurisdiccion;Valladolid;Valladolid;Valladolid @ Michoacan @ Mechoacan @ Tzintzuntzan @ Patzcuaro @ Valladolid y Patzcuaro @ Pasquaro @ Valladolid, Patzcuaro, Jaso y Teremendo;JUNEMIVA;Jurisdiccion
1787;1808;Jurisdiccion;Valladolid;Valladolid;Valladolid @ Michoacan @ Mechoacan @ Tzintzuntzan @ Patzcuaro @ Valladolid y Patzcuaro @ Pasquaro @ Valladolid, Patzcuaro, Jaso y Teremendo;JUNEMIVA;Partido
1787;1808;Jurisdiccion;Zacatecas;Zacatecas;Zacatecas @;JUGDZAZA;Jurisdiccion
1787;1808;Jurisdiccion;Zacatecas;Zacatecas;Zacatecas @;JUGDZAZA;Partido
1787;1808;Obispado;Cuenca;Cuenca;Cuenca @;OBQUCU00;Obispado
1787;1808;Partido;Acambaro;Acambaro;Acambaro @;PTNEGJAC;Partido
1787;1808;Partido;Boca de Leones;Boca de Leones;Boca de Leones @ Real de San Pedro de Boca de Leones;JUGDNLBL;Jurisdiccion
1787;1808;Partido;Boca de Leones;Boca de Leones;Boca de Leones @ Real de San Pedro de Boca de Leones;JUGDNLBL;Partido
1787;1808;Partido;Cadereyta;Cadereyta;Cadereyta @ Presidio de Cadereyta;JUGDNLCA;Jurisdiccion
1787;1808;Partido;Cadereyta;Cadereyta;Cadereyta @ Presidio de Cadereyta;JUGDNLCA;Partido
1787;1808;Partido;Cerralvo;Cerralvo;Cerralvo @ Minas de San Gregorio;JUGDNLCE;Jurisdiccion
1787;1808;Partido;Cerralvo;Cerralvo;Cerralvo @ Minas de San Gregorio;JUGDNLCE;Partido
1787;1808;Partido;Cuarepoti;Cuarepoti;Cuarepoti @;PTRPPACU;Partido
1787;1808;Partido;Guajuco;Valle de Guajuco;Valle de Guajuco @;JUGDNLGU;Jurisdiccion
1787;1808;Partido;Guajuco;Valle de Guajuco;Valle de Guajuco @;JUGDNLGU;Partido
1787;1808;Partido;Irapuato;Irapuato;Irapuato @;PTNEGJIR;Partido
1787;1808;Partido;Labradores;Labradores;Valle de Labradores @ Valle de San Pablo de Labradores;JUGDNLLA;Jurisdiccion
1787;1808;Partido;Labradores;Labradores;Valle de Labradores @ Valle de San Pablo de Labradores;JUGDNLLA;Partido
1787;1808;Partido;Lampazos;Punta de Lampazos;Punta de Lampazos @ La Puntas @ Las Puntas @ Villa de Horcasitas y Punta de Lampazos;JUGDNLPL;Jurisdiccion
1787;1808;Partido;Lampazos;Punta de Lampazos;Punta de Lampazos @ La Puntas @ Las Puntas @ Villa de Horcasitas y Punta de Lampazos;JUGDNLPL;Partido
1787;1808;Partido;Linares;San Felipe de Linares;Linares @ San Felipe de Linares @ Valle de San Cristobal;JUGDNLLI;Jurisdiccion
1787;1808;Partido;Linares;San Felipe de Linares;Linares @ San Felipe de Linares @ Valle de San Cristobal;JUGDNLLI;Partido
1787;1808;Partido;Pesqueria Grande;Pesqueria Grande;Pesqueria Grande @;JUGDNLPE;Jurisdiccion
1787;1808;Partido;Pesqueria Grande;Pesqueria Grande;Pesqueria Grande @;JUGDNLPE;Partido
1787;1808;Partido;Pilar;Pilar;Pilar @;PTRPPAPI;Partido
1787;1808;Partido;Pilon;Pilon;Valle de Pilon @;JUGDNLPI;Jurisdiccion
1787;1808;Partido;Pilon;Pilon;Valle de Pilon @;JUGDNLPI;Partido
1787;1808;Partido;Rio Blanco;Rio Blanco;Rio Blanco @ Valle de San Antonio de los Llanos;JUGDNLRB;Jurisdiccion
1787;1808;Partido;Rio Blanco;Rio Blanco;Rio Blanco @ Valle de San Antonio de los Llanos;JUGDNLRB;Partido
1787;1808;Partido;Salinas;Salinas;Valle de Salinas @;JUGDNLSA;Jurisdiccion
1787;1808;Partido;Salinas;Salinas;Valle de Salinas @;JUGDNLSA;Partido
1787;1808;Partido;Santa Catarina;Santa Catarina;Valle de Santa Catarina @;JUGDNLSC;Jurisdiccion
1787;1808;Partido;Santa Catarina;Santa Catarina;Valle de Santa Catarina @;JUGDNLSC;Partido
1787;1808;Partido;Silao;Silao;Silao @ Congregacion de Silao;JUNEGJSI;Partido
1787;1808;Partido;Tlaltenango;Tlaltenango;Tlaltenango @ Taltenango;PTGDZATL;Partido
1787;1808;Partido;Yurirapundaro;Yurirapundaro;Yurirapundaro @ Yurirapandiro;PTNEGJYU;Partido
1787;1808;Subdelegacion;Acatlan;Acatlan;Acatlan @ Acatlan y Piaxtla @ Acatlan y Piastla;JUNEPUAC;Jurisdiccion
1787;1808;Subdelegacion;Acatlan;Acatlan;Acatlan @ Acatlan y Piaxtla @ Acatlan y Piastla;JUNEPUAC;Partido
1787;1808;Subdelegacion;Acayuca;Acayuca;Acayuca @ Guazacualco @  Coatzacoalcos @ Acayucan @ Goazacoalco;JUNEVCCZ;Jurisdiccion
1787;1808;Subdelegacion;Acayuca;Acayuca;Acayuca @ Guazacualco @  Coatzacoalcos @ Acayucan @ Goazacoalco;JUNEVCCZ;Partido
1787;1808;Subdelegacion;Actopan;Actopan;Actopan @ Ixcuinquitlapilco @ Octupa @ Octupa, Yxcuin y Cuitlapilco @ Octupa e Iscuintlapilco;JUNEMXAT;Jurisdiccion
1787;1808;Subdelegacion;Actopan;Actopan;Actopan @ Ixcuinquitlapilco @ Octupa @ Octupa, Yxcuin y Cuitlapilco @ Octupa e Iscuintlapilco;JUNEMXAT;Partido
1787;1808;Subdelegacion;Aguas Calientes;Aguas Calientes;Aguas Calientes @ Aguascalientes @ Suchipila y Aguascalientes @ Juchipila y Aguascalientes;JUGDGDAG;Jurisdiccion
1787;1808;Subdelegacion;Aguas Calientes;Aguas Calientes;Aguas Calientes @ Aguascalientes @ Suchipila y Aguascalientes @ Juchipila y Aguascalientes;JUGDGDAG;Partido
1787;1808;Subdelegacion;Alamos;Alamos;Alamos @;JUGDSSAL;Jurisdiccion
1787;1808;Subdelegacion;Alamos;Alamos;Alamos @;JUGDSSAL;Partido
1787;1808;Subdelegacion;Amozoc;Amozoc;Amozoc @ Amozoque @ Guatinchan @ Guautinchan @ Cuautinchan;JUNEPUAM;Jurisdiccion
1787;1808;Subdelegacion;Amozoc;Amozoc;Amozoc @ Amozoque @ Guatinchan @ Guautinchan @ Cuautinchan;JUNEPUAM;Partido
1787;1808;Subdelegacion;Apa;Apa;Apan @ Apa y Tepeapulco @ Apa;JUNEMXAP;Jurisdiccion
1787;1808;Subdelegacion;Apa;Apa;Apan @ Apa y Tepeapulco @ Apa;JUNEMXAP;Partido
1787;1808;Subdelegacion;Arizpe;Arizpe;Opateria @ Sonora;PTGDSSSO;Partido
1787;1808;Subdelegacion;Bolonchencauich;Bolonchencauich;Bolonchencauich @ Bolonchen Cawich;JUNEYUBO;Jurisdiccion
1787;1808;Subdelegacion;Bolonchencauich;Bolonchencauich;Bolonchencauich @ Bolonchen Cawich;JUNEYUBO;Partido
1787;1808;Subdelegacion;Cadereyta;Cadereyta;Cadereyta @ Cadereyta y Escanela @ minas de Escanela @ Minas de Escanela, Cerro Gordo y río de las Palmas y valles de Conca, Pamíes, Puxinguía;JUNEMXCA;Jurisdiccion
1787;1808;Subdelegacion;Cadereyta;Cadereyta;Cadereyta @ Cadereyta y Escanela @ minas de Escanela @ Minas de Escanela, Cerro Gordo y río de las Palmas y valles de Conca, Pamíes, Puxinguía;JUNEMXCA;Partido
1787;1808;Subdelegacion;Camino Real Alto;Camino Real Alto;Camino Real Alto @ Calkini @ Camino Real de Campeche;JUNEYURA;Jurisdiccion
1787;1808;Subdelegacion;Camino Real Alto;Camino Real Alto;Camino Real Alto @ Calkini @ Camino Real de Campeche;JUNEYURA;Partido
1787;1808;Subdelegacion;Campeche;Campeche;Campeche @;JUNEYUCA;Jurisdiccion
1787;1808;Subdelegacion;Celaya;Celaya;Celaya @ Celaya y Salvatierra;JUNEGJCE;Jurisdiccion
1787;1808;Subdelegacion;Chalco;Chalco;Chalco @ Chalco y Tlalmanalco @ Chalco-Tlalmanalco @ Chalco Talmanalco @ Chalco y Tlayacapa @ Chalco y Hayacapa @ Chalco Talmanalco @ Chalco Talmanalco, agregao de Tlayacapa;JUNEMXCH;Jurisdiccion
1787;1808;Subdelegacion;Charcas;Charcas;Charcas @ Charcas y Sierra de Pinos @ Catorze @ Ramos;JUNESLCH;Jurisdiccion
1787;1808;Subdelegacion;Charcas;Charcas;Charcas @ Charcas y Sierra de Pinos @ Catorze @ Ramos;JUNESLCH;Partido
1787;1808;Subdelegacion;Chiautla;Chiautla;Chiautla @ Chiautla de la Sal @ Chiautla de la Sal y Teocalco @;JUNEPUCT;Jurisdiccion
1787;1808;Subdelegacion;Chiautla;Chiautla;Chiautla @ Chiautla de la Sal @ Chiautla de la Sal y Teocalco @;JUNEPUCT;Partido
1787;1808;Subdelegacion;Chilapa;Chilapa;Chilapa @ Provincia de Chilapa @ Tlacozautitlan @ Tlalcozautitlan @ Chilapan @ Chilapam @ Chilapa y Chisla @ Chiapa y Tixtla;JUNEMXCL;Jurisdiccion
1787;1808;Subdelegacion;Chilapa;Chilapa;Chilapa @ Provincia de Chilapa @ Tlacozautitlan @ Tlalcozautitlan @ Chilapan @ Chilapam @ Chilapa y Chisla @ Chiapa y Tixtla;JUNEMXCL;Partido
1787;1808;Subdelegacion;Chinda;Chinda;Chinda @;JUGUCYCN;Jurisdiccion
1787;1808;Subdelegacion;Chinda;Chinda;Chinda @;JUGUCYCN;Partido
1787;1808;Subdelegacion;Cholula;Cholula;Cholula @;JUNEPUCL;Jurisdiccion
1787;1808;Subdelegacion;Cholula;Cholula;Cholula @;JUNEPUCL;Partido
1787;1808;Subdelegacion;Cieneguilla;Cieneguilla;Cieneguilla @;JUGDSSCI;Jurisdiccion
1787;1808;Subdelegacion;Cieneguilla;Cieneguilla;Cieneguilla @;JUGDSSCI;Partido
1787;1808;Subdelegacion;Coatepec;Coatepec;Coatepec @ Coatepec Chalco @ Coatepeque @ Guautepec @ Guautepeque;JUNEMXCO;Jurisdiccion
1787;1808;Subdelegacion;Coatepec;Coatepec;Coatepec @ Coatepec Chalco @ Coatepeque @ Guautepec @ Guautepeque;JUNEMXCO;Partido
1787;1808;Subdelegacion;Copala;Copala;Copala @ Panico y San Bartolome @ San Bartolome Copala @ San Jose Copala @ Chiametla y Maloya;JUGDSSCP;Jurisdiccion
1787;1808;Subdelegacion;Copala;Copala;Copala @ Panico y San Bartolome @ San Bartolome Copala @ San Jose Copala @ Chiametla y Maloya;JUGDSSCP;Partido
1787;1808;Subdelegacion;Cordoba;Cordoba;Cordoba @ Cordoba y Huatusco @ Guatusco @ Goatuzco, Cordoba y Huatusco y Coscomatepeque;JUNEVCCO;Jurisdiccion
1787;1808;Subdelegacion;Cordoba;Cordoba;Cordoba @ Cordoba y Huatusco @ Guatusco @ Goatuzco, Cordoba y Huatusco y Coscomatepeque;JUNEVCCO;Partido
1787;1808;Subdelegacion;Cosala;Cosala;Cosala @ Las Virgenes @ Once mil virgenes de Cosala;JUGDSSCS;Jurisdiccion
1787;1808;Subdelegacion;Cosala;Cosala;Cosala @ Las Virgenes @ Once mil virgenes de Cosala;JUGDSSCS;Partido
1787;1808;Subdelegacion;Cosamaloapan;Cosamaloapan;Cosamaloapan @ Cuzamaluava @ Cuzamaluaba @ Cosamaloapan y Guaspaltepec @ Cozamaloapan @ Cosamaluapa;JUNEVCCS;Jurisdiccion
1787;1808;Subdelegacion;Cuautitlan;Cuautitlan;Cuautitlan @ Guautitlan @ Cuauhtitlan @ Quautitlan @ Cuautitlan y Tepozotlan;JUNEMXCN;Jurisdiccion
1787;1808;Subdelegacion;Cuautitlan;Cuautitlan;Cuautitlan @ Guautitlan @ Cuauhtitlan @ Quautitlan @ Cuautitlan y Tepozotlan;JUNEMXCN;Partido
1787;1808;Subdelegacion;Cuautla Amilpas;Cuautla Amilpas;Cuautla Amilpas @ Cuautla @ Coautla @ Minas de Guautla @ Coyuco;JUNEMXCT;Jurisdiccion
1787;1808;Subdelegacion;Cuencame;Cuencame;Cuencame @ Los Mezquitales, Cuencame y Rio de las Nazas;JUGDDUCM;Jurisdiccion
1787;1808;Subdelegacion;Cuencame;Cuencame;Cuencame @ Los Mezquitales, Cuencame y Rio de las Nazas;JUGDDUCM;Partido
1787;1808;Subdelegacion;Culiacan;Culiacan;Culiacan @;JUGDSSCU;Jurisdiccion
1787;1808;Subdelegacion;Culiacan;Culiacan;Culiacan @;JUGDSSCU;Partido
1787;1808;Subdelegacion;Culiacan;Culiacan;Culiacan @;JUGDSSCU;Provincia_menor
1787;1808;Subdelegacion;Dolores;Dolores;Dolores @ Congregacion de Dolores;JUNEGJDO;Jurisdiccion
1787;1808;Subdelegacion;Dolores;Dolores;Dolores @ Congregacion de Dolores;JUNEGJDO;Partido
1787;1808;Subdelegacion;Ecatepec;Ecatepec;Ecatepec @ San Cristobal Ecatepec @ Chiconautla;JUNEMXEC;Jurisdiccion
1787;1808;Subdelegacion;Ecatepec;Ecatepec;Ecatepec @ San Cristobal Ecatepec @ Chiconautla;JUNEMXEC;Partido
1787;1808;Subdelegacion;El Fuerte;El Fuerte;El Fuerte @;JUGDSSEF;Jurisdiccion
1787;1808;Subdelegacion;El Fuerte;El Fuerte;El Fuerte @;JUGDSSEF;Partido
1787;1808;Subdelegacion;El Realejo;El Realejo;Realejo @;JUGUNIRE;Jurisdiccion
1787;1808;Subdelegacion;El Realejo;El Realejo;Realejo @;JUGUNIRE;Partido
1787;1808;Subdelegacion;Etzatlan;Etzatlan;Etzatlan @ Izatlan @ Ahualulco @ Agualulco @ Ezatlan;JUGDGDET;Jurisdiccion
1787;1808;Subdelegacion;Etzatlan;Etzatlan;Etzatlan @ Izatlan @ Ahualulco @ Agualulco @ Ezatlan;JUGDGDET;Partido
1787;1808;Subdelegacion;Fresnillo;Fresnillo;Fresnillo @;JUGDZAFR;Jurisdiccion
1787;1808;Subdelegacion;Gracias a Dios;Gracias a Dios;Gracias a Dios @;JUGUCYGR;Jurisdiccion
1787;1808;Subdelegacion;Gracias a Dios;Gracias a Dios;Gracias a Dios @;JUGUCYGR;Partido
1787;1808;Subdelegacion;Guadalcazar;Guadalcazar;Guadalcazar @ San Pedro Guadalcazar @ Real de Guadalcazar @ Minas de Guadalcazar;JUNESLGU;Jurisdiccion
1787;1808;Subdelegacion;Guadalcazar;Guadalcazar;Guadalcazar @ San Pedro Guadalcazar @ Real de Guadalcazar @ Minas de Guadalcazar;JUNESLGU;Partido
1787;1808;Subdelegacion;Huajuapan;Huajuapan;Huajuapan @ Guaxuapa @ Guaxuapa y Tequecistepec @  Huaxuapa @ Huajuapa y Tonala @ Huajuapa y Tonala y Minas de Silacayopa;JUNEOAHP;Jurisdiccion
1787;1808;Subdelegacion;Huajuapan;Huajuapan;Huajuapan @ Guaxuapa @ Guaxuapa y Tequecistepec @  Huaxuapa @ Huajuapa y Tonala @ Huajuapa y Tonala y Minas de Silacayopa;JUNEOAHP;Partido
1787;1808;Subdelegacion;Huambos;Huambos;Huambos @ Chota;JUPETRHB;Jurisdiccion
1787;1808;Subdelegacion;Huambos;Huambos;Huambos @ Chota;JUPETRHB;Partido
1787;1808;Subdelegacion;Huasco;Huasco;Huasco @;JUCHSAHU;Jurisdiccion
1787;1808;Subdelegacion;Huasco;Huasco;Huasco @;JUCHSAHU;Partido
1787;1808;Subdelegacion;Huauchinango;Huauchinango;Huauchinango @ Guachinango @ Metateyuca;JUNEPUHN;Jurisdiccion
1787;1808;Subdelegacion;Huauchinango;Huauchinango;Huauchinango @ Guachinango @ Metateyuca;JUNEPUHN;Partido
1787;1808;Subdelegacion;Huayacocotla;Huayacocotla;Huayacocotla @ Guayacocotla y Chicontepec;JUNEPUHY;Jurisdiccion
1787;1808;Subdelegacion;Huayacocotla;Huayacocotla;Huayacocotla @ Guayacocotla y Chicontepec;JUNEPUHY;Partido
1787;1808;Subdelegacion;Huejotzingo;Huejotzingo;Huejotzingo @ Guejosingo @ Huexocingo;JUNEPUHZ;Jurisdiccion
1787;1808;Subdelegacion;Huejotzingo;Huejotzingo;Huejotzingo @ Guejosingo @ Huexocingo;JUNEPUHZ;Partido
1787;1808;Subdelegacion;Huejutla;Huejutla;Huejutla @ Huexutla @ Guejutla @ Guaxutla @;JUNEMXHJ;Jurisdiccion
1787;1808;Subdelegacion;Huejutla;Huejutla;Huejutla @ Huexutla @ Guejutla @ Guaxutla @;JUNEMXHJ;Partido
1787;1808;Subdelegacion;Huichapan;Huichapan;Huichapan @ Xilotepec @ Guichapa @ Jilotepec @ Xilotepeque @ Jilotepeque @ Guachiapa @ Hueychiapa @ Gilotepec y Guichapa @ Huichiapa;JUNEMXHU;Jurisdiccion
1787;1808;Subdelegacion;Huichapan;Huichapan;Huichapan @ Xilotepec @ Guichapa @ Jilotepec @ Xilotepeque @ Jilotepeque @ Guachiapa @ Hueychiapa @ Gilotepec y Guichapa @ Huichiapa;JUNEMXHU;Partido
1787;1808;Subdelegacion;Hunucma;Hunucma;Camino Real Bajo @ Hunucma @ Camino Real y Hunucma;JUNEYURB;Jurisdiccion
1787;1808;Subdelegacion;Hunucma;Hunucma;Camino Real Bajo @ Hunucma @ Camino Real y Hunucma;JUNEYURB;Partido
1787;1808;Subdelegacion;Igualapa;Igualapa;Igualapa @ Ometepeque @ Igualapa, Xalapa y Cintla @ Ygualapam @ Xalapa @ Xalapa, Cintla y Acatlan @ Xalapa de la Costa;JUNEPUIG;Jurisdiccion
1787;1808;Subdelegacion;Igualapa;Igualapa;Igualapa @ Ometepeque @ Igualapa, Xalapa y Cintla @ Ygualapam @ Xalapa @ Xalapa, Cintla y Acatlan @ Xalapa de la Costa;JUNEPUIG;Partido
1787;1808;Subdelegacion;Illapel;Illapel;Illapel @ Cuzcuz, Cuz Cuz;JUCHSACC;Jurisdiccion
1787;1808;Subdelegacion;Illapel;Illapel;Illapel @ Cuzcuz, Cuz Cuz;JUCHSACC;Partido
1787;1808;Subdelegacion;Ixmiquilpan;Ixmiquilpan;Ixmiquilpan @ Esmiquilpa;JUNEMXIM;Jurisdiccion
1787;1808;Subdelegacion;Ixmiquilpan;Ixmiquilpan;Ixmiquilpan @ Esmiquilpa;JUNEMXIM;Partido
1787;1808;Subdelegacion;Ixtlahuaca;Ixtlahuaca;Ixtlahuaca @ Mequetepeque @ Istlavaca @ Valle de Matalcingo @ Huitzitzilapa y Valle de Matalcingo @ Ixtlahuaca y Metepec @ Ixtlahuac @ Istlehusicar @ Istlaguaca y Metepeque;JUNEMXIH;Jurisdiccion
1787;1808;Subdelegacion;Ixtlahuaca;Ixtlahuaca;Ixtlahuaca @ Mequetepeque @ Istlavaca @ Valle de Matalcingo @ Huitzitzilapa y Valle de Matalcingo @ Ixtlahuaca y Metepec @ Ixtlahuac @ Istlehusicar @ Istlaguaca y Metepeque;JUNEMXIH;Partido
1787;1808;Subdelegacion;Izucar;Izucar;Izucar @ Izucar, Aguatlan y Teopantlan;JUNEPUIZ;Jurisdiccion
1787;1808;Subdelegacion;Izucar;Izucar;Izucar @ Izucar, Aguatlan y Teopantlan;JUNEPUIZ;Partido
1787;1808;Subdelegacion;Jamiltepec;Jamiltepec;Jicayan @ Tututepec @ Jamiltepec @ Jamiltepeque @ Xamiltepeque @ Xicayan @ Xicayan y Tututepec;JUNEOAJI;Jurisdiccion
1787;1808;Subdelegacion;Jamiltepec;Jamiltepec;Jicayan @ Tututepec @ Jamiltepec @ Jamiltepeque @ Xamiltepeque @ Xicayan @ Xicayan y Tututepec;JUNEOAJI;Partido
1787;1808;Subdelegacion;Jerez;Jerez;Jerez @ Jerez-Tlaltenango @ Xerez @ Jerez de la Frontera;JUGDZAJE;Partido
1787;1808;Subdelegacion;La Costa;La Costa;La Costa @ Dzidzantun @ Costa Alta y Baja @ Sisantun;JUNEYULC;Jurisdiccion
1787;1808;Subdelegacion;La Costa;La Costa;La Costa @ Dzidzantun @ Costa Alta y Baja @ Sisantun;JUNEYULC;Partido
1787;1808;Subdelegacion;Lerma;Lerma;Lerma @ Talasco @ Lerma y Tarasquillo;JUNEMXLE;Jurisdiccion
1787;1808;Subdelegacion;Lerma;Lerma;Lerma @ Talasco @ Lerma y Tarasquillo;JUNEMXLE;Partido
1787;1808;Subdelegacion;Malinalco;Malinalco;Malinalco @ Tenancingo @ Maninalco;JUNEMXMA;Jurisdiccion
1787;1808;Subdelegacion;Malinalco;Malinalco;Malinalco @ Tenancingo @ Maninalco;JUNEMXMA;Partido
1787;1808;Subdelegacion;Maloya;Maloya;Maloya @ Matatan @ Cacalotan y Maloya;JUGDSSMY;Jurisdiccion
1787;1808;Subdelegacion;Maloya;Maloya;Maloya @ Matatan @ Cacalotan y Maloya;JUGDSSMY;Partido
1787;1808;Subdelegacion;Mapimi;Mapimi;Mapimi @;JUGDDUMA;Jurisdiccion
1787;1808;Subdelegacion;Mapimi;Mapimi;Mapimi @;JUGDDUMA;Partido
1787;1808;Subdelegacion;Masaya;Masaya;Masaya @ Monimbo;JUGUNIMA;Jurisdiccion
1787;1808;Subdelegacion;Matagalpa;Matagalpa;Sebaco @ Sebaco @ Sebaco y Chontales @ Matagalpa @ Matagalpa y Chontales;JUGUNIMG;Jurisdiccion
1787;1808;Subdelegacion;Matagalpa;Matagalpa;Sebaco @ Sebaco @ Sebaco y Chontales @ Matagalpa @ Matagalpa y Chontales;JUGUNIMG;Partido
1787;1808;Subdelegacion;Mazapil;Mazapil;Mazapil @;JUGDZAMA;Jurisdiccion
1787;1808;Subdelegacion;Mazapil;Mazapil;Mazapil @;JUGDZAMA;Partido
1787;1808;Subdelegacion;Metepec;Metepec;Metepec @ Metepec y Sicantepec @ Metepeque y Sinacantepeque @ Metepec y Sanacantepec @ Metepec y Zinacantepec;JUNEMXMC;Jurisdiccion
1787;1808;Subdelegacion;Metepec;Metepec;Metepec @ Metepec y Sicantepec @ Metepeque y Sinacantepeque @ Metepec y Sanacantepec @ Metepec y Zinacantepec;JUNEMXMC;Partido
1787;1808;Subdelegacion;Metztitlan;Metztitlan;Metztitlan @ Meztitlan @ Mextitlan @ Metztitlan de la Sierra @ Meztitlan @ Meztitlan de la Sierra, Molango y Malila;JUNEMXMT;Jurisdiccion
1787;1808;Subdelegacion;Metztitlan;Metztitlan;Metztitlan @ Meztitlan @ Mextitlan @ Metztitlan de la Sierra @ Meztitlan @ Meztitlan de la Sierra, Molango y Malila;JUNEMXMT;Partido
1787;1808;Subdelegacion;Miahuatlan;Miahuatlan;Miahuatlan @ Miaguatlan;JUNEOAMI;Jurisdiccion
1787;1808;Subdelegacion;Miahuatlan;Miahuatlan;Miahuatlan @ Miaguatlan;JUNEOAMI;Partido
1787;1808;Subdelegacion;Nejapa;Nejapa;Nejapa @;JUNEOANE;Jurisdiccion
1787;1808;Subdelegacion;Nejapa;Nejapa;Nejapa @;JUNEOANE;Partido
1787;1808;Subdelegacion;Nicoya;Nicoya;Nicoya @ Bruselas;JUGUNINC;Jurisdiccion
1787;1808;Subdelegacion;Nicoya;Nicoya;Nicoya @ Bruselas;JUGUNINC;Partido
1787;1808;Subdelegacion;Nochixtlan;Nochixtlan;Nochixtlan @ Nochixtlan y Yanhuitlan @ Nochistlan y Peñoles;JUNEOANO;Jurisdiccion
1787;1808;Subdelegacion;Nombre de Dios;Nombre de Dios;Nombre De Dios @;JUGDDUND;Jurisdiccion
1787;1808;Subdelegacion;Nombre de Dios;Nombre de Dios;Nombre De Dios @;JUGDDUND;Partido
1787;1808;Subdelegacion;Nueva Segovia;Nueva Segovia;Nueva Segovia @;JUGUNINS;Jurisdiccion
1787;1808;Subdelegacion;Nueva Segovia;Nueva Segovia;Nueva Segovia @;JUGUNINS;Partido
1787;1808;Subdelegacion;Olanchito;Olanchito;Olanchito @;JUGUCYOT;Jurisdiccion
1787;1808;Subdelegacion;Olanchito;Olanchito;Olanchito @;JUGUCYOT;Partido
1787;1808;Subdelegacion;Olancho;Olancho;Olancho @;JUGUCYOL;Jurisdiccion
1787;1808;Subdelegacion;Olancho;Olancho;Olancho @;JUGUCYOL;Partido
1787;1808;Subdelegacion;Orizaba;Orizaba;Orizaba @ Tequila @ Cachultenango, Tequila y Chichiquila;JUNEVCOR;Jurisdiccion
1787;1808;Subdelegacion;Orizaba;Orizaba;Orizaba @ Tequila @ Cachultenango, Tequila y Chichiquila;JUNEVCOR;Partido
1787;1808;Subdelegacion;Ostimuri;Ostimuri;Ostimuri @ Hostimuri @ Rio Chico @ Ustimuri @ Ostimuri, Valloreca y Rio Chico;JUGDSSOS;Jurisdiccion
1787;1808;Subdelegacion;Ostimuri;Ostimuri;Ostimuri @ Hostimuri @ Rio Chico @ Ustimuri @ Ostimuri, Valloreca y Rio Chico;JUGDSSOS;Partido
1787;1808;Subdelegacion;Ostimuri;Ostimuri;Ostimuri @ Hostimuri @ Rio Chico @ Ustimuri @ Ostimuri, Valloreca y Rio Chico;JUGDSSOS;Provincia_menor
1787;1808;Subdelegacion;Otumba;Otumba;Otumba @;JUNEMXOT;Jurisdiccion
1787;1808;Subdelegacion;Otumba;Otumba;Otumba @;JUNEMXOT;Partido
1787;1808;Subdelegacion;Pachuca;Pachuca;Pachuca @ Tizayuca y Zapotlan @ Pachuca y Tesayuca @ Pachuca y Tizayuca @ Minas de Pachuca;JUNEMXPA;Jurisdiccion
1787;1808;Subdelegacion;Pachuca;Pachuca;Pachuca @ Tizayuca y Zapotlan @ Pachuca y Tesayuca @ Pachuca y Tizayuca @ Minas de Pachuca;JUNEMXPA;Partido
1787;1808;Subdelegacion;Panuco;Panuco;Panuco @ Panuco y Tampico @ Tantoyuca;JUNEVCPN;Jurisdiccion
1787;1808;Subdelegacion;Panuco;Panuco;Panuco @ Panuco y Tampico @ Tantoyuca;JUNEVCPN;Partido
1787;1808;Subdelegacion;Papantla;Papantla;Papantla @;JUNEVCPP;Jurisdiccion
1787;1808;Subdelegacion;Papantla;Papantla;Papantla @;JUNEVCPP;Partido
1787;1808;Subdelegacion;Papasquiaro;Papasquiaro;Papasquiaro @ Santiago Papasquiaro @ Papasquiaro y Santa Catarina @ Papasquiaro y Tepehuanes;JUGDDUPP;Jurisdiccion
1787;1808;Subdelegacion;Papasquiaro;Papasquiaro;Papasquiaro @ Santiago Papasquiaro @ Papasquiaro y Santa Catarina @ Papasquiaro y Tepehuanes;JUGDDUPP;Partido
1787;1808;Subdelegacion;Rio Verde;Rio Verde;Rio Verde @;JUNESLRV;Jurisdiccion
1787;1808;Subdelegacion;Rio Verde;Rio Verde;Rio Verde @;JUNESLRV;Partido
1787;1808;Subdelegacion;Sacatecoluca;Sacatecoluca;Sacatecoluca @ Zacatecoluca;JUGUSSSC;Jurisdiccion
1787;1808;Subdelegacion;Sacatecoluca;Sacatecoluca;Sacatecoluca @ Zacatecoluca;JUGUSSSC;Partido
1787;1808;Subdelegacion;Sahcabchen;Sahcabchen;Sahcabchen @ Champoton @ Seyba;JUNEYUSA;Jurisdiccion
1787;1808;Subdelegacion;Sahcabchen;Sahcabchen;Sahcabchen @ Champoton @ Seyba;JUNEYUSA;Partido
1787;1808;Subdelegacion;Salinas;Salinas de Peñon Blanco;Salinas de Peñon Blanco @ Peñol Blanco @ Peñon Blanco;JUNESLPB;Jurisdiccion
1787;1808;Subdelegacion;Salinas;Salinas de Peñon Blanco;Salinas de Peñon Blanco @ Peñol Blanco @ Peñon Blanco;JUNESLPB;Partido
1787;1808;Subdelegacion;San Andres;San Andres de la Sierra;San Andres de la Sierra @ San Andres y Guapijuje @ Guapijuje @ Yguapejuje @ Otates @ Otais @ Otaez @ Guapejuje @ Guapexuxe @ Guaperaje @ Pijuque;JUGDDUSA;Jurisdiccion
1787;1808;Subdelegacion;San Andres;San Andres de la Sierra;San Andres de la Sierra @ San Andres y Guapijuje @ Guapijuje @ Yguapejuje @ Otates @ Otais @ Otaez @ Guapejuje @ Guapexuxe @ Guaperaje @ Pijuque;JUGDDUSA;Partido
1787;1808;Subdelegacion;San Juan de Los Llanos;San Juan de Los Llanos;San Juan de Los Llanos @ Tlatlauquitepec;JUNEPUSJ;Jurisdiccion
1787;1808;Subdelegacion;San Juan de Los Llanos;San Juan de Los Llanos;San Juan de Los Llanos @ Tlatlauquitepec;JUNEPUSJ;Partido
1787;1808;Subdelegacion;San Juan del Rio;San Juan del Rio;San Juan del Rio @;JUGDDUJR;Jurisdiccion
1787;1808;Subdelegacion;San Juan del Rio;San Juan del Rio;San Juan del Rio @;JUGDDUJR;Partido
1787;1808;Subdelegacion;San Luis de la Paz;San Luis de la Paz;San Luis de la Paz @ Minas de Sichu y los Pozos @ Minas de Sichu @ Minas de Xichu @ Sichu y Puxinguia;JUNEGJSP;Jurisdiccion
1787;1808;Subdelegacion;San Luis de la Paz;San Luis de la Paz;San Luis de la Paz @ Minas de Sichu y los Pozos @ Minas de Sichu @ Minas de Xichu @ Sichu y Puxinguia;JUNEGJSP;Partido
1787;1808;Subdelegacion;San Luis Potosi;San Luis Potosi;San Luis Potosi @ San Luis Potosi y Real de Guadalcazar;JUNESLSL;Jurisdiccion
1787;1808;Subdelegacion;San Luis Potosi;San Luis Potosi;San Luis Potosi @ San Luis Potosi y Real de Guadalcazar;JUNESLSL;Partido
1787;1808;Subdelegacion;San Miguel;San Miguel el Grande;San Miguel el Grande @ San Miguel el Grande y San Felipe @ San Felipe y San Miguel;JUNEGJSM;Jurisdiccion
1787;1808;Subdelegacion;San Pedro Sula;San Pedro Sula;San Pedro Sula @;JUGUCYSP;Jurisdiccion
1787;1808;Subdelegacion;San Pedro Sula;San Pedro Sula;San Pedro Sula @;JUGUCYSP;Partido
1787;1808;Subdelegacion;Santa Maria del Rio;Santa Maria del Rio;Santa Maria del Rio @;JUNESLSM;Jurisdiccion
1787;1808;Subdelegacion;Santa Maria del Rio;Santa Maria del Rio;Santa Maria del Rio @;JUNESLSM;Partido
1787;1808;Subdelegacion;Sierra de Pinos;Sierra de Pinos;Sierra de Pinos @;JUGDZASI;Jurisdiccion
1787;1808;Subdelegacion;Sierra de Pinos;Sierra de Pinos;Sierra de Pinos @;JUGDZASI;Partido
1787;1808;Subdelegacion;Sinaloa;Sinaloa;Sinaloa @ Cinaloa;JUGDSSSI;Jurisdiccion
1787;1808;Subdelegacion;Sinaloa;Sinaloa;Sinaloa @ Cinaloa;JUGDSSSI;Partido
1787;1808;Subdelegacion;Sinaloa;Sinaloa;Sinaloa @ Cinaloa;JUGDSSSI;Provincia_menor
1787;1808;Subdelegacion;Sombrerete;Sombrerete;Sombrerete @ Llerena Real @ Minas de San Martin y Avino;JUGDZASO;Jurisdiccion
1787;1808;Subdelegacion;Sombrerete;Sombrerete;Sombrerete @ Llerena Real @ Minas de San Martin y Avino;JUGDZASO;Partido
1787;1808;Subdelegacion;Sonora;Sonora;Sonora @ San Antonio de la Huerta @ Horcasitas @ San Juan Bautista;JUGDSSSO;Jurisdiccion
1787;1808;Subdelegacion;Sonora;Sonora;Sonora @ San Antonio de la Huerta @ Horcasitas @ San Juan Bautista;JUGDSSSO;Provincia_menor
1787;1808;Subdelegacion;Sotuta;Sotuta;Beneficios Bajos @ Sotuta @ Yaxcaba @ Beneficios;JUNEYUBB;Jurisdiccion
1787;1808;Subdelegacion;Sotuta;Sotuta;Beneficios Bajos @ Sotuta @ Yaxcaba @ Beneficios;JUNEYUBB;Partido
1787;1808;Subdelegacion;Subtiava;Subtiava;Subtiava @ Sutiaba @ Quetzalguaque @ Cazalagua y Pozoltega;JUGUNISU;Jurisdiccion
1787;1808;Subdelegacion;Subtiava;Subtiava;Subtiava @ Sutiaba @ Quetzalguaque @ Cazalagua y Pozoltega;JUGUNISU;Partido
1787;1808;Subdelegacion;Tacuba;Tacuba;Tacuba @ Tacuba y Coaytilan @ Tenayuca @ Tlalnepantla @ Tlanenepantla @ Tlalnepantlan y Tlacopan;JUNEMXTC;Jurisdiccion
1787;1808;Subdelegacion;Tacuba;Tacuba;Tacuba @ Tacuba y Coaytilan @ Tenayuca @ Tlalnepantla @ Tlanenepantla @ Tlalnepantlan y Tlacopan;JUNEMXTC;Partido
1787;1808;Subdelegacion;Taretan;Taretan;Taretan @;JUNEMITA;Jurisdiccion
1787;1808;Subdelegacion;Taretan;Taretan;Taretan @;JUNEMITA;Partido
1787;1808;Subdelegacion;Taxco;Taxco;Taxco @ Tasco @ Taxco e Iguala @ Real de minas de Taxco;JUNEMXTA;Jurisdiccion
1787;1808;Subdelegacion;Tecali;Tecali;Tecali @ Santiago Tecali @ Tecalco;JUNEPUTC;Jurisdiccion
1787;1808;Subdelegacion;Tecali;Tecali;Tecali @ Santiago Tecali @ Tecalco;JUNEPUTC;Partido
1787;1808;Subdelegacion;Tehuacan;Tehuacan;Tehuacan @ Tehuacan de las Granadas @ Tehuacan y Teutitlan;JUNEPUTH;Jurisdiccion
1787;1808;Subdelegacion;Tehuacan;Tehuacan;Tehuacan @ Tehuacan de las Granadas @ Tehuacan y Teutitlan;JUNEPUTH;Partido
1787;1808;Subdelegacion;Tehuantepec;Tehuantepec;Tehuantepec @ Tehuantepeque @ Teguantepec @ Teguantepeque @ Tegoantepec;JUNEOATT;Jurisdiccion
1787;1808;Subdelegacion;Tehuantepec;Tehuantepec;Tehuantepec @ Tehuantepeque @ Teguantepec @ Teguantepeque @ Tegoantepec;JUNEOATT;Partido
1787;1808;Subdelegacion;Temascaltepec;Temascaltepec;Temascaltepec @ Temazcaltepec y Zultepec @ Minas de Temalzaltepec @ Temascaltepeque y Zultepeque @ Temascaltepeque y Sultepeque;JUNEMXTE;Jurisdiccion
1787;1808;Subdelegacion;Tenango del Valle;Tenango del Valle;Tenango del Valle @ Teutenango;JUNEMXTV;Jurisdiccion
1787;1808;Subdelegacion;Tenango del Valle;Tenango del Valle;Tenango del Valle @ Teutenango;JUNEMXTV;Partido
1787;1808;Subdelegacion;Tencoa;Tencoa;Tencoa @ Santa Barbara;JUGUCYTC;Jurisdiccion
1787;1808;Subdelegacion;Tencoa;Tencoa;Tencoa @ Santa Barbara;JUGUCYTC;Partido
1787;1808;Subdelegacion;Teotihuacan;San Juan Teotihuacan;Teotihuacan @ San Juan Teotihuacan @ Tequecistlan;JUNEMXTH;Jurisdiccion
1787;1808;Subdelegacion;Teotihuacan;San Juan Teotihuacan;Teotihuacan @ San Juan Teotihuacan @ Tequecistlan;JUNEMXTH;Partido
1787;1808;Subdelegacion;Teotitlan Del Camino;Teotitlan Del Camino;Cuicatlan @ Cuicatlan y Papaloticpac @ Cuicatlan y Teotitlan @ Teotitlan Del Camino @ Ciucatlan;JUNEOATC;Jurisdiccion
1787;1808;Subdelegacion;Teotitlan Del Camino;Teotitlan Del Camino;Cuicatlan @ Cuicatlan y Papaloticpac @ Cuicatlan y Teotitlan @ Teotitlan Del Camino @ Ciucatlan;JUNEOATC;Partido
1787;1808;Subdelegacion;Teotitlan Del Valle;Teotitlan Del Valle;Teotitlan del Valle @ Mitla y Tlacolula @ Macuilsuchil;JUNEOATV;Jurisdiccion
1787;1808;Subdelegacion;Teotitlan Del Valle;Teotitlan Del Valle;Teotitlan del Valle @ Mitla y Tlacolula @ Macuilsuchil;JUNEOATV;Partido
1787;1808;Subdelegacion;Teozacoalco;Teozacoalco y Teococuilco;Teozacualco @ Teosacualco @ Teozacualco y Amoltepec @ Teozacoalco @ Teozacoalco y Teococuilco @ Teozacoalco y Teocucuilco @ Teopozalco, Teoxomulco y Teocuicuilco @ Teocuicuilco y Teozacualco @ Teozacualco y Teozoquilco;JUNEOATZ;Jurisdiccion
1787;1808;Subdelegacion;Teozacoalco;Teozacoalco y Teococuilco;Teozacualco @ Teosacualco @ Teozacualco y Amoltepec @ Teozacoalco @ Teozacoalco y Teococuilco @ Teozacoalco y Teocucuilco @ Teopozalco, Teoxomulco y Teocuicuilco @ Teocuicuilco y Teozacualco @ Teozacualco y Teozoquilco;JUNEOATZ;Partido
1787;1808;Subdelegacion;Tepexi de la Seda;Tepexi de la Seda;Tepexi de la Seda @ Tepeji de la Seda y Guatlatlauca @ Zepexi de la Seda @ Tepeji de la Seda @ Tepeji @ Tepexi de la Seda y Atlatlauca @ Tepexi de la Seda, Acatlan y Piastla;JUNEPUTS;Jurisdiccion
1787;1808;Subdelegacion;Tepexi de la Seda;Tepexi de la Seda;Tepexi de la Seda @ Tepeji de la Seda y Guatlatlauca @ Zepexi de la Seda @ Tepeji de la Seda @ Tepeji @ Tepexi de la Seda y Atlatlauca @ Tepexi de la Seda, Acatlan y Piastla;JUNEPUTS;Partido
1787;1808;Subdelegacion;Teposcolula;Teposcolula;Teposcolula @ Teposcolula y Yanguitlan @ Teposcolula y Anguitlan @ Teposcolula y Yanhuitlan;JUNEOATP;Jurisdiccion
1787;1808;Subdelegacion;Teposcolula;Teposcolula;Teposcolula @ Teposcolula y Yanguitlan @ Teposcolula y Anguitlan @ Teposcolula y Yanhuitlan;JUNEOATP;Partido
1787;1808;Subdelegacion;Tetela del Rio;Tetela del Rio;Tetela del Rio @ Ajuchitlan @ Azuchitlan @ Capulalcolulco;JUNEMXTR;Jurisdiccion
1787;1808;Subdelegacion;Tetela del Rio;Tetela del Rio;Tetela del Rio @ Ajuchitlan @ Azuchitlan @ Capulalcolulco;JUNEMXTR;Partido
1787;1808;Subdelegacion;Tetela y Jonotla;Tetela y Jonotla;Tetela y Jonotla @ Xonotla y Tetela;JUNEPUTJ;Jurisdiccion
1787;1808;Subdelegacion;Tetela y Jonotla;Tetela y Jonotla;Tetela y Jonotla @ Xonotla y Tetela;JUNEPUTJ;Partido
1787;1808;Subdelegacion;Tetepango;Tetepango;Tetepango @ Tetepango Hueypustla @ Gueispustla @ Huipuxtla @ Tetepango y Misquiaguala @ Tetepango y Mixquiahuala @ Tetepango y Mizquiahuala @ Tetepango y Atitalaquia @ Misquiaguala y Atitalaquia @ Tetepango, Misquiaguala y Atitalaquia @ Tetepango y Quipus;JUNEMXTP;Jurisdiccion
1787;1808;Subdelegacion;Teutila;Teutila;Teutila @ Teutila y Chinantla @ Teutila y Rio Alvarado;JUNEOATL;Jurisdiccion
1787;1808;Subdelegacion;Teutila;Teutila;Teutila @ Teutila y Chinantla @ Teutila y Rio Alvarado;JUNEOATL;Partido
1787;1808;Subdelegacion;Texcoco;Texcoco;Texcoco @ Tescoco @ Tescuco @ Tezcuco @ Tetzcoco @ Tetzcuco @ Acolhuacan;JUNEMXTX;Jurisdiccion
1787;1808;Subdelegacion;Texcoco;Texcoco;Texcoco @ Tescoco @ Tescuco @ Tezcuco @ Tetzcoco @ Tetzcuco @ Acolhuacan;JUNEMXTX;Partido
1787;1808;Subdelegacion;Teziutlan;Teziutlan;Teziutlan @ Teciutlan y Atempa @ Teuzitlan @ Teusitlan y Atempa @ Tesiutlan @;JUNEPUTZ;Jurisdiccion
1787;1808;Subdelegacion;Teziutlan;Teziutlan;Teziutlan @ Teciutlan y Atempa @ Teuzitlan @ Teusitlan y Atempa @ Tesiutlan @;JUNEPUTZ;Partido
1787;1808;Subdelegacion;Tihosuco;Tihosuco;Beneficios Altos @ Tihosuco;JUNEYUBA;Jurisdiccion
1787;1808;Subdelegacion;Tihosuco;Tihosuco;Beneficios Altos @ Tihosuco;JUNEYUBA;Partido
1787;1808;Subdelegacion;Tixtla;Tixtla;Tixtla @ Tistla @ Tixtla y Chilapa @ Minas de Zumpango @ Minas de Zumpango y provincia de Tlapa;JUNEMXTI;Jurisdiccion
1787;1808;Subdelegacion;Tixtla;Tixtla;Tixtla @ Tistla @ Tixtla y Chilapa @ Minas de Zumpango @ Minas de Zumpango y provincia de Tlapa;JUNEMXTI;Partido
1787;1808;Subdelegacion;Tizimin;Tizimin;Tizimin @ Tizimin y Chancenote @ Rio Lagartos;JUNEYUTI;Jurisdiccion
1787;1808;Subdelegacion;Tizimin;Tizimin;Tizimin @ Tizimin y Chancenote @ Rio Lagartos;JUNEYUTI;Partido
1787;1808;Subdelegacion;Tlalpujahua;Tlalpujahua;Tlalpujahua @;JUNEMITP;Jurisdiccion
1787;1808;Subdelegacion;Tlalpujahua;Tlalpujahua;Tlalpujahua @;JUNEMITP;Partido
1787;1808;Subdelegacion;Tlapa;Tlapa;Tlapa @ Tlapan;JUNEPUTL;Jurisdiccion
1787;1808;Subdelegacion;Tlapa;Tlapa;Tlapa @ Tlapan;JUNEPUTL;Partido
1787;1808;Subdelegacion;Totomehuacan;Totomehuacan;Totomehuacan @;JUNEPUTM;Jurisdiccion
1787;1808;Subdelegacion;Totomehuacan;Totomehuacan;Totomehuacan @;JUNEPUTM;Partido
1787;1808;Subdelegacion;Tulancingo;Tulancingo;Tulancingo @ Singulica y Tulancingo @ Singuiluca @ Cinguiluca y Tulancingo;JUNEMXTG;Jurisdiccion
1787;1808;Subdelegacion;Tulancingo;Tulancingo;Tulancingo @ Singulica y Tulancingo @ Singuiluca @ Cinguiluca y Tulancingo;JUNEMXTG;Partido
1787;1808;Subdelegacion;Valladolid;Valladolid;Valladolid @;JUNEYUVA;Jurisdiccion
1787;1808;Subdelegacion;Valladolid;Valladolid;Valladolid @;JUNEYUVA;Partido
1787;1808;Subdelegacion;Valles;Valles;Valles @ Villa de los Valles;JUNESLVA;Jurisdiccion
1787;1808;Subdelegacion;Valles;Valles;Valles @ Villa de los Valles;JUNESLVA;Partido
1787;1808;Subdelegacion;Venado;Venado y La Hedionda;Venado @ Venado y La Hedionda @ Aguas de Venado Hedionda;JUNESLVE;Jurisdiccion
1787;1808;Subdelegacion;Venado;Venado y La Hedionda;Venado @ Venado y La Hedionda @ Aguas de Venado Hedionda;JUNESLVE;Partido
1787;1808;Subdelegacion;Villa Alta;Villa Alta;Villa Alta @ Villalta @ Zapotecas;JUNEOAVA;Jurisdiccion
1787;1808;Subdelegacion;Villa Alta;Villa Alta;Villa Alta @ Villalta @ Zapotecas;JUNEOAVA;Partido
1787;1808;Subdelegacion;Villa de Leon;Villa de Leon;Villa de Leon @ Leon y Zacatula;JUNEGJLE;Jurisdiccion
1787;1808;Subdelegacion;Xalapa;Xalapa;Xalapa @ Xalapa de la Feria @ Xalapa y Xalacingo @ Chapultepec y Maltrata;JUNEVCXA;Jurisdiccion
1787;1808;Subdelegacion;Xochimilco;Xochimilco;Xochimilco @ Sochimilco @ Juquimilco @ Xuchimilco;JUNEMXXO;Jurisdiccion
1787;1808;Subdelegacion;Xochimilco;Xochimilco;Xochimilco @ Sochimilco @ Juquimilco @ Xuchimilco;JUNEMXXO;Partido
1787;1808;Subdelegacion;Yahualica;Yahualica;Yahualica @ Yagualica @ Yagualica y Sochicoatlan @ Yagualica y Zochicoatlan @ Yagualica y Jochiquiatlan @ Sochiguautla;JUNEMXYA;Jurisdiccion
1787;1808;Subdelegacion;Yahualica;Yahualica;Yahualica @ Yagualica @ Yagualica y Sochicoatlan @ Yagualica y Zochicoatlan @ Yagualica y Jochiquiatlan @ Sochiguautla;JUNEMXYA;Partido
1787;1808;Subdelegacion;Yoro;Yoro;Yoro @;JUGUCYYO;Jurisdiccion
1787;1808;Subdelegacion;Yoro;Yoro;Yoro @;JUGUCYYO;Partido
1787;1808;Subdelegacion;Zacatlan;Hueytlalpan y Zacatlan;Zacatlan de las Manzanas @ Gueytlalpa @ Teutalpa e Iztepec @ Hueytlalpan;JUNEPUZM;Jurisdiccion
1787;1808;Subdelegacion;Zacatlan;Hueytlalpan y Zacatlan;Zacatlan de las Manzanas @ Gueytlalpa @ Teutalpa e Iztepec @ Hueytlalpan;JUNEPUZM;Partido
1787;1808;Subdelegacion;Zacatula;Zacatula;Zacatula @;JUNEMXZT;Jurisdiccion
1787;1808;Subdelegacion;Zacatula;Zacatula;Zacatula @;JUNEMXZT;Partido
1787;1808;Subdelegacion;Zacualpan;Zacualpan;Zacualpan @ Ixtapan @ Iztapan @ Zacualpa @ Zacualpa e Ixcateopan @ Zacualpa y Escateupan;JUNEMXZP;Jurisdiccion
1787;1808;Subdelegacion;Zempoala;Zempoala;Zempoala @ Cempoala @ Zempoala y Tequicistlan @ Tlalquilpan y Zempoala;JUNEMXZE;Jurisdiccion
1787;1808;Subdelegacion;Zempoala;Zempoala;Zempoala @ Cempoala @ Zempoala y Tequicistlan @ Tlalquilpan y Zempoala;JUNEMXZE;Partido
1787;1808;Subdelegacion;Zimapan;Zimapan;Zimapan @ Cimapan @ Minas de Zimapan;JUNEMXZI;Jurisdiccion
1787;1808;Subdelegacion;Zimapan;Zimapan;Zimapan @ Cimapan @ Minas de Zimapan;JUNEMXZI;Partido
1787;1808;Subdelegacion;Zimatlan;Zimatlan;Zimatlan @ Cimatlan @ Zimatlan y Tepezimatlan @ Cimatlan y Tepecimatlan @ Zimatlan y Chichicapa;JUNEOAZI;Jurisdiccion
1787;1808;Subdelegacion;Zimatlan;Zimatlan;Zimatlan @ Cimatlan @ Zimatlan y Tepezimatlan @ Cimatlan y Tepecimatlan @ Zimatlan y Chichicapa;JUNEOAZI;Partido
1787;1808;Subdelegacion;Zumpango;Zumpango;Zumpango @ Xilocingo @ Jilocingo @ Citlaltepeque @ Citlaltepec @ Zitlaltepec @ Xilocingo, Tlaltepec y Texisquiac @ Citlaltepeque, Tequisquiapa y Xilocingo;JUNEMXZM;Jurisdiccion
1787;1808;Subdelegacion;Zumpango;Zumpango;Zumpango @ Xilocingo @ Jilocingo @ Citlaltepeque @ Citlaltepec @ Zitlaltepec @ Xilocingo, Tlaltepec y Texisquiac @ Citlaltepeque, Tequisquiapa y Xilocingo;JUNEMXZM;Partido
1787;1808;Subdelegacion-Jurisdiccion;Rosario;Rosario;Rosario @ Chametla @ Chametla y Salinas @ Real de Rosario y Chametla @ Chiametla;JUGDSSRO;Jurisdiccion
1787;1808;Subdelegacion-Jurisdiccion;Rosario;Rosario;Rosario @ Chametla @ Chametla y Salinas @ Real de Rosario y Chametla @ Chiametla;JUGDSSRO;Partido
1787;1808;Subdelegacion-Jurisdiccion;San Miguel;San Miguel;San Miguel @;JUGUSSSM;Jurisdiccion
1787;1808;Subdelegacion-Jurisdiccion;San Miguel;San Miguel;San Miguel @;JUGUSSSM;Partido
1787;1808;Subdelegacion-Jurisdiccion;San Vicente;San Vicente;San Vicente @;JUGUSSSV;Jurisdiccion
1787;1808;Subdelegacion-Jurisdiccion;San Vicente;San Vicente;San Vicente @;JUGUSSSV;Partido
1787;1808;Tenencia de gobierno;Los Osos;Santa Rosa de los Osos;Santa Rosa de los Osos @;JUNGANSR;Partido
1787;1808;Tenencia de subdelegacion;Cojutepeque;Cojutepeque;Cojutepeque @;PTGUSSCO;Partido
1787;1808;Tenencia de subdelegacion;Gotera;Gotera;Gotera @;PTGUSSGO;Partido
1787;1808;Tenencia de subdelegacion;Olocuilta;Olocuilta;Olocuilta @;PTGUSSOL;Partido
1787;1808;Tenencia de subdelegacion;Opico;Opico;Opico @ Ateos @ Quetzaltepeque;PTGUSSOP;Partido
1787;1808;Tenencia de subdelegacion;San Alejo;San Alejo;San Alejo @;PTGUSSAL;Partido
1787;1808;Tenencia de subdelegacion;Sensenti;Sensenti;Sensenti @;JUGUCYSE;Jurisdiccion
1787;1808;Tenencia de subdelegacion;Sensenti;Sensenti;Sensenti @;JUGUCYSE;Partido
1787;1808;Tenencia de subdelegacion;Texutla;Texutla;Texutla @ Tejutla;PTGUSSTE;Partido
1787;1808;Tenencia de subdelegacion;Usulutan;Usulutan;Usulutan @;PTGUSSUS;Partido
1787;1808;Tenencia de subdelegacion;Vallecillo;Vallecillo;Vallecillo @;JUGDNLVA;Jurisdiccion
1787;1808;Tenencia de subdelegacion;Vallecillo;Vallecillo;Vallecillo @;JUGDNLVA;Partido
1788;1797;Partido;Topago;Topago;Topago @ Urique @ Guazapares;JUGDDUTO;Partido
1788;1802;Subdelegacion;Caracuaro;Caracuaro;Caracuaro @;JUNEMICA;Jurisdiccion
1788;1802;Subdelegacion;Caracuaro;Caracuaro;Caracuaro @;JUNEMICA;Partido
1788;1803;Subdelegacion;Chucandiro;Chucandiro;Chucandiro @ Chocandiro;JUNEMICD;Jurisdiccion
1788;1803;Subdelegacion;Chucandiro;Chucandiro;Chucandiro @ Chocandiro;JUNEMICD;Partido
1788;1805;Subdelegacion;Urecho;Urecho;Urecho @;JUNEMIUO;Jurisdiccion
1788;1805;Subdelegacion;Urecho;Urecho;Urecho @;JUNEMIUO;Partido
1788;1806;Subdelegacion;Cocupao;Cocupao;Cocupao @ Tzintzuntzan;JUNEMICO;Jurisdiccion
1788;1806;Subdelegacion;Cocupao;Cocupao;Cocupao @ Tzintzuntzan;JUNEMICO;Partido
1788;1806;Subdelegacion;Erongaricuaro;Erongaricuaro;Erongaricuaro @;JUNEMIER;Jurisdiccion
1788;1806;Subdelegacion;Erongaricuaro;Erongaricuaro;Erongaricuaro @;JUNEMIER;Partido
1788;1807;Subdelegacion;Santa Clara;Santa Clara del Cobre;Santa Clara del Cobre @ Santa Clara de los Cobres;JUNEMISC;Jurisdiccion
1788;1807;Subdelegacion;Santa Clara;Santa Clara del Cobre;Santa Clara del Cobre @ Santa Clara de los Cobres;JUNEMISC;Partido
1788;1808;Audiencia Real;Cuzco;Cuzco;Cuzco @;AUCU0000;Audiencia
1788;1808;Jurisdiccion;San Fernando;San Fernando del Apure;San Fernando del Apure @;JUVEMCSF;Jurisdiccion
1788;1808;Jurisdiccion;San Fernando;San Fernando del Apure;San Fernando del Apure @;JUVEMCSF;Partido
1788;1808;Partido;Apatzingan;Apatzingan;Tancitaro @ Tancitaro;PTNEMITC;Partido
1788;1808;Partido politico;San Jeronimo;San Jeronimo;San Jeronimo @ San Geronimo @ Cerro Pelado @ San Geronimo de Peñalver;PTSDLHSJ;Partido
1788;1808;Partido politico;Yaguaramas;Yaguaramas;Yaguaramas @;PTSDLHYA;Partido
1788;1808;Subdelegacion;Apatzingan;Apatzingan;Tancitaro @ Apatzingan @ y Tapalcatepec @ Tancitaro y Pizandaro @ Tansitaro y Pisandaro @ Tancitaro y Pinzandaro @ Tancitaro, Pizandaro, Cinagua y la Guacana @ Tanzitaro @ Tansitaro @ Tancitaro, Pinzandaro y Motines;JUNEMITC;Jurisdiccion
1788;1808;Subdelegacion;Ario;Ario;Cinagua y la Guacana @ Ario @ Santiago Ario @ La Vacana @ La Uacana @ Sinagua y la Guacana @ Cinagua y Aguacana @ Cinagua y Ahuacana @ Cinagua y La Guacana @ Cinagua y La Huacana;JUNEMICI;Jurisdiccion
1788;1808;Subdelegacion;Ario;Ario;Cinagua y la Guacana @ Ario @ Santiago Ario @ La Vacana @ La Uacana @ Sinagua y la Guacana @ Cinagua y Aguacana @ Cinagua y Ahuacana @ Cinagua y La Guacana @ Cinagua y La Huacana;JUNEMICI;Partido
1788;1808;Subdelegacion;Batopilas;Batopilas;Batopilas @ Minas de Urique @ Monserrate y Urique @ Uriqui @ Batopilas, Urique y Loreto;JUGDDUBP;Jurisdiccion
1788;1808;Subdelegacion;Batopilas;Batopilas;Batopilas @ Minas de Urique @ Monserrate y Urique @ Uriqui @ Batopilas, Urique y Loreto;JUGDDUBP;Partido
1788;1808;Subdelegacion;Cerro Gordo;Cerro Gordo;Cerro Gordo @;JUGDDUCG;Jurisdiccion
1788;1808;Subdelegacion;Cerro Gordo;Cerro Gordo;Cerro Gordo @;JUGDDUCG;Partido
1788;1808;Subdelegacion;Cienega;Cienega de los Olivos;Cienega de los Olivos @;JUGDDUCI;Jurisdiccion
1788;1808;Subdelegacion;Cienega;Cienega de los Olivos;Cienega de los Olivos @;JUGDDUCI;Partido
1788;1808;Subdelegacion;Cosihuiriachi;Cosihuiriachi;Cusihuiriachi @ Cosihuiriachic @ Cosiguiriachi @ Santa Rosa;JUGDDUCR;Jurisdiccion
1788;1808;Subdelegacion;Cosihuiriachi;Cosihuiriachi;Cusihuiriachi @ Cosihuiriachic @ Cosiguiriachi @ Santa Rosa;JUGDDUCR;Partido
1788;1808;Subdelegacion;Guajoquilla;Guajoquilla;Guajoquilla @ La Ramada @ San Antonio de la Ramada @ Santo Cristo de Burgos @ Guaxuquilla @ Guejuquilla @ Guajuquilla @ Guaxoquilla @ Huajoquilla @ Huaxoquilla @ Huajuquilla @ Huajoquilla;JUGDDUGQ;Jurisdiccion
1788;1808;Subdelegacion;Guajoquilla;Guajoquilla;Guajoquilla @ La Ramada @ San Antonio de la Ramada @ Santo Cristo de Burgos @ Guaxuquilla @ Guejuquilla @ Guajuquilla @ Guaxoquilla @ Huajoquilla @ Huaxoquilla @ Huajuquilla @ Huajoquilla;JUGDDUGQ;Partido
1788;1808;Subdelegacion;Guanacevi;Guanacevi;Guanacevi @ Sape @ Zape @ Guanacivi @ Guanacemi;JUGDDUGC;Jurisdiccion
1788;1808;Subdelegacion;Guanacevi;Guanacevi;Guanacevi @ Sape @ Zape @ Guanacivi @ Guanacemi;JUGDDUGC;Partido
1788;1808;Subdelegacion;Huaniqueo;Huaniqueo;Huaniqueo @ Guaniqueo;JUNEMIHQ;Jurisdiccion
1788;1808;Subdelegacion;Huaniqueo;Huaniqueo;Huaniqueo @ Guaniqueo;JUNEMIHQ;Partido
1788;1808;Subdelegacion;Huetamo;Huetamo;Huetamo @ Guimeo y Zirandaro @ Huaymeyo @ Huaymeo y Sirandiro @ Huaymeo y Sirandaro @ Minas del Espiritu Santo;JUNEMIHS;Jurisdiccion
1788;1808;Subdelegacion;Huetamo;Huetamo;Huetamo @ Guimeo y Zirandaro @ Huaymeyo @ Huaymeo y Sirandiro @ Huaymeo y Sirandaro @ Minas del Espiritu Santo;JUNEMIHS;Partido
1788;1808;Subdelegacion;Parral;Parral;Parral @ Parral, Minas Nuevas y Santa Barbara;JUGDDUPL;Jurisdiccion
1788;1808;Subdelegacion;Parral;Parral;Parral @ Parral, Minas Nuevas y Santa Barbara;JUGDDUPL;Partido
1788;1808;Subdelegacion;Parras y Saltillo;Parras y Saltillo;Parras y Saltillo @;JUGDDUPS;Jurisdiccion
1788;1808;Subdelegacion;Real del Oro;Real del Oro;Real del Oro @;JUGDDURO;Jurisdiccion
1788;1808;Subdelegacion;Real del Oro;Real del Oro;Real del Oro @;JUGDDURO;Partido
1788;1808;Subdelegacion;San Bartolome;Valle de San Bartolome;Valle de San Bartolome @;JUGDDUVB;Jurisdiccion
1788;1808;Subdelegacion;San Bartolome;Valle de San Bartolome;Valle de San Bartolome @;JUGDDUVB;Partido
1788;1808;Subdelegacion;Santa Barbara;Santa Barbara;Santa Barbara @ San Francisco del Oro;JUGDDUBB;Jurisdiccion
1788;1808;Subdelegacion;Santa Barbara;Santa Barbara;Santa Barbara @ San Francisco del Oro;JUGDDUBB;Partido
1788;1808;Subdelegacion;Tacambaro;Tacambaro;Tacambaro @;JUNEMITB;Jurisdiccion
1788;1808;Subdelegacion;Tacambaro;Tacambaro;Tacambaro @;JUNEMITB;Partido
1788;1808;Subdelegacion;Tiripetio;Tiripetio;Tiripetio @ Tiripitio;JUNEMITI;Jurisdiccion
1788;1808;Subdelegacion;Tiripetio;Tiripetio;Tiripetio @ Tiripitio;JUNEMITI;Partido
1788;1808;Subdelegacion;Tlazazalca;Tlazazalca;Tlazazalca @ La Piedad @ Chilchota y Tlazazalca;JUNEMITZ;Jurisdiccion
1788;1808;Subdelegacion;Valle de San Buenaventura;Valle de San Buenaventura;Valle de San Buenaventura @ Casas Grandes;JUGDDUBV;Jurisdiccion
1788;1808;Subdelegacion;Valle de San Buenaventura;Valle de San Buenaventura;Valle de San Buenaventura @ Casas Grandes;JUGDDUBV;Partido
1789;1792;Gobernacion-Intendencia;Luisiana;Luisiana;Luisiana @ La Luisiana @ Natchez y la Luisiana;PRSDLU00;Provincia
1789;1792;Gobernacion-Intendencia;Luisiana;Luisiana;Luisiana @ La Luisiana @ Natchez y la Luisiana;PRSDLU00;Provincia_menor
1789;1793;Capitania a Guerra;Magangue;Magangue;Magangue @ El Retiro @ El Retiro y Magangue @ Rio Cauca @ Pantanos;PTNGCAMG;Partido
1789;1800;Tenencia de subdelegacion;Aguancaterique;Aguancaterique;Aguanqueterique @;JUGUTGAG;Partido
1789;1808;Capitania a Guerra;Remedios;Remedios;Remedios @;JUNGANRE;Jurisdiccion
1789;1808;Capitania a Guerra;Remedios;Remedios;Remedios @;JUNGANRE;Partido
1789;1808;Capitania a Guerra (JM);Loba;Loba;Loba @;PTNGCALB;Partido
1789;1808;Capitania a Guerra (JM);Majagual;Majagual;Majagual @ Algarrobo @ Rio Cauca segundo;PTNGCAMJ;Partido
1789;1808;Capitania a Guerra (JM);Rio Sinu;Rio Sinu;Lorica @ Rio Sinu;PTNGCALO;Jurisdiccion
1789;1808;Capitania a Guerra (JM);Rio Sinu;Rio Sinu;Lorica @ Rio Sinu;PTNGCALO;Partido
1789;1808;Gobernacion;Chiloe;Chiloe;Chiloe @ Castro;PRCHCH00;Jurisdiccion
1789;1808;Gobernacion;Chiloe;Chiloe;Chiloe @ Castro;PRCHCH00;Provincia
1789;1808;Gobernacion;Chiloe;Chiloe;Chiloe @ Castro;PRCHCH00;Provincia_mayor
1789;1808;Gobernacion;Chiloe;Chiloe;Chiloe @ Castro;PRCHCH00;Provincia_menor
1789;1808;Gobernacion;Riohacha;Riohacha;Riohacha @ Rio de la Hacha @ Rio Hacha;JUNGSMRH;Jurisdiccion
1789;1808;Gobernacion;Riohacha;Riohacha;Riohacha @ Rio de la Hacha @ Rio Hacha;JUNGSMRH;Partido
1789;1808;Gobernacion;Riohacha;Riohacha;Riohacha @ Rio de la Hacha @ Rio Hacha;JUNGSMRH;Provincia
1789;1808;Gobernacion;Riohacha;Riohacha;Riohacha @ Rio de la Hacha @ Rio Hacha;JUNGSMRH;Provincia_menor
1789;1808;Gobernacion-Intendencia;Maracaibo;Maracaibo;Maracaibo @ Merida, La Grita y Maracaibo;PRVEMC00;Intendencia
1789;1808;Gobernacion-Intendencia;Maracaibo;Maracaibo;Maracaibo @ Merida, La Grita y Maracaibo;PRVEMC00;Provincia
1789;1808;Gobernacion-Intendencia;Maracaibo;Maracaibo;Maracaibo @ Merida, La Grita y Maracaibo;PRVEMC00;Provincia_menor
1789;1808;Obispado;La Habana;La Habana;La Habana @;OBSDLH00;Obispado
1789;1808;Subdelegacion;Autlan;Autlan;Autlan @ Autlan y Puerto de la Navidad;JUGDGDAU;Jurisdiccion
1789;1808;Subdelegacion;Autlan;Autlan;Autlan @ Autlan y Puerto de la Navidad;JUGDGDAU;Partido
1789;1808;Subdelegacion;Cuquio;Cuquio;Cuquio @ Mezticacan @ Tlacotlan @ Tacotlan;JUGDGDCU;Jurisdiccion
1789;1808;Subdelegacion;Cuquio;Cuquio;Cuquio @ Mezticacan @ Tlacotlan @ Tacotlan;JUGDGDCU;Partido
1789;1808;Subdelegacion;Guarisamey;Guarisamey;Guarisamey @ San Diego del Rio @ Nuevo Real de Agua Caliente;JUGDDUGM;Jurisdiccion
1789;1808;Subdelegacion;Guarisamey;Guarisamey;Guarisamey @ San Diego del Rio @ Nuevo Real de Agua Caliente;JUGDDUGM;Partido
1789;1808;Subdelegacion;Hostotipaquillo;Hostotipaquillo;Hostotipaquillo @ Yesca;JUGDGDHQ;Jurisdiccion
1789;1808;Subdelegacion;Hostotipaquillo;Hostotipaquillo;Hostotipaquillo @ Yesca;JUGDGDHQ;Partido
1789;1808;Subdelegacion;Juchipila;Juchipila;Juchipila @ Xuchipila @ Suchipila;JUGDGDJU;Jurisdiccion
1789;1808;Subdelegacion;Juchipila;Juchipila;Juchipila @ Xuchipila @ Suchipila;JUGDGDJU;Partido
1789;1808;Subdelegacion;Sayula;Sayula;Sayula @ Atoyaque @ Pueblos de Avalos @ Zayula;JUGDGDSY;Jurisdiccion
1789;1808;Subdelegacion;Sayula;Sayula;Sayula @ Atoyaque @ Pueblos de Avalos @ Zayula;JUGDGDSY;Partido
1789;1808;Subdelegacion;Senticpac;Senticpac;Senticpac @ Sentipac @ Centicpac @ Sentispac @ Sentipaque @ Senticpac y Tenamachi;JUGDGDSE;Jurisdiccion
1789;1808;Subdelegacion;Senticpac;Senticpac;Senticpac @ Sentipac @ Centicpac @ Sentispac @ Sentipaque @ Senticpac y Tenamachi;JUGDGDSE;Partido
1789;1808;Subdelegacion;Tala;Tala;Tala @ Nochistlanejo;JUGDGDTA;Jurisdiccion
1789;1808;Subdelegacion;Tala;Tala;Tala @ Nochistlanejo;JUGDGDTA;Partido
1789;1808;Subdelegacion;Tecpatitlan;Tecpatitlan;Tecpatitlan @ Tepatitlan @ Tepactitlan @ Colimilla y Matatlan @ Xonacatlan @ Colimilla @ Amatatlan y Colimilla;JUGDGDTT;Jurisdiccion
1789;1808;Subdelegacion;Tecpatitlan;Tecpatitlan;Tecpatitlan @ Tepatitlan @ Tepactitlan @ Colimilla y Matatlan @ Xonacatlan @ Colimilla @ Amatatlan y Colimilla;JUGDGDTT;Partido
1789;1808;Subdelegacion;Tegucigalpa;Tegucigalpa;Tegucigalpa @ Minas y registros de Honduras @ Minas de Tegucigalpa, Acapcap y villa de Choluteca @ Minas de Tegucigalpa y Real del Corpus;JUGUTGTG;Jurisdiccion
1789;1808;Subdelegacion;Tegucigalpa;Tegucigalpa;Tegucigalpa @ Minas y registros de Honduras @ Minas de Tegucigalpa, Acapcap y villa de Choluteca @ Minas de Tegucigalpa y Real del Corpus;JUGUTGTG;Partido
1789;1808;Subdelegacion;Tuscacuesco;Tuscacuesco;Amula @ Amula @ Amola @ Amula y Tuxcacuesco @ Tuxcacuesco @ Tuzcacuezco @ Tuscacuesco @;JUGDGDTU;Jurisdiccion
1789;1808;Subdelegacion;Tuscacuesco;Tuscacuesco;Amula @ Amula @ Amola @ Amula y Tuxcacuesco @ Tuxcacuesco @ Tuzcacuezco @ Tuscacuesco @;JUGDGDTU;Partido
1789;1808;Subdelegacion;Uruapan;Uruapan;Uruapan @;JUNEMIUR;Jurisdiccion
1789;1808;Subdelegacion;Uruapan;Uruapan;Uruapan @;JUNEMIUR;Partido
1789;1808;Subdelegacion;Zamora;Zamora;Zamora y Jacona @ Zamora y Xacona @ Tacona y Zamora;JUNEMIZA;Jurisdiccion
1789;1808;Subdelegacion;Zamora;Zamora;Zamora y Jacona @ Zamora y Xacona @ Tacona y Zamora;JUNEMIZA;Partido
1789;1808;Tenencia de gobierno;Samborondon;Samborondon;Samborondon @ San Borondon @ San Barondon;JUQUGQSB;Jurisdiccion
1789;1808;Tenencia de gobierno;Samborondon;Samborondon;Samborondon @ San Borondon @ San Barondon;JUQUGQSB;Partido
1789;1808;Tenencia de subdelegacion;Cedros;Cedros;Cedros @ Cantarranas;JUGUTGCE;Partido
1789;1808;Tenencia de subdelegacion;Choluteca;Choluteca;Choluteca @;JUGUTGCT;Partido
1789;1808;Tenencia de subdelegacion;Danli;Danli;Danli @;JUGUTGDA;Partido
1789;1808;Tenencia de subdelegacion;Nacaome;Nacaome;Nacaome @;JUGUTGNA;Partido
1790;1797;Gobernacion;Mariquita;Mariquita;Mariquita @ Tocaima y Bague @ Tocaima, Ibague y Mariquita @ Tocaima y Mariquita @ Tocaima, Bague y ciudad de Mariquita y demas pueblos de tierra caliente;PRNGMA00;Provincia
1790;1797;Gobernacion;Mariquita;Mariquita;Mariquita @ Tocaima y Bague @ Tocaima, Ibague y Mariquita @ Tocaima y Mariquita @ Tocaima, Bague y ciudad de Mariquita y demas pueblos de tierra caliente;PRNGMA00;Provincia_menor
1790;1805;Subdelegacion;Angamacutiro;Angamacutiro;Angamacutiro @;JUNEMIAN;Jurisdiccion
1790;1805;Subdelegacion;Angamacutiro;Angamacutiro;Angamacutiro @;JUNEMIAN;Partido
1790;1807;Alcaldia Mayor;Zuñi;Zuñi;Zuñi @;JUGDNMZU;Partido
1790;1808;Alcaldia Mayor;Pecos;Pecos;Galisteo @ Pecos @ Galisteo y Pecos;JUGDNMGA;Partido
1790;1808;Capitania a guerra;Tierradentro;Tierradentro;Tierradentro @ Barranquilla @ Tierra Adentro;PTNGCATA;Jurisdiccion
1790;1808;Corregimiento;Guaduas;Guaduas;Guaduas @;JUNGSFGD;Jurisdiccion
1790;1808;Corregimiento;Guaduas;Guaduas;Guaduas @;JUNGSFGD;Partido
1790;1808;Jurisdiccion;Marinilla;Marinilla;Marinilla @;JUNGANMA;Jurisdiccion
1790;1808;Jurisdiccion;Marinilla;Marinilla;Marinilla @;JUNGANMA;Partido
1790;1808;Partido;Sinamaica;Sinamaica;Sinamaica @;PTVEMCSI;Partido
1790;1808;Partido;Zitacuaro;Zitacuaro;Maravatio @;PTNEMIMA;Partido
1790;1808;Partido politico;Aguacate;Aguacate;Aguacate @;PTSDMAAG;Partido
1790;1808;Partido politico;Cuabal de Madruga;Cuabal de Madruga;Cuabal de Madruga @ Madruga @ Cuajal de Madruga;PTSDMACM;Partido
1790;1808;Subdelegacion;Aigame;Aigame;Aigame @ Real de Aigame @ Pimeria Baja;JUGDSSAI;Jurisdiccion
1790;1808;Subdelegacion;Aigame;Aigame;Aigame @ Real de Aigame @ Pimeria Baja;JUGDSSAI;Partido
1790;1808;Subdelegacion;Colima;Colima;Colima @;JUGDGDCO;Jurisdiccion
1790;1808;Subdelegacion;Colima;Colima;Colima @;JUGDGDCO;Partido
1790;1808;Subdelegacion;Patzcuaro;Patzcuaro;Patzcuaro @;JUNEMIPA;Jurisdiccion
1790;1808;Subdelegacion;Patzcuaro;Patzcuaro;Patzcuaro @;JUNEMIPA;Partido
1790;1808;Subdelegacion;Santa Maria Del Oro;Santa Maria Del Oro;Santa Maria Del Oro @ Tequepexpa @ Tequepespan @ Chimaltitlan;JUGDGDSM;Jurisdiccion
1790;1808;Subdelegacion;Santa Maria Del Oro;Santa Maria Del Oro;Santa Maria Del Oro @ Tequepexpa @ Tequepespan @ Chimaltitlan;JUGDGDSM;Partido
1790;1808;Subdelegacion;Tequila;Tequila;Tequila @;JUGDGDTQ;Jurisdiccion
1790;1808;Subdelegacion;Tequila;Tequila;Tequila @;JUGDGDTQ;Partido
1790;1808;Subdelegacion;Tonala;Tonala;Tonala @ Tonala y San Pedro;JUGDGDTN;Jurisdiccion
1790;1808;Subdelegacion;Tonala;Tonala;Tonala @ Tonala y San Pedro;JUGDGDTN;Partido
1790;1808;Subdelegacion;Zitacuaro;Zitacuaro;Maravatio @ Maravatio @ Zitacuaro @ Zitacuaro y Angangueo @ Maravatio y Zamora @ Villa de Peñaranda de Bracamonte;JUNEMIMA;Jurisdiccion
1790;1808;Tenencia de gobierno;Baracoa;Baracoa;Baracoa @;JUSDCUBC;Jurisdiccion
1790;1808;Tenencia de gobierno;Baracoa;Baracoa;Baracoa @;JUSDCUBC;Partido
1790;1808;Tenencia de gobierno;Cabrutica;Cabrutica;Cabrutica @;JUVECUCT;Partido
1791;1795;Partido;Taos;Taos;Taos @ Tewas @ Tiwas @ Tihuas @ Teguas @ Tehuas @ Tiguas @ Thaos @ Taos y Picuries;JUGDNMTA;Partido
1791;1796;Subdelegacion;Basuchil;Basuchil y Papigochic;Basuchil y Papigochic @ Papigochi;JUGDDUBA;Jurisdiccion
1791;1808;Comandancia General;Provincias Internas;Provincias Internas;Provincias Internas @;CGPI0000;Principal
1791;1808;Corregimiento-Intendencia;San Salvador;San Salvador;San Salvador @ San Salvador y sus agregados de San Miguel y San Vicente;PRGUSS00;Intendencia
1791;1808;Corregimiento-Intendencia;San Salvador;San Salvador;San Salvador @ San Salvador y sus agregados de San Miguel y San Vicente;PRGUSS00;Provincia
1791;1808;Corregimiento-Intendencia;San Salvador;San Salvador;San Salvador @ San Salvador y sus agregados de San Miguel y San Vicente;PRGUSS00;Provincia_mayor
1791;1808;Corregimiento-Intendencia;San Salvador;San Salvador;San Salvador @ San Salvador y sus agregados de San Miguel y San Vicente;PRGUSS00;Provincia_menor
1791;1808;Gobernacion Politico-Militar;Colotlan;Colotlan y Nayarit;Colotlan @ Colotlan y Nayarit @ Fronteras de San Luis de Colotlan @ Fronteras de San Luis Obispo;PRNECT00;Provincia
1791;1808;Gobernacion Politico-Militar;Colotlan;Colotlan y Nayarit;Colotlan @ Colotlan y Nayarit @ Fronteras de San Luis de Colotlan @ Fronteras de San Luis Obispo;PRNECT00;Provincia_mayor
1791;1808;Gobernacion Politico-Militar;Colotlan;Colotlan y Nayarit;Colotlan @ Colotlan y Nayarit @ Fronteras de San Luis de Colotlan @ Fronteras de San Luis Obispo;PRNECT00;Provincia_menor
1791;1808;Gobernacion-Intendencia;Guayana;Guayana;Guayana @;PRVEGU00;Intendencia
1791;1808;Gobernacion-Intendencia;Guayana;Guayana;Guayana @;PRVEGU00;Partido
1791;1808;Gobernacion-Intendencia;Guayana;Guayana;Guayana @;PRVEGU00;Provincia
1791;1808;Gobernacion-Intendencia;Guayana;Guayana;Guayana @;PRVEGU00;Provincia_menor
1791;1808;Obispado;Guayana;Santo Tomas de la Guayana;La Guayana @ Santo Tomas de la Guayana;OBVEGU00;Obispado
1791;1808;Subdelegacion;Acaponeta;Acaponeta;Acaponeta @ Senticpac y Acaponeta;JUGDGDAC;Jurisdiccion
1791;1808;Subdelegacion;Acaponeta;Acaponeta;Acaponeta @ Senticpac y Acaponeta;JUGDGDAC;Partido
1791;1808;Subdelegacion;Jalacingo;Jalacingo;Jalacingo @ Xalacingo;JUNEVCJA;Jurisdiccion
1791;1808;Subdelegacion;Jalacingo;Jalacingo;Jalacingo @ Xalacingo;JUNEVCJA;Partido
1791;1808;Subdelegacion;Jiquilpan;Jiquilpan;Jiquilpan @ Xiquilpa @ Xiquilpa y Periban @ Xiquilpa y Perivan @ Xiquilpa, Periban y Tinguindin @ San Juan de Periban @ Xiquilpa y Chilchotla;JUNEMIJI;Jurisdiccion
1791;1808;Subdelegacion;Paracho;Paracho;Paracho @ Sevina;JUNEMIPR;Jurisdiccion
1791;1808;Subdelegacion;Paracho;Paracho;Paracho @ Sevina;JUNEMIPR;Partido
1791;1808;Subdelegacion;Tlajomulco;Tlajomulco;Tlajomulco y Cajititlan @ Tlaxomulco @ Tlajomulco y Cajitlan;JUGDGDTL;Jurisdiccion
1791;1808;Subdelegacion;Tlajomulco;Tlajomulco;Tlajomulco y Cajititlan @ Tlaxomulco @ Tlajomulco y Cajitlan;JUGDGDTL;Partido
1791;1808;Subdelegacion;Tochimilco;Tochimilco;Tochimilco @ Ocopetlayuca @ Ocopetlavaca @ Cochimilco @ Xochimilco @ Juchimilco;JUNEPUTO;Jurisdiccion
1791;1808;Subdelegacion;Tochimilco;Tochimilco;Tochimilco @ Ocopetlayuca @ Ocopetlavaca @ Cochimilco @ Xochimilco @ Juchimilco;JUNEPUTO;Partido
1791;1808;Tenencia de gobierno;Cuatro Villas;Cuatro Villas;Cuatro Villas @ Cuatro Lugares @ Trinidad;JUSDLHCV;Jurisdiccion
1791;1808;Tenencia de gobierno;Nayarit;Nayarit;Nayarit @ Nuevo Toledo;PRGDNA00;Jurisdiccion
1791;1808;Tenencia de gobierno;Nayarit;Nayarit;Nayarit @ Nuevo Toledo;PRGDNA00;Partido
1792;1800;Gobernacion;Mobila;Mobila;Mobila @;JUSDLUMO;Jurisdiccion
1792;1800;Gobernacion;Mobila;Mobila;Mobila @;JUSDLUMO;Partido
1792;1801;Partido;Catorze;Catorze;Catorze @ Real de Catorze;JUNESLCA;Partido
1792;1803;Republica;Francia;Francia;Francia @;EXFR0000;Extranjero
1792;1808;Gobernacion Politico-Militar;Mazatlan;Mazatlan;Mazatlan @;PTGDSSMA;Jurisdiccion
1792;1808;Gobernacion-Intendencia;Cumana;Cumana;Cumana @ Nueva Andalucia;PRVECU00;Intendencia
1792;1808;Gobernacion-Intendencia;Cumana;Cumana;Cumana @ Nueva Andalucia;PRVECU00;Provincia
1792;1808;Gobernacion-Intendencia;Cumana;Cumana;Cumana @ Nueva Andalucia;PRVECU00;Provincia_menor
1792;1808;Partido politico;Canoa;Canoa;Canoa @;PTSDLHCA;Partido
1792;1808;Subdelegacion;Coayahuana;Coayahuana;Motines @ Motines del Oro @ Coahuayana @ Coahuayana @ Coayaguana;JUNEMIMO;Jurisdiccion
1792;1808;Subdelegacion;Coayahuana;Coayahuana;Motines @ Motines del Oro @ Coahuayana @ Coahuayana @ Coayaguana;JUNEMIMO;Partido
1792;1808;Subdelegacion;Guachinango;Guachinango;Guachinango @ Huachinango @ Guachinango y Mascota @ Mascota;JUGDGDGN;Jurisdiccion
1792;1808;Subdelegacion;Guachinango;Guachinango;Guachinango @ Huachinango @ Guachinango y Mascota @ Mascota;JUGDGDGN;Partido
1792;1808;Subdelegacion;Huexolotitlan;Huexolotitlan;Huexolotitlan @ Huiso @ Huitzo @ Huizo @ Guaxolotlitlan @ Guajolotitlan @ Huejolotitlan @ Guayolotitlan y Guiso;JUNEOAHL;Jurisdiccion
1792;1808;Subdelegacion;Huexolotitlan;Huexolotitlan;Huexolotitlan @ Huiso @ Huitzo @ Huizo @ Guaxolotlitlan @ Guajolotitlan @ Huejolotitlan @ Guayolotitlan y Guiso;JUNEOAHL;Partido
1792;1808;Subdelegacion;La Barca;La Barca;La Barca @ Poncitlan;JUGDGDLB;Jurisdiccion
1792;1808;Subdelegacion;La Barca;La Barca;La Barca @ Poncitlan;JUGDGDLB;Partido
1792;1808;Subdelegacion;La Barranca;San Cristobal de La Barranca;San Cristobal de La Barranca @ Zapopan @ Cuzcatitlan @ Pueblos de la Barranca @ Camotlan y Cuzcatlan @ Tequecistlan;JUGDGDSC;Jurisdiccion
1792;1808;Subdelegacion;La Barranca;San Cristobal de La Barranca;San Cristobal de La Barranca @ Zapopan @ Cuzcatitlan @ Pueblos de la Barranca @ Camotlan y Cuzcatlan @ Tequecistlan;JUGDGDSC;Partido
1792;1808;Subdelegacion;Mexicaltzingo;Mexicaltzingo;Mexicaltzingo @;JUNEMXMZ;Jurisdiccion
1792;1808;Subdelegacion;Mexicaltzingo;Mexicaltzingo;Mexicaltzingo @;JUNEMXMZ;Partido
1792;1808;Subdelegacion;Nieves;Nieves;Nieves @;JUGDZANI;Jurisdiccion
1792;1808;Subdelegacion;Nieves;Nieves;Nieves @;JUGDZANI;Partido
1792;1808;Subdelegacion;Puruandiro;Puruandiro;Puruandiro @;JUNEMIPU;Jurisdiccion
1792;1808;Subdelegacion;Puruandiro;Puruandiro;Puruandiro @;JUNEMIPU;Partido
1792;1808;Subdelegacion;San Sebastian;San Sebastian;Hostotipac @ Hostoticpac @ Hostoticpaque @ Hostotipaque @ San Sebastian;JUGDGDHC;Jurisdiccion
1792;1808;Subdelegacion;San Sebastian;San Sebastian;Hostotipac @ Hostoticpac @ Hostoticpaque @ Hostotipaque @ San Sebastian;JUGDGDHC;Partido
1792;1808;Subdelegacion;Tomatlan;Tomatlan;Tomatlan @ Purificacion;JUGDGDTO;Jurisdiccion
1792;1808;Subdelegacion;Tomatlan;Tomatlan;Tomatlan @ Purificacion;JUGDGDTO;Partido
1792;1808;Subdelegacion;Zapotlan;Zapotlan;Zapotlan @ Tuspa @ Tuxpa @ Zapotlan el Grande @ Tuxpa, Tamazula y Zapotlan;JUGDGDZA;Jurisdiccion
1792;1808;Subdelegacion;Zapotlan;Zapotlan;Zapotlan @ Tuspa @ Tuxpa @ Zapotlan el Grande @ Tuxpa, Tamazula y Zapotlan;JUGDGDZA;Partido
1792;1808;Subdelegacion;Zinapecuaro;Zinapecuaro;Zinapecuaro @ Tzinapecuaro @ Ucareo;JUNEMIZP;Jurisdiccion
1792;1808;Subdelegacion;Zinapecuaro;Zinapecuaro;Zinapecuaro @ Tzinapecuaro @ Ucareo;JUNEMIZP;Partido
1793;1803;Gobernacion;Luisiana;Luisiana;Luisiana @ La Luisiana @ Natchez y la Luisiana;PRSDLU00;Provincia
1793;1803;Gobernacion;Luisiana;Luisiana;Luisiana @ La Luisiana @ Natchez y la Luisiana;PRSDLU00;Provincia_menor
1793;1803;Intendencia;Luisiana;Luisiana;Luisiana @;INSDLU00;Intendencia
1793;1808;Corregimiento;Vega de Supia;Vega de Supia;Vega de Supia @ Anserma;JUNGPOSU;Jurisdiccion
1793;1808;Gobernacion;Cuenca;Cuenca;Cuenca @;PRQUCU00;Jurisdiccion
1793;1808;Gobernacion;Cuenca;Cuenca;Cuenca @;PRQUCU00;Provincia
1793;1808;Gobernacion;Cuenca;Cuenca;Cuenca @;PRQUCU00;Provincia_menor
1793;1808;Jurisdiccion;Buga;Buga;Buga @;JUQUPOBU;Jurisdiccion
1793;1808;Jurisdiccion;Buga;Buga;Buga @;JUQUPOBU;Partido
1793;1808;Jurisdiccion;Cucuta;Cucuta;San Jose de Cucuta @ Guasimales;JUNGPPCU;Jurisdiccion
1793;1808;Jurisdiccion;Cucuta;Cucuta;San Jose de Cucuta @ Guasimales;JUNGPPCU;Partido
1793;1808;Jurisdiccion;Rionegro;Rionegro;Rionegro @ Santiago de Arma @ Rio Negro @ Arma y Marinilla;JUNGANAR;Jurisdiccion
1793;1808;Jurisdiccion;Rionegro;Rionegro;Rionegro @ Santiago de Arma @ Rio Negro @ Arma y Marinilla;JUNGANAR;Partido
1793;1808;Jurisdiccion;Rosario;Rosario;Rosario de Cucuta @;JUNGPPRC;Jurisdiccion
1793;1808;Jurisdiccion;Rosario;Rosario;Rosario de Cucuta @;JUNGPPRC;Partido
1793;1808;Subdelegacion; Mezquital;San Francisco de Mezquital;Mezquital @ San Francisco Mezquital @ San Bernardino Milpillas @ Lajas y Melipillas @ Melpillas @ San Francisco de Lajas @ San Francisco de Lajas;JUGDDUME;Jurisdiccion
1793;1808;Subdelegacion; Mezquital;San Francisco de Mezquital;Mezquital @ San Francisco Mezquital @ San Bernardino Milpillas @ Lajas y Melipillas @ Melpillas @ San Francisco de Lajas @ San Francisco de Lajas;JUGDDUME;Partido
1793;1808;Subdelegacion;Ahuacatlan;Ahuacatlan;Ahuacatlan @ Aguacatlan y Xala;JUGDGDAH;Jurisdiccion
1793;1808;Subdelegacion;Ahuacatlan;Ahuacatlan;Ahuacatlan @ Aguacatlan y Xala;JUGDGDAH;Partido
1793;1808;Subdelegacion;Babonoyaba;Babonoyaba;Babonoyaba @ Satevo @ Satebo @ Sattebo @ Babonayaba;JUGDDUBY;Jurisdiccion
1793;1808;Subdelegacion;Babonoyaba;Babonoyaba;Babonoyaba @ Satevo @ Satebo @ Sattebo @ Babonayaba;JUGDDUBY;Partido
1793;1808;Subdelegacion;Chihuahua;Chihuahua;Chihuahua @ San Francisco de Cuellar @ Santa Eulalia;JUGDDUCH;Jurisdiccion
1793;1808;Subdelegacion;Chihuahua;Chihuahua;Chihuahua @ San Francisco de Cuellar @ Santa Eulalia;JUGDDUCH;Partido
1793;1808;Subdelegacion;Chontales;Chontales;Chontales @ Chontales y Mixes Altos;JUNEOACM;Jurisdiccion
1793;1808;Subdelegacion;Chontales;Chontales;Chontales @ Chontales y Mixes Altos;JUNEOACM;Partido
1793;1808;Subdelegacion;Conchos;Conchos;San Francisco de Conchos @;JUGDDUCS;Jurisdiccion
1793;1808;Subdelegacion;Conchos;Conchos;San Francisco de Conchos @;JUGDDUCS;Partido
1793;1808;Subdelegacion;Cuitzeo;Cuitzeo de la Laguna;Cuitzeo de la Laguna @ Cuiseo @  Cuiceo @ Cuisco de la Laguna;JUNEMICL;Jurisdiccion
1793;1808;Subdelegacion;Cuitzeo;Cuitzeo de la Laguna;Cuitzeo de la Laguna @ Cuiseo @  Cuiceo @ Cuisco de la Laguna;JUNEMICL;Partido
1793;1808;Subdelegacion;Curico;Curico;Curico @;JUCHSACR;Jurisdiccion
1793;1808;Subdelegacion;Curico;Curico;Curico @;JUCHSACR;Partido
1793;1808;Subdelegacion;Isla de Laja;Isla de Laja;Isla de la Laja @ Laja;JUCHCOIL;Jurisdiccion
1793;1808;Subdelegacion;Isla de Laja;Isla de Laja;Isla de la Laja @ Laja;JUCHCOIL;Partido
1793;1808;Subdelegacion;Julimes;Julimes;Julimes @;JUGDDUJU;Jurisdiccion
1793;1808;Subdelegacion;Julimes;Julimes;Julimes @;JUGDDUJU;Partido
1793;1808;Subdelegacion;Panatahuas;Panatahuas;Panatahuas @ Conversiones de Huanuco @ Panatavas;JUPETAPA;Jurisdiccion
1793;1808;Subdelegacion;Panatahuas;Panatahuas;Panatahuas @ Conversiones de Huanuco @ Panatavas;JUPETAPA;Partido
1793;1808;Subdelegacion;Penjamo;Penjamo;Penjamo @;JUNEGJPE;Jurisdiccion
1793;1808;Subdelegacion;Penjamo;Penjamo;Penjamo @;JUNEGJPE;Partido
1793;1808;Subdelegacion;Piedragorda;Piedragorda;Piedra Gorda @ Piedragorda;JUNEGJPG;Jurisdiccion
1793;1808;Subdelegacion;Piedragorda;Piedragorda;Piedra Gorda @ Piedragorda;JUNEGJPG;Partido
1793;1808;Subdelegacion;San Geronimo;San Geronimo;San Geronimo @ San Jeronimo;JUGDDUSG;Jurisdiccion
1793;1808;Subdelegacion;San Geronimo;San Geronimo;San Geronimo @ San Jeronimo;JUGDDUSG;Partido
1793;1808;Subdelegacion;Santa Isabel;Santa Isabel;Santa Isabel @;JUGDDUSI;Jurisdiccion
1793;1808;Subdelegacion;Santa Isabel;Santa Isabel;Santa Isabel @;JUGDDUSI;Partido
1793;1808;Subdelegacion;Tepic;Tepic;Tepic @ Tepique;JUGDGDTE;Jurisdiccion
1793;1808;Subdelegacion;Tepic;Tepic;Tepic @ Tepique;JUGDGDTE;Partido
1793;1808;Tenencia de gobierno;Micay;Micay;Micay @;JUQUPOMI;Jurisdiccion
1793;1808;Tenencia de gobierno;Micay;Micay;Micay @;JUQUPOMI;Partido
1793;9999;Partido politico;Peñuelas;Peñuelas;Peñuela @;PTSDPRPE;Partido
1793;9999;Partido politico;Yabucoa;Yabucoa;Yabucoa @;PTSDPRYB;Jurisdiccion
1793;9999;Partido politico;Yabucoa;Yabucoa;Yabucoa @;PTSDPRYB;Partido
1794;1797;Partido;La Carlota;La Carlota;La Carlota @ Carlota;PTRPCOLC;Partido
1794;1800;Partido;Rio Cuarto;Rio Cuarto;Rio Cuarto @ Riocuarto @ Concepcion;PTRPCORC;Partido
1794;1808;Capitania a Guerra;Montañas Altas;Montañas Altas;Montañas Altas @ Montañas de Maria Alta @ El partido que va desde Matunilla y Maria y desde Mantuna hasta la jurisdiccion de Tolu;PTNGCAMA;Jurisdiccion
1794;1808;Capitania a Guerra;Montañas Altas;Montañas Altas;Montañas Altas @ Montañas de Maria Alta @ El partido que va desde Matunilla y Maria y desde Mantuna hasta la jurisdiccion de Tolu;PTNGCAMA;Partido
1794;1808;Capitania a Guerra;Montañas Bajas;Montañas Bajas;Montañas Bajas @ Villa de Maria @ Montañas de Maria Baja @ María vieja;PTNGCAMB;Partido
1794;1808;Capitania a Guerra;Santo Tomas;Santo Tomas;Santo Tomas @ Villanueva;PMNGCAST;Partido
1794;1808;Capitania a Guerra (JM);Magangue;Magangue;Magangue @ El Retiro @ El Retiro y Magangue @ Rio Cauca @ Pantanos;PTNGCAMG;Partido
1794;1808;Corregimiento;Cuiloto;Cuiloto;Arauca @ Cuiloto;PTNGLLAR;Partido
1794;1808;Corregimiento;Novita;Novita y Los Brazos;Novita @;JMNGCHNO;Partido
1794;1808;Jurisdiccion;San Antonio;San Antonio;San Antonio @ San Antonio Abad @ San Antonio de los Baños;JUSDLHSA;Partido
1794;1808;Marquesado;Montehermoso;Montehermoso;Marquesado de Montehermoso @ San Antonio @ Cardenas de Montehermoso @ Monte-Hermoso;SESDSA00;Senorio
1794;1808;Obispado;Luisiana;Luisiana y las dos Floridas;Luisiana y las dos Floridas @;OBSDLU00;Obispado
1794;1808;Subdelegacion;Juxtlahuaca;Juxtlahuaca;Juxtlahuaca @ Tustlahuaca @ Tuxtlahuaca @ Justlahuaca @ Juxtlahuaca y Hicpaltepeque;JUNEOAJU;Jurisdiccion
1794;1808;Subdelegacion;Juxtlahuaca;Juxtlahuaca;Juxtlahuaca @ Tustlahuaca @ Tuxtlahuaca @ Justlahuaca @ Juxtlahuaca y Hicpaltepeque;JUNEOAJU;Partido
1794;1808;Subdelegacion;Lagos;Lagos;Lagos @ Lagos y Pueblos Llanos;JUGDGDLA;Jurisdiccion
1794;1808;Subdelegacion;Lagos;Lagos;Lagos @ Lagos y Pueblos Llanos;JUGDGDLA;Partido
1794;1808;Tenencia de gobierno;Mompox;Mompox;Mompox @ Mompos;JUNGCAMO;Jurisdiccion
1794;1808;Tenencia de gobierno;Mompox;Mompox;Mompox @ Mompos;JUNGCAMO;Partido
1795;1805;Republica;Batava;Batava;Paises Bajos @ Holanda;EXPB0000;Extranjero
1795;1808;Alcaldia Mayor;Salazar;Salazar de las Palmass;Salazar @ Zalazar @ Salazar de las Palmas;JUNGPPZA;Jurisdiccion
1795;1808;Alcaldia Mayor;Salazar;Salazar de las Palmass;Salazar @ Zalazar @ Salazar de las Palmas;JUNGPPZA;Partido
1795;1808;Alcaldia Mayor;Solola;Solola;Solola @ Tecpanatitan @ Tecpan Atitlan @ Atitan y Atepanatitan @ Atitlan @ Atitan y Tecpanatitlan @ Atitlan y Tecpanatitlan;JUGUGUSO;Jurisdiccion
1795;1808;Alcaldia Mayor;Solola;Solola;Solola @ Tecpanatitan @ Tecpan Atitlan @ Atitan y Atepanatitan @ Atitlan @ Atitan y Tecpanatitlan @ Atitlan y Tecpanatitlan;JUGUGUSO;Provincia_menor
1795;1808;Corregimiento;Pamplona;Pamplona;Pamplona @ Giron;PRNGPP00;Provincia
1795;1808;Corregimiento;Pamplona;Pamplona;Pamplona @ Giron;PRNGPP00;Provincia_menor
1795;1808;Corregimiento;Socorro;Socorro;Socorro @ El Socorro;PRNGSO00;Provincia
1795;1808;Corregimiento;Socorro;Socorro;Socorro @ El Socorro;PRNGSO00;Provincia_menor
1795;1808;Gobernacion;Giron;Giron;Giron @ San Juan de Giron y provincia del Oro @ Rio del Oro;JUNGPPGI;Jurisdiccion
1795;1808;Gobernacion;Giron;Giron;Giron @ San Juan de Giron y provincia del Oro @ Rio del Oro;JUNGPPGI;Partido
1795;1808;Gobernacion;Isla de San Andres;Isla de San Andres y Costa de Mosquitos;isla de San Andres @ Isla de San Andres y Costa de Mosquitos;JUGUGUIS;Jurisdiccion
1795;1808;Gobernacion;Isla de San Andres;Isla de San Andres y Costa de Mosquitos;isla de San Andres @ Isla de San Andres y Costa de Mosquitos;JUGUGUIS;Partido
1795;1808;Jurisdiccion;Pamplona;Pamplona;Pamplona @;JUNGPPPP;Jurisdiccion
1795;1808;Jurisdiccion;Pamplona;Pamplona;Pamplona @;JUNGPPPP;Partido
1795;1808;Jurisdiccion;Socorro;Socorro;Socorro @;JUNGSOSO;Jurisdiccion
1795;1808;Jurisdiccion;Socorro;Socorro;Socorro @;JUNGSOSO;Partido
1795;1808;Partido;Cerro Largo;Cerro Largo;Cerro Largo @ Cerrolargo @ Campaña interior y de frontera;PTRPBOCL;Partido
1795;1808;Partido politico;Tapaste;Tapaste;Tapaste @;PTSDLHTA;Partido
1795;1808;Subdelegacion;Huamelula;Huamelula;Huatulco y Huamelula @ Huatulco y Huamelula @ Guatulco @ Puerto de Guatulco;JUNEOAHM;Jurisdiccion
1795;1808;Subdelegacion;Nueva Oran;Nueva Oran;Nueva Oran @;JURPSANO;Jurisdiccion
1795;1808;Subdelegacion;Nueva Oran;Nueva Oran;Nueva Oran @;JURPSANO;Partido
1795;9999;Partido;Huamelula;Huamelula;Huamelula @ Huamelula;PTNEOAHM;Partido
1795;9999;Tenencia de gobierno;La Mesa;La Mesa y Tocaima;Tocaima @ La Mesa;JUNGMATO;Jurisdiccion
1796;1808;Alcaldia Mayor;Taos;Taos;Taos @ Tewas @ Tiwas @ Tihuas @ Teguas @ Tehuas @ Tiguas @ Thaos @ Taos y Picuries;JUGDNMTA;Partido
1796;1808;Gobernacion;Osorno;Osorno;Osorno @;JUCHCOOS;Jurisdiccion
1796;1808;Gobernacion;Osorno;Osorno;Osorno @;JUCHCOOS;Partido
1796;1808;Gobernacion;Osorno;Osorno;Osorno @;JUCHCOOS;Provincia
1796;1808;Gobernacion;Osorno;Osorno;Osorno @;JUCHCOOS;Provincia_mayor
1796;1808;Gobernacion;Osorno;Osorno;Osorno @;JUCHCOOS;Provincia_menor
1796;1808;Jurisdiccion;Aragua;Aragua;Aragua @ Villa de Aragua;JUVECUAR;Partido
1796;1808;Subdelegacion;Canatlan;Canatlan;Canatlan @;JUGDDUCT;Jurisdiccion
1796;1808;Subdelegacion;Canatlan;Canatlan;Canatlan @;JUGDDUCT;Partido
1796;1808;Subdelegacion;El Gallo;El Gallo;El Gallo @ San Pedro del Gallo;JUGDDUEG;Jurisdiccion
1796;1808;Subdelegacion;El Gallo;El Gallo;El Gallo @ San Pedro del Gallo;JUGDDUEG;Partido
1796;1808;Subdelegacion;La Puna;La Puna;La Puna @ Omaguaca, Casabindo y Cochinoca @ valle de Humahuaca @ Humahuaca, Casabindo y Cochinoca @ Rinconada @ Valle Rico y Rinconada @ Valle Rico, Rinconada y Yavi;JURPSAPU;Jurisdiccion
1796;1808;Subdelegacion;La Puna;La Puna;La Puna @ Omaguaca, Casabindo y Cochinoca @ valle de Humahuaca @ Humahuaca, Casabindo y Cochinoca @ Rinconada @ Valle Rico y Rinconada @ Valle Rico, Rinconada y Yavi;JURPSAPU;Partido
1796;1808;Subdelegacion;Linares;Linares;Linares @ Isla de Maule;JUCHCOLI;Jurisdiccion
1796;1808;Subdelegacion;Linares;Linares;Linares @ Isla de Maule;JUCHCOLI;Partido
1796;1808;Subdelegacion;Tetela del Volcan;Tetela del Volcan;Tetela del Volcan @;JUNEMXTT;Jurisdiccion
1796;1808;Subdelegacion;Tetela del Volcan;Tetela del Volcan;Tetela del Volcan @;JUNEMXTT;Partido
1797;1808;Corregimiento;Ambato;Ambato;Ambato @;JUQURBAM;Jurisdiccion
1797;1808;Corregimiento;Ambato;Ambato;Ambato @;JUQURBAM;Partido
1797;1808;Corregimiento;Ambato;Ambato;Ambato @;JUQURBAM;Provincia_menor
1797;1808;Gobernacion;Los Llanos;Los Llanos;Los Llanos @ Chire @ Casanare @ Santiago de las Atalayas @ Medina de Torres @ Arauca @;PRNGLL00;Provincia
1797;1808;Gobernacion;Los Llanos;Los Llanos;Los Llanos @ Chire @ Casanare @ Santiago de las Atalayas @ Medina de Torres @ Arauca @;PRNGLL00;Provincia_menor
1797;1808;Jurisdiccion;Santiago;Santiago de las Atalayas;Santiago de las Atalayas @;JUNGLLSA;Jurisdiccion
1797;1808;Jurisdiccion;Santiago;Santiago de las Atalayas;Santiago de las Atalayas @;JUNGLLSA;Partido
1797;1808;Subdelegacion;Chietla;Chietla;Chietla @ Chietlan @ Chetla;JUNEPUCE;Jurisdiccion
1797;1808;Subdelegacion;Chietla;Chietla;Chietla @ Chietlan @ Chetla;JUNEPUCE;Partido
1797;9999;Partido politico;Juncos;Juncos;Juncos @;PTSDPRJU;Partido
1798;1801;Subdelegacion-Jurisdiccion;Topago;Topago;Topago @ Urique @ Guazapares;JUGDDUTO;Jurisdiccion
1798;1801;Subdelegacion-Jurisdiccion;Topago;Topago;Topago @ Urique @ Guazapares;JUGDDUTO;Partido
1798;1807;Subdelegacion-Jurisdiccion;Compostela;Compostela;Compostela @;JUGDGDCP;Jurisdiccion
1798;1807;Subdelegacion-Jurisdiccion;Compostela;Compostela;Compostela @;JUGDGDCP;Partido
1798;1808;Arzobispado;Santo Domingo;Santo Domingo (Sedisvacante);Santo Domingo @;OBSDSD00;Arzobispado
1798;1808;Arzobispado;Santo Domingo;Santo Domingo (Sedisvacante);Santo Domingo @;OBSDSD00;Obispado
1798;1808;Corregimiento;Mariquita;Mariquita;Mariquita @ Tocaima y Bague @ Tocaima, Ibague y Mariquita @ Tocaima y Mariquita @ Tocaima, Bague y ciudad de Mariquita y demas pueblos de tierra caliente;PRNGMA00;Provincia
1798;1808;Corregimiento;Mariquita;Mariquita;Mariquita @ Tocaima y Bague @ Tocaima, Ibague y Mariquita @ Tocaima y Mariquita @ Tocaima, Bague y ciudad de Mariquita y demas pueblos de tierra caliente;PRNGMA00;Provincia_menor
1798;1808;Jurisdiccion;La Carlota;La Carlota;La Carlota @ Carlota;PTRPCOLC;Partido
1798;9999;Partido politico;Juana Diaz;Juana Diaz;Juana Diaz @;PTSDPRJD;Partido
1799;1802;Reino indigena;Muskogee;La Florida;Muskogee @ Muscoge;PTSDSLMU;Fronteras
1799;1807;Subdelegacion;Tepehuanes;Tepehuanes;Santa Catarina @ Tepehuanes;JUGDDUSC;Jurisdiccion
1799;1807;Subdelegacion;Tepehuanes;Tepehuanes;Santa Catarina @ Tepehuanes;JUGDDUSC;Partido
1799;1808;Subdelegacion;Inde;Inde;Inde @ Minas de Inde @ Real de Inde @ Indee @ Indehe @ Yndehee @ Ynde @ Yndhe @ Chindea;JUGDDUIN;Jurisdiccion
1799;1808;Subdelegacion;Inde;Inde;Inde @ Minas de Inde @ Real de Inde @ Indee @ Indehe @ Yndehee @ Ynde @ Yndhe @ Chindea;JUGDDUIN;Partido
1799;1808;Subdelegacion;Tamazula;Tamazula;Tamazula @;JUGDDUTZ;Jurisdiccion
1799;1808;Subdelegacion;Tamazula;Tamazula;Tamazula @;JUGDDUTZ;Partido
1799;1808;Tenencia de subdelegacion;Sensuntepeque;Sensuntepeque;Sensuntepeque @ Titiguapa;PTGUSSSN;Partido
1799;9999;Partido politico;Maunabo;Maunabo;Maunabo @;PTSDPRMB;Partido
1799;9999;Partido politico;Vega Alta;Vega Alta;Vega Alta @;PTSDPRVA;Jurisdiccion
1799;9999;Partido politico;Vega Alta;Vega Alta;Vega Alta @;PTSDPRVA;Partido
1799;9999;Partido politico;Vega Baja;Vega Baja;Vega Baja @ Vegas @ La Vega @ Ribera de La Vega;PTSDPRVB;Jurisdiccion
1799;9999;Partido politico;Vega Baja;Vega Baja;Vega Baja @ Vegas @ La Vega @ Ribera de La Vega;PTSDPRVB;Partido
1800;1808;Audiencia Real;Puerto Principe;Puerto Principe;Santo Domingo @;AUSD0000;Audiencia
1800;1808;Corregimiento;Bolaños;Bolaños;Bolaños @ Minas de Tepeque;JUGDGDBO;Jurisdiccion
1800;1808;Corregimiento;Bolaños;Bolaños;Bolaños @ Minas de Tepeque;JUGDGDBO;Partido
1800;1808;Jurisdiccion;Santa Fe;Santa Fe;Santa Fe @;JUGDNMSF;Jurisdiccion
1800;1808;Jurisdiccion;Santa Fe;Santa Fe;Santa Fe @;JUGDNMSF;Partido
1800;1808;Partido;Cuatro Cienegas;Cuatro Cienegas;Cuatro Cienegas @ Cuatrocienagas;PMGDCOCC;Jurisdiccion
1800;1808;Partido;Cuatro Cienegas;Cuatro Cienegas;Cuatro Cienegas @ Cuatrocienagas;PMGDCOCC;Partido
1800;1808;Partido;San Vicente;San Vicente;San Vicente @ San Vicente de Arriba y Abajo;PMGDCOSV;Partido
1800;1808;Subdelegacion;La Ligua;La Ligua;Petorca @ La Ligua;JUCHSAPE;Jurisdiccion
1800;1808;Subdelegacion;La Ligua;La Ligua;Petorca @ La Ligua;JUCHSAPE;Partido
1800;1808;Tenencia de gobierno;Nava;Nava;Nava @;PMGDCONA;Jurisdiccion
1800;1808;Tenencia de gobierno;Nava;Nava;Nava @;PMGDCONA;Partido
1801;1808;Gobernacion político-militar subdelegación;Trujillo;Trujillo;Trujillo @;JUGUCYTR;Jurisdiccion
1801;1808;Gobernacion político-militar subdelegación;Trujillo;Trujillo;Trujillo @;JUGUCYTR;Partido
1801;1808;Jurisdiccion;Rio Cuarto;Rio Cuarto;Rio Cuarto @ Riocuarto @ Concepcion;PTRPCORC;Partido
1801;1808;Partido;Indaparapeo;Indaparapeo;Indaparapeo @;JUNEMIIN;Partido
1801;1808;Partido;Mobila;Mobila;Mobila @;JUSDLUMO;Partido
1801;1808;Partido politico;Mariel;Mariel;Mariel @ Marien;PTSDLHMA;Partido
1801;1808;Partido politico;Pozas;Pozas;Pozas @ Posas @ Cacarajicara;PTSDLHPZ;Partido
1801;9999;Partido politico;Piedras;Piedras;Piedras @;PTSDPRPI;Jurisdiccion
1801;9999;Partido politico;Piedras;Piedras;Piedras @;PTSDPRPI;Partido
1802;1802;Partido;Topago;Topago;Topago @ Urique @ Guazapares;JUGDDUTO;Partido
1802;1808;Subdelegacion;Basuchil;Basuchil y Papigochic;Basuchil y Papigochic @ Papigochi;JUGDDUBA;Jurisdiccion
1802;1808;Subdelegacion;Catorze;Catorze;Catorze @ Real de Catorze;JUNESLCA;Jurisdiccion
1802;1808;Subdelegacion;Catorze;Catorze;Catorze @ Real de Catorze;JUNESLCA;Partido
1802;1808;Subdelegacion;Sierra Alta;Sierra Alta;La Sierra @ Sierra Alta y Baja @ Sierra Alta;JUNEYULS;Jurisdiccion
1802;1808;Subdelegacion;Sierra Alta;Sierra Alta;La Sierra @ Sierra Alta y Baja @ Sierra Alta;JUNEYULS;Partido
1802;1808;Subdelegacion;Sierra Baja;Sierra Baja;Sierra Baja @;JUNEYUSB;Jurisdiccion
1802;1808;Subdelegacion;Sierra Baja;Sierra Baja;Sierra Baja @;JUNEYUSB;Partido
1802;1808;Tenencia de gobierno;Puebloviejo;Puebloviejo;Puebloviejo @ Pueblo Viejo;JUQUGQPB;Jurisdiccion
1802;1808;Tenencia de gobierno;Puebloviejo;Puebloviejo;Puebloviejo @ Pueblo Viejo;JUQUGQPB;Partido
1803;1806;Subdelegacion;Topago;Topago;Topago @ Urique @ Guazapares;JUGDDUTO;Jurisdiccion
1803;1806;Subdelegacion;Topago;Topago;Topago @ Urique @ Guazapares;JUGDDUTO;Partido
1803;1807;Subdelegacion;Misantla;Misantla;Misantla @ Mizantla;JUNEVCMI;Jurisdiccion
1803;1807;Subdelegacion;Misantla;Misantla;Misantla @ Mizantla;JUNEVCMI;Partido
1803;1808;Arzobispado;Santiago de Cuba;Santiago de Cuba;Santiago de Cuba @;OBSDCU00;Arzobispado
1803;1808;Arzobispado;Santiago de Cuba;Santiago de Cuba;Santiago de Cuba @;OBSDCU00;Obispado
1803;1808;Gobernacion;Maynas;Maynas;Maynas @ San Francisco Borja @ Marañon;PRQUMA00;Jurisdiccion
1803;1808;Gobernacion;Maynas;Maynas;Maynas @ San Francisco Borja @ Marañon;PRQUMA00;Provincia
1803;1808;Gobernacion;Maynas;Maynas;Maynas @ San Francisco Borja @ Marañon;PRQUMA00;Provincia_menor
1803;1808;Gobernacion-Intendencia;Barinas;Barinas;Barinas @;PRVEBA00;Provincia
1803;1808;Gobernacion-Intendencia;Barinas;Barinas;Barinas @;PRVEBA00;Provincia_menor
1803;1808;Jurisdiccion;Moyobamba;Moyobamba;Moyobamba @;PTPETRMO;Jurisdiccion
1803;1808;Jurisdiccion;Moyobamba;Moyobamba;Moyobamba @;PTPETRMO;Partido
1803;1808;Partido;Alameda;Alameda;Sandia @ Bernalillo @ San Carlos de Alameda @ Alamada @ Isleta;JUGDNMSA;Partido
1803;1808;Partido;Caracuaro;Caracuaro;Caracuaro @;JUNEMICA;Partido
1803;1808;Subdelegacion;Canelas;Canelas;Canelas @ Canelas y Topia;JUGDDUCA;Jurisdiccion
1803;1808;Subdelegacion;Canelas;Canelas;Canelas @ Canelas y Topia;JUGDDUCA;Partido
1803;9999;Comandancia General;Maynas;Maynas;Maynas @;CGQUMA00;Provincia_mayor
1803;9999;Partido politico;Barranquitas;Barranquitas;Barranquitas @;PTSDPRBQ;Partido
1804;1805;Gobernacion Politico-Militar;Misiones;Misiones guaranies;Misiones @ Treinta Pueblos de las Misiones Guaranies;PRRPMIMI;Provincia
1804;1805;Gobernacion Politico-Militar;Misiones;Misiones guaranies;Misiones @ Treinta Pueblos de las Misiones Guaranies;PRRPMIMI;Provincia_mayor
1804;1805;Gobernacion Politico-Militar;Misiones;Misiones guaranies;Misiones @ Treinta Pueblos de las Misiones Guaranies;PRRPMIMI;Provincia_menor
1804;1808;Arzobispado;Caracas;Caracas;Caracas @ Venezuela @ Coro;OBVECA00;Arzobispado
1804;1808;Arzobispado;Caracas;Caracas;Caracas @ Venezuela @ Coro;OBVECA00;Obispado
1804;1808;Gobernacion;Antigua California;Antigua California;California Baja @ California Vieja @ Antigua California;JUNECLCV;Jurisdiccion
1804;1808;Gobernacion;California Alta;California Alta;California Alta @ California Nueva;JUNECLCN;Jurisdiccion
1804;1808;Gobernacion;California Alta;California Alta;California Alta @ California Nueva;JUNECLCN;Provincia
1804;1808;Gobernacion;California Alta;California Alta;California Alta @ California Nueva;JUNECLCN;Provincia_mayor
1804;1808;Gobernacion;California Alta;California Alta;California Alta @ California Nueva;JUNECLCN;Provincia_menor
1804;1808;Gobernacion;Las Floridas;Ambas Floridas y resto de la Luisiana;Florida @ Ambas Floridas y resto de la Luisiana @ Las Floridas;PRSDFL00;Provincia
1804;1808;Gobernacion Politico-Militar;Antigua California;Antigua California;California @ Las Californias @ Antigua California @ Baja California;PRNECL00;Provincia
1804;1808;Gobernacion Politico-Militar;Antigua California;Antigua California;California @ Las Californias @ Antigua California @ Baja California;PRNECL00;Provincia_mayor
1804;1808;Gobernacion Politico-Militar;Antigua California;Antigua California;California @ Las Californias @ Antigua California @ Baja California;PRNECL00;Provincia_menor
1804;1808;Imperio;Francia;Francia;Francia @;EXFR0000;Extranjero
1804;1808;Intendencia;Las Floridas;Luisiana y las Floridas;Luisiana @;INSDLU00;Intendencia
1804;1808;Partido;Chucandiro;Chucandiro;Chucandiro @ Chocandiro;JUNEMICD;Partido
1804;1808;Partido;El Norte;El Norte;Departamento del Norte @;JUNECLDN;Partido
1804;1808;Partido;Encinas;Encinas;Encinas @;PMGDCOEN;Jurisdiccion
1804;1808;Partido;Encinas;Encinas;Encinas @;PMGDCOEN;Partido
1804;1808;Partido;Huango;Huango;Huango @;JUNEMIHG;Partido
1804;1808;Partido;Resto de Luisiana;Resto de Luisiana;Baja Luisiana @ Nueva Orleans;JUSDLUNO;Partido
1804;1808;Subdelegacion;Los Andes;Los Andes;Los Andes @;JUCHSALA;Jurisdiccion
1804;1808;Subdelegacion;Los Andes;Los Andes;Los Andes @;JUCHSALA;Partido
1804;9999;Partido politico;Corozal;Corozal;Corozal @;PTSDPRCZ;Partido
1805;1808;Partido politico;Yumuri;Yumuri;Yumuri @ Valle de Yumuri;PTSDMAYU;Partido
1805;1808;Tenencia de gobierno;Santa Rosa;Santa Rosa;Esmeraldas @ Atacames @ Santa Rosa @ Quillaseca;PRQUES00;Jurisdiccion
1805;1808;Tenencia de gobierno;Santa Rosa;Santa Rosa;Esmeraldas @ Atacames @ Santa Rosa @ Quillaseca;PRQUES00;Partido
1806;1808;Comandancia Politico-Militar;Coro;Coro;Coro @;JUVECACO;Jurisdiccion
1806;1808;Comandancia Politico-Militar;Coro;Coro;Coro @;JUVECACO;Partido
1806;1808;Gobernacion Politico-Militar;Misiones;Misiones guaranies;Misiones @ Treinta Pueblos de las Misiones Guaranies;PRRPMIMI;Provincia
1806;1808;Gobernacion Politico-Militar;Misiones;Misiones guaranies;Misiones @ Treinta Pueblos de las Misiones Guaranies;PRRPMIMI;Provincia_menor
1806;1808;Misiones;Yuracarees;Yuracarees;Yuracarees @;MICCCBYU;Partido
1806;1808;Obispado;Salta;Salta;Salta @;OBRPSA00;Obispado
1806;1808;Partido;Angamacutiro;Angamacutiro;Angamacutiro @;JUNEMIAN;Partido
1806;1808;Partido;Candelaria;Candelaria;Candelaria @ Misiones guaranies;JURPMICA;Jurisdiccion
1806;1808;Partido;Candelaria;Candelaria;Candelaria @ Misiones guaranies;JURPMICA;Partido
1806;1808;Partido;Urecho;Urecho;Urecho @;JUNEMIUO;Partido
1806;1808;Reino;Holanda;Holanda;Paises Bajos @ Holanda;EXPB0000;Extranjero
1806;1808;Republica;Saint-Domingue;Saint-Domingue;Haiti @ Saint-Domingue;EXHA0000;Extranjero
1806;1808;Subdelegacion;Chalatenango;Chalatenango;Chalatenango @;JUGUSSCH;Jurisdiccion
1806;1808;Subdelegacion;Chalatenango;Chalatenango;Chalatenango @;JUGUSSCH;Partido
1806;1808;Subdelegacion;Metapas;Metapas;Metapas @;JUGUSSME;Jurisdiccion
1806;1808;Subdelegacion;Metapas;Metapas;Metapas @;JUGUSSME;Partido
1806;1808;Subdelegacion-Jurisdiccion;Santa Ana;Santa Ana;Santa Ana @ Santa Ana la Grande;JUGUSSSA;Jurisdiccion
1806;1808;Subdelegacion-Jurisdiccion;Santa Ana;Santa Ana;Santa Ana @ Santa Ana la Grande;JUGUSSSA;Partido
1806;9999;Corregimiento de naturales;Mocoa;Mocoa;Mocoa @;PTQUPOMO;Jurisdiccion
1806;9999;Corregimiento de naturales;Mocoa;Mocoa;Mocoa @;PTQUPOMO;Partido
1807;1808;Corregimiento;Neiva;Neiva;Neiva @;PRNGNE00;Provincia
1807;1808;Corregimiento;Neiva;Neiva;Neiva @;PRNGNE00;Provincia_menor
1807;1808;Partido;Cocupao;Cocupao;Cocupao @ Tzintzuntzan;JUNEMICO;Partido
1807;1808;Partido;Erongaricuaro;Erongaricuaro;Erongaricuaro @;JUNEMIER;Partido
1807;1808;Partido;Topago;Topago;Topago @ Urique @ Guazapares;JUGDDUTO;Partido
1807;1808;Partido politico;Cayajabos;Cayajabos;Cayajabos @;PTSDLHCY;Partido
1807;9999;Partido politico;Camuy;Camuy;Camuy @;PTSDPRCM;Partido
1808;1808;Alcaldia Mayor;Misantla;Misantla;La Antigua @ La Antigua @ Mizantla @ Veracruz Vieja @ Veracruz Antigua;JUNEVCVA;Jurisdiccion
1808;1808;Alcaldia Mayor;Misantla;Misantla;La Antigua @ La Antigua @ Mizantla @ Veracruz Vieja @ Veracruz Antigua;JUNEVCVA;Partido
1808;1808;Alcaldia Mayor*;Zuñi;Zuñi;Zuñi @;JUGDNMZU;Jurisdiccion
1808;1808;Alcaldia Mayor*;Zuñi;Zuñi;Zuñi @;JUGDNMZU;Partido
1808;1808;Obispado;Maynas;Maynas;Maynas @;OBQUMA00;Obispado
1808;1808;Partido;Santa Catarina;Santa Catarina;Santa Catarina @ Tepehuanes;JUGDDUSC;Partido
1808;1808;Partido;Santa Clara;Santa Clara del Cobre;Santa Clara del Cobre @ Santa Clara de los Cobres;JUNEMISC;Partido
1808;1808;Partido politico;Los Palos;Los Palos;Los Palos @ Palos y Bagas @ Paz @ Nueva Paz;PTSDMALP;Partido
1808;1808;Partido politico;Palacios;Palacios;Palacios @;PTSDLHPA;Partido
1808;1808;Partido politico;San Diego;San Diego;San Diego @ San Diego de los Baños;PTSDLHSD;Partido
1808;1808;Subdelegacion;Coneto;Coneto;Coneto @ Minas de Coneto @ Coreto;JUGDDUCO;Jurisdiccion
1808;1808;Subdelegacion;Coneto;Coneto;Coneto @ Minas de Coneto @ Coreto;JUGDDUCO;Partido
1808;1808;Subdelegacion;Gavilanes;Gavilanes;Gavilanes @;JUGDDUGA;Jurisdiccion
1808;1808;Subdelegacion;Gavilanes;Gavilanes;Gavilanes @;JUGDDUGA;Partido
1808;1808;Subdelegacion;San Dimas;San Dimas;San Dimas @;JUGDDUSD;Jurisdiccion
1808;1808;Subdelegacion;San Dimas;San Dimas;San Dimas @;JUGDDUSD;Partido
1808;1808;Subdelegacion;Tayoltita;Tayoltita;Tayoltita @ Tacoltite;JUGDDUTA;Jurisdiccion
1808;1808;Subdelegacion;Tayoltita;Tayoltita;Tayoltita @ Tacoltite;JUGDDUTA;Partido
1808;1808;Subdelegacion;Ventanas;Ventanas;Ventanas @;JUGDDUVE;Jurisdiccion
1808;1808;Subdelegacion;Ventanas;Ventanas;Ventanas @;JUGDDUVE;Partido
1808;1808;Subdelegacion-Jurisdiccion;San Felipe;San Felipe;San Felipe @;JUNEGJSF;Jurisdiccion
1808;1808;Subdelegacion-Jurisdiccion;San Felipe;San Felipe;San Felipe @;JUNEGJSF;Partido
1808;9999;Partido politico;Trujillo;Trujillo;Trujillo @;PTSDPRTR;Partido
