OficialID;foreignkey;prefix;prefixurl;suffixurl
20;[[Juan de Ortega Montañés]];wiki-es;https://es.wikipedia.org/wiki/;
20;bdeortega;cathie;https://www.catholic-hierarchy.org/bishop/;.html
21;[[Francisco Fernández de la Cueva y de la Cueva]];wiki-es;https://es.wikipedia.org/wiki/;
22;[[Fernando de Alencastre Noroña y Silva]];wiki-es;https://es.wikipedia.org/wiki/;
23;[[Baltasar de Zúñiga y Guzmán]];wiki-es;https://es.wikipedia.org/wiki/;
26;[[Pedro de Castro Figueroa y Salazar]];wiki-es;https://es.wikipedia.org/wiki/;
27;[[Pedro de Cebrián y Agustín]];wiki-es;https://es.wikipedia.org/wiki/;
28;[[Juan Francisco de Güemes]];wiki-es;https://es.wikipedia.org/wiki/;
30;[[Francisco Antonio Cagigal de la Vega]];wiki-es;https://es.wikipedia.org/wiki/;
31;[[Joaquín de Montserrat]];wiki-es;https://es.wikipedia.org/wiki/;
32;[[Carlos Francisco de Croix]];wiki-es;https://es.wikipedia.org/wiki/;
33;[[Antonio María de Bucareli y Ursúa]];wiki-es;https://es.wikipedia.org/wiki/;
34;[[Martín de Mayorga]];wiki-es;https://es.wikipedia.org/wiki/;
35;[[Matías de Gálvez y Gallardo]];wiki-es;https://es.wikipedia.org/wiki/;
35;[[Matías de Gálvez]];wiki-es;https://es.wikipedia.org/wiki/;
36;[[Bernardo de Gálvez]];wiki-es;https://es.wikipedia.org/wiki/;
39;[[Juan Francisco de Güemes]];wiki-es;https://es.wikipedia.org/wiki/;
39;[[Juan Vicente de Güemes]];wiki-es;https://es.wikipedia.org/wiki/;
40;[[Miguel de la Grúa Talamanca]];wiki-es;https://es.wikipedia.org/wiki/;
41;[[Miguel José de Azanza]];wiki-es;https://es.wikipedia.org/wiki/;
42;[[Félix Berenguer de Marquina]];wiki-es;https://es.wikipedia.org/wiki/;
44;[[Pedro de Garibay]];wiki-es;https://es.wikipedia.org/wiki/;
46;[[Pedro Corbalán]];wiki-es;https://es.wikipedia.org/wiki/;
47;[[Pedro Garrido Durán]];wiki-es;https://es.wikipedia.org/wiki/;
48;[[Enrique Grimarest|Enrique de Grimarest]];wiki-es;https://es.wikipedia.org/wiki/;
49;[[Alonso Tresierra y Cano]];wiki-es;https://es.wikipedia.org/wiki/;
50;[[Alejo García Conde]];wiki-es;https://es.wikipedia.org/wiki/;
331;[[Antonio José Amar y Borbón]];wiki-es;https://es.wikipedia.org/wiki/;
391;[[Juan de Sámano]];wiki-es;https://es.wikipedia.org/wiki/;
408;[[José Antonio de Mendoza Caamaño y Sotomayor]];wiki-es;https://es.wikipedia.org/wiki/;
441;[[Alonso Núñez de Haro]];wiki-es;https://es.wikipedia.org/wiki/;
1174;1274;GCath;https://gcatholic.org/p/;
1174;blorenz;cathie;https://www.catholic-hierarchy.org/bishop/;.html
1175;7632;GCath;https://gcatholic.org/p/;
1176;7633;GCath;https://gcatholic.org/p/;
1176;bporro;cathie;https://www.catholic-hierarchy.org/bishop/;.html
1177;7634;GCath;https://gcatholic.org/p/;
1177;bpenalver;cathie;https://www.catholic-hierarchy.org/bishop/;.html
1178;8759;GCath;https://gcatholic.org/p/;
1179;8761;GCath;https://gcatholic.org/p/;
1179;bcopr;cathie;https://www.catholic-hierarchy.org/bishop/;.html
1180;8762;GCath;https://gcatholic.org/p/;
1180;bdeibarra;cathie;https://www.catholic-hierarchy.org/bishop/;.html
1181;8763;GCath;https://gcatholic.org/p/;
1181;bvirmv;cathie;https://www.catholic-hierarchy.org/bishop/;.html
1182;9877;GCath;https://gcatholic.org/p/;
1182;bvipi;cathie;https://www.catholic-hierarchy.org/bishop/;.html
1183;9906;GCath;https://gcatholic.org/p/;
1183;borel;cathie;https://www.catholic-hierarchy.org/bishop/;.html
1184;9907;GCath;https://gcatholic.org/p/;
1184;bmopo;cathie;https://www.catholic-hierarchy.org/bishop/;.html
1185;9913;GCath;https://gcatholic.org/p/;
1185;bluey;cathie;https://www.catholic-hierarchy.org/bishop/;.html
1186;9914;GCath;https://gcatholic.org/p/;
1186;bbejar;cathie;https://www.catholic-hierarchy.org/bishop/;.html
1187;316736556;viaf;https://viaf.org/viaf/;
1187;9921;GCath;https://gcatholic.org/p/;
1187;blbar;cathie;https://www.catholic-hierarchy.org/bishop/;.html
1188;9935;GCath;https://gcatholic.org/p/;
1188;bsamat;cathie;https://www.catholic-hierarchy.org/bishop/;.html
1189;9936;GCath;https://gcatholic.org/p/;
1189;bdlso;cathie;https://www.catholic-hierarchy.org/bishop/;.html
1190;9937;GCath;https://gcatholic.org/p/;
1190;bcalle;cathie;https://www.catholic-hierarchy.org/bishop/;.html
1191;9938;GCath;https://gcatholic.org/p/;
1191;bsanma;cathie;https://www.catholic-hierarchy.org/bishop/;.html
1192;9939;GCath;https://gcatholic.org/p/;
1192;bvace;cathie;https://www.catholic-hierarchy.org/bishop/;.html
1193;9954;GCath;https://gcatholic.org/p/;
1193;blopezga;cathie;https://www.catholic-hierarchy.org/bishop/;.html
1194;9996;GCath;https://gcatholic.org/p/;
1194;bmosp;cathie;https://www.catholic-hierarchy.org/bishop/;.html
1195;10051;GCath;https://gcatholic.org/p/;
1195;bbergosa;cathie;https://www.catholic-hierarchy.org/bishop/;.html
1196;12567;GCath;https://gcatholic.org/p/;
1196;bdiazdee;cathie;https://www.catholic-hierarchy.org/bishop/;.html
1197;12568;GCath;https://gcatholic.org/p/;
1197;btrepv;cathie;https://www.catholic-hierarchy.org/bishop/;.html
1198;12570;GCath;https://gcatholic.org/p/;
1198;bcasausy;cathie;https://www.catholic-hierarchy.org/bishop/;.html
1199;12582;GCath;https://gcatholic.org/p/;
1199;broov;cathie;https://www.catholic-hierarchy.org/bishop/;.html
1200;12583;GCath;https://gcatholic.org/p/;
1200;bdeoses;cathie;https://www.catholic-hierarchy.org/bishop/;.html
1201;12584;GCath;https://gcatholic.org/p/;
1201;bfeliu;cathie;https://www.catholic-hierarchy.org/bishop/;.html
1202;12585;GCath;https://gcatholic.org/p/;
1202;14726560;viaf;https://viaf.org/viaf/;
1202;bhech;cathie;https://www.catholic-hierarchy.org/bishop/;.html
1203;12586;GCath;https://gcatholic.org/p/;
1203;bmorell;cathie;https://www.catholic-hierarchy.org/bishop/;.html
1204;12587;GCath;https://gcatholic.org/p/;
1204;blaso;cathie;https://www.catholic-hierarchy.org/bishop/;.html
1205;12589;GCath;https://gcatholic.org/p/;
1205;bguc;cathie;https://www.catholic-hierarchy.org/bishop/;.html
1206;12590;GCath;https://gcatholic.org/p/;
1206;38661189;viaf;https://viaf.org/viaf/;
1206;barizj;cathie;https://www.catholic-hierarchy.org/bishop/;.html
1207;12591;GCath;https://gcatholic.org/p/;
1207;bzenb;cathie;https://www.catholic-hierarchy.org/bishop/;.html
1208;12592;GCath;https://gcatholic.org/p/;
1208;bdecuerda;cathie;https://www.catholic-hierarchy.org/bishop/;.html
1209;12593;GCath;https://gcatholic.org/p/;
1209;bjipe;cathie;https://www.catholic-hierarchy.org/bishop/;.html
1210;Nicolás García Jerez;wiki-es;https://es.wikipedia.org/wiki/;
1210;12619;GCath;https://gcatholic.org/p/;
1210;bgarciaj;cathie;https://www.catholic-hierarchy.org/bishop/;.html
1211;12620;GCath;https://gcatholic.org/p/;
1211;bperezdel;cathie;https://www.catholic-hierarchy.org/bishop/;.html
1212;12621;GCath;https://gcatholic.org/p/;
1212;bhuca;cathie;https://www.catholic-hierarchy.org/bishop/;.html
1213;12622;GCath;https://gcatholic.org/p/;
1213;bruizc;cathie;https://www.catholic-hierarchy.org/bishop/;.html
1214;12623;GCath;https://gcatholic.org/p/;
1214;bviljf;cathie;https://www.catholic-hierarchy.org/bishop/;.html
1215;12624;GCath;https://gcatholic.org/p/;
1215;bdtye;cathie;https://www.catholic-hierarchy.org/bishop/;.html
1216;12625;GCath;https://gcatholic.org/p/;
1216;bdvyc;cathie;https://www.catholic-hierarchy.org/bishop/;.html
1217;12626;GCath;https://gcatholic.org/p/;
1217;bdenavia;cathie;https://www.catholic-hierarchy.org/bishop/;.html
1218;12627;GCath;https://gcatholic.org/p/;
1218;bfloresde;cathie;https://www.catholic-hierarchy.org/bishop/;.html
1219;12655;GCath;https://gcatholic.org/p/;
1219;bdelavara;cathie;https://www.catholic-hierarchy.org/bishop/;.html
1220;12661;GCath;https://gcatholic.org/p/;
1220;bvalera;cathie;https://www.catholic-hierarchy.org/bishop/;.html
1221;12662;GCath;https://gcatholic.org/p/;
1221;bportor;cathie;https://www.catholic-hierarchy.org/bishop/;.html
1222;13125;GCath;https://gcatholic.org/p/;
1222;bmargal;cathie;https://www.catholic-hierarchy.org/bishop/;.html
1223;Francisco Javier de Lizana y Beaumont;wiki-es;https://es.wikipedia.org/wiki/;
1223;13142;GCath;https://gcatholic.org/p/;
1223;bdelizana;cathie;https://www.catholic-hierarchy.org/bishop/;.html
1224;13493;GCath;https://gcatholic.org/p/;
1224;bsantan;cathie;https://www.catholic-hierarchy.org/bishop/;.html
1225;13568;GCath;https://gcatholic.org/p/;
1225;blopezg;cathie;https://www.catholic-hierarchy.org/bishop/;.html
1226;13730;GCath;https://gcatholic.org/p/;
1227;13731;GCath;https://gcatholic.org/p/;
1227;bhermi;cathie;https://www.catholic-hierarchy.org/bishop/;.html
1228;13732;GCath;https://gcatholic.org/p/;
1228;bespa;cathie;https://www.catholic-hierarchy.org/bishop/;.html
1229;13733;GCath;https://gcatholic.org/p/;
1229;btorcm;cathie;https://www.catholic-hierarchy.org/bishop/;.html
1230;13746;GCath;https://gcatholic.org/p/;
1231;13747;GCath;https://gcatholic.org/p/;
1231;bgarcmo;cathie;https://www.catholic-hierarchy.org/bishop/;.html
1232;13757;GCath;https://gcatholic.org/p/;
1232;bmartim;cathie;https://www.catholic-hierarchy.org/bishop/;.html
1233;13758;GCath;https://gcatholic.org/p/;
1233;bdiem;cathie;https://www.catholic-hierarchy.org/bishop/;.html
1234;13759;GCath;https://gcatholic.org/p/;
1234;bantf;cathie;https://www.catholic-hierarchy.org/bishop/;.html
1235;13760;GCath;https://gcatholic.org/p/;
1235;bmaro;cathie;https://www.catholic-hierarchy.org/bishop/;.html
1236;13789;GCath;https://gcatholic.org/p/;
1236;bcorlab;cathie;https://www.catholic-hierarchy.org/bishop/;.html
1237;13790;GCath;https://gcatholic.org/p/;
1237;46696361;viaf;https://viaf.org/viaf/;
1237;bcarlaf;cathie;https://www.catholic-hierarchy.org/bishop/;.html
1238;13791;GCath;https://gcatholic.org/p/;
1238;58800226;viaf;https://viaf.org/viaf/;
1238;bqupo;cathie;https://www.catholic-hierarchy.org/bishop/;.html
1239;13792;GCath;https://gcatholic.org/p/;
1239;bcarmar;cathie;https://www.catholic-hierarchy.org/bishop/;.html
1240;13812;GCath;https://gcatholic.org/p/;
1240;bgapan;cathie;https://www.catholic-hierarchy.org/bishop/;.html
1241;14195;GCath;https://gcatholic.org/p/;
1241;blacu;cathie;https://www.catholic-hierarchy.org/bishop/;.html
1242;14231;GCath;https://gcatholic.org/p/;
1243;14234;GCath;https://gcatholic.org/p/;
1243;bcobmun;cathie;https://www.catholic-hierarchy.org/bishop/;.html
1244;14850;GCath;https://gcatholic.org/p/;
1244;36875637;viaf;https://viaf.org/viaf/;
1244;bhernav;cathie;https://www.catholic-hierarchy.org/bishop/;.html
1245;14851;GCath;https://gcatholic.org/p/;
1245;bpear;cathie;https://www.catholic-hierarchy.org/bishop/;.html
1246;José Manuel de Goyeneche;wiki-es;https://es.wikipedia.org/wiki/;
1246;14855;GCath;https://gcatholic.org/p/;
1246;bgoye;cathie;https://www.catholic-hierarchy.org/bishop/;.html
1247;14860;GCath;https://gcatholic.org/p/;
1247;bgondlr;cathie;https://www.catholic-hierarchy.org/bishop/;.html
1248;14861;GCath;https://gcatholic.org/p/;
1248;bdeparada;cathie;https://www.catholic-hierarchy.org/bishop/;.html
1249;14862;GCath;https://gcatholic.org/p/;
1249;bdelcorro;cathie;https://www.catholic-hierarchy.org/bishop/;.html
1250;14863;GCath;https://gcatholic.org/p/;
1250;bbaan;cathie;https://www.catholic-hierarchy.org/bishop/;.html
1251;14867;GCath;https://gcatholic.org/p/;
1251;19542360;viaf;https://viaf.org/viaf/;
1251;bdefonte;cathie;https://www.catholic-hierarchy.org/bishop/;.html
1252;14868;GCath;https://gcatholic.org/p/;
1252;7644240;viaf;https://viaf.org/viaf/;
1252;bnunezde;cathie;https://www.catholic-hierarchy.org/bishop/;.html
1253;14869;GCath;https://gcatholic.org/p/;
1253;brubio;cathie;https://www.catholic-hierarchy.org/bishop/;.html
1254;Juan Antonio Vizarrón y Eguiarreta;wiki-es;https://es.wikipedia.org/wiki/;
1254;14870;GCath;https://gcatholic.org/p/;
1254;bvizarron;cathie;https://www.catholic-hierarchy.org/bishop/;.html
1255;14871;GCath;https://gcatholic.org/p/;
1256;14872;GCath;https://gcatholic.org/p/;
1256;blem;cathie;https://www.catholic-hierarchy.org/bishop/;.html
1257;14873;GCath;https://gcatholic.org/p/;
1257;bdeortega;cathie;https://www.catholic-hierarchy.org/bishop/;.html
1258;14887;GCath;https://gcatholic.org/p/;
1258;balcalde;cathie;https://www.catholic-hierarchy.org/bishop/;.html
1259;14888;GCath;https://gcatholic.org/p/;
1259;brorv;cathie;https://www.catholic-hierarchy.org/bishop/;.html
1260;14889;GCath;https://gcatholic.org/p/;
1261;14890;GCath;https://gcatholic.org/p/;
1261;bgompv;cathie;https://www.catholic-hierarchy.org/bishop/;.html
1262;14891;GCath;https://gcatholic.org/p/;
1262;bgomezde;cathie;https://www.catholic-hierarchy.org/bishop/;.html
1263;14892;GCath;https://gcatholic.org/p/;
1263;balto;cathie;https://www.catholic-hierarchy.org/bishop/;.html
1264;14893;GCath;https://gcatholic.org/p/;
1264;btapiz;cathie;https://www.catholic-hierarchy.org/bishop/;.html
1265;14894;GCath;https://gcatholic.org/p/;
1265;bmimm;cathie;https://www.catholic-hierarchy.org/bishop/;.html
1266;14895;GCath;https://gcatholic.org/p/;
1266;bgalindoy;cathie;https://www.catholic-hierarchy.org/bishop/;.html
1267;14901;GCath;https://gcatholic.org/p/;
1267;90660814;viaf;https://viaf.org/viaf/;
1267;babad;cathie;https://www.catholic-hierarchy.org/bishop/;.html
1268;14902;GCath;https://gcatholic.org/p/;
1268;bmarianha;cathie;https://www.catholic-hierarchy.org/bishop/;.html
1269;14903;GCath;https://gcatholic.org/p/;
1269;bsanmic;cathie;https://www.catholic-hierarchy.org/bishop/;.html
1270;14912;GCath;https://gcatholic.org/p/;
1270;bcaslga;cathie;https://www.catholic-hierarchy.org/bishop/;.html
1271;14913;GCath;https://gcatholic.org/p/;
1271;bolib;cathie;https://www.catholic-hierarchy.org/bishop/;.html
1272;14914;GCath;https://gcatholic.org/p/;
1272;bgranados;cathie;https://www.catholic-hierarchy.org/bishop/;.html
1273;14924;GCath;https://gcatholic.org/p/;
1273;barho;cathie;https://www.catholic-hierarchy.org/bishop/;.html
1274;14925;GCath;https://gcatholic.org/p/;
1274;bmarin;cathie;https://www.catholic-hierarchy.org/bishop/;.html
1275;14926;GCath;https://gcatholic.org/p/;
1275;bllanoa;cathie;https://www.catholic-hierarchy.org/bishop/;.html
1276;14927;GCath;https://gcatholic.org/p/;
1276;bverger;cathie;https://www.catholic-hierarchy.org/bishop/;.html
1277;14934;GCath;https://gcatholic.org/p/;
1277;bestevez;cathie;https://www.catholic-hierarchy.org/bishop/;.html
1278;14935;GCath;https://gcatholic.org/p/;
1278;bdepina;cathie;https://www.catholic-hierarchy.org/bishop/;.html
1279;Antonio Caballero y Góngora;wiki-es;https://es.wikipedia.org/wiki/;
1279;14936;GCath;https://gcatholic.org/p/;
1279;bcabgo;cathie;https://www.catholic-hierarchy.org/bishop/;.html
1280;14937;GCath;https://gcatholic.org/p/;
1280;bdeperedo;cathie;https://www.catholic-hierarchy.org/bishop/;.html
1281;14938;GCath;https://gcatholic.org/p/;
1281;bpadillae;cathie;https://www.catholic-hierarchy.org/bishop/;.html
1282;14939;GCath;https://gcatholic.org/p/;
1282;49314536;viaf;https://viaf.org/viaf/;
1282;bdeye;cathie;https://www.catholic-hierarchy.org/bishop/;.html
1283;14940;GCath;https://gcatholic.org/p/;
1283;bdezamora;cathie;https://www.catholic-hierarchy.org/bishop/;.html
1284;14941;GCath;https://gcatholic.org/p/;
1284;bmatos;cathie;https://www.catholic-hierarchy.org/bishop/;.html
1285;14942;GCath;https://gcatholic.org/p/;
1285;bcastug;cathie;https://www.catholic-hierarchy.org/bishop/;.html
1286;14943;GCath;https://gcatholic.org/p/;
1286;breyrm;cathie;https://www.catholic-hierarchy.org/bishop/;.html
1287;14955;GCath;https://gcatholic.org/p/;
1287;bmaroce;cathie;https://www.catholic-hierarchy.org/bishop/;.html
1288;14956;GCath;https://gcatholic.org/p/;
1288;bdejesusy;cathie;https://www.catholic-hierarchy.org/bishop/;.html
1289;15460;GCath;https://gcatholic.org/p/;
1290;15461;GCath;https://gcatholic.org/p/;
1290;bfuegma;cathie;https://www.catholic-hierarchy.org/bishop/;.html
1291;15462;GCath;https://gcatholic.org/p/;
1291;bmapll;cathie;https://www.catholic-hierarchy.org/bishop/;.html
1292;15463;GCath;https://gcatholic.org/p/;
1292;bpolancof;cathie;https://www.catholic-hierarchy.org/bishop/;.html
1293;15464;GCath;https://gcatholic.org/p/;
1293;bgarcvr;cathie;https://www.catholic-hierarchy.org/bishop/;.html
1294;15465;GCath;https://gcatholic.org/p/;
1294;bcilieza;cathie;https://www.catholic-hierarchy.org/bishop/;.html
1295;15466;GCath;https://gcatholic.org/p/;
1295;bmoto;cathie;https://www.catholic-hierarchy.org/bishop/;.html
1296;15467;GCath;https://gcatholic.org/p/;
1296;bradar;cathie;https://www.catholic-hierarchy.org/bishop/;.html
1297;15468;GCath;https://gcatholic.org/p/;
1297;bolpa;cathie;https://www.catholic-hierarchy.org/bishop/;.html
1298;16065;GCath;https://gcatholic.org/p/;
1298;bdemolina;cathie;https://www.catholic-hierarchy.org/bishop/;.html
1299;17192;GCath;https://gcatholic.org/p/;
1299;21853165;viaf;https://viaf.org/viaf/;
1299;bjimenezp;cathie;https://www.catholic-hierarchy.org/bishop/;.html
1300;17206;GCath;https://gcatholic.org/p/;
1301;17207;GCath;https://gcatholic.org/p/;
1301;bsace;cathie;https://www.catholic-hierarchy.org/bishop/;.html
1302;17208;GCath;https://gcatholic.org/p/;
1302;bsese;cathie;https://www.catholic-hierarchy.org/bishop/;.html
1303;17209;GCath;https://gcatholic.org/p/;
1303;bsantama;cathie;https://www.catholic-hierarchy.org/bishop/;.html
1304;17374;GCath;https://gcatholic.org/p/;
1304;balvco;cathie;https://www.catholic-hierarchy.org/bishop/;.html
1305;17375;GCath;https://gcatholic.org/p/;
1305;bpeca;cathie;https://www.catholic-hierarchy.org/bishop/;.html
1306;17376;GCath;https://gcatholic.org/p/;
1306;bsomi;cathie;https://www.catholic-hierarchy.org/bishop/;.html
1307;17377;GCath;https://gcatholic.org/p/;
1307;bponce;cathie;https://www.catholic-hierarchy.org/bishop/;.html
1308;17378;GCath;https://gcatholic.org/p/;
1308;besca;cathie;https://www.catholic-hierarchy.org/bishop/;.html
1309;17379;GCath;https://gcatholic.org/p/;
1309;bgomnf;cathie;https://www.catholic-hierarchy.org/bishop/;.html
1310;17380;GCath;https://gcatholic.org/p/;
1310;bromerol;cathie;https://www.catholic-hierarchy.org/bishop/;.html
1311;Diego Ladrón de Guevara;wiki-es;https://es.wikipedia.org/wiki/;
1311;17381;GCath;https://gcatholic.org/p/;
1311;bladron;cathie;https://www.catholic-hierarchy.org/bishop/;.html
1312;17382;GCath;https://gcatholic.org/p/;
1312;bpardodef;cathie;https://www.catholic-hierarchy.org/bishop/;.html
1313;18105;GCath;https://gcatholic.org/p/;
1313;20575972;viaf;https://viaf.org/viaf/;
1313;byfuero;cathie;https://www.catholic-hierarchy.org/bishop/;.html
1314;18451;GCath;https://gcatholic.org/p/;
1314;brodrig;cathie;https://www.catholic-hierarchy.org/bishop/;.html
1315;18452;GCath;https://gcatholic.org/p/;
1315;bruiza;cathie;https://www.catholic-hierarchy.org/bishop/;.html
1316;18453;GCath;https://gcatholic.org/p/;
1316;bmogu;cathie;https://www.catholic-hierarchy.org/bishop/;.html
1317;18454;GCath;https://gcatholic.org/p/;
1317;balvabr;cathie;https://www.catholic-hierarchy.org/bishop/;.html
1318;18455;GCath;https://gcatholic.org/p/;
1318;balqu;cathie;https://www.catholic-hierarchy.org/bishop/;.html
1319;18456;GCath;https://gcatholic.org/p/;
1319;bdgal;cathie;https://www.catholic-hierarchy.org/bishop/;.html
1320;18457;GCath;https://gcatholic.org/p/;
1320;bmendig;cathie;https://www.catholic-hierarchy.org/bishop/;.html
1321;Francisco del Rincón (religioso);wiki-es;https://es.wikipedia.org/wiki/;
1321;18458;GCath;https://gcatholic.org/p/;
1321;bdelri;cathie;https://www.catholic-hierarchy.org/bishop/;.html
1322;18459;GCath;https://gcatholic.org/p/;
1322;bfernna;cathie;https://www.catholic-hierarchy.org/bishop/;.html
1323;18460;GCath;https://gcatholic.org/p/;
1323;bguatel;cathie;https://www.catholic-hierarchy.org/bishop/;.html
1324;18461;GCath;https://gcatholic.org/p/;
1324;bcarib;cathie;https://www.catholic-hierarchy.org/bishop/;.html
1325;18462;GCath;https://gcatholic.org/p/;
1325;besctm;cathie;https://www.catholic-hierarchy.org/bishop/;.html
1326;18463;GCath;https://gcatholic.org/p/;
1326;bcuemal;cathie;https://www.catholic-hierarchy.org/bishop/;.html
1327;18464;GCath;https://gcatholic.org/p/;
1328;18465;GCath;https://gcatholic.org/p/;
1328;bdgye;cathie;https://www.catholic-hierarchy.org/bishop/;.html
1329;18466;GCath;https://gcatholic.org/p/;
1329;bdltf;cathie;https://www.catholic-hierarchy.org/bishop/;.html
1330;18467;GCath;https://gcatholic.org/p/;
1330;bdalc;cathie;https://www.catholic-hierarchy.org/bishop/;.html
1331;18468;GCath;https://gcatholic.org/p/;
1331;bverz;cathie;https://www.catholic-hierarchy.org/bishop/;.html
1332;18470;GCath;https://gcatholic.org/p/;
1332;bdeoviedo;cathie;https://www.catholic-hierarchy.org/bishop/;.html
1333;18471;GCath;https://gcatholic.org/p/;
1333;bsolier;cathie;https://www.catholic-hierarchy.org/bishop/;.html
1334;18472;GCath;https://gcatholic.org/p/;
1334;bcond;cathie;https://www.catholic-hierarchy.org/bishop/;.html
1335;18473;GCath;https://gcatholic.org/p/;
1335;broju;cathie;https://www.catholic-hierarchy.org/bishop/;.html
1336;18474;GCath;https://gcatholic.org/p/;
1336;bramosn;cathie;https://www.catholic-hierarchy.org/bishop/;.html
1337;18475;GCath;https://gcatholic.org/p/;
1337;bpadillad;cathie;https://www.catholic-hierarchy.org/bishop/;.html
1338;18476;GCath;https://gcatholic.org/p/;
1338;bloda;cathie;https://www.catholic-hierarchy.org/bishop/;.html
1339;18477;GCath;https://gcatholic.org/p/;
1339;bcarvf;cathie;https://www.catholic-hierarchy.org/bishop/;.html
1340;18478;GCath;https://gcatholic.org/p/;
1340;45099200;viaf;https://viaf.org/viaf/;
1340;bcoyle;cathie;https://www.catholic-hierarchy.org/bishop/;.html
1341;18479;GCath;https://gcatholic.org/p/;
1341;bdsalc;cathie;https://www.catholic-hierarchy.org/bishop/;.html
1342;18480;GCath;https://gcatholic.org/p/;
1342;barzol;cathie;https://www.catholic-hierarchy.org/bishop/;.html
1343;18481;GCath;https://gcatholic.org/p/;
1343;bfuen;cathie;https://www.catholic-hierarchy.org/bishop/;.html
1344;18482;GCath;https://gcatholic.org/p/;
1344;bramdar;cathie;https://www.catholic-hierarchy.org/bishop/;.html
1345;18483;GCath;https://gcatholic.org/p/;
1346;18484;GCath;https://gcatholic.org/p/;
1346;bgeral;cathie;https://www.catholic-hierarchy.org/bishop/;.html
1347;19077;GCath;https://gcatholic.org/p/;
1347;bmansoy;cathie;https://www.catholic-hierarchy.org/bishop/;.html
1348;19259;GCath;https://gcatholic.org/p/;
1348;bdomii;cathie;https://www.catholic-hierarchy.org/bishop/;.html
1349;19260;GCath;https://gcatholic.org/p/;
1349;bsaga;cathie;https://www.catholic-hierarchy.org/bishop/;.html
1350;19261;GCath;https://gcatholic.org/p/;
1350;bmarcom;cathie;https://www.catholic-hierarchy.org/bishop/;.html
1351;19262;GCath;https://gcatholic.org/p/;
1351;balvcas;cathie;https://www.catholic-hierarchy.org/bishop/;.html
1352;19263;GCath;https://gcatholic.org/p/;
1352;bcamroj;cathie;https://www.catholic-hierarchy.org/bishop/;.html
1353;19264;GCath;https://gcatholic.org/p/;
1353;braga;cathie;https://www.catholic-hierarchy.org/bishop/;.html
1354;19265;GCath;https://gcatholic.org/p/;
1354;brima;cathie;https://www.catholic-hierarchy.org/bishop/;.html
1355;19266;GCath;https://gcatholic.org/p/;
1355;bsosab;cathie;https://www.catholic-hierarchy.org/bishop/;.html
1356;19267;GCath;https://gcatholic.org/p/;
1356;bararoj;cathie;https://www.catholic-hierarchy.org/bishop/;.html
1357;19268;GCath;https://gcatholic.org/p/;
1357;bazuitu;cathie;https://www.catholic-hierarchy.org/bishop/;.html
1358;19269;GCath;https://gcatholic.org/p/;
1358;bfermin;cathie;https://www.catholic-hierarchy.org/bishop/;.html
1359;Francisco Cossio y Otero;wiki-es;https://es.wikipedia.org/wiki/;
1359;19270;GCath;https://gcatholic.org/p/;
1359;bcosio;cathie;https://www.catholic-hierarchy.org/bishop/;.html
1360;19271;GCath;https://gcatholic.org/p/;
1360;bdeurbina;cathie;https://www.catholic-hierarchy.org/bishop/;.html
1361;19272;GCath;https://gcatholic.org/p/;
1361;bsalo;cathie;https://www.catholic-hierarchy.org/bishop/;.html
1362;19273;GCath;https://gcatholic.org/p/;
1362;barguy;cathie;https://www.catholic-hierarchy.org/bishop/;.html
1363;19274;GCath;https://gcatholic.org/p/;
1363;bdtor;cathie;https://www.catholic-hierarchy.org/bishop/;.html
1364;19275;GCath;https://gcatholic.org/p/;
1364;bcort;cathie;https://www.catholic-hierarchy.org/bishop/;.html
1365;19276;GCath;https://gcatholic.org/p/;
1365;9883279;viaf;https://viaf.org/viaf/;
1365;bariuga;cathie;https://www.catholic-hierarchy.org/bishop/;.html
1366;19277;GCath;https://gcatholic.org/p/;
1366;borfl;cathie;https://www.catholic-hierarchy.org/bishop/;.html
1367;19278;GCath;https://gcatholic.org/p/;
1367;bcastrj;cathie;https://www.catholic-hierarchy.org/bishop/;.html
1368;19279;GCath;https://gcatholic.org/p/;
1368;86866018;viaf;https://viaf.org/viaf/;
1368;blobog;cathie;https://www.catholic-hierarchy.org/bishop/;.html
1369;19280;GCath;https://gcatholic.org/p/;
1369;bmamm;cathie;https://www.catholic-hierarchy.org/bishop/;.html
1370;19281;GCath;https://gcatholic.org/p/;
1370;60729141;viaf;https://viaf.org/viaf/;
1370;bcardl;cathie;https://www.catholic-hierarchy.org/bishop/;.html
1371;19288;GCath;https://gcatholic.org/p/;
1371;brodca;cathie;https://www.catholic-hierarchy.org/bishop/;.html
1372;19289;GCath;https://gcatholic.org/p/;
1372;bdiazme;cathie;https://www.catholic-hierarchy.org/bishop/;.html
1373;19290;GCath;https://gcatholic.org/p/;
1373;bfernddlm;cathie;https://www.catholic-hierarchy.org/bishop/;.html
1374;19291;GCath;https://gcatholic.org/p/;
1374;barbizu;cathie;https://www.catholic-hierarchy.org/bishop/;.html
1375;19292;GCath;https://gcatholic.org/p/;
1375;bmargar;cathie;https://www.catholic-hierarchy.org/bishop/;.html
1376;19293;GCath;https://gcatholic.org/p/;
1376;bgomdsi;cathie;https://www.catholic-hierarchy.org/bishop/;.html
1377;19294;GCath;https://gcatholic.org/p/;
1378;19295;GCath;https://gcatholic.org/p/;
1378;bcasiani;cathie;https://www.catholic-hierarchy.org/bishop/;.html
1379;19296;GCath;https://gcatholic.org/p/;
1379;bcoron;cathie;https://www.catholic-hierarchy.org/bishop/;.html
1380;19297;GCath;https://gcatholic.org/p/;
1380;bsotom;cathie;https://www.catholic-hierarchy.org/bishop/;.html
1381;19298;GCath;https://gcatholic.org/p/;
1381;btoralt;cathie;https://www.catholic-hierarchy.org/bishop/;.html
1382;19299;GCath;https://gcatholic.org/p/;
1382;bvegp;cathie;https://www.catholic-hierarchy.org/bishop/;.html
1383;19300;GCath;https://gcatholic.org/p/;
1383;blabr;cathie;https://www.catholic-hierarchy.org/bishop/;.html
1384;19301;GCath;https://gcatholic.org/p/;
1384;bdherv;cathie;https://www.catholic-hierarchy.org/bishop/;.html
1385;19302;GCath;https://gcatholic.org/p/;
1385;bmontj;cathie;https://www.catholic-hierarchy.org/bishop/;.html
1386;19303;GCath;https://gcatholic.org/p/;
1386;bsantd;cathie;https://www.catholic-hierarchy.org/bishop/;.html
1387;19304;GCath;https://gcatholic.org/p/;
1387;barev;cathie;https://www.catholic-hierarchy.org/bishop/;.html
1388;19305;GCath;https://gcatholic.org/p/;
1388;bsims;cathie;https://www.catholic-hierarchy.org/bishop/;.html
1389;19306;GCath;https://gcatholic.org/p/;
1389;bvelf;cathie;https://www.catholic-hierarchy.org/bishop/;.html
1390;19307;GCath;https://gcatholic.org/p/;
1390;50564916;viaf;https://viaf.org/viaf/;
1390;bdeloayza;cathie;https://www.catholic-hierarchy.org/bishop/;.html
1391;19308;GCath;https://gcatholic.org/p/;
1391;brodel;cathie;https://www.catholic-hierarchy.org/bishop/;.html
1392;19309;GCath;https://gcatholic.org/p/;
1392;bgutceb;cathie;https://www.catholic-hierarchy.org/bishop/;.html
1393;Diego Morcillo Rubio de Auñón;wiki-es;https://es.wikipedia.org/wiki/;
1393;19310;GCath;https://gcatholic.org/p/;
1393;bmorrsr;cathie;https://www.catholic-hierarchy.org/bishop/;.html
1394;19311;GCath;https://gcatholic.org/p/;
1395;Melchor de Liñán y Cisneros;wiki-es;https://es.wikipedia.org/wiki/;
1395;19312;GCath;https://gcatholic.org/p/;
1395;blincis;cathie;https://www.catholic-hierarchy.org/bishop/;.html
1396;19313;GCath;https://gcatholic.org/p/;
1396;balmog;cathie;https://www.catholic-hierarchy.org/bishop/;.html
1397;19314;GCath;https://gcatholic.org/p/;
1397;bvilp;cathie;https://www.catholic-hierarchy.org/bishop/;.html
1398;19315;GCath;https://gcatholic.org/p/;
1398;bdeocampo;cathie;https://www.catholic-hierarchy.org/bishop/;.html
1399;19316;GCath;https://gcatholic.org/p/;
1399;89627303;viaf;https://viaf.org/viaf/;
1399;bmogr;cathie;https://www.catholic-hierarchy.org/bishop/;.html
1400;19317;GCath;https://gcatholic.org/p/;
1400;bgola;cathie;https://www.catholic-hierarchy.org/bishop/;.html
1401;19319;GCath;https://gcatholic.org/p/;
1401;bnavmv;cathie;https://www.catholic-hierarchy.org/bishop/;.html
1402;19320;GCath;https://gcatholic.org/p/;
1402;bdemoxo;cathie;https://www.catholic-hierarchy.org/bishop/;.html
1403;19321;GCath;https://gcatholic.org/p/;
1403;bsalb;cathie;https://www.catholic-hierarchy.org/bishop/;.html
1404;19322;GCath;https://gcatholic.org/p/;
1404;bherboso;cathie;https://www.catholic-hierarchy.org/bishop/;.html
1405;19323;GCath;https://gcatholic.org/p/;
1405;barps;cathie;https://www.catholic-hierarchy.org/bishop/;.html
1406;19324;GCath;https://gcatholic.org/p/;
1406;bmaag;cathie;https://www.catholic-hierarchy.org/bishop/;.html
1407;19325;GCath;https://gcatholic.org/p/;
1407;bberbec;cathie;https://www.catholic-hierarchy.org/bishop/;.html
1408;19327;GCath;https://gcatholic.org/p/;
1408;bneco;cathie;https://www.catholic-hierarchy.org/bishop/;.html
1409;19328;GCath;https://gcatholic.org/p/;
1409;bpozs;cathie;https://www.catholic-hierarchy.org/bishop/;.html
1410;19329;GCath;https://gcatholic.org/p/;
1410;bquei;cathie;https://www.catholic-hierarchy.org/bishop/;.html
1411;Bartolomé González de Póveda;wiki-es;https://es.wikipedia.org/wiki/;
1411;19330;GCath;https://gcatholic.org/p/;
1411;bgonpov;cathie;https://www.catholic-hierarchy.org/bishop/;.html
1412;19333;GCath;https://gcatholic.org/p/;
1412;bvebo;cathie;https://www.catholic-hierarchy.org/bishop/;.html
1413;19334;GCath;https://gcatholic.org/p/;
1413;btiedra;cathie;https://www.catholic-hierarchy.org/bishop/;.html
1414;19335;GCath;https://gcatholic.org/p/;
1414;bpera;cathie;https://www.catholic-hierarchy.org/bishop/;.html
1415;12590661;viaf;https://viaf.org/viaf/;
1415;19336;GCath;https://gcatholic.org/p/;
1415;bloso;cathie;https://www.catholic-hierarchy.org/bishop/;.html
1416;19337;GCath;https://gcatholic.org/p/;
1416;bramve;cathie;https://www.catholic-hierarchy.org/bishop/;.html
1417;19338;GCath;https://gcatholic.org/p/;
1417;bgrana;cathie;https://www.catholic-hierarchy.org/bishop/;.html
1418;14760123;viaf;https://viaf.org/viaf/;
1418;19339;GCath;https://gcatholic.org/p/;
1418;bsttom;cathie;https://www.catholic-hierarchy.org/bishop/;.html
1419;19502;GCath;https://gcatholic.org/p/;
1419;bmapi;cathie;https://www.catholic-hierarchy.org/bishop/;.html
1420;19622;GCath;https://gcatholic.org/p/;
1420;bderios;cathie;https://www.catholic-hierarchy.org/bishop/;.html
1421;Pedro Moya;wiki-es;https://es.wikipedia.org/wiki/;
1421;19653;GCath;https://gcatholic.org/p/;
1421;bconpm;cathie;https://www.catholic-hierarchy.org/bishop/;.html
1422;19693;GCath;https://gcatholic.org/p/;
1422;bdeaguir;cathie;https://www.catholic-hierarchy.org/bishop/;.html
1423;19694;GCath;https://gcatholic.org/p/;
1423;bderivera;cathie;https://www.catholic-hierarchy.org/bishop/;.html
1424;19695;GCath;https://gcatholic.org/p/;
1424;brpo;cathie;https://www.catholic-hierarchy.org/bishop/;.html
1425;19696;GCath;https://gcatholic.org/p/;
1425;bcueda;cathie;https://www.catholic-hierarchy.org/bishop/;.html
1426;19697;GCath;https://gcatholic.org/p/;
1426;316444252;viaf;https://viaf.org/viaf/;
1426;bzagade;cathie;https://www.catholic-hierarchy.org/bishop/;.html
1427;19698;GCath;https://gcatholic.org/p/;
1427;blopezdea;cathie;https://www.catholic-hierarchy.org/bishop/;.html
1428;19699;GCath;https://gcatholic.org/p/;
1428;bdemanoza;cathie;https://www.catholic-hierarchy.org/bishop/;.html
1429;19700;GCath;https://gcatholic.org/p/;
1429;bdelavega;cathie;https://www.catholic-hierarchy.org/bishop/;.html
1430;19701;GCath;https://gcatholic.org/p/;
1430;bverdc;cathie;https://www.catholic-hierarchy.org/bishop/;.html
1431;19702;GCath;https://gcatholic.org/p/;
1431;bpdls;cathie;https://www.catholic-hierarchy.org/bishop/;.html
1432;19703;GCath;https://gcatholic.org/p/;
1432;bguerrag;cathie;https://www.catholic-hierarchy.org/bishop/;.html
1433;19704;GCath;https://gcatholic.org/p/;
1433;bsanmm;cathie;https://www.catholic-hierarchy.org/bishop/;.html
1434;19705;GCath;https://gcatholic.org/p/;
1434;bferndb;cathie;https://www.catholic-hierarchy.org/bishop/;.html
1435;19706;GCath;https://gcatholic.org/p/;
1435;bmont;cathie;https://www.catholic-hierarchy.org/bishop/;.html
1436;19707;GCath;https://gcatholic.org/p/;
1436;64826962;viaf;https://viaf.org/viaf/;
1436;bzum;cathie;https://www.catholic-hierarchy.org/bishop/;.html
1437;19710;GCath;https://gcatholic.org/p/;
1437;bdlr;cathie;https://www.catholic-hierarchy.org/bishop/;.html
1438;19711;GCath;https://gcatholic.org/p/;
1438;bdehoyos;cathie;https://www.catholic-hierarchy.org/bishop/;.html
1439;19712;GCath;https://gcatholic.org/p/;
1439;bsantag;cathie;https://www.catholic-hierarchy.org/bishop/;.html
1440;19713;GCath;https://gcatholic.org/p/;
1440;beliz;cathie;https://www.catholic-hierarchy.org/bishop/;.html
1441;19714;GCath;https://gcatholic.org/p/;
1441;bvalvj;cathie;https://www.catholic-hierarchy.org/bishop/;.html
1442;19715;GCath;https://gcatholic.org/p/;
1442;bescal;cathie;https://www.catholic-hierarchy.org/bishop/;.html
1443;19716;GCath;https://gcatholic.org/p/;
1443;btruxillo;cathie;https://www.catholic-hierarchy.org/bishop/;.html
1444;19717;GCath;https://gcatholic.org/p/;
1444;besccm;cathie;https://www.catholic-hierarchy.org/bishop/;.html
1445;19718;GCath;https://gcatholic.org/p/;
1445;blegaspi;cathie;https://www.catholic-hierarchy.org/bishop/;.html
1446;19719;GCath;https://gcatholic.org/p/;
1447;19720;GCath;https://gcatholic.org/p/;
1447;bverdin;cathie;https://www.catholic-hierarchy.org/bishop/;.html
1448;19722;GCath;https://gcatholic.org/p/;
1448;bdryp;cathie;https://www.catholic-hierarchy.org/bishop/;.html
1449;19723;GCath;https://gcatholic.org/p/;
1449;benrta;cathie;https://www.catholic-hierarchy.org/bishop/;.html
1450;19724;GCath;https://gcatholic.org/p/;
1450;brosillo;cathie;https://www.catholic-hierarchy.org/bishop/;.html
1451;19725;GCath;https://gcatholic.org/p/;
1451;bdeubilla;cathie;https://www.catholic-hierarchy.org/bishop/;.html
1452;19726;GCath;https://gcatholic.org/p/;
1452;bdeulloa;cathie;https://www.catholic-hierarchy.org/bishop/;.html
1453;19727;GCath;https://gcatholic.org/p/;
1453;bguerraa;cathie;https://www.catholic-hierarchy.org/bishop/;.html
1454;19728;GCath;https://gcatholic.org/p/;
1454;bdemedina;cathie;https://www.catholic-hierarchy.org/bishop/;.html
1455;19729;GCath;https://gcatholic.org/p/;
1455;26559164;viaf;https://viaf.org/viaf/;
1455;bruizdem;cathie;https://www.catholic-hierarchy.org/bishop/;.html
1456;19731;GCath;https://gcatholic.org/p/;
1456;bsanlg;cathie;https://www.catholic-hierarchy.org/bishop/;.html
1457;19732;GCath;https://gcatholic.org/p/;
1457;bfernscs;cathie;https://www.catholic-hierarchy.org/bishop/;.html
1458;19733;GCath;https://gcatholic.org/p/;
1458;bruizco;cathie;https://www.catholic-hierarchy.org/bishop/;.html
1459;19734;GCath;https://gcatholic.org/p/;
1459;bsanchezj;cathie;https://www.catholic-hierarchy.org/bishop/;.html
1460;19735;GCath;https://gcatholic.org/p/;
1460;bcercar;cathie;https://www.catholic-hierarchy.org/bishop/;.html
1461;19736;GCath;https://gcatholic.org/p/;
1461;bdeovalle;cathie;https://www.catholic-hierarchy.org/bishop/;.html
1462;10006016;viaf;https://viaf.org/viaf/;
1462;19737;GCath;https://gcatholic.org/p/;
1462;bdelamota;cathie;https://www.catholic-hierarchy.org/bishop/;.html
1463;19738;GCath;https://gcatholic.org/p/;
1463;87698472;viaf;https://viaf.org/viaf/;
1463;bsantosg;cathie;https://www.catholic-hierarchy.org/bishop/;.html
1464;19739;GCath;https://gcatholic.org/p/;
1464;bsuarezde;cathie;https://www.catholic-hierarchy.org/bishop/;.html
1465;19740;GCath;https://gcatholic.org/p/;
1465;bdearzola;cathie;https://www.catholic-hierarchy.org/bishop/;.html
1466;19741;GCath;https://gcatholic.org/p/;
1466;66226590;viaf;https://viaf.org/viaf/;
1466;bgms;cathie;https://www.catholic-hierarchy.org/bishop/;.html
1467;19742;GCath;https://gcatholic.org/p/;
1467;bdeayala;cathie;https://www.catholic-hierarchy.org/bishop/;.html
1468;19744;GCath;https://gcatholic.org/p/;
1468;barrag;cathie;https://www.catholic-hierarchy.org/bishop/;.html
1469;19745;GCath;https://gcatholic.org/p/;
1469;bcano;cathie;https://www.catholic-hierarchy.org/bishop/;.html
1470;19747;GCath;https://gcatholic.org/p/;
1470;bcifsot;cathie;https://www.catholic-hierarchy.org/bishop/;.html
1471;19748;GCath;https://gcatholic.org/p/;
1471;bvilla;cathie;https://www.catholic-hierarchy.org/bishop/;.html
1472;Marcos de Torres y Rueda;wiki-es;https://es.wikipedia.org/wiki/;
1472;19749;GCath;https://gcatholic.org/p/;
1472;btorresy;cathie;https://www.catholic-hierarchy.org/bishop/;.html
1473;19750;GCath;https://gcatholic.org/p/;
1473;bfernip;cathie;https://www.catholic-hierarchy.org/bishop/;.html
1474;19751;GCath;https://gcatholic.org/p/;
1474;bdeocon;cathie;https://www.catholic-hierarchy.org/bishop/;.html
1475;19752;GCath;https://gcatholic.org/p/;
1475;bdsal;cathie;https://www.catholic-hierarchy.org/bishop/;.html
1476;19753;GCath;https://gcatholic.org/p/;
1476;bvasquezm;cathie;https://www.catholic-hierarchy.org/bishop/;.html
1477;19754;GCath;https://gcatholic.org/p/;
1477;bizquj;cathie;https://www.catholic-hierarchy.org/bishop/;.html
1478;19755;GCath;https://gcatholic.org/p/;
1478;bmontalvo;cathie;https://www.catholic-hierarchy.org/bishop/;.html
1479;19756;GCath;https://gcatholic.org/p/;
1479;5056082;viaf;https://viaf.org/viaf/;
1479;bdelanda;cathie;https://www.catholic-hierarchy.org/bishop/;.html
1480;19757;GCath;https://gcatholic.org/p/;
1480;btoral;cathie;https://www.catholic-hierarchy.org/bishop/;.html
1481;19759;GCath;https://gcatholic.org/p/;
1481;bperezaj;cathie;https://www.catholic-hierarchy.org/bishop/;.html
1482;19760;GCath;https://gcatholic.org/p/;
1482;bgocgv;cathie;https://www.catholic-hierarchy.org/bishop/;.html
1483;19761;GCath;https://gcatholic.org/p/;
1483;bbienp;cathie;https://www.catholic-hierarchy.org/bishop/;.html
1484;19764;GCath;https://gcatholic.org/p/;
1484;bcrespo;cathie;https://www.catholic-hierarchy.org/bishop/;.html
1485;19765;GCath;https://gcatholic.org/p/;
1485;bgoga;cathie;https://www.catholic-hierarchy.org/bishop/;.html
1486;19766;GCath;https://gcatholic.org/p/;
1486;bnogales;cathie;https://www.catholic-hierarchy.org/bishop/;.html
1487;19767;GCath;https://gcatholic.org/p/;
1487;blael;cathie;https://www.catholic-hierarchy.org/bishop/;.html
1488;19768;GCath;https://gcatholic.org/p/;
1488;bsaenzd;cathie;https://www.catholic-hierarchy.org/bishop/;.html
1489;Diego Osorio de Escobar;wiki-es;https://es.wikipedia.org/wiki/;
1489;19769;GCath;https://gcatholic.org/p/;
1489;bosorio;cathie;https://www.catholic-hierarchy.org/bishop/;.html
1490;Juan de Palafox;wiki-es;https://es.wikipedia.org/wiki/;
1490;19770;GCath;https://gcatholic.org/p/;
1490;bpalafox;cathie;https://www.catholic-hierarchy.org/bishop/;.html
1491;19771;GCath;https://gcatholic.org/p/;
1491;bdquir;cathie;https://www.catholic-hierarchy.org/bishop/;.html
1492;19772;GCath;https://gcatholic.org/p/;
1492;bromanod;cathie;https://www.catholic-hierarchy.org/bishop/;.html
1493;19773;GCath;https://gcatholic.org/p/;
1493;bvilf;cathie;https://www.catholic-hierarchy.org/bishop/;.html
1494;19774;GCath;https://gcatholic.org/p/;
1494;bsarhoj;cathie;https://www.catholic-hierarchy.org/bishop/;.html
1495;19776;GCath;https://gcatholic.org/p/;
1496;19782;GCath;https://gcatholic.org/p/;
1496;bdeomana;cathie;https://www.catholic-hierarchy.org/bishop/;.html
1497;19783;GCath;https://gcatholic.org/p/;
1497;bortij;cathie;https://www.catholic-hierarchy.org/bishop/;.html
1498;19784;GCath;https://gcatholic.org/p/;
1498;baav;cathie;https://www.catholic-hierarchy.org/bishop/;.html
1499;19785;GCath;https://gcatholic.org/p/;
1499;bblancoy;cathie;https://www.catholic-hierarchy.org/bishop/;.html
1500;19786;GCath;https://gcatholic.org/p/;
1500;bdeangulo;cathie;https://www.catholic-hierarchy.org/bishop/;.html
1501;19787;GCath;https://gcatholic.org/p/;
1501;bmontano;cathie;https://www.catholic-hierarchy.org/bishop/;.html
1502;19788;GCath;https://gcatholic.org/p/;
1502;bsanca;cathie;https://www.catholic-hierarchy.org/bishop/;.html
1503;19789;GCath;https://gcatholic.org/p/;
1503;bmaldan;cathie;https://www.catholic-hierarchy.org/bishop/;.html
1504;19790;GCath;https://gcatholic.org/p/;
1504;bdequiros;cathie;https://www.catholic-hierarchy.org/bishop/;.html
1505;19791;GCath;https://gcatholic.org/p/;
1505;bsarinana;cathie;https://www.catholic-hierarchy.org/bishop/;.html
1506;19792;GCath;https://gcatholic.org/p/;
1506;bdpcs;cathie;https://www.catholic-hierarchy.org/bishop/;.html
1507;19793;GCath;https://gcatholic.org/p/;
1507;bmontt;cathie;https://www.catholic-hierarchy.org/bishop/;.html
1508;19794;GCath;https://gcatholic.org/p/;
1508;73701417;viaf;https://viaf.org/viaf/;
1508;bdiazdeq;cathie;https://www.catholic-hierarchy.org/bishop/;.html
1509;19795;GCath;https://gcatholic.org/p/;
1509;bbebe;cathie;https://www.catholic-hierarchy.org/bishop/;.html
1510;19796;GCath;https://gcatholic.org/p/;
1510;bdbeh;cathie;https://www.catholic-hierarchy.org/bishop/;.html
1511;19797;GCath;https://gcatholic.org/p/;
1511;bcervj;cathie;https://www.catholic-hierarchy.org/bishop/;.html
1512;16487475;viaf;https://viaf.org/viaf/;
1512;19798;GCath;https://gcatholic.org/p/;
1512;bdled;cathie;https://www.catholic-hierarchy.org/bishop/;.html
1513;19799;GCath;https://gcatholic.org/p/;
1513;balbb;cathie;https://www.catholic-hierarchy.org/bishop/;.html
1514;19801;GCath;https://gcatholic.org/p/;
1514;bnunezf;cathie;https://www.catholic-hierarchy.org/bishop/;.html
1515;19802;GCath;https://gcatholic.org/p/;
1515;bbravsm;cathie;https://www.catholic-hierarchy.org/bishop/;.html
1516;19803;GCath;https://gcatholic.org/p/;
1516;bberndq;cathie;https://www.catholic-hierarchy.org/bishop/;.html
1517;19804;GCath;https://gcatholic.org/p/;
1517;bdetovar;cathie;https://www.catholic-hierarchy.org/bishop/;.html
1518;19805;GCath;https://gcatholic.org/p/;
1518;blazcp;cathie;https://www.catholic-hierarchy.org/bishop/;.html
1519;19806;GCath;https://gcatholic.org/p/;
1519;bugarte;cathie;https://www.catholic-hierarchy.org/bishop/;.html
1520;19807;GCath;https://gcatholic.org/p/;
1520;bsalf;cathie;https://www.catholic-hierarchy.org/bishop/;.html
1521;19808;GCath;https://gcatholic.org/p/;
1521;78382258;viaf;https://viaf.org/viaf/;
1521;bzapatay;cathie;https://www.catholic-hierarchy.org/bishop/;.html
1522;19809;GCath;https://gcatholic.org/p/;
1522;bdeblanes;cathie;https://www.catholic-hierarchy.org/bishop/;.html
1523;19810;GCath;https://gcatholic.org/p/;
1523;69024318;viaf;https://viaf.org/viaf/;
1523;bgondm;cathie;https://www.catholic-hierarchy.org/bishop/;.html
1524;19811;GCath;https://gcatholic.org/p/;
1524;bduranl;cathie;https://www.catholic-hierarchy.org/bishop/;.html
1525;19812;GCath;https://gcatholic.org/p/;
1525;bdeferia;cathie;https://www.catholic-hierarchy.org/bishop/;.html
1526;19813;GCath;https://gcatholic.org/p/;
1526;bcasillas;cathie;https://www.catholic-hierarchy.org/bishop/;.html
1527;19814;GCath;https://gcatholic.org/p/;
1527;46758461;viaf;https://viaf.org/viaf/;
1527;bdlcas;cathie;https://www.catholic-hierarchy.org/bishop/;.html
1528;19818;GCath;https://gcatholic.org/p/;
1528;bcamachoy;cathie;https://www.catholic-hierarchy.org/bishop/;.html
1529;19868;GCath;https://gcatholic.org/p/;
1529;bduran;cathie;https://www.catholic-hierarchy.org/bishop/;.html
1530;19869;GCath;https://gcatholic.org/p/;
1530;bmorenoy;cathie;https://www.catholic-hierarchy.org/bishop/;.html
1531;19871;GCath;https://gcatholic.org/p/;
1531;bgoas;cathie;https://www.catholic-hierarchy.org/bishop/;.html
1532;19872;GCath;https://gcatholic.org/p/;
1532;bumeres;cathie;https://www.catholic-hierarchy.org/bishop/;.html
1533;19873;GCath;https://gcatholic.org/p/;
1533;bdlra;cathie;https://www.catholic-hierarchy.org/bishop/;.html
1534;14706978;viaf;https://viaf.org/viaf/;
1534;19874;GCath;https://gcatholic.org/p/;
1534;bdeluna;cathie;https://www.catholic-hierarchy.org/bishop/;.html
1535;19875;GCath;https://gcatholic.org/p/;
1535;bderomani;cathie;https://www.catholic-hierarchy.org/bishop/;.html
1536;19876;GCath;https://gcatholic.org/p/;
1536;btabarga;cathie;https://www.catholic-hierarchy.org/bishop/;.html
1537;19877;GCath;https://gcatholic.org/p/;
1537;bmoranv;cathie;https://www.catholic-hierarchy.org/bishop/;.html
1538;19878;GCath;https://gcatholic.org/p/;
1538;bcastj;cathie;https://www.catholic-hierarchy.org/bishop/;.html
1539;19879;GCath;https://gcatholic.org/p/;
1539;bllamas;cathie;https://www.catholic-hierarchy.org/bishop/;.html
1540;19880;GCath;https://gcatholic.org/p/;
1540;bmanrique;cathie;https://www.catholic-hierarchy.org/bishop/;.html
1541;19881;GCath;https://gcatholic.org/p/;
1542;19882;GCath;https://gcatholic.org/p/;
1542;bmrs;cathie;https://www.catholic-hierarchy.org/bishop/;.html
1543;19884;GCath;https://gcatholic.org/p/;
1543;bserrada;cathie;https://www.catholic-hierarchy.org/bishop/;.html
1544;Lucas Fernández de Piedrahíta;wiki-es;https://es.wikipedia.org/wiki/;
1544;19885;GCath;https://gcatholic.org/p/;
1544;bferndp;cathie;https://www.catholic-hierarchy.org/bishop/;.html
1545;Antonio de León y Becerra;wiki-es;https://es.wikipedia.org/wiki/;
1545;19886;GCath;https://gcatholic.org/p/;
1545;bdeleon;cathie;https://www.catholic-hierarchy.org/bishop/;.html
1546;19887;GCath;https://gcatholic.org/p/;
1546;bdvya;cathie;https://www.catholic-hierarchy.org/bishop/;.html
1547;19888;GCath;https://gcatholic.org/p/;
1547;bramirezf;cathie;https://www.catholic-hierarchy.org/bishop/;.html
1548;19889;GCath;https://gcatholic.org/p/;
1548;bizarey;cathie;https://www.catholic-hierarchy.org/bishop/;.html
1549;19890;GCath;https://gcatholic.org/p/;
1549;bmarsal;cathie;https://www.catholic-hierarchy.org/bishop/;.html
1550;19891;GCath;https://gcatholic.org/p/;
1550;bduque;cathie;https://www.catholic-hierarchy.org/bishop/;.html
1551;19892;GCath;https://gcatholic.org/p/;
1551;bcamra;cathie;https://www.catholic-hierarchy.org/bishop/;.html
1552;19893;GCath;https://gcatholic.org/p/;
1552;bcarva;cathie;https://www.catholic-hierarchy.org/bishop/;.html
1553;19894;GCath;https://gcatholic.org/p/;
1553;bdma;cathie;https://www.catholic-hierarchy.org/bishop/;.html
1554;19895;GCath;https://gcatholic.org/p/;
1554;bvaca;cathie;https://www.catholic-hierarchy.org/bishop/;.html
1555;19896;GCath;https://gcatholic.org/p/;
1555;bdeparaza;cathie;https://www.catholic-hierarchy.org/bishop/;.html
1556;19898;GCath;https://gcatholic.org/p/;
1557;19900;GCath;https://gcatholic.org/p/;
1557;bberlt;cathie;https://www.catholic-hierarchy.org/bishop/;.html
1558;19901;GCath;https://gcatholic.org/p/;
1558;barg;cathie;https://www.catholic-hierarchy.org/bishop/;.html
1559;19902;GCath;https://gcatholic.org/p/;
1559;babrego;cathie;https://www.catholic-hierarchy.org/bishop/;.html
1560;19903;GCath;https://gcatholic.org/p/;
1560;bdetorres;cathie;https://www.catholic-hierarchy.org/bishop/;.html
1561;19904;GCath;https://gcatholic.org/p/;
1561;bvalvv;cathie;https://www.catholic-hierarchy.org/bishop/;.html
1562;19905;GCath;https://gcatholic.org/p/;
1562;bdebejarf;cathie;https://www.catholic-hierarchy.org/bishop/;.html
1563;19906;GCath;https://gcatholic.org/p/;
1563;bpelo;cathie;https://www.catholic-hierarchy.org/bishop/;.html
1564;19907;GCath;https://gcatholic.org/p/;
1564;bdevaldes;cathie;https://www.catholic-hierarchy.org/bishop/;.html
1565;19908;GCath;https://gcatholic.org/p/;
1565;bsobr;cathie;https://www.catholic-hierarchy.org/bishop/;.html
1566;19909;GCath;https://gcatholic.org/p/;
1566;bderivas;cathie;https://www.catholic-hierarchy.org/bishop/;.html
1567;19910;GCath;https://gcatholic.org/p/;
1567;barnis;cathie;https://www.catholic-hierarchy.org/bishop/;.html
1568;19911;GCath;https://gcatholic.org/p/;
1568;bnaranjo;cathie;https://www.catholic-hierarchy.org/bishop/;.html
1569;19912;GCath;https://gcatholic.org/p/;
1569;bpizarro;cathie;https://www.catholic-hierarchy.org/bishop/;.html
1570;19913;GCath;https://gcatholic.org/p/;
1570;bgarcde;cathie;https://www.catholic-hierarchy.org/bishop/;.html
1571;19914;GCath;https://gcatholic.org/p/;
1571;bvaldm;cathie;https://www.catholic-hierarchy.org/bishop/;.html
1572;19915;GCath;https://gcatholic.org/p/;
1572;bconurt;cathie;https://www.catholic-hierarchy.org/bishop/;.html
1573;19916;GCath;https://gcatholic.org/p/;
1573;bdpad;cathie;https://www.catholic-hierarchy.org/bishop/;.html
1574;19917;GCath;https://gcatholic.org/p/;
1574;bdesolis;cathie;https://www.catholic-hierarchy.org/bishop/;.html
1575;19918;GCath;https://gcatholic.org/p/;
1575;bvalv;cathie;https://www.catholic-hierarchy.org/bishop/;.html
1576;19919;GCath;https://gcatholic.org/p/;
1576;bdcyc;cathie;https://www.catholic-hierarchy.org/bishop/;.html
1577;19920;GCath;https://gcatholic.org/p/;
1577;blobo;cathie;https://www.catholic-hierarchy.org/bishop/;.html
1578;19921;GCath;https://gcatholic.org/p/;
1578;bvasda;cathie;https://www.catholic-hierarchy.org/bishop/;.html
1579;19922;GCath;https://gcatholic.org/p/;
1579;blopezdeh;cathie;https://www.catholic-hierarchy.org/bishop/;.html
1580;19923;GCath;https://gcatholic.org/p/;
1580;blam;cathie;https://www.catholic-hierarchy.org/bishop/;.html
1581;19924;GCath;https://gcatholic.org/p/;
1581;38659099;viaf;https://viaf.org/viaf/;
1581;bsal;cathie;https://www.catholic-hierarchy.org/bishop/;.html
1582;19926;GCath;https://gcatholic.org/p/;
1582;bbrr;cathie;https://www.catholic-hierarchy.org/bishop/;.html
1583;19927;GCath;https://gcatholic.org/p/;
1584;19928;GCath;https://gcatholic.org/p/;
1584;bfigb;cathie;https://www.catholic-hierarchy.org/bishop/;.html
1585;19929;GCath;https://gcatholic.org/p/;
1585;bevelino;cathie;https://www.catholic-hierarchy.org/bishop/;.html
1586;19930;GCath;https://gcatholic.org/p/;
1586;bgarciapa;cathie;https://www.catholic-hierarchy.org/bishop/;.html
1587;19931;GCath;https://gcatholic.org/p/;
1587;bdiazv;cathie;https://www.catholic-hierarchy.org/bishop/;.html
1588;19932;GCath;https://gcatholic.org/p/;
1588;bmontiel;cathie;https://www.catholic-hierarchy.org/bishop/;.html
1589;19933;GCath;https://gcatholic.org/p/;
1589;bdereina;cathie;https://www.catholic-hierarchy.org/bishop/;.html
1590;19934;GCath;https://gcatholic.org/p/;
1590;bdltn;cathie;https://www.catholic-hierarchy.org/bishop/;.html
1591;19935;GCath;https://gcatholic.org/p/;
1591;bzelaya;cathie;https://www.catholic-hierarchy.org/bishop/;.html
1592;19937;GCath;https://gcatholic.org/p/;
1592;bdala;cathie;https://www.catholic-hierarchy.org/bishop/;.html
1593;19938;GCath;https://gcatholic.org/p/;
1593;bcabezas;cathie;https://www.catholic-hierarchy.org/bishop/;.html
1594;19939;GCath;https://gcatholic.org/p/;
1594;bdlpl;cathie;https://www.catholic-hierarchy.org/bishop/;.html
1595;19940;GCath;https://gcatholic.org/p/;
1595;bdiazde;cathie;https://www.catholic-hierarchy.org/bishop/;.html
1596;19941;GCath;https://gcatholic.org/p/;
1596;bcastij;cathie;https://www.catholic-hierarchy.org/bishop/;.html
1597;19942;GCath;https://gcatholic.org/p/;
1597;bvilb;cathie;https://www.catholic-hierarchy.org/bishop/;.html
1598;19943;GCath;https://gcatholic.org/p/;
1598;bdeuranga;cathie;https://www.catholic-hierarchy.org/bishop/;.html
1599;19944;GCath;https://gcatholic.org/p/;
1599;brasa;cathie;https://www.catholic-hierarchy.org/bishop/;.html
1600;19945;GCath;https://gcatholic.org/p/;
1600;bdewitte;cathie;https://www.catholic-hierarchy.org/bishop/;.html
1601;169224947;viaf;https://viaf.org/viaf/;
1601;19946;GCath;https://gcatholic.org/p/;
1601;bsard;cathie;https://www.catholic-hierarchy.org/bishop/;.html
1602;19947;GCath;https://gcatholic.org/p/;
1603;19948;GCath;https://gcatholic.org/p/;
1603;bbullon;cathie;https://www.catholic-hierarchy.org/bishop/;.html
1604;19949;GCath;https://gcatholic.org/p/;
1604;bjiron;cathie;https://www.catholic-hierarchy.org/bishop/;.html
1605;19950;GCath;https://gcatholic.org/p/;
1605;bgarrety;cathie;https://www.catholic-hierarchy.org/bishop/;.html
1606;19951;GCath;https://gcatholic.org/p/;
1606;bzata;cathie;https://www.catholic-hierarchy.org/bishop/;.html
1607;19952;GCath;https://gcatholic.org/p/;
1607;bdionisio;cathie;https://www.catholic-hierarchy.org/bishop/;.html
1608;19953;GCath;https://gcatholic.org/p/;
1608;bquiles;cathie;https://www.catholic-hierarchy.org/bishop/;.html
1609;19954;GCath;https://gcatholic.org/p/;
1609;bnunez;cathie;https://www.catholic-hierarchy.org/bishop/;.html
1610;19955;GCath;https://gcatholic.org/p/;
1610;bdelgado;cathie;https://www.catholic-hierarchy.org/bishop/;.html
1611;19956;GCath;https://gcatholic.org/p/;
1611;bmansso;cathie;https://www.catholic-hierarchy.org/bishop/;.html
1612;19957;GCath;https://gcatholic.org/p/;
1612;bderojas;cathie;https://www.catholic-hierarchy.org/bishop/;.html
1613;19958;GCath;https://gcatholic.org/p/;
1613;bnavqu;cathie;https://www.catholic-hierarchy.org/bishop/;.html
1614;19959;GCath;https://gcatholic.org/p/;
1614;bbravo;cathie;https://www.catholic-hierarchy.org/bishop/;.html
1615;19960;GCath;https://gcatholic.org/p/;
1615;bdltj;cathie;https://www.catholic-hierarchy.org/bishop/;.html
1616;19961;GCath;https://gcatholic.org/p/;
1616;87714864;viaf;https://viaf.org/viaf/;
1616;bbriceno;cathie;https://www.catholic-hierarchy.org/bishop/;.html
1617;19962;GCath;https://gcatholic.org/p/;
1617;bbza;cathie;https://www.catholic-hierarchy.org/bishop/;.html
1618;19963;GCath;https://gcatholic.org/p/;
1618;bhimo;cathie;https://www.catholic-hierarchy.org/bishop/;.html
1619;19964;GCath;https://gcatholic.org/p/;
1619;bval;cathie;https://www.catholic-hierarchy.org/bishop/;.html
1620;19965;GCath;https://gcatholic.org/p/;
1620;bferndco;cathie;https://www.catholic-hierarchy.org/bishop/;.html
1621;19966;GCath;https://gcatholic.org/p/;
1621;bvillp;cathie;https://www.catholic-hierarchy.org/bishop/;.html
1622;19967;GCath;https://gcatholic.org/p/;
1622;bdesc;cathie;https://www.catholic-hierarchy.org/bishop/;.html
1623;19968;GCath;https://gcatholic.org/p/;
1623;bdezayas;cathie;https://www.catholic-hierarchy.org/bishop/;.html
1624;19969;GCath;https://gcatholic.org/p/;
1625;19970;GCath;https://gcatholic.org/p/;
1626;19971;GCath;https://gcatholic.org/p/;
1626;bado;cathie;https://www.catholic-hierarchy.org/bishop/;.html
1627;19972;GCath;https://gcatholic.org/p/;
1628;19974;GCath;https://gcatholic.org/p/;
1628;bmenf;cathie;https://www.catholic-hierarchy.org/bishop/;.html
1629;19975;GCath;https://gcatholic.org/p/;
1629;bfrancosy;cathie;https://www.catholic-hierarchy.org/bishop/;.html
1630;19976;GCath;https://gcatholic.org/p/;
1630;bcortezy;cathie;https://www.catholic-hierarchy.org/bishop/;.html
1631;19977;GCath;https://gcatholic.org/p/;
1631;bpardode;cathie;https://www.catholic-hierarchy.org/bishop/;.html
1632;19978;GCath;https://gcatholic.org/p/;
1632;bfigvic;cathie;https://www.catholic-hierarchy.org/bishop/;.html
1633;19979;GCath;https://gcatholic.org/p/;
1633;blarcol;cathie;https://www.catholic-hierarchy.org/bishop/;.html
1634;19981;GCath;https://gcatholic.org/p/;
1635;19982;GCath;https://gcatholic.org/p/;
1635;bgonsol;cathie;https://www.catholic-hierarchy.org/bishop/;.html
1636;19983;GCath;https://gcatholic.org/p/;
1636;braarj;cathie;https://www.catholic-hierarchy.org/bishop/;.html
1637;19989;GCath;https://gcatholic.org/p/;
1638;19990;GCath;https://gcatholic.org/p/;
1639;19991;GCath;https://gcatholic.org/p/;
1640;19992;GCath;https://gcatholic.org/p/;
1641;19993;GCath;https://gcatholic.org/p/;
1641;bmiag;cathie;https://www.catholic-hierarchy.org/bishop/;.html
1642;19995;GCath;https://gcatholic.org/p/;
1643;19996;GCath;https://gcatholic.org/p/;
1644;19997;GCath;https://gcatholic.org/p/;
1645;19998;GCath;https://gcatholic.org/p/;
1646;19999;GCath;https://gcatholic.org/p/;
1647;20000;GCath;https://gcatholic.org/p/;
1648;20001;GCath;https://gcatholic.org/p/;
1648;bdlc;cathie;https://www.catholic-hierarchy.org/bishop/;.html
1649;20003;GCath;https://gcatholic.org/p/;
1650;20004;GCath;https://gcatholic.org/p/;
1651;20009;GCath;https://gcatholic.org/p/;
1651;bmayl;cathie;https://www.catholic-hierarchy.org/bishop/;.html
1652;20010;GCath;https://gcatholic.org/p/;
1652;bjibr;cathie;https://www.catholic-hierarchy.org/bishop/;.html
1653;20011;GCath;https://gcatholic.org/p/;
1653;bgarcab;cathie;https://www.catholic-hierarchy.org/bishop/;.html
1654;20022;GCath;https://gcatholic.org/p/;
1654;bgorr;cathie;https://www.catholic-hierarchy.org/bishop/;.html
1655;187049990;viaf;https://viaf.org/viaf/;
1655;20023;GCath;https://gcatholic.org/p/;
1655;bsaro;cathie;https://www.catholic-hierarchy.org/bishop/;.html
1656;20024;GCath;https://gcatholic.org/p/;
1656;bdarg;cathie;https://www.catholic-hierarchy.org/bishop/;.html
1657;20025;GCath;https://gcatholic.org/p/;
1657;bgons;cathie;https://www.catholic-hierarchy.org/bishop/;.html
1658;20026;GCath;https://gcatholic.org/p/;
1658;bmolan;cathie;https://www.catholic-hierarchy.org/bishop/;.html
1659;20027;GCath;https://gcatholic.org/p/;
1659;bmunsa;cathie;https://www.catholic-hierarchy.org/bishop/;.html
1660;20029;GCath;https://gcatholic.org/p/;
1660;bmomen;cathie;https://www.catholic-hierarchy.org/bishop/;.html
1661;20031;GCath;https://gcatholic.org/p/;
1661;bperg;cathie;https://www.catholic-hierarchy.org/bishop/;.html
1662;20032;GCath;https://gcatholic.org/p/;
1662;bmegon;cathie;https://www.catholic-hierarchy.org/bishop/;.html
1663;20033;GCath;https://gcatholic.org/p/;
1663;brayan;cathie;https://www.catholic-hierarchy.org/bishop/;.html
1664;20034;GCath;https://gcatholic.org/p/;
1664;blart;cathie;https://www.catholic-hierarchy.org/bishop/;.html
1665;20035;GCath;https://gcatholic.org/p/;
1665;bpinel;cathie;https://www.catholic-hierarchy.org/bishop/;.html
1666;20036;GCath;https://gcatholic.org/p/;
1667;20037;GCath;https://gcatholic.org/p/;
1667;bsolan;cathie;https://www.catholic-hierarchy.org/bishop/;.html
1668;20038;GCath;https://gcatholic.org/p/;
1668;9306322;viaf;https://viaf.org/viaf/;
1668;bvalal;cathie;https://www.catholic-hierarchy.org/bishop/;.html
1669;20041;GCath;https://gcatholic.org/p/;
1669;blaen;cathie;https://www.catholic-hierarchy.org/bishop/;.html
1670;20042;GCath;https://gcatholic.org/p/;
1670;bchavezd;cathie;https://www.catholic-hierarchy.org/bishop/;.html
1671;20043;GCath;https://gcatholic.org/p/;
1671;bgonbas;cathie;https://www.catholic-hierarchy.org/bishop/;.html
1672;20044;GCath;https://gcatholic.org/p/;
1672;49151128;viaf;https://viaf.org/viaf/;
1672;babaill;cathie;https://www.catholic-hierarchy.org/bishop/;.html
1673;20045;GCath;https://gcatholic.org/p/;
1673;bsalgca;cathie;https://www.catholic-hierarchy.org/bishop/;.html
1674;20046;GCath;https://gcatholic.org/p/;
1674;bagua;cathie;https://www.catholic-hierarchy.org/bishop/;.html
1675;20047;GCath;https://gcatholic.org/p/;
1675;bgonmel;cathie;https://www.catholic-hierarchy.org/bishop/;.html
1676;20048;GCath;https://gcatholic.org/p/;
1676;brivcor;cathie;https://www.catholic-hierarchy.org/bishop/;.html
1677;20049;GCath;https://gcatholic.org/p/;
1677;bbravoo;cathie;https://www.catholic-hierarchy.org/bishop/;.html
1678;20050;GCath;https://gcatholic.org/p/;
1678;bcalher;cathie;https://www.catholic-hierarchy.org/bishop/;.html
1679;13103890;viaf;https://viaf.org/viaf/;
1679;20051;GCath;https://gcatholic.org/p/;
1679;bvilg;cathie;https://www.catholic-hierarchy.org/bishop/;.html
1680;20052;GCath;https://gcatholic.org/p/;
1680;bperdi;cathie;https://www.catholic-hierarchy.org/bishop/;.html
1681;20054;GCath;https://gcatholic.org/p/;
1681;bachna;cathie;https://www.catholic-hierarchy.org/bishop/;.html
1682;20055;GCath;https://gcatholic.org/p/;
1189;69435/remigio-de-la-santa-y-ortega;dbe;https://dbe.rah.es/biografias/;
1194;85787/juan-manuel-moscoso-y-peralta;dbe;https://dbe.rah.es/biografias/;
1206;39092/juan-alejo-de-arizmendi-de-la-torre;dbe;https://dbe.rah.es/biografias/;
1209;50780/manuel-jimenez-perez;dbe;https://dbe.rah.es/biografias/;
1210;51997/nicolas-garcia-jerez;dbe;https://dbe.rah.es/biografias/;
1212;52023/jose-antonio-de-la-huerta-caso;dbe;https://dbe.rah.es/biografias/;
1227;74387/santiago-hernandez-milanes;dbe;https://dbe.rah.es/biografias/;
1232;69484/mariano-marti-y-estadella;dbe;https://dbe.rah.es/biografias/;
1241;54678/francisco-de-la-cuesta;dbe;https://dbe.rah.es/biografias/;
1254;5943/juan-antonio-de-vizarron-y-eguiarreta;dbe;https://dbe.rah.es/biografias/;
1256;32441/jose-perez-de-lanciego-y-eguiluz-y-mirafuentes;dbe;https://dbe.rah.es/biografias/;
1258;32861/francisco-antonio-alcalde-y-barriga;dbe;https://dbe.rah.es/biografias/;
1267;4001/manuel-abad-y-queipo;dbe;https://dbe.rah.es/biografias/;
1272;39962/jose-joaquin-granados-y-galvez;dbe;https://dbe.rah.es/biografias/;
1279;14044/antonio-caballero-y-gongora;dbe;https://dbe.rah.es/biografias/;
1282;34347/juan-jose-de-eguiara-y-eguren;dbe;https://dbe.rah.es/biografias/;
1304;24900/miguel-agustin-alvarez-cortes;dbe;https://dbe.rah.es/biografias/;
1305;24893/jose-perez-calama;dbe;https://dbe.rah.es/biografias/;
1310;24867/luis-francisco-romero;dbe;https://dbe.rah.es/biografias/;
1318;117858/antonio-claudio-alvarez-de-quinones;dbe;https://dbe.rah.es/biografias/;
1321;33583/francisco-del-rincon;dbe;https://dbe.rah.es/biografias/;
1322;32897/domingo-fernandez-navarrete;dbe;https://dbe.rah.es/biografias/;
1334;83339/diego-de-contreras;dbe;https://dbe.rah.es/biografias/;
1337;34326/agustin-davila-y-padilla;dbe;https://dbe.rah.es/biografias/;
1371;54360/gregorio-jose-rodriguez-carrillo;dbe;https://dbe.rah.es/biografias/;
1379;33774/luis-de-cordoba-y-ronquillo;dbe;https://dbe.rah.es/biografias/;
1384;86517/antonio-de-hervias;dbe;https://dbe.rah.es/biografias/;
1388;121551/juan-de-simancas;dbe;https://dbe.rah.es/biografias/;
1390;12222/jeronimo-de-loaysa-y-carvajal;dbe;https://dbe.rah.es/biografias/;
1391;68966/agustin-rodriguez-delgado;dbe;https://dbe.rah.es/biografias/;
1394;68507/antonio-de-zuloaga-gil;dbe;https://dbe.rah.es/biografias/;
1396;19395/juan-de-almoguera;dbe;https://dbe.rah.es/biografias/;
1403;15184/jose-antonio-campos-y-julian;dbe;https://dbe.rah.es/biografias/;
1407;47724/salvador-bermudez-y-becerra;dbe;https://dbe.rah.es/biografias/;
1409;47705/alonso-del-pozo-y-silva;dbe;https://dbe.rah.es/biografias/;
1418;15346/domingo-de-santo-tomas;dbe;https://dbe.rah.es/biografias/;
1419;33866/sebastian-malvar-y-pinto;dbe;https://dbe.rah.es/biografias/;
1431;14279/juan-perez-de-la-serna;dbe;https://dbe.rah.es/biografias/;
1432;14868/francisco-garcia-guerra;dbe;https://dbe.rah.es/biografias/;
1436;6774/juan-de-zumarraga;dbe;https://dbe.rah.es/biografias/;
1455;90704/antonio-ruiz-de-morales-y-molina;dbe;https://dbe.rah.es/biografias/;
1464;33177/pedro-suarez-escobar;dbe;https://dbe.rah.es/biografias/;
1472;18116/marcos-de-torres-y-rueda;dbe;https://dbe.rah.es/biografias/;
1475;33037/gonzalo-de-salazar;dbe;https://dbe.rah.es/biografias/;
1479;13015/diego-de-landa;dbe;https://dbe.rah.es/biografias/;
1486;31149/pedro-bernardino-de-nogales-davila;dbe;https://dbe.rah.es/biografias/;
1489;13746/diego-osorio-de-escobar-y-llamas;dbe;https://dbe.rah.es/biografias/;
1682;bparav;cathie;https://www.catholic-hierarchy.org/bishop/;.html
1683;20056;GCath;https://gcatholic.org/p/;
1683;bmimb;cathie;https://www.catholic-hierarchy.org/bishop/;.html
1684;20057;GCath;https://gcatholic.org/p/;
1684;bdeborja;cathie;https://www.catholic-hierarchy.org/bishop/;.html
1685;20058;GCath;https://gcatholic.org/p/;
1685;bmda;cathie;https://www.catholic-hierarchy.org/bishop/;.html
1686;20059;GCath;https://gcatholic.org/p/;
1686;bdegodoy;cathie;https://www.catholic-hierarchy.org/bishop/;.html
1687;20060;GCath;https://gcatholic.org/p/;
1687;bgarczu;cathie;https://www.catholic-hierarchy.org/bishop/;.html
1688;20061;GCath;https://gcatholic.org/p/;
1688;bvalme;cathie;https://www.catholic-hierarchy.org/bishop/;.html
1689;20062;GCath;https://gcatholic.org/p/;
1689;bcorni;cathie;https://www.catholic-hierarchy.org/bishop/;.html
1690;20064;GCath;https://gcatholic.org/p/;
1690;bmarald;cathie;https://www.catholic-hierarchy.org/bishop/;.html
1691;20065;GCath;https://gcatholic.org/p/;
1691;bfabro;cathie;https://www.catholic-hierarchy.org/bishop/;.html
1692;20066;GCath;https://gcatholic.org/p/;
1692;blopezsan;cathie;https://www.catholic-hierarchy.org/bishop/;.html
1693;20067;GCath;https://gcatholic.org/p/;
1693;bdelila;cathie;https://www.catholic-hierarchy.org/bishop/;.html
1694;20068;GCath;https://gcatholic.org/p/;
1694;bcorve;cathie;https://www.catholic-hierarchy.org/bishop/;.html
1695;20074;GCath;https://gcatholic.org/p/;
1695;bvelascol;cathie;https://www.catholic-hierarchy.org/bishop/;.html
1696;20075;GCath;https://gcatholic.org/p/;
1696;bdltma;cathie;https://www.catholic-hierarchy.org/bishop/;.html
1697;20076;GCath;https://gcatholic.org/p/;
1697;blaser;cathie;https://www.catholic-hierarchy.org/bishop/;.html
1698;20077;GCath;https://gcatholic.org/p/;
1698;bpast;cathie;https://www.catholic-hierarchy.org/bishop/;.html
1699;20078;GCath;https://gcatholic.org/p/;
1699;bdearesti;cathie;https://www.catholic-hierarchy.org/bishop/;.html
1700;20079;GCath;https://gcatholic.org/p/;
1700;btogi;cathie;https://www.catholic-hierarchy.org/bishop/;.html
1701;107545596;viaf;https://viaf.org/viaf/;
1701;20080;GCath;https://gcatholic.org/p/;
1701;bliza;cathie;https://www.catholic-hierarchy.org/bishop/;.html
1702;20081;GCath;https://gcatholic.org/p/;
1703;20082;GCath;https://gcatholic.org/p/;
1703;bdelt;cathie;https://www.catholic-hierarchy.org/bishop/;.html
1704;20087;GCath;https://gcatholic.org/p/;
1705;20091;GCath;https://gcatholic.org/p/;
1705;bsilyola;cathie;https://www.catholic-hierarchy.org/bishop/;.html
1706;20092;GCath;https://gcatholic.org/p/;
1706;bmatien;cathie;https://www.catholic-hierarchy.org/bishop/;.html
1707;20093;GCath;https://gcatholic.org/p/;
1707;bgutgal;cathie;https://www.catholic-hierarchy.org/bishop/;.html
1708;20094;GCath;https://gcatholic.org/p/;
1709;20095;GCath;https://gcatholic.org/p/;
1709;bloprol;cathie;https://www.catholic-hierarchy.org/bishop/;.html
1710;20096;GCath;https://gcatholic.org/p/;
1710;bdezayul;cathie;https://www.catholic-hierarchy.org/bishop/;.html
1711;20097;GCath;https://gcatholic.org/p/;
1712;20098;GCath;https://gcatholic.org/p/;
1712;bdelgadm;cathie;https://www.catholic-hierarchy.org/bishop/;.html
1713;20099;GCath;https://gcatholic.org/p/;
1713;bbrunaric;cathie;https://www.catholic-hierarchy.org/bishop/;.html
1714;20101;GCath;https://gcatholic.org/p/;
1714;bcaszam;cathie;https://www.catholic-hierarchy.org/bishop/;.html
1715;20102;GCath;https://gcatholic.org/p/;
1715;bconyval;cathie;https://www.catholic-hierarchy.org/bishop/;.html
1716;20103;GCath;https://gcatholic.org/p/;
1716;bmedinaci;cathie;https://www.catholic-hierarchy.org/bishop/;.html
1717;174501182;viaf;https://viaf.org/viaf/;
1717;20104;GCath;https://gcatholic.org/p/;
1717;bzarateg;cathie;https://www.catholic-hierarchy.org/bishop/;.html
1719;21396;GCath;https://gcatholic.org/p/;
1719;bazam;cathie;https://www.catholic-hierarchy.org/bishop/;.html
1720;21397;GCath;https://gcatholic.org/p/;
1720;bbarz;cathie;https://www.catholic-hierarchy.org/bishop/;.html
1721;21398;GCath;https://gcatholic.org/p/;
1721;bpbrb;cathie;https://www.catholic-hierarchy.org/bishop/;.html
1722;21399;GCath;https://gcatholic.org/p/;
1722;barreg;cathie;https://www.catholic-hierarchy.org/bishop/;.html
1723;21400;GCath;https://gcatholic.org/p/;
1723;bdfaj;cathie;https://www.catholic-hierarchy.org/bishop/;.html
1724;21401;GCath;https://gcatholic.org/p/;
1724;bazcimb;cathie;https://www.catholic-hierarchy.org/bishop/;.html
1725;21402;GCath;https://gcatholic.org/p/;
1725;bmanvel;cathie;https://www.catholic-hierarchy.org/bishop/;.html
1726;21404;GCath;https://gcatholic.org/p/;
1726;bgovi;cathie;https://www.catholic-hierarchy.org/bishop/;.html
1727;24361;GCath;https://gcatholic.org/p/;
1727;bcalvof;cathie;https://www.catholic-hierarchy.org/bishop/;.html
1728;24362;GCath;https://gcatholic.org/p/;
1728;bgilm;cathie;https://www.catholic-hierarchy.org/bishop/;.html
1729;24363;GCath;https://gcatholic.org/p/;
1729;bmijares;cathie;https://www.catholic-hierarchy.org/bishop/;.html
1730;24364;GCath;https://gcatholic.org/p/;
1730;bmonmen;cathie;https://www.catholic-hierarchy.org/bishop/;.html
1731;24365;GCath;https://gcatholic.org/p/;
1731;bbansot;cathie;https://www.catholic-hierarchy.org/bishop/;.html
1732;24366;GCath;https://gcatholic.org/p/;
1732;bgamir;cathie;https://www.catholic-hierarchy.org/bishop/;.html
1733;24367;GCath;https://gcatholic.org/p/;
1733;bocando;cathie;https://www.catholic-hierarchy.org/bishop/;.html
1734;24368;GCath;https://gcatholic.org/p/;
1734;bmevi;cathie;https://www.catholic-hierarchy.org/bishop/;.html
1735;24369;GCath;https://gcatholic.org/p/;
1735;bcalata;cathie;https://www.catholic-hierarchy.org/bishop/;.html
1736;26573;GCath;https://gcatholic.org/p/;
1736;87829248;viaf;https://viaf.org/viaf/;
1736;bcove;cathie;https://www.catholic-hierarchy.org/bishop/;.html
1737;26574;GCath;https://gcatholic.org/p/;
1737;bvelarde;cathie;https://www.catholic-hierarchy.org/bishop/;.html
1738;29387;GCath;https://gcatholic.org/p/;
1739;29388;GCath;https://gcatholic.org/p/;
1740;29389;GCath;https://gcatholic.org/p/;
1740;broddvf;cathie;https://www.catholic-hierarchy.org/bishop/;.html
1741;29390;GCath;https://gcatholic.org/p/;
1742;29391;GCath;https://gcatholic.org/p/;
1742;bbenypie;cathie;https://www.catholic-hierarchy.org/bishop/;.html
1743;103023267;viaf;https://viaf.org/viaf/;
1743;29392;GCath;https://gcatholic.org/p/;
1743;bmolc;cathie;https://www.catholic-hierarchy.org/bishop/;.html
1744;29394;GCath;https://gcatholic.org/p/;
1744;bnarvae;cathie;https://www.catholic-hierarchy.org/bishop/;.html
1745;29396;GCath;https://gcatholic.org/p/;
1746;29397;GCath;https://gcatholic.org/p/;
1747;29398;GCath;https://gcatholic.org/p/;
1747;bgomezlb;cathie;https://www.catholic-hierarchy.org/bishop/;.html
1748;29400;GCath;https://gcatholic.org/p/;
1748;borts;cathie;https://www.catholic-hierarchy.org/bishop/;.html
1749;29401;GCath;https://gcatholic.org/p/;
1749;bdiadcie;cathie;https://www.catholic-hierarchy.org/bishop/;.html
1750;29402;GCath;https://gcatholic.org/p/;
1750;bdvel;cathie;https://www.catholic-hierarchy.org/bishop/;.html
1751;30756;GCath;https://gcatholic.org/p/;
1751;baveyp;cathie;https://www.catholic-hierarchy.org/bishop/;.html
1752;30758;GCath;https://gcatholic.org/p/;
1752;bore;cathie;https://www.catholic-hierarchy.org/bishop/;.html
1753;30759;GCath;https://gcatholic.org/p/;
1753;bzamv;cathie;https://www.catholic-hierarchy.org/bishop/;.html
1754;30760;GCath;https://gcatholic.org/p/;
1754;bcimbron;cathie;https://www.catholic-hierarchy.org/bishop/;.html
1755;30761;GCath;https://gcatholic.org/p/;
1755;bloyver;cathie;https://www.catholic-hierarchy.org/bishop/;.html
1756;30762;GCath;https://gcatholic.org/p/;
1756;bdmor;cathie;https://www.catholic-hierarchy.org/bishop/;.html
1757;30763;GCath;https://gcatholic.org/p/;
1757;blemusa;cathie;https://www.catholic-hierarchy.org/bishop/;.html
1758;30764;GCath;https://gcatholic.org/p/;
1758;bhijmen;cathie;https://www.catholic-hierarchy.org/bishop/;.html
1759;30765;GCath;https://gcatholic.org/p/;
1759;btorz;cathie;https://www.catholic-hierarchy.org/bishop/;.html
1760;222774797;viaf;https://viaf.org/viaf/;
1760;30766;GCath;https://gcatholic.org/p/;
1760;bespi;cathie;https://www.catholic-hierarchy.org/bishop/;.html
1761;30767;GCath;https://gcatholic.org/p/;
1761;bmaran;cathie;https://www.catholic-hierarchy.org/bishop/;.html
1762;30768;GCath;https://gcatholic.org/p/;
1762;broaa;cathie;https://www.catholic-hierarchy.org/bishop/;.html
1763;30774;GCath;https://gcatholic.org/p/;
1763;bbarf;cathie;https://www.catholic-hierarchy.org/bishop/;.html
1764;30775;GCath;https://gcatholic.org/p/;
1764;bmed;cathie;https://www.catholic-hierarchy.org/bishop/;.html
1765;30776;GCath;https://gcatholic.org/p/;
1765;bdeazuaga;cathie;https://www.catholic-hierarchy.org/bishop/;.html
1766;30777;GCath;https://gcatholic.org/p/;
1766;bpees;cathie;https://www.catholic-hierarchy.org/bishop/;.html
1767;30778;GCath;https://gcatholic.org/p/;
1767;bgonzds;cathie;https://www.catholic-hierarchy.org/bishop/;.html
1768;30779;GCath;https://gcatholic.org/p/;
1768;bhuma;cathie;https://www.catholic-hierarchy.org/bishop/;.html
1769;27098575;viaf;https://viaf.org/viaf/;
1769;30780;GCath;https://gcatholic.org/p/;
1769;bcarsaa;cathie;https://www.catholic-hierarchy.org/bishop/;.html
1770;30781;GCath;https://gcatholic.org/p/;
1770;bpuegon;cathie;https://www.catholic-hierarchy.org/bishop/;.html
1771;30782;GCath;https://gcatholic.org/p/;
1771;311471054;viaf;https://viaf.org/viaf/;
1771;brojace;cathie;https://www.catholic-hierarchy.org/bishop/;.html
1772;30783;GCath;https://gcatholic.org/p/;
1772;54180674;viaf;https://viaf.org/viaf/;
1772;baldaxp;cathie;https://www.catholic-hierarchy.org/bishop/;.html
1773;292474929;viaf;https://viaf.org/viaf/;
1773;30784;GCath;https://gcatholic.org/p/;
1773;brozo;cathie;https://www.catholic-hierarchy.org/bishop/;.html
1774;30788;GCath;https://gcatholic.org/p/;
1774;bdlpe;cathie;https://www.catholic-hierarchy.org/bishop/;.html
1775;30790;GCath;https://gcatholic.org/p/;
1775;briav;cathie;https://www.catholic-hierarchy.org/bishop/;.html
1776;30791;GCath;https://gcatholic.org/p/;
1776;bsafa;cathie;https://www.catholic-hierarchy.org/bishop/;.html
1777;30797;GCath;https://gcatholic.org/p/;
1777;bvalp;cathie;https://www.catholic-hierarchy.org/bishop/;.html
1778;30798;GCath;https://gcatholic.org/p/;
1778;bfralu;cathie;https://www.catholic-hierarchy.org/bishop/;.html
1779;30799;GCath;https://gcatholic.org/p/;
1779;bcasycas;cathie;https://www.catholic-hierarchy.org/bishop/;.html
1780;30800;GCath;https://gcatholic.org/p/;
1780;bvelymol;cathie;https://www.catholic-hierarchy.org/bishop/;.html
1781;30801;GCath;https://gcatholic.org/p/;
1781;bcarpo;cathie;https://www.catholic-hierarchy.org/bishop/;.html
1782;30802;GCath;https://gcatholic.org/p/;
1782;bguillis;cathie;https://www.catholic-hierarchy.org/bishop/;.html
1783;30803;GCath;https://gcatholic.org/p/;
1783;bmothar;cathie;https://www.catholic-hierarchy.org/bishop/;.html
1784;30804;GCath;https://gcatholic.org/p/;
1784;bpanv;cathie;https://www.catholic-hierarchy.org/bishop/;.html
1785;30805;GCath;https://gcatholic.org/p/;
1785;bibanm;cathie;https://www.catholic-hierarchy.org/bishop/;.html
1786;30806;GCath;https://gcatholic.org/p/;
1786;bcampg;cathie;https://www.catholic-hierarchy.org/bishop/;.html
1787;30807;GCath;https://gcatholic.org/p/;
1787;bocymo;cathie;https://www.catholic-hierarchy.org/bishop/;.html
1788;30817;GCath;https://gcatholic.org/p/;
1788;boca;cathie;https://www.catholic-hierarchy.org/bishop/;.html
1789;30818;GCath;https://gcatholic.org/p/;
1789;bzayfi;cathie;https://www.catholic-hierarchy.org/bishop/;.html
1790;30821;GCath;https://gcatholic.org/p/;
1790;brivier;cathie;https://www.catholic-hierarchy.org/bishop/;.html
1791;30822;GCath;https://gcatholic.org/p/;
1791;bestur;cathie;https://www.catholic-hierarchy.org/bishop/;.html
1792;30823;GCath;https://gcatholic.org/p/;
1792;bcayar;cathie;https://www.catholic-hierarchy.org/bishop/;.html
1793;30824;GCath;https://gcatholic.org/p/;
1793;bdlrb;cathie;https://www.catholic-hierarchy.org/bishop/;.html
1794;30825;GCath;https://gcatholic.org/p/;
1795;Pedro Vázquez de Velasco;wiki-es;https://es.wikipedia.org/wiki/;
1795;30826;GCath;https://gcatholic.org/p/;
1795;bvadve;cathie;https://www.catholic-hierarchy.org/bishop/;.html
1796;30827;GCath;https://gcatholic.org/p/;
1797;30828;GCath;https://gcatholic.org/p/;
1797;blfyr;cathie;https://www.catholic-hierarchy.org/bishop/;.html
1798;30829;GCath;https://gcatholic.org/p/;
1798;bvergara;cathie;https://www.catholic-hierarchy.org/bishop/;.html
1799;30830;GCath;https://gcatholic.org/p/;
1799;bolmedo;cathie;https://www.catholic-hierarchy.org/bishop/;.html
1800;30831;GCath;https://gcatholic.org/p/;
1800;bpedob;cathie;https://www.catholic-hierarchy.org/bishop/;.html
1801;30832;GCath;https://gcatholic.org/p/;
1801;besyor;cathie;https://www.catholic-hierarchy.org/bishop/;.html
1802;30833;GCath;https://gcatholic.org/p/;
1802;broja;cathie;https://www.catholic-hierarchy.org/bishop/;.html
1803;30834;GCath;https://gcatholic.org/p/;
1803;baldaz;cathie;https://www.catholic-hierarchy.org/bishop/;.html
1804;30835;GCath;https://gcatholic.org/p/;
1804;botondo;cathie;https://www.catholic-hierarchy.org/bishop/;.html
1805;30846;GCath;https://gcatholic.org/p/;
1805;bdlcasas;cathie;https://www.catholic-hierarchy.org/bishop/;.html
1806;30847;GCath;https://gcatholic.org/p/;
1806;bdiazdd;cathie;https://www.catholic-hierarchy.org/bishop/;.html
1807;30848;GCath;https://gcatholic.org/p/;
1808;30849;GCath;https://gcatholic.org/p/;
1808;bpalbo;cathie;https://www.catholic-hierarchy.org/bishop/;.html
1809;30850;GCath;https://gcatholic.org/p/;
1809;blopezdes;cathie;https://www.catholic-hierarchy.org/bishop/;.html
1810;30851;GCath;https://gcatholic.org/p/;
1810;bpriego;cathie;https://www.catholic-hierarchy.org/bishop/;.html
1811;36787;GCath;https://gcatholic.org/p/;
1811;bobryme;cathie;https://www.catholic-hierarchy.org/bishop/;.html
1812;36789;GCath;https://gcatholic.org/p/;
1813;36790;GCath;https://gcatholic.org/p/;
1814;36791;GCath;https://gcatholic.org/p/;
1814;blaroca;cathie;https://www.catholic-hierarchy.org/bishop/;.html
1815;36981;GCath;https://gcatholic.org/p/;
1815;bbalo;cathie;https://www.catholic-hierarchy.org/bishop/;.html
1816;36982;GCath;https://gcatholic.org/p/;
1816;bagugor;cathie;https://www.catholic-hierarchy.org/bishop/;.html
1817;36983;GCath;https://gcatholic.org/p/;
1817;bdherr;cathie;https://www.catholic-hierarchy.org/bishop/;.html
1818;36984;GCath;https://gcatholic.org/p/;
1818;bdieb;cathie;https://www.catholic-hierarchy.org/bishop/;.html
1819;36985;GCath;https://gcatholic.org/p/;
1819;btamaron;cathie;https://www.catholic-hierarchy.org/bishop/;.html
1820;36986;GCath;https://gcatholic.org/p/;
1820;bdiaz;cathie;https://www.catholic-hierarchy.org/bishop/;.html
1821;36988;GCath;https://gcatholic.org/p/;
1821;bsarlun;cathie;https://www.catholic-hierarchy.org/bishop/;.html
1822;58357;GCath;https://gcatholic.org/p/;
1822;bgomezpol;cathie;https://www.catholic-hierarchy.org/bishop/;.html
1823;58359;GCath;https://gcatholic.org/p/;
1823;bnavarf;cathie;https://www.catholic-hierarchy.org/bishop/;.html
1824;58360;GCath;https://gcatholic.org/p/;
1824;bfraga;cathie;https://www.catholic-hierarchy.org/bishop/;.html
1825;58361;GCath;https://gcatholic.org/p/;
1825;begues;cathie;https://www.catholic-hierarchy.org/bishop/;.html
1826;58363;GCath;https://gcatholic.org/p/;
1826;bnpda;cathie;https://www.catholic-hierarchy.org/bishop/;.html
1827;58364;GCath;https://gcatholic.org/p/;
1827;bparyarm;cathie;https://www.catholic-hierarchy.org/bishop/;.html
1828;58365;GCath;https://gcatholic.org/p/;
1829;58366;GCath;https://gcatholic.org/p/;
1829;bpastrgj;cathie;https://www.catholic-hierarchy.org/bishop/;.html
1830;58367;GCath;https://gcatholic.org/p/;
1830;bdlcruzf;cathie;https://www.catholic-hierarchy.org/bishop/;.html
1831;58368;GCath;https://gcatholic.org/p/;
1831;bdltar;cathie;https://www.catholic-hierarchy.org/bishop/;.html
1832;58369;GCath;https://gcatholic.org/p/;
1832;bespyoro;cathie;https://www.catholic-hierarchy.org/bishop/;.html
1833;61870;GCath;https://gcatholic.org/p/;
1834;balboj;cathie;https://www.catholic-hierarchy.org/bishop/;.html
1835;bangulo;cathie;https://www.catholic-hierarchy.org/bishop/;.html
1837;bcarcaj;cathie;https://www.catholic-hierarchy.org/bishop/;.html
1838;bcardt;cathie;https://www.catholic-hierarchy.org/bishop/;.html
1839;bcuero;cathie;https://www.catholic-hierarchy.org/bishop/;.html
1840;bdangg;cathie;https://www.catholic-hierarchy.org/bishop/;.html
1841;bdangp;cathie;https://www.catholic-hierarchy.org/bishop/;.html
1842;bdavcar;cathie;https://www.catholic-hierarchy.org/bishop/;.html
1843;bdeagreda;cathie;https://www.catholic-hierarchy.org/bishop/;.html
1845;bdelora;cathie;https://www.catholic-hierarchy.org/bishop/;.html
1847;bdlpemo;cathie;https://www.catholic-hierarchy.org/bishop/;.html
1848;89626164;viaf;https://viaf.org/viaf/;
1848;bdqui;cathie;https://www.catholic-hierarchy.org/bishop/;.html
1849;bdqv;cathie;https://www.catholic-hierarchy.org/bishop/;.html
1850;bgarces;cathie;https://www.catholic-hierarchy.org/bishop/;.html
1851;bgarcidia;cathie;https://www.catholic-hierarchy.org/bishop/;.html
1852;bgardp;cathie;https://www.catholic-hierarchy.org/bishop/;.html
1854;bgonzda;cathie;https://www.catholic-hierarchy.org/bishop/;.html
1855;bgonzdm;cathie;https://www.catholic-hierarchy.org/bishop/;.html
1856;bhhg;cathie;https://www.catholic-hierarchy.org/bishop/;.html
1857;blopezdez;cathie;https://www.catholic-hierarchy.org/bishop/;.html
1858;bmanso;cathie;https://www.catholic-hierarchy.org/bishop/;.html
1859;bmarhu;cathie;https://www.catholic-hierarchy.org/bishop/;.html
1860;bmasa;cathie;https://www.catholic-hierarchy.org/bishop/;.html
1861;bmerc;cathie;https://www.catholic-hierarchy.org/bishop/;.html
1862;bmohudfi;cathie;https://www.catholic-hierarchy.org/bishop/;.html
1863;bramdz;cathie;https://www.catholic-hierarchy.org/bishop/;.html
1864;breya;cathie;https://www.catholic-hierarchy.org/bishop/;.html
1865;brucab;cathie;https://www.catholic-hierarchy.org/bishop/;.html
1866;bsacedon;cathie;https://www.catholic-hierarchy.org/bishop/;.html
1867;bsalid;cathie;https://www.catholic-hierarchy.org/bishop/;.html
1868;bsanchezr;cathie;https://www.catholic-hierarchy.org/bishop/;.html
1869;bsfermi;cathie;https://www.catholic-hierarchy.org/bishop/;.html
1870;bsuacan;cathie;https://www.catholic-hierarchy.org/bishop/;.html
1871;bsuarezd;cathie;https://www.catholic-hierarchy.org/bishop/;.html
1872;btalav;cathie;https://www.catholic-hierarchy.org/bishop/;.html
1873;67636154;viaf;https://viaf.org/viaf/;
1873;btrsa;cathie;https://www.catholic-hierarchy.org/bishop/;.html
1874;bullhm;cathie;https://www.catholic-hierarchy.org/bishop/;.html
1875;bvalcacer;cathie;https://www.catholic-hierarchy.org/bishop/;.html
1876;114203;viaf;https://viaf.org/viaf/;
1876;bvald;cathie;https://www.catholic-hierarchy.org/bishop/;.html
1877;bvalj;cathie;https://www.catholic-hierarchy.org/bishop/;.html
1878;bvito;cathie;https://www.catholic-hierarchy.org/bishop/;.html
2769;bartave;cathie;https://www.catholic-hierarchy.org/bishop/;.html
2770;bcaball;cathie;https://www.catholic-hierarchy.org/bishop/;.html
2771;bcarsa;cathie;https://www.catholic-hierarchy.org/bishop/;.html
2772;bcasart;cathie;https://www.catholic-hierarchy.org/bishop/;.html
2773;bcis;cathie;https://www.catholic-hierarchy.org/bishop/;.html
2774;bhorta;cathie;https://www.catholic-hierarchy.org/bishop/;.html
2775;bibarraa;cathie;https://www.catholic-hierarchy.org/bishop/;.html
2777;blserena;cathie;https://www.catholic-hierarchy.org/bishop/;.html
2778;bmlh;cathie;https://www.catholic-hierarchy.org/bishop/;.html
2779;bmntalv;cathie;https://www.catholic-hierarchy.org/bishop/;.html
2780;bpacc;cathie;https://www.catholic-hierarchy.org/bishop/;.html
2781;bprzdc;cathie;https://www.catholic-hierarchy.org/bishop/;.html
4312;4973;dbe;https://dbe.rah.es/biografias/;
36;10137/bernardo-de-galvez;dbe;https://dbe.rah.es/biografias/;
19;7714/jose-sarmiento-valladares;dbe;https://dbe.rah.es/biografias/;
22;9022/fernando-de-alencastre-norona-y-silva;dbe;https://dbe.rah.es/biografias/;
23;6793/baltasar-de-zuniga-y-guzman;dbe;https://dbe.rah.es/biografias/;
31;16487/joaquin-de-montserrat-y-cruillas;dbe;https://dbe.rah.es/biografias/;
34;84712/martin-diaz-de-mayorga-y-ferrer;dbe;https://dbe.rah.es/biografias/;
39;11393/juan-vicente-de-guemes-pacheco-de-padilla-y-horcasitas;dbe;https://dbe.rah.es/biografias/;
40;11348/miguel-de-la-grua-talamanca-y-branciforte;dbe;https://dbe.rah.es/biografias/;
47;63406/pedro-garrido-y-duran;dbe;https://dbe.rah.es/biografias/;
48;137155/enrique-legallois-de-grimarest;dbe;https://dbe.rah.es/biografias/;
68;75874/manuel-sanchez-arteaga;dbe;https://dbe.rah.es/biografias/;
180;61127/pedro-caballero;dbe;https://dbe.rah.es/biografias/;
392;51907/juan-de-dios-ayala-gudino-medina-y-calderon;dbe;https://dbe.rah.es/biografias/;
411;71363/francisco-de-paula-vilches;dbe;https://dbe.rah.es/biografias/;
458;137207/clemente-sanchez-de-orellana;dbe;https://dbe.rah.es/biografias/;
513;51826/joaquin-de-la-rocha-lavarces;dbe;https://dbe.rah.es/biografias/;
1174;12376/francisco-antonio-de-lorenzana-y-butron;dbe;https://dbe.rah.es/biografias/;
1182;80847/nicolas-videla-del-pino;dbe;https://dbe.rah.es/biografias/;
1183;56621/rodrigo-antonio-de-orellana;dbe;https://dbe.rah.es/biografias/;
1186;40648/pedro-inocencio-bejarano;dbe;https://dbe.rah.es/biografias/;
1187;107687/juan-de-los-barrios-y-toledo;dbe;https://dbe.rah.es/biografias/;
1490;7829/beato-juan-de-palafox-y-mendoza;dbe;https://dbe.rah.es/biografias/;
1523;19457/juan-gonzalez-de-mendoza;dbe;https://dbe.rah.es/biografias/;
1526;11207/tomas-casillas;dbe;https://dbe.rah.es/biografias/;
1527;11148/bartolome-de-las-casas;dbe;https://dbe.rah.es/biografias/;
1534;78753/francisco-javier-de-luna-victoria-y-castro;dbe;https://dbe.rah.es/biografias/;
1552;33311/agustin-de-carvajal;dbe;https://dbe.rah.es/biografias/;
1557;32855/tomas-henriquez-y-gomez;dbe;https://dbe.rah.es/biografias/;
1561;4944/vicente-de-valverde;dbe;https://dbe.rah.es/biografias/;
1581;44491/diego-de-salamanca;dbe;https://dbe.rah.es/biografias/;
1599;14456/miguel-ramirez-de-salamanca;dbe;https://dbe.rah.es/biografias/;
1610;51975/nicolas-delgado;dbe;https://dbe.rah.es/biografias/;
1621;81754/pedro-de-villarreal;dbe;https://dbe.rah.es/biografias/;
1626;51900/diego-alvarez-de-osorio;dbe;https://dbe.rah.es/biografias/;
1628;52045/francisco-de-mendavia;dbe;https://dbe.rah.es/biografias/;
1682;41854/jose-cayetano-paravicino;dbe;https://dbe.rah.es/biografias/;
1685;47721/diego-montero-del-aguila;dbe;https://dbe.rah.es/biografias/;
1696;32789/manuel-antonio-de-la-torre;dbe;https://dbe.rah.es/biografias/;
1701;15857/reginaldo-de-lizarraga;dbe;https://dbe.rah.es/biografias/;
1731;75584/diego-de-banos-y-sotomayor;dbe;https://dbe.rah.es/biografias/;
1751;24853/antonio-de-san-miguel-avendano-y-paz;dbe;https://dbe.rah.es/biografias/;
1762;47728/tomas-de-roa-y-alarcon;dbe;https://dbe.rah.es/biografias/;
1764;47670/diego-de-medellin;dbe;https://dbe.rah.es/biografias/;
1772;47711/manuel-de-alday-y-aspee;dbe;https://dbe.rah.es/biografias/;
1795;63766/pedro-vazquez-de-velasco;dbe;https://dbe.rah.es/biografias/;
1815;34452/pedro-de-barrientos-lomelin;dbe;https://dbe.rah.es/biografias/;
1848;10565/vasco-de-quiroga;dbe;https://dbe.rah.es/biografias/;
1858;13378/alonso-manso;dbe;https://dbe.rah.es/biografias/;
1859;13492/francisco-marroquin-hurtado;dbe;https://dbe.rah.es/biografias/;
1870;35687/lorenzo-suarez-de-cantillana;dbe;https://dbe.rah.es/biografias/;
1871;15016/pedro-suarez-de-deza;dbe;https://dbe.rah.es/biografias/;
2785;42646/cristobal-de-ovalle;dbe;https://dbe.rah.es/biografias/;
2796;76110/andres-perez-chuecos-y-franco;dbe;https://dbe.rah.es/biografias/;
2801;42865/juan-de-padilla-guardiola-y-guzman;dbe;https://dbe.rah.es/biografias/;
2803;34685/andres-de-robles;dbe;https://dbe.rah.es/biografias/;
2836;75621/juan-de-canseco-y-quinones;dbe;https://dbe.rah.es/biografias/;
2838;77170/antonio-de-ulloa-y-chaves;dbe;https://dbe.rah.es/biografias/;
2839;55868/antonio-alvarez-de-castro;dbe;https://dbe.rah.es/biografias/;
2843;127750/alonso-de-ceballos-villagutierre;dbe;https://dbe.rah.es/biografias/;
2844;63779/antonio-vidal-y-abarca-y-balda;dbe;https://dbe.rah.es/biografias/;
2845;75729/alonso-de-coronado-maldonado;dbe;https://dbe.rah.es/biografias/;
2846;21670/alonso-lopez-de-cerrato;dbe;https://dbe.rah.es/biografias/;
2848;9159/francisco-briceno-gasco;dbe;https://dbe.rah.es/biografias/;
2859;12594/carlos-de-mencos-martin;dbe;https://dbe.rah.es/biografias/;
2868;74510/francisco-rodriguez-de-rivas;dbe;https://dbe.rah.es/biografias/;
2870;55761/pedro-de-rivera-y-villalon;dbe;https://dbe.rah.es/biografias/;
2875;59727/alonso-fernandez-de-heredia;dbe;https://dbe.rah.es/biografias/;
2885;10022/gabino-crispin-gainza-fernandez-de-medrano;dbe;https://dbe.rah.es/biografias/;
2886;11906/jose-martinez-de-salazar;dbe;https://dbe.rah.es/biografias/;
2889;33568/francisco-guillen-chaparro;dbe;https://dbe.rah.es/biografias/;
2891;10787/sancho-giron-de-narvaez;dbe;https://dbe.rah.es/biografias/;
2893;33571/juan-fernandez-de-cordoba-y-coalla;dbe;https://dbe.rah.es/biografias/;
2896;33574/diego-del-corro-y-carrascal;dbe;https://dbe.rah.es/biografias/;
2902;26099/diego-cordoba-y-lasso-de-la-vega;dbe;https://dbe.rah.es/biografias/;
2906;14047/antonio-de-la-pedrosa-y-guerrero;dbe;https://dbe.rah.es/biografias/;
2911;16366/jorge-de-villalonga-fortuny;dbe;https://dbe.rah.es/biografias/;
2915;12744/pedro-mesia-de-la-cerda-y-de-los-rios;dbe;https://dbe.rah.es/biografias/;
2916;14901/manuel-de-guirior-y-portal;dbe;https://dbe.rah.es/biografias/;
2918;16033/juan-de-torrezar-y-diaz-pimienta;dbe;https://dbe.rah.es/biografias/;
2920;14380/francisco-gil-de-taboada-y-lemus;dbe;https://dbe.rah.es/biografias/;
2928;12617/antonio-de-mendoza-y-pacheco;dbe;https://dbe.rah.es/biografias/;
2931;14094/gaston-de-peralta;dbe;https://dbe.rah.es/biografias/;
2933;15651/martin-enriquez-de-almansa;dbe;https://dbe.rah.es/biografias/;
2937;12813/alvaro-manrique-y-zuniga;dbe;https://dbe.rah.es/biografias/;
2938;5086/luis-de-velasco-y-castilla;dbe;https://dbe.rah.es/biografias/;
2940;13761/juan-de-mendoza-y-luna;dbe;https://dbe.rah.es/biografias/;
2941;14868/francisco-garcia-guerra;dbe;https://dbe.rah.es/biografias/;
2948;14822/garcia-sarmiento-de-sotomayor-y-enriquez-de-luna;dbe;https://dbe.rah.es/biografias/;
2951;8786/luis-enriquez-de-guzman-y-coresma;dbe;https://dbe.rah.es/biografias/;
2958;15610/tomas-antonio-de-la-cerda-y-aragon;dbe;https://dbe.rah.es/biografias/;
2979;10137/bernardo-de-galvez;dbe;https://dbe.rah.es/biografias/;
2980;63314/eusebio-ventura-belena;dbe;https://dbe.rah.es/biografias/;
2991;5424/juan-jose-ruiz-de-apodaca-y-eliza;dbe;https://dbe.rah.es/biografias/;
2993;12384/andres-hurtado-de-mendoza-y-fernandez-de-bobadilla;dbe;https://dbe.rah.es/biografias/;
2994;15398/diego-lopez-de-zuniga-y-velasco;dbe;https://dbe.rah.es/biografias/;
2997;12398/garcia-hurtado-de-mendoza;dbe;https://dbe.rah.es/biografias/;
2998;8992/francisco-de-borja-y-aragon;dbe;https://dbe.rah.es/biografias/;
2999;9375/luis-jeronimo-fernandez-de-cabrera-y-bobadilla-de-la-cerda;dbe;https://dbe.rah.es/biografias/;
3005;13644/manuel-oms-de-santa-pau-y-de-lanuza;dbe;https://dbe.rah.es/biografias/;
3009;7957/jose-de-armendariz-y-perurena;dbe;https://dbe.rah.es/biografias/;
3017;4332/jose-fernando-de-abascal-y-sousa;dbe;https://dbe.rah.es/biografias/;
3020;32638/pedro-ramirez-de-quinones;dbe;https://dbe.rah.es/biografias/;
3022;33740/manuel-barros-de-san-millan;dbe;https://dbe.rah.es/biografias/;
3023;76436/juan-lopez-de-cepeda;dbe;https://dbe.rah.es/biografias/;
3037;75745/jose-del-corral-calvo-de-la-banda;dbe;https://dbe.rah.es/biografias/;
3050;63647/antonio-hermenegildo-de-querejazu-y-mollinedo;dbe;https://dbe.rah.es/biografias/;
3055;47944/juan-victorino-martinez-de-tineo-y-torres;dbe;https://dbe.rah.es/biografias/;
3059;24959/ignacio-flores;dbe;https://dbe.rah.es/biografias/;
3062;14198/ramon-garcia-de-leon-y-pizarro;dbe;https://dbe.rah.es/biografias/;
3068;7548/hernando-de-santillan-y-figueroa;dbe;https://dbe.rah.es/biografias/;
3089;63477/francisco-de-lopez-de-dicastillo-y-azcona;dbe;https://dbe.rah.es/biografias/;
3095;63688/manuel-rubio-de-arevalo-y-martin;dbe;https://dbe.rah.es/biografias/;
3098;24954/juan-antonio-zelaya-y-vergara;dbe;https://dbe.rah.es/biografias/;
3106;63727/antonio-suarez-rodriguez-de-yebar-y-malagon;dbe;https://dbe.rah.es/biografias/;
3116;35410/jorge-de-escobedo-y-alarcon;dbe;https://dbe.rah.es/biografias/;
3121;8031/nicolas-antonio-de-arredondo-y-pelegrin;dbe;https://dbe.rah.es/biografias/;
3128;15356/francisco-de-paula-sanz;dbe;https://dbe.rah.es/biografias/;
3130;47952/francisco-de-garos;dbe;https://dbe.rah.es/biografias/;
3131;16266/benito-maria-de-la-mata-linares-y-vazquez-davila;dbe;https://dbe.rah.es/biografias/;
3132;63639/jose-de-la-portilla-y-galvez;dbe;https://dbe.rah.es/biografias/;
3142;16046/pio-tristan-y-moscoso;dbe;https://dbe.rah.es/biografias/;
3541;55679/jose-carlos-aguero-gonzalez;dbe;https://dbe.rah.es/biografias/;
3149;66193/tadeo-fernandez-davila;dbe;https://dbe.rah.es/biografias/;
3158;24230/juan-manuel-alvarez-de-faria-y-sanchez;dbe;https://dbe.rah.es/biografias/;
3165;15184/jose-antonio-campos-y-julian;dbe;https://dbe.rah.es/biografias/;
3171;47956/antonio-alvarez-y-jimenez;dbe;https://dbe.rah.es/biografias/;
3180;15702/jose-bernardo-de-tagle-y-portocarrero;dbe;https://dbe.rah.es/biografias/;
3193;83036/ramon-de-anguiano-y-belorado;dbe;https://dbe.rah.es/biografias/;
3214;136547/diego-garcia-conde;dbe;https://dbe.rah.es/biografias/;
3236;13067/francisco-de-montejo;dbe;https://dbe.rah.es/biografias/;
3320;34548/jose-ortiz-de-la-pena;dbe;https://dbe.rah.es/biografias/;
3335;34561/pedro-ortiz-de-la-barriere;dbe;https://dbe.rah.es/biografias/;
3340;55773/juan-jose-de-vertiz-y-hontanon;dbe;https://dbe.rah.es/biografias/;
3353;54067/cristobal-de-zayas-y-moscoso;dbe;https://dbe.rah.es/biografias/;
3362;14119/benito-perez-valdelomar;dbe;https://dbe.rah.es/biografias/;
3388;12373/sebastian-hurtado-de-corcuera-y-gaviria;dbe;https://dbe.rah.es/biografias/;
3397;25208/fernando-de-la-riva-aguero-y-setien;dbe;https://dbe.rah.es/biografias/;
3401;75302/diego-de-ibarra;dbe;https://dbe.rah.es/biografias/;
3405;34683/alonso-mercado-y-villacorta;dbe;https://dbe.rah.es/biografias/;
3409;75393/pedro-jose-guzman-davalos-y-ponce-de-leon;dbe;https://dbe.rah.es/biografias/;
3413;63439/fernando-de-haro-y-monterroso;dbe;https://dbe.rah.es/biografias/;
3424;10209/pedro-arias-davila;dbe;https://dbe.rah.es/biografias/;
3428;62524/francisco-de-barrionuevo-de-mendoza;dbe;https://dbe.rah.es/biografias/;
3429;7300/pascual-de-andagoya;dbe;https://dbe.rah.es/biografias/;
3431;78830/francisco-perez-de-robles;dbe;https://dbe.rah.es/biografias/;
3437;10591/pedro-de-la-gasca;dbe;https://dbe.rah.es/biografias/;
3441;78833/alvaro-de-sosa;dbe;https://dbe.rah.es/biografias/;
3447;14170/lope-garcia-de-castro;dbe;https://dbe.rah.es/biografias/;
3457;4665/cristobal-colon;dbe;https://dbe.rah.es/biografias/;
3458;4662/bartolome-colon;dbe;https://dbe.rah.es/biografias/;
3463;32998/rodrigo-de-figueroa;dbe;https://dbe.rah.es/biografias/;
3464;56368/alonso-de-fuenmayor;dbe;https://dbe.rah.es/biografias/;
3465;34636/luis-colon-de-toledo;dbe;https://dbe.rah.es/biografias/;
3473;35104/luis-sarmiento;dbe;https://dbe.rah.es/biografias/;
3476;35116/bartolome-de-santillana;dbe;https://dbe.rah.es/biografias/;
3488;18052/juan-perez-de-tolosa;dbe;https://dbe.rah.es/biografias/;
3489;35128/alonso-arias-de-villasinda;dbe;https://dbe.rah.es/biografias/;
3492;35131/alonso-bernaldez-de-quiros;dbe;https://dbe.rah.es/biografias/;
3493;80139/alonso-perez-de-manzanedo;dbe;https://dbe.rah.es/biografias/;
3495;35136/francisco-hernandez-de-chaves;dbe;https://dbe.rah.es/biografias/;
3496;12439/diego-de-mazariegos;dbe;https://dbe.rah.es/biografias/;
3500;35141/alonso-arias-de-vaca;dbe;https://dbe.rah.es/biografias/;
3503;34709/sancho-de-alquiza-o-alquizar;dbe;https://dbe.rah.es/biografias/;
3512;35151/pedro-de-leon-villarroel;dbe;https://dbe.rah.es/biografias/;
3514;80144/rodrigo-de-bastidas-y-penalosa;dbe;https://dbe.rah.es/biografias/;
3517;80145/felix-garci-gonzalez-de-leon;dbe;https://dbe.rah.es/biografias/;
3521;35168/diego-de-melo-maldonado;dbe;https://dbe.rah.es/biografias/;
3523;35172/diego-bartolome-bravo-de-anaya;dbe;https://dbe.rah.es/biografias/;
3526;35177/fernando-de-rojas-y-mendoza;dbe;https://dbe.rah.es/biografias/;
3532;35186/lope-carrillo-de-andrade-sotomayor-y-pimentel;dbe;https://dbe.rah.es/biografias/;
3542;35206/luis-de-unzaga-y-amezaga;dbe;https://dbe.rah.es/biografias/;
3554;13334/pablo-morillo-y-morillo;dbe;https://dbe.rah.es/biografias/;
3555;8863/miguel-de-la-torre-y-pando;dbe;https://dbe.rah.es/biografias/;
3606;39177/jeronimo-lebron-de-quinones;dbe;https://dbe.rah.es/biografias/;
3615;39115/juan-troche-ponce-de-leon;dbe;https://dbe.rah.es/biografias/;
3619;122739/diego-menendez-de-valdes;dbe;https://dbe.rah.es/biografias/;
3627;25195/juan-de-haro-y-sanvitores;dbe;https://dbe.rah.es/biografias/;
3630;25204/agustin-de-silva-y-figueroa;dbe;https://dbe.rah.es/biografias/;
3631;25207/juan-de-bolanos;dbe;https://dbe.rah.es/biografias/;
3639;25289/juan-de-robles-lorenzana;dbe;https://dbe.rah.es/biografias/;
3640;25294/gaspar-martinez-de-andino;dbe;https://dbe.rah.es/biografias/;
3641;25311/juan-fernandez-franco-de-medina;dbe;https://dbe.rah.es/biografias/;
3642;25309/gaspar-de-arredondo-y-valle;dbe;https://dbe.rah.es/biografias/;
3644;25313/antonio-de-robles-silva;dbe;https://dbe.rah.es/biografias/;
3665;39228/jose-dufresne;dbe;https://dbe.rah.es/biografias/;
3671;12500/salvador-melendez-bruna;dbe;https://dbe.rah.es/biografias/;
3679;16440/rafael-de-aristegui-y-velez-ladron-de-guevara;dbe;https://dbe.rah.es/biografias/;
3688;6311/rafael-echague-y-bermingham;dbe;https://dbe.rah.es/biografias/;
3689;13166/rafael-izquierdo-y-gutierrez;dbe;https://dbe.rah.es/biografias/;
3692;39249/julian-juan-pavia-y-lacy;dbe;https://dbe.rah.es/biografias/;
3695;39250/ramon-gomez-pulido;dbe;https://dbe.rah.es/biografias/;
3697;87750/joaquin-enrile-y-hernan;dbe;https://dbe.rah.es/biografias/;
3699;39254/rafael-primo-de-rivera-y-sobremonte;dbe;https://dbe.rah.es/biografias/;
3700;39255/segundo-de-la-portilla-y-gutierrez;dbe;https://dbe.rah.es/biografias/;
3702;137315/jose-gamir-maladen;dbe;https://dbe.rah.es/biografias/;
3704;5049/miguel-de-la-vega-inclan-y-palma;dbe;https://dbe.rah.es/biografias/;
3705;39256/carlos-suances-y-campos;dbe;https://dbe.rah.es/biografias/;
3708;4847/juan-contreras-y-martinez;dbe;https://dbe.rah.es/biografias/;
3717;39267/ricardo-de-ortega-y-diez;dbe;https://dbe.rah.es/biografias/;
3718;39271/manuel-macias-casado;dbe;https://dbe.rah.es/biografias/;
3719;70065/angel-rivero-mendez;dbe;https://dbe.rah.es/biografias/;
3720;9825/francisco-pizarro-gonzalez;dbe;https://dbe.rah.es/biografias/;
3723;14604/gil-gonzalez-davila;dbe;https://dbe.rah.es/biografias/;
3724;111389/francisco-hernandez-de-cordoba;dbe;https://dbe.rah.es/biografias/;
3730;28140/juan-de-cavallon-y-arboleda;dbe;https://dbe.rah.es/biografias/;
4357;58250150;viaf;https://viaf.org/viaf/;
29;5622/agustin-de-ahumada-y-villalon;dbe;https://dbe.rah.es/biografias/;
43;13149/jose-de-iturrigaray-y-arostegui;dbe;https://dbe.rah.es/biografias/;
324;91820/eustaquio-galavis-hurtado-del-aguila-de-mendoza-y-ponton;dbe;https://dbe.rah.es/biografias/;
2784;32867/pedro-de-arceo;dbe;https://dbe.rah.es/biografias/;
2797;42665/juan-francisco-montemayor-de-cordoba-y-cuenca;dbe;https://dbe.rah.es/biografias/;
2818;38998/manuel-de-azlor-y-urries;dbe;https://dbe.rah.es/biografias/;
2819;8320/jose-francisco-antonio-solano-y-bote;dbe;https://dbe.rah.es/biografias/;
2821;43021/joaquin-antonio-garcia-y-moreno;dbe;https://dbe.rah.es/biografias/;
2823;15539/salvador-jose-muro-y-salazar;dbe;https://dbe.rah.es/biografias/;
2828;16279/santiago-de-vera;dbe;https://dbe.rah.es/biografias/;
2829;20932/juan-de-villela-olabarrieta;dbe;https://dbe.rah.es/biografias/;
2853;15287/francisco-de-sande-y-picon;dbe;https://dbe.rah.es/biografias/;
2854;28135/alonso-criado-de-castilla;dbe;https://dbe.rah.es/biografias/;
2856;10563/alvaro-quinones-y-osorio;dbe;https://dbe.rah.es/biografias/;
2880;60108/bernardo-troncoso-y-martinez-del-rincon;dbe;https://dbe.rah.es/biografias/;
2882;70018/antonio-gonzalez-mollinedo-y-saravia;dbe;https://dbe.rah.es/biografias/;
2888;84089/lope-diez-de-aux-y-armendariz;dbe;https://dbe.rah.es/biografias/;
2890;13849/juan-de-borja-y-armendia;dbe;https://dbe.rah.es/biografias/;
2894;33572/dionisio-perez-manrique-de-lara;dbe;https://dbe.rah.es/biografias/;
2897;33575/diego-de-villalba-y-toledo;dbe;https://dbe.rah.es/biografias/;
2899;11485/francisco-castillo-de-la-concha;dbe;https://dbe.rah.es/biografias/;
2901;71199/francisco-jose-merlo-de-la-fuente;dbe;https://dbe.rah.es/biografias/;
2908;47892/rafael-de-eslava-y-lassaga;dbe;https://dbe.rah.es/biografias/;
2910;33587/francisco-gonzalez-manrique;dbe;https://dbe.rah.es/biografias/;
2912;8915/sebastian-de-eslava-y-lassaga;dbe;https://dbe.rah.es/biografias/;
2914;8357/jose-solis-y-folch-de-cardona;dbe;https://dbe.rah.es/biografias/;
2950;76882/matias-de-peralta-cabeza-de-vaca;dbe;https://dbe.rah.es/biografias/;
2955;8721/antonio-sebastian-de-toledo-molina-y-salazar;dbe;https://dbe.rah.es/biografias/;
2956;25155/pedro-nuno-colon-de-portugal-y-ayala;dbe;https://dbe.rah.es/biografias/;
2959;10062/melchor-portocarrero-y-lasso-de-la-vega;dbe;https://dbe.rah.es/biografias/;
2960;14770/gaspar-de-la-cerda-sandoval-silva-y-mendoza;dbe;https://dbe.rah.es/biografias/;
2972;60351/francisco-antonio-de-echavarri-ugarte;dbe;https://dbe.rah.es/biografias/;
2978;63443/vicente-de-herrera-y-rivero;dbe;https://dbe.rah.es/biografias/;
2981;7088/alonso-nunez-de-haro-y-peralta;dbe;https://dbe.rah.es/biografias/;
2990;9886/felix-maria-calleja-del-rey;dbe;https://dbe.rah.es/biografias/;
2992;7111/blasco-nunez-vela;dbe;https://dbe.rah.es/biografias/;
2995;8724/francisco-de-toledo-y-figueroa;dbe;https://dbe.rah.es/biografias/;
2996;16031/fernando-torres-y-portugal;dbe;https://dbe.rah.es/biografias/;
3001;13621/diego-de-benavides-y-de-la-cueva;dbe;https://dbe.rah.es/biografias/;
3002;13675/pedro-antonio-fernandez-de-castro-portugal-y-andrade;dbe;https://dbe.rah.es/biografias/;
3004;13419/melchor-bartolome-buenaventura-de-navarra-y-rocafull;dbe;https://dbe.rah.es/biografias/;
3010;16400/antonio-jose-de-mendoza-caamano-y-sotomayor;dbe;https://dbe.rah.es/biografias/;
3011;12819/jose-antonio-manso-de-velasco-y-sanchez-de-samaniego;dbe;https://dbe.rah.es/biografias/;
3012;7149/manuel-de-amat-y-junyent;dbe;https://dbe.rah.es/biografias/;
3013;15321/agustin-de-jauregui-y-aldecoa;dbe;https://dbe.rah.es/biografias/;
3014;15138/teodoro-de-croix;dbe;https://dbe.rah.es/biografias/;
3015;7126/ambrosio-ohiggins;dbe;https://dbe.rah.es/biografias/;
3016;7117/gabriel-de-aviles-y-del-fierro;dbe;https://dbe.rah.es/biografias/;
3019;8110/jose-de-la-serna-y-martinez-de-hinojosa;dbe;https://dbe.rah.es/biografias/;
3021;13618/juan-de-matienzo;dbe;https://dbe.rah.es/biografias/;
3028;75769/martin-de-egues-y-beaumont-y-jimenez-del-vayo;dbe;https://dbe.rah.es/biografias/;
3030;56801/juan-de-lizarazu;dbe;https://dbe.rah.es/biografias/;
3036;76642/luis-jose-merlo-de-la-fuente;dbe;https://dbe.rah.es/biografias/;
3040;63506/antonio-de-martinez-lujan-de-vargas;dbe;https://dbe.rah.es/biografias/;
3044;78849/jose-antonio-de-la-rocha-y-carranza;dbe;https://dbe.rah.es/biografias/;
3049;47813/ignacio-antonio-del-castillo;dbe;https://dbe.rah.es/biografias/;
3058;32618/agustin-fernando-de-pinedo;dbe;https://dbe.rah.es/biografias/;
3063;48995/vicente-nieto;dbe;https://dbe.rah.es/biografias/;
3066;7172/pedro-antonio-de-olaneta-marquiegui;dbe;https://dbe.rah.es/biografias/;
3070;76740/diego-de-narvaez;dbe;https://dbe.rah.es/biografias/;
3075;24815/miguel-de-ibarra;dbe;https://dbe.rah.es/biografias/;
3076;75573/diego-de-armenteros-y-henao;dbe;https://dbe.rah.es/biografias/;
3077;76192/juan-fernandez-de-recalde;dbe;https://dbe.rah.es/biografias/;
3083;76681/juan-de-morales-aramburu;dbe;https://dbe.rah.es/biografias/;
3087;63550/lope-antonio-de-munive-y-axpe;dbe;https://dbe.rah.es/biografias/;
3094;19686/francisco-miguel-de-goyeneche-y-de-balanza;dbe;https://dbe.rah.es/biografias/;
3101;63782/juan-jose-de-villalengua-y-marfil;dbe;https://dbe.rah.es/biografias/;
3113;14374/juan-ramirez-de-orozco;dbe;https://dbe.rah.es/biografias/;
3117;123092/juan-maria-de-galvez-y-montes-de-oca;dbe;https://dbe.rah.es/biografias/;
3127;75345/manuel-ignacio-fernandez;dbe;https://dbe.rah.es/biografias/;
3129;47948/francisco-hurtado-del-pino;dbe;https://dbe.rah.es/biografias/;
3135;11208/jose-manuel-de-goyeneche-y-barreda;dbe;https://dbe.rah.es/biografias/;
3136;53914/pedro-antonio-manuel-cernadas-y-bermudez-de-castro;dbe;https://dbe.rah.es/biografias/;
3138;10442/mateo-pumacahua;dbe;https://dbe.rah.es/biografias/;
3141;34737/mariano-ricafort;dbe;https://dbe.rah.es/biografias/;
3156;53988/juan-del-pino-y-manrique-de-lara;dbe;https://dbe.rah.es/biografias/;
3157;15411/sebastian-de-segurola-y-oliden;dbe;https://dbe.rah.es/biografias/;
3168;117312/manuel-quimper-benitez-del-pino;dbe;https://dbe.rah.es/biografias/;
3181;47744/fernando-marquez-de-la-plata-y-orozco;dbe;https://dbe.rah.es/biografias/;
3199;26657/jose-de-la-cruz-fernandez;dbe;https://dbe.rah.es/biografias/;
3206;72829/antonio-cordero-y-bustamante;dbe;https://dbe.rah.es/biografias/;
3213;71385/angel-pinilla-y-perez;dbe;https://dbe.rah.es/biografias/;
3229;92923/juan-enriquez-de-guzman;dbe;https://dbe.rah.es/biografias/;
3744;11639/alonso-lara-de-cordoba;dbe;https://dbe.rah.es/biografias/;
3754;52722/juan-fernandez-de-salinas-y-de-la-cerda;dbe;https://dbe.rah.es/biografias/;
3773;54363/melchor-vidal-de-lorca-y-villena;dbe;https://dbe.rah.es/biografias/;
3775;54316/domingo-cabello-y-robles;dbe;https://dbe.rah.es/biografias/;
3779;18051/hernan-perez-de-quesada;dbe;https://dbe.rah.es/biografias/;
3781;13058/lope-montalvo-de-lugo;dbe;https://dbe.rah.es/biografias/;
3804;5324/jose-joaquin-de-viana-saenz-de-villaverde;dbe;https://dbe.rah.es/biografias/;
3827;124913/francisco-xavier-de-viana-y-alzaibar;dbe;https://dbe.rah.es/biografias/;
3835;37809/pedro-de-mazuelo;dbe;https://dbe.rah.es/biografias/;
3839;58333/pedro-alonso-cano;dbe;https://dbe.rah.es/biografias/;
3852;44267/alonso-de-miranda;dbe;https://dbe.rah.es/biografias/;
3867;28141/diego-lopez-de-salcedo;dbe;https://dbe.rah.es/biografias/;
3877;34193/jeronimo-sanchez-carranza-de-barreda;dbe;https://dbe.rah.es/biografias/;
3902;63674/jose-nicolas-rodezno-manzolo-y-rebolledo;dbe;https://dbe.rah.es/biografias/;
3922;94205/jorge-de-alvarado;dbe;https://dbe.rah.es/biografias/;
3979;5125/diego-velazquez-de-cuellar;dbe;https://dbe.rah.es/biografias/;
3980;81646/juan-gutierrez-de-altamirano;dbe;https://dbe.rah.es/biografias/;
3983;8390/hernando-de-soto;dbe;https://dbe.rah.es/biografias/;
3987;34697/antonio-de-chaves-o-chavez;dbe;https://dbe.rah.es/biografias/;
3988;34698/gonzalo-perez-de-angulo;dbe;https://dbe.rah.es/biografias/;
3990;12634/pedro-menendez-de-aviles-y-alonso-de-la-campa;dbe;https://dbe.rah.es/biografias/;
3992;48673/sancho-pardo-de-donlebun-y-lanzos-osorio;dbe;https://dbe.rah.es/biografias/;
3994;10866/francisco-de-carreno;dbe;https://dbe.rah.es/biografias/;
3999;81653/juan-de-tejeda;dbe;https://dbe.rah.es/biografias/;
4009;34712/lorenzo-de-cabrera-y-corbera;dbe;https://dbe.rah.es/biografias/;
4011;34715/francisco-de-riano-y-gamboa;dbe;https://dbe.rah.es/biografias/;
4013;87156/francisco-gelder-y-calatayud-y-toledo;dbe;https://dbe.rah.es/biografias/;
4016;34720/juan-de-montano-blazquez;dbe;https://dbe.rah.es/biografias/;
4023;34725/jose-fernandez-de-cordoba-y-ponce-de-leon;dbe;https://dbe.rah.es/biografias/;
4033;81667/gomez-de-maraver-ponce-de-leon;dbe;https://dbe.rah.es/biografias/;
4035;34730/juan-antonio-tineo-y-fuertes;dbe;https://dbe.rah.es/biografias/;
4038;34732/juan-de-prado-malleza-y-portocarrero;dbe;https://dbe.rah.es/biografias/;
4043;81671/pascual-jimenez-de-cisneros;dbe;https://dbe.rah.es/biografias/;
4046;9776/juan-manuel-de-cagigal-de-la-vega-y-montserrat;dbe;https://dbe.rah.es/biografias/;
4048;34736/juan-procopio-de-bassecourt-y-bryas;dbe;https://dbe.rah.es/biografias/;
4053;8458/miguel-tacon-y-rosique;dbe;https://dbe.rah.es/biografias/;
4054;9140/joaquin-de-ezpeleta-y-enrile;dbe;https://dbe.rah.es/biografias/;
4056;4657/jeronimo-valdes-y-sierra;dbe;https://dbe.rah.es/biografias/;
4057;4360/francisco-javier-de-ulloa-y-ramirez-de-laredo;dbe;https://dbe.rah.es/biografias/;
4062;8161/francisco-serrano-y-dominguez;dbe;https://dbe.rah.es/biografias/;
4071;14935/joaquin-jovellar-y-soler;dbe;https://dbe.rah.es/biografias/;
4073;11874/arsenio-martinez-de-campos-y-anton;dbe;https://dbe.rah.es/biografias/;
4075;13083/ramon-blanco-y-erenas;dbe;https://dbe.rah.es/biografias/;
4083;10340/camilo-garcia-de-polavieja-y-del-castillo-negrete;dbe;https://dbe.rah.es/biografias/;
4089;7083/vasco-nunez-de-balboa;dbe;https://dbe.rah.es/biografias/;
4090;10209/pedro-arias-davila;dbe;https://dbe.rah.es/biografias/;
4095;52025/juan-illanes-de-castro;dbe;https://dbe.rah.es/biografias/;
4096;51904/antonio-andrada;dbe;https://dbe.rah.es/biografias/;
4098;53118/pedro-venegas-de-los-rios;dbe;https://dbe.rah.es/biografias/;
4101;45908/alonso-anguciana-de-gamboa;dbe;https://dbe.rah.es/biografias/;
4110;30000/juan-de-ocon-y-trillo;dbe;https://dbe.rah.es/biografias/;
4114;53135/juan-de-villalta;dbe;https://dbe.rah.es/biografias/;
4130;52038/francisco-lopez-conejo;dbe;https://dbe.rah.es/biografias/;
4132;45915/diego-de-la-haya-fernandez;dbe;https://dbe.rah.es/biografias/;
4139;51998/joan-gemmir-i-lleonart-y-fontanills;dbe;https://dbe.rah.es/biografias/;
4153;53114/juan-jose-vazquez-y-tellez;dbe;https://dbe.rah.es/biografias/;
4159;51937/juan-manuel-de-canas-trujillo-y-sanchez-de-la-madrid;dbe;https://dbe.rah.es/biografias/;
4166;114553/gonzalo-mendez-de-cancio-y-donlebun;dbe;https://dbe.rah.es/biografias/;
4187;55712/francisco-de-corcoles-y-martinez;dbe;https://dbe.rah.es/biografias/;
4206;47895/juan-navarro-santaella;dbe;https://dbe.rah.es/biografias/;
4216;48271/fernando-amador-de-amaya;dbe;https://dbe.rah.es/biografias/;
4234;10404/jose-gervasio-artigas-pascual;dbe;https://dbe.rah.es/biografias/;
4241;55682/martin-de-alarcon;dbe;https://dbe.rah.es/biografias/;
4250;55735/jose-antonio-fernandez-de-jauregui-y-urrutia;dbe;https://dbe.rah.es/biografias/;
4274;4351/antonio-de-ulloa-y-de-la-torre-guiral;dbe;https://dbe.rah.es/biografias/;
4278;55762/esteban-rodriguez-miro-y-sabater;dbe;https://dbe.rah.es/biografias/;
4281;55709/francisco-bouligny;dbe;https://dbe.rah.es/biografias/;
4325;64845/tomas-velez-cachupin-de-la-quintana;dbe;https://dbe.rah.es/biografias/;
4327;54333/mateo-antonio-de-mendoza-diaz-de-arce;dbe;https://dbe.rah.es/biografias/;
4348;54314/diego-de-borica-y-retegui;dbe;https://dbe.rah.es/biografias/;
4350;54294/jose-dario-arguello;dbe;https://dbe.rah.es/biografias/;
4356;Francisco_Vázquez_de_Coronado;wiki-es;https://es.wikipedia.org/wiki/;
4357;Cristóbal de Oñate;wiki-es;https://es.wikipedia.org/wiki/;
4357;51519/cristobal-de-onate;dbe;https://dbe.rah.es/biografias/;
4353;11471/nuno-beltran-de-guzman;dbe;https://dbe.rah.es/biografias/;
4353;Nuño_de_Guzmán;wiki-es;https://es.wikipedia.org/wiki/;
4356;5002/francisco-vazquez-de-coronado;dbe;https://dbe.rah.es/biografias/;
4356;59886681;viaf;https://viaf.org/viaf/;
4353;107539998;viaf;https://viaf.org/viaf/;
3254;61990/juan-ruiz-de-contreras-y-tellez;dbe;https://dbe.rah.es/biografias/;
3277;75307/manuel-garcia-de-bustamante;dbe;https://dbe.rah.es/biografias/;
3310;16242/juan-martinez-de-rozas;dbe;https://dbe.rah.es/biografias/;
3311;19689/francisco-manuel-de-la-mata-linares;dbe;https://dbe.rah.es/biografias/;
3314;22152/joaquin-de-alos-y-de-bru;dbe;https://dbe.rah.es/biografias/;
3318;35091/eustaquio-giannini-bentallol;dbe;https://dbe.rah.es/biografias/;
3359;67063/lucas-de-galvez-y-montes-de-oca;dbe;https://dbe.rah.es/biografias/;
3378;75592/juan-del-barrio-de-sepulveda;dbe;https://dbe.rah.es/biografias/;
3383;76604/francisco-manso-de-contreras;dbe;https://dbe.rah.es/biografias/;
3389;25201/enrique-enriquez-de-sotomayor;dbe;https://dbe.rah.es/biografias/;
3394;76784/diego-de-orozco-y-espinar;dbe;https://dbe.rah.es/biografias/;
3404;63501/miguel-francisco-de-marichalar-y-vallejo;dbe;https://dbe.rah.es/biografias/;
3407;63263/jose-de-alzamora-ursino;dbe;https://dbe.rah.es/biografias/;
3417;63624/gaspar-perez-buelta;dbe;https://dbe.rah.es/biografias/;
3421;18035/dionisio-martinez-de-la-vega-y-moreno;dbe;https://dbe.rah.es/biografias/;
3452;76499/francisco-de-herrera-enriquez;dbe;https://dbe.rah.es/biografias/;
3455;71193/fernando-jose-de-haro-y-monterroso;dbe;https://dbe.rah.es/biografias/;
3469;76622/antonio-mejia;dbe;https://dbe.rah.es/biografias/;
3484;35121/diego-de-boisa;dbe;https://dbe.rah.es/biografias/;
3490;35130/gutierre-de-la-pena-langayo;dbe;https://dbe.rah.es/biografias/;
3491;17881/pablo-collado;dbe;https://dbe.rah.es/biografias/;
3504;35144/garcia-giron;dbe;https://dbe.rah.es/biografias/;
3509;35148/francisco-nunez-melian;dbe;https://dbe.rah.es/biografias/;
3510;35149/ruy-fernandez-de-fuenmayor-figueroa;dbe;https://dbe.rah.es/biografias/;
3515;35157/andres-de-vera-y-moscoso;dbe;https://dbe.rah.es/biografias/;
3519;35164/francisco-davila-orejon-y-gaston;dbe;https://dbe.rah.es/biografias/;
3534;57934/martin-de-lardizabal-y-elorza;dbe;https://dbe.rah.es/biografias/;
3536;35192/luis-francisco-de-castellanos;dbe;https://dbe.rah.es/biografias/;
3538;35197/felipe-nicolas-de-ricardos;dbe;https://dbe.rah.es/biografias/;
3539;35201/felipe-de-font-de-viela-y-ondiano;dbe;https://dbe.rah.es/biografias/;
3540;35202/francisco-de-arce;dbe;https://dbe.rah.es/biografias/;
3549;35224/vicente-de-emparan-y-de-orbe;dbe;https://dbe.rah.es/biografias/;
3552;128204/juan-manuel-cagigal-de-la-vega-y-martinez-nino;dbe;https://dbe.rah.es/biografias/;
3598;9947/juan-ponce-de-leon;dbe;https://dbe.rah.es/biografias/;
3599;39166/juan-ceron;dbe;https://dbe.rah.es/biografias/;
3623;25187/sancho-ochoa-de-castro;dbe;https://dbe.rah.es/biografias/;
3624;25190/gabriel-de-rojas-paramo;dbe;https://dbe.rah.es/biografias/;
3625;25191/felipe-de-beaumont-y-navarra;dbe;https://dbe.rah.es/biografias/;
3629;25203/inigo-de-la-mota-y-sarmiento;dbe;https://dbe.rah.es/biografias/;
3677;15897/miguel-lopez-de-banos-y-monsalve;dbe;https://dbe.rah.es/biografias/;
3678;16356/santiago-mendez-vigo-y-garcia-de-san-pedro;dbe;https://dbe.rah.es/biografias/;
3684;14139/andres-garcia-camba-y-de-las-heras;dbe;https://dbe.rah.es/biografias/;
3691;16121/jose-maria-marchesi-oleaga;dbe;https://dbe.rah.es/biografias/;
3696;28213/simon-de-la-torre-y-ormaza;dbe;https://dbe.rah.es/biografias/;
3698;39253/juan-martinez-plowes;dbe;https://dbe.rah.es/biografias/;
3712;39261/jose-lasso-perez;dbe;https://dbe.rah.es/biografias/;
3713;64997/manuel-delgado-y-zuleta;dbe;https://dbe.rah.es/biografias/;
3722;4630/cristobal-vaca-de-castro;dbe;https://dbe.rah.es/biografias/;
3782;4581/pedro-de-ursua;dbe;https://dbe.rah.es/biografias/;
3785;33567/juan-bautista-monzon;dbe;https://dbe.rah.es/biografias/;
3788;75727/juan-cornejo;dbe;https://dbe.rah.es/biografias/;
3791;71199/francisco-jose-merlo-de-la-fuente;dbe;https://dbe.rah.es/biografias/;
3792;64757/francisco-de-otero-y-cossio;dbe;https://dbe.rah.es/biografias/;
3808;71714/pascual-ruiz-huidobro;dbe;https://dbe.rah.es/biografias/;
3813;72883/felipe-ruiz-puente-y-garcia-de-la-yedra;dbe;https://dbe.rah.es/biografias/;
3833;15767/juan-de-esquivel;dbe;https://dbe.rah.es/biografias/;
3834;10189/francisco-de-garay;dbe;https://dbe.rah.es/biografias/;
3895;63559/antonio-de-navia-bolano;dbe;https://dbe.rah.es/biografias/;
3924;115272/francisco-de-la-cueva-y-villacreces;dbe;https://dbe.rah.es/biografias/;
3956;65657/francisco-chacon-y-medina-salazar;dbe;https://dbe.rah.es/biografias/;
3996;81652/gabriel-de-lujan;dbe;https://dbe.rah.es/biografias/;
4002;34707/gaspar-ruiz-de-pereda-o-de-peralta;dbe;https://dbe.rah.es/biografias/;
4012;87172/alvaro-de-luna-y-sarmiento;dbe;https://dbe.rah.es/biografias/;
4030;12041/luis-chacon-y-castellon;dbe;https://dbe.rah.es/biografias/;
4036;87204/diego-de-penalosa;dbe;https://dbe.rah.es/biografias/;
4041;13877/ambrosio-de-funes-de-villalpando-abarca-de-bolea;dbe;https://dbe.rah.es/biografias/;
4055;8572/pedro-de-alcantara-tellez-giron-y-alfonso-pimentel;dbe;https://dbe.rah.es/biografias/;
4059;14898/federico-roncali-y-ceruti;dbe;https://dbe.rah.es/biografias/;
4065;84456/joaquin-del-manzano-y-manzano;dbe;https://dbe.rah.es/biografias/;
4066;5724/blas-de-villate-y-de-la-hera;dbe;https://dbe.rah.es/biografias/;
4069;11900/francisco-ceballos-y-vargas;dbe;https://dbe.rah.es/biografias/;
4086;6002/valeriano-weyler-y-nicolau;dbe;https://dbe.rah.es/biografias/;
4088;6969/diego-de-nicuesa;dbe;https://dbe.rah.es/biografias/;
4092;6357/hernan-sanchez-de-badajoz;dbe;https://dbe.rah.es/biografias/;
4199;69608/jose-coppinger-y-lopez-de-gamarra;dbe;https://dbe.rah.es/biografias/;
4224;24197/juan-de-dios-puga-y-cordova-figueroa;dbe;https://dbe.rah.es/biografias/;
4340;10063/gaspar-de-portola-y-rovira;dbe;https://dbe.rah.es/biografias/;
4345;54336/felipe-de-neve;dbe;https://dbe.rah.es/biografias/;
4337;Alberto_Maynez;wiki-en;https://en.wikipedia.org/wiki/;
4337;Q17510603;;;
170;Antonio_Jos%C3%A9_%C3%81lvarez_de_Abreu;wiki-es;https://es.wikipedia.org/wiki/;
2835;Alonso_P%C3%A9rez_de_Salazar;wiki-es;https://es.wikipedia.org/wiki/;
2860;Sebasti%C3%A1n_%C3%81lvarez_Alfonso_Rosica_de_Caldas;wiki-es;https://es.wikipedia.org/wiki/;
2862;Fernando_Francisco_de_Escobedo;wiki-es;https://es.wikipedia.org/wiki/;
2879;Jos%C3%A9_de_Estacher%C3%Ada;wiki-es;https://es.wikipedia.org/wiki/;
2883;Jos%C3%A9_de_Bustamante_y_Guerra;wiki-es;https://es.wikipedia.org/wiki/;
2884;Carlos_de_Urrutia_y_Montoya;wiki-es;https://es.wikipedia.org/wiki/;
2887;Andr%C3%A9s_D%C3%ADaz_Venero_de_Leyva;wiki-es;https://es.wikipedia.org/wiki/;
2913;José_Alfonso_Pizarro;wiki-es;https://es.wikipedia.org/wiki/;
2917;Manuel_Antonio_Fl%C3%B3rez_Maldonado;wiki-es;https://es.wikipedia.org/wiki/;
2921;Jos%C3%A9_Manuel_de_Ezpeleta;wiki-es;https://es.wikipedia.org/wiki/;
2922;Pedro_Mendinueta;wiki-es;https://es.wikipedia.org/wiki/;
2924;Francisco_Xavier_Venegas;wiki-es;https://es.wikipedia.org/wiki/;
2925;Benito_P%C3%A9rez_Brito;wiki-es;https://es.wikipedia.org/wiki/;
2926;Francisco_Jos%C3%A9_Montalvo_y_Ambulodi;wiki-es;https://es.wikipedia.org/wiki/;
2929;Luis_de_Velasco_y_Ruiz_de_Alarc%C3%B3n;wiki-es;https://es.wikipedia.org/wiki/;
2934;Lorenzo_Su%C3%A1rez_de_Mendoza;wiki-es;https://es.wikipedia.org/wiki/;
2939;Gaspar_de_Z%C3%BA%C3%B1iga_Acevedo_y_Velasco;wiki-es;https://es.wikipedia.org/wiki/;
2942;Diego_Fern%C3%A1ndez_de_C%C3%B3rdoba_(marqu%C3%A9s_de_Guadalc%C3%A1zar);wiki-es;https://es.wikipedia.org/wiki/;
2944;Diego_Carrillo_de_Mendoza_y_Pimentel;wiki-es;https://es.wikipedia.org/wiki/;
2945;Rodrigo_Pacheco_y_Osorio;wiki-es;https://es.wikipedia.org/wiki/;
2946;Diego_L%C3%B3pez_Pacheco_y_Portugal;wiki-es;https://es.wikipedia.org/wiki/;
2952;Francisco_Fern%C3%A1ndez_de_la_Cueva_y_Enr%C3%ADquez_de_Cabrera;wiki-es;https://es.wikipedia.org/wiki/;
2953;Juan_Francisco_de_Leyva_y_de_la_Cerda;wiki-es;https://es.wikipedia.org/wiki/;
2957;Payo_Enr%C3%ADquez_de_Rivera;wiki-es;https://es.wikipedia.org/wiki/;
2966;Juan_V%C3%A1zquez_de_Acu%C3%B1a_y_Bejarano;wiki-es;https://es.wikipedia.org/wiki/;
2977;Francisco_Rom%C3%A1_y_Rossell;wiki-es;https://es.wikipedia.org/wiki/;
3000;Pedro_de_Toledo_y_Leiva;wiki-es;https://es.wikipedia.org/wiki/;
3003;Pedro_%C3%81lvarez_de_Toledo_y_Leiva;wiki-es;https://es.wikipedia.org/wiki/;
3007;Carmine_Nicolao_Caracciolo;wiki-es;https://es.wikipedia.org/wiki/;
3018;Joaqu%C3%ADn_de_la_Pezuela;wiki-es;https://es.wikipedia.org/wiki/;
3056;Ambrosio_de_Benavides_Medina;wiki-es;https://es.wikipedia.org/wiki/;
3061;Joaqu%C3%ADn_del_Pino;wiki-es;https://es.wikipedia.org/wiki/;
3061;Joaqu%C3%ADn_del_Pino_y_Rozas;wiki-es;https://es.wikipedia.org/wiki/;
3067;Antonio_Vigil;wiki-es;https://es.wikipedia.org/wiki/;
3104;Francisco_Luis_H%C3%A9ctor_de_Carondelet;wiki-es;https://es.wikipedia.org/wiki/;
3107;Manuel_Ruiz_Urri%C3%A9s_de_Castilla;wiki-es;https://es.wikipedia.org/wiki/;
3118;Pedro_Antonio_de_Cevallos;wiki-es;https://es.wikipedia.org/wiki/;
3119;Juan_Jos%C3%A9_de_V%C3%A9rtiz_y_Salcedo;wiki-es;https://es.wikipedia.org/wiki/;
3120;Nicol%C3%A1s_del_Campo;wiki-es;https://es.wikipedia.org/wiki/;
3122;Pedro_de_Melo;wiki-es;https://es.wikipedia.org/wiki/;
3122;Pedro_Melo_de_Portugal;wiki-es;https://es.wikipedia.org/wiki/;
3123;Antonio_Olaguer_Feli%C3%BA;wiki-es;https://es.wikipedia.org/wiki/;
3124;Rafael_de_Sobremonte;wiki-es;https://es.wikipedia.org/wiki/;
3125;Santiago_de_Liniers;wiki-es;https://es.wikipedia.org/wiki/;
3126;Baltasar_Hidalgo_de_Cisneros;wiki-es;https://es.wikipedia.org/wiki/;
3137;Mart%C3%ADn_de_la_Concha_y_Jara;wiki-es;https://es.wikipedia.org/wiki/;
3139;Manuel_Pardo_Ribadeneira;wiki-es;https://es.wikipedia.org/wiki/;
3146;Victorino_Rodr%C3%ADguez_(funcionario);wiki-es;https://es.wikipedia.org/wiki/;
3147;Juan_Antonio_Guti%C3%A9rrez_de_la_Concha;wiki-es;https://es.wikipedia.org/wiki/;
3148;Andr%C3%A9s_de_Mestre;wiki-es;https://es.wikipedia.org/wiki/;
3151;Tom%C3%A1s_de_Arrigunaga;wiki-es;https://es.wikipedia.org/wiki/;
3152;Jos%C3%A9_de_Medeiros;wiki-es;https://es.wikipedia.org/wiki/;
3153;Nicol%C3%A1s_de_Villacorta_y_Oca%C3%B1a;wiki-es;https://es.wikipedia.org/wiki/;
3154;Nicol%C3%A1s_Severo_de_Isasmendi;wiki-es;https://es.wikipedia.org/wiki/;
3155;Joaqu%C3%ADn_Mestre;wiki-es;https://es.wikipedia.org/wiki/;
3173;Jos%C3%A9_Gabriel_Moscoso;wiki-es;https://es.wikipedia.org/wiki/;
3183;L%C3%A1zaro_de_Ribera_y_Espinoza;wiki-es;https://es.wikipedia.org/wiki/;
3186;Ram%C3%B3n_de_Urrutia_y_Las_Casas;wiki-es;https://es.wikipedia.org/wiki/;
3200;Antonio_Guti%C3%A9rrez_y_Ulloa;wiki-es;https://es.wikipedia.org/wiki/;
3205;Ignacio_de_Bustamante;wiki-es;https://es.wikipedia.org/wiki/;
3207;Manuel_Fern%C3%A1ndez_Rojo;wiki-es;https://es.wikipedia.org/wiki/;
3208;Juan_Jos%C3%A9_Lomb%C3%A1n;wiki-es;https://es.wikipedia.org/wiki/;
3216;Agust%C3%ADn_de_las_Cuentas_Zayas;wiki-es;https://es.wikipedia.org/wiki/;
3315;L%C3%A1zaro_de_Ribera_y_Espinoza;wiki-es;https://es.wikipedia.org/wiki/;
3316;Bernardo_de_Velasco;wiki-es;https://es.wikipedia.org/wiki/;
3317;Manuel_Guti%C3%A9rrez_Varona;wiki-es;https://es.wikipedia.org/wiki/;
4068;Antonio_Caballero_y_Fern%C3%A1ndez_de_Rodas;wiki-es;https://es.wikipedia.org/wiki/;
4084;Alejandro_Rodr%C3%ADguez_Arias_y_Rodulfo;wiki-es;https://es.wikipedia.org/wiki/;
4087;Adolfo_Jim%C3%A9nez_Castellanos;wiki-es;https://es.wikipedia.org/wiki/;
4104;Antonio_%C3%81lvarez_Pereyra;wiki-es;https://es.wikipedia.org/wiki/;
4118;Andr%C3%A9s_Arias_Maldonado_y_Velasco;wiki-es;https://es.wikipedia.org/wiki/;
3319;Bernardo_de_Velasco;wiki-es;https://es.wikipedia.org/wiki/;
3322;Ignacio_Santiago_Ulloa;wiki-es;https://es.wikipedia.org/wiki/;
3324;Bernardo_Jos%C3%A9_de_Arce;wiki-es;https://es.wikipedia.org/wiki/;
3325;Luis_de_Arguedas;wiki-es;https://es.wikipedia.org/wiki/;
3327;Buenaventura_de_Viteri;wiki-es;https://es.wikipedia.org/wiki/;
3329;Jos%C3%A9_Mariano_Batres_y_Asturias;wiki-es;https://es.wikipedia.org/wiki/;
3330;Jos%C3%A9_Alejandro_de_Aycinena;wiki-es;https://es.wikipedia.org/wiki/;
3331;Jos%C3%A9_Mar%C3%ADa_Peinado;wiki-es;https://es.wikipedia.org/wiki/;
3332;Jos%C3%A9_M%C3%A9ndez_de_Quiroga;wiki-es;https://es.wikipedia.org/wiki/;
3333;Juan_Miguel_de_Bustamante;wiki-es;https://es.wikipedia.org/wiki/;
3336;%C3%81lvaro_de_Rivaguda;wiki-es;https://es.wikipedia.org/wiki/;
3346;Antonio_Benavides_Baz%C3%A1n_y_Molina;wiki-es;https://es.wikipedia.org/wiki/;
3350;Antonio_Ainz_de_Ureta;wiki-es;https://es.wikipedia.org/wiki/;
3355;Alonso_Manuel_Pe%C3%B3n;wiki-es;https://es.wikipedia.org/wiki/;
3358;Jos%C3%A9_Merino_y_Ceballos;wiki-es;https://es.wikipedia.org/wiki/;
3360;Jos%C3%A9_Sabido_Vargas;wiki-es;https://es.wikipedia.org/wiki/;
3361;Arturo_O%27Neill;wiki-es;https://es.wikipedia.org/wiki/;
3363;Justo_Serrano;wiki-es;https://es.wikipedia.org/wiki/;
3368;Juan_Antonio_de_Ria%C3%B1o_y_Barcena;wiki-es;https://es.wikipedia.org/wiki/;
3544;Juan_de_Guillelmi_y_Andrada-Vanderwilde;wiki-es;https://es.wikipedia.org/wiki/;
3545;Pedro_Carbonell_Pinto_Vigo_y_Correa;wiki-es;https://es.wikipedia.org/wiki/;
3546;Joaqu%C3%ADn_de_Zubillaga;wiki-es;https://es.wikipedia.org/wiki/;
3547;Manuel_de_Guevara_Vasconcelos;wiki-es;https://es.wikipedia.org/wiki/;
3550;Fernando_Miyares;wiki-es;https://es.wikipedia.org/wiki/;
3551;Domingo_de_Monteverde;wiki-es;https://es.wikipedia.org/wiki/;
3579;Agust%C3%ADn_Arredondo;wiki-es;https://es.wikipedia.org/wiki/;
3866;%C3%81lvaro_de_Saavedra_Cer%C3%B3n;wiki-es;https://es.wikipedia.org/wiki/;
