Entidad_ID;Variantes;Nivel;overlap_start;overlap_end;Region;Lat_Capital;Lon_Capital
JCNEOATC;Teotitlan del Camino @ Teutitlan del Camino @ Teutitlan de los Cues;Provincia_menor;1600;1695;Nueva España;18.1325;-97.07222
JCNEOATE;Tecomabaca y Quiotepec @ Tecomavaca @;Jurisdiccion;1531;1630;Nueva España;90;0
JCNEOATE;Tecomabaca y Quiotepec @ Tecomavaca @;Provincia_menor;1600;1630;Nueva España;90;0
JCNEOATI;Tilantongo @ Tilantongo, Mitlantongo y Tamazola;Jurisdiccion;1566;1688;Nueva España;90;0
JCNEOATI;Tilantongo @ Tilantongo, Mitlantongo y Tamazola;Provincia_menor;1600;1688;Nueva España;90;0
JCNEOATO;Tonala @ Tonala y  Minas de Cilacayoapa @ Tonala y Tlapacingo @ Igualapan;Jurisdiccion;1579;1688;Nueva España;17.675;-97.9625
JCNEOATO;Tonala @ Tonala y  Minas de Cilacayoapa @ Tonala y Tlapacingo @ Igualapan;Partido;1701;1808;Nueva España;17.675;-97.9625
JCNEOATO;Tonala @ Tonala y  Minas de Cilacayoapa @ Tonala y Tlapacingo @ Igualapan;Provincia_menor;1579;1688;Nueva España;17.675;-97.9625
JCNEOATP;Tepetotutla @;Jurisdiccion;1580;1599;Nueva España;17.73833;-96.55833
JCNEOATQ;Tetiquipa @ Tetiquipa y Rio Hondo @ Rio Hondo;Jurisdiccion;1559;1598;Nueva España;16.1425;-96.44944
JCNEOATT;Tetipac @ Teticpac @ Teiticpac @ Teitipac @ Tectipac @ Tecticpac @ Tetipaque @ Teitipaque @ Tectipaque @ Teticpaque @ Teiticpaque @ Tecticpaque;Jurisdiccion;1531;1598;Nueva España;16.90361;-96.55833
JCNEOATX;Texupa @;Jurisdiccion;1534;1599;Nueva España;17.6625;-97.47083
JCNEOAUC;Ucila @;Jurisdiccion;1534;1599;Nueva España;17.87917;-96.52778
JCNEOAZO;Zoyaltepec @ Zoyaltepec y Zoyatlan @ Zoyaltepec y Coyatlan @ Coyatlan y Amatlan;Jurisdiccion;1560;1599;Nueva España;90;0
JCNEPUCA;Calpan @;Jurisdiccion;1531;1540;Nueva España;19.10361;-98.46333
JCNEPUCA;Calpan @;Partido;1701;1808;Nueva España;19.10361;-98.46333
JCNEPUCU;Cuzcatlan @ Cozcatlan @ Coxcatlan;Jurisdiccion;1534;1645;Nueva España;18.26607;-97.15087
JCNEPUEP;Epatlan y Teupantlan @;Jurisdiccion;1534;1535;Nueva España;18.64083;-98.37028
JCNEPUTU;Tustepec y Quimixtlan @ Tuxtepec y Quimixtlan @ Tustebec @ Quimistlan @ Quimiztlan @ Tusteuqeue;Jurisdiccion;1542;1673;Nueva España;19.25306;-97.135
JCNEVCCO;Cotaxtla @;Jurisdiccion;1595;1608;Nueva España;18.83417;-96.39722
JCNEVCCZ;Chicuazen @ Chicuasen;Jurisdiccion;1531;1565;Nueva España;90;0
AUBA0000;Buenos Aires @ Rio de la Plata;Audiencia;1663;1808;Rio de la Plata;-34.6079;-58.37322
AUCA0000;Caracas @ Venezuela;Audiencia;1787;1808;Caracas;10.5061;-66.9146
AUCC0000;Charcas @;Audiencia;1559;1808;Charcas;-19.04786;-65.2596
AUCO0000;Guatemala @ Confines @ Los Confines @ Los Confines de Guatemala y Nicaragua;Audiencia;1542;1808;Guatemala;14.62181;-90.51879
AUCU0000;Cuzco @;Audiencia;1788;1808;Peru;-13.51672;-71.97888
AUGD0000;Guadalajara @ Nueva Galicia;Audiencia;1548;1808;Nueva Galicia y Septentrion;21.23789;-104.90118
AULI0000;Lima @ Peru;Audiencia;1543;1808;Peru;-12.04665;-77.02998
AUMX0000;Mexico @ Nueva España;Audiencia;1535;1808;Nueva España;19.43379;-99.13313
AUPA0000;Panama @ Tierra Firme @ Castilla de Oro;Audiencia;1539;1750;Tierra Firme;9.00645;-79.48594
AUQU0000;Quito @;Audiencia;1564;1808;Quito;-0.22017;-78.51209
AUSA0000;Santiago @ Chile;Audiencia;1565;1808;Chile;-36.73891;-72.9936
AUSD0000;Santo Domingo @;Audiencia;1527;1808;Santo Domingo;20.0218;-75.8222
AUSD0000;Santo Domingo @;Principal;1527;1783;Santo Domingo;20.0218;-75.8222
AUSF0000;Santa Fe @ Nuevo Reino de Granada;Audiencia;1550;1808;Nuevo Reino de Granada;4.59744;-74.07475
CGPI0000;Provincias Internas @;Principal;1777;1808;Nueva Galicia y Septentrion;30.33603;-110.16631
CGQUMA00;Maynas @;Provincia_mayor;1803;1808;Quito;-6.03451;-76.97492
CGVE0000;Venezuela @ Caracas;Principal;1777;1808;Caracas;10.5061;-66.9146
CGVE0000;Venezuela @ Caracas;Provincia_mayor;1777;1808;Caracas;10.5061;-66.9146
EXDI0000;Dinamarca @;Extranjero;1672;1808;Exterior;90;0
EXFR0000;Francia @;Extranjero;1564;1808;Exterior;90;0
EXGB0000;Gran Bretaña @ Inglaterra;Extranjero;1607;1808;Exterior;90;0
EXHA0000;Haiti @ Saint-Domingue;Extranjero;1808;1808;Exterior;90;0
EXPB0000;Paises Bajos @ Holanda;Extranjero;1581;1808;Exterior;90;0
EXPO0000;Portugal @;Extranjero;1494;1808;Exterior;90;0
EXRU0000;Rusia @;Extranjero;1774;1808;Exterior;90;0
EXSU0000;Suecia @;Extranjero;1638;1808;Exterior;90;0
EXUS0000;Estados Unidos @ Boston @ America;Extranjero;1776;1808;Exterior;90;0
FRANICXX;Isla de California @ New Albion;Fronteras;1111;9999;Nueva Galicia y Septentrion;32;-114
FRANICXX;Isla de California @ New Albion;Partido;1111;1808;Nueva Galicia y Septentrion;32;-114
FRANSSPA;Papageria @;Partido;1701;1808;Nueva Galicia y Septentrion;90;0
FRANSSSE;Seris @;Partido;1701;1808;Nueva Galicia y Septentrion;36.5;-112
FRANXXXX;Anian @;Fronteras;1111;1808;Nueva Galicia y Septentrion;90;0
FRANXXXX;Anian @;Partido;1701;1808;Nueva Galicia y Septentrion;90;0
FRBRXXXX;Brasil @;Fronteras;1111;1776;Exterior;-10;-52
FRBRXXXX;Brasil @;Partido;1701;1749;Exterior;-10;-52
FRCCLPBO;Bopis @ Bopis y Mosetenes;Partido;1701;1808;Charcas;-15;-68
FRCEXXXX;Ciudad de los Cesares @ Patagonia @ Tierra Magellanica @ Tierra Magallanica;Fronteras;1111;1808;Exterior;90;0
FRCEXXXX;Ciudad de los Cesares @ Patagonia @ Tierra Magellanica @ Tierra Magallanica;Partido;1701;1808;Exterior;90;0
FRCHBMBM;Araucania @ Butalmapus;Fronteras;1111;1808;Chile;-38;-72
FRCHBMBM;Araucania @ Butalmapus;Partido;1701;1808;Chile;-38;-72
FRCHBMBM;Araucania @ Butalmapus;Provincia;1642;1808;Chile;-38;-72
FRCHBMBM;Araucania @ Butalmapus;Provincia_menor;1602;1808;Chile;-38;-72
FRCIGIXX;Gila @;Partido;1701;1808;Nueva Galicia y Septentrion;33;-110
FRCIMOXX;Moqui @;Partido;1701;1808;Nueva Galicia y Septentrion;36;-110.8
FRCINAXX;Navajos @;Partido;1701;1808;Nueva Galicia y Septentrion;35.5;-109
FRCITEXX;Gran Teguayo @ Tiguas @ Tiwas @ Tehuas @ Tihuas @ Teguas @ Yutas;Partido;1701;1808;Nueva Galicia y Septentrion;37;-107
FRCIXXXX;Cibola @;Fronteras;1111;1808;Nueva Galicia y Septentrion;35;-108
FRCMXXXX;Chichimeca @;Fronteras;1111;9999;Nueva España;23;-101
FREDBPXX;Bajo Putumayo @;Partido;1701;1808;Quito;-1;-74
FREDCAXX;Pais de la Canela @;Fronteras;1111;1808;Nuevo Reino de Granada;-1;-73
FREDCAXX;Pais de la Canela @;Partido;1701;1808;Nuevo Reino de Granada;-1;-73
FREDXXXX;El Dorado @ Coropa @ Nueva Estremadura @ Nueva Extremadura;Fronteras;1111;1808;Exterior;90;0
FRFLGUXX;Guale @ Guale y Macama;Fronteras;1111;1731;Santo Domingo;31.5;-81.5
FRFLGUXX;Guale @ Guale y Macama;Partido;1701;1731;Santo Domingo;31.5;-81.5
FRGUCYTA;Taguzalpa @;Partido;1701;1808;Guatemala;15;-86.5
FRGUCYXI;Xicayes @;Partido;1701;1808;Guatemala;14.8;-87
FRGUMOCH;Choles @;Partido;1701;1808;Guatemala;15.5;-90
FRGUNITO;Tologalpa @;Partido;1701;1808;Guatemala;13.5;-85
FRMOCMXX;Costa mosquita @;Partido;1701;1806;Guatemala;14;-84
FRMORFXX;Rio Frio y Suerre @;Partido;1701;1808;Guatemala;10.2;-83.5
FRMOTABT;Bocas del Toro @;Partido;1701;1808;Tierra Firme;9.34;-82.25
FRMOTAXX;Talamanca @;Partido;1701;1808;Guatemala;9.5;-83.25
FRMOXXXX;Golfo de Honduras @ Ingleses @ Zambos-mosquitos;Fronteras;1111;9999;Guatemala;16;-87
FRNGCHCH;Chocoes @;Fronteras;1111;1808;Nuevo Reino de Granada;5.5;-76.5
FRNGCUXX;Cunas @ Cunacuna @ Cuna Cuna @ Cunacunas @ Uraba @ Urabi;Fronteras;1111;1808;Nuevo Reino de Granada;8.5;-77.5
FRNGCUXX;Cunas @ Cunacuna @ Cuna Cuna @ Cunacunas @ Uraba @ Urabi;Partido;1701;1808;Nuevo Reino de Granada;8.5;-77.5
FRNGMOXX;Motilones @;Fronteras;1111;1808;Nuevo Reino de Granada;8;-73
FRNGSMAR;Aruacos @ Araguacos @ Sierra Nevada;Fronteras;1111;1808;Nuevo Reino de Granada;10.5;-73.5
FRNGSMCH;Chimilas @;Fronteras;1111;1808;Nuevo Reino de Granada;10;-73.25
FRNGSMGU;Guajiros @;Fronteras;1111;1808;Nuevo Reino de Granada;11.5;-72.5
FRPAMAGU;Guayra @;Partido;1638;1749;Rio de la Plata;90;0
FRPAMAIT;Itatines @ Jerez;Partido;1701;1749;Rio de la Plata;90;0
FRPAMAXX;Mamelucos @;Fronteras;1111;1808;Rio de la Plata;90;0
FRPAPJXX;Gran Pajonal @ Pangoa;Partido;1701;1808;Peru;90;0
FRPAPSXX;Pampa del Sacramento @;Partido;1701;1808;Peru;90;0
FRPAXXXX;Paititi @ Playa de los Ahorcados @ Montaña Real del Peru;Fronteras;1111;1808;Peru;90;0
FRPAXXXX;Paititi @ Playa de los Ahorcados @ Montaña Real del Peru;Partido;1701;1808;Peru;90;0
FRQUJIXX;Jivaros @ Jibaros;Fronteras;1111;1808;Quito;90;0
FRQUMCHU;Huamboyas @;Partido;1701;1808;Quito;90;0
FRQVBMXX;Bolson de Mapimi @;Partido;1701;1808;Nueva Galicia y Septentrion;90;0
FRQVLIXX;Apacheria Lipanes @;Partido;1701;1808;Nueva Galicia y Septentrion;90;0
FRQVLLXX;Comancheria @ Luisiana Alta @ Grandes Llanuras;Partido;1721;1808;Santo Domingo;90;0
FRQVNMNT;Apacheria Natage @;Partido;1701;1808;Nueva Galicia y Septentrion;90;0
FRQVSMXX;Seno mexicano @;Fronteras;1111;9999;Nueva Galicia y Septentrion;90;0
FRQVSMXX;Seno mexicano @;Partido;1701;1808;Nueva Galicia y Septentrion;90;0
FRQVXXXX;Quivira @;Fronteras;1111;1808;Nueva Galicia y Septentrion;90;0
FRQVXXXX;Quivira @;Partido;1701;1720;Nueva Galicia y Septentrion;90;0
FRRPCHBO;Chaco Septentrional @ Chaco Boreal @ Chaco Chiriguano;Partido;1701;1808;Rio de la Plata;90;0
FRRPCHGU;Chaco Gualamba @ Chaco Austral;Partido;1701;1808;Rio de la Plata;90;0
FRRPCHLL;Llanos de Manso @;Partido;1701;1808;Rio de la Plata;90;0
FRRPCHXX;Gran Chaco @;Fronteras;1111;1808;Rio de la Plata;90;0
FRSDPRVI;Vieques @;Fronteras;1111;9999;Santo Domingo;90;0
FRSDPRVI;Vieques @;Partido;1718;1808;Santo Domingo;90;0
FRVEGUCA;Caribana @ Cuyuni @ Esequibo;Partido;1701;1808;Caracas;90;0
FRVEGULP;Laguna del Parime @ Guayana profunda;Partido;1701;1808;Caracas;90;0
FRVEGUPA;Paria @;Fronteras;1111;9999;Caracas;90;0
FRVEGUPA;Paria @;Partido;1701;1808;Caracas;90;0
FRVEGUXX;Guayana 'dorada' @;Fronteras;1111;9999;Exterior;90;0
INGDSS00;Sinaloa y Sonora @ Arizpe;Intendencia;1768;1776;Nueva Galicia y Septentrion;30.33603;-110.16631
INRPBA00;Buenos Aires @ Rio de la Plata;Intendencia;1777;1783;Rio de la Plata;-34.6079;-58.37322
INSDLH00;La Habana @ Isla de Cuba;Intendencia;1765;1808;Santo Domingo;23.14111;-82.35143
INSDLU00;Luisiana @;Intendencia;1766;1808;Santo Domingo;29.9537;-90.06375
INVECA00;Caracas @ Venezuela;Intendencia;1777;1808;Caracas;10.5061;-66.9146
JCGDGDAM;Ameca @;Jurisdiccion;1534;1560;Nueva Galicia y Septentrion;20.54778;-104.04722
JCGDGDAM;Ameca @;Provincia_menor;1561;1609;Nueva Galicia y Septentrion;20.54778;-104.04722
JCGDGDCI;Cihuatlan @ Valle de Cihuatlan;Jurisdiccion;1534;1599;Nueva Galicia y Septentrion;90;0
JCGDGDES;Espuchimilco @ Ispuchimilco @ Puchimilco @ Suchimilco @ Espuchimilco y Tecuxuacan @ Espuchimilco y Texuxuacan @ Espuchimilco y Texuacan;Jurisdiccion;1541;1599;Nueva Galicia y Septentrion;90;0
JCGDGDTM;Tenamastlan @ Tenamaxtlan;Jurisdiccion;1561;1600;Nueva Galicia y Septentrion;20.2175;-104.16417
JCGDGDXI;Xiquitlan @ Jiquitlan @ Xictlan;Jurisdiccion;1541;1599;Nueva Galicia y Septentrion;90;0
JCNEMICP;Capula @;Jurisdiccion;1534;1599;Nueva España;90;0
JCNEMIES;Minas del Espiritu Santo @;Provincia_menor;1566;1599;Nueva España;90;0
JCNEMIGU;Guanaxo @ Cuanajo @ Guanaxo y Urapa;Jurisdiccion;1544;1599;Nueva España;19.48444;-101.50694
JCNEMINE;Necotlan @;Jurisdiccion;1545;1599;Nueva España;90;0
JCNEMIOZ;Taimeo @ Minas de Ozumatlan;Jurisdiccion;1558;1598;Nueva España;19.71008;-100.8557
JCNEMIOZ;Taimeo @ Minas de Ozumatlan;Provincia_menor;1593;1598;Nueva España;19.71008;-100.8557
JCNEMITU;Tuzantla @;Jurisdiccion;1546;1584;Nueva España;19.20583;-100.57472
JCNEMIZZ;Tzintzuntzan @;Jurisdiccion;1595;1599;Nueva España;19.51421;-101.60964
JCNEMXAS;Asuchitlan @ Ajuchitlan @ Axuchitlan;Jurisdiccion;1533;1599;Nueva España;18.15417;-100.5
JCNEMXAT;Atlatlauca del Valle @ Atlatlauca y Suchiaca @ Atlatlahuca;Jurisdiccion;1537;1669;Nueva España;19.06861;-99.61111
JCNEMXAT;Atlatlauca del Valle @ Atlatlauca y Suchiaca @ Atlatlahuca;Provincia_menor;1600;1669;Nueva España;19.06861;-99.61111
JCNEMXAX;Axacuba @;Jurisdiccion;1531;1542;Nueva España;20.08861;-99.11611
JCNEMXOC;Ocuituco @;Jurisdiccion;1544;1599;Nueva España;18.87278;-98.77333
JCNEMXTC;Tlacozautitlan @ Tlalcozautitlan;Jurisdiccion;1561;1599;Nueva España;90;0
JCNEMXTL;Tlanalapa @ Tlanalapa;Jurisdiccion;1545;1550;Nueva España;19.81806;-98.60417
JCNEMXTQ;Tlahuililpa @ Tlaquilpa @ Tlauililpa @ Tlaguililpa @ Tlagualilpa;Jurisdiccion;1531;1600;Nueva España;20.13167;-99.23194
JCNEMXTZ;Tepotzotlan @ Tepozotlan;Jurisdiccion;1546;1565;Nueva España;19.71611;-99.22361
JCNEMXYE;Yetecomac @  Tecomatlan @ Ilitecomatl y Tornacuxtla @ Yeltecomatl @ Yeytecomatl y minas de Tornacustla @ Tecomac, Tornacuxtla y su partido;Jurisdiccion;1591;1599;Nueva España;20.15222;-98.87028
JCNEMXZA;Zayula @ Zayula y Tlauililpa @ Sayula;Jurisdiccion;1551;1599;Nueva España;20.19806;-99.39667
JCNEMXZI;Zinguiluca @ Singuiluca @ Cinguiluca;Jurisdiccion;1544;1574;Nueva España;19.96778;-98.51694
JCNEOAAM;Amoltepec @;Jurisdiccion;1545;1578;Nueva España;90;0
JCNEOAAY;Ayautla y Tepeapa @ Ayautla y Tepeaca;Jurisdiccion;1534;1599;Nueva España;18.03056;-96.66944
JCNEOACC;Chichicapa @ Santa Catalina de Chichicapa @ Chichicapa y Tetiquipa;Jurisdiccion;1534;1686;Nueva España;16.76111;-96.49028
JCNEOACC;Chichicapa @ Santa Catalina de Chichicapa @ Chichicapa y Tetiquipa;Provincia_menor;1599;1686;Nueva España;16.76111;-96.49028
JCNEOACN;Cuahuitlan @ Coahuitlan @ Icpatepec @ Hicpaltepeque @ Coahuitlan y Tututepec;Jurisdiccion;1534;1581;Nueva España;90;0
JCNEOACT;Cuicatlan @ Cuicatlan y Tecomavaca;Jurisdiccion;1548;1695;Nueva España;17.79861;-96.95972
JCNEOACT;Cuicatlan @ Cuicatlan y Tecomavaca;Provincia_menor;1600;1695;Nueva España;17.79861;-96.95972
JCNEOACZ;Cozautepec @ Cozautepec y Amatlan;Jurisdiccion;1535;1558;Nueva España;15.80972;-96.72333
JCNEOAOZ;Ozelotepec @ Ozelotepeque;Jurisdiccion;1549;1558;Nueva España;16.13111;-96.25833
JCNEOAPP;Papaloticpac @ Papaloticpac y Tepeuzila @ Papalo;Jurisdiccion;1541;1695;Nueva España;17.7825;-96.79722
JCNEOAPP;Papaloticpac @ Papaloticpac y Tepeuzila @ Papalo;Partido;1541;1808;Nueva España;17.7825;-96.79722
JCNEOAPP;Papaloticpac @ Papaloticpac y Tepeuzila @ Papalo;Provincia_menor;1600;1695;Nueva España;17.7825;-96.79722
JCNEOATC;Teotitlan del Camino @ Teutitlan del Camino @ Teutitlan de los Cues;Jurisdiccion;1531;1695;Nueva España;18.1325;-97.07222
JCNEVCPA;Tlapacoya @ Papalote de la Sierra @ Tapacoya, Padilla, Nautla, Colipa y Papalo @ Tizapancingo, Atlaliloya y Cicaquautla;Jurisdiccion;1534;1550;Nueva España;90;0
JCNEVCTC;Tonatico y Cetusco @ Tonatico y Setusco @;Jurisdiccion;1544;1599;Nueva España;90;0
JCNEVCTE;Tezayuca @ Tlaliscoya @ Tlalixcoya;Jurisdiccion;1534;1550;Nueva España;90;0
JCNEVCTL;Tlacotalpa @;Jurisdiccion;1541;1610;Nueva España;90;0
JCNEVCTL;Tlacotalpa @;Provincia_menor;1570;1610;Nueva España;90;0
JCNEVCTU;Tuxtla @;Jurisdiccion;1595;1638;Nueva España;18.46167;-95.29944
JCNEVCZE;Zempoala @;Jurisdiccion;1531;1599;Nueva España;90;0
JCNEVCZO;Zongolica @;Jurisdiccion;1531;1599;Nueva España;90;0
JCNEZTAR;Arimao y Borona @;Jurisdiccion;1531;1559;Nueva España;19.11604;-102.56281
JCPAXILI;Xilitla @ Xalitla;Jurisdiccion;1536;1590;Nueva España;90;0
JMNEMXTT;Teloloapa @ Teloloapa y Totoltepec @ Tululuava @ Teloloava;Jurisdiccion;1531;1578;Nueva España;18.36694;-99.87306
JMNGCHBA;Baudo @;Partido;1701;1808;Nuevo Reino de Granada;5.0515;-77.0442
JMNGCHBB;Bebara y Bete @ Biruquete @ Bete, Bebara y Cupica;Partido;1701;1808;Nuevo Reino de Granada;6.0915;-76.5712
JMNGCHBR;Los Brazos @;Partido;1701;1793;Nuevo Reino de Granada;4.96158;-76.49682
JMNGCHCH;Tatama @ Chami;Jurisdiccion;1701;1728;Nuevo Reino de Granada;5.34243;-76.0953
JMNGCHCH;Tatama @ Chami;Partido;1701;1808;Nuevo Reino de Granada;5.34243;-76.0953
JMNGCHGU;Pabarando @ Guirior @ Pebarando @ Pavarando @ San Manuel de Villanueva de Guirior de Pavarando;Partido;1777;1793;Nuevo Reino de Granada;7.2761;-76.5622
JMNGCHLL;Lloro @;Partido;1701;1808;Nuevo Reino de Granada;5.49994;-76.54253
JMNGCHMU;Murri @ Murry;Partido;1753;1808;Nuevo Reino de Granada;6.58641;-76.89693
JMNGCHNN;Noanama @;Partido;1701;1808;Nuevo Reino de Granada;4.69004;-76.93564
JMNGCHNO;Novita @;Partido;1709;1808;Nuevo Reino de Granada;4.95468;-76.60592
JMNGCHQU;Quibdo @;Partido;1701;1808;Nuevo Reino de Granada;5.6869;-76.65836
JMNGCHSI;Sipi @ Zipi;Partido;1701;1808;Nuevo Reino de Granada;4.6532;-76.6441
JMNGCHSO;San Onofre @ San Onofre de las Juntas @ Las Juntas;Partido;1701;1808;Nuevo Reino de Granada;4.98458;-76.40413
JMNGCHTA;Tado @;Partido;1701;1808;Nuevo Reino de Granada;5.2678;-76.5665
JUCCCBAR;Arque @;Jurisdiccion;1784;1808;Charcas;-17.82121;-66.40426
JUCCCBAR;Arque @;Partido;1784;1808;Charcas;-17.82121;-66.40426
JUCCCBAY;Ayopaya @ Palca @ Hayopaya;Jurisdiccion;1784;1808;Charcas;-17.08415;-66.8194
JUCCCBAY;Ayopaya @ Palca @ Hayopaya;Partido;1784;1808;Charcas;-17.08415;-66.8194
JUCCCBCB;Cochabamba @ Villa de Oropesa del Valle de Cochabamba;Jurisdiccion;1701;1808;Charcas;-17.39354;-66.15701
JUCCCBCB;Cochabamba @ Villa de Oropesa del Valle de Cochabamba;Partido;1701;1808;Charcas;-17.39354;-66.15701
JUCCCBCB;Cochabamba @ Villa de Oropesa del Valle de Cochabamba;Provincia_menor;1583;1783;Charcas;-17.39354;-66.15701
JUCCCBCH;Chiquitos @;Jurisdiccion;1701;1808;Charcas;-16.58388;-60.6883
JUCCCBCH;Chiquitos @;Partido;1701;1808;Charcas;-16.58388;-60.6883
JUCCCBCH;Chiquitos @;Provincia;1777;1808;Charcas;-16.58388;-60.6883
JUCCCBCH;Chiquitos @;Provincia_menor;1772;1808;Charcas;-16.58388;-60.6883
JUCCCBCL;Clisa @ Tarata;Jurisdiccion;1784;1808;Charcas;-17.61152;-66.02339
JUCCCBCL;Clisa @ Tarata;Partido;1784;1808;Charcas;-17.61152;-66.02339
JUCCCBMI;Mizque @ Mizque y Pocona;Jurisdiccion;1714;1808;Charcas;-17.94273;-65.34171
JUCCCBMI;Mizque @ Mizque y Pocona;Partido;1701;1808;Charcas;-17.94273;-65.34171
JUCCCBMI;Mizque @ Mizque y Pocona;Provincia_menor;1714;1783;Charcas;-17.94273;-65.34171
JUCCCBMO;Moxos @;Jurisdiccion;1701;1808;Charcas;-14.33771;-64.90305
JUCCCBMO;Moxos @;Provincia;1777;1808;Charcas;-14.33771;-64.90305
JUCCCBMO;Moxos @;Provincia_menor;1772;1808;Charcas;-14.33771;-64.90305
JUCCCBSA;Sacaba @;Jurisdiccion;1784;1808;Charcas;-17.40389;-66.04037
JUCCCBSA;Sacaba @;Partido;1784;1808;Charcas;-17.40389;-66.04037
JUCCCBSC;Santa Cruz de la Sierra @;Jurisdiccion;1701;1808;Charcas;-17.78369;-63.1821
JUCCCBSC;Santa Cruz de la Sierra @;Partido;1701;1808;Charcas;-17.78369;-63.1821
JUCCCBTA;Tapacari @ Quillacollo;Jurisdiccion;1784;1808;Charcas;-17.51633;-66.62041
JUCCCBTA;Tapacari @ Quillacollo;Partido;1784;1808;Charcas;-17.51633;-66.62041
JUCCCBVG;Valle Grande @ Vallegrande @ Valle-grande;Jurisdiccion;1701;1808;Charcas;-18.48515;-64.10837
JUCCCCCA;Carangas @;Jurisdiccion;1701;1808;Charcas;-17.84333;-68.40861
JUCCCCCA;Carangas @;Partido;1701;1808;Charcas;-17.84333;-68.40861
JUCCCCCA;Carangas @;Provincia_menor;1583;1783;Charcas;-17.84333;-68.40861
JUCCCCCC;Chuquisaca @;Jurisdiccion;1773;1808;Charcas;-19.04786;-65.2596
JUCCCCCC;Chuquisaca @;Partido;1773;1808;Charcas;-19.04786;-65.2596
JUCCCCCC;Chuquisaca @;Provincia_menor;1773;1783;Charcas;-19.04786;-65.2596
JUCCCCOR;Oruro @;Jurisdiccion;1701;1808;Charcas;-17.96947;-67.11436
JUCCCCOR;Oruro @;Partido;1701;1808;Charcas;-17.96947;-67.11436
JUCCCCOR;Oruro @;Provincia_menor;1612;1783;Charcas;-17.96947;-67.11436
JUCCCCPA;Paria @;Jurisdiccion;1701;1808;Charcas;-19.63778;-67.67528
JUCCCCPA;Paria @;Partido;1701;1808;Charcas;-19.63778;-67.67528
JUCCCCPA;Paria @;Provincia_menor;1583;1783;Charcas;-19.63778;-67.67528
JUCCCCPB;Pomabamba @;Jurisdiccion;1754;1771;Charcas;-20.105;-64.41444
JUCCCCPB;Pomabamba @;Partido;1754;1771;Charcas;-20.105;-64.41444
JUCCCCPB;Pomabamba @;Provincia_menor;1754;1771;Charcas;-20.105;-64.41444
JUCCCCPP;Pilaya y Paspaya @ Cinti @ Sinti;Jurisdiccion;1701;1808;Charcas;-20.63761;-65.20861
JUCCCCPP;Pilaya y Paspaya @ Cinti @ Sinti;Partido;1701;1808;Charcas;-20.63761;-65.20861
JUCCCCPP;Pilaya y Paspaya @ Cinti @ Sinti;Provincia_menor;1685;1783;Charcas;-20.63761;-65.20861
JUCCCCTO;Tomina @;Jurisdiccion;1701;1808;Charcas;-19.18528;-64.46139
JUCCCCTO;Tomina @;Partido;1701;1808;Charcas;-19.18528;-64.46139
JUCCCCTO;Tomina @;Provincia_menor;1583;1783;Charcas;-19.18528;-64.46139
JUCCCCYA;Yamparaez @ Amparaes @ Yamparaes @ Yamparaez y Villaverde;Jurisdiccion;1701;1808;Charcas;-19.18946;-65.12143
JUCCCCYA;Yamparaez @ Amparaes @ Yamparaes @ Yamparaez y Villaverde;Partido;1701;1808;Charcas;-19.18946;-65.12143
JUCCCCYA;Yamparaez @ Amparaes @ Yamparaes @ Yamparaez y Villaverde;Provincia_menor;1583;1772;Charcas;-19.18946;-65.12143
JUCCLPAP;Apolobamba @ Caupolican @ Apolo;Jurisdiccion;1701;1808;Charcas;-14.71573;-68.41766
JUCCLPAP;Apolobamba @ Caupolican @ Apolo;Partido;1701;1808;Charcas;-14.71573;-68.41766
JUCCLPAP;Apolobamba @ Caupolican @ Apolo;Provincia_menor;1680;1783;Charcas;-14.71573;-68.41766
JUCCLPCH;Chulumani @ Yungas;Jurisdiccion;1780;1808;Charcas;-16.40988;-67.52546
JUCCLPCH;Chulumani @ Yungas;Partido;1780;1808;Charcas;-16.40988;-67.52546
JUCCLPCH;Chulumani @ Yungas;Provincia_menor;1780;1783;Charcas;-16.40988;-67.52546
JUCCLPLA;Larecaja @ Larecaja y Yungas;Jurisdiccion;1701;1808;Charcas;-15.77293;-68.65075
JUCCLPLA;Larecaja @ Larecaja y Yungas;Partido;1701;1808;Charcas;-15.77293;-68.65075
JUCCLPLA;Larecaja @ Larecaja y Yungas;Provincia_menor;1583;1783;Charcas;-15.77293;-68.65075
JUCCLPLP;La Paz @;Jurisdiccion;1701;1808;Charcas;-16.49626;-68.13411
JUCCLPLP;La Paz @;Partido;1701;1808;Charcas;-16.49626;-68.13411
JUCCLPLP;La Paz @;Provincia_menor;1583;1783;Charcas;-16.49626;-68.13411
JUCCLPOM;Omasuyos @ Llacxa @ Llacja;Jurisdiccion;1701;1808;Charcas;-16.04483;-68.68566
JUCCLPOM;Omasuyos @ Llacxa @ Llacja;Partido;1701;1808;Charcas;-16.04483;-68.68566
JUCCLPOM;Omasuyos @ Llacxa @ Llacja;Provincia_menor;1583;1783;Charcas;-16.04483;-68.68566
JUCCLPPA;Pacajes @ Berenguela;Jurisdiccion;1701;1808;Charcas;-17.02343;-68.60599
JUCCLPPA;Pacajes @ Berenguela;Partido;1701;1808;Charcas;-17.02343;-68.60599
JUCCLPPA;Pacajes @ Berenguela;Provincia_menor;1583;1783;Charcas;-17.02343;-68.60599
JUCCLPSI;Sicasica @ Caracollo;Jurisdiccion;1701;1808;Charcas;-17.33295;-67.73896
JUCCLPSI;Sicasica @ Caracollo;Partido;1701;1808;Charcas;-17.33295;-67.73896
JUCCLPSI;Sicasica @ Caracollo;Provincia_menor;1583;1783;Charcas;-17.33295;-67.73896
JUCCPOAT;Atacama @ Atacama y Lipes @ Atacama, Lipez y Condes;Jurisdiccion;1701;1808;Charcas;-22.91069;-68.20009
JUCCPOAT;Atacama @ Atacama y Lipes @ Atacama, Lipez y Condes;Provincia_menor;1583;1783;Charcas;-22.91069;-68.20009
JUCCPOCH;Chichas @ Chichas;Jurisdiccion;1785;1808;Charcas;-21.44284;-65.72057
JUCCPOCH;Chichas @ Chichas;Partido;1701;1808;Charcas;-21.44284;-65.72057
JUCCPOCY;Chayanta @ Charcas;Jurisdiccion;1701;1808;Charcas;-18.46087;-66.44305
JUCCPOCY;Chayanta @ Charcas;Partido;1701;1808;Charcas;-18.46087;-66.44305
JUCCPOCY;Chayanta @ Charcas;Provincia_menor;1583;1783;Charcas;-18.46087;-66.44305
JUCCPOLI;Lipes @ Lipez;Jurisdiccion;1701;1808;Charcas;-21.87352;-66.88254
JUCCPOLI;Lipes @ Lipez;Partido;1701;1808;Charcas;-21.87352;-66.88254
JUCCPOLI;Lipes @ Lipez;Provincia_menor;1628;1783;Charcas;-21.87352;-66.88254
JUCCPOPO;Potosi @ Villa imperial @ La Plata y Villa imperial;Jurisdiccion;1701;1808;Charcas;-19.58928;-65.75351
JUCCPOPO;Potosi @ Villa imperial @ La Plata y Villa imperial;Partido;1701;1808;Charcas;-19.58928;-65.75351
JUCCPOPO;Potosi @ Villa imperial @ La Plata y Villa imperial;Provincia_menor;1583;1783;Charcas;-19.58928;-65.75351
JUCCPOPR;Porco @;Jurisdiccion;1701;1808;Charcas;-19.79444;-65.50583
JUCCPOPR;Porco @;Partido;1701;1808;Charcas;-19.79444;-65.50583
JUCCPOPR;Porco @;Provincia_menor;1583;1783;Charcas;-19.79444;-65.50583
JUCCPOTA;Tarija @ Chichas y Tarija;Jurisdiccion;1701;1808;Charcas;-21.53303;-64.73607
JUCCPOTA;Tarija @ Chichas y Tarija;Partido;1701;1808;Charcas;-21.53303;-64.73607
JUCCPOTA;Tarija @ Chichas y Tarija;Provincia_menor;1583;1783;Charcas;-21.53303;-64.73607
JUCCPUAZ;Azangaro @ Azangaro y Asillo @ Collasuyo;Jurisdiccion;1701;1808;Charcas;-14.91008;-70.19178
JUCCPUAZ;Azangaro @ Azangaro y Asillo @ Collasuyo;Partido;1701;1808;Charcas;-14.91008;-70.19178
JUCCPUAZ;Azangaro @ Azangaro y Asillo @ Collasuyo;Provincia_menor;1583;1783;Charcas;-14.91008;-70.19178
JUCCPUCA;Carabaya @ Carabaya y San Gaban;Jurisdiccion;1701;1808;Charcas;-14.32372;-69.46401
JUCCPUCA;Carabaya @ Carabaya y San Gaban;Partido;1701;1808;Charcas;-14.32372;-69.46401
JUCCPUCA;Carabaya @ Carabaya y San Gaban;Provincia_menor;1574;1783;Charcas;-14.32372;-69.46401
JUCCPUCH;Chucuito @;Jurisdiccion;1701;1808;Charcas;-15.89448;-69.89002
JUCCPUCH;Chucuito @;Partido;1701;1808;Charcas;-15.89448;-69.89002
JUCCPUCH;Chucuito @;Provincia;1578;1783;Charcas;-15.89448;-69.89002
JUCCPUCH;Chucuito @;Provincia_menor;1578;1783;Charcas;-15.89448;-69.89002
JUCCPUHU;Huancane @ Puno @ Guancane @ Paucarcolla;Jurisdiccion;1701;1808;Charcas;-15.20377;-69.76184
JUCCPUHU;Huancane @ Puno @ Guancane @ Paucarcolla;Partido;1701;1808;Charcas;-15.20377;-69.76184
JUCCPUHU;Huancane @ Puno @ Guancane @ Paucarcolla;Provincia_menor;1583;1783;Charcas;-15.20377;-69.76184
JUCCPULA;Lampa @ Cabana y Cabanilla @ Urcosuyo;Jurisdiccion;1701;1808;Charcas;-15.36476;-70.36726
JUCCPULA;Lampa @ Cabana y Cabanilla @ Urcosuyo;Partido;1701;1808;Charcas;-15.36476;-70.36726
JUCCPULA;Lampa @ Cabana y Cabanilla @ Urcosuyo;Provincia_menor;1574;1783;Charcas;-15.36476;-70.36726
JUCHCOAR;Frontera de Arauco @;Jurisdiccion;1701;1774;Chile;90;0
JUCHCOCH;Chillan @;Jurisdiccion;1701;1808;Chile;-36.62288;-72.13178
JUCHCOCH;Chillan @;Partido;1701;1808;Chile;-36.62288;-72.13178
JUCHCOCO;Concepcion @;Jurisdiccion;1701;1808;Chile;-36.82717;-73.05012
JUCHCOCO;Concepcion @;Partido;1701;1808;Chile;-36.82717;-73.05012
JUCHCOCQ;Cauquenes @;Jurisdiccion;1768;1808;Chile;-35.96715;-72.31553
JUCHCOCQ;Cauquenes @;Partido;1768;1808;Chile;-35.96715;-72.31553
JUCHCOIL;Isla de la Laja @ Laja;Jurisdiccion;1793;1808;Chile;-37.47049;-72.35168
JUCHCOIL;Isla de la Laja @ Laja;Partido;1793;1808;Chile;-37.47049;-72.35168
JUCHCOIT;Itata @;Jurisdiccion;1701;1808;Chile;-36.28273;-72.54084
JUCHCOIT;Itata @;Partido;1701;1808;Chile;-36.28273;-72.54084
JUCHCOJF;Juan Fernandez @;Jurisdiccion;1750;1808;Chile;-33.63567;-78.83136
JUCHCOJF;Juan Fernandez @;Partido;1750;1808;Chile;-33.63567;-78.83136
JUCHCOJF;Juan Fernandez @;Provincia_menor;1750;1808;Chile;-33.63567;-78.83136
JUCHCOLI;Linares @ Isla de Maule;Jurisdiccion;1796;1808;Chile;-35.8454;-71.59813
JUCHCOLI;Linares @ Isla de Maule;Partido;1796;1808;Chile;-35.8454;-71.59813
JUCHCOOS;Osorno @;Jurisdiccion;1796;1808;Chile;-40.57402;-73.13587
JUCHCOOS;Osorno @;Partido;1796;1808;Chile;-40.57402;-73.13587
JUCHCOOS;Osorno @;Provincia;1796;1801;Chile;-40.57402;-73.13587
JUCHCOOS;Osorno @;Provincia_mayor;1798;1801;Chile;-40.57402;-73.13587
JUCHCOOS;Osorno @;Provincia_menor;1557;1808;Chile;-40.57402;-73.13587
JUCHCOPU;Puchacay @ Talcahuano;Jurisdiccion;1701;1808;Chile;-36.97587;-72.93868
JUCHCOPU;Puchacay @ Talcahuano;Partido;1701;1808;Chile;-36.97587;-72.93868
JUCHCORE;Rere @ Estancia del Rey @ Buena-Esperanza;Jurisdiccion;1701;1808;Chile;-37.13189;-72.72722
JUCHCORE;Rere @ Estancia del Rey @ Buena-Esperanza;Partido;1701;1808;Chile;-37.13189;-72.72722
JUCHCOVA;Valdivia @;Jurisdiccion;1701;1808;Chile;-39.81513;-73.24289
JUCHCOVA;Valdivia @;Partido;1701;1808;Chile;-39.81513;-73.24289
JUCHCOVA;Valdivia @;Provincia;1645;1785;Chile;-39.81513;-73.24289
JUCHCOVA;Valdivia @;Provincia_mayor;1645;1785;Chile;-39.81513;-73.24289
JUCHCOVA;Valdivia @;Provincia_menor;1645;1785;Chile;-39.81513;-73.24289
JUCHCYCY;Cuyo @;Provincia;1776;1783;Chile;-32.88973;-68.8443
JUCHCYCY;Cuyo @;Provincia_mayor;1776;1783;Chile;-32.88973;-68.8443
JUCHCYCY;Cuyo @;Provincia_menor;1701;1783;Chile;-32.88973;-68.8443
JUCHCYJA;Jachal @;Jurisdiccion;1751;1776;Rio de la Plata;-30.24138;-68.74675
JUCHSAAC;Aconcagua @ Acolcagua;Jurisdiccion;1701;1808;Chile;-32.75074;-70.72519
JUCHSAAC;Aconcagua @ Acolcagua;Partido;1701;1808;Chile;-32.75074;-70.72519
JUCHSACC;Illapel @ Cuzcuz, Cuz Cuz;Jurisdiccion;1787;1808;Chile;-31.63262;-71.16843
JUCHSACC;Illapel @ Cuzcuz, Cuz Cuz;Partido;1787;1808;Chile;-31.63262;-71.16843
JUCHSACO;Colchagua @;Jurisdiccion;1701;1808;Chile;-34.59488;-71.43058
JUCHSACO;Colchagua @;Partido;1701;1808;Chile;-34.59488;-71.43058
JUCHSACP;Copiapo @;Jurisdiccion;1701;1808;Chile;-27.36646;-70.3323
JUCHSACP;Copiapo @;Partido;1701;1808;Chile;-27.36646;-70.3323
JUCHSACQ;Coquimbo @ La Serena;Jurisdiccion;1701;1808;Chile;-29.90278;-71.25199
JUCHSACQ;Coquimbo @ La Serena;Partido;1701;1808;Chile;-29.90278;-71.25199
JUCHSACR;Curico @;Jurisdiccion;1793;1808;Chile;-34.98542;-71.23941
JUCHSACR;Curico @;Partido;1793;1808;Chile;-34.98542;-71.23941
JUCHSAHU;Huasco @;Jurisdiccion;1787;1808;Chile;-28.50852;-71.07846
JUCHSAHU;Huasco @;Partido;1728;1808;Chile;-28.50852;-71.07846
JUCHSALA;Los Andes @;Jurisdiccion;1804;1808;Chile;-32.83367;-70.59814
JUCHSALA;Los Andes @;Partido;1804;1808;Chile;-32.83367;-70.59814
JUCHSAMA;Maule @;Jurisdiccion;1701;1808;Chile;-35.42656;-71.66607
JUCHSAMA;Maule @;Partido;1701;1808;Chile;-35.42656;-71.66607
JUCHSAME;Melipilla @ Milipilla;Jurisdiccion;1701;1808;Chile;-33.68568;-71.21439
JUCHSAME;Melipilla @ Milipilla;Partido;1701;1808;Chile;-33.68568;-71.21439
JUCHSAPE;Petorca @ La Ligua;Jurisdiccion;1800;1808;Chile;-32.44932;-71.23152
JUCHSAPE;Petorca @ La Ligua;Partido;1800;1808;Chile;-32.44932;-71.23152
JUCHSAQU;Quillota @;Jurisdiccion;1701;1808;Chile;-32.87994;-71.24739
JUCHSAQU;Quillota @;Partido;1701;1808;Chile;-32.87994;-71.24739
JUCHSARA;Rancagua @;Jurisdiccion;1701;1808;Chile;-34.17026;-70.74075
JUCHSARA;Rancagua @;Partido;1701;1808;Chile;-34.17026;-70.74075
JUCHSASA;Santiago @;Jurisdiccion;1701;1808;Chile;-33.43756;-70.65006
JUCHSASA;Santiago @;Partido;1701;1808;Chile;-33.43756;-70.65006
JUCHSAVA;Valparaiso @;Jurisdiccion;1701;1808;Chile;-33.0478;-71.6011
JUCHSAVA;Valparaiso @;Partido;1701;1808;Chile;-33.0478;-71.6011
JUGDCOPR;Presidios de la Frontera @;Jurisdiccion;1772;1808;Nueva Galicia y Septentrion;90;0
JUGDDUBA;Basuchil y Papigochic @ Papigochi;Jurisdiccion;1791;1808;Nueva Galicia y Septentrion;28.52167;-107.40222
JUGDDUBB;Santa Barbara @ San Francisco del Oro;Jurisdiccion;1723;1808;Nueva Galicia y Septentrion;26.80391;-105.81917
JUGDDUBB;Santa Barbara @ San Francisco del Oro;Partido;1701;1808;Nueva Galicia y Septentrion;26.80391;-105.81917
JUGDDUBP;Batopilas @ Minas de Urique @ Monserrate y Urique @ Uriqui @ Batopilas, Urique y Loreto;Jurisdiccion;1701;1808;Nueva Galicia y Septentrion;27.21231;-107.91472
JUGDDUBP;Batopilas @ Minas de Urique @ Monserrate y Urique @ Uriqui @ Batopilas, Urique y Loreto;Partido;1701;1808;Nueva Galicia y Septentrion;27.21231;-107.91472
JUGDDUBS;Basis @ Bacis;Jurisdiccion;1763;1788;Nueva Galicia y Septentrion;24.5623;-105.86922
JUGDDUBS;Basis @ Bacis;Partido;1763;1788;Nueva Galicia y Septentrion;24.5623;-105.86922
JUGDDUBV;Valle de San Buenaventura @ Casas Grandes;Jurisdiccion;1701;1808;Nueva Galicia y Septentrion;29.8432;-107.4565
JUGDDUBV;Valle de San Buenaventura @ Casas Grandes;Partido;1701;1808;Nueva Galicia y Septentrion;29.8432;-107.4565
JUGDDUBY;Babonoyaba @ Satevo @ Satebo @ Sattebo @ Babonayaba;Jurisdiccion;1793;1808;Nueva Galicia y Septentrion;28.05694;-106.15778
JUGDDUBY;Babonoyaba @ Satevo @ Satebo @ Sattebo @ Babonayaba;Partido;1718;1808;Nueva Galicia y Septentrion;28.05694;-106.15778
JUGDDUCA;Canelas @ Canelas y Topia;Jurisdiccion;1803;1808;Nueva Galicia y Septentrion;25.12434;-106.54642
JUGDDUCA;Canelas @ Canelas y Topia;Partido;1803;1808;Nueva Galicia y Septentrion;25.12434;-106.54642
JUGDDUCG;Cerro Gordo @;Jurisdiccion;1767;1808;Nueva Galicia y Septentrion;26.24879;-104.91443
JUGDDUCG;Cerro Gordo @;Partido;1701;1808;Nueva Galicia y Septentrion;26.24879;-104.91443
JUGDDUCH;Chihuahua @ San Francisco de Cuellar @ Santa Eulalia;Jurisdiccion;1708;1808;Nueva Galicia y Septentrion;28.65432;-106.08395
JUGDDUCH;Chihuahua @ San Francisco de Cuellar @ Santa Eulalia;Partido;1708;1808;Nueva Galicia y Septentrion;28.65432;-106.08395
JUGDDUCH;Chihuahua @ San Francisco de Cuellar @ Santa Eulalia;Provincia_menor;1718;1792;Nueva Galicia y Septentrion;28.65432;-106.08395
JUGDDUCI;Cienega de los Olivos @;Jurisdiccion;1741;1808;Nueva Galicia y Septentrion;27.2;-106.28333
JUGDDUCI;Cienega de los Olivos @;Partido;1701;1808;Nueva Galicia y Septentrion;27.2;-106.28333
JUGDDUCM;Cuencame @ Los Mezquitales, Cuencame y Rio de las Nazas;Jurisdiccion;1701;1808;Nueva Galicia y Septentrion;24.86998;-103.69797
JUGDDUCM;Cuencame @ Los Mezquitales, Cuencame y Rio de las Nazas;Partido;1701;1808;Nueva Galicia y Septentrion;24.86998;-103.69797
JUGDDUCN;Cianori @ Sianori @ Ceanuri @ Cianori y Tamazula @ Topia @ Cianori y El Narotal @ Cianori y Canelas;Jurisdiccion;1701;1802;Nueva Galicia y Septentrion;25.2032;-106.7755
JUGDDUCN;Cianori @ Sianori @ Ceanuri @ Cianori y Tamazula @ Topia @ Cianori y El Narotal @ Cianori y Canelas;Partido;1701;1802;Nueva Galicia y Septentrion;25.2032;-106.7755
JUGDDUCO;Coneto @ Minas de Coneto @ Coreto;Jurisdiccion;1808;1808;Nueva Galicia y Septentrion;24.98105;-104.76856
JUGDDUCO;Coneto @ Minas de Coneto @ Coreto;Partido;1808;1808;Nueva Galicia y Septentrion;24.98105;-104.76856
JUGDDUCR;Cusihuiriachi @ Cosihuiriachic @ Cosiguiriachi @ Santa Rosa;Jurisdiccion;1649;1808;Nueva Galicia y Septentrion;28.24183;-106.83736
JUGDDUCR;Cusihuiriachi @ Cosihuiriachic @ Cosiguiriachi @ Santa Rosa;Partido;1701;1808;Nueva Galicia y Septentrion;28.24183;-106.83736
JUGDDUCS;San Francisco de Conchos @;Jurisdiccion;1701;1808;Nueva Galicia y Septentrion;27.58833;-105.33528
JUGDDUCS;San Francisco de Conchos @;Partido;1701;1808;Nueva Galicia y Septentrion;27.58833;-105.33528
JUGDDUCT;Canatlan @;Jurisdiccion;1796;1808;Nueva Galicia y Septentrion;24.52639;-104.77833
JUGDDUCT;Canatlan @;Partido;1796;1808;Nueva Galicia y Septentrion;24.52639;-104.77833
JUGDDUDU;Durango @ Guadiana;Jurisdiccion;1701;1808;Nueva Galicia y Septentrion;24.02484;-104.66986
JUGDDUDU;Durango @ Guadiana;Partido;1701;1808;Nueva Galicia y Septentrion;24.02484;-104.66986
JUGDDUEG;El Gallo @ San Pedro del Gallo;Jurisdiccion;1701;1808;Nueva Galicia y Septentrion;25.56468;-104.29227
JUGDDUEG;El Gallo @ San Pedro del Gallo;Partido;1701;1808;Nueva Galicia y Septentrion;25.56468;-104.29227
JUGDDUGA;Gavilanes @;Jurisdiccion;1808;1808;Nueva Galicia y Septentrion;24.221;-105.73212
JUGDDUGA;Gavilanes @;Partido;1808;1808;Nueva Galicia y Septentrion;24.221;-105.73212
JUGDDUGC;Guanacevi @ Sape @ Zape @ Guanacivi @ Guanacemi;Jurisdiccion;1701;1808;Nueva Galicia y Septentrion;25.93266;-105.95653
JUGDDUGC;Guanacevi @ Sape @ Zape @ Guanacivi @ Guanacemi;Partido;1701;1808;Nueva Galicia y Septentrion;25.93266;-105.95653
JUGDDUGM;Guarisamey @ San Diego del Rio @ Nuevo Real de Agua Caliente;Jurisdiccion;1757;1808;Nueva Galicia y Septentrion;23.31133;-105.27334
JUGDDUGM;Guarisamey @ San Diego del Rio @ Nuevo Real de Agua Caliente;Partido;1757;1808;Nueva Galicia y Septentrion;23.31133;-105.27334
JUGDDUGQ;Guajoquilla @ La Ramada @ San Antonio de la Ramada @ Santo Cristo de Burgos @ Guaxuquilla @ Guejuquilla @ Guajuquilla @ Guaxoquilla @ Huajoquilla @ Huaxoquilla @ Huajuquilla @ Huajoquilla;Jurisdiccion;1753;1808;Nueva Galicia y Septentrion;27.13206;-104.91252
JUGDDUGQ;Guajoquilla @ La Ramada @ San Antonio de la Ramada @ Santo Cristo de Burgos @ Guaxuquilla @ Guejuquilla @ Guajuquilla @ Guaxoquilla @ Huajoquilla @ Huaxoquilla @ Huajuquilla @ Huajoquilla;Partido;1753;1808;Nueva Galicia y Septentrion;27.13206;-104.91252
JUGDDUGZ;Guazamota @;Jurisdiccion;1701;1720;Nueva Galicia y Septentrion;22.52417;-104.49167
JUGDDUGZ;Guazamota @;Partido;1701;1720;Nueva Galicia y Septentrion;22.52417;-104.49167
JUGDDUIN;Inde @ Minas de Inde @ Real de Inde @ Indee @ Indehe @ Yndehee @ Ynde @ Yndhe @ Chindea;Jurisdiccion;1701;1808;Nueva Galicia y Septentrion;25.91208;-105.22211
JUGDDUIN;Inde @ Minas de Inde @ Real de Inde @ Indee @ Indehe @ Yndehee @ Ynde @ Yndhe @ Chindea;Partido;1701;1808;Nueva Galicia y Septentrion;25.91208;-105.22211
JUGDDUJA;San Joaquin de los Arrieros @;Jurisdiccion;1777;1787;Nueva Galicia y Septentrion;26.7408;-107.67952
JUGDDUJA;San Joaquin de los Arrieros @;Partido;1777;1787;Nueva Galicia y Septentrion;26.7408;-107.67952
JUGDDUJR;San Juan del Rio @;Jurisdiccion;1701;1808;Nueva Galicia y Septentrion;24.78405;-104.47026
JUGDDUJR;San Juan del Rio @;Partido;1701;1808;Nueva Galicia y Septentrion;24.78405;-104.47026
JUGDDUJU;Julimes @;Jurisdiccion;1793;1808;Nueva Galicia y Septentrion;28.42417;-105.42556
JUGDDUJU;Julimes @;Partido;1718;1808;Nueva Galicia y Septentrion;28.42417;-105.42556
JUGDDUMA;Mapimi @;Jurisdiccion;1701;1808;Nueva Galicia y Septentrion;25.83356;-103.84521
JUGDDUMA;Mapimi @;Partido;1701;1808;Nueva Galicia y Septentrion;25.83356;-103.84521
JUGDDUME;Mezquital @ San Francisco Mezquital @ San Bernardino Milpillas @ Lajas y Melipillas @ Melpillas @ San Francisco de Lajas @ San Francisco de Lajas;Jurisdiccion;1701;1808;Nueva Galicia y Septentrion;23.38694;-105.15389
JUGDDUME;Mezquital @ San Francisco Mezquital @ San Bernardino Milpillas @ Lajas y Melipillas @ Melpillas @ San Francisco de Lajas @ San Francisco de Lajas;Partido;1701;1808;Nueva Galicia y Septentrion;23.38694;-105.15389
JUGDDUMN;Minas Nuevas @ San Diego de Minas Nuevas;Jurisdiccion;1701;1729;Nueva Galicia y Septentrion;27.01953;-105.74948
JUGDDUMN;Minas Nuevas @ San Diego de Minas Nuevas;Partido;1701;1728;Nueva Galicia y Septentrion;27.01953;-105.74948
JUGDDUND;Nombre De Dios @;Jurisdiccion;1563;1808;Nueva Galicia y Septentrion;23.8484;-104.24356
JUGDDUND;Nombre De Dios @;Partido;1701;1808;Nueva Galicia y Septentrion;23.8484;-104.24356
JUGDDUND;Nombre De Dios @;Provincia_menor;1579;1786;Nueva Galicia y Septentrion;23.8484;-104.24356
JUGDDUNP;San Juan Nepomuceno @ Nabogame y Baborigame @ Sierra Tepehuana;Jurisdiccion;1777;1787;Nueva Galicia y Septentrion;26.3451;-107.43532
JUGDDUNP;San Juan Nepomuceno @ Nabogame y Baborigame @ Sierra Tepehuana;Partido;1772;1787;Nueva Galicia y Septentrion;26.3451;-107.43532
JUGDDUPL;Parral @ Parral, Minas Nuevas y Santa Barbara;Jurisdiccion;1701;1808;Nueva Galicia y Septentrion;26.93301;-105.66316
JUGDDUPL;Parral @ Parral, Minas Nuevas y Santa Barbara;Partido;1701;1808;Nueva Galicia y Septentrion;26.93301;-105.66316
JUGDDUPP;Papasquiaro @ Santiago Papasquiaro @ Papasquiaro y Santa Catarina @ Papasquiaro y Tepehuanes;Jurisdiccion;1701;1808;Nueva Galicia y Septentrion;25.045;-105.42028
JUGDDUPP;Papasquiaro @ Santiago Papasquiaro @ Papasquiaro y Santa Catarina @ Papasquiaro y Tepehuanes;Partido;1701;1808;Nueva Galicia y Septentrion;25.045;-105.42028
JUGDDUPS;Parras y Saltillo @;Jurisdiccion;1700;1808;Nueva Galicia y Septentrion;25.42158;-100.99961
JUGDDURO;Real del Oro @;Jurisdiccion;1777;1808;Nueva Galicia y Septentrion;25.95413;-105.36771
JUGDDURO;Real del Oro @;Partido;1777;1808;Nueva Galicia y Septentrion;25.95413;-105.36771
JUGDDUSA;San Andres de la Sierra @ San Andres y Guapijuje @ Guapijuje @ Yguapejuje @ Otates @ Otais @ Otaez @ Guapejuje @ Guapexuxe @ Guaperaje @ Pijuque;Jurisdiccion;1701;1808;Nueva Galicia y Septentrion;24.7;-105.99667
JUGDDUSA;San Andres de la Sierra @ San Andres y Guapijuje @ Guapijuje @ Yguapejuje @ Otates @ Otais @ Otaez @ Guapejuje @ Guapexuxe @ Guaperaje @ Pijuque;Partido;1701;1808;Nueva Galicia y Septentrion;24.7;-105.99667
JUGDDUSC;Santa Catarina @ Tepehuanes;Jurisdiccion;1721;1807;Nueva Galicia y Septentrion;25.34139;-105.72333
JUGDDUSC;Santa Catarina @ Tepehuanes;Partido;1701;1808;Nueva Galicia y Septentrion;25.34139;-105.72333
JUGDDUSD;San Dimas @;Jurisdiccion;1808;1808;Nueva Galicia y Septentrion;24.07404;-106.00318
JUGDDUSD;San Dimas @;Partido;1808;1808;Nueva Galicia y Septentrion;24.07404;-106.00318
JUGDDUSG;San Geronimo @ San Jeronimo;Jurisdiccion;1793;1808;Nueva Galicia y Septentrion;28.84034;-105.91264
JUGDDUSG;San Geronimo @ San Jeronimo;Partido;1793;1808;Nueva Galicia y Septentrion;28.84034;-105.91264
JUGDDUSI;Santa Isabel @;Jurisdiccion;1793;1808;Nueva Galicia y Septentrion;28.3425;-106.36806
JUGDDUSI;Santa Isabel @;Partido;1718;1808;Nueva Galicia y Septentrion;28.3425;-106.36806
JUGDDUTA;Tayoltita @ Tacoltite;Jurisdiccion;1808;1808;Nueva Galicia y Septentrion;24.10807;-105.92348
JUGDDUTA;Tayoltita @ Tacoltite;Partido;1808;1808;Nueva Galicia y Septentrion;24.10807;-105.92348
JUGDDUTH;Tabahueto @;Jurisdiccion;1765;1777;Nueva Galicia y Septentrion;25.4217;-106.6415
JUGDDUTH;Tabahueto @;Partido;1765;1777;Nueva Galicia y Septentrion;25.4217;-106.6415
JUGDDUTL;Comunidades Tlaxcaltecas @;Jurisdiccion;1591;1783;Nueva Galicia y Septentrion;90;0
JUGDDUTO;Topago @ Urique @ Guazapares;Jurisdiccion;1777;1806;Nueva Galicia y Septentrion;27.2124;-108.4638
JUGDDUTO;Topago @ Urique @ Guazapares;Partido;1747;1808;Nueva Galicia y Septentrion;27.2124;-108.4638
JUGDDUTZ;Tamazula @;Jurisdiccion;1799;1808;Nueva Galicia y Septentrion;24.97111;-106.96417
JUGDDUTZ;Tamazula @;Partido;1799;1808;Nueva Galicia y Septentrion;24.97111;-106.96417
JUGDDUVB;Valle de San Bartolome @;Jurisdiccion;1701;1808;Nueva Galicia y Septentrion;26.93745;-105.39374
JUGDDUVB;Valle de San Bartolome @;Partido;1701;1808;Nueva Galicia y Septentrion;26.93745;-105.39374
JUGDDUVE;Ventanas @;Jurisdiccion;1808;1808;Nueva Galicia y Septentrion;23.881;-105.77172
JUGDDUVE;Ventanas @;Partido;1808;1808;Nueva Galicia y Septentrion;23.881;-105.77172
JUGDGDAC;Acaponeta @ Senticpac y Acaponeta;Jurisdiccion;1701;1808;Nueva Galicia y Septentrion;22.49222;-105.36056
JUGDGDAC;Acaponeta @ Senticpac y Acaponeta;Partido;1701;1808;Nueva Galicia y Septentrion;22.49222;-105.36056
JUGDGDAC;Acaponeta @ Senticpac y Acaponeta;Provincia_menor;1600;1786;Nueva Galicia y Septentrion;22.49222;-105.36056
JUGDGDAG;Aguas Calientes @ Aguascalientes @ Suchipila y Aguascalientes @ Juchipila y Aguascalientes;Jurisdiccion;1701;1808;Nueva Galicia y Septentrion;21.88231;-102.29418
JUGDGDAG;Aguas Calientes @ Aguascalientes @ Suchipila y Aguascalientes @ Juchipila y Aguascalientes;Partido;1701;1808;Nueva Galicia y Septentrion;21.88231;-102.29418
JUGDGDAG;Aguas Calientes @ Aguascalientes @ Suchipila y Aguascalientes @ Juchipila y Aguascalientes;Provincia_menor;1575;1786;Nueva Galicia y Septentrion;21.88231;-102.29418
JUGDGDAH;Ahuacatlan @ Aguacatlan y Xala;Jurisdiccion;1701;1808;Nueva Galicia y Septentrion;21.10333;-104.43583
JUGDGDAH;Ahuacatlan @ Aguacatlan y Xala;Partido;1701;1808;Nueva Galicia y Septentrion;21.10333;-104.43583
JUGDGDAH;Ahuacatlan @ Aguacatlan y Xala;Provincia_menor;1590;1786;Nueva Galicia y Septentrion;21.10333;-104.43583
JUGDGDAU;Autlan @ Autlan y Puerto de la Navidad;Jurisdiccion;1541;1808;Nueva Galicia y Septentrion;19.77083;-104.36944
JUGDGDAU;Autlan @ Autlan y Puerto de la Navidad;Partido;1701;1808;Nueva Galicia y Septentrion;19.77083;-104.36944
JUGDGDAU;Autlan @ Autlan y Puerto de la Navidad;Provincia_menor;1551;1786;Nueva Galicia y Septentrion;19.77083;-104.36944
JUGDGDBO;Bolaños @ Minas de Tepeque;Jurisdiccion;1756;1808;Nueva Galicia y Septentrion;21.8311;-103.781
JUGDGDBO;Bolaños @ Minas de Tepeque;Partido;1756;1808;Nueva Galicia y Septentrion;21.8311;-103.781
JUGDGDBO;Bolaños @ Minas de Tepeque;Provincia_menor;1549;1786;Nueva Galicia y Septentrion;21.8311;-103.781
JUGDGDCA;Cajititlan @ Caxititlan @ Cuyutlan;Partido;1701;1786;Nueva Galicia y Septentrion;20.43;-103.30944
JUGDGDCO;Colima @;Jurisdiccion;1524;1808;Nueva Galicia y Septentrion;19.24519;-103.72083
JUGDGDCO;Colima @;Partido;1701;1808;Nueva Galicia y Septentrion;19.24519;-103.72083
JUGDGDCO;Colima @;Provincia_menor;1524;1786;Nueva Galicia y Septentrion;19.24519;-103.72083
JUGDGDCP;Compostela @;Jurisdiccion;1797;1807;Nueva Galicia y Septentrion;21.23789;-104.90118
JUGDGDCP;Compostela @;Partido;1798;1807;Nueva Galicia y Septentrion;21.23789;-104.90118
JUGDGDCP;Compostela @;Provincia_menor;1540;1650;Nueva Galicia y Septentrion;21.23789;-104.90118
JUGDGDCU;Cuquio @ Mezticacan @ Tlacotlan @ Tacotlan;Jurisdiccion;1701;1808;Nueva Galicia y Septentrion;20.92778;-103.02333
JUGDGDCU;Cuquio @ Mezticacan @ Tlacotlan @ Tacotlan;Partido;1701;1808;Nueva Galicia y Septentrion;20.92778;-103.02333
JUGDGDET;Etzatlan @ Izatlan @ Ahualulco @ Agualulco @ Ezatlan;Jurisdiccion;1701;1808;Nueva Galicia y Septentrion;20.76472;-104.08056
JUGDGDET;Etzatlan @ Izatlan @ Ahualulco @ Agualulco @ Ezatlan;Partido;1701;1808;Nueva Galicia y Septentrion;20.76472;-104.08056
JUGDGDET;Etzatlan @ Izatlan @ Ahualulco @ Agualulco @ Ezatlan;Provincia_menor;1549;1786;Nueva Galicia y Septentrion;20.76472;-104.08056
JUGDGDGD;Guadalajara @;Jurisdiccion;1701;1808;Nueva Galicia y Septentrion;20.67614;-103.347
JUGDGDGD;Guadalajara @;Partido;1701;1808;Nueva Galicia y Septentrion;20.67614;-103.347
JUGDGDGD;Guadalajara @;Provincia_menor;1542;1808;Nueva Galicia y Septentrion;20.67614;-103.347
JUGDGDGN;Guachinango @ Huachinango @ Guachinango y Mascota @ Mascota;Jurisdiccion;1701;1808;Nueva Galicia y Septentrion;20.52528;-104.78639
JUGDGDGN;Guachinango @ Huachinango @ Guachinango y Mascota @ Mascota;Partido;1701;1808;Nueva Galicia y Septentrion;20.52528;-104.78639
JUGDGDGN;Guachinango @ Huachinango @ Guachinango y Mascota @ Mascota;Provincia_menor;1549;1786;Nueva Galicia y Septentrion;20.52528;-104.78639
JUGDGDHC;Hostotipac @ Hostoticpac @ Hostoticpaque @ Hostotipaque @ San Sebastian;Jurisdiccion;1701;1808;Nueva Galicia y Septentrion;20.63948;-104.67394
JUGDGDHC;Hostotipac @ Hostoticpac @ Hostoticpaque @ Hostotipaque @ San Sebastian;Partido;1701;1808;Nueva Galicia y Septentrion;20.63948;-104.67394
JUGDGDHC;Hostotipac @ Hostoticpac @ Hostoticpaque @ Hostotipaque @ San Sebastian;Provincia_menor;1605;1786;Nueva Galicia y Septentrion;20.63948;-104.67394
JUGDGDHQ;Hostotipaquillo @ Yesca;Jurisdiccion;1701;1808;Nueva Galicia y Septentrion;21.0598;-104.05
JUGDGDHQ;Hostotipaquillo @ Yesca;Partido;1701;1808;Nueva Galicia y Septentrion;21.0598;-104.05
JUGDGDHQ;Hostotipaquillo @ Yesca;Provincia_menor;1550;1786;Nueva Galicia y Septentrion;21.0598;-104.05
JUGDGDJI;Jilotlan @ Xilotlan;Jurisdiccion;1531;1603;Nueva Galicia y Septentrion;19.37126;-103.01986
JUGDGDJI;Jilotlan @ Xilotlan;Partido;1701;1786;Nueva Galicia y Septentrion;19.37126;-103.01986
JUGDGDJU;Juchipila @ Xuchipila @ Suchipila;Jurisdiccion;1690;1808;Nueva Galicia y Septentrion;21.41028;-103.1175
JUGDGDJU;Juchipila @ Xuchipila @ Suchipila;Partido;1701;1808;Nueva Galicia y Septentrion;21.41028;-103.1175
JUGDGDLA;Lagos @ Lagos y Pueblos Llanos;Jurisdiccion;1701;1808;Nueva Galicia y Septentrion;21.35755;-101.93287
JUGDGDLA;Lagos @ Lagos y Pueblos Llanos;Partido;1701;1808;Nueva Galicia y Septentrion;21.35755;-101.93287
JUGDGDLA;Lagos @ Lagos y Pueblos Llanos;Provincia_menor;1549;1786;Nueva Galicia y Septentrion;21.35755;-101.93287
JUGDGDLB;La Barca @ Poncitlan;Jurisdiccion;1701;1808;Nueva Galicia y Septentrion;20.27722;-102.54972
JUGDGDLB;La Barca @ Poncitlan;Partido;1701;1808;Nueva Galicia y Septentrion;20.27722;-102.54972
JUGDGDLB;La Barca @ Poncitlan;Provincia_menor;1580;1786;Nueva Galicia y Septentrion;20.27722;-102.54972
JUGDGDSB;San Blas @ Puerto de San Blas;Jurisdiccion;1768;1808;Nueva Galicia y Septentrion;21.54114;-105.28529
JUGDGDSC;San Cristobal de La Barranca @ Zapopan @ Cuzcatitlan @ Pueblos de la Barranca @ Camotlan y Cuzcatlan @ Tequecistlan;Jurisdiccion;1701;1808;Nueva Galicia y Septentrion;21.04389;-103.42833
JUGDGDSC;San Cristobal de La Barranca @ Zapopan @ Cuzcatitlan @ Pueblos de la Barranca @ Camotlan y Cuzcatlan @ Tequecistlan;Partido;1701;1808;Nueva Galicia y Septentrion;21.04389;-103.42833
JUGDGDSE;Senticpac @ Sentipac @ Centicpac @ Sentispac @ Sentipaque @ Senticpac y Tenamachi;Jurisdiccion;1701;1808;Nueva Galicia y Septentrion;21.805;-105.34611
JUGDGDSE;Senticpac @ Sentipac @ Centicpac @ Sentispac @ Sentipaque @ Senticpac y Tenamachi;Partido;1701;1808;Nueva Galicia y Septentrion;21.805;-105.34611
JUGDGDSE;Senticpac @ Sentipac @ Centicpac @ Sentispac @ Sentipaque @ Senticpac y Tenamachi;Provincia_menor;1651;1786;Nueva Galicia y Septentrion;21.805;-105.34611
JUGDGDSM;Santa Maria Del Oro @ Tequepexpa @ Tequepespan @ Chimaltitlan;Jurisdiccion;1701;1808;Nueva Galicia y Septentrion;21.33361;-104.58806
JUGDGDSM;Santa Maria Del Oro @ Tequepexpa @ Tequepespan @ Chimaltitlan;Partido;1701;1808;Nueva Galicia y Septentrion;21.33361;-104.58806
JUGDGDSM;Santa Maria Del Oro @ Tequepexpa @ Tequepespan @ Chimaltitlan;Provincia_menor;1562;1786;Nueva Galicia y Septentrion;21.33361;-104.58806
JUGDGDSY;Sayula @ Atoyaque @ Pueblos de Avalos @ Zayula;Jurisdiccion;1701;1808;Nueva Galicia y Septentrion;20.00876;-103.5173
JUGDGDSY;Sayula @ Atoyaque @ Pueblos de Avalos @ Zayula;Partido;1701;1808;Nueva Galicia y Septentrion;20.00876;-103.5173
JUGDGDSY;Sayula @ Atoyaque @ Pueblos de Avalos @ Zayula;Provincia_menor;1545;1786;Nueva Galicia y Septentrion;20.00876;-103.5173
JUGDGDTA;Tala @ Nochistlanejo;Jurisdiccion;1701;1808;Nueva Galicia y Septentrion;20.64833;-103.70111
JUGDGDTA;Tala @ Nochistlanejo;Partido;1701;1808;Nueva Galicia y Septentrion;20.64833;-103.70111
JUGDGDTC;Teocaltiche @ Tequaltichi @ Teocaltchi @ Teocaltiche y Pueblos Llanos;Jurisdiccion;1701;1743;Nueva Galicia y Septentrion;21.4375;-102.57639
JUGDGDTC;Teocaltiche @ Tequaltichi @ Teocaltchi @ Teocaltiche y Pueblos Llanos;Partido;1701;1788;Nueva Galicia y Septentrion;21.4375;-102.57639
JUGDGDTE;Tepic @ Tepique;Jurisdiccion;1701;1808;Nueva Galicia y Septentrion;21.51611;-104.89389
JUGDGDTE;Tepic @ Tepique;Partido;1701;1808;Nueva Galicia y Septentrion;21.51611;-104.89389
JUGDGDTE;Tepic @ Tepique;Provincia_menor;1651;1786;Nueva Galicia y Septentrion;21.51611;-104.89389
JUGDGDTL;Tlajomulco y Cajititlan @ Tlaxomulco @ Tlajomulco y Cajitlan;Jurisdiccion;1701;1808;Nueva Galicia y Septentrion;20.4745;-103.4466
JUGDGDTL;Tlajomulco y Cajititlan @ Tlaxomulco @ Tlajomulco y Cajitlan;Partido;1787;1808;Nueva Galicia y Septentrion;20.4745;-103.4466
JUGDGDTN;Tonala @ Tonala y San Pedro;Jurisdiccion;1701;1808;Nueva Galicia y Septentrion;20.62361;-103.24111
JUGDGDTN;Tonala @ Tonala y San Pedro;Partido;1701;1808;Nueva Galicia y Septentrion;20.62361;-103.24111
JUGDGDTO;Tomatlan @ Purificacion;Jurisdiccion;1701;1808;Nueva Galicia y Septentrion;19.71653;-104.60425
JUGDGDTO;Tomatlan @ Purificacion;Partido;1701;1808;Nueva Galicia y Septentrion;19.71653;-104.60425
JUGDGDTO;Tomatlan @ Purificacion;Provincia_menor;1533;1786;Nueva Galicia y Septentrion;19.71653;-104.60425
JUGDGDTQ;Tequila @;Jurisdiccion;1701;1808;Nueva Galicia y Septentrion;20.88506;-103.83622
JUGDGDTQ;Tequila @;Partido;1701;1808;Nueva Galicia y Septentrion;20.88506;-103.83622
JUGDGDTT;Tecpatitlan @ Tepatitlan @ Tepactitlan @ Colimilla y Matatlan @ Xonacatlan @ Colimilla @ Amatatlan y Colimilla;Jurisdiccion;1701;1808;Nueva Galicia y Septentrion;19.40333;-99.52972
JUGDGDTT;Tecpatitlan @ Tepatitlan @ Tepactitlan @ Colimilla y Matatlan @ Xonacatlan @ Colimilla @ Amatatlan y Colimilla;Partido;1701;1808;Nueva Galicia y Septentrion;19.40333;-99.52972
JUGDGDTU;Amula @ Amula @ Amola @ Amula y Tuxcacuesco @ Tuxcacuesco @ Tuzcacuezco @ Tuscacuesco @;Jurisdiccion;1571;1808;Nueva Galicia y Septentrion;19.69694;-103.98278
JUGDGDTU;Amula @ Amula @ Amola @ Amula y Tuxcacuesco @ Tuxcacuesco @ Tuzcacuezco @ Tuscacuesco @;Partido;1701;1808;Nueva Galicia y Septentrion;19.69694;-103.98278
JUGDGDTU;Amula @ Amula @ Amola @ Amula y Tuxcacuesco @ Tuxcacuesco @ Tuzcacuezco @ Tuscacuesco @;Provincia_menor;1571;1786;Nueva Galicia y Septentrion;19.69694;-103.98278
JUGDGDZA;Zapotlan @ Tuspa @ Tuxpa @ Zapotlan el Grande @ Tuxpa, Tamazula y Zapotlan;Jurisdiccion;1531;1808;Nueva Galicia y Septentrion;19.55389;-103.37556
JUGDGDZA;Zapotlan @ Tuspa @ Tuxpa @ Zapotlan el Grande @ Tuxpa, Tamazula y Zapotlan;Partido;1701;1808;Nueva Galicia y Septentrion;19.55389;-103.37556
JUGDGDZA;Zapotlan @ Tuspa @ Tuxpa @ Zapotlan el Grande @ Tuxpa, Tamazula y Zapotlan;Provincia_menor;1562;1786;Nueva Galicia y Septentrion;19.55389;-103.37556
JUGDNLBL;Boca de Leones @ Real de San Pedro de Boca de Leones;Jurisdiccion;1701;1808;Nueva Galicia y Septentrion;26.5019;-100.42492
JUGDNLBL;Boca de Leones @ Real de San Pedro de Boca de Leones;Partido;1701;1808;Nueva Galicia y Septentrion;26.5019;-100.42492
JUGDNLCA;Cadereyta @ Presidio de Cadereyta;Jurisdiccion;1701;1808;Nueva Galicia y Septentrion;25.5877;-100.00125
JUGDNLCA;Cadereyta @ Presidio de Cadereyta;Partido;1701;1808;Nueva Galicia y Septentrion;25.5877;-100.00125
JUGDNLCE;Cerralvo @ Minas de San Gregorio;Jurisdiccion;1701;1808;Nueva Galicia y Septentrion;26.0863;-99.6158
JUGDNLCE;Cerralvo @ Minas de San Gregorio;Partido;1701;1808;Nueva Galicia y Septentrion;26.0863;-99.6158
JUGDNLGU;Valle de Guajuco @;Jurisdiccion;1736;1808;Nueva Galicia y Septentrion;25.3286;-100.04302
JUGDNLGU;Valle de Guajuco @;Partido;1736;1808;Nueva Galicia y Septentrion;25.3286;-100.04302
JUGDNLIG;La Iguana @ San Antonio de la Iguana;Jurisdiccion;1762;1772;Nueva Galicia y Septentrion;26.9023;-100.2434
JUGDNLIG;La Iguana @ San Antonio de la Iguana;Partido;1762;1808;Nueva Galicia y Septentrion;26.9023;-100.2434
JUGDNLLA;Valle de Labradores @ Valle de San Pablo de Labradores;Jurisdiccion;1701;1808;Nueva Galicia y Septentrion;24.8247;-100.07662
JUGDNLLA;Valle de Labradores @ Valle de San Pablo de Labradores;Partido;1701;1808;Nueva Galicia y Septentrion;24.8247;-100.07662
JUGDNLLI;Linares @ San Felipe de Linares @ Valle de San Cristobal;Jurisdiccion;1701;1808;Nueva Galicia y Septentrion;24.88428;-99.6747
JUGDNLLI;Linares @ San Felipe de Linares @ Valle de San Cristobal;Partido;1701;1808;Nueva Galicia y Septentrion;24.88428;-99.6747
JUGDNLMO;Monterrey @;Jurisdiccion;1701;1808;Nueva Galicia y Septentrion;25.67097;-100.30998
JUGDNLMO;Monterrey @;Partido;1701;1808;Nueva Galicia y Septentrion;25.67097;-100.30998
JUGDNLPE;Pesqueria Grande @;Jurisdiccion;1720;1808;Nueva Galicia y Septentrion;25.80976;-100.59172
JUGDNLPE;Pesqueria Grande @;Partido;1720;1808;Nueva Galicia y Septentrion;25.80976;-100.59172
JUGDNLPI;Valle de Pilon @;Jurisdiccion;1715;1808;Nueva Galicia y Septentrion;25.1941;-99.8286
JUGDNLPI;Valle de Pilon @;Partido;1715;1808;Nueva Galicia y Septentrion;25.1941;-99.8286
JUGDNLPL;Punta de Lampazos @ La Puntas @ Las Puntas @ Villa de Horcasitas y Punta de Lampazos;Jurisdiccion;1752;1808;Nueva Galicia y Septentrion;27.0235;-100.5062
JUGDNLPL;Punta de Lampazos @ La Puntas @ Las Puntas @ Villa de Horcasitas y Punta de Lampazos;Partido;1752;1808;Nueva Galicia y Septentrion;27.0235;-100.5062
JUGDNLRB;Rio Blanco @ Valle de San Antonio de los Llanos;Jurisdiccion;1644;1808;Nueva Galicia y Septentrion;24.2488;-99.43602
JUGDNLRB;Rio Blanco @ Valle de San Antonio de los Llanos;Partido;1701;1808;Nueva Galicia y Septentrion;24.2488;-99.43602
JUGDNLSA;Valle de Salinas @;Jurisdiccion;1701;1808;Nueva Galicia y Septentrion;25.9822;-100.43542
JUGDNLSA;Valle de Salinas @;Partido;1701;1808;Nueva Galicia y Septentrion;25.9822;-100.43542
JUGDNLSB;Sabinas @ Santiago de Sabinas;Jurisdiccion;1715;1772;Nueva Galicia y Septentrion;26.5036;-100.1819
JUGDNLSB;Sabinas @ Santiago de Sabinas;Partido;1715;1772;Nueva Galicia y Septentrion;26.5036;-100.1819
JUGDNLSC;Valle de Santa Catarina @;Jurisdiccion;1725;1808;Nueva Galicia y Septentrion;25.6745;-100.46164
JUGDNLSC;Valle de Santa Catarina @;Partido;1725;1808;Nueva Galicia y Septentrion;25.6745;-100.46164
JUGDNLVA;Vallecillo @;Jurisdiccion;1766;1808;Nueva Galicia y Septentrion;26.6595;-99.9805
JUGDNLVA;Vallecillo @;Partido;1766;1808;Nueva Galicia y Septentrion;26.6595;-99.9805
JUGDNMAL;Alburquerque @ Las Salinas @ Rio abajo @ Albuquerque;Jurisdiccion;1701;1808;Nueva Galicia y Septentrion;35.08257;-106.65169
JUGDNMAL;Alburquerque @ Las Salinas @ Rio abajo @ Albuquerque;Partido;1701;1808;Nueva Galicia y Septentrion;35.08257;-106.65169
JUGDNMCO;Cochiti @;Jurisdiccion;1728;1773;Nueva Galicia y Septentrion;35.6349;-106.3471
JUGDNMCO;Cochiti @;Partido;1701;1808;Nueva Galicia y Septentrion;35.6349;-106.3471
JUGDNMEP;El Paso @ El Paso del Norte;Jurisdiccion;1701;1808;Nueva Galicia y Septentrion;31.7333;-106.4833
JUGDNMEP;El Paso @ El Paso del Norte;Partido;1701;1808;Nueva Galicia y Septentrion;31.7333;-106.4833
JUGDNMGA;Galisteo @ Pecos @ Galisteo y Pecos;Partido;1701;1808;Nueva Galicia y Septentrion;35.5467;-105.6741
JUGDNMLL;La Laguna @ Jemes;Jurisdiccion;1701;1808;Nueva Galicia y Septentrion;35.0314;-107.3839
JUGDNMLL;La Laguna @ Jemes;Partido;1701;1808;Nueva Galicia y Septentrion;35.0314;-107.3839
JUGDNMQU;Los Queres @ Jemes @ Gemes @ Keres @ Xemez @ Gemez @ Jemez @ Zia @ Cochiti;Jurisdiccion;1701;1808;Nueva Galicia y Septentrion;35.4339;-106.4461
JUGDNMQU;Los Queres @ Jemes @ Gemes @ Keres @ Xemez @ Gemez @ Jemez @ Zia @ Cochiti;Partido;1701;1808;Nueva Galicia y Septentrion;35.4339;-106.4461
JUGDNMSA;Sandia @ Bernalillo @ San Carlos de Alameda @ Alamada @ Isleta;Jurisdiccion;1701;1802;Nueva Galicia y Septentrion;35.30014;-106.55125
JUGDNMSA;Sandia @ Bernalillo @ San Carlos de Alameda @ Alamada @ Isleta;Partido;1701;1808;Nueva Galicia y Septentrion;35.30014;-106.55125
JUGDNMSC;Santa Cruz de la Cañada @ Rio arriba;Jurisdiccion;1701;1808;Nueva Galicia y Septentrion;35.99242;-106.04755
JUGDNMSC;Santa Cruz de la Cañada @ Rio arriba;Partido;1701;1808;Nueva Galicia y Septentrion;35.99242;-106.04755
JUGDNMSF;Santa Fe @;Jurisdiccion;1701;1808;Nueva Galicia y Septentrion;35.6875;-105.93851
JUGDNMSF;Santa Fe @;Partido;1701;1808;Nueva Galicia y Septentrion;35.6875;-105.93851
JUGDNMTA;Taos @ Tewas @ Tiwas @ Tihuas @ Teguas @ Tehuas @ Tiguas @ Thaos @ Taos y Picuries;Jurisdiccion;1701;1789;Nueva Galicia y Septentrion;36.4386;-105.5439
JUGDNMTA;Taos @ Tewas @ Tiwas @ Tihuas @ Teguas @ Tehuas @ Tiguas @ Thaos @ Taos y Picuries;Partido;1701;1808;Nueva Galicia y Septentrion;36.4386;-105.5439
JUGDNMZU;Zuñi @;Jurisdiccion;1701;1808;Nueva Galicia y Septentrion;35.0694;-108.8478
JUGDNMZU;Zuñi @;Partido;1701;1808;Nueva Galicia y Septentrion;35.0694;-108.8478
JUGDSSAI;Aigame @ Real de Aigame @ Pimeria Baja;Jurisdiccion;1787;1808;Nueva Galicia y Septentrion;28.49283;-110.30029
JUGDSSAI;Aigame @ Real de Aigame @ Pimeria Baja;Partido;1775;1808;Nueva Galicia y Septentrion;28.49283;-110.30029
JUGDSSAL;Alamos @;Jurisdiccion;1783;1808;Nueva Galicia y Septentrion;27.02667;-108.94179
JUGDSSAL;Alamos @;Partido;1733;1808;Nueva Galicia y Septentrion;27.02667;-108.94179
JUGDSSCH;Chametla @  Chiametla @ Villa del Espiritu Santo;Provincia_menor;1532;1808;Nueva Galicia y Septentrion;90;0
JUGDSSCI;Cieneguilla @;Jurisdiccion;1787;1808;Nueva Galicia y Septentrion;30.1954;-111.9462
JUGDSSCI;Cieneguilla @;Partido;1771;1808;Nueva Galicia y Septentrion;30.1954;-111.9462
JUGDSSCP;Copala @ Panico y San Bartolome @ San Bartolome Copala @ San Jose Copala @ Chiametla y Maloya;Jurisdiccion;1701;1808;Nueva Galicia y Septentrion;23.28866;-106.06663
JUGDSSCP;Copala @ Panico y San Bartolome @ San Bartolome Copala @ San Jose Copala @ Chiametla y Maloya;Partido;1701;1808;Nueva Galicia y Septentrion;23.28866;-106.06663
JUGDSSCS;Cosala @ Las Virgenes @ Once mil virgenes de Cosala;Jurisdiccion;1771;1808;Nueva Galicia y Septentrion;24.4117;-106.68896
JUGDSSCS;Cosala @ Las Virgenes @ Once mil virgenes de Cosala;Partido;1771;1808;Nueva Galicia y Septentrion;24.4117;-106.68896
JUGDSSCU;Culiacan @;Jurisdiccion;1701;1808;Nueva Galicia y Septentrion;24.80768;-107.39457
JUGDSSCU;Culiacan @;Partido;1701;1808;Nueva Galicia y Septentrion;24.80768;-107.39457
JUGDSSCU;Culiacan @;Provincia_menor;1531;1808;Nueva Galicia y Septentrion;24.80768;-107.39457
JUGDSSEF;El Fuerte @;Jurisdiccion;1783;1808;Nueva Galicia y Septentrion;26.41667;-108.61951
JUGDSSEF;El Fuerte @;Partido;1733;1808;Nueva Galicia y Septentrion;26.41667;-108.61951
JUGDSSMY;Maloya @ Matatan @ Cacalotan y Maloya;Jurisdiccion;1705;1808;Nueva Galicia y Septentrion;22.94861;-105.60556
JUGDSSMY;Maloya @ Matatan @ Cacalotan y Maloya;Partido;1705;1808;Nueva Galicia y Septentrion;22.94861;-105.60556
JUGDSSOS;Ostimuri @ Hostimuri @ Rio Chico @ Ustimuri @ Ostimuri, Valloreca y Rio Chico;Jurisdiccion;1701;1808;Nueva Galicia y Septentrion;28.33417;-109.50783
JUGDSSOS;Ostimuri @ Hostimuri @ Rio Chico @ Ustimuri @ Ostimuri, Valloreca y Rio Chico;Partido;1701;1808;Nueva Galicia y Septentrion;28.33417;-109.50783
JUGDSSOS;Ostimuri @ Hostimuri @ Rio Chico @ Ustimuri @ Ostimuri, Valloreca y Rio Chico;Provincia_menor;1676;1808;Nueva Galicia y Septentrion;28.33417;-109.50783
JUGDSSRO;Rosario @ Chametla @ Chametla y Salinas @ Real de Rosario y Chametla @ Chiametla;Jurisdiccion;1701;1808;Nueva Galicia y Septentrion;22.99209;-105.86213
JUGDSSRO;Rosario @ Chametla @ Chametla y Salinas @ Real de Rosario y Chametla @ Chiametla;Partido;1701;1808;Nueva Galicia y Septentrion;22.99209;-105.86213
JUGDSSRO;Rosario @ Chametla @ Chametla y Salinas @ Real de Rosario y Chametla @ Chiametla;Provincia_menor;1660;1704;Nueva Galicia y Septentrion;22.99209;-105.86213
JUGDSSSC;Santiago de los Caballeros @ Badiraguato @ San Benito;Jurisdiccion;1701;1782;Nueva Galicia y Septentrion;25.5126;-107.762
JUGDSSSC;Santiago de los Caballeros @ Badiraguato @ San Benito;Partido;1701;1741;Nueva Galicia y Septentrion;25.5126;-107.762
JUGDSSSI;Sinaloa @ Cinaloa;Jurisdiccion;1701;1808;Nueva Galicia y Septentrion;25.82122;-108.22194
JUGDSSSI;Sinaloa @ Cinaloa;Partido;1701;1808;Nueva Galicia y Septentrion;25.82122;-108.22194
JUGDSSSI;Sinaloa @ Cinaloa;Provincia_menor;1640;1808;Nueva Galicia y Septentrion;25.82122;-108.22194
JUGDSSSO;Sonora @ San Antonio de la Huerta @ Horcasitas @ San Juan Bautista;Jurisdiccion;1701;1808;Nueva Galicia y Septentrion;28.63;-109.61
JUGDSSSO;Sonora @ San Antonio de la Huerta @ Horcasitas @ San Juan Bautista;Provincia_menor;1641;1808;Nueva Galicia y Septentrion;28.63;-109.61
JUGDZAFR;Fresnillo @;Jurisdiccion;1701;1808;Nueva Galicia y Septentrion;23.1727;-102.8694
JUGDZAFR;Fresnillo @;Provincia_menor;1572;1707;Nueva Galicia y Septentrion;23.1727;-102.8694
JUGDZAJE;Jerez @ Jerez-Tlaltenango @ Xerez @ Jerez de la Frontera;Jurisdiccion;1701;1786;Nueva Galicia y Septentrion;22.64919;-102.98973
JUGDZAJE;Jerez @ Jerez-Tlaltenango @ Xerez @ Jerez de la Frontera;Partido;1701;1808;Nueva Galicia y Septentrion;22.64919;-102.98973
JUGDZAJE;Jerez @ Jerez-Tlaltenango @ Xerez @ Jerez de la Frontera;Provincia_menor;1708;1786;Nueva Galicia y Septentrion;22.64919;-102.98973
JUGDZAMA;Mazapil @;Jurisdiccion;1701;1808;Nueva Galicia y Septentrion;24.64;-101.5527
JUGDZAMA;Mazapil @;Partido;1701;1808;Nueva Galicia y Septentrion;24.64;-101.5527
JUGDZAMA;Mazapil @;Provincia_menor;1619;1786;Nueva Galicia y Septentrion;24.64;-101.5527
JUGDZANI;Nieves @;Jurisdiccion;1736;1808;Nueva Galicia y Septentrion;23.99728;-103.01934
JUGDZANI;Nieves @;Partido;1701;1808;Nueva Galicia y Septentrion;23.99728;-103.01934
JUGDZANI;Nieves @;Provincia_menor;1745;1786;Nueva Galicia y Septentrion;23.99728;-103.01934
JUGDZASI;Sierra de Pinos @;Jurisdiccion;1701;1808;Nueva Galicia y Septentrion;22.29794;-101.57499
JUGDZASI;Sierra de Pinos @;Partido;1701;1808;Nueva Galicia y Septentrion;22.29794;-101.57499
JUGDZASO;Sombrerete @ Llerena Real @ Minas de San Martin y Avino;Jurisdiccion;1558;1808;Nueva Galicia y Septentrion;23.63278;-103.64106
JUGDZASO;Sombrerete @ Llerena Real @ Minas de San Martin y Avino;Partido;1701;1808;Nueva Galicia y Septentrion;23.63278;-103.64106
JUGDZASO;Sombrerete @ Llerena Real @ Minas de San Martin y Avino;Provincia_menor;1558;1786;Nueva Galicia y Septentrion;23.63278;-103.64106
JUGDZAZA;Zacatecas @;Jurisdiccion;1701;1808;Nueva Galicia y Septentrion;22.7758;-102.57148
JUGDZAZA;Zacatecas @;Partido;1701;1808;Nueva Galicia y Septentrion;22.7758;-102.57148
JUGDZAZA;Zacatecas @;Provincia_menor;1549;1786;Nueva Galicia y Septentrion;22.7758;-102.57148
JUGUCHCO;Comitan @ Los Llanos;Jurisdiccion;1786;1808;Guatemala;16.25111;-92.13417
JUGUCHCO;Comitan @ Los Llanos;Partido;1701;1808;Guatemala;16.25111;-92.13417
JUGUCHCR;Ciudad Real @ Chiapas;Jurisdiccion;1701;1808;Guatemala;16.73695;-92.63753
JUGUCHCR;Ciudad Real @ Chiapas;Provincia;1535;1543;Guatemala;16.73695;-92.63753
JUGUCHCR;Ciudad Real @ Chiapas;Provincia_mayor;1535;1543;Guatemala;16.73695;-92.63753
JUGUCHCR;Ciudad Real @ Chiapas;Provincia_menor;1527;1785;Guatemala;16.73695;-92.63753
JUGUCHHU;Huistan @ Guista;Jurisdiccion;1786;1808;Guatemala;16.71;-92.45278
JUGUCHHU;Huistan @ Guista;Partido;1786;1808;Guatemala;16.71;-92.45278
JUGUCHIX;Ixtacomitan @;Jurisdiccion;1786;1808;Guatemala;17.43028;-93.095
JUGUCHIX;Ixtacomitan @;Partido;1786;1808;Guatemala;17.43028;-93.095
JUGUCHOC;Ocozingo @ Ocosingo @ Tzendales @ Sendales @ Chontales;Jurisdiccion;1786;1808;Guatemala;16.90722;-92.09611
JUGUCHOC;Ocozingo @ Ocosingo @ Tzendales @ Sendales @ Chontales;Partido;1786;1808;Guatemala;16.90722;-92.09611
JUGUCHPA;Palenque @;Jurisdiccion;1786;1808;Guatemala;17.50917;-91.98222
JUGUCHPA;Palenque @;Partido;1786;1808;Guatemala;17.50917;-91.98222
JUGUCHSA;San Andres @ Corona @ Coronas y Chinampas;Jurisdiccion;1786;1808;Guatemala;16.88361;-92.71333
JUGUCHSA;San Andres @ Corona @ Coronas y Chinampas;Partido;1701;1808;Guatemala;16.88361;-92.71333
JUGUCHSI;Simojovel @ Guardiania de Huitiupan;Jurisdiccion;1786;1808;Guatemala;17.18583;-92.67639
JUGUCHSI;Simojovel @ Guardiania de Huitiupan;Partido;1701;1808;Guatemala;17.18583;-92.67639
JUGUCHSO;Soconusco @;Jurisdiccion;1701;1785;Guatemala;14.90806;-92.26056
JUGUCHSO;Soconusco @;Partido;1701;1808;Guatemala;14.90806;-92.26056
JUGUCHSO;Soconusco @;Provincia;1561;1785;Guatemala;14.90806;-92.26056
JUGUCHSO;Soconusco @;Provincia_menor;1531;1785;Guatemala;14.90806;-92.26056
JUGUCHTA;Tapachula @;Jurisdiccion;1786;1808;Guatemala;14.90806;-92.26056
JUGUCHTI;Tila @;Jurisdiccion;1786;1808;Guatemala;17.30028;-92.42556
JUGUCHTI;Tila @;Partido;1786;1808;Guatemala;17.30028;-92.42556
JUGUCHTO;Tonala @;Jurisdiccion;1786;1808;Guatemala;16.08639;-93.755
JUGUCHTO;Tonala @;Partido;1786;1808;Guatemala;16.08639;-93.755
JUGUCHTU;Tuxtla @;Jurisdiccion;1769;1808;Guatemala;16.75278;-93.11667
JUGUCHTU;Tuxtla @;Partido;1769;1808;Guatemala;16.75278;-93.11667
JUGUCHTU;Tuxtla @;Provincia_menor;1769;1785;Guatemala;16.75278;-93.11667
JUGUCRCA;Cartago @;Jurisdiccion;1574;1808;Guatemala;9.86474;-83.92088
JUGUCRCA;Cartago @;Partido;1701;1808;Guatemala;9.86474;-83.92088
JUGUCRCH;Chirripo @;Jurisdiccion;1632;1659;Guatemala;90;0
JUGUCRES;Esparza @;Jurisdiccion;1577;1808;Guatemala;9.99007;-84.66657
JUGUCRES;Esparza @;Partido;1701;1808;Guatemala;9.99007;-84.66657
JUGUCRPA;Pacaca @ Pacaca y Azerri;Jurisdiccion;1583;1659;Guatemala;90;0
JUGUCRQU;Quepo @ Quepos;Jurisdiccion;1583;1659;Guatemala;90;0
JUGUCRTR;Turrialba @ Turrialba y Puerto de Suerre @ Ujarraz @ Tucurrique;Jurisdiccion;1591;1659;Guatemala;90;0
JUGUCYCN;Chinda @;Jurisdiccion;1787;1808;Guatemala;15.1167;-88.2
JUGUCYCN;Chinda @;Partido;1787;1808;Guatemala;15.1167;-88.2
JUGUCYCY;Comayagua @ Valle de las Higueras;Jurisdiccion;1701;1808;Guatemala;14.45115;-87.63814
JUGUCYCY;Comayagua @ Valle de las Higueras;Partido;1701;1751;Guatemala;14.45115;-87.63814
JUGUCYGR;Gracias a Dios @;Jurisdiccion;1787;1808;Guatemala;14.58872;-88.58315
JUGUCYGR;Gracias a Dios @;Partido;1701;1808;Guatemala;14.58872;-88.58315
JUGUCYOL;Olancho @;Jurisdiccion;1787;1808;Guatemala;14.9189;-86.3738
JUGUCYOL;Olancho @;Partido;1701;1808;Guatemala;14.9189;-86.3738
JUGUCYOM;Omoa @;Jurisdiccion;1752;1808;Guatemala;15.77848;-88.03977
JUGUCYOM;Omoa @;Partido;1752;1808;Guatemala;15.77848;-88.03977
JUGUCYOT;Olanchito @;Jurisdiccion;1787;1808;Guatemala;15.48748;-86.58145
JUGUCYOT;Olanchito @;Partido;1701;1808;Guatemala;15.48748;-86.58145
JUGUCYSE;Sensenti @;Jurisdiccion;1701;1808;Guatemala;14.49578;-88.93887
JUGUCYSE;Sensenti @;Partido;1787;1808;Guatemala;14.49578;-88.93887
JUGUCYSE;Sensenti @;Provincia_menor;1580;1702;Guatemala;14.49578;-88.93887
JUGUCYSP;San Pedro Sula @;Jurisdiccion;1787;1808;Guatemala;15.50507;-88.02413
JUGUCYSP;San Pedro Sula @;Partido;1701;1808;Guatemala;15.50507;-88.02413
JUGUCYTC;Tencoa @ Santa Barbara;Jurisdiccion;1787;1808;Guatemala;14.91868;-88.23502
JUGUCYTC;Tencoa @ Santa Barbara;Partido;1701;1808;Guatemala;14.91868;-88.23502
JUGUCYTR;Trujillo @;Jurisdiccion;1787;1808;Guatemala;15.91727;-85.95522
JUGUCYTR;Trujillo @;Partido;1787;1808;Guatemala;15.91727;-85.95522
JUGUCYYO;Yoro @;Jurisdiccion;1787;1808;Guatemala;15.14251;-87.12867
JUGUCYYO;Yoro @;Partido;1701;1808;Guatemala;15.14251;-87.12867
JUGUGUAC;Acasaguastlan @ Zacapa @ Casablastran @ Casalbastran @ Casabeltran;Jurisdiccion;1701;1764;Guatemala;14.9265;-89.868
JUGUGUAC;Acasaguastlan @ Zacapa @ Casablastran @ Casalbastran @ Casabeltran;Partido;1701;1808;Guatemala;14.9265;-89.868
JUGUGUAC;Acasaguastlan @ Zacapa @ Casablastran @ Casalbastran @ Casabeltran;Provincia_menor;1551;1763;Guatemala;14.9265;-89.868
JUGUGUAM;Amatique @ Amatique y Santo Tomas de Castilla;Jurisdiccion;1701;1750;Guatemala;15.6372;-88.99406
JUGUGUAM;Amatique @ Amatique y Santo Tomas de Castilla;Partido;1701;1750;Guatemala;15.6372;-88.99406
JUGUGUAM;Amatique @ Amatique y Santo Tomas de Castilla;Provincia_menor;1604;1750;Guatemala;15.6372;-88.99406
JUGUGUCM;Chiquimula @ Chiquimula y Acasaguastlan @ Chiquimula y Zacapa;Jurisdiccion;1701;1808;Guatemala;14.80061;-89.54405
JUGUGUCM;Chiquimula @ Chiquimula y Acasaguastlan @ Chiquimula y Zacapa;Partido;1701;1763;Guatemala;14.80061;-89.54405
JUGUGUCM;Chiquimula @ Chiquimula y Acasaguastlan @ Chiquimula y Zacapa;Provincia_menor;1560;1808;Guatemala;14.80061;-89.54405
JUGUGUCT;Chimaltenango @;Jurisdiccion;1754;1808;Guatemala;14.66212;-90.82085
JUGUGUCT;Chimaltenango @;Provincia_menor;1754;1808;Guatemala;14.66212;-90.82085
JUGUGUES;Escuintla @ Escuintla y Guazacapan @ Escuintepeque;Jurisdiccion;1701;1808;Guatemala;14.3006;-90.786
JUGUGUES;Escuintla @ Escuintla y Guazacapan @ Escuintepeque;Provincia_menor;1547;1808;Guatemala;14.3006;-90.786
JUGUGUGU;Valle de Guatemala @ Guatemala @ Nueva Guatemala;Jurisdiccion;1701;1808;Guatemala;14.62181;-90.51879
JUGUGUGU;Valle de Guatemala @ Guatemala @ Nueva Guatemala;Partido;1701;1808;Guatemala;14.62181;-90.51879
JUGUGUGU;Valle de Guatemala @ Guatemala @ Nueva Guatemala;Provincia_menor;1547;1753;Guatemala;14.62181;-90.51879
JUGUGUIS;isla de San Andres @ Isla de San Andres y Costa de Mosquitos;Jurisdiccion;1775;1808;Guatemala;12.58341;-81.70517
JUGUGUIS;isla de San Andres @ Isla de San Andres y Costa de Mosquitos;Partido;1775;1808;Guatemala;12.58341;-81.70517
JUGUGUQU;Quetzaltenango @ Casaltenango;Jurisdiccion;1701;1808;Guatemala;14.84411;-91.51907
JUGUGUQU;Quetzaltenango @ Casaltenango;Partido;1701;1808;Guatemala;14.84411;-91.51907
JUGUGUQU;Quetzaltenango @ Casaltenango;Provincia_menor;1547;1808;Guatemala;14.84411;-91.51907
JUGUGUSA;Sacatepeques @ Sacatepeques y Amatitanes @ Amatitan y Zacatepeques;Jurisdiccion;1754;1808;Guatemala;14.62181;-90.51879
JUGUGUSA;Sacatepeques @ Sacatepeques y Amatitanes @ Amatitan y Zacatepeques;Provincia_menor;1754;1808;Guatemala;14.62181;-90.51879
JUGUGUSF;San Felipe del Golfo @ Castillo de San Felipe @ San Felipe del Golfo Dulce @ San Felipe de Lara;Jurisdiccion;1751;1808;Guatemala;15.6372;-88.99406
JUGUGUSF;San Felipe del Golfo @ Castillo de San Felipe @ San Felipe del Golfo Dulce @ San Felipe de Lara;Partido;1751;1808;Guatemala;15.6372;-88.99406
JUGUGUSO;Solola @ Tecpanatitan @ Tecpan Atitlan @ Atitan y Atepanatitan @ Atitlan @ Atitan y Tecpanatitlan @ Atitlan y Tecpanatitlan;Jurisdiccion;1701;1808;Guatemala;14.7708;-91.18202
JUGUGUSO;Solola @ Tecpanatitan @ Tecpan Atitlan @ Atitan y Atepanatitan @ Atitlan @ Atitan y Tecpanatitlan @ Atitlan y Tecpanatitlan;Provincia_menor;1547;1808;Guatemala;14.7708;-91.18202
JUGUGUSS;Sonsonate @;Jurisdiccion;1701;1808;Guatemala;13.7256;-89.7271
JUGUGUSS;Sonsonate @;Partido;1701;1808;Guatemala;13.7256;-89.7271
JUGUGUSS;Sonsonate @;Provincia_menor;1539;1808;Guatemala;13.7256;-89.7271
JUGUGUSU;Suchiltepequez @ San Antonio @ Suchitepeque @ Suchiltepeques @ Zapotitlan y San Antonio de Suchiltepeques;Jurisdiccion;1701;1808;Guatemala;14.53046;-91.50957
JUGUGUSU;Suchiltepequez @ San Antonio @ Suchitepeque @ Suchiltepeques @ Zapotitlan y San Antonio de Suchiltepeques;Partido;1701;1808;Guatemala;14.53046;-91.50957
JUGUGUSU;Suchiltepequez @ San Antonio @ Suchitepeque @ Suchiltepeques @ Zapotitlan y San Antonio de Suchiltepeques;Provincia_menor;1547;1808;Guatemala;14.53046;-91.50957
JUGUGUTO;Totonicapan @ Totonicapan y Huehuetenango;Jurisdiccion;1701;1808;Guatemala;14.91124;-91.35983
JUGUGUTO;Totonicapan @ Totonicapan y Huehuetenango;Provincia_menor;1547;1808;Guatemala;14.91124;-91.35983
JUGUGUVE;Verapaz @;Jurisdiccion;1701;1808;Guatemala;15.47059;-90.36855
JUGUGUVE;Verapaz @;Partido;1701;1808;Guatemala;15.47059;-90.36855
JUGUGUVE;Verapaz @;Provincia;1560;1603;Guatemala;15.47059;-90.36855
JUGUGUVE;Verapaz @;Provincia_mayor;1560;1603;Guatemala;15.47059;-90.36855
JUGUGUVE;Verapaz @;Provincia_menor;1560;1808;Guatemala;15.47059;-90.36855
JUGUNIGR;Granada @;Jurisdiccion;1701;1808;Guatemala;11.93473;-85.95877
JUGUNIGR;Granada @;Partido;1701;1808;Guatemala;11.93473;-85.95877
JUGUNILE;Leon @;Jurisdiccion;1701;1808;Guatemala;12.43496;-86.87836
JUGUNILE;Leon @;Partido;1701;1808;Guatemala;12.43496;-86.87836
JUGUNIMA;Masaya @ Monimbo;Jurisdiccion;1632;1808;Guatemala;11.97378;-86.09631
JUGUNIMA;Masaya @ Monimbo;Provincia_menor;1632;1672;Guatemala;11.97378;-86.09631
JUGUNIMG;Sebaco @ Sebaco @ Sebaco y Chontales @ Matagalpa @ Matagalpa y Chontales;Jurisdiccion;1701;1808;Guatemala;12.92307;-85.91842
JUGUNIMG;Sebaco @ Sebaco @ Sebaco y Chontales @ Matagalpa @ Matagalpa y Chontales;Partido;1701;1808;Guatemala;12.92307;-85.91842
JUGUNIMG;Sebaco @ Sebaco @ Sebaco y Chontales @ Matagalpa @ Matagalpa y Chontales;Provincia_menor;1568;1786;Guatemala;12.92307;-85.91842
JUGUNINC;Nicoya @ Bruselas;Jurisdiccion;1701;1808;Guatemala;10.14356;-85.45381
JUGUNINC;Nicoya @ Bruselas;Partido;1701;1808;Guatemala;10.14356;-85.45381
JUGUNINC;Nicoya @ Bruselas;Provincia_menor;1566;1786;Guatemala;10.14356;-85.45381
JUGUNINI;Nicaragua @;Jurisdiccion;1720;1786;Guatemala;11.43759;-85.8273
JUGUNINI;Nicaragua @;Partido;1720;1808;Guatemala;11.43759;-85.8273
JUGUNINS;Nueva Segovia @;Jurisdiccion;1701;1808;Guatemala;13.6401;-86.3083
JUGUNINS;Nueva Segovia @;Partido;1701;1808;Guatemala;13.6401;-86.3083
JUGUNIRE;Realejo @;Jurisdiccion;1701;1808;Guatemala;12.544;-87.16628
JUGUNIRE;Realejo @;Partido;1701;1808;Guatemala;12.544;-87.16628
JUGUNIRE;Realejo @;Provincia_menor;1568;1786;Guatemala;12.544;-87.16628
JUGUNISJ;Rio San Juan @ Castillo de Concepcion;Jurisdiccion;1701;1808;Guatemala;11.0193;-84.39678
JUGUNISU;Subtiava @ Sutiaba;Jurisdiccion;1568;1808;Guatemala;12.43361;-86.89506
JUGUNISU;Subtiava @ Sutiaba;Partido;1701;1808;Guatemala;12.43361;-86.89506
JUGUNISU;Subtiava @ Sutiaba;Provincia_menor;1568;1777;Guatemala;12.43361;-86.89506
JUGUSSCH;Chalatenango @;Jurisdiccion;1806;1808;Guatemala;14.04139;-88.93941
JUGUSSCH;Chalatenango @;Partido;1787;1808;Guatemala;14.04139;-88.93941
JUGUSSME;Metapas @;Jurisdiccion;1806;1808;Guatemala;14.33111;-89.44274
JUGUSSME;Metapas @;Partido;1787;1808;Guatemala;14.33111;-89.44274
JUGUSSSA;Santa Ana @ Santa Ana la Grande;Jurisdiccion;1787;1808;Guatemala;13.99087;-89.55719
JUGUSSSA;Santa Ana @ Santa Ana la Grande;Partido;1701;1808;Guatemala;13.99087;-89.55719
JUGUSSSC;Sacatecoluca @ Zacatecoluca;Jurisdiccion;1787;1808;Guatemala;13.50897;-88.86996
JUGUSSSC;Sacatecoluca @ Zacatecoluca;Partido;1787;1808;Guatemala;13.50897;-88.86996
JUGUSSSM;San Miguel @;Jurisdiccion;1701;1808;Guatemala;13.48039;-88.17722
JUGUSSSM;San Miguel @;Partido;1701;1808;Guatemala;13.48039;-88.17722
JUGUSSSS;San Salvador @;Jurisdiccion;1701;1808;Guatemala;13.69834;-89.19136
JUGUSSSS;San Salvador @;Partido;1701;1808;Guatemala;13.69834;-89.19136
JUGUSSSV;San Vicente @;Jurisdiccion;1701;1808;Guatemala;13.64086;-88.78425
JUGUSSSV;San Vicente @;Partido;1701;1808;Guatemala;13.64086;-88.78425
JUGUTGAG;Aguanqueterique @;Partido;1743;1800;Guatemala;13.95351;-87.66859
JUGUTGCE;Cedros @ Cantarranas;Partido;1743;1808;Guatemala;14.26289;-87.02825
JUGUTGCT;Choluteca @;Partido;1743;1808;Guatemala;13.30047;-87.18459
JUGUTGDA;Danli @;Partido;1743;1808;Guatemala;14.03084;-86.56703
JUGUTGNA;Nacaome @;Partido;1743;1808;Guatemala;13.5357;-87.487
JUGUTGTG;Tegucigalpa @ Minas y registros de Honduras @ Minas de Tegucigalpa, Acapcap y villa de Choluteca @ Minas de Tegucigalpa y Real del Corpus;Jurisdiccion;1701;1808;Guatemala;14.10545;-87.20414
JUGUTGTG;Tegucigalpa @ Minas y registros de Honduras @ Minas de Tegucigalpa, Acapcap y villa de Choluteca @ Minas de Tegucigalpa y Real del Corpus;Partido;1701;1808;Guatemala;14.10545;-87.20414
JUGUTGTG;Tegucigalpa @ Minas y registros de Honduras @ Minas de Tegucigalpa, Acapcap y villa de Choluteca @ Minas de Tegucigalpa y Real del Corpus;Provincia_menor;1579;1788;Guatemala;14.10545;-87.20414
JUNEBEBE;Belice @ Walix @ Baliza @ Walis @ Balix @ Belize;Jurisdiccion;1763;1796;Nueva España;90;0
JUNEBEBE;Belice @ Walix @ Baliza @ Walis @ Balix @ Belize;Partido;1763;1796;Nueva España;90;0
JUNEBEBE;Belice @ Walix @ Baliza @ Walis @ Balix @ Belize;Provincia;1763;1796;Nueva España;90;0
JUNEBEBE;Belice @ Walix @ Baliza @ Walis @ Balix @ Belize;Provincia_menor;1763;1796;Nueva España;90;0
JUNECLCN;California Alta @ California Nueva;Jurisdiccion;1770;1808;Nueva Galicia y Septentrion;36.59552;-121.89061
JUNECLCN;California Alta @ California Nueva;Partido;1770;1781;Nueva Galicia y Septentrion;36.59552;-121.89061
JUNECLCN;California Alta @ California Nueva;Provincia;1804;1808;Nueva Galicia y Septentrion;36.59552;-121.89061
JUNECLCN;California Alta @ California Nueva;Provincia_mayor;1804;1808;Nueva Galicia y Septentrion;36.59552;-121.89061
JUNECLCN;California Alta @ California Nueva;Provincia_menor;1804;1808;Nueva Galicia y Septentrion;36.59552;-121.89061
JUNECLCV;California Baja @ California Vieja @ Antigua California;Jurisdiccion;1701;1808;Nueva Galicia y Septentrion;26.01053;-111.34301
JUNECLCV;California Baja @ California Vieja @ Antigua California;Partido;1701;1767;Nueva Galicia y Septentrion;26.01053;-111.34301
JUNECLDN;Departamento del Norte @;Partido;1768;1808;Nueva Galicia y Septentrion;26.01053;-111.34301
JUNECLDS;Departamento del Sur @;Partido;1768;1808;Nueva Galicia y Septentrion;23.80716;-110.05838
JUNECNCA;Carmen @ Laguna de los Terminos;Jurisdiccion;1717;1808;Nueva España;18.6525;-91.8082
JUNECNCA;Carmen @ Laguna de los Terminos;Partido;1701;1808;Nueva España;18.6525;-91.8082
JUNECNCA;Carmen @ Laguna de los Terminos;Provincia;1787;1808;Nueva España;18.6525;-91.8082
JUNECNCA;Carmen @ Laguna de los Terminos;Provincia_mayor;1787;1808;Nueva España;18.6525;-91.8082
JUNECNCA;Carmen @ Laguna de los Terminos;Provincia_menor;1758;1808;Nueva España;18.6525;-91.8082
JUNEGJCE;Celaya @ Celaya y Salvatierra;Jurisdiccion;1571;1808;Nueva España;20.52483;-100.81522
JUNEGJCE;Celaya @ Celaya y Salvatierra;Provincia_menor;1571;1786;Nueva España;20.52483;-100.81522
JUNEGJDO;Dolores @ Congregacion de Dolores;Jurisdiccion;1787;1808;Nueva España;21.15736;-100.93295
JUNEGJDO;Dolores @ Congregacion de Dolores;Partido;1787;1808;Nueva España;21.15736;-100.93295
JUNEGJGJ;Guanajuato @ Guanaxuato;Jurisdiccion;1559;1808;Nueva España;21.01661;-101.25272
JUNEGJGJ;Guanajuato @ Guanaxuato;Partido;1701;1808;Nueva España;21.01661;-101.25272
JUNEGJGJ;Guanajuato @ Guanaxuato;Provincia_menor;1559;1786;Nueva España;21.01661;-101.25272
JUNEGJLE;Villa de Leon @ Leon y Zacatula;Jurisdiccion;1579;1808;Nueva España;21.11956;-101.67622
JUNEGJLE;Villa de Leon @ Leon y Zacatula;Provincia_menor;1579;1786;Nueva España;21.11956;-101.67622
JUNEGJPE;Penjamo @;Jurisdiccion;1793;1808;Nueva España;20.43;-101.7225
JUNEGJPE;Penjamo @;Partido;1787;1808;Nueva España;20.43;-101.7225
JUNEGJPG;Piedra Gorda @ Piedragorda;Jurisdiccion;1793;1808;Nueva España;20.72831;-101.9486
JUNEGJPG;Piedra Gorda @ Piedragorda;Partido;1787;1808;Nueva España;20.72831;-101.9486
JUNEGJSF;San Felipe @;Jurisdiccion;1808;1808;Nueva España;21.47878;-101.21562
JUNEGJSF;San Felipe @;Partido;1787;1808;Nueva España;21.47878;-101.21562
JUNEGJSI;Silao @ Congregacion de Silao;Partido;1787;1808;Nueva España;20.9424;-101.42249
JUNEGJSM;San Miguel el Grande @ San Miguel el Grande y San Felipe @ San Felipe y San Miguel;Jurisdiccion;1562;1808;Nueva España;20.91116;-100.7401
JUNEGJSM;San Miguel el Grande @ San Miguel el Grande y San Felipe @ San Felipe y San Miguel;Provincia_menor;1562;1786;Nueva España;20.91116;-100.7401
JUNEGJSP;San Luis de la Paz @ Minas de Sichu y los Pozos @ Minas de Sichu @ Minas de Xichu @ Sichu y Puxinguia;Jurisdiccion;1552;1808;Nueva España;21.3947;-99.933
JUNEGJSP;San Luis de la Paz @ Minas de Sichu y los Pozos @ Minas de Sichu @ Minas de Xichu @ Sichu y Puxinguia;Partido;1701;1808;Nueva España;21.3947;-99.933
JUNEGJSP;San Luis de la Paz @ Minas de Sichu y los Pozos @ Minas de Sichu @ Minas de Xichu @ Sichu y Puxinguia;Provincia_menor;1552;1786;Nueva España;21.3947;-99.933
JUNEMIAN;Angamacutiro @;Jurisdiccion;1792;1805;Nueva España;20.14972;-101.70833
JUNEMIAN;Angamacutiro @;Partido;1787;1808;Nueva España;20.14972;-101.70833
JUNEMICA;Caracuaro @;Jurisdiccion;1788;1802;Nueva España;19.01611;-101.12583
JUNEMICA;Caracuaro @;Partido;1788;1808;Nueva España;19.01611;-101.12583
JUNEMICD;Chucandiro @ Chocandiro;Jurisdiccion;1788;1803;Nueva España;19.89972;-101.33139
JUNEMICD;Chucandiro @ Chocandiro;Partido;1787;1808;Nueva España;19.89972;-101.33139
JUNEMICH;Chilchota @ Chilchotla;Jurisdiccion;1554;1712;Nueva España;19.84556;-102.12
JUNEMICH;Chilchota @ Chilchotla;Partido;1701;1786;Nueva España;19.84556;-102.12
JUNEMICH;Chilchota @ Chilchotla;Provincia_menor;1600;1712;Nueva España;19.84556;-102.12
JUNEMICI;Cinagua y la Guacana @ Ario @ Santiago Ario @ La Vacana @ La Uacana @ Sinagua y la Guacana @ Cinagua y Aguacana @ Cinagua y Ahuacana @ Cinagua y La Guacana @ Cinagua y La Huacana;Jurisdiccion;1534;1808;Nueva España;18.72028;-101.82296
JUNEMICI;Cinagua y la Guacana @ Ario @ Santiago Ario @ La Vacana @ La Uacana @ Sinagua y la Guacana @ Cinagua y Aguacana @ Cinagua y Ahuacana @ Cinagua y La Guacana @ Cinagua y La Huacana;Partido;1701;1808;Nueva España;18.72028;-101.82296
JUNEMICI;Cinagua y la Guacana @ Ario @ Santiago Ario @ La Vacana @ La Uacana @ Sinagua y la Guacana @ Cinagua y Aguacana @ Cinagua y Ahuacana @ Cinagua y La Guacana @ Cinagua y La Huacana;Provincia_menor;1600;1729;Nueva España;18.72028;-101.82296
JUNEMICL;Cuitzeo de la Laguna @ Cuiseo @  Cuiceo @ Cuisco de la Laguna;Jurisdiccion;1600;1808;Nueva España;19.96861;-101.13972
JUNEMICL;Cuitzeo de la Laguna @ Cuiseo @  Cuiceo @ Cuisco de la Laguna;Partido;1701;1808;Nueva España;19.96861;-101.13972
JUNEMICL;Cuitzeo de la Laguna @ Cuiseo @  Cuiceo @ Cuisco de la Laguna;Provincia_menor;1600;1786;Nueva España;19.96861;-101.13972
JUNEMICO;Cocupao @ Tzintzuntzan;Jurisdiccion;1788;1806;Nueva España;19.66528;-101.52278
JUNEMICO;Cocupao @ Tzintzuntzan;Partido;1787;1808;Nueva España;19.66528;-101.52278
JUNEMICR;Charo @ Matalcingo;Jurisdiccion;1536;1808;Nueva España;19.74556;-101.04444
JUNEMICR;Charo @ Matalcingo;Partido;1701;1808;Nueva España;19.74556;-101.04444
JUNEMICR;Charo @ Matalcingo;Provincia_menor;1707;1725;Nueva España;19.74556;-101.04444
JUNEMIER;Erongaricuaro @;Jurisdiccion;1788;1806;Nueva España;19.58722;-101.72028
JUNEMIER;Erongaricuaro @;Partido;1787;1808;Nueva España;19.58722;-101.72028
JUNEMIHG;Huango @;Jurisdiccion;1787;1803;Nueva España;20.00278;-101.41417
JUNEMIHG;Huango @;Partido;1787;1808;Nueva España;20.00278;-101.41417
JUNEMIHQ;Huaniqueo @ Guaniqueo;Jurisdiccion;1534;1808;Nueva España;19.89861;-101.50444
JUNEMIHQ;Huaniqueo @ Guaniqueo;Partido;1715;1808;Nueva España;19.89861;-101.50444
JUNEMIHS;Huetamo @ Guimeo y Zirandaro @ Huaymeyo @ Huaymeo y Sirandiro @ Huaymeo y Sirandaro @ Minas del Espiritu Santo;Jurisdiccion;1566;1808;Nueva España;18.62639;-100.89694
JUNEMIHS;Huetamo @ Guimeo y Zirandaro @ Huaymeyo @ Huaymeo y Sirandiro @ Huaymeo y Sirandaro @ Minas del Espiritu Santo;Partido;1701;1808;Nueva España;18.62639;-100.89694
JUNEMIHS;Huetamo @ Guimeo y Zirandaro @ Huaymeyo @ Huaymeo y Sirandiro @ Huaymeo y Sirandaro @ Minas del Espiritu Santo;Provincia_menor;1600;1786;Nueva España;18.62639;-100.89694
JUNEMIIN;Indaparapeo @;Jurisdiccion;1787;1800;Nueva España;19.78722;-100.96833
JUNEMIIN;Indaparapeo @;Partido;1787;1808;Nueva España;19.78722;-100.96833
JUNEMIJI;Jiquilpan @ Xiquilpa @ Xiquilpa y Periban @ Xiquilpa y Perivan @ Xiquilpa, Periban y Tinguindin @ San Juan de Periban @ Xiquilpa y Chilchotla;Jurisdiccion;1555;1808;Nueva España;19.99361;-102.71722
JUNEMIJI;Jiquilpan @ Xiquilpa @ Xiquilpa y Periban @ Xiquilpa y Perivan @ Xiquilpa, Periban y Tinguindin @ San Juan de Periban @ Xiquilpa y Chilchotla;Provincia_menor;1600;1786;Nueva España;19.99361;-102.71722
JUNEMIJT;Jaso y Teremendo @ Xasoteremendo @ Xaso y Teremendo @ Jasso y Teremendo @ Xazo y Teremendo @ Jasoteremendo;Jurisdiccion;1532;1719;Nueva España;19.78528;-101.47972
JUNEMIJT;Jaso y Teremendo @ Xasoteremendo @ Xaso y Teremendo @ Jasso y Teremendo @ Xazo y Teremendo @ Jasoteremendo;Partido;1701;1787;Nueva España;19.78528;-101.47972
JUNEMIJT;Jaso y Teremendo @ Xasoteremendo @ Xaso y Teremendo @ Jasso y Teremendo @ Xazo y Teremendo @ Jasoteremendo;Provincia_menor;1715;1719;Nueva España;19.78528;-101.47972
JUNEMIMA;Maravatio @ Maravatio @ Zitacuaro @ Zitacuaro y Angangueo @ Maravatio y Zamora @ Villa de Peñaranda de Bracamonte;Jurisdiccion;1550;1808;Nueva España;19.89278;-100.4425
JUNEMIMA;Maravatio @ Maravatio @ Zitacuaro @ Zitacuaro y Angangueo @ Maravatio y Zamora @ Villa de Peñaranda de Bracamonte;Provincia_menor;1600;1786;Nueva España;19.89278;-100.4425
JUNEMIMO;Motines @ Motines del Oro @ Coahuayana @ Coahuayana @ Coayaguana;Jurisdiccion;1560;1808;Nueva España;18.34056;-103.30778
JUNEMIMO;Motines @ Motines del Oro @ Coahuayana @ Coahuayana @ Coayaguana;Partido;1701;1808;Nueva España;18.34056;-103.30778
JUNEMIMO;Motines @ Motines del Oro @ Coahuayana @ Coahuayana @ Coayaguana;Provincia_menor;1560;1779;Nueva España;18.34056;-103.30778
JUNEMIPA;Patzcuaro @;Jurisdiccion;1790;1808;Nueva España;19.51421;-101.60964
JUNEMIPA;Patzcuaro @;Partido;1787;1808;Nueva España;19.51421;-101.60964
JUNEMIPE;Periban @ Periban y Tarecuato;Jurisdiccion;1583;1599;Nueva España;90;0
JUNEMIPR;Paracho @ Sevina;Jurisdiccion;1791;1808;Nueva España;19.64139;-102.0475
JUNEMIPR;Paracho @ Sevina;Partido;1787;1808;Nueva España;19.64139;-102.0475
JUNEMIPU;Puruandiro @;Jurisdiccion;1792;1808;Nueva España;20.0875;-101.51556
JUNEMIPU;Puruandiro @;Partido;1787;1808;Nueva España;20.0875;-101.51556
JUNEMISC;Santa Clara del Cobre @ Santa Clara de los Cobres;Jurisdiccion;1788;1806;Nueva España;19.40472;-101.63833
JUNEMISC;Santa Clara del Cobre @ Santa Clara de los Cobres;Partido;1787;1808;Nueva España;19.40472;-101.63833
JUNEMITA;Taretan @;Jurisdiccion;1787;1808;Nueva España;19.33333;-101.91806
JUNEMITA;Taretan @;Partido;1787;1808;Nueva España;19.33333;-101.91806
JUNEMITB;Tacambaro @;Jurisdiccion;1788;1808;Nueva España;19.235;-101.45667
JUNEMITB;Tacambaro @;Partido;1787;1808;Nueva España;19.235;-101.45667
JUNEMITC;Tancitaro @ Apatzingan @ y Tapalcatepec @ Tancitaro y Pizandaro @ Tansitaro y Pisandaro @ Tancitaro y Pinzandaro @ Tancitaro, Pizandaro, Cinagua y la Guacana @ Tanzitaro @ Tansitaro @ Tancitaro, Pinzandaro y Motines;Jurisdiccion;1531;1808;Nueva España;19.33694;-102.36306
JUNEMITC;Tancitaro @ Apatzingan @ y Tapalcatepec @ Tancitaro y Pizandaro @ Tansitaro y Pisandaro @ Tancitaro y Pinzandaro @ Tancitaro, Pizandaro, Cinagua y la Guacana @ Tanzitaro @ Tansitaro @ Tancitaro, Pinzandaro y Motines;Provincia_menor;1600;1786;Nueva España;19.33694;-102.36306
JUNEMITG;Tinguindin @ Tinhuindin @ Periban y Tinguindin @ y Tacascuaro @ y Chocandiran @ Chocaman;Jurisdiccion;1536;1712;Nueva España;19.73806;-102.48222
JUNEMITG;Tinguindin @ Tinhuindin @ Periban y Tinguindin @ y Tacascuaro @ y Chocandiran @ Chocaman;Partido;1701;1764;Nueva España;19.73806;-102.48222
JUNEMITG;Tinguindin @ Tinhuindin @ Periban y Tinguindin @ y Tacascuaro @ y Chocandiran @ Chocaman;Provincia_menor;1600;1712;Nueva España;19.73806;-102.48222
JUNEMITI;Tiripetio @ Tiripitio;Jurisdiccion;1551;1808;Nueva España;19.54528;-101.34778
JUNEMITI;Tiripetio @ Tiripitio;Partido;1787;1808;Nueva España;19.54528;-101.34778
JUNEMITP;Tlalpujahua @;Jurisdiccion;1565;1808;Nueva España;19.80648;-100.17353
JUNEMITP;Tlalpujahua @;Partido;1701;1808;Nueva España;19.80648;-100.17353
JUNEMITP;Tlalpujahua @;Provincia_menor;1565;1786;Nueva España;19.80648;-100.17353
JUNEMITX;Taximaroa @;Jurisdiccion;1710;1723;Nueva España;19.69111;-100.55333
JUNEMITZ;Tlazazalca @ La Piedad @ Chilchota y Tlazazalca;Jurisdiccion;1534;1808;Nueva España;20.33861;-102.02472
JUNEMITZ;Tlazazalca @ La Piedad @ Chilchota y Tlazazalca;Provincia_menor;1600;1786;Nueva España;20.33861;-102.02472
JUNEMIUO;Urecho @;Jurisdiccion;1787;1805;Nueva España;19.17265;-101.88389
JUNEMIUO;Urecho @;Partido;1787;1808;Nueva España;19.17265;-101.88389
JUNEMIUR;Uruapan @;Jurisdiccion;1789;1808;Nueva España;19.42611;-102.06139
JUNEMIUR;Uruapan @;Partido;1787;1808;Nueva España;19.42611;-102.06139
JUNEMIVA;Valladolid @ Michoacan @ Mechoacan @ Tzintzuntzan @ Patzcuaro @ Valladolid y Patzcuaro @ Pasquaro @ Valladolid, Patzcuaro, Jaso y Teremendo;Jurisdiccion;1529;1808;Nueva España;19.62778;-101.57861
JUNEMIVA;Valladolid @ Michoacan @ Mechoacan @ Tzintzuntzan @ Patzcuaro @ Valladolid y Patzcuaro @ Pasquaro @ Valladolid, Patzcuaro, Jaso y Teremendo;Partido;1701;1808;Nueva España;19.62778;-101.57861
JUNEMIVA;Valladolid @ Michoacan @ Mechoacan @ Tzintzuntzan @ Patzcuaro @ Valladolid y Patzcuaro @ Pasquaro @ Valladolid, Patzcuaro, Jaso y Teremendo;Provincia_menor;1524;1786;Nueva España;19.62778;-101.57861
JUNEMIZA;Zamora y Jacona @ Zamora y Xacona @ Tacona y Zamora;Jurisdiccion;1544;1808;Nueva España;19.98905;-102.28241
JUNEMIZA;Zamora y Jacona @ Zamora y Xacona @ Tacona y Zamora;Partido;1701;1808;Nueva España;19.98905;-102.28241
JUNEMIZA;Zamora y Jacona @ Zamora y Xacona @ Tacona y Zamora;Provincia_menor;1574;1691;Nueva España;19.98905;-102.28241
JUNEMIZP;Zinapecuaro @ Tzinapecuaro @ Ucareo;Jurisdiccion;1538;1808;Nueva España;19.89833;-100.68639
JUNEMIZP;Zinapecuaro @ Tzinapecuaro @ Ucareo;Partido;1792;1808;Nueva España;19.89833;-100.68639
JUNEMXAC;Acapulco @ Ciudad de los Reyes @ Santos Reyes;Jurisdiccion;1550;1808;Nueva España;16.84865;-99.90849
JUNEMXAC;Acapulco @ Ciudad de los Reyes @ Santos Reyes;Partido;1701;1808;Nueva España;16.84865;-99.90849
JUNEMXAC;Acapulco @ Ciudad de los Reyes @ Santos Reyes;Provincia;1710;1786;Nueva España;16.84865;-99.90849
JUNEMXAC;Acapulco @ Ciudad de los Reyes @ Santos Reyes;Provincia_menor;1550;1786;Nueva España;16.84865;-99.90849
JUNEMXAP;Apan @ Apa y Tepeapulco @ Apa;Jurisdiccion;1531;1808;Nueva España;19.71;-98.44972
JUNEMXAP;Apan @ Apa y Tepeapulco @ Apa;Partido;1701;1808;Nueva España;19.71;-98.44972
JUNEMXAP;Apan @ Apa y Tepeapulco @ Apa;Provincia_menor;1600;1786;Nueva España;19.71;-98.44972
JUNEMXAQ;Atitalaquia @;Jurisdiccion;1531;1719;Nueva España;20.05917;-99.21972
JUNEMXAQ;Atitalaquia @;Partido;1701;1757;Nueva España;20.05917;-99.21972
JUNEMXAQ;Atitalaquia @;Provincia_menor;1600;1719;Nueva España;20.05917;-99.21972
JUNEMXAT;Actopan @ Ixcuinquitlapilco @ Octupa @ Octupa, Yxcuin y Cuitlapilco @ Octupa e Iscuintlapilco;Jurisdiccion;1531;1808;Nueva España;20.26694;-98.94472
JUNEMXAT;Actopan @ Ixcuinquitlapilco @ Octupa @ Octupa, Yxcuin y Cuitlapilco @ Octupa e Iscuintlapilco;Partido;1531;1808;Nueva España;20.26694;-98.94472
JUNEMXAT;Actopan @ Ixcuinquitlapilco @ Octupa @ Octupa, Yxcuin y Cuitlapilco @ Octupa e Iscuintlapilco;Provincia_menor;1568;1786;Nueva España;20.26694;-98.94472
JUNEMXCA;Cadereyta @ Cadereyta y Escanela @ minas de Escanela @ Minas de Escanela, Cerro Gordo y río de las Palmas y valles de Conca, Pamíes, Puxinguía;Jurisdiccion;1615;1808;Nueva España;21.12222;-99.5275
JUNEMXCA;Cadereyta @ Cadereyta y Escanela @ minas de Escanela @ Minas de Escanela, Cerro Gordo y río de las Palmas y valles de Conca, Pamíes, Puxinguía;Partido;1701;1808;Nueva España;21.12222;-99.5275
JUNEMXCA;Cadereyta @ Cadereyta y Escanela @ minas de Escanela @ Minas de Escanela, Cerro Gordo y río de las Palmas y valles de Conca, Pamíes, Puxinguía;Provincia_menor;1615;1786;Nueva España;21.12222;-99.5275
JUNEMXCH;Chalco @ Chalco y Tlalmanalco @ Chalco-Tlalmanalco @ Chalco Talmanalco @ Chalco y Tlayacapa @ Chalco y Hayacapa @ Chalco Talmanalco @ Chalco Talmanalco, agregao de Tlayacapa;Jurisdiccion;1533;1808;Nueva España;19.20444;-98.8025
JUNEMXCH;Chalco @ Chalco y Tlalmanalco @ Chalco-Tlalmanalco @ Chalco Talmanalco @ Chalco y Tlayacapa @ Chalco y Hayacapa @ Chalco Talmanalco @ Chalco Talmanalco, agregao de Tlayacapa;Provincia_menor;1551;1786;Nueva España;19.20444;-98.8025
JUNEMXCL;Chilapa @ Provincia de Chilapa @ Tlacozautitlan @ Tlalcozautitlan @ Chilapan @ Chilapam @ Chilapa y Chisla @ Chiapa y Tixtla;Jurisdiccion;1532;1808;Nueva España;17.59861;-99.17667
JUNEMXCL;Chilapa @ Provincia de Chilapa @ Tlacozautitlan @ Tlalcozautitlan @ Chilapan @ Chilapam @ Chilapa y Chisla @ Chiapa y Tixtla;Partido;1787;1808;Nueva España;17.59861;-99.17667
JUNEMXCL;Chilapa @ Provincia de Chilapa @ Tlacozautitlan @ Tlalcozautitlan @ Chilapan @ Chilapam @ Chilapa y Chisla @ Chiapa y Tixtla;Provincia_menor;1556;1696;Nueva España;17.59861;-99.17667
JUNEMXCN;Cuautitlan @ Guautitlan @ Cuauhtitlan @ Quautitlan @ Cuautitlan y Tepozotlan;Jurisdiccion;1566;1808;Nueva España;19.66222;-99.20754
JUNEMXCN;Cuautitlan @ Guautitlan @ Cuauhtitlan @ Quautitlan @ Cuautitlan y Tepozotlan;Partido;1701;1808;Nueva España;19.66222;-99.20754
JUNEMXCN;Cuautitlan @ Guautitlan @ Cuauhtitlan @ Quautitlan @ Cuautitlan y Tepozotlan;Provincia_menor;1566;1786;Nueva España;19.66222;-99.20754
JUNEMXCO;Coatepec @ Coatepec Chalco @ Coatepeque @ Guautepec @ Guautepeque;Jurisdiccion;1534;1808;Nueva España;19.38389;-98.84611
JUNEMXCO;Coatepec @ Coatepec Chalco @ Coatepeque @ Guautepec @ Guautepeque;Partido;1701;1808;Nueva España;19.38389;-98.84611
JUNEMXCO;Coatepec @ Coatepec Chalco @ Coatepeque @ Guautepec @ Guautepeque;Provincia_menor;1600;1786;Nueva España;19.38389;-98.84611
JUNEMXCT;Cuautla Amilpas @ Cuautla @ Coautla @ Minas de Guautla @ Coyuco;Jurisdiccion;1570;1808;Nueva España;18.81167;-98.95472
JUNEMXCT;Cuautla Amilpas @ Cuautla @ Coautla @ Minas de Guautla @ Coyuco;Provincia_menor;1570;1786;Nueva España;18.81167;-98.95472
JUNEMXCV;Cuernavaca @;Jurisdiccion;1529;1808;Nueva España;18.91861;-99.23417
JUNEMXCV;Cuernavaca @;Partido;1701;1808;Nueva España;18.91861;-99.23417
JUNEMXCV;Cuernavaca @;Provincia_menor;1570;1725;Nueva España;18.91861;-99.23417
JUNEMXCY;Coyoacan @ Cuyoacan;Jurisdiccion;1600;1808;Nueva España;19.35;-99.16167
JUNEMXCY;Coyoacan @ Cuyoacan;Partido;1701;1808;Nueva España;19.35;-99.16167
JUNEMXCY;Coyoacan @ Cuyoacan;Provincia_menor;1707;1725;Nueva España;19.35;-99.16167
JUNEMXEC;Ecatepec @ San Cristobal Ecatepec @ Chiconautla;Jurisdiccion;1532;1808;Nueva España;19.62972;-98.99722
JUNEMXEC;Ecatepec @ San Cristobal Ecatepec @ Chiconautla;Partido;1701;1808;Nueva España;19.62972;-98.99722
JUNEMXEC;Ecatepec @ San Cristobal Ecatepec @ Chiconautla;Provincia_menor;1600;1786;Nueva España;19.62972;-98.99722
JUNEMXHJ;Huejutla @ Huexutla @ Guejutla @ Guaxutla @;Jurisdiccion;1600;1808;Nueva España;21.14028;-98.42
JUNEMXHJ;Huejutla @ Huexutla @ Guejutla @ Guaxutla @;Partido;1701;1808;Nueva España;21.14028;-98.42
JUNEMXHJ;Huejutla @ Huexutla @ Guejutla @ Guaxutla @;Provincia_menor;1600;1786;Nueva España;21.14028;-98.42
JUNEMXHU;Huichapan @ Xilotepec @ Guichapa @ Jilotepec @ Xilotepeque @ Jilotepeque @ Guachiapa @ Hueychiapa @ Gilotepec y Guichapa @ Huichiapa;Jurisdiccion;1548;1808;Nueva España;19.95417;-99.53444
JUNEMXHU;Huichapan @ Xilotepec @ Guichapa @ Jilotepec @ Xilotepeque @ Jilotepeque @ Guachiapa @ Hueychiapa @ Gilotepec y Guichapa @ Huichiapa;Partido;1701;1808;Nueva España;19.95417;-99.53444
JUNEMXHU;Huichapan @ Xilotepec @ Guichapa @ Jilotepec @ Xilotepeque @ Jilotepeque @ Guachiapa @ Hueychiapa @ Gilotepec y Guichapa @ Huichiapa;Provincia_menor;1548;1786;Nueva España;19.95417;-99.53444
JUNEMXIG;Iguala @ Ihuala @ Yguala @ Tepecocuilco;Jurisdiccion;1556;1775;Nueva España;18.34361;-99.53917
JUNEMXIG;Iguala @ Ihuala @ Yguala @ Tepecocuilco;Partido;1701;1786;Nueva España;18.34361;-99.53917
JUNEMXIG;Iguala @ Ihuala @ Yguala @ Tepecocuilco;Provincia_menor;1600;1775;Nueva España;18.34361;-99.53917
JUNEMXIH;Ixtlahuaca @ Mequetepeque @ Istlavaca @ Valle de Matalcingo @ Huitzitzilapa y Valle de Matalcingo @ Ixtlahuaca y Metepec @ Ixtlahuac @ Istlehusicar @ Istlaguaca y Metepeque;Jurisdiccion;1600;1808;Nueva España;19.56889;-99.76694
JUNEMXIH;Ixtlahuaca @ Mequetepeque @ Istlavaca @ Valle de Matalcingo @ Huitzitzilapa y Valle de Matalcingo @ Ixtlahuaca y Metepec @ Ixtlahuac @ Istlehusicar @ Istlaguaca y Metepeque;Partido;1701;1808;Nueva España;19.56889;-99.76694
JUNEMXIH;Ixtlahuaca @ Mequetepeque @ Istlavaca @ Valle de Matalcingo @ Huitzitzilapa y Valle de Matalcingo @ Ixtlahuaca y Metepec @ Ixtlahuac @ Istlehusicar @ Istlaguaca y Metepeque;Provincia_menor;1551;1786;Nueva España;19.56889;-99.76694
JUNEMXIM;Ixmiquilpan @ Esmiquilpa;Jurisdiccion;1600;1808;Nueva España;20.48222;-99.21861
JUNEMXIM;Ixmiquilpan @ Esmiquilpa;Partido;1701;1808;Nueva España;20.48222;-99.21861
JUNEMXIM;Ixmiquilpan @ Esmiquilpa;Provincia_menor;1549;1786;Nueva España;20.48222;-99.21861
JUNEMXIT;Ixcateopan @ Escateopan @ Escateupan @ Iscateupa @ Yscateopa  @ Ixcateupa @ Iscateupan;Jurisdiccion;1534;1670;Nueva España;18.50306;-99.79361
JUNEMXIT;Ixcateopan @ Escateopan @ Escateupan @ Iscateupa @ Yscateopa  @ Ixcateupa @ Iscateupan;Partido;1701;1750;Nueva España;18.50306;-99.79361
JUNEMXIT;Ixcateopan @ Escateopan @ Escateupan @ Iscateupa @ Yscateopa  @ Ixcateupa @ Iscateupan;Provincia_menor;1600;1670;Nueva España;18.50306;-99.79361
JUNEMXLE;Lerma @ Talasco @ Lerma y Tarasquillo;Jurisdiccion;1600;1808;Nueva España;19.32778;-99.46
JUNEMXLE;Lerma @ Talasco @ Lerma y Tarasquillo;Partido;1701;1808;Nueva España;19.32778;-99.46
JUNEMXLE;Lerma @ Talasco @ Lerma y Tarasquillo;Provincia_menor;1600;1786;Nueva España;19.32778;-99.46
JUNEMXMA;Malinalco @ Tenancingo @ Maninalco;Jurisdiccion;1600;1808;Nueva España;18.94833;-99.49472
JUNEMXMA;Malinalco @ Tenancingo @ Maninalco;Partido;1701;1808;Nueva España;18.94833;-99.49472
JUNEMXMA;Malinalco @ Tenancingo @ Maninalco;Provincia_menor;1550;1786;Nueva España;18.94833;-99.49472
JUNEMXMC;Metepec @ Metepec y Sicantepec @ Metepeque y Sinacantepeque @ Metepec y Sanacantepec @ Metepec y Zinacantepec;Jurisdiccion;1763;1808;Nueva España;19.25111;-99.60472
JUNEMXMC;Metepec @ Metepec y Sicantepec @ Metepeque y Sinacantepeque @ Metepec y Sanacantepec @ Metepec y Zinacantepec;Partido;1763;1808;Nueva España;19.25111;-99.60472
JUNEMXMC;Metepec @ Metepec y Sicantepec @ Metepeque y Sinacantepeque @ Metepec y Sanacantepec @ Metepec y Zinacantepec;Provincia_menor;1763;1786;Nueva España;19.25111;-99.60472
JUNEMXMI;Mizquiaguala @ Mizquiahuala @  Misquiahuala @ Atengo  y Misquiahuala @ Mixquiahuala;Jurisdiccion;1531;1689;Nueva España;20.23111;-99.21306
JUNEMXMI;Mizquiaguala @ Mizquiahuala @  Misquiahuala @ Atengo  y Misquiahuala @ Mixquiahuala;Partido;1701;1762;Nueva España;20.23111;-99.21306
JUNEMXMI;Mizquiaguala @ Mizquiahuala @  Misquiahuala @ Atengo  y Misquiahuala @ Mixquiahuala;Provincia_menor;1600;1689;Nueva España;20.23111;-99.21306
JUNEMXMT;Metztitlan @ Meztitlan @ Mextitlan @ Metztitlan de la Sierra @ Meztitlan @ Meztitlan de la Sierra, Molango y Malila;Jurisdiccion;1600;1808;Nueva España;20.78556;-98.72917
JUNEMXMT;Metztitlan @ Meztitlan @ Mextitlan @ Metztitlan de la Sierra @ Meztitlan @ Meztitlan de la Sierra, Molango y Malila;Partido;1701;1808;Nueva España;20.78556;-98.72917
JUNEMXMT;Metztitlan @ Meztitlan @ Mextitlan @ Metztitlan de la Sierra @ Meztitlan @ Meztitlan de la Sierra, Molango y Malila;Provincia_menor;1531;1786;Nueva España;20.78556;-98.72917
JUNEMXMX;Mexico @;Jurisdiccion;1524;1808;Nueva España;19.43379;-99.13313
JUNEMXMX;Mexico @;Partido;1701;1808;Nueva España;19.43379;-99.13313
JUNEMXMX;Mexico @;Provincia_menor;1524;1786;Nueva España;19.43379;-99.13313
JUNEMXMZ;Mexicaltzingo @;Jurisdiccion;1531;1808;Nueva España;20.23111;-99.21306
JUNEMXMZ;Mexicaltzingo @;Partido;1701;1808;Nueva España;20.23111;-99.21306
JUNEMXMZ;Mexicaltzingo @;Provincia_menor;1600;1786;Nueva España;20.23111;-99.21306
JUNEMXOT;Otumba @;Jurisdiccion;1531;1808;Nueva España;19.69694;-98.75472
JUNEMXOT;Otumba @;Partido;1701;1808;Nueva España;19.69694;-98.75472
JUNEMXOT;Otumba @;Provincia_menor;1600;1786;Nueva España;19.69694;-98.75472
JUNEMXPA;Pachuca @ Tizayuca y Zapotlan @ Pachuca y Tesayuca @ Pachuca y Tizayuca @ Minas de Pachuca;Jurisdiccion;1531;1808;Nueva España;20.1216;-98.73314
JUNEMXPA;Pachuca @ Tizayuca y Zapotlan @ Pachuca y Tesayuca @ Pachuca y Tizayuca @ Minas de Pachuca;Partido;1701;1808;Nueva España;20.1216;-98.73314
JUNEMXPA;Pachuca @ Tizayuca y Zapotlan @ Pachuca y Tesayuca @ Pachuca y Tizayuca @ Minas de Pachuca;Provincia_menor;1552;1786;Nueva España;20.1216;-98.73314
JUNEMXQU;Queretaro @;Jurisdiccion;1531;1808;Nueva España;20.5875;-100.39278
JUNEMXQU;Queretaro @;Partido;1701;1808;Nueva España;20.5875;-100.39278
JUNEMXQU;Queretaro @;Provincia_menor;1577;1808;Nueva España;20.5875;-100.39278
JUNEMXSF;Santa Fe @;Jurisdiccion;1531;1808;Nueva España;90;0
JUNEMXSF;Santa Fe @;Partido;1701;1808;Nueva España;90;0
JUNEMXSF;Santa Fe @;Provincia_menor;1531;1786;Nueva España;90;0
JUNEMXSO;Sochicoatlan @ Xochicoatlan @ Sochiquitlan @ Jochiquiatlan @ Zochicoatlan @ Sochiguautla;Jurisdiccion;1531;1710;Nueva España;20.77639;-98.67806
JUNEMXSO;Sochicoatlan @ Xochicoatlan @ Sochiquitlan @ Jochiquiatlan @ Zochicoatlan @ Sochiguautla;Partido;1701;1710;Nueva España;20.77639;-98.67806
JUNEMXSO;Sochicoatlan @ Xochicoatlan @ Sochiquitlan @ Jochiquiatlan @ Zochicoatlan @ Sochiguautla;Provincia_menor;1600;1710;Nueva España;20.77639;-98.67806
JUNEMXTA;Taxco @ Tasco @ Taxco e Iguala @ Real de minas de Taxco;Jurisdiccion;1529;1808;Nueva España;18.55639;-99.60333
JUNEMXTA;Taxco @ Tasco @ Taxco e Iguala @ Real de minas de Taxco;Provincia_menor;1529;1786;Nueva España;18.55639;-99.60333
JUNEMXTC;Tacuba @ Tacuba y Coaytilan @ Tenayuca @ Tlalnepantla @ Tlanenepantla @ Tlalnepantlan y Tlacopan;Jurisdiccion;1600;1808;Nueva España;19.53097;-99.1688
JUNEMXTC;Tacuba @ Tacuba y Coaytilan @ Tenayuca @ Tlalnepantla @ Tlanenepantla @ Tlalnepantlan y Tlacopan;Partido;1701;1808;Nueva España;19.53097;-99.1688
JUNEMXTC;Tacuba @ Tacuba y Coaytilan @ Tenayuca @ Tlalnepantla @ Tlanenepantla @ Tlalnepantlan y Tlacopan;Provincia_menor;1573;1786;Nueva España;19.53097;-99.1688
JUNEMXTE;Temascaltepec @ Temazcaltepec y Zultepec @ Minas de Temalzaltepec @ Temascaltepeque y Zultepeque @ Temascaltepeque y Sultepeque;Jurisdiccion;1545;1808;Nueva España;19.04687;-100.0335
JUNEMXTE;Temascaltepec @ Temazcaltepec y Zultepec @ Minas de Temalzaltepec @ Temascaltepeque y Zultepeque @ Temascaltepeque y Sultepeque;Provincia_menor;1545;1786;Nueva España;19.04687;-100.0335
JUNEMXTG;Tulancingo @ Singulica y Tulancingo @ Singuiluca @ Cinguiluca y Tulancingo;Jurisdiccion;1575;1808;Nueva España;20.08139;-98.36861
JUNEMXTG;Tulancingo @ Singulica y Tulancingo @ Singuiluca @ Cinguiluca y Tulancingo;Partido;1701;1808;Nueva España;20.08139;-98.36861
JUNEMXTG;Tulancingo @ Singulica y Tulancingo @ Singuiluca @ Cinguiluca y Tulancingo;Provincia_menor;1575;1786;Nueva España;20.08139;-98.36861
JUNEMXTH;Teotihuacan @ San Juan Teotihuacan @ Tequecistlan;Jurisdiccion;1557;1808;Nueva España;19.59167;-98.94106
JUNEMXTH;Teotihuacan @ San Juan Teotihuacan @ Tequecistlan;Partido;1701;1808;Nueva España;19.59167;-98.94106
JUNEMXTH;Teotihuacan @ San Juan Teotihuacan @ Tequecistlan;Provincia_menor;1600;1786;Nueva España;19.59167;-98.94106
JUNEMXTI;Tixtla @ Tistla @ Tixtla y Chilapa @ Minas de Zumpango @ Minas de Zumpango y provincia de Tlapa;Jurisdiccion;1542;1808;Nueva España;17.65194;-99.52639
JUNEMXTI;Tixtla @ Tistla @ Tixtla y Chilapa @ Minas de Zumpango @ Minas de Zumpango y provincia de Tlapa;Partido;1701;1808;Nueva España;17.65194;-99.52639
JUNEMXTI;Tixtla @ Tistla @ Tixtla y Chilapa @ Minas de Zumpango @ Minas de Zumpango y provincia de Tlapa;Provincia_menor;1542;1599;Nueva España;17.65194;-99.52639
JUNEMXTO;Toluca @;Jurisdiccion;1531;1808;Nueva España;19.29222;-99.65389
JUNEMXTO;Toluca @;Partido;1701;1808;Nueva España;19.29222;-99.65389
JUNEMXTO;Toluca @;Provincia_menor;1570;1725;Nueva España;19.29222;-99.65389
JUNEMXTP;Tetepango @ Tetepango Hueypustla @ Gueispustla @ Huipuxtla @ Tetepango y Misquiaguala @ Tetepango y Mixquiahuala @ Tetepango y Mizquiahuala @ Tetepango y Atitalaquia @ Misquiaguala y Atitalaquia @ Tetepango, Misquiaguala y Atitalaquia @ Tetepango y Quipus;Jurisdiccion;1531;1808;Nueva España;20.1025;-99.15694
JUNEMXTP;Tetepango @ Tetepango Hueypustla @ Gueispustla @ Huipuxtla @ Tetepango y Misquiaguala @ Tetepango y Mixquiahuala @ Tetepango y Mizquiahuala @ Tetepango y Atitalaquia @ Misquiaguala y Atitalaquia @ Tetepango, Misquiaguala y Atitalaquia @ Tetepango y Quipus;Provincia_menor;1558;1786;Nueva España;20.1025;-99.15694
JUNEMXTR;Tetela del Rio @ Ajuchitlan @ Azuchitlan @ Capulalcolulco;Jurisdiccion;1534;1808;Nueva España;17.82556;-100.40361
JUNEMXTR;Tetela del Rio @ Ajuchitlan @ Azuchitlan @ Capulalcolulco;Partido;1701;1808;Nueva España;17.82556;-100.40361
JUNEMXTR;Tetela del Rio @ Ajuchitlan @ Azuchitlan @ Capulalcolulco;Provincia_menor;1600;1786;Nueva España;17.82556;-100.40361
JUNEMXTT;Tetela del Volcan @;Jurisdiccion;1561;1808;Nueva España;18.89194;-98.72944
JUNEMXTT;Tetela del Volcan @;Partido;1701;1808;Nueva España;18.89194;-98.72944
JUNEMXTT;Tetela del Volcan @;Provincia_menor;1600;1783;Nueva España;18.89194;-98.72944
JUNEMXTU;Tula @;Jurisdiccion;1544;1808;Nueva España;20.05417;-99.34167
JUNEMXTU;Tula @;Partido;1701;1808;Nueva España;20.05417;-99.34167
JUNEMXTU;Tula @;Provincia_menor;1563;1709;Nueva España;20.05417;-99.34167
JUNEMXTV;Tenango del Valle @ Teutenango;Jurisdiccion;1535;1808;Nueva España;19.1025;-99.58889
JUNEMXTV;Tenango del Valle @ Teutenango;Partido;1701;1808;Nueva España;19.1025;-99.58889
JUNEMXTV;Tenango del Valle @ Teutenango;Provincia_menor;1600;1786;Nueva España;19.1025;-99.58889
JUNEMXTX;Texcoco @ Tescoco @ Tescuco @ Tezcuco @ Tetzcoco @ Tetzcuco @ Acolhuacan;Jurisdiccion;1531;1808;Nueva España;19.50556;-98.88194
JUNEMXTX;Texcoco @ Tescoco @ Tescuco @ Tezcuco @ Tetzcoco @ Tetzcuco @ Acolhuacan;Partido;1701;1808;Nueva España;19.50556;-98.88194
JUNEMXTX;Texcoco @ Tescoco @ Tescuco @ Tezcuco @ Tetzcoco @ Tetzcuco @ Acolhuacan;Provincia_menor;1531;1786;Nueva España;19.50556;-98.88194
JUNEMXTY;Tlayacapa @ Totolapa;Jurisdiccion;1600;1704;Nueva España;18.95083;-98.98194
JUNEMXTY;Tlayacapa @ Totolapa;Partido;1701;1786;Nueva España;18.95083;-98.98194
JUNEMXTY;Tlayacapa @ Totolapa;Provincia_menor;1600;1704;Nueva España;18.95083;-98.98194
JUNEMXXO;Xochimilco @ Sochimilco @ Juquimilco @ Xuchimilco;Jurisdiccion;1541;1808;Nueva España;19.2625;-99.1025
JUNEMXXO;Xochimilco @ Sochimilco @ Juquimilco @ Xuchimilco;Partido;1701;1808;Nueva España;19.2625;-99.1025
JUNEMXXO;Xochimilco @ Sochimilco @ Juquimilco @ Xuchimilco;Provincia_menor;1570;1786;Nueva España;19.2625;-99.1025
JUNEMXYA;Yahualica @ Yagualica @ Yagualica y Sochicoatlan @ Yagualica y Zochicoatlan @ Yagualica y Jochiquiatlan @ Sochiguautla;Jurisdiccion;1545;1808;Nueva España;20.94889;-98.38194
JUNEMXYA;Yahualica @ Yagualica @ Yagualica y Sochicoatlan @ Yagualica y Zochicoatlan @ Yagualica y Jochiquiatlan @ Sochiguautla;Partido;1701;1808;Nueva España;20.94889;-98.38194
JUNEMXYA;Yahualica @ Yagualica @ Yagualica y Sochicoatlan @ Yagualica y Zochicoatlan @ Yagualica y Jochiquiatlan @ Sochiguautla;Provincia_menor;1600;1786;Nueva España;20.94889;-98.38194
JUNEMXZE;Zempoala @ Cempoala @ Zempoala y Tequicistlan @ Tlalquilpan y Zempoala;Jurisdiccion;1531;1808;Nueva España;19.915;-98.66972
JUNEMXZE;Zempoala @ Cempoala @ Zempoala y Tequicistlan @ Tlalquilpan y Zempoala;Partido;1701;1808;Nueva España;19.915;-98.66972
JUNEMXZE;Zempoala @ Cempoala @ Zempoala y Tequicistlan @ Tlalquilpan y Zempoala;Provincia_menor;1600;1786;Nueva España;19.915;-98.66972
JUNEMXZI;Zimapan @ Cimapan @ Minas de Zimapan;Jurisdiccion;1590;1808;Nueva España;20.73694;-99.38194
JUNEMXZI;Zimapan @ Cimapan @ Minas de Zimapan;Partido;1701;1808;Nueva España;20.73694;-99.38194
JUNEMXZI;Zimapan @ Cimapan @ Minas de Zimapan;Provincia_menor;1590;1786;Nueva España;20.73694;-99.38194
JUNEMXZM;Zumpango @ Xilocingo @ Jilocingo @ Citlaltepeque @ Citlaltepec @ Zitlaltepec @ Xilocingo, Tlaltepec y Texisquiac @ Citlaltepeque, Tequisquiapa y Xilocingo;Jurisdiccion;1561;1808;Nueva España;19.79694;-99.09917
JUNEMXZM;Zumpango @ Xilocingo @ Jilocingo @ Citlaltepeque @ Citlaltepec @ Zitlaltepec @ Xilocingo, Tlaltepec y Texisquiac @ Citlaltepeque, Tequisquiapa y Xilocingo;Partido;1701;1808;Nueva España;19.79694;-99.09917
JUNEMXZM;Zumpango @ Xilocingo @ Jilocingo @ Citlaltepeque @ Citlaltepec @ Zitlaltepec @ Xilocingo, Tlaltepec y Texisquiac @ Citlaltepeque, Tequisquiapa y Xilocingo;Provincia_menor;1600;1786;Nueva España;19.79694;-99.09917
JUNEMXZP;Zacualpan @ Ixtapan @ Iztapan @ Zacualpa @ Zacualpa e Ixcateopan @ Zacualpa y Escateupan;Jurisdiccion;1536;1808;Nueva España;18.75722;-99.74
JUNEMXZP;Zacualpan @ Ixtapan @ Iztapan @ Zacualpa @ Zacualpa e Ixcateopan @ Zacualpa y Escateupan;Provincia_menor;1563;1786;Nueva España;18.75722;-99.74
JUNEMXZT;Zacatula @;Jurisdiccion;1524;1808;Nueva España;18.00889;-102.17806
JUNEMXZT;Zacatula @;Partido;1701;1808;Nueva España;18.00889;-102.17806
JUNEMXZT;Zacatula @;Provincia_menor;1524;1675;Nueva España;18.00889;-102.17806
JUNEMXZU;Zultepec @ Sultepec @ Sultepeque;Jurisdiccion;1536;1712;Nueva España;18.68222;-100.18583
JUNEMXZU;Zultepec @ Sultepec @ Sultepeque;Partido;1701;1750;Nueva España;18.68222;-100.18583
JUNEMXZU;Zultepec @ Sultepec @ Sultepeque;Provincia_menor;1540;1712;Nueva España;18.68222;-100.18583
JUNEOAAN;Antequera @;Jurisdiccion;1529;1808;Nueva España;17.06971;-96.7189
JUNEOAAN;Antequera @;Partido;1701;1808;Nueva España;17.06971;-96.7189
JUNEOAAN;Antequera @;Provincia_menor;1529;1786;Nueva España;17.06971;-96.7189
JUNEOAAT;Atlatlauca @ Atlatlauca y Maninaltepec @ Atlatlauca y Malinaltepec;Jurisdiccion;1532;1742;Nueva España;17.53111;-96.8275
JUNEOAAT;Atlatlauca @ Atlatlauca y Maninaltepec @ Atlatlauca y Malinaltepec;Partido;1701;1786;Nueva España;17.53111;-96.8275
JUNEOAAT;Atlatlauca @ Atlatlauca y Maninaltepec @ Atlatlauca y Malinaltepec;Provincia_menor;1603;1742;Nueva España;17.53111;-96.8275
JUNEOACM;Chontales @ Chontales y Mixes Altos;Jurisdiccion;1793;1808;Nueva España;16.28389;-95.87722
JUNEOACM;Chontales @ Chontales y Mixes Altos;Partido;1793;1808;Nueva España;16.28389;-95.87722
JUNEOACT;Chinantla y Uzila @ Chinantla y Ucila @ Chinantla, Ucila, Cosamaloapa y Guaspatepeque;Jurisdiccion;1534;1769;Nueva España;18.20139;-98.2625
JUNEOACT;Chinantla y Uzila @ Chinantla y Ucila @ Chinantla, Ucila, Cosamaloapa y Guaspatepeque;Partido;1701;1786;Nueva España;18.20139;-98.2625
JUNEOACT;Chinantla y Uzila @ Chinantla y Ucila @ Chinantla, Ucila, Cosamaloapa y Guaspatepeque;Provincia_menor;1600;1670;Nueva España;18.20139;-98.2625
JUNEOACV;Cuatro Villas @;Jurisdiccion;1534;1808;Nueva España;17.06971;-96.7189
JUNEOACV;Cuatro Villas @;Partido;1701;1808;Nueva España;17.06971;-96.7189
JUNEOACV;Cuatro Villas @;Provincia_menor;1707;1725;Nueva España;17.06971;-96.7189
JUNEOAHL;Huexolotitlan @ Huiso @ Huitzo @ Huizo @ Guaxolotlitlan @ Guajolotitlan @ Huejolotitlan @ Guayolotitlan y Guiso;Jurisdiccion;1531;1808;Nueva España;17.27694;-96.88364
JUNEOAHL;Huexolotitlan @ Huiso @ Huitzo @ Huizo @ Guaxolotlitlan @ Guajolotitlan @ Huejolotitlan @ Guayolotitlan y Guiso;Partido;1701;1808;Nueva España;17.27694;-96.88364
JUNEOAHL;Huexolotitlan @ Huiso @ Huitzo @ Huizo @ Guaxolotlitlan @ Guajolotitlan @ Huejolotitlan @ Guayolotitlan y Guiso;Provincia_menor;1600;1786;Nueva España;17.27694;-96.88364
JUNEOAHM;Huatulco y Huamelula @ Huatulco y Huamelula @ Guatulco @ Puerto de Guatulco;Jurisdiccion;1600;1808;Nueva España;16.025;-95.66528
JUNEOAHM;Huatulco y Huamelula @ Huatulco y Huamelula @ Guatulco @ Puerto de Guatulco;Provincia_menor;1600;1786;Nueva España;16.025;-95.66528
JUNEOAHP;Huajuapan @ Guaxuapa @ Guaxuapa y Tequecistepec @  Huaxuapa @ Huajuapa y Tonala @ Huajuapa y Tonala y Minas de Silacayopa;Jurisdiccion;1600;1808;Nueva España;17.80472;-97.77611
JUNEOAHP;Huajuapan @ Guaxuapa @ Guaxuapa y Tequecistepec @  Huaxuapa @ Huajuapa y Tonala @ Huajuapa y Tonala y Minas de Silacayopa;Partido;1701;1808;Nueva España;17.80472;-97.77611
JUNEOAHP;Huajuapan @ Guaxuapa @ Guaxuapa y Tequecistepec @  Huaxuapa @ Huajuapa y Tonala @ Huajuapa y Tonala y Minas de Silacayopa;Provincia_menor;1600;1786;Nueva España;17.80472;-97.77611
JUNEOAHT;Huatulco @;Jurisdiccion;1710;1741;Nueva España;15.83417;-96.32222
JUNEOAHT;Huatulco @;Partido;1701;1808;Nueva España;15.83417;-96.32222
JUNEOAHT;Huatulco @;Provincia_menor;1550;1741;Nueva España;15.83417;-96.32222
JUNEOAIX;Ixtepeji @ Ixtepexi @ Iztepexi;Jurisdiccion;1554;1808;Nueva España;17.26583;-96.56222
JUNEOAIX;Ixtepeji @ Ixtepexi @ Iztepexi;Partido;1701;1808;Nueva España;17.26583;-96.56222
JUNEOAIX;Ixtepeji @ Ixtepexi @ Iztepexi;Provincia_menor;1632;1709;Nueva España;17.26583;-96.56222
JUNEOAJI;Jicayan @ Tututepec @ Jamiltepec @ Jamiltepeque @ Xamiltepeque @ Xicayan @ Xicayan y Tututepec;Jurisdiccion;1544;1808;Nueva España;16.28056;-97.82333
JUNEOAJI;Jicayan @ Tututepec @ Jamiltepec @ Jamiltepeque @ Xamiltepeque @ Xicayan @ Xicayan y Tututepec;Partido;1701;1808;Nueva España;16.28056;-97.82333
JUNEOAJI;Jicayan @ Tututepec @ Jamiltepec @ Jamiltepeque @ Xamiltepeque @ Xicayan @ Xicayan y Tututepec;Provincia_menor;1582;1786;Nueva España;16.28056;-97.82333
JUNEOAJM;Jalapa Del Marques @ Xalapa del Marques @ Xalapa del Estado;Jurisdiccion;1563;1808;Nueva España;16.44083;-95.445
JUNEOAJM;Jalapa Del Marques @ Xalapa del Marques @ Xalapa del Estado;Partido;1701;1808;Nueva España;16.44083;-95.445
JUNEOAJU;Juxtlahuaca @ Tustlahuaca @ Tuxtlahuaca @ Justlahuaca @ Juxtlahuaca y Hicpaltepeque;Jurisdiccion;1548;1808;Nueva España;17.33333;-98.01111
JUNEOAJU;Juxtlahuaca @ Tustlahuaca @ Tuxtlahuaca @ Justlahuaca @ Juxtlahuaca y Hicpaltepeque;Partido;1701;1808;Nueva España;17.33333;-98.01111
JUNEOAJU;Juxtlahuaca @ Tustlahuaca @ Tuxtlahuaca @ Justlahuaca @ Juxtlahuaca y Hicpaltepeque;Provincia_menor;1600;1786;Nueva España;17.33333;-98.01111
JUNEOAMI;Miahuatlan @ Miaguatlan;Jurisdiccion;1599;1808;Nueva España;16.32778;-96.59306
JUNEOAMI;Miahuatlan @ Miaguatlan;Partido;1701;1808;Nueva España;16.32778;-96.59306
JUNEOAMI;Miahuatlan @ Miaguatlan;Provincia_menor;1599;1786;Nueva España;16.32778;-96.59306
JUNEOANE;Nejapa @;Jurisdiccion;1570;1808;Nueva España;16.60778;-95.97833
JUNEOANE;Nejapa @;Partido;1701;1808;Nueva España;16.60778;-95.97833
JUNEOANE;Nejapa @;Provincia_menor;1570;1786;Nueva España;16.60778;-95.97833
JUNEOANO;Nochixtlan @ Nochixtlan y Yanhuitlan @ Nochistlan y Peñoles;Jurisdiccion;1545;1808;Nueva España;17.45722;-97.225
JUNEOANO;Nochixtlan @ Nochixtlan y Yanhuitlan @ Nochistlan y Peñoles;Provincia_menor;1600;1786;Nueva España;17.45722;-97.225
JUNEOAPE;Ixcuintepec Peñoles @ Iscuintepec @ Ixquintepeque @ Ixcuintepec y Elotepec;Jurisdiccion;1545;1688;Nueva España;17.07778;-97.00139
JUNEOAPE;Ixcuintepec Peñoles @ Iscuintepec @ Ixquintepeque @ Ixcuintepec y Elotepec;Partido;1701;1786;Nueva España;17.07778;-97.00139
JUNEOAPE;Ixcuintepec Peñoles @ Iscuintepec @ Ixquintepeque @ Ixcuintepec y Elotepec;Provincia_menor;1600;1688;Nueva España;17.07778;-97.00139
JUNEOATC;Cuicatlan @ Cuicatlan y Papaloticpac @ Cuicatlan y Teotitlan @ Teotitlan Del Camino @ Ciucatlan;Jurisdiccion;1696;1808;Nueva España;17.79861;-96.95972
JUNEOATC;Cuicatlan @ Cuicatlan y Papaloticpac @ Cuicatlan y Teotitlan @ Teotitlan Del Camino @ Ciucatlan;Partido;1701;1808;Nueva España;17.79861;-96.95972
JUNEOATC;Cuicatlan @ Cuicatlan y Papaloticpac @ Cuicatlan y Teotitlan @ Teotitlan Del Camino @ Ciucatlan;Provincia_menor;1696;1786;Nueva España;17.79861;-96.95972
JUNEOATL;Teutila @ Teutila y Chinantla @ Teutila y Rio Alvarado;Jurisdiccion;1533;1808;Nueva España;17.975;-96.70417
JUNEOATL;Teutila @ Teutila y Chinantla @ Teutila y Rio Alvarado;Partido;1787;1808;Nueva España;17.975;-96.70417
JUNEOATL;Teutila @ Teutila y Chinantla @ Teutila y Rio Alvarado;Provincia_menor;1554;1786;Nueva España;17.975;-96.70417
JUNEOATP;Teposcolula @ Teposcolula y Yanguitlan @ Teposcolula y Anguitlan @ Teposcolula y Yanhuitlan;Jurisdiccion;1531;1808;Nueva España;17.51056;-97.48833
JUNEOATP;Teposcolula @ Teposcolula y Yanguitlan @ Teposcolula y Anguitlan @ Teposcolula y Yanhuitlan;Partido;1701;1808;Nueva España;17.51056;-97.48833
JUNEOATP;Teposcolula @ Teposcolula y Yanguitlan @ Teposcolula y Anguitlan @ Teposcolula y Yanhuitlan;Provincia_menor;1552;1786;Nueva España;17.51056;-97.48833
JUNEOATT;Tehuantepec @ Tehuantepeque @ Teguantepec @ Teguantepeque @ Tegoantepec;Jurisdiccion;1526;1808;Nueva España;16.33168;-95.23156
JUNEOATT;Tehuantepec @ Tehuantepeque @ Teguantepec @ Teguantepeque @ Tegoantepec;Partido;1701;1808;Nueva España;16.33168;-95.23156
JUNEOATT;Tehuantepec @ Tehuantepeque @ Teguantepec @ Teguantepeque @ Tegoantepec;Provincia_menor;1563;1786;Nueva España;16.33168;-95.23156
JUNEOATV;Teotitlan del Valle @ Mitla y Tlacolula @ Macuilsuchil;Jurisdiccion;1680;1808;Nueva España;17.02917;-96.52
JUNEOATV;Teotitlan del Valle @ Mitla y Tlacolula @ Macuilsuchil;Partido;1701;1808;Nueva España;17.02917;-96.52
JUNEOATV;Teotitlan del Valle @ Mitla y Tlacolula @ Macuilsuchil;Provincia_menor;1680;1786;Nueva España;17.02917;-96.52
JUNEOATZ;Teozacualco @ Teosacualco @ Teozacualco y Amoltepec @ Teozacoalco @ Teozacoalco y Teococuilco @ Teozacoalco y Teocucuilco @ Teopozalco, Teoxomulco y Teocuicuilco @ Teocuicuilco y Teozacualco @ Teozacualco y Teozoquilco;Jurisdiccion;1532;1808;Nueva España;17.01583;-97.28667
JUNEOATZ;Teozacualco @ Teosacualco @ Teozacualco y Amoltepec @ Teozacoalco @ Teozacoalco y Teococuilco @ Teozacoalco y Teocucuilco @ Teopozalco, Teoxomulco y Teocuicuilco @ Teocuicuilco y Teozacualco @ Teozacualco y Teozoquilco;Partido;1701;1808;Nueva España;17.01583;-97.28667
JUNEOATZ;Teozacualco @ Teosacualco @ Teozacualco y Amoltepec @ Teozacoalco @ Teozacoalco y Teococuilco @ Teozacoalco y Teocucuilco @ Teopozalco, Teoxomulco y Teocuicuilco @ Teocuicuilco y Teozacualco @ Teozacualco y Teozoquilco;Provincia_menor;1600;1786;Nueva España;17.01583;-97.28667
JUNEOAVA;Villa Alta @ Villalta @ Zapotecas;Jurisdiccion;1527;1808;Nueva España;17.33775;-96.1513
JUNEOAVA;Villa Alta @ Villalta @ Zapotecas;Partido;1701;1808;Nueva España;17.33775;-96.1513
JUNEOAVA;Villa Alta @ Villalta @ Zapotecas;Provincia_menor;1527;1786;Nueva España;17.33775;-96.1513
JUNEOAYA;Yanhuitlan @ Tonaltepec y Zoyaltepec @ Ianguitlan @ Anguitlan;Jurisdiccion;1534;1688;Nueva España;17.52667;-97.34444
JUNEOAYA;Yanhuitlan @ Tonaltepec y Zoyaltepec @ Ianguitlan @ Anguitlan;Provincia_menor;1553;1688;Nueva España;17.52667;-97.34444
JUNEOAZI;Zimatlan @ Cimatlan @ Zimatlan y Tepezimatlan @ Cimatlan y Tepecimatlan @ Zimatlan y Chichicapa;Jurisdiccion;1534;1808;Nueva España;16.86528;-96.78472
JUNEOAZI;Zimatlan @ Cimatlan @ Zimatlan y Tepezimatlan @ Cimatlan y Tepecimatlan @ Zimatlan y Chichicapa;Partido;1701;1808;Nueva España;16.86528;-96.78472
JUNEOAZI;Zimatlan @ Cimatlan @ Zimatlan y Tepezimatlan @ Cimatlan y Tepecimatlan @ Zimatlan y Chichicapa;Provincia_menor;1600;1786;Nueva España;16.86528;-96.78472
JUNEPUAC;Acatlan @ Acatlan y Piaxtla @ Acatlan y Piastla;Jurisdiccion;1532;1808;Nueva España;18.20056;-98.04667
JUNEPUAC;Acatlan @ Acatlan y Piaxtla @ Acatlan y Piastla;Partido;1701;1808;Nueva España;18.20056;-98.04667
JUNEPUAC;Acatlan @ Acatlan y Piaxtla @ Acatlan y Piastla;Provincia_menor;1558;1786;Nueva España;18.20056;-98.04667
JUNEPUAH;Ahuatlan @ Aguatlan y Teopantlan @ Aguatlan y Zoyatitlanapa @ Aguatlan y Toyatitlanapa @ Aguatlan y Zoyatitlanapa;Jurisdiccion;1600;1740;Nueva España;18.57472;-98.25611
JUNEPUAH;Ahuatlan @ Aguatlan y Teopantlan @ Aguatlan y Zoyatitlanapa @ Aguatlan y Toyatitlanapa @ Aguatlan y Zoyatitlanapa;Partido;1701;1740;Nueva España;18.57472;-98.25611
JUNEPUAH;Ahuatlan @ Aguatlan y Teopantlan @ Aguatlan y Zoyatitlanapa @ Aguatlan y Toyatitlanapa @ Aguatlan y Zoyatitlanapa;Provincia_menor;1600;1740;Nueva España;18.57472;-98.25611
JUNEPUAM;Amozoc @ Amozoque @ Guatinchan @ Guautinchan @ Cuautinchan;Jurisdiccion;1542;1808;Nueva España;19.04417;-98.04472
JUNEPUAM;Amozoc @ Amozoque @ Guatinchan @ Guautinchan @ Cuautinchan;Partido;1701;1808;Nueva España;19.04417;-98.04472
JUNEPUAT;Atlixco @ Acapetlahuaca @ Atlisco @ Atrisco @ Valle de Atrisco @ Villa de Carrion;Jurisdiccion;1579;1808;Nueva España;18.90958;-98.43361
JUNEPUAT;Atlixco @ Acapetlahuaca @ Atlisco @ Atrisco @ Valle de Atrisco @ Villa de Carrion;Partido;1701;1808;Nueva España;18.90958;-98.43361
JUNEPUAT;Atlixco @ Acapetlahuaca @ Atlisco @ Atrisco @ Valle de Atrisco @ Villa de Carrion;Provincia_menor;1579;1709;Nueva España;18.90958;-98.43361
JUNEPUCE;Chietla @ Chietlan @ Chetla;Jurisdiccion;1600;1808;Nueva España;18.51833;-98.57861
JUNEPUCE;Chietla @ Chietlan @ Chetla;Partido;1701;1808;Nueva España;18.51833;-98.57861
JUNEPUCE;Chietla @ Chietlan @ Chetla;Provincia_menor;1600;1786;Nueva España;18.51833;-98.57861
JUNEPUCL;Cholula @;Jurisdiccion;1531;1808;Nueva España;19.06139;-98.30611
JUNEPUCL;Cholula @;Partido;1701;1808;Nueva España;19.06139;-98.30611
JUNEPUCL;Cholula @;Provincia_menor;1531;1786;Nueva España;19.06139;-98.30611
JUNEPUCT;Chiautla @ Chiautla de la Sal @ Chiautla de la Sal y Teocalco @;Jurisdiccion;1549;1808;Nueva España;18.30028;-98.60361
JUNEPUCT;Chiautla @ Chiautla de la Sal @ Chiautla de la Sal y Teocalco @;Partido;1701;1808;Nueva España;18.30028;-98.60361
JUNEPUCT;Chiautla @ Chiautla de la Sal @ Chiautla de la Sal y Teocalco @;Provincia_menor;1549;1786;Nueva España;18.30028;-98.60361
JUNEPUHH;Huatlatlauca @ Huatlatlauca y Huehuetlan @ Guatlatlauca de Puebla @ Atlatlauca;Jurisdiccion;1536;1700;Nueva España;18.67778;-98.05111
JUNEPUHH;Huatlatlauca @ Huatlatlauca y Huehuetlan @ Guatlatlauca de Puebla @ Atlatlauca;Partido;1701;1786;Nueva España;18.67778;-98.05111
JUNEPUHH;Huatlatlauca @ Huatlatlauca y Huehuetlan @ Guatlatlauca de Puebla @ Atlatlauca;Provincia_menor;1600;1700;Nueva España;18.67778;-98.05111
JUNEPUHN;Huauchinango @ Guachinango @ Metateyuca;Jurisdiccion;1565;1808;Nueva España;20.17472;-98.0525
JUNEPUHN;Huauchinango @ Guachinango @ Metateyuca;Partido;1701;1808;Nueva España;20.17472;-98.0525
JUNEPUHN;Huauchinango @ Guachinango @ Metateyuca;Provincia_menor;1580;1709;Nueva España;20.17472;-98.0525
JUNEPUHY;Huayacocotla @ Guayacocotla y Chicontepec;Jurisdiccion;1600;1808;Nueva España;20.53528;-98.47972
JUNEPUHY;Huayacocotla @ Guayacocotla y Chicontepec;Partido;1701;1808;Nueva España;20.53528;-98.47972
JUNEPUHY;Huayacocotla @ Guayacocotla y Chicontepec;Provincia_menor;1600;1786;Nueva España;20.53528;-98.47972
JUNEPUHZ;Huejotzingo @ Guejosingo @ Huexocingo;Jurisdiccion;1541;1808;Nueva España;19.16;-98.40611
JUNEPUHZ;Huejotzingo @ Guejosingo @ Huexocingo;Partido;1701;1808;Nueva España;19.16;-98.40611
JUNEPUHZ;Huejotzingo @ Guejosingo @ Huexocingo;Provincia_menor;1600;1786;Nueva España;19.16;-98.40611
JUNEPUIG;Igualapa @ Ometepeque @ Igualapa, Xalapa y Cintla @ Ygualapam @ Xalapa @ Xalapa, Cintla y Acatlan @ Xalapa de la Costa;Jurisdiccion;1549;1808;Nueva España;16.68306;-98.40556
JUNEPUIG;Igualapa @ Ometepeque @ Igualapa, Xalapa y Cintla @ Ygualapam @ Xalapa @ Xalapa, Cintla y Acatlan @ Xalapa de la Costa;Partido;1701;1808;Nueva España;16.68306;-98.40556
JUNEPUIG;Igualapa @ Ometepeque @ Igualapa, Xalapa y Cintla @ Ygualapam @ Xalapa @ Xalapa, Cintla y Acatlan @ Xalapa de la Costa;Provincia_menor;1558;1786;Nueva España;16.68306;-98.40556
JUNEPUIZ;Izucar @ Izucar, Aguatlan y Teopantlan;Jurisdiccion;1560;1808;Nueva España;18.60306;-98.465
JUNEPUIZ;Izucar @ Izucar, Aguatlan y Teopantlan;Partido;1701;1808;Nueva España;18.60306;-98.465
JUNEPUIZ;Izucar @ Izucar, Aguatlan y Teopantlan;Provincia_menor;1559;1786;Nueva España;18.60306;-98.465
JUNEPUPU;Puebla @ Los Angeles @ Cuctlaxohuapan;Jurisdiccion;1531;1808;Nueva España;19.04259;-98.19804
JUNEPUPU;Puebla @ Los Angeles @ Cuctlaxohuapan;Provincia;1755;1786;Nueva España;19.04259;-98.19804
JUNEPUPU;Puebla @ Los Angeles @ Cuctlaxohuapan;Provincia_menor;1538;1786;Nueva España;19.04259;-98.19804
JUNEPUSJ;San Juan de Los Llanos @ Tlatlauquitepec;Jurisdiccion;1538;1808;Nueva España;19.85083;-97.495
JUNEPUSJ;San Juan de Los Llanos @ Tlatlauquitepec;Partido;1701;1808;Nueva España;19.85083;-97.495
JUNEPUSJ;San Juan de Los Llanos @ Tlatlauquitepec;Provincia_menor;1600;1786;Nueva España;19.85083;-97.495
JUNEPUTC;Tecali @ Santiago Tecali @ Tecalco;Jurisdiccion;1664;1808;Nueva España;18.89861;-97.96917
JUNEPUTC;Tecali @ Santiago Tecali @ Tecalco;Partido;1701;1808;Nueva España;18.89861;-97.96917
JUNEPUTC;Tecali @ Santiago Tecali @ Tecalco;Provincia_menor;1664;1687;Nueva España;18.89861;-97.96917
JUNEPUTE;Teutlalco @ Teotalco @ Teotlalco @ Tlaucingo @ Minas de Teotlalco @ Teotalco @ Teutlalco y Conteupa;Jurisdiccion;1531;1769;Nueva España;18.4675;-98.77778
JUNEPUTE;Teutlalco @ Teotalco @ Teotlalco @ Tlaucingo @ Minas de Teotlalco @ Teotalco @ Teutlalco y Conteupa;Partido;1701;1769;Nueva España;18.4675;-98.77778
JUNEPUTE;Teutlalco @ Teotalco @ Teotlalco @ Tlaucingo @ Minas de Teotlalco @ Teotalco @ Teutlalco y Conteupa;Provincia_menor;1576;1769;Nueva España;18.4675;-98.77778
JUNEPUTH;Tehuacan @ Tehuacan de las Granadas @ Tehuacan y Teutitlan;Jurisdiccion;1534;1808;Nueva España;18.46111;-97.39194
JUNEPUTH;Tehuacan @ Tehuacan de las Granadas @ Tehuacan y Teutitlan;Partido;1701;1808;Nueva España;18.46111;-97.39194
JUNEPUTH;Tehuacan @ Tehuacan de las Granadas @ Tehuacan y Teutitlan;Provincia_menor;1554;1786;Nueva España;18.46111;-97.39194
JUNEPUTJ;Tetela y Jonotla @ Xonotla y Tetela;Jurisdiccion;1533;1808;Nueva España;19.81556;-97.80694
JUNEPUTJ;Tetela y Jonotla @ Xonotla y Tetela;Partido;1701;1808;Nueva España;19.81556;-97.80694
JUNEPUTJ;Tetela y Jonotla @ Xonotla y Tetela;Provincia_menor;1600;1786;Nueva España;19.81556;-97.80694
JUNEPUTL;Tlapa @ Tlapan;Jurisdiccion;1532;1808;Nueva España;17.54611;-98.57639
JUNEPUTL;Tlapa @ Tlapan;Partido;1701;1808;Nueva España;17.54611;-98.57639
JUNEPUTL;Tlapa @ Tlapan;Provincia_menor;1579;1786;Nueva España;17.54611;-98.57639
JUNEPUTM;Totomehuacan @;Jurisdiccion;1787;1808;Nueva España;18.96833;-98.18556
JUNEPUTM;Totomehuacan @;Partido;1701;1808;Nueva España;18.96833;-98.18556
JUNEPUTO;Tochimilco @ Ocopetlayuca @ Ocopetlavaca @ Cochimilco @ Xochimilco @ Juchimilco;Jurisdiccion;1546;1808;Nueva España;18.8975;-98.44722
JUNEPUTO;Tochimilco @ Ocopetlayuca @ Ocopetlavaca @ Cochimilco @ Xochimilco @ Juchimilco;Partido;1701;1808;Nueva España;18.8975;-98.44722
JUNEPUTO;Tochimilco @ Ocopetlayuca @ Ocopetlavaca @ Cochimilco @ Xochimilco @ Juchimilco;Provincia_menor;1600;1786;Nueva España;18.8975;-98.44722
JUNEPUTP;Tepeaca @ Tepeaca y Tecali;Jurisdiccion;1544;1808;Nueva España;18.96611;-97.90222
JUNEPUTP;Tepeaca @ Tepeaca y Tecali;Partido;1701;1808;Nueva España;18.96611;-97.90222
JUNEPUTP;Tepeaca @ Tepeaca y Tecali;Provincia_menor;1555;1709;Nueva España;18.96611;-97.90222
JUNEPUTS;Tepexi de la Seda @ Tepeji de la Seda y Guatlatlauca @ Zepexi de la Seda @ Tepeji de la Seda @ Tepeji @ Tepexi de la Seda y Atlatlauca @ Tepexi de la Seda, Acatlan y Piastla;Jurisdiccion;1542;1808;Nueva España;18.5775;-97.92611
JUNEPUTS;Tepexi de la Seda @ Tepeji de la Seda y Guatlatlauca @ Zepexi de la Seda @ Tepeji de la Seda @ Tepeji @ Tepexi de la Seda y Atlatlauca @ Tepexi de la Seda, Acatlan y Piastla;Partido;1787;1808;Nueva España;18.5775;-97.92611
JUNEPUTS;Tepexi de la Seda @ Tepeji de la Seda y Guatlatlauca @ Zepexi de la Seda @ Tepeji de la Seda @ Tepeji @ Tepexi de la Seda y Atlatlauca @ Tepexi de la Seda, Acatlan y Piastla;Provincia_menor;1600;1786;Nueva España;18.5775;-97.92611
JUNEPUTZ;Teziutlan @ Teciutlan y Atempa @ Teuzitlan @ Teusitlan y Atempa @ Tesiutlan @;Jurisdiccion;1553;1808;Nueva España;19.81556;-97.36028
JUNEPUTZ;Teziutlan @ Teciutlan y Atempa @ Teuzitlan @ Teusitlan y Atempa @ Tesiutlan @;Partido;1701;1808;Nueva España;19.81556;-97.36028
JUNEPUTZ;Teziutlan @ Teciutlan y Atempa @ Teuzitlan @ Teusitlan y Atempa @ Tesiutlan @;Provincia_menor;1600;1786;Nueva España;19.81556;-97.36028
JUNEPUZM;Zacatlan de las Manzanas @ Gueytlalpa @ Teutalpa e Iztepec @ Hueytlalpan;Jurisdiccion;1531;1808;Nueva España;19.9425;-97.95972
JUNEPUZM;Zacatlan de las Manzanas @ Gueytlalpa @ Teutalpa e Iztepec @ Hueytlalpan;Partido;1701;1808;Nueva España;19.9425;-97.95972
JUNEPUZM;Zacatlan de las Manzanas @ Gueytlalpa @ Teutalpa e Iztepec @ Hueytlalpan;Provincia_menor;1556;1786;Nueva España;19.9425;-97.95972
JUNESLCA;Catorze @ Real de Catorze;Jurisdiccion;1787;1808;Nueva España;23.69;-100.8864
JUNESLCA;Catorze @ Real de Catorze;Partido;1787;1808;Nueva España;23.69;-100.8864
JUNESLCH;Charcas @ Charcas y Sierra de Pinos @ Catorze @ Ramos;Jurisdiccion;1575;1808;Nueva España;23.12976;-101.11463
JUNESLCH;Charcas @ Charcas y Sierra de Pinos @ Catorze @ Ramos;Partido;1701;1808;Nueva España;23.12976;-101.11463
JUNESLCH;Charcas @ Charcas y Sierra de Pinos @ Catorze @ Ramos;Provincia_menor;1575;1786;Nueva España;23.12976;-101.11463
JUNESLGU;Guadalcazar @ San Pedro Guadalcazar @ Real de Guadalcazar @ Minas de Guadalcazar;Jurisdiccion;1618;1808;Nueva España;22.6155;-100.398
JUNESLGU;Guadalcazar @ San Pedro Guadalcazar @ Real de Guadalcazar @ Minas de Guadalcazar;Partido;1701;1808;Nueva España;22.6155;-100.398
JUNESLGU;Guadalcazar @ San Pedro Guadalcazar @ Real de Guadalcazar @ Minas de Guadalcazar;Provincia_menor;1618;1742;Nueva España;22.6155;-100.398
JUNESLPB;Salinas de Peñon Blanco @ Peñol Blanco @ Peñon Blanco;Jurisdiccion;1583;1808;Nueva España;22.61817;-101.71094
JUNESLPB;Salinas de Peñon Blanco @ Peñol Blanco @ Peñon Blanco;Partido;1787;1808;Nueva España;22.61817;-101.71094
JUNESLPB;Salinas de Peñon Blanco @ Peñol Blanco @ Peñon Blanco;Provincia_menor;1583;1786;Nueva España;22.61817;-101.71094
JUNESLRV;Rio Verde @;Jurisdiccion;1787;1808;Nueva España;21.93194;-99.99667
JUNESLRV;Rio Verde @;Partido;1787;1808;Nueva España;21.93194;-99.99667
JUNESLSL;San Luis Potosi @ San Luis Potosi y Real de Guadalcazar;Jurisdiccion;1592;1808;Nueva España;22.15153;-100.97581
JUNESLSL;San Luis Potosi @ San Luis Potosi y Real de Guadalcazar;Partido;1701;1808;Nueva España;22.15153;-100.97581
JUNESLSL;San Luis Potosi @ San Luis Potosi y Real de Guadalcazar;Provincia_menor;1592;1786;Nueva España;22.15153;-100.97581
JUNESLSM;Santa Maria del Rio @;Jurisdiccion;1787;1808;Nueva España;21.81083;-100.73528
JUNESLSM;Santa Maria del Rio @;Partido;1787;1808;Nueva España;21.81083;-100.73528
JUNESLVA;Valles @ Villa de los Valles;Jurisdiccion;1533;1808;Nueva España;21.62111;-99.02111
JUNESLVA;Valles @ Villa de los Valles;Partido;1701;1808;Nueva España;21.62111;-99.02111
JUNESLVA;Valles @ Villa de los Valles;Provincia_menor;1534;1786;Nueva España;21.62111;-99.02111
JUNESLVE;Venado @ Venado y La Hedionda @ Aguas de Venado Hedionda;Jurisdiccion;1770;1808;Nueva España;22.93333;-101.09278
JUNESLVE;Venado @ Venado y La Hedionda @ Aguas de Venado Hedionda;Partido;1111;1808;Nueva España;22.93333;-101.09278
JUNESLVE;Venado @ Venado y La Hedionda @ Aguas de Venado Hedionda;Provincia_menor;1770;1786;Nueva España;22.93333;-101.09278
JUNESLVS;Valle de San Francisco @;Jurisdiccion;1787;1791;Nueva España;21.80438;-100.93328
JUNESLVS;Valle de San Francisco @;Partido;1787;1791;Nueva España;21.80438;-100.93328
JUNETBTB;Tabasco @;Jurisdiccion;1528;1808;Nueva España;18.5009;-92.65456
JUNETBTB;Tabasco @;Provincia;1528;1808;Nueva España;18.5009;-92.65456
JUNETBTB;Tabasco @;Provincia_mayor;1528;1808;Nueva España;18.5009;-92.65456
JUNETBTB;Tabasco @;Provincia_menor;1528;1808;Nueva España;18.5009;-92.65456
JUNETLTL;Tlaxcala @;Jurisdiccion;1545;1808;Nueva España;19.31705;-98.2381
JUNETLTL;Tlaxcala @;Partido;1701;1808;Nueva España;19.31705;-98.2381
JUNETLTL;Tlaxcala @;Provincia;1545;1808;Nueva España;19.31705;-98.2381
JUNETLTL;Tlaxcala @;Provincia_mayor;1793;1808;Nueva España;19.31705;-98.2381
JUNETLTL;Tlaxcala @;Provincia_menor;1555;1808;Nueva España;19.31705;-98.2381
JUNEVCCO;Cordoba @ Cordoba y Huatusco @ Guatusco @ Goatuzco, Cordoba y Huatusco y Coscomatepeque;Jurisdiccion;1535;1808;Nueva España;19.15;-96.96667
JUNEVCCO;Cordoba @ Cordoba y Huatusco @ Guatusco @ Goatuzco, Cordoba y Huatusco y Coscomatepeque;Partido;1701;1808;Nueva España;19.15;-96.96667
JUNEVCCO;Cordoba @ Cordoba y Huatusco @ Guatusco @ Goatuzco, Cordoba y Huatusco y Coscomatepeque;Provincia_menor;1618;1786;Nueva España;19.15;-96.96667
JUNEVCCS;Cosamaloapan @ Cuzamaluava @ Cuzamaluaba @ Cosamaloapan y Guaspaltepec @ Cozamaloapan @ Cosamaluapa;Jurisdiccion;1535;1808;Nueva España;17.8807;-95.75794
JUNEVCCS;Cosamaloapan @ Cuzamaluava @ Cuzamaluaba @ Cosamaloapan y Guaspaltepec @ Cozamaloapan @ Cosamaluapa;Provincia_menor;1600;1786;Nueva España;17.8807;-95.75794
JUNEVCCZ;Acayuca @ Guazacualco @  Coatzacoalcos @ Acayucan @ Goazacoalco;Jurisdiccion;1522;1808;Nueva España;18.13915;-94.44079
JUNEVCCZ;Acayuca @ Guazacualco @  Coatzacoalcos @ Acayucan @ Goazacoalco;Partido;1701;1808;Nueva España;18.13915;-94.44079
JUNEVCCZ;Acayuca @ Guazacualco @  Coatzacoalcos @ Acayucan @ Goazacoalco;Provincia_menor;1522;1786;Nueva España;18.13915;-94.44079
JUNEVCJA;Jalacingo @ Xalacingo;Jurisdiccion;1535;1808;Nueva España;19.80417;-97.30833
JUNEVCJA;Jalacingo @ Xalacingo;Partido;1701;1808;Nueva España;19.80417;-97.30833
JUNEVCJA;Jalacingo @ Xalacingo;Provincia_menor;1600;1786;Nueva España;19.80417;-97.30833
JUNEVCMI;Misantla @ Mizantla;Jurisdiccion;1531;1807;Nueva España;19.92722;-96.85417
JUNEVCMI;Misantla @ Mizantla;Partido;1803;1807;Nueva España;19.92722;-96.85417
JUNEVCOR;Orizaba @ Tequila @ Cachultenango, Tequila y Chichiquila;Jurisdiccion;1531;1808;Nueva España;18.84972;-97.10361
JUNEVCOR;Orizaba @ Tequila @ Cachultenango, Tequila y Chichiquila;Partido;1701;1808;Nueva España;18.84972;-97.10361
JUNEVCOR;Orizaba @ Tequila @ Cachultenango, Tequila y Chichiquila;Provincia_menor;1600;1786;Nueva España;18.84972;-97.10361
JUNEVCPN;Panuco @ Panuco y Tampico @ Tantoyuca;Jurisdiccion;1527;1808;Nueva España;21.345;-98.22611
JUNEVCPN;Panuco @ Panuco y Tampico @ Tantoyuca;Partido;1701;1808;Nueva España;21.345;-98.22611
JUNEVCPN;Panuco @ Panuco y Tampico @ Tantoyuca;Provincia;1527;1533;Nueva España;21.345;-98.22611
JUNEVCPN;Panuco @ Panuco y Tampico @ Tantoyuca;Provincia_mayor;1527;1533;Nueva España;21.345;-98.22611
JUNEVCPN;Panuco @ Panuco y Tampico @ Tantoyuca;Provincia_menor;1527;1786;Nueva España;21.345;-98.22611
JUNEVCPP;Papantla @;Jurisdiccion;1600;1808;Nueva España;20.44778;-97.32
JUNEVCPP;Papantla @;Partido;1701;1808;Nueva España;20.44778;-97.32
JUNEVCPP;Papantla @;Provincia_menor;1600;1786;Nueva España;20.44778;-97.32
JUNEVCTC;Tuxtla y Cotaxtla @ Tuxtla-Cotaxtla @ Tuxtla, Cotaxtla y La Rinconada @ Tuxtla y Cotastla @ Tuxtla y Catastla @ Tustla y Cotastla @ San Andres Tuxtla;Jurisdiccion;1639;1808;Nueva España;18.46167;-95.29944
JUNEVCTC;Tuxtla y Cotaxtla @ Tuxtla-Cotaxtla @ Tuxtla, Cotaxtla y La Rinconada @ Tuxtla y Cotastla @ Tuxtla y Catastla @ Tustla y Cotastla @ San Andres Tuxtla;Partido;1701;1808;Nueva España;18.46167;-95.29944
JUNEVCTC;Tuxtla y Cotaxtla @ Tuxtla-Cotaxtla @ Tuxtla, Cotaxtla y La Rinconada @ Tuxtla y Cotastla @ Tuxtla y Catastla @ Tustla y Cotastla @ San Andres Tuxtla;Provincia_menor;1707;1725;Nueva España;18.46167;-95.29944
JUNEVCVA;La Antigua @ La Antigua @ Mizantla @ Veracruz Vieja @ Veracruz Antigua;Jurisdiccion;1529;1808;Nueva España;19.92722;-96.85417
JUNEVCVA;La Antigua @ La Antigua @ Mizantla @ Veracruz Vieja @ Veracruz Antigua;Partido;1701;1808;Nueva España;19.92722;-96.85417
JUNEVCVA;La Antigua @ La Antigua @ Mizantla @ Veracruz Vieja @ Veracruz Antigua;Provincia_menor;1529;1786;Nueva España;19.92722;-96.85417
JUNEVCVE;Nueva Veracruz @;Jurisdiccion;1599;1808;Nueva España;19.19333;-96.13775
JUNEVCVE;Nueva Veracruz @;Partido;1701;1808;Nueva España;19.19333;-96.13775
JUNEVCVE;Nueva Veracruz @;Provincia_menor;1599;1786;Nueva España;19.19333;-96.13775
JUNEVCXA;Xalapa @ Xalapa de la Feria @ Xalapa y Xalacingo @ Chapultepec y Maltrata;Jurisdiccion;1535;1808;Nueva España;19.54;-96.9275
JUNEVCXA;Xalapa @ Xalapa de la Feria @ Xalapa y Xalacingo @ Chapultepec y Maltrata;Provincia_menor;1558;1786;Nueva España;19.54;-96.9275
JUNEYUBA;Beneficios Altos @ Tihosuco;Jurisdiccion;1787;1808;Nueva España;20.19583;-88.37361
JUNEYUBA;Beneficios Altos @ Tihosuco;Partido;1701;1808;Nueva España;20.19583;-88.37361
JUNEYUBB;Beneficios Bajos @ Sotuta @ Yaxcaba @ Beneficios;Jurisdiccion;1787;1808;Nueva España;20.59583;-89.00611
JUNEYUBB;Beneficios Bajos @ Sotuta @ Yaxcaba @ Beneficios;Partido;1719;1808;Nueva España;20.59583;-89.00611
JUNEYUBC;Bacalar @ Salamanca y Presidio de Bacalar;Jurisdiccion;1544;1808;Nueva España;19.58472;-88.59167
JUNEYUBC;Bacalar @ Salamanca y Presidio de Bacalar;Partido;1727;1808;Nueva España;19.58472;-88.59167
JUNEYUBO;Bolonchencauich @ Bolonchen Cawich;Jurisdiccion;1787;1808;Nueva España;19.44194;-90.20611
JUNEYUBO;Bolonchencauich @ Bolonchen Cawich;Partido;1787;1808;Nueva España;19.44194;-90.20611
JUNEYUCA;Campeche @;Jurisdiccion;1541;1808;Nueva España;19.84433;-90.5357
JUNEYULC;La Costa @ Dzidzantun @ Costa Alta y Baja @ Sisantun;Jurisdiccion;1787;1808;Nueva España;21.24583;-89.04306
JUNEYULC;La Costa @ Dzidzantun @ Costa Alta y Baja @ Sisantun;Partido;1701;1808;Nueva España;21.24583;-89.04306
JUNEYULS;La Sierra @ Sierra Alta y Baja @ Sierra Alta;Jurisdiccion;1787;1808;Nueva España;20.30278;-89.41833
JUNEYULS;La Sierra @ Sierra Alta y Baja @ Sierra Alta;Partido;1701;1808;Nueva España;20.30278;-89.41833
JUNEYUME;Merida @;Jurisdiccion;1542;1808;Nueva España;20.96671;-89.62322
JUNEYUME;Merida @;Partido;1701;1808;Nueva España;20.96671;-89.62322
JUNEYURA;Camino Real Alto @ Calkini @ Camino Real de Campeche;Jurisdiccion;1787;1808;Nueva España;20.37389;-90.05222
JUNEYURA;Camino Real Alto @ Calkini @ Camino Real de Campeche;Partido;1701;1808;Nueva España;20.37389;-90.05222
JUNEYURB;Camino Real Bajo @ Hunucma @ Camino Real y Hunucma;Jurisdiccion;1787;1808;Nueva España;21.01528;-89.87444
JUNEYURB;Camino Real Bajo @ Hunucma @ Camino Real y Hunucma;Partido;1701;1808;Nueva España;21.01528;-89.87444
JUNEYUSA;Sahcabchen @ Champoton @ Seyba;Jurisdiccion;1787;1808;Nueva España;19.35472;-90.72056
JUNEYUSA;Sahcabchen @ Champoton @ Seyba;Partido;1721;1808;Nueva España;19.35472;-90.72056
JUNEYUSB;Sierra Baja @;Jurisdiccion;1802;1808;Nueva España;20.47722;-89.365
JUNEYUSB;Sierra Baja @;Partido;1802;1808;Nueva España;20.47722;-89.365
JUNEYUTI;Tizimin @ Tizimin y Chancenote @ Rio Lagartos;Jurisdiccion;1787;1808;Nueva España;21.14222;-88.15083
JUNEYUTI;Tizimin @ Tizimin y Chancenote @ Rio Lagartos;Partido;1701;1808;Nueva España;21.14222;-88.15083
JUNEYUVA;Valladolid @;Jurisdiccion;1543;1808;Nueva España;20.68897;-88.20145
JUNEYUVA;Valladolid @;Partido;1701;1808;Nueva España;20.68897;-88.20145
JUNGANAN;Antioquia @;Jurisdiccion;1701;1808;Nuevo Reino de Granada;6.55837;-75.82743
JUNGANAN;Antioquia @;Partido;1701;1808;Nuevo Reino de Granada;6.55837;-75.82743
JUNGANAR;Rionegro @ Santiago de Arma @ Rio Negro @ Arma y Marinilla;Jurisdiccion;1756;1808;Nuevo Reino de Granada;5.61528;-75.53983
JUNGANAR;Rionegro @ Santiago de Arma @ Rio Negro @ Arma y Marinilla;Partido;1701;1808;Nuevo Reino de Granada;5.61528;-75.53983
JUNGANCA;Caceres @;Jurisdiccion;1701;1808;Nuevo Reino de Granada;7.581;-75.34815
JUNGANCA;Caceres @;Partido;1701;1808;Nuevo Reino de Granada;7.581;-75.34815
JUNGANMA;Marinilla @;Jurisdiccion;1790;1808;Nuevo Reino de Granada;6.17476;-75.33894
JUNGANMA;Marinilla @;Partido;1790;1808;Nuevo Reino de Granada;6.17476;-75.33894
JUNGANME;Medellin @;Jurisdiccion;1701;1808;Nuevo Reino de Granada;6.25364;-75.56349
JUNGANME;Medellin @;Partido;1701;1808;Nuevo Reino de Granada;6.25364;-75.56349
JUNGANRE;Remedios @;Jurisdiccion;1701;1808;Nuevo Reino de Granada;7.02821;-74.69258
JUNGANRE;Remedios @;Partido;1701;1808;Nuevo Reino de Granada;7.02821;-74.69258
JUNGANSR;Santa Rosa de los Osos @;Partido;1787;1808;Nuevo Reino de Granada;6.64436;-75.45894
JUNGANZA;Zaragoza @;Jurisdiccion;1701;1808;Nuevo Reino de Granada;7.49022;-74.86744
JUNGANZA;Zaragoza @;Partido;1701;1808;Nuevo Reino de Granada;7.49022;-74.86744
JUNGCAAY;Ayapel @;Jurisdiccion;1701;1808;Nuevo Reino de Granada;8.31304;-75.1457
JUNGCAAY;Ayapel @;Partido;1701;1808;Nuevo Reino de Granada;8.31304;-75.1457
JUNGCACA;Cartagena de Indias @ Cartagena de Indias;Jurisdiccion;1701;1808;Nuevo Reino de Granada;10.42306;-75.55076
JUNGCACA;Cartagena de Indias @ Cartagena de Indias;Partido;1701;1808;Nuevo Reino de Granada;10.42306;-75.55076
JUNGCAMO;Mompox @ Mompos;Jurisdiccion;1701;1808;Nuevo Reino de Granada;9.24202;-74.42493
JUNGCAMO;Mompox @ Mompos;Partido;1701;1808;Nuevo Reino de Granada;9.24202;-74.42493
JUNGCAMO;Mompox @ Mompos;Provincia_menor;1776;1776;Nuevo Reino de Granada;9.24202;-74.42493
JUNGCASI;Simiti @;Jurisdiccion;1701;1775;Nuevo Reino de Granada;7.95556;-73.94478
JUNGCASI;Simiti @;Partido;1701;1808;Nuevo Reino de Granada;7.95556;-73.94478
JUNGCATO;Tolu @ Villa de Tolu;Jurisdiccion;1701;1808;Nuevo Reino de Granada;9.52396;-75.58398
JUNGCATO;Tolu @ Villa de Tolu;Partido;1701;1808;Nuevo Reino de Granada;9.52396;-75.58398
JUNGCHCI;Citara @ Zitara @ Quibdo;Jurisdiccion;1701;1808;Nuevo Reino de Granada;5.6869;-76.65836
JUNGCHNO;Novita @ Noanama;Jurisdiccion;1701;1808;Nuevo Reino de Granada;4.69004;-76.93564
JUNGLLCH;Chire @;Jurisdiccion;1701;1808;Nuevo Reino de Granada;6.0336;-71.8133
JUNGLLCH;Chire @;Partido;1701;1808;Nuevo Reino de Granada;6.0336;-71.8133
JUNGLLME;Medina @;Partido;1775;1808;Nuevo Reino de Granada;4.50862;-73.34923
JUNGLLPO;Pore @;Jurisdiccion;1701;1808;Nuevo Reino de Granada;5.72773;-71.99319
JUNGLLPO;Pore @;Partido;1701;1808;Nuevo Reino de Granada;5.72773;-71.99319
JUNGLLSA;Santiago de las Atalayas @;Jurisdiccion;1701;1808;Nuevo Reino de Granada;5.0429;-72.47229
JUNGLLSA;Santiago de las Atalayas @;Partido;1701;1808;Nuevo Reino de Granada;5.0429;-72.47229
JUNGLLSJ;San Juan @ San Juan de los Llanos;Jurisdiccion;1701;1764;Nuevo Reino de Granada;3.38086;-73.93513
JUNGLLSJ;San Juan @ San Juan de los Llanos;Partido;1701;1808;Nuevo Reino de Granada;3.38086;-73.93513
JUNGLLSM;San Martin @ Llanos de San Martin;Jurisdiccion;1701;1808;Nuevo Reino de Granada;3.69694;-73.69861
JUNGLLSM;San Martin @ Llanos de San Martin;Partido;1701;1808;Nuevo Reino de Granada;3.69694;-73.69861
JUNGMAHO;Honda @;Jurisdiccion;1701;1808;Nuevo Reino de Granada;5.20225;-74.73751
JUNGMAIB;Ibague @;Jurisdiccion;1701;1808;Nuevo Reino de Granada;4.44455;-75.24152
JUNGMAIB;Ibague @;Partido;1701;1808;Nuevo Reino de Granada;4.44455;-75.24152
JUNGMALP;La Palma @;Jurisdiccion;1701;1808;Nuevo Reino de Granada;5.35894;-74.39092
JUNGMALP;La Palma @;Partido;1701;1808;Nuevo Reino de Granada;5.35894;-74.39092
JUNGMAMA;Mariquita @;Jurisdiccion;1701;1808;Nuevo Reino de Granada;5.19666;-74.8937
JUNGMAPA;Panches @ Panchez @ Panches y juzgado de canoas de Honda @ Tierra caliente;Partido;1701;1808;Nuevo Reino de Granada;90;0
JUNGMATO;Tocaima @ La Mesa;Jurisdiccion;1701;1808;Nuevo Reino de Granada;4.5493;-74.53591
JUNGNEAN;Andaquies @ La Ceja @ Misiones del Caquetá y Putumayo @ Escolta de Misiones;Jurisdiccion;1772;1808;Nuevo Reino de Granada;90;0
JUNGNEAN;Andaquies @ La Ceja @ Misiones del Caquetá y Putumayo @ Escolta de Misiones;Partido;1772;1808;Nuevo Reino de Granada;90;0
JUNGNECO;Coyaimas y Natagaimas @ Coyaima @ Coyaima y Atagaima @ Coyaima, Natagaima y Ataco;Jurisdiccion;1701;1722;Nuevo Reino de Granada;3.79799;-75.1954
JUNGNECO;Coyaimas y Natagaimas @ Coyaima @ Coyaima y Atagaima @ Coyaima, Natagaima y Ataco;Partido;1701;1808;Nuevo Reino de Granada;3.79799;-75.1954
JUNGNECO;Coyaimas y Natagaimas @ Coyaima @ Coyaima y Atagaima @ Coyaima, Natagaima y Ataco;Provincia_menor;1652;1722;Nuevo Reino de Granada;3.79799;-75.1954
JUNGNELP;La Plata @;Jurisdiccion;1701;1808;Nuevo Reino de Granada;2.38922;-75.8908
JUNGNELP;La Plata @;Partido;1701;1808;Nuevo Reino de Granada;2.38922;-75.8908
JUNGNENE;Neiva @;Jurisdiccion;1701;1808;Nuevo Reino de Granada;2.92357;-75.28542
JUNGNENE;Neiva @;Partido;1701;1808;Nuevo Reino de Granada;2.92357;-75.28542
JUNGNEPU;Purificacion @;Jurisdiccion;1701;1808;Nuevo Reino de Granada;3.85824;-74.93139
JUNGNEPU;Purificacion @;Partido;1701;1808;Nuevo Reino de Granada;3.85824;-74.93139
JUNGNETI;Timana @;Jurisdiccion;1701;1808;Nuevo Reino de Granada;1.97423;-75.93246
JUNGNETI;Timana @;Partido;1701;1808;Nuevo Reino de Granada;1.97423;-75.93246
JUNGPANA;Nata @ Nata y Villa de Santos;Jurisdiccion;1701;1808;Tierra Firme;8.33215;-80.51527
JUNGPANA;Nata @ Nata y Villa de Santos;Provincia_menor;1580;1808;Tierra Firme;8.33215;-80.51527
JUNGPAPA;Panama @;Jurisdiccion;1701;1808;Tierra Firme;8.95234;-79.53472
JUNGPAPA;Panama @;Partido;1701;1808;Tierra Firme;8.95234;-79.53472
JUNGPAPA;Panama @;Provincia_menor;1701;1808;Tierra Firme;8.95234;-79.53472
JUNGPAPB;Portobelo @  Castillo de San Felipe @ Nombre de Dios;Jurisdiccion;1701;1808;Tierra Firme;9.5531;-79.65471
JUNGPAPB;Portobelo @  Castillo de San Felipe @ Nombre de Dios;Partido;1701;1808;Tierra Firme;9.5531;-79.65471
JUNGPAPB;Portobelo @  Castillo de San Felipe @ Nombre de Dios;Provincia;1751;1808;Tierra Firme;9.5531;-79.65471
JUNGPAPB;Portobelo @  Castillo de San Felipe @ Nombre de Dios;Provincia_menor;1608;1808;Tierra Firme;9.5531;-79.65471
JUNGPOAN;Anserma @;Partido;1701;1808;Nuevo Reino de Granada;5.23116;-75.7861
JUNGPOCC;Cuatro Ciudades @ Cartago @ Tres Ciudades;Jurisdiccion;1701;1808;Quito;4.74652;-75.91205
JUNGPOCG;Cartago @;Partido;1701;1808;Nuevo Reino de Granada;4.74652;-75.91205
JUNGPOSU;Vega de Supia @ Anserma;Jurisdiccion;1798;1808;Nuevo Reino de Granada;5.45582;-75.65009
JUNGPOTO;Toro @;Partido;1701;1808;Nuevo Reino de Granada;4.60895;-76.07813
JUNGPPCU;San Jose de Cucuta @ Guasimales;Jurisdiccion;1793;1808;Nuevo Reino de Granada;7.88696;-72.50332
JUNGPPCU;San Jose de Cucuta @ Guasimales;Partido;1793;1808;Nuevo Reino de Granada;7.88696;-72.50332
JUNGPPGI;Giron @ San Juan de Giron y provincia del Oro @ Rio del Oro;Jurisdiccion;1701;1808;Nuevo Reino de Granada;7.07323;-73.16892
JUNGPPGI;Giron @ San Juan de Giron y provincia del Oro @ Rio del Oro;Partido;1701;1808;Nuevo Reino de Granada;7.07323;-73.16892
JUNGPPGI;Giron @ San Juan de Giron y provincia del Oro @ Rio del Oro;Provincia;1631;1794;Nuevo Reino de Granada;7.07323;-73.16892
JUNGPPGI;Giron @ San Juan de Giron y provincia del Oro @ Rio del Oro;Provincia_menor;1631;1794;Nuevo Reino de Granada;7.07323;-73.16892
JUNGPPPP;Pamplona @;Jurisdiccion;1701;1808;Nuevo Reino de Granada;7.3757;-72.6488
JUNGPPPP;Pamplona @;Partido;1701;1808;Nuevo Reino de Granada;7.3757;-72.6488
JUNGPPRC;Rosario de Cucuta @;Jurisdiccion;1793;1808;Nuevo Reino de Granada;7.83189;-72.47172
JUNGPPRC;Rosario de Cucuta @;Partido;1793;1808;Nuevo Reino de Granada;7.83189;-72.47172
JUNGPPSE;Servita @;Partido;1706;1808;Nuevo Reino de Granada;6.81852;-72.69794
JUNGPPZA;Salazar @ Zalazar @ Salazar de las Palmas;Jurisdiccion;1701;1808;Nuevo Reino de Granada;7.77263;-72.81186
JUNGPPZA;Salazar @ Zalazar @ Salazar de las Palmas;Partido;1701;1808;Nuevo Reino de Granada;7.77263;-72.81186
JUNGSFAG;Altagracia @ Altagracia de Sumapaz @ Altagracia de Suma Paz @ Altagraica de los Sutagaos @ Altagracia de los Utagaos;Jurisdiccion;1701;1775;Nuevo Reino de Granada;4.33241;-74.35951
JUNGSFBG;Bogota @ Sabana @ Fontibon;Partido;1701;1808;Nuevo Reino de Granada;4.7163;-74.21222
JUNGSFBZ;Boza @ Boza y Pasca @ Bosa;Partido;1701;1808;Nuevo Reino de Granada;4.60905;-74.18626
JUNGSFCA;Caqueza @ Ubaque;Partido;1701;1808;Nuevo Reino de Granada;4.40399;-73.947
JUNGSFGD;Guaduas @;Jurisdiccion;1701;1808;Nuevo Reino de Granada;5.06769;-74.59672
JUNGSFGD;Guaduas @;Partido;1777;1808;Nuevo Reino de Granada;5.06769;-74.59672
JUNGSFGV;Guatavita @ Choconta;Partido;1701;1808;Nuevo Reino de Granada;4.93456;-73.83186
JUNGSFPA;Pasca @ Pesca @ Fusagazuga @ Fusagasuga @ Sutagaos;Partido;1701;1775;Nuevo Reino de Granada;4.3088;-74.30009
JUNGSFSF;Santa Fe @ Santafe de Bogota;Jurisdiccion;1701;1808;Nuevo Reino de Granada;4.59744;-74.07475
JUNGSFSF;Santa Fe @ Santafe de Bogota;Partido;1701;1808;Nuevo Reino de Granada;4.59744;-74.07475
JUNGSFUB;Ubate @;Partido;1701;1808;Nuevo Reino de Granada;5.30702;-73.81524
JUNGSFZI;Zipaquira @ Zipaquira y Ubate @ Caxica @ Chia;Jurisdiccion;1756;1808;Nuevo Reino de Granada;5.02408;-74.00353
JUNGSFZI;Zipaquira @ Zipaquira y Ubate @ Caxica @ Chia;Partido;1701;1808;Nuevo Reino de Granada;5.02408;-74.00353
JUNGSFZI;Zipaquira @ Zipaquira y Ubate @ Caxica @ Chia;Provincia_menor;1692;1808;Nuevo Reino de Granada;5.02408;-74.00353
JUNGSMOC;Ocaña @;Jurisdiccion;1701;1808;Nuevo Reino de Granada;8.23532;-73.35395
JUNGSMOC;Ocaña @;Partido;1701;1808;Nuevo Reino de Granada;8.23532;-73.35395
JUNGSMRH;Riohacha @ Rio de la Hacha @ Rio Hacha;Jurisdiccion;1701;1808;Nuevo Reino de Granada;11.55133;-72.90891
JUNGSMRH;Riohacha @ Rio de la Hacha @ Rio Hacha;Partido;1701;1808;Nuevo Reino de Granada;11.55133;-72.90891
JUNGSMRH;Riohacha @ Rio de la Hacha @ Rio Hacha;Provincia;1789;1808;Nuevo Reino de Granada;11.55133;-72.90891
JUNGSMRH;Riohacha @ Rio de la Hacha @ Rio Hacha;Provincia_menor;1789;1808;Nuevo Reino de Granada;11.55133;-72.90891
JUNGSMSM;Santa Marta @;Jurisdiccion;1701;1808;Nuevo Reino de Granada;11.24327;-74.21052
JUNGSMSM;Santa Marta @;Partido;1701;1808;Nuevo Reino de Granada;11.24327;-74.21052
JUNGSMTA;Tamalameque @;Jurisdiccion;1701;1808;Nuevo Reino de Granada;8.85683;-73.81575
JUNGSMTA;Tamalameque @;Partido;1701;1808;Nuevo Reino de Granada;8.85683;-73.81575
JUNGSMTE;Tenerife @;Jurisdiccion;1701;1808;Nuevo Reino de Granada;9.90006;-74.85918
JUNGSMTE;Tenerife @;Partido;1701;1808;Nuevo Reino de Granada;9.90006;-74.85918
JUNGSMVA;Valledupar @ Valle de Upar;Jurisdiccion;1701;1808;Nuevo Reino de Granada;10.47744;-73.24501
JUNGSMVA;Valledupar @ Valle de Upar;Partido;1701;1808;Nuevo Reino de Granada;10.47744;-73.24501
JUNGSOSG;San Gil @;Jurisdiccion;1795;1808;Nuevo Reino de Granada;6.55529;-73.13124
JUNGSOSG;San Gil @;Partido;1701;1808;Nuevo Reino de Granada;6.55529;-73.13124
JUNGSOSO;Socorro @;Jurisdiccion;1701;1808;Nuevo Reino de Granada;6.46995;-73.26122
JUNGSOSO;Socorro @;Partido;1701;1808;Nuevo Reino de Granada;6.46995;-73.26122
JUNGSOVE;Velez @;Jurisdiccion;1701;1808;Nuevo Reino de Granada;6.01283;-73.67349
JUNGSOVE;Velez @;Partido;1701;1808;Nuevo Reino de Granada;6.01283;-73.67349
JUNGTUCH;Chita @ Rincon;Partido;1701;1808;Nuevo Reino de Granada;6.18697;-72.47261
JUNGTUCH;Chita @ Rincon;Provincia_menor;1700;1720;Nuevo Reino de Granada;6.18697;-72.47261
JUNGTUCV;Chivata @;Partido;1701;1808;Nuevo Reino de Granada;5.55853;-73.2826
JUNGTUDU;Duitama @ Mogotes y Sincelejo @ Cerinza;Partido;1701;1808;Nuevo Reino de Granada;5.82771;-73.03389
JUNGTUGA;Gameza @;Partido;1701;1808;Nuevo Reino de Granada;5.8027;-72.8057
JUNGTULE;Leyva @ Leiva @ Villa de Leyva;Jurisdiccion;1701;1808;Nuevo Reino de Granada;5.63329;-73.52365
JUNGTULE;Leyva @ Leiva @ Villa de Leyva;Partido;1701;1808;Nuevo Reino de Granada;5.63329;-73.52365
JUNGTUMU;Muzo @ Muso;Jurisdiccion;1701;1808;Nuevo Reino de Granada;5.53213;-74.10278
JUNGTUMU;Muzo @ Muso;Partido;1701;1808;Nuevo Reino de Granada;5.53213;-74.10278
JUNGTUPA;Paypa @ Paipa @ Combita @ Boabita @ Moabita;Partido;1701;1808;Nuevo Reino de Granada;5.78124;-73.1176
JUNGTUSA;Sachica @;Partido;1701;1808;Nuevo Reino de Granada;5.58307;-73.54247
JUNGTUSF;San Faustino de los Rios @ Chinatos @ San Justino;Jurisdiccion;1701;1808;Nuevo Reino de Granada;8.06064;-72.40569
JUNGTUSF;San Faustino de los Rios @ Chinatos @ San Justino;Partido;1701;1808;Nuevo Reino de Granada;8.06064;-72.40569
JUNGTUSF;San Faustino de los Rios @ Chinatos @ San Justino;Provincia;1662;1808;Nuevo Reino de Granada;8.06064;-72.40569
JUNGTUSF;San Faustino de los Rios @ Chinatos @ San Justino;Provincia_menor;1662;1808;Nuevo Reino de Granada;8.06064;-72.40569
JUNGTUSO;Sogamoso @ Sogamoso y Duitama;Jurisdiccion;1719;1808;Nuevo Reino de Granada;5.7143;-72.9339
JUNGTUSO;Sogamoso @ Sogamoso y Duitama;Partido;1701;1808;Nuevo Reino de Granada;5.7143;-72.9339
JUNGTUSO;Sogamoso @ Sogamoso y Duitama;Provincia_menor;1756;1808;Nuevo Reino de Granada;5.7143;-72.9339
JUNGTUTE;Tensa @ Tenza @ Suta @ Ycabuca @ Icabuca @ Icabuco;Partido;1701;1808;Nuevo Reino de Granada;5.07694;-73.41996
JUNGTUTM;Turmeque @;Partido;1701;1808;Nuevo Reino de Granada;5.32424;-73.49059
JUNGTUTU;Tunja @;Jurisdiccion;1701;1808;Nuevo Reino de Granada;5.53305;-73.36134
JUNGTUTU;Tunja @;Partido;1701;1808;Nuevo Reino de Granada;5.53305;-73.36134
JUNGTUVP;Vetas de Pamplona @ Bucaramanga @ Minas de Pamplona y Bucaramanga @ Betas @;Partido;1701;1794;Nuevo Reino de Granada;7.11855;-73.12248
JUNGTUVP;Vetas de Pamplona @ Bucaramanga @ Minas de Pamplona y Bucaramanga @ Betas @;Provincia_menor;1602;1794;Nuevo Reino de Granada;7.11855;-73.12248
JUNGVEAL;Alange @ Alanje @ Al Angel @ Alanxe @ Alhanxe @ Provincia de Chiriqui;Jurisdiccion;1701;1808;Tierra Firme;8.4008;-82.5571
JUNGVEAL;Alange @ Alanje @ Al Angel @ Alanxe @ Alhanxe @ Provincia de Chiriqui;Partido;1701;1808;Tierra Firme;8.4008;-82.5571
JUNGVERE;Pueblo Nuevo @ Remedios;Jurisdiccion;1701;1756;Tierra Firme;8.22601;-81.8322
JUNGVERE;Pueblo Nuevo @ Remedios;Partido;1701;1756;Tierra Firme;8.22601;-81.8322
JUNGVEVE;Veragua @ Veraguas;Jurisdiccion;1701;1808;Tierra Firme;8.10932;-80.98146
JUNGVEVE;Veragua @ Veraguas;Partido;1701;1808;Tierra Firme;8.10932;-80.98146
JUPEARAC;Arica @ San Marcos de Arica @ Ilo, Tarapacá y Arica;Jurisdiccion;1701;1808;Peru;-18.47802;-70.32072
JUPEARAC;Arica @ San Marcos de Arica @ Ilo, Tarapacá y Arica;Partido;1701;1808;Peru;-18.47802;-70.32072
JUPEARAC;Arica @ San Marcos de Arica @ Ilo, Tarapacá y Arica;Provincia_menor;1583;1783;Peru;-18.47802;-70.32072
JUPEARAR;Arequipa @;Jurisdiccion;1583;1808;Peru;-16.39822;-71.53673
JUPEARAR;Arequipa @;Partido;1636;1808;Peru;-16.39822;-71.53673
JUPEARAR;Arequipa @;Provincia_menor;1583;1783;Peru;-16.39822;-71.53673
JUPEARCA;Camana @;Jurisdiccion;1701;1808;Peru;-16.62243;-72.71077
JUPEARCA;Camana @;Partido;1701;1808;Peru;-16.62243;-72.71077
JUPEARCA;Camana @;Provincia_menor;1583;1783;Peru;-16.62243;-72.71077
JUPEARCG;Collaguas @ Cailloma @ Cabanaconde;Jurisdiccion;1701;1808;Peru;-15.18983;-71.77264
JUPEARCG;Collaguas @ Cailloma @ Cabanaconde;Partido;1701;1808;Peru;-15.18983;-71.77264
JUPEARCG;Collaguas @ Cailloma @ Cabanaconde;Provincia_menor;1583;1783;Peru;-15.18983;-71.77264
JUPEARCS;Condesuyos @;Jurisdiccion;1701;1808;Peru;-15.84147;-72.65165
JUPEARCS;Condesuyos @;Partido;1701;1808;Peru;-15.84147;-72.65165
JUPEARCS;Condesuyos @;Provincia_menor;1583;1783;Peru;-15.84147;-72.65165
JUPEARCV;Characato y Vitor @;Partido;1565;1635;Peru;90;0
JUPEARCV;Characato y Vitor @;Provincia_menor;1565;1635;Peru;90;0
JUPEARMO;Moquegua @ Carumas y Ubinas @ Collesuyo @ Moqueua @ Moquehua @ Ubinas;Jurisdiccion;1701;1808;Peru;-16.38673;-70.85716
JUPEARMO;Moquegua @ Carumas y Ubinas @ Collesuyo @ Moqueua @ Moquehua @ Ubinas;Partido;1701;1808;Peru;-16.38673;-70.85716
JUPEARMO;Moquegua @ Carumas y Ubinas @ Collesuyo @ Moqueua @ Moquehua @ Ubinas;Provincia_menor;1583;1783;Peru;-16.38673;-70.85716
JUPEARTA;Tarapaca @;Jurisdiccion;1768;1808;Peru;-19.9249;-69.5106
JUPEARTA;Tarapaca @;Partido;1768;1808;Peru;-19.9249;-69.5106
JUPEARTA;Tarapaca @;Provincia_menor;1768;1783;Peru;-19.9249;-69.5106
JUPECUAB;Abancay @ Anta;Jurisdiccion;1701;1808;Peru;-13.63335;-72.88331
JUPECUAB;Abancay @ Anta;Partido;1701;1808;Peru;-13.63335;-72.88331
JUPECUAB;Abancay @ Anta;Provincia_menor;1583;1783;Peru;-13.63335;-72.88331
JUPECUAY;Aymaraes @;Jurisdiccion;1701;1808;Peru;-14.29493;-73.24415
JUPECUAY;Aymaraes @;Partido;1701;1808;Peru;-14.29493;-73.24415
JUPECUAY;Aymaraes @;Provincia_menor;1583;1783;Peru;-14.29493;-73.24415
JUPECUCB;Cotabambas @ Omasayos @ Cotabambas y Omsuyos;Jurisdiccion;1701;1808;Peru;-13.94618;-72.17461
JUPECUCB;Cotabambas @ Omasayos @ Cotabambas y Omsuyos;Partido;1701;1808;Peru;-13.94618;-72.17461
JUPECUCB;Cotabambas @ Omasayos @ Cotabambas y Omsuyos;Provincia_menor;1583;1783;Peru;-13.94618;-72.17461
JUPECUCH;Chumbivilcas @ Condesuyos de Cuzco @ Chumbibilcas;Jurisdiccion;1701;1808;Peru;-14.45035;-72.08182
JUPECUCH;Chumbivilcas @ Condesuyos de Cuzco @ Chumbibilcas;Partido;1701;1808;Peru;-14.45035;-72.08182
JUPECUCH;Chumbivilcas @ Condesuyos de Cuzco @ Chumbibilcas;Provincia_menor;1583;1783;Peru;-14.45035;-72.08182
JUPECUCL;Calca y Lares @ Calcailares @ Yucay @ valle de Yucao;Jurisdiccion;1701;1808;Peru;-13.32131;-71.95584
JUPECUCL;Calca y Lares @ Calcailares @ Yucay @ valle de Yucao;Partido;1701;1808;Peru;-13.32131;-71.95584
JUPECUCL;Calca y Lares @ Calcailares @ Yucay @ valle de Yucao;Provincia_menor;1574;1783;Peru;-13.32131;-71.95584
JUPECUCU;Cuzco @;Jurisdiccion;1701;1808;Peru;-13.51672;-71.97888
JUPECUCU;Cuzco @;Partido;1701;1808;Peru;-13.51672;-71.97888
JUPECUCU;Cuzco @;Provincia_menor;1548;1783;Peru;-13.51672;-71.97888
JUPECUPA;Chilques y Masques @ Paruro;Jurisdiccion;1701;1808;Peru;-13.76152;-71.84768
JUPECUPA;Chilques y Masques @ Paruro;Partido;1701;1808;Peru;-13.76152;-71.84768
JUPECUPA;Chilques y Masques @ Paruro;Provincia_menor;1583;1783;Peru;-13.76152;-71.84768
JUPECUPT;Paucartambo @ Los Andes @ Andes del Cuzco;Jurisdiccion;1701;1808;Peru;-13.31759;-71.59574
JUPECUPT;Paucartambo @ Los Andes @ Andes del Cuzco;Partido;1701;1808;Peru;-13.31759;-71.59574
JUPECUPT;Paucartambo @ Los Andes @ Andes del Cuzco;Provincia_menor;1583;1783;Peru;-13.31759;-71.59574
JUPECUQU;Quispicanchis @ Andahuaylillas @ Quispicanche @ Canches @ Canchis;Jurisdiccion;1701;1808;Peru;-13.68785;-71.62563
JUPECUQU;Quispicanchis @ Andahuaylillas @ Quispicanche @ Canches @ Canchis;Partido;1701;1808;Peru;-13.68785;-71.62563
JUPECUQU;Quispicanchis @ Andahuaylillas @ Quispicanche @ Canches @ Canchis;Provincia_menor;1583;1783;Peru;-13.68785;-71.62563
JUPECUTI;Tinta @ Canas y Canchis @ Canas @ Canas y Canches;Jurisdiccion;1701;1808;Peru;-14.14473;-71.40634
JUPECUTI;Tinta @ Canas y Canchis @ Canas @ Canas y Canches;Partido;1701;1808;Peru;-14.14473;-71.40634
JUPECUTI;Tinta @ Canas y Canchis @ Canas @ Canas y Canches;Provincia_menor;1583;1783;Peru;-14.14473;-71.40634
JUPECUUR;Urubamba @;Jurisdiccion;1741;1808;Peru;-13.30573;-72.11577
JUPECUUR;Urubamba @;Partido;1741;1808;Peru;-13.30573;-72.11577
JUPECUUR;Urubamba @;Provincia_menor;1741;1783;Peru;-13.30573;-72.11577
JUPECUVI;Vilcabamba @;Jurisdiccion;1781;1783;Peru;-13.12363;-72.9621
JUPECUVI;Vilcabamba @;Partido;1701;1808;Peru;-13.12363;-72.9621
JUPECUVI;Vilcabamba @;Provincia;1572;1613;Peru;-13.12363;-72.9621
JUPECUVI;Vilcabamba @;Provincia_mayor;1572;1613;Peru;-13.12363;-72.9621
JUPECUVI;Vilcabamba @;Provincia_menor;1572;1783;Peru;-13.12363;-72.9621
JUPEHUAH;Andahuaylas @;Jurisdiccion;1701;1808;Peru;-13.65733;-73.38328
JUPEHUAH;Andahuaylas @;Partido;1701;1808;Peru;-13.65733;-73.38328
JUPEHUAH;Andahuaylas @;Provincia_menor;1701;1783;Peru;-13.65733;-73.38328
JUPEHUAN;Anco @;Jurisdiccion;1784;1808;Peru;-13.11662;-73.69042
JUPEHUAN;Anco @;Partido;1784;1808;Peru;-13.11662;-73.69042
JUPEHUCA;Cangallo @ Vilcas Huaman @ Vilcashuaman @ Hananchilques;Jurisdiccion;1701;1808;Peru;-13.65306;-73.95394
JUPEHUCA;Cangallo @ Vilcas Huaman @ Vilcashuaman @ Hananchilques;Partido;1701;1808;Peru;-13.65306;-73.95394
JUPEHUCA;Cangallo @ Vilcas Huaman @ Vilcashuaman @ Hananchilques;Provincia_menor;1701;1783;Peru;-13.65306;-73.95394
JUPEHUHT;Huanta @ Azangaro @ Asangaro;Jurisdiccion;1701;1808;Peru;-12.93873;-74.24751
JUPEHUHT;Huanta @ Azangaro @ Asangaro;Partido;1701;1808;Peru;-12.93873;-74.24751
JUPEHUHT;Huanta @ Azangaro @ Asangaro;Provincia_menor;1583;1783;Peru;-12.93873;-74.24751
JUPEHUHU;Huamanga @;Jurisdiccion;1701;1808;Peru;-13.16076;-74.2249
JUPEHUHU;Huamanga @;Partido;1701;1808;Peru;-13.16076;-74.2249
JUPEHUHU;Huamanga @;Provincia_menor;1701;1783;Peru;-13.16076;-74.2249
JUPEHULU;Lucanas @ Lucanas, Soros y Andamarcas;Jurisdiccion;1701;1808;Peru;-14.62042;-74.23257
JUPEHULU;Lucanas @ Lucanas, Soros y Andamarcas;Partido;1701;1808;Peru;-14.62042;-74.23257
JUPEHULU;Lucanas @ Lucanas, Soros y Andamarcas;Provincia_menor;1701;1783;Peru;-14.62042;-74.23257
JUPEHUPA;Parinacochas @;Jurisdiccion;1701;1808;Peru;-15.01692;-73.7805
JUPEHUPA;Parinacochas @;Partido;1701;1808;Peru;-15.01692;-73.7805
JUPEHUPA;Parinacochas @;Provincia_menor;1701;1783;Peru;-15.01692;-73.7805
JUPEHVAN;Angaraes @ Angaraes y Chocorvos;Jurisdiccion;1784;1808;Peru;-12.84287;-74.57041
JUPEHVAN;Angaraes @ Angaraes y Chocorvos;Partido;1701;1808;Peru;-12.84287;-74.57041
JUPEHVAN;Angaraes @ Angaraes y Chocorvos;Provincia_menor;1568;1611;Peru;-12.84287;-74.57041
JUPEHVCA;Castrovirreina @ Castrovirreyna;Jurisdiccion;1701;1808;Peru;-13.27778;-75.31611
JUPEHVCA;Castrovirreina @ Castrovirreyna;Partido;1701;1808;Peru;-13.27778;-75.31611
JUPEHVCA;Castrovirreina @ Castrovirreyna;Provincia_menor;1591;1783;Peru;-13.27778;-75.31611
JUPEHVHV;Huancavelica @;Jurisdiccion;1701;1808;Peru;-12.7878;-74.97309
JUPEHVHV;Huancavelica @;Partido;1701;1808;Peru;-12.7878;-74.97309
JUPEHVHV;Huancavelica @;Provincia;1601;1783;Peru;-12.7878;-74.97309
JUPEHVHV;Huancavelica @;Provincia_menor;1601;1783;Peru;-12.7878;-74.97309
JUPEHVTA;Tayacaja @;Jurisdiccion;1784;1808;Peru;-12.39894;-74.86587
JUPEHVTA;Tayacaja @;Partido;1784;1808;Peru;-12.39894;-74.86587
JUPELICA;Cañete @;Jurisdiccion;1701;1808;Peru;-13.07412;-76.36959
JUPELICA;Cañete @;Partido;1701;1808;Peru;-13.07412;-76.36959
JUPELICA;Cañete @;Provincia_menor;1701;1783;Peru;-13.07412;-76.36959
JUPELICH;Chancay @ Arnedo;Jurisdiccion;1701;1808;Peru;-11.56312;-77.27134
JUPELICH;Chancay @ Arnedo;Partido;1701;1808;Peru;-11.56312;-77.27134
JUPELICH;Chancay @ Arnedo;Provincia_menor;1701;1783;Peru;-11.56312;-77.27134
JUPELICL;Cercado de Lima @ Cercado;Jurisdiccion;1701;1808;Peru;-12.04665;-77.02998
JUPELICL;Cercado de Lima @ Cercado;Partido;1701;1808;Peru;-12.04665;-77.02998
JUPELICL;Cercado de Lima @ Cercado;Provincia_menor;1701;1783;Peru;-12.04665;-77.02998
JUPELICN;Canta @;Jurisdiccion;1701;1808;Peru;-11.46859;-76.62114
JUPELICN;Canta @;Partido;1701;1808;Peru;-11.46859;-76.62114
JUPELICN;Canta @;Provincia_menor;1701;1783;Peru;-11.46859;-76.62114
JUPELICO;Callao @;Jurisdiccion;1701;1808;Peru;-12.06275;-77.14885
JUPELICO;Callao @;Provincia_menor;1701;1783;Peru;-12.06275;-77.14885
JUPELIHU;Huarochiri @ Guaruquiri;Jurisdiccion;1701;1808;Peru;-12.13844;-76.23211
JUPELIHU;Huarochiri @ Guaruquiri;Partido;1701;1808;Peru;-12.13844;-76.23211
JUPELIHU;Huarochiri @ Guaruquiri;Provincia_menor;1701;1808;Peru;-12.13844;-76.23211
JUPELIIC;Ica @ Yca y Pisco @ Ica y Pisco;Jurisdiccion;1701;1808;Peru;-14.06388;-75.72912
JUPELIIC;Ica @ Yca y Pisco @ Ica y Pisco;Partido;1701;1808;Peru;-14.06388;-75.72912
JUPELIIC;Ica @ Yca y Pisco @ Ica y Pisco;Provincia_menor;1701;1783;Peru;-14.06388;-75.72912
JUPELISA;Santa @;Jurisdiccion;1583;1808;Peru;-8.98686;-78.61414
JUPELISA;Santa @;Partido;1701;1808;Peru;-8.98686;-78.61414
JUPELISA;Santa @;Provincia_menor;1583;1783;Peru;-8.98686;-78.61414
JUPELIYA;Yauyos @;Jurisdiccion;1701;1808;Peru;-12.45989;-75.91801
JUPELIYA;Yauyos @;Partido;1701;1808;Peru;-12.45989;-75.91801
JUPELIYA;Yauyos @;Provincia_menor;1701;1783;Peru;-12.45989;-75.91801
JUPETACA;Cajatambo @ Ambar y Cajatambo;Jurisdiccion;1701;1808;Peru;-10.47296;-76.99211
JUPETACA;Cajatambo @ Ambar y Cajatambo;Partido;1701;1808;Peru;-10.47296;-76.99211
JUPETACA;Cajatambo @ Ambar y Cajatambo;Provincia_menor;1701;1783;Peru;-10.47296;-76.99211
JUPETACO;Conchucos @;Jurisdiccion;1701;1808;Peru;-9.34821;-77.17089
JUPETACO;Conchucos @;Partido;1701;1808;Peru;-9.34821;-77.17089
JUPETACO;Conchucos @;Provincia_menor;1701;1783;Peru;-9.34821;-77.17089
JUPETAHM;Huamalies @;Jurisdiccion;1701;1808;Peru;-9.55056;-76.8157
JUPETAHM;Huamalies @;Partido;1701;1808;Peru;-9.55056;-76.8157
JUPETAHM;Huamalies @;Provincia_menor;1701;1783;Peru;-9.55056;-76.8157
JUPETAHN;Huanuco @;Jurisdiccion;1701;1808;Peru;-9.92988;-76.24306
JUPETAHN;Huanuco @;Partido;1701;1808;Peru;-9.92988;-76.24306
JUPETAHN;Huanuco @;Provincia_menor;1701;1783;Peru;-9.92988;-76.24306
JUPETAHY;Huaylas @;Jurisdiccion;1701;1808;Peru;-9.52963;-77.5289
JUPETAHY;Huaylas @;Partido;1701;1808;Peru;-9.52963;-77.5289
JUPETAHY;Huaylas @;Provincia_menor;1701;1783;Peru;-9.52963;-77.5289
JUPETAJA;Jauja @ Xauxa;Jurisdiccion;1701;1808;Peru;-11.77595;-75.50021
JUPETAJA;Jauja @ Xauxa;Partido;1701;1808;Peru;-11.77595;-75.50021
JUPETAJA;Jauja @ Xauxa;Provincia_menor;1701;1783;Peru;-11.77595;-75.50021
JUPETAPA;Panatahuas @ Conversiones de Huanuco @ Panatavas;Jurisdiccion;1793;1808;Peru;-9.89796;-75.99376
JUPETAPA;Panatahuas @ Conversiones de Huanuco @ Panatavas;Partido;1701;1808;Peru;-9.89796;-75.99376
JUPETAPA;Panatahuas @ Conversiones de Huanuco @ Panatavas;Provincia_menor;1630;1741;Peru;-9.89796;-75.99376
JUPETATA;Tarma @ Tarma y Chinchaycocha @ Jarama y Chinchaycocha;Jurisdiccion;1701;1808;Peru;-11.41817;-75.68667
JUPETATA;Tarma @ Tarma y Chinchaycocha @ Jarama y Chinchaycocha;Partido;1701;1808;Peru;-11.41817;-75.68667
JUPETATA;Tarma @ Tarma y Chinchaycocha @ Jarama y Chinchaycocha;Provincia_menor;1701;1783;Peru;-11.41817;-75.68667
JUPETRCA;Cajamarca @;Jurisdiccion;1701;1808;Peru;-7.15676;-78.51802
JUPETRCA;Cajamarca @;Partido;1701;1808;Peru;-7.15676;-78.51802
JUPETRCA;Cajamarca @;Provincia_menor;1701;1783;Peru;-7.15676;-78.51802
JUPETRCC;Chimo y Chicama @ Chicama y Pacasmayo @ Valle de Chicama @ Chicama y Chimo @ Chicama y Chiclayo @ Chiclayo;Jurisdiccion;1583;1634;Peru;90;0
JUPETRCC;Chimo y Chicama @ Chicama y Pacasmayo @ Valle de Chicama @ Chicama y Chimo @ Chicama y Chiclayo @ Chiclayo;Provincia_menor;1583;1634;Peru;90;0
JUPETRCH;Chachapoyas @ Chachapoyas y Moyobamba @ Chachapoyas, Moyobamba y Pacllas @ Chachapoyas, Moyobamba y Lamas @ Chachapoyas, Moyobamba, Lamas y Leymebamba;Jurisdiccion;1611;1808;Peru;-6.22994;-77.87193
JUPETRCH;Chachapoyas @ Chachapoyas y Moyobamba @ Chachapoyas, Moyobamba y Pacllas @ Chachapoyas, Moyobamba y Lamas @ Chachapoyas, Moyobamba, Lamas y Leymebamba;Partido;1701;1808;Peru;-6.22994;-77.87193
JUPETRCH;Chachapoyas @ Chachapoyas y Moyobamba @ Chachapoyas, Moyobamba y Pacllas @ Chachapoyas, Moyobamba y Lamas @ Chachapoyas, Moyobamba, Lamas y Leymebamba;Provincia_menor;1611;1783;Peru;-6.22994;-77.87193
JUPETRHB;Huambos @ Chota;Jurisdiccion;1787;1808;Peru;-6.45323;-78.96132
JUPETRHB;Huambos @ Chota;Partido;1787;1808;Peru;-6.45323;-78.96132
JUPETRHM;Huamachuco @;Jurisdiccion;1759;1808;Peru;-7.81185;-78.04886
JUPETRHM;Huamachuco @;Partido;1759;1808;Peru;-7.81185;-78.04886
JUPETRHM;Huamachuco @;Provincia_menor;1759;1783;Peru;-7.81185;-78.04886
JUPETRLU;Luya y Chillaos @;Jurisdiccion;1701;1772;Peru;-6.11411;-78.06183
JUPETRLU;Luya y Chillaos @;Partido;1701;1808;Peru;-6.11411;-78.06183
JUPETRLU;Luya y Chillaos @;Provincia_menor;1701;1772;Peru;-6.11411;-78.06183
JUPETRPA;Pataz @ Cajamarquilla @ Caxamarquilla @ Cajamarquilla y Collay @ Cajamarquilla, Collay y Leymebamba;Jurisdiccion;1583;1808;Peru;-7.15395;-77.70263
JUPETRPA;Pataz @ Cajamarquilla @ Caxamarquilla @ Cajamarquilla y Collay @ Cajamarquilla, Collay y Leymebamba;Partido;1701;1808;Peru;-7.15395;-77.70263
JUPETRPA;Pataz @ Cajamarquilla @ Caxamarquilla @ Cajamarquilla y Collay @ Cajamarquilla, Collay y Leymebamba;Provincia_menor;1583;1783;Peru;-7.15395;-77.70263
JUPETRPC;Pacllas @ Los Pacllas;Jurisdiccion;1565;1610;Peru;90;0
JUPETRPC;Pacllas @ Los Pacllas;Partido;1565;1700;Peru;90;0
JUPETRPC;Pacllas @ Los Pacllas;Provincia_menor;1565;1610;Peru;90;0
JUPETRPI;Piura @ Piura y Paita;Jurisdiccion;1701;1808;Peru;-5.17985;-80.64966
JUPETRPI;Piura @ Piura y Paita;Partido;1701;1808;Peru;-5.17985;-80.64966
JUPETRPI;Piura @ Piura y Paita;Provincia_menor;1701;1783;Peru;-5.17985;-80.64966
JUPETRSA;Saña @ Lambayeque @;Jurisdiccion;1636;1808;Peru;-6.70342;-79.90611
JUPETRSA;Saña @ Lambayeque @;Partido;1701;1808;Peru;-6.70342;-79.90611
JUPETRSA;Saña @ Lambayeque @;Provincia_menor;1585;1783;Peru;-6.70342;-79.90611
JUPETRTR;Trujillo @;Jurisdiccion;1636;1808;Peru;-8.1117;-79.02876
JUPETRTR;Trujillo @;Partido;1701;1808;Peru;-8.1117;-79.02876
JUPETRTR;Trujillo @;Provincia_menor;1635;1783;Peru;-8.1117;-79.02876
JUQUCHCH;Chimbo @ Guaranda;Jurisdiccion;1701;1808;Quito;-1.59247;-79.00194
JUQUCHCH;Chimbo @ Guaranda;Partido;1701;1808;Quito;-1.59247;-79.00194
JUQUCHCH;Chimbo @ Guaranda;Provincia_menor;1701;1808;Quito;-1.59247;-79.00194
JUQUCUAL;Alausi @;Partido;1701;1808;Quito;-2.20063;-78.84582
JUQUCUCU;Cuenca @;Partido;1701;1808;Quito;-2.89752;-79.00442
JUQUCUCU;Cuenca @;Provincia_menor;1701;1770;Quito;-2.89752;-79.00442
JUQUGQBB;Baba @;Jurisdiccion;1763;1808;Quito;-1.7831;-79.67932
JUQUGQBB;Baba @;Partido;1701;1808;Quito;-1.7831;-79.67932
JUQUGQBH;Babahoyo @ Ojiba;Jurisdiccion;1763;1808;Quito;-1.79894;-79.53227
JUQUGQBH;Babahoyo @ Ojiba;Partido;1701;1808;Quito;-1.79894;-79.53227
JUQUGQBZ;Balzar @;Jurisdiccion;1763;1808;Quito;-1.36466;-79.9041
JUQUGQBZ;Balzar @;Partido;1754;1808;Quito;-1.36466;-79.9041
JUQUGQCA;La Canoa @ Caraquez;Jurisdiccion;1768;1808;Quito;-0.46191;-80.4564
JUQUGQCA;La Canoa @ Caraquez;Partido;1701;1808;Quito;-0.46191;-80.4564
JUQUGQCA;La Canoa @ Caraquez;Provincia_menor;1701;1737;Quito;-0.46191;-80.4564
JUQUGQDA;Daule @;Jurisdiccion;1763;1808;Quito;-1.86696;-79.97809
JUQUGQDA;Daule @;Partido;1701;1808;Quito;-1.86696;-79.97809
JUQUGQGQ;Guayaquil @;Jurisdiccion;1701;1808;Quito;-2.19455;-79.88362
JUQUGQGQ;Guayaquil @;Partido;1701;1808;Quito;-2.19455;-79.88362
JUQUGQMA;Machala @;Jurisdiccion;1783;1808;Quito;-3.25871;-79.95957
JUQUGQMA;Machala @;Partido;1783;1808;Quito;-3.25871;-79.95957
JUQUGQNA;Naranjal @;Jurisdiccion;1763;1808;Quito;-2.67421;-79.61747
JUQUGQNA;Naranjal @;Partido;1754;1808;Quito;-2.67421;-79.61747
JUQUGQPA;Palenque @;Jurisdiccion;1763;1808;Quito;-1.43288;-79.75555
JUQUGQPA;Palenque @;Partido;1754;1808;Quito;-1.43288;-79.75555
JUQUGQPB;Puebloviejo @ Pueblo Viejo;Jurisdiccion;1802;1808;Quito;-1.55357;-79.5357
JUQUGQPB;Puebloviejo @ Pueblo Viejo;Partido;1802;1808;Quito;-1.55357;-79.5357
JUQUGQPU;La Puna @ Isla de la Puna @ Machala;Jurisdiccion;1763;1808;Quito;-3.25871;-79.95957
JUQUGQPU;La Puna @ Isla de la Puna @ Machala;Partido;1701;1808;Quito;-3.25871;-79.95957
JUQUGQPV;Puerto Viejo @;Jurisdiccion;1701;1808;Quito;-1.0526;-80.45331
JUQUGQPV;Puerto Viejo @;Partido;1701;1808;Quito;-1.0526;-80.45331
JUQUGQSB;Samborondon @ San Borondon @ San Barondon;Jurisdiccion;1789;1808;Quito;-1.96159;-79.72495
JUQUGQSB;Samborondon @ San Borondon @ San Barondon;Partido;1789;1808;Quito;-1.96159;-79.72495
JUQUGQSE;Punta de Santa Elena @;Jurisdiccion;1763;1808;Quito;-2.22666;-80.85678
JUQUGQSE;Punta de Santa Elena @;Partido;1701;1808;Quito;-2.22666;-80.85678
JUQUGQYA;Yaguachi @ Yaguache;Jurisdiccion;1763;1808;Quito;-2.16679;-79.64965
JUQUGQYA;Yaguachi @ Yaguache;Partido;1701;1808;Quito;-2.16679;-79.64965
JUQUIBIB;Ibarra @;Jurisdiccion;1701;1808;Quito;0.35052;-78.11799
JUQUIBIB;Ibarra @;Partido;1701;1808;Quito;0.35052;-78.11799
JUQUIBIB;Ibarra @;Provincia_menor;1701;1808;Quito;0.35052;-78.11799
JUQULOLO;Loja @;Jurisdiccion;1701;1808;Quito;-3.99643;-79.2014
JUQULOLO;Loja @;Partido;1701;1808;Quito;-3.99643;-79.2014
JUQULOLO;Loja @;Provincia_menor;1618;1808;Quito;-3.99643;-79.2014
JUQULOZA;Zaruma @ Minas de Zaruma;Jurisdiccion;1701;1808;Quito;-3.69232;-79.61199
JUQULOZA;Zaruma @ Minas de Zaruma;Partido;1701;1808;Quito;-3.69232;-79.61199
JUQULTLT;La Tacunga @ Latacunga;Jurisdiccion;1701;1808;Quito;-0.93361;-78.61488
JUQULTLT;La Tacunga @ Latacunga;Partido;1701;1808;Quito;-0.93361;-78.61488
JUQULTLT;La Tacunga @ Latacunga;Provincia_menor;1701;1808;Quito;-0.93361;-78.61488
JUQUMCMC;Macas @ Sevilla de Oro;Jurisdiccion;1701;1808;Quito;-2.30466;-78.11863
JUQUMCMC;Macas @ Sevilla de Oro;Provincia;1775;1808;Quito;-2.30466;-78.11863
JUQUMCMC;Macas @ Sevilla de Oro;Provincia_menor;1775;1808;Quito;-2.30466;-78.11863
JUQUOTOT;Otavalo @;Jurisdiccion;1701;1808;Quito;0.22844;-78.26296
JUQUOTOT;Otavalo @;Partido;1701;1808;Quito;0.22844;-78.26296
JUQUOTOT;Otavalo @;Provincia_menor;1701;1808;Quito;0.22844;-78.26296
JUQUPOAL;Almaguer @;Jurisdiccion;1701;1808;Quito;1.91401;-76.85537
JUQUPOAL;Almaguer @;Partido;1701;1808;Quito;1.91401;-76.85537
JUQUPOBA;Barbacoas @;Jurisdiccion;1701;1808;Quito;1.67175;-78.13751
JUQUPOBA;Barbacoas @;Partido;1701;1808;Quito;1.67175;-78.13751
JUQUPOBU;Buga @;Jurisdiccion;1701;1808;Quito;3.90006;-76.30201
JUQUPOBU;Buga @;Partido;1701;1808;Quito;3.90006;-76.30201
JUQUPOCA;Cali @;Jurisdiccion;1701;1808;Quito;3.45144;-76.53233
JUQUPOCA;Cali @;Partido;1701;1808;Quito;3.45144;-76.53233
JUQUPOCT;Caloto @;Jurisdiccion;1701;1808;Quito;3.0337;-76.40852
JUQUPOCT;Caloto @;Partido;1701;1808;Quito;3.0337;-76.40852
JUQUPOIS;Iscuade @;Jurisdiccion;1764;1808;Quito;2.45006;-77.98096
JUQUPOIS;Iscuade @;Partido;1764;1808;Quito;2.45006;-77.98096
JUQUPOMI;Micay @;Jurisdiccion;1793;1808;Quito;2.84433;-77.2486
JUQUPOMI;Micay @;Partido;1793;1808;Quito;2.84433;-77.2486
JUQUPOPA;Pasto @ San Juan de Pasto;Jurisdiccion;1539;1808;Quito;1.21463;-77.27825
JUQUPOPA;Pasto @ San Juan de Pasto;Partido;1701;1808;Quito;1.21463;-77.27825
JUQUPOPO;Popayan @;Jurisdiccion;1701;1808;Quito;2.44185;-76.60606
JUQUPOPO;Popayan @;Partido;1701;1808;Quito;2.44185;-76.60606
JUQUPOPS;Los Pastos @;Jurisdiccion;1701;1808;Quito;1.08325;-77.61329
JUQUPOPS;Los Pastos @;Partido;1701;1808;Quito;1.08325;-77.61329
JUQUPOPZ;Paez @ Paeces @ Guanacas;Jurisdiccion;1794;1808;Quito;90;0
JUQUPOPZ;Paez @ Paeces @ Guanacas;Partido;1701;1808;Quito;90;0
JUQUPORA;Raposo @ El Raposo;Jurisdiccion;1701;1808;Quito;3.87614;-76.92867
JUQUPORA;Raposo @ El Raposo;Partido;1701;1808;Quito;3.87614;-76.92867
JUQUPOTU;Tumaco @;Jurisdiccion;1764;1808;Quito;1.80815;-78.76545
JUQUPOTU;Tumaco @;Partido;1764;1808;Quito;1.80815;-78.76545
JUQUQUQU;Quito @;Jurisdiccion;1701;1808;Quito;-0.22017;-78.51209
JUQUQUQU;Quito @;Partido;1701;1808;Quito;-0.22017;-78.51209
JUQUQUQU;Quito @;Provincia_menor;1701;1771;Quito;-0.22017;-78.51209
JUQURBAM;Ambato @;Jurisdiccion;1797;1808;Quito;-1.24312;-78.62644
JUQURBAM;Ambato @;Partido;1701;1808;Quito;-1.24312;-78.62644
JUQURBAM;Ambato @;Provincia_menor;1797;1808;Quito;-1.24312;-78.62644
JUQURBRB;Riobamba @ Villa del Villar don Pardo;Jurisdiccion;1701;1808;Quito;-1.6744;-78.64595
JUQURBRB;Riobamba @ Villa del Villar don Pardo;Provincia_menor;1701;1808;Quito;-1.6744;-78.64595
JURPBABA;Buenos Aires @;Jurisdiccion;1701;1808;Rio de la Plata;-34.6079;-58.37322
JURPBABA;Buenos Aires @;Partido;1701;1808;Rio de la Plata;-34.6079;-58.37322
JURPBACR;Corrientes @;Jurisdiccion;1701;1808;Rio de la Plata;-27.47203;-58.83287
JURPBACR;Corrientes @;Partido;1701;1808;Rio de la Plata;-27.47203;-58.83287
JURPBAER;Entrerrios @;Jurisdiccion;1782;1808;Rio de la Plata;-33.14646;-59.31303
JURPBAER;Entrerrios @;Partido;1701;1781;Rio de la Plata;-33.14646;-59.31303
JURPBASF;Santa Fe @;Jurisdiccion;1701;1808;Rio de la Plata;-31.61845;-60.70297
JURPBASF;Santa Fe @;Partido;1701;1808;Rio de la Plata;-31.61845;-60.70297
JURPBOBO;Banda Oriental @ Campaña interior y de frontera;Jurisdiccion;1788;1808;Rio de la Plata;90;0
JURPBOBO;Banda Oriental @ Campaña interior y de frontera;Partido;1701;1808;Rio de la Plata;90;0
JURPBOIC;Isla Catalina @ Isla Catarina;Jurisdiccion;1777;1777;Rio de la Plata;90;0
JURPBOIC;Isla Catalina @ Isla Catarina;Partido;1777;1777;Rio de la Plata;90;0
JURPBOIC;Isla Catalina @ Isla Catarina;Provincia_menor;1777;1777;Rio de la Plata;90;0
JURPBOMV;Montevideo @ Uruguay;Jurisdiccion;1726;1808;Rio de la Plata;-34.90725;-56.20442
JURPBOMV;Montevideo @ Uruguay;Partido;1726;1808;Rio de la Plata;-34.90725;-56.20442
JURPBOMV;Montevideo @ Uruguay;Provincia;1751;1808;Rio de la Plata;-34.90725;-56.20442
JURPBOMV;Montevideo @ Uruguay;Provincia_menor;1751;1808;Rio de la Plata;-34.90725;-56.20442
JURPCOCO;Cordoba @;Jurisdiccion;1701;1808;Rio de la Plata;-31.4213;-64.18855
JURPCOCO;Cordoba @;Partido;1701;1808;Rio de la Plata;-31.4213;-64.18855
JURPCOLR;La Rioja @;Jurisdiccion;1701;1808;Rio de la Plata;-29.41568;-66.85591
JURPCOLR;La Rioja @;Partido;1701;1808;Rio de la Plata;-29.41568;-66.85591
JURPCOME;Mendoza @;Jurisdiccion;1701;1808;Rio de la Plata;-32.88973;-68.8443
JURPCOME;Mendoza @;Partido;1701;1808;Rio de la Plata;-32.88973;-68.8443
JURPCOSJ;San Juan @;Jurisdiccion;1701;1808;Rio de la Plata;-31.53704;-68.52502
JURPCOSJ;San Juan @;Partido;1701;1808;Rio de la Plata;-31.53704;-68.52502
JURPCOSL;San Luis @;Jurisdiccion;1701;1808;Rio de la Plata;-33.30197;-66.33699
JURPCOSL;San Luis @;Partido;1701;1808;Rio de la Plata;-33.30197;-66.33699
JURPMAMA;Malvinas @;Jurisdiccion;1766;1808;Rio de la Plata;-51.52888;-58.12772
JURPMAMA;Malvinas @;Partido;1766;1808;Rio de la Plata;-51.52888;-58.12772
JURPMAMA;Malvinas @;Provincia;1766;1773;Rio de la Plata;-51.52888;-58.12772
JURPMAMA;Malvinas @;Provincia_menor;1766;1773;Rio de la Plata;-51.52888;-58.12772
JURPMICA;Candelaria @ Misiones guaranies;Jurisdiccion;1770;1808;Rio de la Plata;-27.4629;-55.745
JURPMICA;Candelaria @ Misiones guaranies;Partido;1701;1808;Rio de la Plata;-27.4629;-55.745
JURPMICO;Concepcion @;Jurisdiccion;1773;1808;Rio de la Plata;-27.98059;-55.5216
JURPMICO;Concepcion @;Partido;1773;1808;Rio de la Plata;-27.98059;-55.5216
JURPMISA;Santiago @;Jurisdiccion;1770;1808;Rio de la Plata;-27.14103;-56.76533
JURPMISA;Santiago @;Partido;1770;1808;Rio de la Plata;-27.14103;-56.76533
JURPMISM;San Miguel @;Jurisdiccion;1768;1800;Rio de la Plata;-28.54864;-54.55525
JURPMISM;San Miguel @;Partido;1768;1800;Rio de la Plata;-28.54864;-54.55525
JURPMISM;San Miguel @;Provincia;1768;1769;Rio de la Plata;-28.54864;-54.55525
JURPMISM;San Miguel @;Provincia_menor;1768;1769;Rio de la Plata;-28.54864;-54.55525
JURPMIYA;Yapeyu @;Jurisdiccion;1770;1808;Rio de la Plata;-29.46669;-56.8164
JURPMIYA;Yapeyu @;Partido;1770;1808;Rio de la Plata;-29.46669;-56.8164
JURPPAAS;Asuncion @;Jurisdiccion;1701;1808;Rio de la Plata;-25.28156;-57.63255
JURPPAAS;Asuncion @;Partido;1701;1808;Rio de la Plata;-25.28156;-57.63255
JURPPACU;Curuguaty @;Jurisdiccion;1716;1808;Rio de la Plata;-24.47074;-55.69356
JURPPACU;Curuguaty @;Partido;1716;1808;Rio de la Plata;-24.47074;-55.69356
JURPPAES;Villarrica @ Espiritu Santo;Jurisdiccion;1701;1808;Rio de la Plata;-25.78134;-56.44784
JURPPAES;Villarrica @ Espiritu Santo;Partido;1701;1808;Rio de la Plata;-25.78134;-56.44784
JURPPAYC;Ycuamandiyu @;Jurisdiccion;1786;1808;Rio de la Plata;-24.09019;-57.07668
JURPPAYC;Ycuamandiyu @;Partido;1786;1808;Rio de la Plata;-24.09019;-57.07668
JURPPGPG;Patagones @;Jurisdiccion;1779;1808;Rio de la Plata;-40.7989;-62.9827
JURPPGPG;Patagones @;Partido;1779;1808;Rio de la Plata;-40.7989;-62.9827
JURPPGPG;Patagones @;Provincia;1779;1786;Rio de la Plata;-40.7989;-62.9827
JURPPGPG;Patagones @;Provincia_menor;1779;1786;Rio de la Plata;-40.7989;-62.9827
JURPSACT;Catamarca @;Jurisdiccion;1701;1808;Rio de la Plata;-28.4689;-65.77907
JURPSACT;Catamarca @;Partido;1701;1808;Rio de la Plata;-28.4689;-65.77907
JURPSAES;Santiago del Estero @;Jurisdiccion;1701;1808;Rio de la Plata;-27.78774;-64.25904
JURPSAES;Santiago del Estero @;Partido;1701;1808;Rio de la Plata;-27.78774;-64.25904
JURPSAJU;Jujuy @;Jurisdiccion;1701;1808;Rio de la Plata;-24.18547;-65.29929
JURPSAJU;Jujuy @;Partido;1701;1808;Rio de la Plata;-24.18547;-65.29929
JURPSANO;Nueva Oran @;Jurisdiccion;1795;1808;Rio de la Plata;-23.13996;-64.32143
JURPSANO;Nueva Oran @;Partido;1795;1808;Rio de la Plata;-23.13996;-64.32143
JURPSAPU;La Puna @ Omaguaca, Casabindo y Cochinoca @ valle de Humahuaca @ Humahuaca, Casabindo y Cochinoca @ Rinconada @ Valle Rico y Rinconada @ Valle Rico, Rinconada y Yavi;Jurisdiccion;1796;1808;Rio de la Plata;-21.94527;-66.05261
JURPSAPU;La Puna @ Omaguaca, Casabindo y Cochinoca @ valle de Humahuaca @ Humahuaca, Casabindo y Cochinoca @ Rinconada @ Valle Rico y Rinconada @ Valle Rico, Rinconada y Yavi;Partido;1796;1808;Rio de la Plata;-21.94527;-66.05261
JURPSASA;Salta @;Jurisdiccion;1701;1808;Rio de la Plata;-24.78928;-65.41058
JURPSASA;Salta @;Partido;1701;1808;Rio de la Plata;-24.78928;-65.41058
JURPSASM;San Miguel de Tucuman @;Jurisdiccion;1701;1808;Rio de la Plata;-26.83025;-65.20424
JURPSASM;San Miguel de Tucuman @;Partido;1701;1808;Rio de la Plata;-26.83025;-65.20424
JUSDCUBC;Baracoa @;Jurisdiccion;1701;1808;Santo Domingo;20.35103;-74.49926
JUSDCUBC;Baracoa @;Partido;1701;1808;Santo Domingo;20.35103;-74.49926
JUSDCUBY;Bayamo @;Jurisdiccion;1701;1808;Santo Domingo;20.38017;-76.64259
JUSDCUBY;Bayamo @;Partido;1701;1808;Santo Domingo;20.38017;-76.64259
JUSDCUCU;Cuba @ Santiago de Cuba;Jurisdiccion;1701;1808;Santo Domingo;20.0218;-75.8222
JUSDCUCU;Cuba @ Santiago de Cuba;Partido;1701;1808;Santo Domingo;20.0218;-75.8222
JUSDCUHO;Holguin @;Jurisdiccion;1752;1808;Santo Domingo;20.88672;-76.25891
JUSDCUHO;Holguin @;Partido;1752;1808;Santo Domingo;20.88672;-76.25891
JUSDCUPP;Puerto Principe @;Jurisdiccion;1701;1808;Santo Domingo;21.38568;-77.9144
JUSDCUPP;Puerto Principe @;Partido;1774;1808;Santo Domingo;21.38568;-77.9144
JUSDCVRE;Remedios @ Cayo;Partido;1701;1808;Santo Domingo;22.49525;-79.54523
JUSDCVSS;Sancti Espiritus @ Sancti Spiritus @ Santispiritus @ Sanctispiritus;Partido;1701;1808;Santo Domingo;21.92799;-79.44312
JUSDCVTR;Trinidad @;Partido;1701;1808;Santo Domingo;21.80064;-79.98489
JUSDCVVC;Santa Clara @ Villaclara @ Pueblo Nuevo;Partido;1701;1808;Santo Domingo;22.40656;-79.96505
JUSDFLFE;Florida oriental @ San Agustin @ Presidio de San Agustin;Jurisdiccion;1701;1808;Santo Domingo;29.8947;-81.3145
JUSDFLFE;Florida oriental @ San Agustin @ Presidio de San Agustin;Partido;1701;1808;Santo Domingo;29.8947;-81.3145
JUSDFLFE;Florida oriental @ San Agustin @ Presidio de San Agustin;Provincia_menor;1804;1808;Santo Domingo;29.8947;-81.3145
JUSDFLFW;Florida occidental @ Pensacola @ Penzacola;Jurisdiccion;1701;1808;Santo Domingo;30.42084;-87.21724
JUSDFLFW;Florida occidental @ Pensacola @ Penzacola;Partido;1701;1808;Santo Domingo;30.42084;-87.21724
JUSDFLFW;Florida occidental @ Pensacola @ Penzacola;Provincia_menor;1804;1808;Santo Domingo;30.42084;-87.21724
JUSDLHCV;Cuatro Villas @ Cuatro Lugares @ Trinidad;Jurisdiccion;1701;1808;Santo Domingo;21.80064;-79.98489
JUSDLHCV;Cuatro Villas @ Cuatro Lugares @ Trinidad;Provincia;1786;1790;Santo Domingo;21.80064;-79.98489
JUSDLHCV;Cuatro Villas @ Cuatro Lugares @ Trinidad;Provincia_menor;1786;1790;Santo Domingo;21.80064;-79.98489
JUSDLHFI;Filipinas @ Nueva Filipina @ Pinar del Rio @ Pinal del Rio;Jurisdiccion;1774;1808;Santo Domingo;22.4169;-83.70002
JUSDLHFS;San Felipe y Santiago @ Bejucal;Partido;1713;1808;Santo Domingo;22.9286;-82.3886
JUSDLHGU;Guanabacoa @;Partido;1743;1808;Santo Domingo;23.1239;-82.3003
JUSDLHJA;Jaruco @;Partido;1770;1808;Santo Domingo;23.04404;-82.00918
JUSDLHLH;La Habana @ San Cristobal de la Habana;Jurisdiccion;1701;1808;Santo Domingo;23.14111;-82.35143
JUSDLHLH;La Habana @ San Cristobal de la Habana;Partido;1701;1808;Santo Domingo;23.14111;-82.35143
JUSDLHMA;Matanzas @;Partido;1701;1808;Santo Domingo;23.04634;-81.57692
JUSDLHRO;Rosario @ Santa Maria del Rosario;Partido;1743;1808;Santo Domingo;23.06139;-82.25611
JUSDLHSA;San Antonio @ San Antonio Abad @ San Antonio de los Baños;Partido;1794;1808;Santo Domingo;22.88908;-82.50688
JUSDLHSV;Santiago de las Vegas @;Partido;1725;1808;Santo Domingo;22.97214;-82.38545
JUSDLUIL;Ilinueses @ San Luis @ Saint-Louis @ Ylinueses @ Illinoises @ Alta Luisiana @ Haute Louisiane;Jurisdiccion;1770;1803;Santo Domingo;38.6273;-90.1979
JUSDLUIL;Ilinueses @ San Luis @ Saint-Louis @ Ylinueses @ Illinoises @ Alta Luisiana @ Haute Louisiane;Partido;1770;1803;Santo Domingo;38.6273;-90.1979
JUSDLUMO;Mobila @;Jurisdiccion;1792;1800;Santo Domingo;30.68802;-88.04529
JUSDLUMO;Mobila @;Partido;1792;1808;Santo Domingo;30.68802;-88.04529
JUSDLUNO;Baja Luisiana @ Nueva Orleans;Jurisdiccion;1766;1803;Santo Domingo;30.4509;-91.1515
JUSDLUNO;Baja Luisiana @ Nueva Orleans;Partido;1766;1808;Santo Domingo;30.4509;-91.1515
JUSDLUNT;Natchitoches @ Natchitochas;Jurisdiccion;1770;1803;Santo Domingo;31.7558;-93.0724
JUSDLUNT;Natchitoches @ Natchitochas;Partido;1770;1803;Santo Domingo;31.7558;-93.0724
JUSDLUNZ;Natchez @ Natches;Jurisdiccion;1787;1797;Santo Domingo;31.56044;-91.40317
JUSDLUNZ;Natchez @ Natches;Partido;1787;1797;Santo Domingo;31.56044;-91.40317
JUSDPRSG;San German @ Villa de San German;Jurisdiccion;1701;1808;Santo Domingo;18.0808;-67.04087
JUSDPRSG;San German @ Villa de San German;Partido;1701;1808;Santo Domingo;18.0808;-67.04087
JUSDPRSJ;San Juan @ Puerto Rico;Jurisdiccion;1701;1808;Santo Domingo;18.46615;-66.1158
JUSDPRSJ;San Juan @ Puerto Rico;Partido;1701;1808;Santo Domingo;18.46615;-66.1158
JUSDSDAZ;Azua @;Partido;1701;1794;Santo Domingo;18.451;-70.732
JUSDSDBA;Banica @ Guaba @ Guava;Partido;1701;1794;Santo Domingo;19.08144;-71.70379
JUSDSDBY;Bayaguana @;Partido;1701;1794;Santo Domingo;18.7542;-69.63496
JUSDSDCO;Cotui @ Cotuy;Partido;1701;1794;Santo Domingo;19.05772;-70.15287
JUSDSDFN;Frontera del Norte @;Jurisdiccion;1765;1794;Santo Domingo;19.55014;-71.70391
JUSDSDFS;Frontera Sur @;Jurisdiccion;1765;1794;Santo Domingo;19.14455;-72.00875
JUSDSDHG;Higuey @;Partido;1701;1794;Santo Domingo;18.61281;-68.71205
JUSDSDHI;Hincha @;Partido;1704;1794;Santo Domingo;19.14455;-72.00875
JUSDSDLM;La Maguana @ San Juan de la Maguana @ Valle de San Juan;Partido;1758;1794;Santo Domingo;18.48166;-71.42033
JUSDSDLV;La Vega @ Concepcion de la Vega;Jurisdiccion;1701;1794;Santo Domingo;19.22227;-70.523
JUSDSDLV;La Vega @ Concepcion de la Vega;Partido;1701;1794;Santo Domingo;19.22227;-70.523
JUSDSDMC;Montecristi @ Monte Cristi @ Monte-Cristi @ Montechristi;Jurisdiccion;1765;1794;Santo Domingo;19.85035;-71.6442
JUSDSDMC;Montecristi @ Monte Cristi @ Monte-Cristi @ Montechristi;Partido;1751;1794;Santo Domingo;19.85035;-71.6442
JUSDSDMP;Monte Plata @ Monte Plata y Boya;Partido;1701;1794;Santo Domingo;18.81006;-69.78753
JUSDSDNE;Neiba @ Neiva @ Neyva @ Neyba;Partido;1760;1794;Santo Domingo;18.48166;-71.42033
JUSDSDPP;Puerto de Plata @ Puerto Plata;Partido;1737;1794;Santo Domingo;19.7894;-70.69405
JUSDSDSA;Santiago @ Norte;Jurisdiccion;1701;1794;Santo Domingo;19.4508;-70.69488
JUSDSDSA;Santiago @ Norte;Partido;1701;1794;Santo Domingo;19.4508;-70.69488
JUSDSDSD;Santo Domingo @;Jurisdiccion;1701;1794;Santo Domingo;18.4802;-69.94211
JUSDSDSD;Santo Domingo @;Partido;1701;1794;Santo Domingo;18.4802;-69.94211
JUSDSDSE;Seibo @ Seybo;Partido;1701;1794;Santo Domingo;18.802;-69.0523
JUSDSDSR;San Rafael @;Partido;1765;1794;Santo Domingo;19.43768;-72.19987
JUSDSDSS;Samana y Sabana de Mar @ Costa;Jurisdiccion;1765;1794;Santo Domingo;19.20423;-69.33508
JUSDSDSS;Samana y Sabana de Mar @ Costa;Partido;1701;1759;Santo Domingo;19.20423;-69.33508
JUVECAAR;Araure @;Jurisdiccion;1701;1808;Caracas;9.59313;-69.22728
JUVECAAR;Araure @;Partido;1701;1808;Caracas;9.59313;-69.22728
JUVECABA;Barquisimeto @;Jurisdiccion;1701;1808;Caracas;10.07404;-69.32157
JUVECABA;Barquisimeto @;Partido;1701;1808;Caracas;10.07404;-69.32157
JUVECACA;Caracas @;Jurisdiccion;1701;1808;Caracas;10.5061;-66.9146
JUVECACA;Caracas @;Partido;1701;1808;Caracas;10.5061;-66.9146
JUVECACB;Calabozo @;Partido;1751;1808;Caracas;8.91945;-67.43048
JUVECACC;Cachicamo @ San Fernando;Partido;1752;1808;Caracas;8.29798;-65.35788
JUVECACO;Coro @;Jurisdiccion;1701;1808;Caracas;11.40739;-69.67779
JUVECACO;Coro @;Partido;1701;1808;Caracas;11.40739;-69.67779
JUVECACR;Carora @;Jurisdiccion;1701;1808;Caracas;10.1648;-70.0761
JUVECACR;Carora @;Partido;1701;1808;Caracas;10.1648;-70.0761
JUVECAGU;Guanare @;Jurisdiccion;1701;1808;Caracas;9.0327;-69.7345
JUVECAGU;Guanare @;Partido;1701;1808;Caracas;9.0327;-69.7345
JUVECANI;Nirgua @;Jurisdiccion;1701;1808;Caracas;10.1535;-68.5685
JUVECANI;Nirgua @;Partido;1701;1808;Caracas;10.1535;-68.5685
JUVECAOS;Ospino @ San Fernando de Ospino;Partido;1754;1808;Caracas;9.28646;-69.44766
JUVECAPA;El Pao @;Partido;1727;1808;Caracas;9.63799;-68.12918
JUVECASC;San Carlos @;Jurisdiccion;1701;1808;Caracas;9.6624;-68.5882
JUVECASC;San Carlos @;Partido;1701;1808;Caracas;9.6624;-68.5882
JUVECASF;San Felipe @ San Felipe el Fuerte;Jurisdiccion;1729;1808;Caracas;10.34108;-68.73531
JUVECASF;San Felipe @ San Felipe el Fuerte;Partido;1729;1808;Caracas;10.34108;-68.73531
JUVECASJ;San Jaime @;Jurisdiccion;1753;1808;Caracas;8.1176;-67.8298
JUVECASJ;San Jaime @;Partido;1753;1808;Caracas;8.1176;-67.8298
JUVECASS;San Sebastian @;Jurisdiccion;1701;1808;Caracas;9.94617;-67.17878
JUVECASS;San Sebastian @;Partido;1701;1808;Caracas;9.94617;-67.17878
JUVECATO;Tocuyo @;Jurisdiccion;1701;1808;Caracas;9.7864;-69.7845
JUVECATO;Tocuyo @;Partido;1701;1808;Caracas;9.7864;-69.7845
JUVECATR;Trujillo @;Jurisdiccion;1701;1808;Caracas;9.36541;-70.43577
JUVECATR;Trujillo @;Partido;1701;1808;Caracas;9.36541;-70.43577
JUVECAVA;Valencia @;Jurisdiccion;1701;1808;Caracas;10.18288;-68.00367
JUVECAVA;Valencia @;Partido;1701;1808;Caracas;10.18288;-68.00367
JUVECAVC;Villa de Cura @ Villacura @ San Luis de Cura;Jurisdiccion;1730;1808;Caracas;10.03561;-67.48404
JUVECAVC;Villa de Cura @ Villacura @ San Luis de Cura;Partido;1730;1808;Caracas;10.03561;-67.48404
JUVECUAR;Aragua @ Villa de Aragua;Partido;1734;1808;Caracas;9.4585;-64.8301
JUVECUBA;Barcelona @ Nueva Barcelona;Jurisdiccion;1701;1808;Caracas;10.13731;-64.68623
JUVECUBA;Barcelona @ Nueva Barcelona;Partido;1701;1808;Caracas;10.13731;-64.68623
JUVECUCA;Cariaco @ San Felipe de Austria;Partido;1701;1808;Caracas;10.49547;-63.55116
JUVECUCB;Arias @ Cumanacoa @ San Baltasar de los Arias;Partido;1701;1808;Caracas;10.2501;-63.9192
JUVECUCP;Carupano @;Partido;1742;1808;Caracas;10.67046;-63.24929
JUVECUCT;Cabrutica @;Partido;1790;1808;Caracas;8.41551;-64.89092
JUVECUCU;Cumana @;Partido;1701;1808;Caracas;10.46721;-64.1766
JUVECUGC;Golfo de Cariaco @ Araya;Partido;1762;1771;Caracas;10.57384;-64.25655
JUVECUPA;El Pao @;Partido;1744;1808;Caracas;8.7888;-64.6287
JUVECURC;Rio Caribe @;Partido;1762;1808;Caracas;10.69854;-63.11172
JUVEGUGU;Guayana @ Angostura @ Santo Tomas de la Guayana;Jurisdiccion;1701;1808;Caracas;8.33467;-62.68202
JUVEGUOR;Alto y Bajo Orinoco @ Nuevas fundaciones del alto y bajo Orinoco: Orinoco, Rio Negro y sus anexos;Jurisdiccion;1762;1767;Caracas;90;0
JUVEMCBA;Barinas @;Jurisdiccion;1701;1808;Caracas;8.75716;-70.40447
JUVEMCBA;Barinas @;Partido;1701;1808;Caracas;8.75716;-70.40447
JUVEMCGI;Gibraltar @;Jurisdiccion;1701;1808;Caracas;9.27131;-71.13471
JUVEMCGI;Gibraltar @;Partido;1701;1808;Caracas;9.27131;-71.13471
JUVEMCLG;La Grita @;Jurisdiccion;1701;1808;Caracas;8.13704;-71.98574
JUVEMCLG;La Grita @;Partido;1701;1808;Caracas;8.13704;-71.98574
JUVEMCMC;Maracaibo @;Jurisdiccion;1701;1808;Caracas;10.65373;-71.61784
JUVEMCMC;Maracaibo @;Partido;1701;1808;Caracas;10.65373;-71.61784
JUVEMCME;Merida @;Jurisdiccion;1701;1808;Caracas;8.59752;-71.14486
JUVEMCME;Merida @;Partido;1701;1808;Caracas;8.59752;-71.14486
JUVEMCPZ;Pedraza @;Jurisdiccion;1701;1808;Caracas;8.41203;-70.65104
JUVEMCPZ;Pedraza @;Partido;1701;1808;Caracas;8.41203;-70.65104
JUVEMCSC;San Cristobal @;Jurisdiccion;1701;1808;Caracas;7.7669;-72.225
JUVEMCSC;San Cristobal @;Partido;1701;1808;Caracas;7.7669;-72.225
JUVEMCSF;San Fernando del Apure @;Jurisdiccion;1788;1808;Caracas;7.88475;-67.47627
JUVEMCSF;San Fernando del Apure @;Partido;1788;1808;Caracas;7.88475;-67.47627
JUVETRTR;Trinidad @;Jurisdiccion;1701;1796;Caracas;10.65285;-61.50995
JUVETRTR;Trinidad @;Partido;1701;1796;Caracas;10.65285;-61.50995
MICCCBBA;Baures @;Partido;1701;1808;Charcas;90;0
MICCCBCG;Chiriguanos @ Rio Grande @ Cordillera de los Chiriguanos;Partido;1767;1808;Charcas;90;0
MICCCBMO;Moxos @;Partido;1701;1808;Charcas;90;0
MICCCBPA;Pampas @;Partido;1701;1808;Charcas;90;0
MICCCBYU;Yuracarees @;Partido;1776;1808;Charcas;-16.91395;-65.2192
MIGUGUPE;Peten @;Jurisdiccion;1701;1808;Guatemala;16.92971;-89.89135
MIGUGUPE;Peten @;Partido;1701;1808;Guatemala;16.92971;-89.89135
MIGUGUPE;Peten @;Provincia_menor;1697;1808;Guatemala;16.92971;-89.89135
MINGPOPU;Putumayo @;Partido;1701;9999;Quito;90;0
MIPEOCVI;Vitoc @ valle de Vitoc @ Conversiones de Tarma @;Partido;1789;1808;Peru;90;0
MIPETRHY;Conversiones de Hibitos y Cholones @ Huaylillas;Partido;1701;1808;Peru;90;0
MIQUMABO;Misiones Altas @ Borja @ Marañon Alto @ Maynas;Partido;1701;1808;Quito;-4.46558;-77.54322
MIQUMANA;Napo @ Bajo Napo;Partido;1701;1808;Quito;90;0
MIQUMAOM;Misiones Bajas @ Omaguas @ Marañon Bajo;Partido;1701;1808;Quito;-3.33826;-71.91324
MIQUPOPO;Mocoa y Sucumbios @ Misiones de Popayan @ Mocoa y Sucumbios @ Mocoa, Sucumbios y Cofanes;Partido;1793;1808;Quito;90;0
OBCCCC00;La Plata @ Charcas;Arzobispado;1609;1808;Charcas;-19.04786;-65.2596
OBCCCC00;La Plata @ Charcas;Obispado;1553;1808;Charcas;-19.04786;-65.2596
OBCCLP00;La Paz @;Obispado;1605;1808;Charcas;-16.49626;-68.13411
OBCCSC00;Santa Cruz de la Sierra @;Obispado;1605;1808;Charcas;-17.94273;-65.34171
OBCHCO00;Concepcion @ La Imperial;Obispado;1563;1808;Chile;-38.71144;-73.16112
OBCHSA00;Santiago de Chile @;Obispado;1561;1808;Chile;-33.43756;-70.65006
OBGDDU00;Durango @ Guadiana;Obispado;1620;1808;Nueva España;24.02484;-104.66986
OBGDGD00;Guadalajara @;Obispado;1548;1808;Nueva España;20.67614;-103.347
OBGDMO00;Monterrey @ Nuevo Leon @ Linares;Obispado;1779;1808;Nueva España;25.67097;-100.30998
OBGDSO00;Sonora @;Obispado;1783;1808;Nueva Galicia y Septentrion;30.33603;-110.16631
OBGUCH00;Chiapas @;Obispado;1544;1808;Guatemala;16.73695;-92.63753
OBGUCY00;Comayagua @ Honduras@ Hibueras@ Higueras;Obispado;1534;1808;Guatemala;15.91727;-85.95522
OBGUGU00;Guatemala @;Arzobispado;1546;1808;Guatemala;14.52979;-90.73548
OBGUGU00;Guatemala @;Obispado;1534;1808;Guatemala;14.52979;-90.73548
OBGULE00;Leon @ Nicaragua;Obispado;1534;1808;Guatemala;12.43496;-86.87836
OBGUVP00;Verapaz @ Vera Paz;Obispado;1561;1602;Guatemala;15.36543;-90.47833
OBNEMI00;Michoacan @;Obispado;1537;1808;Nueva España;19.62778;-101.57861
OBNEMX00;Mexico @;Arzobispado;1546;1808;Nueva España;19.43379;-99.13313
OBNEMX00;Mexico @;Obispado;1530;1808;Nueva España;19.43379;-99.13313
OBNEOA00;Oaxaca @;Obispado;1535;1808;Nueva España;17.06971;-96.7189
OBNEPU00;Puebla @ Tlaxcala, Puebla;Obispado;1527;1808;Nueva España;19.31705;-98.2381
OBNEYU00;Yucatan @ Merida;Obispado;1561;1808;Nueva España;20.96671;-89.62322
OBNGCA00;Cartagena de Indias @;Obispado;1538;1808;Nuevo Reino de Granada;10.42306;-75.55076
OBNGPA00;Panama @;Obispado;1513;1808;Tierra Firme;8.23766;-77.02319
OBNGSF00;Santa Fe @;Arzobispado;1564;1808;Nuevo Reino de Granada;4.59744;-74.07475
OBNGSF00;Santa Fe @;Obispado;1564;1808;Nuevo Reino de Granada;4.59744;-74.07475
OBNGSM00;Santa Marta @;Obispado;1534;1808;Nuevo Reino de Granada;11.24327;-74.21052
OBPEAR00;Arequipa @;Obispado;1612;1808;Peru;-16.39822;-71.53673
OBPECU00;Cuzco @;Obispado;1538;1808;Peru;-13.51672;-71.97888
OBPEHU00;Huamanga @;Obispado;1612;1808;Peru;-13.16076;-74.2249
OBPELI00;Lima @;Arzobispado;1546;1808;Peru;-12.04665;-77.02998
OBPELI00;Lima @;Obispado;1546;1808;Peru;-12.04665;-77.02998
OBPETR00;Trujillo @;Obispado;1577;1808;Peru;-8.1117;-79.02876
OBQUCU00;Cuenca @;Obispado;1787;1808;Quito;-2.89752;-79.00442
OBQUMA00;Maynas @;Obispado;1808;1808;Quito;-6.03451;-76.97492
OBQUPO00;Popayan @;Obispado;1547;1808;Quito;2.44185;-76.60606
OBQUQU00;Quito @;Obispado;1546;1808;Quito;-0.22017;-78.51209
OBRPBA00;Buenos Aires @;Obispado;1627;1808;Rio de la Plata;-34.6079;-58.37322
OBRPCO00;Tucuman @ Cordoba;Obispado;1570;1808;Rio de la Plata;-31.4213;-64.18855
OBRPPA00;Paraguay @;Obispado;1547;1808;Rio de la Plata;-25.28156;-57.63255
OBRPSA00;Salta @;Obispado;1806;1808;Rio de la Plata;-24.78928;-65.41058
OBSDCU00;Santiago de Cuba @;Arzobispado;1803;1808;Santo Domingo;20.35103;-74.49926
OBSDCU00;Santiago de Cuba @;Obispado;1517;1808;Santo Domingo;20.35103;-74.49926
OBSDJA00;Jamaica @;Obispado;1515;1654;Santo Domingo;0;0
OBSDLH00;La Habana @;Obispado;1789;1808;Santo Domingo;23.14111;-82.35143
OBSDLU00;Luisiana y las dos Floridas @;Obispado;1794;1808;Santo Domingo;29.9537;-90.06375
OBSDPR00;Puerto Rico @;Obispado;1512;1808;Santo Domingo;18.46615;-66.1158
OBSDSD00;Santo Domingo @;Arzobispado;1548;1802;Santo Domingo;18.4802;-69.94211
OBSDSD00;Santo Domingo @;Obispado;1512;1799;Santo Domingo;18.4802;-69.94211
OBVECA00;Caracas @ Venezuela @ Coro;Arzobispado;1804;1808;Caracas;11.40739;-69.67779
OBVECA00;Caracas @ Venezuela @ Coro;Obispado;1535;1808;Caracas;11.40739;-69.67779
OBVEGU00;La Guayana @ Santo Tomas de la Guayana;Obispado;1791;1808;Caracas;8.14353;-63.55169
OBVEME00;Merida @;Obispado;1784;1808;Caracas;8.59752;-71.14486
PMGDCOCA;Candela @ San Bernardino de la Candela @ San Carlos de la Candela;Jurisdiccion;1701;1808;Nueva Galicia y Septentrion;26.83763;-100.66214
PMGDCOCA;Candela @ San Bernardino de la Candela @ San Carlos de la Candela;Partido;1701;1808;Nueva Galicia y Septentrion;26.83763;-100.66214
PMGDCOCC;Cuatro Cienegas @ Cuatrocienagas;Jurisdiccion;1800;1808;Nueva Galicia y Septentrion;26.98808;-102.06305
PMGDCOCC;Cuatro Cienegas @ Cuatrocienagas;Partido;1800;1808;Nueva Galicia y Septentrion;26.98808;-102.06305
PMGDCOEN;Encinas @;Jurisdiccion;1804;1808;Nueva Galicia y Septentrion;27.42664;-100.99878
PMGDCOEN;Encinas @;Partido;1804;1808;Nueva Galicia y Septentrion;27.42664;-100.99878
PMGDCONA;Nava @;Jurisdiccion;1800;1808;Nueva Galicia y Septentrion;28.4217;-100.7674
PMGDCONA;Nava @;Partido;1800;1808;Nueva Galicia y Septentrion;28.4217;-100.7674
PMGDCOSB;Valle de San Buenaventura @ San Antonio de Bucareli @ Nadadores;Jurisdiccion;1748;1808;Nueva Galicia y Septentrion;27.0625;-101.54667
PMGDCOSB;Valle de San Buenaventura @ San Antonio de Bucareli @ Nadadores;Partido;1748;1808;Nueva Galicia y Septentrion;27.0625;-101.54667
PMGDCOSF;San Fernando de Austria @ Aguaverde;Jurisdiccion;1753;1808;Nueva Galicia y Septentrion;28.49251;-100.92096
PMGDCOSF;San Fernando de Austria @ Aguaverde;Partido;1753;1808;Nueva Galicia y Septentrion;28.49251;-100.92096
PMGDCOSR;Santa Rosa @ Valle de Santa Rosa;Jurisdiccion;1739;1808;Nueva Galicia y Septentrion;27.88653;-101.52571
PMGDCOSR;Santa Rosa @ Valle de Santa Rosa;Partido;1739;1808;Nueva Galicia y Septentrion;27.88653;-101.52571
PMGDCOSV;San Vicente @ San Vicente de Arriba y Abajo;Partido;1800;1808;Nueva Galicia y Septentrion;;
PMGDSSAL;Altar @;Partido;1775;1808;Nueva Galicia y Septentrion;30.71593;-111.83697
PMGDSSBA;Bacoachi @;Partido;1784;1808;Nueva Galicia y Septentrion;30.63378;-109.96607
PMGDSSBP;Bavispe @;Partido;1790;1808;Nueva Galicia y Septentrion;30.47889;-108.93972
PMGDSSBT;Batuco @ Batuc @ Tepache;Partido;1775;1808;Nueva Galicia y Septentrion;29.22725;-109.73656
PMGDSSBV;Buena Vista @ Buenavista;Partido;1775;1808;Nueva Galicia y Septentrion;27.8024;-109.90082
PMGDSSCU;Cucurpe @;Partido;1775;1808;Nueva Galicia y Septentrion;30.33028;-110.70528
PMGDSSFR;Fronteras @ Corodeguachi;Partido;1775;1808;Nueva Galicia y Septentrion;31.345;-109.47711
PMGDSSHO;Horcasitas @ Pitic @ San Miguel de Horcasitas;Partido;1775;1808;Nueva Galicia y Septentrion;29.22725;-109.73656
PMGDSSHU;San Antonio de la Huerta @ San Antonio de las Huertas;Partido;1775;1808;Nueva Galicia y Septentrion;28.63;-109.61
PMGDSSMA;Matape @;Partido;1775;1808;Nueva Galicia y Septentrion;29.11889;-109.96972
PMGDSSNA;Nacameri @ Opodepe;Partido;1775;1808;Nueva Galicia y Septentrion;29.97216;-110.64476
PMGDSSOP;Oposura @;Partido;1775;1808;Nueva Galicia y Septentrion;29.80278;-109.68028
PMGDSSSA;Santa Ana @ San Ignacio @ Imuris @ Ymuris;Partido;1775;1808;Nueva Galicia y Septentrion;30.53981;-111.12292
PMGDSSSC;Santa Cruz @ Suanca @ Terrenate;Partido;1775;1808;Nueva Galicia y Septentrion;31.75083;-110.20194
PMGDSSTB;Tubac @;Partido;1775;1808;Nueva Galicia y Septentrion;32.22433;-110.97347
PMGDSSTC;Tucson @;Partido;1776;1808;Nueva Galicia y Septentrion;31.61061;-111.04687
PMGDSSUR;Ures @ San Jose de Gracia;Partido;1775;1808;Nueva Galicia y Septentrion;29.42806;-110.38917
PMGDSSVS;Valle de Sonora @ Motepore @ Real de San Antonio;Partido;1775;1808;Nueva Galicia y Septentrion;30.16907;-110.32898
PMGDTXAH;Orcoquizac @ San Agustin de Ahumada @ Orcoquiza;Jurisdiccion;1756;1771;Nueva Galicia y Septentrion;29.84238;-94.71127
PMGDTXFJ;San Francisco Xavier @ Gigedo;Jurisdiccion;1751;1754;Nueva Galicia y Septentrion;90;0
PMGDTXLB;La Bahia @ Espiritu Santo;Jurisdiccion;1722;1808;Nueva Galicia y Septentrion;28.805;-97.0033
PMGDTXLB;La Bahia @ Espiritu Santo;Partido;1722;1808;Nueva Galicia y Septentrion;28.805;-97.0033
PMGDTXNA;Nacogdoches @ Adaes @ Pilar @ Texas;Jurisdiccion;1716;1808;Nueva Galicia y Septentrion;31.54355;-95.21605
PMGDTXNA;Nacogdoches @ Adaes @ Pilar @ Texas;Partido;1716;1808;Nueva Galicia y Septentrion;31.54355;-95.21605
PMGDTXSA;Bexar @ San Antonio;Jurisdiccion;1718;1808;Nueva Galicia y Septentrion;29.42457;-98.49511
PMGDTXSA;Bexar @ San Antonio;Partido;1718;1808;Nueva Galicia y Septentrion;29.42457;-98.49511
PMNEOATO;Teococuilco @ Tecuicuilco @ Teocuicuilco y Teozacualco;Jurisdiccion;1531;1679;Nueva España;17.35278;-96.61167
PMNGCABQ;Barranquilla @;Partido;1772;1808;Nuevo Reino de Granada;10.97998;-74.77708
PMNGCALC;La Cruz @ Real de la Cruz;Partido;1772;1773;Nuevo Reino de Granada;10.3795;-74.875
PMNGCAST;Santo Tomas @ Villanueva;Partido;1772;1808;Nuevo Reino de Granada;10.75916;-74.75234
PMNGSMZT;Zambrano y Teton @;Partido;1742;1808;Nuevo Reino de Granada;9.74148;-74.81777
PMRPBACP;Curupayty y Lomas de Pedro Gonzalez @;Partido;1701;1778;Rio de la Plata;90;0
PMRPERAC;Arroyo de la China @ Concepcion;Partido;1782;1808;Rio de la Plata;-32.48656;-58.2476
PMRPERGU;Gualeguaychu @;Partido;1782;1808;Rio de la Plata;-33.00783;-58.51097
PMRPERGY;Gualeguay @;Partido;1782;1808;Rio de la Plata;-33.14646;-59.31303
PMRPERLB;La Bajada @ Parana;Partido;1782;1808;Rio de la Plata;-31.74326;-60.5172
PMRPERNO;Nogoya @;Partido;1782;1808;Rio de la Plata;-32.399;-59.7876
PRCCCB00;Cochabamba @;Intendencia;1784;1808;Charcas;-17.39354;-66.15701
PRCCCB00;Cochabamba @;Provincia;1784;1808;Charcas;-17.39354;-66.15701
PRCCCB00;Cochabamba @;Provincia_mayor;1784;1808;Charcas;-17.39354;-66.15701
PRCCCB00;Cochabamba @;Provincia_menor;1784;1808;Charcas;-17.39354;-66.15701
PRCCCBSC;Santa Cruz de la Sierra @;Jurisdiccion;1701;1713;Charcas;-17.75403;-62.99724
PRCCCBSC;Santa Cruz de la Sierra @;Provincia;1561;1783;Charcas;-17.75403;-62.99724
PRCCCBSC;Santa Cruz de la Sierra @;Provincia_mayor;1561;1783;Charcas;-17.75403;-62.99724
PRCCCBSC;Santa Cruz de la Sierra @;Provincia_menor;1561;1783;Charcas;-17.75403;-62.99724
PRCCCC00;Charcas @ Chuquisaca;Intendencia;1784;1808;Charcas;-19.04786;-65.2596
PRCCCC00;Charcas @ Chuquisaca;Provincia;1561;1808;Charcas;-19.04786;-65.2596
PRCCCC00;Charcas @ Chuquisaca;Provincia_mayor;1561;1808;Charcas;-19.04786;-65.2596
PRCCCC00;Charcas @ Chuquisaca;Provincia_menor;1784;1808;Charcas;-19.04786;-65.2596
PRCCLP00;La Paz @;Intendencia;1784;1808;Charcas;-16.49626;-68.13411
PRCCLP00;La Paz @;Provincia;1784;1808;Charcas;-16.49626;-68.13411
PRCCLP00;La Paz @;Provincia_mayor;1784;1808;Charcas;-16.49626;-68.13411
PRCCLP00;La Paz @;Provincia_menor;1784;1808;Charcas;-16.49626;-68.13411
PRCCPO00;Potosi @ La Plata y Villa imperial;Intendencia;1784;1808;Charcas;-19.58928;-65.75351
PRCCPO00;Potosi @ La Plata y Villa imperial;Provincia;1784;1808;Charcas;-19.58928;-65.75351
PRCCPO00;Potosi @ La Plata y Villa imperial;Provincia_mayor;1784;1808;Charcas;-19.58928;-65.75351
PRCCPO00;Potosi @ La Plata y Villa imperial;Provincia_menor;1784;1808;Charcas;-19.58928;-65.75351
PRCCPU00;Puno @;Intendencia;1784;1808;Charcas;-15.84057;-70.02789
PRCCPU00;Puno @;Provincia;1784;1808;Charcas;-15.84057;-70.02789
PRCCPU00;Puno @;Provincia_mayor;1784;1808;Charcas;-15.84057;-70.02789
PRCCPU00;Puno @;Provincia_menor;1784;1808;Charcas;-15.84057;-70.02789
PRCHCH00;Chiloe @ Castro;Intendencia;1784;1788;Chile;-42.48214;-73.7654
PRCHCH00;Chiloe @ Castro;Jurisdiccion;1701;1808;Chile;-42.48214;-73.7654
PRCHCH00;Chiloe @ Castro;Provincia;1567;1808;Chile;-42.48214;-73.7654
PRCHCH00;Chiloe @ Castro;Provincia_mayor;1602;1808;Chile;-42.48214;-73.7654
PRCHCH00;Chiloe @ Castro;Provincia_menor;1567;1808;Chile;-42.48214;-73.7654
PRCHCO00;Concepcion @;Intendencia;1786;1808;Chile;-36.73891;-72.9936
PRCHCO00;Concepcion @;Provincia;1786;1808;Chile;-36.73891;-72.9936
PRCHCO00;Concepcion @;Provincia_mayor;1786;1808;Chile;-36.73891;-72.9936
PRCHCO00;Concepcion @;Provincia_menor;1563;1808;Chile;-36.73891;-72.9936
PRCHSA00;Santiago @;Intendencia;1786;1808;Chile;-33.43756;-70.65006
PRCHSA00;Santiago @;Provincia;1786;1808;Chile;-33.43756;-70.65006
PRCHSA00;Santiago @;Provincia_mayor;1567;1808;Chile;-33.43756;-70.65006
PRCHSA00;Santiago @;Provincia_menor;1563;1808;Chile;-33.43756;-70.65006
PRGDCO00;Coahuila @ Nueva Extremadura @ Potosi, Valle de Couyla y Trinidad @ Nuevo Almaden;Partido;1716;1747;Nueva Galicia y Septentrion;26.9058;-101.4243
PRGDCO00;Coahuila @ Nueva Extremadura @ Potosi, Valle de Couyla y Trinidad @ Nuevo Almaden;Provincia;1687;1808;Nueva Galicia y Septentrion;26.9058;-101.4243
PRGDCO00;Coahuila @ Nueva Extremadura @ Potosi, Valle de Couyla y Trinidad @ Nuevo Almaden;Provincia_mayor;1687;1808;Nueva Galicia y Septentrion;26.9058;-101.4243
PRGDCO00;Coahuila @ Nueva Extremadura @ Potosi, Valle de Couyla y Trinidad @ Nuevo Almaden;Provincia_menor;1674;1808;Nueva Galicia y Septentrion;26.9058;-101.4243
PRGDDU00;Nueva Vizcaya @ Durango @ Parral;Intendencia;1787;1808;Nueva Galicia y Septentrion;26.93301;-105.66316
PRGDDU00;Nueva Vizcaya @ Durango @ Parral;Provincia;1562;1808;Nueva Galicia y Septentrion;26.93301;-105.66316
PRGDDU00;Nueva Vizcaya @ Durango @ Parral;Provincia_mayor;1562;1808;Nueva Galicia y Septentrion;26.93301;-105.66316
PRGDDU00;Nueva Vizcaya @ Durango @ Parral;Provincia_menor;1562;1808;Nueva Galicia y Septentrion;26.93301;-105.66316
PRGDGD00;Nueva Galicia @ Guadalajara;Intendencia;1787;1808;Nueva Galicia y Septentrion;21.51611;-104.89389
PRGDGD00;Nueva Galicia @ Guadalajara;Provincia;1531;1808;Nueva Galicia y Septentrion;21.51611;-104.89389
PRGDGD00;Nueva Galicia @ Guadalajara;Provincia_mayor;1531;1808;Nueva Galicia y Septentrion;21.51611;-104.89389
PRGDGD00;Nueva Galicia @ Guadalajara;Provincia_menor;1540;1808;Nueva Galicia y Septentrion;21.51611;-104.89389
PRGDNA00;Nayarit @ Nuevo Toledo;Fronteras;1111;1808;Nueva Galicia y Septentrion;22.21639;-104.65222
PRGDNA00;Nayarit @ Nuevo Toledo;Jurisdiccion;1721;1808;Nueva Galicia y Septentrion;22.21639;-104.65222
PRGDNA00;Nayarit @ Nuevo Toledo;Partido;1701;1808;Nueva Galicia y Septentrion;22.21639;-104.65222
PRGDNA00;Nayarit @ Nuevo Toledo;Provincia;1721;1790;Nueva Galicia y Septentrion;22.21639;-104.65222
PRGDNA00;Nayarit @ Nuevo Toledo;Provincia_mayor;1787;1790;Nueva Galicia y Septentrion;22.21639;-104.65222
PRGDNA00;Nayarit @ Nuevo Toledo;Provincia_menor;1721;1790;Nueva Galicia y Septentrion;22.21639;-104.65222
PRGDNL00;Nuevo Leon @;Jurisdiccion;1582;1590;Nueva Galicia y Septentrion;25.67097;-100.30998
PRGDNL00;Nuevo Leon @;Provincia;1582;1808;Nueva Galicia y Septentrion;25.67097;-100.30998
PRGDNL00;Nuevo Leon @;Provincia_mayor;1582;1808;Nueva Galicia y Septentrion;25.67097;-100.30998
PRGDNL00;Nuevo Leon @;Provincia_menor;1582;1808;Nueva Galicia y Septentrion;25.67097;-100.30998
PRGDNM00;Nuevo Mexico @;Provincia;1598;1808;Nueva Galicia y Septentrion;35.6875;-105.93851
PRGDNM00;Nuevo Mexico @;Provincia_mayor;1598;1808;Nueva Galicia y Septentrion;35.6875;-105.93851
PRGDNM00;Nuevo Mexico @;Provincia_menor;1598;1808;Nueva Galicia y Septentrion;35.6875;-105.93851
PRGDNS00;Nuevo Santander @ Colonia de Nuevo Santander;Jurisdiccion;1748;1808;Nueva Galicia y Septentrion;24.58315;-98.94156
PRGDNS00;Nuevo Santander @ Colonia de Nuevo Santander;Partido;1748;1808;Nueva Galicia y Septentrion;24.58315;-98.94156
PRGDNS00;Nuevo Santander @ Colonia de Nuevo Santander;Provincia;1748;1808;Nueva Galicia y Septentrion;24.58315;-98.94156
PRGDNS00;Nuevo Santander @ Colonia de Nuevo Santander;Provincia_mayor;1748;1808;Nueva Galicia y Septentrion;24.58315;-98.94156
PRGDNS00;Nuevo Santander @ Colonia de Nuevo Santander;Provincia_menor;1748;1808;Nueva Galicia y Septentrion;24.58315;-98.94156
PRGDSS00;Sinaloa y Sonora @ Arizpe;Intendencia;1770;1808;Nueva Galicia y Septentrion;29.48709;-110.72483
PRGDSS00;Sinaloa y Sonora @ Arizpe;Provincia;1733;1808;Nueva Galicia y Septentrion;29.48709;-110.72483
PRGDSS00;Sinaloa y Sonora @ Arizpe;Provincia_mayor;1733;1808;Nueva Galicia y Septentrion;29.48709;-110.72483
PRGDSS00;Sinaloa y Sonora @ Arizpe;Provincia_menor;1797;1808;Nueva Galicia y Septentrion;29.48709;-110.72483
PRGDTX00;Texas @ Nueva Filipina @ La Carolina;Provincia;1722;1808;Nueva Galicia y Septentrion;31.70823;-93.2935
PRGDTX00;Texas @ Nueva Filipina @ La Carolina;Provincia_mayor;1722;1808;Nueva Galicia y Septentrion;31.70823;-93.2935
PRGDTX00;Texas @ Nueva Filipina @ La Carolina;Provincia_menor;1722;1808;Nueva Galicia y Septentrion;31.70823;-93.2935
PRGDZA00;Zacatecas @;Intendencia;1787;1808;Nueva Galicia y Septentrion;22.7758;-102.57148
PRGDZA00;Zacatecas @;Provincia;1787;1808;Nueva Galicia y Septentrion;22.7758;-102.57148
PRGDZA00;Zacatecas @;Provincia_mayor;1787;1808;Nueva Galicia y Septentrion;22.7758;-102.57148
PRGDZA00;Zacatecas @;Provincia_menor;1787;1808;Nueva Galicia y Septentrion;22.7758;-102.57148
PRGUCH00;Chiapas @ Ciudad Real;Intendencia;1786;1808;Guatemala;16.73695;-92.63753
PRGUCH00;Chiapas @ Ciudad Real;Provincia;1786;1808;Guatemala;16.73695;-92.63753
PRGUCH00;Chiapas @ Ciudad Real;Provincia_mayor;1786;1808;Guatemala;16.73695;-92.63753
PRGUCH00;Chiapas @ Ciudad Real;Provincia_menor;1786;1808;Guatemala;16.73695;-92.63753
PRGUCR00;Costa Rica @ Nueva Cartago y Costa Rica @ Veragua Real;Provincia;1540;1808;Guatemala;9.86474;-83.92088
PRGUCR00;Costa Rica @ Nueva Cartago y Costa Rica @ Veragua Real;Provincia_mayor;1568;1808;Guatemala;9.86474;-83.92088
PRGUCR00;Costa Rica @ Nueva Cartago y Costa Rica @ Veragua Real;Provincia_menor;1540;1808;Guatemala;9.86474;-83.92088
PRGUCY00;Comayagua @ Honduras @ Comayagua y provincia de Honduras @ Higueras y Cabo de Honduras;Intendencia;1787;1808;Guatemala;15.91727;-85.95522
PRGUCY00;Comayagua @ Honduras @ Comayagua y provincia de Honduras @ Higueras y Cabo de Honduras;Provincia;1526;1808;Guatemala;15.91727;-85.95522
PRGUCY00;Comayagua @ Honduras @ Comayagua y provincia de Honduras @ Higueras y Cabo de Honduras;Provincia_mayor;1526;1808;Guatemala;15.91727;-85.95522
PRGUCY00;Comayagua @ Honduras @ Comayagua y provincia de Honduras @ Higueras y Cabo de Honduras;Provincia_menor;1526;1808;Guatemala;15.91727;-85.95522
PRGUGU00;Guatemala @;Provincia;1542;1808;Guatemala;14.62181;-90.51879
PRGUGU00;Guatemala @;Provincia_mayor;1542;1808;Guatemala;14.62181;-90.51879
PRGUGU00;Guatemala @;Provincia_menor;1542;1808;Guatemala;14.62181;-90.51879
PRGUNI00;Leon @ Nicaragua;Intendencia;1787;1808;Guatemala;12.43496;-86.87836
PRGUNI00;Leon @ Nicaragua;Provincia;1527;1808;Guatemala;12.43496;-86.87836
PRGUNI00;Leon @ Nicaragua;Provincia_mayor;1527;1808;Guatemala;12.43496;-86.87836
PRGUNI00;Leon @ Nicaragua;Provincia_menor;1527;1808;Guatemala;12.43496;-86.87836
PRGUSS00;San Salvador @ San Salvador y sus agregados de San Miguel y San Vicente;Intendencia;1787;1808;Guatemala;13.69834;-89.19136
PRGUSS00;San Salvador @ San Salvador y sus agregados de San Miguel y San Vicente;Provincia;1787;1808;Guatemala;13.69834;-89.19136
PRGUSS00;San Salvador @ San Salvador y sus agregados de San Miguel y San Vicente;Provincia_mayor;1787;1808;Guatemala;13.69834;-89.19136
PRGUSS00;San Salvador @ San Salvador y sus agregados de San Miguel y San Vicente;Provincia_menor;1579;1808;Guatemala;13.69834;-89.19136
PRNECL00;California @ Las Californias @ Antigua California @ Baja California;Jurisdiccion;1720;1767;Nueva Galicia y Septentrion;36.59552;-121.89061
PRNECL00;California @ Las Californias @ Antigua California @ Baja California;Provincia;1697;1808;Nueva Galicia y Septentrion;36.59552;-121.89061
PRNECL00;California @ Las Californias @ Antigua California @ Baja California;Provincia_mayor;1777;1808;Nueva Galicia y Septentrion;36.59552;-121.89061
PRNECL00;California @ Las Californias @ Antigua California @ Baja California;Provincia_menor;1697;1808;Nueva Galicia y Septentrion;36.59552;-121.89061
PRNECT00;Colotlan @ Colotlan y Nayarit @ Fronteras de San Luis de Colotlan @ Fronteras de San Luis Obispo;Jurisdiccion;1701;1790;Nueva Galicia y Septentrion;22.11417;-103.26639
PRNECT00;Colotlan @ Colotlan y Nayarit @ Fronteras de San Luis de Colotlan @ Fronteras de San Luis Obispo;Partido;1701;1790;Nueva Galicia y Septentrion;22.11417;-103.26639
PRNECT00;Colotlan @ Colotlan y Nayarit @ Fronteras de San Luis de Colotlan @ Fronteras de San Luis Obispo;Provincia;1791;1808;Nueva Galicia y Septentrion;22.11417;-103.26639
PRNECT00;Colotlan @ Colotlan y Nayarit @ Fronteras de San Luis de Colotlan @ Fronteras de San Luis Obispo;Provincia_mayor;1791;1808;Nueva Galicia y Septentrion;22.11417;-103.26639
PRNECT00;Colotlan @ Colotlan y Nayarit @ Fronteras de San Luis de Colotlan @ Fronteras de San Luis Obispo;Provincia_menor;1591;1808;Nueva Galicia y Septentrion;22.11417;-103.26639
PRNEGJ00;Guanajuato @;Intendencia;1787;1808;Nueva España;21.01661;-101.25272
PRNEGJ00;Guanajuato @;Provincia;1787;1808;Nueva España;21.01661;-101.25272
PRNEGJ00;Guanajuato @;Provincia_mayor;1787;1808;Nueva España;21.01661;-101.25272
PRNEGJ00;Guanajuato @;Provincia_menor;1787;1808;Nueva España;21.01661;-101.25272
PRNEMI00;Michoacan @ Valladolid;Intendencia;1787;1808;Nueva España;19.70389;-101.18472
PRNEMI00;Michoacan @ Valladolid;Provincia;1787;1808;Nueva España;19.70389;-101.18472
PRNEMI00;Michoacan @ Valladolid;Provincia_mayor;1787;1808;Nueva España;19.70389;-101.18472
PRNEMI00;Michoacan @ Valladolid;Provincia_menor;1787;1808;Nueva España;19.70389;-101.18472
PRNEMX00;Nueva España @ Mexico;Intendencia;1787;1808;Nueva España;19.43379;-99.13313
PRNEMX00;Nueva España @ Mexico;Provincia;1535;1808;Nueva España;19.43379;-99.13313
PRNEMX00;Nueva España @ Mexico;Provincia_mayor;1535;1808;Nueva España;19.43379;-99.13313
PRNEMX00;Nueva España @ Mexico;Provincia_menor;1787;1808;Nueva España;19.43379;-99.13313
PRNEOA00;Oaxaca @ Antequera;Intendencia;1787;1808;Nueva España;17.06971;-96.7189
PRNEOA00;Oaxaca @ Antequera;Provincia;1787;1808;Nueva España;17.06971;-96.7189
PRNEOA00;Oaxaca @ Antequera;Provincia_mayor;1787;1808;Nueva España;17.06971;-96.7189
PRNEOA00;Oaxaca @ Antequera;Provincia_menor;1787;1808;Nueva España;17.06971;-96.7189
PRNEPU00;Puebla @;Intendencia;1787;1808;Nueva España;19.04259;-98.19804
PRNEPU00;Puebla @;Provincia;1787;1808;Nueva España;19.04259;-98.19804
PRNEPU00;Puebla @;Provincia_mayor;1787;1808;Nueva España;19.04259;-98.19804
PRNEPU00;Puebla @;Provincia_menor;1787;1808;Nueva España;19.04259;-98.19804
PRNESL00;San Luis Potosi @;Intendencia;1787;1808;Nueva España;22.15153;-100.97581
PRNESL00;San Luis Potosi @;Provincia;1787;1808;Nueva España;22.15153;-100.97581
PRNESL00;San Luis Potosi @;Provincia_mayor;1787;1808;Nueva España;22.15153;-100.97581
PRNESL00;San Luis Potosi @;Provincia_menor;1787;1808;Nueva España;22.15153;-100.97581
PRNEVC00;Veracruz @;Intendencia;1787;1808;Nueva España;19.19333;-96.13775
PRNEVC00;Veracruz @;Provincia;1731;1808;Nueva España;19.19333;-96.13775
PRNEVC00;Veracruz @;Provincia_mayor;1787;1808;Nueva España;19.19333;-96.13775
PRNEVC00;Veracruz @;Provincia_menor;1787;1808;Nueva España;19.19333;-96.13775
PRNEYU00;Yucatan @ Merida;Intendencia;1787;1808;Nueva España;20.96671;-89.62322
PRNEYU00;Yucatan @ Merida;Provincia;1565;1808;Nueva España;20.96671;-89.62322
PRNEYU00;Yucatan @ Merida;Provincia_mayor;1565;1808;Nueva España;20.96671;-89.62322
PRNEYU00;Yucatan @ Merida;Provincia_menor;1565;1808;Nueva España;20.96671;-89.62322
PRNGAN00;Antioquia @ Santafe de Antioquia;Provincia;1607;1808;Nuevo Reino de Granada;6.55837;-75.82743
PRNGAN00;Antioquia @ Santafe de Antioquia;Provincia_menor;1607;1808;Nuevo Reino de Granada;6.55837;-75.82743
PRNGCA00;Cartagena de Indias @ Cartagena de Indias @ Golfo de Uraba y Nueva Andalucia;Provincia;1534;1808;Nuevo Reino de Granada;10.42306;-75.55076
PRNGCA00;Cartagena de Indias @ Cartagena de Indias @ Golfo de Uraba y Nueva Andalucia;Provincia_mayor;1534;1739;Nuevo Reino de Granada;10.42306;-75.55076
PRNGCA00;Cartagena de Indias @ Cartagena de Indias @ Golfo de Uraba y Nueva Andalucia;Provincia_menor;1534;1808;Nuevo Reino de Granada;10.42306;-75.55076
PRNGCG00;Caguan @ Valle de la Plata;Partido;1701;1808;Nuevo Reino de Granada;90;0
PRNGCG00;Caguan @ Valle de la Plata;Provincia;1579;1632;Nuevo Reino de Granada;90;0
PRNGCG00;Caguan @ Valle de la Plata;Provincia_mayor;1579;1632;Nuevo Reino de Granada;90;0
PRNGCG00;Caguan @ Valle de la Plata;Provincia_menor;1579;1632;Nuevo Reino de Granada;90;0
PRNGCH00;Choco @ Rio de San Juan;Provincia;1575;1808;Nuevo Reino de Granada;4.60895;-76.05481
PRNGCH00;Choco @ Rio de San Juan;Provincia_mayor;1575;1594;Nuevo Reino de Granada;4.60895;-76.05481
PRNGCH00;Choco @ Rio de San Juan;Provincia_menor;1575;1808;Nuevo Reino de Granada;4.60895;-76.05481
PRNGDA00;Darien @;Jurisdiccion;1701;1808;Tierra Firme;8.15697;-77.6912
PRNGDA00;Darien @;Partido;1701;1808;Tierra Firme;8.15697;-77.6912
PRNGDA00;Darien @;Provincia;1621;1808;Tierra Firme;8.15697;-77.6912
PRNGDA00;Darien @;Provincia_menor;1621;1808;Tierra Firme;8.15697;-77.6912
PRNGLL00;Chire @ Casanare @ Llanos de Santiago  @ Santiago de las Atalayas @ Santiago y Cravo;Provincia;1588;1808;Nuevo Reino de Granada;5.72773;-71.99319
PRNGLL00;Chire @ Casanare @ Llanos de Santiago  @ Santiago de las Atalayas @ Santiago y Cravo;Provincia_mayor;1588;1590;Nuevo Reino de Granada;5.72773;-71.99319
PRNGLL00;Chire @ Casanare @ Llanos de Santiago  @ Santiago de las Atalayas @ Santiago y Cravo;Provincia_menor;1588;1808;Nuevo Reino de Granada;5.72773;-71.99319
PRNGMA00;Mariquita @ Tocaima y Bague @ Tocaima, Ibague y Mariquita @ Tocaima y Mariquita @ Tocaima, Bague y ciudad de Mariquita y demas pueblos de tierra caliente;Provincia;1550;1808;Nuevo Reino de Granada;5.20225;-74.73751
PRNGMA00;Mariquita @ Tocaima y Bague @ Tocaima, Ibague y Mariquita @ Tocaima y Mariquita @ Tocaima, Bague y ciudad de Mariquita y demas pueblos de tierra caliente;Provincia_menor;1550;1808;Nuevo Reino de Granada;5.20225;-74.73751
PRNGNE00;Neiva @;Provincia;1610;1808;Nuevo Reino de Granada;2.92357;-75.28542
PRNGNE00;Neiva @;Provincia_menor;1610;1808;Nuevo Reino de Granada;2.92357;-75.28542
PRNGPA00;Panama @ Istmo @ Tierra Firme @ Castilla de Oro;Provincia;1514;1808;Tierra Firme;8.95234;-79.53472
PRNGPA00;Panama @ Istmo @ Tierra Firme @ Castilla de Oro;Provincia_mayor;1514;1808;Tierra Firme;8.95234;-79.53472
PRNGPA00;Panama @ Istmo @ Tierra Firme @ Castilla de Oro;Provincia_menor;1514;1620;Tierra Firme;8.95234;-79.53472
PRNGPP00;Pamplona @ Giron;Provincia;1795;1808;Nuevo Reino de Granada;7.3757;-72.6488
PRNGPP00;Pamplona @ Giron;Provincia_menor;1795;1808;Nuevo Reino de Granada;7.3757;-72.6488
PRNGSF00;Santa Fe @ Santafe de Bogota;Provincia;1538;1808;Nuevo Reino de Granada;4.59744;-74.07475
PRNGSF00;Santa Fe @ Santafe de Bogota;Provincia_mayor;1538;1808;Nuevo Reino de Granada;4.59744;-74.07475
PRNGSF00;Santa Fe @ Santafe de Bogota;Provincia_menor;1538;1808;Nuevo Reino de Granada;4.59744;-74.07475
PRNGSM00;Santa Marta @ Santa Marta y Rio de la Hacha;Provincia;1533;1808;Nuevo Reino de Granada;11.24327;-74.21052
PRNGSM00;Santa Marta @ Santa Marta y Rio de la Hacha;Provincia_mayor;1533;1739;Nuevo Reino de Granada;11.24327;-74.21052
PRNGSM00;Santa Marta @ Santa Marta y Rio de la Hacha;Provincia_menor;1533;1808;Nuevo Reino de Granada;11.24327;-74.21052
PRNGSO00;Socorro @ El Socorro;Provincia;1795;1808;Nuevo Reino de Granada;;
PRNGSO00;Socorro @ El Socorro;Provincia_menor;1795;1808;Nuevo Reino de Granada;;
PRNGTU00;Tunja @;Provincia;1539;1808;Nuevo Reino de Granada;5.53305;-73.36134
PRNGTU00;Tunja @;Provincia_menor;1539;1808;Nuevo Reino de Granada;5.53305;-73.36134
PRNGVE00;Veragua @ Veraguas;Provincia;1621;1808;Tierra Firme;8.10932;-80.98146
PRNGVE00;Veragua @ Veraguas;Provincia_mayor;1621;1715;Tierra Firme;8.10932;-80.98146
PRNGVE00;Veragua @ Veraguas;Provincia_menor;1621;1808;Tierra Firme;8.10932;-80.98146
PRPEAR00;Arequipa @;Intendencia;1784;1808;Peru;-16.39822;-71.53673
PRPEAR00;Arequipa @;Provincia;1784;1808;Peru;-16.39822;-71.53673
PRPEAR00;Arequipa @;Provincia_mayor;1784;1808;Peru;-16.39822;-71.53673
PRPEAR00;Arequipa @;Provincia_menor;1784;1808;Peru;-16.39822;-71.53673
PRPECU00;Cuzco @;Intendencia;1784;1808;Peru;-13.51672;-71.97888
PRPECU00;Cuzco @;Provincia;1784;1808;Peru;-13.51672;-71.97888
PRPECU00;Cuzco @;Provincia_mayor;1784;1808;Peru;-13.51672;-71.97888
PRPECU00;Cuzco @;Provincia_menor;1784;1808;Peru;-13.51672;-71.97888
PRPEHU00;Huamanga @;Intendencia;1784;1808;Peru;-13.16076;-74.2249
PRPEHU00;Huamanga @;Provincia;1784;1808;Peru;-13.16076;-74.2249
PRPEHU00;Huamanga @;Provincia_mayor;1784;1808;Peru;-13.16076;-74.2249
PRPEHU00;Huamanga @;Provincia_menor;1784;1808;Peru;-13.16076;-74.2249
PRPEHV00;Huancavelica @;Intendencia;1784;1808;Peru;-12.7878;-74.97309
PRPEHV00;Huancavelica @;Provincia;1784;1808;Peru;-12.7878;-74.97309
PRPEHV00;Huancavelica @;Provincia_mayor;1784;1808;Peru;-12.7878;-74.97309
PRPEHV00;Huancavelica @;Provincia_menor;1784;1808;Peru;-12.7878;-74.97309
PRPELI00;Lima @;Intendencia;1784;1808;Peru;-12.04665;-77.02998
PRPELI00;Lima @;Provincia;1538;1808;Peru;-12.04665;-77.02998
PRPELI00;Lima @;Provincia_mayor;1538;1808;Peru;-12.04665;-77.02998
PRPELI00;Lima @;Provincia_menor;1784;1808;Peru;-12.04665;-77.02998
PRPETA00;Tarma @;Intendencia;1784;1808;Peru;-11.41817;-75.68667
PRPETA00;Tarma @;Provincia;1784;1808;Peru;-11.41817;-75.68667
PRPETA00;Tarma @;Provincia_mayor;1784;1808;Peru;-11.41817;-75.68667
PRPETA00;Tarma @;Provincia_menor;1784;1808;Peru;-11.41817;-75.68667
PRPETR00;Trujillo @;Intendencia;1784;1808;Peru;-8.1117;-79.02876
PRPETR00;Trujillo @;Provincia;1784;1808;Peru;-8.1117;-79.02876
PRPETR00;Trujillo @;Provincia_mayor;1784;1808;Peru;-8.1117;-79.02876
PRPETR00;Trujillo @;Provincia_menor;1784;1808;Peru;-8.1117;-79.02876
PRQUCU00;Cuenca @;Intendencia;1777;1792;Quito;-2.89752;-79.00442
PRQUCU00;Cuenca @;Jurisdiccion;1701;1808;Quito;-2.89752;-79.00442
PRQUCU00;Cuenca @;Provincia;1771;1808;Quito;-2.89752;-79.00442
PRQUCU00;Cuenca @;Provincia_menor;1771;1808;Quito;-2.89752;-79.00442
PRQUES00;Esmeraldas @ Atacames @ Santa Rosa @ Quillaseca;Jurisdiccion;1738;1808;Quito;0.86984;-79.84815
PRQUES00;Esmeraldas @ Atacames @ Santa Rosa @ Quillaseca;Partido;1701;1808;Quito;0.86984;-79.84815
PRQUES00;Esmeraldas @ Atacames @ Santa Rosa @ Quillaseca;Provincia;1738;1792;Quito;0.86984;-79.84815
PRQUES00;Esmeraldas @ Atacames @ Santa Rosa @ Quillaseca;Provincia_menor;1701;1767;Quito;0.86984;-79.84815
PRQUGQ00;Guayaquil @;Provincia;1701;1808;Quito;-2.19455;-79.88362
PRQUGQ00;Guayaquil @;Provincia_mayor;1804;1808;Quito;-2.19455;-79.88362
PRQUGQ00;Guayaquil @;Provincia_menor;1701;1808;Quito;-2.19455;-79.88362
PRQUJA00;Jaen @ Jaen, Santiago de las Montañas y Santa Maria Nieva @ Jaen de los Pacamoros;Jurisdiccion;1701;1808;Quito;-5.44485;-78.58545
PRQUJA00;Jaen @ Jaen, Santiago de las Montañas y Santa Maria Nieva @ Jaen de los Pacamoros;Provincia;1618;1808;Quito;-5.44485;-78.58545
PRQUJA00;Jaen @ Jaen, Santiago de las Montañas y Santa Maria Nieva @ Jaen de los Pacamoros;Provincia_menor;1618;1808;Quito;-5.44485;-78.58545
PRQUMA00;Maynas @ San Francisco Borja @ Marañon;Jurisdiccion;1701;1808;Quito;-6.03451;-76.97492
PRQUMA00;Maynas @ San Francisco Borja @ Marañon;Provincia;1701;1808;Quito;-6.03451;-76.97492
PRQUMA00;Maynas @ San Francisco Borja @ Marañon;Provincia_mayor;1701;1802;Quito;-6.03451;-76.97492
PRQUMA00;Maynas @ San Francisco Borja @ Marañon;Provincia_menor;1701;1808;Quito;-6.03451;-76.97492
PRQUPO00;Popayan @;Provincia;1540;1808;Quito;2.44185;-76.60606
PRQUPO00;Popayan @;Provincia_mayor;1540;1808;Quito;2.44185;-76.60606
PRQUPO00;Popayan @;Provincia_menor;1540;1808;Quito;2.44185;-76.60606
PRQUQJ00;Quijos @ Quijos y Macas @ Quijos, Zumaco y la Canela;Jurisdiccion;1744;1757;Quito;-0.4634;-77.88947
PRQUQJ00;Quijos @ Quijos y Macas @ Quijos, Zumaco y la Canela;Provincia;1701;1802;Quito;-0.4634;-77.88947
PRQUQJ00;Quijos @ Quijos y Macas @ Quijos, Zumaco y la Canela;Provincia_menor;1701;1808;Quito;-0.4634;-77.88947
PRQUQU00;Quito @;Provincia;1593;1808;Quito;-0.22017;-78.51209
PRQUQU00;Quito @;Provincia_mayor;1556;1808;Quito;-0.22017;-78.51209
PRQUQU00;Quito @;Provincia_menor;1701;1808;Quito;-0.22017;-78.51209
PRQUYA00;Yaguarzongo @ Yaguarsongo;Partido;1701;1808;Quito;-4.55143;-79.13238
PRQUYA00;Yaguarzongo @ Yaguarsongo;Provincia;1556;1592;Quito;-4.55143;-79.13238
PRQUYA00;Yaguarzongo @ Yaguarsongo;Provincia_menor;1556;1617;Quito;-4.55143;-79.13238
PRRPBA00;Buenos Aires @ Rio de la Plata;Intendencia;1784;1808;Rio de la Plata;-25.28156;-57.63255
PRRPBA00;Buenos Aires @ Rio de la Plata;Provincia;1554;1808;Rio de la Plata;-25.28156;-57.63255
PRRPBA00;Buenos Aires @ Rio de la Plata;Provincia_mayor;1554;1808;Rio de la Plata;-25.28156;-57.63255
PRRPBA00;Buenos Aires @ Rio de la Plata;Provincia_menor;1585;1808;Rio de la Plata;-25.28156;-57.63255
PRRPCO00;Cordoba @;Intendencia;1784;1808;Rio de la Plata;-31.4213;-64.18855
PRRPCO00;Cordoba @;Provincia;1784;1808;Rio de la Plata;-31.4213;-64.18855
PRRPCO00;Cordoba @;Provincia_mayor;1784;1808;Rio de la Plata;-31.4213;-64.18855
PRRPCO00;Cordoba @;Provincia_menor;1784;1808;Rio de la Plata;-31.4213;-64.18855
PRRPMIMI;Misiones @ Treinta Pueblos de las Misiones Guaranies;Jurisdiccion;1701;1769;Rio de la Plata;-27.4629;-55.745
PRRPMIMI;Misiones @ Treinta Pueblos de las Misiones Guaranies;Provincia;1768;1808;Rio de la Plata;-27.4629;-55.745
PRRPMIMI;Misiones @ Treinta Pueblos de las Misiones Guaranies;Provincia_mayor;1804;1805;Rio de la Plata;-27.4629;-55.745
PRRPMIMI;Misiones @ Treinta Pueblos de las Misiones Guaranies;Provincia_menor;1768;1808;Rio de la Plata;-27.4629;-55.745
PRRPMIOR;Misiones Orientales @;Jurisdiccion;1768;1769;Rio de la Plata;-28.54864;-54.55525
PRRPPA00;Paraguay @;Intendencia;1784;1808;Rio de la Plata;-25.28156;-57.63255
PRRPPA00;Paraguay @;Provincia;1620;1808;Rio de la Plata;-25.28156;-57.63255
PRRPPA00;Paraguay @;Provincia_mayor;1620;1808;Rio de la Plata;-25.28156;-57.63255
PRRPPA00;Paraguay @;Provincia_menor;1620;1808;Rio de la Plata;-25.28156;-57.63255
PRRPSA00;Salta @;Intendencia;1784;1808;Rio de la Plata;-24.78928;-65.41058
PRRPSA00;Salta @;Provincia;1784;1808;Rio de la Plata;-24.78928;-65.41058
PRRPSA00;Salta @;Provincia_mayor;1784;1808;Rio de la Plata;-24.78928;-65.41058
PRRPSA00;Salta @;Provincia_menor;1784;1808;Rio de la Plata;-24.78928;-65.41058
PRRPTU00;Tucuman @;Provincia;1701;1783;Rio de la Plata;-27.78774;-64.25904
PRRPTU00;Tucuman @;Provincia_mayor;1701;1783;Rio de la Plata;-27.78774;-64.25904
PRRPTU00;Tucuman @;Provincia_menor;1701;1783;Rio de la Plata;-27.78774;-64.25904
PRSDCU00;Cuba @ Santiago de Cuba;Provincia;1701;1808;Santo Domingo;20.0218;-75.8222
PRSDCU00;Cuba @ Santiago de Cuba;Provincia_menor;1701;1808;Santo Domingo;20.0218;-75.8222
PRSDFL00;Florida @ Ambas Floridas y resto de la Luisiana @ Las Floridas;Jurisdiccion;1701;1762;Santo Domingo;29.8947;-81.3145
PRSDFL00;Florida @ Ambas Floridas y resto de la Luisiana @ Las Floridas;Provincia;1701;1808;Santo Domingo;29.8947;-81.3145
PRSDFL00;Florida @ Ambas Floridas y resto de la Luisiana @ Las Floridas;Provincia_mayor;1701;1762;Santo Domingo;29.8947;-81.3145
PRSDFL00;Florida @ Ambas Floridas y resto de la Luisiana @ Las Floridas;Provincia_menor;1701;1803;Santo Domingo;29.8947;-81.3145
PRSDIC00;Isla de Cuba @ Isla de Cuba;Principal;1765;1808;Santo Domingo;23.14111;-82.35143
PRSDIC00;Isla de Cuba @ Isla de Cuba;Provincia_mayor;1701;1808;Santo Domingo;23.14111;-82.35143
PRSDLH00;La Habana @;Provincia;1701;1808;Santo Domingo;23.14111;-82.35143
PRSDLH00;La Habana @;Provincia_menor;1701;1808;Santo Domingo;23.14111;-82.35143
PRSDLU00;Luisiana @ La Luisiana @ Natchez y la Luisiana;Provincia;1766;1803;Santo Domingo;29.9537;-90.06375
PRSDLU00;Luisiana @ La Luisiana @ Natchez y la Luisiana;Provincia_menor;1766;1803;Santo Domingo;29.9537;-90.06375
PRSDPR00;Puerto Rico @;Intendencia;1784;1808;Santo Domingo;18.46615;-66.1158
PRSDPR00;Puerto Rico @;Principal;1784;1808;Santo Domingo;18.46615;-66.1158
PRSDPR00;Puerto Rico @;Provincia;1701;1808;Santo Domingo;18.46615;-66.1158
PRSDPR00;Puerto Rico @;Provincia_mayor;1701;1808;Santo Domingo;18.46615;-66.1158
PRSDPR00;Puerto Rico @;Provincia_menor;1701;1808;Santo Domingo;18.46615;-66.1158
PRSDSD00;Santo Domingo @ La Española;Principal;1784;1794;Santo Domingo;18.4802;-69.94211
PRSDSD00;Santo Domingo @ La Española;Provincia;1701;1794;Santo Domingo;18.4802;-69.94211
PRSDSD00;Santo Domingo @ La Española;Provincia_mayor;1701;1794;Santo Domingo;18.4802;-69.94211
PRSDSD00;Santo Domingo @ La Española;Provincia_menor;1701;1794;Santo Domingo;18.4802;-69.94211
PRVEBA00;Barinas @;Provincia;1786;1808;Caracas;8.63155;-70.23376
PRVEBA00;Barinas @;Provincia_menor;1786;1808;Caracas;8.63155;-70.23376
PRVECA00;Caracas @ Venezuela;Principal;1742;1776;Caracas;9.7864;-69.7845
PRVECA00;Caracas @ Venezuela;Provincia;1701;1808;Caracas;9.7864;-69.7845
PRVECA00;Caracas @ Venezuela;Provincia_mayor;1701;1776;Caracas;9.7864;-69.7845
PRVECA00;Caracas @ Venezuela;Provincia_menor;1701;1808;Caracas;9.7864;-69.7845
PRVECU00;Cumana @ Nueva Andalucia;Intendencia;1799;1808;Caracas;10.46721;-64.1766
PRVECU00;Cumana @ Nueva Andalucia;Provincia;1701;1808;Caracas;10.46721;-64.1766
PRVECU00;Cumana @ Nueva Andalucia;Provincia_mayor;1701;1739;Caracas;10.46721;-64.1766
PRVECU00;Cumana @ Nueva Andalucia;Provincia_menor;1701;1808;Caracas;10.46721;-64.1766
PRVECUNA;Nueva Andalucia @;Jurisdiccion;1701;1808;Caracas;10.46721;-64.1766
PRVEGU00;Guayana @;Intendencia;1791;1808;Caracas;8.33467;-62.68202
PRVEGU00;Guayana @;Partido;1701;1808;Caracas;8.33467;-62.68202
PRVEGU00;Guayana @;Provincia;1762;1808;Caracas;8.33467;-62.68202
PRVEGU00;Guayana @;Provincia_menor;1701;1808;Caracas;8.33467;-62.68202
PRVEIM00;Margarita @ Isla Margarita;Jurisdiccion;1701;1808;Caracas;11.0361;-63.86791
PRVEIM00;Margarita @ Isla Margarita;Partido;1701;1808;Caracas;11.0361;-63.86791
PRVEIM00;Margarita @ Isla Margarita;Provincia;1701;1808;Caracas;11.0361;-63.86791
PRVEIM00;Margarita @ Isla Margarita;Provincia_mayor;1701;1739;Caracas;11.0361;-63.86791
PRVEIM00;Margarita @ Isla Margarita;Provincia_menor;1701;1808;Caracas;11.0361;-63.86791
PRVEMC00;Maracaibo @ Merida, La Grita y Maracaibo;Intendencia;1789;1808;Caracas;8.59752;-71.14486
PRVEMC00;Maracaibo @ Merida, La Grita y Maracaibo;Provincia;1701;1808;Caracas;8.59752;-71.14486
PRVEMC00;Maracaibo @ Merida, La Grita y Maracaibo;Provincia_mayor;1701;1766;Caracas;8.59752;-71.14486
PRVEMC00;Maracaibo @ Merida, La Grita y Maracaibo;Provincia_menor;1701;1808;Caracas;8.59752;-71.14486
PRVETR00;Trinidad @ Trinidad y Guayana;Provincia;1701;1796;Caracas;10.65448;-61.41312
PRVETR00;Trinidad @ Trinidad y Guayana;Provincia_mayor;1701;1739;Caracas;10.65448;-61.41312
PRVETR00;Trinidad @ Trinidad y Guayana;Provincia_menor;1701;1796;Caracas;10.65448;-61.41312
PTCCLPMA;Mapiri @ Misiones del Gran Paititi;Partido;1701;1808;Charcas;90;0
PTCCPOAA;Atacama alta @;Partido;1701;1808;Charcas;-22.91069;-68.20009
PTCCPOAB;Atacama baja @;Partido;1701;1808;Charcas;-22.34286;-68.65007
PTCHCHCA;Castro @;Partido;1701;1808;Chile;-42.48214;-73.7654
PTCHCHCB;Calbuco @;Partido;1770;1808;Chile;-41.77121;-73.12754
PTCHCHCH;Chacao @;Partido;1701;1808;Chile;-41.86435;-73.82074
PTCHCHCM;Carelmapu @;Partido;1701;1808;Chile;-41.7458;-73.7064
PTCHCOPE;Perquilauquen @;Partido;1701;1795;Chile;-36.26663;-71.78419
PTGDCOMO;Monclova @;Jurisdiccion;1701;1808;Nueva Galicia y Septentrion;26.9058;-101.4243
PTGDCOMO;Monclova @;Partido;1701;1808;Nueva Galicia y Septentrion;26.9058;-101.4243
PTGDCORG;Riogrande @ Rio Grande;Jurisdiccion;1703;1808;Nueva Galicia y Septentrion;28.3044;-100.3801
PTGDCORG;Riogrande @ Rio Grande;Partido;1703;1808;Nueva Galicia y Septentrion;28.3044;-100.3801
PTGDCOSS;San Saba @ San Luis de las Amarillas;Jurisdiccion;1757;1771;Nueva Galicia y Septentrion;30.9225;-99.80167
PTGDCOSS;San Saba @ San Luis de las Amarillas;Partido;1757;1771;Nueva Galicia y Septentrion;30.9225;-99.80167
PTGDDUCA;San Carlos @ Presidio San Carlos;Jurisdiccion;1775;1808;Nueva Galicia y Septentrion;30.41869;-104.86107
PTGDDUCN;Chinipas y Nabogame @ Nabogame y Baborigame @ San Joaquin y San Juan Nepomuceno @ Tarahumara de Sinaloa;Partido;1701;1771;Nueva Galicia y Septentrion;90;0
PTGDDUEL;San Elizario @ Presidio San Elizario;Jurisdiccion;1774;1808;Nueva Galicia y Septentrion;31.5848;-106.2718
PTGDDUEL;San Elizario @ Presidio San Elizario;Partido;1774;1808;Nueva Galicia y Septentrion;31.5848;-106.2718
PTGDDUJA;Janos @;Partido;1701;1808;Nueva Galicia y Septentrion;30.8891;-108.18886
PTGDDUNA;Namiquipa @;Jurisdiccion;1778;1808;Nueva Galicia y Septentrion;29.24992;-107.41523
PTGDDUNA;Namiquipa @;Partido;1778;1808;Nueva Galicia y Septentrion;29.24992;-107.41523
PTGDDUPJ;Junta de los Rios @;Jurisdiccion;1759;1808;Nueva Galicia y Septentrion;29.56231;-104.4123
PTGDDUPJ;Junta de los Rios @;Partido;1701;1808;Nueva Galicia y Septentrion;29.56231;-104.4123
PTGDDUPR;Principe @ Presidio Principe @ El Principe @ Coyame;Jurisdiccion;1775;1808;Nueva Galicia y Septentrion;30.41869;-104.86107
PTGDDUPR;Principe @ Presidio Principe @ El Principe @ Coyame;Partido;1775;1808;Nueva Galicia y Septentrion;30.41869;-104.86107
PTGDDUPS;Parras @ Valle de Pirineos @ Parras, Lagunas y Rio de Nazas;Partido;1701;1808;Nueva Galicia y Septentrion;25.44028;-102.1825
PTGDDURF;Rio Florido @;Partido;1701;1766;Nueva Galicia y Septentrion;25.96556;-105.19
PTGDDURN;Rio Nazas @;Partido;1777;1787;Nueva Galicia y Septentrion;26.44028;-105.50528
PTGDDUSE;Santa Eulalia @;Partido;1718;1792;Nueva Galicia y Septentrion;28.5939;-105.88885
PTGDDUSM;San Miguel de Bocas @ San Miguel de Bocas y Rio Florido;Partido;1701;1808;Nueva Galicia y Septentrion;25.95899;-105.99827
PTGDDUSO;Saltillo @ Valle de Buena Esperanza;Jurisdiccion;1568;1699;Nueva Galicia y Septentrion;25.42158;-100.99961
PTGDDUSO;Saltillo @ Valle de Buena Esperanza;Partido;1701;1808;Nueva Galicia y Septentrion;25.42158;-100.99961
PTGDGDAI;Asientos de Ibarra @;Partido;1701;1786;Nueva Galicia y Septentrion;22.23772;-102.08896
PTGDGDTL;Tlajomulco @ Tlaxomulco;Partido;1701;1786;Nueva Galicia y Septentrion;20.4745;-103.4466
PTGDNLSA;San Antonio de los Llanos @;Partido;1701;1747;Nueva Galicia y Septentrion;24.2488;-99.43602
PTGDNMCA;Carrizal @;Jurisdiccion;1773;1808;Nueva Galicia y Septentrion;30.56249;-106.6515
PTGDNMCA;Carrizal @;Partido;1758;1808;Nueva Galicia y Septentrion;30.56249;-106.6515
PTGDSSBA;Badiraguato @ Santiago de los Caballeros;Partido;1701;1808;Nueva Galicia y Septentrion;25.5581;-107.3783
PTGDSSMA;Mazatlan @;Jurisdiccion;1768;1808;Nueva Galicia y Septentrion;23.22344;-106.41619
PTGDSSPA;Pimeria Alta @ Nueva Navarra;Partido;1701;1774;Nueva Galicia y Septentrion;90;0
PTGDSSPB;Pimeria Baja @ Sonora @ Nuevo Reino de Andalucia;Partido;1701;1774;Nueva Galicia y Septentrion;90;0
PTGDSSSB;San Benito @ Mocorito;Partido;1742;1808;Nueva Galicia y Septentrion;25.5126;-107.762
PTGDSSSO;Opateria @ Sonora;Partido;1701;1808;Nueva Galicia y Septentrion;28.63;-109.61
PTGDZAFR;Fresnillo @;Partido;1701;1808;Nueva Galicia y Septentrion;23.1727;-102.8694
PTGDZATL;Tlaltenango @ Taltenango;Partido;1701;1808;Nueva Galicia y Septentrion;21.78227;-103.30614
PTGUCHCH;Chiapa @ Chiapa y Valle de Jiquipilas @;Partido;1701;1768;Guatemala;16.70694;-93.01389
PTGUCHCR;Ciudad Real @ Chiapas;Partido;1769;1808;Guatemala;16.73695;-92.63753
PTGUCHZE;Zendales @ Tzendales @ Sendales @ Ocozingo @ Chontales;Partido;1701;1785;Guatemala;16.90722;-92.09611
PTGUCHZO;Zoques @;Partido;1701;1768;Guatemala;17.13611;-93.31111
PTGUCRAL;Alajuela @;Partido;1782;1808;Guatemala;10.01601;-84.21544
PTGUCRBO;Boruca @ Buruca @ Misiones de Talamanca;Partido;1701;1808;Guatemala;9.00214;-83.32607
PTGUCRVC;Valle Central @;Partido;1701;1808;Guatemala;90;0
PTGUCRVM;Valle de Matina @ Matina;Partido;1701;1808;Guatemala;10.07784;-83.28976
PTGUCRVV;Villa Vieja @;Partido;1763;1808;Guatemala;9.9984;-84.11671
PTGUCYCY;Comayagua @;Partido;1701;1808;Guatemala;14.45115;-87.63814
PTGUGUAT;Atitan @ Atitlan;Partido;1701;1808;Guatemala;14.63796;-91.22793
PTGUGUCM;Chiquimula @ Chichimula;Partido;1764;1808;Guatemala;14.80061;-89.54405
PTGUGUES;Escuintla @ Escuintepeque;Partido;1701;1808;Guatemala;14.3006;-90.786
PTGUGUGZ;Guazacapan @;Partido;1701;1808;Guatemala;14.0752;-90.4165
PTGUGUHU;Huehuetenango @ Huehuetenango;Partido;1701;1808;Guatemala;15.32107;-91.46949
PTGUGUSO;Solola @;Partido;1701;1808;Guatemala;14.7708;-91.18202
PTGUGUTO;Totonicapan @;Partido;1701;1808;Guatemala;14.91124;-91.35983
PTGUSSAL;San Alejo @;Partido;1787;1808;Guatemala;13.43099;-87.96041
PTGUSSCO;Cojutepeque @;Partido;1787;1808;Guatemala;13.72007;-88.93465
PTGUSSGO;Gotera @;Partido;1787;1808;Guatemala;13.69611;-88.10271
PTGUSSOL;Olocuilta @;Partido;1787;1808;Guatemala;13.56597;-89.11608
PTGUSSOP;Opico @ Ateos @ Quetzaltepeque;Partido;1787;1808;Guatemala;13.87619;-89.35843
PTGUSSSN;Sensuntepeque @ Titiguapa;Partido;1787;1808;Guatemala;13.87469;-88.62859
PTGUSSTE;Texutla @ Tejutla;Partido;1787;1808;Guatemala;14.17;-89.10135
PTGUSSUS;Usulutan @;Partido;1787;1808;Guatemala;13.34261;-88.43753
PTGUTGGU;Guascoran @;Partido;1743;1788;Guatemala;13.61371;-87.75177
PTGUTGOJ;Ojojona @;Partido;1743;1788;Guatemala;13.93372;-87.29494
PTGUTGOR;Orica @;Partido;1743;1788;Guatemala;14.71564;-86.94302
PTGUTGTX;Texiguat @;Partido;1751;1788;Guatemala;13.64875;-87.02291
PTNECLCL;Colotlan @ Fronteras de San Luis de Colotlan @ Fronteras de San Luis Obispo;Jurisdiccion;1791;1808;Nueva España;22.11417;-103.26639
PTNECLCL;Colotlan @ Fronteras de San Luis de Colotlan @ Fronteras de San Luis Obispo;Partido;1791;1808;Nueva España;22.11417;-103.26639
PTNECLMO;Monterey @;Partido;1782;1808;Nueva Galicia y Septentrion;36.59552;-121.89061
PTNECLSB;Santa Barbara @;Partido;1782;1808;Nueva Galicia y Septentrion;34.4339;-119.7196
PTNECLSD;San Diego @;Partido;1782;1808;Nueva Galicia y Septentrion;32.7838;-117.102
PTNECLSF;San Francisco @;Partido;1782;1808;Nueva Galicia y Septentrion;37.79583;-122.45417
PTNEGJAC;Acambaro @;Jurisdiccion;1560;1570;Nueva España;20.03139;-100.72167
PTNEGJAC;Acambaro @;Partido;1787;1808;Nueva España;20.03139;-100.72167
PTNEGJCE;Celaya @;Partido;1701;1808;Nueva España;20.52483;-100.81522
PTNEGJIR;Irapuato @;Partido;1787;1808;Nueva España;20.67255;-101.34658
PTNEGJLE;Villa de Leon @;Partido;1701;1808;Nueva España;21.11956;-101.67622
PTNEGJSA;Salamanca @;Partido;1787;1808;Nueva España;20.5719;-101.1916
PTNEGJSM;San Miguel el Grande @;Partido;1701;1808;Nueva España;20.91116;-100.7401
PTNEGJST;Salvatierra @;Jurisdiccion;1645;1656;Nueva España;20.21234;-100.87935
PTNEGJST;Salvatierra @;Partido;1787;1808;Nueva España;20.21234;-100.87935
PTNEGJST;Salvatierra @;Provincia_menor;1645;1656;Nueva España;20.21234;-100.87935
PTNEGJYU;Yurirapundaro @ Yurirapandiro;Jurisdiccion;1545;1559;Nueva España;20.21111;-101.12778
PTNEGJYU;Yurirapundaro @ Yurirapandiro;Partido;1787;1808;Nueva España;20.21111;-101.12778
PTNEMIJI;Jiquilpan @ Xiquilpan @ Xiquilpa;Partido;1701;1808;Nueva España;19.99361;-102.71722
PTNEMIMA;Maravatio @;Partido;1701;1808;Nueva España;19.89278;-100.4425
PTNEMITC;Tancitaro @ Tancitaro;Partido;1701;1808;Nueva España;19.33694;-102.36306
PTNEMITZ;Tlazazalca @;Partido;1701;1808;Nueva España;20.33861;-102.02472
PTNEMXCH;Chalco @;Partido;1701;1808;Nueva España;19.26472;-98.8975
PTNEMXCT;Cuautla @;Partido;1701;1808;Nueva España;18.81167;-98.95472
PTNEMXTA;Taxco @ Taxco;Partido;1701;1808;Nueva España;18.55639;-99.60333
PTNEMXTE;Temascaltepec @;Partido;1701;1808;Nueva España;19.04687;-100.0335
PTNEMXTP;Tetepango @;Partido;1701;1808;Nueva España;20.1025;-99.15694
PTNEMXZP;Zacualpan @;Partido;1701;1808;Nueva España;18.75722;-99.74
PTNEOAHM;Huamelula @ Huamelula;Partido;1701;1808;Nueva España;90;0
PTNEOAMT;Mitla y Tlacolula @;Jurisdiccion;1531;1679;Nueva España;16.92222;-96.3625
PTNEOAMT;Mitla y Tlacolula @;Provincia_menor;1603;1679;Nueva España;16.92222;-96.3625
PTNEOANO;Nochixtlan @;Partido;1701;1808;Nueva España;17.45722;-97.225
PTNEOATL;Teutila @ Teutila;Partido;1701;1808;Nueva España;17.975;-96.70417
PTNEPUGQ;Guaquechula @ Huaquechula;Partido;1701;1808;Nueva España;18.77;-98.54278
PTNEPUPU;Puebla @;Partido;1701;1808;Nueva España;19.04259;-98.19804
PTNEPUTS;Tepexi de la Seda @;Partido;1701;1808;Nueva España;18.5775;-97.92611
PTNETBCH;Chontalapa @;Partido;1701;1808;Nueva España;17.99173;-92.92814
PTNETBRI;Rios de Usumacinta @;Partido;1701;1808;Nueva España;17.55139;-91.49194
PTNETBSI;La Sierra @;Partido;1701;1808;Nueva España;17.73333;-92.81189
PTNEVCCS;Cosamaloapan @;Partido;1701;1808;Nueva España;18.36806;-95.795
PTNEVCGU;Guaspaltepec @ Guaspaltepeque @ Mitad de Guaspaltepec @ Guaspaltepec y Oxitlan;Partido;1701;1786;Nueva España;90;0
PTNEVCXA;Xalapa @;Partido;1701;1808;Nueva España;19.54;-96.9275
PTNEYUCA;Campeche @;Partido;1701;1808;Nueva España;19.84433;-90.5357
PTNEYUCC;Chancenote @ El Cuyo;Partido;1701;1808;Nueva España;20.99167;-87.78472
PTNGANYO;Yolombo y Cancan @;Partido;1773;1808;Nuevo Reino de Granada;6.59812;-75.01081
PTNGCABA;Baru @ Pasacaballos @ Turbana @ Bocachica-Baru @ El Partido desde Arjona, Turbaco hasta la Bahia;Partido;1759;1808;Nuevo Reino de Granada;10.27068;-75.44314
PTNGCABR;Barranca del Rey @ Barrancas @ Barranca;Jurisdiccion;1752;1808;Nuevo Reino de Granada;10.1487;-74.94961
PTNGCABR;Barranca del Rey @ Barrancas @ Barranca;Partido;1752;1808;Nuevo Reino de Granada;10.1487;-74.94961
PTNGCACO;Corozal @ Corrozal @ La Pileta;Partido;1776;1808;Nuevo Reino de Granada;9.31894;-75.29418
PTNGCALB;Loba @;Partido;1744;1808;Nuevo Reino de Granada;8.93809;-74.03881
PTNGCALO;Lorica @ Rio Sinu;Jurisdiccion;1789;1808;Nuevo Reino de Granada;9.23946;-75.81398
PTNGCALO;Lorica @ Rio Sinu;Partido;1701;1808;Nuevo Reino de Granada;9.23946;-75.81398
PTNGCAMA;Montañas Altas @ Montañas de Maria Alta @ El partido que va desde Matunilla y Maria y desde Mantuna hasta la jurisdiccion de Tolu;Jurisdiccion;1789;1808;Nuevo Reino de Granada;9.95115;-75.08402
PTNGCAMA;Montañas Altas @ Montañas de Maria Alta @ El partido que va desde Matunilla y Maria y desde Mantuna hasta la jurisdiccion de Tolu;Partido;1701;1808;Nuevo Reino de Granada;9.95115;-75.08402
PTNGCAMB;Montañas Bajas @ Villa de Maria @ Montañas de Maria Baja @ María vieja;Partido;1794;1808;Nuevo Reino de Granada;9.71742;-75.11924
PTNGCAMG;Magangue @ El Retiro @ El Retiro y Magangue @ Rio Cauca @ Pantanos;Partido;1742;1808;Nuevo Reino de Granada;9.242;-74.7547
PTNGCAMH;Mahates @;Jurisdiccion;1701;1808;Nuevo Reino de Granada;10.23328;-75.18908
PTNGCAMH;Mahates @;Partido;1701;1808;Nuevo Reino de Granada;10.23328;-75.18908
PTNGCAMJ;Majagual @ Algarrobo @ Rio Cauca segundo;Partido;1789;1808;Nuevo Reino de Granada;8.54162;-74.62842
PTNGCAST;Tolu y Sabanas @ Tolu y sabanas @ Tolu y sus sabanas @ La Pileta;Jurisdiccion;1776;1808;Nuevo Reino de Granada;8.96477;-75.23513
PTNGCAST;Tolu y Sabanas @ Tolu y sabanas @ Tolu y sus sabanas @ La Pileta;Partido;1701;1808;Nuevo Reino de Granada;8.96477;-75.23513
PTNGCATA;Tierradentro @ Barranquilla @ Tierra Adentro;Jurisdiccion;1701;1808;Nuevo Reino de Granada;10.97998;-74.77708
PTNGCATA;Tierradentro @ Barranquilla @ Tierra Adentro;Partido;1701;1771;Nuevo Reino de Granada;10.97998;-74.77708
PTNGLLAR;Arauca @ Cuiloto;Partido;1781;1808;Nuevo Reino de Granada;6.51487;-70.77532
PTNGLLCA;Casanare @ Casanares;Partido;1701;1808;Nuevo Reino de Granada;6.46038;-71.72923
PTNGLLME;Meta @;Partido;1701;1808;Nuevo Reino de Granada;4.81275;-71.36412
PTNGLLTA;Tamara @;Partido;1776;1808;Nuevo Reino de Granada;5.83058;-72.16301
PTNGPACH;Chagres @;Partido;1701;1808;Tierra Firme;9.31883;-79.99812
PTNGPANA;Nata @;Partido;1701;1808;Tierra Firme;8.33215;-80.51527
PTNGPASA;Santos @ Villa de los Santos;Partido;1701;1808;Tierra Firme;7.93797;-80.41365
PTNGSMGU;Guamal @;Partido;1777;1808;Nuevo Reino de Granada;9.1445;-74.2261
PTNGSMPN;Valencia de Jesus @ Pueblo Nuevo @ Pueblonuevo @ Nueva Valencia;Partido;1701;1808;Nuevo Reino de Granada;10.30154;-73.39293
PTNGSMSN;Sitio Nuevo @;Partido;1777;1808;Nuevo Reino de Granada;10.77478;-74.71962
PTPETRLA;Lamas @;Partido;1701;1808;Peru;-6.42018;-76.51739
PTPETRMO;Moyobamba @;Jurisdiccion;1803;1808;Peru;-6.03451;-76.97492
PTPETRMO;Moyobamba @;Partido;1701;1808;Peru;-6.03451;-76.97492
PTQUJAJA;Jaen @ Jaen de Bracamoros;Partido;1701;1808;Quito;-5.44485;-78.58545
PTQUJASA;Santiago de las Montañas @ Bracamoros;Partido;1701;1808;Quito;-4.03355;-77.76104
PTQUMCMC;Macas @;Partido;1701;1808;Quito;-2.30466;-78.11863
PTQUPOMO;Mocoa @;Jurisdiccion;1806;1808;Quito;1.23152;-76.77467
PTQUPOMO;Mocoa @;Partido;1701;1808;Quito;1.23152;-76.77467
PTQUPOSU;Sucumbios @;Partido;1701;1808;Quito;90;0
PTQUQJCA;Canelos @ Canela;Partido;1701;1808;Quito;-1.59116;-77.75465
PTQUQJQJ;Quijos @;Jurisdiccion;1701;1808;Quito;-0.4634;-77.88947
PTQUQJQJ;Quijos @;Partido;1701;1808;Quito;-0.4634;-77.88947
PTQUQUYU;Yumbos @ Cansacoto @ Santo Domingo;Partido;1701;1808;Quito;-0.22017;-78.51209
PTQURBRB;Riobamba @;Partido;1701;1808;Quito;-1.6744;-78.64595
PTRPBALU;Lujan @;Partido;1785;1808;Rio de la Plata;-34.56683;-59.10951
PTRPBOCL;Cerro Largo @ Cerrolargo @ Campaña interior y de frontera;Partido;1795;1808;Rio de la Plata;-32.36811;-54.17013
PTRPBOCO;Colonia @ Colonia del Sacramento;Partido;1785;1808;Rio de la Plata;-34.46986;-57.85305
PTRPBOMA;Maldonado @;Partido;1785;1808;Rio de la Plata;-34.90872;-54.95827
PTRPBOSO;Soriano @;Partido;1785;1808;Rio de la Plata;-33.36;-58.382
PTRPCOLC;La Carlota @ Carlota;Partido;1794;1808;Rio de la Plata;-33.41802;-63.29358
PTRPCORC;Rio Cuarto @ Riocuarto @ Concepcion;Partido;1794;1808;Rio de la Plata;-33.12388;-64.34797
PTRPMIEM;Estancias de Misiones @;Partido;1701;1808;Rio de la Plata;90;0
PTRPPACO;Villa Real @ Concepcion;Jurisdiccion;1773;1808;Rio de la Plata;-23.40221;-57.43897
PTRPPACO;Villa Real @ Concepcion;Partido;1773;1808;Rio de la Plata;-23.40221;-57.43897
PTRPPACU;Cuarepoti @;Partido;1787;1808;Rio de la Plata;-24.42333;-57.11296
PTRPPAFR;Fronteras de Paraguay @;Partido;1701;1808;Rio de la Plata;90;0
PTRPPAPI;Pilar @;Partido;1787;1808;Rio de la Plata;-26.86252;-58.30221
PTRPPARG;Pueblos de indios @;Partido;1701;1808;Rio de la Plata;90;0
PTSDFICN;Consolacion del Norte @;Partido;1765;1808;Santo Domingo;22.751;-83.5551
PTSDFICS;Consolidacion del Sur @;Partido;1765;1808;Santo Domingo;22.50487;-83.51466
PTSDFIFI;Filipinas @ Nueva Filipina @ Pinar del Rio @ Pinal del Rio;Partido;1765;1808;Santo Domingo;22.4169;-83.70002
PTSDFIGN;Mantua @ Guane del Norte;Partido;1765;1808;Santo Domingo;22.29073;-84.2844
PTSDFIGS;Guane @ Guane del Sur;Partido;1765;1808;Santo Domingo;22.20364;-84.08724
PTSDFIJM;San Juan y Martinez @;Partido;1765;1808;Santo Domingo;22.2821;-83.83861
PTSDFLAP;San Marcos de Apalache @;Partido;1718;1808;Santo Domingo;30.15204;-84.21066
PTSDFLYA;Yazoo @;Fronteras;1783;1796;Santo Domingo;90;0
PTSDFLYA;Yazoo @;Partido;1783;1796;Santo Domingo;90;0
PTSDLHAA;Arroyo Arenas @;Partido;1765;1808;Santo Domingo;23.0467;-82.4675
PTSDLHAL;Alvarez @;Partido;1765;1808;Santo Domingo;22.7106;-80.4908
PTSDLHBA;Bahamas @;Jurisdiccion;1782;1782;Santo Domingo;25.07835;-77.33833
PTSDLHBA;Bahamas @;Partido;1782;1782;Santo Domingo;25.07835;-77.33833
PTSDLHBB;Batabano @;Partido;1765;1808;Santo Domingo;22.71745;-82.28919
PTSDLHBH;Bahia Honda @ Bahiahonda @ Bahia-Honda;Partido;1765;1808;Santo Domingo;22.90361;-83.15994
PTSDLHBJ;Bajurayabo @ Bajurayanabo;Partido;1788;1808;Santo Domingo;23.13299;-82.17901
PTSDLHBT;Bauta @;Partido;1765;1808;Santo Domingo;22.9828;-82.5464
PTSDLHBV;Buenaventura @;Partido;1786;1808;Santo Domingo;22.7836;-82.3333
PTSDLHCA;Canoa @;Partido;1788;1808;Santo Domingo;22.9668;-82.2165
PTSDLHCO;Cano @;Partido;1765;1808;Santo Domingo;23.0331;-82.4592
PTSDLHCV;Calvario @;Partido;1765;1808;Santo Domingo;23.05594;-82.3312
PTSDLHCY;Cayajabos @;Partido;1807;1808;Santo Domingo;22.86429;-82.85398
PTSDLHGA;Gabriel @;Partido;1786;1808;Santo Domingo;22.8156;-82.4619
PTSDLHGD;Guadalupe @ La Salud;Partido;1765;1808;Santo Domingo;23.13124;-82.36809
PTSDLHGI;Gibacoa @ Jivacoa;Partido;1765;1808;Santo Domingo;23.11345;-81.87318
PTSDLHGJ;Guanajay @;Partido;1765;1808;Santo Domingo;22.92583;-82.68733
PTSDLHGN;Guines @;Partido;1765;1808;Santo Domingo;22.83811;-82.02794
PTSDLHGO;Gobea @ Govea;Partido;1765;1808;Santo Domingo;22.9;-82.45
PTSDLHGR;Guara @;Partido;1794;1808;Santo Domingo;22.81003;-82.2026
PTSDLHGS;Guasabacoa @ Guazabacoa @ Guazavacoa @ Guasavacoa @ Guasabacoa y Potosi;Partido;1765;1808;Santo Domingo;23.1127;-82.3339
PTSDLHGT;Guatao @;Partido;1765;1808;Santo Domingo;23.0022;-82.4969
PTSDLHGY;Guajaybon @ Guajaybon, Bune, Copey y Mosquitos;Partido;1781;1808;Santo Domingo;23.0276;-82.6457
PTSDLHHA;Hanabana @ Hanavana;Partido;1765;1808;Santo Domingo;22.40769;-80.99565
PTSDLHHO;Horcon @;Partido;1765;1808;Santo Domingo;23.11658;-82.37173
PTSDLHJM;Jesus Maria @;Partido;1765;1808;Santo Domingo;23.1287;-82.3594
PTSDLHLC;San Luis de la Ceiba @ Ceiba de San Luis;Partido;1786;1808;Santo Domingo;22.93275;-82.43258
PTSDLHLU;Luyano @;Partido;1765;1808;Santo Domingo;23.10613;-82.36001
PTSDLHMA;Mariel @ Marien;Partido;1805;1808;Santo Domingo;22.99087;-82.75394
PTSDLHMC;Macuriges @ Macurijes;Partido;1765;1808;Santo Domingo;22.72813;-81.29051
PTSDLHME;Melena del Sur @;Partido;1786;1808;Santo Domingo;22.7876;-82.15013
PTSDLHMN;Managua @ Managuana;Partido;1765;1808;Santo Domingo;22.97546;-82.29043
PTSDLHMO;Jesus del Monte @;Partido;1765;1808;Santo Domingo;23.10269;-82.36331
PTSDLHMP;San Miguel @ San Miguel de Padron;Partido;1765;1808;Santo Domingo;23.09339;-82.31753
PTSDLHMR;Marianao @ Marianabo @ Quemados viejo @ Quemados de Marianao @ Buenavista;Partido;1765;1808;Santo Domingo;23.07345;-82.43063
PTSDLHPA;Palacios @;Partido;1808;1808;Santo Domingo;22.5872;-83.2486
PTSDLHPI;Isla de Pinos @;Partido;1778;1808;Santo Domingo;21.69;-82.81
PTSDLHPR;Prensa @ Cerro;Partido;1765;1808;Santo Domingo;23.11446;-82.37813
PTSDLHPZ;Pozas @ Posas @ Cacarajicara;Partido;1806;1808;Santo Domingo;22.86718;-83.29887
PTSDLHQU;Quemado @;Partido;1765;1808;Santo Domingo;23.0294;-82.6275
PTSDLHRE;Regla @;Partido;1765;1808;Santo Domingo;23.12601;-82.33203
PTSDLHRI;Sibarimar @ Rincon de Sibarimar @ Rincon;Partido;1765;1808;Santo Domingo;23.1675;-82.1173
PTSDLHSC;Santa Cruz de los Pinos @ Pinos;Partido;1765;1808;Santo Domingo;22.68192;-83.12108
PTSDLHSD;San Diego @ San Diego de los Baños;Partido;1808;1808;Santo Domingo;22.64631;-83.36725
PTSDLHSJ;San Jeronimo @ San Geronimo @ Cerro Pelado @ San Geronimo de Peñalver;Partido;1788;1808;Santo Domingo;23.05;-82.2334
PTSDLHSL;San Lazaro @;Partido;1765;1808;Santo Domingo;23.13993;-82.37199
PTSDLHSM;San Marcos @ Guanacaje;Partido;1805;1808;Santo Domingo;22.75532;-82.80807
PTSDLHSP;San Pedro @;Partido;1765;1808;Santo Domingo;22.95211;-82.49124
PTSDLHTA;Tapaste @;Partido;1795;1808;Santo Domingo;23.02394;-82.13648
PTSDLHWA;Wajay @ Jubajay;Partido;1765;1808;Santo Domingo;23.00209;-82.42433
PTSDLHYA;Yaguaramas @;Partido;1788;1808;Santo Domingo;22.25385;-80.72135
PTSDMAAG;Aguacate @;Partido;1790;1808;Santo Domingo;22.984;-81.8231
PTSDMACM;Cuabal de Madruga @ Madruga @ Cuajal de Madruga;Partido;1794;1808;Santo Domingo;22.9099;-81.8575
PTSDMAGC;Guamacaro @;Partido;1765;1808;Santo Domingo;22.9503;-81.4104
PTSDMAGM;Guamutas @;Partido;1765;1808;Santo Domingo;22.94823;-80.92077
PTSDMALP;Los Palos @ Palos y Bagas @ Paz @ Nueva Paz;Partido;1808;1808;Santo Domingo;22.7946;-81.743
PTSDMANA;Naranjal @ Naranjar @ Ceiba Mocha;Partido;1765;1808;Santo Domingo;22.98017;-81.72222
PTSDMARN;Rioblanco del Norte @ Rio Blanco del Norte;Partido;1786;1808;Santo Domingo;23.07634;-81.96294
PTSDMARS;Rioblanco del Sur @ Rio Blanco del Sur @ Rioblanco @ Rio Blanco;Partido;1765;1808;Santo Domingo;23.01725;-81.94064
PTSDMASA;Santa Ana @;Partido;1765;1808;Santo Domingo;22.93577;-81.59654
PTSDMAYU;Yumuri @ Valle de Yumuri;Partido;1805;1808;Santo Domingo;23.0903;-81.6082
PTSDPPCA;Carmen @;Partido;1765;1808;Santo Domingo;90;0
PTSDPPCU;Cubita @;Partido;1765;1808;Santo Domingo;21.71154;-77.76121
PTSDPPGR;Gracias @ Gracias a Dios;Partido;1765;1808;Santo Domingo;21.2833;-77.2333
PTSDPPPP;Puerto Principe @ Partido de la Villa;Partido;1701;1808;Santo Domingo;21.38568;-77.9144
PTSDPPSP;San Pedro @;Partido;1765;1808;Santo Domingo;21.13335;-78.31667
PTSDPRAA;Aguadilla @;Jurisdiccion;1780;1808;Santo Domingo;18.42744;-67.15413
PTSDPRAA;Aguadilla @;Partido;1775;1808;Santo Domingo;18.42744;-67.15413
PTSDPRAG;Aguada @;Jurisdiccion;1701;1808;Santo Domingo;18.37976;-67.18869
PTSDPRAG;Aguada @;Partido;1701;1808;Santo Domingo;18.37976;-67.18869
PTSDPRAN;Añasco @;Jurisdiccion;1733;1808;Santo Domingo;18.291;-67.13896
PTSDPRAN;Añasco @;Partido;1733;1808;Santo Domingo;18.291;-67.13896
PTSDPRAR;Arecibo @;Jurisdiccion;1701;1808;Santo Domingo;18.47222;-66.71552
PTSDPRAR;Arecibo @;Partido;1701;1808;Santo Domingo;18.47222;-66.71552
PTSDPRBQ;Barranquitas @;Partido;1803;9999;Santo Domingo;18.18585;-66.30656
PTSDPRBY;Bayamon @ Ribera de Bayamon;Jurisdiccion;1772;1808;Santo Domingo;18.39876;-66.15596
PTSDPRBY;Bayamon @ Ribera de Bayamon;Partido;1701;1808;Santo Domingo;18.39876;-66.15596
PTSDPRCG;Caguas @;Jurisdiccion;1740;9999;Santo Domingo;18.23454;-66.03513
PTSDPRCG;Caguas @;Partido;1740;9999;Santo Domingo;18.23454;-66.03513
PTSDPRCJ;Cangrejos @ Ribera de Cangrejos;Jurisdiccion;1773;1808;Santo Domingo;18.44731;-66.06713
PTSDPRCJ;Cangrejos @ Ribera de Cangrejos;Partido;1773;1808;Santo Domingo;18.44731;-66.06713
PTSDPRCM;Camuy @;Partido;1807;1808;Santo Domingo;18.48386;-66.84491
PTSDPRCO;Coamo @;Jurisdiccion;1701;9999;Santo Domingo;18.08063;-66.3563
PTSDPRCO;Coamo @;Partido;1701;1808;Santo Domingo;18.08063;-66.3563
PTSDPRCR;Cabo Rojo @ Cabo Roxo;Jurisdiccion;1771;1808;Santo Domingo;18.08702;-67.14591
PTSDPRCR;Cabo Rojo @ Cabo Roxo;Partido;1771;1808;Santo Domingo;18.08702;-67.14591
PTSDPRCY;Cayey @;Jurisdiccion;1773;9999;Santo Domingo;18.11269;-66.16628
PTSDPRCY;Cayey @;Partido;1773;9999;Santo Domingo;18.11269;-66.16628
PTSDPRCZ;Corozal @;Partido;1804;1808;Santo Domingo;18.34059;-66.31724
PTSDPRFA;Fajardo @ Faxardo;Jurisdiccion;1769;1808;Santo Domingo;18.32451;-65.65317
PTSDPRFA;Fajardo @ Faxardo;Partido;1769;1808;Santo Domingo;18.32451;-65.65317
PTSDPRGM;Guayama @;Jurisdiccion;1736;9999;Santo Domingo;17.9852;-66.11357
PTSDPRGM;Guayama @;Partido;1736;9999;Santo Domingo;17.9852;-66.11357
PTSDPRGN;Guaynabo @;Jurisdiccion;1769;1808;Santo Domingo;18.36692;-66.11395
PTSDPRGN;Guaynabo @;Partido;1769;1808;Santo Domingo;18.36692;-66.11395
PTSDPRHU;Humacado @ Humacao @ Piedras;Jurisdiccion;1722;9999;Santo Domingo;18.15019;-65.82673
PTSDPRHU;Humacado @ Humacao @ Piedras;Partido;1722;9999;Santo Domingo;18.15019;-65.82673
PTSDPRJD;Juana Diaz @;Partido;1798;9999;Santo Domingo;18.05303;-66.50588
PTSDPRJU;Juncos @;Partido;1797;9999;Santo Domingo;18.22806;-65.92122
PTSDPRLO;Loiza @ Ribera de Loiza;Jurisdiccion;1701;9999;Santo Domingo;18.43129;-65.88002
PTSDPRLO;Loiza @ Ribera de Loiza;Partido;1701;1808;Santo Domingo;18.43129;-65.88002
PTSDPRMA;Manati @ Ribera de Manati;Jurisdiccion;1733;1808;Santo Domingo;18.42714;-66.49295
PTSDPRMA;Manati @ Ribera de Manati;Partido;1733;1808;Santo Domingo;18.42714;-66.49295
PTSDPRMB;Maunabo @;Partido;1799;9999;Santo Domingo;18.00734;-65.89955
PTSDPRMO;Moca @;Jurisdiccion;1772;1808;Santo Domingo;18.39474;-67.11378
PTSDPRMO;Moca @;Partido;1772;1808;Santo Domingo;18.39474;-67.11378
PTSDPRMY;Mayagues @ Mayaguez @ Mayagües;Jurisdiccion;1760;1808;Santo Domingo;18.20112;-67.13911
PTSDPRMY;Mayagues @ Mayaguez @ Mayagües;Partido;1760;1808;Santo Domingo;18.20112;-67.13911
PTSDPRPE;Peñuela @;Partido;1793;1808;Santo Domingo;18.06172;-66.72137
PTSDPRPI;Piedras @;Jurisdiccion;1801;9999;Santo Domingo;18.18282;-65.86857
PTSDPRPI;Piedras @;Partido;1801;9999;Santo Domingo;18.18282;-65.86857
PTSDPRPO;Ponce @ Ponze;Jurisdiccion;1701;9999;Santo Domingo;18.01175;-66.61398
PTSDPRPO;Ponce @ Ponze;Partido;1701;1808;Santo Domingo;18.01175;-66.61398
PTSDPRRI;Rincon @;Jurisdiccion;1772;1808;Santo Domingo;18.33966;-67.25065
PTSDPRRI;Rincon @;Partido;1772;1808;Santo Domingo;18.33966;-67.25065
PTSDPRRP;Rio Piedras @ Ribera de Rio Piedras;Jurisdiccion;1714;1808;Santo Domingo;18.39805;-66.0524
PTSDPRRP;Rio Piedras @ Ribera de Rio Piedras;Partido;1714;1808;Santo Domingo;18.39805;-66.0524
PTSDPRTA;Toa Alta @ Ribera de Toa arriba;Jurisdiccion;1751;9999;Santo Domingo;18.38871;-66.24797
PTSDPRTA;Toa Alta @ Ribera de Toa arriba;Partido;1751;1808;Santo Domingo;18.38871;-66.24797
PTSDPRTB;Toa Baja @ Ribera de Toa abajo;Jurisdiccion;1745;1808;Santo Domingo;18.44437;-66.25479
PTSDPRTB;Toa Baja @ Ribera de Toa abajo;Partido;1745;1808;Santo Domingo;18.44437;-66.25479
PTSDPRTR;Trujillo @;Partido;1808;1808;Santo Domingo;18.35424;-66.00738
PTSDPRTU;Tuna @;Jurisdiccion;1733;9999;Santo Domingo;18.50082;-67.02434
PTSDPRTU;Tuna @;Partido;1733;1808;Santo Domingo;18.50082;-67.02434
PTSDPRUT;Utuado @;Jurisdiccion;1739;1808;Santo Domingo;18.26536;-66.69994
PTSDPRUT;Utuado @;Partido;1739;1808;Santo Domingo;18.26536;-66.69994
PTSDPRVA;Vega Alta @;Jurisdiccion;1799;1808;Santo Domingo;18.41212;-66.33125
PTSDPRVA;Vega Alta @;Partido;1799;1808;Santo Domingo;18.41212;-66.33125
PTSDPRVB;Vega Baja @ Vegas @ La Vega @ Ribera de La Vega;Jurisdiccion;1780;1808;Santo Domingo;18.44453;-66.38759
PTSDPRVB;Vega Baja @ Vegas @ La Vega @ Ribera de La Vega;Partido;1775;1808;Santo Domingo;18.44453;-66.38759
PTSDPRVP;Vegas y Pepino @;Jurisdiccion;1752;1808;Santo Domingo;18.33691;-66.99127
PTSDPRVP;Vegas y Pepino @;Partido;1752;1808;Santo Domingo;18.33691;-66.99127
PTSDPRYB;Yabucoa @;Jurisdiccion;1793;9999;Santo Domingo;18.05042;-65.87937
PTSDPRYB;Yabucoa @;Partido;1793;9999;Santo Domingo;18.05042;-65.87937
PTSDPRYC;Yauco @;Jurisdiccion;1756;1808;Santo Domingo;18.03525;-66.8487
PTSDPRYC;Yauco @;Partido;1756;1808;Santo Domingo;18.03525;-66.8487
PTSDSDLC;Las Cahobas @ Las Caobas;Partido;1769;1794;Santo Domingo;18.82988;-71.93581
PTSDSDSB;Sabana de Mar @ Sabana de la Mar;Partido;1760;1794;Santo Domingo;19.06187;-69.39038
PTSDSDSM;Samana @;Partido;1760;1794;Santo Domingo;19.20423;-69.33508
PTSDSLMU;Muskogee @ Muscoge;Fronteras;1799;1802;Santo Domingo;90;0
PTVECAAR;Valles de Aragua @ Valle de Turmeque;Partido;1701;1808;Caracas;90;0
PTVECAGU;Valles de Caucagua @ Valles de Guarenas;Partido;1701;1808;Caracas;90;0
PTVECALG;La Guaira @ Costa de la mar, La Guaira y Catia;Partido;1701;1808;Caracas;10.60127;-66.93144
PTVECATU;Valles de Tuy @ Cordillera;Partido;1701;1808;Caracas;90;0
PTVEGUAO;Alto Orinoco @ Alto Orinoco y Rio Negro @ Misiones jesuiticas;Partido;1701;1808;Caracas;90;0
PTVEGUCC;Guayana interior @  Capuchinos catalanes;Partido;1724;1808;Caracas;90;0
PTVEGUOB;Bajo Orinoco @ Misiones del Piritu @ Misiones observantes;Partido;1701;1808;Caracas;90;0
PTVEMCAR;Mision de Aricagua @;Partido;1701;1808;Venezuela;;
PTVEMCLA;Abajo @ Lagunillas;Partido;1701;1808;Venezuela;;
PTVEMCLL;Llanos de Barinas @;Partido;1701;1808;Caracas;90;0
PTVEMCMU;Arriba @ Mucuchies;Partido;1701;1808;Venezuela;;
PTVEMCSI;Sinamaica @;Partido;1790;1808;Caracas;11.08569;-71.85387
SENEDA00;Ducado de Atlixco @;Provincia_menor;1710;1808;Nueva España;90;0
SENEDA00;Ducado de Atlixco @;Senorio;1710;1808;Nueva España;90;0
SENEMV00;Marquesado del Valle @;Provincia_menor;1529;1808;Nueva España;90;0
SENEMV00;Marquesado del Valle @;Senorio;1529;1808;Nueva España;90;0
SEPEMO00;Marquesado de Oropesa @;Jurisdiccion;1701;1740;Peru;-13.30573;-72.11577
SEPEMO00;Marquesado de Oropesa @;Partido;1701;1740;Peru;-13.30573;-72.11577
SEPEMO00;Marquesado de Oropesa @;Provincia_menor;1701;1740;Peru;-13.30573;-72.11577
SEPEMO00;Marquesado de Oropesa @;Senorio;1701;1740;Peru;-13.30573;-72.11577
SESDFS00;Marquesado de San Felipe y Santiago @ Bejucal;Senorio;1713;1808;Santo Domingo;22.9286;-82.3886
SESDGU00;Marquesado de Guiza @ Guisa @ San Jose de Guiza;Senorio;1774;1808;Santo Domingo;20.25496;-76.5413
SESDRO00;Condado de Casa Bayona @ Casa-Bayona @ Rosario;Senorio;1732;1808;Santo Domingo;23.06139;-82.25611
SESDSA00;Marquesado de Montehermoso @ San Antonio @ Cardenas de Montehermoso @ Monte-Hermoso;Senorio;1794;1808;Santo Domingo;22.88908;-82.50688
SUCH0000;Chile @ Nueva Extremadura;Principal;1555;1808;Chile;-33.43756;-70.65006
SUCH0000;Chile @ Nueva Extremadura;Provincia;1541;1785;Chile;-33.43756;-70.65006
SUCH0000;Chile @ Nueva Extremadura;Provincia_mayor;1541;1785;Chile;-33.43756;-70.65006
SUGU0000;Guatemala @;Principal;1542;1808;Guatemala;14.62181;-90.51879
SUGU0000;Guatemala @;Provincia_mayor;1543;1563;Guatemala;14.62181;-90.51879
SUIN0000;Indias @ Virreinato colombiano;Virreinato;1527;1534;Santo Domingo;90;0
SUNE0000;Nueva España @ Mexico;Principal;1535;1808;Nueva España;19.43379;-99.13313
SUNE0000;Nueva España @ Mexico;Virreinato;1535;1808;Nueva España;19.43379;-99.13313
SUNG0000;Nueva Granada @ Santa Fe @ Nuevo Reino de Granada;Principal;1550;1808;Nuevo Reino de Granada;4.59744;-74.07475
SUNG0000;Nueva Granada @ Santa Fe @ Nuevo Reino de Granada;Virreinato;1590;1808;Nuevo Reino de Granada;4.59744;-74.07475
SUPE0000;Peru @ Lima;Principal;1534;1808;Peru;-11.77595;-75.50021
SUPE0000;Peru @ Lima;Virreinato;1542;1808;Peru;-11.77595;-75.50021
SURP0000;Rio de la Plata @ Rio Plata;Principal;1777;1808;Rio de la Plata;-34.6079;-58.37322
SURP0000;Rio de la Plata @ Rio Plata;Virreinato;1777;1808;Rio de la Plata;-34.6079;-58.37322
XXXXXXNE;Neutral @;Extranjero;1777;1808;Exterior;90;0
XXXXXXXX;Indefinido @;Fronteras;1111;9999;Exterior;90;0
