fid;REG;Entidad;tipo;Label;Nombre;START;START_ex;END;END_ex;START_nb;START_na;END_nb;END_na;Agregado;Ent_identica;AbrA;AbrB;Wikilink_id;Wikilink_tipo;Entidad_alt;Wikilink;Wikilink2;Provincia_generica;Fuente;Nombre completo;Nombre_completo_wiki;Cabecera
1;NES;SUNE0000;Virreinato;Nueva España;Nueva España;1535;exact;1808;hgis;;;;;False;;V.;Vir.;nueva españa_superior_nes;conceptos:virreinato;NE0000SU;nes_superior_nueva españa;NES;Superior;wikipedia;Virreinato de Nueva España;[[:conceptos:virreinato|Virreinato]] de Nueva España;False
2;PER;SUPE0000;Virreinato;Peru;Peru;1542;exact;1808;hgis;;;;;False;;V.;Vir.;peru_superior_per;conceptos:virreinato;PE0000SU;per_superior_peru;PER;Superior;wikipedia;Virreinato de Peru;[[:conceptos:virreinato|Virreinato]] de Peru;False
3;NGR;SUNG0000;Virreinato;Nueva Granada;Nueva Granada;1717;exact;1723;exact;;;;;False;;V.;Vir.;nueva granada_superior_ngr;conceptos:virreinato;NG0000SU;ngr_superior_nueva granada;NGR;Superior;wikipedia;Virreinato de Nueva Granada;[[:conceptos:virreinato|Virreinato]] de Nueva Granada;False
4;NGR;SUNG0000;Virreinato;Nueva Granada;Nueva Granada;1740;exact;1808;hgis;;;;;False;;V.;Vir.;nueva granada_superior_ngr;conceptos:virreinato;NG0000SU;ngr_superior_nueva granada;NGR;Superior;wikipedia;Virreinato de Nueva Granada;[[:conceptos:virreinato|Virreinato]] de Nueva Granada;False
5;RPL;SURP0000;Virreinato;Rio de la Plata;Rio de la Plata;1776;exact;1808;hgis;;;;;False;;V.;Vir.;rio de la plata_superior_rpl;conceptos:virreinato;RP0000SU;rpl_superior_rio de la plata;RPL;Superior;wikipedia;Virreinato de Rio de la Plata;[[:conceptos:virreinato|Virreinato]] de Rio de la Plata;False
6;PER;AULI0000;Audiencia Real;Lima;Lima;1543;exact;1808;hgis;;;;;False;;A.;Aud.;lima_audiencia_per;conceptos:audiencia;LI0000AU;per_audiencia_lima;PER;Audiencia;wikipedia;Audiencia Real de Lima;[[:conceptos:audiencia|Audiencia Real]] de Lima;False
8;CHL;AUSA0000;Audiencia Real;Santiago;Santiago;1609;exact;1808;hgis;;;;;False;;A.;Aud.;santiago_audiencia_chl;conceptos:audiencia;SA0000AU;chl_audiencia_santiago;CHL;Audiencia;wikipedia;Audiencia Real de Santiago;[[:conceptos:audiencia|Audiencia Real]] de Santiago;False
9;CHA;AUCC0000;Audiencia Real;Charcas;Charcas;1559;exact;1808;hgis;;;;;False;;A.;Aud.;charcas_audiencia_cha;conceptos:audiencia;CC0000AU;cha_audiencia_charcas;CHA;Audiencia;wikipedia;Audiencia Real de Charcas;[[:conceptos:audiencia|Audiencia Real]] de Charcas;False
10;QUI;AUQU0000;Audiencia Real;Quito;Quito;1564;exact;1717;exact;;;;;False;;A.;Aud.;quito_audiencia_qui;conceptos:audiencia;QU0000AU;qui_audiencia_quito;QUI;Audiencia;wikipedia;Audiencia Real de Quito;[[:conceptos:audiencia|Audiencia Real]] de Quito;False
12;RPL;AUBA0000;Audiencia Real;Buenos Aires;Buenos Aires;1785;exact;1808;hgis;;;;;False;;A.;Aud.;buenos aires_audiencia_rpl;conceptos:audiencia;BA0000AU;rpl_audiencia_buenos aires;RPL;Audiencia;wikipedia;Audiencia Real de Buenos Aires;[[:conceptos:audiencia|Audiencia Real]] de Buenos Aires;False
13;PER;AUCU0000;Audiencia Real;Cuzco;Cuzco;1788;exact;1808;hgis;;;;;False;;A.;Aud.;cuzco_audiencia_per;conceptos:audiencia;CU0000AU;per_audiencia_cuzco;PER;Audiencia;wikipedia;Audiencia Real de Cuzco;[[:conceptos:audiencia|Audiencia Real]] de Cuzco;False
14;NES;AUMX0000;Audiencia Real;Mexico;Mexico;1535;exact;1808;hgis;;;;;False;;A.;Aud.;mexico_audiencia_nes;conceptos:audiencia;MX0000AU;nes_audiencia_mexico;NES;Audiencia;wikipedia;Audiencia Real de Mexico;[[:conceptos:audiencia|Audiencia Real]] de Mexico;False
16;NGR;AUPA0000;Audiencia Real;Panama;Panama;1565;exact;1716;exact;;;;;False;;A.;Aud.;panama_audiencia_ngr;conceptos:audiencia;PA0000AU;ngr_audiencia_panama;NGR;Audiencia;wikipedia;Audiencia Real de Panama;[[:conceptos:audiencia|Audiencia Real]] de Panama;False
17;NGR;AUPA0000;Audiencia Real;Panama;Panama;1722;exact;1750;exact;;;;;False;;A.;Aud.;panama_audiencia_ngr;conceptos:audiencia;PA0000AU;ngr_audiencia_panama;NGR;Audiencia;wikipedia;Audiencia Real de Panama;[[:conceptos:audiencia|Audiencia Real]] de Panama;False
21;GUA;AUCO0000;Audiencia Real;Guatemala;Guatemala;1570;exact;1808;hgis;;;;;False;;A.;Aud.;guatemala_audiencia_gua;conceptos:audiencia;CO0000AU;gua_audiencia_guatemala;GUA;Audiencia;wikipedia;Audiencia Real de Guatemala;[[:conceptos:audiencia|Audiencia Real]] de Guatemala;False
23;GDJ;AUGD0000;Audiencia Real;Guadalajara;Guadalajara;1548;exact;1808;hgis;;;;;False;;A.;Aud.;guadalajara_audiencia_gdj;conceptos:audiencia;GD0000AU;gdj_audiencia_guadalajara;GDJ;Audiencia;wikipedia;Audiencia Real de Guadalajara;[[:conceptos:audiencia|Audiencia Real]] de Guadalajara;False
24;NGR;AUSF0000;Audiencia Real;Santa Fe;Santa Fe;1550;exact;1808;hgis;;;;;False;;A.;Aud.;santa fe_audiencia_ngr;conceptos:audiencia;SF0000AU;ngr_audiencia_santa fe;NGR;Audiencia;wikipedia;Audiencia Real de Santa Fe;[[:conceptos:audiencia|Audiencia Real]] de Santa Fe;False
25;VEN;AUCA0000;Audiencia Real;Caracas;Caracas;1786;exact;1808;hgis;;;;;False;;A.;Aud.;caracas_audiencia_ven;conceptos:audiencia;CA0000AU;ven_audiencia_caracas;VEN;Audiencia;wikipedia;Audiencia Real de Caracas;[[:conceptos:audiencia|Audiencia Real]] de Caracas;False
31;PER;OBPELI00;Arzobispado;Lima;Lima;1546;exact;1808;hgis;;;;;False;;Ao.;Arzob.;lima_obispado_per;conceptos:arzobispado;PELI00OB;per_obispado_lima;PER;Obispado;catholic-hierarchy;Arzobispado de Lima;[[:conceptos:arzobispado|Arzobispado]] de Lima;False
32;PER;OBPEHU00;Obispado;Huamanga;Huamanga;1611;exact;1808;hgis;;;;;False;;Ob.;Ob.;huamanga_obispado_per;conceptos:obispado;PEHU00OB;per_obispado_huamanga;PER;Obispado;catholic-hierarchy;Obispado de Huamanga;[[:conceptos:obispado|Obispado]] de Huamanga;False
33;PER;OBPECU00;Obispado;Cuzco;Cuzco;1538;exact;1808;hgis;;;;;False;;Ob.;Ob.;cuzco_obispado_per;conceptos:obispado;PECU00OB;per_obispado_cuzco;PER;Obispado;catholic-hierarchy;Obispado de Cuzco;[[:conceptos:obispado|Obispado]] de Cuzco;False
34;PER;OBPEAR00;Obispado;Arequipa;Arequipa;1612;exact;1808;hgis;;;;;False;;Ob.;Ob.;arequipa_obispado_per;conceptos:obispado;PEAR00OB;per_obispado_arequipa;PER;Obispado;catholic-hierarchy;Obispado de Arequipa;[[:conceptos:obispado|Obispado]] de Arequipa;False
35;CHA;OBCCLP00;Obispado;La Paz;La Paz;1605;exact;1808;hgis;;;;;False;;Ob.;Ob.;la paz_obispado_cha;conceptos:obispado;CCLP00OB;cha_obispado_la paz;CHA;Obispado;catholic-hierarchy;Obispado de La Paz;[[:conceptos:obispado|Obispado]] de La Paz;False
37;CHA;OBCCCC00;Arzobispado;La Plata;La Plata;1609;exact;1808;hgis;;;;;False;;Ao.;Arzob.;la plata_obispado_cha;conceptos:arzobispado;CCCC00OB;cha_obispado_la plata;CHA;Obispado;catholic-hierarchy;Arzobispado de La Plata;[[:conceptos:arzobispado|Arzobispado]] de La Plata;False
38;PER;OBPETR00;Obispado;Trujillo;Trujillo;1577;exact;1808;hgis;;;;;False;;Ob.;Ob.;trujillo (peru)_obispado_per;conceptos:obispado;PETR00OB;per_obispado_trujillo (peru);PER;Obispado;catholic-hierarchy;Obispado de Trujillo;[[:conceptos:obispado|Obispado]] de Trujillo;False
39;QUI;OBQUCU00;Obispado;Cuenca;Cuenca;1787;exact;1808;hgis;;;;;False;;Ob.;Ob.;cuenca_obispado_qui;conceptos:obispado;QUCU00OB;qui_obispado_cuenca;QUI;Obispado;catholic-hierarchy;Obispado de Cuenca;[[:conceptos:obispado|Obispado]] de Cuenca;False
40;QUI;OBQUQU00;Obispado;Quito;Quito;1545;exact;1808;hgis;;;;;False;;Ob.;Ob.;quito_obispado_qui;conceptos:obispado;QUQU00OB;qui_obispado_quito;QUI;Obispado;catholic-hierarchy;Obispado de Quito;[[:conceptos:obispado|Obispado]] de Quito;False
41;QUI;OBQUMA00;Obispado;Maynas;Maynas;1808;exact;1808;hgis;;;;;False;;Ob.;Ob.;maynas_obispado_qui;conceptos:obispado;QUMA00OB;qui_obispado_maynas;QUI;Obispado;catholic-hierarchy;Obispado de Maynas;[[:conceptos:obispado|Obispado]] de Maynas;False
42;QUI;OBQUPO00;Obispado;Popayan;Popayan;1547;exact;1808;hgis;;;;;False;;Ob.;Ob.;popayan_obispado_qui;conceptos:obispado;QUPO00OB;qui_obispado_popayan;QUI;Obispado;catholic-hierarchy;Obispado de Popayan;[[:conceptos:obispado|Obispado]] de Popayan;False
43;CHL;OBCHSA00;Obispado;Santiago;Santiago;1561;exact;1808;hgis;;;;;False;;Ob.;Ob.;santiago de chile_obispado_chl;conceptos:obispado;CHSA00OB;chl_santiago_santiago de chile;CHL;Santiago;catholic-hierarchy;Obispado de Santiago;[[:conceptos:obispado|Obispado]] de Santiago;False
45;CHL;OBCHCO00;Obispado;Concepcion;Concepcion;1600;exact;1808;hgis;;;;;False;;Ob.;Ob.;concepcion_obispado_chl;conceptos:obispado;CHCO00OB;chl_concepcion_concepcion;CHL;Concepcion;catholic-hierarchy;Obispado de Concepcion;[[:conceptos:obispado|Obispado]] de Concepcion;False
46;RPL;OBRPPA00;Obispado;Paraguay;Paraguay;1547;exact;1808;hgis;;;;;False;;Ob.;Ob.;paraguay_obispado_rpl;conceptos:obispado;RPPA00OB;rpl_obispado_paraguay;RPL;Obispado;catholic-hierarchy;Obispado de Paraguay;[[:conceptos:obispado|Obispado]] de Paraguay;False
47;RPL;OBRPBA00;Obispado;Buenos Aires;Buenos Aires;1627;exact;1808;hgis;;;;;False;;Ob.;Ob.;buenos aires_obispado_rpl;conceptos:obispado;RPBA00OB;rpl_obispado_buenos aires;RPL;Obispado;catholic-hierarchy;Obispado de Buenos Aires;[[:conceptos:obispado|Obispado]] de Buenos Aires;False
48;RPL;OBRPCO00;Obispado;Tucuman;Tucuman;1570;exact;1808;hgis;;;;;False;;Ob.;Ob.;tucuman_obispado_rpl;conceptos:obispado;RPCO00OB;rpl_obispado_tucuman;RPL;Obispado;catholic-hierarchy;Obispado de Tucuman;[[:conceptos:obispado|Obispado]] de Tucuman;False
49;RPL;OBRPSA00;Obispado;Salta;Salta;1806;exact;1808;hgis;;;;;False;;Ob.;Ob.;salta_obispado_rpl;conceptos:obispado;RPSA00OB;rpl_obispado_salta;RPL;Obispado;catholic-hierarchy;Obispado de Salta;[[:conceptos:obispado|Obispado]] de Salta;False
50;GUA;OBGUCH00;Obispado;Chiapas;Chiapas;1544;exact;1808;hgis;;;;;False;;Ob.;Ob.;chiapas_obispado_gua;conceptos:obispado;GUCH00OB;gua_obispado_chiapas;GUA;Obispado;catholic-hierarchy;Obispado de Chiapas;[[:conceptos:obispado|Obispado]] de Chiapas;False
52;GUA;OBGUGU00;Obispado;Guatemala;Guatemala;1534;exact;1742;exact;;;;;False;;Ob.;Ob.;guatemala_obispado_gua;conceptos:obispado;GUGU00OB;gua_obispado_guatemala;GUA;Obispado;catholic-hierarchy;Obispado de Guatemala;[[:conceptos:obispado|Obispado]] de Guatemala;False
53;GUA;OBGUGU00;Arzobispado;Guatemala;Guatemala;1743;exact;1808;hgis;;;;;False;;Ao.;Arzob.;guatemala_obispado_gua;conceptos:arzobispado;GUGU00OB;gua_obispado_guatemala;GUA;Obispado;catholic-hierarchy;Arzobispado de Guatemala;[[:conceptos:arzobispado|Arzobispado]] de Guatemala;False
54;GUA;OBGULE00;Obispado;Leon;Leon;1531;exact;1808;hgis;;;;;False;;Ob.;Ob.;leon_obispado_gua;conceptos:obispado;GULE00OB;gua_obispado_leon;GUA;Obispado;catholic-hierarchy;Obispado de Leon;[[:conceptos:obispado|Obispado]] de Leon;False
55;GUA;OBGUCY00;Obispado;Honduras;Honduras;1531;exact;1808;hgis;;;;;False;;Ob.;Ob.;comayagua_obispado_gua;conceptos:obispado;GUCY00OB;gua_obispado_comayagua;GUA;Obispado;catholic-hierarchy;Obispado de Honduras;[[:conceptos:obispado|Obispado]] de Honduras;False
56;NES;OBNEYU00;Obispado;Yucatan;Yucatan;1561;exact;1808;hgis;;;;;False;;Ob.;Ob.;yucatan_obispado_nes;conceptos:obispado;NEYU00OB;nes_obispado_yucatan;NES;Obispado;catholic-hierarchy;Obispado de Yucatan;[[:conceptos:obispado|Obispado]] de Yucatan;False
57;PER;PRPELI00;Gobernacion-Intendencia;Lima;Lima;1784;exact;1808;hgis;;;;;False;;G;Int.;lima_provincia_per;conceptos:intendencia;PELI00PR;per_provincia_lima;PER;Provincia;navarro-garcia;Gobernacion-Intendencia de Lima;[[:conceptos:intendencia|Gobernacion-Intendencia]] de Lima;False
58;PER;PRPETR00;Gobernacion-Intendencia;Trujillo;Trujillo;1784;exact;1808;hgis;;;;;False;;G;Int.;trujillo_provincia_per;conceptos:intendencia;PETR00PR;per_provincia_trujillo;PER;Provincia;navarro-garcia;Gobernacion-Intendencia de Trujillo;[[:conceptos:intendencia|Gobernacion-Intendencia]] de Trujillo;False
59;PER;PRPEAR00;Gobernacion-Intendencia;Arequipa;Arequipa;1784;exact;1808;hgis;;;;;False;;G;Int.;arequipa_provincia_per;conceptos:intendencia;PEAR00PR;per_provincia_arequipa;PER;Provincia;navarro-garcia;Gobernacion-Intendencia de Arequipa;[[:conceptos:intendencia|Gobernacion-Intendencia]] de Arequipa;False
60;PER;PRPEHU00;Gobernacion-Intendencia;Huamanga;Huamanga;1784;exact;1808;hgis;;;;;False;;G;Int.;huamanga_provincia_per;conceptos:intendencia;PEHU00PR;per_provincia_huamanga;PER;Provincia;navarro-garcia;Gobernacion-Intendencia de Huamanga;[[:conceptos:intendencia|Gobernacion-Intendencia]] de Huamanga;False
61;PER;PRPECU00;Gobernacion-Intendencia;Cuzco;Cuzco;1784;exact;1808;hgis;;;;;False;;G;Int.;cuzco_provincia_per;conceptos:intendencia;PECU00PR;per_provincia_cuzco;PER;Provincia;navarro-garcia;Gobernacion-Intendencia de Cuzco;[[:conceptos:intendencia|Gobernacion-Intendencia]] de Cuzco;False
62;PER;PRPEHV00;Gobernacion-Intendencia;Huancavelica;Huancavelica;1784;exact;1808;hgis;;;;;False;;G;Int.;huancavelica_provincia_per;conceptos:intendencia;PEHV00PR;per_provincia_huancavelica;PER;Provincia;navarro-garcia;Gobernacion-Intendencia de Huancavelica;[[:conceptos:intendencia|Gobernacion-Intendencia]] de Huancavelica;False
63;PER;PRPETA00;Gobernacion-Intendencia;Tarma;Tarma;1784;exact;1808;hgis;;;;;False;;G;Int.;tarma_provincia_per;conceptos:intendencia;PETA00PR;per_provincia_tarma;PER;Provincia;navarro-garcia;Gobernacion-Intendencia de Tarma;[[:conceptos:intendencia|Gobernacion-Intendencia]] de Tarma;False
64;CHA;PRCCPU00;Gobernacion-Intendencia;Puno;Puno;1784;exact;1808;hgis;;;;;False;;G;Int.;puno_provincia_cha;conceptos:intendencia;CCPU00PR;cha_provincia_puno;CHA;Provincia;navarro-garcia;Gobernacion-Intendencia de Puno;[[:conceptos:intendencia|Gobernacion-Intendencia]] de Puno;False
65;CHL;PRCHSA00;Gobernacion-Intendencia;Santiago;Santiago;1786;exact;1808;hgis;;;;;False;SUCH0000;G;Int.;santiago_provincia_chl;conceptos:intendencia;CHSA00PR;chl_provincia_santiago;CHL;Provincia;navarro-garcia;Gobernacion-Intendencia de Santiago;[[:conceptos:intendencia|Gobernacion-Intendencia]] de Santiago;True
66;CHL;PRCHCO00;Gobernacion-Intendencia;Concepcion;Concepcion;1786;exact;1808;hgis;;;;;False;;G;Int.;concepcion_provincia_chl;conceptos:intendencia;CHCO00PR;chl_provincia_concepcion;CHL;Provincia;navarro-garcia;Gobernacion-Intendencia de Concepcion;[[:conceptos:intendencia|Gobernacion-Intendencia]] de Concepcion;False
69;CHL;PRCHCH00;Gobernacion;Chiloe;Chiloe;1601;exact;1783;not_before;;;;;False;;G;Gob.;chiloe_provincia_chl;conceptos:gobernacion;CHCH00PR;chl_provincia_chiloe;CHL;Provincia;wikipedia;Gobernacion de Chiloe;[[:conceptos:gobernacion|Gobernacion]] de Chiloe;False
70;CHL;PRCHCH00;Gobernacion-Intendencia;Chiloe;Chiloe;1784;exact;1788;exact;;;;;False;;G;Int.;chiloe_provincia_chl;conceptos:intendencia;CHCH00PR;chl_provincia_chiloe;CHL;Provincia;navarro-garcia;Gobernacion-Intendencia de Chiloe;[[:conceptos:intendencia|Gobernacion-Intendencia]] de Chiloe;False
71;CHL;PRCHCH00;Gobernacion;Chiloe;Chiloe;1789;exact;1808;hgis;;;;;False;;G;Gob.;chiloe_provincia_chl;conceptos:gobernacion;CHCH00PR;chl_provincia_chiloe;CHL;Provincia;wikipedia;Gobernacion de Chiloe;[[:conceptos:gobernacion|Gobernacion]] de Chiloe;False
72;RPL;PRRPTU00;Gobernacion-Capitania General;Tucuman;Tucuman;1564;exact;1783;exact;;;;;False;;G;CG;tucuman_provincia_rpl;conceptos:gobernacion;RPTU00PR;rpl_provincia_tucuman;RPL;Provincia;wikipedia;Gobernacion-Capitania General de Tucuman;[[:conceptos:gobernacion|Gobernacion-Capitania General]] de Tucuman;False
73;RPL;PRRPMIMI;Misiones;Guaranies;Misiones guaranies;1111;start;1767;exact;;;;;False;;Prov.;Prov.;misiones_provincia_rpl;conceptos:misiones;RPMIMIPR;rpl_provincia_misiones;RPL;Provincia;wikipedia;Misiones de Guaranies;[[:conceptos:misiones|Misiones]] de Guaranies;False
77;RPL;PRRPMIMI;Gobernacion;Misiones;Misiones guaranies;1768;exact;1803;exact;;;;;False;;G;Gob.;misiones_provincia_rpl;conceptos:gobernacion;RPMIMIPR;rpl_provincia_misiones;RPL;Provincia;wikipedia;Gobernacion de Misiones;[[:conceptos:gobernacion|Gobernacion]] de Misiones;False
78;RPL;PRRPMIMI;Gobernacion Politico-Militar;Misiones;Misiones guaranies;1804;exact;1805;exact;;;;;False;;G;Gob.;misiones_provincia_rpl;conceptos:gobernacion;RPMIMIPR;rpl_provincia_misiones;RPL;Provincia;wikipedia;Gobernacion Politico-Militar de Misiones;[[:conceptos:gobernacion|Gobernacion Politico-Militar]] de Misiones;False
80;RPL;PRRPSA00;Gobernacion-Intendencia;Salta;Salta;1784;exact;1808;hgis;;;;;False;;G;Int.;salta_provincia_rpl;conceptos:intendencia;RPSA00PR;rpl_provincia_salta;RPL;Provincia;navarro-garcia;Gobernacion-Intendencia de Salta;[[:conceptos:intendencia|Gobernacion-Intendencia]] de Salta;False
81;RPL;PRRPCO00;Gobernacion-Intendencia;Cordoba;Cordoba;1784;exact;1808;hgis;;;;;False;;G;Int.;cordoba_provincia_rpl;conceptos:intendencia;RPCO00PR;rpl_provincia_cordoba;RPL;Provincia;navarro-garcia;Gobernacion-Intendencia de Cordoba;[[:conceptos:intendencia|Gobernacion-Intendencia]] de Cordoba;False
82;RPL;PRRPBA00;Gobernacion-Capitania General;Rio de la Plata;Rio de la Plata;1620;exact;1783;exact;;;;;False;;G;CG;buenos aires_provincia_rpl;conceptos:gobernacion;RPBA00PR;rpl_provincia_buenos aires;RPL;Provincia;wikipedia;Gobernacion-Capitania General de Rio de la Plata;[[:conceptos:gobernacion|Gobernacion-Capitania General]] de Rio de la Plata;False
83;RPL;PRRPBA00;Gobernacion-Intendencia;Buenos Aires;Buenos Aires;1784;exact;1808;hgis;;;;;False;;G;Int.;buenos aires_provincia_rpl;conceptos:intendencia;RPBA00PR;rpl_provincia_buenos aires;RPL;Provincia;navarro-garcia;Gobernacion-Intendencia de Buenos Aires;[[:conceptos:intendencia|Gobernacion-Intendencia]] de Buenos Aires;False
85;RPL;PRRPPA00;Gobernacion-Capitania General;Paraguay;Paraguay;1620;exact;1730;exact;;;;;False;;G;CG;paraguay_provincia_rpl;conceptos:gobernacion;RPPA00PR;rpl_provincia_paraguay;RPL;Provincia;wikipedia;Gobernacion-Capitania General de Paraguay;[[:conceptos:gobernacion|Gobernacion-Capitania General]] de Paraguay;False
86;RPL;PRRPPA00;Gobernacion-Intendencia;Paraguay;Paraguay;1784;exact;1808;hgis;;;;;False;;G;Int.;paraguay_provincia_rpl;conceptos:intendencia;RPPA00PR;rpl_provincia_paraguay;RPL;Provincia;navarro-garcia;Gobernacion-Intendencia de Paraguay;[[:conceptos:intendencia|Gobernacion-Intendencia]] de Paraguay;False
88;GUA;PRGUNI00;Gobernacion-Intendencia;Leon;Leon de Nicaragua;1787;exact;1808;hgis;;;;;False;;G;Int.;leon_provincia_gua;conceptos:intendencia;GUNI00PR;gua_provincia_leon;GUA;Provincia;navarro-garcia;Gobernacion-Intendencia de Leon;[[:conceptos:intendencia|Gobernacion-Intendencia]] de Leon;False
90;GUA;PRGUCY00;Gobernacion-Intendencia;Comayagua;Comayagua;1787;exact;1808;hgis;;;;;False;;G;Int.;comayagua_provincia_gua;conceptos:intendencia;GUCY00PR;gua_provincia_comayagua;GUA;Provincia;navarro-garcia;Gobernacion-Intendencia de Comayagua;[[:conceptos:intendencia|Gobernacion-Intendencia]] de Comayagua;False
91;GUA;PRGUSS00;Alcaldia Mayor;San Salvador;San Salvador;1579;exact;1786;exact;;;;;False;;AM;AM;san salvador_provincia_gua;conceptos:alcaldia_mayor;GUSS00PR;gua_provincia_san salvador;GUA;Provincia;div-guatemala;Alcaldia Mayor de San Salvador;[[:conceptos:alcaldia_mayor|Alcaldia Mayor]] de San Salvador;False
92;GUA;PRGUSS00;Gobernacion-Intendencia;San Salvador;San Salvador;1787;exact;1790;exact;;;;;False;;G;Int.;san salvador_provincia_gua;conceptos:intendencia;GUSS00PR;gua_provincia_san salvador;GUA;Provincia;navarro-garcia;Gobernacion-Intendencia de San Salvador;[[:conceptos:intendencia|Gobernacion-Intendencia]] de San Salvador;False
96;GUA;JUGUNISU;Corregimiento;Subtiava;Subtiava;1726;exact;1777;exact;;;;;False;;C;C;subtiava_jurisdiccion_gua;conceptos:corregimiento;GUNISUJU;gua_nicaragua_subtiava;GUA;Nicaragua;div-guatemala;Corregimiento de Subtiava;[[:conceptos:corregimiento|Corregimiento]] de Subtiava;False
98;GUA;JUGUNISU;Subdelegacion;Subtiava;Subtiava;1787;exact;1808;hgis;;;;;False;;Sd.;Sd.;subtiava_jurisdiccion_gua;conceptos:subdelegacion;GUNISUJU;gua_nicaragua_subtiava;GUA;Nicaragua;div-guatemala;Subdelegacion de Subtiava;[[:conceptos:subdelegacion|Subdelegacion]] de Subtiava;False
104;GUA;JUGUNINC;Corregimiento;Nicoya;Nicoya;1697;ca;1786;exact;;;;;False;;C;C;nicoya_jurisdiccion_gua;conceptos:corregimiento;GUNINCJU;gua_nicaragua_nicoya;GUA;Nicaragua;div-guatemala;Corregimiento de Nicoya;[[:conceptos:corregimiento|Corregimiento]] de Nicoya;False
105;GUA;JUGUNINC;Subdelegacion;Nicoya;Nicoya;1787;exact;1808;hgis;;;;;False;;Sd.;Sd.;nicoya_jurisdiccion_gua;conceptos:subdelegacion;GUNINCJU;gua_nicaragua_nicoya;GUA;Nicaragua;div-guatemala;Subdelegacion de Nicoya;[[:conceptos:subdelegacion|Subdelegacion]] de Nicoya;False
107;GUA;JUGUNIMG;Corregimiento;Sebaco;Sebaco y Chontales;1632;exact;1730;ca;;;;;False;;C;C;sebaco_jurisdiccion_gua;conceptos:corregimiento;GUNIMGJU;gua_nicaragua_sebaco;GUA;Nicaragua;div-guatemala;Corregimiento de Sebaco;[[:conceptos:corregimiento|Corregimiento]] de Sebaco;False
108;GUA;JUGUNIMG;Corregimiento;Sebaco;Sebaco;1731;ca;1786;exact;;;;;False;;C;C;sebaco_jurisdiccion_gua;conceptos:corregimiento;GUNIMGJU;gua_nicaragua_sebaco;GUA;Nicaragua;div-guatemala;Corregimiento de Sebaco;[[:conceptos:corregimiento|Corregimiento]] de Sebaco;False
109;GUA;JUGUNIMG;Subdelegacion;Matagalpa;Matagalpa;1787;exact;1808;hgis;;;;;False;;Sd.;Sd.;sebaco_jurisdiccion_gua;conceptos:subdelegacion;GUNIMGJU;gua_nicaragua_sebaco;GUA;Nicaragua;div-guatemala;Subdelegacion de Matagalpa;[[:conceptos:subdelegacion|Subdelegacion]] de Matagalpa;False
110;GUA;JUGUNIRE;Corregimiento;El Realejo;El Realejo;1632;exact;1786;exact;;;;;False;;C;C;realejo_jurisdiccion_gua;conceptos:corregimiento;GUNIREJU;gua_nicaragua_realejo;GUA;Nicaragua;div-guatemala;Corregimiento de El Realejo;[[:conceptos:corregimiento|Corregimiento]] de El Realejo;False
111;GUA;PTGUCYCY;Jurisdiccion;Comayagua;Comayagua;1111;start;1808;hgis;;;;;False;PRGUCY00;Part.;Part.;comayagua_partido_gua;conceptos:cabecera;GUCYCYPT;gua_comayagua_comayagua;GUA;Comayagua;div-guatemala;Jurisdiccion cabecera de Comayagua;[[:conceptos:cabecera|Jurisdiccion cabecera]] de Comayagua;True
112;GUA;JUGUCYTR;Gobernacion político-militar;Trujillo;Trujillo;1787;exact;1800;exact;;;;;False;;Sd.;Sd.;trujillo_jurisdiccion_gua;conceptos:gobernacion;GUCYTRJU;gua_comayagua_trujillo;GUA;Comayagua;div-guatemala;Gobernacion político-militar de Trujillo;[[:conceptos:gobernacion|Gobernacion político-militar]] de Trujillo;False
113;GUA;JUGUCYOT;Subdelegacion;Olanchito;Olanchito;1787;exact;1808;hgis;;;;;False;;Sd.;Sd.;olanchito_jurisdiccion_gua;conceptos:subdelegacion;GUCYOTJU;gua_comayagua_olanchito;GUA;Comayagua;div-guatemala;Subdelegacion de Olanchito;[[:conceptos:subdelegacion|Subdelegacion]] de Olanchito;False
114;GUA;JUGUCYOL;Subdelegacion;Olancho;Olancho;1787;exact;1808;hgis;;;;;False;;Sd.;Sd.;olancho_jurisdiccion_gua;conceptos:subdelegacion;GUCYOLJU;gua_comayagua_olancho;GUA;Comayagua;div-guatemala;Subdelegacion de Olancho;[[:conceptos:subdelegacion|Subdelegacion]] de Olancho;False
115;GUA;JUGUCYSP;Subdelegacion;San Pedro Sula;San Pedro Sula;1787;exact;1808;hgis;;;;;False;;Sd.;Sd.;san pedro sula_jurisdiccion_gua;conceptos:subdelegacion;GUCYSPJU;gua_comayagua_san pedro sula;GUA;Comayagua;div-guatemala;Subdelegacion de San Pedro Sula;[[:conceptos:subdelegacion|Subdelegacion]] de San Pedro Sula;False
116;GUA;JUGUCYYO;Subdelegacion;Yoro;Yoro;1787;exact;1808;hgis;;;;;False;;Sd.;Sd.;yoro_jurisdiccion_gua;conceptos:subdelegacion;GUCYYOJU;gua_comayagua_yoro;GUA;Comayagua;div-guatemala;Subdelegacion de Yoro;[[:conceptos:subdelegacion|Subdelegacion]] de Yoro;False
118;GUA;JUGUCYGR;Subdelegacion;Gracias a Dios;Gracias a Dios;1787;exact;1808;hgis;;;;;False;;Sd.;Sd.;gracias a dios_jurisdiccion_gua;conceptos:subdelegacion;GUCYGRJU;gua_comayagua_gracias a dios;GUA;Comayagua;div-guatemala;Subdelegacion de Gracias a Dios;[[:conceptos:subdelegacion|Subdelegacion]] de Gracias a Dios;False
119;GUA;JUGUCYSE;Tenencia de subdelegacion;Sensenti;Sensenti;1787;not_before;1808;hgis;1787;;;;False;;Ten.;Part.;sensenti_jurisdiccion_gua;conceptos:partido;GUCYSEJU;gua_comayagua_sensenti;GUA;Comayagua;div-guatemala;Tenencia de subdelegacion de Sensenti;[[:conceptos:partido|Tenencia de subdelegacion]] de Sensenti;False
120;GUA;JUGUCYCN;Subdelegacion;Chinda;Chinda;1787;not_before;1808;hgis;1787;;;;False;;Sd.;Sd.;chinda_jurisdiccion_gua;conceptos:subdelegacion;GUCYCNJU;gua_comayagua_chinda;GUA;Comayagua;div-guatemala;Subdelegacion de Chinda;[[:conceptos:subdelegacion|Subdelegacion]] de Chinda;False
121;GUA;JUGUTGTG;Alcaldia Mayor;Tegucigalpa;Tegucigalpa;1579;exact;1788;exact;;;;;False;;AM;AM;tegucigalpa_jurisdiccion_gua;conceptos:alcaldia_mayor;GUTGTGJU;gua_tegucigalpa_tegucigalpa;GUA;Tegucigalpa;div-guatemala;Alcaldia Mayor de Tegucigalpa;[[:conceptos:alcaldia_mayor|Alcaldia Mayor]] de Tegucigalpa;False
122;GUA;JUGUTGTG;Subdelegacion;Tegucigalpa;Tegucigalpa;1789;exact;1808;hgis;;;;;False;;Sd.;Sd.;tegucigalpa_jurisdiccion_gua;conceptos:subdelegacion;GUTGTGJU;gua_tegucigalpa_tegucigalpa;GUA;Tegucigalpa;div-guatemala;Subdelegacion de Tegucigalpa;[[:conceptos:subdelegacion|Subdelegacion]] de Tegucigalpa;False
131;GUA;JUGUSSSA;Subdelegacion;Santa Ana;Santa Ana;1787;exact;1805;exact;;;;;False;;Sd.;Sd.;santa ana_jurisdiccion_gua;conceptos:subdelegacion;GUSSSAJU;gua_san salvador_santa ana;GUA;San Salvador;div-guatemala;Subdelegacion de Santa Ana;[[:conceptos:subdelegacion|Subdelegacion]] de Santa Ana;False
132;GUA;JUGUSSSV;Jurisdiccion;San Vicente;San Vicente;1701;hgis;1786;exact;;;;;False;;Jur.;Jur.;san vicente_jurisdiccion_gua;conceptos:jurisdiccion;GUSSSVJU;gua_san salvador_san vicente;GUA;San Salvador;div-guatemala;Jurisdiccion de San Vicente;[[:conceptos:jurisdiccion|Jurisdiccion]] de San Vicente;False
133;GUA;JUGUSSSV;Subdelegacion-Jurisdiccion;San Vicente;San Vicente;1787;exact;1808;hgis;;;;;False;;Sd.;Sd.;san vicente_jurisdiccion_gua;conceptos:subdelegacion;GUSSSVJU;gua_san salvador_san vicente;GUA;San Salvador;div-guatemala;Subdelegacion-Jurisdiccion de San Vicente;[[:conceptos:subdelegacion|Subdelegacion-Jurisdiccion]] de San Vicente;False
134;GUA;JUGUSSSM;Jurisdiccion;San Miguel;San Miguel;1701;hgis;1786;exact;;;;;False;;Jur.;Jur.;san miguel_jurisdiccion_gua;conceptos:jurisdiccion;GUSSSMJU;gua_san salvador_san miguel;GUA;San Salvador;div-guatemala;Jurisdiccion de San Miguel;[[:conceptos:jurisdiccion|Jurisdiccion]] de San Miguel;False
135;GUA;JUGUSSSM;Subdelegacion-Jurisdiccion;San Miguel;San Miguel;1787;exact;1808;hgis;;;;;False;;Sd.;Sd.;san miguel_jurisdiccion_gua;conceptos:subdelegacion;GUSSSMJU;gua_san salvador_san miguel;GUA;San Salvador;div-guatemala;Subdelegacion-Jurisdiccion de San Miguel;[[:conceptos:subdelegacion|Subdelegacion-Jurisdiccion]] de San Miguel;False
138;GUA;PTGUSSOL;Tenencia de subdelegacion;Olocuilta;Olocuilta;1787;exact;1808;hgis;;;;;False;;Ten.;Part.;olocuilta_partido_gua;conceptos:partido;GUSSOLPT;gua_san salvador_olocuilta;GUA;San Salvador;div-guatemala;Tenencia de subdelegacion de Olocuilta;[[:conceptos:partido|Tenencia de subdelegacion]] de Olocuilta;False
139;GUA;PTGUSSCO;Partido;Cojutepeque;Cojutepeque;1701;hgis;1786;exact;;;;;False;;Part.;Part.;cojutepeque_partido_gua;conceptos:partido;GUSSCOPT;gua_san salvador_cojutepeque;GUA;San Salvador;div-guatemala;Partido de Cojutepeque;[[:conceptos:partido|Partido]] de Cojutepeque;False
140;GUA;PTGUSSCO;Tenencia de subdelegacion;Cojutepeque;Cojutepeque;1787;exact;1808;hgis;;;;;False;;Ten.;Ten.;cojutepeque_partido_gua;conceptos:partido;GUSSCOPT;gua_san salvador_cojutepeque;GUA;San Salvador;div-guatemala;Tenencia de subdelegacion de Cojutepeque;[[:conceptos:partido|Tenencia de subdelegacion]] de Cojutepeque;False
141;GUA;PTGUSSTE;Tenencia de subdelegacion;Texutla;Texutla;1787;exact;1808;hgis;;;;;False;;Ten.;Part.;texutla_partido_gua;conceptos:partido;GUSSTEPT;gua_guatemala_texutla;GUA;Guatemala;div-guatemala;Tenencia de subdelegacion de Texutla;[[:conceptos:partido|Tenencia de subdelegacion]] de Texutla;False
142;GUA;PTGUSSOP;Tenencia de subdelegacion;Opico;Opico;1787;exact;1808;hgis;;;;;False;;Ten.;Part.;opico_partido_gua;conceptos:partido;GUSSOPPT;gua_san salvador_opico;GUA;San Salvador;div-guatemala;Tenencia de subdelegacion de Opico;[[:conceptos:partido|Tenencia de subdelegacion]] de Opico;False
143;GUA;PTGUSSUS;Partido;Usulutan;Usulutan;1701;hgis;1786;exact;;;;;False;;Part.;Part.;usulutan_partido_gua;conceptos:partido;GUSSUSPT;gua_guatemala_usulutan;GUA;Guatemala;div-guatemala;Partido de Usulutan;[[:conceptos:partido|Partido]] de Usulutan;False
144;GUA;PTGUSSUS;Tenencia de subdelegacion;Usulutan;Usulutan;1787;exact;1808;hgis;;;;;False;;Ten.;Part.;usulutan_partido_gua;conceptos:partido;GUSSUSPT;gua_guatemala_usulutan;GUA;Guatemala;div-guatemala;Tenencia de subdelegacion de Usulutan;[[:conceptos:partido|Tenencia de subdelegacion]] de Usulutan;False
145;GUA;PTGUSSGO;Tenencia de subdelegacion;Gotera;Gotera;1787;exact;1808;hgis;;;;;False;;Ten.;Part.;gotera_partido_gua;conceptos:partido;GUSSGOPT;gua_san salvador_gotera;GUA;San Salvador;div-guatemala;Tenencia de subdelegacion de Gotera;[[:conceptos:partido|Tenencia de subdelegacion]] de Gotera;False
146;GUA;PTGUSSAL;Tenencia de subdelegacion;San Alejo;San Alejo;1787;exact;1808;hgis;;;;;False;;Ten.;Part.;san alejo_partido_gua;conceptos:partido;GUSSALPT;gua_san salvador_san alejo;GUA;San Salvador;div-guatemala;Tenencia de subdelegacion de San Alejo;[[:conceptos:partido|Tenencia de subdelegacion]] de San Alejo;False
148;GUA;JUGUSSSC;Subdelegacion;Sacatecoluca;Sacatecoluca;1787;not_before;1808;hgis;1787;;;;False;;Sd.;Sd.;sacatecoluca_jurisdiccion_gua;conceptos:subdelegacion;GUSSSCJU;gua_san salvador_sacatecoluca;GUA;San Salvador;div-guatemala;Subdelegacion de Sacatecoluca;[[:conceptos:subdelegacion|Subdelegacion]] de Sacatecoluca;False
149;GUA;PTGUSSSN;Tenencia de subdelegacion;Titiguapa;Titiguapa;1787;exact;1798;exact;;;;;False;;Ten.;Part.;sensuntepeque_partido_gua;conceptos:partido;GUSSSNPT;gua_san salvador_sensuntepeque;GUA;San Salvador;div-guatemala;Tenencia de subdelegacion de Titiguapa;[[:conceptos:partido|Tenencia de subdelegacion]] de Titiguapa;False
150;GUA;JUGUSSME;Subdelegacion;Metapas;Metapas;1806;exact;1808;hgis;;;;;False;;Sd.;Sd.;metapas_jurisdiccion_gua;conceptos:subdelegacion;GUSSMEJU;gua_san salvador_metapas;GUA;San Salvador;div-guatemala;Subdelegacion de Metapas;[[:conceptos:subdelegacion|Subdelegacion]] de Metapas;False
151;GUA;JUGUGUSS;Alcaldia Mayor;Sonsonate;Sonsonate;1539;exact;1808;hgis;;;;;False;;AM;AM;sonsonate_jurisdiccion_gua;conceptos:alcaldia_mayor;GUGUSSJU;gua_guatemala_sonsonate;GUA;Guatemala;div-guatemala;Alcaldia Mayor de Sonsonate;[[:conceptos:alcaldia_mayor|Alcaldia Mayor]] de Sonsonate;False
152;GUA;PTGUGUGZ;Partido;Guazacapan;Guazacapan;1692;not_after;1808;hgis;;;;;False;;Part.;Part.;guazacapan_partido_gua;conceptos:partido;GUGUGZPT;gua_guatemala_guazacapan;GUA;Guatemala;div-guatemala;Partido de Guazacapan;[[:conceptos:partido|Partido]] de Guazacapan;False
153;GUA;JUGUGUES;Alcaldia Mayor;Escuintla;Escuintla y Guazacapan;1692;not_after;1808;hgis;;;;;False;;AM;AM;escuintla_jurisdiccion_gua;conceptos:alcaldia_mayor;GUGUESJU;gua_guatemala_escuintla;GUA;Guatemala;div-guatemala;Alcaldia Mayor de Escuintla;[[:conceptos:alcaldia_mayor|Alcaldia Mayor]] de Escuintla;False
154;GUA;JUGUGUCM;Corregimiento;Chiquimula;Chiquimula;1560;arbitrary;1763;ca;1545;1570;;;False;;C;C;chiquimula_jurisdiccion_gua;conceptos:corregimiento;GUGUCMJU;gua_guatemala_chiquimula;GUA;Guatemala;div-guatemala;Corregimiento de Chiquimula;[[:conceptos:corregimiento|Corregimiento]] de Chiquimula;False
155;GUA;JUGUGUAC;Corregimiento;Acasaguastlan;Acasaguastlan;1551;ca;1714;exact;1545;1551;;;False;;C;C;acasaguastlan_jurisdiccion_gua;conceptos:corregimiento;GUGUACJU;gua_guatemala_acasaguastlan;GUA;Guatemala;div-guatemala;Corregimiento de Acasaguastlan;[[:conceptos:corregimiento|Corregimiento]] de Acasaguastlan;False
158;GUA;JUGUGUCT;Alcaldia Mayor;Chimaltenango;Chimaltenango;1754;ca;1808;hgis;;;;;False;;AM;AM;chimaltenango_jurisdiccion_gua;conceptos:alcaldia_mayor;GUGUCTJU;gua_guatemala_chimaltenango;GUA;Guatemala;div-guatemala;Alcaldia Mayor de Chimaltenango;[[:conceptos:alcaldia_mayor|Alcaldia Mayor]] de Chimaltenango;False
159;GUA;JUGUGUGU;Corregimiento;El Valle;Valle de Guatemala;1547;ca;1753;ca;;;;;False;;C;C;valle de guatemala_jurisdiccion_gua;conceptos:corregimiento;GUGUGUJU;gua_guatemala_valle de guatemala;GUA;Guatemala;div-guatemala;Corregimiento de El Valle;[[:conceptos:corregimiento|Corregimiento]] de El Valle;False
161;GUA;JUGUGUVE;Alcaldia Mayor;Verapaz;Verapaz;1560;exact;1808;hgis;;;;;False;;AM;AM;verapaz_jurisdiccion_gua;conceptos:alcaldia_mayor;GUGUVEJU;gua_guatemala_verapaz;GUA;Guatemala;div-guatemala;Alcaldia Mayor de Verapaz;[[:conceptos:alcaldia_mayor|Alcaldia Mayor]] de Verapaz;False
162;GUA;MIGUGUPE;Presidio;Peten;Peten;1697;exact;1786;arbitrary;;;;;False;;Com.;Com.;peten_misiones_gua;conceptos:jurisdiccion_militar;GUGUPEMI;gua_guatemala_peten;GUA;Guatemala;div-guatemala;Presidio de Peten;[[:conceptos:jurisdiccion_militar|Presidio]] de Peten;False
163;GUA;JUGUGUTO;Corregimiento;Totonicapan;Huehuetenango y Totonicapan;1678;exact;1707;not_after;;;;;False;;C;C;totonicapan_jurisdiccion_gua;conceptos:corregimiento;GUGUTOJU;gua_guatemala_totonicapan;GUA;Guatemala;div-guatemala;Corregimiento de Totonicapan;[[:conceptos:corregimiento|Corregimiento]] de Totonicapan;False
164;GUA;JUGUGUTO;Alcaldia Mayor;Totonicapan;Totonicapan y Huehuetenango;1708;not_after;1808;hgis;;1708;;;False;;AM;AM;totonicapan_jurisdiccion_gua;conceptos:alcaldia_mayor;GUGUTOJU;gua_guatemala_totonicapan;GUA;Guatemala;div-guatemala;Alcaldia Mayor de Totonicapan;[[:conceptos:alcaldia_mayor|Alcaldia Mayor]] de Totonicapan;False
165;GUA;PTGUGUTO;Partido;Totonicapan;Totonicapan;1678;exact;1808;hgis;;;;;False;JUGUGUTO;Part.;Part.;totonicapan_partido_gua;conceptos:cabecera;GUGUTOPT;gua_guatemala_totonicapan;GUA;Guatemala;div-guatemala;Partido cabecera de Totonicapan;[[:conceptos:cabecera|Partido cabecera]] de Totonicapan;True
166;GUA;PTGUGUAT;Partido;Atitan;Atitan;1547;exact;1808;hgis;;;;;False;;Part.;Part.;atitan_partido_gua;conceptos:partido;GUGUATPT;gua_guatemala_atitan;GUA;Guatemala;div-guatemala;Partido de Atitan;[[:conceptos:partido|Partido]] de Atitan;False
167;GUA;JUGUGUSO;Alcaldia Mayor;Solola;Atitan y Atepanatitan;1689;exact;1794;not_after;;;;;False;;AM;AM;solola_jurisdiccion_gua;conceptos:alcaldia_mayor;GUGUSOJU;gua_guatemala_solola;GUA;Guatemala;div-guatemala;Alcaldia Mayor de Solola;[[:conceptos:alcaldia_mayor|Alcaldia Mayor]] de Solola;False
168;GUA;JUGUGUAM;Alcaldia Mayor;Amatique;Amatique y Santo Tomas de Castilla;1604;exact;1755;ca;;;;;False;;AM;AM;amatique_jurisdiccion_gua;conceptos:alcaldia_mayor;GUGUAMJU;gua_guatemala_amatique;GUA;Guatemala;div-guatemala;Alcaldia Mayor de Amatique;[[:conceptos:alcaldia_mayor|Alcaldia Mayor]] de Amatique;False
170;RPL;JURPMAMA;Gobernacion;Malvinas;Malvinas;1766;exact;1773;exact;;;;;False;;G;Gob.;malvinas_jurisdiccion_rpl;conceptos:gobernacion;RPMAMAJU;rpl_buenos aires_malvinas;RPL;Buenos Aires;;Gobernacion de Malvinas;[[:conceptos:gobernacion|Gobernacion]] de Malvinas;False
172;RPL;JURPPGPG;Superintendencia;Patagones;Establecimientos Patagonicos;1779;exact;1786;exact;;;;;False;;Superint.;Superint.;patagones_jurisdiccion_rpl;conceptos:entidades_atipicas;RPPGPGJU;rpl_buenos aires_patagones;RPL;Buenos Aires;;Superintendencia de Patagones;[[:conceptos:entidades_atipicas|Superintendencia]] de Patagones;False
173;RPL;JURPPGPG;Comandancia;Patagones;Patagones;1787;exact;1808;exact;;;;;False;;Com.;Com.;patagones_jurisdiccion_rpl;conceptos:jurisdiccion_militar;RPPGPGJU;rpl_buenos aires_patagones;RPL;Buenos Aires;;Comandancia de Patagones;[[:conceptos:jurisdiccion_militar|Comandancia]] de Patagones;False
175;RPL;JURPBACR;Tenencia de gobierno;Corrientes;Corrientes;1701;hgis;1783;exact;;;;;False;;Jur.;Jur.;corrientes_jurisdiccion_rpl;conceptos:jurisdiccion;RPBACRJU;rpl_buenos aires_corrientes;RPL;Buenos Aires;;Tenencia de gobierno de Corrientes;[[:conceptos:jurisdiccion|Tenencia de gobierno]] de Corrientes;False
176;RPL;JURPBACR;Subdelegacion;Corrientes;Corrientes;1784;exact;1808;hgis;;;;;False;;Sd.;Sd.;corrientes_jurisdiccion_rpl;conceptos:subdelegacion;RPBACRJU;rpl_buenos aires_corrientes;RPL;Buenos Aires;;Subdelegacion de Corrientes;[[:conceptos:subdelegacion|Subdelegacion]] de Corrientes;False
177;RPL;JURPBASF;Tenencia de gobierno;Santa Fe;Santa Fe;1701;hgis;1783;exact;;;;;False;;Jur.;Jur.;santa fe_jurisdiccion_rpl;conceptos:jurisdiccion;RPBASFJU;rpl_buenos aires_santa fe;RPL;Buenos Aires;;Tenencia de gobierno de Santa Fe;[[:conceptos:jurisdiccion|Tenencia de gobierno]] de Santa Fe;False
178;RPL;JURPBASF;Subdelegacion;Santa Fe;Santa Fe;1784;exact;1808;hgis;;;;;False;;Sd.;Sd.;santa fe_jurisdiccion_rpl;conceptos:subdelegacion;RPBASFJU;rpl_buenos aires_santa fe;RPL;Buenos Aires;;Subdelegacion de Santa Fe;[[:conceptos:subdelegacion|Subdelegacion]] de Santa Fe;False
179;RPL;JURPCOME;Jurisdiccion;Mendoza;Mendoza;1701;hgis;1783;exact;;;;;False;JUCHCYCY;Jur.;Jur.;mendoza_jurisdiccion_rpl;conceptos:cabecera;RPCOMEJU;rpl_cordoba_mendoza;RPL;Cordoba;;Jurisdiccion cabecera de Mendoza;[[:conceptos:cabecera|Jurisdiccion cabecera]] de Mendoza;True
180;RPL;JURPCOME;Subdelegacion;Mendoza;Mendoza;1784;exact;1808;hgis;;;;;False;;Sd.;Sd.;mendoza_jurisdiccion_rpl;conceptos:subdelegacion;RPCOMEJU;rpl_cordoba_mendoza;RPL;Cordoba;;Subdelegacion de Mendoza;[[:conceptos:subdelegacion|Subdelegacion]] de Mendoza;False
181;RPL;JURPCOSJ;Tenencia de corregimiento;San Juan;San Juan;1701;hgis;1783;exact;;;;;False;;Ten.;Jur.;san juan_jurisdiccion_rpl;conceptos:jurisdiccion;RPCOSJJU;rpl_cordoba_san juan;RPL;Cordoba;;Tenencia de corregimiento de San Juan;[[:conceptos:jurisdiccion|Tenencia de corregimiento]] de San Juan;False
182;RPL;JURPCOSJ;Subdelegacion;San Juan;San Juan;1784;exact;1808;hgis;;;;;False;;Sd.;Sd.;san juan_jurisdiccion_rpl;conceptos:subdelegacion;RPCOSJJU;rpl_cordoba_san juan;RPL;Cordoba;;Subdelegacion de San Juan;[[:conceptos:subdelegacion|Subdelegacion]] de San Juan;False
183;RPL;JURPCOSL;Tenencia de corregimiento;San Luis;San Luis;1701;hgis;1783;exact;;;;;False;;Ten.;Jur.;san luis_jurisdiccion_rpl;conceptos:jurisdiccion;RPCOSLJU;rpl_cordoba_san luis;RPL;Cordoba;;Tenencia de corregimiento de San Luis;[[:conceptos:jurisdiccion|Tenencia de corregimiento]] de San Luis;False
184;RPL;JURPCOSL;Subdelegacion;San Luis;San Luis;1784;exact;1808;hgis;;;;;False;;Sd.;Sd.;san luis_jurisdiccion_rpl;conceptos:subdelegacion;RPCOSLJU;rpl_cordoba_san luis;RPL;Cordoba;;Subdelegacion de San Luis;[[:conceptos:subdelegacion|Subdelegacion]] de San Luis;False
185;RPL;JURPCOLR;Tenencia de gobierno;La Rioja;La Rioja;1701;hgis;1783;exact;;;;;False;;Jur.;Jur.;la rioja_jurisdiccion_rpl;conceptos:jurisdiccion;RPCOLRJU;rpl_cordoba_la rioja;RPL;Cordoba;;Tenencia de gobierno de La Rioja;[[:conceptos:jurisdiccion|Tenencia de gobierno]] de La Rioja;False
186;RPL;JURPCOLR;Subdelegacion;La Rioja;La Rioja;1784;exact;1808;hgis;;;;;False;;Sd.;Sd.;la rioja_jurisdiccion_rpl;conceptos:subdelegacion;RPCOLRJU;rpl_cordoba_la rioja;RPL;Cordoba;;Subdelegacion de La Rioja;[[:conceptos:subdelegacion|Subdelegacion]] de La Rioja;False
187;RPL;JURPCOCO;Jurisdiccion;Cordoba;Cordoba;1701;hgis;1783;exact;;;;;False;PRRPTU00;Jur.;Jur.;cordoba_jurisdiccion_rpl;conceptos:cabecera;RPCOCOJU;rpl_cordoba_cordoba;RPL;Cordoba;;Jurisdiccion cabecera de Cordoba;[[:conceptos:cabecera|Jurisdiccion cabecera]] de Cordoba;True
188;RPL;JURPCOCO;Subdelegacion;Cordoba;Cordoba;1784;exact;1808;hgis;;;;;False;;Sd.;Sd.;cordoba_jurisdiccion_rpl;conceptos:subdelegacion;RPCOCOJU;rpl_cordoba_cordoba;RPL;Cordoba;;Subdelegacion de Cordoba;[[:conceptos:subdelegacion|Subdelegacion]] de Cordoba;False
189;RPL;JURPSASA;Tenencia de gobierno;Salta;Salta;1701;hgis;1783;exact;;;;;False;;Jur.;Jur.;salta_jurisdiccion_rpl;conceptos:jurisdiccion;RPSASAJU;rpl_salta_salta;RPL;Salta;;Tenencia de gobierno de Salta;[[:conceptos:jurisdiccion|Tenencia de gobierno]] de Salta;False
190;RPL;JURPSASA;Subdelegacion;Salta;Salta;1784;exact;1808;hgis;;;;;False;;Sd.;Sd.;salta_jurisdiccion_rpl;conceptos:subdelegacion;RPSASAJU;rpl_salta_salta;RPL;Salta;;Subdelegacion de Salta;[[:conceptos:subdelegacion|Subdelegacion]] de Salta;False
191;RPL;JURPSAPU;Subdelegacion;La Puna;La Puna;1796;exact;1808;hgis;;;;;False;;Sd.;Sd.;la puna_jurisdiccion_rpl;conceptos:subdelegacion;RPSAPUJU;rpl_salta_la puna;RPL;Salta;;Subdelegacion de La Puna;[[:conceptos:subdelegacion|Subdelegacion]] de La Puna;False
192;RPL;JURPSASM;Tenencia de gobierno;San Miguel;San Miguel de Tucuman;1701;hgis;1783;exact;;;;;False;;Jur.;Jur.;san miguel de tucuman_jurisdiccion_rpl;conceptos:jurisdiccion;RPSASMJU;rpl_salta_san miguel de tucuman;RPL;Salta;;Tenencia de gobierno de San Miguel;[[:conceptos:jurisdiccion|Tenencia de gobierno]] de San Miguel;False
193;RPL;JURPSASM;Subdelegacion;San Miguel;San Miguel de Tucuman;1784;exact;1808;hgis;;;;;False;;Sd.;Sd.;san miguel de tucuman_jurisdiccion_rpl;conceptos:subdelegacion;RPSASMJU;rpl_salta_san miguel de tucuman;RPL;Salta;;Subdelegacion de San Miguel;[[:conceptos:subdelegacion|Subdelegacion]] de San Miguel;False
194;RPL;JURPSAES;Tenencia de gobierno;Santiago;Santiago del Estero;1701;hgis;1783;exact;;;;;False;;Jur.;Jur.;santiago del estero_jurisdiccion_rpl;conceptos:jurisdiccion;RPSAESJU;rpl_salta_santiago del estero;RPL;Salta;;Tenencia de gobierno de Santiago;[[:conceptos:jurisdiccion|Tenencia de gobierno]] de Santiago;False
195;RPL;JURPSAES;Subdelegacion;Santiago;Santiago del Estero;1784;exact;1808;hgis;;;;;False;;Sd.;Sd.;santiago del estero_jurisdiccion_rpl;conceptos:subdelegacion;RPSAESJU;rpl_salta_santiago del estero;RPL;Salta;;Subdelegacion de Santiago;[[:conceptos:subdelegacion|Subdelegacion]] de Santiago;False
196;RPL;JURPSACT;Tenencia de gobierno;Catamarca;Catamarca;1701;hgis;1783;exact;;;;;False;;Jur.;Jur.;catamarca_jurisdiccion_rpl;conceptos:jurisdiccion;RPSACTJU;rpl_salta_catamarca;RPL;Salta;;Tenencia de gobierno de Catamarca;[[:conceptos:jurisdiccion|Tenencia de gobierno]] de Catamarca;False
197;RPL;JURPSACT;Subdelegacion;Catamarca;Catamarca;1784;exact;1808;hgis;;;;;False;;Sd.;Sd.;catamarca_jurisdiccion_rpl;conceptos:subdelegacion;RPSACTJU;rpl_salta_catamarca;RPL;Salta;;Subdelegacion de Catamarca;[[:conceptos:subdelegacion|Subdelegacion]] de Catamarca;False
198;RPL;JURPSAJU;Tenencia de gobierno;Jujuy;Jujuy;1701;hgis;1783;exact;;;;;False;;Jur.;Jur.;jujuy_jurisdiccion_rpl;conceptos:jurisdiccion;RPSAJUJU;rpl_salta_jujuy;RPL;Salta;;Tenencia de gobierno de Jujuy;[[:conceptos:jurisdiccion|Tenencia de gobierno]] de Jujuy;False
199;RPL;JURPSAJU;Subdelegacion;Jujuy;Jujuy;1784;exact;1808;hgis;;;;;False;;Sd.;Sd.;jujuy_jurisdiccion_rpl;conceptos:subdelegacion;RPSAJUJU;rpl_salta_jujuy;RPL;Salta;;Subdelegacion de Jujuy;[[:conceptos:subdelegacion|Subdelegacion]] de Jujuy;False
200;RPL;JURPSANO;Subdelegacion;Nueva Oran;Nueva Oran;1795;exact;1808;hgis;;;;;False;;Sd.;Sd.;nueva oran_jurisdiccion_rpl;conceptos:subdelegacion;RPSANOJU;rpl_salta_nueva oran;RPL;Salta;;Subdelegacion de Nueva Oran;[[:conceptos:subdelegacion|Subdelegacion]] de Nueva Oran;False
218;RPL;PTRPPACO;Partido;Villa Real;Villa Real;1773;exact;1783;exact;;;;;False;;Part.;Part.;villa real_partido_rpl;conceptos:partido;RPPACOPT;rpl_paraguay_villa real;RPL;Paraguay;;Partido de Villa Real;[[:conceptos:partido|Partido]] de Villa Real;False
219;RPL;PTRPPACO;Subdelegacion;Villa Real;Villa Real;1784;exact;1808;hgis;;;;;False;;Sd.;Sd.;villa real_partido_rpl;conceptos:subdelegacion;RPPACOPT;rpl_paraguay_villa real;RPL;Paraguay;;Subdelegacion de Villa Real;[[:conceptos:subdelegacion|Subdelegacion]] de Villa Real;False
220;RPL;JURPPACU;Partido;Curuguaty;Curuguaty;1716;exact;1783;exact;;;;;False;;Part.;Part.;curuguaty_partido_rpl;conceptos:partido;RPPACUJU;rpl_paraguay_curuguaty;RPL;Paraguay;;Partido de Curuguaty;[[:conceptos:partido|Partido]] de Curuguaty;False
221;RPL;JURPPACU;Subdelegacion;Curuguaty;Curuguaty;1784;exact;1808;hgis;;;;;False;;Sd.;Sd.;curuguaty_partido_rpl;conceptos:subdelegacion;RPPACUJU;rpl_paraguay_curuguaty;RPL;Paraguay;;Subdelegacion de Curuguaty;[[:conceptos:subdelegacion|Subdelegacion]] de Curuguaty;False
222;RPL;JURPPAES;Jurisdiccion;Villarrica;Villarrica;1701;hgis;1783;exact;;;;;False;;Jur.;Jur.;villarrica_partido_rpl;conceptos:jurisdiccion;RPPAESJU;rpl_paraguay_villarrica;RPL;Paraguay;;Jurisdiccion de Villarrica;[[:conceptos:jurisdiccion|Jurisdiccion]] de Villarrica;False
223;RPL;JURPPAES;Subdelegacion;Villarrica;Villarrica;1784;exact;1808;hgis;;;;;False;;Sd.;Sd.;villarrica_partido_rpl;conceptos:subdelegacion;RPPAESJU;rpl_paraguay_villarrica;RPL;Paraguay;;Subdelegacion de Villarrica;[[:conceptos:subdelegacion|Subdelegacion]] de Villarrica;False
224;RPL;JURPPAYC;Subdelegacion;Ycuamandiyu;Ycuamandiyu;1784;exact;1808;hgis;;;;;False;;Sd.;Sd.;ycuamandiyu_partido_rpl;conceptos:subdelegacion;RPPAYCJU;rpl_paraguay_ycuamandiyu;RPL;Paraguay;;Subdelegacion de Ycuamandiyu;[[:conceptos:subdelegacion|Subdelegacion]] de Ycuamandiyu;False
225;RPL;PMRPPANE;Pueblo;San Juan Nepomuceno;San Juan Nepomuceno;1797;exact;1808;hgis;;;;;False;;Pdi;Rep.;san juan nepomuceno_jurisdiccion_rpl;conceptos:jurisdiccion;RPPANEPM;rpl_paraguay_san juan nepomuceno;RPL;Paraguay;;Pueblo de San Juan Nepomuceno;[[:conceptos:jurisdiccion|Pueblo]] de San Juan Nepomuceno;False
226;RPL;PTRPPACU;Partido;Cuarepoti;Cuarepoti;1787;exact;1808;hgis;;;;;False;;Part.;Part.;cuarepoti_partido_rpl;conceptos:partido;RPPACUPT;rpl_paraguay_cuarepoti;RPL;Paraguay;;Partido de Cuarepoti;[[:conceptos:partido|Partido]] de Cuarepoti;False
229;RPL;PMRPPATO;Pueblo;Tobati;Tobati;1701;hgis;1808;hgis;;;;;False;;Pdi;Rep.;tobati_jurisdiccion_rpl;conceptos:jurisdiccion;RPPATOPM;rpl_paraguay_tobati;RPL;Paraguay;;Pueblo de Tobati;[[:conceptos:jurisdiccion|Pueblo]] de Tobati;False
230;RPL;PMRPPAEM;Pueblo;Emboscada;Emboscada;1740;ca;1808;hgis;;;;;False;;Pdi;Rep.;emboscada_jurisdiccion_rpl;conceptos:jurisdiccion;RPPAEMPM;rpl_paraguay_emboscada;RPL;Paraguay;;Pueblo de Emboscada;[[:conceptos:jurisdiccion|Pueblo]] de Emboscada;False
231;RPL;PMRPPAYU;Pueblo;Yuty;Yuty;1701;hgis;1808;hgis;;;;;False;;Pdi;Rep.;yuti_jurisdiccion_rpl;conceptos:jurisdiccion;RPPAYUPM;rpl_paraguay_yuti;RPL;Paraguay;;Pueblo de Yuty;[[:conceptos:jurisdiccion|Pueblo]] de Yuty;False
232;RPL;PMRPPACA;Pueblo;Caazapa;Caazapa;1701;hgis;1808;hgis;;;;;False;;Pdi;Rep.;caazapa_jurisdiccion_rpl;conceptos:jurisdiccion;RPPACAPM;rpl_paraguay_caazapa;RPL;Paraguay;;Pueblo de Caazapa;[[:conceptos:jurisdiccion|Pueblo]] de Caazapa;False
233;RPL;PMRPPAIE;Pueblo;Itape;Itape;1701;hgis;1808;hgis;;;;;False;;Pdi;Rep.;itape_jurisdiccion_rpl;conceptos:jurisdiccion;RPPAIEPM;rpl_paraguay_itape;RPL;Paraguay;;Pueblo de Itape;[[:conceptos:jurisdiccion|Pueblo]] de Itape;False
234;RPL;PMRPPAIA;Pueblo;Ita;Ita;1701;hgis;1808;hgis;;;;;False;;Pdi;Rep.;ita_jurisdiccion_rpl;conceptos:jurisdiccion;RPPAIAPM;rpl_paraguay_ita;RPL;Paraguay;;Pueblo de Ita;[[:conceptos:jurisdiccion|Pueblo]] de Ita;False
235;RPL;PMRPPAGU;Pueblo;Guarambare;Guarambare;1701;hgis;1808;hgis;;;;;False;;Pdi;Rep.;guarambare_jurisdiccion_rpl;conceptos:jurisdiccion;RPPAGUPM;rpl_paraguay_guarambare;RPL;Paraguay;;Pueblo de Guarambare;[[:conceptos:jurisdiccion|Pueblo]] de Guarambare;False
236;RPL;PMRPPAIP;Pueblo;Ipane;Ipane;1701;hgis;1808;hgis;;;;;False;;Pdi;Rep.;ipane_jurisdiccion_rpl;conceptos:jurisdiccion;RPPAIPPM;rpl_paraguay_ipane;RPL;Paraguay;;Pueblo de Ipane;[[:conceptos:jurisdiccion|Pueblo]] de Ipane;False
237;RPL;PMRPPALA;Pueblo;Los Altos;Los Altos;1701;hgis;1808;hgis;;;;;False;;Pdi;Rep.;los altos_jurisdiccion_rpl;conceptos:jurisdiccion;RPPALAPM;rpl_paraguay_los altos;RPL;Paraguay;;Pueblo de Los Altos;[[:conceptos:jurisdiccion|Pueblo]] de Los Altos;False
238;RPL;PMRPPAAT;Pueblo;Atira;Atira;1701;hgis;1808;hgis;;;;;False;;Pdi;Rep.;atira_jurisdiccion_rpl;conceptos:jurisdiccion;RPPAATPM;rpl_paraguay_atira;RPL;Paraguay;;Pueblo de Atira;[[:conceptos:jurisdiccion|Pueblo]] de Atira;False
239;RPL;PMRPPASE;Pueblo;San Estanislao;San Estanislao;1749;exact;1808;hgis;;;;;False;;Pdi;Rep.;san estanislao_jurisdiccion_rpl;conceptos:jurisdiccion;RPPASEPM;rpl_paraguay_san estanislao;RPL;Paraguay;;Pueblo de San Estanislao;[[:conceptos:jurisdiccion|Pueblo]] de San Estanislao;False
240;RPL;PMRPPASJ;Pueblo;San Joaquin;San Joaquin;1747;exact;1808;hgis;;;;;False;;Pdi;Rep.;san joaquin_jurisdiccion_rpl;conceptos:jurisdiccion;RPPASJPM;rpl_paraguay_san joaquin;RPL;Paraguay;;Pueblo de San Joaquin;[[:conceptos:jurisdiccion|Pueblo]] de San Joaquin;False
241;RPL;PMRPPABE;Pueblo;Belen;Belen;1760;exact;1808;hgis;;;;;False;;Pdi;Rep.;belen_jurisdiccion_rpl;conceptos:jurisdiccion;RPPABEPM;rpl_paraguay_belen;RPL;Paraguay;;Pueblo de Belen;[[:conceptos:jurisdiccion|Pueblo]] de Belen;False
242;RPL;JURPBABA;Jurisdiccion;Buenos Aires;Buenos Aires;1701;hgis;1808;not_before;;;;;False;PRRPBA00;Jur.;Jur.;buenos aires_jurisdiccion_rpl;conceptos:cabecera;RPBABAJU;rpl_buenos aires_buenos aires;RPL;Buenos Aires;;Jurisdiccion cabecera de Buenos Aires;[[:conceptos:cabecera|Jurisdiccion cabecera]] de Buenos Aires;True
249;RPL;JURPBOMV;Jurisdiccion;Montevideo;Montevideo;1726;exact;1750;exact;;;;;False;;Jur.;Jur.;montevideo_jurisdiccion_rpl;conceptos:jurisdiccion;RPBOMVJU;rpl_banda oriental_montevideo;RPL;Banda Oriental;;Jurisdiccion de Montevideo;[[:conceptos:jurisdiccion|Jurisdiccion]] de Montevideo;False
250;RPL;JURPBOMV;Gobernacion;Montevideo;Montevideo;1751;exact;1783;exact;;;;;False;;G;Gob.;montevideo_jurisdiccion_rpl;conceptos:gobernacion;RPBOMVJU;rpl_banda oriental_montevideo;RPL;Banda Oriental;;Gobernacion de Montevideo;[[:conceptos:gobernacion|Gobernacion]] de Montevideo;False
253;RPL;PMRPBOPO;Partido;Porongos;Porongos;1804;ca;1808;hgis;;;;;False;;Part.;Part.;porongo_partido_rpl;conceptos:partido;RPBOPOPM;rpl_banda oriental_porongo;RPL;Banda Oriental;;Partido de Porongos;[[:conceptos:partido|Partido]] de Porongos;False
254;RPL;PMRPBOCO;Partido;Colla;Colla;1775;exact;1776;exact;;;;;False;;Part.;Part.;colla_partido_rpl;conceptos:partido;RPBOCOPM;rpl_banda oriental_colla;RPL;Banda Oriental;;Partido de Colla;[[:conceptos:partido|Partido]] de Colla;False
255;RPL;PMRPBODO;Partido;El Espinillo;El Espinillo;1774;exact;1808;hgis;;;;;False;;Part.;Part.;dolores_partido_rpl;conceptos:partido;RPBODOPM;rpl_banda oriental_dolores;RPL;Banda Oriental;;Partido de El Espinillo;[[:conceptos:partido|Partido]] de El Espinillo;False
256;RPL;PMRPBOLV;Partido;Las Viboras;Las Viboras;1758;exact;1808;hgis;;;;;False;;Part.;Part.;las viboras_partido_rpl;conceptos:partido;RPBOLVPM;rpl_banda oriental_las viboras;RPL;Banda Oriental;;Partido de Las Viboras;[[:conceptos:partido|Partido]] de Las Viboras;False
257;RPL;PMRPERES;Partido;Esquina;Esquina;1782;exact;1808;hgis;;;;;False;;Part.;Part.;esquina_partido_rpl;conceptos:partido;RPERESPM;rpl_buenos aires_esquina;RPL;Buenos Aires;;Partido de Esquina;[[:conceptos:partido|Partido]] de Esquina;False
258;RPL;PMRPERGY;Partido;Gualeguay;Gualeguay;1777;not_after;1808;hgis;;1777;;;False;;Part.;Part.;gualeguay_partido_rpl;conceptos:partido;RPERGYPM;rpl_buenos aires_gualeguay;RPL;Buenos Aires;;Partido de Gualeguay;[[:conceptos:partido|Partido]] de Gualeguay;False
259;RPL;PMRPERGU;Partido;Gualeguaychu;Gualeguaychu;1777;not_after;1808;hgis;;1777;;;False;;Part.;Part.;gualeguaychu_partido_rpl;conceptos:partido;RPERGUPM;rpl_banda oriental_gualeguaychu;RPL;Banda Oriental;;Partido de Gualeguaychu;[[:conceptos:partido|Partido]] de Gualeguaychu;False
260;RPL;PMRPERAC;Partido;Arroyo de la China;Arroyo de la China;1777;not_after;1808;hgis;;1777;;;False;;Part.;Part.;arroyo de la china_partido_rpl;conceptos:partido;RPERACPM;rpl_banda oriental_arroyo de la china;RPL;Banda Oriental;;Partido de Arroyo de la China;[[:conceptos:partido|Partido]] de Arroyo de la China;False
261;RPL;PMRPERLB;Partido;La Bajada;La Bajada;1777;not_after;1808;hgis;;1777;;;False;;Part.;Part.;la bajada_partido_rpl;conceptos:partido;RPERLBPM;rpl_buenos aires_la bajada;RPL;Buenos Aires;;Partido de La Bajada;[[:conceptos:partido|Partido]] de La Bajada;False
262;RPL;PMRPERNO;Partido;Nogoya;Nogoya;1777;not_after;1808;hgis;;1777;;;False;;Part.;Part.;nogoya_partido_rpl;conceptos:partido;RPERNOPM;rpl_buenos aires_nogoya;RPL;Buenos Aires;;Partido de Nogoya;[[:conceptos:partido|Partido]] de Nogoya;False
263;RPL;JURPBAER;Comandancia General;Entrerrios;Partidos de Entrerrios;1782;exact;1808;hgis;;;;;False;;Com.gen.;Com.gen.;entrerrios_jurisdiccion_rpl;conceptos:comandancia_general;RPBAERJU;rpl_buenos aires_entrerrios;RPL;Buenos Aires;;Comandancia General de Entrerrios;[[:conceptos:comandancia_general|Comandancia General]] de Entrerrios;False
265;PER;JUPEARAC;Corregimiento;Arica;Arica;1583;not_after;1783;exact;;;;;False;;C;C;arica_jurisdiccion_per;conceptos:corregimiento;PEARACJU;per_arequipa_arica;PER;Arequipa;;Corregimiento de Arica;[[:conceptos:corregimiento|Corregimiento]] de Arica;False
266;PER;JUPEARAC;Subdelegacion;Arica;Arica;1784;exact;1808;hgis;;;;;False;;Sd.;Sd.;arica_jurisdiccion_per;conceptos:subdelegacion;PEARACJU;per_arequipa_arica;PER;Arequipa;;Subdelegacion de Arica;[[:conceptos:subdelegacion|Subdelegacion]] de Arica;False
268;PER;JUPEARAR;Subdelegacion;Arequipa;Cercado de Arequipa;1784;exact;1808;hgis;;;;;False;;Sd.;Sd.;arequipa_jurisdiccion_per;conceptos:subdelegacion;PEARARJU;per_arequipa_arequipa;PER;Arequipa;;Subdelegacion de Arequipa;[[:conceptos:subdelegacion|Subdelegacion]] de Arequipa;False
269;PER;JUPEARCA;Corregimiento;Camana;Camana;1583;not_after;1783;exact;;;;;False;;C;C;camana_jurisdiccion_per;conceptos:corregimiento;PEARCAJU;per_arequipa_camana;PER;Arequipa;;Corregimiento de Camana;[[:conceptos:corregimiento|Corregimiento]] de Camana;False
270;PER;JUPEARCA;Subdelegacion;Camana;Camana;1784;exact;1808;hgis;;;;;False;;Sd.;Sd.;camana_jurisdiccion_per;conceptos:subdelegacion;PEARCAJU;per_arequipa_camana;PER;Arequipa;;Subdelegacion de Camana;[[:conceptos:subdelegacion|Subdelegacion]] de Camana;False
273;PER;JUPEARCG;Corregimiento;Collaguas;Collaguas;1583;not_after;1783;exact;;;;;False;;C;C;collaguas_jurisdiccion_per;conceptos:corregimiento;PEARCGJU;per_arequipa_collaguas;PER;Arequipa;;Corregimiento de Collaguas;[[:conceptos:corregimiento|Corregimiento]] de Collaguas;False
274;PER;JUPEARCG;Subdelegacion;Collaguas;Collaguas;1784;exact;1808;hgis;;;;;False;;Sd.;Sd.;collaguas_jurisdiccion_per;conceptos:subdelegacion;PEARCGJU;per_arequipa_collaguas;PER;Arequipa;;Subdelegacion de Collaguas;[[:conceptos:subdelegacion|Subdelegacion]] de Collaguas;False
275;PER;JUPEARCS;Corregimiento;Condesuyos;Condesuyos de Arequipa;1583;not_after;1783;exact;;;;;False;;C;C;condesuyos_jurisdiccion_per;conceptos:corregimiento;PEARCSJU;per_arequipa_condesuyos;PER;Arequipa;;Corregimiento de Condesuyos;[[:conceptos:corregimiento|Corregimiento]] de Condesuyos;False
276;PER;JUPEARCS;Subdelegacion;Condesuyos;Condesuyos de Arequipa;1784;exact;1808;hgis;;;;;False;;Sd.;Sd.;condesuyos_jurisdiccion_per;conceptos:subdelegacion;PEARCSJU;per_arequipa_condesuyos;PER;Arequipa;;Subdelegacion de Condesuyos;[[:conceptos:subdelegacion|Subdelegacion]] de Condesuyos;False
279;PER;JUPEARMO;Corregimiento;Moquegua;Moquegua;1600;arbitrary;1783;exact;;;;;False;;C;C;moquegua_jurisdiccion_per;conceptos:corregimiento;PEARMOJU;per_arequipa_moquegua;PER;Arequipa;;Corregimiento de Moquegua;[[:conceptos:corregimiento|Corregimiento]] de Moquegua;False
280;PER;JUPEARMO;Subdelegacion;Moquegua;Moquegua;1784;exact;1808;hgis;;;;;False;;Sd.;Sd.;moquegua_jurisdiccion_per;conceptos:subdelegacion;PEARMOJU;per_arequipa_moquegua;PER;Arequipa;;Subdelegacion de Moquegua;[[:conceptos:subdelegacion|Subdelegacion]] de Moquegua;False
281;PER;JUPEARTA;Corregimiento;Tarapaca;Tarapaca;1768;exact;1783;exact;;;;;False;;C;C;tarapaca_jurisdiccion_per;conceptos:corregimiento;PEARTAJU;per_arequipa_tarapaca;PER;Arequipa;;Corregimiento de Tarapaca;[[:conceptos:corregimiento|Corregimiento]] de Tarapaca;False
282;PER;JUPEARTA;Subdelegacion;Tarapaca;Tarapaca;1784;exact;1808;hgis;;;;;False;;Sd.;Sd.;tarapaca_jurisdiccion_per;conceptos:subdelegacion;PEARTAJU;per_arequipa_tarapaca;PER;Arequipa;;Subdelegacion de Tarapaca;[[:conceptos:subdelegacion|Subdelegacion]] de Tarapaca;False
283;PER;JUPECUAB;Corregimiento;Abancay;Abancay;1583;not_after;1783;exact;;;;;False;;C;C;abancay_jurisdiccion_per;conceptos:corregimiento;PECUABJU;per_cuzco_abancay;PER;Cuzco;;Corregimiento de Abancay;[[:conceptos:corregimiento|Corregimiento]] de Abancay;False
284;PER;JUPECUAB;Subdelegacion;Abancay;Abancay;1784;exact;1808;hgis;;;;;False;;Sd.;Sd.;abancay_jurisdiccion_per;conceptos:subdelegacion;PECUABJU;per_cuzco_abancay;PER;Cuzco;;Subdelegacion de Abancay;[[:conceptos:subdelegacion|Subdelegacion]] de Abancay;False
285;PER;JUPECUAY;Corregimiento;Aymaraes;Aymaraes;1583;not_after;1783;exact;;;;;False;;C;C;aymaraes_jurisdiccion_per;conceptos:corregimiento;PECUAYJU;per_cuzco_aymaraes;PER;Cuzco;;Corregimiento de Aymaraes;[[:conceptos:corregimiento|Corregimiento]] de Aymaraes;False
286;PER;JUPECUAY;Subdelegacion;Aymaraes;Aymaraes;1784;exact;1808;hgis;;;;;False;;Sd.;Sd.;aymaraes_jurisdiccion_per;conceptos:subdelegacion;PECUAYJU;per_cuzco_aymaraes;PER;Cuzco;;Subdelegacion de Aymaraes;[[:conceptos:subdelegacion|Subdelegacion]] de Aymaraes;False
288;PER;JUPECUCB;Corregimiento;Cotabambas;Cotabambas;1583;not_after;1783;exact;;;;;False;;C;C;cotabambas_jurisdiccion_per;conceptos:corregimiento;PECUCBJU;per_cuzco_cotabambas;PER;Cuzco;;Corregimiento de Cotabambas;[[:conceptos:corregimiento|Corregimiento]] de Cotabambas;False
289;PER;JUPECUCB;Subdelegacion;Cotabambas;Cotabambas;1784;exact;1808;hgis;;;;;False;;Sd.;Sd.;cotabambas_jurisdiccion_per;conceptos:subdelegacion;PECUCBJU;per_cuzco_cotabambas;PER;Cuzco;;Subdelegacion de Cotabambas;[[:conceptos:subdelegacion|Subdelegacion]] de Cotabambas;False
290;PER;JUPECUCH;Corregimiento;Chumbivilcas;Condesuyo y Chumbivilcas;1583;not_after;1783;exact;;;;;False;;C;C;chumbivilcas_jurisdiccion_per;conceptos:corregimiento;PECUCHJU;per_cuzco_chumbivilcas;PER;Cuzco;;Corregimiento de Chumbivilcas;[[:conceptos:corregimiento|Corregimiento]] de Chumbivilcas;False
291;PER;JUPECUCH;Subdelegacion;Chumbivilcas;Chumbivilcas;1784;exact;1808;hgis;;;;;False;;Sd.;Sd.;chumbivilcas_jurisdiccion_per;conceptos:subdelegacion;PECUCHJU;per_cuzco_chumbivilcas;PER;Cuzco;;Subdelegacion de Chumbivilcas;[[:conceptos:subdelegacion|Subdelegacion]] de Chumbivilcas;False
292;PER;JUPECUCL;Corregimiento;Calca y Lares;Calca y Lares;1600;arbitrary;1783;exact;;;;;False;;C;C;calca y lares_jurisdiccion_per;conceptos:corregimiento;PECUCLJU;per_cuzco_calca y lares;PER;Cuzco;;Corregimiento de Calca y Lares;[[:conceptos:corregimiento|Corregimiento]] de Calca y Lares;False
293;PER;JUPECUCL;Subdelegacion;Calca y Lares;Calca y Lares;1784;exact;1808;hgis;;;;;False;;Sd.;Sd.;calca y lares_jurisdiccion_per;conceptos:subdelegacion;PECUCLJU;per_cuzco_calca y lares;PER;Cuzco;;Subdelegacion de Calca y Lares;[[:conceptos:subdelegacion|Subdelegacion]] de Calca y Lares;False
295;PER;JUPECUCU;Subdelegacion;Cuzco;Cercado de Cuzco;1784;exact;1808;hgis;;;;;False;;Sd.;Sd.;cuzco_jurisdiccion_per;conceptos:subdelegacion;PECUCUJU;per_cuzco_cuzco;PER;Cuzco;;Subdelegacion de Cuzco;[[:conceptos:subdelegacion|Subdelegacion]] de Cuzco;False
296;PER;JUPECUPA;Corregimiento;Chilques y Masques;Chilques y Masques;1583;not_after;1783;exact;;;;;False;;C;C;chilques y masques_jurisdiccion_per;conceptos:corregimiento;PECUPAJU;per_cuzco_chilques y masques;PER;Cuzco;;Corregimiento de Chilques y Masques;[[:conceptos:corregimiento|Corregimiento]] de Chilques y Masques;False
297;PER;JUPECUPA;Subdelegacion;Paruro;Chilques y Masques;1784;exact;1808;hgis;;;;;False;;Sd.;Sd.;chilques y masques_jurisdiccion_per;conceptos:subdelegacion;PECUPAJU;per_cuzco_chilques y masques;PER;Cuzco;;Subdelegacion de Paruro;[[:conceptos:subdelegacion|Subdelegacion]] de Paruro;False
298;PER;JUPECUPT;Corregimiento;Los Andes;Los Andes;1583;not_after;1716;not_after;;;;;False;;C;C;paucartambo_jurisdiccion_per;conceptos:corregimiento;PECUPTJU;per_cuzco_paucartambo;PER;Cuzco;;Corregimiento de Los Andes;[[:conceptos:corregimiento|Corregimiento]] de Los Andes;False
299;PER;JUPECUPT;Corregimiento;Paucartambo;Paucartambo;1717;not_after;1783;exact;;1717;;;False;;C;C;paucartambo_jurisdiccion_per;conceptos:corregimiento;PECUPTJU;per_cuzco_paucartambo;PER;Cuzco;;Corregimiento de Paucartambo;[[:conceptos:corregimiento|Corregimiento]] de Paucartambo;False
300;PER;JUPECUPT;Subdelegacion;Paucartambo;Paucartambo;1784;exact;1808;hgis;;;;;False;;Sd.;Sd.;paucartambo_jurisdiccion_per;conceptos:subdelegacion;PECUPTJU;per_cuzco_paucartambo;PER;Cuzco;;Subdelegacion de Paucartambo;[[:conceptos:subdelegacion|Subdelegacion]] de Paucartambo;False
302;PER;JUPECUQU;Corregimiento;Quispicanchis;Quispicanchis;1583;not_after;1783;exact;;1703;;;False;;C;C;quispicanchis_jurisdiccion_per;conceptos:corregimiento;PECUQUJU;per_cuzco_quispicanchis;PER;Cuzco;;Corregimiento de Quispicanchis;[[:conceptos:corregimiento|Corregimiento]] de Quispicanchis;False
303;PER;JUPECUQU;Subdelegacion;Quispicanchis;Quispicanchis;1784;exact;1808;hgis;;;;;False;;Sd.;Sd.;quispicanchis_jurisdiccion_per;conceptos:subdelegacion;PECUQUJU;per_cuzco_quispicanchis;PER;Cuzco;;Subdelegacion de Quispicanchis;[[:conceptos:subdelegacion|Subdelegacion]] de Quispicanchis;False
304;PER;JUPECUTI;Corregimiento;Canas y Canchis;Canas y Canchis;1583;not_after;1783;exact;;;;;False;;C;C;tinta_jurisdiccion_per;conceptos:corregimiento;PECUTIJU;per_cuzco_tinta;PER;Cuzco;;Corregimiento de Canas y Canchis;[[:conceptos:corregimiento|Corregimiento]] de Canas y Canchis;False
305;PER;JUPECUTI;Subdelegacion;Tinta;Tinta;1784;exact;1808;hgis;;;;;False;;Sd.;Sd.;tinta_jurisdiccion_per;conceptos:subdelegacion;PECUTIJU;per_cuzco_tinta;PER;Cuzco;;Subdelegacion de Tinta;[[:conceptos:subdelegacion|Subdelegacion]] de Tinta;False
307;PER;JUPECUUR;Subdelegacion;Urubamba;Urubamba;1784;exact;1808;hgis;;;;;False;;Sd.;Sd.;urubamba_jurisdiccion_per;conceptos:subdelegacion;PECUURJU;per_cuzco_urubamba;PER;Cuzco;;Subdelegacion de Urubamba;[[:conceptos:subdelegacion|Subdelegacion]] de Urubamba;False
311;PER;JUPEHUAH;Corregimiento;Andahuaylas;Andahuaylas;1583;not_after;1783;exact;;;;;False;;C;C;andahuaylas_jurisdiccion_per;conceptos:corregimiento;PEHUAHJU;per_huamanga_andahuaylas;PER;Huamanga;;Corregimiento de Andahuaylas;[[:conceptos:corregimiento|Corregimiento]] de Andahuaylas;False
312;PER;JUPEHUAH;Subdelegacion;Andahuaylas;Andahuaylas;1784;exact;1808;hgis;;;;;False;;Sd.;Sd.;andahuaylas_jurisdiccion_per;conceptos:subdelegacion;PEHUAHJU;per_huamanga_andahuaylas;PER;Huamanga;;Subdelegacion de Andahuaylas;[[:conceptos:subdelegacion|Subdelegacion]] de Andahuaylas;False
313;PER;JUPEHUAN;Subdelegacion;Anco;Anco;1784;exact;1808;hgis;;;;;False;;Sd.;Sd.;anco_jurisdiccion_per;conceptos:subdelegacion;PEHUANJU;per_huamanga_anco;PER;Huamanga;;Subdelegacion de Anco;[[:conceptos:subdelegacion|Subdelegacion]] de Anco;False
315;PER;JUPEHUCA;Corregimiento;Vilcas Huaman;Vilcas Huaman;1600;arbitrary;1783;exact;;;;;False;;C;C;cangallo_jurisdiccion_per;conceptos:corregimiento;PEHUCAJU;per_huamanga_cangallo;PER;Huamanga;;Corregimiento de Vilcas Huaman;[[:conceptos:corregimiento|Corregimiento]] de Vilcas Huaman;False
316;PER;JUPEHUCA;Subdelegacion;Cangallo;Cangallo;1784;exact;1808;hgis;;;;;False;;Sd.;Sd.;cangallo_jurisdiccion_per;conceptos:subdelegacion;PEHUCAJU;per_huamanga_cangallo;PER;Huamanga;;Subdelegacion de Cangallo;[[:conceptos:subdelegacion|Subdelegacion]] de Cangallo;False
318;PER;JUPEHUHT;Corregimiento;Huanta;Huanta;1600;arbitrary;1783;exact;;;;;False;;C;C;huanta_jurisdiccion_per;conceptos:corregimiento;PEHUHTJU;per_huamanga_huanta;PER;Huamanga;;Corregimiento de Huanta;[[:conceptos:corregimiento|Corregimiento]] de Huanta;False
319;PER;JUPEHUHT;Subdelegacion;Huanta;Huanta;1784;exact;1808;hgis;;;;;False;;Sd.;Sd.;huanta_jurisdiccion_per;conceptos:subdelegacion;PEHUHTJU;per_huamanga_huanta;PER;Huamanga;;Subdelegacion de Huanta;[[:conceptos:subdelegacion|Subdelegacion]] de Huanta;False
322;PER;JUPEHULU;Corregimiento;Lucanas;Lucanas;1583;not_after;1783;exact;;;;;False;;C;C;lucanas_jurisdiccion_per;conceptos:corregimiento;PEHULUJU;per_huamanga_lucanas;PER;Huamanga;;Corregimiento de Lucanas;[[:conceptos:corregimiento|Corregimiento]] de Lucanas;False
323;PER;JUPEHULU;Subdelegacion;Lucanas;Lucanas;1784;exact;1808;hgis;;;;;False;;Sd.;Sd.;lucanas_jurisdiccion_per;conceptos:subdelegacion;PEHULUJU;per_huamanga_lucanas;PER;Huamanga;;Subdelegacion de Lucanas;[[:conceptos:subdelegacion|Subdelegacion]] de Lucanas;False
324;PER;JUPEHUPA;Corregimiento;Parinacochas;Parinacochas;1583;not_after;1783;exact;;;;;False;;C;C;parinacochas_jurisdiccion_per;conceptos:corregimiento;PEHUPAJU;per_huamanga_parinacochas;PER;Huamanga;;Corregimiento de Parinacochas;[[:conceptos:corregimiento|Corregimiento]] de Parinacochas;False
325;PER;JUPEHUPA;Subdelegacion;Parinacochas;Parinacochas;1784;exact;1808;hgis;;;;;False;;Sd.;Sd.;parinacochas_jurisdiccion_per;conceptos:subdelegacion;PEHUPAJU;per_huamanga_parinacochas;PER;Huamanga;;Subdelegacion de Parinacochas;[[:conceptos:subdelegacion|Subdelegacion]] de Parinacochas;False
328;PER;JUPEHVAN;Subdelegacion;Angaraes;Angaraes;1784;exact;1808;hgis;;;;;False;;Sd.;Sd.;angaraes_jurisdiccion_per;conceptos:subdelegacion;PEHVANJU;per_huancavelica_angaraes;PER;Huancavelica;;Subdelegacion de Angaraes;[[:conceptos:subdelegacion|Subdelegacion]] de Angaraes;False
329;PER;JUPEHVCA;Corregimiento;Castrovirreina;Castrovirreina;1591;exact;1783;exact;;;;;False;;C;C;castrovirreina_jurisdiccion_per;conceptos:corregimiento;PEHVCAJU;per_huancavelica_castrovirreina;PER;Huancavelica;;Corregimiento de Castrovirreina;[[:conceptos:corregimiento|Corregimiento]] de Castrovirreina;False
330;PER;JUPEHVCA;Subdelegacion;Castrovirreina;Castrovirreina;1784;exact;1808;hgis;;;;;False;;Sd.;Sd.;castrovirreina_jurisdiccion_per;conceptos:subdelegacion;PEHVCAJU;per_huancavelica_castrovirreina;PER;Huancavelica;;Subdelegacion de Castrovirreina;[[:conceptos:subdelegacion|Subdelegacion]] de Castrovirreina;False
333;PER;JUPEHVHV;Subdelegacion;Huancavelica;Cercado de Huancavelica;1784;exact;1808;hgis;;;;;False;;Sd.;Sd.;huancavelica_jurisdiccion_per;conceptos:subdelegacion;PEHVHVJU;per_huancavelica_huancavelica;PER;Huancavelica;;Subdelegacion de Huancavelica;[[:conceptos:subdelegacion|Subdelegacion]] de Huancavelica;False
334;PER;JUPEHVTA;Subdelegacion;Tayacaja;Tayacaja;1784;exact;1808;hgis;;;;;False;;Sd.;Sd.;tayacaja_jurisdiccion_per;conceptos:subdelegacion;PEHVTAJU;per_huancavelica_tayacaja;PER;Huancavelica;;Subdelegacion de Tayacaja;[[:conceptos:subdelegacion|Subdelegacion]] de Tayacaja;False
335;PER;JUPELICA;Corregimiento;Cañete;Cañete;1583;not_after;1783;exact;;;;;False;;C;C;cañete_jurisdiccion_per;conceptos:corregimiento;PELICAJU;per_lima_cañete;PER;Lima;;Corregimiento de Cañete;[[:conceptos:corregimiento|Corregimiento]] de Cañete;False
336;PER;JUPELICA;Subdelegacion;Cañete;Cañete;1784;exact;1808;hgis;;;;;False;;Sd.;Sd.;cañete_jurisdiccion_per;conceptos:subdelegacion;PELICAJU;per_lima_cañete;PER;Lima;;Subdelegacion de Cañete;[[:conceptos:subdelegacion|Subdelegacion]] de Cañete;False
338;PER;JUPELICH;Corregimiento;Chancay;Chancay;1631;arbitrary;1783;exact;;;;;False;;C;C;chancay_jurisdiccion_per;conceptos:corregimiento;PELICHJU;per_lima_chancay;PER;Lima;;Corregimiento de Chancay;[[:conceptos:corregimiento|Corregimiento]] de Chancay;False
339;PER;JUPELICH;Subdelegacion;Chancay;Chancay;1784;exact;1808;hgis;;;;;False;;Sd.;Sd.;chancay_jurisdiccion_per;conceptos:subdelegacion;PELICHJU;per_lima_chancay;PER;Lima;;Subdelegacion de Chancay;[[:conceptos:subdelegacion|Subdelegacion]] de Chancay;False
340;PER;JUPELICL;Corregimiento;El Cercado;Cercado de Lima;1591;exact;1783;exact;;;;;False;;C;C;cercado de lima_jurisdiccion_per;conceptos:corregimiento;PELICLJU;per_lima_cercado de lima;PER;Lima;;Corregimiento de El Cercado;[[:conceptos:corregimiento|Corregimiento]] de El Cercado;False
341;PER;JUPELICL;Subdelegacion;El Cercado;Cercado de Lima;1784;exact;1808;hgis;;;;;False;;Sd.;Sd.;cercado de lima_jurisdiccion_per;conceptos:subdelegacion;PELICLJU;per_lima_cercado de lima;PER;Lima;;Subdelegacion de El Cercado;[[:conceptos:subdelegacion|Subdelegacion]] de El Cercado;False
342;PER;JUPELICN;Corregimiento;Canta;Canta;1583;not_after;1783;exact;;;;;False;;C;C;canta_jurisdiccion_per;conceptos:corregimiento;PELICNJU;per_lima_canta;PER;Lima;;Corregimiento de Canta;[[:conceptos:corregimiento|Corregimiento]] de Canta;False
343;PER;JUPELICN;Subdelegacion;Canta;Canta;1784;exact;1808;hgis;;;;;False;;Sd.;Sd.;canta_jurisdiccion_per;conceptos:subdelegacion;PELICNJU;per_lima_canta;PER;Lima;;Subdelegacion de Canta;[[:conceptos:subdelegacion|Subdelegacion]] de Canta;False
344;PER;JUPELICO;Gobernacion Politico-Militar;El Callao;El Callao;1746;not_after;1808;hgis;;1746;;;False;;G;Gob.;callao_jurisdiccion_per;conceptos:gobernacion;PELICOJU;per_lima_callao;PER;Lima;;Gobernacion Politico-Militar de El Callao;[[:conceptos:gobernacion|Gobernacion Politico-Militar]] de El Callao;False
345;PER;JUPELIHU;Corregimiento;Huarochiri;Huarochiri;1583;not_after;1782;exact;;;;;False;;C;C;huarochiri_jurisdiccion_per;conceptos:corregimiento;PELIHUJU;per_lima_huarochiri;PER;Lima;;Corregimiento de Huarochiri;[[:conceptos:corregimiento|Corregimiento]] de Huarochiri;False
346;PER;JUPELIHU;Gobernacion Politico-Militar;Huarochiri;Huarochiri;1783;exact;1808;hgis;;;;;False;;G;Gob.;huarochiri_jurisdiccion_per;conceptos:gobernacion;PELIHUJU;per_lima_huarochiri;PER;Lima;;Gobernacion Politico-Militar de Huarochiri;[[:conceptos:gobernacion|Gobernacion Politico-Militar]] de Huarochiri;False
347;PER;JUPELIIC;Corregimiento;Ica;Ica;1583;not_after;1783;exact;;;;;False;;C;C;ica_jurisdiccion_per;conceptos:corregimiento;PELIICJU;per_lima_ica;PER;Lima;;Corregimiento de Ica;[[:conceptos:corregimiento|Corregimiento]] de Ica;False
348;PER;JUPELIIC;Subdelegacion;Ica;Ica;1784;exact;1808;hgis;;;;;False;;Sd.;Sd.;ica_jurisdiccion_per;conceptos:subdelegacion;PELIICJU;per_lima_ica;PER;Lima;;Subdelegacion de Ica;[[:conceptos:subdelegacion|Subdelegacion]] de Ica;False
350;PER;JUPELISA;Corregimiento;Santa;Santa;1583;not_after;1783;exact;;;;;False;;C;C;santa_jurisdiccion_per;conceptos:corregimiento;PELISAJU;per_lima_santa;PER;Lima;;Corregimiento de Santa;[[:conceptos:corregimiento|Corregimiento]] de Santa;False
351;PER;JUPELISA;Subdelegacion;Santa;Santa;1784;exact;1808;hgis;;;;;False;;Sd.;Sd.;santa_jurisdiccion_per;conceptos:subdelegacion;PELISAJU;per_lima_santa;PER;Lima;;Subdelegacion de Santa;[[:conceptos:subdelegacion|Subdelegacion]] de Santa;False
352;PER;JUPELIYA;Corregimiento;Yauyos;Yauyos;1583;not_after;1783;exact;;;;;False;;C;C;yauyos_jurisdiccion_per;conceptos:corregimiento;PELIYAJU;per_lima_yauyos;PER;Lima;;Corregimiento de Yauyos;[[:conceptos:corregimiento|Corregimiento]] de Yauyos;False
353;PER;JUPELIYA;Subdelegacion;Yauyos;Yauyos;1784;exact;1808;hgis;;;;;False;;Sd.;Sd.;yauyos_jurisdiccion_per;conceptos:subdelegacion;PELIYAJU;per_lima_yauyos;PER;Lima;;Subdelegacion de Yauyos;[[:conceptos:subdelegacion|Subdelegacion]] de Yauyos;False
354;PER;JUPETACA;Corregimiento;Cajatambo;Cajatambo;1583;not_after;1783;exact;;;;;False;;C;C;cajatambo_jurisdiccion_per;conceptos:corregimiento;PETACAJU;per_tarma_cajatambo;PER;Tarma;;Corregimiento de Cajatambo;[[:conceptos:corregimiento|Corregimiento]] de Cajatambo;False
355;PER;JUPETACA;Subdelegacion;Cajatambo;Cajatambo;1784;exact;1808;hgis;;;;;False;;Sd.;Sd.;cajatambo_jurisdiccion_per;conceptos:subdelegacion;PETACAJU;per_tarma_cajatambo;PER;Tarma;;Subdelegacion de Cajatambo;[[:conceptos:subdelegacion|Subdelegacion]] de Cajatambo;False
356;PER;JUPETACO;Corregimiento;Conchucos;Conchucos;1583;not_after;1783;exact;;;;;False;;C;C;conchucos_jurisdiccion_per;conceptos:corregimiento;PETACOJU;per_tarma_conchucos;PER;Tarma;;Corregimiento de Conchucos;[[:conceptos:corregimiento|Corregimiento]] de Conchucos;False
357;PER;JUPETACO;Subdelegacion;Conchucos;Conchucos;1784;exact;1808;hgis;;;;;False;;Sd.;Sd.;conchucos_jurisdiccion_per;conceptos:subdelegacion;PETACOJU;per_tarma_conchucos;PER;Tarma;;Subdelegacion de Conchucos;[[:conceptos:subdelegacion|Subdelegacion]] de Conchucos;False
358;PER;JUPETAHM;Corregimiento;Huamalies;Huamalies;1583;not_after;1783;exact;;;;;False;;C;C;huamalies_jurisdiccion_per;conceptos:corregimiento;PETAHMJU;per_tarma_huamalies;PER;Tarma;;Corregimiento de Huamalies;[[:conceptos:corregimiento|Corregimiento]] de Huamalies;False
359;PER;JUPETAHM;Subdelegacion;Huamalies;Huamalies;1784;exact;1808;hgis;;;;;False;;Sd.;Sd.;huamalies_jurisdiccion_per;conceptos:subdelegacion;PETAHMJU;per_tarma_huamalies;PER;Tarma;;Subdelegacion de Huamalies;[[:conceptos:subdelegacion|Subdelegacion]] de Huamalies;False
360;PER;JUPETAHN;Corregimiento;Huanuco;Huanuco;1583;not_after;1783;exact;;;;;False;;C;C;huanuco_jurisdiccion_per;conceptos:corregimiento;PETAHNJU;per_tarma_huanuco;PER;Tarma;;Corregimiento de Huanuco;[[:conceptos:corregimiento|Corregimiento]] de Huanuco;False
361;PER;JUPETAHN;Subdelegacion;Huanuco;Huanuco;1784;exact;1808;hgis;;;;;False;;Sd.;Sd.;huanuco_jurisdiccion_per;conceptos:subdelegacion;PETAHNJU;per_tarma_huanuco;PER;Tarma;;Subdelegacion de Huanuco;[[:conceptos:subdelegacion|Subdelegacion]] de Huanuco;False
362;PER;JUPETAHY;Corregimiento;Huaylas;Huaylas;1583;not_after;1783;exact;;;;;False;;C;C;huaylas_jurisdiccion_per;conceptos:corregimiento;PETAHYJU;per_tarma_huaylas;PER;Tarma;;Corregimiento de Huaylas;[[:conceptos:corregimiento|Corregimiento]] de Huaylas;False
363;PER;JUPETAHY;Subdelegacion;Huaylas;Huaylas;1784;exact;1808;hgis;;;;;False;;Sd.;Sd.;huaylas_jurisdiccion_per;conceptos:subdelegacion;PETAHYJU;per_tarma_huaylas;PER;Tarma;;Subdelegacion de Huaylas;[[:conceptos:subdelegacion|Subdelegacion]] de Huaylas;False
364;PER;JUPETAJA;Corregimiento;Jauja;Jauja;1583;not_after;1783;exact;;;;;False;;C;C;jauja_jurisdiccion_per;conceptos:corregimiento;PETAJAJU;per_tarma_jauja;PER;Tarma;;Corregimiento de Jauja;[[:conceptos:corregimiento|Corregimiento]] de Jauja;False
365;PER;JUPETAJA;Subdelegacion;Jauja;Jauja;1784;exact;1808;hgis;;;;;False;;Sd.;Sd.;jauja_jurisdiccion_per;conceptos:subdelegacion;PETAJAJU;per_tarma_jauja;PER;Tarma;;Subdelegacion de Jauja;[[:conceptos:subdelegacion|Subdelegacion]] de Jauja;False
366;PER;JUPETAPA;Subdelegacion;Panatahuas;Panatahuas;1793;exact;1808;hgis;;;;;False;;Sd.;Sd.;panatahuas_jurisdiccion_per;conceptos:subdelegacion;PETAPAJU;per_tarma_panatahuas;PER;Tarma;;Subdelegacion de Panatahuas;[[:conceptos:subdelegacion|Subdelegacion]] de Panatahuas;False
367;PER;JUPETATA;Corregimiento;Tarma;Tarma;1631;arbitrary;1783;exact;;;;;False;;C;C;tarma_jurisdiccion_per;conceptos:corregimiento;PETATAJU;per_tarma_tarma;PER;Tarma;;Corregimiento de Tarma;[[:conceptos:corregimiento|Corregimiento]] de Tarma;False
368;PER;JUPETATA;Subdelegacion;Tarma;Cercado de Tarma;1784;exact;1808;hgis;;;;;False;;Sd.;Sd.;tarma_jurisdiccion_per;conceptos:subdelegacion;PETATAJU;per_tarma_tarma;PER;Tarma;;Subdelegacion de Tarma;[[:conceptos:subdelegacion|Subdelegacion]] de Tarma;False
369;PER;JUPETRCA;Corregimiento;Cajamarca;Cajamarca;1565;not_after;1783;exact;;;;;False;;C;C;cajamarca_jurisdiccion_per;conceptos:corregimiento;PETRCAJU;per_trujillo_cajamarca;PER;Trujillo;;Corregimiento de Cajamarca;[[:conceptos:corregimiento|Corregimiento]] de Cajamarca;False
370;PER;JUPETRCA;Subdelegacion;Cajamarca;Cajamarca;1784;exact;1808;hgis;;;;;False;;Sd.;Sd.;cajamarca_jurisdiccion_per;conceptos:subdelegacion;PETRCAJU;per_trujillo_cajamarca;PER;Trujillo;;Subdelegacion de Cajamarca;[[:conceptos:subdelegacion|Subdelegacion]] de Cajamarca;False
373;PER;JUPETRCH;Corregimiento;Chachapoyas;Chachapoyas;1565;not_after;1783;exact;;;;;False;;C;C;chachapoyas_jurisdiccion_per;conceptos:corregimiento;PETRCHJU;per_trujillo_chachapoyas;PER;Trujillo;;Corregimiento de Chachapoyas;[[:conceptos:corregimiento|Corregimiento]] de Chachapoyas;False
374;PER;JUPETRCH;Subdelegacion;Chachapoyas;Chachapoyas;1784;exact;1808;hgis;;;;;False;;Sd.;Sd.;chachapoyas_jurisdiccion_per;conceptos:subdelegacion;PETRCHJU;per_trujillo_chachapoyas;PER;Trujillo;;Subdelegacion de Chachapoyas;[[:conceptos:subdelegacion|Subdelegacion]] de Chachapoyas;False
375;PER;JUPETRHB;Subdelegacion;Huambos;Huambos;1787;exact;1808;hgis;;;;;False;;Sd.;Sd.;huambos_jurisdiccion_per;conceptos:subdelegacion;PETRHBJU;per_trujillo_huambos;PER;Trujillo;;Subdelegacion de Huambos;[[:conceptos:subdelegacion|Subdelegacion]] de Huambos;False
376;PER;JUPETRHM;Corregimiento;Huamachuco;Huamachuco;1759;exact;1783;exact;;;;;False;;C;C;huamachuco_jurisdiccion_per;conceptos:corregimiento;PETRHMJU;per_trujillo_huamachuco;PER;Trujillo;;Corregimiento de Huamachuco;[[:conceptos:corregimiento|Corregimiento]] de Huamachuco;False
377;PER;JUPETRHM;Subdelegacion;Huamachuco;Huamachuco;1784;exact;1808;hgis;;;;;False;;Sd.;Sd.;huamachuco_jurisdiccion_per;conceptos:subdelegacion;PETRHMJU;per_trujillo_huamachuco;PER;Trujillo;;Subdelegacion de Huamachuco;[[:conceptos:subdelegacion|Subdelegacion]] de Huamachuco;False
379;PER;JUPETRLU;Corregimiento;Luya y Chillaos;Luya y Chillaos;1583;not_after;1772;exact;;;;;False;;C;C;luya y chillaos_jurisdiccion_per;conceptos:corregimiento;PETRLUJU;per_trujillo_luya y chillaos;PER;Trujillo;;Corregimiento de Luya y Chillaos;[[:conceptos:corregimiento|Corregimiento]] de Luya y Chillaos;False
381;PER;JUPETRPA;Corregimiento;Cajamarquilla;Cajamarquilla y Condormarca;1583;not_after;1783;exact;;;;;False;;C;C;pataz_jurisdiccion_per;conceptos:corregimiento;PETRPAJU;per_trujillo_pataz;PER;Trujillo;;Corregimiento de Cajamarquilla;[[:conceptos:corregimiento|Corregimiento]] de Cajamarquilla;False
382;PER;JUPETRPA;Subdelegacion;Pataz;Pataz;1784;exact;1808;hgis;;;;;False;;Sd.;Sd.;pataz_jurisdiccion_per;conceptos:subdelegacion;PETRPAJU;per_trujillo_pataz;PER;Trujillo;;Subdelegacion de Pataz;[[:conceptos:subdelegacion|Subdelegacion]] de Pataz;False
383;PER;JUPETRPI;Corregimiento;Piura;Piura y Paita;1565;not_after;1783;exact;;;;;False;;C;C;piura_jurisdiccion_per;conceptos:corregimiento;PETRPIJU;per_trujillo_piura;PER;Trujillo;;Corregimiento de Piura;[[:conceptos:corregimiento|Corregimiento]] de Piura;False
384;PER;JUPETRPI;Subdelegacion;Piura;Piura;1784;exact;1808;hgis;;;;;False;;Sd.;Sd.;piura_jurisdiccion_per;conceptos:subdelegacion;PETRPIJU;per_trujillo_piura;PER;Trujillo;;Subdelegacion de Piura;[[:conceptos:subdelegacion|Subdelegacion]] de Piura;False
385;PER;JUPETRSA;Corregimiento;Saña;Saña;1565;not_after;1783;exact;;;;;False;;C;C;saña_jurisdiccion_per;conceptos:corregimiento;PETRSAJU;per_trujillo_saña;PER;Trujillo;;Corregimiento de Saña;[[:conceptos:corregimiento|Corregimiento]] de Saña;False
386;PER;JUPETRSA;Subdelegacion;Saña;Saña;1784;exact;1808;hgis;;;;;False;;Sd.;Sd.;saña_jurisdiccion_per;conceptos:subdelegacion;PETRSAJU;per_trujillo_saña;PER;Trujillo;;Subdelegacion de Saña;[[:conceptos:subdelegacion|Subdelegacion]] de Saña;False
388;PER;JUPETRTR;Subdelegacion;Trujillo;Cercado de Trujillo;1784;exact;1808;hgis;;;;;False;;Sd.;Sd.;trujillo_jurisdiccion_per;conceptos:subdelegacion;PETRTRJU;per_trujillo_trujillo;PER;Trujillo;;Subdelegacion de Trujillo;[[:conceptos:subdelegacion|Subdelegacion]] de Trujillo;False
395;QUI;PRQUGQ00;Gobernacion;Guayaquil;Guayaquil;1763;exact;1808;hgis;;;;;False;;G;Gob.;guayaquil_provincia_qui;conceptos:gobernacion;QUGQ00PR;qui_provincia_guayaquil;QUI;Provincia;;Gobernacion de Guayaquil;[[:conceptos:gobernacion|Gobernacion]] de Guayaquil;False
396;QUI;JUQUGQBB;Tenencia de gobierno;Baba;Baba;1763;exact;1808;hgis;;;;;False;;Ten.;Part.;baba_jurisdiccion_qui;conceptos:partido;QUGQBBJU;qui_guayaquil_baba;QUI;Guayaquil;;Tenencia de gobierno de Baba;[[:conceptos:partido|Tenencia de gobierno]] de Baba;False
397;QUI;JUQUGQBH;Tenencia de gobierno;Babahoyo;Babahoyo;1763;exact;1808;hgis;;;;;False;;Ten.;Part.;babahoyo_jurisdiccion_qui;conceptos:partido;QUGQBHJU;qui_guayaquil_babahoyo;QUI;Guayaquil;;Tenencia de gobierno de Babahoyo;[[:conceptos:partido|Tenencia de gobierno]] de Babahoyo;False
398;QUI;JUQUGQBZ;Tenencia de gobierno;Balzar;Balzar;1763;exact;1808;hgis;;;;;False;;Ten.;Part.;balzar_jurisdiccion_qui;conceptos:partido;QUGQBZJU;qui_guayaquil_balzar;QUI;Guayaquil;;Tenencia de gobierno de Balzar;[[:conceptos:partido|Tenencia de gobierno]] de Balzar;False
401;QUI;JUQUGQCA;Tenencia de gobierno;La Canoa;La Canoa;1768;exact;1808;hgis;;;;;False;;Ten.;Jur.;la canoa_jurisdiccion_qui;conceptos:partido;QUGQCAJU;qui_guayaquil_la canoa;QUI;Guayaquil;;Tenencia de gobierno de La Canoa;[[:conceptos:partido|Tenencia de gobierno]] de La Canoa;False
402;QUI;JUQUGQDA;Tenencia de gobierno;Daule;Daule;1763;exact;1808;hgis;;;;;False;;Ten.;Part.;daule_jurisdiccion_qui;conceptos:partido;QUGQDAJU;qui_guayaquil_daule;QUI;Guayaquil;;Tenencia de gobierno de Daule;[[:conceptos:partido|Tenencia de gobierno]] de Daule;False
403;QUI;JUQUGQMA;Tenencia de gobierno;Machala;Machala;1783;exact;1808;hgis;;;;;False;;Ten.;Part.;machala_jurisdiccion_qui;conceptos:partido;QUGQMAJU;qui_guayaquil_machala;QUI;Guayaquil;;Tenencia de gobierno de Machala;[[:conceptos:partido|Tenencia de gobierno]] de Machala;False
404;QUI;JUQUGQNA;Tenencia de gobierno;Naranjal;Naranjal;1763;exact;1808;hgis;;;;;False;;Ten.;Part.;naranjal_jurisdiccion_qui;conceptos:partido;QUGQNAJU;qui_guayaquil_naranjal;QUI;Guayaquil;;Tenencia de gobierno de Naranjal;[[:conceptos:partido|Tenencia de gobierno]] de Naranjal;False
405;QUI;JUQUGQPA;Tenencia de gobierno;Palenque;Palenque;1763;exact;1808;hgis;;;;;False;;Ten.;Part.;palenque_jurisdiccion_qui;conceptos:partido;QUGQPAJU;qui_guayaquil_palenque;QUI;Guayaquil;;Tenencia de gobierno de Palenque;[[:conceptos:partido|Tenencia de gobierno]] de Palenque;False
407;QUI;JUQUGQPV;Tenencia de corregimiento;Puerto Viejo;Puerto Viejo;1552;exact;1762;exact;;;;;False;;Ten.;Jur.;puerto viejo_jurisdiccion_qui;conceptos:jurisdiccion;QUGQPVJU;qui_guayaquil_puerto viejo;QUI;Guayaquil;;Tenencia de corregimiento de Puerto Viejo;[[:conceptos:jurisdiccion|Tenencia de corregimiento]] de Puerto Viejo;False
410;QUI;JUQUGQSB;Tenencia de gobierno;Samborondon;Samborondon;1789;not_after;1808;hgis;;1789;;;False;;Ten.;Part.;samborondon_jurisdiccion_qui;conceptos:partido;QUGQSBJU;qui_guayaquil_samborondon;QUI;Guayaquil;;Tenencia de gobierno de Samborondon;[[:conceptos:partido|Tenencia de gobierno]] de Samborondon;False
411;QUI;JUQUGQYA;Tenencia de gobierno;Yaguachi;Yaguachi;1763;exact;1808;hgis;;;;;False;;Ten.;Part.;yaguachi_jurisdiccion_qui;conceptos:partido;QUGQYAJU;qui_guayaquil_yaguachi;QUI;Guayaquil;;Tenencia de gobierno de Yaguachi;[[:conceptos:partido|Tenencia de gobierno]] de Yaguachi;False
412;QUI;MIQUMANA;Misiones;Bajo Napo;Bajo Napo;1701;hgis;1808;hgis;;;;;False;;Mis.;Mis.;napo_misiones_qui;conceptos:misiones;QUMANAMI;qui_maynas_napo;QUI;Maynas;;Misiones de Bajo Napo;[[:conceptos:misiones|Misiones]] de Bajo Napo;False
415;QUI;MIQUMABO;Misiones;Marañon Alto;Marañon Alto;1701;hgis;1808;hgis;;;;;False;;Mis.;Mis.;misiones altas_misiones_qui;conceptos:misiones;QUMABOMI;qui_maynas_misiones altas;QUI;Maynas;;Misiones de Marañon Alto;[[:conceptos:misiones|Misiones]] de Marañon Alto;False
418;QUI;MIQUMAOM;Misiones;Marañon Bajo;Marañon Bajo;1701;hgis;1808;hgis;;;;;False;;Part.;Part.;misiones bajas_misiones_qui;conceptos:misiones;QUMAOMMI;qui_maynas_misiones bajas;QUI;Maynas;;Misiones de Marañon Bajo;[[:conceptos:misiones|Misiones]] de Marañon Bajo;False
421;QUI;PRQUMA00;Gobernacion-Capitania General;San Francisco Borja;San Francisco Borja;1619;exact;1743;exact;;;;;False;;G;CG;maynas_provincia_qui;conceptos:gobernacion;QUMA00PR;qui_provincia_maynas;QUI;Provincia;;Gobernacion-Capitania General de San Francisco Borja;[[:conceptos:gobernacion|Gobernacion-Capitania General]] de San Francisco Borja;False
422;QUI;PRQUMA00;Gobernacion;Maynas;Maynas;1758;exact;1802;exact;;;;;False;;G;Gob.;maynas_provincia_qui;conceptos:gobernacion;QUMA00PR;qui_provincia_maynas;QUI;Provincia;;Gobernacion de Maynas;[[:conceptos:gobernacion|Gobernacion]] de Maynas;False
423;QUI;PRQUMA00;Gobernacion;Maynas;Maynas;1803;exact;1808;hgis;;;;;False;;G;G;maynas_provincia_qui;conceptos:gobernacion;QUMA00PR;qui_provincia_maynas;QUI;Provincia;;Gobernacion cabecera de Maynas;[[:conceptos:gobernacion|Gobernacion cabecera]] de Maynas;False
426;QUI;JUQUMCMC;Gobernacion;Macas;Macas;1775;not_after;1808;hgis;;1775;;;False;;G;Gob.;macas_jurisdiccion_qui;conceptos:gobernacion;QUMCMCJU;qui_quijos_macas;QUI;Quijos;;Gobernacion de Macas;[[:conceptos:gobernacion|Gobernacion]] de Macas;False
427;QUI;PTQUQJCA;Partido;Canelos;Canelos;1701;hgis;1808;hgis;;;;;False;;Part.;Part.;canelos_partido_qui;conceptos:partido;QUQJCAPT;qui_quijos_canelos;QUI;Quijos;;Partido de Canelos;[[:conceptos:partido|Partido]] de Canelos;False
428;QUI;FRQUMCHU;Fronteras;Huamboyas;Pais de la Canela;1111;start;1808;hgis;;;;;False;;Fr.;Fr.;huamboyas_fronteras_qui;conceptos:fronteras;QUMCHUFR;qui_fronteras_huamboyas;QUI;Fronteras;velasco;Fronteras de Huamboyas;[[:conceptos:fronteras|Fronteras]] de Huamboyas;False
429;QUI;PTQUYAZA;Partido;Zamora;Zamora;1600;arbitrary;1808;hgis;;;;;False;;Part.;Part.;zamora_partido_qui;conceptos:partido;QUYAZAPT;qui_quito_zamora;QUI;Quito;;Partido de Zamora;[[:conceptos:partido|Partido]] de Zamora;False
431;QUI;PRQUQJ00;Gobernacion;Quijos y Macas;Quijos y Macas;1709;exact;1774;not_after;;;;;False;;G;Gob.;quijos_provincia_qui;conceptos:gobernacion;QUQJ00PR;qui_provincia_quijos;QUI;Provincia;;Gobernacion de Quijos y Macas;[[:conceptos:gobernacion|Gobernacion]] de Quijos y Macas;False
433;PER;PTPETRMO;Jurisdiccion;Moyobamba;Moyobamba;1701;hgis;1802;hgis;;;;;False;;Part.;Part.;moyobamba_partido_per;conceptos:jurisdiccion;PETRMOPT;per_trujillo_moyobamba;PER;Trujillo;;Jurisdiccion de Moyobamba;[[:conceptos:jurisdiccion|Jurisdiccion]] de Moyobamba;False
437;QUI;PTQUPOMO;Provincia;Mocoa;Mocoa;1691;not_before;1805;not_after;;;;;True;JUQUPOPA;Prov.;Prov.;mocoa_partido_qui;conceptos:agregado;QUPOMOPT;qui_mocoa_mocoa;QUI;Mocoa;;Provincia de Mocoa;[[:conceptos:agregado|Provincia]] de Mocoa;False
439;QUI;PRQUJA00;Gobernacion;Jaen;Jaen de Bracamoros;1582;not_before;1808;hgis;1582;1598;;;False;;G;Gob.;jaen_provincia_qui;conceptos:gobernacion;QUJA00PR;qui_provincia_jaen;QUI;Provincia;;Gobernacion de Jaen;[[:conceptos:gobernacion|Gobernacion]] de Jaen;False
442;QUI;PRQUYA00;Gobernacion;Yaguarzongo;Yaguarzongo;1618;exact;1808;hgis;;;;;True;JUQULOLO;G;Prov.;yaguarzongo_provincia_qui;conceptos:agregado;QUYA00PR;qui_provincia_yaguarzongo;QUI;Provincia;;Gobernacion agregada de Yaguarzongo;[[:conceptos:agregado|Gobernacion agregada]] de Yaguarzongo;False
445;QUI;PRQUCU00;Gobernacion;Cuenca;Cuenca;1771;exact;1776;exact;;;;;False;;G;Gob.;cuenca_provincia_qui;conceptos:gobernacion;QUCU00PR;qui_provincia_cuenca;QUI;Provincia;;Gobernacion de Cuenca;[[:conceptos:gobernacion|Gobernacion]] de Cuenca;False
447;CHL;JUCHCOOS;Gobernacion;Osorno;Osorno;1796;exact;1808;hgis;;;;;False;;G;Gob.;osorno_jurisdiccion_chl;conceptos:gobernacion;CHCOOSJU;chl_concepcion_osorno;CHL;Concepcion;;Gobernacion de Osorno;[[:conceptos:gobernacion|Gobernacion]] de Osorno;False
450;CHL;JUCHCOCH;Corregimiento;Chillan;Chillan;1593;not_after;1785;exact;;;;;False;;C;C;chillan_jurisdiccion_chl;conceptos:corregimiento;CHCOCHJU;chl_concepcion_chillan;CHL;Concepcion;;Corregimiento de Chillan;[[:conceptos:corregimiento|Corregimiento]] de Chillan;False
451;CHL;JUCHCOCH;Subdelegacion;Chillan;Chillan;1786;exact;1808;hgis;;;;;False;;Sd.;Sd.;chillan_jurisdiccion_chl;conceptos:subdelegacion;CHCOCHJU;chl_concepcion_chillan;CHL;Concepcion;;Subdelegacion de Chillan;[[:conceptos:subdelegacion|Subdelegacion]] de Chillan;False
455;CHL;JUCHCOCQ;Corregimiento;Cauquenes;Cauquenes;1768;exact;1785;exact;;;;;False;;C;C;cauquenes_jurisdiccion_chl;conceptos:corregimiento;CHCOCQJU;chl_concepcion_cauquenes;CHL;Concepcion;;Corregimiento de Cauquenes;[[:conceptos:corregimiento|Corregimiento]] de Cauquenes;False
456;CHL;JUCHCOCQ;Subdelegacion;Cauquenes;Cauquenes;1786;exact;1808;hgis;;;;;False;;Sd.;Sd.;cauquenes_jurisdiccion_chl;conceptos:subdelegacion;CHCOCQJU;chl_concepcion_cauquenes;CHL;Concepcion;;Subdelegacion de Cauquenes;[[:conceptos:subdelegacion|Subdelegacion]] de Cauquenes;False
457;CHL;JUCHCOIL;Subdelegacion;Isla de Laja;Isla de Laja;1793;exact;1808;hgis;;;;;False;;Sd.;Sd.;isla de la laja_jurisdiccion_chl;conceptos:subdelegacion;CHCOILJU;chl_concepcion_isla de la laja;CHL;Concepcion;;Subdelegacion de Isla de Laja;[[:conceptos:subdelegacion|Subdelegacion]] de Isla de Laja;False
460;CHL;JUCHCOIT;Corregimiento;Itata;Itata;1593;exact;1785;exact;;;;;False;;C;C;itata_jurisdiccion_chl;conceptos:corregimiento;CHCOITJU;chl_concepcion_itata;CHL;Concepcion;;Corregimiento de Itata;[[:conceptos:corregimiento|Corregimiento]] de Itata;False
461;CHL;JUCHCOIT;Subdelegacion;Itata;Itata;1786;exact;1808;hgis;;;;;False;;Sd.;Sd.;itata_jurisdiccion_chl;conceptos:subdelegacion;CHCOITJU;chl_concepcion_itata;CHL;Concepcion;;Subdelegacion de Itata;[[:conceptos:subdelegacion|Subdelegacion]] de Itata;False
462;CHL;JUCHCOJF;Gobernacion Politico-Militar;Juan Fernandez;Juan Fernandez;1750;exact;1808;hgis;;;;;False;;G;Gob.;juan fernandez_jurisdiccion_chl;conceptos:gobernacion;CHCOJFJU;chl_concepcion_juan fernandez;CHL;Concepcion;;Gobernacion Politico-Militar de Juan Fernandez;[[:conceptos:gobernacion|Gobernacion Politico-Militar]] de Juan Fernandez;False
463;CHL;JUCHCOLI;Subdelegacion;Linares;Linares;1796;exact;1808;hgis;;;;;False;;Sd.;Sd.;linares_jurisdiccion_chl;conceptos:subdelegacion;CHCOLIJU;chl_concepcion_linares;CHL;Concepcion;;Subdelegacion de Linares;[[:conceptos:subdelegacion|Subdelegacion]] de Linares;False
465;CHL;JUCHCOPU;Corregimiento;Puchacay;Puchacay;1593;not_before;1785;exact;;;;;False;;C;C;puchacay_jurisdiccion_chl;conceptos:corregimiento;CHCOPUJU;chl_concepcion_puchacay;CHL;Concepcion;;Corregimiento de Puchacay;[[:conceptos:corregimiento|Corregimiento]] de Puchacay;False
466;CHL;JUCHCOPU;Subdelegacion;Puchacay;Puchacay;1786;exact;1808;hgis;;;;;False;;Sd.;Sd.;puchacay_jurisdiccion_chl;conceptos:subdelegacion;CHCOPUJU;chl_concepcion_puchacay;CHL;Concepcion;;Subdelegacion de Puchacay;[[:conceptos:subdelegacion|Subdelegacion]] de Puchacay;False
467;CHL;JUCHCORE;Corregimiento;Estancia del Rey;Estancia del Rey;1655;not_after;1764;ca;1620;1655;;;False;;C;C;rere_jurisdiccion_chl;conceptos:corregimiento;CHCOREJU;chl_concepcion_rere;CHL;Concepcion;;Corregimiento de Estancia del Rey;[[:conceptos:corregimiento|Corregimiento]] de Estancia del Rey;False
468;CHL;JUCHCORE;Corregimiento;Rere;Rere;1765;ca;1785;exact;;;;;False;;C;C;rere_jurisdiccion_chl;conceptos:corregimiento;CHCOREJU;chl_concepcion_rere;CHL;Concepcion;;Corregimiento de Rere;[[:conceptos:corregimiento|Corregimiento]] de Rere;False
469;CHL;JUCHCORE;Subdelegacion;Rere;Rere;1786;exact;1808;hgis;;;;;False;;Sd.;Sd.;rere_jurisdiccion_chl;conceptos:subdelegacion;CHCOREJU;chl_concepcion_rere;CHL;Concepcion;;Subdelegacion de Rere;[[:conceptos:subdelegacion|Subdelegacion]] de Rere;False
473;CHL;JUCHCYCY;Corregimiento;Cuyo;Cuyo;1568;exact;1783;exact;;;;;False;;C;C;cuyo_jurisdiccion_chl;conceptos:corregimiento;CHCYCYJU;chl_santiago_cuyo;CHL;Santiago;;Corregimiento de Cuyo;[[:conceptos:corregimiento|Corregimiento]] de Cuyo;False
475;CHL;JUCHSAAC;Corregimiento;Aconcagua;Aconcagua;1593;exact;1785;exact;;;;;False;;C;C;aconcagua_jurisdiccion_chl;conceptos:corregimiento;CHSAACJU;chl_santiago_aconcagua;CHL;Santiago;;Corregimiento de Aconcagua;[[:conceptos:corregimiento|Corregimiento]] de Aconcagua;False
476;CHL;JUCHSAAC;Subdelegacion;Aconcagua;Aconcagua;1786;exact;1808;hgis;;;;;False;;Sd.;Sd.;aconcagua_jurisdiccion_chl;conceptos:subdelegacion;CHSAACJU;chl_santiago_aconcagua;CHL;Santiago;;Subdelegacion de Aconcagua;[[:conceptos:subdelegacion|Subdelegacion]] de Aconcagua;False
477;CHL;JUCHSACC;Subdelegacion;Illapel;Illapel;1787;exact;1808;hgis;;;;;False;;Sd.;Sd.;illapel_jurisdiccion_chl;conceptos:subdelegacion;CHSACCJU;chl_santiago_illapel;CHL;Santiago;;Subdelegacion de Illapel;[[:conceptos:subdelegacion|Subdelegacion]] de Illapel;False
479;CHL;JUCHSACO;Corregimiento;Colchagua;Colchagua;1593;exact;1785;exact;;;;;False;;C;C;colchagua_jurisdiccion_chl;conceptos:corregimiento;CHSACOJU;chl_santiago_colchagua;CHL;Santiago;;Corregimiento de Colchagua;[[:conceptos:corregimiento|Corregimiento]] de Colchagua;False
480;CHL;JUCHSACO;Subdelegacion;Colchagua;Colchagua;1786;exact;1808;hgis;;;;;False;;Sd.;Sd.;colchagua_jurisdiccion_chl;conceptos:subdelegacion;CHSACOJU;chl_santiago_colchagua;CHL;Santiago;;Subdelegacion de Colchagua;[[:conceptos:subdelegacion|Subdelegacion]] de Colchagua;False
481;CHL;JUCHSAPE;Subdelegacion;La Ligua;La Ligua;1800;exact;1808;hgis;;;;;False;;Sd.;Sd.;petorca_jurisdiccion_chl;conceptos:subdelegacion;CHSAPEJU;chl_santiago_petorca;CHL;Santiago;;Subdelegacion de La Ligua;[[:conceptos:subdelegacion|Subdelegacion]] de La Ligua;False
482;CHL;JUCHSACP;Corregimiento;Copiapo;Copiapo;1593;not_before;1785;exact;;;;;False;;C;C;copiapo_jurisdiccion_chl;conceptos:corregimiento;CHSACPJU;chl_santiago_copiapo;CHL;Santiago;;Corregimiento de Copiapo;[[:conceptos:corregimiento|Corregimiento]] de Copiapo;False
483;CHL;JUCHSACP;Subdelegacion;Copiapo;Copiapo;1786;exact;1808;hgis;;;;;False;;Sd.;Sd.;copiapo_jurisdiccion_chl;conceptos:subdelegacion;CHSACPJU;chl_santiago_copiapo;CHL;Santiago;;Subdelegacion de Copiapo;[[:conceptos:subdelegacion|Subdelegacion]] de Copiapo;False
484;CHL;JUCHSACQ;Corregimiento;Coquimbo;Coquimbo;1750;arbitrary;1785;exact;;;;;False;;C;C;coquimbo_jurisdiccion_chl;conceptos:corregimiento;CHSACQJU;chl_santiago_coquimbo;CHL;Santiago;;Corregimiento de Coquimbo;[[:conceptos:corregimiento|Corregimiento]] de Coquimbo;False
485;CHL;JUCHSACQ;Subdelegacion;Coquimbo;Coquimbo;1786;exact;1808;hgis;;;;;False;;Sd.;Sd.;coquimbo_jurisdiccion_chl;conceptos:subdelegacion;CHSACQJU;chl_santiago_coquimbo;CHL;Santiago;;Subdelegacion de Coquimbo;[[:conceptos:subdelegacion|Subdelegacion]] de Coquimbo;False
486;CHL;JUCHSACR;Subdelegacion;Curico;Curico;1793;exact;1808;hgis;;;;;False;;Sd.;Sd.;curico_jurisdiccion_chl;conceptos:subdelegacion;CHSACRJU;chl_santiago_curico;CHL;Santiago;;Subdelegacion de Curico;[[:conceptos:subdelegacion|Subdelegacion]] de Curico;False
488;CHL;JUCHSAHU;Subdelegacion;Huasco;Huasco;1787;exact;1808;hgis;;;;;False;;Sd.;Sd.;huasco_jurisdiccion_chl;conceptos:subdelegacion;CHSAHUJU;chl_santiago_huasco;CHL;Santiago;;Subdelegacion de Huasco;[[:conceptos:subdelegacion|Subdelegacion]] de Huasco;False
489;CHL;JUCHSALA;Subdelegacion;Los Andes;Los Andes;1804;exact;1808;hgis;;;;;False;;Sd.;Sd.;los andes_jurisdiccion_chl;conceptos:subdelegacion;CHSALAJU;chl_santiago_los andes;CHL;Santiago;;Subdelegacion de Los Andes;[[:conceptos:subdelegacion|Subdelegacion]] de Los Andes;False
491;CHL;JUCHSAMA;Corregimiento;Maule;Maule;1593;exact;1785;exact;;;;;False;;C;C;maule_jurisdiccion_chl;conceptos:corregimiento;CHSAMAJU;chl_santiago_maule;CHL;Santiago;;Corregimiento de Maule;[[:conceptos:corregimiento|Corregimiento]] de Maule;False
492;CHL;JUCHSAMA;Subdelegacion;Maule;Maule;1786;exact;1808;hgis;;;;;False;;Sd.;Sd.;maule_jurisdiccion_chl;conceptos:subdelegacion;CHSAMAJU;chl_santiago_maule;CHL;Santiago;;Subdelegacion de Maule;[[:conceptos:subdelegacion|Subdelegacion]] de Maule;False
494;CHL;JUCHSAME;Corregimiento;Melipilla;Melipilla;1593;exact;1785;exact;;;;;False;;C;C;melipilla_jurisdiccion_chl;conceptos:corregimiento;CHSAMEJU;chl_santiago_melipilla;CHL;Santiago;;Corregimiento de Melipilla;[[:conceptos:corregimiento|Corregimiento]] de Melipilla;False
495;CHL;JUCHSAME;Subdelegacion;Melipilla;Melipilla;1786;exact;1808;hgis;;;;;False;;Sd.;Sd.;melipilla_jurisdiccion_chl;conceptos:subdelegacion;CHSAMEJU;chl_santiago_melipilla;CHL;Santiago;;Subdelegacion de Melipilla;[[:conceptos:subdelegacion|Subdelegacion]] de Melipilla;False
497;CHL;JUCHSAQU;Corregimiento;Quillota;Quillota;1593;exact;1785;exact;;;;;False;;C;C;quillota_jurisdiccion_chl;conceptos:corregimiento;CHSAQUJU;chl_santiago_quillota;CHL;Santiago;;Corregimiento de Quillota;[[:conceptos:corregimiento|Corregimiento]] de Quillota;False
498;CHL;JUCHSAQU;Subdelegacion;Quillota;Quillota;1786;exact;1808;hgis;;;;;False;;Sd.;Sd.;quillota_jurisdiccion_chl;conceptos:subdelegacion;CHSAQUJU;chl_santiago_quillota;CHL;Santiago;;Subdelegacion de Quillota;[[:conceptos:subdelegacion|Subdelegacion]] de Quillota;False
499;CHL;JUCHSARA;Corregimiento;Rancagua;Rancagua;1694;exact;1785;exact;;;;;False;;C;C;rancagua_jurisdiccion_chl;conceptos:corregimiento;CHSARAJU;chl_santiago_rancagua;CHL;Santiago;;Corregimiento de Rancagua;[[:conceptos:corregimiento|Corregimiento]] de Rancagua;False
500;CHL;JUCHSARA;Subdelegacion;Rancagua;Rancagua;1786;exact;1808;hgis;;;;;False;;Sd.;Sd.;rancagua_jurisdiccion_chl;conceptos:subdelegacion;CHSARAJU;chl_santiago_rancagua;CHL;Santiago;;Subdelegacion de Rancagua;[[:conceptos:subdelegacion|Subdelegacion]] de Rancagua;False
505;CHL;PMCHCOAR;Partido;Arauco;Arauco;1701;hgis;1722;exact;;;;;False;JUCHCOAR;Com.;Com.;arauco_presidio_chl;conceptos:cabecera;CHCOARPM;chl_concepcion_arauco;CHL;Concepcion;;Partido cabecera de Arauco;[[:conceptos:cabecera|Partido cabecera]] de Arauco;True
506;CHL;PMCHCOCC;Comandancia;Colcura;Colcura;1701;hgis;1722;exact;;;;;False;;Com.;Com.;colcura_presidio_chl;conceptos:jurisdiccion_militar;CHCOCCPM;chl_concepcion_colcura;CHL;Concepcion;;Comandancia de Colcura;[[:conceptos:jurisdiccion_militar|Comandancia]] de Colcura;False
507;CHL;PMCHCOSP;Comandancia;San Pedro;San Pedro;1701;hgis;1722;exact;;;;;False;;Com.;Com.;san pedro_presidio_chl;conceptos:jurisdiccion_militar;CHCOSPPM;chl_concepcion_san pedro;CHL;Concepcion;;Comandancia de San Pedro;[[:conceptos:jurisdiccion_militar|Comandancia]] de San Pedro;False
508;CHL;PMCHCONA;Comandancia;Nacimiento;Nacimiento;1701;hgis;1722;exact;;;;;False;;Com.;Com.;nacimiento_presidio_chl;conceptos:jurisdiccion_militar;CHCONAPM;chl_concepcion_nacimiento;CHL;Concepcion;;Comandancia de Nacimiento;[[:conceptos:jurisdiccion_militar|Comandancia]] de Nacimiento;False
509;CHL;PMCHCOSJ;Comandancia;Santa Juana;Santa Juana;1701;hgis;1722;exact;;;;;False;;Com.;Com.;santa juana_presidio_chl;conceptos:jurisdiccion_militar;CHCOSJPM;chl_concepcion_santa juana;CHL;Concepcion;;Comandancia de Santa Juana;[[:conceptos:jurisdiccion_militar|Comandancia]] de Santa Juana;False
510;CHL;PTCHCHCA;Partido;Castro;Castro;1701;hgis;1808;hgis;;;;;False;;Part.;Part.;castro_partido_chl;conceptos:partido;CHCHCAPT;chl_chiloe_castro;CHL;Chiloe;;Partido de Castro;[[:conceptos:partido|Partido]] de Castro;False
511;CHL;PTCHCHCB;Partido;Calbuco;Calbuco;1770;not_after;1808;hgis;;1770;;;False;;Part.;Part.;calbuco_partido_chl;conceptos:partido;CHCHCBPT;chl_chiloe_calbuco;CHL;Chiloe;;Partido de Calbuco;[[:conceptos:partido|Partido]] de Calbuco;False
512;CHL;PTCHCHCH;Partido;Chacao;Chacao;1701;hgis;1808;hgis;;;;;False;;Part.;Part.;chacao_partido_chl;conceptos:partido;CHCHCHPT;chl_chiloe_chacao;CHL;Chiloe;;Partido de Chacao;[[:conceptos:partido|Partido]] de Chacao;False
514;CHA;JUCCPUAZ;Corregimiento;Azangaro;Azangaro;1600;arbitrary;1783;exact;;;;;False;;C;C;azangaro_jurisdiccion_cha;conceptos:corregimiento;CCPUAZJU;cha_puno_azangaro;CHA;Puno;;Corregimiento de Azangaro;[[:conceptos:corregimiento|Corregimiento]] de Azangaro;False
515;CHA;JUCCPUAZ;Subdelegacion;Azangaro;Azangaro;1784;exact;1808;hgis;;;;;False;;Sd.;Sd.;azangaro_jurisdiccion_cha;conceptos:subdelegacion;CCPUAZJU;cha_puno_azangaro;CHA;Puno;;Subdelegacion de Azangaro;[[:conceptos:subdelegacion|Subdelegacion]] de Azangaro;False
516;CHA;JUCCPUCA;Corregimiento;Carabaya;Carabaya;1574;not_after;1783;exact;;;;;False;;C;C;carabaya_jurisdiccion_cha;conceptos:corregimiento;CCPUCAJU;cha_puno_carabaya;CHA;Puno;;Corregimiento de Carabaya;[[:conceptos:corregimiento|Corregimiento]] de Carabaya;False
517;CHA;JUCCPUCA;Subdelegacion;Carabaya;Carabaya;1784;exact;1808;hgis;;;;;False;;Sd.;Sd.;carabaya_jurisdiccion_cha;conceptos:subdelegacion;CCPUCAJU;cha_puno_carabaya;CHA;Puno;;Subdelegacion de Carabaya;[[:conceptos:subdelegacion|Subdelegacion]] de Carabaya;False
519;CHA;JUCCPUCH;Gobernacion;Chucuito;Chucuito;1578;exact;1783;exact;;;;;False;;G;Gob.;chucuito_jurisdiccion_cha;conceptos:gobernacion;CCPUCHJU;cha_puno_chucuito;CHA;Puno;;Gobernacion de Chucuito;[[:conceptos:gobernacion|Gobernacion]] de Chucuito;False
520;CHA;JUCCPUCH;Subdelegacion;Chucuito;Chucuito;1784;exact;1808;hgis;;;;;False;;Sd.;Sd.;chucuito_jurisdiccion_cha;conceptos:subdelegacion;CCPUCHJU;cha_puno_chucuito;CHA;Puno;;Subdelegacion de Chucuito;[[:conceptos:subdelegacion|Subdelegacion]] de Chucuito;False
523;CHA;JUCCPUHU;Corregimiento;Paucarcolla;Paucarcolla;1583;not_after;1783;exact;;;;;False;;C;C;huancane_jurisdiccion_cha;conceptos:corregimiento;CCPUHUJU;cha_puno_huancane;CHA;Puno;;Corregimiento de Paucarcolla;[[:conceptos:corregimiento|Corregimiento]] de Paucarcolla;False
524;CHA;JUCCPUHU;Subdelegacion;Huancane;Huancane;1784;exact;1808;hgis;;;;;False;;Sd.;Sd.;huancane_jurisdiccion_cha;conceptos:subdelegacion;CCPUHUJU;cha_puno_huancane;CHA;Puno;;Subdelegacion de Huancane;[[:conceptos:subdelegacion|Subdelegacion]] de Huancane;False
525;CHA;JUCCPULA;Corregimiento;Lampa;Lampa;1600;arbitrary;1783;exact;;;;;False;;C;C;lampa_jurisdiccion_cha;conceptos:corregimiento;CCPULAJU;cha_puno_lampa;CHA;Puno;;Corregimiento de Lampa;[[:conceptos:corregimiento|Corregimiento]] de Lampa;False
526;CHA;JUCCPULA;Subdelegacion;Lampa;Lampa;1784;exact;1808;hgis;;;;;False;;Sd.;Sd.;lampa_jurisdiccion_cha;conceptos:subdelegacion;CCPULAJU;cha_puno_lampa;CHA;Puno;;Subdelegacion de Lampa;[[:conceptos:subdelegacion|Subdelegacion]] de Lampa;False
527;CHA;JUCCPOTA;Corregimiento;Tarija;Tarija;1583;not_after;1783;exact;;;;;False;;C;C;tarija_jurisdiccion_cha;conceptos:corregimiento;CCPOTAJU;cha_potosi_tarija;CHA;Potosi;;Corregimiento de Tarija;[[:conceptos:corregimiento|Corregimiento]] de Tarija;False
528;CHA;JUCCPOTA;Subdelegacion;Tarija;Tarija;1785;exact;1808;hgis;;;;;False;;Sd.;Sd.;tarija_jurisdiccion_cha;conceptos:subdelegacion;CCPOTAJU;cha_potosi_tarija;CHA;Potosi;;Subdelegacion de Tarija;[[:conceptos:subdelegacion|Subdelegacion]] de Tarija;False
530;CHA;JUCCCBMI;Corregimiento;Mizque;Mizque;1701;hgis;1713;not_after;;;;;True;PRCCCBSC;C;Part.;mizque_jurisdiccion_cha;conceptos:agregado;CCCBMIJU;cha_cochabamba_mizque;CHA;Cochabamba;;Corregimiento agregado de Mizque;[[:conceptos:agregado|Corregimiento agregado]] de Mizque;False
531;CHA;JUCCCBMI;Corregimiento;Mizque;Mizque;1714;not_after;1783;exact;;1714;;;False;;C;C;mizque_jurisdiccion_cha;conceptos:corregimiento;CCCBMIJU;cha_cochabamba_mizque;CHA;Cochabamba;;Corregimiento de Mizque;[[:conceptos:corregimiento|Corregimiento]] de Mizque;False
532;CHA;JUCCCBMI;Subdelegacion;Mizque;Mizque;1784;exact;1808;hgis;;;;;False;;Sd.;Sd.;mizque_jurisdiccion_cha;conceptos:subdelegacion;CCCBMIJU;cha_cochabamba_mizque;CHA;Cochabamba;;Subdelegacion de Mizque;[[:conceptos:subdelegacion|Subdelegacion]] de Mizque;False
534;QUI;FREDBPXX;Fronteras;Bajo Putumayo;Pais de la Canela;1111;start;1808;hgis;;;;;False;;Fr.;Fr.;bajo putumayo_fronteras_qui;conceptos:fronteras;EDBPXXFR;qui_fronteras_bajo putumayo;QUI;Fronteras;s.d.;Fronteras de Bajo Putumayo;[[:conceptos:fronteras|Fronteras]] de Bajo Putumayo;False
535;QUI;FRQUPOXX;Fronteras;Popayan;Pais de la Canela;1111;start;1808;hgis;;;;;False;;Fr.;Fr.;fronteras de popayan_fronteras_qui;conceptos:fronteras;QUPOXXFR;qui_fronteras_fronteras de popayan;QUI;Fronteras;s.d.;Fronteras de Popayan;[[:conceptos:fronteras|Fronteras]] de Popayan;False
540;CHL;FRCHBMBM;Fronteras;Butalmapus;Araucania;1111;start;1808;hgis;;;;;False;;Fr.;Fr.;araucania_fronteras_chl;conceptos:fronteras;CHBMBMFR;chl_fronteras_araucania;CHL;Fronteras;goyeneche;Fronteras de Butalmapus;[[:conceptos:fronteras|Fronteras]] de Butalmapus;False
541;CHL;PTCHCHCM;Fronteras;Carelmapu;Araucania;1111;start;1808;hgis;;;;;False;;Fr.;Fr.;carelmapu_partido_chl;conceptos:fronteras;CHCHCMPT;chl_chiloe_carelmapu;CHL;Chiloe;goyeneche;Fronteras de Carelmapu;[[:conceptos:fronteras|Fronteras]] de Carelmapu;False
543;PER;MIPEOCVI;Misiones;Vitoc;Vitoc;1784;ca;1808;hgis;;;;;False;;Mis.;Mis.;vitoc_misiones_per;conceptos:misiones;PEOCVIMI;per_tarma_vitoc;PER;Tarma;;Misiones de Vitoc;[[:conceptos:misiones|Misiones]] de Vitoc;False
545;PER;MIPETRHY;Misiones;Hibitos y Cholones;Hibitos y Cholones;1701;hgis;1808;hgis;;;;;False;;Mis.;Mis.;conversiones de hibitos y cholones_misiones_per;conceptos:misiones;PETRHYMI;per_trujillo_conversiones de hibitos y cholones;PER;Trujillo;;Misiones de Hibitos y Cholones;[[:conceptos:misiones|Misiones]] de Hibitos y Cholones;False
547;PER;MIPEOCVI;Misiones;Cerro de la Sal;Cerro de la Sal;1701;hgis;1741;exact;;;;;False;;Mis.;Mis.;vitoc_misiones_per;conceptos:misiones;PEOCVIMI;per_tarma_vitoc;PER;Tarma;;Misiones de Cerro de la Sal;[[:conceptos:misiones|Misiones]] de Cerro de la Sal;False
549;CHA;JUCCCBSA;Subdelegacion;Sacaba;Sacaba;1784;exact;1808;hgis;;;;;False;;Sd.;Sd.;sacaba_jurisdiccion_cha;conceptos:subdelegacion;CCCBSAJU;cha_cochabamba_sacaba;CHA;Cochabamba;;Subdelegacion de Sacaba;[[:conceptos:subdelegacion|Subdelegacion]] de Sacaba;False
551;CHA;JUCCLPAP;Subdelegacion;Caupolican;Caupolican;1786;exact;1808;hgis;;;;;False;;Sd.;Sd.;apolobamba_jurisdiccion_cha;conceptos:subdelegacion;CCLPAPJU;cha_la paz_apolobamba;CHA;La Paz;;Subdelegacion de Caupolican;[[:conceptos:subdelegacion|Subdelegacion]] de Caupolican;False
552;PER;PRPELI00;Reino;Peru;Peru;1535;exact;1783;exact;;;;;False;;Prov.;Prov.;lima_provincia_per;conceptos:reino;PELI00PR;per_provincia_lima;PER;Provincia;;Reino de Peru;[[:conceptos:reino|Reino]] de Peru;False
561;CHL;PRCHSA00;Gobernacion;Chile;Chile;1563;exact;1785;exact;;;;;False;SUCH0000;Prov.;Prov.;santiago_provincia_chl;conceptos:cabecera;CHSA00PR;chl_provincia_santiago;CHL;Provincia;;Gobernacion cabecera de Chile;[[:conceptos:cabecera|Gobernacion cabecera]] de Chile;True
563;CHA;JUCCCBAR;Subdelegacion;Arque;Arque;1784;exact;1808;hgis;;;;;False;;Sd.;Sd.;arque_jurisdiccion_cha;conceptos:subdelegacion;CCCBARJU;cha_cochabamba_arque;CHA;Cochabamba;;Subdelegacion de Arque;[[:conceptos:subdelegacion|Subdelegacion]] de Arque;False
564;CHA;JUCCCBAY;Subdelegacion;Ayopaya;Ayopaya;1784;exact;1808;hgis;;;;;False;;Sd.;Sd.;ayopaya_jurisdiccion_cha;conceptos:subdelegacion;CCCBAYJU;cha_cochabamba_ayopaya;CHA;Cochabamba;;Subdelegacion de Ayopaya;[[:conceptos:subdelegacion|Subdelegacion]] de Ayopaya;False
566;CHA;JUCCCBCB;Corregimiento;Cochabamba;Cochabamba;1583;not_after;1783;exact;;;;;False;;C;C;cochabamba_jurisdiccion_cha;conceptos:corregimiento;CCCBCBJU;cha_cochabamba_cochabamba;CHA;Cochabamba;;Corregimiento de Cochabamba;[[:conceptos:corregimiento|Corregimiento]] de Cochabamba;False
567;CHA;JUCCCBCL;Subdelegacion;Clisa;Clisa;1784;exact;1808;hgis;;;;;False;;Sd.;Sd.;clisa_jurisdiccion_cha;conceptos:subdelegacion;CCCBCLJU;cha_cochabamba_clisa;CHA;Cochabamba;;Subdelegacion de Clisa;[[:conceptos:subdelegacion|Subdelegacion]] de Clisa;False
569;CHA;PRCCCBSC;Gobernacion-Capitania General;Santa Cruz;Santa Cruz de la Sierra;1561;exact;1783;exact;;;;;False;;G;Gob.;santa cruz de la sierra_provincia_cha;conceptos:gobernacion;CCCBSCPR;cha_provincia_santa cruz de la sierra;CHA;Provincia;;Gobernacion-Capitania General de Santa Cruz;[[:conceptos:gobernacion|Gobernacion-Capitania General]] de Santa Cruz;False
571;CHA;JUCCCBTA;Subdelegacion;Tapacari;Tapacari;1784;exact;1808;hgis;;;;;False;;Sd.;Sd.;tapacari_jurisdiccion_cha;conceptos:subdelegacion;CCCBTAJU;cha_cochabamba_tapacari;CHA;Cochabamba;;Subdelegacion de Tapacari;[[:conceptos:subdelegacion|Subdelegacion]] de Tapacari;False
573;CHA;JUCCCBVG;Subdelegacion;Valle-grande;Valle-grande;1784;exact;1808;hgis;;;;;False;;Sd.;Sd.;valle grande_jurisdiccion_cha;conceptos:subdelegacion;CCCBVGJU;cha_cochabamba_valle grande;CHA;Cochabamba;;Subdelegacion de Valle-grande;[[:conceptos:subdelegacion|Subdelegacion]] de Valle-grande;False
574;CHA;JUCCPOAT;Corregimiento;Atacama;Atacama;1583;not_after;1783;exact;;;;;False;;C;C;atacama_jurisdiccion_cha;conceptos:corregimiento;CCPOATJU;cha_potosi_atacama;CHA;Potosi;;Corregimiento de Atacama;[[:conceptos:corregimiento|Corregimiento]] de Atacama;False
575;CHA;JUCCPOAT;Subdelegacion;Atacama;Atacama;1784;exact;1808;hgis;;;;;False;;Sd.;Sd.;atacama_jurisdiccion_cha;conceptos:subdelegacion;CCPOATJU;cha_potosi_atacama;CHA;Potosi;;Subdelegacion de Atacama;[[:conceptos:subdelegacion|Subdelegacion]] de Atacama;False
576;CHA;JUCCCCCA;Corregimiento;Carangas;Carangas;1583;not_after;1783;exact;;;;;False;;C;C;carangas_jurisdiccion_cha;conceptos:corregimiento;CCCCCAJU;cha_charcas_carangas;CHA;Charcas;;Corregimiento de Carangas;[[:conceptos:corregimiento|Corregimiento]] de Carangas;False
577;CHA;JUCCCCCA;Subdelegacion;Carangas;Carangas;1784;exact;1808;hgis;;;;;False;;Sd.;Sd.;carangas_jurisdiccion_cha;conceptos:subdelegacion;CCCCCAJU;cha_charcas_carangas;CHA;Charcas;;Subdelegacion de Carangas;[[:conceptos:subdelegacion|Subdelegacion]] de Carangas;False
582;CHA;JUCCCCPA;Corregimiento;Paria;Paria;1583;not_after;1783;exact;;;;;False;;C;C;paria_jurisdiccion_cha;conceptos:corregimiento;CCCCPAJU;cha_charcas_paria;CHA;Charcas;;Corregimiento de Paria;[[:conceptos:corregimiento|Corregimiento]] de Paria;False
583;CHA;JUCCCCPA;Subdelegacion;Paria;Paria;1784;exact;1808;hgis;;;;;False;;Sd.;Sd.;paria_jurisdiccion_cha;conceptos:subdelegacion;CCCCPAJU;cha_charcas_paria;CHA;Charcas;;Subdelegacion de Paria;[[:conceptos:subdelegacion|Subdelegacion]] de Paria;False
584;CHA;JUCCCCPB;Corregimiento;Pomabamba;Pomabamba;1754;not_after;1771;exact;;1754;;;False;;C;C;pomabamba_jurisdiccion_cha;conceptos:corregimiento;CCCCPBJU;cha_charcas_pomabamba;CHA;Charcas;;Corregimiento de Pomabamba;[[:conceptos:corregimiento|Corregimiento]] de Pomabamba;False
585;CHA;JUCCCCPP;Corregimiento;Pilaya y Paspaya;Pilaya y Paspaya;1685;not_after;1783;exact;;1685;;;False;;C;C;pilaya y paspaya_jurisdiccion_cha;conceptos:corregimiento;CCCCPPJU;cha_charcas_pilaya y paspaya;CHA;Charcas;;Corregimiento de Pilaya y Paspaya;[[:conceptos:corregimiento|Corregimiento]] de Pilaya y Paspaya;False
586;CHA;JUCCCCPP;Subdelegacion;Pilaya y Paspaya;Pilaya y Paspaya;1784;exact;1808;hgis;;;;;False;;Sd.;Sd.;pilaya y paspaya_jurisdiccion_cha;conceptos:subdelegacion;CCCCPPJU;cha_charcas_pilaya y paspaya;CHA;Charcas;;Subdelegacion de Pilaya y Paspaya;[[:conceptos:subdelegacion|Subdelegacion]] de Pilaya y Paspaya;False
587;CHA;JUCCCCTO;Corregimiento;Tomina;Tomina;1583;not_after;1783;exact;;;;;False;;C;C;tomina_jurisdiccion_cha;conceptos:corregimiento;CCCCTOJU;cha_charcas_tomina;CHA;Charcas;;Corregimiento de Tomina;[[:conceptos:corregimiento|Corregimiento]] de Tomina;False
588;CHA;JUCCCCTO;Subdelegacion;Tomina;Tomina;1784;exact;1808;hgis;;;;;False;;Sd.;Sd.;tomina_jurisdiccion_cha;conceptos:subdelegacion;CCCCTOJU;cha_charcas_tomina;CHA;Charcas;;Subdelegacion de Tomina;[[:conceptos:subdelegacion|Subdelegacion]] de Tomina;False
589;CHA;JUCCCCYA;Corregimiento;Yamparaez;Yamparaez;1583;not_after;1772;exact;;;;;False;;C;C;yamparaez_jurisdiccion_cha;conceptos:corregimiento;CCCCYAJU;cha_charcas_yamparaez;CHA;Charcas;;Corregimiento de Yamparaez;[[:conceptos:corregimiento|Corregimiento]] de Yamparaez;False
590;CHA;JUCCCCYA;Subdelegacion;Yamparaez;Yamparaez;1784;exact;1808;hgis;;;;;False;;Sd.;Sd.;yamparaez_jurisdiccion_cha;conceptos:subdelegacion;CCCCYAJU;cha_charcas_yamparaez;CHA;Charcas;;Subdelegacion de Yamparaez;[[:conceptos:subdelegacion|Subdelegacion]] de Yamparaez;False
591;CHA;JUCCCCCC;Corregimiento;Yamparaez;La Plata y Yamparaez;1773;exact;1783;exact;;;;;False;;C;C;chuquisaca_jurisdiccion_cha;conceptos:corregimiento;CCCCCCJU;cha_charcas_chuquisaca;CHA;Charcas;;Corregimiento de Yamparaez;[[:conceptos:corregimiento|Corregimiento]] de Yamparaez;False
592;CHA;JUCCLPCH;Corregimiento;Chulumani;Chulumani;1780;exact;1783;exact;;;;;False;;C;C;chulumani_jurisdiccion_cha;conceptos:corregimiento;CCLPCHJU;cha_la paz_chulumani;CHA;La Paz;;Corregimiento de Chulumani;[[:conceptos:corregimiento|Corregimiento]] de Chulumani;False
593;CHA;JUCCLPCH;Subdelegacion;Yungas;Yungas;1784;exact;1808;hgis;;;;;False;;Sd.;Sd.;chulumani_jurisdiccion_cha;conceptos:subdelegacion;CCLPCHJU;cha_la paz_chulumani;CHA;La Paz;;Subdelegacion de Yungas;[[:conceptos:subdelegacion|Subdelegacion]] de Yungas;False
594;CHA;JUCCLPLA;Corregimiento;Larecaja;Larecaja;1583;not_after;1783;exact;;;;;False;;C;C;larecaja_jurisdiccion_cha;conceptos:corregimiento;CCLPLAJU;cha_la paz_larecaja;CHA;La Paz;;Corregimiento de Larecaja;[[:conceptos:corregimiento|Corregimiento]] de Larecaja;False
595;CHA;JUCCLPLA;Subdelegacion;Larecaja;Larecaja;1784;exact;1808;hgis;;;;;False;;Sd.;Sd.;larecaja_jurisdiccion_cha;conceptos:subdelegacion;CCLPLAJU;cha_la paz_larecaja;CHA;La Paz;;Subdelegacion de Larecaja;[[:conceptos:subdelegacion|Subdelegacion]] de Larecaja;False
598;CHA;JUCCLPOM;Corregimiento;Omasuyos;Omasuyos;1600;arbitrary;1783;exact;;;;;False;;C;C;omasuyos_jurisdiccion_cha;conceptos:corregimiento;CCLPOMJU;cha_la paz_omasuyos;CHA;La Paz;;Corregimiento de Omasuyos;[[:conceptos:corregimiento|Corregimiento]] de Omasuyos;False
599;CHA;JUCCLPOM;Subdelegacion;Omasuyos;Omasuyos;1784;exact;1808;hgis;;;;;False;;Sd.;Sd.;omasuyos_jurisdiccion_cha;conceptos:subdelegacion;CCLPOMJU;cha_la paz_omasuyos;CHA;La Paz;;Subdelegacion de Omasuyos;[[:conceptos:subdelegacion|Subdelegacion]] de Omasuyos;False
600;CHA;JUCCLPPA;Corregimiento;Pacajes;Pacajes;1583;not_after;1783;exact;;;;;False;;C;C;pacajes_jurisdiccion_cha;conceptos:corregimiento;CCLPPAJU;cha_la paz_pacajes;CHA;La Paz;;Corregimiento de Pacajes;[[:conceptos:corregimiento|Corregimiento]] de Pacajes;False
601;CHA;JUCCLPPA;Subdelegacion;Pacajes;Pacajes;1784;exact;1808;hgis;;;;;False;;Sd.;Sd.;pacajes_jurisdiccion_cha;conceptos:subdelegacion;CCLPPAJU;cha_la paz_pacajes;CHA;La Paz;;Subdelegacion de Pacajes;[[:conceptos:subdelegacion|Subdelegacion]] de Pacajes;False
602;CHA;JUCCLPSI;Corregimiento;Sicasica;Sicasica;1600;arbitrary;1783;exact;;;;;False;;C;C;sicasica_jurisdiccion_cha;conceptos:corregimiento;CCLPSIJU;cha_la paz_sicasica;CHA;La Paz;;Corregimiento de Sicasica;[[:conceptos:corregimiento|Corregimiento]] de Sicasica;False
603;CHA;JUCCLPSI;Subdelegacion;Sicasica;Sicasica;1784;exact;1808;hgis;;;;;False;;Sd.;Sd.;sicasica_jurisdiccion_cha;conceptos:subdelegacion;CCLPSIJU;cha_la paz_sicasica;CHA;La Paz;;Subdelegacion de Sicasica;[[:conceptos:subdelegacion|Subdelegacion]] de Sicasica;False
604;CHA;JUCCPOCH;Subdelegacion;Chichas;Chichas;1785;exact;1808;hgis;;;;;False;;Sd.;Sd.;chichas_jurisdiccion_cha;conceptos:subdelegacion;CCPOCHJU;cha_potosi_chichas;CHA;Potosi;;Subdelegacion de Chichas;[[:conceptos:subdelegacion|Subdelegacion]] de Chichas;False
606;CHA;JUCCPOTA;Subdelegacion;Tarija;Chichas y Tarija;1784;exact;1784;exact;;;;;False;;Sd.;Sd.;tarija_jurisdiccion_cha;conceptos:subdelegacion;CCPOTAJU;cha_potosi_tarija;CHA;Potosi;;Subdelegacion de Tarija;[[:conceptos:subdelegacion|Subdelegacion]] de Tarija;False
607;CHA;JUCCPOCY;Corregimiento;Chayanta;Chayanta;1583;not_after;1783;exact;;;;;False;;C;C;chayanta_jurisdiccion_cha;conceptos:corregimiento;CCPOCYJU;cha_potosi_chayanta;CHA;Potosi;;Corregimiento de Chayanta;[[:conceptos:corregimiento|Corregimiento]] de Chayanta;False
608;CHA;JUCCPOCY;Subdelegacion;Chayanta;Chayanta;1784;exact;1808;hgis;;;;;False;;Sd.;Sd.;chayanta_jurisdiccion_cha;conceptos:subdelegacion;CCPOCYJU;cha_potosi_chayanta;CHA;Potosi;;Subdelegacion de Chayanta;[[:conceptos:subdelegacion|Subdelegacion]] de Chayanta;False
609;CHA;JUCCPOLI;Corregimiento;Lipes;Lipes;1628;not_after;1783;exact;;;;;False;;C;C;lipes_jurisdiccion_cha;conceptos:corregimiento;CCPOLIJU;cha_potosi_lipes;CHA;Potosi;;Corregimiento de Lipes;[[:conceptos:corregimiento|Corregimiento]] de Lipes;False
610;CHA;JUCCPOLI;Subdelegacion;Lipes;Lipes;1784;exact;1808;hgis;;;;;False;;Sd.;Sd.;lipes_jurisdiccion_cha;conceptos:subdelegacion;CCPOLIJU;cha_potosi_lipes;CHA;Potosi;;Subdelegacion de Lipes;[[:conceptos:subdelegacion|Subdelegacion]] de Lipes;False
611;CHA;JUCCPOPR;Corregimiento;Porco;Porco;1583;not_after;1783;exact;;;;;False;;C;C;porco_jurisdiccion_cha;conceptos:corregimiento;CCPOPRJU;cha_potosi_porco;CHA;Potosi;;Corregimiento de Porco;[[:conceptos:corregimiento|Corregimiento]] de Porco;False
612;CHA;JUCCPOPR;Subdelegacion;Porco;Porco;1784;exact;1808;hgis;;;;;False;;Sd.;Sd.;porco_jurisdiccion_cha;conceptos:subdelegacion;CCPOPRJU;cha_potosi_porco;CHA;Potosi;;Subdelegacion de Porco;[[:conceptos:subdelegacion|Subdelegacion]] de Porco;False
615;CHA;PRCCPO00;Gobernacion-Intendencia;Potosi;Potosi;1784;exact;1808;hgis;;;;;False;;G;Int.;potosi_provincia_cha;conceptos:intendencia;CCPO00PR;cha_provincia_potosi;CHA;Provincia;;Gobernacion-Intendencia de Potosi;[[:conceptos:intendencia|Gobernacion-Intendencia]] de Potosi;False
617;CHA;PRCCLP00;Gobernacion-Intendencia;La Paz;La Paz;1784;exact;1808;hgis;;;;;False;;G;Int.;la paz_provincia_cha;conceptos:intendencia;CCLP00PR;cha_provincia_la paz;CHA;Provincia;;Gobernacion-Intendencia de La Paz;[[:conceptos:intendencia|Gobernacion-Intendencia]] de La Paz;False
619;CHA;PRCCCB00;Gobernacion-Intendencia;Cochabamba;Cochabamba;1784;exact;1808;hgis;;;;;False;;G;Int.;cochabamba_provincia_cha;conceptos:intendencia;CCCB00PR;cha_provincia_cochabamba;CHA;Provincia;;Gobernacion-Intendencia de Cochabamba;[[:conceptos:intendencia|Gobernacion-Intendencia]] de Cochabamba;False
620;CHA;JUCCCBCH;Corregimiento;Chiquitos;Chiquitos;1772;exact;1776;exact;;;;;False;;C;C;chiquitos_jurisdiccion_cha;conceptos:corregimiento;CCCBCHJU;cha_cochabamba_chiquitos;CHA;Cochabamba;;Corregimiento de Chiquitos;[[:conceptos:corregimiento|Corregimiento]] de Chiquitos;False
621;CHA;JUCCCBCH;Gobernacion;Chiquitos;Chiquitos;1777;exact;1808;hgis;;;;;False;;G;Gob.;chiquitos_jurisdiccion_cha;conceptos:gobernacion;CCCBCHJU;cha_cochabamba_chiquitos;CHA;Cochabamba;;Gobernacion de Chiquitos;[[:conceptos:gobernacion|Gobernacion]] de Chiquitos;False
623;CHA;JUCCCBCH;Misiones;Chiquitos;Chiquitos;1701;hgis;1771;exact;;;;;False;;Mis.;Mis.;chiquitos_jurisdiccion_cha;conceptos:misiones;CCCBCHJU;cha_cochabamba_chiquitos;CHA;Cochabamba;;Misiones de Chiquitos;[[:conceptos:misiones|Misiones]] de Chiquitos;False
624;CHA;JUCCCBMO;Misiones;Moxos;Moxos;1701;hgis;1771;exact;;;;;False;;Mis.;Mis.;moxos_jurisdiccion_cha;conceptos:misiones;CCCBMOJU;cha_cochabamba_moxos;CHA;Cochabamba;;Misiones de Moxos;[[:conceptos:misiones|Misiones]] de Moxos;False
625;CHA;JUCCCBMO;Corregimiento;Moxos;Moxos;1772;exact;1776;exact;;;;;False;;C;C;moxos_jurisdiccion_cha;conceptos:corregimiento;CCCBMOJU;cha_cochabamba_moxos;CHA;Cochabamba;;Corregimiento de Moxos;[[:conceptos:corregimiento|Corregimiento]] de Moxos;False
626;CHA;JUCCCBMO;Gobernacion;Moxos;Moxos;1777;exact;1808;hgis;;;;;False;;G;Gob.;moxos_jurisdiccion_cha;conceptos:gobernacion;CCCBMOJU;cha_cochabamba_moxos;CHA;Cochabamba;;Gobernacion de Moxos;[[:conceptos:gobernacion|Gobernacion]] de Moxos;False
627;CHA;PRCCCC00;Gobernacion-Intendencia;Chuquisaca;Chuquisaca;1784;exact;1808;hgis;;;;;False;;G;Int.;charcas_provincia_cha;conceptos:intendencia;CCCC00PR;cha_provincia_charcas;CHA;Provincia;;Gobernacion-Intendencia de Chuquisaca;[[:conceptos:intendencia|Gobernacion-Intendencia]] de Chuquisaca;False
628;CHA;JUCCCCOR;Corregimiento;Oruro;Oruro;1612;exact;1808;hgis;;;;;False;;C;C;oruro_jurisdiccion_cha;conceptos:corregimiento;CCCCORJU;cha_charcas_oruro;CHA;Charcas;;Corregimiento de Oruro;[[:conceptos:corregimiento|Corregimiento]] de Oruro;False
629;CHA;MICCCBRG;Misiones;Rio Grande;Rio Grande;1766;ca;1808;hgis;;;;;False;;Mis.;Mis.;rio grande_misiones_cha;conceptos:misiones;CCCBRGMI;cha_cochabamba_rio grande;CHA;Cochabamba;;Misiones de Rio Grande;[[:conceptos:misiones|Misiones]] de Rio Grande;False
631;CHA;MICCCBYU;Misiones;Yuracarees;Yuracarees;1776;ca;1803;exact;;;;;False;;Mis.;Mis.;yuracarees_misiones_cha;conceptos:misiones;CCCBYUMI;cha_cochabamba_yuracarees;CHA;Cochabamba;;Misiones de Yuracarees;[[:conceptos:misiones|Misiones]] de Yuracarees;False
632;CHA;MICCCBYU;Misiones;Yuracarees;Yuracarees;1806;exact;1808;hgis;;;;;False;;Mis.;Mis.;yuracarees_misiones_cha;conceptos:misiones;CCCBYUMI;cha_cochabamba_yuracarees;CHA;Cochabamba;;Misiones de Yuracarees;[[:conceptos:misiones|Misiones]] de Yuracarees;False
635;NGR;JMNGCHBA;Fronteras;Baudo;Chocoanes;1111;start;1775;not_after;;;;;False;;Fr.;Fr.;baudo_jurisdiccion_ngr;conceptos:fronteras;NGCHBAJM;ngr_choco_baudo;NGR;Choco;s.d.;Fronteras de Baudo;[[:conceptos:fronteras|Fronteras]] de Baudo;False
638;RPL;FRRPCHXX;Fronteras;Gran Chaco;Gran Chaco;1111;start;1808;hgis;;;;;False;;Fr.;Fr.;gran chaco_fronteras_rpl;conceptos:fronteras;RPCHXXFR;rpl_fronteras_gran chaco;RPL;Fronteras;mp-ba_136;Fronteras de Gran Chaco;[[:conceptos:fronteras|Fronteras]] de Gran Chaco;False
639;XXX;FRCEXXXX;Fronteras;Tierra magallanica;Ciudad de los Cesares;1111;start;1808;hgis;;;;;False;;Fr.;Fr.;ciudad de los cesares_fronteras_xxx;conceptos:fronteras;CEXXXXFR;xxx_fronteras_ciudad de los cesares;XXX;Fronteras;s.d.;Fronteras de Tierra magallanica;[[:conceptos:fronteras|Fronteras]] de Tierra magallanica;False
640;GUA;PTGUCHCR;Jurisdiccion;Ciudad Real;Ciudad Real;1701;hgis;1785;exact;;;;;False;JUGUCHCR;Part.;Part.;ciudad real_partido_gua;conceptos:cabecera;GUCHCRPT;gua_chiapas_ciudad real;GUA;Chiapas;;Jurisdiccion cabecera de Ciudad Real;[[:conceptos:cabecera|Jurisdiccion cabecera]] de Ciudad Real;True
642;GUA;PRGUCH00;Gobernacion-Intendencia;Chiapas;Chiapas;1786;exact;1808;hgis;;;;;False;;G;Int.;chiapas_provincia_gua;conceptos:intendencia;GUCH00PR;gua_provincia_chiapas;GUA;Provincia;;Gobernacion-Intendencia de Chiapas;[[:conceptos:intendencia|Gobernacion-Intendencia]] de Chiapas;False
644;GUA;JUGUCHSO;Gobernacion;Soconusco;Soconusco;1526;exact;1785;exact;;;;;False;;G;Gob.;soconusco_jurisdiccion_gua;conceptos:gobernacion;GUCHSOJU;gua_chiapas_soconusco;GUA;Chiapas;;Gobernacion de Soconusco;[[:conceptos:gobernacion|Gobernacion]] de Soconusco;False
645;GUA;JUGUCHTA;Subdelegacion;Tapachula;Tapachula;1786;not_after;1808;hgis;;1786;;;False;;Sd.;Sd.;tapachula_jurisdiccion_gua;conceptos:subdelegacion;GUCHTAJU;gua_chiapas_tapachula;GUA;Chiapas;;Subdelegacion de Tapachula;[[:conceptos:subdelegacion|Subdelegacion]] de Tapachula;False
646;GUA;JUGUCHTO;Subdelegacion;Tonala;Tonala;1786;exact;1808;hgis;;;;;False;;Sd.;Sd.;tonala_jurisdiccion_gua;conceptos:subdelegacion;GUCHTOJU;gua_chiapas_tonala;GUA;Chiapas;;Subdelegacion de Tonala;[[:conceptos:subdelegacion|Subdelegacion]] de Tonala;False
647;GUA;JUGUCHTU;Alcaldia Mayor;Tuxtla;Tuxtla;1769;exact;1785;exact;;;;;False;;AM;AM;tuxtla_jurisdiccion_gua;conceptos:alcaldia_mayor;GUCHTUJU;gua_chiapas_tuxtla;GUA;Chiapas;;Alcaldia Mayor de Tuxtla;[[:conceptos:alcaldia_mayor|Alcaldia Mayor]] de Tuxtla;False
648;GUA;JUGUCHTU;Subdelegacion;Tuxtla;Tuxtla;1786;exact;1808;hgis;;;;;False;;Sd.;Sd.;tuxtla_jurisdiccion_gua;conceptos:subdelegacion;GUCHTUJU;gua_chiapas_tuxtla;GUA;Chiapas;;Subdelegacion de Tuxtla;[[:conceptos:subdelegacion|Subdelegacion]] de Tuxtla;False
649;GUA;PTGUCHZO;Partido;Zoques;Zoques;1701;hgis;1785;exact;;;;;False;;Part.;Part.;zoques_partido_gua;conceptos:partido;GUCHZOPT;gua_chiapas_zoques;GUA;Chiapas;;Partido de Zoques;[[:conceptos:partido|Partido]] de Zoques;False
654;GUA;JUGUCHCO;Subdelegacion;Comitan;Comitan;1786;exact;1808;hgis;;;;;False;;Sd.;Sd.;comitan_jurisdiccion_gua;conceptos:subdelegacion;GUCHCOJU;gua_chiapas_comitan;GUA;Chiapas;;Subdelegacion de Comitan;[[:conceptos:subdelegacion|Subdelegacion]] de Comitan;False
655;GUA;JUGUCHHU;Subdelegacion;Guista;Guista;1786;exact;1808;hgis;;;;;False;;Sd.;Sd.;huistan_jurisdiccion_gua;conceptos:subdelegacion;GUCHHUJU;gua_chiapas_huistan;GUA;Chiapas;;Subdelegacion de Guista;[[:conceptos:subdelegacion|Subdelegacion]] de Guista;False
657;GUA;JUGUCHIX;Subdelegacion;Ixtacomitan;Ixtacomitan;1786;exact;1808;hgis;;;;;False;;Sd.;Sd.;ixtacomitan_jurisdiccion_gua;conceptos:subdelegacion;GUCHIXJU;gua_chiapas_ixtacomitan;GUA;Chiapas;;Subdelegacion de Ixtacomitan;[[:conceptos:subdelegacion|Subdelegacion]] de Ixtacomitan;False
658;GUA;JUGUCHOC;Subdelegacion;Ocozingo;Ocozingo;1786;exact;1808;hgis;;;;;False;;Sd.;Sd.;ocozingo_jurisdiccion_gua;conceptos:subdelegacion;GUCHOCJU;gua_chiapas_ocozingo;GUA;Chiapas;;Subdelegacion de Ocozingo;[[:conceptos:subdelegacion|Subdelegacion]] de Ocozingo;False
659;GUA;JUGUCHPA;Subdelegacion;Palenque;Palenque;1786;exact;1808;hgis;;;;;False;;Sd.;Sd.;palenque_jurisdiccion_gua;conceptos:subdelegacion;GUCHPAJU;gua_chiapas_palenque;GUA;Chiapas;;Subdelegacion de Palenque;[[:conceptos:subdelegacion|Subdelegacion]] de Palenque;False
662;GUA;JUGUCHSA;Subdelegacion;San Andres;San Andres;1786;exact;1808;hgis;;;;;False;;Sd.;Sd.;san andres_jurisdiccion_gua;conceptos:subdelegacion;GUCHSAJU;gua_chiapas_san andres;GUA;Chiapas;;Subdelegacion de San Andres;[[:conceptos:subdelegacion|Subdelegacion]] de San Andres;False
664;GUA;JUGUCHSI;Subdelegacion;Simojovel;Simojovel;1786;exact;1808;hgis;;;;;False;;Sd.;Sd.;simojovel_jurisdiccion_gua;conceptos:subdelegacion;GUCHSIJU;gua_chiapas_simojovel;GUA;Chiapas;;Subdelegacion de Simojovel;[[:conceptos:subdelegacion|Subdelegacion]] de Simojovel;False
665;GUA;JUGUCHTI;Subdelegacion;Tila;Tila;1786;exact;1808;hgis;;;;;False;;Sd.;Sd.;tila_jurisdiccion_gua;conceptos:subdelegacion;GUCHTIJU;gua_chiapas_tila;GUA;Chiapas;;Subdelegacion de Tila;[[:conceptos:subdelegacion|Subdelegacion]] de Tila;False
668;PER;FRPAPSXX;Fronteras;Pampa del Sacramento;Paititi;1111;start;1808;hgis;;;;;False;;Fr.;Fr.;pampa del sacramento_fronteras_per;conceptos:fronteras;PAPSXXFR;per_fronteras_pampa del sacramento;PER;Fronteras;MP-PERU_123;Fronteras de Pampa del Sacramento;[[:conceptos:fronteras|Fronteras]] de Pampa del Sacramento;False
669;GUA;JUGUGUQU;Corregimiento;Quetzaltenango;Quetzaltenango;1583;exact;1808;hgis;;;;;False;;C;C;quetzaltenango_jurisdiccion_gua;conceptos:corregimiento;GUGUQUJU;gua_guatemala_quetzaltenango;GUA;Guatemala;;Corregimiento de Quetzaltenango;[[:conceptos:corregimiento|Corregimiento]] de Quetzaltenango;False
670;GUA;JUGUGUSU;Alcaldia Mayor;Zapotitlan;Zapotitlan y San Antonio de Suchiltepequez;1560;exact;1720;arbitrary;;;;;False;;AM;AM;suchiltepequez_jurisdiccion_gua;conceptos:alcaldia_mayor;GUGUSUJU;gua_guatemala_suchiltepequez;GUA;Guatemala;;Alcaldia Mayor de Zapotitlan;[[:conceptos:alcaldia_mayor|Alcaldia Mayor]] de Zapotitlan;False
671;GUA;JUGUGUSU;Alcaldia Mayor;Suchiltepequez;Suchiltepequez;1786;arbitrary;1808;hgis;;;;;False;;AM;AM;suchiltepequez_jurisdiccion_gua;conceptos:alcaldia_mayor;GUGUSUJU;gua_guatemala_suchiltepequez;GUA;Guatemala;;Alcaldia Mayor de Suchiltepequez;[[:conceptos:alcaldia_mayor|Alcaldia Mayor]] de Suchiltepequez;False
672;GUA;JUGUSSME;Tenencia de subdelegacion;Metapas;Metapas;1787;exact;1805;exact;;;;;False;;Ten.;Part.;metapas_jurisdiccion_gua;conceptos:partido;GUSSMEJU;gua_san salvador_metapas;GUA;San Salvador;;Tenencia de subdelegacion de Metapas;[[:conceptos:partido|Tenencia de subdelegacion]] de Metapas;False
674;CHA;JUCCCBSC;Subdelegacion;Santa Cruz de la Sierra;Santa Cruz de la Sierra;1784;exact;1808;hgis;;;;;False;;Sd.;Sd.;santa cruz de la sierra_jurisdiccion_cha;conceptos:subdelegacion;CCCBSCJU;cha_cochabamba_santa cruz de la sierra;CHA;Cochabamba;;Subdelegacion de Santa Cruz de la Sierra;[[:conceptos:subdelegacion|Subdelegacion]] de Santa Cruz de la Sierra;False
676;CHA;JUCCCBSC;Jurisdiccion;Santa Cruz de la Sierra;Santa Cruz de la Sierra;1701;hgis;1783;exact;;;;;False;PRCCCBSC;Jur.;Jur.;santa cruz de la sierra_jurisdiccion_cha;conceptos:cabecera;CCCBSCJU;cha_cochabamba_santa cruz de la sierra;CHA;Cochabamba;;Jurisdiccion cabecera de Santa Cruz de la Sierra;[[:conceptos:cabecera|Jurisdiccion cabecera]] de Santa Cruz de la Sierra;True
677;CHA;MICCCBMO;Misiones;Moxos;Moxos;1701;hgis;1808;hgis;;;;;False;;Mis.;Mis.;moxos_misiones_cha;conceptos:misiones;CCCBMOMI;cha_cochabamba_moxos;CHA;Cochabamba;;Misiones de Moxos;[[:conceptos:misiones|Misiones]] de Moxos;False
678;CHA;MICCCBBA;Misiones;Baures;Baures;1701;hgis;1808;hgis;;;;;False;;Mis.;Mis.;baures_misiones_cha;conceptos:misiones;CCCBBAMI;cha_cochabamba_baures;CHA;Cochabamba;;Misiones de Baures;[[:conceptos:misiones|Misiones]] de Baures;False
679;CHA;MICCCBPA;Misiones;Pampas;Pampas;1701;hgis;1808;hgis;;;;;False;;Mis.;Mis.;pampas_misiones_cha;conceptos:misiones;CCCBPAMI;cha_cochabamba_pampas;CHA;Cochabamba;;Misiones de Pampas;[[:conceptos:misiones|Misiones]] de Pampas;False
680;CHA;PTCCPOAA;Partido;Atacama alta;Atacama alta;1701;hgis;1808;hgis;;;;;False;;Part.;Part.;atacama alta_partido_cha;conceptos:partido;CCPOAAPT;cha_potosi_atacama alta;CHA;Potosi;;Partido de Atacama alta;[[:conceptos:partido|Partido]] de Atacama alta;False
681;CHA;PTCCPOAB;Partido;Atacama baja;Atacama baja;1701;hgis;1808;hgis;;;;;False;;Part.;Part.;atacama baja_partido_cha;conceptos:partido;CCPOABPT;cha_potosi_atacama baja;CHA;Potosi;;Partido de Atacama baja;[[:conceptos:partido|Partido]] de Atacama baja;False
684;CHL;PMCHCOSJ;Comandancia;Santa Juana;Santa Juana;1727;exact;1774;ca;;;;;False;;Com.;Com.;santa juana_presidio_chl;conceptos:jurisdiccion_militar;CHCOSJPM;chl_concepcion_santa juana;CHL;Concepcion;;Comandancia de Santa Juana;[[:conceptos:jurisdiccion_militar|Comandancia]] de Santa Juana;False
685;CHL;PMCHCOSP;Comandancia;San Pedro;San Pedro;1727;exact;1774;ca;;;;;False;;Com.;Com.;san pedro_presidio_chl;conceptos:jurisdiccion_militar;CHCOSPPM;chl_concepcion_san pedro;CHL;Concepcion;;Comandancia de San Pedro;[[:conceptos:jurisdiccion_militar|Comandancia]] de San Pedro;False
686;CHL;PMCHCONA;Comandancia;Nacimiento;Nacimiento;1752;exact;1774;ca;;;;;False;;Com.;Com.;nacimiento_presidio_chl;conceptos:jurisdiccion_militar;CHCONAPM;chl_concepcion_nacimiento;CHL;Concepcion;;Comandancia de Nacimiento;[[:conceptos:jurisdiccion_militar|Comandancia]] de Nacimiento;False
687;CHL;PMCHCOCC;Comandancia;Colcura;Colcura;1727;exact;1774;ca;;;;;False;;Com.;Com.;colcura_presidio_chl;conceptos:jurisdiccion_militar;CHCOCCPM;chl_concepcion_colcura;CHL;Concepcion;;Comandancia de Colcura;[[:conceptos:jurisdiccion_militar|Comandancia]] de Colcura;False
690;GUA;PTGUGUHU;Partido;Huehuetenango;Huehuetenango;1678;exact;1808;hgis;;;;;False;;Part.;Part.;huehuetenango_partido_gua;conceptos:partido;GUGUHUPT;gua_guatemala_huehuetenango;GUA;Guatemala;;Partido de Huehuetenango;[[:conceptos:partido|Partido]] de Huehuetenango;False
695;GUA;JUGUSSSS;Jurisdiccion;San Salvador;San Salvador;1701;hgis;1808;hgis;;;;;False;PRGUSS00;Jur.;Jur.;san salvador_jurisdiccion_gua;conceptos:cabecera;GUSSSSJU;gua_san salvador_san salvador;GUA;San Salvador;;Jurisdiccion cabecera de San Salvador;[[:conceptos:cabecera|Jurisdiccion cabecera]] de San Salvador;True
704;QUI;PRQUQJ00;Gobernacion;Quijos;Quijos;1775;not_after;1808;hgis;;;;;False;;G;Gob.;quijos_provincia_qui;conceptos:gobernacion;QUQJ00PR;qui_provincia_quijos;QUI;Provincia;;Gobernacion de Quijos;[[:conceptos:gobernacion|Gobernacion]] de Quijos;False
706;PER;PTPETRMO;Jurisdiccion;Moyobamba;Moyobamba;1803;exact;1808;hgis;;;;;False;;Part.;Part.;moyobamba_partido_per;conceptos:cabecera;PETRMOPT;per_trujillo_moyobamba;PER;Trujillo;;Jurisdiccion cabecera de Moyobamba;[[:conceptos:cabecera|Jurisdiccion cabecera]] de Moyobamba;False
708;QUI;PTQUQJQJ;Partido;Quijos;Quijos;1554;exact;1808;hgis;;;;;False;PRQUQJ00;Jur.;Jur.;quijos_partido_qui;conceptos:cabecera;QUQJQJPT;qui_quijos_quijos;QUI;Quijos;;Partido cabecera de Quijos;[[:conceptos:cabecera|Partido cabecera]] de Quijos;True
722;CHA;MICCCBCG;Misiones;Chiriguanos;Chiriguanos;1776;ca;1808;hgis;;;;;False;;Mis.;Mis.;chiriguanos_misiones_cha;conceptos:misiones;CCCBCGMI;cha_cochabamba_chiriguanos;CHA;Cochabamba;;Misiones de Chiriguanos;[[:conceptos:misiones|Misiones]] de Chiriguanos;False
802;GUA;JUGUSSCH;Subdelegacion;Chalatenango;Chalatenango;1806;not_after;1808;hgis;;1806;;;False;;Sd.;Sd.;chalatenango_jurisdiccion_gua;conceptos:subdelegacion;GUSSCHJU;gua_san salvador_chalatenango;GUA;San Salvador;;Subdelegacion de Chalatenango;[[:conceptos:subdelegacion|Subdelegacion]] de Chalatenango;False
804;GUA;JUGUNINS;Subdelegacion;Nueva Segovia;Nueva Segovia;1787;exact;1808;hgis;;;;;False;;Sd.;Sd.;nueva segovia_jurisdiccion_gua;conceptos:subdelegacion;GUNINSJU;gua_nicaragua_nueva segovia;GUA;Nicaragua;;Subdelegacion de Nueva Segovia;[[:conceptos:subdelegacion|Subdelegacion]] de Nueva Segovia;False
805;GUA;JUGUNIRE;Subdelegacion;El Realejo;El Realejo;1787;exact;1808;hgis;;;;;False;;Sd.;Sd.;realejo_jurisdiccion_gua;conceptos:subdelegacion;GUNIREJU;gua_nicaragua_realejo;GUA;Nicaragua;;Subdelegacion de El Realejo;[[:conceptos:subdelegacion|Subdelegacion]] de El Realejo;False
810;GUA;PTGUCHZE;Partido;Tzendales;Tzendales;1701;hgis;1785;exact;;;;;False;;Part.;Part.;zendales_partido_gua;conceptos:partido;GUCHZEPT;gua_chiapas_zendales;GUA;Chiapas;;Partido de Tzendales;[[:conceptos:partido|Partido]] de Tzendales;False
823;GUA;PTGUCHCH;Partido;Chiapa;Chiapa y Valle de Jiquipilas;1701;hgis;1768;not_after;;;;;False;;Part.;Part.;chiapa_partido_gua;conceptos:partido;GUCHCHPT;gua_chiapas_chiapa;GUA;Chiapas;;Partido de Chiapa;[[:conceptos:partido|Partido]] de Chiapa;False
828;GUA;PTGUGUCM;Partido;Chiquimula;Chiquimula;1701;hgis;1808;hgis;;;;;False;JUGUGUCM;Part.;Part.;chiquimula_partido_gua;conceptos:cabecera;GUGUCMPT;gua_guatemala_chiquimula;GUA;Guatemala;;Partido cabecera de Chiquimula;[[:conceptos:cabecera|Partido cabecera]] de Chiquimula;True
904;PER;PTPETRLA;Partido;Lamas;Lamas;1701;hgis;1808;hgis;;;;;False;;Part.;Part.;lamas_partido_per;conceptos:partido;PETRLAPT;per_trujillo_lamas;PER;Trujillo;;Partido de Lamas;[[:conceptos:partido|Partido]] de Lamas;False
949;PER;JUPEHVHV;Gobernacion;Huancavelica;Huancavelica;1601;exact;1783;exact;;;;;False;;G;Gob.;huancavelica_jurisdiccion_per;conceptos:gobernacion;PEHVHVJU;per_huancavelica_huancavelica;PER;Huancavelica;;Gobernacion de Huancavelica;[[:conceptos:gobernacion|Gobernacion]] de Huancavelica;False
974;CHA;JUCCCBCB;Jurisdiccion;Cochabamba;Cochabamba;1784;exact;1808;hgis;;;;;False;PRCCCB00;Jur.;Jur.;cochabamba_jurisdiccion_cha;conceptos:cabecera;CCCBCBJU;cha_cochabamba_cochabamba;CHA;Cochabamba;;Jurisdiccion cabecera de Cochabamba;[[:conceptos:cabecera|Jurisdiccion cabecera]] de Cochabamba;True
975;CHA;JUCCCCCC;Jurisdiccion;Chuquisaca;Chuquisaca;1784;exact;1808;hgis;;;;;False;PRCCCC00;Jur.;Jur.;chuquisaca_jurisdiccion_cha;conceptos:cabecera;CCCCCCJU;cha_charcas_chuquisaca;CHA;Charcas;;Jurisdiccion cabecera de Chuquisaca;[[:conceptos:cabecera|Jurisdiccion cabecera]] de Chuquisaca;True
977;CHA;JUCCPOPO;Jurisdiccion;Potosi;Potosi;1784;exact;1808;hgis;;;;;False;PRCCPO00;Jur.;Jur.;potosi_jurisdiccion_cha;conceptos:cabecera;CCPOPOJU;cha_potosi_potosi;CHA;Potosi;;Jurisdiccion cabecera de Potosi;[[:conceptos:cabecera|Jurisdiccion cabecera]] de Potosi;True
979;CHA;JUCCLPLP;Jurisdiccion;La Paz;La Paz;1784;exact;1808;hgis;;;;;False;PRCCLP00;Jur.;Jur.;la paz_jurisdiccion_cha;conceptos:cabecera;CCLPLPJU;cha_la paz_la paz;CHA;La Paz;;Jurisdiccion cabecera de La Paz;[[:conceptos:cabecera|Jurisdiccion cabecera]] de La Paz;True
982;RPL;PTRPMIEM;Fronteras;Estancias;Estancias de Misiones;1111;start;1808;hgis;;;;;False;;Fr.;Fr.;estancias de misiones_partido_rpl;conceptos:fronteras;RPMIEMPT;rpl_misiones_estancias de misiones;RPL;Misiones;s.d.;Fronteras de Estancias;[[:conceptos:fronteras|Fronteras]] de Estancias;False
983;RPL;PTRPPARG;Partido;Pueblos;Pueblos de indios de Paraguay;1701;hgis;1808;hgis;;;;;False;;Part.;Part.;pueblos de indios_partido_rpl;conceptos:partido;RPPARGPT;rpl_paraguay_pueblos de indios;RPL;Paraguay;;Partido de Pueblos;[[:conceptos:partido|Partido]] de Pueblos;False
984;RPL;JURPPAAS;Jurisdiccion;Asuncion;Asuncion;1701;hgis;1808;hgis;;;;;False;PRRPPA00;Jur.;Jur.;asuncion_jurisdiccion_rpl;conceptos:cabecera;RPPAASJU;rpl_paraguay_asuncion;RPL;Paraguay;;Jurisdiccion cabecera de Asuncion;[[:conceptos:cabecera|Jurisdiccion cabecera]] de Asuncion;True
985;RPL;PTRPPAFR;Fronteras;Fronteras de Paraguay;Mamelucos;1111;start;1808;hgis;;;;;False;;Fr.;Fr.;fronteras de paraguay_partido_rpl;conceptos:fronteras;RPPAFRPT;rpl_paraguay_fronteras de paraguay;RPL;Paraguay;s.d.;Fronteras de Fronteras de Paraguay;[[:conceptos:fronteras|Fronteras]] de Fronteras de Paraguay;False
986;RPL;PTRPPAPI;Partido;Pilar;Pilar;1787;exact;1808;hgis;;;;;False;;Part.;Part.;pilar_partido_rpl;conceptos:partido;RPPAPIPT;rpl_paraguay_pilar;RPL;Paraguay;;Partido de Pilar;[[:conceptos:partido|Partido]] de Pilar;False
991;GUA;PMGUGUIS;Partido;isla de San Andres;isla de San Andres;1775;exact;1808;hgis;;;;;False;;Part.;Part.;isla de san andres_partido_gua;conceptos:partido;GUGUISPM;gua_guatemala_isla de san andres;GUA;Guatemala;;Partido de isla de San Andres;[[:conceptos:partido|Partido]] de isla de San Andres;False
994;GUA;JUGUNISJ;Comandancia;Rio San Juan;Rio San Juan;1701;hgis;1808;hgis;;;;;False;;Com.;Com.;rio san juan_jurisdiccion_gua;conceptos:jurisdiccion_militar;GUNISJJU;gua_nicaragua_rio san juan;GUA;Nicaragua;;Comandancia de Rio San Juan;[[:conceptos:jurisdiccion_militar|Comandancia]] de Rio San Juan;False
995;GDJ;CGPI0000;Comandancia General;Provincias Internas;Provincias Internas;1776;exact;1786;exact;;;;;False;;Com.gen.;Com.gen.;provincias internas_superior_gdj;conceptos:comandancia_general;PI0000CG;gdj_superior_provincias internas;GDJ;Superior;gerhard-north;Comandancia General de Provincias Internas;[[:conceptos:comandancia_general|Comandancia General]] de Provincias Internas;False
997;GDJ;CGPIOR00;Comandancia General;Provincias Internal del Oriente;Provincias Internal del Oriente;1787;exact;1790;exact;;;;;False;;Com.gen.;Com.gen.;provincias internas del oriente_provincia_gdj;conceptos:comandancia_general;PIOR00CG;gdj_provincia_provincias internas del oriente;GDJ;Provincia;gerhard-north;Comandancia General de Provincias Internal del Oriente;[[:conceptos:comandancia_general|Comandancia General]] de Provincias Internal del Oriente;False
1000;GUA;PRGUGU00;Gobernacion;Guatemala;Guatemala;1542;exact;1808;hgis;;;;;False;SUGU0000;Prov.;Prov.;guatemala_provincia_gua;conceptos:cabecera;GUGU00PR;gua_provincia_guatemala;GUA;Provincia;wikipedia;Gobernacion cabecera de Guatemala;[[:conceptos:cabecera|Gobernacion cabecera]] de Guatemala;True
1001;GUA;PMGUCYRO;Partido;Roatan;Roatan;1782;exact;1796;exact;;;;;False;;Part.;Part.;roatan_partido_gua;conceptos:partido;GUCYROPM;gua_comayagua_roatan;GUA;Comayagua;;Partido de Roatan;[[:conceptos:partido|Partido]] de Roatan;False
1002;NES;OBGDDU00;Obispado;Durango;Durango;1620;exact;1808;hgis;;;;;False;;Ob.;Ob.;durango_obispado_nes;conceptos:obispado;GDDU00OB;nes_obispado_durango;NES;Obispado;catholic-hierarchy;Obispado de Durango;[[:conceptos:obispado|Obispado]] de Durango;False
1003;NES;OBGDGD00;Obispado;Guadalajara;Guadalajara;1548;exact;1808;hgis;;;;;False;;Ob.;Ob.;guadalajara_obispado_nes;conceptos:obispado;GDGD00OB;nes_obispado_guadalajara;NES;Obispado;catholic-hierarchy;Obispado de Guadalajara;[[:conceptos:obispado|Obispado]] de Guadalajara;False
1004;NES;OBNEMI00;Obispado;Michoacan;Michoacan;1537;exact;1808;hgis;;;;;False;;Ob.;Ob.;michoacan_obispado_nes;conceptos:obispado;NEMI00OB;nes_obispado_michoacan;NES;Obispado;catholic-hierarchy;Obispado de Michoacan;[[:conceptos:obispado|Obispado]] de Michoacan;False
1005;NES;OBNEMX00;Arzobispado;Mexico;Mexico;1546;exact;1808;hgis;;;;;False;;Ao.;Arzob.;mexico_obispado_nes;conceptos:arzobispado;NEMX00OB;nes_obispado_mexico;NES;Obispado;catholic-hierarchy;Arzobispado de Mexico;[[:conceptos:arzobispado|Arzobispado]] de Mexico;False
1006;NES;OBNEOA00;Obispado;Oaxaca;Oaxaca;1535;exact;1808;hgis;;;;;False;;Ob.;Ob.;oaxaca_obispado_nes;conceptos:obispado;NEOA00OB;nes_obispado_oaxaca;NES;Obispado;catholic-hierarchy;Obispado de Oaxaca;[[:conceptos:obispado|Obispado]] de Oaxaca;False
1008;GDJ;OBGDSO00;Obispado;Sonora;Sonora;1783;exact;1808;hgis;;;;;False;;Ob.;Ob.;sonora_obispado_gdj;conceptos:obispado;GDSO00OB;gdj_obispado_sonora;GDJ;Obispado;catholic-hierarchy;Obispado de Sonora;[[:conceptos:obispado|Obispado]] de Sonora;False
1009;NES;PRNEMX00;Provincia;Nueva España;Nueva España;1535;exact;1786;exact;;;;;False;SUNE0000;Prov.;Prov.;nueva españa_provincia_nes;conceptos:cabecera;NEMX00PR;nes_provincia_nueva españa;NES;Provincia;s.d.;Provincia cabecera de Nueva España;[[:conceptos:cabecera|Provincia cabecera]] de Nueva España;True
1011;NES;PRNEMX00;Corregimiento-Intendencia;Mexico;Mexico;1787;exact;1808;hgis;;;;;False;;C;Int.;nueva españa_provincia_nes;conceptos:intendencia;NEMX00PR;nes_provincia_nueva españa;NES;Provincia;navarro-garcia;Corregimiento-Intendencia de Mexico;[[:conceptos:intendencia|Corregimiento-Intendencia]] de Mexico;False
1012;GDJ;PRGDGD00;Gobernacion;Nueva Galicia;Nueva Galicia;1531;exact;1786;exact;;;;;False;;G;Gob.;nueva galicia_provincia_gdj;conceptos:gobernacion;GDGD00PR;gdj_reino_nueva galicia;GDJ;Reino;gerhard-north;Gobernacion de Nueva Galicia;[[:conceptos:gobernacion|Gobernacion]] de Nueva Galicia;False
1013;GDJ;PRGDGD00;Gobernacion-Intendencia;Guadalajara;Guadalajara;1787;exact;1808;hgis;;;;;False;;G;Int.;nueva galicia_provincia_gdj;conceptos:intendencia;GDGD00PR;gdj_reino_nueva galicia;GDJ;Reino;commons;Gobernacion-Intendencia de Guadalajara;[[:conceptos:intendencia|Gobernacion-Intendencia]] de Guadalajara;False
1014;NES;PRNEYU00;Gobernacion-Capitania General;Yucatan;Yucatan;1565;exact;1786;exact;;;;;False;;G;CG;yucatan_provincia_nes;conceptos:gobernacion;NEYU00PR;nes_provincia_yucatan;NES;Provincia;gerhardSE;Gobernacion-Capitania General de Yucatan;[[:conceptos:gobernacion|Gobernacion-Capitania General]] de Yucatan;False
1015;NES;PRNEYU00;Gobernacion-Capitania General-Intendencia;Merida;Merida;1787;exact;1808;hgis;;;;;False;;G;CG;yucatan_provincia_nes;conceptos:intendencia;NEYU00PR;nes_provincia_yucatan;NES;Provincia;navarro-garcia;Gobernacion-Capitania General-Intendencia de Merida;[[:conceptos:intendencia|Gobernacion-Capitania General-Intendencia]] de Merida;False
1017;GDJ;PRGDDU00;Gobernacion-Intendencia;Durango;Durango;1787;exact;1808;hgis;;;;;False;;G;Int.;nueva vizcaya_provincia_gdj;conceptos:intendencia;GDDU00PR;gdj_provincia_nueva vizcaya;GDJ;Provincia;navarro-garcia;Gobernacion-Intendencia de Durango;[[:conceptos:intendencia|Gobernacion-Intendencia]] de Durango;False
1018;GDJ;PRGDNM00;Gobernacion-Capitania General;Nuevo Mexico;Nuevo Mexico;1598;exact;1776;exact;1691;1693;;;False;;G;Gob.;nuevo mexico_provincia_gdj;conceptos:gobernacion;GDNM00PR;gdj_provincia_nuevo mexico;GDJ;Provincia;gerhard-north;Gobernacion-Capitania General de Nuevo Mexico;[[:conceptos:gobernacion|Gobernacion-Capitania General]] de Nuevo Mexico;False
1020;GDJ;PRGDSS00;Gobernacion-Intendencia;Sinaloa y Sonora;Sinaloa y Sonora;1777;exact;1778;exact;;;;;False;;G;Int.;sinaloa y sonora_provincia_gdj;conceptos:intendencia;GDSS00PR;gdj_provincia_sinaloa y sonora;GDJ;Provincia;gerhard-north;Gobernacion-Intendencia de Sinaloa y Sonora;[[:conceptos:intendencia|Gobernacion-Intendencia]] de Sinaloa y Sonora;False
1021;GDJ;PRNECT00;Gobernacion;Fronteras de Colotlan;San Luis de Colotlan;1591;exact;1790;exact;;;;;False;;Fr.;Fr.;colotlan_provincia_gdj;conceptos:entidades_atipicas;NECT00PR;gdj_provincia_colotlan;GDJ;Provincia;gerhard-north;Gobernacion de Fronteras de Colotlan;[[:conceptos:entidades_atipicas|Gobernacion]] de Fronteras de Colotlan;False
1022;GDJ;PRNECT00;Gobernacion Politico-Militar;Colotlan;Colotlan y Nayarit;1791;exact;1808;hgis;;;;;False;;G;Gob.;colotlan_provincia_gdj;conceptos:gobernacion;NECT00PR;gdj_provincia_colotlan;GDJ;Provincia;gerhard-north;Gobernacion Politico-Militar de Colotlan;[[:conceptos:gobernacion|Gobernacion Politico-Militar]] de Colotlan;False
1023;GDJ;PRGDNA00;Gobernacion;Nayarit;Nayarit;1721;exact;1790;exact;;;;;False;;G;Gob.;nayarit_provincia_gdj;conceptos:gobernacion;GDNA00PR;gdj_reino_nayarit;GDJ;Reino;gerhard-north;Gobernacion de Nayarit;[[:conceptos:gobernacion|Gobernacion]] de Nayarit;False
1027;GDJ;PRGDCO00;Alcaldia Mayor;Coahuila;Coahuila;1682;exact;1686;exact;;;;;False;;AM;AM;coahuila_provincia_gdj;conceptos:alcaldia_mayor;GDCO00PR;gdj_provincia_coahuila;GDJ;Provincia;wikipedia;Alcaldia Mayor de Coahuila;[[:conceptos:alcaldia_mayor|Alcaldia Mayor]] de Coahuila;False
1030;GDJ;PRGDNL00;Gobernacion;Nuevo Leon;Nuevo Leon;1579;exact;1590;exact;;;;;False;;G;Gob.;nuevo leon_provincia_gdj;conceptos:gobernacion;GDNL00PR;gdj_provincia_nuevo leon;GDJ;Provincia;gerhard-north;Gobernacion de Nuevo Leon;[[:conceptos:gobernacion|Gobernacion]] de Nuevo Leon;False
1031;NES;PRNEOA00;Corregimiento-Intendencia;Oaxaca;Oaxaca;1787;exact;1808;hgis;;;;;False;;C;Int.;oaxaca_provincia_nes;conceptos:intendencia;NEOA00PR;nes_provincia_oaxaca;NES;Provincia;navarro-garcia;Corregimiento-Intendencia de Oaxaca;[[:conceptos:intendencia|Corregimiento-Intendencia]] de Oaxaca;False
1033;NES;PRNEPU00;Gobernacion-Intendencia;Puebla;Puebla;1787;exact;1808;hgis;;;;;False;;G;Int.;puebla_provincia_nes;conceptos:intendencia;NEPU00PR;nes_provincia_puebla;NES;Provincia;navarro-garcia;Gobernacion-Intendencia de Puebla;[[:conceptos:intendencia|Gobernacion-Intendencia]] de Puebla;False
1035;NES;PRNEGJ00;Corregimiento-Intendencia;Guanajuato;Guanajuato;1787;exact;1808;hgis;;;;;False;;C;Int.;guanajuato_provincia_nes;conceptos:intendencia;NEGJ00PR;nes_provincia_guanajuato;NES;Provincia;navarro-garcia;Corregimiento-Intendencia de Guanajuato;[[:conceptos:intendencia|Corregimiento-Intendencia]] de Guanajuato;False
1037;NES;PRNESL00;Corregimiento-Intendencia;San Luis Potosi;San Luis Potosi;1787;exact;1808;hgis;;;;;False;;C;Int.;san luis potosi_provincia_nes;conceptos:intendencia;NESL00PR;nes_provincia_san luis potosi;NES;Provincia;navarro-garcia;Corregimiento-Intendencia de San Luis Potosi;[[:conceptos:intendencia|Corregimiento-Intendencia]] de San Luis Potosi;False
1040;GUA;JUGUGUSA;Alcaldia Mayor;Sacatepeques;Sacatepeques;1754;ca;1808;hgis;;;;;False;;AM;AM;sacatepeques_jurisdiccion_gua;conceptos:alcaldia_mayor;GUGUSAJU;gua_guatemala_sacatepeques;GUA;Guatemala;;Alcaldia Mayor de Sacatepeques;[[:conceptos:alcaldia_mayor|Alcaldia Mayor]] de Sacatepeques;False
1041;NES;JUNEVCPN;Alcaldia Mayor;Panuco;Panuco;1537;exact;1786;exact;;;;;False;;AM;AM;panuco_jurisdiccion_nes;conceptos:alcaldia_mayor;NEVCPNJU;nes_veracruz_panuco;NES;Veracruz;div-nueva-espana;Alcaldia Mayor de Panuco;[[:conceptos:alcaldia_mayor|Alcaldia Mayor]] de Panuco;False
1042;NES;JUNEVCPN;Subdelegacion;Panuco;Panuco;1787;exact;1808;hgis;;;;;False;;Sd.;Sd.;panuco_jurisdiccion_nes;conceptos:subdelegacion;NEVCPNJU;nes_veracruz_panuco;NES;Veracruz;div-nueva-espana;Subdelegacion de Panuco;[[:conceptos:subdelegacion|Subdelegacion]] de Panuco;False
1043;NES;JUNEOACT;Alcaldia Mayor;Chinantla y Ucila;Chinantla y Ucila;1671;not_after;1768;ca;;;;;True;JUNEVCCS;AM;Part.;chinantla y uzila_jurisdiccion_nes;conceptos:agregado;NEOACTJU;nes_oaxaca_chinantla y uzila;NES;Oaxaca;div-nueva-espana;Alcaldia Mayor agregada de Chinantla y Ucila;[[:conceptos:agregado|Alcaldia Mayor agregada]] de Chinantla y Ucila;False
1045;NES;JUNEVCCS;Alcaldia Mayor;Cosamaloapan;Cosamaloapan y Guaspaltepeque;1770;exact;1786;exact;;;;;False;;AM;AM;cosamaloapan_jurisdiccion_nes;conceptos:alcaldia_mayor;NEVCCSJU;nes_veracruz_cosamaloapan;NES;Veracruz;div-nueva-espana;Alcaldia Mayor de Cosamaloapan;[[:conceptos:alcaldia_mayor|Alcaldia Mayor]] de Cosamaloapan;False
1046;NES;JUNEVCCS;Subdelegacion;Cosamaloapan;Cosamaloapan;1787;exact;1808;hgis;;;;;False;;Sd.;Sd.;cosamaloapan_jurisdiccion_nes;conceptos:subdelegacion;NEVCCSJU;nes_veracruz_cosamaloapan;NES;Veracruz;div-nueva-espana;Subdelegacion de Cosamaloapan;[[:conceptos:subdelegacion|Subdelegacion]] de Cosamaloapan;False
1047;NES;JUNEVCCO;Alcaldia Mayor;Cordoba;Cordoba;1618;exact;1786;exact;;;;;False;;AM;AM;cordoba_jurisdiccion_nes;conceptos:alcaldia_mayor;NEVCCOJU;nes_veracruz_cordoba;NES;Veracruz;div-nueva-espana;Alcaldia Mayor de Cordoba;[[:conceptos:alcaldia_mayor|Alcaldia Mayor]] de Cordoba;False
1048;NES;JUNEVCCO;Subdelegacion;Cordoba;Cordoba;1787;exact;1808;hgis;;;;;False;;Sd.;Sd.;cordoba_jurisdiccion_nes;conceptos:subdelegacion;NEVCCOJU;nes_veracruz_cordoba;NES;Veracruz;div-nueva-espana;Subdelegacion de Cordoba;[[:conceptos:subdelegacion|Subdelegacion]] de Cordoba;False
1049;NES;JUNEVCCZ;Alcaldia Mayor;Acayuca;Guazacualco y Acayuca;1635;ca;1786;exact;;;;;False;;AM;AM;acayuca_jurisdiccion_nes;conceptos:alcaldia_mayor;NEVCCZJU;nes_veracruz_acayuca;NES;Veracruz;div-nueva-espana;Alcaldia Mayor de Acayuca;[[:conceptos:alcaldia_mayor|Alcaldia Mayor]] de Acayuca;False
1050;NES;JUNEVCCZ;Subdelegacion;Acayuca;Acayuca;1787;exact;1808;hgis;;;;;False;;Sd.;Sd.;acayuca_jurisdiccion_nes;conceptos:subdelegacion;NEVCCZJU;nes_veracruz_acayuca;NES;Veracruz;div-nueva-espana;Subdelegacion de Acayuca;[[:conceptos:subdelegacion|Subdelegacion]] de Acayuca;False
1051;NES;JUNEVCJA;Subdelegacion;Jalacingo;Jalacingo;1791;ca;1808;hgis;;;;;False;;Sd.;Sd.;jalacingo_jurisdiccion_nes;conceptos:subdelegacion;NEVCJAJU;nes_veracruz_jalacingo;NES;Veracruz;div-nueva-espana;Subdelegacion de Jalacingo;[[:conceptos:subdelegacion|Subdelegacion]] de Jalacingo;False
1052;NES;JUNEVCPP;Alcaldia Mayor;Papantla;Papantla;1633;not_after;1786;exact;;;;;False;;AM;AM;papantla_jurisdiccion_nes;conceptos:alcaldia_mayor;NEVCPPJU;nes_veracruz_papantla;NES;Veracruz;div-nueva-espana;Alcaldia Mayor de Papantla;[[:conceptos:alcaldia_mayor|Alcaldia Mayor]] de Papantla;False
1053;NES;JUNEVCPP;Subdelegacion;Papantla;Papantla;1787;exact;1808;hgis;;;;;False;;Sd.;Sd.;papantla_jurisdiccion_nes;conceptos:subdelegacion;NEVCPPJU;nes_veracruz_papantla;NES;Veracruz;div-nueva-espana;Subdelegacion de Papantla;[[:conceptos:subdelegacion|Subdelegacion]] de Papantla;False
1054;NES;JUNEVCOR;Alcaldia Mayor;Orizaba;Orizaba;1640;ca;1786;exact;1638;1640;;;False;;AM;AM;orizaba_jurisdiccion_nes;conceptos:alcaldia_mayor;NEVCORJU;nes_veracruz_orizaba;NES;Veracruz;div-nueva-espana;Alcaldia Mayor de Orizaba;[[:conceptos:alcaldia_mayor|Alcaldia Mayor]] de Orizaba;False
1055;NES;JUNEVCOR;Subdelegacion;Orizaba;Orizaba;1787;exact;1808;hgis;;;;;False;;Sd.;Sd.;orizaba_jurisdiccion_nes;conceptos:subdelegacion;NEVCORJU;nes_veracruz_orizaba;NES;Veracruz;div-nueva-espana;Subdelegacion de Orizaba;[[:conceptos:subdelegacion|Subdelegacion]] de Orizaba;False
1056;NES;JUNEVCTC;Alcaldia Mayor;Tuxtla y Cotaxtla;Tuxtla y Cotaxtla;1639;not_after;1808;hgis;1609;1639;;;False;;AM;AM;tuxtla y cotaxtla_jurisdiccion_nes;conceptos:alcaldia_mayor;NEVCTCJU;nes_veracruz_tuxtla y cotaxtla;NES;Veracruz;div-nueva-espana;Alcaldia Mayor de Tuxtla y Cotaxtla;[[:conceptos:alcaldia_mayor|Alcaldia Mayor]] de Tuxtla y Cotaxtla;False
1058;NES;JUNEVCVA;Alcaldia Mayor;La Antigua;La Antigua;1599;ca;1786;exact;;;;;False;;AM;AM;la antigua_jurisdiccion_nes;conceptos:alcaldia_mayor;NEVCVAJU;nes_veracruz_la antigua;NES;Veracruz;div-nueva-espana;Alcaldia Mayor de La Antigua;[[:conceptos:alcaldia_mayor|Alcaldia Mayor]] de La Antigua;False
1059;NES;JUNEVCVA;Subdelegacion;La Antigua;La Antigua;1787;exact;1807;not_after;;;;;False;;Sd.;Sd.;la antigua_jurisdiccion_nes;conceptos:subdelegacion;NEVCVAJU;nes_veracruz_la antigua;NES;Veracruz;div-nueva-espana;Subdelegacion de La Antigua;[[:conceptos:subdelegacion|Subdelegacion]] de La Antigua;False
1061;NES;JUNEVCVE;Jurisdiccion;Veracruz;Veracruz;1731;exact;1808;hgis;;;;;False;PRNEVC00;Jur.;Jur.;nueva veracruz_jurisdiccion_nes;conceptos:cabecera;NEVCVEJU;nes_veracruz_nueva veracruz;NES;Veracruz;div-nueva-espana;Jurisdiccion cabecera de Veracruz;[[:conceptos:cabecera|Jurisdiccion cabecera]] de Veracruz;True
1062;NES;JUNEVCXA;Alcaldia Mayor;Xalapa;Xalapa y Xalacingo;1680;ca;1786;exact;;;;;False;;AM;AM;xalapa_jurisdiccion_nes;conceptos:alcaldia_mayor;NEVCXAJU;nes_veracruz_xalapa;NES;Veracruz;div-nueva-espana;Alcaldia Mayor de Xalapa;[[:conceptos:alcaldia_mayor|Alcaldia Mayor]] de Xalapa;False
1063;NES;JUNEVCXA;Subdelegacion;Xalapa;Xalapa;1787;exact;1808;hgis;;;;;False;;Sd.;Sd.;xalapa_jurisdiccion_nes;conceptos:subdelegacion;NEVCXAJU;nes_veracruz_xalapa;NES;Veracruz;div-nueva-espana;Subdelegacion de Xalapa;[[:conceptos:subdelegacion|Subdelegacion]] de Xalapa;False
1064;NES;SENEMV00;Marquesado;El Valle;El Valle;1529;exact;1573;exact;;;;;False;;Marq.;Marq.;marquesado del valle_señorio_nes;conceptos:senorio;NEMV00SE;nes_señorio_marquesado del valle;NES;Señorio;commons;Marquesado de El Valle;[[:conceptos:senorio|Marquesado]] de El Valle;False
1065;NES;SENEDA00;Ducado;Atrisco;Atrisco;1706;exact;1808;hgis;;;;;False;;Duc.;Duc.;ducado de atlixco_señorio_nes;conceptos:senorio;NEDA00SE;nes_señorio_ducado de atlixco;NES;Señorio;commons;Ducado de Atrisco;[[:conceptos:senorio|Ducado]] de Atrisco;False
1066;NES;SENEMV00;Marquesado;El Valle;El Valle;1726;exact;1808;hgis;;;;;False;;Marq.;Marq.;marquesado del valle_señorio_nes;conceptos:senorio;NEMV00SE;nes_señorio_marquesado del valle;NES;Señorio;commons;Marquesado de El Valle;[[:conceptos:senorio|Marquesado]] de El Valle;False
1067;NES;JUNETBTB;Alcaldia Mayor;Tabasco;Tabasco;1583;not_after;1782;ca;;;;;False;;AM;AM;tabasco_jurisdiccion_nes;conceptos:alcaldia_mayor;NETBTBJU;nes_yucatan_tabasco;NES;Yucatan;gerhardSE;Alcaldia Mayor de Tabasco;[[:conceptos:alcaldia_mayor|Alcaldia Mayor]] de Tabasco;False
1069;NES;JUNEBEBE;Colonia inglesa;Belice;Belice;1763;exact;1797;exact;;;;;False;;Col.ing.;Col.ing.;belice_jurisdiccion_nes;conceptos:entidades_atipicas;NEBEBEJU;nes_yucatan_belice;NES;Yucatan;wikipedia;Colonia inglesa de Belice;[[:conceptos:entidades_atipicas|Colonia inglesa]] de Belice;False
1072;NES;JUNEYUBA;Subdelegacion;Tihosuco;Tihosuco;1787;exact;1808;hgis;;;;;False;;Sd.;Sd.;beneficios altos_jurisdiccion_nes;conceptos:subdelegacion;NEYUBAJU;nes_yucatan_beneficios altos;NES;Yucatan;div-yucatan;Subdelegacion de Tihosuco;[[:conceptos:subdelegacion|Subdelegacion]] de Tihosuco;False
1073;NES;JUNEYUBB;Subdelegacion;Sotuta;Sotuta;1787;exact;1808;hgis;;;;;False;;Sd.;Sd.;beneficios bajos_jurisdiccion_nes;conceptos:subdelegacion;NEYUBBJU;nes_yucatan_beneficios bajos;NES;Yucatan;div-yucatan;Subdelegacion de Sotuta;[[:conceptos:subdelegacion|Subdelegacion]] de Sotuta;False
1074;NES;JUNEYUBC;Jurisdiccion;Bacalar;Bacalar;1544;exact;1778;exact;;;;;False;;Jur.;Jur.;bacalar_jurisdiccion_nes;conceptos:jurisdiccion;NEYUBCJU;nes_yucatan_bacalar;NES;Yucatan;div-yucatan;Jurisdiccion de Bacalar;[[:conceptos:jurisdiccion|Jurisdiccion]] de Bacalar;False
1076;NES;JUNEYUBC;Gobernacion;Bacalar;Bacalar;1779;exact;1808;hgis;;;;;False;;G;Gob.;bacalar_jurisdiccion_nes;conceptos:gobernacion;NEYUBCJU;nes_yucatan_bacalar;NES;Yucatan;div-yucatan;Gobernacion de Bacalar;[[:conceptos:gobernacion|Gobernacion]] de Bacalar;False
1077;NES;JUNEYUBO;Subdelegacion;Bolonchencauich;Bolonchencauich;1787;exact;1808;hgis;;;;;False;;Sd.;Sd.;bolonchencauich_jurisdiccion_nes;conceptos:subdelegacion;NEYUBOJU;nes_yucatan_bolonchencauich;NES;Yucatan;div-yucatan;Subdelegacion de Bolonchencauich;[[:conceptos:subdelegacion|Subdelegacion]] de Bolonchencauich;False
1078;NES;JUNEYUCA;Jurisdiccion;Campeche;Campeche;1541;exact;1786;exact;;;;;False;;Jur.;Jur.;campeche_jurisdiccion_nes;conceptos:jurisdiccion;NEYUCAJU;nes_yucatan_campeche;NES;Yucatan;div-yucatan;Jurisdiccion de Campeche;[[:conceptos:jurisdiccion|Jurisdiccion]] de Campeche;False
1079;NES;JUNEYUCA;Subdelegacion;Campeche;Campeche;1787;exact;1808;hgis;;;;;False;;Sd.;Sd.;campeche_jurisdiccion_nes;conceptos:subdelegacion;NEYUCAJU;nes_yucatan_campeche;NES;Yucatan;div-yucatan;Subdelegacion de Campeche;[[:conceptos:subdelegacion|Subdelegacion]] de Campeche;False
1080;NES;JUNEYULC;Subdelegacion;La Costa;La Costa;1787;exact;1808;hgis;;;;;False;;Sd.;Sd.;la costa_jurisdiccion_nes;conceptos:subdelegacion;NEYULCJU;nes_yucatan_la costa;NES;Yucatan;div-yucatan;Subdelegacion de La Costa;[[:conceptos:subdelegacion|Subdelegacion]] de La Costa;False
1081;NES;JUNEYULS;Subdelegacion;La Sierra;La Sierra;1787;exact;1801;ca;;;;;False;;Sd.;Sd.;la sierra_jurisdiccion_nes;conceptos:subdelegacion;NEYULSJU;nes_yucatan_la sierra;NES;Yucatan;div-yucatan;Subdelegacion de La Sierra;[[:conceptos:subdelegacion|Subdelegacion]] de La Sierra;False
1082;NES;JUNEYULS;Subdelegacion;Sierra Alta;Sierra Alta;1802;ca;1808;hgis;;;;;False;;Sd.;Sd.;la sierra_jurisdiccion_nes;conceptos:subdelegacion;NEYULSJU;nes_yucatan_la sierra;NES;Yucatan;div-yucatan;Subdelegacion de Sierra Alta;[[:conceptos:subdelegacion|Subdelegacion]] de Sierra Alta;False
1084;NES;JUNEYUME;Jurisdiccion;Merida;Merida;1111;start;1808;hgis;;;;;False;PRNEYU00;Jur.;Jur.;merida_jurisdiccion_nes;conceptos:cabecera;NEYUMEJU;nes_yucatan_merida;NES;Yucatan;div-yucatan;Jurisdiccion cabecera de Merida;[[:conceptos:cabecera|Jurisdiccion cabecera]] de Merida;True
1085;NES;JUNEYURA;Subdelegacion;Camino Real Alto;Camino Real Alto;1787;exact;1808;hgis;;;;;False;;Sd.;Sd.;camino real alto_jurisdiccion_nes;conceptos:subdelegacion;NEYURAJU;nes_yucatan_camino real alto;NES;Yucatan;div-yucatan;Subdelegacion de Camino Real Alto;[[:conceptos:subdelegacion|Subdelegacion]] de Camino Real Alto;False
1086;NES;JUNEYURB;Subdelegacion;Hunucma;Hunucma;1787;exact;1808;hgis;;;;;False;;Sd.;Sd.;camino real bajo_jurisdiccion_nes;conceptos:subdelegacion;NEYURBJU;nes_yucatan_camino real bajo;NES;Yucatan;div-yucatan;Subdelegacion de Hunucma;[[:conceptos:subdelegacion|Subdelegacion]] de Hunucma;False
1087;NES;JUNEYUSA;Subdelegacion;Sahcabchen;Sahcabchen;1787;exact;1808;hgis;;;;;False;;Sd.;Sd.;sahcabchen_jurisdiccion_nes;conceptos:subdelegacion;NEYUSAJU;nes_yucatan_sahcabchen;NES;Yucatan;div-yucatan;Subdelegacion de Sahcabchen;[[:conceptos:subdelegacion|Subdelegacion]] de Sahcabchen;False
1088;NES;JUNEYUSB;Subdelegacion;Sierra Baja;Sierra Baja;1802;ca;1808;hgis;;;;;False;;Sd.;Sd.;sierra baja_jurisdiccion_nes;conceptos:subdelegacion;NEYUSBJU;nes_yucatan_sierra baja;NES;Yucatan;div-yucatan;Subdelegacion de Sierra Baja;[[:conceptos:subdelegacion|Subdelegacion]] de Sierra Baja;False
1089;NES;JUNEYUTI;Subdelegacion;Tizimin;Tizimin;1787;exact;1808;hgis;;;;;False;;Sd.;Sd.;tizimin_jurisdiccion_nes;conceptos:subdelegacion;NEYUTIJU;nes_yucatan_tizimin;NES;Yucatan;div-yucatan;Subdelegacion de Tizimin;[[:conceptos:subdelegacion|Subdelegacion]] de Tizimin;False
1090;NES;JUNEYUVA;Jurisdiccion;Valladolid;Valladolid;1581;exact;1786;exact;;;;;False;;Jur.;Jur.;valladolid_jurisdiccion_nes;conceptos:jurisdiccion;NEYUVAJU;nes_yucatan_valladolid;NES;Yucatan;div-yucatan;Jurisdiccion de Valladolid;[[:conceptos:jurisdiccion|Jurisdiccion]] de Valladolid;False
1091;NES;JUNEYUVA;Subdelegacion;Valladolid;Valladolid;1787;exact;1808;hgis;;;;;False;;Sd.;Sd.;valladolid_jurisdiccion_nes;conceptos:subdelegacion;NEYUVAJU;nes_yucatan_valladolid;NES;Yucatan;div-yucatan;Subdelegacion de Valladolid;[[:conceptos:subdelegacion|Subdelegacion]] de Valladolid;False
1092;NES;JUNETBTB;Gobernacion;Tabasco;Tabasco;1783;ca;1808;hgis;;;;;False;;G;Gob.;tabasco_jurisdiccion_nes;conceptos:gobernacion;NETBTBJU;nes_yucatan_tabasco;NES;Yucatan;gerhardSE;Gobernacion de Tabasco;[[:conceptos:gobernacion|Gobernacion]] de Tabasco;False
1093;NES;JUNEOAAN;Corregimiento;Antequera;Antequera;1677;exact;1786;exact;;;;;False;;C;C;antequera_jurisdiccion_nes;conceptos:corregimiento;NEOAANJU;nes_oaxaca_antequera;NES;Oaxaca;div-nueva-espana;Corregimiento de Antequera;[[:conceptos:corregimiento|Corregimiento]] de Antequera;False
1094;NES;JUNEOAAN;Jurisdiccion;Antequera;Antequera;1787;exact;1808;hgis;;;;;False;PRNEOA00;Jur.;Jur.;antequera_jurisdiccion_nes;conceptos:cabecera;NEOAANJU;nes_oaxaca_antequera;NES;Oaxaca;div-nueva-espana;Jurisdiccion cabecera de Antequera;[[:conceptos:cabecera|Jurisdiccion cabecera]] de Antequera;True
1095;NES;JUNEOAAT;Corregimiento;Atlatlauca;Atlatlauca del Valle;1532;exact;1742;exact;;;;;False;;C;C;atlatlauca_jurisdiccion_nes;conceptos:corregimiento;NEOAATJU;nes_oaxaca_atlatlauca;NES;Oaxaca;div-nueva-espana;Corregimiento de Atlatlauca;[[:conceptos:corregimiento|Corregimiento]] de Atlatlauca;False
1096;NES;JUNEOACV;Alcaldia Mayor;Cuatro Villas;Cuatro Villas;1534;exact;1808;hgis;;;;;False;;AM;AM;cuatro villas_jurisdiccion_nes;conceptos:alcaldia_mayor;NEOACVJU;nes_oaxaca_cuatro villas;NES;Oaxaca;div-nueva-espana;Alcaldia Mayor de Cuatro Villas;[[:conceptos:alcaldia_mayor|Alcaldia Mayor]] de Cuatro Villas;False
1097;NES;JUNEOAAT;Corregimiento;Atlatlauca;Atlatlauca;1743;exact;1786;exact;;;;;True;JUNEOAAN;C;Part.;atlatlauca_jurisdiccion_nes;conceptos:agregado;NEOAATJU;nes_oaxaca_atlatlauca;NES;Oaxaca;div-nueva-espana;Corregimiento agregado de Atlatlauca;[[:conceptos:agregado|Corregimiento agregado]] de Atlatlauca;False
1098;NES;JUNEOAHL;Alcaldia Mayor;Huexolotitlan;Huexolotitlan;1705;not_after;1729;not_after;;1705;;;False;;AM;AM;huexolotitlan_jurisdiccion_nes;conceptos:alcaldia_mayor;NEOAHLJU;nes_oaxaca_huexolotitlan;NES;Oaxaca;div-nueva-espana;Alcaldia Mayor de Huexolotitlan;[[:conceptos:alcaldia_mayor|Alcaldia Mayor]] de Huexolotitlan;False
1099;NES;JUNEOAHL;Corregimiento;Huexolotitlan;Huexolotitlan;1730;not_after;1762;not_after;;1730;;;False;;C;C;huexolotitlan_jurisdiccion_nes;conceptos:corregimiento;NEOAHLJU;nes_oaxaca_huexolotitlan;NES;Oaxaca;div-nueva-espana;Corregimiento de Huexolotitlan;[[:conceptos:corregimiento|Corregimiento]] de Huexolotitlan;False
1100;NES;JUNEOAHP;Alcaldia Mayor;Huajuapan;Huajuapan;1631;ca;1786;exact;;;;;False;;AM;AM;huajuapan_jurisdiccion_nes;conceptos:alcaldia_mayor;NEOAHPJU;nes_oaxaca_huajuapan;NES;Oaxaca;div-nueva-espana;Alcaldia Mayor de Huajuapan;[[:conceptos:alcaldia_mayor|Alcaldia Mayor]] de Huajuapan;False
1101;NES;JUNEOAHP;Subdelegacion;Huajuapan;Huajuapan;1787;exact;1808;hgis;;;;;False;;Sd.;Sd.;huajuapan_jurisdiccion_nes;conceptos:subdelegacion;NEOAHPJU;nes_oaxaca_huajuapan;NES;Oaxaca;div-nueva-espana;Subdelegacion de Huajuapan;[[:conceptos:subdelegacion|Subdelegacion]] de Huajuapan;False
1102;NES;JUNEOAHM;Alcaldia Mayor;Huatulco y Huamelula;Huatulco y Huamelula;1600;ca;1709;not_after;;;;;False;;AM;AM;huatulco y huamelula_jurisdiccion_nes;conceptos:alcaldia_mayor;NEOAHMJU;nes_oaxaca_huatulco y huamelula;NES;Oaxaca;div-nueva-espana;Alcaldia Mayor de Huatulco y Huamelula;[[:conceptos:alcaldia_mayor|Alcaldia Mayor]] de Huatulco y Huamelula;False
1103;NES;JUNEOAHM;Subdelegacion;Huamelula;Huamelula;1795;not_after;1808;hgis;;1795;;;False;;Sd.;Sd.;huatulco y huamelula_jurisdiccion_nes;conceptos:subdelegacion;NEOAHMJU;nes_oaxaca_huatulco y huamelula;NES;Oaxaca;div-nueva-espana;Subdelegacion de Huamelula;[[:conceptos:subdelegacion|Subdelegacion]] de Huamelula;False
1106;NES;JUNEOAIX;Alcaldia Mayor;Ixtepeji;Ixtepeji;1669;not_after;1808;hgis;;;;;False;;AM;AM;ixtepeji_jurisdiccion_nes;conceptos:alcaldia_mayor;NEOAIXJU;nes_oaxaca_ixtepeji;NES;Oaxaca;div-nueva-espana;Alcaldia Mayor de Ixtepeji;[[:conceptos:alcaldia_mayor|Alcaldia Mayor]] de Ixtepeji;False
1107;NES;JUNEOAJI;Alcaldia Mayor;Jicayan;Jicayan;1600;arbitrary;1786;exact;;;;;False;;AM;AM;jicayan_jurisdiccion_nes;conceptos:alcaldia_mayor;NEOAJIJU;nes_oaxaca_jicayan;NES;Oaxaca;div-nueva-espana;Alcaldia Mayor de Jicayan;[[:conceptos:alcaldia_mayor|Alcaldia Mayor]] de Jicayan;False
1108;NES;JUNEOAJI;Subdelegacion;Jamiltepec;Jamiltepec;1787;exact;1808;hgis;;;;;False;;Sd.;Sd.;jicayan_jurisdiccion_nes;conceptos:subdelegacion;NEOAJIJU;nes_oaxaca_jicayan;NES;Oaxaca;div-nueva-espana;Subdelegacion de Jamiltepec;[[:conceptos:subdelegacion|Subdelegacion]] de Jamiltepec;False
1109;NES;JUNEOAHL;Subdelegacion;Huexolotitlan;Huexolotitlan;1792;not_before;1808;hgis;1792;;;;False;;Sd.;Sd.;huexolotitlan_jurisdiccion_nes;conceptos:subdelegacion;NEOAHLJU;nes_oaxaca_huexolotitlan;NES;Oaxaca;div-nueva-espana;Subdelegacion de Huexolotitlan;[[:conceptos:subdelegacion|Subdelegacion]] de Huexolotitlan;False
1110;NES;JUNEOAJM;Corregimiento;Jalapa Del Marques;Jalapa Del Marques;1563;exact;1808;hgis;;;;;False;;AM;AM;jalapa del marques_jurisdiccion_nes;conceptos:corregimiento;NEOAJMJU;nes_oaxaca_jalapa del marques;NES;Oaxaca;div-nueva-espana;Corregimiento de Jalapa Del Marques;[[:conceptos:corregimiento|Corregimiento]] de Jalapa Del Marques;False
1111;NES;JUNEOAJU;Alcaldia Mayor;Juxtlahuaca;Juxtlahuaca;1690;ca;1786;exact;;;;;False;;AM;AM;juxtlahuaca_jurisdiccion_nes;conceptos:alcaldia_mayor;NEOAJUJU;nes_oaxaca_juxtlahuaca;NES;Oaxaca;div-nueva-espana;Alcaldia Mayor de Juxtlahuaca;[[:conceptos:alcaldia_mayor|Alcaldia Mayor]] de Juxtlahuaca;False
1112;NES;JUNEOAJU;Subdelegacion;Juxtlahuaca;Juxtlahuaca;1794;not_after;1808;hgis;1787;1794;;;False;;Sd.;Sd.;juxtlahuaca_jurisdiccion_nes;conceptos:subdelegacion;NEOAJUJU;nes_oaxaca_juxtlahuaca;NES;Oaxaca;div-nueva-espana;Subdelegacion de Juxtlahuaca;[[:conceptos:subdelegacion|Subdelegacion]] de Juxtlahuaca;False
1113;NES;JUNEOAMI;Alcaldia Mayor;Miahuatlan;Miahuatlan;1646;arbitrary;1786;exact;;;;;False;;AM;AM;miahuatlan_jurisdiccion_nes;conceptos:alcaldia_mayor;NEOAMIJU;nes_oaxaca_miahuatlan;NES;Oaxaca;div-nueva-espana;Alcaldia Mayor de Miahuatlan;[[:conceptos:alcaldia_mayor|Alcaldia Mayor]] de Miahuatlan;False
1114;NES;JUNEOAMI;Subdelegacion;Miahuatlan;Miahuatlan;1787;exact;1808;hgis;;;;;False;;Sd.;Sd.;miahuatlan_jurisdiccion_nes;conceptos:subdelegacion;NEOAMIJU;nes_oaxaca_miahuatlan;NES;Oaxaca;div-nueva-espana;Subdelegacion de Miahuatlan;[[:conceptos:subdelegacion|Subdelegacion]] de Miahuatlan;False
1115;NES;JUNEOACM;Subdelegacion;Chontales;Chontales;1793;exact;1808;hgis;;;;;False;;Sd.;Sd.;chontales_jurisdiccion_nes;conceptos:subdelegacion;NEOACMJU;nes_oaxaca_chontales;NES;Oaxaca;div-nueva-espana;Subdelegacion de Chontales;[[:conceptos:subdelegacion|Subdelegacion]] de Chontales;False
1116;NES;JUNEOANE;Alcaldia Mayor;Nejapa;Nejapa;1570;exact;1786;exact;1686;1699;;;False;;AM;AM;nejapa_jurisdiccion_nes;conceptos:alcaldia_mayor;NEOANEJU;nes_oaxaca_nejapa;NES;Oaxaca;div-nueva-espana;Alcaldia Mayor de Nejapa;[[:conceptos:alcaldia_mayor|Alcaldia Mayor]] de Nejapa;False
1117;NES;JUNEOANE;Subdelegacion;Nejapa;Nejapa;1787;exact;1808;hgis;;;;;False;;Sd.;Sd.;nejapa_jurisdiccion_nes;conceptos:subdelegacion;NEOANEJU;nes_oaxaca_nejapa;NES;Oaxaca;div-nueva-espana;Subdelegacion de Nejapa;[[:conceptos:subdelegacion|Subdelegacion]] de Nejapa;False
1118;NES;JUNEOANO;Corregimiento;Nochixtlan;Nochixtlan;1545;not_after;1737;not_after;;;;;False;;C;C;nochixtlan_jurisdiccion_nes;conceptos:corregimiento;NEOANOJU;nes_oaxaca_nochixtlan;NES;Oaxaca;div-nueva-espana;Corregimiento de Nochixtlan;[[:conceptos:corregimiento|Corregimiento]] de Nochixtlan;False
1119;NES;JUNEOANO;Subdelegacion;Nochixtlan;Nochixtlan;1787;exact;1808;hgis;;;;;False;;Sd.;Sd.;nochixtlan_jurisdiccion_nes;conceptos:subdelegacion;NEOANOJU;nes_oaxaca_nochixtlan;NES;Oaxaca;div-nueva-espana;Subdelegacion de Nochixtlan;[[:conceptos:subdelegacion|Subdelegacion]] de Nochixtlan;False
1120;NES;JUNEOATC;Alcaldia Mayor;Cuicatlan;Cuicatlan y Papaloticpac;1696;not_before;1778;arbitrary;;;;;False;;AM;AM;cuicatlan_jurisdiccion_nes;conceptos:alcaldia_mayor;NEOATCJU;nes_oaxaca_cuicatlan;NES;Oaxaca;div-nueva-espana;Alcaldia Mayor de Cuicatlan;[[:conceptos:alcaldia_mayor|Alcaldia Mayor]] de Cuicatlan;False
1121;NES;JUNEOATC;Subdelegacion;Teotitlan Del Camino;Teotitlan Del Camino;1787;exact;1808;hgis;;;;;False;;Sd.;Sd.;cuicatlan_jurisdiccion_nes;conceptos:subdelegacion;NEOATCJU;nes_oaxaca_cuicatlan;NES;Oaxaca;div-nueva-espana;Subdelegacion de Teotitlan Del Camino;[[:conceptos:subdelegacion|Subdelegacion]] de Teotitlan Del Camino;False
1123;NES;JUNEOATL;Alcaldia Mayor;Teutila;Teutila;1556;exact;1769;ca;;;;;False;;AM;AM;teutila_jurisdiccion_nes;conceptos:alcaldia_mayor;NEOATLJU;nes_oaxaca_teutila;NES;Oaxaca;div-nueva-espana;Alcaldia Mayor de Teutila;[[:conceptos:alcaldia_mayor|Alcaldia Mayor]] de Teutila;False
1124;NES;JUNEOATL;Subdelegacion;Teutila;Teutila;1787;exact;1808;hgis;;;;;False;;Sd.;Sd.;teutila_jurisdiccion_nes;conceptos:subdelegacion;NEOATLJU;nes_oaxaca_teutila;NES;Oaxaca;div-nueva-espana;Subdelegacion de Teutila;[[:conceptos:subdelegacion|Subdelegacion]] de Teutila;False
1127;NES;JUNEOATZ;Alcaldia Mayor;Teozacoalco;Teozacoalco y Teococuilco;1680;ca;1786;exact;;;;;False;;AM;AM;teozacualco_jurisdiccion_nes;conceptos:alcaldia_mayor;NEOATZJU;nes_oaxaca_teozacualco;NES;Oaxaca;div-nueva-espana;Alcaldia Mayor de Teozacoalco;[[:conceptos:alcaldia_mayor|Alcaldia Mayor]] de Teozacoalco;False
1128;NES;JUNEOATZ;Subdelegacion;Teozacoalco;Teozacoalco y Teococuilco;1787;exact;1808;hgis;;;;;False;;Sd.;Sd.;teozacualco_jurisdiccion_nes;conceptos:subdelegacion;NEOATZJU;nes_oaxaca_teozacualco;NES;Oaxaca;div-nueva-espana;Subdelegacion de Teozacoalco;[[:conceptos:subdelegacion|Subdelegacion]] de Teozacoalco;False
1129;NES;JUNEOATP;Alcaldia Mayor;Teposcolula;Teposcolula y Yanguitlan;1689;ca;1786;exact;;;;;False;;AM;AM;teposcolula_jurisdiccion_nes;conceptos:alcaldia_mayor;NEOATPJU;nes_oaxaca_teposcolula;NES;Oaxaca;div-nueva-espana;Alcaldia Mayor de Teposcolula;[[:conceptos:alcaldia_mayor|Alcaldia Mayor]] de Teposcolula;False
1130;NES;JUNEOATP;Subdelegacion;Teposcolula;Teposcolula;1787;exact;1808;hgis;;;;;False;;Sd.;Sd.;teposcolula_jurisdiccion_nes;conceptos:subdelegacion;NEOATPJU;nes_oaxaca_teposcolula;NES;Oaxaca;div-nueva-espana;Subdelegacion de Teposcolula;[[:conceptos:subdelegacion|Subdelegacion]] de Teposcolula;False
1131;NES;JUNEOATT;Alcaldia Mayor;Tehuantepec;Tehuantepec;1529;exact;1786;exact;;;;;False;;AM;AM;tehuantepec_jurisdiccion_nes;conceptos:alcaldia_mayor;NEOATTJU;nes_oaxaca_tehuantepec;NES;Oaxaca;div-nueva-espana;Alcaldia Mayor de Tehuantepec;[[:conceptos:alcaldia_mayor|Alcaldia Mayor]] de Tehuantepec;False
1132;NES;JUNEOATT;Subdelegacion;Tehuantepec;Tehuantepec;1787;exact;1808;hgis;;;;;False;;Sd.;Sd.;tehuantepec_jurisdiccion_nes;conceptos:subdelegacion;NEOATTJU;nes_oaxaca_tehuantepec;NES;Oaxaca;div-nueva-espana;Subdelegacion de Tehuantepec;[[:conceptos:subdelegacion|Subdelegacion]] de Tehuantepec;False
1133;NES;JUNEOATV;Alcaldia Mayor;Mitla y Tlacolula;Mitla y Tlacolula;1680;ca;1786;exact;;;;;False;;AM;AM;teotitlan del valle_jurisdiccion_nes;conceptos:alcaldia_mayor;NEOATVJU;nes_oaxaca_teotitlan del valle;NES;Oaxaca;div-nueva-espana;Alcaldia Mayor de Mitla y Tlacolula;[[:conceptos:alcaldia_mayor|Alcaldia Mayor]] de Mitla y Tlacolula;False
1134;NES;JUNEOATV;Subdelegacion;Teotitlan Del Valle;Teotitlan Del Valle;1787;exact;1808;hgis;;;;;False;;Sd.;Sd.;teotitlan del valle_jurisdiccion_nes;conceptos:subdelegacion;NEOATVJU;nes_oaxaca_teotitlan del valle;NES;Oaxaca;div-nueva-espana;Subdelegacion de Teotitlan Del Valle;[[:conceptos:subdelegacion|Subdelegacion]] de Teotitlan Del Valle;False
1135;NES;JUNEOAVA;Alcaldia Mayor;Villa Alta;Villa Alta;1600;arbitrary;1786;exact;;;;;False;;AM;AM;villa alta_jurisdiccion_nes;conceptos:alcaldia_mayor;NEOAVAJU;nes_oaxaca_villa alta;NES;Oaxaca;div-nueva-espana;Alcaldia Mayor de Villa Alta;[[:conceptos:alcaldia_mayor|Alcaldia Mayor]] de Villa Alta;False
1136;NES;JUNEOAVA;Subdelegacion;Villa Alta;Villa Alta;1787;exact;1808;hgis;;;;;False;;Sd.;Sd.;villa alta_jurisdiccion_nes;conceptos:subdelegacion;NEOAVAJU;nes_oaxaca_villa alta;NES;Oaxaca;div-nueva-espana;Subdelegacion de Villa Alta;[[:conceptos:subdelegacion|Subdelegacion]] de Villa Alta;False
1137;NES;JUNEOAZI;Alcaldia Mayor;Zimatlan;Chichicapa y Zimatlan;1687;not_after;1786;exact;1676;1687;;;False;;AM;AM;zimatlan_jurisdiccion_nes;conceptos:alcaldia_mayor;NEOAZIJU;nes_oaxaca_zimatlan;NES;Oaxaca;div-nueva-espana;Alcaldia Mayor de Zimatlan;[[:conceptos:alcaldia_mayor|Alcaldia Mayor]] de Zimatlan;False
1138;NES;JUNEOAZI;Subdelegacion;Zimatlan;Zimatlan;1787;exact;1808;hgis;;;;;False;;Sd.;Sd.;zimatlan_jurisdiccion_nes;conceptos:subdelegacion;NEOAZIJU;nes_oaxaca_zimatlan;NES;Oaxaca;div-nueva-espana;Subdelegacion de Zimatlan;[[:conceptos:subdelegacion|Subdelegacion]] de Zimatlan;False
1139;NES;JUNEOAPE;Corregimiento;Peñoles;Ixquintepeque-Peñoles;1689;not_before;1757;not_after;1689;1707;;;True;JUNEOANO;C;Part.;ixcuintepec peñoles_jurisdiccion_nes;conceptos:agregado;NEOAPEJU;nes_oaxaca_ixcuintepec peñoles;NES;Oaxaca;div-nueva-espana;Corregimiento agregado de Peñoles;[[:conceptos:agregado|Corregimiento agregado]] de Peñoles;False
1141;GUA;JUGUCHCR;Alcaldia Mayor;Chiapas;Chiapas;1701;hgis;1785;exact;;;;;False;;AM;AM;ciudad real_jurisdiccion_gua;conceptos:alcaldia_mayor;GUCHCRJU;gua_chiapas_ciudad real;GUA;Chiapas;;Alcaldia Mayor de Chiapas;[[:conceptos:alcaldia_mayor|Alcaldia Mayor]] de Chiapas;False
1142;GUA;JUGUCHCR;Jurisdiccion;Ciudad Real;Ciudad Real;1786;exact;1808;hgis;;;;;False;PRGUCH00;Jur.;Jur.;ciudad real_jurisdiccion_gua;conceptos:cabecera;GUCHCRJU;gua_chiapas_ciudad real;GUA;Chiapas;;Jurisdiccion cabecera de Ciudad Real;[[:conceptos:cabecera|Jurisdiccion cabecera]] de Ciudad Real;True
1144;GUA;JUGUCYCY;Jurisdiccion;Comayagua;Comayagua;1701;hgis;1808;hgis;;;;;False;PRGUCY00;Jur.;Jur.;comayagua_jurisdiccion_gua;conceptos:cabecera;GUCYCYJU;gua_comayagua_comayagua;GUA;Comayagua;;Jurisdiccion cabecera de Comayagua;[[:conceptos:cabecera|Jurisdiccion cabecera]] de Comayagua;True
1148;GUA;JUGUNILE;Jurisdiccion;Leon;Leon;1701;hgis;1808;hgis;;;;;False;PRGUNI00;Jur.;Jur.;leon_jurisdiccion_gua;conceptos:cabecera;GUNILEJU;gua_nicaragua_leon;GUA;Nicaragua;;Jurisdiccion cabecera de Leon;[[:conceptos:cabecera|Jurisdiccion cabecera]] de Leon;True
1150;GUA;PRGUCY00;Gobernacion-Capitania General;Honduras;Honduras;1564;exact;1755;exact;;;;;False;;G;CG;comayagua_provincia_gua;conceptos:gobernacion;GUCY00PR;gua_provincia_comayagua;GUA;Provincia;;Gobernacion-Capitania General de Honduras;[[:conceptos:gobernacion|Gobernacion-Capitania General]] de Honduras;False
1151;GUA;PRGUCR00;Gobernacion-Capitania General;Costa Rica;Costa Rica;1590;exact;1786;ca;;;;;False;;G;CG;costa rica_provincia_gua;conceptos:gobernacion;GUCR00PR;gua_provincia_costa rica;GUA;Provincia;;Gobernacion-Capitania General de Costa Rica;[[:conceptos:gobernacion|Gobernacion-Capitania General]] de Costa Rica;False
1152;GUA;JUGUGUGU;Jurisdiccion;El Valle;Valle de Guatemala;1754;ca;1808;hgis;;;;;False;SUGU0000;Jur.;Jur.;valle de guatemala_jurisdiccion_gua;conceptos:cabecera;GUGUGUJU;gua_guatemala_valle de guatemala;GUA;Guatemala;;Jurisdiccion cabecera de El Valle;[[:conceptos:cabecera|Jurisdiccion cabecera]] de El Valle;True
1153;GUA;JUGUNIGR;Jurisdiccion;Granada;Granada;1701;hgis;1808;hgis;;;;;False;;Jur.;Jur.;granada_jurisdiccion_gua;conceptos:jurisdiccion;GUNIGRJU;gua_nicaragua_granada;GUA;Nicaragua;;Jurisdiccion de Granada;[[:conceptos:jurisdiccion|Jurisdiccion]] de Granada;False
1154;GUA;JUGUNINS;Jurisdiccion;Nueva Segovia;Nueva Segovia;1701;hgis;1786;exact;;;;;False;;Jur.;Jur.;nueva segovia_jurisdiccion_gua;conceptos:jurisdiccion;GUNINSJU;gua_nicaragua_nueva segovia;GUA;Nicaragua;;Jurisdiccion de Nueva Segovia;[[:conceptos:jurisdiccion|Jurisdiccion]] de Nueva Segovia;False
1155;GUA;JUGUNINI;Jurisdiccion;Nicaragua;Nicaragua;1720;exact;1808;hgis;;;;;False;;Jur.;Jur.;nicaragua_jurisdiccion_gua;conceptos:jurisdiccion;GUNINIJU;gua_nicaragua_nicaragua;GUA;Nicaragua;;Jurisdiccion de Nicaragua;[[:conceptos:jurisdiccion|Jurisdiccion]] de Nicaragua;False
1157;GUA;JUGUGUIS;Colonia inglesa;Isla de San Andres;Isla de San Andres;1775;exact;1786;exact;;;;;False;;Jur.;Jur.;isla de san andres_jurisdiccion_gua;conceptos:entidades_atipicas;GUGUISJU;gua_guatemala_isla de san andres;GUA;Guatemala;;Colonia inglesa de Isla de San Andres;[[:conceptos:entidades_atipicas|Colonia inglesa]] de Isla de San Andres;False
1159;GUA;JUGUCYOM;Comandancia;Omoa;Omoa;1752;exact;1808;hgis;;;;;False;;Com.;Com.;omoa_jurisdiccion_gua;conceptos:jurisdiccion_militar;GUCYOMJU;gua_comayagua_omoa;GUA;Comayagua;;Comandancia de Omoa;[[:conceptos:jurisdiccion_militar|Comandancia]] de Omoa;False
1163;CHA;JUCCLPAP;Misiones;Apolobamba;Apolobamba;1701;hgis;1785;exact;;;;;False;;Mis.;Mis.;apolobamba_jurisdiccion_cha;conceptos:misiones;CCLPAPJU;cha_la paz_apolobamba;CHA;La Paz;;Misiones de Apolobamba;[[:conceptos:misiones|Misiones]] de Apolobamba;False
1167;CHL;JUCHCOCO;Jurisdiccion;Concepcion;Concepcion;1786;exact;1808;hgis;;;;;False;PRCHCO00;Jur.;Jur.;concepcion_jurisdiccion_chl;conceptos:cabecera;CHCOCOJU;chl_concepcion_concepcion;CHL;Concepcion;;Jurisdiccion cabecera de Concepcion;[[:conceptos:cabecera|Jurisdiccion cabecera]] de Concepcion;True
1168;CHL;JUCHCOCO;Corregimiento;Concepcion;Concepcion;1568;exact;1785;exact;;;;;False;;C;C;concepcion_jurisdiccion_chl;conceptos:corregimiento;CHCOCOJU;chl_concepcion_concepcion;CHL;Concepcion;;Corregimiento de Concepcion;[[:conceptos:corregimiento|Corregimiento]] de Concepcion;False
1169;CHL;JUCHSASA;Jurisdiccion;Santiago;Santiago;1786;exact;1808;hgis;;;;;False;PRCHSA00;Jur.;Jur.;santiago_jurisdiccion_chl;conceptos:cabecera;CHSASAJU;chl_santiago_santiago;CHL;Santiago;;Jurisdiccion cabecera de Santiago;[[:conceptos:cabecera|Jurisdiccion cabecera]] de Santiago;True
1170;CHL;JUCHSASA;Corregimiento;Santiago;Santiago;1568;exact;1785;exact;;;;;False;;C;C;santiago_jurisdiccion_chl;conceptos:corregimiento;CHSASAJU;chl_santiago_santiago;CHL;Santiago;;Corregimiento de Santiago;[[:conceptos:corregimiento|Corregimiento]] de Santiago;False
1171;PER;JUPEHUHU;Jurisdiccion;Huamanga;Huamanga;1784;exact;1808;hgis;;;;;False;PRPEHU00;Part.;Part.;huamanga_jurisdiccion_per;conceptos:cabecera;PEHUHUJU;per_huamanga_huamanga;PER;Huamanga;;Jurisdiccion cabecera de Huamanga;[[:conceptos:cabecera|Jurisdiccion cabecera]] de Huamanga;True
1172;PER;JUPEHUHU;Corregimiento;Huamanga;Huamanga;1565;not_after;1783;exact;;;;;False;;C;C;huamanga_jurisdiccion_per;conceptos:corregimiento;PEHUHUJU;per_huamanga_huamanga;PER;Huamanga;;Corregimiento de Huamanga;[[:conceptos:corregimiento|Corregimiento]] de Huamanga;False
1174;PER;JUPELILI;Jurisdiccion;Lima;Lima;1111;start;1808;hgis;;;;;False;PRPELI00;Jur.;Jur.;lima_jurisdiccion_per;conceptos:cabecera;PELILIJU;per_lima_lima;PER;Lima;;Jurisdiccion cabecera de Lima;[[:conceptos:cabecera|Jurisdiccion cabecera]] de Lima;True
1181;QUI;MIQUPOSU;Partido;Sucumbios;Sucumbios;1701;arbitrary;1808;hgis;;;;;False;;Part.;Part.;sucumbios_misiones_qui;conceptos:partido;QUPOSUMI;qui_popayan_sucumbios;QUI;Popayan;;Partido de Sucumbios;[[:conceptos:partido|Partido]] de Sucumbios;False
1182;QUI;PTQUJASA;Partido;Santiago;Santiago de las Montañas;1558;exact;1808;hgis;;;;;False;;Part.;Part.;santiago de las montañas_partido_qui;conceptos:partido;QUJASAPT;qui_jaen_santiago de las montañas;QUI;Jaen;;Partido de Santiago;[[:conceptos:partido|Partido]] de Santiago;False
1183;QUI;JUQULOLO;Corregimiento;Loja;Loja, Zamora y Minas de Zaruma;1582;exact;1808;hgis;;;;;False;;C;C;loja_jurisdiccion_qui;conceptos:corregimiento;QULOLOJU;qui_quito_loja;QUI;Quito;;Corregimiento de Loja;[[:conceptos:corregimiento|Corregimiento]] de Loja;False
1189;NES;JUNEPUIG;Alcaldia Mayor;Igualapa;Igualapa;1701;arbitrary;1786;exact;;;;;False;;AM;AM;igualapa_jurisdiccion_nes;conceptos:alcaldia_mayor;NEPUIGJU;nes_puebla_igualapa;NES;Puebla;div-nueva-espana;Alcaldia Mayor de Igualapa;[[:conceptos:alcaldia_mayor|Alcaldia Mayor]] de Igualapa;False
1190;NES;JUNEPUIG;Subdelegacion;Igualapa;Igualapa;1787;exact;1808;hgis;;;;;False;;Sd.;Sd.;igualapa_jurisdiccion_nes;conceptos:subdelegacion;NEPUIGJU;nes_puebla_igualapa;NES;Puebla;div-nueva-espana;Subdelegacion de Igualapa;[[:conceptos:subdelegacion|Subdelegacion]] de Igualapa;False
1191;NES;JUNEPUZM;Corregimiento;Zacatlan;Zacatlan de las Manzanas;1733;ca;1786;exact;;;;;False;;C;C;zacatlan de las manzanas_jurisdiccion_nes;conceptos:corregimiento;NEPUZMJU;nes_puebla_zacatlan de las manzanas;NES;Puebla;div-nueva-espana;Corregimiento de Zacatlan;[[:conceptos:corregimiento|Corregimiento]] de Zacatlan;False
1192;NES;JUNEPUZM;Subdelegacion;Zacatlan;Hueytlalpan y Zacatlan;1787;exact;1808;hgis;;;;;False;;Sd.;Sd.;zacatlan de las manzanas_jurisdiccion_nes;conceptos:subdelegacion;NEPUZMJU;nes_puebla_zacatlan de las manzanas;NES;Puebla;div-nueva-espana;Subdelegacion de Zacatlan;[[:conceptos:subdelegacion|Subdelegacion]] de Zacatlan;False
1193;NES;JUNEPUAC;Alcaldia Mayor;Acatlan;Acatlan y Piastla;1558;ca;1730;not_before;;;;;False;;AM;AM;acatlan_jurisdiccion_nes;conceptos:alcaldia_mayor;NEPUACJU;nes_puebla_acatlan;NES;Puebla;div-nueva-espana;Alcaldia Mayor de Acatlan;[[:conceptos:alcaldia_mayor|Alcaldia Mayor]] de Acatlan;False
1194;NES;JUNEPUAC;Subdelegacion;Acatlan;Acatlan;1787;exact;1808;hgis;;;;;False;;Sd.;Sd.;acatlan_jurisdiccion_nes;conceptos:subdelegacion;NEPUACJU;nes_puebla_acatlan;NES;Puebla;div-nueva-espana;Subdelegacion de Acatlan;[[:conceptos:subdelegacion|Subdelegacion]] de Acatlan;False
1195;NES;JUNEPUAM;Subdelegacion;Amozoc;Amozoc;1787;not_before;1808;hgis;1787;;;;False;;Sd.;Sd.;amozoc_jurisdiccion_nes;conceptos:subdelegacion;NEPUAMJU;nes_puebla_amozoc;NES;Puebla;div-nueva-espana;Subdelegacion de Amozoc;[[:conceptos:subdelegacion|Subdelegacion]] de Amozoc;False
1196;NES;JUNEPUAT;Alcaldia Mayor;Atlixco;Atlixco;1579;exact;1808;hgis;;;;;False;;AM;AM;atlixco_jurisdiccion_nes;conceptos:alcaldia_mayor;NEPUATJU;nes_puebla_atlixco;NES;Puebla;div-nueva-espana;Alcaldia Mayor de Atlixco;[[:conceptos:alcaldia_mayor|Alcaldia Mayor]] de Atlixco;False
1197;NES;JUNEPUCE;Corregimiento;Chietla;Chietla;1545;exact;1730;not_after;;;;;False;;C;C;chietla_jurisdiccion_nes;conceptos:corregimiento;NEPUCEJU;nes_puebla_chietla;NES;Puebla;div-nueva-espana;Corregimiento de Chietla;[[:conceptos:corregimiento|Corregimiento]] de Chietla;False
1198;NES;JUNEPUCE;Corregimiento;Chietla;Chietla;1756;exact;1796;not_after;;;;;False;;C;C;chietla_jurisdiccion_nes;conceptos:corregimiento;NEPUCEJU;nes_puebla_chietla;NES;Puebla;div-nueva-espana;Corregimiento de Chietla;[[:conceptos:corregimiento|Corregimiento]] de Chietla;False
1199;NES;JUNEPUCE;Subdelegacion;Chietla;Chietla;1797;not_after;1808;hgis;;1796;;;False;;Sd.;Sd.;chietla_jurisdiccion_nes;conceptos:subdelegacion;NEPUCEJU;nes_puebla_chietla;NES;Puebla;div-nueva-espana;Subdelegacion de Chietla;[[:conceptos:subdelegacion|Subdelegacion]] de Chietla;False
1200;NES;JUNEPUCL;Alcaldia Mayor;Cholula;Cholula;1646;ca;1786;exact;;;;;False;;AM;AM;cholula_jurisdiccion_nes;conceptos:alcaldia_mayor;NEPUCLJU;nes_puebla_cholula;NES;Puebla;div-nueva-espana;Alcaldia Mayor de Cholula;[[:conceptos:alcaldia_mayor|Alcaldia Mayor]] de Cholula;False
1201;NES;JUNEPUCL;Subdelegacion;Cholula;Cholula;1787;exact;1808;hgis;;;;;False;;Sd.;Sd.;cholula_jurisdiccion_nes;conceptos:subdelegacion;NEPUCLJU;nes_puebla_cholula;NES;Puebla;div-nueva-espana;Subdelegacion de Cholula;[[:conceptos:subdelegacion|Subdelegacion]] de Cholula;False
1202;NES;JUNEPUCT;Alcaldia Mayor;Chiautla;Chiautla;1566;ca;1786;exact;;;;;False;;AM;AM;chiautla_jurisdiccion_nes;conceptos:alcaldia_mayor;NEPUCTJU;nes_puebla_chiautla;NES;Puebla;div-nueva-espana;Alcaldia Mayor de Chiautla;[[:conceptos:alcaldia_mayor|Alcaldia Mayor]] de Chiautla;False
1203;NES;JUNEPUCT;Subdelegacion;Chiautla;Chiautla;1787;exact;1808;hgis;;;;;False;;Sd.;Sd.;chiautla_jurisdiccion_nes;conceptos:subdelegacion;NEPUCTJU;nes_puebla_chiautla;NES;Puebla;div-nueva-espana;Subdelegacion de Chiautla;[[:conceptos:subdelegacion|Subdelegacion]] de Chiautla;False
1205;NES;JUNEPUHN;Alcaldia Mayor;Huauchinango;Huauchinango;1580;ca;1786;exact;;;;;False;;AM;AM;huauchinango_jurisdiccion_nes;conceptos:alcaldia_mayor;NEPUHNJU;nes_puebla_huauchinango;NES;Puebla;div-nueva-espana;Alcaldia Mayor de Huauchinango;[[:conceptos:alcaldia_mayor|Alcaldia Mayor]] de Huauchinango;False
1206;NES;JUNEPUHN;Subdelegacion;Huauchinango;Huauchinango;1787;exact;1808;hgis;;;;;False;;Sd.;Sd.;huauchinango_jurisdiccion_nes;conceptos:subdelegacion;NEPUHNJU;nes_puebla_huauchinango;NES;Puebla;div-nueva-espana;Subdelegacion de Huauchinango;[[:conceptos:subdelegacion|Subdelegacion]] de Huauchinango;False
1207;NES;JUNEPUHY;Alcaldia Mayor;Huayacocotla;Huayacocotla a y Chicontepec;1626;not_after;1786;exact;1600;1626;;;False;;AM;AM;huayacocotla y chicontepec_jurisdiccion_nes;conceptos:alcaldia_mayor;NEPUHYJU;nes_puebla_huayacocotla y chicontepec;NES;Puebla;div-nueva-espana;Alcaldia Mayor de Huayacocotla;[[:conceptos:alcaldia_mayor|Alcaldia Mayor]] de Huayacocotla;False
1208;NES;JUNEPUHY;Subdelegacion;Huayacocotla;Huayacocotla;1787;exact;1808;hgis;;;;;False;;Sd.;Sd.;huayacocotla y chicontepec_jurisdiccion_nes;conceptos:subdelegacion;NEPUHYJU;nes_puebla_huayacocotla y chicontepec;NES;Puebla;div-nueva-espana;Subdelegacion de Huayacocotla;[[:conceptos:subdelegacion|Subdelegacion]] de Huayacocotla;False
1209;NES;JUNEPUHZ;Alcaldia Mayor;Huejotzingo;Huejotzingo;1646;not_after;1786;exact;1600;1646;;;False;;AM;AM;huejotzingo_jurisdiccion_nes;conceptos:alcaldia_mayor;NEPUHZJU;nes_puebla_huejotzingo;NES;Puebla;div-nueva-espana;Alcaldia Mayor de Huejotzingo;[[:conceptos:alcaldia_mayor|Alcaldia Mayor]] de Huejotzingo;False
1210;NES;JUNEPUHZ;Subdelegacion;Huejotzingo;Huejotzingo;1787;exact;1808;hgis;;;;;False;;Sd.;Sd.;huejotzingo_jurisdiccion_nes;conceptos:subdelegacion;NEPUHZJU;nes_puebla_huejotzingo;NES;Puebla;div-nueva-espana;Subdelegacion de Huejotzingo;[[:conceptos:subdelegacion|Subdelegacion]] de Huejotzingo;False
1211;NES;JUNEPUIZ;Alcaldia Mayor;Izucar;Izucar;1559;not_before;1786;exact;1559;1560;;;False;;AM;AM;izucar_jurisdiccion_nes;conceptos:alcaldia_mayor;NEPUIZJU;nes_puebla_izucar;NES;Puebla;div-nueva-espana;Alcaldia Mayor de Izucar;[[:conceptos:alcaldia_mayor|Alcaldia Mayor]] de Izucar;False
1212;NES;JUNEPUIZ;Subdelegacion;Izucar;Izucar;1787;exact;1808;hgis;;;;;False;;Sd.;Sd.;izucar_jurisdiccion_nes;conceptos:subdelegacion;NEPUIZJU;nes_puebla_izucar;NES;Puebla;div-nueva-espana;Subdelegacion de Izucar;[[:conceptos:subdelegacion|Subdelegacion]] de Izucar;False
1213;NES;JUNEPUPU;Alcaldia Mayor;Puebla;Puebla;1555;exact;1754;exact;;;;;False;;AM;AM;puebla_jurisdiccion_nes;conceptos:alcaldia_mayor;NEPUPUJU;nes_puebla_puebla;NES;Puebla;div-nueva-espana;Alcaldia Mayor de Puebla;[[:conceptos:alcaldia_mayor|Alcaldia Mayor]] de Puebla;False
1214;NES;JUNEPUPU;Jurisdiccion;Puebla;Puebla;1787;exact;1808;hgis;;;;;False;PRNEPU00;Jur.;Jur.;puebla_jurisdiccion_nes;conceptos:cabecera;NEPUPUJU;nes_puebla_puebla;NES;Puebla;div-nueva-espana;Jurisdiccion cabecera de Puebla;[[:conceptos:cabecera|Jurisdiccion cabecera]] de Puebla;True
1215;NES;JUNEPUPU;Gobernacion;Puebla;Puebla;1755;exact;1786;exact;;;;;False;;G;Gob.;puebla_jurisdiccion_nes;conceptos:gobernacion;NEPUPUJU;nes_puebla_puebla;NES;Puebla;div-nueva-espana;Gobernacion de Puebla;[[:conceptos:gobernacion|Gobernacion]] de Puebla;False
1216;NES;JUNEPUTC;Alcaldia Mayor;Tecali;Tecali;1716;not_before;1786;exact;;;;;False;;AM;AM;tecali_jurisdiccion_nes;conceptos:alcaldia_mayor;NEPUTCJU;nes_puebla_tecali;NES;Puebla;div-nueva-espana;Alcaldia Mayor de Tecali;[[:conceptos:alcaldia_mayor|Alcaldia Mayor]] de Tecali;False
1217;NES;JUNEPUTC;Subdelegacion;Tecali;Tecali;1787;exact;1808;hgis;;;;;False;;Sd.;Sd.;tecali_jurisdiccion_nes;conceptos:subdelegacion;NEPUTCJU;nes_puebla_tecali;NES;Puebla;div-nueva-espana;Subdelegacion de Tecali;[[:conceptos:subdelegacion|Subdelegacion]] de Tecali;False
1218;NES;JUNEPUTE;Alcaldia Mayor;Teotlalco;Teotlalco;1576;ca;1769;not_after;;;;;False;;AM;AM;teutlalco_jurisdiccion_nes;conceptos:alcaldia_mayor;NEPUTEJU;nes_puebla_teutlalco;NES;Puebla;div-nueva-espana;Alcaldia Mayor de Teotlalco;[[:conceptos:alcaldia_mayor|Alcaldia Mayor]] de Teotlalco;False
1219;NES;JUNEPUTH;Alcaldia Mayor;Tehuacan;Tehuacan;1554;ca;1786;exact;1554;1555;;;False;;AM;AM;tehuacan_jurisdiccion_nes;conceptos:alcaldia_mayor;NEPUTHJU;nes_puebla_tehuacan;NES;Puebla;div-nueva-espana;Alcaldia Mayor de Tehuacan;[[:conceptos:alcaldia_mayor|Alcaldia Mayor]] de Tehuacan;False
1220;NES;JUNEPUTH;Subdelegacion;Tehuacan;Tehuacan;1787;exact;1808;hgis;;;;;False;;Sd.;Sd.;tehuacan_jurisdiccion_nes;conceptos:subdelegacion;NEPUTHJU;nes_puebla_tehuacan;NES;Puebla;div-nueva-espana;Subdelegacion de Tehuacan;[[:conceptos:subdelegacion|Subdelegacion]] de Tehuacan;False
1221;NES;JUNEPUTJ;Alcaldia Mayor;Tetela y Jonotla;Tetela y Jonotla;1660;ca;1786;exact;;;;;False;;AM;AM;tetela y jonotla_jurisdiccion_nes;conceptos:alcaldia_mayor;NEPUTJJU;nes_puebla_tetela y jonotla;NES;Puebla;div-nueva-espana;Alcaldia Mayor de Tetela y Jonotla;[[:conceptos:alcaldia_mayor|Alcaldia Mayor]] de Tetela y Jonotla;False
1222;NES;JUNEPUTJ;Subdelegacion;Tetela y Jonotla;Tetela y Jonotla;1787;exact;1808;hgis;;;;;False;;Sd.;Sd.;tetela y jonotla_jurisdiccion_nes;conceptos:subdelegacion;NEPUTJJU;nes_puebla_tetela y jonotla;NES;Puebla;div-nueva-espana;Subdelegacion de Tetela y Jonotla;[[:conceptos:subdelegacion|Subdelegacion]] de Tetela y Jonotla;False
1223;NES;JUNEPUTL;Alcaldia Mayor;Tlapa;Tlapa;1579;exact;1786;exact;;;;;False;;AM;AM;tlapa_jurisdiccion_nes;conceptos:alcaldia_mayor;NEPUTLJU;nes_puebla_tlapa;NES;Puebla;div-nueva-espana;Alcaldia Mayor de Tlapa;[[:conceptos:alcaldia_mayor|Alcaldia Mayor]] de Tlapa;False
1224;NES;JUNEPUTL;Subdelegacion;Tlapa;Tlapa;1787;exact;1808;hgis;;;;;False;;Sd.;Sd.;tlapa_jurisdiccion_nes;conceptos:subdelegacion;NEPUTLJU;nes_puebla_tlapa;NES;Puebla;div-nueva-espana;Subdelegacion de Tlapa;[[:conceptos:subdelegacion|Subdelegacion]] de Tlapa;False
1225;NES;JUNEPUTM;Subdelegacion;Totomehuacan;Totomehuacan;1787;not_before;1808;hgis;1787;;;;False;;Sd.;Sd.;totomehuacan_jurisdiccion_nes;conceptos:subdelegacion;NEPUTMJU;nes_puebla_totomehuacan;NES;Puebla;div-nueva-espana;Subdelegacion de Totomehuacan;[[:conceptos:subdelegacion|Subdelegacion]] de Totomehuacan;False
1226;NES;JUNEPUTO;Corregimiento;Tochimilco;Tochimilco;1600;ca;1786;not_before;;;;;False;;C;C;tochimilco_jurisdiccion_nes;conceptos:corregimiento;NEPUTOJU;nes_puebla_tochimilco;NES;Puebla;div-nueva-espana;Corregimiento de Tochimilco;[[:conceptos:corregimiento|Corregimiento]] de Tochimilco;False
1227;NES;JUNEPUTO;Subdelegacion;Tochimilco;Tochimilco;1791;not_after;1808;hgis;;1791;;;False;;Sd.;Sd.;tochimilco_jurisdiccion_nes;conceptos:subdelegacion;NEPUTOJU;nes_puebla_tochimilco;NES;Puebla;div-nueva-espana;Subdelegacion de Tochimilco;[[:conceptos:subdelegacion|Subdelegacion]] de Tochimilco;False
1228;NES;JUNEPUTP;Alcaldia Mayor;Tepeaca;Tepeaca;1710;ca;1786;exact;1709;1710;;;False;;AM;AM;tepeaca_jurisdiccion_nes;conceptos:alcaldia_mayor;NEPUTPJU;nes_puebla_tepeaca;NES;Puebla;div-nueva-espana;Alcaldia Mayor de Tepeaca;[[:conceptos:alcaldia_mayor|Alcaldia Mayor]] de Tepeaca;False
1229;NES;JUNEPUTP;Alcaldia Mayor-Subdelegacion;Tepeaca;Tepeaca;1787;exact;1808;hgis;;;;;False;;Sd.;Sd.;tepeaca_jurisdiccion_nes;conceptos:alcaldia_mayor;NEPUTPJU;nes_puebla_tepeaca;NES;Puebla;div-nueva-espana;Alcaldia Mayor-Subdelegacion de Tepeaca;[[:conceptos:alcaldia_mayor|Alcaldia Mayor-Subdelegacion]] de Tepeaca;False
1230;NES;JUNEPUTS;Alcaldia Mayor;Tepexi de la Seda;Tepexi de la Seda;1665;not_before;1786;exact;1665;1666;;;False;;AM;AM;tepexi de la seda_jurisdiccion_nes;conceptos:alcaldia_mayor;NEPUTSJU;nes_puebla_tepexi de la seda;NES;Puebla;div-nueva-espana;Alcaldia Mayor de Tepexi de la Seda;[[:conceptos:alcaldia_mayor|Alcaldia Mayor]] de Tepexi de la Seda;False
1231;NES;JUNEPUTS;Subdelegacion;Tepexi de la Seda;Tepexi de la Seda;1787;exact;1808;hgis;;;;;False;;Sd.;Sd.;tepexi de la seda_jurisdiccion_nes;conceptos:subdelegacion;NEPUTSJU;nes_puebla_tepexi de la seda;NES;Puebla;div-nueva-espana;Subdelegacion de Tepexi de la Seda;[[:conceptos:subdelegacion|Subdelegacion]] de Tepexi de la Seda;False
1232;NES;JUNEPUTZ;Alcaldia Mayor;Teziutlan;Teziutlan;1641;ca;1786;exact;;;;;False;;AM;AM;teziutlan_jurisdiccion_nes;conceptos:alcaldia_mayor;NEPUTZJU;nes_puebla_teziutlan;NES;Puebla;div-nueva-espana;Alcaldia Mayor de Teziutlan;[[:conceptos:alcaldia_mayor|Alcaldia Mayor]] de Teziutlan;False
1233;NES;JUNEPUTZ;Subdelegacion;Teziutlan;Teziutlan;1787;exact;1808;hgis;;;;;False;;Sd.;Sd.;teziutlan_jurisdiccion_nes;conceptos:subdelegacion;NEPUTZJU;nes_puebla_teziutlan;NES;Puebla;div-nueva-espana;Subdelegacion de Teziutlan;[[:conceptos:subdelegacion|Subdelegacion]] de Teziutlan;False
1234;NES;JUNEPUAH;Alcaldia Mayor;Ahuatlan;Ahuatlan;1681;ca;1740;ca;;;;;False;;AM;AM;ahuatlan_jurisdiccion_nes;conceptos:alcaldia_mayor;NEPUAHJU;nes_puebla_ahuatlan;NES;Puebla;div-nueva-espana;Alcaldia Mayor de Ahuatlan;[[:conceptos:alcaldia_mayor|Alcaldia Mayor]] de Ahuatlan;False
1235;NES;JUNEPUSJ;Alcaldia Mayor;San Juan de Los Llanos;San Juan de Los Llanos;1641;ca;1786;exact;;;;;False;;AM;AM;san juan de los llanos_jurisdiccion_nes;conceptos:alcaldia_mayor;NEPUSJJU;nes_puebla_san juan de los llanos;NES;Puebla;div-nueva-espana;Alcaldia Mayor de San Juan de Los Llanos;[[:conceptos:alcaldia_mayor|Alcaldia Mayor]] de San Juan de Los Llanos;False
1236;NES;JUNEPUSJ;Subdelegacion;San Juan de Los Llanos;San Juan de Los Llanos;1787;exact;1808;hgis;;;;;False;;Sd.;Sd.;san juan de los llanos_jurisdiccion_nes;conceptos:subdelegacion;NEPUSJJU;nes_puebla_san juan de los llanos;NES;Puebla;div-nueva-espana;Subdelegacion de San Juan de Los Llanos;[[:conceptos:subdelegacion|Subdelegacion]] de San Juan de Los Llanos;False
1241;NES;PTNEVCGU;Partido;Guaspaltepec;Guaspaltepec;1111;start;1786;exact;;;;;False;;Part.;Part.;guaspaltepec_partido_nes;conceptos:partido;NEVCGUPT;nes_veracruz_guaspaltepec;NES;Veracruz;div-nueva-espana;Partido de Guaspaltepec;[[:conceptos:partido|Partido]] de Guaspaltepec;False
1264;NES;PTNEYUCC;Partido;Chancenote;Chancenote;1111;start;1808;hgis;;;;;False;;Part.;Part.;chancenote_partido_nes;conceptos:partido;NEYUCCPT;nes_yucatan_chancenote;NES;Yucatan;div-yucatan;Partido de Chancenote;[[:conceptos:partido|Partido]] de Chancenote;False
1269;NES;JUNECNCA;Presidio;Carmen;Laguna de los Terminos;1717;exact;1757;not_after;;;;;False;;Com.;Com.;carmen_jurisdiccion_nes;conceptos:jurisdiccion_militar;NECNCAJU;nes_yucatan_carmen;NES;Yucatan;div-yucatan;Presidio de Carmen;[[:conceptos:jurisdiccion_militar|Presidio]] de Carmen;False
1275;NES;JCNEOACT;Partido;Cuicatlan;Cuicatlan;1696;not_before;1808;hgis;;;;;False;JUNEOATC;Part.;Part.;cuicatlan_partido_nes;conceptos:cabecera;NEOACTJC;nes_oaxaca_cuicatlan;NES;Oaxaca;div-nueva-espana;Partido cabecera de Cuicatlan;[[:conceptos:cabecera|Partido cabecera]] de Cuicatlan;True
1287;NES;JCNEOAPP;Partido;Papaloticpac;Papaloticpac y Tepeuzila;1696;arbitrary;1808;hgis;1685;1711;;;False;;Part.;Part.;papaloticpac_partido_nes;conceptos:partido;NEOAPPJC;nes_oaxaca_papaloticpac;NES;Oaxaca;div-nueva-espana;Partido de Papaloticpac;[[:conceptos:partido|Partido]] de Papaloticpac;False
1290;NES;PMNEOATO;Partido;Teocuicuilco;Teocuicuilco;1680;ca;1808;hgis;;;;;False;;Part.;Part.;teococuilco_partido_nes;conceptos:partido;NEOATOPM;nes_oaxaca_teococuilco;NES;Oaxaca;div-nueva-espana;Partido de Teocuicuilco;[[:conceptos:partido|Partido]] de Teocuicuilco;False
1294;NES;PTNEOAMT;Partido;Mitla y Tlacolula;Mitla y Tlacolula;1680;ca;1808;hgis;;;;;False;;Part.;Part.;mitla y tlacolula_partido_nes;conceptos:partido;NEOAMTPT;nes_oaxaca_mitla y tlacolula;NES;Oaxaca;div-nueva-espana;Partido de Mitla y Tlacolula;[[:conceptos:partido|Partido]] de Mitla y Tlacolula;False
1300;NES;JUNETLTL;Gobernacion;Tlaxcala;Tlaxcala;1587;exact;1808;hgis;;;;;False;;G;Gob.;tlaxcala_jurisdiccion_nes;conceptos:gobernacion;NETLTLJU;nes_puebla_tlaxcala;NES;Puebla;gerhardNE;Gobernacion de Tlaxcala;[[:conceptos:gobernacion|Gobernacion]] de Tlaxcala;False
1309;NES;JUNEPUHH;Alcaldia Mayor;Huatlatlauca;Huatlatlauca;1701;not_after;1786;not_after;;;;;True;JUNEPUTS;AM;Part.;huatlatlauca_jurisdiccion_nes;conceptos:agregado;NEPUHHJU;nes_puebla_huatlatlauca;NES;Puebla;div-nueva-espana;Alcaldia Mayor agregada de Huatlatlauca;[[:conceptos:agregado|Alcaldia Mayor agregada]] de Huatlatlauca;False
1322;GUA;FRGUCYTA;Fronteras;Taguzalpa;Golfo;1111;start;1808;hgis;;;;;False;;Fr.;Fr.;taguzalpa_fronteras_gua;conceptos:fronteras;GUCYTAFR;gua_fronteras_taguzalpa;GUA;Fronteras;juarros;Fronteras de Taguzalpa;[[:conceptos:fronteras|Fronteras]] de Taguzalpa;False
1323;GUA;FRGUNITO;Fronteras;Tologalpa;Golfo;1111;start;1808;hgis;;;;;False;;Fr.;Fr.;tologalpa_fronteras_gua;conceptos:fronteras;GUNITOFR;gua_fronteras_tologalpa;GUA;Fronteras;juarros;Fronteras de Tologalpa;[[:conceptos:fronteras|Fronteras]] de Tologalpa;False
1327;NES;PMNEPUJO;Partido;Jonotla;Jonotla;1111;start;1786;exact;;;;;False;;Part.;Part.;jonotla_partido_nes;conceptos:partido;NEPUJOPM;nes_puebla_jonotla;NES;Puebla;div-nueva-espana;Partido de Jonotla;[[:conceptos:partido|Partido]] de Jonotla;False
1332;QUI;PRQUMA00;Jurisdiccion;Borja;Borja;1744;exact;1757;exact;;;;;False;;Jur.;Jur.;maynas_provincia_qui;conceptos:jurisdiccion;QUMA00PR;qui_provincia_maynas;QUI;Provincia;;Jurisdiccion de Borja;[[:conceptos:jurisdiccion|Jurisdiccion]] de Borja;False
1333;QUI;JUQUCUCU;Jurisdiccion;Cuenca;Cuenca;1557;exact;1808;hgis;;;;;False;PRQUCU00;Jur.;Jur.;cuenca_jurisdiccion_qui;conceptos:cabecera;QUCUCUJU;qui_cuenca_cuenca;QUI;Cuenca;;Jurisdiccion cabecera de Cuenca;[[:conceptos:cabecera|Jurisdiccion cabecera]] de Cuenca;True
1334;NES;JUNEMXAC;Alcaldia Mayor;Acapulco;Acapulco;1548;ca;1709;ca;;;;;False;;AM;AM;acapulco_jurisdiccion_nes;conceptos:alcaldia_mayor;NEMXACJU;nes_mexico_acapulco;NES;Mexico;div-nueva-espana;Alcaldia Mayor de Acapulco;[[:conceptos:alcaldia_mayor|Alcaldia Mayor]] de Acapulco;False
1335;NES;JUNEMXAC;Gobernacion;Acapulco;Acapulco;1710;ca;1808;hgis;;;;;False;;G;Gob.;acapulco_jurisdiccion_nes;conceptos:gobernacion;NEMXACJU;nes_mexico_acapulco;NES;Mexico;div-nueva-espana;Gobernacion de Acapulco;[[:conceptos:gobernacion|Gobernacion]] de Acapulco;False
1336;NES;JUNEMXTI;Subdelegacion;Tixtla;Tixtla;1787;exact;1808;hgis;;;;;False;;Sd.;Sd.;tixtla_jurisdiccion_nes;conceptos:subdelegacion;NEMXTIJU;nes_mexico_tixtla;NES;Mexico;div-nueva-espana;Subdelegacion de Tixtla;[[:conceptos:subdelegacion|Subdelegacion]] de Tixtla;False
1340;NES;JUNEMXCL;Subdelegacion;Chilapa;Chilapa;1787;exact;1808;hgis;;;;;False;;Sd.;Sd.;chilapa_jurisdiccion_nes;conceptos:subdelegacion;NEMXCLJU;nes_mexico_chilapa;NES;Mexico;div-nueva-espana;Subdelegacion de Chilapa;[[:conceptos:subdelegacion|Subdelegacion]] de Chilapa;False
1342;NES;JUNEMXTR;Alcaldia Mayor;Tetela del Rio;Tetela del Rio;1600;exact;1786;exact;;1742;;;False;;AM;AM;tetela del rio_jurisdiccion_nes;conceptos:alcaldia_mayor;NEMXTRJU;nes_mexico_tetela del rio;NES;Mexico;div-nueva-espana;Alcaldia Mayor de Tetela del Rio;[[:conceptos:alcaldia_mayor|Alcaldia Mayor]] de Tetela del Rio;False
1343;NES;JUNEMXTR;Subdelegacion;Tetela del Rio;Tetela del Rio;1787;exact;1808;hgis;;;;;False;;Sd.;Sd.;tetela del rio_jurisdiccion_nes;conceptos:subdelegacion;NEMXTRJU;nes_mexico_tetela del rio;NES;Mexico;div-nueva-espana;Subdelegacion de Tetela del Rio;[[:conceptos:subdelegacion|Subdelegacion]] de Tetela del Rio;False
1344;NES;JUNEMXTI;Alcaldia Mayor;Tixtla;Tixtla;1600;ca;1786;exact;;;;;True;JUNEMXAC;AM;Part.;tixtla_jurisdiccion_nes;conceptos:agregado;NEMXTIJU;nes_mexico_tixtla;NES;Mexico;div-nueva-espana;Alcaldia Mayor agregada de Tixtla;[[:conceptos:agregado|Alcaldia Mayor agregada]] de Tixtla;False
1347;NES;JUNEMXTA;Alcaldia Mayor;Taxco;Minas de Taxco;1538;exact;1786;exact;;;;;False;;AM;AM;taxco_jurisdiccion_nes;conceptos:alcaldia_mayor;NEMXTAJU;nes_mexico_taxco;NES;Mexico;div-nueva-espana;Alcaldia Mayor de Taxco;[[:conceptos:alcaldia_mayor|Alcaldia Mayor]] de Taxco;False
1348;NES;JUNEMXTA;Subdelegacion;Taxco;Taxco;1787;exact;1808;hgis;;;;;False;;Sd.;Sd.;taxco_jurisdiccion_nes;conceptos:subdelegacion;NEMXTAJU;nes_mexico_taxco;NES;Mexico;div-nueva-espana;Subdelegacion de Taxco;[[:conceptos:subdelegacion|Subdelegacion]] de Taxco;False
1351;NES;JUNEOATC;Alcaldia Mayor;Teotitlan Del Camino;Teotitlan Del Camino;1779;arbitrary;1786;exact;;;;;False;;AM;AM;cuicatlan_jurisdiccion_nes;conceptos:alcaldia_mayor;NEOATCJU;nes_oaxaca_cuicatlan;NES;Oaxaca;div-nueva-espana;Alcaldia Mayor de Teotitlan Del Camino;[[:conceptos:alcaldia_mayor|Alcaldia Mayor]] de Teotitlan Del Camino;False
1353;NES;JUNEMXZP;Subdelegacion;Zacualpan;Zacualpan;1787;exact;1808;hgis;;;;;False;;Sd.;Sd.;zacualpan_jurisdiccion_nes;conceptos:subdelegacion;NEMXZPJU;nes_mexico_zacualpan;NES;Mexico;div-nueva-espana;Subdelegacion de Zacualpan;[[:conceptos:subdelegacion|Subdelegacion]] de Zacualpan;False
1354;NES;JUNEMXTE;Alcaldia Mayor;Temascaltepec;Minas de Temascaltepec;1545;ca;1786;exact;;;;;False;;AM;AM;temascaltepec_jurisdiccion_nes;conceptos:alcaldia_mayor;NEMXTEJU;nes_mexico_temascaltepec;NES;Mexico;div-nueva-espana;Alcaldia Mayor de Temascaltepec;[[:conceptos:alcaldia_mayor|Alcaldia Mayor]] de Temascaltepec;False
1355;NES;JUNEMXTE;Subdelegacion;Temascaltepec;Temascaltepec;1787;exact;1808;hgis;;;;;False;;Sd.;Sd.;temascaltepec_jurisdiccion_nes;conceptos:subdelegacion;NEMXTEJU;nes_mexico_temascaltepec;NES;Mexico;div-nueva-espana;Subdelegacion de Temascaltepec;[[:conceptos:subdelegacion|Subdelegacion]] de Temascaltepec;False
1358;NES;JUNEMXZU;Alcaldia Mayor;Zultepec;Zultepec;1713;not_after;1750;exact;1683;1713;;;True;JUNEMXTE;AM;Part.;zultepec_jurisdiccion_nes;conceptos:agregado;NEMXZUJU;nes_mexico_zultepec;NES;Mexico;div-nueva-espana;Alcaldia Mayor agregada de Zultepec;[[:conceptos:agregado|Alcaldia Mayor agregada]] de Zultepec;False
1360;NES;JUNEMXMA;Alcaldia Mayor;Malinalco;Malinalco;1551;not_before;1786;exact;1551;1559;;;False;;AM;AM;malinalco_jurisdiccion_nes;conceptos:alcaldia_mayor;NEMXMAJU;nes_mexico_malinalco;NES;Mexico;div-nueva-espana;Alcaldia Mayor de Malinalco;[[:conceptos:alcaldia_mayor|Alcaldia Mayor]] de Malinalco;False
1361;NES;JUNEMXMA;Subdelegacion;Malinalco;Malinalco;1787;exact;1808;hgis;;;;;False;;Sd.;Sd.;malinalco_jurisdiccion_nes;conceptos:subdelegacion;NEMXMAJU;nes_mexico_malinalco;NES;Mexico;div-nueva-espana;Subdelegacion de Malinalco;[[:conceptos:subdelegacion|Subdelegacion]] de Malinalco;False
1362;NES;PMNEMXAM;Partido;Amatepec;Amatepec;1111;start;1808;hgis;;;;;False;;Part.;Part.;amatepec_partido_nes;conceptos:partido;NEMXAMPM;nes_mexico_amatepec;NES;Mexico;div-nueva-espana;Partido de Amatepec;[[:conceptos:partido|Partido]] de Amatepec;False
1364;NES;JUNEMXCV;Alcaldia Mayor;Cuernavaca;Cuernavaca;1529;not_before;1808;hgis;;;;;False;;AM;AM;cuernavaca_jurisdiccion_nes;conceptos:alcaldia_mayor;NEMXCVJU;nes_mexico_cuernavaca;NES;Mexico;div-nueva-espana;Alcaldia Mayor de Cuernavaca;[[:conceptos:alcaldia_mayor|Alcaldia Mayor]] de Cuernavaca;False
1366;NES;JUNEMXCT;Alcaldia Mayor;Cuautla Amilpas;Cuautla Amilpas;1583;not_before;1786;exact;1583;1599;;;False;;AM;AM;cuautla amilpas_jurisdiccion_nes;conceptos:alcaldia_mayor;NEMXCTJU;nes_mexico_cuautla amilpas;NES;Mexico;div-nueva-espana;Alcaldia Mayor de Cuautla Amilpas;[[:conceptos:alcaldia_mayor|Alcaldia Mayor]] de Cuautla Amilpas;False
1367;NES;JUNEMXCT;Subdelegacion;Cuautla Amilpas;Cuautla Amilpas;1787;exact;1808;hgis;;;;;False;;Sd.;Sd.;cuautla amilpas_jurisdiccion_nes;conceptos:subdelegacion;NEMXCTJU;nes_mexico_cuautla amilpas;NES;Mexico;div-nueva-espana;Subdelegacion de Cuautla Amilpas;[[:conceptos:subdelegacion|Subdelegacion]] de Cuautla Amilpas;False
1368;NES;PMNEMXOC;Partido;Ocuituco;Ocuituco;1111;start;1808;hgis;;;;;False;;Part.;Part.;ocuituco_partido_nes;conceptos:partido;NEMXOCPM;nes_mexico_ocuituco;NES;Mexico;div-nueva-espana;Partido de Ocuituco;[[:conceptos:partido|Partido]] de Ocuituco;False
1369;NES;JUNEMXMC;Alcaldia Mayor;Metepec;Metepec y Zinacantepec;1763;exact;1786;exact;;;;;False;;AM;AM;metepec_jurisdiccion_nes;conceptos:alcaldia_mayor;NEMXMCJU;nes_mexico_metepec;NES;Mexico;div-nueva-espana;Alcaldia Mayor de Metepec;[[:conceptos:alcaldia_mayor|Alcaldia Mayor]] de Metepec;False
1370;NES;JUNEMXMC;Subdelegacion;Metepec;Metepec;1787;exact;1808;hgis;;;;;False;;Sd.;Sd.;metepec_jurisdiccion_nes;conceptos:subdelegacion;NEMXMCJU;nes_mexico_metepec;NES;Mexico;div-nueva-espana;Subdelegacion de Metepec;[[:conceptos:subdelegacion|Subdelegacion]] de Metepec;False
1372;NES;JUNEMXIH;Alcaldia Mayor;Ixtlahuaca;Ixtlahuaca;1762;exact;1786;exact;;;;;False;;AM;AM;ixtlahuaca_jurisdiccion_nes;conceptos:alcaldia_mayor;NEMXIHJU;nes_mexico_ixtlahuaca;NES;Mexico;div-nueva-espana;Alcaldia Mayor de Ixtlahuaca;[[:conceptos:alcaldia_mayor|Alcaldia Mayor]] de Ixtlahuaca;False
1373;NES;JUNEMXIH;Subdelegacion;Ixtlahuaca;Ixtlahuaca;1787;exact;1808;hgis;;;;;False;;Sd.;Sd.;ixtlahuaca_jurisdiccion_nes;conceptos:subdelegacion;NEMXIHJU;nes_mexico_ixtlahuaca;NES;Mexico;div-nueva-espana;Subdelegacion de Ixtlahuaca;[[:conceptos:subdelegacion|Subdelegacion]] de Ixtlahuaca;False
1374;NES;JUNEMXIG;Alcaldia Mayor;Iguala;Iguala;1651;ca;1775;not_after;;;;;False;;AM;AM;iguala_jurisdiccion_nes;conceptos:alcaldia_mayor;NEMXIGJU;nes_mexico_iguala;NES;Mexico;div-nueva-espana;Alcaldia Mayor de Iguala;[[:conceptos:alcaldia_mayor|Alcaldia Mayor]] de Iguala;False
1375;NES;JUNEMXIH;Alcaldia Mayor;Ixtlahuaca;Ixtlahuaca y Metepec;1596;exact;1761;exact;;;;;False;;AM;AM;ixtlahuaca_jurisdiccion_nes;conceptos:alcaldia_mayor;NEMXIHJU;nes_mexico_ixtlahuaca;NES;Mexico;div-nueva-espana;Alcaldia Mayor de Ixtlahuaca;[[:conceptos:alcaldia_mayor|Alcaldia Mayor]] de Ixtlahuaca;False
1376;NES;JUNEMXTV;Alcaldia Mayor;Tenango del Valle;Tenango del Valle;1646;ca;1786;exact;;;;;False;;AM;AM;tenango del valle_jurisdiccion_nes;conceptos:alcaldia_mayor;NEMXTVJU;nes_mexico_tenango del valle;NES;Mexico;div-nueva-espana;Alcaldia Mayor de Tenango del Valle;[[:conceptos:alcaldia_mayor|Alcaldia Mayor]] de Tenango del Valle;False
1377;NES;JUNEMXTV;Subdelegacion;Tenango del Valle;Tenango del Valle;1787;exact;1808;hgis;;;;;False;;Sd.;Sd.;tenango del valle_jurisdiccion_nes;conceptos:subdelegacion;NEMXTVJU;nes_mexico_tenango del valle;NES;Mexico;div-nueva-espana;Subdelegacion de Tenango del Valle;[[:conceptos:subdelegacion|Subdelegacion]] de Tenango del Valle;False
1379;NES;JUNEMXTO;Corregimiento;Toluca;Toluca;1725;not_after;1808;hgis;;;;;False;;C;C;toluca_jurisdiccion_nes;conceptos:corregimiento;NEMXTOJU;nes_mexico_toluca;NES;Mexico;div-nueva-espana;Corregimiento de Toluca;[[:conceptos:corregimiento|Corregimiento]] de Toluca;False
1382;NES;JUNEMXLE;Corregimiento;Lerma;Lerma;1680;exact;1786;exact;;;;;False;;C;C;lerma_jurisdiccion_nes;conceptos:corregimiento;NEMXLEJU;nes_mexico_lerma;NES;Mexico;div-nueva-espana;Corregimiento de Lerma;[[:conceptos:corregimiento|Corregimiento]] de Lerma;False
1383;NES;JUNEMXLE;Subdelegacion;Lerma;Lerma;1787;exact;1808;hgis;;;;;False;;Sd.;Sd.;lerma_jurisdiccion_nes;conceptos:subdelegacion;NEMXLEJU;nes_mexico_lerma;NES;Mexico;div-nueva-espana;Subdelegacion de Lerma;[[:conceptos:subdelegacion|Subdelegacion]] de Lerma;False
1385;NES;JUNEMXCY;Corregimiento;Coyoacan;Coyoacan;1530;exact;1572;exact;;;;;False;;C;C;coyoacan_jurisdiccion_nes;conceptos:corregimiento;NEMXCYJU;nes_mexico_coyoacan;NES;Mexico;div-nueva-espana;Corregimiento de Coyoacan;[[:conceptos:corregimiento|Corregimiento]] de Coyoacan;False
1387;NES;JUNEMXXO;Alcaldia Mayor;Xochimilco;Xochimilco;1570;not_before;1786;exact;1570;1578;;;False;;AM;AM;xochimilco_jurisdiccion_nes;conceptos:alcaldia_mayor;NEMXXOJU;nes_mexico_xochimilco;NES;Mexico;div-nueva-espana;Alcaldia Mayor de Xochimilco;[[:conceptos:alcaldia_mayor|Alcaldia Mayor]] de Xochimilco;False
1388;NES;JUNEMXXO;Subdelegacion;Xochimilco;Xochimilco;1787;exact;1808;hgis;;;;;False;;Sd.;Sd.;xochimilco_jurisdiccion_nes;conceptos:subdelegacion;NEMXXOJU;nes_mexico_xochimilco;NES;Mexico;div-nueva-espana;Subdelegacion de Xochimilco;[[:conceptos:subdelegacion|Subdelegacion]] de Xochimilco;False
1389;NES;JUNEMXCH;Alcaldia Mayor;Chalco;Chalco;1551;not_before;1768;not_after;1551;1559;;;False;;AM;AM;chalco_jurisdiccion_nes;conceptos:alcaldia_mayor;NEMXCHJU;nes_mexico_chalco;NES;Mexico;div-nueva-espana;Alcaldia Mayor de Chalco;[[:conceptos:alcaldia_mayor|Alcaldia Mayor]] de Chalco;False
1390;NES;JUNEMXCH;Subdelegacion;Chalco;Chalco;1787;exact;1808;hgis;;;;;False;;Sd.;Sd.;chalco_jurisdiccion_nes;conceptos:subdelegacion;NEMXCHJU;nes_mexico_chalco;NES;Mexico;div-nueva-espana;Subdelegacion de Chalco;[[:conceptos:subdelegacion|Subdelegacion]] de Chalco;False
1392;NES;JUNEMXTY;Alcaldia Mayor;Tlayacapa;Tlayacapa;1671;not_after;1704;not_after;1654;1671;;;True;JUNEMXCH;AM;AM;tlayacapa_jurisdiccion_nes;conceptos:alcaldia_mayor;NEMXTYJU;nes_mexico_tlayacapa;NES;Mexico;div-nueva-espana;Alcaldia Mayor de Tlayacapa;[[:conceptos:alcaldia_mayor|Alcaldia Mayor]] de Tlayacapa;False
1393;NES;JUNEMXCH;Alcaldia Mayor;Chalco;Chalco y Tlayacapa;1769;not_after;1786;exact;;1769;;;False;;AM;AM;chalco_jurisdiccion_nes;conceptos:alcaldia_mayor;NEMXCHJU;nes_mexico_chalco;NES;Mexico;div-nueva-espana;Alcaldia Mayor de Chalco;[[:conceptos:alcaldia_mayor|Alcaldia Mayor]] de Chalco;False
1394;NES;JUNEMXCO;Alcaldia Mayor;Coatepec;Coatepec;1646;not_after;1786;exact;;;;;False;;AM;AM;coatepec_jurisdiccion_nes;conceptos:alcaldia_mayor;NEMXCOJU;nes_mexico_coatepec;NES;Mexico;div-nueva-espana;Alcaldia Mayor de Coatepec;[[:conceptos:alcaldia_mayor|Alcaldia Mayor]] de Coatepec;False
1395;NES;JUNEMXCO;Subdelegacion;Coatepec;Coatepec;1787;exact;1808;hgis;;;;;False;;Sd.;Sd.;coatepec_jurisdiccion_nes;conceptos:subdelegacion;NEMXCOJU;nes_mexico_coatepec;NES;Mexico;div-nueva-espana;Subdelegacion de Coatepec;[[:conceptos:subdelegacion|Subdelegacion]] de Coatepec;False
1397;NES;JUNEMXMX;Jurisdiccion;Mexico;Mexico;1787;exact;1808;hgis;;;;;False;PRNEMX00;Jur.;Jur.;mexico_jurisdiccion_nes;conceptos:cabecera;NEMXMXJU;nes_mexico_mexico;NES;Mexico;div-nueva-espana;Jurisdiccion cabecera de Mexico;[[:conceptos:cabecera|Jurisdiccion cabecera]] de Mexico;True
1398;NES;JUNEMXMZ;Alcaldia Mayor*;Mexicaltzingo;Mexicaltzingo;1648;arbitrary;1786;exact;;;;;False;;AM;AM;mexicaltzingo_jurisdiccion_nes;conceptos:alcaldia_mayor;NEMXMZJU;nes_mexico_mexicaltzingo;NES;Mexico;div-nueva-espana;Alcaldia Mayor* de Mexicaltzingo;[[:conceptos:alcaldia_mayor|Alcaldia Mayor*]] de Mexicaltzingo;False
1399;NES;JUNEMXMZ;Subdelegacion;Mexicaltzingo;Mexicaltzingo;1792;not_before;1808;hgis;1792;;;;False;;Sd.;Sd.;mexicaltzingo_jurisdiccion_nes;conceptos:subdelegacion;NEMXMZJU;nes_mexico_mexicaltzingo;NES;Mexico;div-nueva-espana;Subdelegacion de Mexicaltzingo;[[:conceptos:subdelegacion|Subdelegacion]] de Mexicaltzingo;False
1402;NES;JUNEMXTC;Alcaldia Mayor;Tacuba;Tacuba;1595;ca;1786;exact;;;;;False;;AM;AM;tacuba_jurisdiccion_nes;conceptos:alcaldia_mayor;NEMXTCJU;nes_mexico_tacuba;NES;Mexico;div-nueva-espana;Alcaldia Mayor de Tacuba;[[:conceptos:alcaldia_mayor|Alcaldia Mayor]] de Tacuba;False
1403;NES;JUNEMXTC;Subdelegacion;Tacuba;Tacuba;1787;exact;1808;hgis;;;;;False;;Sd.;Sd.;tacuba_jurisdiccion_nes;conceptos:subdelegacion;NEMXTCJU;nes_mexico_tacuba;NES;Mexico;div-nueva-espana;Subdelegacion de Tacuba;[[:conceptos:subdelegacion|Subdelegacion]] de Tacuba;False
1405;NES;JUNEMXEC;Alcaldia Mayor;Ecatepec;Ecatepec;1641;ca;1786;exact;;;;;False;;AM;AM;ecatepec_jurisdiccion_nes;conceptos:alcaldia_mayor;NEMXECJU;nes_mexico_ecatepec;NES;Mexico;div-nueva-espana;Alcaldia Mayor de Ecatepec;[[:conceptos:alcaldia_mayor|Alcaldia Mayor]] de Ecatepec;False
1406;NES;JUNEMXEC;Subdelegacion;Ecatepec;Ecatepec;1787;exact;1808;hgis;;;;;False;;Sd.;Sd.;ecatepec_jurisdiccion_nes;conceptos:subdelegacion;NEMXECJU;nes_mexico_ecatepec;NES;Mexico;div-nueva-espana;Subdelegacion de Ecatepec;[[:conceptos:subdelegacion|Subdelegacion]] de Ecatepec;False
1408;NES;JUNEMXTH;Alcaldia Mayor;Teotihuacan;San Juan Teotihuacan;1641;ca;1786;exact;;;;;False;;AM;AM;teotihuacan_jurisdiccion_nes;conceptos:alcaldia_mayor;NEMXTHJU;nes_mexico_teotihuacan;NES;Mexico;div-nueva-espana;Alcaldia Mayor de Teotihuacan;[[:conceptos:alcaldia_mayor|Alcaldia Mayor]] de Teotihuacan;False
1409;NES;JUNEMXTH;Subdelegacion;Teotihuacan;San Juan Teotihuacan;1787;exact;1808;hgis;;;;;False;;Sd.;Sd.;teotihuacan_jurisdiccion_nes;conceptos:subdelegacion;NEMXTHJU;nes_mexico_teotihuacan;NES;Mexico;div-nueva-espana;Subdelegacion de Teotihuacan;[[:conceptos:subdelegacion|Subdelegacion]] de Teotihuacan;False
1410;NES;JUNEMXTX;Alcaldia Mayor;Texcoco;Texcoco;1552;ca;1786;exact;;;;;False;;AM;AM;texcoco_jurisdiccion_nes;conceptos:alcaldia_mayor;NEMXTXJU;nes_mexico_texcoco;NES;Mexico;div-nueva-espana;Alcaldia Mayor de Texcoco;[[:conceptos:alcaldia_mayor|Alcaldia Mayor]] de Texcoco;False
1411;NES;JUNEMXTX;Subdelegacion;Texcoco;Texcoco;1787;exact;1808;hgis;;;;;False;;Sd.;Sd.;texcoco_jurisdiccion_nes;conceptos:subdelegacion;NEMXTXJU;nes_mexico_texcoco;NES;Mexico;div-nueva-espana;Subdelegacion de Texcoco;[[:conceptos:subdelegacion|Subdelegacion]] de Texcoco;False
1413;NES;JUNEMXOT;Alcaldia Mayor;Otumba;Otumba;1636;ca;1786;exact;;;;;False;;AM;AM;otumba_jurisdiccion_nes;conceptos:alcaldia_mayor;NEMXOTJU;nes_mexico_otumba;NES;Mexico;div-nueva-espana;Alcaldia Mayor de Otumba;[[:conceptos:alcaldia_mayor|Alcaldia Mayor]] de Otumba;False
1414;NES;JUNEMXOT;Subdelegacion;Otumba;Otumba;1787;exact;1808;hgis;;;;;False;;Sd.;Sd.;otumba_jurisdiccion_nes;conceptos:subdelegacion;NEMXOTJU;nes_mexico_otumba;NES;Mexico;div-nueva-espana;Subdelegacion de Otumba;[[:conceptos:subdelegacion|Subdelegacion]] de Otumba;False
1416;NES;JUNEMXAP;Alcaldia Mayor;Apa y Tepeapulco;Apa y Tepeapulco;1623;not_after;1786;exact;1601;1623;;;False;;AM;AM;apan_jurisdiccion_nes;conceptos:alcaldia_mayor;NEMXAPJU;nes_mexico_apan;NES;Mexico;div-nueva-espana;Alcaldia Mayor de Apa y Tepeapulco;[[:conceptos:alcaldia_mayor|Alcaldia Mayor]] de Apa y Tepeapulco;False
1417;NES;JUNEMXAP;Subdelegacion;Apa;Apa;1787;exact;1808;hgis;;;;;False;;Sd.;Sd.;apan_jurisdiccion_nes;conceptos:subdelegacion;NEMXAPJU;nes_mexico_apan;NES;Mexico;div-nueva-espana;Subdelegacion de Apa;[[:conceptos:subdelegacion|Subdelegacion]] de Apa;False
1420;NES;JUNEMXTT;Alcaldia Mayor;Tetela del Volcan;Tetela del Volcan;1674;not_after;1783;not_after;1667;1674;;;False;;AM;AM;tetela del volcan_jurisdiccion_nes;conceptos:alcaldia_mayor;NEMXTTJU;nes_mexico_tetela del volcan;NES;Mexico;div-nueva-espana;Alcaldia Mayor de Tetela del Volcan;[[:conceptos:alcaldia_mayor|Alcaldia Mayor]] de Tetela del Volcan;False
1422;NES;JUNEMXTG;Alcaldia Mayor;Tulancingo;Singulica y Tulancingo;1575;exact;1786;exact;;;;;False;;AM;AM;tulancingo_jurisdiccion_nes;conceptos:alcaldia_mayor;NEMXTGJU;nes_mexico_tulancingo;NES;Mexico;div-nueva-espana;Alcaldia Mayor de Tulancingo;[[:conceptos:alcaldia_mayor|Alcaldia Mayor]] de Tulancingo;False
1423;NES;JUNEMXTG;Subdelegacion;Tulancingo;Tulancingo;1787;exact;1808;hgis;;;;;False;;Sd.;Sd.;tulancingo_jurisdiccion_nes;conceptos:subdelegacion;NEMXTGJU;nes_mexico_tulancingo;NES;Mexico;div-nueva-espana;Subdelegacion de Tulancingo;[[:conceptos:subdelegacion|Subdelegacion]] de Tulancingo;False
1425;NES;JUNEMXZE;Alcaldia Mayor;Zempoala;Zempoala;1640;ca;1786;exact;;;;;False;;AM;AM;zempoala_jurisdiccion_nes;conceptos:alcaldia_mayor;NEMXZEJU;nes_mexico_zempoala;NES;Mexico;div-nueva-espana;Alcaldia Mayor de Zempoala;[[:conceptos:alcaldia_mayor|Alcaldia Mayor]] de Zempoala;False
1426;NES;JUNEMXZE;Subdelegacion;Zempoala;Zempoala;1787;exact;1808;hgis;;;;;False;;Sd.;Sd.;zempoala_jurisdiccion_nes;conceptos:subdelegacion;NEMXZEJU;nes_mexico_zempoala;NES;Mexico;div-nueva-espana;Subdelegacion de Zempoala;[[:conceptos:subdelegacion|Subdelegacion]] de Zempoala;False
1428;NES;JUNEMXPA;Alcaldia Mayor;Pachuca;Minas de Pachuca;1600;arbitrary;1786;exact;;;;;False;;AM;AM;pachuca_jurisdiccion_nes;conceptos:alcaldia_mayor;NEMXPAJU;nes_mexico_pachuca;NES;Mexico;div-nueva-espana;Alcaldia Mayor de Pachuca;[[:conceptos:alcaldia_mayor|Alcaldia Mayor]] de Pachuca;False
1429;NES;JUNEMXPA;Subdelegacion;Pachuca;Pachuca;1787;exact;1808;hgis;;;;;False;;Sd.;Sd.;pachuca_jurisdiccion_nes;conceptos:subdelegacion;NEMXPAJU;nes_mexico_pachuca;NES;Mexico;div-nueva-espana;Subdelegacion de Pachuca;[[:conceptos:subdelegacion|Subdelegacion]] de Pachuca;False
1431;NES;JUNEMXAT;Alcaldia Mayor;Octupa;Octupa e Iscuintlapilco;1568;exact;1786;exact;;;;;False;;AM;AM;actopan_jurisdiccion_nes;conceptos:alcaldia_mayor;NEMXATJU;nes_mexico_actopan;NES;Mexico;div-nueva-espana;Alcaldia Mayor de Octupa;[[:conceptos:alcaldia_mayor|Alcaldia Mayor]] de Octupa;False
1432;NES;JUNEMXAT;Subdelegacion;Actopan;Actopan;1787;exact;1808;hgis;;;;;False;;Sd.;Sd.;actopan_jurisdiccion_nes;conceptos:subdelegacion;NEMXATJU;nes_mexico_actopan;NES;Mexico;div-nueva-espana;Subdelegacion de Actopan;[[:conceptos:subdelegacion|Subdelegacion]] de Actopan;False
1434;NES;JUNEMXTP;Alcaldia Mayor;Tetepango;Tetepango y Misquiaguala;1690;ca;1786;exact;;;;;False;;AM;AM;tetepango_jurisdiccion_nes;conceptos:alcaldia_mayor;NEMXTPJU;nes_mexico_tetepango;NES;Mexico;div-nueva-espana;Alcaldia Mayor de Tetepango;[[:conceptos:alcaldia_mayor|Alcaldia Mayor]] de Tetepango;False
1435;NES;JUNEMXTP;Subdelegacion;Tetepango;Tetepango;1787;exact;1808;hgis;;;;;False;;Sd.;Sd.;tetepango_jurisdiccion_nes;conceptos:subdelegacion;NEMXTPJU;nes_mexico_tetepango;NES;Mexico;div-nueva-espana;Subdelegacion de Tetepango;[[:conceptos:subdelegacion|Subdelegacion]] de Tetepango;False
1437;NES;JUNEMXZM;Alcaldia Mayor;Zumpango;Zumpango;1691;arbitrary;1786;exact;;;;;False;;AM;AM;zumpango_jurisdiccion_nes;conceptos:alcaldia_mayor;NEMXZMJU;nes_mexico_zumpango;NES;Mexico;div-nueva-espana;Alcaldia Mayor de Zumpango;[[:conceptos:alcaldia_mayor|Alcaldia Mayor]] de Zumpango;False
1438;NES;JUNEMXZM;Subdelegacion;Zumpango;Zumpango;1787;exact;1808;hgis;;;;;False;;Sd.;Sd.;zumpango_jurisdiccion_nes;conceptos:subdelegacion;NEMXZMJU;nes_mexico_zumpango;NES;Mexico;div-nueva-espana;Subdelegacion de Zumpango;[[:conceptos:subdelegacion|Subdelegacion]] de Zumpango;False
1440;NES;JUNEMXAQ;Alcaldia Mayor;Atitalaquia;Atitalaquia;1720;ca;1757;not_after;;;;;True;JUNEMXTP;AM;Part.;atitalaquia_jurisdiccion_nes;conceptos:agregado;NEMXAQJU;nes_mexico_atitalaquia;NES;Mexico;div-nueva-espana;Alcaldia Mayor agregada de Atitalaquia;[[:conceptos:agregado|Alcaldia Mayor agregada]] de Atitalaquia;False
1443;NES;JUNEMXMI;Alcaldia Mayor;Misquiaguala;Misquiaguala;1690;ca;1762;not_after;;;;;True;JUNEMXTP;AM;Part.;misquiaguala_jurisdiccion_nes;conceptos:agregado;NEMXMIJU;nes_mexico_misquiaguala;NES;Mexico;div-nueva-espana;Alcaldia Mayor agregada de Misquiaguala;[[:conceptos:agregado|Alcaldia Mayor agregada]] de Misquiaguala;False
1444;NES;JUNEMXCN;Alcaldia Mayor;Cuautitlan;Cuautitlan;1566;exact;1728;not_after;;;;;False;;AM;AM;cuautitlan_jurisdiccion_nes;conceptos:alcaldia_mayor;NEMXCNJU;nes_mexico_cuautitlan;NES;Mexico;div-nueva-espana;Alcaldia Mayor de Cuautitlan;[[:conceptos:alcaldia_mayor|Alcaldia Mayor]] de Cuautitlan;False
1445;NES;JUNEMXCN;Subdelegacion;Cuautitlan;Cuautitlan;1787;exact;1808;hgis;;;;;False;;Sd.;Sd.;cuautitlan_jurisdiccion_nes;conceptos:subdelegacion;NEMXCNJU;nes_mexico_cuautitlan;NES;Mexico;div-nueva-espana;Subdelegacion de Cuautitlan;[[:conceptos:subdelegacion|Subdelegacion]] de Cuautitlan;False
1447;NES;JUNEMXTU;Alcaldia Mayor;Tula;Tula;1563;not_after;1786;exact;;;;;False;;AM;AM;tula_jurisdiccion_nes;conceptos:alcaldia_mayor;NEMXTUJU;nes_mexico_tula;NES;Mexico;div-nueva-espana;Alcaldia Mayor de Tula;[[:conceptos:alcaldia_mayor|Alcaldia Mayor]] de Tula;False
1450;NES;JUNEMXHU;Alcaldia Mayor;Huichapan;Huichapan;1651;arbitrary;1786;exact;;;;;False;;AM;AM;huichapan_jurisdiccion_nes;conceptos:alcaldia_mayor;NEMXHUJU;nes_mexico_huichapan;NES;Mexico;div-nueva-espana;Alcaldia Mayor de Huichapan;[[:conceptos:alcaldia_mayor|Alcaldia Mayor]] de Huichapan;False
1451;NES;JUNEMXHU;Subdelegacion;Huichapan;Huichapan;1787;exact;1808;hgis;;;;;False;;Sd.;Sd.;huichapan_jurisdiccion_nes;conceptos:subdelegacion;NEMXHUJU;nes_mexico_huichapan;NES;Mexico;div-nueva-espana;Subdelegacion de Huichapan;[[:conceptos:subdelegacion|Subdelegacion]] de Huichapan;False
1453;NES;JUNEMXQU;Corregimiento;Queretaro;Queretaro;1662;not_after;1808;hgis;1656;1662;;;False;;C;C;queretaro_jurisdiccion_nes;conceptos:corregimiento;NEMXQUJU;nes_mexico_queretaro;NES;Mexico;div-nueva-espana;Corregimiento de Queretaro;[[:conceptos:corregimiento|Corregimiento]] de Queretaro;False
1455;NES;JUNEMXZI;Alcaldia Mayor;Zimapan;Minas de Zimapan;1590;not_after;1786;exact;1580;1590;;;False;;AM;AM;zimapan_jurisdiccion_nes;conceptos:alcaldia_mayor;NEMXZIJU;nes_mexico_zimapan;NES;Mexico;div-nueva-espana;Alcaldia Mayor de Zimapan;[[:conceptos:alcaldia_mayor|Alcaldia Mayor]] de Zimapan;False
1456;NES;JUNEMXZI;Subdelegacion;Zimapan;Zimapan;1787;exact;1808;hgis;;;;;False;;Sd.;Sd.;zimapan_jurisdiccion_nes;conceptos:subdelegacion;NEMXZIJU;nes_mexico_zimapan;NES;Mexico;div-nueva-espana;Subdelegacion de Zimapan;[[:conceptos:subdelegacion|Subdelegacion]] de Zimapan;False
1459;NES;JUNEMXMT;Alcaldia Mayor;Metztitlan;Metztitlan;1560;not_before;1786;exact;1560;1569;;;False;;AM;AM;metztitlan_jurisdiccion_nes;conceptos:alcaldia_mayor;NEMXMTJU;nes_mexico_metztitlan;NES;Mexico;div-nueva-espana;Alcaldia Mayor de Metztitlan;[[:conceptos:alcaldia_mayor|Alcaldia Mayor]] de Metztitlan;False
1460;NES;JUNEMXMT;Subdelegacion;Metztitlan;Metztitlan;1787;exact;1808;hgis;;;;;False;;Sd.;Sd.;metztitlan_jurisdiccion_nes;conceptos:subdelegacion;NEMXMTJU;nes_mexico_metztitlan;NES;Mexico;div-nueva-espana;Subdelegacion de Metztitlan;[[:conceptos:subdelegacion|Subdelegacion]] de Metztitlan;False
1461;NES;JUNEMXYA;Alcaldia Mayor;Yahualica;Sochicoatlan y Yahualica;1711;ca;1786;exact;;;;;False;;AM;AM;yahualica_jurisdiccion_nes;conceptos:alcaldia_mayor;NEMXYAJU;nes_mexico_yahualica;NES;Mexico;div-nueva-espana;Alcaldia Mayor de Yahualica;[[:conceptos:alcaldia_mayor|Alcaldia Mayor]] de Yahualica;False
1462;NES;JUNEMXYA;Subdelegacion;Yahualica;Yahualica;1787;exact;1808;hgis;;;;;False;;Sd.;Sd.;yahualica_jurisdiccion_nes;conceptos:subdelegacion;NEMXYAJU;nes_mexico_yahualica;NES;Mexico;div-nueva-espana;Subdelegacion de Yahualica;[[:conceptos:subdelegacion|Subdelegacion]] de Yahualica;False
1467;NES;JUNEMXHJ;Alcaldia Mayor;Huejutla;Huejutla;1740;not_after;1786;exact;;;;;False;;AM;AM;huejutla_jurisdiccion_nes;conceptos:alcaldia_mayor;NEMXHJJU;nes_mexico_huejutla;NES;Mexico;div-nueva-espana;Alcaldia Mayor de Huejutla;[[:conceptos:alcaldia_mayor|Alcaldia Mayor]] de Huejutla;False
1468;NES;JUNEMXHJ;Subdelegacion;Huejutla;Huejutla;1787;exact;1808;hgis;;;;;False;;Sd.;Sd.;huejutla_jurisdiccion_nes;conceptos:subdelegacion;NEMXHJJU;nes_mexico_huejutla;NES;Mexico;div-nueva-espana;Subdelegacion de Huejutla;[[:conceptos:subdelegacion|Subdelegacion]] de Huejutla;False
1471;NES;JUNEMXIM;Alcaldia Mayor;Ixmiquilpan;Ixmiquilpan;1561;arbitrary;1786;exact;;;;;False;;AM;AM;ixmiquilpan_jurisdiccion_nes;conceptos:alcaldia_mayor;NEMXIMJU;nes_mexico_ixmiquilpan;NES;Mexico;div-nueva-espana;Alcaldia Mayor de Ixmiquilpan;[[:conceptos:alcaldia_mayor|Alcaldia Mayor]] de Ixmiquilpan;False
1472;NES;JUNEMXIM;Subdelegacion;Ixmiquilpan;Ixmiquilpan;1787;exact;1808;hgis;;;;;False;;Sd.;Sd.;ixmiquilpan_jurisdiccion_nes;conceptos:subdelegacion;NEMXIMJU;nes_mexico_ixmiquilpan;NES;Mexico;div-nueva-espana;Subdelegacion de Ixmiquilpan;[[:conceptos:subdelegacion|Subdelegacion]] de Ixmiquilpan;False
1477;CHA;JUCCPOPO;Corregimiento;La Plata;La Plata y Villa imperial;1583;not_after;1772;exact;;;;;False;;C;C;potosi_jurisdiccion_cha;conceptos:corregimiento;CCPOPOJU;cha_potosi_potosi;CHA;Potosi;;Corregimiento de La Plata;[[:conceptos:corregimiento|Corregimiento]] de La Plata;False
1478;CHA;JUCCPOPO;Corregimiento;Potosi;Potosi;1773;exact;1783;exact;;;;;False;;C;C;potosi_jurisdiccion_cha;conceptos:corregimiento;CCPOPOJU;cha_potosi_potosi;CHA;Potosi;;Corregimiento de Potosi;[[:conceptos:corregimiento|Corregimiento]] de Potosi;False
1479;CHA;JUCCLPLP;Corregimiento;La Paz;La Paz;1583;not_after;1783;exact;;;;;False;;C;C;la paz_jurisdiccion_cha;conceptos:corregimiento;CCLPLPJU;cha_la paz_la paz;CHA;La Paz;;Corregimiento de La Paz;[[:conceptos:corregimiento|Corregimiento]] de La Paz;False
1480;NES;JUNEMXZT;Alcaldia Mayor;Zacatula;Zacatula;1676;not_after;1786;exact;1659;1676;;;True;JUNEGJLE;AM;Part.;zacatula_jurisdiccion_nes;conceptos:agregado;NEMXZTJU;nes_mexico_zacatula;NES;Mexico;div-nueva-espana;Alcaldia Mayor agregada de Zacatula;[[:conceptos:agregado|Alcaldia Mayor agregada]] de Zacatula;False
1481;NES;JUNEMXZT;Subdelegacion;Zacatula;Zacatula;1787;exact;1808;hgis;;;;;False;;Sd.;Sd.;zacatula_jurisdiccion_nes;conceptos:subdelegacion;NEMXZTJU;nes_mexico_zacatula;NES;Mexico;div-nueva-espana;Subdelegacion de Zacatula;[[:conceptos:subdelegacion|Subdelegacion]] de Zacatula;False
1484;NES;JUNEMXTT;Alcaldia Mayor;Tetela del Volcan;Tetela del Volcan;1784;not_after;1786;exact;;1784;;;True;JUNEMXCT;AM;Part.;tetela del volcan_jurisdiccion_nes;conceptos:agregado;NEMXTTJU;nes_mexico_tetela del volcan;NES;Mexico;div-nueva-espana;Alcaldia Mayor agregada de Tetela del Volcan;[[:conceptos:agregado|Alcaldia Mayor agregada]] de Tetela del Volcan;False
1485;NES;JUNEMXSO;Alcaldia Mayor;Sochicoatlan;Sochicoatlan;1646;arbitrary;1710;ca;;;;;False;;AM;AM;sochicoatlan_jurisdiccion_nes;conceptos:alcaldia_mayor;NEMXSOJU;nes_mexico_sochicoatlan;NES;Mexico;div-nueva-espana;Alcaldia Mayor de Sochicoatlan;[[:conceptos:alcaldia_mayor|Alcaldia Mayor]] de Sochicoatlan;False
1486;NES;JUNEMXSO;Partido;Sochicoatlan;Sochicoatlan;1711;ca;1786;exact;;;;;False;;Part.;Part.;sochicoatlan_jurisdiccion_nes;conceptos:partido;NEMXSOJU;nes_mexico_sochicoatlan;NES;Mexico;div-nueva-espana;Partido de Sochicoatlan;[[:conceptos:partido|Partido]] de Sochicoatlan;False
1488;NES;JUNEMXIT;Corregimiento;Iscateupan;Iscateupan;1671;not_before;1750;ca;;;;;True;JUNEMXZP;AM;Part.;ixcateopan_jurisdiccion_nes;conceptos:agregado;NEMXITJU;nes_mexico_ixcateopan;NES;Mexico;div-nueva-espana;Corregimiento agregado de Iscateupan;[[:conceptos:agregado|Corregimiento agregado]] de Iscateupan;False
1489;NES;JUNEMXZP;Alcaldia Mayor;Zacualpan;Zacualpan e Ixcateopan;1671;not_before;1786;exact;;;;;False;;AM;AM;zacualpan_jurisdiccion_nes;conceptos:alcaldia_mayor;NEMXZPJU;nes_mexico_zacualpan;NES;Mexico;div-nueva-espana;Alcaldia Mayor de Zacualpan;[[:conceptos:alcaldia_mayor|Alcaldia Mayor]] de Zacualpan;False
1497;NES;JUNEMXCA;Alcaldia Mayor;Cadereyta;Cadereyta;1675;exact;1786;exact;;;;;False;;AM;AM;cadereyta_jurisdiccion_nes;conceptos:alcaldia_mayor;NEMXCAJU;nes_mexico_cadereyta;NES;Mexico;div-nueva-espana;Alcaldia Mayor de Cadereyta;[[:conceptos:alcaldia_mayor|Alcaldia Mayor]] de Cadereyta;False
1498;NES;JUNEMXCA;Subdelegacion;Cadereyta;Cadereyta;1787;exact;1808;hgis;;;;;False;;Sd.;Sd.;cadereyta_jurisdiccion_nes;conceptos:subdelegacion;NEMXCAJU;nes_mexico_cadereyta;NES;Mexico;div-nueva-espana;Subdelegacion de Cadereyta;[[:conceptos:subdelegacion|Subdelegacion]] de Cadereyta;False
1501;NES;JUNEGJCE;Alcaldia Mayor;Celaya;Salvatierra y Celaya;1571;exact;1786;exact;;;;;False;;AM;AM;celaya_jurisdiccion_nes;conceptos:alcaldia_mayor;NEGJCEJU;nes_guanajuato_celaya;NES;Guanajuato;div-nueva-espana;Alcaldia Mayor de Celaya;[[:conceptos:alcaldia_mayor|Alcaldia Mayor]] de Celaya;False
1502;NES;JUNEGJCE;Subdelegacion;Celaya;Celaya;1787;exact;1808;hgis;;;;;False;;Sd.;Sd.;celaya_jurisdiccion_nes;conceptos:subdelegacion;NEGJCEJU;nes_guanajuato_celaya;NES;Guanajuato;div-nueva-espana;Subdelegacion de Celaya;[[:conceptos:subdelegacion|Subdelegacion]] de Celaya;False
1505;NES;JUNEGJGJ;Alcaldia Mayor;Guanajuato;Minas de Guanajuato;1559;exact;1786;exact;;;;;False;;AM;AM;guanajuato_jurisdiccion_nes;conceptos:alcaldia_mayor;NEGJGJJU;nes_guanajuato_guanajuato;NES;Guanajuato;div-nueva-espana;Alcaldia Mayor de Guanajuato;[[:conceptos:alcaldia_mayor|Alcaldia Mayor]] de Guanajuato;False
1506;NES;JUNEGJGJ;Jurisdiccion;Guanajuato;Guanajuato;1787;exact;1808;hgis;;;;;False;PRNEGJ00;Jur.;Jur.;guanajuato_jurisdiccion_nes;conceptos:cabecera;NEGJGJJU;nes_guanajuato_guanajuato;NES;Guanajuato;div-nueva-espana;Jurisdiccion cabecera de Guanajuato;[[:conceptos:cabecera|Jurisdiccion cabecera]] de Guanajuato;True
1508;NES;JUNEGJLE;Alcaldia Mayor;Leon y Zacatula;Leon y Zacatula;1670;ca;1786;exact;;;;;False;;AM;AM;villa de leon_jurisdiccion_nes;conceptos:alcaldia_mayor;NEGJLEJU;nes_guanajuato_villa de leon;NES;Guanajuato;div-nueva-espana;Alcaldia Mayor de Leon y Zacatula;[[:conceptos:alcaldia_mayor|Alcaldia Mayor]] de Leon y Zacatula;False
1509;NES;JUNEGJLE;Subdelegacion;Villa de Leon;Villa de Leon;1787;exact;1808;hgis;;;;;False;;Sd.;Sd.;villa de leon_jurisdiccion_nes;conceptos:subdelegacion;NEGJLEJU;nes_guanajuato_villa de leon;NES;Guanajuato;div-nueva-espana;Subdelegacion de Villa de Leon;[[:conceptos:subdelegacion|Subdelegacion]] de Villa de Leon;False
1511;NES;JUNEGJSM;Alcaldia Mayor;San Miguel;San Felipe y San Miguel;1562;not_before;1786;exact;;;;;False;;AM;AM;san miguel el grande_jurisdiccion_nes;conceptos:alcaldia_mayor;NEGJSMJU;nes_guanajuato_san miguel el grande;NES;Guanajuato;div-nueva-espana;Alcaldia Mayor de San Miguel;[[:conceptos:alcaldia_mayor|Alcaldia Mayor]] de San Miguel;False
1512;NES;JUNEGJSM;Subdelegacion;San Miguel;San Miguel el Grande;1787;exact;1808;hgis;;;;;False;;Sd.;Sd.;san miguel el grande_jurisdiccion_nes;conceptos:subdelegacion;NEGJSMJU;nes_guanajuato_san miguel el grande;NES;Guanajuato;div-nueva-espana;Subdelegacion de San Miguel;[[:conceptos:subdelegacion|Subdelegacion]] de San Miguel;False
1513;NES;JUNEGJSP;Alcaldia Mayor;San Luis de la Paz;San Luis de la Paz;1649;arbitrary;1786;exact;;;;;False;;AM;AM;san luis de la paz_jurisdiccion_nes;conceptos:alcaldia_mayor;NEGJSPJU;nes_guanajuato_san luis de la paz;NES;Guanajuato;div-nueva-espana;Alcaldia Mayor de San Luis de la Paz;[[:conceptos:alcaldia_mayor|Alcaldia Mayor]] de San Luis de la Paz;False
1514;NES;JUNEGJSP;Subdelegacion;San Luis de la Paz;San Luis de la Paz;1787;exact;1808;hgis;;;;;False;;Sd.;Sd.;san luis de la paz_jurisdiccion_nes;conceptos:subdelegacion;NEGJSPJU;nes_guanajuato_san luis de la paz;NES;Guanajuato;div-nueva-espana;Subdelegacion de San Luis de la Paz;[[:conceptos:subdelegacion|Subdelegacion]] de San Luis de la Paz;False
1516;NES;JUNEGJPG;Subdelegacion;Piedragorda;Piedragorda;1793;exact;1808;hgis;;;;;False;;Sd.;Sd.;piedra gorda_jurisdiccion_nes;conceptos:subdelegacion;NEGJPGJU;nes_guanajuato_piedra gorda;NES;Guanajuato;div-nueva-espana;Subdelegacion de Piedragorda;[[:conceptos:subdelegacion|Subdelegacion]] de Piedragorda;False
1518;NES;JUNEGJPE;Subdelegacion;Penjamo;Penjamo;1793;exact;1808;hgis;;;;;False;;Sd.;Sd.;penjamo_jurisdiccion_nes;conceptos:subdelegacion;NEGJPEJU;nes_guanajuato_penjamo;NES;Guanajuato;div-nueva-espana;Subdelegacion de Penjamo;[[:conceptos:subdelegacion|Subdelegacion]] de Penjamo;False
1520;NES;JUNEGJDO;Subdelegacion;Dolores;Dolores;1787;exact;1808;hgis;;;;;False;;Sd.;Sd.;dolores_jurisdiccion_nes;conceptos:subdelegacion;NEGJDOJU;nes_guanajuato_dolores;NES;Guanajuato;div-nueva-espana;Subdelegacion de Dolores;[[:conceptos:subdelegacion|Subdelegacion]] de Dolores;False
1521;NES;JUNEGJSI;Partido;Silao;Silao;1787;not_before;1808;hgis;1787;;;;False;;Part.;Part.;silao_jurisdiccion_nes;conceptos:partido;NEGJSIJU;nes_guanajuato_silao;NES;Guanajuato;div-nueva-espana;Partido de Silao;[[:conceptos:partido|Partido]] de Silao;False
1523;NES;JUNEGJSF;Subdelegacion-Jurisdiccion;San Felipe;San Felipe;1808;not_after;1808;hgis;;1808;;;False;;Sd.;Sd.;san felipe_jurisdiccion_nes;conceptos:subdelegacion;NEGJSFJU;nes_guanajuato_san felipe;NES;Guanajuato;div-nueva-espana;Subdelegacion-Jurisdiccion de San Felipe;[[:conceptos:subdelegacion|Subdelegacion-Jurisdiccion]] de San Felipe;False
1527;NES;JUNEMIMO;Alcaldia Mayor;Motines;Motines;1560;ca;1779;not_after;;;;;False;;AM;AM;motines_jurisdiccion_nes;conceptos:alcaldia_mayor;NEMIMOJU;nes_michoacan_motines;NES;Michoacan;div-nueva-espana;Alcaldia Mayor de Motines;[[:conceptos:alcaldia_mayor|Alcaldia Mayor]] de Motines;False
1528;NES;JUNEMIMO;Alcaldia Mayor;Motines;Motines;1780;not_after;1786;not_before;;1780;;;True;JUNEMITC;AM;Part.;motines_jurisdiccion_nes;conceptos:agregado;NEMIMOJU;nes_michoacan_motines;NES;Michoacan;div-nueva-espana;Alcaldia Mayor agregada de Motines;[[:conceptos:agregado|Alcaldia Mayor agregada]] de Motines;False
1529;NES;JUNEMIMO;Subdelegacion;Coayahuana;Coayahuana;1792;exact;1808;hgis;;;;;False;;Sd.;Sd.;motines_jurisdiccion_nes;conceptos:subdelegacion;NEMIMOJU;nes_michoacan_motines;NES;Michoacan;div-nueva-espana;Subdelegacion de Coayahuana;[[:conceptos:subdelegacion|Subdelegacion]] de Coayahuana;False
1535;NES;JUNEMITC;Subdelegacion;Apatzingan;Apatzingan;1788;exact;1808;hgis;;;;;False;;Sd.;Sd.;tancitaro_jurisdiccion_nes;conceptos:subdelegacion;NEMITCJU;nes_michoacan_tancitaro;NES;Michoacan;div-nueva-espana;Subdelegacion de Apatzingan;[[:conceptos:subdelegacion|Subdelegacion]] de Apatzingan;False
1536;NES;JUNEMICI;Alcaldia Mayor;Cinagua y La Guacana;Cinagua y La Guacana;1646;not_after;1729;not_after;1601;1646;;;False;;AM;AM;cinagua y la guacana_jurisdiccion_nes;conceptos:alcaldia_mayor;NEMICIJU;nes_michoacan_cinagua y la guacana;NES;Michoacan;div-nueva-espana;Alcaldia Mayor de Cinagua y La Guacana;[[:conceptos:alcaldia_mayor|Alcaldia Mayor]] de Cinagua y La Guacana;False
1537;NES;JUNEMICI;Subdelegacion;Ario;Ario;1788;exact;1808;hgis;;;;;False;;Sd.;Sd.;cinagua y la guacana_jurisdiccion_nes;conceptos:subdelegacion;NEMICIJU;nes_michoacan_cinagua y la guacana;NES;Michoacan;div-nueva-espana;Subdelegacion de Ario;[[:conceptos:subdelegacion|Subdelegacion]] de Ario;False
1538;NES;JUNEMICI;Alcaldia Mayor;Cinagua y La Guacana;Cinagua y La Guacana;1730;not_after;1771;not_after;;1730;;;True;JUNEMITC;AM;Part.;cinagua y la guacana_jurisdiccion_nes;conceptos:agregado;NEMICIJU;nes_michoacan_cinagua y la guacana;NES;Michoacan;div-nueva-espana;Alcaldia Mayor agregada de Cinagua y La Guacana;[[:conceptos:agregado|Alcaldia Mayor agregada]] de Cinagua y La Guacana;False
1543;NES;JUNEMICA;Subdelegacion;Caracuaro;Caracuaro;1788;exact;1802;not_before;;;;;False;;Sd.;Sd.;caracuaro_jurisdiccion_nes;conceptos:subdelegacion;NEMICAJU;nes_michoacan_caracuaro;NES;Michoacan;div-nueva-espana;Subdelegacion de Caracuaro;[[:conceptos:subdelegacion|Subdelegacion]] de Caracuaro;False
1545;NES;JUNEMIHS;Alcaldia Mayor;Huaymeo y Sirandaro;Huaymeo y Sirandaro;1600;arbitrary;1787;exact;;;;;False;;AM;AM;huetamo_jurisdiccion_nes;conceptos:alcaldia_mayor;NEMIHSJU;nes_michoacan_huetamo;NES;Michoacan;div-nueva-espana;Alcaldia Mayor de Huaymeo y Sirandaro;[[:conceptos:alcaldia_mayor|Alcaldia Mayor]] de Huaymeo y Sirandaro;False
1546;NES;JUNEMIHS;Subdelegacion;Huetamo;Huetamo;1788;exact;1808;hgis;;;;;False;;Sd.;Sd.;huetamo_jurisdiccion_nes;conceptos:subdelegacion;NEMIHSJU;nes_michoacan_huetamo;NES;Michoacan;div-nueva-espana;Subdelegacion de Huetamo;[[:conceptos:subdelegacion|Subdelegacion]] de Huetamo;False
1550;NES;JUNEMIMA;Subdelegacion;Zitacuaro;Zitacuaro;1790;not_after;1808;hgis;;1790;;;False;;Sd.;Sd.;maravatio_jurisdiccion_nes;conceptos:subdelegacion;NEMIMAJU;nes_michoacan_maravatio;NES;Michoacan;div-nueva-espana;Subdelegacion de Zitacuaro;[[:conceptos:subdelegacion|Subdelegacion]] de Zitacuaro;False
1554;NES;JUNEMIZA;Alcaldia Mayor;Zamora;Jacona y Zamora;1692;ca;1786;exact;;;;;True;JUNEMIMA;AM;Part.;zamora y jacona_jurisdiccion_nes;conceptos:agregado;NEMIZAJU;nes_michoacan_zamora y jacona;NES;Michoacan;div-nueva-espana;Alcaldia Mayor agregada de Zamora;[[:conceptos:agregado|Alcaldia Mayor agregada]] de Zamora;False
1555;NES;JUNEMIZA;Subdelegacion;Zamora;Zamora;1789;exact;1808;hgis;;;;;False;;Sd.;Sd.;zamora y jacona_jurisdiccion_nes;conceptos:subdelegacion;NEMIZAJU;nes_michoacan_zamora y jacona;NES;Michoacan;div-nueva-espana;Subdelegacion de Zamora;[[:conceptos:subdelegacion|Subdelegacion]] de Zamora;False
1560;NES;JUNEMITZ;Alcaldia Mayor;Tlazazalca;Tlazazalca;1600;ca;1787;exact;;;;;False;;AM;AM;tlazazalca_jurisdiccion_nes;conceptos:alcaldia_mayor;NEMITZJU;nes_michoacan_tlazazalca;NES;Michoacan;div-nueva-espana;Alcaldia Mayor de Tlazazalca;[[:conceptos:alcaldia_mayor|Alcaldia Mayor]] de Tlazazalca;False
1562;NES;JUNEMITZ;Subdelegacion;Tlazazalca;Tlazazalca;1788;exact;1808;hgis;;;;;False;;Sd.;Sd.;tlazazalca_jurisdiccion_nes;conceptos:subdelegacion;NEMITZJU;nes_michoacan_tlazazalca;NES;Michoacan;div-nueva-espana;Subdelegacion de Tlazazalca;[[:conceptos:subdelegacion|Subdelegacion]] de Tlazazalca;False
1564;NES;JUNEMICH;Alcaldia Mayor;Chilchota;Chilchota;1669;not_after;1712;not_after;1661;1669;;;False;;AM;AM;chilchota_jurisdiccion_nes;conceptos:alcaldia_mayor;NEMICHJU;nes_michoacan_chilchota;NES;Michoacan;div-nueva-espana;Alcaldia Mayor de Chilchota;[[:conceptos:alcaldia_mayor|Alcaldia Mayor]] de Chilchota;False
1565;NES;JUNEMICH;Alcaldia Mayor;Chilchota;Chilchota;1713;not_after;1730;not_after;;1713;;;True;JUNEMITZ;AM;Part.;chilchota_jurisdiccion_nes;conceptos:agregado;NEMICHJU;nes_michoacan_chilchota;NES;Michoacan;div-nueva-espana;Alcaldia Mayor agregada de Chilchota;[[:conceptos:agregado|Alcaldia Mayor agregada]] de Chilchota;False
1568;NES;JUNEMIJI;Alcaldia Mayor;Jiquilpan;Jiquilpan y Periban;1674;ca;1719;not_after;1673;1675;;;False;;AM;AM;jiquilpan_jurisdiccion_nes;conceptos:alcaldia_mayor;NEMIJIJU;nes_michoacan_jiquilpan;NES;Michoacan;div-nueva-espana;Alcaldia Mayor de Jiquilpan;[[:conceptos:alcaldia_mayor|Alcaldia Mayor]] de Jiquilpan;False
1569;NES;JUNEMIJI;Subdelegacion;Jiquilpan;Jiquilpan;1791;exact;1808;hgis;;;;;False;;Sd.;Sd.;jiquilpan_jurisdiccion_nes;conceptos:subdelegacion;NEMIJIJU;nes_michoacan_jiquilpan;NES;Michoacan;div-nueva-espana;Subdelegacion de Jiquilpan;[[:conceptos:subdelegacion|Subdelegacion]] de Jiquilpan;False
1571;NES;JUNEMITG;Alcaldia Mayor;Tinguindin;Tinguindin;1674;ca;1712;not_after;1673;1674;;;False;;AM;AM;tinguindin_jurisdiccion_nes;conceptos:alcaldia_mayor;NEMITGJU;nes_michoacan_tinguindin;NES;Michoacan;div-nueva-espana;Alcaldia Mayor de Tinguindin;[[:conceptos:alcaldia_mayor|Alcaldia Mayor]] de Tinguindin;False
1574;NES;JUNEMITG;Alcaldia Mayor;Tinguindin;Tinguindin;1713;not_after;1764;not_after;;1720;;;True;JUNEMIJI;AM;Part.;tinguindin_jurisdiccion_nes;conceptos:agregado;NEMITGJU;nes_michoacan_tinguindin;NES;Michoacan;div-nueva-espana;Alcaldia Mayor agregada de Tinguindin;[[:conceptos:agregado|Alcaldia Mayor agregada]] de Tinguindin;False
1576;NES;JUNEMITP;Alcaldia Mayor;Tlalpujahua;Tlalpujahua;1565;not_after;1786;exact;1558;1565;;;False;;AM;AM;tlalpujahua_jurisdiccion_nes;conceptos:alcaldia_mayor;NEMITPJU;nes_michoacan_tlalpujahua;NES;Michoacan;div-nueva-espana;Alcaldia Mayor de Tlalpujahua;[[:conceptos:alcaldia_mayor|Alcaldia Mayor]] de Tlalpujahua;False
1577;NES;JUNEMITP;Subdelegacion;Tlalpujahua;Tlalpujahua;1787;exact;1808;hgis;;;;;False;;Sd.;Sd.;tlalpujahua_jurisdiccion_nes;conceptos:subdelegacion;NEMITPJU;nes_michoacan_tlalpujahua;NES;Michoacan;div-nueva-espana;Subdelegacion de Tlalpujahua;[[:conceptos:subdelegacion|Subdelegacion]] de Tlalpujahua;False
1579;NES;JUNEMIZP;Subdelegacion;Zinapecuaro;Zinapecuaro;1792;exact;1808;hgis;;;;;False;;Sd.;Sd.;zinapecuaro_jurisdiccion_nes;conceptos:subdelegacion;NEMIZPJU;nes_michoacan_zinapecuaro;NES;Michoacan;div-nueva-espana;Subdelegacion de Zinapecuaro;[[:conceptos:subdelegacion|Subdelegacion]] de Zinapecuaro;False
1581;NES;JUNEMICR;Corregimiento;Charo;Charo;1595;not_before;1808;hgis;;;;;False;;C;C;charo_jurisdiccion_nes;conceptos:corregimiento;NEMICRJU;nes_michoacan_charo;NES;Michoacan;div-nueva-espana;Corregimiento de Charo;[[:conceptos:corregimiento|Corregimiento]] de Charo;False
1583;NES;JUNEMIVA;Alcaldia Mayor;Michoacan;Michoacan;1551;exact;1786;exact;;;;;False;;AM;AM;valladolid_jurisdiccion_nes;conceptos:alcaldia_mayor;NEMIVAJU;nes_michoacan_valladolid;NES;Michoacan;div-nueva-espana;Alcaldia Mayor de Michoacan;[[:conceptos:alcaldia_mayor|Alcaldia Mayor]] de Michoacan;False
1584;NES;JUNEMIVA;Jurisdiccion;Valladolid;Valladolid;1787;exact;1808;hgis;;;;;False;PRNEMI00;Jur.;Jur.;valladolid_jurisdiccion_nes;conceptos:cabecera;NEMIVAJU;nes_michoacan_valladolid;NES;Michoacan;div-nueva-espana;Jurisdiccion cabecera de Valladolid;[[:conceptos:cabecera|Jurisdiccion cabecera]] de Valladolid;True
1589;NES;JUNEMIIN;Subdelegacion;Indaparapeo;Indaparapeo;1787;exact;1800;not_before;;;;;False;;Sd.;Sd.;indaparapeo_jurisdiccion_nes;conceptos:subdelegacion;NEMIINJU;nes_michoacan_indaparapeo;NES;Michoacan;div-nueva-espana;Subdelegacion de Indaparapeo;[[:conceptos:subdelegacion|Subdelegacion]] de Indaparapeo;False
1590;NES;JUNEMICD;Subdelegacion;Chucandiro;Chucandiro;1788;exact;1803;exact;;;;;False;;Sd.;Sd.;chucandiro_jurisdiccion_nes;conceptos:subdelegacion;NEMICDJU;nes_michoacan_chucandiro;NES;Michoacan;div-nueva-espana;Subdelegacion de Chucandiro;[[:conceptos:subdelegacion|Subdelegacion]] de Chucandiro;False
1595;NES;JUNEMIHG;Subdelegacion;Huango;Huango;1787;exact;1803;exact;;;;;False;;Sd.;Sd.;huango_jurisdiccion_nes;conceptos:subdelegacion;NEMIHGJU;nes_michoacan_huango;NES;Michoacan;div-nueva-espana;Subdelegacion de Huango;[[:conceptos:subdelegacion|Subdelegacion]] de Huango;False
1596;NES;JUNEMIPU;Subdelegacion;Puruandiro;Puruandiro;1792;exact;1808;hgis;;;;;False;;Sd.;Sd.;puruandiro_jurisdiccion_nes;conceptos:subdelegacion;NEMIPUJU;nes_michoacan_puruandiro;NES;Michoacan;div-nueva-espana;Subdelegacion de Puruandiro;[[:conceptos:subdelegacion|Subdelegacion]] de Puruandiro;False
1599;NES;JUNEMIAN;Subdelegacion;Angamacutiro;Angamacutiro;1790;exact;1805;exact;;;;;False;;Sd.;Sd.;angamacutiro_jurisdiccion_nes;conceptos:subdelegacion;NEMIANJU;nes_michoacan_angamacutiro;NES;Michoacan;div-nueva-espana;Subdelegacion de Angamacutiro;[[:conceptos:subdelegacion|Subdelegacion]] de Angamacutiro;False
1604;NES;JUNEMIHQ;Subdelegacion;Huaniqueo;Huaniqueo;1788;exact;1808;hgis;;;;;False;;Sd.;Sd.;huaniqueo_jurisdiccion_nes;conceptos:subdelegacion;NEMIHQJU;nes_michoacan_huaniqueo;NES;Michoacan;div-nueva-espana;Subdelegacion de Huaniqueo;[[:conceptos:subdelegacion|Subdelegacion]] de Huaniqueo;False
1607;NES;JUNEMICO;Subdelegacion;Cocupao;Cocupao;1788;exact;1806;exact;;;;;False;;Sd.;Sd.;cocupao_jurisdiccion_nes;conceptos:subdelegacion;NEMICOJU;nes_michoacan_cocupao;NES;Michoacan;div-nueva-espana;Subdelegacion de Cocupao;[[:conceptos:subdelegacion|Subdelegacion]] de Cocupao;False
1608;NES;JUNEMITI;Subdelegacion;Tiripetio;Tiripetio;1788;exact;1808;hgis;;;;;False;;Sd.;Sd.;tiripetio_jurisdiccion_nes;conceptos:subdelegacion;NEMITIJU;nes_michoacan_tiripetio;NES;Michoacan;div-nueva-espana;Subdelegacion de Tiripetio;[[:conceptos:subdelegacion|Subdelegacion]] de Tiripetio;False
1611;NES;JUNEMITB;Subdelegacion;Tacambaro;Tacambaro;1788;exact;1808;hgis;;;;;False;;Sd.;Sd.;tacambaro_jurisdiccion_nes;conceptos:subdelegacion;NEMITBJU;nes_michoacan_tacambaro;NES;Michoacan;div-nueva-espana;Subdelegacion de Tacambaro;[[:conceptos:subdelegacion|Subdelegacion]] de Tacambaro;False
1612;NES;JUNEMIPA;Subdelegacion;Patzcuaro;Patzcuaro;1790;exact;1808;hgis;;;;;False;;Sd.;Sd.;patzcuaro_jurisdiccion_nes;conceptos:subdelegacion;NEMIPAJU;nes_michoacan_patzcuaro;NES;Michoacan;div-nueva-espana;Subdelegacion de Patzcuaro;[[:conceptos:subdelegacion|Subdelegacion]] de Patzcuaro;False
1614;NES;JUNEMISC;Subdelegacion;Santa Clara;Santa Clara del Cobre;1788;exact;1807;exact;;;;;False;;Sd.;Sd.;santa clara del cobre_jurisdiccion_nes;conceptos:subdelegacion;NEMISCJU;nes_michoacan_santa clara del cobre;NES;Michoacan;div-nueva-espana;Subdelegacion de Santa Clara;[[:conceptos:subdelegacion|Subdelegacion]] de Santa Clara;False
1616;NES;JUNEMIER;Subdelegacion;Erongaricuaro;Erongaricuaro;1788;exact;1806;exact;;;;;False;;Sd.;Sd.;erongaricuaro_jurisdiccion_nes;conceptos:subdelegacion;NEMIERJU;nes_michoacan_erongaricuaro;NES;Michoacan;div-nueva-espana;Subdelegacion de Erongaricuaro;[[:conceptos:subdelegacion|Subdelegacion]] de Erongaricuaro;False
1625;NES;JUNEMITA;Subdelegacion;Taretan;Taretan;1787;exact;1808;hgis;;;;;False;;Sd.;Sd.;taretan_jurisdiccion_nes;conceptos:subdelegacion;NEMITAJU;nes_michoacan_taretan;NES;Michoacan;div-nueva-espana;Subdelegacion de Taretan;[[:conceptos:subdelegacion|Subdelegacion]] de Taretan;False
1629;NES;JUNEMIUO;Subdelegacion;Urecho;Urecho;1788;exact;1805;exact;;;;;False;;Sd.;Sd.;urecho_jurisdiccion_nes;conceptos:subdelegacion;NEMIUOJU;nes_michoacan_urecho;NES;Michoacan;div-nueva-espana;Subdelegacion de Urecho;[[:conceptos:subdelegacion|Subdelegacion]] de Urecho;False
1630;NES;JUNEMIUR;Subdelegacion;Uruapan;Uruapan;1789;exact;1808;hgis;;;;;False;;Sd.;Sd.;uruapan_jurisdiccion_nes;conceptos:subdelegacion;NEMIURJU;nes_michoacan_uruapan;NES;Michoacan;div-nueva-espana;Subdelegacion de Uruapan;[[:conceptos:subdelegacion|Subdelegacion]] de Uruapan;False
1632;NES;JUNEMIPR;Subdelegacion;Paracho;Paracho;1791;exact;1808;hgis;;;;;False;;Sd.;Sd.;paracho_jurisdiccion_nes;conceptos:subdelegacion;NEMIPRJU;nes_michoacan_paracho;NES;Michoacan;div-nueva-espana;Subdelegacion de Paracho;[[:conceptos:subdelegacion|Subdelegacion]] de Paracho;False
1634;NES;JUNEMIUO;Partido;Urecho;Urecho;1111;start;1787;exact;;;;;False;;Part.;Part.;urecho_jurisdiccion_nes;conceptos:partido;NEMIUOJU;nes_michoacan_urecho;NES;Michoacan;div-nueva-espana;Partido de Urecho;[[:conceptos:partido|Partido]] de Urecho;False
1637;NES;JUNEMICL;Alcaldia Mayor;Cuitzeo;Cuitzeo de la Laguna;1657;not_after;1792;exact;1600;1657;;;False;;AM;AM;cuitzeo de la laguna_jurisdiccion_nes;conceptos:alcaldia_mayor;NEMICLJU;nes_michoacan_cuitzeo de la laguna;NES;Michoacan;div-nueva-espana;Alcaldia Mayor de Cuitzeo;[[:conceptos:alcaldia_mayor|Alcaldia Mayor]] de Cuitzeo;False
1638;NES;JUNEMICL;Subdelegacion;Cuitzeo;Cuitzeo de la Laguna;1793;exact;1808;hgis;;;;;False;;Sd.;Sd.;cuitzeo de la laguna_jurisdiccion_nes;conceptos:subdelegacion;NEMICLJU;nes_michoacan_cuitzeo de la laguna;NES;Michoacan;div-nueva-espana;Subdelegacion de Cuitzeo;[[:conceptos:subdelegacion|Subdelegacion]] de Cuitzeo;False
1639;NES;JUNEMXSF;Utopia;Santa Fe;Hospitales de Santa Fe;1531;exact;1808;hgis;;;;;False;;;;santa fe_jurisdiccion_nes;conceptos:entidades_atipicas;NEMXSFJU;nes_michoacan_santa fe;NES;Michoacan;div-nueva-espana;Utopia de Santa Fe;[[:conceptos:entidades_atipicas|Utopia]] de Santa Fe;False
1642;GDJ;PRGDZA00;Corregimiento-Intendencia;Zacatecas;Zacatecas;1787;exact;1808;hgis;;;;;False;;C;Int.;zacatecas_provincia_gdj;conceptos:intendencia;GDZA00PR;gdj_provincia_zacatecas;GDJ;Provincia;navarro-garcia;Corregimiento-Intendencia de Zacatecas;[[:conceptos:intendencia|Corregimiento-Intendencia]] de Zacatecas;False
1643;NES;JUNEMIJT;Corregimiento;Teremendo;Jaso y Teremendo;1689;ca;1712;not_after;;;;;True;JUNEMIMA;AM;Part.;jaso y teremendo_jurisdiccion_nes;conceptos:agregado;NEMIJTJU;nes_michoacan_jaso y teremendo;NES;Michoacan;div-nueva-espana;Corregimiento agregado de Teremendo;[[:conceptos:agregado|Corregimiento agregado]] de Teremendo;False
1644;NES;JUNEMIHQ;Alcaldia Mayor;Huaniqueo;Huaniqueo;1715;ca;1719;ca;;;;;True;JUNEMIJT;AM;Part.;huaniqueo_jurisdiccion_nes;conceptos:agregado;NEMIHQJU;nes_michoacan_huaniqueo;NES;Michoacan;div-nueva-espana;Alcaldia Mayor agregada de Huaniqueo;[[:conceptos:agregado|Alcaldia Mayor agregada]] de Huaniqueo;False
1645;NES;JUNEMIJT;Alcaldia Mayor;Teremendo;Jaso y Teremendo;1713;not_after;1719;not_before;;1713;;;False;;AM;AM;jaso y teremendo_jurisdiccion_nes;conceptos:alcaldia_mayor;NEMIJTJU;nes_michoacan_jaso y teremendo;NES;Michoacan;div-nueva-espana;Alcaldia Mayor de Teremendo;[[:conceptos:alcaldia_mayor|Alcaldia Mayor]] de Teremendo;False
1649;CHA;PRCCCC00;Gobernacion;Charcas;Charcas;1559;exact;1783;exact;;;;;False;AUCC0000;G;Gob.;charcas_provincia_cha;conceptos:cabecera;CCCC00PR;cha_provincia_charcas;CHA;Provincia;;Provincias de Charcas;[[:conceptos:cabecera|Provincias]] de Charcas;True
1650;CHL;JUCHCOAR;Comandancia General;Frontera de Arauco;Frontera de Arauco;1701;hgis;1722;exact;;;;;False;;Com.gen.;Part.;frontera de arauco_jurisdiccion_chl;conceptos:comandancia_general;CHCOARJU;chl_concepcion_frontera de arauco;CHL;Concepcion;;Comandancia General de Frontera de Arauco;[[:conceptos:comandancia_general|Comandancia General]] de Frontera de Arauco;False
1651;CHL;JUCHCOAR;Comandancia General;Frontera de Arauco;Frontera de Arauco;1727;exact;1774;ca;;;;;False;;Com.gen.;Part.;frontera de arauco_jurisdiccion_chl;conceptos:comandancia_general;CHCOARJU;chl_concepcion_frontera de arauco;CHL;Concepcion;;Comandancia General de Frontera de Arauco;[[:conceptos:comandancia_general|Comandancia General]] de Frontera de Arauco;False
1652;CHL;PMCHCOAR;Partido;Arauco;Arauco;1727;exact;1774;ca;;;;;False;JUCHCOAR;Com.;Com.;arauco_presidio_chl;conceptos:cabecera;CHCOARPM;chl_concepcion_arauco;CHL;Concepcion;;Partido cabecera de Arauco;[[:conceptos:cabecera|Partido cabecera]] de Arauco;True
1654;GUA;FRGUCYXI;Fronteras;Xicayes;Golfo;1111;start;1808;hgis;;;;;False;;Fr.;Fr.;xicayes_fronteras_gua;conceptos:fronteras;GUCYXIFR;gua_fronteras_xicayes;GUA;Fronteras;s.d.;Fronteras de Xicayes;[[:conceptos:fronteras|Fronteras]] de Xicayes;False
1655;GUA;JUGUGUSF;Comandancia;San Felipe del Golfo;San Felipe del Golfo;1751;not_after;1808;hgis;;1751;;;False;;Com.;Com.;san felipe del golfo_jurisdiccion_gua;conceptos:jurisdiccion_militar;GUGUSFJU;gua_guatemala_san felipe del golfo;GUA;Guatemala;;Comandancia de San Felipe del Golfo;[[:conceptos:jurisdiccion_militar|Comandancia]] de San Felipe del Golfo;False
1656;CHL;JUCHCOVA;Gobernacion Politico-Militar;Valdivia;Valdivia;1645;exact;1808;hgis;;;;;False;;G;Gob.;valdivia_jurisdiccion_chl;conceptos:gobernacion;CHCOVAJU;chl_concepcion_valdivia;CHL;Concepcion;;Gobernacion Politico-Militar de Valdivia;[[:conceptos:gobernacion|Gobernacion Politico-Militar]] de Valdivia;False
1657;CHL;JUCHSAVA;Gobernacion Politico-Militar;Valparaiso;Valparaiso;1682;exact;1808;hgis;;;;;False;;G;Gob.;valparaiso_jurisdiccion_chl;conceptos:gobernacion;CHSAVAJU;chl_santiago_valparaiso;CHL;Santiago;;Gobernacion Politico-Militar de Valparaiso;[[:conceptos:gobernacion|Gobernacion Politico-Militar]] de Valparaiso;False
1661;RPL;JURPBOMV;Gobernacion Politico-Militar;Montevideo;Montevideo;1784;exact;1808;hgis;;;;;False;;G;Gob.;montevideo_jurisdiccion_rpl;conceptos:gobernacion;RPBOMVJU;rpl_banda oriental_montevideo;RPL;Banda Oriental;;Gobernacion Politico-Militar de Montevideo;[[:conceptos:gobernacion|Gobernacion Politico-Militar]] de Montevideo;False
1664;RPL;JURPBOBO;Partido;Banda Oriental;Banda Oriental;1701;hgis;1808;hgis;;;;;False;;Part.;Part.;banda oriental_jurisdiccion_rpl;conceptos:partido;RPBOBOJU;rpl_banda oriental_banda oriental;RPL;Banda Oriental;;Partido de Banda Oriental;[[:conceptos:partido|Partido]] de Banda Oriental;False
1668;RPL;JURPMICA;Partido;Candelaria;Candelaria;1806;exact;1808;hgis;;;;;False;PRRPMIMI;Sd.;Sd.;candelaria_jurisdiccion_rpl;conceptos:cabecera;RPMICAJU;rpl_misiones_candelaria;RPL;Misiones;;Partido cabecera de Candelaria;[[:conceptos:cabecera|Partido cabecera]] de Candelaria;True
1670;RPL;JURPMICO;Tenencia de gobierno;Concepcion;Concepcion;1773;ca;1783;exact;;;;;False;;Dept.;Part.;concepcion_jurisdiccion_rpl;conceptos:partido;RPMICOJU;rpl_misiones_concepcion;RPL;Misiones;;Tenencia de gobierno de Concepcion;[[:conceptos:partido|Tenencia de gobierno]] de Concepcion;False
1671;RPL;JURPMICO;Subdelegacion;Concepcion;Concepcion;1784;exact;1808;hgis;;;;;False;;Sd.;Sd.;concepcion_jurisdiccion_rpl;conceptos:subdelegacion;RPMICOJU;rpl_misiones_concepcion;RPL;Misiones;;Subdelegacion de Concepcion;[[:conceptos:subdelegacion|Subdelegacion]] de Concepcion;False
1673;RPL;JURPMISA;Tenencia de gobierno;Santiago;Santiago;1770;exact;1783;exact;;;;;False;;Dept.;Part.;santiago_jurisdiccion_rpl;conceptos:partido;RPMISAJU;rpl_misiones_santiago;RPL;Misiones;;Tenencia de gobierno de Santiago;[[:conceptos:partido|Tenencia de gobierno]] de Santiago;False
1674;RPL;JURPMISA;Subdelegacion;Santiago;Santiago;1784;exact;1808;hgis;;;;;False;;Sd.;Sd.;santiago_jurisdiccion_rpl;conceptos:subdelegacion;RPMISAJU;rpl_misiones_santiago;RPL;Misiones;;Subdelegacion de Santiago;[[:conceptos:subdelegacion|Subdelegacion]] de Santiago;False
1676;RPL;JURPMISM;Tenencia de gobierno;San Miguel;San Miguel;1770;exact;1783;exact;;;;;False;;Dept.;Dept.;san miguel_jurisdiccion_rpl;conceptos:partido;RPMISMJU;rpl_misiones_san miguel;RPL;Misiones;;Tenencia de gobierno de San Miguel;[[:conceptos:partido|Tenencia de gobierno]] de San Miguel;False
1677;RPL;JURPMISM;Subdelegacion;San Miguel;San Miguel;1784;exact;1808;hgis;;;;;False;;Sd.;Sd.;san miguel_jurisdiccion_rpl;conceptos:subdelegacion;RPMISMJU;rpl_misiones_san miguel;RPL;Misiones;;Subdelegacion de San Miguel;[[:conceptos:subdelegacion|Subdelegacion]] de San Miguel;False
1680;RPL;JURPMIYA;Tenencia de gobierno;Yapeyu;Yapeyu;1770;exact;1783;exact;;;;;False;;Dept.;Jur.;yapeyu_jurisdiccion_rpl;conceptos:partido;RPMIYAJU;rpl_misiones_yapeyu;RPL;Misiones;;Tenencia de gobierno de Yapeyu;[[:conceptos:partido|Tenencia de gobierno]] de Yapeyu;False
1681;RPL;JURPMIYA;Subdelegacion;Yapeyu;Yapeyu;1784;exact;1808;hgis;;;;;False;;Sd.;Sd.;yapeyu_jurisdiccion_rpl;conceptos:subdelegacion;RPMIYAJU;rpl_misiones_yapeyu;RPL;Misiones;;Subdelegacion de Yapeyu;[[:conceptos:subdelegacion|Subdelegacion]] de Yapeyu;False
1682;RPL;PMRPBACP;Partido;Curupayty;Curupayty y Lomas de Pedro Gonzalez;1701;hgis;1808;hgis;;;;;False;;Part.;Part.;curupayty y lomas de pedro gonzalez_partido_rpl;conceptos:partido;RPBACPPM;rpl_buenos aires_curupayty y lomas de pedro gonzalez;RPL;Buenos Aires;;Partido de Curupayty;[[:conceptos:partido|Partido]] de Curupayty;False
1683;NES;JUNEVCCS;Alcaldia Mayor;Cosamaloapan;Chinantla y Cosamaloapan;1692;exact;1769;exact;;;;;False;;AM;AM;cosamaloapan_jurisdiccion_nes;conceptos:alcaldia_mayor;NEVCCSJU;nes_veracruz_cosamaloapan;NES;Veracruz;div-nueva-espana;Alcaldia Mayor de Cosamaloapan;[[:conceptos:alcaldia_mayor|Alcaldia Mayor]] de Cosamaloapan;False
1685;NES;JUNEMIJT;Corregimiento;Teremendo;Jaso y Teremendo;1720;not_before;1780;not_after;;;;;True;JUNEMIVA;AM;Part.;jaso y teremendo_jurisdiccion_nes;conceptos:agregado;NEMIJTJU;nes_michoacan_jaso y teremendo;NES;Michoacan;div-nueva-espana;Corregimiento agregado de Teremendo;[[:conceptos:agregado|Corregimiento agregado]] de Teremendo;False
1686;NES;JUNESLVA;Corregimiento;Valles;Valles;1695;ca;1786;exact;;;;;False;;C;C;valles_jurisdiccion_nes;conceptos:corregimiento;NESLVAJU;nes_san luis potosi_valles;NES;San Luis Potosi;div-nueva-espana;Corregimiento de Valles;[[:conceptos:corregimiento|Corregimiento]] de Valles;False
1687;NES;JUNESLVA;Subdelegacion;Valles;Valles;1787;exact;1808;hgis;;;;;False;;Sd.;Sd.;valles_jurisdiccion_nes;conceptos:subdelegacion;NESLVAJU;nes_san luis potosi_valles;NES;San Luis Potosi;div-nueva-espana;Subdelegacion de Valles;[[:conceptos:subdelegacion|Subdelegacion]] de Valles;False
1688;NES;JUNESLCH;Alcaldia Mayor;Charcas;Charcas;1664;exact;1786;exact;;;;;False;;AM;AM;charcas_jurisdiccion_nes;conceptos:alcaldia_mayor;NESLCHJU;nes_san luis potosi_charcas;NES;San Luis Potosi;div-nueva-galicia;Alcaldia Mayor de Charcas;[[:conceptos:alcaldia_mayor|Alcaldia Mayor]] de Charcas;False
1689;NES;JUNESLCH;Subdelegacion;Charcas;Charcas;1787;exact;1808;hgis;;;;;False;;Sd.;Sd.;charcas_jurisdiccion_nes;conceptos:subdelegacion;NESLCHJU;nes_san luis potosi_charcas;NES;San Luis Potosi;div-nueva-galicia;Subdelegacion de Charcas;[[:conceptos:subdelegacion|Subdelegacion]] de Charcas;False
1690;NES;JUNESLGU;Alcaldia Mayor;Guadalcazar;Guadalcazar;1618;exact;1741;exact;;;;;False;;AM;AM;guadalcazar_jurisdiccion_nes;conceptos:alcaldia_mayor;NESLGUJU;nes_san luis potosi_guadalcazar;NES;San Luis Potosi;div-nueva-galicia;Alcaldia Mayor de Guadalcazar;[[:conceptos:alcaldia_mayor|Alcaldia Mayor]] de Guadalcazar;False
1691;NES;JUNESLGU;Alcaldia Mayor;Guadalcazar;Guadalcazar;1742;exact;1786;exact;;;;;True;JUNESLSL;AM;Part.;guadalcazar_jurisdiccion_nes;conceptos:agregado;NESLGUJU;nes_san luis potosi_guadalcazar;NES;San Luis Potosi;div-nueva-galicia;Alcaldia Mayor agregada de Guadalcazar;[[:conceptos:agregado|Alcaldia Mayor agregada]] de Guadalcazar;False
1692;NES;JUNESLGU;Subdelegacion;Guadalcazar;Guadalcazar;1787;exact;1808;hgis;;;;;False;;Sd.;Sd.;guadalcazar_jurisdiccion_nes;conceptos:subdelegacion;NESLGUJU;nes_san luis potosi_guadalcazar;NES;San Luis Potosi;div-nueva-galicia;Subdelegacion de Guadalcazar;[[:conceptos:subdelegacion|Subdelegacion]] de Guadalcazar;False
1693;NES;JUNESLPB;Alcaldia Mayor;Salinas;Salinas de Peñon Blanco;1583;exact;1786;exact;;;;;False;;AM;AM;salinas de peñon blanco_jurisdiccion_nes;conceptos:alcaldia_mayor;NESLPBJU;nes_san luis potosi_salinas de peñon blanco;NES;San Luis Potosi;div-nueva-galicia;Alcaldia Mayor de Salinas;[[:conceptos:alcaldia_mayor|Alcaldia Mayor]] de Salinas;False
1694;NES;JUNESLPB;Subdelegacion;Salinas;Salinas de Peñon Blanco;1787;exact;1808;hgis;;;;;False;;Sd.;Sd.;salinas de peñon blanco_jurisdiccion_nes;conceptos:subdelegacion;NESLPBJU;nes_san luis potosi_salinas de peñon blanco;NES;San Luis Potosi;div-nueva-galicia;Subdelegacion de Salinas;[[:conceptos:subdelegacion|Subdelegacion]] de Salinas;False
1695;NES;JUNESLRV;Subdelegacion;Rio Verde;Rio Verde;1787;exact;1808;hgis;;;;;False;;Sd.;Sd.;rio verde_jurisdiccion_nes;conceptos:subdelegacion;NESLRVJU;nes_san luis potosi_rio verde;NES;San Luis Potosi;div-nueva-espana;Subdelegacion de Rio Verde;[[:conceptos:subdelegacion|Subdelegacion]] de Rio Verde;False
1696;NES;JUNESLSL;Alcaldia Mayor;San Luis Potosi;San Luis Potosi;1592;exact;1786;exact;;;;;False;;AM;AM;san luis potosi_jurisdiccion_nes;conceptos:alcaldia_mayor;NESLSLJU;nes_san luis potosi_san luis potosi;NES;San Luis Potosi;div-nueva-espana;Alcaldia Mayor de San Luis Potosi;[[:conceptos:alcaldia_mayor|Alcaldia Mayor]] de San Luis Potosi;False
1697;NES;JUNESLSL;Subdelegacion;San Luis Potosi;San Luis Potosi;1787;exact;1808;hgis;;;;;False;;Sd.;Sd.;san luis potosi_jurisdiccion_nes;conceptos:subdelegacion;NESLSLJU;nes_san luis potosi_san luis potosi;NES;San Luis Potosi;div-nueva-espana;Subdelegacion de San Luis Potosi;[[:conceptos:subdelegacion|Subdelegacion]] de San Luis Potosi;False
1698;NES;JUNESLSM;Subdelegacion;Santa Maria del Rio;Santa Maria del Rio;1787;exact;1808;hgis;;;;;False;;Sd.;Sd.;santa maria del rio_jurisdiccion_nes;conceptos:subdelegacion;NESLSMJU;nes_san luis potosi_santa maria del rio;NES;San Luis Potosi;div-nueva-espana;Subdelegacion de Santa Maria del Rio;[[:conceptos:subdelegacion|Subdelegacion]] de Santa Maria del Rio;False
1699;NES;JUNESLVE;Subdelegacion;Venado;Venado y La Hedionda;1787;exact;1808;hgis;;;;;False;;Sd.;Sd.;venado_jurisdiccion_nes;conceptos:subdelegacion;NESLVEJU;nes_san luis potosi_venado;NES;San Luis Potosi;div-nueva-espana;Subdelegacion de Venado;[[:conceptos:subdelegacion|Subdelegacion]] de Venado;False
1700;NES;JUNESLVS;Subdelegacion;Valle de San Francisco;Valle de San Francisco;1787;exact;1791;exact;;;;;False;;Sd.;Sd.;valle de san francisco_jurisdiccion_nes;conceptos:subdelegacion;NESLVSJU;nes_san luis potosi_valle de san francisco;NES;San Luis Potosi;div-nueva-espana;Subdelegacion de Valle de San Francisco;[[:conceptos:subdelegacion|Subdelegacion]] de Valle de San Francisco;False
1709;NES;JUNESLCA;Subdelegacion;Catorze;Catorze;1787;exact;1791;not_before;;;;;False;;Sd.;Sd.;catorze_jurisdiccion_nes;conceptos:subdelegacion;NESLCAJU;nes_san luis potosi_catorze;NES;San Luis Potosi;div-nueva-galicia;Subdelegacion de Catorze;[[:conceptos:subdelegacion|Subdelegacion]] de Catorze;False
1710;NES;JUNESLCA;Subdelegacion;Catorze;Catorze;1802;not_after;1808;hgis;;1802;;;False;;Sd.;Sd.;catorze_jurisdiccion_nes;conceptos:subdelegacion;NESLCAJU;nes_san luis potosi_catorze;NES;San Luis Potosi;div-nueva-galicia;Subdelegacion de Catorze;[[:conceptos:subdelegacion|Subdelegacion]] de Catorze;False
1712;NES;OBGDMO00;Obispado;Monterrey;Monterrey;1779;exact;1808;hgis;;;;;False;;Ob.;Ob.;monterrey_obispado_nes;conceptos:obispado;GDMO00OB;nes_obispado_monterrey;NES;Obispado;catholic-hierarchy;Obispado de Monterrey;[[:conceptos:obispado|Obispado]] de Monterrey;False
1716;PER;FRPAPJXX;Fronteras;Gran Pajonal;Paititi;1111;start;1808;hgis;;;;;False;;Fr.;Fr.;gran pajonal_fronteras_per;conceptos:fronteras;PAPJXXFR;per_fronteras_gran pajonal;PER;Fronteras;izaguirre;Fronteras de Gran Pajonal;[[:conceptos:fronteras|Fronteras]] de Gran Pajonal;False
1719;QUI;JUQURBAM;Corregimiento;Ambato;Ambato;1797;exact;1808;hgis;;;;;False;;C;C;ambato_jurisdiccion_qui;conceptos:corregimiento;QURBAMJU;qui_quito_ambato;QUI;Quito;;Corregimiento de Ambato;[[:conceptos:corregimiento|Corregimiento]] de Ambato;False
1720;QUI;AUQU0000;Audiencia Real;Quito;Quito;1722;exact;1808;hgis;;;;;False;;A.;Aud.;quito_audiencia_qui;conceptos:audiencia;QU0000AU;qui_audiencia_quito;QUI;wikipedia;wikipedia;Audiencia Real de Quito;[[:conceptos:audiencia|Audiencia Real]] de Quito;False
1722;QUI;PRQUCU00;Gobernacion-Intendencia;Cuenca;Cuenca;1777;exact;1792;exact;;;;;False;;G;Int.;cuenca_provincia_qui;conceptos:intendencia;QUCU00PR;qui_provincia_cuenca;QUI;Provincia;;Gobernacion-Intendencia de Cuenca;[[:conceptos:intendencia|Gobernacion-Intendencia]] de Cuenca;False
1723;QUI;PRQUCU00;Gobernacion;Cuenca;Cuenca;1793;exact;1808;hgis;;;;;False;;G;Gob.;cuenca_provincia_qui;conceptos:gobernacion;QUCU00PR;qui_provincia_cuenca;QUI;Provincia;;Gobernacion de Cuenca;[[:conceptos:gobernacion|Gobernacion]] de Cuenca;False
1726;QUI;JUQUGQGQ;Jurisdiccion;Guayaquil;Guayaquil;1534;exact;1808;hgis;;;;;False;PRQUGQ00;Jur.;Jur.;guayaquil_jurisdiccion_qui;conceptos:cabecera;QUGQGQJU;qui_guayaquil_guayaquil;QUI;Guayaquil;;Jurisdiccion cabecera de Guayaquil;[[:conceptos:cabecera|Jurisdiccion cabecera]] de Guayaquil;True
1727;QUI;JUQUCHCH;Corregimiento;Chimbo;Chimbo;1565;not_before;1808;hgis;;;;;False;;C;C;chimbo_jurisdiccion_qui;conceptos:corregimiento;QUCHCHJU;qui_quito_chimbo;QUI;Quito;;Corregimiento de Chimbo;[[:conceptos:corregimiento|Corregimiento]] de Chimbo;False
1728;QUI;JUQUCUAL;Tenencia de gobierno;Alausi;Alausi;1771;exact;1808;hgis;;;;;False;;Ten.;Jur.;alausi_jurisdiccion_qui;conceptos:jurisdiccion;QUCUALJU;qui_cuenca_alausi;QUI;Cuenca;;Tenencia de gobierno de Alausi;[[:conceptos:jurisdiccion|Tenencia de gobierno]] de Alausi;False
1734;QUI;JUQUGQPV;Tenencia de gobierno;Puerto Viejo;Puerto Viejo;1763;exact;1808;hgis;;;;;False;;Ten.;Jur.;puerto viejo_jurisdiccion_qui;conceptos:jurisdiccion;QUGQPVJU;qui_guayaquil_puerto viejo;QUI;Guayaquil;;Tenencia de gobierno de Puerto Viejo;[[:conceptos:jurisdiccion|Tenencia de gobierno]] de Puerto Viejo;False
1737;QUI;JUQUGQPU;Tenencia de gobierno;Puna;Puna;1763;exact;1808;hgis;;;;;False;;Ten.;Part.;la puna_jurisdiccion_qui;conceptos:partido;QUGQPUJU;qui_guayaquil_la puna;QUI;Guayaquil;;Tenencia de gobierno de Puna;[[:conceptos:partido|Tenencia de gobierno]] de Puna;False
1738;QUI;PRQUES00;Gobernacion;Esmeraldas;Esmeraldas;1738;not_before;1755;not_before;1738;;;;False;;G;Gob.;esmeraldas_provincia_qui;conceptos:gobernacion;QUES00PR;qui_provincia_esmeraldas;QUI;Provincia;;Gobernacion de Esmeraldas;[[:conceptos:gobernacion|Gobernacion]] de Esmeraldas;False
1739;QUI;PRQUES00;Provincia;Esmeraldas;Esmeraldas;1606;not_before;1737;not_before;1606;1663;;;True;JUQUIBIB;Prov.;Prov.;esmeraldas_provincia_qui;conceptos:agregado;QUES00PR;qui_provincia_esmeraldas;QUI;Provincia;;Provincia de Esmeraldas;[[:conceptos:agregado|Provincia]] de Esmeraldas;False
1746;QUI;JUQUQUQU;Corregimiento;Quito;Quito;1548;exact;1771;exact;;;;;False;;C;C;quito_jurisdiccion_qui;conceptos:corregimiento;QUQUQUJU;qui_quito_quito;QUI;Quito;;Corregimiento de Quito;[[:conceptos:corregimiento|Corregimiento]] de Quito;False
1747;QUI;JUQUQUQU;Jurisdiccion;Quito;Quito;1772;exact;1808;hgis;;;;;False;AUQU0000;Jur.;Jur.;quito_jurisdiccion_qui;conceptos:cabecera;QUQUQUJU;qui_quito_quito;QUI;Quito;;Jurisdiccion cabecera de Quito;[[:conceptos:cabecera|Jurisdiccion cabecera]] de Quito;True
1753;QUI;JUQUIBIB;Corregimiento;Ibarra;Ibarra;1606;exact;1808;hgis;;;;;False;;C;C;ibarra_jurisdiccion_qui;conceptos:corregimiento;QUIBIBJU;qui_quito_ibarra;QUI;Quito;;Corregimiento de Ibarra;[[:conceptos:corregimiento|Corregimiento]] de Ibarra;False
1755;QUI;JUQUOTOT;Corregimiento;Otavalo;Otavalo;1565;not_before;1808;hgis;1565;1575;;;False;;C;C;otavalo_jurisdiccion_qui;conceptos:corregimiento;QUOTOTJU;qui_quito_otavalo;QUI;Quito;;Corregimiento de Otavalo;[[:conceptos:corregimiento|Corregimiento]] de Otavalo;False
1760;QUI;PTQUJAJA;Jurisdiccion;Jaen;Jaen;1701;hgis;1808;hgis;;;;;False;PRQUJA00;Jur.;Jur.;jaen_partido_qui;conceptos:cabecera;QUJAJAPT;qui_jaen_jaen;QUI;Jaen;;Jurisdiccion cabecera de Jaen;[[:conceptos:cabecera|Jurisdiccion cabecera]] de Jaen;True
1761;QUI;JUQULTLT;Corregimiento;La Tacunga;La Tacunga;1599;exact;1808;hgis;;;;;False;;C;C;la tacunga_jurisdiccion_qui;conceptos:corregimiento;QULTLTJU;qui_quito_la tacunga;QUI;Quito;;Corregimiento de La Tacunga;[[:conceptos:corregimiento|Corregimiento]] de La Tacunga;False
1765;QUI;JUQULOZA;Alcaldia Mayor de Minas;Zaruma;Zaruma;1701;hgis;1808;hgis;;;;;True;JUQULOLO;AM;Part.;zaruma_jurisdiccion_qui;conceptos:agregado;QULOZAJU;qui_quito_zaruma;QUI;Quito;;Alcaldia Mayor de Minas agregada de Zaruma;[[:conceptos:agregado|Alcaldia Mayor de Minas agregada]] de Zaruma;False
1768;QUI;PTQUQUYU;Partido;Yumbos;Yumbos;1111;start;1808;hgis;;;;;False;;Part.;Part.;yumbos_partido_qui;conceptos:partido;QUQUYUPT;qui_quito_yumbos;QUI;Quito;;Partido de Yumbos;[[:conceptos:partido|Partido]] de Yumbos;False
1769;QUI;JUQURBRB;Corregimiento;Riobamba;Riobamba;1589;exact;1808;hgis;;;;;False;;C;C;riobamba_jurisdiccion_qui;conceptos:corregimiento;QURBRBJU;qui_quito_riobamba;QUI;Quito;;Corregimiento de Riobamba;[[:conceptos:corregimiento|Corregimiento]] de Riobamba;False
1770;QUI;PTQURBRB;Jurisdiccion;Riobamba;Riobamba;1534;not_before;1808;hgis;;;;;False;JUQURBRB;Jur.;Jur.;riobamba_partido_qui;conceptos:cabecera;QURBRBPT;qui_quito_riobamba;QUI;Quito;;Jurisdiccion cabecera de Riobamba;[[:conceptos:cabecera|Jurisdiccion cabecera]] de Riobamba;True
1771;QUI;JUQUPOPO;Jurisdiccion;Popayan;Popayan;1540;exact;1808;hgis;;;;;False;PRQUPO00;Jur.;Jur.;popayan_jurisdiccion_qui;conceptos:cabecera;QUPOPOJU;qui_popayan_popayan;QUI;Popayan;;Jurisdiccion cabecera de Popayan;[[:conceptos:cabecera|Jurisdiccion cabecera]] de Popayan;True
1773;QUI;JUQUPOAL;Jurisdiccion-Tenencia de gobierno;Almaguer;Almaguer;1551;exact;1808;hgis;;;;;False;;Ten.;Jur.;almaguer_jurisdiccion_qui;conceptos:jurisdiccion;QUPOALJU;qui_popayan_almaguer;QUI;Popayan;;Jurisdiccion-Tenencia de gobierno de Almaguer;[[:conceptos:jurisdiccion|Jurisdiccion-Tenencia de gobierno]] de Almaguer;False
1776;QUI;JUQUPOPA;Jurisdiccion-Tenencia de gobierno;Pasto;Pasto;1539;exact;1808;hgis;;;;;False;;Ten.;Jur.;pasto_jurisdiccion_qui;conceptos:jurisdiccion;QUPOPAJU;qui_popayan_pasto;QUI;Popayan;;Jurisdiccion-Tenencia de gobierno de Pasto;[[:conceptos:jurisdiccion|Jurisdiccion-Tenencia de gobierno]] de Pasto;False
1777;QUI;JUQUPOPS;Corregimiento de naturales;Los Pastos;Los Pastos;1679;not_after;1752;not_after;;1679;;;False;;C;C;los pastos_jurisdiccion_qui;conceptos:corregimiento;QUPOPSJU;qui_popayan_los pastos;QUI;Popayan;;Corregimiento de naturales de Los Pastos;[[:conceptos:corregimiento|Corregimiento de naturales]] de Los Pastos;False
1778;QUI;JUQUPOBA;Jurisdiccion-Tenencia de gobierno;Barbacoas;Barbacoas;1600;not_before;1808;hgis;1600;1670;;;False;;Ten.;Part.;barbacoas_jurisdiccion_qui;conceptos:partido;QUPOBAJU;qui_popayan_barbacoas;QUI;Popayan;;Jurisdiccion-Tenencia de gobierno de Barbacoas;[[:conceptos:partido|Jurisdiccion-Tenencia de gobierno]] de Barbacoas;False
1780;QUI;JUQUPOBU;Jurisdiccion-Tenencia de gobierno;Buga;Buga;1557;exact;1792;not_after;;;;;False;;Ten.;Jur.;buga_jurisdiccion_qui;conceptos:jurisdiccion;QUPOBUJU;qui_popayan_buga;QUI;Popayan;;Jurisdiccion-Tenencia de gobierno de Buga;[[:conceptos:jurisdiccion|Jurisdiccion-Tenencia de gobierno]] de Buga;False
1781;NGR;JUNGPOSU;Corregimiento;Vega de Supia;Vega de Supia;1793;not_after;1808;hgis;;1793;;;False;;C;C;vega de supia_jurisdiccion_ngr;conceptos:corregimiento;NGPOSUJU;ngr_popayan_vega de supia;NGR;Popayan;;Corregimiento de Vega de Supia;[[:conceptos:corregimiento|Corregimiento]] de Vega de Supia;False
1787;QUI;PTQUMCMC;Partido;Macas;Macas;1554;exact;1808;hgis;;;;;False;;Part.;Part.;macas_partido_qui;conceptos:partido;QUMCMCPT;qui_quijos_macas;QUI;Quijos;;Partido de Macas;[[:conceptos:partido|Partido]] de Macas;False
1791;NGR;JUNGPOAN;Jurisdiccion-Tenencia de gobierno;Anserma;Anserma;1700;arbitrary;1808;hgis;;;;;False;;Jur.;Jur.;anserma_jurisdiccion_ngr;conceptos:jurisdiccion;NGPOANJU;ngr_popayan_anserma;NGR;Popayan;;Jurisdiccion-Tenencia de gobierno de Anserma;[[:conceptos:jurisdiccion|Jurisdiccion-Tenencia de gobierno]] de Anserma;False
1792;QUI;JUNGPOCC;Tenencia de gobierno;Cuatro Ciudades;Cuatro Ciudades;1700;arbitrary;1755;exact;;;;;False;;Ten.;Jur.;cuatro ciudades_jurisdiccion_qui;conceptos:jurisdiccion;NGPOCCJU;qui_popayan_cuatro ciudades;QUI;Popayan;;Tenencia de gobierno de Cuatro Ciudades;[[:conceptos:jurisdiccion|Tenencia de gobierno]] de Cuatro Ciudades;False
1793;NGR;JUNGANAR;Tenencia de gobierno;Rionegro;Rionegro;1786;ca;1792;ca;;;;;False;;Ten.;Jur.;rionegro_jurisdiccion_ngr;conceptos:jurisdiccion;NGANARJU;ngr_antioquia_rionegro;NGR;Antioquia;;Tenencia de gobierno de Rionegro;[[:conceptos:jurisdiccion|Tenencia de gobierno]] de Rionegro;False
1794;NGR;JUNGANAN;Jurisdiccion;Antioquia;Antioquia;1546;exact;1808;hgis;;;;;False;PRNGAN00;Jur.;Jur.;antioquia_jurisdiccion_ngr;conceptos:cabecera;NGANANJU;ngr_antioquia_antioquia;NGR;Antioquia;;Jurisdiccion cabecera de Antioquia;[[:conceptos:cabecera|Jurisdiccion cabecera]] de Antioquia;True
1795;NGR;JUNGPOCG;Jurisdiccion-Tenencia de gobierno;Cartago;Cartago;1540;exact;1699;arbitrary;;;;;False;JUNGPOCC;Jur.;Jur.;cartago_partido_ngr;conceptos:jurisdiccion;NGPOCGJU;ngr_popayan_cartago;NGR;Popayan;;Jurisdiccion-Tenencia de gobierno de Cartago;[[:conceptos:jurisdiccion|Jurisdiccion-Tenencia de gobierno]] de Cartago;True
1799;NGR;JUNGANAR;Jurisdiccion;Rionegro;Rionegro;1793;ca;1808;hgis;;;;;False;;Jur.;Jur.;rionegro_jurisdiccion_ngr;conceptos:jurisdiccion;NGANARJU;ngr_antioquia_rionegro;NGR;Antioquia;;Jurisdiccion de Rionegro;[[:conceptos:jurisdiccion|Jurisdiccion]] de Rionegro;False
1800;NGR;JUNGANAR;Jurisdiccion;Arma;Arma;1542;exact;1785;ca;;;;;False;;Jur.;Jur.;rionegro_jurisdiccion_ngr;conceptos:jurisdiccion;NGANARJU;ngr_antioquia_rionegro;NGR;Antioquia;;Jurisdiccion de Arma;[[:conceptos:jurisdiccion|Jurisdiccion]] de Arma;False
1801;QUI;JUNGNEPZ;Corregimiento;Paez;Paez;1701;hgis;1753;not_after;;;;;False;;C;C;paez_jurisdiccion_ngr;conceptos:corregimiento;NGNEPZJU;qui_neiva_paez;QUI;Neiva;;Corregimiento de Paez;[[:conceptos:corregimiento|Corregimiento]] de Paez;False
1802;QUI;JUQUPORA;Tenencia de gobierno;Raposo;Raposo;1701;arbitrary;1808;hgis;;1750;;;False;;Ten.;Part.;raposo_jurisdiccion_qui;conceptos:partido;QUPORAJU;qui_popayan_raposo;QUI;Popayan;;Tenencia de gobierno de Raposo;[[:conceptos:partido|Tenencia de gobierno]] de Raposo;False
1803;QUI;JUQUPOMI;Tenencia de gobierno;Micay;Micay;1793;not_after;1808;hgis;;1793;;;False;;Ten.;Part.;micay_jurisdiccion_qui;conceptos:partido;QUPOMIJU;qui_popayan_micay;QUI;Popayan;;Tenencia de gobierno de Micay;[[:conceptos:partido|Tenencia de gobierno]] de Micay;False
1804;QUI;JUQUPOIS;Jurisdiccion-Tenencia de gobierno;Iscuande;Iscuande;1764;exact;1808;hgis;;;;;False;;Ten.;Jur.;iscuande_jurisdiccion_qui;conceptos:jurisdiccion;QUPOISJU;qui_popayan_iscuande;QUI;Popayan;;Jurisdiccion-Tenencia de gobierno de Iscuande;[[:conceptos:jurisdiccion|Jurisdiccion-Tenencia de gobierno]] de Iscuande;False
1808;QUI;JUQUPOCA;Jurisdiccion-Tenencia de gobierno;Cali;Cali;1536;exact;1808;hgis;;;;;False;;Ten.;Jur.;cali_jurisdiccion_qui;conceptos:jurisdiccion;QUPOCAJU;qui_popayan_cali;QUI;Popayan;;Jurisdiccion-Tenencia de gobierno de Cali;[[:conceptos:jurisdiccion|Jurisdiccion-Tenencia de gobierno]] de Cali;False
1810;QUI;JUQUPOCT;Jurisdiccion-Tenencia de gobierno;Caloto;Caloto;1543;exact;1808;hgis;;1793;;;False;;Ten.;Jur.;caloto_jurisdiccion_qui;conceptos:jurisdiccion;QUPOCTJU;qui_popayan_caloto;QUI;Popayan;;Jurisdiccion-Tenencia de gobierno de Caloto;[[:conceptos:jurisdiccion|Jurisdiccion-Tenencia de gobierno]] de Caloto;False
1811;QUI;JUQUPOBU;Jurisdiccion;Buga;Buga;1793;not_after;1808;hgis;;1793;;;False;;Jur.;Jur.;buga_jurisdiccion_qui;conceptos:jurisdiccion;QUPOBUJU;qui_popayan_buga;QUI;Popayan;;Jurisdiccion de Buga;[[:conceptos:jurisdiccion|Jurisdiccion]] de Buga;False
1817;GDJ;PRGDTX00;Gobernacion;Texas;Texas;1722;exact;1808;hgis;;;;;False;;G;Gob.;texas_provincia_gdj;conceptos:gobernacion;GDTX00PR;gdj_provincia_texas;GDJ;Provincia;gerhard-north;Gobernacion de Texas;[[:conceptos:gobernacion|Gobernacion]] de Texas;False
1818;NES;PRNEMI00;Corregimiento-Intendencia;Valladolid;Valladolid;1787;exact;1808;hgis;;;;;False;;C;Int.;michoacan_provincia_nes;conceptos:intendencia;NEMI00PR;nes_provincia_michoacan;NES;Provincia;navarro-garcia;Corregimiento-Intendencia de Valladolid;[[:conceptos:intendencia|Corregimiento-Intendencia]] de Valladolid;False
1819;NES;PRNEVC00;Gobernacion-Intendencia;Veracruz;Veracruz;1787;exact;1808;hgis;;;;;False;;G;Int.;veracruz_provincia_nes;conceptos:intendencia;NEVC00PR;nes_provincia_veracruz;NES;Provincia;navarro-garcia;Gobernacion-Intendencia de Veracruz;[[:conceptos:intendencia|Gobernacion-Intendencia]] de Veracruz;False
1820;NES;PMNEMXMO;Partido;Motines de Zacatula;Motines de Zacatula;1111;start;1808;hgis;;;;;False;;Part.;Part.;motines de zacatula_partido_nes;conceptos:partido;NEMXMOPM;nes_mexico_motines de zacatula;NES;Mexico;div-nueva-espana;Partido de Motines de Zacatula;[[:conceptos:partido|Partido]] de Motines de Zacatula;False
1821;PER;JUPECUVI;Corregimiento;Vilcabamba;Vilcabamba;1781;not_after;1783;exact;;1781;;;False;;C;C;vilcabamba_jurisdiccion_per;conceptos:corregimiento;PECUVIJU;per_cuzco_vilcabamba;PER;Cuzco;;Corregimiento de Vilcabamba;[[:conceptos:corregimiento|Corregimiento]] de Vilcabamba;False
1822;NGR;JUNGSFGD;Corregimiento;Guaduas;Guaduas;1790;exact;1808;hgis;;;;;False;;C;C;guaduas_jurisdiccion_ngr;conceptos:corregimiento;NGSFGDJU;ngr_santa fe_guaduas;NGR;Santa Fe;;Corregimiento de Guaduas;[[:conceptos:corregimiento|Corregimiento]] de Guaduas;False
1823;NGR;JUNGSFUB;Corregimiento;Ubate;Ubate;1593;arbitrary;1704;not_after;;1628;;;False;;C;C;ubate_jurisdiccion_ngr;conceptos:corregimiento;NGSFUBJU;ngr_santa fe_ubate;NGR;Santa Fe;;Corregimiento de Ubate;[[:conceptos:corregimiento|Corregimiento]] de Ubate;False
1825;NGR;JUNGSFBZ;Corregimiento;Boza;Boza;1593;arbitrary;1808;hgis;;1628;;;False;;C;C;boza_jurisdiccion_ngr;conceptos:corregimiento;NGSFBZJU;ngr_santa fe_boza;NGR;Santa Fe;;Corregimiento de Boza;[[:conceptos:corregimiento|Corregimiento]] de Boza;False
1826;NGR;JUNGSFCA;Corregimiento;Caqueza;Caqueza;1751;arbitrary;1808;hgis;;;;;False;;C;C;caqueza_jurisdiccion_ngr;conceptos:corregimiento;NGSFCAJU;ngr_santa fe_caqueza;NGR;Santa Fe;;Corregimiento de Caqueza;[[:conceptos:corregimiento|Corregimiento]] de Caqueza;False
1827;NGR;JUNGSFBG;Corregimiento;Bogota;Bogota;1593;arbitrary;1808;hgis;;1628;;;False;;C;C;bogota_jurisdiccion_ngr;conceptos:corregimiento;NGSFBGJU;ngr_santa fe_bogota;NGR;Santa Fe;;Corregimiento de Bogota;[[:conceptos:corregimiento|Corregimiento]] de Bogota;False
1828;NGR;JUNGSFSF;Jurisdiccion;Santa Fe;Santa Fe;1539;exact;1808;hgis;;;;;False;PRNGSF00;Jur.;Jur.;santa fe_jurisdiccion_ngr;conceptos:cabecera;NGSFSFJU;ngr_santa fe_santa fe;NGR;Santa Fe;;Jurisdiccion cabecera de Santa Fe;[[:conceptos:cabecera|Jurisdiccion cabecera]] de Santa Fe;True
1829;NGR;JUNGSFGV;Corregimiento;Guatavita;Guatavita;1593;not_after;1774;not_after;;;;;False;;C;C;guatavita_jurisdiccion_ngr;conceptos:corregimiento;NGSFGVJU;ngr_santa fe_guatavita;NGR;Santa Fe;;Corregimiento de Guatavita;[[:conceptos:corregimiento|Corregimiento]] de Guatavita;False
1830;NGR;JUNGSFGV;Corregimiento;Choconta;Choconta;1775;not_after;1808;hgis;;1775;;;False;;C;C;guatavita_jurisdiccion_ngr;conceptos:corregimiento;NGSFGVJU;ngr_santa fe_guatavita;NGR;Santa Fe;;Corregimiento de Choconta;[[:conceptos:corregimiento|Corregimiento]] de Choconta;False
1831;NGR;JUNGSFPA;Corregimiento;Pasca;Pasca;1584;not_after;1775;not_after;;1584;;;False;;C;C;pasca_jurisdiccion_ngr;conceptos:corregimiento;NGSFPAJU;ngr_santa fe_pasca;NGR;Santa Fe;;Corregimiento de Pasca;[[:conceptos:corregimiento|Corregimiento]] de Pasca;False
1834;CHL;PTCHCOPE;Partido;Perquilauquen;Perquilauquen;1701;hgis;1795;exact;;;;;False;;Part.;Part.;perquilauquen_partido_chl;conceptos:partido;CHCOPEPT;chl_concepcion_perquilauquen;CHL;Concepcion;;Partido de Perquilauquen;[[:conceptos:partido|Partido]] de Perquilauquen;False
1836;CHA;OBCCSC00;Obispado;Santa Cruz;Santa Cruz de la Sierra;1605;exact;1808;hgis;;;;;False;;Ob.;Ob.;santa cruz de la sierra_obispado_cha;conceptos:obispado;CCSC00OB;cha_obispado_santa cruz de la sierra;CHA;Obispado;catholic-hierarchy;Obispado de Santa Cruz;[[:conceptos:obispado|Obispado]] de Santa Cruz;False
1837;PER;MIPEOC00;Misiones;Ocopa;Ocopa;1701;hgis;1808;hgis;;;;;False;;Mis.;Mis.;misiones de ocopa_misiones_per;conceptos:misiones;PEOC00MI;per_maynas_misiones de ocopa;PER;Maynas;;Misiones de Ocopa;[[:conceptos:misiones|Misiones]] de Ocopa;False
1839;GDJ;CGPI0000;Comandancia General;Provincias Internas;Provincias Internas;1791;exact;1808;hgis;;;;;False;;Com.gen.;Com.gen.;provincias internas_superior_gdj;conceptos:comandancia_general;PI0000CG;gdj_superior_provincias internas;GDJ;Superior;gerhard-north;Comandancia General de Provincias Internas;[[:conceptos:comandancia_general|Comandancia General]] de Provincias Internas;False
1840;GDJ;JUGDGDCO;Alcaldia Mayor;Colima;Colima;1524;exact;1789;exact;;;;;False;;AM;AM;colima_jurisdiccion_gdj;conceptos:alcaldia_mayor;GDGDCOJU;gdj_guadalajara_colima;GDJ;Guadalajara;div-nueva-galicia;Alcaldia Mayor de Colima;[[:conceptos:alcaldia_mayor|Alcaldia Mayor]] de Colima;False
1841;GDJ;JUGDGDCO;Subdelegacion;Colima;Colima;1790;exact;1808;hgis;;;;;False;;Sd.;Sd.;colima_jurisdiccion_gdj;conceptos:subdelegacion;GDGDCOJU;gdj_guadalajara_colima;GDJ;Guadalajara;div-nueva-galicia;Subdelegacion de Colima;[[:conceptos:subdelegacion|Subdelegacion]] de Colima;False
1843;GDJ;JUGDGDZA;Alcaldia Mayor;Zapotlan;Zapotlan;1639;not_after;1791;exact;;;;;False;;AM;AM;zapotlan_jurisdiccion_gdj;conceptos:alcaldia_mayor;GDGDZAJU;gdj_guadalajara_zapotlan;GDJ;Guadalajara;div-nueva-galicia;Alcaldia Mayor de Zapotlan;[[:conceptos:alcaldia_mayor|Alcaldia Mayor]] de Zapotlan;False
1844;GDJ;JUGDGDZA;Subdelegacion;Zapotlan;Zapotlan;1792;exact;1808;hgis;;;;;False;;Sd.;Sd.;zapotlan_jurisdiccion_gdj;conceptos:subdelegacion;GDGDZAJU;gdj_guadalajara_zapotlan;GDJ;Guadalajara;div-nueva-galicia;Subdelegacion de Zapotlan;[[:conceptos:subdelegacion|Subdelegacion]] de Zapotlan;False
1847;GDJ;JUGDGDTU;Subdelegacion;Tuscacuesco;Tuscacuesco;1789;exact;1808;hgis;;;;;False;;Sd.;Sd.;amula_jurisdiccion_gdj;conceptos:subdelegacion;GDGDTUJU;gdj_guadalajara_amula;GDJ;Guadalajara;div-nueva-galicia;Subdelegacion de Tuscacuesco;[[:conceptos:subdelegacion|Subdelegacion]] de Tuscacuesco;False
1849;GDJ;JUGDGDSY;Alcaldia Mayor;Sayula;Sayula y Pueblos de Avalos;1615;exact;1788;exact;;;;;False;;AM;AM;sayula_jurisdiccion_gdj;conceptos:alcaldia_mayor;GDGDSYJU;gdj_guadalajara_sayula;GDJ;Guadalajara;div-nueva-galicia;Alcaldia Mayor de Sayula;[[:conceptos:alcaldia_mayor|Alcaldia Mayor]] de Sayula;False
1850;GDJ;JUGDGDSY;Subdelegacion;Sayula;Sayula;1789;exact;1808;hgis;;;;;False;;Sd.;Sd.;sayula_jurisdiccion_gdj;conceptos:subdelegacion;GDGDSYJU;gdj_guadalajara_sayula;GDJ;Guadalajara;div-nueva-galicia;Subdelegacion de Sayula;[[:conceptos:subdelegacion|Subdelegacion]] de Sayula;False
1852;GDJ;JUGDGDAU;Alcaldia Mayor;Autlan;Autlan y Puerto de Navidad;1551;not_before;1786;exact;1551;1559;;;False;;AM;AM;autlan_jurisdiccion_gdj;conceptos:alcaldia_mayor;GDGDAUJU;gdj_guadalajara_autlan;GDJ;Guadalajara;div-nueva-galicia;Alcaldia Mayor de Autlan;[[:conceptos:alcaldia_mayor|Alcaldia Mayor]] de Autlan;False
1853;GDJ;JUGDGDAU;Subdelegacion;Autlan;Autlan;1789;exact;1808;hgis;;;;;False;;Sd.;Sd.;autlan_jurisdiccion_gdj;conceptos:subdelegacion;GDGDAUJU;gdj_guadalajara_autlan;GDJ;Guadalajara;div-nueva-galicia;Subdelegacion de Autlan;[[:conceptos:subdelegacion|Subdelegacion]] de Autlan;False
1855;GDJ;JUGDGDTO;Alcaldia Mayor;Purificacion;Purificacion;1585;not_after;1772;ca;;;;;False;;AM;AM;tomatlan_jurisdiccion_gdj;conceptos:alcaldia_mayor;GDGDTOJU;gdj_guadalajara_tomatlan;GDJ;Guadalajara;div-nueva-galicia;Alcaldia Mayor de Purificacion;[[:conceptos:alcaldia_mayor|Alcaldia Mayor]] de Purificacion;False
1856;GDJ;JUGDGDTO;Alcaldia Mayor;Tomatlan;Tomatlan;1773;ca;1791;exact;;;;;False;;AM;AM;tomatlan_jurisdiccion_gdj;conceptos:alcaldia_mayor;GDGDTOJU;gdj_guadalajara_tomatlan;GDJ;Guadalajara;div-nueva-galicia;Alcaldia Mayor de Tomatlan;[[:conceptos:alcaldia_mayor|Alcaldia Mayor]] de Tomatlan;False
1857;GDJ;JUGDGDTO;Subdelegacion;Tomatlan;Tomatlan;1792;exact;1808;hgis;;;;;False;;Sd.;Sd.;tomatlan_jurisdiccion_gdj;conceptos:subdelegacion;GDGDTOJU;gdj_guadalajara_tomatlan;GDJ;Guadalajara;div-nueva-galicia;Subdelegacion de Tomatlan;[[:conceptos:subdelegacion|Subdelegacion]] de Tomatlan;False
1860;GDJ;JUGDGDTE;Alcaldia Mayor;Tepic;Tepic;1651;ca;1792;exact;;;;;False;;AM;AM;tepic_jurisdiccion_gdj;conceptos:alcaldia_mayor;GDGDTEJU;gdj_guadalajara_tepic;GDJ;Guadalajara;div-nueva-galicia;Alcaldia Mayor de Tepic;[[:conceptos:alcaldia_mayor|Alcaldia Mayor]] de Tepic;False
1861;GDJ;JUGDGDTE;Subdelegacion;Tepic;Tepic;1793;exact;1808;hgis;;;;;False;;Sd.;Sd.;tepic_jurisdiccion_gdj;conceptos:subdelegacion;GDGDTEJU;gdj_guadalajara_tepic;GDJ;Guadalajara;div-nueva-galicia;Subdelegacion de Tepic;[[:conceptos:subdelegacion|Subdelegacion]] de Tepic;False
1863;GDJ;JUGDGDSB;Comandancia;San Blas;Puerto de San Blas;1768;exact;1808;hgis;;;;;False;;Com.;Com.;san blas_jurisdiccion_gdj;conceptos:jurisdiccion_militar;GDGDSBJU;gdj_guadalajara_san blas;GDJ;Guadalajara;div-nueva-galicia;Comandancia de San Blas;[[:conceptos:jurisdiccion_militar|Comandancia]] de San Blas;False
1864;GDJ;JUGDGDCP;Subdelegacion-Jurisdiccion;Compostela;Compostela;1798;not_before;1807;not_after;1798;;;;False;;Sd.;Sd.;compostela_jurisdiccion_gdj;conceptos:subdelegacion;GDGDCPJU;gdj_guadalajara_compostela;GDJ;Guadalajara;div-nueva-galicia;Subdelegacion-Jurisdiccion de Compostela;[[:conceptos:subdelegacion|Subdelegacion-Jurisdiccion]] de Compostela;False
1866;GDJ;JUGDGDSE;Alcaldia Mayor;Senticpac;Senticpac;1651;ca;1788;exact;;;;;False;;AM;AM;senticpac_jurisdiccion_gdj;conceptos:alcaldia_mayor;GDGDSEJU;gdj_guadalajara_senticpac;GDJ;Guadalajara;div-nueva-galicia;Alcaldia Mayor de Senticpac;[[:conceptos:alcaldia_mayor|Alcaldia Mayor]] de Senticpac;False
1867;GDJ;JUGDGDSE;Subdelegacion;Senticpac;Senticpac;1789;exact;1808;hgis;;;;;False;;Sd.;Sd.;senticpac_jurisdiccion_gdj;conceptos:subdelegacion;GDGDSEJU;gdj_guadalajara_senticpac;GDJ;Guadalajara;div-nueva-galicia;Subdelegacion de Senticpac;[[:conceptos:subdelegacion|Subdelegacion]] de Senticpac;False
1869;GDJ;JUGDGDSM;Alcaldia Mayor;Tequepespan;Santa Maria Tequepespan;1651;ca;1789;exact;;;;;False;;AM;AM;santa maria del oro_jurisdiccion_gdj;conceptos:alcaldia_mayor;GDGDSMJU;gdj_guadalajara_santa maria del oro;GDJ;Guadalajara;div-nueva-galicia;Alcaldia Mayor de Tequepespan;[[:conceptos:alcaldia_mayor|Alcaldia Mayor]] de Tequepespan;False
1870;GDJ;JUGDGDSM;Subdelegacion;Santa Maria Del Oro;Santa Maria Del Oro;1790;exact;1808;hgis;;;;;False;;Sd.;Sd.;santa maria del oro_jurisdiccion_gdj;conceptos:subdelegacion;GDGDSMJU;gdj_guadalajara_santa maria del oro;GDJ;Guadalajara;div-nueva-galicia;Subdelegacion de Santa Maria Del Oro;[[:conceptos:subdelegacion|Subdelegacion]] de Santa Maria Del Oro;False
1873;GDJ;JUGDGDAC;Alcaldia Mayor;Acaponeta;Acaponeta;1600;arbitrary;1790;exact;1583;1630;;;False;;AM;AM;acaponeta_jurisdiccion_gdj;conceptos:alcaldia_mayor;GDGDACJU;gdj_guadalajara_acaponeta;GDJ;Guadalajara;div-nueva-galicia;Alcaldia Mayor de Acaponeta;[[:conceptos:alcaldia_mayor|Alcaldia Mayor]] de Acaponeta;False
1874;GDJ;JUGDGDAC;Subdelegacion;Acaponeta;Acaponeta;1791;exact;1808;hgis;;;;;False;;Sd.;Sd.;acaponeta_jurisdiccion_gdj;conceptos:subdelegacion;GDGDACJU;gdj_guadalajara_acaponeta;GDJ;Guadalajara;div-nueva-galicia;Subdelegacion de Acaponeta;[[:conceptos:subdelegacion|Subdelegacion]] de Acaponeta;False
1878;GDJ;JUGDGDHC;Subdelegacion;San Sebastian;San Sebastian;1792;exact;1808;hgis;;;;;False;;Sd.;Sd.;hostotipac_jurisdiccion_gdj;conceptos:subdelegacion;GDGDHCJU;gdj_guadalajara_hostotipac;GDJ;Guadalajara;div-nueva-galicia;Subdelegacion de San Sebastian;[[:conceptos:subdelegacion|Subdelegacion]] de San Sebastian;False
1879;GDJ;JUGDGDHC;Alcaldia Mayor;Hostotipac;Hostotipac;1605;ca;1791;exact;;1736;;;False;;AM;AM;hostotipac_jurisdiccion_gdj;conceptos:alcaldia_mayor;GDGDHCJU;gdj_guadalajara_hostotipac;GDJ;Guadalajara;div-nueva-galicia;Alcaldia Mayor de Hostotipac;[[:conceptos:alcaldia_mayor|Alcaldia Mayor]] de Hostotipac;False
1883;GDJ;JUGDGDGN;Alcaldia Mayor-Corregimiento;Guachinango;Guachinango y Atengoychan;1549;exact;1599;arbitrary;;;;;False;;AM;AM;guachinango_jurisdiccion_gdj;conceptos:alcaldia_mayor;GDGDGNJU;gdj_guadalajara_guachinango;GDJ;Guadalajara;div-nueva-galicia;Alcaldia Mayor-Corregimiento de Guachinango;[[:conceptos:alcaldia_mayor|Alcaldia Mayor-Corregimiento]] de Guachinango;False
1884;GDJ;JUGDGDGN;Alcaldia Mayor;Mascota;Mascota;1760;not_after;1776;not_after;;1760;;;False;;AM;AM;guachinango_jurisdiccion_gdj;conceptos:alcaldia_mayor;GDGDGNJU;gdj_guadalajara_guachinango;GDJ;Guadalajara;div-nueva-galicia;Alcaldia Mayor de Mascota;[[:conceptos:alcaldia_mayor|Alcaldia Mayor]] de Mascota;False
1887;GDJ;JUGDGDAH;Subdelegacion;Ahuacatlan;Ahuacatlan;1793;exact;1808;hgis;;;;;False;;Sd.;Sd.;ahuacatlan_jurisdiccion_gdj;conceptos:subdelegacion;GDGDAHJU;gdj_guadalajara_ahuacatlan;GDJ;Guadalajara;div-nueva-galicia;Subdelegacion de Ahuacatlan;[[:conceptos:subdelegacion|Subdelegacion]] de Ahuacatlan;False
1888;GDJ;JUGDGDAH;Alcaldia Mayor;Ahuacatlan y Xala;Ahuacatlan y Xala;1590;not_after;1792;exact;;;;;False;;AM;AM;ahuacatlan_jurisdiccion_gdj;conceptos:alcaldia_mayor;GDGDAHJU;gdj_guadalajara_ahuacatlan;GDJ;Guadalajara;div-nueva-galicia;Alcaldia Mayor de Ahuacatlan y Xala;[[:conceptos:alcaldia_mayor|Alcaldia Mayor]] de Ahuacatlan y Xala;False
1891;GDJ;JUGDGDHQ;Alcaldia Mayor;Hostotipaquillo;Hostotipaquillo;1701;hgis;1788;exact;;;;;False;;AM;AM;hostotipaquillo_jurisdiccion_gdj;conceptos:alcaldia_mayor;GDGDHQJU;gdj_guadalajara_hostotipaquillo;GDJ;Guadalajara;gerhard-north;Alcaldia Mayor de Hostotipaquillo;[[:conceptos:alcaldia_mayor|Alcaldia Mayor]] de Hostotipaquillo;False
1892;GDJ;JUGDGDHQ;Subdelegacion;Hostotipaquillo;Hostotipaquillo;1789;exact;1808;hgis;;;;;False;;Sd.;Sd.;hostotipaquillo_jurisdiccion_gdj;conceptos:subdelegacion;GDGDHQJU;gdj_guadalajara_hostotipaquillo;GDJ;Guadalajara;div-nueva-galicia;Subdelegacion de Hostotipaquillo;[[:conceptos:subdelegacion|Subdelegacion]] de Hostotipaquillo;False
1894;GDJ;JUGDGDTQ;Corregimiento;Tequila;Tequila;1563;exact;1789;exact;;;;;False;;C;C;tequila_jurisdiccion_gdj;conceptos:corregimiento;GDGDTQJU;gdj_guadalajara_tequila;GDJ;Guadalajara;div-nueva-galicia;Corregimiento de Tequila;[[:conceptos:corregimiento|Corregimiento]] de Tequila;False
1895;GDJ;JUGDGDTQ;Subdelegacion;Tequila;Tequila;1790;exact;1808;hgis;;;;;False;;Sd.;Sd.;tequila_jurisdiccion_gdj;conceptos:subdelegacion;GDGDTQJU;gdj_guadalajara_tequila;GDJ;Guadalajara;div-nueva-galicia;Subdelegacion de Tequila;[[:conceptos:subdelegacion|Subdelegacion]] de Tequila;False
1897;GDJ;JUGDGDET;Alcaldia Mayor;Etzatlan;Etzatlan;1549;not_after;1786;exact;1541;1549;;;False;;AM;AM;etzatlan_jurisdiccion_gdj;conceptos:alcaldia_mayor;GDGDETJU;gdj_guadalajara_etzatlan;GDJ;Guadalajara;div-nueva-galicia;Alcaldia Mayor de Etzatlan;[[:conceptos:alcaldia_mayor|Alcaldia Mayor]] de Etzatlan;False
1898;GDJ;JUGDGDET;Subdelegacion;Etzatlan;Etzatlan;1787;exact;1808;hgis;;;;;False;;Sd.;Sd.;etzatlan_jurisdiccion_gdj;conceptos:subdelegacion;GDGDETJU;gdj_guadalajara_etzatlan;GDJ;Guadalajara;div-nueva-galicia;Subdelegacion de Etzatlan;[[:conceptos:subdelegacion|Subdelegacion]] de Etzatlan;False
1900;GDJ;JUGDGDLB;Alcaldia Mayor;La Barca;La Barca;1676;not_after;1791;exact;;;;;False;;AM;AM;la barca_jurisdiccion_gdj;conceptos:alcaldia_mayor;GDGDLBJU;gdj_guadalajara_la barca;GDJ;Guadalajara;div-nueva-galicia;Alcaldia Mayor de La Barca;[[:conceptos:alcaldia_mayor|Alcaldia Mayor]] de La Barca;False
1901;GDJ;JUGDGDLB;Subdelegacion;La Barca;La Barca;1792;exact;1808;hgis;;;;;False;;Sd.;Sd.;la barca_jurisdiccion_gdj;conceptos:subdelegacion;GDGDLBJU;gdj_guadalajara_la barca;GDJ;Guadalajara;div-nueva-galicia;Subdelegacion de La Barca;[[:conceptos:subdelegacion|Subdelegacion]] de La Barca;False
1903;GDJ;JUGDGDTA;Corregimiento;Tala;Tala;1621;ca;1788;exact;;;;;False;;C;C;tala_jurisdiccion_gdj;conceptos:corregimiento;GDGDTAJU;gdj_guadalajara_tala;GDJ;Guadalajara;div-nueva-galicia;Corregimiento de Tala;[[:conceptos:corregimiento|Corregimiento]] de Tala;False
1904;GDJ;JUGDGDTA;Subdelegacion;Tala;Tala;1789;exact;1808;hgis;;;;;False;;Sd.;Sd.;tala_jurisdiccion_gdj;conceptos:subdelegacion;GDGDTAJU;gdj_guadalajara_tala;GDJ;Guadalajara;div-nueva-galicia;Subdelegacion de Tala;[[:conceptos:subdelegacion|Subdelegacion]] de Tala;False
1906;GDJ;JUGDGDTL;Corregimiento;Tlajomulco;Tlajomulco y Cajitlan;1700;not_after;1708;not_before;;;;;False;;C;C;tlajomulco y cajititlan_jurisdiccion_gdj;conceptos:corregimiento;GDGDTLJU;gdj_guadalajara_tlajomulco y cajititlan;GDJ;Guadalajara;div-nueva-galicia;Corregimiento de Tlajomulco;[[:conceptos:corregimiento|Corregimiento]] de Tlajomulco;False
1907;GDJ;JUGDGDTL;Subdelegacion;Tlajomulco;Tlajomulco;1791;exact;1808;hgis;;;;;False;;Sd.;Sd.;tlajomulco y cajititlan_jurisdiccion_gdj;conceptos:subdelegacion;GDGDTLJU;gdj_guadalajara_tlajomulco y cajititlan;GDJ;Guadalajara;div-nueva-galicia;Subdelegacion de Tlajomulco;[[:conceptos:subdelegacion|Subdelegacion]] de Tlajomulco;False
1908;GDJ;JUGDGDTN;Corregimiento;Tonala;Tonala;1549;ca;1789;exact;;;;;False;;C;C;tonala_jurisdiccion_gdj;conceptos:corregimiento;GDGDTNJU;gdj_guadalajara_tonala;GDJ;Guadalajara;div-nueva-galicia;Corregimiento de Tonala;[[:conceptos:corregimiento|Corregimiento]] de Tonala;False
1909;GDJ;JUGDGDTN;Subdelegacion;Tonala;Tonala;1790;exact;1808;hgis;;;;;False;;Sd.;Sd.;tonala_jurisdiccion_gdj;conceptos:subdelegacion;GDGDTNJU;gdj_guadalajara_tonala;GDJ;Guadalajara;div-nueva-galicia;Subdelegacion de Tonala;[[:conceptos:subdelegacion|Subdelegacion]] de Tonala;False
1912;GDJ;JUGDGDCA;Corregimiento;Cajititlan;Cajititlan;1700;ca;1786;not_after;;;;;True;JUGDGDTL;C;Part.;cajititlan_jurisdiccion_gdj;conceptos:agregado;GDGDCAJU;gdj_guadalajara_cajititlan;GDJ;Guadalajara;div-nueva-galicia;Corregimiento agregado de Cajititlan;[[:conceptos:agregado|Corregimiento agregado]] de Cajititlan;False
1915;GDJ;JUGDGDGD;Jurisdiccion;Guadalajara;Guadalajara;1542;exact;1808;hgis;;;;;False;PRGDGD00;Jur.;Jur.;guadalajara_jurisdiccion_gdj;conceptos:cabecera;GDGDGDJU;gdj_guadalajara_guadalajara;GDJ;Guadalajara;div-nueva-galicia;Jurisdiccion cabecera de Guadalajara;[[:conceptos:cabecera|Jurisdiccion cabecera]] de Guadalajara;True
1917;GDJ;JUGDGDSC;Subdelegacion;La Barranca;San Cristobal de La Barranca;1792;exact;1808;hgis;;;;;False;;Sd.;Sd.;san cristobal de la barranca_jurisdiccion_gdj;conceptos:subdelegacion;GDGDSCJU;gdj_guadalajara_san cristobal de la barranca;GDJ;Guadalajara;div-nueva-galicia;Subdelegacion de La Barranca;[[:conceptos:subdelegacion|Subdelegacion]] de La Barranca;False
1919;GDJ;JUGDGDTT;Corregimiento;Xonacatlan;Xonacatlan;1651;arbitrary;1740;ca;;;;;False;;C;C;tecpatitlan_jurisdiccion_gdj;conceptos:corregimiento;GDGDTTJU;gdj_guadalajara_tecpatitlan;GDJ;Guadalajara;div-nueva-galicia;Corregimiento de Xonacatlan;[[:conceptos:corregimiento|Corregimiento]] de Xonacatlan;False
1920;GDJ;JUGDGDTT;Subdelegacion;Tecpatitlan;Tecpatitlan;1789;exact;1808;hgis;;;;;False;;Sd.;Sd.;tecpatitlan_jurisdiccion_gdj;conceptos:subdelegacion;GDGDTTJU;gdj_guadalajara_tecpatitlan;GDJ;Guadalajara;div-nueva-galicia;Subdelegacion de Tecpatitlan;[[:conceptos:subdelegacion|Subdelegacion]] de Tecpatitlan;False
1921;GDJ;JUGDGDTT;Corregimiento;Tecpatitlan;Tecpatitlan;1741;ca;1788;exact;;;;;False;;C;C;tecpatitlan_jurisdiccion_gdj;conceptos:corregimiento;GDGDTTJU;gdj_guadalajara_tecpatitlan;GDJ;Guadalajara;div-nueva-galicia;Corregimiento de Tecpatitlan;[[:conceptos:corregimiento|Corregimiento]] de Tecpatitlan;False
1922;GDJ;JUGDGDCU;Corregimiento;Cuquio;Cuquio;1690;exact;1788;exact;;;;;False;;C;C;cuquio_jurisdiccion_gdj;conceptos:corregimiento;GDGDCUJU;gdj_guadalajara_cuquio;GDJ;Guadalajara;div-nueva-galicia;Corregimiento de Cuquio;[[:conceptos:corregimiento|Corregimiento]] de Cuquio;False
1923;GDJ;JUGDGDCU;Subdelegacion;Cuquio;Cuquio;1789;exact;1808;hgis;;;;;False;;Sd.;Sd.;cuquio_jurisdiccion_gdj;conceptos:subdelegacion;GDGDCUJU;gdj_guadalajara_cuquio;GDJ;Guadalajara;div-nueva-galicia;Subdelegacion de Cuquio;[[:conceptos:subdelegacion|Subdelegacion]] de Cuquio;False
1927;GDJ;JUGDGDLA;Alcaldia Mayor;Lagos;Lagos;1549;exact;1793;exact;;;;;False;;AM;AM;lagos_jurisdiccion_gdj;conceptos:alcaldia_mayor;GDGDLAJU;gdj_guadalajara_lagos;GDJ;Guadalajara;div-nueva-galicia;Alcaldia Mayor de Lagos;[[:conceptos:alcaldia_mayor|Alcaldia Mayor]] de Lagos;False
1928;GDJ;JUGDGDLA;Subdelegacion;Lagos;Lagos;1794;exact;1808;hgis;;;;;False;;Sd.;Sd.;lagos_jurisdiccion_gdj;conceptos:subdelegacion;GDGDLAJU;gdj_guadalajara_lagos;GDJ;Guadalajara;div-nueva-galicia;Subdelegacion de Lagos;[[:conceptos:subdelegacion|Subdelegacion]] de Lagos;False
1930;GDJ;JUGDGDTC;Corregimiento;Teocaltiche;Teocaltiche;1563;ca;1707;exact;;;;;False;;C;C;teocaltiche_jurisdiccion_gdj;conceptos:corregimiento;GDGDTCJU;gdj_guadalajara_teocaltiche;GDJ;Guadalajara;becerra;Corregimiento de Teocaltiche;[[:conceptos:corregimiento|Corregimiento]] de Teocaltiche;False
1934;GDJ;JUGDGDJU;Alcaldia Mayor;Juchipila;Juchipila;1690;exact;1788;exact;;;;;True;JUGDGDAC;AM;Part.;juchipila_jurisdiccion_gdj;conceptos:agregado;GDGDJUJU;gdj_guadalajara_juchipila;GDJ;Guadalajara;div-nueva-galicia;Alcaldia Mayor agregada de Juchipila;[[:conceptos:agregado|Alcaldia Mayor agregada]] de Juchipila;False
1935;GDJ;JUGDGDJU;Subdelegacion;Juchipila;Juchipila;1789;exact;1808;hgis;;;;;False;;Sd.;Sd.;juchipila_jurisdiccion_gdj;conceptos:subdelegacion;GDGDJUJU;gdj_guadalajara_juchipila;GDJ;Guadalajara;div-nueva-galicia;Subdelegacion de Juchipila;[[:conceptos:subdelegacion|Subdelegacion]] de Juchipila;False
1937;GDJ;JUGDGDAG;Alcaldia Mayor;Aguas Calientes;Aguas Calientes;1575;exact;1786;exact;;;;;False;;AM;AM;aguas calientes_jurisdiccion_gdj;conceptos:alcaldia_mayor;GDGDAGJU;gdj_guadalajara_aguas calientes;GDJ;Guadalajara;div-nueva-galicia;Alcaldia Mayor de Aguas Calientes;[[:conceptos:alcaldia_mayor|Alcaldia Mayor]] de Aguas Calientes;False
1938;GDJ;JUGDGDAG;Subdelegacion;Aguas Calientes;Aguas Calientes;1787;exact;1808;hgis;;;;;False;;Sd.;Sd.;aguas calientes_jurisdiccion_gdj;conceptos:subdelegacion;GDGDAGJU;gdj_guadalajara_aguas calientes;GDJ;Guadalajara;div-nueva-galicia;Subdelegacion de Aguas Calientes;[[:conceptos:subdelegacion|Subdelegacion]] de Aguas Calientes;False
1940;GDJ;PTGDGDAI;Partido;Asientos;Asientos de Ibarra;1111;start;1786;exact;;;;;False;;Part.;Part.;asientos de ibarra_partido_gdj;conceptos:partido;GDGDAIPT;gdj_guadalajara_asientos de ibarra;GDJ;Guadalajara;div-nueva-galicia;Partido de Asientos;[[:conceptos:partido|Partido]] de Asientos;False
1943;GDJ;PRGDNA00;Tenencia de gobierno;Nayarit;Nayarit;1791;exact;1808;hgis;;;;;False;;Ten.;Jur.;nayarit_provincia_gdj;conceptos:jurisdiccion;GDNA00PR;gdj_reino_nayarit;GDJ;Reino;gerhard-north;Tenencia de gobierno de Nayarit;[[:conceptos:jurisdiccion|Tenencia de gobierno]] de Nayarit;False
1944;GDJ;JUGDGDBO;Corregimiento;Bolaños;Bolaños;1756;exact;1799;ca;;;;;False;;C;C;bolaños_jurisdiccion_gdj;conceptos:corregimiento;GDGDBOJU;gdj_guadalajara_bolaños;GDJ;Guadalajara;div-nueva-galicia;Corregimiento de Bolaños;[[:conceptos:corregimiento|Corregimiento]] de Bolaños;False
1946;PER;JUPEARAR;Corregimiento;Arequipa;Arequipa;1583;not_after;1783;exact;1740;1765;;;False;;C;C;arequipa_jurisdiccion_per;conceptos:corregimiento;PEARARJU;per_arequipa_arequipa;PER;Arequipa;;Corregimiento de Arequipa;[[:conceptos:corregimiento|Corregimiento]] de Arequipa;False
1947;PER;JUPECUCU;Corregimiento;Cuzco;Cuzco;1548;exact;1783;exact;;;;;False;;C;C;cuzco_jurisdiccion_per;conceptos:corregimiento;PECUCUJU;per_cuzco_cuzco;PER;Cuzco;;Corregimiento de Cuzco;[[:conceptos:corregimiento|Corregimiento]] de Cuzco;False
1949;GDJ;JUGDZAZA;Corregimiento;Zacatecas;Zacatecas;1580;exact;1786;exact;;;;;False;;C;C;zacatecas_jurisdiccion_gdj;conceptos:corregimiento;GDZAZAJU;gdj_zacatecas_zacatecas;GDJ;Zacatecas;div-nueva-galicia;Corregimiento de Zacatecas;[[:conceptos:corregimiento|Corregimiento]] de Zacatecas;False
1950;GDJ;JUGDZAZA;Jurisdiccion;Zacatecas;Zacatecas;1787;exact;1808;hgis;;;;;False;PRGDZA00;Jur.;Jur.;zacatecas_jurisdiccion_gdj;conceptos:cabecera;GDZAZAJU;gdj_zacatecas_zacatecas;GDJ;Zacatecas;div-nueva-galicia;Jurisdiccion cabecera de Zacatecas;[[:conceptos:cabecera|Jurisdiccion cabecera]] de Zacatecas;True
1952;GDJ;JUGDZASI;Alcaldia Mayor;Sierra de Pinos;Sierra de Pinos;1700;arbitrary;1786;exact;;;;;True;JUNESLCH;AM;Part.;sierra de pinos_jurisdiccion_gdj;conceptos:agregado;GDZASIJU;gdj_zacatecas_sierra de pinos;GDJ;Zacatecas;div-nueva-galicia;Alcaldia Mayor agregada de Sierra de Pinos;[[:conceptos:agregado|Alcaldia Mayor agregada]] de Sierra de Pinos;False
1953;GDJ;JUGDZASI;Subdelegacion;Sierra de Pinos;Sierra de Pinos;1787;exact;1808;hgis;;;;;False;;Sd.;Sd.;sierra de pinos_jurisdiccion_gdj;conceptos:subdelegacion;GDZASIJU;gdj_zacatecas_sierra de pinos;GDJ;Zacatecas;div-nueva-galicia;Subdelegacion de Sierra de Pinos;[[:conceptos:subdelegacion|Subdelegacion]] de Sierra de Pinos;False
1955;GDJ;JUGDZAJE;Alcaldia Mayor;Jerez;Jerez;1570;exact;1786;exact;;;;;False;;AM;AM;jerez_jurisdiccion_gdj;conceptos:alcaldia_mayor;GDZAJEJU;gdj_zacatecas_jerez;GDJ;Zacatecas;div-nueva-galicia;Alcaldia Mayor de Jerez;[[:conceptos:alcaldia_mayor|Alcaldia Mayor]] de Jerez;False
1959;GDJ;PTGDZATL;Corregimiento;Tlaltenango;Tlaltenango;1570;exact;1786;exact;;;;;True;JUGDZAJE;C;Part.;tlaltenango_partido_gdj;conceptos:agregado;GDZATLPT;gdj_zacatecas_tlaltenango;GDJ;Zacatecas;div-nueva-galicia;Corregimiento agregado de Tlaltenango;[[:conceptos:agregado|Corregimiento agregado]] de Tlaltenango;False
1960;GDJ;JUGDZAFR;Alcaldia Mayor;Fresnillo;Fresnillo;1572;not_after;1707;exact;;;;;False;;AM;AM;fresnillo_jurisdiccion_gdj;conceptos:alcaldia_mayor;GDZAFRJU;gdj_zacatecas_fresnillo;GDJ;Zacatecas;div-nueva-galicia;Alcaldia Mayor de Fresnillo;[[:conceptos:alcaldia_mayor|Alcaldia Mayor]] de Fresnillo;False
1961;GDJ;JUGDZAFR;Subdelegacion;Fresnillo;Fresnillo;1787;exact;1808;hgis;;;;;False;;Sd.;Sd.;fresnillo_jurisdiccion_gdj;conceptos:subdelegacion;GDZAFRJU;gdj_zacatecas_fresnillo;GDJ;Zacatecas;div-nueva-galicia;Subdelegacion de Fresnillo;[[:conceptos:subdelegacion|Subdelegacion]] de Fresnillo;False
1963;GDJ;PTGDZAFR;Jurisdiccion;Fresnillo;Fresnillo;1111;start;1808;hgis;;;;;False;JUGDZAFR;Part.;Part.;fresnillo_partido_gdj;conceptos:cabecera;GDZAFRPT;gdj_zacatecas_fresnillo;GDJ;Zacatecas;div-nueva-galicia;Jurisdiccion cabecera de Fresnillo;[[:conceptos:cabecera|Jurisdiccion cabecera]] de Fresnillo;True
1964;GDJ;JUGDZASO;Alcaldia Mayor;Sombrerete;Sombrerete;1558;not_after;1786;exact;;;;;False;;AM;AM;sombrerete_jurisdiccion_gdj;conceptos:alcaldia_mayor;GDZASOJU;gdj_zacatecas_sombrerete;GDJ;Zacatecas;div-nueva-galicia;Alcaldia Mayor de Sombrerete;[[:conceptos:alcaldia_mayor|Alcaldia Mayor]] de Sombrerete;False
1965;GDJ;JUGDZASO;Subdelegacion;Sombrerete;Sombrerete;1787;exact;1808;hgis;;;;;False;;Sd.;Sd.;sombrerete_jurisdiccion_gdj;conceptos:subdelegacion;GDZASOJU;gdj_zacatecas_sombrerete;GDJ;Zacatecas;div-nueva-galicia;Subdelegacion de Sombrerete;[[:conceptos:subdelegacion|Subdelegacion]] de Sombrerete;False
1967;GDJ;JUGDZAMA;Alcaldia Mayor;Mazapil;Mazapil;1619;not_after;1786;exact;;;;;False;;AM;AM;mazapil_jurisdiccion_gdj;conceptos:alcaldia_mayor;GDZAMAJU;gdj_zacatecas_mazapil;GDJ;Zacatecas;div-nueva-galicia;Alcaldia Mayor de Mazapil;[[:conceptos:alcaldia_mayor|Alcaldia Mayor]] de Mazapil;False
1968;GDJ;JUGDZAMA;Subdelegacion;Mazapil;Mazapil;1787;exact;1808;hgis;;;;;False;;Sd.;Sd.;mazapil_jurisdiccion_gdj;conceptos:subdelegacion;GDZAMAJU;gdj_zacatecas_mazapil;GDJ;Zacatecas;div-nueva-galicia;Subdelegacion de Mazapil;[[:conceptos:subdelegacion|Subdelegacion]] de Mazapil;False
1970;GDJ;JUGDZANI;Alcaldia Mayor*;Nieves;Nieves;1736;not_after;1786;exact;1699;1736;;;False;;AM;AM;nieves_jurisdiccion_gdj;conceptos:alcaldia_mayor;GDZANIJU;gdj_zacatecas_nieves;GDJ;Zacatecas;div-nueva-galicia;Alcaldia Mayor* de Nieves;[[:conceptos:alcaldia_mayor|Alcaldia Mayor*]] de Nieves;False
1971;GDJ;JUGDZANI;Partido;Nieves;Nieves;1787;exact;1791;not_after;;;;;False;;Part.;Part.;nieves_jurisdiccion_gdj;conceptos:partido;GDZANIJU;gdj_zacatecas_nieves;GDJ;Zacatecas;div-nueva-galicia;Partido de Nieves;[[:conceptos:partido|Partido]] de Nieves;False
1974;GDJ;JUGDDUME;Alcaldia Mayor*;Mezquital;San Francisco de Mezquital;1723;exact;1792;not_before;;;;;False;;AM;AM;mezquital_jurisdiccion_gdj;conceptos:alcaldia_mayor;GDDUMEJU;gdj_durango_mezquital;GDJ;Durango;div-nueva-vizcaya;Alcaldia Mayor* de Mezquital;[[:conceptos:alcaldia_mayor|Alcaldia Mayor*]] de Mezquital;False
1977;GDJ;JUGDDUGZ;Alcaldia Mayor*;Guazamota;Guazamota;1701;hgis;1722;not_after;;;;;False;;AM;AM;guazamota_jurisdiccion_gdj;conceptos:alcaldia_mayor;GDDUGZJU;gdj_durango_guazamota;GDJ;Durango;gerhard-north;Alcaldia Mayor* de Guazamota;[[:conceptos:alcaldia_mayor|Alcaldia Mayor*]] de Guazamota;False
1979;GDJ;JUGDDUME;Subdelegacion; Mezquital;San Francisco de Mezquital;1793;not_before;1808;hgis;1793;;;;False;;Sd.;Sd.;mezquital_jurisdiccion_gdj;conceptos:subdelegacion;GDDUMEJU;gdj_durango_mezquital;GDJ;Durango;div-nueva-vizcaya;Subdelegacion de  Mezquital;[[:conceptos:subdelegacion|Subdelegacion]] de  Mezquital;False
1981;GDJ;JUGDDUGM;Alcaldia Mayor;San Diego del Rio;San Diego del Rio;1757;ca;1784;ca;;;;;False;;AM;AM;guarisamey_jurisdiccion_gdj;conceptos:alcaldia_mayor;GDDUGMJU;gdj_durango_guarisamey;GDJ;Durango;div-nueva-vizcaya;Alcaldia Mayor de San Diego del Rio;[[:conceptos:alcaldia_mayor|Alcaldia Mayor]] de San Diego del Rio;False
1982;GDJ;JUGDDUGM;Alcaldia Mayor;Guarisamey;Guarisamey;1785;ca;1788;exact;;;;;False;;AM;AM;guarisamey_jurisdiccion_gdj;conceptos:alcaldia_mayor;GDDUGMJU;gdj_durango_guarisamey;GDJ;Durango;div-nueva-vizcaya;Alcaldia Mayor de Guarisamey;[[:conceptos:alcaldia_mayor|Alcaldia Mayor]] de Guarisamey;False
1983;GDJ;JUGDDUGM;Subdelegacion;Guarisamey;Guarisamey;1789;exact;1808;hgis;;;;;False;;Sd.;Sd.;guarisamey_jurisdiccion_gdj;conceptos:subdelegacion;GDDUGMJU;gdj_durango_guarisamey;GDJ;Durango;div-nueva-vizcaya;Subdelegacion de Guarisamey;[[:conceptos:subdelegacion|Subdelegacion]] de Guarisamey;False
1984;GDJ;JUGDDUME;Alcaldia Mayor*;Lajas;San Francisco de Lajas;1701;hgis;1722;exact;;;;;False;;AM;AM;mezquital_jurisdiccion_gdj;conceptos:alcaldia_mayor;GDDUMEJU;gdj_durango_mezquital;GDJ;Durango;gerhard-north;Alcaldia Mayor* de Lajas;[[:conceptos:alcaldia_mayor|Alcaldia Mayor*]] de Lajas;False
1986;GDJ;JUGDDUTA;Subdelegacion;Tayoltita;Tayoltita;1808;not_after;1808;hgis;;1808;;;False;;Sd.;Sd.;tayoltita_jurisdiccion_gdj;conceptos:subdelegacion;GDDUTAJU;gdj_durango_tayoltita;GDJ;Durango;div-nueva-vizcaya;Subdelegacion de Tayoltita;[[:conceptos:subdelegacion|Subdelegacion]] de Tayoltita;False
1987;GDJ;JUGDDUSD;Subdelegacion;San Dimas;San Dimas;1808;not_after;1808;hgis;;1808;;;False;;Sd.;Sd.;san dimas_jurisdiccion_gdj;conceptos:subdelegacion;GDDUSDJU;gdj_durango_san dimas;GDJ;Durango;div-nueva-vizcaya;Subdelegacion de San Dimas;[[:conceptos:subdelegacion|Subdelegacion]] de San Dimas;False
1988;GDJ;JUGDDUGA;Subdelegacion;Gavilanes;Gavilanes;1808;not_after;1808;hgis;;1808;;;False;;Sd.;Sd.;gavilanes_jurisdiccion_gdj;conceptos:subdelegacion;GDDUGAJU;gdj_durango_gavilanes;GDJ;Durango;div-nueva-vizcaya;Subdelegacion de Gavilanes;[[:conceptos:subdelegacion|Subdelegacion]] de Gavilanes;False
1990;GDJ;JUGDDUVE;Subdelegacion;Ventanas;Ventanas;1808;not_after;1808;hgis;;1808;;;False;;Sd.;Sd.;ventanas_jurisdiccion_gdj;conceptos:subdelegacion;GDDUVEJU;gdj_durango_ventanas;GDJ;Durango;div-nueva-vizcaya;Subdelegacion de Ventanas;[[:conceptos:subdelegacion|Subdelegacion]] de Ventanas;False
1992;GDJ;JUGDDUSA;Subdelegacion;San Andres;San Andres de la Sierra;1787;not_before;1808;hgis;1787;;;;False;;Sd.;Sd.;san andres de la sierra_jurisdiccion_gdj;conceptos:subdelegacion;GDDUSAJU;gdj_durango_san andres de la sierra;GDJ;Durango;div-nueva-vizcaya;Subdelegacion de San Andres;[[:conceptos:subdelegacion|Subdelegacion]] de San Andres;False
1993;GDJ;JUGDDUSA;Alcaldia Mayor;San Andres;San Andres de la Sierra;1740;ca;1786;not_before;;;;;False;;AM;AM;san andres de la sierra_jurisdiccion_gdj;conceptos:alcaldia_mayor;GDDUSAJU;gdj_durango_san andres de la sierra;GDJ;Durango;div-nueva-vizcaya;Alcaldia Mayor de San Andres;[[:conceptos:alcaldia_mayor|Alcaldia Mayor]] de San Andres;False
1994;GDJ;JUGDDUCN;Alcaldia Mayor*;Cianori;Cianori y Minas de Topia;1671;not_after;1786;not_before;;;;;False;;AM;AM;cianori_jurisdiccion_gdj;conceptos:alcaldia_mayor;GDDUCNJU;gdj_durango_cianori;GDJ;Durango;div-nueva-vizcaya;Alcaldia Mayor* de Cianori;[[:conceptos:alcaldia_mayor|Alcaldia Mayor*]] de Cianori;False
1995;GDJ;JUGDDUCN;Subdelegacion;Cianori;Cianori;1787;not_before;1802;ca;1787;;;;False;;Sd.;Sd.;cianori_jurisdiccion_gdj;conceptos:subdelegacion;GDDUCNJU;gdj_durango_cianori;GDJ;Durango;div-nueva-vizcaya;Subdelegacion de Cianori;[[:conceptos:subdelegacion|Subdelegacion]] de Cianori;False
1996;GDJ;JUGDDUCA;Subdelegacion;Canelas;Canelas;1803;not_before;1808;hgis;1803;;;;False;;Sd.;Sd.;canelas_jurisdiccion_gdj;conceptos:subdelegacion;GDDUCAJU;gdj_durango_canelas;GDJ;Durango;div-nueva-vizcaya;Subdelegacion de Canelas;[[:conceptos:subdelegacion|Subdelegacion]] de Canelas;False
1997;GDJ;JUGDDUTH;Alcaldia Mayor*;Tabahueto;Tabahueto;1765;ca;1777;exact;;;;;False;;AM;AM;tabahueto_jurisdiccion_gdj;conceptos:alcaldia_mayor;GDDUTHJU;gdj_durango_tabahueto;GDJ;Durango;div-nueva-vizcaya;Alcaldia Mayor* de Tabahueto;[[:conceptos:alcaldia_mayor|Alcaldia Mayor*]] de Tabahueto;False
1998;GDJ;JUGDDUND;Alcaldia Mayor;Nombre de Dios;Nombre de Dios;1579;exact;1786;not_before;;;;;False;;AM;AM;nombre de dios_jurisdiccion_gdj;conceptos:alcaldia_mayor;GDDUNDJU;gdj_durango_nombre de dios;GDJ;Durango;div-nueva-vizcaya;Alcaldia Mayor de Nombre de Dios;[[:conceptos:alcaldia_mayor|Alcaldia Mayor]] de Nombre de Dios;False
1999;GDJ;JUGDDUND;Subdelegacion;Nombre de Dios;Nombre de Dios;1787;exact;1808;hgis;;;;;False;;Sd.;Sd.;nombre de dios_jurisdiccion_gdj;conceptos:subdelegacion;GDDUNDJU;gdj_durango_nombre de dios;GDJ;Durango;div-nueva-vizcaya;Subdelegacion de Nombre de Dios;[[:conceptos:subdelegacion|Subdelegacion]] de Nombre de Dios;False
2001;GDJ;JUGDDUCM;Alcaldia Mayor;Cuencame;Cuencame;1589;ca;1786;not_before;;;;;False;;AM;AM;cuencame_jurisdiccion_gdj;conceptos:alcaldia_mayor;GDDUCMJU;gdj_durango_cuencame;GDJ;Durango;div-nueva-vizcaya;Alcaldia Mayor de Cuencame;[[:conceptos:alcaldia_mayor|Alcaldia Mayor]] de Cuencame;False
2002;GDJ;JUGDDUCM;Subdelegacion;Cuencame;Cuencame;1787;not_before;1808;hgis;1787;;;;False;;Sd.;Sd.;cuencame_jurisdiccion_gdj;conceptos:subdelegacion;GDDUCMJU;gdj_durango_cuencame;GDJ;Durango;div-nueva-vizcaya;Subdelegacion de Cuencame;[[:conceptos:subdelegacion|Subdelegacion]] de Cuencame;False
2003;GDJ;JUGDDUEG;Comandancia;El Gallo;El Gallo;1687;exact;1750;exact;;;;;False;;Com.;Com.;el gallo_jurisdiccion_gdj;conceptos:jurisdiccion_militar;GDDUEGJU;gdj_durango_el gallo;GDJ;Durango;div-nueva-vizcaya;Comandancia de El Gallo;[[:conceptos:jurisdiccion_militar|Comandancia]] de El Gallo;False
2004;GDJ;JUGDDUEG;Subdelegacion;El Gallo;El Gallo;1796;not_after;1808;hgis;;1796;;;False;;Sd.;Sd.;el gallo_jurisdiccion_gdj;conceptos:subdelegacion;GDDUEGJU;gdj_durango_el gallo;GDJ;Durango;div-nueva-vizcaya;Subdelegacion de El Gallo;[[:conceptos:subdelegacion|Subdelegacion]] de El Gallo;False
2005;GDJ;JUGDDUMA;Comandancia;Mapimi;Mapimi;1711;ca;1750;exact;;;;;False;;Com.;Com.;mapimi_jurisdiccion_gdj;conceptos:jurisdiccion_militar;GDDUMAJU;gdj_durango_mapimi;GDJ;Durango;div-nueva-vizcaya;Comandancia de Mapimi;[[:conceptos:jurisdiccion_militar|Comandancia]] de Mapimi;False
2006;GDJ;JUGDDUMA;Subdelegacion;Mapimi;Mapimi;1787;not_before;1808;hgis;1787;;;;False;;Sd.;Sd.;mapimi_jurisdiccion_gdj;conceptos:subdelegacion;GDDUMAJU;gdj_durango_mapimi;GDJ;Durango;div-nueva-vizcaya;Subdelegacion de Mapimi;[[:conceptos:subdelegacion|Subdelegacion]] de Mapimi;False
2007;GDJ;JUGDDUJR;Alcaldia Mayor;San Juan del Rio;San Juan del Rio;1601;exact;1786;not_before;;;;;False;;AM;AM;san juan del rio_jurisdiccion_gdj;conceptos:alcaldia_mayor;GDDUJRJU;gdj_durango_san juan del rio;GDJ;Durango;div-nueva-vizcaya;Alcaldia Mayor de San Juan del Rio;[[:conceptos:alcaldia_mayor|Alcaldia Mayor]] de San Juan del Rio;False
2008;GDJ;JUGDDUJR;Subdelegacion;San Juan del Rio;San Juan del Rio;1787;not_before;1808;hgis;1787;;;;False;;Sd.;Sd.;san juan del rio_jurisdiccion_gdj;conceptos:subdelegacion;GDDUJRJU;gdj_durango_san juan del rio;GDJ;Durango;div-nueva-vizcaya;Subdelegacion de San Juan del Rio;[[:conceptos:subdelegacion|Subdelegacion]] de San Juan del Rio;False
2009;GDJ;JUGDDUCT;Subdelegacion;Canatlan;Canatlan;1796;exact;1808;hgis;;;;;False;;Sd.;Sd.;canatlan_jurisdiccion_gdj;conceptos:subdelegacion;GDDUCTJU;gdj_durango_canatlan;GDJ;Durango;div-nueva-vizcaya;Subdelegacion de Canatlan;[[:conceptos:subdelegacion|Subdelegacion]] de Canatlan;False
2010;GDJ;JUGDDUCO;Subdelegacion;Coneto;Coneto;1808;not_after;1808;hgis;1804;1808;;;False;;Sd.;Sd.;coneto_jurisdiccion_gdj;conceptos:subdelegacion;GDDUCOJU;gdj_durango_coneto;GDJ;Durango;div-nueva-vizcaya;Subdelegacion de Coneto;[[:conceptos:subdelegacion|Subdelegacion]] de Coneto;False
2011;GDJ;JUGDDUPP;Alcaldia Mayor*;Papasquiaro;Papasquiaro;1693;ca;1786;not_before;;;;;False;;AM;AM;papasquiaro_jurisdiccion_gdj;conceptos:alcaldia_mayor;GDDUPPJU;gdj_durango_papasquiaro;GDJ;Durango;div-nueva-vizcaya;Alcaldia Mayor* de Papasquiaro;[[:conceptos:alcaldia_mayor|Alcaldia Mayor*]] de Papasquiaro;False
2012;GDJ;JUGDDUPP;Subdelegacion;Papasquiaro;Papasquiaro;1787;not_before;1808;hgis;1787;;;;False;;Sd.;Sd.;papasquiaro_jurisdiccion_gdj;conceptos:subdelegacion;GDDUPPJU;gdj_durango_papasquiaro;GDJ;Durango;div-nueva-vizcaya;Subdelegacion de Papasquiaro;[[:conceptos:subdelegacion|Subdelegacion]] de Papasquiaro;False
2013;GDJ;JUGDDUSC;Subdelegacion;Tepehuanes;Tepehuanes;1799;not_after;1807;not_after;;1799;;;False;;Sd.;Sd.;santa catarina_jurisdiccion_gdj;conceptos:subdelegacion;GDDUSCJU;gdj_durango_santa catarina;GDJ;Durango;div-nueva-vizcaya;Subdelegacion de Tepehuanes;[[:conceptos:subdelegacion|Subdelegacion]] de Tepehuanes;False
2014;GDJ;JUGDDUTZ;Subdelegacion;Tamazula;Tamazula;1799;not_after;1808;hgis;;1799;;;False;;Sd.;Sd.;tamazula_jurisdiccion_gdj;conceptos:subdelegacion;GDDUTZJU;gdj_durango_tamazula;GDJ;Durango;div-nueva-vizcaya;Subdelegacion de Tamazula;[[:conceptos:subdelegacion|Subdelegacion]] de Tamazula;False
2015;QUI;JUQUPOTU;Tenencia de gobierno;Tumaco;Tumaco;1764;exact;1808;hgis;;;;;False;;Ten.;Part.;tumaco_jurisdiccion_qui;conceptos:partido;QUPOTUJU;qui_popayan_tumaco;QUI;Popayan;;Tenencia de gobierno de Tumaco;[[:conceptos:partido|Tenencia de gobierno]] de Tumaco;False
2018;GDJ;PRGDDU00;Gobernacion-Capitania General;Nueva Vizcaya;Nueva Vizcaya;1562;exact;1786;exact;;;;;False;;G;CG;nueva vizcaya_provincia_gdj;conceptos:gobernacion;GDDU00PR;gdj_provincia_nueva vizcaya;GDJ;Provincia;gerhard-north;Gobernacion-Capitania General de Nueva Vizcaya;[[:conceptos:gobernacion|Gobernacion-Capitania General]] de Nueva Vizcaya;False
2019;GDJ;JUGDDUDU;Jurisdiccion;Durango;Durango;1563;exact;1808;hgis;;;;;False;PRGDDU00;Jur.;Jur.;durango_jurisdiccion_gdj;conceptos:cabecera;GDDUDUJU;gdj_durango_durango;GDJ;Durango;div-nueva-vizcaya;Jurisdiccion cabecera de Durango;[[:conceptos:cabecera|Jurisdiccion cabecera]] de Durango;True
2020;GDJ;JUGDDUSC;Alcaldia Mayor;Santa Catarina;Santa Catarina;1721;not_after;1725;not_before;;1721;;;False;;AM;AM;santa catarina_jurisdiccion_gdj;conceptos:alcaldia_mayor;GDDUSCJU;gdj_durango_santa catarina;GDJ;Durango;div-nueva-vizcaya;Alcaldia Mayor de Santa Catarina;[[:conceptos:alcaldia_mayor|Alcaldia Mayor]] de Santa Catarina;False
2021;QUI;JUQUMCMC;Tenencia de gobierno;Macas;Macas;1554;not_before;1774;not_after;1554;1600;;;False;;Ten.;Jur.;macas_jurisdiccion_qui;conceptos:jurisdiccion;QUMCMCJU;qui_quijos_macas;QUI;Quijos;;Tenencia de gobierno de Macas;[[:conceptos:jurisdiccion|Tenencia de gobierno]] de Macas;False
2022;GDJ;JUGDDUIN;Alcaldia Mayor;Real de Inde;Real de Inde;1567;exact;1776;not_after;;;1725;1776;False;;AM;AM;inde_jurisdiccion_gdj;conceptos:alcaldia_mayor;GDDUINJU;gdj_durango_inde;GDJ;Durango;div-nueva-vizcaya;Alcaldia Mayor de Real de Inde;[[:conceptos:alcaldia_mayor|Alcaldia Mayor]] de Real de Inde;False
2023;GDJ;JUGDDUIN;Subdelegacion;Inde;Inde;1799;not_after;1808;hgis;1797;1799;;;False;;Sd.;Sd.;inde_jurisdiccion_gdj;conceptos:subdelegacion;GDDUINJU;gdj_durango_inde;GDJ;Durango;div-nueva-vizcaya;Subdelegacion de Inde;[[:conceptos:subdelegacion|Subdelegacion]] de Inde;False
2024;GDJ;JUGDDURO;Alcaldia Mayor;Real del Oro;Real del Oro;1777;not_after;1787;not_before;;1777;;;False;;AM;AM;real del oro_jurisdiccion_gdj;conceptos:alcaldia_mayor;GDDUROJU;gdj_durango_real del oro;GDJ;Durango;div-nueva-vizcaya;Alcaldia Mayor de Real del Oro;[[:conceptos:alcaldia_mayor|Alcaldia Mayor]] de Real del Oro;False
2025;GDJ;JUGDDURO;Subdelegacion;Real del Oro;Real del Oro;1788;not_before;1808;hgis;1788;;;;False;;Sd.;Sd.;real del oro_jurisdiccion_gdj;conceptos:subdelegacion;GDDUROJU;gdj_durango_real del oro;GDJ;Durango;div-nueva-vizcaya;Subdelegacion de Real del Oro;[[:conceptos:subdelegacion|Subdelegacion]] de Real del Oro;False
2026;GDJ;PTGDDUSM;Partido;Bocas;San Miguel de Bocas;1111;start;1808;hgis;;;;;False;;Part.;Part.;san miguel de bocas_partido_gdj;conceptos:partido;GDDUSMPT;gdj_durango_san miguel de bocas;GDJ;Durango;div-nueva-vizcaya;Partido de Bocas;[[:conceptos:partido|Partido]] de Bocas;False
2027;GDJ;JUGDDUVB;Alcaldia Mayor;San Bartolome;Valle de San Bartolome;1641;not_before;1787;not_before;1641;1650;;;False;;AM;AM;valle de san bartolome_jurisdiccion_gdj;conceptos:alcaldia_mayor;GDDUVBJU;gdj_durango_valle de san bartolome;GDJ;Durango;div-nueva-vizcaya;Alcaldia Mayor de San Bartolome;[[:conceptos:alcaldia_mayor|Alcaldia Mayor]] de San Bartolome;False
2028;GDJ;JUGDDUVB;Subdelegacion;San Bartolome;Valle de San Bartolome;1788;not_before;1808;hgis;1788;;;;False;;Sd.;Sd.;valle de san bartolome_jurisdiccion_gdj;conceptos:subdelegacion;GDDUVBJU;gdj_durango_valle de san bartolome;GDJ;Durango;div-nueva-vizcaya;Subdelegacion de San Bartolome;[[:conceptos:subdelegacion|Subdelegacion]] de San Bartolome;False
2029;GDJ;JUGDDUGQ;Comandancia;Guajoquilla;Guajoquilla;1753;exact;1773;exact;;;;;False;;Com.;Com.;guajoquilla_jurisdiccion_gdj;conceptos:jurisdiccion_militar;GDDUGQJU;gdj_durango_guajoquilla;GDJ;Durango;div-nueva-vizcaya;Comandancia de Guajoquilla;[[:conceptos:jurisdiccion_militar|Comandancia]] de Guajoquilla;False
2030;GDJ;JUGDDUGQ;Subdelegacion;Guajoquilla;Guajoquilla;1788;not_before;1808;hgis;1788;;;;False;;Sd.;Sd.;guajoquilla_jurisdiccion_gdj;conceptos:subdelegacion;GDDUGQJU;gdj_durango_guajoquilla;GDJ;Durango;div-nueva-vizcaya;Subdelegacion de Guajoquilla;[[:conceptos:subdelegacion|Subdelegacion]] de Guajoquilla;False
2031;GDJ;JUGDDUGC;Subdelegacion;Guanacevi;Guanacevi;1788;not_before;1808;hgis;1788;;;;False;;Sd.;Sd.;guanacevi_jurisdiccion_gdj;conceptos:subdelegacion;GDDUGCJU;gdj_durango_guanacevi;GDJ;Durango;div-nueva-vizcaya;Subdelegacion de Guanacevi;[[:conceptos:subdelegacion|Subdelegacion]] de Guanacevi;False
2032;GDJ;JUGDDUGC;Alcaldia Mayor*;Guanacevi;Guanacevi;1601;exact;1787;not_before;;;;;False;;AM;AM;guanacevi_jurisdiccion_gdj;conceptos:alcaldia_mayor;GDDUGCJU;gdj_durango_guanacevi;GDJ;Durango;div-nueva-vizcaya;Alcaldia Mayor* de Guanacevi;[[:conceptos:alcaldia_mayor|Alcaldia Mayor*]] de Guanacevi;False
2033;GDJ;JUGDDUCG;Comandancia;Cerro Gordo;Cerro Gordo;1646;ca;1750;exact;;;;;False;;Com.;Com.;cerro gordo_jurisdiccion_gdj;conceptos:jurisdiccion_militar;GDDUCGJU;gdj_durango_cerro gordo;GDJ;Durango;div-nueva-vizcaya;Comandancia de Cerro Gordo;[[:conceptos:jurisdiccion_militar|Comandancia]] de Cerro Gordo;False
2034;GDJ;JUGDDUCG;Alcaldia Mayor;Cerro Gordo;Cerro Gordo;1767;exact;1772;exact;;;;;False;;AM;AM;cerro gordo_jurisdiccion_gdj;conceptos:alcaldia_mayor;GDDUCGJU;gdj_durango_cerro gordo;GDJ;Durango;div-nueva-vizcaya;Alcaldia Mayor de Cerro Gordo;[[:conceptos:alcaldia_mayor|Alcaldia Mayor]] de Cerro Gordo;False
2035;GDJ;JUGDDUCG;Subdelegacion;Cerro Gordo;Cerro Gordo;1788;exact;1808;hgis;;;;;False;;Sd.;Sd.;cerro gordo_jurisdiccion_gdj;conceptos:subdelegacion;GDDUCGJU;gdj_durango_cerro gordo;GDJ;Durango;div-nueva-vizcaya;Subdelegacion de Cerro Gordo;[[:conceptos:subdelegacion|Subdelegacion]] de Cerro Gordo;False
2037;GDJ;JUGDDUBB;Alcaldia Mayor*;Santa Barbara;Santa Barbara;1723;not_after;1787;not_before;;1723;;;False;;AM;AM;santa barbara_jurisdiccion_gdj;conceptos:alcaldia_mayor;GDDUBBJU;gdj_durango_santa barbara;GDJ;Durango;div-nueva-vizcaya;Alcaldia Mayor* de Santa Barbara;[[:conceptos:alcaldia_mayor|Alcaldia Mayor*]] de Santa Barbara;False
2038;GDJ;JUGDDUBB;Subdelegacion;Santa Barbara;Santa Barbara;1788;not_before;1808;hgis;1788;;;;False;;Sd.;Sd.;santa barbara_jurisdiccion_gdj;conceptos:subdelegacion;GDDUBBJU;gdj_durango_santa barbara;GDJ;Durango;div-nueva-vizcaya;Subdelegacion de Santa Barbara;[[:conceptos:subdelegacion|Subdelegacion]] de Santa Barbara;False
2039;GDJ;JUGDDUPL;Jurisdiccion;Parral;Parral;1631;not_after;1724;not_after;;;;;False;PRGDDU00;Jur.;Jur.;parral_jurisdiccion_gdj;conceptos:cabecera;GDDUPLJU;gdj_durango_parral;GDJ;Durango;div-nueva-vizcaya;Jurisdiccion cabecera de Parral;[[:conceptos:cabecera|Jurisdiccion cabecera]] de Parral;True
2040;GDJ;JUGDDUPL;Alcaldia Mayor;Parral;Parral;1725;not_after;1728;not_after;;1725;;;False;;AM;AM;parral_jurisdiccion_gdj;conceptos:alcaldia_mayor;GDDUPLJU;gdj_durango_parral;GDJ;Durango;div-nueva-vizcaya;Alcaldia Mayor de Parral;[[:conceptos:alcaldia_mayor|Alcaldia Mayor]] de Parral;False
2041;GDJ;JUGDDUPL;Subdelegacion;Parral;Parral;1788;exact;1808;hgis;;;;;False;;Sd.;Sd.;parral_jurisdiccion_gdj;conceptos:subdelegacion;GDDUPLJU;gdj_durango_parral;GDJ;Durango;div-nueva-vizcaya;Subdelegacion de Parral;[[:conceptos:subdelegacion|Subdelegacion]] de Parral;False
2042;GDJ;JUGDDUCI;Alcaldia Mayor;Cienega;Cienega de los Olivos;1741;not_after;1787;not_before;;1741;;;False;;AM;AM;cienega de los olivos_jurisdiccion_gdj;conceptos:alcaldia_mayor;GDDUCIJU;gdj_durango_cienega de los olivos;GDJ;Durango;div-nueva-vizcaya;Alcaldia Mayor de Cienega;[[:conceptos:alcaldia_mayor|Alcaldia Mayor]] de Cienega;False
2043;GDJ;JUGDDUCI;Subdelegacion;Cienega;Cienega de los Olivos;1788;not_before;1808;hgis;1788;;;;False;;Sd.;Sd.;cienega de los olivos_jurisdiccion_gdj;conceptos:subdelegacion;GDDUCIJU;gdj_durango_cienega de los olivos;GDJ;Durango;div-nueva-vizcaya;Subdelegacion de Cienega;[[:conceptos:subdelegacion|Subdelegacion]] de Cienega;False
2044;GDJ;JUGDDUCR;Alcaldia Mayor;Cosihuiriachi;Cosihuiriachi;1688;exact;1787;not_before;;;;;False;;AM;AM;cusihuiriachi_jurisdiccion_gdj;conceptos:alcaldia_mayor;GDDUCRJU;gdj_durango_cusihuiriachi;GDJ;Durango;div-nueva-vizcaya;Alcaldia Mayor de Cosihuiriachi;[[:conceptos:alcaldia_mayor|Alcaldia Mayor]] de Cosihuiriachi;False
2045;GDJ;JUGDDUCR;Subdelegacion;Cosihuiriachi;Cosihuiriachi;1788;not_before;1808;hgis;1788;;;;False;;Sd.;Sd.;cusihuiriachi_jurisdiccion_gdj;conceptos:subdelegacion;GDDUCRJU;gdj_durango_cusihuiriachi;GDJ;Durango;div-nueva-vizcaya;Subdelegacion de Cosihuiriachi;[[:conceptos:subdelegacion|Subdelegacion]] de Cosihuiriachi;False
2046;GDJ;JUGDDUBA;Subdelegacion;Basuchil;Basuchil y Papigochic;1791;not_before;1796;not_before;1791;;;;False;;Sd.;Sd.;basuchil y papigochic_jurisdiccion_gdj;conceptos:subdelegacion;GDDUBAJU;gdj_durango_basuchil y papigochic;GDJ;Durango;div-nueva-vizcaya;Subdelegacion de Basuchil;[[:conceptos:subdelegacion|Subdelegacion]] de Basuchil;False
2047;GDJ;JUGDDUBA;Subdelegacion;Basuchil;Basuchil y Papigochic;1802;not_after;1808;hgis;;1802;;;False;;Sd.;Sd.;basuchil y papigochic_jurisdiccion_gdj;conceptos:subdelegacion;GDDUBAJU;gdj_durango_basuchil y papigochic;GDJ;Durango;div-nueva-vizcaya;Subdelegacion de Basuchil;[[:conceptos:subdelegacion|Subdelegacion]] de Basuchil;False
2048;GDJ;JUGDDUMN;Alcaldia Mayor;Minas Nuevas;Minas Nuevas;1634;exact;1729;not_before;;;;;False;;AM;AM;minas nuevas_jurisdiccion_gdj;conceptos:alcaldia_mayor;GDDUMNJU;gdj_durango_minas nuevas;GDJ;Durango;div-nueva-vizcaya;Alcaldia Mayor de Minas Nuevas;[[:conceptos:alcaldia_mayor|Alcaldia Mayor]] de Minas Nuevas;False
2049;GDJ;JUGDDUCS;Alcaldia Mayor*; Conchos;San Francisco de Conchos;1752;ca;1792;not_before;;;;;False;;AM;AM;san francisco de conchos_jurisdiccion_gdj;conceptos:alcaldia_mayor;GDDUCSJU;gdj_durango_san francisco de conchos;GDJ;Durango;div-nueva-vizcaya;Alcaldia Mayor* de  Conchos;[[:conceptos:alcaldia_mayor|Alcaldia Mayor*]] de  Conchos;False
2050;GDJ;JUGDDUCS;Subdelegacion;Conchos;Conchos;1793;not_before;1808;hgis;1793;;;;False;;Sd.;Sd.;san francisco de conchos_jurisdiccion_gdj;conceptos:subdelegacion;GDDUCSJU;gdj_durango_san francisco de conchos;GDJ;Durango;div-nueva-vizcaya;Subdelegacion de Conchos;[[:conceptos:subdelegacion|Subdelegacion]] de Conchos;False
2052;GDJ;JUGDDUCH;Alcaldia Mayor;San Francisco;San Francisco de Cuellar;1708;exact;1717;exact;;;;;False;;AM;AM;chihuahua_jurisdiccion_gdj;conceptos:alcaldia_mayor;GDDUCHJU;gdj_durango_chihuahua;GDJ;Durango;div-nueva-vizcaya;Alcaldia Mayor de San Francisco;[[:conceptos:alcaldia_mayor|Alcaldia Mayor]] de San Francisco;False
2053;GDJ;JUGDDUCH;Corregimiento;Chihuahua;Chihuahua;1718;exact;1792;exact;;;;;False;;C;C;chihuahua_jurisdiccion_gdj;conceptos:corregimiento;GDDUCHJU;gdj_durango_chihuahua;GDJ;Durango;div-nueva-vizcaya;Corregimiento de Chihuahua;[[:conceptos:corregimiento|Corregimiento]] de Chihuahua;False
2054;GDJ;JUGDDUJU;Subdelegacion;Julimes;Julimes;1793;exact;1808;hgis;;;;;False;;Sd.;Sd.;julimes_jurisdiccion_gdj;conceptos:subdelegacion;GDDUJUJU;gdj_durango_julimes;GDJ;Durango;div-nueva-vizcaya;Subdelegacion de Julimes;[[:conceptos:subdelegacion|Subdelegacion]] de Julimes;False
2056;GDJ;JUGDDUBY;Subdelegacion;Babonoyaba;Babonoyaba;1793;exact;1808;hgis;;;;;False;;Sd.;Sd.;babonoyaba_jurisdiccion_gdj;conceptos:subdelegacion;GDDUBYJU;gdj_durango_babonoyaba;GDJ;Durango;div-nueva-vizcaya;Subdelegacion de Babonoyaba;[[:conceptos:subdelegacion|Subdelegacion]] de Babonoyaba;False
2057;GDJ;JUGDDUSI;Subdelegacion;Santa Isabel;Santa Isabel;1793;exact;1808;hgis;;;;;False;;Sd.;Sd.;santa isabel_jurisdiccion_gdj;conceptos:subdelegacion;GDDUSIJU;gdj_durango_santa isabel;GDJ;Durango;div-nueva-vizcaya;Subdelegacion de Santa Isabel;[[:conceptos:subdelegacion|Subdelegacion]] de Santa Isabel;False
2058;GDJ;JUGDDUCH;Subdelegacion;Chihuahua;Chihuahua;1793;exact;1808;hgis;;;;;False;;Sd.;Sd.;chihuahua_jurisdiccion_gdj;conceptos:subdelegacion;GDDUCHJU;gdj_durango_chihuahua;GDJ;Durango;div-nueva-vizcaya;Subdelegacion de Chihuahua;[[:conceptos:subdelegacion|Subdelegacion]] de Chihuahua;False
2062;GDJ;JUGDDUBV;Alcaldia Mayor*;Casas Grandes y Valle de San Buenaventura;Valle de San Buenaventura;1666;not_after;1720;ca;;;;;False;;AM;AM;valle de san buenaventura_jurisdiccion_gdj;conceptos:alcaldia_mayor;GDDUBVJU;gdj_durango_valle de san buenaventura;GDJ;Durango;div-nueva-vizcaya;Alcaldia Mayor* de Casas Grandes y Valle de San Buenaventura;[[:conceptos:alcaldia_mayor|Alcaldia Mayor*]] de Casas Grandes y Valle de San Buenaventura;False
2064;GDJ;JUGDDUBV;Subdelegacion;Valle de San Buenaventura;Valle de San Buenaventura;1788;not_before;1808;hgis;1788;;;;False;;Sd.;Sd.;valle de san buenaventura_jurisdiccion_gdj;conceptos:subdelegacion;GDDUBVJU;gdj_durango_valle de san buenaventura;GDJ;Durango;div-nueva-vizcaya;Subdelegacion de Valle de San Buenaventura;[[:conceptos:subdelegacion|Subdelegacion]] de Valle de San Buenaventura;False
2066;GDJ;JUGDDUBP;Alcaldia Mayor;Urique;Urique y Batopilas;1690;ca;1731;exact;;;;;False;;AM;AM;batopilas_jurisdiccion_gdj;conceptos:alcaldia_mayor;GDDUBPJU;gdj_durango_batopilas;GDJ;Durango;div-nueva-vizcaya;Alcaldia Mayor de Urique;[[:conceptos:alcaldia_mayor|Alcaldia Mayor]] de Urique;False
2067;GDJ;JUGDDUBP;Alcaldia Mayor;Batopilas;Batopilas;1732;exact;1787;not_before;;;;;False;;AM;AM;batopilas_jurisdiccion_gdj;conceptos:alcaldia_mayor;GDDUBPJU;gdj_durango_batopilas;GDJ;Durango;div-nueva-vizcaya;Alcaldia Mayor de Batopilas;[[:conceptos:alcaldia_mayor|Alcaldia Mayor]] de Batopilas;False
2068;GDJ;JUGDDUBP;Subdelegacion;Batopilas;Batopilas;1788;not_before;1808;hgis;1788;;;;False;;Sd.;Sd.;batopilas_jurisdiccion_gdj;conceptos:subdelegacion;GDDUBPJU;gdj_durango_batopilas;GDJ;Durango;div-nueva-vizcaya;Subdelegacion de Batopilas;[[:conceptos:subdelegacion|Subdelegacion]] de Batopilas;False
2069;GDJ;JUGDDUTO;Subdelegacion;Topago;Topago;1803;exact;1806;exact;;;;;False;;Sd.;Sd.;topago_jurisdiccion_gdj;conceptos:subdelegacion;GDDUTOJU;gdj_durango_topago;GDJ;Durango;div-nueva-vizcaya;Subdelegacion de Topago;[[:conceptos:subdelegacion|Subdelegacion]] de Topago;False
2070;GDJ;JUGDDUTO;Subdelegacion-Jurisdiccion;Topago;Topago;1798;not_before;1801;not_after;1798;;;;False;;Sd.;Sd.;topago_jurisdiccion_gdj;conceptos:subdelegacion;GDDUTOJU;gdj_durango_topago;GDJ;Durango;div-nueva-vizcaya;Subdelegacion-Jurisdiccion de Topago;[[:conceptos:subdelegacion|Subdelegacion-Jurisdiccion]] de Topago;False
2071;GDJ;JUGDDUTO;Alcaldia Mayor;Topago;Topago;1777;not_after;1787;not_after;;1777;;;False;;AM;AM;topago_jurisdiccion_gdj;conceptos:alcaldia_mayor;GDDUTOJU;gdj_durango_topago;GDJ;Durango;div-nueva-vizcaya;Alcaldia Mayor de Topago;[[:conceptos:alcaldia_mayor|Alcaldia Mayor]] de Topago;False
2072;GDJ;JUGDDUNP;Alcaldia Mayor;San Juan Nepomuceno;San Juan Nepomuceno;1777;not_after;1787;not_after;;1777;;;False;;AM;AM;san juan nepomuceno_jurisdiccion_gdj;conceptos:alcaldia_mayor;GDDUNPJU;gdj_durango_san juan nepomuceno;GDJ;Durango;div-nueva-vizcaya;Alcaldia Mayor de San Juan Nepomuceno;[[:conceptos:alcaldia_mayor|Alcaldia Mayor]] de San Juan Nepomuceno;False
2073;GDJ;JUGDDUJA;Alcaldia Mayor; San Joaquin; San Joaquin de los Arrieros;1777;not_after;1787;not_after;;1777;;;False;;AM;AM;san joaquin de los arrieros_jurisdiccion_gdj;conceptos:alcaldia_mayor;GDDUJAJU;gdj_durango_san joaquin de los arrieros;GDJ;Durango;div-nueva-vizcaya;Alcaldia Mayor de  San Joaquin;[[:conceptos:alcaldia_mayor|Alcaldia Mayor]] de  San Joaquin;False
2074;GDJ;JUGDDUPS;Alcaldia Mayor;Parras y Saltillo;Saltillo y Parras;1700;ca;1765;not_after;;;;;False;;AM;AM;parras y saltillo_jurisdiccion_gdj;conceptos:alcaldia_mayor;GDDUPSJU;gdj_durango_parras y saltillo;GDJ;Durango;div-nueva-vizcaya;Alcaldia Mayor de Parras y Saltillo;[[:conceptos:alcaldia_mayor|Alcaldia Mayor]] de Parras y Saltillo;False
2075;GDJ;JUGDDUPS;Alcaldia Mayor;Parras y Saltillo;Parras y Saltillo;1766;not_after;1787;not_before;;1766;;;False;;AM;AM;parras y saltillo_jurisdiccion_gdj;conceptos:alcaldia_mayor;GDDUPSJU;gdj_durango_parras y saltillo;GDJ;Durango;div-nueva-vizcaya;Alcaldia Mayor de Parras y Saltillo;[[:conceptos:alcaldia_mayor|Alcaldia Mayor]] de Parras y Saltillo;False
2076;GDJ;JUGDDUPS;Subdelegacion;Parras y Saltillo;Parras y Saltillo;1788;not_before;1808;hgis;1788;;;;False;;Sd.;Sd.;parras y saltillo_jurisdiccion_gdj;conceptos:subdelegacion;GDDUPSJU;gdj_durango_parras y saltillo;GDJ;Durango;div-nueva-vizcaya;Subdelegacion de Parras y Saltillo;[[:conceptos:subdelegacion|Subdelegacion]] de Parras y Saltillo;False
2077;GDJ;JUGDNLBL;Alcaldia Mayor;Boca de Leones;Boca de Leones;1694;exact;1786;not_before;;;;;False;;AM;AM;boca de leones_jurisdiccion_gdj;conceptos:alcaldia_mayor;GDNLBLJU;gdj_nuevo leon_boca de leones;GDJ;Nuevo Leon;div-nueva-galicia;Alcaldia Mayor de Boca de Leones;[[:conceptos:alcaldia_mayor|Alcaldia Mayor]] de Boca de Leones;False
2079;GDJ;JUGDNLCA;Alcaldia Mayor;Cadereyta;Cadereyta;1637;exact;1786;not_before;;;;;False;;AM;AM;cadereyta_jurisdiccion_gdj;conceptos:alcaldia_mayor;GDNLCAJU;gdj_nuevo leon_cadereyta;GDJ;Nuevo Leon;div-nueva-galicia;Alcaldia Mayor de Cadereyta;[[:conceptos:alcaldia_mayor|Alcaldia Mayor]] de Cadereyta;False
2083;GDJ;JUGDNLVA;Alcaldia Mayor;Vallecillo;Vallecillo;1766;exact;1772;exact;;;;;False;;AM;AM;vallecillo_jurisdiccion_gdj;conceptos:alcaldia_mayor;GDNLVAJU;gdj_nuevo leon_vallecillo;GDJ;Nuevo Leon;div-nueva-galicia;Alcaldia Mayor de Vallecillo;[[:conceptos:alcaldia_mayor|Alcaldia Mayor]] de Vallecillo;False
2086;GDJ;JUGDNLSC;Alcaldia Mayor;Santa Catarina;Santa Catarina;1725;exact;1786;not_before;;;;;False;;AM;AM;valle de santa catarina_jurisdiccion_gdj;conceptos:alcaldia_mayor;GDNLSCJU;gdj_nuevo leon_valle de santa catarina;GDJ;Nuevo Leon;div-nueva-galicia;Alcaldia Mayor de Santa Catarina;[[:conceptos:alcaldia_mayor|Alcaldia Mayor]] de Santa Catarina;False
2088;GDJ;JUGDNLSA;Alcaldia Mayor;Salinas;Salinas;1646;exact;1786;not_before;;;;;False;;AM;AM;valle de salinas_jurisdiccion_gdj;conceptos:alcaldia_mayor;GDNLSAJU;gdj_nuevo leon_valle de salinas;GDJ;Nuevo Leon;div-nueva-galicia;Alcaldia Mayor de Salinas;[[:conceptos:alcaldia_mayor|Alcaldia Mayor]] de Salinas;False
2090;GDJ;JUGDNLRB;Alcaldia Mayor;San Antonio;San Antonio de los Llanos;1644;exact;1747;ca;;;;;False;;AM;AM;rio blanco_jurisdiccion_gdj;conceptos:alcaldia_mayor;GDNLRBJU;gdj_nuevo leon_rio blanco;GDJ;Nuevo Leon;div-nueva-galicia;Alcaldia Mayor de San Antonio;[[:conceptos:alcaldia_mayor|Alcaldia Mayor]] de San Antonio;False
2091;GDJ;FRGDNLHX;Fronteras;Huaxteca;Seno mexicano;1111;start;1747;exact;;;;;False;;Fr.;Fr.;huaxteca_fronteras_gdj;conceptos:fronteras;GDNLHXFR;gdj_fronteras_huaxteca;GDJ;Fronteras;s.d.;Fronteras de Huaxteca;[[:conceptos:fronteras|Fronteras]] de Huaxteca;False
2093;GDJ;JUGDNLPL;Alcaldia Mayor;Lampazos;Punta de Lampazos;1752;ca;1786;not_before;;;;;False;;AM;AM;punta de lampazos_jurisdiccion_gdj;conceptos:alcaldia_mayor;GDNLPLJU;gdj_nuevo leon_punta de lampazos;GDJ;Nuevo Leon;div-nueva-galicia;Alcaldia Mayor de Lampazos;[[:conceptos:alcaldia_mayor|Alcaldia Mayor]] de Lampazos;False
2095;GDJ;JUGDNLPI;Alcaldia Mayor*;Pilon;Pilon;1715;ca;1786;not_before;;;;;False;;AM;AM;valle de pilon_jurisdiccion_gdj;conceptos:alcaldia_mayor;GDNLPIJU;gdj_nuevo leon_valle de pilon;GDJ;Nuevo Leon;div-nueva-galicia;Alcaldia Mayor* de Pilon;[[:conceptos:alcaldia_mayor|Alcaldia Mayor*]] de Pilon;False
2098;GDJ;JUGDNLPE;Alcaldia Mayor*;Pesqueria Grande;Pesqueria Grande;1720;ca;1786;not_before;;;;;False;;AM;AM;pesqueria grande_jurisdiccion_gdj;conceptos:alcaldia_mayor;GDNLPEJU;gdj_nuevo leon_pesqueria grande;GDJ;Nuevo Leon;div-nueva-galicia;Alcaldia Mayor* de Pesqueria Grande;[[:conceptos:alcaldia_mayor|Alcaldia Mayor*]] de Pesqueria Grande;False
2100;GDJ;JUGDNLMO;Jurisdiccion;Monterrey;Monterrey;1582;exact;1808;hgis;;;;;False;PRGDNL00;Jur.;Jur.;monterrey_jurisdiccion_gdj;conceptos:cabecera;GDNLMOJU;gdj_nuevo leon_monterrey;GDJ;Nuevo Leon;div-nueva-galicia;Jurisdiccion cabecera de Monterrey;[[:conceptos:cabecera|Jurisdiccion cabecera]] de Monterrey;True
2102;GDJ;JUGDNLLI;Alcaldia Mayor;San Cristobal;Valle de San Cristobal;1691;not_before;1711;exact;1691;1699;;;False;;AM;AM;linares_jurisdiccion_gdj;conceptos:alcaldia_mayor;GDNLLIJU;gdj_nuevo leon_linares;GDJ;Nuevo Leon;div-nueva-galicia;Alcaldia Mayor de San Cristobal;[[:conceptos:alcaldia_mayor|Alcaldia Mayor]] de San Cristobal;False
2104;GDJ;JUGDNLLI;Alcaldia Mayor;Linares;San Felipe de Linares;1712;exact;1786;not_before;;;;;False;;AM;AM;linares_jurisdiccion_gdj;conceptos:alcaldia_mayor;GDNLLIJU;gdj_nuevo leon_linares;GDJ;Nuevo Leon;div-nueva-galicia;Alcaldia Mayor de Linares;[[:conceptos:alcaldia_mayor|Alcaldia Mayor]] de Linares;False
2108;GDJ;JUGDNLLA;Alcaldia Mayor*;Labradores;Valle de Labradores;1691;not_before;1786;not_before;;;;;False;;AM;AM;valle de labradores_jurisdiccion_gdj;conceptos:alcaldia_mayor;GDNLLAJU;gdj_nuevo leon_valle de labradores;GDJ;Nuevo Leon;div-nueva-galicia;Alcaldia Mayor* de Labradores;[[:conceptos:alcaldia_mayor|Alcaldia Mayor*]] de Labradores;False
2110;GDJ;JUGDNLGU;Alcaldia Mayor;Guajuco;Valle de Guajuco;1736;not_after;1786;not_before;;1736;;;False;;AM;AM;valle de guajuco_jurisdiccion_gdj;conceptos:alcaldia_mayor;GDNLGUJU;gdj_nuevo leon_valle de guajuco;GDJ;Nuevo Leon;div-nueva-galicia;Alcaldia Mayor de Guajuco;[[:conceptos:alcaldia_mayor|Alcaldia Mayor]] de Guajuco;False
2112;GDJ;JUGDNLCE;Alcaldia Mayor;Cerralvo;Cerralvo;1628;exact;1786;not_before;;;;;False;;AM;AM;cerralvo_jurisdiccion_gdj;conceptos:alcaldia_mayor;GDNLCEJU;gdj_nuevo leon_cerralvo;GDJ;Nuevo Leon;div-nueva-galicia;Alcaldia Mayor de Cerralvo;[[:conceptos:alcaldia_mayor|Alcaldia Mayor]] de Cerralvo;False
2120;GDJ;JUGDNLVA;Alcaldia Mayor;Vallecillo;Vallecillo, Sabinas y La Iguana;1773;exact;1786;not_before;;;;;False;;AM;AM;vallecillo_jurisdiccion_gdj;conceptos:alcaldia_mayor;GDNLVAJU;gdj_nuevo leon_vallecillo;GDJ;Nuevo Leon;div-nueva-galicia;Alcaldia Mayor de Vallecillo;[[:conceptos:alcaldia_mayor|Alcaldia Mayor]] de Vallecillo;False
2124;NGR;PRNGTU00;Corregimiento;Tunja;Tunja;1539;exact;1808;hgis;;;;;False;;C;C;tunja_provincia_ngr;conceptos:corregimiento;NGTU00PR;ngr_provincia_tunja;NGR;Provincia;;Corregimiento de Tunja;[[:conceptos:corregimiento|Corregimiento]] de Tunja;False
2126;NGR;JUNGTUSF;Gobernacion;San Faustino;San Faustino de los Rios;1662;exact;1808;hgis;;;;;False;;G;Gob.;san faustino de los rios_jurisdiccion_ngr;conceptos:gobernacion;NGTUSFJU;ngr_tunja_san faustino de los rios;NGR;Tunja;;Gobernacion de San Faustino;[[:conceptos:gobernacion|Gobernacion]] de San Faustino;False
2128;NGR;JUNGPPGI;Gobernacion;Giron;Giron;1631;exact;1794;exact;;;;;False;;G;Gob.;giron_provincia_ngr;conceptos:gobernacion;NGPPGIJU;ngr_provincia_giron;NGR;Provincia;;Gobernacion de Giron;[[:conceptos:gobernacion|Gobernacion]] de Giron;False
2130;NGR;JUNGTUVP;Alcaldia Mayor de Minas;Vetas;Vetas de Pamplona;1701;hgis;1794;exact;;;;;False;;AM;AM;vetas de pamplona_jurisdiccion_ngr;conceptos:alcaldia_mayor;NGTUVPJU;ngr_pamplona_vetas de pamplona;NGR;Pamplona;;Alcaldia Mayor de Minas de Vetas;[[:conceptos:alcaldia_mayor|Alcaldia Mayor de Minas]] de Vetas;False
2133;NGR;JUNGTUTE;Corregimiento;Tensa;Tensa;1593;arbitrary;1808;hgis;1552;1628;;;False;;C;C;tensa_jurisdiccion_ngr;conceptos:corregimiento;NGTUTEJU;ngr_tunja_tensa;NGR;Tunja;;Corregimiento de Tensa;[[:conceptos:corregimiento|Corregimiento]] de Tensa;False
2134;NGR;JUNGTUTM;Corregimiento;Turmeque;Turmeque;1593;arbitrary;1808;hgis;;1628;;;False;;C;C;turmeque_jurisdiccion_ngr;conceptos:corregimiento;NGTUTMJU;ngr_tunja_turmeque;NGR;Tunja;;Corregimiento de Turmeque;[[:conceptos:corregimiento|Corregimiento]] de Turmeque;False
2135;NGR;JUNGTUSA;Corregimiento;Sachica;Sachica;1593;arbitrary;1808;hgis;;1628;;;False;;C;C;sachica_jurisdiccion_ngr;conceptos:corregimiento;NGTUSAJU;ngr_tunja_sachica;NGR;Tunja;;Corregimiento de Sachica;[[:conceptos:corregimiento|Corregimiento]] de Sachica;False
2136;NGR;JUNGTUCV;Corregimiento;Chivata;Chivata;1628;not_before;1808;hgis;1628;1635;;;False;;C;C;chivata_jurisdiccion_ngr;conceptos:corregimiento;NGTUCVJU;ngr_tunja_chivata;NGR;Tunja;;Corregimiento de Chivata;[[:conceptos:corregimiento|Corregimiento]] de Chivata;False
2138;NGR;JUNGTUTU;Jurisdiccion;Tunja;Tunja;1539;arbitrary;1808;hgis;;;;;False;PRNGTU00;Jur.;Jur.;tunja_jurisdiccion_ngr;conceptos:cabecera;NGTUTUJU;ngr_tunja_tunja;NGR;Tunja;;Jurisdiccion cabecera de Tunja;[[:conceptos:cabecera|Jurisdiccion cabecera]] de Tunja;True
2139;NGR;PTNGTUTU;Jurisdiccion;Tunja;Tunja;1539;arbitrary;1808;hgis;;;;;False;JUNGTUTU;Jur.;Jur.;tunja_partido_ngr;conceptos:cabecera;NGTUTUPT;ngr_tunja_tunja;NGR;Tunja;;Jurisdiccion cabecera de Tunja;[[:conceptos:cabecera|Jurisdiccion cabecera]] de Tunja;True
2140;NGR;JUNGTULE;Jurisdiccion;Leyva;Leyva;1572;exact;1808;hgis;;;;;False;;Jur.;Jur.;leyva_jurisdiccion_ngr;conceptos:jurisdiccion;NGTULEJU;ngr_tunja_leyva;NGR;Tunja;;Jurisdiccion de Leyva;[[:conceptos:jurisdiccion|Jurisdiccion]] de Leyva;False
2142;NGR;JUNGTUPA;Corregimiento;Paypa;Paypa;1593;arbitrary;1808;hgis;;1628;;;False;;C;C;paypa_jurisdiccion_ngr;conceptos:corregimiento;NGTUPAJU;ngr_tunja_paypa;NGR;Tunja;;Corregimiento de Paypa;[[:conceptos:corregimiento|Corregimiento]] de Paypa;False
2145;NGR;JUNGTUSO;Corregimiento;Sogamoso;Sogamoso;1593;arbitrary;1808;hgis;;1600;;;False;;C;C;sogamoso_jurisdiccion_ngr;conceptos:corregimiento;NGTUSOJU;ngr_tunja_sogamoso;NGR;Tunja;;Corregimiento de Sogamoso;[[:conceptos:corregimiento|Corregimiento]] de Sogamoso;False
2146;NGR;JUNGTUMU;Corregimiento;Muzo;Muzo;1559;exact;1574;exact;;;;;False;;C;C;muzo_jurisdiccion_ngr;conceptos:corregimiento;NGTUMUJU;ngr_tunja_muzo;NGR;Tunja;;Corregimiento de Muzo;[[:conceptos:corregimiento|Corregimiento]] de Muzo;False
2148;NGR;JUNGTUGA;Corregimiento;Gameza;Gameza;1593;arbitrary;1808;hgis;;1628;;;False;;C;C;gameza_jurisdiccion_ngr;conceptos:corregimiento;NGTUGAJU;ngr_tunja_gameza;NGR;Tunja;;Corregimiento de Gameza;[[:conceptos:corregimiento|Corregimiento]] de Gameza;False
2150;NGR;JUNGTUCH;Corregimiento;Chita;Chita;1593;arbitrary;1808;hgis;;1628;;;False;;C;C;chita_jurisdiccion_ngr;conceptos:corregimiento;NGTUCHJU;ngr_tunja_chita;NGR;Tunja;;Corregimiento de Chita;[[:conceptos:corregimiento|Corregimiento]] de Chita;False
2151;NGR;JUNGSOVE;Jurisdiccion;Velez;Velez;1539;exact;1808;hgis;;;;;False;;Jur.;Jur.;velez_jurisdiccion_ngr;conceptos:jurisdiccion;NGSOVEJU;ngr_socorro_velez;NGR;Socorro;;Jurisdiccion de Velez;[[:conceptos:jurisdiccion|Jurisdiccion]] de Velez;False
2154;NGR;JUNGSOSO;Jurisdiccion;Socorro;Socorro;1795;exact;1808;hgis;;;;;False;PRNGSO00;Jur.;Jur.;socorro_jurisdiccion_ngr;conceptos:cabecera;NGSOSOJU;ngr_socorro_socorro;NGR;Socorro;;Jurisdiccion cabecera de Socorro;[[:conceptos:cabecera|Jurisdiccion cabecera]] de Socorro;True
2155;NGR;PRNGSO00;Corregimiento;Socorro;Socorro;1795;exact;1808;hgis;;;;;False;;C;C;socorro_provincia_ngr;conceptos:corregimiento;NGSO00PR;ngr_provincia_socorro;NGR;Provincia;;Corregimiento de Socorro;[[:conceptos:corregimiento|Corregimiento]] de Socorro;False
2156;NGR;JUNGSOSG;Jurisdiccion;San Gil;San Gil;1689;exact;1808;hgis;;;;;False;;Jur.;Jur.;san gil_jurisdiccion_ngr;conceptos:jurisdiccion;NGSOSGJU;ngr_socorro_san gil;NGR;Socorro;;Jurisdiccion de San Gil;[[:conceptos:jurisdiccion|Jurisdiccion]] de San Gil;False
2159;GDJ;JUGDNMTA;Alcaldia Mayor;Taos;Taos;1729;not_before;1749;not_after;1729;;;;False;;AM;AM;taos_jurisdiccion_gdj;conceptos:alcaldia_mayor;GDNMTAJU;gdj_nuevo mexico_taos;GDJ;Nuevo Mexico;div-nuevo-mexico;Alcaldia Mayor de Taos;[[:conceptos:alcaldia_mayor|Alcaldia Mayor]] de Taos;False
2160;GDJ;JUGDNMSC;Alcaldia Mayor;La Cañada;La Cañada;1695;exact;1808;hgis;;;;;False;;AM;AM;santa cruz de la cañada_jurisdiccion_gdj;conceptos:alcaldia_mayor;GDNMSCJU;gdj_nuevo mexico_santa cruz de la cañada;GDJ;Nuevo Mexico;div-nuevo-mexico;Alcaldia Mayor de La Cañada;[[:conceptos:alcaldia_mayor|Alcaldia Mayor]] de La Cañada;False
2165;GDJ;JUGDNMQU;Alcaldia Mayor;Los Queres;Los Queres;1692;not_before;1808;hgis;;;;;False;;AM;AM;los queres_jurisdiccion_gdj;conceptos:alcaldia_mayor;GDNMQUJU;gdj_nuevo mexico_los queres;GDJ;Nuevo Mexico;div-nuevo-mexico;Alcaldia Mayor de Los Queres;[[:conceptos:alcaldia_mayor|Alcaldia Mayor]] de Los Queres;False
2166;GDJ;JUGDNMLL;Alcaldia Mayor;La Laguna;La Laguna;1694;exact;1808;hgis;;;;;False;;AM;AM;la laguna_jurisdiccion_gdj;conceptos:alcaldia_mayor;GDNMLLJU;gdj_nuevo mexico_la laguna;GDJ;Nuevo Mexico;div-nuevo-mexico;Alcaldia Mayor de La Laguna;[[:conceptos:alcaldia_mayor|Alcaldia Mayor]] de La Laguna;False
2169;GDJ;JUGDNMZU;Alcaldia Mayor*;Zuñi;Zuñi;1701;hgis;1739;not_after;;;;;False;;AM;AM;zuñi_jurisdiccion_gdj;conceptos:alcaldia_mayor;GDNMZUJU;gdj_nuevo mexico_zuñi;GDJ;Nuevo Mexico;div-nuevo-mexico;Alcaldia Mayor* de Zuñi;[[:conceptos:alcaldia_mayor|Alcaldia Mayor*]] de Zuñi;False
2172;GDJ;JUGDNMZU;Alcaldia Mayor;Zuñi;Zuñi;1740;not_after;1770;arbitrary;;1740;;;True;JUGDNMLL;AM;Part.;zuñi_jurisdiccion_gdj;conceptos:agregado;GDNMZUJU;gdj_nuevo mexico_zuñi;GDJ;Nuevo Mexico;div-nuevo-mexico;Alcaldia Mayor agregada de Zuñi;[[:conceptos:agregado|Alcaldia Mayor agregada]] de Zuñi;False
2173;GDJ;JUGDNMZU;Alcaldia Mayor*;Zuñi;Zuñi;1771;arbitrary;1789;arbitrary;;;;;False;;AM;AM;zuñi_jurisdiccion_gdj;conceptos:alcaldia_mayor;GDNMZUJU;gdj_nuevo mexico_zuñi;GDJ;Nuevo Mexico;div-nuevo-mexico;Alcaldia Mayor* de Zuñi;[[:conceptos:alcaldia_mayor|Alcaldia Mayor*]] de Zuñi;False
2174;GDJ;JUGDNMZU;Alcaldia Mayor;Zuñi;Zuñi;1790;arbitrary;1807;arbitrary;;;;;True;JUGDNMLL;AM;Part.;zuñi_jurisdiccion_gdj;conceptos:agregado;GDNMZUJU;gdj_nuevo mexico_zuñi;GDJ;Nuevo Mexico;div-nuevo-mexico;Alcaldia Mayor agregada de Zuñi;[[:conceptos:agregado|Alcaldia Mayor agregada]] de Zuñi;False
2175;GDJ;JUGDNMZU;Alcaldia Mayor*;Zuñi;Zuñi;1808;arbitrary;1808;hgis;;;;;False;;AM;AM;zuñi_jurisdiccion_gdj;conceptos:alcaldia_mayor;GDNMZUJU;gdj_nuevo mexico_zuñi;GDJ;Nuevo Mexico;div-nuevo-mexico;Alcaldia Mayor* de Zuñi;[[:conceptos:alcaldia_mayor|Alcaldia Mayor*]] de Zuñi;False
2179;GDJ;JUGDNMAL;Alcaldia Mayor;Las Salinas;Las Salinas;1692;not_before;1705;exact;;;;;False;;AM;AM;alburquerque_jurisdiccion_gdj;conceptos:alcaldia_mayor;GDNMALJU;gdj_nuevo mexico_alburquerque;GDJ;Nuevo Mexico;div-nuevo-mexico;Alcaldia Mayor de Las Salinas;[[:conceptos:alcaldia_mayor|Alcaldia Mayor]] de Las Salinas;False
2183;GDJ;JUGDNMEP;Alcaldia Mayor;El Paso;El Paso;1692;not_before;1760;arbitrary;;;;;False;;AM;AM;el paso_jurisdiccion_gdj;conceptos:alcaldia_mayor;GDNMEPJU;gdj_nuevo mexico_el paso;GDJ;Nuevo Mexico;div-nuevo-mexico;Alcaldia Mayor de El Paso;[[:conceptos:alcaldia_mayor|Alcaldia Mayor]] de El Paso;False
2184;GDJ;JUGDNMEP;Tenencia de gobierno;El Paso;El Paso;1761;arbitrary;1808;hgis;;;;;False;;Ten.;Jur.;el paso_jurisdiccion_gdj;conceptos:jurisdiccion;GDNMEPJU;gdj_nuevo mexico_el paso;GDJ;Nuevo Mexico;div-nuevo-mexico;Tenencia de gobierno de El Paso;[[:conceptos:jurisdiccion|Tenencia de gobierno]] de El Paso;False
2185;GDJ;JUGDNMSA;Alcaldia Mayor;Bernalillo;Bernalillo;1701;hgis;1747;not_before;;;;;False;;AM;AM;sandia_jurisdiccion_gdj;conceptos:alcaldia_mayor;GDNMSAJU;gdj_nuevo mexico_sandia;GDJ;Nuevo Mexico;div-nuevo-mexico;Alcaldia Mayor de Bernalillo;[[:conceptos:alcaldia_mayor|Alcaldia Mayor]] de Bernalillo;False
2187;GDJ;JUGDNMCO;Alcaldia Mayor;Cochiti;Cochiti;1728;not_after;1773;not_after;;1728;;;False;;AM;AM;cochiti_jurisdiccion_gdj;conceptos:alcaldia_mayor;GDNMCOJU;gdj_nuevo mexico_cochiti;GDJ;Nuevo Mexico;div-nuevo-mexico;Alcaldia Mayor de Cochiti;[[:conceptos:alcaldia_mayor|Alcaldia Mayor]] de Cochiti;False
2188;GDJ;JUGDNMSF;Alcaldia Mayor;Santa Fe;Santa Fe;1700;not_after;1799;not_after;1691;1700;;;False;;AM;AM;santa fe_jurisdiccion_gdj;conceptos:alcaldia_mayor;GDNMSFJU;gdj_nuevo mexico_santa fe;GDJ;Nuevo Mexico;div-nuevo-mexico;Alcaldia Mayor de Santa Fe;[[:conceptos:alcaldia_mayor|Alcaldia Mayor]] de Santa Fe;False
2189;GDJ;JUGDNMSF;Jurisdiccion;Santa Fe;Santa Fe;1800;not_after;1808;hgis;;1800;;;False;PRGDNM00;Jur.;Jur.;santa fe_jurisdiccion_gdj;conceptos:cabecera;GDNMSFJU;gdj_nuevo mexico_santa fe;GDJ;Nuevo Mexico;div-nuevo-mexico;Jurisdiccion cabecera de Santa Fe;[[:conceptos:cabecera|Jurisdiccion cabecera]] de Santa Fe;True
2201;GDJ;JUNECLCN;Tenencia de gobierno;California Nueva;California Nueva;1770;exact;1776;exact;;;;;False;;Ten.;Jur.;california alta_jurisdiccion_gdj;conceptos:jurisdiccion;NECLCNJU;gdj_california_california alta;GDJ;California;div-california;Tenencia de gobierno de California Nueva;[[:conceptos:jurisdiccion|Tenencia de gobierno]] de California Nueva;False
2202;GDJ;JUNECLCN;Provincia;California Nueva;California Nueva;1777;exact;1803;exact;;;;;True;PRNECL00;Prov.;Prov.;california alta_jurisdiccion_gdj;conceptos:cabecera;NECLCNJU;gdj_california_california alta;GDJ;California;div-california;Provincia cabecera de California Nueva;[[:conceptos:cabecera|Provincia cabecera]] de California Nueva;False
2203;GDJ;PRNECL00;Presidio;California;California;1697;exact;1766;exact;;;;;False;;Com.;Com.;california_provincia_gdj;conceptos:jurisdiccion_militar;NECL00PR;gdj_provincia_california;GDJ;Provincia;div-presidio;Presidio de California;[[:conceptos:jurisdiccion_militar|Presidio]] de California;False
2204;GDJ;PRNECL00;Gobernacion Politico-Militar;Las Californias;Las Californias;1767;exact;1803;exact;;;;;False;;G;Gob.;california_provincia_gdj;conceptos:gobernacion;NECL00PR;gdj_provincia_california;GDJ;Provincia;gerhard-north;Gobernacion Politico-Militar de Las Californias;[[:conceptos:gobernacion|Gobernacion Politico-Militar]] de Las Californias;False
2206;GDJ;JUNECLCN;Gobernacion;California Alta;California Alta;1804;exact;1808;hgis;;;;;False;;G;Gob.;california alta_jurisdiccion_gdj;conceptos:gobernacion;NECLCNJU;gdj_california_california alta;GDJ;California;div-california;Gobernacion de California Alta;[[:conceptos:gobernacion|Gobernacion]] de California Alta;False
2207;GDJ;JUNECLCV;Gobernacion;Antigua California;Antigua California;1804;exact;1808;hgis;;;;;False;;G;Gob.;california baja_jurisdiccion_gdj;conceptos:gobernacion;NECLCVJU;gdj_california_california baja;GDJ;California;div-california;Gobernacion de Antigua California;[[:conceptos:gobernacion|Gobernacion]] de Antigua California;False
2208;GDJ;PTNECLSF;Partido;San Francisco;San Francisco;1782;not_after;1808;hgis;;1782;;;False;;Part.;Part.;san francisco_partido_gdj;conceptos:partido;NECLSFPT;gdj_california_san francisco;GDJ;California;div-california;Partido de San Francisco;[[:conceptos:partido|Partido]] de San Francisco;False
2209;GDJ;PTNECLSB;Partido;Santa Barbara;Santa Barbara;1782;not_after;1808;hgis;;1782;;;False;;Part.;Part.;santa barbara_partido_gdj;conceptos:partido;NECLSBPT;gdj_california_santa barbara;GDJ;California;div-california;Partido de Santa Barbara;[[:conceptos:partido|Partido]] de Santa Barbara;False
2210;GDJ;PTNECLSD;Partido;San Diego;San Diego;1782;not_after;1808;hgis;;1782;;;False;;Part.;Part.;san diego_partido_gdj;conceptos:partido;NECLSDPT;gdj_california_san diego;GDJ;California;div-california;Partido de San Diego;[[:conceptos:partido|Partido]] de San Diego;False
2212;GDJ;JUNECLDS;Tenencia de gobierno;El Sur;El Sur;1768;exact;1776;arbitrary;;;;;False;;Dept.;Dept.;departamento del sur_jurisdiccion_gdj;conceptos:jurisdiccion_militar;NECLDSJU;gdj_california_departamento del sur;GDJ;California;div-california;Tenencia de gobierno de El Sur;[[:conceptos:partido|Tenencia de gobierno]] de El Sur;False
2214;GDJ;JUNECLDS;Departamento;El Sur;El Sur;1777;arbitrary;1808;hgis;;;;;False;;Dept.;Dept.;departamento del sur_jurisdiccion_gdj;conceptos:partido;NECLDSJU;gdj_california_departamento del sur;GDJ;California;div-california;Departamento de El Sur;[[:conceptos:partido|Departamento]] de El Sur;False
2218;GDJ;INGDSS00;Intendencia;Sinaloa y Sonora;Sinaloa y Sonora;1768;exact;1769;exact;;;;;False;;Int.;Int.;sinaloa y sonora_intendencia_gdj;conceptos:intendencia;GDSS00IN;gdj_intendencia_sinaloa y sonora;GDJ;Intendencia;navarro-garcia;Intendencia de Sinaloa y Sonora;[[:conceptos:intendencia|Intendencia]] de Sinaloa y Sonora;False
2219;GDJ;JUGDSSRO;Alcaldia Mayor*;Rosario;Rosario;1733;exact;1786;not_before;;;;;False;;AM;AM;rosario_jurisdiccion_gdj;conceptos:alcaldia_mayor;GDSSROJU;gdj_sonora-sinaloa_rosario;GDJ;Sonora-Sinaloa;div-sonora-sinaloa;Alcaldia Mayor* de Rosario;[[:conceptos:alcaldia_mayor|Alcaldia Mayor*]] de Rosario;False
2220;GDJ;JUGDSSRO;Subdelegacion-Jurisdiccion;Rosario;Rosario;1787;not_before;1808;hgis;1787;;;;False;;Sd.;Sd.;rosario_jurisdiccion_gdj;conceptos:subdelegacion;GDSSROJU;gdj_sonora-sinaloa_rosario;GDJ;Sonora-Sinaloa;div-sonora-sinaloa;Subdelegacion-Jurisdiccion de Rosario;[[:conceptos:subdelegacion|Subdelegacion-Jurisdiccion]] de Rosario;False
2223;GDJ;JUGDSSMY;Alcaldia Mayor*;Maloya;Maloya;1703;not_before;1786;not_before;;;;;False;;AM;AM;maloya_jurisdiccion_gdj;conceptos:alcaldia_mayor;GDSSMYJU;gdj_sonora-sinaloa_maloya;GDJ;Sonora-Sinaloa;div-sonora-sinaloa;Alcaldia Mayor* de Maloya;[[:conceptos:alcaldia_mayor|Alcaldia Mayor*]] de Maloya;False
2224;GDJ;JUGDSSMY;Subdelegacion;Maloya;Maloya;1787;not_before;1808;hgis;1787;;;;False;;Sd.;Sd.;maloya_jurisdiccion_gdj;conceptos:subdelegacion;GDSSMYJU;gdj_sonora-sinaloa_maloya;GDJ;Sonora-Sinaloa;div-sonora-sinaloa;Subdelegacion de Maloya;[[:conceptos:subdelegacion|Subdelegacion]] de Maloya;False
2225;GDJ;JUGDSSCP;Alcaldia Mayor;Copala;Copala;1705;ca;1786;not_before;;;;;False;;AM;AM;copala_jurisdiccion_gdj;conceptos:alcaldia_mayor;GDSSCPJU;gdj_sonora-sinaloa_copala;GDJ;Sonora-Sinaloa;div-sonora-sinaloa;Alcaldia Mayor de Copala;[[:conceptos:alcaldia_mayor|Alcaldia Mayor]] de Copala;False
2226;GDJ;JUGDSSCP;Subdelegacion;Copala;Copala;1787;not_before;1808;hgis;1787;;;;False;;Sd.;Sd.;copala_jurisdiccion_gdj;conceptos:subdelegacion;GDSSCPJU;gdj_sonora-sinaloa_copala;GDJ;Sonora-Sinaloa;div-sonora-sinaloa;Subdelegacion de Copala;[[:conceptos:subdelegacion|Subdelegacion]] de Copala;False
2228;GDJ;JUGDSSCS;Alcaldia Mayor;Cosala;Cosala;1771;ca;1786;arbitrary;;;;;False;;AM;AM;cosala_jurisdiccion_gdj;conceptos:alcaldia_mayor;GDSSCSJU;gdj_sonora-sinaloa_cosala;GDJ;Sonora-Sinaloa;div-sonora-sinaloa;Alcaldia Mayor de Cosala;[[:conceptos:alcaldia_mayor|Alcaldia Mayor]] de Cosala;False
2230;GDJ;JUGDSSCU;Alcaldia Mayor;Culiacan;Culiacan;1531;not_before;1786;not_before;;;;;False;;AM;AM;culiacan_jurisdiccion_gdj;conceptos:alcaldia_mayor;GDSSCUJU;gdj_sonora-sinaloa_culiacan;GDJ;Sonora-Sinaloa;div-sonora-sinaloa;Alcaldia Mayor de Culiacan;[[:conceptos:alcaldia_mayor|Alcaldia Mayor]] de Culiacan;False
2231;GDJ;JUGDSSCU;Subdelegacion;Culiacan;Culiacan;1787;not_before;1808;hgis;1787;;;;False;;Sd.;Sd.;culiacan_jurisdiccion_gdj;conceptos:subdelegacion;GDSSCUJU;gdj_sonora-sinaloa_culiacan;GDJ;Sonora-Sinaloa;div-sonora-sinaloa;Subdelegacion de Culiacan;[[:conceptos:subdelegacion|Subdelegacion]] de Culiacan;False
2234;GDJ;JUGDSSSC;Alcaldia Mayor*;Santiago;Santiago de los Caballeros;1693;exact;1744;ca;;;;;False;;AM;AM;santiago de los caballeros_jurisdiccion_gdj;conceptos:alcaldia_mayor;GDSSSCJU;gdj_sonora-sinaloa_santiago de los caballeros;GDJ;Sonora-Sinaloa;div-sonora-sinaloa;Alcaldia Mayor* de Santiago;[[:conceptos:alcaldia_mayor|Alcaldia Mayor*]] de Santiago;False
2236;GDJ;PTGDSSBA;Partido;Badiraguato;Badiraguato;1111;start;1741;ca;;;;;False;;Part.;Part.;badiraguato_partido_gdj;conceptos:partido;GDSSBAPT;gdj_sonora-sinaloa_badiraguato;GDJ;Sonora-Sinaloa;div-sonora-sinaloa;Partido de Badiraguato;[[:conceptos:partido|Partido]] de Badiraguato;False
2237;GDJ;PTGDSSBA;Partido;Badiraguato;Badiraguato y Santiago;1742;ca;1808;hgis;;;;;False;;Part.;Part.;badiraguato_partido_gdj;conceptos:partido;GDSSBAPT;gdj_sonora-sinaloa_badiraguato;GDJ;Sonora-Sinaloa;div-sonora-sinaloa;Partido de Badiraguato;[[:conceptos:partido|Partido]] de Badiraguato;False
2239;GDJ;JUGDSSSB;Alcaldia Mayor*;San Benito;San Benito;1745;ca;1750;arbitrary;;;;;False;;AM;AM;san benito_jurisdiccion_gdj;conceptos:alcaldia_mayor;GDSSSBJU;gdj_sonora-sinaloa_san benito;GDJ;Sonora-Sinaloa;div-sonora-sinaloa;Alcaldia Mayor* de San Benito;[[:conceptos:alcaldia_mayor|Alcaldia Mayor*]] de San Benito;False
2240;GDJ;JUGDSSSI;Gobernacion;Sinaloa;Sinaloa;1640;arbitrary;1732;exact;;;;;False;;G;Gob.;sinaloa_jurisdiccion_gdj;conceptos:gobernacion;GDSSSIJU;gdj_sonora-sinaloa_sinaloa;GDJ;Sonora-Sinaloa;div-sonora-sinaloa;Gobernacion de Sinaloa;[[:conceptos:gobernacion|Gobernacion]] de Sinaloa;False
2241;GDJ;JUGDSSSI;Jurisdiccion;Sinaloa;Sinaloa;1733;exact;1748;ca;;;;;False;PRGDSS00;Jur.;Jur.;sinaloa_jurisdiccion_gdj;conceptos:cabecera;GDSSSIJU;gdj_sonora-sinaloa_sinaloa;GDJ;Sonora-Sinaloa;div-sonora-sinaloa;Jurisdiccion cabecera de Sinaloa;[[:conceptos:cabecera|Jurisdiccion cabecera]] de Sinaloa;True
2242;GDJ;JUGDSSSI;Tenencia de gobierno;Sinaloa;Sinaloa;1749;ca;1786;not_before;;;;;False;;Ten.;Jur.;sinaloa_jurisdiccion_gdj;conceptos:jurisdiccion;GDSSSIJU;gdj_sonora-sinaloa_sinaloa;GDJ;Sonora-Sinaloa;div-sonora-sinaloa;Tenencia de gobierno de Sinaloa;[[:conceptos:jurisdiccion|Tenencia de gobierno]] de Sinaloa;False
2243;GDJ;JUGDSSSI;Subdelegacion;Sinaloa;Sinaloa;1787;not_before;1808;hgis;1787;;;;False;;Sd.;Sd.;sinaloa_jurisdiccion_gdj;conceptos:subdelegacion;GDSSSIJU;gdj_sonora-sinaloa_sinaloa;GDJ;Sonora-Sinaloa;div-sonora-sinaloa;Subdelegacion de Sinaloa;[[:conceptos:subdelegacion|Subdelegacion]] de Sinaloa;False
2244;GDJ;PTGDSSSB;Partido;San Benito;San Benito;1742;ca;1808;hgis;;;;;False;;Part.;Part.;san benito_partido_gdj;conceptos:partido;GDSSSBPT;gdj_sonora-sinaloa_san benito;GDJ;Sonora-Sinaloa;div-sonora-sinaloa;Partido de San Benito;[[:conceptos:partido|Partido]] de San Benito;False
2245;GDJ;PTGDSSMA;Comandancia;Mazatlan;Mazatlan;1741;ca;1791;exact;;;;;False;;Com.;Com.;mazatlan_partido_gdj;conceptos:jurisdiccion_militar;GDSSMAPT;gdj_sonora-sinaloa_mazatlan;GDJ;Sonora-Sinaloa;div-sonora-sinaloa;Comandancia de Mazatlan;[[:conceptos:jurisdiccion_militar|Comandancia]] de Mazatlan;False
2249;GDJ;JUGDSSOS;Alcaldia Mayor;Ostimuri;Ostimuri;1676;exact;1786;not_before;;;;;False;;AM;AM;ostimuri_jurisdiccion_gdj;conceptos:alcaldia_mayor;GDSSOSJU;gdj_sonora-sinaloa_ostimuri;GDJ;Sonora-Sinaloa;div-sonora-sinaloa;Alcaldia Mayor de Ostimuri;[[:conceptos:alcaldia_mayor|Alcaldia Mayor]] de Ostimuri;False
2250;GDJ;JUGDSSOS;Subdelegacion;Ostimuri;Ostimuri;1787;not_before;1808;hgis;1787;;;;False;;Sd.;Sd.;ostimuri_jurisdiccion_gdj;conceptos:subdelegacion;GDSSOSJU;gdj_sonora-sinaloa_ostimuri;GDJ;Sonora-Sinaloa;div-sonora-sinaloa;Subdelegacion de Ostimuri;[[:conceptos:subdelegacion|Subdelegacion]] de Ostimuri;False
2255;GDJ;JUGDSSSO;Alcaldia Mayor;Sonora;Sonora;1641;exact;1786;not_before;;;;;False;;AM;AM;sonora_jurisdiccion_gdj;conceptos:alcaldia_mayor;GDSSSOJU;gdj_sonora-sinaloa_sonora;GDJ;Sonora-Sinaloa;div-sonora-sinaloa;Alcaldia Mayor de Sonora;[[:conceptos:alcaldia_mayor|Alcaldia Mayor]] de Sonora;False
2256;GDJ;JUGDSSSO;Subdelegacion;Sonora;Sonora;1787;not_before;1808;hgis;1787;;;;False;;Sd.;Sd.;sonora_jurisdiccion_gdj;conceptos:subdelegacion;GDSSSOJU;gdj_sonora-sinaloa_sonora;GDJ;Sonora-Sinaloa;div-sonora-sinaloa;Subdelegacion de Sonora;[[:conceptos:subdelegacion|Subdelegacion]] de Sonora;False
2258;GDJ;PRGDSS00;Gobernacion-Intendencia;Arizpe;Arizpe;1779;exact;1808;hgis;;;;;False;;G;Int.;sinaloa y sonora_provincia_gdj;conceptos:intendencia;GDSS00PR;gdj_provincia_sinaloa y sonora;GDJ;Provincia;gerhard-north;Gobernacion-Intendencia de Arizpe;[[:conceptos:intendencia|Gobernacion-Intendencia]] de Arizpe;False
2261;GDJ;PRGDSS00;Gobernacion;Sinaloa y Sonora;Sinaloa y Sonora;1733;exact;1769;exact;;;;;False;;G;Gob.;sinaloa y sonora_provincia_gdj;conceptos:gobernacion;GDSS00PR;gdj_provincia_sinaloa y sonora;GDJ;Provincia;gerhard-north;Gobernacion de Sinaloa y Sonora;[[:conceptos:gobernacion|Gobernacion]] de Sinaloa y Sonora;False
2262;GDJ;PTGDSSSO;Misiones;Opateria;Opateria;1701;hgis;1774;not_before;;;;;False;;Part.;Part.;opateria_partido_gdj;conceptos:misiones;GDSSSOPT;gdj_sonora-sinaloa_opateria;GDJ;Sonora-Sinaloa;s.d.;Misiones de Opateria;[[:conceptos:misiones|Misiones]] de Opateria;False
2263;GDJ;PTGDSSSO;Partido;Arizpe;Arizpe;1775;not_before;1786;not_before;1775;;;;False;;Part.;Part.;opateria_partido_gdj;conceptos:partido;GDSSSOPT;gdj_sonora-sinaloa_opateria;GDJ;Sonora-Sinaloa;div-sonora-sinaloa;Partido de Arizpe;[[:conceptos:partido|Partido]] de Arizpe;False
2264;GDJ;PTGDSSSO;Subdelegacion;Arizpe;Arizpe;1787;not_before;1808;hgis;1787;;;;False;;Part.;Part.;opateria_partido_gdj;conceptos:subdelegacion;GDSSSOPT;gdj_sonora-sinaloa_opateria;GDJ;Sonora-Sinaloa;div-sonora-sinaloa;Subdelegacion de Arizpe;[[:conceptos:subdelegacion|Subdelegacion]] de Arizpe;False
2266;GDJ;JUGDSSAL;Subdelegacion;Alamos;Alamos;1787;not_before;1808;hgis;1787;;;;False;;Sd.;Sd.;alamos_jurisdiccion_gdj;conceptos:subdelegacion;GDSSALJU;gdj_sonora-sinaloa_alamos;GDJ;Sonora-Sinaloa;div-sonora-sinaloa;Subdelegacion de Alamos;[[:conceptos:subdelegacion|Subdelegacion]] de Alamos;False
2270;NES;PTNECLCL;Partido;Colotlan;Colotlan;1111;start;1808;hgis;;;;;False;PRNECL00;Jur.;Jur.;colotlan_partido_nes;conceptos:cabecera;NECLCLPT;nes_nayarit_colotlan;NES;Nayarit;gutierrez-colotlan;Partido cabecera de Colotlan;[[:conceptos:cabecera|Partido cabecera]] de Colotlan;True
2271;GDJ;FRANXXXX;Fronteras;Anian;Anian;1111;start;1808;hgis;;;;;False;;Fr.;Fr.;anian_fronteras_gdj;conceptos:fronteras;ANXXXXFR;gdj_fronteras_anian;GDJ;Fronteras;s.d.;Fronteras de Anian;[[:conceptos:fronteras|Fronteras]] de Anian;False
2272;GDJ;JUGDNMAL;Alcaldia Mayor;Albuquerque;Albuquerque;1706;exact;1808;hgis;;;;;False;;AM;AM;alburquerque_jurisdiccion_gdj;conceptos:alcaldia_mayor;GDNMALJU;gdj_nuevo mexico_alburquerque;GDJ;Nuevo Mexico;div-nuevo-mexico;Alcaldia Mayor de Albuquerque;[[:conceptos:alcaldia_mayor|Alcaldia Mayor]] de Albuquerque;False
2275;GDJ;JUGDSSCI;Subdelegacion;Cieneguilla;Cieneguilla;1787;not_before;1808;hgis;1787;;;;False;;Sd.;Sd.;cieneguilla_jurisdiccion_gdj;conceptos:subdelegacion;GDSSCIJU;gdj_sonora-sinaloa_cieneguilla;GDJ;Sonora-Sinaloa;div-sonora-sinaloa;Subdelegacion de Cieneguilla;[[:conceptos:subdelegacion|Subdelegacion]] de Cieneguilla;False
2277;QUI;FRQUPOCO;Fronteras;Cofanes;Pais de la Canela;1111;start;1808;hgis;;;;;False;;Fr.;Fr.;cofanes_fronteras_qui;conceptos:fronteras;QUPOCOFR;qui_fronteras_cofanes;QUI;Fronteras;velasco;Fronteras de Cofanes;[[:conceptos:fronteras|Fronteras]] de Cofanes;False
2278;GDJ;FRGDTXCO;Fronteras;Comancheria;Quivira;1111;start;1808;hgis;;;;;False;;Fr.;Fr.;cumanches_fronteras_gdj;conceptos:fronteras;GDTXCOFR;gdj_fronteras_cumanches;GDJ;Fronteras;s.d.;Fronteras de Comancheria;[[:conceptos:fronteras|Fronteras]] de Comancheria;False
2279;XXX;FREDXXXX;Fronteras;El Dorado;El Dorado;1111;start;1808;hgis;;;;;False;;Fr.;Fr.;el dorado_fronteras_xxx;conceptos:fronteras;EDXXXXFR;xxx_fronteras_el dorado;XXX;Fronteras;MP-PERU_123;Fronteras de El Dorado;[[:conceptos:fronteras|Fronteras]] de El Dorado;False
2281;PER;FRPAXXXX;Fronteras;Paititi;Paititi;1111;start;1808;hgis;;;;;False;;Fr.;Fr.;paititi_fronteras_per;conceptos:fronteras;PAXXXXFR;per_fronteras_paititi;PER;Fronteras;s.d.;Fronteras de Paititi;[[:conceptos:fronteras|Fronteras]] de Paititi;False
2282;GDJ;FRANSSPA;Fronteras;Papageria;Cibola;1111;start;1808;hgis;;;;;False;;Fr.;Fr.;papageria_fronteras_gdj;conceptos:fronteras;ANSSPAFR;gdj_fronteras_papageria;GDJ;Fronteras;mapa-lafora;Fronteras de Papageria;[[:conceptos:fronteras|Fronteras]] de Papageria;False
2283;GDJ;FRCIGIXX;Fronteras;Gila;Cibola;1111;start;1808;hgis;;;;;False;;Fr.;Fr.;gila_fronteras_gdj;conceptos:fronteras;CIGIXXFR;gdj_fronteras_gila;GDJ;Fronteras;mapa-urrutia-nm;Fronteras de Gila;[[:conceptos:fronteras|Fronteras]] de Gila;False
2284;GDJ;FRCIMOXX;Fronteras;Moqui;Cibola;1111;start;1808;hgis;;;;;False;;Fr.;Fr.;moqui_fronteras_gdj;conceptos:fronteras;CIMOXXFR;gdj_fronteras_moqui;GDJ;Fronteras;mapa-menchero-nm;Fronteras de Moqui;[[:conceptos:fronteras|Fronteras]] de Moqui;False
2286;GDJ;FRQVNMNT;Fronteras;Natage;Cibola;1111;start;1808;hgis;;;;;False;;Fr.;Fr.;apacheria natage_fronteras_gdj;conceptos:fronteras;QVNMNTFR;gdj_fronteras_apacheria natage;GDJ;Fronteras;mapa-lafora;Fronteras de Natage;[[:conceptos:fronteras|Fronteras]] de Natage;False
2287;GDJ;FRCINAXX;Fronteras;Navajos;Cibola;1111;start;1808;hgis;;;;;False;;Fr.;Fr.;navajos_fronteras_gdj;conceptos:fronteras;CINAXXFR;gdj_fronteras_navajos;GDJ;Fronteras;mapa-urrutia-nm;Fronteras de Navajos;[[:conceptos:fronteras|Fronteras]] de Navajos;False
2288;GDJ;FRCIYUXX;Fronteras;Yutas;Cibola;1111;start;1808;hgis;;;;;False;;Fr.;Fr.;yutas_fronteras_gdj;conceptos:fronteras;CIYUXXFR;gdj_fronteras_yutas;GDJ;Fronteras;s.d.;Fronteras de Yutas;[[:conceptos:fronteras|Fronteras]] de Yutas;False
2289;GDJ;FRQVXXXX;Fronteras;Quivira;Quivira;1111;start;1808;hgis;;;;;False;;Fr.;Fr.;quivira_fronteras_gdj;conceptos:fronteras;QVXXXXFR;gdj_fronteras_quivira;GDJ;Fronteras;s.d.;Fronteras de Quivira;[[:conceptos:fronteras|Fronteras]] de Quivira;False
2294;GUA;PTGUTGOJ;Partido;Ojojona;Ojojona;1743;not_after;1808;hgis;;1743;;;False;;Part.;Part.;ojojona_partido_gua;conceptos:partido;GUTGOJPT;gua_tegucigalpa_ojojona;GUA;Tegucigalpa;;Partido de Ojojona;[[:conceptos:partido|Partido]] de Ojojona;False
2295;GUA;PTGUTGGU;Partido;Guascoran;Guascoran;1743;not_after;1808;hgis;;1743;;;False;;Part.;Part.;guascoran_partido_gua;conceptos:partido;GUTGGUPT;gua_tegucigalpa_guascoran;GUA;Tegucigalpa;;Partido de Guascoran;[[:conceptos:partido|Partido]] de Guascoran;False
2297;GUA;PTGUTGOR;Partido;Orica;Orica;1743;not_after;1788;arbitrary;;1743;;;False;;Part.;Part.;orica_partido_gua;conceptos:partido;GUTGORPT;gua_tegucigalpa_orica;GUA;Tegucigalpa;;Partido de Orica;[[:conceptos:partido|Partido]] de Orica;False
2304;GDJ;JUGDNMGA;Alcaldia Mayor*;Galisteo;Galisteo;1705;not_before;1781;not_after;1705;;;;False;;AM;AM;galisteo_jurisdiccion_gdj;conceptos:alcaldia_mayor;GDNMGAJU;gdj_nuevo mexico_galisteo;GDJ;Nuevo Mexico;div-nuevo-mexico;Alcaldia Mayor* de Galisteo;[[:conceptos:alcaldia_mayor|Alcaldia Mayor*]] de Galisteo;False
2305;GDJ;JUGDDUBS;Alcaldia Mayor*;Basis;Basis;1763;exact;1788;not_after;;;;;False;;AM;AM;basis_jurisdiccion_gdj;conceptos:alcaldia_mayor;GDDUBSJU;gdj_durango_basis;GDJ;Durango;div-nueva-vizcaya;Alcaldia Mayor* de Basis;[[:conceptos:alcaldia_mayor|Alcaldia Mayor*]] de Basis;False
2306;GDJ;JUGDSSEF;Subdelegacion;El Fuerte;El Fuerte;1787;not_before;1808;hgis;1787;;;;False;;Sd.;Sd.;el fuerte_jurisdiccion_gdj;conceptos:subdelegacion;GDSSEFJU;gdj_sonora-sinaloa_el fuerte;GDJ;Sonora-Sinaloa;div-sonora-sinaloa;Subdelegacion de El Fuerte;[[:conceptos:subdelegacion|Subdelegacion]] de El Fuerte;False
2307;GDJ;FRQVBMXX;Fronteras;Bolson de Mapimi;Cibola;1111;start;1808;hgis;;;;;False;;Fr.;Fr.;bolson de mapimi_fronteras_gdj;conceptos:fronteras;QVBMXXFR;gdj_fronteras_bolson de mapimi;GDJ;Fronteras;mapa-humboldt;Fronteras de Bolson de Mapimi;[[:conceptos:fronteras|Fronteras]] de Bolson de Mapimi;False
2308;GDJ;PTGDDUAT;Misiones;Alta Tarahumara;Alta Tarahumara;1111;start;1808;hgis;;;;;False;;Part.;Part.;alta tarahumara_misiones_gdj;conceptos:partido;GDDUATPT;gdj_durango_alta tarahumara;GDJ;Durango;s.d.;Misiones de Alta Tarahumara;[[:conceptos:partido|Misiones]] de Alta Tarahumara;False
2329;GDJ;PTGDDUPJ;Presidio;Junta;Junta de los Rios;1759;exact;1765;exact;;;;;False;;Com.;Com.;junta de los rios_partido_gdj;conceptos:jurisdiccion_militar;GDDUPJPT;gdj_durango_junta de los rios;GDJ;Durango;div-presidio;Presidio de Junta;[[:conceptos:jurisdiccion_militar|Presidio]] de Junta;False
2332;GDJ;PTGDDUPS;Partido;Parras;Parras;1700;ca;1808;hgis;;;;;False;;Part.;Part.;parras_partido_gdj;conceptos:partido;GDDUPSPT;gdj_durango_parras;GDJ;Durango;div-nueva-vizcaya;Partido de Parras;[[:conceptos:partido|Partido]] de Parras;False
2336;GDJ;PTGDDUSO;Jurisdiccion;Saltillo;Saltillo;1700;ca;1808;hgis;;;;;False;;Part.;Part.;saltillo_partido_gdj;conceptos:jurisdiccion;GDDUSOPT;gdj_durango_saltillo;GDJ;Durango;div-nueva-vizcaya;Jurisdiccion de Saltillo;[[:conceptos:jurisdiccion|Jurisdiccion]] de Saltillo;False
2338;GDJ;PTGDDUCN;Misiones;Chinipas;Chinipas;1701;hgis;1808;hgis;;;;;False;;Part.;Part.;chinipas y nabogame_partido_gdj;conceptos:partido;GDDUCNPT;gdj_durango_chinipas y nabogame;GDJ;Durango;s.d.;Misiones de Chinipas;[[:conceptos:partido|Misiones]] de Chinipas;False
2340;GDJ;PMGDDUBO;Partido;Borja y Cuevas;Borja y Cuevas;1111;start;1808;hgis;;;;;False;;Part.;Part.;borja y cuevas_partido_gdj;conceptos:partido;GDDUBOPM;gdj_durango_borja y cuevas;GDJ;Durango;div-coahuila;Partido de Borja y Cuevas;[[:conceptos:partido|Partido]] de Borja y Cuevas;False
2342;GDJ;JUGDDUTL;Partido;Tlaxcaltecas;Comunidades Tlaxcaltecas;1111;start;1808;hgis;;;;;False;;Part.;Part.;comunidades tlaxcaltecas_partido_gdj;conceptos:partido;GDDUTLJU;gdj_durango_comunidades tlaxcaltecas;GDJ;Durango;gerhard-north;Partido de Tlaxcaltecas;[[:conceptos:partido|Partido]] de Tlaxcaltecas;False
2344;GDJ;PRNECL00;Gobernacion Politico-Militar;Antigua California;Antigua California;1804;exact;1808;hgis;;;;;False;;G;Gob.;california_provincia_gdj;conceptos:gobernacion;NECL00PR;gdj_provincia_california;GDJ;Provincia;gerhard-north;Gobernacion Politico-Militar de Antigua California;[[:conceptos:gobernacion|Gobernacion Politico-Militar]] de Antigua California;False
2345;GDJ;JUGDDUSG;Subdelegacion;San Geronimo;San Geronimo;1793;exact;1808;hgis;;;;;False;;Sd.;Sd.;san geronimo_jurisdiccion_gdj;conceptos:subdelegacion;GDDUSGJU;gdj_durango_san geronimo;GDJ;Durango;div-nueva-vizcaya;Subdelegacion de San Geronimo;[[:conceptos:subdelegacion|Subdelegacion]] de San Geronimo;False
2348;NGR;JUNGNETI;Jurisdiccion;Timana;Timana;1539;exact;1808;hgis;;;;;False;;Jur.;Jur.;timana_jurisdiccion_ngr;conceptos:jurisdiccion;NGNETIJU;ngr_neiva_timana;NGR;Neiva;;Jurisdiccion de Timana;[[:conceptos:jurisdiccion|Jurisdiccion]] de Timana;False
2349;NGR;MINGPOAN;Misiones;Andaquies;Andaquies;1720;ca;1771;ca;;;;;False;;Mis.;Mis.;andaquies_misiones_ngr;conceptos:misiones;NGPOANMI;ngr_popayan_andaquies;NGR;Popayan;;Misiones de Andaquies;[[:conceptos:misiones|Misiones]] de Andaquies;False
2351;NGR;JUNGNEAN;Corregimiento;Andaquies;Andaquies;1772;not_after;1808;hgis;;1772;;;False;;C;C;andaquies_jurisdiccion_ngr;conceptos:corregimiento;NGNEANJU;ngr_neiva_andaquies;NGR;Neiva;;Corregimiento de Andaquies;[[:conceptos:corregimiento|Corregimiento]] de Andaquies;False
2352;NGR;JUNGNELP;Jurisdiccion;La Plata;La Plata;1551;exact;1808;hgis;;;;;False;;Jur.;Jur.;la plata_jurisdiccion_ngr;conceptos:jurisdiccion;NGNELPJU;ngr_neiva_la plata;NGR;Neiva;;Jurisdiccion de La Plata;[[:conceptos:jurisdiccion|Jurisdiccion]] de La Plata;False
2354;QUI;JUNGNEPZ;Corregimiento;Paez;Paez;1754;not_after;1796;not_after;;1754;;;True;PRNGNE00;C;Part.;paez_jurisdiccion_ngr;conceptos:agregado;NGNEPZJU;qui_neiva_paez;QUI;Neiva;;Corregimiento agregado de Paez;[[:conceptos:agregado|Corregimiento agregado]] de Paez;False
2356;NGR;JUNGNENE;Jurisdiccion;Neiva;Neiva;1612;exact;1808;hgis;;;;;False;PRNGNE00;Jur.;Jur.;neiva_jurisdiccion_ngr;conceptos:cabecera;NGNENEJU;ngr_neiva_neiva;NGR;Neiva;;Jurisdiccion cabecera de Neiva;[[:conceptos:cabecera|Jurisdiccion cabecera]] de Neiva;True
2357;NGR;JUNGNEPU;Tenencia de gobierno;Purificacion;Purificacion;1664;exact;1808;hgis;;;;;False;;Ten.;Jur.;purificacion_jurisdiccion_ngr;conceptos:jurisdiccion;NGNEPUJU;ngr_neiva_purificacion;NGR;Neiva;;Tenencia de gobierno de Purificacion;[[:conceptos:jurisdiccion|Tenencia de gobierno]] de Purificacion;False
2359;NGR;JUNGNECO;Corregimiento;Coyaima y Natagaima;Coyaima y Natagaima;1700;not_after;1808;hgis;;;;;False;;C;C;coyaimas y natagaima_jurisdiccion_ngr;conceptos:corregimiento;NGNECOJU;ngr_neiva_coyaimas y natagaima;NGR;Neiva;;Corregimiento de Coyaima y Natagaima;[[:conceptos:corregimiento|Corregimiento]] de Coyaima y Natagaima;False
2361;NGR;PRNGMA00;Corregimiento;Mariquita;Tocaima, Ibague y Mariquita;1550;exact;1754;not_after;;;;;False;;C;C;mariquita_provincia_ngr;conceptos:corregimiento;NGMA00PR;ngr_provincia_mariquita;NGR;Provincia;;Corregimiento de Mariquita;[[:conceptos:corregimiento|Corregimiento]] de Mariquita;False
2362;NGR;PRNGMA00;Gobernacion;Mariquita;Mariquita;1790;not_after;1797;exact;;1790;;;False;;G;Gob.;mariquita_provincia_ngr;conceptos:gobernacion;NGMA00PR;ngr_provincia_mariquita;NGR;Provincia;;Gobernacion de Mariquita;[[:conceptos:gobernacion|Gobernacion]] de Mariquita;False
2364;NGR;JUNGMAIB;Jurisdiccion;Ibague;Ibague;1606;exact;1808;hgis;;;;;False;;Ten.;Jur.;ibague_jurisdiccion_ngr;conceptos:jurisdiccion;NGMAIBJU;ngr_mariquita_ibague;NGR;Mariquita;;Jurisdiccion de Ibague;[[:conceptos:jurisdiccion|Jurisdiccion]] de Ibague;False
2366;NGR;JUNGMAHO;Jurisdiccion;Honda;Honda;1643;exact;1808;hgis;;;;;False;;Jur.;Jur.;honda_jurisdiccion_ngr;conceptos:jurisdiccion;NGMAHOJU;ngr_mariquita_honda;NGR;Mariquita;;Jurisdiccion de Honda;[[:conceptos:jurisdiccion|Jurisdiccion]] de Honda;False
2370;NGR;JUNGMALP;Corregimiento;La Palma;La Palma;1559;not_after;1574;exact;;;;;False;;Jur.;Jur.;la palma_jurisdiccion_ngr;conceptos:corregimiento;NGMALPJU;ngr_mariquita_la palma;NGR;Mariquita;;Corregimiento de La Palma;[[:conceptos:corregimiento|Corregimiento]] de La Palma;False
2371;NGR;PRNGMA00;Corregimiento;Mariquita;Mariquita;1798;exact;1808;hgis;;;;;False;;C;C;mariquita_provincia_ngr;conceptos:corregimiento;NGMA00PR;ngr_provincia_mariquita;NGR;Provincia;;Corregimiento de Mariquita;[[:conceptos:corregimiento|Corregimiento]] de Mariquita;False
2373;NGR;JUNGMAMA;Jurisdiccion;Mariquita;Mariquita;1551;exact;1808;hgis;;;;;False;PRNGMA00;Jur.;Jur.;mariquita_jurisdiccion_ngr;conceptos:cabecera;NGMAMAJU;ngr_mariquita_mariquita;NGR;Mariquita;;Jurisdiccion cabecera de Mariquita;[[:conceptos:cabecera|Jurisdiccion cabecera]] de Mariquita;True
2374;NGR;JUNGANRE;Jurisdiccion;Remedios;Remedios;1560;exact;1788;not_after;;;;;False;;Jur.;Jur.;remedios_jurisdiccion_ngr;conceptos:jurisdiccion;NGANREJU;ngr_antioquia_remedios;NGR;Antioquia;;Jurisdiccion de Remedios;[[:conceptos:jurisdiccion|Jurisdiccion]] de Remedios;False
2376;NGR;PTNGANYO;Capitania a Guerra;Yolombo;Yolombo y Cancan;1773;exact;1808;hgis;;;;;False;;CaG;Part.;yolombo y cancan_partido_ngr;conceptos:capitania_a_guerra;NGANYOPT;ngr_antioquia_yolombo y cancan;NGR;Antioquia;;Capitania a Guerra de Yolombo;[[:conceptos:capitania_a_guerra|Capitania a Guerra]] de Yolombo;False
2378;NGR;JUNGMAPA;Corregimiento;Los Panches;Los Panches;1593;arbitrary;1808;hgis;;1628;;;False;;C;C;panches_jurisdiccion_ngr;conceptos:corregimiento;NGMAPAJU;ngr_mariquita_panches;NGR;Mariquita;;Corregimiento de Los Panches;[[:conceptos:corregimiento|Corregimiento]] de Los Panches;False
2379;NES;PRNEPU00;Gobernacion;Puebla;Puebla;1755;exact;1786;exact;;;;;False;;G;Gob.;puebla_provincia_nes;conceptos:gobernacion;NEPU00PR;nes_provincia_puebla;NES;Provincia;gerhardNE;Gobernacion de Puebla;[[:conceptos:gobernacion|Gobernacion]] de Puebla;False
2380;NES;PRNEVC00;Gobernacion;Veracruz;Veracruz;1731;exact;1786;exact;;;;;False;;G;Gob.;veracruz_provincia_nes;conceptos:gobernacion;NEVC00PR;nes_provincia_veracruz;NES;Provincia;gerhardNE;Gobernacion de Veracruz;[[:conceptos:gobernacion|Gobernacion]] de Veracruz;False
2381;GDJ;FRCIXXXX;Fronteras;Cibola;Cibola;1111;start;1808;hgis;;;;;False;;Fr.;Fr.;cibola_fronteras_gdj;conceptos:fronteras;CIXXXXFR;gdj_fronteras_cibola;GDJ;Fronteras;s.d.;Fronteras de Cibola;[[:conceptos:fronteras|Fronteras]] de Cibola;False
2391;QUI;PTQUPOPZ;Partido;Paez;Paez;1701;hgis;1808;hgis;;;;;False;;Part.;Part.;paez_partido_qui;conceptos:partido;QUPOPZPT;qui_popayan_paez;QUI;Popayan;;Partido de Paez;[[:conceptos:partido|Partido]] de Paez;False
2396;NGR;JUNGSFUB;Tenencia de corregimiento;Ubate;Ubate;1705;not_after;1808;hgis;;1705;;;False;;Ten.;Part.;ubate_jurisdiccion_ngr;conceptos:partido;NGSFUBJU;ngr_santa fe_ubate;NGR;Santa Fe;;Tenencia de corregimiento de Ubate;[[:conceptos:partido|Tenencia de corregimiento]] de Ubate;False
2397;NGR;JUNGPPSE;Corregimiento;Servita;Servita;1706;not_after;1808;hgis;;;;;False;;C;C;servita_partido_ngr;conceptos:corregimiento;NGPPSEJU;ngr_pamplona_servita;NGR;Pamplona;;Corregimiento de Servita;[[:conceptos:corregimiento|Corregimiento]] de Servita;False
2398;NGR;JUNGCHCI;Provincia;Citara;Citara;1575;exact;1686;exact;;;;;False;;Prov.;Prov.;citara_jurisdiccion_ngr;conceptos:agregado;NGCHCIJU;ngr_choco_citara;NGR;Choco;;Provincia de Citara;[[:conceptos:agregado|Provincia]] de Citara;False
2399;NGR;JUNGMATO;Jurisdiccion;Tocaima;Tocaima;1544;exact;1794;ca;;;;;False;;Ten.;Jur.;tocaima_jurisdiccion_ngr;conceptos:jurisdiccion;NGMATOJU;ngr_mariquita_tocaima;NGR;Mariquita;;Jurisdiccion de Tocaima;[[:conceptos:jurisdiccion|Jurisdiccion]] de Tocaima;False
2400;NES;PTNEGJIR;Partido;Irapuato;Irapuato;1787;not_after;1808;hgis;;1787;;;False;;Part.;Part.;irapuato_partido_nes;conceptos:partido;NEGJIRPT;nes_guanajuato_irapuato;NES;Guanajuato;div-nueva-espana;Partido de Irapuato;[[:conceptos:partido|Partido]] de Irapuato;False
2401;NES;PTNEGJSA;Jurisdiccion;Salamanca;Salamanca;1787;not_after;1808;hgis;;1787;;;False;;Jur.;Jur.;salamanca_partido_nes;conceptos:jurisdiccion;NEGJSAPT;nes_guanajuato_salamanca;NES;Guanajuato;div-nueva-espana;Jurisdiccion de Salamanca;[[:conceptos:jurisdiccion|Jurisdiccion]] de Salamanca;False
2402;NES;PTNEGJAC;Partido;Acambaro;Acambaro;1787;not_before;1808;hgis;1787;;;;False;;Part.;Part.;acambaro_partido_nes;conceptos:partido;NEGJACPT;nes_guanajuato_acambaro;NES;Guanajuato;div-nueva-espana;Partido de Acambaro;[[:conceptos:partido|Partido]] de Acambaro;False
2403;NES;PTNEGJST;Jurisdiccion;Salvatierra;Salvatierra;1657;exact;1808;hgis;;1787;;;False;;Jur.;Jur.;salvatierra_partido_nes;conceptos:jurisdiccion;NEGJSTPT;nes_guanajuato_salvatierra;NES;Guanajuato;div-nueva-espana;Jurisdiccion de Salvatierra;[[:conceptos:jurisdiccion|Jurisdiccion]] de Salvatierra;False
2404;NGR;JMNGANSB;Capitania a Guerra;San Bartolome;San Bartolome;1789;not_after;1808;hgis;;1789;;;False;;CaG;Part.;san bartolome_partido_ngr;conceptos:capitania_a_guerra;NGANSBJM;ngr_antioquia_san bartolome;NGR;Antioquia;;Capitania a Guerra de San Bartolome;[[:conceptos:capitania_a_guerra|Capitania a Guerra]] de San Bartolome;False
2405;NGR;JMNGANSA;Capitania a Guerra;San Andres de Cauca;Valle de San Andres de Cauca;1789;not_after;1808;hgis;;1789;;;False;;CaG;Part.;valle de san andres de cauca_partido_ngr;conceptos:capitania_a_guerra;NGANSAJM;ngr_antioquia_valle de san andres de cauca;NGR;Antioquia;;Capitania a Guerra de San Andres de Cauca;[[:conceptos:capitania_a_guerra|Capitania a Guerra]] de San Andres de Cauca;False
2409;NGR;JUNGANME;Jurisdiccion;Medellin;Medellin;1616;not_before;1808;hgis;;;;;False;;Ten.;Jur.;medellin_jurisdiccion_ngr;conceptos:jurisdiccion;NGANMEJU;ngr_antioquia_medellin;NGR;Antioquia;;Jurisdiccion de Medellin;[[:conceptos:jurisdiccion|Jurisdiccion]] de Medellin;False
2410;NGR;JUNGANSR;Tenencia de gobierno;Los Osos;Santa Rosa de los Osos;1787;ca;1808;hgis;;;;;False;;Ten.;Part.;santa rosa de los osos_jurisdiccion_ngr;conceptos:partido;NGANSRJU;ngr_antioquia_santa rosa de los osos;NGR;Antioquia;;Tenencia de gobierno de Los Osos;[[:conceptos:partido|Tenencia de gobierno]] de Los Osos;False
2412;NGR;PRNGSM00;Gobernacion-Capitania General;Santa Marta;Santa Marta;1533;exact;1739;exact;;;;;False;;G;CG;santa marta_provincia_ngr;conceptos:gobernacion;NGSM00PR;ngr_provincia_santa marta;NGR;Provincia;;Gobernacion-Capitania General de Santa Marta;[[:conceptos:gobernacion|Gobernacion-Capitania General]] de Santa Marta;False
2413;NGR;JUNGSMVA;Tenencia de gobierno;Valledupar;Valledupar;1550;exact;1808;hgis;;;;;False;;Ten.;Jur.;valledupar_jurisdiccion_ngr;conceptos:jurisdiccion;NGSMVAJU;ngr_santa marta_valledupar;NGR;Santa Marta;;Tenencia de gobierno de Valledupar;[[:conceptos:jurisdiccion|Tenencia de gobierno]] de Valledupar;False
2417;NGR;JUNGSMOC;Corregimiento-Jurisdiccion;Ocaña;Ocaña;1570;exact;1808;hgis;;;;;False;;C;C;ocaña_jurisdiccion_ngr;conceptos:jurisdiccion;NGSMOCJU;ngr_santa marta_ocaña;NGR;Santa Marta;;Corregimiento-Jurisdiccion de Ocaña;[[:conceptos:jurisdiccion|Corregimiento-Jurisdiccion]] de Ocaña;False
2426;NGR;PTNGCABA;Partido;Turbana;Turbana;1759;not_after;1773;not_after;;1759;;;False;;Part.;Part.;baru_partido_ngr;conceptos:partido;NGCABAPT;ngr_cartagena_baru;NGR;Cartagena;;Partido de Turbana;[[:conceptos:partido|Partido]] de Turbana;False
2429;GDJ;JUGDDUEG;Alcaldia Mayor*;El Gallo;El Gallo;1777;not_after;1795;not_after;;1777;;;False;;AM;AM;el gallo_jurisdiccion_gdj;conceptos:alcaldia_mayor;GDDUEGJU;gdj_durango_el gallo;GDJ;Durango;div-nueva-vizcaya;Alcaldia Mayor* de El Gallo;[[:conceptos:alcaldia_mayor|Alcaldia Mayor*]] de El Gallo;False
2430;NES;JUNEVCMI;Subdelegacion;Misantla;Misantla;1803;not_after;1807;not_after;;1803;;;False;;Sd.;Sd.;misantla_jurisdiccion_nes;conceptos:subdelegacion;NEVCMIJU;nes_veracruz_misantla;NES;Veracruz;div-nueva-espana;Subdelegacion de Misantla;[[:conceptos:subdelegacion|Subdelegacion]] de Misantla;False
2435;GUA;JUGUTGAG;Tenencia de subdelegacion;Aguancaterique;Aguancaterique;1789;not_before;1800;not_after;1789;;;;False;;Ten.;Part.;aguanqueterique_jurisdiccion_gua;conceptos:partido;GUTGAGJU;gua_tegucigalpa_aguanqueterique;GUA;Tegucigalpa;;Tenencia de subdelegacion de Aguancaterique;[[:conceptos:partido|Tenencia de subdelegacion]] de Aguancaterique;False
2436;GUA;JUGUTGCE;Tenencia de subdelegacion;Cedros;Cedros;1789;not_before;1808;hgis;1789;;;;False;;Ten.;Part.;cedros_jurisdiccion_gua;conceptos:partido;GUTGCEJU;gua_tegucigalpa_cedros;GUA;Tegucigalpa;;Tenencia de subdelegacion de Cedros;[[:conceptos:partido|Tenencia de subdelegacion]] de Cedros;False
2437;GUA;JUGUTGCT;Tenencia de subdelegacion;Choluteca;Choluteca;1789;not_before;1808;hgis;1789;;;;False;;Ten.;Part.;choluteca_jurisdiccion_gua;conceptos:partido;GUTGCTJU;gua_tegucigalpa_choluteca;GUA;Tegucigalpa;;Tenencia de subdelegacion de Choluteca;[[:conceptos:partido|Tenencia de subdelegacion]] de Choluteca;False
2438;GUA;JUGUTGDA;Tenencia de subdelegacion;Danli;Danli;1789;not_before;1808;hgis;1789;;;;False;;Ten.;Part.;danli_jurisdiccion_gua;conceptos:partido;GUTGDAJU;gua_tegucigalpa_danli;GUA;Tegucigalpa;;Tenencia de subdelegacion de Danli;[[:conceptos:partido|Tenencia de subdelegacion]] de Danli;False
2439;GUA;JUGUTGNA;Tenencia de subdelegacion;Nacaome;Nacaome;1789;not_before;1808;hgis;1789;;;;False;;Ten.;Part.;nacaome_jurisdiccion_gua;conceptos:partido;GUTGNAJU;gua_tegucigalpa_nacaome;GUA;Tegucigalpa;;Tenencia de subdelegacion de Nacaome;[[:conceptos:partido|Tenencia de subdelegacion]] de Nacaome;False
2440;GDJ;JUGDGDTC;Alcaldia Mayor;Teocaltiche;Teocaltiche;1708;exact;1717;exact;;;;;False;;AM;AM;teocaltiche_jurisdiccion_gdj;conceptos:alcaldia_mayor;GDGDTCJU;gdj_guadalajara_teocaltiche;GDJ;Guadalajara;becerra;Alcaldia Mayor de Teocaltiche;[[:conceptos:alcaldia_mayor|Alcaldia Mayor]] de Teocaltiche;False
2441;GDJ;JUGDGDTC;Corregimiento;Teocaltiche;Teocaltiche;1718;exact;1724;not_before;;;;;True;JUGDGDLA;C;Part.;teocaltiche_jurisdiccion_gdj;conceptos:agregado;GDGDTCJU;gdj_guadalajara_teocaltiche;GDJ;Guadalajara;becerra;Corregimiento agregado de Teocaltiche;[[:conceptos:agregado|Corregimiento agregado]] de Teocaltiche;False
2442;GDJ;JUGDGDTC;Alcaldia Mayor;Teocaltiche;Teocaltiche;1725;not_before;1727;ca;1725;;;;False;;AM;AM;teocaltiche_jurisdiccion_gdj;conceptos:alcaldia_mayor;GDGDTCJU;gdj_guadalajara_teocaltiche;GDJ;Guadalajara;becerra;Alcaldia Mayor de Teocaltiche;[[:conceptos:alcaldia_mayor|Alcaldia Mayor]] de Teocaltiche;False
2443;GDJ;JUGDGDTC;Corregimiento;Teocaltiche;Teocaltiche;1728;ca;1735;not_after;;;;;False;;C;C;teocaltiche_jurisdiccion_gdj;conceptos:corregimiento;GDGDTCJU;gdj_guadalajara_teocaltiche;GDJ;Guadalajara;becerra;Corregimiento de Teocaltiche;[[:conceptos:corregimiento|Corregimiento]] de Teocaltiche;False
2444;GDJ;JUGDGDTC;Corregimiento;Teocaltiche;Teocaltiche;1736;not_after;1738;not_after;;1736;;;True;JUGDGDLA;C;Part.;teocaltiche_jurisdiccion_gdj;conceptos:agregado;GDGDTCJU;gdj_guadalajara_teocaltiche;GDJ;Guadalajara;becerra;Corregimiento agregado de Teocaltiche;[[:conceptos:agregado|Corregimiento agregado]] de Teocaltiche;False
2445;GDJ;JUGDGDTC;Corregimiento;Teocaltiche;Teocaltiche;1739;not_after;1740;not_after;;1739;;;False;;C;C;teocaltiche_jurisdiccion_gdj;conceptos:corregimiento;GDGDTCJU;gdj_guadalajara_teocaltiche;GDJ;Guadalajara;becerra;Corregimiento de Teocaltiche;[[:conceptos:corregimiento|Corregimiento]] de Teocaltiche;False
2446;GDJ;JUGDGDTC;Corregimiento;Teocaltiche;Teocaltiche;1741;not_after;1741;not_after;;1741;;;True;JUGDGDLA;C;Part.;teocaltiche_jurisdiccion_gdj;conceptos:agregado;GDGDTCJU;gdj_guadalajara_teocaltiche;GDJ;Guadalajara;becerra;Corregimiento agregado de Teocaltiche;[[:conceptos:agregado|Corregimiento agregado]] de Teocaltiche;False
2447;GDJ;JUGDGDTC;Corregimiento;Teocaltiche;Teocaltiche;1742;not_after;1749;not_after;;1742;;;False;;C;C;teocaltiche_jurisdiccion_gdj;conceptos:corregimiento;GDGDTCJU;gdj_guadalajara_teocaltiche;GDJ;Guadalajara;becerra;Corregimiento de Teocaltiche;[[:conceptos:corregimiento|Corregimiento]] de Teocaltiche;False
2448;GDJ;JUGDGDTC;Alcaldia Mayor;Teocaltiche;Teocaltiche;1750;not_after;1750;not_after;;1750;;;False;;AM;AM;teocaltiche_jurisdiccion_gdj;conceptos:alcaldia_mayor;GDGDTCJU;gdj_guadalajara_teocaltiche;GDJ;Guadalajara;becerra;Alcaldia Mayor de Teocaltiche;[[:conceptos:alcaldia_mayor|Alcaldia Mayor]] de Teocaltiche;False
2449;GDJ;JUGDGDTC;Corregimiento;Teocaltiche;Teocaltiche;1751;not_after;1788;not_after;;1751;;;False;;C;C;teocaltiche_jurisdiccion_gdj;conceptos:corregimiento;GDGDTCJU;gdj_guadalajara_teocaltiche;GDJ;Guadalajara;becerra;Corregimiento de Teocaltiche;[[:conceptos:corregimiento|Corregimiento]] de Teocaltiche;False
2450;GDJ;JUGDGDTC;Alcaldia Mayor;Teocaltiche;Teocaltiche;1789;not_after;1791;not_after;;1789;;;False;;AM;AM;teocaltiche_jurisdiccion_gdj;conceptos:alcaldia_mayor;GDGDTCJU;gdj_guadalajara_teocaltiche;GDJ;Guadalajara;becerra;Alcaldia Mayor de Teocaltiche;[[:conceptos:alcaldia_mayor|Alcaldia Mayor]] de Teocaltiche;False
2451;NGR;JUNGCAMO;Corregimiento;Mompox;Mompox;1776;exact;1777;exact;;;;;False;;C;C;mompox_jurisdiccion_ngr;conceptos:corregimiento;NGCAMOJU;ngr_cartagena_mompox;NGR;Cartagena;;Corregimiento de Mompox;[[:conceptos:corregimiento|Corregimiento]] de Mompox;False
2452;QUI;JUQUGQCA;Provincia;La Canoa;La Canoa;1630;exact;1738;not_after;;;;;True;JUQUQUQU;Prov.;Prov.;la canoa_jurisdiccion_qui;conceptos:agregado;QUGQCAJU;qui_guayaquil_la canoa;QUI;Guayaquil;;Provincia de La Canoa;[[:conceptos:agregado|Provincia]] de La Canoa;False
2455;CHA;JUCCPOCH;Partido;Chichas;Chichas;1701;hgis;1784;exact;;;;;False;;Part.;Part.;chichas_jurisdiccion_cha;conceptos:partido;CCPOCHJU;cha_potosi_chichas;CHA;Potosi;;Partido de Chichas;[[:conceptos:partido|Partido]] de Chichas;False
2456;GUA;PTGUCHCR;Jurisdiccion;Chiapas;Chiapas;1786;exact;1808;hgis;;;;;False;PRGUCH00;Jur.;Jur.;ciudad real_partido_gua;conceptos:cabecera;GUCHCRPT;gua_chiapas_ciudad real;GUA;Chiapas;;Jurisdiccion cabecera de Chiapas;[[:conceptos:cabecera|Jurisdiccion cabecera]] de Chiapas;True
2457;GUA;JUGUCHSA;Partido;Corona;Corona y Chinampas;1701;hgis;1785;exact;;;;;False;;Part.;Part.;san andres_jurisdiccion_gua;conceptos:partido;GUCHSAJU;gua_chiapas_san andres;GUA;Chiapas;;Partido de Corona;[[:conceptos:partido|Partido]] de Corona;False
2458;GUA;JUGUCHCO;Partido;Los Llanos;Los Llanos;1701;hgis;1785;exact;;;;;False;;Part.;Part.;comitan_jurisdiccion_gua;conceptos:partido;GUCHCOJU;gua_chiapas_comitan;GUA;Chiapas;;Partido de Los Llanos;[[:conceptos:partido|Partido]] de Los Llanos;False
2460;GUA;JUGUCHSI;Partido;Guardiania;Guardiania de Huitiupan;1701;hgis;1785;not_after;;;;;False;;Part.;Part.;simojovel_jurisdiccion_gua;conceptos:partido;GUCHSIJU;gua_chiapas_simojovel;GUA;Chiapas;;Partido de Guardiania;[[:conceptos:partido|Partido]] de Guardiania;False
2462;GUA;JUGUCHTA;Partido;Tapachula;Tapachula;1701;hgis;1785;not_after;;;;;False;;Part.;Part.;tapachula_jurisdiccion_gua;conceptos:partido;GUCHTAJU;gua_chiapas_tapachula;GUA;Chiapas;;Partido de Tapachula;[[:conceptos:partido|Partido]] de Tapachula;False
2463;GUA;JUGUCHSO;Subdelegacion;Tapachula;Tapachula;1786;exact;1808;hgis;;;;;False;;Sd.;Sd.;soconusco_jurisdiccion_gua;conceptos:subdelegacion;GUCHSOJU;gua_chiapas_soconusco;GUA;Chiapas;;Subdelegacion de Tapachula;[[:conceptos:subdelegacion|Subdelegacion]] de Tapachula;False
2464;GUA;JUGUCYGR;Jurisdiccion;Gracias a Dios;Gracias a Dios;1111;start;1786;hgis;;;;;False;;Part.;Part.;gracias a dios_jurisdiccion_gua;conceptos:jurisdiccion;GUCYGRJU;gua_comayagua_gracias a dios;GUA;Comayagua;;Jurisdiccion de Gracias a Dios;[[:conceptos:jurisdiccion|Jurisdiccion]] de Gracias a Dios;False
2465;GUA;JUGUCYTC;Partido;Tencoa;Tencoa;1661;ca;1786;hgis;;;;;False;;Part.;Part.;tencoa_jurisdiccion_gua;conceptos:partido;GUCYTCJU;gua_comayagua_tencoa;GUA;Comayagua;;Partido de Tencoa;[[:conceptos:partido|Partido]] de Tencoa;False
2466;GUA;JUGUCYSP;Partido;San Pedro Sula;San Pedro Sula;1111;start;1786;hgis;;;;;False;;Part.;Part.;san pedro sula_jurisdiccion_gua;conceptos:partido;GUCYSPJU;gua_comayagua_san pedro sula;GUA;Comayagua;;Partido de San Pedro Sula;[[:conceptos:partido|Partido]] de San Pedro Sula;False
2467;GUA;JUGUCYYO;Partido;Yoro;Yoro;1111;start;1786;hgis;;;;;False;;Part.;Part.;yoro_jurisdiccion_gua;conceptos:partido;GUCYYOJU;gua_comayagua_yoro;GUA;Comayagua;;Partido de Yoro;[[:conceptos:partido|Partido]] de Yoro;False
2468;GUA;JUGUCYOT;Partido;Olanchito;Olanchito;1111;start;1786;hgis;;;;;False;;Part.;Part.;olanchito_jurisdiccion_gua;conceptos:partido;GUCYOTJU;gua_comayagua_olanchito;GUA;Comayagua;;Partido de Olanchito;[[:conceptos:partido|Partido]] de Olanchito;False
2469;GUA;JUGUCYOL;Partido;Olancho;Olancho;1111;start;1786;hgis;;;;;False;;Part.;Part.;olancho_jurisdiccion_gua;conceptos:partido;GUCYOLJU;gua_comayagua_olancho;GUA;Comayagua;;Partido de Olancho;[[:conceptos:partido|Partido]] de Olancho;False
2470;GUA;JUGUGUAC;Partido;Acasaguastlan;Acasaguastlan;1764;ca;1808;hgis;;;;;False;;Part.;Part.;acasaguastlan_jurisdiccion_gua;conceptos:partido;GUGUACJU;gua_guatemala_acasaguastlan;GUA;Guatemala;;Partido de Acasaguastlan;[[:conceptos:partido|Partido]] de Acasaguastlan;False
2472;GUA;PRGUNI00;Gobernacion;Nicaragua;Leon de Nicaragua;1527;exact;1551;exact;;;;;False;;G;Gob.;leon_provincia_gua;conceptos:gobernacion;GUNI00PR;gua_provincia_leon;GUA;Provincia;;Gobernacion de Nicaragua;[[:conceptos:gobernacion|Gobernacion]] de Nicaragua;False
2474;GUA;JUGUNIMA;Subdelegacion;Masaya;Masaya;1787;exact;1808;hgis;;;;;False;;Sd.;Sd.;masaya_jurisdiccion_gua;conceptos:subdelegacion;GUNIMAJU;gua_nicaragua_masaya;GUA;Nicaragua;;Subdelegacion de Masaya;[[:conceptos:subdelegacion|Subdelegacion]] de Masaya;False
2475;GUA;JUGUSSCH;Tenencia de subdelegacion;Chalatenango;Chalatenango;1787;exact;1805;not_after;;;;;False;;Ten.;Part.;chalatenango_jurisdiccion_gua;conceptos:partido;GUSSCHJU;gua_san salvador_chalatenango;GUA;San Salvador;;Tenencia de subdelegacion de Chalatenango;[[:conceptos:partido|Tenencia de subdelegacion]] de Chalatenango;False
2476;GUA;JUGUSSSA;Partido;Santa Ana;Santa Ana;1701;hgis;1786;exact;;;;;False;;Part.;Part.;santa ana_jurisdiccion_gua;conceptos:partido;GUSSSAJU;gua_san salvador_santa ana;GUA;San Salvador;;Partido de Santa Ana;[[:conceptos:partido|Partido]] de Santa Ana;False
2477;GUA;JUGUSSSA;Subdelegacion-Jurisdiccion;Santa Ana;Santa Ana;1806;exact;1808;hgis;;;;;False;;Sd.;Sd.;santa ana_jurisdiccion_gua;conceptos:subdelegacion;GUSSSAJU;gua_san salvador_santa ana;GUA;San Salvador;;Subdelegacion-Jurisdiccion de Santa Ana;[[:conceptos:subdelegacion|Subdelegacion-Jurisdiccion]] de Santa Ana;False
2478;GUA;JUGUTGCE;Partido;Cantarranas;Cantarranas;1743;not_after;1788;arbitrary;;1743;;;False;;Part.;Part.;cedros_jurisdiccion_gua;conceptos:partido;GUTGCEJU;gua_tegucigalpa_cedros;GUA;Tegucigalpa;;Partido de Cantarranas;[[:conceptos:partido|Partido]] de Cantarranas;False
2482;GUA;JUGUTGCT;Partido;Choluteca;Choluteca;1743;not_after;1788;not_before;;1743;;;False;;Part.;Part.;choluteca_jurisdiccion_gua;conceptos:partido;GUTGCTJU;gua_tegucigalpa_choluteca;GUA;Tegucigalpa;;Partido de Choluteca;[[:conceptos:partido|Partido]] de Choluteca;False
2483;GUA;JUGUTGDA;Partido;Danli;Danli;1743;not_after;1788;not_before;;1743;;;False;;Part.;Part.;danli_jurisdiccion_gua;conceptos:partido;GUTGDAJU;gua_tegucigalpa_danli;GUA;Tegucigalpa;;Partido de Danli;[[:conceptos:partido|Partido]] de Danli;False
2484;GUA;JUGUTGNA;Partido;Nacaome;Nacaome;1743;not_after;1788;not_before;;1743;;;False;;Part.;Part.;nacaome_jurisdiccion_gua;conceptos:partido;GUTGNAJU;gua_tegucigalpa_nacaome;GUA;Tegucigalpa;;Partido de Nacaome;[[:conceptos:partido|Partido]] de Nacaome;False
2485;GUA;PTGUTGTX;Partido;Texiguat;Texiguat;1750;arbitrary;1808;hgis;;;;;False;;Part.;Part.;texiguat_partido_gua;conceptos:partido;GUTGTXPT;gua_tegucigalpa_texiguat;GUA;Tegucigalpa;;Partido de Texiguat;[[:conceptos:partido|Partido]] de Texiguat;False
2486;GUA;JUGUTGAG;Partido;Aguancaterique;Aguancaterique;1743;not_after;1788;not_before;;1743;;;False;;Part.;Part.;aguanqueterique_jurisdiccion_gua;conceptos:partido;GUTGAGJU;gua_tegucigalpa_aguanqueterique;GUA;Tegucigalpa;;Partido de Aguancaterique;[[:conceptos:partido|Partido]] de Aguancaterique;False
2487;GUA;JUGUTGAG;Partido;Aguancaterique;Aguancaterique;1801;not_after;1808;hgis;;1801;;;False;;Part.;Part.;aguanqueterique_jurisdiccion_gua;conceptos:partido;GUTGAGJU;gua_tegucigalpa_aguanqueterique;GUA;Tegucigalpa;;Partido de Aguancaterique;[[:conceptos:partido|Partido]] de Aguancaterique;False
2488;NGR;JUNGPOTO;Jurisdiccion;Toro;Toro;1573;exact;1808;hgis;;;;;False;;Jur.;Jur.;toro_jurisdiccion_ngr;conceptos:jurisdiccion;NGPOTOJU;ngr_popayan_toro;NGR;Popayan;;Jurisdiccion de Toro;[[:conceptos:jurisdiccion|Jurisdiccion]] de Toro;False
2489;NGR;JUNGTUDU;Corregimiento;Duitama;Duitama;1636;not_after;1718;exact;1628;1636;;;False;;C;C;duitama_partido_ngr;conceptos:corregimiento;NGTUDUJU;ngr_tunja_duitama;NGR;Tunja;;Corregimiento de Duitama;[[:conceptos:corregimiento|Corregimiento]] de Duitama;False
2490;PER;JUPEARTA;Partido;Tarapaca;Tarapaca;1701;hgis;1767;exact;;;;;False;;Part.;Part.;tarapaca_jurisdiccion_per;conceptos:partido;PEARTAJU;per_arequipa_tarapaca;PER;Arequipa;;Partido de Tarapaca;[[:conceptos:partido|Partido]] de Tarapaca;False
2491;PER;JUPECUVI;Partido;Vilcabamba;Vilcabamba;1784;exact;1808;hgis;;;;;False;;Part.;Part.;vilcabamba_jurisdiccion_per;conceptos:partido;PECUVIJU;per_cuzco_vilcabamba;PER;Cuzco;;Partido de Vilcabamba;[[:conceptos:partido|Partido]] de Vilcabamba;False
2494;PER;JUPECUUR;Corregimiento;Urubamba;Urubamba;1741;not_before;1783;exact;1741;;;;False;;C;C;urubamba_jurisdiccion_per;conceptos:corregimiento;PECUURJU;per_cuzco_urubamba;PER;Cuzco;;Corregimiento de Urubamba;[[:conceptos:corregimiento|Corregimiento]] de Urubamba;False
2495;PER;SEPEMO00;Marquesado;Oropesa;Oropesa;1701;hgis;1740;exact;;;;;False;;Marq.;Marq.;marquesado de oropesa_señorio_per;conceptos:senorio;PEMO00SE;per_cuzco_marquesado de oropesa;PER;Cuzco;;Marquesado de Oropesa;[[:conceptos:senorio|Marquesado]] de Oropesa;False
2498;PER;JUPECUVI;Partido;Vilcabamba;Vilcabamba;1684;exact;1780;not_after;;;;;False;;Part.;Part.;vilcabamba_jurisdiccion_per;conceptos:partido;PECUVIJU;per_cuzco_vilcabamba;PER;Cuzco;;Partido de Vilcabamba;[[:conceptos:partido|Partido]] de Vilcabamba;False
2502;PER;JUPEHVAN;Corregimiento;Angaraes;Angaraes;1612;exact;1783;exact;;;;;True;JUPEHVHV;C;Part.;angaraes_jurisdiccion_per;conceptos:agregado;PEHVANJU;per_huancavelica_angaraes;PER;Huancavelica;;Corregimiento agregado de Angaraes;[[:conceptos:agregado|Corregimiento agregado]] de Angaraes;False
2503;PER;JUPETAPA;Misiones;Panatahuas;Panatahuas;1701;hgis;1792;exact;;;;;False;;Mis.;Mis.;panatahuas_jurisdiccion_per;conceptos:misiones;PETAPAJU;per_tarma_panatahuas;PER;Tarma;;Misiones de Panatahuas;[[:conceptos:misiones|Misiones]] de Panatahuas;False
2504;PER;JUPETRLU;Partido;Luya y Chillaos;Luya y Chillaos;1773;exact;1808;hgis;;;;;False;;Part.;Part.;luya y chillaos_jurisdiccion_per;conceptos:partido;PETRLUJU;per_trujillo_luya y chillaos;PER;Trujillo;;Partido de Luya y Chillaos;[[:conceptos:partido|Partido]] de Luya y Chillaos;False
2505;QUI;JUQUCUAL;Tenencia de corregimiento;Alausi;Alausi;1701;hgis;1770;exact;;;;;False;;Ten.;Part.;alausi_jurisdiccion_qui;conceptos:partido;QUCUALJU;qui_cuenca_alausi;QUI;Cuenca;;Tenencia de corregimiento de Alausi;[[:conceptos:partido|Tenencia de corregimiento]] de Alausi;False
2507;QUI;JUQUGQCA;Partido;La Canoa;La Canoa;1739;not_after;1767;exact;;1739;;;False;;Part.;Part.;la canoa_jurisdiccion_qui;conceptos:partido;QUGQCAJU;qui_guayaquil_la canoa;QUI;Guayaquil;;Partido de La Canoa;[[:conceptos:partido|Partido]] de La Canoa;False
2508;QUI;JUQUGQPU;Partido;Puna;Puna;1534;ca;1762;exact;;;;;False;;Part.;Part.;la puna_jurisdiccion_qui;conceptos:partido;QUGQPUJU;qui_guayaquil_la puna;QUI;Guayaquil;;Partido de Puna;[[:conceptos:partido|Partido]] de Puna;False
2509;QUI;JUQUGQBB;Partido;Baba;Baba;1701;hgis;1762;exact;;;;;False;;Part.;Part.;baba_jurisdiccion_qui;conceptos:partido;QUGQBBJU;qui_guayaquil_baba;QUI;Guayaquil;;Partido de Baba;[[:conceptos:partido|Partido]] de Baba;False
2510;QUI;JUQUGQBH;Partido;Babahoyo;Babahoyo;1701;hgis;1762;exact;;;;;False;;Part.;Part.;babahoyo_jurisdiccion_qui;conceptos:partido;QUGQBHJU;qui_guayaquil_babahoyo;QUI;Guayaquil;;Partido de Babahoyo;[[:conceptos:partido|Partido]] de Babahoyo;False
2511;QUI;JUQUGQBZ;Partido;Balzar;Balzar;1754;not_after;1762;exact;;1754;;;False;;Part.;Part.;balzar_jurisdiccion_qui;conceptos:partido;QUGQBZJU;qui_guayaquil_balzar;QUI;Guayaquil;;Partido de Balzar;[[:conceptos:partido|Partido]] de Balzar;False
2512;QUI;PRQUGQ00;Corregimiento;Guayaquil;Guayaquil;1552;exact;1762;exact;;;;;False;;C;C;guayaquil_provincia_qui;conceptos:corregimiento;QUGQ00PR;qui_provincia_guayaquil;QUI;Provincia;;Corregimiento de Guayaquil;[[:conceptos:corregimiento|Corregimiento]] de Guayaquil;False
2514;QUI;JUQUGQNA;Partido;Naranjal;Naranjal;1745;not_after;1762;exact;;1745;;;False;;Part.;Part.;naranjal_jurisdiccion_qui;conceptos:partido;QUGQNAJU;qui_guayaquil_naranjal;QUI;Guayaquil;;Partido de Naranjal;[[:conceptos:partido|Partido]] de Naranjal;False
2515;QUI;JUQUGQPA;Partido;Palenque;Palenque;1754;not_after;1762;exact;;1754;;;False;;Part.;Part.;palenque_jurisdiccion_qui;conceptos:partido;QUGQPAJU;qui_guayaquil_palenque;QUI;Guayaquil;;Partido de Palenque;[[:conceptos:partido|Partido]] de Palenque;False
2516;QUI;JUQUGQSE;Tenencia de gobierno;Punta de Santa Elena;Punta de Santa Elena;1701;hgis;1808;hgis;;;;;False;;Ten.;Part.;punta de santa elena_jurisdiccion_qui;conceptos:partido;QUGQSEJU;qui_guayaquil_punta de santa elena;QUI;Guayaquil;;Tenencia de gobierno de Punta de Santa Elena;[[:conceptos:partido|Tenencia de gobierno]] de Punta de Santa Elena;False
2517;QUI;JUQUGQYA;Partido;Yaguachi;Yaguachi;1701;hgis;1762;exact;;;;;False;;Part.;Part.;yaguachi_jurisdiccion_qui;conceptos:partido;QUGQYAJU;qui_guayaquil_yaguachi;QUI;Guayaquil;;Partido de Yaguachi;[[:conceptos:partido|Partido]] de Yaguachi;False
2518;QUI;JUQURBAM;Tenencia de corregimiento;Ambato;Ambato;1534;not_before;1796;exact;;;;;False;;Ten.;Part.;ambato_jurisdiccion_qui;conceptos:partido;QURBAMJU;qui_quito_ambato;QUI;Quito;;Tenencia de corregimiento de Ambato;[[:conceptos:partido|Tenencia de corregimiento]] de Ambato;False
2519;RPL;JURPBAER;Partido;Entrerrios;Entrerrios;1701;hgis;1781;exact;;;;;False;;Part.;Part.;entrerrios_jurisdiccion_rpl;conceptos:partido;RPBAERJU;rpl_buenos aires_entrerrios;RPL;Buenos Aires;;Partido de Entrerrios;[[:conceptos:partido|Partido]] de Entrerrios;False
2521;RPL;JURPMICA;Partido;Misiones;Misiones guaranies;1701;hgis;1769;exact;;;;;False;PRRPMIMI;Part.;Part.;candelaria_jurisdiccion_rpl;conceptos:cabecera;RPMICAJU;rpl_misiones_candelaria;RPL;Misiones;;Partido cabecera de Misiones;[[:conceptos:cabecera|Partido cabecera]] de Misiones;True
2522;GUA;JUGUCYTC;Subdelegacion;Tencoa;Tencoa;1787;exact;1808;hgis;;;;;False;;Sd.;Sd.;tencoa_jurisdiccion_gua;conceptos:subdelegacion;GUCYTCJU;gua_comayagua_tencoa;GUA;Comayagua;;Subdelegacion de Tencoa;[[:conceptos:subdelegacion|Subdelegacion]] de Tencoa;False
2523;NES;JUNEMXTT;Partido;Tetela del Volcan;Tetela del Volcan;1787;exact;1795;not_after;;;;;False;;Part.;Part.;tetela del volcan_jurisdiccion_nes;conceptos:partido;NEMXTTJU;nes_mexico_tetela del volcan;NES;Mexico;div-nueva-espana;Partido de Tetela del Volcan;[[:conceptos:partido|Partido]] de Tetela del Volcan;False
2524;NES;JUNEMXTT;Subdelegacion;Tetela del Volcan;Tetela del Volcan;1796;not_after;1808;hgis;;1796;;;False;;Sd.;Sd.;tetela del volcan_jurisdiccion_nes;conceptos:subdelegacion;NEMXTTJU;nes_mexico_tetela del volcan;NES;Mexico;div-nueva-espana;Subdelegacion de Tetela del Volcan;[[:conceptos:subdelegacion|Subdelegacion]] de Tetela del Volcan;False
2525;NES;JUNEPUTE;Partido;Teotlalco;Teotlalco;1770;not_after;1786;not_after;;1770;;;False;;Part.;Part.;teutlalco_jurisdiccion_nes;conceptos:partido;NEPUTEJU;nes_puebla_teutlalco;NES;Puebla;div-nueva-espana;Partido de Teotlalco;[[:conceptos:partido|Partido]] de Teotlalco;False
2526;NES;JUNEOAAT;Partido;Atlatlauca;Atlatlauca;1787;exact;1808;hgis;;;;;False;;Part.;Part.;atlatlauca_jurisdiccion_nes;conceptos:partido;NEOAATJU;nes_oaxaca_atlatlauca;NES;Oaxaca;div-nueva-espana;Partido de Atlatlauca;[[:conceptos:partido|Partido]] de Atlatlauca;False
2527;VEN;JUVECUBA;Jurisdiccion;Barcelona;Barcelona;1638;exact;1808;hgis;;;;;False;;Jur.;Jur.;barcelona_jurisdiccion_ven;conceptos:jurisdiccion;VECUBAJU;ven_cumana_barcelona;VEN;Cumana;;Jurisdiccion de Barcelona;[[:conceptos:jurisdiccion|Jurisdiccion]] de Barcelona;False
2528;VEN;PRVEGU00;Comandancia General;Guayana;Guayana;1762;exact;1767;exact;;;;;False;;Com.gen.;Com.gen.;guayana_provincia_ven;conceptos:comandancia_general;VEGU00PR;ven_provincia_guayana;VEN;Provincia;;Comandancia General de Guayana;[[:conceptos:comandancia_general|Comandancia General]] de Guayana;False
2529;VEN;PRVEGU00;Gobernacion;Guayana;Guayana;1768;exact;1790;exact;;;;;False;;G;Gob.;guayana_provincia_ven;conceptos:gobernacion;VEGU00PR;ven_provincia_guayana;VEN;Provincia;;Gobernacion de Guayana;[[:conceptos:gobernacion|Gobernacion]] de Guayana;False
2530;VEN;JUVEGUOR;Comandancia General;Alto y Bajo Orinoco;Alto y Bajo Orinoco;1762;exact;1767;exact;;;;;False;;Com.gen.;Com.gen.;alto y bajo orinoco_jurisdiccion_ven;conceptos:comandancia_general;VEGUORJU;ven_guayana_alto y bajo orinoco;VEN;Guayana;;Comandancia General de Alto y Bajo Orinoco;[[:conceptos:comandancia_general|Comandancia General]] de Alto y Bajo Orinoco;False
2531;VEN;JUVEGUOR;Comandancia General;Alto y Bajo Orinoco;Alto y Bajo Orinoco;1768;exact;9999;end;;;;;True;PRVEGU00;Com.gen.;Com.gen.;alto y bajo orinoco_jurisdiccion_ven;conceptos:comandancia_general;VEGUORJU;ven_guayana_alto y bajo orinoco;VEN;Guayana;;Comandancia General de Alto y Bajo Orinoco;[[:conceptos:comandancia_general|Comandancia General]] de Alto y Bajo Orinoco;False
2532;VEN;OBVEME00;Obispado;Merida;Merida;1784;exact;1808;hgis;;;;;False;;Ob.;Ob.;merida_obispado_ven;conceptos:obispado;VEME00OB;ven_maracaibo_merida;VEN;Maracaibo;catholic-hierarchy;Obispado de Merida;[[:conceptos:obispado|Obispado]] de Merida;False
2533;VEN;INVECA00;Intendencia;Caracas;Caracas;1777;exact;1786;exact;;;;;False;;Int.;Int.;caracas_intendencia_ven;conceptos:intendencia;VECA00IN;ven_intendencia_caracas;VEN;Intendencia;navarro-garcia;Intendencia de Caracas;[[:conceptos:intendencia|Intendencia]] de Caracas;False
2534;VEN;JUVECACO;Jurisdiccion;Coro;Coro;1545;exact;1805;exact;;;;;False;;Ten.;Jur.;coro_jurisdiccion_ven;conceptos:jurisdiccion;VECACOJU;ven_caracas_coro;VEN;Caracas;;Jurisdiccion de Coro;[[:conceptos:jurisdiccion|Jurisdiccion]] de Coro;False
2535;VEN;JUVECACA;Jurisdiccion;Caracas;Caracas;1577;exact;1808;hgis;;;;;False;PRVECA00;Jur.;Jur.;caracas_jurisdiccion_ven;conceptos:cabecera;VECACAJU;ven_caracas_caracas;VEN;Caracas;;Jurisdiccion cabecera de Caracas;[[:conceptos:cabecera|Jurisdiccion cabecera]] de Caracas;True
2536;VEN;JUVECACR;Jurisdiccion;Carora;Carora;1572;exact;1808;hgis;;;;;False;;Ten.;Jur.;carora_jurisdiccion_ven;conceptos:jurisdiccion;VECACRJU;ven_caracas_carora;VEN;Caracas;;Jurisdiccion de Carora;[[:conceptos:jurisdiccion|Jurisdiccion]] de Carora;False
2537;VEN;JUVECATO;Jurisdiccion;Tocuyo;Tocuyo;1577;not_after;1808;hgis;;;;;False;;Ten.;Jur.;tocuyo_jurisdiccion_ven;conceptos:jurisdiccion;VECATOJU;ven_caracas_tocuyo;VEN;Caracas;;Jurisdiccion de Tocuyo;[[:conceptos:jurisdiccion|Jurisdiccion]] de Tocuyo;False
2538;VEN;JUVECABA;Jurisdiccion;Barquisimeto;Barquisimeto;1563;exact;1808;hgis;;;;;False;;Ten.;Jur.;barquisimeto_jurisdiccion_ven;conceptos:jurisdiccion;VECABAJU;ven_caracas_barquisimeto;VEN;Caracas;;Jurisdiccion de Barquisimeto;[[:conceptos:jurisdiccion|Jurisdiccion]] de Barquisimeto;False
2539;VEN;JUVECASF;Jurisdiccion;San Felipe;San Felipe;1729;exact;1808;hgis;;;;;False;;Ten.;Jur.;san felipe_jurisdiccion_ven;conceptos:jurisdiccion;VECASFJU;ven_caracas_san felipe;VEN;Caracas;;Jurisdiccion de San Felipe;[[:conceptos:jurisdiccion|Jurisdiccion]] de San Felipe;False
2540;VEN;JUVECAAR;Jurisdiccion;Araure;Araure;1694;exact;1808;hgis;;;;;False;;Jur.;Jur.;araure_jurisdiccion_ven;conceptos:jurisdiccion;VECAARJU;ven_caracas_araure;VEN;Caracas;;Jurisdiccion de Araure;[[:conceptos:jurisdiccion|Jurisdiccion]] de Araure;False
2542;VEN;JUVECAGU;Jurisdiccion;Guanare;Guanare;1591;exact;1808;hgis;;;;;False;;Ten.;Jur.;guanare_jurisdiccion_ven;conceptos:jurisdiccion;VECAGUJU;ven_caracas_guanare;VEN;Caracas;;Jurisdiccion de Guanare;[[:conceptos:jurisdiccion|Jurisdiccion]] de Guanare;False
2543;VEN;JUVECASC;Jurisdiccion;San Carlos;San Carlos;1678;exact;1808;hgis;;;;;False;;Ten.;Jur.;san carlos_jurisdiccion_ven;conceptos:jurisdiccion;VECASCJU;ven_caracas_san carlos;VEN;Caracas;;Jurisdiccion de San Carlos;[[:conceptos:jurisdiccion|Jurisdiccion]] de San Carlos;False
2544;VEN;JUVECASS;Jurisdiccion;San Sebastian;San Sebastian;1585;exact;1808;hgis;;;;;False;;Ten.;Jur.;san sebastian_jurisdiccion_ven;conceptos:jurisdiccion;VECASSJU;ven_caracas_san sebastian;VEN;Caracas;;Jurisdiccion de San Sebastian;[[:conceptos:jurisdiccion|Jurisdiccion]] de San Sebastian;False
2545;VEN;JUVECATR;Jurisdiccion;Trujillo;Trujillo;1557;exact;1808;hgis;;;;;False;;Ten.;Jur.;trujillo_jurisdiccion_ven;conceptos:jurisdiccion;VECATRJU;ven_caracas_trujillo;VEN;Caracas;;Jurisdiccion de Trujillo;[[:conceptos:jurisdiccion|Jurisdiccion]] de Trujillo;False
2546;VEN;JUVECAVC;Jurisdiccion;Villa de Cura;Villa de Cura;1730;not_before;1808;hgis;1730;;;;False;;Ten.;Jur.;villa de cura_jurisdiccion_ven;conceptos:jurisdiccion;VECAVCJU;ven_caracas_villa de cura;VEN;Caracas;;Jurisdiccion de Villa de Cura;[[:conceptos:jurisdiccion|Jurisdiccion]] de Villa de Cura;False
2547;VEN;JUVECANI;Jurisdiccion;Nirgua;Nirgua;1624;exact;1808;hgis;;;;;False;;Ten.;Jur.;nirgua_jurisdiccion_ven;conceptos:jurisdiccion;VECANIJU;ven_caracas_nirgua;VEN;Caracas;;Jurisdiccion de Nirgua;[[:conceptos:jurisdiccion|Jurisdiccion]] de Nirgua;False
2548;VEN;JUVECAPA;Tenencia de gobierno;El Pao;El Pao;1727;exact;1808;hgis;;;;;False;;Ten.;Part.;el pao_jurisdiccion_ven;conceptos:partido;VECAPAJU;ven_caracas_el pao;VEN;Caracas;;Tenencia de gobierno de El Pao;[[:conceptos:partido|Tenencia de gobierno]] de El Pao;False
2549;VEN;JUVECAVA;Jurisdiccion;Valencia;Valencia;1555;exact;1808;hgis;;;;;False;;Ten.;Jur.;valencia_jurisdiccion_ven;conceptos:jurisdiccion;VECAVAJU;ven_caracas_valencia;VEN;Caracas;;Jurisdiccion de Valencia;[[:conceptos:jurisdiccion|Jurisdiccion]] de Valencia;False
2550;VEN;JUVECACB;Jurisdiccion;Calabozo;Calabozo;1751;ca;1808;hgis;;;;;False;;Ten.;Jur.;calabozo_jurisdiccion_ven;conceptos:jurisdiccion;VECACBJU;ven_caracas_calabozo;VEN;Caracas;;Jurisdiccion de Calabozo;[[:conceptos:jurisdiccion|Jurisdiccion]] de Calabozo;False
2552;VEN;OBVECA00;Obispado;Venezuela;Venezuela;1535;exact;1803;exact;;;;;False;;Ob.;Ob.;caracas_obispado_ven;conceptos:obispado;VECA00OB;ven_caracas_caracas;VEN;Caracas;catholic-hierarchy;Obispado de Venezuela;[[:conceptos:obispado|Obispado]] de Venezuela;False
2553;VEN;OBVECA00;Arzobispado;Caracas;Caracas;1804;exact;1808;hgis;;;;;False;;Ao.;Arzob.;caracas_obispado_ven;conceptos:arzobispado;VECA00OB;ven_caracas_caracas;VEN;Caracas;catholic-hierarchy;Arzobispado de Caracas;[[:conceptos:arzobispado|Arzobispado]] de Caracas;False
2554;NGR;OBNGSF00;Arzobispado;Santa Fe;Santa Fe;1564;exact;1808;hgis;;;;;False;;Ao.;Arzob.;santa fe_obispado_ngr;conceptos:arzobispado;NGSF00OB;ngr_obispado_santa fe;NGR;Obispado;catholic-hierarchy;Arzobispado de Santa Fe;[[:conceptos:arzobispado|Arzobispado]] de Santa Fe;False
2555;VEN;PRVEGU00;Gobernacion-Intendencia;Guayana;Guayana;1791;exact;1808;hgis;;;;;False;;G;Int.;guayana_provincia_ven;conceptos:intendencia;VEGU00PR;ven_provincia_guayana;VEN;Provincia;;Gobernacion-Intendencia de Guayana;[[:conceptos:intendencia|Gobernacion-Intendencia]] de Guayana;False
2556;VEN;PRVEMC00;Gobernacion-Capitania General;Merida;Merida, La Grita y Maracaibo;1676;exact;1739;exact;;;;;False;;G;CG;maracaibo_provincia_ven;conceptos:gobernacion;VEMC00PR;ven_provincia_maracaibo;VEN;Provincia;;Gobernacion-Capitania General de Merida;[[:conceptos:gobernacion|Gobernacion-Capitania General]] de Merida;False
2557;VEN;PRVEMC00;Gobernacion;Maracaibo;Maracaibo;1751;ca;1788;ca;;;;;False;;G;Gob.;maracaibo_provincia_ven;conceptos:gobernacion;VEMC00PR;ven_provincia_maracaibo;VEN;Provincia;;Gobernacion de Maracaibo;[[:conceptos:gobernacion|Gobernacion]] de Maracaibo;False
2558;VEN;PRVEMC00;Gobernacion-Intendencia;Maracaibo;Maracaibo;1789;ca;1808;hgis;;;;;False;;G;Int.;maracaibo_provincia_ven;conceptos:intendencia;VEMC00PR;ven_provincia_maracaibo;VEN;Provincia;;Gobernacion-Intendencia de Maracaibo;[[:conceptos:intendencia|Gobernacion-Intendencia]] de Maracaibo;False
2559;GUA;PRGUSS00;Corregimiento-Intendencia;San Salvador;San Salvador;1791;exact;1808;hgis;;;;;False;;C;Int.;san salvador_provincia_gua;conceptos:intendencia;GUSS00PR;gua_provincia_san salvador;GUA;Provincia;;Corregimiento-Intendencia de San Salvador;[[:conceptos:intendencia|Corregimiento-Intendencia]] de San Salvador;False
2560;GUA;JUGUGUAC;Corregimiento;Acasaguastlan;Acasaguastlan;1715;not_after;1750;ca;;1715;;;True;JUGUGUCM;C;Part.;acasaguastlan_jurisdiccion_gua;conceptos:agregado;GUGUACJU;gua_guatemala_acasaguastlan;GUA;Guatemala;;Corregimiento agregado de Acasaguastlan;[[:conceptos:agregado|Corregimiento agregado]] de Acasaguastlan;False
2561;GUA;JUGUGUAC;Corregimiento;Acasaguastlan;Acasaguastlan;1751;not_before;1763;ca;1751;;;;False;;C;C;acasaguastlan_jurisdiccion_gua;conceptos:corregimiento;GUGUACJU;gua_guatemala_acasaguastlan;GUA;Guatemala;;Corregimiento de Acasaguastlan;[[:conceptos:corregimiento|Corregimiento]] de Acasaguastlan;False
2563;GUA;JUGUGUSO;Alcaldia Mayor;Solola;Solola;1795;not_after;1808;hgis;;1795;;;False;;AM;AM;solola_jurisdiccion_gua;conceptos:alcaldia_mayor;GUGUSOJU;gua_guatemala_solola;GUA;Guatemala;;Alcaldia Mayor de Solola;[[:conceptos:alcaldia_mayor|Alcaldia Mayor]] de Solola;False
2564;NGR;PRNGMA00;Gobernacion;Mariquita;Tocaima y Mariquita;1755;not_after;1789;not_after;;1755;;;False;;G;Gob.;mariquita_provincia_ngr;conceptos:gobernacion;NGMA00PR;ngr_provincia_mariquita;NGR;Provincia;;Gobernacion de Mariquita;[[:conceptos:gobernacion|Gobernacion]] de Mariquita;False
2565;NGR;PRNGLL00;Gobernacion;Los Llanos;Los Llanos;1797;exact;1808;hgis;;;;;False;;G;Gob.;los llanos_provincia_ngr;conceptos:gobernacion;NGLL00PR;ngr_provincia_los llanos;NGR;Provincia;;Gobernacion de Los Llanos;[[:conceptos:gobernacion|Gobernacion]] de Los Llanos;False
2566;NGR;PRNGPP00;Corregimiento;Pamplona;Pamplona;1795;exact;1808;hgis;;;;;False;;C;C;pamplona_provincia_ngr;conceptos:corregimiento;NGPP00PR;ngr_provincia_pamplona;NGR;Provincia;;Corregimiento de Pamplona;[[:conceptos:corregimiento|Corregimiento]] de Pamplona;False
2567;NGR;PRNGNE00;Gobernacion;Neiva;Neiva;1610;exact;1806;not_after;;;;;False;;G;Gob.;neiva_provincia_ngr;conceptos:gobernacion;NGNE00PR;ngr_provincia_neiva;NGR;Provincia;;Gobernacion de Neiva;[[:conceptos:gobernacion|Gobernacion]] de Neiva;False
2570;NES;JUNEVCVE;Corregimiento;Veracruz;Veracruz;1599;ca;1730;exact;1599;1600;;;False;;C;C;nueva veracruz_jurisdiccion_nes;conceptos:corregimiento;NEVCVEJU;nes_veracruz_nueva veracruz;NES;Veracruz;div-nueva-espana;Corregimiento de Veracruz;[[:conceptos:corregimiento|Corregimiento]] de Veracruz;False
2571;GUA;PRGUCR00;Gobernacion;Costa Rica;Costa Rica;1787;ca;1808;hgis;;;;;False;;G;Gob.;costa rica_provincia_gua;conceptos:gobernacion;GUCR00PR;gua_provincia_costa rica;GUA;Provincia;;Gobernacion de Costa Rica;[[:conceptos:gobernacion|Gobernacion]] de Costa Rica;False
2572;VEN;PRVECU00;Gobernacion-Capitania General;Cumana;Cumana;1701;arbitrary;1776;exact;;;;;False;;G;CG;cumana_provincia_ven;conceptos:gobernacion;VECU00PR;ven_provincia_cumana;VEN;Provincia;;Gobernacion-Capitania General de Cumana;[[:conceptos:gobernacion|Gobernacion-Capitania General]] de Cumana;False
2573;VEN;PRVECU00;Gobernacion;Cumana;Cumana;1777;exact;1791;not_after;;;;;False;;G;Gob.;cumana_provincia_ven;conceptos:gobernacion;VECU00PR;ven_provincia_cumana;VEN;Provincia;;Gobernacion de Cumana;[[:conceptos:gobernacion|Gobernacion]] de Cumana;False
2574;VEN;PRVEIM00;Gobernacion-Capitania General;Isla Margarita;Isla Margarita;1525;exact;1776;exact;;;;;False;;G;CG;margarita_provincia_ven;conceptos:gobernacion;VEIM00PR;ven_provincia_margarita;VEN;Provincia;;Gobernacion-Capitania General de Isla Margarita;[[:conceptos:gobernacion|Gobernacion-Capitania General]] de Isla Margarita;False
2575;VEN;PRVEIM00;Gobernacion;Isla Margarita;Isla Margarita;1777;exact;1808;hgis;;;;;False;;G;Gob.;margarita_provincia_ven;conceptos:gobernacion;VEIM00PR;ven_provincia_margarita;VEN;Provincia;;Gobernacion de Isla Margarita;[[:conceptos:gobernacion|Gobernacion]] de Isla Margarita;False
2576;NES;JUNEMICH;Partido;Chilchota;Chilchota;1731;not_after;1786;not_after;;1731;;;False;;Part.;Part.;chilchota_jurisdiccion_nes;conceptos:partido;NEMICHJU;nes_michoacan_chilchota;NES;Michoacan;div-nueva-espana;Partido de Chilchota;[[:conceptos:partido|Partido]] de Chilchota;False
2577;NES;JUNEMXCY;Alcaldia Mayor;Coyoacan;Coyoacan;1710;not_after;1713;not_after;;1710;;;False;;AM;AM;coyoacan_jurisdiccion_nes;conceptos:alcaldia_mayor;NEMXCYJU;nes_mexico_coyoacan;NES;Mexico;div-nueva-espana;Alcaldia Mayor de Coyoacan;[[:conceptos:alcaldia_mayor|Alcaldia Mayor]] de Coyoacan;False
2578;NES;JUNEMXCY;Corregimiento;Coyoacan;Coyoacan;1714;not_after;1808;hgis;;1714;;;False;;C;C;coyoacan_jurisdiccion_nes;conceptos:corregimiento;NEMXCYJU;nes_mexico_coyoacan;NES;Mexico;div-nueva-espana;Corregimiento de Coyoacan;[[:conceptos:corregimiento|Corregimiento]] de Coyoacan;False
2584;GDJ;JUGDGDTL;Alcaldia Mayor;Tlajomulco;Tlajomulco y Cajitlan;1709;not_after;1709;not_before;1705;1709;1709;1714;False;;AM;AM;tlajomulco y cajititlan_jurisdiccion_gdj;conceptos:alcaldia_mayor;GDGDTLJU;gdj_guadalajara_tlajomulco y cajititlan;GDJ;Guadalajara;div-nueva-galicia;Alcaldia Mayor de Tlajomulco;[[:conceptos:alcaldia_mayor|Alcaldia Mayor]] de Tlajomulco;False
2585;GDJ;JUGDGDTL;Corregimiento;Tlajomulco;Tlajomulco y Cajitlan;1710;not_before;1790;not_before;1710;;;;False;;C;C;tlajomulco y cajititlan_jurisdiccion_gdj;conceptos:corregimiento;GDGDTLJU;gdj_guadalajara_tlajomulco y cajititlan;GDJ;Guadalajara;div-nueva-galicia;Corregimiento de Tlajomulco;[[:conceptos:corregimiento|Corregimiento]] de Tlajomulco;False
2586;VEN;PRVEBA00;Gobernacion;Barinas;Barinas;1786;exact;1802;not_after;;;;;False;;G;Gob.;barinas_provincia_ven;conceptos:gobernacion;VEBA00PR;ven_provincia_barinas;VEN;Provincia;;Gobernacion de Barinas;[[:conceptos:gobernacion|Gobernacion]] de Barinas;False
2588;NES;JUNEMITX;Alcaldia Mayor;Taximaroa;Taximaroa;1710;not_after;1717;not_before;;1710;;;False;;AM;AM;taximaroa_jurisdiccion_nes;conceptos:alcaldia_mayor;NEMITXJU;nes_mexico_taximaroa;NES;Mexico;div-nueva-espana;Alcaldia Mayor de Taximaroa;[[:conceptos:alcaldia_mayor|Alcaldia Mayor]] de Taximaroa;False
2589;NES;JUNEMITX;Alcaldia Mayor;Taximaroa;Taximaroa;1718;not_after;1723;not_before;;1718;;;True;JUNEMIMA;AM;Part.;taximaroa_jurisdiccion_nes;conceptos:agregado;NEMITXJU;nes_mexico_taximaroa;NES;Mexico;div-nueva-espana;Alcaldia Mayor agregada de Taximaroa;[[:conceptos:agregado|Alcaldia Mayor agregada]] de Taximaroa;False
2590;NES;JUNEOAMA;Alcaldia Mayor;Macuilsuchil;Macuilsuchil;1680;ca;1755;not_after;;;;;True;JUNEOATV;AM;Part.;macuilsuchil_jurisdiccion_nes;conceptos:agregado;NEOAMAJU;nes_oaxaca_macuilsuchil;NES;Oaxaca;div-nueva-espana;Alcaldia Mayor agregada de Macuilsuchil;[[:conceptos:agregado|Alcaldia Mayor agregada]] de Macuilsuchil;False
2591;NES;JUNEVCJA;Alcaldia Mayor;Jalacingo;Jalacingo;1680;ca;1790;ca;;;;;True;JUNEVCXA;AM;AM;jalacingo_jurisdiccion_nes;conceptos:agregado;NEVCJAJU;nes_veracruz_jalacingo;NES;Veracruz;div-nueva-espana;Alcaldia Mayor agregada de Jalacingo;[[:conceptos:agregado|Alcaldia Mayor agregada]] de Jalacingo;False
2592;VEN;JUVECAOS;Jurisdiccion;Ospino;Ospino;1754;not_before;1808;hgis;1754;;;;False;;Jur.;Jur.;ospino_jurisdiccion_ven;conceptos:jurisdiccion;VECAOSJU;ven_caracas_ospino;VEN;Caracas;;Jurisdiccion de Ospino;[[:conceptos:jurisdiccion|Jurisdiccion]] de Ospino;False
2593;VEN;JUVECACC;Jurisdiccion;Cachicamo;San Fernando Cachicamo;1752;not_before;1808;hgis;1752;;;;False;;Jur.;Jur.;cachicamo_jurisdiccion_ven;conceptos:jurisdiccion;VECACCJU;ven_caracas_cachicamo;VEN;Caracas;;Jurisdiccion de Cachicamo;[[:conceptos:jurisdiccion|Jurisdiccion]] de Cachicamo;False
2594;VEN;OBVEGU00;Obispado;Guayana;Santo Tomas de la Guayana;1791;exact;1808;hgis;;;;;False;;Ob.;Ob.;la guayana_obispado_ven;conceptos:obispado;VEGU00OB;ven_cumana_la guayana;VEN;Cumana;catholic-hierarchy;Obispado de Guayana;[[:conceptos:obispado|Obispado]] de Guayana;False
2595;SDO;OBSDPR00;Obispado;Puerto Rico;Puerto Rico;1512;exact;1808;hgis;;;;;False;;Ob.;Ob.;puerto rico_obispado_sdo;conceptos:obispado;SDPR00OB;sdo_puerto rico_puerto rico;SDO;Puerto Rico;catholic-hierarchy;Obispado de Puerto Rico;[[:conceptos:obispado|Obispado]] de Puerto Rico;False
2596;VEN;PRVECU00;Gobernacion-Intendencia;Cumana;Cumana;1792;not_after;1808;hgis;;1792;;;False;;G;Int.;cumana_provincia_ven;conceptos:intendencia;VECU00PR;ven_provincia_cumana;VEN;Provincia;;Gobernacion-Intendencia de Cumana;[[:conceptos:intendencia|Gobernacion-Intendencia]] de Cumana;False
2597;VEN;JUVECUCU;Jurisdiccion;Cumana;Cumana;1568;exact;1808;hgis;;;;;False;PRVECU00;Part.;Jur.;cumana_jurisdiccion_ven;conceptos:cabecera;VECUCUJU;ven_cumana_cumana;VEN;Cumana;;Jurisdiccion cabecera de Cumana;[[:conceptos:cabecera|Jurisdiccion cabecera]] de Cumana;True
2598;VEN;PRVECUNA;Provincia;Nueva Andalucia;Nueva Andalucia;1638;exact;1808;hgis;;;;;True;PRVECU00;Prov.;Prov.;nueva andalucia_provincia_ven;conceptos:cabecera;VECUNAPR;ven_provincia_nueva andalucia;VEN;Provincia;;Provincia cabecera de Nueva Andalucia;[[:conceptos:cabecera|Provincia cabecera]] de Nueva Andalucia;False
2599;VEN;JUVECUCB;Jurisdiccion;Arias;Arias;1637;exact;1808;hgis;;;;;False;;Jur.;Jur.;arias_jurisdiccion_ven;conceptos:jurisdiccion;VECUCBJU;ven_cumana_arias;VEN;Cumana;;Jurisdiccion de Arias;[[:conceptos:jurisdiccion|Jurisdiccion]] de Arias;False
2600;VEN;JUVECUCA;Jurisdiccion;Cariaco;Cariaco;1605;exact;1808;hgis;;;;;False;;Jur.;Jur.;cariaco_jurisdiccion_ven;conceptos:jurisdiccion;VECUCAJU;ven_cumana_cariaco;VEN;Cumana;;Jurisdiccion de Cariaco;[[:conceptos:jurisdiccion|Jurisdiccion]] de Cariaco;False
2602;VEN;PRVEGU00;Provincia;Guayana;Guayana;1585;exact;1761;exact;;;;;True;PRVECU00;Prov.;Prov.;guayana_provincia_ven;conceptos:agregado;VEGU00PR;ven_provincia_guayana;VEN;Provincia;;Provincia agregada de Guayana;[[:conceptos:agregado|Provincia agregada]] de Guayana;False
2603;VEN;PRVETR00;Gobernacion;Trinidad;Isla de Trinidad;1529;exact;1584;exact;;;;;False;;G;Gob.;trinidad_provincia_ven;conceptos:gobernacion;VETR00PR;ven_provincia_trinidad;VEN;Provincia;;Gobernacion de Trinidad;[[:conceptos:gobernacion|Gobernacion]] de Trinidad;False
2604;VEN;PRVETR00;Gobernacion;Trinidad;Isla de Trinidad;1733;exact;1796;exact;;;;;False;;G;Gob.;trinidad_provincia_ven;conceptos:gobernacion;VETR00PR;ven_provincia_trinidad;VEN;Provincia;;Gobernacion de Trinidad;[[:conceptos:gobernacion|Gobernacion]] de Trinidad;False
2605;VEN;JUVETRTR;Partido;Trinidad;Isla de Trinidad;1701;hgis;1808;hgis;;;;;False;PRVETR00;Jur.;Jur.;trinidad_jurisdiccion_ven;conceptos:cabecera;VETRTRJU;ven_cumana_trinidad;VEN;Cumana;;Partido cabecera de Trinidad;[[:conceptos:cabecera|Partido cabecera]] de Trinidad;True
2606;NES;JUNEOANO;Alcaldia Mayor;Nochixtlan;Nochixtlan y Peñoles;1738;not_after;1743;not_after;;1738;;;False;;AM;AM;nochixtlan_jurisdiccion_nes;conceptos:alcaldia_mayor;NEOANOJU;nes_oaxaca_nochixtlan;NES;Oaxaca;div-nueva-espana;Alcaldia Mayor de Nochixtlan;[[:conceptos:alcaldia_mayor|Alcaldia Mayor]] de Nochixtlan;False
2608;VEN;JUVEMCPZ;Jurisdiccion;Pedraza;Pedraza;1591;exact;1808;hgis;;;;;False;;Jur.;Jur.;pedraza_jurisdiccion_ven;conceptos:jurisdiccion;VEMCPZJU;ven_maracaibo_pedraza;VEN;Maracaibo;;Jurisdiccion de Pedraza;[[:conceptos:jurisdiccion|Jurisdiccion]] de Pedraza;False
2609;SDO;PRSDIC00;Capitania General;Cuba;Cuba;1609;exact;1808;hgis;;;;;False;;CG;CG;cuba_provincia_sdo;conceptos:capitania_general;SDIC00PR;sdo_provincia_cuba;SDO;Provincia;;Capitania General de Cuba;[[:conceptos:capitania_general|Capitania General]] de Cuba;False
2610;NES;JUNEOAHL;Corregimiento;Huexolotitlan;Huexolotitlan;1531;exact;1704;not_after;;;;;False;;C;C;huexolotitlan_jurisdiccion_nes;conceptos:corregimiento;NEOAHLJU;nes_oaxaca_huexolotitlan;NES;Oaxaca;div-nueva-espana;Corregimiento de Huexolotitlan;[[:conceptos:corregimiento|Corregimiento]] de Huexolotitlan;False
2611;NES;JUNEOAHL;Alcaldia Mayor;Huexolotitlan;Huexolotitlan;1763;not_after;1768;not_after;;1763;;;False;;AM;AM;huexolotitlan_jurisdiccion_nes;conceptos:alcaldia_mayor;NEOAHLJU;nes_oaxaca_huexolotitlan;NES;Oaxaca;div-nueva-espana;Alcaldia Mayor de Huexolotitlan;[[:conceptos:alcaldia_mayor|Alcaldia Mayor]] de Huexolotitlan;False
2612;NES;JUNEOAHL;Corregimiento;Huexolotitlan;Huexolotitlan;1769;not_after;1791;not_after;;1769;;;False;;C;C;huexolotitlan_jurisdiccion_nes;conceptos:corregimiento;NEOAHLJU;nes_oaxaca_huexolotitlan;NES;Oaxaca;div-nueva-espana;Corregimiento de Huexolotitlan;[[:conceptos:corregimiento|Corregimiento]] de Huexolotitlan;False
2613;GDJ;JUGDSSSC;Alcaldia Mayor*;San Benito;San Benito;1745;ca;1750;arbitrary;;;;;False;;AM;AM;santiago de los caballeros_jurisdiccion_gdj;conceptos:alcaldia_mayor;GDSSSCJU;gdj_sonora-sinaloa_santiago de los caballeros;GDJ;Sonora-Sinaloa;div-sonora-sinaloa;Alcaldia Mayor* de San Benito;[[:conceptos:alcaldia_mayor|Alcaldia Mayor*]] de San Benito;False
2614;GDJ;JUGDSSSC;Alcaldia Mayor*;Santiago;Santiago de los Caballeros;1751;arbitrary;1787;arbitrary;;;;;False;;AM;AM;santiago de los caballeros_jurisdiccion_gdj;conceptos:alcaldia_mayor;GDSSSCJU;gdj_sonora-sinaloa_santiago de los caballeros;GDJ;Sonora-Sinaloa;div-sonora-sinaloa;Alcaldia Mayor* de Santiago;[[:conceptos:alcaldia_mayor|Alcaldia Mayor*]] de Santiago;False
2615;GDJ;PTGDSSPA;Misiones;Pimeria Alta;Pimeria Alta;1701;hgis;1808;hgis;;;;;False;;Mis.;Mis.;pimeria alta_partido_gdj;conceptos:misiones;GDSSPAPT;gdj_sonora-sinaloa_pimeria alta;GDJ;Sonora-Sinaloa;div-sonora-sinaloa;Misiones de Pimeria Alta;[[:conceptos:misiones|Misiones]] de Pimeria Alta;False
2616;GDJ;JUGDDUNP;Partido;Sierra Tepehuana;Sierra Tepehuana;1111;start;1776;not_after;;;;;False;;Part.;Part.;san juan nepomuceno_jurisdiccion_gdj;conceptos:partido;GDDUNPJU;gdj_durango_san juan nepomuceno;GDJ;Durango;div-nueva-vizcaya;Partido de Sierra Tepehuana;[[:conceptos:partido|Partido]] de Sierra Tepehuana;False
2620;GUA;JUGUGUCM;Corregimiento;Chiquimula;Chiquimula y Acasaguastlan;1764;ca;1808;hgis;;;;;False;;C;C;chiquimula_jurisdiccion_gua;conceptos:corregimiento;GUGUCMJU;gua_guatemala_chiquimula;GUA;Guatemala;;Corregimiento de Chiquimula;[[:conceptos:corregimiento|Corregimiento]] de Chiquimula;False
2621;GUA;PRGUCY00;Gobernacion;Comayagua;Comayagua;1756;exact;1786;exact;;;;;False;;G;Gob.;comayagua_provincia_gua;conceptos:gobernacion;GUCY00PR;gua_provincia_comayagua;GUA;Provincia;;Gobernacion de Comayagua;[[:conceptos:gobernacion|Gobernacion]] de Comayagua;False
2622;GDJ;JUGDNLRB;Alcaldia Mayor;Rio Blanco;Rio Blanco;1748;ca;1786;not_before;;;;;False;;AM;AM;rio blanco_jurisdiccion_gdj;conceptos:alcaldia_mayor;GDNLRBJU;gdj_nuevo leon_rio blanco;GDJ;Nuevo Leon;div-nueva-galicia;Alcaldia Mayor de Rio Blanco;[[:conceptos:alcaldia_mayor|Alcaldia Mayor]] de Rio Blanco;False
2623;GDJ;JUGDDUMA;Alcaldia Mayor;Mapimi;Mapimi;1751;exact;1786;not_before;;;;;False;;AM;AM;mapimi_jurisdiccion_gdj;conceptos:alcaldia_mayor;GDDUMAJU;gdj_durango_mapimi;GDJ;Durango;div-nueva-vizcaya;Alcaldia Mayor de Mapimi;[[:conceptos:alcaldia_mayor|Alcaldia Mayor]] de Mapimi;False
2624;GDJ;JUGDSSAI;Subdelegacion;Aigame;Aigame;1790;arbitrary;1808;hgis;;;;;False;;Sd.;Sd.;aigame_jurisdiccion_gdj;conceptos:subdelegacion;GDSSAIJU;gdj_sonora-sinaloa_aigame;GDJ;Sonora-Sinaloa;div-sonora;Subdelegacion de Aigame;[[:conceptos:subdelegacion|Subdelegacion]] de Aigame;False
2625;VEN;INVECA00;Intendencia-Superintendencia;Caracas;Caracas;1787;exact;1808;hgis;;;;;False;;Int.;Int.;caracas_intendencia_ven;conceptos:intendencia;VECA00IN;ven_intendencia_caracas;VEN;Intendencia;navarro-garcia;Intendencia-Superintendencia de Caracas;[[:conceptos:intendencia|Intendencia-Superintendencia]] de Caracas;False
2626;VEN;JUVECACO;Comandancia Politico-Militar;Coro;Coro;1806;exact;1808;hgis;;;;;False;;Com.;Jur.;coro_jurisdiccion_ven;conceptos:jurisdiccion;VECACOJU;ven_caracas_coro;VEN;Caracas;;Comandancia Politico-Militar de Coro;[[:conceptos:jurisdiccion|Comandancia Politico-Militar]] de Coro;False
2627;NGR;PRNGNE00;Corregimiento;Neiva;Neiva;1807;not_after;1808;hgis;;1807;;;False;;C;C;neiva_provincia_ngr;conceptos:corregimiento;NGNE00PR;ngr_provincia_neiva;NGR;Provincia;;Corregimiento de Neiva;[[:conceptos:corregimiento|Corregimiento]] de Neiva;False
2628;GDJ;JUGDGDBO;Tenencia de Alcaldia Mayor;Bolaños;Bolaños;1730;ca;1755;exact;;;;;False;;Ten.;Part.;bolaños_jurisdiccion_gdj;conceptos:partido;GDGDBOJU;gdj_guadalajara_bolaños;GDJ;Guadalajara;gerhard-north;Tenencia de Alcaldia Mayor de Bolaños;[[:conceptos:partido|Tenencia de Alcaldia Mayor]] de Bolaños;False
2629;GDJ;JUGDGDGN;Subdelegacion;Guachinango;Guachinango;1792;exact;1808;hgis;;;;;False;;Sd.;Sd.;guachinango_jurisdiccion_gdj;conceptos:subdelegacion;GDGDGNJU;gdj_guadalajara_guachinango;GDJ;Guadalajara;div-nueva-galicia;Subdelegacion de Guachinango;[[:conceptos:subdelegacion|Subdelegacion]] de Guachinango;False
2630;GDJ;JUGDGDGN;Alcaldia Mayor;Guachinango;Guachinango;1777;not_after;1791;exact;;1777;;;False;;AM;AM;guachinango_jurisdiccion_gdj;conceptos:alcaldia_mayor;GDGDGNJU;gdj_guadalajara_guachinango;GDJ;Guadalajara;gerhard-north;Alcaldia Mayor de Guachinango;[[:conceptos:alcaldia_mayor|Alcaldia Mayor]] de Guachinango;False
2631;GDJ;JUGDGDGN;Alcaldia Mayor;Guachinango;Guachinango;1600;arbitrary;1759;not_after;;1743;;;False;;AM;AM;guachinango_jurisdiccion_gdj;conceptos:alcaldia_mayor;GDGDGNJU;gdj_guadalajara_guachinango;GDJ;Guadalajara;gerhard-north;Alcaldia Mayor de Guachinango;[[:conceptos:alcaldia_mayor|Alcaldia Mayor]] de Guachinango;False
2632;GDJ;JUGDSSCS;Subdelegacion;Cosala;Cosala;1787;arbitrary;1808;hgis;;;;;False;;Sd.;Sd.;cosala_jurisdiccion_gdj;conceptos:subdelegacion;GDSSCSJU;gdj_sonora-sinaloa_cosala;GDJ;Sonora-Sinaloa;gerhard-north;Subdelegacion de Cosala;[[:conceptos:subdelegacion|Subdelegacion]] de Cosala;False
2633;GDJ;JUGDDUGQ;Alcaldia Mayor;Guajoquilla;Guajoquilla;1774;exact;1787;not_before;;;;;False;;AM;AM;guajoquilla_jurisdiccion_gdj;conceptos:alcaldia_mayor;GDDUGQJU;gdj_durango_guajoquilla;GDJ;Durango;div-nueva-vizcaya;Alcaldia Mayor de Guajoquilla;[[:conceptos:alcaldia_mayor|Alcaldia Mayor]] de Guajoquilla;False
2634;GDJ;JUGDNMGA;Alcaldia Mayor;Pecos;Pecos;1790;not_after;1808;hgis;;1790;;;True;JUGDNMSF;AM;Part.;galisteo_jurisdiccion_gdj;conceptos:agregado;GDNMGAJU;gdj_nuevo mexico_galisteo;GDJ;Nuevo Mexico;div-nuevo-mexico;Alcaldia Mayor agregada de Pecos;[[:conceptos:agregado|Alcaldia Mayor agregada]] de Pecos;False
2635;GDJ;JUGDDUBA;Partido;Basuchil;Basuchil y Papigochic;1111;start;1790;not_before;;;;;False;;Part.;Part.;basuchil y papigochic_jurisdiccion_gdj;conceptos:partido;GDDUBAJU;gdj_durango_basuchil y papigochic;GDJ;Durango;div-nueva-vizcaya;Partido de Basuchil;[[:conceptos:partido|Partido]] de Basuchil;False
2636;GDJ;JUGDDUBA;Partido;Basuchil;Basuchil y Papigochic;1797;not_before;1801;not_after;1797;;;;False;;Part.;Part.;basuchil y papigochic_jurisdiccion_gdj;conceptos:partido;GDDUBAJU;gdj_durango_basuchil y papigochic;GDJ;Durango;div-nueva-vizcaya;Partido de Basuchil;[[:conceptos:partido|Partido]] de Basuchil;False
2640;GDJ;JUGDGDTC;Tenencia de subdelegacion;Teocaltiche;Teocaltiche;1792;not_after;1808;hgis;;1792;;;False;;Ten.;Part.;teocaltiche_jurisdiccion_gdj;conceptos:partido;GDGDTCJU;gdj_guadalajara_teocaltiche;GDJ;Guadalajara;becerra;Tenencia de subdelegacion de Teocaltiche;[[:conceptos:partido|Tenencia de subdelegacion]] de Teocaltiche;False
2642;NES;JUNEYUBA;Capitania a guerra;Beneficios Altos;Beneficios Altos;1719;not_after;1786;exact;1688;1719;;;False;;CaG;Part.;beneficios altos_jurisdiccion_nes;conceptos:capitania_a_guerra;NEYUBAJU;nes_yucatan_beneficios altos;NES;Yucatan;div-yucatan;Capitania a guerra de Beneficios Altos;[[:conceptos:capitania_a_guerra|Capitania a guerra]] de Beneficios Altos;False
2643;NES;JUNEYUBB;Partido;Beneficios Bajos;Beneficios Bajos;1111;start;1718;not_after;;;1687;1718;False;;CaG;Part.;beneficios bajos_jurisdiccion_nes;conceptos:partido;NEYUBBJU;nes_yucatan_beneficios bajos;NES;Yucatan;div-yucatan;Partido de Beneficios Bajos;[[:conceptos:partido|Partido]] de Beneficios Bajos;False
2644;NES;JUNEYUBB;Capitania a guerra;Beneficios Bajos;Beneficios Bajos;1719;not_after;1786;exact;1688;1719;;;False;;CaG;Part.;beneficios bajos_jurisdiccion_nes;conceptos:capitania_a_guerra;NEYUBBJU;nes_yucatan_beneficios bajos;NES;Yucatan;div-yucatan;Capitania a guerra de Beneficios Bajos;[[:conceptos:capitania_a_guerra|Capitania a guerra]] de Beneficios Bajos;False
2646;NES;JUNEYURA;Capitania a guerra;Camino Real de Campeche;Camino Real de Campeche;1750;not_after;1786;exact;;;;;False;;CaG;Part.;camino real alto_jurisdiccion_nes;conceptos:capitania_a_guerra;NEYURAJU;nes_yucatan_camino real alto;NES;Yucatan;div-yucatan;Capitania a guerra de Camino Real de Campeche;[[:conceptos:capitania_a_guerra|Capitania a guerra]] de Camino Real de Campeche;False
2647;NES;JUNEYURB;Capitania a guerra;Camino Real Bajo;Camino Real Bajo;1699;not_after;1786;exact;1680;1699;;;False;;CaG;Part.;camino real bajo_jurisdiccion_nes;conceptos:capitania_a_guerra;NEYURBJU;nes_yucatan_camino real bajo;NES;Yucatan;div-yucatan;Capitania a guerra de Camino Real Bajo;[[:conceptos:capitania_a_guerra|Capitania a guerra]] de Camino Real Bajo;False
2648;NES;JUNEYULC;Capitania a guerra;La Costa;La Costa;1701;hgis;1786;exact;;;;;False;;CaG;Part.;la costa_jurisdiccion_nes;conceptos:capitania_a_guerra;NEYULCJU;nes_yucatan_la costa;NES;Yucatan;div-yucatan;Capitania a guerra de La Costa;[[:conceptos:capitania_a_guerra|Capitania a guerra]] de La Costa;False
2649;NES;JUNEYULS;Capitania a guerra;La Sierra;Sierra Alta y Baja;1655;not_before;1786;exact;;;;;False;;CaG;Part.;la sierra_jurisdiccion_nes;conceptos:capitania_a_guerra;NEYULSJU;nes_yucatan_la sierra;NES;Yucatan;div-yucatan;Capitania a guerra de La Sierra;[[:conceptos:capitania_a_guerra|Capitania a guerra]] de La Sierra;False
2651;NES;JUNEYUSB;Partido;Sierra Baja;Sierra Baja;1111;start;1801;ca;;;;;False;;Part.;Part.;sierra baja_jurisdiccion_nes;conceptos:partido;NEYUSBJU;nes_yucatan_sierra baja;NES;Yucatan;div-yucatan;Partido de Sierra Baja;[[:conceptos:partido|Partido]] de Sierra Baja;False
2652;NES;JUNEYUTI;Capitania a guerra;Tizimin;Tizimin;1632;not_after;1786;exact;;;;;False;;CaG;Part.;tizimin_jurisdiccion_nes;conceptos:capitania_a_guerra;NEYUTIJU;nes_yucatan_tizimin;NES;Yucatan;div-yucatan;Capitania a guerra de Tizimin;[[:conceptos:capitania_a_guerra|Capitania a guerra]] de Tizimin;False
2653;NES;JUNEMIAN;Partido;Angamacutiro;Angamacutiro;1806;exact;1808;hgis;;;;;False;;Part.;Part.;angamacutiro_jurisdiccion_nes;conceptos:partido;NEMIANJU;nes_michoacan_angamacutiro;NES;Michoacan;div-nueva-espana;Partido de Angamacutiro;[[:conceptos:partido|Partido]] de Angamacutiro;False
2654;GDJ;JUGDNLBL;Partido;Boca de Leones;Boca de Leones;1787;not_before;1808;hgis;1787;;;;False;;Part.;Part.;boca de leones_jurisdiccion_gdj;conceptos:partido;GDNLBLJU;gdj_nuevo leon_boca de leones;GDJ;Nuevo Leon;div-nueva-galicia;Partido de Boca de Leones;[[:conceptos:partido|Partido]] de Boca de Leones;False
2655;GDJ;JUGDNLCA;Partido;Cadereyta;Cadereyta;1787;not_before;1808;hgis;1787;;;;False;;Part.;Part.;cadereyta_jurisdiccion_gdj;conceptos:partido;GDNLCAJU;gdj_nuevo leon_cadereyta;GDJ;Nuevo Leon;div-nueva-galicia;Partido de Cadereyta;[[:conceptos:partido|Partido]] de Cadereyta;False
2656;GDJ;JUGDNLCE;Partido;Cerralvo;Cerralvo;1787;not_before;1808;hgis;1787;;;;False;;Part.;Part.;cerralvo_jurisdiccion_gdj;conceptos:partido;GDNLCEJU;gdj_nuevo leon_cerralvo;GDJ;Nuevo Leon;div-nueva-galicia;Partido de Cerralvo;[[:conceptos:partido|Partido]] de Cerralvo;False
2657;GDJ;JUGDNLLI;Partido;Linares;San Felipe de Linares;1787;not_before;1808;hgis;1787;;;;False;;Part.;Part.;linares_jurisdiccion_gdj;conceptos:partido;GDNLLIJU;gdj_nuevo leon_linares;GDJ;Nuevo Leon;div-nueva-galicia;Partido de Linares;[[:conceptos:partido|Partido]] de Linares;False
2658;GDJ;JUGDNLPE;Partido;Pesqueria Grande;Pesqueria Grande;1787;not_before;1808;hgis;1787;;;;False;;Part.;Part.;pesqueria grande_jurisdiccion_gdj;conceptos:partido;GDNLPEJU;gdj_nuevo leon_pesqueria grande;GDJ;Nuevo Leon;div-nueva-galicia;Partido de Pesqueria Grande;[[:conceptos:partido|Partido]] de Pesqueria Grande;False
2659;GDJ;JUGDNLPL;Partido;Lampazos;Punta de Lampazos;1787;not_before;1808;hgis;1787;;;;False;;Part.;Part.;punta de lampazos_jurisdiccion_gdj;conceptos:partido;GDNLPLJU;gdj_nuevo leon_punta de lampazos;GDJ;Nuevo Leon;div-nueva-galicia;Partido de Lampazos;[[:conceptos:partido|Partido]] de Lampazos;False
2660;GDJ;JUGDNLRB;Partido;Rio Blanco;Rio Blanco;1787;not_before;1808;hgis;1787;;;;False;;Part.;Part.;rio blanco_jurisdiccion_gdj;conceptos:partido;GDNLRBJU;gdj_nuevo leon_rio blanco;GDJ;Nuevo Leon;div-nueva-galicia;Partido de Rio Blanco;[[:conceptos:partido|Partido]] de Rio Blanco;False
2661;GDJ;JUGDNLGU;Partido;Guajuco;Valle de Guajuco;1787;not_before;1808;hgis;1787;;;;False;;Part.;Part.;valle de guajuco_jurisdiccion_gdj;conceptos:partido;GDNLGUJU;gdj_nuevo leon_valle de guajuco;GDJ;Nuevo Leon;div-nueva-galicia;Partido de Guajuco;[[:conceptos:partido|Partido]] de Guajuco;False
2662;GDJ;JUGDNLLA;Partido;Labradores;Labradores;1787;not_before;1808;hgis;1787;;;;False;;Part.;Part.;valle de labradores_jurisdiccion_gdj;conceptos:partido;GDNLLAJU;gdj_nuevo leon_valle de labradores;GDJ;Nuevo Leon;div-nueva-galicia;Partido de Labradores;[[:conceptos:partido|Partido]] de Labradores;False
2663;GDJ;JUGDNLPI;Partido;Pilon;Pilon;1787;not_before;1808;hgis;1787;;;;False;;Part.;Part.;valle de pilon_jurisdiccion_gdj;conceptos:partido;GDNLPIJU;gdj_nuevo leon_valle de pilon;GDJ;Nuevo Leon;div-nueva-galicia;Partido de Pilon;[[:conceptos:partido|Partido]] de Pilon;False
2664;GDJ;JUGDNLSA;Partido;Salinas;Salinas;1787;not_before;1808;hgis;1787;;;;False;;Part.;Part.;valle de salinas_jurisdiccion_gdj;conceptos:partido;GDNLSAJU;gdj_nuevo leon_valle de salinas;GDJ;Nuevo Leon;div-nueva-galicia;Partido de Salinas;[[:conceptos:partido|Partido]] de Salinas;False
2665;GDJ;JUGDNLSC;Partido;Santa Catarina;Santa Catarina;1787;not_before;1808;hgis;1787;;;;False;;Part.;Part.;valle de santa catarina_jurisdiccion_gdj;conceptos:partido;GDNLSCJU;gdj_nuevo leon_valle de santa catarina;GDJ;Nuevo Leon;div-nueva-galicia;Partido de Santa Catarina;[[:conceptos:partido|Partido]] de Santa Catarina;False
2666;GDJ;JUGDNLVA;Tenencia de subdelegacion;Vallecillo;Vallecillo;1787;not_before;1808;hgis;1787;;;;False;;Ten.;Part.;vallecillo_jurisdiccion_gdj;conceptos:partido;GDNLVAJU;gdj_nuevo leon_vallecillo;GDJ;Nuevo Leon;div-nueva-galicia;Tenencia de subdelegacion de Vallecillo;[[:conceptos:partido|Tenencia de subdelegacion]] de Vallecillo;False
2667;NES;JUNEMIUO;Partido;Urecho;Urecho;1806;exact;1808;hgis;;;;;False;;Prov.;Part.;urecho_jurisdiccion_nes;conceptos:partido;NEMIUOJU;nes_michoacan_urecho;NES;Michoacan;div-nueva-espana;Partido de Urecho;[[:conceptos:partido|Partido]] de Urecho;False
2668;VEN;JUVEMCPJ;Partido;Perija;Valle de Perija;1722;ca;1775;not_before;;;;;False;;Part.;Part.;perija_jurisdiccion_ven;conceptos:partido;VEMCPJJU;ven_maracaibo_perija;VEN;Maracaibo;;Partido de Perija;[[:conceptos:partido|Partido]] de Perija;False
2669;VEN;JUVEMCPJ;Jurisdiccion;Perija;Valle de Perija;1776;not_before;1808;hgis;1776;;;;False;;Jur.;Jur.;perija_jurisdiccion_ven;conceptos:jurisdiccion;VEMCPJJU;ven_maracaibo_perija;VEN;Maracaibo;;Jurisdiccion de Perija;[[:conceptos:jurisdiccion|Jurisdiccion]] de Perija;False
2670;VEN;JUVEMCPJ;Fronteras;Motilones;Indios bravos;1111;start;1721;ca;;;;;False;;Fr.;Fr.;perija_jurisdiccion_ven;conceptos:fronteras;VEMCPJJU;ven_maracaibo_perija;VEN;Maracaibo;;Fronteras de Motilones;[[:conceptos:fronteras|Fronteras]] de Motilones;False
2671;VEN;JUVECUCT;Tenencia de gobierno;Cabrutica;Cabrutica;1790;not_after;1808;hgis;;1790;;;False;;Ten.;Part.;cabrutica_jurisdiccion_ven;conceptos:partido;VECUCTJU;ven_cumana_cabrutica;VEN;Cumana;;Tenencia de gobierno de Cabrutica;[[:conceptos:partido|Tenencia de gobierno]] de Cabrutica;False
2672;GDJ;PTGDSSMA;Gobernacion Politico-Militar;Mazatlan;Mazatlan;1792;exact;1808;hgis;;;;;False;;G;Gob.;mazatlan_partido_gdj;conceptos:gobernacion;GDSSMAPT;gdj_sonora-sinaloa_mazatlan;GDJ;Sonora-Sinaloa;div-sonora-sinaloa;Gobernacion Politico-Militar de Mazatlan;[[:conceptos:gobernacion|Gobernacion Politico-Militar]] de Mazatlan;False
2673;NGR;JUNGSFZI;Corregimiento;Zipaquira;Zipaquira;1593;arbitrary;1808;hgis;;1628;;;False;;C;C;zipaquira_jurisdiccion_ngr;conceptos:corregimiento;NGSFZIJU;ngr_santa fe_zipaquira;NGR;Santa Fe;;Corregimiento de Zipaquira;[[:conceptos:corregimiento|Corregimiento]] de Zipaquira;False
2674;NES;JUNEMXCN;Alcaldia Mayor;Cuautitlan;Cuautitlan;1729;not_after;1733;arbitrary;;1729;;;True;JUNEMXTC;AM;Part.;cuautitlan_jurisdiccion_nes;conceptos:agregado;NEMXCNJU;nes_mexico_cuautitlan;NES;Mexico;div-nueva-espana;Alcaldia Mayor agregada de Cuautitlan;[[:conceptos:agregado|Alcaldia Mayor agregada]] de Cuautitlan;False
2675;NES;JUNEMXCN;Alcaldia Mayor;Cuautitlan;Cuautitlan;1734;arbitrary;1786;exact;;;;;False;;AM;AM;cuautitlan_jurisdiccion_nes;conceptos:alcaldia_mayor;NEMXCNJU;nes_mexico_cuautitlan;NES;Mexico;div-nueva-espana;Alcaldia Mayor de Cuautitlan;[[:conceptos:alcaldia_mayor|Alcaldia Mayor]] de Cuautitlan;False
2676;NES;JUNEPUAC;Alcaldia Mayor;Acatlan;Acatlan y Piastla;1731;not_before;1735;not_after;1731;;;;True;JUNEPUTS;AM;Part.;acatlan_jurisdiccion_nes;conceptos:agregado;NEPUACJU;nes_puebla_acatlan;NES;Puebla;div-nueva-espana;Alcaldia Mayor agregada de Acatlan;[[:conceptos:agregado|Alcaldia Mayor agregada]] de Acatlan;False
2677;NES;JUNEPUAC;Alcaldia Mayor;Acatlan;Acatlan y Piastla;1736;not_after;1786;exact;;1736;;;False;;AM;AM;acatlan_jurisdiccion_nes;conceptos:alcaldia_mayor;NEPUACJU;nes_puebla_acatlan;NES;Puebla;div-nueva-espana;Alcaldia Mayor de Acatlan;[[:conceptos:alcaldia_mayor|Alcaldia Mayor]] de Acatlan;False
2678;NES;JUNEPUTC;Partido;Tecali;Tecali;1555;arbitrary;1663;exact;;;;;False;;Part.;Part.;tecali_jurisdiccion_nes;conceptos:partido;NEPUTCJU;nes_puebla_tecali;NES;Puebla;div-nueva-espana;Partido de Tecali;[[:conceptos:partido|Partido]] de Tecali;False
2681;NES;JUNEMIMO;Partido;Motines;Motines;1787;not_before;1791;exact;1787;;;;False;;Part.;Part.;motines_jurisdiccion_nes;conceptos:partido;NEMIMOJU;nes_michoacan_motines;NES;Michoacan;div-nueva-espana;Partido de Motines;[[:conceptos:partido|Partido]] de Motines;False
2682;NES;JUNEMICI;Partido;Cinagua y La Guacana;Cinagua y La Guacana;1772;not_after;1787;exact;;1772;;;False;;Part.;Part.;cinagua y la guacana_jurisdiccion_nes;conceptos:partido;NEMICIJU;nes_michoacan_cinagua y la guacana;NES;Michoacan;div-nueva-espana;Partido de Cinagua y La Guacana;[[:conceptos:partido|Partido]] de Cinagua y La Guacana;False
2683;NES;JUNEMICA;Partido;Caracuaro;Caracuaro;1803;not_before;1808;hgis;1803;;;;False;;Part.;Part.;caracuaro_jurisdiccion_nes;conceptos:partido;NEMICAJU;nes_michoacan_caracuaro;NES;Michoacan;div-nueva-espana;Partido de Caracuaro;[[:conceptos:partido|Partido]] de Caracuaro;False
2684;NES;JUNEMIZA;Partido;Zamora;Jacona y Zamora;1787;exact;1788;exact;;;;;False;;Part.;Part.;zamora y jacona_jurisdiccion_nes;conceptos:partido;NEMIZAJU;nes_michoacan_zamora y jacona;NES;Michoacan;div-nueva-espana;Partido de Zamora;[[:conceptos:partido|Partido]] de Zamora;False
2685;NES;JUNEMICD;Partido;Chucandiro;Chucandiro;1787;exact;1787;exact;;;;;False;;Part.;Part.;chucandiro_jurisdiccion_nes;conceptos:partido;NEMICDJU;nes_michoacan_chucandiro;NES;Michoacan;div-nueva-espana;Partido de Chucandiro;[[:conceptos:partido|Partido]] de Chucandiro;False
2686;NES;JUNEMICD;Partido;Chucandiro;Chucandiro;1804;exact;1808;hgis;;;;;False;;Part.;Part.;chucandiro_jurisdiccion_nes;conceptos:partido;NEMICDJU;nes_michoacan_chucandiro;NES;Michoacan;div-nueva-espana;Partido de Chucandiro;[[:conceptos:partido|Partido]] de Chucandiro;False
2687;NES;JUNEMIHG;Partido;Huango;Huango;1111;start;1786;exact;;;;;False;;Part.;Part.;huango_jurisdiccion_nes;conceptos:partido;NEMIHGJU;nes_michoacan_huango;NES;Michoacan;div-nueva-espana;Partido de Huango;[[:conceptos:partido|Partido]] de Huango;False
2688;NES;JUNEMIHG;Partido;Huango;Huango;1804;exact;1808;hgis;;;;;False;;Part.;Part.;huango_jurisdiccion_nes;conceptos:partido;NEMIHGJU;nes_michoacan_huango;NES;Michoacan;div-nueva-espana;Partido de Huango;[[:conceptos:partido|Partido]] de Huango;False
2689;NES;JUNEMIPU;Partido;Puruandiro;Puruandiro;1111;start;1791;exact;;;;;False;;Part.;Part.;puruandiro_jurisdiccion_nes;conceptos:partido;NEMIPUJU;nes_michoacan_puruandiro;NES;Michoacan;div-nueva-espana;Partido de Puruandiro;[[:conceptos:partido|Partido]] de Puruandiro;False
2690;NES;JUNEMIAN;Partido;Angamacutiro;Angamacutiro;1111;start;1789;exact;;;;;False;;Part.;Part.;angamacutiro_jurisdiccion_nes;conceptos:partido;NEMIANJU;nes_michoacan_angamacutiro;NES;Michoacan;div-nueva-espana;Partido de Angamacutiro;[[:conceptos:partido|Partido]] de Angamacutiro;False
2691;NES;JUNEMIHQ;Partido;Huaniqueo;Huaniqueo;1600;ca;1714;ca;;;;;False;;Part.;Part.;huaniqueo_jurisdiccion_nes;conceptos:partido;NEMIHQJU;nes_michoacan_huaniqueo;NES;Michoacan;div-nueva-espana;Partido de Huaniqueo;[[:conceptos:partido|Partido]] de Huaniqueo;False
2692;NES;JUNEMIHQ;Partido;Huaniqueo;Huaniqueo;1720;ca;1787;exact;;;;;False;;Part.;Part.;huaniqueo_jurisdiccion_nes;conceptos:partido;NEMIHQJU;nes_michoacan_huaniqueo;NES;Michoacan;div-nueva-espana;Partido de Huaniqueo;[[:conceptos:partido|Partido]] de Huaniqueo;False
2693;NES;JUNEMICO;Partido;Cocupao;Cocupao;1111;start;1787;exact;;;;;False;;Part.;Part.;cocupao_jurisdiccion_nes;conceptos:partido;NEMICOJU;nes_michoacan_cocupao;NES;Michoacan;div-nueva-espana;Partido de Cocupao;[[:conceptos:partido|Partido]] de Cocupao;False
2694;NES;JUNEMICO;Partido;Cocupao;Cocupao;1807;exact;1808;hgis;;;;;False;;Part.;Part.;cocupao_jurisdiccion_nes;conceptos:partido;NEMICOJU;nes_michoacan_cocupao;NES;Michoacan;div-nueva-espana;Partido de Cocupao;[[:conceptos:partido|Partido]] de Cocupao;False
2695;NES;JUNEMITI;Partido;Tiripetio;Tiripetio;1600;ca;1787;exact;;;;;False;;Part.;Part.;tiripetio_jurisdiccion_nes;conceptos:partido;NEMITIJU;nes_michoacan_tiripetio;NES;Michoacan;div-nueva-espana;Partido de Tiripetio;[[:conceptos:partido|Partido]] de Tiripetio;False
2696;NES;JUNEMIPR;Partido;Paracho;Paracho;1111;start;1790;exact;;;;;False;;Part.;Part.;paracho_jurisdiccion_nes;conceptos:partido;NEMIPRJU;nes_michoacan_paracho;NES;Michoacan;div-nueva-espana;Partido de Paracho;[[:conceptos:partido|Partido]] de Paracho;False
2697;NES;JUNEMITB;Partido;Tacambaro;Tacambaro;1111;start;1787;exact;;;;;False;;Part.;Part.;tacambaro_jurisdiccion_nes;conceptos:partido;NEMITBJU;nes_michoacan_tacambaro;NES;Michoacan;div-nueva-espana;Partido de Tacambaro;[[:conceptos:partido|Partido]] de Tacambaro;False
2698;NES;JUNEMIPA;Partido;Patzcuaro;Patzcuaro;1551;exact;1789;exact;;;;;False;;Part.;Part.;patzcuaro_jurisdiccion_nes;conceptos:partido;NEMIPAJU;nes_michoacan_patzcuaro;NES;Michoacan;div-nueva-espana;Partido de Patzcuaro;[[:conceptos:partido|Partido]] de Patzcuaro;False
2699;NES;JUNEMISC;Partido;Santa Clara;Santa Clara del Cobre;1111;start;1787;exact;;;;;False;;Part.;Part.;santa clara del cobre_jurisdiccion_nes;conceptos:partido;NEMISCJU;nes_michoacan_santa clara del cobre;NES;Michoacan;div-nueva-espana;Partido de Santa Clara;[[:conceptos:partido|Partido]] de Santa Clara;False
2700;NES;JUNEMISC;Partido;Santa Clara;Santa Clara del Cobre;1808;exact;1808;hgis;;;;;False;;Part.;Part.;santa clara del cobre_jurisdiccion_nes;conceptos:partido;NEMISCJU;nes_michoacan_santa clara del cobre;NES;Michoacan;div-nueva-espana;Partido de Santa Clara;[[:conceptos:partido|Partido]] de Santa Clara;False
2701;NES;JUNEMIER;Partido;Erongaricuaro;Erongaricuaro;1111;start;1787;exact;;;;;False;;Part.;Part.;erongaricuaro_jurisdiccion_nes;conceptos:partido;NEMIERJU;nes_michoacan_erongaricuaro;NES;Michoacan;div-nueva-espana;Partido de Erongaricuaro;[[:conceptos:partido|Partido]] de Erongaricuaro;False
2702;NES;JUNEMIER;Partido;Erongaricuaro;Erongaricuaro;1807;exact;1808;hgis;;;;;False;;Part.;Part.;erongaricuaro_jurisdiccion_nes;conceptos:partido;NEMIERJU;nes_michoacan_erongaricuaro;NES;Michoacan;div-nueva-espana;Partido de Erongaricuaro;[[:conceptos:partido|Partido]] de Erongaricuaro;False
2703;NES;JUNEMIUR;Partido;Uruapan;Uruapan;1111;start;1788;exact;;;;;False;;Part.;Part.;uruapan_jurisdiccion_nes;conceptos:partido;NEMIURJU;nes_michoacan_uruapan;NES;Michoacan;div-nueva-espana;Partido de Uruapan;[[:conceptos:partido|Partido]] de Uruapan;False
2704;NES;JUNEMIJT;Partido;Jaso y Teremendo;Jaso y Teremendo;1781;not_after;1787;not_after;;1781;;;False;;Part.;Part.;jaso y teremendo_jurisdiccion_nes;conceptos:partido;NEMIJTJU;nes_michoacan_jaso y teremendo;NES;Michoacan;div-nueva-espana;Partido de Jaso y Teremendo;[[:conceptos:partido|Partido]] de Jaso y Teremendo;False
2705;NES;JUNEMXIG;Partido;Iguala;Iguala;1776;not_after;1786;exact;;1776;;;False;;Part.;Part.;iguala_jurisdiccion_nes;conceptos:partido;NEMXIGJU;nes_mexico_iguala;NES;Mexico;div-nueva-espana;Partido de Iguala;[[:conceptos:partido|Partido]] de Iguala;False
2706;NES;JUNEMXZU;Partido;Zultepec;Zultepec;1751;exact;1786;not_after;;;;;False;;Part.;Part.;zultepec_jurisdiccion_nes;conceptos:partido;NEMXZUJU;nes_mexico_zultepec;NES;Mexico;div-nueva-espana;Partido de Zultepec;[[:conceptos:partido|Partido]] de Zultepec;False
2707;NES;JUNEMXTY;Partido;Tlayacapa;Tlayacapa;1771;arbitrary;1786;not_after;;;;;False;;Part.;Part.;tlayacapa_jurisdiccion_nes;conceptos:partido;NEMXTYJU;nes_mexico_tlayacapa;NES;Mexico;div-nueva-espana;Partido de Tlayacapa;[[:conceptos:partido|Partido]] de Tlayacapa;False
2708;NES;JUNEMXMI;Partido;Misquiaguala;Misquiaguala;1763;not_after;1786;not_after;;1763;;;False;;Part.;Part.;misquiaguala_jurisdiccion_nes;conceptos:partido;NEMXMIJU;nes_mexico_misquiaguala;NES;Mexico;div-nueva-espana;Partido de Misquiaguala;[[:conceptos:partido|Partido]] de Misquiaguala;False
2709;NES;JUNEMXIT;Partido;Iscateupan;Iscateupan;1751;ca;1786;not_after;;;;;False;;Part.;Part.;ixcateopan_jurisdiccion_nes;conceptos:partido;NEMXITJU;nes_mexico_ixcateopan;NES;Mexico;div-nueva-espana;Partido de Iscateupan;[[:conceptos:partido|Partido]] de Iscateupan;False
2710;NES;JUNEOACT;Partido;Chinantla y Ucila;Chinantla y Ucila;1769;ca;1786;exact;;;;;False;;Part.;Part.;chinantla y uzila_jurisdiccion_nes;conceptos:partido;NEOACTJU;nes_oaxaca_chinantla y uzila;NES;Oaxaca;div-nueva-espana;Partido de Chinantla y Ucila;[[:conceptos:partido|Partido]] de Chinantla y Ucila;False
2711;NES;JUNEOAJU;Partido;Juxtlahuaca;Juxtlahuaca;1787;exact;1793;not_after;;;;;False;;Part.;Part.;juxtlahuaca_jurisdiccion_nes;conceptos:partido;NEOAJUJU;nes_oaxaca_juxtlahuaca;NES;Oaxaca;div-nueva-espana;Partido de Juxtlahuaca;[[:conceptos:partido|Partido]] de Juxtlahuaca;False
2713;NES;JUNEOAHT;Alcaldia Mayor;Huatulco;Huatulco;1710;not_after;1713;not_after;;1710;;;False;;AM;AM;huatulco_partido_nes;conceptos:alcaldia_mayor;NEOAHTJU;nes_oaxaca_huatulco;NES;Oaxaca;div-nueva-espana;Alcaldia Mayor de Huatulco;[[:conceptos:alcaldia_mayor|Alcaldia Mayor]] de Huatulco;False
2714;NES;JUNEOAHT;Alcaldia Mayor;Huatulco;Huatulco;1738;not_after;1741;not_after;;1738;;;False;;AM;AM;huatulco_partido_nes;conceptos:alcaldia_mayor;NEOAHTJU;nes_oaxaca_huatulco;NES;Oaxaca;div-nueva-espana;Alcaldia Mayor de Huatulco;[[:conceptos:alcaldia_mayor|Alcaldia Mayor]] de Huatulco;False
2715;NES;JUNEOAHM;Alcaldia Mayor;Huamelula;Huamelula;1710;not_after;1713;not_after;;1710;;;False;;AM;AM;huatulco y huamelula_jurisdiccion_nes;conceptos:alcaldia_mayor;NEOAHMJU;nes_oaxaca_huatulco y huamelula;NES;Oaxaca;div-nueva-espana;Alcaldia Mayor de Huamelula;[[:conceptos:alcaldia_mayor|Alcaldia Mayor]] de Huamelula;False
2716;NES;JUNEOAHM;Alcaldia Mayor;Huatulco y Huamelula;Huatulco y Huamelula;1714;not_after;1737;not_after;;1714;;;False;;AM;AM;huatulco y huamelula_jurisdiccion_nes;conceptos:alcaldia_mayor;NEOAHMJU;nes_oaxaca_huatulco y huamelula;NES;Oaxaca;div-nueva-espana;Alcaldia Mayor de Huatulco y Huamelula;[[:conceptos:alcaldia_mayor|Alcaldia Mayor]] de Huatulco y Huamelula;False
2717;NES;JUNEOAHM;Alcaldia Mayor;Huamelula;Huamelula;1738;not_after;1741;not_after;;1738;;;False;;AM;AM;huatulco y huamelula_jurisdiccion_nes;conceptos:alcaldia_mayor;NEOAHMJU;nes_oaxaca_huatulco y huamelula;NES;Oaxaca;div-nueva-espana;Alcaldia Mayor de Huamelula;[[:conceptos:alcaldia_mayor|Alcaldia Mayor]] de Huamelula;False
2718;NES;JUNEOAHM;Alcaldia Mayor;Huatulco y Huamelula;Huatulco y Huamelula;1742;not_after;1786;exact;;1742;;;False;;AM;AM;huatulco y huamelula_jurisdiccion_nes;conceptos:alcaldia_mayor;NEOAHMJU;nes_oaxaca_huatulco y huamelula;NES;Oaxaca;div-nueva-espana;Alcaldia Mayor de Huatulco y Huamelula;[[:conceptos:alcaldia_mayor|Alcaldia Mayor]] de Huatulco y Huamelula;False
2719;NES;JUNEPUCE;Corregimiento;Chietla;Chietla;1731;not_after;1755;exact;;1731;;;True;JUNEPUIZ;C;Part.;chietla_jurisdiccion_nes;conceptos:agregado;NEPUCEJU;nes_puebla_chietla;NES;Puebla;div-nueva-espana;Corregimiento agregado de Chietla;[[:conceptos:agregado|Corregimiento agregado]] de Chietla;False
2720;NES;JUNEPUAM;Partido;Amozoc;Amozoc;1575;not_before;1786;not_before;;;;;False;;Part.;Part.;amozoc_jurisdiccion_nes;conceptos:partido;NEPUAMJU;nes_puebla_amozoc;NES;Puebla;div-nueva-espana;Partido de Amozoc;[[:conceptos:partido|Partido]] de Amozoc;False
2721;NES;JUNEPUTM;Partido;Totomehuacan;Totomehuacan;1111;start;1786;not_before;;;;;False;;Part.;Part.;totomehuacan_jurisdiccion_nes;conceptos:partido;NEPUTMJU;nes_puebla_totomehuacan;NES;Puebla;div-nueva-espana;Partido de Totomehuacan;[[:conceptos:partido|Partido]] de Totomehuacan;False
2722;NES;JUNEPUTO;Partido;Tochimilco;Tochimilco;1787;not_before;1790;not_after;1787;;;;False;;Part.;Part.;tochimilco_jurisdiccion_nes;conceptos:partido;NEPUTOJU;nes_puebla_tochimilco;NES;Puebla;div-nueva-espana;Partido de Tochimilco;[[:conceptos:partido|Partido]] de Tochimilco;False
2724;NES;JUNESLCA;Partido;Catorze;Catorze;1792;not_before;1801;not_after;1792;;;;False;;Part.;Part.;catorze_jurisdiccion_nes;conceptos:partido;NESLCAJU;nes_san luis potosi_catorze;NES;San Luis Potosi;div-nueva-galicia;Partido de Catorze;[[:conceptos:partido|Partido]] de Catorze;False
2727;GDJ;PTNECLMO;Partido;Monterey;Monterey;1782;not_after;1808;hgis;;1782;;;False;;Part.;Part.;monterey_partido_gdj;conceptos:partido;NECLMOPT;gdj_california_monterey;GDJ;California;div-california;Partido de Monterey;[[:conceptos:partido|Partido]] de Monterey;False
2728;GDJ;JUGDDUSC;Partido;Santa Catarina;Santa Catarina;1693;not_after;1720;not_after;;;;;False;;Part.;Part.;santa catarina_jurisdiccion_gdj;conceptos:partido;GDDUSCJU;gdj_durango_santa catarina;GDJ;Durango;div-nueva-vizcaya;Partido de Santa Catarina;[[:conceptos:partido|Partido]] de Santa Catarina;False
2729;GDJ;JUGDDUSC;Partido;Santa Catarina;Santa Catarina;1726;not_before;1798;not_after;1726;;;;False;;Part.;Part.;santa catarina_jurisdiccion_gdj;conceptos:partido;GDDUSCJU;gdj_durango_santa catarina;GDJ;Durango;div-nueva-vizcaya;Partido de Santa Catarina;[[:conceptos:partido|Partido]] de Santa Catarina;False
2730;GDJ;JUGDDUSC;Partido;Santa Catarina;Santa Catarina;1808;not_before;1808;hgis;1808;;;;False;;Part.;Part.;santa catarina_jurisdiccion_gdj;conceptos:partido;GDDUSCJU;gdj_durango_santa catarina;GDJ;Durango;div-nueva-vizcaya;Partido de Santa Catarina;[[:conceptos:partido|Partido]] de Santa Catarina;False
2732;QUI;JUNGPOCC;Tenencia de gobierno;Cartago;Cartago;1756;exact;1808;hgis;;;;;False;;Ten.;Jur.;cuatro ciudades_jurisdiccion_qui;conceptos:jurisdiccion;NGPOCCJU;qui_popayan_cuatro ciudades;QUI;Popayan;;Tenencia de gobierno de Cartago;[[:conceptos:jurisdiccion|Tenencia de gobierno]] de Cartago;False
2733;NGR;JUNGPPGI;Gobernacion;Giron;Giron;1795;exact;1808;hgis;;;;;True;PRNGPP00;G;Prov.;giron_provincia_ngr;conceptos:agregado;NGPPGIJU;ngr_provincia_giron;NGR;Provincia;;Gobernacion agregada de Giron;[[:conceptos:agregado|Gobernacion agregada]] de Giron;False
2734;NGR;JUNGPPPP;Jurisdiccion;Pamplona;Pamplona;1549;exact;1794;exact;;;;;False;;Jur.;Jur.;pamplona_jurisdiccion_ngr;conceptos:jurisdiccion;NGPPPPJU;ngr_pamplona_pamplona;NGR;Pamplona;;Jurisdiccion de Pamplona;[[:conceptos:jurisdiccion|Jurisdiccion]] de Pamplona;False
2735;NGR;JUNGPPPP;Jurisdiccion;Pamplona;Pamplona;1795;exact;1808;hgis;;;;;False;PRNGPP00;Jur.;Jur.;pamplona_jurisdiccion_ngr;conceptos:cabecera;NGPPPPJU;ngr_pamplona_pamplona;NGR;Pamplona;;Jurisdiccion cabecera de Pamplona;[[:conceptos:cabecera|Jurisdiccion cabecera]] de Pamplona;True
2736;NGR;JUNGPPCU;Jurisdiccion;Cucuta;Cucuta;1793;exact;1808;hgis;;;;;False;;Jur.;Jur.;san jose de cucuta_jurisdiccion_ngr;conceptos:jurisdiccion;NGPPCUJU;ngr_pamplona_san jose de cucuta;NGR;Pamplona;;Jurisdiccion de Cucuta;[[:conceptos:jurisdiccion|Jurisdiccion]] de Cucuta;False
2737;NGR;JUNGSMRH;Jurisdiccion;Riohacha;Riohacha;1547;exact;1788;exact;;;;;False;;Jur.;Jur.;riohacha_jurisdiccion_ngr;conceptos:jurisdiccion;NGSMRHJU;ngr_santa marta_riohacha;NGR;Santa Marta;;Jurisdiccion de Riohacha;[[:conceptos:jurisdiccion|Jurisdiccion]] de Riohacha;False
2738;NGR;JUNGSMRH;Gobernacion;Riohacha;Riohacha;1789;exact;1808;hgis;;;;;False;;G;Gob.;riohacha_jurisdiccion_ngr;conceptos:gobernacion;NGSMRHJU;ngr_santa marta_riohacha;NGR;Santa Marta;;Gobernacion de Riohacha;[[:conceptos:gobernacion|Gobernacion]] de Riohacha;False
2739;NGR;JUNGSMTA;Jurisdiccion;Tamalameque;Tamalameque;1544;exact;1808;hgis;;;;;False;;Jur.;Jur.;tamalameque_jurisdiccion_ngr;conceptos:jurisdiccion;NGSMTAJU;ngr_santa marta_tamalameque;NGR;Santa Marta;;Jurisdiccion de Tamalameque;[[:conceptos:jurisdiccion|Jurisdiccion]] de Tamalameque;False
2740;NGR;PTNGSMGU;Partido;Guamal;Guamal;1111;start;1808;hgis;;;;;False;;Part.;Part.;guamal_partido_ngr;conceptos:partido;NGSMGUPT;ngr_santa marta_guamal;NGR;Santa Marta;;Partido de Guamal;[[:conceptos:partido|Partido]] de Guamal;False
2741;NGR;JUNGSMTE;Jurisdiccion-Corregimiento;Tenerife;Tenerife;1536;exact;1808;hgis;;;;;False;;Jur.;Jur.;tenerife_jurisdiccion_ngr;conceptos:jurisdiccion;NGSMTEJU;ngr_santa marta_tenerife;NGR;Santa Marta;;Jurisdiccion-Corregimiento de Tenerife;[[:conceptos:jurisdiccion|Jurisdiccion-Corregimiento]] de Tenerife;False
2742;NGR;JUNGSMSM;Jurisdiccion;Santa Marta;Santa Marta;1525;exact;1808;hgis;;;;;False;PRNGSM00;Jur.;Jur.;santa marta_jurisdiccion_ngr;conceptos:cabecera;NGSMSMJU;ngr_santa marta_santa marta;NGR;Santa Marta;;Jurisdiccion cabecera de Santa Marta;[[:conceptos:cabecera|Jurisdiccion cabecera]] de Santa Marta;True
2743;NGR;JUNGTUDU;Corregimiento;Duitama;Duitama;1719;exact;1808;hgis;;;;;False;;Ten.;Jur.;duitama_partido_ngr;conceptos:agregado;NGTUDUJU;ngr_tunja_duitama;NGR;Tunja;;Corregimiento agregado de Duitama;[[:conceptos:agregado|Corregimiento agregado]] de Duitama;False
2744;NGR;JUNGSFGD;Jurisdiccion;Guaduas;Guaduas;1645;exact;1789;exact;;;;;False;;Jur.;Jur.;guaduas_jurisdiccion_ngr;conceptos:jurisdiccion;NGSFGDJU;ngr_santa fe_guaduas;NGR;Santa Fe;;Jurisdiccion de Guaduas;[[:conceptos:jurisdiccion|Jurisdiccion]] de Guaduas;False
2745;NGR;JUNGSFPA;Partido;Pasca;Pasca;1776;not_after;1808;hgis;;1776;;;False;;Part.;Part.;pasca_jurisdiccion_ngr;conceptos:partido;NGSFPAJU;ngr_santa fe_pasca;NGR;Santa Fe;;Partido de Pasca;[[:conceptos:partido|Partido]] de Pasca;False
2747;NGR;PTNGLLTA;Corregimiento;Tamara;Tamara;1776;not_after;1808;hgis;;1776;;;False;;C;C;tamara_partido_ngr;conceptos:corregimiento;NGLLTAPT;ngr_llanos_tamara;NGR;Llanos;;Corregimiento de Tamara;[[:conceptos:corregimiento|Corregimiento]] de Tamara;False
2748;NGR;JUNGANMA;Jurisdiccion;Marinilla;Marinilla;1790;exact;1808;hgis;;;;;False;;Jur.;Jur.;marinilla_jurisdiccion_ngr;conceptos:jurisdiccion;NGANMAJU;ngr_antioquia_marinilla;NGR;Antioquia;;Jurisdiccion de Marinilla;[[:conceptos:jurisdiccion|Jurisdiccion]] de Marinilla;False
2749;NGR;JUNGANZA;Capitania a guerra;Zaragoza;Zaragoza;1713;not_before;1808;hgis;;;;;False;;CaG;Part.;zaragoza_jurisdiccion_ngr;conceptos:capitania_a_guerra;NGANZAJU;ngr_antioquia_zaragoza;NGR;Antioquia;;Capitania a guerra de Zaragoza;[[:conceptos:capitania_a_guerra|Capitania a guerra]] de Zaragoza;False
2750;NGR;PRNGCH00;Gobernacion;Choco;Choco;1726;exact;1808;hgis;;;;;False;;G;Gob.;choco_provincia_ngr;conceptos:gobernacion;NGCH00PR;ngr_provincia_choco;NGR;Provincia;;Gobernacion de Choco;[[:conceptos:gobernacion|Gobernacion]] de Choco;False
2751;NGR;JUNGCHNO;Jurisdiccion-Tenencia de gobierno;Novita;Novita;1687;exact;1725;exact;;;;;False;PRNGCH00;Prov.;Jur.;novita_jurisdiccion_ngr;conceptos:jurisdiccion;NGCHNOJU;ngr_choco_novita;NGR;Choco;;Tenencia de gobierno de Novita;[[:conceptos:jurisdiccion|Tenencia de gobierno]] de Novita;True
2752;NGR;JMNGCHNO;Corregimiento;Novita;Novita;1709;not_before;1793;not_after;1709;;;;False;;C;C;novita_jurisdiccion_ngr;conceptos:corregimiento;NGCHNOJM;ngr_choco_novita;NGR;Choco;;Corregimiento de Novita;[[:conceptos:corregimiento|Corregimiento]] de Novita;False
2753;NGR;JMNGCHNO;Corregimiento;Novita;Novita y Los Brazos;1794;not_after;1808;hgis;;1794;;;False;;C;C;novita_jurisdiccion_ngr;conceptos:corregimiento;NGCHNOJM;ngr_choco_novita;NGR;Choco;;Corregimiento de Novita;[[:conceptos:corregimiento|Corregimiento]] de Novita;False
2754;NGR;JMNGCHBR;Corregimiento;Los Brazos;Los Brazos;1701;hgis;1793;not_after;;;;;False;;C;C;los brazos_jurisdiccion_ngr;conceptos:corregimiento;NGCHBRJM;ngr_choco_los brazos;NGR;Choco;;Corregimiento de Los Brazos;[[:conceptos:corregimiento|Corregimiento]] de Los Brazos;False
2755;NGR;JUNGCHNO;Provincia;Noanama;Noanama;1111;start;1686;not_before;;;;;False;PRNGCH00;Prov.;Prov.;novita_jurisdiccion_ngr;conceptos:agregado;NGCHNOJU;ngr_choco_novita;NGR;Choco;;Provincia de Noanama;[[:conceptos:agregado|Provincia]] de Noanama;True
2757;NGR;PRNGPA00;Gobernacion-Capitania General;Tierra Firme;Tierra Firme;1539;exact;1716;exact;;;;;False;;G;CG;panama_provincia_ngr;conceptos:gobernacion;NGPA00PR;ngr_provincia_panama;NGR;Provincia;;Gobernacion-Capitania General de Tierra Firme;[[:conceptos:gobernacion|Gobernacion-Capitania General]] de Tierra Firme;False
2762;NGR;JUNGPANA;Alcaldia Mayor;Nata;Nata y Villa de Santos;1701;hgis;1808;hgis;;;;;False;;AM;AM;nata_jurisdiccion_ngr;conceptos:alcaldia_mayor;NGPANAJU;ngr_panama_nata;NGR;Panama;;Alcaldia Mayor de Nata;[[:conceptos:alcaldia_mayor|Alcaldia Mayor]] de Nata;False
2763;NGR;PTNGPANA;Jurisdiccion;Nata;Nata;1701;hgis;1808;hgis;;;;;False;JUNGPANA;Part.;Part.;nata_partido_ngr;conceptos:cabecera;NGPANAPT;ngr_panama_nata;NGR;Panama;;Jurisdiccion cabecera de Nata;[[:conceptos:cabecera|Jurisdiccion cabecera]] de Nata;True
2764;NGR;PTNGPASA;Partido;Santos;Villa de Santos;1701;hgis;1808;hgis;;;;;False;;Part.;Part.;santos_partido_ngr;conceptos:partido;NGPASAPT;ngr_panama_santos;NGR;Panama;;Partido de Santos;[[:conceptos:partido|Partido]] de Santos;False
2765;NGR;JUNGPAPA;Jurisdiccion;Panama;Panama;1701;hgis;1808;hgis;;;;;False;PRNGPA00;Jur.;Jur.;panama_jurisdiccion_ngr;conceptos:cabecera;NGPAPAJU;ngr_panama_panama;NGR;Panama;;Jurisdiccion cabecera de Panama;[[:conceptos:cabecera|Jurisdiccion cabecera]] de Panama;True
2766;NGR;JUNGVEVE;Jurisdiccion;Veragua;Veragua;1701;hgis;1808;hgis;;;;;False;PRNGVE00;Jur.;Jur.;veragua_jurisdiccion_ngr;conceptos:cabecera;NGVEVEJU;ngr_panama_veragua;NGR;Panama;;Jurisdiccion cabecera de Veragua;[[:conceptos:cabecera|Jurisdiccion cabecera]] de Veragua;True
2767;NGR;JUNGCACA;Jurisdiccion;Cartagena;Cartagena de Indias;1533;exact;1808;hgis;;;;;False;PRNGCA00;Jur.;Jur.;cartagena de indias_partido_ngr;conceptos:cabecera;NGCACAJU;ngr_cartagena_cartagena de indias;NGR;Cartagena;;Jurisdiccion cabecera de Cartagena;[[:conceptos:cabecera|Jurisdiccion cabecera]] de Cartagena;True
2769;NGR;PMNGSMZT;Corregimiento;Zambrano y Teton;Zambrano y Teton;1742;ca;1808;hgis;;;;;False;;C;C;zambrano y teton_partido_ngr;conceptos:corregimiento;NGSMZTPM;ngr_santa marta_zambrano y teton;NGR;Santa Marta;;Corregimiento de Zambrano y Teton;[[:conceptos:corregimiento|Corregimiento]] de Zambrano y Teton;False
2771;SDO;PRSDSD00;Gobernacion-Capitania General;Santo Domingo;Santo Domingo;1496;exact;1799;exact;;;;;False;;G;CG;santo domingo_provincia_sdo;conceptos:gobernacion;SDSD00PR;sdo_provincia_santo domingo;SDO;Provincia;;Gobernacion-Capitania General de Santo Domingo;[[:conceptos:gobernacion|Gobernacion-Capitania General]] de Santo Domingo;False
2773;SDO;PRSDPR00;Gobernacion-Capitania General;Puerto Rico;Puerto Rico;1582;exact;1783;hgis;;;;;False;;G;CG;puerto rico_provincia_sdo;conceptos:gobernacion;SDPR00PR;sdo_provincia_puerto rico;SDO;Provincia;;Gobernacion-Capitania General de Puerto Rico;[[:conceptos:gobernacion|Gobernacion-Capitania General]] de Puerto Rico;False
2774;SDO;OBSDCU00;Obispado;Santiago de Cuba;Santiago de Cuba;1523;exact;1802;exact;;;;;False;;Ob.;Ob.;santiago de cuba_obispado_sdo;conceptos:obispado;SDCU00OB;sdo_cuba_santiago de cuba;SDO;Cuba;catholic-hierarchy;Obispado de Santiago de Cuba;[[:conceptos:obispado|Obispado]] de Santiago de Cuba;False
2775;SDO;PRSDLU00;Gobernacion;Luisiana;Luisiana;1766;exact;1768;exact;;;;;False;;G;Gob.;luisiana_provincia_sdo;conceptos:gobernacion;SDLU00PR;sdo_provincia_luisiana;SDO;Provincia;;Gobernacion de Luisiana;[[:conceptos:gobernacion|Gobernacion]] de Luisiana;False
2776;SDO;PRSDCU00;Gobernacion;Santiago de Cuba;Santiago de Cuba;1608;exact;1808;hgis;;;;;False;;G;Gob.;cuba_provincia_sdo;conceptos:gobernacion;SDCU00PR;sdo_provincia_cuba;SDO;Provincia;;Gobernacion de Santiago de Cuba;[[:conceptos:gobernacion|Gobernacion]] de Santiago de Cuba;False
2777;QUI;JUQUPOPZ;Provincia;Paeces;Paeces;1111;start;1668;not_after;;;;;True;JUQUPOCT;Prov.;Prov.;paez_jurisdiccion_qui;conceptos:agregado;QUPOPZJU;qui_popayan_paez;QUI;Popayan;;Provincia de Paeces;[[:conceptos:agregado|Provincia]] de Paeces;False
2779;QUI;PRQUPO00;Gobernacion;Popayan;Popayan;1540;exact;1808;hgis;;;;;False;;G;Gob.;popayan_provincia_qui;conceptos:gobernacion;QUPO00PR;qui_provincia_popayan;QUI;Provincia;;Gobernacion de Popayan;[[:conceptos:gobernacion|Gobernacion]] de Popayan;False
2780;VEN;JUVEMCSF;Jurisdiccion;San Fernando;San Fernando del Apure;1788;exact;1808;hgis;;;;;False;;Jur.;Jur.;san fernando del apure_jurisdiccion_ven;conceptos:jurisdiccion;VEMCSFJU;ven_maracaibo_san fernando del apure;VEN;Maracaibo;;Jurisdiccion de San Fernando;[[:conceptos:jurisdiccion|Jurisdiccion]] de San Fernando;False
2781;VEN;PTVECAAR;Partido;Valles de Aragua;Valles de Aragua;1701;hgis;1808;hgis;;;;;False;;Part.;Part.;valles de aragua_partido_ven;conceptos:partido;VECAARPT;ven_caracas_valles de aragua;VEN;Caracas;;Partido de Valles de Aragua;[[:conceptos:partido|Partido]] de Valles de Aragua;False
2782;VEN;JUVEMCMC;Jurisdiccion;Maracaibo;Maracaibo;1682;exact;1808;hgis;;;;;False;PRVEMC00;Jur.;Jur.;maracaibo_jurisdiccion_ven;conceptos:cabecera;VEMCMCJU;ven_maracaibo_maracaibo;VEN;Maracaibo;;Jurisdiccion cabecera de Maracaibo;[[:conceptos:cabecera|Jurisdiccion cabecera]] de Maracaibo;True
2783;VEN;JUVEMCME;Jurisdiccion;Merida;Merida;1558;exact;1606;exact;;;;;False;;Jur.;Jur.;merida_jurisdiccion_ven;conceptos:jurisdiccion;VEMCMEJU;ven_maracaibo_merida;VEN;Maracaibo;;Jurisdiccion de Merida;[[:conceptos:jurisdiccion|Jurisdiccion]] de Merida;False
2784;VEN;JUVEMCLG;Corregimiento;La Grita;Espiritu Santo de La Grita;1607;exact;1624;exact;;;;;False;;C;C;la grita_jurisdiccion_ven;conceptos:corregimiento;VEMCLGJU;ven_maracaibo_la grita;VEN;Maracaibo;;Jurisdiccion de La Grita;[[:conceptos:corregimiento|Corregimiento]] de La Grita;False
2785;VEN;JUVEMCGI;Jurisdiccion;Gibraltar;Gibraltar;1592;exact;1808;hgis;;;;;False;;Jur.;Jur.;gibraltar_jurisdiccion_ven;conceptos:jurisdiccion;VEMCGIJU;ven_maracaibo_gibraltar;VEN;Maracaibo;;Jurisdiccion de Gibraltar;[[:conceptos:jurisdiccion|Jurisdiccion]] de Gibraltar;False
2786;VEN;JUVEMCBA;Jurisdiccion;Barinas;Barinas;1577;exact;1808;hgis;;;;;False;;Jur.;Jur.;barinas_jurisdiccion_ven;conceptos:jurisdiccion;VEMCBAJU;ven_maracaibo_barinas;VEN;Maracaibo;;Jurisdiccion de Barinas;[[:conceptos:jurisdiccion|Jurisdiccion]] de Barinas;False
2787;VEN;JUVEMCSC;Jurisdiccion;San Cristobal;San Cristobal;1561;exact;1808;hgis;;;;;False;;Jur.;Jur.;san cristobal_jurisdiccion_ven;conceptos:jurisdiccion;VEMCSCJU;ven_maracaibo_san cristobal;VEN;Maracaibo;;Jurisdiccion de San Cristobal;[[:conceptos:jurisdiccion|Jurisdiccion]] de San Cristobal;False
2788;VEN;PRVECA00;Gobernacion-Capitania General;Caracas;Caracas;1577;exact;1739;exact;;;;;False;;G;CG;caracas_provincia_ven;conceptos:gobernacion;VECA00PR;ven_provincia_caracas;VEN;Provincia;;Gobernacion-Capitania General de Caracas;[[:conceptos:gobernacion|Gobernacion-Capitania General]] de Caracas;False
2791;VEN;JUVECURC;Tenencia de gobierno;Rio Caribe;Rio Caribe;1762;exact;1808;hgis;;;;;False;;Ten.;Part.;rio caribe_jurisdiccion_ven;conceptos:partido;VECURCJU;ven_cumana_rio caribe;VEN;Cumana;;Tenencia de gobierno de Rio Caribe;[[:conceptos:partido|Tenencia de gobierno]] de Rio Caribe;False
2792;VEN;JUVECUPA;Tenencia de gobierno;El Pao;El Pao;1744;not_before;1808;hgis;1744;;;;False;;Ten.;Part.;el pao_jurisdiccion_ven;conceptos:partido;VECUPAJU;ven_cumana_el pao;VEN;Cumana;;Tenencia de gobierno de El Pao;[[:conceptos:partido|Tenencia de gobierno]] de El Pao;False
2793;VEN;JUVECUGC;Tenencia de gobierno;Golfo de Cariaco;Golfo de Cariaco;1111;start;1771;arbitrary;;;;;False;;Ten.;Part.;golfo de cariaco_jurisdiccion_ven;conceptos:partido;VECUGCJU;ven_cumana_golfo de cariaco;VEN;Cumana;;Tenencia de gobierno de Golfo de Cariaco;[[:conceptos:partido|Tenencia de gobierno]] de Golfo de Cariaco;False
2794;VEN;JUVECUCP;Tenencia de gobierno;Carupano;Carupano;1742;not_before;1808;hgis;1742;;;;False;;Ten.;Part.;carupano_jurisdiccion_ven;conceptos:partido;VECUCPJU;ven_cumana_carupano;VEN;Cumana;;Tenencia de gobierno de Carupano;[[:conceptos:partido|Tenencia de gobierno]] de Carupano;False
2795;VEN;JUVECUAR;Tenencia de gobierno;Aragua;Aragua;1734;not_before;1795;exact;1734;;;;False;;Ten.;Jur.;aragua_jurisdiccion_ven;conceptos:jurisdiccion;VECUARJU;ven_cumana_aragua;VEN;Cumana;;Tenencia de gobierno de Aragua;[[:conceptos:jurisdiccion|Tenencia de gobierno]] de Aragua;False
2796;VEN;JUVECUAR;Jurisdiccion;Aragua;Aragua;1796;exact;1808;hgis;;;;;False;;Jur.;Jur.;aragua_jurisdiccion_ven;conceptos:jurisdiccion;VECUARJU;ven_cumana_aragua;VEN;Cumana;;Jurisdiccion de Aragua;[[:conceptos:jurisdiccion|Jurisdiccion]] de Aragua;False
2797;GDJ;JUGDDUJU;Tenencia de corregimiento;Julimes;Julimes;1718;not_before;1792;exact;1718;;;;False;;Ten.;Part.;julimes_jurisdiccion_gdj;conceptos:partido;GDDUJUJU;gdj_durango_julimes;GDJ;Durango;div-nueva-vizcaya;Tenencia de corregimiento de Julimes;[[:conceptos:partido|Tenencia de corregimiento]] de Julimes;False
2798;GDJ;JUGDDUBY;Tenencia de corregimiento;Babonoyaba;Babonoyaba;1718;not_before;1792;exact;1718;;;;False;;Ten.;Part.;babonoyaba_jurisdiccion_gdj;conceptos:partido;GDDUBYJU;gdj_durango_babonoyaba;GDJ;Durango;div-nueva-vizcaya;Tenencia de corregimiento de Babonoyaba;[[:conceptos:partido|Tenencia de corregimiento]] de Babonoyaba;False
2799;GDJ;JUGDDUSI;Tenencia de corregimiento;Santa Isabel;Santa Isabel;1718;not_before;1792;exact;1718;;;;False;;Ten.;Part.;santa isabel_jurisdiccion_gdj;conceptos:partido;GDDUSIJU;gdj_durango_santa isabel;GDJ;Durango;div-nueva-vizcaya;Tenencia de corregimiento de Santa Isabel;[[:conceptos:partido|Tenencia de corregimiento]] de Santa Isabel;False
2800;GDJ;JUGDDUSG;Tenencia de corregimiento;San Geronimo;San Geronimo;1718;not_before;1792;exact;1718;;;;False;;Ten.;Part.;san geronimo_jurisdiccion_gdj;conceptos:partido;GDDUSGJU;gdj_durango_san geronimo;GDJ;Durango;div-nueva-vizcaya;Tenencia de corregimiento de San Geronimo;[[:conceptos:partido|Tenencia de corregimiento]] de San Geronimo;False
2801;GDJ;PTGDDURN;Partido;Rio Nazas;Rio Nazas;1111;start;1808;hgis;;;;;False;;Part.;Part.;rio nazas_partido_gdj;conceptos:partido;GDDURNPT;gdj_durango_rio nazas;GDJ;Durango;div-nueva-vizcaya;Partido de Rio Nazas;[[:conceptos:partido|Partido]] de Rio Nazas;False
2802;GDJ;PTGDDUSE;Tenencia de corregimiento;Santa Eulalia;Santa Eulalia;1718;exact;1792;exact;;;;;False;;Ten.;Part.;santa eulalia_partido_gdj;conceptos:partido;GDDUSEPT;gdj_durango_santa eulalia;GDJ;Durango;div-nueva-vizcaya;Tenencia de corregimiento de Santa Eulalia;[[:conceptos:partido|Tenencia de corregimiento]] de Santa Eulalia;False
2803;GDJ;PTGDDUJA;Presidio;Janos;Janos-Casas Grandes;1701;hgis;1808;hgis;;;;;False;;Com.;Com.;janos_partido_gdj;conceptos:jurisdiccion_militar;GDDUJAPT;gdj_durango_janos;GDJ;Durango;div-presidio;Presidio de Janos;[[:conceptos:jurisdiccion_militar|Presidio]] de Janos;False
2804;GDJ;JUGDDUTO;Partido;Topago;Topago;1747;ca;1776;not_after;;;;;False;;Part.;Part.;topago_jurisdiccion_gdj;conceptos:partido;GDDUTOJU;gdj_durango_topago;GDJ;Durango;div-nueva-vizcaya;Partido de Topago;[[:conceptos:partido|Partido]] de Topago;False
2805;GDJ;JUGDDUTO;Partido;Topago;Topago;1788;not_after;1797;not_before;;1788;;;False;;Part.;Part.;topago_jurisdiccion_gdj;conceptos:partido;GDDUTOJU;gdj_durango_topago;GDJ;Durango;div-nueva-vizcaya;Partido de Topago;[[:conceptos:partido|Partido]] de Topago;False
2806;GDJ;JUGDDUTO;Partido;Topago;Topago;1802;not_after;1802;exact;;1802;;;False;;Part.;Part.;topago_jurisdiccion_gdj;conceptos:partido;GDDUTOJU;gdj_durango_topago;GDJ;Durango;div-nueva-vizcaya;Partido de Topago;[[:conceptos:partido|Partido]] de Topago;False
2807;GDJ;JUGDGDJI;Corregimiento;Xilotlan;Xilotlan;1604;ca;1786;not_before;;;;;True;JUGDGDCO;C;Part.;jilotlan_partido_gdj;conceptos:corregimiento;GDGDJIJU;gdj_guadalajara_jilotlan;GDJ;Guadalajara;div-nueva-galicia;Corregimiento agregado de Xilotlan;[[:conceptos:corregimiento|Corregimiento agregado]] de Xilotlan;False
2808;GDJ;JUGDGDJI;Partido;Jilotlan;Jilotlan;1787;not_before;1808;hgis;1787;;;;False;;Part.;Part.;jilotlan_partido_gdj;conceptos:partido;GDGDJIJU;gdj_guadalajara_jilotlan;GDJ;Guadalajara;div-nueva-galicia;Partido de Jilotlan;[[:conceptos:partido|Partido]] de Jilotlan;False
2809;GDJ;PTGDGDTL;Partido;Tlajomulco;Tlajomulco;1111;start;1808;hgis;;;;;False;JUGDGDTL;Jur.;Jur.;tlajomulco_partido_gdj;conceptos:cabecera;GDGDTLPT;gdj_guadalajara_tlajomulco;GDJ;Guadalajara;div-nueva-galicia;Partido cabecera de Tlajomulco;[[:conceptos:cabecera|Partido cabecera]] de Tlajomulco;True
2812;GDJ;PRGDNA00;Fronteras;Gran Nayar;Gran Nayar;1111;start;1720;exact;;;;;False;;Fr.;Fr.;nayarit_provincia_gdj;conceptos:fronteras;GDNA00PR;gdj_reino_nayarit;GDJ;Reino;gerhard-north;Fronteras de Gran Nayar;[[:conceptos:fronteras|Fronteras]] de Gran Nayar;False
2813;GDJ;JUGDNMTA;Partido;Taos;Taos;1780;not_before;1786;not_after;1780;;;;False;;Part.;Part.;taos_jurisdiccion_gdj;conceptos:partido;GDNMTAJU;gdj_nuevo mexico_taos;GDJ;Nuevo Mexico;div-nuevo-mexico;Partido de Taos;[[:conceptos:partido|Partido]] de Taos;False
2814;GDJ;JUGDNMSA;Partido;Alameda;Alameda;1803;not_after;1808;hgis;;1803;;;False;;Part.;Part.;sandia_jurisdiccion_gdj;conceptos:partido;GDNMSAJU;gdj_nuevo mexico_sandia;GDJ;Nuevo Mexico;div-nuevo-mexico;Partido de Alameda;[[:conceptos:partido|Partido]] de Alameda;False
2815;GDJ;JUGDNMSA;Alcaldia Mayor;Sandia;Sandia;1748;not_before;1802;not_after;;1783;;;False;;AM;AM;sandia_jurisdiccion_gdj;conceptos:alcaldia_mayor;GDNMSAJU;gdj_nuevo mexico_sandia;GDJ;Nuevo Mexico;div-nuevo-mexico;Alcaldia Mayor de Sandia;[[:conceptos:alcaldia_mayor|Alcaldia Mayor]] de Sandia;False
2816;GDJ;PTGDNMCA;Partido;Carrizal;Carrizal;1758;exact;1808;hgis;;;;;False;;Part.;Part.;carrizal_partido_gdj;conceptos:partido;GDNMCAPT;gdj_nuevo mexico_carrizal;GDJ;Nuevo Mexico;div-nuevo-mexico;Partido de Carrizal;[[:conceptos:partido|Partido]] de Carrizal;False
2817;GDJ;JUGDNMCO;Partido;Cochiti;Cochiti;1692;not_before;1727;not_after;;;;;False;;Part.;Part.;cochiti_jurisdiccion_gdj;conceptos:partido;GDNMCOJU;gdj_nuevo mexico_cochiti;GDJ;Nuevo Mexico;div-nuevo-mexico;Partido de Cochiti;[[:conceptos:partido|Partido]] de Cochiti;False
2818;GDJ;JUGDNMCO;Partido;Cochiti;Cochiti;1774;not_after;1808;hgis;;1774;;;False;;Part.;Part.;cochiti_jurisdiccion_gdj;conceptos:partido;GDNMCOJU;gdj_nuevo mexico_cochiti;GDJ;Nuevo Mexico;div-nuevo-mexico;Partido de Cochiti;[[:conceptos:partido|Partido]] de Cochiti;False
2819;GDJ;PRGDTX00;Fronteras;Texas;Cibola;1687;ca;1715;ca;;;;;False;;Fr.;Fr.;texas_provincia_gdj;conceptos:fronteras;GDTX00PR;gdj_provincia_texas;GDJ;Provincia;s.d.;Fronteras de Texas;[[:conceptos:fronteras|Fronteras]] de Texas;False
2820;GDJ;JUGDZAJE;Subdelegacion;Jerez;Jerez;1787;exact;1808;hgis;;;;;False;;Sd.;Sd.;jerez_jurisdiccion_gdj;conceptos:subdelegacion;GDZAJEJU;gdj_zacatecas_jerez;GDJ;Zacatecas;div-nueva-galicia;Subdelegacion de Jerez;[[:conceptos:subdelegacion|Subdelegacion]] de Jerez;False
2822;GDJ;JUGDZANI;Tenencia de Alcaldia Mayor;Nieves;Nieves;1599;not_after;1735;not_after;1580;1599;1698;1735;False;;Ten.;Part.;nieves_jurisdiccion_gdj;conceptos:partido;GDZANIJU;gdj_zacatecas_nieves;GDJ;Zacatecas;div-nueva-galicia;Tenencia de Alcaldia Mayor de Nieves;[[:conceptos:partido|Tenencia de Alcaldia Mayor]] de Nieves;False
2823;GDJ;JUGDSSEF;Partido;El Fuerte;El Fuerte;1733;arbitrary;1786;not_before;;;;;False;;Part.;Part.;el fuerte_jurisdiccion_gdj;conceptos:partido;GDSSEFJU;gdj_sonora-sinaloa_el fuerte;GDJ;Sonora-Sinaloa;div-sonora-sinaloa;Partido de El Fuerte;[[:conceptos:partido|Partido]] de El Fuerte;False
2824;GDJ;JUGDSSAL;Partido;Alamos;Alamos;1733;arbitrary;1786;not_before;;;;;False;;Part.;Part.;alamos_jurisdiccion_gdj;conceptos:partido;GDSSALJU;gdj_sonora-sinaloa_alamos;GDJ;Sonora-Sinaloa;div-sonora;Partido de Alamos;[[:conceptos:partido|Partido]] de Alamos;False
2825;NGR;JUNGPAPB;Gobernacion;Portobelo;Portobelo;1701;arbitrary;1808;hgis;;;;;False;;G;Gob.;portobelo_jurisdiccion_ngr;conceptos:gobernacion;NGPAPBJU;ngr_panama_portobelo;NGR;Panama;;Gobernacion de Portobelo;[[:conceptos:gobernacion|Gobernacion]] de Portobelo;False
2826;NGR;JUNGCASI;Capitania a guerra;Simiti;Simiti;1537;exact;1808;hgis;;;;;False;;CaG;Part.;simiti_jurisdiccion_ngr;conceptos:capitania_a_guerra;NGCASIJU;ngr_cartagena_simiti;NGR;Cartagena;;Capitania a guerra de Simiti;[[:conceptos:capitania_a_guerra|Capitania a guerra]] de Simiti;False
2827;NGR;JUNGCAMO;Jurisdiccion;Mompox;Mompox;1537;exact;1775;exact;;;;;False;;Jur.;Jur.;mompox_jurisdiccion_ngr;conceptos:jurisdiccion;NGCAMOJU;ngr_cartagena_mompox;NGR;Cartagena;;Jurisdiccion de Mompox;[[:conceptos:jurisdiccion|Jurisdiccion]] de Mompox;False
2828;NGR;JUNGCAMO;Jurisdiccion;Mompox;Mompox;1778;exact;1793;not_after;;;;;False;;Jur.;Jur.;mompox_jurisdiccion_ngr;conceptos:jurisdiccion;NGCAMOJU;ngr_cartagena_mompox;NGR;Cartagena;;Jurisdiccion de Mompox;[[:conceptos:jurisdiccion|Jurisdiccion]] de Mompox;False
2829;NGR;PTNGCACO;Capitania a Guerra;Corozal;Corozal;1779;exact;1808;hgis;;;;;False;;CaG;Part.;corozal_jurisdiccion_ngr;conceptos:capitania_a_guerra;NGCACOPT;ngr_cartagena_corozal;NGR;Cartagena;;Capitania a Guerra de Corozal;[[:conceptos:capitania_a_guerra|Capitania a Guerra]] de Corozal;False
2830;NGR;PTNGCACO;Partido;La Pileta;La Pileta;1776;exact;1778;exact;;;;;False;PTNGCAST;Part.;Part.;corozal_jurisdiccion_ngr;conceptos:cabecera;NGCACOPT;ngr_cartagena_corozal;NGR;Cartagena;;Partido cabecera de La Pileta;[[:conceptos:cabecera|Partido cabecera]] de La Pileta;True
2831;NGR;PTNGCAST;Partido;Tolu y Sabanas;Tolu y Sabanas;1778;exact;1808;hgis;;;;;False;;Part.;Part.;tolu y sabanas_jurisdiccion_ngr;conceptos:partido;NGCASTPT;ngr_cartagena_tolu y sabanas;NGR;Cartagena;;Partido de Tolu y Sabanas;[[:conceptos:partido|Partido]] de Tolu y Sabanas;False
2832;NGR;PTNGCAST;Corregimiento;La Pileta;La Pileta;1776;exact;1777;exact;;;;;False;;C;C;tolu y sabanas_jurisdiccion_ngr;conceptos:corregimiento;NGCASTPT;ngr_cartagena_tolu y sabanas;NGR;Cartagena;;Corregimiento de La Pileta;[[:conceptos:corregimiento|Corregimiento]] de La Pileta;False
2833;NGR;PTNGCAST;Partido;Tolu y Sabanas;Tolu y Sabanas;1535;not_before;1775;exact;;;;;False;;Part.;Part.;tolu y sabanas_jurisdiccion_ngr;conceptos:partido;NGCASTPT;ngr_cartagena_tolu y sabanas;NGR;Cartagena;;Partido de Tolu y Sabanas;[[:conceptos:partido|Partido]] de Tolu y Sabanas;False
2834;NGR;PMNGCALC;Capitania a Guerra;La Cruz;La Cruz;1634;not_before;1773;exact;;;;;False;;CaG;Part.;la cruz_partido_ngr;conceptos:capitania_a_guerra;NGCALCPM;ngr_cartagena_la cruz;NGR;Cartagena;;Capitania a Guerra de La Cruz;[[:conceptos:capitania_a_guerra|Capitania a Guerra]] de La Cruz;False
2835;QUI;PRQUQJ00;Corregimiento;Quijos;Quijos y Macas;1700;exact;1708;exact;;;;;False;;C;C;quijos_provincia_qui;conceptos:corregimiento;QUQJ00PR;qui_provincia_quijos;QUI;Provincia;;Corregimiento de Quijos;[[:conceptos:corregimiento|Corregimiento]] de Quijos;False
2839;SDO;INSDLU00;Corregimiento-Intendencia;Luisiana;Luisiana;1766;exact;1768;exact;;;;;False;;C;Int.;luisiana_intendencia_sdo;conceptos:intendencia;SDLU00IN;sdo_intendencia_luisiana;SDO;Intendencia;navarro-garcia;Corregimiento-Intendencia de Luisiana;[[:conceptos:intendencia|Corregimiento-Intendencia]] de Luisiana;False
2840;SDO;INSDLU00;Intendencia;Luisiana;Luisiana;1780;exact;1788;exact;;;;;False;;Int.;Int.;luisiana_intendencia_sdo;conceptos:intendencia;SDLU00IN;sdo_intendencia_luisiana;SDO;Intendencia;navarro-garcia;Intendencia de Luisiana;[[:conceptos:intendencia|Intendencia]] de Luisiana;False
2841;SDO;INSDLU00;Intendencia;Luisiana;Luisiana;1793;exact;1803;exact;;;;;False;;Int.;Int.;luisiana_intendencia_sdo;conceptos:intendencia;SDLU00IN;sdo_intendencia_luisiana;SDO;Intendencia;navarro-garcia;Intendencia de Luisiana;[[:conceptos:intendencia|Intendencia]] de Luisiana;False
2844;SDO;JUSDLUNT;Tenencia de gobierno;Natchitoches;Natchitoches;1770;not_after;1803;not_after;;1770;;;False;;Ten.;Part.;natchitoches_jurisdiccion_sdo;conceptos:partido;SDLUNTJU;sdo_luisiana_natchitoches;SDO;Luisiana;;Tenencia de gobierno de Natchitoches;[[:conceptos:partido|Tenencia de gobierno]] de Natchitoches;False
2845;SDO;JUSDLUNZ;Gobernacion;Natchez;Natchez;1787;exact;1797;exact;;;;;False;;G;Gob.;natchez_jurisdiccion_sdo;conceptos:gobernacion;SDLUNZJU;sdo_luisiana_natchez;SDO;Luisiana;;Gobernacion de Natchez;[[:conceptos:gobernacion|Gobernacion]] de Natchez;False
2846;SDO;JUSDLUIL;Tenencia de gobierno;Ilinueses;Ilinueses;1770;not_after;1804;exact;;1770;;;False;;Ten.;Part.;ilinueses_jurisdiccion_sdo;conceptos:partido;SDLUILJU;sdo_luisiana_ilinueses;SDO;Luisiana;;Tenencia de gobierno de Ilinueses;[[:conceptos:partido|Tenencia de gobierno]] de Ilinueses;False
2847;SDO;JUSDLUMO;Gobernacion;Mobila;Mobila;1792;not_after;1800;not_before;;1792;;;False;;G;Gob.;mobila_jurisdiccion_sdo;conceptos:gobernacion;SDLUMOJU;sdo_florida_mobila;SDO;Florida;;Gobernacion de Mobila;[[:conceptos:gobernacion|Gobernacion]] de Mobila;False
2848;SDO;JUSDLUNO;Partido;Baja Luisiana;Baja Luisiana;1770;not_after;1803;exact;;1770;;;False;PRSDLU00;Jur.;Jur.;baja luisiana_jurisdiccion_sdo;conceptos:cabecera;SDLUNOJU;sdo_luisiana_baja luisiana;SDO;Luisiana;;Partido cabecera de Baja Luisiana;[[:conceptos:cabecera|Partido cabecera]] de Baja Luisiana;True
2849;SDO;PRSDFL00;Gobernacion;Las Floridas;Las Floridas;1565;exact;1735;exact;;;;;False;;G;Gob.;florida_provincia_sdo;conceptos:gobernacion;SDFL00PR;sdo_provincia_florida;SDO;Provincia;;Gobernacion de Las Floridas;[[:conceptos:gobernacion|Gobernacion]] de Las Floridas;False
2850;SDO;PRSDFL00;Gobernacion-Capitania General;Las Floridas;Las Floridas;1736;exact;1762;exact;;;;;False;;G;CG;florida_provincia_sdo;conceptos:gobernacion;SDFL00PR;sdo_provincia_florida;SDO;Provincia;;Gobernacion-Capitania General de Las Floridas;[[:conceptos:gobernacion|Gobernacion-Capitania General]] de Las Floridas;False
2851;SDO;PRSDFL00;Gobernacion;Florida oriental;Florida oriental;1783;exact;1803;exact;;;;;False;;G;Gob.;florida_provincia_sdo;conceptos:gobernacion;SDFL00PR;sdo_provincia_florida;SDO;Provincia;;Gobernacion de Florida oriental;[[:conceptos:gobernacion|Gobernacion]] de Florida oriental;False
2852;SDO;PRSDFL00;Gobernacion;Las Floridas;Ambas Floridas y resto de la Luisiana;1804;exact;1808;hgis;;;;;False;;G;Gob.;florida_provincia_sdo;conceptos:gobernacion;SDFL00PR;sdo_provincia_florida;SDO;Provincia;;Gobernacion de Las Floridas;[[:conceptos:gobernacion|Gobernacion]] de Las Floridas;False
2853;SDO;OBSDLH00;Obispado;La Habana;La Habana;1789;exact;1808;hgis;;;;;False;;Ob.;Ob.;la habana_obispado_sdo;conceptos:obispado;SDLH00OB;sdo_la habana_la habana;SDO;La Habana;catholic-hierarchy;Obispado de La Habana;[[:conceptos:obispado|Obispado]] de La Habana;False
2854;SDO;OBSDCU00;Arzobispado;Santiago de Cuba;Santiago de Cuba;1803;exact;1808;hgis;;;;;False;;Ao.;Arzob.;santiago de cuba_obispado_sdo;conceptos:arzobispado;SDCU00OB;sdo_cuba_santiago de cuba;SDO;Cuba;catholic-hierarchy;Arzobispado de Santiago de Cuba;[[:conceptos:arzobispado|Arzobispado]] de Santiago de Cuba;False
2855;SDO;JUSDSDFN;Gobernacion de Armas-Tenencia de gobierno;Frontera del Norte;Frontera del Norte;1765;exact;1794;exact;;;;;False;;Ten.;Ten.;frontera del norte_jurisdiccion_sdo;conceptos:jurisdiccion_militar;SDSDFNJU;sdo_santo domingo_frontera del norte;SDO;Santo Domingo;;Gobernacion de Armas-Tenencia de gobierno de Frontera del Norte;[[:conceptos:jurisdiccion_militar|Gobernacion de Armas-Tenencia de gobierno]] de Frontera del Norte;False
2856;SDO;JUSDSDFS;Gobernacion de Armas-Tenencia de gobierno;Frontera del Sur;Frontera del Sur;1765;exact;1794;exact;;;;;False;;Ten.;Ten.;frontera sur_jurisdiccion_sdo;conceptos:jurisdiccion_militar;SDSDFSJU;sdo_santo domingo_frontera sur;SDO;Santo Domingo;;Gobernacion de Armas-Tenencia de gobierno de Frontera del Sur;[[:conceptos:jurisdiccion_militar|Gobernacion de Armas-Tenencia de gobierno]] de Frontera del Sur;False
2857;SDO;JUSDSDMC;Jurisdiccion;Montecristi;Montecristi;1751;exact;1764;exact;;;;;False;;Jur.;Jur.;montecristi_jurisdiccion_sdo;conceptos:jurisdiccion;SDSDMCJU;sdo_santo domingo_montecristi;SDO;Santo Domingo;;Jurisdiccion de Montecristi;[[:conceptos:jurisdiccion|Jurisdiccion]] de Montecristi;False
2858;SDO;PTSDSDSB;Partido;Sabana de Mar;Sabana de Mar;1760;exact;1794;exact;;;;;False;;Part.;Part.;sabana de mar_partido_sdo;conceptos:partido;SDSDSBPT;sdo_santo domingo_sabana de mar;SDO;Santo Domingo;;Partido de Sabana de Mar;[[:conceptos:partido|Partido]] de Sabana de Mar;False
2859;SDO;JUSDSDSS;Fronteras;Samana;Bucaneros;1111;start;1755;not_before;;;;;False;;Fr.;Fr.;samana y sabana de mar_jurisdiccion_sdo;conceptos:fronteras;SDSDSSJU;sdo_santo domingo_samana y sabana de mar;SDO;Santo Domingo;s.d.;Fronteras de Samana;[[:conceptos:fronteras|Fronteras]] de Samana;False
2860;SDO;JUSDSDSS;Gobernacion de Armas;Samana;Samana;1756;not_before;1759;not_before;1756;;;;False;;GdA;GdA;samana y sabana de mar_jurisdiccion_sdo;conceptos:jurisdiccion_militar;SDSDSSJU;sdo_santo domingo_samana y sabana de mar;SDO;Santo Domingo;;Gobernacion de Armas de Samana;[[:conceptos:jurisdiccion_militar|Gobernacion de Armas]] de Samana;False
2861;SDO;PTSDSDSM;Partido;Samana;Samana;1756;exact;1794;exact;;;;;False;JUSDSDSS;Part.;Part.;samana_partido_sdo;conceptos:cabecera;SDSDSMPT;sdo_santo domingo_samana;SDO;Santo Domingo;;Partido cabecera de Samana;[[:conceptos:cabecera|Partido cabecera]] de Samana;True
2862;SDO;JUSDSDSS;Gobernacion de Armas;Samana;Samana y Sabana de Mar;1760;not_before;1764;exact;1760;;;;False;;GdA;GdA;samana y sabana de mar_jurisdiccion_sdo;conceptos:jurisdiccion_militar;SDSDSSJU;sdo_santo domingo_samana y sabana de mar;SDO;Santo Domingo;;Gobernacion de Armas de Samana;[[:conceptos:jurisdiccion_militar|Gobernacion de Armas]] de Samana;False
2863;SDO;JUSDSDAZ;Jurisdiccion;Azua;Azua;1701;hgis;1799;exact;;;;;False;;Jur.;Jur.;azua_jurisdiccion_sdo;conceptos:jurisdiccion;SDSDAZJU;sdo_santo domingo_azua;SDO;Santo Domingo;;Jurisdiccion de Azua;[[:conceptos:jurisdiccion|Jurisdiccion]] de Azua;False
2864;SDO;JUSDSDNE;Partido;Neiba;Neiba;1735;exact;1759;ca;;;;;False;;Part.;Part.;neiba_jurisdiccion_sdo;conceptos:partido;SDSDNEJU;sdo_santo domingo_neiba;SDO;Santo Domingo;;Partido de Neiba;[[:conceptos:partido|Partido]] de Neiba;False
2865;SDO;JUSDSDLM;Partido;La Maguana;San Juan de la Maguana;1733;exact;1757;not_before;;;;;False;;Part.;Part.;la maguana_jurisdiccion_sdo;conceptos:partido;SDSDLMJU;sdo_santo domingo_la maguana;SDO;Santo Domingo;;Partido de La Maguana;[[:conceptos:partido|Partido]] de La Maguana;False
2866;SDO;JUSDSDLM;Jurisdiccion;La Maguana;San Juan de la Maguana;1758;not_before;1773;exact;1758;;;;False;;Jur.;Jur.;la maguana_jurisdiccion_sdo;conceptos:jurisdiccion;SDSDLMJU;sdo_santo domingo_la maguana;SDO;Santo Domingo;;Jurisdiccion de La Maguana;[[:conceptos:jurisdiccion|Jurisdiccion]] de La Maguana;False
2867;SDO;JUSDSDLM;Tenencia de gobierno;La Maguana;San Juan de la Maguana;1774;exact;1794;exact;;;;;False;;Ten.;Part.;la maguana_jurisdiccion_sdo;conceptos:partido;SDSDLMJU;sdo_santo domingo_la maguana;SDO;Santo Domingo;;Tenencia de gobierno de La Maguana;[[:conceptos:partido|Tenencia de gobierno]] de La Maguana;False
2868;SDO;JUSDSDNE;Jurisdiccion;Neiba;Neiba;1760;ca;1794;exact;;;;;False;;Jur.;Jur.;neiba_jurisdiccion_sdo;conceptos:jurisdiccion;SDSDNEJU;sdo_santo domingo_neiba;SDO;Santo Domingo;;Jurisdiccion de Neiba;[[:conceptos:jurisdiccion|Jurisdiccion]] de Neiba;False
2869;SDO;PTSDSDLC;Partido;Las Cahobas;Las Cahobas;1769;exact;1794;exact;;;;;False;;Part.;Part.;las cahobas_partido_sdo;conceptos:partido;SDSDLCPT;sdo_santo domingo_las cahobas;SDO;Santo Domingo;;Partido de Las Cahobas;[[:conceptos:partido|Partido]] de Las Cahobas;False
2870;SDO;JUSDSDSR;Jurisdiccion;San Rafael;San Rafael;1765;exact;1794;exact;;;;;False;;Jur.;Jur.;san rafael_jurisdiccion_sdo;conceptos:jurisdiccion;SDSDSRJU;sdo_santo domingo_san rafael;SDO;Santo Domingo;;Jurisdiccion de San Rafael;[[:conceptos:jurisdiccion|Jurisdiccion]] de San Rafael;False
2872;SDO;JUSDSDCO;Jurisdiccion;Cotui;Cotui;1701;hgis;1799;exact;;;;;False;;Jur.;Jur.;cotui_jurisdiccion_sdo;conceptos:jurisdiccion;SDSDCOJU;sdo_santo domingo_cotui;SDO;Santo Domingo;;Jurisdiccion de Cotui;[[:conceptos:jurisdiccion|Jurisdiccion]] de Cotui;False
2873;SDO;JUSDSDSA;Alcaldia Mayor;Santiago;Santiago;1701;hgis;1799;exact;;;;;False;;AM;AM;santiago_jurisdiccion_sdo;conceptos:alcaldia_mayor;SDSDSAJU;sdo_santo domingo_santiago;SDO;Santo Domingo;;Alcaldia Mayor de Santiago;[[:conceptos:alcaldia_mayor|Alcaldia Mayor]] de Santiago;False
2874;SDO;PTSDSDSA;Jurisdiccion;Santiago;Santiago;1701;hgis;1704;exact;;;;;False;JUSDSDSA;Jur.;Jur.;santiago_partido_sdo;conceptos:cabecera;SDSDSAPT;sdo_santo domingo_santiago;SDO;Santo Domingo;;Jurisdiccion cabecera de Santiago;[[:conceptos:cabecera|Jurisdiccion cabecera]] de Santiago;True
2875;SDO;JUSDLHFI;Tenencia de gobierno;Filipinas;Filipinas;1774;exact;1808;hgis;;;;;False;;Ten.;Jur.;filipinas_jurisdiccion_sdo;conceptos:jurisdiccion;SDLHFIJU;sdo_filipinas_filipinas;SDO;Filipinas;;Tenencia de gobierno de Filipinas;[[:conceptos:jurisdiccion|Tenencia de gobierno]] de Filipinas;False
2876;SDO;JUSDCUHO;Tenencia de gobierno;Holguin;Holguin;1752;exact;1808;hgis;;;;;False;;Ten.;Jur.;holguin_partido_sdo;conceptos:jurisdiccion;SDCUHOJU;sdo_cuba_holguin;SDO;Cuba;;Tenencia de gobierno de Holguin;[[:conceptos:jurisdiccion|Tenencia de gobierno]] de Holguin;False
2877;SDO;JUSDCUBY;Jurisdiccion;Bayamo;Bayamo;1701;hgis;1750;exact;;;;;False;;Jur.;Jur.;bayamo_jurisdiccion_sdo;conceptos:jurisdiccion;SDCUBYJU;sdo_cuba_bayamo;SDO;Cuba;;Jurisdiccion de Bayamo;[[:conceptos:jurisdiccion|Jurisdiccion]] de Bayamo;False
2878;SDO;JUSDCUBY;Tenencia de gobierno;Bayamo;Bayamo;1751;exact;1808;hgis;;;;;False;;Ten.;Part.;bayamo_jurisdiccion_sdo;conceptos:partido;SDCUBYJU;sdo_cuba_bayamo;SDO;Cuba;;Tenencia de gobierno de Bayamo;[[:conceptos:partido|Tenencia de gobierno]] de Bayamo;False
2879;SDO;JUSDCUBC;Jurisdiccion;Baracoa;Baracoa;1763;exact;1789;not_after;;;;;False;;Jur.;Jur.;baracoa_jurisdiccion_sdo;conceptos:jurisdiccion;SDCUBCJU;sdo_cuba_baracoa;SDO;Cuba;;Jurisdiccion de Baracoa;[[:conceptos:jurisdiccion|Jurisdiccion]] de Baracoa;False
2880;SDO;JUSDCUBC;Tenencia de gobierno;Baracoa;Baracoa;1790;not_after;1808;hgis;;1790;;;False;;Ten.;Part.;baracoa_jurisdiccion_sdo;conceptos:partido;SDCUBCJU;sdo_cuba_baracoa;SDO;Cuba;;Tenencia de gobierno de Baracoa;[[:conceptos:partido|Tenencia de gobierno]] de Baracoa;False
2881;SDO;JUSDCUPP;Jurisdiccion;Puerto Principe;Puerto Principe;1701;hgis;1733;exact;;;;;False;;Jur.;Jur.;puerto principe_jurisdiccion_sdo;conceptos:jurisdiccion;SDCUPPJU;sdo_cuba_puerto principe;SDO;Cuba;;Jurisdiccion de Puerto Principe;[[:conceptos:jurisdiccion|Jurisdiccion]] de Puerto Principe;False
2882;SDO;JUSDCUPP;Tenencia de gobierno;Puerto Principe;Puerto Principe;1734;exact;1808;hgis;;;;;False;;Ten.;Jur.;puerto principe_jurisdiccion_sdo;conceptos:jurisdiccion;SDCUPPJU;sdo_cuba_puerto principe;SDO;Cuba;;Tenencia de gobierno de Puerto Principe;[[:conceptos:jurisdiccion|Tenencia de gobierno]] de Puerto Principe;False
2883;SDO;JUSDCUBC;Tenencia de gobierno;Baracoa;Baracoa;1701;arbitrary;1762;exact;;;;;False;;Ten.;Part.;baracoa_jurisdiccion_sdo;conceptos:partido;SDCUBCJU;sdo_cuba_baracoa;SDO;Cuba;;Tenencia de gobierno de Baracoa;[[:conceptos:partido|Tenencia de gobierno]] de Baracoa;False
2884;SDO;PTSDMAAG;Partido politico;Aguacate;Aguacate;1790;ca;1808;hgis;;;;;False;;Part.;Part.;aguacate_partido_sdo;conceptos:partido;SDMAAGPT;sdo_la habana_aguacate;SDO;La Habana;;Partido politico de Aguacate;[[:conceptos:partido|Partido politico]] de Aguacate;False
2885;SDO;OBSDLU00;Obispado;Luisiana;Luisiana y las dos Floridas;1794;exact;1808;hgis;;;;;False;;Ob.;Ob.;luisiana y las dos floridas_obispado_sdo;conceptos:obispado;SDLU00OB;sdo_obispado_luisiana y las dos floridas;SDO;Obispado;catholic-hierarchy;Obispado de Luisiana;[[:conceptos:obispado|Obispado]] de Luisiana;False
2886;SDO;JUSDLUMO;Partido;Mobila;Mobila;1781;not_after;1791;not_after;;1781;;;False;;Part.;Part.;mobila_jurisdiccion_sdo;conceptos:partido;SDLUMOJU;sdo_florida_mobila;SDO;Florida;;Partido de Mobila;[[:conceptos:partido|Partido]] de Mobila;False
2887;SDO;JUSDLUMO;Partido;Mobila;Mobila;1801;not_before;1808;hgis;1801;;;;False;;Part.;Part.;mobila_jurisdiccion_sdo;conceptos:partido;SDLUMOJU;sdo_florida_mobila;SDO;Florida;;Partido de Mobila;[[:conceptos:partido|Partido]] de Mobila;False
2888;SDO;JUSDLUNO;Provincia;Luisiana;Luisiana;1766;exact;1769;not_after;;;;;False;PRSDLU00;Prov.;Prov.;baja luisiana_jurisdiccion_sdo;conceptos:cabecera;SDLUNOJU;sdo_luisiana_baja luisiana;SDO;Luisiana;;Provincia cabecera de Luisiana;[[:conceptos:cabecera|Provincia cabecera]] de Luisiana;True
2889;SDO;JUSDFLFW;Gobernacion;Pansacola;Santa Maria de Galve;1698;exact;1718;exact;;;;;False;;G;Gob.;florida occidental_jurisdiccion_sdo;conceptos:gobernacion;SDFLFWJU;sdo_florida_florida occidental;SDO;Florida;;Gobernacion de Pansacola;[[:conceptos:gobernacion|Gobernacion]] de Pansacola;False
2890;SDO;JUSDFLFW;Gobernacion;Florida occidental;Florida occidental;1781;exact;1808;hgis;;;;;False;;G;Gob.;florida occidental_jurisdiccion_sdo;conceptos:gobernacion;SDFLFWJU;sdo_florida_florida occidental;SDO;Florida;;Gobernacion de Florida occidental;[[:conceptos:gobernacion|Gobernacion]] de Florida occidental;False
2891;SDO;INSDLU00;Intendencia;Las Floridas;Luisiana y las Floridas;1804;exact;1808;hgis;;;;;False;;Int.;Int.;luisiana_intendencia_sdo;conceptos:intendencia;SDLU00IN;sdo_intendencia_luisiana;SDO;Intendencia;Cuba_480;Intendencia de Las Floridas;[[:conceptos:intendencia|Intendencia]] de Las Floridas;False
2892;SDO;PTSDLHBA;Territorio ocupado;Bahamas;Bahamas;1782;exact;1782;exact;;;;;False;;;;bahamas_partido_sdo;conceptos:entidades_atipicas;SDLHBAPT;sdo_la habana_bahamas;SDO;La Habana;;Territorio ocupado de Bahamas;[[:conceptos:entidades_atipicas|Territorio ocupado]] de Bahamas;False
2893;RPL;PRRPPA00;Republica;Paraguay;Comuneros de Paraguay;1731;exact;1734;exact;;;;;False;;Rep.;Rep.;paraguay_provincia_rpl;conceptos:entidades_atipicas;RPPA00PR;rpl_provincia_paraguay;RPL;Provincia;wikipedia;Republica de Paraguay;[[:conceptos:entidades_atipicas|Republica]] de Paraguay;False
2894;RPL;PRRPPA00;Gobernacion-Capitania General;Paraguay;Paraguay;1735;exact;1783;exact;;;;;False;;G;CG;paraguay_provincia_rpl;conceptos:gobernacion;RPPA00PR;rpl_provincia_paraguay;RPL;Provincia;;Gobernacion-Capitania General de Paraguay;[[:conceptos:gobernacion|Gobernacion-Capitania General]] de Paraguay;False
2895;SDO;PTSDSLMU;Reino indigena;Muskogee;La Florida;1799;exact;1802;exact;;;;;False;;Reino;Reino;muskogee_fronteras_sdo;conceptos:fronteras;SDSLMUPT;sdo_florida_muskogee;SDO;Florida;;Reino indigena de Muskogee;[[:conceptos:fronteras|Reino indigena]] de Muskogee;False
2896;GDJ;PTGDCOMO;Jurisdiccion;Monclova;Monclova;1111;start;1808;hgis;;;;;False;PRGDCO00;Part.;Part.;monclova_partido_gdj;conceptos:cabecera;GDCOMOPT;gdj_coahuila_monclova;GDJ;Coahuila;div-coahuila;Jurisdiccion cabecera de Monclova;[[:conceptos:cabecera|Jurisdiccion cabecera]] de Monclova;True
2897;GDJ;PTGDCORG;Presidio;Riogrande;Riogrande;1703;exact;1808;hgis;;;;;False;;Com.;Com.;riogrande_partido_gdj;conceptos:jurisdiccion_militar;GDCORGPT;gdj_coahuila_riogrande;GDJ;Coahuila;div-presidio;Presidio de Riogrande;[[:conceptos:jurisdiccion_militar|Presidio]] de Riogrande;False
2898;RPL;PTRPBOST;Comandancia;Santa Tecla;Santa Tecla;1774;not_before;1800;exact;1774;;;;False;;Com.;Com.;santa tecla_partido_rpl;conceptos:jurisdiccion_militar;RPBOSTPT;rpl_banda oriental_santa tecla;RPL;Banda Oriental;;Comandancia de Santa Tecla;[[:conceptos:jurisdiccion_militar|Comandancia]] de Santa Tecla;False
2899;NGR;PMNGSMCH;Capitania a Guerra;Chiriguana;Chiriguana;1111;start;9999;end;;;;;False;;CaG;Part.;chiriguana_partido_ngr;conceptos:capitania_a_guerra;NGSMCHPM;ngr_santa marta_chiriguana;NGR;Santa Marta;;Capitania a Guerra de Chiriguana;[[:conceptos:capitania_a_guerra|Capitania a Guerra]] de Chiriguana;False
2900;NGR;JMNGCHBB;Corregimiento;Bebara;Bebara y Bete;1787;not_after;1808;hgis;1754;1787;;;False;;C;C;bebara y bete_jurisdiccion_ngr;conceptos:corregimiento;NGCHBBJM;ngr_choco_bebara y bete;NGR;Choco;;Corregimiento de Bebara;[[:conceptos:corregimiento|Corregimiento]] de Bebara;False
2901;NGR;JMNGCHCH;Corregimiento;Chami;Chami;1774;exact;1808;hgis;;;;;False;;C;C;chami_jurisdiccion_ngr;conceptos:corregimiento;NGCHCHJM;ngr_choco_chami;NGR;Choco;;Corregimiento de Chami;[[:conceptos:corregimiento|Corregimiento]] de Chami;False
2903;NGR;JUNGCHNO;Tenencia de gobierno;Novita;Novita;1726;exact;1808;hgis;;;;;False;;Ten.;Jur.;novita_jurisdiccion_ngr;conceptos:jurisdiccion;NGCHNOJU;ngr_choco_novita;NGR;Choco;;Tenencia de gobierno de Novita;[[:conceptos:jurisdiccion|Tenencia de gobierno]] de Novita;False
2904;NGR;JUNGCHCI;Tenencia de gobierno;Citara;Citara;1687;exact;1808;hgis;;;;;False;;Ten.;Jur.;citara_jurisdiccion_ngr;conceptos:jurisdiccion;NGCHCIJU;ngr_choco_citara;NGR;Choco;;Tenencia de gobierno de Citara;[[:conceptos:jurisdiccion|Tenencia de gobierno]] de Citara;False
2905;NGR;PTNGCHCA;Corregimiento;El Cajon;El Cajon;1793;not_after;1793;not_before;;1793;;;True;JUNGCHNO;C;Part.;el cajon_partido_ngr;conceptos:agregado;NGCHCAPT;ngr_choco_el cajon;NGR;Choco;;Corregimiento agregado de El Cajon;[[:conceptos:agregado|Corregimiento agregado]] de El Cajon;False
2906;NGR;JMNGCHGU;Corregimiento;Pevarando;Pevarando;1776;ca;1805;not_before;;;;;False;;C;C;pabarando_jurisdiccion_ngr;conceptos:corregimiento;NGCHGUJM;ngr_choco_pabarando;NGR;Choco;;Corregimiento de Pevarando;[[:conceptos:corregimiento|Corregimiento]] de Pevarando;False
2907;NGR;JMNGCHLL;Corregimiento;Lloro;Lloro;1111;start;1808;hgis;;;;;False;;C;C;lloro_jurisdiccion_ngr;conceptos:corregimiento;NGCHLLJM;ngr_choco_lloro;NGR;Choco;;Corregimiento de Lloro;[[:conceptos:corregimiento|Corregimiento]] de Lloro;False
2909;NGR;JMNGCHNN;Corregimiento;Noanama;Noanama;1701;hgis;1708;not_before;;;;;True;JUNGCHNO;C;C;noanama_jurisdiccion_ngr;conceptos:cabecera;NGCHNNJM;ngr_choco_noanama;NGR;Choco;;Corregimiento cabecera de Noanama;[[:conceptos:cabecera|Corregimiento cabecera]] de Noanama;False
2911;NGR;JMNGCHNN;Corregimiento;Noanama;Noanama;1709;not_before;1808;hgis;1709;;;;False;;C;C;noanama_jurisdiccion_ngr;conceptos:corregimiento;NGCHNNJM;ngr_choco_noanama;NGR;Choco;;Corregimiento de Noanama;[[:conceptos:corregimiento|Corregimiento]] de Noanama;False
2912;NGR;JMNGCHSO;Corregimiento;San Onofre;San Onofre;1111;start;1808;hgis;;;;;False;;C;C;san onofre_jurisdiccion_ngr;conceptos:corregimiento;NGCHSOJM;ngr_choco_san onofre;NGR;Choco;;Corregimiento de San Onofre;[[:conceptos:corregimiento|Corregimiento]] de San Onofre;False
2913;NGR;JMNGCHSI;Corregimiento;Sipi;Sipi;1111;start;1808;hgis;;;;;False;;C;C;sipi_jurisdiccion_ngr;conceptos:corregimiento;NGCHSIJM;ngr_choco_sipi;NGR;Choco;;Corregimiento de Sipi;[[:conceptos:corregimiento|Corregimiento]] de Sipi;False
2914;NGR;JMNGCHTA;Corregimiento;Tado;Tado;1575;not_before;1808;hgis;1575;1715;;;False;;C;C;tado_jurisdiccion_ngr;conceptos:corregimiento;NGCHTAJM;ngr_choco_tado;NGR;Choco;;Corregimiento de Tado;[[:conceptos:corregimiento|Corregimiento]] de Tado;False
2916;NGR;JUNGCAAY;Jurisdiccion;Ayapel;Ayapel;1701;hgis;1758;not_before;;;;;False;;CaG;Part.;ayapel_jurisdiccion_ngr;conceptos:capitania_a_guerra;NGCAAYJU;ngr_cartagena_ayapel;NGR;Cartagena;;Jurisdiccion de Ayapel;[[:conceptos:capitania_a_guerra|Jurisdiccion]] de Ayapel;False
2918;NGR;PTNGCABR;Capitania a Guerra;Barranca;Barranca;1111;start;1751;not_after;;;;;False;;CaG;Part.;barranca del rey_partido_ngr;conceptos:capitania_a_guerra;NGCABRPT;ngr_cartagena_barranca del rey;NGR;Cartagena;;Capitania a Guerra de Barranca;[[:conceptos:capitania_a_guerra|Capitania a Guerra]] de Barranca;False
2919;NGR;OBNGCA00;Obispado;Cartagena;Cartagena de Indias;1538;exact;1808;hgis;;;;;False;;Ob.;Ob.;cartagena de indias_obispado_ngr;conceptos:obispado;NGCA00OB;ngr_cartagena_cartagena de indias;NGR;Cartagena;catholic-hierarchy;Obispado de Cartagena;[[:conceptos:obispado|Obispado]] de Cartagena;False
2920;NGR;PRNGCA00;Gobernacion-Capitania General;Cartagena;Cartagena de Indias;1533;exact;1739;ca;;;;;False;;G;CG;cartagena de indias_provincia_ngr;conceptos:gobernacion;NGCA00PR;ngr_provincia_cartagena de indias;NGR;Provincia;;Gobernacion-Capitania General de Cartagena;[[:conceptos:gobernacion|Gobernacion-Capitania General]] de Cartagena;False
2921;NGR;PRNGCA00;Gobernacion-Comandancia General;Cartagena;Cartagena de Indias;1740;ca;1808;hgis;;;;;False;;G;Gob.;cartagena de indias_provincia_ngr;conceptos:gobernacion;NGCA00PR;ngr_provincia_cartagena de indias;NGR;Provincia;;Gobernacion-Comandancia General de Cartagena;[[:conceptos:gobernacion|Gobernacion-Comandancia General]] de Cartagena;False
2924;NGR;PTNGCALO;Corregimiento;Rio Sinu;Rio Sinu;1701;hgis;1788;not_after;1740;;;;False;;C;C;lorica_partido_ngr;conceptos:corregimiento;NGCALOPT;ngr_cartagena_lorica;NGR;Cartagena;;Corregimiento de Rio Sinu;[[:conceptos:corregimiento|Corregimiento]] de Rio Sinu;False
2925;NGR;PTNGCALO;Capitania a Guerra (JM);Rio Sinu;Rio Sinu;1789;not_after;1808;hgis;;1789;;;False;;CaG;Part.;lorica_partido_ngr;conceptos:capitania_a_guerra;NGCALOPT;ngr_cartagena_lorica;NGR;Cartagena;;Capitania a Guerra (JM) de Rio Sinu;[[:conceptos:capitania_a_guerra|Capitania a Guerra (JM)]] de Rio Sinu;False
2926;NGR;FRNGCUXX;Fronteras;Darienes;Darienes;1111;start;1808;hgis;;;;;False;;Fr.;Fr.;cunas_fronteras_ngr;conceptos:fronteras;NGCUXXFR;ngr_fronteras_cunas;NGR;Fronteras;s.d.;Fronteras de Darienes;[[:conceptos:fronteras|Fronteras]] de Darienes;False
2927;NGR;PTNGCAMG;Capitania a Guerra;Magangue;Magangue;1789;not_after;1793;not_after;;1789;;;False;;CaG;Part.;magangue_partido_ngr;conceptos:capitania_a_guerra;NGCAMGPT;ngr_cartagena_magangue;NGR;Cartagena;;Capitania a Guerra de Magangue;[[:conceptos:capitania_a_guerra|Capitania a Guerra]] de Magangue;False
2928;NGR;PTNGCAMH;Corregimiento;Mahates;Mahates;1111;start;1741;ca;;;;;False;;C;C;mahates_partido_ngr;conceptos:corregimiento;NGCAMHPT;ngr_cartagena_mahates;NGR;Cartagena;;Corregimiento de Mahates;[[:conceptos:corregimiento|Corregimiento]] de Mahates;False
2929;NGR;PTNGCAMH;Capitania a Guerra (JM);Mahates;Mahates;1742;ca;1808;hgis;;;;;False;;CaG;Part.;mahates_partido_ngr;conceptos:capitania_a_guerra;NGCAMHPT;ngr_cartagena_mahates;NGR;Cartagena;;Capitania a Guerra (JM) de Mahates;[[:conceptos:capitania_a_guerra|Capitania a Guerra (JM)]] de Mahates;False
2930;NGR;PTNGCAMJ;Capitania a Guerra (JM);Majagual;Majagual;1789;not_after;1808;hgis;;1789;;;False;;CaG;Part.;majagual_partido_ngr;conceptos:capitania_a_guerra;NGCAMJPT;ngr_cartagena_majagual;NGR;Cartagena;;Capitania a Guerra (JM) de Majagual;[[:conceptos:capitania_a_guerra|Capitania a Guerra (JM)]] de Majagual;False
2931;NGR;JUNGCAMO;Tenencia de gobierno;Mompox;Mompox;1794;not_after;1808;hgis;;1794;;;False;;Ten.;Jur.;mompox_jurisdiccion_ngr;conceptos:jurisdiccion;NGCAMOJU;ngr_cartagena_mompox;NGR;Cartagena;;Tenencia de gobierno de Mompox;[[:conceptos:jurisdiccion|Tenencia de gobierno]] de Mompox;False
2932;NGR;PTNGCAMG;Capitania a Guerra (JM);Magangue;Magangue;1794;not_after;1808;hgis;;1794;;;False;;CaG;Part.;magangue_partido_ngr;conceptos:capitania_a_guerra;NGCAMGPT;ngr_cartagena_magangue;NGR;Cartagena;;Capitania a Guerra (JM) de Magangue;[[:conceptos:capitania_a_guerra|Capitania a Guerra (JM)]] de Magangue;False
2933;NGR;PTNGCALB;Capitania a Guerra (JM);Loba;Loba;1789;not_after;1808;hgis;;1789;;;False;;CaG;Part.;loba_partido_ngr;conceptos:capitania_a_guerra;NGCALBPT;ngr_cartagena_loba;NGR;Cartagena;;Capitania a Guerra (JM) de Loba;[[:conceptos:capitania_a_guerra|Capitania a Guerra (JM)]] de Loba;False
2934;NGR;PTNGCAMA;Partido;Montes de Maria;Montañas de Maria;1111;start;1793;not_after;;;;;False;;Part.;Part.;montañas altas_partido_ngr;conceptos:partido;NGCAMAPT;ngr_cartagena_montañas altas;NGR;Cartagena;;Partido de Montes de Maria;[[:conceptos:partido|Partido]] de Montes de Maria;False
2935;NGR;PTNGCAMA;Capitania a Guerra;Montañas Altas;Montañas Altas;1794;not_after;1808;hgis;;1794;;;False;;CaG;Part.;montañas altas_partido_ngr;conceptos:capitania_a_guerra;NGCAMAPT;ngr_cartagena_montañas altas;NGR;Cartagena;;Capitania a Guerra de Montañas Altas;[[:conceptos:capitania_a_guerra|Capitania a Guerra]] de Montañas Altas;False
2936;NGR;PTNGCAMB;Capitania a Guerra;Montañas Bajas;Montañas Bajas;1794;not_after;1808;hgis;;1794;;;False;;CaG;Part.;montañas bajas_partido_ngr;conceptos:capitania_a_guerra;NGCAMBPT;ngr_cartagena_montañas bajas;NGR;Cartagena;;Capitania a Guerra de Montañas Bajas;[[:conceptos:capitania_a_guerra|Capitania a Guerra]] de Montañas Bajas;False
2937;NGR;PMNGCAST;Capitania a Guerra;Santo Tomas;Santo Tomas;1772;not_after;1775;arbitrary;;1772;;;False;;CaG;Part.;santo tomas_partido_ngr;conceptos:capitania_a_guerra;NGCASTPM;ngr_cartagena_santo tomas;NGR;Cartagena;;Capitania a Guerra de Santo Tomas;[[:conceptos:capitania_a_guerra|Capitania a Guerra]] de Santo Tomas;False
2938;NGR;PMNGCAST;Capitania a Guerra;Santo Tomas;Santo Tomas;1794;not_after;1808;hgis;;1794;;;False;;CaG;Part.;santo tomas_partido_ngr;conceptos:capitania_a_guerra;NGCASTPM;ngr_cartagena_santo tomas;NGR;Cartagena;;Capitania a Guerra de Santo Tomas;[[:conceptos:capitania_a_guerra|Capitania a Guerra]] de Santo Tomas;False
2940;NGR;PMNGCABQ;Partido;Barranquilla;Barranquilla;1681;not_before;1808;hgis;;;;;False;PTNGCATA;Part.;Part.;barranquilla_jurisdiccion_ngr;conceptos:cabecera;NGCABQPM;ngr_cartagena_barranquilla;NGR;Cartagena;;Partido cabecera de Barranquilla;[[:conceptos:cabecera|Partido cabecera]] de Barranquilla;True
2942;NGR;PTNGSMPN;Partido;Valencia;Valencia;1590;exact;1808;hgis;;;;;False;;Part.;Part.;valencia de jesus_jurisdiccion_ngr;conceptos:partido;NGSMPNPT;ngr_santa marta_valencia de jesus;NGR;Santa Marta;;Partido de Valencia;[[:conceptos:partido|Partido]] de Valencia;False
2943;NGR;PTNGSMSN;Partido;Sitio Nuevo;Sitio Nuevo;1777;not_after;1808;hgis;;1777;;;False;;Part.;Part.;sitio nuevo_partido_ngr;conceptos:partido;NGSMSNPT;ngr_santa marta_sitio nuevo;NGR;Santa Marta;;Partido de Sitio Nuevo;[[:conceptos:partido|Partido]] de Sitio Nuevo;False
2944;NGR;PTNGCASB;Jurisdiccion;San Benito;San Benito;1677;exact;1808;hgis;;;;;False;;Jur.;Jur.;san benito abad_partido_ngr;conceptos:jurisdiccion;NGCASBPT;ngr_cartagena_san benito abad;NGR;Cartagena;;Jurisdiccion de San Benito;[[:conceptos:jurisdiccion|Jurisdiccion]] de San Benito;False
2945;NGR;PMNGSMRE;Capitania a Guerra (JM);Remolino;Remolino;1111;start;1808;hgis;;;;;False;;CaG;Part.;remolino_partido_ngr;conceptos:capitania_a_guerra;NGSMREPM;ngr_santa marta_remolino;NGR;Santa Marta;;Capitania a Guerra (JM) de Remolino;[[:conceptos:capitania_a_guerra|Capitania a Guerra (JM)]] de Remolino;False
2946;NGR;PMNGSMGU;Capitania a Guerra (JM);Guaimaro;Guaimaro;1111;start;1808;hgis;;;;;False;;CaG;Part.;guaimaro_partido_ngr;conceptos:capitania_a_guerra;NGSMGUPM;ngr_santa marta_guaimaro;NGR;Santa Marta;;Capitania a Guerra (JM) de Guaimaro;[[:conceptos:capitania_a_guerra|Capitania a Guerra (JM)]] de Guaimaro;False
2947;NGR;PMNGSMCI;Capitania a Guerra (JM);Cienaga;Cienaga;1111;start;1808;hgis;;;;;False;;CaG;Part.;cienaga_partido_ngr;conceptos:capitania_a_guerra;NGSMCIPM;ngr_santa marta_cienaga;NGR;Santa Marta;;Capitania a Guerra (JM) de Cienaga;[[:conceptos:capitania_a_guerra|Capitania a Guerra (JM)]] de Cienaga;False
2948;NGR;PMNGSMPI;Partido;Piñon;Piñon;1770;not_before;1808;hgis;1770;;;;False;;Part.;Part.;piñon_partido_ngr;conceptos:partido;NGSMPIPM;ngr_cartagena_piñon;NGR;Cartagena;;Partido de Piñon;[[:conceptos:partido|Partido]] de Piñon;False
2949;NGR;FRNGMOXX;Fronteras;Motilones;Indios bravos;1111;start;1808;hgis;;;;;False;;Fr.;Fr.;motilones_fronteras_ngr;conceptos:fronteras;NGMOXXFR;ngr_fronteras_motilones;NGR;Fronteras;s.d.;Fronteras de Motilones;[[:conceptos:fronteras|Fronteras]] de Motilones;False
2950;SDO;PTSDLHMO;Partido politico;Jesus del Monte;Jesus del Monte;1765;exact;1808;hgis;;;;;False;;Part.;Part.;jesus del monte_partido_sdo;conceptos:partido;SDLHMOPT;sdo_la habana_jesus del monte;SDO;La Habana;;Partido politico de Jesus del Monte;[[:conceptos:partido|Partido politico]] de Jesus del Monte;False
2951;NGR;PRNGAN00;Gobernacion;Antioquia;Antioquia;1569;exact;1808;hgis;;;;;False;;G;Gob.;antioquia_provincia_ngr;conceptos:gobernacion;NGAN00PR;ngr_provincia_antioquia;NGR;Provincia;;Gobernacion de Antioquia;[[:conceptos:gobernacion|Gobernacion]] de Antioquia;False
2953;NGR;PRNGVE00;Gobernacion-Capitania General;Veragua;Veragua;1560;exact;1715;not_before;;;;;False;;G;CG;veragua_provincia_ngr;conceptos:gobernacion;NGVE00PR;ngr_provincia_veragua;NGR;Provincia;;Gobernacion-Capitania General de Veragua;[[:conceptos:gobernacion|Gobernacion-Capitania General]] de Veragua;False
2954;GUA;FRMOTAXX;Fronteras;Talamanca;Golfo;1111;start;9999;end;;;;;False;;Fr.;Fr.;talamanca_fronteras_gua;conceptos:fronteras;MOTAXXFR;gua_fronteras_talamanca;GUA;Fronteras;s.d.;Fronteras de Talamanca;[[:conceptos:fronteras|Fronteras]] de Talamanca;False
2955;GUA;FRMOXXXX;Fronteras;Golfo;Golfo;1111;start;9999;end;;;;;False;;Fr.;Fr.;golfo de honduras_fronteras_gua;conceptos:fronteras;MOXXXXFR;gua_fronteras_golfo de honduras;GUA;Fronteras;s.d.;Fronteras de Golfo;[[:conceptos:fronteras|Fronteras]] de Golfo;False
2957;VEN;PTVECALG;Partido;La Guaira;La Guaira;1111;start;9999;end;;;;;False;;Part.;Part.;la guaira_partido_ven;conceptos:partido;VECALGPT;ven_caracas_la guaira;VEN;Caracas;;Partido de La Guaira;[[:conceptos:partido|Partido]] de La Guaira;False
2958;VEN;PTVECAGU;Partido;Valles de Caucagua;Valles de Caucagua;1111;start;9999;end;;;;;False;;Part.;Part.;valles de caucagua_partido_ven;conceptos:partido;VECAGUPT;ven_caracas_valles de caucagua;VEN;Caracas;;Partido de Valles de Caucagua;[[:conceptos:partido|Partido]] de Valles de Caucagua;False
2959;VEN;PTVECATU;Partido;Valles de Tuy;Valles de Tuy;1111;start;9999;end;;;;;False;;Part.;Part.;valles de tuy_partido_ven;conceptos:partido;VECATUPT;ven_caracas_valles de tuy;VEN;Caracas;;Partido de Valles de Tuy;[[:conceptos:partido|Partido]] de Valles de Tuy;False
2960;SDO;INSDLH00;Intendencia;La Habana;La Habana;1765;exact;1808;hgis;;;;;False;;Int.;Int.;la habana_intendencia_sdo;conceptos:intendencia;SDLH00IN;sdo_intendencia_la habana;SDO;Intendencia;wikipedia;Intendencia de La Habana;[[:conceptos:intendencia|Intendencia]] de La Habana;False
2961;SDO;JUSDLHLH;Jurisdiccion;La Habana;La Habana;1701;hgis;1808;hgis;;;;;False;PRSDLH00;Jur.;Jur.;la habana_jurisdiccion_sdo;conceptos:cabecera;SDLHLHJU;sdo_la habana_la habana;SDO;La Habana;;Jurisdiccion cabecera de La Habana;[[:conceptos:cabecera|Jurisdiccion cabecera]] de La Habana;True
2962;NGR;JUNGLLCH;Jurisdiccion;Chire;Chire;1672;exact;1808;hgis;;;;;False;;Jur.;Jur.;chire_jurisdiccion_ngr;conceptos:jurisdiccion;NGLLCHJU;ngr_llanos_chire;NGR;Llanos;;Jurisdiccion de Chire;[[:conceptos:jurisdiccion|Jurisdiccion]] de Chire;False
2963;NGR;JUNGLLSA;Jurisdiccion;Santiago de las Atalayas;Santiago de las Atalayas;1588;exact;1796;not_after;;;;;False;;Jur.;Jur.;santiago de las atalayas_jurisdiccion_ngr;conceptos:jurisdiccion;NGLLSAJU;ngr_llanos_santiago de las atalayas;NGR;Llanos;;Jurisdiccion de Santiago de las Atalayas;[[:conceptos:jurisdiccion|Jurisdiccion]] de Santiago de las Atalayas;False
2964;NGR;JUNGLLLL;Corregimiento;Los Llanos;San Juan de los Llanos;1633;ca;1788;not_after;;;;;False;;C;C;los llanos_jurisdiccion_ngr;conceptos:corregimiento;NGLLLLJU;ngr_llanos_los llanos;NGR;Llanos;;Corregimiento de Los Llanos;[[:conceptos:corregimiento|Corregimiento]] de Los Llanos;False
2965;SDO;FRQVLLXX;Fronteras;Comancheria;Quivira;1111;start;9999;end;;;;;False;;Fr.;Fr.;comancheria_fronteras_sdo;conceptos:fronteras;QVLLXXFR;sdo_fronteras_comancheria;SDO;Fronteras;mapa-lafora;Fronteras de Comancheria;[[:conceptos:fronteras|Fronteras]] de Comancheria;False
2966;NGR;PTNGLLAR;Misiones;Cuiloto;Cuiloto;1780;not_before;1793;not_after;1780;;;;False;;Mis.;Mis.;arauca_misiones_ngr;conceptos:misiones;NGLLARPT;ngr_llanos_arauca;NGR;Llanos;;Misiones de Cuiloto;[[:conceptos:misiones|Misiones]] de Cuiloto;False
2967;NGR;PTNGLLCA;Misiones;Casanare;Casanare;1701;hgis;1768;not_after;;;;;False;;Mis.;Mis.;casanare_misiones_ngr;conceptos:misiones;NGLLCAPT;ngr_llanos_casanare;NGR;Llanos;;Misiones de Casanare;[[:conceptos:misiones|Misiones]] de Casanare;False
2968;NGR;PTNGLLCA;Corregimiento;Casanare;Casanare;1769;not_after;1808;hgis;;1769;;;False;;C;C;casanare_misiones_ngr;conceptos:corregimiento;NGLLCAPT;ngr_llanos_casanare;NGR;Llanos;;Corregimiento de Casanare;[[:conceptos:corregimiento|Corregimiento]] de Casanare;False
2969;NGR;PTNGLLME;Misiones;Meta;Meta;1111;start;1776;not_after;;;;;False;;Mis.;Mis.;meta_misiones_ngr;conceptos:misiones;NGLLMEPT;ngr_llanos_meta;NGR;Llanos;;Misiones de Meta;[[:conceptos:misiones|Misiones]] de Meta;False
2970;NGR;PTNGLLME;Corregimiento;Meta;Meta;1777;not_after;1808;hgis;;1777;;;False;;C;C;meta_misiones_ngr;conceptos:corregimiento;NGLLMEPT;ngr_llanos_meta;NGR;Llanos;;Corregimiento de Meta;[[:conceptos:corregimiento|Corregimiento]] de Meta;False
2972;NGR;PTNGLLAR;Corregimiento;Cuiloto;Cuiloto;1794;not_after;1808;hgis;;1794;;;False;;C;C;arauca_misiones_ngr;conceptos:corregimiento;NGLLARPT;ngr_llanos_arauca;NGR;Llanos;;Corregimiento de Cuiloto;[[:conceptos:corregimiento|Corregimiento]] de Cuiloto;False
2973;NGR;JUNGLLME;Corregimiento;Medina;Medina;1775;exact;1808;hgis;;;;;False;;C;C;medina_jurisdiccion_ngr;conceptos:corregimiento;NGLLMEJU;ngr_llanos_medina;NGR;Llanos;;Corregimiento de Medina;[[:conceptos:corregimiento|Corregimiento]] de Medina;False
2974;NGR;JUNGLLSM;Jurisdiccion;Llanos de San Martin;Llanos de San Martin;1641;exact;1808;hgis;;;;;False;;Jur.;Jur.;san martin_jurisdiccion_ngr;conceptos:jurisdiccion;NGLLSMJU;ngr_llanos_san martin;NGR;Llanos;;Jurisdiccion de Llanos de San Martin;[[:conceptos:jurisdiccion|Jurisdiccion]] de Llanos de San Martin;False
2975;NGR;JUNGLLSJ;Jurisdiccion;Llanos de San Juan;Llanos de San Juan;1555;exact;1764;ca;;;;;False;;Jur.;Jur.;san juan_jurisdiccion_ngr;conceptos:jurisdiccion;NGLLSJJU;ngr_llanos_san juan;NGR;Llanos;;Jurisdiccion de Llanos de San Juan;[[:conceptos:jurisdiccion|Jurisdiccion]] de Llanos de San Juan;False
2976;NGR;OBNGPA00;Obispado;Darien;Darien;1513;exact;1519;exact;;;;;False;;Ob.;Ob.;panama_obispado_ngr;conceptos:obispado;NGPA00OB;ngr_obispado_panama;NGR;Obispado;catholic-hierarchy;Obispado de Darien;[[:conceptos:obispado|Obispado]] de Darien;False
2977;NGR;OBNGSM00;Obispado;Santa Marta;Santa Marta;1534;exact;1808;hgis;;;;;False;;Ob.;Ob.;santa marta_obispado_ngr;conceptos:obispado;NGSM00OB;ngr_obispado_santa marta;NGR;Obispado;catholic-hierarchy;Obispado de Santa Marta;[[:conceptos:obispado|Obispado]] de Santa Marta;False
2978;NGR;PMNGSMBA;Capitania a Guerra;El Banco;El Banco;1111;start;9999;end;;;;;False;;CaG;Part.;banco_partido_ngr;conceptos:capitania_a_guerra;NGSMBAPM;ngr_santa marta_banco;NGR;Santa Marta;;Capitania a Guerra de El Banco;[[:conceptos:capitania_a_guerra|Capitania a Guerra]] de El Banco;False
2979;GDJ;PMGDCOCC;Partido;Cuatro Cienegas;Cuatro Cienegas;1800;ca;1808;hgis;;;;;False;;Part.;Part.;cuatro cienegas_partido_gdj;conceptos:partido;GDCOCCPM;gdj_coahuila_cuatro cienegas;GDJ;Coahuila;div-coahuila;Partido de Cuatro Cienegas;[[:conceptos:partido|Partido]] de Cuatro Cienegas;False
2980;GDJ;PMGDCONA;Tenencia de gobierno;Nava;Nava;1800;ca;1808;hgis;;;;;False;;Ten.;Part.;nava_partido_gdj;conceptos:partido;GDCONAPM;gdj_coahuila_nava;GDJ;Coahuila;div-coahuila;Tenencia de gobierno de Nava;[[:conceptos:partido|Tenencia de gobierno]] de Nava;False
2981;GDJ;PMGDCOSV;Partido;San Vicente;San Vicente;1800;ca;1808;hgis;;;;;False;;Part.;Part.;san vicente_partido_gdj;conceptos:partido;GDCOSVPM;gdj_coahuila_san vicente;GDJ;Coahuila;div-coahuila;Partido de San Vicente;[[:conceptos:partido|Partido]] de San Vicente;False
2984;GDJ;PMGDCOSP;Partido;Gigedo;San Pedro de Gigedo;1749;not_before;1808;hgis;1749;;;;False;;Part.;Part.;san pedro de gigedo_partido_gdj;conceptos:partido;GDCOSPPM;gdj_coahuila_san pedro de gigedo;GDJ;Coahuila;div-coahuila;Partido de Gigedo;[[:conceptos:partido|Partido]] de Gigedo;False
2987;GDJ;PMGDCOSR;Partido;Santa Rosa;Santa Rosa;1739;not_before;1808;hgis;1739;;;;False;;Part.;Part.;santa rosa_partido_gdj;conceptos:partido;GDCOSRPM;gdj_coahuila_santa rosa;GDJ;Coahuila;div-coahuila;Partido de Santa Rosa;[[:conceptos:partido|Partido]] de Santa Rosa;False
2989;GDJ;PMGDSSAL;Comandancia;Altar;Altar;1775;not_before;1808;hgis;1775;;;;False;;Com.;Com.;altar_presidio_gdj;conceptos:jurisdiccion_militar;GDSSALPM;gdj_sonora-sinaloa_altar;GDJ;Sonora-Sinaloa;div-sonora-sinaloa;Comandancia de Altar;[[:conceptos:jurisdiccion_militar|Comandancia]] de Altar;False
2990;GDJ;PMGDSSBA;Comandancia;Bacoachi;Bacoachi;1784;not_before;1808;hgis;1784;;;;False;;Com.;Com.;bacoachi_presidio_gdj;conceptos:jurisdiccion_militar;GDSSBAPM;gdj_sonora-sinaloa_bacoachi;GDJ;Sonora-Sinaloa;div-sonora-sinaloa;Comandancia de Bacoachi;[[:conceptos:jurisdiccion_militar|Comandancia]] de Bacoachi;False
2991;GDJ;PMGDSSBP;Comandancia;Bavispe;Bavispe;1779;not_before;1808;hgis;1779;;;;False;;Com.;Com.;bavispe_presidio_gdj;conceptos:jurisdiccion_militar;GDSSBPPM;gdj_sonora-sinaloa_bavispe;GDJ;Sonora-Sinaloa;div-sonora-sinaloa;Comandancia de Bavispe;[[:conceptos:jurisdiccion_militar|Comandancia]] de Bavispe;False
2992;GDJ;PMGDSSBV;Comandancia;Buena Vista;Buena Vista;1770;not_before;1808;hgis;1770;;;;False;;Com.;Com.;buena vista_presidio_gdj;conceptos:jurisdiccion_militar;GDSSBVPM;gdj_sonora-sinaloa_buena vista;GDJ;Sonora-Sinaloa;div-sonora-sinaloa;Comandancia de Buena Vista;[[:conceptos:jurisdiccion_militar|Comandancia]] de Buena Vista;False
2993;GDJ;PMGDSSFR;Comandancia;Fronteras;Fronteras;1770;not_before;1808;hgis;1770;;;;False;;Com.;Com.;fronteras_presidio_gdj;conceptos:jurisdiccion_militar;GDSSFRPM;gdj_sonora-sinaloa_fronteras;GDJ;Sonora-Sinaloa;div-sonora-sinaloa;Comandancia de Fronteras;[[:conceptos:jurisdiccion_militar|Comandancia]] de Fronteras;False
2994;GDJ;PMGDSSTB;Comandancia;Tubac;Tubac;1787;not_before;1808;hgis;1787;;;;False;;Com.;Com.;tubac_presidio_gdj;conceptos:jurisdiccion_militar;GDSSTBPM;gdj_sonora-sinaloa_tubac;GDJ;Sonora-Sinaloa;div-sonora-sinaloa;Comandancia de Tubac;[[:conceptos:jurisdiccion_militar|Comandancia]] de Tubac;False
2995;GDJ;PMGDSSTC;Comandancia;Tucson;Tucson;1770;not_before;1808;hgis;1770;;;;False;;Com.;Com.;tucson_presidio_gdj;conceptos:jurisdiccion_militar;GDSSTCPM;gdj_sonora-sinaloa_tucson;GDJ;Sonora-Sinaloa;div-sonora-sinaloa;Comandancia de Tucson;[[:conceptos:jurisdiccion_militar|Comandancia]] de Tucson;False
2997;GDJ;PMGDTXLB;Presidio;La Bahia;La Bahia;1722;exact;1808;hgis;;;;;False;;Com.;Com.;la bahia_presidio_gdj;conceptos:jurisdiccion_militar;GDTXLBPM;gdj_texas_la bahia;GDJ;Texas;div-texas;Presidio de La Bahia;[[:conceptos:jurisdiccion_militar|Presidio]] de La Bahia;False
2999;GDJ;PMGDTXNA;Tenencia de gobierno-Presidio;Nacogdoches;Nacogdoches;1779;ca;1808;hgis;;;;;False;;Com.;Com.;nacogdoches_presidio_gdj;conceptos:jurisdiccion_militar;GDTXNAPM;gdj_texas_nacogdoches;GDJ;Texas;div-texas;Tenencia de gobierno-Presidio de Nacogdoches;[[:conceptos:jurisdiccion_militar|Tenencia de gobierno-Presidio]] de Nacogdoches;False
3000;GDJ;PMGDTXSA;Partido;San Antonio;San Antonio;1722;exact;1808;hgis;;;;;False;PRGDTX00;Jur.;Jur.;bexar_presidio_gdj;conceptos:cabecera;GDTXSAPM;gdj_texas_bexar;GDJ;Texas;div-texas;Partido cabecera de San Antonio;[[:conceptos:cabecera|Partido cabecera]] de San Antonio;True
3001;GDJ;PMGDCOEN;Partido;Encinas;Encinas;1804;not_after;1808;hgis;;1804;;;False;;Part.;Part.;encinas_partido_gdj;conceptos:partido;GDCOENPM;gdj_coahuila_encinas;GDJ;Coahuila;div-coahuila;Partido de Encinas;[[:conceptos:partido|Partido]] de Encinas;False
3002;NGR;JUNGPPZA;Alcaldia Mayor;Salazar;Salazar de las Palmas;1583;not_before;1755;ca;;;;;False;;AM;AM;salazar_jurisdiccion_ngr;conceptos:alcaldia_mayor;NGPPZAJU;ngr_pamplona_salazar;NGR;Pamplona;;Alcaldia Mayor de Salazar;[[:conceptos:alcaldia_mayor|Alcaldia Mayor]] de Salazar;False
3003;NGR;JUNGPPZA;Jurisdiccion-Alcaldia Mayor;Salazar;Salazar de las Palmas;1756;ca;1794;ca;;;;;False;;Jur.;Jur.;salazar_jurisdiccion_ngr;conceptos:alcaldia_mayor;NGPPZAJU;ngr_pamplona_salazar;NGR;Pamplona;;Jurisdiccion-Alcaldia Mayor de Salazar;[[:conceptos:jurisdiccion|Jurisdiccion-Alcaldia Mayor]] de Salazar;False
3004;NGR;JUNGPPZA;Alcaldia Mayor;Salazar;Salazar de las Palmass;1795;ca;1808;hgis;;;;;False;;AM;AM;salazar_jurisdiccion_ngr;conceptos:alcaldia_mayor;NGPPZAJU;ngr_pamplona_salazar;NGR;Pamplona;;Alcaldia Mayor de Salazar;[[:conceptos:alcaldia_mayor|Alcaldia Mayor]] de Salazar;False
3006;GDJ;PTGDSSCA;Partido;Piaxtla;Piaxtla;1666;not_after;9999;end;;;;;False;;Part.;Part.;cabazan, piastla y guadalupe_partido_gdj;conceptos:partido;GDSSCAPT;gdj_sonora-sinaloa_cabazan, piastla y guadalupe;GDJ;Sonora-Sinaloa;div-sonora-sinaloa;Partido de Piaxtla;[[:conceptos:partido|Partido]] de Piaxtla;False
3007;SDO;JUSDSDBA;Jurisdiccion;Banica;Banica;1701;hgis;1799;exact;;;;;False;;Jur.;Jur.;banica_jurisdiccion_sdo;conceptos:jurisdiccion;SDSDBAJU;sdo_santo domingo_banica;SDO;Santo Domingo;;Jurisdiccion de Banica;[[:conceptos:jurisdiccion|Jurisdiccion]] de Banica;False
3009;SDO;JUSDSDBY;Jurisdiccion;Bayaguana;Bayaguana;1701;hgis;1799;exact;;;;;False;;Jur.;Jur.;bayaguana_jurisdiccion_sdo;conceptos:jurisdiccion;SDSDBYJU;sdo_santo domingo_bayaguana;SDO;Santo Domingo;;Jurisdiccion de Bayaguana;[[:conceptos:jurisdiccion|Jurisdiccion]] de Bayaguana;False
3010;SDO;JUSDSDHG;Jurisdiccion;Higuey;Higuey;1701;hgis;1794;exact;;;;;False;;Jur.;Jur.;higuey_jurisdiccion_sdo;conceptos:jurisdiccion;SDSDHGJU;sdo_santo domingo_higuey;SDO;Santo Domingo;;Jurisdiccion de Higuey;[[:conceptos:jurisdiccion|Jurisdiccion]] de Higuey;False
3011;SDO;JUSDSDHI;Jurisdiccion;Hincha;Hincha;1704;exact;1794;exact;;;;;False;;Jur.;Jur.;hincha_jurisdiccion_sdo;conceptos:jurisdiccion;SDSDHIJU;sdo_santo domingo_hincha;SDO;Santo Domingo;;Jurisdiccion de Hincha;[[:conceptos:jurisdiccion|Jurisdiccion]] de Hincha;False
3012;SDO;JUSDSDLV;Jurisdiccion;La Vega;La Vega;1701;hgis;1794;exact;;;;;False;;Jur.;Jur.;la vega_jurisdiccion_sdo;conceptos:jurisdiccion;SDSDLVJU;sdo_santo domingo_la vega;SDO;Santo Domingo;;Jurisdiccion de La Vega;[[:conceptos:jurisdiccion|Jurisdiccion]] de La Vega;False
3013;SDO;JUSDSDMP;Jurisdiccion;Monte Plata;Monte Plata;1701;hgis;1794;exact;;;;;False;;Jur.;Jur.;monte plata_jurisdiccion_sdo;conceptos:jurisdiccion;SDSDMPJU;sdo_santo domingo_monte plata;SDO;Santo Domingo;;Jurisdiccion de Monte Plata;[[:conceptos:jurisdiccion|Jurisdiccion]] de Monte Plata;False
3014;SDO;JUSDSDSD;Jurisdiccion;Santo Domingo;Santo Domingo;1701;hgis;1794;exact;;;;;False;PRSDSD00;Jur.;Jur.;santo domingo_jurisdiccion_sdo;conceptos:cabecera;SDSDSDJU;sdo_santo domingo_santo domingo;SDO;Santo Domingo;;Jurisdiccion cabecera de Santo Domingo;[[:conceptos:cabecera|Jurisdiccion cabecera]] de Santo Domingo;True
3015;SDO;JUSDSDSE;Jurisdiccion;Seibo;Seibo;1701;hgis;1794;exact;;;;;False;;Jur.;Jur.;seibo_jurisdiccion_sdo;conceptos:jurisdiccion;SDSDSEJU;sdo_santo domingo_seibo;SDO;Santo Domingo;;Jurisdiccion de Seibo;[[:conceptos:jurisdiccion|Jurisdiccion]] de Seibo;False
3016;SDO;JUSDFLFE;Partido;San Agustin;San Agustin;1701;hgis;1762;exact;;;;;False;PRSDFL00;Jur.;Jur.;florida oriental_jurisdiccion_sdo;conceptos:cabecera;SDFLFEJU;sdo_florida_florida oriental;SDO;Florida;;Partido cabecera de San Agustin;[[:conceptos:cabecera|Partido cabecera]] de San Agustin;True
3017;SDO;JUSDFLFE;Provincia;Florida oriental;Florida oriental;1783;exact;1808;hgis;;;;;False;PRSDFL00;Jur.;Jur.;florida oriental_jurisdiccion_sdo;conceptos:cabecera;SDFLFEJU;sdo_florida_florida oriental;SDO;Florida;;Provincia cabecera de Florida oriental;[[:conceptos:cabecera|Provincia cabecera]] de Florida oriental;True
3019;SDO;JUSDLHCV;Tenencia de gobierno;Cuatro Villas;Cuatro Villas;1111;start;1785;exact;;;;;False;;Ten.;Jur.;cuatro villas_jurisdiccion_sdo;conceptos:jurisdiccion;SDLHCVJU;sdo_la habana_cuatro villas;SDO;La Habana;;Tenencia de gobierno de Cuatro Villas;[[:conceptos:jurisdiccion|Tenencia de gobierno]] de Cuatro Villas;False
3020;SDO;JUSDLHGU;Jurisdiccion;Guanabacoa;Guanabacoa;1743;exact;1808;hgis;;;;;False;;Jur.;Jur.;guanabacoa_jurisdiccion_sdo;conceptos:jurisdiccion;SDLHGUJU;sdo_la habana_guanabacoa;SDO;La Habana;;Jurisdiccion de Guanabacoa;[[:conceptos:jurisdiccion|Jurisdiccion]] de Guanabacoa;False
3021;SDO;JUSDLHJA;Jurisdiccion;Jaruco;Jaruco;1770;not_before;1808;hgis;1770;;;;False;;Jur.;Jur.;jaruco_jurisdiccion_sdo;conceptos:jurisdiccion;SDLHJAJU;sdo_la habana_jaruco;SDO;La Habana;;Jurisdiccion de Jaruco;[[:conceptos:jurisdiccion|Jurisdiccion]] de Jaruco;False
3022;SDO;JUSDLHMA;Jurisdiccion;Matanzas;Matanzas;1701;hgis;1808;hgis;;;;;False;;Jur.;Jur.;matanzas_jurisdiccion_sdo;conceptos:jurisdiccion;SDLHMAJU;sdo_la habana_matanzas;SDO;La Habana;;Jurisdiccion de Matanzas;[[:conceptos:jurisdiccion|Jurisdiccion]] de Matanzas;False
3023;SDO;JUSDLHRO;Jurisdiccion;Rosario;Rosario;1732;not_before;1808;hgis;1732;;;;False;;Jur.;Jur.;rosario_jurisdiccion_sdo;conceptos:jurisdiccion;SDLHROJU;sdo_la habana_rosario;SDO;La Habana;;Jurisdiccion de Rosario;[[:conceptos:jurisdiccion|Jurisdiccion]] de Rosario;False
3024;SDO;JUSDLHSA;Jurisdiccion;San Antonio;San Antonio;1794;exact;1808;hgis;;;;;False;;Jur.;Jur.;san antonio_jurisdiccion_sdo;conceptos:jurisdiccion;SDLHSAJU;sdo_la habana_san antonio;SDO;La Habana;;Jurisdiccion de San Antonio;[[:conceptos:jurisdiccion|Jurisdiccion]] de San Antonio;False
3025;SDO;JUSDLHFS;Jurisdiccion;Bejucal;San Felipe y Santiago;1713;exact;1808;hgis;;;;;False;;Jur.;Jur.;san felipe y santiago_jurisdiccion_sdo;conceptos:jurisdiccion;SDLHFSJU;sdo_la habana_san felipe y santiago;SDO;La Habana;;Jurisdiccion de Bejucal;[[:conceptos:jurisdiccion|Jurisdiccion]] de Bejucal;False
3026;SDO;JUSDLHSV;Jurisdiccion;Santiago de las Vegas;Santiago de las Vegas;1725;exact;1808;hgis;;;;;False;;Jur.;Jur.;santiago de las vegas_jurisdiccion_sdo;conceptos:jurisdiccion;SDLHSVJU;sdo_la habana_santiago de las vegas;SDO;La Habana;;Jurisdiccion de Santiago de las Vegas;[[:conceptos:jurisdiccion|Jurisdiccion]] de Santiago de las Vegas;False
3027;SDO;JUSDCUCU;Jurisdiccion;Santiago de Cuba;Santiago de Cuba;1701;hgis;1808;hgis;;;;;False;PRSDCU00;Jur.;Jur.;cuba_jurisdiccion_sdo;conceptos:cabecera;SDCUCUJU;sdo_cuba_cuba;SDO;Cuba;;Jurisdiccion cabecera de Santiago de Cuba;[[:conceptos:cabecera|Jurisdiccion cabecera]] de Santiago de Cuba;True
3028;NGR;JUNGANCA;Jurisdiccion;Caceres;Caceres;1576;exact;1808;hgis;;;;;False;;Jur.;Jur.;caceres_jurisdiccion_ngr;conceptos:jurisdiccion;NGANCAJU;ngr_antioquia_caceres;NGR;Antioquia;;Jurisdiccion de Caceres;[[:conceptos:jurisdiccion|Jurisdiccion]] de Caceres;False
3031;NGR;JUNGLLPO;Jurisdiccion;Pore;Pore;1644;exact;1808;hgis;;;;;False;;Jur.;Jur.;pore_jurisdiccion_ngr;conceptos:jurisdiccion;NGLLPOJU;ngr_llanos_pore;NGR;Llanos;;Jurisdiccion de Pore;[[:conceptos:jurisdiccion|Jurisdiccion]] de Pore;False
3033;NGR;PRNGLL00;Gobernacion;Los Llanos;Llanos del Casanare;1765;ca;1796;exact;;1787;;;False;;G;Gob.;los llanos_provincia_ngr;conceptos:gobernacion;NGLL00PR;ngr_provincia_los llanos;NGR;Provincia;;Gobernacion de Los Llanos;[[:conceptos:gobernacion|Gobernacion]] de Los Llanos;False
3034;RPL;PTRPBOCL;Partido;Cerro Largo;Cerro Largo;1795;ca;1808;hgis;;;;;False;;Part.;Part.;cerro largo_partido_rpl;conceptos:partido;RPBOCLPT;rpl_banda oriental_cerro largo;RPL;Banda Oriental;;Partido de Cerro Largo;[[:conceptos:partido|Partido]] de Cerro Largo;False
3035;RPL;PTRPBOSO;Partido;Soriano;Soriano;1701;hgis;1808;hgis;;;;;False;;Part.;Part.;soriano_jurisdiccion_rpl;conceptos:partido;RPBOSOPT;rpl_banda oriental_soriano;RPL;Banda Oriental;;Partido de Soriano;[[:conceptos:partido|Partido]] de Soriano;False
3036;RPL;PTRPBOMA;Jurisdiccion;Maldonado;Maldonado;1786;exact;1808;hgis;;;;;False;;Jur.;Jur.;maldonado_jurisdiccion_rpl;conceptos:jurisdiccion;RPBOMAPT;rpl_banda oriental_maldonado;RPL;Banda Oriental;;Jurisdiccion de Maldonado;[[:conceptos:jurisdiccion|Jurisdiccion]] de Maldonado;False
3037;RPL;PTRPBOMA;Partido;Maldonado;Maldonado;1784;exact;1785;exact;;;;;False;;Part.;Part.;maldonado_jurisdiccion_rpl;conceptos:partido;RPBOMAPT;rpl_banda oriental_maldonado;RPL;Banda Oriental;;Partido de Maldonado;[[:conceptos:partido|Partido]] de Maldonado;False
3038;RPL;PTRPBALU;Jurisdiccion;Lujan;Lujan;1756;exact;1808;hgis;;;;;False;;Jur.;Jur.;lujan_jurisdiccion_rpl;conceptos:jurisdiccion;RPBALUPT;rpl_buenos aires_lujan;RPL;Buenos Aires;;Jurisdiccion de Lujan;[[:conceptos:jurisdiccion|Jurisdiccion]] de Lujan;False
3039;RPL;PTRPBOCO;Comandancia;Colonia;Colonia;1777;not_before;1808;hgis;1777;;;;False;;Com.;Com.;colonia_jurisdiccion_rpl;conceptos:jurisdiccion_militar;RPBOCOPT;rpl_banda oriental_colonia;RPL;Banda Oriental;;Comandancia de Colonia;[[:conceptos:jurisdiccion_militar|Comandancia]] de Colonia;False
3041;GDJ;JUNECLDN;Partido;El Norte;El Norte;1768;exact;1776;exact;;;;;False;PRNECL00;Dept.;Dept.;departamento del norte_jurisdiccion_gdj;conceptos:cabecera;NECLDNJU;gdj_california_departamento del norte;GDJ;California;div-california;Partido cabecera de El Norte;[[:conceptos:cabecera|Partido cabecera]] de El Norte;True
3042;GDJ;JUNECLDN;Departamento;El Norte;El Norte;1777;exact;1803;exact;;;;;False;;Dept.;Dept.;departamento del norte_jurisdiccion_gdj;conceptos:partido;NECLDNJU;gdj_california_departamento del norte;GDJ;California;div-california;Departamento de El Norte;[[:conceptos:partido|Departamento]] de El Norte;False
3043;GDJ;JUNECLDN;Partido;El Norte;El Norte;1804;exact;1808;hgis;;;;;False;PRNECL00;Dept.;Dept.;departamento del norte_jurisdiccion_gdj;conceptos:cabecera;NECLDNJU;gdj_california_departamento del norte;GDJ;California;div-california;Partido cabecera de El Norte;[[:conceptos:cabecera|Partido cabecera]] de El Norte;True
3044;GDJ;PTGDSSPB;Misiones;Pimeria Baja;Pimeria Baja;1701;hgis;1808;hgis;;;;;False;;Mis.;Mis.;pimeria baja_partido_gdj;conceptos:misiones;GDSSPBPT;gdj_sonora-sinaloa_pimeria baja;GDJ;Sonora-Sinaloa;div-sonora-sinaloa;Misiones de Pimeria Baja;[[:conceptos:misiones|Misiones]] de Pimeria Baja;False
3045;NGR;PTNGPACH;Comandancia;Chagres;Chagres;1701;hgis;1808;hgis;;;;;False;;Com.;Com.;chagres_partido_ngr;conceptos:jurisdiccion_militar;NGPACHPT;ngr_panama_chagres;NGR;Panama;;Comandancia de Chagres;[[:conceptos:jurisdiccion_militar|Comandancia]] de Chagres;False
3047;GUA;PTGUTGSA;Partido;San Antonio;San Antonio;1789;arbitrary;1808;hgis;;;;;False;;Part.;Part.;san antonio_partido_gua;conceptos:partido;GUTGSAPT;gua_tegucigalpa_san antonio;GUA;Tegucigalpa;;Partido de San Antonio;[[:conceptos:partido|Partido]] de San Antonio;False
3048;RPL;PTRPMIER;Fronteras;Estancias;Estancias y fronteras realengas en Misiones;1111;start;1808;hgis;;;;;False;;Fr.;Fr.;estancias realengas en misiones_partido_rpl;conceptos:fronteras;RPMIERPT;rpl_misiones_estancias realengas en misiones;RPL;Misiones;s.d.;Fronteras de Estancias;[[:conceptos:fronteras|Fronteras]] de Estancias;False
3049;SDO;PTSDLHAL;Partido politico;Alvarez;Alvarez;1765;exact;1808;hgis;;;;;False;;Part.;Part.;alvarez_partido_sdo;conceptos:partido;SDLHALPT;sdo_la habana_alvarez;SDO;La Habana;;Partido politico de Alvarez;[[:conceptos:partido|Partido politico]] de Alvarez;False
3050;SDO;PTSDLHAA;Partido politico;Arroyo Arenas;Arroyo Arenas;1765;exact;1808;hgis;;;;;False;;Part.;Part.;arroyo arenas_partido_sdo;conceptos:partido;SDLHAAPT;sdo_la habana_arroyo arenas;SDO;La Habana;;Partido politico de Arroyo Arenas;[[:conceptos:partido|Partido politico]] de Arroyo Arenas;False
3051;SDO;PTSDLHBH;Partido politico;Bahia Honda;Bahia Honda;1765;exact;1808;hgis;;;;;False;;Part.;Part.;bahia honda_partido_sdo;conceptos:partido;SDLHBHPT;sdo_la habana_bahia honda;SDO;La Habana;;Partido politico de Bahia Honda;[[:conceptos:partido|Partido politico]] de Bahia Honda;False
3052;SDO;PTSDLHBJ;Partido politico;Bajurayabo;Bajurayabo;1765;exact;1808;hgis;;;;;False;;Part.;Part.;bajurayabo_partido_sdo;conceptos:partido;SDLHBJPT;sdo_la habana_bajurayabo;SDO;La Habana;;Partido politico de Bajurayabo;[[:conceptos:partido|Partido politico]] de Bajurayabo;False
3053;SDO;PTSDLHBB;Partido politico;Batabano;Batabano;1765;exact;1808;hgis;;;;;False;;Part.;Part.;batabano_partido_sdo;conceptos:partido;SDLHBBPT;sdo_la habana_batabano;SDO;La Habana;;Partido politico de Batabano;[[:conceptos:partido|Partido politico]] de Batabano;False
3054;SDO;PTSDLHBT;Partido politico;Bauta;Bauta;1765;exact;1808;hgis;;;;;False;;Part.;Part.;bauta_partido_sdo;conceptos:partido;SDLHBTPT;sdo_la habana_bauta;SDO;La Habana;;Partido politico de Bauta;[[:conceptos:partido|Partido politico]] de Bauta;False
3055;SDO;PTSDLHBV;Partido politico;Buenaventura;Buenaventura;1786;exact;1808;hgis;;;;;False;;Part.;Part.;buenaventura_partido_sdo;conceptos:partido;SDLHBVPT;sdo_la habana_buenaventura;SDO;La Habana;;Partido politico de Buenaventura;[[:conceptos:partido|Partido politico]] de Buenaventura;False
3056;SDO;PTSDLHCV;Partido politico;Calvario;Calvario;1765;exact;1808;hgis;;;;;False;;Part.;Part.;calvario_partido_sdo;conceptos:partido;SDLHCVPT;sdo_la habana_calvario;SDO;La Habana;;Partido politico de Calvario;[[:conceptos:partido|Partido politico]] de Calvario;False
3057;SDO;PTSDLHCO;Partido politico;Cano;Cano;1765;exact;1808;hgis;;;;;False;;Part.;Part.;cano_partido_sdo;conceptos:partido;SDLHCOPT;sdo_la habana_cano;SDO;La Habana;;Partido politico de Cano;[[:conceptos:partido|Partido politico]] de Cano;False
3058;SDO;PTSDLHCA;Partido politico;Canoa;Canoa;1792;ca;1808;hgis;;;;;False;;Part.;Part.;canoa_partido_sdo;conceptos:partido;SDLHCAPT;sdo_la habana_canoa;SDO;La Habana;;Partido politico de Canoa;[[:conceptos:partido|Partido politico]] de Canoa;False
3059;SDO;PTSDLHCY;Partido politico;Cayajabos;Cayajabos;1807;not_after;1808;hgis;;1807;;;False;;Part.;Part.;cayajabos_partido_sdo;conceptos:partido;SDLHCYPT;sdo_la habana_cayajabos;SDO;La Habana;;Partido politico de Cayajabos;[[:conceptos:partido|Partido politico]] de Cayajabos;False
3060;SDO;PTSDMACM;Partido politico;Cuabal de Madruga;Cuabal de Madruga;1790;not_before;1808;hgis;1790;;;;False;;Part.;Part.;cuabal de madruga_partido_sdo;conceptos:partido;SDMACMPT;sdo_la habana_cuabal de madruga;SDO;La Habana;;Partido politico de Cuabal de Madruga;[[:conceptos:partido|Partido politico]] de Cuabal de Madruga;False
3061;SDO;PTSDLHGA;Partido politico;Gabriel;Gabriel;1786;exact;1808;hgis;;;;;False;;Part.;Part.;gabriel_partido_sdo;conceptos:partido;SDLHGAPT;sdo_la habana_gabriel;SDO;La Habana;;Partido politico de Gabriel;[[:conceptos:partido|Partido politico]] de Gabriel;False
3062;SDO;PTSDLHGI;Partido politico;Gibacoa;Gibacoa;1765;exact;1808;hgis;;;;;False;;Part.;Part.;gibacoa_partido_sdo;conceptos:partido;SDLHGIPT;sdo_la habana_gibacoa;SDO;La Habana;;Partido politico de Gibacoa;[[:conceptos:partido|Partido politico]] de Gibacoa;False
3063;SDO;PTSDLHGO;Partido politico;Gobea;Gobea;1765;exact;1808;hgis;;;;;False;;Part.;Part.;gobea_partido_sdo;conceptos:partido;SDLHGOPT;sdo_la habana_gobea;SDO;La Habana;;Partido politico de Gobea;[[:conceptos:partido|Partido politico]] de Gobea;False
3064;SDO;PTSDLHGD;Partido politico;Guadalupe;Guadalupe;1765;exact;1808;hgis;;;;;False;;Part.;Part.;guadalupe_partido_sdo;conceptos:partido;SDLHGDPT;sdo_la habana_guadalupe;SDO;La Habana;;Partido politico de Guadalupe;[[:conceptos:partido|Partido politico]] de Guadalupe;False
3065;SDO;PTSDLHGY;Partido politico;Guajaybon;Guajaybon;1765;exact;1808;hgis;;;;;False;;Part.;Part.;guajaybon_partido_sdo;conceptos:partido;SDLHGYPT;sdo_la habana_guajaybon;SDO;La Habana;;Partido politico de Guajaybon;[[:conceptos:partido|Partido politico]] de Guajaybon;False
3066;SDO;PTSDMAGC;Partido politico;Guamacaro;Guamacaro;1765;exact;1808;hgis;;;;;False;;Part.;Part.;guamacaro_partido_sdo;conceptos:partido;SDMAGCPT;sdo_la habana_guamacaro;SDO;La Habana;;Partido politico de Guamacaro;[[:conceptos:partido|Partido politico]] de Guamacaro;False
3067;SDO;PTSDMAGM;Partido politico;Guamutas;Guamutas;1765;exact;1808;hgis;;;;;False;;Part.;Part.;guamutas_partido_sdo;conceptos:partido;SDMAGMPT;sdo_la habana_guamutas;SDO;La Habana;;Partido politico de Guamutas;[[:conceptos:partido|Partido politico]] de Guamutas;False
3069;SDO;PTSDLHGJ;Partido politico;Guanajay;Guanajay;1765;exact;1808;hgis;;;;;False;;Part.;Part.;guanajay_partido_sdo;conceptos:partido;SDLHGJPT;sdo_la habana_guanajay;SDO;La Habana;;Partido politico de Guanajay;[[:conceptos:partido|Partido politico]] de Guanajay;False
3070;SDO;PTSDLHGR;Partido politico;Guara;Guara;1765;exact;1808;hgis;;;;;False;;Part.;Part.;guara_partido_sdo;conceptos:partido;SDLHGRPT;sdo_la habana_guara;SDO;La Habana;;Partido politico de Guara;[[:conceptos:partido|Partido politico]] de Guara;False
3071;SDO;PTSDLHGS;Partido politico;Guasabacoa;Guasabacoa;1765;exact;1808;hgis;;;;;False;;Part.;Part.;guasabacoa_partido_sdo;conceptos:partido;SDLHGSPT;sdo_la habana_guasabacoa;SDO;La Habana;;Partido politico de Guasabacoa;[[:conceptos:partido|Partido politico]] de Guasabacoa;False
3072;SDO;PTSDLHGT;Partido politico;Guatao;Guatao;1765;exact;1808;hgis;;;;;False;;Part.;Part.;guatao_partido_sdo;conceptos:partido;SDLHGTPT;sdo_la habana_guatao;SDO;La Habana;;Partido politico de Guatao;[[:conceptos:partido|Partido politico]] de Guatao;False
3073;SDO;PTSDLHGN;Partido politico;Guines;Guines;1765;exact;1808;hgis;;;;;False;;Part.;Part.;guines_partido_sdo;conceptos:partido;SDLHGNPT;sdo_la habana_guines;SDO;La Habana;;Partido politico de Guines;[[:conceptos:partido|Partido politico]] de Guines;False
3074;SDO;PTSDLHHA;Partido politico;Hanabana;Hanabana;1765;exact;1808;hgis;;;;;False;;Part.;Part.;hanabana_partido_sdo;conceptos:partido;SDLHHAPT;sdo_la habana_hanabana;SDO;La Habana;;Partido politico de Hanabana;[[:conceptos:partido|Partido politico]] de Hanabana;False
3075;SDO;PTSDLHHO;Partido politico;Horcon;Horcon;1765;exact;1808;hgis;;;;;False;;Part.;Part.;horcon_partido_sdo;conceptos:partido;SDLHHOPT;sdo_la habana_horcon;SDO;La Habana;;Partido politico de Horcon;[[:conceptos:partido|Partido politico]] de Horcon;False
3076;SDO;PTSDLHPI;Tenencia a Guerra;Isla de Pinos;Isla de Pinos;1778;exact;1808;hgis;;;;;False;;Ten.;Part.;isla de pinos_partido_sdo;conceptos:partido;SDLHPIPT;sdo_la habana_isla de pinos;SDO;La Habana;;Tenencia a Guerra de Isla de Pinos;[[:conceptos:partido|Tenencia a Guerra]] de Isla de Pinos;False
3077;SDO;PTSDLHJM;Partido politico;Jesus Maria;Jesus Maria;1765;exact;1808;hgis;;;;;False;;Part.;Part.;jesus maria_partido_sdo;conceptos:partido;SDLHJMPT;sdo_la habana_jesus maria;SDO;La Habana;;Partido politico de Jesus Maria;[[:conceptos:partido|Partido politico]] de Jesus Maria;False
3078;SDO;PTSDMALP;Partido politico;Los Palos;Los Palos;1808;not_after;1808;hgis;;1808;;;False;;Part.;Part.;los palos_partido_sdo;conceptos:partido;SDMALPPT;sdo_la habana_los palos;SDO;La Habana;;Partido politico de Los Palos;[[:conceptos:partido|Partido politico]] de Los Palos;False
3079;SDO;PTSDLHLU;Partido politico;Luyano;Luyano;1765;exact;1808;hgis;;;;;False;;Part.;Part.;luyano_partido_sdo;conceptos:partido;SDLHLUPT;sdo_la habana_luyano;SDO;La Habana;;Partido politico de Luyano;[[:conceptos:partido|Partido politico]] de Luyano;False
3080;SDO;PTSDLHMC;Partido politico;Macuriges;Macuriges;1765;exact;1808;hgis;;;;;False;;Part.;Part.;macuriges_partido_sdo;conceptos:partido;SDLHMCPT;sdo_la habana_macuriges;SDO;La Habana;;Partido politico de Macuriges;[[:conceptos:partido|Partido politico]] de Macuriges;False
3081;SDO;PTSDLHMN;Partido politico;Managua;Managua;1765;exact;1808;hgis;;;;;False;;Part.;Part.;managua_partido_sdo;conceptos:partido;SDLHMNPT;sdo_la habana_managua;SDO;La Habana;;Partido politico de Managua;[[:conceptos:partido|Partido politico]] de Managua;False
3082;SDO;PTSDLHMR;Partido politico;Marianao;Marianao;1765;exact;1808;hgis;;;;;False;;Part.;Part.;marianao_partido_sdo;conceptos:partido;SDLHMRPT;sdo_la habana_marianao;SDO;La Habana;;Partido politico de Marianao;[[:conceptos:partido|Partido politico]] de Marianao;False
3083;SDO;PTSDLHMA;Partido politico;Mariel;Mariel;1801;not_before;1808;hgis;1801;;;;False;;Part.;Part.;mariel_partido_sdo;conceptos:partido;SDLHMAPT;sdo_la habana_mariel;SDO;La Habana;;Partido politico de Mariel;[[:conceptos:partido|Partido politico]] de Mariel;False
3084;SDO;PTSDLHME;Partido politico;Melena del Sur;Melena del Sur;1765;exact;1808;hgis;;;;;False;;Part.;Part.;melena del sur_partido_sdo;conceptos:partido;SDLHMEPT;sdo_la habana_melena del sur;SDO;La Habana;;Partido politico de Melena del Sur;[[:conceptos:partido|Partido politico]] de Melena del Sur;False
3085;SDO;PTSDMANA;Partido politico;Naranjal;Naranjal;1765;exact;1808;hgis;;;;;False;;Part.;Part.;naranjal_partido_sdo;conceptos:partido;SDMANAPT;sdo_la habana_naranjal;SDO;La Habana;;Partido politico de Naranjal;[[:conceptos:partido|Partido politico]] de Naranjal;False
3086;SDO;PTSDLHPA;Partido politico;Palacios;Palacios;1808;not_after;1808;hgis;;1808;;;False;;Part.;Part.;palacios_partido_sdo;conceptos:partido;SDLHPAPT;sdo_la habana_palacios;SDO;La Habana;;Partido politico de Palacios;[[:conceptos:partido|Partido politico]] de Palacios;False
3088;SDO;PTSDLHPO;Partido politico;Potosi;Potosi;1765;exact;1808;hgis;;;;;False;;Part.;Part.;potosi_partido_sdo;conceptos:partido;SDLHPOPT;sdo_la habana_potosi;SDO;La Habana;;Partido politico de Potosi;[[:conceptos:partido|Partido politico]] de Potosi;False
3089;SDO;PTSDLHPZ;Partido politico;Pozas;Pozas;1801;not_before;1808;hgis;1801;;;;False;;Part.;Part.;pozas_partido_sdo;conceptos:partido;SDLHPZPT;sdo_la habana_pozas;SDO;La Habana;;Partido politico de Pozas;[[:conceptos:partido|Partido politico]] de Pozas;False
3090;SDO;PTSDLHPR;Partido politico;Prensa;Prensa;1765;exact;1808;hgis;;;;;False;;Part.;Part.;prensa_partido_sdo;conceptos:partido;SDLHPRPT;sdo_la habana_prensa;SDO;La Habana;;Partido politico de Prensa;[[:conceptos:partido|Partido politico]] de Prensa;False
3091;SDO;PTSDLHRE;Partido politico;Regla;Regla;1765;exact;1808;hgis;;;;;False;;Part.;Part.;regla_partido_sdo;conceptos:partido;SDLHREPT;sdo_la habana_regla;SDO;La Habana;;Partido politico de Regla;[[:conceptos:partido|Partido politico]] de Regla;False
3092;SDO;JUSDCVRE;Jurisdiccion;Remedios;Remedios;1701;hgis;1808;hgis;;;;;False;;Jur.;Jur.;remedios_partido_sdo;conceptos:jurisdiccion;SDCVREJU;sdo_la habana_remedios;SDO;La Habana;;Jurisdiccion de Remedios;[[:conceptos:jurisdiccion|Jurisdiccion]] de Remedios;False
3093;SDO;PTSDLHRI;Partido politico;El Rincon;Rincon de Sibarimar;1765;exact;1808;hgis;;;;;False;;Part.;Part.;sibarimar_partido_sdo;conceptos:partido;SDLHRIPT;sdo_la habana_rincon;SDO;La Habana;;Partido politico de El Rincon;[[:conceptos:partido|Partido politico]] de El Rincon;False
3094;SDO;PTSDMARS;Partido politico;Rioblanco;Rioblanco;1765;exact;1785;exact;;;;;False;;Part.;Part.;rioblanco del sur_partido_sdo;conceptos:partido;SDMARSPT;sdo_la habana_rioblanco del sur;SDO;La Habana;;Partido politico de Rioblanco;[[:conceptos:partido|Partido politico]] de Rioblanco;False
3095;SDO;PTSDMARS;Partido politico;Rioblanco del Sur;Rioblanco del Sur;1786;exact;1808;hgis;;;;;False;;Part.;Part.;rioblanco del sur_partido_sdo;conceptos:partido;SDMARSPT;sdo_la habana_rioblanco del sur;SDO;La Habana;;Partido politico de Rioblanco del Sur;[[:conceptos:partido|Partido politico]] de Rioblanco del Sur;False
3096;SDO;PTSDMARN;Partido politico;Rioblanco del Norte;Rioblanco del Norte;1786;exact;1808;hgis;;;;;False;;Part.;Part.;rioblanco del norte_partido_sdo;conceptos:partido;SDMARNPT;sdo_la habana_rioblanco del norte;SDO;La Habana;;Partido politico de Rioblanco del Norte;[[:conceptos:partido|Partido politico]] de Rioblanco del Norte;False
3097;SDO;PTSDLHSD;Partido politico;San Diego;San Diego;1808;not_after;1808;hgis;;1808;;;False;;Part.;Part.;san diego_partido_sdo;conceptos:partido;SDLHSDPT;sdo_la habana_san diego;SDO;La Habana;;Partido politico de San Diego;[[:conceptos:partido|Partido politico]] de San Diego;False
3098;SDO;PTSDLHSJ;Partido politico;San Jeronimo;San Jeronimo;1788;ca;1808;hgis;;;;;False;;Part.;Part.;san jeronimo_partido_sdo;conceptos:partido;SDLHSJPT;sdo_la habana_san jeronimo;SDO;La Habana;;Partido politico de San Jeronimo;[[:conceptos:partido|Partido politico]] de San Jeronimo;False
3099;SDO;PTSDLHSL;Partido politico;San Lazaro;San Lazaro;1765;exact;1808;hgis;;;;;False;;Part.;Part.;san lazaro_partido_sdo;conceptos:partido;SDLHSLPT;sdo_la habana_san lazaro;SDO;La Habana;;Partido politico de San Lazaro;[[:conceptos:partido|Partido politico]] de San Lazaro;False
3100;SDO;PTSDLHLC;Partido politico;San Luis de la Ceiba;San Luis de la Ceiba;1765;not_before;1808;hgis;1765;;;;False;;Part.;Part.;san luis de la ceiba_partido_sdo;conceptos:partido;SDLHLCPT;sdo_la habana_san luis de la ceiba;SDO;La Habana;;Partido politico de San Luis de la Ceiba;[[:conceptos:partido|Partido politico]] de San Luis de la Ceiba;False
3101;SDO;PTSDLHSM;Partido politico;San Marcos;San Marcos;1765;exact;1808;hgis;;;;;False;;Part.;Part.;san marcos_partido_sdo;conceptos:partido;SDLHSMPT;sdo_la habana_san marcos;SDO;La Habana;;Partido politico de San Marcos;[[:conceptos:partido|Partido politico]] de San Marcos;False
3102;SDO;PTSDLHMP;Partido politico;San Miguel;San Miguel;1765;exact;1808;hgis;;;;;False;;Part.;Part.;san miguel_partido_sdo;conceptos:partido;SDLHMPPT;sdo_la habana_san miguel;SDO;La Habana;;Partido politico de San Miguel;[[:conceptos:partido|Partido politico]] de San Miguel;False
3103;SDO;PTSDLHSP;Partido politico;San Pedro;San Pedro;1765;exact;1808;hgis;;;;;False;;Part.;Part.;san pedro_partido_sdo;conceptos:partido;SDLHSPPT;sdo_la habana_san pedro;SDO;La Habana;;Partido politico de San Pedro;[[:conceptos:partido|Partido politico]] de San Pedro;False
3104;SDO;JUSDCVSS;Jurisdiccion;Sancti Spiritus;Sancti Spiritus;1701;hgis;1808;hgis;;;;;False;;Jur.;Jur.;sancti espiritus_jurisdiccion_sdo;conceptos:jurisdiccion;SDCVSSJU;sdo_la habana_sancti espiritus;SDO;La Habana;;Jurisdiccion de Sancti Spiritus;[[:conceptos:jurisdiccion|Jurisdiccion]] de Sancti Spiritus;False
3105;SDO;JUSDCVVC;Jurisdiccion;Santa Clara;Santa Clara;1701;hgis;1808;hgis;;;;;False;;Jur.;Jur.;santa clara_jurisdiccion_sdo;conceptos:jurisdiccion;SDCVVCJU;sdo_la habana_santa clara;SDO;La Habana;;Jurisdiccion de Santa Clara;[[:conceptos:jurisdiccion|Jurisdiccion]] de Santa Clara;False
3106;SDO;JUSDCVTR;Partido;Trinidad;Trinidad;1701;hgis;1808;hgis;;;;;False;JUSDLHCV;Jur.;Jur.;trinidad_jurisdiccion_sdo;conceptos:cabecera;SDCVTRJU;sdo_la habana_trinidad;SDO;La Habana;;Partido cabecera de Trinidad;[[:conceptos:cabecera|Partido cabecera]] de Trinidad;True
3107;SDO;PTSDMASA;Partido politico;Santa Ana;Santa Ana;1765;exact;1808;hgis;;;;;False;;Part.;Part.;santa ana_partido_sdo;conceptos:partido;SDMASAPT;sdo_la habana_santa ana;SDO;La Habana;;Partido politico de Santa Ana;[[:conceptos:partido|Partido politico]] de Santa Ana;False
3108;SDO;PTSDLHSC;Partido politico;Los Pinos;Santa Cruz de los Pinos;1765;exact;1808;hgis;;;;;False;;Part.;Part.;santa cruz de los pinos_partido_sdo;conceptos:partido;SDLHSCPT;sdo_la habana_santa cruz de los pinos;SDO;La Habana;;Partido politico de Los Pinos;[[:conceptos:partido|Partido politico]] de Los Pinos;False
3109;SDO;PTSDLHTA;Partido politico;Tapaste;Tapaste;1795;ca;1808;hgis;;;;;False;;Part.;Part.;tapaste_partido_sdo;conceptos:partido;SDLHTAPT;sdo_la habana_tapaste;SDO;La Habana;;Partido politico de Tapaste;[[:conceptos:partido|Partido politico]] de Tapaste;False
3110;SDO;PTSDLHWA;Partido politico;Wajay;Wajay;1765;exact;1808;hgis;;;;;False;;Part.;Part.;wajay_partido_sdo;conceptos:partido;SDLHWAPT;sdo_la habana_wajay;SDO;La Habana;;Partido politico de Wajay;[[:conceptos:partido|Partido politico]] de Wajay;False
3111;SDO;PTSDLHYA;Partido politico;Yaguaramas;Yaguaramas;1788;exact;1808;hgis;;;;;False;;Part.;Part.;yaguaramas_partido_sdo;conceptos:partido;SDLHYAPT;sdo_la habana_yaguaramas;SDO;La Habana;;Partido politico de Yaguaramas;[[:conceptos:partido|Partido politico]] de Yaguaramas;False
3112;SDO;PTSDMAYU;Partido politico;Yumuri;Yumuri;1805;not_after;1808;hgis;;1805;;;False;;Part.;Part.;yumuri_partido_sdo;conceptos:partido;SDMAYUPT;sdo_la habana_yumuri;SDO;La Habana;;Partido politico de Yumuri;[[:conceptos:partido|Partido politico]] de Yumuri;False
3113;SDO;PTSDSDDA;Comandancia;Dajabon;Dajabon;1768;exact;1794;exact;;;;;False;;Com.;Com.;dajabon_partido_sdo;conceptos:jurisdiccion_militar;SDSDDAPT;sdo_santo domingo_dajabon;SDO;Santo Domingo;;Comandancia de Dajabon;[[:conceptos:jurisdiccion_militar|Comandancia]] de Dajabon;False
3114;SDO;PTSDFLAP;Comandancia;Apalache;San Marcos de Apalache;1718;exact;1762;exact;;;;;False;;Com.;Com.;san marcos de apalache_partido_sdo;conceptos:jurisdiccion_militar;SDFLAPPT;sdo_florida_san marcos de apalache;SDO;Florida;;Comandancia de Apalache;[[:conceptos:jurisdiccion_militar|Comandancia]] de Apalache;False
3115;SDO;PTSDFLAP;Comandancia;Apalache;San Marcos de Apalache;1783;exact;1808;hgis;;;;;False;;Com.;Com.;san marcos de apalache_partido_sdo;conceptos:jurisdiccion_militar;SDFLAPPT;sdo_florida_san marcos de apalache;SDO;Florida;;Comandancia de Apalache;[[:conceptos:jurisdiccion_militar|Comandancia]] de Apalache;False
3116;SDO;PTSDFICN;Partido politico;Consolacion del Norte;Consolacion del Norte;1765;exact;1808;hgis;;;;;False;;Part.;Part.;consolacion del norte_partido_sdo;conceptos:partido;SDFICNPT;sdo_filipinas_consolacion del norte;SDO;Filipinas;;Partido politico de Consolacion del Norte;[[:conceptos:partido|Partido politico]] de Consolacion del Norte;False
3117;SDO;PTSDFICS;Partido politico;Consolidacion del Sur;Consolidacion del Sur;1765;exact;1808;hgis;;;;;False;;Part.;Part.;consolidacion del sur_partido_sdo;conceptos:partido;SDFICSPT;sdo_filipinas_consolidacion del sur;SDO;Filipinas;;Partido politico de Consolidacion del Sur;[[:conceptos:partido|Partido politico]] de Consolidacion del Sur;False
3118;SDO;PTSDFIFI;Partido politico;Filipinas;Filipinas;1765;exact;1773;exact;;;;;False;;Part.;Part.;filipinas_partido_sdo;conceptos:partido;SDFIFIPT;sdo_filipinas_filipinas;SDO;Filipinas;;Partido politico de Filipinas;[[:conceptos:partido|Partido politico]] de Filipinas;False
3119;SDO;PTSDFIFI;Partido;Filipinas;Filipinas;1774;exact;1808;hgis;;;;;False;JUSDLHFI;Part.;Part.;filipinas_partido_sdo;conceptos:cabecera;SDFIFIPT;sdo_filipinas_filipinas;SDO;Filipinas;;Partido cabecera de Filipinas;[[:conceptos:cabecera|Partido cabecera]] de Filipinas;True
3120;SDO;PTSDFIGN;Partido politico;Mantua;Mantua;1765;exact;1808;hgis;;;;;False;;Part.;Part.;mantua_partido_sdo;conceptos:partido;SDFIGNPT;sdo_filipinas_mantua;SDO;Filipinas;;Partido politico de Mantua;[[:conceptos:partido|Partido politico]] de Mantua;False
3121;SDO;PTSDFIJM;Partido politico;San Juan y Martinez;San Juan y Martinez;1765;exact;1808;hgis;;;;;False;;Part.;Part.;san juan y martinez_partido_sdo;conceptos:partido;SDFIJMPT;sdo_filipinas_san juan y martinez;SDO;Filipinas;;Partido politico de San Juan y Martinez;[[:conceptos:partido|Partido politico]] de San Juan y Martinez;False
3122;SDO;PTSDFIGS;Partido politico;Guane;Guane;1765;exact;1808;hgis;;;;;False;;Part.;Part.;guane_partido_sdo;conceptos:partido;SDFIGSPT;sdo_filipinas_guane;SDO;Filipinas;;Partido politico de Guane;[[:conceptos:partido|Partido politico]] de Guane;False
3123;EXT;EXDI0000;Reino;Dinamarca;Dinamarca;1701;hgis;1808;hgis;;;;;False;;Reino;Din.;dinamarca_extranjero_ext;;DI0000EX;ext_extranjero_dinamarca;EXT;Extranjero;s.d.;Reino de Dinamarca;[[:|Reino]] de Dinamarca;False
3124;EXT;EXUS0000;Republica;Estados Unidos;Estados Unidos;1776;exact;9999;end;;;;;False;;Rep.;USA;estados unidos_extranjero_ext;;US0000EX;ext_extranjero_estados unidos;EXT;Extranjero;s.d.;Republica de Estados Unidos;[[:|Republica]] de Estados Unidos;False
3125;EXT;EXFR0000;Reino;Francia;Francia;1701;hgis;1791;exact;;;;;False;;Reino;Fra.;francia_extranjero_ext;;FR0000EX;ext_extranjero_francia;EXT;Extranjero;s.d.;Reino de Francia;[[:|Reino]] de Francia;False
3126;EXT;EXGB0000;Reino Unido;Gran Bretaña;Gran Bretaña;1701;hgis;1808;hgis;;;;;False;;Reino;GBr.;gran bretaña_extranjero_ext;;GB0000EX;ext_extranjero_gran bretaña;EXT;Extranjero;s.d.;Reino Unido de Gran Bretaña;[[:|Reino Unido]] de Gran Bretaña;False
3127;EXT;XXXXXXNE;Territorio neutral;;Territorio neutral;1777;exact;1808;hgis;;;;;False;;;;neutral_extranjero_ext;conceptos:reino;XXXXNEXX;ext_extranjero_neutral;EXT;Extranjero;s.d.;Territorio neutral de;[[:|Territorio neutral]] de;False
3128;EXT;EXPB0000;Republica;Paises Bajos;Provincias Unidas de los Paises Bajos;1701;hgis;1794;exact;;;;;False;;Rep.;Hol.;paises bajos_extranjero_ext;;PB0000EX;ext_extranjero_paises bajos;EXT;Extranjero;s.d.;Republica de Paises Bajos;[[:|Republica]] de Paises Bajos;False
3129;EXT;EXPO0000;Reino;Portugal;Portugal;1701;hgis;1808;hgis;;;;;False;;Reino;Por.;portugal_extranjero_ext;;PO0000EX;ext_extranjero_portugal;EXT;Extranjero;s.d.;Reino de Portugal;[[:|Reino]] de Portugal;False
3130;EXT;EXSU0000;Reino;Suecia;Suecia;1701;hgis;1808;hgis;;;;;False;;Reino;Sue.;suecia_extranjero_ext;;SU0000EX;ext_extranjero_suecia;EXT;Extranjero;s.d.;Reino de Suecia;[[:|Reino]] de Suecia;False
3132;NGR;JUNGLLSJ;Partido;Llanos de San Juan;Llanos de San Juan;1765;ca;1808;hgis;;;;;False;;Part.;Part.;san juan_jurisdiccion_ngr;conceptos:partido;NGLLSJJU;ngr_llanos_san juan;NGR;Llanos;;Partido de Llanos de San Juan;[[:conceptos:partido|Partido]] de Llanos de San Juan;False
3136;EXT;EXHA0000;Imperio;Haiti;Haiti;1804;exact;1805;exact;;;;;False;;Imp.;Hai.;haiti_extranjero_ext;;HA0000EX;ext_extranjero_haiti;EXT;Extranjero;s.d.;Imperio de Haiti;[[:|Imperio]] de Haiti;False
3137;EXT;EXHA0000;Republica;Saint-Domingue;Saint-Domingue;1806;exact;1808;hgis;;;;;False;;Rep.;Hai.;haiti_extranjero_ext;;HA0000EX;ext_extranjero_haiti;EXT;Extranjero;s.d.;Republica de Saint-Domingue;[[:|Republica]] de Saint-Domingue;False
3138;SDO;OBSDSD00;Arzobispado;Santo Domingo;Santo Domingo;1548;exact;1797;exact;;;;;False;;Ao.;Arzob.;santo domingo_obispado_sdo;conceptos:arzobispado;SDSD00OB;sdo_santo domingo_santo domingo;SDO;Santo Domingo;catholic-hierarchy;Arzobispado de Santo Domingo;[[:conceptos:arzobispado|Arzobispado]] de Santo Domingo;False
3139;SDO;OBSDSD00;Arzobispado;Santo Domingo;Santo Domingo (Sedisvacante);1798;exact;1808;hgis;;;;;False;;Ao.;Arzob.;santo domingo_obispado_sdo;conceptos:arzobispado;SDSD00OB;sdo_santo domingo_santo domingo;SDO;Santo Domingo;catholic-hierarchy;Arzobispado de Santo Domingo;[[:conceptos:arzobispado|Arzobispado]] de Santo Domingo;False
3140;SDO;PTSDFLYA;Fronteras;Yazoo;La Florida;1783;exact;1796;exact;;;;;False;;Fr.;Fr.;yazoo_fronteras_sdo;conceptos:fronteras;SDFLYAPT;sdo_florida_yazoo;SDO;Florida;;Fronteras de Yazoo;[[:conceptos:fronteras|Fronteras]] de Yazoo;False
3141;GDJ;FRQVLIXX;Fronteras;Apacheria Lipanes;Cibola;1111;start;1808;hgis;;;;;False;;Fr.;Fr.;apacheria lipanes_fronteras_gdj;conceptos:fronteras;QVLIXXFR;gdj_fronteras_apacheria lipanes;GDJ;Fronteras;s.d.;Fronteras de Apacheria Lipanes;[[:conceptos:fronteras|Fronteras]] de Apacheria Lipanes;False
3144;GDJ;PRGDTX00;Fronteras;Texas;Texas;1716;ca;1721;exact;;;;;False;;Fr.;Fr.;texas_provincia_gdj;conceptos:fronteras;GDTX00PR;gdj_provincia_texas;GDJ;Provincia;s.d.;Fronteras de Texas;[[:conceptos:fronteras|Fronteras]] de Texas;False
3145;VEN;CGVE0000;Capitania General;Venezuela;Venezuela;1777;exact;1808;hgis;;;;;False;;CG;CG;venezuela_superior_ven;conceptos:capitania_general;VE0000CG;ven_superior_venezuela;VEN;Superior;wikipedia;Capitania General de Venezuela;[[:conceptos:capitania_general|Capitania General]] de Venezuela;False
3146;RPL;INRPBA00;Intendencia;Buenos Aires;Buenos Aires;1777;exact;1777;exact;;;;;False;;Int.;Int.;buenos aires_intendencia_rpl;conceptos:intendencia;RPBA00IN;rpl_intendencia_buenos aires;RPL;Intendencia;navarro-garcia;Intendencia de Buenos Aires;[[:conceptos:intendencia|Intendencia]] de Buenos Aires;False
3152;NGR;JUNGLLSA;Jurisdiccion;Santiago;Santiago de las Atalayas;1797;not_after;1808;hgis;;1797;;;False;;Jur.;Jur.;santiago de las atalayas_jurisdiccion_ngr;conceptos:jurisdiccion;NGLLSAJU;ngr_llanos_santiago de las atalayas;NGR;Llanos;;Jurisdiccion de Santiago;[[:conceptos:jurisdiccion|Jurisdiccion]] de Santiago;False
3153;VEN;PTVEMCSI;Partido;Sinamaica;Sinamaica;1790;not_before;1808;hgis;1790;;;;False;;Part.;Part.;sinamaica_partido_ven;conceptos:partido;VEMCSIPT;ven_maracaibo_sinamaica;VEN;Maracaibo;;Partido de Sinamaica;[[:conceptos:partido|Partido]] de Sinamaica;False
3154;NES;JUNEOANO;Corregimiento;Nochixtlan;Nochixtlan;1744;not_after;1770;not_after;;1744;;;False;;C;C;nochixtlan_jurisdiccion_nes;conceptos:corregimiento;NEOANOJU;nes_oaxaca_nochixtlan;NES;Oaxaca;div-nueva-espana;Corregimiento de Nochixtlan;[[:conceptos:corregimiento|Corregimiento]] de Nochixtlan;False
3155;NES;JUNEMXCL;Provincia;Chilapa;Chilapa;1697;arbitrary;1786;exact;1692;1703;;;False;;Prov.;Prov.;chilapa_jurisdiccion_nes;conceptos:partido;NEMXCLJU;nes_mexico_chilapa;NES;Mexico;div-nueva-espana;Provincia de Chilapa;[[:conceptos:partido|Provincia]] de Chilapa;False
3159;NES;JUNEMXYA;Alcaldia Mayor;Yahualica;Yahualica;1646;arbitrary;1710;ca;;;;;False;;AM;AM;yahualica_jurisdiccion_nes;conceptos:alcaldia_mayor;NEMXYAJU;nes_mexico_yahualica;NES;Mexico;div-nueva-espana;Alcaldia Mayor de Yahualica;[[:conceptos:alcaldia_mayor|Alcaldia Mayor]] de Yahualica;False
3161;GDJ;PTGDDUNA;Presidio;Namiquipa;Namiquipa;1778;not_before;1808;hgis;1778;;;;False;;Com.;Com.;namiquipa_partido_gdj;conceptos:jurisdiccion_militar;GDDUNAPT;gdj_durango_namiquipa;GDJ;Durango;div-presidio;Presidio de Namiquipa;[[:conceptos:jurisdiccion_militar|Presidio]] de Namiquipa;False
3163;SDO;JUSDFLFW;Gobernacion;Pansacola;Santa Maria de Galve;1721;exact;1762;exact;;;;;False;;G;Gob.;florida occidental_jurisdiccion_sdo;conceptos:gobernacion;SDFLFWJU;sdo_florida_florida occidental;SDO;Florida;;Gobernacion de Pansacola;[[:conceptos:gobernacion|Gobernacion]] de Pansacola;False
3164;SDO;JUSDSDMC;Gobernacion de Armas-Tenencia de gobierno;Montecristi;Montecristi;1765;exact;1794;exact;;;;;False;;Ten.;Ten.;montecristi_jurisdiccion_sdo;conceptos:jurisdiccion_militar;SDSDMCJU;sdo_santo domingo_montecristi;SDO;Santo Domingo;;Gobernacion de Armas-Tenencia de gobierno de Montecristi;[[:conceptos:jurisdiccion_militar|Gobernacion de Armas-Tenencia de gobierno]] de Montecristi;False
3165;SDO;JUSDSDSS;Gobernacion de Armas-Tenencia de gobierno;Samana;Samana;1765;exact;1794;exact;;;;;False;;Ten.;Ten.;samana y sabana de mar_jurisdiccion_sdo;conceptos:jurisdiccion_militar;SDSDSSJU;sdo_santo domingo_samana y sabana de mar;SDO;Santo Domingo;;Gobernacion de Armas-Tenencia de gobierno de Samana;[[:conceptos:jurisdiccion_militar|Gobernacion de Armas-Tenencia de gobierno]] de Samana;False
3166;SDO;JUSDSDPP;Jurisdiccion;Puerto de Plata;Puerto de Plata;1737;not_before;1794;exact;;;;;False;;Jur.;Jur.;puerto de plata_jurisdiccion_sdo;conceptos:jurisdiccion;SDSDPPJU;sdo_santo domingo_puerto de plata;SDO;Santo Domingo;;Jurisdiccion de Puerto de Plata;[[:conceptos:jurisdiccion|Jurisdiccion]] de Puerto de Plata;False
3167;SDO;AUSD0000;Audiencia Real;Santo Domingo;Santo Domingo;1527;exact;1799;exact;;;;;False;;A.;Aud.;santo domingo_audiencia_sdo;conceptos:audiencia;SD0000AU;sdo_audiencia_santo domingo;SDO;Audiencia;wikipedia;Audiencia Real de Santo Domingo;[[:conceptos:audiencia|Audiencia Real]] de Santo Domingo;False
3168;NGR;PTNGCABR;Capitania a Guerra (JM);Barranca;Barranca;1752;not_after;1808;hgis;;1766;;;False;;CaG;Part.;barranca del rey_partido_ngr;conceptos:capitania_a_guerra;NGCABRPT;ngr_cartagena_barranca del rey;NGR;Cartagena;;Capitania a Guerra (JM) de Barranca;[[:conceptos:capitania_a_guerra|Capitania a Guerra (JM)]] de Barranca;False
3170;CHL;JUCHSAHU;Partido;Huasco;Huasco;1728;ca;1786;exact;;;;;False;;Part.;Part.;huasco_jurisdiccion_chl;conceptos:partido;CHSAHUJU;chl_santiago_huasco;CHL;Santiago;;Partido de Huasco;[[:conceptos:partido|Partido]] de Huasco;False
3171;CHA;JUCCCCYA;Corregimiento;Yamparaez;Yamparaez;1773;exact;1783;exact;;;;;True;JUCCCCCC;C;Part.;yamparaez_jurisdiccion_cha;conceptos:agregado;CCCCYAJU;cha_charcas_yamparaez;CHA;Charcas;;Corregimiento agregado de Yamparaez;[[:conceptos:agregado|Corregimiento agregado]] de Yamparaez;False
3172;PER;JUPETRTR;Corregimiento;Trujillo;Trujillo;1583;not_after;1783;exact;;;;;False;;C;C;trujillo_jurisdiccion_per;conceptos:corregimiento;PETRTRJU;per_trujillo_trujillo;PER;Trujillo;;Corregimiento de Trujillo;[[:conceptos:corregimiento|Corregimiento]] de Trujillo;False
3173;QUI;JUQUGQDA;Partido;Daule;Daule;1701;hgis;1762;exact;;;;;False;;Part.;Part.;daule_jurisdiccion_qui;conceptos:partido;QUGQDAJU;qui_guayaquil_daule;QUI;Guayaquil;;Partido de Daule;[[:conceptos:partido|Partido]] de Daule;False
3174;NGR;JMNGCHCH;Corregimiento;Tatama;Tatama;1575;not_before;1773;exact;1575;1696;;;False;;C;C;chami_jurisdiccion_ngr;conceptos:corregimiento;NGCHCHJM;ngr_choco_chami;NGR;Choco;;Corregimiento de Tatama;[[:conceptos:corregimiento|Corregimiento]] de Tatama;False
3177;VEN;FRVEGUCA;Fronteras;Caribana;La Guayana;1111;start;9999;end;;;;;False;;Fr.;Fr.;caribana_fronteras_ven;conceptos:fronteras;VEGUCAFR;ven_fronteras_caribana;VEN;Fronteras;s.d.;Fronteras de Caribana;[[:conceptos:fronteras|Fronteras]] de Caribana;False
3178;GUA;JUGUGUIS;Gobernacion;Isla de San Andres;Isla de San Andres y Costa de Mosquitos;1795;exact;1808;hgis;;;;;False;;G;Jur.;isla de san andres_jurisdiccion_gua;conceptos:gobernacion;GUGUISJU;gua_guatemala_isla de san andres;GUA;Guatemala;;Gobernacion de Isla de San Andres;[[:conceptos:gobernacion|Gobernacion]] de Isla de San Andres;False
3179;GUA;JUGUNISU;Partido;Subtiava;Subtiava;1778;exact;1786;exact;;;;;False;;Part.;Part.;subtiava_jurisdiccion_gua;conceptos:partido;GUNISUJU;gua_nicaragua_subtiava;GUA;Nicaragua;;Partido de Subtiava;[[:conceptos:partido|Partido]] de Subtiava;False
3180;GUA;JUGUGUAM;Fronteras;Amatique;Golfo;1756;ca;1808;hgis;;;;;False;;Fr.;Fr.;amatique_jurisdiccion_gua;conceptos:fronteras;GUGUAMJU;gua_guatemala_amatique;GUA;Guatemala;;Fronteras de Amatique;[[:conceptos:fronteras|Fronteras]] de Amatique;False
3181;NES;JUNEYUSA;Capitania a guerra;Sahcabchen;Sahcabchen;1721;not_after;1786;exact;;1721;;;False;;CaG;Part.;sahcabchen_jurisdiccion_nes;conceptos:capitania_a_guerra;NEYUSAJU;nes_yucatan_sahcabchen;NES;Yucatan;div-yucatan;Capitania a guerra de Sahcabchen;[[:conceptos:capitania_a_guerra|Capitania a guerra]] de Sahcabchen;False
3182;NES;JUNEOAPE;Partido;Peñoles;Ixquintepeque-Peñoles;1758;not_after;1786;exact;;1758;;;False;;Part.;Part.;ixcuintepec peñoles_jurisdiccion_nes;conceptos:partido;NEOAPEJU;nes_oaxaca_ixcuintepec peñoles;NES;Oaxaca;div-nueva-espana;Partido de Peñoles;[[:conceptos:partido|Partido]] de Peñoles;False
3185;NES;JUNESLVE;Partido;Venado y La Hedionda;Venado y La Hedionda;1111;start;1769;not_after;;;;;False;;Part.;Part.;venado_jurisdiccion_nes;conceptos:partido;NESLVEJU;nes_san luis potosi_venado;NES;San Luis Potosi;div-nueva-espana;Partido de Venado y La Hedionda;[[:conceptos:partido|Partido]] de Venado y La Hedionda;False
3186;GDJ;JUGDDUMN;Partido;Minas Nuevas;Minas Nuevas;1730;not_before;9999;end;1730;;;;False;;Part.;Part.;minas nuevas_jurisdiccion_gdj;conceptos:partido;GDDUMNJU;gdj_durango_minas nuevas;GDJ;Durango;div-nueva-vizcaya;Partido de Minas Nuevas;[[:conceptos:partido|Partido]] de Minas Nuevas;False
3187;GDJ;PTGDDUPJ;Fronteras;Junta;Cibola;1111;start;1758;exact;;;;;False;;Fr.;Fr.;junta de los rios_partido_gdj;conceptos:fronteras;GDDUPJPT;gdj_durango_junta de los rios;GDJ;Durango;s.d.;Fronteras de Junta;[[:conceptos:fronteras|Fronteras]] de Junta;False
3188;GDJ;PTGDDUPJ;Fronteras;Junta;Cibola;1766;exact;1772;exact;;;;;False;;Fr.;Fr.;junta de los rios_partido_gdj;conceptos:fronteras;GDDUPJPT;gdj_durango_junta de los rios;GDJ;Durango;s.d.;Fronteras de Junta;[[:conceptos:fronteras|Fronteras]] de Junta;False
3189;GDJ;PTGDDUPJ;Presidio;El Norte;El Norte;1773;exact;1808;hgis;;;;;False;;Com.;Com.;junta de los rios_partido_gdj;conceptos:jurisdiccion_militar;GDDUPJPT;gdj_durango_junta de los rios;GDJ;Durango;div-presidio;Presidio de El Norte;[[:conceptos:jurisdiccion_militar|Presidio]] de El Norte;False
3190;GDJ;PTGDDUEL;Presidio;San Elizario;San Elizario;1774;exact;1808;hgis;;;;;False;;Com.;Com.;san elizario_partido_gdj;conceptos:jurisdiccion_militar;GDDUELPT;gdj_durango_san elizario;GDJ;Durango;div-presidio;Presidio de San Elizario;[[:conceptos:jurisdiccion_militar|Presidio]] de San Elizario;False
3191;GDJ;PTGDDUPR;Presidio;El Principe;El Principe;1774;exact;1808;hgis;;;;;False;;Com.;Com.;principe_partido_gdj;conceptos:jurisdiccion_militar;GDDUPRPT;gdj_durango_principe;GDJ;Durango;div-presidio;Presidio de El Principe;[[:conceptos:jurisdiccion_militar|Presidio]] de El Principe;False
3192;GDJ;PTGDDUCA;Presidio;San Carlos;San Carlos;1774;exact;1808;hgis;;;;;False;;Com.;Com.;san carlos_partido_gdj;conceptos:jurisdiccion_militar;GDDUCAPT;gdj_durango_san carlos;GDJ;Durango;div-presidio;Presidio de San Carlos;[[:conceptos:jurisdiccion_militar|Presidio]] de San Carlos;False
3194;SDO;SESDSA00;Marquesado;Montehermoso;Montehermoso;1794;exact;1808;hgis;;;;;False;;Marq.;Marq.;marquesado de montehermoso_señorio_sdo;conceptos:senorio;SDSA00SE;sdo_la habana_marquesado de montehermoso;SDO;La Habana;;Marquesado de Montehermoso;[[:conceptos:senorio|Marquesado]] de Montehermoso;False
3195;SDO;SESDRO00;Condado;Casa Bayona;Casa Bayona;1732;exact;1808;hgis;;;;;False;;Cond.;Cond.;condado de casa bayona_señorio_sdo;conceptos:senorio;SDRO00SE;sdo_la habana_condado de casa bayona;SDO;La Habana;;Condado de Casa Bayona;[[:conceptos:senorio|Condado]] de Casa Bayona;False
3196;SDO;SESDFS00;Marquesado;Bejucal;San Felipe y Santiago;1713;exact;1808;hgis;;;;;False;;Marq.;Marq.;marquesado de san felipe y santiago_señorio_sdo;conceptos:senorio;SDFS00SE;sdo_la habana_marquesado de san felipe y santiago;SDO;La Habana;;Marquesado de Bejucal;[[:conceptos:senorio|Marquesado]] de Bejucal;False
3197;SDO;SESDGU00;Marquesado;Guiza;Guiza;1774;exact;1808;hgis;;;;;False;;Marq.;Marq.;marquesado de guiza_señorio_sdo;conceptos:senorio;SDGU00SE;sdo_cuba_marquesado de guiza;SDO;Cuba;;Marquesado de Guiza;[[:conceptos:senorio|Marquesado]] de Guiza;False
3202;GDJ;JUGDDUCS;Comandancia;Conchos;San Francisco de Conchos;1687;exact;1751;ca;;;;;False;;Com.;Com.;san francisco de conchos_jurisdiccion_gdj;conceptos:jurisdiccion_militar;GDDUCSJU;gdj_durango_san francisco de conchos;GDJ;Durango;div-nueva-vizcaya;Comandancia de Conchos;[[:conceptos:jurisdiccion_militar|Comandancia]] de Conchos;False
3203;VEN;PRVECA00;Gobernacion;Caracas;Caracas;1777;exact;1808;hgis;;;;;False;CGVE0000;Prov.;Prov.;caracas_provincia_ven;conceptos:cabecera;VECA00PR;ven_provincia_caracas;VEN;Provincia;;Provincia cabecera de Caracas;[[:conceptos:cabecera|Provincia cabecera]] de Caracas;True
3205;SDO;PRSDLU00;Gobernacion-Intendencia;Luisiana;Luisiana;1769;exact;1779;exact;;;;;False;;G;Int.;luisiana_provincia_sdo;conceptos:intendencia;SDLU00PR;sdo_provincia_luisiana;SDO;Provincia;;Gobernacion-Intendencia de Luisiana;[[:conceptos:intendencia|Gobernacion-Intendencia]] de Luisiana;False
3206;SDO;PRSDLU00;Gobernacion-Intendencia;Luisiana;Luisiana;1789;exact;1792;exact;;;;;False;;G;Int.;luisiana_provincia_sdo;conceptos:intendencia;SDLU00PR;sdo_provincia_luisiana;SDO;Provincia;;Gobernacion-Intendencia de Luisiana;[[:conceptos:intendencia|Gobernacion-Intendencia]] de Luisiana;False
3207;SDO;PRSDLU00;Gobernacion;Luisiana;Luisiana;1780;exact;1788;exact;;;;;False;;G;Gob.;luisiana_provincia_sdo;conceptos:gobernacion;SDLU00PR;sdo_provincia_luisiana;SDO;Provincia;;Gobernacion de Luisiana;[[:conceptos:gobernacion|Gobernacion]] de Luisiana;False
3208;SDO;PRSDLU00;Gobernacion;Luisiana;Luisiana;1793;exact;1803;exact;;;;;False;;G;Gob.;luisiana_provincia_sdo;conceptos:gobernacion;SDLU00PR;sdo_provincia_luisiana;SDO;Provincia;;Gobernacion de Luisiana;[[:conceptos:gobernacion|Gobernacion]] de Luisiana;False
3209;SDO;PTSDLHCA;Partido politico;Canoa;Canoa;1786;exact;1791;exact;;;;;False;;Part.;Part.;canoa_partido_sdo;conceptos:partido;SDLHCAPT;sdo_la habana_canoa;SDO;La Habana;;Partido politico de Canoa;[[:conceptos:partido|Partido politico]] de Canoa;False
3211;QUI;PRQUES00;Gobernacion;Esmeraldas;Esmeraldas;1756;not_before;1792;exact;1774;;;;True;JUQUPOTU;G;Prov.;esmeraldas_provincia_qui;conceptos:agregado;QUES00PR;qui_provincia_esmeraldas;QUI;Provincia;;Gobernacion agregada de Esmeraldas;[[:conceptos:agregado|Gobernacion agregada]] de Esmeraldas;False
3212;EXT;EXFR0000;Republica;Francia;Francia;1792;exact;1803;exact;;;;;False;;Rep.;Fra.;francia_extranjero_ext;;FR0000EX;ext_extranjero_francia;EXT;Extranjero;s.d.;Republica de Francia;[[:|Republica]] de Francia;False
3213;EXT;EXFR0000;Imperio;Francia;Francia;1804;exact;1808;hgis;;;;;False;;Imp.;Fra.;francia_extranjero_ext;;FR0000EX;ext_extranjero_francia;EXT;Extranjero;s.d.;Imperio de Francia;[[:|Imperio]] de Francia;False
3215;EXT;EXPB0000;Reino;Holanda;Holanda;1806;exact;1808;hgis;;;;;False;;Reino;Hol.;paises bajos_extranjero_ext;;PB0000EX;ext_extranjero_paises bajos;EXT;Extranjero;s.d.;Reino de Holanda;[[:|Reino]] de Holanda;False
3216;EXT;EXPB0000;Republica;Batava;Batava;1795;exact;1805;exact;;;;;False;;Rep.;Hol.;paises bajos_extranjero_ext;;PB0000EX;ext_extranjero_paises bajos;EXT;Extranjero;s.d.;Republica de Batava;[[:|Republica]] de Batava;False
3217;GDJ;JUGDSSAI;Tenencia de subdelegacion;San Marcial;San Marcial;1775;not_before;1789;arbitrary;1775;;;;False;;Ten.;Part.;aigame_jurisdiccion_gdj;conceptos:partido;GDSSAIJU;gdj_sonora-sinaloa_aigame;GDJ;Sonora-Sinaloa;div-sonora;Tenencia de subdelegacion de San Marcial;[[:conceptos:partido|Tenencia de subdelegacion]] de San Marcial;False
3218;CHL;SUCH0000;Capitania General;Chile;Chile;1541;exact;1808;hgis;;;;;False;;CG;CG;chile_superior_chl;conceptos:capitania_general;CH0000SU;chl_superior_chile;CHL;Superior;wikipedia;Capitania General de Chile;[[:conceptos:capitania_general|Capitania General]] de Chile;False
3219;NGR;JUNGMALA;Alcaldia Mayor de Minas;Lajas;Lajas;1596;not_after;1785;not_after;;;;;False;;AM;AM;lajas_jurisdiccion_ngr;conceptos:alcaldia_mayor;NGMALAJU;ngr_mariquita_lajas;NGR;Mariquita;;Alcaldia Mayor de Minas de Lajas;[[:conceptos:alcaldia_mayor|Alcaldia Mayor de Minas]] de Lajas;False
3220;NGR;JUNGTUMM;Alcaldia Mayor;Minas de Muzo;Minas de Muzo;1701;hgis;1785;not_after;;;;;False;;Jur.;Jur.;minas de muzo_jurisdiccion_ngr;conceptos:alcaldia_mayor;NGTUMMJU;ngr_tunja_minas de muzo;NGR;Tunja;;Alcaldia Mayor de Minas de Muzo;[[:conceptos:alcaldia_mayor|Alcaldia Mayor]] de Minas de Muzo;False
3221;RPL;FRRPCHLL;Fronteras;Llanos de Manso;Gran Chaco;1111;start;1808;hgis;;;;;False;;Fr.;Fr.;llanos de manso_fronteras_rpl;conceptos:fronteras;RPCHLLFR;rpl_fronteras_llanos de manso;RPL;Fronteras;mp-ba_136;Fronteras de Llanos de Manso;[[:conceptos:fronteras|Fronteras]] de Llanos de Manso;False
3222;RPL;FRRPCHGU;Fronteras;Chaco Gualamba;Gran Chaco;1111;start;1808;hgis;;;;;False;;Fr.;Fr.;chaco gualamba_fronteras_rpl;conceptos:fronteras;RPCHGUFR;rpl_fronteras_chaco gualamba;RPL;Fronteras;s.d.;Fronteras de Chaco Gualamba;[[:conceptos:fronteras|Fronteras]] de Chaco Gualamba;False
3223;NGR;PRNGLL00;Gobernacion;Santiago;Llanos del Casanare;1701;not_after;1764;ca;;;;;True;JUNGLLSJ;G;Prov.;los llanos_provincia_ngr;conceptos:agregado;NGLL00PR;ngr_provincia_los llanos;NGR;Provincia;;Gobernacion agregada de Santiago;[[:conceptos:agregado|Gobernacion agregada]] de Santiago;False
3225;GDJ;JUNECLCN;Partido;California Nueva;California Nueva;1768;exact;1769;exact;;;;;False;;Part.;Part.;california alta_jurisdiccion_gdj;conceptos:partido;NECLCNJU;gdj_california_california alta;GDJ;California;div-california;Partido de California Nueva;[[:conceptos:partido|Partido]] de California Nueva;False
3226;GDJ;JUNECLCN;Fronteras;Isla de California;Isla de California;1111;start;1767;exact;;;;;False;;Fr.;Fr.;california alta_jurisdiccion_gdj;conceptos:fronteras;NECLCNJU;gdj_california_california alta;GDJ;California;s.d.;Fronteras de Isla de California;[[:conceptos:fronteras|Fronteras]] de Isla de California;False
3227;GDJ;FRCITEXX;Fronteras;Gran Teguayo;Quivira;1111;start;1808;hgis;;;;;False;;Fr.;Fr.;gran teguayo_fronteras_gdj;conceptos:fronteras;CITEXXFR;gdj_fronteras_gran teguayo;GDJ;Fronteras;s.d.;Fronteras de Gran Teguayo;[[:conceptos:fronteras|Fronteras]] de Gran Teguayo;False
3228;GDJ;JUNECLCV;Partido;California;California;1111;start;1767;exact;;;;;False;;Part.;Part.;california baja_jurisdiccion_gdj;conceptos:partido;NECLCVJU;gdj_california_california baja;GDJ;California;div-california;Partido de California;[[:conceptos:partido|Partido]] de California;False
3229;GDJ;JUNECLCV;Partido;Antigua California;Antigua California;1768;exact;1803;exact;;;;;False;;Part.;Part.;california baja_jurisdiccion_gdj;conceptos:partido;NECLCVJU;gdj_california_california baja;GDJ;California;div-california;Partido de Antigua California;[[:conceptos:partido|Partido]] de Antigua California;False
3230;SDO;JUSDLUNZ;Comandancia;Natchez;Natchez;1779;not_before;1786;exact;1779;;;;False;;Com.;Com.;natchez_jurisdiccion_sdo;conceptos:jurisdiccion_militar;SDLUNZJU;sdo_luisiana_natchez;SDO;Luisiana;;Comandancia de Natchez;[[:conceptos:jurisdiccion_militar|Comandancia]] de Natchez;False
3231;SDO;JUSDLUNO;Partido;Resto de Luisiana;Resto de Luisiana;1804;exact;1808;hgis;;;;;False;;Part.;Part.;baja luisiana_jurisdiccion_sdo;conceptos:partido;SDLUNOJU;sdo_luisiana_baja luisiana;SDO;Luisiana;;Partido de Resto de Luisiana;[[:conceptos:partido|Partido]] de Resto de Luisiana;False
3233;VEN;JUVECASJ;Jurisdiccion;San Jaime;San Jaime;1753;exact;1808;hgis;;;;;False;;Jur.;Jur.;san jaime_jurisdiccion_ven;conceptos:jurisdiccion;VECASJJU;ven_caracas_san jaime;VEN;Caracas;;Jurisdiccion de San Jaime;[[:conceptos:jurisdiccion|Jurisdiccion]] de San Jaime;False
3234;SDO;PRSDPR00;Gobernacion-Capitania General-Intendencia;Puerto Rico;Puerto Rico;1784;exact;1808;hgis;;;;;False;;G;CG;puerto rico_provincia_sdo;conceptos:intendencia;SDPR00PR;sdo_provincia_puerto rico;SDO;Provincia;;Gobernacion-Capitania General-Intendencia de Puerto Rico;[[:conceptos:intendencia|Gobernacion-Capitania General-Intendencia]] de Puerto Rico;False
3235;RPL;FRRPCHBO;Fronteras;Chaco Septentrional;Gran Chaco;1111;start;1808;hgis;;;;;False;;Fr.;Fr.;chaco septentrional_fronteras_rpl;conceptos:fronteras;RPCHBOFR;rpl_fronteras_chaco septentrional;RPL;Fronteras;s.d.;Fronteras de Chaco Septentrional;[[:conceptos:fronteras|Fronteras]] de Chaco Septentrional;False
3236;GDJ;JUGDDUEG;Partido;El Gallo;El Gallo;1751;exact;1776;not_after;;;;;False;;Part.;Part.;el gallo_jurisdiccion_gdj;conceptos:partido;GDDUEGJU;gdj_durango_el gallo;GDJ;Durango;div-nueva-vizcaya;Partido de El Gallo;[[:conceptos:partido|Partido]] de El Gallo;False
3237;NGR;MINGPOAN;Fronteras;Andaquies;Pais de la Canela;1111;start;1719;ca;;;;;False;;Fr.;Fr.;andaquies_misiones_ngr;conceptos:fronteras;NGPOANMI;ngr_popayan_andaquies;NGR;Popayan;;Fronteras de Andaquies;[[:conceptos:fronteras|Fronteras]] de Andaquies;False
3238;NGR;FREDCAXX;Fronteras;Pais de la Canela;Pais de la Canela;1111;start;1808;hgis;;;;;False;;Fr.;Fr.;pais de la canela_fronteras_ngr;conceptos:fronteras;EDCAXXFR;ngr_fronteras_pais de la canela;NGR;Fronteras;mp-panama_200;Fronteras de Pais de la Canela;[[:conceptos:fronteras|Fronteras]] de Pais de la Canela;False
3239;NGR;PTVEMCLL;Misiones;Llanos de Barinas;Llanos de Barinas;1701;hgis;1808;hgis;;;;;False;;Part.;Part.;llanos de barinas_partido_ngr;conceptos:misiones;VEMCLLPT;ngr_maracaibo_llanos de barinas;NGR;Maracaibo;;Misiones de Llanos de Barinas;[[:conceptos:misiones|Misiones]] de Llanos de Barinas;False
3240;NGR;PTNGCABA;Partido;Baru;Baru;1774;not_after;1808;hgis;;1774;;;False;;Part.;Part.;baru_partido_ngr;conceptos:partido;NGCABAPT;ngr_cartagena_baru;NGR;Cartagena;;Partido de Baru;[[:conceptos:partido|Partido]] de Baru;False
3241;NGR;PTNGCATA;Corregimiento;Tierradentro;Tierradentro;1681;not_after;1789;not_before;;;;;False;;C;C;tierradentro_partido_ngr;conceptos:corregimiento;NGCATAPT;ngr_cartagena_tierradentro;NGR;Cartagena;;Corregimiento de Tierradentro;[[:conceptos:corregimiento|Corregimiento]] de Tierradentro;False
3242;GDJ;JUGDGDBO;Corregimiento;Bolaños;Bolaños;1800;exact;1808;hgis;;;;;True;PRNECL00;C;C;bolaños_jurisdiccion_gdj;conceptos:cabecera;GDGDBOJU;gdj_guadalajara_bolaños;GDJ;Guadalajara;div-nueva-galicia;Corregimiento cabecera de Bolaños;[[:conceptos:cabecera|Corregimiento cabecera]] de Bolaños;False
3243;NES;JUNEGJSF;Jurisdiccion;San Felipe;San Felipe;1787;exact;1807;not_after;;;;;False;;Jur.;Jur.;san felipe_jurisdiccion_nes;conceptos:jurisdiccion;NEGJSFJU;nes_guanajuato_san felipe;NES;Guanajuato;div-nueva-espana;Jurisdiccion de San Felipe;[[:conceptos:jurisdiccion|Jurisdiccion]] de San Felipe;False
3244;GDJ;JUGDNMGA;Alcaldia Mayor*;Pecos;Pecos;1782;not_after;1789;not_after;;1782;;;False;;AM;AM;galisteo_jurisdiccion_gdj;conceptos:alcaldia_mayor;GDNMGAJU;gdj_nuevo mexico_galisteo;GDJ;Nuevo Mexico;div-nuevo-mexico;Alcaldia Mayor* de Pecos;[[:conceptos:alcaldia_mayor|Alcaldia Mayor*]] de Pecos;False
3245;NES;JUNEMIIN;Partido;Indaparapeo;Indaparapeo;1801;exact;1808;hgis;;;;;False;;Part.;Part.;indaparapeo_jurisdiccion_nes;conceptos:partido;NEMIINJU;nes_michoacan_indaparapeo;NES;Michoacan;div-nueva-espana;Partido de Indaparapeo;[[:conceptos:partido|Partido]] de Indaparapeo;False
3246;GDJ;JUGDDUCG;Partido;Cerro Gordo;Cerro Gordo;1751;exact;1766;exact;;;;;False;;Part.;Part.;cerro gordo_jurisdiccion_gdj;conceptos:partido;GDDUCGJU;gdj_durango_cerro gordo;GDJ;Durango;div-nueva-vizcaya;Partido de Cerro Gordo;[[:conceptos:partido|Partido]] de Cerro Gordo;False
3247;GDJ;JUGDDUBB;Partido;Santa Barbara;Santa Barbara;1675;not_before;1722;not_after;;;;;False;;Part.;Part.;santa barbara_jurisdiccion_gdj;conceptos:partido;GDDUBBJU;gdj_durango_santa barbara;GDJ;Durango;div-nueva-vizcaya;Partido de Santa Barbara;[[:conceptos:partido|Partido]] de Santa Barbara;False
3249;RPL;JURPMISM;Gobernacion;Misiones del Uruguay;Misiones del Uruguay;1768;exact;1769;exact;;;;;False;;G;Gob.;san miguel_jurisdiccion_rpl;conceptos:gobernacion;RPMISMJU;rpl_misiones_san miguel;RPL;Misiones;;Gobernacion de Misiones del Uruguay;[[:conceptos:gobernacion|Gobernacion]] de Misiones del Uruguay;False
3250;RPL;JURPMAMA;Comandancia;Malvinas;Malvinas;1774;exact;1808;hgis;;;;;False;;Com.;Com.;malvinas_jurisdiccion_rpl;conceptos:jurisdiccion_militar;RPMAMAJU;rpl_buenos aires_malvinas;RPL;Buenos Aires;;Comandancia de Malvinas;[[:conceptos:jurisdiccion_militar|Comandancia]] de Malvinas;False
3252;NGR;PRNGSF00;Provincia;Santa Fe;Nuevo Reino de Granada;1550;exact;1808;hgis;;;;;False;SUNG0000;Prov.;Prov.;santa fe_provincia_ngr;conceptos:cabecera;NGSF00PR;ngr_provincia_santa fe;NGR;Provincia;;Provincia cabecera de Santa Fe;[[:conceptos:cabecera|Provincia cabecera]] de Santa Fe;True
3253;NGR;PTNGCAMG;Capitania a Guerra (JM);Rio Cauca;El Retiro;1770;not_after;1788;not_after;;1770;;;False;;CaG;Part.;magangue_partido_ngr;conceptos:capitania_a_guerra;NGCAMGPT;ngr_cartagena_magangue;NGR;Cartagena;;Capitania a Guerra (JM) de Rio Cauca;[[:conceptos:capitania_a_guerra|Capitania a Guerra (JM)]] de Rio Cauca;False
3254;QUI;MIQUPOPO;Misiones;Mocoa y Sucumbios;Mocoa y Sucumbios;1701;hgis;1808;hgis;;;;;False;;Mis.;Mis.;mocoa y sucumbios_misiones_qui;conceptos:misiones;QUPOPOMI;qui_popayan_mocoa y sucumbios;QUI;Popayan;;Misiones de Mocoa y Sucumbios;[[:conceptos:misiones|Misiones]] de Mocoa y Sucumbios;False
3255;NGR;PTNGCALB;Capitania a guerra;Loba;Loba;1744;exact;1788;not_after;;;;;False;;CaG;Part.;loba_partido_ngr;conceptos:capitania_a_guerra;NGCALBPT;ngr_cartagena_loba;NGR;Cartagena;;Capitania a guerra de Loba;[[:conceptos:capitania_a_guerra|Capitania a guerra]] de Loba;False
3257;GDJ;FRQVSMXX;Fronteras;Seno mexicano;La Florida;1111;start;9999;end;;;;;False;;Fr.;Fr.;seno mexicano_fronteras_gdj;conceptos:fronteras;QVSMXXFR;gdj_fronteras_seno mexicano;GDJ;Fronteras;s.d.;Fronteras de Seno mexicano;[[:conceptos:fronteras|Fronteras]] de Seno mexicano;False
3258;GDJ;FRANICXX;Fronteras;Isla de California;Isla de California;1111;start;9999;end;;;;;False;;Fr.;Fr.;isla de california_fronteras_gdj;conceptos:fronteras;ANICXXFR;gdj_fronteras_isla de california;GDJ;Fronteras;s.d.;Fronteras de Isla de California;[[:conceptos:fronteras|Fronteras]] de Isla de California;False
3259;GUA;FRMOMOXX;Reino indigena;Reino mosquito;Golfo;1701;hgis;9999;end;;;;;False;;Reino;Reino;mosquitia_fronteras_gua;conceptos:fronteras;MOMOXXFR;gua_fronteras_mosquitia;GUA;Fronteras;s.d.;Reino indigena de Reino mosquito;[[:conceptos:fronteras|Reino indigena]] de Reino mosquito;False
3260;RPL;JURPBOIC;Territorio ocupado;Isla Catalina;Isla Catalina;1777;exact;1777;exact;;;;;False;;;;isla catalina_jurisdiccion_rpl;conceptos:entidades_atipicas;RPBOICJU;rpl_puerto rico_isla catalina;RPL;Puerto Rico;;Territorio ocupado de Isla Catalina;[[:conceptos:entidades_atipicas|Territorio ocupado]] de Isla Catalina;False
3261;RPL;FRPAMAXX;Fronteras;Mamelucos;Mamelucos;1111;start;1808;hgis;;;;;False;;Fr.;Fr.;mamelucos_fronteras_rpl;conceptos:fronteras;PAMAXXFR;rpl_fronteras_mamelucos;RPL;Fronteras;s.d.;Fronteras de Mamelucos;[[:conceptos:fronteras|Fronteras]] de Mamelucos;False
3263;BRA;FRBRXXXX;Fronteras;Brasil;Brasil;1111;start;1749;exact;;;;;False;;Fr.;Fr.;brasil_fronteras_bra;conceptos:fronteras;BRXXXXFR;bra_fronteras_brasil;BRA;Fronteras;s.d.;Fronteras de Brasil;[[:conceptos:fronteras|Fronteras]] de Brasil;False
3264;BRA;FRBRXXXX;Fronteras;Brasil;Brasil;1761;exact;1776;exact;;;;;False;;Fr.;Fr.;brasil_fronteras_bra;conceptos:fronteras;BRXXXXFR;bra_fronteras_brasil;BRA;Fronteras;s.d.;Fronteras de Brasil;[[:conceptos:fronteras|Fronteras]] de Brasil;False
3265;NES;JUNECNCA;Fronteras;Laguna de los Terminos;Bucaneros;1111;start;1716;exact;;;;;False;;Fr.;Fr.;carmen_jurisdiccion_nes;conceptos:fronteras;NECNCAJU;nes_yucatan_carmen;NES;Yucatan;div-yucatan;Fronteras de Laguna de los Terminos;[[:conceptos:fronteras|Fronteras]] de Laguna de los Terminos;False
3266;GDJ;JUGDZAFR;Alcaldia Mayor;Fresnillo;Fresnillo;1708;exact;1786;exact;;;;;True;JUGDZAJE;AM;Part.;fresnillo_jurisdiccion_gdj;conceptos:agregado;GDZAFRJU;gdj_zacatecas_fresnillo;GDJ;Zacatecas;div-nueva-galicia;Alcaldia Mayor agregada de Fresnillo;[[:conceptos:agregado|Alcaldia Mayor agregada]] de Fresnillo;False
3267;SDO;PRSDLH00;Gobernacion;La Habana;La Habana;1609;exact;1808;hgis;;;;;False;PRSDIC00;G;Prov.;la habana_provincia_sdo;conceptos:cabecera;SDLH00PR;sdo_provincia_la habana;SDO;Provincia;;Gobernacion cabecera de La Habana;[[:conceptos:cabecera|Gobernacion cabecera]] de La Habana;True
3268;RPL;FRRPMICH;Fronteras;Charruas;Mamelucos;1111;start;9999;end;;;;;False;;Fr.;Fr.;charruas_fronteras_rpl;conceptos:fronteras;RPMICHFR;rpl_fronteras_charruas;RPL;Fronteras;s.d.;Fronteras de Charruas;[[:conceptos:fronteras|Fronteras]] de Charruas;False
3269;GDJ;PTGDDUVE;Comandancia;Velarde;Presidio Velarde;1774;ca;1778;exact;;;;;False;;Com.;Com.;velarde_jurisdiccion_gdj;conceptos:jurisdiccion_militar;GDDUVEPT;gdj_durango_velarde;GDJ;Durango;div-nueva-vizcaya;Comandancia de Velarde;[[:conceptos:jurisdiccion_militar|Comandancia]] de Velarde;False
3270;GDJ;PTGDDUVE;Comandancia;San Buenaventura;Presidio San Buenaventura;1779;exact;1808;hgis;;;;;False;;Com.;Com.;velarde_jurisdiccion_gdj;conceptos:jurisdiccion_militar;GDDUVEPT;gdj_durango_velarde;GDJ;Durango;div-nueva-vizcaya;Comandancia de San Buenaventura;[[:conceptos:jurisdiccion_militar|Comandancia]] de San Buenaventura;False
3272;GDJ;JUGDDUCG;Alcaldia Mayor*;Cerro Gordo;Cerro Gordo;1773;exact;1787;exact;;;;;False;;AM;AM;cerro gordo_jurisdiccion_gdj;conceptos:alcaldia_mayor;GDDUCGJU;gdj_durango_cerro gordo;GDJ;Durango;div-nueva-vizcaya;Alcaldia Mayor* de Cerro Gordo;[[:conceptos:alcaldia_mayor|Alcaldia Mayor*]] de Cerro Gordo;False
3273;NGR;JUNGCATO;Jurisdiccion;Tolu;Tolu;1535;exact;1808;hgis;;1748;;;False;;Jur.;Jur.;tolu_jurisdiccion_ngr;conceptos:jurisdiccion;NGCATOJU;ngr_cartagena_tolu;NGR;Cartagena;;Jurisdiccion de Tolu;[[:conceptos:jurisdiccion|Jurisdiccion]] de Tolu;False
3274;VEN;FRVEGULP;Fronteras;Laguna del Parime;La Guayana;1111;start;9999;end;;;;;False;;Fr.;Fr.;laguna del parime_fronteras_ven;conceptos:fronteras;VEGULPFR;ven_fronteras_laguna del parime;VEN;Fronteras;s.d.;Fronteras de Laguna del Parime;[[:conceptos:fronteras|Fronteras]] de Laguna del Parime;False
3275;VEN;FRVEGUPA;Fronteras;Paria;Paria;1111;start;9999;end;;;;;False;;Fr.;Fr.;paria_fronteras_ven;conceptos:fronteras;VEGUPAFR;ven_fronteras_paria;VEN;Fronteras;s.d.;Fronteras de Paria;[[:conceptos:fronteras|Fronteras]] de Paria;False
3276;VEN;PTVEGUCC;Partido;Misiones capuchinas;Guayana interior;1111;start;9999;end;;;;;False;;Part.;Part.;guayana interior_partido_ven;conceptos:partido;VEGUCCPT;ven_guayana_guayana interior;VEN;Guayana;;Partido de Misiones capuchinas;[[:conceptos:partido|Partido]] de Misiones capuchinas;False
3277;VEN;PTVEGUOB;Partido; Bajo Orinoco; Bajo Orinoco;1111;start;9999;end;;;;;False;;Part.;Part.;bajo orinoco_partido_ven;conceptos:partido;VEGUOBPT;ven_guayana_bajo orinoco;VEN;Guayana;;Partido de  Bajo Orinoco;[[:conceptos:partido|Partido]] de  Bajo Orinoco;False
3278;VEN;PTVEGUAO;Partido; Alto Orinoco; Alto Orinoco;1111;start;9999;end;;;;;False;;Part.;Part.;alto orinoco_partido_ven;conceptos:partido;VEGUAOPT;ven_guayana_alto orinoco;VEN;Guayana;;Partido de  Alto Orinoco;[[:conceptos:partido|Partido]] de  Alto Orinoco;False
3279;NGR;PRNGDA00;Gobernacion;Darien;Darien;1712;not_after;1808;hgis;;1712;;;False;;G;Gob.;darien_provincia_ngr;conceptos:gobernacion;NGDA00PR;ngr_provincia_darien;NGR;Provincia;;Gobernacion de Darien;[[:conceptos:gobernacion|Gobernacion]] de Darien;False
3280;NGR;FRMOTABT;Fronteras;Bocas del Toro;Golfo;1111;start;9999;end;;;;;False;;Fr.;Fr.;bocas del toro_fronteras_ngr;conceptos:fronteras;MOTABTFR;ngr_fronteras_bocas del toro;NGR;Fronteras;s.d.;Fronteras de Bocas del Toro;[[:conceptos:fronteras|Fronteras]] de Bocas del Toro;False
3281;EXT;FRVEGUXX;Fronteras;Guayana;La Guayana;1111;start;9999;end;;;;;False;;Fr.;Fr.;guayana 'dorada'_fronteras_ext;conceptos:fronteras;VEGUXXFR;ext_fronteras_guayana 'dorada';EXT;Fronteras;s.d.;Fronteras de Guayana;[[:conceptos:fronteras|Fronteras]] de Guayana;False
3282;GDJ;PMGDTXNA;Presidio;Adaes;Adaes;1721;exact;1772;exact;;;;;False;;Com.;Com.;nacogdoches_presidio_gdj;conceptos:jurisdiccion_militar;GDTXNAPM;gdj_texas_nacogdoches;GDJ;Texas;div-texas;Presidio de Adaes;[[:conceptos:jurisdiccion_militar|Presidio]] de Adaes;False
3283;GDJ;PMGDTXAH;Presidio;Orcoquiza;Orcoquiza;1756;exact;1771;exact;;;;;False;;Com.;Com.;orcoquizac_presidio_gdj;conceptos:jurisdiccion_militar;GDTXAHPM;gdj_texas_orcoquizac;GDJ;Texas;div-texas;Presidio de Orcoquiza;[[:conceptos:jurisdiccion_militar|Presidio]] de Orcoquiza;False
3284;GDJ;PMGDTXSA;Comandancia;San Antonio;San Antonio;1718;exact;1721;exact;;;;;False;;Com.;Com.;bexar_presidio_gdj;conceptos:jurisdiccion_militar;GDTXSAPM;gdj_texas_bexar;GDJ;Texas;div-texas;Comandancia de San Antonio;[[:conceptos:jurisdiccion_militar|Comandancia]] de San Antonio;False
3285;GDJ;PMGDTXFJ;Presidio;San Francisco Xavier;San Francisco Xavier;1751;exact;1754;exact;;;;;False;;Com.;Com.;san francisco xavier_presidio_gdj;conceptos:jurisdiccion_militar;GDTXFJPM;gdj_texas_san francisco xavier;GDJ;Texas;div-texas;Presidio de San Francisco Xavier;[[:conceptos:jurisdiccion_militar|Presidio]] de San Francisco Xavier;False
3286;QUI;PRQUQU00;Provincia;Quito;Quito;1563;exact;1808;hgis;;;;;True;AUQU0000;Prov.;Prov.;quito_provincia_qui;conceptos:cabecera;QUQU00PR;qui_provincia_quito;QUI;Provincia;;Provincia cabecera de Quito;[[:conceptos:cabecera|Provincia cabecera]] de Quito;False
3287;NGR;PRNGSM00;Gobernacion;Santa Marta;Santa Marta;1740;exact;1808;hgis;;;;;False;;G;Gob.;santa marta_provincia_ngr;conceptos:gobernacion;NGSM00PR;ngr_provincia_santa marta;NGR;Provincia;;Gobernacion de Santa Marta;[[:conceptos:gobernacion|Gobernacion]] de Santa Marta;False
3288;GUA;SUGU0000;Capitania General;Guatemala;Guatemala;1542;exact;1808;hgis;;;;;False;;CG;CG;guatemala_superior_gua;conceptos:capitania_general;GU0000SU;gua_superior_guatemala;GUA;Superior;wikipedia;Capitania General de Guatemala;[[:conceptos:capitania_general|Capitania General]] de Guatemala;False
3289;RPL;PRRPMIOR;Gobernacion;Misiones orientales;Misiones orientales;1768;exact;1769;exact;;;;;False;;G;Gob.;misiones orientales_provincia_rpl;conceptos:gobernacion;RPMIORPR;rpl_provincia_misiones orientales;RPL;Provincia;;Gobernacion de Misiones orientales;[[:conceptos:gobernacion|Gobernacion]] de Misiones orientales;False
3290;VEN;PRVEMC00;Gobernacion;Merida;Merida, La Grita y Maracaibo;1740;exact;1750;ca;;;;;False;;G;Gob.;maracaibo_provincia_ven;conceptos:gobernacion;VEMC00PR;ven_provincia_maracaibo;VEN;Provincia;;Gobernacion de Merida;[[:conceptos:gobernacion|Gobernacion]] de Merida;False
3291;NES;JUNEBEBE;Fronteras;Walix;Golfo;1111;start;1762;exact;;;;;False;;Fr.;Fr.;belice_jurisdiccion_nes;conceptos:fronteras;NEBEBEJU;nes_yucatan_belice;NES;Yucatan;s.d.;Fronteras de Walix;[[:conceptos:fronteras|Fronteras]] de Walix;False
3292;NES;JUNEBEBE;Fronteras;Walix;Golfo;1798;exact;1808;hgis;;;;;False;;Fr.;Fr.;belice_jurisdiccion_nes;conceptos:fronteras;NEBEBEJU;nes_yucatan_belice;NES;Yucatan;s.d.;Fronteras de Walix;[[:conceptos:fronteras|Fronteras]] de Walix;False
3293;NGR;FRNGEDLL;Fronteras;Llanos;El Dorado;1111;start;9999;end;;;;;False;;Fr.;Fr.;llanos_fronteras_ngr;conceptos:fronteras;NGEDLLFR;ngr_fronteras_llanos;NGR;Fronteras;s.d.;Fronteras de Llanos;[[:conceptos:fronteras|Fronteras]] de Llanos;False
3294;PER;MIPEOCVI;Fronteras;Cerro de la Sal;Paititi;1742;exact;1783;exact;;;;;False;;Fr.;Fr.;vitoc_misiones_per;conceptos:fronteras;PEOCVIMI;per_tarma_vitoc;PER;Tarma;;Fronteras de Cerro de la Sal;[[:conceptos:fronteras|Fronteras]] de Cerro de la Sal;False
3295;RPL;FRCEPAXX;Fronteras;Patagonia;Ciudad de los Cesares;1111;start;9999;end;;;;;False;;Fr.;Fr.;patagonia_fronteras_rpl;conceptos:fronteras;CEPAXXFR;rpl_fronteras_patagonia;RPL;Fronteras;s.d.;Fronteras de Patagonia;[[:conceptos:fronteras|Fronteras]] de Patagonia;False
3296;VEN;PTVEGUBO;Fronteras;Bocas del Orinoco;Bocas del Orinoco;1111;start;9999;end;;;;;False;;Fr.;Fr.;bocas del orinoco_partido_ven;conceptos:fronteras;VEGUBOPT;ven_guayana_bocas del orinoco;VEN;Guayana;;Fronteras de Bocas del Orinoco;[[:conceptos:fronteras|Fronteras]] de Bocas del Orinoco;False
3297;GDJ;JUGDDUTO;Partido;Topago;Topago;1807;exact;1808;hgis;;;;;False;;Part.;Part.;topago_jurisdiccion_gdj;conceptos:partido;GDDUTOJU;gdj_durango_topago;GDJ;Durango;div-nueva-vizcaya;Partido de Topago;[[:conceptos:partido|Partido]] de Topago;False
3298;EXT;EXRU0000;Imperio;Rusia;Rusia;1721;exact;1808;hgis;;;;;False;;Imp.;Rus.;rusia_extranjero_ext;;RU0000EX;ext_extranjero_rusia;EXT;Extranjero;s.d.;Imperio de Rusia;[[:|Imperio]] de Rusia;False
3299;GUA;FRMOCMXX;Fronteras;Costa mosquita;Golfo;1111;start;9999;end;;;;;False;;Fr.;Fr.;costa mosquita_fronteras_gua;conceptos:fronteras;MOCMXXFR;gua_fronteras_costa mosquita;GUA;Fronteras;s.d.;Fronteras de Costa mosquita;[[:conceptos:fronteras|Fronteras]] de Costa mosquita;False
3300;XXX;XXXXXXXX;Fronteras;Indefinido;Indefinido;1111;start;9999;end;;;;;False;;Fr.;Fr.;indefinido__xxx;conceptos:fronteras;XXXXXXXX;xxx_xxxx_indefinido;XXX;XXXX;s.d.;Fronteras de Indefinido;[[:conceptos:fronteras|Fronteras]] de Indefinido;False
3301;GUA;FRGUMOCH;Fronteras;Choles;Golfo;1111;start;1808;hgis;;;;;False;;Fr.;Fr.;choles_fronteras_gua;conceptos:fronteras;GUMOCHFR;gua_fronteras_choles;GUA;Fronteras;s.d.;Fronteras de Choles;[[:conceptos:fronteras|Fronteras]] de Choles;False
3302;QUI;FRQUJIXX;Fronteras;Jivaros;Pais de la Canela;1111;start;1808;hgis;;;;;False;;Fr.;Fr.;jivaros_fronteras_qui;conceptos:fronteras;QUJIXXFR;qui_fronteras_jivaros;QUI;Fronteras;velasco;Fronteras de Jivaros;[[:conceptos:fronteras|Fronteras]] de Jivaros;False
3303;VEN;JUVEGUGU;Comandancia;Guayana;Guayana;1595;exact;1761;exact;;;;;False;;Com.;Com.;guayana_jurisdiccion_ven;conceptos:jurisdiccion_militar;VEGUGUJU;ven_guayana_guayana;VEN;Guayana;;Comandancia de Guayana;[[:conceptos:jurisdiccion_militar|Comandancia]] de Guayana;False
3304;VEN;JUVEGUGU;Partido;Guayana;Guayana;1762;exact;1808;hgis;;;;;False;PRVEGU00;Part.;Part.;guayana_jurisdiccion_ven;conceptos:cabecera;VEGUGUJU;ven_guayana_guayana;VEN;Guayana;;Partido cabecera de Guayana;[[:conceptos:cabecera|Partido cabecera]] de Guayana;True
3306;GDJ;FRANSSSE;Fronteras;Seris;Cibola;1111;start;9999;end;;;;;False;;Fr.;Fr.;seris_fronteras_gdj;conceptos:fronteras;ANSSSEFR;gdj_fronteras_seris;GDJ;Fronteras;s.d.;Fronteras de Seris;[[:conceptos:fronteras|Fronteras]] de Seris;False
3309;GDJ;PMGDSSTB;Comandancia;Tubac;Tubac;1751;ca;1775;exact;;;;;False;;Com.;Com.;tubac_presidio_gdj;conceptos:jurisdiccion_militar;GDSSTBPM;gdj_sonora-sinaloa_tubac;GDJ;Sonora-Sinaloa;div-sonora-sinaloa;Comandancia de Tubac;[[:conceptos:jurisdiccion_militar|Comandancia]] de Tubac;False
3310;GDJ;PMGDSSSC;Comandancia;Santa Cruz;Santa Cruz;1780;exact;1808;hgis;;;;;False;;Com.;Com.;santa cruz_presidio_gdj;conceptos:jurisdiccion_militar;GDSSSCPM;gdj_sonora-sinaloa_santa cruz;GDJ;Sonora-Sinaloa;div-sonora-sinaloa;Comandancia de Santa Cruz;[[:conceptos:jurisdiccion_militar|Comandancia]] de Santa Cruz;False
3311;GDJ;PMGDSSSC;Comandancia;Terrenate;Terrenate;1775;not_before;1779;exact;1775;;;;False;;Com.;Com.;santa cruz_presidio_gdj;conceptos:jurisdiccion_militar;GDSSSCPM;gdj_sonora-sinaloa_santa cruz;GDJ;Sonora-Sinaloa;div-sonora-sinaloa;Comandancia de Terrenate;[[:conceptos:jurisdiccion_militar|Comandancia]] de Terrenate;False
3312;GDJ;JUGDSSCI;Partido;Cieneguilla;Cieneguilla;1771;exact;1786;exact;;;;;False;;Part.;Part.;cieneguilla_jurisdiccion_gdj;conceptos:partido;GDSSCIJU;gdj_sonora-sinaloa_cieneguilla;GDJ;Sonora-Sinaloa;div-sonora-sinaloa;Partido de Cieneguilla;[[:conceptos:partido|Partido]] de Cieneguilla;False
3313;GDJ;PMGDSSSA;Partido;Santa Ana;Santa Ana;1775;not_before;1808;hgis;1775;;;;False;;Part.;Part.;santa ana_partido_gdj;conceptos:partido;GDSSSAPM;gdj_sonora-sinaloa_santa ana;GDJ;Sonora-Sinaloa;div-sonora-sinaloa;Partido de Santa Ana;[[:conceptos:partido|Partido]] de Santa Ana;False
3314;GDJ;PMGDSSBT;Partido;Batuco;Batuco;1775;not_before;1808;hgis;1775;;;;False;;Part.;Part.;batuco_partido_gdj;conceptos:partido;GDSSBTPM;gdj_sonora-sinaloa_batuco;GDJ;Sonora-Sinaloa;div-sonora-sinaloa;Partido de Batuco;[[:conceptos:partido|Partido]] de Batuco;False
3315;GDJ;PMGDSSOP;Partido;Oposura;Oposura;1775;not_before;1808;hgis;1775;;;;False;;Part.;Part.;oposura_partido_gdj;conceptos:partido;GDSSOPPM;gdj_sonora-sinaloa_oposura;GDJ;Sonora-Sinaloa;div-sonora-sinaloa;Partido de Oposura;[[:conceptos:partido|Partido]] de Oposura;False
3316;GDJ;PMGDSSVS;Partido;Valle de Sonora;Valle de Sonora;1775;not_before;1808;hgis;1775;;;;False;;Part.;Part.;valle de sonora_partido_gdj;conceptos:partido;GDSSVSPM;gdj_sonora-sinaloa_valle de sonora;GDJ;Sonora-Sinaloa;div-sonora-sinaloa;Partido de Valle de Sonora;[[:conceptos:partido|Partido]] de Valle de Sonora;False
3317;GDJ;PMGDSSVS;Tenencia de Alcaldia Mayor;Real de San Antonio;Real de San Antonio;1111;start;1774;not_before;;;;;False;;Ten.;Part.;valle de sonora_partido_gdj;conceptos:partido;GDSSVSPM;gdj_sonora-sinaloa_valle de sonora;GDJ;Sonora-Sinaloa;div-sonora-sinaloa;Tenencia de Alcaldia Mayor de Real de San Antonio;[[:conceptos:partido|Tenencia de Alcaldia Mayor]] de Real de San Antonio;False
3318;GDJ;PMGDSSNA;Partido;Nacameri;Nacameri;1775;not_before;1808;hgis;1775;;;;False;;Part.;Part.;nacameri_partido_gdj;conceptos:partido;GDSSNAPM;gdj_sonora-sinaloa_nacameri;GDJ;Sonora-Sinaloa;div-sonora-sinaloa;Partido de Nacameri;[[:conceptos:partido|Partido]] de Nacameri;False
3319;GDJ;PMGDSSNA;Tenencia de Alcaldia Mayor;Opodepe;Opodepe;1704;not_before;1774;not_before;1704;;;;False;;Ten.;Part.;nacameri_partido_gdj;conceptos:partido;GDSSNAPM;gdj_sonora-sinaloa_nacameri;GDJ;Sonora-Sinaloa;div-sonora-sinaloa;Tenencia de Alcaldia Mayor de Opodepe;[[:conceptos:partido|Tenencia de Alcaldia Mayor]] de Opodepe;False
3320;GDJ;PMGDSSHU;Partido;San Antonio de la Huerta;San Antonio de la Huerta;1775;not_before;1808;hgis;1775;;;;False;;Part.;Part.;san antonio de la huerta_partido_gdj;conceptos:partido;GDSSHUPM;gdj_sonora-sinaloa_san antonio de la huerta;GDJ;Sonora-Sinaloa;div-sonora-sinaloa;Partido de San Antonio de la Huerta;[[:conceptos:partido|Partido]] de San Antonio de la Huerta;False
3321;GDJ;PMGDSSHU;Tenencia de Alcaldia Mayor;San Antonio de la Huerta;San Antonio de la Huerta;1759;not_before;1774;not_before;1759;;;;False;;Ten.;Part.;san antonio de la huerta_partido_gdj;conceptos:partido;GDSSHUPM;gdj_sonora-sinaloa_san antonio de la huerta;GDJ;Sonora-Sinaloa;div-sonora-sinaloa;Tenencia de Alcaldia Mayor de San Antonio de la Huerta;[[:conceptos:partido|Tenencia de Alcaldia Mayor]] de San Antonio de la Huerta;False
3322;GDJ;PMGDSSMA;Partido;Matape;Matape;1775;not_before;1808;hgis;1775;;;;False;;Part.;Part.;matape_partido_gdj;conceptos:partido;GDSSMAPM;gdj_sonora-sinaloa_matape;GDJ;Sonora-Sinaloa;div-sonora-sinaloa;Partido de Matape;[[:conceptos:partido|Partido]] de Matape;False
3324;GDJ;PMGDSSHO;Partido;Horcasitas;San Miguel de Horcasitas;1775;not_before;1783;not_before;1775;;;;False;;Part.;Part.;horcasitas_presidio_gdj;conceptos:partido;GDSSHOPM;gdj_sonora-sinaloa_horcasitas;GDJ;Sonora-Sinaloa;div-sonora-sinaloa;Partido de Horcasitas;[[:conceptos:partido|Partido]] de Horcasitas;False
3325;GDJ;PMGDSSHO;Partido;Pitic;Pitic;1784;not_before;1808;hgis;1784;;;;False;;Part.;Part.;horcasitas_presidio_gdj;conceptos:partido;GDSSHOPM;gdj_sonora-sinaloa_horcasitas;GDJ;Sonora-Sinaloa;div-sonora-sinaloa;Partido de Pitic;[[:conceptos:partido|Partido]] de Pitic;False
3326;GDJ;PMGDSSUR;Partido;Ures;Ures;1775;not_before;1808;hgis;1775;;;;False;;Part.;Part.;ures_partido_gdj;conceptos:partido;GDSSURPM;gdj_sonora-sinaloa_ures;GDJ;Sonora-Sinaloa;div-sonora-sinaloa;Partido de Ures;[[:conceptos:partido|Partido]] de Ures;False
3327;GDJ;PMGDSSCU;Partido;Cucurpe;Cucurpe;1775;not_before;1808;hgis;1775;;;;False;;Part.;Part.;cucurpe_partido_gdj;conceptos:partido;GDSSCUPM;gdj_sonora-sinaloa_cucurpe;GDJ;Sonora-Sinaloa;div-sonora-sinaloa;Partido de Cucurpe;[[:conceptos:partido|Partido]] de Cucurpe;False
3328;GDJ;JUGDDUPL;Alcaldia Mayor;Parral;Parral, Minas Nuevas y Santa Barbara;1729;not_after;1787;exact;;1729;;;False;;AM;AM;parral_jurisdiccion_gdj;conceptos:alcaldia_mayor;GDDUPLJU;gdj_durango_parral;GDJ;Durango;div-nueva-vizcaya;Alcaldia Mayor de Parral;[[:conceptos:alcaldia_mayor|Alcaldia Mayor]] de Parral;False
3331;GDJ;PTGDDURF;Partido;Rio Florido;Rio Florido;1111;start;1766;arbitrary;;;;;False;;Part.;Part.;rio florido_partido_gdj;conceptos:partido;GDDURFPT;gdj_durango_rio florido;GDJ;Durango;div-nueva-vizcaya;Partido de Rio Florido;[[:conceptos:partido|Partido]] de Rio Florido;False
3334;NGR;SUNG0000;Gobernacion-Capitania General;Nuevo Reino de Granada;Nuevo Reino de Granada;1724;exact;1739;exact;;;;;False;;G;CG;nueva granada_superior_ngr;conceptos:gobernacion;NG0000SU;ngr_superior_nueva granada;NGR;Superior;wikipedia;Gobernacion-Capitania General de Nuevo Reino de Granada;[[:conceptos:gobernacion|Gobernacion-Capitania General]] de Nuevo Reino de Granada;False
3335;NGR;SUNG0000;Gobernacion-Capitania General;Nuevo Reino de Granada;Nuevo Reino de Granada;1550;exact;1716;exact;;;;;False;;G;CG;nueva granada_superior_ngr;conceptos:gobernacion;NG0000SU;ngr_superior_nueva granada;NGR;Superior;wikipedia;Gobernacion-Capitania General de Nuevo Reino de Granada;[[:conceptos:gobernacion|Gobernacion-Capitania General]] de Nuevo Reino de Granada;False
3336;GDJ;CGPIOC00;Comandancia General;Provincias Internas del Poniente;Provincias Internas del Poniente;1787;exact;1790;exact;;;;;False;;Com.gen.;Com.gen.;provincias internas del occidente_provincia_gdj;conceptos:comandancia_general;PIOC00CG;gdj_provincia_provincias internas del occidente;GDJ;Provincia;gerhard-north;Comandancia General de Provincias Internas del Poniente;[[:conceptos:comandancia_general|Comandancia General]] de Provincias Internas del Poniente;False
3337;CHL;AUSA0000;Audiencia Real;Chile;Chile;1565;exact;1574;exact;;;;;False;;A.;Aud.;santiago_audiencia_chl;conceptos:audiencia;SA0000AU;chl_audiencia_santiago;CHL;Audiencia;wikipedia;Audiencia Real de Chile;[[:conceptos:audiencia|Audiencia Real]] de Chile;False
3338;GDJ;JUGDGDAU;Alcaldia Mayor;Autlan;Autlan;1787;exact;1788;exact;;;;;False;;AM;AM;autlan_jurisdiccion_gdj;conceptos:alcaldia_mayor;GDGDAUJU;gdj_guadalajara_autlan;GDJ;Guadalajara;div-nueva-galicia;Alcaldia Mayor de Autlan;[[:conceptos:alcaldia_mayor|Alcaldia Mayor]] de Autlan;False
3339;GDJ;JUGDGDSY;Alcaldia Mayor;Pueblos de Avalos;Pueblos de Avalos;1552;exact;1614;ca;;;;;False;;AM;AM;sayula_jurisdiccion_gdj;conceptos:alcaldia_mayor;GDGDSYJU;gdj_guadalajara_sayula;GDJ;Guadalajara;div-nueva-galicia;Alcaldia Mayor de Pueblos de Avalos;[[:conceptos:alcaldia_mayor|Alcaldia Mayor]] de Pueblos de Avalos;False
3340;GDJ;JUGDGDTU;Alcaldia Mayor;Tuscacuesco;Amula y Tuscacuesco;1571;not_before;1788;exact;;;;;False;;AM;AM;amula_jurisdiccion_gdj;conceptos:alcaldia_mayor;GDGDTUJU;gdj_guadalajara_amula;GDJ;Guadalajara;div-nueva-galicia;Alcaldia Mayor de Tuscacuesco;[[:conceptos:alcaldia_mayor|Alcaldia Mayor]] de Tuscacuesco;False
3341;GDJ;JUGDGDZA;Alcaldia Mayor;Tuxpa;Tuxpa;1562;not_after;1638;not_after;1556;1562;;;False;;AM;AM;zapotlan_jurisdiccion_gdj;conceptos:alcaldia_mayor;GDGDZAJU;gdj_guadalajara_zapotlan;GDJ;Guadalajara;div-nueva-galicia;Alcaldia Mayor de Tuxpa;[[:conceptos:alcaldia_mayor|Alcaldia Mayor]] de Tuxpa;False
3344;GDJ;JUGDSSRO;Alcaldia Mayor;Rosario;Rosario;1660;ca;1665;ca;;;;;False;;AM;AM;rosario_jurisdiccion_gdj;conceptos:alcaldia_mayor;GDSSROJU;gdj_sonora-sinaloa_rosario;GDJ;Sonora-Sinaloa;div-sonora-sinaloa;Alcaldia Mayor de Rosario;[[:conceptos:alcaldia_mayor|Alcaldia Mayor]] de Rosario;False
3351;NES;JUNEMIJI;Alcaldia Mayor;Jiquilpan;Jiquilpan y Periban con Tinguindin;1720;not_after;1790;exact;;;;;False;;AM;AM;jiquilpan_jurisdiccion_nes;conceptos:alcaldia_mayor;NEMIJIJU;nes_michoacan_jiquilpan;NES;Michoacan;div-nueva-espana;Alcaldia Mayor de Jiquilpan;[[:conceptos:alcaldia_mayor|Alcaldia Mayor]] de Jiquilpan;False
3352;NES;JUNEMIMA;Alcaldia Mayor;Maravatio;Maravatio;1601;not_before;1789;not_after;;;;;False;;AM;AM;maravatio_jurisdiccion_nes;conceptos:alcaldia_mayor;NEMIMAJU;nes_michoacan_maravatio;NES;Michoacan;div-nueva-espana;Alcaldia Mayor de Maravatio;[[:conceptos:alcaldia_mayor|Alcaldia Mayor]] de Maravatio;False
3353;NES;JUNEMITC;Alcaldia Mayor;Tancitaro;Tancitaro y Pizandaro;1641;arbitrary;1787;exact;;;;;False;;AM;AM;tancitaro_jurisdiccion_nes;conceptos:alcaldia_mayor;NEMITCJU;nes_michoacan_tancitaro;NES;Michoacan;div-nueva-espana;Alcaldia Mayor de Tancitaro;[[:conceptos:alcaldia_mayor|Alcaldia Mayor]] de Tancitaro;False
3355;NGR;JUNGSOMV;Alcaldia Mayor de Minas;Velez;Velez;1111;start;1808;hgis;;;;;False;;AM;AM;minas de velez_jurisdiccion_ngr;conceptos:alcaldia_mayor;NGSOMVJU;ngr_socorro_minas de velez;NGR;Socorro;;Alcaldia Mayor de Minas de Velez;[[:conceptos:alcaldia_mayor|Alcaldia Mayor de Minas]] de Velez;False
3357;GDJ;JUGDNMTA;Alcaldia Mayor;Taos;Taos;1692;not_before;1713;not_after;;;;;False;;AM;AM;taos_jurisdiccion_gdj;conceptos:alcaldia_mayor;GDNMTAJU;gdj_nuevo mexico_taos;GDJ;Nuevo Mexico;div-nuevo-mexico;Alcaldia Mayor de Taos;[[:conceptos:alcaldia_mayor|Alcaldia Mayor]] de Taos;False
3358;GDJ;JUGDNMTA;Partido;Taos;Taos;1714;not_after;1728;not_before;;1714;;;False;;Part.;Part.;taos_jurisdiccion_gdj;conceptos:partido;GDNMTAJU;gdj_nuevo mexico_taos;GDJ;Nuevo Mexico;div-nuevo-mexico;Partido de Taos;[[:conceptos:partido|Partido]] de Taos;False
3359;GDJ;JUGDNMTA;Partido;Taos;Taos;1750;not_after;1761;not_after;;1750;;;False;;Part.;Part.;taos_jurisdiccion_gdj;conceptos:partido;GDNMTAJU;gdj_nuevo mexico_taos;GDJ;Nuevo Mexico;div-nuevo-mexico;Partido de Taos;[[:conceptos:partido|Partido]] de Taos;False
3360;GDJ;JUGDNMTA;Alcaldia Mayor;Taos;Taos;1762;not_after;1779;not_before;;1762;;;False;;AM;AM;taos_jurisdiccion_gdj;conceptos:alcaldia_mayor;GDNMTAJU;gdj_nuevo mexico_taos;GDJ;Nuevo Mexico;div-nuevo-mexico;Alcaldia Mayor de Taos;[[:conceptos:alcaldia_mayor|Alcaldia Mayor]] de Taos;False
3361;GDJ;JUGDNMTA;Alcaldia Mayor;Taos;Taos;1796;not_before;1808;hgis;1796;;;;False;;AM;AM;taos_jurisdiccion_gdj;conceptos:alcaldia_mayor;GDNMTAJU;gdj_nuevo mexico_taos;GDJ;Nuevo Mexico;div-nuevo-mexico;Alcaldia Mayor de Taos;[[:conceptos:alcaldia_mayor|Alcaldia Mayor]] de Taos;False
3362;GDJ;JUGDNMTA;Alcaldia Mayor;Taos;Taos;1787;not_before;1790;not_after;1787;;;;False;;AM;AM;taos_jurisdiccion_gdj;conceptos:alcaldia_mayor;GDNMTAJU;gdj_nuevo mexico_taos;GDJ;Nuevo Mexico;div-nuevo-mexico;Alcaldia Mayor de Taos;[[:conceptos:alcaldia_mayor|Alcaldia Mayor]] de Taos;False
3363;GDJ;JUGDNMTA;Partido;Taos;Taos;1791;not_after;1795;not_before;;1791;;;False;;Part.;Part.;taos_jurisdiccion_gdj;conceptos:partido;GDNMTAJU;gdj_nuevo mexico_taos;GDJ;Nuevo Mexico;div-nuevo-mexico;Partido de Taos;[[:conceptos:partido|Partido]] de Taos;False
3364;NGR;JMNGCHQU;Corregimiento;Quibdo;Quibdo;1701;hgis;1808;hgis;;;;;True;JUNGCHCI;C;C;quibdo_jurisdiccion_ngr;conceptos:cabecera;NGCHQUJM;ngr_choco_quibdo;NGR;Choco;;Corregimiento cabecera de Quibdo;[[:conceptos:cabecera|Corregimiento cabecera]] de Quibdo;False
3365;NGR;PRNGPA00;Gobernacion-Capitania General;Tierra Firme;Tierra Firme;1717;exact;1721;exact;;;;;False;;G;CG;panama_provincia_ngr;conceptos:gobernacion;NGPA00PR;ngr_provincia_panama;NGR;Provincia;;Gobernacion-Capitania General de Tierra Firme;[[:conceptos:gobernacion|Gobernacion-Capitania General]] de Tierra Firme;False
3366;NGR;PRNGPA00;Gobernacion-Capitania General;Tierra Firme;Tierra Firme;1722;exact;1739;exact;;;;;False;;G;CG;panama_provincia_ngr;conceptos:gobernacion;NGPA00PR;ngr_provincia_panama;NGR;Provincia;;Gobernacion-Capitania General de Tierra Firme;[[:conceptos:gobernacion|Gobernacion-Capitania General]] de Tierra Firme;False
3367;NGR;PRNGPA00;Gobernacion-Comandancia General;Tierra Firme;Tierra Firme;1740;exact;1750;exact;;;;;False;;G;Gob.;panama_provincia_ngr;conceptos:gobernacion;NGPA00PR;ngr_provincia_panama;NGR;Provincia;;Gobernacion-Comandancia General de Tierra Firme;[[:conceptos:gobernacion|Gobernacion-Comandancia General]] de Tierra Firme;False
3369;NGR;PRNGPA00;Gobernacion-Comandancia General;Panama;Panama;1751;exact;1808;hgis;;;;;False;;G;Gob.;panama_provincia_ngr;conceptos:gobernacion;NGPA00PR;ngr_provincia_panama;NGR;Provincia;;Gobernacion-Comandancia General de Panama;[[:conceptos:gobernacion|Gobernacion-Comandancia General]] de Panama;False
3370;NGR;PRNGVE00;Gobernacion;Veragua;Veragua;1716;not_before;1808;hgis;1716;;;;False;;G;Gob.;veragua_provincia_ngr;conceptos:gobernacion;NGVE00PR;ngr_provincia_veragua;NGR;Provincia;;Gobernacion de Veragua;[[:conceptos:gobernacion|Gobernacion]] de Veragua;False
3371;VEN;PRVECA00;Gobernacion-Comandancia General;Caracas;Caracas;1740;exact;1740;exact;;;;;False;;G;Gob.;caracas_provincia_ven;conceptos:gobernacion;VECA00PR;ven_provincia_caracas;VEN;Provincia;;Gobernacion-Comandancia General de Caracas;[[:conceptos:gobernacion|Gobernacion-Comandancia General]] de Caracas;False
3372;VEN;PRVECA00;Gobernacion-Capitania General;Caracas;Caracas;1741;exact;1776;exact;;;;;False;;G;CG;caracas_provincia_ven;conceptos:gobernacion;VECA00PR;ven_provincia_caracas;VEN;Provincia;;Gobernacion-Capitania General de Caracas;[[:conceptos:gobernacion|Gobernacion-Capitania General]] de Caracas;False
3373;NES;JUNECNCA;Gobernacion;Carmen;Laguna de los Terminos;1758;not_after;1808;hgis;;1758;;;False;;G;Gob.;carmen_jurisdiccion_nes;conceptos:gobernacion;NECNCAJU;nes_yucatan_carmen;NES;Yucatan;div-yucatan;Gobernacion de Carmen;[[:conceptos:gobernacion|Gobernacion]] de Carmen;False
3375;GDJ;PRGDNS00;Gobernacion;Nuevo Santander;Colonia de Nuevo Santander;1748;exact;1808;hgis;;;;;False;;G;Gob.;nuevo santander_provincia_gdj;conceptos:gobernacion;GDNS00PR;gdj_provincia_nuevo santander;GDJ;Provincia;gerhard-north;Gobernacion de Nuevo Santander;[[:conceptos:gobernacion|Gobernacion]] de Nuevo Santander;False
3376;GDJ;INGDSS00;Intendencia;Sinaloa y Sonora;Sinaloa y Sonora;1772;exact;1776;exact;;;;;False;;Int.;Int.;sinaloa y sonora_intendencia_gdj;conceptos:intendencia;GDSS00IN;gdj_intendencia_sinaloa y sonora;GDJ;Intendencia;navarro-garcia;Intendencia de Sinaloa y Sonora;[[:conceptos:intendencia|Intendencia]] de Sinaloa y Sonora;False
3377;GDJ;PRGDSS00;Gobernacion-Intendencia;Sinaloa y Sonora;Sinaloa y Sonora;1770;exact;1771;exact;;;;;False;;G;Int.;sinaloa y sonora_provincia_gdj;conceptos:intendencia;GDSS00PR;gdj_provincia_sinaloa y sonora;GDJ;Provincia;gerhard-north;Gobernacion-Intendencia de Sinaloa y Sonora;[[:conceptos:intendencia|Gobernacion-Intendencia]] de Sinaloa y Sonora;False
3379;GDJ;PRGDSS00;Gobernacion;Sinaloa y Sonora;Sinaloa y Sonora;1772;exact;1776;exact;;;;;False;;G;Gob.;sinaloa y sonora_provincia_gdj;conceptos:gobernacion;GDSS00PR;gdj_provincia_sinaloa y sonora;GDJ;Provincia;gerhard-north;Gobernacion de Sinaloa y Sonora;[[:conceptos:gobernacion|Gobernacion]] de Sinaloa y Sonora;False
3380;RPL;INRPBA00;Intendencia-Superintendencia;Buenos Aires;Buenos Aires;1778;exact;1783;exact;;;;;False;;Int.;Int.;buenos aires_intendencia_rpl;conceptos:intendencia;RPBA00IN;rpl_intendencia_buenos aires;RPL;Intendencia;navarro-garcia;Intendencia-Superintendencia de Buenos Aires;[[:conceptos:intendencia|Intendencia-Superintendencia]] de Buenos Aires;False
3381;SDO;JUSDLHCV;Gobernacion;Trinidad;Trinidad y sus villas;1786;exact;1790;exact;;;;;False;;G;Gob.;cuatro villas_jurisdiccion_sdo;conceptos:gobernacion;SDLHCVJU;sdo_la habana_cuatro villas;SDO;La Habana;;Gobernacion de Trinidad;[[:conceptos:gobernacion|Gobernacion]] de Trinidad;False
3382;SDO;JUSDLHCV;Tenencia de gobierno;Cuatro Villas;Cuatro Villas;1791;exact;1808;hgis;;;;;False;;Ten.;Jur.;cuatro villas_jurisdiccion_sdo;conceptos:jurisdiccion;SDLHCVJU;sdo_la habana_cuatro villas;SDO;La Habana;;Tenencia de gobierno de Cuatro Villas;[[:conceptos:jurisdiccion|Tenencia de gobierno]] de Cuatro Villas;False
3383;NGR;JUNGANRE;Capitania a Guerra;Remedios;Remedios;1789;not_after;1808;hgis;;1789;;;False;;CaG;Part.;remedios_jurisdiccion_ngr;conceptos:capitania_a_guerra;NGANREJU;ngr_antioquia_remedios;NGR;Antioquia;;Capitania a Guerra de Remedios;[[:conceptos:capitania_a_guerra|Capitania a Guerra]] de Remedios;False
3384;SDO;FRFLGUXX;Fronteras;Guale;La Florida;1111;start;1731;exact;;;;;False;;Fr.;Fr.;guale_fronteras_sdo;conceptos:fronteras;FLGUXXFR;sdo_fronteras_guale;SDO;Fronteras;s.d.;Fronteras de Guale;[[:conceptos:fronteras|Fronteras]] de Guale;False
3385;NES;JUNEGJPE;Partido;Penjamo;Penjamo;1787;not_before;1792;exact;1787;;;;False;;Part.;Part.;penjamo_jurisdiccion_nes;conceptos:partido;NEGJPEJU;nes_guanajuato_penjamo;NES;Guanajuato;div-nueva-espana;Partido de Penjamo;[[:conceptos:partido|Partido]] de Penjamo;False
3386;NES;PTNEGJYU;Partido;Yurirapundaro;Yurirapundaro;1787;not_before;1808;hgis;1787;;;;False;;Part.;Part.;yurirapundaro_partido_nes;conceptos:partido;NEGJYUPT;nes_guanajuato_yurirapundaro;NES;Guanajuato;div-nueva-espana;Partido de Yurirapundaro;[[:conceptos:partido|Partido]] de Yurirapundaro;False
3387;NES;JUNEGJPG;Partido;Piedragorda;Piedragorda;1787;not_before;1792;exact;1787;;;;False;;Part.;Part.;piedra gorda_jurisdiccion_nes;conceptos:partido;NEGJPGJU;nes_guanajuato_piedra gorda;NES;Guanajuato;div-nueva-espana;Partido de Piedragorda;[[:conceptos:partido|Partido]] de Piedragorda;False
3388;SDO;PTSDPRCJ;Partido politico;Cangrejos;Cangrejos;1773;exact;9999;end;;;;;False;;Part.;Part.;cangrejos_partido_sdo;conceptos:partido;SDPRCJPT;sdo_puerto rico_cangrejos;SDO;Puerto Rico;;Partido politico de Cangrejos;[[:conceptos:partido|Partido politico]] de Cangrejos;False
3389;SDO;PTSDPRRP;Partido politico;Rio Piedras;Rio Piedras;1714;exact;9999;end;;;;;False;;Part.;Part.;rio piedras_partido_sdo;conceptos:partido;SDPRRPPT;sdo_puerto rico_rio piedras;SDO;Puerto Rico;;Partido politico de Rio Piedras;[[:conceptos:partido|Partido politico]] de Rio Piedras;False
3390;SDO;PTSDPRTR;Partido politico;Trujillo;Trujillo;1808;exact;9999;end;;;;;False;;Part.;Part.;trujillo_partido_sdo;conceptos:partido;SDPRTRPT;sdo_puerto rico_trujillo;SDO;Puerto Rico;;Partido politico de Trujillo;[[:conceptos:partido|Partido politico]] de Trujillo;False
3391;SDO;PTSDPRGN;Partido politico;Guaynabo;Guaynabo;1769;exact;9999;end;;;;;False;;Part.;Part.;guaynabo_partido_sdo;conceptos:partido;SDPRGNPT;sdo_puerto rico_guaynabo;SDO;Puerto Rico;;Partido politico de Guaynabo;[[:conceptos:partido|Partido politico]] de Guaynabo;False
3393;SDO;PTSDPRLO;Partido politico;Loiza;Loiza;1723;exact;9999;end;;;;;False;;Part.;Part.;loiza_partido_sdo;conceptos:partido;SDPRLOPT;sdo_puerto rico_loiza;SDO;Puerto Rico;;Partido politico de Loiza;[[:conceptos:partido|Partido politico]] de Loiza;False
3394;SDO;PTSDPRFA;Partido politico;Fajardo;Fajardo;1771;exact;9999;end;;;;;False;;Part.;Part.;fajardo_partido_sdo;conceptos:partido;SDPRFAPT;sdo_puerto rico_fajardo;SDO;Puerto Rico;;Partido politico de Fajardo;[[:conceptos:partido|Partido politico]] de Fajardo;False
3395;SDO;PTSDPRJU;Partido politico;Juncos;Juncos;1797;exact;9999;end;;;;;False;;Part.;Part.;juncos_partido_sdo;conceptos:partido;SDPRJUPT;sdo_puerto rico_juncos;SDO;Puerto Rico;;Partido politico de Juncos;[[:conceptos:partido|Partido politico]] de Juncos;False
3396;SDO;PTSDPRPI;Partido politico;Piedras;Piedras;1801;exact;9999;end;;;;;False;;Part.;Part.;piedras_partido_sdo;conceptos:partido;SDPRPIPT;sdo_puerto rico_piedras;SDO;Puerto Rico;;Partido politico de Piedras;[[:conceptos:partido|Partido politico]] de Piedras;False
3397;SDO;PTSDPRHU;Partido politico;Humacao;Humacao;1781;arbitrary;9999;end;;;;;False;;Part.;Part.;humacado_partido_sdo;conceptos:partido;SDPRHUPT;sdo_puerto rico_humacado;SDO;Puerto Rico;;Partido politico de Humacao;[[:conceptos:partido|Partido politico]] de Humacao;False
3398;SDO;PTSDPRYB;Partido politico;Yabucoa;Yabucoa;1793;exact;9999;end;;;;;False;;Part.;Part.;yabucoa_partido_sdo;conceptos:partido;SDPRYBPT;sdo_puerto rico_yabucoa;SDO;Puerto Rico;;Partido politico de Yabucoa;[[:conceptos:partido|Partido politico]] de Yabucoa;False
3399;SDO;PTSDPRGM;Partido politico;Guayama;Guayama;1736;exact;9999;end;;;;;False;;Part.;Part.;guayama_partido_sdo;conceptos:partido;SDPRGMPT;sdo_puerto rico_guayama;SDO;Puerto Rico;;Partido politico de Guayama;[[:conceptos:partido|Partido politico]] de Guayama;False
3400;SDO;PTSDPRCY;Partido politico;Cayey;Cayey;1773;exact;9999;end;;;;;False;;Part.;Part.;cayey_partido_sdo;conceptos:partido;SDPRCYPT;sdo_puerto rico_cayey;SDO;Puerto Rico;;Partido politico de Cayey;[[:conceptos:partido|Partido politico]] de Cayey;False
3401;SDO;FRSDPRVI;Fronteras;isla de Vieque;Bucaneros;1111;start;9999;end;;;;;False;;Fr.;Fr.;vieques_partido_sdo;conceptos:fronteras;SDPRVIFR;sdo_puerto rico_vieques;SDO;Puerto Rico;s.d.;Fronteras de isla de Vieque;[[:conceptos:fronteras|Fronteras]] de isla de Vieque;False
3402;SDO;JUSDPRSJ;Jurisdiccion;San Juan;San Juan;1701;hgis;1808;hgis;;;;;False;;Jur.;Jur.;san juan_jurisdiccion_sdo;conceptos:jurisdiccion;SDPRSJJU;sdo_puerto rico_san juan;SDO;Puerto Rico;;Jurisdiccion de San Juan;[[:conceptos:jurisdiccion|Jurisdiccion]] de San Juan;False
3403;SDO;PTSDPRBQ;Partido politico;Barranquitas;Barranquitas;1803;exact;9999;end;;;;;False;;Part.;Part.;barranquitas_partido_sdo;conceptos:partido;SDPRBQPT;sdo_puerto rico_barranquitas;SDO;Puerto Rico;;Partido politico de Barranquitas;[[:conceptos:partido|Partido politico]] de Barranquitas;False
3404;SDO;PTSDPRCO;Partido politico;Coamo;Coamo;1701;hgis;9999;end;;;;;False;;Part.;Part.;coamo_partido_sdo;conceptos:partido;SDPRCOPT;sdo_puerto rico_coamo;SDO;Puerto Rico;;Partido politico de Coamo;[[:conceptos:partido|Partido politico]] de Coamo;False
3405;SDO;PTSDPRBY;Partido politico;Bayamon;Bayamon;1772;exact;9999;end;;;;;False;;Part.;Part.;bayamon_partido_sdo;conceptos:partido;SDPRBYPT;sdo_puerto rico_bayamon;SDO;Puerto Rico;;Partido politico de Bayamon;[[:conceptos:partido|Partido politico]] de Bayamon;False
3406;SDO;PTSDPRTA;Partido politico;Toa Alta;Toa Alta;1751;exact;9999;end;;;;;False;;Part.;Part.;toa alta_partido_sdo;conceptos:partido;SDPRTAPT;sdo_puerto rico_toa alta;SDO;Puerto Rico;;Partido politico de Toa Alta;[[:conceptos:partido|Partido politico]] de Toa Alta;False
3407;SDO;PTSDPRTB;Partido politico;Toa Baja;Toa Baja;1745;exact;9999;end;;;;;False;;Part.;Part.;toa baja_partido_sdo;conceptos:partido;SDPRTBPT;sdo_puerto rico_toa baja;SDO;Puerto Rico;;Partido politico de Toa Baja;[[:conceptos:partido|Partido politico]] de Toa Baja;False
3408;SDO;PTSDPRCZ;Partido politico;Corozal;Corozal;1804;exact;9999;end;;;;;False;;Part.;Part.;corozal_partido_sdo;conceptos:partido;SDPRCZPT;sdo_puerto rico_corozal;SDO;Puerto Rico;;Partido politico de Corozal;[[:conceptos:partido|Partido politico]] de Corozal;False
3409;SDO;PTSDPRVA;Partido politico;Vega Alta;Vega Alta;1799;not_after;9999;end;;1799;;;False;;Part.;Part.;vega alta_partido_sdo;conceptos:partido;SDPRVAPT;sdo_puerto rico_vega alta;SDO;Puerto Rico;;Partido politico de Vega Alta;[[:conceptos:partido|Partido politico]] de Vega Alta;False
3411;SDO;PTSDPRVB;Partido politico;La Vega;La Vega;1779;exact;1798;not_after;;;;;False;;Part.;Part.;vega baja_partido_sdo;conceptos:partido;SDPRVBPT;sdo_puerto rico_vega baja;SDO;Puerto Rico;;Partido politico de La Vega;[[:conceptos:partido|Partido politico]] de La Vega;False
3412;SDO;PTSDPRVB;Partido politico;Vega Baja;Vega Baja;1799;not_after;9999;end;;1799;;;False;;Part.;Part.;vega baja_partido_sdo;conceptos:partido;SDPRVBPT;sdo_puerto rico_vega baja;SDO;Puerto Rico;;Partido politico de Vega Baja;[[:conceptos:partido|Partido politico]] de Vega Baja;False
3413;SDO;PTSDPRMA;Tenencia a guerra;Ribera de Manati;Ribera de Manati;1728;exact;1732;exact;;;;;False;;Ten.;Ten.;manati_partido_sdo;conceptos:jurisdiccion_militar;SDPRMAPT;sdo_puerto rico_manati;SDO;Puerto Rico;;Tenencia a guerra de Ribera de Manati;[[:conceptos:jurisdiccion_militar|Tenencia a guerra]] de Ribera de Manati;False
3414;SDO;PTSDPRMA;Partido politico;Manati;Manati;1733;exact;9999;end;;;;;False;;Part.;Part.;manati_partido_sdo;conceptos:partido;SDPRMAPT;sdo_puerto rico_manati;SDO;Puerto Rico;;Partido politico de Manati;[[:conceptos:partido|Partido politico]] de Manati;False
3415;SDO;PTSDPRAR;Partido politico;Arecibo;Arecibo;1701;hgis;9999;end;;;;;False;;Part.;Part.;arecibo_partido_sdo;conceptos:partido;SDPRARPT;sdo_puerto rico_arecibo;SDO;Puerto Rico;;Partido politico de Arecibo;[[:conceptos:partido|Partido politico]] de Arecibo;False
3416;SDO;PTSDPRCM;Partido politico;Camuy;Camuy;1807;exact;9999;end;;;;;False;;Part.;Part.;camuy_partido_sdo;conceptos:partido;SDPRCMPT;sdo_puerto rico_camuy;SDO;Puerto Rico;;Partido politico de Camuy;[[:conceptos:partido|Partido politico]] de Camuy;False
3417;SDO;PTSDPRTU;Partido politico;Tuna;Tuna;1725;not_before;9999;end;1725;;;;False;;Part.;Part.;tuna_partido_sdo;conceptos:partido;SDPRTUPT;sdo_puerto rico_tuna;SDO;Puerto Rico;;Partido politico de Tuna;[[:conceptos:partido|Partido politico]] de Tuna;False
3418;SDO;PTSDPRAA;Partido politico;Aguadilla;Aguadilla;1780;exact;9999;end;;;;;False;;Part.;Part.;aguadilla_partido_sdo;conceptos:partido;SDPRAAPT;sdo_puerto rico_aguadilla;SDO;Puerto Rico;;Partido politico de Aguadilla;[[:conceptos:partido|Partido politico]] de Aguadilla;False
3419;SDO;PTSDPRAG;Partido politico;Aguada;Aguada;1701;hgis;9999;end;;;;;False;;Part.;Part.;aguada_partido_sdo;conceptos:partido;SDPRAGPT;sdo_puerto rico_aguada;SDO;Puerto Rico;;Partido politico de Aguada;[[:conceptos:partido|Partido politico]] de Aguada;False
3420;SDO;PTSDPRMO;Partido politico;Moca;Moca;1772;exact;9999;end;;;;;False;;Part.;Part.;moca_partido_sdo;conceptos:partido;SDPRMOPT;sdo_puerto rico_moca;SDO;Puerto Rico;;Partido politico de Moca;[[:conceptos:partido|Partido politico]] de Moca;False
3421;SDO;PTSDPRRI;Partido politico;Rincon;Rincon;1772;exact;9999;end;;;;;False;;Part.;Part.;rincon_partido_sdo;conceptos:partido;SDPRRIPT;sdo_puerto rico_rincon;SDO;Puerto Rico;;Partido politico de Rincon;[[:conceptos:partido|Partido politico]] de Rincon;False
3422;SDO;PTSDPRAN;Partido politico;Añasco;Añasco;1733;exact;9999;end;;;;;False;;Part.;Part.;añasco_partido_sdo;conceptos:partido;SDPRANPT;sdo_puerto rico_añasco;SDO;Puerto Rico;;Partido politico de Añasco;[[:conceptos:partido|Partido politico]] de Añasco;False
3423;SDO;PTSDPRMY;Partido politico;Mayagues;Mayagues;1760;exact;9999;end;;;;;False;;Part.;Part.;mayagues_partido_sdo;conceptos:partido;SDPRMYPT;sdo_puerto rico_mayagues;SDO;Puerto Rico;;Partido politico de Mayagues;[[:conceptos:partido|Partido politico]] de Mayagues;False
3424;SDO;PTSDPRCR;Partido politico;Cabo Rojo;Cabo Rojo;1771;exact;9999;end;;;;;False;;Part.;Part.;cabo rojo_partido_sdo;conceptos:partido;SDPRCRPT;sdo_puerto rico_cabo rojo;SDO;Puerto Rico;;Partido politico de Cabo Rojo;[[:conceptos:partido|Partido politico]] de Cabo Rojo;False
3425;SDO;JUSDPRSG;Jurisdiccion;San German;San German;1701;hgis;9999;end;;;;;False;;Jur.;Jur.;san german_partido_sdo;conceptos:jurisdiccion;SDPRSGJU;sdo_puerto rico_san german;SDO;Puerto Rico;;Jurisdiccion de San German;[[:conceptos:jurisdiccion|Jurisdiccion]] de San German;False
3426;SDO;PTSDPRYC;Partido politico;Yauco;Yauco;1756;exact;9999;end;;;;;False;;Part.;Part.;yauco_partido_sdo;conceptos:partido;SDPRYCPT;sdo_puerto rico_yauco;SDO;Puerto Rico;;Partido politico de Yauco;[[:conceptos:partido|Partido politico]] de Yauco;False
3427;SDO;PTSDPRPE;Partido politico;Peñuelas;Peñuelas;1793;exact;9999;end;;;;;False;;Part.;Part.;peñuela_partido_sdo;conceptos:partido;SDPRPEPT;sdo_puerto rico_peñuela;SDO;Puerto Rico;;Partido politico de Peñuelas;[[:conceptos:partido|Partido politico]] de Peñuelas;False
3428;SDO;PTSDPRPO;Partido politico;Ponce;Ponce;1701;hgis;9999;end;;;;;False;;Part.;Part.;ponce_partido_sdo;conceptos:partido;SDPRPOPT;sdo_puerto rico_ponce;SDO;Puerto Rico;;Partido politico de Ponce;[[:conceptos:partido|Partido politico]] de Ponce;False
3429;SDO;PTSDPRUT;Partido politico;Utuado;Utuado;1739;exact;9999;end;;;;;False;;Part.;Part.;utuado_partido_sdo;conceptos:partido;SDPRUTPT;sdo_puerto rico_utuado;SDO;Puerto Rico;;Partido politico de Utuado;[[:conceptos:partido|Partido politico]] de Utuado;False
3430;SDO;PTSDPRJD;Partido politico;Juana Diaz;Juana Diaz;1798;exact;9999;end;;;;;False;;Part.;Part.;juana diaz_partido_sdo;conceptos:partido;SDPRJDPT;sdo_puerto rico_juana diaz;SDO;Puerto Rico;;Partido politico de Juana Diaz;[[:conceptos:partido|Partido politico]] de Juana Diaz;False
3431;SDO;PTSDPRVP;Partido politico;Vegas y Pepino;Vegas y Pepino;1752;exact;9999;end;;;;;False;;Part.;Part.;vegas y pepino_partido_sdo;conceptos:partido;SDPRVPPT;sdo_puerto rico_vegas y pepino;SDO;Puerto Rico;;Partido politico de Vegas y Pepino;[[:conceptos:partido|Partido politico]] de Vegas y Pepino;False
3432;SDO;PTSDPRBY;Tenencia a Guerra;Ribera de Bayamon;Ribera de Bayamon;1111;start;1771;exact;;;;;False;;Ten.;Part.;bayamon_partido_sdo;conceptos:partido;SDPRBYPT;sdo_puerto rico_bayamon;SDO;Puerto Rico;;Tenencia a Guerra de Ribera de Bayamon;[[:conceptos:partido|Tenencia a Guerra]] de Ribera de Bayamon;False
3433;SDO;PTSDPRLO;Tenencia a guerra;Ribera de Loiza;Ribera de Loiza;1701;hgis;1722;exact;;;;;False;;Ten.;Ten.;loiza_partido_sdo;conceptos:jurisdiccion_militar;SDPRLOPT;sdo_puerto rico_loiza;SDO;Puerto Rico;;Tenencia a guerra de Ribera de Loiza;[[:conceptos:jurisdiccion_militar|Tenencia a guerra]] de Ribera de Loiza;False
3434;SDO;PTSDPRCG;Partido politico;Caguas;Caguas;1775;ca;9999;end;;;;;False;;Part.;Part.;caguas_partido_sdo;conceptos:partido;SDPRCGPT;sdo_puerto rico_caguas;SDO;Puerto Rico;;Partido politico de Caguas;[[:conceptos:partido|Partido politico]] de Caguas;False
3435;SDO;PTSDPRCG;Tenencia a guerra;Caguas;Caguas;1740;ca;1774;ca;;;;;False;;Ten.;Ten.;caguas_partido_sdo;conceptos:jurisdiccion_militar;SDPRCGPT;sdo_puerto rico_caguas;SDO;Puerto Rico;;Tenencia a guerra de Caguas;[[:conceptos:jurisdiccion_militar|Tenencia a guerra]] de Caguas;False
3436;SDO;PTSDPRHU;Tenencia a Guerra;Humacao;Humacao;1722;ca;1780;arbitrary;;;;;False;;Ten.;Part.;humacado_partido_sdo;conceptos:partido;SDPRHUPT;sdo_puerto rico_humacado;SDO;Puerto Rico;;Tenencia a Guerra de Humacao;[[:conceptos:partido|Tenencia a Guerra]] de Humacao;False
3437;SDO;PTSDPRMB;Partido politico;Maunabo;Maunabo;1799;exact;9999;end;;;;;False;;Part.;Part.;maunabo_partido_sdo;conceptos:partido;SDPRMBPT;sdo_puerto rico_maunabo;SDO;Puerto Rico;;Partido politico de Maunabo;[[:conceptos:partido|Partido politico]] de Maunabo;False
3438;GUA;JUGUGUIS;Partido;Isla de San Andres;Isla de San Andres;1787;exact;1794;exact;;;;;False;;Part.;Part.;isla de san andres_jurisdiccion_gua;conceptos:partido;GUGUISJU;gua_guatemala_isla de san andres;GUA;Guatemala;;Partido de Isla de San Andres;[[:conceptos:partido|Partido]] de Isla de San Andres;False
3439;SDO;PTSDPRTB;Partido politico;Ribera de Toa;Ribera de Toa;1701;hgis;1744;exact;;;;;False;;Part.;Part.;toa baja_partido_sdo;conceptos:partido;SDPRTBPT;sdo_puerto rico_toa baja;SDO;Puerto Rico;;Partido politico de Ribera de Toa;[[:conceptos:partido|Partido politico]] de Ribera de Toa;False
3440;SDO;JUSDSDFN;Gobernacion de Armas;Frontera del Norte;Frontera del Norte;1718;not_after;1764;exact;;1718;;;False;;GdA;GdA;frontera del norte_jurisdiccion_sdo;conceptos:jurisdiccion_militar;SDSDFNJU;sdo_santo domingo_frontera del norte;SDO;Santo Domingo;;Gobernacion de Armas de Frontera del Norte;[[:conceptos:jurisdiccion_militar|Gobernacion de Armas]] de Frontera del Norte;False
3441;SDO;JUSDSDFS;Gobernacion de Armas;Frontera del Sur;Frontera del Sur;1721;not_after;1764;exact;;1721;;;False;;GdA;GdA;frontera sur_jurisdiccion_sdo;conceptos:jurisdiccion_militar;SDSDFSJU;sdo_santo domingo_frontera sur;SDO;Santo Domingo;;Gobernacion de Armas de Frontera del Sur;[[:conceptos:jurisdiccion_militar|Gobernacion de Armas]] de Frontera del Sur;False
3444;CHA;MICCCBYU;Fronteras;Yuracarees;Paititi;1111;start;1775;ca;;;;;False;;Fr.;Fr.;yuracarees_misiones_cha;conceptos:fronteras;CCCBYUMI;cha_cochabamba_yuracarees;CHA;Cochabamba;s.d.;Fronteras de Yuracarees;[[:conceptos:fronteras|Fronteras]] de Yuracarees;False
3445;CHA;MICCCBYU;Fronteras;Yuracarees;Paititi;1804;exact;1805;exact;;;;;False;;Fr.;Fr.;yuracarees_misiones_cha;conceptos:fronteras;CCCBYUMI;cha_cochabamba_yuracarees;CHA;Cochabamba;;Fronteras de Yuracarees;[[:conceptos:fronteras|Fronteras]] de Yuracarees;False
3448;GDJ;PTGDCOSS;Presidio;San Saba;San Saba;1757;exact;1771;exact;;;;;False;;Com.;Com.;san saba_partido_gdj;conceptos:jurisdiccion_militar;GDCOSSPT;gdj_coahuila_san saba;GDJ;Coahuila;div-presidio;Presidio de San Saba;[[:conceptos:jurisdiccion_militar|Presidio]] de San Saba;False
3456;GDJ;JUGDCOPR;Presidios;Frontera de Coahuila;Frontera de Coahuila;1772;exact;1808;hgis;;;;;False;;Com.;Com.;presidios de la frontera_jurisdiccion_gdj;conceptos:jurisdiccion_militar;GDCOPRJU;gdj_coahuila_presidios de la frontera;GDJ;Coahuila;s.d.;Presidios de Frontera de Coahuila;[[:conceptos:jurisdiccion_militar|Presidios]] de Frontera de Coahuila;False
3459;GDJ;PMGDTXNA;Presidio;Texas;Texas;1716;exact;1718;exact;;;;;False;;Com.;Com.;nacogdoches_presidio_gdj;conceptos:jurisdiccion_militar;GDTXNAPM;gdj_texas_nacogdoches;GDJ;Texas;div-texas;Presidio de Texas;[[:conceptos:jurisdiccion_militar|Presidio]] de Texas;False
3460;GDJ;PMGDTXNA;Fronteras;Texas;Quivira;1111;start;1715;exact;;;;;False;;Fr.;Fr.;nacogdoches_presidio_gdj;conceptos:fronteras;GDTXNAPM;gdj_texas_nacogdoches;GDJ;Texas;s.d.;Fronteras de Texas;[[:conceptos:fronteras|Fronteras]] de Texas;False
3461;GDJ;PMGDCOSF;Jurisdiccion;San Fernando de Austria;San Fernando de Austria;1753;exact;1780;exact;;;;;False;;Jur.;Jur.;san fernando de austria_partido_gdj;conceptos:jurisdiccion;GDCOSFPM;gdj_coahuila_san fernando de austria;GDJ;Coahuila;div-coahuila;Jurisdiccion de San Fernando de Austria;[[:conceptos:jurisdiccion|Jurisdiccion]] de San Fernando de Austria;False
3462;GDJ;PMGDCOSF;Tenencia de gobierno;San Fernando de Austria;San Fernando de Austria;1781;exact;1808;hgis;;;;;False;;Ten.;Part.;san fernando de austria_partido_gdj;conceptos:partido;GDCOSFPM;gdj_coahuila_san fernando de austria;GDJ;Coahuila;div-coahuila;Tenencia de gobierno de San Fernando de Austria;[[:conceptos:partido|Tenencia de gobierno]] de San Fernando de Austria;False
3463;GDJ;PMGDCOCA;Alcaldia Mayor;Candela;Valle de la Candela;1701;hgis;1776;ca;;;;;False;;AM;AM;candela_partido_gdj;conceptos:alcaldia_mayor;GDCOCAPM;gdj_coahuila_candela;GDJ;Coahuila;div-coahuila;Alcaldia Mayor de Candela;[[:conceptos:alcaldia_mayor|Alcaldia Mayor]] de Candela;False
3464;GDJ;PMGDCOCA;Jurisdiccion;Candela;San Carlos de Candela;1777;ca;1808;hgis;;;;;False;;Jur.;Jur.;candela_partido_gdj;conceptos:jurisdiccion;GDCOCAPM;gdj_coahuila_candela;GDJ;Coahuila;div-coahuila;Jurisdiccion de Candela;[[:conceptos:jurisdiccion|Jurisdiccion]] de Candela;False
3465;GDJ;PMGDCOSB;Alcaldia Mayor;San Buenaventura;Valle de San Buenaventura;1748;ca;1777;ca;;;;;False;;AM;AM;valle de san buenaventura_partido_gdj;conceptos:alcaldia_mayor;GDCOSBPM;gdj_coahuila_valle de san buenaventura;GDJ;Coahuila;div-coahuila;Alcaldia Mayor de San Buenaventura;[[:conceptos:alcaldia_mayor|Alcaldia Mayor]] de San Buenaventura;False
3466;GDJ;PMGDCOSB;Partido;San Antonio de Bucareli;San Antonio de Bucareli;1778;ca;1808;hgis;;;;;False;;Part.;Part.;valle de san buenaventura_partido_gdj;conceptos:partido;GDCOSBPM;gdj_coahuila_valle de san buenaventura;GDJ;Coahuila;div-coahuila;Partido de San Antonio de Bucareli;[[:conceptos:partido|Partido]] de San Antonio de Bucareli;False
3467;GDJ;PMGDTXNA;Fronteras;Texas;Quivira;1719;exact;1720;exact;;;;;False;;Fr.;Fr.;nacogdoches_presidio_gdj;conceptos:fronteras;GDTXNAPM;gdj_texas_nacogdoches;GDJ;Texas;div-texas;Fronteras de Texas;[[:conceptos:fronteras|Fronteras]] de Texas;False
3468;GDJ;PMGDTXNA;Fronteras;Texas;Quivira;1773;exact;1778;exact;;;;;False;;Fr.;Fr.;nacogdoches_presidio_gdj;conceptos:fronteras;GDTXNAPM;gdj_texas_nacogdoches;GDJ;Texas;div-texas;Fronteras de Texas;[[:conceptos:fronteras|Fronteras]] de Texas;False
3469;RPL;FRPAMAGU;Fronteras;Guayra;Mamelucos;1111;start;1808;hgis;;;;;False;;Fr.;Fr.;guayra_fronteras_rpl;conceptos:fronteras;PAMAGUFR;rpl_fronteras_guayra;RPL;Fronteras;s.d.;Fronteras de Guayra;[[:conceptos:fronteras|Fronteras]] de Guayra;False
3470;RPL;FRPAMAIT;Fronteras;Itatines y Jerez;Mamelucos;1111;start;1808;hgis;;;;;False;;Fr.;Fr.;itatines_fronteras_rpl;conceptos:fronteras;PAMAITFR;rpl_fronteras_itatines;RPL;Fronteras;s.d.;Fronteras de Itatines y Jerez;[[:conceptos:fronteras|Fronteras]] de Itatines y Jerez;False
3471;GDJ;JUGDNLCZ;Jurisdiccion;Carrizal;Carrizal;1807;exact;1808;hgis;;;;;False;;Jur.;Jur.;carrizal_jurisdiccion_gdj;conceptos:jurisdiccion;GDNLCZJU;gdj_nuevo leon_carrizal;GDJ;Nuevo Leon;div-nueva-galicia;Jurisdiccion de Carrizal;[[:conceptos:jurisdiccion|Jurisdiccion]] de Carrizal;False
3472;GDJ;PTGDNLSA;Partido;San Antonio;San Antonio de los Llanos;1111;start;1751;not_after;;;;;False;;Part.;Part.;san antonio de los llanos_partido_gdj;conceptos:partido;GDNLSAPT;gdj_nuevo leon_san antonio de los llanos;GDJ;Nuevo Leon;div-nuevo-leon;Partido de San Antonio;[[:conceptos:partido|Partido]] de San Antonio;False
3473;GDJ;JUGDNLSB;Alcaldia Mayor;Sabinas;Santiago de Sabinas;1715;ca;1772;exact;;;;;False;;AM;AM;sabinas_jurisdiccion_gdj;conceptos:alcaldia_mayor;GDNLSBJU;gdj_nuevo leon_sabinas;GDJ;Nuevo Leon;div-nueva-galicia;Alcaldia Mayor de Sabinas;[[:conceptos:alcaldia_mayor|Alcaldia Mayor]] de Sabinas;False
3474;GDJ;JUGDNLIG;Alcaldia Mayor;La Iguana;La Iguana;1762;exact;1772;exact;;;;;False;;AM;AM;la iguana_jurisdiccion_gdj;conceptos:alcaldia_mayor;GDNLIGJU;gdj_nuevo leon_la iguana;GDJ;Nuevo Leon;div-nueva-galicia;Alcaldia Mayor de La Iguana;[[:conceptos:alcaldia_mayor|Alcaldia Mayor]] de La Iguana;False
3475;GDJ;JUGDNLSB;Tenencia de subdelegacion;Sabinas;Santiago de Sabinas;1787;not_before;1808;hgis;1787;;;;False;;Ten.;Part.;sabinas_jurisdiccion_gdj;conceptos:partido;GDNLSBJU;gdj_nuevo leon_sabinas;GDJ;Nuevo Leon;div-nueva-galicia;Tenencia de subdelegacion de Sabinas;[[:conceptos:partido|Tenencia de subdelegacion]] de Sabinas;False
3476;GDJ;JUGDNLIG;Partido;La Iguana;La Iguana;1773;exact;9999;hgis;;;;;False;;Part.;Part.;la iguana_jurisdiccion_gdj;conceptos:partido;GDNLIGJU;gdj_nuevo leon_la iguana;GDJ;Nuevo Leon;div-nueva-galicia;Partido de La Iguana;[[:conceptos:partido|Partido]] de La Iguana;False
3479;QUI;PRQUCU00;Corregimiento;Cuenca;Cuenca;1580;exact;1770;exact;;;;;False;;C;C;cuenca_provincia_qui;conceptos:corregimiento;QUCU00PR;qui_provincia_cuenca;QUI;Provincia;;Corregimiento de Cuenca;[[:conceptos:corregimiento|Corregimiento]] de Cuenca;False
3481;GUA;PTGUGUES;Partido;Escuintla;Escuintla;1701;hgis;1808;hgis;;;;;False;JUGUGUES;Jur.;Jur.;escuintla_partido_gua;conceptos:cabecera;GUGUESPT;gua_guatemala_escuintla;GUA;Guatemala;;Partido cabecera de Escuintla;[[:conceptos:cabecera|Partido cabecera]] de Escuintla;True
3482;GUA;PTGUGUSO;Partido;Solola;Solola;1689;exact;1808;hgis;;;;;False;;Part.;Part.;solola_partido_gua;conceptos:partido;GUGUSOPT;gua_guatemala_solola;GUA;Guatemala;;Partido de Solola;[[:conceptos:partido|Partido]] de Solola;False
3483;PER;JUPELICO;Presidio;El Callao;El Callao;1701;hgis;1745;not_after;;;;;False;;Com.;Com.;callao_jurisdiccion_per;conceptos:jurisdiccion_militar;PELICOJU;per_lima_callao;PER;Lima;;Presidio de El Callao;[[:conceptos:jurisdiccion_militar|Presidio]] de El Callao;False
3484;NES;PTNEGJCE;Jurisdiccion;Celaya;Celaya;1571;exact;1808;hgis;;;;;False;JUNEGJCE;Jur.;Jur.;celaya_partido_nes;conceptos:cabecera;NEGJCEPT;nes_guanajuato_celaya;NES;Guanajuato;div-nueva-espana;Jurisdiccion cabecera de Celaya;[[:conceptos:cabecera|Jurisdiccion cabecera]] de Celaya;True
3485;NES;PTNEGJSM;Jurisdiccion;San Miguel;San Miguel;1111;start;1808;hgis;;;;;False;JUNEGJSM;Jur.;Jur.;san miguel el grande_partido_nes;conceptos:cabecera;NEGJSMPT;nes_guanajuato_san miguel el grande;NES;Guanajuato;div-nueva-espana;Jurisdiccion cabecera de San Miguel;[[:conceptos:cabecera|Jurisdiccion cabecera]] de San Miguel;True
3486;NES;JUNEGJSF;Partido;San Felipe;San Felipe;1111;start;1786;exact;;;;;False;;Part.;Part.;san felipe_jurisdiccion_nes;conceptos:partido;NEGJSFJU;nes_guanajuato_san felipe;NES;Guanajuato;div-nueva-espana;Partido de San Felipe;[[:conceptos:partido|Partido]] de San Felipe;False
3487;NES;PTNEGJLE;Jurisdiccion;Villa de Leon;Villa de Leon;1670;ca;1808;hgis;;;;;False;JUNEGJLE;Jur.;Jur.;villa de leon_partido_nes;conceptos:cabecera;NEGJLEPT;nes_guanajuato_villa de leon;NES;Guanajuato;div-nueva-espana;Jurisdiccion cabecera de Villa de Leon;[[:conceptos:cabecera|Jurisdiccion cabecera]] de Villa de Leon;True
3488;NES;PTNEMITC;Partido;Tancitaro;Tancitaro;1111;start;1787;exact;;;;;False;JUNEMITC;Jur.;Jur.;tancitaro_partido_nes;conceptos:cabecera;NEMITCPT;nes_michoacan_tancitaro;NES;Michoacan;div-nueva-espana;Partido cabecera de Tancitaro;[[:conceptos:cabecera|Partido cabecera]] de Tancitaro;True
3489;NES;PTNEMITC;Partido;Apatzingan;Apatzingan;1788;exact;1808;hgis;;;;;False;JUNEMITC;Jur.;Jur.;tancitaro_partido_nes;conceptos:cabecera;NEMITCPT;nes_michoacan_tancitaro;NES;Michoacan;div-nueva-espana;Partido cabecera de Apatzingan;[[:conceptos:cabecera|Partido cabecera]] de Apatzingan;True
3490;NES;PTNEMIMA;Partido;Maravatio;Maravatio;1111;start;1789;exact;;;;;False;JUNEMIMA;Jur.;Jur.;maravatio_partido_nes;conceptos:cabecera;NEMIMAPT;nes_michoacan_maravatio;NES;Michoacan;div-nueva-espana;Partido cabecera de Maravatio;[[:conceptos:cabecera|Partido cabecera]] de Maravatio;True
3491;NES;PTNEMIMA;Partido;Zitacuaro;Zitacuaro;1790;not_after;1808;hgis;;1790;;;False;JUNEMIMA;Jur.;Jur.;maravatio_partido_nes;conceptos:cabecera;NEMIMAPT;nes_michoacan_maravatio;NES;Michoacan;div-nueva-espana;Partido cabecera de Zitacuaro;[[:conceptos:cabecera|Partido cabecera]] de Zitacuaro;True
3492;NES;PTNEMITZ;Partido;Tlazazalca;Tlazazalca;1111;start;1808;hgis;;;;;False;JUNEMITZ;Jur.;Jur.;tlazazalca_partido_nes;conceptos:cabecera;NEMITZPT;nes_michoacan_tlazazalca;NES;Michoacan;div-nueva-espana;Partido cabecera de Tlazazalca;[[:conceptos:cabecera|Partido cabecera]] de Tlazazalca;True
3493;NES;PTNEMIJI;Partido;Jiquilpan;Jiquilpan;1111;start;1808;hgis;;;;;False;JUNEMIJI;Jur.;Jur.;jiquipan_partido_nes;conceptos:cabecera;NEMIJIPT;nes_michoacan_jiquipan;NES;Michoacan;div-nueva-espana;Partido cabecera de Jiquilpan;[[:conceptos:cabecera|Partido cabecera]] de Jiquilpan;True
3494;NES;PTNEMXTA;Partido;Taxco;Taxco;1111;start;1808;hgis;;;;;False;JUNEMXTA;Jur.;Jur.;taxco_partido_nes;conceptos:cabecera;NEMXTAPT;nes_mexico_taxco;NES;Mexico;div-nueva-espana;Partido cabecera de Taxco;[[:conceptos:cabecera|Partido cabecera]] de Taxco;True
3495;NES;PTNEMXTE;Partido;Temascaltepec;Temascaltepec;1111;start;1808;hgis;;;;;False;JUNEMXTE;Jur.;Jur.;temascaltepec_partido_nes;conceptos:cabecera;NEMXTEPT;nes_mexico_temascaltepec;NES;Mexico;div-nueva-espana;Partido cabecera de Temascaltepec;[[:conceptos:cabecera|Partido cabecera]] de Temascaltepec;True
3496;NES;PTNEMXCH;Partido;Chalco;Chalco;1533;not_before;1808;hgis;;;;;False;JUNEMXCH;Jur.;Jur.;chalco_partido_nes;conceptos:cabecera;NEMXCHPT;nes_mexico_chalco;NES;Mexico;div-nueva-espana;Partido cabecera de Chalco;[[:conceptos:cabecera|Partido cabecera]] de Chalco;True
3497;NES;PTNEMXCT;Partido;Cuautla;Cuautla;1111;start;1808;hgis;;;;;False;JUNEMXCT;Jur.;Jur.;cuautla_partido_nes;conceptos:cabecera;NEMXCTPT;nes_mexico_cuautla;NES;Mexico;div-nueva-espana;Partido cabecera de Cuautla;[[:conceptos:cabecera|Partido cabecera]] de Cuautla;True
3498;NES;PTNEMXTP;Partido;Tetepango;Tetepango;1591;not_after;1808;hgis;;;;;False;JUNEMXTP;Jur.;Jur.;tetepango_partido_nes;conceptos:cabecera;NEMXTPPT;nes_mexico_tetepango;NES;Mexico;div-nueva-espana;Partido cabecera de Tetepango;[[:conceptos:cabecera|Partido cabecera]] de Tetepango;True
3500;NES;PTNEMXZP;Partido;Zacualpan;Zacualpan;1111;start;1808;hgis;;;;;False;JUNEMXZP;Jur.;Jur.;zacualpan_partido_nes;conceptos:cabecera;NEMXZPPT;nes_mexico_zacualpan;NES;Mexico;div-nueva-espana;Partido cabecera de Zacualpan;[[:conceptos:cabecera|Partido cabecera]] de Zacualpan;True
3501;NES;PTNEVCCS;Partido;Cosamaloapan;Cosamaloapan;1535;not_before;1808;hgis;;;;;False;JUNEVCCS;Jur.;Jur.;cosamaloapan_partido_nes;conceptos:cabecera;NEVCCSPT;nes_veracruz_cosamaloapan;NES;Veracruz;div-nueva-espana;Partido cabecera de Cosamaloapan;[[:conceptos:cabecera|Partido cabecera]] de Cosamaloapan;True
3502;NES;JUNEOATL;Alcaldia Mayor;Teutila;Teutila y Chinantla;1770;ca;1786;exact;;;;;False;;AM;AM;teutila_jurisdiccion_nes;conceptos:alcaldia_mayor;NEOATLJU;nes_oaxaca_teutila;NES;Oaxaca;div-nueva-espana;Alcaldia Mayor de Teutila;[[:conceptos:alcaldia_mayor|Alcaldia Mayor]] de Teutila;False
3503;NES;PTNEOATL;Partido;Teutila;Teutila;1111;start;1808;hgis;;;;;False;JUNEOATL;Jur.;Jur.;teutila_partido_nes;conceptos:cabecera;NEOATLPT;nes_oaxaca_teutila;NES;Oaxaca;div-nueva-espana;Partido cabecera de Teutila;[[:conceptos:cabecera|Partido cabecera]] de Teutila;True
3504;NES;JUNEOAHT;Partido;Huatulco;Huatulco;1600;ca;1709;not_after;;;;;False;;Part.;Part.;huatulco_partido_nes;conceptos:partido;NEOAHTJU;nes_oaxaca_huatulco;NES;Oaxaca;div-nueva-espana;Partido de Huatulco;[[:conceptos:partido|Partido]] de Huatulco;False
3505;NES;JUNEOAHT;Partido;Huatulco;Huatulco;1714;not_after;1737;not_after;;1714;;;False;;Part.;Part.;huatulco_partido_nes;conceptos:partido;NEOAHTJU;nes_oaxaca_huatulco;NES;Oaxaca;div-nueva-espana;Partido de Huatulco;[[:conceptos:partido|Partido]] de Huatulco;False
3506;NES;JUNEOAHT;Partido;Huatulco;Huatulco;1742;not_after;1808;hgis;;1742;;;False;;Part.;Part.;huatulco_partido_nes;conceptos:partido;NEOAHTJU;nes_oaxaca_huatulco;NES;Oaxaca;div-nueva-espana;Partido de Huatulco;[[:conceptos:partido|Partido]] de Huatulco;False
3507;NES;PTNEOAHM;Partido;Huamelula;Huamelula;1600;ca;1786;exact;;;;;False;JUNEOAHM;Jur.;Jur.;huamelula_partido_nes;conceptos:cabecera;NEOAHMPT;nes_oaxaca_huamelula;NES;Oaxaca;div-nueva-espana;Partido cabecera de Huamelula;[[:conceptos:cabecera|Partido cabecera]] de Huamelula;True
3508;NES;PTNEOAHM;Partido;Huamelula;Huamelula;1787;exact;1794;not_after;;;;;False;;Part.;Part.;huamelula_partido_nes;conceptos:partido;NEOAHMPT;nes_oaxaca_huamelula;NES;Oaxaca;div-nueva-espana;Partido de Huamelula;[[:conceptos:partido|Partido]] de Huamelula;False
3509;NES;PTNEOAHM;Partido;Huamelula;Huamelula;1795;not_after;9999;end;;1795;;;False;JUNEOAHM;Jur.;Jur.;huamelula_partido_nes;conceptos:cabecera;NEOAHMPT;nes_oaxaca_huamelula;NES;Oaxaca;div-nueva-espana;Partido cabecera de Huamelula;[[:conceptos:cabecera|Partido cabecera]] de Huamelula;True
3510;NES;PTNEOANO;Partido;Nochixtlan;Nochixtlan;1111;start;1808;hgis;;;;;False;JUNEOANO;Jur.;Jur.;nochixtlan_partido_nes;conceptos:cabecera;NEOANOPT;nes_oaxaca_nochixtlan;NES;Oaxaca;div-nueva-espana;Partido cabecera de Nochixtlan;[[:conceptos:cabecera|Partido cabecera]] de Nochixtlan;True
3511;NES;PTNEPUTS;Partido;Tepexi de la Seda;Tepexi de la Seda;1111;start;1808;hgis;;;;;False;JUNEPUTS;Jur.;Jur.;tepexi de la seda_partido_nes;conceptos:cabecera;NEPUTSPT;nes_puebla_tepexi de la seda;NES;Puebla;div-nueva-espana;Partido cabecera de Tepexi de la Seda;[[:conceptos:cabecera|Partido cabecera]] de Tepexi de la Seda;True
3513;NES;PTNEPUPU;Partido;Puebla;Puebla;1111;start;1808;hgis;;;;;False;JUNEPUPU;Part.;Part.;puebla_partido_nes;conceptos:cabecera;NEPUPUPT;nes_puebla_puebla;NES;Puebla;div-nueva-espana;Jurisdiccion cabecera de Puebla;[[:conceptos:cabecera|Jurisdiccion cabecera]] de Puebla;True
3514;NES;JUNEPUTP;Alcaldia Mayor;Tepeaca;Tepeaca y Tecali;1555;exact;1709;ca;;;1708;1709;False;;AM;AM;tepeaca_jurisdiccion_nes;conceptos:alcaldia_mayor;NEPUTPJU;nes_puebla_tepeaca;NES;Puebla;div-nueva-espana;Alcaldia Mayor de Tepeaca;[[:conceptos:alcaldia_mayor|Alcaldia Mayor]] de Tepeaca;False
3515;NES;PTNESLCH;Partido;Charcas;Charcas;1696;exact;1808;hgis;;;;;False;JUNESLCH;Jur.;Jur.;charcas_partido_nes;conceptos:cabecera;NESLCHPT;nes_san luis potosi_charcas;NES;San Luis Potosi;div-nueva-espana;Partido cabecera de Charcas;[[:conceptos:cabecera|Partido cabecera]] de Charcas;True
3516;NES;PTNEVCXA;Partido;Xalapa;Xalapa;1111;start;1808;hgis;;;;;False;JUNEVCXA;Jur.;Jur.;xalapa_partido_nes;conceptos:cabecera;NEVCXAPT;nes_veracruz_xalapa;NES;Veracruz;div-nueva-espana;Partido cabecera de Xalapa;[[:conceptos:cabecera|Partido cabecera]] de Xalapa;True
3519;NES;JUNEVCVA;Alcaldia Mayor;Misantla;Misantla;1808;not_after;1808;hgis;;1808;;;False;;AM;AM;la antigua_jurisdiccion_nes;conceptos:alcaldia_mayor;NEVCVAJU;nes_veracruz_la antigua;NES;Veracruz;div-nueva-espana;Alcaldia Mayor de Misantla;[[:conceptos:alcaldia_mayor|Alcaldia Mayor]] de Misantla;False
3520;NES;PTNEYUCA;Jurisdiccion;Campeche;Campeche;1111;start;1808;hgis;;;;;False;JUNEYUCA;Jur.;Jur.;campeche_partido_nes;conceptos:cabecera;NEYUCAPT;nes_yucatan_campeche;NES;Yucatan;div-yucatan;Jurisdiccion cabecera de Campeche;[[:conceptos:cabecera|Jurisdiccion cabecera]] de Campeche;True
3522;RPL;PTRPCORC;Jurisdiccion;Rio Cuarto;Rio Cuarto;1801;exact;1808;hgis;;;;;False;;Jur.;Jur.;rio cuarto_jurisdiccion_rpl;conceptos:jurisdiccion;RPCORCPT;rpl_cordoba_rio cuarto;RPL;Cordoba;;Jurisdiccion de Rio Cuarto;[[:conceptos:jurisdiccion|Jurisdiccion]] de Rio Cuarto;False
3523;RPL;PTRPCOLC;Jurisdiccion;La Carlota;La Carlota;1798;exact;1808;hgis;;;;;False;;Jur.;Jur.;la carlota_jurisdiccion_rpl;conceptos:jurisdiccion;RPCOLCPT;rpl_cordoba_la carlota;RPL;Cordoba;;Jurisdiccion de La Carlota;[[:conceptos:jurisdiccion|Jurisdiccion]] de La Carlota;False
3524;RPL;PTRPCOLC;Partido;La Carlota;La Carlota;1794;not_after;1797;exact;;1794;;;False;;Part.;Part.;la carlota_jurisdiccion_rpl;conceptos:partido;RPCOLCPT;rpl_cordoba_la carlota;RPL;Cordoba;;Partido de La Carlota;[[:conceptos:partido|Partido]] de La Carlota;False
3525;RPL;PTRPCORC;Partido;Rio Cuarto;Rio Cuarto;1794;not_after;1800;exact;;1794;;;False;;Part.;Part.;rio cuarto_jurisdiccion_rpl;conceptos:partido;RPCORCPT;rpl_cordoba_rio cuarto;RPL;Cordoba;;Partido de Rio Cuarto;[[:conceptos:partido|Partido]] de Rio Cuarto;False
3526;RPL;PRRPMIMI;Gobernacion Politico-Militar;Misiones;Misiones guaranies;1806;exact;1808;hgis;;;;;True;PRRPPA00;G;Prov.;misiones_provincia_rpl;conceptos:agregado;RPMIMIPR;rpl_provincia_misiones;RPL;Provincia;;Gobernacion Politico-Militar agregada de Misiones;[[:conceptos:agregado|Gobernacion Politico-Militar agregada]] de Misiones;False
3527;NGR;JMNGCHBA;Corregimiento;Baudo;Baudo;1776;not_after;1808;hgis;;1776;;;False;;C;C;baudo_jurisdiccion_ngr;conceptos:corregimiento;NGCHBAJM;ngr_choco_baudo;NGR;Choco;;Corregimiento de Baudo;[[:conceptos:corregimiento|Corregimiento]] de Baudo;False
3528;NGR;JMNGCHMU;Corregimiento;Murri;Murri;1753;not_after;1775;hgis;;1753;;;True;JMNGCHBB;C;Part.;murri_jurisdiccion_ngr;conceptos:agregado;NGCHMUJM;ngr_choco_murri;NGR;Choco;;Corregimiento agregado de Murri;[[:conceptos:agregado|Corregimiento agregado]] de Murri;False
3529;NGR;JMNGCHMU;Partido;Valle de Murri;Valle de Murri;1701;hgis;1752;not_after;;;;;False;;Part.;Part.;murri_jurisdiccion_ngr;conceptos:partido;NGCHMUJM;ngr_choco_murri;NGR;Choco;;Partido de Valle de Murri;[[:conceptos:partido|Partido]] de Valle de Murri;False
3530;NGR;JMNGCHMU;Corregimiento;Murri;Murri;1776;not_after;1808;hgis;;1776;;;False;;C;C;murri_jurisdiccion_ngr;conceptos:corregimiento;NGCHMUJM;ngr_choco_murri;NGR;Choco;;Corregimiento de Murri;[[:conceptos:corregimiento|Corregimiento]] de Murri;False
3531;CHA;FRCCLPBO;Fronteras;Bopis;Paititi;1111;start;9999;end;;;;;False;;Fr.;Fr.;bopis_fronteras_cha;conceptos:fronteras;CCLPBOFR;cha_fronteras_bopis;CHA;Fronteras;MP-BA_200;Fronteras de Bopis;[[:conceptos:fronteras|Fronteras]] de Bopis;False
3532;CHA;PTCCLPMA;Misiones;Mapiri;Gran Paititi;1111;start;9999;end;;;;;False;;Mis.;Mis.;mapiri_partido_cha;conceptos:misiones;CCLPMAPT;cha_la paz_mapiri;CHA;La Paz;;Misiones de Mapiri;[[:conceptos:misiones|Misiones]] de Mapiri;False
3533;NGR;PTNGCATA;Capitania a guerra;Tierradentro;Tierradentro;1790;not_before;1808;hgis;1790;;;;False;;CaG;Part.;tierradentro_partido_ngr;conceptos:capitania_a_guerra;NGCATAPT;ngr_cartagena_tierradentro;NGR;Cartagena;;Capitania a guerra de Tierradentro;[[:conceptos:capitania_a_guerra|Capitania a guerra]] de Tierradentro;False
3534;NGR;PMNGCAST;Partido;Santo Tomas;Santo Tomas;1776;arbitrary;1793;not_after;;;;;False;;Part.;Part.;santo tomas_partido_ngr;conceptos:partido;NGCASTPM;ngr_cartagena_santo tomas;NGR;Cartagena;;Partido de Santo Tomas;[[:conceptos:partido|Partido]] de Santo Tomas;False
3535;NGR;PTNGCAMG;Capitania a Guerra;Rio Cauca;Magangue;1742;ca;1769;not_after;;;;;False;;CaG;Part.;magangue_partido_ngr;conceptos:capitania_a_guerra;NGCAMGPT;ngr_cartagena_magangue;NGR;Cartagena;;Capitania a Guerra de Rio Cauca;[[:conceptos:capitania_a_guerra|Capitania a Guerra]] de Rio Cauca;False
3536;NGR;PTNGCASJ;Partido;Rio San Jorge;Rio San Jorge;1111;start;9999;end;;;;;False;;Part.;Part.;rio san jorge_partido_ngr;conceptos:partido;NGCASJPT;ngr_cartagena_rio san jorge;NGR;Cartagena;;Partido de Rio San Jorge;[[:conceptos:partido|Partido]] de Rio San Jorge;False
3537;NGR;JMNGCASB;Republica;El Palenque;San Basilio;1713;ca;1808;hgis;;;;;False;;Rep.;Rep.;san basilio_jurisdiccion_ngr;conceptos:entidades_atipicas;NGCASBJM;ngr_cartagena_san basilio;NGR;Cartagena;reiter;Republica de El Palenque;[[:conceptos:entidades_atipicas|Republica]] de El Palenque;False
3538;RPL;FRRPYEVA;Fronteras;Yerbales y Vaquerias;Mamelucos;1111;start;1808;hgis;;;;;False;;Fr.;Fr.;yerbales y vaquerias_fronteras_rpl;conceptos:fronteras;RPYEVAFR;rpl_fronteras_yerbales y vaquerias;RPL;Fronteras;s.d.;Fronteras de Yerbales y Vaquerias;[[:conceptos:fronteras|Fronteras]] de Yerbales y Vaquerias;False
3539;RPL;JUCHCYJA;Jurisdiccion;Jachal;Jachal;1751;exact;1777;exact;;;;;False;;Jur.;Jur.;jachal_jurisdiccion_rpl;conceptos:jurisdiccion;CHCYJAJU;rpl_cordoba_jachal;RPL;Cordoba;;Jurisdiccion de Jachal;[[:conceptos:jurisdiccion|Jurisdiccion]] de Jachal;False
3540;NES;FRFLXXXX;Fronteras;La Florida;La Florida;1111;start;9999;end;;;;;False;;Fr.;Fr.;la florida_fronteras_nes;conceptos:fronteras;FLXXXXFR;nes_fronteras_la florida;NES;Fronteras;s.d.;Fronteras de La Florida;[[:conceptos:fronteras|Fronteras]] de La Florida;False
3542;GDJ;JUGDZANI;Subdelegacion;Nieves;Nieves;1792;not_after;1808;hgis;;1796;;;False;;Sd.;Sd.;nieves_jurisdiccion_gdj;conceptos:subdelegacion;GDZANIJU;gdj_zacatecas_nieves;GDJ;Zacatecas;div-nueva-galicia;Subdelegacion de Nieves;[[:conceptos:subdelegacion|Subdelegacion]] de Nieves;False
3543;NES;JUNEMXMZ;Corregimiento;Mexicaltzingo;Mexicaltzingo;1787;exact;1791;not_before;;;;;False;;C;C;mexicaltzingo_jurisdiccion_nes;conceptos:corregimiento;NEMXMZJU;nes_mexico_mexicaltzingo;NES;Mexico;div-nueva-espana;Corregimiento de Mexicaltzingo;[[:conceptos:corregimiento|Corregimiento]] de Mexicaltzingo;False
3544;NGR;FRNGCHCH;Fronteras;Chocoes;Chocoes;1111;start;1808;hgis;;;;;False;;Fr.;Fr.;chocoes_fronteras_ngr;conceptos:fronteras;NGCHCHFR;ngr_fronteras_chocoes;NGR;Fronteras;s.d.;Fronteras de Chocoes;[[:conceptos:fronteras|Fronteras]] de Chocoes;False
3545;GDJ;JUGDDUIN;Partido;Real de Inde;Real de Inde;1777;not_after;1798;not_after;1726;1777;1796;1798;False;;Part.;Part.;inde_jurisdiccion_gdj;conceptos:partido;GDDUINJU;gdj_durango_inde;GDJ;Durango;div-nueva-vizcaya;Partido de Real de Inde;[[:conceptos:partido|Partido]] de Real de Inde;False
3546;NES;JUNEOAHM;Partido;Huatulco y Huamelula;Huatulco y Huamelula;1787;exact;1794;not_after;;;;;False;;Part.;Part.;huatulco y huamelula_jurisdiccion_nes;conceptos:partido;NEOAHMJU;nes_oaxaca_huatulco y huamelula;NES;Oaxaca;div-nueva-espana;Partido de Huatulco y Huamelula;[[:conceptos:partido|Partido]] de Huatulco y Huamelula;False
3547;NGR;FRNGSMGU;Fronteras;Guajiros;Indios bravos;1111;start;1808;hgis;;;;;False;;Fr.;Fr.;guajiros_fronteras_ngr;conceptos:fronteras;NGSMGUFR;ngr_fronteras_guajiros;NGR;Fronteras;mp-panama_168;Fronteras de Guajiros;[[:conceptos:fronteras|Fronteras]] de Guajiros;False
3548;NGR;FRNGSMCH;Fronteras;Chimilas;Indios bravos;1111;start;1808;hgis;;;;;False;;Fr.;Fr.;chimilas_fronteras_ngr;conceptos:fronteras;NGSMCHFR;ngr_fronteras_chimilas;NGR;Fronteras;s.d.;Fronteras de Chimilas;[[:conceptos:fronteras|Fronteras]] de Chimilas;False
3549;NGR;FRNGSMAR;Fronteras;Araguacos;Indios bravos;1111;start;1808;hgis;;;;;False;;Fr.;Fr.;aruacos_fronteras_ngr;conceptos:fronteras;NGSMARFR;ngr_fronteras_aruacos;NGR;Fronteras;s.d.;Fronteras de Araguacos;[[:conceptos:fronteras|Fronteras]] de Araguacos;False
3550;NGR;JUNGPPRC;Jurisdiccion;Rosario;Rosario;1793;exact;1808;hgis;;;;;False;;Jur.;Jur.;rosario de cucuta_jurisdiccion_ngr;conceptos:jurisdiccion;NGPPRCJU;ngr_pamplona_rosario de cucuta;NGR;Pamplona;;Jurisdiccion de Rosario;[[:conceptos:jurisdiccion|Jurisdiccion]] de Rosario;False
3551;CHA;OBCCCC00;Obispado;La Plata;La Plata;1563;exact;1608;exact;;;;;False;;Ao.;Arzob.;la plata_obispado_cha;conceptos:obispado;CCCC00OB;cha_obispado_la plata;CHA;Obispado;catholic-hierarchy;Obispado de La Plata;[[:conceptos:obispado|Obispado]] de La Plata;False
3552;RPL;PRRPBA00;Gobernacion-Capitania General;Rio de la Plata;Rio de la Plata y Paraguay;1535;exact;1619;exact;;;;;False;;G;CG;buenos aires_provincia_rpl;conceptos:gobernacion;RPBA00PR;rpl_provincia_buenos aires;RPL;Provincia;;Gobernacion-Capitania General de Rio de la Plata;[[:conceptos:gobernacion|Gobernacion-Capitania General]] de Rio de la Plata;False
3554;SDO;PRSDIC00;Gobernacion-Capitania General;Cuba;Cuba;1511;exact;1608;exact;;;;;False;;G;CG;cuba_provincia_sdo;conceptos:gobernacion;SDIC00PR;sdo_provincia_cuba;SDO;Provincia;;Gobernacion-Capitania General de Cuba;[[:conceptos:gobernacion|Gobernacion-Capitania General]] de Cuba;False
3555;SDO;PRSDJA00;Marquesado;Jamaica;Jamaica;1537;exact;1654;exact;;;;;False;;Marq.;Marq.;jamaica_provincia_sdo;conceptos:senorio;SDJA00PR;sdo_provincia_jamaica;SDO;Provincia;;Marquesado de Jamaica;[[:conceptos:senorio|Marquesado]] de Jamaica;False
3556;SDO;PRSDJA00;Tenencia de gobernacion;Jamaica;Jamaica;1509;exact;1534;exact;;;;;False;;G;Gob.;jamaica_provincia_sdo;conceptos:jurisdiccion;SDJA00PR;sdo_provincia_jamaica;SDO;Provincia;;Tenencia de gobernacion de Jamaica;[[:conceptos:jurisdiccion|Tenencia de gobernacion]] de Jamaica;False
3558;GUA;AUCO0000;Audiencia Real;Los Confines;Los Confines;1542;exact;1548;exact;;;;;False;;A.;Aud.;guatemala_audiencia_gua;conceptos:audiencia;CO0000AU;gua_audiencia_guatemala;GUA;Audiencia;wikipedia;Audiencia Real de Los Confines;[[:conceptos:audiencia|Audiencia Real]] de Los Confines;False
3559;VEN;PRVECU00;Gobernacion-Capitania General;Nueva Andalucia;Nueva Andalucia;1568;exact;1700;arbitrary;;;;;False;;G;CG;cumana_provincia_ven;conceptos:gobernacion;VECU00PR;ven_provincia_cumana;VEN;Provincia;;Gobernacion-Capitania General de Nueva Andalucia;[[:conceptos:gobernacion|Gobernacion-Capitania General]] de Nueva Andalucia;False
3560;SDO;SUIN0000;Virreinato;Indias;Las Indias;1492;exact;1534;exact;;;;;False;;Vir.;Vir.;indias_superior_sdo;conceptos:virreinato;IN0000SU;sdo_superior_indias;SDO;Superior;wikipedia;Virreinato de Indias;[[:conceptos:virreinato|Virreinato]] de Indias;False
3562;NGR;PRNGPA00;Gobernacion-Capitania General;Castilla de Oro;Castilla de Oro;1514;exact;1538;exact;;;;;False;;G;CG;panama_provincia_ngr;conceptos:gobernacion;NGPA00PR;ngr_provincia_panama;NGR;Provincia;;Gobernacion-Capitania General de Castilla de Oro;[[:conceptos:gobernacion|Gobernacion-Capitania General]] de Castilla de Oro;False
3567;NGR;PRNGPA00;Gobernacion;Veragua;Veragua;1508;exact;1513;exact;;;;;False;;G;Gob.;panama_provincia_ngr;conceptos:gobernacion;NGPA00PR;ngr_provincia_panama;NGR;Provincia;;Gobernacion de Veragua;[[:conceptos:gobernacion|Gobernacion]] de Veragua;False
3568;NGR;PRNGVE00;Ducado;Veraguas;Veraguas;1537;exact;1559;exact;;;;;False;;Duc.;Duc.;veragua_provincia_ngr;conceptos:senorio;NGVE00PR;ngr_provincia_veragua;NGR;Provincia;;Ducado de Veraguas;[[:conceptos:senorio|Ducado]] de Veraguas;False
3569;GUA;PRGUCR00;Gobernacion-Capitania General;Costa Rica;Costa Rica;1573;exact;1576;exact;;;;;False;;G;CG;costa rica_provincia_gua;conceptos:gobernacion;GUCR00PR;gua_provincia_costa rica;GUA;Provincia;;Gobernacion-Capitania General de Costa Rica;[[:conceptos:gobernacion|Gobernacion-Capitania General]] de Costa Rica;False
3570;GUA;PRGUCR00;Gobernacion;Costa Rica;Nueva Cartago y Costa Rica;1540;exact;1542;exact;;;;;False;;G;Gob.;costa rica_provincia_gua;conceptos:gobernacion;GUCR00PR;gua_provincia_costa rica;GUA;Provincia;;Gobernacion de Costa Rica;[[:conceptos:gobernacion|Gobernacion]] de Costa Rica;False
3571;GUA;PRGUCR00;Alcaldia Mayor;Costa Rica;Nueva Cartago y Costa Rica;1561;exact;1567;exact;;;;;False;;AM;AM;costa rica_provincia_gua;conceptos:alcaldia_mayor;GUCR00PR;gua_provincia_costa rica;GUA;Provincia;;Alcaldia Mayor de Costa Rica;[[:conceptos:alcaldia_mayor|Alcaldia Mayor]] de Costa Rica;False
3572;NES;OBNEMX00;Obispado;Mexico;Mexico;1530;exact;1545;exact;;;;;False;;Ao.;Arzob.;mexico_obispado_nes;conceptos:obispado;NEMX00OB;nes_obispado_mexico;NES;Obispado;catholic-hierarchy;Obispado de Mexico;[[:conceptos:obispado|Obispado]] de Mexico;False
3576;PER;SUPE0000;Gobernacion-Capitania General;Nueva Castilla;Nueva Castilla;1534;exact;1541;exact;;;;;False;;G;CG;peru_superior_per;conceptos:gobernacion;PE0000SU;per_superior_peru;PER;Superior;wikipedia;Gobernacion-Capitania General de Nueva Castilla;[[:conceptos:gobernacion|Gobernacion-Capitania General]] de Nueva Castilla;False
3577;QUI;PRQUQU00;Gobernacion;Quito;Quito;1540;exact;1562;exact;;;;;False;;G;Gob.;quito_provincia_qui;conceptos:gobernacion;QUQU00PR;qui_provincia_quito;QUI;Provincia;;Gobernacion de Quito;[[:conceptos:gobernacion|Gobernacion]] de Quito;False
3579;PER;PRPENT00;Gobernacion-Capitania General;Nueva Toledo;Nueva Toledo;1534;exact;1537;exact;;;;;False;;G;CG;nueva toledo_provincia_per;conceptos:gobernacion;PENT00PR;per_provincia_nueva toledo;PER;Provincia;;Gobernacion-Capitania General de Nueva Toledo;[[:conceptos:gobernacion|Gobernacion-Capitania General]] de Nueva Toledo;False
3580;QUI;PRQUQJ00;Gobernacion;Quijos y Macas;Quijos y Macas;1554;exact;1558;exact;;;;;False;;G;Gob.;quijos_provincia_qui;conceptos:gobernacion;QUQJ00PR;qui_provincia_quijos;QUI;Provincia;;Gobernacion de Quijos y Macas;[[:conceptos:gobernacion|Gobernacion]] de Quijos y Macas;False
3581;QUI;PRQUQJ00;Gobernacion;Quijos;Quijos, Zumaco y la Canela;1559;exact;1699;exact;;;;;False;;G;Gob.;quijos_provincia_qui;conceptos:gobernacion;QUQJ00PR;qui_provincia_quijos;QUI;Provincia;;Gobernacion de Quijos;[[:conceptos:gobernacion|Gobernacion]] de Quijos;False
3582;QUI;PRQUYA00;Gobernacion;Yaguarzongo;Yaguarzongo y Pacamoros;1556;exact;1592;exact;;;;;False;;G;Gob.;yaguarzongo_provincia_qui;conceptos:gobernacion;QUYA00PR;qui_provincia_yaguarzongo;QUI;Provincia;;Gobernacion de Yaguarzongo;[[:conceptos:gobernacion|Gobernacion]] de Yaguarzongo;False
3583;NES;OBNEPU00;Obispado;Tlaxcala;Tlaxcala;1527;exact;1808;hgis;;;;;False;;Ob.;Ob.;puebla_obispado_nes;conceptos:obispado;NEPU00OB;nes_obispado_puebla;NES;Obispado;catholic-hierarchy;Obispado de Tlaxcala;[[:conceptos:obispado|Obispado]] de Tlaxcala;False
3584;SDO;OBSDSD00;Obispado;Santo Domingo;Santo Domingo;1512;exact;1547;exact;;;;;False;;Ao.;Arzob.;santo domingo_obispado_sdo;conceptos:obispado;SDSD00OB;sdo_santo domingo_santo domingo;SDO;Santo Domingo;catholic-hierarchy;Obispado de Santo Domingo;[[:conceptos:obispado|Obispado]] de Santo Domingo;False
3585;CHL;OBCHCO00;Obispado;La Imperial;La Imperial;1563;exact;1599;exact;;;;;False;;Ob.;Ob.;concepcion_obispado_chl;conceptos:obispado;CHCO00OB;chl_concepcion_concepcion;CHL;Concepcion;catholic-hierarchy;Obispado de La Imperial;[[:conceptos:obispado|Obispado]] de La Imperial;False
3586;CHA;JUCCPUCH;Corregimiento;Chucuito;Chucuito;1565;not_after;1577;exact;;;;;False;;C;C;chucuito_jurisdiccion_cha;conceptos:corregimiento;CCPUCHJU;cha_puno_chucuito;CHA;Puno;;Corregimiento de Chucuito;[[:conceptos:corregimiento|Corregimiento]] de Chucuito;False
3587;CHA;PRCCCBSC;Gobernacion;Chiriguanaes;Chiriguanaes;1560;exact;1560;exact;;;;;False;;G;Gob.;santa cruz de la sierra_provincia_cha;conceptos:gobernacion;CCCBSCPR;cha_provincia_santa cruz de la sierra;CHA;Provincia;;Gobernacion de Chiriguanaes;[[:conceptos:gobernacion|Gobernacion]] de Chiriguanaes;False
3588;CHL;PRCHCH00;Gobernacion;Chiloe;Chiloe;1567;exact;1568;exact;;;;;False;;G;Gob.;chiloe_provincia_chl;conceptos:gobernacion;CHCH00PR;chl_provincia_chiloe;CHL;Provincia;;Gobernacion de Chiloe;[[:conceptos:gobernacion|Gobernacion]] de Chiloe;False
3589;CHL;PRCHCH00;Corregimiento;Castro;Castro;1569;exact;1600;exact;;;;;False;;C;C;chiloe_provincia_chl;conceptos:corregimiento;CHCH00PR;chl_provincia_chiloe;CHL;Provincia;;Corregimiento de Chiloe;[[:conceptos:corregimiento|Corregimiento]] de Chiloe;False
3592;GDJ;PRGDCO00;Gobernacion;Coahuila;Coahuila;1687;exact;1808;hgis;;;;;False;;G;Gob.;coahuila_provincia_gdj;conceptos:gobernacion;GDCO00PR;gdj_provincia_coahuila;GDJ;Provincia;gerhard-north;Gobernacion de Coahuila;[[:conceptos:gobernacion|Gobernacion]] de Coahuila;False
3593;GUA;PRGUCR00;Gobernacion;Costa Rica;Nueva Cartago y Costa Rica;1568;exact;1572;exact;;;;;False;;G;Gob.;costa rica_provincia_gua;conceptos:gobernacion;GUCR00PR;gua_provincia_costa rica;GUA;Provincia;;Gobernacion de Costa Rica;[[:conceptos:gobernacion|Gobernacion]] de Costa Rica;False
3594;GUA;PRGUCR00;Gobernacion;Costa Rica;Costa Rica;1577;exact;1589;exact;;;;;True;PRGUNI00;G;Prov.;costa rica_provincia_gua;conceptos:agregado;GUCR00PR;gua_provincia_costa rica;GUA;Provincia;;Gobernacion agregada de Costa Rica;[[:conceptos:agregado|Gobernacion agregada]] de Costa Rica;False
3596;GUA;PRGUCY00;Provincia;Honduras;Honduras;1525;exact;1525;exact;;;;;True;PRNEMX00;Prov.;Prov.;comayagua_provincia_gua;conceptos:agregado;GUCY00PR;gua_provincia_comayagua;GUA;Provincia;;Provincia agregada de Honduras;[[:conceptos:agregado|Provincia agregada]] de Honduras;False
3597;GUA;PRGUCY00;Gobernacion;Honduras;Higueras y Honduras;1526;exact;1535;exact;;;;;False;;G;Gob.;comayagua_provincia_gua;conceptos:gobernacion;GUCY00PR;gua_provincia_comayagua;GUA;Provincia;;Gobernacion de Honduras;[[:conceptos:gobernacion|Gobernacion]] de Honduras;False
3599;GUA;PRGUCY00;Provincia;Honduras;Honduras;1536;exact;1542;exact;;;;;True;PRGUGU00;Prov.;Prov.;comayagua_provincia_gua;conceptos:agregado;GUCY00PR;gua_provincia_comayagua;GUA;Provincia;;Provincia agregada de Honduras;[[:conceptos:agregado|Provincia agregada]] de Honduras;False
3600;GUA;PRGUCY00;Alcaldia Mayor;Honduras;Honduras;1543;exact;1543;exact;;;;;False;;AM;AM;comayagua_provincia_gua;conceptos:alcaldia_mayor;GUCY00PR;gua_provincia_comayagua;GUA;Provincia;;Alcaldia Mayor de Honduras;[[:conceptos:alcaldia_mayor|Alcaldia Mayor]] de Honduras;False
3601;GUA;PRGUCY00;Tenencia de Alcaldia Mayor;Honduras;Honduras;1544;exact;1548;exact;;;;;False;;Ten.;Jur.;comayagua_provincia_gua;conceptos:jurisdiccion;GUCY00PR;gua_provincia_comayagua;GUA;Provincia;;Tenencia de Alcaldia Mayor de Honduras;[[:conceptos:jurisdiccion|Tenencia de Alcaldia Mayor]] de Honduras;False
3602;GUA;PRGUCY00;Alcaldia Mayor;Honduras;Honduras;1549;exact;1563;exact;;;;;False;;AM;AM;comayagua_provincia_gua;conceptos:alcaldia_mayor;GUCY00PR;gua_provincia_comayagua;GUA;Provincia;;Alcaldia Mayor de Honduras;[[:conceptos:alcaldia_mayor|Alcaldia Mayor]] de Honduras;False
3603;GDJ;JUGDSSSI;Alcaldia Mayor*;Sinaloa;Sinaloa;1583;exact;1639;arbitrary;;;;;False;;AM;AM;sinaloa_jurisdiccion_gdj;conceptos:alcaldia_mayor;GDSSSIJU;gdj_sonora-sinaloa_sinaloa;GDJ;Sonora-Sinaloa;div-sonora-sinaloa;Alcaldia Mayor* de Sinaloa;[[:conceptos:alcaldia_mayor|Alcaldia Mayor*]] de Sinaloa;False
3605;NES;JUNETLTL;Alcaldia Mayor;Tlaxcala;Tlaxcala;1555;exact;1586;exact;;;;;False;;AM;AM;tlaxcala_jurisdiccion_nes;conceptos:alcaldia_mayor;NETLTLJU;nes_puebla_tlaxcala;NES;Puebla;gerhardNE;Alcaldia Mayor de Tlaxcala;[[:conceptos:alcaldia_mayor|Alcaldia Mayor]] de Tlaxcala;False
3606;NES;JUNETLTL;Corregimiento;Tlaxcala;Tlaxcala;1545;exact;1554;exact;;;;;False;;C;C;tlaxcala_jurisdiccion_nes;conceptos:corregimiento;NETLTLJU;nes_puebla_tlaxcala;NES;Puebla;gerhardNE;Corregimiento de Tlaxcala;[[:conceptos:corregimiento|Corregimiento]] de Tlaxcala;False
3609;VEN;PRVECA00;Gobernacion-Capitania General;Venezuela;Venezuela;1527;exact;1576;exact;;;;;False;;G;CG;caracas_provincia_ven;conceptos:gobernacion;VECA00PR;ven_provincia_caracas;VEN;Provincia;;Gobernacion-Capitania General de Venezuela;[[:conceptos:gobernacion|Gobernacion-Capitania General]] de Venezuela;False
3610;NGR;PRNGDA00;Gobernacion-Capitania General;Darien;Darien;1621;exact;1676;not_after;;;;;False;;G;CG;darien_provincia_ngr;conceptos:gobernacion;NGDA00PR;ngr_provincia_darien;NGR;Provincia;;Gobernacion-Capitania General de Darien;[[:conceptos:gobernacion|Gobernacion-Capitania General]] de Darien;False
3611;NGR;PRNGDA00;Gobernacion;Darien;Darien;1699;not_after;1702;exact;;1699;;;False;;G;Gob.;darien_provincia_ngr;conceptos:gobernacion;NGDA00PR;ngr_provincia_darien;NGR;Provincia;;Gobernacion de Darien;[[:conceptos:gobernacion|Gobernacion]] de Darien;False
3612;NGR;PRNGDA00;Jurisdiccion;Darien;Darien;1703;exact;1711;not_after;;;;;False;;Jur.;Jur.;darien_provincia_ngr;conceptos:jurisdiccion;NGDA00PR;ngr_provincia_darien;NGR;Provincia;;Jurisdiccion de Darien;[[:conceptos:jurisdiccion|Jurisdiccion]] de Darien;False
3613;NGR;PRNGDA00;Jurisdiccion;Darien;Darien;1677;not_after;1698;not_after;;1677;;;False;;Jur.;Jur.;darien_provincia_ngr;conceptos:jurisdiccion;NGDA00PR;ngr_provincia_darien;NGR;Provincia;;Jurisdiccion de Darien;[[:conceptos:jurisdiccion|Jurisdiccion]] de Darien;False
3616;VEN;PRVEMC00;Gobernacion-Capitania General;Merida y La Grita;Merida y La Grita;1621;exact;1675;exact;;;;;False;;G;CG;maracaibo_provincia_ven;conceptos:gobernacion;VEMC00PR;ven_provincia_maracaibo;VEN;Provincia;;Gobernacion-Capitania General de Merida y La Grita;[[:conceptos:gobernacion|Gobernacion-Capitania General]] de Merida y La Grita;False
3618;NGR;PRNGLL00;Gobernacion;Los Llanos;Llanos del Casanare;1639;exact;1700;not_after;;;;;False;;G;Gob.;los llanos_provincia_ngr;conceptos:gobernacion;NGLL00PR;ngr_provincia_los llanos;NGR;Provincia;;Gobernacion de Los Llanos;[[:conceptos:gobernacion|Gobernacion]] de Los Llanos;False
3621;NGR;PRNGLL00;Gobernacion;Santiago;Santiago;1588;exact;1590;exact;;;;;False;;G;Gob.;los llanos_provincia_ngr;conceptos:gobernacion;NGLL00PR;ngr_provincia_los llanos;NGR;Provincia;;Gobernacion de Santiago;[[:conceptos:gobernacion|Gobernacion]] de Santiago;False
3622;RPL;AUBA0000;Audiencia Real;Buenos Aires;Buenos Aires;1663;exact;1671;exact;;;;;False;;A.;Aud.;buenos aires_audiencia_rpl;conceptos:audiencia;BA0000AU;rpl_audiencia_buenos aires;RPL;Audiencia;wikipedia;Audiencia Real de Buenos Aires;[[:conceptos:audiencia|Audiencia Real]] de Buenos Aires;False
3625;GUA;AUCO0000;Audiencia Real;Guatemala;Los Confines;1549;exact;1564;exact;;;;;False;;A.;Aud.;guatemala_audiencia_gua;conceptos:audiencia;CO0000AU;gua_audiencia_guatemala;GUA;Audiencia;wikipedia;Audiencia Real de Guatemala;[[:conceptos:audiencia|Audiencia Real]] de Guatemala;False
3626;NES;AUMX0000;Primera Audiencia;Mexico;Mexico;1527;exact;1529;exact;;;;;False;;A.;Aud.;mexico_audiencia_nes;conceptos:audiencia;MX0000AU;nes_audiencia_mexico;NES;Audiencia;wikipedia;Primera Audiencia de Mexico;[[:conceptos:audiencia|Primera Audiencia]] de Mexico;False
3627;NES;AUMX0000;Segunda Audiencia;Mexico;Mexico;1530;exact;1534;exact;;;;;False;;A.;Aud.;mexico_audiencia_nes;conceptos:audiencia;MX0000AU;nes_audiencia_mexico;NES;Audiencia;wikipedia;Segunda Audiencia de Mexico;[[:conceptos:audiencia|Segunda Audiencia]] de Mexico;False
3629;NGR;AUPA0000;Audiencia Real;Panama;Panama;1539;exact;1542;exact;;;;;False;;A.;Aud.;panama_audiencia_ngr;conceptos:audiencia;PA0000AU;ngr_audiencia_panama;NGR;Audiencia;wikipedia;Audiencia Real de Panama;[[:conceptos:audiencia|Audiencia Real]] de Panama;False
3630;GUA;PRGUSS00;Jurisdiccion;San Salvador;San Salvador;1560;exact;1578;exact;;;;;False;;Jur.;Jur.;san salvador_provincia_gua;conceptos:jurisdiccion;GUSS00PR;gua_provincia_san salvador;GUA;Provincia;;Jurisdiccion de San Salvador;[[:conceptos:jurisdiccion|Jurisdiccion]] de San Salvador;False
3631;GUA;JUGUGUTO;Corregimiento;Totonicapan;Totonicapan;1547;exact;1559;exact;;;;;False;;C;C;totonicapan_jurisdiccion_gua;conceptos:corregimiento;GUGUTOJU;gua_guatemala_totonicapan;GUA;Guatemala;;Corregimiento de Totonicapan;[[:conceptos:corregimiento|Corregimiento]] de Totonicapan;False
3632;GUA;PTGUGUHU;Corregimiento;Huehuetenango;Huehuetenango;1547;exact;1677;exact;;;;;False;;C;C;huehuetenango_partido_gua;conceptos:corregimiento;GUGUHUPT;gua_guatemala_huehuetenango;GUA;Guatemala;;Corregimiento de Huehuetenango;[[:conceptos:corregimiento|Corregimiento]] de Huehuetenango;False
3635;NGR;JUNGPAPB;Alcaldia Mayor;Portobelo;Portobelo;1608;not_after;1700;arbitrary;;1608;;;False;;AM;AM;portobelo_jurisdiccion_ngr;conceptos:alcaldia_mayor;NGPAPBJU;ngr_panama_portobelo;NGR;Panama;;Alcaldia Mayor de Portobelo;[[:conceptos:alcaldia_mayor|Alcaldia Mayor]] de Portobelo;False
3638;NGR;OBNGPA00;Obispado;Panama;Panama;1520;exact;1808;hgis;;;;;False;;Ob.;Ob.;panama_obispado_ngr;conceptos:obispado;NGPA00OB;ngr_obispado_panama;NGR;Obispado;catholic-hierarchy;Obispado de Panama;[[:conceptos:obispado|Obispado]] de Panama;False
3639;NGR;JUNGSFAG;Jurisdiccion;Altagracia;Altagracia;1590;exact;1775;ca;;;;;False;;Jur.;Jur.;altagracia_jurisdiccion_ngr;conceptos:jurisdiccion;NGSFAGJU;ngr_santa fe_altagracia;NGR;Santa Fe;;Jurisdiccion de Altagracia;[[:conceptos:jurisdiccion|Jurisdiccion]] de Altagracia;False
3640;SDO;OBSDCU00;Obispado;Cuba;Cuba;1517;exact;1522;exact;;;;;False;;Ob.;Ob.;santiago de cuba_obispado_sdo;conceptos:obispado;SDCU00OB;sdo_cuba_santiago de cuba;SDO;Cuba;catholic-hierarchy;Obispado de Cuba;[[:conceptos:obispado|Obispado]] de Cuba;False
3641;SDO;OBSDSD00;Arzobispado;Hyaguata;Hyaguata;1504;exact;1511;exact;;;;;False;;Ao.;Arzob.;santo domingo_obispado_sdo;conceptos:arzobispado;SDSD00OB;sdo_santo domingo_santo domingo;SDO;Santo Domingo;catholic-hierarchy;Arzobispado de Hyaguata;[[:conceptos:arzobispado|Arzobispado]] de Hyaguata;False
3642;SDO;OBSDCV00;Obispado;Baynoa;Baynoa;1504;exact;1511;exact;;;;;False;;Ob.;Ob.;concepcion de la vega_obispado_sdo;conceptos:obispado;SDCV00OB;sdo_obispado_concepcion de la vega;SDO;Obispado;catholic-hierarchy;Obispado de Baynoa;[[:conceptos:obispado|Obispado]] de Baynoa;False
3643;SDO;OBSDCV00;Obispado;Concepcion de la Vega;Concepcion de la Vega;1512;exact;1526;exact;;;;;False;;Ob.;Ob.;concepcion de la vega_obispado_sdo;conceptos:obispado;SDCV00OB;sdo_obispado_concepcion de la vega;SDO;Obispado;catholic-hierarchy;Obispado de Concepcion de la Vega;[[:conceptos:obispado|Obispado]] de Concepcion de la Vega;False
3644;SDO;OBSDMA00;Obispado;Magua;Magua;1504;exact;1511;exact;;;;;False;;Ob.;Ob.;magua_obispado_sdo;conceptos:obispado;SDMA00OB;sdo_obispado_magua;SDO;Obispado;catholic-hierarchy;Obispado de Magua;[[:conceptos:obispado|Obispado]] de Magua;False
3645;GUA;OBGUVP00;Obispado;Verapaz;Verapaz;1561;exact;1602;exact;;;;;False;;Ob.;Ob.;verapaz_obispado_gua;conceptos:obispado;GUVP00OB;gua_obispado_verapaz;GUA;Obispado;catholic-hierarchy;Obispado de Verapaz;[[:conceptos:obispado|Obispado]] de Verapaz;False
3646;XX;FRAMXXXX;Fronteras;Pais de las Amazonas;Pais de las Amazonas;1111;start;9999;end;;;;;False;;Fr.;Fr.;pais de las amazonas_fronteras_xx;conceptos:fronteras;AMXXXXFR;xx_fronteras_pais de las amazonas;XX;Fronteras;s.d.;Fronteras de Pais de las Amazonas;[[:conceptos:fronteras|Fronteras]] de Pais de las Amazonas;False
3647;NGR;PRNGCG00;Gobernacion;Caguan;Caguan;1585;ca;1695;ca;;;;;False;;G;Gob.;caguan_provincia_ngr;conceptos:gobernacion;NGCG00PR;ngr_provincia_caguan;NGR;Provincia;;Gobernacion de Caguan;[[:conceptos:gobernacion|Gobernacion]] de Caguan;False
3648;NGR;PRNGCG00;Fronteras;Caguan;Pais de la Canela;1696;ca;9999;end;;;;;False;;Fr.;Fr.;caguan_provincia_ngr;conceptos:fronteras;NGCG00PR;ngr_provincia_caguan;NGR;Provincia;;Fronteras de Caguan;[[:conceptos:fronteras|Fronteras]] de Caguan;False
3649;CHL;PRCHCO00;Provincia;Concepcion;Concepcion;1563;exact;1785;exact;;;;;True;PRCHSA00;Prov.;Prov.;concepcion_provincia_chl;conceptos:agregado;CHCO00PR;chl_provincia_concepcion;CHL;Provincia;;Provincia de Concepcion;[[:conceptos:agregado|Provincia]] de Concepcion;False
3650;GUA;PTGUSSSN;Tenencia de subdelegacion;Sensuntepeque;Sensuntepeque;1799;exact;1808;hgis;;;;;False;;Ten.;Part.;sensuntepeque_partido_gua;conceptos:partido;GUSSSNPT;gua_san salvador_sensuntepeque;GUA;San Salvador;;Tenencia de subdelegacion de Sensuntepeque;[[:conceptos:partido|Tenencia de subdelegacion]] de Sensuntepeque;False
3651;GDJ;JUGDNMGA;Alcaldia Mayor*;Pecos;Pecos;1692;exact;1704;not_before;;;;;False;;AM;AM;galisteo_jurisdiccion_gdj;conceptos:alcaldia_mayor;GDNMGAJU;gdj_nuevo mexico_galisteo;GDJ;Nuevo Mexico;div-nuevo-mexico;Alcaldia Mayor* de Pecos;[[:conceptos:alcaldia_mayor|Alcaldia Mayor*]] de Pecos;False
3652;GDJ;PTGDGDSR;Tenencia de Alcaldia Mayor;Santa Rosa;Santa Rosa de Alburquerque;1709;exact;1755;exact;;;;;False;;Ten.;Part.;santa rosa de alburquerque_partido_gdj;conceptos:partido;GDGDSRPT;gdj_guadalajara_santa rosa de alburquerque;GDJ;Guadalajara;div-nueva-galicia;Tenencia de Alcaldia Mayor de Santa Rosa;[[:conceptos:partido|Tenencia de Alcaldia Mayor]] de Santa Rosa;False
3653;VEN;PRVEBA00;Gobernacion-Intendencia;Barinas;Barinas;1803;not_after;1808;hgis;;1803;;;False;;G;Int.;barinas_provincia_ven;conceptos:intendencia;VEBA00PR;ven_provincia_barinas;VEN;Provincia;;Gobernacion-Intendencia de Barinas;[[:conceptos:intendencia|Gobernacion-Intendencia]] de Barinas;False
3654;VEN;PRVETR00;Gobernacion;Trinidad;Isla de Trinidad y La Guayana;1585;exact;1732;exact;;;;;False;;G;Gob.;trinidad_provincia_ven;conceptos:gobernacion;VETR00PR;ven_provincia_trinidad;VEN;Provincia;;Gobernacion de Trinidad;[[:conceptos:gobernacion|Gobernacion]] de Trinidad;False
3655;NES;JUNEMXTY;Alcaldia Mayor;Tlayacapa;Tlayacapa;1705;not_after;1770;arbitrary;;1704;;;True;JUNEMXCH;AM;Part.;tlayacapa_jurisdiccion_nes;conceptos:agregado;NEMXTYJU;nes_mexico_tlayacapa;NES;Mexico;div-nueva-espana;Alcaldia Mayor agregada de Tlayacapa;[[:conceptos:agregado|Alcaldia Mayor agregada]] de Tlayacapa;False
3656;CHA;FRCCCHGU;Fronteras;Guaycurus;Paititi;1111;start;9999;end;;;;;False;;Fr.;Fr.;guaycurus_fronteras_cha;conceptos:fronteras;CCCHGUFR;cha_fronteras_guaycurus;CHA;Fronteras;s.d.;Fronteras de Guaycurus;[[:conceptos:fronteras|Fronteras]] de Guaycurus;False
3657;NGR;JUNGVERE;Jurisdiccion;Remedios;Remedios;1701;hgis;1756;not_before;;;;;False;;Jur.;Jur.;pueblo nuevo_jurisdiccion_ngr;conceptos:jurisdiccion;NGVEREJU;ngr_panama_pueblo nuevo;NGR;Panama;;Jurisdiccion de Remedios;[[:conceptos:jurisdiccion|Jurisdiccion]] de Remedios;False
3658;NGR;JUNGVEAL;Jurisdiccion;Alange;Santiago Alange;1701;hgis;1808;hgis;;;;;False;;Jur.;Jur.;alange_jurisdiccion_ngr;conceptos:jurisdiccion;NGVEALJU;ngr_panama_alange;NGR;Panama;;Jurisdiccion de Alange;[[:conceptos:jurisdiccion|Jurisdiccion]] de Alange;False
3659;QUI;PTQUPOMO;Corregimiento de naturales;Mocoa;Mocoa;1806;not_after;9999;end;;1806;;;False;;C;C;mocoa_partido_qui;conceptos:corregimiento;QUPOMOPT;qui_mocoa_mocoa;QUI;Mocoa;;Corregimiento de naturales de Mocoa;[[:conceptos:corregimiento|Corregimiento de naturales]] de Mocoa;False
3660;NGR;MINGPOAN;Misiones;Caqueta y Putumayo;Caqueta y Putumayo;1772;ca;1808;hgis;;;;;False;;Mis.;Mis.;andaquies_misiones_ngr;conceptos:misiones;NGPOANMI;ngr_popayan_andaquies;NGR;Popayan;;Misiones de Caqueta y Putumayo;[[:conceptos:misiones|Misiones]] de Caqueta y Putumayo;False
3661;QUI;MINGPOPU;Fronteras;Putumayo;Putumayo;1111;start;9999;end;;;;;False;;Fr.;Fr.;putumayo_misiones_qui;conceptos:misiones;NGPOPUMI;qui_popayan_putumayo;QUI;Popayan;;Fronteras de Putumayo;[[:conceptos:misiones|Fronteras]] de Putumayo;False
3662;QUI;PTQUPOSU;Provincia;Sucumbios;Sucumbios;1701;hgis;1808;hgis;;;;;True;JUQUPOPA;Prov.;Prov.;sucumbios_partido_qui;conceptos:agregado;QUPOSUPT;qui_mocoa_sucumbios;QUI;Mocoa;;Provincia de Sucumbios;[[:conceptos:agregado|Provincia]] de Sucumbios;False
3663;SDO;PTSDPRAA;Partido;Aguadilla;Aguadilla;1775;exact;1779;exact;;;;;False;;Part.;Part.;aguadilla_partido_sdo;conceptos:partido;SDPRAAPT;sdo_puerto rico_aguadilla;SDO;Puerto Rico;;Partido de Aguadilla;[[:conceptos:partido|Partido]] de Aguadilla;False
3664;SDO;PTSDPRFA;Partido;Fajardo;Fajardo;1769;exact;1770;exact;;;;;False;;Part.;Part.;fajardo_partido_sdo;conceptos:partido;SDPRFAPT;sdo_puerto rico_fajardo;SDO;Puerto Rico;;Partido de Fajardo;[[:conceptos:partido|Partido]] de Fajardo;False
3665;SDO;PTSDPRVB;Partido;La Vega;La Vega;1775;exact;1778;exact;;;;;False;;Part.;Part.;vega baja_partido_sdo;conceptos:partido;SDPRVBPT;sdo_puerto rico_vega baja;SDO;Puerto Rico;;Partido de La Vega;[[:conceptos:partido|Partido]] de La Vega;False
3668;GUA;FRGUMOLA;Fronteras;Lacandones;Golfo;1111;start;1808;hgis;;;;;False;;Fr.;Fr.;lacandones_fronteras_gua;conceptos:fronteras;GUMOLAFR;gua_fronteras_lacandones;GUA;Fronteras;s.d.;Fronteras de Lacandones;[[:conceptos:fronteras|Fronteras]] de Lacandones;False
3669;NGR;JUNGMATO;Tenencia de gobierno;La Mesa;La Mesa y Tocaima;1795;ca;9999;end;;;;;False;;Ten.;Jur.;tocaima_jurisdiccion_ngr;conceptos:jurisdiccion;NGMATOJU;ngr_mariquita_tocaima;NGR;Mariquita;;Tenencia de gobierno de La Mesa;[[:conceptos:jurisdiccion|Tenencia de gobierno]] de La Mesa;False
3671;QUI;PRQUES00;Corregimiento;Quillaseca;Quillaseca;1793;exact;1804;not_after;;;;;False;;C;C;esmeraldas_provincia_qui;conceptos:corregimiento;QUES00PR;;QUI;;;Corregimiento de Quillaseca;[[:conceptos:corregimiento|Corregimiento]] de Quillaseca;False
3672;QUI;PRQUES00;Tenencia de gobierno;Santa Rosa;Santa Rosa;1805;not_after;1808;hgis;;1805;;;False;;Ten.;Jur.;esmeraldas_provincia_qui;conceptos:jurisdiccion;QUES00PR;;QUI;;;Tenencia de gobierno de Santa Rosa;[[:conceptos:jurisdiccion|Tenencia de gobierno]] de Santa Rosa;False
3673;NGR;PMNGSMFO;Capitania a Guerra;Fonseca;Fonseca;1805;not_after;9999;end;;1805;;;False;;CaG;Part.;fonseca_partido_ngr;conceptos:capitania_a_guerra;NGSMFOPM;ngr_santa marta_chiriguana;NGR;Santa Marta;;Capitania a Guerra de Fonseca;[[:conceptos:capitania_a_guerra|Capitania a Guerra]] de Fonseca;False
3674;NES;PTNETBCH;Partido;Chontalapa;Chontalapa;1528;not_before;1808;hgis;1528;1579;1808;1808;False;;Part.;Part.;chontalapa_partido_nes;conceptos:partido;NETBCHPT;;NES;;garza;Partido de Chontalapa;[[:conceptos:partido|Partido]] de Chontalapa;False
3675;NES;PTNETBSI;Partido;La Sierra;La Sierra;1528;not_before;1808;hgis;1528;1579;1808;1808;False;;Part.;Part.;la sierra_partido_nes;conceptos:partido;NETBSIPT;;NES;;garza;Partido de La Sierra;[[:conceptos:partido|Partido]] de La Sierra;False
3676;NES;PTNETBRI;Partido;Rios;Rios de Usumacinta;1528;not_before;1808;hgis;1528;1579;1808;1808;False;;Part.;Part.;rios de usumacinta_partido_nes;conceptos:partido;NETBRIPT;;NES;;garza;Partido de Rios;[[:conceptos:partido|Partido]] de Rios;False
3677;NES;JUNETBTB;Alcaldia Mayor-Gobernacion;Tabasco;Tabasco;1540;exact;1545;ca;;;;;False;;AM;AM;tabasco_jurisdiccion_nes;conceptos:alcaldia_mayor;NETBTBJU;;NES;;gerhardSE;Alcaldia Mayor-Gobernacion de Tabasco;[[:conceptos:alcaldia_mayor|Alcaldia Mayor-Gobernacion]] de Tabasco;False
3679;GDJ;JUGDSSCH;Provincia;Chametla;Chametla;1529;not_before;1531;exact;1529;1531;;;False;;Prov.;Prov.;chametla_jurisdiccion_gdj;conceptos:provincia;GDSSCHJU;;GDJ;;div-sonora-sinaloa;Provincia de Chametla;[[:conceptos:provincia|Provincia]] de Chametla;False
3680;SDO;PTSDLHQU;Partido;Quemado;Quemado;1765;not_before;9999;end;1765;;;;False;;Part.;Part.;quemado_partido_sdo;conceptos:partido;SDLHQUPT;;SDO;;;Partido de Quemado;[[:conceptos:partido|Partido]] de Quemado;False
3681;SDO;PTSDPPCA;Partido politico;Carmen;Carmen;1765;arbitrary;9999;end;;;;;False;;Part.;Part.;carmen_partido_sdo;conceptos:partido;SDPPCAPT;;SDO;;;Partido politico de Carmen;[[:conceptos:partido|Partido politico]] de Carmen;False
3682;SDO;PTSDPPCU;Partido politico;Cubita;Cubita;1765;arbitrary;9999;end;;;;;False;;Part.;Part.;cubita_partido_sdo;conceptos:partido;SDPPCUPT;;SDO;;;Partido politico de Cubita;[[:conceptos:partido|Partido politico]] de Cubita;False
3683;SDO;PTSDPPGR;Partido politico;Gracias;Gracias;1765;arbitrary;9999;end;;;;;False;;Part.;Part.;gracias_partido_sdo;conceptos:partido;SDPPGRPT;;SDO;;;Partido politico de Gracias;[[:conceptos:partido|Partido politico]] de Gracias;False
3684;SDO;PTSDPPSP;Partido politico;San Pedro;San Pedro;1765;arbitrary;9999;end;;;;;False;;Part.;Part.;san pedro_partido_sdo;conceptos:partido;SDPPSPPT;;SDO;;;Partido politico de San Pedro;[[:conceptos:partido|Partido politico]] de San Pedro;False
3685;SDO;PTSDPPPP;Jurisdiccion;La Villa;La Villa;1765;arbitrary;9999;end;;;;;True;JUSDCUPP;Jur.;Jur.;puerto principe_partido_sdo;conceptos:partido;SDPPPPPT;;SDO;;;Jurisdiccion cabecera de La Villa;[[:conceptos:partido|Jurisdiccion cabecera]] de La Villa;False
3686;QUI;JUQUPOPS;Corregimiento-Tenencia de gobierno;Los Pastos;Los Pastos;1753;not_after;1808;hgis;;;;;False;;C;C;los pastos_jurisdiccion_qui;conceptos:corregimiento;QUPOPSJU;qui_popayan_los pastos;QUI;Popayan;;Corregimiento-Tenencia de gobierno de Los Pastos;[[:conceptos:corregimiento|Corregimiento-Tenencia de gobierno]] de Los Pastos;False
3688;PER;JUPETRCC;Corregimiento;Chimo y Chicama;Chimo y Chicama;1583;not_after;1634;exact;;;;;False;;C;C;chimo y chicama_jurisdiccion_per;conceptos:corregimiento;PETRCCJU;per_trujillo_trujillo;PER;Trujillo;;Corregimiento de Chimo y Chicama;[[:conceptos:corregimiento|Corregimiento]] de Chimo y Chicama;False
3689;PER;JUPEARMO;Corregimiento;Carumas y Ubinas;Carumas y Ubinas;1583;not_after;1599;arbitrary;;;;;False;;C;C;moquegua_jurisdiccion_per;conceptos:corregimiento;PEARMOJU;per_arequipa_moquegua;PER;Arequipa;;Corregimiento de Carumas y Ubinas;[[:conceptos:corregimiento|Corregimiento]] de Carumas y Ubinas;False
3690;PER;JUPEHVAN;Corregimiento;Angaraes;Angaraes y Chocorvos;1568;exact;1611;exact;;;;;False;;C;C;angaraes_jurisdiccion_per;conceptos:corregimiento;PEHVANJU;per_huancavelica_angaraes;PER;Huancavelica;;Corregimiento de Angaraes y Chocorvos;[[:conceptos:corregimiento|Corregimiento]] de Angaraes y Chocorvos;False
3691;PER;JUPECUVI;Corregimiento;Vilcabamba;Vilcabamba;1614;not_after;1683;exact;;;;;False;;C;C;vilcabamba_jurisdiccion_per;conceptos:corregimiento;PECUVIJU;per_cuzco_vilcabamba;PER;Cuzco;;Corregimiento de Vilcabamba;[[:conceptos:corregimiento|Corregimiento]] de Vilcabamba;False
3692;NGR;PTNGPPCU;Corregimiento;Cucuta;Cucuta;1805;not_before;1808;hgis;1805;1806;1808;9999;False;;C;C;cucuta_partido_ngr;conceptos:corregimiento;NGPPCUPT;;NGR;;;Corregimiento de Cucuta;[[:conceptos:corregimiento|Corregimiento]] de Cucuta;False
3693;SDO;PTSDPPPP;Jurisdiccion;Puerto Principe;Puerto Principe;1701;hgis;1764;arbitrary;;;;;True;JUSDCUPP;Jur.;Jur.;puerto principe_partido_sdo;conceptos:partido;SDPPPPPT;;SDO;;;Jurisdiccion cabecera de Puerto Principe;[[:conceptos:partido|Jurisdiccion cabecera]] de Puerto Principe;False
3694;NES;JUNEVCVA;Alcaldia Mayor;Villa Rica;Villa Rica;1529;exact;1598;ca;;;1598;1599;False;;AM;AM;la antigua_jurisdiccion_nes;conceptos:alcaldia_mayor;NEVCVAJU;;NES;;div-nueva-espana;Alcaldia Mayor de Villa Rica;[[:conceptos:alcaldia_mayor|Alcaldia Mayor]] de Villa Rica;False
3697;NGR;PRNGCH00;Gobernacion;Choco;Choco, Deveiba y Valle de Baeza;1575;exact;1594;ca;;;1593;1594;False;;G;Gob.;choco_provincia_ngr;conceptos:gobernacion;NGCH00PR;;NGR;;;Gobernacion de Choco;[[:conceptos:gobernacion|Gobernacion]] de Choco;False
3698;NGR;PRNGCH00;Provincias;Choco;Choco;1595;ca;1686;exact;1594;1595;;;False;;Prov.;Prov.;choco_provincia_ngr;conceptos:agregado;NGCH00PR;;NGR;;;Provincias de Choco;[[:conceptos:agregado|Provincias]] de Choco;False
3699;NGR;PRNGCH00;Tenencia general;Choco;Choco;1687;not_before;1725;exact;1687;1697;;;False;;Prov.;Prov.;choco_provincia_ngr;conceptos:jurisdiccion;NGCH00PR;;NGR;;;Tenencia general de Choco;[[:conceptos:tenencia|Tenencia general]] de Choco;False
3700;NGR;JMNGCHBE;Corregimiento;Bete;Bete;1753;not_after;1786;not_after;1575;1753;1772;1786;False;;C;C;bete_jurisdiccion_ngr;conceptos:corregimiento;NGCHBEJM;ngr_choco_bebara y bete;NGR;Choco;;Corregimiento de Bete;[[:conceptos:corregimiento|Corregimiento]] de Bete;False
3701;NGR;JMNGCHBB;Corregimiento;Bebara;Bebara;1753;not_after;1786;not_after;1575;1753;1772;1786;False;;C;C;bebara y bete_jurisdiccion_ngr;conceptos:corregimiento;NGCHBBJM;ngr_choco_bebara y bete;NGR;Choco;;Corregimiento de Bebara;[[:conceptos:corregimiento|Corregimiento]] de Bebara;False
3702;NGR;JMNGCHBB;Corregimiento;Bebara;Bebara y Bete;1575;not_before;1752;not_after;1575;1752;;;False;;C;C;bebara y bete_jurisdiccion_ngr;conceptos:corregimiento;NGCHBBJM;ngr_choco_bebara y bete;NGR;Choco;;Corregimiento de Bebara;[[:conceptos:corregimiento|Corregimiento]] de Bebara;False
3703;NES;PTNEGJYU;Corregimiento;Yurirapundaro;Yurirapundaro;1545;not_after;1559;not_after;;1545;1550;1559;False;;C;C;yurirapundaro_partido_nes;conceptos:corregimiento;NEGJYUPT;nes_guanajuato_yurirapundaro;NES;Guanajuato;div-nueva-espana;Corregimiento de Yurirapundaro;[[:conceptos:corregimiento|Corregimiento]] de Yurirapundaro;False
3704;NES;PTNEGJYU;Tenencia de Alcaldia Mayor;Yurirapundaro;Yurirapundaro;1571;exact;1786;not_after;;;1600;1786;False;;Ten.;Part.;yurirapundaro_partido_nes;conceptos:partido;NEGJYUPT;nes_guanajuato_yurirapundaro;NES;Guanajuato;div-nueva-espana;Tenencia de Alcaldia Mayor de Yurirapundaro;[[:conceptos:partido|Tenencia de Alcaldia Mayor]] de Yurirapundaro;False
3705;NES;PTNEGJAC;Tenencia de Alcaldia Mayor;Acambaro;Acambaro;1571;exact;1786;not_after;;;1600;1786;False;;Ten.;Part.;acambaro_partido_nes;conceptos:partido;NEGJACPT;nes_guanajuato_yurirapundaro;NES;Guanajuato;div-nueva-espana;Tenencia de Alcaldia Mayor de Acambaro;[[:conceptos:partido|Tenencia de Alcaldia Mayor]] de Acambaro;False
3706;NES;PTNEGJSA;Jurisdiccion;Salamanca;Salamanca;1604;exact;1648;exact;;;;;False;;Jur.;Jur.;salamanca_partido_nes;conceptos:jurisdiccion;NEGJSAPT;;NES;;div-nueva-espana;Jurisdiccion de Salamanca;[[:conceptos:jurisdiccion|Jurisdiccion]] de Salamanca;False
3707;NES;PTNEGJSA;Tenencia de Alcaldia Mayor;Salamanca;Salamanca;1649;not_before;1786;not_after;1649;;1649;1786;False;;Ten.;Jur.;salamanca_partido_nes;conceptos:jurisdiccion;NEGJSAPT;nes_guanajuato_salamanca;NES;Guanajuato;div-nueva-espana;Tenencia de Alcaldia Mayor de Salamanca;[[:conceptos:partido|Tenencia de Alcaldia Mayor]] de Salamanca;False
3709;NES;PTNEGJST;Corregimiento;Salvatierra;Salvatierra;1645;exact;1656;not_after;;;1645;1656;False;;C;C;salvatierra_partido_nes;conceptos:corregimiento;NEGJSTPT;nes_guanajuato_salvatierra;NES;Guanajuato;div-nueva-espana;Corregimiento de Salvatierra;[[:conceptos:corregimiento|Corregimiento]] de Salvatierra;False
3711;NES;JUNEMXAC;Corregimiento;Pochotitlan;Pochotitlan;1535;ca;1547;ca;;;;;False;;C;C;acapulco_jurisdiccion_nes;conceptos:corregimiento;NEMXACJU;;NES;;div-nueva-espana;Corregimiento de Pochotitlan;[[:conceptos:corregimiento|Corregimiento]] de Pochotitlan;False
3713;NES;JCNEMXCI;Corregimiento;Citlaltomagua;Citlaltomagua;1535;ca;1599;not_after;;;1581;1599;False;;C;C;citlaltomagua_jurisdiccion_nes;conceptos:corregimiento;NEMXCIJC;nes_mexico_acapulco;NES;Mexico;div-nueva-espana;Corregimiento de Citlaltomagua;[[:conceptos:corregimiento|Corregimiento]] de Citlaltomagua;False
3714;NES;JUNEMXZT;Alcaldia Mayor;Zacatula;Zacatula;1524;arbitrary;1675;not_after;;;1659;1675;False;;AM;AM;zacatula_jurisdiccion_nes;conceptos:alcaldia_mayor;NEMXZTJU;;NES;;div-nueva-espana;Alcaldia Mayor de Zacatula;[[:conceptos:alcaldia_mayor|Alcaldia Mayor]] de Zacatula;False
3715;NES;PTNEGJAC;Jurisdiccion;Acambaro;Acambaro;1560;not_after;1570;exact;1551;1560;;;False;;Jur.;Jur.;acambaro_partido_nes;conceptos:jurisdiccion;NEGJACPT;;NES;;div-nueva-espana;Jurisdiccion de Acambaro;[[:conceptos:jurisdiccion|Jurisdiccion]] de Acambaro;False
3716;NES;PTNEGJYU;Partido;Yurirapundaro;Yurirapundaro;1560;not_after;1570;exact;1551;1560;;;False;;Part.;Part.;yurirapundaro_partido_nes;conceptos:partido;NEGJYUPT;;NES;;div-nueva-espana;Partido de Yurirapundaro;[[:conceptos:partido|Partido]] de Yurirapundaro;False
3717;NES;JUNEPUAC;Corregimiento;Acatlan;Acatlan y Piastla;1532;exact;1557;ca;;;;;False;;C;C;acatlan_jurisdiccion_nes;conceptos:corregimiento;NEPUACJU;;NES;;div-nueva-espana;Corregimiento de Acatlan;[[:conceptos:corregimiento|Corregimiento]] de Acatlan;False
3718;NES;JUNEMXAT;Corregimiento;Iscuintlapilco;Iscuintlapilco;1531;exact;1567;exact;;;;;False;;C;C;actopan_jurisdiccion_nes;conceptos:corregimiento;NEMXATJU;;NES;;div-nueva-espana;Corregimiento de Iscuintlapilco;[[:conceptos:corregimiento|Corregimiento]] de Iscuintlapilco;False
3719;GDJ;JUGDGDTU;Corregimiento;Amula;Amula y Tuscacuesco;1531;ca;1570;not_before;;;1570;1578;False;;C;C;amula_jurisdiccion_gdj;conceptos:corregimiento;GDGDTUJU;;GDJ;;div-nueva-galicia;Corregimiento de Amula;[[:conceptos:corregimiento|Corregimiento]] de Amula;False
3720;GDJ;JUGDGDAU;Corregimiento;Autlan;Autlan;1541;not_before;1550;not_before;1541;1549;1550;1558;False;;C;C;autlan_jurisdiccion_gdj;conceptos:corregimiento;GDGDAUJU;;GDJ;;div-nueva-galicia;Corregimiento de Autlan;[[:conceptos:corregimiento|Corregimiento]] de Autlan;False
3721;NES;JCGDGDCI;Corregimiento;Cihuatlan;Cihuatlan;1534;ca;1599;not_after;;;1571;1599;False;;C;C;cihuatlan_jurisdiccion_gdj;conceptos:corregimiento;GDGDCIJC;nes_mexico_acapulco;NES;Mexico;div-nueva-galicia;Corregimiento de Cihuatlan;[[:conceptos:corregimiento|Corregimiento]] de Cihuatlan;False
3722;NES;JUNEOAAN;Alcaldia Mayor;Valle de Oaxaca;Valle de Oaxaca;1552;exact;1599;arbitrary;;;;;False;;AM;AM;antequera_jurisdiccion_nes;conceptos:alcaldia_mayor;NEOAANJU;;NES;;div-nueva-espana;Alcaldia Mayor de Valle de Oaxaca;[[:conceptos:alcaldia_mayor|Alcaldia Mayor]] de Valle de Oaxaca;False
3723;NES;JUNEOAAN;Corregimiento;Antequera;Antequera;1531;exact;1551;exact;;;;;False;;C;C;antequera_jurisdiccion_nes;conceptos:corregimiento;NEOAANJU;nes_oaxaca_antequera;NES;Oaxaca;div-nueva-espana;Corregimiento de Antequera;[[:conceptos:corregimiento|Corregimiento]] de Antequera;False
3724;NES;JUNEOAAN;Alcaldia Mayor;Antequera;Antequera;1529;ca;1530;exact;;;;;False;;AM;AM;antequera_jurisdiccion_nes;conceptos:alcaldia_mayor;NEOAANJU;;NES;;div-nueva-espana;Alcaldia Mayor de Antequera;[[:conceptos:alcaldia_mayor|Alcaldia Mayor]] de Antequera;False
3725;NES;JUNEOAAN;Alcaldia Mayor;Antequera;Antequera;1600;arbitrary;1676;exact;;;;;False;;AM;AM;antequera_jurisdiccion_nes;conceptos:alcaldia_mayor;NEOAANJU;;NES;;div-nueva-espana;Alcaldia Mayor de Antequera;[[:conceptos:alcaldia_mayor|Alcaldia Mayor]] de Antequera;False
3726;NES;JUNEMXAP;Corregimiento;Tepeapulco;Tepeapulco;1531;exact;1622;not_after;;;1600;1622;False;;C;C;apan_jurisdiccion_nes;conceptos:corregimiento;NEMXAPJU;nes_mexico_apan;NES;Mexico;div-nueva-espana;Corregimiento de Tepeapulco;[[:conceptos:corregimiento|Corregimiento]] de Tepeapulco;False
3727;NES;JCNEMXTL;Corregimiento;Tlanalapa;Tlanalapa;1545;exact;1550;not_before;;;1550;1558;False;;C;C;tlanalapa_jurisdiccion_nes;conceptos:corregimiento;NEMXTLJC;nes_mexico_acapulco;NES;Mexico;div-nueva-espana;Corregimiento de Tlanalapa;[[:conceptos:corregimiento|Corregimiento]] de Tlanalapa;False
3728;NES;JCNEPUCA;Corregimiento;Calpan;Calpan;1531;exact;1540;ca;;;;;False;;C;C;calpan_jurisdiccion_nes;conceptos:corregimiento;NEPUCAJC;nes_mexico_acapulco;NES;Mexico;div-nueva-espana;Corregimiento de Calpan;[[:conceptos:corregimiento|Corregimiento]] de Calpan;False
3729;NES;JCNEPUCA;Partido;Calpan;Calpan;1541;ca;1808;hgis;;;;;False;;Part.;Part.;calpan_jurisdiccion_nes;conceptos:partido;NEPUCAJC;nes_mexico_acapulco;NES;Mexico;div-nueva-espana;Partido de Calpan;[[:conceptos:partido|Partido]] de Calpan;False
3730;NES;PTNEPUGQ;Partido;Guaquechula;Guaquechula;1531;arbitrary;1808;hgis;;;;;False;;Part.;Part.;guaquechula_partido_nes;conceptos:partido;NEPUGQPT;nes_mexico_acapulco;NES;Mexico;div-nueva-espana;Partido de Guaquechula;[[:conceptos:partido|Partido]] de Guaquechula;False
3731;NES;JCGDGDXI;Corregimiento;Xiquitlan;Xiquitlan;1534;ca;1599;not_after;;;1571;1599;False;;C;C;xiquitlan_jurisdiccion_gdj;conceptos:corregimiento;GDGDXIJC;nes_mexico_acapulco;NES;Mexico;div-nueva-galicia;Corregimiento de Xiquitlan;[[:conceptos:corregimiento|Corregimiento]] de Xiquitlan;False
3732;NES;JCGDGDAM;Corregimiento;Ameca;Ameca;1534;ca;1560;not_before;;;1560;1568;False;;C;C;ameca_jurisdiccion_gdj;conceptos:corregimiento;GDGDAMJC;nes_mexico_acapulco;NES;Mexico;div-nueva-galicia;Corregimiento de Ameca;[[:conceptos:corregimiento|Corregimiento]] de Ameca;False
3733;NES;JCGDGDAM;Alcaldia Mayor;Minas de Palmarejo;Minas de Palmarejo;1561;not_before;1609;not_after;1561;1569;1603;1610;False;;AM;AM;ameca_jurisdiccion_gdj;conceptos:alcaldia_mayor;GDGDAMJC;;NES;;div-nueva-galicia;Alcaldia Mayor de Minas de Palmarejo;[[:conceptos:alcaldia_mayor|Alcaldia Mayor]] de Minas de Palmarejo;False
3734;NES;JCGDGDTM;Corregimiento;Tenamastlan;Tenamastlan;1561;not_before;1600;exact;1561;1569;;;False;;C;C;tenamastlan_jurisdiccion_gdj;conceptos:corregimiento;GDGDTMJC;nes_mexico_acapulco;NES;Mexico;div-nueva-galicia;Corregimiento de Tenamastlan;[[:conceptos:corregimiento|Corregimiento]] de Tenamastlan;False
3735;NES;JCGDGDES;Corregimiento;Espuchimilco;Espuchimilco;1534;ca;1599;not_after;;;1571;1599;False;;C;C;espuchimilco_jurisdiccion_gdj;conceptos:corregimiento;GDGDESJC;nes_mexico_acapulco;NES;Mexico;div-nueva-galicia;Corregimiento de Espuchimilco;[[:conceptos:corregimiento|Corregimiento]] de Espuchimilco;False
3736;NES;JUNEMXCA;Alcaldia Mayor;Escanela;Minas de Escanela;1608;ca;1674;exact;;;;;False;;AM;AM;cadereyta_jurisdiccion_nes;conceptos:alcaldia_mayor;NEMXCAJU;nes_mexico_cadereyta;NES;Mexico;div-nueva-espana;Alcaldia Mayor de Escanela;[[:conceptos:alcaldia_mayor|Alcaldia Mayor]] de Escanela;False
3737;NES;JUNEMXHU;Alcaldia Mayor;Xilotepec;Xilotepec y Fronteras Chichimecas;1548;exact;1650;arbitrary;;;;;False;;AM;AM;huichapan_jurisdiccion_nes;conceptos:alcaldia_mayor;NEMXHUJU;;NES;;div-nueva-espana;Alcaldia Mayor de Xilotepec;[[:conceptos:alcaldia_mayor|Alcaldia Mayor]] de Xilotepec;False
3738;NES;JUNEGJSP;Alcaldia Mayor;Sichu;Minas de Sichu;1591;not_before;1648;arbitrary;1591;1599;;;False;;AM;AM;san luis de la paz_jurisdiccion_nes;conceptos:alcaldia_mayor;NEGJSPJU;nes_guanajuato_san luis de la paz;NES;Guanajuato;div-nueva-espana;Alcaldia Mayor de Sichu;[[:conceptos:alcaldia_mayor|Alcaldia Mayor]] de Sichu;False
3739;NES;JUNEGJSP;Corregimiento;Sichu;Sichu y Puxinguia;1552;exact;1590;not_before;;;1590;1598;False;;C;C;san luis de la paz_jurisdiccion_nes;conceptos:corregimiento;NEGJSPJU;;NES;;div-nueva-espana;Corregimiento de Sichu;[[:conceptos:corregimiento|Corregimiento]] de Sichu;False
3740;NES;FRCMXXXX;Fronteras;Chichimeca;Chichimeca;1111;start;9999;end;;;;;False;;Fr.;Fr.;chichimeca_fronteras_nes;conceptos:fronteras;CMXXXXFR;nes_fronteras_la florida;NES;Fronteras;s.d.;Fronteras de Chichimeca;[[:conceptos:fronteras|Fronteras]] de Chichimeca;False
3741;NES;FRCMSGXX;Fronteras;Sierra Gorda;Sierra Gorda;1111;start;9999;end;;;;;False;;Fr.;Fr.;sierra gorda_fronteras_nes;conceptos:fronteras;CMSGXXFR;nes_fronteras_la florida;NES;Fronteras;mp-mexico_162;Fronteras de Sierra Gorda;[[:conceptos:fronteras|Fronteras]] de Sierra Gorda;False
3742;NES;JUNEMXZE;Corregimiento;Zempoala;Tlalquilpan y Zempoala;1557;ca;1639;ca;;;;;False;;C;C;zempoala_jurisdiccion_nes;conceptos:corregimiento;NEMXZEJU;;NES;;div-nueva-espana;Corregimiento de Zempoala;[[:conceptos:corregimiento|Corregimiento]] de Zempoala;False
3743;NES;JUNEMXZE;Corregimiento;Zempoala;Zempoala y Tequicistlan;1531;exact;1556;ca;;;;;False;;C;C;zempoala_jurisdiccion_nes;conceptos:corregimiento;NEMXZEJU;;NES;;div-nueva-espana;Corregimiento de Zempoala;[[:conceptos:corregimiento|Corregimiento]] de Zempoala;False
3744;NES;JUNEMXMT;Corregimiento;Molango y Malila;Molango y Malila;1531;exact;1559;not_before;;;1559;1568;False;;C;C;metztitlan_jurisdiccion_nes;conceptos:corregimiento;NEMXMTJU;;NES;;div-nueva-espana;Corregimiento de Molango y Malila;[[:conceptos:corregimiento|Corregimiento]] de Molango y Malila;False
3745;NES;JUNEMXZI;Partido;Zimapan;Zimapan;1575;ca;1589;not_after;;;1579;1589;False;;Part.;Part.;zimapan_jurisdiccion_nes;conceptos:partido;NEMXZIJU;;NES;;div-nueva-espana;Partido de Zimapan;[[:conceptos:partido|Partido]] de Zimapan;False
3746;NES;JUNEOAZI;Corregimiento;Zimatlan;Zimatlan y Tepezimatlan;1534;ca;1550;arbitrary;;;;;False;;C;C;zimatlan_jurisdiccion_nes;conceptos:corregimiento;NEOAZIJU;;NES;;div-nueva-espana;Corregimiento de Zimatlan;[[:conceptos:corregimiento|Corregimiento]] de Zimatlan;False
3747;NES;JUNEOAZI;Corregimiento;Zimatlan;Zimatlan;1551;arbitrary;1686;not_after;;;1675;1686;False;;C;C;zimatlan_jurisdiccion_nes;conceptos:corregimiento;NEOAZIJU;;NES;;div-nueva-espana;Corregimiento de Zimatlan;[[:conceptos:corregimiento|Corregimiento]] de Zimatlan;False
3748;NES;JCNEOATT;Corregimiento;Tetipac;Tetipac;1531;exact;1598;exact;;;;;False;;C;C;tetipac_jurisdiccion_nes;conceptos:corregimiento;NEOATTJC;nes_mexico_acapulco;NES;Mexico;div-nueva-espana;Corregimiento de Tetipac;[[:conceptos:corregimiento|Corregimiento]] de Tetipac;False
3749;NES;JCNEOACC;Corregimiento;Chichicapa;Chichicapa;1559;not_after;1598;exact;1551;1559;;;False;;C;C;chichicapa_jurisdiccion_nes;conceptos:corregimiento;NEOACCJC;nes_mexico_acapulco;NES;Mexico;div-nueva-espana;Corregimiento de Chichicapa;[[:conceptos:corregimiento|Corregimiento]] de Chichicapa;False
3750;NES;JCNEOACC;Corregimiento;Chichicapa;Chichicapa y Tetiquipa;1534;exact;1558;not_after;;;1550;1558;False;;C;C;chichicapa_jurisdiccion_nes;conceptos:corregimiento;NEOACCJC;nes_mexico_acapulco;NES;Mexico;div-nueva-espana;Corregimiento de Chichicapa;[[:conceptos:corregimiento|Corregimiento]] de Chichicapa;False
3751;NES;JCNEOACC;Alcaldia Mayor;Chichicapa;Minas de Chichicapa;1599;exact;1686;not_after;;;1675;1686;False;;AM;AM;chichicapa_jurisdiccion_nes;conceptos:alcaldia_mayor;NEOACCJC;;NES;;div-nueva-espana;Alcaldia Mayor de Chichicapa;[[:conceptos:alcaldia_mayor|Alcaldia Mayor]] de Chichicapa;False
3752;NES;JCNEOATQ;Corregimiento;Tetiquipa;Tetiquipa;1559;not_after;1598;exact;1551;1559;;;False;;C;C;tetiquipa_jurisdiccion_nes;conceptos:corregimiento;NEOATQJC;nes_mexico_acapulco;NES;Mexico;div-nueva-espana;Corregimiento de Tetiquipa;[[:conceptos:corregimiento|Corregimiento]] de Tetiquipa;False
3753;NES;JCNEOACZ;Corregimiento;Cozautepec;Cozautepec y Amatlan;1535;exact;1558;not_after;;;1550;1558;False;;C;C;cozautepec_jurisdiccion_nes;conceptos:corregimiento;NEOACZJC;nes_mexico_acapulco;NES;Mexico;div-nueva-espana;Corregimiento de Cozautepec;[[:conceptos:corregimiento|Corregimiento]] de Cozautepec;False
3754;NES;JCNEOAOZ;Corregimiento;Ozelotepec;Ozelotepec;1549;not_after;1558;not_after;1541;1549;1550;1558;False;;C;C;ozelotepec_jurisdiccion_nes;conceptos:corregimiento;NEOAOZJC;nes_mexico_acapulco;NES;Mexico;div-nueva-espana;Corregimiento de Ozelotepec;[[:conceptos:corregimiento|Corregimiento]] de Ozelotepec;False
3755;NES;JUNEMICI;Corregimiento;Sinagua;Sinagua;1534;exact;1599;ca;;;;;False;;C;C;cinagua y la guacana_jurisdiccion_nes;conceptos:corregimiento;NEMICIJU;;NES;;div-nueva-espana;Corregimiento de Sinagua;[[:conceptos:corregimiento|Corregimiento]] de Sinagua;False
3756;NES;JUNEMICI;Corregimiento;Cinagua y La Guacana;Cinagua y La Guacana;1600;ca;1645;not_after;;;1600;1645;False;;C;C;cinagua y la guacana_jurisdiccion_nes;conceptos:corregimiento;NEMICIJU;;NES;;div-nueva-espana;Corregimiento de Cinagua y La Guacana;[[:conceptos:corregimiento|Corregimiento]] de Cinagua y La Guacana;False
3757;NES;JUNEMXCO;Corregimiento;Coatepec;Coatepec;1534;exact;1645;not_after;;;1602;1645;False;;C;C;coatepec_jurisdiccion_nes;conceptos:corregimiento;NEMXCOJU;nes_mexico_coatepec;NES;Mexico;div-nueva-espana;Corregimiento de Coatepec;[[:conceptos:corregimiento|Corregimiento]] de Coatepec;False
3758;NES;JCNEMIGU;Corregimiento;Guanaxo;Guanaxo;1544;exact;1599;ca;;;;;False;;C;C;guanaxo_jurisdiccion_nes;conceptos:corregimiento;NEMIGUJC;;NES;;div-nueva-espana;Corregimiento de Guanaxo;[[:conceptos:corregimiento|Corregimiento]] de Guanaxo;False
3760;NES;JUNEMIVA;Jurisdiccion;Michoacan;Michoacan;1529;exact;1530;exact;;;;;False;;Jur.;Jur.;valladolid_jurisdiccion_nes;conceptos:jurisdiccion;NEMIVAJU;;NES;;div-nueva-espana;Jurisdiccion de Michoacan;[[:conceptos:jurisdiccion|Jurisdiccion]] de Michoacan;False
3763;NES;JUNEMIVA;Provincia;Michoacan;Michoacan;1524;exact;1528;exact;;;;;False;;Prov.;Prov.;valladolid_jurisdiccion_nes;conceptos:provincia;NEMIVAJU;;NES;;div-nueva-espana;Provincia de Michoacan;[[:conceptos:provincia|Provincia]] de Michoacan;False
3764;GDJ;JUGDGDJI;Corregimiento;Xilotlan;Xilotlan;1531;not_before;1603;ca;1531;1539;;;False;;C;C;jilotlan_partido_gdj;conceptos:corregimiento;GDGDJIJU;;GDJ;;div-nueva-galicia;Corregimiento de Xilotlan;[[:conceptos:corregimiento|Corregimiento]] de Xilotlan;False
3766;NES;JUNEVCCO;Corregimiento;Guatusco;Guatusco e Iztayuca;1535;exact;1617;exact;;;;;False;;C;C;cordoba_jurisdiccion_nes;conceptos:corregimiento;NEVCCOJU;;NES;;div-nueva-espana;Corregimiento de Guatusco;[[:conceptos:corregimiento|Corregimiento]] de Guatusco;False
3768;NES;JUNEVCCS;Corregimiento;Guaspaltepec;Cosamaluava y Guaspaltepec;1535;ca;1565;not_before;;;;;False;;C;C;cosamaloapan_jurisdiccion_nes;conceptos:corregimiento;NEVCCSJU;;NES;;div-nueva-espana;Corregimiento de Guaspaltepec;[[:conceptos:corregimiento|Corregimiento]] de Guaspaltepec;False
3769;NES;JUNEVCCS;Alcaldia Mayor;Cosamaloapan;Cosamaloapan y Guaspaltepec;1652;not_before;1691;exact;;;;;False;;AM;AM;cosamaloapan_jurisdiccion_nes;conceptos:alcaldia_mayor;NEVCCSJU;nes_veracruz_cosamaloapan;NES;Veracruz;div-nueva-espana;Alcaldia Mayor de Cosamaloapan;[[:conceptos:alcaldia_mayor|Alcaldia Mayor]] de Cosamaloapan;False
3770;NES;JUNEMXCT;Alcaldia Mayor;Cuatro Villas del Marquesado;Cuatro Villas del Marquesado;1570;exact;1582;exact;;;;;False;;AM;AM;cuautla amilpas_jurisdiccion_nes;conceptos:alcaldia_mayor;NEMXCTJU;;NES;;div-nueva-espana;Alcaldia Mayor de Cuatro Villas del Marquesado;[[:conceptos:alcaldia_mayor|Alcaldia Mayor]] de Cuatro Villas del Marquesado;False
3771;NES;JCNEMXOC;Corregimiento;Ocuituco;Ocuituco;1544;exact;1569;exact;;;1582;1599;False;;C;C;ocuituco_jurisdiccion_nes;conceptos:corregimiento;NEMXOCJC;;NES;;div-nueva-espana;Corregimiento de Ocuituco;[[:conceptos:corregimiento|Corregimiento]] de Ocuituco;False
3772;NES;JCNEMXXU;Corregimiento;Xumiltepec;Xumiltepec;1545;exact;1548;exact;;;;;False;;C;C;xumiltepec_jurisdiccion_nes;conceptos:corregimiento;NEMXXUJC;;NES;;div-nueva-espana;Corregimiento de Xumiltepec;[[:conceptos:corregimiento|Corregimiento]] de Xumiltepec;False
3773;NES;JCNEMXOC;Corregimiento;Ocuituco;Ocuituco;1570;exact;1599;not_after;;;1582;1599;True;JUNEMXCT;C;C;ocuituco_jurisdiccion_nes;conceptos:corregimiento;NEMXOCJC;;NES;;div-nueva-espana;Corregimiento de Ocuituco;[[:conceptos:corregimiento|Corregimiento]] de Ocuituco;False
3774;NES;JCNEMXTN;Corregimiento;Totolapan;Totolapan y Tlayacapa;1532;exact;1599;arbitrary;;;1581;16;False;;C;C;totolapan_jurisdiccion_nes;conceptos:corregimiento;NEMXTNJC;;NES;;div-nueva-espana;Corregimiento de Totolapan;[[:conceptos:corregimiento|Corregimiento]] de Totolapan;False
3775;NES;JCNEMXTN;Alcaldia Mayor;Totolapan;Totolapan y Tlayacapa;1600;arbitrary;1678;not_after;1582;1640;1670;1678;False;;AM;AM;totolapan_jurisdiccion_nes;conceptos:alcaldia_mayor;NEMXTNJC;;NES;;div-nueva-espana;Alcaldia Mayor de Totolapan;[[:conceptos:alcaldia_mayor|Alcaldia Mayor]] de Totolapan;False
3776;NES;JCNEMXTN;Alcaldia Mayor;Totolapan;Totolapan y Tlayacapa;1679;not_before;1691;not_before;1671;1679;1670;1691;True;JUNEMXCH;AM;Part.;totolapan_jurisdiccion_nes;conceptos:alcaldia_mayor;NEMXTNJC;;NES;;div-nueva-espana;Alcaldia Mayor agregada de Totolapan;[[:conceptos:alcaldia_mayor|Alcaldia Mayor agregada]] de Totolapan;False
3777;NES;JCNEMXTN;Alcaldia Mayor;Totolapan;Totolapan y Tlayacapa;1692;not_before;1703;not_after;1692;1699;1699;1703;False;;AM;AM;totolapan_jurisdiccion_nes;conceptos:alcaldia_mayor;NEMXTNJC;;NES;;div-nueva-espana;Alcaldia Mayor de Totolapan;[[:conceptos:alcaldia_mayor|Alcaldia Mayor]] de Totolapan;False
3778;NES;JUNEMICL;Corregimiento;Cuitzeo;Cuitzeo de la Laguna;1533;ca;1656;not_after;;;1599;1656;False;;C;C;cuitzeo de la laguna_jurisdiccion_nes;conceptos:corregimiento;NEMICLJU;;NES;;div-nueva-espana;Corregimiento de Cuitzeo;[[:conceptos:corregimiento|Corregimiento]] de Cuitzeo;False
3779;NES;JUNEPUCT;Corregimiento;Chiautla;Chiautla;1534;not_after;1548;not_after;;;1545;1548;False;;C;C;chiautla_jurisdiccion_nes;conceptos:corregimiento;NEPUCTJU;nes_puebla_chiautla;NES;Puebla;div-nueva-espana;Corregimiento de Chiautla;[[:conceptos:corregimiento|Corregimiento]] de Chiautla;False
3780;NES;JUNEPUCT;Alcaldia Mayor-Corregimiento;Minas de Ayoteca;Minas de Ayoteca y Chiautla;1549;not_after;1565;ca;1546;1549;;;False;;AM;AM;chiautla_jurisdiccion_nes;conceptos:alcaldia_mayor;NEPUCTJU;;NES;;div-nueva-espana;Alcaldia Mayor-Corregimiento de Minas de Ayoteca;[[:conceptos:alcaldia_mayor|Alcaldia Mayor-Corregimiento]] de Minas de Ayoteca;False
3782;NES;JUNEMXCL;Corregimiento;Chilapa;Chilapa;1532;ca;1536;ca;;;;;False;;C;C;chilapa_jurisdiccion_nes;conceptos:corregimiento;NEMXCLJU;nes_puebla_chietla;NES;Puebla;div-nueva-espana;Corregimiento de Chilapa;[[:conceptos:corregimiento|Corregimiento]] de Chilapa;False
3783;NES;JUNEMXCL;Provincia;Chilapa;Chilapa;1537;ca;1599;ca;;;;;False;;AM;AM;chilapa_jurisdiccion_nes;conceptos:partido;NEMXCLJU;;NES;;div-nueva-espana;Provincia de Chilapa;[[:conceptos:partido|Provincia]] de Chilapa;False
3784;NES;JUNEMXCL;Alcaldia Mayor;Chilapa;Tlacozautitlan y Chilapa;1600;ca;1696;arbitrary;;;1692;1703;False;;AM;AM;chilapa_jurisdiccion_nes;conceptos:alcaldia_mayor;NEMXCLJU;;NES;;div-nueva-espana;Alcaldia Mayor de Chilapa;[[:conceptos:alcaldia_mayor|Alcaldia Mayor]] de Chilapa;False
3785;NES;JUNEPUCL;Corregimiento;Cholula;Cholula;1531;exact;1645;ca;;;;;False;;C;C;cholula_jurisdiccion_nes;conceptos:corregimiento;NEPUCLJU;;NES;;div-nueva-espana;Corregimiento de Cholula;[[:conceptos:corregimiento|Corregimiento]] de Cholula;False
3786;NES;JCNEPUXI;Corregimiento;Xicotepec;Xicotepec;1531;exact;1564;not_after;;;;;False;;C;C;xicotepec_jurisdiccion_nes;conceptos:corregimiento;NEPUXIJC;;NES;;div-nueva-espana;Corregimiento de Xicotepec;[[:conceptos:corregimiento|Corregimiento]] de Xicotepec;False
3789;NES;JUNEVCCS;Corregimiento;Guaspaltepec;Guaspaltepec y Oxitlan;1566;not_before;1599;ca;;;;;False;;C;C;cosamaloapan_jurisdiccion_nes;conceptos:corregimiento;NEVCCSJU;;NES;;div-nueva-espana;Corregimiento de Guaspaltepec;[[:conceptos:corregimiento|Corregimiento]] de Guaspaltepec;False
3790;NES;PTNEOAHM;Corregimiento;Huamelula;Huamelula;1531;exact;1599;ca;;;;;False;;C;C;huamelula_partido_nes;conceptos:corregimiento;NEOAHMPT;;NES;;div-nueva-espana;Corregimiento de Huamelula;[[:conceptos:corregimiento|Corregimiento]] de Huamelula;False
3791;NES;JCNEOAPO;Corregimiento;Pochutla;Pochutla y Tonameca;1531;exact;1550;ca;;;;;False;;C;C;pochutla_jurisdiccion_nes;conceptos:corregimiento;NEOAPOJC;;NES;;div-nueva-espana;Corregimiento de Pochutla;[[:conceptos:corregimiento|Corregimiento]] de Pochutla;False
3792;NES;JUNEOAHT;Alcaldia Mayor;Huatulco;Puerto de Huatulco;1550;ca;1599;ca;;;;;False;;AM;AM;huatulco_partido_nes;conceptos:alcaldia_mayor;NEOAHTJU;nes_oaxaca_huatulco y huamelula;NES;Oaxaca;div-nueva-espana;Alcaldia Mayor de Huatulco;[[:conceptos:alcaldia_mayor|Alcaldia Mayor]] de Huatulco;False
3793;NES;JCNEOAPO;Corregimiento;Pochutla;Pochutla y Tonameca;1551;ca;1599;arbitrary;;;;;True;JUNEOAHT;C;Part.;pochutla_jurisdiccion_nes;conceptos:corregimiento;NEOAPOJC;;NES;;div-nueva-espana;Corregimiento agregado de Pochutla;[[:conceptos:corregimiento|Corregimiento agregado]] de Pochutla;False
3794;NES;JCNEOASU;Corregimiento;Pochutla;Pochutla y Tonameca;1531;exact;1599;ca;;;;;False;;C;C;suchitepec_jurisdiccion_nes;conceptos:corregimiento;NEOASUJC;;NES;;div-nueva-espana;Corregimiento de Pochutla;[[:conceptos:corregimiento|Corregimiento]] de Pochutla;False
3796;NES;JCNEMXTZ;Corregimiento;Tepotzotlan;Tepotzotlan;1546;exact;1565;exact;;;;;False;;C;C;tepotzotlan_jurisdiccion_nes;conceptos:corregimiento;NEMXTZJC;;NES;;div-nueva-espana;Corregimiento de Tepotzotlan;[[:conceptos:corregimiento|Corregimiento]] de Tepotzotlan;False
3797;NES;JCNEMXTZ;Corregimiento;Tepotzotlan;Tepotzotlan;1566;exact;1580;arbitrary;;;;;True;JUNEMXCN;C;Part.;tepotzotlan_jurisdiccion_nes;conceptos:corregimiento;NEMXTZJC;;NES;;div-nueva-espana;Corregimiento agregado de Tepotzotlan;[[:conceptos:corregimiento|Corregimiento agregado]] de Tepotzotlan;False
3798;NES;JUNEOAHP;Corregimiento;Guaxuapa;Guaxuapa y Tequecistepec;1531;not_before;1630;ca;1531;1534;1680;1688;False;;C;C;huajuapan_jurisdiccion_nes;conceptos:corregimiento;NEOAHPJU;;NES;;div-nueva-espana;Corregimiento de Guaxuapa;[[:conceptos:corregimiento|Corregimiento]] de Guaxuapa;False
3799;NES;JCNEOAGP;Corregimiento;Guapanapa;Guapanapa;1531;not_before;1536;exact;1531;1534;;;False;;C;C;guapanapa_jurisdiccion_nes;conceptos:corregimiento;NEOAGPJC;;NES;;div-nueva-espana;Corregimiento de Guapanapa;[[:conceptos:corregimiento|Corregimiento]] de Guapanapa;False
3800;NES;JCNEOAGP;Corregimiento;Guapanapa;Guapanapa;1544;exact;1599;not_before;;;1600;1610;False;;C;C;guapanapa_jurisdiccion_nes;conceptos:corregimiento;NEOAGPJC;;NES;;div-nueva-espana;Corregimiento de Guapanapa;[[:conceptos:corregimiento|Corregimiento]] de Guapanapa;False
3801;NES;JCNEOATO;Corregimiento;Tonala;Tonala;1531;not_before;1578;exact;1531;1534;;;False;;C;C;tonala_jurisdiccion_nes;conceptos:corregimiento;NEOATOJC;;NES;;div-nueva-espana;Corregimiento de Tonala;[[:conceptos:corregimiento|Corregimiento]] de Tonala;False
3802;NES;JCNEOATO;Alcaldia Mayor;Tonala;Tonala y  Minas de Cilacayoapa;1579;not_before;1688;not_after;;;1682;1688;False;;AM;AM;tonala_jurisdiccion_nes;conceptos:alcaldia_mayor;NEOATOJC;;NES;;div-nueva-espana;Alcaldia Mayor de Tonala;[[:conceptos:alcaldia_mayor|Alcaldia Mayor]] de Tonala;False
3803;NES;JCNEOATO;Partido;Tonala;Tonala y  Minas de Cilacayoapa;1689;not_after;1808;hgis;1683;1689;;;False;;Part.;Part.;tonala_jurisdiccion_nes;conceptos:partido;NEOATOJC;;NES;;div-nueva-espana;Partido de Tonala;[[:conceptos:partido|Partido]] de Tonala;False
3804;NES;JCNEOATU;Corregimiento;Tuctla;Tuctla;1531;not_before;1554;exact;1531;1534;;;False;;C;C;tuctla_jurisdiccion_nes;conceptos:corregimiento;NEOATUJC;;NES;;div-nueva-espana;Corregimiento de Tuctla;[[:conceptos:corregimiento|Corregimiento]] de Tuctla;False
3805;NES;JCNEOACI;Corregimiento;Cilacayoapa;Cilacayoapa;1570;not_before;1578;exact;1570;1575;;;False;;C;C;cilacayoapa_jurisdiccion_nes;conceptos:corregimiento;NEOACIJC;;NES;;div-nueva-espana;Corregimiento de Cilacayoapa;[[:conceptos:corregimiento|Corregimiento]] de Cilacayoapa;False
3806;NES;JUNEVCCZ;Jurisdiccion;Espiritu Santo;Espiritu Santo;1522;exact;1524;exact;;;;;False;;Jur.;Jur.;acayuca_jurisdiccion_nes;conceptos:jurisdiccion;NEVCCZJU;;NES;;div-nueva-espana;Jurisdiccion de Espiritu Santo;[[:conceptos:jurisdiccion|Jurisdiccion]] de Espiritu Santo;False
3807;NES;JUNEVCCZ;Alcaldia Mayor;Espiritu Santo;Espiritu Santo y Guazacualco;1525;exact;1634;ca;;;;;False;;AM;AM;acayuca_jurisdiccion_nes;conceptos:alcaldia_mayor;NEVCCZJU;nes_veracruz_acayuca;NES;Veracruz;div-nueva-espana;Alcaldia Mayor de Espiritu Santo;[[:conceptos:alcaldia_mayor|Alcaldia Mayor]] de Espiritu Santo;False
3808;NES;JCNEVCAG;Corregimiento;Aguataco;Aguataco;1545;exact;1599;ca;;;;;False;;C;C;aguataco_jurisdiccion_nes;conceptos:corregimiento;NEVCAGJC;;NES;;div-nueva-espana;Corregimiento de Aguataco;[[:conceptos:corregimiento|Corregimiento]] de Aguataco;False
3809;NES;JCNEVCLA;Corregimiento;Los Agualulcos;Los Agualulcos;1550;ca;1680;ca;;;;;False;;C;C;los agualulcos_jurisdiccion_nes;conceptos:corregimiento;NEVCLAJC;;NES;;div-nueva-espana;Corregimiento de Los Agualulcos;[[:conceptos:corregimiento|Corregimiento]] de Los Agualulcos;False
3810;NES;JCNEVCAT;Corregimiento;Ataco;Ataco y Ocelotepec;1551;not_before;1599;ca;1551;1554;;;False;;C;C;ataco_jurisdiccion_nes;conceptos:corregimiento;NEVCATJC;;NES;;div-nueva-espana;Corregimiento de Ataco;[[:conceptos:corregimiento|Corregimiento]] de Ataco;False
3811;NES;JCNEVCHU;Corregimiento;Hueytlan;Hueytlan y Tilzapoapa;1551;not_before;1599;ca;1551;1554;;;False;;C;C;hueytlan_jurisdiccion_nes;conceptos:corregimiento;NEVCHUJC;;NES;;div-nueva-espana;Corregimiento de Hueytlan;[[:conceptos:corregimiento|Corregimiento]] de Hueytlan;False
3812;NES;JCNEVCMZ;Corregimiento;Miahuatlan;Miaguatlan y Zapotancingo;1551;not_before;1599;ca;1551;1554;;;False;;C;C;miahuatlan_jurisdiccion_nes;conceptos:corregimiento;NEVCMZJC;;NES;;div-nueva-espana;Corregimiento de Miahuatlan;[[:conceptos:corregimiento|Corregimiento]] de Miahuatlan;False
3813;NES;JCNEVCTA;Corregimiento;Tapalan;Tapalan;1551;not_before;1599;ca;1551;1554;;;False;;C;C;tapalan_jurisdiccion_nes;conceptos:corregimiento;NEVCTAJC;;NES;;div-nueva-espana;Corregimiento de Tapalan;[[:conceptos:corregimiento|Corregimiento]] de Tapalan;False
3814;NES;JCNEVCTO;Corregimiento;Tonala;Tonala;1551;not_before;1599;ca;1551;1554;;;False;;C;C;tonala_jurisdiccion_nes;conceptos:corregimiento;NEVCTOJC;;NES;;div-nueva-espana;Corregimiento de Tonala;[[:conceptos:corregimiento|Corregimiento]] de Tonala;False
3815;NES;JCNEVCCH;Corregimiento;Chicuitlan;Chicuitlan y Ostuacan;1558;not_before;1599;ca;1558;1669;;;False;;C;C;chicuitlan_jurisdiccion_nes;conceptos:corregimiento;NEVCCHJC;;NES;;div-nueva-espana;Corregimiento de Chicuitlan;[[:conceptos:corregimiento|Corregimiento]] de Chicuitlan;False
3816;NES;JCNEVCZA;Corregimiento;Zacualpa;Zacualpa y Cayaco;1558;not_before;1599;ca;1558;1669;;;False;;C;C;zacualpa_jurisdiccion_nes;conceptos:corregimiento;NEVCZAJC;;NES;;div-nueva-espana;Corregimiento de Zacualpa;[[:conceptos:corregimiento|Corregimiento]] de Zacualpa;False
3817;NES;JCNEVCCH;Partido;Chicuitlan;Chicuitlan y Ostuacan;1600;ca;1680;ca;;;;;False;;Part.;Part.;chicuitlan_jurisdiccion_nes;conceptos:partido;NEVCCHJC;;NES;;div-nueva-espana;Partido de Chicuitlan;[[:conceptos:partido|Partido]] de Chicuitlan;False
3818;NES;JCNEVCTO;Partido;Tonala;Tonala;1600;ca;1680;ca;;;;;False;;Part.;Part.;tonala_jurisdiccion_nes;conceptos:partido;NEVCTOJC;;NES;;div-nueva-espana;Partido de Tonala;[[:conceptos:partido|Partido]] de Tonala;False
3819;NES;JCNEVCAT;Partido;Ataco;Ataco y Ocelotepec;1600;ca;1680;ca;;;;;False;;Part.;Part.;ataco_jurisdiccion_nes;conceptos:partido;NEVCATJC;;NES;;div-nueva-espana;Partido de Ataco;[[:conceptos:partido|Partido]] de Ataco;False
3820;NES;JCNEVCTQ;Corregimiento;Taquilapas;Taquilapas;1558;not_before;1599;ca;1558;1669;;;False;;C;C;taquilapas_jurisdiccion_nes;conceptos:corregimiento;NEVCTQJC;;NES;;div-nueva-espana;Corregimiento de Taquilapas;[[:conceptos:corregimiento|Corregimiento]] de Taquilapas;False
3821;NES;JCNEVCLA;Partido;Los Agualulcos;Los Agualulcos;1681;ca;9999;end;;;;;False;;Part.;Part.;los agualulcos_jurisdiccion_nes;conceptos:partido;NEVCLAJC;;NES;;div-nueva-espana;Partido de Los Agualulcos;[[:conceptos:partido|Partido]] de Los Agualulcos;False
3822;NES;JUNEPUHY;Corregimiento;Huayacocotla;Huayacocotla;1589;exact;1625;not_after;;;1599;1625;False;;C;C;huayacocotla y chicontepec_jurisdiccion_nes;conceptos:corregimiento;NEPUHYJU;;NES;;div-nueva-espana;Corregimiento de Huayacocotla;[[:conceptos:corregimiento|Corregimiento]] de Huayacocotla;False
3823;NES;JUNEMIHS;Corregimiento;Huaymeo y Sirandaro;Huaymeo y Sirandaro;1566;exact;1599;arbitrary;;;;;True;JCNEMIES;C;Part.;huetamo_jurisdiccion_nes;conceptos:corregimiento;NEMIHSJU;;NES;;div-nueva-espana;Corregimiento agregado de Huaymeo y Sirandaro;[[:conceptos:corregimiento|Corregimiento agregado]] de Huaymeo y Sirandaro;False
3824;NES;JCNEMIES;Alcaldia Mayor;Minas del Espiritu Santo;Minas del Espiritu Santo;1566;exact;1599;arbitrary;;;;;False;;AM;AM;minas del espiritu santo_jurisdiccion_nes;conceptos:alcaldia_mayor;NEMIESJC;;NES;;div-nueva-espana;Alcaldia Mayor de Minas del Espiritu Santo;[[:conceptos:alcaldia_mayor|Alcaldia Mayor]] de Minas del Espiritu Santo;False
3825;NES;JUNEPUHZ;Corregimiento;Huejotzingo;Huejotzingo;1532;exact;1645;not_after;;;;;False;;C;C;huejotzingo_jurisdiccion_nes;conceptos:corregimiento;NEPUHZJU;;NES;;div-nueva-espana;Corregimiento de Huejotzingo;[[:conceptos:corregimiento|Corregimiento]] de Huejotzingo;False
3827;NES;JUNEMXHJ;Alcaldia Mayor;Huejutla;Huejutla;1660;not_after;1739;not_after;;;;;True;JUNEPUHY;AM;Part.;huejutla_jurisdiccion_nes;conceptos:alcaldia_mayor;NEMXHJJU;nes_mexico_huejutla;NES;Mexico;div-nueva-espana;Alcaldia Mayor agregada de Huejutla;[[:conceptos:alcaldia_mayor|Alcaldia Mayor agregada]] de Huejutla;False
3828;NES;JUNEMXIG;Corregimiento;Iguala;Iguala;1535;ca;1650;ca;;;;;False;;C;C;iguala_jurisdiccion_nes;conceptos:corregimiento;NEMXIGJU;nes_mexico_iguala;NES;;div-nueva-espana;Corregimiento de Iguala;[[:conceptos:corregimiento|Corregimiento]] de Iguala;False
3830;NES;JUNEPUIG;Corregimiento;Xalapa;Xalapa y Cintla;1534;exact;1557;exact;;;;;False;;C;C;igualapa_jurisdiccion_nes;conceptos:corregimiento;NEPUIGJU;;NES;;div-nueva-espana;Corregimiento de Xalapa;[[:conceptos:corregimiento|Corregimiento]] de Xalapa;False
3831;NES;JCNEMXIS;Corregimiento;Iscateupan;Iscateupan;1535;exact;1680;not_after;;;1600;1680;False;;C;C;iscateupan_jurisdiccion_nes;conceptos:corregimiento;NEMXISJC;;NES;;div-nueva-espana;Corregimiento de Iscateupan;[[:conceptos:corregimiento|Corregimiento]] de Iscateupan;False
3832;NES;JCNEMXIS;Alcaldia Mayor;Iscateupan;Iscateupan;1681;ca;1786;not_after;;;;;True;JUNEMXZP;AM;Part.;iscateupan_jurisdiccion_nes;conceptos:alcaldia_mayor;NEMXISJC;;NES;;div-nueva-espana;Alcaldia Mayor agregada de Iscateupan;[[:conceptos:alcaldia_mayor|Alcaldia Mayor agregada]] de Iscateupan;False
3833;NES;JMNEMXTT;Corregimiento;Teloloapa;Teloloapa;1531;exact;1579;exact;;;;;False;;C;C;teloloapa_jurisdiccion_nes;conceptos:corregimiento;NEMXTTJM;;NES;;div-nueva-espana;Corregimiento de Teloloapa;[[:conceptos:corregimiento|Corregimiento]] de Teloloapa;False
3834;NES;JUNEMXIM;Corregimiento;Ixmiquilpan;Ixmiquilpan;1535;exact;1548;not_after;;;1546;1548;False;;C;C;ixmiquilpan_jurisdiccion_nes;conceptos:corregimiento;NEMXIMJU;;NES;;div-nueva-espana;Corregimiento de Ixmiquilpan;[[:conceptos:corregimiento|Corregimiento]] de Ixmiquilpan;False
3836;NES;JUNEMXIM;Alcaldia Mayor;Minas de Ixmiquilpan;Minas de Ixmiquilpan;1549;not_after;1560;arbitrary;1547;1549;;;False;;AM;AM;ixmiquilpan_jurisdiccion_nes;conceptos:alcaldia_mayor;NEMXIMJU;;NES;;div-nueva-espana;Alcaldia Mayor de Minas de Ixmiquilpan;[[:conceptos:alcaldia_mayor|Alcaldia Mayor]] de Minas de Ixmiquilpan;False
3837;GDJ;JUGDGDET;Corregimiento;Etzatlan;Etzatlan;1535;exact;1548;not_after;;;1540;1548;False;;C;C;etzatlan_jurisdiccion_gdj;conceptos:corregimiento;GDGDETJU;;GDJ;;div-nueva-galicia;Corregimiento de Etzatlan;[[:conceptos:corregimiento|Corregimiento]] de Etzatlan;False
3838;NES;JUNEOAIX;Corregimiento;Ixtepeji;Ixtepeji;1554;exact;1668;not_after;;;1640;1669;False;;C;C;ixtepeji_jurisdiccion_nes;conceptos:corregimiento;NEOAIXJU;nes_oaxaca_ixtepeji;NES;Oaxaca;div-nueva-espana;Corregimiento de Ixtepeji;[[:conceptos:corregimiento|Corregimiento]] de Ixtepeji;False
3839;NES;JUNEPUIZ;Corregimiento;Izucar;Izucar;1541;exact;1558;not_before;;;1558;1559;False;;C;C;izucar_jurisdiccion_nes;conceptos:corregimiento;NEPUIZJU;;NES;;div-nueva-espana;Corregimiento de Izucar;[[:conceptos:corregimiento|Corregimiento]] de Izucar;False
3841;NES;JCNEPUEP;Corregimiento;Epatlan;Epatlan y Teupantlan;1534;not_after;1601;ca;;;;;False;;C;C;epatlan y teupantlan_jurisdiccion_nes;conceptos:corregimiento;NEPUEPJC;nes_guanajuato_yurirapundaro;NES;Guanajuato;div-nueva-espana;Corregimiento de Epatlan;[[:conceptos:corregimiento|Corregimiento]] de Epatlan;False
3842;NES;JUNEOAJU;Corregimiento;Juxtlahuaca;Juxtlahuaca;1548;exact;1689;ca;;;;;False;;C;C;juxtlahuaca_jurisdiccion_nes;conceptos:corregimiento;NEOAJUJU;nes_oaxaca_juxtlahuaca;NES;Oaxaca;div-nueva-espana;Corregimiento de Juxtlahuaca;[[:conceptos:corregimiento|Corregimiento]] de Juxtlahuaca;False
3844;NES;JUNEGJLE;Alcaldia Mayor;Villa de Leon;Villa de Leon;1579;exact;1669;ca;;;;;False;;AM;AM;villa de leon_jurisdiccion_nes;conceptos:alcaldia_mayor;NEGJLEJU;nes_guanajuato_villa de leon;NES;Guanajuato;div-nueva-espana;Alcaldia Mayor de Villa de Leon;[[:conceptos:alcaldia_mayor|Alcaldia Mayor]] de Villa de Leon;False
3845;NES;JUNEMXLE;Corregimiento;Talasco;Talasco;1534;ca;1599;arbitrary;;;;;False;;C;C;lerma_jurisdiccion_nes;conceptos:corregimiento;NEMXLEJU;nes_mexico_lerma;NES;Mexico;div-nueva-espana;Corregimiento de Talasco;[[:conceptos:corregimiento|Corregimiento]] de Talasco;False
3846;NES;JUNEMXLE;Corregimiento;Tarasquillo;Tarasquillo;1600;arbitrary;1679;exact;;;;;False;;C;C;lerma_jurisdiccion_nes;conceptos:corregimiento;NEMXLEJU;nes_mexico_lerma;NES;Mexico;div-nueva-espana;Corregimiento de Tarasquillo;[[:conceptos:corregimiento|Corregimiento]] de Tarasquillo;False
3847;NES;JUNEMXMA;Corregimiento;Malinalco;Malinalco;1532;exact;1550;not_before;;;1550;1558;False;;C;C;malinalco_jurisdiccion_nes;conceptos:corregimiento;NEMXMAJU;nes_mexico_lerma;NES;Mexico;div-nueva-espana;Corregimiento de Malinalco;[[:conceptos:corregimiento|Corregimiento]] de Malinalco;False
3848;NES;JUNEMIMA;Corregimiento;Maravatio;Maravatio;1550;not_after;1600;not_before;1546;1550;1600;1609;False;;C;C;maravatio_jurisdiccion_nes;conceptos:corregimiento;NEMIMAJU;;NES;;div-nueva-espana;Corregimiento de Maravatio;[[:conceptos:corregimiento|Corregimiento]] de Maravatio;False
3849;NES;JCNEMITU;Corregimiento;Tuzantla;Tuzantla;1546;exact;1584;not_after;;;;;False;;C;C;tuzantla_jurisdiccion_nes;conceptos:corregimiento;NEMITUJC;nes_guanajuato_yurirapundaro;NES;Guanajuato;div-nueva-espana;Corregimiento de Tuzantla;[[:conceptos:corregimiento|Corregimiento]] de Tuzantla;False
3850;NES;JUNEMXMZ;Corregimiento;Mexicaltzingo;Mexicaltzingo;1531;exact;1647;arbitrary;;;;;False;;C;C;mexicaltzingo_jurisdiccion_nes;conceptos:corregimiento;NEMXMZJU;;NES;;div-nueva-espana;Corregimiento de Mexicaltzingo;[[:conceptos:corregimiento|Corregimiento]] de Mexicaltzingo;False
3851;NES;JUNEMXMC;Corregimiento;Metepec;Metepec;1534;exact;1536;not_after;;;1550;1558;False;;C;C;metepec_jurisdiccion_nes;conceptos:corregimiento;NEMXMCJU;nes_mexico_lerma;NES;Mexico;div-nueva-espana;Corregimiento de Metepec;[[:conceptos:corregimiento|Corregimiento]] de Metepec;False
3852;NES;JUNEMXIH;Tenencia de Alcaldia Mayor;Valle de Matalcingo;Valle de Matalcingo;1555;exact;1595;exact;;;;;False;;Ten.;Jur.;ixtlahuaca_jurisdiccion_nes;conceptos:jurisdiccion;NEMXIHJU;;NES;;div-nueva-espana;Tenencia de Alcaldia Mayor de Valle de Matalcingo;[[:conceptos:jurisdiccion|Tenencia de Alcaldia Mayor]] de Valle de Matalcingo;False
3853;NES;JCNEMXXI;Corregimiento;Xiquipilco;Xiquipilco;1534;not_after;1553;not_before;;;1553;1569;False;;C;C;xiquipilco_jurisdiccion_nes;conceptos:corregimiento;NEMXXIJC;nes_guanajuato_yurirapundaro;NES;Guanajuato;div-nueva-espana;Corregimiento de Xiquipilco;[[:conceptos:corregimiento|Corregimiento]] de Xiquipilco;False
3854;NES;JCNEMXMH;Corregimiento;Mixquic;Mixquic;1531;not_after;1553;not_before;;;1553;1569;False;;C;C;mixquic_jurisdiccion_nes;conceptos:corregimiento;NEMXMHJC;nes_guanajuato_yurirapundaro;NES;Guanajuato;div-nueva-espana;Corregimiento de Mixquic;[[:conceptos:corregimiento|Corregimiento]] de Mixquic;False
3855;NES;JUNEMXMX;Jurisdiccion;Mexico;Mexico;1524;exact;1573;exact;;;;;False;;Jur.;Jur.;mexico_jurisdiccion_nes;conceptos:jurisdiccion;NEMXMXJU;;NES;;div-nueva-espana;Jurisdiccion de Mexico;[[:conceptos:jurisdiccion|Jurisdiccion]] de Mexico;False
3856;NES;JUNEMXMX;Corregimiento;Mexico;Mexico;1574;exact;1786;exact;;;;;False;;C;C;mexico_jurisdiccion_nes;conceptos:corregimiento;NEMXMXJU;;NES;;div-nueva-espana;Corregimiento de Mexico;[[:conceptos:corregimiento|Corregimiento]] de Mexico;False
3858;NES;PTNEOAMT;Corregimiento;Mitla y Tlacolula;Mitla y Tlacolula;1531;ca;1679;ca;1531;1532;;;False;;C;C;mitla y tlacolula_partido_nes;conceptos:corregimiento;NEOAMTPT;;NES;;div-nueva-espana;Corregimiento de Mitla y Tlacolula;[[:conceptos:corregimiento|Corregimiento]] de Mitla y Tlacolula;False
3859;NES;JUNEOAMA;Corregimiento;Macuilsuchil;Macuilsuchil y Teotitlan;1531;ca;1679;ca;1531;1532;;;False;;C;C;macuilsuchil_jurisdiccion_nes;conceptos:corregimiento;NEOAMAJU;;NES;;div-nueva-espana;Corregimiento de Macuilsuchil;[[:conceptos:corregimiento|Corregimiento]] de Macuilsuchil;False
3860;NES;JCNEMIAQ;Corregimiento;Aquila;Aquila;1559;not_after;1599;ca;;;;;False;;C;C;aquila_jurisdiccion_nes;conceptos:corregimiento;NEMIAQJC;nes_guanajuato_yurirapundaro;NES;Guanajuato;div-nueva-espana;Corregimiento de Aquila;[[:conceptos:corregimiento|Corregimiento]] de Aquila;False
3861;NES;JCNEMICU;Corregimiento;Cuacoman;Cuacoman;1555;not_after;1559;ca;;;;;False;;C;C;cuacoman_jurisdiccion_nes;conceptos:corregimiento;NEMICUJC;nes_guanajuato_yurirapundaro;NES;Guanajuato;div-nueva-espana;Corregimiento de Cuacoman;[[:conceptos:corregimiento|Corregimiento]] de Cuacoman;False
3862;NES;JCNEMICU;Corregimiento;Cuacoman;Cuacoman;1560;not_after;1599;ca;;;;;True;JUNEMIMO;C;Part.;cuacoman_jurisdiccion_nes;conceptos:corregimiento;NEMICUJC;nes_guanajuato_yurirapundaro;NES;Guanajuato;div-nueva-espana;Corregimiento agregado de Cuacoman;[[:conceptos:corregimiento|Corregimiento agregado]] de Cuacoman;False
3863;NES;JCNEMIMQ;Corregimiento;Maquili;Maquili;1555;not_after;1599;ca;;;;;False;;C;C;maquili y tlatictla_jurisdiccion_nes;conceptos:corregimiento;NEMIMQJC;nes_guanajuato_yurirapundaro;NES;Guanajuato;div-nueva-espana;Corregimiento de Maquili;[[:conceptos:corregimiento|Corregimiento]] de Maquili;False
3864;NES;JCNEMIMM;Corregimiento;Motin;Motin y Maruata;1555;not_after;1599;ca;;;;;False;;C;C;motin y maruata_jurisdiccion_nes;conceptos:corregimiento;NEMIMMJC;nes_guanajuato_yurirapundaro;NES;Guanajuato;div-nueva-espana;Corregimiento de Motin;[[:conceptos:corregimiento|Corregimiento]] de Motin;False
3867;NES;JCNEOACO;Corregimiento;Coatlan e Ixpaltepec;Coatlan e Ixpaltepec;1553;arbitrary;1599;ca;1535;1553;;;False;;C;C;coatlan e ixpaltepec_jurisdiccion_nes;conceptos:corregimiento;NEOACOJC;nes_guanajuato_yurirapundaro;NES;Guanajuato;div-nueva-espana;Corregimiento de Coatlan e Ixpaltepec;[[:conceptos:corregimiento|Corregimiento]] de Coatlan e Ixpaltepec;False
3868;NES;JCNEOACH;Corregimiento;Chimaltepec;Chimaltepec;1553;arbitrary;1599;ca;1535;1553;;;False;;C;C;chimaltepec_jurisdiccion_nes;conceptos:corregimiento;NEOACHJC;nes_guanajuato_yurirapundaro;NES;Guanajuato;div-nueva-espana;Corregimiento de Chimaltepec;[[:conceptos:corregimiento|Corregimiento]] de Chimaltepec;False
3869;NES;JCNEOAMC;Corregimiento;Malacatepec y Camotlan;Malacatepec y Camotlan;1553;arbitrary;1599;ca;1535;1553;;;False;;C;C;malacatepec y camotlan_jurisdiccion_nes;conceptos:corregimiento;NEOAMCJC;nes_guanajuato_yurirapundaro;NES;Guanajuato;div-nueva-espana;Corregimiento de Malacatepec y Camotlan;[[:conceptos:corregimiento|Corregimiento]] de Malacatepec y Camotlan;False
3872;NES;JCNEOAPH;Corregimiento;Peñol de Huelamos;Peñol de Huelamos;1534;ca;1599;ca;;;;;False;;C;C;peñol de huelamos_jurisdiccion_nes;conceptos:corregimiento;NEOAPHJC;nes_guanajuato_yurirapundaro;NES;Guanajuato;div-nueva-espana;Corregimiento de Peñol de Huelamos;[[:conceptos:corregimiento|Corregimiento]] de Peñol de Huelamos;False
3873;NES;JCNEOAQU;Corregimiento;Quiabecuza;Quiabecuza;1553;arbitrary;1599;ca;1535;1553;;;False;;C;C;quiabecuza_jurisdiccion_nes;conceptos:corregimiento;NEOAQUJC;nes_guanajuato_yurirapundaro;NES;Guanajuato;div-nueva-espana;Corregimiento de Quiabecuza;[[:conceptos:corregimiento|Corregimiento]] de Quiabecuza;False
3875;NES;JCNEOATZ;Corregimiento;Tizatepec;Tizatepec;1553;arbitrary;1599;ca;1535;1553;;;False;;C;C;tizatepec_jurisdiccion_nes;conceptos:corregimiento;NEOATZJC;nes_guanajuato_yurirapundaro;NES;Guanajuato;div-nueva-espana;Corregimiento de Tizatepec;[[:conceptos:corregimiento|Corregimiento]] de Tizatepec;False
3876;NES;JCNEOATH;Corregimiento;Tlahuitaltepec;Tlahuitaltepec;1553;arbitrary;1599;ca;1535;1553;;;False;;C;C;tlahuitaltepec_jurisdiccion_nes;conceptos:corregimiento;NEOATHJC;nes_guanajuato_yurirapundaro;NES;Guanajuato;div-nueva-espana;Corregimiento de Tlahuitaltepec;[[:conceptos:corregimiento|Corregimiento]] de Tlahuitaltepec;False
3877;NES;JCNEOATL;Corregimiento;Tlapacaltepec;Tlapacaltepec;1534;ca;1599;ca;;;;;False;;C;C;tlapacaltepec_jurisdiccion_nes;conceptos:corregimiento;NEOATLJC;nes_guanajuato_yurirapundaro;NES;Guanajuato;div-nueva-espana;Corregimiento de Tlapacaltepec;[[:conceptos:corregimiento|Corregimiento]] de Tlapacaltepec;False
3879;NES;JUNEOAPE;Corregimiento;Ixcuintepec;Ixcuintepec y Elotepec;1545;not_after;1688;not_before;1535;1545;1688;1706;False;;C;C;ixcuintepec peñoles_jurisdiccion_nes;conceptos:corregimiento;NEOAPEJU;;NES;;div-nueva-espana;Corregimiento de Ixcuintepec;[[:conceptos:corregimiento|Corregimiento]] de Ixcuintepec;False
3881;NES;JUNEOANO;Alcaldia Mayor;Nochixtlan;Nochixtlan y Peñoles;1771;not_after;1786;exact;;1738;;;False;;AM;AM;nochixtlan_jurisdiccion_nes;conceptos:alcaldia_mayor;NEOANOJU;nes_oaxaca_nochixtlan;NES;Oaxaca;div-nueva-espana;Alcaldia Mayor de Nochixtlan;[[:conceptos:alcaldia_mayor|Alcaldia Mayor]] de Nochixtlan;False
3883;GDJ;JUGDDUND;Jurisdiccion;Nombre de Dios;Nombre de Dios;1563;exact;1578;exact;;;;;False;;Jur.;Jur.;nombre de dios_jurisdiccion_gdj;conceptos:jurisdiccion;GDDUNDJU;;GDJ;;div-nueva-vizcaya;Jurisdiccion de Nombre de Dios;[[:conceptos:jurisdiccion|Jurisdiccion]] de Nombre de Dios;False
3885;NES;JUNEVCPN;Jurisdiccion;Panuco;Panuco;1534;exact;1536;exact;;;;;False;;Jur.;Jur.;panuco_jurisdiccion_nes;conceptos:jurisdiccion;NEVCPNJU;;NES;;div-nueva-espana;Jurisdiccion de Panuco;[[:conceptos:jurisdiccion|Jurisdiccion]] de Panuco;False
3886;NES;JUNEVCPN;Gobernacion;Panuco;Panuco;1527;exact;1533;exact;;;;;False;;G;Gob.;panuco_jurisdiccion_nes;conceptos:gobernacion;NEVCPNJU;;NES;;div-nueva-espana;Gobernacion de Panuco;[[:conceptos:gobernacion|Gobernacion]] de Panuco;False
3887;NES;JCPAACEC;Corregimiento;Acececa;Acececa;1545;not_after;1599;ca;1536;1545;;;False;;C;C;acececa_jurisdiccion_nes;conceptos:corregimiento;PAACECJC;;NES;;div-nueva-espana;Corregimiento de Acececa;[[:conceptos:corregimiento|Corregimiento]] de Acececa;False
3888;NES;JCPACUZC;Corregimiento;Cuzcatlan;Cuzcatlan;1536;not_after;1599;ca;1531;1536;;;False;;C;C;cuzcatlan_jurisdiccion_nes;conceptos:corregimiento;PACUZCJC;;NES;;div-nueva-espana;Corregimiento de Cuzcatlan;[[:conceptos:corregimiento|Corregimiento]] de Cuzcatlan;False
3889;NES;JCPACHTA;Corregimiento;Chachapala;Chachapala y Tanquian;1545;not_after;1599;ca;1536;1545;;;False;;C;C;chachapala y tanquian_jurisdiccion_nes;conceptos:corregimiento;PACHTAJC;;NES;;div-nueva-espana;Corregimiento de Chachapala;[[:conceptos:corregimiento|Corregimiento]] de Chachapala;False
3890;NES;JCPAGUAX;Corregimiento;Guaxutla;Guaxutla;1548;not_after;1599;ca;1536;1548;;;False;;C;C;guaxutla_jurisdiccion_nes;conceptos:corregimiento;PAGUAXJC;;NES;;div-nueva-espana;Corregimiento de Guaxutla;[[:conceptos:corregimiento|Corregimiento]] de Guaxutla;False
3891;NES;JCPANANA;Corregimiento;Nanaguautla;Nanaguautla;1545;not_after;1599;ca;1536;1545;;;False;;C;C;nanaguautla_jurisdiccion_nes;conceptos:corregimiento;PANANAJC;;NES;;div-nueva-espana;Corregimiento de Nanaguautla;[[:conceptos:corregimiento|Corregimiento]] de Nanaguautla;False
3892;NES;JCPANETU;Corregimiento;Nexpa y Tauzan;Nexpa y Tauzan;1555;not_after;1599;ca;1536;1555;;;False;;C;C;nexpa y tauzan_jurisdiccion_nes;conceptos:corregimiento;PANETUJC;;NES;;div-nueva-espana;Corregimiento de Nexpa y Tauzan;[[:conceptos:corregimiento|Corregimiento]] de Nexpa y Tauzan;False
3893;NES;JCPAPICI;Corregimiento;Piastla y Ciguala;Piastla y Ciguala;1548;not_after;1599;ca;1536;1548;;;False;;C;C;piastla y ciguala_jurisdiccion_nes;conceptos:corregimiento;PAPICIJC;;NES;;div-nueva-espana;Corregimiento de Piastla y Ciguala;[[:conceptos:corregimiento|Corregimiento]] de Piastla y Ciguala;False
3894;NES;JCPATTATA;Corregimiento;Tamahol;Tamahol y Tamotlan;1545;not_after;1599;ca;1536;1545;;;False;;C;C;tamahol y tamotlan_jurisdiccion_nes;conceptos:corregimiento;ATTATAJC;;NES;;div-nueva-espana;Corregimiento de Tamahol;[[:conceptos:corregimiento|Corregimiento]] de Tamahol;False
3895;NES;JCPATMHP;Corregimiento;Tamaholipa;Tamaholipa;1547;not_after;1599;ca;1536;1547;;;False;;C;C;tamaholipa_jurisdiccion_nes;conceptos:corregimiento;PATMHPJC;;NES;;div-nueva-espana;Corregimiento de Tamaholipa;[[:conceptos:corregimiento|Corregimiento]] de Tamaholipa;False
3896;NES;JCPATAMI;Corregimiento;Tamintla;Tamintla;1548;not_after;1599;ca;1536;1548;;;False;;C;C;tamintla_jurisdiccion_nes;conceptos:corregimiento;PATAMIJC;;NES;;div-nueva-espana;Corregimiento de Tamintla;[[:conceptos:corregimiento|Corregimiento]] de Tamintla;False
3897;NES;JCPATAMN;Corregimiento;Tamoin;Tamoin;1543;not_after;1599;ca;1536;1543;;;False;;C;C;tamohi_jurisdiccion_nes;conceptos:corregimiento;PATAMNJC;;NES;;div-nueva-espana;Corregimiento de Tamoin;[[:conceptos:corregimiento|Corregimiento]] de Tamoin;False
3898;NES;JCPATATE;Corregimiento;Tecuinche;Tecuinche y Texupespa;1545;not_after;1599;ca;1536;1545;;;False;;C;C;tecuinche y texupespa_jurisdiccion_nes;conceptos:corregimiento;PATATEJC;;NES;;div-nueva-espana;Corregimiento de Tecuinche;[[:conceptos:corregimiento|Corregimiento]] de Tecuinche;False
3899;NES;JCPATANC;Corregimiento;Tancuiname;Tancuiname;1545;not_after;1599;ca;1536;1545;;;False;;C;C;tancuiname_jurisdiccion_nes;conceptos:corregimiento;PATANCJC;;NES;;div-nueva-espana;Corregimiento de Tancuiname;[[:conceptos:corregimiento|Corregimiento]] de Tancuiname;False
3900;NES;JCPATAHU;Corregimiento;Tanchinamol;Tanchinamol y Huesco;1545;not_after;1599;ca;1536;1545;;;False;;C;C;tanchinamol y huesco_jurisdiccion_nes;conceptos:corregimiento;PATAHUJC;;NES;;div-nueva-espana;Corregimiento de Tanchinamol;[[:conceptos:corregimiento|Corregimiento]] de Tanchinamol;False
3901;NES;JCPATAME;Corregimiento;Tanchoy;Tanchoy y Mezquitlan;1545;not_after;1599;ca;1536;1545;;;False;;C;C;tanchoy y mezquitlan_jurisdiccion_nes;conceptos:corregimiento;PATAMEJC;;NES;;div-nueva-espana;Corregimiento de Tanchoy;[[:conceptos:corregimiento|Corregimiento]] de Tanchoy;False
3902;NES;JCPATNHZ;Corregimiento;Tanhuiz;Tanhuiz;1565;not_after;1599;ca;1536;1565;;;False;;C;C;tanhuiz_jurisdiccion_nes;conceptos:corregimiento;PATNHZJC;;NES;;div-nueva-espana;Corregimiento de Tanhuiz;[[:conceptos:corregimiento|Corregimiento]] de Tanhuiz;False
3903;NES;JCPATEMP;Corregimiento;Tempoal;Tempoal;1564;not_after;1599;ca;1536;1564;;;False;;C;C;tempoal_jurisdiccion_nes;conceptos:corregimiento;PATEMPJC;;NES;;div-nueva-espana;Corregimiento de Tempoal;[[:conceptos:corregimiento|Corregimiento]] de Tempoal;False
3904;NES;JCPATLAC;Corregimiento;Tlacolula;Tlacolula;1545;not_after;1599;ca;1536;1545;;;False;;C;C;tlacolula_jurisdiccion_nes;conceptos:corregimiento;PATLACJC;;NES;;div-nueva-espana;Corregimiento de Tlacolula;[[:conceptos:corregimiento|Corregimiento]] de Tlacolula;False
3905;NES;JCPAXILI;Corregimiento;Xilitla;Xilitla;1536;not_after;1590;exact;1531;1536;;;False;;C;C;xilitla_jurisdiccion_nes;conceptos:corregimiento;PAXILIJC;;NES;;div-nueva-espana;Corregimiento de Xilitla;[[:conceptos:corregimiento|Corregimiento]] de Xilitla;False
3906;NES;JCPAXOCU;Corregimiento;Xocutla;Xocutla;1545;not_after;1599;ca;1536;1545;;;False;;C;C;xocutla_jurisdiccion_nes;conceptos:corregimiento;PAXOCUJC;;NES;;div-nueva-espana;Corregimiento de Xocutla;[[:conceptos:corregimiento|Corregimiento]] de Xocutla;False
3907;NES;JUNEMXYA;Corregimiento;Yahualica;Yahualica;1545;not_after;1645;arbitrary;1536;1545;;;False;;C;C;yahualica_jurisdiccion_nes;conceptos:corregimiento;NEMXYAJU;;NES;;div-nueva-espana;Corregimiento de Yahualica;[[:conceptos:corregimiento|Corregimiento]] de Yahualica;False
3908;NES;JUNEMXSO;Corregimiento;Sochicoatlan;Sochicoatlan;1531;exact;1645;arbitrary;;;;;False;;C;C;sochicoatlan_jurisdiccion_nes;conceptos:corregimiento;NEMXSOJU;;NES;;div-nueva-espana;Corregimiento de Sochicoatlan;[[:conceptos:corregimiento|Corregimiento]] de Sochicoatlan;False
3909;NES;JUNEVCPP;Corregimiento;Papantla;Papantla;1600;ca;1632;not_after;;;;;False;;C;C;papantla_jurisdiccion_nes;conceptos:corregimiento;NEVCPPJU;;NES;;div-nueva-espana;Corregimiento de Papantla;[[:conceptos:corregimiento|Corregimiento]] de Papantla;False
3910;NES;JUNEVCPP;Corregimiento;Tonatico;Tonatico;1561;not_before;1599;ca;1561;1569;;;False;;C;C;papantla_jurisdiccion_nes;conceptos:corregimiento;NEVCPPJU;;NES;;div-nueva-espana;Corregimiento de Tonatico;[[:conceptos:corregimiento|Corregimiento]] de Tonatico;False
3911;NES;JCNEVCCE;Corregimiento;Cetusco;Cetusco;1533;ca;1569;not_after;;;1560;1569;False;;C;C;cetusco_jurisdiccion_nes;conceptos:corregimiento;NEVCCEJC;;NES;;div-nueva-espana;Corregimiento de Cetusco;[[:conceptos:corregimiento|Corregimiento]] de Cetusco;False
3912;NES;JUNEPUPU;Corregimiento;Puebla;Puebla;1550;exact;1554;exact;;;;;False;;C;C;puebla_jurisdiccion_nes;conceptos:corregimiento;NEPUPUJU;;NES;;div-nueva-espana;Corregimiento de Puebla;[[:conceptos:corregimiento|Corregimiento]] de Puebla;False
3913;NES;JUNEPUPU;Corregimiento;Cuctlaxohuapan;Cuctlaxohuapan;1531;exact;1537;exact;;;;;False;;C;C;puebla_jurisdiccion_nes;conceptos:corregimiento;NEPUPUJU;;NES;;div-nueva-espana;Corregimiento de Cuctlaxohuapan;[[:conceptos:corregimiento|Corregimiento]] de Cuctlaxohuapan;False
3914;NES;JUNEPUPU;Jurisdiccion;Puebla;Puebla;1538;exact;1549;exact;;;;;False;;Jur.;Jur.;puebla_jurisdiccion_nes;conceptos:jurisdiccion;NEPUPUJU;;NES;;div-nueva-espana;Jurisdiccion de Puebla;[[:conceptos:jurisdiccion|Jurisdiccion]] de Puebla;False
3916;NES;JUNEMXQU;Corregimiento;Queretaro;Queretaro;1577;exact;1581;not_after;;;1577;1581;False;;C;C;queretaro_jurisdiccion_nes;conceptos:corregimiento;NEMXQUJU;nes_mexico_queretaro;NES;Mexico;div-nueva-espana;Corregimiento de Queretaro;[[:conceptos:corregimiento|Corregimiento]] de Queretaro;False
3917;NES;JUNEMXQU;Alcaldia Mayor;Queretaro;Queretaro;1582;not_after;1661;not_after;1578;1582;1655;1661;False;;AM;AM;queretaro_jurisdiccion_nes;conceptos:alcaldia_mayor;NEMXQUJU;nes_mexico_sochicoatlan;NES;Mexico;div-nueva-espana;Alcaldia Mayor de Queretaro;[[:conceptos:alcaldia_mayor|Alcaldia Mayor]] de Queretaro;False
3918;NES;JUNEMXQU;Jurisdiccion;Queretaro;Queretaro;1531;exact;1576;exact;;;;;False;;Jur.;Jur.;queretaro_jurisdiccion_nes;conceptos:jurisdiccion;NEMXQUJU;;NES;;div-nueva-espana;Jurisdiccion de Queretaro;[[:conceptos:jurisdiccion|Jurisdiccion]] de Queretaro;False
3919;NES;JUNEMXEC;Corregimiento;Chiconautla;Chiconautla;1532;exact;1640;ca;;;;;False;;C;C;ecatepec_jurisdiccion_nes;conceptos:corregimiento;NEMXECJU;;NES;;div-nueva-espana;Corregimiento de Chiconautla;[[:conceptos:corregimiento|Corregimiento]] de Chiconautla;False
3920;NES;JUNEPUSJ;Corregimiento;San Juan de Los Llanos;San Juan de Los Llanos;1579;ca;1640;ca;;;;;False;;C;C;san juan de los llanos_jurisdiccion_nes;conceptos:corregimiento;NEPUSJJU;;NES;;div-nueva-espana;Corregimiento de San Juan de Los Llanos;[[:conceptos:corregimiento|Corregimiento]] de San Juan de Los Llanos;False
3921;NES;JUNEPUSJ;Corregimiento;Tlatlauquitepec;Tlatlauquitepec;1535;exact;1578;ca;;;;;False;;C;C;san juan de los llanos_jurisdiccion_nes;conceptos:corregimiento;NEPUSJJU;;NES;;div-nueva-espana;Corregimiento de Tlatlauquitepec;[[:conceptos:corregimiento|Corregimiento]] de Tlatlauquitepec;False
3922;NES;JUNEPUTZ;Corregimiento;Teciutlan y Atempa;Teciutlan y Atempa;1553;exact;1640;ca;;;;;False;;C;C;teziutlan_jurisdiccion_nes;conceptos:corregimiento;NEPUTZJU;nes_puebla_teziutlan;NES;Puebla;div-nueva-espana;Corregimiento de Teciutlan y Atempa;[[:conceptos:corregimiento|Corregimiento]] de Teciutlan y Atempa;False
3923;NES;JCNEPUTU;Corregimiento;Tustepec;Tustepec y Quimixtlan;1542;exact;1673;not_after;;;1641;1673;False;;C;C;tustepec y quimixtlan_jurisdiccion_nes;conceptos:corregimiento;NEPUTUJC;;NES;;div-nueva-espana;Corregimiento de Tustepec;[[:conceptos:corregimiento|Corregimiento]] de Tustepec;False
3924;GDJ;JUGDGDSY;Corregimiento;Atoyaque;Atoyaque;1545;exact;1551;exact;;;;;False;;C;C;sayula_jurisdiccion_gdj;conceptos:corregimiento;GDGDSYJU;;GDJ;;div-nueva-galicia;Corregimiento de Atoyaque;[[:conceptos:corregimiento|Corregimiento]] de Atoyaque;False
3925;NES;JUNEMXXO;Corregimiento;Xochimilco;Xochimilco;1541;exact;1569;not_before;;;1569;1577;False;;C;C;xochimilco_jurisdiccion_nes;conceptos:corregimiento;NEMXXOJU;;NES;;div-nueva-espana;Corregimiento de Xochimilco;[[:conceptos:corregimiento|Corregimiento]] de Xochimilco;False
3926;NES;JUNEMXTC;Corregimiento;Tenayuca;Tenayuca;1532;ca;1537;ca;;;;;False;;C;C;tacuba_jurisdiccion_nes;conceptos:corregimiento;NEMXTCJU;;NES;;div-nueva-espana;Corregimiento de Tenayuca;[[:conceptos:corregimiento|Corregimiento]] de Tenayuca;False
3927;NES;JUNEMXTC;Corregimiento;Tenayuca;Tenayuca;1544;ca;1572;exact;;;;;False;;C;C;tacuba_jurisdiccion_nes;conceptos:corregimiento;NEMXTCJU;;NES;;div-nueva-espana;Corregimiento de Tenayuca;[[:conceptos:corregimiento|Corregimiento]] de Tenayuca;False
3928;NES;JUNEMXCY;Corregimiento;Coyoacan;Coyoacan;1573;exact;1594;exact;;;;;True;JUNEMXTC;AM;AM;coyoacan_jurisdiccion_nes;conceptos:agregado;NEMXCYJU;nes_mexico_coyoacan;NES;Mexico;div-nueva-espana;Corregimiento agregado de Coyoacan;[[:conceptos:agregado|Corregimiento agregado]] de Coyoacan;False
3929;NES;JUNEMXCY;Corregimiento;Coyoacan;Coyoacan;1595;exact;1709;not_after;;;;;False;;C;C;coyoacan_jurisdiccion_nes;conceptos:corregimiento;NEMXCYJU;nes_mexico_coyoacan;NES;Mexico;div-nueva-espana;Corregimiento de Coyoacan;[[:conceptos:corregimiento|Corregimiento]] de Coyoacan;False
3930;NES;JUNEMITC;Corregimiento;Tancitaro;Tancitaro y Tlapalcatepec;1531;exact;1640;arbitrary;;;1599;1680;False;;C;C;tancitaro_jurisdiccion_nes;conceptos:corregimiento;NEMITCJU;;NES;;div-nueva-espana;Corregimiento de Tancitaro;[[:conceptos:corregimiento|Corregimiento]] de Tancitaro;False
3931;NES;JCNEZTAR;Corregimiento;Arimao;Arimao y Borona;1531;not_before;1559;not_after;1531;1539;1553;1559;False;;C;C;arimao y borona_jurisdiccion_nes;conceptos:corregimiento;NEZTARJC;;NES;;div-nueva-espana;Corregimiento de Arimao;[[:conceptos:corregimiento|Corregimiento]] de Arimao;False
3932;NES;JUNEMXTA;Alcaldia Mayor;Taxco;Taxco;1529;exact;1533;exact;;;;;False;;AM;AM;taxco_jurisdiccion_nes;conceptos:alcaldia_mayor;NEMXTAJU;nes_mexico_taxco;NES;Mexico;div-nueva-espana;Alcaldia Mayor de Taxco;[[:conceptos:alcaldia_mayor|Alcaldia Mayor]] de Taxco;False
3933;NES;JUNEMXTA;Corregimiento;Taxco;Taxco;1534;exact;1537;exact;;;;;False;;C;C;taxco_jurisdiccion_nes;conceptos:corregimiento;NEMXTAJU;nes_mexico_taxco;NES;Mexico;div-nueva-espana;Corregimiento de Taxco;[[:conceptos:corregimiento|Corregimiento]] de Taxco;False
3934;NES;JCNEMXTE;Corregimiento;Tustepec;Teulistaca;1545;exact;1576;not_before;;;1576;1599;False;;C;C;talistaca_jurisdiccion_nes;conceptos:corregimiento;NEMXTEJC;;NES;;div-nueva-espana;Corregimiento de Tustepec;[[:conceptos:corregimiento|Corregimiento]] de Tustepec;False
3935;NES;JUNEOATZ;Corregimiento;Teozacoalco;Teozacoalco;1532;exact;1569;not_after;;;;;False;;C;C;teozacualco_jurisdiccion_nes;conceptos:corregimiento;NEOATZJU;;NES;;div-nueva-espana;Corregimiento de Teozacoalco;[[:conceptos:corregimiento|Corregimiento]] de Teozacoalco;False
3937;NES;PMNEOATO;Corregimiento;Teocuicuilco;Teocuicuilco;1531;exact;1679;not_after;;;;;False;;C;C;teococuilco_partido_nes;conceptos:corregimiento;NEOATOPM;;NES;;div-nueva-espana;Corregimiento de Teocuicuilco;[[:conceptos:corregimiento|Corregimiento]] de Teocuicuilco;False
3938;NES;JUNEOATZ;Corregimiento;Teozacoalco;Teozacoalco y Amoltepec;1570;exact;1679;not_after;;;;;False;;C;C;teozacualco_jurisdiccion_nes;conceptos:corregimiento;NEOATZJU;;NES;;div-nueva-espana;Corregimiento de Teozacoalco;[[:conceptos:corregimiento|Corregimiento]] de Teozacoalco;False
3939;NES;JCNEOATP;Corregimiento;Tepetotutla;Tepetotutla;1580;ca;1599;not_after;;;;;False;;C;C;tepetotutla_jurisdiccion_nes;conceptos:corregimiento;NEOATPJC;;NES;;div-nueva-espana;Corregimiento de Tepetotutla;[[:conceptos:corregimiento|Corregimiento]] de Tepetotutla;False
3940;NES;JUNEPUTH;Corregimiento;Tehuacan;Tehuacan;1534;exact;1553;ca;;;;;False;;C;C;tehuacan_jurisdiccion_nes;conceptos:corregimiento;NEPUTHJU;nes_puebla_tehuacan;NES;Puebla;div-nueva-espana;Corregimiento de Tehuacan;[[:conceptos:corregimiento|Corregimiento]] de Tehuacan;False
3941;NES;JCNEPUZO;Corregimiento;Zoquitlan;Zoquitlan;1545;exact;1599;ca;;;;;False;;C;C;zoquitlan_jurisdiccion_nes;conceptos:corregimiento;NEPUZOJC;;NES;;div-nueva-espana;Corregimiento de Zoquitlan;[[:conceptos:corregimiento|Corregimiento]] de Zoquitlan;False
3942;NES;JCNEPUCU;Corregimiento;Cuzcatlan;Cuzcatlan;1534;exact;1645;ca;;;;;False;;C;C;cuzcatlan_jurisdiccion_nes;conceptos:corregimiento;NEPUCUJC;;NES;;div-nueva-espana;Corregimiento de Cuzcatlan;[[:conceptos:corregimiento|Corregimiento]] de Cuzcatlan;False
3943;NES;JUNEOATT;Jurisdiccion;Tehuantepec;Tehuantepec;1526;ca;1528;exact;;;;;False;;Jur.;Jur.;tehuantepec_jurisdiccion_nes;conceptos:jurisdiccion;NEOATTJU;;NES;;div-nueva-espana;Jurisdiccion de Tehuantepec;[[:conceptos:jurisdiccion|Jurisdiccion]] de Tehuantepec;False
3944;NES;JUNEMXZU;Corregimiento;Amatepec;Amatepec;1536;exact;1539;ca;;;;;False;;C;C;zultepec_jurisdiccion_nes;conceptos:corregimiento;NEMXZUJU;;NES;;div-nueva-espana;Corregimiento de Amatepec;[[:conceptos:corregimiento|Corregimiento]] de Amatepec;False
3945;NES;JUNEMXZU;Alcaldia Mayor;Zultepec;Minas de Zultepec;1540;ca;1568;not_after;;;1560;1568;False;;AM;AM;zultepec_jurisdiccion_nes;conceptos:alcaldia_mayor;NEMXZUJU;;NES;;div-nueva-espana;Alcaldia Mayor de Zultepec;[[:conceptos:alcaldia_mayor|Alcaldia Mayor]] de Zultepec;False
3946;NES;JUNEMXZU;Alcaldia Mayor;Zultepec;Zultepec;1569;not_after;1570;not_before;;;1570;1578;True;JUNEMXTE;AM;Part.;zultepec_jurisdiccion_nes;conceptos:agregado;NEMXZUJU;nes_mexico_zultepec;NES;Mexico;div-nueva-espana;Alcaldia Mayor agregada de Zultepec;[[:conceptos:agregado|Alcaldia Mayor agregada]] de Zultepec;False
3947;NES;JUNEMXZU;Alcaldia Mayor;Zultepec;Minas de Zultepec;1571;not_before;1712;not_after;1571;1579;1682;1712;False;;AM;AM;zultepec_jurisdiccion_nes;conceptos:alcaldia_mayor;NEMXZUJU;;NES;;div-nueva-espana;Alcaldia Mayor de Zultepec;[[:conceptos:alcaldia_mayor|Alcaldia Mayor]] de Zultepec;False
3948;NES;JUNEMXTV;Corregimiento;Teutenango;Teutenango;1535;exact;1645;ca;;;;;False;;C;C;tenango del valle_jurisdiccion_nes;conceptos:corregimiento;NEMXTVJU;;NES;;div-nueva-espana;Corregimiento de Teutenango;[[:conceptos:corregimiento|Corregimiento]] de Teutenango;False
3949;NES;JCNEMXAT;Corregimiento;Atlatlauca del Valle;Atlatlauca y Suchiaca;1537;exact;1644;ca;;;;;False;;C;C;atlatlauca del valle_jurisdiccion_nes;conceptos:corregimiento;NEMXATJC;;NES;;div-nueva-espana;Corregimiento de Atlatlauca del Valle;[[:conceptos:corregimiento|Corregimiento]] de Atlatlauca del Valle;False
3950;NES;JCNEMXAT;Alcaldia Mayor;Atlatlauca del Valle;Atlatlauca y Suchiaca;1645;ca;1669;not_before;;;1669;1678;False;;AM;AM;atlatlauca del valle_jurisdiccion_nes;conceptos:alcaldia_mayor;NEMXATJC;;NES;;div-nueva-espana;Alcaldia Mayor de Atlatlauca del Valle;[[:conceptos:alcaldia_mayor|Alcaldia Mayor]] de Atlatlauca del Valle;False
3951;NES;JCNEMXHU;Corregimiento;Huitzitzilapa;Huitzitzilapa;1553;arbitrary;1569;ca;1531;1569;;;False;;C;C;huitzitzilapa_jurisdiccion_nes;conceptos:corregimiento;NEMXHUJC;;NES;;div-nueva-espana;Corregimiento de Huitzitzilapa;[[:conceptos:corregimiento|Corregimiento]] de Huitzitzilapa;False
3952;NES;JCNEMXHU;Corregimiento;Huitzitzilapa;Huitzitzilapa;1570;ca;1599;not_after;;;;;True;JUNEMXIH;C;Part.;huitzitzilapa_jurisdiccion_nes;conceptos:agregado;NEMXHUJC;;NES;;div-nueva-espana;Corregimiento agregado de Huitzitzilapa;[[:conceptos:agregado|Corregimiento agregado]] de Huitzitzilapa;False
3953;NES;JUNEMXTH;Corregimiento;Tequecistlan;Tequecistlan;1557;ca;1599;arbitrary;;;;;False;;C;C;teotihuacan_jurisdiccion_nes;conceptos:corregimiento;NEMXTHJU;;NES;;div-nueva-espana;Corregimiento de Tequecistlan;[[:conceptos:corregimiento|Corregimiento]] de Tequecistlan;False
3954;NES;JUNEPUTP;Corregimiento;Tepeaca;Tepeaca;1544;exact;1554;exact;;;;;False;;C;C;tepeaca_jurisdiccion_nes;conceptos:corregimiento;NEPUTPJU;;NES;;div-nueva-espana;Corregimiento de Tepeaca;[[:conceptos:corregimiento|Corregimiento]] de Tepeaca;False
3955;NES;JCNEPUNO;Corregimiento;Nopaluca;Nopaluca;1555;not_after;1599;ca;;;;;False;;C;C;nopaluca_jurisdiccion_nes;conceptos:corregimiento;NEPUNOJC;;NES;;div-nueva-espana;Corregimiento de Nopaluca;[[:conceptos:corregimiento|Corregimiento]] de Nopaluca;False
3956;NES;JUNEPUHH;Corregimiento;Guatlatlauca;Guatlatlauca;1536;exact;1664;ca;;;;;False;;C;C;huatlatlauca_jurisdiccion_nes;conceptos:corregimiento;NEPUHHJU;;NES;;div-nueva-espana;Corregimiento de Guatlatlauca;[[:conceptos:corregimiento|Corregimiento]] de Guatlatlauca;False
3957;NES;JUNEPUHH;Alcaldia Mayor;Huatlatlauca;Huatlatlauca;1665;ca;1700;not_after;;;1696;1700;False;;AM;AM;huatlatlauca_jurisdiccion_nes;conceptos:alcaldia_mayor;NEPUHHJU;nes_puebla_huatlatlauca;NES;Puebla;div-nueva-espana;Alcaldia Mayor de Huatlatlauca;[[:conceptos:alcaldia_mayor|Alcaldia Mayor]] de Huatlatlauca;False
3958;NES;JCNEMXZA;Corregimiento;Zayula;Zayula;1551;ca;1599;ca;;;;;False;;C;C;zayula_jurisdiccion_nes;conceptos:corregimiento;NEMXZAJC;;NES;;div-nueva-espana;Corregimiento de Zayula;[[:conceptos:corregimiento|Corregimiento]] de Zayula;False
3959;NES;JCNEMXAX;Corregimiento;Axacuba;Axacuba;1531;ca;1542;exact;1531;1532;;;False;;C;C;axacuba_jurisdiccion_nes;conceptos:corregimiento;NEMXAXJC;;NES;;div-nueva-espana;Corregimiento de Axacuba;[[:conceptos:corregimiento|Corregimiento]] de Axacuba;False
3960;NES;JCNEMXTQ;Corregimiento;Tlahuililpa;Tlahuililpa;1531;ca;1607;not_before;1531;1532;;;False;;C;C;tlahuililpa_jurisdiccion_nes;conceptos:corregimiento;NEMXTQJC;;NES;;div-nueva-espana;Corregimiento de Tlahuililpa;[[:conceptos:corregimiento|Corregimiento]] de Tlahuililpa;False
3962;NES;JCNEMXYE;Corregimiento;Yetecomac;Yetecomac;1531;ca;1557;ca;1531;1532;;;False;;C;C;yetecomac_jurisdiccion_nes;conceptos:corregimiento;NEMXYEJC;;NES;;div-nueva-espana;Corregimiento de Yetecomac;[[:conceptos:corregimiento|Corregimiento]] de Yetecomac;False
3964;NES;JCNEMXYE;Corregimiento;Yetecomac y Tornacustla;Yetecomac y Tornacustla;1591;not_after;1599;exact;1588;1591;;;False;;C;C;yetecomac_jurisdiccion_nes;conceptos:corregimiento;NEMXYEJC;;NES;;div-nueva-espana;Corregimiento de Yetecomac y Tornacustla;[[:conceptos:corregimiento|Corregimiento]] de Yetecomac y Tornacustla;False
3965;NES;JUNEMXTP;Alcaldia Mayor;Tetepango;Tetepango y Hueypustla;1679;not_after;1689;ca;1676;1679;;;False;;AM;AM;tetepango_jurisdiccion_nes;conceptos:alcaldia_mayor;NEMXTPJU;nes_mexico_tetepango;NES;Mexico;div-nueva-espana;Alcaldia Mayor de Tetepango;[[:conceptos:alcaldia_mayor|Alcaldia Mayor]] de Tetepango;False
3966;NES;JUNEMXTP;Alcaldia Mayor;Tetepango;Tetepango y Hueypustla;1657;not_after;1678;not_after;1655;1657;1675;1678;True;JUNEMXIM;AM;Part.;tetepango_jurisdiccion_nes;conceptos:agregado;NEMXTPJU;;NES;;div-nueva-espana;Alcaldia Mayor agregada de Tetepango;[[:conceptos:agregado|Alcaldia Mayor agregada]] de Tetepango;False
3967;NES;JUNEMXTP;Corregimiento;Tetepango;Tetepango;1531;ca;1557;ca;1531;1532;1654;1656;False;;C;C;tetepango_jurisdiccion_nes;conceptos:corregimiento;NEMXTPJU;;NES;;div-nueva-espana;Corregimiento de Tetepango;[[:conceptos:corregimiento|Corregimiento]] de Tetepango;False
3968;NES;JUNEMXAQ;Partido;Atitalaquia;Atitalaquia;1758;not_after;9999;end;;;;;False;;Part.;Part.;atitalaquia_jurisdiccion_nes;conceptos:partido;NEMXAQJU;;NES;;div-nueva-espana;Partido de Atitalaquia;[[:conceptos:partido|Partido]] de Atitalaquia;False
3969;NES;JUNEMXAQ;Alcaldia Mayor;Atitalaquia;Atitalaquia;1671;not_after;1719;ca;;;;;False;;AM;AM;atitalaquia_jurisdiccion_nes;conceptos:alcaldia_mayor;NEMXAQJU;;NES;;div-nueva-espana;Alcaldia Mayor de Atitalaquia;[[:conceptos:alcaldia_mayor|Alcaldia Mayor]] de Atitalaquia;False
3970;NES;JUNEOATP;Alcaldia Mayor;Teposcolula;Teposcolula;1552;exact;1688;ca;;;;;False;;AM;AM;teposcolula_jurisdiccion_nes;conceptos:alcaldia_mayor;NEOATPJU;nes_oaxaca_teposcolula;NES;Oaxaca;div-nueva-espana;Alcaldia Mayor de Teposcolula;[[:conceptos:alcaldia_mayor|Alcaldia Mayor]] de Teposcolula;False
3971;NES;JUNEOATP;Corregimiento;Teposcolula;Teposcolula;1531;exact;1551;exact;;;;;False;;C;C;teposcolula_jurisdiccion_nes;conceptos:corregimiento;NEOATPJU;;NES;;div-nueva-espana;Corregimiento de Teposcolula;[[:conceptos:corregimiento|Corregimiento]] de Teposcolula;False
3972;NES;JUNEOAYA;Corregimiento;Yanhuitlan;Yanhuitlan;1534;not_after;1538;not_after;1531;1534;;;False;;C;C;yanhuitlan_jurisdiccion_nes;conceptos:corregimiento;NEOAYAJU;;NES;;div-nueva-espana;Corregimiento de Yanhuitlan;[[:conceptos:corregimiento|Corregimiento]] de Yanhuitlan;False
3973;NES;JUNEOAYA;Corregimiento;Tonaltepec y Zoyaltepec;Yanhuitlan;1539;not_after;1552;not_before;;;;;False;;C;C;yanhuitlan_jurisdiccion_nes;conceptos:corregimiento;NEOAYAJU;;NES;;div-nueva-espana;Corregimiento de Tonaltepec y Zoyaltepec;[[:conceptos:corregimiento|Corregimiento]] de Tonaltepec y Zoyaltepec;False
3974;NES;JUNEOAYA;Alcaldia Mayor;Yanhuitlan;Yanhuitlan;1553;not_before;1688;ca;;;1687;1688;False;;AM;AM;yanhuitlan_jurisdiccion_nes;conceptos:alcaldia_mayor;NEOAYAJU;;NES;;div-nueva-espana;Alcaldia Mayor de Yanhuitlan;[[:conceptos:alcaldia_mayor|Alcaldia Mayor]] de Yanhuitlan;False
3975;NES;JCNEOATX;Corregimiento;Texupa;Texupa;1534;not_after;1599;not_before;1531;1534;1599;1676;False;;C;C;texupa_jurisdiccion_nes;conceptos:corregimiento;NEOATXJC;;NES;;div-nueva-espana;Corregimiento de Texupa;[[:conceptos:corregimiento|Corregimiento]] de Texupa;False
3976;NES;JCNEOACU;Corregimiento;Cuestlahuaca;Cuestlahuaca;1534;not_after;1599;ca;1531;1534;;;False;;C;C;cuestlahuaca_jurisdiccion_nes;conceptos:corregimiento;NEOACUJC;;NES;;div-nueva-espana;Corregimiento de Cuestlahuaca;[[:conceptos:corregimiento|Corregimiento]] de Cuestlahuaca;False
3977;NES;JUNEMXTR;Corregimiento;Capulalcolulco;Capulalcolulco;1534;exact;1599;ca;;;;;False;;C;C;tetela del rio_jurisdiccion_nes;conceptos:corregimiento;NEMXTRJU;;NES;;div-nueva-espana;Corregimiento de Capulalcolulco;[[:conceptos:corregimiento|Corregimiento]] de Capulalcolulco;False
3978;NES;JCNEMXAS;Corregimiento;Asuchitlan;Asuchitlan;1533;exact;1599;ca;;;;;False;;C;C;asuchitlan_jurisdiccion_nes;conceptos:corregimiento;NEMXASJC;;NES;;div-nueva-espana;Corregimiento de Asuchitlan;[[:conceptos:corregimiento|Corregimiento]] de Asuchitlan;False
3979;NES;JCNEMXTT;Corregimiento;Asuchitlan;Asuchitlan;1531;exact;1599;ca;;;;;False;;C;C;teloloapa y totoltepec_jurisdiccion_nes;conceptos:corregimiento;NEMXTTJC;;NES;;div-nueva-espana;Corregimiento de Asuchitlan;[[:conceptos:corregimiento|Corregimiento]] de Asuchitlan;False
3980;NES;JUNEMXTT;Corregimiento;Tetela del Volcan;Tetela del Volcan;1561;not_after;1673;not_after;;;1666;1673;False;;C;C;tetela del volcan_jurisdiccion_nes;conceptos:corregimiento;NEMXTTJU;;NES;;div-nueva-espana;Corregimiento de Tetela del Volcan;[[:conceptos:corregimiento|Corregimiento]] de Tetela del Volcan;False
3981;NES;JUNEOATL;Corregimiento;Teutila;Teutila;1533;exact;1555;exact;;;;;False;;C;C;teutila_jurisdiccion_nes;conceptos:corregimiento;NEOATLJU;;NES;;div-nueva-espana;Corregimiento de Teutila;[[:conceptos:corregimiento|Corregimiento]] de Teutila;False
3983;NES;JUNEOACT;Alcaldia Mayor;Chinantla y Ucila;Chinantla y Ucila;1600;ca;1659;not_after;;;1670;1678;False;;AM;AM;chinantla y uzila_jurisdiccion_nes;conceptos:alcaldia_mayor;NEOACTJU;;NES;;div-nueva-espana;Alcaldia Mayor de Chinantla y Ucila;[[:conceptos:alcaldia_mayor|Alcaldia Mayor]] de Chinantla y Ucila;False
3984;NES;JUNEOACT;Corregimiento;Chinantla;Chinantla;1534;exact;1599;ca;;;;;False;;C;C;chinantla y uzila_jurisdiccion_nes;conceptos:corregimiento;NEOACTJU;;NES;;div-nueva-espana;Corregimiento de Chinantla;[[:conceptos:corregimiento|Corregimiento]] de Chinantla;False
3985;NES;JCNEOAUC;Corregimiento;Ucila;Ucila;1534;exact;1599;ca;;;;;False;;C;C;ucila_jurisdiccion_nes;conceptos:corregimiento;NEOAUCJC;;NES;;div-nueva-espana;Corregimiento de Ucila;[[:conceptos:corregimiento|Corregimiento]] de Ucila;False
3986;NES;JCNEOAAY;Corregimiento;Ayautla;Ayautla y Tepeapa;1534;exact;1599;ca;;;;;False;;C;C;ayautla y tepeapa_jurisdiccion_nes;conceptos:corregimiento;NEOAAYJC;;NES;;div-nueva-espana;Corregimiento de Ayautla;[[:conceptos:corregimiento|Corregimiento]] de Ayautla;False
3988;NES;JCNEOACT;Corregimiento;Cuicatlan;Cuicatlan;1548;exact;1630;exact;;;;;False;;C;C;cuicatlan_partido_nes;conceptos:corregimiento;NEOACTJC;;NES;;div-nueva-espana;Corregimiento de Cuicatlan;[[:conceptos:corregimiento|Corregimiento]] de Cuicatlan;False
3989;NES;JCNEOACT;Alcaldia Mayor-Corregimiento;Cuicatlan;Cuicatlan y Tecomavaca;1631;exact;1673;not_after;;;1662;1673;False;;AM;AM;cuicatlan_partido_nes;conceptos:alcaldia_mayor;NEOACTJC;;NES;;div-nueva-espana;Alcaldia Mayor-Corregimiento de Cuicatlan;[[:conceptos:corregimiento|Alcaldia Mayor-Corregimiento]] de Cuicatlan;False
3990;NES;JCNEOAPP;Corregimiento;Papaloticpac;Papaloticpac y Tepeuzila;1541;ca;1645;ca;;;;;False;;C;C;papaloticpac_partido_nes;conceptos:corregimiento;NEOAPPJC;;NES;;div-nueva-espana;Corregimiento de Papaloticpac;[[:conceptos:corregimiento|Corregimiento]] de Papaloticpac;False
3991;NES;JCNEOATC;Corregimiento;Teotitlan del Camino;Teotitlan del Camino;1531;exact;1675;not_after;;;1668;1675;False;;C;C;teotitlan del camino_jurisdiccion_nes;conceptos:corregimiento;NEOATCJC;;NES;;div-nueva-espana;Corregimiento de Teotitlan del Camino;[[:conceptos:corregimiento|Corregimiento]] de Teotitlan del Camino;False
3992;NES;JCNEOATC;Partido;Teotitlan del Camino;Teotitlan del Camino;1779;ca;1808;hgis;;;;;False;;Jur.;Jur.;teotitlan del camino_jurisdiccion_nes;conceptos:cabecera;NEOATCJC;;NES;;div-nueva-espana;Partido cabecera de Teotitlan del Camino;[[:conceptos:cabecera|Partido cabecera]] de Teotitlan del Camino;False
3993;NES;JCNEOATC;Partido;Teotitlan del Camino;Teotitlan del Camino;1696;not_before;1778;ca;;;;;False;;Part.;Part.;teotitlan del camino_jurisdiccion_nes;conceptos:partido;NEOATCJC;;NES;;div-nueva-espana;Partido de Teotitlan del Camino;[[:conceptos:partido|Partido]] de Teotitlan del Camino;False
3994;NES;JUNEOACT;Alcaldia Mayor;Chinantla y Ucila;Chinantla y Ucila;1662;not_before;1670;not_before;;;1670;1678;False;;AM;AM;chinantla y uzila_jurisdiccion_nes;conceptos:alcaldia_mayor;NEOACTJU;;NES;;div-nueva-espana;Alcaldia Mayor de Chinantla y Ucila;[[:conceptos:alcaldia_mayor|Alcaldia Mayor]] de Chinantla y Ucila;False
3995;NES;JUNEOACT;Alcaldia Mayor;Chinantla y Ucila;Chinantla y Ucila;1660;not_after;1661;not_before;;;;;True;JUNEOATL;AM;Part.;chinantla y uzila_jurisdiccion_nes;conceptos:agregado;NEOACTJU;nes_oaxaca_chinantla y uzila;NES;Oaxaca;div-nueva-espana;Alcaldia Mayor agregada de Chinantla y Ucila;[[:conceptos:agregado|Alcaldia Mayor agregada]] de Chinantla y Ucila;False
3996;NES;JCNEOATE;Corregimiento;Tecomabaca;Tecomabaca y Quiotepec;1531;exact;1630;exact;;;;;False;;C;C;tecomabaca y quiotepec_jurisdiccion_nes;conceptos:corregimiento;NEOATEJC;;NES;;div-nueva-espana;Corregimiento de Tecomabaca;[[:conceptos:corregimiento|Corregimiento]] de Tecomabaca;False
3997;NES;JCNEOATC;Alcaldia Mayor;Teotitlan del Camino;Teotitlan del Camino;1676;not_after;1695;not_before;1669;1676;;;False;;AM;AM;teotitlan del camino_jurisdiccion_nes;conceptos:alcaldia_mayor;NEOATCJC;;NES;;div-nueva-espana;Alcaldia Mayor de Teotitlan del Camino;[[:conceptos:alcaldia_mayor|Alcaldia Mayor]] de Teotitlan del Camino;False
3998;NES;JCNEOAPP;Alcaldia Mayor;Papaloticpac;Papaloticpac;1646;ca;1695;arbitrary;;;1684;1710;False;;AM;AM;papaloticpac_partido_nes;conceptos:alcaldia_mayor;NEOAPPJC;;NES;;div-nueva-espana;Alcaldia Mayor de Papaloticpac;[[:conceptos:alcaldia_mayor|Alcaldia Mayor]] de Papaloticpac;False
3999;NES;JCNEOACT;Alcaldia Mayor;Cuicatlan;Cuicatlan;1674;not_after;1695;not_before;1663;1674;1684;1710;False;;AM;AM;cuicatlan_partido_nes;conceptos:alcaldia_mayor;NEOACTJC;;NES;;div-nueva-espana;Alcaldia Mayor de Cuicatlan;[[:conceptos:alcaldia_mayor|Alcaldia Mayor]] de Cuicatlan;False
4000;NES;JUNEPUTE;Corregimiento;Teutlalco y Centeupa;Teutlalco y Centeupa;1531;exact;1575;ca;;;;;False;;C;C;teutlalco_jurisdiccion_nes;conceptos:corregimiento;NEPUTEJU;;NES;;div-nueva-espana;Corregimiento de Teutlalco y Centeupa;[[:conceptos:corregimiento|Corregimiento]] de Teutlalco y Centeupa;False
4001;NES;JUNEMXTX;Corregimiento;Texcoco;Texcoco;1531;exact;1551;ca;;;;;False;;C;C;texcoco_jurisdiccion_nes;conceptos:corregimiento;NEMXTXJU;;NES;;div-nueva-espana;Corregimiento de Texcoco;[[:conceptos:corregimiento|Corregimiento]] de Texcoco;False
4002;NES;JUNEMITG;Corregimiento;Periban y Tinguindin;Periban y Tinguindin;1536;exact;1554;not_before;;;1554;1568;False;;C;C;tinguindin_jurisdiccion_nes;conceptos:corregimiento;NEMITGJU;;NES;;div-nueva-espana;Corregimiento de Periban y Tinguindin;[[:conceptos:corregimiento|Corregimiento]] de Periban y Tinguindin;False
4003;NES;JUNEMITG;Corregimiento;Tinguindin;Tinguindin y Tacascuaro;1555;not_before;1611;arbitrary;;;;;False;;C;C;tinguindin_jurisdiccion_nes;conceptos:corregimiento;NEMITGJU;;NES;;div-nueva-espana;Corregimiento de Tinguindin;[[:conceptos:corregimiento|Corregimiento]] de Tinguindin;False
4004;NES;JUNEMITG;Corregimiento;Tinguindin;Tinguindin;1612;arbitrary;1673;ca;;;1672;1673;False;;C;C;tinguindin_jurisdiccion_nes;conceptos:corregimiento;NEMITGJU;;NES;;div-nueva-espana;Corregimiento de Tinguindin;[[:conceptos:corregimiento|Corregimiento]] de Tinguindin;False
4005;NES;JUNEMIJI;Corregimiento;Jiquilpan;Jiquilpan y Periban;1591;exact;1654;not_before;;;1654;1667;False;;C;C;jiquilpan_jurisdiccion_nes;conceptos:corregimiento;NEMIJIJU;;NES;;div-nueva-espana;Corregimiento de Jiquilpan;[[:conceptos:corregimiento|Corregimiento]] de Jiquilpan;False
4006;NES;JUNEMIJI;Corregimiento;Jiquilpan;Jiquilpan;1545;not_after;1590;exact;;;;;False;;C;C;jiquilpan_jurisdiccion_nes;conceptos:corregimiento;NEMIJIJU;;NES;;div-nueva-espana;Corregimiento de Jiquilpan;[[:conceptos:corregimiento|Corregimiento]] de Jiquilpan;False
4008;NES;JUNEMICH;Corregimiento;Chilchota;Chilchota;1545;not_after;1654;exact;1543;1545;;;False;;C;C;chilchota_jurisdiccion_nes;conceptos:corregimiento;NEMICHJU;;NES;;div-nueva-espana;Corregimiento de Chilchota;[[:conceptos:corregimiento|Corregimiento]] de Chilchota;False
4009;NES;JUNEMICH;Partido;Chilchota;Chilchota;1655;exact;1668;not_after;;;1660;1668;False;;Part.;Part.;chilchota_jurisdiccion_nes;conceptos:partido;NEMICHJU;;NES;;div-nueva-espana;Partido de Chilchota;[[:conceptos:partido|Partido]] de Chilchota;False
4010;NES;JUNEMIJI;Corregimiento;Jiquilpan;Jiquilpan y Chilchota;1655;not_before;1673;ca;1655;1668;1672;1674;False;;C;C;jiquilpan_jurisdiccion_nes;conceptos:corregimiento;NEMIJIJU;;NES;;div-nueva-espana;Corregimiento de Jiquilpan;[[:conceptos:corregimiento|Corregimiento]] de Jiquilpan;False
4012;NES;JCNEVCTU;Alcaldia Mayor;Tuxtla;Tuxtla;1595;exact;1638;not_after;;;1595;1608;False;;AM;AM;tuxtla_partido_nes;conceptos:alcaldia_mayor;NEVCTUJC;;NES;;div-nueva-espana;Alcaldia Mayor de Tuxtla;[[:conceptos:alcaldia_mayor|Alcaldia Mayor]] de Tuxtla;False
4013;NES;JCNEVCTU;Partido;Tuxtla;Tuxtla;1639;not_after;9999;end;1609;1639;;;False;;Jur.;Jur.;tuxtla_partido_nes;conceptos:cabecera;NEVCTUJC;;NES;;div-nueva-espana;Partido cabecera de Tuxtla;[[:conceptos:cabecera|Partido cabecera]] de Tuxtla;False
4015;NES;JCNEVCCO;Alcaldia Mayor;Cotaxtla;Cotaxtla;1595;exact;1608;not_after;;;1595;1608;False;;AM;AM;cotaxtla_partido_nes;conceptos:alcaldia_mayor;NEVCCOJC;;NES;;div-nueva-espana;Alcaldia Mayor de Cotaxtla;[[:conceptos:alcaldia_mayor|Alcaldia Mayor]] de Cotaxtla;False
4016;NES;JCNEVCCO;Partido;Cotaxtla;Cotaxtla;1609;not_after;9999;end;1609;1639;;;False;;Part.;Part.;cotaxtla_partido_nes;conceptos:partido;NEVCCOJC;;NES;;div-nueva-espana;Partido de Cotaxtla;[[:conceptos:partido|Partido]] de Cotaxtla;False
4017;NES;JUNEMXTI;Alcaldia Mayor;Minas de Zumpango;Minas de Zumpango;1579;ca;1599;ca;;;;;False;;AM;AM;tixtla_jurisdiccion_nes;conceptos:alcaldia_mayor;NEMXTIJU;;NES;;div-nueva-espana;Alcaldia Mayor de Minas de Zumpango;[[:conceptos:alcaldia_mayor|Alcaldia Mayor]] de Minas de Zumpango;False
4018;NES;JUNEMXTI;Alcaldia Mayor;Minas de Zumpango;Minas de Zumpango y provincia de Tlapa;1559;not_after;1578;ca;1551;1559;;;False;;AM;AM;tixtla_jurisdiccion_nes;conceptos:alcaldia_mayor;NEMXTIJU;;NES;;div-nueva-espana;Alcaldia Mayor de Minas de Zumpango;[[:conceptos:alcaldia_mayor|Alcaldia Mayor]] de Minas de Zumpango;False
4019;NES;JUNEMXTI;Alcaldia Mayor;Minas de Zumpango;Minas de Zumpango;1542;not_after;1558;not_after;;;1550;1558;False;;AM;AM;tixtla_jurisdiccion_nes;conceptos:alcaldia_mayor;NEMXTIJU;;NES;;div-nueva-espana;Alcaldia Mayor de Minas de Zumpango;[[:conceptos:alcaldia_mayor|Alcaldia Mayor]] de Minas de Zumpango;False
4023;NES;JUNEMIZP;Corregimiento;Ucareo;Ucareo y Zinapecuaro;1538;exact;1557;ca;;;;;False;;C;C;zinapecuaro_jurisdiccion_nes;conceptos:corregimiento;NEMIZPJU;;NES;;div-nueva-espana;Corregimiento de Ucareo;[[:conceptos:corregimiento|Corregimiento]] de Ucareo;False
4025;NES;JUNEMIZP;Tenencia de Alcaldia Mayor;Zinapecuaro;Ucareo y Zinapecuaro;1648;not_after;1791;exact;1620;1648;;;False;;Ten.;Part.;zinapecuaro_jurisdiccion_nes;conceptos:partido;NEMIZPJU;;NES;;div-nueva-espana;Tenencia de Alcaldia Mayor de Zinapecuaro;[[:conceptos:partido|Tenencia de Alcaldia Mayor]] de Zinapecuaro;False
4026;NES;JUNEMIZP;Corregimiento;Ucareo;Ucareo y Zinapecuaro;1558;ca;1647;not_after;;;1619;1647;True;JUNEMIMA;C;Part.;zinapecuaro_jurisdiccion_nes;conceptos:agregado;NEMIZPJU;;NES;;div-nueva-espana;Corregimiento agregado de Ucareo;[[:conceptos:agregado|Corregimiento agregado]] de Ucareo;False
4028;NES;JCNEMIOZ;Alcaldia Mayor;Minas de Ozumatlan;Minas de Ozumatlan;1593;not_after;1598;exact;;;;;False;;AM;AM;taimeo_jurisdiccion_nes;conceptos:alcaldia_mayor;NEMIOZJC;;NES;;div-nueva-espana;Alcaldia Mayor de Minas de Ozumatlan;[[:conceptos:alcaldia_mayor|Alcaldia Mayor]] de Minas de Ozumatlan;False
4029;NES;JUNEPUTL;Corregimiento;Tlapa;Tlapa;1532;exact;1558;not_after;;;1550;1558;False;;C;C;tlapa_jurisdiccion_nes;conceptos:corregimiento;NEPUTLJU;;NES;;div-nueva-espana;Corregimiento de Tlapa;[[:conceptos:corregimiento|Corregimiento]] de Tlapa;False
4030;NES;JUNEPUTL;Corregimiento;Tlapa;Tlapa;1559;not_after;1578;exact;;;;;True;JUNEMXTI;C;Part.;tlapa_jurisdiccion_nes;conceptos:agregado;NEPUTLJU;;NES;;div-nueva-espana;Corregimiento agregado de Tlapa;[[:conceptos:agregado|Corregimiento agregado]] de Tlapa;False
4031;NES;JUNEMXTO;Alcaldia Mayor;Toluca;Toluca;1531;ca;1541;exact;;;;;False;;AM;AM;toluca_jurisdiccion_nes;conceptos:alcaldia_mayor;NEMXTOJU;;NES;;div-nueva-espana;Alcaldia Mayor de Toluca;[[:conceptos:alcaldia_mayor|Alcaldia Mayor]] de Toluca;False
4032;NES;JUNEMXTO;Alcaldia Mayor;Toluca;Toluca y Valle de Matalcingo;1555;exact;1582;exact;;;;;False;;Ten.;Jur.;toluca_jurisdiccion_nes;conceptos:alcaldia_mayor;NEMXTOJU;;NES;;div-nueva-espana;Alcaldia Mayor de Toluca;[[:conceptos:alcaldia_mayor|Alcaldia Mayor]] de Toluca;False
4033;NES;JUNEMXTO;Corregimiento;Toluca;Toluca;1583;exact;1591;exact;;;;;False;;C;C;toluca_jurisdiccion_nes;conceptos:corregimiento;NEMXTOJU;nes_mexico_toluca;NES;Mexico;div-nueva-espana;Corregimiento de Toluca;[[:conceptos:corregimiento|Corregimiento]] de Toluca;False
4034;NES;JUNEMXTO;Alcaldia Mayor;Toluca;Toluca;1679;ca;1687;ca;;;;;False;;AM;AM;toluca_jurisdiccion_nes;conceptos:alcaldia_mayor;NEMXTOJU;;NES;;div-nueva-espana;Alcaldia Mayor de Toluca;[[:conceptos:alcaldia_mayor|Alcaldia Mayor]] de Toluca;False
4035;NES;JUNEMXTO;Corregimiento;Toluca;Toluca;1688;ca;1699;ca;;;;;False;;C;C;toluca_jurisdiccion_nes;conceptos:corregimiento;NEMXTOJU;nes_mexico_toluca;NES;Mexico;div-nueva-espana;Corregimiento de Toluca;[[:conceptos:corregimiento|Corregimiento]] de Toluca;False
4036;NES;JUNEMXTO;Alcaldia Mayor;Toluca;Toluca;1700;ca;1713;not_before;;;1706;1713;False;;AM;AM;toluca_jurisdiccion_nes;conceptos:alcaldia_mayor;NEMXTOJU;;NES;;div-nueva-espana;Alcaldia Mayor de Toluca;[[:conceptos:alcaldia_mayor|Alcaldia Mayor]] de Toluca;False
4037;NES;JUNEMXTO;Alcaldia Mayor*;Toluca;Toluca;1714;not_before;1724;not_after;1707;1714;;;False;;AM;AM;toluca_jurisdiccion_nes;conceptos:alcaldia_mayor;NEMXTOJU;;NES;;div-nueva-espana;Alcaldia Mayor* de Toluca;[[:conceptos:alcaldia_mayor|Alcaldia Mayor*]] de Toluca;False
4039;NES;JUNEMXTU;Corregimiento;Tula;Tula;1544;exact;1562;not_after;;;;;False;;C;C;tula_jurisdiccion_nes;conceptos:corregimiento;NEMXTUJU;nes_mexico_toluca;NES;Mexico;div-nueva-espana;Corregimiento de Tula;[[:conceptos:corregimiento|Corregimiento]] de Tula;False
4040;NES;JCNEMXZI;Corregimiento;Zinguiluca;Zinguiluca;1544;ca;1574;not_after;;;1590;1592;False;;C;C;zinguiluca_jurisdiccion_nes;conceptos:corregimiento;NEMXZIJC;;NES;;div-nueva-espana;Corregimiento de Zinguiluca;[[:conceptos:corregimiento|Corregimiento]] de Zinguiluca;False
4041;NES;JCNEMXZI;Corregimiento;Zinguiluca;Zinguiluca;1575;not_after;1653;not_after;;;1612;1653;False;;C;Part.;zinguiluca_jurisdiccion_nes;conceptos:agregado;NEMXZIJC;;NES;;div-nueva-espana;Corregimiento agregado de Zinguiluca;[[:conceptos:agregado|Corregimiento agregado]] de Zinguiluca;False
4042;NES;JUNEPUTO;Corregimiento;Ocopetlayuca;Ocopetlayuca;1546;exact;1599;ca;;;;;False;;C;C;tochimilco_jurisdiccion_nes;conceptos:corregimiento;NEPUTOJU;nes_puebla_tochimilco;NES;Puebla;div-nueva-espana;Corregimiento de Ocopetlayuca;[[:conceptos:corregimiento|Corregimiento]] de Ocopetlayuca;False
4043;GDJ;JUGDGDZA;Corregimiento;Tuxpa;Tuxpa;1531;exact;1561;not_after;;;1555;1561;False;;C;C;zapotlan_jurisdiccion_gdj;conceptos:corregimiento;GDGDZAJU;;GDJ;;div-nueva-galicia;Corregimiento de Tuxpa;[[:conceptos:corregimiento|Corregimiento]] de Tuxpa;False
4044;NGR;JUNGSOSO;Tenencia de corregimiento;Socorro;Socorro y San Gil;1683;exact;1794;exact;;;;;False;;Ten.;Jur.;socorro_jurisdiccion_ngr;conceptos:jurisdiccion;NGSOSOJU;ngr_provincia_socorro;NGR;Provincia;;Tenencia de corregimiento de Socorro;[[:conceptos:jurisdiccion|Tenencia de corregimiento]] de Socorro;False
4045;NGR;RERETF00;Reino;Tierra Firme;Tierra Firme y Veraguas;1111;start;9999;end;;;;;False;;Reino;Reino;tierra firme_reino_ngr;conceptos:reino;RETF00RE;;NGR;;s.d.;Reino de Tierra Firme;[[:|Reino]] de Tierra Firme;False
4046;GDJ;JUGDGDAC;Corregimiento;Acaponeta;Acaponeta;1563;not_before;1599;arbitrary;1563;1570;1582;1629;False;;C;C;acaponeta_jurisdiccion_gdj;conceptos:corregimiento;GDGDACJU;;GDJ;;div-nueva-galicia;Corregimiento de Acaponeta;[[:|Corregimiento]] de Acaponeta;False
4048;GDJ;JUGDGDAH;Corregimiento;Ahuacatlan;Ahuacatlan y Amaxaque;1563;not_after;1589;not_after;1550;1563;1583;1589;False;;C;Corr.;ahuacatlan_jurisdiccion_gdj;conceptos:corregimiento;GDGDAHJU;;GDJ;;div-nueva-galicia;Corregimiento de Ahuacatlan;[[:|Corregimiento]] de Ahuacatlan;False
4049;NES;JCGDGDXA;Corregimiento;Xala;Xala;1549;not_after;1589;not_after;;;1583;1589;False;;C;C;xala_jurisdiccion_gdj;conceptos:corregimiento;GDGDXAJC;;NES;;div-nueva-galicia;Corregimiento de Xala;[[:conceptos:corregimiento|Corregimiento]] de Xala;False
4050;NES;JCGDGDSU;Corregimiento;Suchipil;Suchipil;1549;not_after;1581;ca;;;;;False;;C;C;suchipil_jurisdiccion_gdj;conceptos:corregimiento;GDGDSUJC;;NES;;div-nueva-galicia;Corregimiento de Suchipil;[[:conceptos:corregimiento|Corregimiento]] de Suchipil;False
4051;NES;JCGDGDSU;Alcaldia Mayor-Corregimiento;Suchipil;Suchipil y Minas de Santiago;1582;ca;1589;not_after;;;1583;159;False;;AM;AM;suchipil_jurisdiccion_gdj;conceptos:alcaldia_mayor;GDGDSUJC;;NES;;div-nueva-galicia;Alcaldia Mayor-Corregimiento de Suchipil;[[:conceptos:alcaldia-mayor|Alcaldia Mayor-Corregimiento]] de Suchipil;False
4052;GDJ;JUGDGDLB;Alcaldia Mayor-Corregimiento;Poncitlan;Fuerte de San Lorenzo de los Reyes y Poncitlan;1580;exact;1599;arbitrary;;;;;False;;AM;AM;la barca_jurisdiccion_gdj;conceptos:alcaldia_mayor;GDGDLBJU;;GDJ;;div-nueva-galicia;Alcaldia Mayor-Corregimiento de Poncitlan;[[:|Alcaldia Mayor-Corregimiento]] de Poncitlan;False
4053;GDJ;JUGDGDLB;Corregimiento;Poncitlan;Poncitlan;1550;ca;1579;exact;;;;;False;;C;Corr.;la barca_jurisdiccion_gdj;conceptos:corregimiento;GDGDLBJU;;GDJ;;div-nueva-galicia;Corregimiento de Poncitlan;[[:|Corregimiento]] de Poncitlan;False
4054;GDJ;JUGDGDLB;Alcaldia Mayor;Poncitlan;Poncitlan;1600;arbitrary;1675;not_after;;;;;False;;AM;AM;la barca_jurisdiccion_gdj;conceptos:alcaldia_mayor;GDGDLBJU;;GDJ;;div-nueva-galicia;Alcaldia Mayor de Poncitlan;[[:conceptos:alcaldia_mayor|Alcaldia Mayor]] de Poncitlan;False
4055;GDJ;JUGDGDBO;Alcaldia Mayor;Minas de Tepeque;Minas de Tepeque;1549;ca;1559;not_after;;;1555;1559;False;;AM;AM;bolaños_jurisdiccion_gdj;conceptos:alcaldia_mayor;GDGDBOJU;;GDJ;;div-nueva-galicia;Alcaldia Mayor de Minas de Tepeque;[[:|Alcaldia Mayor]] de Minas de Tepeque;False
4056;GDJ;JUGDGDCU;Corregimiento;Mezticacan;Mezticacan;1563;not_before;1599;not_before;1563;1570;;;False;;C;Corr.;cuquio_jurisdiccion_gdj;conceptos:corregimiento;GDGDCUJU;;GDJ;;div-nueva-galicia;Corregimiento de Mezticacan;[[:|Corregimiento]] de Mezticacan;False
4057;GDJ;JUGDGDCU;Alcaldia Mayor*;Tacotlan;Tacotlan;1600;not_before;1689;exact;;;;;False;;AM;AM;cuquio_jurisdiccion_gdj;conceptos:alcaldia_mayor;GDGDCUJU;;GDJ;;div-nueva-galicia;Alcaldia Mayor* de Tacotlan;[[:|Alcaldia Mayor*]] de Tacotlan;False
4058;NES;JUNESLCH;Alcaldia Mayor;Ramos;Ramos;1611;ca;1663;exact;;;;;False;;AM;AM;charcas_jurisdiccion_nes;conceptos:alcaldia_mayor;NESLCHJU;;NES;;div-nueva-galicia;Alcaldia Mayor de Ramos;[[:conceptos:alcaldia_mayor|Alcaldia Mayor]] de Ramos;False
4059;NES;JUNESLCH;Alcaldia Mayor;Charcas;Charcas;1575;exact;1610;ca;;;;;False;;AM;AM;charcas_jurisdiccion_nes;conceptos:alcaldia_mayor;NESLCHJU;nes_san luis potosi_charcas;NES;San Luis Potosi;div-nueva-galicia;Alcaldia Mayor de Charcas;[[:conceptos:alcaldia_mayor|Alcaldia Mayor]] de Charcas;False
4061;NES;JCGDGDMA;Corregimiento;Mascota;Mascota;1571;not_before;1599;ca;1571;1579;;;False;;C;C;mascota_jurisdiccion_gdj;conceptos:corregimiento;GDGDMAJC;;NES;;div-nueva-galicia;Corregimiento de Mascota;[[:conceptos:corregimiento|Corregimiento]] de Mascota;False
4063;NES;JCGDGDAT;Corregimiento;Atemaxaque;Atemaxaque;1549;not_after;1599;ca;;;;;False;;C;C;atemaxaque_jurisdiccion_gdj;conceptos:corregimiento;GDGDATJC;;NES;;div-nueva-galicia;Corregimiento de Atemaxaque;[[:conceptos:corregimiento|Corregimiento]] de Atemaxaque;False
4064;NES;JCGDGDTE;Corregimiento;Tetlan-Analco;Tetlan-Analco;1549;not_after;1599;ca;;;;;False;;C;C;tetlan-analco_jurisdiccion_gdj;conceptos:corregimiento;GDGDTEJC;;NES;;div-nueva-galicia;Corregimiento de Tetlan-Analco;[[:conceptos:corregimiento|Corregimiento]] de Tetlan-Analco;False
4065;GDJ;JUGDGDHQ;Alcaldia Mayor;Minas de Xocotlan;Minas de Xocotlan y Guaxacatla;1550;ca;1582;ca;;;;;False;;AM;AM;hostotipaquillo_jurisdiccion_gdj;conceptos:alcaldia_mayor;GDGDHQJU;;GDJ;;div-nueva-galicia;Alcaldia Mayor de Minas de Xocotlan;[[:conceptos:alcaldia_mayor|Alcaldia Mayor]] de Minas de Xocotlan;False
4066;GDJ;JUGDGDHQ;Alcaldia Mayor;Xora;Xora;1583;ca;1679;ca;;;;;False;;AM;AM;hostotipaquillo_jurisdiccion_gdj;conceptos:alcaldia_mayor;GDGDHQJU;;GDJ;;div-nueva-galicia;Alcaldia Mayor de Xora;[[:conceptos:alcaldia_mayor|Alcaldia Mayor]] de Xora;False
4067;GDJ;JCGDGDMT;Corregimiento;Mochotiltique;Mochotiltique, Tecomatlan, Oztotipaque y Talestaque;1550;ca;1569;not_after;;;1550;1569;False;;C;Corr.;mochotiltique, tecomatlan, oztotipaque y talestaque_jurisdiccion_gdj;conceptos:corregimiento;GDGDMTJC;;GDJ;;div-nueva-galicia;Corregimiento de Mochotiltique;[[:conceptos:corregimiento|Corregimiento]] de Mochotiltique;False
4068;GDJ;JUGDGDJU;Corregimiento;Nochistlan;Nochistlan;1549;not_after;1578;not_after;;;;;False;;C;Corr.;juchipila_jurisdiccion_gdj;conceptos:corregimiento;GDGDJUJU;;GDJ;;div-nueva-galicia;Corregimiento de Nochistlan;[[:conceptos:corregimiento|Corregimiento]] de Nochistlan;False
4069;GDJ;JUGDGDJU;Alcaldia Mayor;Juchipila;Valle de Juchipila y Nochistlan;1579;not_after;1689;exact;;;;;False;;AM;AM;juchipila_jurisdiccion_gdj;conceptos:alcaldia_mayor;GDGDJUJU;;GDJ;;div-nueva-galicia;Alcaldia Mayor de Juchipila;[[:conceptos:alcaldia_mayor|Alcaldia Mayor]] de Juchipila;False
4070;GDJ;JCGDGDME;Corregimiento;Mezquituta;Mezquituta y Moyagua;1550;exact;1616;not_before;;;1616;1620;False;;C;Corr.;mezquituta_jurisdiccion_gdj;conceptos:corregimiento;GDGDMEJC;;GDJ;;div-nueva-galicia;Corregimiento de Mezquituta;[[:conceptos:corregimiento|Corregimiento]] de Mezquituta;False
4071;GDJ;JUGDZAMA;Tenencia de Alcaldia Mayor;Mazapil;Mazapil;1568;not_after;1618;not_after;;;;;False;;Ten.;Part.;mazapil_jurisdiccion_gdj;conceptos:partido;GDZAMAJU;;GDJ;;div-nueva-galicia;Tenencia de Alcaldia Mayor de Mazapil;[[:conceptos:partido|Tenencia de Alcaldia Mayor]] de Mazapil;False
4072;GDJ;JUGDGDTI;Alcaldia Mayor;Tenamachi;Tenamachi;1591;not_before;1620;ca;1591;1599;;;False;;AM;AM;tenamachi_jurisdiccion_gdj;conceptos:alcaldia_mayor;GDGDTIJU;;GDJ;;div-nueva-galicia;Alcaldia Mayor de Tenamachi;[[:conceptos:alcaldia_mayor|Alcaldia Mayor]] de Tenamachi;False
4073;GDJ;JUGDGDTI;Alcaldia Mayor;Santiago del Espada;Santiago del Espada;1582;not_after;1590;not_before;;;1590;1598;False;;AM;AM;tenamachi_jurisdiccion_gdj;conceptos:alcaldia_mayor;GDGDTIJU;;GDJ;;div-nueva-galicia;Alcaldia Mayor de Santiago del Espada;[[:conceptos:alcaldia_mayor|Alcaldia Mayor]] de Santiago del Espada;False
4074;GDJ;JUGDGDTI;Alcaldia Mayor;Ixcuintla;Tenamachi e Izcuintla;1621;ca;1670;exact;;;;;False;;AM;AM;tenamachi_jurisdiccion_gdj;conceptos:alcaldia_mayor;GDGDTIJU;;GDJ;;gdj-11-10-81;Alcaldia Mayor de Ixcuintla;[[:conceptos:alcaldia_mayor|Alcaldia Mayor]] de Ixcuintla;False
4075;GDJ;JUGDGDTO;Jurisdiccion;Purificacion;Purificacion;1533;ca;1584;not_after;;;;;False;;Jur.;Jur.;tomatlan_jurisdiccion_gdj;conceptos:jurisdiccion;GDGDTOJU;;GDJ;;div-nueva-galicia;Jurisdiccion de Purificacion;[[:conceptos:jurisdiccion|Jurisdiccion]] de Purificacion;False
4076;GDJ;JCGDGDPA;Corregimiento;Panpuchin;Panpuchin y Zapotlan;1566;ca;1599;ca;;;;;False;;C;Corr.;panpuchin y zapotlan_jurisdiccion_gdj;conceptos:corregimiento;GDGDPAJC;;GDJ;;div-nueva-galicia;Corregimiento de Panpuchin;[[:conceptos:corregimiento|Corregimiento]] de Panpuchin;False
4077;GDJ;JCGDGDOP;Corregimiento;Opono;Opono;1566;ca;1599;ca;;;;;False;;C;Corr.;opono_jurisdiccion_gdj;conceptos:corregimiento;GDGDOPJC;;GDJ;;div-nueva-galicia;Corregimiento de Opono;[[:conceptos:corregimiento|Corregimiento]] de Opono;False
4078;GDJ;JCGDGDPI;Corregimiento;Piloto;Piloto;1566;ca;1599;ca;;;;;False;;C;Corr.;piloto_jurisdiccion_gdj;conceptos:corregimiento;GDGDPIJC;;GDJ;;div-nueva-galicia;Corregimiento de Piloto;[[:conceptos:corregimiento|Corregimiento]] de Piloto;False
4079;GDJ;JCGDGDCZ;Corregimiento;Camotlan;Camotlan;1549;ca;1568;not_after;;;;;False;;C;Corr.;camotlan_jurisdiccion_gdj;conceptos:corregimiento;GDGDCZJC;;GDJ;;div-nueva-galicia;Corregimiento de Camotlan;[[:conceptos:corregimiento|Corregimiento]] de Camotlan;False
4080;GDJ;JCGDGDCQ;Corregimiento;Copala y Quilitlan;Copala y Quilitlan;1563;ca;1568;not_after;;;;;False;;C;Corr.;copala y quilitlan_jurisdiccion_gdj;conceptos:corregimiento;GDGDCQJC;;GDJ;;div-nueva-galicia;Corregimiento de Copala y Quilitlan;[[:conceptos:corregimiento|Corregimiento]] de Copala y Quilitlan;False
4081;GDJ;JUGDGDSC;Corregimiento;La Barranca;Cuzcatlan de la Barranca;1549;ca;1568;not_after;;;;;False;;C;C;san cristobal de la barranca_jurisdiccion_gdj;conceptos:corregimiento;GDGDSCJU;gdj_guadalajara_san cristobal de la barranca;GDJ;Guadalajara;div-nueva-galicia;Corregimiento de La Barranca;[[:conceptos:corregimiento|Corregimiento]] de La Barranca;False
4082;GDJ;JUGDGDSC;Corregimiento;La Barranca;Camotlan y Cuzcatlan;1569;not_after;1585;exact;;;;;False;;C;C;san cristobal de la barranca_jurisdiccion_gdj;conceptos:corregimiento;GDGDSCJU;gdj_guadalajara_san cristobal de la barranca;GDJ;Guadalajara;div-nueva-galicia;Corregimiento de La Barranca;[[:conceptos:corregimiento|Corregimiento]] de La Barranca;False
4083;GDJ;JUGDGDSC;Corregimiento;La Barranca;Tequecistlan;1586;exact;1620;not_after;;;;;False;;C;C;san cristobal de la barranca_jurisdiccion_gdj;conceptos:corregimiento;GDGDSCJU;gdj_guadalajara_san cristobal de la barranca;GDJ;Guadalajara;div-nueva-galicia;Corregimiento de La Barranca;[[:conceptos:corregimiento|Corregimiento]] de La Barranca;False
4084;GDJ;JUGDGDSC;Corregimiento;La Barranca;San Cristobal de La Barranca;1621;not_after;1650;arbitrary;;;1640;1659;False;;C;C;san cristobal de la barranca_jurisdiccion_gdj;conceptos:corregimiento;GDGDSCJU;gdj_guadalajara_san cristobal de la barranca;GDJ;Guadalajara;div-nueva-galicia;Corregimiento de La Barranca;[[:conceptos:corregimiento|Corregimiento]] de La Barranca;False
4085;GDJ;JUGDGDSC;Corregimiento;La Barranca;Zapopan;1651;arbitrary;1791;exact;1641;1660;;;False;;C;C;san cristobal de la barranca_jurisdiccion_gdj;conceptos:corregimiento;GDGDSCJU;gdj_guadalajara_san cristobal de la barranca;GDJ;Guadalajara;div-nueva-galicia;Corregimiento de La Barranca;[[:conceptos:corregimiento|Corregimiento]] de La Barranca;False
4086;GDJ;JUGDGDSE;Corregimiento;Senticpac;Senticpac;1549;exact;1650;ca;;;;;False;;C;Corr.;senticpac_jurisdiccion_gdj;conceptos:corregimiento;GDGDSEJU;;GDJ;;div-nueva-galicia;Corregimiento de Senticpac;[[:conceptos:corregimiento|Corregimiento]] de Senticpac;False
4087;GDJ;JUGDZASI;Alcaldia Mayor;Sierra de Pinos;Sierra de Pinos;1604;exact;1700;arbitrary;;;;;False;;AM;AM;sierra de pinos_jurisdiccion_gdj;conceptos:alcaldia_mayor;GDZASIJU;;GDJ;;div-nueva-galicia;Alcaldia Mayor de Sierra de Pinos;[[:conceptos:alcaldia_mayor|Alcaldia Mayor]] de Sierra de Pinos;False
4088;GDJ;JUGDGDTA;Corregimiento;Nochistlanejo;Nochistlanejo;1549;exact;1620;ca;;;;;False;;C;Corr.;tala_jurisdiccion_gdj;conceptos:corregimiento;GDGDTAJU;;GDJ;;div-nueva-galicia;Corregimiento de Nochistlanejo;[[:conceptos:corregimiento|Corregimiento]] de Nochistlanejo;False
4089;GDJ;JUGDGDTT;Corregimiento;Cuistlan;Cuistlan;1549;exact;1562;not_after;;;;;False;;C;C;tecpatitlan_jurisdiccion_gdj;conceptos:corregimiento;GDGDTTJU;gdj_guadalajara_tecpatitlan;GDJ;Guadalajara;div-nueva-galicia;Corregimiento de Cuistlan;[[:conceptos:corregimiento|Corregimiento]] de Cuistlan;False
4090;GDJ;JUGDGDTT;Corregimiento*;Matatlan;Matatlan y Colimilla;1563;not_after;1650;arbitrary;;;;;False;;C;C;tecpatitlan_jurisdiccion_gdj;conceptos:corregimiento;GDGDTTJU;gdj_guadalajara_tecpatitlan;GDJ;Guadalajara;div-nueva-galicia;Corregimiento* de Matatlan;[[:conceptos:corregimiento|Corregimiento*]] de Matatlan;False
4091;GDJ;JUGDGDTE;Corregimiento;Tepic;Tepic;1540;ca;1650;ca;;;;;True;JUGDGDCP;C;Corr.;tepic_jurisdiccion_gdj;conceptos:agregado;GDGDTEJU;;GDJ;;div-nueva-galicia;Corregimiento agregado de Tepic;[[:conceptos:agregado|Corregimiento agregado]] de Tepic;False
4092;GDJ;JUGDGDCP;Alcaldia Mayor;Compostela;Compostela;1540;exact;1650;ca;;;;;False;;AM;AM;compostela_jurisdiccion_gdj;conceptos:alcaldia_mayor;GDGDCPJU;;GDJ;;div-nueva-galicia;Alcaldia Mayor de Compostela;[[:conceptos:alcaldia_mayor|Alcaldia Mayor]] de Compostela;False
4093;GDJ;JUGDGDCP;Jurisdiccion;Espiritu Santo;Espiritu Santo;1531;exact;1531;exact;;;;;False;;Jur.;Jur.;compostela_jurisdiccion_gdj;conceptos:jurisdiccion;GDGDCPJU;;GDJ;;div-nueva-galicia;Jurisdiccion de Espiritu Santo;[[:conceptos:jurisdiccion|Jurisdiccion]] de Espiritu Santo;False
4094;GDJ;JUGDGDCP;Jurisdiccion;Compostela;Compostela;1532;exact;1539;exact;;;;;False;;Jur.;Jur.;compostela_jurisdiccion_gdj;conceptos:jurisdiccion;GDGDCPJU;;GDJ;;div-nueva-galicia;Jurisdiccion de Compostela;[[:conceptos:jurisdiccion|Jurisdiccion]] de Compostela;False
4095;GDJ;JUGDGDCP;Jurisdiccion;Compostela;Compostela;1651;ca;1797;not_before;;;;;True;JUGDGDTE;Jur.;Jur.;compostela_jurisdiccion_gdj;conceptos:agregado;GDGDCPJU;;GDJ;;div-nueva-galicia;Jurisdiccion agregada de Compostela;[[:conceptos:agregado|Jurisdiccion agregada]] de Compostela;False
4096;GDJ;JUGDGDCP;Jurisdiccion;Compostela;Compostela;1808;not_after;1808;hgis;;;;;True;JUGDGDTE;Jur.;Jur.;compostela_jurisdiccion_gdj;conceptos:agregado;GDGDCPJU;;GDJ;;div-nueva-galicia;Jurisdiccion agregada de Compostela;[[:conceptos:agregado|Jurisdiccion agregada]] de Compostela;False
4097;GDJ;JUGDGDSM;Alcaldia Mayor;Acuitlapilco;Acuitlapilco;1562;not_after;1574;exact;;;;;False;;AM;AM;santa maria del oro_jurisdiccion_gdj;conceptos:alcaldia_mayor;GDGDSMJU;;GDJ;;div-nueva-galicia;Alcaldia Mayor de Acuitlapilco;[[:conceptos:alcaldia_mayor|Alcaldia Mayor]] de Acuitlapilco;False
4098;GDJ;JUGDGDSM;Alcaldia Mayor;Minas de Chimaltitlan;Minas de Chimaltitlan;1575;exact;1650;ca;;;;;False;;AM;AM;santa maria del oro_jurisdiccion_gdj;conceptos:alcaldia_mayor;GDGDSMJU;;GDJ;;div-nueva-galicia;Alcaldia Mayor de Minas de Chimaltitlan;[[:conceptos:alcaldia_mayor|Alcaldia Mayor]] de Minas de Chimaltitlan;False
4099;GDJ;PTGDZATL;Corregimiento;Tlaltenango;Tlaltenango;1563;exact;1569;exact;;;;;False;;C;Corr.;tlaltenango_partido_gdj;conceptos:corregimiento;GDZATLPT;;GDJ;;div-nueva-galicia;Corregimiento de Tlaltenango;[[:conceptos:corregimiento|Corregimiento]] de Tlaltenango;False
4100;GDJ;PTGDZATL;Partido;Tlaltenango;Tlaltenango;1787;exact;1808;hgis;;;;;False;;Part.;Part.;tlaltenango_partido_gdj;conceptos:partido;GDZATLPT;gdj_zacatecas_tlaltenango;GDJ;Zacatecas;div-nueva-galicia;Partido de Tlaltenango;[[:conceptos:partido|Partido]] de Tlaltenango;False
4101;GDJ;JUGDGDTL;Corregimiento;Tlajomulco;Tlajomulco;1549;exact;1699;not_after;;;;;False;;C;Corr.;tlajomulco y cajititlan_jurisdiccion_gdj;conceptos:corregimiento;GDGDTLJU;;GDJ;;div-nueva-galicia;Corregimiento de Tlajomulco;[[:conceptos:corregimiento|Corregimiento]] de Tlajomulco;False
4102;GDJ;JUGDGDCA;Corregimiento;Cuyutlan;Cuyutlan;1549;ca;1562;not_after;;;;;False;;C;Corr.;cajititlan_jurisdiccion_gdj;conceptos:corregimiento;GDGDCAJU;;GDJ;;div-nueva-galicia;Corregimiento de Cuyutlan;[[:conceptos:corregimiento|Corregimiento]] de Cuyutlan;False
4103;GDJ;JUGDGDCA;Corregimiento;Cuyutlan;Cuyutlan  y Zalatitlan;1563;not_after;1582;exact;;;;;False;;C;Corr.;cajititlan_jurisdiccion_gdj;conceptos:corregimiento;GDGDCAJU;;GDJ;;div-nueva-galicia;Corregimiento de Cuyutlan;[[:conceptos:corregimiento|Corregimiento]] de Cuyutlan;False
4104;GDJ;JCGDGDTL;Corregimiento;Tlaquepaque;Tlaquepaque y San Pedro;1549;ca;1666;ca;;;;;False;;C;Corr.;tlaquepaque y san pedro_jurisdiccion_gdj;conceptos:corregimiento;GDGDTLJC;;GDJ;;div-nueva-galicia;Corregimiento de Tlaquepaque;[[:conceptos:corregimiento|Corregimiento]] de Tlaquepaque;False
4105;GDJ;JUGDZAZA;Alcaldia Mayor;Zacatecas;Zacatecas;1549;exact;1579;exact;;;;;False;;AM;AM;zacatecas_jurisdiccion_gdj;conceptos:alcaldia_mayor;GDZAZAJU;;GDJ;;div-nueva-galicia;Alcaldia Mayor de Zacatecas;[[:conceptos:alcaldia_mayor|Alcaldia Mayor]] de Zacatecas;False
4108;GDJ;PRGDNL00;Gobernacion;Nuevo Leon;Nuevo Leon;1599;exact;1624;exact;;;;;False;;G;Gob.;nuevo leon_provincia_gdj;conceptos:gobernacion;GDNL00PR;gdj_provincia_nuevo leon;GDJ;Provincia;gerhard-north;Gobernacion de Nuevo Leon;[[:conceptos:gobernacion|Gobernacion]] de Nuevo Leon;False
4109;GDJ;JUGDDUCI;Partido;Cienega;Cienega de los Olivos;1659;ca;1740;ca;;;;;False;;Part.;Part.;cienega de los olivos_jurisdiccion_gdj;conceptos:partido;GDDUCIJU;;GDJ;;div-nueva-vizcaya;Partido de Cienega;[[:conceptos:partido|Partido]] de Cienega;False
4110;GDJ;JUGDDUCR;Alcaldia Mayor;Villa Aguilar;Villa Aguilar;1649;exact;1652;exact;;;;;False;;AM;AM;cusihuiriachi_jurisdiccion_gdj;conceptos:alcaldia_mayor;GDDUCRJU;;GDJ;;div-nueva-vizcaya;Alcaldia Mayor de Villa Aguilar;[[:conceptos:alcaldia_mayor|Alcaldia Mayor]] de Villa Aguilar;False
4111;GDJ;JUGDDUGM;Comandancia;San Hipolito;San Hipolito;1620;ca;1686;exact;;;;;False;;Com.;Com.;guarisamey_jurisdiccion_gdj;conceptos:jurisdiccion_militar;GDDUGMJU;;GDJ;;div-nueva-vizcaya;Comandancia de San Hipolito;[[:conceptos:jurisdiccion_militar|Comandancia]] de San Hipolito;False
4112;GDJ;JUGDDUMA;Alcaldia Mayor;Mapimi;Mapimi;1600;not_after;1710;ca;1598;1600;;;False;;AM;AM;mapimi_jurisdiccion_gdj;conceptos:alcaldia_mayor;GDDUMAJU;;GDJ;;div-nueva-vizcaya;Alcaldia Mayor de Mapimi;[[:conceptos:alcaldia_mayor|Alcaldia Mayor]] de Mapimi;False
4113;GDJ;JUGDDUPP;Partido;Papasquiaro;Valle de Papasquiaro;1590;ca;1619;ca;;;;;False;;Part.;Part.;papasquiaro_jurisdiccion_gdj;conceptos:partido;GDDUPPJU;;GDJ;;div-nueva-vizcaya;Partido de Papasquiaro;[[:conceptos:partido|Partido]] de Papasquiaro;False
4114;GDJ;JUGDDUPP;Comandancia;Tepehuanes;Tepehuanes;1620;ca;1692;ca;;;;;False;;Com.;Com.;papasquiaro_jurisdiccion_gdj;conceptos:jurisdiccion_militar;GDDUPPJU;;GDJ;;div-nueva-vizcaya;Comandancia de Tepehuanes;[[:conceptos:jurisdiccion_militar|Comandancia]] de Tepehuanes;False
4115;GDJ;JUGDDUCR;Alcaldia Mayor;Coyachi y Minas de San Juan;Coyachi y Minas de San Juan;1653;not_before;1687;exact;1653;1668;;;False;;AM;AM;cusihuiriachi_jurisdiccion_gdj;conceptos:alcaldia_mayor;GDDUCRJU;;GDJ;;div-nueva-vizcaya;Alcaldia Mayor de Coyachi y Minas de San Juan;[[:conceptos:alcaldia_mayor|Alcaldia Mayor]] de Coyachi y Minas de San Juan;False
4116;GDJ;PTGDDUPS;Alcaldia Mayor;Parras;Parras;1598;exact;1699;ca;;;;;False;;AM;AM;parras_partido_gdj;conceptos:alcaldia_mayor;GDDUPSPT;;GDJ;;div-nueva-vizcaya;Alcaldia Mayor de Parras;[[:conceptos:alcaldia_mayor|Alcaldia Mayor]] de Parras;False
4117;GDJ;PTGDDUPS;Alcaldia Mayor;Valle de Pirineos;Valle de Pirineos;1578;not_after;1595;ca;;;;;False;;AM;AM;parras_partido_gdj;conceptos:alcaldia_mayor;GDDUPSPT;;GDJ;;div-nueva-vizcaya;Alcaldia Mayor de Valle de Pirineos;[[:conceptos:alcaldia_mayor|Alcaldia Mayor]] de Valle de Pirineos;False
4118;GDJ;PTGDDUSO;Alcaldia Mayor;Saltillo;Valle de Buena Esperanza;1568;ca;1581;exact;;;;;False;;AM;AM;saltillo_partido_gdj;conceptos:alcaldia_mayor;GDDUSOPT;;GDJ;;div-nueva-vizcaya;Alcaldia Mayor de Saltillo;[[:conceptos:alcaldia_mayor|Alcaldia Mayor]] de Saltillo;False
4119;GDJ;JUGDDUGB;Alcaldia Mayor;Guanabal;Guanabal;1630;not_before;1649;not_after;;;;;False;;AM;AM;guanabal_jurisdiccion_gdj;conceptos:alcaldia_mayor;GDDUGBJU;;GDJ;;div-nueva-vizcaya;Alcaldia Mayor de Guanabal;[[:conceptos:alcaldia_mayor|Alcaldia Mayor]] de Guanabal;False
4120;GDJ;JUGDDUSA;Alcaldia Mayor;San Andres y Guapijuje;San Andres de la Sierra;1667;not_after;1739;ca;;;;;False;;AM;AM;san andres de la sierra_jurisdiccion_gdj;conceptos:alcaldia_mayor;GDDUSAJU;gdj_durango_san andres de la sierra;GDJ;Durango;div-nueva-vizcaya;Alcaldia Mayor de San Andres y Guapijuje;[[:conceptos:alcaldia_mayor|Alcaldia Mayor]] de San Andres y Guapijuje;False
4121;GDJ;JUGDDUSA;Alcaldia Mayor;San Andres;San Andres;1582;ca;1666;not_after;;;;;False;;AM;AM;san andres de la sierra_jurisdiccion_gdj;conceptos:alcaldia_mayor;GDDUSAJU;;GDJ;;div-nueva-vizcaya;Alcaldia Mayor de San Andres;[[:conceptos:alcaldia_mayor|Alcaldia Mayor]] de San Andres;False
4122;GDJ;JUGDDUSH;Comandancia;San Hipolito;San Hipolito;1619;exact;1686;exact;;;;;False;;Com.;Com.;san hipolito_jurisdiccion_gdj;conceptos:jurisdiccion_militar;GDDUSHJU;;GDJ;;div-nueva-vizcaya;Comandancia de San Hipolito;[[:conceptos:jurisdiccion_militar|Comandancia]] de San Hipolito;False
4123;GDJ;JUGDDUBV;Alcaldia Mayor*;Valle de San Buenaventura;Valle de San Buenaventura;1721;ca;1787;not_before;;;;;False;;AM;AM;valle de san buenaventura_jurisdiccion_gdj;conceptos:alcaldia_mayor;GDDUBVJU;gdj_durango_valle de san buenaventura;GDJ;Durango;div-nueva-vizcaya;Alcaldia Mayor* de Valle de San Buenaventura;[[:conceptos:alcaldia_mayor|Alcaldia Mayor*]] de Valle de San Buenaventura;False
4124;GDJ;JUGDDUCO;Alcaldia Mayor;Coneto;Coneto;1631;not_before;1649;ca;;;1640;1670;False;;AM;AM;coneto_jurisdiccion_gdj;conceptos:alcaldia_mayor;GDDUCOJU;;GDJ;;cline;Alcaldia Mayor de Coneto;[[:conceptos:alcaldia_mayor|Alcaldia Mayor]] de Coneto;False
4125;GDJ;JUGDDUBB;Partido;Santa Barbara;Santa Barbara;1643;not_after;1664;not_after;;;;;False;;Part.;Part.;santa barbara_jurisdiccion_gdj;conceptos:partido;GDDUBBJU;gdj_durango_santa barbara;GDJ;Durango;div-nueva-vizcaya;Partido de Santa Barbara;[[:conceptos:partido|Partido]] de Santa Barbara;False
4126;GDJ;JUGDDUBB;Alcaldia Mayor;San Francisco del Oro;San Francisco del Oro;1665;not_after;1674;not_before;;;;;False;;AM;AM;santa barbara_jurisdiccion_gdj;conceptos:alcaldia_mayor;GDDUBBJU;;GDJ;;div-nueva-vizcaya;Alcaldia Mayor de San Francisco del Oro;[[:conceptos:alcaldia_mayor|Alcaldia Mayor]] de San Francisco del Oro;False
4127;GDJ;JUGDDUCN;Alcaldia Mayor*;Cianori;Cianori;1663;not_after;1670;exact;;;;;False;;AM;AM;cianori_jurisdiccion_gdj;conceptos:alcaldia_mayor;GDDUCNJU;;GDJ;;div-nueva-vizcaya;Alcaldia Mayor* de Cianori;[[:conceptos:alcaldia_mayor|Alcaldia Mayor*]] de Cianori;False
4128;GDJ;JUGDDUTP;Alcaldia Mayor;Minas de Topia;Minas de Topia;1590;ca;1670;ca;;;;;False;;AM;AM;minas de topia_jurisdiccion_gdj;conceptos:alcaldia_mayor;GDDUTPJU;;GDJ;;div-nueva-vizcaya;Alcaldia Mayor de Minas de Topia;[[:conceptos:alcaldia_mayor|Alcaldia Mayor]] de Minas de Topia;False
4130;NES;PRNEYU00;Alcaldia Mayor;Yucatan;Yucatan;1546;exact;1564;exact;;;;;False;;AM;AM;yucatan_provincia_nes;conceptos:alcaldia_mayor;NEYU00PR;;NES;;gerhardSE;Alcaldia Mayor de Yucatan;[[:hgis_alcaldia_mayo|Alcaldia Mayor]] de Yucatan;False
4132;NES;JUNEYUBA;Capitania a guerra;Tihosuco;Tihosuco;1630;ca;1718;not_after;;;;;False;;CaG;CaG;beneficios altos_jurisdiccion_nes;conceptos:capitania_a_guerra;NEYUBAJU;;NES;;div-yucatan;Capitania a guerra de Tihosuco;[[:conceptos:capitania_a_guerra|Capitania a guerra]] de Tihosuco;False
4133;NES;JUNEYUBA;Partido;Beneficios Altos;Beneficios Altos;1111;start;1629;ca;;;;;False;;Part.;Part.;beneficios altos_jurisdiccion_nes;conceptos:partido;NEYUBAJU;;NES;;div-yucatan;Partido de Beneficios Altos;[[:conceptos:partido|Partido]] de Beneficios Altos;False
4135;NES;JUNEYURA;Partido;Camino Real de Campeche;Camino Real de Campeche;1584;not_before;1749;not_after;;;;;False;;Part.;Part.;camino real alto_jurisdiccion_nes;conceptos:partido;NEYURAJU;;NES;;div-yucatan;Partido de Camino Real de Campeche;[[:conceptos:partido|Partido]] de Camino Real de Campeche;False
4136;NES;JUNEYURA;Corregimiento;Campeche;Campeche;1548;not_after;1550;not_before;;;;;False;;C;Corr.;camino real alto_jurisdiccion_nes;conceptos:corregimiento;NEYURAJU;;NES;;div-yucatan;Corregimiento de Campeche;[[:conceptos:corregimiento|Corregimiento]] de Campeche;False
4137;NES;JUNEYURA;Partido;Camino Real de Campeche;Camino Real de Campeche;1551;not_before;1572;not_after;;;;;False;;Part.;Part.;camino real alto_jurisdiccion_nes;conceptos:partido;NEYURAJU;;NES;;div-yucatan;Partido de Camino Real de Campeche;[[:conceptos:partido|Partido]] de Camino Real de Campeche;False
4138;NES;JUNEYURA;Corregimiento;Calkini;Calkini, Tixchel, Champoton, Acalan y Campeche;1573;not_after;1583;not_before;;;;;False;;C;Corr.;camino real alto_jurisdiccion_nes;conceptos:corregimiento;NEYURAJU;;NES;;div-yucatan;Corregimiento de Calkini;[[:conceptos:corregimiento|Corregimiento]] de Calkini;False
4139;NES;JUNEYURB;Partido;Camino Real Bajo;Camino Real Bajo;1640;ca;1698;not_after;;;1679;1698;False;;Part.;Part.;camino real bajo_jurisdiccion_nes;conceptos:partido;NEYURBJU;;NES;;div-yucatan;Partido de Camino Real Bajo;[[:conceptos:partido|Partido]] de Camino Real Bajo;False
4140;NES;JUNEYULS;Corregimiento;Mani;Mani;1571;exact;1583;not_before;;;;;False;;C;Corr.;la sierra_jurisdiccion_nes;conceptos:corregimiento;NEYULSJU;;NES;;div-yucatan;Corregimiento de Mani;[[:conceptos:corregimiento|Corregimiento]] de Mani;False
4141;NES;JUNEYULS;Corregimiento;Mani;Mani;1588;exact;1654;not_after;;;;;False;;C;Corr.;la sierra_jurisdiccion_nes;conceptos:corregimiento;NEYULSJU;;NES;;div-yucatan;Corregimiento de Mani;[[:conceptos:corregimiento|Corregimiento]] de Mani;False
4142;NES;JUNEYULS;Partido;Mani;Mani;1584;not_before;1587;not_before;;;;;False;;Part.;Part.;la sierra_jurisdiccion_nes;conceptos:partido;NEYULSJU;;NES;;div-yucatan;Partido de Mani;[[:conceptos:partido|Partido]] de Mani;False
4143;NES;JUNEYUTI;Corregimiento;Tizimin;Tizimin;1575;ca;1580;ca;;;;;False;;C;Corr.;tizimin_jurisdiccion_nes;conceptos:corregimiento;NEYUTIJU;;NES;;div-yucatan;Corregimiento de Tizimin;[[:conceptos:corregimiento|Corregimiento]] de Tizimin;False
4144;NES;JUNEYUVA;Jurisdiccion;Valladolid;Valladolid;1543;exact;1576;ca;;;;;False;;Jur.;Jur.;valladolid_jurisdiccion_nes;conceptos:jurisdiccion;NEYUVAJU;nes_yucatan_valladolid;NES;Yucatan;div-yucatan;Jurisdiccion de Valladolid;[[:conceptos:jurisdiccion|Jurisdiccion]] de Valladolid;False
4145;NES;JUNEYUVA;Alcaldia Mayor;Valladolid;Valladolid;1577;ca;1580;exact;;;;;False;;AM;AM;valladolid_jurisdiccion_nes;conceptos:alcaldia_mayor;NEYUVAJU;;NES;;div-yucatan;Alcaldia Mayor de Valladolid;[[:conceptos:alcaldia_mayor|Alcaldia Mayor]] de Valladolid;False
4146;NES;JUNEYUTI;Partido;Tizimin;Tizimin;1581;ca;1631;not_after;;;;;False;;Part.;Part.;tizimin_jurisdiccion_nes;conceptos:partido;NEYUTIJU;;NES;;div-yucatan;Partido de Tizimin;[[:conceptos:partido|Partido]] de Tizimin;False
4147;GDJ;PRGDNM00;Gobernacion;Nuevo Mexico;Nuevo Mexico;1777;exact;1808;hgis;;;;;False;;G;Gob.;nuevo mexico_provincia_gdj;conceptos:gobernacion;GDNM00PR;gdj_provincia_nuevo mexico;GDJ;Provincia;gerhard-north;Gobernacion de Nuevo Mexico;[[:conceptos:gobernacion|Gobernacion]] de Nuevo Mexico;False
4149;GDJ;JUGDNMEP;Tenencia de gobierno;El Paso;El Paso;1660;ca;1679;exact;;;;;False;;Ten.;Jur.;el paso_jurisdiccion_gdj;conceptos:jurisdiccion;GDNMEPJU;;GDJ;;div-nuevo-mexico;Tenencia de gobierno de El Paso;[[:conceptos:jurisdiccion|Tenencia de gobierno]] de El Paso;False
4150;GDJ;JUGDNMEP;Jurisdiccion;El Paso;El Paso;1680;ca;1691;exact;;;;;False;;Jur.;Jur.;el paso_jurisdiccion_gdj;conceptos:cabecera;GDNMEPJU;;GDJ;;div-nuevo-mexico;Jurisdiccion cabecera de El Paso;[[:conceptos:cabecera|Jurisdiccion cabecera]] de El Paso;False
4153;GDJ;JUGDNMQU;Alcaldia Mayor;Los Queres;Los Queres;1660;arbitrary;1679;not_after;;;;;False;;AM;AM;los queres_jurisdiccion_gdj;conceptos:alcaldia_mayor;GDNMQUJU;;GDJ;;div-nuevo-mexico;Alcaldia Mayor de Los Queres;[[:conceptos:alcaldia_mayor|Alcaldia Mayor]] de Los Queres;False
4154;GDJ;JUGDNMAL;Alcaldia Mayor;Las Salinas;Las Salinas;1660;arbitrary;1679;exact;;;;;False;;AM;AM;alburquerque_jurisdiccion_gdj;conceptos:alcaldia_mayor;GDNMALJU;gdj_nuevo mexico_alburquerque;GDJ;Nuevo Mexico;div-nuevo-mexico;Alcaldia Mayor de Las Salinas;[[:conceptos:alcaldia_mayor|Alcaldia Mayor]] de Las Salinas;False
4155;GDJ;JUGDNMSE;Alcaldia Mayor;Senecu;Senecu;1660;arbitrary;1679;not_after;;;;;False;;AM;AM;senecu_jurisdiccion_gdj;conceptos:alcaldia_mayor;GDNMSEJU;;GDJ;;div-nuevo-mexico;Alcaldia Mayor de Senecu;[[:conceptos:alcaldia_mayor|Alcaldia Mayor]] de Senecu;False
4156;GDJ;JUGDNMSC;Alcaldia Mayor;La Cañada;La Cañada;1660;arbitrary;1679;not_after;;;;;False;;AM;AM;santa cruz de la cañada_jurisdiccion_gdj;conceptos:alcaldia_mayor;GDNMSCJU;gdj_nuevo mexico_santa cruz de la cañada;GDJ;Nuevo Mexico;div-nuevo-mexico;Alcaldia Mayor de La Cañada;[[:conceptos:alcaldia_mayor|Alcaldia Mayor]] de La Cañada;False
4157;GDJ;JUGDNMGA;Alcaldia Mayor;Galisteo;Galisteo;1660;arbitrary;1691;exact;;;;;False;;AM;AM;galisteo_jurisdiccion_gdj;conceptos:alcaldia_mayor;GDNMGAJU;;GDJ;;div-nuevo-mexico;Alcaldia Mayor de Galisteo;[[:conceptos:alcaldia_mayor|Alcaldia Mayor]] de Galisteo;False
4158;GDJ;JUGDNMSF;Jurisdiccion;Santa Fe;Santa Fe;1610;exact;1679;exact;;;;;False;;Jur.;Jur.;santa fe_jurisdiccion_gdj;conceptos:cabecera;GDNMSFJU;;GDJ;;div-nuevo-mexico;Jurisdiccion cabecera de Santa Fe;[[:conceptos:cabecera|Jurisdiccion cabecera]] de Santa Fe;False
4159;GDJ;JUGDNMTA;Alcaldia Mayor;Picuries;Picuries;1660;arbitrary;1679;not_after;;;;;False;;AM;AM;taos_jurisdiccion_gdj;conceptos:alcaldia_mayor;GDNMTAJU;gdj_nuevo mexico_taos;GDJ;;div-nuevo-mexico;Alcaldia Mayor de Picuries;[[:conceptos:alcaldia_mayor|Alcaldia Mayor]] de Picuries;False
4160;GDJ;JUGDNMSF;Jurisdiccion;Santa Fe;Santa Fe;1693;exact;1699;not_FTER;;;;;False;;Jur.;Jur.;santa fe_jurisdiccion_gdj;conceptos:cabecera;GDNMSFJU;;GDJ;;div-nuevo-mexico;Jurisdiccion cabecera de Santa Fe;[[:conceptos:cabecera|Jurisdiccion cabecera]] de Santa Fe;False
4161;GDJ;PRGDCO00;Alcaldia Mayor;Nueva Extremadura;Nueva Extremadura;1674;exact;1681;exact;;;;;False;;AM;AM;coahuila_provincia_gdj;conceptos:alcaldia_mayor;GDCO00PR;;GDJ;;wikipedia;Alcaldia Mayor de Nueva Extremadura;[[:conceptos:alcaldia_mayor|Alcaldia Mayor]] de Nueva Extremadura;False
4162;GDJ;PRGDCO00;Alcaldia Mayor;Nuevo Almaden;Nuevo Almaden;1643;exact;1648;not_after;;;1646;1648;False;;AM;AM;coahuila_provincia_gdj;conceptos:alcaldia_mayor;GDCO00PR;;GDJ;;wikipedia;Alcaldia Mayor de Nuevo Almaden;[[:conceptos:alcaldia_mayor|Alcaldia Mayor]] de Nuevo Almaden;False
4163;GDJ;PRGDCO00;Alcaldia Mayor;Trinidad;Potosi, Valle de Couyla y Trinidad;1577;exact;1581;exact;;;;;False;;AM;AM;coahuila_provincia_gdj;conceptos:alcaldia_mayor;GDCO00PR;;GDJ;;wikipedia;Alcaldia Mayor de Trinidad;[[:conceptos:alcaldia_mayor|Alcaldia Mayor]] de Trinidad;False
4164;GDJ;PRGDCO00;Alcaldia Mayor;Almaden;Minas de Almaden y Trinidad;1582;exact;1589;ca;;;;;False;;AM;AM;coahuila_provincia_gdj;conceptos:alcaldia_mayor;GDCO00PR;;GDJ;;wikipedia;Alcaldia Mayor de Almaden;[[:conceptos:alcaldia_mayor|Alcaldia Mayor]] de Almaden;False
4165;GDJ;PRGDCO00;Provincia;Coahuila;Coahuila;1590;ca;1642;exact;;;;;False;;Prov.;Prov.;coahuila_provincia_gdj;conceptos:provincia;GDCO00PR;;GDJ;;wikipedia;Provincia de Coahuila;[[:conceptos:provincia|Provincia]] de Coahuila;False
4166;GDJ;PRGDCO00;Provincia;Coahuila;Coahuila;1649;not_after;1673;exact;1647;1649;;;False;;Prov.;Prov.;coahuila_provincia_gdj;conceptos:provincia;GDCO00PR;;GDJ;;wikipedia;Provincia de Coahuila;[[:conceptos:provincia|Provincia]] de Coahuila;False
4168;GDJ;JUGDSSCH;Alcaldia Mayor;Villa del Espiritu Santo;Villa del Espiritu Santo;1532;exact;1536;exact;;;;;False;;AM;AM;chametla_jurisdiccion_gdj;conceptos:alcaldia_mayor;GDSSCHJU;;GDJ;;div-sonora-sinaloa;Alcaldia Mayor de Villa del Espiritu Santo;[[:conceptos:alcaldia_mayor|Alcaldia Mayor]] de Villa del Espiritu Santo;False
4169;GDJ;JUGDSSCH;Provincia;Chametla;Chametla;1537;exact;1563;exact;;;;;False;;Prov.;Prov.;chametla_jurisdiccion_gdj;conceptos:provincia;GDSSCHJU;;GDJ;;div-sonora-sinaloa;Provincia de Chametla;[[:conceptos:provincia|Provincia]] de Chametla;False
4171;GDJ;JUGDSSCH;Alcaldia Mayor;Minas de Chametla;Minas de Chametla;1600;arbitrary;1629;arbitrary;;;;;False;;AM;AM;chametla_jurisdiccion_gdj;conceptos:alcaldia_mayor;GDSSCHJU;;GDJ;;div-sonora-sinaloa;Alcaldia Mayor de Minas de Chametla;[[:conceptos:alcaldia_mayor|Alcaldia Mayor]] de Minas de Chametla;False
4172;GDJ;JUGDSSCH;Alcaldia Mayor;San Sebastian;San Sebastian;1630;ca;1665;not_after;;;;;False;;AM;AM;chametla_jurisdiccion_gdj;conceptos:alcaldia_mayor;GDSSCHJU;;GDJ;;div-sonora-sinaloa;Alcaldia Mayor de San Sebastian;[[:conceptos:alcaldia_mayor|Alcaldia Mayor]] de San Sebastian;False
4173;GDJ;PTGDSSCA;Alcaldia Mayor;Piaxtla;Piaxtla y Mazatlan;1630;ca;1665;not_after;;;;;False;;AM;AM;cabazan, piastla y guadalupe_partido_gdj;conceptos:alcaldia_mayor;GDSSCAPT;;GDJ;;div-sonora-sinaloa;Alcaldia Mayor de Piaxtla;[[:conceptos:alcaldia_mayor|Alcaldia Mayor]] de Piaxtla;False
4174;GDJ;JUGDSSMY;Alcaldia Mayor;Maloya;Maloya;1590;not_before;1665;not_after;1590;1599;;;False;;AM;AM;maloya_jurisdiccion_gdj;conceptos:alcaldia_mayor;GDSSMYJU;;GDJ;;div-sonora-sinaloa;Alcaldia Mayor de Maloya;[[:conceptos:alcaldia_mayor|Alcaldia Mayor]] de Maloya;False
4177;GDJ;JUGDSSCH;Tenencia de gobierno;Chametla;San Sebastian;1564;exact;1599;arbitrary;;;;;False;;;Part.;chametla_jurisdiccion_gdj;conceptos:partido;GDSSCHJU;;GDJ;;div-sonora-sinaloa;Tenencia de gobierno de Chametla;[[:conceptos:partido|Tenencia de gobierno]] de Chametla;False
4178;GDJ;JUGDSSRO;Alcaldia Mayor;Chametla y Salinas;Chametla y Salinas;1630;ca;1659;ca;;;;;False;;AM;AM;rosario_jurisdiccion_gdj;conceptos:alcaldia_mayor;GDSSROJU;;GDJ;;div-sonora-sinaloa;Alcaldia Mayor de Chametla y Salinas;[[:conceptos:alcaldia_mayor|Alcaldia Mayor]] de Chametla y Salinas;False
4179;GDJ;JUGDSSCP;Alcaldia Mayor;Panuco y Copala;Panuco y San Bartolome Copala;1630;ca;1665;not_after;;;;;False;;AM;AM;copala_jurisdiccion_gdj;conceptos:alcaldia_mayor;GDSSCPJU;;GDJ;;div-sonora-sinaloa;Alcaldia Mayor de Panuco y Copala;[[:conceptos:alcaldia_mayor|Alcaldia Mayor]] de Panuco y Copala;False
4180;GDJ;JUGDSSMY;Partido;Maloya;Maloya;1666;exact;1702;not_after;;;;;False;;Part.;Part.;maloya_jurisdiccion_gdj;conceptos:partido;GDSSMYJU;;GDJ;;div-sonora-sinaloa;Partido de Maloya;[[:conceptos:partido|Partido]] de Maloya;False
4181;GDJ;JUGDSSCP;Alcaldia Mayor;Copala;Copala y Maloya;1666;exact;1704;ca;;;;;False;;AM;AM;copala_jurisdiccion_gdj;conceptos:alcaldia_mayor;GDSSCPJU;gdj_sonora-sinaloa_copala;GDJ;Sonora-Sinaloa;div-sonora-sinaloa;Alcaldia Mayor de Copala;[[:conceptos:alcaldia_mayor|Alcaldia Mayor]] de Copala;False
4182;GDJ;JUGDSSRO;Partido;Rosario;Rosario;1666;exact;1703;exact;;;;;False;;Part.;Part.;rosario_jurisdiccion_gdj;conceptos:partido;GDSSROJU;;GDJ;;div-sonora-sinaloa;Partido de Rosario;[[:conceptos:partido|Partido]] de Rosario;False
4183;GDJ;JUGDSSRO;Alcaldia Mayor;Rosario;Rosario;1704;exact;1732;exact;;;;;False;;AM;AM;rosario_jurisdiccion_gdj;conceptos:alcaldia_mayor;GDSSROJU;;GDJ;;div-sonora-sinaloa;Alcaldia Mayor de Rosario;[[:conceptos:alcaldia_mayor|Alcaldia Mayor]] de Rosario;False
4185;GDJ;JUGDSSCS;Alcaldia Mayor;Virgenes;Real de las Virgenes, Bayla y Achapa;1576;not_before;1636;exact;1576;1579;;;False;;AM;AM;cosala_jurisdiccion_gdj;conceptos:alcaldia_mayor;GDSSCSJU;;GDJ;;div-sonora-sinaloa;Alcaldia Mayor de Virgenes;[[:conceptos:alcaldia_mayor|Alcaldia Mayor]] de Virgenes;False
4186;GDJ;JUGDSSCS;Partido;Cosala;Cosala;1637;exact;1770;ca;;;;;False;;Part.;Part.;cosala_jurisdiccion_gdj;conceptos:partido;GDSSCSJU;;GDJ;;div-sonora-sinaloa;Partido de Cosala;[[:conceptos:partido|Partido]] de Cosala;False
4187;GDJ;JUGDSSSI;Jurisdiccion;Sinaloa;Sinaloa;1564;exact;1582;exact;;;;;False;;Jur.;Jur.;sinaloa_jurisdiccion_gdj;conceptos:jurisdiccion;GDSSSIJU;;GDJ;;div-sonora-sinaloa;Jurisdiccion de Sinaloa;[[:conceptos:jurisdiccion|Jurisdiccion]] de Sinaloa;False
4188;GDJ;JUGDSSCH;Comandancia;San Sebastian;San Sebastian;1666;not_after;1684;exact;;;;;False;;Com.;Com.;chametla_jurisdiccion_gdj;conceptos:jurisdiccion_militar;GDSSCHJU;;GDJ;;div-sonora-sinaloa;Comandancia de San Sebastian;[[:conceptos:jurisdiccion_militar|Comandancia]] de San Sebastian;False
4189;GDJ;JUGDNLSB;Alcaldia Mayor;Sabinas;Santiago de Sabinas;1693;ca;1693;not_before;;;1693;1696;False;;AM;AM;sabinas_jurisdiccion_gdj;conceptos:alcaldia_mayor;GDNLSBJU;;GDJ;;div-nueva-galicia;Alcaldia Mayor de Sabinas;[[:conceptos:alcaldia_mayor|Alcaldia Mayor]] de Sabinas;False
4191;GDJ;PRGDNL00;Jurisdiccion;Nuevo Leon;Nuevo Leon;1596;exact;1598;exact;;;;;False;;Jur.;Jur.;nuevo leon_provincia_gdj;conceptos:jurisdiccion;GDNL00PR;;GDJ;;gerhard-north;Jurisdiccion de Nuevo Leon;[[:conceptos:jurisdiccion|Jurisdiccion]] de Nuevo Leon;False
4192;GDJ;PRGDNL00;Gobernacion-Capitania General;Nuevo Leon;Nuevo Leon;1625;exact;1776;not_after;;;;;False;;CG;Gob.-CG;nuevo leon_provincia_gdj;conceptos:gobernacion;GDNL00PR;;GDJ;;gerhard-north;Gobernacion-Capitania General de Nuevo Leon;[[:conceptos:gobernacion|Gobernacion-Capitania General]] de Nuevo Leon;False
4193;GDJ;PRGDNL00;Gobernacion;Nuevo Leon;Nuevo Leon;1777;not_after;1808;hgis;;;;;False;;G;Gob.;nuevo leon_provincia_gdj;conceptos:gobernacion;GDNL00PR;;GDJ;;gerhard-north;Gobernacion de Nuevo Leon;[[:conceptos:gobernacion|Gobernacion]] de Nuevo Leon;False
4194;NES;JUNETBTB;Gobernacion-Capitania General;Tabasco;Tabasco;1527;exact;1539;exact;;;;;False;;CG;Gob.-CG;tabasco_jurisdiccion_nes;conceptos:gobernacion;NETBTBJU;;NES;;gerhardSE;Gobernacion-Capitania General de Tabasco;[[:conceptos:gobernacion|Gobernacion-Capitania General]] de Tabasco;False
4195;NES;JUNETBTB;Alcaldia Mayor;Tabasco;Tabasco;1546;ca;1582;not_after;;;;;True;PRNEYU00;AM;AM;tabasco_jurisdiccion_nes;conceptos:agregado;NETBTBJU;;NES;;gerhardSE;Alcaldia Mayor agregada de Tabasco;[[:conceptos:agregado|Alcaldia Mayor agregada]] de Tabasco;False
4196;NES;PRNEYU00;Provincia;Yucatan;Yucatan;1539;ca;1545;exact;;;;;True;;Prov.;Prov.;yucatan_provincia_nes;conceptos:agregado;NEYU00PR;;NES;;gerhardSE;Provincia agregada de Yucatan;[[:conceptos:agregado|Provincia agregada]] de Yucatan;False
4198;GUA;JUGUNINC;Tenencia de gobierno;Bruselas;Bruselas;1524;exact;1528;exact;;;;;False;;Ten.;Jur.;nicoya_jurisdiccion_gua;conceptos:jurisdiccion;GUNINCJU;;GUA;Nicaragua;;Tenencia de gobierno de Bruselas;[[:conceptos:jurisdiccion|Tenencia de gobierno]] de Bruselas;False
4199;GUA;JUGUNINC;Alcaldia Mayor;Nicoya;Nicoya;1566;exact;1592;ca;;;;;False;;AM;AM;nicoya_jurisdiccion_gua;conceptos:alcaldia_mayor;GUNINCJU;;GUA;Nicaragua;;Alcaldia Mayor de Nicoya;[[:conceptos:alcaldia_mayor|Alcaldia Mayor]] de Nicoya;False
4200;GUA;JUGUNINC;Alcaldia Mayor;Nicoya;Nicoya;1602;exact;1696;ca;;;;;False;;AM;AM;nicoya_jurisdiccion_gua;conceptos:alcaldia_mayor;GUNINCJU;;GUA;Nicaragua;;Alcaldia Mayor de Nicoya;[[:conceptos:alcaldia_mayor|Alcaldia Mayor]] de Nicoya;False
4201;GUA;JUGUNINC;Alcaldia Mayor;Nicoya;Nicoya;1593;exact;1601;exact;;;;;True;PRGUCR00;AM;AM;nicoya_jurisdiccion_gua;conceptos:agregado;GUNINCJU;;GUA;Nicaragua;;Alcaldia Mayor agregada de Nicoya;[[:conceptos:agregado|Alcaldia Mayor agregada]] de Nicoya;False
4202;GUA;JUGUGUSU;Alcaldia Mayor;Suchiltepequez;Zapotitlan y San Antonio de Suchiltepequez;1721;arbitrary;1785;arbitrary;;;;;False;;AM;AM;suchiltepequez_jurisdiccion_gua;conceptos:alcaldia_mayor;GUGUSUJU;gua_guatemala_suchiltepequez;GUA;Guatemala;;Alcaldia Mayor de Suchiltepequez;[[:conceptos:alcaldia_mayor|Alcaldia Mayor]] de Suchiltepequez;False
4203;GUA;JUGUGUSU;Corregimiento;Suchiltepequez;Suchiltepequez;1547;exact;1559;exact;;;;;False;;C;C;suchiltepequez_jurisdiccion_gua;conceptos:corregimiento;GUGUSUJU;;GUA;Guatemala;;Corregimiento de Suchiltepequez;[[:conceptos:corregimiento|Corregimiento]] de Suchiltepequez;False
4204;GUA;JUGUGUQU;Corregimiento;Quetzaltenango;Quetzaltenango;1560;exact;1582;exact;;;;;True;JUGUGUSU;C;C;quetzaltenango_jurisdiccion_gua;conceptos:agregado;GUGUQUJU;gua_guatemala_quetzaltenango;GUA;Guatemala;;Corregimiento agregado de Quetzaltenango;[[:conceptos:agregado|Corregimiento agregado]] de Quetzaltenango;False
4205;GUA;JUGUGUQU;Corregimiento;Quetzaltenango;Quetzaltenango;1547;exact;1559;exact;;;;;False;;C;C;quetzaltenango_jurisdiccion_gua;conceptos:corregimiento;GUGUQUJU;gua_guatemala_quetzaltenango;GUA;Guatemala;;Corregimiento de Quetzaltenango;[[:conceptos:corregimiento|Corregimiento]] de Quetzaltenango;False
4206;GUA;JUGUGUTO;Corregimiento;Totonicapan;Totonicapan;1560;exact;1582;exact;;;;;True;JUGUGUSU;C;C;totonicapan_jurisdiccion_gua;conceptos:agregado;GUGUTOJU;gua_guatemala_quetzaltenango;GUA;Guatemala;;Corregimiento agregado de Totonicapan;[[:conceptos:agregado|Corregimiento agregado]] de Totonicapan;False
4207;GUA;JUGUGUTO;Corregimiento;Totonicapan;Totonicapan;1583;exact;1677;exact;;;;;False;;C;C;totonicapan_jurisdiccion_gua;conceptos:corregimiento;GUGUTOJU;gua_guatemala_totonicapan;GUA;Guatemala;;Corregimiento de Totonicapan;[[:conceptos:corregimiento|Corregimiento]] de Totonicapan;False
4208;GUA;PTGUNIMG;Corregimiento;Matagalpa;Matagalpa;1632;exact;1650;not_before;;;1650;1739;False;;C;C;matagalpa_jurisdiccion_gua;conceptos:corregimiento;GUNIMGPT;gua_nicaragua_sebaco;GUA;Nicaragua;;Corregimiento de Matagalpa;[[:conceptos:corregimiento|Corregimiento]] de Matagalpa;False
4209;GUA;PTGUGUGZ;Corregimiento;Guazacapan;Guazacapan;1592;not_after;1691;not_after;;;;;False;;C;Corr.;guazacapan_partido_gua;conceptos:corregimiento;GUGUGZPT;;GUA;Guatemala;;Corregimiento de Guazacapan;[[:conceptos:corregimiento|Corregimiento]] de Guazacapan;False
4210;GUA;JUGUNIMA;Corregimiento;Monimbo;Monimbo y Masaya;1632;exact;1672;exact;;;;;False;;C;Corr.;masaya_jurisdiccion_gua;conceptos:corregimiento;GUNIMAJU;;GUA;Nicaragua;;Corregimiento de Monimbo;[[:conceptos:corregimiento|Corregimiento]] de Monimbo;False
4211;GUA;PRGUNI00;Gobernacion;Nicaragua;Leon de Nicaragua;1567;exact;1786;exact;;;;;False;;G;Gob.;leon_provincia_gua;conceptos:gobernacion;GUNI00PR;gua_provincia_leon;GUA;Provincia;;Gobernacion de Nicaragua;[[:conceptos:gobernacion|Gobernacion]] de Nicaragua;False
4212;GUA;PRGUNI00;Alcaldia Mayor;Nicaragua;Leon de Nicaragua;1552;exact;1566;exact;;;;;False;;AM;AM;leon_provincia_gua;conceptos:alcaldia_mayor;GUNI00PR;;GUA;Provincia;;Alcaldia Mayor de Nicaragua;[[:conceptos:alcaldia_mayor|Alcaldia Mayor]] de Nicaragua;False
4213;GUA;JUGUNISU;Corregimiento;Quetzalguaque;Quetzalguaque;1583;exact;1672;exact;;;;;False;;C;Corr.;subtiava_jurisdiccion_gua;conceptos:corregimiento;GUNISUJU;;GUA;Nicaragua;;Corregimiento de Quetzalguaque;[[:conceptos:corregimiento|Corregimiento]] de Quetzalguaque;False
4214;GUA;JUGUNISU;Corregimiento*;Subtiava;Subtiava;1673;exact;1725;arbitrary;;;;;False;;C;Corr.;subtiava_jurisdiccion_gua;conceptos:corregimiento;GUNISUJU;;GUA;Nicaragua;;Corregimiento* de Subtiava;[[:conceptos:corregimiento|Corregimiento*]] de Subtiava;False
4215;GUA;JUGUGUSO;Corregimiento;Tecpan Atitlan;Tecpan Atitlan;1547;not_before;1688;exact;;;;;False;;C;Corr.;solola_jurisdiccion_gua;conceptos:corregimiento;GUGUSOJU;;GUA;Guatemala;;Corregimiento de Tecpan Atitlan;[[:conceptos:corregimiento|Corregimiento]] de Tecpan Atitlan;False
4216;GUA;JUGUGUES;Corregimiento;Escuintla;Escuintla;1547;not_before;1691;not_after;;;;;False;;C;Corr.;escuintla_jurisdiccion_gua;conceptos:corregimiento;GUGUESJU;;GUA;Guatemala;;Corregimiento de Escuintla;[[:conceptos:corregimiento|Corregimiento]] de Escuintla;False
4217;GUA;PRGUCR00;Gobernacion;Veragua Real;Veragua Real;1537;exact;1539;exact;;;;;False;;G;Gob.;costa rica_provincia_gua;conceptos:gobernacion;GUCR00PR;;GUA;Provincia;;Gobernacion de Veragua Real;[[:conceptos:gobernacion|Gobernacion]] de Veragua Real;False
4218;NGR;PRNGVE00;Gobernacion;Veragua;Veragua;1508;exact;1536;exact;;;;;False;;G;Gob.;veragua_provincia_ngr;conceptos:gobernacion;NGVE00PR;;NGR;;;Gobernacion de Veragua;[[:conceptos:gobernacion|Gobernacion]] de Veragua;False
4219;GUA;JUGUCYSE;Alcaldia Mayor;Nueva Zaragoza;Minas de San Andres de Nueva Zaragoza;1580;ca;1702;exact;;;;;False;;AM;AM;sensenti_jurisdiccion_gua;conceptos:alcaldia_mayor;GUCYSEJU;;GUA;Comayagua;;Alcaldia Mayor de Nueva Zaragoza;[[:conceptos:alcaldia_mayor|Alcaldia Mayor]] de Nueva Zaragoza;False
4220;GUA;JUGUCYTC;Corregimiento;Tencoa;Tencoa;1569;not_after;1660;ca;;;;;False;;C;Corr.;tencoa_jurisdiccion_gua;conceptos:corregimiento;GUCYTCJU;;GUA;Comayagua;;Corregimiento de Tencoa;[[:conceptos:corregimiento|Corregimiento]] de Tencoa;False
4221;GUA;JUGUCRCH;Corregimiento;Chirripo;Chirripo;1632;exact;1659;exact;;;;;False;;C;Corr.;chirripo_jurisdiccion_gua;conceptos:corregimiento;GUCRCHJU;;GUA;Costa Rica;;Corregimiento de Chirripo;[[:conceptos:corregimiento|Corregimiento]] de Chirripo;False
4222;GUA;JUGUCRPA;Corregimiento;Pacaca;Pacaca;1583;not_after;1659;exact;1576;1583;;;False;;C;Corr.;pacaca_jurisdiccion_gua;conceptos:corregimiento;GUCRPAJU;;GUA;Costa Rica;saenz-carbonell;Corregimiento de Pacaca;[[:conceptos:corregimiento|Corregimiento]] de Pacaca;False
4223;GUA;JUGUCRQU;Corregimiento;Quepo;Quepo;1583;not_after;1659;exact;1576;1583;;;False;;C;Corr.;quepo_jurisdiccion_gua;conceptos:corregimiento;GUCRQUJU;;GUA;Costa Rica;saenz-carbonell;Corregimiento de Quepo;[[:conceptos:corregimiento|Corregimiento]] de Quepo;False
4224;GUA;JUGUCRTR;Corregimiento-Alcaldia Mayor;Turrialba;Turrialba y Puerto de Suerre;1600;ca;1659;exact;;;;;False;;C;C;turrialba_jurisdiccion_gua;conceptos:corregimiento;GUCRTRJU;;GUA;Costa Rica;;Corregimiento-Alcaldia Mayor de Turrialba;[[:conceptos:corregimiento|Corregimiento-Alcaldia Mayor]] de Turrialba;False
4226;GUA;JUGUCRGA;Corregimiento;Chomes;Chomes;1576;exact;1596;not_before;1576;1583;;;False;;C;Corr.;chomes_jurisdiccion_gua;conceptos:corregimiento;GUCRGAJU;;GUA;Costa Rica;saenz-carbonell;Corregimiento de Chomes;[[:conceptos:corregimiento|Corregimiento]] de Chomes;False
4228;SDO;PRSDJA00;Gobernacion;Jamaica;Jamaica;1535;exact;1536;exact;;;;;False;;G;Gob.;jamaica_provincia_sdo;conceptos:gobernacion;SDJA00PR;;SDO;;;Gobernacion de Jamaica;[[:conceptos:gobernacion|Gobernacion]] de Jamaica;False
4229;SDO;PRSDPR00;Gobernacion;Puerto Rico;Puerto Rico;1524;exact;1581;exact;;;;;False;;G;Gob.;puerto rico_provincia_sdo;conceptos:gobernacion;SDPR00PR;;SDO;;;Gobernacion de Puerto Rico;[[:conceptos:gobernacion|Gobernacion]] de Puerto Rico;False
4230;SDO;PRSDPR00;Tenencia de gobierno;Puerto Rico;Puerto Rico;1509;exact;1523;exact;;;;;False;;Ten.;Jur.;puerto rico_provincia_sdo;conceptos:jurisdiccion;SDPR00PR;;SDO;;;Tenencia de gobierno de Puerto Rico;[[:conceptos:jurisdiccion|Tenencia de gobierno]] de Puerto Rico;False
4231;NGR;PRNGCA00;Gobernacion;Nueva Andalucia;Nueva Andalucia;1508;exact;1513;exact;;;;;False;;G;Gob.;cartagena de indias_provincia_ngr;conceptos:gobernacion;NGCA00PR;;NGR;;;Gobernacion de Nueva Andalucia;[[:conceptos:gobernacion|Gobernacion]] de Nueva Andalucia;False
4232;NGR;PRNGAN00;Tenencia de gobierno;Antioquia;Antioquia;1546;exact;1568;exact;;;;;False;;Ten.;Jur.;antioquia_provincia_ngr;conceptos:jurisdiccion;NGAN00PR;;NGR;;;Tenencia de Gobierno de Antioquia;[[:conceptos:jurisdiccion|Tenencia de Gobierno]] de Antioquia;False
4235;VEN;PRVEMC00;Corregimiento;Merida y La Grita;Merida y La Grita;1607;exact;1620;exact;;;;;False;;G;CG;maracaibo_provincia_ven;conceptos:corregimiento;VEMC00PR;ven_provincia_maracaibo;VEN;Provincia;;Corregimiento de Merida y La Grita;[[:conceptos:corregimiento|Corregimiento]] de Merida y La Grita;False
4236;VEN;JUVEMCLG;Corregimiento;La Grita;Espiritu Santo de La Grita;1570;exact;1575;exact;;;;;False;;C;C;la grita_jurisdiccion_ven;conceptos:corregimiento;VEMCLGJU;ven_provincia_maracaibo;VEN;Provincia;;Corregimiento de La Grita;[[:conceptos:corregimiento|Corregimiento]] de La Grita;False
4237;VEN;JUVEMCLG;Gobernacion-Capitania General;La Grita;Espiritu Santo de La Grita;1576;exact;1606;exact;;;;;False;;G;CG;la grita_jurisdiccion_ven;conceptos:gobernacion;VEMCLGJU;ven_provincia_maracaibo;VEN;Provincia;;Gobernacion-Capitania General de La Grita;[[:conceptos:gobernacion|Gobernacion-Capitania General]] de La Grita;False
4238;VEN;JUVEMCME;Jurisdiccion;Merida;Merida;1607;exact;1681;exact;;;;;False;;Jur.;Jur.;merida_jurisdiccion_ven;conceptos:cabecera;VEMCMEJU;;VEN;;;Jurisdiccion cabecera de Merida;[[:conceptos:cabecera|Jurisdiccion cabecera]] de Merida;False
4239;VEN;JUVEMCME;Jurisdiccion;Merida;Merida;1682;exact;1808;hgis;;;;;False;;Jur.;Jur.;merida_jurisdiccion_ven;conceptos:jurisdiccion;VEMCMEJU;ven_maracaibo_merida;VEN;Maracaibo;;Jurisdiccion de Merida;[[:conceptos:jurisdiccion|Jurisdiccion]] de Merida;False
4240;NGR;PRNGCH00;Gobernacion;Rio de San Juan;Rio de San Juan;1537;exact;1539;ca;;;;;False;;G;Gob.;choco_provincia_ngr;conceptos:gobernacion;NGCH00PR;;NGR;;;Gobernacion de Rio de San Juan;[[:conceptos:gobernacion|Gobernacion]] de Rio de San Juan;False
4241;NGR;PRNGCH00;Provincia;Rio de San Juan;Rio de San Juan;1540;ca;1574;ca;;;;;False;;Prov.;Prov.;choco_provincia_ngr;conceptos:provincia;NGCH00PR;;NGR;;;Provincia de Rio de San Juan;[[:conceptos:provincia|Provincia]] de Rio de San Juan;False
4242;NGR;JUNGANAN;Jurisdiccion;Antioquia;Antioquia;1541;exact;1545;exact;;;;;False;;Jur.;Jur.;antioquia_jurisdiccion_ngr;conceptos:jurisdiccion;NGANANJU;;NGR;;;Jurisdiccion de Antioquia;[[:conceptos:jurisdiccion|Jurisdiccion]] de Antioquia;False
4243;NGR;JUNGANZA;Jurisdiccion;Zaragoza;Zaragoza;1581;exact;1712;not_before;;;;;False;;CaG;Part.;zaragoza_jurisdiccion_ngr;conceptos:jurisdiccion;NGANZAJU;ngr_antioquia_zaragoza;NGR;Antioquia;;Jurisdiccion de Zaragoza;[[:conceptos:jurisdiccion|Jurisdiccion]] de Zaragoza;False
4244;NGR;PTNGCAMB;Jurisdiccion;Maria;Villa de Maria;1535;exact;1609;not_after;;;;;False;;Jur.;Jur.;montañas bajas_partido_ngr;conceptos:jurisdiccion;NGCAMBPT;;NGR;;;Jurisdiccion de Maria;[[:conceptos:jurisdiccion|Jurisdiccion]] de Maria;False
4245;NGR;JMNGCASB;Palenque;El Palenque;San Basilio;1111;start;1712;ca;;;;;False;;;;san basilio_jurisdiccion_ngr;conceptos:entidades_atipicas;NGCASBJM;;NGR;;;Palenque de El Palenque;[[:conceptos:entidades_atipicas|Palenque]] de El Palenque;False
4246;NGR;PTNGCATA;Partido;Tierradentro;Tierradentro;1111;start;1680;not_after;;;;;False;;Part.;Part.;tierradentro_partido_ngr;conceptos:corregimiento;NGCATAPT;;NGR;;;Partido de Tierradentro;[[:conceptos:corregimiento|Partido]] de Tierradentro;False
4247;NGR;PTNGCABA;Corregimiento;Turbana;Turbana;1111;start;1758;not_after;;;;;False;;C;Corr.;baru_partido_ngr;conceptos:corregimiento;NGCABAPT;;NGR;;;Corregimiento de Turbana;[[:conceptos:corregimiento|Corregimiento]] de Turbana;False
4248;NGR;PRNGMU00;Corregimiento;Muzo y La Palma;Muzo y La Palma;1588;exact;1597;exact;;;;;False;;C;Corr.;muzo y la palma_provincia_ngr;conceptos:corregimiento;NGMU00PR;;NGR;;;Corregimiento de Muzo y La Palma;[[:conceptos:corregimiento|Corregimiento]] de Muzo y La Palma;False
4249;NGR;PRNGMU00;Gobernacion;Muzo y La Palma;Muzo y La Palma;1575;exact;1587;exact;;;;;False;;G;Gob.;muzo y la palma_provincia_ngr;conceptos:gobernacion;NGMU00PR;;NGR;;;Gobernacion de Muzo y La Palma;[[:conceptos:gobernacion|Gobernacion]] de Muzo y La Palma;False
4250;NGR;JUNGMALP;Jurisdiccion;La Palma;La Palma;1575;exact;1808;hgis;;;;;False;;Jur.;Jur.;la palma_jurisdiccion_ngr;conceptos:jurisdiccion;NGMALPJU;ngr_mariquita_la palma;NGR;Mariquita;;Jurisdiccion de La Palma;[[:conceptos:jurisdiccion|Jurisdiccion]] de La Palma;False
4251;NGR;JUNGTUMU;Jurisdiccion;Muzo;Muzo;1575;exact;1649;exact;;;;;False;;Jur.;Jur.;muzo_jurisdiccion_ngr;conceptos:cabecera;NGTUMUJU;;NGR;;;Jurisdiccion cabecera de Muzo;[[:conceptos:cabecera|Jurisdiccion cabecera]] de Muzo;False
4252;NGR;JUNGTUMU;Jurisdiccion;Muzo;Muzo;1650;exact;1808;hgis;;;;;False;;Jur.;Jur.;muzo_jurisdiccion_ngr;conceptos:jurisdiccion;NGTUMUJU;;NGR;;;Jurisdiccion de Muzo;[[:conceptos:jurisdiccion|Jurisdiccion]] de Muzo;False
4253;NGR;JUNGLLSM;Jurisdiccion;Medina de las Torres;Medina de las Torres;1585;exact;1640;exact;;;;;False;;Jur.;Jur.;san martin_jurisdiccion_ngr;conceptos:jurisdiccion;NGLLSMJU;;NGR;;;Jurisdiccion de Medina de las Torres;[[:conceptos:jurisdiccion|Jurisdiccion]] de Medina de las Torres;False
4254;NGR;PRNGMU00;Gobernacion;Muzo y La Palma;Muzo y La Palma;1598;exact;1649;exact;;;;;False;;G;Gob.;muzo y la palma_provincia_ngr;conceptos:gobernacion;NGMU00PR;;NGR;;;Gobernacion de Muzo y La Palma;[[:conceptos:gobernacion|Gobernacion]] de Muzo y La Palma;False
4255;NGR;JUNGSFCA;Corregimiento;Ubaque;Ubaque;1593;arbitrary;1750;arbitrary;;1628;;;False;;C;Corr.;caqueza_jurisdiccion_ngr;conceptos:corregimiento;NGSFCAJU;;NGR;;;Corregimiento de Ubaque;[[:conceptos:corregimiento|Corregimiento]] de Ubaque;False
4257;NGR;JUNGTUDU;Corregimiento;Cerinza;Cerinza;1593;arbitrary;1635;not_after;;;1627;1635;False;;C;Corr.;duitama_partido_ngr;conceptos:corregimiento;NGTUDUJU;;NGR;;;Corregimiento de Cerinza;[[:conceptos:corregimiento|Corregimiento]] de Cerinza;False
4258;NGR;JUNGTUST;Corregimiento;Soata;Soata;1593;arbitrary;1635;not_after;;1597;1627;1635;False;;C;C;soata_jurisdiccion_ngr;conceptos:corregimiento;NGTUSTJU;ngr_tunja_turmeque;NGR;Tunja;;Corregimiento de Soata;[[:conceptos:corregimiento|Corregimiento]] de Soata;False
4259;NGR;JUNGNECO;Capitania a Guerra;Coyaima y Natagaima;Coyaima y Natagaima;1611;ca;1651;not_after;;;;;False;;CaG;CaG;coyaimas y natagaima_jurisdiccion_ngr;conceptos:capitania_a_guerra;NGNECOJU;;NGR;;;Capitania a Guerra de Coyaima y Natagaima;[[:conceptos:capitania_a_guerra|Capitania a Guerra]] de Coyaima y Natagaima;False
4260;NGR;JUNGNECO;Alcaldia Mayor-Corregimiento-Capitania a Guerra;Coyaima y Natagaima;Coyaima y Natagaima;1652;not_after;1699;not_after;;;;;False;;AM;AM;coyaimas y natagaima_jurisdiccion_ngr;conceptos:alcaldia_mayor;NGNECOJU;;NGR;;;Alcaldia Mayor-Corregimiento-Capitania a Guerra de Coyaima y Natagaima;[[:conceptos:alcaldia_mayor|Alcaldia Mayor-Corregimiento-Capitania a Guerra]] de Coyaima y Natagaima;False
4261;NGR;PRVEMC00;Corregimiento;Pamplona;Pamplona, Merida y San Cristobal;1573;not_after;1579;exact;;;;;False;;C;Corr.;maracaibo_provincia_ven;conceptos:corregimiento;VEMC00PR;;NGR;;;Corregimiento de Pamplona;[[:conceptos:corregimiento|Corregimiento]] de Pamplona;False
4263;NGR;JUNGPOCG;Jurisdiccion;Cartago;Cartago;1700;arbitrary;9999;end;;;;;False;JUNGPOCC;Jur.;Jur.;cartago_partido_ngr;conceptos:cabecera;NGPOCGJU;ngr_popayan_cartago;NGR;Popayan;;Jurisdiccion cabecera de Cartago;[[:conceptos:cabecera|Jurisdiccion cabecera]] de Cartago;True
4264;NGR;JUNGPOAN;Jurisdiccion;Anserma;Anserma;1539;exact;1699;arbitrary;;;;;False;;Jur.;Jur.;anserma_jurisdiccion_ngr;conceptos:jurisdiccion;NGPOANJU;ngr_popayan_anserma;NGR;Popayan;;Jurisdiccion de Anserma;[[:conceptos:jurisdiccion|Jurisdiccion]] de Anserma;False
4265;QUI;JUQUPORA;Provincia;Raposo;Raposo;1111;start;1700;arbitrary;;;;;False;;Prov.;Prov.;raposo_jurisdiccion_qui;conceptos:provincia;QUPORAJU;;QUI;;;Provincia de Raposo;[[:conceptos:provincia|Provincia]] de Raposo;False
4266;QUI;JUQUPOBA;Provincia;Barbacoas;Barbacoas;1111;start;1599;not_before;;;;;False;;Prov.;Prov.;barbacoas_jurisdiccion_qui;conceptos:provincia;QUPOBAJU;;QUI;;;Provincia de Barbacoas;[[:conceptos:provincia|Provincia]] de Barbacoas;False
4267;QUI;JUQUPOPS;Provincia;Los Pastos;Los Pastos;1111;start;1678;not_after;;;;;False;;Prov.;Prov.;los pastos_jurisdiccion_qui;conceptos:provincia;QUPOPSJU;;QUI;;;Provincia de Los Pastos;[[:conceptos:provincia|Provincia]] de Los Pastos;False
4269;QUI;MIQUPOSU;Jurisdiccion;Sucumbios;Sucumbios;1557;exact;1700;arbitrary;;;;;False;;Part.;Part.;sucumbios_misiones_qui;conceptos:jurisdiccion;QUPOSUMI;qui_popayan_sucumbios;QUI;Popayan;;Jurisdiccion de Sucumbios;[[:conceptos:jurisdiccion|Jurisdiccion]] de Sucumbios;False
4270;QUI;JUQUPOPZ;Corregimiento;Paeces;Paeces;1669;not_after;1781;not_after;;;;;False;;C;Corr.;paez_jurisdiccion_qui;conceptos:corregimiento;QUPOPZJU;;QUI;;;Corregimiento de Paeces;[[:conceptos:corregimiento|Corregimiento]] de Paeces;False
4271;QUI;JUQUPOPZ;Corregimiento;Paeces;Paeces;1782;not_after;9999;end;;;;;True;JUQUPOCT;C;Corr.;paez_jurisdiccion_qui;conceptos:corregimiento;QUPOPZJU;;QUI;;;Corregimiento de Paeces;[[:conceptos:corregimiento|Corregimiento]] de Paeces;False
4272;VEN;JUVECACA;Jurisdiccion;Caracas;Caracas;1567;exact;1576;exact;;;;;False;PRVECA00;Jur.;Jur.;caracas_jurisdiccion_ven;conceptos:jurisdiccion;VECACAJU;ven_caracas_caracas;VEN;Caracas;;Jurisdiccion de Caracas;[[:conceptos:jurisdiccion|Jurisdiccion]] de Caracas;True
4273;VEN;JUVECACO;Jurisdiccion;Coro;Coro;1525;exact;1544;exact;;;;;False;;Jur.;Jur.;coro_jurisdiccion_ven;conceptos:cabecera;VECACOJU;;VEN;;;Jurisdiccion cabecera de Coro;[[:conceptos:cabecera|Jurisdiccion cabecera]] de Coro;False
4274;VEN;JUVECATO;Jurisdiccion;Tocuyo;Tocuyo;1545;exact;1576;exact;;;;;False;;Jur.;Jur.;tocuyo_jurisdiccion_ven;conceptos:cabecera;VECATOJU;;VEN;;;Jurisdiccion cabecera de Tocuyo;[[:conceptos:cabecera|Jurisdiccion cabecera]] de Tocuyo;False
4275;VEN;JUVECUCU;Jurisdiccion;Cumana;Cumana;1562;exact;1567;exact;;;;;False;;Jur.;Jur.;cumana_jurisdiccion_ven;conceptos:jurisdiccion;VECUCUJU;;VEN;;;Jurisdiccion de Cumana;[[:conceptos:jurisdiccion|Jurisdiccion]] de Cumana;False
4276;VEN;JUVEMCMC;Jurisdiccion;Maracaibo;Maracaibo;1574;exact;1681;exact;;;;;False;;Jur.;Jur.;maracaibo_jurisdiccion_ven;conceptos:jurisdiccion;VEMCMCJU;;VEN;;;Jurisdiccion de Maracaibo;[[:conceptos:jurisdiccion|Jurisdiccion]] de Maracaibo;False
4277;QUI;PRQUCU00;Tenencia de corregimiento-Jurisdiccion;Cuenca;Cuenca;1557;exact;1579;exact;;;;;False;;Ten.;Jur.;cuenca_provincia_qui;conceptos:jurisdiccion;QUCU00PR;;QUI;;;Tenencia de corregimiento-Jurisdiccion de Cuenca;[[:conceptos:jurisdiccion|Tenencia de corregimiento-Jurisdiccion]] de Cuenca;False
4278;QUI;PRQUES00;Gobernacion;Santiago de Esmeraldas;Santiago de Esmeraldas;1588;ca;1605;not_before;;;;;False;;G;Gob.;esmeraldas_provincia_qui;conceptos:gobernacion;QUES00PR;;QUI;;;Gobernacion de Santiago de Esmeraldas;[[:conceptos:gobernacion|Gobernacion]] de Santiago de Esmeraldas;False
4279;QUI;PRQUES00;Provincia;Esmeraldas;Esmeraldas;1564;ca;1587;exact;;;;;False;;Prov.;Prov.;esmeraldas_provincia_qui;conceptos:provincia;QUES00PR;;QUI;;;Provincia de Esmeraldas;[[:conceptos:provincia|Provincia]] de Esmeraldas;False
4280;QUI;PRQUGQ00;Tenencia de gobierno-Jurisdiccion;Santiago;Santiago;1534;exact;1551;exact;;;;;False;;Ten.;Jur.;guayaquil_provincia_qui;conceptos:jurisdiccion;QUGQ00PR;;QUI;;;Tenencia de gobierno-Jurisdiccion de Santiago;[[:conceptos:jurisdiccion|Tenencia de gobierno-Jurisdiccion]] de Santiago;False
4281;QUI;PRQUJA00;Tenencia de corregimiento;Jaen;Jaen;1549;exact;1581;not_before;;;1581;1597;False;;Ten.;Jur.;jaen_provincia_qui;conceptos:jurisdiccion;QUJA00PR;;QUI;;;Tenencia de corregimiento de Jaen;[[:conceptos:jurisdiccion|Tenencia de corregimiento]] de Jaen;False
4282;QUI;JUQUGQCA;Tenencia de gobierno;Caraquez;Caraquez;1562;exact;1589;exact;;;;;False;;Ten.;Part.;la canoa_jurisdiccion_qui;conceptos:jurisdiccion;QUGQCAJU;;QUI;;;Tenencia de gobierno de Caraquez;[[:conceptos:jurisdiccion|Tenencia de gobierno]] de Caraquez;False
4283;QUI;JUQUGQCA;Provincia;Caraquez;Caraquez;1590;exact;1615;exact;;;;;False;;Prov.;Prov.;la canoa_jurisdiccion_qui;conceptos:agregado;QUGQCAJU;;QUI;;;Provincia de Caraquez;[[:conceptos:agregado|Provincia]] de Caraquez;False
4284;QUI;JUQUGQCA;Alcaldia Mayor;Bodegas de Caraquez;Bodegas de Caraquez;1616;exact;1629;exact;;;;;False;;AM;AM;la canoa_jurisdiccion_qui;conceptos:alcaldia_mayor;QUGQCAJU;;QUI;;;Alcaldia Mayor de Bodegas de Caraquez;[[:conceptos:alcaldia_mayor|Alcaldia Mayor]] de Bodegas de Caraquez;False
4286;QUI;JUQUGQPB;Tenencia de gobierno;Puebloviejo;Puebloviejo;1802;exact;1808;hgis;;;;;False;;Ten.;Part.;puebloviejo_jurisdiccion_qui;conceptos:partido;QUGQPBJU;qui_guayaquil_puebloviejo;QUI;Guayaquil;;Tenencia de gobierno de Puebloviejo;[[:conceptos:partido|Tenencia de gobierno]] de Puebloviejo;False
4287;QUI;JUQUGQPV;Tenencia de gobierno;Puerto Viejo;Puerto Viejo;1535;exact;1551;exct;;;;;False;;Ten.;Jur.;puerto viejo_jurisdiccion_qui;conceptos:jurisdiccion;QUGQPVJU;;QUI;;;Tenencia de gobierno de Puerto Viejo;[[:conceptos:jurisdiccion|Tenencia de gobierno]] de Puerto Viejo;False
4289;QUI;PRQUYA00;Corregimiento;Yaguarzongo;Yaguarzongo;1593;exact;1617;exact;;;;;False;;C;Corr.;yaguarzongo_provincia_qui;conceptos:corregimiento;QUYA00PR;;QUI;;;Corregimiento de Yaguarzongo;[[:conceptos:corregimiento|Corregimiento]] de Yaguarzongo;False
4291;QUI;PTQUYAZA;Tenencia de corregimiento;Zamora;Zamora;1549;exact;1599;arbitrary;;;;;False;;Ten.;Jur.;zamora_partido_qui;conceptos:jurisdiccion;QUYAZAPT;;QUI;;;Tenencia de corregimiento de Zamora;[[:conceptos:jurisdiccion|Tenencia de corregimiento]] de Zamora;False
4292;QUI;JUQULOLO;Tenencia de corregimiento;Loja;Loja;1548;exact;1581;exact;;;;;False;;Ten.;Jur.;loja_jurisdiccion_qui;conceptos:jurisdiccion;QULOLOJU;;QUI;;;Tenencia de corregimiento de Loja;[[:conceptos:jurisdiccion|Tenencia de corregimiento]] de Loja;False
4293;QUI;PTQUPOMO;Jurisdiccion;Mocoa;Mocoa;1651;exact;1690;not_before;;;;;False;;Jur.;Jur.;mocoa_partido_qui;conceptos:jurisdiccion;QUPOMOPT;;QUI;;;Jurisdiccion de Mocoa;[[:conceptos:jurisdiccion|Jurisdiccion]] de Mocoa;False
4295;QUI;JUQULTLT;Tenencia de corregimiento;La Tacunga;La Tacunga;1584;exact;1598;exact;;;;;False;;Ten.;Part.;la tacunga_jurisdiccion_qui;conceptos:jurisdiccion;QULTLTJU;;QUI;;;Tenencia de corregimiento de La Tacunga;[[:conceptos:jurisdiccion|Tenencia de corregimiento]] de La Tacunga;False
4296;QUI;JUQURBRB;Tenencia de corregimiento;Riobamba;Riobamba;1534;exact;1564;not_before;;;;;False;;Ten.;Jur.;riobamba_jurisdiccion_qui;conceptos:jurisdiccion;QURBRBJU;;QUI;;;Tenencia de corregimiento de Riobamba;[[:conceptos:jurisdiccion|Tenencia de corregimiento]] de Riobamba;False
4297;QUI;JUQURBRB;Corregimiento de indios;Riobamba;Riobamba;1565;not_before;1588;exact;;;;;False;;C;C;riobamba_jurisdiccion_qui;conceptos:corregimiento;QURBRBJU;qui_quito_riobamba;QUI;Quito;;Corregimiento de indios de Riobamba;[[:conceptos:corregimiento|Corregimiento de indios]] de Riobamba;False
4298;QUI;JUQUOTOT;Tenencia de corregimiento;Otavalo;Otavalo;1535;exact;1564;not_before;;;;;False;;Ten.;Part.;otavalo_jurisdiccion_qui;conceptos:jurisdiccion;QUOTOTJU;;QUI;;;Tenencia de corregimiento de Otavalo;[[:conceptos:jurisdiccion|Tenencia de corregimiento]] de Otavalo;False
4299;QUI;JUQUCHCH;Tenencia de corregimiento;Chimbo;Chimbo;;;1564;not_before;;;;;False;;Ten.;Part.;chimbo_jurisdiccion_qui;conceptos:jurisdiccion;QUCHCHJU;;QUI;;;Tenencia de corregimiento de Chimbo;[[:conceptos:jurisdiccion|Tenencia de corregimiento]] de Chimbo;False
4301;NES;SENEMV00;Marquesado secuestrado;El Valle;El Valle;1574;exact;1592;exact;;;;;False;;Marq.;Marq.;marquesado del valle_señorio_nes;conceptos:senorio;NEMV00SE;nes_señorio_marquesado del valle;NES;Señorio;commons;Marquesado secuestrado de El Valle;[[:conceptos:senorio|Marquesado secuestrado]] de El Valle;False
4302;NES;SENEMV00;Marquesado;El Valle;El Valle;1593;exact;1706;exact;;;;;False;;Marq.;Marq.;marquesado del valle_señorio_nes;conceptos:senorio;NEMV00SE;nes_señorio_marquesado del valle;NES;Señorio;commons;Marquesado de El Valle;[[:conceptos:senorio|Marquesado]] de El Valle;False
4303;NES;SENEMV00;Marquesado secuestrado;El Valle;El Valle;1707;exact;1725;exact;;;;;False;;Marq.;Marq.;marquesado del valle_señorio_nes;conceptos:senorio;NEMV00SE;nes_señorio_marquesado del valle;NES;Señorio;commons;Marquesado secuestrado de El Valle;[[:conceptos:senorio|Marquesado secuestrado]] de El Valle;False
4304;NES;JUNEMXIT;Corregimiento;Iscateupan;Iscateupan;1534;ca;1670;not_after;;;;;False;;C;Corr.;ixcateopan_jurisdiccion_nes;conceptos:corregimiento;NEMXITJU;;NES;;div-nueva-espana;Corregimiento de Iscateupan;[[:conceptos:corregimiento|Corregimiento]] de Iscateupan;False
4311;NES;JUNEMXZP;Corregimiento;Zacualpan;Zacualpan;1536;exact;1543;not_before;;;1543;1547;False;;C;Corr.;zacualpan_jurisdiccion_nes;conceptos:corregimiento;NEMXZPJU;;NES;;div-nueva-espana;Corregimiento de Zacualpan;[[:conceptos:corregimiento|Corregimiento]] de Zacualpan;False
4312;NES;JUNEMXZP;Corregimiento;Iztapan;Iztapan y Zacualpan;1544;ca;1562;ca;;;;;False;;C;Corr.;zacualpan_jurisdiccion_nes;conceptos:corregimiento;NEMXZPJU;;NES;;div-nueva-espana;Corregimiento de Iztapan;[[:conceptos:corregimiento|Corregimiento]] de Iztapan;False
4313;NES;JUNEMXZP;Alcaldia Mayor;Zacualpan;Minas de Zacualpan;1563;ca;1670;ca;;;;;False;;AM;AM;zacualpan_jurisdiccion_nes;conceptos:alcaldia_mayor;NEMXZPJU;;NES;;div-nueva-espana;Alcaldia Mayor de Zacualpan;[[:conceptos:alcaldia_mayor|Alcaldia Mayor]] de Zacualpan;False
4314;NES;JUNEMXMI;Corregimiento;Mizquiaguala;Mizquiaguala;1561;arbitrary;1689;ca;;;;;False;;C;C;misquiaguala_jurisdiccion_nes;conceptos:corregimiento;NEMXMIJU;;NES;;div-nueva-espana;Corregimiento de Mizquiaguala;[[:conceptos:corregimiento|Corregimiento]] de Mizquiaguala;False
4315;NES;JUNEMXOT;Corregimiento;Otumba;Otumba;1531;exact;1635;ca;;;;;False;;C;Corr.;otumba_jurisdiccion_nes;conceptos:corregimiento;NEMXOTJU;;NES;;div-nueva-espana;Corregimiento de Otumba;[[:conceptos:corregimiento|Corregimiento]] de Otumba;False
4318;NES;JUNEVCOR;Corregimiento;Tequila;Tequila;1531;not_before;1574;ca;1531;1539;;;False;;C;Corr.;orizaba_jurisdiccion_nes;conceptos:corregimiento;NEVCORJU;;NES;;div-nueva-espana;Corregimiento de Tequila;[[:conceptos:corregimiento|Corregimiento]] de Tequila;False
4319;NES;JUNEVCOR;Corregimiento;Orizaba;Tequila y Orizaba;1575;ca;1639;ca;;;1637;1639;False;;C;Corr.;orizaba_jurisdiccion_nes;conceptos:corregimiento;NEVCORJU;;NES;;div-nueva-espana;Corregimiento de Orizaba;[[:conceptos:corregimiento|Corregimiento]] de Orizaba;False
4320;NES;JCNEMXOS;Corregimiento;Ostotipac;Ostotipac;1545;exact;1555;ca;;;;;False;;C;Corr.;ostotipac_jurisdiccion_nes;conceptos:corregimiento;NEMXOSJC;;NES;;div-nueva-espana;Corregimiento de Ostotipac;[[:conceptos:corregimiento|Corregimiento]] de Ostotipac;False
4321;NES;JUNEMXPA;Alcaldia Mayor-Corregimiento;Pachuca;Pachuca y Tesayuca;1552;ca;1599;arbitrary;;;;;False;;AM;AM;pachuca_jurisdiccion_nes;conceptos:alcaldia_mayor;NEMXPAJU;;NES;;div-nueva-espana;Alcaldia Mayor-Corregimiento de Pachuca;[[:conceptos:alcaldia_mayor|Alcaldia Mayor-Corregimiento]] de Pachuca;False
4322;NES;JUNEMXPA;Corregimiento;Tizayuca y Zapotlan;Tizayuca y Zapotlan;1531;exact;1551;ca;;;;;False;;C;Corr.;pachuca_jurisdiccion_nes;conceptos:corregimiento;NEMXPAJU;;NES;;div-nueva-espana;Corregimiento de Tizayuca y Zapotlan;[[:conceptos:corregimiento|Corregimiento]] de Tizayuca y Zapotlan;False
4323;NES;JUNEPUAH;Corregimiento;Aguatlan;Aguatlan y Zoyatitlanapa;1532;exact;1680;ca;;;;;False;;C;C;ahuatlan_jurisdiccion_nes;conceptos:corregimiento;NEPUAHJU;nes_guanajuato_yurirapundaro;NES;Guanajuato;div-nueva-espana;Corregimiento de Aguatlan;[[:conceptos:corregimiento|Corregimiento]] de Aguatlan;False
4324;NES;JUNESLVA;Jurisdiccion;Valles;Santiago de Valles;1533;exact;1578;ca;;;;;False;;Jur.;Jur.;valles_jurisdiccion_nes;conceptos:jurisdiccion;NESLVAJU;;NES;;div-nueva-espana;Jurisdiccion de Valles;[[:conceptos:jurisdiccion|Jurisdiccion]] de Valles;False
4325;NES;JUNESLVA;Alcaldia Mayor;Valles;Santiago de Valles;1579;ca;1694;ca;;;;;False;;AM;AM;valles_jurisdiccion_nes;conceptos:alcaldia_mayor;NESLVAJU;;NES;;div-nueva-espana;Alcaldia Mayor de Valles;[[:conceptos:alcaldia_mayor|Alcaldia Mayor]] de Valles;False
4326;NES;JUNEOAVA;Alcaldia Mayor;Zapotecas;Zapotecas;1529;exact;1599;arbitrary;;;;;False;;AM;AM;villa alta_jurisdiccion_nes;conceptos:alcaldia_mayor;NEOAVAJU;;NES;;div-nueva-espana;Alcaldia Mayor de Zapotecas;[[:conceptos:alcaldia_mayor|Alcaldia Mayor]] de Zapotecas;False
4327;NES;JUNEOAVA;Jurisdiccion;Villa Alta;Villa Alta;1527;exact;1528;exact;;;;;False;;Jur.;Jur.;villa alta_jurisdiccion_nes;conceptos:jurisdiccion;NEOAVAJU;;NES;;div-nueva-espana;Jurisdiccion de Villa Alta;[[:conceptos:jurisdiccion|Jurisdiccion]] de Villa Alta;False
4328;NES;JCNEVCPA;Corregimiento;Tlapacoya;Tlapacoya;1534;exact;1550;not_before;;;;;False;;C;Corr.;tlapacoya_jurisdiccion_nes;conceptos:corregimiento;NEVCPAJC;;NES;;div-nueva-espana;Corregimiento de Tlapacoya;[[:conceptos:corregimiento|Corregimiento]] de Tlapacoya;False
4329;NES;JUNEVCXA;Corregimiento;Chapultepec y Maltrata;Chapultepec y Maltrata;1531;not_before;1557;ca;1531;1539;;;False;;C;Corr.;xalapa_jurisdiccion_nes;conceptos:corregimiento;NEVCXAJU;;NES;;div-nueva-espana;Corregimiento de Chapultepec y Maltrata;[[:conceptos:corregimiento|Corregimiento]] de Chapultepec y Maltrata;False
4330;NES;JUNEVCXA;Alcaldia Mayor;Xalapa;Xalapa;1558;exact;1679;ca;;;;;False;;AM;AM;xalapa_jurisdiccion_nes;conceptos:alcaldia_mayor;NEVCXAJU;;NES;;div-nueva-espana;Alcaldia Mayor de Xalapa;[[:conceptos:alcaldia_mayor|Alcaldia Mayor]] de Xalapa;False
4331;NES;JUNEVCJA;Corregimiento;Jalacingo;Jalacingo;1535;exact;1620;not_after;;;1611;1620;False;;C;Corr.;jalacingo_jurisdiccion_nes;conceptos:corregimiento;NEVCJAJU;;NES;;div-nueva-espana;Corregimiento de Jalacingo;[[:conceptos:corregimiento|Corregimiento]] de Jalacingo;False
4332;NES;JUNEVCJA;Alcaldia Mayor;Jalacingo;Jalacingo;1621;not_after;1679;ca;1612;1621;1678;1696;False;;AM;AM;jalacingo_jurisdiccion_nes;conceptos:alcaldia_mayor;NEVCJAJU;;NES;;div-nueva-espana;Alcaldia Mayor de Jalacingo;[[:conceptos:alcaldia_mayor|Alcaldia Mayor]] de Jalacingo;False
4333;NES;JUNEOAJI;Corregimiento;Jicayan;Jicayan;1544;exact;1581;exact;;;;;False;;C;Corr.;jicayan_jurisdiccion_nes;conceptos:corregimiento;NEOAJIJU;;NES;;div-nueva-espana;Corregimiento de Jicayan;[[:conceptos:corregimiento|Corregimiento]] de Jicayan;False
4334;NES;JUNEOAJI;Alcaldia Mayor;Jicayan;Jicayan y Tututepec;1582;exact;1599;arbitrary;;;;;False;;AM;AM;jicayan_jurisdiccion_nes;conceptos:alcaldia_mayor;NEOAJIJU;;NES;;div-nueva-espana;Alcaldia Mayor de Jicayan;[[:conceptos:alcaldia_mayor|Alcaldia Mayor]] de Jicayan;False
4336;NES;JUNEPUTJ;Corregimiento;Iztepeque;Yztepeque, Juanotla, Quezalcoal y Citusco;1533;exact;1543;ca;;;;;False;;C;Corr.;tetela y jonotla_jurisdiccion_nes;conceptos:corregimiento;NEPUTJJU;;NES;;div-nueva-espana;Corregimiento de Iztepeque;[[:conceptos:corregimiento|Corregimiento]] de Iztepeque;False
4337;NES;JUNEPUTJ;Corregimiento;Xonotla y Tetela;Xonotla y Tetela;1544;ca;1659;ca;;;;;False;;C;Corr.;tetela y jonotla_jurisdiccion_nes;conceptos:corregimiento;NEPUTJJU;;NES;;div-nueva-espana;Corregimiento de Xonotla y Tetela;[[:conceptos:corregimiento|Corregimiento]] de Xonotla y Tetela;False
4339;NES;JUNEPUZM;Corregimiento;Hueytlalpan;Teutalpa e Iztepec;1531;exact;1532;exact;;;;;False;;C;Corr.;zacatlan de las manzanas_jurisdiccion_nes;conceptos:corregimiento;NEPUZMJU;;NES;;div-nueva-espana;Corregimiento de Hueytlalpan;[[:conceptos:corregimiento|Corregimiento]] de Hueytlalpan;False
4340;NES;JUNEPUZM;Corregimiento;Hueytlalpan;Hueytlalpan;1533;exact;1555;exact;;;;;False;;C;Corr.;zacatlan de las manzanas_jurisdiccion_nes;conceptos:corregimiento;NEPUZMJU;;NES;;div-nueva-espana;Corregimiento de Hueytlalpan;[[:conceptos:corregimiento|Corregimiento]] de Hueytlalpan;False
4341;NES;JUNEPUZM;Alcaldia Mayor;Hueytlalpan;Hueytlalpan;1556;exact;1618;not_after;;;;;False;;AM;AM;zacatlan de las manzanas_jurisdiccion_nes;conceptos:alcaldia_mayor;NEPUZMJU;;NES;;div-nueva-espana;Alcaldia Mayor de Hueytlalpan;[[:conceptos:alcaldia_mayor|Alcaldia Mayor]] de Hueytlalpan;False
4342;NES;JUNEPUZM;Alcaldia Mayor;Zacatlan;Zacatlan de las Manzanas;1619;not_after;1732;ca;;;;;False;;AM;AM;zacatlan de las manzanas_jurisdiccion_nes;conceptos:alcaldia_mayor;NEPUZMJU;;NES;;div-nueva-espana;Alcaldia Mayor de Zacatlan;[[:conceptos:alcaldia_mayor|Alcaldia Mayor]] de Zacatlan;False
4343;NES;JUNEMIZA;Alcaldia Mayor;Zamora;Zamora;1574;exact;1691;ca;;;;;False;;AM;AM;zamora y jacona_jurisdiccion_nes;conceptos:alcaldia_mayor;NEMIZAJU;;NES;;div-nueva-espana;Alcaldia Mayor de Zamora;[[:conceptos:alcaldia_mayor|Alcaldia Mayor]] de Zamora;False
4344;NES;JUNEMIZA;Corregimiento;Jacona;Jacona;1544;exact;1573;exact;;;;;False;;C;Corr.;zamora y jacona_jurisdiccion_nes;conceptos:corregimiento;NEMIZAJU;;NES;;div-nueva-espana;Corregimiento de Jacona;[[:conceptos:corregimiento|Corregimiento]] de Jacona;False
4345;NES;JUNEMXZM;Corregimiento;Citlaltepeque;Citlaltepeque, Tequisquiapa y Xilocingo;1561;not_before;1626;not_after;1561;1569;1610;1627;False;;C;Corr.;zumpango_jurisdiccion_nes;conceptos:corregimiento;NEMXZMJU;;NES;;div-nueva-espana;Corregimiento de Citlaltepeque;[[:conceptos:corregimiento|Corregimiento]] de Citlaltepeque;False
4346;NES;JUNEMXZM;Corregimiento;Xilocingo;Xilocingo, Tlaltepec y Texisquiac;1627;not_after;1690;arbitrary;1611;1628;;;False;;C;Corr.;zumpango_jurisdiccion_nes;conceptos:corregimiento;NEMXZMJU;;NES;;div-nueva-espana;Corregimiento de Xilocingo;[[:conceptos:corregimiento|Corregimiento]] de Xilocingo;False
4347;NES;JUNEMXTC;Alcaldia Mayor;Tenayuca;Tenayuca y Coyoacan;1573;exact;1594;ca;;;;;False;;AM;AM;tacuba_jurisdiccion_nes;conceptos:alcaldia_mayor;NEMXTCJU;;NES;;div-nueva-espana;Alcaldia Mayor de Tenayuca;[[:conceptos:alcaldia_mayor|Alcaldia Mayor]] de Tenayuca;False
4348;NES;JUNEMXTG;Corregimiento;Singuiluca;Singuiluca;1557;not_after;1574;exact;;;;;False;;C;Corr.;tulancingo_jurisdiccion_nes;conceptos:corregimiento;NEMXTGJU;;NES;;div-nueva-espana;Corregimiento de Singuiluca;[[:conceptos:corregimiento|Corregimiento]] de Singuiluca;False
4349;NES;JUNEMXTY;Corregimiento;Totolapa;Totolapa;1532;exact;1537;exact;;;;;False;;C;Corr.;tlayacapa_jurisdiccion_nes;conceptos:corregimiento;NEMXTYJU;;NES;;div-nueva-espana;Corregimiento de Totolapa;[[:conceptos:corregimiento|Corregimiento]] de Totolapa;False
4350;NES;JUNEMXTY;Corregimiento;Totolapa;Totolapa y Tlayacapa;1545;exact;1653;not_after;;;;;False;;C;Corr.;tlayacapa_jurisdiccion_nes;conceptos:corregimiento;NEMXTYJU;;NES;;div-nueva-espana;Corregimiento de Totolapa;[[:conceptos:corregimiento|Corregimiento]] de Totolapa;False
4351;NES;JUNEMXTY;Corregimiento-Alcaldia Mayor;Tlayacapa;Totolapa y Tlayacapa;1654;not_after;1670;not_after;;;;;False;;AM;AM;tlayacapa_jurisdiccion_nes;conceptos:alcaldia_mayor;NEMXTYJU;;NES;;div-nueva-espana;Corregimiento-Alcaldia Mayor de Tlayacapa;[[:conceptos:alcaldia_mayor|Corregimiento-Alcaldia Mayor]] de Tlayacapa;False
4352;NES;JUNEMIJT;Corregimiento;Jaso y Teremendo;Jaso y Teremendo;1532;exact;1688;ca;;;;;False;;C;C;jaso y teremendo_jurisdiccion_nes;conceptos:corregimiento;NEMIJTJU;;NES;;div-nueva-espana;Corregimiento de Jaso y Teremendo;[[:conceptos:corregimiento|Corregimiento]] de Jaso y Teremendo;False
4353;NES;JUNEMITI;Corregimiento;Tiripetio;Tiripetio;1551;not_after;1599;ca;1546;1550;;;False;;Part.;Part.;tiripetio_jurisdiccion_nes;conceptos:corregimiento;NEMITIJU;nes_michoacan_tiripetio;NES;Michoacan;div-nueva-espana;Corregimiento de Tiripetio;[[:conceptos:corregimiento|Corregimiento]] de Tiripetio;False
4355;NES;JUNEMIZP;Corregimiento;Ucareo;Ucareo;1536;exact;1537;exact;;;;;False;;C;Corr.;zinapecuaro_jurisdiccion_nes;conceptos:corregimiento;NEMIZPJU;;NES;;div-nueva-espana;Corregimiento de Ucareo;[[:conceptos:corregimiento|Corregimiento]] de Ucareo;False
4356;NES;JUNEMITZ;Corregimiento;Tlazazalca;Tlazazalca;1534;exact;1599;ca;;;;;False;;C;Corr.;tlazazalca_jurisdiccion_nes;conceptos:corregimiento;NEMITZJU;;NES;;div-nueva-espana;Corregimiento de Tlazazalca;[[:conceptos:corregimiento|Corregimiento]] de Tlazazalca;False
4357;NES;JCNEMICP;Corregimiento;Capula;Capula;1534;ca;1599;ca;;;;;False;;C;Corr.;capula_jurisdiccion_nes;conceptos:corregimiento;NEMICPJC;;NES;;div-nueva-espana;Corregimiento de Capula;[[:conceptos:corregimiento|Corregimiento]] de Capula;False
4358;NES;JUNEMIHQ;Corregimiento;Huaniqueo;Huaniqueo;1534;ca;1537;ca;;;;;False;;C;Corr.;huaniqueo_jurisdiccion_nes;conceptos:corregimiento;NEMIHQJU;;NES;;div-nueva-espana;Corregimiento de Huaniqueo;[[:conceptos:corregimiento|Corregimiento]] de Huaniqueo;False
4359;NES;JUNEMIHQ;Corregimiento;Huaniqueo;Huaniqueo;1545;ca;1599;ca;;;;;False;;C;Corr.;huaniqueo_jurisdiccion_nes;conceptos:corregimiento;NEMIHQJU;;NES;;div-nueva-espana;Corregimiento de Huaniqueo;[[:conceptos:corregimiento|Corregimiento]] de Huaniqueo;False
4360;NES;JCNEMINE;Corregimiento;Necotlan;Necotlan;1545;ca;1599;ca;;;;;False;;C;Corr.;necotlan_jurisdiccion_nes;conceptos:corregimiento;NEMINEJC;;NES;;div-nueva-espana;Corregimiento de Necotlan;[[:conceptos:corregimiento|Corregimiento]] de Necotlan;False
4361;NES;JCNEMIZZ;Corregimiento;Tzintzuntzan;Tzintzuntzan;1595;ca;1599;ca;;;;;False;;C;Corr.;tzintzuntzan_jurisdiccion_nes;conceptos:corregimiento;NEMIZZJC;;NES;;div-nueva-espana;Corregimiento de Tzintzuntzan;[[:conceptos:corregimiento|Corregimiento]] de Tzintzuntzan;False
4362;NES;JCNEMICH;Corregimiento;Chocandiro;Chocandiro;1597;ca;1599;ca;;;;;False;;C;Corr.;chocandiro_jurisdiccion_nes;conceptos:corregimiento;NEMICHJC;;NES;;div-nueva-espana;Corregimiento de Chocandiro;[[:conceptos:corregimiento|Corregimiento]] de Chocandiro;False
4364;NES;JUNEMXMI;Corregimiento;Atengo;Atengo;1531;ca;1560;arbitrary;1531;1532;;;False;;C;C;misquiaguala_jurisdiccion_nes;conceptos:corregimiento;NEMXMIJU;;NES;;div-nueva-espana;Corregimiento de Atengo;[[:conceptos:corregimiento|Corregimiento]] de Atengo;False
4368;NES;JCNEOAZO;Corregimiento;Zoyaltepec;Zoyaltepec y Zoyatlan;1560;not_after;1599;ca;1546;1560;;;False;;C;Corr.;zoyaltepec_jurisdiccion_nes;conceptos:corregimiento;NEOAZOJC;;NES;;div-nueva-espana;Corregimiento de Zoyaltepec;[[:conceptos:corregimiento|Corregimiento]] de Zoyaltepec;False
4369;NES;JCNEOAAM;Corregimiento;Amoltepec;Amoltepec;1545;exact;1579;not_after;;;1571;1579;False;;C;Corr.;amoltepec_jurisdiccion_nes;conceptos:corregimiento;NEOAAMJC;;NES;;div-nueva-espana;Corregimiento de Amoltepec;[[:conceptos:corregimiento|Corregimiento]] de Amoltepec;False
4370;NES;JCNEOAGU;Corregimiento;Guautla;Guautla;1563;ca;1599;ca;;;;;False;;C;Corr.;guautla_jurisdiccion_nes;conceptos:corregimiento;NEOAGUJC;;NES;;div-nueva-espana;Corregimiento de Guautla;[[:conceptos:corregimiento|Corregimiento]] de Guautla;False
4371;NES;JUNEOATV;Corregimiento;Macuilsuchil;Macuilsuchil y Teotitlan;1531;exact;1679;ca;;;;;False;;C;Corr.;teotitlan del valle_jurisdiccion_nes;conceptos:corregimiento;NEOATVJU;;NES;;div-nueva-espana;Corregimiento de Macuilsuchil;[[:conceptos:corregimiento|Corregimiento]] de Macuilsuchil;False
4372;NES;JCNEOAPC;Corregimiento;Puctla;Puctla;1569;not_after;1579;not_before;;;;;False;;C;Corr.;puctla_jurisdiccion_nes;conceptos:corregimiento;NEOAPCJC;;NES;;div-nueva-espana;Corregimiento de Puctla;[[:conceptos:corregimiento|Corregimiento]] de Puctla;False
4374;NES;JCNEVCTL;Corregimiento;Tlacotalpa;Tlacotalpa;1541;exact;1569;ca;;;;;False;;C;Corr.;tlacotalpa_jurisdiccion_nes;conceptos:corregimiento;NEVCTLJC;;NES;;div-nueva-espana;Corregimiento de Tlacotalpa;[[:conceptos:corregimiento|Corregimiento]] de Tlacotalpa;False
4375;NES;JCNEVCTL;Alcaldia Mayor;Tlacotalpa;Tlacotalpa y Tuxtla;1570;ca;1594;ca;;;;;False;;AM;AM;tlacotalpa_jurisdiccion_nes;conceptos:alcaldia_mayor;NEVCTLJC;;NES;;div-nueva-espana;Alcaldia Mayor de Tlacotalpa;[[:conceptos:alcaldia_mayor|Alcaldia Mayor]] de Tlacotalpa;False
4376;NES;JCNEVCTL;Alcaldia Mayor;Tlacotalpa;Tlacotalpa;1595;exact;1610;not_before;;;;;False;;AM;AM;tlacotalpa_jurisdiccion_nes;conceptos:alcaldia_mayor;NEVCTLJC;;NES;;div-nueva-espana;Alcaldia Mayor de Tlacotalpa;[[:conceptos:alcaldia_mayor|Alcaldia Mayor]] de Tlacotalpa;False
4377;NES;JUNEMXIH;Alcaldia Mayor;Valle de Matalcingo;Valle de Matalcingo;1542;exact;1554;exact;;;;;False;;AM;AM;ixtlahuaca_jurisdiccion_nes;conceptos:alcaldia_mayor;NEMXIHJU;;NES;;div-nueva-espana;Alcaldia Mayor de Valle de Matalcingo;[[:conceptos:alcaldia_mayor|Alcaldia Mayor]] de Valle de Matalcingo;False
4378;NES;JUNEMXTO;Tenencia de Alcaldia Mayor;Toluca;Toluca;1542;exact;1554;exact;;;;;False;;Ten.;Jur.;toluca_jurisdiccion_nes;conceptos:jurisdiccion;NEMXTOJU;;NES;;div-nueva-espana;Tenencia de Alcaldia Mayor de Toluca;[[:conceptos:jurisdiccion|Tenencia de Alcaldia Mayor]] de Toluca;False
4379;NES;JUNEMXTO;Corregimiento;Toluca;Toluca;1597;exact;1678;ca;;;;;False;;C;C;toluca_jurisdiccion_nes;conceptos:corregimiento;NEMXTOJU;nes_mexico_toluca;NES;Mexico;div-nueva-espana;Corregimiento de Toluca;[[:conceptos:corregimiento|Corregimiento]] de Toluca;False
4380;NES;JUNEMXTO;Alcaldia Mayor;Toluca;Toluca;1592;exact;1596;exact;;;1706;1713;False;;AM;AM;toluca_jurisdiccion_nes;conceptos:alcaldia_mayor;NEMXTOJU;;NES;;div-nueva-espana;Alcaldia Mayor de Toluca;[[:conceptos:alcaldia_mayor|Alcaldia Mayor]] de Toluca;False
4381;NES;JCNEZPGU;Corregimiento;Guaticamones;Guaticamones;1531;ca;1599;ca;;;;;False;;C;Corr.;guaticamones_jurisdiccion_nes;conceptos:corregimiento;NEZPGUJC;;NES;;div-nueva-espana;Corregimiento de Guaticamones;[[:conceptos:corregimiento|Corregimiento]] de Guaticamones;False
4382;NES;JCNEZPHH;Corregimiento;Hueycatepec;Hueycatepec y La Hoya;1531;ca;1599;ca;;;;;False;;C;Corr.;hueycatepec y la hoya_jurisdiccion_nes;conceptos:corregimiento;NEZPHHJC;;NES;;div-nueva-espana;Corregimiento de Hueycatepec;[[:conceptos:corregimiento|Corregimiento]] de Hueycatepec;False
4383;NES;JCNEZPIX;Corregimiento;Ixcuintepec;Ixcuintepec y Xuquila;1531;ca;1599;ca;;;;;False;;C;Corr.;ixcuintepec y xuquila_jurisdiccion_nes;conceptos:corregimiento;NEZPIXJC;;NES;;div-nueva-espana;Corregimiento de Ixcuintepec;[[:conceptos:corregimiento|Corregimiento]] de Ixcuintepec;False
4384;NES;JCNEZPLA;Corregimiento;Lalana;Lalana;1531;ca;1599;ca;;;;;False;;C;Corr.;lalana_jurisdiccion_nes;conceptos:corregimiento;NEZPLAJC;;NES;;div-nueva-espana;Corregimiento de Lalana;[[:conceptos:corregimiento|Corregimiento]] de Lalana;False
4385;NES;JCNEZPME;Corregimiento;Metepec;Metepec y Alotepec;1531;ca;1599;ca;;;;;False;;C;Corr.;metepec y alotepec_jurisdiccion_nes;conceptos:corregimiento;NEZPMEJC;;NES;;div-nueva-espana;Corregimiento de Metepec;[[:conceptos:corregimiento|Corregimiento]] de Metepec;False
4386;NES;JCNEZPNE;Corregimiento;Nestepec;Nestepec y Teotalcingo;1531;ca;1599;ca;;;;;False;;C;Corr.;nestepec y teotalcingo_jurisdiccion_nes;conceptos:corregimiento;NEZPNEJC;;NES;;div-nueva-espana;Corregimiento de Nestepec;[[:conceptos:corregimiento|Corregimiento]] de Nestepec;False
4387;NES;JCNEZPQU;Corregimiento;Quezalapa;Quezalapa;1531;ca;1599;ca;;;;;False;;C;Corr.;quezalapa_jurisdiccion_nes;conceptos:corregimiento;NEZPQUJC;;NES;;div-nueva-espana;Corregimiento de Quezalapa;[[:conceptos:corregimiento|Corregimiento]] de Quezalapa;False
4388;NES;JCNEZPNA;Corregimiento;Nanacatepec;Nanacatepec;1531;ca;1599;ca;;;;;False;;C;Corr.;nanacatepec_jurisdiccion_nes;conceptos:corregimiento;NEZPNAJC;;NES;;div-nueva-espana;Corregimiento de Nanacatepec;[[:conceptos:corregimiento|Corregimiento]] de Nanacatepec;False
4389;NES;JCNEZPXA;Corregimiento;Xaltepec;Xaltepec y Yacoche;1531;ca;1599;ca;;;;;False;;C;Corr.;xaltepec y yacoche_jurisdiccion_nes;conceptos:corregimiento;NEZPXAJC;;NES;;div-nueva-espana;Corregimiento de Xaltepec;[[:conceptos:corregimiento|Corregimiento]] de Xaltepec;False
4390;NES;JCNEZPTI;Corregimiento;Tiltepec;Tiltepec y Yagavila;1531;ca;1599;ca;;;;;False;;C;Corr.;tiltepec y yagavila_jurisdiccion_nes;conceptos:corregimiento;NEZPTIJC;;NES;;div-nueva-espana;Corregimiento de Tiltepec;[[:conceptos:corregimiento|Corregimiento]] de Tiltepec;False
4391;NES;JCNEZPTL;Corregimiento;Tlahuitoltepec;Tlahuitoltepec y Huitepec;1531;ca;1599;ca;;;;;False;;C;Corr.;tlahuitoltepec y huitepec_jurisdiccion_nes;conceptos:corregimiento;NEZPTLJC;;NES;;div-nueva-espana;Corregimiento de Tlahuitoltepec;[[:conceptos:corregimiento|Corregimiento]] de Tlahuitoltepec;False
4392;NES;JCNEZTAX;Corregimiento;Axalo;Axalo;1578;exact;1599;ca;;;;;False;;C;Corr.;axalo_jurisdiccion_nes;conceptos:corregimiento;NEZTAXJC;;NES;;div-nueva-espana;Corregimiento de Axalo;[[:conceptos:corregimiento|Corregimiento]] de Axalo;False
4393;NES;JCNEZTAY;Corregimiento;Ayutla;Ayutla;1534;exact;1599;ca;;;;;False;;C;Corr.;ayutla_jurisdiccion_nes;conceptos:corregimiento;NEZTAYJC;;NES;;div-nueva-espana;Corregimiento de Ayutla;[[:conceptos:corregimiento|Corregimiento]] de Ayutla;False
4394;NES;JCNEZTCA;Corregimiento;Cacalutla;Cacalutla;1534;exact;1579;not_after;;;;;False;;C;Corr.;cacalutla_jurisdiccion_nes;conceptos:corregimiento;NEZTCAJC;;NES;;div-nueva-espana;Corregimiento de Cacalutla;[[:conceptos:corregimiento|Corregimiento]] de Cacalutla;False
4395;NES;JCNEZTCY;Corregimiento;Cayaco;Cayaco;1575;ca;1599;ca;;;;;False;;C;Corr.;cayaco_jurisdiccion_nes;conceptos:corregimiento;NEZTCYJC;;NES;;div-nueva-espana;Corregimiento de Cayaco;[[:conceptos:corregimiento|Corregimiento]] de Cayaco;False
4396;NES;JCNEZTCG;Corregimiento;Ciguatanejo;Ciguatanejo;1545;exact;1579;not_after;;;;;False;;C;Corr.;ciguatanejo_jurisdiccion_nes;conceptos:corregimiento;NEZTCGJC;;NES;;div-nueva-espana;Corregimiento de Ciguatanejo;[[:conceptos:corregimiento|Corregimiento]] de Ciguatanejo;False
4397;NES;JCNEZTCT;Corregimiento;Ciguatlan;Ciguatlan y Tameluacan;1560;ca;1579;not_after;;;;;False;;C;Corr.;ciguatlan y tameluacan_jurisdiccion_nes;conceptos:corregimiento;NEZTCTJC;;NES;;div-nueva-espana;Corregimiento de Ciguatlan;[[:conceptos:corregimiento|Corregimiento]] de Ciguatlan;False
4398;NES;JCNEZTCM;Corregimiento;Ciutla;Ciutla y Metlapan;1560;ca;1579;not_after;;;;;False;;C;Corr.;ciutla y metlapan_jurisdiccion_nes;conceptos:corregimiento;NEZTCMJC;;NES;;div-nueva-espana;Corregimiento de Ciutla;[[:conceptos:corregimiento|Corregimiento]] de Ciutla;False
4399;NES;JCNEZTCO;Corregimiento;Coyuca;Coyuca;1534;exact;1579;not_after;;;;;False;;C;Corr.;coyuca_jurisdiccion_nes;conceptos:corregimiento;NEZTCOJC;;NES;;div-nueva-espana;Corregimiento de Coyuca;[[:conceptos:corregimiento|Corregimiento]] de Coyuca;False
4400;NES;JCNEZTCU;Corregimiento;Cuacuatlan;Cuacuatlan;1544;ca;1599;ca;;;;;False;;C;Corr.;cuacuatlan_jurisdiccion_nes;conceptos:corregimiento;NEZTCUJC;;NES;;div-nueva-espana;Corregimiento de Cuacuatlan;[[:conceptos:corregimiento|Corregimiento]] de Cuacuatlan;False
4401;NES;JCNEZTME;Corregimiento;Mechia;Mechia;1550;ca;1599;ca;;;;;False;;C;Corr.;mechia_jurisdiccion_nes;conceptos:corregimiento;NEZTMEJC;;NES;;div-nueva-espana;Corregimiento de Mechia;[[:conceptos:corregimiento|Corregimiento]] de Mechia;False
4402;NES;JCNEZTMX;Corregimiento;Mexcaluacan;Mexcaluacan;1545;ca;1579;not_after;;;;;False;;C;Corr.;mexcaluacan_jurisdiccion_nes;conceptos:corregimiento;NEZTMXJC;;NES;;div-nueva-espana;Corregimiento de Mexcaluacan;[[:conceptos:corregimiento|Corregimiento]] de Mexcaluacan;False
4403;NES;JCNEZTNE;Corregimiento;Nexpa;Nexpa;1538;exact;1579;not_after;;;;;False;;C;Corr.;nexpa_jurisdiccion_nes;conceptos:corregimiento;NEZTNEJC;;NES;;div-nueva-espana;Corregimiento de Nexpa;[[:conceptos:corregimiento|Corregimiento]] de Nexpa;False
4404;NES;JCNEZTPA;Corregimiento;Pantla;Pantla y Yautepec;1534;exact;1599;ca;;;;;False;;C;Corr.;pantla y yautepec_jurisdiccion_nes;conceptos:corregimiento;NEZTPAJC;;NES;;div-nueva-espana;Corregimiento de Pantla;[[:conceptos:corregimiento|Corregimiento]] de Pantla;False
4405;NES;JCNEZTPE;Corregimiento;Petatlan;Petatlan;1545;exact;1599;ca;;;;;False;;C;Corr.;petatlan_jurisdiccion_nes;conceptos:corregimiento;NEZTPEJC;;NES;;div-nueva-espana;Corregimiento de Petatlan;[[:conceptos:corregimiento|Corregimiento]] de Petatlan;False
4406;NES;JCNEZTPO;Corregimiento;Pochutla;Pochutla;1560;exact;1599;ca;;;;;False;;C;Corr.;pochutla_jurisdiccion_nes;conceptos:corregimiento;NEZTPOJC;;NES;;div-nueva-espana;Corregimiento de Pochutla;[[:conceptos:corregimiento|Corregimiento]] de Pochutla;False
4407;NES;JCNEZTTE;Corregimiento;Tecomatlan;Tecomatlan;1545;exact;1599;ca;;;;;False;;C;Corr.;tecomatlan_jurisdiccion_nes;conceptos:corregimiento;NEZTTEJC;;NES;;div-nueva-espana;Corregimiento de Tecomatlan;[[:conceptos:corregimiento|Corregimiento]] de Tecomatlan;False
4408;NES;JCNEZTTT;Corregimiento;Texupan;Texupan y Topetina;1534;exact;1599;ca;;;;;False;;C;Corr.;texupan y topetina_jurisdiccion_nes;conceptos:corregimiento;NEZTTTJC;;NES;;div-nueva-espana;Corregimiento de Texupan;[[:conceptos:corregimiento|Corregimiento]] de Texupan;False
4409;NES;JCNEZTXI;Corregimiento;Xiguacan;Xiguacan y Pichique;1544;exact;1579;not_after;;;;;False;;C;Corr.;xiguacan y pichique_jurisdiccion_nes;conceptos:corregimiento;NEZTXIJC;;NES;;div-nueva-espana;Corregimiento de Xiguacan;[[:conceptos:corregimiento|Corregimiento]] de Xiguacan;False
4410;NES;JCNEZTZA;Corregimiento;Zacualpa;Zacualpa y Panutla;1536;exact;1579;not_after;;;;;False;;C;Corr.;zacualpa y panutla_jurisdiccion_nes;conceptos:corregimiento;NEZTZAJC;;NES;;div-nueva-espana;Corregimiento de Zacualpa;[[:conceptos:corregimiento|Corregimiento]] de Zacualpa;False
4411;NES;JCNEZTZO;Corregimiento;Zoyatlan;Zoyatlan y Atlan;1568;exact;1599;ca;;;;;False;;C;Corr.;zoyatlan y atlan_jurisdiccion_nes;conceptos:corregimiento;NEZTZOJC;;NES;;div-nueva-espana;Corregimiento de Zoyatlan;[[:conceptos:corregimiento|Corregimiento]] de Zoyatlan;False
4412;NES;JCNECOAL;Corregimiento;Alima;Alima;1531;not_before;1590;ca;1531;1539;;;False;;C;Corr.;alima_jurisdiccion_nes;conceptos:corregimiento;NECOALJC;;NES;;div-nueva-espana;Corregimiento de Alima;[[:conceptos:corregimiento|Corregimiento]] de Alima;False
4413;NES;JCNECOES;Corregimiento;Escayamoca;Escayamoca;1531;not_before;1590;ca;1531;1539;;;False;;C;Corr.;escayamoca_jurisdiccion_nes;conceptos:corregimiento;NECOESJC;;NES;;div-nueva-espana;Corregimiento de Escayamoca;[[:conceptos:corregimiento|Corregimiento]] de Escayamoca;False
4414;NES;JCNECOIH;Corregimiento;Ixtlahuaca;Ixtlahuaca;1531;not_before;1590;ca;1531;1539;;;False;;C;Corr.;ixtlahuaca_jurisdiccion_nes;conceptos:corregimiento;NECOIHJC;;NES;;div-nueva-espana;Corregimiento de Ixtlahuaca;[[:conceptos:corregimiento|Corregimiento]] de Ixtlahuaca;False
4415;NES;JCNECOTA;Corregimiento;Tamala;Tamala;1531;not_before;1590;ca;1531;1539;;;False;;C;Corr.;tamala_jurisdiccion_nes;conceptos:corregimiento;NECOTAJC;;NES;;div-nueva-espana;Corregimiento de Tamala;[[:conceptos:corregimiento|Corregimiento]] de Tamala;False
4416;NES;JCNECOTC;Corregimiento;Tecoman;Tecoman;1531;not_before;1566;not_after;1531;1539;1546;1566;False;;C;Corr.;tecoman_jurisdiccion_nes;conceptos:corregimiento;NECOTCJC;;NES;;div-nueva-espana;Corregimiento de Tecoman;[[:conceptos:corregimiento|Corregimiento]] de Tecoman;False
4417;NES;JCNECOTP;Corregimiento;Tepetitongo;Tepetitongo;1531;not_before;1590;ca;1531;1539;;;False;;C;Corr.;tepetitongo_jurisdiccion_nes;conceptos:corregimiento;NECOTPJC;;NES;;div-nueva-espana;Corregimiento de Tepetitongo;[[:conceptos:corregimiento|Corregimiento]] de Tepetitongo;False
4418;NES;JCNECOZA;Corregimiento;Zalagua;Zalagua y Tlacatipa;1531;not_before;1566;not_after;1531;1539;1546;1566;False;;C;Corr.;zalagua y tlacatipa_jurisdiccion_nes;conceptos:corregimiento;NECOZAJC;;NES;;div-nueva-espana;Corregimiento de Zalagua;[[:conceptos:corregimiento|Corregimiento]] de Zalagua;False
4419;NES;JCNECOAC;Corregimiento;Acautlan;Acautlan y Chapula;1545;not_after;1590;ca;1540;1545;;;False;;C;Corr.;acautlan y chapula_jurisdiccion_nes;conceptos:corregimiento;NECOACJC;;NES;;div-nueva-espana;Corregimiento de Acautlan;[[:conceptos:corregimiento|Corregimiento]] de Acautlan;False
4420;NES;JCNECOCH;Corregimiento;Chiametla;Chiametla;1545;not_after;1566;not_after;1540;1545;;;False;;C;Corr.;chiametla_jurisdiccion_nes;conceptos:corregimiento;NECOCHJC;;NES;;div-nueva-espana;Corregimiento de Chiametla;[[:conceptos:corregimiento|Corregimiento]] de Chiametla;False
4421;NES;JCNECOIT;Corregimiento;Ixtapa;Ixtapa;1545;not_after;1590;ca;1540;1545;;;False;;C;Corr.;ixtapa_jurisdiccion_nes;conceptos:corregimiento;NECOITJC;;NES;;div-nueva-espana;Corregimiento de Ixtapa;[[:conceptos:corregimiento|Corregimiento]] de Ixtapa;False
4422;NES;JCNECOQU;Corregimiento;Quezalapa;Quezalapa;1545;not_after;1590;ca;1540;1545;;;False;;C;Corr.;quezalapa_jurisdiccion_nes;conceptos:corregimiento;NECOQUJC;;NES;;div-nueva-espana;Corregimiento de Quezalapa;[[:conceptos:corregimiento|Corregimiento]] de Quezalapa;False
4423;NES;JCNECOTT;Corregimiento;Tecpa;Tecpa y Tepetlazuneca;1545;not_after;1590;ca;1540;1545;;;False;;C;Corr.;tecpa y tepetlazuneca_jurisdiccion_nes;conceptos:corregimiento;NECOTTJC;;NES;;div-nueva-espana;Corregimiento de Tecpa;[[:conceptos:corregimiento|Corregimiento]] de Tecpa;False
4424;NES;JCNECOXO;Corregimiento;Xocotlan;Xocotlan;1545;not_after;1590;ca;1540;1545;;;False;;C;Corr.;xocotlan_jurisdiccion_nes;conceptos:corregimiento;NECOXOJC;;NES;;div-nueva-espana;Corregimiento de Xocotlan;[[:conceptos:corregimiento|Corregimiento]] de Xocotlan;False
4425;NES;JCNECOXU;Corregimiento;Xuluapa;Xuluapa;1567;not_after;1590;ca;1546;1567;;;False;;C;Corr.;xuluapa_jurisdiccion_nes;conceptos:corregimiento;NECOXUJC;;NES;;div-nueva-espana;Corregimiento de Xuluapa;[[:conceptos:corregimiento|Corregimiento]] de Xuluapa;False
4426;NES;JCNECOTC;Corregimiento;Tecoman;Tecoman, Zalagua y Chiametla;1567;not_after;1590;ca;1547;1567;;;False;;C;Corr.;tecoman_jurisdiccion_nes;conceptos:corregimiento;NECOTCJC;;NES;;div-nueva-espana;Corregimiento de Tecoman;[[:conceptos:corregimiento|Corregimiento]] de Tecoman;False
4427;NES;JUNEMXAQ;Corregimiento;Atitalaquia;Atitalaquia;1531;not_before;1670;not_after;1531;1533;;;False;;C;Corr.;atitalaquia_jurisdiccion_nes;conceptos:corregimiento;NEMXAQJU;;NES;;div-nueva-espana;Corregimiento de Atitalaquia;[[:conceptos:corregimiento|Corregimiento]] de Atitalaquia;False
4428;NES;JUNEMXCH;Corregimiento;Chalco;Chalco;1533;exact;1550;not_before;;;1550;1558;False;;C;Corr.;chalco_jurisdiccion_nes;conceptos:corregimiento;NEMXCHJU;;NES;;div-nueva-espana;Corregimiento de Chalco;[[:conceptos:corregimiento|Corregimiento]] de Chalco;False
4429;NES;JUNEPUHN;Corregimiento;Metateyuca;Xicotepec y Metateyuca;1565;not_after;1579;ca;;;;;False;;C;Corr.;huauchinango_jurisdiccion_nes;conceptos:corregimiento;NEPUHNJU;;NES;;div-nueva-espana;Corregimiento de Metateyuca;[[:conceptos:corregimiento|Corregimiento]] de Metateyuca;False
4430;NES;JUNEVCPN;Jurisdiccion;Panuco;Panuco;1522;exact;1526;exact;;;;;False;;Jur.;Jur.;panuco_jurisdiccion_nes;conceptos:jurisdiccion;NEVCPNJU;;NES;;div-nueva-espana;Jurisdiccion de Panuco;[[:conceptos:jurisdiccion|Jurisdiccion]] de Panuco;False
4431;NES;JCNEMITU;Corregimiento;Tuzantla;Tuzantla;1585;not_after;1599;ca;;;;;True;JUNEMXTE;C;C;tuzantla_jurisdiccion_nes;conceptos:agregado;NEMITUJC;nes_guanajuato_yurirapundaro;NES;Guanajuato;div-nueva-espana;Corregimiento agregado de Tuzantla;[[:conceptos:agregado|Corregimiento agregado]] de Tuzantla;False
4432;NES;JCNEMITU;Partido;Tuzantla;Tuzantla;1600;ca;9999;end;;;1742;;False;;Part.;Part.;tuzantla_jurisdiccion_nes;conceptos:partido;NEMITUJC;;NES;;div-nueva-espana;Partido de Tuzantla;[[:conceptos:partido|Partido]] de Tuzantla;False
4434;NES;JUNEOAMI;Corregimiento;Miahuatlan;Miahuatlan;1599;ca;1645;arbitrary;;;;;False;;C;Corr.;miahuatlan_jurisdiccion_nes;conceptos:corregimiento;NEOAMIJU;;NES;;div-nueva-espana;Corregimiento de Miahuatlan;[[:conceptos:corregimiento|Corregimiento]] de Miahuatlan;False
4435;NES;JCNEVCTC;Corregimiento;Cetusco;Cetusco;1533;exact;1543;exact;;;;;False;;C;Corr.;tonatico y cetusco_jurisdiccion_nes;conceptos:corregimiento;NEVCTCJC;;NES;;div-nueva-espana;Corregimiento de Cetusco;[[:conceptos:corregimiento|Corregimiento]] de Cetusco;False
4436;NES;JCNEVCTC;Corregimiento;Tonatico;Tonatico y Cetusco;1544;exact;1599;ca;;;;;False;;C;Corr.;tonatico y cetusco_jurisdiccion_nes;conceptos:corregimiento;NEVCTCJC;;NES;;div-nueva-espana;Corregimiento de Tonatico;[[:conceptos:corregimiento|Corregimiento]] de Tonatico;False
4437;NES;JUNEPUAM;Corregimiento;Guatinchan;Guatinchan;1542;exact;1574;exact;;;;;False;;C;C;amozoc_jurisdiccion_nes;conceptos:corregimiento;NEPUAMJU;;NES;;div-nueva-espana;Corregimiento de Guatinchan;[[:conceptos:corregimiento|Corregimiento]] de Guatinchan;False
4440;NES;JUNEGJSM;Alcaldia Mayor;San Miguel;San Miguel;1555;exact;1561;not_after;;;;;False;;AM;AM;san miguel el grande_jurisdiccion_nes;conceptos:alcaldia_mayor;NEGJSMJU;nes_guanajuato_san miguel el grande;NES;Guanajuato;div-nueva-espana;Alcaldia Mayor de San Miguel;[[:conceptos:alcaldia_mayor|Alcaldia Mayor]] de San Miguel;False
4441;GDJ;PTGDDUSO;Alcaldia Mayor;Saltillo;Saltillo;1591;not_before;1699;ca;;;;;False;;AM;AM;saltillo_partido_gdj;conceptos:alcaldia_mayor;GDDUSOPT;;GDJ;;div-nueva-vizcaya;Alcaldia Mayor de Saltillo;[[:conceptos:alcaldia_mayor|Alcaldia Mayor]] de Saltillo;False
4442;GDJ;PTGDDUSO;Jurisdiccion;Saltillo;Saltillo;1582;exact;1590;not_before;;;;;False;;Jur.;Jur.;saltillo_partido_gdj;conceptos:jurisdiccion;GDDUSOPT;;GDJ;;div-nueva-vizcaya;Jurisdiccion de Saltillo;[[:conceptos:jurisdiccion|Jurisdiccion]] de Saltillo;False
4443;NES;JUNEPUTC;Alcaldia Mayor;Tecali;Tecali;1664;exact;1687;not_after;;;1684;1687;False;;AM;AM;tecali_jurisdiccion_nes;conceptos:alcaldia_mayor;NEPUTCJU;nes_puebla_tecali;NES;Puebla;div-nueva-espana;Alcaldia Mayor de Tecali;[[:conceptos:alcaldia_mayor|Alcaldia Mayor]] de Tecali;False
4444;NES;JUNEPUTC;Alcaldia Mayor;Tecali;Tecali;1688;not_after;1716;not_before;1685;1688;1716;1725;True;JUNEPUTP;AM;AM;tecali_jurisdiccion_nes;conceptos:alcaldia_mayor;NEPUTCJU;nes_puebla_tecali;NES;Puebla;div-nueva-espana;Alcaldia Mayor agregada de Tecali;[[:conceptos:alcaldia_mayor|Alcaldia Mayor agregada]] de Tecali;False
4445;NES;JUNEPUTS;Corregimiento;Tepexi de la Seda;Tepexi de la Seda;1542;not_before;1664;not_before;;;;;False;;C;Corr.;tepexi de la seda_jurisdiccion_nes;conceptos:corregimiento;NEPUTSJU;;NES;;div-nueva-espana;Corregimiento de Tepexi de la Seda;[[:conceptos:corregimiento|Corregimiento]] de Tepexi de la Seda;False
4446;NES;JCNEOATI;Corregimiento;Tilantongo;Tilantongo;1566;exact;1688;ca;;;;;False;;C;Corr.;tilantongo_jurisdiccion_nes;conceptos:corregimiento;NEOATIJC;;NES;;div-nueva-espana;Corregimiento de Tilantongo;[[:conceptos:corregimiento|Corregimiento]] de Tilantongo;False
4448;NES;JCNEMXTC;Corregimiento;Tlacozautitlan;Tlacozautitlan;1561;not_before;1599;ca;1561;1569;;;False;;C;Corr.;tlacozautitlan_jurisdiccion_nes;conceptos:corregimiento;NEMXTCJC;;NES;;div-nueva-espana;Corregimiento de Tlacozautitlan;[[:conceptos:corregimiento|Corregimiento]] de Tlacozautitlan;False
4450;NES;PTNEMXTP;Corregimiento;Tetepango;Tetepango;1558;ca;1590;not_after;;;1587;1590;True;JUNEMXTP;AM;AM;tetepango_partido_nes;conceptos:agregado;NEMXTPPT;;NES;;div-nueva-espana;Corregimiento agregado de Tetepango;[[:conceptos:agregado|Corregimiento agregado]] de Tetepango;False
4451;NES;PTNEMXTP;Partido;Tetepango;Tetepango;1531;ca;1557;ca;;;;;False;JUNEMXTP;Jur.;Jur.;tetepango_partido_nes;conceptos:cabecera;NEMXTPPT;nes_mexico_tetepango;NES;Mexico;div-nueva-espana;Partido cabecera de Tetepango;[[:conceptos:cabecera|Partido cabecera]] de Tetepango;True
4452;NES;JCNEMXSY;Corregimiento;Sayula;Sayula;1551;ca;1599;ca;;;;;False;;C;Corr.;sayula_jurisdiccion_nes;conceptos:corregimiento;NEMXSYJC;;NES;;div-nueva-espana;Corregimiento de Sayula;[[:conceptos:corregimiento|Corregimiento]] de Sayula;False
4453;NES;JCNEMXYE;Corregimiento;Yetecomac;Yetecomac;1558;ca;1590;not_after;;;;;False;;C;C;yetecomac_jurisdiccion_nes;conceptos:agregado;NEMXYEJC;;NES;;div-nueva-espana;Corregimiento agregado de Yetecomac;[[:conceptos:agregado|Corregimiento agregado]] de Yetecomac;False
4454;NES;JUNEMXTP;Alcaldia Mayor;Minas de Tornacustla;Minas de Tornacustla;1558;ca;1599;arbitrary;;;1654;1656;False;;AM;AM;tetepango_jurisdiccion_nes;conceptos:alcaldia_mayor;NEMXTPJU;;NES;;div-nueva-espana;Alcaldia Mayor de Minas de Tornacustla;[[:conceptos:alcaldia_mayor|Alcaldia Mayor]] de Minas de Tornacustla;False
4455;NES;JCNEVCTE;Corregimiento;Tezayuca;Tezayuca;1534;ca;1550;arbitrary;;;1535;1557;False;;C;Corr.;tezayuca_jurisdiccion_nes;conceptos:corregimiento;NEVCTEJC;;NES;;div-nueva-espana;Corregimiento de Tezayuca;[[:conceptos:corregimiento|Corregimiento]] de Tezayuca;False
4457;NES;JUNEVCCS;Corregimiento;Guaspaltepec;Cosamaloapan y Guaspaltepec;1600;ca;1651;not_before;;;;;False;;C;C;cosamaloapan_jurisdiccion_nes;conceptos:corregimiento;NEVCCSJU;;NES;;div-nueva-espana;Corregimiento de Guaspaltepec;[[:conceptos:corregimiento|Corregimiento]] de Guaspaltepec;False
4458;NES;JUNEMIPE;Corregimiento;Periban;Periban;1583;not_before;1586;not_after;;;;;False;;C;Corr.;periban_jurisdiccion_nes;conceptos:corregimiento;NEMIPEJU;;NES;;div-nueva-espana;Corregimiento de Periban;[[:conceptos:corregimiento|Corregimiento]] de Periban;False
4459;NES;JUNEMIPE;Corregimiento;Periban;Periban;1591;not_before;1599;arbitrary;;;;;False;;C;Corr.;periban_jurisdiccion_nes;conceptos:corregimiento;NEMIPEJU;;NES;;div-nueva-espana;Corregimiento de Periban;[[:conceptos:corregimiento|Corregimiento]] de Periban;False
4460;NES;JUNEPUTL;Jurisdiccion;Villa de San Luis;Villa de San Luis;1522;ca;1531;not_after;;;;;False;;Jur.;Jur.;tlapa_jurisdiccion_nes;conceptos:jurisdiccion;NEPUTLJU;;NES;;div-nueva-espana;Jurisdiccion de Villa de San Luis;[[:conceptos:jurisdiccion|Jurisdiccion]] de Villa de San Luis;False
4461;NES;JUNEPUIG;Alcaldia Mayor;Xalapa;Xalapa, Cintla y Acatlan;1558;exact;1700;arbitrary;;;;;False;;AM;AM;igualapa_jurisdiccion_nes;conceptos:alcaldia_mayor;NEPUIGJU;nes_puebla_igualapa;NES;Puebla;div-nueva-espana;Alcaldia Mayor de Xalapa;[[:conceptos:alcaldia_mayor|Alcaldia Mayor]] de Xalapa;False
4462;NES;JUNEPUHN;Corregimiento;Metateyuca;Metateyuca;1534;exact;1564;not_after;;;;;False;;C;C;huauchinango_jurisdiccion_nes;conceptos:corregimiento;NEPUHNJU;;NES;;div-nueva-espana;Corregimiento de Metateyuca;[[:conceptos:corregimiento|Corregimiento]] de Metateyuca;False
4463;NES;JUNEMIPA;Jurisdiccion;Michoacan;Michoacan;1538;exact;1550;exact;;;;;False;;Jur.;Jur.;patzcuaro_jurisdiccion_nes;conceptos:jurisdiccion;NEMIPAJU;;NES;;div-nueva-espana;Jurisdiccion de Michoacan;[[:conceptos:jurisdiccion|Jurisdiccion]] de Michoacan;False
4465;NES;JUNEMIVA;Corregimiento;Tzintzuntzan;Tzintzuntzan;1531;exact;1550;ca;;;;;True;JUNEMIVA;C;C;valladolid_jurisdiccion_nes;conceptos:corregimiento;NEMIVAJU;;NES;;div-nueva-espana;Corregimiento de Tzintzuntzan;[[:conceptos:corregimiento|Corregimiento]] de Tzintzuntzan;False
4467;NES;JUNEMICR;Corregimiento;Matalcingo;Matalcingo;1536;not_before;1563;exact;1536;1545;;;False;;C;Corr.;charo_jurisdiccion_nes;conceptos:corregimiento;NEMICRJU;;NES;;div-nueva-espana;Corregimiento de Matalcingo;[[:conceptos:corregimiento|Corregimiento]] de Matalcingo;False
4468;NES;JUNEMICR;Corregimiento;Charo;Charo;1564;not_before;1569;not_before;;;;;False;;C;C;charo_jurisdiccion_nes;conceptos:corregimiento;NEMICRJU;nes_michoacan_charo;NES;Michoacan;div-nueva-espana;Corregimiento de Charo;[[:conceptos:corregimiento|Corregimiento]] de Charo;False
4470;NES;JCNEMIOZ;Corregimiento;Taimeo;Taimeo;1551;ca;1564;not_after;1550;1551;;;False;;C;Corr.;taimeo_jurisdiccion_nes;conceptos:corregimiento;NEMIOZJC;;NES;;div-nueva-espana;Corregimiento de Taimeo;[[:conceptos:corregimiento|Corregimiento]] de Taimeo;False
4471;NES;JCNEMIOZ;Corregimiento;Taimeo;Taimeo;1565;not_after;1592;not_after;;;;;True;JUNEMITP;C;Corr.;taimeo_jurisdiccion_nes;conceptos:agregado;NEMIOZJC;;NES;;div-nueva-espana;Corregimiento agregado de Taimeo;[[:conceptos:agregado|Corregimiento agregado]] de Taimeo;False
4472;NES;JUNESLVE;Alcaldia Mayor;Venado;Venado y La Hedionda;1770;not_after;1786;exact;;;;;False;;AM;AM;venado_jurisdiccion_nes;conceptos:alcaldia_mayor;NESLVEJU;nes_san luis potosi_salinas de peñon blanco;NES;San Luis Potosi;div-nueva-espana;Alcaldia Mayor de Venado;[[:conceptos:alcaldia_mayor|Alcaldia Mayor]] de Venado;False
4473;NES;JUNEVCMI;Corregimiento;Misantla;Misantla;1531;not_before;1599;ca;;;;;False;;C;Corr.;misantla_jurisdiccion_nes;conceptos:corregimiento;NEVCMIJU;;NES;;div-nueva-espana;Corregimiento de Misantla;[[:conceptos:corregimiento|Corregimiento]] de Misantla;False
4474;NES;JUNEVCVA;Jurisdiccion;Villa Rica;Villa Rica;1519;exact;1528;exact;;;;;False;;Jur.;Jur.;la antigua_jurisdiccion_nes;conceptos:jurisdiccion;NEVCVAJU;;NES;;div-nueva-espana;Jurisdiccion de Villa Rica;[[:conceptos:jurisdiccion|Jurisdiccion]] de Villa Rica;False
4475;NES;JCNEVCZO;Corregimiento;Zongolica;Zongolica;1531;not_before;1599;ca;;;;;False;;C;Corr.;zongolica_jurisdiccion_nes;conceptos:corregimiento;NEVCZOJC;;NES;;div-nueva-espana;Corregimiento de Zongolica;[[:conceptos:corregimiento|Corregimiento]] de Zongolica;False
4476;NES;JCNEVCCZ;Corregimiento;Chicuazen;Chicuazen;1531;not_before;1565;exact;;;;;False;;C;Corr.;chicuazen_jurisdiccion_nes;conceptos:corregimiento;NEVCCZJC;;NES;;div-nueva-espana;Corregimiento de Chicuazen;[[:conceptos:corregimiento|Corregimiento]] de Chicuazen;False
4477;NES;JCNEVCZE;Corregimiento;Zempoala;Zempoala;1531;not_before;1565;exact;;;;;False;;C;Corr.;zempoala_jurisdiccion_nes;conceptos:corregimiento;NEVCZEJC;;NES;;div-nueva-espana;Corregimiento de Zempoala;[[:conceptos:corregimiento|Corregimiento]] de Zempoala;False
4478;NES;JCNEVCZE;Corregimiento;Zempoala;Zempoala y Chicuazen;1566;not_before;1599;ca;;;;;False;;C;Corr.;zempoala_jurisdiccion_nes;conceptos:corregimiento;NEVCZEJC;;NES;;div-nueva-espana;Corregimiento de Zempoala;[[:conceptos:corregimiento|Corregimiento]] de Zempoala;False
4479;NES;JCNEOACN;Corregimiento;Cuahuitlan;Cuahuitlan;1534;ca;1581;ca;;;;;False;;C;Corr.;cuahuitlan_jurisdiccion_nes;conceptos:corregimiento;NEOACNJC;;NES;;div-nueva-espana;Corregimiento de Cuahuitlan;[[:conceptos:corregimiento|Corregimiento]] de Cuahuitlan;False
4480;NES;JUNEOAJI;Corregimiento;Tututepec;Tututepec;1532;ca;1533;exact;;;;;False;;C;Corr.;jicayan_jurisdiccion_nes;conceptos:corregimiento;NEOAJIJU;;NES;;div-nueva-espana;Corregimiento de Tututepec;[[:conceptos:corregimiento|Corregimiento]] de Tututepec;False
4481;NES;JCNEVCTC;Corregimiento;Tonatico;Tonatico;1600;ca;1607;not_before;;;;;False;;C;Corr.;tonatico y cetusco_jurisdiccion_nes;conceptos:corregimiento;NEVCTCJC;;NES;;div-nueva-espana;Corregimiento de Tonatico;[[:conceptos:corregimiento|Corregimiento]] de Tonatico;False
4482;NES;JCNEMXOC;Corregimiento;Ocuituco;Ocuituco;1531;exact;1534;ca;;;1582;1599;False;;C;C;ocuituco_jurisdiccion_nes;conceptos:corregimiento;NEMXOCJC;;NES;;div-nueva-espana;Corregimiento de Ocuituco;[[:conceptos:corregimiento|Corregimiento]] de Ocuituco;False
4483;NES;JUNEMXHJ;Corregimiento;Huejutla;Huejutla;1550;not_after;1649;not_after;;;;;False;;C;Corr.;huejutla_jurisdiccion_nes;conceptos:corregimiento;NEMXHJJU;;NES;;div-nueva-espana;Corregimiento de Huejutla;[[:conceptos:corregimiento|Corregimiento]] de Huejutla;False
4484;SDO;JUSDSDTO;Gobernacion;Tortuga;La Tortuga;1653;exact;1654;exact;1653;1653;1654;1654;False;;G;Gob.;tortuga_jurisdiccion_sdo;conceptos:gobernacion;SDSDTOJU;;SDO;;;Gobernacion de Tortuga;[[:conceptos:gobernacion|Gobernacion]] de Tortuga;False
4486;SDO;JUSDSDMC;Alcaldia Mayor;Montecristi;Montecristi y Bayajá;1111;start;1603;not_before;;;;;False;;AM;AM;montecristi_jurisdiccion_sdo;conceptos:alcaldia_mayor;SDSDMCJU;;SDO;;;Alcaldia Mayor de Montecristi;[[:|Alcaldia Mayor]] de Montecristi;False
4487;GUA;MIGUGUPE;Gobernacion politico-militar;Peten;Peten;1787;arbitrary;1808;hgis;;;;;False;;Com.;Com.;peten_misiones_gua;conceptos:gobernacion;GUGUPEMI;gua_guatemala_peten;GUA;Guatemala;div-guatemala;Gobernacion politico-militar de Peten;[[:conceptos:gobernacion|Gobernacion politico-militar]] de Peten;False
4488;GUA;JUGUCYTR;Gobernacion político-militar subdelegación;Trujillo;Trujillo;1801;exact;1808;hgis;;;;;False;;Sd.;Sd.;trujillo_jurisdiccion_gua;conceptos:gobernacion;GUCYTRJU;gua_comayagua_trujillo;GUA;Comayagua;div-guatemala;Gobernacion político-militar subdelegación de Trujillo;[[:conceptos:gobernacion|Gobernacion político-militar subdelegación]] de Trujillo;False
4489;GDJ;JUGDDUGL;Alcaldia mayor;Guanabal;Guanabal;1630;not_after;1642;not_before;1111;1630;1642;1670;False;;AM;AM;guanabal_jurisdiccion_gdj;conceptos:alcaldia_mayor;GDDUGLJU;guanabal_jurisdiccion_gdj;GDJ;Durango;cline;Alcaldia mayor de Guanabal;[[:conceptos:alcaldia_mayor|Alcaldia mayor]] de Guanabal;False
4491;CGQUMA00;CGQUMA00;Comandancia General;Maynas;Maynas;1803;exact;9999;end;;;;;False;;Com.Gen.;Com.Gen.;maynas_provincia_per;conceptos:comandancia_general;QUMA00CG;;CGQUMA00;;;Comandancia General de Maynas;[[:conceptos:comandancia_general|Comandancia General]] de Maynas;False
4492;RPL;JURPMICA;Subdelegacion;Candelaria;Candelaria;1770;exact;1805;exact;;;;;False;;Sd.;Sd.;candelaria_jurisdiccion_rpl;conceptos:cabecera;RPMICAJU;rpl_misiones_candelaria;RPL;Misiones;;Subdelegacion de Candelaria;[[:conceptos:cabecera|Subdelegacion]] de Candelaria;False
4493;NES;JUNEMXTU;Alcaldia Mayor-Subdelegacion;Tula;Tula;1787;exact;1808;hgis;;;;;False;;AM;AM;tula_jurisdiccion_nes;conceptos:alcaldia_mayor;NEMXTUJU;nes_mexico_tula;NES;Mexico;div-nueva-espana;Alcaldia Mayor-Subdelegacion de Tula;[[:conceptos:alcaldia_mayor|Alcaldia Mayor-Subdelegacion]] de Tula;False
4494;NGR;JUNGCAAY;Jurisdiccion-Capitania a Guerra;Ayapel;Ayapel;1759;not_before;1808;hgis;;;;;False;;CaG;Part.;ayapel_jurisdiccion_ngr;conceptos:capitania_a_guerra;NGCAAYJU;ngr_cartagena_ayapel;NGR;Cartagena;;Jurisdiccion-Capitania a Guerra de Ayapel;[[:conceptos:capitania_a_guerra|Jurisdiccion-Capitania a Guerra]] de Ayapel;False
4495;GDJ;JUGDSSCH;Provincia;Chametla;Chametla;1685;exact;9999;end;;;;;False;;Prov.;Prov.;chametla_jurisdiccion_gdj;conceptos:provincia;GDSSCHJU;;GDJ;;div-sonora-sinaloa;Provincia de Chametla;[[:conceptos:provincia|Provincia]] de Chametla;False
4496;PER;JUPEHVHV;Corregimiento;Huancavelica;Huancavelica;1581;exact;1600;not_after;;;;;False;;C;Corr.;huancavelica_jurisdiccion_per;conceptos:corregimiento;PEHVHVJU;;PER;;;Corregimiento de Huancavelica;[[:conceptos:corregimiento|Corregimiento]] de Huancavelica;False
4497;CHA;JUCCPULA;Corregimiento;Urcosuyo;Urcosuyo;1574;not_after;1599;arbitrary;;;;;False;;C;Corr.;lampa_jurisdiccion_cha;conceptos:corregimiento;CCPULAJU;;CHA;;;Corregimiento de Urcosuyo;[[:conceptos:corregimiento|Corregimiento]] de Urcosuyo;False
4498;NGR;JUPECUCL;Corregimiento;Yucay;Yucay;1574;not_after;1599;arbitrary;;;;;False;;C;Corr.;calca y lares_jurisdiccion_per;conceptos:corregimiento;PECUCLJU;;NGR;;; de Yucay;[[:conceptos:corregimiento|]] de Yucay;False
4499;CHA;JUCCLPOM;Corregimiento;Llacxa;Llacxa;1583;not_after;1599;arbitrary;;;;;False;;C;C;omasuyos_jurisdiccion_cha;conceptos:corregimiento;CCLPOMJU;cha_la paz_omasuyos;CHA;La Paz;;Corregimiento de Llacxa;[[:conceptos:corregimiento|Corregimiento]] de Llacxa;False
4500;PER;JUPECUVI;Gobernacion;Vilcabamba;Vilcabamba;1572;not_after;1613;not_after;;;;;False;;C;C;vilcabamba_jurisdiccion_per;conceptos:corregimiento;PECUVIJU;per_cuzco_vilcabamba;PER;Cuzco;;Gobernacion de Vilcabamba;[[:conceptos:corregimiento|Gobernacion]] de Vilcabamba;False
4501;CHA;JUCCLPSI;Corregimiento;Caracollo;Caracollo;1583;not_after;1599;arbitrary;;;;;False;;C;C;sicasica_jurisdiccion_cha;conceptos:corregimiento;CCLPSIJU;cha_la paz_sicasica;CHA;La Paz;;Corregimiento de Caracollo;[[:conceptos:corregimiento|Corregimiento]] de Caracollo;False
4502;CHA;JUCCPUAZ;Corregimiento;Collasuyo;Collasuyo;1583;not_after;1599;arbitrary;;;;;False;;C;C;azangaro_jurisdiccion_cha;conceptos:corregimiento;CCPUAZJU;cha_puno_azangaro;CHA;Puno;;Corregimiento de Collasuyo;[[:conceptos:corregimiento|Corregimiento]] de Collasuyo;False
4503;PER;JUPEARCV;Corregimiento;Characato;Characato y Vitor;1565;exact;1635;exact;1565;1583;;;False;;C;Corr.;characato_y_vitor_jurisdiccion_per;conceptos:corregimiento;PEARCVJU;;PER;;;Corregimiento de Characato;[[:conceptos:corregimiento|Corregimiento]] de Characato;False
4504;PER;JUPEHUHT;Corregimiento;Azangaro;Azangaro;1583;not_after;1599;arbitrary;;;;;False;;C;C;huanta_jurisdiccion_per;conceptos:corregimiento;PEHUHTJU;per_huamanga_huanta;PER;Huamanga;;Corregimiento de Azangaro;[[:conceptos:corregimiento|Corregimiento]] de Azangaro;False
4505;PER;JUPEHUCA;Corregimiento;Hananchilques;Hananchilques;1583;not_after;1599;arbitrary;;;;;False;;C;C;cangallo_jurisdiccion_per;conceptos:corregimiento;PEHUCAJU;per_huamanga_huanta;PER;Huamanga;;Corregimiento de Hananchilques;[[:conceptos:corregimiento|Corregimiento]] de Hananchilques;False
4508;PER;JUPELICH;Corregimiento;Arnedo;Arnedo;1583;not_after;1630;arbitrary;;;;;False;;C;Corr.;chancay_jurisdiccion_per;conceptos:corregimiento;PELICHJU;;PER;;;Corregimiento de Arnedo;[[:conceptos:corregimiento|Corregimiento]] de Arnedo;False
4509;PER;JUPETATA;Corregimiento;Jarama;Jarama y Chinchaycocha;1583;not_after;1630;arbitrary;;;;;False;;C;C;tarma_jurisdiccion_per;conceptos:corregimiento;PETATAJU;per_tarma_tarma;PER;Tarma;;Corregimiento de Jarama;[[:conceptos:corregimiento|Corregimiento]] de Jarama;False
4510;PER;JUPETRPC;Corregimiento; Pacllas;Los Pacllas;1565;not_before;1611;exact;1565;1583;;;False;;C;Corr.;pacllas_jurisdiccion_per;conceptos:corregimiento;PETRPCJU;;PER;;;Corregimiento de  Pacllas;[[:conceptos:corregimiento|Corregimiento]] de  Pacllas;False
4511;CHA;JUCCPOLI;Provincia;Lipes;Lipes;1111;start;1627;not_after;;;;;False;;Prov.;Prov.;lipes_jurisdiccion_cha;conceptos:provincia;CCPOLIJU;;CHA;;;Provincia de Lipes;[[:conceptos:provincia|Provincia]] de Lipes;False
4512;NES;PRNEMX00;Gobernacion-Capitania General;Nueva España;Nueva España;1529;exact;1534;exact;;;;;False;;CG;Gob.-CG;nueva españa_provincia_nes;conceptos:gobernacion;NEMX00PR;;NES;;wikipedia;Gobernacion-Capitania General de Nueva España;[[:conceptos:gobernacion|Gobernacion-Capitania General]] de Nueva España;False
4513;NES;PRNEMX00;Provincia;Nueva España;Nueva España;1519;exact;1528;exact;;;;;False;;Prov.;Prov.;nueva españa_provincia_nes;conceptos:provincia;NEMX00PR;;NES;;;Provincia de Nueva España;[[:conceptos:provincia|Provincia]] de Nueva España;False
4514;GUA;PRGUGU00;Gobernacion-Capitania General;Guatemala;Guatemala;1524;exact;1541;exact;;;;;False;;G;CG;guatemala_provincia_gua;conceptos:gobernacion;GUGU00PR;gua_superior_guatemala;GUA;Superior;wikipedia;Gobernacion-Capitania General de Guatemala;[[:conceptos:gobernacion|Gobernacion-Capitania General]] de Guatemala;False
4516;NGR;PRNGLL00;Provincia;Los Llanos;Los Llanos;1111;start;1587;exact;;;;;False;;Prov.;Prov.;los llanos_provincia_ngr;conceptos:provincia;NGLL00PR;;NGR;;;Provincia de Los Llanos;[[:conceptos:provincia|Provincia]] de Los Llanos;False
4517;NGR;PRNGSF00;Provincia;Nuevo Reino de Granada;Nuevo Reino de Granada;1538;exact;1549;exact;;;;;False;;Prov.;Prov.;santa fe_provincia_ngr;conceptos:provincia;NGSF00PR;;NGR;;wikipedia;Provincia de Nuevo Reino de Granada;[[:conceptos:provincia|Provincia]] de Nuevo Reino de Granada;False
4518;NGR;PRNGCA00;Provincia;Nueva Andalucia;Nueva Andalucia;1514;exact;1532;exact;;;;;False;;Prov.;Prov.;cartagena de indias_provincia_ngr;conceptos:provincia;NGCA00PR;;NGR;;;Provincia de Nueva Andalucia;[[:conceptos:provincia|Provincia]] de Nueva Andalucia;False
4519;NES;JUNEMXHJ;Alcaldia Mayor;Huejutla;Huejutla;1650;not_after;1956;not_after;;;;;False;;AM;AM;huejutla_jurisdiccion_nes;conceptos:alcaldia_mayor;NEMXHJJU;nes_mexico_huejutla;NES;Mexico;div-nueva-espana;Alcaldia Mayor de Huejutla;[[:conceptos:alcaldia_mayor|Alcaldia Mayor]] de Huejutla;False
4520;GUA;PTGUCRBO;Partido;Boruca;Boruca;1111;start;9999;end;;;;;False;;Part.;Part.;;;GUCRBOPT;;GUA;Costa Rica;;;;False
4521;GUA;PTGUCRVV;Partido;Villa Vieja;Villa Vieja;1111;start;1762;exact;;;;;False;;Part.;Part.;;;GUCRVVPT;;GUA;Costa Rica;;;;False
4522;GUA;PTGUCRVV;Jurisdiccion;Villa Vieja;Villa Vieja;1763;exact;1778;exact;;;;;False;;Part.;Part.;;;GUCRVVPT;;GUA;Costa Rica;;;;False
4523;GUA;PTGUCRVV;Partido;Villa Vieja;Villa Vieja;1779;exact;9999;end;;;;;False;;Part.;Part.;;;GUCRVVPT;;GUA;Costa Rica;;;;False
4524;GUA;PTGUCRAL;Partido;Alajuela;Alajuela;1782;not_before;9999;end;;;;;False;;Part.;Part.;;;GUCRALPT;;GUA;Costa Rica;;;;False
4525;GUA;PTGUCRVM;Partido;Valle de Matina;Valle de Matina;1111;start;9999;end;;;;;False;;Part.;Part.;;;GUCRVMPT;;GUA;Costa Rica;;;;False
4526;GUA;JUGUCRCA;Jurisdiccion;Cartago;Cartago;1111;start;9999;end;;;;;False;;Part.;Part.;;;GUCRCAJU;;GUA;Costa Rica;;;;False
4527;GUA;JUGUCRES;Jurisdiccion;Esparza;Esparza;1111;start;9999;end;;;;;False;;Jur.;Jur.;;;GUCRESJU;;GUA;Costa Rica;;;;False
4528;GUA;JUGUCRTR;Corregimiento;Tucurrique;Tucurrique;1591;exact;1599;ca;;;;;False;;C;Corr.;tucurrique_jurisdiccion_gua;conceptos:corregimiento;GUCRTRJU;;GUA;Costa Rica;;Corregimiento de Tucurrique;[[:conceptos:corregimiento|Corregimiento]] de Tucurrique;False
4529;GUA;PTGUCRVC;Partido;Valle Central;Valle Central;1111;start;9999;end;;;;;False;;Part.;Part.;;;GUCRVCPT;;GUA;Costa Rica;;;;False
4530;NES;JUNEMXTP;Alcaldia Mayor;Hueypustla;Hueypustla;1600;arbitrary;1656;not_after;;;1654;1656;False;;AM;AM;tetepango_jurisdiccion_nes;conceptos:alcaldia_mayor;NEMXTPJU;;NES;;div-nueva-espana;Alcaldia Mayor de Minas de Tornacustla;[[:conceptos:alcaldia_mayor|Alcaldia Mayor]] de Minas de Tornacustla;False
4531;NES;JUNEMXTH;Corregimiento;Teotihuacan;San Juan Teotihuacan;1600;arbitrary;1640;ca;;;;;False;;C;C;teotihuacan_jurisdiccion_nes;conceptos:corregimiento;NEMXTHJU;;NES;;div-nueva-espana;Corregimiento de Tequecistlan;[[:conceptos:corregimiento|Corregimiento]] de Tequecistlan;False
4532;SDO;AUPP0000;Audiencia Real;Puerto Principe;Puerto Principe;1800;exact;1808;hgis;;;;;False;;A.;Aud.;puerto_principe_audiencia_sdo;conceptos:audiencia;PP0000AU;sdo_audiencia_puerto principe;SDO;Audiencia;wikipedia;Audiencia Real de Puerto Principe;[[:conceptos:audiencia|Audiencia Real]] de Puerto Principe;False
4533;;PTGUNICH;Partido;Chontales;;1111;start;9999;end;;;;;False;;;;;;GUNICHPT;;;;alcedo;;;False
4534;SDO;AUSD0000;Audiencia Real;Puerto Principe;Puerto Principe;1800;exact;1808;hgis;;;;;False;;A.;Aud.;puerto_principe_audiencia_sdo;conceptos:audiencia;SD0000AU;sdo_audiencia_puerto principe;SDO;Audiencia;wikipedia;Audiencia Real de Puerto Principe;[[:conceptos:audiencia|Audiencia Real]] de Puerto Principe;False
4535;;FRXXXXXX;Fronteras;Aspecto fronterizo;;1111;start;1808;hgis;;;;;False;;Fr.;Fr.;;;XXXXXXFR;gdj_fronteras_apacheria lipanes;;Fronteras;s.d.;;[[:conceptos:fronteras|Fronteras]] de Apacheria Lipanes;False
4536;GUA;FRMORFXX;Fronteras;Suerre;Rio Frio y Suerre;1111;start;9999;end;;;;;False;;Front.;Front.;rio frio y suerre_fronteras_gua;conceptos:fronteras;MORFXXFR;gua_rio frio y suerre_fronteras;GUA;Costa Rica;passim;Fronteras del Rio Frio y Suerre;[[:conceptos:partido|fronteras]] de Rio Frio y Suerre;False
4537;VEN;JUVEMCLG;Jurisdiccion;La Grita;Espiritu Santo de La Grita;1625;exact;1808;hgis;;;;;False;;Jur.;Jur.;la grita_jurisdiccion_ven;conceptos:jurisdiccion;VEMCLGJU;ven_maracaibo_la grita;VEN;Maracaibo;;Jurisdiccion de La Grita;[[:conceptos:jurisdiccion|Jurisdiccion]] de La Grita;False
4538;PER;JUPETRPC;Partido; Pacllas;Los Pacllas;1612;exact;1700;not_after;;;1658;1700;False;;;;;;PETRPCJU;;PER;;;;;False
4539;PER;PTPETRCO;Partido;Collay;Collay;1111;start;1700;arbitrary;;;;;False;;Part.;Part.;collay_partido_per;conceptos:partido;PETRCOPT;per_trujillo_lamas;PER;Trujillo;;Partido de Collay;[[:conceptos:partido|Partido]] de Lamas;False
4540;PER;PTPETRLE;Partido;Leymebamba;Leymebamba;1111;start;1700;arbitrary;;;;;False;;Part.;Part.;leymebamba_partido_per;conceptos:partido;PETRLEPT;per_trujillo_lamas;PER;Trujillo;;Partido de Leymebamba;[[:conceptos:partido|Partido]] de Lamas;False
4541;CHL;JUCHCOVA;Corregimiento;Valdivia;Valdivia;1568;exact;1601;exact;;;;;False;;C;C;valdivia_jurisdiccion_chl;conceptos:corregimiento;CHCOVAJU;chl_concepcion_valdivia;CHL;Concepcion;;Corregimiento de Cuyo;[[:conceptos:corregimiento|Corregimiento]] de Cuyo;False
4542;CHL;JUCHSACQ;Corregimiento;La Serena;La Serena;1568;exact;1749;arbitrary;;;;;False;;C;C;coquimbo_jurisdiccion_chl;conceptos:corregimiento;CHSACQJU;chl_santiago_coquimbo;CHL;Santiago;;Corregimiento de Coquimbo;[[:conceptos:corregimiento|Corregimiento]] de Coquimbo;False
4543;CHL;JUCHCOOS;Corregimiento;Osorno;Osorno;1568;exact;1601;exact;;;;;False;;C;C;osorno_jurisdiccion_chl;conceptos:gobernacion;CHCOOSJU;chl_concepcion_osorno;CHL;Concepcion;;Gobernacion de Osorno;[[:conceptos:gobernacion|Gobernacion]] de Osorno;False
4547;RPL;JURPSAPU;Corregimiento;Omaguaca;Valle de Omaguaca;1595;ca;1601;ca;1595;1596;;;False;;;;;;RPSAPUJU;;RPL;;;;;False
4548;RPL;JURPSAPU;Corregimiento;Omaguaca;Omaguaca, Casabindo y Cochinoca;1602;ca;1608;exact;;;;;False;;;;;;RPSAPUJU;;RPL;;;;;False
4549;RPL;JURPSAPU;Tenencia de gobierno;Rinconada;Valle Rico y Rinconada;1623;ca;1690;ca;;;;;False;;;;;;RPSAPUJU;;RPL;;;;;False
4550;RPL;JURPSAPU;Corregimiento-Alcaldia mayor de minas;Omaguaca;Omaguaca, Casabindo y Cochinoca;1602;ca;1622;ca;;;;;False;;;;;;RPSAPUJU;;RPL;;;;;False
