REG;gz_id;InstID;Label;Tipo;Cardinalidad;Rango;Lugar;START_;START_ex;END_;END_ex;Nota;Fuente;Orden;Superior;Principal;Domain
NES;1000001;Uni01;Universidad de Mexico;Universidad;Universidad Real y Pontificia;;México;1553;exact;9999;end;;Buenaventura Delgado Criado (coord.), Historia de la educación en España y América, tomo 2 (Madrid 1993);Secular;;;Universidades
SDO;3000001;Uni02;Universidad de Santo Tomás de Aquino;Universidad;Universidad Pontificia;;Santo Domingo;1538;exact;1746;exact;;Buenaventura Delgado Criado (coord.), Historia de la educación en España y América, tomo 2 (Madrid 1993);OP;;;Universidades
SDO;3000001;Uni02;Universidad de Santo Tomás de Aquino;Universidad;Universidad Real y Pontificia;;Santo Domingo;1747;exact;1799;exact;;Buenaventura Delgado Criado (coord.), Historia de la educación en España y América, tomo 2 (Madrid 1993);OP;;;Universidades
PER;6000001;Uni03;Universidad de San Marcos;Universidad;Universidad Real y Pontificia;;Lima;1551;exact;9999;end;;Buenaventura Delgado Criado (coord.), Historia de la educación en España y América, tomo 2 (Madrid 1993);Secular;;;Universidades
SDO;3000001;Uni04;Universidad de Santiago de la Paz;Universidad;Universidad Real;;Santo Domingo;1583;exact;1747;exact;;Buenaventura Delgado Criado (coord.), Historia de la educación en España y América, tomo 2 (Madrid 1993);SJ;;;Universidades
SDO;3000001;Uni04;Universidad de Santiago de la Paz;Universidad;Universidad Real y Pontificia;;Santo Domingo;1748;exact;1766;exact;;Buenaventura Delgado Criado (coord.), Historia de la educación en España y América, tomo 2 (Madrid 1993);SJ;;;Universidades
QUI;5600001;Uni05;Universidad de San Fulgencio;Universidad;Universidad;;Quito;1586;exact;1786;exact;;Buenaventura Delgado Criado (coord.), Historia de la educación en España y América, tomo 2 (Madrid 1993);OSA;;;Universidades
PER;6000001;Uni06;Universidad de San Ildefonso;Universidad;Universidad Real y Pontificia;;Lima;1608;exact;9999;end;;Buenaventura Delgado Criado (coord.), Historia de la educación en España y América, tomo 2 (Madrid 1993);OSA;;;Universidades
PER;6000002;Uni07;Universidad de San Ignacio de Loyola;Universidad;Universidad Colegio máximo;;Cuzco;1621;exact;1766;exact;;Buenaventura Delgado Criado (coord.), Historia de la educación en España y América, tomo 2 (Madrid 1993);SJ;;;Universidades
RPL;9000002;Uni08;Colegio máximo de la Compañía de Jesús;Colegio;Colegio máximo;;Córdoba;1621;exact;1766;exact;;Buenaventura Delgado Criado (coord.), Historia de la educación en España y América, tomo 2 (Madrid 1993);SJ;;;Universidades
CHL;7000001;Uni09;Colegio máximo  de San Miguel;Colegio;Colegio máximo;;Santiago;1621;exact;1766;exact;;Buenaventura Delgado Criado (coord.), Historia de la educación en España y América, tomo 2 (Madrid 1993);SJ;;;Universidades
QUI;5600001;Uni10;Universidad de San Gregorio Magno;Universidad;Universidad;;Quito;1622;exact;1768;exact;;Buenaventura Delgado Criado (coord.), Historia de la educación en España y América, tomo 2 (Madrid 1993);SJ;;;Universidades
NGR;5000001;Uni11;Academia de San Francisco Javier;Academia;Academia;;Santafé;1623;exact;1703;exact;;Buenaventura Delgado Criado (coord.), Historia de la educación en España y América, tomo 2 (Madrid 1993);SJ;;;Universidades
CHA;8000001;Uni12;Universidad de San Francisco Javier;Universidad;Universidad;;Charcas;1624;exact;1766;exact;;Buenaventura Delgado Criado (coord.), Historia de la educación en España y América, tomo 2 (Madrid 1993);SJ;;;Universidades
NES;1000022;Uni13;Universidad de Mérida;Universidad;Universidad Real y Pontificia;;Mérida;1624;exact;1766;exact;;Buenaventura Delgado Criado (coord.), Historia de la educación en España y América, tomo 2 (Madrid 1993);SJ;;;Universidades
NGR;5000001;Uni14;Universidad de Santo Tomás de Aquino;Universidad;Universidad;;Santafé;1639;exact;9999;end;;Buenaventura Delgado Criado (coord.), Historia de la educación en España y América, tomo 2 (Madrid 1993);OP;;;Universidades
GUA;2000003;Uni15;Colegio de Santo Tomás;Colegio;Colegio máximo;;Guatemala;1621;exact;1659;exact;;Buenaventura Delgado Criado (coord.), Historia de la educación en España y América, tomo 2 (Madrid 1993);OP;;;Universidades
GUA;2000003;Uni15;Colegio máximo de la Compañía de Jesús;Colegio;Colegio máximo;;Guatemala;1621;exact;1675;exact;;Buenaventura Delgado Criado (coord.), Historia de la educación en España y América, tomo 2 (Madrid 1993);SJ;;;Universidades
GUA;2000003;Uni15;Universidad de San Carlos Borromeo;Universidad;Universidad Real y Pontificia;;Guatemala;1676;exact;9999;end;;Buenaventura Delgado Criado (coord.), Historia de la educación en España y América, tomo 2 (Madrid 1993);Secular;;;Universidades
PER;6000006;Uni16;Universidad de San Cristóbal;Universidad;Universidad Real y Pontificia;;Huamanga;1680;exact;9999;end;;Buenaventura Delgado Criado (coord.), Historia de la educación en España y América, tomo 2 (Madrid 1993);Secular;;;Universidades
CHL;7000001;Uni17;Universidad de Santo Tomás de Aquino;Universidad;Universidad;;Santiago;1685;exact;1747;ca;;Buenaventura Delgado Criado (coord.), Historia de la educación en España y América, tomo 2 (Madrid 1993);OP;;;Universidades
QUI;5600001;Uni18;Universidad de Santo Tomás de Aquino;Universidad;Universidad;;Quito;1688;exact;1787;exact;;Buenaventura Delgado Criado (coord.), Historia de la educación en España y América, tomo 2 (Madrid 1993);OP;;;Universidades
PER;6000002;Uni19;Universidad de San Antonio Abad;Universidad;Universidad;;Cuzco;1692;exact;9999;end;;Buenaventura Delgado Criado (coord.), Historia de la educación en España y América, tomo 2 (Madrid 1993);OP;;;Universidades
NGR;5000001;Uni20;Universidad de San Nicolás de Bari;Universidad;Universidad;;Santafé;1694;exact;9999;end;;Buenaventura Delgado Criado (coord.), Historia de la educación en España y América, tomo 2 (Madrid 1993);OSA;;;Universidades
NGR;5000001;Uni14;Universidad de San Francisco Javier;Universidad;Universidad;;Santafé;1704;exact;1766;exact;;Buenaventura Delgado Criado (coord.), Historia de la educación en España y América, tomo 2 (Madrid 1993);SJ;;;Universidades
VEN;4000001;Uni21;Universidad de Santa Rosa de Lima;Universidad;Universidad Real y Pontificia;;Caracas;1721;exact;9999;end;;Buenaventura Delgado Criado (coord.), Historia de la educación en España y América, tomo 2 (Madrid 1993);Secular;;;Universidades
CHL;7000002;Uni22;Universidad Pencopolitana;Universidad;Universidad Pontificia;;Concepción;1724;exact;1766;exact;;Buenaventura Delgado Criado (coord.), Historia de la educación en España y América, tomo 2 (Madrid 1993);SJ;;;Universidades
SDO;3000004;Uni23;Universidad de San Jerónimo;Universidad;Universidad Real y Pontificia;;La Habana;1728;exact;9999;end;;Buenaventura Delgado Criado (coord.), Historia de la educación en España y América, tomo 2 (Madrid 1993);OP;;;Universidades
CHL;7000001;Uni24;Universidad de San Felipe;Universidad;Universidad Real y Pontificia;;Santiago;1747;exact;9999;end;;Buenaventura Delgado Criado (coord.), Historia de la educación en España y América, tomo 2 (Madrid 1993);Secular;;;Universidades
NGR;5000002;Uni25;Universidad de San Francisco Javier;Universidad;Universidad Real y Pontificia;;Panamá;1749;exact;1766;exact;;Buenaventura Delgado Criado (coord.), Historia de la educación en España y América, tomo 2 (Madrid 1993);SJ;;;Universidades
NGR;5000002;Uni25;Universidad de San Francisco Javier;Universidad;Universidad Real y Pontificia;;Panamá;1767;exact;1781;exact;;Buenaventura Delgado Criado (coord.), Historia de la educación en España y América, tomo 2 (Madrid 1993);Secular;;;Universidades
NGR;5000001;Uni14;Universidad de San Francisco Javier;Universidad;Universidad;;Santafé;1767;exact;9999;end;;Buenaventura Delgado Criado (coord.), Historia de la educación en España y América, tomo 2 (Madrid 1993);Secular;;;Universidades
CHA;8000001;Uni12;Universidad de San Francisco Javier;Universidad;Universidad;;Charcas;1767;exact;9999;end;;Buenaventura Delgado Criado (coord.), Historia de la educación en España y América, tomo 2 (Madrid 1993);Secular;;;Universidades
RPL;9000002;Uni08;Universidad de San Carlos;Universidad;Universidad;;Córdoba;1767;exact;1799;exact;;Buenaventura Delgado Criado (coord.), Historia de la educación en España y América, tomo 2 (Madrid 1993);OFM;;;Universidades
RPL;9000002;Uni26;Colegio de Monserrat;Colegio;Colegio máximo;;Córdoba;1778;exact;1799;exact;;Buenaventura Delgado Criado (coord.), Historia de la educación en España y América, tomo 2 (Madrid 1993);OFM;;;Universidades
QUI;5600001;Uni27;Universidad pública;Universidad;Universidad;;Quito;1788;exact;9999;end;;Buenaventura Delgado Criado (coord.), Historia de la educación en España y América, tomo 2 (Madrid 1993);Secular;;;Universidades
GDJ;1000002;Uni28;Universidad de Santo Tomás;Universidad;Universidad Real y Pontificia;;Guadalajara;1791;exact;9999;end;;Buenaventura Delgado Criado (coord.), Historia de la educación en España y América, tomo 2 (Madrid 1993);Secular;;;Universidades
RPL;9000002;Uni08;Universidad de San Carlos y Nuestra Señora de Monserrat;Universidad;Universidad Real;;Córdoba;1800;exact;1807;exact;;Buenaventura Delgado Criado (coord.), Historia de la educación en España y América, tomo 2 (Madrid 1993);OFM;;;Universidades
RPL;9000002;Uni08;Universidad de San Carlos y Nuestra Señora de Monserrat;Universidad;Universidad Real y Pontificia;;Córdoba;1808;exact;9999;end;;Buenaventura Delgado Criado (coord.), Historia de la educación en España y América, tomo 2 (Madrid 1993);Secular;;;Universidades
PER;8000041;Caja_Carabaya_CHA;Caja real de Carabaya;Caja real;Principal;2;Carabaya;1690;;1796;;Morales Padrón: 1721, pero hay cuentas desde 1690;MORALES PADRON, Francisco: Atlas histórico-cultural de América, 2 vols. (Las Palmas de Gran Canaria 1988).;;;;Cajas
CHA;8000281;Caja_Carangas_CHA;Caja real de Carangas;Caja real;Principal;2;Carangas;1652;;1803;;;MORALES PADRON, Francisco: Atlas histórico-cultural de América, 2 vols. (Las Palmas de Gran Canaria 1988).;;;;Cajas
CHA;8000001;Caja_Charcas_CHA;Caja real de Charcas;Caja real;Principal;2;Charcas;1578;;1692;;;MORALES PADRON, Francisco: Atlas histórico-cultural de América, 2 vols. (Las Palmas de Gran Canaria 1988).;;;;Cajas
PER;8000018;Caja_Chucuito_CHA;Caja real de Chucuito;Caja real;Principal;2;Chucuito;1707;;1802;;;MORALES PADRON, Francisco: Atlas histórico-cultural de América, 2 vols. (Las Palmas de Gran Canaria 1988).;;;;Cajas
CHA;8000004;Caja_Cochabamba_CHA;Caja real de Cochabamba;Caja real;Principal;2;Cochabamba;1773;;9999;;;MORALES PADRON, Francisco: Atlas histórico-cultural de América, 2 vols. (Las Palmas de Gran Canaria 1988).;;;;Cajas
CHA;8000005;Caja_La_Paz_CHA;Caja real de La Paz;Caja real;Principal;2;La Paz;1601;;9999;;;MORALES PADRON, Francisco: Atlas histórico-cultural de América, 2 vols. (Las Palmas de Gran Canaria 1988).;;;;Cajas
CHA;8000010;Caja_Oruro_CHA;Caja real de Oruro;Caja real;Principal;2;Oruro;1606;;9999;;Morales Padrón: 1609;MORALES PADRON, Francisco: Atlas histórico-cultural de América, 2 vols. (Las Palmas de Gran Canaria 1988).;;;;Cajas
CHA;8000006;Caja_Potosí_CHA;Caja real de Potosí;Caja real;Principal;2;Potosí;1549;;9999;;;MORALES PADRON, Francisco: Atlas histórico-cultural de América, 2 vols. (Las Palmas de Gran Canaria 1988).;;;;Cajas
PER;8000002;Caja_Chucuito_CHA;Caja real de Puno;Caja real;Principal;2;Puno;1803;;9999;;;MORALES PADRON, Francisco: Atlas histórico-cultural de América, 2 vols. (Las Palmas de Gran Canaria 1988).;;;;Cajas
CHA;8000009;Caja_Santa_Cruz_de_la_Sierra_CHA;Caja real de Santa Cruz de la Sierra;Caja real;Principal;2;Santa Cruz de la Sierra;1789;;1802;;;MORALES PADRON, Francisco: Atlas histórico-cultural de América, 2 vols. (Las Palmas de Gran Canaria 1988).;;;;Cajas
CHL;7000007;Caja_Chiloé_CHL;Caja real de Chiloé;Caja real;Principal;2;Chiloé;1782;;9999;;;MORALES PADRON, Francisco: Atlas histórico-cultural de América, 2 vols. (Las Palmas de Gran Canaria 1988).;;;;Cajas
CHL;7000002;Caja_Concepción_CHL;Caja real de Concepción;Caja real;Principal;2;Concepción;1111;;1111;;Morales Padrón:  siglo XVI!;MORALES PADRON, Francisco: Atlas histórico-cultural de América, 2 vols. (Las Palmas de Gran Canaria 1988).;;;;Cajas
CHL;7000002;Caja_Concepción_CHL;Caja real de Concepción;Caja real;Principal;2;Concepción;1708;;9999;;;MORALES PADRON, Francisco: Atlas histórico-cultural de América, 2 vols. (Las Palmas de Gran Canaria 1988).;;;;Cajas
CHL;7000001;Caja_Santiago_de_Chile_CHL;Caja real de Santiago de Chile;Caja real;Principal;2;Santiago de Chile;1567;;9999;;;MORALES PADRON, Francisco: Atlas histórico-cultural de América, 2 vols. (Las Palmas de Gran Canaria 1988).;;;;Cajas
CHL;7000005;Caja_Valdivia_CHL;Caja real de Valdivia;Caja real;Principal;2;Valdivia;1767;;9999;;;MORALES PADRON, Francisco: Atlas histórico-cultural de América, 2 vols. (Las Palmas de Gran Canaria 1988).;;;;Cajas
GDJ;1000202;Caja_Sinaloa_GDJ;Caja real de Alamos;Caja real;Principal;2;Alamos;1770;;1782;;Morales Padrón: 1772?;MORALES PADRON, Francisco: Atlas histórico-cultural de América, 2 vols. (Las Palmas de Gran Canaria 1988).;;;;Cajas
GDJ;1000017;Caja_Sonora_GDJ;Caja real de Arizpe;Caja real;Principal;2;Arizpe;1781;;9999;;;MORALES PADRON, Francisco: Atlas histórico-cultural de América, 2 vols. (Las Palmas de Gran Canaria 1988).;;;;Cajas
GDJ;1000051;Caja_Bolaños_GDJ;Caja real de Bolaños;Caja real;Principal;2;Bolaños;1752;;9999;;;MORALES PADRON, Francisco: Atlas histórico-cultural de América, 2 vols. (Las Palmas de Gran Canaria 1988).;;;;Cajas
GDJ;1000003;Caja_Chihuahua_GDJ;Caja real de Chihuahua;Caja real;Principal;2;Chihuahua;1775;;9999;;;MORALES PADRON, Francisco: Atlas histórico-cultural de América, 2 vols. (Las Palmas de Gran Canaria 1988).;;;;Cajas
GDJ;1000204;Caja_Sinaloa_GDJ;Caja real de Cosalá;Caja real;Principal;2;Cosalá;1807;;9999;;;MORALES PADRON, Francisco: Atlas histórico-cultural de América, 2 vols. (Las Palmas de Gran Canaria 1988).;;;;Cajas
GDJ;1000004;Caja_Durango_GDJ;Caja real de Durango;Caja real;Principal;2;Durango;1599;;9999;;;MORALES PADRON, Francisco: Atlas histórico-cultural de América, 2 vols. (Las Palmas de Gran Canaria 1988).;;;;Cajas
GDJ;1000002;Caja_Guadalajara_GDJ;Caja real de Guadalajara;Caja real;Principal;2;Guadalajara;1559;;9999;;;MORALES PADRON, Francisco: Atlas histórico-cultural de América, 2 vols. (Las Palmas de Gran Canaria 1988).;;;;Cajas
GDJ;1000210;Caja_Sinaloa_GDJ;Caja real de Rosario;Caja real;Principal;2;Rosario;1783;;1806;;;MORALES PADRON, Francisco: Atlas histórico-cultural de América, 2 vols. (Las Palmas de Gran Canaria 1988).;;;;Cajas
GDJ;1000042;Caja_Saltillo_GDJ;Caja real de Saltillo;Caja real;Principal;2;Saltillo;1794;;9999;;;MORALES PADRON, Francisco: Atlas histórico-cultural de América, 2 vols. (Las Palmas de Gran Canaria 1988).;;;;Cajas
GDJ;1000059;Caja_San_Blas_GDJ;Caja real de San Blas;Caja real;Principal;2;San Blas;1774;;9999;;;MORALES PADRON, Francisco: Atlas histórico-cultural de América, 2 vols. (Las Palmas de Gran Canaria 1988).;;;;Cajas
GDJ;1000240;Caja_Sombrerete_GDJ;Caja real de Sombrerete;Caja real;Principal;2;Sombrerete;1668;;9999;;;MORALES PADRON, Francisco: Atlas histórico-cultural de América, 2 vols. (Las Palmas de Gran Canaria 1988).;;;;Cajas
GUA;2000132;Caja_Acajutla_GUA;Caja real de Acajutla;Caja real;Principal;2;Acajutla;1111;;1111;;Morales Padrón: siglo XVII;MORALES PADRON, Francisco: Atlas histórico-cultural de América, 2 vols. (Las Palmas de Gran Canaria 1988).;;;;Cajas
GUA;2000010;Caja_Cartago_GUA;Caja real de Cartago;Caja real;Principal;2;Cartago;1111;;1111;;Morales Padrón: siglo XVII;MORALES PADRON, Francisco: Atlas histórico-cultural de América, 2 vols. (Las Palmas de Gran Canaria 1988).;;;;Cajas
GUA;2000042;Caja_Chiapas_GUA;Caja real de Chiapa;Caja real;Principal;2;Chiapa;1540;;1543;;;MORALES PADRON, Francisco: Atlas histórico-cultural de América, 2 vols. (Las Palmas de Gran Canaria 1988).;;;;Cajas
GUA;2000005;Caja_Chiapas_GUA;Caja real de Chiapa;Caja real;Principal;2;Chiapa;1544;;1549;;;MORALES PADRON, Francisco: Atlas histórico-cultural de América, 2 vols. (Las Palmas de Gran Canaria 1988).;;;;Cajas
GUA;2000005;Caja_Chiapas_GUA;Caja real de Chiapas;Caja real;Principal;2;Chiapas;1801;;9999;;;MORALES PADRON, Francisco: Atlas histórico-cultural de América, 2 vols. (Las Palmas de Gran Canaria 1988).;;;;Cajas
GUA;2000009;Caja_Honduras_GUA;Caja real de Honduras;Caja real;Principal;2;Honduras;1527;;1543;;Cuentas en el AGI hasta 1679;MORALES PADRON, Francisco: Atlas histórico-cultural de América, 2 vols. (Las Palmas de Gran Canaria 1988).;;;;Cajas
GUA;2000001;Caja_Honduras_GUA;Caja real de Honduras;Caja real;Principal;2;Honduras;1544;;1563;;Cuentas en el AGI hasta 1679;MORALES PADRON, Francisco: Atlas histórico-cultural de América, 2 vols. (Las Palmas de Gran Canaria 1988).;;;;Cajas
GUA;2000006;Caja_Honduras_GUA;Caja real de Comayagua;Caja real;Principal;2;Comayagua;1564;;1679;;Cuentas en el AGI hasta 1679;MORALES PADRON, Francisco: Atlas histórico-cultural de América, 2 vols. (Las Palmas de Gran Canaria 1988).;;;;Cajas
GUA;2000680;Caja_Granada_GUA;Caja real de Granada;Caja real;Principal;2;Granada;1111;;1111;;Morales Padrón: siglo XVII;MORALES PADRON, Francisco: Atlas histórico-cultural de América, 2 vols. (Las Palmas de Gran Canaria 1988).;;;;Cajas
GUA;2000003;Caja_Guatemala_GUA;Caja real de Guatemala;Caja real;Principal;2;Guatemala;1529;;9999;;;MORALES PADRON, Francisco: Atlas histórico-cultural de América, 2 vols. (Las Palmas de Gran Canaria 1988).;;;;Cajas
GUA;2000007;Caja_León_GUA;Caja real de León;Caja real;Principal;2;León;1573;;1695;;Cuentas en el AGI hasta 1695;MORALES PADRON, Francisco: Atlas histórico-cultural de América, 2 vols. (Las Palmas de Gran Canaria 1988).;;;;Cajas
GUA;2000677;Caja_Nueva_Segovia_GUA;Caja real de Nueva Segovia;Caja real;Principal;2;Nueva Segovia;1111;;1111;;Morales Padrón: siglo XVI;MORALES PADRON, Francisco: Atlas histórico-cultural de América, 2 vols. (Las Palmas de Gran Canaria 1988).;;;;Cajas
GUA;2000246;Caja_San_Pedro_Sula_GUA;Caja real de San Pedro Sula;Caja real;Principal;2;San Pedro Sula;1111;;1111;;Morales Padrón: siglo XVI;MORALES PADRON, Francisco: Atlas histórico-cultural de América, 2 vols. (Las Palmas de Gran Canaria 1988).;;;;Cajas
GUA;2000131;Caja_Sonsonate_GUA;Caja real de Sonsonate;Caja real;Principal;2;Sonsonate;1605;;1674;;Cuentas en el AGI hasta 1615;MORALES PADRON, Francisco: Atlas histórico-cultural de América, 2 vols. (Las Palmas de Gran Canaria 1988).;;;;Cajas
GUA;2000264;Caja_Tegucigalpa_GUA;Caja real de Tegucigalpa;Caja real;Principal;2;Tegucigalpa;1111;;1662;;Hay cuentas para 1662.;MORALES PADRON, Francisco: Atlas histórico-cultural de América, 2 vols. (Las Palmas de Gran Canaria 1988).;;;;Cajas
NES;1000006;Caja_Acapulco_NES;Caja real de Acapulco;Caja real;Principal;2;Acapulco;1590;;9999;;;MORALES PADRON, Francisco: Atlas histórico-cultural de América, 2 vols. (Las Palmas de Gran Canaria 1988).;;;;Cajas
NES;1000226;Caja_Campeche_NES;Caja real de Campeche;Caja real;Principal;2;Campeche;1716;;9999;;Morales Padrón: Funcionaba en 1578.?;MORALES PADRON, Francisco: Atlas histórico-cultural de América, 2 vols. (Las Palmas de Gran Canaria 1988).;;;;Cajas
NES;1000005;Caja_Guanajuato_NES;Caja real de Guanajuato;Caja real;Principal;2;Guanajuato;1665;;9999;;;MORALES PADRON, Francisco: Atlas histórico-cultural de América, 2 vols. (Las Palmas de Gran Canaria 1988).;;;;Cajas
NES;1000022;Caja_Mérida_NES;Caja real de Mérida;Caja real;Principal;2;Mérida;1540;;9999;;;MORALES PADRON, Francisco: Atlas histórico-cultural de América, 2 vols. (Las Palmas de Gran Canaria 1988).;;;;Cajas
NES;1000001;Caja_México_NES;Caja real de México;Caja real;Principal;2;México;1521;;1604;;;MORALES PADRON, Francisco: Atlas histórico-cultural de América, 2 vols. (Las Palmas de Gran Canaria 1988).;;;;Cajas
NES;1000008;Caja_Michoacán_NES;Caja real de Michoacán;Caja real;Principal;2;Michoacán;1761;;9999;;;MORALES PADRON, Francisco: Atlas histórico-cultural de América, 2 vols. (Las Palmas de Gran Canaria 1988).;;;;Cajas
NES;1000014;Caja_Oaxaca_NES;Caja real de Oaxaca;Caja real;Principal;2;Oaxaca;1790;;9999;;;MORALES PADRON, Francisco: Atlas histórico-cultural de América, 2 vols. (Las Palmas de Gran Canaria 1988).;;;;Cajas
NES;1000007;Caja_Pachuca_NES;Caja real de Pachuca;Caja real;Principal;2;Pachuca;1667;;9999;;;MORALES PADRON, Francisco: Atlas histórico-cultural de América, 2 vols. (Las Palmas de Gran Canaria 1988).;;;;Cajas
NES;1000217;Caja_Panuco_NES;Caja real de Panuco;Caja real;Principal;2;Panuco;1111;;1111;;Morales Padrón: siglo XVI;MORALES PADRON, Francisco: Atlas histórico-cultural de América, 2 vols. (Las Palmas de Gran Canaria 1988).;;;;Cajas
NES;1005098;Caja_Perote_NES;Caja real de Perote;Caja real;Principal;2;Perote;1786;;9999;;;MORALES PADRON, Francisco: Atlas histórico-cultural de América, 2 vols. (Las Palmas de Gran Canaria 1988).;;;;Cajas
NES;1004862;Caja_Presidio_del_Carmen_NES;Caja real de Presidio del Carmen;Caja real;Principal;2;Presidio del Carmen;1729;;1731;;;MORALES PADRON, Francisco: Atlas histórico-cultural de América, 2 vols. (Las Palmas de Gran Canaria 1988).;;;;Cajas
NES;1004862;Caja_Presidio_del_Carmen_NES;Caja real de Presidio del Carmen;Caja real;Principal;2;Presidio del Carmen;1775;;9999;;Morales Padrón: 1770?;MORALES PADRON, Francisco: Atlas histórico-cultural de América, 2 vols. (Las Palmas de Gran Canaria 1988).;;;;Cajas
NES;1000015;Caja_Puebla_NES;Caja real de Puebla;Caja real;Principal;2;Puebla;1698;;1728;;;MORALES PADRON, Francisco: Atlas histórico-cultural de América, 2 vols. (Las Palmas de Gran Canaria 1988).;;;;Cajas
NES;1000015;Caja_Puebla_NES;Caja real de Puebla;Caja real;Principal;2;Puebla;1787;;9999;;;MORALES PADRON, Francisco: Atlas histórico-cultural de América, 2 vols. (Las Palmas de Gran Canaria 1988).;;;;Cajas
NES;1000016;Caja_San_Luis_Potosí_NES;Caja real de San Luis Potosí;Caja real;Principal;2;San Luis Potosí;1628;;9999;;;MORALES PADRON, Francisco: Atlas histórico-cultural de América, 2 vols. (Las Palmas de Gran Canaria 1988).;;;;Cajas
NES;1004860;Caja_Tabasco_NES;Caja real de Tabasco;Caja real;Principal;2;Tabasco;1601;;1732;;Morales Padrón: A partir de 1769?;MORALES PADRON, Francisco: Atlas histórico-cultural de América, 2 vols. (Las Palmas de Gran Canaria 1988).;;;;Cajas
NES;1000021;Caja_Veracruz_NES;Caja real de Veracruz;Caja real;Principal;2;Veracruz;1531;;9999;;;MORALES PADRON, Francisco: Atlas histórico-cultural de América, 2 vols. (Las Palmas de Gran Canaria 1988).;;;;Cajas
GDJ;1000024;Caja_Zacatecas_NES;Caja real de Zacatecas;Caja real;Principal;2;Zacatecas;1544;;9999;;;MORALES PADRON, Francisco: Atlas histórico-cultural de América, 2 vols. (Las Palmas de Gran Canaria 1988).;;;;Cajas
NES;1000117;Caja_Zimapan_NES;Caja real de Zimapan;Caja real;Principal;2;Zimapan;1722;;9999;;;MORALES PADRON, Francisco: Atlas histórico-cultural de América, 2 vols. (Las Palmas de Gran Canaria 1988).;;;;Cajas
NGR;5000013;Caja_Veragua_NGR;Caja real de Veragua;Caja real;Principal;2;Veragua;1111;;1111;;Morales Padrón: siglo XVI;MORALES PADRON, Francisco: Atlas histórico-cultural de América, 2 vols. (Las Palmas de Gran Canaria 1988).;;;;Cajas
PER;6000007;Caja_Arequipa_PER;Caja real de Arequipa;Caja real;Principal;2;Arequipa;1599;;9999;;;MORALES PADRON, Francisco: Atlas histórico-cultural de América, 2 vols. (Las Palmas de Gran Canaria 1988).;;;;Cajas
PER;6000021;Caja_Arica_PER;Caja real de Arica;Caja real;Principal;2;Arica;1642;;9999;;Suprimida en ocasiones?;MORALES PADRON, Francisco: Atlas histórico-cultural de América, 2 vols. (Las Palmas de Gran Canaria 1988).;;;;Cajas
PER;6000070;Caja_Cailloma_PER;Caja real de Cailloma;Caja real;Principal;2;Cailloma;1631;;1779;;;MORALES PADRON, Francisco: Atlas histórico-cultural de América, 2 vols. (Las Palmas de Gran Canaria 1988).;;;;Cajas
PER;6000610;Caja_Castrovirreyna_PER;Caja real de Castrovirreyna;Caja real;Principal;2;Castrovirreyna;1600;;1630;;Morales Padrón: siglo XVI y XVII;MORALES PADRON, Francisco: Atlas histórico-cultural de América, 2 vols. (Las Palmas de Gran Canaria 1988).;;;;Cajas
PER;6001262;Caja_Chachapoyas_PER;Caja real de Chachapoyas;Caja real;Principal;2;Chachapoyas;1627;;1639;;;MORALES PADRON, Francisco: Atlas histórico-cultural de América, 2 vols. (Las Palmas de Gran Canaria 1988).;;;;Cajas
PER;6000002;Caja_Cuzco_PER;Caja real de Cuzco;Caja real;Principal;2;Cuzco;1532;;9999;;;MORALES PADRON, Francisco: Atlas histórico-cultural de América, 2 vols. (Las Palmas de Gran Canaria 1988).;;;;Cajas
PER;6000006;Caja_Huamanga_PER;Caja real de Huamanga;Caja real;Principal;2;Huamanga;1764;;9999;;;MORALES PADRON, Francisco: Atlas histórico-cultural de América, 2 vols. (Las Palmas de Gran Canaria 1988).;;;;Cajas
PER;6000005;Caja_Huancavelica_PER;Caja real de Huancavelica;Caja real;Principal;2;Huancavelica;1577;;1784;;;MORALES PADRON, Francisco: Atlas histórico-cultural de América, 2 vols. (Las Palmas de Gran Canaria 1988).;;;;Cajas
PER;6001133;Caja_Jauja_PER;Caja real de Jauja;Caja real;Principal;2;Jauja;1730;;1785;;;MORALES PADRON, Francisco: Atlas histórico-cultural de América, 2 vols. (Las Palmas de Gran Canaria 1988).;;;;Cajas
PER;6000001;Caja_Lima_PER;Caja real de Lima;Caja real;Principal;2;Lima;1532;;1604;;;MORALES PADRON, Francisco: Atlas histórico-cultural de América, 2 vols. (Las Palmas de Gran Canaria 1988).;;;;Cajas
PER;6001391;Caja_Piura_y_Paita_PER;Caja real de Piura y Paita;Caja real;Principal;2;Piura y Paita;1600;;1779;;;MORALES PADRON, Francisco: Atlas histórico-cultural de América, 2 vols. (Las Palmas de Gran Canaria 1988).;;;;Cajas
PER;6000611;Caja_San_Juan_de_Matucana_PER;Caja real de San Juan de Matucana;Caja real;Principal;2;San Juan de Matucana;1721;;1729;;;MORALES PADRON, Francisco: Atlas histórico-cultural de América, 2 vols. (Las Palmas de Gran Canaria 1988).;;;;Cajas
PER;6001415;Caja_Saña_PER;Caja real de Saña;Caja real;Principal;2;Saña;1722;;1761;;;MORALES PADRON, Francisco: Atlas histórico-cultural de América, 2 vols. (Las Palmas de Gran Canaria 1988).;;;;Cajas
PER;6000003;Caja_Trujillo_PER;Caja real de Trujillo;Caja real;Principal;2;Trujillo;1601;;9999;;;MORALES PADRON, Francisco: Atlas histórico-cultural de América, 2 vols. (Las Palmas de Gran Canaria 1988).;;;;Cajas
PER;6001177;Caja_Vico_y_Pasco_PER;Caja real de Vico y Pasco;Caja real;Principal;2;Vico y Pasco;1670;;9999;;Morales Padrón: 1722, pero hay cuentas anteriores;MORALES PADRON, Francisco: Atlas histórico-cultural de América, 2 vols. (Las Palmas de Gran Canaria 1988).;;;;Cajas
QUI;5600002;Caja_Cuenca_QUI;Caja real de Cuenca;Caja real;Principal;2;Cuenca;1722;;9999;;Morales Padrón:  siglo XVI!;MORALES PADRON, Francisco: Atlas histórico-cultural de América, 2 vols. (Las Palmas de Gran Canaria 1988).;;;;Cajas
QUI;5600003;Caja_Guayaquil_QUI;Caja real de Guayaquil;Caja real;Principal;2;Guayaquil;1600;;9999;;;MORALES PADRON, Francisco: Atlas histórico-cultural de América, 2 vols. (Las Palmas de Gran Canaria 1988).;;;;Cajas
QUI;5600004;Caja_Jaen_QUI;Caja real de Jaen;Caja real;Principal;2;Jaen;1111;;1111;;Morales Padrón: siglo XVI;MORALES PADRON, Francisco: Atlas histórico-cultural de América, 2 vols. (Las Palmas de Gran Canaria 1988).;;;;Cajas
QUI;5600004;Caja_Jaen_QUI;Caja real de Jaén;Caja real;Principal;2;Jaén;1762;;9999;;;MORALES PADRON, Francisco: Atlas histórico-cultural de América, 2 vols. (Las Palmas de Gran Canaria 1988).;;;;Cajas
QUI;5600012;Caja_Loja_QUI;Caja real de Loja;Caja real;Principal;2;Loja;1111;;1111;;Morales Padrón: siglo XVI;MORALES PADRON, Francisco: Atlas histórico-cultural de América, 2 vols. (Las Palmas de Gran Canaria 1988).;;;;Cajas
QUI;5600028;Caja_Puerto_Viejo_QUI;Caja real de Puerto Viejo;Caja real;Principal;2;Puerto Viejo;1622;;1636;;Morales Padrón:  siglo XVI!;MORALES PADRON, Francisco: Atlas histórico-cultural de América, 2 vols. (Las Palmas de Gran Canaria 1988).;;;;Cajas
QUI;5600001;Caja_Quito_QUI;Caja real de Quito;Caja real;Principal;2;Quito;1549;;1775;;;MORALES PADRON, Francisco: Atlas histórico-cultural de América, 2 vols. (Las Palmas de Gran Canaria 1988).;;;;Cajas
QUI;5600148;Caja_Yaguarzongo_QUI;Caja real de Yaguarzongo;Caja real;Principal;2;Yaguarzongo;1111;;1111;;Morales Padrón: siglo XVI;MORALES PADRON, Francisco: Atlas histórico-cultural de América, 2 vols. (Las Palmas de Gran Canaria 1988).;;;;Cajas
QUI;5600149;Caja_Zamora_QUI;Caja real de Zamora;Caja real;Principal;2;Zamora;1111;;1111;;Morales Padrón: siglo XVI;MORALES PADRON, Francisco: Atlas histórico-cultural de América, 2 vols. (Las Palmas de Gran Canaria 1988).;;;;Cajas
RPL;9000001;Caja_Buenos_Aires_RPL;Caja real de Buenos Aires;Caja real;Principal;2;Buenos Aires;1634;;1767;;;MORALES PADRON, Francisco: Atlas histórico-cultural de América, 2 vols. (Las Palmas de Gran Canaria 1988).;;;;Cajas
RPL;9000018;Caja_Catamarca_RPL;Caja real de Catamarca;Caja real;Principal;2;Catamarca;1760;;9999;;;MORALES PADRON, Francisco: Atlas histórico-cultural de América, 2 vols. (Las Palmas de Gran Canaria 1988).;;;;Cajas
RPL;9000002;Caja_Córdoba_RPL;Caja real de Córdoba;Caja real;Principal;2;Córdoba;1783;;9999;;;MORALES PADRON, Francisco: Atlas histórico-cultural de América, 2 vols. (Las Palmas de Gran Canaria 1988).;;;;Cajas
RPL;9000022;Caja_Corrientes_RPL;Caja real de Corrientes;Caja real;Principal;2;Corrientes;1771;;9999;;;MORALES PADRON, Francisco: Atlas histórico-cultural de América, 2 vols. (Las Palmas de Gran Canaria 1988).;;;;Cajas
RPL;9000019;Caja_Jujuy_RPL;Caja real de Jujuy;Caja real;Principal;2;Jujuy;1630;;1782;;;MORALES PADRON, Francisco: Atlas histórico-cultural de América, 2 vols. (Las Palmas de Gran Canaria 1988).;;;;Cajas
RPL;9000014;Caja_La_Rioja_RPL;Caja real de La Rioja;Caja real;Principal;2;La Rioja;1760;;9999;;;MORALES PADRON, Francisco: Atlas histórico-cultural de América, 2 vols. (Las Palmas de Gran Canaria 1988).;;;;Cajas
RPL;9000033;Caja_Maldonado_RPL;Caja real de Maldonado;Caja real;Principal;2;Maldonado;1786;;9999;;;MORALES PADRON, Francisco: Atlas histórico-cultural de América, 2 vols. (Las Palmas de Gran Canaria 1988).;;;;Cajas
RPL;9000013;Caja_Mendoza_RPL;Caja real de Mendoza;Caja real;Principal;2;Mendoza;1778;;9999;;;MORALES PADRON, Francisco: Atlas histórico-cultural de América, 2 vols. (Las Palmas de Gran Canaria 1988).;;;;Cajas
RPL;9000024;Caja_Montevideo_RPL;Caja real de Montevideo;Caja real;Principal;2;Montevideo;1770;;9999;;;MORALES PADRON, Francisco: Atlas histórico-cultural de América, 2 vols. (Las Palmas de Gran Canaria 1988).;;;;Cajas
RPL;9000006;Caja_Paraguay_RPL;Caja real de Paraguay;Caja real;Principal;2;Paraguay;1111;;1111;;Morales Padrón: siglo XVI;MORALES PADRON, Francisco: Atlas histórico-cultural de América, 2 vols. (Las Palmas de Gran Canaria 1988).;;;;Cajas
RPL;9000006;Caja_Paraguay_RPL;Caja real de Paraguay;Caja real;Principal;2;Paraguay;1772;;9999;;;MORALES PADRON, Francisco: Atlas histórico-cultural de América, 2 vols. (Las Palmas de Gran Canaria 1988).;;;;Cajas
RPL;9000003;Caja_Salta_RPL;Caja real de Salta;Caja real;Principal;2;Salta;1783;;9999;;;MORALES PADRON, Francisco: Atlas histórico-cultural de América, 2 vols. (Las Palmas de Gran Canaria 1988).;;;;Cajas
RPL;9000015;Caja_San_Juan_RPL;Caja real de San Juan;Caja real;Principal;2;San Juan;1779;;9999;;;MORALES PADRON, Francisco: Atlas histórico-cultural de América, 2 vols. (Las Palmas de Gran Canaria 1988).;;;;Cajas
RPL;9000023;Caja_Santa_Fe_RPL;Caja real de Santa Fe;Caja real;Principal;2;Santa Fe;1771;;9999;;;MORALES PADRON, Francisco: Atlas histórico-cultural de América, 2 vols. (Las Palmas de Gran Canaria 1988).;;;;Cajas
RPL;9000017;Caja_Santiago_Estero_RPL;Caja real de Santiago Estero;Caja real;Principal;2;Santiago Estero;1760;;9999;;;MORALES PADRON, Francisco: Atlas histórico-cultural de América, 2 vols. (Las Palmas de Gran Canaria 1988).;;;;Cajas
RPL;9000004;Caja_Tucumán_RPL;Caja real de Tucumán;Caja real;Principal;2;Tucumán;1111;;1111;;Morales Padrón: siglo XVI y XVII;MORALES PADRON, Francisco: Atlas histórico-cultural de América, 2 vols. (Las Palmas de Gran Canaria 1988).;;;;Cajas
RPL;9000004;Caja_Tucumán_RPL;Caja real de Tucumán;Caja real;Principal;2;Tucumán;1760;;9999;;;MORALES PADRON, Francisco: Atlas histórico-cultural de América, 2 vols. (Las Palmas de Gran Canaria 1988).;;;;Cajas
SDO;3000013;Caja_Bayamo_SDO;Caja real de Bayamo;Caja real;Principal;2;Bayamo;1703;;9999;;;MORALES PADRON, Francisco: Atlas histórico-cultural de América, 2 vols. (Las Palmas de Gran Canaria 1988).;;;;Cajas
SDO;3000007;Caja_Florida_SDO;Caja real de Florida;Caja real;Principal;2;Florida;1565;;1757;;;MORALES PADRON, Francisco: Atlas histórico-cultural de América, 2 vols. (Las Palmas de Gran Canaria 1988).;;;;Cajas
EXT;3001002;Caja_Jamaica_SDO;Caja real de Jamaica;Caja real;Principal;2;Jamaica;1111;;1111;;Morales Padrón: siglo XVI;MORALES PADRON, Francisco: Atlas histórico-cultural de América, 2 vols. (Las Palmas de Gran Canaria 1988).;;;;Cajas
SDO;3000004;Caja_La_Habana_SDO;Caja real de La Habana;Caja real;Principal;2;La Habana;1559;;1637;;;MORALES PADRON, Francisco: Atlas histórico-cultural de América, 2 vols. (Las Palmas de Gran Canaria 1988).;;;;Cajas
SDO;3000011;Caja_Matanzas_SDO;Caja real de Matanzas;Caja real;Principal;2;Matanzas;1743;;9999;;;MORALES PADRON, Francisco: Atlas histórico-cultural de América, 2 vols. (Las Palmas de Gran Canaria 1988).;;;;Cajas
SDO;3000006;Caja_Nueva_Orleans_SDO;Caja real de Nueva Orleans;Caja real;Principal;2;Nueva Orleans;1111;;1111;;;MORALES PADRON, Francisco: Atlas histórico-cultural de América, 2 vols. (Las Palmas de Gran Canaria 1988).;;;;Cajas
SDO;3000023;Caja_Pensacola_SDO;Caja real de Pensacola;Caja real;Principal;2;Pensacola;1111;;1111;;;MORALES PADRON, Francisco: Atlas histórico-cultural de América, 2 vols. (Las Palmas de Gran Canaria 1988).;;;;Cajas
SDO;3000002;Caja_Puerto_Principe_SDO;Caja real de Puerto Principe;Caja real;Principal;2;Puerto Principe;1708;;9999;;;MORALES PADRON, Francisco: Atlas histórico-cultural de América, 2 vols. (Las Palmas de Gran Canaria 1988).;;;;Cajas
SDO;3000018;Caja_San_Juan_de_los_Remedios_SDO;Caja real de San Juan de los Remedios;Caja real;Principal;2;San Juan de los Remedios;1743;;9999;;;MORALES PADRON, Francisco: Atlas histórico-cultural de América, 2 vols. (Las Palmas de Gran Canaria 1988).;;;;Cajas
SDO;3000003;Caja_San_Juan_de_Puerto_Rico_SDO;Caja real de San Juan de Puerto Rico;Caja real;Principal;2;San Juan de Puerto Rico;1510;;9999;;;MORALES PADRON, Francisco: Atlas histórico-cultural de América, 2 vols. (Las Palmas de Gran Canaria 1988).;;;;Cajas
SDO;3000017;Caja_Sancti_Spiritus_SDO;Caja real de Sancti Spiritus;Caja real;Principal;2;Sancti Spiritus;1704;;9999;;;MORALES PADRON, Francisco: Atlas histórico-cultural de América, 2 vols. (Las Palmas de Gran Canaria 1988).;;;;Cajas
SDO;3000019;Caja_Santa_Clara_SDO;Caja real de Santa Clara;Caja real;Principal;2;Santa Clara;1743;;9999;;;MORALES PADRON, Francisco: Atlas histórico-cultural de América, 2 vols. (Las Palmas de Gran Canaria 1988).;;;;Cajas
SDO;3000005;Caja_Santiago_de_Cuba_SDO;Caja real de Santiago de Cuba;Caja real;Principal;2;Santiago de Cuba;1529;;9999;;;MORALES PADRON, Francisco: Atlas histórico-cultural de América, 2 vols. (Las Palmas de Gran Canaria 1988).;;;;Cajas
SDO;3000001;Caja_Santo_Domingo_SDO;Caja real de Santo Domingo;Caja real;Principal;2;Santo Domingo;1520;;9999;;;MORALES PADRON, Francisco: Atlas histórico-cultural de América, 2 vols. (Las Palmas de Gran Canaria 1988).;;;;Cajas
SDO;3000010;Caja_Trinidad_de_Cuba_SDO;Caja real de Trinidad de Cuba;Caja real;Principal;2;Trinidad de Cuba;1111;;1111;;Morales Padrón: sin fechas.;MORALES PADRON, Francisco: Atlas histórico-cultural de América, 2 vols. (Las Palmas de Gran Canaria 1988).;;;;Cajas
VEN;4000014;Caja_Barquisimeto_VEN;Caja real de Barquisimeto;Caja real;Principal;2;Barquisimeto;1671;;1701;;Morales Padrón:  siglo XVI!;MORALES PADRON, Francisco: Atlas histórico-cultural de América, 2 vols. (Las Palmas de Gran Canaria 1988).;;;;Cajas
VEN;4000001;Caja_Caracas_VEN;Caja real de Caracas;Caja real;Principal;2;Caracas;1529;;1776;;;MORALES PADRON, Francisco: Atlas histórico-cultural de América, 2 vols. (Las Palmas de Gran Canaria 1988).;;;;Cajas
VEN;4000016;Caja_Carora_VEN;Caja real de Carora;Caja real;Principal;2;Carora;1674;;1696;;Morales Padrón:  siglo XVI!;MORALES PADRON, Francisco: Atlas histórico-cultural de América, 2 vols. (Las Palmas de Gran Canaria 1988).;;;;Cajas
VEN;4000002;Caja_Coro_VEN;Caja real de Coro;Caja real;Principal;2;Coro;1672;;1701;;Morales Padrón:  siglo XVI!;MORALES PADRON, Francisco: Atlas histórico-cultural de América, 2 vols. (Las Palmas de Gran Canaria 1988).;;;;Cajas
VEN;4000005;Caja_Cumaná_VEN;Caja real de Cumaná;Caja real;Principal;2;Cumaná;1583;;9999;;;MORALES PADRON, Francisco: Atlas histórico-cultural de América, 2 vols. (Las Palmas de Gran Canaria 1988).;;;;Cajas
VEN;4000018;Caja_Guanare_VEN;Caja real de Guanare;Caja real;Principal;2;Guanare;1672;;1689;;;MORALES PADRON, Francisco: Atlas histórico-cultural de América, 2 vols. (Las Palmas de Gran Canaria 1988).;;;;Cajas
VEN;4000006;Caja_isla_Margarita_VEN;Caja real de isla Margarita;Caja real;Principal;2;isla Margarita;1580;;9999;;;MORALES PADRON, Francisco: Atlas histórico-cultural de América, 2 vols. (Las Palmas de Gran Canaria 1988).;;;;Cajas
VEN;4000004;Caja_isla_Trinidad_VEN;Caja real de isla Trinidad;Caja real;Principal;2;isla Trinidad;1660;;1796;;;MORALES PADRON, Francisco: Atlas histórico-cultural de América, 2 vols. (Las Palmas de Gran Canaria 1988).;;;;Cajas
VEN;4000010;Caja_La_Guaira_VEN;Caja real de La Guaira;Caja real;Principal;2;La Guaira;1675;;1744;;;MORALES PADRON, Francisco: Atlas histórico-cultural de América, 2 vols. (Las Palmas de Gran Canaria 1988).;;;;Cajas
VEN;4000009;Caja_La_Guayana_VEN;Caja real de La Guayana;Caja real;Principal;2;La Guayana;1624;;1111;;Morales Padrón:  siglo XVI!;MORALES PADRON, Francisco: Atlas histórico-cultural de América, 2 vols. (Las Palmas de Gran Canaria 1988).;;;;Cajas
VEN;4000007;Caja_Maracaibo_VEN;Caja real de Maracaibo;Caja real;Principal;2;Maracaibo;1680;;9999;;;MORALES PADRON, Francisco: Atlas histórico-cultural de América, 2 vols. (Las Palmas de Gran Canaria 1988).;;;;Cajas
VEN;4000019;Caja_Nirgua_VEN;Caja real de Nirgua;Caja real;Principal;2;Nirgua;1675;;1701;;;MORALES PADRON, Francisco: Atlas histórico-cultural de América, 2 vols. (Las Palmas de Gran Canaria 1988).;;;;Cajas
VEN;4000009;Caja_Orinoco_VEN;Caja real de Orinoco;Caja real;Principal;2;Orinoco;1754;;1777;;;MORALES PADRON, Francisco: Atlas histórico-cultural de América, 2 vols. (Las Palmas de Gran Canaria 1988).;;;;Cajas
VEN;4000023;Caja_San_Sebastián_de_los_Reyes_VEN;Caja real de San Sebastián de los Reyes;Caja real;Principal;2;San Sebastián de los Reyes;1673;;1696;;;MORALES PADRON, Francisco: Atlas histórico-cultural de América, 2 vols. (Las Palmas de Gran Canaria 1988).;;;;Cajas
VEN;4000463;Caja_Trujillo_VEN;Caja real de Trujillo;Caja real;Principal;2;Trujillo;1111;;1111;;Morales Padrón:  siglo XVI!;MORALES PADRON, Francisco: Atlas histórico-cultural de América, 2 vols. (Las Palmas de Gran Canaria 1988).;;;;Cajas
VEN;4000003;Caja_Tucuyo_VEN;Caja real de Tucuyo;Caja real;Principal;2;Tucuyo;1671;;1700;;;MORALES PADRON, Francisco: Atlas histórico-cultural de América, 2 vols. (Las Palmas de Gran Canaria 1988).;;;;Cajas
VEN;4000024;Caja_Valencia_VEN;Caja real de Valencia;Caja real;Principal;2;Valencia;1672;;1702;;Morales Padrón:  siglo XVI!;MORALES PADRON, Francisco: Atlas histórico-cultural de América, 2 vols. (Las Palmas de Gran Canaria 1988).;;;;Cajas
NGR;5000046;Caja_Cáceres_NGR;Caja real de Cáceres;Caja real;Principal;2;Cáceres;1605;;1679;;;MORALES PADRON, Francisco: Atlas histórico-cultural de América, 2 vols. (Las Palmas de Gran Canaria 1988).;;;;Cajas
NGR;5000003;Caja_Antioquia_NGR;Caja real de Antioquia;Caja real;Principal;2;Antioquia;1595;;9999;;;MORALES PADRON, Francisco: Atlas histórico-cultural de América, 2 vols. (Las Palmas de Gran Canaria 1988).;;;;Cajas
NGR;5000004;Caja_Cartagena_NGR;Caja real de Cartagena;Caja real;Principal;2;Cartagena;1533;;9999;;;MORALES PADRON, Francisco: Atlas histórico-cultural de América, 2 vols. (Las Palmas de Gran Canaria 1988).;;;;Cajas
NGR;5600037;Caja_Cartago_NGR;Caja real de Cartago;Caja real;Principal;2;Cartago;1606;;9999;;;MORALES PADRON, Francisco: Atlas histórico-cultural de América, 2 vols. (Las Palmas de Gran Canaria 1988).;;;;Cajas
NGR;5000029;Caja_Honda_NGR;Caja real de Honda;Caja real;Principal;2;Honda;1694;;9999;;;MORALES PADRON, Francisco: Atlas histórico-cultural de América, 2 vols. (Las Palmas de Gran Canaria 1988).;;;;Cajas
NGR;5000024;Caja_Mompox_NGR;Caja real de Mompox;Caja real;Principal;2;Mompox;1619;;9999;;;MORALES PADRON, Francisco: Atlas histórico-cultural de América, 2 vols. (Las Palmas de Gran Canaria 1988).;;;;Cajas
NGR;5000056;Caja_Novitá_NGR;Caja real de Novitá;Caja real;Principal;2;Novitá;1725;;9999;;;MORALES PADRON, Francisco: Atlas histórico-cultural de América, 2 vols. (Las Palmas de Gran Canaria 1988).;;;;Cajas
NGR;5000039;Caja_Ocaña_NGR;Caja real de Ocaña;Caja real;Principal;2;Ocaña;1754;;9999;;;MORALES PADRON, Francisco: Atlas histórico-cultural de América, 2 vols. (Las Palmas de Gran Canaria 1988).;;;;Cajas
NGR;5000002;Caja_Panamá_NGR;Caja real de Panamá;Caja real;Principal;2;Panamá;1514;;9999;;;MORALES PADRON, Francisco: Atlas histórico-cultural de América, 2 vols. (Las Palmas de Gran Canaria 1988).;;;;Cajas
NGR;5000005;Caja_Portobelo_NGR;Caja real de Portobelo;Caja real;Principal;2;Portobelo;1597;;9999;;;MORALES PADRON, Francisco: Atlas histórico-cultural de América, 2 vols. (Las Palmas de Gran Canaria 1988).;;;;Cajas
NGR;5000020;Caja_Remedios_NGR;Caja real de Remedios;Caja real;Principal;2;Remedios;1601;;9999;;;MORALES PADRON, Francisco: Atlas histórico-cultural de América, 2 vols. (Las Palmas de Gran Canaria 1988).;;;;Cajas
NGR;5000012;Caja_Riohacha_NGR;Caja real de Riohacha;Caja real;Principal;2;Riohacha;1529;;9999;;;MORALES PADRON, Francisco: Atlas histórico-cultural de América, 2 vols. (Las Palmas de Gran Canaria 1988).;;;;Cajas
NGR;5000001;Caja_Santa_Fe_de_Bogota_NGR;Caja real de Santa Fe de Bogota;Caja real;Principal;2;Santa Fe de Bogota;1570;;1604;;;MORALES PADRON, Francisco: Atlas histórico-cultural de América, 2 vols. (Las Palmas de Gran Canaria 1988).;;;;Cajas
NGR;5000011;Caja_Santa_Marta_NGR;Caja real de Santa Marta;Caja real;Principal;2;Santa Marta;1565;;9999;;;MORALES PADRON, Francisco: Atlas histórico-cultural de América, 2 vols. (Las Palmas de Gran Canaria 1988).;;;;Cajas
NGR;5000006;Caja_Zitara_NGR;Caja real de Zitara;Caja real;Principal;2;Zitara;1693;;9999;;;MORALES PADRON, Francisco: Atlas histórico-cultural de América, 2 vols. (Las Palmas de Gran Canaria 1988).;;;;Cajas
QUI;5600005;Caja_Popayán_QUI;Caja real de Popayán;Caja real;Principal;2;Popayán;1551;;9999;;;MORALES PADRON, Francisco: Atlas histórico-cultural de América, 2 vols. (Las Palmas de Gran Canaria 1988).;;;;Cajas
NGR;5600036;Caja_Anserma_NGR;Caja Real de Anserma;Caja Real;Subalterna;3;Anserma;1659;;9999;;;Durán y Díaz, Joaquín: Estado General de todo el Virreinato de Santafe de Bogotá en el presente año de 1794 (Bogotá 2012);;;;Cajas
NGR;5000155;Caja_Ayapel_NGR;Caja Real de Ayapel;Caja Real;Subalterna;3;Ayapel;1778;;9999;;;Durán y Díaz, Joaquín: Estado General de todo el Virreinato de Santafe de Bogotá en el presente año de 1794 (Bogotá 2012);;;;Cajas
NGR;5000218;Caja_Bodegas_de_Honda_NGR;Caja Real de Bodegas de Honda;Caja Real;Subalterna;3;Bodegas de Honda;1793;;9999;;;Durán y Díaz, Joaquín: Estado General de todo el Virreinato de Santafe de Bogotá en el presente año de 1794 (Bogotá 2012);;;;Cajas
QUI;5600032;Caja_Buga_NGR;Caja Real de Buga;Caja Real;Subalterna;3;Buga;1793;;9999;;;Durán y Díaz, Joaquín: Estado General de todo el Virreinato de Santafe de Bogotá en el presente año de 1794 (Bogotá 2012);;;;Cajas
NGR;5000046;Caja_Cáceres_NGR;Caja Real de Cáceres;Caja Real;Subalterna;3;Cáceres;1777;;9999;;Existió en 1793 (Fuente:Estado_1794).;Durán y Díaz, Joaquín: Estado General de todo el Virreinato de Santafe de Bogotá en el presente año de 1794 (Bogotá 2012);;;;Cajas
QUI;5600033;Caja_Calí_NGR;Caja Real de Calí;Caja Real;Subalterna;3;Calí;1778;;9999;;;Durán y Díaz, Joaquín: Estado General de todo el Virreinato de Santafe de Bogotá en el presente año de 1794 (Bogotá 2012);;;;Cajas
NGR;5000095;Caja_Cancán_NGR;Caja Real de Cancán;Caja Real;Subalterna;3;Cancán;1793;;9999;;;Durán y Díaz, Joaquín: Estado General de todo el Virreinato de Santafe de Bogotá en el presente año de 1794 (Bogotá 2012);;;;Cajas
NGR;5000142;Caja_El_Retiro_NGR;Caja Real de El Retiro;Caja Real;Subalterna;3;El Retiro;1776;;9999;;;Durán y Díaz, Joaquín: Estado General de todo el Virreinato de Santafe de Bogotá en el presente año de 1794 (Bogotá 2012);;;;Cajas
NGR;5000036;Caja_Girón_NGR;Caja Real de Girón;Caja Real;Subalterna;3;Girón;1739;;9999;;;Durán y Díaz, Joaquín: Estado General de todo el Virreinato de Santafe de Bogotá en el presente año de 1794 (Bogotá 2012);;;;Cajas
NGR;5000578;Caja_Guamoco_NGR;Caja Real de Guamoco;Caja Real;Subalterna;3;Guamoco;1775;;9999;;Existió en 1793 (Fuente:Estado_1794).;Durán y Díaz, Joaquín: Estado General de todo el Virreinato de Santafe de Bogotá en el presente año de 1794 (Bogotá 2012);;;;Cajas
NGR;5000031;Caja_La_Palma_NGR;Caja Real de La Palma;Caja Real;Subalterna;3;La Palma;1793;;9999;;;Durán y Díaz, Joaquín: Estado General de todo el Virreinato de Santafe de Bogotá en el presente año de 1794 (Bogotá 2012);;;;Cajas
NGR;5000121;Caja_Loba_NGR;Caja Real de Loba;Caja Real;Subalterna;3;Loba;1775;;9999;;;Durán y Díaz, Joaquín: Estado General de todo el Virreinato de Santafe de Bogotá en el presente año de 1794 (Bogotá 2012);;;;Cajas
NGR;5000009;Caja_Mariquita_NGR;Caja Real de Mariquita;Caja Real;Subalterna;3;Mariquita;1590;;9999;;;Durán y Díaz, Joaquín: Estado General de todo el Virreinato de Santafe de Bogotá en el presente año de 1794 (Bogotá 2012);;;;Cajas
NGR;5000019;Caja_Medellín_NGR;Caja Real de Medellín;Caja Real;Subalterna;3;Medellín;1777;;9999;;;Durán y Díaz, Joaquín: Estado General de todo el Virreinato de Santafe de Bogotá en el presente año de 1794 (Bogotá 2012);;;;Cajas
NGR;5000010;Caja_Neiva_NGR;Caja Real de Neiva;Caja Real;Subalterna;3;Neiva;1791;;9999;;;Durán y Díaz, Joaquín: Estado General de todo el Virreinato de Santafe de Bogotá en el presente año de 1794 (Bogotá 2012);;;;Cajas
NGR;5000016;Caja_Pamplona_NGR;Caja Real de Pamplona;Caja Real;Subalterna;3;Pamplona;1776;;9999;;Existió en 1793 (Fuente:Estado_1794).;Durán y Díaz, Joaquín: Estado General de todo el Virreinato de Santafe de Bogotá en el presente año de 1794 (Bogotá 2012);;;;Cajas
NGR;5000052;Caja_Pántanos_NGR;Caja Real de Pántanos;Caja Real;Subalterna;3;Pántanos;1775;;9999;;;Durán y Díaz, Joaquín: Estado General de todo el Virreinato de Santafe de Bogotá en el presente año de 1794 (Bogotá 2012);;;;Cajas
NGR;5000021;Caja_Rionegro_NGR;Caja Real de Rionegro;Caja Real;Subalterna;3;Rionegro;1777;;9999;;;Durán y Díaz, Joaquín: Estado General de todo el Virreinato de Santafe de Bogotá en el presente año de 1794 (Bogotá 2012);;;;Cajas
NGR;5000025;Caja_Simití_NGR;Caja Real de Simití;Caja Real;Subalterna;3;Simití;1774;;9999;;;Durán y Díaz, Joaquín: Estado General de todo el Virreinato de Santafe de Bogotá en el presente año de 1794 (Bogotá 2012);;;;Cajas
NGR;5600040;Caja_Toro_NGR;Caja Real de Toro;Caja Real;Subalterna;3;Toro;1776;;9999;;;Durán y Díaz, Joaquín: Estado General de todo el Virreinato de Santafe de Bogotá en el presente año de 1794 (Bogotá 2012);;;;Cajas
NGR;5000041;Caja_Valledupar_NGR;Caja Real de Valledupar;Caja Real;Subalterna;3;Valledupar;1738;;9999;;;Durán y Díaz, Joaquín: Estado General de todo el Virreinato de Santafe de Bogotá en el presente año de 1794 (Bogotá 2012);;;;Cajas
NGR;5600169;Caja_Vega_de_Supía_NGR;Caja Real de Vega de Supía;Caja Real;Subalterna;3;Vega de Supía;1774;;9999;;;Durán y Díaz, Joaquín: Estado General de todo el Virreinato de Santafe de Bogotá en el presente año de 1794 (Bogotá 2012);;;;Cajas
NGR;5000096;Caja_Yolombo_NGR;Caja Real de Yolombo;Caja Real;Subalterna;3;Yolombo;1761;;9999;;;Durán y Díaz, Joaquín: Estado General de todo el Virreinato de Santafe de Bogotá en el presente año de 1794 (Bogotá 2012);;;;Cajas
NGR;5000023;Caja_Zaragoza_NGR;Caja Real de Zaragoza;Caja Real;Subalterna;3;Zaragoza;1776;;9999;;Existió en 1793 (Fuente:Estado_1794).;Durán y Díaz, Joaquín: Estado General de todo el Virreinato de Santafe de Bogotá en el presente año de 1794 (Bogotá 2012);;;;Cajas
QUI;5600050;Caja_Barbacoas_QUI;Caja Real de Barbacoas;Caja Real;Subalterna;3;Barbacoas;1752;;9999;;;Durán y Díaz, Joaquín: Estado General de todo el Virreinato de Santafe de Bogotá en el presente año de 1794 (Bogotá 2012);;;;Cajas
QUI;5600052;Caja_Iscuandé_QUI;Caja Real de Iscuandé;Caja Real;Subalterna;3;Iscuandé;1751;;9999;;;Durán y Díaz, Joaquín: Estado General de todo el Virreinato de Santafe de Bogotá en el presente año de 1794 (Bogotá 2012);;;;Cajas
QUI;5600730;Caja_Micay_QUI;Caja Real de Micay;Caja Real;Subalterna;3;Micay;1793;;9999;;Existió en 1793 (Fuente:Estado_1794).;Durán y Díaz, Joaquín: Estado General de todo el Virreinato de Santafe de Bogotá en el presente año de 1794 (Bogotá 2012);;;;Cajas
QUI;5600207;Caja_Raposo_QUI;Caja Real de Raposo;Caja Real;Subalterna;3;Raposo;1793;;9999;;Existió en 1793 (Fuente:Estado_1794).;Durán y Díaz, Joaquín: Estado General de todo el Virreinato de Santafe de Bogotá en el presente año de 1794 (Bogotá 2012);;;;Cajas
QUI;5600070;Caja_Tumaco_QUI;Caja Real de Tumaco;Caja Real;Subalterna;3;Tumaco;1793;;9999;;Existió en 1793 (Fuente:Estado_1794).;Durán y Díaz, Joaquín: Estado General de todo el Virreinato de Santafe de Bogotá en el presente año de 1794 (Bogotá 2012);;;;Cajas
RPL;9000002;Caja_Córdoba_RPL;Caja Real de Córdoba;Caja Real;Subalterna;3;Córdoba;1760;;1782;;;MORALES PADRON, Francisco: Atlas histórico-cultural de América, 2 vols. (Las Palmas de Gran Canaria 1988).;;;;Cajas
RPL;9000003;Caja_Salta_RPL;Caja Real de Salta;Caja Real;Subalterna;3;Salta;1760;;1782;;;MORALES PADRON, Francisco: Atlas histórico-cultural de América, 2 vols. (Las Palmas de Gran Canaria 1988).;;;;Cajas
NES;1000001;Tribunal_Cuentas_Mexico;Tribunal de cuentas de Mexico;Tribunal de cuentas;Tribunal;1;Mexico;1605;;9999;;;MORALES PADRON, Francisco: Atlas histórico-cultural de América, 2 vols. (Las Palmas de Gran Canaria 1988).;;;;Tribunales
NGR;5000001;Tribunal_Cuentas_Santa_Fe;Tribunal de cuentas de Santa Fe;Tribunal de cuentas;Tribunal;1;Santa Fe;1605;;9999;;;MORALES PADRON, Francisco: Atlas histórico-cultural de América, 2 vols. (Las Palmas de Gran Canaria 1988).;;;;Tribunales
PER;6000001;Tribunal_Cuentas_Lima;Tribunal de cuentas de Lima;Tribunal de cuentas;Tribunal;1;Lima;1605;;9999;;;MORALES PADRON, Francisco: Atlas histórico-cultural de América, 2 vols. (Las Palmas de Gran Canaria 1988).;;;;Tribunales
QUI;5600001;Tribunal_Cuentas_Quito;Tribunal de cuentas de Quito;Tribunal de cuentas;Tribunal;1;Quito;1776;;9999;;;MORALES PADRON, Francisco: Atlas histórico-cultural de América, 2 vols. (Las Palmas de Gran Canaria 1988).;;;;Tribunales
RPL;9000001;Tribunal_Cuentas_Buenos_Aires;Tribunal de cuentas de Buenos Aires;Tribunal de cuentas;Tribunal;1;Buenos Aires;1768;;9999;;;MORALES PADRON, Francisco: Atlas histórico-cultural de América, 2 vols. (Las Palmas de Gran Canaria 1988).;;;;Tribunales
SDO;3000004;Tribunal_Cuentas_La_Habana;Tribunal de cuentas de La Habana;Tribunal de cuentas;Tribunal;1;La Habana;1638;;9999;;;MORALES PADRON, Francisco: Atlas histórico-cultural de América, 2 vols. (Las Palmas de Gran Canaria 1988).;;;;Tribunales
VEN;4000001;Tribunal_Cuentas_Caracas;Tribunal de cuentas de Caracas;Tribunal de cuentas;Tribunal;1;Caracas;1777;;9999;;La fecha inicial no se ha confirmado.;MORALES PADRON, Francisco: Atlas histórico-cultural de América, 2 vols. (Las Palmas de Gran Canaria 1988).;;;;Tribunales
VEN;4000008;Caja_Barinas_VEN;Caja Real de Barinas;Caja Real;Principal;2;Barinas;1801;;9999;;;MORALES PADRON, Francisco: Atlas histórico-cultural de América, 2 vols. (Las Palmas de Gran Canaria 1988).;;;;Cajas
GDJ;1005120;Correo_1005120;Estafeta de correo de Real de Tayoltita;Estafeta de correo;Estafeta;4;Real de Tayoltita;1807;;9999;;;AGI_Correos;;Mexico;Mexico;Correo
NES;1000001;Correo_1000001;Administración principal de correo de México;Administración principal de correo;Principal;1;México;1768;;9999;;;AGI_Correos;;;;Correo
GDJ;1000002;Correo_1000002;Estafeta de correo de Guadalajara;Estafeta de correo;Estafeta;4;Guadalajara;1765;;9999;;;AGI_Correos;;Mexico;Mexico;Correo
GDJ;1000003;Correo_1000003;Estafeta de correo de Chihuahua;Estafeta de correo;Estafeta;4;Chihuahua;1765;;9999;;;AGI_Correos;;Mexico;Mexico;Correo
GDJ;1000004;Correo_1000004;Estafeta de correo de Durango;Estafeta de correo;Estafeta;4;Durango;1765;;9999;;;AGI_Correos;;Mexico;Mexico;Correo
NES;1000005;Correo_1000005;Estafeta de correo de Guanajuato;Estafeta de correo;Estafeta;4;Guanajuato;1765;;9999;;;AGI_Correos;;Mexico;Mexico;Correo
NES;1000006;Correo_1000006;Estafeta de correo de Acapulco;Estafeta de correo;Estafeta;4;Acapulco;1765;;9999;;;AGI_Correos;;Mexico;Mexico;Correo
NES;1000007;Correo_1000007;Estafeta de correo de Pachuca;Estafeta de correo;Estafeta;4;Pachuca;1772;;9999;;;AGI_Correos;;Mexico;Mexico;Correo
NES;1000008;Correo_1000008;Estafeta de correo de Valladolid de Michoacán;Estafeta de correo;Estafeta;4;Valladolid de Michoacán;1765;;9999;;;AGI_Correos;;Mexico;Mexico;Correo
GDJ;1000009;Correo_1000009;Estafeta de correo de Compostela;Estafeta de correo;Estafeta;4;Compostela;1801;;9999;;;AGI_Correos;;Mexico;Mexico;Correo
GDJ;1000010;Correo_1000010;Estafeta de correo de Monterrey;Estafeta de correo;Estafeta;4;Monterrey;1775;;9999;;;AGI_Correos;;San Luis Potosi;Mexico;Correo
GDJ;1000011;Correo_1000011;Estafeta de correo de Linares;Estafeta de correo;Estafeta;4;Linares;1797;;9999;;;AGI_Correos;;San Luis Potosi;Mexico;Correo
GDJ;1000012;Correo_1000012;Estafeta de correo de Presidio de Nuevo México;Estafeta de correo;Estafeta;4;Presidio de Nuevo México;1779;;9999;;;AGI_Correos;;Mexico;Mexico;Correo
NES;1000014;Correo_1000014;Estafeta de correo de Oaxaca;Estafeta de correo;Estafeta;4;Oaxaca;1768;;9999;;;AGI_Correos;;Veracruz;Veracruz;Correo
NES;1000015;Correo_1000015;Estafeta de correo de Puebla;Estafeta de correo;Estafeta;4;Puebla;1778;;9999;;;AGI_Correos;;Mexico;Mexico;Correo
NES;1000015;Correo_1000015;Estafeta de correo de Puebla;Estafeta de correo;Estafeta;4;Puebla;1768;;1777;;;AGI_Correos;;Veracruz;Veracruz;Correo
NES;1000016;Correo_1000016;Estafeta de correo de San Luís Potosí;Estafeta de correo;Estafeta;4;San Luís Potosí;1765;;9999;;;AGI_Correos;;Mexico;Mexico;Correo
GDJ;1000017;Correo_1000017;Estafeta de correo de Arizpe;Estafeta de correo;Estafeta;4;Arizpe;1781;;9999;;;AGI_Correos;;Mexico;Mexico;Correo
NES;1000018;Correo_1000018;Estafeta de correo de Tabasco;Estafeta de correo;Estafeta;4;Tabasco;1768;;1793;;;AGI_Correos;;Veracruz;Veracruz;Correo
NES;1000018;Correo_1000018;Estafeta de correo de Villahermosa;Estafeta de correo;Estafeta;4;Villahermosa;1794;;9999;;;AGI_Correos;;Veracruz;Veracruz;Correo
GDJ;1000019;Correo_1000019;Estafeta de correo de San Antonio de Béjar;Estafeta de correo;Estafeta;4;San Antonio de Béjar;1779;;9999;;;AGI_Correos;;San Luis Potosi;Mexico;Correo
NES;1000020;Correo_1000020;Estafeta de correo de Tlaxcala;Estafeta de correo;Estafeta;4;Tlaxcala;1778;;9999;;;AGI_Correos;;Mexico;Mexico;Correo
NES;1000020;Correo_1000020;Estafeta de correo de Tlaxcala;Estafeta de correo;Estafeta;4;Tlaxcala;1774;;1777;;;AGI_Correos;;Veracruz;Veracruz;Correo
NES;1000021;Correo_1000021;Administración principal de correo de Veracruz;Administración principal de correo;Principal;1;Veracruz;1768;;9999;;;AGI_Correos;;;;Correo
NES;1000022;Correo_1000022;Estafeta de correo de Merida de Yucatan;Estafeta de correo;Estafeta;4;Merida de Yucatan;1768;;9999;;;AGI_Correos;;Veracruz;Veracruz;Correo
NES;1000023;Correo_1000023;Estafeta de correo de Valladolid de Yucatan;Estafeta de correo;Estafeta;4;Valladolid de Yucatan;1787;;9999;;;AGI_Correos;;Veracruz;Veracruz;Correo
GDJ;1000024;Correo_1000024;Estafeta de correo de Zacatecas;Estafeta de correo;Estafeta;4;Zacatecas;1765;;9999;;;AGI_Correos;;Mexico;Mexico;Correo
GDJ;1000027;Correo_1000027;Estafeta de correo de Presidio Cerrogordo;Estafeta de correo;Estafeta;4;Presidio Cerrogordo;1790;;1791;;;AGI_Correos;;Mexico;Mexico;Correo
GDJ;1000030;Correo_1000030;Estafeta de correo de Presidio de Conchos;Estafeta de correo;Estafeta;4;Presidio de Conchos;1804;;9999;;;AGI_Correos;;Mexico;Mexico;Correo
GDJ;1000031;Correo_1000031;Estafeta de correo de Cuencame;Estafeta de correo;Estafeta;4;Cuencame;1785;;9999;;;AGI_Correos;;Mexico;Mexico;Correo
GDJ;1000034;Correo_1000034;Estafeta de correo de Guarisamey;Estafeta de correo;Estafeta;4;Guarisamey;1788;;9999;;;AGI_Correos;;Mexico;Mexico;Correo
GDJ;1000035;Correo_1000035;Estafeta de correo de Mapimi;Estafeta de correo;Estafeta;4;Mapimi;1779;;9999;;;AGI_Correos;;Mexico;Mexico;Correo
GDJ;1000038;Correo_1000038;Estafeta de correo de Santiago Papasquiaro;Estafeta de correo;Estafeta;4;Santiago Papasquiaro;1788;;9999;;;AGI_Correos;;Mexico;Mexico;Correo
GDJ;1000039;Correo_1000039;Estafeta de correo de Real  del Parral;Estafeta de correo;Estafeta;4;Real  del Parral;1768;;9999;;;AGI_Correos;;Mexico;Mexico;Correo
GDJ;1000040;Correo_1000040;Estafeta de correo de Santa María de las Parras;Estafeta de correo;Estafeta;4;Santa María de las Parras;1779;;9999;;;AGI_Correos;;San Luis Potosi;Mexico;Correo
GDJ;1000041;Correo_1000041;Estafeta de correo de Real  del Oro;Estafeta de correo;Estafeta;4;Real  del Oro;1776;;9999;;;AGI_Correos;;Mexico;Mexico;Correo
GDJ;1000042;Correo_1000042;Estafeta de correo de Saltillo;Estafeta de correo;Estafeta;4;Saltillo;1775;;9999;;;AGI_Correos;;San Luis Potosi;Mexico;Correo
GDJ;1000045;Correo_1000045;Estafeta de correo de San Juan del Río;Estafeta de correo;Estafeta;4;San Juan del Río;1792;;9999;;;AGI_Correos;;Mexico;Mexico;Correo
GDJ;1000047;Correo_1000047;Estafeta de correo de Valle de San Bartolomé;Estafeta de correo;Estafeta;4;Valle de San Bartolomé;1779;;9999;;;AGI_Correos;;Mexico;Mexico;Correo
GDJ;1000048;Correo_1000048;Estafeta de correo de Acaponeta;Estafeta de correo;Estafeta;4;Acaponeta;1791;;9999;;;AGI_Correos;;Mexico;Mexico;Correo
GDJ;1000050;Correo_1000050;Estafeta de correo de Autlan;Estafeta de correo;Estafeta;4;Autlan;1794;;9999;;;AGI_Correos;;Mexico;Mexico;Correo
GDJ;1000051;Correo_1000051;Estafeta de correo de Bolaños;Estafeta de correo;Estafeta;4;Bolaños;1778;;9999;;;AGI_Correos;;Mexico;Mexico;Correo
GDJ;1000052;Correo_1000052;Estafeta de correo de Cuquio;Estafeta de correo;Estafeta;4;Cuquio;1791;;9999;;;AGI_Correos;;Mexico;Mexico;Correo
GDJ;1000053;Correo_1000053;Estafeta de correo de Ahualulco;Estafeta de correo;Estafeta;4;Ahualulco;1791;;9999;;;AGI_Correos;;Mexico;Mexico;Correo
GDJ;1000054;Correo_1000054;Estafeta de correo de Guachinango;Estafeta de correo;Estafeta;4;Guachinango;1777;;9999;;;AGI_Correos;;Mexico;Mexico;Correo
GDJ;1000055;Correo_1000055;Estafeta de correo de Real de San Sebastián;Estafeta de correo;Estafeta;4;Real de San Sebastián;1792;;9999;;;AGI_Correos;;Mexico;Mexico;Correo
GDJ;1000056;Correo_1000056;Estafeta de correo de Hostotipaquillo;Estafeta de correo;Estafeta;4;Hostotipaquillo;1791;;9999;;;AGI_Correos;;Mexico;Mexico;Correo
GDJ;1000057;Correo_1000057;Estafeta de correo de La Barca;Estafeta de correo;Estafeta;4;La Barca;1790;;9999;;;AGI_Correos;;Mexico;Mexico;Correo
GDJ;1000058;Correo_1000058;Estafeta de correo de Lagos;Estafeta de correo;Estafeta;4;Lagos;1765;;9999;;;AGI_Correos;;Guanajuato;Mexico;Correo
GDJ;1000059;Correo_1000059;Estafeta de correo de San Blas;Estafeta de correo;Estafeta;4;San Blas;1780;;9999;;;AGI_Correos;;Mexico;Mexico;Correo
GDJ;1000062;Correo_1000062;Estafeta de correo de Sayula;Estafeta de correo;Estafeta;4;Sayula;1777;;9999;;;AGI_Correos;;Mexico;Mexico;Correo
GDJ;1000064;Correo_1000064;Estafeta de correo de Tala;Estafeta de correo;Estafeta;4;Tala;1807;;9999;;;AGI_Correos;;Mexico;Mexico;Correo
GDJ;1000065;Correo_1000065;Estafeta de correo de Tepatitlan;Estafeta de correo;Estafeta;4;Tepatitlan;1781;;9999;;;AGI_Correos;;Mexico;Mexico;Correo
GDJ;1000066;Correo_1000066;Estafeta de correo de Tepic;Estafeta de correo;Estafeta;4;Tepic;1774;;9999;;;AGI_Correos;;Mexico;Mexico;Correo
GDJ;1000067;Correo_1000067;Estafeta de correo de Tequila;Estafeta de correo;Estafeta;4;Tequila;1792;;9999;;;AGI_Correos;;Mexico;Mexico;Correo
GDJ;1000068;Correo_1000068;Estafeta de correo de Tlajomulco;Estafeta de correo;Estafeta;4;Tlajomulco;1800;;9999;;;AGI_Correos;;Mexico;Mexico;Correo
GDJ;1000069;Correo_1000069;Estafeta de correo de Tomatlan;Estafeta de correo;Estafeta;4;Tomatlan;1804;;9999;;;AGI_Correos;;Mexico;Mexico;Correo
GDJ;1000071;Correo_1000071;Estafeta de correo de Tuxcacuesco;Estafeta de correo;Estafeta;4;Tuxcacuesco;1800;;9999;;;AGI_Correos;;Mexico;Mexico;Correo
GDJ;1000072;Correo_1000072;Estafeta de correo de Zapotlán el Grande;Estafeta de correo;Estafeta;4;Zapotlán el Grande;1777;;9999;;;AGI_Correos;;Mexico;Mexico;Correo
NES;1000073;Correo_1000073;Estafeta de correo de Celaya;Estafeta de correo;Estafeta;4;Celaya;1765;;9999;;;AGI_Correos;;Queretaro;Mexico;Correo
NES;1000074;Correo_1000074;Estafeta de correo de San Sebastián de León;Estafeta de correo;Estafeta;4;San Sebastián de León;1765;;9999;;;AGI_Correos;;Guanajuato;Mexico;Correo
NES;1000075;Correo_1000075;Estafeta de correo de San Luis de la Paz;Estafeta de correo;Estafeta;4;San Luis de la Paz;1783;;9999;;;AGI_Correos;;Queretaro;Mexico;Correo
NES;1000076;Correo_1000076;Estafeta de correo de San Miguel el Grande;Estafeta de correo;Estafeta;4;San Miguel el Grande;1765;;9999;;;AGI_Correos;;Queretaro;Mexico;Correo
NES;1000077;Correo_1000077;Estafeta de correo de San Nicolás de Actopan;Estafeta de correo;Estafeta;4;San Nicolás de Actopan;1777;;9999;;;AGI_Correos;;Mexico;Mexico;Correo
NES;1000078;Correo_1000078;Estafeta de correo de Apan;Estafeta de correo;Estafeta;4;Apan;1777;;9999;;;AGI_Correos;;Mexico;Mexico;Correo
NES;1000079;Correo_1000079;Estafeta de correo de Cadereyta;Estafeta de correo;Estafeta;4;Cadereyta;1776;;9999;;;AGI_Correos;;Queretaro;Mexico;Correo
NES;1000080;Correo_1000080;Estafeta de correo de Chalco;Estafeta de correo;Estafeta;4;Chalco;1776;;9999;;;AGI_Correos;;Mexico;Mexico;Correo
NES;1000081;Correo_1000081;Estafeta de correo de Chilapa;Estafeta de correo;Estafeta;4;Chilapa;1780;;9999;;;AGI_Correos;;Mexico;Mexico;Correo
NES;1000084;Correo_1000084;Estafeta de correo de Cuautitlan;Estafeta de correo;Estafeta;4;Cuautitlan;1776;;9999;;;AGI_Correos;;Mexico;Mexico;Correo
NES;1000085;Correo_1000085;Estafeta de correo de Cuautla de Amilpas;Estafeta de correo;Estafeta;4;Cuautla de Amilpas;1776;;9999;;;AGI_Correos;;Mexico;Mexico;Correo
NES;1000086;Correo_1000086;Estafeta de correo de Cuernavaca;Estafeta de correo;Estafeta;4;Cuernavaca;1776;;9999;;;AGI_Correos;;Mexico;Mexico;Correo
NES;1000087;Correo_1000087;Estafeta de correo de San Cristóbal Ecatepec;Estafeta de correo;Estafeta;4;San Cristóbal Ecatepec;1779;;9999;;;AGI_Correos;;Mexico;Mexico;Correo
NES;1000088;Correo_1000088;Estafeta de correo de Huejutla;Estafeta de correo;Estafeta;4;Huejutla;1793;;9999;;;AGI_Correos;;Mexico;Mexico;Correo
NES;1000089;Correo_1000089;Estafeta de correo de Huichapan;Estafeta de correo;Estafeta;4;Huichapan;1774;;9999;;;AGI_Correos;;Mexico;Mexico;Correo
NES;1000090;Correo_1000090;Estafeta de correo de Ixmiquilpan;Estafeta de correo;Estafeta;4;Ixmiquilpan;1776;;9999;;;AGI_Correos;;Mexico;Mexico;Correo
NES;1000091;Correo_1000091;Estafeta de correo de Ixtlahuaca;Estafeta de correo;Estafeta;4;Ixtlahuaca;1776;;9999;;;AGI_Correos;;Mexico;Mexico;Correo
NES;1000092;Correo_1000092;Estafeta de correo de Lerma;Estafeta de correo;Estafeta;4;Lerma;1774;;9999;;;AGI_Correos;;Mexico;Mexico;Correo
NES;1000093;Correo_1000093;Estafeta de correo de Tenancingo;Estafeta de correo;Estafeta;4;Tenancingo;1785;;9999;;;AGI_Correos;;Mexico;Mexico;Correo
NES;1000095;Correo_1000095;Estafeta de correo de Meztitlan de la Sierra;Estafeta de correo;Estafeta;4;Meztitlan de la Sierra;1789;;9999;;;AGI_Correos;;Mexico;Mexico;Correo
NES;1000097;Correo_1000097;Estafeta de correo de Otumba;Estafeta de correo;Estafeta;4;Otumba;1777;;9999;;;AGI_Correos;;Mexico;Mexico;Correo
NES;1000098;Correo_1000098;Estafeta de correo de Querétaro;Estafeta de correo;Estafeta;4;Querétaro;1765;;9999;;;AGI_Correos;;Mexico;Mexico;Correo
NES;1000100;Correo_1000100;Estafeta de correo de Taxco;Estafeta de correo;Estafeta;4;Taxco;1774;;9999;;;AGI_Correos;;Mexico;Mexico;Correo
NES;1000101;Correo_1000101;Estafeta de correo de Temascaltepec;Estafeta de correo;Estafeta;4;Temascaltepec;1772;;9999;;;AGI_Correos;;Mexico;Mexico;Correo
NES;1000103;Correo_1000103;Estafeta de correo de Teotihuacan;Estafeta de correo;Estafeta;4;Teotihuacan;1777;;9999;;;AGI_Correos;;Mexico;Mexico;Correo
NES;1000107;Correo_1000107;Estafeta de correo de Texcoco;Estafeta de correo;Estafeta;4;Texcoco;1791;;9999;;;AGI_Correos;;Mexico;Mexico;Correo
NES;1000108;Correo_1000108;Estafeta de correo de Tixtla;Estafeta de correo;Estafeta;4;Tixtla;1780;;9999;;;AGI_Correos;;Mexico;Mexico;Correo
NES;1000109;Correo_1000109;Estafeta de correo de San José de Toluca;Estafeta de correo;Estafeta;4;San José de Toluca;1771;;9999;;;AGI_Correos;;Mexico;Mexico;Correo
NES;1000111;Correo_1000111;Estafeta de correo de Tulancingo;Estafeta de correo;Estafeta;4;Tulancingo;1772;;9999;;;AGI_Correos;;Mexico;Mexico;Correo
NES;1000113;Correo_1000113;Estafeta de correo de Yahualica;Estafeta de correo;Estafeta;4;Yahualica;1777;;9999;;;AGI_Correos;;Mexico;Mexico;Correo
NES;1000114;Correo_1000114;Estafeta de correo de Tecpan;Estafeta de correo;Estafeta;4;Tecpan;1806;;9999;;;AGI_Correos;;Mexico;Mexico;Correo
NES;1000117;Correo_1000117;Estafeta de correo de Zimapan;Estafeta de correo;Estafeta;4;Zimapan;1774;;9999;;;AGI_Correos;;Mexico;Mexico;Correo
NES;1000119;Correo_1000119;Estafeta de correo de Angamacutiro;Estafeta de correo;Estafeta;4;Angamacutiro;1782;;9999;;;AGI_Correos;;Mexico;Mexico;Correo
NES;1000120;Correo_1000120;Estafeta de correo de Apatzingan;Estafeta de correo;Estafeta;4;Apatzingan;1781;;9999;;;AGI_Correos;;Mexico;Mexico;Correo
NES;1000121;Correo_1000121;Estafeta de correo de Ario;Estafeta de correo;Estafeta;4;Ario;1783;;9999;;;AGI_Correos;;Mexico;Mexico;Correo
NES;1000125;Correo_1000125;Estafeta de correo de San Diego de Cocupao;Estafeta de correo;Estafeta;4;San Diego de Cocupao;1781;;9999;;;AGI_Correos;;Mexico;Mexico;Correo
NES;1000126;Correo_1000126;Estafeta de correo de Cuitzeo de La Laguna;Estafeta de correo;Estafeta;4;Cuitzeo de La Laguna;1808;;9999;;;AGI_Correos;;Mexico;Mexico;Correo
NES;1000127;Correo_1000127;Estafeta de correo de Erongaricuaro;Estafeta de correo;Estafeta;4;Erongaricuaro;1782;;9999;;;AGI_Correos;;Mexico;Mexico;Correo
NES;1000131;Correo_1000131;Estafeta de correo de Indaparapeo;Estafeta de correo;Estafeta;4;Indaparapeo;1785;;9999;;;AGI_Correos;;Mexico;Mexico;Correo
NES;1000132;Correo_1000132;Estafeta de correo de Jiquilpan;Estafeta de correo;Estafeta;4;Jiquilpan;1806;;9999;;;AGI_Correos;;Mexico;Mexico;Correo
NES;1000135;Correo_1000135;Estafeta de correo de Pátzcuaro;Estafeta de correo;Estafeta;4;Pátzcuaro;1765;;9999;;;AGI_Correos;;Mexico;Mexico;Correo
NES;1000136;Correo_1000136;Estafeta de correo de Puruandiro;Estafeta de correo;Estafeta;4;Puruandiro;1782;;9999;;;AGI_Correos;;Mexico;Mexico;Correo
NES;1000137;Correo_1000137;Estafeta de correo de Santa Clara de los Cobres;Estafeta de correo;Estafeta;4;Santa Clara de los Cobres;1782;;9999;;;AGI_Correos;;Mexico;Mexico;Correo
NES;1000139;Correo_1000139;Estafeta de correo de San Jerónimo de Tacambaro;Estafeta de correo;Estafeta;4;San Jerónimo de Tacambaro;1781;;9999;;;AGI_Correos;;Mexico;Mexico;Correo
NES;1000140;Correo_1000140;Estafeta de correo de Taretan;Estafeta de correo;Estafeta;4;Taretan;1782;;9999;;;AGI_Correos;;Mexico;Mexico;Correo
NES;1000142;Correo_1000142;Estafeta de correo de Tlalpujahua;Estafeta de correo;Estafeta;4;Tlalpujahua;1776;;9999;;;AGI_Correos;;Mexico;Mexico;Correo
NES;1000143;Correo_1000143;Estafeta de correo de Tlazazalca;Estafeta de correo;Estafeta;4;Tlazazalca;1784;;9999;;;AGI_Correos;;Mexico;Mexico;Correo
NES;1000144;Correo_1000144;Estafeta de correo de Uruapan;Estafeta de correo;Estafeta;4;Uruapan;1781;;9999;;;AGI_Correos;;Mexico;Mexico;Correo
NES;1000145;Correo_1000145;Estafeta de correo de San Martín de Zamora;Estafeta de correo;Estafeta;4;San Martín de Zamora;1772;;9999;;;AGI_Correos;;Mexico;Mexico;Correo
NES;1000146;Correo_1000146;Estafeta de correo de Zinapecuaro;Estafeta de correo;Estafeta;4;Zinapecuaro;1780;;9999;;;AGI_Correos;;Mexico;Mexico;Correo
NES;1000147;Correo_1000147;Estafeta de correo de San Juan Zitácuaro;Estafeta de correo;Estafeta;4;San Juan Zitácuaro;1782;;9999;;;AGI_Correos;;Mexico;Mexico;Correo
PER;6000021;Puerto_6000021;Puerto de Arica;Armada del Mar del Sur;Consular;3;Arica;1111;;1719;;Sólo se incorporó mandando plata a El Callao, no era destino de comercio de Europa.;Joseph de Veitia Linage, Norte de la Contratación de las Indias occidentales (Sevilla 1672);;;;Puerto
PER;6000008;Puerto_6000008;Puerto de El Callao;Armada del Mar del Sur;Consular;1;El Callao;1111;;1719;;;Joseph de Veitia Linage, Norte de la Contratación de las Indias occidentales (Sevilla 1672);;;;Puerto
QUI;5600003;Puerto_5600003;Puerto de Guayaquil;Armada del Mar del Sur;Consular;3;Guayaquil;1111;;1719;;Sólo se tocó a la vuelta, no era destino de comercio de Europa.;Interpolación;;;;Puerto
PER;6000003;Puerto_6000003;Puerto de Trujillo;Armada del Mar del Sur;Consular;3;Trujillo;1111;;1719;;Sólo se tocó a la vuelta, no era destino de comercio de Europa.;Joseph de Veitia Linage, Norte de la Contratación de las Indias occidentales (Sevilla 1672);;;;Puerto
PER;6001392;Puerto_6001392;Puerto de Paita;Armada del Mar del Sur;Consular;3;Paita;1111;;1719;;Sólo se tocó a la vuelta, no era destino de comercio de Europa, aunque en la ida a Callao era puerto de desembarque de pasajeros antes de continuar a El Callao, y en la vuelta se recogió plata.;Interpolación;;;;Puerto
NGR;5000002;Puerto_5000002;Puerto de Panamá;Armada del Mar del Sur;Consular;1;Panamá;1111;;1719;;;Joseph de Veitia Linage, Norte de la Contratación de las Indias occidentales (Sevilla 1672);;;;Puerto
CHL;7000003;Puerto_7000003;Puerto de Valparaíso;Armada del Mar del Sur;Consular;3;Valparaíso;1111;;1719;;Sólo se incorporó mandando mercancía a El Callao, no era destino de comercio de Europa.;Interpolación;;;;Puerto
SDO;3000001;Puerto_3000001;Puerto de Santo Domingo;Flota de Barlovento;Consular;2;Santo Domingo;1111;;1719;;;Joseph de Veitia Linage, Norte de la Contratación de las Indias occidentales (Sevilla 1672);;;;Puerto
NES;1000226;Puerto_1000226;Puerto de Campeche;Flota de Barlovento;Consular;2;Campeche;1111;;1719;;;Joseph de Veitia Linage, Norte de la Contratación de las Indias occidentales (Sevilla 1672);;;;Puerto
SDO;3000003;Puerto_3000003;Puerto de San Juan de Puerto Rico;Flota de Barlovento;Consular;2;San Juan de Puerto Rico;1111;;1719;;;Joseph de Veitia Linage, Norte de la Contratación de las Indias occidentales (Sevilla 1672);;;;Puerto
SDO;3000005;Puerto_3000005;Puerto de Santiago de Cuba;Flota de Barlovento;Consular;2;Santiago de Cuba;1111;;1719;;;Joseph de Veitia Linage, Norte de la Contratación de las Indias occidentales (Sevilla 1672);;;;Puerto
GUA;2000732;Puerto_2000732;Puerto de Santo Tomás de Castilla;Flota de Barlovento;Consular;2;Santo Tomás de Castilla;1111;;1719;;;Joseph de Veitia Linage, Norte de la Contratación de las Indias occidentales (Sevilla 1672);;;;Puerto
GUA;2000009;Puerto_2000009;Puerto de Trujillo;Flota de Barlovento;Consular;2;Trujillo;1111;;1719;;;Joseph de Veitia Linage, Norte de la Contratación de las Indias occidentales (Sevilla 1672);;;;Puerto
NES;1000021;Puerto_1000021;Puerto de Veracruz;Flota de Barlovento;Consular;1;Veracruz;1111;;1719;;;Joseph de Veitia Linage, Norte de la Contratación de las Indias occidentales (Sevilla 1672);;;;Puerto
NES;1000021;Puerto_1000021;Puerto de Veracruz;Flota de Barlovento;Consular;1;Veracruz;1754;;1777;;;Interpolación;;;;Puerto
SDO;3000004;Puerto_3000004;Puerto de La Habana;Flota de Barlovento y Tornaviaje;Consular;1;La Habana;1111;;1719;;;Joseph de Veitia Linage, Norte de la Contratación de las Indias occidentales (Sevilla 1672);;;;Puerto
NGR;5000004;Puerto_5000004;Puerto de Cartagena de Indias;Galeones de Tierrafirme;Consular;1;Cartagena de Indias;1111;;1719;;;Joseph de Veitia Linage, Norte de la Contratación de las Indias occidentales (Sevilla 1672);;;;Puerto
VEN;4000005;Puerto_4000005;Puerto de Cumaná;Galeones de Tierrafirme;Consular;2;Cumaná;1111;;1719;;;Joseph de Veitia Linage, Norte de la Contratación de las Indias occidentales (Sevilla 1672);;;;Puerto
VEN;4000004;Puerto_4000004;Puerto de isla de Trinidad;Galeones de Tierrafirme;Consular;2;isla de Trinidad;1111;;1719;;;Joseph de Veitia Linage, Norte de la Contratación de las Indias occidentales (Sevilla 1672);;;;Puerto
VEN;4000393;Puerto_4000393;Puerto de isla Margarita;Galeones de Tierrafirme;Consular;2;isla Margarita;1111;;1719;;;Joseph de Veitia Linage, Norte de la Contratación de las Indias occidentales (Sevilla 1672);;;;Puerto
VEN;4000010;Puerto_4000010;Puerto de La Guaira;Galeones de Tierrafirme;Consular;2;La Guaira;1111;;1719;;;Joseph de Veitia Linage, Norte de la Contratación de las Indias occidentales (Sevilla 1672);;;;Puerto
VEN;4000007;Puerto_4000007;Puerto de Maracaibo;Galeones de Tierrafirme;Consular;2;Maracaibo;1111;;1719;;;Joseph de Veitia Linage, Norte de la Contratación de las Indias occidentales (Sevilla 1672);;;;Puerto
NGR;5000005;Puerto_5000005;Puerto de Portobelo;Galeones de Tierrafirme;Consular;1;Portobelo;1111;;1719;;;Joseph de Veitia Linage, Norte de la Contratación de las Indias occidentales (Sevilla 1672);;;;Puerto
NGR;5000012;Puerto_5000012;Puerto de Riohacha;Galeones de Tierrafirme;Consular;2;Riohacha;1111;;1719;;;Joseph de Veitia Linage, Norte de la Contratación de las Indias occidentales (Sevilla 1672);;;;Puerto
NGR;5000011;Puerto_5000011;Puerto de Santa Marta;Galeones de Tierrafirme;Consular;2;Santa Marta;1111;;1719;;;Joseph de Veitia Linage, Norte de la Contratación de las Indias occidentales (Sevilla 1672);;;;Puerto
NES;1000006;Puerto_1000006;Puerto de Acapulco;Nao de china;Consular;1;Acapulco;1111;;1787;;;Interpolación;;;;Puerto
FIL;1600001;Puerto_1600001;Puerto de Manila;Nao de china;Consular;1;Manila;1111;;1784;;;Interpolación;;;;Puerto
SDO;3000004;Puerto_3000004;Puerto de La Habana;Puerto mayor;Comercio libre;1;La Habana;1765;;1777;;;Interpolación;;;;Puerto
PER;6000021;Puerto_6000021;Puerto de Arica;Puerto mayor;Comercio libre;1;Arica;1778;;1797;;;Reglamento y aranceles reales para el comercio libre de España a Indias (Madrid 1778), pp. 5-6.;;;;Puerto
RPL;9000001;Puerto_9000001;Puerto de Buenos Aires;Puerto mayor;Comercio libre;1;Buenos Aires;1778;;1797;;;Reglamento y aranceles reales para el comercio libre de España a Indias (Madrid 1778), pp. 5-6.;;;;Puerto
PER;6000008;Puerto_6000008;Puerto de El Callao;Puerto mayor;Comercio libre;1;El Callao;1778;;1797;;;Reglamento y aranceles reales para el comercio libre de España a Indias (Madrid 1778), pp. 5-6.;;;;Puerto
NGR;5000004;Puerto_5000004;Puerto de Cartagena de Indias;Puerto mayor;Comercio libre;1;Cartagena de Indias;1778;;1797;;;Reglamento y aranceles reales para el comercio libre de España a Indias (Madrid 1778), pp. 5-6.;;;;Puerto
NES;1000151;Correo_1000151;Estafeta de correo de Huajuapan;Estafeta de correo;Estafeta;4;Huajuapan;1792;;9999;;;AGI_Correos;;Veracruz;Veracruz;Correo
NES;1000156;Correo_1000156;Estafeta de correo de Jalapa;Estafeta de correo;Estafeta;4;Jalapa;1768;;9999;;;AGI_Correos;;Veracruz;Veracruz;Correo
NES;1000157;Correo_1000157;Estafeta de correo de Xamiltepeque;Estafeta de correo;Estafeta;4;Xamiltepeque;1776;;9999;;;AGI_Correos;;Veracruz;Veracruz;Correo
NES;1000160;Correo_1000160;Estafeta de correo de Quiechapan;Estafeta de correo;Estafeta;4;Quiechapan;1800;;9999;;;AGI_Correos;;Veracruz;Veracruz;Correo
NES;1000161;Correo_1000161;Estafeta de correo de Nochistlan;Estafeta de correo;Estafeta;4;Nochistlan;1797;;9999;;;AGI_Correos;;Mexico;Mexico;Correo
NES;1000162;Correo_1000162;Estafeta de correo de Tehuantepec;Estafeta de correo;Estafeta;4;Tehuantepec;1774;;9999;;;AGI_Correos;;Veracruz;Veracruz;Correo
NES;1000164;Correo_1000164;Estafeta de correo de Teutitlan;Estafeta de correo;Estafeta;4;Teutitlan;1798;;9999;;;AGI_Correos;;Veracruz;Veracruz;Correo
NES;1000167;Correo_1000167;Estafeta de correo de Teposcolula;Estafeta de correo;Estafeta;4;Teposcolula;1774;;9999;;;AGI_Correos;;Veracruz;Veracruz;Correo
NES;1000169;Correo_1000169;Estafeta de correo de Villa Alta;Estafeta de correo;Estafeta;4;Villa Alta;1778;;9999;;;AGI_Correos;;Veracruz;Veracruz;Correo
NES;1000171;Correo_1000171;Estafeta de correo de Acatlan;Estafeta de correo;Estafeta;4;Acatlan;1783;;9999;;Identidad incierta;AGI_Correos;;Puebla;Mexico;Correo
NES;1000172;Correo_1000172;Estafeta de correo de Amozoc;Estafeta de correo;Estafeta;4;Amozoc;1790;;9999;;;AGI_Correos;;Puebla;Mexico;Correo
NES;1000173;Correo_1000173;Estafeta de correo de Atlixco;Estafeta de correo;Estafeta;4;Atlixco;1774;;9999;;;AGI_Correos;;Puebla;Mexico;Correo
NES;1000174;Correo_1000174;Estafeta de correo de Chiautla;Estafeta de correo;Estafeta;4;Chiautla;1779;;9999;;;AGI_Correos;;Puebla;Mexico;Correo
NES;1000175;Correo_1000175;Estafeta de correo de Chietla;Estafeta de correo;Estafeta;4;Chietla;1790;;9999;;;AGI_Correos;;Puebla;Mexico;Correo
NES;1000176;Correo_1000176;Estafeta de correo de Cholula;Estafeta de correo;Estafeta;4;Cholula;1776;;9999;;;AGI_Correos;;Puebla;Mexico;Correo
NES;1000178;Correo_1000178;Estafeta de correo de Huayacocotla;Estafeta de correo;Estafeta;4;Huayacocotla;1777;;9999;;;AGI_Correos;;Mexico;Mexico;Correo
NES;1000179;Correo_1000179;Estafeta de correo de Huejotzingo;Estafeta de correo;Estafeta;4;Huejotzingo;1784;;9999;;;AGI_Correos;;Puebla;Mexico;Correo
NES;1000182;Correo_1000182;Estafeta de correo de Izúcar;Estafeta de correo;Estafeta;4;Izúcar;1778;;9999;;;AGI_Correos;;Puebla;Mexico;Correo
NES;1000183;Correo_1000183;Estafeta de correo de San Juan de los Llanos;Estafeta de correo;Estafeta;4;San Juan de los Llanos;1774;;9999;;;AGI_Correos;;Veracruz;Veracruz;Correo
NES;1000184;Correo_1000184;Estafeta de correo de Tecali;Estafeta de correo;Estafeta;4;Tecali;1792;;9999;;;AGI_Correos;;Puebla;Mexico;Correo
NES;1000185;Correo_1000185;Estafeta de correo de Tehuacan de las Granadas;Estafeta de correo;Estafeta;4;Tehuacan de las Granadas;1768;;9999;;;AGI_Correos;;Veracruz;Veracruz;Correo
NES;1000186;Correo_1000186;Estafeta de correo de Tepeaca;Estafeta de correo;Estafeta;4;Tepeaca;1776;;9999;;;AGI_Correos;;Puebla;Mexico;Correo
NES;1000187;Correo_1000187;Estafeta de correo de Tepexi de la Seda;Estafeta de correo;Estafeta;4;Tepexi de la Seda;1788;;9999;;;AGI_Correos;;Puebla;Mexico;Correo
NES;1000189;Correo_1000189;Estafeta de correo de Teziutlan;Estafeta de correo;Estafeta;4;Teziutlan;1774;;9999;;;AGI_Correos;;Veracruz;Veracruz;Correo
NES;1000192;Correo_1000192;Estafeta de correo de Totomehuacán;Estafeta de correo;Estafeta;4;Totomehuacán;1790;;9999;;;AGI_Correos;;Mexico;Mexico;Correo
NES;1000193;Correo_1000193;Estafeta de correo de Zacatlan de las Manzanas;Estafeta de correo;Estafeta;4;Zacatlan de las Manzanas;1777;;9999;;;AGI_Correos;;Mexico;Mexico;Correo
GDJ;1000194;Correo_1000194;Estafeta de correo de Real de la Purísima Concepción de los Catorce;Estafeta de correo;Estafeta;4;Real de la Purísima Concepción de los Catorce;1779;;9999;;;AGI_Correos;;San Luis Potosi;Mexico;Correo
GDJ;1000195;Correo_1000195;Estafeta de correo de Santa María de las Charcas;Estafeta de correo;Estafeta;4;Santa María de las Charcas;1775;;9999;;;AGI_Correos;;San Luis Potosi;Mexico;Correo
NES;1000196;Correo_1000196;Estafeta de correo de Guadalcázar;Estafeta de correo;Estafeta;4;Guadalcázar;1788;;9999;;;AGI_Correos;;San Luis Potosi;Mexico;Correo
NES;1000199;Correo_1000199;Estafeta de correo de Valle de San Francisco;Estafeta de correo;Estafeta;4;Valle de San Francisco;1781;;9999;;;AGI_Correos;;San Luis Potosi;Mexico;Correo
NES;1000200;Correo_1000200;Estafeta de correo de Aquismon;Estafeta de correo;Estafeta;4;Aquismon;1777;;9999;;;AGI_Correos;;Mexico;Mexico;Correo
GDJ;1000201;Correo_1000201;Estafeta de correo de San Sebastián del Venado;Estafeta de correo;Estafeta;4;San Sebastián del Venado;1783;;9999;;;AGI_Correos;;San Luis Potosi;Mexico;Correo
GDJ;1000202;Correo_1000202;Estafeta de correo de Alamos;Estafeta de correo;Estafeta;4;Alamos;1775;;9999;;;AGI_Correos;;Mexico;Mexico;Correo
GDJ;1000204;Correo_1000204;Estafeta de correo de Cosala;Estafeta de correo;Estafeta;4;Cosala;1785;;9999;;;AGI_Correos;;Mexico;Mexico;Correo
GDJ;1000205;Correo_1000205;Estafeta de correo de Culiacán;Estafeta de correo;Estafeta;4;Culiacán;1776;;9999;;;AGI_Correos;;Mexico;Mexico;Correo
GDJ;1000206;Correo_1000206;Estafeta de correo de Fuerte;Estafeta de correo;Estafeta;4;Fuerte;1777;;9999;;;AGI_Correos;;Mexico;Mexico;Correo
GDJ;1000210;Correo_1000210;Estafeta de correo de Real  del Rosario;Estafeta de correo;Estafeta;4;Real  del Rosario;1774;;9999;;;AGI_Correos;;Mexico;Mexico;Correo
GDJ;1000211;Correo_1000211;Estafeta de correo de Sinaloa;Estafeta de correo;Estafeta;4;Sinaloa;1776;;9999;;;AGI_Correos;;Mexico;Mexico;Correo
NES;1000212;Correo_1000212;Estafeta de correo de Acayucan;Estafeta de correo;Estafeta;4;Acayucan;1772;;9999;;;AGI_Correos;;Veracruz;Veracruz;Correo
NES;1000213;Correo_1000213;Estafeta de correo de Cordoba;Estafeta de correo;Estafeta;4;Cordoba;1768;;9999;;;AGI_Correos;;Veracruz;Veracruz;Correo
NES;1000215;Correo_1000215;Estafeta de correo de Perote;Estafeta de correo;Estafeta;4;Perote;1774;;9999;;;AGI_Correos;;Veracruz;Veracruz;Correo
NES;1000216;Correo_1000216;Estafeta de correo de Orizaba;Estafeta de correo;Estafeta;4;Orizaba;1768;;9999;;;AGI_Correos;;Veracruz;Veracruz;Correo
NES;1000217;Correo_1000217;Estafeta de correo de Panuco;Estafeta de correo;Estafeta;4;Panuco;1808;;9999;;;AGI_Correos;;Mexico;Mexico;Correo
NES;1000218;Correo_1000218;Estafeta de correo de Papantla;Estafeta de correo;Estafeta;4;Papantla;1780;;9999;;;AGI_Correos;;Veracruz;Veracruz;Correo
NES;1000219;Correo_1000219;Estafeta de correo de Tuxtla;Estafeta de correo;Estafeta;4;Tuxtla;1773;;9999;;;AGI_Correos;;Veracruz;Veracruz;Correo
NES;1000220;Correo_1000220;Estafeta de correo de La Antigua;Estafeta de correo;Estafeta;4;La Antigua;1779;;9999;;;AGI_Correos;;Veracruz;Veracruz;Correo
NES;1000221;Correo_1000221;Estafeta de correo de Xalapa;Estafeta de correo;Estafeta;4;Xalapa;1768;;9999;;;AGI_Correos;;Veracruz;Veracruz;Correo
NES;1000226;Correo_1000226;Estafeta de correo de Campeche;Estafeta de correo;Estafeta;4;Campeche;1768;;9999;;;AGI_Correos;;Veracruz;Veracruz;Correo
GDJ;1000233;Correo_1000233;Estafeta de correo de Aguascalientes;Estafeta de correo;Estafeta;4;Aguascalientes;1765;;9999;;;AGI_Correos;;Zacatecas;Mexico;Correo
GDJ;1000234;Correo_1000234;Estafeta de correo de Real del Fresnillo;Estafeta de correo;Estafeta;4;Real del Fresnillo;1773;;9999;;;AGI_Correos;;Zacatecas;Mexico;Correo
GDJ;1000235;Correo_1000235;Estafeta de correo de Jerez;Estafeta de correo;Estafeta;4;Jerez;1779;;9999;;;AGI_Correos;;Zacatecas;Mexico;Correo
GDJ;1000237;Correo_1000237;Estafeta de correo de Mazapil;Estafeta de correo;Estafeta;4;Mazapil;1789;;9999;;;AGI_Correos;;San Luis Potosi;Mexico;Correo
GDJ;1000239;Correo_1000239;Estafeta de correo de San Martín de la Sierra de Pinos;Estafeta de correo;Estafeta;4;San Martín de la Sierra de Pinos;1784;;9999;;;AGI_Correos;;San Luis Potosi;Mexico;Correo
GDJ;1000240;Correo_1000240;Estafeta de correo de Real  del Sombrerete;Estafeta de correo;Estafeta;4;Real  del Sombrerete;1765;;9999;;;AGI_Correos;;Zacatecas;Mexico;Correo
GDJ;1000241;Correo_1000241;Estafeta de correo de Taltenango;Estafeta de correo;Estafeta;4;Taltenango;1788;;9999;;;AGI_Correos;;Zacatecas;Mexico;Correo
GDJ;1000282;Correo_1000282;Estafeta de correo de Presidio del Norte;Estafeta de correo;Estafeta;4;Presidio del Norte;1779;;9999;;;AGI_Correos;;Mexico;Mexico;Correo
GDJ;1000394;Correo_1000394;Estafeta de correo de San Miguel de las Juntas;Estafeta de correo;Estafeta;4;San Miguel de las Juntas;1798;;9999;;;AGI_Correos;;Mexico;Mexico;Correo
GDJ;1000420;Correo_1000420;Estafeta de correo de Ameca;Estafeta de correo;Estafeta;4;Ameca;1777;;9999;;;AGI_Correos;;Mexico;Mexico;Correo
GDJ;1000429;Correo_1000429;Estafeta de correo de Tecolotlán;Estafeta de correo;Estafeta;4;Tecolotlán;1793;;9999;;;AGI_Correos;;Mexico;Mexico;Correo
GDJ;1000440;Correo_1000440;Estafeta de correo de Tecalitlan;Estafeta de correo;Estafeta;4;Tecalitlan;1808;;9999;;;AGI_Correos;;Mexico;Mexico;Correo
GDJ;1000463;Correo_1000463;Estafeta de correo de Etzatlan;Estafeta de correo;Estafeta;4;Etzatlan;1791;;9999;;;AGI_Correos;;Mexico;Mexico;Correo
GDJ;1000464;Correo_1000464;Estafeta de correo de La Magdalena;Estafeta de correo;Estafeta;4;La Magdalena;1798;;9999;;;AGI_Correos;;Mexico;Mexico;Correo
GDJ;1000470;Correo_1000470;Estafeta de correo de Mascota;Estafeta de correo;Estafeta;4;Mascota;1792;;9999;;;AGI_Correos;;Mexico;Mexico;Correo
GDJ;1000472;Correo_1000472;Estafeta de correo de Talpa;Estafeta de correo;Estafeta;4;Talpa;1800;;9999;;;AGI_Correos;;Mexico;Mexico;Correo
GDJ;1000508;Correo_1000508;Estafeta de correo de Jalostotitlán;Estafeta de correo;Estafeta;4;Jalostotitlán;1800;;9999;;;AGI_Correos;;Mexico;Mexico;Correo
GDJ;1000518;Correo_1000518;Estafeta de correo de Teocaltiche;Estafeta de correo;Estafeta;4;Teocaltiche;1797;;9999;;;AGI_Correos;;Mexico;Mexico;Correo
GDJ;1000536;Correo_1000536;Estafeta de correo de Santa Ana Acatlan;Estafeta de correo;Estafeta;4;Santa Ana Acatlan;1777;;9999;;;AGI_Correos;;Mexico;Mexico;Correo
GDJ;1000545;Correo_1000545;Estafeta de correo de Cocula;Estafeta de correo;Estafeta;4;Cocula;1792;;9999;;;AGI_Correos;;Mexico;Mexico;Correo
GDJ;1000551;Correo_1000551;Estafeta de correo de Jocotepec;Estafeta de correo;Estafeta;4;Jocotepec;1808;;9999;;;AGI_Correos;;Mexico;Mexico;Correo
GDJ;1000567;Correo_1000567;Estafeta de correo de Zacoalco;Estafeta de correo;Estafeta;4;Zacoalco;1791;;9999;;;AGI_Correos;;Mexico;Mexico;Correo
GDJ;1000579;Correo_1000579;Estafeta de correo de Tepetitlan;Estafeta de correo;Estafeta;4;Tepetitlan;1798;;9999;;Identidad incierta;AGI_Correos;;Mexico;Mexico;Correo
GDJ;1000587;Correo_1000587;Estafeta de correo de Angeles Zapotlan;Estafeta de correo;Estafeta;4;Angeles Zapotlan;1803;;9999;;;AGI_Correos;;Mexico;Mexico;Correo
GDJ;1000596;Correo_1000596;Estafeta de correo de Amatitan;Estafeta de correo;Estafeta;4;Amatitan;1804;;9999;;;AGI_Correos;;Mexico;Mexico;Correo
GDJ;1000608;Correo_1000608;Estafeta de correo de Purificación;Estafeta de correo;Estafeta;4;Purificación;1790;;9999;;;AGI_Correos;;Mexico;Mexico;Correo
GDJ;1000643;Correo_1000643;Estafeta de correo de Tuxpan;Estafeta de correo;Estafeta;4;Tuxpan;1776;;9999;;;AGI_Correos;;Veracruz;Veracruz;Correo
NES;1000645;Correo_1000645;Estafeta de correo de Salvatierra;Estafeta de correo;Estafeta;4;Salvatierra;1765;;9999;;;AGI_Correos;;Queretaro;Mexico;Correo
NES;1000646;Correo_1000646;Estafeta de correo de Santiago;Estafeta de correo;Estafeta;4;Santiago;1781;;9999;;;AGI_Correos;;Queretaro;Mexico;Correo
NES;1000647;Correo_1000647;Estafeta de correo de Acambaro;Estafeta de correo;Estafeta;4;Acambaro;1782;;9999;;;AGI_Correos;;Queretaro;Mexico;Correo
NES;1000659;Correo_1000659;Estafeta de correo de Jerecuaro;Estafeta de correo;Estafeta;4;Jerecuaro;1796;;9999;;;AGI_Correos;;Queretaro;Mexico;Correo
NES;1000677;Correo_1000677;Estafeta de correo de Yurirapundaro;Estafeta de correo;Estafeta;4;Yurirapundaro;1802;;9999;;;AGI_Correos;;Queretaro;Mexico;Correo
NES;1000678;Correo_1000678;Estafeta de correo de Irapuato;Estafeta de correo;Estafeta;4;Irapuato;1765;;9999;;;AGI_Correos;;Guanajuato;Mexico;Correo
NES;1000681;Correo_1000681;Estafeta de correo de Silao;Estafeta de correo;Estafeta;4;Silao;1781;;9999;;;AGI_Correos;;Guanajuato;Mexico;Correo
NES;1000695;Correo_1000695;Estafeta de correo de San Felipe;Estafeta de correo;Estafeta;4;San Felipe;1784;;9999;;;AGI_Correos;;Queretaro;Mexico;Correo
NES;1000740;Correo_1000740;Estafeta de correo de Amecameca;Estafeta de correo;Estafeta;4;Amecameca;1788;;9999;;;AGI_Correos;;Mexico;Mexico;Correo
NES;1000791;Correo_1000791;Estafeta de correo de Tlalmanalco;Estafeta de correo;Estafeta;4;Tlalmanalco;1797;;9999;;;AGI_Correos;;Mexico;Mexico;Correo
NES;1000800;Correo_1000800;Estafeta de correo de Tlayacapan;Estafeta de correo;Estafeta;4;Tlayacapan;1777;;9999;;;AGI_Correos;;Mexico;Mexico;Correo
NES;1000802;Correo_1000802;Estafeta de correo de Totolapan;Estafeta de correo;Estafeta;4;Totolapan;1791;;9999;;;AGI_Correos;;Mexico;Mexico;Correo
NES;1000855;Correo_1000855;Estafeta de correo de Tlalpán;Estafeta de correo;Estafeta;4;Tlalpán;1790;;9999;;Identidad incierta;AGI_Correos;;Puebla;Mexico;Correo
NES;9900742;Correo_9900742;Estafeta de correo de Tetela;Estafeta de correo;Estafeta;4;Tetela;1780;;9999;;;AGI_Correos;;Mexico;Mexico;Correo
NES;1000953;Correo_1000953;Estafeta de correo de Tepoztlan;Estafeta de correo;Estafeta;4;Tepoztlan;1777;;9999;;;AGI_Correos;;Mexico;Mexico;Correo
NES;1000956;Correo_1000956;Estafeta de correo de San Francisco Tetecala;Estafeta de correo;Estafeta;4;San Francisco Tetecala;1783;;9999;;;AGI_Correos;;Mexico;Mexico;Correo
NES;1000965;Correo_1000965;Estafeta de correo de Tlaltizapan;Estafeta de correo;Estafeta;4;Tlaltizapan;1802;;9999;;;AGI_Correos;;Mexico;Mexico;Correo
NES;1000974;Correo_1000974;Estafeta de correo de Yautepec;Estafeta de correo;Estafeta;4;Yautepec;1777;;9999;;;AGI_Correos;;Mexico;Mexico;Correo
NES;1000975;Correo_1000975;Estafeta de correo de Yecapixtla;Estafeta de correo;Estafeta;4;Yecapixtla;1789;;9999;;;AGI_Correos;;Mexico;Mexico;Correo
NES;1001005;Correo_1001005;Estafeta de correo de San Jerónomio Aculco;Estafeta de correo;Estafeta;4;San Jerónomio Aculco;1781;;9999;;;AGI_Correos;;Mexico;Mexico;Correo
NES;1001053;Correo_1001053;Estafeta de correo de San Francisco Soyaniquilpan;Estafeta de correo;Estafeta;4;San Francisco Soyaniquilpan;1778;;9999;;;AGI_Correos;;Mexico;Mexico;Correo
NES;1001115;Correo_1001115;Estafeta de correo de San Felipe del Obraje;Estafeta de correo;Estafeta;4;San Felipe del Obraje;1795;;9999;;;AGI_Correos;;Mexico;Mexico;Correo
NES;1001154;Correo_1001154;Estafeta de correo de Malinalco;Estafeta de correo;Estafeta;4;Malinalco;1788;;9999;;;AGI_Correos;;Mexico;Mexico;Correo
NES;1001211;Correo_1001211;Estafeta de correo de Zinacantepec;Estafeta de correo;Estafeta;4;Zinacantepec;1783;;9999;;;AGI_Correos;;Mexico;Mexico;Correo
NES;1001281;Correo_1001281;Estafeta de correo de Lolotla;Estafeta de correo;Estafeta;4;Lolotla;1800;;9999;;;AGI_Correos;;Mexico;Mexico;Correo
NES;1001291;Correo_1001291;Estafeta de correo de Molango;Estafeta de correo;Estafeta;4;Molango;1803;;9999;;;AGI_Correos;;Mexico;Mexico;Correo
NES;1001356;Correo_1001356;Estafeta de correo de Zacualtipan;Estafeta de correo;Estafeta;4;Zacualtipan;1801;;9999;;;AGI_Correos;;Mexico;Mexico;Correo
NES;1001380;Correo_1001380;Estafeta de correo de Atotonilco el Chico;Estafeta de correo;Estafeta;4;Atotonilco el Chico;1789;;9999;;;AGI_Correos;;Mexico;Mexico;Correo
NES;1001381;Correo_1001381;Estafeta de correo de Real del Monte;Estafeta de correo;Estafeta;4;Real del Monte;1772;;9999;;;AGI_Correos;;Mexico;Mexico;Correo
NES;1001401;Correo_1001401;Estafeta de correo de San Juan del Río;Estafeta de correo;Estafeta;4;San Juan del Río;1765;;9999;;;AGI_Correos;;Queretaro;Mexico;Correo
NES;1001473;Correo_1001473;Estafeta de correo de Tepecoacuilco;Estafeta de correo;Estafeta;4;Tepecoacuilco;1783;;9999;;;AGI_Correos;;Mexico;Mexico;Correo
NES;1001480;Correo_1001480;Estafeta de correo de Sultepec;Estafeta de correo;Estafeta;4;Sultepec;1773;;9999;;;AGI_Correos;;Mexico;Mexico;Correo
NES;1001544;Correo_1001544;Estafeta de correo de Calimaya;Estafeta de correo;Estafeta;4;Calimaya;1804;;9999;;;AGI_Correos;;Mexico;Mexico;Correo
NES;1001599;Correo_1001599;Estafeta de correo de Cutzamala;Estafeta de correo;Estafeta;4;Cutzamala;1805;;9999;;;AGI_Correos;;Mexico;Mexico;Correo
NES;1001642;Correo_1001642;Estafeta de correo de Calpulalpan;Estafeta de correo;Estafeta;4;Calpulalpan;1795;;9999;;;AGI_Correos;;Mexico;Mexico;Correo
NES;1001666;Correo_1001666;Estafeta de correo de Tepetlaoxtoc;Estafeta de correo;Estafeta;4;Tepetlaoxtoc;1793;;9999;;;AGI_Correos;;Mexico;Mexico;Correo
NES;1001681;Correo_1001681;Estafeta de correo de Chilpancingo;Estafeta de correo;Estafeta;4;Chilpancingo;1780;;9999;;;AGI_Correos;;Mexico;Mexico;Correo
NES;1001738;Correo_1001738;Estafeta de correo de Tepexi del Rio;Estafeta de correo;Estafeta;4;Tepexi del Rio;1779;;9999;;;AGI_Correos;;Mexico;Mexico;Correo
GDJ;1000484;Correo_1000484;Estafeta de correo de Atotonilco;Estafeta de correo;Estafeta;4;Atotonilco;1789;;9999;;;AGI_Correos;;Mexico;Mexico;Correo
NES;1001898;Correo_1001898;Estafeta de correo de Teloloapan;Estafeta de correo;Estafeta;4;Teloloapan;1793;;9999;;;AGI_Correos;;Mexico;Mexico;Correo
NES;1001940;Correo_1001940;Estafeta de correo de Panindicuaro;Estafeta de correo;Estafeta;4;Panindicuaro;1782;;9999;;;AGI_Correos;;Mexico;Mexico;Correo
NES;1001942;Correo_1001942;Estafeta de correo de Santa Ana Amatlan;Estafeta de correo;Estafeta;4;Santa Ana Amatlan;1787;;9999;;;AGI_Correos;;Mexico;Mexico;Correo
NES;1001945;Correo_1001945;Estafeta de correo de Tancitaro;Estafeta de correo;Estafeta;4;Tancitaro;1783;;9999;;;AGI_Correos;;Mexico;Mexico;Correo
NES;1001950;Correo_1001950;Estafeta de correo de Pinzandaro;Estafeta de correo;Estafeta;4;Pinzandaro;1806;;9999;;;AGI_Correos;;Mexico;Mexico;Correo
NES;1001970;Correo_1001970;Estafeta de correo de Zacapu;Estafeta de correo;Estafeta;4;Zacapu;1782;;9999;;;AGI_Correos;;Mexico;Mexico;Correo
NES;1002005;Correo_1002005;Estafeta de correo de Cotija;Estafeta de correo;Estafeta;4;Cotija;1808;;9999;;;AGI_Correos;;Mexico;Mexico;Correo
NES;1002012;Correo_1002012;Estafeta de correo de Periban;Estafeta de correo;Estafeta;4;Periban;1784;;9999;;;AGI_Correos;;Mexico;Mexico;Correo
NES;1002026;Correo_1002026;Estafeta de correo de Coalcoman;Estafeta de correo;Estafeta;4;Coalcoman;1806;;9999;;;AGI_Correos;;Mexico;Mexico;Correo
NES;1002061;Correo_1002061;Estafeta de correo de Tzintzuntzan;Estafeta de correo;Estafeta;4;Tzintzuntzan;1781;;9999;;;AGI_Correos;;Mexico;Mexico;Correo
NES;1002065;Correo_1002065;Estafeta de correo de Urecho;Estafeta de correo;Estafeta;4;Urecho;1789;;9999;;;AGI_Correos;;Mexico;Mexico;Correo
NES;1002084;Correo_1002084;Estafeta de correo de Chilchota;Estafeta de correo;Estafeta;4;Chilchota;1784;;9999;;;AGI_Correos;;Mexico;Mexico;Correo
NES;1002089;Correo_1002089;Estafeta de correo de Nuestra Señora de La Piedad;Estafeta de correo;Estafeta;4;Nuestra Señora de La Piedad;1784;;9999;;;AGI_Correos;;Mexico;Mexico;Correo
NES;1002121;Correo_1002121;Estafeta de correo de Ixtlan;Estafeta de correo;Estafeta;4;Ixtlan;1800;;9999;;;AGI_Correos;;Mexico;Mexico;Correo
NES;1002127;Correo_1002127;Estafeta de correo de Tangancicuaro;Estafeta de correo;Estafeta;4;Tangancicuaro;1788;;9999;;;AGI_Correos;;Mexico;Mexico;Correo
NES;1002153;Correo_1002153;Estafeta de correo de Irimbo;Estafeta de correo;Estafeta;4;Irimbo;1782;;9999;;;AGI_Correos;;Mexico;Mexico;Correo
NES;1002156;Correo_1002156;Estafeta de correo de Maravatio;Estafeta de correo;Estafeta;4;Maravatio;1777;;9999;;;AGI_Correos;;Mexico;Mexico;Correo
NES;1002167;Correo_1002167;Estafeta de correo de Taximaroa;Estafeta de correo;Estafeta;4;Taximaroa;1782;;9999;;;AGI_Correos;;Mexico;Mexico;Correo
NES;1002173;Correo_1002173;Estafeta de correo de Tuxpan;Estafeta de correo;Estafeta;4;Tuxpan;1789;;9999;;"En AGI erroneamente ""santiago Tuxtla""";AGI_Correos;;Mexico;Mexico;Correo
NES;1002177;Correo_1002177;Estafeta de correo de Angangueo;Estafeta de correo;Estafeta;4;Angangueo;1798;;9999;;;AGI_Correos;;Mexico;Mexico;Correo
NES;1000110;Correo_1000110;Estafeta de correo de Tula;Estafeta de correo;Estafeta;4;Tula;1772;;9999;;;AGI_Correos;;Mexico;Mexico;Correo
GDJ;1002212;Correo_1002212;Estafeta de correo de Xaumabe;Estafeta de correo;Estafeta;4;Xaumabe;1807;;9999;;;AGI_Correos;;Mexico;Mexico;Correo
NES;1000649;Correo_1000649;Estafeta de correo de Apaseo;Estafeta de correo;Estafeta;4;Apaseo;1783;;9999;;;AGI_Correos;;Queretaro;Mexico;Correo
NES;1002483;Correo_1002483;Estafeta de correo de Nieves Ixpantepec;Estafeta de correo;Estafeta;4;Nieves Ixpantepec;1804;;9999;;;AGI_Correos;;Mexico;Mexico;Correo
NES;1002602;Correo_1002602;Estafeta de correo de Teipan;Estafeta de correo;Estafeta;4;Teipan;1785;;1790;;;AGI_Correos;;Mexico;Mexico;Correo
NES;1002670;Correo_1002670;Estafeta de correo de Cuicatlan;Estafeta de correo;Estafeta;4;Cuicatlan;1797;;9999;;;AGI_Correos;;Veracruz;Veracruz;Correo
NES;1002674;Correo_1002674;Estafeta de correo de Huehuetlan;Estafeta de correo;Estafeta;4;Huehuetlan;1777;;9999;;;AGI_Correos;;Puebla;Mexico;Correo
NES;1002874;Correo_1002874;Estafeta de correo de Yanhuitlan;Estafeta de correo;Estafeta;4;Yanhuitlan;1774;;9999;;;AGI_Correos;;Veracruz;Veracruz;Correo
NES;1003093;Correo_1003093;Estafeta de correo de Piaxtla;Estafeta de correo;Estafeta;4;Piaxtla;1794;;9999;;;AGI_Correos;;Puebla;Mexico;Correo
NES;1003109;Correo_1003109;Estafeta de correo de Hueyotlipan;Estafeta de correo;Estafeta;4;Hueyotlipan;1802;;9999;;;AGI_Correos;;Puebla;Mexico;Correo
NES;1003119;Correo_1003119;Estafeta de correo de San Andrés Calpan;Estafeta de correo;Estafeta;4;San Andrés Calpan;1793;;9999;;;AGI_Correos;;Puebla;Mexico;Correo
NES;1003128;Correo_1003128;Estafeta de correo de Huaquechula;Estafeta de correo;Estafeta;4;Huaquechula;1796;;9999;;;AGI_Correos;;Puebla;Mexico;Correo
CHL;7000002;Puerto_7000002;Puerto de Concepción;Puerto mayor;Comercio libre;1;Concepción;1778;;1797;;;Reglamento y aranceles reales para el comercio libre de España a Indias (Madrid 1778), pp. 5-6.;;;;Puerto
QUI;5600003;Puerto_5600003;Puerto de Guayaquil;Puerto mayor;Comercio libre;1;Guayaquil;1778;;1797;;;Reglamento y aranceles reales para el comercio libre de España a Indias (Madrid 1778), pp. 5-6.;;;;Puerto
SDO;3000004;Puerto_3000004;Puerto de La Habana;Puerto mayor;Comercio libre;1;La Habana;1778;;1797;;;Reglamento y aranceles reales para el comercio libre de España a Indias (Madrid 1778), pp. 5-6.;;;;Puerto
RPL;9000024;Puerto_9000024;Puerto de Montevideo;Puerto mayor;Comercio libre;1;Montevideo;1778;;1797;;;Reglamento y aranceles reales para el comercio libre de España a Indias (Madrid 1778), pp. 5-6.;;;;Puerto
CHL;7000003;Puerto_7000003;Puerto de Valparaíso;Puerto mayor;Comercio libre;1;Valparaíso;1778;;1797;;;Reglamento y aranceles reales para el comercio libre de España a Indias (Madrid 1778), pp. 5-6.;;;;Puerto
VEN;4000010;Puerto_4000010;Puerto de La Guaira;Puerto mayor;Comercio libre;1;La Guaira;1788;;1797;;;Interpolación;;;;Puerto
NES;1000021;Puerto_1000021;Puerto de Veracruz;Puerto mayor;Comercio libre;1;Veracruz;1789;;1797;;;Interpolación;;;;Puerto
PER;6000021;Puerto_6000021;Puerto de Arica;Puerto mayor;Comercio libre;1;Arica;1798;;9999;;;Interpolación;;;;Puerto
RPL;9000001;Puerto_9000001;Puerto de Buenos Aires;Puerto mayor;Comercio libre;1;Buenos Aires;1798;;9999;;;Interpolación;;;;Puerto
PER;6000008;Puerto_6000008;Puerto de El Callao;Puerto mayor;Comercio libre;1;El Callao;1798;;9999;;;Interpolación;;;;Puerto
NGR;5000004;Puerto_5000004;Puerto de Cartagena de Indias;Puerto mayor;Comercio libre;1;Cartagena de Indias;1798;;9999;;;Interpolación;;;;Puerto
NES;1003133;Correo_1003133;Estafeta de correo de San Nicolás de los Ranchos;Estafeta de correo;Estafeta;4;San Nicolás de los Ranchos;1793;;9999;;;AGI_Correos;;Mexico;Mexico;Correo
NES;1003262;Correo_1003262;Estafeta de correo de Tamiagua;Estafeta de correo;Estafeta;4;Tamiagua;1780;;9999;;;AGI_Correos;;Mexico;Mexico;Correo
NES;1003284;Correo_1003284;Estafeta de correo de Xicotepec;Estafeta de correo;Estafeta;4;Xicotepec;1785;;9999;;;AGI_Correos;;Mexico;Mexico;Correo
NES;1003304;Correo_1003304;Estafeta de correo de Chicontepec;Estafeta de correo;Estafeta;4;Chicontepec;1787;;9999;;;AGI_Correos;;Mexico;Mexico;Correo
NES;1003355;Correo_1003355;Estafeta de correo de San Martín Tesmelucan;Estafeta de correo;Estafeta;4;San Martín Tesmelucan;1781;;9999;;;AGI_Correos;;Puebla;Mexico;Correo
NES;1003357;Correo_1003357;Estafeta de correo de San Salvador el Verde;Estafeta de correo;Estafeta;4;San Salvador el Verde;1792;;9999;;;AGI_Correos;;Puebla;Mexico;Correo
NES;1003372;Correo_1003372;Estafeta de correo de Ayutla;Estafeta de correo;Estafeta;4;Ayutla;1783;;9999;;;AGI_Correos;;Mexico;Mexico;Correo
NES;1003429;Correo_1003429;Estafeta de correo de Tepeojuma;Estafeta de correo;Estafeta;4;Tepeojuma;1793;;9999;;;AGI_Correos;;Mexico;Mexico;Correo
NES;1003456;Correo_1003456;Estafeta de correo de Tepeyahualco;Estafeta de correo;Estafeta;4;Tepeyahualco;1799;;9999;;;AGI_Correos;;Mexico;Mexico;Correo
NES;1003462;Correo_1003462;Estafeta de correo de Zacapoaxtla;Estafeta de correo;Estafeta;4;Zacapoaxtla;1787;;9999;;;AGI_Correos;;Veracruz;Veracruz;Correo
NES;1003530;Correo_1003530;Estafeta de correo de Acajete;Estafeta de correo;Estafeta;4;Acajete;1790;;9999;;;AGI_Correos;;Puebla;Mexico;Correo
NES;1003532;Correo_1003532;Estafeta de correo de Acatzingo;Estafeta de correo;Estafeta;4;Acatzingo;1789;;9999;;;AGI_Correos;;Puebla;Mexico;Correo
NES;1003534;Correo_1003534;Estafeta de correo de San Jerónimo Aljojuca;Estafeta de correo;Estafeta;4;San Jerónimo Aljojuca;1793;;9999;;;AGI_Correos;;Puebla;Mexico;Correo
NES;1003539;Correo_1003539;Estafeta de correo de San Andres Chalchicomula;Estafeta de correo;Estafeta;4;San Andres Chalchicomula;1776;;9999;;;AGI_Correos;;Veracruz;Veracruz;Correo
NES;1003548;Correo_1003548;Estafeta de correo de Nopalucan;Estafeta de correo;Estafeta;4;Nopalucan;1779;;9999;;;AGI_Correos;;Puebla;Mexico;Correo
NES;1003553;Correo_1003553;Estafeta de correo de Quecholan;Estafeta de correo;Estafeta;4;Quecholan;1793;;9999;;;AGI_Correos;;Puebla;Mexico;Correo
NES;1003554;Correo_1003554;Estafeta de correo de San Agustín del Palmar;Estafeta de correo;Estafeta;4;San Agustín del Palmar;1793;;9999;;;AGI_Correos;;Puebla;Mexico;Correo
NES;1003557;Correo_1003557;Estafeta de correo de San Salvador el Seco;Estafeta de correo;Estafeta;4;San Salvador el Seco;1793;;9999;;;AGI_Correos;;Puebla;Mexico;Correo
NES;1003564;Correo_1003564;Estafeta de correo de Tecamachalco;Estafeta de correo;Estafeta;4;Tecamachalco;1789;;9999;;;AGI_Correos;;Puebla;Mexico;Correo
NES;1003604;Correo_1003604;Estafeta de correo de Molcaxac;Estafeta de correo;Estafeta;4;Molcaxac;1793;;9999;;;AGI_Correos;;Puebla;Mexico;Correo
NES;1003686;Correo_1003686;Estafeta de correo de Huamuxtitlan;Estafeta de correo;Estafeta;4;Huamuxtitlan;1790;;9999;;;AGI_Correos;;Puebla;Mexico;Correo
NES;1003701;Correo_1003701;Estafeta de correo de Olinala;Estafeta de correo;Estafeta;4;Olinala;1790;;9999;;;AGI_Correos;;Puebla;Mexico;Correo
NES;1003733;Correo_1003733;Estafeta de correo de Santiago Xochihuehuetlan;Estafeta de correo;Estafeta;4;Santiago Xochihuehuetlan;1790;;1798;;;AGI_Correos;;Mexico;Mexico;Correo
NES;1003749;Correo_1003749;Estafeta de correo de Tochimilco;Estafeta de correo;Estafeta;4;Tochimilco;1782;;9999;;;AGI_Correos;;Puebla;Mexico;Correo
NES;1003792;Correo_1003792;Estafeta de correo de Tlacotepec;Estafeta de correo;Estafeta;4;Tlacotepec;1793;;9999;;Identidad incierta;AGI_Correos;;Mexico;Mexico;Correo
NES;1003807;Correo_1003807;Estafeta de correo de Casas Viejas;Estafeta de correo;Estafeta;4;Casas Viejas;1804;;9999;;;AGI_Correos;;Queretaro;Mexico;Correo
NES;1003819;Correo_1003819;Estafeta de correo de Santa María del Río;Estafeta de correo;Estafeta;4;Santa María del Río;1801;;9999;;;AGI_Correos;;San Luis Potosi;Mexico;Correo
NES;1003821;Correo_1003821;Estafeta de correo de Tampamolon;Estafeta de correo;Estafeta;4;Tampamolon;1777;;9999;;;AGI_Correos;;Mexico;Mexico;Correo
NES;1003822;Correo_1003822;Estafeta de correo de Tampico;Estafeta de correo;Estafeta;4;Tampico;1778;;9999;;;AGI_Correos;;Mexico;Mexico;Correo
NES;1003823;Correo_1003823;Estafeta de correo de Tancanhuitz;Estafeta de correo;Estafeta;4;Tancanhuitz;1778;;9999;;;AGI_Correos;;Mexico;Mexico;Correo
NES;1003825;Correo_1003825;Estafeta de correo de Axtla;Estafeta de correo;Estafeta;4;Axtla;1790;;1793;;;AGI_Correos;;Mexico;Mexico;Correo
NES;1003828;Correo_1003828;Estafeta de correo de Coscatlan;Estafeta de correo;Estafeta;4;Coscatlan;1778;;9999;;;AGI_Correos;;Mexico;Mexico;Correo
NES;1003831;Correo_1003831;Estafeta de correo de Huehuetlan;Estafeta de correo;Estafeta;4;Huehuetlan;1777;;9999;;;AGI_Correos;;Mexico;Mexico;Correo
NES;1003839;Correo_1003839;Estafeta de correo de Tamazunchale;Estafeta de correo;Estafeta;4;Tamazunchale;1789;;1797;;;AGI_Correos;;Mexico;Mexico;Correo
NES;1003846;Correo_1003846;Estafeta de correo de Valles;Estafeta de correo;Estafeta;4;Valles;1777;;9999;;;AGI_Correos;;Mexico;Mexico;Correo
GDJ;1003927;Correo_1003927;Estafeta de correo de San Pedro de Bacubirito;Estafeta de correo;Estafeta;4;San Pedro de Bacubirito;1793;;9999;;;AGI_Correos;;Mexico;Mexico;Correo
GDJ;1003982;Correo_1003982;Estafeta de correo de Presidio de San Rafael;Estafeta de correo;Estafeta;4;Presidio de San Rafael;1788;;9999;;;AGI_Correos;;Mexico;Mexico;Correo
NES;1004060;Correo_1004060;Estafeta de correo de Santa Ana Chautepan;Estafeta de correo;Estafeta;4;Santa Ana Chautepan;1793;;9999;;;AGI_Correos;;Puebla;Mexico;Correo
NES;1004066;Correo_1004066;Estafeta de correo de Cuapiaxtla;Estafeta de correo;Estafeta;4;Cuapiaxtla;1796;;9999;;;AGI_Correos;;Puebla;Mexico;Correo
NES;1004071;Correo_1004071;Estafeta de correo de Huamantla;Estafeta de correo;Estafeta;4;Huamantla;1787;;9999;;;AGI_Correos;;Puebla;Mexico;Correo
NES;1004077;Correo_1004077;Estafeta de correo de San Felipe Ystacuixtla;Estafeta de correo;Estafeta;4;San Felipe Ystacuixtla;1790;;9999;;;AGI_Correos;;Mexico;Mexico;Correo
NES;1004087;Correo_1004087;Estafeta de correo de Nuestra Señora de Nativitas;Estafeta de correo;Estafeta;4;Nuestra Señora de Nativitas;1790;;9999;;;AGI_Correos;;Puebla;Mexico;Correo
NES;1004174;Correo_1004174;Estafeta de correo de Coscomatepec;Estafeta de correo;Estafeta;4;Coscomatepec;1778;;9999;;;AGI_Correos;;Veracruz;Veracruz;Correo
NES;1004175;Correo_1004175;Estafeta de correo de Huatusco;Estafeta de correo;Estafeta;4;Huatusco;1778;;9999;;;AGI_Correos;;Veracruz;Veracruz;Correo
NES;1004219;Correo_1004219;Estafeta de correo de Ozuluama;Estafeta de correo;Estafeta;4;Ozuluama;1780;;9999;;;AGI_Correos;;Mexico;Mexico;Correo
NES;1004224;Correo_1004224;Estafeta de correo de Tantima;Estafeta de correo;Estafeta;4;Tantima;1794;;9999;;;AGI_Correos;;Mexico;Mexico;Correo
NES;1004226;Correo_1004226;Estafeta de correo de Tantoyuca;Estafeta de correo;Estafeta;4;Tantoyuca;1780;;9999;;;AGI_Correos;;Mexico;Mexico;Correo
NES;1004259;Correo_1004259;Estafeta de correo de Misantla;Estafeta de correo;Estafeta;4;Misantla;1786;;9999;;;AGI_Correos;;Veracruz;Veracruz;Correo
NES;1004274;Correo_1004274;Estafeta de correo de Alvarado;Estafeta de correo;Estafeta;4;Alvarado;1772;;9999;;;AGI_Correos;;Veracruz;Veracruz;Correo
NES;1004276;Correo_1004276;Estafeta de correo de Tlacotalpan;Estafeta de correo;Estafeta;4;Tlacotalpan;1774;;9999;;;AGI_Correos;;Veracruz;Veracruz;Correo
NES;1004277;Correo_1004277;Estafeta de correo de Tlalixcoyan;Estafeta de correo;Estafeta;4;Tlalixcoyan;1788;;9999;;;AGI_Correos;;Veracruz;Veracruz;Correo
NES;1004289;Correo_1004289;Estafeta de correo de Coatepec;Estafeta de correo;Estafeta;4;Coatepec;1807;;9999;;;AGI_Correos;;Veracruz;Veracruz;Correo
NES;1004295;Correo_1004295;Estafeta de correo de Naulingo;Estafeta de correo;Estafeta;4;Naulingo;1782;;9999;;;AGI_Correos;;Veracruz;Veracruz;Correo
NES;1004437;Correo_1004437;Estafeta de correo de Izamal;Estafeta de correo;Estafeta;4;Izamal;1788;;9999;;;AGI_Correos;;Veracruz;Veracruz;Correo
NES;1004484;Correo_1004484;Estafeta de correo de Mani;Estafeta de correo;Estafeta;4;Mani;1796;;9999;;;AGI_Correos;;Veracruz;Veracruz;Correo
GDJ;1004651;Correo_1004651;Estafeta de correo de P. de Monterrey;Estafeta de correo;Estafeta;4;P. de Monterrey;1789;;9999;;;AGI_Correos;;Mexico;Mexico;Correo
GDJ;1004652;Correo_1004652;Estafeta de correo de Santa Rosa;Estafeta de correo;Estafeta;4;Santa Rosa;1779;;9999;;;AGI_Correos;;San Luis Potosi;Mexico;Correo
NES;1004654;Correo_1004654;Estafeta de correo de Bacalar;Estafeta de correo;Estafeta;4;Bacalar;1788;;9999;;;AGI_Correos;;Veracruz;Veracruz;Correo
GDJ;1004826;Correo_1004826;Estafeta de correo de Carmen;Estafeta de correo;Estafeta;4;Carmen;1774;;9999;;;AGI_Correos;;Veracruz;Veracruz;Correo
NES;1004855;Correo_1004855;Estafeta de correo de Salamanca;Estafeta de correo;Estafeta;4;Salamanca;1781;;9999;;;AGI_Correos;;Queretaro;Mexico;Correo
NES;1004856;Correo_1004856;Estafeta de correo de Dolores;Estafeta de correo;Estafeta;4;Dolores;1784;;9999;;;AGI_Correos;;Queretaro;Mexico;Correo
GDJ;1004857;Correo_1004857;Estafeta de correo de Colima;Estafeta de correo;Estafeta;4;Colima;1778;;9999;;;AGI_Correos;;Mexico;Mexico;Correo
GDJ;1004863;Correo_1004863;Estafeta de correo de Real de Asientos de Ibarra;Estafeta de correo;Estafeta;4;Real de Asientos de Ibarra;1802;;9999;;;AGI_Correos;;Zacatecas;Mexico;Correo
GDJ;1004872;Correo_1004872;Estafeta de correo de Villanueva (Zacatecas);Estafeta de correo;Estafeta;4;Villanueva (Zacatecas);1788;;9999;;;AGI_Correos;;Zacatecas;Mexico;Correo
GDJ;1004873;Correo_1004873;Estafeta de correo de Puerto del Cedral;Estafeta de correo;Estafeta;4;Puerto del Cedral;1801;;9999;;;AGI_Correos;;San Luis Potosi;Mexico;Correo
GDJ;1004874;Correo_1004874;Estafeta de correo de Ojocaliente;Estafeta de correo;Estafeta;4;Ojocaliente;1788;;9999;;;AGI_Correos;;Zacatecas;Mexico;Correo
GDJ;1004875;Correo_1004875;Estafeta de correo de Amatlán de Cañas;Estafeta de correo;Estafeta;4;Amatlán de Cañas;1787;;9999;;;AGI_Correos;;Mexico;Mexico;Correo
GDJ;1004876;Correo_1004876;Estafeta de correo de Ahuacatlan;Estafeta de correo;Estafeta;4;Ahuacatlan;1792;;9999;;;AGI_Correos;;Mexico;Mexico;Correo
GDJ;1004881;Correo_1004881;Estafeta de correo de Villa Encarnación;Estafeta de correo;Estafeta;4;Villa Encarnación;1808;;9999;;;AGI_Correos;;Mexico;Mexico;Correo
GDJ;1004885;Correo_1004885;Estafeta de correo de Real de la Yesca;Estafeta de correo;Estafeta;4;Real de la Yesca;1791;;9999;;;AGI_Correos;;Mexico;Mexico;Correo
GDJ;1004887;Correo_1004887;Estafeta de correo de Presidio de Janos;Estafeta de correo;Estafeta;4;Presidio de Janos;1779;;9999;;;AGI_Correos;;Mexico;Mexico;Correo
GDJ;1004888;Correo_1004888;Estafeta de correo de Presidio del Carrizal;Estafeta de correo;Estafeta;4;Presidio del Carrizal;1779;;9999;;;AGI_Correos;;Mexico;Mexico;Correo
GDJ;1004890;Correo_1004890;Estafeta de correo de Presidio de San Elizario;Estafeta de correo;Estafeta;4;Presidio de San Elizario;1779;;9999;;;AGI_Correos;;Mexico;Mexico;Correo
GDJ;1004893;Correo_1004893;Estafeta de correo de Paso del Norte;Estafeta de correo;Estafeta;4;Paso del Norte;1779;;9999;;;AGI_Correos;;Mexico;Mexico;Correo
GDJ;1004903;Correo_1004903;Estafeta de correo de Presidio de San Carlos de Buenavista;Estafeta de correo;Estafeta;4;Presidio de San Carlos de Buenavista;1779;;9999;;;AGI_Correos;;Mexico;Mexico;Correo
GDJ;1004904;Correo_1004904;Estafeta de correo de San Miguel de Horcasitas;Estafeta de correo;Estafeta;4;San Miguel de Horcasitas;1781;;9999;;;AGI_Correos;;Mexico;Mexico;Correo
GDJ;1004905;Correo_1004905;Estafeta de correo de Presidio de San Bernardino de Fronteras;Estafeta de correo;Estafeta;4;Presidio de San Bernardino de Fronteras;1779;;9999;;;AGI_Correos;;Mexico;Mexico;Correo
GDJ;1004906;Correo_1004906;Estafeta de correo de Presidio de Santa Gertrudis del Altar;Estafeta de correo;Estafeta;4;Presidio de Santa Gertrudis del Altar;1779;;9999;;;AGI_Correos;;Mexico;Mexico;Correo
GDJ;1004909;Correo_1004909;Estafeta de correo de Aguayo;Estafeta de correo;Estafeta;4;Aguayo;1802;;9999;;Identidad incierta;AGI_Correos;;San Luis Potosi;Mexico;Correo
GDJ;1004910;Correo_1004910;Estafeta de correo de Altamira;Estafeta de correo;Estafeta;4;Altamira;1808;;9999;;;AGI_Correos;;Mexico;Mexico;Correo
GDJ;1004919;Correo_1004919;Estafeta de correo de San Carlos del Nuevo Santander;Estafeta de correo;Estafeta;4;San Carlos del Nuevo Santander;1797;;9999;;;AGI_Correos;;San Luis Potosi;Mexico;Correo
GDJ;1004926;Correo_1004926;Estafeta de correo de San Fernando de Austria;Estafeta de correo;Estafeta;4;San Fernando de Austria;1779;;9999;;;AGI_Correos;;San Luis Potosi;Mexico;Correo
GDJ;1004935;Correo_1004935;Estafeta de correo de La Monclova;Estafeta de correo;Estafeta;4;La Monclova;1779;;9999;;;AGI_Correos;;San Luis Potosi;Mexico;Correo
GDJ;1004939;Correo_1004939;Estafeta de correo de Padilla;Estafeta de correo;Estafeta;4;Padilla;1807;;9999;;;AGI_Correos;;Mexico;Mexico;Correo
GDJ;1004941;Correo_1004941;Estafeta de correo de Valle del Pilón;Estafeta de correo;Estafeta;4;Valle del Pilón;1797;;9999;;;AGI_Correos;;San Luis Potosi;Mexico;Correo
GDJ;1004946;Correo_1004946;Estafeta de correo de Presidio de Rio Grande;Estafeta de correo;Estafeta;4;Presidio de Rio Grande;1779;;9999;;;AGI_Correos;;San Luis Potosi;Mexico;Correo
NES;1004959;Correo_1004959;Estafeta de correo de Zacualpan;Estafeta de correo;Estafeta;4;Zacualpan;1774;;9999;;;AGI_Correos;;Mexico;Mexico;Correo
GDJ;1004964;Correo_1004964;Estafeta de correo de Santa María de los Ramos;Estafeta de correo;Estafeta;4;Santa María de los Ramos;1802;;9999;;Identidad incierta;AGI_Correos;;Zacatecas;Mexico;Correo
NES;1004976;Correo_1004976;Estafeta de correo de Rioverde;Estafeta de correo;Estafeta;4;Rioverde;1783;;9999;;;AGI_Correos;;San Luis Potosi;Mexico;Correo
NES;1004989;Correo_1004989;Estafeta de correo de Valle del Maiz;Estafeta de correo;Estafeta;4;Valle del Maiz;1782;;9999;;;AGI_Correos;;San Luis Potosi;Mexico;Correo
GDJ;1004999;Correo_1004999;Estafeta de correo de Presidio Aguaverde;Estafeta de correo;Estafeta;4;Presidio Aguaverde;1779;;1781;;;AGI_Correos;;Mexico;Mexico;Correo
GDJ;1005042;Correo_1005042;Estafeta de correo de Presidio de la Babia;Estafeta de correo;Estafeta;4;Presidio de la Babia;1779;;1781;;;AGI_Correos;;Mexico;Mexico;Correo
GDJ;1005055;Correo_1005055;Estafeta de correo de San Francisco de Matehuala;Estafeta de correo;Estafeta;4;San Francisco de Matehuala;1777;;9999;;;AGI_Correos;;San Luis Potosi;Mexico;Correo
GDJ;1005064;Correo_1005064;Estafeta de correo de Real de los Reyes;Estafeta de correo;Estafeta;4;Real de los Reyes;1791;;9999;;;AGI_Correos;;Mexico;Mexico;Correo
GDJ;1005100;Correo_1005100;Estafeta de correo de Presidio de San Buenaventura;Estafeta de correo;Estafeta;4;Presidio de San Buenaventura;1779;;9999;;;AGI_Correos;;Mexico;Mexico;Correo
GDJ;1005109;Correo_1005109;Estafeta de correo de Presidio del Gallo;Estafeta de correo;Estafeta;4;Presidio del Gallo;1779;;1781;;;AGI_Correos;;Mexico;Mexico;Correo
GDJ;1005119;Correo_1005119;Estafeta de correo de Real de San Dimas;Estafeta de correo;Estafeta;4;Real de San Dimas;1796;;9999;;;AGI_Correos;;Mexico;Mexico;Correo
GDJ;1005121;Correo_1005121;Estafeta de correo de Real de Santa Cruz de los Gavilanes;Estafeta de correo;Estafeta;4;Real de Santa Cruz de los Gavilanes;1794;;9999;;;AGI_Correos;;Mexico;Mexico;Correo
GDJ;1005122;Correo_1005122;Estafeta de correo de Real de Ventanas;Estafeta de correo;Estafeta;4;Real de Ventanas;1795;;9999;;;AGI_Correos;;Mexico;Mexico;Correo
GDJ;1005132;Correo_1005132;Estafeta de correo de Nombre de Dios;Estafeta de correo;Estafeta;4;Nombre de Dios;1782;;9999;;;AGI_Correos;;Mexico;Mexico;Correo
GDJ;1005135;Correo_1005135;Estafeta de correo de Avino;Estafeta de correo;Estafeta;4;Avino;1785;;1790;;;AGI_Correos;;Mexico;Mexico;Correo
GDJ;1005162;Correo_1005162;Estafeta de correo de San Ildefonso de la Cieneguilla;Estafeta de correo;Estafeta;4;San Ildefonso de la Cieneguilla;1782;;9999;;;AGI_Correos;;Mexico;Mexico;Correo
GDJ;1005165;Correo_1005165;Estafeta de correo de P. de San Diego;Estafeta de correo;Estafeta;4;P. de San Diego;1785;;9999;;;AGI_Correos;;Mexico;Mexico;Correo
GDJ;1005168;Correo_1005168;Estafeta de correo de Presidio de San Francisco;Estafeta de correo;Estafeta;4;Presidio de San Francisco;1788;;9999;;;AGI_Correos;;Mexico;Mexico;Correo
GDJ;1005170;Correo_1005170;Estafeta de correo de P. de Santa Barbara;Estafeta de correo;Estafeta;4;P. de Santa Barbara;1790;;9999;;;AGI_Correos;;Mexico;Mexico;Correo
GDJ;1005172;Correo_1005172;Estafeta de correo de P. de Loreto;Estafeta de correo;Estafeta;4;P. de Loreto;1787;;9999;;;AGI_Correos;;Mexico;Mexico;Correo
GDJ;1005209;Correo_1005209;Estafeta de correo de San Antonio de la Huerta;Estafeta de correo;Estafeta;4;San Antonio de la Huerta;1781;;9999;;;AGI_Correos;;Mexico;Mexico;Correo
GDJ;1005218;Correo_1005218;Estafeta de correo de Santa Rosa de Cosihuiriáchic;Estafeta de correo;Estafeta;4;Santa Rosa de Cosihuiriáchic;1789;;9999;;;AGI_Correos;;Mexico;Mexico;Correo
GDJ;1005371;Correo_1005371;Estafeta de correo de Cacaria;Estafeta de correo;Estafeta;4;Cacaria;1788;;1790;;;AGI_Correos;;Mexico;Mexico;Correo
GDJ;1005386;Correo_1005386;Estafeta de correo de Presidio de Santa Cruz;Estafeta de correo;Estafeta;4;Presidio de Santa Cruz;1779;;9999;;;AGI_Correos;;Mexico;Mexico;Correo
GDJ;1005463;Correo_1005463;Estafeta de correo de Presidio de Anahelo;Estafeta de correo;Estafeta;4;Presidio de Anahelo;1784;;1788;;;AGI_Correos;;Mexico;Mexico;Correo
GDJ;1005508;Correo_1005508;Estafeta de correo de Presidio de San Agustín de Tucson;Estafeta de correo;Estafeta;4;Presidio de San Agustín de Tucson;1779;;9999;;;AGI_Correos;;Mexico;Mexico;Correo
GDJ;1005513;Correo_1005513;Estafeta de correo de Huatimape;Estafeta de correo;Estafeta;4;Huatimape;1788;;1790;;;AGI_Correos;;Mexico;Mexico;Correo
GDJ;1005533;Correo_1005533;Estafeta de correo de Presidio del Principe;Estafeta de correo;Estafeta;4;Presidio del Principe;1789;;9999;;;AGI_Correos;;Mexico;Mexico;Correo
GUA;2000001;Correo_2000001;Estafeta de correo de Gracias a Dios;Estafeta de correo;Estafeta;4;Gracias a Dios;1768;;9999;;;AGI_Correos;;Guatemala;Guatemala;Correo
GUA;2000003;Correo_2000003;Administración principal de correo de Guatemala;Administración principal de correo;Principal;1;Guatemala;1768;;9999;;;AGI_Correos;;;;Correo
GUA;2000004;Correo_2000004;Estafeta de correo de San Salvador;Estafeta de correo;Estafeta;4;San Salvador;1768;;9999;;;AGI_Correos;;Guatemala;Guatemala;Correo
GUA;2000005;Correo_2000005;Estafeta de correo de Ciudad Real;Estafeta de correo;Estafeta;4;Ciudad Real;1770;;9999;;;AGI_Correos;;Guatemala;Guatemala;Correo
GUA;2000006;Correo_2000006;Estafeta de correo de Comayagua;Estafeta de correo;Estafeta;4;Comayagua;1768;;9999;;;AGI_Correos;;Guatemala;Guatemala;Correo
GUA;2000007;Correo_2000007;Estafeta de correo de León;Estafeta de correo;Estafeta;4;León;1768;;9999;;;AGI_Correos;;Guatemala;Guatemala;Correo
GUA;2000009;Correo_2000009;Estafeta de correo de Trujillo;Estafeta de correo;Estafeta;4;Trujillo;1785;;9999;;;AGI_Correos;;Guatemala;Guatemala;Correo
GUA;2000010;Correo_2000010;Estafeta de correo de Cartago;Estafeta de correo;Estafeta;4;Cartago;1772;;9999;;;AGI_Correos;;Guatemala;Guatemala;Correo
GUA;2000011;Correo_2000011;Estafeta de correo de Comitan;Estafeta de correo;Estafeta;4;Comitan;1796;;9999;;;AGI_Correos;;Guatemala;Guatemala;Correo
GUA;2000018;Correo_2000018;Estafeta de correo de Tapachula;Estafeta de correo;Estafeta;4;Tapachula;1798;;9999;;;AGI_Correos;;Guatemala;Guatemala;Correo
GUA;2000021;Correo_2000021;Estafeta de correo de Tonalá;Estafeta de correo;Estafeta;4;Tonalá;1798;;9999;;;AGI_Correos;;Guatemala;Guatemala;Correo
GUA;2000021;Correo_2000021;Estafeta de correo de Tonalá;Estafeta de correo;Estafeta;4;Tonalá;1808;;1808;;;AGI_Correos;;Mexico;Mexico;Correo
GUA;2000022;Correo_2000022;Estafeta de correo de Tuxtla;Estafeta de correo;Estafeta;4;Tuxtla;1773;;9999;;;AGI_Correos;;Guatemala;Guatemala;Correo
GUA;2000042;Correo_2000042;Estafeta de correo de Chiapas;Estafeta de correo;Estafeta;4;Chiapas;1768;;9999;;;AGI_Correos;;Guatemala;Guatemala;Correo
GUA;2000121;Correo_2000121;Estafeta de correo de Mazatenango;Estafeta de correo;Estafeta;4;Mazatenango;1804;;9999;;;AGI_Correos;;Guatemala;Guatemala;Correo
GUA;2000131;Correo_2000131;Estafeta de correo de Sonsonate;Estafeta de correo;Estafeta;4;Sonsonate;1768;;9999;;;AGI_Correos;;Guatemala;Guatemala;Correo
GUA;2000152;Correo_2000152;Estafeta de correo de Zacapa;Estafeta de correo;Estafeta;4;Zacapa;1770;;9999;;;AGI_Correos;;Guatemala;Guatemala;Correo
GUA;2000153;Correo_2000153;Estafeta de correo de Chiquimula;Estafeta de correo;Estafeta;4;Chiquimula;1770;;9999;;;AGI_Correos;;Guatemala;Guatemala;Correo
GUA;2000164;Correo_2000164;Estafeta de correo de Totonicapan;Estafeta de correo;Estafeta;4;Totonicapan;1770;;9999;;;AGI_Correos;;Guatemala;Guatemala;Correo
GUA;2000173;Correo_2000173;Estafeta de correo de Quetzaltenango;Estafeta de correo;Estafeta;4;Quetzaltenango;1770;;9999;;;AGI_Correos;;Guatemala;Guatemala;Correo
GUA;2000222;Correo_2000222;Estafeta de correo de Santa Ana;Estafeta de correo;Estafeta;4;Santa Ana;1768;;9999;;;AGI_Correos;;Guatemala;Guatemala;Correo
GUA;2000229;Correo_2000229;Estafeta de correo de Coxutepeque;Estafeta de correo;Estafeta;4;Coxutepeque;1794;;9999;;;AGI_Correos;;Guatemala;Guatemala;Correo
GUA;2000235;Correo_2000235;Estafeta de correo de San Vicente;Estafeta de correo;Estafeta;4;San Vicente;1768;;9999;;;AGI_Correos;;Guatemala;Guatemala;Correo
GUA;2000237;Correo_2000237;Estafeta de correo de Zacatecoluca;Estafeta de correo;Estafeta;4;Zacatecoluca;1797;;9999;;;AGI_Correos;;Guatemala;Guatemala;Correo
GUA;2000241;Correo_2000241;Estafeta de correo de San Miguel;Estafeta de correo;Estafeta;4;San Miguel;1768;;9999;;;AGI_Correos;;Guatemala;Guatemala;Correo
GUA;2000247;Correo_2000247;Estafeta de correo de Olanchito;Estafeta de correo;Estafeta;4;Olanchito;1801;;9999;;;AGI_Correos;;Guatemala;Guatemala;Correo
GUA;2000259;Correo_2000259;Estafeta de correo de San Fernando de Omoa;Estafeta de correo;Estafeta;4;San Fernando de Omoa;1770;;9999;;;AGI_Correos;;Guatemala;Guatemala;Correo
GUA;2000264;Correo_2000264;Estafeta de correo de Tegucigalpa;Estafeta de correo;Estafeta;4;Tegucigalpa;1768;;9999;;;AGI_Correos;;Guatemala;Guatemala;Correo
GUA;2000623;Correo_2000623;Estafeta de correo de Metapan;Estafeta de correo;Estafeta;4;Metapan;1802;;9999;;;AGI_Correos;;Guatemala;Guatemala;Correo
GUA;2000628;Correo_2000628;Estafeta de correo de Managua;Estafeta de correo;Estafeta;4;Managua;1797;;9999;;;AGI_Correos;;Guatemala;Guatemala;Correo
GUA;2000672;Correo_2000672;Estafeta de correo de El Realejo;Estafeta de correo;Estafeta;4;El Realejo;1768;;9999;;;AGI_Correos;;Guatemala;Guatemala;Correo
GUA;2000678;Correo_2000678;Estafeta de correo de Masaya;Estafeta de correo;Estafeta;4;Masaya;1786;;9999;;;AGI_Correos;;Guatemala;Guatemala;Correo
GUA;2000680;Correo_2000680;Estafeta de correo de Granada;Estafeta de correo;Estafeta;4;Granada;1768;;9999;;;AGI_Correos;;Guatemala;Guatemala;Correo
GUA;2000682;Correo_2000682;Estafeta de correo de Nicaragua;Estafeta de correo;Estafeta;4;Nicaragua;1797;;9999;;;AGI_Correos;;Guatemala;Guatemala;Correo
GUA;2000684;Correo_2000684;Estafeta de correo de Villanueva de San Jose;Estafeta de correo;Estafeta;4;Villanueva de San Jose;1797;;9999;;;AGI_Correos;;Guatemala;Guatemala;Correo
GUA;2000732;Correo_2000732;Estafeta de correo de San Felipe del Golfo;Estafeta de correo;Estafeta;4;San Felipe del Golfo;1770;;9999;;;AGI_Correos;;Guatemala;Guatemala;Correo
SDO;3000001;Correo_3000001;Administración principal de correo de Santo Domingo;Administración principal de correo;Principal;1;Santo Domingo;1768;;1801;;;AGI_Correos;;;;Correo
SDO;3000002;Correo_3000002;Estafeta de correo de Puerto Principe;Estafeta de correo;Estafeta;4;Puerto Principe;1765;not_after;9999;not_after;;AGI_Correos;;La Habana;La Habana;Correo
SDO;3000003;Correo_3000003;Administración principal de correo de Puerto Rico;Administración principal de correo;Principal;1;Puerto Rico;1768;;9999;;;AGI_Correos;;;;Correo
SDO;3000004;Correo_3000004;Administración principal de correo de La Habana;Administración principal de correo;Principal;1;La Habana;1768;;9999;;;AGI_Correos;;;;Correo
SDO;3000005;Correo_3000005;Estafeta de correo de Santiago de Cuba;Estafeta de correo;Estafeta;4;Santiago de Cuba;1765;not_after;9999;not_after;;AGI_Correos;;La Habana;La Habana;Correo
SDO;3000006;Correo_3000006;Estafeta de correo de Panzacola;Estafeta de correo;Estafeta;4;Panzacola;1803;exact;9999;exact;;AGI_Correos;;La Habana;La Habana;Correo
SDO;3000007;Correo_3000007;Estafeta de correo de San Agustin de la Florida;Estafeta de correo;Estafeta;4;San Agustin de la Florida;1784;;9999;;;AGI_Correos;;La Habana;La Habana;Correo
SDO;3000008;Correo_3000008;Estafeta de correo de Concepcion de la Vega;Estafeta de correo;Estafeta;4;Concepcion de la Vega;1773;exact;1801;exact;;AGI_Correos;;Santo Domingo;Santo Domingo;Correo
SDO;3000010;Correo_3000010;Estafeta de correo de Trinidad;Estafeta de correo;Estafeta;4;Trinidad;1765;not_after;9999;not_after;;AGI_Correos;;La Habana;La Habana;Correo
SDO;3000011;Correo_3000011;Estafeta de correo de Matanzas;Estafeta de correo;Estafeta;4;Matanzas;1765;not_after;9999;not_after;;AGI_Correos;;La Habana;La Habana;Correo
SDO;3000012;Correo_3000012;Estafeta de correo de Baracoa;Estafeta de correo;Estafeta;4;Baracoa;1806;exact;9999;exact;;AGI_Correos;;La Habana;La Habana;Correo
SDO;3000013;Correo_3000013;Estafeta de correo de Bayamo;Estafeta de correo;Estafeta;4;Bayamo;1765;not_after;9999;not_after;;AGI_Correos;;La Habana;La Habana;Correo
SDO;3000015;Correo_3000015;Estafeta de correo de Guanabacoa;Estafeta de correo;Estafeta;4;Guanabacoa;1765;not_after;9999;not_after;;AGI_Correos;;La Habana;La Habana;Correo
SDO;3000016;Correo_3000016;Estafeta de correo de Holguin;Estafeta de correo;Estafeta;4;Holguin;1807;exact;9999;exact;;AGI_Correos;;La Habana;La Habana;Correo
SDO;3000017;Correo_3000017;Estafeta de correo de Sancti Spiritus;Estafeta de correo;Estafeta;4;Sancti Spiritus;1765;not_after;9999;not_after;;AGI_Correos;;La Habana;La Habana;Correo
SDO;3000018;Correo_3000018;Estafeta de correo de San Juan de los Remedios;Estafeta de correo;Estafeta;4;San Juan de los Remedios;1765;not_after;9999;not_after;;AGI_Correos;;La Habana;La Habana;Correo
SDO;3000019;Correo_3000019;Estafeta de correo de Santa Clara;Estafeta de correo;Estafeta;4;Santa Clara;1765;not_after;9999;not_after;;AGI_Correos;;La Habana;La Habana;Correo
SDO;3000021;Correo_3000021;Estafeta de correo de Jaruco;Estafeta de correo;Estafeta;4;Jaruco;1794;;9999;;;AGI_Correos;;La Habana;La Habana;Correo
SDO;3000022;Correo_3000022;Estafeta de correo de Santa Maria del Rosario;Estafeta de correo;Estafeta;4;Santa Maria del Rosario;1794;;9999;;;AGI_Correos;;La Habana;La Habana;Correo
SDO;3000023;Correo_3000023;Estafeta de correo de Nueva Orleans;Estafeta de correo;Estafeta;4;Nueva Orleans;1768;exact;1805;exact;;AGI_Correos;;La Habana;La Habana;Correo
SDO;3000125;Correo_3000125;Estafeta de correo de Mobila;Estafeta de correo;Estafeta;4;Mobila;1784;;1794;;;AGI_Correos;;La Habana;La Habana;Correo
SDO;3000174;Correo_3000174;Estafeta de correo de Puerto de Plata;Estafeta de correo;Estafeta;4;Puerto de Plata;1773;exact;1801;exact;;AGI_Correos;;Santo Domingo;Santo Domingo;Correo
SDO;3000175;Correo_3000175;Estafeta de correo de Montecristi;Estafeta de correo;Estafeta;4;Montecristi;1765;exact;1801;exact;;AGI_Correos;;Santo Domingo;Santo Domingo;Correo
SDO;3000177;Correo_3000177;Estafeta de correo de San Juan;Estafeta de correo;Estafeta;4;San Juan;1773;exact;1801;exact;;AGI_Correos;;Santo Domingo;Santo Domingo;Correo
SDO;3000178;Correo_3000178;Estafeta de correo de Neiba;Estafeta de correo;Estafeta;4;Neiba;1773;exact;1801;exact;;AGI_Correos;;Santo Domingo;Santo Domingo;Correo
SDO;3000182;Correo_3000182;Estafeta de correo de San Rafael de Rozas;Estafeta de correo;Estafeta;4;San Rafael de Rozas;1773;exact;1801;exact;;AGI_Correos;;Santo Domingo;Santo Domingo;Correo
SDO;3000183;Correo_3000183;Estafeta de correo de Dajabon;Estafeta de correo;Estafeta;4;Dajabon;1773;exact;1801;exact;;AGI_Correos;;Santo Domingo;Santo Domingo;Correo
SDO;3000224;Correo_3000224;Estafeta de correo de Cotui;Estafeta de correo;Estafeta;4;Cotui;1773;exact;1801;exact;;AGI_Correos;;Santo Domingo;Santo Domingo;Correo
SDO;3000225;Correo_3000225;Estafeta de correo de Banica;Estafeta de correo;Estafeta;4;Banica;1773;exact;1801;exact;;AGI_Correos;;Santo Domingo;Santo Domingo;Correo
SDO;3000226;Correo_3000226;Estafeta de correo de Azua;Estafeta de correo;Estafeta;4;Azua;1773;exact;1801;exact;;AGI_Correos;;Santo Domingo;Santo Domingo;Correo
SDO;3000233;Correo_3000233;Estafeta de correo de Santiago de los Caballeros;Estafeta de correo;Estafeta;4;Santiago de los Caballeros;1767;exact;1801;exact;;AGI_Correos;;Santo Domingo;Santo Domingo;Correo
SDO;3000246;Correo_3000246;Estafeta de correo de San Antonio de las Vegas;Estafeta de correo;Estafeta;4;San Antonio de las Vegas;1801;;9999;;;AGI_Correos;;La Habana;La Habana;Correo
SDO;3000321;Correo_3000321;Estafeta de correo de Hincha;Estafeta de correo;Estafeta;4;Hincha;1773;exact;1801;exact;;AGI_Correos;;Santo Domingo;Santo Domingo;Correo
SDO;3000322;Correo_3000322;Estafeta de correo de Bani;Estafeta de correo;Estafeta;4;Bani;1773;exact;1801;exact;;AGI_Correos;;Santo Domingo;Santo Domingo;Correo
VEN;4000001;Correo_4000001;Administración principal de correo de Caracas;Administración principal de correo;Principal;1;Caracas;1768;;9999;;;AGI_Correos;;;;Correo
VEN;4000002;Correo_4000002;Estafeta de correo de Coro;Estafeta de correo;Estafeta;4;Coro;1797;;9999;;;AGI_Correos;;Caracas;Caracas;Correo
VEN;4000003;Correo_4000003;Estafeta de correo de El Tocuyo;Estafeta de correo;Estafeta;4;El Tocuyo;1802;exact;9999;exact;;AGI_Correos;;Caracas;Caracas;Correo
VEN;4000004;Correo_4000004;Estafeta de correo de isla Trinidad;Estafeta de correo;Estafeta;4;isla Trinidad;1765;;1776;;;AGI_Correos;;Caracas;Caracas;Correo
VEN;4000004;Correo_4000004;Estafeta de correo de isla Trinidad;Estafeta de correo;Estafeta;4;isla Trinidad;1777;;1786;;;AGI_Correos;;Puerto Rico;Puerto Rico;Correo
VEN;4000004;Correo_4000004;Estafeta de correo de isla Trinidad;Estafeta de correo;Estafeta;4;isla Trinidad;1787;;1797;;;AGI_Correos;;Puerto Rico;Puerto Rico;Correo
VEN;4000005;Correo_4000005;Administración de correo de Cumana;Administración de correo;Subprincipal;2;Cumana;1765;;1772;;;AGI_Correos;;Caracas;Caracas;Correo
VEN;4000005;Correo_4000005;Administración de correo de Cumana;Administración de correo;Subprincipal;2;Cumana;1797;;9999;;;AGI_Correos;;Caracas;Caracas;Correo
VEN;4000005;Correo_4000005;Administración de correo de Cumana;Administración de correo;Subprincipal;2;Cumana;1773;;1796;;;AGI_Correos;;;;Correo
VEN;4000006;Correo_4000006;Estafeta de correo de isla Margarita;Estafeta de correo;Estafeta;4;isla Margarita;1774;;1774;;;AGI_Correos;;Caracas;Caracas;Correo
VEN;4000006;Correo_4000006;Estafeta de correo de isla Margarita;Estafeta de correo;Estafeta;4;isla Margarita;1791;;9999;;;AGI_Correos;;Caracas;Caracas;Correo
VEN;4000006;Correo_4000006;Estafeta de correo de isla Margarita;Estafeta de correo;Estafeta;4;isla Margarita;1775;;1790;;;AGI_Correos;;;;Correo
VEN;4000007;Correo_4000007;Estafeta de correo de Maracaibo;Estafeta de correo;Estafeta;4;Maracaibo;1766;;1770;;;AGI_Correos;;Caracas;Caracas;Correo
VEN;4000007;Correo_4000007;Estafeta de correo de Maracaibo;Estafeta de correo;Estafeta;4;Maracaibo;1779;not_before;9999;not_before;"1797 en Caracas- 1793 descrito como  ""de Caracas"" . Hay nota en AGN-Colombia de 1779, que en lo futuro Maracaibo kdependiera de Caracas. CORREOS-VEN:SC.18,1,D.15";AGI_Correos;;Caracas;Caracas;Correo
VEN;4000007;Correo_4000007;Estafeta de correo de Maracaibo;Estafeta de correo;Estafeta;4;Maracaibo;1771;;1778;;;AGI_Correos;;Santa Fe;Santa Fe;Correo
VEN;4000008;Correo_4000008;Estafeta de correo de Barinas;Estafeta de correo;Estafeta;4;Barinas;1776;;1778;;;AGI_Correos;;Maracaibo;Santa Fe;Correo
VEN;4000008;Correo_4000008;Estafeta de correo de Barinas;Estafeta de correo;Estafeta;4;Barinas;1779;;9999;;;AGI_Correos;;Maracaibo;Caracas;Correo
VEN;4000009;Correo_4000009;Estafeta de correo de Guayana;Estafeta de correo;Estafeta;4;Guayana;1789;exact;9999;exact;;AGI_Correos;;Caracas;Caracas;Correo
VEN;4000010;Correo_4000010;Estafeta de correo de La Guaira;Estafeta de correo;Estafeta;4;La Guaira;1768;;9999;;;AGI_Correos;;Caracas;Caracas;Correo
VEN;4000011;Correo_4000011;Estafeta de correo de Merida;Estafeta de correo;Estafeta;4;Merida;1776;;1778;;;AGI_Correos;;Maracaibo;Santa Fe;Correo
VEN;4000011;Correo_4000011;Estafeta de correo de Merida;Estafeta de correo;Estafeta;4;Merida;1779;not_after;9999;not_after;;AGI_Correos;;Maracaibo;Caracas;Correo
VEN;4000013;Correo_4000013;Estafeta de correo de Araure;Estafeta de correo;Estafeta;4;Araure;1795;;9999;;;AGI_Correos;;Caracas;Caracas;Correo
VEN;4000014;Correo_4000014;Estafeta de correo de Barquisimeto;Estafeta de correo;Estafeta;4;Barquisimeto;1795;;9999;;;AGI_Correos;;Caracas;Caracas;Correo
VEN;4000016;Correo_4000016;Estafeta de correo de Carora;Estafeta de correo;Estafeta;4;Carora;1802;exact;9999;exact;;AGI_Correos;;Caracas;Caracas;Correo
VEN;4000018;Correo_4000018;Estafeta de correo de Guanare;Estafeta de correo;Estafeta;4;Guanare;1793;;9999;;;AGI_Correos;;Caracas;Caracas;Correo
VEN;4000020;Correo_4000020;Estafeta de correo de San Carlos;Estafeta de correo;Estafeta;4;San Carlos;1779;;9999;;;AGI_Correos;;Caracas;Caracas;Correo
VEN;4000021;Correo_4000021;Estafeta de correo de San Felipe;Estafeta de correo;Estafeta;4;San Felipe;1789;;9999;;;AGI_Correos;;Caracas;Caracas;Correo
VEN;4000024;Correo_4000024;Estafeta de correo de Valencia;Estafeta de correo;Estafeta;4;Valencia;1787;;9999;;;AGI_Correos;;Caracas;Caracas;Correo
VEN;4000051;Correo_4000051;Estafeta de correo de Maracay;Estafeta de correo;Estafeta;4;Maracay;1795;;9999;;;AGI_Correos;;Caracas;Caracas;Correo
VEN;4000053;Correo_4000053;Estafeta de correo de Turmero;Estafeta de correo;Estafeta;4;Turmero;1795;;9999;;;AGI_Correos;;Caracas;Caracas;Correo
VEN;4000056;Correo_4000056;Estafeta de correo de La Victoria;Estafeta de correo;Estafeta;4;La Victoria;1795;;9999;;;AGI_Correos;;Caracas;Caracas;Correo
VEN;4000107;Correo_4000107;Estafeta de correo de Puerto Cabello;Estafeta de correo;Estafeta;4;Puerto Cabello;1768;;9999;;;AGI_Correos;;Caracas;Caracas;Correo
VEN;4000330;Correo_4000330;Estafeta de correo de Barcelona;Estafeta de correo;Estafeta;4;Barcelona;1785;;9999;;;AGI_Correos;;Caracas;Caracas;Correo
VEN;4000460;Correo_4000460;Estafeta de correo de San Cristobal;Estafeta de correo;Estafeta;4;San Cristobal;1776;;1778;;;AGI_Correos;;Maracaibo;Santa Fe;Correo
VEN;4000460;Correo_4000460;Estafeta de correo de San Cristobal;Estafeta de correo;Estafeta;4;San Cristobal;1779;not_after;9999;not_after;;AGI_Correos;;Maracaibo;Caracas;Correo
VEN;4000461;Correo_4000461;Estafeta de correo de La Grita;Estafeta de correo;Estafeta;4;La Grita;1776;not_after;1778;not_after;;AGI_Correos;;Maracaibo;Santa Fe;Correo
VEN;4000461;Correo_4000461;Estafeta de correo de La Grita;Estafeta de correo;Estafeta;4;La Grita;1779;not_after;9999;not_after;;AGI_Correos;;Maracaibo;Caracas;Correo
VEN;4000463;Correo_4000463;Estafeta de correo de Trujillo;Estafeta de correo;Estafeta;4;Trujillo;1797;;9999;;;AGI_Correos;;Maracaibo;Caracas;Correo
VEN;4000469;Correo_4000469;Estafeta de correo de Bailadores;Estafeta de correo;Estafeta;4;Bailadores;1797;;9999;;;AGI_Correos;;Maracaibo;Caracas;Correo
VEN;4000624;Correo_4000624;Estafeta de correo de San Antonio;Estafeta de correo;Estafeta;4;San Antonio;1797;;9999;;;AGI_Correos;;Maracaibo;Caracas;Correo
VEN;4000659;Correo_4000659;Estafeta de correo de Escuque;Estafeta de correo;Estafeta;4;Escuque;1797;;9999;;;AGI_Correos;;Maracaibo;Caracas;Correo
NGR;5000001;Correo_5000001;Administración de correo de Santa Fe;Administración de correo;Subprincipal;2;Santa Fe;1768;;1770;;;AGI_Correos;;Cartagena;Cartagena;Correo
NGR;5000001;Correo_5000001;Administración principal de correo de Santa Fe;Administración principal de correo;Principal;1;Santa Fe;1771;;9999;;;AGI_Correos;;;;Correo
NGR;5000002;Correo_5000002;Estafeta de correo de Panama;Estafeta de correo;Estafeta principal;3;Panama;1768;;9999;;;AGI_Correos;;Cartagena;Cartagena;Correo
NGR;5000003;Correo_5000003;Estafeta de correo de Antioquia;Estafeta de correo;Estafeta;4;Antioquia;1777;;9999;;;AGI_Correos;;Medellin;Santa Fe;Correo
NGR;5000004;Correo_5000004;Administración principal de correo de Cartagena;Administración principal de correo;Principal;1;Cartagena;1768;;9999;;;AGI_Correos;;;;Correo
NGR;5000005;Correo_5000005;Estafeta de correo de Portobelo;Estafeta de correo;Estafeta;4;Portobelo;1768;exact;9999;exact;;AGI_Correos;;Panama;Cartagena;Correo
NGR;5000006;Correo_5000006;Estafeta de correo de Quibdo;Estafeta de correo;Estafeta;4;Quibdo;1777;;9999;;;AGI_Correos;;Cartago;Santa Fe;Correo
NGR;5000007;Correo_5000007;Estafeta de correo de Santiago;Estafeta de correo;Estafeta;4;Santiago;1792;;9999;;;AGI_Correos;;Pore;Santa Fe;Correo
NGR;5000008;Correo_5000008;Estafeta de correo de Pore;Estafeta de correo;Estafeta principal;3;Pore;1792;;9999;;;AGI_Correos;;Santa Fe;Santa Fe;Correo
NGR;5000009;Correo_5000009;Estafeta de correo de Mariquita;Estafeta de correo;Estafeta;4;Mariquita;1799;;9999;;;AGI_Correos;;Santa Fe;Santa Fe;Correo
NGR;5000010;Correo_5000010;Estafeta de correo de Neiva;Estafeta de correo;Estafeta;4;Neiva;1772;;1804;not_after;;AGI_Correos;;Santa Fe;Santa Fe;Correo
NGR;5000010;Correo_5000010;Estafeta de correo de Neiva;Estafeta de correo;Estafeta principal;3;Neiva;1805;not_after;9999;not_after;;AGI_Correos;;Santa Fe;Santa Fe;Correo
NGR;5000011;Correo_5000011;Estafeta de correo de Santa Marta;Estafeta de correo;Estafeta principal;3;Santa Marta;1768;;9999;;;AGI_Correos;;Cartagena;Cartagena;Correo
NGR;5000012;Correo_5000012;Estafeta de correo de Riohacha;Estafeta de correo;Estafeta;4;Riohacha;1771;exact;9999;exact;;AGI_Correos;;Santa Marta;Cartagena;Correo
NGR;5000013;Correo_5000013;Estafeta de correo de Veraguas;Estafeta de correo;Estafeta;4;Veraguas;1785;exact;9999;exact;;AGI_Correos;;Panama;Cartagena;Correo
NGR;5000014;Correo_5000014;Estafeta de correo de Tunja;Estafeta de correo;Estafeta principal;3;Tunja;1772;;9999;;;AGI_Correos;;Santa Fe;Santa Fe;Correo
NGR;5000015;Correo_5000015;Estafeta de correo de Socorro;Estafeta de correo;Estafeta principal;3;Socorro;1776;;9999;;;AGI_Correos;;Santa Fe;Santa Fe;Correo
NGR;5000016;Correo_5000016;Estafeta de correo de Pamplona;Estafeta de correo;Estafeta;4;Pamplona;1776;;9999;;;AGI_Correos;;Rosario Cucuta;Santa Fe;Correo
NGR;5000017;Correo_5000017;Estafeta de correo de San Martín;Estafeta de correo;Estafeta;4;San Martín;1805;not_after;9999;not_after;;AGI_Correos;;Caqueza;Santa Fe;Correo
NGR;5000019;Correo_5000019;Estafeta de correo de Medellin;Estafeta de correo;Estafeta principal;3;Medellin;1777;;9999;;;AGI_Correos;;Santa Fe;Santa Fe;Correo
NGR;5000020;Correo_5000020;Estafeta de correo de Remedios;Estafeta de correo;Estafeta;4;Remedios;1777;;9999;;;AGI_Correos;;Medellin;Santa Fe;Correo
NGR;5000021;Correo_5000021;Estafeta de correo de Rionegro;Estafeta de correo;Estafeta;4;Rionegro;1777;;9999;;;AGI_Correos;;Medellin;Santa Fe;Correo
NGR;5000022;Correo_5000022;Estafeta de correo de Marinilla;Estafeta de correo;Estafeta;4;Marinilla;1777;;9999;;;AGI_Correos;;Medellin;Santa Fe;Correo
NGR;5000023;Correo_5000023;Estafeta de correo de Zaragoza;Estafeta de correo;Estafeta;4;Zaragoza;1805;not_after;9999;not_after;;AGI_Correos;;Antioquia;Santa Fe;Correo
NGR;5000024;Correo_5000024;Estafeta de correo de Mompox;Estafeta de correo;Estafeta principal;3;Mompox;1768;;9999;;;AGI_Correos;;Cartagena;Cartagena;Correo
NGR;5000025;Correo_5000025;Estafeta de correo de Simiti;Estafeta de correo;Estafeta;4;Simiti;1775;exact;9999;exact;;AGI_Correos;;Mompox;Cartagena;Correo
NGR;5000027;Correo_5000027;Estafeta de correo de Chire;Estafeta de correo;Estafeta;4;Chire;1792;;9999;;;AGI_Correos;;Pore;Santa Fe;Correo
NGR;5000029;Correo_5000029;Administración de correo de Honda;Administración de correo;Subprincipal;2;Honda;1775;;9999;;;AGI_Correos;;Santa Fe;Santa Fe;Correo
NGR;5000030;Correo_5000030;Estafeta de correo de Ibague;Estafeta de correo;Estafeta;4;Ibague;1777;;9999;;;AGI_Correos;;Cartago;Santa Fe;Correo
NGR;5000032;Correo_5000032;Estafeta de correo de La Plata;Estafeta de correo;Estafeta;4;La Plata;1782;;1788;;Según Pando ya 1774;AGI_Correos;;Popayan;Lima;Correo
NGR;5000032;Correo_5000032;Estafeta de correo de La Plata;Estafeta de correo;Estafeta;4;La Plata;1789;;9999;;;AGI_Correos;;Popayan;Santa Fe;Correo
NGR;5000033;Correo_5000033;Estafeta de correo de Purificación;Estafeta de correo;Estafeta;4;Purificación;1785;;9999;;;AGI_Correos;;Santa Fe;Santa Fe;Correo
NGR;5000035;Correo_5000035;Estafeta de correo de San Jose Cucuta;Estafeta de correo;Estafeta;4;San Jose Cucuta;1776;;9999;;;AGI_Correos;;Rosario Cucuta;Santa Fe;Correo
NGR;5000036;Correo_5000036;Estafeta de correo de Giron;Estafeta de correo;Estafeta;4;Giron;1776;;9999;;;AGI_Correos;;Socorro;Santa Fe;Correo
NGR;5000037;Correo_5000037;Estafeta de correo de Salazar;Estafeta de correo;Estafeta;4;Salazar;1776;;1781;;;AGI_Correos;;Rosario Cucuta;Santa Fe;Correo
NGR;5000037;Correo_5000037;Estafeta de correo de Salazar;Estafeta de correo;Estafeta;4;Salazar;1792;;9999;;;AGI_Correos;;Rosario Cucuta;Santa Fe;Correo
NGR;5000038;Correo_5000038;Estafeta de correo de Nata;Estafeta de correo;Estafeta;4;Nata;1785;exact;9999;exact;;AGI_Correos;;Panama;Cartagena;Correo
NGR;5000039;Correo_5000039;Estafeta de correo de Ocaña;Estafeta de correo;Estafeta;4;Ocaña;1772;exact;9999;exact;;AGI_Correos;;Mompox;Cartagena;Correo
NGR;5000041;Correo_5000041;Estafeta de correo de Valledupar;Estafeta de correo;Estafeta;4;Valledupar;1793;exact;9999;exact;;AGI_Correos;;Santa Marta;Cartagena;Correo
NGR;5000042;Correo_5000042;Estafeta de correo de San Gil;Estafeta de correo;Estafeta;4;San Gil;1776;;9999;;;AGI_Correos;;Socorro;Santa Fe;Correo
NGR;5000044;Correo_5000044;Estafeta de correo de Leyva;Estafeta de correo;Estafeta;4;Leyva;1785;;9999;;;AGI_Correos;;Tunja;Santa Fe;Correo
NGR;5000047;Correo_5000047;Estafeta de correo de Barranquilla;Estafeta de correo;Estafeta;4;Barranquilla;1778;exact;9999;exact;;AGI_Correos;;Cartagena;Cartagena;Correo
NGR;5000056;Correo_5000056;Estafeta de correo de Novita;Estafeta de correo;Estafeta;4;Novita;1777;;9999;;;AGI_Correos;;Cartago;Santa Fe;Correo
NGR;5000057;Correo_5000057;Estafeta de correo de Servita;Estafeta de correo;Estafeta;4;Servita;1798;;9999;;;AGI_Correos;;Socorro;Santa Fe;Correo
NGR;5000059;Correo_5000059;Estafeta de correo de Caqueza;Estafeta de correo;Estafeta principal;3;Caqueza;1805;not_after;9999;not_after;;AGI_Correos;;Pore;Santa Fe;Correo
NGR;5000060;Correo_5000060;Estafeta de correo de Choconta;Estafeta de correo;Estafeta;4;Choconta;1798;;9999;;;AGI_Correos;;Santa Fe;Santa Fe;Correo
NGR;5000061;Correo_5000061;Estafeta de correo de Guaduas;Estafeta de correo;Estafeta;4;Guaduas;1775;;9999;;;AGI_Correos;;Honda;Santa Fe;Correo
NGR;5000062;Correo_5000062;Estafeta de correo de Ubate;Estafeta de correo;Estafeta;4;Ubate;1783;;1804;not_after;;AGI_Correos;;Santa Fe;Santa Fe;Correo
NGR;5000062;Correo_5000062;Estafeta de correo de Ubate;Estafeta de correo;Estafeta;4;Ubate;1805;not_after;9999;not_after;;AGI_Correos;;Zipaquira;Santa Fe;Correo
NGR;5000063;Correo_5000063;Estafeta de correo de Zipaquira;Estafeta de correo;Estafeta;4;Zipaquira;1783;;1804;not_after;;AGI_Correos;;Santa Fe;Santa Fe;Correo
NGR;5000063;Correo_5000063;Estafeta de correo de Zipaquira;Estafeta de correo;Estafeta principal;3;Zipaquira;1805;not_after;9999;not_after;;AGI_Correos;;Santa Fe;Santa Fe;Correo
NGR;5000065;Correo_5000065;Estafeta de correo de Tenerife;Estafeta de correo;Estafeta;4;Tenerife;1771;exact;9999;exact;;AGI_Correos;;Cartagena;Cartagena;Correo
NGR;5000066;Correo_5000066;Estafeta de correo de Velez;Estafeta de correo;Estafeta;4;Velez;1776;;9999;;;AGI_Correos;;Socorro;Santa Fe;Correo
NGR;5000071;Correo_5000071;Estafeta de correo de Sogamoso;Estafeta de correo;Estafeta;4;Sogamoso;1776;;9999;;;AGI_Correos;;Tunja;Santa Fe;Correo
NGR;5000086;Correo_5000086;Estafeta de correo de Santa Rosa de los Osos;Estafeta de correo;Estafeta;4;Santa Rosa de los Osos;1798;;9999;;;AGI_Correos;;Medellin;Santa Fe;Correo
NGR;5000094;Correo_5000094;Estafeta de correo de San Bartolome;Estafeta de correo;Estafeta;4;San Bartolome;1775;;9999;;;AGI_Correos;;Honda;Santa Fe;Correo
NGR;5000095;Correo_5000095;Estafeta de correo de Cancan;Estafeta de correo;Estafeta;4;Cancan;1777;;9999;;;AGI_Correos;;Medellin;Santa Fe;Correo
NGR;5000096;Correo_5000096;Estafeta de correo de Yolombo;Estafeta de correo;Estafeta;4;Yolombo;1778;;9999;;;AGI_Correos;;Medellin;Santa Fe;Correo
NGR;5000104;Correo_5000104;Estafeta de correo de Barranca;Estafeta de correo;Estafeta;4;Barranca;1793;exact;1793;exact;;AGI_Correos;;Cartagena;Cartagena;Correo
NGR;5000107;Correo_5000107;Estafeta de correo de Soledad;Estafeta de correo;Estafeta;4;Soledad;1778;exact;9999;exact;;AGI_Correos;;Cartagena;Cartagena;Correo
NGR;5000157;Correo_5000157;Estafeta de correo de Sabanagrande;Estafeta de correo;Estafeta;4;Sabanagrande;1778;exact;9999;exact;;AGI_Correos;;Cartagena;Cartagena;Correo
NGR;5000168;Correo_5000168;Estafeta de correo de Sabanalarga;Estafeta de correo;Estafeta;4;Sabanalarga;1805;exact;9999;exact;;AGI_Correos;;Cartagena;Cartagena;Correo
NGR;5000173;Correo_5000173;Estafeta de correo de Morales;Estafeta de correo;Estafeta;4;Morales;1785;exact;9999;exact;;AGI_Correos;;Mompox;Cartagena;Correo
NGR;5000192;Correo_5000192;Estafeta de correo de Tado;Estafeta de correo;Estafeta;4;Tado;1793;;9999;;;AGI_Correos;;Cartago;Santa Fe;Correo
NGR;5000193;Correo_5000193;Estafeta de correo de Las Juntas;Estafeta de correo;Estafeta;4;Las Juntas;1793;;9999;;;AGI_Correos;;Cartago;Santa Fe;Correo
NGR;5000205;Correo_5000205;Estafeta de correo de Labranzagrande;Estafeta de correo;Estafeta;4;Labranzagrande;1801;;9999;;;AGI_Correos;;Santa Fe;Santa Fe;Correo
NGR;5000207;Correo_5000207;Estafeta de correo de Morcote;Estafeta de correo;Estafeta;4;Morcote;1796;;1798;;;AGI_Correos;;Pore;Santa Fe;Correo
NGR;5000207;Correo_5000207;Estafeta de correo de Morcote;Estafeta de correo;Estafeta;4;Morcote;1805;not_after;9999;not_after;;AGI_Correos;;Pore;Santa Fe;Correo
NGR;5000218;Correo_5000218;Estafeta de correo de San Jose de Nare;Estafeta de correo;Estafeta;4;San Jose de Nare;1793;not_after;9999;not_after;cuentas solo desde 1799;AGI_Correos;;Honda;Santa Fe;Correo
NGR;5000222;Correo_5000222;Estafeta de correo de San Luis;Estafeta de correo;Estafeta;4;San Luis;1794;;1804;not_after;;AGI_Correos;;Cartago;Santa Fe;Correo
NGR;5000223;Correo_5000223;Estafeta de correo de Chaparral;Estafeta de correo;Estafeta;4;Chaparral;1796;;9999;;;AGI_Correos;;Cartago;Santa Fe;Correo
NGR;5000224;Correo_5000224;Estafeta de correo de Guamo;Estafeta de correo;Estafeta;4;Guamo;1805;not_after;9999;not_after;;AGI_Correos;;Honda;Santa Fe;Correo
NGR;5000230;Correo_5000230;Estafeta de correo de Tocayma;Estafeta de correo;Estafeta;4;Tocayma;1788;;9999;;;AGI_Correos;;Santa Fe;Santa Fe;Correo
NGR;5000231;Correo_5000231;Estafeta de correo de Ambalema;Estafeta de correo;Estafeta;4;Ambalema;1799;;9999;;;AGI_Correos;;Santa Fe;Santa Fe;Correo
NGR;5000234;Correo_5000234;Estafeta de correo de Anapoyma;Estafeta de correo;Estafeta;4;Anapoyma;1805;not_after;9999;not_after;;AGI_Correos;;Honda;Santa Fe;Correo
NGR;5000239;Correo_5000239;Estafeta de correo de Coello;Estafeta de correo;Estafeta;4;Coello;1805;not_after;9999;not_after;;AGI_Correos;;Neiva;Santa Fe;Correo
NGR;5000240;Correo_5000240;Estafeta de correo de Espinal;Estafeta de correo;Estafeta;4;Espinal;1805;not_after;9999;not_after;;AGI_Correos;;Neiva;Santa Fe;Correo
NGR;5000242;Correo_5000242;Estafeta de correo de Guayabal;Estafeta de correo;Estafeta;4;Guayabal;1772;;1776;;;AGI_Correos;;Santa Fe;Santa Fe;Correo
NGR;5000242;Correo_5000242;Estafeta de correo de Mesa de Juan Diaz;Estafeta de correo;Estafeta;4;Mesa de Juan Diaz;1777;;9999;;;AGI_Correos;;Santa Fe;Santa Fe;Correo
NGR;5000244;Correo_5000244;Estafeta de correo de Coyayma;Estafeta de correo;Estafeta;4;Coyayma;1805;not_after;9999;not_after;;AGI_Correos;;Neiva;Santa Fe;Correo
NGR;5000251;Correo_5000251;Estafeta de correo de Aype;Estafeta de correo;Estafeta;4;Aype;1805;not_after;9999;not_after;;AGI_Correos;;Neiva;Santa Fe;Correo
NGR;5000259;Correo_5000259;Estafeta de correo de Ataco;Estafeta de correo;Estafeta;4;Ataco;1805;not_after;9999;not_after;;AGI_Correos;;Neiva;Santa Fe;Correo
NGR;5000260;Correo_5000260;Estafeta de correo de Prado;Estafeta de correo;Estafeta;4;Prado;1805;not_after;9999;not_after;;AGI_Correos;;Neiva;Santa Fe;Correo
NGR;5000262;Correo_5000262;Estafeta de correo de Gigante;Estafeta de correo;Estafeta;4;Gigante;1796;;9999;;;AGI_Correos;;Popayan;Santa Fe;Correo
NGR;5000266;Correo_5000266;Estafeta de correo de Pital;Estafeta de correo;Estafeta;4;Pital;1796;;9999;;;AGI_Correos;;Popayan;Santa Fe;Correo
NGR;5000268;Correo_5000268;Estafeta de correo de Bochalema;Estafeta de correo;Estafeta;4;Bochalema;1805;not_after;9999;not_after;;AGI_Correos;;Pamplona;Santa Fe;Correo
NGR;5000269;Correo_5000269;Estafeta de correo de San Faustino;Estafeta de correo;Estafeta;4;San Faustino;1776;not_after;1781;not_after;;AGI_Correos;;Santa Fe;Santa Fe;Correo
NGR;5000270;Correo_5000270;Estafeta de correo de Pie de la Cuesta;Estafeta de correo;Estafeta;4;Pie de la Cuesta;1786;;9999;;;AGI_Correos;;Socorro;Santa Fe;Correo
NGR;5000271;Correo_5000271;Estafeta de correo de Bucaramanga;Estafeta de correo;Estafeta;4;Bucaramanga;1799;;9999;;;AGI_Correos;;Santa Fe;Santa Fe;Correo
NGR;5000276;Correo_5000276;Estafeta de correo de Cacota de Surata;Estafeta de correo;Estafeta;4;Cacota de Surata;1799;;9999;;;AGI_Correos;;Santa Fe;Santa Fe;Correo
NGR;5000285;Correo_5000285;Estafeta de correo de San Cayetano;Estafeta de correo;Estafeta;4;San Cayetano;1776;;1781;;;AGI_Correos;;Rosario Cucuta;Santa Fe;Correo
NGR;5000285;Correo_5000285;Estafeta de correo de San Cayetano;Estafeta de correo;Estafeta;4;San Cayetano;1792;;9999;;;AGI_Correos;;Rosario Cucuta;Santa Fe;Correo
NGR;5000288;Correo_5000288;Estafeta de correo de Anton;Estafeta de correo;Estafeta;4;Anton;1785;ca;9999;ca;;AGI_Correos;;Panama;Cartagena;Correo
NGR;5000289;Correo_5000289;Estafeta de correo de Santa María;Estafeta de correo;Estafeta;4;Santa María;1785;exact;9999;exact;;AGI_Correos;;Panama;Cartagena;Correo
NGR;5000291;Correo_5000291;Estafeta de correo de Penonome;Estafeta de correo;Estafeta;4;Penonome;1785;ca;9999;ca;;AGI_Correos;;Panama;Cartagena;Correo
NGR;5000293;Correo_5000293;Estafeta de correo de La Chorrera;Estafeta de correo;Estafeta;4;La Chorrera;1785;ca;9999;ca;;AGI_Correos;;Panama;Cartagena;Correo
NGR;5000299;Correo_5000299;Estafeta de correo de Arraijan;Estafeta de correo;Estafeta;4;Arraijan;1785;exact;1788;exact;;AGI_Correos;;Panama;Cartagena;Correo
NGR;5000303;Correo_5000303;Estafeta de correo de Capira;Estafeta de correo;Estafeta;4;Capira;1785;exact;9999;exact;;AGI_Correos;;Panama;Cartagena;Correo
NGR;5000304;Correo_5000304;Estafeta de correo de Chame;Estafeta de correo;Estafeta;4;Chame;1785;exact;9999;exact;;AGI_Correos;;Panama;Cartagena;Correo
NGR;5000305;Correo_5000305;Estafeta de correo de San Carlos;Estafeta de correo;Estafeta;4;San Carlos;1785;ca;1801;ca;;AGI_Correos;;Panama;Cartagena;Correo
NGR;5000308;Correo_5000308;Estafeta de correo de Los Santos;Estafeta de correo;Estafeta;4;Los Santos;1785;exact;9999;exact;;AGI_Correos;;Panama;Cartagena;Correo
NGR;5000310;Correo_5000310;Estafeta de correo de Parita;Estafeta de correo;Estafeta;4;Parita;1785;exact;9999;exact;;AGI_Correos;;Panama;Cartagena;Correo
NGR;5000313;Correo_5000313;Estafeta de correo de Las Tablas;Estafeta de correo;Estafeta;4;Las Tablas;1785;exact;9999;exact;;AGI_Correos;;Panama;Cartagena;Correo
NGR;5000342;Correo_5000342;Estafeta de correo de Villeta;Estafeta de correo;Estafeta;4;Villeta;1799;;9999;;;AGI_Correos;;Santa Fe;Santa Fe;Correo
NGR;5000353;Correo_5000353;Estafeta de correo de Facatativa;Estafeta de correo;Estafeta;4;Facatativa;1805;not_after;9999;not_after;;AGI_Correos;;Honda;Santa Fe;Correo
NGR;5000374;Correo_5000374;Estafeta de correo de Puerto Real;Estafeta de correo;Estafeta;4;Puerto Real;1793;;1793;;No hay cuentas;AGI_Correos;;Mompox;Cartagena;Correo
NGR;5000391;Correo_5000391;Estafeta de correo de Chiriguana;Estafeta de correo;Estafeta;4;Chiriguana;1807;exact;9999;exact;;AGI_Correos;;Mompox;Cartagena;Correo
NGR;5000402;Correo_5000402;Estafeta de correo de Barrancas;Estafeta de correo;Estafeta;4;Barrancas;1793;exact;9999;exact;;AGI_Correos;;Santa Marta;Cartagena;Correo
NGR;5000410;Correo_5000410;Estafeta de correo de Fonseca;Estafeta de correo;Estafeta;4;Fonseca;1805;exact;9999;exact;;AGI_Correos;;Santa Marta;Cartagena;Correo
NGR;5000421;Correo_5000421;Estafeta de correo de Barichara;Estafeta de correo;Estafeta;4;Barichara;1798;;9999;;;AGI_Correos;;Socorro;Santa Fe;Correo
NGR;5000429;Correo_5000429;Estafeta de correo de Charala;Estafeta de correo;Estafeta;4;Charala;1791;;9999;;;AGI_Correos;;Socorro;Santa Fe;Correo
NGR;5000431;Correo_5000431;Estafeta de correo de Oyba;Estafeta de correo;Estafeta;4;Oyba;1791;;9999;;;AGI_Correos;;Socorro;Santa Fe;Correo
NGR;5000436;Correo_5000436;Estafeta de correo de Paramo;Estafeta de correo;Estafeta;4;Paramo;1800;;9999;;;AGI_Correos;;Santa Fe;Santa Fe;Correo
NGR;5000437;Correo_5000437;Estafeta de correo de Puente Real;Estafeta de correo;Estafeta;4;Puente Real;1776;;9999;;;AGI_Correos;;Socorro;Santa Fe;Correo
NGR;5000446;Correo_5000446;Estafeta de correo de Guadalupe;Estafeta de correo;Estafeta;4;Guadalupe;1776;;9999;;;AGI_Correos;;Socorro;Santa Fe;Correo
NGR;5000462;Correo_5000462;Estafeta de correo de Cocuy;Estafeta de correo;Estafeta;4;Cocuy;1777;;9999;;;AGI_Correos;;Tunja;Santa Fe;Correo
NGR;5000503;Correo_5000503;Estafeta de correo de Chiquinquira;Estafeta de correo;Estafeta;4;Chiquinquira;1786;;9999;;;AGI_Correos;;Socorro;Santa Fe;Correo
NGR;5000507;Correo_5000507;Estafeta de correo de Santa Rosa;Estafeta de correo;Estafeta;4;Santa Rosa;1776;;9999;;;AGI_Correos;;Tunja;Santa Fe;Correo
NGR;5000508;Correo_5000508;Estafeta de correo de Serinza;Estafeta de correo;Estafeta;4;Serinza;1776;;9999;;;AGI_Correos;;Tunja;Santa Fe;Correo
NGR;5000509;Correo_5000509;Estafeta de correo de Sativa;Estafeta de correo;Estafeta;4;Sativa;1776;;9999;;;AGI_Correos;;Tunja;Santa Fe;Correo
NGR;5000510;Correo_5000510;Estafeta de correo de Suata;Estafeta de correo;Estafeta;4;Suata;1777;;9999;;;AGI_Correos;;Tunja;Santa Fe;Correo
NGR;5000515;Correo_5000515;Estafeta de correo de Tequia;Estafeta de correo;Estafeta;4;Tequia;1776;;9999;;;AGI_Correos;;Tunja;Santa Fe;Correo
NGR;5000533;Correo_5000533;Estafeta de correo de Guateque;Estafeta de correo;Estafeta;4;Guateque;1805;not_after;9999;not_after;;AGI_Correos;;Tunja;Santa Fe;Correo
NGR;5000709;Correo_5000709;Estafeta de correo de Villavieja;Estafeta de correo;Estafeta;4;Villavieja;1805;not_after;9999;not_after;;AGI_Correos;;Neiva;Santa Fe;Correo
NGR;5000784;Correo_5000784;Estafeta de correo de Rosario Cucuta;Estafeta de correo;Estafeta principal;3;Rosario Cucuta;1772;;9999;;;AGI_Correos;;Santa Fe;Santa Fe;Correo
QUI;5600001;Correo_5600001;Administración de correo de Quito;Administración de correo;Subprincipal;2;Quito;1768;;1770;;;AGI_Correos;;Cartagena;Cartagena;Correo
QUI;5600001;Correo_5600001;Administración de correo de Quito;Administración de correo;Subprincipal;2;Quito;1771;;9999;;;AGI_Correos;;Lima;Lima;Correo
QUI;5600002;Correo_5600002;Estafeta de correo de Cuenca;Estafeta de correo;Estafeta principal;3;Cuenca;1772;;9999;;;AGI_Correos;;Quito;Lima;Correo
QUI;5600003;Correo_5600003;Administración de correo de Guayaquil;Administración de correo;Subprincipal;2;Guayaquil;1772;;9999;;;AGI_Correos;;Lima;Lima;Correo
QUI;5600005;Correo_5600005;Administración de correo de Popayan;Administración de correo;Subprincipal;2;Popayan;1772;;1788;;;AGI_Correos;;Quito;Lima;Correo
QUI;5600005;Correo_5600005;Administración de correo de Popayan;Administración de correo;Subprincipal;2;Popayan;1789;;9999;;;AGI_Correos;;Santa Fe;Santa Fe;Correo
QUI;5600008;Correo_5600008;Estafeta de correo de Ibarra;Estafeta de correo;Estafeta;4;Ibarra;1772;;9999;;;AGI_Correos;;Quito;Lima;Correo
QUI;5600009;Correo_5600009;Estafeta de correo de Otavalo;Estafeta de correo;Estafeta;4;Otavalo;1804;not_after;9999;not_after;;AGI_Correos;;Quito;Lima;Correo
QUI;5600010;Correo_5600010;Estafeta de correo de Latacunga;Estafeta de correo;Estafeta;4;Latacunga;1772;;9999;;;AGI_Correos;;Quito;Lima;Correo
QUI;5600011;Correo_5600011;Estafeta de correo de Guaranda;Estafeta de correo;Estafeta;4;Guaranda;1778;;9999;;;AGI_Correos;;Quito;Lima;Correo
QUI;5600012;Correo_5600012;Estafeta de correo de Loja;Estafeta de correo;Estafeta;4;Loja;1772;;9999;;;AGI_Correos;;Cuenca;Lima;Correo
QUI;5600014;Correo_5600014;Estafeta de correo de Riobamba;Estafeta de correo;Estafeta;4;Riobamba;1772;;9999;;;AGI_Correos;;Quito;Lima;Correo
QUI;5600022;Correo_5600022;Estafeta de correo de Babahoyo;Estafeta de correo;Estafeta;4;Babahoyo;1783;;9999;;;AGI_Correos;;Guayaquil;Lima;Correo
QUI;5600025;Correo_5600025;Estafeta de correo de Naranjal;Estafeta de correo;Estafeta;4;Naranjal;1783;;9999;;;AGI_Correos;;Guayaquil;Lima;Correo
QUI;5600028;Correo_5600028;Estafeta de correo de Portoviejo;Estafeta de correo;Estafeta;4;Portoviejo;1808;;9999;;;AGI_Correos;;Guayaquil;Lima;Correo
QUI;5600031;Correo_5600031;Estafeta de correo de Almaguer;Estafeta de correo;Estafeta;4;Almaguer;1796;;9999;;;AGI_Correos;;Popayan;Santa Fe;Correo
QUI;5600032;Correo_5600032;Estafeta de correo de Buga;Estafeta de correo;Estafeta;4;Buga;1782;;1788;;;AGI_Correos;;Popayan;Lima;Correo
QUI;5600032;Correo_5600032;Estafeta de correo de Buga;Estafeta de correo;Estafeta;4;Buga;1789;;9999;;Según Pando ya 1774;AGI_Correos;;Popayan;Santa Fe;Correo
QUI;5600033;Correo_5600033;Estafeta de correo de Cali;Estafeta de correo;Estafeta;4;Cali;1782;;1788;;;AGI_Correos;;Popayan;Lima;Correo
QUI;5600033;Correo_5600033;Estafeta de correo de Cali;Estafeta de correo;Estafeta;4;Cali;1789;;9999;;Según Pando ya 1774;AGI_Correos;;Popayan;Santa Fe;Correo
NGR;5600036;Correo_5600036;Estafeta de correo de Anserma;Estafeta de correo;Estafeta;4;Anserma;1777;;9999;;;AGI_Correos;;Cartago;Santa Fe;Correo
NGR;5600037;Correo_5600037;Administración de correo de Cartago;Administración de correo;Subprincipal;2;Cartago;1776;;9999;;;AGI_Correos;;Santa Fe;Santa Fe;Correo
NGR;5600040;Correo_5600040;Estafeta de correo de Toro;Estafeta de correo;Estafeta;4;Toro;1777;;9999;;;AGI_Correos;;Cartago;Santa Fe;Correo
QUI;5600042;Correo_5600042;Estafeta de correo de Pasto;Estafeta de correo;Estafeta;4;Pasto;1772;;9999;;;AGI_Correos;;Quito;Lima;Correo
QUI;5600044;Correo_5600044;Estafeta de correo de Alausi;Estafeta de correo;Estafeta;4;Alausi;1788;;9999;;;AGI_Correos;;Quito;Lima;Correo
QUI;5600046;Correo_5600046;Estafeta de correo de Macas;Estafeta de correo;Estafeta;4;Macas;1807;;9999;;;AGI_Correos;;Quito;Lima;Correo
QUI;5600050;Correo_5600050;Estafeta de correo de Barbacoas;Estafeta de correo;Estafeta;4;Barbacoas;1784;;9999;;pocas cuentas;AGI_Correos;;Pasto;Lima;Correo
QUI;5600051;Correo_5600051;Estafeta de correo de Caloto;Estafeta de correo;Estafeta;4;Caloto;1782;;1788;;reaparece solo 1794 en las cuentas de Santa Fe;AGI_Correos;;Popayan;Lima;Correo
QUI;5600051;Correo_5600051;Estafeta de correo de Caloto;Estafeta de correo;Estafeta;4;Caloto;1789;;9999;;Según Pando ya 1774;reaparece solo 1794 en las cuentas de Santa Fe;AGI_Correos;Popayan;Santa Fe;Correo
QUI;5600082;Correo_5600082;Estafeta de correo de Cañar;Estafeta de correo;Estafeta;4;Cañar;1805;not_after;9999;not_after;;AGI_Correos;;Quito;Lima;Correo
QUI;5600087;Correo_5600087;Estafeta de correo de Gualaseo;Estafeta de correo;Estafeta;4;Gualaseo;1805;not_after;9999;not_after;;AGI_Correos;;Quito;Lima;Correo
QUI;5600160;Correo_5600160;Estafeta de correo de Mercaderes;Estafeta de correo;Estafeta;4;Mercaderes;1796;;9999;;;AGI_Correos;;Popayan;Santa Fe;Correo
QUI;5600164;Correo_5600164;Estafeta de correo de Quilichao;Estafeta de correo;Estafeta;4;Quilichao;1782;;1788;;Según Pando ya 1774;AGI_Correos;;Popayan;Lima;Correo
QUI;5600164;Correo_5600164;Estafeta de correo de Quilichao;Estafeta de correo;Estafeta;4;Quilichao;1789;;9999;;;AGI_Correos;;Popayan;Santa Fe;Correo
NGR;5600169;Correo_5600169;Estafeta de correo de Supia;Estafeta de correo;Estafeta;4;Supia;1792;;9999;;;AGI_Correos;;Cartago;Santa Fe;Correo
QUI;5600188;Correo_5600188;Estafeta de correo de Tuquerres;Estafeta de correo;Estafeta;4;Tuquerres;1795;;9999;;;AGI_Correos;;Pasto;Lima;Correo
QUI;5600237;Correo_5600237;Estafeta de correo de Ambato;Estafeta de correo;Estafeta;4;Ambato;1772;;9999;;;AGI_Correos;;Quito;Lima;Correo
QUI;5600254;Correo_5600254;Estafeta de correo de Guano;Estafeta de correo;Estafeta;4;Guano;1808;;9999;;;AGI_Correos;;Quito;Lima;Correo
QUI;5600271;Correo_5600271;Estafeta de correo de Tulua;Estafeta de correo;Estafeta;4;Tulua;1783;;1788;;;AGI_Correos;;Popayan;Lima;Correo
QUI;5600271;Correo_5600271;Estafeta de correo de Tulua;Estafeta de correo;Estafeta;4;Tulua;1789;;9999;;;AGI_Correos;;Popayan;Santa Fe;Correo
QUI;5600433;Correo_5600433;Estafeta de correo de Tulcan;Estafeta de correo;Estafeta;4;Tulcan;1804;not_after;9999;not_after;;AGI_Correos;;Quito;Lima;Correo
QUI;5600505;Correo_5600505;Estafeta de correo de Roldanillo;Estafeta de correo;Estafeta;4;Roldanillo;1782;;1788;;reaparece solo 1794 en las cuentas de Santa Fe;AGI_Correos;;Popayan;Lima;Correo
QUI;5600505;Correo_5600505;Estafeta de correo de Roldanillo;Estafeta de correo;Estafeta;4;Roldanillo;1789;;9999;;reaparece solo 1794 en las cuentas de Santa Fe;AGI_Correos;;Popayan;Santa Fe;Correo
QUI;5600720;Correo_5600720;Estafeta de correo de Llano Grande;Estafeta de correo;Estafeta;4;Llano Grande;1782;;1788;;;AGI_Correos;;Popayan;Lima;Correo
QUI;5600720;Correo_5600720;Estafeta de correo de Llano Grande;Estafeta de correo;Estafeta;4;Llano Grande;1789;;9999;;;AGI_Correos;;Popayan;Santa Fe;Correo
QUI;5600762;Correo_5600762;Estafeta de correo de San Pablo;Estafeta de correo;Estafeta;4;San Pablo;1796;;9999;;;AGI_Correos;;Popayan;Santa Fe;Correo
PER;6000001;Correo_6000001;Administración de correo de Lima;Administración de correo;Subprincipal;2;Lima;1768;;9999;;;AGI_Correos;;;;Correo
PER;6000002;Correo_6000002;Administración de correo de Cuzco;Administración de correo;Subprincipal;2;Cuzco;1768;;9999;;;AGI_Correos;;Lima;Lima;Correo
PER;6000002;Correo_6000002;Estafeta de correo de Cuzco;Estafeta de correo;Estafeta;4;Cuzco;1769;;9999;;;AGI_Correos;;Lima;Lima;Correo
PER;6000003;Correo_6000003;Estafeta de correo de Trujillo;Estafeta de correo;Estafeta;4;Trujillo;1772;;9999;;;AGI_Correos;;Lima;Lima;Correo
PER;6000004;Correo_6000004;Estafeta de correo de Tarma;Estafeta de correo;Estafeta;4;Tarma;1783;;9999;;;AGI_Correos;;Lima;Lima;Correo
PER;6000005;Correo_6000005;Estafeta de correo de Huancavelica;Estafeta de correo;Estafeta;4;Huancavelica;1772;;9999;;;AGI_Correos;;Lima;Lima;Correo
PER;6000006;Correo_6000006;Estafeta de correo de Huamanga;Estafeta de correo;Estafeta;4;Huamanga;1772;;9999;;;AGI_Correos;;Lima;Lima;Correo
PER;6000007;Correo_6000007;Administración de correo de Arequipa;Administración de correo;Subprincipal;2;Arequipa;1772;;9999;;;AGI_Correos;;Lima;Lima;Correo
PER;6000008;Correo_6000008;Estafeta de correo de Callao;Estafeta de correo;Estafeta;4;Callao;1806;;9999;;;AGI_Correos;;Lima;Lima;Correo
PER;6000021;Correo_6000021;Estafeta de correo de Arica;Estafeta de correo;Estafeta;4;Arica;1772;;9999;;;AGI_Correos;;Lima;Lima;Correo
PER;6000026;Correo_6000026;Estafeta de correo de Tacna;Estafeta de correo;Estafeta;4;Tacna;1772;;9999;;;AGI_Correos;;Arequipa;Lima;Correo
PER;6000055;Correo_6000055;Estafeta de correo de Camana;Estafeta de correo;Estafeta;4;Camana;1772;;9999;;;AGI_Correos;;Ica;Lima;Correo
PER;6000057;Correo_6000057;Estafeta de correo de Acari;Estafeta de correo;Estafeta;4;Acari;1778;;9999;;;AGI_Correos;;Lima;Lima;Correo
PER;6000060;Correo_6000060;Estafeta de correo de Chala;Estafeta de correo;Estafeta;4;Chala;1777;;9999;;;AGI_Correos;;Lima;Lima;Correo
PER;6000062;Correo_6000062;Estafeta de correo de Ocoña;Estafeta de correo;Estafeta;4;Ocoña;1772;;9999;;;AGI_Correos;;Lima;Lima;Correo
PER;6000063;Correo_6000063;Estafeta de correo de Atico;Estafeta de correo;Estafeta;4;Atico;1772;;9999;;;AGI_Correos;;Lima;Lima;Correo
PER;6000070;Correo_6000070;Estafeta de correo de Caylloma;Estafeta de correo;Estafeta;4;Caylloma;1772;;9999;;;AGI_Correos;;Arequipa;Lima;Correo
PER;6000095;Correo_6000095;Estafeta de correo de Chuquibamba;Estafeta de correo;Estafeta;4;Chuquibamba;1808;;9999;;;AGI_Correos;;Lima;Lima;Correo
PER;6000122;Correo_6000122;Estafeta de correo de Moquegua;Estafeta de correo;Estafeta;4;Moquegua;1772;;9999;;;AGI_Correos;;Arequipa;Lima;Correo
PER;6000135;Correo_6000135;Estafeta de correo de Tarapaca;Estafeta de correo;Estafeta;4;Tarapaca;1782;;9999;;;AGI_Correos;;Arequipa;Lima;Correo
PER;6000158;Correo_6000158;Estafeta de correo de Abancay;Estafeta de correo;Estafeta;4;Abancay;1772;;9999;;;AGI_Correos;;Lima;Lima;Correo
PER;6000246;Correo_6000246;Estafeta de correo de Velille;Estafeta de correo;Estafeta;4;Velille;1804;;9999;;;AGI_Correos;;Lima;Lima;Correo
PER;6000285;Correo_6000285;Estafeta de correo de Paruro;Estafeta de correo;Estafeta;4;Paruro;1778;;9999;;;AGI_Correos;;Lima;Lima;Correo
PER;6000365;Correo_6000365;Estafeta de correo de Sicuani;Estafeta de correo;Estafeta;4;Sicuani;1804;;9999;;;AGI_Correos;;Lima;Lima;Correo
PER;6000395;Correo_6000395;Estafeta de correo de Andahuaylas;Estafeta de correo;Estafeta;4;Andahuaylas;1772;;9999;;;AGI_Correos;;Lima;Lima;Correo
PER;6000468;Correo_6000468;Estafeta de correo de Huanta;Estafeta de correo;Estafeta;4;Huanta;1772;;9999;;;AGI_Correos;;Lima;Lima;Correo
PER;6000695;Correo_6000695;Estafeta de correo de Cañete;Estafeta de correo;Estafeta;4;Cañete;1772;;9999;;;AGI_Correos;;Lima;Lima;Correo
PER;6000698;Correo_6000698;Estafeta de correo de Chincha;Estafeta de correo;Estafeta;4;Chincha;1772;;9999;;;AGI_Correos;;Lima;Lima;Correo
PER;6000769;Correo_6000769;Estafeta de correo de Chancay;Estafeta de correo;Estafeta;4;Chancay;1806;;9999;;;AGI_Correos;;Lima;Lima;Correo
PER;6000771;Correo_6000771;Estafeta de correo de Barranca;Estafeta de correo;Estafeta;4;Barranca;1806;;9999;;;AGI_Correos;;Lima;Lima;Correo
PER;6000773;Correo_6000773;Estafeta de correo de Huaura;Estafeta de correo;Estafeta;4;Huaura;1772;;9999;;;AGI_Correos;;Lima;Lima;Correo
PER;6000817;Correo_6000817;Estafeta de correo de Yauli;Estafeta de correo;Estafeta;4;Yauli;1784;;9999;;;AGI_Correos;;Lima;Lima;Correo
PER;6000856;Correo_6000856;Administración de correo de Ica;Administración de correo;Subprincipal;2;Ica;1772;;9999;;;AGI_Correos;;Lima;Lima;Correo
PER;6000862;Correo_6000862;Estafeta de correo de Nazca;Estafeta de correo;Estafeta;4;Nazca;1772;;9999;;;AGI_Correos;;Ica;Lima;Correo
PER;6000863;Correo_6000863;Estafeta de correo de Palpa;Estafeta de correo;Estafeta;4;Palpa;1772;;9999;;;AGI_Correos;;Ica;Lima;Correo
PER;6000890;Correo_6000890;Estafeta de correo de Nepeña;Estafeta de correo;Estafeta;4;Nepeña;1778;;1781;;;AGI_Correos;;Lima;Lima;Correo
PER;6000891;Correo_6000891;Estafeta de correo de Pativilca;Estafeta de correo;Estafeta;4;Pativilca;1803;;9999;;;AGI_Correos;;Lima;Lima;Correo
PER;6001098;Correo_6001098;Estafeta de correo de Huaraz;Estafeta de correo;Estafeta;4;Huaraz;1778;;9999;;;AGI_Correos;;Lima;Lima;Correo
PER;6001133;Correo_6001133;Estafeta de correo de Jauja;Estafeta de correo;Estafeta;4;Jauja;1772;;9999;;;AGI_Correos;;Lima;Lima;Correo
PER;6001134;Correo_6001134;Estafeta de correo de Huancayo;Estafeta de correo;Estafeta;4;Huancayo;1800;;9999;;;AGI_Correos;;Lima;Lima;Correo
PER;6001177;Correo_6001177;Estafeta de correo de Pasco;Estafeta de correo;Estafeta;4;Pasco;1778;;9999;;;AGI_Correos;;Lima;Lima;Correo
PER;6001179;Correo_6001179;Estafeta de correo de Huariaca;Estafeta de correo;Estafeta;4;Huariaca;1784;;9999;;;AGI_Correos;;Lima;Lima;Correo
PER;6001261;Correo_6001261;Estafeta de correo de Cajamarca;Estafeta de correo;Estafeta;4;Cajamarca;1772;;9999;;;AGI_Correos;;Trujillo;Lima;Correo
PER;6001262;Correo_6001262;Estafeta de correo de Chachapoyas;Estafeta de correo;Estafeta;4;Chachapoyas;1782;;9999;;;AGI_Correos;;Lima;Lima;Correo
PER;6001331;Correo_6001331;Estafeta de correo de Huamachuco;Estafeta de correo;Estafeta;4;Huamachuco;1804;;9999;;;AGI_Correos;;Lima;Lima;Correo
PER;6001332;Correo_6001332;Estafeta de correo de Otusco;Estafeta de correo;Estafeta;4;Otusco;1772;;9999;;;AGI_Correos;;Trujillo;Lima;Correo
PER;6001391;Correo_6001391;Estafeta de correo de Piura;Estafeta de correo;Estafeta;4;Piura;1772;;9999;;;AGI_Correos;;Trujillo;Lima;Correo
PER;6001415;Correo_6001415;Estafeta de correo de Saña;Estafeta de correo;Estafeta;4;Saña;1772;;9999;;;AGI_Correos;;Trujillo;Lima;Correo
PER;6001419;Correo_6001419;Estafeta de correo de Chiclayo;Estafeta de correo;Estafeta;4;Chiclayo;1772;;9999;;;AGI_Correos;;Trujillo;Lima;Correo
PER;6001438;Correo_6001438;Estafeta de correo de Lambayeque;Estafeta de correo;Estafeta;4;Lambayeque;1772;;9999;;;AGI_Correos;;Trujillo;Lima;Correo
PER;6001493;Correo_6001493;Estafeta de correo de San Pedro;Estafeta de correo;Estafeta;4;San Pedro;1782;;9999;;Identidad incierta;AGI_Correos;;Lima;Lima;Correo
PER;6001505;Correo_6001505;Estafeta de correo de Valle de Mages;Estafeta de correo;Estafeta;4;Valle de Mages;1807;;9999;;;AGI_Correos;;Lima;Lima;Correo
PER;6001518;Correo_6001518;Estafeta de correo de Huallanca;Estafeta de correo;Estafeta;4;Huallanca;1804;;9999;;;AGI_Correos;;Lima;Lima;Correo
CHL;7000001;Correo_7000001;Administración de correo de Santiago de Chile;Administración de correo;Subprincipal;2;Santiago de Chile;1774;;1793;;;AGI_Correos;;Buenos Aires;Buenos Aires;Correo
CHL;7000001;Correo_7000001;Administración de correo de Santiago de Chile;Administración de correo;Subprincipal;2;Santiago de Chile;1768;;1773;;;AGI_Correos;;Lima;Lima;Correo
CHL;7000001;Correo_7000001;Administración principal de correo de Santiago de Chile;Administración principal de correo;Principal;1;Santiago de Chile;1794;;9999;;;AGI_Correos;;;;Correo
CHL;7000002;Correo_7000002;Estafeta de correo de Concepcion;Estafeta de correo;Estafeta;4;Concepcion;1772;exact;1793;exact;;AGI_Correos;;Santiago;Buenos Aires;Correo
CHL;7000002;Correo_7000002;Estafeta de correo de Concepcion;Estafeta de correo;Estafeta;4;Concepcion;1794;exact;9999;exact;;AGI_Correos;;Santiago;Santiago;Correo
CHL;7000003;Correo_7000003;Estafeta de correo de Valparaiso;Estafeta de correo;Estafeta;4;Valparaiso;1772;exact;1793;exact;;AGI_Correos;;Santiago;Buenos Aires;Correo
CHL;7000003;Correo_7000003;Estafeta de correo de Valparaiso;Estafeta de correo;Estafeta;4;Valparaiso;1794;exact;9999;exact;;AGI_Correos;;Santiago;Santiago;Correo
CHL;7000005;Correo_7000005;Estafeta de correo de Valdivia;Estafeta de correo;Estafeta;4;Valdivia;1776;exact;1793;exact;;AGI_Correos;;Santiago;Buenos Aires;Correo
CHL;7000005;Correo_7000005;Estafeta de correo de Valdivia;Estafeta de correo;Estafeta;4;Valdivia;1794;exact;9999;exact;;AGI_Correos;;Santiago;Santiago;Correo
CHL;7000007;Correo_7000007;Estafeta de correo de Chiloe;Estafeta de correo;Estafeta;4;Chiloe;1800;exact;9999;exact;;AGI_Correos;;Lima;Lima;Correo
CHL;7000007;Correo_7000007;Estafeta de correo de Chiloe;Estafeta de correo;Estafeta;4;Chiloe;1786;exact;1793;exact;;AGI_Correos;;Santiago;Buenos Aires;Correo
CHL;7000007;Correo_7000007;Estafeta de correo de Chiloe;Estafeta de correo;Estafeta;4;Chiloe;1794;exact;1789;exact;;AGI_Correos;;Santiago;Santiago;Correo
CHL;7000009;Correo_7000009;Estafeta de correo de Aconcagua;Estafeta de correo;Estafeta;4;Aconcagua;1786;exact;1793;exact;;AGI_Correos;;Santiago;Buenos Aires;Correo
CHL;7000009;Correo_7000009;Estafeta de correo de Aconcagua;Estafeta de correo;Estafeta;4;Aconcagua;1794;exact;9999;exact;;AGI_Correos;;Santiago;Santiago;Correo
CHL;7000040;Correo_7000040;Estafeta de correo de San Fernando;Estafeta de correo;Estafeta;4;San Fernando;1775;exact;1793;exact;;AGI_Correos;;Santiago;Buenos Aires;Correo
CHL;7000040;Correo_7000040;Estafeta de correo de San Fernando;Estafeta de correo;Estafeta;4;San Fernando;1794;exact;9999;exact;;AGI_Correos;;Santiago;Santiago;Correo
CHL;7000063;Correo_7000063;Estafeta de correo de Copiapo;Estafeta de correo;Estafeta;4;Copiapo;1786;;1793;;;AGI_Correos;;Santiago;Buenos Aires;Correo
CHL;7000063;Correo_7000063;Estafeta de correo de Copiapo;Estafeta de correo;Estafeta;4;Copiapo;1794;;9999;;;AGI_Correos;;Santiago;Santiago;Correo
CHL;7000078;Correo_7000078;Estafeta de correo de La Serena;Estafeta de correo;Estafeta;4;La Serena;1786;exact;1793;exact;;AGI_Correos;;Santiago;Buenos Aires;Correo
CHL;7000078;Correo_7000078;Estafeta de correo de La Serena;Estafeta de correo;Estafeta;4;La Serena;1794;exact;9999;exact;;AGI_Correos;;Santiago;Santiago;Correo
CHL;7000092;Correo_7000092;Estafeta de correo de Sotaqui;Estafeta de correo;Estafeta;4;Sotaqui;1798;;9999;;;AGI_Correos;;Santiago;Santiago;Correo
CHL;7000095;Correo_7000095;Estafeta de correo de Barraza;Estafeta de correo;Estafeta;4;Barraza;1786;exact;1793;exact;;AGI_Correos;;Santiago;Buenos Aires;Correo
CHL;7000095;Correo_7000095;Estafeta de correo de Barraza;Estafeta de correo;Estafeta;4;Barraza;1794;exact;9999;exact;;AGI_Correos;;Santiago;Santiago;Correo
CHL;7000153;Correo_7000153;Estafeta de correo de San Rafael de Rozas;Estafeta de correo;Estafeta;4;San Rafael de Rozas;1786;exact;1793;exact;;AGI_Correos;;Santiago;Buenos Aires;Correo
CHL;7000153;Correo_7000153;Estafeta de correo de San Rafael de Rozas;Estafeta de correo;Estafeta;4;San Rafael de Rozas;1794;exact;9999;exact;;AGI_Correos;;Santiago;Santiago;Correo
CHL;7000155;Correo_7000155;Estafeta de correo de Mincha;Estafeta de correo;Estafeta;4;Mincha;1786;exact;1793;exact;;AGI_Correos;;Santiago;Buenos Aires;Correo
CHL;7000155;Correo_7000155;Estafeta de correo de Mincha;Estafeta de correo;Estafeta;4;Mincha;1794;exact;9999;exact;;AGI_Correos;;Santiago;Santiago;Correo
CHL;7000157;Correo_7000157;Estafeta de correo de Guasco;Estafeta de correo;Estafeta;4;Guasco;1786;exact;1793;exact;;AGI_Correos;;Santiago;Buenos Aires;Correo
CHL;7000157;Correo_7000157;Estafeta de correo de Guasco;Estafeta de correo;Estafeta;4;Guasco;1794;exact;9999;exact;;AGI_Correos;;Santiago;Santiago;Correo
CHL;7000175;Correo_7000175;Estafeta de correo de Talca;Estafeta de correo;Estafeta;4;Talca;1775;exact;1793;exact;;AGI_Correos;;Santiago;Buenos Aires;Correo
CHL;7000175;Correo_7000175;Estafeta de correo de Talca;Estafeta de correo;Estafeta;4;Talca;1794;exact;9999;exact;;AGI_Correos;;Santiago;Santiago;Correo
CHL;7000236;Correo_7000236;Estafeta de correo de Petorca;Estafeta de correo;Estafeta;4;Petorca;1786;exact;1793;exact;;AGI_Correos;;Santiago;Buenos Aires;Correo
CHL;7000236;Correo_7000236;Estafeta de correo de Petorca;Estafeta de correo;Estafeta;4;Petorca;1794;exact;9999;exact;;AGI_Correos;;Santiago;Santiago;Correo
CHL;7000242;Correo_7000242;Estafeta de correo de Quillota;Estafeta de correo;Estafeta;4;Quillota;1786;exact;1793;exact;;AGI_Correos;;Santiago;Buenos Aires;Correo
CHL;7000242;Correo_7000242;Estafeta de correo de Quillota;Estafeta de correo;Estafeta;4;Quillota;1794;exact;9999;exact;;AGI_Correos;;Santiago;Santiago;Correo
CHL;7000259;Correo_7000259;Estafeta de correo de Rancagua;Estafeta de correo;Estafeta;4;Rancagua;1786;exact;1793;exact;;AGI_Correos;;Santiago;Buenos Aires;Correo
CHL;7000259;Correo_7000259;Estafeta de correo de Rancagua;Estafeta de correo;Estafeta;4;Rancagua;1794;exact;9999;exact;;AGI_Correos;;Santiago;Santiago;Correo
CHL;7000317;Correo_7000317;Estafeta de correo de Cauquenes;Estafeta de correo;Estafeta;4;Cauquenes;1775;exact;1793;exact;;AGI_Correos;;Santiago;Buenos Aires;Correo
CHL;7000317;Correo_7000317;Estafeta de correo de Cauquenes;Estafeta de correo;Estafeta;4;Cauquenes;1794;exact;9999;exact;;AGI_Correos;;Santiago;Santiago;Correo
CHL;7000326;Correo_7000326;Estafeta de correo de Linares;Estafeta de correo;Estafeta;4;Linares;1800;;9999;;;AGI_Correos;;Santiago;Santiago;Correo
CHL;7000329;Correo_7000329;Estafeta de correo de Chillán;Estafeta de correo;Estafeta;4;Chillán;1784;not_after;1793;not_after;;AGI_Correos;;Santiago;Buenos Aires;Correo
CHL;7000329;Correo_7000329;Estafeta de correo de Chillán;Estafeta de correo;Estafeta;4;Chillán;1794;not_after;9999;not_after;;AGI_Correos;;Santiago;Santiago;Correo
CHL;7000338;Correo_7000338;Estafeta de correo de Quirihue;Estafeta de correo;Estafeta;4;Quirihue;1794;;9999;;;AGI_Correos;;Santiago;Santiago;Correo
CHL;7000483;Correo_7000483;Estafeta de correo de Combarbala;Estafeta de correo;Estafeta;4;Combarbala;1800;;9999;;;AGI_Correos;;Santiago;Santiago;Correo
CHL;7000496;Correo_7000496;Estafeta de correo de Pupio;Estafeta de correo;Estafeta;4;Pupio;1786;exact;1793;exact;;AGI_Correos;;Santiago;Buenos Aires;Correo
CHL;7000496;Correo_7000496;Estafeta de correo de Pupio;Estafeta de correo;Estafeta;4;Pupio;1794;exact;9999;exact;;AGI_Correos;;Santiago;Santiago;Correo
CHL;9900703;Correo_9900703;Estafeta de correo de Vallenar;Estafeta de correo;Estafeta;4;Vallenar;1794;;9999;;;AGI_Correos;;Santiago;Santiago;Correo
CHL;7000113;Correo_7000113;Estafeta de correo de Curico;Estafeta de correo;Estafeta;4;Curico;1786;exact;1793;exact;;AGI_Correos;;Santiago;Buenos Aires;Correo
CHL;7000113;Correo_7000113;Estafeta de correo de Curico;Estafeta de correo;Estafeta;4;Curico;1794;exact;9999;exact;;AGI_Correos;;Santiago;Santiago;Correo
CHA;8000001;Correo_8000001;Estafeta de correo de Chuquisaca;Estafeta de correo;Estafeta;4;Chuquisaca;1772;not_after;1779;not_after;solo desde 1786 en cuentas de Buenos Aires;AGI_Correos;;Potosi;Lima;Correo
CHA;8000001;Correo_8000001;Estafeta de correo de Chuquisaca;Estafeta de correo;Estafeta;4;Chuquisaca;1780;not_before;1793;not_before;solo desde 1786 en cuentas de Buenos Aires;AGI_Correos;;Potosi;Buenos Aires;Correo
CHA;8000001;Correo_8000001;Estafeta de correo de Chuquisaca;Estafeta de correo;Estafeta;4;Chuquisaca;1794;not_before;9999;not_before;solo desde 1786 en cuentas de Buenos Aires;AGI_Correos;;Potosi;Potosi;Correo
PER;8000002;Correo_8000002;Administración de correo de Potosi;Administración de correo;Subprincipal;2;Potosi;1772;;9999;;;AGI_Correos;;Lima;Lima;Correo
PER;8000002;Correo_8000002;Estafeta de correo de Puno;Estafeta de correo;Estafeta;4;Puno;1776;not_after;1779;not_after;solo desde 1786 en cuentas de Buenos Aires;AGI_Correos;;Potosi;Lima;Correo
PER;8000002;Correo_8000002;Estafeta de correo de Puno;Estafeta de correo;Estafeta;4;Puno;1780;not_before;1793;not_before;solo desde 1786 en cuentas de Buenos Aires;AGI_Correos;;Potosi;Buenos Aires;Correo
PER;8000002;Correo_8000002;Estafeta de correo de Puno;Estafeta de correo;Estafeta;4;Puno;1794;not_before;9999;not_before;solo desde 1780 en cuentas de Buenos Aires;AGI_Correos;;Potosi;Potosi;Correo
CHA;8000004;Correo_8000004;Estafeta de correo de Cochabamba;Estafeta de correo;Estafeta;4;Cochabamba;1786;not_after;1793;not_after;solo desde 1786 en cuentas de Buenos Aires;AGI_Correos;;Potosi;Buenos Aires;Correo
CHA;8000004;Correo_8000004;Estafeta de correo de Cochabamba;Estafeta de correo;Estafeta;4;Cochabamba;1794;not_after;9999;not_after;solo desde 1786 en cuentas de Buenos Aires;AGI_Correos;;Potosi;Potosi;Correo
CHA;8000005;Correo_8000005;Estafeta de correo de La Paz;Estafeta de correo;Estafeta;4;La Paz;1772;not_after;1779;not_after;solo desde 1786 en cuentas de Buenos Aires;AGI_Correos;;Potosi;Lima;Correo
CHA;8000005;Correo_8000005;Estafeta de correo de La Paz;Estafeta de correo;Estafeta;4;La Paz;1780;not_before;1793;not_before;solo desde 1786 en cuentas de Buenos Aires;AGI_Correos;;Potosi;Buenos Aires;Correo
CHA;8000005;Correo_8000005;Estafeta de correo de La Paz;Estafeta de correo;Estafeta;4;La Paz;1794;not_before;9999;not_before;solo desde 1786 en cuentas de Buenos Aires;AGI_Correos;;Potosi;Potosi;Correo
CHA;8000006;Correo_8000006;Administración de correo de Potosi;Administración de correo;Subprincipal;2;Potosi;1768;;9999;;;AGI_Correos;;Buenos Aires;Buenos Aires;Correo
CHA;8000006;Correo_8000006;Administración principal de correo de Potosi;Administración principal de correo;Principal;1;Potosi;1794;;9999;;;AGI_Correos;;;;Correo
CHA;8000009;Correo_8000009;Estafeta de correo de Santa Cruz;Estafeta de correo;Estafeta;4;Santa Cruz;1786;not_after;1793;not_after;solo desde 1786 en cuentas de Buenos Aires;AGI_Correos;;Potosi;Buenos Aires;Correo
CHA;8000009;Correo_8000009;Estafeta de correo de Santa Cruz;Estafeta de correo;Estafeta;4;Santa Cruz;1794;not_after;9999;not_after;solo desde 1786 en cuentas de Buenos Aires;AGI_Correos;;Potosi;Potosi;Correo
CHA;8000010;Correo_8000010;Estafeta de correo de Oruro;Estafeta de correo;Estafeta;4;Oruro;1772;not_after;1779;not_after;solo desde 1786 en cuentas de Buenos Aires;AGI_Correos;;Potosi;Lima;Correo
CHA;8000010;Correo_8000010;Estafeta de correo de Oruro;Estafeta de correo;Estafeta;4;Oruro;1780;not_before;1793;not_before;solo desde 1786 en cuentas de Buenos Aires;AGI_Correos;;Potosi;Buenos Aires;Correo
CHA;8000010;Correo_8000010;Estafeta de correo de Oruro;Estafeta de correo;Estafeta;4;Oruro;1794;not_before;9999;not_before;solo desde 1786 en cuentas de Buenos Aires;AGI_Correos;;Potosi;Potosi;Correo
CHA;8000017;Correo_8000017;Estafeta de correo de Tarija;Estafeta de correo;Estafeta;4;Tarija;1784;not_after;1793;not_after;solo desde 1784 en cuentas de Buenos Aires;AGI_Correos;;Potosi;Buenos Aires;Correo
CHA;8000017;Correo_8000017;Estafeta de correo de Tarija;Estafeta de correo;Estafeta;4;Tarija;1794;not_after;9999;not_after;solo desde 1784 en cuentas de Buenos Aires;AGI_Correos;;Potosi;Potosi;Correo
PER;8000018;Correo_8000018;Estafeta de correo de Chucuito;Estafeta de correo;Estafeta;4;Chucuito;1776;not_after;1779;not_after;solo desde 1786 en cuentas de Buenos Aires;AGI_Correos;;Potosi;Lima;Correo
PER;8000018;Correo_8000018;Estafeta de correo de Chucuito;Estafeta de correo;Estafeta;4;Chucuito;1780;not_before;1793;not_before;solo desde 1786 en cuentas de Buenos Aires;AGI_Correos;;Potosi;Buenos Aires;Correo
PER;8000018;Correo_8000018;Estafeta de correo de Chucuito;Estafeta de correo;Estafeta;4;Chucuito;1794;not_before;9999;not_before;solo desde 1786 en cuentas de Buenos Aires;AGI_Correos;;Potosi;Potosi;Correo
CHA;8000022;Correo_8000022;Estafeta de correo de Cinti;Estafeta de correo;Estafeta;4;Cinti;1784;not_after;1793;not_after;solo desde 1784 en cuentas de Buenos Aires;AGI_Correos;;Potosi;Buenos Aires;Correo
CHA;8000022;Correo_8000022;Estafeta de correo de Cinti;Estafeta de correo;Estafeta;4;Cinti;1794;not_after;9999;not_after;solo desde 1784 en cuentas de Buenos Aires;AGI_Correos;;Potosi;Potosi;Correo
CHA;8000034;Correo_8000034;Estafeta de correo de Sicasica;Estafeta de correo;Estafeta;4;Sicasica;1786;not_after;1793;not_after;solo desde 1786 en cuentas de Buenos Aires;AGI_Correos;;Potosi;Buenos Aires;Correo
CHA;8000034;Correo_8000034;Estafeta de correo de Sicasica;Estafeta de correo;Estafeta;4;Sicasica;1794;not_after;9999;not_after;solo desde 1786 en cuentas de Buenos Aires;AGI_Correos;;Potosi;Potosi;Correo
CHA;8000038;Correo_8000038;Estafeta de correo de Tupiza;Estafeta de correo;Estafeta;4;Tupiza;1786;not_after;1793;not_after;solo desde 1786 en cuentas de Buenos Aires;AGI_Correos;;Potosi;Buenos Aires;Correo
CHA;8000038;Correo_8000038;Estafeta de correo de Tupiza;Estafeta de correo;Estafeta;4;Tupiza;1794;not_after;9999;not_after;solo desde 1786 en cuentas de Buenos Aires;AGI_Correos;;Potosi;Potosi;Correo
CHA;8000100;Correo_8000100;Estafeta de correo de Chilón;Estafeta de correo;Estafeta;4;Chilón;1786;not_after;1793;not_after;solo desde 1786 en cuentas de Buenos Aires;AGI_Correos;;Potosi;Buenos Aires;Correo
CHA;8000100;Correo_8000100;Estafeta de correo de Chilón;Estafeta de correo;Estafeta;4;Chilón;1794;not_after;9999;not_after;solo desde 1786 en cuentas de Buenos Aires;AGI_Correos;;Potosi;Potosi;Correo
CHA;8000164;Correo_8000164;Estafeta de correo de Cotagaita;Estafeta de correo;Estafeta;4;Cotagaita;1784;not_after;1793;not_after;solo desde 1784 en cuentas de Buenos Aires;AGI_Correos;;Potosi;Buenos Aires;Correo
CHA;8000164;Correo_8000164;Estafeta de correo de Cotagaita;Estafeta de correo;Estafeta;4;Cotagaita;1794;not_after;9999;not_after;solo desde 1784 en cuentas de Buenos Aires;AGI_Correos;;Potosi;Potosi;Correo
PER;8000201;Correo_8000201;Estafeta de correo de Ilave;Estafeta de correo;Estafeta;4;Ilave;1776;not_after;1779;not_after;solo desde 1786 en cuentas de Buenos Aires;AGI_Correos;;Potosi;Lima;Correo
PER;8000201;Correo_8000201;Estafeta de correo de Ilave;Estafeta de correo;Estafeta;4;Ilave;1780;not_before;1793;not_before;solo desde 1786 en cuentas de Buenos Aires;AGI_Correos;;Potosi;Buenos Aires;Correo
PER;8000201;Correo_8000201;Estafeta de correo de Ilave;Estafeta de correo;Estafeta;4;Ilave;1794;not_before;9999;not_before;solo desde 1786 en cuentas de Buenos Aires;AGI_Correos;;Potosi;Potosi;Correo
PER;8000219;Correo_8000219;Estafeta de correo de Pucara;Estafeta de correo;Estafeta;4;Pucara;1786;not_after;1793;not_after;solo desde 1786 en cuentas de Buenos Aires;AGI_Correos;;Potosi;Buenos Aires;Correo
PER;8000219;Correo_8000219;Estafeta de correo de Pucara;Estafeta de correo;Estafeta;4;Pucara;1794;not_after;9999;not_after;solo desde 1786 en cuentas de Buenos Aires;AGI_Correos;;Potosi;Potosi;Correo
PER;8000220;Correo_8000220;Estafeta de correo de Ayaviri;Estafeta de correo;Estafeta;4;Ayaviri;1779;not_after;1779;not_after;solo desde 1786 en cuentas de Buenos Aires;AGI_Correos;;Potosi;Lima;Correo
PER;8000220;Correo_8000220;Estafeta de correo de Ayaviri;Estafeta de correo;Estafeta;4;Ayaviri;1780;not_before;1793;not_before;solo desde 1786 en cuentas de Buenos Aires;AGI_Correos;;Potosi;Buenos Aires;Correo
PER;8000220;Correo_8000220;Estafeta de correo de Ayaviri;Estafeta de correo;Estafeta;4;Ayaviri;1794;not_before;9999;not_before;solo desde 1786 en cuentas de Buenos Aires;AGI_Correos;;Potosi;Potosi;Correo
CHA;8000281;Correo_8000281;Estafeta de correo de Carangas;Estafeta de correo;Estafeta;4;Carangas;1786;not_after;1793;not_after;solo desde 1786 en cuentas de Buenos Aires;AGI_Correos;;Potosi;Buenos Aires;Correo
CHA;8000281;Correo_8000281;Estafeta de correo de Carangas;Estafeta de correo;Estafeta;4;Carangas;1794;not_after;9999;not_after;solo desde 1786 en cuentas de Buenos Aires;AGI_Correos;;Potosi;Potosi;Correo
RPL;9000001;Correo_9000001;Administración principal de correo de Buenos Aires;Administración principal de correo;Principal;1;Buenos Aires;1768;;9999;;;AGI_Correos;;;;Correo
RPL;9000002;Correo_9000002;Estafeta de correo de Cordoba;Estafeta de correo;Estafeta;4;Cordoba;1772;not_after;9999;not_after;;AGI_Correos;;Buenos Aires;Buenos Aires;Correo
RPL;9000003;Correo_9000003;Estafeta de correo de Salta;Estafeta de correo;Estafeta;4;Salta;1772;not_after;9999;not_after;;AGI_Correos;;Buenos Aires;Buenos Aires;Correo
RPL;9000004;Correo_9000004;Estafeta de correo de Tucuman;Estafeta de correo;Estafeta;4;Tucuman;1772;not_after;9999;not_after;;AGI_Correos;;Buenos Aires;Buenos Aires;Correo
RPL;9000005;Correo_9000005;Estafeta de correo de Candelaria;Estafeta de correo;Estafeta;4;Candelaria;1803;not_after;9999;not_after;;AGI_Correos;;Buenos Aires;Buenos Aires;Correo
RPL;9000006;Correo_9000006;Administración de correo de Asunción;Administración de correo;Subprincipal;2;Asunción;1768;;9999;;;AGI_Correos;;Buenos Aires;Buenos Aires;Correo
RPL;9000007;Correo_9000007;Estafeta de correo de Concepcion Uruguay;Estafeta de correo;Estafeta;4;Concepcion Uruguay;1801;;9999;;;AGI_Correos;;Montevideo;Montevideo;Correo
RPL;9000013;Correo_9000013;Estafeta de correo de Mendoza;Estafeta de correo;Estafeta;4;Mendoza;1772;not_after;9999;not_after;;AGI_Correos;;Buenos Aires;Buenos Aires;Correo
RPL;9000014;Correo_9000014;Estafeta de correo de La Rioja;Estafeta de correo;Estafeta;4;La Rioja;1784;not_after;9999;not_after;;AGI_Correos;;Buenos Aires;Buenos Aires;Correo
RPL;9000015;Correo_9000015;Estafeta de correo de San Juan;Estafeta de correo;Estafeta;4;San Juan;1777;ca;9999;ca;;AGI_Correos;;Buenos Aires;Buenos Aires;Correo
RPL;9000016;Correo_9000016;Estafeta de correo de San Luis;Estafeta de correo;Estafeta;4;San Luis;1798;not_after;9999;not_after;;AGI_Correos;;Buenos Aires;Buenos Aires;Correo
RPL;9000017;Correo_9000017;Estafeta de correo de Santiago Estero;Estafeta de correo;Estafeta;4;Santiago Estero;1772;not_after;9999;not_after;;AGI_Correos;;Buenos Aires;Buenos Aires;Correo
RPL;9000018;Correo_9000018;Estafeta de correo de Catamarca;Estafeta de correo;Estafeta;4;Catamarca;1798;not_after;9999;not_after;;AGI_Correos;;Buenos Aires;Buenos Aires;Correo
RPL;9000019;Correo_9000019;Estafeta de correo de Jujuy;Estafeta de correo;Estafeta;4;Jujuy;1784;not_after;9999;not_after;;AGI_Correos;;Buenos Aires;Buenos Aires;Correo
RPL;9000022;Correo_9000022;Estafeta de correo de Corrientes;Estafeta de correo;Estafeta;4;Corrientes;1798;not_after;9999;not_after;;AGI_Correos;;Buenos Aires;Buenos Aires;Correo
RPL;9000023;Correo_9000023;Estafeta de correo de Santa Fe;Estafeta de correo;Estafeta;4;Santa Fe;1772;not_after;9999;not_after;;AGI_Correos;;Buenos Aires;Buenos Aires;Correo
RPL;9000024;Correo_9000024;Administración de correo de Montevideo;Administración de correo;Subprincipal;2;Montevideo;1768;;1798;;;AGI_Correos;;Buenos Aires;Buenos Aires;Correo
RPL;9000024;Correo_9000024;Administración principal de correo de Montevideo;Administración principal de correo;Principal;1;Montevideo;1799;;9999;;;AGI_Correos;;;;Correo
RPL;9000025;Correo_9000025;Estafeta de correo de Soriano;Estafeta de correo;Estafeta;4;Soriano;1801;;9999;;;AGI_Correos;;Montevideo;Montevideo;Correo
RPL;9000026;Correo_9000026;Estafeta de correo de Lujan;Estafeta de correo;Estafeta;4;Lujan;1798;not_after;9999;not_after;;AGI_Correos;;Buenos Aires;Buenos Aires;Correo
RPL;9000027;Correo_9000027;Estafeta de correo de Gualeguaychu;Estafeta de correo;Estafeta;4;Gualeguaychu;1801;;9999;;;AGI_Correos;;Montevideo;Montevideo;Correo
RPL;9000028;Correo_9000028;Estafeta de correo de Yerua;Estafeta de correo;Estafeta;4;Yerua;1803;;9999;;;AGI_Correos;;Montevideo;Montevideo;Correo
RPL;9000031;Correo_9000031;Estafeta de correo de Colonia;Estafeta de correo;Estafeta;4;Colonia;1793;;1798;;;AGI_Correos;;Montevideo;Buenos Aires;Correo
RPL;9000031;Correo_9000031;Estafeta de correo de Colonia;Estafeta de correo;Estafeta;4;Colonia;1799;;9999;;;AGI_Correos;;Montevideo;Montevideo;Correo
RPL;9000032;Correo_9000032;Estafeta de correo de Canelones;Estafeta de correo;Estafeta;4;Canelones;1793;;1798;;;AGI_Correos;;Montevideo;Buenos Aires;Correo
RPL;9000032;Correo_9000032;Estafeta de correo de Canelones;Estafeta de correo;Estafeta;4;Canelones;1799;;9999;;;AGI_Correos;;Montevideo;Montevideo;Correo
RPL;9000033;Correo_9000033;Estafeta de correo de Maldonado;Estafeta de correo;Estafeta;4;Maldonado;1772;;1798;;;AGI_Correos;;Montevideo;Buenos Aires;Correo
RPL;9000033;Correo_9000033;Estafeta de correo de Maldonado;Estafeta de correo;Estafeta;4;Maldonado;1799;;9999;;;AGI_Correos;;Montevideo;Montevideo;Correo
RPL;9000034;Correo_9000034;Estafeta de correo de San José;Estafeta de correo;Estafeta;4;San José;1795;;1798;;;AGI_Correos;;Montevideo;Buenos Aires;Correo
RPL;9000034;Correo_9000034;Estafeta de correo de San José;Estafeta de correo;Estafeta;4;San José;1799;;9999;;;AGI_Correos;;Montevideo;Montevideo;Correo
RPL;9000035;Correo_9000035;Estafeta de correo de San Juan Bautista;Estafeta de correo;Estafeta;4;San Juan Bautista;1795;;1798;;;AGI_Correos;;Montevideo;Buenos Aires;Correo
RPL;9000035;Correo_9000035;Estafeta de correo de San Juan Bautista;Estafeta de correo;Estafeta;4;San Juan Bautista;1799;;9999;;;AGI_Correos;;Montevideo;Montevideo;Correo
RPL;9000039;Correo_9000039;Estafeta de correo de Melo;Estafeta de correo;Estafeta;4;Melo;1799;;9999;;;AGI_Correos;;Montevideo;Montevideo;Correo
RPL;9000040;Correo_9000040;Estafeta de correo de El Colla;Estafeta de correo;Estafeta;4;El Colla;1804;;9999;;;AGI_Correos;;Montevideo;Montevideo;Correo
RPL;9000042;Correo_9000042;Estafeta de correo de Rocha;Estafeta de correo;Estafeta;4;Rocha;1807;not_after;9999;not_after;;AGI_Correos;;Montevideo;Montevideo;Correo
RPL;9000046;Correo_9000046;Estafeta de correo de Yapeyú;Estafeta de correo;Estafeta;4;Yapeyú;1803;not_after;9999;not_after;;AGI_Correos;;Buenos Aires;Buenos Aires;Correo
RPL;9000048;Correo_9000048;Estafeta de correo de Espinillo;Estafeta de correo;Estafeta;4;Espinillo;1800;;9999;;;AGI_Correos;;Montevideo;Montevideo;Correo
RPL;9000056;Correo_9000056;Estafeta de correo de La Bajada;Estafeta de correo;Estafeta;4;La Bajada;1798;not_after;9999;not_after;;AGI_Correos;;Buenos Aires;Buenos Aires;Correo
RPL;9000058;Correo_9000058;Estafeta de correo de Rosario;Estafeta de correo;Estafeta;4;Rosario;1798;not_after;9999;not_after;;AGI_Correos;;Buenos Aires;Buenos Aires;Correo
RPL;9000083;Correo_9000083;Estafeta de correo de Belen;Estafeta de correo;Estafeta;4;Belen;1807;not_after;9999;not_after;;AGI_Correos;;Montevideo;Montevideo;Correo
RPL;9000129;Correo_9000129;Estafeta de correo de San Nicolás;Estafeta de correo;Estafeta;4;San Nicolás;1798;not_after;9999;not_after;;AGI_Correos;;Buenos Aires;Buenos Aires;Correo
RPL;9000130;Correo_9000130;Estafeta de correo de San Pedro;Estafeta de correo;Estafeta;4;San Pedro;1798;not_after;9999;not_after;;AGI_Correos;;Buenos Aires;Buenos Aires;Correo
RPL;9000132;Correo_9000132;Estafeta de correo de Gualeguay;Estafeta de correo;Estafeta;4;Gualeguay;1801;;9999;;;AGI_Correos;;Montevideo;Montevideo;Correo
RPL;9000133;Correo_9000133;Estafeta de correo de Paysandu;Estafeta de correo;Estafeta;4;Paysandu;1801;;9999;;;AGI_Correos;;Montevideo;Montevideo;Correo
RPL;9000134;Correo_9000134;Estafeta de correo de Viboras;Estafeta de correo;Estafeta;4;Viboras;1801;;9999;;;AGI_Correos;;Montevideo;Montevideo;Correo
RPL;9000136;Correo_9000136;Estafeta de correo de Minas;Estafeta de correo;Estafeta;4;Minas;1793;;1798;;;AGI_Correos;;Montevideo;Buenos Aires;Correo
RPL;9000136;Correo_9000136;Estafeta de correo de Minas;Estafeta de correo;Estafeta;4;Minas;1799;;9999;;;AGI_Correos;;Montevideo;Montevideo;Correo
RPL;9000154;Correo_9000154;Estafeta de correo de Mercedes;Estafeta de correo;Estafeta;4;Mercedes;1801;;9999;;;AGI_Correos;;Montevideo;Montevideo;Correo
RPL;9000158;Correo_9000158;Estafeta de correo de Mandisovi;Estafeta de correo;Estafeta;4;Mandisovi;1808;;9999;;;AGI_Correos;;Montevideo;Montevideo;Correo
RPL;9000182;Correo_9000182;Estafeta de correo de San Carlos;Estafeta de correo;Estafeta;4;San Carlos;1803;not_after;9999;not_after;;AGI_Correos;;Buenos Aires;Buenos Aires;Correo
RPL;9000195;Correo_9000195;Estafeta de correo de Itapua;Estafeta de correo;Estafeta;4;Itapua;1780;not_after;9999;not_after;;AGI_Correos;;Buenos Aires;Buenos Aires;Correo
RPL;9000250;Correo_9000250;Estafeta de correo de La Carolina;Estafeta de correo;Estafeta;4;La Carolina;1798;not_after;9999;not_after;;AGI_Correos;;Buenos Aires;Buenos Aires;Correo
RPL;9000344;Correo_9000344;Estafeta de correo de Vacas;Estafeta de correo;Estafeta;4;Vacas;1806;;9999;;;AGI_Correos;;Montevideo;Montevideo;Correo
RPL;9000477;Correo_9000477;Estafeta de correo de Villarrica;Estafeta de correo;Estafeta;4;Villarrica;1798;not_after;9999;not_after;;AGI_Correos;;Buenos Aires;Buenos Aires;Correo
RPL;9000658;Correo_9000658;Estafeta de correo de Santa Teresa;Estafeta de correo;Estafeta;4;Santa Teresa;1793;;1798;;;AGI_Correos;;Montevideo;Buenos Aires;Correo
RPL;9000658;Correo_9000658;Estafeta de correo de Santa Teresa;Estafeta de correo;Estafeta;4;Santa Teresa;1799;;9999;;;AGI_Correos;;Montevideo;Montevideo;Correo
RPL;9000729;Correo_9000729;Estafeta de correo de Santa Lucía;Estafeta de correo;Estafeta;4;Santa Lucía;1798;not_after;9999;not_after;;AGI_Correos;;Buenos Aires;Buenos Aires;Correo
PER;9900718;Correo_9900718;Estafeta de correo de Santa Catalina;Estafeta de correo;Estafeta;4;Santa Catalina;1800;;9999;;;AGI_Correos;;Lima;Lima;Correo
NES;1000931;Correo_1000931;Estafeta de correo de Jonacatepec;Estafeta de correo;Estafeta;4;Jonacatepec;1782;;1795;;solo 3 cuentas: 1782, 1784, 1795;AGI_Correos;;Mexico;Mexico;Correo
NES;1000000;Correo_Sauceda;Estafeta de correo de Sauceda;Estafeta de correo;Estafeta;4;Sauceda;1787;;1790;;dos candidatos de igual probabilidad;AGI_Correos;;Mexico;Mexico;Correo
NES;1000000;Correo_1000000;Estafeta de correo de Llerena;Estafeta de correo;Estafeta;4;Llerena;1788;;1791;;;AGI_Correos;;Mexico;Mexico;Correo
NES;1001473;Correo_1001473;Estafeta de correo de Tepecuacilco;Estafeta de correo;Estafeta;4;Tepecuacilco;1794;;1794;;;AGI_Correos;;Mexico;Mexico;Correo
NES;1000000;Correo_Reyes;Estafeta de correo de Los Santos Reyes;Estafeta de correo;Estafeta;4;Los Santos Reyes;1808;;9999;;probablemente Teremendo o posiblemente Tirindaro o Pomaro;AGI_Correos;;Mexico;Mexico;Correo
CHL;7000483;Correo_7000483;Estafeta de correo de Cogoti;Estafeta de correo;Estafeta;4;Cogoti;1798;;9999;;;AGI_Correos;;Santiago;Santiago;Correo
GDJ;9900045;Correo_9900045;Estafeta de correo de Real de la Santísima Trinidad;Estafeta de correo;Estafeta;4;Real de la Santísima Trinidad;1804;;9999;;;AGI_Correos;;Mexico;Mexico;Correo
GDJ;9900250;Correo_9900250;Estafeta de correo de Hacienda Carmen;Estafeta de correo;Estafeta;4;Hacienda Carmen;1779;;1781;;;AGI_Correos;;Mexico;Mexico;Correo
GDJ;9900288;Correo_9900288;Estafeta de correo de Coahuila;Estafeta de correo;Estafeta;4;Coahuila;1779;;1801;;;AGI_Correos;;Mexico;Mexico;Correo
RPL;9900667;Correo_9900667;Estafeta de correo de Real de San Carlos;Estafeta de correo;Estafeta;4;Real de San Carlos;1772;;1792;;;AGI_Correos;;Montevideo;Buenos Aires;Correo
NGR;9900706;Correo_9900706;Estafeta de correo de La Paz del Rio;Estafeta de correo;Estafeta;4;La Paz del Rio;1797;;1797;;;AGI_Correos;;Socorro;Santa Fe;Correo
QUI;9900707;Correo_9900707;Estafeta de correo de Carondelet;Estafeta de correo;Estafeta;4;Carondelet;1807;;9999;;;AGI_Correos;;Quito;Lima;Correo
NES;9900708;Correo_9900708;Estafeta de correo de Zinaparo;Estafeta de correo;Estafeta;4;Zinaparo;1784;;9999;;;AGI_Correos;;Mexico;Mexico;Correo
GDJ;9900709;Correo_9900709;Estafeta de correo de San Ignacio de Tubac;Estafeta de correo;Estafeta;4;San Ignacio de Tubac;1784;;9999;;;AGI_Correos;;Mexico;Mexico;Correo
GDJ;9900710;Correo_9900710;Estafeta de correo de San José de Aranjuez;Estafeta de correo;Estafeta;4;San José de Aranjuez;1801;;9999;;;AGI_Correos;;Mexico;Mexico;Correo
NES;9900711;Correo_9900711;Estafeta de correo de Zanjon;Estafeta de correo;Estafeta;4;Zanjon;1790;;9999;;;AGI_Correos;;Mexico;Mexico;Correo
NES;9900712;Correo_9900712;Estafeta de correo de Minas de Huautla;Estafeta de correo;Estafeta;4;Minas de Huautla;1776;;9999;;;AGI_Correos;;Mexico;Mexico;Correo
NES;9900713;Correo_9900713;Estafeta de correo de Chirangangueo;Estafeta de correo;Estafeta;4;Chirangangueo;1789;;1790;;;AGI_Correos;;Mexico;Mexico;Correo
FIL;1600001;Correo_1600001;Estafeta de correo de Manila;Estafeta de correo;Estafeta;4;Manila;1765;;9999;;;AGI_Correos;;Mexico;Mexico;Correo
NES;9901057;Correo_9901057;Estafeta de correo de Rancho de Oro;Estafeta de correo;Estafeta;4;Rancho de Oro;9999;;9999;;;correo-mexico;;Mexico;Mexico;Correo
NES;1000116;Correo_1000116;Estafeta de correo de Zempoala;Estafeta de correo;Estafeta;4;Zempoala;9999;;9999;;;correo-mexico;;Mexico;Mexico;Correo
NES;1000770;Correo_1000770;Estafeta de correo de Ozumba;Estafeta de correo;Estafeta;4;Ozumba;9999;;9999;;;correo-mexico;;Mexico;Mexico;Correo
NES;1000190;Correo_1000190;Estafeta de correo de Tlapa;Estafeta de correo;Estafeta;4;Tlapa;9999;;9999;;;correo-mexico;;Mexico;Mexico;Correo
NES;1002867;Correo_1002867;Estafeta de correo de Tlaxiaco;Estafeta de correo;Estafeta;4;Tlaxiaco;9999;;9999;;;correo-mexico;;Mexico;Mexico;Correo
NES;1000168;Correo_1000168;Estafeta de correo de Teutila;Estafeta de correo;Estafeta;4;Teutila;9999;;9999;;;correo-mexico;;Mexico;Mexico;Correo
NES;1000159;Correo_1000159;Estafeta de correo de Miahuatlán;Estafeta de correo;Estafeta;4;Miahuatlán;9999;;9999;;;correo-mexico;;Mexico;Mexico;Correo
NES;1002447;Correo_1002447;Estafeta de correo de Juquila;Estafeta de correo;Estafeta;4;Juquila;9999;;9999;;;correo-mexico;;Mexico;Mexico;Correo
NES;1001022;Correo_1001022;Estafeta de correo de Jilotepec;Estafeta de correo;Estafeta;4;Jilotepec;9999;;9999;;;correo-mexico;;Mexico;Mexico;Correo
NES;1000685;Correo_1000685;Estafeta de correo de Pénjamo;Estafeta de correo;Estafeta;4;Pénjamo;9999;;9999;;;correo-mexico;;Mexico;Mexico;Correo
NES;1005018;Correo_1005018;Estafeta de correo de Armadillo;Estafeta de correo;Estafeta;4;Armadillo;9999;;9999;;;correo-mexico;;Mexico;Mexico;Correo
GDJ;9900748;Correo_9900748;Estafeta de correo de Álamo de Parras;Estafeta de correo;Estafeta;4;Álamo de Parras;9999;;9999;;;correo-mexico;;;;Correo
GDJ;1004610;Correo_1004610;Estafeta de correo de Nochistlán;Estafeta de correo;Estafeta;4;Nochistlán;9999;;9999;;;correo-mexico;;Mexico;Mexico;Correo
GDJ;1005065;Correo_1005065;Estafeta de correo de Jolapa;Estafeta de correo;Estafeta;4;Jolapa;9999;;9999;;;correo-mexico;;Mexico;Mexico;Correo
GDJ;1000515;Correo_1000515;Estafeta de correo de San Juan de Lagos;Estafeta de correo;Estafeta;4;San Juan de Lagos;9999;;9999;;;correo-mexico;;Mexico;Mexico;Correo
CHL;7000002;Puerto_7000002;Puerto de Concepción;Puerto mayor;Comercio libre;1;Concepción;1798;;9999;;;Interpolación;;;;Puerto
QUI;5600003;Puerto_5600003;Puerto de Guayaquil;Puerto mayor;Comercio libre;1;Guayaquil;1798;;9999;;;Interpolación;;;;Puerto
VEN;4000010;Puerto_4000010;Puerto de La Guaira;Puerto mayor;Comercio libre;1;La Guaira;1798;;9999;;;Interpolación;;;;Puerto
SDO;3000004;Puerto_3000004;Puerto de La Habana;Puerto mayor;Comercio libre;1;La Habana;1798;;9999;;;Interpolación;;;;Puerto
RPL;9000024;Puerto_9000024;Puerto de Montevideo;Puerto mayor;Comercio libre;1;Montevideo;1798;;9999;;;Interpolación;;;;Puerto
CHL;7000003;Puerto_7000003;Puerto de Valparaíso;Puerto mayor;Comercio libre;1;Valparaíso;1798;;9999;;;Interpolación;;;;Puerto
NES;1000021;Puerto_1000021;Puerto de Veracruz;Puerto mayor;Comercio libre;1;Veracruz;1798;;9999;;;Interpolación;;;;Puerto
SDO;3000030;Puerto_3000030;Puerto de Batabano;Puerto menor;Comercio libre;2;Batabano;1765;;1777;;;Interpolación;;;;Puerto
VEN;4000004;Puerto_4000004;Puerto de isla de Trinidad;Puerto menor;Comercio libre;2;isla de Trinidad;1765;;1777;;;Interpolación;;;;Puerto
VEN;4000393;Puerto_4000393;Puerto de isla Margarita;Puerto menor;Comercio libre;2;isla Margarita;1765;;1777;;;Interpolación;;;;Puerto
SDO;3000175;Puerto_3000175;Puerto de Monte-Christi;Puerto menor;Comercio libre;2;Monte-Christi;1765;;1777;;;Interpolación;;;;Puerto
SDO;3000003;Puerto_3000003;Puerto de San Juan de Puerto Rico;Puerto menor;Comercio libre;2;San Juan de Puerto Rico;1765;;1777;;;Interpolación;;;;Puerto
SDO;3000005;Puerto_3000005;Puerto de Santiago de Cuba;Puerto menor;Comercio libre;2;Santiago de Cuba;1765;;1777;;;Interpolación;;;;Puerto
SDO;3000001;Puerto_3000001;Puerto de Santo Domingo;Puerto menor;Comercio libre;2;Santo Domingo;1765;;1777;;;Interpolación;;;;Puerto
SDO;3000010;Puerto_3000010;Puerto de Trinidad;Puerto menor;Comercio libre;2;Trinidad;1765;;1777;;;Interpolación;;;;Puerto
SDO;3000023;Puerto_3000023;Puerto de Nueva Orleans;Puerto menor;Comercio libre;2;Nueva Orleans;1768;;1777;;;Interpolación;;;;Puerto
NES;1000226;Puerto_1000226;Puerto de Campeche;Puerto menor;Comercio libre;2;Campeche;1770;;1777;;;Interpolación;;;;Puerto
NGR;5000012;Puerto_5000012;Puerto de Riohacha;Puerto menor;Comercio libre;2;Riohacha;1776;;1777;;;Interpolación;;;;Puerto
NGR;5000011;Puerto_5000011;Puerto de Santa Marta;Puerto menor;Comercio libre;2;Santa Marta;1776;;1777;;;Interpolación;;;;Puerto
SDO;3000030;Puerto_3000030;Puerto de Batabano;Puerto menor;Comercio libre;2;Batabano;1778;;1797;;;Reglamento y aranceles reales para el comercio libre de España a Indias (Madrid 1778), pp. 5-6.;;;;Puerto
NES;1000226;Puerto_1000226;Puerto de Campeche;Puerto menor;Comercio libre;2;Campeche;1778;;1797;;;Reglamento y aranceles reales para el comercio libre de España a Indias (Madrid 1778), pp. 5-6.;;;;Puerto
NGR;5000725;Puerto_5000725;Puerto de Chagres;Puerto menor;Comercio libre;2;Chagres;1778;;1797;;;Reglamento y aranceles reales para el comercio libre de España a Indias (Madrid 1778), pp. 5-6.;;;;Puerto
GUA;2000732;Puerto_2000732;Puerto de Santo Tomás de Castilla;Puerto menor;Comercio libre;2;Santo Tomás de Castilla;1778;;1797;;;Reglamento y aranceles reales para el comercio libre de España a Indias (Madrid 1778), pp. 5-6.;;;;Puerto
VEN;4000393;Puerto_4000393;Puerto de isla Margarita;Puerto menor;Comercio libre;2;isla Margarita;1778;;1797;;;Reglamento y aranceles reales para el comercio libre de España a Indias (Madrid 1778), pp. 5-6.;;;;Puerto
VEN;4000004;Puerto_4000004;Puerto de isla de Trinidad;Puerto menor;Comercio libre;2;isla de Trinidad;1778;;1797;;;Reglamento y aranceles reales para el comercio libre de España a Indias (Madrid 1778), pp. 5-6.;;;;Puerto
SDO;3000175;Puerto_3000175;Puerto de Monte-Christi;Puerto menor;Comercio libre;2;Monte-Christi;1778;;1797;;;Interpolación;;;;Puerto
GUA;2000259;Puerto_2000259;Puerto de Omoa;Puerto menor;Comercio libre;2;Omoa;1778;;1797;;;Interpolación;;;;Puerto
NGR;5000002;Puerto_5000002;Puerto de Panamá;Puerto menor;Comercio libre;2;Panamá;1778;;1797;;;Interpolación;;;;Puerto
NGR;5000005;Puerto_5000005;Puerto de Portobelo;Puerto menor;Comercio libre;2;Portobelo;1778;;1797;;;Interpolación;;;;Puerto
SDO;3000003;Puerto_3000003;Puerto de San Juan de Puerto Rico;Puerto menor;Comercio libre;2;San Juan de Puerto Rico;1778;;1797;;;Interpolación;;;;Puerto
SDO;3000005;Puerto_3000005;Puerto de Santiago de Cuba;Puerto menor;Comercio libre;2;Santiago de Cuba;1778;;1797;;;Interpolación;;;;Puerto
SDO;3000001;Puerto_3000001;Puerto de Santo Domingo;Puerto menor;Comercio libre;2;Santo Domingo;1778;;1797;;;Interpolación;;;;Puerto
SDO;3000010;Puerto_3000010;Puerto de Trinidad;Puerto menor;Comercio libre;2;Trinidad;1778;;1797;;;Interpolación;;;;Puerto
SDO;9901007;Puerto_9901007;Puerto de Nuevitas;Puerto menor;Comercio libre;2;Nuevitas;1778;;1797;;;Ramón de la Sagra, Historia economico-politica y estadistica de la isla de Cuba (La Habana 1831), p. 182.;;;;Puerto
VEN;4000005;Puerto_4000005;Puerto de Cumaná;Puerto menor;Comercio libre;2;Cumaná;1788;;1797;;;Interpolación;;;;Puerto
VEN;4000009;Puerto_4000009;Puerto de Guayana;Puerto menor;Comercio libre;2;Guayana;1788;;1797;;;Interpolación;;;;Puerto
VEN;9901006;Puerto_9901006;Puerto de La Cruz;Puerto menor;Comercio libre;2;La Cruz;1788;;1797;;;Interpolación;;;;Puerto
NES;1000006;Puerto_1000006;Puerto de Acapulco;Puerto menor;Comercio libre;2;Acapulco;1789;;1797;;Sólo para comercio americano.;Interpolación;;;;Puerto
GDJ;1000059;Puerto_1000059;Puerto de San Blas;Puerto menor;Comercio libre;2;San Blas;1789;;1797;;Sólo para comercio americano. Se resforzó y amplió en 1796, 1797 y 1801-1803.;Interpolación;;;;Puerto
NES;1000018;Puerto_1000018;Puerto de Villahermosa;Puerto menor;Comercio libre;2;Villahermosa;1792;;1797;;;Adela Pinet Plasencia, La península de Yucatán en el Archivo General de la Nación (Mécio, DF 1998), p. 127.;;;;Puerto
VEN;4000007;Puerto_4000007;Puerto de Maracaibo;Puerto menor;Comercio libre;2;Maracaibo;1793;;1797;;;Interpolación;;;;Puerto
SDO;3000011;Puerto_3000011;Puerto de Matanzas;Puerto menor;Comercio libre;2;Matanzas;1793;;1797;;;Interpolación;;;;Puerto
;9901008;Puerto_9901008;Puerto de Caibarien;Puerto menor;Comercio libre;2;Caibarien (Remedios);1796;;1797;;;Ramón de la Sagra, Historia economico-politica y estadistica de la isla de Cuba (La Habana 1831), p. 182.;;;;Puerto
NES;1004862;Puerto_1004862;Puerto de isla de Carmen;Puerto menor;Comercio libre;2;isla de Carmen;1796;;1797;;;Adela Pinet Plasencia, La península de Yucatán en el Archivo General de la Nación (Mécio, DF 1998), p. 127.;;;;Puerto
GUA;2000132;Puerto_2000132;Puerto de Acajutla;Puerto menor;Comercio libre;2;Acajutla;1796;;1797;;;Interpolación;;;;Puerto
GUA;2000672;Puerto_2000672;Puerto de Realejo;Puerto menor;Comercio libre;2;Realejo;1796;;1797;;;Interpolación;;;;Puerto
NES;1000006;Puerto_1000006;Puerto de Acapulco;Puerto menor;Comercio libre;2;Acapulco;1798;;9999;;;Interpolación;;;;Puerto
SDO;3000030;Puerto_3000030;Puerto de Batabano;Puerto menor;Comercio libre;2;Batabano;1798;;9999;;;Interpolación;;;;Puerto
NES;1000226;Puerto_1000226;Puerto de Campeche;Puerto menor;Comercio libre;2;Campeche;1798;;9999;;;Interpolación;;;;Puerto
NGR;5000725;Puerto_5000725;Puerto de Chagres;Puerto menor;Comercio libre;2;Chagres;1798;;9999;;;Interpolación;;;;Puerto
VEN;4000005;Puerto_4000005;Puerto de Cumaná;Puerto menor;Comercio libre;2;Cumaná;1798;;9999;;;Interpolación;;;;Puerto
GUA;2000732;Puerto_2000732;Puerto de Santo Tomás de Castilla;Puerto menor;Comercio libre;2;Santo Tomás de Castilla;1798;;9999;;;Interpolación;;;;Puerto
VEN;4000009;Puerto_4000009;Puerto de Guayana;Puerto menor;Comercio libre;2;Guayana;1798;;9999;;;Interpolación;;;;Puerto
VEN;4000393;Puerto_4000393;Puerto de isla de Margarita;Puerto menor;Comercio libre;2;isla de Margarita;1798;;9999;;;Interpolación;;;;Puerto
VEN;4000004;Puerto_4000004;Puerto de isla de Trinidad;Puerto menor;Comercio libre;2;isla de Trinidad;1798;;9999;;;Interpolación;;;;Puerto
VEN;9901006;Puerto_9901006;Puerto de La Cruz;Puerto menor;Comercio libre;2;La Cruz;1798;;9999;;;Interpolación;;;;Puerto
VEN;4000007;Puerto_4000007;Puerto de Maracaibo;Puerto menor;Comercio libre;2;Maracaibo;1798;;9999;;;Interpolación;;;;Puerto
SDO;3000175;Puerto_3000175;Puerto de Monte-Christi;Puerto menor;Comercio libre;2;Monte-Christi;1798;;1799;;;Interpolación;;;;Puerto
GUA;2000259;Puerto_2000259;Puerto de Omoa;Puerto menor;Comercio libre;2;Omoa;1798;;9999;;;Interpolación;;;;Puerto
NGR;5000002;Puerto_5000002;Puerto de Panamá;Puerto menor;Comercio libre;2;Panamá;1798;;9999;;;Interpolación;;;;Puerto
NGR;5000005;Puerto_5000005;Puerto de Portobelo;Puerto menor;Comercio libre;2;Portobelo;1798;;9999;;;Interpolación;;;;Puerto
VEN;4000107;Puerto_4000107;Puerto de Puerto Cabello;Puerto menor;Comercio libre;2;Puerto Cabello;1798;;9999;;;Interpolación;;;;Puerto
GDJ;1000059;Puerto_1000059;Puerto de San Blas;Puerto menor;Comercio libre;2;San Blas;1798;;9999;;;Interpolación;;;;Puerto
SDO;3000003;Puerto_3000003;Puerto de San Juan de Puerto Rico;Puerto menor;Comercio libre;2;San Juan de Puerto Rico;1798;;9999;;;Interpolación;;;;Puerto
SDO;3000005;Puerto_3000005;Puerto de Santiago de Cuba;Puerto menor;Comercio libre;2;Santiago de Cuba;1798;;9999;;;Interpolación;;;;Puerto
SDO;3000001;Puerto_3000001;Puerto de Santo Domingo;Puerto menor;Comercio libre;2;Santo Domingo;1798;;1799;;;Interpolación;;;;Puerto
;9901008;Puerto_9901008;Puerto de Caibarien;Puerto menor;Comercio libre;2;Caibarien (Remedios);1798;;9999;;;Ramón de la Sagra, Historia economico-politica y estadistica de la isla de Cuba (La Habana 1831), p. 182.;;;;Puerto
NES;1000018;Puerto_1000018;Puerto de Villahermosa;Puerto menor;Comercio libre;2;Villahermosa;1798;;9999;;;Adela Pinet Plasencia, La península d eYucatán en el Archivo General de la Nación (Mécio, DF 1998), p. 127.;;;;Puerto
NES;1004862;Puerto_1004862;Puerto de isla de Carmen;Puerto menor;Comercio libre;2;isla de Carmen;1798;;9999;;;Adela Pinet Plasencia, La península d eYucatán en el Archivo General de la Nación (Mécio, DF 1998), p. 127.;;;;Puerto
GUA;2000543;Puerto_2000543;Puerto de San Andrés;Puerto menor;Comercio libre;2;San Andrés;1798;;9999;;;"Rafael Andrés Sánchez Aguirre, ""El tejido de la identidad colectiva en San Andrés Isla: Colombianos y extraños"": Memorias. Revista digital de historia y arquología desde el Caribe 5, 9 (2008), p.61-85.";;;;Puerto
GUA;2000722;Puerto_2000722;Puerto de Rio San Juan;Puerto menor;Comercio libre;2;Rio San Juan;1798;;9999;;;"Victor H. Acuña, ""La reglamentación del comercio exterior en América central durante el siglo XVIII"":  Mesoamérica 1, 1 (1980), p. 7-55. AGI, Guatemala 833 No. 567";;;;Puerto
SDO;3000011;Puerto_3000011;Puerto de Matanzas;Puerto menor;Comercio libre;2;Matanzas;1798;;9999;;;Interpolación;;;;Puerto
GUA;2000132;Puerto_2000132;Puerto de Acajutla;Puerto menor;Comercio libre;2;Acajutla;1798;;9999;;;Interpolación;;;;Puerto
GUA;2000672;Puerto_2000672;Puerto de Realejo;Puerto menor;Comercio libre;2;Realejo;1798;;9999;;;Interpolación;;;;Puerto
SDO;3000010;Puerto_3000010;Puerto de Trinidad;Puerto menor;Comercio libre;2;Trinidad;1798;;9999;;;Interpolación;;;;Puerto
SDO;9901007;Puerto_9901007;Puerto de Nuevitas;Puerto menor;Comercio libre;2;Nuevitas;1798;;9999;;;Ramón de la Sagra, Historia economico-politica y estadistica de la isla de Cuba (La Habana 1831), p. 182.;;;;Puerto
NES;1004568;Puerto_1004568;Puerto de Sisal;Puerto menor;Comercio libre;2;Sisal;1807;;9999;;En otras publicaciones se menciona 1814 como habilitación como puerto menor.;Luis Ángel Mezeta Canul, El abastecimiento mercantil en la ciudad de Mérida, 1790-1850 (tesis, Mérida de Yucatán 2014), p. 3.;;;;Puerto
VEN;4000393;Puerto_4000393;Puerto de isla Margarita;Real compañía de comercio para las islas de Santo Domingo, Puerto-Rico y La Margarita;Compañía privilegada;2;isla Margarita;1755;;1764;;;Interpolación;;;;Puerto
SDO;3000003;Puerto_3000003;Puerto de San Juan de Puerto Rico;Real compañía de comercio para las islas de Santo Domingo, Puerto-Rico y La Margarita;Compañía privilegada;2;San Juan de Puerto Rico;1755;;1764;;;Interpolación;;;;Puerto
SDO;3000001;Puerto_3000001;Puerto de Santo Domingo;Real compañía de comercio para las islas de Santo Domingo, Puerto-Rico y La Margarita;Compañía privilegada;2;Santo Domingo;1755;;1764;;;Interpolación;;;;Puerto
FIL;1600001;Puerto_1600001;Puerto de Manila;Real Compañía de Filipinas;Consular-Compañía privilegada;1;Manila;1785;;9999;;;Interpolación;;;;Puerto
VEN;4000010;Puerto_4000010;Puerto de La Guaira;Real Compañía Guipuzcoana;Compañía privilegada;2;La Guaira;1730;;1785;;;Interpolación;;;;Puerto
VEN;4000107;Puerto_4000107;Puerto de Puerto Cabello;Real Compañía Guipuzcoana;Compañía privilegada;2;Puerto Cabello;1730;;1785;;;Interpolación;;;;Puerto
VEN;4000005;Puerto_4000005;Puerto de Cumaná;Real Compañía Guipuzcoana;Compañía privilegada;2;Cumaná;1776;;1785;;;Interpolación;;;;Puerto
VEN;4000009;Puerto_4000009;Puerto de Guayana;Real Compañía Guipuzcoana;Compañía privilegada;2;Guayana;1776;;1785;;;Interpolación;;;;Puerto
VEN;9901006;Puerto_9901006;Puerto de La Cruz;Real Compañía Guipuzcoana;Compañía privilegada;2;La Cruz;1776;;1785;;;Interpolación;;;;Puerto
VEN;4000007;Puerto_4000007;Puerto de Maracaibo;Real Compañía Guipuzcoana;Compañía privilegada;2;Maracaibo;1776;;1785;;;Interpolación;;;;Puerto
RPL;9000033;Puerto_9000033;Puerto de Maldonado;Real compañía marítima;Compañía privilegada;2;Maldonado;1789;;1803;;;Interpolación;;;;Puerto
GUA;2000732;Puerto_2000732;Puerto de Santo Tomás de Castilla;Registro y Flota;Consular;2;Santo Tomás de Castilla;1755;;1777;;La Real Compañía de Barcelona tenía licencia para algunos viajes anuales.;Interpolación;;;;Puerto
GUA;2000009;Puerto_2000009;Puerto de Trujillo;Registro y Flota;Consular;2;Trujillo;1755;;1777;;La Real Compañía de Barcelona tenía licencia para algunos viajes anuales.;Interpolación;;;;Puerto
VEN;4000005;Puerto_4000005;Puerto de Cumaná;Registro y Galeones de Tierrafirme;Consular;2;Cumaná;1755;;1775;;La Real Compañía de Barcelona tenía licencia para algunos viajes anuales.;Interpolación;;;;Puerto
PER;6000021;Puerto_6000021;Puerto de Arica;Registro y Armada del Mar del Sur;Consular;2;Arica;1720;;1738;;;Interpolación;;;;Puerto
PER;6000008;Puerto_6000008;Puerto de El Callao;Registro y Armada del Mar del Sur;Consular;1;El Callao;1720;;1738;;;Interpolación;;;;Puerto
QUI;5600003;Puerto_5600003;Puerto de Guayaquil;Registro y Armada del Mar del Sur;Consular;2;Guayaquil;1720;;1738;;;Interpolación;;;;Puerto
PER;6001392;Puerto_6001392;Puerto de Paita;Registro y Armada del Mar del Sur;Consular;3;Paita;1720;;1738;;En realidad un puerto no incorporado en el sistema, pero puerto de desembarque de pasajeros antes de continuar a El Callao.;Interpolación;;;;Puerto
NGR;5000002;Puerto_5000002;Puerto de Panamá;Registro y Armada del Mar del Sur;Consular;1;Panamá;1720;;1738;;;Interpolación;;;;Puerto
CHL;7000003;Puerto_7000003;Puerto de Valparaíso;Registro y Armada del Mar del Sur;Consular;2;Valparaíso;1720;;1738;;;Interpolación;;;;Puerto
PER;6000021;Puerto_6000021;Puerto de Arica;Registro y Armada del Mar del Sur;Consular;2;Arica;1754;;1777;;;Interpolación;;;;Puerto
PER;6000008;Puerto_6000008;Puerto de El Callao;Registro y Armada del Mar del Sur;Consular;1;El Callao;1754;;1777;;;Interpolación;;;;Puerto
QUI;5600003;Puerto_5600003;Puerto de Guayaquil;Registro y Armada del Mar del Sur;Consular;2;Guayaquil;1754;;1777;;;Interpolación;;;;Puerto
PER;6001392;Puerto_6001392;Puerto de Paita;Registro y Armada del Mar del Sur;Consular;3;Paita;1754;;1777;;En realidad un puerto no incorporado en el sistema, pero puerto de desembarque de pasajeros antes de continuar a El Callao.;Interpolación;;;;Puerto
NGR;5000002;Puerto_5000002;Puerto de Panamá;Registro y Armada del Mar del Sur;Consular;1;Panamá;1754;;1777;;;Interpolación;;;;Puerto
PER;6000003;Puerto_6000003;Puerto de Trujillo;Registro y Armada del Mar del Sur;Consular;2;Trujillo;1754;;1777;;;Interpolación;;;;Puerto
CHL;7000003;Puerto_7000003;Puerto de Valparaíso;Registro y Armada del Mar del Sur;Consular;2;Valparaíso;1754;;1777;;;Interpolación;;;;Puerto
SDO;3000001;Puerto_3000001;Puerto de Santo Domingo;Registro y Flota de Barlovento;Consular;2;Santo Domingo;1720;;1738;;;Interpolación;;;;Puerto
NES;1000226;Puerto_1000226;Puerto de Campeche;Registro y Flota de Barlovento;Consular;2;Campeche;1720;;1738;;;Interpolación;;;;Puerto
SDO;3000004;Puerto_3000004;Puerto de La Habana;Registro y Flota de Barlovento;Consular;1;La Habana;1720;;1738;;;Interpolación;;;;Puerto
SDO;3000003;Puerto_3000003;Puerto de San Juan de Puerto Rico;Registro y Flota de Barlovento;Consular;2;San Juan de Puerto Rico;1720;;1738;;;Interpolación;;;;Puerto
SDO;3000005;Puerto_3000005;Puerto de Santiago de Cuba;Registro y Flota de Barlovento;Consular;2;Santiago de Cuba;1720;;1738;;;Interpolación;;;;Puerto
GUA;2000732;Puerto_2000732;Puerto de Santo Tomás de Castilla;Registro y Flota de Barlovento;Consular;2;Santo Tomás de Castilla;1720;;1738;;;Interpolación;;;;Puerto
GUA;2000009;Puerto_2000009;Puerto de Trujillo;Registro y Flota de Barlovento;Consular;2;Trujillo;1720;;1738;;;Interpolación;;;;Puerto
NES;1000021;Puerto_1000021;Puerto de Veracruz;Registro y Flota de Barlovento;Consular;1;Veracruz;1720;;1738;;;Interpolación;;;;Puerto
NES;1000226;Puerto_1000226;Puerto de Campeche;Registro y Flota de Barlovento;Consular;2;Campeche;1754;;1769;;;Interpolación;;;;Puerto
SDO;3000003;Puerto_3000003;Puerto de San Juan de Puerto Rico;Registro y Flota de Barlovento;Consular;2;San Juan de Puerto Rico;1754;;1754;;;Interpolación;;;;Puerto
SDO;3000005;Puerto_3000005;Puerto de Santiago de Cuba;Registro y Flota de Barlovento;Consular;2;Santiago de Cuba;1754;;1764;;;Interpolación;;;;Puerto
SDO;3000001;Puerto_3000001;Puerto de Santo Domingo;Registro y Flota de Barlovento;Consular;2;Santo Domingo;1754;;1754;;;Interpolación;;;;Puerto
GUA;2000732;Puerto_2000732;Puerto de Santo Tomás de Castilla;Registro y Flota de Barlovento;Consular;2;Santo Tomás de Castilla;1754;;1777;;;Interpolación;;;;Puerto
GUA;2000009;Puerto_2000009;Puerto de Trujillo;Registro y Flota de Barlovento;Consular;2;Trujillo;1754;;1777;;;Interpolación;;;;Puerto
SDO;3000004;Puerto_3000004;Puerto de La Habana;"Registro y Flota de Barlovento; Tornaviaje";Consular;1;La Habana;1754;;1764;;;Interpolación;;;;Puerto
NGR;5000004;Puerto_5000004;Puerto de Cartagena de Indias;Registro y Galeones de Tierrafirme;Consular;1;Cartagena de Indias;1720;;1738;;;Interpolación;;;;Puerto
VEN;4000005;Puerto_4000005;Puerto de Cumaná;Registro y Galeones de Tierrafirme;Consular;2;Cumaná;1720;;1738;;;Interpolación;;;;Puerto
VEN;4000004;Puerto_4000004;Puerto de isla de Trinidad;Registro y Galeones de Tierrafirme;Consular;2;isla de Trinidad;1720;;1738;;;Interpolación;;;;Puerto
VEN;4000393;Puerto_4000393;Puerto de isla Margarita;Registro y Galeones de Tierrafirme;Consular;2;isla Margarita;1720;;1738;;;Interpolación;;;;Puerto
VEN;4000010;Puerto_4000010;Puerto de La Guaira;Registro y Galeones de Tierrafirme;Consular;2;La Guaira;1720;;1729;;;Interpolación;;;;Puerto
VEN;4000007;Puerto_4000007;Puerto de Maracaibo;Registro y Galeones de Tierrafirme;Consular;2;Maracaibo;1720;;1738;;;Interpolación;;;;Puerto
NGR;5000005;Puerto_5000005;Puerto de Portobelo;Registro y Galeones de Tierrafirme;Consular;1;Portobelo;1720;;1738;;;Interpolación;;;;Puerto
NGR;5000012;Puerto_5000012;Puerto de Riohacha;Registro y Galeones de Tierrafirme;Consular;2;Riohacha;1720;;1738;;;Interpolación;;;;Puerto
NGR;5000011;Puerto_5000011;Puerto de Santa Marta;Registro y Galeones de Tierrafirme;Consular;2;Santa Marta;1720;;1738;;;Interpolación;;;;Puerto
NGR;5000004;Puerto_5000004;Puerto de Cartagena de Indias;Registro y Galeones de Tierrafirme;Consular;1;Cartagena de Indias;1754;;1777;;;Interpolación;;;;Puerto
VEN;4000004;Puerto_4000004;Puerto de isla de Trinidad;Registro y Galeones de Tierrafirme;Consular;2;isla de Trinidad;1754;;1764;;;Interpolación;;;;Puerto
VEN;4000393;Puerto_4000393;Puerto de isla Margarita;Registro y Galeones de Tierrafirme;Consular;2;isla Margarita;1754;;1754;;;Interpolación;;;;Puerto
VEN;4000007;Puerto_4000007;Puerto de Maracaibo;Registro y Galeones de Tierrafirme;Consular;2;Maracaibo;1754;;1764;;;Interpolación;;;;Puerto
NGR;5000005;Puerto_5000005;Puerto de Portobelo;Registro y Galeones de Tierrafirme;Consular;1;Portobelo;1754;;1777;;;Interpolación;;;;Puerto
NGR;5000012;Puerto_5000012;Puerto de Riohacha;Registro y Galeones de Tierrafirme;Consular;2;Riohacha;1754;;1754;;;Interpolación;;;;Puerto
NGR;5000011;Puerto_5000011;Puerto de Santa Marta;Registro y Galeones de Tierrafirme;Consular;2;Santa Marta;1754;;1775;;;Interpolación;;;;Puerto
RPL;9000001;Puerto_9000001;Puerto de Buenos Aires;Registros;Consular;1;Buenos Aires;1720;;1777;;;Interpolación;;;;Puerto
CHL;7000002;Puerto_7000002;Puerto de Concepción;Registros;Consular;2;Concepción;1720;;1777;;;Interpolación;;;;Puerto
RPL;9000024;Puerto_9000024;Puerto de Montevideo;Registros;Consular;2;Montevideo;1726;;1777;;;Interpolación;;;;Puerto
PER;6000021;Puerto_6000021;Puerto de Arica;Registros;Consular;2;Arica;1739;;1753;;;Interpolación;;;;Puerto
SDO;3000001;Puerto_3000001;Puerto de Santo Domingo;Registros;Consular;2;Santo Domingo;1739;;1753;;;Interpolación;;;;Puerto
NES;1000226;Puerto_1000226;Puerto de Campeche;Registros;Consular;2;Campeche;1739;;1753;;;Interpolación;;;;Puerto
NGR;5000004;Puerto_5000004;Puerto de Cartagena de Indias;Registros;Consular;1;Cartagena de Indias;1739;;1753;;;Interpolación;;;;Puerto
VEN;4000005;Puerto_4000005;Puerto de Cumaná;Registros;Consular;2;Cumaná;1739;;1753;;;Interpolación;;;;Puerto
PER;6000008;Puerto_6000008;Puerto de El Callao;Registros;Consular;1;El Callao;1739;;1753;;;Interpolación;;;;Puerto
QUI;5600003;Puerto_5600003;Puerto de Guayaquil;Registros;Consular;2;Guayaquil;1739;;1753;;;Interpolación;;;;Puerto
VEN;4000004;Puerto_4000004;Puerto de isla de Trinidad;Registros;Consular;2;isla de Trinidad;1739;;1753;;;Interpolación;;;;Puerto
VEN;4000393;Puerto_4000393;Puerto de isla Margarita;Registros;Consular;2;isla Margarita;1739;;1753;;;Interpolación;;;;Puerto
VEN;4000010;Puerto_4000010;Puerto de La Guaira;Registros;Consular;2;La Guaira;1739;;1753;;;Interpolación;;;;Puerto
SDO;3000004;Puerto_3000004;Puerto de La Habana;Registros;Consular;1;La Habana;1739;;1753;;;Interpolación;;;;Puerto
VEN;4000007;Puerto_4000007;Puerto de Maracaibo;Registros;Consular;2;Maracaibo;1739;;1753;;;Interpolación;;;;Puerto
PER;6001392;Puerto_6001392;Puerto de Paita;Registros;Consular;2;Paita;1739;;1753;;;Interpolación;;;;Puerto
NGR;5000002;Puerto_5000002;Puerto de Panamá;Registros;Consular;1;Panamá;1739;;1753;;;Interpolación;;;;Puerto
NGR;5000005;Puerto_5000005;Puerto de Portobelo;Registros;Consular;1;Portobelo;1739;;1753;;;Interpolación;;;;Puerto
VEN;4000107;Puerto_4000107;Puerto de Puerto Cabello;Registros;Consular;2;Puerto Cabello;1739;;1753;;;Interpolación;;;;Puerto
NGR;5000012;Puerto_5000012;Puerto de Riohacha;Registros;Consular;2;Riohacha;1739;;1753;;;Interpolación;;;;Puerto
SDO;3000003;Puerto_3000003;Puerto de San Juan de Puerto Rico;Registros;Consular;2;San Juan de Puerto Rico;1739;;1753;;;Interpolación;;;;Puerto
NGR;5000011;Puerto_5000011;Puerto de Santa Marta;Registros;Consular;2;Santa Marta;1739;;1753;;;Interpolación;;;;Puerto
SDO;3000005;Puerto_3000005;Puerto de Santiago de Cuba;Registros;Consular;2;Santiago de Cuba;1739;;1753;;;Interpolación;;;;Puerto
GUA;2000732;Puerto_2000732;Puerto de Santo Tomás de Castilla;Registros;Consular;2;Santo Tomás de Castilla;1739;;1753;;;Interpolación;;;;Puerto
GUA;2000009;Puerto_2000009;Puerto de Trujillo;Registros;Consular;2;Trujillo;1739;;1753;;;Interpolación;;;;Puerto
CHL;7000003;Puerto_7000003;Puerto de Valparaíso;Registros;Consular;2;Valparaíso;1739;;1753;;;Interpolación;;;;Puerto
NES;1000021;Puerto_1000021;Puerto de Veracruz;Registros;Consular;1;Veracruz;1739;;1753;;;Interpolación;;;;Puerto
VEN;4000005;Puerto_4000005;Puerto de Cumaná;Registros;Consular;2;Cumaná;1754;;1754;;;Interpolación;;;;Puerto
NES;1000021;Puerto_1000021;Puerto de Veracruz;Registros;Consular;1;Veracruz;1778;;1788;;;Interpolación;;;;Puerto
GDJ;1000059;Puerto_1000059;Puerto de San Blas;Nao de china;Consular;2;San Blas;1787;;1788;;;Interpolación;;;;Puerto
SDO;3000257;Puerto_3000257;Puerto de Manzanillo;Puerto menor;Comercio libre;2;Manzanillo (Bayamo);1803;;9999;;;Ramón de la Sagra, Historia economico-politica y estadistica de la isla de Cuba (La Habana 1831), p. 182.;;;;Puerto
;9999999;Puerto_9999999;Puerto de Goleto;Puerto menor;Comercio libre;2;Goleto (Sancti Spiritus);1803;;9999;;;Ramón de la Sagra, Historia economico-politica y estadistica de la isla de Cuba (La Habana 1831), p. 182.;;;;Puerto
SDO;3000012;Puerto_3000012;Puerto de Baracoa;Puerto menor;Comercio libre;2;Baracoa;1803;;9999;;;Ramón de la Sagra, Historia economico-politica y estadistica de la isla de Cuba (La Habana 1831), p. 182.;;;;Puerto
GDJ;9901009;Puerto_9901009;Puerto de San Bernardo;Puerto menor;Comercio libre;2;San Bernardo;1808;;9999;;;Almanak mercantil ó Guía de comerciantes para el ano 1808 (madrid s.d.), p. 255.;;;;Puerto
GUA;2000533;Puerto_2000533;Puerto de Matina;Puerto menor;Comercio libre;2;Matina;1811;;9999;;;Marie Laure Rieu-Millán, Los diputados americanos en las Cortes de Cádiz: igualdad o independencia (Madrid 1990), p. 191.;;;;Puerto
;9999999;Puerto_9999999;Puerto de Puntarenas;Puerto menor;Comercio libre;2;Puntarenas;1814;;9999;;;Marie Laure Rieu-Millán, Los diputados americanos en las Cortes de Cádiz: igualdad o independencia (Madrid 1990), p. 191.;;;;Puerto
GUA;2000021;Puerto_2000021;Puerto de Tonalá;Puerto menor;Comercio libre;3;Tonalá;1813;;9999;;Para el comercio con Nueva España y Perú.;Marie Laure Rieu-Millán, Los diputados americanos en las Cortes de Cádiz: igualdad o independencia (Madrid 1990), p. 191.;;;;Puerto
GUA;2000018;Puerto_2000018;Puerto de Tapachula;Puerto menor;Comercio libre;4;Tapachula;1813;;9999;;Para el comercio con Nueva España y Perú.;Marie Laure Rieu-Millán, Los diputados americanos en las Cortes de Cádiz: igualdad o independencia (Madrid 1990), p. 191.;;;;Puerto
GDJ;1005448;Puerto_1005448;Puerto de Guaymas;Puerto menor;Comercio libre;5;Guaymas;1814;;9999;;;Marie Laure Rieu-Millán, Los diputados americanos en las Cortes de Cádiz: igualdad o independencia (Madrid 1990), p. 191.;;;;Puerto
NES;1000001;Imprentas_Mexico;Hasta seis imprentas;Hasta seis imprentas;;1;México;1535;;9999;;Su número aumentaría a seis durante la Colonia.;José Torre Revello, El libro, la imprenta y el periodismo en América durante la dominación española (México 1991, original Buenos Aires 1940), p. 138ff.;;;;Imprentas
PER;6000001;Imprentas_Lima;Hasta seis imprentas;Hasta seis imprentas;;1;Lima;1583;;9999;;Su número aumentaría a seis durante la Colonia.;José Torre Revello, El libro, la imprenta y el periodismo en América durante la dominación española (México 1991, original Buenos Aires 1940), p. 138ff.;;;;Imprentas
NES;1000015;Imprentas_Puebla;Hasta tres imprentas;Hasta tres imprentas;;1;Puebla;1640;;9999;;Su número aumentaría a tres durante la Colonia.;José Torre Revello, El libro, la imprenta y el periodismo en América durante la dominación española (México 1991, original Buenos Aires 1940), p. 138ff.;;;;Imprentas
GUA;2000003;Imprenta_Guatemala;Imprenta de Guatemala;Imprenta;;2;Guatemala;1641;;1641;;;José Torre Revello, El libro, la imprenta y el periodismo en América durante la dominación española (México 1991, original Buenos Aires 1940), p. 138ff.;;;;Imprentas
GUA;2000003;Imprenta_Guatemala;Imprenta de Guatemala;Imprenta;;2;Guatemala;1660;;9999;;;José Torre Revello, El libro, la imprenta y el periodismo en América durante la dominación española (México 1991, original Buenos Aires 1940), p. 138ff.;;;;Imprentas
RPL;9000185;Imprenta_Misiones;Imprenta de Misiones;Imprenta;;2;Misiones;1700;;1767;;En realidad, la imprenta se trasladó varias veces entre los pueblos de Loreto, Santa María la Mayor y San Francisco Javier.;José Torre Revello, El libro, la imprenta y el periodismo en América durante la dominación española (México 1991, original Buenos Aires 1940), p. 138ff.;;;;Imprentas
SDO;3000004;Imprenta_La Habana;Imprenta circunstancial de La Habana;Imprenta circunstancial;;3;La Habana;1707;;1723;;Circunstancial;José Torre Revello, El libro, la imprenta y el periodismo en América durante la dominación española (México 1991, original Buenos Aires 1940), p. 138ff.;;;;Imprentas
SDO;3000004;Imprenta_La Habana;Imprenta de La Habana;Imprenta;;2;La Habana;1724;;9999;;;José Torre Revello, El libro, la imprenta y el periodismo en América durante la dominación española (México 1991, original Buenos Aires 1940), p. 138ff.;;;;Imprentas
NES;1000014;Imprenta_Oaxaca;Imprenta de Oaxaca;Imprenta;;2;Oaxaca;1720;;9999;;;José Torre Revello, El libro, la imprenta y el periodismo en América durante la dominación española (México 1991, original Buenos Aires 1940), p. 138ff.;;;;Imprentas
NGR;5000001;Imprenta_Santa Fe;Imprenta de Santa Fe;Imprenta;;2;Santa Fe;1738;;1742;;;José Torre Revello, El libro, la imprenta y el periodismo en América durante la dominación española (México 1991, original Buenos Aires 1940), p. 138ff.;;;;Imprentas
NGR;5000001;Imprenta_Santa Fe;Imprenta circunstancial de Santa Fe;Imprenta circunstancial;;3;Santa Fe;1743;;1776;;Circunstancial;Gabriel Giraldo Jaramillo, El libro y la imprenta en la cultura colombiana: http://www.banrepcultural.org/blaavirtual/todaslasartes/incu/incu0a.htm .;;;;Imprentas
NGR;5000001;Imprenta_Santa Fe;Imprenta de Santa Fe;Imprenta;;2;Santa Fe;1777;;9999;;;José Torre Revello, El libro, la imprenta y el periodismo en América durante la dominación española (México 1991, original Buenos Aires 1940), p. 138ff.;;;;Imprentas
QUI;5600237;Imprenta_Ambato;Imprenta de Ambato;Imprenta;;2;Ambato;1754;;1758;;;José Torre Revello, El libro, la imprenta y el periodismo en América durante la dominación española (México 1991, original Buenos Aires 1940), p. 138ff.;;;;Imprentas
QUI;5600014;Imprenta_Riobamba;Imprenta de Riobamba;Imprenta;;2;Riobamba;1759;;1759;;;José Torre Revello, El libro, la imprenta y el periodismo en América durante la dominación española (México 1991, original Buenos Aires 1940), p. 138ff.;;;;Imprentas
QUI;5600001;Imprenta_Quito;Imprenta de Quito;Imprenta;;2;Quito;1760;;9999;;;José Torre Revello, El libro, la imprenta y el periodismo en América durante la dominación española (México 1991, original Buenos Aires 1940), p. 138ff.;;;;Imprentas
VEN;4000024;Imprenta_Nueva Valencia;Imprenta circunstancial de Nueva Valencia;Imprenta circunstancial;;3;Nueva Valencia;1764;;1767;;Circunstancial;José Torre Revello, El libro, la imprenta y el periodismo en América durante la dominación española (México 1991, original Buenos Aires 1940), p. 138ff.;;;;Imprentas
RPL;9000002;Imprenta_Córdoba;Imprenta de Córdoba;Imprenta;;2;Córdoba;1764;;1767;;;José Torre Revello, El libro, la imprenta y el periodismo en América durante la dominación española (México 1991, original Buenos Aires 1940), p. 138ff.;;;;Imprentas
NGR;5000004;Imprenta_Cartagena;Imprenta circunstancial de Cartagena;Imprenta circunstancial;;3;Cartagena;1769;;1789;;Circunstancial;José Torre Revello, El libro, la imprenta y el periodismo en América durante la dominación española (México 1991, original Buenos Aires 1940), p. 138ff.;;;;Imprentas
NGR;5000004;Imprenta_Cartagena;Imprenta de Cartagena;Imprenta;;2;Cartagena;1809;;9999;;;Gabriel Giraldo Jaramillo, El libro y la imprenta en la cultura colombiana: http://www.banrepcultural.org/blaavirtual/todaslasartes/incu/incu0a.htm .;;;;Imprentas
SDO;3000023;Imprenta_Nueva Orleans;Imprenta circunstancial de Nueva Orleans;Imprenta circunstancial;;3;Nueva Orleans;1769;;9999;;Circunstancial;José Torre Revello, El libro, la imprenta y el periodismo en América durante la dominación española (México 1991, original Buenos Aires 1940), p. 138ff.;;;;Imprentas
CHL;7000001;Imprenta_Santiago;Imprenta circunstancial de Santiago de Chile;Imprenta circunstancial;;3;Santiago de Chile;1776;;1788;;Solo a partir de 1789 con más constancia.;José Torre Revello, El libro, la imprenta y el periodismo en América durante la dominación española (México 1991, original Buenos Aires 1940), p. 138ff.;;;;Imprentas
RPL;9000001;Imprenta_Buenos Aires;Imprenta de Buenos Aires;Imprenta;;2;Buenos Aires;1780;;9999;;;José Torre Revello, El libro, la imprenta y el periodismo en América durante la dominación española (México 1991, original Buenos Aires 1940), p. 138ff.;;;;Imprentas
SDO;3000001;Imprenta_Santo Domingo;Imprenta de Santo Domingo;Imprenta;;2;Santo Domingo;1782;;9999;;;José Torre Revello, El libro, la imprenta y el periodismo en América durante la dominación española (México 1991, original Buenos Aires 1940), p. 138ff.;;;;Imprentas
VEN;4000004;Imprenta_Puerto España;Imprenta circunstancial de Puerto España;Imprenta circunstancial;;3;Puerto España;1786;;1796;;Circunstancial;José Torre Revello, El libro, la imprenta y el periodismo en América durante la dominación española (México 1991, original Buenos Aires 1940), p. 138ff.;;;;Imprentas
SDO;3000005;Imprenta_Santiago de Cuba;Imprenta de Santiago de Cuba;Imprenta;;2;Santiago de Cuba;1796;;9999;;;José Torre Revello, El libro, la imprenta y el periodismo en América durante la dominación española (México 1991, original Buenos Aires 1940), p. 138ff.;;;;Imprentas
GDJ;1000002;Imprenta_Guadalajara;Imprenta de Mariano Valdés;Imprenta;;2;Guadalajara;1793;;9999;;;José Torre Revello, El libro, la imprenta y el periodismo en América durante la dominación española (México 1991, original Buenos Aires 1940), p. 138ff.;;;;Imprentas
NES;1000021;Imprenta_Veracruz;Imprenta de Veracruz;Imprenta;;2;Veracruz;1793;;9999;;;José Torre Revello, El libro, la imprenta y el periodismo en América durante la dominación española (México 1991, original Buenos Aires 1940), p. 138ff.;;;;Imprentas
RPL;9000024;Imprenta_Montevideo;Imprenta de Montevideo;Imprenta;;2;Montevideo;1807;;1807;;;José Torre Revello, El libro, la imprenta y el periodismo en América durante la dominación española (México 1991, original Buenos Aires 1940), p. 138ff.;;;;Imprentas
VEN;4000001;Imprenta_Caracas;Imprenta de Caracas;Imprenta;;2;Caracas;1808;;9999;;;José Torre Revello, El libro, la imprenta y el periodismo en América durante la dominación española (México 1991, original Buenos Aires 1940), p. 138ff.;;;;Imprentas
SDO;3000003;Imprenta_Puerto Rico;Imprenta de Puerto Rico;Imprenta;;2;Puerto Rico;1808;;9999;;;José Torre Revello, El libro, la imprenta y el periodismo en América durante la dominación española (México 1991, original Buenos Aires 1940), p. 138ff.;;;;Imprentas
QUI;5600003;Imprenta_Guayaquil;Imprenta de Guayaquil;Imprenta;;2;Guayaquil;1810;;9999;;;José Torre Revello, El libro, la imprenta y el periodismo en América durante la dominación española (México 1991, original Buenos Aires 1940), p. 138ff.;;;;Imprentas
RPL;9000024;Imprenta_Montevideo;Imprenta de Montevideo;Imprenta;;2;Montevideo;1810;;9999;;;José Torre Revello, El libro, la imprenta y el periodismo en América durante la dominación española (México 1991, original Buenos Aires 1940), p. 138ff.;;;;Imprentas
CHL;7000001;Imprenta_Santiago;Imprenta de Santiago de Chile;Imprenta circunstancial;;2;Santiago de Chile;1789;;9999;;Solo a partir de 1789 con más constancia.;José Torre Revello, El libro, la imprenta y el periodismo en América durante la dominación española (México 1991, original Buenos Aires 1940), p. 138ff.;;;;Imprentas
SDO;3000005;SocPat03;Sociedad Económica de Amigos del País de Santiago de Cuba;Sociedad patriótica;Sociedad patriótica;1;Cuba;1787;;9999;;;https://es.wikipedia.org/wiki/Sociedades_econ%C3%B3micas_de_amigos_del_pa%C3%Ads;;;;Sociedades patrióticas
PER;6000001;SocPat04;Sociedad Académica de Amantes del País de Lima;Sociedad patriótica;Sociedad patriótica;1;Lima;1790;;9999;;;https://es.wikipedia.org/wiki/Sociedades_econ%C3%B3micas_de_amigos_del_pa%C3%Ads;;;;Sociedades patrióticas
SDO;3000004;SocPat06;Sociedad Económica de los Amigos del País de La Habana;Sociedad patriótica;Sociedad patriótica;1;La Habana;1792;;9999;;;https://es.wikipedia.org/wiki/Sociedades_econ%C3%B3micas_de_amigos_del_pa%C3%Ads;;;;Sociedades patrióticas
QUI;5600001;SocPat05;Sociedad Económica de Amigos del País de Quito;Sociedad patriótica;Sociedad patriótica;1;Quito;1792;;9999;;;https://es.wikipedia.org/wiki/Sociedades_econ%C3%B3micas_de_amigos_del_pa%C3%Ads;;;;Sociedades patrióticas
GUA;2000003;SocPat07;Real Sociedad Económica de Amantes de la Patria de Guatemala;Sociedad patriótica;Sociedad patriótica;1;Guatemala;1795;;9999;;;https://es.wikipedia.org/wiki/Sociedades_econ%C3%B3micas_de_amigos_del_pa%C3%Ads;;;;Sociedades patrióticas
NES;1000001;SocPat08;Sociedad Económica de Amigos del País de México;Sociedad patriótica;Sociedad patriótica;1;México;1799;;9999;;;https://es.wikipedia.org/wiki/Sociedades_econ%C3%B3micas_de_amigos_del_pa%C3%ADs;;;;Sociedades patrióticas
NGR;5000001;SocPat09;Sociedad Patriótica de Amigos del País de Santa Fe;Sociedad patriótica;Sociedad patriótica;1;Santa Fe;1801;;9999;;;https://es.wikipedia.org/wiki/Sociedades_econ%C3%B3micas_de_amigos_del_pa%C3%Ads;;;;Sociedades patrióticas
FIL;1600001;SocPat01;Real Sociedad Económica de Amigos del País de Manila;Sociedad patriótica;Sociedad patriótica;1;Manila;1781;;9999;;;https://es.wikipedia.org/wiki/Sociedades_econ%C3%B3micas_de_amigos_del_pa%C3%Ads;;;;Sociedades patrióticas
NGR;5000024;SocPat02;Sociedad Económica de Amigos del País de Santa Cruz de Mompox;Sociedad patriótica;Sociedad patriótica;1;Mompox;1784;;9999;;;https://es.wikipedia.org/wiki/Sociedades_econ%C3%B3micas_de_amigos_del_pa%C3%Ads;;;;Sociedades patrióticas
SDO;3000004;Astillero_Habana;Astillero de la Habana;Astillero;;1;La Habana;1111;;1749;;;"Jorge León Sáenz,  ""LOS ASTILLEROS Y LA INDUSTRIA MARITIMA EN EL PACIFICO AMERICANO: SIGLOS XVI A XIX"": Diálogos Revista Electrónica de Historia, vol. 10, núm. 1, febrero-agosto, 2009, pp. 47-90";;;;Astilleros
SDO;3000004;Astillero_Habana;Astillero Real de la Habana;Astillero real;;1;La Habana;1750;;9999;;;"Jorge León Sáenz,  ""LOS ASTILLEROS Y LA INDUSTRIA MARITIMA EN EL PACIFICO AMERICANO: SIGLOS XVI A XIX"": Diálogos Revista Electrónica de Historia, vol. 10, núm. 1, febrero-agosto, 2009, pp. 47-91";;;;Astilleros
QUI;5600003;Astillero_Guayaquil;Astillero de Guayaquil;Astillero;;1;Guayaquil;1111;;9999;;;"Jorge León Sáenz,  ""LOS ASTILLEROS Y LA INDUSTRIA MARITIMA EN EL PACIFICO AMERICANO: SIGLOS XVI A XIX"": Diálogos Revista Electrónica de Historia, vol. 10, núm. 1, febrero-agosto, 2009, pp. 47-92";;;;Astilleros
GUA;2000672;Astillero_Realejo;Astillero de El Realejo;Astillero;;2;El Realejo;1111;;9999;;;"Jorge León Sáenz,  ""LOS ASTILLEROS Y LA INDUSTRIA MARITIMA EN EL PACIFICO AMERICANO: SIGLOS XVI A XIX"": Diálogos Revista Electrónica de Historia, vol. 10, núm. 1, febrero-agosto, 2009, pp. 47-93";;;;Astilleros
GUA;2000676;Astillero_Nicoya;Astillero de Nicoya;Astillero Circunstancial;;3;Nicoya;1730;;1745;;;"Jorge León Sáenz,  ""LOS ASTILLEROS Y LA INDUSTRIA MARITIMA EN EL PACIFICO AMERICANO: SIGLOS XVI A XIX"": Diálogos Revista Electrónica de Historia, vol. 10, núm. 1, febrero-agosto, 2009, pp. 47-94";;;;Astilleros
GDJ;1000059;Astillero_San_Blas;Astillero de San Blas;Astillero;;2;San Blas;1767;;1773;;;"Jorge León Sáenz,  ""LOS ASTILLEROS Y LA INDUSTRIA MARITIMA EN EL PACIFICO AMERICANO: SIGLOS XVI A XIX"": Diálogos Revista Electrónica de Historia, vol. 10, núm. 1, febrero-agosto, 2009, pp. 47-95";;;;Astilleros
GUA;9901005;Astillero_Brito;Astillero de Brito;Astillero Circunstancial;;3;Brito;1745;;1745;;;"Jorge León Sáenz,  ""LOS ASTILLEROS Y LA INDUSTRIA MARITIMA EN EL PACIFICO AMERICANO: SIGLOS XVI A XIX"": Diálogos Revista Electrónica de Historia, vol. 10, núm. 1, febrero-agosto, 2009, pp. 47-96";;;;Astilleros
GUA;2000385;Astillero_Iztapa;Astillero de Iztapa;Astillero Circunstancial;;3;Iztapa;1709;;1709;;;"Jorge León Sáenz,  ""LOS ASTILLEROS Y LA INDUSTRIA MARITIMA EN EL PACIFICO AMERICANO: SIGLOS XVI A XIX"": Diálogos Revista Electrónica de Historia, vol. 10, núm. 1, febrero-agosto, 2009, pp. 47-97";;;;Astilleros
GUA;2000132;Astillero_Acajutla;Astillero de Acajutla;Astillero Circunstancial;;3;Acajutla;1740;;1740;;;"Jorge León Sáenz,  ""LOS ASTILLEROS Y LA INDUSTRIA MARITIMA EN EL PACIFICO AMERICANO: SIGLOS XVI A XIX"": Diálogos Revista Electrónica de Historia, vol. 10, núm. 1, febrero-agosto, 2009, pp. 47-98";;;;Astilleros
GUA;2000491;Astillero_Jiquilisco;Astillero de Jiquilisco;Astillero Circunstancial;;3;Jiquilisco/Arequaquín;1708;;1708;;;"Jorge León Sáenz,  ""LOS ASTILLEROS Y LA INDUSTRIA MARITIMA EN EL PACIFICO AMERICANO: SIGLOS XVI A XIX"": Diálogos Revista Electrónica de Historia, vol. 10, núm. 1, febrero-agosto, 2009, pp. 47-99";;;;Astilleros
NGR;5000002;Astillero_Panama;Astillero de Panamá;Astillero Circunstancial;;3;Panamá;1743;;1743;;;"Jorge León Sáenz,  ""LOS ASTILLEROS Y LA INDUSTRIA MARITIMA EN EL PACIFICO AMERICANO: SIGLOS XVI A XIX"": Diálogos Revista Electrónica de Historia, vol. 10, núm. 1, febrero-agosto, 2009, pp. 47-100";;;;Astilleros
CHL;7000484;Astillero_Nueva_Bilbao;Astillero de Nueva Bilbao;Astillero;;3;Nueva Bilbao;1794;;9999;;;"Jorge León Sáenz,  ""LOS ASTILLEROS Y LA INDUSTRIA MARITIMA EN EL PACIFICO AMERICANO: SIGLOS XVI A XIX"": Diálogos Revista Electrónica de Historia, vol. 10, núm. 1, febrero-agosto, 2009, pp. 47-101";;;;Astilleros
NES;9901004;Astillero_Coatzacoalcos;Astillero de Coatzacoalcos;Astillero;;2;Coatzacoalcos;1720;;1735;;Según León, se construyó allá un navío de línea en 1735.;"Jorge León Sáenz,  ""LOS ASTILLEROS Y LA INDUSTRIA MARITIMA EN EL PACIFICO AMERICANO: SIGLOS XVI A XIX"": Diálogos Revista Electrónica de Historia, vol. 10, núm. 1, febrero-agosto, 2009, pp. 47-105";;;;Astilleros
NES;1004276;Astillero_Tlacotalpan;Astillero de  Tlacotalpan;Astillero Circunstancial;;3;Tlacotalpan;1608;;1733;;;"Jorge León Sáenz,  ""LOS ASTILLEROS Y LA INDUSTRIA MARITIMA EN EL PACIFICO AMERICANO: SIGLOS XVI A XIX"": Diálogos Revista Electrónica de Historia, vol. 10, núm. 1, febrero-agosto, 2009, pp. 47-106";;;;Astilleros
NES;1000226;Astillero_Campeche;Astillero de Campeche;Astillero Circunstancial;;3;Campeche;1702;;1702;;;"Jorge León Sáenz,  ""LOS ASTILLEROS Y LA INDUSTRIA MARITIMA EN EL PACIFICO AMERICANO: SIGLOS XVI A XIX"": Diálogos Revista Electrónica de Historia, vol. 10, núm. 1, febrero-agosto, 2009, pp. 47-107";;;;Astilleros
RPL;9000024;Astillero_Montevideo;Astillero de Montevideo;Astillero;;2;Montevideo;1796;;1803;;;"Jorge León Sáenz,  ""LOS ASTILLEROS Y LA INDUSTRIA MARITIMA EN EL PACIFICO AMERICANO: SIGLOS XVI A XIX"": Diálogos Revista Electrónica de Historia, vol. 10, núm. 1, febrero-agosto, 2009, pp. 47-108";;;;Astilleros
GDJ;1000059;Astillero_San_Blas;Astillero de San Blas;Astillero;;2;San Blas;1774;;9999;;;"Antonio Ibarra, ""Mercancías globales y mercado locales en Nueva España: la circulación interior de 'efectos de china' en Guadalajara a fines de la época colonial"": Illes i Imperis 18 (2016), pp. 135-159, aquí: p. 147.";;;;Astilleros
PER;6000001;Moneda_Lima;Casa de Moneda de Lima;Oro y Plata;;1;Lima;1565;;1571;;;MORALES PADRON, Francisco: Atlas histórico-cultural de América, 2 vols. (Las Palmas de Gran Canaria 1988).;;;;Casas de moneda
PER;6000001;Moneda_Lima;Casa de Moneda de Lima;Oro y Plata;;1;Lima;1581;;1591;;;MORALES PADRON, Francisco: Atlas histórico-cultural de América, 2 vols. (Las Palmas de Gran Canaria 1988).;;;;Casas de moneda
PER;6000001;Moneda_Lima;Casa de Moneda de Lima;Oro y Plata;;1;Lima;1683;;9999;;;MORALES PADRON, Francisco: Atlas histórico-cultural de América, 2 vols. (Las Palmas de Gran Canaria 1988).;;;;Casas de moneda
PER;6000002;Moneda_Cuzco;Casa de Moneda de Cuzco;Oro y Plata;;1;Cuzco;1683;;1699;;;MORALES PADRON, Francisco: Atlas histórico-cultural de América, 2 vols. (Las Palmas de Gran Canaria 1988).;;;;Casas de moneda
CHA;8000001;Moneda_La_Plata;Casa de Moneda de La Plata;Oro y Plata;;1;La Plata;1572;;1573;;;MORALES PADRON, Francisco: Atlas histórico-cultural de América, 2 vols. (Las Palmas de Gran Canaria 1988).;;;;Casas de moneda
CHA;8000006;Moneda_Potosi;Casa de Moneda de Potosí;Oro y Plata;;1;Potosí;1574;;9999;;;MORALES PADRON, Francisco: Atlas histórico-cultural de América, 2 vols. (Las Palmas de Gran Canaria 1988).;;;;Casas de moneda
NGR;5000001;Moneda_Santa_Fe;Casa de Moneda de Santa Fe;Oro y Plata;;1;Santa Fe;1620;;9999;;;MORALES PADRON, Francisco: Atlas histórico-cultural de América, 2 vols. (Las Palmas de Gran Canaria 1988).;;;;Casas de moneda
NGR;5000004;Moneda_Cartagena;Casa de Moneda de Cartagena;Vellón;;3;Cartagena;1620;;1626;;;MORALES PADRON, Francisco: Atlas histórico-cultural de América, 2 vols. (Las Palmas de Gran Canaria 1988).;;;;Casas de moneda
QUI;5600005;Moneda_Popayan;Casa de Moneda de Popayán;Oro y Plata;;1;Popayán;1766;;9999;;;MORALES PADRON, Francisco: Atlas histórico-cultural de América, 2 vols. (Las Palmas de Gran Canaria 1988).;;;;Casas de moneda
CHL;7000001;Moneda_Santiago;Casa de Moneda de Santiago de Chile;Oro y Plata;;1;Santiago de Chile;1749;;9999;;;MORALES PADRON, Francisco: Atlas histórico-cultural de América, 2 vols. (Las Palmas de Gran Canaria 1988).;;;;Casas de moneda
NES;1000001;Moneda_Mexico;Casa de Moneda de México;Oro y Plata;;1;México;1531;;9999;;;MORALES PADRON, Francisco: Atlas histórico-cultural de América, 2 vols. (Las Palmas de Gran Canaria 1988).;;;;Casas de moneda
GUA;2000003;Moneda_Guatemala;Casa de Moneda de Guatemala;Oro y Plata;;1;Guatemala;1733;;9999;;;MORALES PADRON, Francisco: Atlas histórico-cultural de América, 2 vols. (Las Palmas de Gran Canaria 1988).;;;;Casas de moneda
SDO;3000001;Moneda_Santo_Domingo;Casa de Moneda de Santo Domingo;Plata y Vellón;;2;Santo Domingo;1542;;1558;;;MORALES PADRON, Francisco: Atlas histórico-cultural de América, 2 vols. (Las Palmas de Gran Canaria 1988).;;;;Casas de moneda
NGR;5000002;Moneda_Panama;Casa de Moneda de Panamá;Plata;;2;Panamá;1580;;1580;;"Probablemente nunca funcionó. Cf. R. Castilloer, El sistema monetario de Panamá. Parte Histórica"": Revista de Economía y Estadística, Primera Época, Vol. 6, No. 4 (1944): 4º Trimestre, pp. 219-239.";"R. Castilloer, El sistema monetario de Panamá. Parte Histórica"": Revista de Economía y Estadística, Primera Época, Vol. 6, No. 4 (1944): 4º Trimestre, pp. 219-239.";;;;Casas de moneda
NES;1000001;Consulado_Mexico;Consulado de México;Consulado;;0;México;1592;;9999;;;MORALES PADRON, Francisco: Atlas histórico-cultural de América, 2 vols. (Las Palmas de Gran Canaria 1988).;;;;Consulados
GDJ;1000002;Consulado_Guadalajara;Consulado de Guadalajara;Consulado;;0;Guadalajara;1795;;9999;;;MORALES PADRON, Francisco: Atlas histórico-cultural de América, 2 vols. (Las Palmas de Gran Canaria 1988).;;;;Consulados
NES;1000021;Consulado_Veracruz;Consulado de Veracruz;Consulado;;0;Veracruz;1795;;9999;;;MORALES PADRON, Francisco: Atlas histórico-cultural de América, 2 vols. (Las Palmas de Gran Canaria 1988).;;;;Consulados
GUA;2000003;Consulado_Guatemala;Consulado de Guatemala;Consulado;;0;Guatemala;1793;;9999;;;MORALES PADRON, Francisco: Atlas histórico-cultural de América, 2 vols. (Las Palmas de Gran Canaria 1988).;;;;Consulados
SDO;3000004;Consulado_Habana;Consulado de La Habana;Consulado;;0;La Habana;1794;;9999;;;MORALES PADRON, Francisco: Atlas histórico-cultural de América, 2 vols. (Las Palmas de Gran Canaria 1988).;;;;Consulados
NGR;5000004;Consulado_Cartagena;Consulado de Cartagena;Consulado;;0;Cartagena;1795;;9999;;;MORALES PADRON, Francisco: Atlas histórico-cultural de América, 2 vols. (Las Palmas de Gran Canaria 1988).;;;;Consulados
VEN;4000001;Consulado_Caracas;Consulado de Caracas;Consulado;;0;Caracas;1793;;9999;;;MORALES PADRON, Francisco: Atlas histórico-cultural de América, 2 vols. (Las Palmas de Gran Canaria 1988).;;;;Consulados
NGR;5000001;Consulado_Santa_Fe;Consulado de Santa Fe;Consulado;;0;Santa Fe;1694;;1712;;;MORALES PADRON, Francisco: Atlas histórico-cultural de América, 2 vols. (Las Palmas de Gran Canaria 1988).;;;;Consulados
PER;6000001;Consulado_Lima;Consulado de Lima;Consulado;;0;Lima;1593;;9999;;;MORALES PADRON, Francisco: Atlas histórico-cultural de América, 2 vols. (Las Palmas de Gran Canaria 1988).;;;;Consulados
CHL;7000001;Consulado_Santiago;Consulado de Santiago de Chile;Consulado;;0;Santiago de Chile;1795;;9999;;;MORALES PADRON, Francisco: Atlas histórico-cultural de América, 2 vols. (Las Palmas de Gran Canaria 1988).;;;;Consulados
RPL;9000001;Consulado_Buenos_Aires;Consulado de Buenos Aires;Consulado;;0;Buenos Aires;1794;;9999;;;MORALES PADRON, Francisco: Atlas histórico-cultural de América, 2 vols. (Las Palmas de Gran Canaria 1988).;;;;Consulados
FIL;1600001;Consulado_Manila;Consulado de Manila;Consulado;;0;Manila;1769;;9999;;;MORALES PADRON, Francisco: Atlas histórico-cultural de América, 2 vols. (Las Palmas de Gran Canaria 1988).;;;;Consulados
NGR;5000004;Inquisicion_Cartagena;Tribunal del Santo Oficio de Cartagena;Tribunal del Santo Oficio;;1;Cartagena;1610;;1811;;;;;;;Inquisicion
PER;6000001;Inquisicion_Lima;Tribunal del Santo Oficio de Lima;Tribunal del Santo Oficio;;1;Lima;1569;;1811;;;;;;;Inquisicion
NES;1000001;Inquisicion_Mexico;Tribunal del Santo Oficio de México;Tribunal del Santo Oficio;;1;México;1569;;1811;;;;;;;Inquisicion
