2025-12-30 09:37:38 - matching_Balmis - INFO - ================================================================================
2025-12-30 09:37:38 - matching_Balmis - INFO - Matching process started at 2025-12-30 09:37:38.746303
2025-12-30 09:37:38 - matching_Balmis - INFO - ================================================================================
2025-12-30 09:37:38 - matching_Balmis - INFO - Input rows: 112
2025-12-30 09:37:38 - matching_Balmis - INFO - Reference gazetteer rows: 37353
2025-12-30 09:37:38 - matching_Balmis - INFO - Loaded 326 saints
2025-12-30 09:37:45 - matching_Balmis - INFO - Index built: 11867 unique tokens, 651 single-char tokens skipped
2025-12-30 09:37:45 - matching_Balmis - INFO - Processing row 0, rowID=1
2025-12-30 09:37:45 - matching_Balmis - INFO - 
============================================================
2025-12-30 09:37:45 - matching_Balmis - INFO - Processing rowID=1: 'La Coruña' -> cleaned: 'coruna'
2025-12-30 09:37:45 - matching_Balmis - INFO -   Token-based candidates: 0
2025-12-30 09:37:45 - matching_Balmis - WARNING -   No candidates found - relegated
2025-12-30 09:37:45 - matching_Balmis - INFO - 
============================================================
2025-12-30 09:37:45 - matching_Balmis - INFO - Processing rowID=2: 'Santa Cruz de Tenerife' -> cleaned: 'santa crus tenerife'
2025-12-30 09:37:45 - matching_Balmis - INFO -   Token-based candidates: 2972
2025-12-30 09:37:45 - matching_Balmis - INFO -   Filtering: need match on substantive tokens: ['crus', 'tenerife'] OR 2+ total tokens
2025-12-30 09:37:45 - matching_Balmis - INFO -   After filtering weak token matches: 425 candidates
2025-12-30 09:37:45 - matching_Balmis - INFO -   Fuzzy matches (score >= 70, limit=500): 197
2025-12-30 09:37:45 - matching_Balmis - DEBUG -     gz_id=1003514 'santa crus' score=1.000 nombre=False saint_only=False terr= phase=auto_adopt
2025-12-30 09:37:45 - matching_Balmis - DEBUG -     gz_id=1003514 'santa crus' score=1.000 nombre=False saint_only=False terr= phase=auto_adopt
2025-12-30 09:37:45 - matching_Balmis - DEBUG -     gz_id=5600673 'crus' score=1.000 nombre=False saint_only=False terr= phase=auto_adopt
2025-12-30 09:37:46 - matching_Balmis - DEBUG -     gz_id=5600673 'crus' score=1.000 nombre=False saint_only=False terr= phase=auto_adopt
2025-12-30 09:37:46 - matching_Balmis - DEBUG -     gz_id=5600673 'crus' score=1.000 nombre=False saint_only=False terr= phase=auto_adopt
2025-12-30 09:37:46 - matching_Balmis - DEBUG -     gz_id=1000313 'santa crus' score=1.000 nombre=False saint_only=False terr= phase=auto_adopt
2025-12-30 09:37:46 - matching_Balmis - DEBUG -     gz_id=1000313 'santa crus' score=1.000 nombre=False saint_only=False terr= phase=auto_adopt
2025-12-30 09:37:46 - matching_Balmis - DEBUG -     gz_id=1000313 'santa crus' score=1.000 nombre=False saint_only=False terr= phase=auto_adopt
2025-12-30 09:37:46 - matching_Balmis - DEBUG -     gz_id=1000313 'santa crus' score=1.000 nombre=False saint_only=False terr= phase=auto_adopt
2025-12-30 09:37:46 - matching_Balmis - DEBUG -     gz_id=1000313 'santa crus' score=1.000 nombre=False saint_only=False terr= phase=auto_adopt
2025-12-30 09:37:46 - matching_Balmis - DEBUG -     gz_id=1000351 'santa crus' score=1.000 nombre=False saint_only=False terr= phase=auto_adopt
2025-12-30 09:37:46 - matching_Balmis - DEBUG -     gz_id=1000351 'santa crus' score=1.000 nombre=False saint_only=False terr= phase=auto_adopt
2025-12-30 09:37:46 - matching_Balmis - DEBUG -     gz_id=1000498 'santa crus' score=1.000 nombre=False saint_only=False terr= phase=auto_adopt
2025-12-30 09:37:46 - matching_Balmis - DEBUG -     gz_id=1000498 'santa crus' score=1.000 nombre=False saint_only=False terr= phase=auto_adopt
2025-12-30 09:37:46 - matching_Balmis - DEBUG -     gz_id=9900004 'santa crus' score=1.000 nombre=False saint_only=False terr= phase=auto_adopt
2025-12-30 09:37:46 - matching_Balmis - DEBUG -     gz_id=1003880 'santa crus' score=1.000 nombre=False saint_only=False terr= phase=auto_adopt
2025-12-30 09:37:46 - matching_Balmis - DEBUG -     gz_id=1003880 'santa crus' score=1.000 nombre=False saint_only=False terr= phase=auto_adopt
2025-12-30 09:37:46 - matching_Balmis - DEBUG -     gz_id=1003880 'santa crus' score=1.000 nombre=False saint_only=False terr= phase=auto_adopt
2025-12-30 09:37:46 - matching_Balmis - DEBUG -     gz_id=1003880 'santa crus' score=1.000 nombre=False saint_only=False terr= phase=auto_adopt
2025-12-30 09:37:46 - matching_Balmis - DEBUG -     gz_id=1003880 'santa crus' score=1.000 nombre=False saint_only=False terr= phase=auto_adopt
2025-12-30 09:37:46 - matching_Balmis - DEBUG -     gz_id=1003912 'santa crus' score=1.000 nombre=False saint_only=False terr= phase=auto_adopt
2025-12-30 09:37:46 - matching_Balmis - DEBUG -     gz_id=1003912 'santa crus' score=1.000 nombre=False saint_only=False terr= phase=auto_adopt
2025-12-30 09:37:46 - matching_Balmis - DEBUG -     gz_id=1003912 'santa crus' score=1.000 nombre=False saint_only=False terr= phase=auto_adopt
2025-12-30 09:37:46 - matching_Balmis - DEBUG -     gz_id=1003912 'santa crus' score=1.000 nombre=False saint_only=False terr= phase=auto_adopt
2025-12-30 09:37:46 - matching_Balmis - DEBUG -     gz_id=1003912 'santa crus' score=1.000 nombre=False saint_only=False terr= phase=auto_adopt
2025-12-30 09:37:46 - matching_Balmis - DEBUG -     gz_id=1000607 'santa crus' score=1.000 nombre=False saint_only=False terr= phase=auto_adopt
2025-12-30 09:37:46 - matching_Balmis - DEBUG -     gz_id=1000607 'santa crus' score=1.000 nombre=False saint_only=False terr= phase=auto_adopt
2025-12-30 09:37:46 - matching_Balmis - DEBUG -     gz_id=1000619 'santa crus' score=1.000 nombre=False saint_only=False terr= phase=auto_adopt
2025-12-30 09:37:46 - matching_Balmis - DEBUG -     gz_id=1000619 'santa crus' score=1.000 nombre=False saint_only=False terr= phase=auto_adopt
2025-12-30 09:37:46 - matching_Balmis - DEBUG -     gz_id=1000671 'santa crus' score=1.000 nombre=False saint_only=False terr= phase=auto_adopt
2025-12-30 09:37:46 - matching_Balmis - DEBUG -     gz_id=1000671 'santa crus' score=1.000 nombre=False saint_only=False terr= phase=auto_adopt
2025-12-30 09:37:46 - matching_Balmis - DEBUG -     gz_id=6000527 'santa crus' score=1.000 nombre=False saint_only=False terr= phase=auto_adopt
2025-12-30 09:37:46 - matching_Balmis - DEBUG -     gz_id=6000527 'santa crus' score=1.000 nombre=False saint_only=False terr= phase=auto_adopt
2025-12-30 09:37:46 - matching_Balmis - DEBUG -     gz_id=9900548 'santa crus' score=1.000 nombre=False saint_only=False terr= phase=auto_adopt
2025-12-30 09:37:46 - matching_Balmis - DEBUG -     gz_id=9900548 'santa crus' score=1.000 nombre=False saint_only=False terr= phase=auto_adopt
2025-12-30 09:37:46 - matching_Balmis - DEBUG -     gz_id=4000343 'santa crus' score=1.000 nombre=False saint_only=False terr= phase=auto_adopt
2025-12-30 09:37:46 - matching_Balmis - DEBUG -     gz_id=4000343 'santa crus' score=1.000 nombre=False saint_only=False terr= phase=auto_adopt
2025-12-30 09:37:46 - matching_Balmis - DEBUG -     gz_id=4000343 'santa crus' score=1.000 nombre=False saint_only=False terr= phase=auto_adopt
2025-12-30 09:37:46 - matching_Balmis - DEBUG -     gz_id=4000343 'santa crus' score=1.000 nombre=False saint_only=False terr= phase=auto_adopt
2025-12-30 09:37:46 - matching_Balmis - DEBUG -     gz_id=4000343 'santa crus' score=1.000 nombre=False saint_only=False terr= phase=auto_adopt
2025-12-30 09:37:46 - matching_Balmis - DEBUG -     gz_id=4000343 'santa crus' score=1.000 nombre=False saint_only=False terr= phase=auto_adopt
2025-12-30 09:37:46 - matching_Balmis - DEBUG -     gz_id=4000343 'santa crus' score=1.000 nombre=False saint_only=False terr= phase=auto_adopt
2025-12-30 09:37:46 - matching_Balmis - DEBUG -     gz_id=6000749 'santa crus' score=1.000 nombre=False saint_only=False terr= phase=auto_adopt
2025-12-30 09:37:46 - matching_Balmis - DEBUG -     gz_id=6000749 'santa crus' score=1.000 nombre=False saint_only=False terr= phase=auto_adopt
2025-12-30 09:37:46 - matching_Balmis - DEBUG -     gz_id=9900686 'santa crus' score=1.000 nombre=False saint_only=False terr= phase=auto_adopt
2025-12-30 09:37:46 - matching_Balmis - DEBUG -     gz_id=9900686 'santa crus' score=1.000 nombre=False saint_only=False terr= phase=auto_adopt
2025-12-30 09:37:46 - matching_Balmis - DEBUG -     gz_id=9900686 'santa crus' score=1.000 nombre=False saint_only=False terr= phase=auto_adopt
2025-12-30 09:37:46 - matching_Balmis - DEBUG -     gz_id=9900686 'santa crus' score=1.000 nombre=False saint_only=False terr= phase=auto_adopt
2025-12-30 09:37:46 - matching_Balmis - DEBUG -     gz_id=6000798 'santa crus' score=1.000 nombre=False saint_only=False terr= phase=auto_adopt
2025-12-30 09:37:46 - matching_Balmis - DEBUG -     gz_id=6000798 'santa crus' score=1.000 nombre=False saint_only=False terr= phase=auto_adopt
2025-12-30 09:37:46 - matching_Balmis - DEBUG -     gz_id=1001130 'santa crus' score=1.000 nombre=False saint_only=False terr= phase=auto_adopt
2025-12-30 09:37:46 - matching_Balmis - DEBUG -     gz_id=1001130 'santa crus' score=1.000 nombre=False saint_only=False terr= phase=auto_adopt
2025-12-30 09:37:46 - matching_Balmis - DEBUG -     gz_id=4000471 'santa crus' score=1.000 nombre=False saint_only=False terr= phase=auto_adopt
2025-12-30 09:37:46 - matching_Balmis - DEBUG -     gz_id=4000471 'santa crus' score=1.000 nombre=False saint_only=False terr= phase=auto_adopt
2025-12-30 09:37:46 - matching_Balmis - DEBUG -     gz_id=4000471 'santa crus' score=1.000 nombre=False saint_only=False terr= phase=auto_adopt
2025-12-30 09:37:46 - matching_Balmis - DEBUG -     gz_id=9900915 'santa crus' score=1.000 nombre=False saint_only=False terr= phase=auto_adopt
2025-12-30 09:37:46 - matching_Balmis - DEBUG -     gz_id=1004677 'santa crus' score=1.000 nombre=False saint_only=False terr= phase=auto_adopt
2025-12-30 09:37:46 - matching_Balmis - DEBUG -     gz_id=1004677 'santa crus' score=1.000 nombre=False saint_only=False terr= phase=auto_adopt
2025-12-30 09:37:46 - matching_Balmis - DEBUG -     gz_id=1004677 'santa crus' score=1.000 nombre=False saint_only=False terr= phase=auto_adopt
2025-12-30 09:37:46 - matching_Balmis - DEBUG -     gz_id=9901006 'crus' score=1.000 nombre=False saint_only=False terr= phase=auto_adopt
2025-12-30 09:37:46 - matching_Balmis - DEBUG -     gz_id=9901006 'crus' score=1.000 nombre=False saint_only=False terr= phase=auto_adopt
2025-12-30 09:37:46 - matching_Balmis - DEBUG -     gz_id=9901006 'crus' score=1.000 nombre=False saint_only=False terr= phase=auto_adopt
2025-12-30 09:37:46 - matching_Balmis - DEBUG -     gz_id=9901006 'crus' score=1.000 nombre=False saint_only=False terr= phase=auto_adopt
2025-12-30 09:37:46 - matching_Balmis - DEBUG -     gz_id=9901006 'crus' score=1.000 nombre=False saint_only=False terr= phase=auto_adopt
2025-12-30 09:37:46 - matching_Balmis - DEBUG -     gz_id=9901006 'crus' score=1.000 nombre=False saint_only=False terr= phase=auto_adopt
2025-12-30 09:37:46 - matching_Balmis - DEBUG -     gz_id=9901006 'crus' score=1.000 nombre=False saint_only=False terr= phase=auto_adopt
2025-12-30 09:37:46 - matching_Balmis - DEBUG -     gz_id=1004755 'santa crus' score=1.000 nombre=False saint_only=False terr= phase=auto_adopt
2025-12-30 09:37:46 - matching_Balmis - DEBUG -     gz_id=1004755 'santa crus' score=1.000 nombre=False saint_only=False terr= phase=auto_adopt
2025-12-30 09:37:46 - matching_Balmis - DEBUG -     gz_id=6001360 'santa crus' score=1.000 nombre=False saint_only=False terr= phase=auto_adopt
2025-12-30 09:37:46 - matching_Balmis - DEBUG -     gz_id=6001360 'santa crus' score=1.000 nombre=False saint_only=False terr= phase=auto_adopt
2025-12-30 09:37:46 - matching_Balmis - DEBUG -     gz_id=6001360 'santa crus' score=1.000 nombre=False saint_only=False terr= phase=auto_adopt
2025-12-30 09:37:46 - matching_Balmis - DEBUG -     gz_id=5000065 'tenerife' score=1.000 nombre=False saint_only=False terr= phase=auto_adopt
2025-12-30 09:37:46 - matching_Balmis - DEBUG -     gz_id=5000065 'tenerife' score=1.000 nombre=False saint_only=False terr= phase=auto_adopt
2025-12-30 09:37:46 - matching_Balmis - DEBUG -     gz_id=5000075 'crus' score=1.000 nombre=False saint_only=False terr= phase=auto_adopt
2025-12-30 09:37:46 - matching_Balmis - DEBUG -     gz_id=5000075 'crus' score=1.000 nombre=False saint_only=False terr= phase=auto_adopt
2025-12-30 09:37:46 - matching_Balmis - DEBUG -     gz_id=5000075 'crus' score=1.000 nombre=False saint_only=False terr= phase=auto_adopt
2025-12-30 09:37:46 - matching_Balmis - DEBUG -     gz_id=5000075 'crus' score=1.000 nombre=False saint_only=False terr= phase=auto_adopt
2025-12-30 09:37:46 - matching_Balmis - DEBUG -     gz_id=5000075 'crus' score=1.000 nombre=False saint_only=False terr= phase=auto_adopt
2025-12-30 09:37:46 - matching_Balmis - DEBUG -     gz_id=5000111 'santa crus' score=1.000 nombre=False saint_only=False terr= phase=auto_adopt
2025-12-30 09:37:46 - matching_Balmis - DEBUG -     gz_id=5000111 'santa crus' score=1.000 nombre=False saint_only=False terr= phase=auto_adopt
2025-12-30 09:37:46 - matching_Balmis - DEBUG -     gz_id=6001575 'santa crus' score=1.000 nombre=False saint_only=False terr= phase=auto_adopt
2025-12-30 09:37:46 - matching_Balmis - DEBUG -     gz_id=6001575 'santa crus' score=1.000 nombre=False saint_only=False terr= phase=auto_adopt
2025-12-30 09:37:46 - matching_Balmis - DEBUG -     gz_id=1001786 'santa crus' score=1.000 nombre=False saint_only=False terr= phase=auto_adopt
2025-12-30 09:37:46 - matching_Balmis - DEBUG -     gz_id=1001786 'santa crus' score=1.000 nombre=False saint_only=False terr= phase=auto_adopt
2025-12-30 09:37:46 - matching_Balmis - DEBUG -     gz_id=7000128 'santa crus' score=1.000 nombre=False saint_only=False terr= phase=auto_adopt
2025-12-30 09:37:46 - matching_Balmis - DEBUG -     gz_id=7000128 'santa crus' score=1.000 nombre=False saint_only=False terr= phase=auto_adopt
2025-12-30 09:37:46 - matching_Balmis - DEBUG -     gz_id=7000128 'santa crus' score=1.000 nombre=False saint_only=False terr= phase=auto_adopt
2025-12-30 09:37:46 - matching_Balmis - DEBUG -     gz_id=1005200 'santa crus' score=1.000 nombre=False saint_only=False terr= phase=auto_adopt
2025-12-30 09:37:46 - matching_Balmis - DEBUG -     gz_id=1005200 'santa crus' score=1.000 nombre=False saint_only=False terr= phase=auto_adopt
2025-12-30 09:37:46 - matching_Balmis - DEBUG -     gz_id=1005263 'santa crus' score=1.000 nombre=False saint_only=False terr= phase=auto_adopt
2025-12-30 09:37:46 - matching_Balmis - DEBUG -     gz_id=1005263 'santa crus' score=1.000 nombre=False saint_only=False terr= phase=auto_adopt
2025-12-30 09:37:46 - matching_Balmis - DEBUG -     gz_id=8000009 'santa crus' score=1.000 nombre=False saint_only=False terr= phase=candidate
2025-12-30 09:37:46 - matching_Balmis - DEBUG -     gz_id=8000009 'santa crus' score=1.000 nombre=False saint_only=False terr= phase=candidate
2025-12-30 09:37:46 - matching_Balmis - DEBUG -     gz_id=1005509 'crus' score=1.000 nombre=False saint_only=False terr= phase=auto_adopt
2025-12-30 09:37:46 - matching_Balmis - DEBUG -     gz_id=5000829 'crus' score=1.000 nombre=False saint_only=False terr= phase=candidate
2025-12-30 09:37:46 - matching_Balmis - DEBUG -     gz_id=5000829 'crus' score=1.000 nombre=False saint_only=False terr= phase=candidate
2025-12-30 09:37:46 - matching_Balmis - DEBUG -     gz_id=5000829 'crus' score=1.000 nombre=False saint_only=False terr= phase=candidate
2025-12-30 09:37:46 - matching_Balmis - DEBUG -     gz_id=5000829 'crus' score=1.000 nombre=False saint_only=False terr= phase=candidate
2025-12-30 09:37:46 - matching_Balmis - DEBUG -     gz_id=1002412 'santa crus' score=1.000 nombre=False saint_only=False terr= phase=auto_adopt
2025-12-30 09:37:46 - matching_Balmis - DEBUG -     gz_id=1002412 'santa crus' score=1.000 nombre=False saint_only=False terr= phase=auto_adopt
2025-12-30 09:37:46 - matching_Balmis - DEBUG -     gz_id=1002462 'santa crus' score=1.000 nombre=False saint_only=False terr= phase=auto_adopt
2025-12-30 09:37:46 - matching_Balmis - DEBUG -     gz_id=1002462 'santa crus' score=1.000 nombre=False saint_only=False terr= phase=auto_adopt
2025-12-30 09:37:46 - matching_Balmis - DEBUG -     gz_id=1002612 'santa crus' score=1.000 nombre=False saint_only=False terr= phase=auto_adopt
2025-12-30 09:37:46 - matching_Balmis - DEBUG -     gz_id=1002612 'santa crus' score=1.000 nombre=False saint_only=False terr= phase=auto_adopt
2025-12-30 09:37:46 - matching_Balmis - DEBUG -     gz_id=5600159 'crus' score=1.000 nombre=False saint_only=False terr= phase=auto_adopt
2025-12-30 09:37:46 - matching_Balmis - DEBUG -     gz_id=5600159 'crus' score=1.000 nombre=False saint_only=False terr= phase=auto_adopt
2025-12-30 09:37:46 - matching_Balmis - DEBUG -     gz_id=5600159 'crus' score=1.000 nombre=False saint_only=False terr= phase=auto_adopt
2025-12-30 09:37:46 - matching_Balmis - DEBUG -     gz_id=1002690 'santa crus' score=1.000 nombre=False saint_only=False terr= phase=auto_adopt
2025-12-30 09:37:46 - matching_Balmis - DEBUG -     gz_id=1002690 'santa crus' score=1.000 nombre=False saint_only=False terr= phase=auto_adopt
2025-12-30 09:37:46 - matching_Balmis - DEBUG -     gz_id=5600207 'crus' score=1.000 nombre=False saint_only=False terr= phase=auto_adopt
2025-12-30 09:37:46 - matching_Balmis - DEBUG -     gz_id=5600207 'crus' score=1.000 nombre=False saint_only=False terr= phase=auto_adopt
2025-12-30 09:37:46 - matching_Balmis - DEBUG -     gz_id=5600207 'crus' score=1.000 nombre=False saint_only=False terr= phase=auto_adopt
2025-12-30 09:37:46 - matching_Balmis - DEBUG -     gz_id=1002826 'santa crus' score=1.000 nombre=False saint_only=False terr= phase=auto_adopt
2025-12-30 09:37:46 - matching_Balmis - DEBUG -     gz_id=1002826 'santa crus' score=1.000 nombre=False saint_only=False terr= phase=auto_adopt
2025-12-30 09:37:46 - matching_Balmis - DEBUG -     gz_id=8000680 'santa crus' score=1.000 nombre=False saint_only=False terr= phase=auto_adopt
2025-12-30 09:37:46 - matching_Balmis - DEBUG -     gz_id=8000680 'santa crus' score=1.000 nombre=False saint_only=False terr= phase=auto_adopt
2025-12-30 09:37:46 - matching_Balmis - DEBUG -     gz_id=8000680 'santa crus' score=1.000 nombre=False saint_only=False terr= phase=auto_adopt
2025-12-30 09:37:46 - matching_Balmis - DEBUG -     gz_id=1002912 'santa crus' score=1.000 nombre=False saint_only=False terr= phase=auto_adopt
2025-12-30 09:37:46 - matching_Balmis - DEBUG -     gz_id=1002912 'santa crus' score=1.000 nombre=False saint_only=False terr= phase=auto_adopt
2025-12-30 09:37:46 - matching_Balmis - DEBUG -     gz_id=9000191 'crus' score=1.000 nombre=False saint_only=False terr= phase=candidate
2025-12-30 09:37:46 - matching_Balmis - DEBUG -     gz_id=9000191 'crus' score=1.000 nombre=False saint_only=False terr= phase=candidate
2025-12-30 09:37:46 - matching_Balmis - DEBUG -     gz_id=9000191 'crus' score=1.000 nombre=False saint_only=False terr= phase=candidate
2025-12-30 09:37:46 - matching_Balmis - DEBUG -     gz_id=9000191 'crus' score=1.000 nombre=False saint_only=False terr= phase=candidate
2025-12-30 09:37:46 - matching_Balmis - DEBUG -     gz_id=9000191 'crus' score=1.000 nombre=False saint_only=False terr= phase=candidate
2025-12-30 09:37:46 - matching_Balmis - DEBUG -     gz_id=9000191 'crus' score=1.000 nombre=False saint_only=False terr= phase=candidate
2025-12-30 09:37:46 - matching_Balmis - DEBUG -     gz_id=5600450 'crus' score=1.000 nombre=False saint_only=False terr= phase=auto_adopt
2025-12-30 09:37:46 - matching_Balmis - DEBUG -     gz_id=5600450 'crus' score=1.000 nombre=False saint_only=False terr= phase=auto_adopt
2025-12-30 09:37:46 - matching_Balmis - DEBUG -     gz_id=5600450 'crus' score=1.000 nombre=False saint_only=False terr= phase=auto_adopt
2025-12-30 09:37:46 - matching_Balmis - DEBUG -     gz_id=9000191 'crus' score=1.000 nombre=False saint_only=False terr= phase=candidate
2025-12-30 09:37:46 - matching_Balmis - DEBUG -     gz_id=1001438 'santa crus monte' score=0.897 nombre=False saint_only=False terr= phase=candidate
2025-12-30 09:37:46 - matching_Balmis - DEBUG -     gz_id=1001438 'santa crus monte' score=0.897 nombre=False saint_only=False terr= phase=candidate
2025-12-30 09:37:46 - matching_Balmis - DEBUG -     gz_id=9000023 'santa fe' score=0.857 nombre=False saint_only=False terr= phase=candidate
2025-12-30 09:37:46 - matching_Balmis - DEBUG -     gz_id=9000023 'santa fe' score=0.857 nombre=False saint_only=False terr= phase=candidate
2025-12-30 09:37:46 - matching_Balmis - DEBUG -     gz_id=9000023 'santa fe' score=0.857 nombre=False saint_only=False terr= phase=candidate
2025-12-30 09:37:46 - matching_Balmis - DEBUG -     gz_id=3000331 'san carlos tenerife' score=1.000 nombre=False saint_only=False terr= phase=candidate
2025-12-30 09:37:46 - matching_Balmis - DEBUG -     gz_id=3000331 'san carlos tenerife' score=1.000 nombre=False saint_only=False terr= phase=candidate
2025-12-30 09:37:46 - matching_Balmis - DEBUG -     gz_id=1003094 'santa crus nueba' score=0.839 nombre=False saint_only=False terr= phase=relegated
2025-12-30 09:37:46 - matching_Balmis - DEBUG -     gz_id=1003094 'santa crus nueba' score=0.839 nombre=False saint_only=False terr= phase=relegated
2025-12-30 09:37:46 - matching_Balmis - DEBUG -     gz_id=6000938 'santa crus balle' score=0.828 nombre=False saint_only=False terr= phase=relegated
2025-12-30 09:37:46 - matching_Balmis - DEBUG -     gz_id=6000938 'santa crus balle' score=0.828 nombre=False saint_only=False terr= phase=relegated
2025-12-30 09:37:46 - matching_Balmis - DEBUG -     gz_id=5600304 'santa crus mumus' score=0.815 nombre=False saint_only=False terr= phase=relegated
2025-12-30 09:37:46 - matching_Balmis - DEBUG -     gz_id=5600304 'santa crus mumus' score=0.815 nombre=False saint_only=False terr= phase=relegated
2025-12-30 09:37:46 - matching_Balmis - DEBUG -     gz_id=3000065 'santa crus pinos' score=0.815 nombre=False saint_only=False terr= phase=relegated
2025-12-30 09:37:46 - matching_Balmis - DEBUG -     gz_id=3000065 'santa crus pinos' score=0.815 nombre=False saint_only=False terr= phase=relegated
2025-12-30 09:37:46 - matching_Balmis - DEBUG -     gz_id=3000065 'santa crus pinos' score=0.815 nombre=False saint_only=False terr= phase=relegated
2025-12-30 09:37:46 - matching_Balmis - DEBUG -     gz_id=3000065 'santa crus pinos' score=0.815 nombre=False saint_only=False terr= phase=relegated
2025-12-30 09:37:46 - matching_Balmis - DEBUG -     gz_id=1005246 'santa crus rejistro' score=0.812 nombre=False saint_only=False terr= phase=relegated
2025-12-30 09:37:46 - matching_Balmis - DEBUG -     gz_id=1005246 'santa crus rejistro' score=0.812 nombre=False saint_only=False terr= phase=relegated
2025-12-30 09:37:46 - matching_Balmis - DEBUG -     gz_id=2000189 'santa crus quiche' score=0.800 nombre=False saint_only=False terr= phase=relegated
2025-12-30 09:37:46 - matching_Balmis - DEBUG -     gz_id=1000546 'santa crus cocula' score=0.786 nombre=False saint_only=False terr= phase=relegated
2025-12-30 09:37:46 - matching_Balmis - DEBUG -     gz_id=1000546 'santa crus cocula' score=0.786 nombre=False saint_only=False terr= phase=relegated
2025-12-30 09:37:46 - matching_Balmis - DEBUG -     gz_id=2000390 'santa crus lahuna' score=0.786 nombre=False saint_only=False terr= phase=relegated
2025-12-30 09:37:46 - matching_Balmis - DEBUG -     gz_id=1000555 'santa crus soledad' score=0.774 nombre=False saint_only=False terr= phase=relegated
2025-12-30 09:37:46 - matching_Balmis - DEBUG -     gz_id=1000555 'santa crus soledad' score=0.774 nombre=False saint_only=False terr= phase=relegated
2025-12-30 09:37:46 - matching_Balmis - DEBUG -     gz_id=1004130 'santa crus tlaxcala' score=0.774 nombre=False saint_only=False terr= phase=relegated
2025-12-30 09:37:46 - matching_Balmis - DEBUG -     gz_id=1004130 'santa crus tlaxcala' score=0.774 nombre=False saint_only=False terr= phase=relegated
2025-12-30 09:37:46 - matching_Balmis - DEBUG -     gz_id=1004130 'santa crus tlaxcala' score=0.774 nombre=False saint_only=False terr= phase=relegated
2025-12-30 09:37:46 - matching_Balmis - DEBUG -     gz_id=1005415 'santa crus urrecha' score=0.774 nombre=False saint_only=False terr= phase=relegated
2025-12-30 09:37:46 - matching_Balmis - DEBUG -     gz_id=1005415 'santa crus urrecha' score=0.774 nombre=False saint_only=False terr= phase=relegated
2025-12-30 09:37:46 - matching_Balmis - DEBUG -     gz_id=1005415 'santa crus urrecha' score=0.774 nombre=False saint_only=False terr= phase=relegated
2025-12-30 09:37:46 - matching_Balmis - DEBUG -     gz_id=9900144 'santa juana crus' score=0.769 nombre=False saint_only=False terr= phase=relegated
2025-12-30 09:37:46 - matching_Balmis - DEBUG -     gz_id=9900144 'santa juana crus' score=0.769 nombre=False saint_only=False terr= phase=relegated
2025-12-30 09:37:46 - matching_Balmis - DEBUG -     gz_id=9900144 'santa juana crus' score=0.769 nombre=False saint_only=False terr= phase=relegated
2025-12-30 09:37:46 - matching_Balmis - DEBUG -     gz_id=9900144 'santa juana crus' score=0.769 nombre=False saint_only=False terr= phase=relegated
2025-12-30 09:37:46 - matching_Balmis - DEBUG -     gz_id=9900144 'santa juana crus' score=0.769 nombre=False saint_only=False terr= phase=relegated
2025-12-30 09:37:46 - matching_Balmis - DEBUG -     gz_id=9900144 'santa juana crus' score=0.769 nombre=False saint_only=False terr= phase=relegated
2025-12-30 09:37:46 - matching_Balmis - DEBUG -     gz_id=9900844 'balle santa crus' score=0.769 nombre=False saint_only=False terr= phase=relegated
2025-12-30 09:37:46 - matching_Balmis - DEBUG -     gz_id=9900844 'balle santa crus' score=0.769 nombre=False saint_only=False terr= phase=relegated
2025-12-30 09:37:46 - matching_Balmis - DEBUG -     gz_id=9900844 'balle santa crus' score=0.769 nombre=False saint_only=False terr= phase=relegated
2025-12-30 09:37:46 - matching_Balmis - DEBUG -     gz_id=9900844 'balle santa crus' score=0.769 nombre=False saint_only=False terr= phase=relegated
2025-12-30 09:37:46 - matching_Balmis - DEBUG -     gz_id=9900844 'balle santa crus' score=0.769 nombre=False saint_only=False terr= phase=relegated
2025-12-30 09:37:46 - matching_Balmis - DEBUG -     gz_id=9000733 'canada crus' score=0.762 nombre=False saint_only=False terr= phase=relegated
2025-12-30 09:37:46 - matching_Balmis - DEBUG -     gz_id=9000733 'canada crus' score=0.762 nombre=False saint_only=False terr= phase=relegated
2025-12-30 09:37:46 - matching_Balmis - DEBUG -     gz_id=9000733 'canada crus' score=0.762 nombre=False saint_only=False terr= phase=relegated
2025-12-30 09:37:46 - matching_Balmis - DEBUG -     gz_id=1002241 'santa crus mixtepec' score=0.757 nombre=False saint_only=False terr= phase=relegated
2025-12-30 09:37:46 - matching_Balmis - DEBUG -     gz_id=1002241 'santa crus mixtepec' score=0.757 nombre=False saint_only=False terr= phase=relegated
2025-12-30 09:37:46 - matching_Balmis - DEBUG -     gz_id=5000198 'cana' score=0.757 nombre=False saint_only=False terr= phase=relegated
2025-12-30 09:37:46 - matching_Balmis - DEBUG -     gz_id=5000198 'cana' score=0.757 nombre=False saint_only=False terr= phase=relegated
2025-12-30 09:37:46 - matching_Balmis - DEBUG -     gz_id=5000198 'cana' score=0.757 nombre=False saint_only=False terr= phase=relegated
2025-12-30 09:37:46 - matching_Balmis - DEBUG -     gz_id=5000198 'cana' score=0.757 nombre=False saint_only=False terr= phase=relegated
2025-12-30 09:37:46 - matching_Balmis - DEBUG -     gz_id=5000198 'cana' score=0.757 nombre=False saint_only=False terr= phase=relegated
2025-12-30 09:37:46 - matching_Balmis - DEBUG -     gz_id=1002564 'santa crus jilotepec' score=0.750 nombre=False saint_only=False terr= phase=relegated
2025-12-30 09:37:46 - matching_Balmis - DEBUG -     gz_id=1002564 'santa crus jilotepec' score=0.750 nombre=False saint_only=False terr= phase=relegated
2025-12-30 09:37:46 - matching_Balmis - DEBUG -     gz_id=1002564 'santa crus jilotepec' score=0.750 nombre=False saint_only=False terr= phase=relegated
2025-12-30 09:37:46 - matching_Balmis - DEBUG -     gz_id=4000437 'santa crus monte calbario' score=0.743 nombre=False saint_only=False terr= phase=relegated
2025-12-30 09:37:46 - matching_Balmis - DEBUG -     gz_id=4000437 'santa crus monte calbario' score=0.743 nombre=False saint_only=False terr= phase=relegated
2025-12-30 09:37:46 - matching_Balmis - DEBUG -     gz_id=4000437 'santa crus monte calbario' score=0.743 nombre=False saint_only=False terr= phase=relegated
2025-12-30 09:37:46 - matching_Balmis - DEBUG -     gz_id=4000437 'santa crus monte calbario' score=0.743 nombre=False saint_only=False terr= phase=relegated
2025-12-30 09:37:46 - matching_Balmis - DEBUG -     gz_id=1002518 'santa crus osolotepec' score=0.733 nombre=False saint_only=False terr= phase=relegated
2025-12-30 09:37:46 - matching_Balmis - DEBUG -     gz_id=1002518 'santa crus osolotepec' score=0.733 nombre=False saint_only=False terr= phase=relegated
2025-12-30 09:37:46 - matching_Balmis - DEBUG -     gz_id=8000403 'santa crus balle ameno' score=0.733 nombre=False saint_only=False terr= phase=relegated
2025-12-30 09:37:46 - matching_Balmis - DEBUG -     gz_id=8000403 'santa crus balle ameno' score=0.733 nombre=False saint_only=False terr= phase=relegated
2025-12-30 09:37:46 - matching_Balmis - DEBUG -     gz_id=8000403 'santa crus balle ameno' score=0.733 nombre=False saint_only=False terr= phase=relegated
2025-12-30 09:37:46 - matching_Balmis - DEBUG -     gz_id=8000403 'santa crus balle ameno' score=0.733 nombre=False saint_only=False terr= phase=relegated
2025-12-30 09:37:46 - matching_Balmis - DEBUG -     gz_id=7000376 'san cebastian crus' score=0.714 nombre=False saint_only=False terr= phase=relegated
2025-12-30 09:37:46 - matching_Balmis - DEBUG -     gz_id=7000376 'san cebastian crus' score=0.714 nombre=False saint_only=False terr= phase=relegated
2025-12-30 09:37:46 - matching_Balmis - DEBUG -     gz_id=7000376 'san cebastian crus' score=0.714 nombre=False saint_only=False terr= phase=relegated
2025-12-30 09:37:46 - matching_Balmis - INFO -   Before dedup: 197 candidates
2025-12-30 09:37:46 - matching_Balmis - INFO -   After dedup: 70 unique gz_ids
2025-12-30 09:37:46 - matching_Balmis - INFO -   Nombre matches (exact on lugar_nombre): 0
2025-12-30 09:37:46 - matching_Balmis - INFO -   Saint-only matches: 0
2025-12-30 09:37:46 - matching_Balmis - INFO -   Substantive matches: 70
2025-12-30 09:37:46 - matching_Balmis - INFO -   Input has territorial data: True
2025-12-30 09:37:46 - matching_Balmis - INFO -   Candidates with territory match: 0
2025-12-30 09:37:46 - matching_Balmis - INFO -   No territorial filtering applied (no matching territories found)
2025-12-30 09:37:46 - matching_Balmis - INFO -   Auto-adopt candidates: 0
2025-12-30 09:37:46 - matching_Balmis - INFO -   Valid candidates (phase=candidate): 6
2025-12-30 09:37:46 - matching_Balmis - INFO - 
============================================================
2025-12-30 09:37:46 - matching_Balmis - INFO - Processing rowID=3: 'San Juan' -> cleaned: 'san juan'
2025-12-30 09:37:46 - matching_Balmis - INFO -   Token-based candidates: 12308
2025-12-30 09:37:46 - matching_Balmis - INFO -   Filtering: need match on substantive tokens: ['juan'] OR 2+ total tokens
2025-12-30 09:37:48 - matching_Balmis - INFO -   After filtering weak token matches: 1581 candidates
2025-12-30 09:37:48 - matching_Balmis - INFO -   Fuzzy matches (score >= 70, limit=500): 364
2025-12-30 09:37:48 - matching_Balmis - DEBUG -     gz_id=9000235 'rio san juan' score=1.000 nombre=False saint_only=True terr= phase=auto_adopt
2025-12-30 09:37:48 - matching_Balmis - DEBUG -     gz_id=9000235 'rio san juan' score=1.000 nombre=False saint_only=True terr= phase=auto_adopt
2025-12-30 09:37:48 - matching_Balmis - DEBUG -     gz_id=9000235 'rio san juan' score=1.000 nombre=False saint_only=True terr= phase=auto_adopt
2025-12-30 09:37:48 - matching_Balmis - DEBUG -     gz_id=9000235 'rio san juan' score=1.000 nombre=False saint_only=True terr= phase=auto_adopt
2025-12-30 09:37:48 - matching_Balmis - DEBUG -     gz_id=9000235 'rio san juan' score=1.000 nombre=False saint_only=True terr= phase=auto_adopt
2025-12-30 09:37:48 - matching_Balmis - DEBUG -     gz_id=1000045 'san juan rio' score=1.000 nombre=False saint_only=True terr= phase=auto_adopt
2025-12-30 09:37:48 - matching_Balmis - DEBUG -     gz_id=1000045 'san juan rio' score=1.000 nombre=False saint_only=True terr= phase=auto_adopt
2025-12-30 09:37:48 - matching_Balmis - DEBUG -     gz_id=1000183 'san juan llanos' score=1.000 nombre=False saint_only=True terr= phase=auto_adopt
2025-12-30 09:37:48 - matching_Balmis - DEBUG -     gz_id=1000183 'san juan llanos' score=1.000 nombre=False saint_only=True terr= phase=auto_adopt
2025-12-30 09:37:48 - matching_Balmis - DEBUG -     gz_id=1000307 'san juan' score=1.000 nombre=True saint_only=False terr= phase=auto_adopt
2025-12-30 09:37:48 - matching_Balmis - DEBUG -     gz_id=1000307 'san juan' score=1.000 nombre=True saint_only=False terr= phase=auto_adopt
2025-12-30 09:37:48 - matching_Balmis - DEBUG -     gz_id=1000307 'san juan' score=1.000 nombre=True saint_only=False terr= phase=auto_adopt
2025-12-30 09:37:48 - matching_Balmis - DEBUG -     gz_id=1000307 'san juan' score=1.000 nombre=True saint_only=False terr= phase=auto_adopt
2025-12-30 09:37:48 - matching_Balmis - DEBUG -     gz_id=1000401 'san juan' score=1.000 nombre=True saint_only=False terr= phase=auto_adopt
2025-12-30 09:37:48 - matching_Balmis - DEBUG -     gz_id=1000401 'san juan' score=1.000 nombre=True saint_only=False terr= phase=auto_adopt
2025-12-30 09:37:48 - matching_Balmis - DEBUG -     gz_id=9000699 'barrio san juan bautista' score=1.000 nombre=False saint_only=True terr= phase=auto_adopt
2025-12-30 09:37:48 - matching_Balmis - DEBUG -     gz_id=1000466 'san juan' score=1.000 nombre=True saint_only=False terr= phase=auto_adopt
2025-12-30 09:37:48 - matching_Balmis - DEBUG -     gz_id=1000466 'san juan' score=1.000 nombre=True saint_only=False terr= phase=auto_adopt
2025-12-30 09:37:48 - matching_Balmis - DEBUG -     gz_id=9000721 'san juan nepomuceno' score=1.000 nombre=False saint_only=True terr= phase=auto_adopt
2025-12-30 09:37:48 - matching_Balmis - DEBUG -     gz_id=9000721 'san juan nepomuceno' score=1.000 nombre=False saint_only=True terr= phase=auto_adopt
2025-12-30 09:37:48 - matching_Balmis - DEBUG -     gz_id=9000721 'san juan nepomuceno' score=1.000 nombre=False saint_only=True terr= phase=auto_adopt
2025-12-30 09:37:48 - matching_Balmis - DEBUG -     gz_id=9000721 'san juan nepomuceno' score=1.000 nombre=False saint_only=True terr= phase=auto_adopt
2025-12-30 09:37:48 - matching_Balmis - DEBUG -     gz_id=9000752 'san juan nepomuceno' score=1.000 nombre=False saint_only=True terr= phase=auto_adopt
2025-12-30 09:37:48 - matching_Balmis - DEBUG -     gz_id=1000514 'san juan bautista lahuna' score=1.000 nombre=False saint_only=True terr= phase=auto_adopt
2025-12-30 09:37:48 - matching_Balmis - DEBUG -     gz_id=1000514 'san juan bautista lahuna' score=1.000 nombre=False saint_only=True terr= phase=auto_adopt
2025-12-30 09:37:48 - matching_Balmis - DEBUG -     gz_id=1000515 'san juan lagos' score=1.000 nombre=False saint_only=True terr= phase=auto_adopt
2025-12-30 09:37:48 - matching_Balmis - DEBUG -     gz_id=1000515 'san juan lagos' score=1.000 nombre=False saint_only=True terr= phase=auto_adopt
2025-12-30 09:37:48 - matching_Balmis - DEBUG -     gz_id=9900048 'san juan paio' score=1.000 nombre=False saint_only=True terr= phase=auto_adopt
2025-12-30 09:37:48 - matching_Balmis - DEBUG -     gz_id=9900048 'san juan paio' score=1.000 nombre=False saint_only=True terr= phase=auto_adopt
2025-12-30 09:37:48 - matching_Balmis - DEBUG -     gz_id=9900048 'san juan paio' score=1.000 nombre=False saint_only=True terr= phase=auto_adopt
2025-12-30 09:37:48 - matching_Balmis - DEBUG -     gz_id=1000603 'san juan' score=1.000 nombre=True saint_only=False terr= phase=auto_adopt
2025-12-30 09:37:48 - matching_Balmis - DEBUG -     gz_id=1000603 'san juan' score=1.000 nombre=True saint_only=False terr= phase=auto_adopt
2025-12-30 09:37:48 - matching_Balmis - DEBUG -     gz_id=1000633 'san juan amula' score=1.000 nombre=False saint_only=True terr= phase=auto_adopt
2025-12-30 09:37:48 - matching_Balmis - DEBUG -     gz_id=1000633 'san juan amula' score=1.000 nombre=False saint_only=True terr= phase=auto_adopt
2025-12-30 09:37:48 - matching_Balmis - DEBUG -     gz_id=1000668 'san juan presa' score=1.000 nombre=False saint_only=True terr= phase=auto_adopt
2025-12-30 09:37:48 - matching_Balmis - DEBUG -     gz_id=1000668 'san juan presa' score=1.000 nombre=False saint_only=True terr= phase=auto_adopt
2025-12-30 09:37:48 - matching_Balmis - DEBUG -     gz_id=1000669 'san juan bega' score=1.000 nombre=False saint_only=True terr= phase=auto_adopt
2025-12-30 09:37:48 - matching_Balmis - DEBUG -     gz_id=1000669 'san juan bega' score=1.000 nombre=False saint_only=True terr= phase=auto_adopt
2025-12-30 09:37:48 - matching_Balmis - DEBUG -     gz_id=1000709 'san juan solis' score=1.000 nombre=False saint_only=True terr= phase=auto_adopt
2025-12-30 09:37:48 - matching_Balmis - DEBUG -     gz_id=1000709 'san juan solis' score=1.000 nombre=False saint_only=True terr= phase=auto_adopt
2025-12-30 09:37:48 - matching_Balmis - DEBUG -     gz_id=9900271 'san juan' score=1.000 nombre=True saint_only=False terr= phase=auto_adopt
2025-12-30 09:37:48 - matching_Balmis - DEBUG -     gz_id=1001046 'san juan' score=1.000 nombre=True saint_only=False terr= phase=auto_adopt
2025-12-30 09:37:48 - matching_Balmis - DEBUG -     gz_id=1001046 'san juan' score=1.000 nombre=True saint_only=False terr= phase=auto_adopt
2025-12-30 09:37:48 - matching_Balmis - DEBUG -     gz_id=1001081 'san juan bautista' score=1.000 nombre=False saint_only=True terr= phase=auto_adopt
2025-12-30 09:37:48 - matching_Balmis - DEBUG -     gz_id=1001081 'san juan bautista' score=1.000 nombre=False saint_only=True terr= phase=auto_adopt
2025-12-30 09:37:48 - matching_Balmis - DEBUG -     gz_id=1001120 'san juan mansanas' score=1.000 nombre=False saint_only=True terr= phase=auto_adopt
2025-12-30 09:37:48 - matching_Balmis - DEBUG -     gz_id=1001120 'san juan mansanas' score=1.000 nombre=False saint_only=True terr= phase=auto_adopt
2025-12-30 09:37:48 - matching_Balmis - DEBUG -     gz_id=1001121 'san juan jarros' score=1.000 nombre=False saint_only=True terr= phase=auto_adopt
2025-12-30 09:37:48 - matching_Balmis - DEBUG -     gz_id=1001121 'san juan jarros' score=1.000 nombre=False saint_only=True terr= phase=auto_adopt
2025-12-30 09:37:48 - matching_Balmis - DEBUG -     gz_id=1001191 'san juan bautista' score=1.000 nombre=False saint_only=True terr= phase=auto_adopt
2025-12-30 09:37:48 - matching_Balmis - DEBUG -     gz_id=1001191 'san juan bautista' score=1.000 nombre=False saint_only=True terr= phase=auto_adopt
2025-12-30 09:37:48 - matching_Balmis - DEBUG -     gz_id=1001191 'san juan bautista' score=1.000 nombre=False saint_only=True terr= phase=auto_adopt
2025-12-30 09:37:48 - matching_Balmis - DEBUG -     gz_id=9900840 'san juan' score=1.000 nombre=True saint_only=False terr= phase=auto_adopt
2025-12-30 09:37:48 - matching_Balmis - DEBUG -     gz_id=9900840 'san juan' score=1.000 nombre=True saint_only=False terr= phase=auto_adopt
2025-12-30 09:37:48 - matching_Balmis - DEBUG -     gz_id=9900913 'san juan capistrano' score=1.000 nombre=False saint_only=True terr= phase=auto_adopt
2025-12-30 09:37:48 - matching_Balmis - DEBUG -     gz_id=9900923 'san juan' score=1.000 nombre=False saint_only=True terr= phase=auto_adopt
2025-12-30 09:37:48 - matching_Balmis - DEBUG -     gz_id=1001401 'san juan rio' score=1.000 nombre=False saint_only=True terr= phase=auto_adopt
2025-12-30 09:37:48 - matching_Balmis - DEBUG -     gz_id=1001401 'san juan rio' score=1.000 nombre=False saint_only=True terr= phase=auto_adopt
2025-12-30 09:37:48 - matching_Balmis - DEBUG -     gz_id=9901214 'san juan bautista' score=1.000 nombre=False saint_only=True terr= phase=auto_adopt
2025-12-30 09:37:48 - matching_Balmis - DEBUG -     gz_id=9901214 'san juan bautista' score=1.000 nombre=False saint_only=True terr= phase=auto_adopt
2025-12-30 09:37:48 - matching_Balmis - DEBUG -     gz_id=9901218 'san juan bautista' score=1.000 nombre=False saint_only=True terr= phase=auto_adopt
2025-12-30 09:37:48 - matching_Balmis - DEBUG -     gz_id=9901218 'san juan bautista' score=1.000 nombre=False saint_only=True terr= phase=auto_adopt
2025-12-30 09:37:48 - matching_Balmis - DEBUG -     gz_id=1001710 'san juan bautista' score=1.000 nombre=False saint_only=True terr= phase=auto_adopt
2025-12-30 09:37:48 - matching_Balmis - DEBUG -     gz_id=1001710 'san juan bautista' score=1.000 nombre=False saint_only=True terr= phase=auto_adopt
2025-12-30 09:37:48 - matching_Balmis - DEBUG -     gz_id=1001710 'san juan bautista' score=1.000 nombre=False saint_only=True terr= phase=auto_adopt
2025-12-30 09:37:48 - matching_Balmis - DEBUG -     gz_id=1001710 'san juan bautista' score=1.000 nombre=False saint_only=True terr= phase=auto_adopt
2025-12-30 09:37:48 - matching_Balmis - DEBUG -     gz_id=9901308 'san juan' score=1.000 nombre=False saint_only=True terr= phase=auto_adopt
2025-12-30 09:37:48 - matching_Balmis - DEBUG -     gz_id=9901308 'san juan' score=1.000 nombre=False saint_only=True terr= phase=auto_adopt
2025-12-30 09:37:48 - matching_Balmis - DEBUG -     gz_id=9901308 'san juan' score=1.000 nombre=False saint_only=True terr= phase=auto_adopt
2025-12-30 09:37:48 - matching_Balmis - DEBUG -     gz_id=1001771 'san juan' score=1.000 nombre=False saint_only=True terr= phase=auto_adopt
2025-12-30 09:37:48 - matching_Balmis - DEBUG -     gz_id=1001771 'san juan' score=1.000 nombre=False saint_only=True terr= phase=auto_adopt
2025-12-30 09:37:48 - matching_Balmis - DEBUG -     gz_id=1001772 'san juan' score=1.000 nombre=False saint_only=True terr= phase=auto_adopt
2025-12-30 09:37:48 - matching_Balmis - DEBUG -     gz_id=1001772 'san juan' score=1.000 nombre=False saint_only=True terr= phase=auto_adopt
2025-12-30 09:37:48 - matching_Balmis - DEBUG -     gz_id=1001905 'san juan bautista sacualpan' score=1.000 nombre=False saint_only=True terr= phase=auto_adopt
2025-12-30 09:37:48 - matching_Balmis - DEBUG -     gz_id=1001905 'san juan bautista sacualpan' score=1.000 nombre=False saint_only=True terr= phase=auto_adopt
2025-12-30 09:37:48 - matching_Balmis - DEBUG -     gz_id=1001944 'san juan platanos' score=1.000 nombre=False saint_only=True terr= phase=auto_adopt
2025-12-30 09:37:48 - matching_Balmis - DEBUG -     gz_id=1001944 'san juan platanos' score=1.000 nombre=False saint_only=True terr= phase=auto_adopt
2025-12-30 09:37:48 - matching_Balmis - DEBUG -     gz_id=1001944 'san juan platanos' score=1.000 nombre=False saint_only=True terr= phase=auto_adopt
2025-12-30 09:37:48 - matching_Balmis - DEBUG -     gz_id=1002012 'san juan periban' score=1.000 nombre=False saint_only=True terr= phase=auto_adopt
2025-12-30 09:37:48 - matching_Balmis - DEBUG -     gz_id=1002012 'san juan periban' score=1.000 nombre=False saint_only=True terr= phase=auto_adopt
2025-12-30 09:37:48 - matching_Balmis - DEBUG -     gz_id=1002266 'san juan sosola' score=1.000 nombre=False saint_only=True terr= phase=auto_adopt
2025-12-30 09:37:48 - matching_Balmis - DEBUG -     gz_id=1002266 'san juan sosola' score=1.000 nombre=False saint_only=True terr= phase=auto_adopt
2025-12-30 09:37:48 - matching_Balmis - DEBUG -     gz_id=1002286 'barrio san juan dios' score=1.000 nombre=False saint_only=True terr= phase=auto_adopt
2025-12-30 09:37:48 - matching_Balmis - DEBUG -     gz_id=1002286 'barrio san juan dios' score=1.000 nombre=False saint_only=True terr= phase=auto_adopt
2025-12-30 09:37:48 - matching_Balmis - DEBUG -     gz_id=1002286 'barrio san juan dios' score=1.000 nombre=False saint_only=True terr= phase=auto_adopt
2025-12-30 09:37:48 - matching_Balmis - DEBUG -     gz_id=1002286 'barrio san juan dios' score=1.000 nombre=False saint_only=True terr= phase=auto_adopt
2025-12-30 09:37:48 - matching_Balmis - DEBUG -     gz_id=1002409 'san juan rei' score=1.000 nombre=False saint_only=True terr= phase=auto_adopt
2025-12-30 09:37:48 - matching_Balmis - DEBUG -     gz_id=1002409 'san juan rei' score=1.000 nombre=False saint_only=True terr= phase=auto_adopt
2025-12-30 09:37:48 - matching_Balmis - DEBUG -     gz_id=1002443 'san juan jicaian' score=1.000 nombre=False saint_only=True terr= phase=auto_adopt
2025-12-30 09:37:48 - matching_Balmis - DEBUG -     gz_id=1002443 'san juan jicaian' score=1.000 nombre=False saint_only=True terr= phase=auto_adopt
2025-12-30 09:37:48 - matching_Balmis - DEBUG -     gz_id=1002526 'san juan bautista osolotepec' score=1.000 nombre=False saint_only=True terr= phase=auto_adopt
2025-12-30 09:37:48 - matching_Balmis - DEBUG -     gz_id=1002526 'san juan bautista osolotepec' score=1.000 nombre=False saint_only=True terr= phase=auto_adopt
2025-12-30 09:37:48 - matching_Balmis - DEBUG -     gz_id=1002533 'san juan ebanjelista' score=1.000 nombre=False saint_only=True terr= phase=auto_adopt
2025-12-30 09:37:48 - matching_Balmis - DEBUG -     gz_id=1002533 'san juan ebanjelista' score=1.000 nombre=False saint_only=True terr= phase=auto_adopt
2025-12-30 09:37:48 - matching_Balmis - DEBUG -     gz_id=1002579 'san juan mixtepec' score=1.000 nombre=False saint_only=True terr= phase=auto_adopt
2025-12-30 09:37:48 - matching_Balmis - DEBUG -     gz_id=1002579 'san juan mixtepec' score=1.000 nombre=False saint_only=True terr= phase=auto_adopt
2025-12-30 09:37:48 - matching_Balmis - DEBUG -     gz_id=1002684 'san juan cues' score=1.000 nombre=False saint_only=True terr= phase=auto_adopt
2025-12-30 09:37:48 - matching_Balmis - DEBUG -     gz_id=1002684 'san juan cues' score=1.000 nombre=False saint_only=True terr= phase=auto_adopt
2025-12-30 09:37:48 - matching_Balmis - DEBUG -     gz_id=1002713 'san juan rio' score=1.000 nombre=False saint_only=True terr= phase=auto_adopt
2025-12-30 09:37:48 - matching_Balmis - DEBUG -     gz_id=1002713 'san juan rio' score=1.000 nombre=False saint_only=True terr= phase=auto_adopt
2025-12-30 09:37:48 - matching_Balmis - DEBUG -     gz_id=1002788 'san juan ixtaltepec' score=1.000 nombre=False saint_only=True terr= phase=auto_adopt
2025-12-30 09:37:48 - matching_Balmis - DEBUG -     gz_id=1002788 'san juan ixtaltepec' score=1.000 nombre=False saint_only=True terr= phase=auto_adopt
2025-12-30 09:37:48 - matching_Balmis - DEBUG -     gz_id=1003074 'san juan bautista sola' score=1.000 nombre=False saint_only=True terr= phase=auto_adopt
2025-12-30 09:37:48 - matching_Balmis - DEBUG -     gz_id=1003074 'san juan bautista sola' score=1.000 nombre=False saint_only=True terr= phase=auto_adopt
2025-12-30 09:37:48 - matching_Balmis - DEBUG -     gz_id=1003080 'san juan teitipac' score=1.000 nombre=False saint_only=True terr= phase=auto_adopt
2025-12-30 09:37:48 - matching_Balmis - DEBUG -     gz_id=1003080 'san juan teitipac' score=1.000 nombre=False saint_only=True terr= phase=auto_adopt
2025-12-30 09:37:48 - matching_Balmis - DEBUG -     gz_id=1003159 'san juan rio' score=1.000 nombre=False saint_only=True terr= phase=auto_adopt
2025-12-30 09:37:48 - matching_Balmis - DEBUG -     gz_id=1003159 'san juan rio' score=1.000 nombre=False saint_only=True terr= phase=auto_adopt
2025-12-30 09:37:48 - matching_Balmis - DEBUG -     gz_id=9900048 'san juan paio' score=1.000 nombre=False saint_only=True terr= phase=auto_adopt
2025-12-30 09:37:48 - matching_Balmis - DEBUG -     gz_id=9900048 'san juan paio' score=1.000 nombre=False saint_only=True terr= phase=auto_adopt
2025-12-30 09:37:48 - matching_Balmis - DEBUG -     gz_id=9900048 'san juan paio' score=1.000 nombre=False saint_only=True terr= phase=auto_adopt
2025-12-30 09:37:48 - matching_Balmis - DEBUG -     gz_id=9900048 'san juan paio' score=1.000 nombre=False saint_only=True terr= phase=auto_adopt
2025-12-30 09:37:48 - matching_Balmis - DEBUG -     gz_id=1003856 'san juan' score=1.000 nombre=True saint_only=False terr= phase=auto_adopt
2025-12-30 09:37:48 - matching_Balmis - DEBUG -     gz_id=1003856 'san juan' score=1.000 nombre=True saint_only=False terr= phase=auto_adopt
2025-12-30 09:37:48 - matching_Balmis - DEBUG -     gz_id=1003856 'san juan' score=1.000 nombre=True saint_only=False terr= phase=auto_adopt
2025-12-30 09:37:48 - matching_Balmis - DEBUG -     gz_id=1003856 'san juan' score=1.000 nombre=True saint_only=False terr= phase=auto_adopt
2025-12-30 09:37:48 - matching_Balmis - DEBUG -     gz_id=1004180 'san juan punta' score=1.000 nombre=False saint_only=True terr= phase=auto_adopt
2025-12-30 09:37:48 - matching_Balmis - DEBUG -     gz_id=1004180 'san juan punta' score=1.000 nombre=False saint_only=True terr= phase=auto_adopt
2025-12-30 09:37:48 - matching_Balmis - DEBUG -     gz_id=1004207 'san juan rio' score=1.000 nombre=False saint_only=True terr= phase=auto_adopt
2025-12-30 09:37:48 - matching_Balmis - DEBUG -     gz_id=1004207 'san juan rio' score=1.000 nombre=False saint_only=True terr= phase=auto_adopt
2025-12-30 09:37:48 - matching_Balmis - DEBUG -     gz_id=1004294 'san juan miahuatlan' score=1.000 nombre=False saint_only=True terr= phase=auto_adopt
2025-12-30 09:37:48 - matching_Balmis - DEBUG -     gz_id=1004294 'san juan miahuatlan' score=1.000 nombre=False saint_only=True terr= phase=auto_adopt
2025-12-30 09:37:48 - matching_Balmis - DEBUG -     gz_id=1004615 'san juan bautista mesquital' score=1.000 nombre=False saint_only=True terr= phase=auto_adopt
2025-12-30 09:37:48 - matching_Balmis - DEBUG -     gz_id=1004615 'san juan bautista mesquital' score=1.000 nombre=False saint_only=True terr= phase=auto_adopt
2025-12-30 09:37:48 - matching_Balmis - DEBUG -     gz_id=1004615 'san juan bautista mesquital' score=1.000 nombre=False saint_only=True terr= phase=auto_adopt
2025-12-30 09:37:48 - matching_Balmis - DEBUG -     gz_id=1004615 'san juan bautista mesquital' score=1.000 nombre=False saint_only=True terr= phase=auto_adopt
2025-12-30 09:37:48 - matching_Balmis - DEBUG -     gz_id=1004715 'barrio san juan dios' score=1.000 nombre=False saint_only=True terr= phase=auto_adopt
2025-12-30 09:37:48 - matching_Balmis - DEBUG -     gz_id=1004715 'barrio san juan dios' score=1.000 nombre=False saint_only=True terr= phase=auto_adopt
2025-12-30 09:37:48 - matching_Balmis - DEBUG -     gz_id=1004742 'san juan capistrano' score=1.000 nombre=False saint_only=True terr= phase=auto_adopt
2025-12-30 09:37:48 - matching_Balmis - DEBUG -     gz_id=1004742 'san juan capistrano' score=1.000 nombre=False saint_only=True terr= phase=auto_adopt
2025-12-30 09:37:48 - matching_Balmis - DEBUG -     gz_id=1004742 'san juan capistrano' score=1.000 nombre=False saint_only=True terr= phase=auto_adopt
2025-12-30 09:37:48 - matching_Balmis - DEBUG -     gz_id=1004742 'san juan capistrano' score=1.000 nombre=False saint_only=True terr= phase=auto_adopt
2025-12-30 09:37:48 - matching_Balmis - DEBUG -     gz_id=1004742 'san juan capistrano' score=1.000 nombre=False saint_only=True terr= phase=auto_adopt
2025-12-30 09:37:48 - matching_Balmis - DEBUG -     gz_id=1004754 'san juan bautista' score=1.000 nombre=False saint_only=True terr= phase=auto_adopt
2025-12-30 09:37:48 - matching_Balmis - DEBUG -     gz_id=1004754 'san juan bautista' score=1.000 nombre=False saint_only=True terr= phase=auto_adopt
2025-12-30 09:37:48 - matching_Balmis - DEBUG -     gz_id=1004780 'san juan' score=1.000 nombre=True saint_only=False terr= phase=auto_adopt
2025-12-30 09:37:48 - matching_Balmis - DEBUG -     gz_id=1004780 'san juan' score=1.000 nombre=True saint_only=False terr= phase=auto_adopt
2025-12-30 09:37:48 - matching_Balmis - DEBUG -     gz_id=1004794 'san juan bautista' score=1.000 nombre=False saint_only=True terr= phase=auto_adopt
2025-12-30 09:37:48 - matching_Balmis - DEBUG -     gz_id=1004794 'san juan bautista' score=1.000 nombre=False saint_only=True terr= phase=auto_adopt
2025-12-30 09:37:48 - matching_Balmis - DEBUG -     gz_id=1004794 'san juan bautista' score=1.000 nombre=False saint_only=True terr= phase=auto_adopt
2025-12-30 09:37:48 - matching_Balmis - DEBUG -     gz_id=1004847 'san juan ulua' score=1.000 nombre=False saint_only=True terr= phase=auto_adopt
2025-12-30 09:37:48 - matching_Balmis - DEBUG -     gz_id=1004847 'san juan ulua' score=1.000 nombre=False saint_only=True terr= phase=auto_adopt
2025-12-30 09:37:48 - matching_Balmis - DEBUG -     gz_id=1004847 'san juan ulua' score=1.000 nombre=False saint_only=True terr= phase=auto_adopt
2025-12-30 09:37:48 - matching_Balmis - DEBUG -     gz_id=1005067 'san juan corapan' score=1.000 nombre=False saint_only=True terr= phase=auto_adopt
2025-12-30 09:37:48 - matching_Balmis - DEBUG -     gz_id=1005067 'san juan corapan' score=1.000 nombre=False saint_only=True terr= phase=auto_adopt
2025-12-30 09:37:48 - matching_Balmis - DEBUG -     gz_id=1005067 'san juan corapan' score=1.000 nombre=False saint_only=True terr= phase=auto_adopt
2025-12-30 09:37:48 - matching_Balmis - DEBUG -     gz_id=1005072 'san juan bautista' score=1.000 nombre=False saint_only=True terr= phase=auto_adopt
2025-12-30 09:37:48 - matching_Balmis - DEBUG -     gz_id=1005072 'san juan bautista' score=1.000 nombre=False saint_only=True terr= phase=auto_adopt
2025-12-30 09:37:48 - matching_Balmis - DEBUG -     gz_id=1005072 'san juan bautista' score=1.000 nombre=False saint_only=True terr= phase=auto_adopt
2025-12-30 09:37:48 - matching_Balmis - DEBUG -     gz_id=1005072 'san juan bautista' score=1.000 nombre=False saint_only=True terr= phase=auto_adopt
2025-12-30 09:37:48 - matching_Balmis - DEBUG -     gz_id=1005110 'san juan casta' score=1.000 nombre=False saint_only=True terr= phase=auto_adopt
2025-12-30 09:37:48 - matching_Balmis - DEBUG -     gz_id=1005110 'san juan casta' score=1.000 nombre=False saint_only=True terr= phase=auto_adopt
2025-12-30 09:37:48 - matching_Balmis - DEBUG -     gz_id=1005139 'san juan bautista' score=1.000 nombre=False saint_only=True terr= phase=auto_adopt
2025-12-30 09:37:48 - matching_Balmis - DEBUG -     gz_id=1005139 'san juan bautista' score=1.000 nombre=False saint_only=True terr= phase=auto_adopt
2025-12-30 09:37:48 - matching_Balmis - DEBUG -     gz_id=1005139 'san juan bautista' score=1.000 nombre=False saint_only=True terr= phase=auto_adopt
2025-12-30 09:37:48 - matching_Balmis - DEBUG -     gz_id=1005139 'san juan bautista' score=1.000 nombre=False saint_only=True terr= phase=auto_adopt
2025-12-30 09:37:48 - matching_Balmis - DEBUG -     gz_id=1005160 'san juan nepomuceno' score=1.000 nombre=False saint_only=True terr= phase=auto_adopt
2025-12-30 09:37:48 - matching_Balmis - DEBUG -     gz_id=1005160 'san juan nepomuceno' score=1.000 nombre=False saint_only=True terr= phase=auto_adopt
2025-12-30 09:37:48 - matching_Balmis - DEBUG -     gz_id=1005160 'san juan nepomuceno' score=1.000 nombre=False saint_only=True terr= phase=auto_adopt
2025-12-30 09:37:48 - matching_Balmis - DEBUG -     gz_id=1005160 'san juan nepomuceno' score=1.000 nombre=False saint_only=True terr= phase=auto_adopt
2025-12-30 09:37:48 - matching_Balmis - DEBUG -     gz_id=1005160 'san juan nepomuceno' score=1.000 nombre=False saint_only=True terr= phase=auto_adopt
2025-12-30 09:37:48 - matching_Balmis - DEBUG -     gz_id=1005208 'san juan bautista' score=1.000 nombre=False saint_only=True terr= phase=auto_adopt
2025-12-30 09:37:48 - matching_Balmis - DEBUG -     gz_id=1005208 'san juan bautista' score=1.000 nombre=False saint_only=True terr= phase=auto_adopt
2025-12-30 09:37:48 - matching_Balmis - DEBUG -     gz_id=1005282 'san juan nepomuceno' score=1.000 nombre=False saint_only=True terr= phase=auto_adopt
2025-12-30 09:37:48 - matching_Balmis - DEBUG -     gz_id=1005282 'san juan nepomuceno' score=1.000 nombre=False saint_only=True terr= phase=auto_adopt
2025-12-30 09:37:48 - matching_Balmis - DEBUG -     gz_id=1005299 'san juan junta' score=1.000 nombre=False saint_only=True terr= phase=auto_adopt
2025-12-30 09:37:48 - matching_Balmis - DEBUG -     gz_id=1005299 'san juan junta' score=1.000 nombre=False saint_only=True terr= phase=auto_adopt
2025-12-30 09:37:48 - matching_Balmis - DEBUG -     gz_id=1005348 'san juan bautista' score=1.000 nombre=False saint_only=True terr= phase=auto_adopt
2025-12-30 09:37:48 - matching_Balmis - DEBUG -     gz_id=1005348 'san juan bautista' score=1.000 nombre=False saint_only=True terr= phase=auto_adopt
2025-12-30 09:37:48 - matching_Balmis - DEBUG -     gz_id=1005447 'san juan bautista' score=1.000 nombre=False saint_only=True terr= phase=auto_adopt
2025-12-30 09:37:48 - matching_Balmis - DEBUG -     gz_id=1005447 'san juan bautista' score=1.000 nombre=False saint_only=True terr= phase=auto_adopt
2025-12-30 09:37:48 - matching_Balmis - DEBUG -     gz_id=1005447 'san juan bautista' score=1.000 nombre=False saint_only=True terr= phase=auto_adopt
2025-12-30 09:37:48 - matching_Balmis - DEBUG -     gz_id=1005447 'san juan bautista' score=1.000 nombre=False saint_only=True terr= phase=auto_adopt
2025-12-30 09:37:48 - matching_Balmis - DEBUG -     gz_id=1005447 'san juan bautista' score=1.000 nombre=False saint_only=True terr= phase=auto_adopt
2025-12-30 09:37:48 - matching_Balmis - DEBUG -     gz_id=2000210 'san juan sacatepeques' score=1.000 nombre=False saint_only=True terr= phase=auto_adopt
2025-12-30 09:37:48 - matching_Balmis - DEBUG -     gz_id=2000210 'san juan sacatepeques' score=1.000 nombre=False saint_only=True terr= phase=auto_adopt
2025-12-30 09:37:48 - matching_Balmis - DEBUG -     gz_id=2000217 'san juan obispo' score=1.000 nombre=False saint_only=True terr= phase=auto_adopt
2025-12-30 09:37:48 - matching_Balmis - DEBUG -     gz_id=2000217 'san juan obispo' score=1.000 nombre=False saint_only=True terr= phase=auto_adopt
2025-12-30 09:37:48 - matching_Balmis - DEBUG -     gz_id=2000217 'san juan obispo' score=1.000 nombre=False saint_only=True terr= phase=auto_adopt
2025-12-30 09:37:48 - matching_Balmis - DEBUG -     gz_id=2000386 'san juan dios' score=1.000 nombre=False saint_only=True terr= phase=auto_adopt
2025-12-30 09:37:48 - matching_Balmis - DEBUG -     gz_id=2000397 'san juan lahuna' score=1.000 nombre=False saint_only=True terr= phase=auto_adopt
2025-12-30 09:37:48 - matching_Balmis - DEBUG -     gz_id=2000451 'san juan nonualco' score=1.000 nombre=False saint_only=True terr= phase=auto_adopt
2025-12-30 09:37:48 - matching_Balmis - DEBUG -     gz_id=2000451 'san juan nonualco' score=1.000 nombre=False saint_only=True terr= phase=auto_adopt
2025-12-30 09:37:48 - matching_Balmis - DEBUG -     gz_id=2000460 'san juan tepesontes' score=1.000 nombre=False saint_only=True terr= phase=auto_adopt
2025-12-30 09:37:48 - matching_Balmis - DEBUG -     gz_id=2000460 'san juan tepesontes' score=1.000 nombre=False saint_only=True terr= phase=auto_adopt
2025-12-30 09:37:48 - matching_Balmis - DEBUG -     gz_id=2000576 'san juan' score=1.000 nombre=False saint_only=True terr= phase=auto_adopt
2025-12-30 09:37:48 - matching_Balmis - DEBUG -     gz_id=2000576 'san juan' score=1.000 nombre=False saint_only=True terr= phase=auto_adopt
2025-12-30 09:37:48 - matching_Balmis - DEBUG -     gz_id=2000576 'san juan' score=1.000 nombre=False saint_only=True terr= phase=auto_adopt
2025-12-30 09:37:48 - matching_Balmis - DEBUG -     gz_id=2000576 'san juan' score=1.000 nombre=False saint_only=True terr= phase=auto_adopt
2025-12-30 09:37:48 - matching_Balmis - DEBUG -     gz_id=2000576 'san juan' score=1.000 nombre=False saint_only=True terr= phase=auto_adopt
2025-12-30 09:37:48 - matching_Balmis - DEBUG -     gz_id=2000620 'san juan laborios' score=1.000 nombre=False saint_only=True terr= phase=auto_adopt
2025-12-30 09:37:48 - matching_Balmis - DEBUG -     gz_id=2000620 'san juan laborios' score=1.000 nombre=False saint_only=True terr= phase=auto_adopt
2025-12-30 09:37:48 - matching_Balmis - DEBUG -     gz_id=2000637 'san juan namotiba' score=1.000 nombre=False saint_only=True terr= phase=auto_adopt
2025-12-30 09:37:48 - matching_Balmis - DEBUG -     gz_id=2000637 'san juan namotiba' score=1.000 nombre=False saint_only=True terr= phase=auto_adopt
2025-12-30 09:37:48 - matching_Balmis - DEBUG -     gz_id=2000701 'san juan' score=1.000 nombre=True saint_only=False terr= phase=auto_adopt
2025-12-30 09:37:48 - matching_Balmis - DEBUG -     gz_id=2000701 'san juan' score=1.000 nombre=True saint_only=False terr= phase=auto_adopt
2025-12-30 09:37:48 - matching_Balmis - DEBUG -     gz_id=2000701 'san juan' score=1.000 nombre=True saint_only=False terr= phase=auto_adopt
2025-12-30 09:37:48 - matching_Balmis - DEBUG -     gz_id=2000749 'san juan gascon' score=1.000 nombre=False saint_only=True terr= phase=auto_adopt
2025-12-30 09:37:48 - matching_Balmis - DEBUG -     gz_id=2000749 'san juan gascon' score=1.000 nombre=False saint_only=True terr= phase=auto_adopt
2025-12-30 09:37:48 - matching_Balmis - DEBUG -     gz_id=2000749 'san juan gascon' score=1.000 nombre=False saint_only=True terr= phase=auto_adopt
2025-12-30 09:37:48 - matching_Balmis - DEBUG -     gz_id=2000779 'san juan hermita' score=1.000 nombre=False saint_only=True terr= phase=auto_adopt
2025-12-30 09:37:48 - matching_Balmis - DEBUG -     gz_id=2000779 'san juan hermita' score=1.000 nombre=False saint_only=True terr= phase=auto_adopt
2025-12-30 09:37:48 - matching_Balmis - DEBUG -     gz_id=2000816 'san juan mixtan' score=1.000 nombre=False saint_only=True terr= phase=auto_adopt
2025-12-30 09:37:48 - matching_Balmis - DEBUG -     gz_id=2000912 'san juan' score=1.000 nombre=True saint_only=False terr= phase=auto_adopt
2025-12-30 09:37:48 - matching_Balmis - DEBUG -     gz_id=2000912 'san juan' score=1.000 nombre=True saint_only=False terr= phase=auto_adopt
2025-12-30 09:37:48 - matching_Balmis - DEBUG -     gz_id=2000969 'boca rio san juan' score=1.000 nombre=False saint_only=True terr= phase=auto_adopt
2025-12-30 09:37:48 - matching_Balmis - DEBUG -     gz_id=2000969 'boca rio san juan' score=1.000 nombre=False saint_only=True terr= phase=auto_adopt
2025-12-30 09:37:48 - matching_Balmis - DEBUG -     gz_id=3000003 'san juan' score=1.000 nombre=True saint_only=False terr=adm0_iso_exact phase=auto_adopt
2025-12-30 09:37:48 - matching_Balmis - DEBUG -     gz_id=3000003 'san juan' score=1.000 nombre=True saint_only=False terr=adm0_iso_exact phase=auto_adopt
2025-12-30 09:37:48 - matching_Balmis - DEBUG -     gz_id=3000107 'san juan i martines' score=1.000 nombre=False saint_only=True terr= phase=auto_adopt
2025-12-30 09:37:48 - matching_Balmis - DEBUG -     gz_id=3000107 'san juan i martines' score=1.000 nombre=False saint_only=True terr= phase=auto_adopt
2025-12-30 09:37:48 - matching_Balmis - DEBUG -     gz_id=3000107 'san juan i martines' score=1.000 nombre=False saint_only=True terr= phase=auto_adopt
2025-12-30 09:37:48 - matching_Balmis - DEBUG -     gz_id=3000107 'san juan i martines' score=1.000 nombre=False saint_only=True terr= phase=auto_adopt
2025-12-30 09:37:48 - matching_Balmis - DEBUG -     gz_id=3000107 'san juan i martines' score=1.000 nombre=False saint_only=True terr= phase=auto_adopt
2025-12-30 09:37:48 - matching_Balmis - DEBUG -     gz_id=3000177 'balle san juan' score=1.000 nombre=False saint_only=True terr= phase=auto_adopt
2025-12-30 09:37:48 - matching_Balmis - DEBUG -     gz_id=3000177 'balle san juan' score=1.000 nombre=False saint_only=True terr= phase=auto_adopt
2025-12-30 09:37:48 - matching_Balmis - DEBUG -     gz_id=3000177 'balle san juan' score=1.000 nombre=False saint_only=True terr= phase=auto_adopt
2025-12-30 09:37:48 - matching_Balmis - DEBUG -     gz_id=3000310 'san juan bautista alemanes' score=1.000 nombre=False saint_only=True terr= phase=auto_adopt
2025-12-30 09:37:48 - matching_Balmis - DEBUG -     gz_id=3000310 'san juan bautista alemanes' score=1.000 nombre=False saint_only=True terr= phase=auto_adopt
2025-12-30 09:37:48 - matching_Balmis - DEBUG -     gz_id=3000310 'san juan bautista alemanes' score=1.000 nombre=False saint_only=True terr= phase=auto_adopt
2025-12-30 09:37:48 - matching_Balmis - DEBUG -     gz_id=3000310 'san juan bautista alemanes' score=1.000 nombre=False saint_only=True terr= phase=auto_adopt
2025-12-30 09:37:48 - matching_Balmis - DEBUG -     gz_id=3000310 'san juan bautista alemanes' score=1.000 nombre=False saint_only=True terr= phase=auto_adopt
2025-12-30 09:37:48 - matching_Balmis - DEBUG -     gz_id=4000168 'san juan morros' score=1.000 nombre=False saint_only=True terr= phase=auto_adopt
2025-12-30 09:37:48 - matching_Balmis - DEBUG -     gz_id=4000168 'san juan morros' score=1.000 nombre=False saint_only=True terr= phase=auto_adopt
2025-12-30 09:37:48 - matching_Balmis - DEBUG -     gz_id=4000168 'san juan morros' score=1.000 nombre=False saint_only=True terr= phase=auto_adopt
2025-12-30 09:37:48 - matching_Balmis - DEBUG -     gz_id=4000168 'san juan morros' score=1.000 nombre=False saint_only=True terr= phase=auto_adopt
2025-12-30 09:37:48 - matching_Balmis - DEBUG -     gz_id=4000168 'san juan morros' score=1.000 nombre=False saint_only=True terr= phase=auto_adopt
2025-12-30 09:37:48 - matching_Balmis - DEBUG -     gz_id=4000168 'san juan morros' score=1.000 nombre=False saint_only=True terr= phase=auto_adopt
2025-12-30 09:37:48 - matching_Balmis - DEBUG -     gz_id=4000168 'san juan morros' score=1.000 nombre=False saint_only=True terr= phase=auto_adopt
2025-12-30 09:37:48 - matching_Balmis - DEBUG -     gz_id=4000249 'san juan bega' score=1.000 nombre=False saint_only=True terr= phase=auto_adopt
2025-12-30 09:37:48 - matching_Balmis - DEBUG -     gz_id=4000249 'san juan bega' score=1.000 nombre=False saint_only=True terr= phase=auto_adopt
2025-12-30 09:37:48 - matching_Balmis - DEBUG -     gz_id=4000249 'san juan bega' score=1.000 nombre=False saint_only=True terr= phase=auto_adopt
2025-12-30 09:37:48 - matching_Balmis - DEBUG -     gz_id=4000249 'san juan bega' score=1.000 nombre=False saint_only=True terr= phase=auto_adopt
2025-12-30 09:37:48 - matching_Balmis - DEBUG -     gz_id=4000249 'san juan bega' score=1.000 nombre=False saint_only=True terr= phase=auto_adopt
2025-12-30 09:37:48 - matching_Balmis - DEBUG -     gz_id=4000249 'san juan bega' score=1.000 nombre=False saint_only=True terr= phase=auto_adopt
2025-12-30 09:37:48 - matching_Balmis - DEBUG -     gz_id=4000253 'san juan mahuai' score=1.000 nombre=False saint_only=True terr= phase=auto_adopt
2025-12-30 09:37:48 - matching_Balmis - DEBUG -     gz_id=4000253 'san juan mahuai' score=1.000 nombre=False saint_only=True terr= phase=auto_adopt
2025-12-30 09:37:48 - matching_Balmis - DEBUG -     gz_id=4000253 'san juan mahuai' score=1.000 nombre=False saint_only=True terr= phase=auto_adopt
2025-12-30 09:37:48 - matching_Balmis - DEBUG -     gz_id=4000253 'san juan mahuai' score=1.000 nombre=False saint_only=True terr= phase=auto_adopt
2025-12-30 09:37:48 - matching_Balmis - DEBUG -     gz_id=4000253 'san juan mahuai' score=1.000 nombre=False saint_only=True terr= phase=auto_adopt
2025-12-30 09:37:48 - matching_Balmis - DEBUG -     gz_id=4000253 'san juan mahuai' score=1.000 nombre=False saint_only=True terr= phase=auto_adopt
2025-12-30 09:37:48 - matching_Balmis - DEBUG -     gz_id=4000326 'san juan' score=1.000 nombre=True saint_only=False terr= phase=auto_adopt
2025-12-30 09:37:48 - matching_Balmis - DEBUG -     gz_id=4000326 'san juan' score=1.000 nombre=True saint_only=False terr= phase=auto_adopt
2025-12-30 09:37:48 - matching_Balmis - DEBUG -     gz_id=4000326 'san juan' score=1.000 nombre=True saint_only=False terr= phase=auto_adopt
2025-12-30 09:37:48 - matching_Balmis - DEBUG -     gz_id=4000326 'san juan' score=1.000 nombre=True saint_only=False terr= phase=auto_adopt
2025-12-30 09:37:48 - matching_Balmis - DEBUG -     gz_id=4000326 'san juan' score=1.000 nombre=True saint_only=False terr= phase=auto_adopt
2025-12-30 09:37:48 - matching_Balmis - DEBUG -     gz_id=4000326 'san juan' score=1.000 nombre=True saint_only=False terr= phase=auto_adopt
2025-12-30 09:37:48 - matching_Balmis - DEBUG -     gz_id=4000326 'san juan' score=1.000 nombre=True saint_only=False terr= phase=auto_adopt
2025-12-30 09:37:48 - matching_Balmis - DEBUG -     gz_id=4000390 'balle san juan' score=1.000 nombre=False saint_only=True terr= phase=auto_adopt
2025-12-30 09:37:48 - matching_Balmis - DEBUG -     gz_id=4000390 'balle san juan' score=1.000 nombre=False saint_only=True terr= phase=auto_adopt
2025-12-30 09:37:48 - matching_Balmis - DEBUG -     gz_id=4000390 'balle san juan' score=1.000 nombre=False saint_only=True terr= phase=auto_adopt
2025-12-30 09:37:48 - matching_Balmis - DEBUG -     gz_id=4000390 'balle san juan' score=1.000 nombre=False saint_only=True terr= phase=auto_adopt
2025-12-30 09:37:48 - matching_Balmis - DEBUG -     gz_id=4000390 'balle san juan' score=1.000 nombre=False saint_only=True terr= phase=auto_adopt
2025-12-30 09:37:48 - matching_Balmis - DEBUG -     gz_id=4000390 'balle san juan' score=1.000 nombre=False saint_only=True terr= phase=auto_adopt
2025-12-30 09:37:48 - matching_Balmis - DEBUG -     gz_id=4000390 'balle san juan' score=1.000 nombre=False saint_only=True terr= phase=auto_adopt
2025-12-30 09:37:48 - matching_Balmis - DEBUG -     gz_id=4000530 'san juan' score=1.000 nombre=True saint_only=False terr= phase=auto_adopt
2025-12-30 09:37:48 - matching_Balmis - DEBUG -     gz_id=4000530 'san juan' score=1.000 nombre=True saint_only=False terr= phase=auto_adopt
2025-12-30 09:37:48 - matching_Balmis - DEBUG -     gz_id=4000530 'san juan' score=1.000 nombre=True saint_only=False terr= phase=auto_adopt
2025-12-30 09:37:48 - matching_Balmis - DEBUG -     gz_id=4000530 'san juan' score=1.000 nombre=True saint_only=False terr= phase=auto_adopt
2025-12-30 09:37:48 - matching_Balmis - DEBUG -     gz_id=4000530 'san juan' score=1.000 nombre=True saint_only=False terr= phase=auto_adopt
2025-12-30 09:37:48 - matching_Balmis - DEBUG -     gz_id=4000530 'san juan' score=1.000 nombre=True saint_only=False terr= phase=auto_adopt
2025-12-30 09:37:48 - matching_Balmis - DEBUG -     gz_id=4000530 'san juan' score=1.000 nombre=True saint_only=False terr= phase=auto_adopt
2025-12-30 09:37:48 - matching_Balmis - DEBUG -     gz_id=4000551 'san juan nepomuceno' score=1.000 nombre=False saint_only=True terr= phase=auto_adopt
2025-12-30 09:37:48 - matching_Balmis - DEBUG -     gz_id=4000551 'san juan nepomuceno' score=1.000 nombre=False saint_only=True terr= phase=auto_adopt
2025-12-30 09:37:48 - matching_Balmis - DEBUG -     gz_id=4000551 'san juan nepomuceno' score=1.000 nombre=False saint_only=True terr= phase=auto_adopt
2025-12-30 09:37:48 - matching_Balmis - DEBUG -     gz_id=4000551 'san juan nepomuceno' score=1.000 nombre=False saint_only=True terr= phase=auto_adopt
2025-12-30 09:37:48 - matching_Balmis - DEBUG -     gz_id=4000551 'san juan nepomuceno' score=1.000 nombre=False saint_only=True terr= phase=auto_adopt
2025-12-30 09:37:48 - matching_Balmis - DEBUG -     gz_id=5000028 'san juan' score=1.000 nombre=False saint_only=True terr= phase=auto_adopt
2025-12-30 09:37:48 - matching_Balmis - DEBUG -     gz_id=5000028 'san juan' score=1.000 nombre=False saint_only=True terr= phase=auto_adopt
2025-12-30 09:37:48 - matching_Balmis - DEBUG -     gz_id=5000138 'san juan nepomuceno' score=1.000 nombre=False saint_only=True terr= phase=auto_adopt
2025-12-30 09:37:48 - matching_Balmis - DEBUG -     gz_id=5000138 'san juan nepomuceno' score=1.000 nombre=False saint_only=True terr= phase=auto_adopt
2025-12-30 09:37:48 - matching_Balmis - DEBUG -     gz_id=5000138 'san juan nepomuceno' score=1.000 nombre=False saint_only=True terr= phase=auto_adopt
2025-12-30 09:37:48 - matching_Balmis - DEBUG -     gz_id=5000138 'san juan nepomuceno' score=1.000 nombre=False saint_only=True terr= phase=auto_adopt
2025-12-30 09:37:48 - matching_Balmis - DEBUG -     gz_id=9901077 'san juan' score=1.000 nombre=True saint_only=False terr= phase=auto_adopt
2025-12-30 09:37:48 - matching_Balmis - DEBUG -     gz_id=9901077 'san juan' score=1.000 nombre=True saint_only=False terr= phase=auto_adopt
2025-12-30 09:37:48 - matching_Balmis - DEBUG -     gz_id=9901077 'san juan' score=1.000 nombre=True saint_only=False terr= phase=auto_adopt
2025-12-30 09:37:48 - matching_Balmis - DEBUG -     gz_id=9901077 'san juan' score=1.000 nombre=True saint_only=False terr= phase=auto_adopt
2025-12-30 09:37:48 - matching_Balmis - DEBUG -     gz_id=9901077 'san juan' score=1.000 nombre=True saint_only=False terr= phase=auto_adopt
2025-12-30 09:37:48 - matching_Balmis - DEBUG -     gz_id=5000221 'balle san juan' score=1.000 nombre=False saint_only=True terr= phase=auto_adopt
2025-12-30 09:37:48 - matching_Balmis - DEBUG -     gz_id=5000296 'san juan' score=1.000 nombre=False saint_only=True terr= phase=auto_adopt
2025-12-30 09:37:48 - matching_Balmis - DEBUG -     gz_id=5000296 'san juan' score=1.000 nombre=False saint_only=True terr= phase=auto_adopt
2025-12-30 09:37:48 - matching_Balmis - DEBUG -     gz_id=5000296 'san juan' score=1.000 nombre=False saint_only=True terr= phase=auto_adopt
2025-12-30 09:37:48 - matching_Balmis - DEBUG -     gz_id=5000296 'san juan' score=1.000 nombre=False saint_only=True terr= phase=auto_adopt
2025-12-30 09:37:48 - matching_Balmis - DEBUG -     gz_id=5000296 'san juan' score=1.000 nombre=False saint_only=True terr= phase=auto_adopt
2025-12-30 09:37:48 - matching_Balmis - DEBUG -     gz_id=5000856 'san juan bautista' score=1.000 nombre=False saint_only=True terr= phase=auto_adopt
2025-12-30 09:37:48 - matching_Balmis - DEBUG -     gz_id=5000901 'san juan' score=1.000 nombre=True saint_only=False terr= phase=auto_adopt
2025-12-30 09:37:48 - matching_Balmis - DEBUG -     gz_id=5000901 'san juan' score=1.000 nombre=True saint_only=False terr= phase=auto_adopt
2025-12-30 09:37:48 - matching_Balmis - DEBUG -     gz_id=9901308 'san juan' score=1.000 nombre=False saint_only=True terr= phase=auto_adopt
2025-12-30 09:37:48 - matching_Balmis - DEBUG -     gz_id=5600301 'san juan nepomuceno' score=1.000 nombre=False saint_only=True terr= phase=auto_adopt
2025-12-30 09:37:48 - matching_Balmis - DEBUG -     gz_id=5600328 'san juan ebanjelista' score=1.000 nombre=False saint_only=True terr= phase=auto_adopt
2025-12-30 09:37:48 - matching_Balmis - DEBUG -     gz_id=5600328 'san juan ebanjelista' score=1.000 nombre=False saint_only=True terr= phase=auto_adopt
2025-12-30 09:37:48 - matching_Balmis - DEBUG -     gz_id=5600328 'san juan ebanjelista' score=1.000 nombre=False saint_only=True terr= phase=auto_adopt
2025-12-30 09:37:48 - matching_Balmis - DEBUG -     gz_id=5600328 'san juan ebanjelista' score=1.000 nombre=False saint_only=True terr= phase=auto_adopt
2025-12-30 09:37:48 - matching_Balmis - DEBUG -     gz_id=5600328 'san juan ebanjelista' score=1.000 nombre=False saint_only=True terr= phase=auto_adopt
2025-12-30 09:37:48 - matching_Balmis - DEBUG -     gz_id=5600328 'san juan ebanjelista' score=1.000 nombre=False saint_only=True terr= phase=auto_adopt
2025-12-30 09:37:48 - matching_Balmis - DEBUG -     gz_id=5600618 'san juan' score=1.000 nombre=True saint_only=False terr= phase=auto_adopt
2025-12-30 09:37:48 - matching_Balmis - DEBUG -     gz_id=5600618 'san juan' score=1.000 nombre=True saint_only=False terr= phase=auto_adopt
2025-12-30 09:37:48 - matching_Balmis - DEBUG -     gz_id=5600618 'san juan' score=1.000 nombre=True saint_only=False terr= phase=auto_adopt
2025-12-30 09:37:48 - matching_Balmis - DEBUG -     gz_id=5600638 'san juan' score=1.000 nombre=True saint_only=False terr= phase=auto_adopt
2025-12-30 09:37:48 - matching_Balmis - DEBUG -     gz_id=5600638 'san juan' score=1.000 nombre=True saint_only=False terr= phase=auto_adopt
2025-12-30 09:37:48 - matching_Balmis - DEBUG -     gz_id=5600638 'san juan' score=1.000 nombre=True saint_only=False terr= phase=auto_adopt
2025-12-30 09:37:48 - matching_Balmis - DEBUG -     gz_id=5600648 'san juan balle' score=1.000 nombre=False saint_only=True terr= phase=auto_adopt
2025-12-30 09:37:48 - matching_Balmis - DEBUG -     gz_id=5600648 'san juan balle' score=1.000 nombre=False saint_only=True terr= phase=auto_adopt
2025-12-30 09:37:48 - matching_Balmis - DEBUG -     gz_id=5600648 'san juan balle' score=1.000 nombre=False saint_only=True terr= phase=auto_adopt
2025-12-30 09:37:48 - matching_Balmis - DEBUG -     gz_id=5600648 'san juan balle' score=1.000 nombre=False saint_only=True terr= phase=auto_adopt
2025-12-30 09:37:48 - matching_Balmis - DEBUG -     gz_id=5600744 'san juan' score=1.000 nombre=True saint_only=False terr= phase=auto_adopt
2025-12-30 09:37:48 - matching_Balmis - DEBUG -     gz_id=5600744 'san juan' score=1.000 nombre=True saint_only=False terr= phase=auto_adopt
2025-12-30 09:37:48 - matching_Balmis - DEBUG -     gz_id=5600744 'san juan' score=1.000 nombre=True saint_only=False terr= phase=auto_adopt
2025-12-30 09:37:48 - matching_Balmis - DEBUG -     gz_id=5600772 'san juan bautista' score=1.000 nombre=False saint_only=True terr= phase=auto_adopt
2025-12-30 09:37:48 - matching_Balmis - DEBUG -     gz_id=5600772 'san juan bautista' score=1.000 nombre=False saint_only=True terr= phase=auto_adopt
2025-12-30 09:37:48 - matching_Balmis - DEBUG -     gz_id=6000351 'san juan' score=1.000 nombre=True saint_only=False terr= phase=auto_adopt
2025-12-30 09:37:48 - matching_Balmis - DEBUG -     gz_id=6000351 'san juan' score=1.000 nombre=True saint_only=False terr= phase=auto_adopt
2025-12-30 09:37:48 - matching_Balmis - DEBUG -     gz_id=6000351 'san juan' score=1.000 nombre=True saint_only=False terr= phase=auto_adopt
2025-12-30 09:37:48 - matching_Balmis - DEBUG -     gz_id=6000416 'san juan ebanjelista' score=1.000 nombre=False saint_only=True terr= phase=auto_adopt
2025-12-30 09:37:48 - matching_Balmis - DEBUG -     gz_id=6000416 'san juan ebanjelista' score=1.000 nombre=False saint_only=True terr= phase=auto_adopt
2025-12-30 09:37:48 - matching_Balmis - DEBUG -     gz_id=6000528 'san juan' score=1.000 nombre=True saint_only=False terr= phase=auto_adopt
2025-12-30 09:37:48 - matching_Balmis - DEBUG -     gz_id=6000528 'san juan' score=1.000 nombre=True saint_only=False terr= phase=auto_adopt
2025-12-30 09:37:48 - matching_Balmis - DEBUG -     gz_id=6000730 'san juan' score=1.000 nombre=True saint_only=False terr= phase=auto_adopt
2025-12-30 09:37:48 - matching_Balmis - DEBUG -     gz_id=6000730 'san juan' score=1.000 nombre=True saint_only=False terr= phase=auto_adopt
2025-12-30 09:37:48 - matching_Balmis - DEBUG -     gz_id=6000859 'san juan ica' score=1.000 nombre=False saint_only=True terr= phase=auto_adopt
2025-12-30 09:37:48 - matching_Balmis - DEBUG -     gz_id=6000859 'san juan ica' score=1.000 nombre=False saint_only=True terr= phase=auto_adopt
2025-12-30 09:37:48 - matching_Balmis - DEBUG -     gz_id=7000158 'san juan bautista' score=1.000 nombre=False saint_only=True terr= phase=auto_adopt
2025-12-30 09:37:48 - matching_Balmis - DEBUG -     gz_id=7000158 'san juan bautista' score=1.000 nombre=False saint_only=True terr= phase=auto_adopt
2025-12-30 09:37:48 - matching_Balmis - DEBUG -     gz_id=7000314 'san juan dios' score=1.000 nombre=False saint_only=True terr= phase=auto_adopt
2025-12-30 09:37:48 - matching_Balmis - DEBUG -     gz_id=7000314 'san juan dios' score=1.000 nombre=False saint_only=True terr= phase=auto_adopt
2025-12-30 09:37:48 - matching_Balmis - DEBUG -     gz_id=7000397 'san juan costa' score=1.000 nombre=False saint_only=True terr= phase=auto_adopt
2025-12-30 09:37:48 - matching_Balmis - DEBUG -     gz_id=8000198 'san juan oro' score=1.000 nombre=False saint_only=True terr= phase=auto_adopt
2025-12-30 09:37:48 - matching_Balmis - DEBUG -     gz_id=8000198 'san juan oro' score=1.000 nombre=False saint_only=True terr= phase=auto_adopt
2025-12-30 09:37:48 - matching_Balmis - DEBUG -     gz_id=8000198 'san juan oro' score=1.000 nombre=False saint_only=True terr= phase=auto_adopt
2025-12-30 09:37:48 - matching_Balmis - DEBUG -     gz_id=8000257 'san juan bautista' score=1.000 nombre=False saint_only=True terr= phase=auto_adopt
2025-12-30 09:37:48 - matching_Balmis - DEBUG -     gz_id=8000257 'san juan bautista' score=1.000 nombre=False saint_only=True terr= phase=auto_adopt
2025-12-30 09:37:48 - matching_Balmis - DEBUG -     gz_id=8000257 'san juan bautista' score=1.000 nombre=False saint_only=True terr= phase=auto_adopt
2025-12-30 09:37:48 - matching_Balmis - DEBUG -     gz_id=8000257 'san juan bautista' score=1.000 nombre=False saint_only=True terr= phase=auto_adopt
2025-12-30 09:37:48 - matching_Balmis - DEBUG -     gz_id=8000257 'san juan bautista' score=1.000 nombre=False saint_only=True terr= phase=auto_adopt
2025-12-30 09:37:48 - matching_Balmis - DEBUG -     gz_id=8000257 'san juan bautista' score=1.000 nombre=False saint_only=True terr= phase=auto_adopt
2025-12-30 09:37:48 - matching_Balmis - DEBUG -     gz_id=9900321 'san juan rioceco' score=1.000 nombre=False saint_only=True terr= phase=auto_adopt
2025-12-30 09:37:48 - matching_Balmis - DEBUG -     gz_id=8000400 'san juan sahahun' score=1.000 nombre=False saint_only=True terr= phase=auto_adopt
2025-12-30 09:37:48 - matching_Balmis - DEBUG -     gz_id=8000400 'san juan sahahun' score=1.000 nombre=False saint_only=True terr= phase=auto_adopt
2025-12-30 09:37:48 - matching_Balmis - DEBUG -     gz_id=8000400 'san juan sahahun' score=1.000 nombre=False saint_only=True terr= phase=auto_adopt
2025-12-30 09:37:48 - matching_Balmis - DEBUG -     gz_id=8000400 'san juan sahahun' score=1.000 nombre=False saint_only=True terr= phase=auto_adopt
2025-12-30 09:37:48 - matching_Balmis - DEBUG -     gz_id=8000670 'san juan i san martin' score=1.000 nombre=False saint_only=False terr= phase=candidate
2025-12-30 09:37:48 - matching_Balmis - DEBUG -     gz_id=8000670 'san juan i san martin' score=1.000 nombre=False saint_only=False terr= phase=candidate
2025-12-30 09:37:48 - matching_Balmis - DEBUG -     gz_id=8000670 'san juan i san martin' score=1.000 nombre=False saint_only=False terr= phase=candidate
2025-12-30 09:37:48 - matching_Balmis - DEBUG -     gz_id=8000678 'san juan acora' score=1.000 nombre=False saint_only=True terr= phase=auto_adopt
2025-12-30 09:37:48 - matching_Balmis - DEBUG -     gz_id=8000678 'san juan acora' score=1.000 nombre=False saint_only=True terr= phase=auto_adopt
2025-12-30 09:37:48 - matching_Balmis - DEBUG -     gz_id=8000678 'san juan acora' score=1.000 nombre=False saint_only=True terr= phase=auto_adopt
2025-12-30 09:37:48 - matching_Balmis - DEBUG -     gz_id=8000682 'san juan bautista' score=1.000 nombre=False saint_only=True terr= phase=auto_adopt
2025-12-30 09:37:48 - matching_Balmis - DEBUG -     gz_id=8000682 'san juan bautista' score=1.000 nombre=False saint_only=True terr= phase=auto_adopt
2025-12-30 09:37:48 - matching_Balmis - DEBUG -     gz_id=8000682 'san juan bautista' score=1.000 nombre=False saint_only=True terr= phase=auto_adopt
2025-12-30 09:37:48 - matching_Balmis - DEBUG -     gz_id=9000015 'san juan' score=1.000 nombre=True saint_only=False terr= phase=auto_adopt
2025-12-30 09:37:48 - matching_Balmis - DEBUG -     gz_id=9000015 'san juan' score=1.000 nombre=True saint_only=False terr= phase=auto_adopt
2025-12-30 09:37:48 - matching_Balmis - DEBUG -     gz_id=9000015 'san juan' score=1.000 nombre=True saint_only=False terr= phase=auto_adopt
2025-12-30 09:37:48 - matching_Balmis - DEBUG -     gz_id=9000015 'san juan' score=1.000 nombre=True saint_only=False terr= phase=auto_adopt
2025-12-30 09:37:48 - matching_Balmis - DEBUG -     gz_id=9000139 'san juan nepomuceno' score=1.000 nombre=False saint_only=True terr= phase=auto_adopt
2025-12-30 09:37:48 - matching_Balmis - DEBUG -     gz_id=9000187 'san juan bautista' score=1.000 nombre=False saint_only=True terr= phase=auto_adopt
2025-12-30 09:37:48 - matching_Balmis - DEBUG -     gz_id=9000187 'san juan bautista' score=1.000 nombre=False saint_only=True terr= phase=auto_adopt
2025-12-30 09:37:48 - matching_Balmis - DEBUG -     gz_id=9000187 'san juan bautista' score=1.000 nombre=False saint_only=True terr= phase=auto_adopt
2025-12-30 09:37:48 - matching_Balmis - DEBUG -     gz_id=9000187 'san juan bautista' score=1.000 nombre=False saint_only=True terr= phase=auto_adopt
2025-12-30 09:37:48 - matching_Balmis - DEBUG -     gz_id=9000187 'san juan bautista' score=1.000 nombre=False saint_only=True terr= phase=auto_adopt
2025-12-30 09:37:48 - matching_Balmis - DEBUG -     gz_id=5000243 'mesa juan dias' score=0.875 nombre=False saint_only=False terr= phase=candidate
2025-12-30 09:37:48 - matching_Balmis - DEBUG -     gz_id=5000243 'mesa juan dias' score=0.875 nombre=False saint_only=False terr= phase=candidate
2025-12-30 09:37:48 - matching_Balmis - DEBUG -     gz_id=9900902 'frai juan' score=0.800 nombre=False saint_only=False terr= phase=relegated
2025-12-30 09:37:48 - matching_Balmis - DEBUG -     gz_id=9900902 'frai juan' score=0.800 nombre=False saint_only=False terr= phase=relegated
2025-12-30 09:37:48 - matching_Balmis - DEBUG -     gz_id=5600289 'santander' score=1.000 nombre=False saint_only=True terr= phase=auto_adopt
2025-12-30 09:37:48 - matching_Balmis - INFO -   Before dedup: 364 candidates
2025-12-30 09:37:48 - matching_Balmis - INFO -   After dedup: 131 unique gz_ids
2025-12-30 09:37:48 - matching_Balmis - INFO -   Nombre matches (exact on lugar_nombre): 23
2025-12-30 09:37:48 - matching_Balmis - INFO -   Saint-only matches: 105
2025-12-30 09:37:48 - matching_Balmis - INFO -   Substantive matches: 26
2025-12-30 09:37:48 - matching_Balmis - INFO -   ✅ NOMBRE PRIORITY: Keeping ONLY 23 nombre matches, discarding 3 others
2025-12-30 09:37:48 - matching_Balmis - INFO -      gz_id=1000307: San Juan
2025-12-30 09:37:48 - matching_Balmis - INFO -      gz_id=1000401: San Juan
2025-12-30 09:37:48 - matching_Balmis - INFO -      gz_id=1000466: San Juan
2025-12-30 09:37:48 - matching_Balmis - INFO -      gz_id=1000603: San Juan
2025-12-30 09:37:48 - matching_Balmis - INFO -      gz_id=9900271: San Juan
2025-12-30 09:37:48 - matching_Balmis - INFO -      gz_id=1001046: San Juan
2025-12-30 09:37:48 - matching_Balmis - INFO -      gz_id=9900840: San Juan
2025-12-30 09:37:48 - matching_Balmis - INFO -      gz_id=1003856: San Juan
2025-12-30 09:37:48 - matching_Balmis - INFO -      gz_id=1004780: San Juan
2025-12-30 09:37:48 - matching_Balmis - INFO -      gz_id=2000701: San Juan
2025-12-30 09:37:48 - matching_Balmis - INFO -      gz_id=2000912: San Juan
2025-12-30 09:37:48 - matching_Balmis - INFO -      gz_id=3000003: San Juan
2025-12-30 09:37:48 - matching_Balmis - INFO -      gz_id=4000326: San Juan
2025-12-30 09:37:48 - matching_Balmis - INFO -      gz_id=4000530: San Juan
2025-12-30 09:37:48 - matching_Balmis - INFO -      gz_id=9901077: San Juan
2025-12-30 09:37:48 - matching_Balmis - INFO -      gz_id=5000901: San Juan
2025-12-30 09:37:48 - matching_Balmis - INFO -      gz_id=5600618: San Juan
2025-12-30 09:37:48 - matching_Balmis - INFO -      gz_id=5600638: San Juan
2025-12-30 09:37:48 - matching_Balmis - INFO -      gz_id=5600744: San Juan
2025-12-30 09:37:48 - matching_Balmis - INFO -      gz_id=6000351: San Juan
2025-12-30 09:37:48 - matching_Balmis - INFO -      gz_id=6000528: San Juan
2025-12-30 09:37:48 - matching_Balmis - INFO -      gz_id=6000730: San Juan
2025-12-30 09:37:48 - matching_Balmis - INFO -      gz_id=9000015: San Juan
2025-12-30 09:37:48 - matching_Balmis - INFO -   Input has territorial data: True
2025-12-30 09:37:48 - matching_Balmis - INFO -   Candidates with territory match: 1
2025-12-30 09:37:48 - matching_Balmis - INFO -   After territorial filter (keeping adm0): 1 candidates
2025-12-30 09:37:48 - matching_Balmis - INFO -   Auto-adopt candidates: 1
2025-12-30 09:37:48 - matching_Balmis - INFO -   Single auto-adopt, discarding other matches
2025-12-30 09:37:48 - matching_Balmis - INFO - 
============================================================
2025-12-30 09:37:48 - matching_Balmis - INFO - Processing rowID=4: 'Puerto Cabello' -> cleaned: 'puerto cabello'
2025-12-30 09:37:48 - matching_Balmis - INFO -   Token-based candidates: 120
2025-12-30 09:37:48 - matching_Balmis - INFO -   Filtering: need match on substantive tokens: ['puerto', 'cabello'] OR 2+ total tokens
2025-12-30 09:37:49 - matching_Balmis - INFO -   Fuzzy matches (score >= 70, limit=500): 68
2025-12-30 09:37:49 - matching_Balmis - DEBUG -     gz_id=9901029 'puerto' score=1.000 nombre=False saint_only=False terr= phase=auto_adopt
2025-12-30 09:37:49 - matching_Balmis - DEBUG -     gz_id=9901029 'puerto' score=1.000 nombre=False saint_only=False terr= phase=auto_adopt
2025-12-30 09:37:49 - matching_Balmis - DEBUG -     gz_id=4000107 'puerto cabello' score=1.000 nombre=True saint_only=False terr=adm0_iso_exact phase=auto_adopt
2025-12-30 09:37:49 - matching_Balmis - DEBUG -     gz_id=4000107 'puerto cabello' score=1.000 nombre=True saint_only=False terr=adm0_iso_exact phase=auto_adopt
2025-12-30 09:37:49 - matching_Balmis - DEBUG -     gz_id=4000107 'puerto cabello' score=1.000 nombre=True saint_only=False terr=adm0_iso_exact phase=auto_adopt
2025-12-30 09:37:49 - matching_Balmis - DEBUG -     gz_id=4000107 'puerto cabello' score=1.000 nombre=True saint_only=False terr=adm0_iso_exact phase=auto_adopt
2025-12-30 09:37:49 - matching_Balmis - DEBUG -     gz_id=4000107 'puerto cabello' score=1.000 nombre=True saint_only=False terr=adm0_iso_exact phase=auto_adopt
2025-12-30 09:37:49 - matching_Balmis - DEBUG -     gz_id=4000107 'puerto cabello' score=1.000 nombre=True saint_only=False terr=adm0_iso_exact phase=auto_adopt
2025-12-30 09:37:49 - matching_Balmis - DEBUG -     gz_id=2000568 'puerto caballos' score=0.929 nombre=False saint_only=False terr= phase=auto_adopt
2025-12-30 09:37:49 - matching_Balmis - DEBUG -     gz_id=2000568 'puerto caballos' score=0.929 nombre=False saint_only=False terr= phase=auto_adopt
2025-12-30 09:37:49 - matching_Balmis - DEBUG -     gz_id=2000568 'puerto caballos' score=0.929 nombre=False saint_only=False terr= phase=auto_adopt
2025-12-30 09:37:49 - matching_Balmis - DEBUG -     gz_id=5000218 'puerto nare' score=0.818 nombre=False saint_only=False terr= phase=relegated
2025-12-30 09:37:49 - matching_Balmis - DEBUG -     gz_id=6000024 'ilo' score=0.824 nombre=False saint_only=False terr= phase=relegated
2025-12-30 09:37:49 - matching_Balmis - DEBUG -     gz_id=6000024 'ilo' score=0.824 nombre=False saint_only=False terr= phase=relegated
2025-12-30 09:37:49 - matching_Balmis - DEBUG -     gz_id=5000374 'puerto real' score=0.800 nombre=False saint_only=False terr= phase=relegated
2025-12-30 09:37:49 - matching_Balmis - DEBUG -     gz_id=5000374 'puerto real' score=0.800 nombre=False saint_only=False terr= phase=relegated
2025-12-30 09:37:49 - matching_Balmis - DEBUG -     gz_id=9900704 'puerto copiapo' score=0.783 nombre=False saint_only=False terr= phase=relegated
2025-12-30 09:37:49 - matching_Balmis - DEBUG -     gz_id=9900704 'puerto copiapo' score=0.783 nombre=False saint_only=False terr= phase=relegated
2025-12-30 09:37:49 - matching_Balmis - DEBUG -     gz_id=5600028 'puerto biejo' score=0.783 nombre=False saint_only=False terr= phase=relegated
2025-12-30 09:37:49 - matching_Balmis - DEBUG -     gz_id=5600028 'puerto biejo' score=0.783 nombre=False saint_only=False terr= phase=relegated
2025-12-30 09:37:49 - matching_Balmis - DEBUG -     gz_id=5600028 'puerto biejo' score=0.783 nombre=False saint_only=False terr= phase=relegated
2025-12-30 09:37:49 - matching_Balmis - DEBUG -     gz_id=9900701 'puerto huasco' score=0.762 nombre=False saint_only=False terr= phase=relegated
2025-12-30 09:37:49 - matching_Balmis - DEBUG -     gz_id=9900701 'puerto huasco' score=0.762 nombre=False saint_only=False terr= phase=relegated
2025-12-30 09:37:49 - matching_Balmis - DEBUG -     gz_id=9900701 'puerto huasco' score=0.762 nombre=False saint_only=False terr= phase=relegated
2025-12-30 09:37:49 - matching_Balmis - DEBUG -     gz_id=9900701 'puerto huasco' score=0.762 nombre=False saint_only=False terr= phase=relegated
2025-12-30 09:37:49 - matching_Balmis - DEBUG -     gz_id=4000323 'puerto santo' score=0.762 nombre=False saint_only=False terr=adm0_iso_exact phase=relegated
2025-12-30 09:37:49 - matching_Balmis - DEBUG -     gz_id=4000323 'puerto santo' score=0.762 nombre=False saint_only=False terr=adm0_iso_exact phase=relegated
2025-12-30 09:37:49 - matching_Balmis - DEBUG -     gz_id=4000323 'puerto santo' score=0.762 nombre=False saint_only=False terr=adm0_iso_exact phase=relegated
2025-12-30 09:37:49 - matching_Balmis - DEBUG -     gz_id=4000323 'puerto santo' score=0.762 nombre=False saint_only=False terr=adm0_iso_exact phase=relegated
2025-12-30 09:37:49 - matching_Balmis - DEBUG -     gz_id=4000323 'puerto santo' score=0.762 nombre=False saint_only=False terr=adm0_iso_exact phase=relegated
2025-12-30 09:37:49 - matching_Balmis - DEBUG -     gz_id=4000323 'puerto santo' score=0.762 nombre=False saint_only=False terr=adm0_iso_exact phase=relegated
2025-12-30 09:37:49 - matching_Balmis - DEBUG -     gz_id=4000323 'puerto santo' score=0.762 nombre=False saint_only=False terr=adm0_iso_exact phase=relegated
2025-12-30 09:37:49 - matching_Balmis - DEBUG -     gz_id=4000323 'puerto santo' score=0.762 nombre=False saint_only=False terr=adm0_iso_exact phase=relegated
2025-12-30 09:37:49 - matching_Balmis - DEBUG -     gz_id=4000323 'puerto santo' score=0.762 nombre=False saint_only=False terr=adm0_iso_exact phase=relegated
2025-12-30 09:37:49 - matching_Balmis - DEBUG -     gz_id=9900974 'puerto salto' score=0.762 nombre=False saint_only=False terr= phase=relegated
2025-12-30 09:37:49 - matching_Balmis - DEBUG -     gz_id=9900974 'puerto salto' score=0.762 nombre=False saint_only=False terr= phase=relegated
2025-12-30 09:37:49 - matching_Balmis - DEBUG -     gz_id=9900974 'puerto salto' score=0.762 nombre=False saint_only=False terr= phase=relegated
2025-12-30 09:37:49 - matching_Balmis - DEBUG -     gz_id=9900974 'puerto salto' score=0.762 nombre=False saint_only=False terr= phase=relegated
2025-12-30 09:37:49 - matching_Balmis - DEBUG -     gz_id=9900974 'puerto salto' score=0.762 nombre=False saint_only=False terr= phase=relegated
2025-12-30 09:37:49 - matching_Balmis - DEBUG -     gz_id=9900974 'puerto salto' score=0.762 nombre=False saint_only=False terr= phase=relegated
2025-12-30 09:37:49 - matching_Balmis - DEBUG -     gz_id=9900974 'puerto salto' score=0.762 nombre=False saint_only=False terr= phase=relegated
2025-12-30 09:37:49 - matching_Balmis - DEBUG -     gz_id=3000174 'puerto plata' score=0.762 nombre=False saint_only=False terr= phase=relegated
2025-12-30 09:37:49 - matching_Balmis - DEBUG -     gz_id=3000174 'puerto plata' score=0.762 nombre=False saint_only=False terr= phase=relegated
2025-12-30 09:37:49 - matching_Balmis - DEBUG -     gz_id=1005061 'puerto nabidad' score=0.750 nombre=False saint_only=False terr= phase=relegated
2025-12-30 09:37:49 - matching_Balmis - DEBUG -     gz_id=1005061 'puerto nabidad' score=0.750 nombre=False saint_only=False terr= phase=relegated
2025-12-30 09:37:49 - matching_Balmis - DEBUG -     gz_id=2000132 'puerto acajutla' score=0.750 nombre=False saint_only=False terr= phase=relegated
2025-12-30 09:37:49 - matching_Balmis - DEBUG -     gz_id=1000059 'puerto san blas' score=0.741 nombre=False saint_only=False terr= phase=relegated
2025-12-30 09:37:49 - matching_Balmis - DEBUG -     gz_id=1000059 'puerto san blas' score=0.741 nombre=False saint_only=False terr= phase=relegated
2025-12-30 09:37:49 - matching_Balmis - DEBUG -     gz_id=1000059 'puerto san blas' score=0.741 nombre=False saint_only=False terr= phase=relegated
2025-12-30 09:37:49 - matching_Balmis - DEBUG -     gz_id=9901005 'puerto brito' score=0.737 nombre=False saint_only=False terr= phase=relegated
2025-12-30 09:37:49 - matching_Balmis - DEBUG -     gz_id=9901005 'puerto brito' score=0.737 nombre=False saint_only=False terr= phase=relegated
2025-12-30 09:37:49 - matching_Balmis - DEBUG -     gz_id=9901005 'puerto brito' score=0.737 nombre=False saint_only=False terr= phase=relegated
2025-12-30 09:37:49 - matching_Balmis - DEBUG -     gz_id=4000004 'puerto espana' score=0.727 nombre=False saint_only=False terr= phase=relegated
2025-12-30 09:37:49 - matching_Balmis - DEBUG -     gz_id=4000004 'puerto espana' score=0.727 nombre=False saint_only=False terr= phase=relegated
2025-12-30 09:37:49 - matching_Balmis - DEBUG -     gz_id=4000004 'puerto espana' score=0.727 nombre=False saint_only=False terr= phase=relegated
2025-12-30 09:37:49 - matching_Balmis - DEBUG -     gz_id=4000004 'puerto espana' score=0.727 nombre=False saint_only=False terr= phase=relegated
2025-12-30 09:37:49 - matching_Balmis - DEBUG -     gz_id=4000004 'puerto espana' score=0.727 nombre=False saint_only=False terr= phase=relegated
2025-12-30 09:37:49 - matching_Balmis - DEBUG -     gz_id=4000004 'puerto espana' score=0.727 nombre=False saint_only=False terr= phase=relegated
2025-12-30 09:37:49 - matching_Balmis - DEBUG -     gz_id=4000004 'puerto espana' score=0.727 nombre=False saint_only=False terr= phase=relegated
2025-12-30 09:37:49 - matching_Balmis - DEBUG -     gz_id=9000716 'puerto deceado' score=0.720 nombre=False saint_only=False terr= phase=relegated
2025-12-30 09:37:49 - matching_Balmis - DEBUG -     gz_id=9000716 'puerto deceado' score=0.720 nombre=False saint_only=False terr= phase=relegated
2025-12-30 09:37:49 - matching_Balmis - DEBUG -     gz_id=9000716 'puerto deceado' score=0.720 nombre=False saint_only=False terr= phase=relegated
2025-12-30 09:37:49 - matching_Balmis - DEBUG -     gz_id=9000717 'puerto deceado' score=0.720 nombre=False saint_only=False terr= phase=relegated
2025-12-30 09:37:49 - matching_Balmis - DEBUG -     gz_id=9000717 'puerto deceado' score=0.720 nombre=False saint_only=False terr= phase=relegated
2025-12-30 09:37:49 - matching_Balmis - DEBUG -     gz_id=9000717 'puerto deceado' score=0.720 nombre=False saint_only=False terr= phase=relegated
2025-12-30 09:37:49 - matching_Balmis - DEBUG -     gz_id=5000714 'puerto san buenabentura' score=0.714 nombre=False saint_only=False terr= phase=relegated
2025-12-30 09:37:49 - matching_Balmis - DEBUG -     gz_id=5000714 'puerto san buenabentura' score=0.714 nombre=False saint_only=False terr= phase=relegated
2025-12-30 09:37:49 - matching_Balmis - DEBUG -     gz_id=5000714 'puerto san buenabentura' score=0.714 nombre=False saint_only=False terr= phase=relegated
2025-12-30 09:37:49 - matching_Balmis - INFO -   Before dedup: 68 candidates
2025-12-30 09:37:49 - matching_Balmis - INFO -   After dedup: 20 unique gz_ids
2025-12-30 09:37:49 - matching_Balmis - INFO -   Nombre matches (exact on lugar_nombre): 1
2025-12-30 09:37:49 - matching_Balmis - INFO -   Saint-only matches: 0
2025-12-30 09:37:49 - matching_Balmis - INFO -   Substantive matches: 20
2025-12-30 09:37:49 - matching_Balmis - INFO -   ✅ NOMBRE PRIORITY: Keeping ONLY 1 nombre matches, discarding 19 others
2025-12-30 09:37:49 - matching_Balmis - INFO -      gz_id=4000107: Puerto Cabello
2025-12-30 09:37:49 - matching_Balmis - INFO -   Input has territorial data: True
2025-12-30 09:37:49 - matching_Balmis - INFO -   Candidates with territory match: 1
2025-12-30 09:37:49 - matching_Balmis - INFO -   After territorial filter (keeping adm0): 1 candidates
2025-12-30 09:37:49 - matching_Balmis - INFO -   Auto-adopt candidates: 1
2025-12-30 09:37:49 - matching_Balmis - INFO -   Single auto-adopt, discarding other matches
2025-12-30 09:37:49 - matching_Balmis - INFO - 
============================================================
2025-12-30 09:37:49 - matching_Balmis - INFO - Processing rowID=5: 'Puerto Cabello' -> cleaned: 'puerto cabello'
2025-12-30 09:37:49 - matching_Balmis - INFO -   Token-based candidates: 120
2025-12-30 09:37:49 - matching_Balmis - INFO -   Filtering: need match on substantive tokens: ['puerto', 'cabello'] OR 2+ total tokens
2025-12-30 09:37:49 - matching_Balmis - INFO -   Fuzzy matches (score >= 70, limit=500): 68
2025-12-30 09:37:49 - matching_Balmis - DEBUG -     gz_id=9901029 'puerto' score=1.000 nombre=False saint_only=False terr= phase=auto_adopt
2025-12-30 09:37:49 - matching_Balmis - DEBUG -     gz_id=9901029 'puerto' score=1.000 nombre=False saint_only=False terr= phase=auto_adopt
2025-12-30 09:37:49 - matching_Balmis - DEBUG -     gz_id=4000107 'puerto cabello' score=1.000 nombre=True saint_only=False terr=adm0_iso_exact phase=auto_adopt
2025-12-30 09:37:49 - matching_Balmis - DEBUG -     gz_id=4000107 'puerto cabello' score=1.000 nombre=True saint_only=False terr=adm0_iso_exact phase=auto_adopt
2025-12-30 09:37:49 - matching_Balmis - DEBUG -     gz_id=4000107 'puerto cabello' score=1.000 nombre=True saint_only=False terr=adm0_iso_exact phase=auto_adopt
2025-12-30 09:37:49 - matching_Balmis - DEBUG -     gz_id=4000107 'puerto cabello' score=1.000 nombre=True saint_only=False terr=adm0_iso_exact phase=auto_adopt
2025-12-30 09:37:49 - matching_Balmis - DEBUG -     gz_id=4000107 'puerto cabello' score=1.000 nombre=True saint_only=False terr=adm0_iso_exact phase=auto_adopt
2025-12-30 09:37:49 - matching_Balmis - DEBUG -     gz_id=4000107 'puerto cabello' score=1.000 nombre=True saint_only=False terr=adm0_iso_exact phase=auto_adopt
2025-12-30 09:37:49 - matching_Balmis - DEBUG -     gz_id=2000568 'puerto caballos' score=0.929 nombre=False saint_only=False terr= phase=auto_adopt
2025-12-30 09:37:49 - matching_Balmis - DEBUG -     gz_id=2000568 'puerto caballos' score=0.929 nombre=False saint_only=False terr= phase=auto_adopt
2025-12-30 09:37:49 - matching_Balmis - DEBUG -     gz_id=2000568 'puerto caballos' score=0.929 nombre=False saint_only=False terr= phase=auto_adopt
2025-12-30 09:37:49 - matching_Balmis - DEBUG -     gz_id=5000218 'puerto nare' score=0.818 nombre=False saint_only=False terr= phase=relegated
2025-12-30 09:37:49 - matching_Balmis - DEBUG -     gz_id=6000024 'ilo' score=0.824 nombre=False saint_only=False terr= phase=relegated
2025-12-30 09:37:49 - matching_Balmis - DEBUG -     gz_id=6000024 'ilo' score=0.824 nombre=False saint_only=False terr= phase=relegated
2025-12-30 09:37:49 - matching_Balmis - DEBUG -     gz_id=5000374 'puerto real' score=0.800 nombre=False saint_only=False terr= phase=relegated
2025-12-30 09:37:49 - matching_Balmis - DEBUG -     gz_id=5000374 'puerto real' score=0.800 nombre=False saint_only=False terr= phase=relegated
2025-12-30 09:37:49 - matching_Balmis - DEBUG -     gz_id=9900704 'puerto copiapo' score=0.783 nombre=False saint_only=False terr= phase=relegated
2025-12-30 09:37:49 - matching_Balmis - DEBUG -     gz_id=9900704 'puerto copiapo' score=0.783 nombre=False saint_only=False terr= phase=relegated
2025-12-30 09:37:49 - matching_Balmis - DEBUG -     gz_id=5600028 'puerto biejo' score=0.783 nombre=False saint_only=False terr= phase=relegated
2025-12-30 09:37:49 - matching_Balmis - DEBUG -     gz_id=5600028 'puerto biejo' score=0.783 nombre=False saint_only=False terr= phase=relegated
2025-12-30 09:37:49 - matching_Balmis - DEBUG -     gz_id=5600028 'puerto biejo' score=0.783 nombre=False saint_only=False terr= phase=relegated
2025-12-30 09:37:49 - matching_Balmis - DEBUG -     gz_id=9900701 'puerto huasco' score=0.762 nombre=False saint_only=False terr= phase=relegated
2025-12-30 09:37:49 - matching_Balmis - DEBUG -     gz_id=9900701 'puerto huasco' score=0.762 nombre=False saint_only=False terr= phase=relegated
2025-12-30 09:37:49 - matching_Balmis - DEBUG -     gz_id=9900701 'puerto huasco' score=0.762 nombre=False saint_only=False terr= phase=relegated
2025-12-30 09:37:49 - matching_Balmis - DEBUG -     gz_id=9900701 'puerto huasco' score=0.762 nombre=False saint_only=False terr= phase=relegated
2025-12-30 09:37:49 - matching_Balmis - DEBUG -     gz_id=4000323 'puerto santo' score=0.762 nombre=False saint_only=False terr=adm0_iso_exact phase=relegated
2025-12-30 09:37:49 - matching_Balmis - DEBUG -     gz_id=4000323 'puerto santo' score=0.762 nombre=False saint_only=False terr=adm0_iso_exact phase=relegated
2025-12-30 09:37:49 - matching_Balmis - DEBUG -     gz_id=4000323 'puerto santo' score=0.762 nombre=False saint_only=False terr=adm0_iso_exact phase=relegated
2025-12-30 09:37:49 - matching_Balmis - DEBUG -     gz_id=4000323 'puerto santo' score=0.762 nombre=False saint_only=False terr=adm0_iso_exact phase=relegated
2025-12-30 09:37:49 - matching_Balmis - DEBUG -     gz_id=4000323 'puerto santo' score=0.762 nombre=False saint_only=False terr=adm0_iso_exact phase=relegated
2025-12-30 09:37:49 - matching_Balmis - DEBUG -     gz_id=4000323 'puerto santo' score=0.762 nombre=False saint_only=False terr=adm0_iso_exact phase=relegated
2025-12-30 09:37:49 - matching_Balmis - DEBUG -     gz_id=4000323 'puerto santo' score=0.762 nombre=False saint_only=False terr=adm0_iso_exact phase=relegated
2025-12-30 09:37:49 - matching_Balmis - DEBUG -     gz_id=4000323 'puerto santo' score=0.762 nombre=False saint_only=False terr=adm0_iso_exact phase=relegated
2025-12-30 09:37:49 - matching_Balmis - DEBUG -     gz_id=4000323 'puerto santo' score=0.762 nombre=False saint_only=False terr=adm0_iso_exact phase=relegated
2025-12-30 09:37:49 - matching_Balmis - DEBUG -     gz_id=9900974 'puerto salto' score=0.762 nombre=False saint_only=False terr= phase=relegated
2025-12-30 09:37:49 - matching_Balmis - DEBUG -     gz_id=9900974 'puerto salto' score=0.762 nombre=False saint_only=False terr= phase=relegated
2025-12-30 09:37:49 - matching_Balmis - DEBUG -     gz_id=9900974 'puerto salto' score=0.762 nombre=False saint_only=False terr= phase=relegated
2025-12-30 09:37:49 - matching_Balmis - DEBUG -     gz_id=9900974 'puerto salto' score=0.762 nombre=False saint_only=False terr= phase=relegated
2025-12-30 09:37:49 - matching_Balmis - DEBUG -     gz_id=9900974 'puerto salto' score=0.762 nombre=False saint_only=False terr= phase=relegated
2025-12-30 09:37:49 - matching_Balmis - DEBUG -     gz_id=9900974 'puerto salto' score=0.762 nombre=False saint_only=False terr= phase=relegated
2025-12-30 09:37:49 - matching_Balmis - DEBUG -     gz_id=9900974 'puerto salto' score=0.762 nombre=False saint_only=False terr= phase=relegated
2025-12-30 09:37:49 - matching_Balmis - DEBUG -     gz_id=3000174 'puerto plata' score=0.762 nombre=False saint_only=False terr= phase=relegated
2025-12-30 09:37:49 - matching_Balmis - DEBUG -     gz_id=3000174 'puerto plata' score=0.762 nombre=False saint_only=False terr= phase=relegated
2025-12-30 09:37:49 - matching_Balmis - DEBUG -     gz_id=1005061 'puerto nabidad' score=0.750 nombre=False saint_only=False terr= phase=relegated
2025-12-30 09:37:49 - matching_Balmis - DEBUG -     gz_id=1005061 'puerto nabidad' score=0.750 nombre=False saint_only=False terr= phase=relegated
2025-12-30 09:37:49 - matching_Balmis - DEBUG -     gz_id=2000132 'puerto acajutla' score=0.750 nombre=False saint_only=False terr= phase=relegated
2025-12-30 09:37:49 - matching_Balmis - DEBUG -     gz_id=1000059 'puerto san blas' score=0.741 nombre=False saint_only=False terr= phase=relegated
2025-12-30 09:37:49 - matching_Balmis - DEBUG -     gz_id=1000059 'puerto san blas' score=0.741 nombre=False saint_only=False terr= phase=relegated
2025-12-30 09:37:49 - matching_Balmis - DEBUG -     gz_id=1000059 'puerto san blas' score=0.741 nombre=False saint_only=False terr= phase=relegated
2025-12-30 09:37:49 - matching_Balmis - DEBUG -     gz_id=9901005 'puerto brito' score=0.737 nombre=False saint_only=False terr= phase=relegated
2025-12-30 09:37:49 - matching_Balmis - DEBUG -     gz_id=9901005 'puerto brito' score=0.737 nombre=False saint_only=False terr= phase=relegated
2025-12-30 09:37:49 - matching_Balmis - DEBUG -     gz_id=9901005 'puerto brito' score=0.737 nombre=False saint_only=False terr= phase=relegated
2025-12-30 09:37:49 - matching_Balmis - DEBUG -     gz_id=4000004 'puerto espana' score=0.727 nombre=False saint_only=False terr= phase=relegated
2025-12-30 09:37:49 - matching_Balmis - DEBUG -     gz_id=4000004 'puerto espana' score=0.727 nombre=False saint_only=False terr= phase=relegated
2025-12-30 09:37:49 - matching_Balmis - DEBUG -     gz_id=4000004 'puerto espana' score=0.727 nombre=False saint_only=False terr= phase=relegated
2025-12-30 09:37:49 - matching_Balmis - DEBUG -     gz_id=4000004 'puerto espana' score=0.727 nombre=False saint_only=False terr= phase=relegated
2025-12-30 09:37:49 - matching_Balmis - DEBUG -     gz_id=4000004 'puerto espana' score=0.727 nombre=False saint_only=False terr= phase=relegated
2025-12-30 09:37:49 - matching_Balmis - DEBUG -     gz_id=4000004 'puerto espana' score=0.727 nombre=False saint_only=False terr= phase=relegated
2025-12-30 09:37:49 - matching_Balmis - DEBUG -     gz_id=4000004 'puerto espana' score=0.727 nombre=False saint_only=False terr= phase=relegated
2025-12-30 09:37:49 - matching_Balmis - DEBUG -     gz_id=9000716 'puerto deceado' score=0.720 nombre=False saint_only=False terr= phase=relegated
2025-12-30 09:37:49 - matching_Balmis - DEBUG -     gz_id=9000716 'puerto deceado' score=0.720 nombre=False saint_only=False terr= phase=relegated
2025-12-30 09:37:49 - matching_Balmis - DEBUG -     gz_id=9000716 'puerto deceado' score=0.720 nombre=False saint_only=False terr= phase=relegated
2025-12-30 09:37:49 - matching_Balmis - DEBUG -     gz_id=9000717 'puerto deceado' score=0.720 nombre=False saint_only=False terr= phase=relegated
2025-12-30 09:37:49 - matching_Balmis - DEBUG -     gz_id=9000717 'puerto deceado' score=0.720 nombre=False saint_only=False terr= phase=relegated
2025-12-30 09:37:49 - matching_Balmis - DEBUG -     gz_id=9000717 'puerto deceado' score=0.720 nombre=False saint_only=False terr= phase=relegated
2025-12-30 09:37:49 - matching_Balmis - DEBUG -     gz_id=5000714 'puerto san buenabentura' score=0.714 nombre=False saint_only=False terr= phase=relegated
2025-12-30 09:37:49 - matching_Balmis - DEBUG -     gz_id=5000714 'puerto san buenabentura' score=0.714 nombre=False saint_only=False terr= phase=relegated
2025-12-30 09:37:49 - matching_Balmis - DEBUG -     gz_id=5000714 'puerto san buenabentura' score=0.714 nombre=False saint_only=False terr= phase=relegated
2025-12-30 09:37:49 - matching_Balmis - INFO -   Before dedup: 68 candidates
2025-12-30 09:37:49 - matching_Balmis - INFO -   After dedup: 20 unique gz_ids
2025-12-30 09:37:49 - matching_Balmis - INFO -   Nombre matches (exact on lugar_nombre): 1
2025-12-30 09:37:49 - matching_Balmis - INFO -   Saint-only matches: 0
2025-12-30 09:37:49 - matching_Balmis - INFO -   Substantive matches: 20
2025-12-30 09:37:49 - matching_Balmis - INFO -   ✅ NOMBRE PRIORITY: Keeping ONLY 1 nombre matches, discarding 19 others
2025-12-30 09:37:49 - matching_Balmis - INFO -      gz_id=4000107: Puerto Cabello
2025-12-30 09:37:49 - matching_Balmis - INFO -   Input has territorial data: True
2025-12-30 09:37:49 - matching_Balmis - INFO -   Candidates with territory match: 1
2025-12-30 09:37:49 - matching_Balmis - INFO -   After territorial filter (keeping adm0): 1 candidates
2025-12-30 09:37:49 - matching_Balmis - INFO -   Auto-adopt candidates: 1
2025-12-30 09:37:49 - matching_Balmis - INFO -   Single auto-adopt, discarding other matches
2025-12-30 09:37:49 - matching_Balmis - INFO - 
============================================================
2025-12-30 09:37:49 - matching_Balmis - INFO - Processing rowID=6: 'Caracas' -> cleaned: 'caracas'
2025-12-30 09:37:49 - matching_Balmis - INFO -   Token-based candidates: 12
2025-12-30 09:37:49 - matching_Balmis - INFO -   Fuzzy matches (score >= 70, limit=500): 6
2025-12-30 09:37:49 - matching_Balmis - DEBUG -     gz_id=4000001 'caracas' score=1.000 nombre=True saint_only=False terr=adm0_iso_exact phase=auto_adopt
2025-12-30 09:37:49 - matching_Balmis - DEBUG -     gz_id=4000001 'caracas' score=1.000 nombre=True saint_only=False terr=adm0_iso_exact phase=auto_adopt
2025-12-30 09:37:49 - matching_Balmis - DEBUG -     gz_id=4000001 'caracas' score=1.000 nombre=True saint_only=False terr=adm0_iso_exact phase=auto_adopt
2025-12-30 09:37:49 - matching_Balmis - DEBUG -     gz_id=4000001 'caracas' score=1.000 nombre=True saint_only=False terr=adm0_iso_exact phase=auto_adopt
2025-12-30 09:37:49 - matching_Balmis - DEBUG -     gz_id=4000001 'caracas' score=1.000 nombre=True saint_only=False terr=adm0_iso_exact phase=auto_adopt
2025-12-30 09:37:49 - matching_Balmis - DEBUG -     gz_id=4000001 'caracas' score=1.000 nombre=True saint_only=False terr=adm0_iso_exact phase=auto_adopt
2025-12-30 09:37:49 - matching_Balmis - INFO -   Before dedup: 6 candidates
2025-12-30 09:37:49 - matching_Balmis - INFO -   After dedup: 1 unique gz_ids
2025-12-30 09:37:49 - matching_Balmis - INFO -   Nombre matches (exact on lugar_nombre): 1
2025-12-30 09:37:49 - matching_Balmis - INFO -   Saint-only matches: 0
2025-12-30 09:37:49 - matching_Balmis - INFO -   Substantive matches: 1
2025-12-30 09:37:49 - matching_Balmis - INFO -   ✅ NOMBRE PRIORITY: Keeping ONLY 1 nombre matches, discarding 0 others
2025-12-30 09:37:49 - matching_Balmis - INFO -      gz_id=4000001: Caracas
2025-12-30 09:37:49 - matching_Balmis - INFO -   Input has territorial data: True
2025-12-30 09:37:49 - matching_Balmis - INFO -   Candidates with territory match: 1
2025-12-30 09:37:49 - matching_Balmis - INFO -   After territorial filter (keeping adm0): 1 candidates
2025-12-30 09:37:49 - matching_Balmis - INFO -   Auto-adopt candidates: 1
2025-12-30 09:37:49 - matching_Balmis - INFO -   Single auto-adopt, discarding other matches
2025-12-30 09:37:49 - matching_Balmis - INFO - 
============================================================
2025-12-30 09:37:49 - matching_Balmis - INFO - Processing rowID=7: 'Caracas' -> cleaned: 'caracas'
2025-12-30 09:37:49 - matching_Balmis - INFO -   Token-based candidates: 12
2025-12-30 09:37:49 - matching_Balmis - INFO -   Fuzzy matches (score >= 70, limit=500): 6
2025-12-30 09:37:49 - matching_Balmis - DEBUG -     gz_id=4000001 'caracas' score=1.000 nombre=True saint_only=False terr=adm0_iso_exact phase=auto_adopt
2025-12-30 09:37:49 - matching_Balmis - DEBUG -     gz_id=4000001 'caracas' score=1.000 nombre=True saint_only=False terr=adm0_iso_exact phase=auto_adopt
2025-12-30 09:37:49 - matching_Balmis - DEBUG -     gz_id=4000001 'caracas' score=1.000 nombre=True saint_only=False terr=adm0_iso_exact phase=auto_adopt
2025-12-30 09:37:49 - matching_Balmis - DEBUG -     gz_id=4000001 'caracas' score=1.000 nombre=True saint_only=False terr=adm0_iso_exact phase=auto_adopt
2025-12-30 09:37:49 - matching_Balmis - DEBUG -     gz_id=4000001 'caracas' score=1.000 nombre=True saint_only=False terr=adm0_iso_exact phase=auto_adopt
2025-12-30 09:37:49 - matching_Balmis - DEBUG -     gz_id=4000001 'caracas' score=1.000 nombre=True saint_only=False terr=adm0_iso_exact phase=auto_adopt
2025-12-30 09:37:49 - matching_Balmis - INFO -   Before dedup: 6 candidates
2025-12-30 09:37:49 - matching_Balmis - INFO -   After dedup: 1 unique gz_ids
2025-12-30 09:37:49 - matching_Balmis - INFO -   Nombre matches (exact on lugar_nombre): 1
2025-12-30 09:37:49 - matching_Balmis - INFO -   Saint-only matches: 0
2025-12-30 09:37:49 - matching_Balmis - INFO -   Substantive matches: 1
2025-12-30 09:37:49 - matching_Balmis - INFO -   ✅ NOMBRE PRIORITY: Keeping ONLY 1 nombre matches, discarding 0 others
2025-12-30 09:37:49 - matching_Balmis - INFO -      gz_id=4000001: Caracas
2025-12-30 09:37:49 - matching_Balmis - INFO -   Input has territorial data: True
2025-12-30 09:37:49 - matching_Balmis - INFO -   Candidates with territory match: 1
2025-12-30 09:37:49 - matching_Balmis - INFO -   After territorial filter (keeping adm0): 1 candidates
2025-12-30 09:37:49 - matching_Balmis - INFO -   Auto-adopt candidates: 1
2025-12-30 09:37:49 - matching_Balmis - INFO -   Single auto-adopt, discarding other matches
2025-12-30 09:37:49 - matching_Balmis - INFO - 
============================================================
2025-12-30 09:37:49 - matching_Balmis - INFO - Processing rowID=8: 'La Guaira' -> cleaned: 'huaira'
2025-12-30 09:37:49 - matching_Balmis - INFO -   Token-based candidates: 12
2025-12-30 09:37:49 - matching_Balmis - INFO -   Fuzzy matches (score >= 70, limit=500): 6
2025-12-30 09:37:49 - matching_Balmis - DEBUG -     gz_id=4000010 'huaira' score=1.000 nombre=True saint_only=False terr=adm0_iso_exact phase=auto_adopt
2025-12-30 09:37:49 - matching_Balmis - DEBUG -     gz_id=4000010 'huaira' score=1.000 nombre=True saint_only=False terr=adm0_iso_exact phase=auto_adopt
2025-12-30 09:37:49 - matching_Balmis - DEBUG -     gz_id=4000010 'huaira' score=1.000 nombre=True saint_only=False terr=adm0_iso_exact phase=auto_adopt
2025-12-30 09:37:49 - matching_Balmis - DEBUG -     gz_id=4000010 'huaira' score=1.000 nombre=True saint_only=False terr=adm0_iso_exact phase=auto_adopt
2025-12-30 09:37:49 - matching_Balmis - DEBUG -     gz_id=4000010 'huaira' score=1.000 nombre=True saint_only=False terr=adm0_iso_exact phase=auto_adopt
2025-12-30 09:37:49 - matching_Balmis - DEBUG -     gz_id=4000010 'huaira' score=1.000 nombre=True saint_only=False terr=adm0_iso_exact phase=auto_adopt
2025-12-30 09:37:49 - matching_Balmis - INFO -   Before dedup: 6 candidates
2025-12-30 09:37:49 - matching_Balmis - INFO -   After dedup: 1 unique gz_ids
2025-12-30 09:37:49 - matching_Balmis - INFO -   Nombre matches (exact on lugar_nombre): 1
2025-12-30 09:37:49 - matching_Balmis - INFO -   Saint-only matches: 0
2025-12-30 09:37:49 - matching_Balmis - INFO -   Substantive matches: 1
2025-12-30 09:37:49 - matching_Balmis - INFO -   ✅ NOMBRE PRIORITY: Keeping ONLY 1 nombre matches, discarding 0 others
2025-12-30 09:37:49 - matching_Balmis - INFO -      gz_id=4000010: La Guaira
2025-12-30 09:37:49 - matching_Balmis - INFO -   Input has territorial data: True
2025-12-30 09:37:49 - matching_Balmis - INFO -   Candidates with territory match: 1
2025-12-30 09:37:49 - matching_Balmis - INFO -   After territorial filter (keeping adm0): 1 candidates
2025-12-30 09:37:49 - matching_Balmis - INFO -   Auto-adopt candidates: 1
2025-12-30 09:37:49 - matching_Balmis - INFO -   Single auto-adopt, discarding other matches
2025-12-30 09:37:49 - matching_Balmis - INFO - 
============================================================
2025-12-30 09:37:49 - matching_Balmis - INFO - Processing rowID=9: 'Barranquilla' -> cleaned: 'barranquilla'
2025-12-30 09:37:49 - matching_Balmis - INFO -   Token-based candidates: 3
2025-12-30 09:37:49 - matching_Balmis - INFO -   Fuzzy matches (score >= 70, limit=500): 3
2025-12-30 09:37:49 - matching_Balmis - DEBUG -     gz_id=5000047 'barranquilla' score=1.000 nombre=False saint_only=False terr=adm0_iso_exact phase=auto_adopt
2025-12-30 09:37:49 - matching_Balmis - DEBUG -     gz_id=5000047 'barranquilla' score=1.000 nombre=False saint_only=False terr=adm0_iso_exact phase=auto_adopt
2025-12-30 09:37:49 - matching_Balmis - DEBUG -     gz_id=5000047 'barranquilla' score=1.000 nombre=False saint_only=False terr=adm0_iso_exact phase=auto_adopt
2025-12-30 09:37:49 - matching_Balmis - INFO -   Before dedup: 3 candidates
2025-12-30 09:37:49 - matching_Balmis - INFO -   After dedup: 1 unique gz_ids
2025-12-30 09:37:49 - matching_Balmis - INFO -   Nombre matches (exact on lugar_nombre): 0
2025-12-30 09:37:49 - matching_Balmis - INFO -   Saint-only matches: 0
2025-12-30 09:37:49 - matching_Balmis - INFO -   Substantive matches: 1
2025-12-30 09:37:49 - matching_Balmis - INFO -   Input has territorial data: True
2025-12-30 09:37:49 - matching_Balmis - INFO -   Candidates with territory match: 1
2025-12-30 09:37:49 - matching_Balmis - INFO -   After territorial filter (keeping adm0): 1 candidates
2025-12-30 09:37:49 - matching_Balmis - INFO -   Auto-adopt candidates: 1
2025-12-30 09:37:49 - matching_Balmis - INFO -   Single auto-adopt, discarding other matches
2025-12-30 09:37:49 - matching_Balmis - INFO - 
============================================================
2025-12-30 09:37:49 - matching_Balmis - INFO - Processing rowID=10: 'Cartagena de Indias' -> cleaned: 'cartajena indias'
2025-12-30 09:37:49 - matching_Balmis - INFO -   Token-based candidates: 4
2025-12-30 09:37:49 - matching_Balmis - INFO -   Filtering: need match on substantive tokens: ['cartajena', 'indias'] OR 2+ total tokens
2025-12-30 09:37:49 - matching_Balmis - INFO -   Fuzzy matches (score >= 70, limit=500): 4
2025-12-30 09:37:49 - matching_Balmis - DEBUG -     gz_id=5000004 'cartajena' score=1.000 nombre=True saint_only=False terr=adm0_iso_exact phase=auto_adopt
2025-12-30 09:37:49 - matching_Balmis - DEBUG -     gz_id=7000224 'cartajena' score=1.000 nombre=False saint_only=False terr= phase=auto_adopt
2025-12-30 09:37:49 - matching_Balmis - DEBUG -     gz_id=5000004 'cartajena' score=1.000 nombre=True saint_only=False terr=adm0_iso_exact phase=auto_adopt
2025-12-30 09:37:49 - matching_Balmis - DEBUG -     gz_id=7000224 'cartajena' score=1.000 nombre=False saint_only=False terr= phase=auto_adopt
2025-12-30 09:37:49 - matching_Balmis - INFO -   Before dedup: 4 candidates
2025-12-30 09:37:49 - matching_Balmis - INFO -   After dedup: 2 unique gz_ids
2025-12-30 09:37:49 - matching_Balmis - INFO -   Nombre matches (exact on lugar_nombre): 1
2025-12-30 09:37:49 - matching_Balmis - INFO -   Saint-only matches: 0
2025-12-30 09:37:49 - matching_Balmis - INFO -   Substantive matches: 2
2025-12-30 09:37:49 - matching_Balmis - INFO -   ✅ NOMBRE PRIORITY: Keeping ONLY 1 nombre matches, discarding 1 others
2025-12-30 09:37:49 - matching_Balmis - INFO -      gz_id=5000004: Cartagena
2025-12-30 09:37:49 - matching_Balmis - INFO -   Input has territorial data: True
2025-12-30 09:37:49 - matching_Balmis - INFO -   Candidates with territory match: 1
2025-12-30 09:37:49 - matching_Balmis - INFO -   After territorial filter (keeping adm0): 1 candidates
2025-12-30 09:37:49 - matching_Balmis - INFO -   Auto-adopt candidates: 1
2025-12-30 09:37:49 - matching_Balmis - INFO -   Single auto-adopt, discarding other matches
2025-12-30 09:37:49 - matching_Balmis - INFO - Processing row 10, rowID=11
2025-12-30 09:37:49 - matching_Balmis - INFO - 
============================================================
2025-12-30 09:37:49 - matching_Balmis - INFO - Processing rowID=11: 'Mompox' -> cleaned: 'mompox'
2025-12-30 09:37:49 - matching_Balmis - INFO -   Token-based candidates: 4
2025-12-30 09:37:49 - matching_Balmis - INFO -   Fuzzy matches (score >= 70, limit=500): 4
2025-12-30 09:37:49 - matching_Balmis - DEBUG -     gz_id=5000024 'mompox' score=1.000 nombre=True saint_only=False terr=adm0_iso_exact phase=auto_adopt
2025-12-30 09:37:49 - matching_Balmis - DEBUG -     gz_id=5000024 'mompox' score=1.000 nombre=True saint_only=False terr=adm0_iso_exact phase=auto_adopt
2025-12-30 09:37:49 - matching_Balmis - DEBUG -     gz_id=5000024 'mompox' score=1.000 nombre=True saint_only=False terr=adm0_iso_exact phase=auto_adopt
2025-12-30 09:37:49 - matching_Balmis - DEBUG -     gz_id=5000024 'mompox' score=1.000 nombre=True saint_only=False terr=adm0_iso_exact phase=auto_adopt
2025-12-30 09:37:49 - matching_Balmis - INFO -   Before dedup: 4 candidates
2025-12-30 09:37:49 - matching_Balmis - INFO -   After dedup: 1 unique gz_ids
2025-12-30 09:37:49 - matching_Balmis - INFO -   Nombre matches (exact on lugar_nombre): 1
2025-12-30 09:37:49 - matching_Balmis - INFO -   Saint-only matches: 0
2025-12-30 09:37:49 - matching_Balmis - INFO -   Substantive matches: 1
2025-12-30 09:37:49 - matching_Balmis - INFO -   ✅ NOMBRE PRIORITY: Keeping ONLY 1 nombre matches, discarding 0 others
2025-12-30 09:37:49 - matching_Balmis - INFO -      gz_id=5000024: Mompox
2025-12-30 09:37:49 - matching_Balmis - INFO -   Input has territorial data: True
2025-12-30 09:37:49 - matching_Balmis - INFO -   Candidates with territory match: 1
2025-12-30 09:37:49 - matching_Balmis - INFO -   After territorial filter (keeping adm0): 1 candidates
2025-12-30 09:37:49 - matching_Balmis - INFO -   Auto-adopt candidates: 1
2025-12-30 09:37:49 - matching_Balmis - INFO -   Single auto-adopt, discarding other matches
2025-12-30 09:37:49 - matching_Balmis - INFO - 
============================================================
2025-12-30 09:37:49 - matching_Balmis - INFO - Processing rowID=12: 'Ocaña' -> cleaned: 'ocana'
2025-12-30 09:37:49 - matching_Balmis - INFO -   Token-based candidates: 2
2025-12-30 09:37:49 - matching_Balmis - INFO -   Fuzzy matches (score >= 70, limit=500): 2
2025-12-30 09:37:49 - matching_Balmis - DEBUG -     gz_id=5000039 'ocana' score=1.000 nombre=True saint_only=False terr=adm0_iso_exact phase=auto_adopt
2025-12-30 09:37:49 - matching_Balmis - DEBUG -     gz_id=5000039 'ocana' score=1.000 nombre=True saint_only=False terr=adm0_iso_exact phase=auto_adopt
2025-12-30 09:37:49 - matching_Balmis - INFO -   Before dedup: 2 candidates
2025-12-30 09:37:49 - matching_Balmis - INFO -   After dedup: 1 unique gz_ids
2025-12-30 09:37:49 - matching_Balmis - INFO -   Nombre matches (exact on lugar_nombre): 1
2025-12-30 09:37:49 - matching_Balmis - INFO -   Saint-only matches: 0
2025-12-30 09:37:49 - matching_Balmis - INFO -   Substantive matches: 1
2025-12-30 09:37:49 - matching_Balmis - INFO -   ✅ NOMBRE PRIORITY: Keeping ONLY 1 nombre matches, discarding 0 others
2025-12-30 09:37:49 - matching_Balmis - INFO -      gz_id=5000039: Ocaña
2025-12-30 09:37:49 - matching_Balmis - INFO -   Input has territorial data: True
2025-12-30 09:37:49 - matching_Balmis - INFO -   Candidates with territory match: 1
2025-12-30 09:37:49 - matching_Balmis - INFO -   After territorial filter (keeping adm0): 1 candidates
2025-12-30 09:37:49 - matching_Balmis - INFO -   Auto-adopt candidates: 1
2025-12-30 09:37:49 - matching_Balmis - INFO -   Single auto-adopt, discarding other matches
2025-12-30 09:37:49 - matching_Balmis - INFO - 
============================================================
2025-12-30 09:37:49 - matching_Balmis - INFO - Processing rowID=13: 'Cúcuta' -> cleaned: 'cucuta'
2025-12-30 09:37:49 - matching_Balmis - INFO -   Token-based candidates: 8
2025-12-30 09:37:49 - matching_Balmis - INFO -   Fuzzy matches (score >= 70, limit=500): 5
2025-12-30 09:37:49 - matching_Balmis - DEBUG -     gz_id=5000267 'pueblo cucuta' score=1.000 nombre=False saint_only=False terr=adm0_iso_exact phase=auto_adopt
2025-12-30 09:37:49 - matching_Balmis - DEBUG -     gz_id=5000267 'pueblo cucuta' score=1.000 nombre=False saint_only=False terr=adm0_iso_exact phase=auto_adopt
2025-12-30 09:37:49 - matching_Balmis - DEBUG -     gz_id=5000267 'pueblo cucuta' score=1.000 nombre=False saint_only=False terr=adm0_iso_exact phase=auto_adopt
2025-12-30 09:37:49 - matching_Balmis - DEBUG -     gz_id=5000267 'pueblo cucuta' score=1.000 nombre=False saint_only=False terr=adm0_iso_exact phase=auto_adopt
2025-12-30 09:37:49 - matching_Balmis - DEBUG -     gz_id=5000267 'pueblo cucuta' score=1.000 nombre=False saint_only=False terr=adm0_iso_exact phase=auto_adopt
2025-12-30 09:37:49 - matching_Balmis - INFO -   Before dedup: 5 candidates
2025-12-30 09:37:49 - matching_Balmis - INFO -   After dedup: 1 unique gz_ids
2025-12-30 09:37:49 - matching_Balmis - INFO -   Nombre matches (exact on lugar_nombre): 0
2025-12-30 09:37:49 - matching_Balmis - INFO -   Saint-only matches: 0
2025-12-30 09:37:49 - matching_Balmis - INFO -   Substantive matches: 1
2025-12-30 09:37:49 - matching_Balmis - INFO -   Input has territorial data: True
2025-12-30 09:37:49 - matching_Balmis - INFO -   Candidates with territory match: 1
2025-12-30 09:37:49 - matching_Balmis - INFO -   After territorial filter (keeping adm0): 1 candidates
2025-12-30 09:37:49 - matching_Balmis - INFO -   Auto-adopt candidates: 1
2025-12-30 09:37:49 - matching_Balmis - INFO -   Single auto-adopt, discarding other matches
2025-12-30 09:37:49 - matching_Balmis - INFO - 
============================================================
2025-12-30 09:37:49 - matching_Balmis - INFO - Processing rowID=14: 'Pamplona' -> cleaned: 'pamplona'
2025-12-30 09:37:49 - matching_Balmis - INFO -   Token-based candidates: 2
2025-12-30 09:37:49 - matching_Balmis - INFO -   Fuzzy matches (score >= 70, limit=500): 2
2025-12-30 09:37:49 - matching_Balmis - DEBUG -     gz_id=5000016 'pamplona' score=1.000 nombre=True saint_only=False terr=adm0_iso_exact phase=auto_adopt
2025-12-30 09:37:49 - matching_Balmis - DEBUG -     gz_id=5000016 'pamplona' score=1.000 nombre=True saint_only=False terr=adm0_iso_exact phase=auto_adopt
2025-12-30 09:37:49 - matching_Balmis - INFO -   Before dedup: 2 candidates
2025-12-30 09:37:49 - matching_Balmis - INFO -   After dedup: 1 unique gz_ids
2025-12-30 09:37:49 - matching_Balmis - INFO -   Nombre matches (exact on lugar_nombre): 1
2025-12-30 09:37:49 - matching_Balmis - INFO -   Saint-only matches: 0
2025-12-30 09:37:49 - matching_Balmis - INFO -   Substantive matches: 1
2025-12-30 09:37:49 - matching_Balmis - INFO -   ✅ NOMBRE PRIORITY: Keeping ONLY 1 nombre matches, discarding 0 others
2025-12-30 09:37:49 - matching_Balmis - INFO -      gz_id=5000016: Pamplona
2025-12-30 09:37:49 - matching_Balmis - INFO -   Input has territorial data: True
2025-12-30 09:37:49 - matching_Balmis - INFO -   Candidates with territory match: 1
2025-12-30 09:37:49 - matching_Balmis - INFO -   After territorial filter (keeping adm0): 1 candidates
2025-12-30 09:37:49 - matching_Balmis - INFO -   Auto-adopt candidates: 1
2025-12-30 09:37:49 - matching_Balmis - INFO -   Single auto-adopt, discarding other matches
2025-12-30 09:37:49 - matching_Balmis - INFO - 
============================================================
2025-12-30 09:37:49 - matching_Balmis - INFO - Processing rowID=15: 'Girón' -> cleaned: 'jiron'
2025-12-30 09:37:49 - matching_Balmis - INFO -   Token-based candidates: 7
2025-12-30 09:37:49 - matching_Balmis - INFO -   Fuzzy matches (score >= 70, limit=500): 7
2025-12-30 09:37:49 - matching_Balmis - DEBUG -     gz_id=5600086 'jiron' score=1.000 nombre=True saint_only=False terr= phase=auto_adopt
2025-12-30 09:37:49 - matching_Balmis - DEBUG -     gz_id=5000036 'jiron' score=1.000 nombre=True saint_only=False terr=adm0_iso_exact phase=auto_adopt
2025-12-30 09:37:49 - matching_Balmis - DEBUG -     gz_id=5000036 'jiron' score=1.000 nombre=True saint_only=False terr=adm0_iso_exact phase=auto_adopt
2025-12-30 09:37:49 - matching_Balmis - DEBUG -     gz_id=5600086 'jiron' score=1.000 nombre=True saint_only=False terr= phase=auto_adopt
2025-12-30 09:37:49 - matching_Balmis - DEBUG -     gz_id=5600086 'jiron' score=1.000 nombre=True saint_only=False terr= phase=auto_adopt
2025-12-30 09:37:49 - matching_Balmis - DEBUG -     gz_id=5600086 'jiron' score=1.000 nombre=True saint_only=False terr= phase=auto_adopt
2025-12-30 09:37:49 - matching_Balmis - DEBUG -     gz_id=5600086 'jiron' score=1.000 nombre=True saint_only=False terr= phase=auto_adopt
2025-12-30 09:37:49 - matching_Balmis - INFO -   Before dedup: 7 candidates
2025-12-30 09:37:49 - matching_Balmis - INFO -   After dedup: 2 unique gz_ids
2025-12-30 09:37:49 - matching_Balmis - INFO -   Nombre matches (exact on lugar_nombre): 2
2025-12-30 09:37:49 - matching_Balmis - INFO -   Saint-only matches: 0
2025-12-30 09:37:49 - matching_Balmis - INFO -   Substantive matches: 2
2025-12-30 09:37:49 - matching_Balmis - INFO -   ✅ NOMBRE PRIORITY: Keeping ONLY 2 nombre matches, discarding 0 others
2025-12-30 09:37:49 - matching_Balmis - INFO -      gz_id=5600086: Giron
2025-12-30 09:37:49 - matching_Balmis - INFO -      gz_id=5000036: Giron
2025-12-30 09:37:49 - matching_Balmis - INFO -   Input has territorial data: True
2025-12-30 09:37:49 - matching_Balmis - INFO -   Candidates with territory match: 1
2025-12-30 09:37:49 - matching_Balmis - INFO -   After territorial filter (keeping adm0): 1 candidates
2025-12-30 09:37:49 - matching_Balmis - INFO -   Auto-adopt candidates: 1
2025-12-30 09:37:49 - matching_Balmis - INFO -   Single auto-adopt, discarding other matches
2025-12-30 09:37:49 - matching_Balmis - INFO - 
============================================================
2025-12-30 09:37:49 - matching_Balmis - INFO - Processing rowID=16: 'Socorro' -> cleaned: 'socorro'
2025-12-30 09:37:49 - matching_Balmis - INFO -   Token-based candidates: 17
2025-12-30 09:37:49 - matching_Balmis - INFO -   Fuzzy matches (score >= 70, limit=500): 13
2025-12-30 09:37:49 - matching_Balmis - DEBUG -     gz_id=5000015 'socorro' score=1.000 nombre=True saint_only=False terr=adm0_iso_exact phase=auto_adopt
2025-12-30 09:37:49 - matching_Balmis - DEBUG -     gz_id=9000702 'barrio socorro' score=1.000 nombre=False saint_only=True terr= phase=auto_adopt
2025-12-30 09:37:49 - matching_Balmis - DEBUG -     gz_id=9000702 'barrio socorro' score=1.000 nombre=False saint_only=True terr= phase=auto_adopt
2025-12-30 09:37:49 - matching_Balmis - DEBUG -     gz_id=1004787 'socorro' score=1.000 nombre=True saint_only=False terr= phase=auto_adopt
2025-12-30 09:37:49 - matching_Balmis - DEBUG -     gz_id=1004787 'socorro' score=1.000 nombre=True saint_only=False terr= phase=auto_adopt
2025-12-30 09:37:49 - matching_Balmis - DEBUG -     gz_id=9000702 'barrio socorro' score=1.000 nombre=False saint_only=True terr= phase=auto_adopt
2025-12-30 09:37:49 - matching_Balmis - DEBUG -     gz_id=4000362 'socorro' score=1.000 nombre=True saint_only=False terr= phase=auto_adopt
2025-12-30 09:37:49 - matching_Balmis - DEBUG -     gz_id=4000362 'socorro' score=1.000 nombre=True saint_only=False terr= phase=auto_adopt
2025-12-30 09:37:49 - matching_Balmis - DEBUG -     gz_id=4000362 'socorro' score=1.000 nombre=True saint_only=False terr= phase=auto_adopt
2025-12-30 09:37:49 - matching_Balmis - DEBUG -     gz_id=4000362 'socorro' score=1.000 nombre=True saint_only=False terr= phase=auto_adopt
2025-12-30 09:37:49 - matching_Balmis - DEBUG -     gz_id=4000362 'socorro' score=1.000 nombre=True saint_only=False terr= phase=auto_adopt
2025-12-30 09:37:49 - matching_Balmis - DEBUG -     gz_id=4000362 'socorro' score=1.000 nombre=True saint_only=False terr= phase=auto_adopt
2025-12-30 09:37:49 - matching_Balmis - DEBUG -     gz_id=4000362 'socorro' score=1.000 nombre=True saint_only=False terr= phase=auto_adopt
2025-12-30 09:37:49 - matching_Balmis - INFO -   Before dedup: 13 candidates
2025-12-30 09:37:49 - matching_Balmis - INFO -   After dedup: 4 unique gz_ids
2025-12-30 09:37:49 - matching_Balmis - INFO -   Nombre matches (exact on lugar_nombre): 3
2025-12-30 09:37:49 - matching_Balmis - INFO -   Saint-only matches: 1
2025-12-30 09:37:49 - matching_Balmis - INFO -   Substantive matches: 3
2025-12-30 09:37:49 - matching_Balmis - INFO -   ✅ NOMBRE PRIORITY: Keeping ONLY 3 nombre matches, discarding 0 others
2025-12-30 09:37:49 - matching_Balmis - INFO -      gz_id=5000015: El Socorro
2025-12-30 09:37:49 - matching_Balmis - INFO -      gz_id=1004787: Socorro
2025-12-30 09:37:49 - matching_Balmis - INFO -      gz_id=4000362: El Socorro
2025-12-30 09:37:49 - matching_Balmis - INFO -   Input has territorial data: True
2025-12-30 09:37:49 - matching_Balmis - INFO -   Candidates with territory match: 1
2025-12-30 09:37:49 - matching_Balmis - INFO -   After territorial filter (keeping adm0): 1 candidates
2025-12-30 09:37:49 - matching_Balmis - INFO -   Auto-adopt candidates: 1
2025-12-30 09:37:49 - matching_Balmis - INFO -   Single auto-adopt, discarding other matches
2025-12-30 09:37:49 - matching_Balmis - INFO - 
============================================================
2025-12-30 09:37:49 - matching_Balmis - INFO - Processing rowID=17: 'San Gil' -> cleaned: 'san jil'
2025-12-30 09:37:49 - matching_Balmis - INFO -   Token-based candidates: 12282
2025-12-30 09:37:49 - matching_Balmis - INFO -   Filtering: need match on substantive tokens: ['jil'] OR 2+ total tokens
2025-12-30 09:37:51 - matching_Balmis - INFO -   After filtering weak token matches: 2 candidates
2025-12-30 09:37:51 - matching_Balmis - INFO -   Fuzzy matches (score >= 70, limit=500): 2
2025-12-30 09:37:51 - matching_Balmis - DEBUG -     gz_id=5000042 'san jil' score=1.000 nombre=True saint_only=False terr=adm0_iso_exact phase=auto_adopt
2025-12-30 09:37:51 - matching_Balmis - DEBUG -     gz_id=5000042 'san jil' score=1.000 nombre=True saint_only=False terr=adm0_iso_exact phase=auto_adopt
2025-12-30 09:37:51 - matching_Balmis - INFO -   Before dedup: 2 candidates
2025-12-30 09:37:51 - matching_Balmis - INFO -   After dedup: 1 unique gz_ids
2025-12-30 09:37:51 - matching_Balmis - INFO -   Nombre matches (exact on lugar_nombre): 1
2025-12-30 09:37:51 - matching_Balmis - INFO -   Saint-only matches: 0
2025-12-30 09:37:51 - matching_Balmis - INFO -   Substantive matches: 1
2025-12-30 09:37:51 - matching_Balmis - INFO -   ✅ NOMBRE PRIORITY: Keeping ONLY 1 nombre matches, discarding 0 others
2025-12-30 09:37:51 - matching_Balmis - INFO -      gz_id=5000042: San Gil
2025-12-30 09:37:51 - matching_Balmis - INFO -   Input has territorial data: True
2025-12-30 09:37:51 - matching_Balmis - INFO -   Candidates with territory match: 1
2025-12-30 09:37:51 - matching_Balmis - INFO -   After territorial filter (keeping adm0): 1 candidates
2025-12-30 09:37:51 - matching_Balmis - INFO -   Auto-adopt candidates: 1
2025-12-30 09:37:51 - matching_Balmis - INFO -   Single auto-adopt, discarding other matches
2025-12-30 09:37:51 - matching_Balmis - INFO - 
============================================================
2025-12-30 09:37:51 - matching_Balmis - INFO - Processing rowID=18: 'Vélez' -> cleaned: 'beles'
2025-12-30 09:37:51 - matching_Balmis - INFO -   Token-based candidates: 4
2025-12-30 09:37:51 - matching_Balmis - INFO -   Fuzzy matches (score >= 70, limit=500): 2
2025-12-30 09:37:51 - matching_Balmis - DEBUG -     gz_id=5000066 'beles' score=1.000 nombre=True saint_only=False terr=adm0_iso_exact phase=auto_adopt
2025-12-30 09:37:51 - matching_Balmis - DEBUG -     gz_id=5000066 'beles' score=1.000 nombre=True saint_only=False terr=adm0_iso_exact phase=auto_adopt
2025-12-30 09:37:51 - matching_Balmis - INFO -   Before dedup: 2 candidates
2025-12-30 09:37:51 - matching_Balmis - INFO -   After dedup: 1 unique gz_ids
2025-12-30 09:37:51 - matching_Balmis - INFO -   Nombre matches (exact on lugar_nombre): 1
2025-12-30 09:37:51 - matching_Balmis - INFO -   Saint-only matches: 0
2025-12-30 09:37:51 - matching_Balmis - INFO -   Substantive matches: 1
2025-12-30 09:37:51 - matching_Balmis - INFO -   ✅ NOMBRE PRIORITY: Keeping ONLY 1 nombre matches, discarding 0 others
2025-12-30 09:37:51 - matching_Balmis - INFO -      gz_id=5000066: Velez
2025-12-30 09:37:51 - matching_Balmis - INFO -   Input has territorial data: True
2025-12-30 09:37:51 - matching_Balmis - INFO -   Candidates with territory match: 1
2025-12-30 09:37:51 - matching_Balmis - INFO -   After territorial filter (keeping adm0): 1 candidates
2025-12-30 09:37:51 - matching_Balmis - INFO -   Auto-adopt candidates: 1
2025-12-30 09:37:51 - matching_Balmis - INFO -   Single auto-adopt, discarding other matches
2025-12-30 09:37:51 - matching_Balmis - INFO - 
============================================================
2025-12-30 09:37:51 - matching_Balmis - INFO - Processing rowID=19: 'Tunja' -> cleaned: 'tunja'
2025-12-30 09:37:51 - matching_Balmis - INFO -   Token-based candidates: 4
2025-12-30 09:37:51 - matching_Balmis - INFO -   Fuzzy matches (score >= 70, limit=500): 4
2025-12-30 09:37:51 - matching_Balmis - DEBUG -     gz_id=5000014 'tunja' score=1.000 nombre=True saint_only=False terr=adm0_iso_exact phase=auto_adopt
2025-12-30 09:37:51 - matching_Balmis - DEBUG -     gz_id=5600203 'tunia' score=1.000 nombre=False saint_only=False terr=adm0_iso_exact phase=auto_adopt
2025-12-30 09:37:51 - matching_Balmis - DEBUG -     gz_id=5600203 'tunia' score=1.000 nombre=False saint_only=False terr=adm0_iso_exact phase=auto_adopt
2025-12-30 09:37:51 - matching_Balmis - DEBUG -     gz_id=5600203 'tunia' score=1.000 nombre=False saint_only=False terr=adm0_iso_exact phase=auto_adopt
2025-12-30 09:37:51 - matching_Balmis - INFO -   Before dedup: 4 candidates
2025-12-30 09:37:51 - matching_Balmis - INFO -   After dedup: 2 unique gz_ids
2025-12-30 09:37:51 - matching_Balmis - INFO -   Nombre matches (exact on lugar_nombre): 1
2025-12-30 09:37:51 - matching_Balmis - INFO -   Saint-only matches: 0
2025-12-30 09:37:51 - matching_Balmis - INFO -   Substantive matches: 2
2025-12-30 09:37:51 - matching_Balmis - INFO -   ✅ NOMBRE PRIORITY: Keeping ONLY 1 nombre matches, discarding 1 others
2025-12-30 09:37:51 - matching_Balmis - INFO -      gz_id=5000014: Tunja
2025-12-30 09:37:51 - matching_Balmis - INFO -   Input has territorial data: True
2025-12-30 09:37:51 - matching_Balmis - INFO -   Candidates with territory match: 1
2025-12-30 09:37:51 - matching_Balmis - INFO -   After territorial filter (keeping adm0): 1 candidates
2025-12-30 09:37:51 - matching_Balmis - INFO -   Auto-adopt candidates: 1
2025-12-30 09:37:51 - matching_Balmis - INFO -   Single auto-adopt, discarding other matches
2025-12-30 09:37:51 - matching_Balmis - INFO - 
============================================================
2025-12-30 09:37:51 - matching_Balmis - INFO - Processing rowID=20: 'Nares' -> cleaned: 'nares'
2025-12-30 09:37:51 - matching_Balmis - INFO -   Token-based candidates: 1
2025-12-30 09:37:51 - matching_Balmis - INFO -   Fuzzy matches (score >= 70, limit=500): 1
2025-12-30 09:37:51 - matching_Balmis - DEBUG -     gz_id=5000218 'puerto nare' score=1.000 nombre=False saint_only=False terr=adm0_iso_exact phase=auto_adopt
2025-12-30 09:37:51 - matching_Balmis - INFO -   Before dedup: 1 candidates
2025-12-30 09:37:51 - matching_Balmis - INFO -   After dedup: 1 unique gz_ids
2025-12-30 09:37:51 - matching_Balmis - INFO -   Nombre matches (exact on lugar_nombre): 0
2025-12-30 09:37:51 - matching_Balmis - INFO -   Saint-only matches: 0
2025-12-30 09:37:51 - matching_Balmis - INFO -   Substantive matches: 1
2025-12-30 09:37:51 - matching_Balmis - INFO -   Input has territorial data: True
2025-12-30 09:37:51 - matching_Balmis - INFO -   Candidates with territory match: 1
2025-12-30 09:37:51 - matching_Balmis - INFO -   After territorial filter (keeping adm0): 1 candidates
2025-12-30 09:37:51 - matching_Balmis - INFO -   Auto-adopt candidates: 1
2025-12-30 09:37:51 - matching_Balmis - INFO -   Single auto-adopt, discarding other matches
2025-12-30 09:37:51 - matching_Balmis - INFO - Processing row 20, rowID=21
2025-12-30 09:37:51 - matching_Balmis - INFO - 
============================================================
2025-12-30 09:37:51 - matching_Balmis - INFO - Processing rowID=21: 'Honda' -> cleaned: 'honda'
2025-12-30 09:37:51 - matching_Balmis - INFO -   Token-based candidates: 7
2025-12-30 09:37:51 - matching_Balmis - INFO -   Fuzzy matches (score >= 70, limit=500): 7
2025-12-30 09:37:51 - matching_Balmis - DEBUG -     gz_id=5000622 'honda' score=1.000 nombre=False saint_only=False terr=adm0_iso_exact phase=auto_adopt
2025-12-30 09:37:51 - matching_Balmis - DEBUG -     gz_id=5000029 'honda' score=1.000 nombre=False saint_only=False terr=adm0_iso_exact phase=auto_adopt
2025-12-30 09:37:51 - matching_Balmis - DEBUG -     gz_id=7000101 'quebrada honda' score=1.000 nombre=False saint_only=False terr= phase=auto_adopt
2025-12-30 09:37:51 - matching_Balmis - DEBUG -     gz_id=7000101 'quebrada honda' score=1.000 nombre=False saint_only=False terr= phase=auto_adopt
2025-12-30 09:37:51 - matching_Balmis - DEBUG -     gz_id=9900590 'canada honda' score=1.000 nombre=False saint_only=False terr= phase=auto_adopt
2025-12-30 09:37:51 - matching_Balmis - DEBUG -     gz_id=9900590 'canada honda' score=1.000 nombre=False saint_only=False terr= phase=auto_adopt
2025-12-30 09:37:51 - matching_Balmis - DEBUG -     gz_id=9900590 'canada honda' score=1.000 nombre=False saint_only=False terr= phase=auto_adopt
2025-12-30 09:37:51 - matching_Balmis - INFO -   Before dedup: 7 candidates
2025-12-30 09:37:51 - matching_Balmis - INFO -   After dedup: 4 unique gz_ids
2025-12-30 09:37:51 - matching_Balmis - INFO -   Nombre matches (exact on lugar_nombre): 0
2025-12-30 09:37:51 - matching_Balmis - INFO -   Saint-only matches: 0
2025-12-30 09:37:51 - matching_Balmis - INFO -   Substantive matches: 4
2025-12-30 09:37:51 - matching_Balmis - INFO -   Input has territorial data: True
2025-12-30 09:37:51 - matching_Balmis - INFO -   Candidates with territory match: 2
2025-12-30 09:37:51 - matching_Balmis - INFO -   After territorial filter (keeping adm0): 2 candidates
2025-12-30 09:37:51 - matching_Balmis - INFO -   Auto-adopt candidates: 2
2025-12-30 09:37:51 - matching_Balmis - INFO -   Multiple auto-adopts, keeping as candidates
2025-12-30 09:37:51 - matching_Balmis - INFO - 
============================================================
2025-12-30 09:37:51 - matching_Balmis - INFO - Processing rowID=22: 'Santa Fe de Bogotá' -> cleaned: 'santa fe bogota'
2025-12-30 09:37:51 - matching_Balmis - INFO -   Token-based candidates: 2923
2025-12-30 09:37:51 - matching_Balmis - INFO -   Filtering: need match on substantive tokens: ['bogota'] OR 2+ total tokens
2025-12-30 09:37:52 - matching_Balmis - INFO -   After filtering weak token matches: 51 candidates
2025-12-30 09:37:52 - matching_Balmis - INFO -   Fuzzy matches (score >= 70, limit=500): 41
2025-12-30 09:37:52 - matching_Balmis - DEBUG -     gz_id=1000012 'santa fe' score=1.000 nombre=False saint_only=False terr= phase=auto_adopt
2025-12-30 09:37:52 - matching_Balmis - DEBUG -     gz_id=1000012 'santa fe' score=1.000 nombre=False saint_only=False terr= phase=auto_adopt
2025-12-30 09:37:52 - matching_Balmis - DEBUG -     gz_id=5600736 'bogota' score=1.000 nombre=False saint_only=False terr=adm0_iso_exact phase=auto_adopt
2025-12-30 09:37:52 - matching_Balmis - DEBUG -     gz_id=5600736 'bogota' score=1.000 nombre=False saint_only=False terr=adm0_iso_exact phase=auto_adopt
2025-12-30 09:37:52 - matching_Balmis - DEBUG -     gz_id=5600736 'bogota' score=1.000 nombre=False saint_only=False terr=adm0_iso_exact phase=auto_adopt
2025-12-30 09:37:52 - matching_Balmis - DEBUG -     gz_id=5600736 'bogota' score=1.000 nombre=False saint_only=False terr=adm0_iso_exact phase=auto_adopt
2025-12-30 09:37:52 - matching_Balmis - DEBUG -     gz_id=5600736 'bogota' score=1.000 nombre=False saint_only=False terr=adm0_iso_exact phase=auto_adopt
2025-12-30 09:37:52 - matching_Balmis - DEBUG -     gz_id=5600736 'bogota' score=1.000 nombre=False saint_only=False terr=adm0_iso_exact phase=auto_adopt
2025-12-30 09:37:52 - matching_Balmis - DEBUG -     gz_id=5600736 'bogota' score=1.000 nombre=False saint_only=False terr=adm0_iso_exact phase=auto_adopt
2025-12-30 09:37:52 - matching_Balmis - DEBUG -     gz_id=1000584 'santa fe' score=1.000 nombre=False saint_only=False terr= phase=candidate
2025-12-30 09:37:52 - matching_Balmis - DEBUG -     gz_id=1000584 'santa fe' score=1.000 nombre=False saint_only=False terr= phase=candidate
2025-12-30 09:37:52 - matching_Balmis - DEBUG -     gz_id=5000001 'santa fe' score=1.000 nombre=False saint_only=False terr=adm0_iso_exact phase=auto_adopt
2025-12-30 09:37:52 - matching_Balmis - DEBUG -     gz_id=1001935 'santa fe' score=1.000 nombre=False saint_only=False terr= phase=auto_adopt
2025-12-30 09:37:52 - matching_Balmis - DEBUG -     gz_id=1001935 'santa fe' score=1.000 nombre=False saint_only=False terr= phase=auto_adopt
2025-12-30 09:37:52 - matching_Balmis - DEBUG -     gz_id=5000348 'bogota' score=1.000 nombre=False saint_only=False terr=adm0_iso_exact phase=auto_adopt
2025-12-30 09:37:52 - matching_Balmis - DEBUG -     gz_id=7000369 'santa fe' score=1.000 nombre=False saint_only=False terr= phase=auto_adopt
2025-12-30 09:37:52 - matching_Balmis - DEBUG -     gz_id=7000369 'santa fe' score=1.000 nombre=False saint_only=False terr= phase=auto_adopt
2025-12-30 09:37:52 - matching_Balmis - DEBUG -     gz_id=7000369 'santa fe' score=1.000 nombre=False saint_only=False terr= phase=auto_adopt
2025-12-30 09:37:52 - matching_Balmis - DEBUG -     gz_id=1002209 'santa fe' score=1.000 nombre=False saint_only=False terr= phase=auto_adopt
2025-12-30 09:37:52 - matching_Balmis - DEBUG -     gz_id=1002209 'santa fe' score=1.000 nombre=False saint_only=False terr= phase=auto_adopt
2025-12-30 09:37:52 - matching_Balmis - DEBUG -     gz_id=1002209 'santa fe' score=1.000 nombre=False saint_only=False terr= phase=auto_adopt
2025-12-30 09:37:52 - matching_Balmis - DEBUG -     gz_id=1002209 'santa fe' score=1.000 nombre=False saint_only=False terr= phase=auto_adopt
2025-12-30 09:37:52 - matching_Balmis - DEBUG -     gz_id=1002209 'santa fe' score=1.000 nombre=False saint_only=False terr= phase=auto_adopt
2025-12-30 09:37:52 - matching_Balmis - DEBUG -     gz_id=1002209 'santa fe' score=1.000 nombre=False saint_only=False terr= phase=auto_adopt
2025-12-30 09:37:52 - matching_Balmis - DEBUG -     gz_id=1002209 'santa fe' score=1.000 nombre=False saint_only=False terr= phase=auto_adopt
2025-12-30 09:37:52 - matching_Balmis - DEBUG -     gz_id=9000023 'santa fe' score=1.000 nombre=False saint_only=False terr= phase=auto_adopt
2025-12-30 09:37:52 - matching_Balmis - DEBUG -     gz_id=9000023 'santa fe' score=1.000 nombre=False saint_only=False terr= phase=auto_adopt
2025-12-30 09:37:52 - matching_Balmis - DEBUG -     gz_id=9000023 'santa fe' score=1.000 nombre=False saint_only=False terr= phase=auto_adopt
2025-12-30 09:37:52 - matching_Balmis - DEBUG -     gz_id=1000138 'santa fe rio' score=0.870 nombre=False saint_only=False terr= phase=candidate
2025-12-30 09:37:52 - matching_Balmis - DEBUG -     gz_id=1000138 'santa fe rio' score=0.870 nombre=False saint_only=False terr= phase=candidate
2025-12-30 09:37:52 - matching_Balmis - DEBUG -     gz_id=1002064 'santa fe lahuna' score=0.769 nombre=False saint_only=False terr= phase=relegated
2025-12-30 09:37:52 - matching_Balmis - DEBUG -     gz_id=1002064 'santa fe lahuna' score=0.769 nombre=False saint_only=False terr= phase=relegated
2025-12-30 09:37:52 - matching_Balmis - DEBUG -     gz_id=9000203 'santa maria fe' score=0.727 nombre=False saint_only=False terr= phase=relegated
2025-12-30 09:37:52 - matching_Balmis - DEBUG -     gz_id=9000203 'santa maria fe' score=0.727 nombre=False saint_only=False terr= phase=relegated
2025-12-30 09:37:52 - matching_Balmis - DEBUG -     gz_id=9000203 'santa maria fe' score=0.727 nombre=False saint_only=False terr= phase=relegated
2025-12-30 09:37:52 - matching_Balmis - DEBUG -     gz_id=9000203 'santa maria fe' score=0.727 nombre=False saint_only=False terr= phase=relegated
2025-12-30 09:37:52 - matching_Balmis - DEBUG -     gz_id=9000203 'santa maria fe' score=0.727 nombre=False saint_only=False terr= phase=relegated
2025-12-30 09:37:52 - matching_Balmis - DEBUG -     gz_id=9000203 'santa maria fe' score=0.727 nombre=False saint_only=False terr= phase=relegated
2025-12-30 09:37:52 - matching_Balmis - DEBUG -     gz_id=9000203 'santa maria fe' score=0.727 nombre=False saint_only=False terr= phase=relegated
2025-12-30 09:37:52 - matching_Balmis - DEBUG -     gz_id=9000203 'santa maria fe' score=0.727 nombre=False saint_only=False terr= phase=relegated
2025-12-30 09:37:52 - matching_Balmis - DEBUG -     gz_id=9000203 'santa maria fe' score=0.727 nombre=False saint_only=False terr= phase=relegated
2025-12-30 09:37:52 - matching_Balmis - INFO -   Before dedup: 41 candidates
2025-12-30 09:37:52 - matching_Balmis - INFO -   After dedup: 12 unique gz_ids
2025-12-30 09:37:52 - matching_Balmis - INFO -   Nombre matches (exact on lugar_nombre): 0
2025-12-30 09:37:52 - matching_Balmis - INFO -   Saint-only matches: 0
2025-12-30 09:37:52 - matching_Balmis - INFO -   Substantive matches: 12
2025-12-30 09:37:52 - matching_Balmis - INFO -   Input has territorial data: True
2025-12-30 09:37:52 - matching_Balmis - INFO -   Candidates with territory match: 3
2025-12-30 09:37:52 - matching_Balmis - INFO -   After territorial filter (keeping adm0): 3 candidates
2025-12-30 09:37:52 - matching_Balmis - INFO -   Auto-adopt candidates: 3
2025-12-30 09:37:52 - matching_Balmis - INFO -   Multiple auto-adopts, keeping as candidates
2025-12-30 09:37:52 - matching_Balmis - INFO - 
============================================================
2025-12-30 09:37:52 - matching_Balmis - INFO - Processing rowID=23: 'Neiva' -> cleaned: 'neiba'
2025-12-30 09:37:52 - matching_Balmis - INFO -   Token-based candidates: 4
2025-12-30 09:37:52 - matching_Balmis - INFO -   Fuzzy matches (score >= 70, limit=500): 4
2025-12-30 09:37:52 - matching_Balmis - DEBUG -     gz_id=3000178 'neiba' score=1.000 nombre=True saint_only=False terr= phase=auto_adopt
2025-12-30 09:37:52 - matching_Balmis - DEBUG -     gz_id=3000178 'neiba' score=1.000 nombre=True saint_only=False terr= phase=auto_adopt
2025-12-30 09:37:52 - matching_Balmis - DEBUG -     gz_id=3000178 'neiba' score=1.000 nombre=True saint_only=False terr= phase=auto_adopt
2025-12-30 09:37:52 - matching_Balmis - DEBUG -     gz_id=5000010 'neiba' score=1.000 nombre=True saint_only=False terr=adm0_iso_exact phase=auto_adopt
2025-12-30 09:37:52 - matching_Balmis - INFO -   Before dedup: 4 candidates
2025-12-30 09:37:52 - matching_Balmis - INFO -   After dedup: 2 unique gz_ids
2025-12-30 09:37:52 - matching_Balmis - INFO -   Nombre matches (exact on lugar_nombre): 2
2025-12-30 09:37:52 - matching_Balmis - INFO -   Saint-only matches: 0
2025-12-30 09:37:52 - matching_Balmis - INFO -   Substantive matches: 2
2025-12-30 09:37:52 - matching_Balmis - INFO -   ✅ NOMBRE PRIORITY: Keeping ONLY 2 nombre matches, discarding 0 others
2025-12-30 09:37:52 - matching_Balmis - INFO -      gz_id=3000178: Neiba
2025-12-30 09:37:52 - matching_Balmis - INFO -      gz_id=5000010: Neiva
2025-12-30 09:37:52 - matching_Balmis - INFO -   Input has territorial data: True
2025-12-30 09:37:52 - matching_Balmis - INFO -   Candidates with territory match: 1
2025-12-30 09:37:52 - matching_Balmis - INFO -   After territorial filter (keeping adm0): 1 candidates
2025-12-30 09:37:52 - matching_Balmis - INFO -   Auto-adopt candidates: 1
2025-12-30 09:37:52 - matching_Balmis - INFO -   Single auto-adopt, discarding other matches
2025-12-30 09:37:52 - matching_Balmis - INFO - 
============================================================
2025-12-30 09:37:52 - matching_Balmis - INFO - Processing rowID=24: 'San Sebastián de la Plata' -> cleaned: 'san cebastian plata'
2025-12-30 09:37:52 - matching_Balmis - INFO -   Token-based candidates: 12292
2025-12-30 09:37:52 - matching_Balmis - INFO -   Filtering: need match on substantive tokens: ['plata', 'cebastian'] OR 2+ total tokens
2025-12-30 09:37:54 - matching_Balmis - INFO -   After filtering weak token matches: 306 candidates
2025-12-30 09:37:54 - matching_Balmis - INFO -   Fuzzy matches (score >= 70, limit=500): 150
2025-12-30 09:37:54 - matching_Balmis - DEBUG -     gz_id=1000055 'san cebastian' score=1.000 nombre=False saint_only=False terr= phase=auto_adopt
2025-12-30 09:37:54 - matching_Balmis - DEBUG -     gz_id=1000055 'san cebastian' score=1.000 nombre=False saint_only=False terr= phase=auto_adopt
2025-12-30 09:37:54 - matching_Balmis - DEBUG -     gz_id=1000055 'san cebastian' score=1.000 nombre=False saint_only=False terr= phase=auto_adopt
2025-12-30 09:37:54 - matching_Balmis - DEBUG -     gz_id=1000497 'san cebastian' score=1.000 nombre=False saint_only=False terr= phase=auto_adopt
2025-12-30 09:37:54 - matching_Balmis - DEBUG -     gz_id=1000497 'san cebastian' score=1.000 nombre=False saint_only=False terr= phase=auto_adopt
2025-12-30 09:37:54 - matching_Balmis - DEBUG -     gz_id=1000605 'san cebastian' score=1.000 nombre=False saint_only=False terr= phase=auto_adopt
2025-12-30 09:37:54 - matching_Balmis - DEBUG -     gz_id=1000605 'san cebastian' score=1.000 nombre=False saint_only=False terr= phase=auto_adopt
2025-12-30 09:37:54 - matching_Balmis - DEBUG -     gz_id=1000712 'san cebastian' score=1.000 nombre=False saint_only=False terr= phase=auto_adopt
2025-12-30 09:37:54 - matching_Balmis - DEBUG -     gz_id=1000712 'san cebastian' score=1.000 nombre=False saint_only=False terr= phase=auto_adopt
2025-12-30 09:37:54 - matching_Balmis - DEBUG -     gz_id=9900243 'san cebastian' score=1.000 nombre=False saint_only=False terr= phase=auto_adopt
2025-12-30 09:37:54 - matching_Balmis - DEBUG -     gz_id=1001051 'san cebastian' score=1.000 nombre=False saint_only=False terr= phase=auto_adopt
2025-12-30 09:37:54 - matching_Balmis - DEBUG -     gz_id=1001051 'san cebastian' score=1.000 nombre=False saint_only=False terr= phase=auto_adopt
2025-12-30 09:37:54 - matching_Balmis - DEBUG -     gz_id=1001197 'san cebastian' score=1.000 nombre=False saint_only=False terr= phase=auto_adopt
2025-12-30 09:37:54 - matching_Balmis - DEBUG -     gz_id=1001197 'san cebastian' score=1.000 nombre=False saint_only=False terr= phase=auto_adopt
2025-12-30 09:37:54 - matching_Balmis - DEBUG -     gz_id=1001197 'san cebastian' score=1.000 nombre=False saint_only=False terr= phase=auto_adopt
2025-12-30 09:37:54 - matching_Balmis - DEBUG -     gz_id=1001403 'san cebastian' score=1.000 nombre=False saint_only=False terr= phase=auto_adopt
2025-12-30 09:37:54 - matching_Balmis - DEBUG -     gz_id=1001403 'san cebastian' score=1.000 nombre=False saint_only=False terr= phase=auto_adopt
2025-12-30 09:37:54 - matching_Balmis - DEBUG -     gz_id=1001711 'san cebastian' score=1.000 nombre=False saint_only=False terr= phase=auto_adopt
2025-12-30 09:37:54 - matching_Balmis - DEBUG -     gz_id=1001711 'san cebastian' score=1.000 nombre=False saint_only=False terr= phase=auto_adopt
2025-12-30 09:37:54 - matching_Balmis - DEBUG -     gz_id=1001711 'san cebastian' score=1.000 nombre=False saint_only=False terr= phase=auto_adopt
2025-12-30 09:37:54 - matching_Balmis - DEBUG -     gz_id=1001711 'san cebastian' score=1.000 nombre=False saint_only=False terr= phase=auto_adopt
2025-12-30 09:37:54 - matching_Balmis - DEBUG -     gz_id=1001781 'san cebastian' score=1.000 nombre=False saint_only=False terr= phase=auto_adopt
2025-12-30 09:37:54 - matching_Balmis - DEBUG -     gz_id=1001781 'san cebastian' score=1.000 nombre=False saint_only=False terr= phase=auto_adopt
2025-12-30 09:37:54 - matching_Balmis - DEBUG -     gz_id=1001782 'san cebastian' score=1.000 nombre=False saint_only=False terr= phase=auto_adopt
2025-12-30 09:37:54 - matching_Balmis - DEBUG -     gz_id=1001782 'san cebastian' score=1.000 nombre=False saint_only=False terr= phase=auto_adopt
2025-12-30 09:37:54 - matching_Balmis - DEBUG -     gz_id=1002190 'san cebastian' score=1.000 nombre=False saint_only=False terr= phase=auto_adopt
2025-12-30 09:37:54 - matching_Balmis - DEBUG -     gz_id=1002190 'san cebastian' score=1.000 nombre=False saint_only=False terr= phase=auto_adopt
2025-12-30 09:37:54 - matching_Balmis - DEBUG -     gz_id=1002190 'san cebastian' score=1.000 nombre=False saint_only=False terr= phase=auto_adopt
2025-12-30 09:37:54 - matching_Balmis - DEBUG -     gz_id=1002411 'san cebastian' score=1.000 nombre=False saint_only=False terr= phase=auto_adopt
2025-12-30 09:37:54 - matching_Balmis - DEBUG -     gz_id=1002411 'san cebastian' score=1.000 nombre=False saint_only=False terr= phase=auto_adopt
2025-12-30 09:37:54 - matching_Balmis - DEBUG -     gz_id=1002537 'san cebastian' score=1.000 nombre=False saint_only=False terr= phase=auto_adopt
2025-12-30 09:37:54 - matching_Balmis - DEBUG -     gz_id=1002537 'san cebastian' score=1.000 nombre=False saint_only=False terr= phase=auto_adopt
2025-12-30 09:37:54 - matching_Balmis - DEBUG -     gz_id=1003641 'san cebastian' score=1.000 nombre=False saint_only=False terr= phase=auto_adopt
2025-12-30 09:37:54 - matching_Balmis - DEBUG -     gz_id=1003641 'san cebastian' score=1.000 nombre=False saint_only=False terr= phase=auto_adopt
2025-12-30 09:37:54 - matching_Balmis - DEBUG -     gz_id=1003814 'san cebastian' score=1.000 nombre=False saint_only=False terr= phase=auto_adopt
2025-12-30 09:37:54 - matching_Balmis - DEBUG -     gz_id=1003814 'san cebastian' score=1.000 nombre=False saint_only=False terr= phase=auto_adopt
2025-12-30 09:37:54 - matching_Balmis - DEBUG -     gz_id=1004263 'san cebastian' score=1.000 nombre=False saint_only=False terr= phase=auto_adopt
2025-12-30 09:37:54 - matching_Balmis - DEBUG -     gz_id=1004263 'san cebastian' score=1.000 nombre=False saint_only=False terr= phase=auto_adopt
2025-12-30 09:37:54 - matching_Balmis - DEBUG -     gz_id=9900205 'san cebastian' score=1.000 nombre=False saint_only=False terr= phase=auto_adopt
2025-12-30 09:37:54 - matching_Balmis - DEBUG -     gz_id=9900205 'san cebastian' score=1.000 nombre=False saint_only=False terr= phase=auto_adopt
2025-12-30 09:37:54 - matching_Balmis - DEBUG -     gz_id=9900222 'san cebastian' score=1.000 nombre=False saint_only=False terr= phase=auto_adopt
2025-12-30 09:37:54 - matching_Balmis - DEBUG -     gz_id=9900222 'san cebastian' score=1.000 nombre=False saint_only=False terr= phase=auto_adopt
2025-12-30 09:37:54 - matching_Balmis - DEBUG -     gz_id=9900222 'san cebastian' score=1.000 nombre=False saint_only=False terr= phase=auto_adopt
2025-12-30 09:37:54 - matching_Balmis - DEBUG -     gz_id=9900222 'san cebastian' score=1.000 nombre=False saint_only=False terr= phase=auto_adopt
2025-12-30 09:37:54 - matching_Balmis - DEBUG -     gz_id=9900243 'san cebastian' score=1.000 nombre=False saint_only=False terr= phase=auto_adopt
2025-12-30 09:37:54 - matching_Balmis - DEBUG -     gz_id=1004839 'san cebastian' score=1.000 nombre=False saint_only=False terr= phase=auto_adopt
2025-12-30 09:37:54 - matching_Balmis - DEBUG -     gz_id=1004839 'san cebastian' score=1.000 nombre=False saint_only=False terr= phase=auto_adopt
2025-12-30 09:37:54 - matching_Balmis - DEBUG -     gz_id=1004840 'san cebastian' score=1.000 nombre=False saint_only=False terr= phase=auto_adopt
2025-12-30 09:37:54 - matching_Balmis - DEBUG -     gz_id=1004840 'san cebastian' score=1.000 nombre=False saint_only=False terr= phase=auto_adopt
2025-12-30 09:37:54 - matching_Balmis - DEBUG -     gz_id=1004901 'san cebastian' score=1.000 nombre=False saint_only=False terr= phase=auto_adopt
2025-12-30 09:37:54 - matching_Balmis - DEBUG -     gz_id=1004901 'san cebastian' score=1.000 nombre=False saint_only=False terr= phase=auto_adopt
2025-12-30 09:37:54 - matching_Balmis - DEBUG -     gz_id=1004901 'san cebastian' score=1.000 nombre=False saint_only=False terr= phase=auto_adopt
2025-12-30 09:37:54 - matching_Balmis - DEBUG -     gz_id=1004901 'san cebastian' score=1.000 nombre=False saint_only=False terr= phase=auto_adopt
2025-12-30 09:37:54 - matching_Balmis - DEBUG -     gz_id=2000302 'san cebastian' score=1.000 nombre=False saint_only=False terr= phase=auto_adopt
2025-12-30 09:37:54 - matching_Balmis - DEBUG -     gz_id=2000302 'san cebastian' score=1.000 nombre=False saint_only=False terr= phase=auto_adopt
2025-12-30 09:37:54 - matching_Balmis - DEBUG -     gz_id=2000302 'san cebastian' score=1.000 nombre=False saint_only=False terr= phase=auto_adopt
2025-12-30 09:37:54 - matching_Balmis - DEBUG -     gz_id=2000302 'san cebastian' score=1.000 nombre=False saint_only=False terr= phase=auto_adopt
2025-12-30 09:37:54 - matching_Balmis - DEBUG -     gz_id=2000335 'san cebastian' score=1.000 nombre=False saint_only=False terr= phase=auto_adopt
2025-12-30 09:37:54 - matching_Balmis - DEBUG -     gz_id=2000853 'san cebastian' score=1.000 nombre=False saint_only=False terr= phase=auto_adopt
2025-12-30 09:37:54 - matching_Balmis - DEBUG -     gz_id=2000853 'san cebastian' score=1.000 nombre=False saint_only=False terr= phase=auto_adopt
2025-12-30 09:37:54 - matching_Balmis - DEBUG -     gz_id=2000853 'san cebastian' score=1.000 nombre=False saint_only=False terr= phase=auto_adopt
2025-12-30 09:37:54 - matching_Balmis - DEBUG -     gz_id=2000853 'san cebastian' score=1.000 nombre=False saint_only=False terr= phase=auto_adopt
2025-12-30 09:37:54 - matching_Balmis - DEBUG -     gz_id=4000023 'san cebastian' score=1.000 nombre=False saint_only=False terr= phase=auto_adopt
2025-12-30 09:37:54 - matching_Balmis - DEBUG -     gz_id=4000023 'san cebastian' score=1.000 nombre=False saint_only=False terr= phase=auto_adopt
2025-12-30 09:37:54 - matching_Balmis - DEBUG -     gz_id=4000023 'san cebastian' score=1.000 nombre=False saint_only=False terr= phase=auto_adopt
2025-12-30 09:37:54 - matching_Balmis - DEBUG -     gz_id=4000023 'san cebastian' score=1.000 nombre=False saint_only=False terr= phase=auto_adopt
2025-12-30 09:37:54 - matching_Balmis - DEBUG -     gz_id=4000023 'san cebastian' score=1.000 nombre=False saint_only=False terr= phase=auto_adopt
2025-12-30 09:37:54 - matching_Balmis - DEBUG -     gz_id=4000023 'san cebastian' score=1.000 nombre=False saint_only=False terr= phase=auto_adopt
2025-12-30 09:37:54 - matching_Balmis - DEBUG -     gz_id=4000542 'san cebastian' score=1.000 nombre=False saint_only=False terr= phase=auto_adopt
2025-12-30 09:37:54 - matching_Balmis - DEBUG -     gz_id=4000542 'san cebastian' score=1.000 nombre=False saint_only=False terr= phase=auto_adopt
2025-12-30 09:37:54 - matching_Balmis - DEBUG -     gz_id=4000542 'san cebastian' score=1.000 nombre=False saint_only=False terr= phase=auto_adopt
2025-12-30 09:37:54 - matching_Balmis - DEBUG -     gz_id=4000542 'san cebastian' score=1.000 nombre=False saint_only=False terr= phase=auto_adopt
2025-12-30 09:37:54 - matching_Balmis - DEBUG -     gz_id=4000542 'san cebastian' score=1.000 nombre=False saint_only=False terr= phase=auto_adopt
2025-12-30 09:37:54 - matching_Balmis - DEBUG -     gz_id=4000542 'san cebastian' score=1.000 nombre=False saint_only=False terr= phase=auto_adopt
2025-12-30 09:37:54 - matching_Balmis - DEBUG -     gz_id=4000542 'san cebastian' score=1.000 nombre=False saint_only=False terr= phase=auto_adopt
2025-12-30 09:37:54 - matching_Balmis - DEBUG -     gz_id=4000542 'san cebastian' score=1.000 nombre=False saint_only=False terr= phase=auto_adopt
2025-12-30 09:37:54 - matching_Balmis - DEBUG -     gz_id=5000032 'plata' score=1.000 nombre=True saint_only=False terr=adm0_iso_exact phase=auto_adopt
2025-12-30 09:37:54 - matching_Balmis - DEBUG -     gz_id=5000129 'san cebastian' score=1.000 nombre=False saint_only=False terr=adm0_iso_exact phase=auto_adopt
2025-12-30 09:37:54 - matching_Balmis - DEBUG -     gz_id=5000129 'san cebastian' score=1.000 nombre=False saint_only=False terr=adm0_iso_exact phase=auto_adopt
2025-12-30 09:37:54 - matching_Balmis - DEBUG -     gz_id=5000129 'san cebastian' score=1.000 nombre=False saint_only=False terr=adm0_iso_exact phase=auto_adopt
2025-12-30 09:37:54 - matching_Balmis - DEBUG -     gz_id=5000129 'san cebastian' score=1.000 nombre=False saint_only=False terr=adm0_iso_exact phase=auto_adopt
2025-12-30 09:37:54 - matching_Balmis - DEBUG -     gz_id=5000129 'san cebastian' score=1.000 nombre=False saint_only=False terr=adm0_iso_exact phase=auto_adopt
2025-12-30 09:37:54 - matching_Balmis - DEBUG -     gz_id=5000141 'san cebastian' score=1.000 nombre=False saint_only=False terr=adm0_iso_exact phase=auto_adopt
2025-12-30 09:37:54 - matching_Balmis - DEBUG -     gz_id=5000141 'san cebastian' score=1.000 nombre=False saint_only=False terr=adm0_iso_exact phase=auto_adopt
2025-12-30 09:37:54 - matching_Balmis - DEBUG -     gz_id=5000141 'san cebastian' score=1.000 nombre=False saint_only=False terr=adm0_iso_exact phase=auto_adopt
2025-12-30 09:37:54 - matching_Balmis - DEBUG -     gz_id=5000141 'san cebastian' score=1.000 nombre=False saint_only=False terr=adm0_iso_exact phase=auto_adopt
2025-12-30 09:37:54 - matching_Balmis - DEBUG -     gz_id=5000141 'san cebastian' score=1.000 nombre=False saint_only=False terr=adm0_iso_exact phase=auto_adopt
2025-12-30 09:37:54 - matching_Balmis - DEBUG -     gz_id=5000141 'san cebastian' score=1.000 nombre=False saint_only=False terr=adm0_iso_exact phase=auto_adopt
2025-12-30 09:37:54 - matching_Balmis - DEBUG -     gz_id=5000394 'san cebastian' score=1.000 nombre=False saint_only=False terr=adm0_iso_exact phase=auto_adopt
2025-12-30 09:37:54 - matching_Balmis - DEBUG -     gz_id=5000394 'san cebastian' score=1.000 nombre=False saint_only=False terr=adm0_iso_exact phase=auto_adopt
2025-12-30 09:37:54 - matching_Balmis - DEBUG -     gz_id=5600409 'san cebastian' score=1.000 nombre=False saint_only=False terr= phase=auto_adopt
2025-12-30 09:37:54 - matching_Balmis - DEBUG -     gz_id=5600409 'san cebastian' score=1.000 nombre=False saint_only=False terr= phase=auto_adopt
2025-12-30 09:37:54 - matching_Balmis - DEBUG -     gz_id=5600409 'san cebastian' score=1.000 nombre=False saint_only=False terr= phase=auto_adopt
2025-12-30 09:37:54 - matching_Balmis - DEBUG -     gz_id=5600409 'san cebastian' score=1.000 nombre=False saint_only=False terr= phase=auto_adopt
2025-12-30 09:37:54 - matching_Balmis - DEBUG -     gz_id=5600409 'san cebastian' score=1.000 nombre=False saint_only=False terr= phase=auto_adopt
2025-12-30 09:37:54 - matching_Balmis - DEBUG -     gz_id=5600647 'san cebastian' score=1.000 nombre=False saint_only=False terr= phase=auto_adopt
2025-12-30 09:37:54 - matching_Balmis - DEBUG -     gz_id=5600647 'san cebastian' score=1.000 nombre=False saint_only=False terr= phase=auto_adopt
2025-12-30 09:37:54 - matching_Balmis - DEBUG -     gz_id=5600647 'san cebastian' score=1.000 nombre=False saint_only=False terr= phase=auto_adopt
2025-12-30 09:37:54 - matching_Balmis - DEBUG -     gz_id=5600647 'san cebastian' score=1.000 nombre=False saint_only=False terr= phase=auto_adopt
2025-12-30 09:37:54 - matching_Balmis - DEBUG -     gz_id=5600647 'san cebastian' score=1.000 nombre=False saint_only=False terr= phase=auto_adopt
2025-12-30 09:37:54 - matching_Balmis - DEBUG -     gz_id=5600759 'san cebastian' score=1.000 nombre=False saint_only=False terr=adm0_iso_exact phase=auto_adopt
2025-12-30 09:37:54 - matching_Balmis - DEBUG -     gz_id=5600759 'san cebastian' score=1.000 nombre=False saint_only=False terr=adm0_iso_exact phase=auto_adopt
2025-12-30 09:37:54 - matching_Balmis - DEBUG -     gz_id=5600759 'san cebastian' score=1.000 nombre=False saint_only=False terr=adm0_iso_exact phase=auto_adopt
2025-12-30 09:37:54 - matching_Balmis - DEBUG -     gz_id=6000155 'san cebastian' score=1.000 nombre=False saint_only=False terr= phase=auto_adopt
2025-12-30 09:37:54 - matching_Balmis - DEBUG -     gz_id=6000155 'san cebastian' score=1.000 nombre=False saint_only=False terr= phase=auto_adopt
2025-12-30 09:37:54 - matching_Balmis - DEBUG -     gz_id=6000155 'san cebastian' score=1.000 nombre=False saint_only=False terr= phase=auto_adopt
2025-12-30 09:37:54 - matching_Balmis - DEBUG -     gz_id=6000663 'san cebastian' score=1.000 nombre=False saint_only=False terr= phase=auto_adopt
2025-12-30 09:37:54 - matching_Balmis - DEBUG -     gz_id=6000663 'san cebastian' score=1.000 nombre=False saint_only=False terr= phase=auto_adopt
2025-12-30 09:37:54 - matching_Balmis - DEBUG -     gz_id=8000663 'san cebastian' score=1.000 nombre=False saint_only=False terr= phase=auto_adopt
2025-12-30 09:37:54 - matching_Balmis - DEBUG -     gz_id=8000663 'san cebastian' score=1.000 nombre=False saint_only=False terr= phase=auto_adopt
2025-12-30 09:37:54 - matching_Balmis - DEBUG -     gz_id=8000663 'san cebastian' score=1.000 nombre=False saint_only=False terr= phase=auto_adopt
2025-12-30 09:37:54 - matching_Balmis - DEBUG -     gz_id=8000666 'san cebastian' score=1.000 nombre=False saint_only=False terr= phase=auto_adopt
2025-12-30 09:37:54 - matching_Balmis - DEBUG -     gz_id=8000666 'san cebastian' score=1.000 nombre=False saint_only=False terr= phase=auto_adopt
2025-12-30 09:37:54 - matching_Balmis - DEBUG -     gz_id=8000698 'san cebastian' score=1.000 nombre=False saint_only=False terr= phase=auto_adopt
2025-12-30 09:37:54 - matching_Balmis - DEBUG -     gz_id=1003081 'san cebastian teitipac' score=0.882 nombre=False saint_only=False terr= phase=candidate
2025-12-30 09:37:54 - matching_Balmis - DEBUG -     gz_id=1003081 'san cebastian teitipac' score=0.882 nombre=False saint_only=False terr= phase=candidate
2025-12-30 09:37:54 - matching_Balmis - DEBUG -     gz_id=2000218 'san cebastian tejar' score=0.882 nombre=False saint_only=False terr= phase=candidate
2025-12-30 09:37:54 - matching_Balmis - DEBUG -     gz_id=2000218 'san cebastian tejar' score=0.882 nombre=False saint_only=False terr= phase=candidate
2025-12-30 09:37:54 - matching_Balmis - DEBUG -     gz_id=7000376 'san cebastian crus' score=0.875 nombre=False saint_only=False terr= phase=candidate
2025-12-30 09:37:54 - matching_Balmis - DEBUG -     gz_id=7000376 'san cebastian crus' score=0.875 nombre=False saint_only=False terr= phase=candidate
2025-12-30 09:37:54 - matching_Balmis - DEBUG -     gz_id=7000376 'san cebastian crus' score=0.875 nombre=False saint_only=False terr= phase=candidate
2025-12-30 09:37:54 - matching_Balmis - DEBUG -     gz_id=1002504 'san cebastian coatlan' score=0.865 nombre=False saint_only=False terr= phase=candidate
2025-12-30 09:37:54 - matching_Balmis - DEBUG -     gz_id=1002504 'san cebastian coatlan' score=0.865 nombre=False saint_only=False terr= phase=candidate
2025-12-30 09:37:54 - matching_Balmis - DEBUG -     gz_id=2000798 'san cebastian retaluleuh' score=0.865 nombre=False saint_only=False terr= phase=candidate
2025-12-30 09:37:54 - matching_Balmis - DEBUG -     gz_id=9901215 'san cebastian manco' score=0.857 nombre=False saint_only=False terr= phase=candidate
2025-12-30 09:37:54 - matching_Balmis - DEBUG -     gz_id=9901215 'san cebastian manco' score=0.857 nombre=False saint_only=False terr= phase=candidate
2025-12-30 09:37:54 - matching_Balmis - DEBUG -     gz_id=1000618 'san cebastian chico' score=0.897 nombre=False saint_only=False terr= phase=candidate
2025-12-30 09:37:54 - matching_Balmis - DEBUG -     gz_id=1000618 'san cebastian chico' score=0.897 nombre=False saint_only=False terr= phase=candidate
2025-12-30 09:37:54 - matching_Balmis - DEBUG -     gz_id=1001404 'san cebastian i su aujiliar santa rosa' score=0.848 nombre=False saint_only=False terr= phase=relegated
2025-12-30 09:37:54 - matching_Balmis - DEBUG -     gz_id=1001404 'san cebastian i su aujiliar santa rosa' score=0.848 nombre=False saint_only=False terr= phase=relegated
2025-12-30 09:37:54 - matching_Balmis - DEBUG -     gz_id=9901096 'san cebastian indios' score=0.848 nombre=False saint_only=False terr= phase=relegated
2025-12-30 09:37:54 - matching_Balmis - DEBUG -     gz_id=9901096 'san cebastian indios' score=0.848 nombre=False saint_only=False terr= phase=relegated
2025-12-30 09:37:54 - matching_Balmis - DEBUG -     gz_id=1002250 'san cebastian ocotlan' score=0.848 nombre=False saint_only=False terr= phase=relegated
2025-12-30 09:37:54 - matching_Balmis - DEBUG -     gz_id=1002250 'san cebastian ocotlan' score=0.848 nombre=False saint_only=False terr= phase=relegated
2025-12-30 09:37:54 - matching_Balmis - DEBUG -     gz_id=1002369 'san cebastian monte' score=0.848 nombre=False saint_only=False terr= phase=relegated
2025-12-30 09:37:54 - matching_Balmis - DEBUG -     gz_id=1002369 'san cebastian monte' score=0.848 nombre=False saint_only=False terr= phase=relegated
2025-12-30 09:37:54 - matching_Balmis - DEBUG -     gz_id=1002565 'san cebastian jilotepec' score=0.848 nombre=False saint_only=False terr= phase=relegated
2025-12-30 09:37:54 - matching_Balmis - DEBUG -     gz_id=1002565 'san cebastian jilotepec' score=0.848 nombre=False saint_only=False terr= phase=relegated
2025-12-30 09:37:54 - matching_Balmis - DEBUG -     gz_id=1002565 'san cebastian jilotepec' score=0.848 nombre=False saint_only=False terr= phase=relegated
2025-12-30 09:37:54 - matching_Balmis - DEBUG -     gz_id=5600649 'san cebastian indios' score=0.848 nombre=False saint_only=False terr= phase=relegated
2025-12-30 09:37:54 - matching_Balmis - DEBUG -     gz_id=5600649 'san cebastian indios' score=0.848 nombre=False saint_only=False terr= phase=relegated
2025-12-30 09:37:54 - matching_Balmis - DEBUG -     gz_id=5600649 'san cebastian indios' score=0.848 nombre=False saint_only=False terr= phase=relegated
2025-12-30 09:37:54 - matching_Balmis - DEBUG -     gz_id=5600649 'san cebastian indios' score=0.848 nombre=False saint_only=False terr= phase=relegated
2025-12-30 09:37:54 - matching_Balmis - DEBUG -     gz_id=1004712 'barrio san cebastian' score=0.812 nombre=False saint_only=False terr= phase=relegated
2025-12-30 09:37:54 - matching_Balmis - DEBUG -     gz_id=1004712 'barrio san cebastian' score=0.812 nombre=False saint_only=False terr= phase=relegated
2025-12-30 09:37:54 - matching_Balmis - DEBUG -     gz_id=1002264 'cedas' score=0.848 nombre=False saint_only=False terr= phase=relegated
2025-12-30 09:37:54 - matching_Balmis - DEBUG -     gz_id=1002264 'cedas' score=0.848 nombre=False saint_only=False terr= phase=relegated
2025-12-30 09:37:54 - matching_Balmis - DEBUG -     gz_id=3000230 'monte plata' score=1.000 nombre=False saint_only=False terr= phase=auto_adopt
2025-12-30 09:37:54 - matching_Balmis - DEBUG -     gz_id=3000230 'monte plata' score=1.000 nombre=False saint_only=False terr= phase=auto_adopt
2025-12-30 09:37:54 - matching_Balmis - DEBUG -     gz_id=5000382 'san carlos' score=0.812 nombre=False saint_only=False terr=adm0_iso_exact phase=relegated
2025-12-30 09:37:54 - matching_Balmis - INFO -   Before dedup: 150 candidates
2025-12-30 09:37:54 - matching_Balmis - INFO -   After dedup: 56 unique gz_ids
2025-12-30 09:37:54 - matching_Balmis - INFO -   Nombre matches (exact on lugar_nombre): 1
2025-12-30 09:37:54 - matching_Balmis - INFO -   Saint-only matches: 0
2025-12-30 09:37:54 - matching_Balmis - INFO -   Substantive matches: 56
2025-12-30 09:37:54 - matching_Balmis - INFO -   ✅ NOMBRE PRIORITY: Keeping ONLY 1 nombre matches, discarding 55 others
2025-12-30 09:37:54 - matching_Balmis - INFO -      gz_id=5000032: La Plata
2025-12-30 09:37:54 - matching_Balmis - INFO -   Input has territorial data: True
2025-12-30 09:37:54 - matching_Balmis - INFO -   Candidates with territory match: 1
2025-12-30 09:37:54 - matching_Balmis - INFO -   After territorial filter (keeping adm0): 1 candidates
2025-12-30 09:37:54 - matching_Balmis - INFO -   Auto-adopt candidates: 1
2025-12-30 09:37:54 - matching_Balmis - INFO -   Single auto-adopt, discarding other matches
2025-12-30 09:37:54 - matching_Balmis - INFO - 
============================================================
2025-12-30 09:37:54 - matching_Balmis - INFO - Processing rowID=25: 'Ibagué' -> cleaned: 'ibahue'
2025-12-30 09:37:54 - matching_Balmis - INFO -   Token-based candidates: 1
2025-12-30 09:37:54 - matching_Balmis - INFO -   Fuzzy matches (score >= 70, limit=500): 1
2025-12-30 09:37:54 - matching_Balmis - DEBUG -     gz_id=5000030 'ibahue' score=1.000 nombre=False saint_only=False terr=adm0_iso_exact phase=auto_adopt
2025-12-30 09:37:54 - matching_Balmis - INFO -   Before dedup: 1 candidates
2025-12-30 09:37:54 - matching_Balmis - INFO -   After dedup: 1 unique gz_ids
2025-12-30 09:37:54 - matching_Balmis - INFO -   Nombre matches (exact on lugar_nombre): 0
2025-12-30 09:37:54 - matching_Balmis - INFO -   Saint-only matches: 0
2025-12-30 09:37:54 - matching_Balmis - INFO -   Substantive matches: 1
2025-12-30 09:37:54 - matching_Balmis - INFO -   Input has territorial data: True
2025-12-30 09:37:54 - matching_Balmis - INFO -   Candidates with territory match: 1
2025-12-30 09:37:54 - matching_Balmis - INFO -   After territorial filter (keeping adm0): 1 candidates
2025-12-30 09:37:54 - matching_Balmis - INFO -   Auto-adopt candidates: 1
2025-12-30 09:37:54 - matching_Balmis - INFO -   Single auto-adopt, discarding other matches
2025-12-30 09:37:54 - matching_Balmis - INFO - 
============================================================
2025-12-30 09:37:54 - matching_Balmis - INFO - Processing rowID=26: 'Cartago' -> cleaned: 'cartago'
2025-12-30 09:37:54 - matching_Balmis - INFO -   Token-based candidates: 4
2025-12-30 09:37:54 - matching_Balmis - INFO -   Fuzzy matches (score >= 70, limit=500): 3
2025-12-30 09:37:54 - matching_Balmis - DEBUG -     gz_id=5600037 'cartago' score=1.000 nombre=True saint_only=False terr=adm0_iso_exact phase=auto_adopt
2025-12-30 09:37:54 - matching_Balmis - DEBUG -     gz_id=5600037 'cartago' score=1.000 nombre=True saint_only=False terr=adm0_iso_exact phase=auto_adopt
2025-12-30 09:37:54 - matching_Balmis - DEBUG -     gz_id=2000010 'cartago' score=1.000 nombre=True saint_only=False terr= phase=auto_adopt
2025-12-30 09:37:54 - matching_Balmis - INFO -   Before dedup: 3 candidates
2025-12-30 09:37:54 - matching_Balmis - INFO -   After dedup: 2 unique gz_ids
2025-12-30 09:37:54 - matching_Balmis - INFO -   Nombre matches (exact on lugar_nombre): 2
2025-12-30 09:37:54 - matching_Balmis - INFO -   Saint-only matches: 0
2025-12-30 09:37:54 - matching_Balmis - INFO -   Substantive matches: 2
2025-12-30 09:37:54 - matching_Balmis - INFO -   ✅ NOMBRE PRIORITY: Keeping ONLY 2 nombre matches, discarding 0 others
2025-12-30 09:37:54 - matching_Balmis - INFO -      gz_id=5600037: Cartago
2025-12-30 09:37:54 - matching_Balmis - INFO -      gz_id=2000010: Cartago
2025-12-30 09:37:54 - matching_Balmis - INFO -   Input has territorial data: True
2025-12-30 09:37:54 - matching_Balmis - INFO -   Candidates with territory match: 1
2025-12-30 09:37:54 - matching_Balmis - INFO -   After territorial filter (keeping adm0): 1 candidates
2025-12-30 09:37:54 - matching_Balmis - INFO -   Auto-adopt candidates: 1
2025-12-30 09:37:54 - matching_Balmis - INFO -   Single auto-adopt, discarding other matches
2025-12-30 09:37:54 - matching_Balmis - INFO - 
============================================================
2025-12-30 09:37:54 - matching_Balmis - INFO - Processing rowID=27: 'Llano Grande' -> cleaned: 'llano grande'
2025-12-30 09:37:54 - matching_Balmis - INFO -   Token-based candidates: 191
2025-12-30 09:37:54 - matching_Balmis - INFO -   Filtering: need match on substantive tokens: ['grande', 'llano'] OR 2+ total tokens
2025-12-30 09:37:54 - matching_Balmis - INFO -   Fuzzy matches (score >= 70, limit=500): 140
2025-12-30 09:37:54 - matching_Balmis - DEBUG -     gz_id=2000899 'grande' score=1.000 nombre=False saint_only=False terr= phase=auto_adopt
2025-12-30 09:37:54 - matching_Balmis - DEBUG -     gz_id=2000899 'grande' score=1.000 nombre=False saint_only=False terr= phase=auto_adopt
2025-12-30 09:37:54 - matching_Balmis - DEBUG -     gz_id=5000769 'llano grande' score=1.000 nombre=True saint_only=False terr=adm0_iso_exact phase=auto_adopt
2025-12-30 09:37:54 - matching_Balmis - DEBUG -     gz_id=5000769 'llano grande' score=1.000 nombre=True saint_only=False terr=adm0_iso_exact phase=auto_adopt
2025-12-30 09:37:54 - matching_Balmis - DEBUG -     gz_id=5000769 'llano grande' score=1.000 nombre=True saint_only=False terr=adm0_iso_exact phase=auto_adopt
2025-12-30 09:37:54 - matching_Balmis - DEBUG -     gz_id=5000820 'llano grande' score=1.000 nombre=True saint_only=False terr=adm0_iso_exact phase=auto_adopt
2025-12-30 09:37:54 - matching_Balmis - DEBUG -     gz_id=5000820 'llano grande' score=1.000 nombre=True saint_only=False terr=adm0_iso_exact phase=auto_adopt
2025-12-30 09:37:54 - matching_Balmis - DEBUG -     gz_id=2000880 'plano grande' score=0.957 nombre=False saint_only=False terr= phase=auto_adopt
2025-12-30 09:37:54 - matching_Balmis - DEBUG -     gz_id=1002546 'acatlan grande' score=0.909 nombre=False saint_only=False terr= phase=auto_adopt
2025-12-30 09:37:54 - matching_Balmis - DEBUG -     gz_id=1002546 'acatlan grande' score=0.909 nombre=False saint_only=False terr= phase=auto_adopt
2025-12-30 09:37:54 - matching_Balmis - DEBUG -     gz_id=9900817 'rio grande' score=0.889 nombre=False saint_only=False terr= phase=candidate
2025-12-30 09:37:54 - matching_Balmis - DEBUG -     gz_id=9900817 'rio grande' score=0.889 nombre=False saint_only=False terr= phase=candidate
2025-12-30 09:37:54 - matching_Balmis - DEBUG -     gz_id=9900817 'rio grande' score=0.889 nombre=False saint_only=False terr= phase=candidate
2025-12-30 09:37:54 - matching_Balmis - DEBUG -     gz_id=9900817 'rio grande' score=0.889 nombre=False saint_only=False terr= phase=candidate
2025-12-30 09:37:54 - matching_Balmis - DEBUG -     gz_id=9900885 'rio grande' score=0.889 nombre=False saint_only=False terr= phase=candidate
2025-12-30 09:37:54 - matching_Balmis - DEBUG -     gz_id=9900885 'rio grande' score=0.889 nombre=False saint_only=False terr= phase=candidate
2025-12-30 09:37:54 - matching_Balmis - DEBUG -     gz_id=9900885 'rio grande' score=0.889 nombre=False saint_only=False terr= phase=candidate
2025-12-30 09:37:54 - matching_Balmis - DEBUG -     gz_id=9900885 'rio grande' score=0.889 nombre=False saint_only=False terr= phase=candidate
2025-12-30 09:37:54 - matching_Balmis - DEBUG -     gz_id=9900885 'rio grande' score=0.889 nombre=False saint_only=False terr= phase=candidate
2025-12-30 09:37:54 - matching_Balmis - DEBUG -     gz_id=9900571 'rio grande' score=0.889 nombre=False saint_only=False terr= phase=candidate
2025-12-30 09:37:54 - matching_Balmis - DEBUG -     gz_id=9900571 'rio grande' score=0.889 nombre=False saint_only=False terr= phase=candidate
2025-12-30 09:37:54 - matching_Balmis - DEBUG -     gz_id=9000330 'paso grande' score=0.857 nombre=False saint_only=False terr= phase=candidate
2025-12-30 09:37:54 - matching_Balmis - DEBUG -     gz_id=9000330 'paso grande' score=0.857 nombre=False saint_only=False terr= phase=candidate
2025-12-30 09:37:54 - matching_Balmis - DEBUG -     gz_id=9000330 'paso grande' score=0.857 nombre=False saint_only=False terr= phase=candidate
2025-12-30 09:37:54 - matching_Balmis - DEBUG -     gz_id=9000330 'paso grande' score=0.857 nombre=False saint_only=False terr= phase=candidate
2025-12-30 09:37:54 - matching_Balmis - DEBUG -     gz_id=4000612 'boca grande' score=0.842 nombre=False saint_only=False terr= phase=relegated
2025-12-30 09:37:54 - matching_Balmis - DEBUG -     gz_id=9901020 'rancho grande' score=0.833 nombre=False saint_only=False terr= phase=relegated
2025-12-30 09:37:54 - matching_Balmis - DEBUG -     gz_id=9901020 'rancho grande' score=0.833 nombre=False saint_only=False terr= phase=relegated
2025-12-30 09:37:54 - matching_Balmis - DEBUG -     gz_id=9901020 'rancho grande' score=0.833 nombre=False saint_only=False terr= phase=relegated
2025-12-30 09:37:54 - matching_Balmis - DEBUG -     gz_id=1004946 'riogrande' score=0.824 nombre=False saint_only=False terr= phase=relegated
2025-12-30 09:37:54 - matching_Balmis - DEBUG -     gz_id=1004946 'riogrande' score=0.824 nombre=False saint_only=False terr= phase=relegated
2025-12-30 09:37:54 - matching_Balmis - DEBUG -     gz_id=5000167 'sabana grande' score=0.818 nombre=False saint_only=False terr=adm0_iso_exact phase=relegated
2025-12-30 09:37:54 - matching_Balmis - DEBUG -     gz_id=5000167 'sabana grande' score=0.818 nombre=False saint_only=False terr=adm0_iso_exact phase=relegated
2025-12-30 09:37:54 - matching_Balmis - DEBUG -     gz_id=5000167 'sabana grande' score=0.818 nombre=False saint_only=False terr=adm0_iso_exact phase=relegated
2025-12-30 09:37:54 - matching_Balmis - DEBUG -     gz_id=9000423 'pehuajo grande' score=0.818 nombre=False saint_only=False terr= phase=relegated
2025-12-30 09:37:54 - matching_Balmis - DEBUG -     gz_id=9000423 'pehuajo grande' score=0.818 nombre=False saint_only=False terr= phase=relegated
2025-12-30 09:37:54 - matching_Balmis - DEBUG -     gz_id=9000423 'pehuajo grande' score=0.818 nombre=False saint_only=False terr= phase=relegated
2025-12-30 09:37:54 - matching_Balmis - DEBUG -     gz_id=9000423 'pehuajo grande' score=0.818 nombre=False saint_only=False terr= phase=relegated
2025-12-30 09:37:54 - matching_Balmis - DEBUG -     gz_id=8000015 'balle grande' score=0.818 nombre=False saint_only=False terr= phase=relegated
2025-12-30 09:37:54 - matching_Balmis - DEBUG -     gz_id=8000015 'balle grande' score=0.818 nombre=False saint_only=False terr= phase=relegated
2025-12-30 09:37:54 - matching_Balmis - DEBUG -     gz_id=9900977 'sabana grande' score=0.818 nombre=False saint_only=False terr= phase=relegated
2025-12-30 09:37:54 - matching_Balmis - DEBUG -     gz_id=9900977 'sabana grande' score=0.818 nombre=False saint_only=False terr= phase=relegated
2025-12-30 09:37:54 - matching_Balmis - DEBUG -     gz_id=9900977 'sabana grande' score=0.818 nombre=False saint_only=False terr= phase=relegated
2025-12-30 09:37:54 - matching_Balmis - DEBUG -     gz_id=9900977 'sabana grande' score=0.818 nombre=False saint_only=False terr= phase=relegated
2025-12-30 09:37:54 - matching_Balmis - DEBUG -     gz_id=9900977 'sabana grande' score=0.818 nombre=False saint_only=False terr= phase=relegated
2025-12-30 09:37:54 - matching_Balmis - DEBUG -     gz_id=9900977 'sabana grande' score=0.818 nombre=False saint_only=False terr= phase=relegated
2025-12-30 09:37:54 - matching_Balmis - DEBUG -     gz_id=5000209 'sabana grande' score=0.818 nombre=False saint_only=False terr=adm0_iso_exact phase=relegated
2025-12-30 09:37:54 - matching_Balmis - DEBUG -     gz_id=5000209 'sabana grande' score=0.818 nombre=False saint_only=False terr=adm0_iso_exact phase=relegated
2025-12-30 09:37:54 - matching_Balmis - DEBUG -     gz_id=5000209 'sabana grande' score=0.818 nombre=False saint_only=False terr=adm0_iso_exact phase=relegated
2025-12-30 09:37:54 - matching_Balmis - DEBUG -     gz_id=2000222 'santa ana grande' score=0.818 nombre=False saint_only=False terr= phase=relegated
2025-12-30 09:37:54 - matching_Balmis - DEBUG -     gz_id=2000222 'santa ana grande' score=0.818 nombre=False saint_only=False terr= phase=relegated
2025-12-30 09:37:54 - matching_Balmis - DEBUG -     gz_id=4000312 'sabana grande' score=0.818 nombre=False saint_only=False terr= phase=relegated
2025-12-30 09:37:54 - matching_Balmis - DEBUG -     gz_id=4000312 'sabana grande' score=0.818 nombre=False saint_only=False terr= phase=relegated
2025-12-30 09:37:54 - matching_Balmis - DEBUG -     gz_id=4000312 'sabana grande' score=0.818 nombre=False saint_only=False terr= phase=relegated
2025-12-30 09:37:54 - matching_Balmis - DEBUG -     gz_id=4000312 'sabana grande' score=0.818 nombre=False saint_only=False terr= phase=relegated
2025-12-30 09:37:54 - matching_Balmis - DEBUG -     gz_id=4000312 'sabana grande' score=0.818 nombre=False saint_only=False terr= phase=relegated
2025-12-30 09:37:54 - matching_Balmis - DEBUG -     gz_id=4000312 'sabana grande' score=0.818 nombre=False saint_only=False terr= phase=relegated
2025-12-30 09:37:54 - matching_Balmis - DEBUG -     gz_id=4000312 'sabana grande' score=0.818 nombre=False saint_only=False terr= phase=relegated
2025-12-30 09:37:54 - matching_Balmis - DEBUG -     gz_id=9900874 'sabana grande' score=0.818 nombre=False saint_only=False terr= phase=relegated
2025-12-30 09:37:54 - matching_Balmis - DEBUG -     gz_id=9900874 'sabana grande' score=0.818 nombre=False saint_only=False terr= phase=relegated
2025-12-30 09:37:54 - matching_Balmis - DEBUG -     gz_id=9900874 'sabana grande' score=0.818 nombre=False saint_only=False terr= phase=relegated
2025-12-30 09:37:54 - matching_Balmis - DEBUG -     gz_id=9900874 'sabana grande' score=0.818 nombre=False saint_only=False terr= phase=relegated
2025-12-30 09:37:54 - matching_Balmis - DEBUG -     gz_id=9900884 'quemado grande' score=0.818 nombre=False saint_only=False terr= phase=relegated
2025-12-30 09:37:54 - matching_Balmis - DEBUG -     gz_id=9900884 'quemado grande' score=0.818 nombre=False saint_only=False terr= phase=relegated
2025-12-30 09:37:54 - matching_Balmis - DEBUG -     gz_id=9900884 'quemado grande' score=0.818 nombre=False saint_only=False terr= phase=relegated
2025-12-30 09:37:54 - matching_Balmis - DEBUG -     gz_id=9900884 'quemado grande' score=0.818 nombre=False saint_only=False terr= phase=relegated
2025-12-30 09:37:54 - matching_Balmis - DEBUG -     gz_id=9900884 'quemado grande' score=0.818 nombre=False saint_only=False terr= phase=relegated
2025-12-30 09:37:54 - matching_Balmis - DEBUG -     gz_id=1001752 'atotonilco grande' score=0.818 nombre=False saint_only=False terr= phase=relegated
2025-12-30 09:37:54 - matching_Balmis - DEBUG -     gz_id=1001752 'atotonilco grande' score=0.818 nombre=False saint_only=False terr= phase=relegated
2025-12-30 09:37:54 - matching_Balmis - DEBUG -     gz_id=1001763 'san antonio grande' score=0.818 nombre=False saint_only=False terr= phase=relegated
2025-12-30 09:37:54 - matching_Balmis - DEBUG -     gz_id=1001763 'san antonio grande' score=0.818 nombre=False saint_only=False terr= phase=relegated
2025-12-30 09:37:54 - matching_Balmis - DEBUG -     gz_id=7000064 'potrero grande' score=0.800 nombre=False saint_only=False terr= phase=relegated
2025-12-30 09:37:54 - matching_Balmis - DEBUG -     gz_id=7000064 'potrero grande' score=0.800 nombre=False saint_only=False terr= phase=relegated
2025-12-30 09:37:54 - matching_Balmis - DEBUG -     gz_id=5000205 'labransa grande' score=0.800 nombre=False saint_only=False terr=adm0_iso_exact phase=relegated
2025-12-30 09:37:54 - matching_Balmis - DEBUG -     gz_id=5000205 'labransa grande' score=0.800 nombre=False saint_only=False terr=adm0_iso_exact phase=relegated
2025-12-30 09:37:54 - matching_Balmis - DEBUG -     gz_id=5000205 'labransa grande' score=0.800 nombre=False saint_only=False terr=adm0_iso_exact phase=relegated
2025-12-30 09:37:54 - matching_Balmis - DEBUG -     gz_id=5000205 'labransa grande' score=0.800 nombre=False saint_only=False terr=adm0_iso_exact phase=relegated
2025-12-30 09:37:54 - matching_Balmis - DEBUG -     gz_id=9900644 'encenada grande' score=0.800 nombre=False saint_only=False terr= phase=relegated
2025-12-30 09:37:54 - matching_Balmis - DEBUG -     gz_id=9900644 'encenada grande' score=0.800 nombre=False saint_only=False terr= phase=relegated
2025-12-30 09:37:54 - matching_Balmis - DEBUG -     gz_id=9900644 'encenada grande' score=0.800 nombre=False saint_only=False terr= phase=relegated
2025-12-30 09:37:54 - matching_Balmis - DEBUG -     gz_id=1000076 'san mihuel grande' score=0.800 nombre=False saint_only=False terr= phase=relegated
2025-12-30 09:37:54 - matching_Balmis - DEBUG -     gz_id=1000076 'san mihuel grande' score=0.800 nombre=False saint_only=False terr= phase=relegated
2025-12-30 09:37:54 - matching_Balmis - DEBUG -     gz_id=2000694 'piedra grande' score=0.800 nombre=False saint_only=False terr= phase=relegated
2025-12-30 09:37:54 - matching_Balmis - DEBUG -     gz_id=2000694 'piedra grande' score=0.800 nombre=False saint_only=False terr= phase=relegated
2025-12-30 09:37:54 - matching_Balmis - DEBUG -     gz_id=1004940 'pesqueria grande' score=0.800 nombre=False saint_only=False terr= phase=relegated
2025-12-30 09:37:54 - matching_Balmis - DEBUG -     gz_id=1004940 'pesqueria grande' score=0.800 nombre=False saint_only=False terr= phase=relegated
2025-12-30 09:37:54 - matching_Balmis - DEBUG -     gz_id=1004940 'pesqueria grande' score=0.800 nombre=False saint_only=False terr= phase=relegated
2025-12-30 09:37:54 - matching_Balmis - DEBUG -     gz_id=1004940 'pesqueria grande' score=0.800 nombre=False saint_only=False terr= phase=relegated
2025-12-30 09:37:54 - matching_Balmis - DEBUG -     gz_id=6001485 'tambo grande' score=0.800 nombre=False saint_only=False terr= phase=relegated
2025-12-30 09:37:54 - matching_Balmis - DEBUG -     gz_id=6001485 'tambo grande' score=0.800 nombre=False saint_only=False terr= phase=relegated
2025-12-30 09:37:54 - matching_Balmis - DEBUG -     gz_id=6001279 'bahua grande' score=0.800 nombre=False saint_only=False terr= phase=relegated
2025-12-30 09:37:54 - matching_Balmis - DEBUG -     gz_id=6001279 'bahua grande' score=0.800 nombre=False saint_only=False terr= phase=relegated
2025-12-30 09:37:54 - matching_Balmis - DEBUG -     gz_id=6001279 'bahua grande' score=0.800 nombre=False saint_only=False terr= phase=relegated
2025-12-30 09:37:54 - matching_Balmis - DEBUG -     gz_id=9000319 'estancia grande' score=0.800 nombre=False saint_only=False terr= phase=relegated
2025-12-30 09:37:54 - matching_Balmis - DEBUG -     gz_id=9000319 'estancia grande' score=0.800 nombre=False saint_only=False terr= phase=relegated
2025-12-30 09:37:54 - matching_Balmis - DEBUG -     gz_id=9000319 'estancia grande' score=0.800 nombre=False saint_only=False terr= phase=relegated
2025-12-30 09:37:54 - matching_Balmis - DEBUG -     gz_id=9000319 'estancia grande' score=0.800 nombre=False saint_only=False terr= phase=relegated
2025-12-30 09:37:54 - matching_Balmis - DEBUG -     gz_id=9000333 'potrero grande' score=0.800 nombre=False saint_only=False terr= phase=relegated
2025-12-30 09:37:54 - matching_Balmis - DEBUG -     gz_id=9000333 'potrero grande' score=0.800 nombre=False saint_only=False terr= phase=relegated
2025-12-30 09:37:54 - matching_Balmis - DEBUG -     gz_id=9000333 'potrero grande' score=0.800 nombre=False saint_only=False terr= phase=relegated
2025-12-30 09:37:54 - matching_Balmis - DEBUG -     gz_id=9000333 'potrero grande' score=0.800 nombre=False saint_only=False terr= phase=relegated
2025-12-30 09:37:54 - matching_Balmis - DEBUG -     gz_id=9900909 'chapal grande' score=0.800 nombre=False saint_only=False terr=adm0_iso_exact phase=relegated
2025-12-30 09:37:54 - matching_Balmis - DEBUG -     gz_id=9900909 'chapal grande' score=0.800 nombre=False saint_only=False terr=adm0_iso_exact phase=relegated
2025-12-30 09:37:54 - matching_Balmis - DEBUG -     gz_id=9900909 'chapal grande' score=0.800 nombre=False saint_only=False terr=adm0_iso_exact phase=relegated
2025-12-30 09:37:54 - matching_Balmis - DEBUG -     gz_id=9000208 'campo grande' score=0.800 nombre=False saint_only=False terr= phase=relegated
2025-12-30 09:37:54 - matching_Balmis - DEBUG -     gz_id=9000208 'campo grande' score=0.800 nombre=False saint_only=False terr= phase=relegated
2025-12-30 09:37:54 - matching_Balmis - DEBUG -     gz_id=8000396 'pampa grande' score=0.800 nombre=False saint_only=False terr= phase=relegated
2025-12-30 09:37:54 - matching_Balmis - DEBUG -     gz_id=8000396 'pampa grande' score=0.800 nombre=False saint_only=False terr= phase=relegated
2025-12-30 09:37:54 - matching_Balmis - DEBUG -     gz_id=5000587 'arroio grande' score=0.800 nombre=False saint_only=False terr=adm0_iso_exact phase=relegated
2025-12-30 09:37:54 - matching_Balmis - DEBUG -     gz_id=1005050 'canada grande' score=0.800 nombre=False saint_only=False terr= phase=relegated
2025-12-30 09:37:54 - matching_Balmis - DEBUG -     gz_id=1005050 'canada grande' score=0.800 nombre=False saint_only=False terr= phase=relegated
2025-12-30 09:37:54 - matching_Balmis - DEBUG -     gz_id=1005050 'canada grande' score=0.800 nombre=False saint_only=False terr= phase=relegated
2025-12-30 09:37:54 - matching_Balmis - DEBUG -     gz_id=1005050 'canada grande' score=0.800 nombre=False saint_only=False terr= phase=relegated
2025-12-30 09:37:54 - matching_Balmis - DEBUG -     gz_id=1005050 'canada grande' score=0.800 nombre=False saint_only=False terr= phase=relegated
2025-12-30 09:37:54 - matching_Balmis - DEBUG -     gz_id=1005050 'canada grande' score=0.800 nombre=False saint_only=False terr= phase=relegated
2025-12-30 09:37:54 - matching_Balmis - DEBUG -     gz_id=5000487 'paune grande' score=0.783 nombre=False saint_only=False terr=adm0_iso_exact phase=relegated
2025-12-30 09:37:54 - matching_Balmis - DEBUG -     gz_id=9901283 'sandi grande' score=0.783 nombre=False saint_only=False terr= phase=relegated
2025-12-30 09:37:54 - matching_Balmis - DEBUG -     gz_id=9901283 'sandi grande' score=0.783 nombre=False saint_only=False terr= phase=relegated
2025-12-30 09:37:54 - matching_Balmis - DEBUG -     gz_id=9901283 'sandi grande' score=0.783 nombre=False saint_only=False terr= phase=relegated
2025-12-30 09:37:54 - matching_Balmis - DEBUG -     gz_id=9901283 'sandi grande' score=0.783 nombre=False saint_only=False terr= phase=relegated
2025-12-30 09:37:54 - matching_Balmis - DEBUG -     gz_id=9901283 'sandi grande' score=0.783 nombre=False saint_only=False terr= phase=relegated
2025-12-30 09:37:54 - matching_Balmis - DEBUG -     gz_id=9901283 'sandi grande' score=0.783 nombre=False saint_only=False terr= phase=relegated
2025-12-30 09:37:54 - matching_Balmis - DEBUG -     gz_id=9901283 'sandi grande' score=0.783 nombre=False saint_only=False terr= phase=relegated
2025-12-30 09:37:54 - matching_Balmis - DEBUG -     gz_id=9000246 'pulares grande' score=0.750 nombre=False saint_only=False terr= phase=relegated
2025-12-30 09:37:54 - matching_Balmis - DEBUG -     gz_id=9000246 'pulares grande' score=0.750 nombre=False saint_only=False terr= phase=relegated
2025-12-30 09:37:54 - matching_Balmis - DEBUG -     gz_id=9000246 'pulares grande' score=0.750 nombre=False saint_only=False terr= phase=relegated
2025-12-30 09:37:54 - matching_Balmis - DEBUG -     gz_id=9000246 'pulares grande' score=0.750 nombre=False saint_only=False terr= phase=relegated
2025-12-30 09:37:54 - matching_Balmis - DEBUG -     gz_id=2000904 'llano malo' score=0.750 nombre=False saint_only=False terr= phase=relegated
2025-12-30 09:37:54 - matching_Balmis - DEBUG -     gz_id=2000904 'llano malo' score=0.750 nombre=False saint_only=False terr= phase=relegated
2025-12-30 09:37:54 - matching_Balmis - DEBUG -     gz_id=9900626 'solis grande' score=0.737 nombre=False saint_only=False terr= phase=relegated
2025-12-30 09:37:54 - matching_Balmis - DEBUG -     gz_id=9900626 'solis grande' score=0.737 nombre=False saint_only=False terr= phase=relegated
2025-12-30 09:37:54 - matching_Balmis - DEBUG -     gz_id=9900626 'solis grande' score=0.737 nombre=False saint_only=False terr= phase=relegated
2025-12-30 09:37:54 - matching_Balmis - DEBUG -     gz_id=7000104 'monte grande' score=0.737 nombre=False saint_only=False terr= phase=relegated
2025-12-30 09:37:54 - matching_Balmis - DEBUG -     gz_id=7000104 'monte grande' score=0.737 nombre=False saint_only=False terr= phase=relegated
2025-12-30 09:37:54 - matching_Balmis - DEBUG -     gz_id=5000514 'llano enciso' score=0.737 nombre=False saint_only=False terr=adm0_iso_exact phase=relegated
2025-12-30 09:37:54 - matching_Balmis - DEBUG -     gz_id=5000514 'llano enciso' score=0.737 nombre=False saint_only=False terr=adm0_iso_exact phase=relegated
2025-12-30 09:37:54 - matching_Balmis - DEBUG -     gz_id=5000514 'llano enciso' score=0.737 nombre=False saint_only=False terr=adm0_iso_exact phase=relegated
2025-12-30 09:37:54 - matching_Balmis - DEBUG -     gz_id=5600770 'llano berde' score=0.737 nombre=False saint_only=False terr=adm0_iso_exact phase=relegated
2025-12-30 09:37:54 - matching_Balmis - DEBUG -     gz_id=5600770 'llano berde' score=0.737 nombre=False saint_only=False terr=adm0_iso_exact phase=relegated
2025-12-30 09:37:54 - matching_Balmis - DEBUG -     gz_id=5600770 'llano berde' score=0.737 nombre=False saint_only=False terr=adm0_iso_exact phase=relegated
2025-12-30 09:37:54 - matching_Balmis - INFO -   Before dedup: 140 candidates
2025-12-30 09:37:54 - matching_Balmis - INFO -   After dedup: 46 unique gz_ids
2025-12-30 09:37:54 - matching_Balmis - INFO -   Nombre matches (exact on lugar_nombre): 2
2025-12-30 09:37:54 - matching_Balmis - INFO -   Saint-only matches: 0
2025-12-30 09:37:54 - matching_Balmis - INFO -   Substantive matches: 46
2025-12-30 09:37:54 - matching_Balmis - INFO -   ✅ NOMBRE PRIORITY: Keeping ONLY 2 nombre matches, discarding 44 others
2025-12-30 09:37:54 - matching_Balmis - INFO -      gz_id=5000769: Llano Grande
2025-12-30 09:37:54 - matching_Balmis - INFO -      gz_id=5000820: Llano Grande
2025-12-30 09:37:54 - matching_Balmis - INFO -   Input has territorial data: True
2025-12-30 09:37:54 - matching_Balmis - INFO -   Candidates with territory match: 2
2025-12-30 09:37:54 - matching_Balmis - INFO -   After territorial filter (keeping adm0): 2 candidates
2025-12-30 09:37:54 - matching_Balmis - INFO -   Auto-adopt candidates: 2
2025-12-30 09:37:54 - matching_Balmis - INFO -   Multiple auto-adopts, keeping as candidates
2025-12-30 09:37:54 - matching_Balmis - INFO - 
============================================================
2025-12-30 09:37:54 - matching_Balmis - INFO - Processing rowID=28: 'Quilichao' -> cleaned: 'quilichao'
2025-12-30 09:37:54 - matching_Balmis - INFO -   Token-based candidates: 1
2025-12-30 09:37:54 - matching_Balmis - INFO -   Fuzzy matches (score >= 70, limit=500): 1
2025-12-30 09:37:54 - matching_Balmis - DEBUG -     gz_id=5600164 'quilichao' score=1.000 nombre=False saint_only=False terr=adm0_iso_exact phase=auto_adopt
2025-12-30 09:37:54 - matching_Balmis - INFO -   Before dedup: 1 candidates
2025-12-30 09:37:54 - matching_Balmis - INFO -   After dedup: 1 unique gz_ids
2025-12-30 09:37:54 - matching_Balmis - INFO -   Nombre matches (exact on lugar_nombre): 0
2025-12-30 09:37:54 - matching_Balmis - INFO -   Saint-only matches: 0
2025-12-30 09:37:54 - matching_Balmis - INFO -   Substantive matches: 1
2025-12-30 09:37:54 - matching_Balmis - INFO -   Input has territorial data: True
2025-12-30 09:37:54 - matching_Balmis - INFO -   Candidates with territory match: 1
2025-12-30 09:37:54 - matching_Balmis - INFO -   After territorial filter (keeping adm0): 1 candidates
2025-12-30 09:37:54 - matching_Balmis - INFO -   Auto-adopt candidates: 1
2025-12-30 09:37:54 - matching_Balmis - INFO -   Single auto-adopt, discarding other matches
2025-12-30 09:37:54 - matching_Balmis - INFO - 
============================================================
2025-12-30 09:37:54 - matching_Balmis - INFO - Processing rowID=29: 'Popayán' -> cleaned: 'popaian'
2025-12-30 09:37:54 - matching_Balmis - INFO -   Token-based candidates: 3
2025-12-30 09:37:54 - matching_Balmis - INFO -   Fuzzy matches (score >= 70, limit=500): 3
2025-12-30 09:37:54 - matching_Balmis - DEBUG -     gz_id=5600005 'popaian' score=1.000 nombre=True saint_only=False terr=adm0_iso_exact phase=auto_adopt
2025-12-30 09:37:54 - matching_Balmis - DEBUG -     gz_id=5600005 'popaian' score=1.000 nombre=True saint_only=False terr=adm0_iso_exact phase=auto_adopt
2025-12-30 09:37:54 - matching_Balmis - DEBUG -     gz_id=5600005 'popaian' score=1.000 nombre=True saint_only=False terr=adm0_iso_exact phase=auto_adopt
2025-12-30 09:37:54 - matching_Balmis - INFO -   Before dedup: 3 candidates
2025-12-30 09:37:54 - matching_Balmis - INFO -   After dedup: 1 unique gz_ids
2025-12-30 09:37:54 - matching_Balmis - INFO -   Nombre matches (exact on lugar_nombre): 1
2025-12-30 09:37:54 - matching_Balmis - INFO -   Saint-only matches: 0
2025-12-30 09:37:54 - matching_Balmis - INFO -   Substantive matches: 1
2025-12-30 09:37:54 - matching_Balmis - INFO -   ✅ NOMBRE PRIORITY: Keeping ONLY 1 nombre matches, discarding 0 others
2025-12-30 09:37:54 - matching_Balmis - INFO -      gz_id=5600005: Popayan
2025-12-30 09:37:54 - matching_Balmis - INFO -   Input has territorial data: True
2025-12-30 09:37:54 - matching_Balmis - INFO -   Candidates with territory match: 1
2025-12-30 09:37:54 - matching_Balmis - INFO -   After territorial filter (keeping adm0): 1 candidates
2025-12-30 09:37:54 - matching_Balmis - INFO -   Auto-adopt candidates: 1
2025-12-30 09:37:54 - matching_Balmis - INFO -   Single auto-adopt, discarding other matches
2025-12-30 09:37:54 - matching_Balmis - INFO - 
============================================================
2025-12-30 09:37:54 - matching_Balmis - INFO - Processing rowID=30: 'Popayán' -> cleaned: 'popaian'
2025-12-30 09:37:54 - matching_Balmis - INFO -   Token-based candidates: 3
2025-12-30 09:37:54 - matching_Balmis - INFO -   Fuzzy matches (score >= 70, limit=500): 3
2025-12-30 09:37:54 - matching_Balmis - DEBUG -     gz_id=5600005 'popaian' score=1.000 nombre=True saint_only=False terr=adm0_iso_exact phase=auto_adopt
2025-12-30 09:37:54 - matching_Balmis - DEBUG -     gz_id=5600005 'popaian' score=1.000 nombre=True saint_only=False terr=adm0_iso_exact phase=auto_adopt
2025-12-30 09:37:54 - matching_Balmis - DEBUG -     gz_id=5600005 'popaian' score=1.000 nombre=True saint_only=False terr=adm0_iso_exact phase=auto_adopt
2025-12-30 09:37:54 - matching_Balmis - INFO -   Before dedup: 3 candidates
2025-12-30 09:37:54 - matching_Balmis - INFO -   After dedup: 1 unique gz_ids
2025-12-30 09:37:54 - matching_Balmis - INFO -   Nombre matches (exact on lugar_nombre): 1
2025-12-30 09:37:54 - matching_Balmis - INFO -   Saint-only matches: 0
2025-12-30 09:37:54 - matching_Balmis - INFO -   Substantive matches: 1
2025-12-30 09:37:54 - matching_Balmis - INFO -   ✅ NOMBRE PRIORITY: Keeping ONLY 1 nombre matches, discarding 0 others
2025-12-30 09:37:54 - matching_Balmis - INFO -      gz_id=5600005: Popayan
2025-12-30 09:37:54 - matching_Balmis - INFO -   Input has territorial data: True
2025-12-30 09:37:54 - matching_Balmis - INFO -   Candidates with territory match: 1
2025-12-30 09:37:54 - matching_Balmis - INFO -   After territorial filter (keeping adm0): 1 candidates
2025-12-30 09:37:54 - matching_Balmis - INFO -   Auto-adopt candidates: 1
2025-12-30 09:37:54 - matching_Balmis - INFO -   Single auto-adopt, discarding other matches
2025-12-30 09:37:54 - matching_Balmis - INFO - Processing row 30, rowID=31
2025-12-30 09:37:54 - matching_Balmis - INFO - 
============================================================
2025-12-30 09:37:54 - matching_Balmis - INFO - Processing rowID=31: 'San Juan de Pasto' -> cleaned: 'san juan pasto'
2025-12-30 09:37:54 - matching_Balmis - INFO -   Token-based candidates: 12315
2025-12-30 09:37:54 - matching_Balmis - INFO -   Filtering: need match on substantive tokens: ['pasto', 'juan'] OR 2+ total tokens
2025-12-30 09:37:57 - matching_Balmis - INFO -   After filtering weak token matches: 1588 candidates
2025-12-30 09:37:57 - matching_Balmis - INFO -   Fuzzy matches (score >= 70, limit=500): 395
2025-12-30 09:37:57 - matching_Balmis - DEBUG -     gz_id=1000307 'san juan' score=1.000 nombre=False saint_only=False terr= phase=auto_adopt
2025-12-30 09:37:57 - matching_Balmis - DEBUG -     gz_id=1000307 'san juan' score=1.000 nombre=False saint_only=False terr= phase=auto_adopt
2025-12-30 09:37:57 - matching_Balmis - DEBUG -     gz_id=1000307 'san juan' score=1.000 nombre=False saint_only=False terr= phase=auto_adopt
2025-12-30 09:37:57 - matching_Balmis - DEBUG -     gz_id=1000307 'san juan' score=1.000 nombre=False saint_only=False terr= phase=auto_adopt
2025-12-30 09:37:57 - matching_Balmis - DEBUG -     gz_id=1000401 'san juan' score=1.000 nombre=False saint_only=False terr= phase=auto_adopt
2025-12-30 09:37:57 - matching_Balmis - DEBUG -     gz_id=1000401 'san juan' score=1.000 nombre=False saint_only=False terr= phase=auto_adopt
2025-12-30 09:37:57 - matching_Balmis - DEBUG -     gz_id=1000466 'san juan' score=1.000 nombre=False saint_only=False terr= phase=auto_adopt
2025-12-30 09:37:57 - matching_Balmis - DEBUG -     gz_id=1000466 'san juan' score=1.000 nombre=False saint_only=False terr= phase=auto_adopt
2025-12-30 09:37:57 - matching_Balmis - DEBUG -     gz_id=1000603 'san juan' score=1.000 nombre=False saint_only=False terr= phase=auto_adopt
2025-12-30 09:37:57 - matching_Balmis - DEBUG -     gz_id=1000603 'san juan' score=1.000 nombre=False saint_only=False terr= phase=auto_adopt
2025-12-30 09:37:57 - matching_Balmis - DEBUG -     gz_id=9900271 'san juan' score=1.000 nombre=False saint_only=False terr= phase=auto_adopt
2025-12-30 09:37:57 - matching_Balmis - DEBUG -     gz_id=1001046 'san juan' score=1.000 nombre=False saint_only=False terr= phase=auto_adopt
2025-12-30 09:37:57 - matching_Balmis - DEBUG -     gz_id=1001046 'san juan' score=1.000 nombre=False saint_only=False terr= phase=auto_adopt
2025-12-30 09:37:57 - matching_Balmis - DEBUG -     gz_id=9900840 'san juan' score=1.000 nombre=False saint_only=False terr= phase=auto_adopt
2025-12-30 09:37:57 - matching_Balmis - DEBUG -     gz_id=9900840 'san juan' score=1.000 nombre=False saint_only=False terr= phase=auto_adopt
2025-12-30 09:37:57 - matching_Balmis - DEBUG -     gz_id=9900923 'san juan' score=1.000 nombre=False saint_only=False terr=adm0_iso_exact phase=auto_adopt
2025-12-30 09:37:57 - matching_Balmis - DEBUG -     gz_id=9901308 'san juan' score=1.000 nombre=False saint_only=False terr= phase=auto_adopt
2025-12-30 09:37:57 - matching_Balmis - DEBUG -     gz_id=9901308 'san juan' score=1.000 nombre=False saint_only=False terr= phase=auto_adopt
2025-12-30 09:37:57 - matching_Balmis - DEBUG -     gz_id=9901308 'san juan' score=1.000 nombre=False saint_only=False terr= phase=auto_adopt
2025-12-30 09:37:57 - matching_Balmis - DEBUG -     gz_id=1001771 'san juan' score=1.000 nombre=False saint_only=False terr= phase=auto_adopt
2025-12-30 09:37:57 - matching_Balmis - DEBUG -     gz_id=1001771 'san juan' score=1.000 nombre=False saint_only=False terr= phase=auto_adopt
2025-12-30 09:37:57 - matching_Balmis - DEBUG -     gz_id=1001772 'san juan' score=1.000 nombre=False saint_only=False terr= phase=auto_adopt
2025-12-30 09:37:57 - matching_Balmis - DEBUG -     gz_id=1001772 'san juan' score=1.000 nombre=False saint_only=False terr= phase=auto_adopt
2025-12-30 09:37:57 - matching_Balmis - DEBUG -     gz_id=1003856 'san juan' score=1.000 nombre=False saint_only=False terr= phase=auto_adopt
2025-12-30 09:37:57 - matching_Balmis - DEBUG -     gz_id=1003856 'san juan' score=1.000 nombre=False saint_only=False terr= phase=auto_adopt
2025-12-30 09:37:57 - matching_Balmis - DEBUG -     gz_id=1003856 'san juan' score=1.000 nombre=False saint_only=False terr= phase=auto_adopt
2025-12-30 09:37:57 - matching_Balmis - DEBUG -     gz_id=1003856 'san juan' score=1.000 nombre=False saint_only=False terr= phase=auto_adopt
2025-12-30 09:37:57 - matching_Balmis - DEBUG -     gz_id=1004780 'san juan' score=1.000 nombre=False saint_only=False terr= phase=auto_adopt
2025-12-30 09:37:57 - matching_Balmis - DEBUG -     gz_id=1004780 'san juan' score=1.000 nombre=False saint_only=False terr= phase=auto_adopt
2025-12-30 09:37:57 - matching_Balmis - DEBUG -     gz_id=2000576 'san juan' score=1.000 nombre=False saint_only=False terr= phase=auto_adopt
2025-12-30 09:37:57 - matching_Balmis - DEBUG -     gz_id=2000576 'san juan' score=1.000 nombre=False saint_only=False terr= phase=auto_adopt
2025-12-30 09:37:57 - matching_Balmis - DEBUG -     gz_id=2000576 'san juan' score=1.000 nombre=False saint_only=False terr= phase=auto_adopt
2025-12-30 09:37:57 - matching_Balmis - DEBUG -     gz_id=2000576 'san juan' score=1.000 nombre=False saint_only=False terr= phase=auto_adopt
2025-12-30 09:37:57 - matching_Balmis - DEBUG -     gz_id=2000576 'san juan' score=1.000 nombre=False saint_only=False terr= phase=auto_adopt
2025-12-30 09:37:57 - matching_Balmis - DEBUG -     gz_id=2000701 'san juan' score=1.000 nombre=False saint_only=False terr= phase=auto_adopt
2025-12-30 09:37:57 - matching_Balmis - DEBUG -     gz_id=2000701 'san juan' score=1.000 nombre=False saint_only=False terr= phase=auto_adopt
2025-12-30 09:37:57 - matching_Balmis - DEBUG -     gz_id=2000701 'san juan' score=1.000 nombre=False saint_only=False terr= phase=auto_adopt
2025-12-30 09:37:57 - matching_Balmis - DEBUG -     gz_id=2000912 'san juan' score=1.000 nombre=False saint_only=False terr= phase=auto_adopt
2025-12-30 09:37:57 - matching_Balmis - DEBUG -     gz_id=2000912 'san juan' score=1.000 nombre=False saint_only=False terr= phase=auto_adopt
2025-12-30 09:37:57 - matching_Balmis - DEBUG -     gz_id=3000003 'san juan' score=1.000 nombre=False saint_only=False terr= phase=auto_adopt
2025-12-30 09:37:57 - matching_Balmis - DEBUG -     gz_id=3000003 'san juan' score=1.000 nombre=False saint_only=False terr= phase=auto_adopt
2025-12-30 09:37:57 - matching_Balmis - DEBUG -     gz_id=4000326 'san juan' score=1.000 nombre=False saint_only=False terr= phase=auto_adopt
2025-12-30 09:37:57 - matching_Balmis - DEBUG -     gz_id=4000326 'san juan' score=1.000 nombre=False saint_only=False terr= phase=auto_adopt
2025-12-30 09:37:57 - matching_Balmis - DEBUG -     gz_id=4000326 'san juan' score=1.000 nombre=False saint_only=False terr= phase=auto_adopt
2025-12-30 09:37:57 - matching_Balmis - DEBUG -     gz_id=4000326 'san juan' score=1.000 nombre=False saint_only=False terr= phase=auto_adopt
2025-12-30 09:37:57 - matching_Balmis - DEBUG -     gz_id=4000326 'san juan' score=1.000 nombre=False saint_only=False terr= phase=auto_adopt
2025-12-30 09:37:57 - matching_Balmis - DEBUG -     gz_id=4000326 'san juan' score=1.000 nombre=False saint_only=False terr= phase=auto_adopt
2025-12-30 09:37:57 - matching_Balmis - DEBUG -     gz_id=4000326 'san juan' score=1.000 nombre=False saint_only=False terr= phase=auto_adopt
2025-12-30 09:37:57 - matching_Balmis - DEBUG -     gz_id=4000530 'san juan' score=1.000 nombre=False saint_only=False terr= phase=auto_adopt
2025-12-30 09:37:57 - matching_Balmis - DEBUG -     gz_id=4000530 'san juan' score=1.000 nombre=False saint_only=False terr= phase=auto_adopt
2025-12-30 09:37:57 - matching_Balmis - DEBUG -     gz_id=4000530 'san juan' score=1.000 nombre=False saint_only=False terr= phase=auto_adopt
2025-12-30 09:37:57 - matching_Balmis - DEBUG -     gz_id=4000530 'san juan' score=1.000 nombre=False saint_only=False terr= phase=auto_adopt
2025-12-30 09:37:57 - matching_Balmis - DEBUG -     gz_id=4000530 'san juan' score=1.000 nombre=False saint_only=False terr= phase=auto_adopt
2025-12-30 09:37:57 - matching_Balmis - DEBUG -     gz_id=4000530 'san juan' score=1.000 nombre=False saint_only=False terr= phase=auto_adopt
2025-12-30 09:37:57 - matching_Balmis - DEBUG -     gz_id=4000530 'san juan' score=1.000 nombre=False saint_only=False terr= phase=auto_adopt
2025-12-30 09:37:57 - matching_Balmis - DEBUG -     gz_id=5000028 'san juan' score=1.000 nombre=False saint_only=False terr=adm0_iso_exact phase=auto_adopt
2025-12-30 09:37:57 - matching_Balmis - DEBUG -     gz_id=5000028 'san juan' score=1.000 nombre=False saint_only=False terr=adm0_iso_exact phase=auto_adopt
2025-12-30 09:37:57 - matching_Balmis - DEBUG -     gz_id=9901077 'san juan' score=1.000 nombre=False saint_only=False terr= phase=auto_adopt
2025-12-30 09:37:57 - matching_Balmis - DEBUG -     gz_id=9901077 'san juan' score=1.000 nombre=False saint_only=False terr= phase=auto_adopt
2025-12-30 09:37:57 - matching_Balmis - DEBUG -     gz_id=9901077 'san juan' score=1.000 nombre=False saint_only=False terr= phase=auto_adopt
2025-12-30 09:37:57 - matching_Balmis - DEBUG -     gz_id=9901077 'san juan' score=1.000 nombre=False saint_only=False terr= phase=auto_adopt
2025-12-30 09:37:57 - matching_Balmis - DEBUG -     gz_id=9901077 'san juan' score=1.000 nombre=False saint_only=False terr= phase=auto_adopt
2025-12-30 09:37:57 - matching_Balmis - DEBUG -     gz_id=5000296 'san juan' score=1.000 nombre=False saint_only=False terr= phase=auto_adopt
2025-12-30 09:37:57 - matching_Balmis - DEBUG -     gz_id=5000296 'san juan' score=1.000 nombre=False saint_only=False terr= phase=auto_adopt
2025-12-30 09:37:57 - matching_Balmis - DEBUG -     gz_id=5000296 'san juan' score=1.000 nombre=False saint_only=False terr= phase=auto_adopt
2025-12-30 09:37:57 - matching_Balmis - DEBUG -     gz_id=5000296 'san juan' score=1.000 nombre=False saint_only=False terr= phase=auto_adopt
2025-12-30 09:37:57 - matching_Balmis - DEBUG -     gz_id=5000296 'san juan' score=1.000 nombre=False saint_only=False terr= phase=auto_adopt
2025-12-30 09:37:57 - matching_Balmis - DEBUG -     gz_id=5000901 'san juan' score=1.000 nombre=False saint_only=False terr=adm0_iso_exact phase=auto_adopt
2025-12-30 09:37:57 - matching_Balmis - DEBUG -     gz_id=5000901 'san juan' score=1.000 nombre=False saint_only=False terr=adm0_iso_exact phase=auto_adopt
2025-12-30 09:37:57 - matching_Balmis - DEBUG -     gz_id=5600042 'pasto' score=1.000 nombre=False saint_only=False terr=adm0_iso_exact phase=auto_adopt
2025-12-30 09:37:57 - matching_Balmis - DEBUG -     gz_id=5600042 'pasto' score=1.000 nombre=False saint_only=False terr=adm0_iso_exact phase=auto_adopt
2025-12-30 09:37:57 - matching_Balmis - DEBUG -     gz_id=5600042 'pasto' score=1.000 nombre=False saint_only=False terr=adm0_iso_exact phase=auto_adopt
2025-12-30 09:37:57 - matching_Balmis - DEBUG -     gz_id=9901308 'san juan' score=1.000 nombre=False saint_only=False terr= phase=auto_adopt
2025-12-30 09:37:57 - matching_Balmis - DEBUG -     gz_id=5600618 'san juan' score=1.000 nombre=False saint_only=False terr=adm0_iso_exact phase=auto_adopt
2025-12-30 09:37:57 - matching_Balmis - DEBUG -     gz_id=5600618 'san juan' score=1.000 nombre=False saint_only=False terr=adm0_iso_exact phase=auto_adopt
2025-12-30 09:37:57 - matching_Balmis - DEBUG -     gz_id=5600618 'san juan' score=1.000 nombre=False saint_only=False terr=adm0_iso_exact phase=auto_adopt
2025-12-30 09:37:57 - matching_Balmis - DEBUG -     gz_id=5600638 'san juan' score=1.000 nombre=False saint_only=False terr=adm0_iso_exact phase=auto_adopt
2025-12-30 09:37:57 - matching_Balmis - DEBUG -     gz_id=5600638 'san juan' score=1.000 nombre=False saint_only=False terr=adm0_iso_exact phase=auto_adopt
2025-12-30 09:37:57 - matching_Balmis - DEBUG -     gz_id=5600638 'san juan' score=1.000 nombre=False saint_only=False terr=adm0_iso_exact phase=auto_adopt
2025-12-30 09:37:57 - matching_Balmis - DEBUG -     gz_id=5600744 'san juan' score=1.000 nombre=False saint_only=False terr= phase=auto_adopt
2025-12-30 09:37:57 - matching_Balmis - DEBUG -     gz_id=5600744 'san juan' score=1.000 nombre=False saint_only=False terr= phase=auto_adopt
2025-12-30 09:37:57 - matching_Balmis - DEBUG -     gz_id=5600744 'san juan' score=1.000 nombre=False saint_only=False terr= phase=auto_adopt
2025-12-30 09:37:57 - matching_Balmis - DEBUG -     gz_id=6000351 'san juan' score=1.000 nombre=False saint_only=False terr= phase=auto_adopt
2025-12-30 09:37:57 - matching_Balmis - DEBUG -     gz_id=6000351 'san juan' score=1.000 nombre=False saint_only=False terr= phase=auto_adopt
2025-12-30 09:37:57 - matching_Balmis - DEBUG -     gz_id=6000351 'san juan' score=1.000 nombre=False saint_only=False terr= phase=auto_adopt
2025-12-30 09:37:57 - matching_Balmis - DEBUG -     gz_id=6000528 'san juan' score=1.000 nombre=False saint_only=False terr= phase=auto_adopt
2025-12-30 09:37:57 - matching_Balmis - DEBUG -     gz_id=6000528 'san juan' score=1.000 nombre=False saint_only=False terr= phase=auto_adopt
2025-12-30 09:37:57 - matching_Balmis - DEBUG -     gz_id=6000730 'san juan' score=1.000 nombre=False saint_only=False terr= phase=auto_adopt
2025-12-30 09:37:57 - matching_Balmis - DEBUG -     gz_id=6000730 'san juan' score=1.000 nombre=False saint_only=False terr= phase=auto_adopt
2025-12-30 09:37:57 - matching_Balmis - DEBUG -     gz_id=9000015 'san juan' score=1.000 nombre=False saint_only=False terr= phase=auto_adopt
2025-12-30 09:37:57 - matching_Balmis - DEBUG -     gz_id=9000015 'san juan' score=1.000 nombre=False saint_only=False terr= phase=auto_adopt
2025-12-30 09:37:57 - matching_Balmis - DEBUG -     gz_id=9000015 'san juan' score=1.000 nombre=False saint_only=False terr= phase=auto_adopt
2025-12-30 09:37:57 - matching_Balmis - DEBUG -     gz_id=9000015 'san juan' score=1.000 nombre=False saint_only=False terr= phase=auto_adopt
2025-12-30 09:37:57 - matching_Balmis - DEBUG -     gz_id=9900048 'san juan paio' score=0.917 nombre=False saint_only=False terr= phase=auto_adopt
2025-12-30 09:37:57 - matching_Balmis - DEBUG -     gz_id=9900048 'san juan paio' score=0.917 nombre=False saint_only=False terr= phase=auto_adopt
2025-12-30 09:37:57 - matching_Balmis - DEBUG -     gz_id=9900048 'san juan paio' score=0.917 nombre=False saint_only=False terr= phase=auto_adopt
2025-12-30 09:37:57 - matching_Balmis - DEBUG -     gz_id=9900048 'san juan paio' score=0.917 nombre=False saint_only=False terr= phase=auto_adopt
2025-12-30 09:37:57 - matching_Balmis - DEBUG -     gz_id=9900048 'san juan paio' score=0.917 nombre=False saint_only=False terr= phase=auto_adopt
2025-12-30 09:37:57 - matching_Balmis - DEBUG -     gz_id=9900048 'san juan paio' score=0.917 nombre=False saint_only=False terr= phase=auto_adopt
2025-12-30 09:37:57 - matching_Balmis - DEBUG -     gz_id=9900048 'san juan paio' score=0.917 nombre=False saint_only=False terr= phase=auto_adopt
2025-12-30 09:37:57 - matching_Balmis - DEBUG -     gz_id=1001944 'san juan platanos' score=0.889 nombre=False saint_only=False terr= phase=candidate
2025-12-30 09:37:57 - matching_Balmis - DEBUG -     gz_id=1001944 'san juan platanos' score=0.889 nombre=False saint_only=False terr= phase=candidate
2025-12-30 09:37:57 - matching_Balmis - DEBUG -     gz_id=1001944 'san juan platanos' score=0.889 nombre=False saint_only=False terr= phase=candidate
2025-12-30 09:37:57 - matching_Balmis - DEBUG -     gz_id=1005110 'san juan casta' score=0.889 nombre=False saint_only=False terr= phase=candidate
2025-12-30 09:37:57 - matching_Balmis - DEBUG -     gz_id=1005110 'san juan casta' score=0.889 nombre=False saint_only=False terr= phase=candidate
2025-12-30 09:37:57 - matching_Balmis - DEBUG -     gz_id=1000709 'san juan solis' score=0.880 nombre=False saint_only=False terr= phase=candidate
2025-12-30 09:37:57 - matching_Balmis - DEBUG -     gz_id=1000709 'san juan solis' score=0.880 nombre=False saint_only=False terr= phase=candidate
2025-12-30 09:37:57 - matching_Balmis - DEBUG -     gz_id=1002266 'san juan sosola' score=0.880 nombre=False saint_only=False terr= phase=candidate
2025-12-30 09:37:57 - matching_Balmis - DEBUG -     gz_id=1002266 'san juan sosola' score=0.880 nombre=False saint_only=False terr= phase=candidate
2025-12-30 09:37:57 - matching_Balmis - DEBUG -     gz_id=6000859 'san juan ica' score=0.870 nombre=False saint_only=False terr= phase=candidate
2025-12-30 09:37:57 - matching_Balmis - DEBUG -     gz_id=6000859 'san juan ica' score=0.870 nombre=False saint_only=False terr= phase=candidate
2025-12-30 09:37:57 - matching_Balmis - DEBUG -     gz_id=1000045 'san juan rio' score=0.857 nombre=False saint_only=False terr= phase=candidate
2025-12-30 09:37:57 - matching_Balmis - DEBUG -     gz_id=1000045 'san juan rio' score=0.857 nombre=False saint_only=False terr= phase=candidate
2025-12-30 09:37:57 - matching_Balmis - DEBUG -     gz_id=1001401 'san juan rio' score=0.857 nombre=False saint_only=False terr= phase=candidate
2025-12-30 09:37:57 - matching_Balmis - DEBUG -     gz_id=1001401 'san juan rio' score=0.857 nombre=False saint_only=False terr= phase=candidate
2025-12-30 09:37:57 - matching_Balmis - DEBUG -     gz_id=1002409 'san juan rei' score=0.857 nombre=False saint_only=False terr= phase=candidate
2025-12-30 09:37:57 - matching_Balmis - DEBUG -     gz_id=1002409 'san juan rei' score=0.857 nombre=False saint_only=False terr= phase=candidate
2025-12-30 09:37:57 - matching_Balmis - DEBUG -     gz_id=1002713 'san juan rio' score=0.857 nombre=False saint_only=False terr= phase=candidate
2025-12-30 09:37:57 - matching_Balmis - DEBUG -     gz_id=1002713 'san juan rio' score=0.857 nombre=False saint_only=False terr= phase=candidate
2025-12-30 09:37:57 - matching_Balmis - DEBUG -     gz_id=1003159 'san juan rio' score=0.857 nombre=False saint_only=False terr= phase=candidate
2025-12-30 09:37:57 - matching_Balmis - DEBUG -     gz_id=1003159 'san juan rio' score=0.857 nombre=False saint_only=False terr= phase=candidate
2025-12-30 09:37:57 - matching_Balmis - DEBUG -     gz_id=1004207 'san juan rio' score=0.857 nombre=False saint_only=False terr= phase=candidate
2025-12-30 09:37:57 - matching_Balmis - DEBUG -     gz_id=1004207 'san juan rio' score=0.857 nombre=False saint_only=False terr= phase=candidate
2025-12-30 09:37:57 - matching_Balmis - DEBUG -     gz_id=2000749 'san juan gascon' score=0.857 nombre=False saint_only=False terr= phase=candidate
2025-12-30 09:37:57 - matching_Balmis - DEBUG -     gz_id=2000749 'san juan gascon' score=0.857 nombre=False saint_only=False terr= phase=candidate
2025-12-30 09:37:57 - matching_Balmis - DEBUG -     gz_id=2000749 'san juan gascon' score=0.857 nombre=False saint_only=False terr= phase=candidate
2025-12-30 09:37:57 - matching_Balmis - DEBUG -     gz_id=8000198 'san juan oro' score=0.857 nombre=False saint_only=False terr= phase=candidate
2025-12-30 09:37:57 - matching_Balmis - DEBUG -     gz_id=8000198 'san juan oro' score=0.857 nombre=False saint_only=False terr= phase=candidate
2025-12-30 09:37:57 - matching_Balmis - DEBUG -     gz_id=8000198 'san juan oro' score=0.857 nombre=False saint_only=False terr= phase=candidate
2025-12-30 09:37:57 - matching_Balmis - DEBUG -     gz_id=8000678 'san juan acora' score=0.846 nombre=False saint_only=False terr= phase=relegated
2025-12-30 09:37:57 - matching_Balmis - DEBUG -     gz_id=8000678 'san juan acora' score=0.846 nombre=False saint_only=False terr= phase=relegated
2025-12-30 09:37:57 - matching_Balmis - DEBUG -     gz_id=8000678 'san juan acora' score=0.846 nombre=False saint_only=False terr= phase=relegated
2025-12-30 09:37:57 - matching_Balmis - DEBUG -     gz_id=1000633 'san juan amula' score=0.833 nombre=False saint_only=False terr= phase=relegated
2025-12-30 09:37:57 - matching_Balmis - DEBUG -     gz_id=1000633 'san juan amula' score=0.833 nombre=False saint_only=False terr= phase=relegated
2025-12-30 09:37:57 - matching_Balmis - DEBUG -     gz_id=1000668 'san juan presa' score=0.833 nombre=False saint_only=False terr= phase=relegated
2025-12-30 09:37:57 - matching_Balmis - DEBUG -     gz_id=1000668 'san juan presa' score=0.833 nombre=False saint_only=False terr= phase=relegated
2025-12-30 09:37:57 - matching_Balmis - DEBUG -     gz_id=1000669 'san juan bega' score=0.833 nombre=False saint_only=False terr= phase=relegated
2025-12-30 09:37:57 - matching_Balmis - DEBUG -     gz_id=1000669 'san juan bega' score=0.833 nombre=False saint_only=False terr= phase=relegated
2025-12-30 09:37:57 - matching_Balmis - DEBUG -     gz_id=1002012 'san juan periban' score=0.833 nombre=False saint_only=False terr= phase=relegated
2025-12-30 09:37:57 - matching_Balmis - DEBUG -     gz_id=1002012 'san juan periban' score=0.833 nombre=False saint_only=False terr= phase=relegated
2025-12-30 09:37:57 - matching_Balmis - DEBUG -     gz_id=1003080 'san juan teitipac' score=0.833 nombre=False saint_only=False terr= phase=relegated
2025-12-30 09:37:57 - matching_Balmis - DEBUG -     gz_id=1003080 'san juan teitipac' score=0.833 nombre=False saint_only=False terr= phase=relegated
2025-12-30 09:37:57 - matching_Balmis - DEBUG -     gz_id=1004180 'san juan punta' score=0.833 nombre=False saint_only=False terr= phase=relegated
2025-12-30 09:37:57 - matching_Balmis - DEBUG -     gz_id=1004180 'san juan punta' score=0.833 nombre=False saint_only=False terr= phase=relegated
2025-12-30 09:37:57 - matching_Balmis - DEBUG -     gz_id=1004847 'san juan ulua' score=0.833 nombre=False saint_only=False terr= phase=relegated
2025-12-30 09:37:57 - matching_Balmis - DEBUG -     gz_id=1004847 'san juan ulua' score=0.833 nombre=False saint_only=False terr= phase=relegated
2025-12-30 09:37:57 - matching_Balmis - DEBUG -     gz_id=1004847 'san juan ulua' score=0.833 nombre=False saint_only=False terr= phase=relegated
2025-12-30 09:37:57 - matching_Balmis - DEBUG -     gz_id=2000210 'san juan sacatepeques' score=0.833 nombre=False saint_only=False terr= phase=relegated
2025-12-30 09:37:57 - matching_Balmis - DEBUG -     gz_id=2000210 'san juan sacatepeques' score=0.833 nombre=False saint_only=False terr= phase=relegated
2025-12-30 09:37:57 - matching_Balmis - DEBUG -     gz_id=2000217 'san juan obispo' score=0.833 nombre=False saint_only=False terr= phase=relegated
2025-12-30 09:37:57 - matching_Balmis - DEBUG -     gz_id=2000217 'san juan obispo' score=0.833 nombre=False saint_only=False terr= phase=relegated
2025-12-30 09:37:57 - matching_Balmis - DEBUG -     gz_id=2000217 'san juan obispo' score=0.833 nombre=False saint_only=False terr= phase=relegated
2025-12-30 09:37:57 - matching_Balmis - DEBUG -     gz_id=2000460 'san juan tepesontes' score=0.833 nombre=False saint_only=False terr= phase=relegated
2025-12-30 09:37:57 - matching_Balmis - DEBUG -     gz_id=2000460 'san juan tepesontes' score=0.833 nombre=False saint_only=False terr= phase=relegated
2025-12-30 09:37:57 - matching_Balmis - DEBUG -     gz_id=4000249 'san juan bega' score=0.833 nombre=False saint_only=False terr= phase=relegated
2025-12-30 09:37:57 - matching_Balmis - DEBUG -     gz_id=4000249 'san juan bega' score=0.833 nombre=False saint_only=False terr= phase=relegated
2025-12-30 09:37:57 - matching_Balmis - DEBUG -     gz_id=4000249 'san juan bega' score=0.833 nombre=False saint_only=False terr= phase=relegated
2025-12-30 09:37:57 - matching_Balmis - DEBUG -     gz_id=4000249 'san juan bega' score=0.833 nombre=False saint_only=False terr= phase=relegated
2025-12-30 09:37:57 - matching_Balmis - DEBUG -     gz_id=4000249 'san juan bega' score=0.833 nombre=False saint_only=False terr= phase=relegated
2025-12-30 09:37:57 - matching_Balmis - DEBUG -     gz_id=4000249 'san juan bega' score=0.833 nombre=False saint_only=False terr= phase=relegated
2025-12-30 09:37:57 - matching_Balmis - DEBUG -     gz_id=8000400 'san juan sahahun' score=0.833 nombre=False saint_only=False terr= phase=relegated
2025-12-30 09:37:57 - matching_Balmis - DEBUG -     gz_id=8000400 'san juan sahahun' score=0.833 nombre=False saint_only=False terr= phase=relegated
2025-12-30 09:37:57 - matching_Balmis - DEBUG -     gz_id=8000400 'san juan sahahun' score=0.833 nombre=False saint_only=False terr= phase=relegated
2025-12-30 09:37:57 - matching_Balmis - DEBUG -     gz_id=8000400 'san juan sahahun' score=0.833 nombre=False saint_only=False terr= phase=relegated
2025-12-30 09:37:57 - matching_Balmis - DEBUG -     gz_id=1002684 'san juan cues' score=0.818 nombre=False saint_only=False terr= phase=relegated
2025-12-30 09:37:57 - matching_Balmis - DEBUG -     gz_id=1002684 'san juan cues' score=0.818 nombre=False saint_only=False terr= phase=relegated
2025-12-30 09:37:57 - matching_Balmis - DEBUG -     gz_id=2000386 'san juan dios' score=0.818 nombre=False saint_only=False terr= phase=relegated
2025-12-30 09:37:57 - matching_Balmis - DEBUG -     gz_id=7000314 'san juan dios' score=0.818 nombre=False saint_only=False terr= phase=relegated
2025-12-30 09:37:57 - matching_Balmis - DEBUG -     gz_id=7000314 'san juan dios' score=0.818 nombre=False saint_only=False terr= phase=relegated
2025-12-30 09:37:57 - matching_Balmis - DEBUG -     gz_id=9000721 'san juan nepomuceno' score=0.815 nombre=False saint_only=False terr= phase=relegated
2025-12-30 09:37:57 - matching_Balmis - DEBUG -     gz_id=9000721 'san juan nepomuceno' score=0.815 nombre=False saint_only=False terr= phase=relegated
2025-12-30 09:37:57 - matching_Balmis - DEBUG -     gz_id=9000721 'san juan nepomuceno' score=0.815 nombre=False saint_only=False terr= phase=relegated
2025-12-30 09:37:57 - matching_Balmis - DEBUG -     gz_id=9000721 'san juan nepomuceno' score=0.815 nombre=False saint_only=False terr= phase=relegated
2025-12-30 09:37:57 - matching_Balmis - DEBUG -     gz_id=9000752 'san juan nepomuceno' score=0.815 nombre=False saint_only=False terr= phase=relegated
2025-12-30 09:37:57 - matching_Balmis - DEBUG -     gz_id=1000514 'san juan bautista lahuna' score=0.815 nombre=False saint_only=False terr= phase=relegated
2025-12-30 09:37:57 - matching_Balmis - DEBUG -     gz_id=1000514 'san juan bautista lahuna' score=0.815 nombre=False saint_only=False terr= phase=relegated
2025-12-30 09:37:57 - matching_Balmis - DEBUG -     gz_id=1000515 'san juan lagos' score=0.815 nombre=False saint_only=False terr= phase=relegated
2025-12-30 09:37:57 - matching_Balmis - DEBUG -     gz_id=1000515 'san juan lagos' score=0.815 nombre=False saint_only=False terr= phase=relegated
2025-12-30 09:37:57 - matching_Balmis - DEBUG -     gz_id=1001081 'san juan bautista' score=0.815 nombre=False saint_only=False terr= phase=relegated
2025-12-30 09:37:57 - matching_Balmis - DEBUG -     gz_id=1001081 'san juan bautista' score=0.815 nombre=False saint_only=False terr= phase=relegated
2025-12-30 09:37:57 - matching_Balmis - DEBUG -     gz_id=1001120 'san juan mansanas' score=0.815 nombre=False saint_only=False terr= phase=relegated
2025-12-30 09:37:57 - matching_Balmis - DEBUG -     gz_id=1001120 'san juan mansanas' score=0.815 nombre=False saint_only=False terr= phase=relegated
2025-12-30 09:37:57 - matching_Balmis - DEBUG -     gz_id=1001191 'san juan bautista' score=0.815 nombre=False saint_only=False terr= phase=relegated
2025-12-30 09:37:57 - matching_Balmis - DEBUG -     gz_id=1001191 'san juan bautista' score=0.815 nombre=False saint_only=False terr= phase=relegated
2025-12-30 09:37:57 - matching_Balmis - DEBUG -     gz_id=1001191 'san juan bautista' score=0.815 nombre=False saint_only=False terr= phase=relegated
2025-12-30 09:37:57 - matching_Balmis - DEBUG -     gz_id=9901214 'san juan bautista' score=0.815 nombre=False saint_only=False terr= phase=relegated
2025-12-30 09:37:57 - matching_Balmis - DEBUG -     gz_id=9901214 'san juan bautista' score=0.815 nombre=False saint_only=False terr= phase=relegated
2025-12-30 09:37:57 - matching_Balmis - DEBUG -     gz_id=9901218 'san juan bautista' score=0.815 nombre=False saint_only=False terr= phase=relegated
2025-12-30 09:37:57 - matching_Balmis - DEBUG -     gz_id=9901218 'san juan bautista' score=0.815 nombre=False saint_only=False terr= phase=relegated
2025-12-30 09:37:57 - matching_Balmis - DEBUG -     gz_id=1001710 'san juan bautista' score=0.815 nombre=False saint_only=False terr= phase=relegated
2025-12-30 09:37:57 - matching_Balmis - DEBUG -     gz_id=1001710 'san juan bautista' score=0.815 nombre=False saint_only=False terr= phase=relegated
2025-12-30 09:37:57 - matching_Balmis - DEBUG -     gz_id=1001710 'san juan bautista' score=0.815 nombre=False saint_only=False terr= phase=relegated
2025-12-30 09:37:57 - matching_Balmis - DEBUG -     gz_id=1001710 'san juan bautista' score=0.815 nombre=False saint_only=False terr= phase=relegated
2025-12-30 09:37:57 - matching_Balmis - DEBUG -     gz_id=1001905 'san juan bautista sacualpan' score=0.815 nombre=False saint_only=False terr= phase=relegated
2025-12-30 09:37:57 - matching_Balmis - DEBUG -     gz_id=1001905 'san juan bautista sacualpan' score=0.815 nombre=False saint_only=False terr= phase=relegated
2025-12-30 09:37:57 - matching_Balmis - DEBUG -     gz_id=1002526 'san juan bautista osolotepec' score=0.815 nombre=False saint_only=False terr= phase=relegated
2025-12-30 09:37:57 - matching_Balmis - DEBUG -     gz_id=1002526 'san juan bautista osolotepec' score=0.815 nombre=False saint_only=False terr= phase=relegated
2025-12-30 09:37:57 - matching_Balmis - DEBUG -     gz_id=1003074 'san juan bautista sola' score=0.815 nombre=False saint_only=False terr= phase=relegated
2025-12-30 09:37:57 - matching_Balmis - DEBUG -     gz_id=1003074 'san juan bautista sola' score=0.815 nombre=False saint_only=False terr= phase=relegated
2025-12-30 09:37:57 - matching_Balmis - DEBUG -     gz_id=1004615 'san juan bautista mesquital' score=0.815 nombre=False saint_only=False terr= phase=relegated
2025-12-30 09:37:57 - matching_Balmis - DEBUG -     gz_id=1004615 'san juan bautista mesquital' score=0.815 nombre=False saint_only=False terr= phase=relegated
2025-12-30 09:37:57 - matching_Balmis - DEBUG -     gz_id=1004615 'san juan bautista mesquital' score=0.815 nombre=False saint_only=False terr= phase=relegated
2025-12-30 09:37:57 - matching_Balmis - DEBUG -     gz_id=1004615 'san juan bautista mesquital' score=0.815 nombre=False saint_only=False terr= phase=relegated
2025-12-30 09:37:57 - matching_Balmis - DEBUG -     gz_id=1004754 'san juan bautista' score=0.815 nombre=False saint_only=False terr= phase=relegated
2025-12-30 09:37:57 - matching_Balmis - DEBUG -     gz_id=1004754 'san juan bautista' score=0.815 nombre=False saint_only=False terr= phase=relegated
2025-12-30 09:37:57 - matching_Balmis - DEBUG -     gz_id=1004794 'san juan bautista' score=0.815 nombre=False saint_only=False terr= phase=relegated
2025-12-30 09:37:57 - matching_Balmis - DEBUG -     gz_id=1004794 'san juan bautista' score=0.815 nombre=False saint_only=False terr= phase=relegated
2025-12-30 09:37:57 - matching_Balmis - DEBUG -     gz_id=1004794 'san juan bautista' score=0.815 nombre=False saint_only=False terr= phase=relegated
2025-12-30 09:37:57 - matching_Balmis - DEBUG -     gz_id=1005072 'san juan bautista' score=0.815 nombre=False saint_only=False terr= phase=relegated
2025-12-30 09:37:57 - matching_Balmis - DEBUG -     gz_id=1005072 'san juan bautista' score=0.815 nombre=False saint_only=False terr= phase=relegated
2025-12-30 09:37:57 - matching_Balmis - DEBUG -     gz_id=1005072 'san juan bautista' score=0.815 nombre=False saint_only=False terr= phase=relegated
2025-12-30 09:37:57 - matching_Balmis - DEBUG -     gz_id=1005072 'san juan bautista' score=0.815 nombre=False saint_only=False terr= phase=relegated
2025-12-30 09:37:57 - matching_Balmis - DEBUG -     gz_id=1005139 'san juan bautista' score=0.815 nombre=False saint_only=False terr= phase=relegated
2025-12-30 09:37:57 - matching_Balmis - DEBUG -     gz_id=1005139 'san juan bautista' score=0.815 nombre=False saint_only=False terr= phase=relegated
2025-12-30 09:37:57 - matching_Balmis - DEBUG -     gz_id=1005139 'san juan bautista' score=0.815 nombre=False saint_only=False terr= phase=relegated
2025-12-30 09:37:57 - matching_Balmis - DEBUG -     gz_id=1005139 'san juan bautista' score=0.815 nombre=False saint_only=False terr= phase=relegated
2025-12-30 09:37:57 - matching_Balmis - DEBUG -     gz_id=1005160 'san juan nepomuceno' score=0.815 nombre=False saint_only=False terr= phase=relegated
2025-12-30 09:37:57 - matching_Balmis - DEBUG -     gz_id=1005160 'san juan nepomuceno' score=0.815 nombre=False saint_only=False terr= phase=relegated
2025-12-30 09:37:57 - matching_Balmis - DEBUG -     gz_id=1005160 'san juan nepomuceno' score=0.815 nombre=False saint_only=False terr= phase=relegated
2025-12-30 09:37:57 - matching_Balmis - DEBUG -     gz_id=1005160 'san juan nepomuceno' score=0.815 nombre=False saint_only=False terr= phase=relegated
2025-12-30 09:37:57 - matching_Balmis - DEBUG -     gz_id=1005160 'san juan nepomuceno' score=0.815 nombre=False saint_only=False terr= phase=relegated
2025-12-30 09:37:57 - matching_Balmis - DEBUG -     gz_id=1005208 'san juan bautista' score=0.815 nombre=False saint_only=False terr= phase=relegated
2025-12-30 09:37:57 - matching_Balmis - DEBUG -     gz_id=1005208 'san juan bautista' score=0.815 nombre=False saint_only=False terr= phase=relegated
2025-12-30 09:37:57 - matching_Balmis - DEBUG -     gz_id=1005282 'san juan nepomuceno' score=0.815 nombre=False saint_only=False terr= phase=relegated
2025-12-30 09:37:57 - matching_Balmis - DEBUG -     gz_id=1005282 'san juan nepomuceno' score=0.815 nombre=False saint_only=False terr= phase=relegated
2025-12-30 09:37:57 - matching_Balmis - DEBUG -     gz_id=1005348 'san juan bautista' score=0.815 nombre=False saint_only=False terr= phase=relegated
2025-12-30 09:37:57 - matching_Balmis - DEBUG -     gz_id=1005348 'san juan bautista' score=0.815 nombre=False saint_only=False terr= phase=relegated
2025-12-30 09:37:57 - matching_Balmis - DEBUG -     gz_id=1005447 'san juan bautista' score=0.815 nombre=False saint_only=False terr= phase=relegated
2025-12-30 09:37:57 - matching_Balmis - DEBUG -     gz_id=1005447 'san juan bautista' score=0.815 nombre=False saint_only=False terr= phase=relegated
2025-12-30 09:37:57 - matching_Balmis - DEBUG -     gz_id=1005447 'san juan bautista' score=0.815 nombre=False saint_only=False terr= phase=relegated
2025-12-30 09:37:57 - matching_Balmis - DEBUG -     gz_id=1005447 'san juan bautista' score=0.815 nombre=False saint_only=False terr= phase=relegated
2025-12-30 09:37:57 - matching_Balmis - DEBUG -     gz_id=1005447 'san juan bautista' score=0.815 nombre=False saint_only=False terr= phase=relegated
2025-12-30 09:37:57 - matching_Balmis - DEBUG -     gz_id=2000620 'san juan laborios' score=0.815 nombre=False saint_only=False terr= phase=relegated
2025-12-30 09:37:57 - matching_Balmis - DEBUG -     gz_id=2000620 'san juan laborios' score=0.815 nombre=False saint_only=False terr= phase=relegated
2025-12-30 09:37:57 - matching_Balmis - DEBUG -     gz_id=2000637 'san juan namotiba' score=0.815 nombre=False saint_only=False terr= phase=relegated
2025-12-30 09:37:57 - matching_Balmis - DEBUG -     gz_id=2000637 'san juan namotiba' score=0.815 nombre=False saint_only=False terr= phase=relegated
2025-12-30 09:37:57 - matching_Balmis - DEBUG -     gz_id=3000310 'san juan bautista alemanes' score=0.815 nombre=False saint_only=False terr= phase=relegated
2025-12-30 09:37:57 - matching_Balmis - DEBUG -     gz_id=3000310 'san juan bautista alemanes' score=0.815 nombre=False saint_only=False terr= phase=relegated
2025-12-30 09:37:57 - matching_Balmis - DEBUG -     gz_id=3000310 'san juan bautista alemanes' score=0.815 nombre=False saint_only=False terr= phase=relegated
2025-12-30 09:37:57 - matching_Balmis - DEBUG -     gz_id=3000310 'san juan bautista alemanes' score=0.815 nombre=False saint_only=False terr= phase=relegated
2025-12-30 09:37:57 - matching_Balmis - DEBUG -     gz_id=3000310 'san juan bautista alemanes' score=0.815 nombre=False saint_only=False terr= phase=relegated
2025-12-30 09:37:57 - matching_Balmis - DEBUG -     gz_id=4000551 'san juan nepomuceno' score=0.815 nombre=False saint_only=False terr= phase=relegated
2025-12-30 09:37:57 - matching_Balmis - DEBUG -     gz_id=4000551 'san juan nepomuceno' score=0.815 nombre=False saint_only=False terr= phase=relegated
2025-12-30 09:37:57 - matching_Balmis - DEBUG -     gz_id=4000551 'san juan nepomuceno' score=0.815 nombre=False saint_only=False terr= phase=relegated
2025-12-30 09:37:57 - matching_Balmis - DEBUG -     gz_id=4000551 'san juan nepomuceno' score=0.815 nombre=False saint_only=False terr= phase=relegated
2025-12-30 09:37:57 - matching_Balmis - DEBUG -     gz_id=4000551 'san juan nepomuceno' score=0.815 nombre=False saint_only=False terr= phase=relegated
2025-12-30 09:37:57 - matching_Balmis - DEBUG -     gz_id=5000138 'san juan nepomuceno' score=0.815 nombre=False saint_only=False terr=adm0_iso_exact phase=relegated
2025-12-30 09:37:57 - matching_Balmis - DEBUG -     gz_id=5000138 'san juan nepomuceno' score=0.815 nombre=False saint_only=False terr=adm0_iso_exact phase=relegated
2025-12-30 09:37:57 - matching_Balmis - DEBUG -     gz_id=5000138 'san juan nepomuceno' score=0.815 nombre=False saint_only=False terr=adm0_iso_exact phase=relegated
2025-12-30 09:37:57 - matching_Balmis - DEBUG -     gz_id=5000138 'san juan nepomuceno' score=0.815 nombre=False saint_only=False terr=adm0_iso_exact phase=relegated
2025-12-30 09:37:57 - matching_Balmis - DEBUG -     gz_id=5000856 'san juan bautista' score=0.815 nombre=False saint_only=False terr=adm0_iso_exact phase=relegated
2025-12-30 09:37:57 - matching_Balmis - DEBUG -     gz_id=5600301 'san juan nepomuceno' score=0.815 nombre=False saint_only=False terr= phase=relegated
2025-12-30 09:37:57 - matching_Balmis - DEBUG -     gz_id=5600772 'san juan bautista' score=0.833 nombre=False saint_only=False terr= phase=relegated
2025-12-30 09:37:57 - matching_Balmis - DEBUG -     gz_id=5600772 'san juan bautista' score=0.833 nombre=False saint_only=False terr= phase=relegated
2025-12-30 09:37:57 - matching_Balmis - DEBUG -     gz_id=7000158 'san juan bautista' score=0.815 nombre=False saint_only=False terr= phase=relegated
2025-12-30 09:37:57 - matching_Balmis - DEBUG -     gz_id=7000158 'san juan bautista' score=0.815 nombre=False saint_only=False terr= phase=relegated
2025-12-30 09:37:57 - matching_Balmis - DEBUG -     gz_id=7000397 'san juan costa' score=0.815 nombre=False saint_only=False terr= phase=relegated
2025-12-30 09:37:57 - matching_Balmis - DEBUG -     gz_id=8000257 'san juan bautista' score=0.815 nombre=False saint_only=False terr= phase=relegated
2025-12-30 09:37:57 - matching_Balmis - DEBUG -     gz_id=8000257 'san juan bautista' score=0.815 nombre=False saint_only=False terr= phase=relegated
2025-12-30 09:37:57 - matching_Balmis - DEBUG -     gz_id=8000257 'san juan bautista' score=0.815 nombre=False saint_only=False terr= phase=relegated
2025-12-30 09:37:57 - matching_Balmis - DEBUG -     gz_id=8000257 'san juan bautista' score=0.815 nombre=False saint_only=False terr= phase=relegated
2025-12-30 09:37:57 - matching_Balmis - DEBUG -     gz_id=8000257 'san juan bautista' score=0.815 nombre=False saint_only=False terr= phase=relegated
2025-12-30 09:37:57 - matching_Balmis - DEBUG -     gz_id=8000257 'san juan bautista' score=0.815 nombre=False saint_only=False terr= phase=relegated
2025-12-30 09:37:57 - matching_Balmis - DEBUG -     gz_id=8000682 'san juan bautista' score=0.815 nombre=False saint_only=False terr= phase=relegated
2025-12-30 09:37:57 - matching_Balmis - DEBUG -     gz_id=8000682 'san juan bautista' score=0.815 nombre=False saint_only=False terr= phase=relegated
2025-12-30 09:37:57 - matching_Balmis - DEBUG -     gz_id=8000682 'san juan bautista' score=0.815 nombre=False saint_only=False terr= phase=relegated
2025-12-30 09:37:57 - matching_Balmis - DEBUG -     gz_id=9000139 'san juan nepomuceno' score=0.815 nombre=False saint_only=False terr= phase=relegated
2025-12-30 09:37:57 - matching_Balmis - DEBUG -     gz_id=9000187 'san juan bautista' score=0.815 nombre=False saint_only=False terr= phase=relegated
2025-12-30 09:37:57 - matching_Balmis - DEBUG -     gz_id=9000187 'san juan bautista' score=0.815 nombre=False saint_only=False terr= phase=relegated
2025-12-30 09:37:57 - matching_Balmis - DEBUG -     gz_id=9000187 'san juan bautista' score=0.815 nombre=False saint_only=False terr= phase=relegated
2025-12-30 09:37:57 - matching_Balmis - DEBUG -     gz_id=9000187 'san juan bautista' score=0.815 nombre=False saint_only=False terr= phase=relegated
2025-12-30 09:37:57 - matching_Balmis - DEBUG -     gz_id=9000187 'san juan bautista' score=0.815 nombre=False saint_only=False terr= phase=relegated
2025-12-30 09:37:57 - matching_Balmis - DEBUG -     gz_id=9000235 'rio san juan' score=0.800 nombre=False saint_only=False terr= phase=relegated
2025-12-30 09:37:57 - matching_Balmis - DEBUG -     gz_id=9000235 'rio san juan' score=0.800 nombre=False saint_only=False terr= phase=relegated
2025-12-30 09:37:57 - matching_Balmis - DEBUG -     gz_id=9000235 'rio san juan' score=0.800 nombre=False saint_only=False terr= phase=relegated
2025-12-30 09:37:57 - matching_Balmis - DEBUG -     gz_id=9000235 'rio san juan' score=0.800 nombre=False saint_only=False terr= phase=relegated
2025-12-30 09:37:57 - matching_Balmis - DEBUG -     gz_id=9000235 'rio san juan' score=0.800 nombre=False saint_only=False terr= phase=relegated
2025-12-30 09:37:57 - matching_Balmis - DEBUG -     gz_id=9000314 'canada pasto' score=1.000 nombre=False saint_only=False terr= phase=auto_adopt
2025-12-30 09:37:57 - matching_Balmis - DEBUG -     gz_id=9000314 'canada pasto' score=1.000 nombre=False saint_only=False terr= phase=auto_adopt
2025-12-30 09:37:57 - matching_Balmis - DEBUG -     gz_id=9000314 'canada pasto' score=1.000 nombre=False saint_only=False terr= phase=auto_adopt
2025-12-30 09:37:57 - matching_Balmis - DEBUG -     gz_id=9000314 'canada pasto' score=1.000 nombre=False saint_only=False terr= phase=auto_adopt
2025-12-30 09:37:57 - matching_Balmis - DEBUG -     gz_id=1001121 'san juan jarros' score=0.800 nombre=False saint_only=False terr= phase=relegated
2025-12-30 09:37:57 - matching_Balmis - DEBUG -     gz_id=1001121 'san juan jarros' score=0.800 nombre=False saint_only=False terr= phase=relegated
2025-12-30 09:37:57 - matching_Balmis - DEBUG -     gz_id=9900913 'san juan capistrano' score=0.800 nombre=False saint_only=False terr= phase=relegated
2025-12-30 09:37:57 - matching_Balmis - DEBUG -     gz_id=1004742 'san juan capistrano' score=0.800 nombre=False saint_only=False terr= phase=relegated
2025-12-30 09:37:57 - matching_Balmis - DEBUG -     gz_id=1004742 'san juan capistrano' score=0.800 nombre=False saint_only=False terr= phase=relegated
2025-12-30 09:37:57 - matching_Balmis - DEBUG -     gz_id=1004742 'san juan capistrano' score=0.800 nombre=False saint_only=False terr= phase=relegated
2025-12-30 09:37:57 - matching_Balmis - DEBUG -     gz_id=1004742 'san juan capistrano' score=0.800 nombre=False saint_only=False terr= phase=relegated
2025-12-30 09:37:57 - matching_Balmis - DEBUG -     gz_id=1004742 'san juan capistrano' score=0.800 nombre=False saint_only=False terr= phase=relegated
2025-12-30 09:37:57 - matching_Balmis - DEBUG -     gz_id=1005067 'san juan corapan' score=0.800 nombre=False saint_only=False terr= phase=relegated
2025-12-30 09:37:57 - matching_Balmis - DEBUG -     gz_id=1005067 'san juan corapan' score=0.800 nombre=False saint_only=False terr= phase=relegated
2025-12-30 09:37:57 - matching_Balmis - DEBUG -     gz_id=1005067 'san juan corapan' score=0.800 nombre=False saint_only=False terr= phase=relegated
2025-12-30 09:37:57 - matching_Balmis - DEBUG -     gz_id=2000397 'san juan lahuna' score=0.800 nombre=False saint_only=False terr= phase=relegated
2025-12-30 09:37:57 - matching_Balmis - DEBUG -     gz_id=2000451 'san juan nonualco' score=0.800 nombre=False saint_only=False terr= phase=relegated
2025-12-30 09:37:57 - matching_Balmis - DEBUG -     gz_id=2000451 'san juan nonualco' score=0.800 nombre=False saint_only=False terr= phase=relegated
2025-12-30 09:37:57 - matching_Balmis - DEBUG -     gz_id=4000168 'san juan morros' score=0.800 nombre=False saint_only=False terr= phase=relegated
2025-12-30 09:37:57 - matching_Balmis - DEBUG -     gz_id=4000168 'san juan morros' score=0.800 nombre=False saint_only=False terr= phase=relegated
2025-12-30 09:37:57 - matching_Balmis - DEBUG -     gz_id=4000168 'san juan morros' score=0.800 nombre=False saint_only=False terr= phase=relegated
2025-12-30 09:37:57 - matching_Balmis - DEBUG -     gz_id=4000168 'san juan morros' score=0.800 nombre=False saint_only=False terr= phase=relegated
2025-12-30 09:37:57 - matching_Balmis - DEBUG -     gz_id=4000168 'san juan morros' score=0.800 nombre=False saint_only=False terr= phase=relegated
2025-12-30 09:37:57 - matching_Balmis - DEBUG -     gz_id=4000168 'san juan morros' score=0.800 nombre=False saint_only=False terr= phase=relegated
2025-12-30 09:37:57 - matching_Balmis - DEBUG -     gz_id=4000168 'san juan morros' score=0.800 nombre=False saint_only=False terr= phase=relegated
2025-12-30 09:37:57 - matching_Balmis - DEBUG -     gz_id=4000253 'san juan mahuai' score=0.800 nombre=False saint_only=False terr= phase=relegated
2025-12-30 09:37:57 - matching_Balmis - DEBUG -     gz_id=4000253 'san juan mahuai' score=0.800 nombre=False saint_only=False terr= phase=relegated
2025-12-30 09:37:57 - matching_Balmis - DEBUG -     gz_id=4000253 'san juan mahuai' score=0.800 nombre=False saint_only=False terr= phase=relegated
2025-12-30 09:37:57 - matching_Balmis - DEBUG -     gz_id=4000253 'san juan mahuai' score=0.800 nombre=False saint_only=False terr= phase=relegated
2025-12-30 09:37:57 - matching_Balmis - DEBUG -     gz_id=4000253 'san juan mahuai' score=0.800 nombre=False saint_only=False terr= phase=relegated
2025-12-30 09:37:57 - matching_Balmis - DEBUG -     gz_id=4000253 'san juan mahuai' score=0.800 nombre=False saint_only=False terr= phase=relegated
2025-12-30 09:37:57 - matching_Balmis - DEBUG -     gz_id=5600648 'san juan balle' score=0.800 nombre=False saint_only=False terr= phase=relegated
2025-12-30 09:37:57 - matching_Balmis - DEBUG -     gz_id=5600648 'san juan balle' score=0.800 nombre=False saint_only=False terr= phase=relegated
2025-12-30 09:37:57 - matching_Balmis - DEBUG -     gz_id=5600648 'san juan balle' score=0.800 nombre=False saint_only=False terr= phase=relegated
2025-12-30 09:37:57 - matching_Balmis - DEBUG -     gz_id=5600648 'san juan balle' score=0.800 nombre=False saint_only=False terr= phase=relegated
2025-12-30 09:37:57 - matching_Balmis - DEBUG -     gz_id=1000183 'san juan llanos' score=0.786 nombre=False saint_only=False terr= phase=relegated
2025-12-30 09:37:57 - matching_Balmis - DEBUG -     gz_id=1000183 'san juan llanos' score=0.786 nombre=False saint_only=False terr= phase=relegated
2025-12-30 09:37:57 - matching_Balmis - DEBUG -     gz_id=9000699 'barrio san juan bautista' score=0.786 nombre=False saint_only=False terr= phase=relegated
2025-12-30 09:37:57 - matching_Balmis - DEBUG -     gz_id=1002443 'san juan jicaian' score=0.783 nombre=False saint_only=False terr= phase=relegated
2025-12-30 09:37:57 - matching_Balmis - DEBUG -     gz_id=1002443 'san juan jicaian' score=0.783 nombre=False saint_only=False terr= phase=relegated
2025-12-30 09:37:57 - matching_Balmis - DEBUG -     gz_id=1002533 'san juan ebanjelista' score=0.783 nombre=False saint_only=False terr= phase=relegated
2025-12-30 09:37:57 - matching_Balmis - DEBUG -     gz_id=1002533 'san juan ebanjelista' score=0.783 nombre=False saint_only=False terr= phase=relegated
2025-12-30 09:37:57 - matching_Balmis - DEBUG -     gz_id=1002579 'san juan mixtepec' score=0.783 nombre=False saint_only=False terr= phase=relegated
2025-12-30 09:37:57 - matching_Balmis - DEBUG -     gz_id=1002579 'san juan mixtepec' score=0.783 nombre=False saint_only=False terr= phase=relegated
2025-12-30 09:37:57 - matching_Balmis - DEBUG -     gz_id=1002788 'san juan ixtaltepec' score=0.783 nombre=False saint_only=False terr= phase=relegated
2025-12-30 09:37:57 - matching_Balmis - DEBUG -     gz_id=1002788 'san juan ixtaltepec' score=0.783 nombre=False saint_only=False terr= phase=relegated
2025-12-30 09:37:57 - matching_Balmis - DEBUG -     gz_id=1004294 'san juan miahuatlan' score=0.783 nombre=False saint_only=False terr= phase=relegated
2025-12-30 09:37:57 - matching_Balmis - DEBUG -     gz_id=1004294 'san juan miahuatlan' score=0.783 nombre=False saint_only=False terr= phase=relegated
2025-12-30 09:37:57 - matching_Balmis - DEBUG -     gz_id=1005299 'san juan junta' score=0.783 nombre=False saint_only=False terr= phase=relegated
2025-12-30 09:37:57 - matching_Balmis - DEBUG -     gz_id=1005299 'san juan junta' score=0.783 nombre=False saint_only=False terr= phase=relegated
2025-12-30 09:37:57 - matching_Balmis - DEBUG -     gz_id=2000779 'san juan hermita' score=0.783 nombre=False saint_only=False terr= phase=relegated
2025-12-30 09:37:57 - matching_Balmis - DEBUG -     gz_id=2000779 'san juan hermita' score=0.783 nombre=False saint_only=False terr= phase=relegated
2025-12-30 09:37:57 - matching_Balmis - DEBUG -     gz_id=2000816 'san juan mixtan' score=0.783 nombre=False saint_only=False terr= phase=relegated
2025-12-30 09:37:57 - matching_Balmis - DEBUG -     gz_id=3000107 'san juan i martines' score=0.783 nombre=False saint_only=False terr= phase=relegated
2025-12-30 09:37:57 - matching_Balmis - DEBUG -     gz_id=3000107 'san juan i martines' score=0.783 nombre=False saint_only=False terr= phase=relegated
2025-12-30 09:37:57 - matching_Balmis - DEBUG -     gz_id=3000107 'san juan i martines' score=0.783 nombre=False saint_only=False terr= phase=relegated
2025-12-30 09:37:57 - matching_Balmis - DEBUG -     gz_id=3000107 'san juan i martines' score=0.783 nombre=False saint_only=False terr= phase=relegated
2025-12-30 09:37:57 - matching_Balmis - DEBUG -     gz_id=3000107 'san juan i martines' score=0.783 nombre=False saint_only=False terr= phase=relegated
2025-12-30 09:37:57 - matching_Balmis - DEBUG -     gz_id=5600328 'san juan ebanjelista' score=0.783 nombre=False saint_only=False terr= phase=relegated
2025-12-30 09:37:57 - matching_Balmis - DEBUG -     gz_id=5600328 'san juan ebanjelista' score=0.783 nombre=False saint_only=False terr= phase=relegated
2025-12-30 09:37:57 - matching_Balmis - DEBUG -     gz_id=5600328 'san juan ebanjelista' score=0.783 nombre=False saint_only=False terr= phase=relegated
2025-12-30 09:37:57 - matching_Balmis - DEBUG -     gz_id=5600328 'san juan ebanjelista' score=0.783 nombre=False saint_only=False terr= phase=relegated
2025-12-30 09:37:57 - matching_Balmis - DEBUG -     gz_id=5600328 'san juan ebanjelista' score=0.783 nombre=False saint_only=False terr= phase=relegated
2025-12-30 09:37:57 - matching_Balmis - DEBUG -     gz_id=5600328 'san juan ebanjelista' score=0.783 nombre=False saint_only=False terr= phase=relegated
2025-12-30 09:37:57 - matching_Balmis - DEBUG -     gz_id=6000416 'san juan ebanjelista' score=0.783 nombre=False saint_only=False terr= phase=relegated
2025-12-30 09:37:57 - matching_Balmis - DEBUG -     gz_id=6000416 'san juan ebanjelista' score=0.783 nombre=False saint_only=False terr= phase=relegated
2025-12-30 09:37:57 - matching_Balmis - DEBUG -     gz_id=8000670 'san juan i san martin' score=0.783 nombre=False saint_only=False terr= phase=relegated
2025-12-30 09:37:57 - matching_Balmis - DEBUG -     gz_id=8000670 'san juan i san martin' score=0.783 nombre=False saint_only=False terr= phase=relegated
2025-12-30 09:37:57 - matching_Balmis - DEBUG -     gz_id=8000670 'san juan i san martin' score=0.783 nombre=False saint_only=False terr= phase=relegated
2025-12-30 09:37:57 - matching_Balmis - DEBUG -     gz_id=9900321 'san juan rioceco' score=0.783 nombre=False saint_only=False terr=adm0_iso_exact phase=relegated
2025-12-30 09:37:57 - matching_Balmis - DEBUG -     gz_id=5000243 'mesa juan dias' score=0.769 nombre=False saint_only=False terr=adm0_iso_exact phase=relegated
2025-12-30 09:37:57 - matching_Balmis - DEBUG -     gz_id=5000243 'mesa juan dias' score=0.769 nombre=False saint_only=False terr=adm0_iso_exact phase=relegated
2025-12-30 09:37:57 - matching_Balmis - DEBUG -     gz_id=9900634 'juan alonso' score=0.762 nombre=False saint_only=False terr= phase=relegated
2025-12-30 09:37:57 - matching_Balmis - DEBUG -     gz_id=5000588 'juan acosta' score=0.762 nombre=False saint_only=False terr=adm0_iso_exact phase=relegated
2025-12-30 09:37:57 - matching_Balmis - DEBUG -     gz_id=5000588 'juan acosta' score=0.762 nombre=False saint_only=False terr=adm0_iso_exact phase=relegated
2025-12-30 09:37:57 - matching_Balmis - DEBUG -     gz_id=5000588 'juan acosta' score=0.762 nombre=False saint_only=False terr=adm0_iso_exact phase=relegated
2025-12-30 09:37:57 - matching_Balmis - DEBUG -     gz_id=8000405 'pata' score=0.783 nombre=False saint_only=False terr= phase=relegated
2025-12-30 09:37:57 - matching_Balmis - DEBUG -     gz_id=8000405 'pata' score=0.783 nombre=False saint_only=False terr= phase=relegated
2025-12-30 09:37:57 - matching_Balmis - DEBUG -     gz_id=8000405 'pata' score=0.783 nombre=False saint_only=False terr= phase=relegated
2025-12-30 09:37:57 - matching_Balmis - DEBUG -     gz_id=8000405 'pata' score=0.783 nombre=False saint_only=False terr= phase=relegated
2025-12-30 09:37:57 - matching_Balmis - DEBUG -     gz_id=1002286 'barrio san juan dios' score=0.741 nombre=False saint_only=False terr= phase=relegated
2025-12-30 09:37:57 - matching_Balmis - DEBUG -     gz_id=1002286 'barrio san juan dios' score=0.741 nombre=False saint_only=False terr= phase=relegated
2025-12-30 09:37:57 - matching_Balmis - DEBUG -     gz_id=1002286 'barrio san juan dios' score=0.741 nombre=False saint_only=False terr= phase=relegated
2025-12-30 09:37:57 - matching_Balmis - DEBUG -     gz_id=1002286 'barrio san juan dios' score=0.741 nombre=False saint_only=False terr= phase=relegated
2025-12-30 09:37:57 - matching_Balmis - DEBUG -     gz_id=1004715 'barrio san juan dios' score=0.741 nombre=False saint_only=False terr= phase=relegated
2025-12-30 09:37:57 - matching_Balmis - DEBUG -     gz_id=1004715 'barrio san juan dios' score=0.741 nombre=False saint_only=False terr= phase=relegated
2025-12-30 09:37:57 - matching_Balmis - DEBUG -     gz_id=2000969 'boca rio san juan' score=0.727 nombre=False saint_only=False terr= phase=relegated
2025-12-30 09:37:57 - matching_Balmis - DEBUG -     gz_id=2000969 'boca rio san juan' score=0.727 nombre=False saint_only=False terr= phase=relegated
2025-12-30 09:37:57 - matching_Balmis - DEBUG -     gz_id=3000177 'balle san juan' score=0.727 nombre=False saint_only=False terr= phase=relegated
2025-12-30 09:37:57 - matching_Balmis - DEBUG -     gz_id=3000177 'balle san juan' score=0.727 nombre=False saint_only=False terr= phase=relegated
2025-12-30 09:37:57 - matching_Balmis - DEBUG -     gz_id=3000177 'balle san juan' score=0.727 nombre=False saint_only=False terr= phase=relegated
2025-12-30 09:37:57 - matching_Balmis - DEBUG -     gz_id=4000390 'balle san juan' score=0.727 nombre=False saint_only=False terr= phase=relegated
2025-12-30 09:37:57 - matching_Balmis - DEBUG -     gz_id=4000390 'balle san juan' score=0.727 nombre=False saint_only=False terr= phase=relegated
2025-12-30 09:37:57 - matching_Balmis - DEBUG -     gz_id=4000390 'balle san juan' score=0.727 nombre=False saint_only=False terr= phase=relegated
2025-12-30 09:37:57 - matching_Balmis - DEBUG -     gz_id=4000390 'balle san juan' score=0.727 nombre=False saint_only=False terr= phase=relegated
2025-12-30 09:37:57 - matching_Balmis - DEBUG -     gz_id=4000390 'balle san juan' score=0.727 nombre=False saint_only=False terr= phase=relegated
2025-12-30 09:37:57 - matching_Balmis - DEBUG -     gz_id=4000390 'balle san juan' score=0.727 nombre=False saint_only=False terr= phase=relegated
2025-12-30 09:37:57 - matching_Balmis - DEBUG -     gz_id=4000390 'balle san juan' score=0.727 nombre=False saint_only=False terr= phase=relegated
2025-12-30 09:37:57 - matching_Balmis - DEBUG -     gz_id=5000221 'balle san juan' score=0.727 nombre=False saint_only=False terr=adm0_iso_exact phase=relegated
2025-12-30 09:37:57 - matching_Balmis - DEBUG -     gz_id=1003438 'juchapa' score=0.783 nombre=False saint_only=False terr= phase=relegated
2025-12-30 09:37:57 - matching_Balmis - DEBUG -     gz_id=1003438 'juchapa' score=0.783 nombre=False saint_only=False terr= phase=relegated
2025-12-30 09:37:57 - matching_Balmis - DEBUG -     gz_id=6000495 'lucanas' score=0.783 nombre=False saint_only=False terr= phase=relegated
2025-12-30 09:37:57 - matching_Balmis - DEBUG -     gz_id=6000495 'lucanas' score=0.783 nombre=False saint_only=False terr= phase=relegated
2025-12-30 09:37:57 - matching_Balmis - DEBUG -     gz_id=9900902 'frai juan' score=0.706 nombre=False saint_only=False terr= phase=relegated
2025-12-30 09:37:57 - matching_Balmis - DEBUG -     gz_id=9900902 'frai juan' score=0.706 nombre=False saint_only=False terr= phase=relegated
2025-12-30 09:37:57 - matching_Balmis - DEBUG -     gz_id=9900938 'juan lanas' score=0.700 nombre=False saint_only=False terr= phase=relegated
2025-12-30 09:37:57 - matching_Balmis - DEBUG -     gz_id=9900938 'juan lanas' score=0.700 nombre=False saint_only=False terr= phase=relegated
2025-12-30 09:37:57 - matching_Balmis - DEBUG -     gz_id=9900938 'juan lanas' score=0.700 nombre=False saint_only=False terr= phase=relegated
2025-12-30 09:37:57 - matching_Balmis - DEBUG -     gz_id=9900938 'juan lanas' score=0.700 nombre=False saint_only=False terr= phase=relegated
2025-12-30 09:37:57 - matching_Balmis - DEBUG -     gz_id=9900938 'juan lanas' score=0.700 nombre=False saint_only=False terr= phase=relegated
2025-12-30 09:37:57 - matching_Balmis - DEBUG -     gz_id=5600494 'juan lopes' score=0.700 nombre=False saint_only=False terr= phase=relegated
2025-12-30 09:37:57 - matching_Balmis - DEBUG -     gz_id=5600494 'juan lopes' score=0.700 nombre=False saint_only=False terr= phase=relegated
2025-12-30 09:37:57 - matching_Balmis - DEBUG -     gz_id=5600494 'juan lopes' score=0.700 nombre=False saint_only=False terr= phase=relegated
2025-12-30 09:37:57 - matching_Balmis - DEBUG -     gz_id=5600494 'juan lopes' score=0.700 nombre=False saint_only=False terr= phase=relegated
2025-12-30 09:37:57 - matching_Balmis - DEBUG -     gz_id=5600494 'juan lopes' score=0.700 nombre=False saint_only=False terr= phase=relegated
2025-12-30 09:37:57 - matching_Balmis - DEBUG -     gz_id=5600494 'juan lopes' score=0.700 nombre=False saint_only=False terr= phase=relegated
2025-12-30 09:37:57 - matching_Balmis - DEBUG -     gz_id=5600494 'juan lopes' score=0.700 nombre=False saint_only=False terr= phase=relegated
2025-12-30 09:37:57 - matching_Balmis - DEBUG -     gz_id=5600494 'juan lopes' score=0.700 nombre=False saint_only=False terr= phase=relegated
2025-12-30 09:37:57 - matching_Balmis - INFO -   Before dedup: 395 candidates
2025-12-30 09:37:57 - matching_Balmis - INFO -   After dedup: 139 unique gz_ids
2025-12-30 09:37:57 - matching_Balmis - INFO -   Nombre matches (exact on lugar_nombre): 0
2025-12-30 09:37:57 - matching_Balmis - INFO -   Saint-only matches: 0
2025-12-30 09:37:57 - matching_Balmis - INFO -   Substantive matches: 139
2025-12-30 09:37:57 - matching_Balmis - INFO -   Input has territorial data: True
2025-12-30 09:37:57 - matching_Balmis - INFO -   Candidates with territory match: 12
2025-12-30 09:37:57 - matching_Balmis - INFO -   After territorial filter (keeping adm0): 12 candidates
2025-12-30 09:37:57 - matching_Balmis - INFO -   Auto-adopt candidates: 6
2025-12-30 09:37:57 - matching_Balmis - INFO -   Multiple auto-adopts, keeping as candidates
2025-12-30 09:37:57 - matching_Balmis - INFO - 
============================================================
2025-12-30 09:37:57 - matching_Balmis - INFO - Processing rowID=32: 'Tulcán' -> cleaned: 'tulcan'
2025-12-30 09:37:57 - matching_Balmis - INFO -   Token-based candidates: 3
2025-12-30 09:37:57 - matching_Balmis - INFO -   Fuzzy matches (score >= 70, limit=500): 3
2025-12-30 09:37:57 - matching_Balmis - DEBUG -     gz_id=5600433 'tulcan' score=1.000 nombre=True saint_only=False terr=adm0_iso_exact phase=auto_adopt
2025-12-30 09:37:57 - matching_Balmis - DEBUG -     gz_id=5600433 'tulcan' score=1.000 nombre=True saint_only=False terr=adm0_iso_exact phase=auto_adopt
2025-12-30 09:37:57 - matching_Balmis - DEBUG -     gz_id=5600433 'tulcan' score=1.000 nombre=True saint_only=False terr=adm0_iso_exact phase=auto_adopt
2025-12-30 09:37:57 - matching_Balmis - INFO -   Before dedup: 3 candidates
2025-12-30 09:37:57 - matching_Balmis - INFO -   After dedup: 1 unique gz_ids
2025-12-30 09:37:57 - matching_Balmis - INFO -   Nombre matches (exact on lugar_nombre): 1
2025-12-30 09:37:57 - matching_Balmis - INFO -   Saint-only matches: 0
2025-12-30 09:37:57 - matching_Balmis - INFO -   Substantive matches: 1
2025-12-30 09:37:57 - matching_Balmis - INFO -   ✅ NOMBRE PRIORITY: Keeping ONLY 1 nombre matches, discarding 0 others
2025-12-30 09:37:57 - matching_Balmis - INFO -      gz_id=5600433: Tulcan
2025-12-30 09:37:57 - matching_Balmis - INFO -   Input has territorial data: True
2025-12-30 09:37:57 - matching_Balmis - INFO -   Candidates with territory match: 1
2025-12-30 09:37:57 - matching_Balmis - INFO -   After territorial filter (keeping adm0): 1 candidates
2025-12-30 09:37:57 - matching_Balmis - INFO -   Auto-adopt candidates: 1
2025-12-30 09:37:57 - matching_Balmis - INFO -   Single auto-adopt, discarding other matches
2025-12-30 09:37:57 - matching_Balmis - INFO - 
============================================================
2025-12-30 09:37:57 - matching_Balmis - INFO - Processing rowID=33: 'Ibarra' -> cleaned: 'ibarra'
2025-12-30 09:37:57 - matching_Balmis - INFO -   Token-based candidates: 6
2025-12-30 09:37:57 - matching_Balmis - INFO -   Fuzzy matches (score >= 70, limit=500): 3
2025-12-30 09:37:57 - matching_Balmis - DEBUG -     gz_id=5600008 'ibarra' score=1.000 nombre=False saint_only=False terr=adm0_iso_exact phase=auto_adopt
2025-12-30 09:37:57 - matching_Balmis - DEBUG -     gz_id=5600008 'ibarra' score=1.000 nombre=False saint_only=False terr=adm0_iso_exact phase=auto_adopt
2025-12-30 09:37:57 - matching_Balmis - DEBUG -     gz_id=5600008 'ibarra' score=1.000 nombre=False saint_only=False terr=adm0_iso_exact phase=auto_adopt
2025-12-30 09:37:57 - matching_Balmis - INFO -   Before dedup: 3 candidates
2025-12-30 09:37:57 - matching_Balmis - INFO -   After dedup: 1 unique gz_ids
2025-12-30 09:37:57 - matching_Balmis - INFO -   Nombre matches (exact on lugar_nombre): 0
2025-12-30 09:37:57 - matching_Balmis - INFO -   Saint-only matches: 0
2025-12-30 09:37:57 - matching_Balmis - INFO -   Substantive matches: 1
2025-12-30 09:37:57 - matching_Balmis - INFO -   Input has territorial data: True
2025-12-30 09:37:57 - matching_Balmis - INFO -   Candidates with territory match: 1
2025-12-30 09:37:57 - matching_Balmis - INFO -   After territorial filter (keeping adm0): 1 candidates
2025-12-30 09:37:57 - matching_Balmis - INFO -   Auto-adopt candidates: 1
2025-12-30 09:37:57 - matching_Balmis - INFO -   Single auto-adopt, discarding other matches
2025-12-30 09:37:57 - matching_Balmis - INFO - 
============================================================
2025-12-30 09:37:57 - matching_Balmis - INFO - Processing rowID=34: 'Otavalo' -> cleaned: 'otabalo'
2025-12-30 09:37:57 - matching_Balmis - INFO -   Token-based candidates: 3
2025-12-30 09:37:57 - matching_Balmis - INFO -   Fuzzy matches (score >= 70, limit=500): 3
2025-12-30 09:37:57 - matching_Balmis - DEBUG -     gz_id=5600009 'otabalo' score=1.000 nombre=False saint_only=False terr=adm0_iso_exact phase=auto_adopt
2025-12-30 09:37:57 - matching_Balmis - DEBUG -     gz_id=5600009 'otabalo' score=1.000 nombre=False saint_only=False terr=adm0_iso_exact phase=auto_adopt
2025-12-30 09:37:57 - matching_Balmis - DEBUG -     gz_id=5600009 'otabalo' score=1.000 nombre=False saint_only=False terr=adm0_iso_exact phase=auto_adopt
2025-12-30 09:37:57 - matching_Balmis - INFO -   Before dedup: 3 candidates
2025-12-30 09:37:57 - matching_Balmis - INFO -   After dedup: 1 unique gz_ids
2025-12-30 09:37:57 - matching_Balmis - INFO -   Nombre matches (exact on lugar_nombre): 0
2025-12-30 09:37:57 - matching_Balmis - INFO -   Saint-only matches: 0
2025-12-30 09:37:57 - matching_Balmis - INFO -   Substantive matches: 1
2025-12-30 09:37:57 - matching_Balmis - INFO -   Input has territorial data: True
2025-12-30 09:37:57 - matching_Balmis - INFO -   Candidates with territory match: 1
2025-12-30 09:37:57 - matching_Balmis - INFO -   After territorial filter (keeping adm0): 1 candidates
2025-12-30 09:37:57 - matching_Balmis - INFO -   Auto-adopt candidates: 1
2025-12-30 09:37:57 - matching_Balmis - INFO -   Single auto-adopt, discarding other matches
2025-12-30 09:37:57 - matching_Balmis - INFO - 
============================================================
2025-12-30 09:37:57 - matching_Balmis - INFO - Processing rowID=35: 'Cayambé' -> cleaned: 'caiambe'
2025-12-30 09:37:57 - matching_Balmis - INFO -   Token-based candidates: 3
2025-12-30 09:37:57 - matching_Balmis - INFO -   Fuzzy matches (score >= 70, limit=500): 3
2025-12-30 09:37:57 - matching_Balmis - DEBUG -     gz_id=5600152 'caiambe' score=1.000 nombre=False saint_only=False terr=adm0_iso_exact phase=auto_adopt
2025-12-30 09:37:57 - matching_Balmis - DEBUG -     gz_id=5600152 'caiambe' score=1.000 nombre=False saint_only=False terr=adm0_iso_exact phase=auto_adopt
2025-12-30 09:37:57 - matching_Balmis - DEBUG -     gz_id=5600152 'caiambe' score=1.000 nombre=False saint_only=False terr=adm0_iso_exact phase=auto_adopt
2025-12-30 09:37:57 - matching_Balmis - INFO -   Before dedup: 3 candidates
2025-12-30 09:37:57 - matching_Balmis - INFO -   After dedup: 1 unique gz_ids
2025-12-30 09:37:57 - matching_Balmis - INFO -   Nombre matches (exact on lugar_nombre): 0
2025-12-30 09:37:57 - matching_Balmis - INFO -   Saint-only matches: 0
2025-12-30 09:37:57 - matching_Balmis - INFO -   Substantive matches: 1
2025-12-30 09:37:57 - matching_Balmis - INFO -   Input has territorial data: True
2025-12-30 09:37:57 - matching_Balmis - INFO -   Candidates with territory match: 1
2025-12-30 09:37:57 - matching_Balmis - INFO -   After territorial filter (keeping adm0): 1 candidates
2025-12-30 09:37:57 - matching_Balmis - INFO -   Auto-adopt candidates: 1
2025-12-30 09:37:57 - matching_Balmis - INFO -   Single auto-adopt, discarding other matches
2025-12-30 09:37:57 - matching_Balmis - INFO - 
============================================================
2025-12-30 09:37:57 - matching_Balmis - INFO - Processing rowID=36: 'Quito' -> cleaned: 'quito'
2025-12-30 09:37:57 - matching_Balmis - INFO -   Token-based candidates: 6
2025-12-30 09:37:57 - matching_Balmis - INFO -   Fuzzy matches (score >= 70, limit=500): 6
2025-12-30 09:37:57 - matching_Balmis - DEBUG -     gz_id=9901182 'quito' score=1.000 nombre=True saint_only=False terr= phase=auto_adopt
2025-12-30 09:37:57 - matching_Balmis - DEBUG -     gz_id=9901182 'quito' score=1.000 nombre=True saint_only=False terr= phase=auto_adopt
2025-12-30 09:37:57 - matching_Balmis - DEBUG -     gz_id=5600001 'quito' score=1.000 nombre=True saint_only=False terr=adm0_iso_exact phase=auto_adopt
2025-12-30 09:37:57 - matching_Balmis - DEBUG -     gz_id=5600001 'quito' score=1.000 nombre=True saint_only=False terr=adm0_iso_exact phase=auto_adopt
2025-12-30 09:37:57 - matching_Balmis - DEBUG -     gz_id=5600001 'quito' score=1.000 nombre=True saint_only=False terr=adm0_iso_exact phase=auto_adopt
2025-12-30 09:37:57 - matching_Balmis - DEBUG -     gz_id=5600001 'quito' score=1.000 nombre=True saint_only=False terr=adm0_iso_exact phase=auto_adopt
2025-12-30 09:37:57 - matching_Balmis - INFO -   Before dedup: 6 candidates
2025-12-30 09:37:57 - matching_Balmis - INFO -   After dedup: 2 unique gz_ids
2025-12-30 09:37:57 - matching_Balmis - INFO -   Nombre matches (exact on lugar_nombre): 2
2025-12-30 09:37:57 - matching_Balmis - INFO -   Saint-only matches: 0
2025-12-30 09:37:57 - matching_Balmis - INFO -   Substantive matches: 2
2025-12-30 09:37:57 - matching_Balmis - INFO -   ✅ NOMBRE PRIORITY: Keeping ONLY 2 nombre matches, discarding 0 others
2025-12-30 09:37:57 - matching_Balmis - INFO -      gz_id=9901182: Quito
2025-12-30 09:37:57 - matching_Balmis - INFO -      gz_id=5600001: Quito
2025-12-30 09:37:57 - matching_Balmis - INFO -   Input has territorial data: True
2025-12-30 09:37:57 - matching_Balmis - INFO -   Candidates with territory match: 1
2025-12-30 09:37:57 - matching_Balmis - INFO -   After territorial filter (keeping adm0): 1 candidates
2025-12-30 09:37:57 - matching_Balmis - INFO -   Auto-adopt candidates: 1
2025-12-30 09:37:57 - matching_Balmis - INFO -   Single auto-adopt, discarding other matches
2025-12-30 09:37:57 - matching_Balmis - INFO - 
============================================================
2025-12-30 09:37:57 - matching_Balmis - INFO - Processing rowID=37: 'Cuenca' -> cleaned: 'cuenca'
2025-12-30 09:37:57 - matching_Balmis - INFO -   Token-based candidates: 7
2025-12-30 09:37:57 - matching_Balmis - INFO -   Fuzzy matches (score >= 70, limit=500): 7
2025-12-30 09:37:57 - matching_Balmis - DEBUG -     gz_id=5600002 'cuenca' score=1.000 nombre=True saint_only=False terr=adm0_iso_exact phase=auto_adopt
2025-12-30 09:37:57 - matching_Balmis - DEBUG -     gz_id=5600002 'cuenca' score=1.000 nombre=True saint_only=False terr=adm0_iso_exact phase=auto_adopt
2025-12-30 09:37:57 - matching_Balmis - DEBUG -     gz_id=6000597 'cuenca' score=1.000 nombre=True saint_only=False terr= phase=auto_adopt
2025-12-30 09:37:57 - matching_Balmis - DEBUG -     gz_id=6000597 'cuenca' score=1.000 nombre=True saint_only=False terr= phase=auto_adopt
2025-12-30 09:37:57 - matching_Balmis - DEBUG -     gz_id=5600002 'cuenca' score=1.000 nombre=True saint_only=False terr=adm0_iso_exact phase=auto_adopt
2025-12-30 09:37:57 - matching_Balmis - DEBUG -     gz_id=5600002 'cuenca' score=1.000 nombre=True saint_only=False terr=adm0_iso_exact phase=auto_adopt
2025-12-30 09:37:57 - matching_Balmis - DEBUG -     gz_id=5600002 'cuenca' score=1.000 nombre=True saint_only=False terr=adm0_iso_exact phase=auto_adopt
2025-12-30 09:37:57 - matching_Balmis - INFO -   Before dedup: 7 candidates
2025-12-30 09:37:57 - matching_Balmis - INFO -   After dedup: 2 unique gz_ids
2025-12-30 09:37:57 - matching_Balmis - INFO -   Nombre matches (exact on lugar_nombre): 2
2025-12-30 09:37:57 - matching_Balmis - INFO -   Saint-only matches: 0
2025-12-30 09:37:57 - matching_Balmis - INFO -   Substantive matches: 2
2025-12-30 09:37:57 - matching_Balmis - INFO -   ✅ NOMBRE PRIORITY: Keeping ONLY 2 nombre matches, discarding 0 others
2025-12-30 09:37:57 - matching_Balmis - INFO -      gz_id=5600002: Cuenca
2025-12-30 09:37:57 - matching_Balmis - INFO -      gz_id=6000597: Cuenca
2025-12-30 09:37:57 - matching_Balmis - INFO -   Input has territorial data: True
2025-12-30 09:37:57 - matching_Balmis - INFO -   Candidates with territory match: 1
2025-12-30 09:37:57 - matching_Balmis - INFO -   After territorial filter (keeping adm0): 1 candidates
2025-12-30 09:37:57 - matching_Balmis - INFO -   Auto-adopt candidates: 1
2025-12-30 09:37:57 - matching_Balmis - INFO -   Single auto-adopt, discarding other matches
2025-12-30 09:37:57 - matching_Balmis - INFO - 
============================================================
2025-12-30 09:37:57 - matching_Balmis - INFO - Processing rowID=38: 'Loja' -> cleaned: 'loja'
2025-12-30 09:37:57 - matching_Balmis - INFO -   Token-based candidates: 4
2025-12-30 09:37:57 - matching_Balmis - INFO -   Fuzzy matches (score >= 70, limit=500): 4
2025-12-30 09:37:57 - matching_Balmis - DEBUG -     gz_id=5600012 'loja' score=1.000 nombre=True saint_only=False terr=adm0_iso_exact phase=auto_adopt
2025-12-30 09:37:57 - matching_Balmis - DEBUG -     gz_id=5600012 'loja' score=1.000 nombre=True saint_only=False terr=adm0_iso_exact phase=auto_adopt
2025-12-30 09:37:57 - matching_Balmis - DEBUG -     gz_id=5600012 'loja' score=1.000 nombre=True saint_only=False terr=adm0_iso_exact phase=auto_adopt
2025-12-30 09:37:57 - matching_Balmis - DEBUG -     gz_id=5600012 'loja' score=1.000 nombre=True saint_only=False terr=adm0_iso_exact phase=auto_adopt
2025-12-30 09:37:57 - matching_Balmis - INFO -   Before dedup: 4 candidates
2025-12-30 09:37:57 - matching_Balmis - INFO -   After dedup: 1 unique gz_ids
2025-12-30 09:37:57 - matching_Balmis - INFO -   Nombre matches (exact on lugar_nombre): 1
2025-12-30 09:37:57 - matching_Balmis - INFO -   Saint-only matches: 0
2025-12-30 09:37:57 - matching_Balmis - INFO -   Substantive matches: 1
2025-12-30 09:37:57 - matching_Balmis - INFO -   ✅ NOMBRE PRIORITY: Keeping ONLY 1 nombre matches, discarding 0 others
2025-12-30 09:37:57 - matching_Balmis - INFO -      gz_id=5600012: Loja
2025-12-30 09:37:57 - matching_Balmis - INFO -   Input has territorial data: True
2025-12-30 09:37:57 - matching_Balmis - INFO -   Candidates with territory match: 1
2025-12-30 09:37:57 - matching_Balmis - INFO -   After territorial filter (keeping adm0): 1 candidates
2025-12-30 09:37:57 - matching_Balmis - INFO -   Auto-adopt candidates: 1
2025-12-30 09:37:57 - matching_Balmis - INFO -   Single auto-adopt, discarding other matches
2025-12-30 09:37:57 - matching_Balmis - INFO - 
============================================================
2025-12-30 09:37:57 - matching_Balmis - INFO - Processing rowID=39: 'Piura' -> cleaned: 'piura'
2025-12-30 09:37:57 - matching_Balmis - INFO -   Token-based candidates: 2
2025-12-30 09:37:57 - matching_Balmis - INFO -   Fuzzy matches (score >= 70, limit=500): 2
2025-12-30 09:37:57 - matching_Balmis - DEBUG -     gz_id=6001391 'piura' score=1.000 nombre=False saint_only=False terr=adm0_iso_exact phase=auto_adopt
2025-12-30 09:37:57 - matching_Balmis - DEBUG -     gz_id=6001391 'piura' score=1.000 nombre=False saint_only=False terr=adm0_iso_exact phase=auto_adopt
2025-12-30 09:37:57 - matching_Balmis - INFO -   Before dedup: 2 candidates
2025-12-30 09:37:57 - matching_Balmis - INFO -   After dedup: 1 unique gz_ids
2025-12-30 09:37:57 - matching_Balmis - INFO -   Nombre matches (exact on lugar_nombre): 0
2025-12-30 09:37:57 - matching_Balmis - INFO -   Saint-only matches: 0
2025-12-30 09:37:57 - matching_Balmis - INFO -   Substantive matches: 1
2025-12-30 09:37:57 - matching_Balmis - INFO -   Input has territorial data: True
2025-12-30 09:37:57 - matching_Balmis - INFO -   Candidates with territory match: 1
2025-12-30 09:37:57 - matching_Balmis - INFO -   After territorial filter (keeping adm0): 1 candidates
2025-12-30 09:37:57 - matching_Balmis - INFO -   Auto-adopt candidates: 1
2025-12-30 09:37:57 - matching_Balmis - INFO -   Single auto-adopt, discarding other matches
2025-12-30 09:37:57 - matching_Balmis - INFO - 
============================================================
2025-12-30 09:37:57 - matching_Balmis - INFO - Processing rowID=40: 'Chocope' -> cleaned: 'chocope'
2025-12-30 09:37:57 - matching_Balmis - INFO -   Token-based candidates: 2
2025-12-30 09:37:57 - matching_Balmis - INFO -   Fuzzy matches (score >= 70, limit=500): 2
2025-12-30 09:37:57 - matching_Balmis - DEBUG -     gz_id=6001441 'chocope' score=1.000 nombre=True saint_only=False terr=adm0_iso_exact phase=auto_adopt
2025-12-30 09:37:57 - matching_Balmis - DEBUG -     gz_id=6001441 'chocope' score=1.000 nombre=True saint_only=False terr=adm0_iso_exact phase=auto_adopt
2025-12-30 09:37:57 - matching_Balmis - INFO -   Before dedup: 2 candidates
2025-12-30 09:37:57 - matching_Balmis - INFO -   After dedup: 1 unique gz_ids
2025-12-30 09:37:57 - matching_Balmis - INFO -   Nombre matches (exact on lugar_nombre): 1
2025-12-30 09:37:57 - matching_Balmis - INFO -   Saint-only matches: 0
2025-12-30 09:37:57 - matching_Balmis - INFO -   Substantive matches: 1
2025-12-30 09:37:57 - matching_Balmis - INFO -   ✅ NOMBRE PRIORITY: Keeping ONLY 1 nombre matches, discarding 0 others
2025-12-30 09:37:57 - matching_Balmis - INFO -      gz_id=6001441: Chocope
2025-12-30 09:37:57 - matching_Balmis - INFO -   Input has territorial data: True
2025-12-30 09:37:57 - matching_Balmis - INFO -   Candidates with territory match: 1
2025-12-30 09:37:57 - matching_Balmis - INFO -   After territorial filter (keeping adm0): 1 candidates
2025-12-30 09:37:57 - matching_Balmis - INFO -   Auto-adopt candidates: 1
2025-12-30 09:37:57 - matching_Balmis - INFO -   Single auto-adopt, discarding other matches
2025-12-30 09:37:57 - matching_Balmis - INFO - Processing row 40, rowID=41
2025-12-30 09:37:57 - matching_Balmis - INFO - 
============================================================
2025-12-30 09:37:57 - matching_Balmis - INFO - Processing rowID=41: 'Lambayeque' -> cleaned: 'lambaieque'
2025-12-30 09:37:57 - matching_Balmis - INFO -   Token-based candidates: 2
2025-12-30 09:37:57 - matching_Balmis - INFO -   Fuzzy matches (score >= 70, limit=500): 2
2025-12-30 09:37:57 - matching_Balmis - DEBUG -     gz_id=6001438 'lambaieque' score=1.000 nombre=True saint_only=False terr=adm0_iso_exact phase=auto_adopt
2025-12-30 09:37:57 - matching_Balmis - DEBUG -     gz_id=6001438 'lambaieque' score=1.000 nombre=True saint_only=False terr=adm0_iso_exact phase=auto_adopt
2025-12-30 09:37:57 - matching_Balmis - INFO -   Before dedup: 2 candidates
2025-12-30 09:37:57 - matching_Balmis - INFO -   After dedup: 1 unique gz_ids
2025-12-30 09:37:57 - matching_Balmis - INFO -   Nombre matches (exact on lugar_nombre): 1
2025-12-30 09:37:57 - matching_Balmis - INFO -   Saint-only matches: 0
2025-12-30 09:37:57 - matching_Balmis - INFO -   Substantive matches: 1
2025-12-30 09:37:57 - matching_Balmis - INFO -   ✅ NOMBRE PRIORITY: Keeping ONLY 1 nombre matches, discarding 0 others
2025-12-30 09:37:57 - matching_Balmis - INFO -      gz_id=6001438: Lambayeque
2025-12-30 09:37:57 - matching_Balmis - INFO -   Input has territorial data: True
2025-12-30 09:37:57 - matching_Balmis - INFO -   Candidates with territory match: 1
2025-12-30 09:37:57 - matching_Balmis - INFO -   After territorial filter (keeping adm0): 1 candidates
2025-12-30 09:37:57 - matching_Balmis - INFO -   Auto-adopt candidates: 1
2025-12-30 09:37:57 - matching_Balmis - INFO -   Single auto-adopt, discarding other matches
2025-12-30 09:37:57 - matching_Balmis - INFO - 
============================================================
2025-12-30 09:37:57 - matching_Balmis - INFO - Processing rowID=42: 'Cajamarca' -> cleaned: 'cajamarca'
2025-12-30 09:37:57 - matching_Balmis - INFO -   Token-based candidates: 4
2025-12-30 09:37:57 - matching_Balmis - INFO -   Fuzzy matches (score >= 70, limit=500): 4
2025-12-30 09:37:57 - matching_Balmis - DEBUG -     gz_id=6001261 'cajamarca' score=1.000 nombre=True saint_only=False terr=adm0_iso_exact phase=auto_adopt
2025-12-30 09:37:57 - matching_Balmis - DEBUG -     gz_id=5600522 'cajamarca' score=1.000 nombre=True saint_only=False terr= phase=auto_adopt
2025-12-30 09:37:57 - matching_Balmis - DEBUG -     gz_id=5600522 'cajamarca' score=1.000 nombre=True saint_only=False terr= phase=auto_adopt
2025-12-30 09:37:57 - matching_Balmis - DEBUG -     gz_id=6001261 'cajamarca' score=1.000 nombre=True saint_only=False terr=adm0_iso_exact phase=auto_adopt
2025-12-30 09:37:57 - matching_Balmis - INFO -   Before dedup: 4 candidates
2025-12-30 09:37:57 - matching_Balmis - INFO -   After dedup: 2 unique gz_ids
2025-12-30 09:37:57 - matching_Balmis - INFO -   Nombre matches (exact on lugar_nombre): 2
2025-12-30 09:37:57 - matching_Balmis - INFO -   Saint-only matches: 0
2025-12-30 09:37:57 - matching_Balmis - INFO -   Substantive matches: 2
2025-12-30 09:37:57 - matching_Balmis - INFO -   ✅ NOMBRE PRIORITY: Keeping ONLY 2 nombre matches, discarding 0 others
2025-12-30 09:37:57 - matching_Balmis - INFO -      gz_id=6001261: Cajamarca
2025-12-30 09:37:57 - matching_Balmis - INFO -      gz_id=5600522: Cajamarca
2025-12-30 09:37:57 - matching_Balmis - INFO -   Input has territorial data: True
2025-12-30 09:37:57 - matching_Balmis - INFO -   Candidates with territory match: 1
2025-12-30 09:37:57 - matching_Balmis - INFO -   After territorial filter (keeping adm0): 1 candidates
2025-12-30 09:37:57 - matching_Balmis - INFO -   Auto-adopt candidates: 1
2025-12-30 09:37:57 - matching_Balmis - INFO -   Single auto-adopt, discarding other matches
2025-12-30 09:37:57 - matching_Balmis - INFO - 
============================================================
2025-12-30 09:37:57 - matching_Balmis - INFO - Processing rowID=43: 'Trujillo' -> cleaned: 'trujillo'
2025-12-30 09:37:57 - matching_Balmis - INFO -   Token-based candidates: 25
2025-12-30 09:37:57 - matching_Balmis - INFO -   Fuzzy matches (score >= 70, limit=500): 13
2025-12-30 09:37:57 - matching_Balmis - DEBUG -     gz_id=4000463 'trujillo' score=1.000 nombre=True saint_only=False terr= phase=auto_adopt
2025-12-30 09:37:57 - matching_Balmis - DEBUG -     gz_id=4000463 'trujillo' score=1.000 nombre=True saint_only=False terr= phase=auto_adopt
2025-12-30 09:37:57 - matching_Balmis - DEBUG -     gz_id=4000463 'trujillo' score=1.000 nombre=True saint_only=False terr= phase=auto_adopt
2025-12-30 09:37:57 - matching_Balmis - DEBUG -     gz_id=2000009 'trujillo' score=1.000 nombre=False saint_only=False terr= phase=auto_adopt
2025-12-30 09:37:57 - matching_Balmis - DEBUG -     gz_id=2000009 'trujillo' score=1.000 nombre=False saint_only=False terr= phase=auto_adopt
2025-12-30 09:37:57 - matching_Balmis - DEBUG -     gz_id=2000009 'trujillo' score=1.000 nombre=False saint_only=False terr= phase=auto_adopt
2025-12-30 09:37:57 - matching_Balmis - DEBUG -     gz_id=2000009 'trujillo' score=1.000 nombre=False saint_only=False terr= phase=auto_adopt
2025-12-30 09:37:57 - matching_Balmis - DEBUG -     gz_id=4000463 'trujillo' score=1.000 nombre=True saint_only=False terr= phase=auto_adopt
2025-12-30 09:37:57 - matching_Balmis - DEBUG -     gz_id=3000318 'trujillo' score=1.000 nombre=True saint_only=False terr= phase=auto_adopt
2025-12-30 09:37:57 - matching_Balmis - DEBUG -     gz_id=6000003 'trujillo' score=1.000 nombre=True saint_only=False terr=adm0_iso_exact phase=auto_adopt
2025-12-30 09:37:57 - matching_Balmis - DEBUG -     gz_id=6000003 'trujillo' score=1.000 nombre=True saint_only=False terr=adm0_iso_exact phase=auto_adopt
2025-12-30 09:37:57 - matching_Balmis - DEBUG -     gz_id=4000463 'trujillo' score=1.000 nombre=True saint_only=False terr= phase=auto_adopt
2025-12-30 09:37:57 - matching_Balmis - DEBUG -     gz_id=4000463 'trujillo' score=1.000 nombre=True saint_only=False terr= phase=auto_adopt
2025-12-30 09:37:57 - matching_Balmis - INFO -   Before dedup: 13 candidates
2025-12-30 09:37:57 - matching_Balmis - INFO -   After dedup: 4 unique gz_ids
2025-12-30 09:37:57 - matching_Balmis - INFO -   Nombre matches (exact on lugar_nombre): 3
2025-12-30 09:37:57 - matching_Balmis - INFO -   Saint-only matches: 0
2025-12-30 09:37:57 - matching_Balmis - INFO -   Substantive matches: 4
2025-12-30 09:37:57 - matching_Balmis - INFO -   ✅ NOMBRE PRIORITY: Keeping ONLY 3 nombre matches, discarding 1 others
2025-12-30 09:37:57 - matching_Balmis - INFO -      gz_id=4000463: Trujillo
2025-12-30 09:37:57 - matching_Balmis - INFO -      gz_id=3000318: Trujillo
2025-12-30 09:37:57 - matching_Balmis - INFO -      gz_id=6000003: Trujillo
2025-12-30 09:37:57 - matching_Balmis - INFO -   Input has territorial data: True
2025-12-30 09:37:57 - matching_Balmis - INFO -   Candidates with territory match: 1
2025-12-30 09:37:57 - matching_Balmis - INFO -   After territorial filter (keeping adm0): 1 candidates
2025-12-30 09:37:57 - matching_Balmis - INFO -   Auto-adopt candidates: 1
2025-12-30 09:37:57 - matching_Balmis - INFO -   Single auto-adopt, discarding other matches
2025-12-30 09:37:57 - matching_Balmis - INFO - 
============================================================
2025-12-30 09:37:57 - matching_Balmis - INFO - Processing rowID=44: 'Lima' -> cleaned: 'lima'
2025-12-30 09:37:57 - matching_Balmis - INFO -   Token-based candidates: 28
2025-12-30 09:37:57 - matching_Balmis - INFO -   Fuzzy matches (score >= 70, limit=500): 5
2025-12-30 09:37:57 - matching_Balmis - DEBUG -     gz_id=9000487 'lima' score=1.000 nombre=False saint_only=False terr= phase=auto_adopt
2025-12-30 09:37:57 - matching_Balmis - DEBUG -     gz_id=9000487 'lima' score=1.000 nombre=False saint_only=False terr= phase=auto_adopt
2025-12-30 09:37:57 - matching_Balmis - DEBUG -     gz_id=9000487 'lima' score=1.000 nombre=False saint_only=False terr= phase=auto_adopt
2025-12-30 09:37:57 - matching_Balmis - DEBUG -     gz_id=6000001 'lima' score=1.000 nombre=True saint_only=False terr=adm0_iso_exact phase=auto_adopt
2025-12-30 09:37:57 - matching_Balmis - DEBUG -     gz_id=6000001 'lima' score=1.000 nombre=True saint_only=False terr=adm0_iso_exact phase=auto_adopt
2025-12-30 09:37:57 - matching_Balmis - INFO -   Before dedup: 5 candidates
2025-12-30 09:37:57 - matching_Balmis - INFO -   After dedup: 2 unique gz_ids
2025-12-30 09:37:57 - matching_Balmis - INFO -   Nombre matches (exact on lugar_nombre): 1
2025-12-30 09:37:57 - matching_Balmis - INFO -   Saint-only matches: 0
2025-12-30 09:37:57 - matching_Balmis - INFO -   Substantive matches: 2
2025-12-30 09:37:57 - matching_Balmis - INFO -   ✅ NOMBRE PRIORITY: Keeping ONLY 1 nombre matches, discarding 1 others
2025-12-30 09:37:57 - matching_Balmis - INFO -      gz_id=6000001: Lima
2025-12-30 09:37:57 - matching_Balmis - INFO -   Input has territorial data: True
2025-12-30 09:37:57 - matching_Balmis - INFO -   Candidates with territory match: 1
2025-12-30 09:37:57 - matching_Balmis - INFO -   After territorial filter (keeping adm0): 1 candidates
2025-12-30 09:37:57 - matching_Balmis - INFO -   Auto-adopt candidates: 1
2025-12-30 09:37:57 - matching_Balmis - INFO -   Single auto-adopt, discarding other matches
2025-12-30 09:37:57 - matching_Balmis - INFO - 
============================================================
2025-12-30 09:37:57 - matching_Balmis - INFO - Processing rowID=45: 'Chilca' -> cleaned: 'chilca'
2025-12-30 09:37:57 - matching_Balmis - INFO -   Token-based candidates: 2
2025-12-30 09:37:57 - matching_Balmis - INFO -   Fuzzy matches (score >= 70, limit=500): 2
2025-12-30 09:37:57 - matching_Balmis - DEBUG -     gz_id=6000696 'chilca' score=1.000 nombre=True saint_only=False terr=adm0_iso_exact phase=auto_adopt
2025-12-30 09:37:57 - matching_Balmis - DEBUG -     gz_id=6000696 'chilca' score=1.000 nombre=True saint_only=False terr=adm0_iso_exact phase=auto_adopt
2025-12-30 09:37:57 - matching_Balmis - INFO -   Before dedup: 2 candidates
2025-12-30 09:37:57 - matching_Balmis - INFO -   After dedup: 1 unique gz_ids
2025-12-30 09:37:57 - matching_Balmis - INFO -   Nombre matches (exact on lugar_nombre): 1
2025-12-30 09:37:57 - matching_Balmis - INFO -   Saint-only matches: 0
2025-12-30 09:37:57 - matching_Balmis - INFO -   Substantive matches: 1
2025-12-30 09:37:57 - matching_Balmis - INFO -   ✅ NOMBRE PRIORITY: Keeping ONLY 1 nombre matches, discarding 0 others
2025-12-30 09:37:57 - matching_Balmis - INFO -      gz_id=6000696: Chilca
2025-12-30 09:37:57 - matching_Balmis - INFO -   Input has territorial data: True
2025-12-30 09:37:57 - matching_Balmis - INFO -   Candidates with territory match: 1
2025-12-30 09:37:57 - matching_Balmis - INFO -   After territorial filter (keeping adm0): 1 candidates
2025-12-30 09:37:57 - matching_Balmis - INFO -   Auto-adopt candidates: 1
2025-12-30 09:37:57 - matching_Balmis - INFO -   Single auto-adopt, discarding other matches
2025-12-30 09:37:57 - matching_Balmis - INFO - 
============================================================
2025-12-30 09:37:57 - matching_Balmis - INFO - Processing rowID=46: 'Ica' -> cleaned: 'ica'
2025-12-30 09:37:57 - matching_Balmis - INFO -   Token-based candidates: 4
2025-12-30 09:37:57 - matching_Balmis - INFO -   Fuzzy matches (score >= 70, limit=500): 4
2025-12-30 09:37:57 - matching_Balmis - DEBUG -     gz_id=6000859 'san juan ica' score=1.000 nombre=False saint_only=False terr=adm0_iso_exact phase=auto_adopt
2025-12-30 09:37:57 - matching_Balmis - DEBUG -     gz_id=6000859 'san juan ica' score=1.000 nombre=False saint_only=False terr=adm0_iso_exact phase=auto_adopt
2025-12-30 09:37:57 - matching_Balmis - DEBUG -     gz_id=6000856 'ica' score=1.000 nombre=False saint_only=False terr=adm0_iso_exact phase=auto_adopt
2025-12-30 09:37:57 - matching_Balmis - DEBUG -     gz_id=6000856 'ica' score=1.000 nombre=False saint_only=False terr=adm0_iso_exact phase=auto_adopt
2025-12-30 09:37:57 - matching_Balmis - INFO -   Before dedup: 4 candidates
2025-12-30 09:37:57 - matching_Balmis - INFO -   After dedup: 2 unique gz_ids
2025-12-30 09:37:57 - matching_Balmis - INFO -   Nombre matches (exact on lugar_nombre): 0
2025-12-30 09:37:57 - matching_Balmis - INFO -   Saint-only matches: 0
2025-12-30 09:37:57 - matching_Balmis - INFO -   Substantive matches: 2
2025-12-30 09:37:57 - matching_Balmis - INFO -   Input has territorial data: True
2025-12-30 09:37:57 - matching_Balmis - INFO -   Candidates with territory match: 2
2025-12-30 09:37:57 - matching_Balmis - INFO -   After territorial filter (keeping adm0): 2 candidates
2025-12-30 09:37:57 - matching_Balmis - INFO -   Auto-adopt candidates: 2
2025-12-30 09:37:57 - matching_Balmis - INFO -   Multiple auto-adopts, keeping as candidates
2025-12-30 09:37:57 - matching_Balmis - INFO - 
============================================================
2025-12-30 09:37:57 - matching_Balmis - INFO - Processing rowID=47: 'Arequipa' -> cleaned: 'arequipa'
2025-12-30 09:37:57 - matching_Balmis - INFO -   Token-based candidates: 2
2025-12-30 09:37:57 - matching_Balmis - INFO -   Fuzzy matches (score >= 70, limit=500): 2
2025-12-30 09:37:57 - matching_Balmis - DEBUG -     gz_id=6000007 'arequipa' score=1.000 nombre=True saint_only=False terr=adm0_iso_exact phase=auto_adopt
2025-12-30 09:37:57 - matching_Balmis - DEBUG -     gz_id=6000007 'arequipa' score=1.000 nombre=True saint_only=False terr=adm0_iso_exact phase=auto_adopt
2025-12-30 09:37:57 - matching_Balmis - INFO -   Before dedup: 2 candidates
2025-12-30 09:37:57 - matching_Balmis - INFO -   After dedup: 1 unique gz_ids
2025-12-30 09:37:57 - matching_Balmis - INFO -   Nombre matches (exact on lugar_nombre): 1
2025-12-30 09:37:57 - matching_Balmis - INFO -   Saint-only matches: 0
2025-12-30 09:37:57 - matching_Balmis - INFO -   Substantive matches: 1
2025-12-30 09:37:57 - matching_Balmis - INFO -   ✅ NOMBRE PRIORITY: Keeping ONLY 1 nombre matches, discarding 0 others
2025-12-30 09:37:57 - matching_Balmis - INFO -      gz_id=6000007: Arequipa
2025-12-30 09:37:57 - matching_Balmis - INFO -   Input has territorial data: True
2025-12-30 09:37:57 - matching_Balmis - INFO -   Candidates with territory match: 1
2025-12-30 09:37:57 - matching_Balmis - INFO -   After territorial filter (keeping adm0): 1 candidates
2025-12-30 09:37:57 - matching_Balmis - INFO -   Auto-adopt candidates: 1
2025-12-30 09:37:57 - matching_Balmis - INFO -   Single auto-adopt, discarding other matches
2025-12-30 09:37:57 - matching_Balmis - INFO - 
============================================================
2025-12-30 09:37:57 - matching_Balmis - INFO - Processing rowID=48: 'Barbacoas' -> cleaned: 'barbacoas'
2025-12-30 09:37:57 - matching_Balmis - INFO -   Token-based candidates: 15
2025-12-30 09:37:57 - matching_Balmis - INFO -   Fuzzy matches (score >= 70, limit=500): 15
2025-12-30 09:37:57 - matching_Balmis - DEBUG -     gz_id=4000139 'barbacoas tocuio' score=1.000 nombre=False saint_only=False terr= phase=auto_adopt
2025-12-30 09:37:57 - matching_Balmis - DEBUG -     gz_id=4000139 'barbacoas tocuio' score=1.000 nombre=False saint_only=False terr= phase=auto_adopt
2025-12-30 09:37:57 - matching_Balmis - DEBUG -     gz_id=4000139 'barbacoas tocuio' score=1.000 nombre=False saint_only=False terr= phase=auto_adopt
2025-12-30 09:37:57 - matching_Balmis - DEBUG -     gz_id=4000139 'barbacoas tocuio' score=1.000 nombre=False saint_only=False terr= phase=auto_adopt
2025-12-30 09:37:57 - matching_Balmis - DEBUG -     gz_id=4000139 'barbacoas tocuio' score=1.000 nombre=False saint_only=False terr= phase=auto_adopt
2025-12-30 09:37:57 - matching_Balmis - DEBUG -     gz_id=4000139 'barbacoas tocuio' score=1.000 nombre=False saint_only=False terr= phase=auto_adopt
2025-12-30 09:37:57 - matching_Balmis - DEBUG -     gz_id=5600050 'barbacoas' score=1.000 nombre=False saint_only=False terr=adm0_iso_exact phase=auto_adopt
2025-12-30 09:37:57 - matching_Balmis - DEBUG -     gz_id=5600050 'barbacoas' score=1.000 nombre=False saint_only=False terr=adm0_iso_exact phase=auto_adopt
2025-12-30 09:37:57 - matching_Balmis - DEBUG -     gz_id=5600050 'barbacoas' score=1.000 nombre=False saint_only=False terr=adm0_iso_exact phase=auto_adopt
2025-12-30 09:37:57 - matching_Balmis - DEBUG -     gz_id=4000128 'barbacoas llanos' score=1.000 nombre=False saint_only=False terr= phase=auto_adopt
2025-12-30 09:37:57 - matching_Balmis - DEBUG -     gz_id=4000128 'barbacoas llanos' score=1.000 nombre=False saint_only=False terr= phase=auto_adopt
2025-12-30 09:37:57 - matching_Balmis - DEBUG -     gz_id=4000128 'barbacoas llanos' score=1.000 nombre=False saint_only=False terr= phase=auto_adopt
2025-12-30 09:37:57 - matching_Balmis - DEBUG -     gz_id=4000128 'barbacoas llanos' score=1.000 nombre=False saint_only=False terr= phase=auto_adopt
2025-12-30 09:37:57 - matching_Balmis - DEBUG -     gz_id=4000128 'barbacoas llanos' score=1.000 nombre=False saint_only=False terr= phase=auto_adopt
2025-12-30 09:37:57 - matching_Balmis - DEBUG -     gz_id=4000128 'barbacoas llanos' score=1.000 nombre=False saint_only=False terr= phase=auto_adopt
2025-12-30 09:37:57 - matching_Balmis - INFO -   Before dedup: 15 candidates
2025-12-30 09:37:57 - matching_Balmis - INFO -   After dedup: 3 unique gz_ids
2025-12-30 09:37:57 - matching_Balmis - INFO -   Nombre matches (exact on lugar_nombre): 0
2025-12-30 09:37:57 - matching_Balmis - INFO -   Saint-only matches: 0
2025-12-30 09:37:57 - matching_Balmis - INFO -   Substantive matches: 3
2025-12-30 09:37:57 - matching_Balmis - INFO -   Input has territorial data: True
2025-12-30 09:37:57 - matching_Balmis - INFO -   Candidates with territory match: 1
2025-12-30 09:37:57 - matching_Balmis - INFO -   After territorial filter (keeping adm0): 1 candidates
2025-12-30 09:37:57 - matching_Balmis - INFO -   Auto-adopt candidates: 1
2025-12-30 09:37:57 - matching_Balmis - INFO -   Single auto-adopt, discarding other matches
2025-12-30 09:37:57 - matching_Balmis - INFO - 
============================================================
2025-12-30 09:37:57 - matching_Balmis - INFO - Processing rowID=49: 'Tumaco' -> cleaned: 'tumaco'
2025-12-30 09:37:57 - matching_Balmis - INFO -   Token-based candidates: 7
2025-12-30 09:37:57 - matching_Balmis - INFO -   Fuzzy matches (score >= 70, limit=500): 7
2025-12-30 09:37:57 - matching_Balmis - DEBUG -     gz_id=5600070 'tumaco' score=1.000 nombre=False saint_only=False terr=adm0_iso_exact phase=auto_adopt
2025-12-30 09:37:57 - matching_Balmis - DEBUG -     gz_id=5600070 'tumaco' score=1.000 nombre=False saint_only=False terr=adm0_iso_exact phase=auto_adopt
2025-12-30 09:37:57 - matching_Balmis - DEBUG -     gz_id=5600070 'tumaco' score=1.000 nombre=False saint_only=False terr=adm0_iso_exact phase=auto_adopt
2025-12-30 09:37:57 - matching_Balmis - DEBUG -     gz_id=5600070 'tumaco' score=1.000 nombre=False saint_only=False terr=adm0_iso_exact phase=auto_adopt
2025-12-30 09:37:57 - matching_Balmis - DEBUG -     gz_id=5600070 'tumaco' score=1.000 nombre=False saint_only=False terr=adm0_iso_exact phase=auto_adopt
2025-12-30 09:37:57 - matching_Balmis - DEBUG -     gz_id=5600070 'tumaco' score=1.000 nombre=False saint_only=False terr=adm0_iso_exact phase=auto_adopt
2025-12-30 09:37:57 - matching_Balmis - DEBUG -     gz_id=5600070 'tumaco' score=1.000 nombre=False saint_only=False terr=adm0_iso_exact phase=auto_adopt
2025-12-30 09:37:57 - matching_Balmis - INFO -   Before dedup: 7 candidates
2025-12-30 09:37:57 - matching_Balmis - INFO -   After dedup: 1 unique gz_ids
2025-12-30 09:37:57 - matching_Balmis - INFO -   Nombre matches (exact on lugar_nombre): 0
2025-12-30 09:37:57 - matching_Balmis - INFO -   Saint-only matches: 0
2025-12-30 09:37:57 - matching_Balmis - INFO -   Substantive matches: 1
2025-12-30 09:37:57 - matching_Balmis - INFO -   Input has territorial data: True
2025-12-30 09:37:57 - matching_Balmis - INFO -   Candidates with territory match: 1
2025-12-30 09:37:57 - matching_Balmis - INFO -   After territorial filter (keeping adm0): 1 candidates
2025-12-30 09:37:57 - matching_Balmis - INFO -   Auto-adopt candidates: 1
2025-12-30 09:37:57 - matching_Balmis - INFO -   Single auto-adopt, discarding other matches
2025-12-30 09:37:57 - matching_Balmis - INFO - 
============================================================
2025-12-30 09:37:57 - matching_Balmis - INFO - Processing rowID=50: 'Ibarra' -> cleaned: 'ibarra'
2025-12-30 09:37:57 - matching_Balmis - INFO -   Token-based candidates: 6
2025-12-30 09:37:57 - matching_Balmis - INFO -   Fuzzy matches (score >= 70, limit=500): 3
2025-12-30 09:37:57 - matching_Balmis - DEBUG -     gz_id=5600008 'ibarra' score=1.000 nombre=False saint_only=False terr=adm0_iso_exact phase=auto_adopt
2025-12-30 09:37:57 - matching_Balmis - DEBUG -     gz_id=5600008 'ibarra' score=1.000 nombre=False saint_only=False terr=adm0_iso_exact phase=auto_adopt
2025-12-30 09:37:57 - matching_Balmis - DEBUG -     gz_id=5600008 'ibarra' score=1.000 nombre=False saint_only=False terr=adm0_iso_exact phase=auto_adopt
2025-12-30 09:37:57 - matching_Balmis - INFO -   Before dedup: 3 candidates
2025-12-30 09:37:57 - matching_Balmis - INFO -   After dedup: 1 unique gz_ids
2025-12-30 09:37:57 - matching_Balmis - INFO -   Nombre matches (exact on lugar_nombre): 0
2025-12-30 09:37:57 - matching_Balmis - INFO -   Saint-only matches: 0
2025-12-30 09:37:57 - matching_Balmis - INFO -   Substantive matches: 1
2025-12-30 09:37:57 - matching_Balmis - INFO -   Input has territorial data: True
2025-12-30 09:37:57 - matching_Balmis - INFO -   Candidates with territory match: 1
2025-12-30 09:37:57 - matching_Balmis - INFO -   After territorial filter (keeping adm0): 1 candidates
2025-12-30 09:37:57 - matching_Balmis - INFO -   Auto-adopt candidates: 1
2025-12-30 09:37:57 - matching_Balmis - INFO -   Single auto-adopt, discarding other matches
2025-12-30 09:37:57 - matching_Balmis - INFO - Processing row 50, rowID=51
2025-12-30 09:37:57 - matching_Balmis - INFO - 
============================================================
2025-12-30 09:37:57 - matching_Balmis - INFO - Processing rowID=51: 'Quito' -> cleaned: 'quito'
2025-12-30 09:37:57 - matching_Balmis - INFO -   Token-based candidates: 6
2025-12-30 09:37:57 - matching_Balmis - INFO -   Fuzzy matches (score >= 70, limit=500): 6
2025-12-30 09:37:57 - matching_Balmis - DEBUG -     gz_id=9901182 'quito' score=1.000 nombre=True saint_only=False terr= phase=auto_adopt
2025-12-30 09:37:57 - matching_Balmis - DEBUG -     gz_id=9901182 'quito' score=1.000 nombre=True saint_only=False terr= phase=auto_adopt
2025-12-30 09:37:57 - matching_Balmis - DEBUG -     gz_id=5600001 'quito' score=1.000 nombre=True saint_only=False terr=adm0_iso_exact phase=auto_adopt
2025-12-30 09:37:57 - matching_Balmis - DEBUG -     gz_id=5600001 'quito' score=1.000 nombre=True saint_only=False terr=adm0_iso_exact phase=auto_adopt
2025-12-30 09:37:57 - matching_Balmis - DEBUG -     gz_id=5600001 'quito' score=1.000 nombre=True saint_only=False terr=adm0_iso_exact phase=auto_adopt
2025-12-30 09:37:57 - matching_Balmis - DEBUG -     gz_id=5600001 'quito' score=1.000 nombre=True saint_only=False terr=adm0_iso_exact phase=auto_adopt
2025-12-30 09:37:57 - matching_Balmis - INFO -   Before dedup: 6 candidates
2025-12-30 09:37:57 - matching_Balmis - INFO -   After dedup: 2 unique gz_ids
2025-12-30 09:37:57 - matching_Balmis - INFO -   Nombre matches (exact on lugar_nombre): 2
2025-12-30 09:37:57 - matching_Balmis - INFO -   Saint-only matches: 0
2025-12-30 09:37:57 - matching_Balmis - INFO -   Substantive matches: 2
2025-12-30 09:37:57 - matching_Balmis - INFO -   ✅ NOMBRE PRIORITY: Keeping ONLY 2 nombre matches, discarding 0 others
2025-12-30 09:37:57 - matching_Balmis - INFO -      gz_id=9901182: Quito
2025-12-30 09:37:57 - matching_Balmis - INFO -      gz_id=5600001: Quito
2025-12-30 09:37:57 - matching_Balmis - INFO -   Input has territorial data: True
2025-12-30 09:37:57 - matching_Balmis - INFO -   Candidates with territory match: 1
2025-12-30 09:37:57 - matching_Balmis - INFO -   After territorial filter (keeping adm0): 1 candidates
2025-12-30 09:37:57 - matching_Balmis - INFO -   Auto-adopt candidates: 1
2025-12-30 09:37:57 - matching_Balmis - INFO -   Single auto-adopt, discarding other matches
2025-12-30 09:37:57 - matching_Balmis - INFO - 
============================================================
2025-12-30 09:37:57 - matching_Balmis - INFO - Processing rowID=52: 'Guayaquil' -> cleaned: 'huaiaquil'
2025-12-30 09:37:57 - matching_Balmis - INFO -   Token-based candidates: 5
2025-12-30 09:37:57 - matching_Balmis - INFO -   Fuzzy matches (score >= 70, limit=500): 5
2025-12-30 09:37:57 - matching_Balmis - DEBUG -     gz_id=5600003 'huaiaquil' score=1.000 nombre=True saint_only=False terr=adm0_iso_exact phase=auto_adopt
2025-12-30 09:37:57 - matching_Balmis - DEBUG -     gz_id=5600003 'huaiaquil' score=1.000 nombre=True saint_only=False terr=adm0_iso_exact phase=auto_adopt
2025-12-30 09:37:57 - matching_Balmis - DEBUG -     gz_id=5600003 'huaiaquil' score=1.000 nombre=True saint_only=False terr=adm0_iso_exact phase=auto_adopt
2025-12-30 09:37:57 - matching_Balmis - DEBUG -     gz_id=5600003 'huaiaquil' score=1.000 nombre=True saint_only=False terr=adm0_iso_exact phase=auto_adopt
2025-12-30 09:37:57 - matching_Balmis - DEBUG -     gz_id=5600003 'huaiaquil' score=1.000 nombre=True saint_only=False terr=adm0_iso_exact phase=auto_adopt
2025-12-30 09:37:57 - matching_Balmis - INFO -   Before dedup: 5 candidates
2025-12-30 09:37:57 - matching_Balmis - INFO -   After dedup: 1 unique gz_ids
2025-12-30 09:37:57 - matching_Balmis - INFO -   Nombre matches (exact on lugar_nombre): 1
2025-12-30 09:37:57 - matching_Balmis - INFO -   Saint-only matches: 0
2025-12-30 09:37:57 - matching_Balmis - INFO -   Substantive matches: 1
2025-12-30 09:37:57 - matching_Balmis - INFO -   ✅ NOMBRE PRIORITY: Keeping ONLY 1 nombre matches, discarding 0 others
2025-12-30 09:37:57 - matching_Balmis - INFO -      gz_id=5600003: Guayaquil
2025-12-30 09:37:57 - matching_Balmis - INFO -   Input has territorial data: True
2025-12-30 09:37:57 - matching_Balmis - INFO -   Candidates with territory match: 1
2025-12-30 09:37:57 - matching_Balmis - INFO -   After territorial filter (keeping adm0): 1 candidates
2025-12-30 09:37:57 - matching_Balmis - INFO -   Auto-adopt candidates: 1
2025-12-30 09:37:57 - matching_Balmis - INFO -   Single auto-adopt, discarding other matches
2025-12-30 09:37:57 - matching_Balmis - INFO - 
============================================================
2025-12-30 09:37:57 - matching_Balmis - INFO - Processing rowID=53: 'Tumbes' -> cleaned: 'tumbes'
2025-12-30 09:37:57 - matching_Balmis - INFO -   Token-based candidates: 2
2025-12-30 09:37:57 - matching_Balmis - INFO -   Fuzzy matches (score >= 70, limit=500): 2
2025-12-30 09:37:57 - matching_Balmis - DEBUG -     gz_id=6001395 'tumbes' score=1.000 nombre=False saint_only=False terr=adm0_iso_exact phase=auto_adopt
2025-12-30 09:37:57 - matching_Balmis - DEBUG -     gz_id=6001395 'tumbes' score=1.000 nombre=False saint_only=False terr=adm0_iso_exact phase=auto_adopt
2025-12-30 09:37:57 - matching_Balmis - INFO -   Before dedup: 2 candidates
2025-12-30 09:37:57 - matching_Balmis - INFO -   After dedup: 1 unique gz_ids
2025-12-30 09:37:57 - matching_Balmis - INFO -   Nombre matches (exact on lugar_nombre): 0
2025-12-30 09:37:57 - matching_Balmis - INFO -   Saint-only matches: 0
2025-12-30 09:37:57 - matching_Balmis - INFO -   Substantive matches: 1
2025-12-30 09:37:57 - matching_Balmis - INFO -   Input has territorial data: True
2025-12-30 09:37:57 - matching_Balmis - INFO -   Candidates with territory match: 1
2025-12-30 09:37:57 - matching_Balmis - INFO -   After territorial filter (keeping adm0): 1 candidates
2025-12-30 09:37:57 - matching_Balmis - INFO -   Auto-adopt candidates: 1
2025-12-30 09:37:57 - matching_Balmis - INFO -   Single auto-adopt, discarding other matches
2025-12-30 09:37:57 - matching_Balmis - INFO - 
============================================================
2025-12-30 09:37:57 - matching_Balmis - INFO - Processing rowID=54: 'Jaen' -> cleaned: 'jaen'
2025-12-30 09:37:57 - matching_Balmis - INFO -   Token-based candidates: 3
2025-12-30 09:37:57 - matching_Balmis - INFO -   Fuzzy matches (score >= 70, limit=500): 3
2025-12-30 09:37:57 - matching_Balmis - DEBUG -     gz_id=5600004 'jaen' score=1.000 nombre=True saint_only=False terr=adm0_iso_exact phase=auto_adopt
2025-12-30 09:37:57 - matching_Balmis - DEBUG -     gz_id=5600004 'jaen' score=1.000 nombre=True saint_only=False terr=adm0_iso_exact phase=auto_adopt
2025-12-30 09:37:57 - matching_Balmis - DEBUG -     gz_id=5600004 'jaen' score=1.000 nombre=True saint_only=False terr=adm0_iso_exact phase=auto_adopt
2025-12-30 09:37:57 - matching_Balmis - INFO -   Before dedup: 3 candidates
2025-12-30 09:37:57 - matching_Balmis - INFO -   After dedup: 1 unique gz_ids
2025-12-30 09:37:57 - matching_Balmis - INFO -   Nombre matches (exact on lugar_nombre): 1
2025-12-30 09:37:57 - matching_Balmis - INFO -   Saint-only matches: 0
2025-12-30 09:37:57 - matching_Balmis - INFO -   Substantive matches: 1
2025-12-30 09:37:57 - matching_Balmis - INFO -   ✅ NOMBRE PRIORITY: Keeping ONLY 1 nombre matches, discarding 0 others
2025-12-30 09:37:57 - matching_Balmis - INFO -      gz_id=5600004: Jaen
2025-12-30 09:37:57 - matching_Balmis - INFO -   Input has territorial data: True
2025-12-30 09:37:57 - matching_Balmis - INFO -   Candidates with territory match: 1
2025-12-30 09:37:57 - matching_Balmis - INFO -   After territorial filter (keeping adm0): 1 candidates
2025-12-30 09:37:57 - matching_Balmis - INFO -   Auto-adopt candidates: 1
2025-12-30 09:37:57 - matching_Balmis - INFO -   Single auto-adopt, discarding other matches
2025-12-30 09:37:57 - matching_Balmis - INFO - 
============================================================
2025-12-30 09:37:57 - matching_Balmis - INFO - Processing rowID=55: 'Lima' -> cleaned: 'lima'
2025-12-30 09:37:57 - matching_Balmis - INFO -   Token-based candidates: 28
2025-12-30 09:37:57 - matching_Balmis - INFO -   Fuzzy matches (score >= 70, limit=500): 5
2025-12-30 09:37:57 - matching_Balmis - DEBUG -     gz_id=9000487 'lima' score=1.000 nombre=False saint_only=False terr= phase=auto_adopt
2025-12-30 09:37:57 - matching_Balmis - DEBUG -     gz_id=9000487 'lima' score=1.000 nombre=False saint_only=False terr= phase=auto_adopt
2025-12-30 09:37:57 - matching_Balmis - DEBUG -     gz_id=9000487 'lima' score=1.000 nombre=False saint_only=False terr= phase=auto_adopt
2025-12-30 09:37:57 - matching_Balmis - DEBUG -     gz_id=6000001 'lima' score=1.000 nombre=True saint_only=False terr=adm0_iso_exact phase=auto_adopt
2025-12-30 09:37:57 - matching_Balmis - DEBUG -     gz_id=6000001 'lima' score=1.000 nombre=True saint_only=False terr=adm0_iso_exact phase=auto_adopt
2025-12-30 09:37:57 - matching_Balmis - INFO -   Before dedup: 5 candidates
2025-12-30 09:37:57 - matching_Balmis - INFO -   After dedup: 2 unique gz_ids
2025-12-30 09:37:57 - matching_Balmis - INFO -   Nombre matches (exact on lugar_nombre): 1
2025-12-30 09:37:57 - matching_Balmis - INFO -   Saint-only matches: 0
2025-12-30 09:37:57 - matching_Balmis - INFO -   Substantive matches: 2
2025-12-30 09:37:57 - matching_Balmis - INFO -   ✅ NOMBRE PRIORITY: Keeping ONLY 1 nombre matches, discarding 1 others
2025-12-30 09:37:57 - matching_Balmis - INFO -      gz_id=6000001: Lima
2025-12-30 09:37:57 - matching_Balmis - INFO -   Input has territorial data: True
2025-12-30 09:37:57 - matching_Balmis - INFO -   Candidates with territory match: 1
2025-12-30 09:37:57 - matching_Balmis - INFO -   After territorial filter (keeping adm0): 1 candidates
2025-12-30 09:37:57 - matching_Balmis - INFO -   Auto-adopt candidates: 1
2025-12-30 09:37:57 - matching_Balmis - INFO -   Single auto-adopt, discarding other matches
2025-12-30 09:37:57 - matching_Balmis - INFO - 
============================================================
2025-12-30 09:37:57 - matching_Balmis - INFO - Processing rowID=56: 'Huarochiri' -> cleaned: 'huarochiri'
2025-12-30 09:37:57 - matching_Balmis - INFO -   Token-based candidates: 2
2025-12-30 09:37:57 - matching_Balmis - INFO -   Fuzzy matches (score >= 70, limit=500): 2
2025-12-30 09:37:57 - matching_Balmis - DEBUG -     gz_id=6000807 'huarochiri' score=1.000 nombre=True saint_only=False terr=adm0_iso_exact phase=auto_adopt
2025-12-30 09:37:57 - matching_Balmis - DEBUG -     gz_id=6000807 'huarochiri' score=1.000 nombre=True saint_only=False terr=adm0_iso_exact phase=auto_adopt
2025-12-30 09:37:57 - matching_Balmis - INFO -   Before dedup: 2 candidates
2025-12-30 09:37:57 - matching_Balmis - INFO -   After dedup: 1 unique gz_ids
2025-12-30 09:37:57 - matching_Balmis - INFO -   Nombre matches (exact on lugar_nombre): 1
2025-12-30 09:37:57 - matching_Balmis - INFO -   Saint-only matches: 0
2025-12-30 09:37:57 - matching_Balmis - INFO -   Substantive matches: 1
2025-12-30 09:37:57 - matching_Balmis - INFO -   ✅ NOMBRE PRIORITY: Keeping ONLY 1 nombre matches, discarding 0 others
2025-12-30 09:37:57 - matching_Balmis - INFO -      gz_id=6000807: Huarochiri
2025-12-30 09:37:57 - matching_Balmis - INFO -   Input has territorial data: True
2025-12-30 09:37:57 - matching_Balmis - INFO -   Candidates with territory match: 1
2025-12-30 09:37:57 - matching_Balmis - INFO -   After territorial filter (keeping adm0): 1 candidates
2025-12-30 09:37:57 - matching_Balmis - INFO -   Auto-adopt candidates: 1
2025-12-30 09:37:57 - matching_Balmis - INFO -   Single auto-adopt, discarding other matches
2025-12-30 09:37:57 - matching_Balmis - INFO - 
============================================================
2025-12-30 09:37:57 - matching_Balmis - INFO - Processing rowID=57: 'Jauja' -> cleaned: 'jauja'
2025-12-30 09:37:57 - matching_Balmis - INFO -   Token-based candidates: 2
2025-12-30 09:37:57 - matching_Balmis - INFO -   Fuzzy matches (score >= 70, limit=500): 2
2025-12-30 09:37:57 - matching_Balmis - DEBUG -     gz_id=6001133 'jauja' score=1.000 nombre=False saint_only=False terr=adm0_iso_exact phase=auto_adopt
2025-12-30 09:37:57 - matching_Balmis - DEBUG -     gz_id=6001133 'jauja' score=1.000 nombre=False saint_only=False terr=adm0_iso_exact phase=auto_adopt
2025-12-30 09:37:57 - matching_Balmis - INFO -   Before dedup: 2 candidates
2025-12-30 09:37:57 - matching_Balmis - INFO -   After dedup: 1 unique gz_ids
2025-12-30 09:37:57 - matching_Balmis - INFO -   Nombre matches (exact on lugar_nombre): 0
2025-12-30 09:37:57 - matching_Balmis - INFO -   Saint-only matches: 0
2025-12-30 09:37:57 - matching_Balmis - INFO -   Substantive matches: 1
2025-12-30 09:37:57 - matching_Balmis - INFO -   Input has territorial data: True
2025-12-30 09:37:57 - matching_Balmis - INFO -   Candidates with territory match: 1
2025-12-30 09:37:57 - matching_Balmis - INFO -   After territorial filter (keeping adm0): 1 candidates
2025-12-30 09:37:57 - matching_Balmis - INFO -   Auto-adopt candidates: 1
2025-12-30 09:37:57 - matching_Balmis - INFO -   Single auto-adopt, discarding other matches
2025-12-30 09:37:57 - matching_Balmis - INFO - 
============================================================
2025-12-30 09:37:57 - matching_Balmis - INFO - Processing rowID=58: 'Tarma' -> cleaned: 'tarma'
2025-12-30 09:37:57 - matching_Balmis - INFO -   Token-based candidates: 2
2025-12-30 09:37:57 - matching_Balmis - INFO -   Fuzzy matches (score >= 70, limit=500): 2
2025-12-30 09:37:57 - matching_Balmis - DEBUG -     gz_id=6000004 'tarma' score=1.000 nombre=True saint_only=False terr=adm0_iso_exact phase=auto_adopt
2025-12-30 09:37:57 - matching_Balmis - DEBUG -     gz_id=6000004 'tarma' score=1.000 nombre=True saint_only=False terr=adm0_iso_exact phase=auto_adopt
2025-12-30 09:37:57 - matching_Balmis - INFO -   Before dedup: 2 candidates
2025-12-30 09:37:57 - matching_Balmis - INFO -   After dedup: 1 unique gz_ids
2025-12-30 09:37:57 - matching_Balmis - INFO -   Nombre matches (exact on lugar_nombre): 1
2025-12-30 09:37:57 - matching_Balmis - INFO -   Saint-only matches: 0
2025-12-30 09:37:57 - matching_Balmis - INFO -   Substantive matches: 1
2025-12-30 09:37:57 - matching_Balmis - INFO -   ✅ NOMBRE PRIORITY: Keeping ONLY 1 nombre matches, discarding 0 others
2025-12-30 09:37:57 - matching_Balmis - INFO -      gz_id=6000004: Tarma
2025-12-30 09:37:57 - matching_Balmis - INFO -   Input has territorial data: True
2025-12-30 09:37:57 - matching_Balmis - INFO -   Candidates with territory match: 1
2025-12-30 09:37:57 - matching_Balmis - INFO -   After territorial filter (keeping adm0): 1 candidates
2025-12-30 09:37:57 - matching_Balmis - INFO -   Auto-adopt candidates: 1
2025-12-30 09:37:57 - matching_Balmis - INFO -   Single auto-adopt, discarding other matches
2025-12-30 09:37:57 - matching_Balmis - INFO - 
============================================================
2025-12-30 09:37:57 - matching_Balmis - INFO - Processing rowID=59: 'Huanuco' -> cleaned: 'huanuco'
2025-12-30 09:37:57 - matching_Balmis - INFO -   Token-based candidates: 2
2025-12-30 09:37:57 - matching_Balmis - INFO -   Fuzzy matches (score >= 70, limit=500): 2
2025-12-30 09:37:57 - matching_Balmis - DEBUG -     gz_id=6001084 'huanuco' score=1.000 nombre=False saint_only=False terr=adm0_iso_exact phase=auto_adopt
2025-12-30 09:37:57 - matching_Balmis - DEBUG -     gz_id=6001084 'huanuco' score=1.000 nombre=False saint_only=False terr=adm0_iso_exact phase=auto_adopt
2025-12-30 09:37:57 - matching_Balmis - INFO -   Before dedup: 2 candidates
2025-12-30 09:37:57 - matching_Balmis - INFO -   After dedup: 1 unique gz_ids
2025-12-30 09:37:57 - matching_Balmis - INFO -   Nombre matches (exact on lugar_nombre): 0
2025-12-30 09:37:57 - matching_Balmis - INFO -   Saint-only matches: 0
2025-12-30 09:37:57 - matching_Balmis - INFO -   Substantive matches: 1
2025-12-30 09:37:57 - matching_Balmis - INFO -   Input has territorial data: True
2025-12-30 09:37:57 - matching_Balmis - INFO -   Candidates with territory match: 1
2025-12-30 09:37:57 - matching_Balmis - INFO -   After territorial filter (keeping adm0): 1 candidates
2025-12-30 09:37:57 - matching_Balmis - INFO -   Auto-adopt candidates: 1
2025-12-30 09:37:57 - matching_Balmis - INFO -   Single auto-adopt, discarding other matches
2025-12-30 09:37:57 - matching_Balmis - INFO - 
============================================================
2025-12-30 09:37:57 - matching_Balmis - INFO - Processing rowID=60: 'Cuchero' -> cleaned: 'cuchero'
2025-12-30 09:37:57 - matching_Balmis - INFO -   Token-based candidates: 4
2025-12-30 09:37:57 - matching_Balmis - INFO -   Fuzzy matches (score >= 70, limit=500): 4
2025-12-30 09:37:57 - matching_Balmis - DEBUG -     gz_id=6001554 'cuchero' score=1.000 nombre=True saint_only=False terr=adm0_iso_exact phase=auto_adopt
2025-12-30 09:37:57 - matching_Balmis - DEBUG -     gz_id=6001554 'cuchero' score=1.000 nombre=True saint_only=False terr=adm0_iso_exact phase=auto_adopt
2025-12-30 09:37:57 - matching_Balmis - DEBUG -     gz_id=6001554 'cuchero' score=1.000 nombre=True saint_only=False terr=adm0_iso_exact phase=auto_adopt
2025-12-30 09:37:57 - matching_Balmis - DEBUG -     gz_id=6001554 'cuchero' score=1.000 nombre=True saint_only=False terr=adm0_iso_exact phase=auto_adopt
2025-12-30 09:37:57 - matching_Balmis - INFO -   Before dedup: 4 candidates
2025-12-30 09:37:57 - matching_Balmis - INFO -   After dedup: 1 unique gz_ids
2025-12-30 09:37:57 - matching_Balmis - INFO -   Nombre matches (exact on lugar_nombre): 1
2025-12-30 09:37:57 - matching_Balmis - INFO -   Saint-only matches: 0
2025-12-30 09:37:57 - matching_Balmis - INFO -   Substantive matches: 1
2025-12-30 09:37:57 - matching_Balmis - INFO -   ✅ NOMBRE PRIORITY: Keeping ONLY 1 nombre matches, discarding 0 others
2025-12-30 09:37:57 - matching_Balmis - INFO -      gz_id=6001554: Cuchero
2025-12-30 09:37:57 - matching_Balmis - INFO -   Input has territorial data: True
2025-12-30 09:37:57 - matching_Balmis - INFO -   Candidates with territory match: 1
2025-12-30 09:37:57 - matching_Balmis - INFO -   After territorial filter (keeping adm0): 1 candidates
2025-12-30 09:37:57 - matching_Balmis - INFO -   Auto-adopt candidates: 1
2025-12-30 09:37:57 - matching_Balmis - INFO -   Single auto-adopt, discarding other matches
2025-12-30 09:37:57 - matching_Balmis - INFO - Processing row 60, rowID=61
2025-12-30 09:37:57 - matching_Balmis - INFO - 
============================================================
2025-12-30 09:37:57 - matching_Balmis - INFO - Processing rowID=61: 'Canta' -> cleaned: 'canta'
2025-12-30 09:37:57 - matching_Balmis - INFO -   Token-based candidates: 2
2025-12-30 09:37:57 - matching_Balmis - INFO -   Fuzzy matches (score >= 70, limit=500): 2
2025-12-30 09:37:57 - matching_Balmis - DEBUG -     gz_id=6000706 'canta' score=1.000 nombre=True saint_only=False terr=adm0_iso_exact phase=auto_adopt
2025-12-30 09:37:57 - matching_Balmis - DEBUG -     gz_id=6000706 'canta' score=1.000 nombre=True saint_only=False terr=adm0_iso_exact phase=auto_adopt
2025-12-30 09:37:57 - matching_Balmis - INFO -   Before dedup: 2 candidates
2025-12-30 09:37:57 - matching_Balmis - INFO -   After dedup: 1 unique gz_ids
2025-12-30 09:37:57 - matching_Balmis - INFO -   Nombre matches (exact on lugar_nombre): 1
2025-12-30 09:37:57 - matching_Balmis - INFO -   Saint-only matches: 0
2025-12-30 09:37:57 - matching_Balmis - INFO -   Substantive matches: 1
2025-12-30 09:37:57 - matching_Balmis - INFO -   ✅ NOMBRE PRIORITY: Keeping ONLY 1 nombre matches, discarding 0 others
2025-12-30 09:37:57 - matching_Balmis - INFO -      gz_id=6000706: Canta
2025-12-30 09:37:57 - matching_Balmis - INFO -   Input has territorial data: True
2025-12-30 09:37:57 - matching_Balmis - INFO -   Candidates with territory match: 1
2025-12-30 09:37:57 - matching_Balmis - INFO -   After territorial filter (keeping adm0): 1 candidates
2025-12-30 09:37:57 - matching_Balmis - INFO -   Auto-adopt candidates: 1
2025-12-30 09:37:57 - matching_Balmis - INFO -   Single auto-adopt, discarding other matches
2025-12-30 09:37:57 - matching_Balmis - INFO - 
============================================================
2025-12-30 09:37:57 - matching_Balmis - INFO - Processing rowID=62: 'Lima' -> cleaned: 'lima'
2025-12-30 09:37:57 - matching_Balmis - INFO -   Token-based candidates: 28
2025-12-30 09:37:57 - matching_Balmis - INFO -   Fuzzy matches (score >= 70, limit=500): 5
2025-12-30 09:37:57 - matching_Balmis - DEBUG -     gz_id=9000487 'lima' score=1.000 nombre=False saint_only=False terr= phase=auto_adopt
2025-12-30 09:37:57 - matching_Balmis - DEBUG -     gz_id=9000487 'lima' score=1.000 nombre=False saint_only=False terr= phase=auto_adopt
2025-12-30 09:37:57 - matching_Balmis - DEBUG -     gz_id=9000487 'lima' score=1.000 nombre=False saint_only=False terr= phase=auto_adopt
2025-12-30 09:37:57 - matching_Balmis - DEBUG -     gz_id=6000001 'lima' score=1.000 nombre=True saint_only=False terr=adm0_iso_exact phase=auto_adopt
2025-12-30 09:37:57 - matching_Balmis - DEBUG -     gz_id=6000001 'lima' score=1.000 nombre=True saint_only=False terr=adm0_iso_exact phase=auto_adopt
2025-12-30 09:37:57 - matching_Balmis - INFO -   Before dedup: 5 candidates
2025-12-30 09:37:57 - matching_Balmis - INFO -   After dedup: 2 unique gz_ids
2025-12-30 09:37:57 - matching_Balmis - INFO -   Nombre matches (exact on lugar_nombre): 1
2025-12-30 09:37:57 - matching_Balmis - INFO -   Saint-only matches: 0
2025-12-30 09:37:57 - matching_Balmis - INFO -   Substantive matches: 2
2025-12-30 09:37:57 - matching_Balmis - INFO -   ✅ NOMBRE PRIORITY: Keeping ONLY 1 nombre matches, discarding 1 others
2025-12-30 09:37:57 - matching_Balmis - INFO -      gz_id=6000001: Lima
2025-12-30 09:37:57 - matching_Balmis - INFO -   Input has territorial data: True
2025-12-30 09:37:57 - matching_Balmis - INFO -   Candidates with territory match: 1
2025-12-30 09:37:57 - matching_Balmis - INFO -   After territorial filter (keeping adm0): 1 candidates
2025-12-30 09:37:57 - matching_Balmis - INFO -   Auto-adopt candidates: 1
2025-12-30 09:37:57 - matching_Balmis - INFO -   Single auto-adopt, discarding other matches
2025-12-30 09:37:57 - matching_Balmis - INFO - 
============================================================
2025-12-30 09:37:57 - matching_Balmis - INFO - Processing rowID=63: 'Copiapó' -> cleaned: 'copiapo'
2025-12-30 09:37:57 - matching_Balmis - INFO -   Token-based candidates: 4
2025-12-30 09:37:57 - matching_Balmis - INFO -   Fuzzy matches (score >= 70, limit=500): 4
2025-12-30 09:37:57 - matching_Balmis - DEBUG -     gz_id=9900704 'puerto copiapo' score=1.000 nombre=False saint_only=False terr=adm0_iso_exact phase=auto_adopt
2025-12-30 09:37:57 - matching_Balmis - DEBUG -     gz_id=7000063 'copiapo' score=1.000 nombre=False saint_only=False terr=adm0_iso_exact phase=auto_adopt
2025-12-30 09:37:57 - matching_Balmis - DEBUG -     gz_id=7000063 'copiapo' score=1.000 nombre=False saint_only=False terr=adm0_iso_exact phase=auto_adopt
2025-12-30 09:37:57 - matching_Balmis - DEBUG -     gz_id=9900704 'puerto copiapo' score=1.000 nombre=False saint_only=False terr=adm0_iso_exact phase=auto_adopt
2025-12-30 09:37:57 - matching_Balmis - INFO -   Before dedup: 4 candidates
2025-12-30 09:37:57 - matching_Balmis - INFO -   After dedup: 2 unique gz_ids
2025-12-30 09:37:57 - matching_Balmis - INFO -   Nombre matches (exact on lugar_nombre): 0
2025-12-30 09:37:57 - matching_Balmis - INFO -   Saint-only matches: 0
2025-12-30 09:37:57 - matching_Balmis - INFO -   Substantive matches: 2
2025-12-30 09:37:57 - matching_Balmis - INFO -   Input has territorial data: True
2025-12-30 09:37:57 - matching_Balmis - INFO -   Candidates with territory match: 2
2025-12-30 09:37:57 - matching_Balmis - INFO -   After territorial filter (keeping adm0): 2 candidates
2025-12-30 09:37:57 - matching_Balmis - INFO -   Auto-adopt candidates: 2
2025-12-30 09:37:57 - matching_Balmis - INFO -   Multiple auto-adopts, keeping as candidates
2025-12-30 09:37:57 - matching_Balmis - INFO - 
============================================================
2025-12-30 09:37:57 - matching_Balmis - INFO - Processing rowID=64: 'Guasco' -> cleaned: 'huasco'
2025-12-30 09:37:57 - matching_Balmis - INFO -   Token-based candidates: 11
2025-12-30 09:37:57 - matching_Balmis - INFO -   Fuzzy matches (score >= 70, limit=500): 11
2025-12-30 09:37:57 - matching_Balmis - DEBUG -     gz_id=9900701 'puerto huasco' score=1.000 nombre=False saint_only=False terr=adm0_iso_exact phase=auto_adopt
2025-12-30 09:37:57 - matching_Balmis - DEBUG -     gz_id=9900701 'puerto huasco' score=1.000 nombre=False saint_only=False terr=adm0_iso_exact phase=auto_adopt
2025-12-30 09:37:57 - matching_Balmis - DEBUG -     gz_id=9900701 'puerto huasco' score=1.000 nombre=False saint_only=False terr=adm0_iso_exact phase=auto_adopt
2025-12-30 09:37:57 - matching_Balmis - DEBUG -     gz_id=9900701 'puerto huasco' score=1.000 nombre=False saint_only=False terr=adm0_iso_exact phase=auto_adopt
2025-12-30 09:37:57 - matching_Balmis - DEBUG -     gz_id=9900702 'huasco bajo' score=1.000 nombre=False saint_only=False terr=adm0_iso_exact phase=auto_adopt
2025-12-30 09:37:57 - matching_Balmis - DEBUG -     gz_id=9900702 'huasco bajo' score=1.000 nombre=False saint_only=False terr=adm0_iso_exact phase=auto_adopt
2025-12-30 09:37:57 - matching_Balmis - DEBUG -     gz_id=9900702 'huasco bajo' score=1.000 nombre=False saint_only=False terr=adm0_iso_exact phase=auto_adopt
2025-12-30 09:37:57 - matching_Balmis - DEBUG -     gz_id=9900702 'huasco bajo' score=1.000 nombre=False saint_only=False terr=adm0_iso_exact phase=auto_adopt
2025-12-30 09:37:57 - matching_Balmis - DEBUG -     gz_id=7000156 'huasco alto' score=1.000 nombre=False saint_only=False terr=adm0_iso_exact phase=auto_adopt
2025-12-30 09:37:57 - matching_Balmis - DEBUG -     gz_id=7000156 'huasco alto' score=1.000 nombre=False saint_only=False terr=adm0_iso_exact phase=auto_adopt
2025-12-30 09:37:57 - matching_Balmis - DEBUG -     gz_id=7000156 'huasco alto' score=1.000 nombre=False saint_only=False terr=adm0_iso_exact phase=auto_adopt
2025-12-30 09:37:57 - matching_Balmis - INFO -   Before dedup: 11 candidates
2025-12-30 09:37:57 - matching_Balmis - INFO -   After dedup: 3 unique gz_ids
2025-12-30 09:37:57 - matching_Balmis - INFO -   Nombre matches (exact on lugar_nombre): 0
2025-12-30 09:37:57 - matching_Balmis - INFO -   Saint-only matches: 0
2025-12-30 09:37:57 - matching_Balmis - INFO -   Substantive matches: 3
2025-12-30 09:37:57 - matching_Balmis - INFO -   Input has territorial data: True
2025-12-30 09:37:57 - matching_Balmis - INFO -   Candidates with territory match: 3
2025-12-30 09:37:57 - matching_Balmis - INFO -   After territorial filter (keeping adm0): 3 candidates
2025-12-30 09:37:57 - matching_Balmis - INFO -   Auto-adopt candidates: 3
2025-12-30 09:37:57 - matching_Balmis - INFO -   Multiple auto-adopts, keeping as candidates
2025-12-30 09:37:57 - matching_Balmis - INFO - 
============================================================
2025-12-30 09:37:57 - matching_Balmis - INFO - Processing rowID=65: 'Coquimbo' -> cleaned: 'coquimbo'
2025-12-30 09:37:57 - matching_Balmis - INFO -   Token-based candidates: 2
2025-12-30 09:37:57 - matching_Balmis - INFO -   Fuzzy matches (score >= 70, limit=500): 0
2025-12-30 09:37:57 - matching_Balmis - WARNING -   No fuzzy matches found - checking why
2025-12-30 09:37:57 - matching_Balmis - WARNING -   No valid candidates after scoring - relegated
2025-12-30 09:37:57 - matching_Balmis - INFO - 
============================================================
2025-12-30 09:37:57 - matching_Balmis - INFO - Processing rowID=66: 'Valparaiso' -> cleaned: 'balparaiso'
2025-12-30 09:37:57 - matching_Balmis - INFO -   Token-based candidates: 5
2025-12-30 09:37:57 - matching_Balmis - INFO -   Fuzzy matches (score >= 70, limit=500): 5
2025-12-30 09:37:57 - matching_Balmis - DEBUG -     gz_id=7000003 'balparaiso' score=1.000 nombre=True saint_only=False terr=adm0_iso_exact phase=auto_adopt
2025-12-30 09:37:57 - matching_Balmis - DEBUG -     gz_id=7000003 'balparaiso' score=1.000 nombre=True saint_only=False terr=adm0_iso_exact phase=auto_adopt
2025-12-30 09:37:57 - matching_Balmis - DEBUG -     gz_id=1004871 'balparaiso' score=1.000 nombre=True saint_only=False terr= phase=auto_adopt
2025-12-30 09:37:57 - matching_Balmis - DEBUG -     gz_id=1004871 'balparaiso' score=1.000 nombre=True saint_only=False terr= phase=auto_adopt
2025-12-30 09:37:57 - matching_Balmis - DEBUG -     gz_id=1004871 'balparaiso' score=1.000 nombre=True saint_only=False terr= phase=auto_adopt
2025-12-30 09:37:57 - matching_Balmis - INFO -   Before dedup: 5 candidates
2025-12-30 09:37:57 - matching_Balmis - INFO -   After dedup: 2 unique gz_ids
2025-12-30 09:37:57 - matching_Balmis - INFO -   Nombre matches (exact on lugar_nombre): 2
2025-12-30 09:37:57 - matching_Balmis - INFO -   Saint-only matches: 0
2025-12-30 09:37:57 - matching_Balmis - INFO -   Substantive matches: 2
2025-12-30 09:37:57 - matching_Balmis - INFO -   ✅ NOMBRE PRIORITY: Keeping ONLY 2 nombre matches, discarding 0 others
2025-12-30 09:37:57 - matching_Balmis - INFO -      gz_id=7000003: Valparaiso
2025-12-30 09:37:57 - matching_Balmis - INFO -      gz_id=1004871: Valparaiso
2025-12-30 09:37:57 - matching_Balmis - INFO -   Input has territorial data: True
2025-12-30 09:37:57 - matching_Balmis - INFO -   Candidates with territory match: 1
2025-12-30 09:37:57 - matching_Balmis - INFO -   After territorial filter (keeping adm0): 1 candidates
2025-12-30 09:37:57 - matching_Balmis - INFO -   Auto-adopt candidates: 1
2025-12-30 09:37:57 - matching_Balmis - INFO -   Single auto-adopt, discarding other matches
2025-12-30 09:37:57 - matching_Balmis - INFO - 
============================================================
2025-12-30 09:37:57 - matching_Balmis - INFO - Processing rowID=67: 'Santiago' -> cleaned: 'santiago'
2025-12-30 09:37:57 - matching_Balmis - INFO -   Token-based candidates: 1184
2025-12-30 09:37:57 - matching_Balmis - INFO -   Fuzzy matches (score >= 70, limit=500): 184
2025-12-30 09:37:57 - matching_Balmis - DEBUG -     gz_id=5000007 'santiago' score=1.000 nombre=False saint_only=True terr= phase=auto_adopt
2025-12-30 09:37:57 - matching_Balmis - DEBUG -     gz_id=5000007 'santiago' score=1.000 nombre=False saint_only=True terr= phase=auto_adopt
2025-12-30 09:37:57 - matching_Balmis - DEBUG -     gz_id=5000007 'santiago' score=1.000 nombre=False saint_only=True terr= phase=auto_adopt
2025-12-30 09:37:57 - matching_Balmis - DEBUG -     gz_id=5000007 'santiago' score=1.000 nombre=False saint_only=True terr= phase=auto_adopt
2025-12-30 09:37:57 - matching_Balmis - DEBUG -     gz_id=5000007 'santiago' score=1.000 nombre=False saint_only=True terr= phase=auto_adopt
2025-12-30 09:37:57 - matching_Balmis - DEBUG -     gz_id=3000233 'santiago' score=1.000 nombre=False saint_only=True terr= phase=auto_adopt
2025-12-30 09:37:57 - matching_Balmis - DEBUG -     gz_id=5000144 'santiago' score=1.000 nombre=True saint_only=False terr= phase=auto_adopt
2025-12-30 09:37:57 - matching_Balmis - DEBUG -     gz_id=5000144 'santiago' score=1.000 nombre=True saint_only=False terr= phase=auto_adopt
2025-12-30 09:37:57 - matching_Balmis - DEBUG -     gz_id=5000144 'santiago' score=1.000 nombre=True saint_only=False terr= phase=auto_adopt
2025-12-30 09:37:57 - matching_Balmis - DEBUG -     gz_id=5000144 'santiago' score=1.000 nombre=True saint_only=False terr= phase=auto_adopt
2025-12-30 09:37:57 - matching_Balmis - DEBUG -     gz_id=5000144 'santiago' score=1.000 nombre=True saint_only=False terr= phase=auto_adopt
2025-12-30 09:37:57 - matching_Balmis - DEBUG -     gz_id=5000144 'santiago' score=1.000 nombre=True saint_only=False terr= phase=auto_adopt
2025-12-30 09:37:57 - matching_Balmis - DEBUG -     gz_id=7000001 'santiago' score=1.000 nombre=False saint_only=True terr=adm0_iso_exact phase=auto_adopt
2025-12-30 09:37:57 - matching_Balmis - DEBUG -     gz_id=7000001 'santiago' score=1.000 nombre=False saint_only=True terr=adm0_iso_exact phase=auto_adopt
2025-12-30 09:37:57 - matching_Balmis - DEBUG -     gz_id=1001790 'santiago' score=1.000 nombre=True saint_only=False terr= phase=auto_adopt
2025-12-30 09:37:57 - matching_Balmis - DEBUG -     gz_id=1001790 'santiago' score=1.000 nombre=True saint_only=False terr= phase=auto_adopt
2025-12-30 09:37:57 - matching_Balmis - DEBUG -     gz_id=1001791 'santiago molino' score=1.000 nombre=False saint_only=True terr= phase=auto_adopt
2025-12-30 09:37:57 - matching_Balmis - DEBUG -     gz_id=1001791 'santiago molino' score=1.000 nombre=False saint_only=True terr= phase=auto_adopt
2025-12-30 09:37:57 - matching_Balmis - DEBUG -     gz_id=1005063 'santiago' score=1.000 nombre=True saint_only=False terr= phase=auto_adopt
2025-12-30 09:37:57 - matching_Balmis - DEBUG -     gz_id=1005063 'santiago' score=1.000 nombre=True saint_only=False terr= phase=auto_adopt
2025-12-30 09:37:57 - matching_Balmis - DEBUG -     gz_id=1005063 'santiago' score=1.000 nombre=True saint_only=False terr= phase=auto_adopt
2025-12-30 09:37:57 - matching_Balmis - DEBUG -     gz_id=5600664 'santiago' score=1.000 nombre=True saint_only=False terr= phase=auto_adopt
2025-12-30 09:37:57 - matching_Balmis - DEBUG -     gz_id=5600664 'santiago' score=1.000 nombre=True saint_only=False terr= phase=auto_adopt
2025-12-30 09:37:57 - matching_Balmis - DEBUG -     gz_id=5600664 'santiago' score=1.000 nombre=True saint_only=False terr= phase=auto_adopt
2025-12-30 09:37:57 - matching_Balmis - DEBUG -     gz_id=5600664 'santiago' score=1.000 nombre=True saint_only=False terr= phase=auto_adopt
2025-12-30 09:37:57 - matching_Balmis - DEBUG -     gz_id=1005084 'cerro santiago' score=1.000 nombre=False saint_only=True terr= phase=auto_adopt
2025-12-30 09:37:57 - matching_Balmis - DEBUG -     gz_id=1005084 'cerro santiago' score=1.000 nombre=False saint_only=True terr= phase=auto_adopt
2025-12-30 09:37:57 - matching_Balmis - DEBUG -     gz_id=1005084 'cerro santiago' score=1.000 nombre=False saint_only=True terr= phase=auto_adopt
2025-12-30 09:37:57 - matching_Balmis - DEBUG -     gz_id=1005084 'cerro santiago' score=1.000 nombre=False saint_only=True terr= phase=auto_adopt
2025-12-30 09:37:57 - matching_Balmis - DEBUG -     gz_id=5600664 'santiago' score=1.000 nombre=True saint_only=False terr= phase=auto_adopt
2025-12-30 09:37:57 - matching_Balmis - DEBUG -     gz_id=5600664 'santiago' score=1.000 nombre=True saint_only=False terr= phase=auto_adopt
2025-12-30 09:37:57 - matching_Balmis - DEBUG -     gz_id=5600664 'santiago' score=1.000 nombre=True saint_only=False terr= phase=auto_adopt
2025-12-30 09:37:57 - matching_Balmis - DEBUG -     gz_id=1001924 'santiago' score=1.000 nombre=True saint_only=False terr= phase=auto_adopt
2025-12-30 09:37:57 - matching_Balmis - DEBUG -     gz_id=1001924 'santiago' score=1.000 nombre=True saint_only=False terr= phase=auto_adopt
2025-12-30 09:37:57 - matching_Balmis - DEBUG -     gz_id=5000286 'santiago' score=1.000 nombre=True saint_only=False terr= phase=auto_adopt
2025-12-30 09:37:57 - matching_Balmis - DEBUG -     gz_id=5000286 'santiago' score=1.000 nombre=True saint_only=False terr= phase=auto_adopt
2025-12-30 09:37:57 - matching_Balmis - DEBUG -     gz_id=5600754 'santiago' score=1.000 nombre=True saint_only=False terr= phase=auto_adopt
2025-12-30 09:37:57 - matching_Balmis - DEBUG -     gz_id=5600754 'santiago' score=1.000 nombre=True saint_only=False terr= phase=auto_adopt
2025-12-30 09:37:57 - matching_Balmis - DEBUG -     gz_id=5600754 'santiago' score=1.000 nombre=True saint_only=False terr= phase=auto_adopt
2025-12-30 09:37:57 - matching_Balmis - DEBUG -     gz_id=1005206 'santiago caballeros' score=1.000 nombre=False saint_only=False terr= phase=candidate
2025-12-30 09:37:57 - matching_Balmis - DEBUG -     gz_id=1005206 'santiago caballeros' score=1.000 nombre=False saint_only=False terr= phase=candidate
2025-12-30 09:37:57 - matching_Balmis - DEBUG -     gz_id=1005206 'santiago caballeros' score=1.000 nombre=False saint_only=False terr= phase=candidate
2025-12-30 09:37:57 - matching_Balmis - DEBUG -     gz_id=1005206 'santiago caballeros' score=1.000 nombre=False saint_only=False terr= phase=candidate
2025-12-30 09:37:57 - matching_Balmis - DEBUG -     gz_id=1000321 'santiago ocuila' score=1.000 nombre=False saint_only=True terr= phase=auto_adopt
2025-12-30 09:37:57 - matching_Balmis - DEBUG -     gz_id=1000321 'santiago ocuila' score=1.000 nombre=False saint_only=True terr= phase=auto_adopt
2025-12-30 09:37:57 - matching_Balmis - DEBUG -     gz_id=1003815 'santiago' score=1.000 nombre=True saint_only=False terr= phase=auto_adopt
2025-12-30 09:37:57 - matching_Balmis - DEBUG -     gz_id=1003815 'santiago' score=1.000 nombre=True saint_only=False terr= phase=auto_adopt
2025-12-30 09:37:57 - matching_Balmis - DEBUG -     gz_id=6000156 'santiago' score=1.000 nombre=False saint_only=True terr= phase=auto_adopt
2025-12-30 09:37:57 - matching_Balmis - DEBUG -     gz_id=6000156 'santiago' score=1.000 nombre=False saint_only=True terr= phase=auto_adopt
2025-12-30 09:37:57 - matching_Balmis - DEBUG -     gz_id=6000156 'santiago' score=1.000 nombre=False saint_only=True terr= phase=auto_adopt
2025-12-30 09:37:57 - matching_Balmis - DEBUG -     gz_id=1002115 'santiago puente' score=1.000 nombre=False saint_only=True terr= phase=auto_adopt
2025-12-30 09:37:57 - matching_Balmis - DEBUG -     gz_id=1002115 'santiago puente' score=1.000 nombre=False saint_only=True terr= phase=auto_adopt
2025-12-30 09:37:57 - matching_Balmis - DEBUG -     gz_id=1005400 'santiago tampico' score=1.000 nombre=False saint_only=True terr= phase=auto_adopt
2025-12-30 09:37:57 - matching_Balmis - DEBUG -     gz_id=9000748 'huardia santiago sanches' score=1.000 nombre=False saint_only=True terr= phase=auto_adopt
2025-12-30 09:37:57 - matching_Balmis - DEBUG -     gz_id=9000749 'santiago sanches' score=1.000 nombre=False saint_only=True terr= phase=auto_adopt
2025-12-30 09:37:57 - matching_Balmis - DEBUG -     gz_id=9000749 'santiago sanches' score=1.000 nombre=False saint_only=True terr= phase=auto_adopt
2025-12-30 09:37:57 - matching_Balmis - DEBUG -     gz_id=1005424 'cerro santiago' score=1.000 nombre=False saint_only=True terr= phase=auto_adopt
2025-12-30 09:37:57 - matching_Balmis - DEBUG -     gz_id=1005424 'cerro santiago' score=1.000 nombre=False saint_only=True terr= phase=auto_adopt
2025-12-30 09:37:57 - matching_Balmis - DEBUG -     gz_id=9000749 'santiago sanches' score=1.000 nombre=False saint_only=True terr= phase=auto_adopt
2025-12-30 09:37:57 - matching_Balmis - DEBUG -     gz_id=9000749 'santiago sanches' score=1.000 nombre=False saint_only=True terr= phase=auto_adopt
2025-12-30 09:37:57 - matching_Balmis - DEBUG -     gz_id=9000749 'santiago sanches' score=1.000 nombre=False saint_only=True terr= phase=auto_adopt
2025-12-30 09:37:57 - matching_Balmis - DEBUG -     gz_id=1000500 'santiago' score=1.000 nombre=True saint_only=False terr= phase=auto_adopt
2025-12-30 09:37:57 - matching_Balmis - DEBUG -     gz_id=1000500 'santiago' score=1.000 nombre=True saint_only=False terr= phase=auto_adopt
2025-12-30 09:37:57 - matching_Balmis - DEBUG -     gz_id=1000500 'santiago' score=1.000 nombre=True saint_only=False terr= phase=auto_adopt
2025-12-30 09:37:57 - matching_Balmis - DEBUG -     gz_id=1002159 'san felipe i santiago' score=1.000 nombre=False saint_only=True terr= phase=auto_adopt
2025-12-30 09:37:57 - matching_Balmis - DEBUG -     gz_id=1002159 'san felipe i santiago' score=1.000 nombre=False saint_only=True terr= phase=auto_adopt
2025-12-30 09:37:57 - matching_Balmis - DEBUG -     gz_id=1002159 'san felipe i santiago' score=1.000 nombre=False saint_only=True terr= phase=auto_adopt
2025-12-30 09:37:57 - matching_Balmis - DEBUG -     gz_id=1000520 'santiago teocaltitan' score=1.000 nombre=False saint_only=True terr= phase=auto_adopt
2025-12-30 09:37:57 - matching_Balmis - DEBUG -     gz_id=1000520 'santiago teocaltitan' score=1.000 nombre=False saint_only=True terr= phase=auto_adopt
2025-12-30 09:37:57 - matching_Balmis - DEBUG -     gz_id=1005456 'santiago' score=1.000 nombre=True saint_only=False terr= phase=auto_adopt
2025-12-30 09:37:57 - matching_Balmis - DEBUG -     gz_id=1005456 'santiago' score=1.000 nombre=True saint_only=False terr= phase=auto_adopt
2025-12-30 09:37:57 - matching_Balmis - DEBUG -     gz_id=1000572 'santiago' score=1.000 nombre=True saint_only=False terr= phase=auto_adopt
2025-12-30 09:37:57 - matching_Balmis - DEBUG -     gz_id=1000572 'santiago' score=1.000 nombre=True saint_only=False terr= phase=auto_adopt
2025-12-30 09:37:57 - matching_Balmis - DEBUG -     gz_id=1002249 'santiago ocotlan' score=1.000 nombre=False saint_only=True terr= phase=auto_adopt
2025-12-30 09:37:57 - matching_Balmis - DEBUG -     gz_id=1002249 'santiago ocotlan' score=1.000 nombre=False saint_only=True terr= phase=auto_adopt
2025-12-30 09:37:57 - matching_Balmis - DEBUG -     gz_id=8000436 'santiago' score=1.000 nombre=True saint_only=False terr= phase=auto_adopt
2025-12-30 09:37:57 - matching_Balmis - DEBUG -     gz_id=1000646 'balle santiago' score=1.000 nombre=False saint_only=True terr= phase=auto_adopt
2025-12-30 09:37:57 - matching_Balmis - DEBUG -     gz_id=1000646 'balle santiago' score=1.000 nombre=False saint_only=True terr= phase=auto_adopt
2025-12-30 09:37:57 - matching_Balmis - DEBUG -     gz_id=1002290 'santiago etla' score=1.000 nombre=False saint_only=True terr= phase=auto_adopt
2025-12-30 09:37:57 - matching_Balmis - DEBUG -     gz_id=1002290 'santiago etla' score=1.000 nombre=False saint_only=True terr= phase=auto_adopt
2025-12-30 09:37:57 - matching_Balmis - DEBUG -     gz_id=1002290 'santiago etla' score=1.000 nombre=False saint_only=True terr= phase=auto_adopt
2025-12-30 09:37:57 - matching_Balmis - DEBUG -     gz_id=1002290 'santiago etla' score=1.000 nombre=False saint_only=True terr= phase=auto_adopt
2025-12-30 09:37:57 - matching_Balmis - DEBUG -     gz_id=8000126 'santiago machaca' score=1.000 nombre=False saint_only=True terr= phase=auto_adopt
2025-12-30 09:37:57 - matching_Balmis - DEBUG -     gz_id=8000126 'santiago machaca' score=1.000 nombre=False saint_only=True terr= phase=auto_adopt
2025-12-30 09:37:57 - matching_Balmis - DEBUG -     gz_id=2000094 'santiago' score=1.000 nombre=True saint_only=False terr= phase=auto_adopt
2025-12-30 09:37:57 - matching_Balmis - DEBUG -     gz_id=2000094 'santiago' score=1.000 nombre=True saint_only=False terr= phase=auto_adopt
2025-12-30 09:37:57 - matching_Balmis - DEBUG -     gz_id=2000094 'santiago' score=1.000 nombre=True saint_only=False terr= phase=auto_adopt
2025-12-30 09:37:57 - matching_Balmis - DEBUG -     gz_id=1002371 'santiago rio' score=1.000 nombre=False saint_only=True terr= phase=auto_adopt
2025-12-30 09:37:57 - matching_Balmis - DEBUG -     gz_id=1002371 'santiago rio' score=1.000 nombre=False saint_only=True terr= phase=auto_adopt
2025-12-30 09:37:57 - matching_Balmis - DEBUG -     gz_id=1004027 'santiago' score=1.000 nombre=True saint_only=False terr= phase=auto_adopt
2025-12-30 09:37:57 - matching_Balmis - DEBUG -     gz_id=1004027 'santiago' score=1.000 nombre=True saint_only=False terr= phase=auto_adopt
2025-12-30 09:37:57 - matching_Balmis - DEBUG -     gz_id=8000258 'santiago' score=1.000 nombre=False saint_only=True terr= phase=auto_adopt
2025-12-30 09:37:57 - matching_Balmis - DEBUG -     gz_id=8000258 'santiago' score=1.000 nombre=False saint_only=True terr= phase=auto_adopt
2025-12-30 09:37:57 - matching_Balmis - DEBUG -     gz_id=8000258 'santiago' score=1.000 nombre=False saint_only=True terr= phase=auto_adopt
2025-12-30 09:37:57 - matching_Balmis - DEBUG -     gz_id=8000258 'santiago' score=1.000 nombre=False saint_only=True terr= phase=auto_adopt
2025-12-30 09:37:57 - matching_Balmis - DEBUG -     gz_id=6000489 'santiago' score=1.000 nombre=True saint_only=False terr= phase=auto_adopt
2025-12-30 09:37:57 - matching_Balmis - DEBUG -     gz_id=6000489 'santiago' score=1.000 nombre=True saint_only=False terr= phase=auto_adopt
2025-12-30 09:37:57 - matching_Balmis - DEBUG -     gz_id=9900260 'santiago' score=1.000 nombre=True saint_only=False terr= phase=auto_adopt
2025-12-30 09:37:57 - matching_Balmis - DEBUG -     gz_id=9900260 'santiago' score=1.000 nombre=True saint_only=False terr= phase=auto_adopt
2025-12-30 09:37:57 - matching_Balmis - DEBUG -     gz_id=9900260 'santiago' score=1.000 nombre=True saint_only=False terr= phase=auto_adopt
2025-12-30 09:37:57 - matching_Balmis - DEBUG -     gz_id=9900260 'santiago' score=1.000 nombre=True saint_only=False terr= phase=auto_adopt
2025-12-30 09:37:57 - matching_Balmis - DEBUG -     gz_id=9900260 'santiago' score=1.000 nombre=True saint_only=False terr= phase=auto_adopt
2025-12-30 09:37:57 - matching_Balmis - DEBUG -     gz_id=1002444 'santiago jicaian' score=1.000 nombre=False saint_only=True terr= phase=auto_adopt
2025-12-30 09:37:57 - matching_Balmis - DEBUG -     gz_id=1002444 'santiago jicaian' score=1.000 nombre=False saint_only=True terr= phase=auto_adopt
2025-12-30 09:37:57 - matching_Balmis - DEBUG -     gz_id=9900312 'santiago pacahuara' score=1.000 nombre=False saint_only=True terr= phase=auto_adopt
2025-12-30 09:37:57 - matching_Balmis - DEBUG -     gz_id=2000305 'santiago sacatepeques' score=1.000 nombre=False saint_only=True terr= phase=auto_adopt
2025-12-30 09:37:57 - matching_Balmis - DEBUG -     gz_id=2000305 'santiago sacatepeques' score=1.000 nombre=False saint_only=True terr= phase=auto_adopt
2025-12-30 09:37:57 - matching_Balmis - DEBUG -     gz_id=1002562 'santiago jilotepec' score=1.000 nombre=False saint_only=True terr= phase=auto_adopt
2025-12-30 09:37:57 - matching_Balmis - DEBUG -     gz_id=1002562 'santiago jilotepec' score=1.000 nombre=False saint_only=True terr= phase=auto_adopt
2025-12-30 09:37:57 - matching_Balmis - DEBUG -     gz_id=1002562 'santiago jilotepec' score=1.000 nombre=False saint_only=True terr= phase=auto_adopt
2025-12-30 09:37:57 - matching_Balmis - DEBUG -     gz_id=6000644 'santiago' score=1.000 nombre=True saint_only=False terr= phase=auto_adopt
2025-12-30 09:37:57 - matching_Balmis - DEBUG -     gz_id=6000644 'santiago' score=1.000 nombre=True saint_only=False terr= phase=auto_adopt
2025-12-30 09:37:57 - matching_Balmis - DEBUG -     gz_id=2000426 'santiago matapas' score=1.000 nombre=False saint_only=True terr= phase=auto_adopt
2025-12-30 09:37:57 - matching_Balmis - DEBUG -     gz_id=2000426 'santiago matapas' score=1.000 nombre=False saint_only=True terr= phase=auto_adopt
2025-12-30 09:37:57 - matching_Balmis - DEBUG -     gz_id=2000426 'santiago matapas' score=1.000 nombre=False saint_only=True terr= phase=auto_adopt
2025-12-30 09:37:57 - matching_Balmis - DEBUG -     gz_id=8000436 'santiago' score=1.000 nombre=True saint_only=False terr= phase=auto_adopt
2025-12-30 09:37:57 - matching_Balmis - DEBUG -     gz_id=5600119 'santiago' score=1.000 nombre=False saint_only=True terr= phase=auto_adopt
2025-12-30 09:37:57 - matching_Balmis - DEBUG -     gz_id=5600119 'santiago' score=1.000 nombre=False saint_only=True terr= phase=auto_adopt
2025-12-30 09:37:57 - matching_Balmis - DEBUG -     gz_id=5600119 'santiago' score=1.000 nombre=False saint_only=True terr= phase=auto_adopt
2025-12-30 09:37:57 - matching_Balmis - DEBUG -     gz_id=5600119 'santiago' score=1.000 nombre=False saint_only=True terr= phase=auto_adopt
2025-12-30 09:37:57 - matching_Balmis - DEBUG -     gz_id=5600119 'santiago' score=1.000 nombre=False saint_only=True terr= phase=auto_adopt
2025-12-30 09:37:57 - matching_Balmis - DEBUG -     gz_id=2000462 'santiago tejacuangos' score=1.000 nombre=False saint_only=True terr= phase=auto_adopt
2025-12-30 09:37:57 - matching_Balmis - DEBUG -     gz_id=2000462 'santiago tejacuangos' score=1.000 nombre=False saint_only=True terr= phase=auto_adopt
2025-12-30 09:37:57 - matching_Balmis - DEBUG -     gz_id=1002613 'santiago' score=1.000 nombre=False saint_only=True terr= phase=auto_adopt
2025-12-30 09:37:57 - matching_Balmis - DEBUG -     gz_id=1002613 'santiago' score=1.000 nombre=False saint_only=True terr= phase=auto_adopt
2025-12-30 09:37:57 - matching_Balmis - DEBUG -     gz_id=1002705 'santiago ixtaltepec' score=1.000 nombre=False saint_only=True terr= phase=auto_adopt
2025-12-30 09:37:57 - matching_Balmis - DEBUG -     gz_id=1002705 'santiago ixtaltepec' score=1.000 nombre=False saint_only=True terr= phase=auto_adopt
2025-12-30 09:37:57 - matching_Balmis - DEBUG -     gz_id=1002739 'santiago menor' score=1.000 nombre=False saint_only=True terr= phase=auto_adopt
2025-12-30 09:37:57 - matching_Balmis - DEBUG -     gz_id=1002739 'santiago menor' score=1.000 nombre=False saint_only=True terr= phase=auto_adopt
2025-12-30 09:37:57 - matching_Balmis - DEBUG -     gz_id=1002789 'santiago ixtaltepec' score=1.000 nombre=False saint_only=True terr= phase=auto_adopt
2025-12-30 09:37:57 - matching_Balmis - DEBUG -     gz_id=1002789 'santiago ixtaltepec' score=1.000 nombre=False saint_only=True terr= phase=auto_adopt
2025-12-30 09:37:57 - matching_Balmis - DEBUG -     gz_id=1001116 'san felipe i santiago' score=1.000 nombre=False saint_only=True terr= phase=auto_adopt
2025-12-30 09:37:57 - matching_Balmis - DEBUG -     gz_id=1001116 'san felipe i santiago' score=1.000 nombre=False saint_only=True terr= phase=auto_adopt
2025-12-30 09:37:57 - matching_Balmis - DEBUG -     gz_id=1001161 'santiago' score=1.000 nombre=False saint_only=True terr= phase=auto_adopt
2025-12-30 09:37:57 - matching_Balmis - DEBUG -     gz_id=1001161 'santiago' score=1.000 nombre=False saint_only=True terr= phase=auto_adopt
2025-12-30 09:37:57 - matching_Balmis - DEBUG -     gz_id=1001189 'san felipe santiago' score=1.000 nombre=False saint_only=False terr= phase=candidate
2025-12-30 09:37:57 - matching_Balmis - DEBUG -     gz_id=1001189 'san felipe santiago' score=1.000 nombre=False saint_only=False terr= phase=candidate
2025-12-30 09:37:57 - matching_Balmis - DEBUG -     gz_id=1001189 'san felipe santiago' score=1.000 nombre=False saint_only=False terr= phase=candidate
2025-12-30 09:37:57 - matching_Balmis - DEBUG -     gz_id=1001199 'santiago monte' score=1.000 nombre=False saint_only=True terr= phase=auto_adopt
2025-12-30 09:37:57 - matching_Balmis - DEBUG -     gz_id=1001199 'santiago monte' score=1.000 nombre=False saint_only=True terr= phase=auto_adopt
2025-12-30 09:37:57 - matching_Balmis - DEBUG -     gz_id=1001199 'santiago monte' score=1.000 nombre=False saint_only=True terr= phase=auto_adopt
2025-12-30 09:37:57 - matching_Balmis - DEBUG -     gz_id=8000673 'santiago' score=1.000 nombre=False saint_only=True terr= phase=auto_adopt
2025-12-30 09:37:57 - matching_Balmis - DEBUG -     gz_id=8000673 'santiago' score=1.000 nombre=False saint_only=True terr= phase=auto_adopt
2025-12-30 09:37:57 - matching_Balmis - DEBUG -     gz_id=8000673 'santiago' score=1.000 nombre=False saint_only=True terr= phase=auto_adopt
2025-12-30 09:37:57 - matching_Balmis - DEBUG -     gz_id=2000737 'santiago' score=1.000 nombre=False saint_only=True terr= phase=auto_adopt
2025-12-30 09:37:57 - matching_Balmis - DEBUG -     gz_id=2000737 'santiago' score=1.000 nombre=False saint_only=True terr= phase=auto_adopt
2025-12-30 09:37:57 - matching_Balmis - DEBUG -     gz_id=9000017 'santiago' score=1.000 nombre=False saint_only=True terr= phase=auto_adopt
2025-12-30 09:37:57 - matching_Balmis - DEBUG -     gz_id=9000017 'santiago' score=1.000 nombre=False saint_only=True terr= phase=auto_adopt
2025-12-30 09:37:57 - matching_Balmis - DEBUG -     gz_id=9000017 'santiago' score=1.000 nombre=False saint_only=True terr= phase=auto_adopt
2025-12-30 09:37:57 - matching_Balmis - DEBUG -     gz_id=9000017 'santiago' score=1.000 nombre=False saint_only=True terr= phase=auto_adopt
2025-12-30 09:37:57 - matching_Balmis - DEBUG -     gz_id=9000047 'santiago' score=1.000 nombre=True saint_only=False terr= phase=auto_adopt
2025-12-30 09:37:57 - matching_Balmis - DEBUG -     gz_id=9000047 'santiago' score=1.000 nombre=True saint_only=False terr= phase=auto_adopt
2025-12-30 09:37:57 - matching_Balmis - DEBUG -     gz_id=9000047 'santiago' score=1.000 nombre=True saint_only=False terr= phase=auto_adopt
2025-12-30 09:37:57 - matching_Balmis - DEBUG -     gz_id=9000047 'santiago' score=1.000 nombre=True saint_only=False terr= phase=auto_adopt
2025-12-30 09:37:57 - matching_Balmis - DEBUG -     gz_id=9000047 'santiago' score=1.000 nombre=True saint_only=False terr= phase=auto_adopt
2025-12-30 09:37:57 - matching_Balmis - DEBUG -     gz_id=9000047 'santiago' score=1.000 nombre=True saint_only=False terr= phase=auto_adopt
2025-12-30 09:37:57 - matching_Balmis - DEBUG -     gz_id=9000047 'santiago' score=1.000 nombre=True saint_only=False terr= phase=auto_adopt
2025-12-30 09:37:57 - matching_Balmis - DEBUG -     gz_id=9000047 'santiago' score=1.000 nombre=True saint_only=False terr= phase=auto_adopt
2025-12-30 09:37:57 - matching_Balmis - DEBUG -     gz_id=9000047 'santiago' score=1.000 nombre=True saint_only=False terr= phase=auto_adopt
2025-12-30 09:37:57 - matching_Balmis - DEBUG -     gz_id=2000862 'santiago' score=1.000 nombre=True saint_only=False terr= phase=auto_adopt
2025-12-30 09:37:57 - matching_Balmis - DEBUG -     gz_id=2000862 'santiago' score=1.000 nombre=True saint_only=False terr= phase=auto_adopt
2025-12-30 09:37:57 - matching_Balmis - DEBUG -     gz_id=2000862 'santiago' score=1.000 nombre=True saint_only=False terr= phase=auto_adopt
2025-12-30 09:37:57 - matching_Balmis - DEBUG -     gz_id=1004713 'barrio santiago' score=1.000 nombre=False saint_only=True terr= phase=auto_adopt
2025-12-30 09:37:57 - matching_Balmis - DEBUG -     gz_id=1004713 'barrio santiago' score=1.000 nombre=False saint_only=True terr= phase=auto_adopt
2025-12-30 09:37:57 - matching_Balmis - DEBUG -     gz_id=9000143 'dolores i santiago' score=1.000 nombre=False saint_only=True terr= phase=auto_adopt
2025-12-30 09:37:57 - matching_Balmis - DEBUG -     gz_id=3000028 'santiago begas' score=1.000 nombre=False saint_only=True terr= phase=auto_adopt
2025-12-30 09:37:57 - matching_Balmis - DEBUG -     gz_id=3000028 'santiago begas' score=1.000 nombre=False saint_only=True terr= phase=auto_adopt
2025-12-30 09:37:57 - matching_Balmis - DEBUG -     gz_id=3000028 'santiago begas' score=1.000 nombre=False saint_only=True terr= phase=auto_adopt
2025-12-30 09:37:57 - matching_Balmis - DEBUG -     gz_id=3000028 'santiago begas' score=1.000 nombre=False saint_only=True terr= phase=auto_adopt
2025-12-30 09:37:57 - matching_Balmis - DEBUG -     gz_id=3000029 'san felipe i santiago' score=1.000 nombre=False saint_only=True terr= phase=auto_adopt
2025-12-30 09:37:57 - matching_Balmis - DEBUG -     gz_id=3000029 'san felipe i santiago' score=1.000 nombre=False saint_only=True terr= phase=auto_adopt
2025-12-30 09:37:57 - matching_Balmis - DEBUG -     gz_id=3000029 'san felipe i santiago' score=1.000 nombre=False saint_only=True terr= phase=auto_adopt
2025-12-30 09:37:57 - matching_Balmis - DEBUG -     gz_id=5600456 'santiago' score=1.000 nombre=True saint_only=False terr= phase=auto_adopt
2025-12-30 09:37:57 - matching_Balmis - DEBUG -     gz_id=5600456 'santiago' score=1.000 nombre=True saint_only=False terr= phase=auto_adopt
2025-12-30 09:37:57 - matching_Balmis - DEBUG -     gz_id=5600456 'santiago' score=1.000 nombre=True saint_only=False terr= phase=auto_adopt
2025-12-30 09:37:57 - matching_Balmis - DEBUG -     gz_id=5600456 'santiago' score=1.000 nombre=True saint_only=False terr= phase=auto_adopt
2025-12-30 09:37:57 - matching_Balmis - DEBUG -     gz_id=1004814 'santiago' score=1.000 nombre=False saint_only=True terr= phase=auto_adopt
2025-12-30 09:37:57 - matching_Balmis - DEBUG -     gz_id=6001415 'sana' score=1.000 nombre=False saint_only=True terr= phase=auto_adopt
2025-12-30 09:37:57 - matching_Balmis - DEBUG -     gz_id=6001415 'sana' score=1.000 nombre=False saint_only=True terr= phase=auto_adopt
2025-12-30 09:37:57 - matching_Balmis - DEBUG -     gz_id=1004482 'dsan' score=1.000 nombre=False saint_only=True terr= phase=auto_adopt
2025-12-30 09:37:57 - matching_Balmis - DEBUG -     gz_id=1004482 'dsan' score=1.000 nombre=False saint_only=True terr= phase=auto_adopt
2025-12-30 09:37:57 - matching_Balmis - DEBUG -     gz_id=1004482 'dsan' score=1.000 nombre=False saint_only=True terr= phase=auto_adopt
2025-12-30 09:37:57 - matching_Balmis - DEBUG -     gz_id=1003011 'iagallo' score=1.000 nombre=False saint_only=True terr= phase=auto_adopt
2025-12-30 09:37:57 - matching_Balmis - DEBUG -     gz_id=1003011 'iagallo' score=1.000 nombre=False saint_only=True terr= phase=auto_adopt
2025-12-30 09:37:57 - matching_Balmis - INFO -   Before dedup: 184 candidates
2025-12-30 09:37:57 - matching_Balmis - INFO -   After dedup: 67 unique gz_ids
2025-12-30 09:37:57 - matching_Balmis - INFO -   Nombre matches (exact on lugar_nombre): 20
2025-12-30 09:37:57 - matching_Balmis - INFO -   Saint-only matches: 45
2025-12-30 09:37:57 - matching_Balmis - INFO -   Substantive matches: 22
2025-12-30 09:37:57 - matching_Balmis - INFO -   ✅ NOMBRE PRIORITY: Keeping ONLY 20 nombre matches, discarding 2 others
2025-12-30 09:37:57 - matching_Balmis - INFO -      gz_id=5000144: Santiago
2025-12-30 09:37:57 - matching_Balmis - INFO -      gz_id=1001790: Santiago
2025-12-30 09:37:57 - matching_Balmis - INFO -      gz_id=1005063: Santiago
2025-12-30 09:37:57 - matching_Balmis - INFO -      gz_id=5600664: Santiago
2025-12-30 09:37:57 - matching_Balmis - INFO -      gz_id=1001924: Santiago
2025-12-30 09:37:57 - matching_Balmis - INFO -      gz_id=5000286: Santiago
2025-12-30 09:37:57 - matching_Balmis - INFO -      gz_id=5600754: Santiago
2025-12-30 09:37:57 - matching_Balmis - INFO -      gz_id=1003815: Santiago
2025-12-30 09:37:57 - matching_Balmis - INFO -      gz_id=1000500: Santiago
2025-12-30 09:37:57 - matching_Balmis - INFO -      gz_id=1005456: Santiago
2025-12-30 09:37:57 - matching_Balmis - INFO -      gz_id=1000572: Santiago
2025-12-30 09:37:57 - matching_Balmis - INFO -      gz_id=8000436: Santiago
2025-12-30 09:37:57 - matching_Balmis - INFO -      gz_id=2000094: Santiago
2025-12-30 09:37:57 - matching_Balmis - INFO -      gz_id=1004027: Santiago
2025-12-30 09:37:57 - matching_Balmis - INFO -      gz_id=6000489: Santiago
2025-12-30 09:37:57 - matching_Balmis - INFO -      gz_id=9900260: Santiago
2025-12-30 09:37:57 - matching_Balmis - INFO -      gz_id=6000644: Santiago
2025-12-30 09:37:57 - matching_Balmis - INFO -      gz_id=9000047: Santiago
2025-12-30 09:37:57 - matching_Balmis - INFO -      gz_id=2000862: Santiago
2025-12-30 09:37:57 - matching_Balmis - INFO -      gz_id=5600456: Santiago
2025-12-30 09:37:57 - matching_Balmis - INFO -   Input has territorial data: True
2025-12-30 09:37:57 - matching_Balmis - INFO -   Candidates with territory match: 0
2025-12-30 09:37:57 - matching_Balmis - INFO -   No territorial filtering applied (no matching territories found)
2025-12-30 09:37:57 - matching_Balmis - INFO -   Auto-adopt candidates: 0
2025-12-30 09:37:57 - matching_Balmis - INFO -   Valid candidates (phase=candidate): 0
2025-12-30 09:37:57 - matching_Balmis - WARNING -   No valid candidates after phase filtering - relegated
2025-12-30 09:37:57 - matching_Balmis - INFO - 
============================================================
2025-12-30 09:37:57 - matching_Balmis - INFO - Processing rowID=68: 'Talca' -> cleaned: 'talca'
2025-12-30 09:37:57 - matching_Balmis - INFO -   Token-based candidates: 6
2025-12-30 09:37:57 - matching_Balmis - INFO -   Fuzzy matches (score >= 70, limit=500): 6
2025-12-30 09:37:57 - matching_Balmis - DEBUG -     gz_id=9901219 'san antonio talca' score=1.000 nombre=False saint_only=False terr=adm0_iso_exact phase=auto_adopt
2025-12-30 09:37:57 - matching_Balmis - DEBUG -     gz_id=7000175 'talca' score=1.000 nombre=False saint_only=False terr=adm0_iso_exact phase=auto_adopt
2025-12-30 09:37:57 - matching_Balmis - DEBUG -     gz_id=7000098 'quebrada talca' score=1.000 nombre=False saint_only=False terr=adm0_iso_exact phase=auto_adopt
2025-12-30 09:37:57 - matching_Balmis - DEBUG -     gz_id=7000098 'quebrada talca' score=1.000 nombre=False saint_only=False terr=adm0_iso_exact phase=auto_adopt
2025-12-30 09:37:57 - matching_Balmis - DEBUG -     gz_id=7000175 'talca' score=1.000 nombre=False saint_only=False terr=adm0_iso_exact phase=auto_adopt
2025-12-30 09:37:57 - matching_Balmis - DEBUG -     gz_id=9901219 'san antonio talca' score=1.000 nombre=False saint_only=False terr=adm0_iso_exact phase=auto_adopt
2025-12-30 09:37:57 - matching_Balmis - INFO -   Before dedup: 6 candidates
2025-12-30 09:37:57 - matching_Balmis - INFO -   After dedup: 3 unique gz_ids
2025-12-30 09:37:57 - matching_Balmis - INFO -   Nombre matches (exact on lugar_nombre): 0
2025-12-30 09:37:57 - matching_Balmis - INFO -   Saint-only matches: 0
2025-12-30 09:37:57 - matching_Balmis - INFO -   Substantive matches: 3
2025-12-30 09:37:57 - matching_Balmis - INFO -   Input has territorial data: True
2025-12-30 09:37:57 - matching_Balmis - INFO -   Candidates with territory match: 3
2025-12-30 09:37:57 - matching_Balmis - INFO -   After territorial filter (keeping adm0): 3 candidates
2025-12-30 09:37:57 - matching_Balmis - INFO -   Auto-adopt candidates: 3
2025-12-30 09:37:57 - matching_Balmis - INFO -   Multiple auto-adopts, keeping as candidates
2025-12-30 09:37:57 - matching_Balmis - INFO - 
============================================================
2025-12-30 09:37:57 - matching_Balmis - INFO - Processing rowID=69: 'Concepción' -> cleaned: 'concepcion'
2025-12-30 09:37:57 - matching_Balmis - INFO -   Token-based candidates: 530
2025-12-30 09:37:57 - matching_Balmis - INFO -   Fuzzy matches (score >= 70, limit=500): 138
2025-12-30 09:37:57 - matching_Balmis - DEBUG -     gz_id=9000231 'concepcion' score=1.000 nombre=False saint_only=True terr= phase=auto_adopt
2025-12-30 09:37:57 - matching_Balmis - DEBUG -     gz_id=9000231 'concepcion' score=1.000 nombre=False saint_only=True terr= phase=auto_adopt
2025-12-30 09:37:57 - matching_Balmis - DEBUG -     gz_id=9000231 'concepcion' score=1.000 nombre=False saint_only=True terr= phase=auto_adopt
2025-12-30 09:37:57 - matching_Balmis - DEBUG -     gz_id=9000231 'concepcion' score=1.000 nombre=False saint_only=True terr= phase=auto_adopt
2025-12-30 09:37:57 - matching_Balmis - DEBUG -     gz_id=6000438 'concepcion' score=1.000 nombre=True saint_only=False terr= phase=auto_adopt
2025-12-30 09:37:57 - matching_Balmis - DEBUG -     gz_id=6000438 'concepcion' score=1.000 nombre=True saint_only=False terr= phase=auto_adopt
2025-12-30 09:37:57 - matching_Balmis - DEBUG -     gz_id=9000265 'concepcion' score=1.000 nombre=True saint_only=False terr= phase=auto_adopt
2025-12-30 09:37:57 - matching_Balmis - DEBUG -     gz_id=8000255 'concepcion' score=1.000 nombre=True saint_only=False terr= phase=auto_adopt
2025-12-30 09:37:57 - matching_Balmis - DEBUG -     gz_id=8000255 'concepcion' score=1.000 nombre=True saint_only=False terr= phase=auto_adopt
2025-12-30 09:37:57 - matching_Balmis - DEBUG -     gz_id=5600530 'concepcion' score=1.000 nombre=True saint_only=False terr= phase=auto_adopt
2025-12-30 09:37:57 - matching_Balmis - DEBUG -     gz_id=5600530 'concepcion' score=1.000 nombre=True saint_only=False terr= phase=auto_adopt
2025-12-30 09:37:57 - matching_Balmis - DEBUG -     gz_id=5600530 'concepcion' score=1.000 nombre=True saint_only=False terr= phase=auto_adopt
2025-12-30 09:37:57 - matching_Balmis - DEBUG -     gz_id=5600530 'concepcion' score=1.000 nombre=True saint_only=False terr= phase=auto_adopt
2025-12-30 09:37:57 - matching_Balmis - DEBUG -     gz_id=5600530 'concepcion' score=1.000 nombre=True saint_only=False terr= phase=auto_adopt
2025-12-30 09:37:57 - matching_Balmis - DEBUG -     gz_id=8000255 'concepcion' score=1.000 nombre=True saint_only=False terr= phase=auto_adopt
2025-12-30 09:37:57 - matching_Balmis - DEBUG -     gz_id=8000255 'concepcion' score=1.000 nombre=True saint_only=False terr= phase=auto_adopt
2025-12-30 09:37:57 - matching_Balmis - DEBUG -     gz_id=8000264 'concepcion' score=1.000 nombre=True saint_only=False terr= phase=auto_adopt
2025-12-30 09:37:57 - matching_Balmis - DEBUG -     gz_id=8000264 'concepcion' score=1.000 nombre=True saint_only=False terr= phase=auto_adopt
2025-12-30 09:37:57 - matching_Balmis - DEBUG -     gz_id=8000264 'concepcion' score=1.000 nombre=True saint_only=False terr= phase=auto_adopt
2025-12-30 09:37:57 - matching_Balmis - DEBUG -     gz_id=8000264 'concepcion' score=1.000 nombre=True saint_only=False terr= phase=auto_adopt
2025-12-30 09:37:57 - matching_Balmis - DEBUG -     gz_id=4000288 'concepcion caura' score=1.000 nombre=False saint_only=True terr= phase=auto_adopt
2025-12-30 09:37:58 - matching_Balmis - DEBUG -     gz_id=4000288 'concepcion caura' score=1.000 nombre=False saint_only=True terr= phase=auto_adopt
2025-12-30 09:37:58 - matching_Balmis - DEBUG -     gz_id=4000288 'concepcion caura' score=1.000 nombre=False saint_only=True terr= phase=auto_adopt
2025-12-30 09:37:58 - matching_Balmis - DEBUG -     gz_id=4000288 'concepcion caura' score=1.000 nombre=False saint_only=True terr= phase=auto_adopt
2025-12-30 09:37:58 - matching_Balmis - DEBUG -     gz_id=6000515 'concepcion' score=1.000 nombre=True saint_only=False terr= phase=auto_adopt
2025-12-30 09:37:58 - matching_Balmis - DEBUG -     gz_id=5000097 'concepcion' score=1.000 nombre=True saint_only=False terr= phase=auto_adopt
2025-12-30 09:37:58 - matching_Balmis - DEBUG -     gz_id=5000097 'concepcion' score=1.000 nombre=True saint_only=False terr= phase=auto_adopt
2025-12-30 09:37:58 - matching_Balmis - DEBUG -     gz_id=5000097 'concepcion' score=1.000 nombre=True saint_only=False terr= phase=auto_adopt
2025-12-30 09:37:58 - matching_Balmis - DEBUG -     gz_id=6000515 'concepcion' score=1.000 nombre=True saint_only=False terr= phase=auto_adopt
2025-12-30 09:37:58 - matching_Balmis - DEBUG -     gz_id=6000533 'concepcion caja' score=1.000 nombre=False saint_only=True terr= phase=auto_adopt
2025-12-30 09:37:58 - matching_Balmis - DEBUG -     gz_id=6000533 'concepcion caja' score=1.000 nombre=False saint_only=True terr= phase=auto_adopt
2025-12-30 09:37:58 - matching_Balmis - DEBUG -     gz_id=5600596 'concepcion' score=1.000 nombre=False saint_only=True terr= phase=auto_adopt
2025-12-30 09:37:58 - matching_Balmis - DEBUG -     gz_id=5600596 'concepcion' score=1.000 nombre=False saint_only=True terr= phase=auto_adopt
2025-12-30 09:37:58 - matching_Balmis - DEBUG -     gz_id=5600596 'concepcion' score=1.000 nombre=False saint_only=True terr= phase=auto_adopt
2025-12-30 09:37:58 - matching_Balmis - DEBUG -     gz_id=5600596 'concepcion' score=1.000 nombre=False saint_only=True terr= phase=auto_adopt
2025-12-30 09:37:58 - matching_Balmis - DEBUG -     gz_id=5600596 'concepcion' score=1.000 nombre=False saint_only=True terr= phase=auto_adopt
2025-12-30 09:37:58 - matching_Balmis - DEBUG -     gz_id=5600596 'concepcion' score=1.000 nombre=False saint_only=True terr= phase=auto_adopt
2025-12-30 09:37:58 - matching_Balmis - DEBUG -     gz_id=5600596 'concepcion' score=1.000 nombre=False saint_only=True terr= phase=auto_adopt
2025-12-30 09:37:58 - matching_Balmis - DEBUG -     gz_id=2000352 'concepcion' score=1.000 nombre=False saint_only=True terr= phase=auto_adopt
2025-12-30 09:37:58 - matching_Balmis - DEBUG -     gz_id=7000002 'concepcion' score=1.000 nombre=True saint_only=False terr=adm0_iso_exact phase=auto_adopt
2025-12-30 09:37:58 - matching_Balmis - DEBUG -     gz_id=7000002 'concepcion' score=1.000 nombre=True saint_only=False terr=adm0_iso_exact phase=auto_adopt
2025-12-30 09:37:58 - matching_Balmis - DEBUG -     gz_id=2000391 'concepcion' score=1.000 nombre=True saint_only=False terr= phase=auto_adopt
2025-12-30 09:37:58 - matching_Balmis - DEBUG -     gz_id=5600642 'concepcion' score=1.000 nombre=True saint_only=False terr= phase=auto_adopt
2025-12-30 09:37:58 - matching_Balmis - DEBUG -     gz_id=5600642 'concepcion' score=1.000 nombre=True saint_only=False terr= phase=auto_adopt
2025-12-30 09:37:58 - matching_Balmis - DEBUG -     gz_id=5600642 'concepcion' score=1.000 nombre=True saint_only=False terr= phase=auto_adopt
2025-12-30 09:37:58 - matching_Balmis - DEBUG -     gz_id=1002680 'concepcion papalo' score=1.000 nombre=False saint_only=True terr= phase=auto_adopt
2025-12-30 09:37:58 - matching_Balmis - DEBUG -     gz_id=1002680 'concepcion papalo' score=1.000 nombre=False saint_only=True terr= phase=auto_adopt
2025-12-30 09:37:58 - matching_Balmis - DEBUG -     gz_id=1001017 'concepcion' score=1.000 nombre=True saint_only=False terr= phase=auto_adopt
2025-12-30 09:37:58 - matching_Balmis - DEBUG -     gz_id=1001017 'concepcion' score=1.000 nombre=True saint_only=False terr= phase=auto_adopt
2025-12-30 09:37:58 - matching_Balmis - DEBUG -     gz_id=1000275 'concepcion tubares' score=1.000 nombre=False saint_only=True terr= phase=auto_adopt
2025-12-30 09:37:58 - matching_Balmis - DEBUG -     gz_id=1000275 'concepcion tubares' score=1.000 nombre=False saint_only=True terr= phase=auto_adopt
2025-12-30 09:37:58 - matching_Balmis - DEBUG -     gz_id=1000275 'concepcion tubares' score=1.000 nombre=False saint_only=True terr= phase=auto_adopt
2025-12-30 09:37:58 - matching_Balmis - DEBUG -     gz_id=1000275 'concepcion tubares' score=1.000 nombre=False saint_only=True terr= phase=auto_adopt
2025-12-30 09:37:58 - matching_Balmis - DEBUG -     gz_id=1000275 'concepcion tubares' score=1.000 nombre=False saint_only=True terr= phase=auto_adopt
2025-12-30 09:37:58 - matching_Balmis - DEBUG -     gz_id=1000275 'concepcion tubares' score=1.000 nombre=False saint_only=True terr= phase=auto_adopt
2025-12-30 09:37:58 - matching_Balmis - DEBUG -     gz_id=1005190 'concepcion' score=1.000 nombre=True saint_only=False terr= phase=auto_adopt
2025-12-30 09:37:58 - matching_Balmis - DEBUG -     gz_id=1005190 'concepcion' score=1.000 nombre=True saint_only=False terr= phase=auto_adopt
2025-12-30 09:37:58 - matching_Balmis - DEBUG -     gz_id=1005190 'concepcion' score=1.000 nombre=True saint_only=False terr= phase=auto_adopt
2025-12-30 09:37:58 - matching_Balmis - DEBUG -     gz_id=1001094 'concepcion banos' score=1.000 nombre=False saint_only=True terr= phase=auto_adopt
2025-12-30 09:37:58 - matching_Balmis - DEBUG -     gz_id=1001094 'concepcion banos' score=1.000 nombre=False saint_only=True terr= phase=auto_adopt
2025-12-30 09:37:58 - matching_Balmis - DEBUG -     gz_id=1002777 'concepcion' score=1.000 nombre=False saint_only=True terr= phase=auto_adopt
2025-12-30 09:37:58 - matching_Balmis - DEBUG -     gz_id=1002777 'concepcion' score=1.000 nombre=False saint_only=True terr= phase=auto_adopt
2025-12-30 09:37:58 - matching_Balmis - DEBUG -     gz_id=1004416 'concepcion' score=1.000 nombre=True saint_only=False terr= phase=auto_adopt
2025-12-30 09:37:58 - matching_Balmis - DEBUG -     gz_id=9900807 'concepcion' score=1.000 nombre=True saint_only=False terr= phase=auto_adopt
2025-12-30 09:37:58 - matching_Balmis - DEBUG -     gz_id=9900807 'concepcion' score=1.000 nombre=True saint_only=False terr= phase=auto_adopt
2025-12-30 09:37:58 - matching_Balmis - DEBUG -     gz_id=9900807 'concepcion' score=1.000 nombre=True saint_only=False terr= phase=auto_adopt
2025-12-30 09:37:58 - matching_Balmis - DEBUG -     gz_id=8000671 'concepcion' score=1.000 nombre=False saint_only=True terr= phase=auto_adopt
2025-12-30 09:37:58 - matching_Balmis - DEBUG -     gz_id=8000671 'concepcion' score=1.000 nombre=False saint_only=True terr= phase=auto_adopt
2025-12-30 09:37:58 - matching_Balmis - DEBUG -     gz_id=8000671 'concepcion' score=1.000 nombre=False saint_only=True terr= phase=auto_adopt
2025-12-30 09:37:58 - matching_Balmis - DEBUG -     gz_id=1005298 'concepcion' score=1.000 nombre=True saint_only=False terr= phase=auto_adopt
2025-12-30 09:37:58 - matching_Balmis - DEBUG -     gz_id=1005298 'concepcion' score=1.000 nombre=True saint_only=False terr= phase=auto_adopt
2025-12-30 09:37:58 - matching_Balmis - DEBUG -     gz_id=2000683 'concepcion' score=1.000 nombre=False saint_only=True terr= phase=auto_adopt
2025-12-30 09:37:58 - matching_Balmis - DEBUG -     gz_id=2000683 'concepcion' score=1.000 nombre=False saint_only=True terr= phase=auto_adopt
2025-12-30 09:37:58 - matching_Balmis - DEBUG -     gz_id=2000683 'concepcion' score=1.000 nombre=False saint_only=True terr= phase=auto_adopt
2025-12-30 09:37:58 - matching_Balmis - DEBUG -     gz_id=9000007 'concepcion' score=1.000 nombre=False saint_only=True terr= phase=auto_adopt
2025-12-30 09:37:58 - matching_Balmis - DEBUG -     gz_id=9000007 'concepcion' score=1.000 nombre=False saint_only=True terr= phase=auto_adopt
2025-12-30 09:37:58 - matching_Balmis - DEBUG -     gz_id=9000007 'concepcion' score=1.000 nombre=False saint_only=True terr= phase=auto_adopt
2025-12-30 09:37:58 - matching_Balmis - DEBUG -     gz_id=9000007 'concepcion' score=1.000 nombre=False saint_only=True terr= phase=auto_adopt
2025-12-30 09:37:58 - matching_Balmis - DEBUG -     gz_id=7000377 'concepcion' score=1.000 nombre=False saint_only=True terr=adm0_iso_exact phase=auto_adopt
2025-12-30 09:37:58 - matching_Balmis - DEBUG -     gz_id=7000377 'concepcion' score=1.000 nombre=False saint_only=True terr=adm0_iso_exact phase=auto_adopt
2025-12-30 09:37:58 - matching_Balmis - DEBUG -     gz_id=7000377 'concepcion' score=1.000 nombre=False saint_only=True terr=adm0_iso_exact phase=auto_adopt
2025-12-30 09:37:58 - matching_Balmis - DEBUG -     gz_id=9000696 'barrio concepcion' score=1.000 nombre=False saint_only=True terr= phase=auto_adopt
2025-12-30 09:37:58 - matching_Balmis - DEBUG -     gz_id=9000696 'barrio concepcion' score=1.000 nombre=False saint_only=True terr= phase=auto_adopt
2025-12-30 09:37:58 - matching_Balmis - DEBUG -     gz_id=9000696 'barrio concepcion' score=1.000 nombre=False saint_only=True terr= phase=auto_adopt
2025-12-30 09:37:58 - matching_Balmis - DEBUG -     gz_id=9000044 'concepcion' score=1.000 nombre=False saint_only=True terr= phase=auto_adopt
2025-12-30 09:37:58 - matching_Balmis - DEBUG -     gz_id=9000044 'concepcion' score=1.000 nombre=False saint_only=True terr= phase=auto_adopt
2025-12-30 09:37:58 - matching_Balmis - DEBUG -     gz_id=9000044 'concepcion' score=1.000 nombre=False saint_only=True terr= phase=auto_adopt
2025-12-30 09:37:58 - matching_Balmis - DEBUG -     gz_id=9000044 'concepcion' score=1.000 nombre=False saint_only=True terr= phase=auto_adopt
2025-12-30 09:37:58 - matching_Balmis - DEBUG -     gz_id=9000044 'concepcion' score=1.000 nombre=False saint_only=True terr= phase=auto_adopt
2025-12-30 09:37:58 - matching_Balmis - DEBUG -     gz_id=9000044 'concepcion' score=1.000 nombre=False saint_only=True terr= phase=auto_adopt
2025-12-30 09:37:58 - matching_Balmis - DEBUG -     gz_id=9000044 'concepcion' score=1.000 nombre=False saint_only=True terr= phase=auto_adopt
2025-12-30 09:37:58 - matching_Balmis - DEBUG -     gz_id=9000044 'concepcion' score=1.000 nombre=False saint_only=True terr= phase=auto_adopt
2025-12-30 09:37:58 - matching_Balmis - DEBUG -     gz_id=5000574 'concepcion' score=1.000 nombre=True saint_only=False terr= phase=auto_adopt
2025-12-30 09:37:58 - matching_Balmis - DEBUG -     gz_id=5000574 'concepcion' score=1.000 nombre=True saint_only=False terr= phase=auto_adopt
2025-12-30 09:37:58 - matching_Balmis - DEBUG -     gz_id=5000574 'concepcion' score=1.000 nombre=True saint_only=False terr= phase=auto_adopt
2025-12-30 09:37:58 - matching_Balmis - DEBUG -     gz_id=5000574 'concepcion' score=1.000 nombre=True saint_only=False terr= phase=auto_adopt
2025-12-30 09:37:58 - matching_Balmis - DEBUG -     gz_id=5000574 'concepcion' score=1.000 nombre=True saint_only=False terr= phase=auto_adopt
2025-12-30 09:37:58 - matching_Balmis - DEBUG -     gz_id=9900011 'concepcion' score=1.000 nombre=True saint_only=False terr= phase=auto_adopt
2025-12-30 09:37:58 - matching_Balmis - DEBUG -     gz_id=6001145 'concepcion' score=1.000 nombre=True saint_only=False terr= phase=auto_adopt
2025-12-30 09:37:58 - matching_Balmis - DEBUG -     gz_id=6001145 'concepcion' score=1.000 nombre=True saint_only=False terr= phase=auto_adopt
2025-12-30 09:37:58 - matching_Balmis - DEBUG -     gz_id=9900024 'concepcion' score=1.000 nombre=False saint_only=True terr= phase=auto_adopt
2025-12-30 09:37:58 - matching_Balmis - DEBUG -     gz_id=1005489 'concepcion' score=1.000 nombre=True saint_only=False terr= phase=auto_adopt
2025-12-30 09:37:58 - matching_Balmis - DEBUG -     gz_id=1005489 'concepcion' score=1.000 nombre=True saint_only=False terr= phase=auto_adopt
2025-12-30 09:37:58 - matching_Balmis - DEBUG -     gz_id=1005489 'concepcion' score=1.000 nombre=True saint_only=False terr= phase=auto_adopt
2025-12-30 09:37:58 - matching_Balmis - DEBUG -     gz_id=1005489 'concepcion' score=1.000 nombre=True saint_only=False terr= phase=auto_adopt
2025-12-30 09:37:58 - matching_Balmis - DEBUG -     gz_id=1005489 'concepcion' score=1.000 nombre=True saint_only=False terr= phase=auto_adopt
2025-12-30 09:37:58 - matching_Balmis - DEBUG -     gz_id=9900065 'realito concepcion' score=1.000 nombre=False saint_only=True terr= phase=auto_adopt
2025-12-30 09:37:58 - matching_Balmis - DEBUG -     gz_id=9900065 'realito concepcion' score=1.000 nombre=False saint_only=True terr= phase=auto_adopt
2025-12-30 09:37:58 - matching_Balmis - DEBUG -     gz_id=9900065 'realito concepcion' score=1.000 nombre=False saint_only=True terr= phase=auto_adopt
2025-12-30 09:37:58 - matching_Balmis - DEBUG -     gz_id=9900065 'realito concepcion' score=1.000 nombre=False saint_only=True terr= phase=auto_adopt
2025-12-30 09:37:58 - matching_Balmis - DEBUG -     gz_id=9900065 'realito concepcion' score=1.000 nombre=False saint_only=True terr= phase=auto_adopt
2025-12-30 09:37:58 - matching_Balmis - DEBUG -     gz_id=1004748 'concepcion' score=1.000 nombre=True saint_only=False terr= phase=auto_adopt
2025-12-30 09:37:58 - matching_Balmis - DEBUG -     gz_id=1004748 'concepcion' score=1.000 nombre=True saint_only=False terr= phase=auto_adopt
2025-12-30 09:37:58 - matching_Balmis - DEBUG -     gz_id=9901071 'concepcion' score=1.000 nombre=False saint_only=False terr= phase=candidate
2025-12-30 09:37:58 - matching_Balmis - DEBUG -     gz_id=9901071 'concepcion' score=1.000 nombre=False saint_only=False terr= phase=candidate
2025-12-30 09:37:58 - matching_Balmis - DEBUG -     gz_id=9901071 'concepcion' score=1.000 nombre=False saint_only=False terr= phase=candidate
2025-12-30 09:37:58 - matching_Balmis - DEBUG -     gz_id=9901071 'concepcion' score=1.000 nombre=False saint_only=False terr= phase=candidate
2025-12-30 09:37:58 - matching_Balmis - DEBUG -     gz_id=1000684 'concepcion rincon' score=1.000 nombre=False saint_only=True terr= phase=auto_adopt
2025-12-30 09:37:58 - matching_Balmis - DEBUG -     gz_id=1000684 'concepcion rincon' score=1.000 nombre=False saint_only=True terr= phase=auto_adopt
2025-12-30 09:37:58 - matching_Balmis - DEBUG -     gz_id=1000684 'concepcion rincon' score=1.000 nombre=False saint_only=True terr= phase=auto_adopt
2025-12-30 09:37:58 - matching_Balmis - DEBUG -     gz_id=9900146 'concepcion' score=1.000 nombre=True saint_only=False terr= phase=auto_adopt
2025-12-30 09:37:58 - matching_Balmis - DEBUG -     gz_id=9900146 'concepcion' score=1.000 nombre=True saint_only=False terr= phase=auto_adopt
2025-12-30 09:37:58 - matching_Balmis - DEBUG -     gz_id=5000866 'concepcion' score=1.000 nombre=False saint_only=True terr= phase=auto_adopt
2025-12-30 09:37:58 - matching_Balmis - DEBUG -     gz_id=5000866 'concepcion' score=1.000 nombre=False saint_only=True terr= phase=auto_adopt
2025-12-30 09:37:58 - matching_Balmis - DEBUG -     gz_id=5000866 'concepcion' score=1.000 nombre=False saint_only=True terr= phase=auto_adopt
2025-12-30 09:37:58 - matching_Balmis - DEBUG -     gz_id=5000866 'concepcion' score=1.000 nombre=False saint_only=True terr= phase=auto_adopt
2025-12-30 09:37:58 - matching_Balmis - DEBUG -     gz_id=8000186 'concepcion' score=1.000 nombre=True saint_only=False terr= phase=auto_adopt
2025-12-30 09:37:58 - matching_Balmis - DEBUG -     gz_id=8000186 'concepcion' score=1.000 nombre=True saint_only=False terr= phase=auto_adopt
2025-12-30 09:37:58 - matching_Balmis - DEBUG -     gz_id=8000186 'concepcion' score=1.000 nombre=True saint_only=False terr= phase=auto_adopt
2025-12-30 09:37:58 - matching_Balmis - DEBUG -     gz_id=8000186 'concepcion' score=1.000 nombre=True saint_only=False terr= phase=auto_adopt
2025-12-30 09:37:58 - matching_Balmis - DEBUG -     gz_id=9901124 'concepcion' score=1.000 nombre=False saint_only=True terr= phase=auto_adopt
2025-12-30 09:37:58 - matching_Balmis - DEBUG -     gz_id=5000898 'concepcion' score=1.000 nombre=True saint_only=False terr= phase=auto_adopt
2025-12-30 09:37:58 - matching_Balmis - DEBUG -     gz_id=7000355 'conuco' score=1.000 nombre=False saint_only=True terr=adm0_iso_exact phase=auto_adopt
2025-12-30 09:37:58 - matching_Balmis - DEBUG -     gz_id=7000355 'conuco' score=1.000 nombre=False saint_only=True terr=adm0_iso_exact phase=auto_adopt
2025-12-30 09:37:58 - matching_Balmis - DEBUG -     gz_id=1001964 'coeneo' score=1.000 nombre=False saint_only=True terr= phase=auto_adopt
2025-12-30 09:37:58 - matching_Balmis - DEBUG -     gz_id=1001964 'coeneo' score=1.000 nombre=False saint_only=True terr= phase=auto_adopt
2025-12-30 09:37:58 - matching_Balmis - DEBUG -     gz_id=1001964 'coeneo' score=1.000 nombre=False saint_only=True terr= phase=auto_adopt
2025-12-30 09:37:58 - matching_Balmis - DEBUG -     gz_id=1001964 'coeneo' score=1.000 nombre=False saint_only=True terr= phase=auto_adopt
2025-12-30 09:37:58 - matching_Balmis - INFO -   Before dedup: 138 candidates
2025-12-30 09:37:58 - matching_Balmis - INFO -   After dedup: 46 unique gz_ids
2025-12-30 09:37:58 - matching_Balmis - INFO -   Nombre matches (exact on lugar_nombre): 23
2025-12-30 09:37:58 - matching_Balmis - INFO -   Saint-only matches: 22
2025-12-30 09:37:58 - matching_Balmis - INFO -   Substantive matches: 24
2025-12-30 09:37:58 - matching_Balmis - INFO -   ✅ NOMBRE PRIORITY: Keeping ONLY 23 nombre matches, discarding 1 others
2025-12-30 09:37:58 - matching_Balmis - INFO -      gz_id=6000438: Concepcion
2025-12-30 09:37:58 - matching_Balmis - INFO -      gz_id=9000265: Concepcion
2025-12-30 09:37:58 - matching_Balmis - INFO -      gz_id=8000255: Concepcion
2025-12-30 09:37:58 - matching_Balmis - INFO -      gz_id=5600530: Concepcion
2025-12-30 09:37:58 - matching_Balmis - INFO -      gz_id=8000264: Concepcion
2025-12-30 09:37:58 - matching_Balmis - INFO -      gz_id=6000515: Concepcion
2025-12-30 09:37:58 - matching_Balmis - INFO -      gz_id=5000097: Concepcion
2025-12-30 09:37:58 - matching_Balmis - INFO -      gz_id=7000002: Concepcion
2025-12-30 09:37:58 - matching_Balmis - INFO -      gz_id=2000391: Concepcion
2025-12-30 09:37:58 - matching_Balmis - INFO -      gz_id=5600642: Concepcion
2025-12-30 09:37:58 - matching_Balmis - INFO -      gz_id=1001017: Concepcion
2025-12-30 09:37:58 - matching_Balmis - INFO -      gz_id=1005190: Concepcion
2025-12-30 09:37:58 - matching_Balmis - INFO -      gz_id=1004416: Concepcion
2025-12-30 09:37:58 - matching_Balmis - INFO -      gz_id=9900807: Concepcion
2025-12-30 09:37:58 - matching_Balmis - INFO -      gz_id=1005298: La Concepcion
2025-12-30 09:37:58 - matching_Balmis - INFO -      gz_id=5000574: Concepcion
2025-12-30 09:37:58 - matching_Balmis - INFO -      gz_id=9900011: Concepcion
2025-12-30 09:37:58 - matching_Balmis - INFO -      gz_id=6001145: Concepcion
2025-12-30 09:37:58 - matching_Balmis - INFO -      gz_id=1005489: Concepcion
2025-12-30 09:37:58 - matching_Balmis - INFO -      gz_id=1004748: Concepcion
2025-12-30 09:37:58 - matching_Balmis - INFO -      gz_id=9900146: Concepcion
2025-12-30 09:37:58 - matching_Balmis - INFO -      gz_id=8000186: Concepcion
2025-12-30 09:37:58 - matching_Balmis - INFO -      gz_id=5000898: Concepcion
2025-12-30 09:37:58 - matching_Balmis - INFO -   Input has territorial data: True
2025-12-30 09:37:58 - matching_Balmis - INFO -   Candidates with territory match: 1
2025-12-30 09:37:58 - matching_Balmis - INFO -   After territorial filter (keeping adm0): 1 candidates
2025-12-30 09:37:58 - matching_Balmis - INFO -   Auto-adopt candidates: 1
2025-12-30 09:37:58 - matching_Balmis - INFO -   Single auto-adopt, discarding other matches
2025-12-30 09:37:58 - matching_Balmis - INFO - 
============================================================
2025-12-30 09:37:58 - matching_Balmis - INFO - Processing rowID=70: 'Valdivia' -> cleaned: 'baldibia'
2025-12-30 09:37:58 - matching_Balmis - INFO -   Token-based candidates: 7
2025-12-30 09:37:58 - matching_Balmis - INFO -   Fuzzy matches (score >= 70, limit=500): 5
2025-12-30 09:37:58 - matching_Balmis - DEBUG -     gz_id=7000005 'baldibia' score=1.000 nombre=True saint_only=False terr=adm0_iso_exact phase=auto_adopt
2025-12-30 09:37:58 - matching_Balmis - DEBUG -     gz_id=7000005 'baldibia' score=1.000 nombre=True saint_only=False terr=adm0_iso_exact phase=auto_adopt
2025-12-30 09:37:58 - matching_Balmis - DEBUG -     gz_id=7000005 'baldibia' score=1.000 nombre=True saint_only=False terr=adm0_iso_exact phase=auto_adopt
2025-12-30 09:37:58 - matching_Balmis - DEBUG -     gz_id=7000270 'baldibia' score=1.000 nombre=True saint_only=False terr=adm0_iso_exact phase=auto_adopt
2025-12-30 09:37:58 - matching_Balmis - DEBUG -     gz_id=7000270 'baldibia' score=1.000 nombre=True saint_only=False terr=adm0_iso_exact phase=auto_adopt
2025-12-30 09:37:58 - matching_Balmis - INFO -   Before dedup: 5 candidates
2025-12-30 09:37:58 - matching_Balmis - INFO -   After dedup: 2 unique gz_ids
2025-12-30 09:37:58 - matching_Balmis - INFO -   Nombre matches (exact on lugar_nombre): 2
2025-12-30 09:37:58 - matching_Balmis - INFO -   Saint-only matches: 0
2025-12-30 09:37:58 - matching_Balmis - INFO -   Substantive matches: 2
2025-12-30 09:37:58 - matching_Balmis - INFO -   ✅ NOMBRE PRIORITY: Keeping ONLY 2 nombre matches, discarding 0 others
2025-12-30 09:37:58 - matching_Balmis - INFO -      gz_id=7000005: Valdivia
2025-12-30 09:37:58 - matching_Balmis - INFO -      gz_id=7000270: Valdivia
2025-12-30 09:37:58 - matching_Balmis - INFO -   Input has territorial data: True
2025-12-30 09:37:58 - matching_Balmis - INFO -   Candidates with territory match: 2
2025-12-30 09:37:58 - matching_Balmis - INFO -   After territorial filter (keeping adm0): 2 candidates
2025-12-30 09:37:58 - matching_Balmis - INFO -   Auto-adopt candidates: 2
2025-12-30 09:37:58 - matching_Balmis - INFO -   Multiple auto-adopts, keeping as candidates
2025-12-30 09:37:58 - matching_Balmis - INFO - Processing row 70, rowID=71
2025-12-30 09:37:58 - matching_Balmis - INFO - 
============================================================
2025-12-30 09:37:58 - matching_Balmis - INFO - Processing rowID=71: 'San Carlos' -> cleaned: 'san carlos'
2025-12-30 09:37:58 - matching_Balmis - INFO -   Token-based candidates: 12287
2025-12-30 09:37:58 - matching_Balmis - INFO -   Filtering: need match on substantive tokens: ['carlos'] OR 2+ total tokens
2025-12-30 09:38:00 - matching_Balmis - INFO -   After filtering weak token matches: 190 candidates
2025-12-30 09:38:00 - matching_Balmis - INFO -   Fuzzy matches (score >= 70, limit=500): 135
2025-12-30 09:38:00 - matching_Balmis - DEBUG -     gz_id=9000248 'san carlos' score=1.000 nombre=False saint_only=True terr= phase=auto_adopt
2025-12-30 09:38:00 - matching_Balmis - DEBUG -     gz_id=9000248 'san carlos' score=1.000 nombre=False saint_only=True terr= phase=auto_adopt
2025-12-30 09:38:00 - matching_Balmis - DEBUG -     gz_id=9000248 'san carlos' score=1.000 nombre=False saint_only=True terr= phase=auto_adopt
2025-12-30 09:38:00 - matching_Balmis - DEBUG -     gz_id=9000248 'san carlos' score=1.000 nombre=False saint_only=True terr= phase=auto_adopt
2025-12-30 09:38:00 - matching_Balmis - DEBUG -     gz_id=9000636 'san carlos' score=1.000 nombre=True saint_only=False terr= phase=auto_adopt
2025-12-30 09:38:00 - matching_Balmis - DEBUG -     gz_id=9000636 'san carlos' score=1.000 nombre=True saint_only=False terr= phase=auto_adopt
2025-12-30 09:38:00 - matching_Balmis - DEBUG -     gz_id=9000636 'san carlos' score=1.000 nombre=True saint_only=False terr= phase=auto_adopt
2025-12-30 09:38:00 - matching_Balmis - DEBUG -     gz_id=9000636 'san carlos' score=1.000 nombre=True saint_only=False terr= phase=auto_adopt
2025-12-30 09:38:00 - matching_Balmis - DEBUG -     gz_id=9000641 'san carlos' score=1.000 nombre=True saint_only=False terr= phase=auto_adopt
2025-12-30 09:38:00 - matching_Balmis - DEBUG -     gz_id=9000641 'san carlos' score=1.000 nombre=True saint_only=False terr= phase=auto_adopt
2025-12-30 09:38:00 - matching_Balmis - DEBUG -     gz_id=9000664 'san carlos' score=1.000 nombre=False saint_only=True terr= phase=auto_adopt
2025-12-30 09:38:00 - matching_Balmis - DEBUG -     gz_id=9000720 'billa san carlos' score=1.000 nombre=False saint_only=True terr= phase=auto_adopt
2025-12-30 09:38:00 - matching_Balmis - DEBUG -     gz_id=9000720 'billa san carlos' score=1.000 nombre=False saint_only=True terr= phase=auto_adopt
2025-12-30 09:38:00 - matching_Balmis - DEBUG -     gz_id=9000720 'billa san carlos' score=1.000 nombre=False saint_only=True terr= phase=auto_adopt
2025-12-30 09:38:00 - matching_Balmis - DEBUG -     gz_id=9000720 'billa san carlos' score=1.000 nombre=False saint_only=True terr= phase=auto_adopt
2025-12-30 09:38:00 - matching_Balmis - DEBUG -     gz_id=9900217 'san carlos' score=1.000 nombre=True saint_only=False terr= phase=auto_adopt
2025-12-30 09:38:00 - matching_Balmis - DEBUG -     gz_id=9900217 'san carlos' score=1.000 nombre=True saint_only=False terr= phase=auto_adopt
2025-12-30 09:38:00 - matching_Balmis - DEBUG -     gz_id=9900218 'san carlos' score=1.000 nombre=False saint_only=True terr= phase=auto_adopt
2025-12-30 09:38:00 - matching_Balmis - DEBUG -     gz_id=9900219 'san carlos borromeo' score=1.000 nombre=False saint_only=True terr= phase=auto_adopt
2025-12-30 09:38:00 - matching_Balmis - DEBUG -     gz_id=9900219 'san carlos borromeo' score=1.000 nombre=False saint_only=True terr= phase=auto_adopt
2025-12-30 09:38:00 - matching_Balmis - DEBUG -     gz_id=9900219 'san carlos borromeo' score=1.000 nombre=False saint_only=True terr= phase=auto_adopt
2025-12-30 09:38:00 - matching_Balmis - DEBUG -     gz_id=9900630 'san carlos' score=1.000 nombre=True saint_only=False terr= phase=auto_adopt
2025-12-30 09:38:00 - matching_Balmis - DEBUG -     gz_id=9900667 'real san carlos' score=1.000 nombre=False saint_only=True terr= phase=auto_adopt
2025-12-30 09:38:00 - matching_Balmis - DEBUG -     gz_id=9900667 'real san carlos' score=1.000 nombre=False saint_only=True terr= phase=auto_adopt
2025-12-30 09:38:00 - matching_Balmis - DEBUG -     gz_id=9901076 'san carlos' score=1.000 nombre=True saint_only=False terr= phase=auto_adopt
2025-12-30 09:38:00 - matching_Balmis - DEBUG -     gz_id=9901076 'san carlos' score=1.000 nombre=True saint_only=False terr= phase=auto_adopt
2025-12-30 09:38:00 - matching_Balmis - DEBUG -     gz_id=9901076 'san carlos' score=1.000 nombre=True saint_only=False terr= phase=auto_adopt
2025-12-30 09:38:00 - matching_Balmis - DEBUG -     gz_id=1002595 'san carlos' score=1.000 nombre=False saint_only=True terr= phase=auto_adopt
2025-12-30 09:38:00 - matching_Balmis - DEBUG -     gz_id=1002595 'san carlos' score=1.000 nombre=False saint_only=True terr= phase=auto_adopt
2025-12-30 09:38:00 - matching_Balmis - DEBUG -     gz_id=9000641 'san carlos' score=1.000 nombre=True saint_only=False terr= phase=auto_adopt
2025-12-30 09:38:00 - matching_Balmis - DEBUG -     gz_id=9000641 'san carlos' score=1.000 nombre=True saint_only=False terr= phase=auto_adopt
2025-12-30 09:38:00 - matching_Balmis - DEBUG -     gz_id=1004024 'san carlos' score=1.000 nombre=True saint_only=False terr= phase=auto_adopt
2025-12-30 09:38:00 - matching_Balmis - DEBUG -     gz_id=1004024 'san carlos' score=1.000 nombre=True saint_only=False terr= phase=auto_adopt
2025-12-30 09:38:00 - matching_Balmis - DEBUG -     gz_id=1004262 'san carlos' score=1.000 nombre=True saint_only=False terr= phase=auto_adopt
2025-12-30 09:38:00 - matching_Balmis - DEBUG -     gz_id=1004262 'san carlos' score=1.000 nombre=True saint_only=False terr= phase=auto_adopt
2025-12-30 09:38:00 - matching_Balmis - DEBUG -     gz_id=9900218 'san carlos' score=1.000 nombre=False saint_only=True terr= phase=auto_adopt
2025-12-30 09:38:00 - matching_Balmis - DEBUG -     gz_id=9900218 'san carlos' score=1.000 nombre=False saint_only=True terr= phase=auto_adopt
2025-12-30 09:38:00 - matching_Balmis - DEBUG -     gz_id=9900218 'san carlos' score=1.000 nombre=False saint_only=True terr= phase=auto_adopt
2025-12-30 09:38:00 - matching_Balmis - DEBUG -     gz_id=9900218 'san carlos' score=1.000 nombre=False saint_only=True terr= phase=auto_adopt
2025-12-30 09:38:00 - matching_Balmis - DEBUG -     gz_id=9900218 'san carlos' score=1.000 nombre=False saint_only=True terr= phase=auto_adopt
2025-12-30 09:38:00 - matching_Balmis - DEBUG -     gz_id=9900219 'san carlos borromeo' score=1.000 nombre=False saint_only=True terr= phase=auto_adopt
2025-12-30 09:38:00 - matching_Balmis - DEBUG -     gz_id=9900219 'san carlos borromeo' score=1.000 nombre=False saint_only=True terr= phase=auto_adopt
2025-12-30 09:38:00 - matching_Balmis - DEBUG -     gz_id=9900219 'san carlos borromeo' score=1.000 nombre=False saint_only=True terr= phase=auto_adopt
2025-12-30 09:38:00 - matching_Balmis - DEBUG -     gz_id=9900219 'san carlos borromeo' score=1.000 nombre=False saint_only=True terr= phase=auto_adopt
2025-12-30 09:38:00 - matching_Balmis - DEBUG -     gz_id=1004891 'san carlos' score=1.000 nombre=False saint_only=True terr= phase=auto_adopt
2025-12-30 09:38:00 - matching_Balmis - DEBUG -     gz_id=1004891 'san carlos' score=1.000 nombre=False saint_only=True terr= phase=auto_adopt
2025-12-30 09:38:00 - matching_Balmis - DEBUG -     gz_id=1004891 'san carlos' score=1.000 nombre=False saint_only=True terr= phase=auto_adopt
2025-12-30 09:38:00 - matching_Balmis - DEBUG -     gz_id=1004891 'san carlos' score=1.000 nombre=False saint_only=True terr= phase=auto_adopt
2025-12-30 09:38:00 - matching_Balmis - DEBUG -     gz_id=1004919 'san carlos' score=1.000 nombre=True saint_only=False terr= phase=auto_adopt
2025-12-30 09:38:00 - matching_Balmis - DEBUG -     gz_id=1004919 'san carlos' score=1.000 nombre=True saint_only=False terr= phase=auto_adopt
2025-12-30 09:38:00 - matching_Balmis - DEBUG -     gz_id=9900667 'real san carlos' score=1.000 nombre=False saint_only=True terr= phase=auto_adopt
2025-12-30 09:38:00 - matching_Balmis - DEBUG -     gz_id=9900667 'real san carlos' score=1.000 nombre=False saint_only=True terr= phase=auto_adopt
2025-12-30 09:38:00 - matching_Balmis - DEBUG -     gz_id=2000722 'san carlos' score=1.000 nombre=False saint_only=True terr= phase=auto_adopt
2025-12-30 09:38:00 - matching_Balmis - DEBUG -     gz_id=2000722 'san carlos' score=1.000 nombre=False saint_only=True terr= phase=auto_adopt
2025-12-30 09:38:00 - matching_Balmis - DEBUG -     gz_id=2000722 'san carlos' score=1.000 nombre=False saint_only=True terr= phase=auto_adopt
2025-12-30 09:38:00 - matching_Balmis - DEBUG -     gz_id=2000874 'san carlos' score=1.000 nombre=True saint_only=False terr= phase=auto_adopt
2025-12-30 09:38:00 - matching_Balmis - DEBUG -     gz_id=2000875 'puerto san carlos' score=1.000 nombre=False saint_only=True terr= phase=auto_adopt
2025-12-30 09:38:00 - matching_Balmis - DEBUG -     gz_id=3000122 'san carlos barranca' score=1.000 nombre=False saint_only=True terr= phase=auto_adopt
2025-12-30 09:38:00 - matching_Balmis - DEBUG -     gz_id=3000122 'san carlos barranca' score=1.000 nombre=False saint_only=True terr= phase=auto_adopt
2025-12-30 09:38:00 - matching_Balmis - DEBUG -     gz_id=3000122 'san carlos barranca' score=1.000 nombre=False saint_only=True terr= phase=auto_adopt
2025-12-30 09:38:00 - matching_Balmis - DEBUG -     gz_id=3000122 'san carlos barranca' score=1.000 nombre=False saint_only=True terr= phase=auto_adopt
2025-12-30 09:38:00 - matching_Balmis - DEBUG -     gz_id=3000122 'san carlos barranca' score=1.000 nombre=False saint_only=True terr= phase=auto_adopt
2025-12-30 09:38:00 - matching_Balmis - DEBUG -     gz_id=3000122 'san carlos barranca' score=1.000 nombre=False saint_only=True terr= phase=auto_adopt
2025-12-30 09:38:00 - matching_Balmis - DEBUG -     gz_id=3000122 'san carlos barranca' score=1.000 nombre=False saint_only=True terr= phase=auto_adopt
2025-12-30 09:38:00 - matching_Balmis - DEBUG -     gz_id=3000134 'san carlos' score=1.000 nombre=True saint_only=False terr= phase=auto_adopt
2025-12-30 09:38:00 - matching_Balmis - DEBUG -     gz_id=3000134 'san carlos' score=1.000 nombre=True saint_only=False terr= phase=auto_adopt
2025-12-30 09:38:00 - matching_Balmis - DEBUG -     gz_id=3000134 'san carlos' score=1.000 nombre=True saint_only=False terr= phase=auto_adopt
2025-12-30 09:38:00 - matching_Balmis - DEBUG -     gz_id=3000134 'san carlos' score=1.000 nombre=True saint_only=False terr= phase=auto_adopt
2025-12-30 09:38:00 - matching_Balmis - DEBUG -     gz_id=3000134 'san carlos' score=1.000 nombre=True saint_only=False terr= phase=auto_adopt
2025-12-30 09:38:00 - matching_Balmis - DEBUG -     gz_id=3000270 'san carlos costa alemanes' score=1.000 nombre=False saint_only=True terr= phase=auto_adopt
2025-12-30 09:38:00 - matching_Balmis - DEBUG -     gz_id=3000270 'san carlos costa alemanes' score=1.000 nombre=False saint_only=True terr= phase=auto_adopt
2025-12-30 09:38:00 - matching_Balmis - DEBUG -     gz_id=3000270 'san carlos costa alemanes' score=1.000 nombre=False saint_only=True terr= phase=auto_adopt
2025-12-30 09:38:00 - matching_Balmis - DEBUG -     gz_id=3000270 'san carlos costa alemanes' score=1.000 nombre=False saint_only=True terr= phase=auto_adopt
2025-12-30 09:38:00 - matching_Balmis - DEBUG -     gz_id=3000270 'san carlos costa alemanes' score=1.000 nombre=False saint_only=True terr= phase=auto_adopt
2025-12-30 09:38:00 - matching_Balmis - DEBUG -     gz_id=3000331 'san carlos tenerife' score=1.000 nombre=False saint_only=True terr= phase=auto_adopt
2025-12-30 09:38:00 - matching_Balmis - DEBUG -     gz_id=3000331 'san carlos tenerife' score=1.000 nombre=False saint_only=True terr= phase=auto_adopt
2025-12-30 09:38:00 - matching_Balmis - DEBUG -     gz_id=4000020 'san carlos' score=1.000 nombre=False saint_only=True terr= phase=auto_adopt
2025-12-30 09:38:00 - matching_Balmis - DEBUG -     gz_id=4000020 'san carlos' score=1.000 nombre=False saint_only=True terr= phase=auto_adopt
2025-12-30 09:38:00 - matching_Balmis - DEBUG -     gz_id=4000020 'san carlos' score=1.000 nombre=False saint_only=True terr= phase=auto_adopt
2025-12-30 09:38:00 - matching_Balmis - DEBUG -     gz_id=4000020 'san carlos' score=1.000 nombre=False saint_only=True terr= phase=auto_adopt
2025-12-30 09:38:00 - matching_Balmis - DEBUG -     gz_id=4000020 'san carlos' score=1.000 nombre=False saint_only=True terr= phase=auto_adopt
2025-12-30 09:38:00 - matching_Balmis - DEBUG -     gz_id=4000020 'san carlos' score=1.000 nombre=False saint_only=True terr= phase=auto_adopt
2025-12-30 09:38:00 - matching_Balmis - DEBUG -     gz_id=4000416 'san carlos' score=1.000 nombre=False saint_only=True terr= phase=auto_adopt
2025-12-30 09:38:00 - matching_Balmis - DEBUG -     gz_id=4000416 'san carlos' score=1.000 nombre=False saint_only=True terr= phase=auto_adopt
2025-12-30 09:38:00 - matching_Balmis - DEBUG -     gz_id=4000416 'san carlos' score=1.000 nombre=False saint_only=True terr= phase=auto_adopt
2025-12-30 09:38:00 - matching_Balmis - DEBUG -     gz_id=4000416 'san carlos' score=1.000 nombre=False saint_only=True terr= phase=auto_adopt
2025-12-30 09:38:00 - matching_Balmis - DEBUG -     gz_id=4000416 'san carlos' score=1.000 nombre=False saint_only=True terr= phase=auto_adopt
2025-12-30 09:38:00 - matching_Balmis - DEBUG -     gz_id=4000458 'san carlos barra' score=1.000 nombre=False saint_only=True terr= phase=auto_adopt
2025-12-30 09:38:00 - matching_Balmis - DEBUG -     gz_id=4000458 'san carlos barra' score=1.000 nombre=False saint_only=True terr= phase=auto_adopt
2025-12-30 09:38:00 - matching_Balmis - DEBUG -     gz_id=4000458 'san carlos barra' score=1.000 nombre=False saint_only=True terr= phase=auto_adopt
2025-12-30 09:38:00 - matching_Balmis - DEBUG -     gz_id=4000458 'san carlos barra' score=1.000 nombre=False saint_only=True terr= phase=auto_adopt
2025-12-30 09:38:00 - matching_Balmis - DEBUG -     gz_id=4000458 'san carlos barra' score=1.000 nombre=False saint_only=True terr= phase=auto_adopt
2025-12-30 09:38:00 - matching_Balmis - DEBUG -     gz_id=4000458 'san carlos barra' score=1.000 nombre=False saint_only=True terr= phase=auto_adopt
2025-12-30 09:38:00 - matching_Balmis - DEBUG -     gz_id=4000458 'san carlos barra' score=1.000 nombre=False saint_only=True terr= phase=auto_adopt
2025-12-30 09:38:00 - matching_Balmis - DEBUG -     gz_id=4000470 'san carlos sulia' score=1.000 nombre=False saint_only=True terr= phase=auto_adopt
2025-12-30 09:38:00 - matching_Balmis - DEBUG -     gz_id=4000470 'san carlos sulia' score=1.000 nombre=False saint_only=True terr= phase=auto_adopt
2025-12-30 09:38:00 - matching_Balmis - DEBUG -     gz_id=4000470 'san carlos sulia' score=1.000 nombre=False saint_only=True terr= phase=auto_adopt
2025-12-30 09:38:00 - matching_Balmis - DEBUG -     gz_id=4000586 'san carlos' score=1.000 nombre=True saint_only=False terr= phase=auto_adopt
2025-12-30 09:38:00 - matching_Balmis - DEBUG -     gz_id=4000586 'san carlos' score=1.000 nombre=True saint_only=False terr= phase=auto_adopt
2025-12-30 09:38:00 - matching_Balmis - DEBUG -     gz_id=4000586 'san carlos' score=1.000 nombre=True saint_only=False terr= phase=auto_adopt
2025-12-30 09:38:00 - matching_Balmis - DEBUG -     gz_id=4000586 'san carlos' score=1.000 nombre=True saint_only=False terr= phase=auto_adopt
2025-12-30 09:38:00 - matching_Balmis - DEBUG -     gz_id=4000586 'san carlos' score=1.000 nombre=True saint_only=False terr= phase=auto_adopt
2025-12-30 09:38:00 - matching_Balmis - DEBUG -     gz_id=9901076 'san carlos' score=1.000 nombre=True saint_only=False terr= phase=auto_adopt
2025-12-30 09:38:00 - matching_Balmis - DEBUG -     gz_id=9901076 'san carlos' score=1.000 nombre=True saint_only=False terr= phase=auto_adopt
2025-12-30 09:38:00 - matching_Balmis - DEBUG -     gz_id=5000382 'san carlos' score=1.000 nombre=False saint_only=False terr= phase=candidate
2025-12-30 09:38:00 - matching_Balmis - DEBUG -     gz_id=5600311 'san carlos alabonos' score=1.000 nombre=False saint_only=True terr= phase=auto_adopt
2025-12-30 09:38:00 - matching_Balmis - DEBUG -     gz_id=5600311 'san carlos alabonos' score=1.000 nombre=False saint_only=True terr= phase=auto_adopt
2025-12-30 09:38:00 - matching_Balmis - DEBUG -     gz_id=5600311 'san carlos alabonos' score=1.000 nombre=False saint_only=True terr= phase=auto_adopt
2025-12-30 09:38:00 - matching_Balmis - DEBUG -     gz_id=5600311 'san carlos alabonos' score=1.000 nombre=False saint_only=True terr= phase=auto_adopt
2025-12-30 09:38:00 - matching_Balmis - DEBUG -     gz_id=5600311 'san carlos alabonos' score=1.000 nombre=False saint_only=True terr= phase=auto_adopt
2025-12-30 09:38:00 - matching_Balmis - DEBUG -     gz_id=5600311 'san carlos alabonos' score=1.000 nombre=False saint_only=True terr= phase=auto_adopt
2025-12-30 09:38:00 - matching_Balmis - DEBUG -     gz_id=7000007 'san carlos' score=1.000 nombre=False saint_only=True terr=adm0_iso_exact phase=auto_adopt
2025-12-30 09:38:00 - matching_Balmis - DEBUG -     gz_id=7000379 'san carlos' score=1.000 nombre=True saint_only=False terr=adm0_iso_exact phase=auto_adopt
2025-12-30 09:38:00 - matching_Balmis - DEBUG -     gz_id=7000379 'san carlos' score=1.000 nombre=True saint_only=False terr=adm0_iso_exact phase=auto_adopt
2025-12-30 09:38:00 - matching_Balmis - DEBUG -     gz_id=8000392 'san carlos' score=1.000 nombre=False saint_only=True terr= phase=auto_adopt
2025-12-30 09:38:00 - matching_Balmis - DEBUG -     gz_id=9000036 'san carlos' score=1.000 nombre=False saint_only=True terr= phase=auto_adopt
2025-12-30 09:38:00 - matching_Balmis - DEBUG -     gz_id=9000036 'san carlos' score=1.000 nombre=False saint_only=True terr= phase=auto_adopt
2025-12-30 09:38:00 - matching_Balmis - DEBUG -     gz_id=9000036 'san carlos' score=1.000 nombre=False saint_only=True terr= phase=auto_adopt
2025-12-30 09:38:00 - matching_Balmis - DEBUG -     gz_id=9000036 'san carlos' score=1.000 nombre=False saint_only=True terr= phase=auto_adopt
2025-12-30 09:38:00 - matching_Balmis - DEBUG -     gz_id=9000182 'san carlos' score=1.000 nombre=True saint_only=False terr= phase=auto_adopt
2025-12-30 09:38:00 - matching_Balmis - DEBUG -     gz_id=9000182 'san carlos' score=1.000 nombre=True saint_only=False terr= phase=auto_adopt
2025-12-30 09:38:00 - matching_Balmis - DEBUG -     gz_id=9000182 'san carlos' score=1.000 nombre=True saint_only=False terr= phase=auto_adopt
2025-12-30 09:38:00 - matching_Balmis - DEBUG -     gz_id=9000182 'san carlos' score=1.000 nombre=True saint_only=False terr= phase=auto_adopt
2025-12-30 09:38:00 - matching_Balmis - DEBUG -     gz_id=9000182 'san carlos' score=1.000 nombre=True saint_only=False terr= phase=auto_adopt
2025-12-30 09:38:00 - matching_Balmis - DEBUG -     gz_id=9000182 'san carlos' score=1.000 nombre=True saint_only=False terr= phase=auto_adopt
2025-12-30 09:38:00 - matching_Balmis - DEBUG -     gz_id=9000182 'san carlos' score=1.000 nombre=True saint_only=False terr= phase=auto_adopt
2025-12-30 09:38:00 - matching_Balmis - DEBUG -     gz_id=9000182 'san carlos' score=1.000 nombre=True saint_only=False terr= phase=auto_adopt
2025-12-30 09:38:00 - matching_Balmis - DEBUG -     gz_id=5600182 'carlosama' score=0.800 nombre=False saint_only=False terr= phase=relegated
2025-12-30 09:38:00 - matching_Balmis - DEBUG -     gz_id=5600182 'carlosama' score=0.800 nombre=False saint_only=False terr= phase=relegated
2025-12-30 09:38:00 - matching_Balmis - DEBUG -     gz_id=5600182 'carlosama' score=0.800 nombre=False saint_only=False terr= phase=relegated
2025-12-30 09:38:00 - matching_Balmis - DEBUG -     gz_id=1004753 'carmelo' score=1.000 nombre=False saint_only=True terr= phase=auto_adopt
2025-12-30 09:38:00 - matching_Balmis - DEBUG -     gz_id=1004753 'carmelo' score=1.000 nombre=False saint_only=True terr= phase=auto_adopt
2025-12-30 09:38:00 - matching_Balmis - DEBUG -     gz_id=1004753 'carmelo' score=1.000 nombre=False saint_only=True terr= phase=auto_adopt
2025-12-30 09:38:00 - matching_Balmis - DEBUG -     gz_id=1004753 'carmelo' score=1.000 nombre=False saint_only=True terr= phase=auto_adopt
2025-12-30 09:38:00 - matching_Balmis - DEBUG -     gz_id=1004753 'carmelo' score=1.000 nombre=False saint_only=True terr= phase=auto_adopt
2025-12-30 09:38:00 - matching_Balmis - INFO -   Before dedup: 135 candidates
2025-12-30 09:38:00 - matching_Balmis - INFO -   After dedup: 37 unique gz_ids
2025-12-30 09:38:00 - matching_Balmis - INFO -   Nombre matches (exact on lugar_nombre): 13
2025-12-30 09:38:00 - matching_Balmis - INFO -   Saint-only matches: 22
2025-12-30 09:38:00 - matching_Balmis - INFO -   Substantive matches: 15
2025-12-30 09:38:00 - matching_Balmis - INFO -   ✅ NOMBRE PRIORITY: Keeping ONLY 13 nombre matches, discarding 2 others
2025-12-30 09:38:00 - matching_Balmis - INFO -      gz_id=9000636: San Carlos
2025-12-30 09:38:00 - matching_Balmis - INFO -      gz_id=9000641: San Carlos
2025-12-30 09:38:00 - matching_Balmis - INFO -      gz_id=9900217: San Carlos
2025-12-30 09:38:00 - matching_Balmis - INFO -      gz_id=9900630: San Carlos
2025-12-30 09:38:00 - matching_Balmis - INFO -      gz_id=9901076: San Carlos
2025-12-30 09:38:00 - matching_Balmis - INFO -      gz_id=1004024: San Carlos
2025-12-30 09:38:00 - matching_Balmis - INFO -      gz_id=1004262: San Carlos
2025-12-30 09:38:00 - matching_Balmis - INFO -      gz_id=1004919: San Carlos
2025-12-30 09:38:00 - matching_Balmis - INFO -      gz_id=2000874: San Carlos
2025-12-30 09:38:00 - matching_Balmis - INFO -      gz_id=3000134: San Carlos
2025-12-30 09:38:00 - matching_Balmis - INFO -      gz_id=4000586: San Carlos
2025-12-30 09:38:00 - matching_Balmis - INFO -      gz_id=7000379: San Carlos
2025-12-30 09:38:00 - matching_Balmis - INFO -      gz_id=9000182: San Carlos
2025-12-30 09:38:00 - matching_Balmis - INFO -   Input has territorial data: True
2025-12-30 09:38:00 - matching_Balmis - INFO -   Candidates with territory match: 1
2025-12-30 09:38:00 - matching_Balmis - INFO -   After territorial filter (keeping adm0): 1 candidates
2025-12-30 09:38:00 - matching_Balmis - INFO -   Auto-adopt candidates: 1
2025-12-30 09:38:00 - matching_Balmis - INFO -   Single auto-adopt, discarding other matches
2025-12-30 09:38:00 - matching_Balmis - INFO - 
============================================================
2025-12-30 09:38:00 - matching_Balmis - INFO - Processing rowID=72: 'Lima' -> cleaned: 'lima'
2025-12-30 09:38:00 - matching_Balmis - INFO -   Token-based candidates: 28
2025-12-30 09:38:00 - matching_Balmis - INFO -   Fuzzy matches (score >= 70, limit=500): 5
2025-12-30 09:38:00 - matching_Balmis - DEBUG -     gz_id=9000487 'lima' score=1.000 nombre=False saint_only=False terr= phase=auto_adopt
2025-12-30 09:38:00 - matching_Balmis - DEBUG -     gz_id=9000487 'lima' score=1.000 nombre=False saint_only=False terr= phase=auto_adopt
2025-12-30 09:38:00 - matching_Balmis - DEBUG -     gz_id=9000487 'lima' score=1.000 nombre=False saint_only=False terr= phase=auto_adopt
2025-12-30 09:38:00 - matching_Balmis - DEBUG -     gz_id=6000001 'lima' score=1.000 nombre=True saint_only=False terr=adm0_iso_exact phase=auto_adopt
2025-12-30 09:38:00 - matching_Balmis - DEBUG -     gz_id=6000001 'lima' score=1.000 nombre=True saint_only=False terr=adm0_iso_exact phase=auto_adopt
2025-12-30 09:38:00 - matching_Balmis - INFO -   Before dedup: 5 candidates
2025-12-30 09:38:00 - matching_Balmis - INFO -   After dedup: 2 unique gz_ids
2025-12-30 09:38:00 - matching_Balmis - INFO -   Nombre matches (exact on lugar_nombre): 1
2025-12-30 09:38:00 - matching_Balmis - INFO -   Saint-only matches: 0
2025-12-30 09:38:00 - matching_Balmis - INFO -   Substantive matches: 2
2025-12-30 09:38:00 - matching_Balmis - INFO -   ✅ NOMBRE PRIORITY: Keeping ONLY 1 nombre matches, discarding 1 others
2025-12-30 09:38:00 - matching_Balmis - INFO -      gz_id=6000001: Lima
2025-12-30 09:38:00 - matching_Balmis - INFO -   Input has territorial data: True
2025-12-30 09:38:00 - matching_Balmis - INFO -   Candidates with territory match: 1
2025-12-30 09:38:00 - matching_Balmis - INFO -   After territorial filter (keeping adm0): 1 candidates
2025-12-30 09:38:00 - matching_Balmis - INFO -   Auto-adopt candidates: 1
2025-12-30 09:38:00 - matching_Balmis - INFO -   Single auto-adopt, discarding other matches
2025-12-30 09:38:00 - matching_Balmis - INFO - 
============================================================
2025-12-30 09:38:00 - matching_Balmis - INFO - Processing rowID=73: 'Puno' -> cleaned: 'puno'
2025-12-30 09:38:00 - matching_Balmis - INFO -   Token-based candidates: 3
2025-12-30 09:38:00 - matching_Balmis - INFO -   Fuzzy matches (score >= 70, limit=500): 3
2025-12-30 09:38:00 - matching_Balmis - DEBUG -     gz_id=8000002 'puno' score=1.000 nombre=False saint_only=False terr= phase=auto_adopt
2025-12-30 09:38:00 - matching_Balmis - DEBUG -     gz_id=8000002 'puno' score=1.000 nombre=False saint_only=False terr= phase=auto_adopt
2025-12-30 09:38:00 - matching_Balmis - DEBUG -     gz_id=8000002 'puno' score=1.000 nombre=False saint_only=False terr= phase=auto_adopt
2025-12-30 09:38:00 - matching_Balmis - INFO -   Before dedup: 3 candidates
2025-12-30 09:38:00 - matching_Balmis - INFO -   After dedup: 1 unique gz_ids
2025-12-30 09:38:00 - matching_Balmis - INFO -   Nombre matches (exact on lugar_nombre): 0
2025-12-30 09:38:00 - matching_Balmis - INFO -   Saint-only matches: 0
2025-12-30 09:38:00 - matching_Balmis - INFO -   Substantive matches: 1
2025-12-30 09:38:00 - matching_Balmis - INFO -   Input has territorial data: True
2025-12-30 09:38:00 - matching_Balmis - INFO -   Candidates with territory match: 0
2025-12-30 09:38:00 - matching_Balmis - INFO -   No territorial filtering applied (no matching territories found)
2025-12-30 09:38:00 - matching_Balmis - INFO -   Auto-adopt candidates: 0
2025-12-30 09:38:00 - matching_Balmis - INFO -   Valid candidates (phase=candidate): 0
2025-12-30 09:38:00 - matching_Balmis - WARNING -   No valid candidates after phase filtering - relegated
2025-12-30 09:38:00 - matching_Balmis - INFO - 
============================================================
2025-12-30 09:38:00 - matching_Balmis - INFO - Processing rowID=74: 'La Paz' -> cleaned: 'pas'
2025-12-30 09:38:00 - matching_Balmis - INFO -   Token-based candidates: 41
2025-12-30 09:38:00 - matching_Balmis - INFO -   Fuzzy matches (score >= 70, limit=500): 15
2025-12-30 09:38:00 - matching_Balmis - DEBUG -     gz_id=1004723 'pas airapi' score=1.000 nombre=False saint_only=False terr= phase=auto_adopt
2025-12-30 09:38:00 - matching_Balmis - DEBUG -     gz_id=1002005 'cotija pas' score=1.000 nombre=False saint_only=False terr= phase=auto_adopt
2025-12-30 09:38:00 - matching_Balmis - DEBUG -     gz_id=1002005 'cotija pas' score=1.000 nombre=False saint_only=False terr= phase=auto_adopt
2025-12-30 09:38:00 - matching_Balmis - DEBUG -     gz_id=1002005 'cotija pas' score=1.000 nombre=False saint_only=False terr= phase=auto_adopt
2025-12-30 09:38:00 - matching_Balmis - DEBUG -     gz_id=1005308 'encino pas' score=1.000 nombre=False saint_only=False terr= phase=auto_adopt
2025-12-30 09:38:00 - matching_Balmis - DEBUG -     gz_id=1005308 'encino pas' score=1.000 nombre=False saint_only=False terr= phase=auto_adopt
2025-12-30 09:38:00 - matching_Balmis - DEBUG -     gz_id=1005308 'encino pas' score=1.000 nombre=False saint_only=False terr= phase=auto_adopt
2025-12-30 09:38:00 - matching_Balmis - DEBUG -     gz_id=1005308 'encino pas' score=1.000 nombre=False saint_only=False terr= phase=auto_adopt
2025-12-30 09:38:00 - matching_Balmis - DEBUG -     gz_id=1005308 'encino pas' score=1.000 nombre=False saint_only=False terr= phase=auto_adopt
2025-12-30 09:38:00 - matching_Balmis - DEBUG -     gz_id=1000075 'san luis pas' score=1.000 nombre=False saint_only=False terr= phase=auto_adopt
2025-12-30 09:38:00 - matching_Balmis - DEBUG -     gz_id=1000075 'san luis pas' score=1.000 nombre=False saint_only=False terr= phase=auto_adopt
2025-12-30 09:38:00 - matching_Balmis - DEBUG -     gz_id=8000005 'pas' score=1.000 nombre=True saint_only=False terr=adm0_iso_exact phase=auto_adopt
2025-12-30 09:38:00 - matching_Balmis - DEBUG -     gz_id=8000005 'pas' score=1.000 nombre=True saint_only=False terr=adm0_iso_exact phase=auto_adopt
2025-12-30 09:38:00 - matching_Balmis - DEBUG -     gz_id=3000268 'pas' score=1.000 nombre=True saint_only=False terr= phase=auto_adopt
2025-12-30 09:38:00 - matching_Balmis - DEBUG -     gz_id=9000152 'bilelas' score=1.000 nombre=False saint_only=False terr= phase=auto_adopt
2025-12-30 09:38:00 - matching_Balmis - INFO -   Before dedup: 15 candidates
2025-12-30 09:38:00 - matching_Balmis - INFO -   After dedup: 7 unique gz_ids
2025-12-30 09:38:00 - matching_Balmis - INFO -   Nombre matches (exact on lugar_nombre): 2
2025-12-30 09:38:00 - matching_Balmis - INFO -   Saint-only matches: 0
2025-12-30 09:38:00 - matching_Balmis - INFO -   Substantive matches: 7
2025-12-30 09:38:00 - matching_Balmis - INFO -   ✅ NOMBRE PRIORITY: Keeping ONLY 2 nombre matches, discarding 5 others
2025-12-30 09:38:00 - matching_Balmis - INFO -      gz_id=8000005: La Paz
2025-12-30 09:38:00 - matching_Balmis - INFO -      gz_id=3000268: Paz
2025-12-30 09:38:00 - matching_Balmis - INFO -   Input has territorial data: True
2025-12-30 09:38:00 - matching_Balmis - INFO -   Candidates with territory match: 1
2025-12-30 09:38:00 - matching_Balmis - INFO -   After territorial filter (keeping adm0): 1 candidates
2025-12-30 09:38:00 - matching_Balmis - INFO -   Auto-adopt candidates: 1
2025-12-30 09:38:00 - matching_Balmis - INFO -   Single auto-adopt, discarding other matches
2025-12-30 09:38:00 - matching_Balmis - INFO - 
============================================================
2025-12-30 09:38:00 - matching_Balmis - INFO - Processing rowID=75: 'Cochabamba' -> cleaned: 'cochabamba'
2025-12-30 09:38:00 - matching_Balmis - INFO -   Token-based candidates: 9
2025-12-30 09:38:00 - matching_Balmis - INFO -   Fuzzy matches (score >= 70, limit=500): 9
2025-12-30 09:38:00 - matching_Balmis - DEBUG -     gz_id=9900776 'cochabamba' score=1.000 nombre=True saint_only=False terr= phase=auto_adopt
2025-12-30 09:38:00 - matching_Balmis - DEBUG -     gz_id=9900776 'cochabamba' score=1.000 nombre=True saint_only=False terr= phase=auto_adopt
2025-12-30 09:38:00 - matching_Balmis - DEBUG -     gz_id=8000004 'cochabamba' score=1.000 nombre=True saint_only=False terr=adm0_iso_exact phase=auto_adopt
2025-12-30 09:38:00 - matching_Balmis - DEBUG -     gz_id=8000004 'cochabamba' score=1.000 nombre=True saint_only=False terr=adm0_iso_exact phase=auto_adopt
2025-12-30 09:38:00 - matching_Balmis - DEBUG -     gz_id=6001111 'cochabamba' score=1.000 nombre=True saint_only=False terr= phase=auto_adopt
2025-12-30 09:38:00 - matching_Balmis - DEBUG -     gz_id=6001111 'cochabamba' score=1.000 nombre=True saint_only=False terr= phase=auto_adopt
2025-12-30 09:38:00 - matching_Balmis - DEBUG -     gz_id=6001365 'cochabamba' score=1.000 nombre=True saint_only=False terr= phase=auto_adopt
2025-12-30 09:38:00 - matching_Balmis - DEBUG -     gz_id=6001365 'cochabamba' score=1.000 nombre=True saint_only=False terr= phase=auto_adopt
2025-12-30 09:38:00 - matching_Balmis - DEBUG -     gz_id=6001365 'cochabamba' score=1.000 nombre=True saint_only=False terr= phase=auto_adopt
2025-12-30 09:38:00 - matching_Balmis - INFO -   Before dedup: 9 candidates
2025-12-30 09:38:00 - matching_Balmis - INFO -   After dedup: 4 unique gz_ids
2025-12-30 09:38:00 - matching_Balmis - INFO -   Nombre matches (exact on lugar_nombre): 4
2025-12-30 09:38:00 - matching_Balmis - INFO -   Saint-only matches: 0
2025-12-30 09:38:00 - matching_Balmis - INFO -   Substantive matches: 4
2025-12-30 09:38:00 - matching_Balmis - INFO -   ✅ NOMBRE PRIORITY: Keeping ONLY 4 nombre matches, discarding 0 others
2025-12-30 09:38:00 - matching_Balmis - INFO -      gz_id=9900776: Cochabamba
2025-12-30 09:38:00 - matching_Balmis - INFO -      gz_id=8000004: Cochabamba
2025-12-30 09:38:00 - matching_Balmis - INFO -      gz_id=6001111: Cochabamba
2025-12-30 09:38:00 - matching_Balmis - INFO -      gz_id=6001365: Cochabamba
2025-12-30 09:38:00 - matching_Balmis - INFO -   Input has territorial data: True
2025-12-30 09:38:00 - matching_Balmis - INFO -   Candidates with territory match: 1
2025-12-30 09:38:00 - matching_Balmis - INFO -   After territorial filter (keeping adm0): 1 candidates
2025-12-30 09:38:00 - matching_Balmis - INFO -   Auto-adopt candidates: 1
2025-12-30 09:38:00 - matching_Balmis - INFO -   Single auto-adopt, discarding other matches
2025-12-30 09:38:00 - matching_Balmis - INFO - 
============================================================
2025-12-30 09:38:00 - matching_Balmis - INFO - Processing rowID=76: 'La Habana' -> cleaned: 'habana'
2025-12-30 09:38:00 - matching_Balmis - INFO -   Token-based candidates: 5
2025-12-30 09:38:00 - matching_Balmis - INFO -   Fuzzy matches (score >= 70, limit=500): 5
2025-12-30 09:38:00 - matching_Balmis - DEBUG -     gz_id=3000004 'habana' score=1.000 nombre=True saint_only=False terr=adm0_iso_exact phase=auto_adopt
2025-12-30 09:38:00 - matching_Balmis - DEBUG -     gz_id=3000004 'habana' score=1.000 nombre=True saint_only=False terr=adm0_iso_exact phase=auto_adopt
2025-12-30 09:38:00 - matching_Balmis - DEBUG -     gz_id=3000004 'habana' score=1.000 nombre=True saint_only=False terr=adm0_iso_exact phase=auto_adopt
2025-12-30 09:38:00 - matching_Balmis - DEBUG -     gz_id=3000004 'habana' score=1.000 nombre=True saint_only=False terr=adm0_iso_exact phase=auto_adopt
2025-12-30 09:38:00 - matching_Balmis - DEBUG -     gz_id=3000004 'habana' score=1.000 nombre=True saint_only=False terr=adm0_iso_exact phase=auto_adopt
2025-12-30 09:38:00 - matching_Balmis - INFO -   Before dedup: 5 candidates
2025-12-30 09:38:00 - matching_Balmis - INFO -   After dedup: 1 unique gz_ids
2025-12-30 09:38:00 - matching_Balmis - INFO -   Nombre matches (exact on lugar_nombre): 1
2025-12-30 09:38:00 - matching_Balmis - INFO -   Saint-only matches: 0
2025-12-30 09:38:00 - matching_Balmis - INFO -   Substantive matches: 1
2025-12-30 09:38:00 - matching_Balmis - INFO -   ✅ NOMBRE PRIORITY: Keeping ONLY 1 nombre matches, discarding 0 others
2025-12-30 09:38:00 - matching_Balmis - INFO -      gz_id=3000004: La Habana
2025-12-30 09:38:00 - matching_Balmis - INFO -   Input has territorial data: True
2025-12-30 09:38:00 - matching_Balmis - INFO -   Candidates with territory match: 1
2025-12-30 09:38:00 - matching_Balmis - INFO -   After territorial filter (keeping adm0): 1 candidates
2025-12-30 09:38:00 - matching_Balmis - INFO -   Auto-adopt candidates: 1
2025-12-30 09:38:00 - matching_Balmis - INFO -   Single auto-adopt, discarding other matches
2025-12-30 09:38:00 - matching_Balmis - INFO - 
============================================================
2025-12-30 09:38:00 - matching_Balmis - INFO - Processing rowID=77: 'Sisal' -> cleaned: 'cisal'
2025-12-30 09:38:00 - matching_Balmis - INFO -   Token-based candidates: 4
2025-12-30 09:38:00 - matching_Balmis - INFO -   Fuzzy matches (score >= 70, limit=500): 4
2025-12-30 09:38:00 - matching_Balmis - DEBUG -     gz_id=1004568 'cisal' score=1.000 nombre=False saint_only=False terr=adm0_iso_exact phase=auto_adopt
2025-12-30 09:38:00 - matching_Balmis - DEBUG -     gz_id=9900228 'bijia cisal' score=1.000 nombre=False saint_only=False terr=adm0_iso_exact phase=auto_adopt
2025-12-30 09:38:00 - matching_Balmis - DEBUG -     gz_id=9900228 'bijia cisal' score=1.000 nombre=False saint_only=False terr=adm0_iso_exact phase=auto_adopt
2025-12-30 09:38:00 - matching_Balmis - DEBUG -     gz_id=1004568 'cisal' score=1.000 nombre=False saint_only=False terr=adm0_iso_exact phase=auto_adopt
2025-12-30 09:38:00 - matching_Balmis - INFO -   Before dedup: 4 candidates
2025-12-30 09:38:00 - matching_Balmis - INFO -   After dedup: 2 unique gz_ids
2025-12-30 09:38:00 - matching_Balmis - INFO -   Nombre matches (exact on lugar_nombre): 0
2025-12-30 09:38:00 - matching_Balmis - INFO -   Saint-only matches: 0
2025-12-30 09:38:00 - matching_Balmis - INFO -   Substantive matches: 2
2025-12-30 09:38:00 - matching_Balmis - INFO -   Input has territorial data: True
2025-12-30 09:38:00 - matching_Balmis - INFO -   Candidates with territory match: 2
2025-12-30 09:38:00 - matching_Balmis - INFO -   After territorial filter (keeping adm0): 2 candidates
2025-12-30 09:38:00 - matching_Balmis - INFO -   Auto-adopt candidates: 2
2025-12-30 09:38:00 - matching_Balmis - INFO -   Multiple auto-adopts, keeping as candidates
2025-12-30 09:38:00 - matching_Balmis - INFO - 
============================================================
2025-12-30 09:38:00 - matching_Balmis - INFO - Processing rowID=78: 'Mérida' -> cleaned: 'merida'
2025-12-30 09:38:00 - matching_Balmis - INFO -   Token-based candidates: 9
2025-12-30 09:38:00 - matching_Balmis - INFO -   Fuzzy matches (score >= 70, limit=500): 9
2025-12-30 09:38:00 - matching_Balmis - DEBUG -     gz_id=4000011 'merida' score=1.000 nombre=True saint_only=False terr= phase=auto_adopt
2025-12-30 09:38:00 - matching_Balmis - DEBUG -     gz_id=1000022 'merida' score=1.000 nombre=True saint_only=False terr=adm0_iso_exact phase=auto_adopt
2025-12-30 09:38:00 - matching_Balmis - DEBUG -     gz_id=1000022 'merida' score=1.000 nombre=True saint_only=False terr=adm0_iso_exact phase=auto_adopt
2025-12-30 09:38:00 - matching_Balmis - DEBUG -     gz_id=4000011 'merida' score=1.000 nombre=True saint_only=False terr= phase=auto_adopt
2025-12-30 09:38:00 - matching_Balmis - DEBUG -     gz_id=4000011 'merida' score=1.000 nombre=True saint_only=False terr= phase=auto_adopt
2025-12-30 09:38:00 - matching_Balmis - DEBUG -     gz_id=4000011 'merida' score=1.000 nombre=True saint_only=False terr= phase=auto_adopt
2025-12-30 09:38:00 - matching_Balmis - DEBUG -     gz_id=4000011 'merida' score=1.000 nombre=True saint_only=False terr= phase=auto_adopt
2025-12-30 09:38:00 - matching_Balmis - DEBUG -     gz_id=4000011 'merida' score=1.000 nombre=True saint_only=False terr= phase=auto_adopt
2025-12-30 09:38:00 - matching_Balmis - DEBUG -     gz_id=4000011 'merida' score=1.000 nombre=True saint_only=False terr= phase=auto_adopt
2025-12-30 09:38:00 - matching_Balmis - INFO -   Before dedup: 9 candidates
2025-12-30 09:38:00 - matching_Balmis - INFO -   After dedup: 2 unique gz_ids
2025-12-30 09:38:00 - matching_Balmis - INFO -   Nombre matches (exact on lugar_nombre): 2
2025-12-30 09:38:00 - matching_Balmis - INFO -   Saint-only matches: 0
2025-12-30 09:38:00 - matching_Balmis - INFO -   Substantive matches: 2
2025-12-30 09:38:00 - matching_Balmis - INFO -   ✅ NOMBRE PRIORITY: Keeping ONLY 2 nombre matches, discarding 0 others
2025-12-30 09:38:00 - matching_Balmis - INFO -      gz_id=4000011: Merida
2025-12-30 09:38:00 - matching_Balmis - INFO -      gz_id=1000022: Merida
2025-12-30 09:38:00 - matching_Balmis - INFO -   Input has territorial data: True
2025-12-30 09:38:00 - matching_Balmis - INFO -   Candidates with territory match: 1
2025-12-30 09:38:00 - matching_Balmis - INFO -   After territorial filter (keeping adm0): 1 candidates
2025-12-30 09:38:00 - matching_Balmis - INFO -   Auto-adopt candidates: 1
2025-12-30 09:38:00 - matching_Balmis - INFO -   Single auto-adopt, discarding other matches
2025-12-30 09:38:00 - matching_Balmis - INFO - 
============================================================
2025-12-30 09:38:00 - matching_Balmis - INFO - Processing rowID=79: 'Sisal' -> cleaned: 'cisal'
2025-12-30 09:38:00 - matching_Balmis - INFO -   Token-based candidates: 4
2025-12-30 09:38:00 - matching_Balmis - INFO -   Fuzzy matches (score >= 70, limit=500): 4
2025-12-30 09:38:00 - matching_Balmis - DEBUG -     gz_id=1004568 'cisal' score=1.000 nombre=False saint_only=False terr=adm0_iso_exact phase=auto_adopt
2025-12-30 09:38:00 - matching_Balmis - DEBUG -     gz_id=9900228 'bijia cisal' score=1.000 nombre=False saint_only=False terr=adm0_iso_exact phase=auto_adopt
2025-12-30 09:38:00 - matching_Balmis - DEBUG -     gz_id=9900228 'bijia cisal' score=1.000 nombre=False saint_only=False terr=adm0_iso_exact phase=auto_adopt
2025-12-30 09:38:00 - matching_Balmis - DEBUG -     gz_id=1004568 'cisal' score=1.000 nombre=False saint_only=False terr=adm0_iso_exact phase=auto_adopt
2025-12-30 09:38:00 - matching_Balmis - INFO -   Before dedup: 4 candidates
2025-12-30 09:38:00 - matching_Balmis - INFO -   After dedup: 2 unique gz_ids
2025-12-30 09:38:00 - matching_Balmis - INFO -   Nombre matches (exact on lugar_nombre): 0
2025-12-30 09:38:00 - matching_Balmis - INFO -   Saint-only matches: 0
2025-12-30 09:38:00 - matching_Balmis - INFO -   Substantive matches: 2
2025-12-30 09:38:00 - matching_Balmis - INFO -   Input has territorial data: True
2025-12-30 09:38:00 - matching_Balmis - INFO -   Candidates with territory match: 2
2025-12-30 09:38:00 - matching_Balmis - INFO -   After territorial filter (keeping adm0): 2 candidates
2025-12-30 09:38:00 - matching_Balmis - INFO -   Auto-adopt candidates: 2
2025-12-30 09:38:00 - matching_Balmis - INFO -   Multiple auto-adopts, keeping as candidates
2025-12-30 09:38:00 - matching_Balmis - INFO - 
============================================================
2025-12-30 09:38:00 - matching_Balmis - INFO - Processing rowID=80: 'Villahermosa' -> cleaned: 'billahermosa'
2025-12-30 09:38:00 - matching_Balmis - INFO -   Token-based candidates: 5
2025-12-30 09:38:00 - matching_Balmis - INFO -   Fuzzy matches (score >= 70, limit=500): 2
2025-12-30 09:38:00 - matching_Balmis - DEBUG -     gz_id=1000018 'billahermosa' score=1.000 nombre=True saint_only=False terr=adm0_iso_exact phase=auto_adopt
2025-12-30 09:38:00 - matching_Balmis - DEBUG -     gz_id=1000018 'billahermosa' score=1.000 nombre=True saint_only=False terr=adm0_iso_exact phase=auto_adopt
2025-12-30 09:38:00 - matching_Balmis - INFO -   Before dedup: 2 candidates
2025-12-30 09:38:00 - matching_Balmis - INFO -   After dedup: 1 unique gz_ids
2025-12-30 09:38:00 - matching_Balmis - INFO -   Nombre matches (exact on lugar_nombre): 1
2025-12-30 09:38:00 - matching_Balmis - INFO -   Saint-only matches: 0
2025-12-30 09:38:00 - matching_Balmis - INFO -   Substantive matches: 1
2025-12-30 09:38:00 - matching_Balmis - INFO -   ✅ NOMBRE PRIORITY: Keeping ONLY 1 nombre matches, discarding 0 others
2025-12-30 09:38:00 - matching_Balmis - INFO -      gz_id=1000018: Villahermosa
2025-12-30 09:38:00 - matching_Balmis - INFO -   Input has territorial data: True
2025-12-30 09:38:00 - matching_Balmis - INFO -   Candidates with territory match: 1
2025-12-30 09:38:00 - matching_Balmis - INFO -   After territorial filter (keeping adm0): 1 candidates
2025-12-30 09:38:00 - matching_Balmis - INFO -   Auto-adopt candidates: 1
2025-12-30 09:38:00 - matching_Balmis - INFO -   Single auto-adopt, discarding other matches
2025-12-30 09:38:00 - matching_Balmis - INFO - Processing row 80, rowID=81
2025-12-30 09:38:00 - matching_Balmis - INFO - 
============================================================
2025-12-30 09:38:00 - matching_Balmis - INFO - Processing rowID=81: 'Ciudad Real' -> cleaned: 'ciudad real'
2025-12-30 09:38:00 - matching_Balmis - INFO -   Token-based candidates: 268
2025-12-30 09:38:00 - matching_Balmis - INFO -   Filtering: need match on substantive tokens: ['ciudad', 'real'] OR 2+ total tokens
2025-12-30 09:38:00 - matching_Balmis - INFO -   Fuzzy matches (score >= 70, limit=500): 29
2025-12-30 09:38:00 - matching_Balmis - DEBUG -     gz_id=2000122 'real' score=1.000 nombre=False saint_only=False terr= phase=auto_adopt
2025-12-30 09:38:00 - matching_Balmis - DEBUG -     gz_id=4000547 'real' score=1.000 nombre=False saint_only=False terr= phase=auto_adopt
2025-12-30 09:38:00 - matching_Balmis - DEBUG -     gz_id=4000547 'real' score=1.000 nombre=False saint_only=False terr= phase=auto_adopt
2025-12-30 09:38:00 - matching_Balmis - DEBUG -     gz_id=4000547 'real' score=1.000 nombre=False saint_only=False terr= phase=auto_adopt
2025-12-30 09:38:00 - matching_Balmis - DEBUG -     gz_id=4000547 'real' score=1.000 nombre=False saint_only=False terr= phase=auto_adopt
2025-12-30 09:38:00 - matching_Balmis - DEBUG -     gz_id=4000547 'real' score=1.000 nombre=False saint_only=False terr= phase=auto_adopt
2025-12-30 09:38:00 - matching_Balmis - DEBUG -     gz_id=2000005 'ciudad real' score=1.000 nombre=False saint_only=False terr=adm1_exact phase=auto_adopt
2025-12-30 09:38:00 - matching_Balmis - DEBUG -     gz_id=2000005 'ciudad real' score=1.000 nombre=False saint_only=False terr=adm1_exact phase=auto_adopt
2025-12-30 09:38:00 - matching_Balmis - DEBUG -     gz_id=2000005 'ciudad real' score=1.000 nombre=False saint_only=False terr=adm1_exact phase=auto_adopt
2025-12-30 09:38:00 - matching_Balmis - DEBUG -     gz_id=4000421 'ciudad real' score=1.000 nombre=True saint_only=False terr= phase=auto_adopt
2025-12-30 09:38:00 - matching_Balmis - DEBUG -     gz_id=4000421 'ciudad real' score=1.000 nombre=True saint_only=False terr= phase=auto_adopt
2025-12-30 09:38:00 - matching_Balmis - DEBUG -     gz_id=4000421 'ciudad real' score=1.000 nombre=True saint_only=False terr= phase=auto_adopt
2025-12-30 09:38:00 - matching_Balmis - DEBUG -     gz_id=4000421 'ciudad real' score=1.000 nombre=True saint_only=False terr= phase=auto_adopt
2025-12-30 09:38:00 - matching_Balmis - DEBUG -     gz_id=4000421 'ciudad real' score=1.000 nombre=True saint_only=False terr= phase=auto_adopt
2025-12-30 09:38:00 - matching_Balmis - DEBUG -     gz_id=4000421 'ciudad real' score=1.000 nombre=True saint_only=False terr= phase=auto_adopt
2025-12-30 09:38:00 - matching_Balmis - DEBUG -     gz_id=4000421 'ciudad real' score=1.000 nombre=True saint_only=False terr= phase=auto_adopt
2025-12-30 09:38:00 - matching_Balmis - DEBUG -     gz_id=4000421 'ciudad real' score=1.000 nombre=True saint_only=False terr= phase=auto_adopt
2025-12-30 09:38:00 - matching_Balmis - DEBUG -     gz_id=1002927 'balle real' score=0.706 nombre=False saint_only=False terr=adm0_iso_exact phase=relegated
2025-12-30 09:38:00 - matching_Balmis - DEBUG -     gz_id=1002927 'balle real' score=0.706 nombre=False saint_only=False terr=adm0_iso_exact phase=relegated
2025-12-30 09:38:00 - matching_Balmis - DEBUG -     gz_id=1002927 'balle real' score=0.706 nombre=False saint_only=False terr=adm0_iso_exact phase=relegated
2025-12-30 09:38:00 - matching_Balmis - DEBUG -     gz_id=9000010 'billa real' score=0.706 nombre=False saint_only=False terr= phase=relegated
2025-12-30 09:38:00 - matching_Balmis - DEBUG -     gz_id=9000010 'billa real' score=0.706 nombre=False saint_only=False terr= phase=relegated
2025-12-30 09:38:00 - matching_Balmis - DEBUG -     gz_id=5600340 'palma real' score=0.706 nombre=False saint_only=False terr= phase=relegated
2025-12-30 09:38:00 - matching_Balmis - DEBUG -     gz_id=5600340 'palma real' score=0.706 nombre=False saint_only=False terr= phase=relegated
2025-12-30 09:38:00 - matching_Balmis - DEBUG -     gz_id=5600340 'palma real' score=0.706 nombre=False saint_only=False terr= phase=relegated
2025-12-30 09:38:00 - matching_Balmis - DEBUG -     gz_id=5600340 'palma real' score=0.706 nombre=False saint_only=False terr= phase=relegated
2025-12-30 09:38:00 - matching_Balmis - DEBUG -     gz_id=5600340 'palma real' score=0.706 nombre=False saint_only=False terr= phase=relegated
2025-12-30 09:38:00 - matching_Balmis - DEBUG -     gz_id=5600340 'palma real' score=0.706 nombre=False saint_only=False terr= phase=relegated
2025-12-30 09:38:00 - matching_Balmis - DEBUG -     gz_id=5600340 'palma real' score=0.706 nombre=False saint_only=False terr= phase=relegated
2025-12-30 09:38:00 - matching_Balmis - INFO -   Before dedup: 29 candidates
2025-12-30 09:38:00 - matching_Balmis - INFO -   After dedup: 7 unique gz_ids
2025-12-30 09:38:00 - matching_Balmis - INFO -   Nombre matches (exact on lugar_nombre): 1
2025-12-30 09:38:00 - matching_Balmis - INFO -   Saint-only matches: 0
2025-12-30 09:38:00 - matching_Balmis - INFO -   Substantive matches: 7
2025-12-30 09:38:00 - matching_Balmis - INFO -   ✅ NOMBRE PRIORITY: Keeping ONLY 1 nombre matches, discarding 6 others
2025-12-30 09:38:00 - matching_Balmis - INFO -      gz_id=4000421: Ciudad Real
2025-12-30 09:38:00 - matching_Balmis - INFO -   Input has territorial data: True
2025-12-30 09:38:00 - matching_Balmis - INFO -   Candidates with territory match: 0
2025-12-30 09:38:00 - matching_Balmis - INFO -   No territorial filtering applied (no matching territories found)
2025-12-30 09:38:00 - matching_Balmis - INFO -   Auto-adopt candidates: 0
2025-12-30 09:38:00 - matching_Balmis - INFO -   Valid candidates (phase=candidate): 0
2025-12-30 09:38:00 - matching_Balmis - WARNING -   No valid candidates after phase filtering - relegated
2025-12-30 09:38:00 - matching_Balmis - INFO - 
============================================================
2025-12-30 09:38:00 - matching_Balmis - INFO - Processing rowID=82: 'Guatemala' -> cleaned: 'huatemala'
2025-12-30 09:38:00 - matching_Balmis - INFO -   Token-based candidates: 10
2025-12-30 09:38:00 - matching_Balmis - INFO -   Fuzzy matches (score >= 70, limit=500): 7
2025-12-30 09:38:00 - matching_Balmis - DEBUG -     gz_id=2000003 'huatemala' score=1.000 nombre=False saint_only=False terr=adm0_iso_exact phase=auto_adopt
2025-12-30 09:38:00 - matching_Balmis - DEBUG -     gz_id=2000003 'huatemala' score=1.000 nombre=False saint_only=False terr=adm0_iso_exact phase=auto_adopt
2025-12-30 09:38:00 - matching_Balmis - DEBUG -     gz_id=2000002 'antihua huatemala' score=1.000 nombre=False saint_only=False terr=adm0_iso_exact phase=auto_adopt
2025-12-30 09:38:00 - matching_Balmis - DEBUG -     gz_id=2000199 'tecpanhuatemala' score=1.000 nombre=False saint_only=False terr=adm0_iso_exact phase=auto_adopt
2025-12-30 09:38:00 - matching_Balmis - DEBUG -     gz_id=2000199 'tecpanhuatemala' score=1.000 nombre=False saint_only=False terr=adm0_iso_exact phase=auto_adopt
2025-12-30 09:38:00 - matching_Balmis - DEBUG -     gz_id=7000088 'huamalata' score=1.000 nombre=False saint_only=False terr= phase=auto_adopt
2025-12-30 09:38:00 - matching_Balmis - DEBUG -     gz_id=7000088 'huamalata' score=1.000 nombre=False saint_only=False terr= phase=auto_adopt
2025-12-30 09:38:00 - matching_Balmis - INFO -   Before dedup: 7 candidates
2025-12-30 09:38:00 - matching_Balmis - INFO -   After dedup: 4 unique gz_ids
2025-12-30 09:38:00 - matching_Balmis - INFO -   Nombre matches (exact on lugar_nombre): 0
2025-12-30 09:38:00 - matching_Balmis - INFO -   Saint-only matches: 0
2025-12-30 09:38:00 - matching_Balmis - INFO -   Substantive matches: 4
2025-12-30 09:38:00 - matching_Balmis - INFO -   Input has territorial data: True
2025-12-30 09:38:00 - matching_Balmis - INFO -   Candidates with territory match: 3
2025-12-30 09:38:00 - matching_Balmis - INFO -   After territorial filter (keeping adm0): 3 candidates
2025-12-30 09:38:00 - matching_Balmis - INFO -   Auto-adopt candidates: 3
2025-12-30 09:38:00 - matching_Balmis - INFO -   Multiple auto-adopts, keeping as candidates
2025-12-30 09:38:00 - matching_Balmis - INFO - 
============================================================
2025-12-30 09:38:00 - matching_Balmis - INFO - Processing rowID=83: 'Antequera' -> cleaned: 'antequera'
2025-12-30 09:38:00 - matching_Balmis - INFO -   Token-based candidates: 2
2025-12-30 09:38:00 - matching_Balmis - INFO -   Fuzzy matches (score >= 70, limit=500): 2
2025-12-30 09:38:00 - matching_Balmis - DEBUG -     gz_id=1000014 'antequera' score=1.000 nombre=True saint_only=False terr=adm0_iso_exact phase=auto_adopt
2025-12-30 09:38:00 - matching_Balmis - DEBUG -     gz_id=1000014 'antequera' score=1.000 nombre=True saint_only=False terr=adm0_iso_exact phase=auto_adopt
2025-12-30 09:38:00 - matching_Balmis - INFO -   Before dedup: 2 candidates
2025-12-30 09:38:00 - matching_Balmis - INFO -   After dedup: 1 unique gz_ids
2025-12-30 09:38:00 - matching_Balmis - INFO -   Nombre matches (exact on lugar_nombre): 1
2025-12-30 09:38:00 - matching_Balmis - INFO -   Saint-only matches: 0
2025-12-30 09:38:00 - matching_Balmis - INFO -   Substantive matches: 1
2025-12-30 09:38:00 - matching_Balmis - INFO -   ✅ NOMBRE PRIORITY: Keeping ONLY 1 nombre matches, discarding 0 others
2025-12-30 09:38:00 - matching_Balmis - INFO -      gz_id=1000014: Antequera
2025-12-30 09:38:00 - matching_Balmis - INFO -   Input has territorial data: True
2025-12-30 09:38:00 - matching_Balmis - INFO -   Candidates with territory match: 1
2025-12-30 09:38:00 - matching_Balmis - INFO -   After territorial filter (keeping adm0): 1 candidates
2025-12-30 09:38:00 - matching_Balmis - INFO -   Auto-adopt candidates: 1
2025-12-30 09:38:00 - matching_Balmis - INFO -   Single auto-adopt, discarding other matches
2025-12-30 09:38:00 - matching_Balmis - INFO - 
============================================================
2025-12-30 09:38:00 - matching_Balmis - INFO - Processing rowID=84: 'México' -> cleaned: 'mejico'
2025-12-30 09:38:00 - matching_Balmis - INFO -   Token-based candidates: 2
2025-12-30 09:38:00 - matching_Balmis - INFO -   Fuzzy matches (score >= 70, limit=500): 2
2025-12-30 09:38:00 - matching_Balmis - DEBUG -     gz_id=1000001 'mejico' score=1.000 nombre=True saint_only=False terr=adm0_iso_exact phase=auto_adopt
2025-12-30 09:38:00 - matching_Balmis - DEBUG -     gz_id=1000001 'mejico' score=1.000 nombre=True saint_only=False terr=adm0_iso_exact phase=auto_adopt
2025-12-30 09:38:00 - matching_Balmis - INFO -   Before dedup: 2 candidates
2025-12-30 09:38:00 - matching_Balmis - INFO -   After dedup: 1 unique gz_ids
2025-12-30 09:38:00 - matching_Balmis - INFO -   Nombre matches (exact on lugar_nombre): 1
2025-12-30 09:38:00 - matching_Balmis - INFO -   Saint-only matches: 0
2025-12-30 09:38:00 - matching_Balmis - INFO -   Substantive matches: 1
2025-12-30 09:38:00 - matching_Balmis - INFO -   ✅ NOMBRE PRIORITY: Keeping ONLY 1 nombre matches, discarding 0 others
2025-12-30 09:38:00 - matching_Balmis - INFO -      gz_id=1000001: Mexico
2025-12-30 09:38:00 - matching_Balmis - INFO -   Input has territorial data: True
2025-12-30 09:38:00 - matching_Balmis - INFO -   Candidates with territory match: 1
2025-12-30 09:38:00 - matching_Balmis - INFO -   After territorial filter (keeping adm0): 1 candidates
2025-12-30 09:38:00 - matching_Balmis - INFO -   Auto-adopt candidates: 1
2025-12-30 09:38:00 - matching_Balmis - INFO -   Single auto-adopt, discarding other matches
2025-12-30 09:38:00 - matching_Balmis - INFO - 
============================================================
2025-12-30 09:38:00 - matching_Balmis - INFO - Processing rowID=85: 'Campeche' -> cleaned: 'campeche'
2025-12-30 09:38:00 - matching_Balmis - INFO -   Token-based candidates: 2
2025-12-30 09:38:00 - matching_Balmis - INFO -   Fuzzy matches (score >= 70, limit=500): 2
2025-12-30 09:38:00 - matching_Balmis - DEBUG -     gz_id=1000226 'campeche' score=1.000 nombre=True saint_only=False terr=adm0_iso_exact phase=auto_adopt
2025-12-30 09:38:00 - matching_Balmis - DEBUG -     gz_id=1000226 'campeche' score=1.000 nombre=True saint_only=False terr=adm0_iso_exact phase=auto_adopt
2025-12-30 09:38:00 - matching_Balmis - INFO -   Before dedup: 2 candidates
2025-12-30 09:38:00 - matching_Balmis - INFO -   After dedup: 1 unique gz_ids
2025-12-30 09:38:00 - matching_Balmis - INFO -   Nombre matches (exact on lugar_nombre): 1
2025-12-30 09:38:00 - matching_Balmis - INFO -   Saint-only matches: 0
2025-12-30 09:38:00 - matching_Balmis - INFO -   Substantive matches: 1
2025-12-30 09:38:00 - matching_Balmis - INFO -   ✅ NOMBRE PRIORITY: Keeping ONLY 1 nombre matches, discarding 0 others
2025-12-30 09:38:00 - matching_Balmis - INFO -      gz_id=1000226: Campeche
2025-12-30 09:38:00 - matching_Balmis - INFO -   Input has territorial data: True
2025-12-30 09:38:00 - matching_Balmis - INFO -   Candidates with territory match: 1
2025-12-30 09:38:00 - matching_Balmis - INFO -   After territorial filter (keeping adm0): 1 candidates
2025-12-30 09:38:00 - matching_Balmis - INFO -   Auto-adopt candidates: 1
2025-12-30 09:38:00 - matching_Balmis - INFO -   Single auto-adopt, discarding other matches
2025-12-30 09:38:00 - matching_Balmis - INFO - 
============================================================
2025-12-30 09:38:00 - matching_Balmis - INFO - Processing rowID=86: 'Veracruz' -> cleaned: 'beracrus'
2025-12-30 09:38:00 - matching_Balmis - INFO -   Token-based candidates: 12
2025-12-30 09:38:00 - matching_Balmis - INFO -   Fuzzy matches (score >= 70, limit=500): 5
2025-12-30 09:38:00 - matching_Balmis - DEBUG -     gz_id=1004843 'santa beracrus' score=1.000 nombre=False saint_only=False terr=adm0_iso_exact phase=auto_adopt
2025-12-30 09:38:00 - matching_Balmis - DEBUG -     gz_id=1004843 'santa beracrus' score=1.000 nombre=False saint_only=False terr=adm0_iso_exact phase=auto_adopt
2025-12-30 09:38:00 - matching_Balmis - DEBUG -     gz_id=1000021 'beracrus' score=1.000 nombre=False saint_only=False terr=adm0_iso_exact phase=auto_adopt
2025-12-30 09:38:00 - matching_Balmis - DEBUG -     gz_id=1000021 'beracrus' score=1.000 nombre=False saint_only=False terr=adm0_iso_exact phase=auto_adopt
2025-12-30 09:38:00 - matching_Balmis - DEBUG -     gz_id=1000021 'beracrus' score=1.000 nombre=False saint_only=False terr=adm0_iso_exact phase=auto_adopt
2025-12-30 09:38:00 - matching_Balmis - INFO -   Before dedup: 5 candidates
2025-12-30 09:38:00 - matching_Balmis - INFO -   After dedup: 2 unique gz_ids
2025-12-30 09:38:00 - matching_Balmis - INFO -   Nombre matches (exact on lugar_nombre): 0
2025-12-30 09:38:00 - matching_Balmis - INFO -   Saint-only matches: 0
2025-12-30 09:38:00 - matching_Balmis - INFO -   Substantive matches: 2
2025-12-30 09:38:00 - matching_Balmis - INFO -   Input has territorial data: True
2025-12-30 09:38:00 - matching_Balmis - INFO -   Candidates with territory match: 2
2025-12-30 09:38:00 - matching_Balmis - INFO -   After territorial filter (keeping adm0): 2 candidates
2025-12-30 09:38:00 - matching_Balmis - INFO -   Auto-adopt candidates: 2
2025-12-30 09:38:00 - matching_Balmis - INFO -   Multiple auto-adopts, keeping as candidates
2025-12-30 09:38:00 - matching_Balmis - INFO - 
============================================================
2025-12-30 09:38:00 - matching_Balmis - INFO - Processing rowID=87: 'México' -> cleaned: 'mejico'
2025-12-30 09:38:00 - matching_Balmis - INFO -   Token-based candidates: 2
2025-12-30 09:38:00 - matching_Balmis - INFO -   Fuzzy matches (score >= 70, limit=500): 2
2025-12-30 09:38:00 - matching_Balmis - DEBUG -     gz_id=1000001 'mejico' score=1.000 nombre=True saint_only=False terr=adm0_iso_exact phase=auto_adopt
2025-12-30 09:38:00 - matching_Balmis - DEBUG -     gz_id=1000001 'mejico' score=1.000 nombre=True saint_only=False terr=adm0_iso_exact phase=auto_adopt
2025-12-30 09:38:00 - matching_Balmis - INFO -   Before dedup: 2 candidates
2025-12-30 09:38:00 - matching_Balmis - INFO -   After dedup: 1 unique gz_ids
2025-12-30 09:38:00 - matching_Balmis - INFO -   Nombre matches (exact on lugar_nombre): 1
2025-12-30 09:38:00 - matching_Balmis - INFO -   Saint-only matches: 0
2025-12-30 09:38:00 - matching_Balmis - INFO -   Substantive matches: 1
2025-12-30 09:38:00 - matching_Balmis - INFO -   ✅ NOMBRE PRIORITY: Keeping ONLY 1 nombre matches, discarding 0 others
2025-12-30 09:38:00 - matching_Balmis - INFO -      gz_id=1000001: Mexico
2025-12-30 09:38:00 - matching_Balmis - INFO -   Input has territorial data: True
2025-12-30 09:38:00 - matching_Balmis - INFO -   Candidates with territory match: 1
2025-12-30 09:38:00 - matching_Balmis - INFO -   After territorial filter (keeping adm0): 1 candidates
2025-12-30 09:38:00 - matching_Balmis - INFO -   Auto-adopt candidates: 1
2025-12-30 09:38:00 - matching_Balmis - INFO -   Single auto-adopt, discarding other matches
2025-12-30 09:38:00 - matching_Balmis - INFO - 
============================================================
2025-12-30 09:38:00 - matching_Balmis - INFO - Processing rowID=88: 'Puebla' -> cleaned: 'puebla'
2025-12-30 09:38:00 - matching_Balmis - INFO -   Token-based candidates: 7
2025-12-30 09:38:00 - matching_Balmis - INFO -   Fuzzy matches (score >= 70, limit=500): 5
2025-12-30 09:38:00 - matching_Balmis - DEBUG -     gz_id=1000015 'puebla' score=1.000 nombre=False saint_only=False terr=adm0_iso_exact phase=auto_adopt
2025-12-30 09:38:00 - matching_Balmis - DEBUG -     gz_id=1000015 'puebla' score=1.000 nombre=False saint_only=False terr=adm0_iso_exact phase=auto_adopt
2025-12-30 09:38:00 - matching_Balmis - DEBUG -     gz_id=1000015 'puebla' score=1.000 nombre=False saint_only=False terr=adm0_iso_exact phase=auto_adopt
2025-12-30 09:38:00 - matching_Balmis - DEBUG -     gz_id=2000697 'puebla' score=1.000 nombre=True saint_only=False terr= phase=auto_adopt
2025-12-30 09:38:00 - matching_Balmis - DEBUG -     gz_id=2000697 'puebla' score=1.000 nombre=True saint_only=False terr= phase=auto_adopt
2025-12-30 09:38:00 - matching_Balmis - INFO -   Before dedup: 5 candidates
2025-12-30 09:38:00 - matching_Balmis - INFO -   After dedup: 2 unique gz_ids
2025-12-30 09:38:00 - matching_Balmis - INFO -   Nombre matches (exact on lugar_nombre): 1
2025-12-30 09:38:00 - matching_Balmis - INFO -   Saint-only matches: 0
2025-12-30 09:38:00 - matching_Balmis - INFO -   Substantive matches: 2
2025-12-30 09:38:00 - matching_Balmis - INFO -   ✅ NOMBRE PRIORITY: Keeping ONLY 1 nombre matches, discarding 1 others
2025-12-30 09:38:00 - matching_Balmis - INFO -      gz_id=2000697: Puebla
2025-12-30 09:38:00 - matching_Balmis - INFO -   Input has territorial data: True
2025-12-30 09:38:00 - matching_Balmis - INFO -   Candidates with territory match: 0
2025-12-30 09:38:00 - matching_Balmis - INFO -   No territorial filtering applied (no matching territories found)
2025-12-30 09:38:00 - matching_Balmis - INFO -   Auto-adopt candidates: 0
2025-12-30 09:38:00 - matching_Balmis - INFO -   Valid candidates (phase=candidate): 0
2025-12-30 09:38:00 - matching_Balmis - WARNING -   No valid candidates after phase filtering - relegated
2025-12-30 09:38:00 - matching_Balmis - INFO - 
============================================================
2025-12-30 09:38:00 - matching_Balmis - INFO - Processing rowID=89: 'México' -> cleaned: 'mejico'
2025-12-30 09:38:00 - matching_Balmis - INFO -   Token-based candidates: 2
2025-12-30 09:38:00 - matching_Balmis - INFO -   Fuzzy matches (score >= 70, limit=500): 2
2025-12-30 09:38:00 - matching_Balmis - DEBUG -     gz_id=1000001 'mejico' score=1.000 nombre=True saint_only=False terr=adm0_iso_exact phase=auto_adopt
2025-12-30 09:38:00 - matching_Balmis - DEBUG -     gz_id=1000001 'mejico' score=1.000 nombre=True saint_only=False terr=adm0_iso_exact phase=auto_adopt
2025-12-30 09:38:00 - matching_Balmis - INFO -   Before dedup: 2 candidates
2025-12-30 09:38:00 - matching_Balmis - INFO -   After dedup: 1 unique gz_ids
2025-12-30 09:38:00 - matching_Balmis - INFO -   Nombre matches (exact on lugar_nombre): 1
2025-12-30 09:38:00 - matching_Balmis - INFO -   Saint-only matches: 0
2025-12-30 09:38:00 - matching_Balmis - INFO -   Substantive matches: 1
2025-12-30 09:38:00 - matching_Balmis - INFO -   ✅ NOMBRE PRIORITY: Keeping ONLY 1 nombre matches, discarding 0 others
2025-12-30 09:38:00 - matching_Balmis - INFO -      gz_id=1000001: Mexico
2025-12-30 09:38:00 - matching_Balmis - INFO -   Input has territorial data: True
2025-12-30 09:38:00 - matching_Balmis - INFO -   Candidates with territory match: 1
2025-12-30 09:38:00 - matching_Balmis - INFO -   After territorial filter (keeping adm0): 1 candidates
2025-12-30 09:38:00 - matching_Balmis - INFO -   Auto-adopt candidates: 1
2025-12-30 09:38:00 - matching_Balmis - INFO -   Single auto-adopt, discarding other matches
2025-12-30 09:38:00 - matching_Balmis - INFO - 
============================================================
2025-12-30 09:38:00 - matching_Balmis - INFO - Processing rowID=90: 'Querétaro' -> cleaned: 'queretaro'
2025-12-30 09:38:00 - matching_Balmis - INFO -   Token-based candidates: 2
2025-12-30 09:38:00 - matching_Balmis - INFO -   Fuzzy matches (score >= 70, limit=500): 2
2025-12-30 09:38:00 - matching_Balmis - DEBUG -     gz_id=1000098 'queretaro' score=1.000 nombre=False saint_only=False terr=adm0_iso_exact phase=auto_adopt
2025-12-30 09:38:00 - matching_Balmis - DEBUG -     gz_id=1000098 'queretaro' score=1.000 nombre=False saint_only=False terr=adm0_iso_exact phase=auto_adopt
2025-12-30 09:38:00 - matching_Balmis - INFO -   Before dedup: 2 candidates
2025-12-30 09:38:00 - matching_Balmis - INFO -   After dedup: 1 unique gz_ids
2025-12-30 09:38:00 - matching_Balmis - INFO -   Nombre matches (exact on lugar_nombre): 0
2025-12-30 09:38:00 - matching_Balmis - INFO -   Saint-only matches: 0
2025-12-30 09:38:00 - matching_Balmis - INFO -   Substantive matches: 1
2025-12-30 09:38:00 - matching_Balmis - INFO -   Input has territorial data: True
2025-12-30 09:38:00 - matching_Balmis - INFO -   Candidates with territory match: 1
2025-12-30 09:38:00 - matching_Balmis - INFO -   After territorial filter (keeping adm0): 1 candidates
2025-12-30 09:38:00 - matching_Balmis - INFO -   Auto-adopt candidates: 1
2025-12-30 09:38:00 - matching_Balmis - INFO -   Single auto-adopt, discarding other matches
2025-12-30 09:38:00 - matching_Balmis - INFO - Processing row 90, rowID=91
2025-12-30 09:38:00 - matching_Balmis - INFO - 
============================================================
2025-12-30 09:38:00 - matching_Balmis - INFO - Processing rowID=91: 'Celaya' -> cleaned: 'celaia'
2025-12-30 09:38:00 - matching_Balmis - INFO -   Token-based candidates: 2
2025-12-30 09:38:00 - matching_Balmis - INFO -   Fuzzy matches (score >= 70, limit=500): 2
2025-12-30 09:38:00 - matching_Balmis - DEBUG -     gz_id=1000073 'celaia' score=1.000 nombre=True saint_only=False terr=adm0_iso_exact phase=auto_adopt
2025-12-30 09:38:00 - matching_Balmis - DEBUG -     gz_id=1000073 'celaia' score=1.000 nombre=True saint_only=False terr=adm0_iso_exact phase=auto_adopt
2025-12-30 09:38:00 - matching_Balmis - INFO -   Before dedup: 2 candidates
2025-12-30 09:38:00 - matching_Balmis - INFO -   After dedup: 1 unique gz_ids
2025-12-30 09:38:00 - matching_Balmis - INFO -   Nombre matches (exact on lugar_nombre): 1
2025-12-30 09:38:00 - matching_Balmis - INFO -   Saint-only matches: 0
2025-12-30 09:38:00 - matching_Balmis - INFO -   Substantive matches: 1
2025-12-30 09:38:00 - matching_Balmis - INFO -   ✅ NOMBRE PRIORITY: Keeping ONLY 1 nombre matches, discarding 0 others
2025-12-30 09:38:00 - matching_Balmis - INFO -      gz_id=1000073: Celaya
2025-12-30 09:38:00 - matching_Balmis - INFO -   Input has territorial data: True
2025-12-30 09:38:00 - matching_Balmis - INFO -   Candidates with territory match: 1
2025-12-30 09:38:00 - matching_Balmis - INFO -   After territorial filter (keeping adm0): 1 candidates
2025-12-30 09:38:00 - matching_Balmis - INFO -   Auto-adopt candidates: 1
2025-12-30 09:38:00 - matching_Balmis - INFO -   Single auto-adopt, discarding other matches
2025-12-30 09:38:00 - matching_Balmis - INFO - 
============================================================
2025-12-30 09:38:00 - matching_Balmis - INFO - Processing rowID=92: 'Guanajuato' -> cleaned: 'huanajuato'
2025-12-30 09:38:00 - matching_Balmis - INFO -   Token-based candidates: 2
2025-12-30 09:38:00 - matching_Balmis - INFO -   Fuzzy matches (score >= 70, limit=500): 2
2025-12-30 09:38:00 - matching_Balmis - DEBUG -     gz_id=1000005 'huanajuato' score=1.000 nombre=False saint_only=False terr=adm0_iso_exact phase=auto_adopt
2025-12-30 09:38:00 - matching_Balmis - DEBUG -     gz_id=1000005 'huanajuato' score=1.000 nombre=False saint_only=False terr=adm0_iso_exact phase=auto_adopt
2025-12-30 09:38:00 - matching_Balmis - INFO -   Before dedup: 2 candidates
2025-12-30 09:38:00 - matching_Balmis - INFO -   After dedup: 1 unique gz_ids
2025-12-30 09:38:00 - matching_Balmis - INFO -   Nombre matches (exact on lugar_nombre): 0
2025-12-30 09:38:00 - matching_Balmis - INFO -   Saint-only matches: 0
2025-12-30 09:38:00 - matching_Balmis - INFO -   Substantive matches: 1
2025-12-30 09:38:00 - matching_Balmis - INFO -   Input has territorial data: True
2025-12-30 09:38:00 - matching_Balmis - INFO -   Candidates with territory match: 1
2025-12-30 09:38:00 - matching_Balmis - INFO -   After territorial filter (keeping adm0): 1 candidates
2025-12-30 09:38:00 - matching_Balmis - INFO -   Auto-adopt candidates: 1
2025-12-30 09:38:00 - matching_Balmis - INFO -   Single auto-adopt, discarding other matches
2025-12-30 09:38:00 - matching_Balmis - INFO - 
============================================================
2025-12-30 09:38:00 - matching_Balmis - INFO - Processing rowID=93: 'Aguas Calientes' -> cleaned: 'ahuas calientes'
2025-12-30 09:38:00 - matching_Balmis - INFO -   Token-based candidates: 8
2025-12-30 09:38:00 - matching_Balmis - INFO -   Filtering: need match on substantive tokens: ['calientes', 'ahuas'] OR 2+ total tokens
2025-12-30 09:38:00 - matching_Balmis - INFO -   Fuzzy matches (score >= 70, limit=500): 8
2025-12-30 09:38:00 - matching_Balmis - DEBUG -     gz_id=9900186 'ahuas calientes' score=1.000 nombre=True saint_only=False terr= phase=auto_adopt
2025-12-30 09:38:00 - matching_Balmis - DEBUG -     gz_id=9900186 'ahuas calientes' score=1.000 nombre=True saint_only=False terr= phase=auto_adopt
2025-12-30 09:38:00 - matching_Balmis - DEBUG -     gz_id=9900186 'ahuas calientes' score=1.000 nombre=True saint_only=False terr= phase=auto_adopt
2025-12-30 09:38:00 - matching_Balmis - DEBUG -     gz_id=2000795 'san bartolome ahuas caliente' score=0.966 nombre=False saint_only=False terr= phase=auto_adopt
2025-12-30 09:38:00 - matching_Balmis - DEBUG -     gz_id=5000149 'ahuas bibas' score=0.737 nombre=False saint_only=False terr= phase=relegated
2025-12-30 09:38:00 - matching_Balmis - DEBUG -     gz_id=5000149 'ahuas bibas' score=0.737 nombre=False saint_only=False terr= phase=relegated
2025-12-30 09:38:00 - matching_Balmis - DEBUG -     gz_id=5000149 'ahuas bibas' score=0.737 nombre=False saint_only=False terr= phase=relegated
2025-12-30 09:38:00 - matching_Balmis - DEBUG -     gz_id=5000149 'ahuas bibas' score=0.737 nombre=False saint_only=False terr= phase=relegated
2025-12-30 09:38:00 - matching_Balmis - INFO -   Before dedup: 8 candidates
2025-12-30 09:38:00 - matching_Balmis - INFO -   After dedup: 3 unique gz_ids
2025-12-30 09:38:00 - matching_Balmis - INFO -   Nombre matches (exact on lugar_nombre): 1
2025-12-30 09:38:00 - matching_Balmis - INFO -   Saint-only matches: 0
2025-12-30 09:38:00 - matching_Balmis - INFO -   Substantive matches: 3
2025-12-30 09:38:00 - matching_Balmis - INFO -   ✅ NOMBRE PRIORITY: Keeping ONLY 1 nombre matches, discarding 2 others
2025-12-30 09:38:00 - matching_Balmis - INFO -      gz_id=9900186: Aguas Calientes
2025-12-30 09:38:00 - matching_Balmis - INFO -   Input has territorial data: True
2025-12-30 09:38:00 - matching_Balmis - INFO -   Candidates with territory match: 0
2025-12-30 09:38:00 - matching_Balmis - INFO -   No territorial filtering applied (no matching territories found)
2025-12-30 09:38:00 - matching_Balmis - INFO -   Auto-adopt candidates: 0
2025-12-30 09:38:00 - matching_Balmis - INFO -   Valid candidates (phase=candidate): 0
2025-12-30 09:38:00 - matching_Balmis - WARNING -   No valid candidates after phase filtering - relegated
2025-12-30 09:38:00 - matching_Balmis - INFO - 
============================================================
2025-12-30 09:38:00 - matching_Balmis - INFO - Processing rowID=94: 'Fresnillo' -> cleaned: 'fresnillo'
2025-12-30 09:38:00 - matching_Balmis - INFO -   Token-based candidates: 3
2025-12-30 09:38:00 - matching_Balmis - INFO -   Fuzzy matches (score >= 70, limit=500): 3
2025-12-30 09:38:00 - matching_Balmis - DEBUG -     gz_id=1000234 'fresnillo' score=1.000 nombre=True saint_only=False terr=adm0_iso_exact phase=auto_adopt
2025-12-30 09:38:00 - matching_Balmis - DEBUG -     gz_id=1000234 'fresnillo' score=1.000 nombre=True saint_only=False terr=adm0_iso_exact phase=auto_adopt
2025-12-30 09:38:00 - matching_Balmis - DEBUG -     gz_id=1000234 'fresnillo' score=1.000 nombre=True saint_only=False terr=adm0_iso_exact phase=auto_adopt
2025-12-30 09:38:00 - matching_Balmis - INFO -   Before dedup: 3 candidates
2025-12-30 09:38:00 - matching_Balmis - INFO -   After dedup: 1 unique gz_ids
2025-12-30 09:38:00 - matching_Balmis - INFO -   Nombre matches (exact on lugar_nombre): 1
2025-12-30 09:38:00 - matching_Balmis - INFO -   Saint-only matches: 0
2025-12-30 09:38:00 - matching_Balmis - INFO -   Substantive matches: 1
2025-12-30 09:38:00 - matching_Balmis - INFO -   ✅ NOMBRE PRIORITY: Keeping ONLY 1 nombre matches, discarding 0 others
2025-12-30 09:38:00 - matching_Balmis - INFO -      gz_id=1000234: Fresnillo
2025-12-30 09:38:00 - matching_Balmis - INFO -   Input has territorial data: True
2025-12-30 09:38:00 - matching_Balmis - INFO -   Candidates with territory match: 1
2025-12-30 09:38:00 - matching_Balmis - INFO -   After territorial filter (keeping adm0): 1 candidates
2025-12-30 09:38:00 - matching_Balmis - INFO -   Auto-adopt candidates: 1
2025-12-30 09:38:00 - matching_Balmis - INFO -   Single auto-adopt, discarding other matches
2025-12-30 09:38:00 - matching_Balmis - INFO - 
============================================================
2025-12-30 09:38:00 - matching_Balmis - INFO - Processing rowID=95: 'Sombrerete' -> cleaned: 'sombrerete'
2025-12-30 09:38:00 - matching_Balmis - INFO -   Token-based candidates: 2
2025-12-30 09:38:00 - matching_Balmis - INFO -   Fuzzy matches (score >= 70, limit=500): 2
2025-12-30 09:38:00 - matching_Balmis - DEBUG -     gz_id=1000240 'sombrerete' score=1.000 nombre=True saint_only=False terr=adm0_iso_exact phase=auto_adopt
2025-12-30 09:38:00 - matching_Balmis - DEBUG -     gz_id=1000240 'sombrerete' score=1.000 nombre=True saint_only=False terr=adm0_iso_exact phase=auto_adopt
2025-12-30 09:38:00 - matching_Balmis - INFO -   Before dedup: 2 candidates
2025-12-30 09:38:00 - matching_Balmis - INFO -   After dedup: 1 unique gz_ids
2025-12-30 09:38:00 - matching_Balmis - INFO -   Nombre matches (exact on lugar_nombre): 1
2025-12-30 09:38:00 - matching_Balmis - INFO -   Saint-only matches: 0
2025-12-30 09:38:00 - matching_Balmis - INFO -   Substantive matches: 1
2025-12-30 09:38:00 - matching_Balmis - INFO -   ✅ NOMBRE PRIORITY: Keeping ONLY 1 nombre matches, discarding 0 others
2025-12-30 09:38:00 - matching_Balmis - INFO -      gz_id=1000240: Sombrerete
2025-12-30 09:38:00 - matching_Balmis - INFO -   Input has territorial data: True
2025-12-30 09:38:00 - matching_Balmis - INFO -   Candidates with territory match: 1
2025-12-30 09:38:00 - matching_Balmis - INFO -   After territorial filter (keeping adm0): 1 candidates
2025-12-30 09:38:00 - matching_Balmis - INFO -   Auto-adopt candidates: 1
2025-12-30 09:38:00 - matching_Balmis - INFO -   Single auto-adopt, discarding other matches
2025-12-30 09:38:00 - matching_Balmis - INFO - 
============================================================
2025-12-30 09:38:00 - matching_Balmis - INFO - Processing rowID=96: 'Durango' -> cleaned: 'durango'
2025-12-30 09:38:00 - matching_Balmis - INFO -   Token-based candidates: 2
2025-12-30 09:38:00 - matching_Balmis - INFO -   Fuzzy matches (score >= 70, limit=500): 2
2025-12-30 09:38:00 - matching_Balmis - DEBUG -     gz_id=1000004 'durango' score=1.000 nombre=True saint_only=False terr=adm0_iso_exact phase=auto_adopt
2025-12-30 09:38:00 - matching_Balmis - DEBUG -     gz_id=1000004 'durango' score=1.000 nombre=True saint_only=False terr=adm0_iso_exact phase=auto_adopt
2025-12-30 09:38:00 - matching_Balmis - INFO -   Before dedup: 2 candidates
2025-12-30 09:38:00 - matching_Balmis - INFO -   After dedup: 1 unique gz_ids
2025-12-30 09:38:00 - matching_Balmis - INFO -   Nombre matches (exact on lugar_nombre): 1
2025-12-30 09:38:00 - matching_Balmis - INFO -   Saint-only matches: 0
2025-12-30 09:38:00 - matching_Balmis - INFO -   Substantive matches: 1
2025-12-30 09:38:00 - matching_Balmis - INFO -   ✅ NOMBRE PRIORITY: Keeping ONLY 1 nombre matches, discarding 0 others
2025-12-30 09:38:00 - matching_Balmis - INFO -      gz_id=1000004: Durango
2025-12-30 09:38:00 - matching_Balmis - INFO -   Input has territorial data: True
2025-12-30 09:38:00 - matching_Balmis - INFO -   Candidates with territory match: 1
2025-12-30 09:38:00 - matching_Balmis - INFO -   After territorial filter (keeping adm0): 1 candidates
2025-12-30 09:38:00 - matching_Balmis - INFO -   Auto-adopt candidates: 1
2025-12-30 09:38:00 - matching_Balmis - INFO -   Single auto-adopt, discarding other matches
2025-12-30 09:38:00 - matching_Balmis - INFO - 
============================================================
2025-12-30 09:38:00 - matching_Balmis - INFO - Processing rowID=97: 'México' -> cleaned: 'mejico'
2025-12-30 09:38:00 - matching_Balmis - INFO -   Token-based candidates: 2
2025-12-30 09:38:00 - matching_Balmis - INFO -   Fuzzy matches (score >= 70, limit=500): 2
2025-12-30 09:38:00 - matching_Balmis - DEBUG -     gz_id=1000001 'mejico' score=1.000 nombre=True saint_only=False terr=adm0_iso_exact phase=auto_adopt
2025-12-30 09:38:00 - matching_Balmis - DEBUG -     gz_id=1000001 'mejico' score=1.000 nombre=True saint_only=False terr=adm0_iso_exact phase=auto_adopt
2025-12-30 09:38:00 - matching_Balmis - INFO -   Before dedup: 2 candidates
2025-12-30 09:38:00 - matching_Balmis - INFO -   After dedup: 1 unique gz_ids
2025-12-30 09:38:00 - matching_Balmis - INFO -   Nombre matches (exact on lugar_nombre): 1
2025-12-30 09:38:00 - matching_Balmis - INFO -   Saint-only matches: 0
2025-12-30 09:38:00 - matching_Balmis - INFO -   Substantive matches: 1
2025-12-30 09:38:00 - matching_Balmis - INFO -   ✅ NOMBRE PRIORITY: Keeping ONLY 1 nombre matches, discarding 0 others
2025-12-30 09:38:00 - matching_Balmis - INFO -      gz_id=1000001: Mexico
2025-12-30 09:38:00 - matching_Balmis - INFO -   Input has territorial data: True
2025-12-30 09:38:00 - matching_Balmis - INFO -   Candidates with territory match: 1
2025-12-30 09:38:00 - matching_Balmis - INFO -   After territorial filter (keeping adm0): 1 candidates
2025-12-30 09:38:00 - matching_Balmis - INFO -   Auto-adopt candidates: 1
2025-12-30 09:38:00 - matching_Balmis - INFO -   Single auto-adopt, discarding other matches
2025-12-30 09:38:00 - matching_Balmis - INFO - 
============================================================
2025-12-30 09:38:00 - matching_Balmis - INFO - Processing rowID=98: 'Acapulco' -> cleaned: 'acapulco'
2025-12-30 09:38:00 - matching_Balmis - INFO -   Token-based candidates: 8
2025-12-30 09:38:00 - matching_Balmis - INFO -   Fuzzy matches (score >= 70, limit=500): 8
2025-12-30 09:38:00 - matching_Balmis - DEBUG -     gz_id=1003824 'acapulco' score=1.000 nombre=False saint_only=False terr=adm0_iso_exact phase=auto_adopt
2025-12-30 09:38:00 - matching_Balmis - DEBUG -     gz_id=1003824 'acapulco' score=1.000 nombre=False saint_only=False terr=adm0_iso_exact phase=auto_adopt
2025-12-30 09:38:00 - matching_Balmis - DEBUG -     gz_id=1000006 'acapulco' score=1.000 nombre=True saint_only=False terr=adm0_iso_exact phase=auto_adopt
2025-12-30 09:38:00 - matching_Balmis - DEBUG -     gz_id=1000006 'acapulco' score=1.000 nombre=True saint_only=False terr=adm0_iso_exact phase=auto_adopt
2025-12-30 09:38:00 - matching_Balmis - DEBUG -     gz_id=1000006 'acapulco' score=1.000 nombre=True saint_only=False terr=adm0_iso_exact phase=auto_adopt
2025-12-30 09:38:00 - matching_Balmis - DEBUG -     gz_id=1003111 'acapulco' score=1.000 nombre=False saint_only=False terr=adm0_iso_exact phase=auto_adopt
2025-12-30 09:38:00 - matching_Balmis - DEBUG -     gz_id=1003111 'acapulco' score=1.000 nombre=False saint_only=False terr=adm0_iso_exact phase=auto_adopt
2025-12-30 09:38:00 - matching_Balmis - DEBUG -     gz_id=1003111 'acapulco' score=1.000 nombre=False saint_only=False terr=adm0_iso_exact phase=auto_adopt
2025-12-30 09:38:00 - matching_Balmis - INFO -   Before dedup: 8 candidates
2025-12-30 09:38:00 - matching_Balmis - INFO -   After dedup: 3 unique gz_ids
2025-12-30 09:38:00 - matching_Balmis - INFO -   Nombre matches (exact on lugar_nombre): 1
2025-12-30 09:38:00 - matching_Balmis - INFO -   Saint-only matches: 0
2025-12-30 09:38:00 - matching_Balmis - INFO -   Substantive matches: 3
2025-12-30 09:38:00 - matching_Balmis - INFO -   ✅ NOMBRE PRIORITY: Keeping ONLY 1 nombre matches, discarding 2 others
2025-12-30 09:38:00 - matching_Balmis - INFO -      gz_id=1000006: Acapulco
2025-12-30 09:38:00 - matching_Balmis - INFO -   Input has territorial data: True
2025-12-30 09:38:00 - matching_Balmis - INFO -   Candidates with territory match: 1
2025-12-30 09:38:00 - matching_Balmis - INFO -   After territorial filter (keeping adm0): 1 candidates
2025-12-30 09:38:00 - matching_Balmis - INFO -   Auto-adopt candidates: 1
2025-12-30 09:38:00 - matching_Balmis - INFO -   Single auto-adopt, discarding other matches
2025-12-30 09:38:00 - matching_Balmis - INFO - 
============================================================
2025-12-30 09:38:00 - matching_Balmis - INFO - Processing rowID=99: 'Manila' -> cleaned: 'manila'
2025-12-30 09:38:00 - matching_Balmis - INFO -   Token-based candidates: 0
2025-12-30 09:38:00 - matching_Balmis - WARNING -   No candidates found - relegated
2025-12-30 09:38:00 - matching_Balmis - INFO - 
============================================================
2025-12-30 09:38:00 - matching_Balmis - INFO - Processing rowID=100: 'Cebú' -> cleaned: 'cebu'
2025-12-30 09:38:00 - matching_Balmis - INFO -   Token-based candidates: 0
2025-12-30 09:38:00 - matching_Balmis - WARNING -   No candidates found - relegated
2025-12-30 09:38:00 - matching_Balmis - INFO - Batch 0-100: completed successfully, 126 results
2025-12-30 09:38:00 - matching_Balmis - INFO - Processing row 100, rowID=101
2025-12-30 09:38:00 - matching_Balmis - INFO - 
============================================================
2025-12-30 09:38:00 - matching_Balmis - INFO - Processing rowID=101: 'Mizamiso' -> cleaned: 'misamiso'
2025-12-30 09:38:00 - matching_Balmis - INFO -   Token-based candidates: 0
2025-12-30 09:38:00 - matching_Balmis - WARNING -   No candidates found - relegated
2025-12-30 09:38:00 - matching_Balmis - INFO - 
============================================================
2025-12-30 09:38:00 - matching_Balmis - INFO - Processing rowID=102: 'Mindanao' -> cleaned: 'mindanao'
2025-12-30 09:38:00 - matching_Balmis - INFO -   Token-based candidates: 0
2025-12-30 09:38:00 - matching_Balmis - WARNING -   No candidates found - relegated
2025-12-30 09:38:00 - matching_Balmis - INFO - 
============================================================
2025-12-30 09:38:00 - matching_Balmis - INFO - Processing rowID=103: 'Zambuanga' -> cleaned: 'sambuanga'
2025-12-30 09:38:00 - matching_Balmis - INFO -   Token-based candidates: 0
2025-12-30 09:38:00 - matching_Balmis - WARNING -   No candidates found - relegated
2025-12-30 09:38:00 - matching_Balmis - INFO - 
============================================================
2025-12-30 09:38:00 - matching_Balmis - INFO - Processing rowID=104: 'Macao' -> cleaned: 'macao'
2025-12-30 09:38:00 - matching_Balmis - INFO -   Token-based candidates: 0
2025-12-30 09:38:00 - matching_Balmis - WARNING -   No candidates found - relegated
2025-12-30 09:38:00 - matching_Balmis - INFO - 
============================================================
2025-12-30 09:38:00 - matching_Balmis - INFO - Processing rowID=105: 'Canton' -> cleaned: 'canton'
2025-12-30 09:38:00 - matching_Balmis - INFO -   Token-based candidates: 0
2025-12-30 09:38:00 - matching_Balmis - WARNING -   No candidates found - relegated
2025-12-30 09:38:00 - matching_Balmis - INFO - 
============================================================
2025-12-30 09:38:00 - matching_Balmis - INFO - Processing rowID=106: 'Macao' -> cleaned: 'macao'
2025-12-30 09:38:00 - matching_Balmis - INFO -   Token-based candidates: 0
2025-12-30 09:38:00 - matching_Balmis - WARNING -   No candidates found - relegated
2025-12-30 09:38:00 - matching_Balmis - INFO - 
============================================================
2025-12-30 09:38:00 - matching_Balmis - INFO - Processing rowID=107: 'Saint Helena' -> cleaned: 'saint helena'
2025-12-30 09:38:00 - matching_Balmis - INFO -   Token-based candidates: 13
2025-12-30 09:38:00 - matching_Balmis - INFO -   Filtering: need match on substantive tokens: ['saint', 'helena'] OR 2+ total tokens
2025-12-30 09:38:00 - matching_Balmis - INFO -   Fuzzy matches (score >= 70, limit=500): 11
2025-12-30 09:38:00 - matching_Balmis - DEBUG -     gz_id=3000285 'saint jenebiebe' score=0.762 nombre=False saint_only=False terr= phase=relegated
2025-12-30 09:38:00 - matching_Balmis - DEBUG -     gz_id=3000285 'saint jenebiebe' score=0.762 nombre=False saint_only=False terr= phase=relegated
2025-12-30 09:38:00 - matching_Balmis - DEBUG -     gz_id=3000285 'saint jenebiebe' score=0.762 nombre=False saint_only=False terr= phase=relegated
2025-12-30 09:38:00 - matching_Balmis - DEBUG -     gz_id=3000285 'saint jenebiebe' score=0.762 nombre=False saint_only=False terr= phase=relegated
2025-12-30 09:38:00 - matching_Balmis - DEBUG -     gz_id=3000285 'saint jenebiebe' score=0.762 nombre=False saint_only=False terr= phase=relegated
2025-12-30 09:38:00 - matching_Balmis - DEBUG -     gz_id=3000339 'saint michel' score=0.750 nombre=False saint_only=False terr= phase=relegated
2025-12-30 09:38:00 - matching_Balmis - DEBUG -     gz_id=3000288 'saint louis' score=0.706 nombre=False saint_only=False terr= phase=relegated
2025-12-30 09:38:00 - matching_Balmis - DEBUG -     gz_id=3000288 'saint louis' score=0.706 nombre=False saint_only=False terr= phase=relegated
2025-12-30 09:38:00 - matching_Balmis - DEBUG -     gz_id=3000288 'saint louis' score=0.706 nombre=False saint_only=False terr= phase=relegated
2025-12-30 09:38:00 - matching_Balmis - DEBUG -     gz_id=3000288 'saint louis' score=0.706 nombre=False saint_only=False terr= phase=relegated
2025-12-30 09:38:00 - matching_Balmis - DEBUG -     gz_id=3000288 'saint louis' score=0.706 nombre=False saint_only=False terr= phase=relegated
2025-12-30 09:38:00 - matching_Balmis - INFO -   Before dedup: 11 candidates
2025-12-30 09:38:00 - matching_Balmis - INFO -   After dedup: 3 unique gz_ids
2025-12-30 09:38:00 - matching_Balmis - INFO -   Nombre matches (exact on lugar_nombre): 0
2025-12-30 09:38:00 - matching_Balmis - INFO -   Saint-only matches: 0
2025-12-30 09:38:00 - matching_Balmis - INFO -   Substantive matches: 3
2025-12-30 09:38:00 - matching_Balmis - INFO -   Input has territorial data: True
2025-12-30 09:38:00 - matching_Balmis - INFO -   Candidates with territory match: 0
2025-12-30 09:38:00 - matching_Balmis - INFO -   No territorial filtering applied (no matching territories found)
2025-12-30 09:38:00 - matching_Balmis - INFO -   Auto-adopt candidates: 0
2025-12-30 09:38:00 - matching_Balmis - INFO -   Valid candidates (phase=candidate): 0
2025-12-30 09:38:00 - matching_Balmis - WARNING -   No valid candidates after phase filtering - relegated
2025-12-30 09:38:00 - matching_Balmis - INFO - 
============================================================
2025-12-30 09:38:00 - matching_Balmis - INFO - Processing rowID=108: 'Lisboa' -> cleaned: 'lisboa'
2025-12-30 09:38:00 - matching_Balmis - INFO -   Token-based candidates: 0
2025-12-30 09:38:00 - matching_Balmis - WARNING -   No candidates found - relegated
2025-12-30 09:38:00 - matching_Balmis - INFO - 
============================================================
2025-12-30 09:38:00 - matching_Balmis - INFO - Processing rowID=109: 'Cádiz' -> cleaned: 'cadis'
2025-12-30 09:38:00 - matching_Balmis - INFO -   Token-based candidates: 0
2025-12-30 09:38:00 - matching_Balmis - WARNING -   No candidates found - relegated
2025-12-30 09:38:00 - matching_Balmis - INFO - 
============================================================
2025-12-30 09:38:00 - matching_Balmis - INFO - Processing rowID=110: 'Valladolid' -> cleaned: 'balladolid'
2025-12-30 09:38:00 - matching_Balmis - INFO -   Token-based candidates: 11
2025-12-30 09:38:00 - matching_Balmis - INFO -   Fuzzy matches (score >= 70, limit=500): 8
2025-12-30 09:38:00 - matching_Balmis - DEBUG -     gz_id=5600148 'balladolid' score=1.000 nombre=True saint_only=False terr= phase=auto_adopt
2025-12-30 09:38:00 - matching_Balmis - DEBUG -     gz_id=5600148 'balladolid' score=1.000 nombre=True saint_only=False terr= phase=auto_adopt
2025-12-30 09:38:00 - matching_Balmis - DEBUG -     gz_id=5600148 'balladolid' score=1.000 nombre=True saint_only=False terr= phase=auto_adopt
2025-12-30 09:38:00 - matching_Balmis - DEBUG -     gz_id=5600148 'balladolid' score=1.000 nombre=True saint_only=False terr= phase=auto_adopt
2025-12-30 09:38:00 - matching_Balmis - DEBUG -     gz_id=1000008 'balladolid' score=1.000 nombre=True saint_only=False terr=adm0_iso_exact phase=auto_adopt
2025-12-30 09:38:00 - matching_Balmis - DEBUG -     gz_id=1000008 'balladolid' score=1.000 nombre=True saint_only=False terr=adm0_iso_exact phase=auto_adopt
2025-12-30 09:38:00 - matching_Balmis - DEBUG -     gz_id=1000023 'balladolid' score=1.000 nombre=True saint_only=False terr=adm0_iso_exact phase=auto_adopt
2025-12-30 09:38:00 - matching_Balmis - DEBUG -     gz_id=1000023 'balladolid' score=1.000 nombre=True saint_only=False terr=adm0_iso_exact phase=auto_adopt
2025-12-30 09:38:00 - matching_Balmis - INFO -   Before dedup: 8 candidates
2025-12-30 09:38:00 - matching_Balmis - INFO -   After dedup: 3 unique gz_ids
2025-12-30 09:38:00 - matching_Balmis - INFO -   Nombre matches (exact on lugar_nombre): 3
2025-12-30 09:38:00 - matching_Balmis - INFO -   Saint-only matches: 0
2025-12-30 09:38:00 - matching_Balmis - INFO -   Substantive matches: 3
2025-12-30 09:38:00 - matching_Balmis - INFO -   ✅ NOMBRE PRIORITY: Keeping ONLY 3 nombre matches, discarding 0 others
2025-12-30 09:38:00 - matching_Balmis - INFO -      gz_id=5600148: Valladolid
2025-12-30 09:38:00 - matching_Balmis - INFO -      gz_id=1000008: Valladolid
2025-12-30 09:38:00 - matching_Balmis - INFO -      gz_id=1000023: Valladolid
2025-12-30 09:38:00 - matching_Balmis - INFO -   Input has territorial data: True
2025-12-30 09:38:00 - matching_Balmis - INFO -   Candidates with territory match: 2
2025-12-30 09:38:00 - matching_Balmis - INFO -   After territorial filter (keeping adm0): 2 candidates
2025-12-30 09:38:00 - matching_Balmis - INFO -   Auto-adopt candidates: 2
2025-12-30 09:38:00 - matching_Balmis - INFO -   Multiple auto-adopts, keeping as candidates
2025-12-30 09:38:00 - matching_Balmis - INFO - Processing row 110, rowID=111
2025-12-30 09:38:00 - matching_Balmis - INFO - 
============================================================
2025-12-30 09:38:00 - matching_Balmis - INFO - Processing rowID=111: 'Guadalajara' -> cleaned: 'huadalajara'
2025-12-30 09:38:00 - matching_Balmis - INFO -   Token-based candidates: 5
2025-12-30 09:38:00 - matching_Balmis - INFO -   Fuzzy matches (score >= 70, limit=500): 2
2025-12-30 09:38:00 - matching_Balmis - DEBUG -     gz_id=1000002 'huadalajara' score=1.000 nombre=True saint_only=False terr=adm0_iso_exact phase=auto_adopt
2025-12-30 09:38:00 - matching_Balmis - DEBUG -     gz_id=1000002 'huadalajara' score=1.000 nombre=True saint_only=False terr=adm0_iso_exact phase=auto_adopt
2025-12-30 09:38:00 - matching_Balmis - INFO -   Before dedup: 2 candidates
2025-12-30 09:38:00 - matching_Balmis - INFO -   After dedup: 1 unique gz_ids
2025-12-30 09:38:00 - matching_Balmis - INFO -   Nombre matches (exact on lugar_nombre): 1
2025-12-30 09:38:00 - matching_Balmis - INFO -   Saint-only matches: 0
2025-12-30 09:38:00 - matching_Balmis - INFO -   Substantive matches: 1
2025-12-30 09:38:00 - matching_Balmis - INFO -   ✅ NOMBRE PRIORITY: Keeping ONLY 1 nombre matches, discarding 0 others
2025-12-30 09:38:00 - matching_Balmis - INFO -      gz_id=1000002: Guadalajara
2025-12-30 09:38:00 - matching_Balmis - INFO -   Input has territorial data: True
2025-12-30 09:38:00 - matching_Balmis - INFO -   Candidates with territory match: 1
2025-12-30 09:38:00 - matching_Balmis - INFO -   After territorial filter (keeping adm0): 1 candidates
2025-12-30 09:38:00 - matching_Balmis - INFO -   Auto-adopt candidates: 1
2025-12-30 09:38:00 - matching_Balmis - INFO -   Single auto-adopt, discarding other matches
2025-12-30 09:38:00 - matching_Balmis - INFO - 
============================================================
2025-12-30 09:38:00 - matching_Balmis - INFO - Processing rowID=112: 'México' -> cleaned: 'mejico'
2025-12-30 09:38:00 - matching_Balmis - INFO -   Token-based candidates: 2
2025-12-30 09:38:00 - matching_Balmis - INFO -   Fuzzy matches (score >= 70, limit=500): 2
2025-12-30 09:38:00 - matching_Balmis - DEBUG -     gz_id=1000001 'mejico' score=1.000 nombre=True saint_only=False terr=adm0_iso_exact phase=auto_adopt
2025-12-30 09:38:00 - matching_Balmis - DEBUG -     gz_id=1000001 'mejico' score=1.000 nombre=True saint_only=False terr=adm0_iso_exact phase=auto_adopt
2025-12-30 09:38:00 - matching_Balmis - INFO -   Before dedup: 2 candidates
2025-12-30 09:38:00 - matching_Balmis - INFO -   After dedup: 1 unique gz_ids
2025-12-30 09:38:00 - matching_Balmis - INFO -   Nombre matches (exact on lugar_nombre): 1
2025-12-30 09:38:00 - matching_Balmis - INFO -   Saint-only matches: 0
2025-12-30 09:38:00 - matching_Balmis - INFO -   Substantive matches: 1
2025-12-30 09:38:00 - matching_Balmis - INFO -   ✅ NOMBRE PRIORITY: Keeping ONLY 1 nombre matches, discarding 0 others
2025-12-30 09:38:00 - matching_Balmis - INFO -      gz_id=1000001: Mexico
2025-12-30 09:38:00 - matching_Balmis - INFO -   Input has territorial data: True
2025-12-30 09:38:00 - matching_Balmis - INFO -   Candidates with territory match: 1
2025-12-30 09:38:00 - matching_Balmis - INFO -   After territorial filter (keeping adm0): 1 candidates
2025-12-30 09:38:00 - matching_Balmis - INFO -   Auto-adopt candidates: 1
2025-12-30 09:38:00 - matching_Balmis - INFO -   Single auto-adopt, discarding other matches
2025-12-30 09:38:00 - matching_Balmis - INFO - Batch 100-200: completed successfully, 13 results
2025-12-30 09:38:00 - matching_Balmis - INFO - Total result records: 139
2025-12-30 09:38:00 - matching_Balmis - INFO - ================================================================================
2025-12-30 09:38:00 - matching_Balmis - INFO - Matching process completed successfully
2025-12-30 09:38:00 - matching_Balmis - INFO - ================================================================================
