2026-07-02 17:50:47 - matching_padroncharcas - INFO - ================================================================================
2026-07-02 17:50:47 - matching_padroncharcas - INFO - Matching process started at 2026-07-02 17:50:47.593963
2026-07-02 17:50:47 - matching_padroncharcas - INFO - ================================================================================
2026-07-02 17:50:55 - matching_padroncharcas - INFO - Index built: 11867 unique tokens, 651 single-char tokens skipped
2026-07-02 17:50:55 - matching_padroncharcas - INFO - Phase 1b: 26 relegated rows to process
2026-07-02 17:50:55 - matching_padroncharcas - INFO - Processing row 0, rowID=7366
2026-07-02 17:50:55 - matching_padroncharcas - INFO - 
============================================================
2026-07-02 17:50:55 - matching_padroncharcas - INFO - Processing rowID=7366: 'Curato de la Catedral' -> cleaned: 'curato catedral'
2026-07-02 17:50:55 - matching_padroncharcas - INFO -   Token-based candidates: 26
2026-07-02 17:50:55 - matching_padroncharcas - INFO -   Filtering: need match on substantive tokens: ['catedral', 'curato'] OR 2+ total tokens
2026-07-02 17:50:55 - matching_padroncharcas - INFO -   Fuzzy matches (score >= 70, limit=500): 11
2026-07-02 17:50:55 - matching_padroncharcas - DEBUG -     gz_id=4000443 'cura' score=1.000 nombre=False saint_only=False terr= phase=auto_adopt
2026-07-02 17:50:55 - matching_padroncharcas - DEBUG -     gz_id=4000443 'cura' score=1.000 nombre=False saint_only=False terr= phase=auto_adopt
2026-07-02 17:50:55 - matching_padroncharcas - DEBUG -     gz_id=4000443 'cura' score=1.000 nombre=False saint_only=False terr= phase=auto_adopt
2026-07-02 17:50:55 - matching_padroncharcas - DEBUG -     gz_id=1004873 'cedral' score=0.909 nombre=False saint_only=False terr= phase=auto_adopt
2026-07-02 17:50:55 - matching_padroncharcas - DEBUG -     gz_id=1004873 'cedral' score=0.909 nombre=False saint_only=False terr= phase=auto_adopt
2026-07-02 17:50:55 - matching_padroncharcas - DEBUG -     gz_id=1004873 'cedral' score=0.909 nombre=False saint_only=False terr= phase=auto_adopt
2026-07-02 17:50:55 - matching_padroncharcas - DEBUG -     gz_id=1004873 'cedral' score=0.909 nombre=False saint_only=False terr= phase=auto_adopt
2026-07-02 17:50:55 - matching_padroncharcas - DEBUG -     gz_id=1005248 'cantera' score=0.857 nombre=False saint_only=False terr= phase=candidate
2026-07-02 17:50:55 - matching_padroncharcas - DEBUG -     gz_id=1005248 'cantera' score=0.857 nombre=False saint_only=False terr= phase=candidate
2026-07-02 17:50:55 - matching_padroncharcas - DEBUG -     gz_id=7000470 'curaco' score=0.833 nombre=False saint_only=False terr= phase=relegated
2026-07-02 17:50:55 - matching_padroncharcas - DEBUG -     gz_id=7000470 'curaco' score=0.833 nombre=False saint_only=False terr= phase=relegated
2026-07-02 17:50:55 - matching_padroncharcas - INFO -   Before dedup: 11 candidates
2026-07-02 17:50:55 - matching_padroncharcas - INFO -   After dedup: 4 unique gz_ids
2026-07-02 17:50:55 - matching_padroncharcas - INFO -   Dropped 4 territory-contradicting candidates
2026-07-02 17:50:55 - matching_padroncharcas - INFO -   Input has territorial data: True
2026-07-02 17:50:55 - matching_padroncharcas - INFO -   Candidates with territory match: 0
2026-07-02 17:50:55 - matching_padroncharcas - INFO -   No territorial filtering applied (no matching territories found)
2026-07-02 17:50:55 - matching_padroncharcas - INFO -   Nombre matches (exact on lugar_nombre): 0
2026-07-02 17:50:55 - matching_padroncharcas - INFO -   Saint-only matches: 0
2026-07-02 17:50:55 - matching_padroncharcas - INFO -   Substantive matches: 0
2026-07-02 17:50:55 - matching_padroncharcas - INFO -   Candidate pool (>= threshold): 0
2026-07-02 17:50:55 - matching_padroncharcas - WARNING -   No candidate above threshold - relegated
2026-07-02 17:50:55 - matching_padroncharcas - INFO - Processing row 0, rowID=7366
2026-07-02 17:50:55 - matching_padroncharcas - INFO - 
============================================================
2026-07-02 17:50:55 - matching_padroncharcas - INFO - Processing rowID=7366: 'Curato de la Catedral' -> cleaned: 'curato catedral'
2026-07-02 17:50:55 - matching_padroncharcas - INFO -   Token-based candidates: 26
2026-07-02 17:50:55 - matching_padroncharcas - INFO -   Filtering: need match on substantive tokens: ['catedral', 'curato'] OR 2+ total tokens
2026-07-02 17:50:55 - matching_padroncharcas - INFO -   Fuzzy matches (score >= 70, limit=500): 11
2026-07-02 17:50:55 - matching_padroncharcas - DEBUG -     gz_id=4000443 'cura' score=1.000 nombre=False saint_only=False terr= phase=auto_adopt
2026-07-02 17:50:55 - matching_padroncharcas - DEBUG -     gz_id=4000443 'cura' score=1.000 nombre=False saint_only=False terr= phase=auto_adopt
2026-07-02 17:50:55 - matching_padroncharcas - DEBUG -     gz_id=4000443 'cura' score=1.000 nombre=False saint_only=False terr= phase=auto_adopt
2026-07-02 17:50:55 - matching_padroncharcas - DEBUG -     gz_id=1004873 'cedral' score=0.909 nombre=False saint_only=False terr= phase=auto_adopt
2026-07-02 17:50:55 - matching_padroncharcas - DEBUG -     gz_id=1004873 'cedral' score=0.909 nombre=False saint_only=False terr= phase=auto_adopt
2026-07-02 17:50:55 - matching_padroncharcas - DEBUG -     gz_id=1004873 'cedral' score=0.909 nombre=False saint_only=False terr= phase=auto_adopt
2026-07-02 17:50:55 - matching_padroncharcas - DEBUG -     gz_id=1004873 'cedral' score=0.909 nombre=False saint_only=False terr= phase=auto_adopt
2026-07-02 17:50:55 - matching_padroncharcas - DEBUG -     gz_id=1005248 'cantera' score=0.857 nombre=False saint_only=False terr= phase=candidate
2026-07-02 17:50:55 - matching_padroncharcas - DEBUG -     gz_id=1005248 'cantera' score=0.857 nombre=False saint_only=False terr= phase=candidate
2026-07-02 17:50:55 - matching_padroncharcas - DEBUG -     gz_id=7000470 'curaco' score=0.833 nombre=False saint_only=False terr= phase=relegated
2026-07-02 17:50:55 - matching_padroncharcas - DEBUG -     gz_id=7000470 'curaco' score=0.833 nombre=False saint_only=False terr= phase=relegated
2026-07-02 17:50:55 - matching_padroncharcas - INFO -   Before dedup: 11 candidates
2026-07-02 17:50:55 - matching_padroncharcas - INFO -   After dedup: 4 unique gz_ids
2026-07-02 17:50:55 - matching_padroncharcas - INFO -   Dropped 4 territory-contradicting candidates
2026-07-02 17:50:55 - matching_padroncharcas - INFO -   Input has territorial data: True
2026-07-02 17:50:55 - matching_padroncharcas - INFO -   Candidates with territory match: 0
2026-07-02 17:50:55 - matching_padroncharcas - INFO -   No territorial filtering applied (no matching territories found)
2026-07-02 17:50:55 - matching_padroncharcas - INFO -   Nombre matches (exact on lugar_nombre): 0
2026-07-02 17:50:55 - matching_padroncharcas - INFO -   Saint-only matches: 0
2026-07-02 17:50:55 - matching_padroncharcas - INFO -   Substantive matches: 0
2026-07-02 17:50:55 - matching_padroncharcas - INFO -   Candidate pool (>= threshold): 0
2026-07-02 17:50:55 - matching_padroncharcas - WARNING -   No candidate above threshold - relegated
2026-07-02 17:50:55 - matching_padroncharcas - INFO - Processing row 0, rowID=7366
2026-07-02 17:50:55 - matching_padroncharcas - INFO - 
============================================================
2026-07-02 17:50:55 - matching_padroncharcas - INFO - Processing rowID=7366: 'Curato de la Catedral' -> cleaned: 'curato catedral'
2026-07-02 17:50:55 - matching_padroncharcas - INFO -   Token-based candidates: 26
2026-07-02 17:50:55 - matching_padroncharcas - INFO -   Filtering: need match on substantive tokens: ['catedral', 'curato'] OR 2+ total tokens
2026-07-02 17:50:55 - matching_padroncharcas - INFO -   Fuzzy matches (score >= 70, limit=500): 11
2026-07-02 17:50:55 - matching_padroncharcas - DEBUG -     gz_id=4000443 'cura' score=1.000 nombre=False saint_only=False terr= phase=auto_adopt
2026-07-02 17:50:55 - matching_padroncharcas - DEBUG -     gz_id=4000443 'cura' score=1.000 nombre=False saint_only=False terr= phase=auto_adopt
2026-07-02 17:50:55 - matching_padroncharcas - DEBUG -     gz_id=4000443 'cura' score=1.000 nombre=False saint_only=False terr= phase=auto_adopt
2026-07-02 17:50:55 - matching_padroncharcas - DEBUG -     gz_id=1004873 'cedral' score=0.909 nombre=False saint_only=False terr= phase=auto_adopt
2026-07-02 17:50:55 - matching_padroncharcas - DEBUG -     gz_id=1004873 'cedral' score=0.909 nombre=False saint_only=False terr= phase=auto_adopt
2026-07-02 17:50:55 - matching_padroncharcas - DEBUG -     gz_id=1004873 'cedral' score=0.909 nombre=False saint_only=False terr= phase=auto_adopt
2026-07-02 17:50:55 - matching_padroncharcas - DEBUG -     gz_id=1004873 'cedral' score=0.909 nombre=False saint_only=False terr= phase=auto_adopt
2026-07-02 17:50:55 - matching_padroncharcas - DEBUG -     gz_id=1005248 'cantera' score=0.857 nombre=False saint_only=False terr= phase=candidate
2026-07-02 17:50:55 - matching_padroncharcas - DEBUG -     gz_id=1005248 'cantera' score=0.857 nombre=False saint_only=False terr= phase=candidate
2026-07-02 17:50:55 - matching_padroncharcas - DEBUG -     gz_id=7000470 'curaco' score=0.833 nombre=False saint_only=False terr= phase=relegated
2026-07-02 17:50:55 - matching_padroncharcas - DEBUG -     gz_id=7000470 'curaco' score=0.833 nombre=False saint_only=False terr= phase=relegated
2026-07-02 17:50:55 - matching_padroncharcas - INFO -   Before dedup: 11 candidates
2026-07-02 17:50:55 - matching_padroncharcas - INFO -   After dedup: 4 unique gz_ids
2026-07-02 17:50:55 - matching_padroncharcas - INFO -   Dropped 4 territory-contradicting candidates
2026-07-02 17:50:55 - matching_padroncharcas - INFO -   Input has territorial data: True
2026-07-02 17:50:55 - matching_padroncharcas - INFO -   Candidates with territory match: 0
2026-07-02 17:50:55 - matching_padroncharcas - INFO -   No territorial filtering applied (no matching territories found)
2026-07-02 17:50:55 - matching_padroncharcas - INFO -   Nombre matches (exact on lugar_nombre): 0
2026-07-02 17:50:55 - matching_padroncharcas - INFO -   Saint-only matches: 0
2026-07-02 17:50:55 - matching_padroncharcas - INFO -   Substantive matches: 0
2026-07-02 17:50:55 - matching_padroncharcas - INFO -   Candidate pool (>= threshold): 0
2026-07-02 17:50:55 - matching_padroncharcas - WARNING -   No candidate above threshold - relegated
2026-07-02 17:50:55 - matching_padroncharcas - INFO - 
============================================================
2026-07-02 17:50:55 - matching_padroncharcas - INFO - Processing rowID=7367: 'San Lázaro' -> cleaned: 'san lasaro'
2026-07-02 17:50:55 - matching_padroncharcas - INFO -   Token-based candidates: 12285
2026-07-02 17:50:55 - matching_padroncharcas - INFO -   Filtering: need match on substantive tokens: ['lasaro'] OR 2+ total tokens
2026-07-02 17:50:58 - matching_padroncharcas - INFO -   After filtering weak token matches: 26 candidates
2026-07-02 17:50:58 - matching_padroncharcas - INFO -   Fuzzy matches (score >= 70, limit=500): 26
2026-07-02 17:50:58 - matching_padroncharcas - DEBUG -     gz_id=9900204 'san lasaro' score=1.000 nombre=True saint_only=False terr= phase=auto_adopt
2026-07-02 17:50:58 - matching_padroncharcas - DEBUG -     gz_id=9900204 'san lasaro' score=1.000 nombre=True saint_only=False terr= phase=auto_adopt
2026-07-02 17:50:58 - matching_padroncharcas - DEBUG -     gz_id=9900335 'san lasaro' score=1.000 nombre=False saint_only=True terr= phase=candidate
2026-07-02 17:50:58 - matching_padroncharcas - DEBUG -     gz_id=9900335 'san lasaro' score=1.000 nombre=False saint_only=True terr= phase=candidate
2026-07-02 17:50:58 - matching_padroncharcas - DEBUG -     gz_id=1002410 'san lasaro' score=1.000 nombre=True saint_only=False terr= phase=auto_adopt
2026-07-02 17:50:58 - matching_padroncharcas - DEBUG -     gz_id=1002410 'san lasaro' score=1.000 nombre=True saint_only=False terr= phase=auto_adopt
2026-07-02 17:50:58 - matching_padroncharcas - DEBUG -     gz_id=3000062 'san lasaro' score=1.000 nombre=True saint_only=False terr= phase=auto_adopt
2026-07-02 17:50:58 - matching_padroncharcas - DEBUG -     gz_id=3000062 'san lasaro' score=1.000 nombre=True saint_only=False terr= phase=auto_adopt
2026-07-02 17:50:58 - matching_padroncharcas - DEBUG -     gz_id=3000062 'san lasaro' score=1.000 nombre=True saint_only=False terr= phase=auto_adopt
2026-07-02 17:50:58 - matching_padroncharcas - DEBUG -     gz_id=3000062 'san lasaro' score=1.000 nombre=True saint_only=False terr= phase=auto_adopt
2026-07-02 17:50:58 - matching_padroncharcas - DEBUG -     gz_id=3000062 'san lasaro' score=1.000 nombre=True saint_only=False terr= phase=auto_adopt
2026-07-02 17:50:58 - matching_padroncharcas - DEBUG -     gz_id=3000062 'san lasaro' score=1.000 nombre=True saint_only=False terr= phase=auto_adopt
2026-07-02 17:50:58 - matching_padroncharcas - DEBUG -     gz_id=3000330 'san lasaro' score=1.000 nombre=True saint_only=False terr= phase=auto_adopt
2026-07-02 17:50:58 - matching_padroncharcas - DEBUG -     gz_id=3000330 'san lasaro' score=1.000 nombre=True saint_only=False terr= phase=auto_adopt
2026-07-02 17:50:58 - matching_padroncharcas - DEBUG -     gz_id=4000654 'san lasaro' score=1.000 nombre=True saint_only=False terr= phase=auto_adopt
2026-07-02 17:50:58 - matching_padroncharcas - DEBUG -     gz_id=4000654 'san lasaro' score=1.000 nombre=True saint_only=False terr= phase=auto_adopt
2026-07-02 17:50:58 - matching_padroncharcas - DEBUG -     gz_id=4000654 'san lasaro' score=1.000 nombre=True saint_only=False terr= phase=auto_adopt
2026-07-02 17:50:58 - matching_padroncharcas - DEBUG -     gz_id=4000654 'san lasaro' score=1.000 nombre=True saint_only=False terr= phase=auto_adopt
2026-07-02 17:50:58 - matching_padroncharcas - DEBUG -     gz_id=4000654 'san lasaro' score=1.000 nombre=True saint_only=False terr= phase=auto_adopt
2026-07-02 17:50:58 - matching_padroncharcas - DEBUG -     gz_id=4000654 'san lasaro' score=1.000 nombre=True saint_only=False terr= phase=auto_adopt
2026-07-02 17:50:58 - matching_padroncharcas - DEBUG -     gz_id=5000110 'cano oro' score=1.000 nombre=False saint_only=True terr= phase=candidate
2026-07-02 17:50:58 - matching_padroncharcas - DEBUG -     gz_id=6001285 'san lasaro' score=1.000 nombre=False saint_only=True terr= phase=candidate
2026-07-02 17:50:58 - matching_padroncharcas - DEBUG -     gz_id=6001285 'san lasaro' score=1.000 nombre=False saint_only=True terr= phase=candidate
2026-07-02 17:50:58 - matching_padroncharcas - DEBUG -     gz_id=8000662 'san lasaro' score=1.000 nombre=False saint_only=True terr=region_exact phase=candidate
2026-07-02 17:50:58 - matching_padroncharcas - DEBUG -     gz_id=8000662 'san lasaro' score=1.000 nombre=False saint_only=True terr=region_exact phase=candidate
2026-07-02 17:50:58 - matching_padroncharcas - DEBUG -     gz_id=8000662 'san lasaro' score=1.000 nombre=False saint_only=True terr=region_exact phase=candidate
2026-07-02 17:50:58 - matching_padroncharcas - INFO -   Before dedup: 26 candidates
2026-07-02 17:50:58 - matching_padroncharcas - INFO -   After dedup: 9 unique gz_ids
2026-07-02 17:50:58 - matching_padroncharcas - INFO -   Dropped 8 territory-contradicting candidates
2026-07-02 17:50:58 - matching_padroncharcas - INFO -   Input has territorial data: True
2026-07-02 17:50:58 - matching_padroncharcas - INFO -   Candidates with territory match: 1
2026-07-02 17:50:58 - matching_padroncharcas - INFO -   After territorial filter (keeping region): 1 candidates
2026-07-02 17:50:58 - matching_padroncharcas - INFO -   Nombre matches (exact on lugar_nombre): 0
2026-07-02 17:50:58 - matching_padroncharcas - INFO -   Saint-only matches: 1
2026-07-02 17:50:58 - matching_padroncharcas - INFO -   Substantive matches: 0
2026-07-02 17:50:58 - matching_padroncharcas - INFO -   Candidate pool (>= threshold): 1
2026-07-02 17:50:58 - matching_padroncharcas - INFO -   1 candidate(s) -> candidate
2026-07-02 17:50:58 - matching_padroncharcas - INFO -   rowID=7367: found at step 'no_partido_jurisdiccion'
2026-07-02 17:50:58 - matching_padroncharcas - INFO - 
============================================================
2026-07-02 17:50:58 - matching_padroncharcas - INFO - Processing rowID=7368: 'San Sebastián' -> cleaned: 'san cebastian'
2026-07-02 17:50:58 - matching_padroncharcas - INFO -   Token-based candidates: 12282
2026-07-02 17:50:58 - matching_padroncharcas - INFO -   Filtering: need match on substantive tokens: ['cebastian'] OR 2+ total tokens
2026-07-02 17:51:01 - matching_padroncharcas - INFO -   After filtering weak token matches: 296 candidates
2026-07-02 17:51:01 - matching_padroncharcas - INFO -   Fuzzy matches (score >= 70, limit=500): 296
2026-07-02 17:51:01 - matching_padroncharcas - DEBUG -     gz_id=1000055 'san cebastian' score=1.000 nombre=True saint_only=False terr= phase=auto_adopt
2026-07-02 17:51:01 - matching_padroncharcas - DEBUG -     gz_id=1000055 'san cebastian' score=1.000 nombre=True saint_only=False terr= phase=auto_adopt
2026-07-02 17:51:01 - matching_padroncharcas - DEBUG -     gz_id=1000055 'san cebastian' score=1.000 nombre=True saint_only=False terr= phase=auto_adopt
2026-07-02 17:51:01 - matching_padroncharcas - DEBUG -     gz_id=1000201 'benado' score=1.000 nombre=False saint_only=True terr= phase=candidate
2026-07-02 17:51:01 - matching_padroncharcas - DEBUG -     gz_id=1000201 'benado' score=1.000 nombre=False saint_only=True terr= phase=candidate
2026-07-02 17:51:01 - matching_padroncharcas - DEBUG -     gz_id=1000201 'benado' score=1.000 nombre=False saint_only=True terr= phase=candidate
2026-07-02 17:51:01 - matching_padroncharcas - DEBUG -     gz_id=1000201 'benado' score=1.000 nombre=False saint_only=True terr= phase=candidate
2026-07-02 17:51:01 - matching_padroncharcas - DEBUG -     gz_id=1000201 'benado' score=1.000 nombre=False saint_only=True terr= phase=candidate
2026-07-02 17:51:01 - matching_padroncharcas - DEBUG -     gz_id=1000201 'benado' score=1.000 nombre=False saint_only=True terr= phase=candidate
2026-07-02 17:51:01 - matching_padroncharcas - DEBUG -     gz_id=1000201 'benado' score=1.000 nombre=False saint_only=True terr= phase=candidate
2026-07-02 17:51:01 - matching_padroncharcas - DEBUG -     gz_id=1000497 'san cebastian' score=1.000 nombre=True saint_only=False terr= phase=auto_adopt
2026-07-02 17:51:01 - matching_padroncharcas - DEBUG -     gz_id=1000497 'san cebastian' score=1.000 nombre=True saint_only=False terr= phase=auto_adopt
2026-07-02 17:51:01 - matching_padroncharcas - DEBUG -     gz_id=1000539 'apango' score=1.000 nombre=False saint_only=True terr= phase=candidate
2026-07-02 17:51:01 - matching_padroncharcas - DEBUG -     gz_id=1000539 'apango' score=1.000 nombre=False saint_only=True terr= phase=candidate
2026-07-02 17:51:01 - matching_padroncharcas - DEBUG -     gz_id=1000558 'techaluta' score=1.000 nombre=False saint_only=True terr= phase=candidate
2026-07-02 17:51:01 - matching_padroncharcas - DEBUG -     gz_id=1000558 'techaluta' score=1.000 nombre=False saint_only=True terr= phase=candidate
2026-07-02 17:51:01 - matching_padroncharcas - DEBUG -     gz_id=1000605 'san cebastian' score=1.000 nombre=True saint_only=False terr= phase=auto_adopt
2026-07-02 17:51:01 - matching_padroncharcas - DEBUG -     gz_id=1000605 'san cebastian' score=1.000 nombre=True saint_only=False terr= phase=auto_adopt
2026-07-02 17:51:01 - matching_padroncharcas - DEBUG -     gz_id=1000618 'san cebastian chico' score=1.000 nombre=False saint_only=True terr= phase=candidate
2026-07-02 17:51:01 - matching_padroncharcas - DEBUG -     gz_id=1000618 'san cebastian chico' score=1.000 nombre=False saint_only=True terr= phase=candidate
2026-07-02 17:51:01 - matching_padroncharcas - DEBUG -     gz_id=1000712 'san cebastian' score=1.000 nombre=False saint_only=True terr= phase=candidate
2026-07-02 17:51:01 - matching_padroncharcas - DEBUG -     gz_id=1000712 'san cebastian' score=1.000 nombre=False saint_only=True terr= phase=candidate
2026-07-02 17:51:01 - matching_padroncharcas - DEBUG -     gz_id=9900205 'san cebastian' score=1.000 nombre=True saint_only=False terr= phase=auto_adopt
2026-07-02 17:51:01 - matching_padroncharcas - DEBUG -     gz_id=9900205 'san cebastian' score=1.000 nombre=True saint_only=False terr= phase=auto_adopt
2026-07-02 17:51:01 - matching_padroncharcas - DEBUG -     gz_id=9900215 'balsa' score=1.000 nombre=False saint_only=True terr= phase=candidate
2026-07-02 17:51:01 - matching_padroncharcas - DEBUG -     gz_id=9900222 'san cebastian' score=1.000 nombre=True saint_only=False terr= phase=auto_adopt
2026-07-02 17:51:01 - matching_padroncharcas - DEBUG -     gz_id=9900222 'san cebastian' score=1.000 nombre=True saint_only=False terr= phase=auto_adopt
2026-07-02 17:51:01 - matching_padroncharcas - DEBUG -     gz_id=9900222 'san cebastian' score=1.000 nombre=True saint_only=False terr= phase=auto_adopt
2026-07-02 17:51:01 - matching_padroncharcas - DEBUG -     gz_id=9900222 'san cebastian' score=1.000 nombre=True saint_only=False terr= phase=auto_adopt
2026-07-02 17:51:01 - matching_padroncharcas - DEBUG -     gz_id=9900225 'pepino' score=1.000 nombre=False saint_only=True terr= phase=candidate
2026-07-02 17:51:01 - matching_padroncharcas - DEBUG -     gz_id=1000804 'juchitan' score=1.000 nombre=False saint_only=True terr= phase=candidate
2026-07-02 17:51:01 - matching_padroncharcas - DEBUG -     gz_id=1000804 'juchitan' score=1.000 nombre=False saint_only=True terr= phase=candidate
2026-07-02 17:51:01 - matching_padroncharcas - DEBUG -     gz_id=1000804 'juchitan' score=1.000 nombre=False saint_only=True terr= phase=candidate
2026-07-02 17:51:01 - matching_padroncharcas - DEBUG -     gz_id=9900225 'pepino' score=1.000 nombre=False saint_only=True terr= phase=candidate
2026-07-02 17:51:01 - matching_padroncharcas - DEBUG -     gz_id=9900243 'san cebastian' score=1.000 nombre=True saint_only=False terr= phase=auto_adopt
2026-07-02 17:51:01 - matching_padroncharcas - DEBUG -     gz_id=9900243 'san cebastian' score=1.000 nombre=True saint_only=False terr= phase=auto_adopt
2026-07-02 17:51:01 - matching_padroncharcas - DEBUG -     gz_id=1000852 'chimalistac' score=1.000 nombre=False saint_only=True terr= phase=candidate
2026-07-02 17:51:01 - matching_padroncharcas - DEBUG -     gz_id=1000852 'chimalistac' score=1.000 nombre=False saint_only=True terr= phase=candidate
2026-07-02 17:51:01 - matching_padroncharcas - DEBUG -     gz_id=1000852 'chimalistac' score=1.000 nombre=False saint_only=True terr= phase=candidate
2026-07-02 17:51:01 - matching_padroncharcas - DEBUG -     gz_id=1000852 'chimalistac' score=1.000 nombre=False saint_only=True terr= phase=candidate
2026-07-02 17:51:01 - matching_padroncharcas - DEBUG -     gz_id=1000882 'xhala' score=1.000 nombre=False saint_only=True terr= phase=candidate
2026-07-02 17:51:01 - matching_padroncharcas - DEBUG -     gz_id=1000882 'xhala' score=1.000 nombre=False saint_only=True terr= phase=candidate
2026-07-02 17:51:01 - matching_padroncharcas - DEBUG -     gz_id=1000882 'xhala' score=1.000 nombre=False saint_only=True terr= phase=candidate
2026-07-02 17:51:01 - matching_padroncharcas - DEBUG -     gz_id=1000882 'xhala' score=1.000 nombre=False saint_only=True terr= phase=candidate
2026-07-02 17:51:01 - matching_padroncharcas - DEBUG -     gz_id=1000904 'achichipico' score=1.000 nombre=False saint_only=True terr= phase=candidate
2026-07-02 17:51:01 - matching_padroncharcas - DEBUG -     gz_id=1000904 'achichipico' score=1.000 nombre=False saint_only=True terr= phase=candidate
2026-07-02 17:51:01 - matching_padroncharcas - DEBUG -     gz_id=1000904 'achichipico' score=1.000 nombre=False saint_only=True terr= phase=candidate
2026-07-02 17:51:01 - matching_padroncharcas - DEBUG -     gz_id=1000904 'achichipico' score=1.000 nombre=False saint_only=True terr= phase=candidate
2026-07-02 17:51:01 - matching_padroncharcas - DEBUG -     gz_id=1000924 'cuentepec' score=1.000 nombre=False saint_only=True terr= phase=candidate
2026-07-02 17:51:01 - matching_padroncharcas - DEBUG -     gz_id=1000924 'cuentepec' score=1.000 nombre=False saint_only=True terr= phase=candidate
2026-07-02 17:51:01 - matching_padroncharcas - DEBUG -     gz_id=1000924 'cuentepec' score=1.000 nombre=False saint_only=True terr= phase=candidate
2026-07-02 17:51:01 - matching_padroncharcas - DEBUG -     gz_id=1000924 'cuentepec' score=1.000 nombre=False saint_only=True terr= phase=candidate
2026-07-02 17:51:01 - matching_padroncharcas - DEBUG -     gz_id=1000972 'jochitlan' score=1.000 nombre=False saint_only=True terr= phase=candidate
2026-07-02 17:51:01 - matching_padroncharcas - DEBUG -     gz_id=1000972 'jochitlan' score=1.000 nombre=False saint_only=True terr= phase=candidate
2026-07-02 17:51:01 - matching_padroncharcas - DEBUG -     gz_id=1000972 'jochitlan' score=1.000 nombre=False saint_only=True terr= phase=candidate
2026-07-02 17:51:01 - matching_padroncharcas - DEBUG -     gz_id=1000972 'jochitlan' score=1.000 nombre=False saint_only=True terr= phase=candidate
2026-07-02 17:51:01 - matching_padroncharcas - DEBUG -     gz_id=1001013 'cerro prieto tenochtitlan' score=1.000 nombre=False saint_only=True terr= phase=candidate
2026-07-02 17:51:01 - matching_padroncharcas - DEBUG -     gz_id=1001013 'cerro prieto tenochtitlan' score=1.000 nombre=False saint_only=True terr= phase=candidate
2026-07-02 17:51:01 - matching_padroncharcas - DEBUG -     gz_id=1001051 'san cebastian' score=1.000 nombre=True saint_only=False terr= phase=auto_adopt
2026-07-02 17:51:01 - matching_padroncharcas - DEBUG -     gz_id=1001051 'san cebastian' score=1.000 nombre=True saint_only=False terr= phase=auto_adopt
2026-07-02 17:51:01 - matching_padroncharcas - DEBUG -     gz_id=1001197 'san cebastian' score=1.000 nombre=False saint_only=True terr= phase=candidate
2026-07-02 17:51:01 - matching_padroncharcas - DEBUG -     gz_id=1001197 'san cebastian' score=1.000 nombre=False saint_only=True terr= phase=candidate
2026-07-02 17:51:01 - matching_padroncharcas - DEBUG -     gz_id=1001197 'san cebastian' score=1.000 nombre=False saint_only=True terr= phase=candidate
2026-07-02 17:51:01 - matching_padroncharcas - DEBUG -     gz_id=1001247 'contepec' score=1.000 nombre=False saint_only=True terr= phase=candidate
2026-07-02 17:51:01 - matching_padroncharcas - DEBUG -     gz_id=1001247 'contepec' score=1.000 nombre=False saint_only=True terr= phase=candidate
2026-07-02 17:51:01 - matching_padroncharcas - DEBUG -     gz_id=1001332 'tlahuiltepa' score=1.000 nombre=False saint_only=True terr= phase=candidate
2026-07-02 17:51:01 - matching_padroncharcas - DEBUG -     gz_id=1001332 'tlahuiltepa' score=1.000 nombre=False saint_only=True terr= phase=candidate
2026-07-02 17:51:01 - matching_padroncharcas - DEBUG -     gz_id=1001403 'san cebastian' score=1.000 nombre=True saint_only=False terr= phase=auto_adopt
2026-07-02 17:51:01 - matching_padroncharcas - DEBUG -     gz_id=1001403 'san cebastian' score=1.000 nombre=True saint_only=False terr= phase=auto_adopt
2026-07-02 17:51:01 - matching_padroncharcas - DEBUG -     gz_id=1001404 'san cebastian i su aujiliar santa rosa' score=1.000 nombre=False saint_only=True terr= phase=candidate
2026-07-02 17:51:01 - matching_padroncharcas - DEBUG -     gz_id=1001404 'san cebastian i su aujiliar santa rosa' score=1.000 nombre=False saint_only=True terr= phase=candidate
2026-07-02 17:51:01 - matching_padroncharcas - DEBUG -     gz_id=9901096 'san cebastian indios' score=1.000 nombre=False saint_only=True terr= phase=candidate
2026-07-02 17:51:01 - matching_padroncharcas - DEBUG -     gz_id=9901096 'san cebastian indios' score=1.000 nombre=False saint_only=True terr= phase=candidate
2026-07-02 17:51:01 - matching_padroncharcas - DEBUG -     gz_id=9901215 'san cebastian manco' score=1.000 nombre=False saint_only=True terr= phase=candidate
2026-07-02 17:51:01 - matching_padroncharcas - DEBUG -     gz_id=9901215 'san cebastian manco' score=1.000 nombre=False saint_only=True terr= phase=candidate
2026-07-02 17:51:01 - matching_padroncharcas - DEBUG -     gz_id=1001711 'san cebastian' score=1.000 nombre=True saint_only=False terr= phase=auto_adopt
2026-07-02 17:51:01 - matching_padroncharcas - DEBUG -     gz_id=1001711 'san cebastian' score=1.000 nombre=True saint_only=False terr= phase=auto_adopt
2026-07-02 17:51:01 - matching_padroncharcas - DEBUG -     gz_id=1001711 'san cebastian' score=1.000 nombre=True saint_only=False terr= phase=auto_adopt
2026-07-02 17:51:01 - matching_padroncharcas - DEBUG -     gz_id=1001711 'san cebastian' score=1.000 nombre=True saint_only=False terr= phase=auto_adopt
2026-07-02 17:51:01 - matching_padroncharcas - DEBUG -     gz_id=1001781 'san cebastian' score=1.000 nombre=False saint_only=True terr= phase=candidate
2026-07-02 17:51:01 - matching_padroncharcas - DEBUG -     gz_id=1001781 'san cebastian' score=1.000 nombre=False saint_only=True terr= phase=candidate
2026-07-02 17:51:01 - matching_padroncharcas - DEBUG -     gz_id=1001782 'san cebastian' score=1.000 nombre=False saint_only=True terr= phase=candidate
2026-07-02 17:51:01 - matching_padroncharcas - DEBUG -     gz_id=1001782 'san cebastian' score=1.000 nombre=False saint_only=True terr= phase=candidate
2026-07-02 17:51:01 - matching_padroncharcas - DEBUG -     gz_id=1002087 'huancito' score=1.000 nombre=False saint_only=True terr= phase=candidate
2026-07-02 17:51:01 - matching_padroncharcas - DEBUG -     gz_id=1002087 'huancito' score=1.000 nombre=False saint_only=True terr= phase=candidate
2026-07-02 17:51:01 - matching_padroncharcas - DEBUG -     gz_id=1002087 'huancito' score=1.000 nombre=False saint_only=True terr= phase=candidate
2026-07-02 17:51:01 - matching_padroncharcas - DEBUG -     gz_id=1002089 'piedad' score=1.000 nombre=False saint_only=True terr= phase=candidate
2026-07-02 17:51:01 - matching_padroncharcas - DEBUG -     gz_id=1002089 'piedad' score=1.000 nombre=False saint_only=True terr= phase=candidate
2026-07-02 17:51:01 - matching_padroncharcas - DEBUG -     gz_id=1002145 'chapatuato' score=1.000 nombre=False saint_only=True terr= phase=candidate
2026-07-02 17:51:01 - matching_padroncharcas - DEBUG -     gz_id=1002145 'chapatuato' score=1.000 nombre=False saint_only=True terr= phase=candidate
2026-07-02 17:51:01 - matching_padroncharcas - DEBUG -     gz_id=1002145 'chapatuato' score=1.000 nombre=False saint_only=True terr= phase=candidate
2026-07-02 17:51:01 - matching_padroncharcas - DEBUG -     gz_id=1002145 'chapatuato' score=1.000 nombre=False saint_only=True terr= phase=candidate
2026-07-02 17:51:01 - matching_padroncharcas - DEBUG -     gz_id=1002145 'chapatuato' score=1.000 nombre=False saint_only=True terr= phase=candidate
2026-07-02 17:51:01 - matching_padroncharcas - DEBUG -     gz_id=1002190 'san cebastian' score=1.000 nombre=True saint_only=False terr= phase=auto_adopt
2026-07-02 17:51:01 - matching_padroncharcas - DEBUG -     gz_id=1002190 'san cebastian' score=1.000 nombre=True saint_only=False terr= phase=auto_adopt
2026-07-02 17:51:01 - matching_padroncharcas - DEBUG -     gz_id=1002190 'san cebastian' score=1.000 nombre=True saint_only=False terr= phase=auto_adopt
2026-07-02 17:51:01 - matching_padroncharcas - DEBUG -     gz_id=1002226 'fustes' score=1.000 nombre=False saint_only=True terr= phase=candidate
2026-07-02 17:51:01 - matching_padroncharcas - DEBUG -     gz_id=1002226 'fustes' score=1.000 nombre=False saint_only=True terr= phase=candidate
2026-07-02 17:51:01 - matching_padroncharcas - DEBUG -     gz_id=1002250 'san cebastian ocotlan' score=1.000 nombre=False saint_only=True terr= phase=candidate
2026-07-02 17:51:01 - matching_padroncharcas - DEBUG -     gz_id=1002250 'san cebastian ocotlan' score=1.000 nombre=False saint_only=True terr= phase=candidate
2026-07-02 17:51:01 - matching_padroncharcas - DEBUG -     gz_id=1002264 'cedas' score=1.000 nombre=False saint_only=True terr= phase=candidate
2026-07-02 17:51:01 - matching_padroncharcas - DEBUG -     gz_id=1002264 'cedas' score=1.000 nombre=False saint_only=True terr= phase=candidate
2026-07-02 17:51:01 - matching_padroncharcas - DEBUG -     gz_id=1002315 'tutla' score=1.000 nombre=False saint_only=True terr= phase=candidate
2026-07-02 17:51:01 - matching_padroncharcas - DEBUG -     gz_id=1002315 'tutla' score=1.000 nombre=False saint_only=True terr= phase=candidate
2026-07-02 17:51:01 - matching_padroncharcas - DEBUG -     gz_id=1002315 'tutla' score=1.000 nombre=False saint_only=True terr= phase=candidate
2026-07-02 17:51:01 - matching_padroncharcas - DEBUG -     gz_id=1002315 'tutla' score=1.000 nombre=False saint_only=True terr= phase=candidate
2026-07-02 17:51:01 - matching_padroncharcas - DEBUG -     gz_id=1002369 'san cebastian monte' score=1.000 nombre=False saint_only=True terr= phase=candidate
2026-07-02 17:51:01 - matching_padroncharcas - DEBUG -     gz_id=1002369 'san cebastian monte' score=1.000 nombre=False saint_only=True terr= phase=candidate
2026-07-02 17:51:01 - matching_padroncharcas - DEBUG -     gz_id=1002393 'sapotitlan' score=1.000 nombre=False saint_only=True terr= phase=candidate
2026-07-02 17:51:01 - matching_padroncharcas - DEBUG -     gz_id=1002393 'sapotitlan' score=1.000 nombre=False saint_only=True terr= phase=candidate
2026-07-02 17:51:01 - matching_padroncharcas - DEBUG -     gz_id=1002411 'san cebastian' score=1.000 nombre=False saint_only=True terr= phase=candidate
2026-07-02 17:51:01 - matching_padroncharcas - DEBUG -     gz_id=1002411 'san cebastian' score=1.000 nombre=False saint_only=True terr= phase=candidate
2026-07-02 17:51:01 - matching_padroncharcas - DEBUG -     gz_id=1002438 'ixcapa' score=1.000 nombre=False saint_only=True terr= phase=candidate
2026-07-02 17:51:01 - matching_padroncharcas - DEBUG -     gz_id=1002438 'ixcapa' score=1.000 nombre=False saint_only=True terr= phase=candidate
2026-07-02 17:51:01 - matching_padroncharcas - DEBUG -     gz_id=1002488 'tecomaxtlahuaca' score=1.000 nombre=False saint_only=True terr= phase=candidate
2026-07-02 17:51:01 - matching_padroncharcas - DEBUG -     gz_id=1002488 'tecomaxtlahuaca' score=1.000 nombre=False saint_only=True terr= phase=candidate
2026-07-02 17:51:01 - matching_padroncharcas - DEBUG -     gz_id=1002488 'tecomaxtlahuaca' score=1.000 nombre=False saint_only=True terr= phase=candidate
2026-07-02 17:51:01 - matching_padroncharcas - DEBUG -     gz_id=1002504 'san cebastian coatlan' score=1.000 nombre=False saint_only=True terr= phase=candidate
2026-07-02 17:51:01 - matching_padroncharcas - DEBUG -     gz_id=1002504 'san cebastian coatlan' score=1.000 nombre=False saint_only=True terr= phase=candidate
2026-07-02 17:51:01 - matching_padroncharcas - DEBUG -     gz_id=1002537 'san cebastian' score=1.000 nombre=False saint_only=True terr= phase=candidate
2026-07-02 17:51:01 - matching_padroncharcas - DEBUG -     gz_id=1002537 'san cebastian' score=1.000 nombre=False saint_only=True terr= phase=candidate
2026-07-02 17:51:01 - matching_padroncharcas - DEBUG -     gz_id=1002565 'san cebastian jilotepec' score=1.000 nombre=False saint_only=True terr= phase=candidate
2026-07-02 17:51:01 - matching_padroncharcas - DEBUG -     gz_id=1002565 'san cebastian jilotepec' score=1.000 nombre=False saint_only=True terr= phase=candidate
2026-07-02 17:51:01 - matching_padroncharcas - DEBUG -     gz_id=1002565 'san cebastian jilotepec' score=1.000 nombre=False saint_only=True terr= phase=candidate
2026-07-02 17:51:01 - matching_padroncharcas - DEBUG -     gz_id=1002626 'rio dulce' score=1.000 nombre=False saint_only=True terr= phase=candidate
2026-07-02 17:51:01 - matching_padroncharcas - DEBUG -     gz_id=1002626 'rio dulce' score=1.000 nombre=False saint_only=True terr= phase=candidate
2026-07-02 17:51:01 - matching_padroncharcas - DEBUG -     gz_id=1002697 'tlacolula' score=1.000 nombre=False saint_only=True terr= phase=candidate
2026-07-02 17:51:01 - matching_padroncharcas - DEBUG -     gz_id=1002697 'tlacolula' score=1.000 nombre=False saint_only=True terr= phase=candidate
2026-07-02 17:51:01 - matching_padroncharcas - DEBUG -     gz_id=1002748 'iutanino' score=1.000 nombre=False saint_only=True terr= phase=candidate
2026-07-02 17:51:01 - matching_padroncharcas - DEBUG -     gz_id=1002748 'iutanino' score=1.000 nombre=False saint_only=True terr= phase=candidate
2026-07-02 17:51:01 - matching_padroncharcas - DEBUG -     gz_id=1002798 'nicananduta' score=1.000 nombre=False saint_only=True terr= phase=candidate
2026-07-02 17:51:01 - matching_padroncharcas - DEBUG -     gz_id=1002798 'nicananduta' score=1.000 nombre=False saint_only=True terr= phase=candidate
2026-07-02 17:51:01 - matching_padroncharcas - DEBUG -     gz_id=1002952 'huiloji' score=1.000 nombre=False saint_only=True terr= phase=candidate
2026-07-02 17:51:01 - matching_padroncharcas - DEBUG -     gz_id=1002952 'huiloji' score=1.000 nombre=False saint_only=True terr= phase=candidate
2026-07-02 17:51:01 - matching_padroncharcas - DEBUG -     gz_id=1003081 'san cebastian teitipac' score=1.000 nombre=False saint_only=True terr= phase=candidate
2026-07-02 17:51:01 - matching_padroncharcas - DEBUG -     gz_id=1003081 'san cebastian teitipac' score=1.000 nombre=False saint_only=True terr= phase=candidate
2026-07-02 17:51:01 - matching_padroncharcas - DEBUG -     gz_id=1003202 'tepalcatepec' score=1.000 nombre=False saint_only=True terr= phase=candidate
2026-07-02 17:51:01 - matching_padroncharcas - DEBUG -     gz_id=1003202 'tepalcatepec' score=1.000 nombre=False saint_only=True terr= phase=candidate
2026-07-02 17:51:01 - matching_padroncharcas - DEBUG -     gz_id=1003421 'puctla' score=1.000 nombre=False saint_only=True terr= phase=candidate
2026-07-02 17:51:01 - matching_padroncharcas - DEBUG -     gz_id=1003421 'puctla' score=1.000 nombre=False saint_only=True terr= phase=candidate
2026-07-02 17:51:01 - matching_padroncharcas - DEBUG -     gz_id=1003486 'alcomunga' score=1.000 nombre=False saint_only=True terr= phase=candidate
2026-07-02 17:51:01 - matching_padroncharcas - DEBUG -     gz_id=1003486 'alcomunga' score=1.000 nombre=False saint_only=True terr= phase=candidate
2026-07-02 17:51:01 - matching_padroncharcas - DEBUG -     gz_id=1003522 'tlacotepec' score=1.000 nombre=False saint_only=True terr= phase=candidate
2026-07-02 17:51:01 - matching_padroncharcas - DEBUG -     gz_id=1003522 'tlacotepec' score=1.000 nombre=False saint_only=True terr= phase=candidate
2026-07-02 17:51:01 - matching_padroncharcas - DEBUG -     gz_id=1003527 'cinacatepec' score=1.000 nombre=False saint_only=True terr= phase=candidate
2026-07-02 17:51:01 - matching_padroncharcas - DEBUG -     gz_id=1003527 'cinacatepec' score=1.000 nombre=False saint_only=True terr= phase=candidate
2026-07-02 17:51:01 - matching_padroncharcas - DEBUG -     gz_id=1003542 'cuacnopalan' score=1.000 nombre=False saint_only=True terr= phase=candidate
2026-07-02 17:51:01 - matching_padroncharcas - DEBUG -     gz_id=1003542 'cuacnopalan' score=1.000 nombre=False saint_only=True terr= phase=candidate
2026-07-02 17:51:01 - matching_padroncharcas - DEBUG -     gz_id=1003542 'cuacnopalan' score=1.000 nombre=False saint_only=True terr= phase=candidate
2026-07-02 17:51:01 - matching_padroncharcas - DEBUG -     gz_id=1003568 'tepatlaxco' score=1.000 nombre=False saint_only=True terr= phase=candidate
2026-07-02 17:51:01 - matching_padroncharcas - DEBUG -     gz_id=1003568 'tepatlaxco' score=1.000 nombre=False saint_only=True terr= phase=candidate
2026-07-02 17:51:01 - matching_padroncharcas - DEBUG -     gz_id=1003568 'tepatlaxco' score=1.000 nombre=False saint_only=True terr= phase=candidate
2026-07-02 17:51:01 - matching_padroncharcas - DEBUG -     gz_id=1003641 'san cebastian' score=1.000 nombre=True saint_only=False terr= phase=auto_adopt
2026-07-02 17:51:01 - matching_padroncharcas - DEBUG -     gz_id=1003641 'san cebastian' score=1.000 nombre=True saint_only=False terr= phase=auto_adopt
2026-07-02 17:51:01 - matching_padroncharcas - DEBUG -     gz_id=1003648 'ahuacatepec' score=1.000 nombre=False saint_only=True terr= phase=candidate
2026-07-02 17:51:01 - matching_padroncharcas - DEBUG -     gz_id=1003648 'ahuacatepec' score=1.000 nombre=False saint_only=True terr= phase=candidate
2026-07-02 17:51:01 - matching_padroncharcas - DEBUG -     gz_id=1003648 'ahuacatepec' score=1.000 nombre=False saint_only=True terr= phase=candidate
2026-07-02 17:51:01 - matching_padroncharcas - DEBUG -     gz_id=1003666 'cacahuatepec' score=1.000 nombre=False saint_only=True terr= phase=candidate
2026-07-02 17:51:01 - matching_padroncharcas - DEBUG -     gz_id=1003666 'cacahuatepec' score=1.000 nombre=False saint_only=True terr= phase=candidate
2026-07-02 17:51:01 - matching_padroncharcas - DEBUG -     gz_id=1003666 'cacahuatepec' score=1.000 nombre=False saint_only=True terr= phase=candidate
2026-07-02 17:51:01 - matching_padroncharcas - DEBUG -     gz_id=1003798 'tuxtla' score=1.000 nombre=False saint_only=True terr= phase=candidate
2026-07-02 17:51:01 - matching_padroncharcas - DEBUG -     gz_id=1003798 'tuxtla' score=1.000 nombre=False saint_only=True terr= phase=candidate
2026-07-02 17:51:01 - matching_padroncharcas - DEBUG -     gz_id=1003814 'san cebastian' score=1.000 nombre=True saint_only=False terr= phase=auto_adopt
2026-07-02 17:51:01 - matching_padroncharcas - DEBUG -     gz_id=1003814 'san cebastian' score=1.000 nombre=True saint_only=False terr= phase=auto_adopt
2026-07-02 17:51:01 - matching_padroncharcas - DEBUG -     gz_id=1003827 'chapulhuacan' score=1.000 nombre=False saint_only=True terr= phase=candidate
2026-07-02 17:51:01 - matching_padroncharcas - DEBUG -     gz_id=1003827 'chapulhuacan' score=1.000 nombre=False saint_only=True terr= phase=candidate
2026-07-02 17:51:01 - matching_padroncharcas - DEBUG -     gz_id=1004049 'atlalpa' score=1.000 nombre=False saint_only=True terr= phase=candidate
2026-07-02 17:51:01 - matching_padroncharcas - DEBUG -     gz_id=1004049 'atlalpa' score=1.000 nombre=False saint_only=True terr= phase=candidate
2026-07-02 17:51:01 - matching_padroncharcas - DEBUG -     gz_id=1004049 'atlalpa' score=1.000 nombre=False saint_only=True terr= phase=candidate
2026-07-02 17:51:01 - matching_padroncharcas - DEBUG -     gz_id=1004263 'san cebastian' score=1.000 nombre=True saint_only=False terr= phase=auto_adopt
2026-07-02 17:51:01 - matching_padroncharcas - DEBUG -     gz_id=1004263 'san cebastian' score=1.000 nombre=True saint_only=False terr= phase=auto_adopt
2026-07-02 17:51:01 - matching_padroncharcas - DEBUG -     gz_id=1004616 'sain alto' score=1.000 nombre=False saint_only=True terr= phase=candidate
2026-07-02 17:51:01 - matching_padroncharcas - DEBUG -     gz_id=1004616 'sain alto' score=1.000 nombre=False saint_only=True terr= phase=candidate
2026-07-02 17:51:01 - matching_padroncharcas - DEBUG -     gz_id=1004712 'barrio san cebastian' score=1.000 nombre=False saint_only=True terr= phase=candidate
2026-07-02 17:51:01 - matching_padroncharcas - DEBUG -     gz_id=1004712 'barrio san cebastian' score=1.000 nombre=False saint_only=True terr= phase=candidate
2026-07-02 17:51:01 - matching_padroncharcas - DEBUG -     gz_id=1004839 'san cebastian' score=1.000 nombre=False saint_only=True terr= phase=candidate
2026-07-02 17:51:01 - matching_padroncharcas - DEBUG -     gz_id=1004839 'san cebastian' score=1.000 nombre=False saint_only=True terr= phase=candidate
2026-07-02 17:51:01 - matching_padroncharcas - DEBUG -     gz_id=1004840 'san cebastian' score=1.000 nombre=False saint_only=True terr= phase=candidate
2026-07-02 17:51:01 - matching_padroncharcas - DEBUG -     gz_id=1004840 'san cebastian' score=1.000 nombre=False saint_only=True terr= phase=candidate
2026-07-02 17:51:01 - matching_padroncharcas - DEBUG -     gz_id=1004878 'huajicori' score=1.000 nombre=True saint_only=False terr= phase=auto_adopt
2026-07-02 17:51:01 - matching_padroncharcas - DEBUG -     gz_id=1004878 'huajicori' score=1.000 nombre=True saint_only=False terr= phase=auto_adopt
2026-07-02 17:51:01 - matching_padroncharcas - DEBUG -     gz_id=1004901 'san cebastian' score=1.000 nombre=True saint_only=False terr= phase=auto_adopt
2026-07-02 17:51:01 - matching_padroncharcas - DEBUG -     gz_id=1004901 'san cebastian' score=1.000 nombre=True saint_only=False terr= phase=auto_adopt
2026-07-02 17:51:01 - matching_padroncharcas - DEBUG -     gz_id=1004901 'san cebastian' score=1.000 nombre=True saint_only=False terr= phase=auto_adopt
2026-07-02 17:51:01 - matching_padroncharcas - DEBUG -     gz_id=1004901 'san cebastian' score=1.000 nombre=True saint_only=False terr= phase=auto_adopt
2026-07-02 17:51:01 - matching_padroncharcas - DEBUG -     gz_id=1005050 'canada grande' score=1.000 nombre=False saint_only=True terr= phase=candidate
2026-07-02 17:51:01 - matching_padroncharcas - DEBUG -     gz_id=1005050 'canada grande' score=1.000 nombre=False saint_only=True terr= phase=candidate
2026-07-02 17:51:01 - matching_padroncharcas - DEBUG -     gz_id=1005050 'canada grande' score=1.000 nombre=False saint_only=True terr= phase=candidate
2026-07-02 17:51:01 - matching_padroncharcas - DEBUG -     gz_id=1005050 'canada grande' score=1.000 nombre=False saint_only=True terr= phase=candidate
2026-07-02 17:51:01 - matching_padroncharcas - DEBUG -     gz_id=1005050 'canada grande' score=1.000 nombre=False saint_only=True terr= phase=candidate
2026-07-02 17:51:01 - matching_padroncharcas - DEBUG -     gz_id=1005050 'canada grande' score=1.000 nombre=False saint_only=True terr= phase=candidate
2026-07-02 17:51:01 - matching_padroncharcas - DEBUG -     gz_id=2000085 'sabanilla' score=1.000 nombre=False saint_only=True terr= phase=candidate
2026-07-02 17:51:01 - matching_padroncharcas - DEBUG -     gz_id=2000085 'sabanilla' score=1.000 nombre=False saint_only=True terr= phase=candidate
2026-07-02 17:51:01 - matching_padroncharcas - DEBUG -     gz_id=2000218 'san cebastian tejar' score=1.000 nombre=False saint_only=True terr= phase=candidate
2026-07-02 17:51:01 - matching_padroncharcas - DEBUG -     gz_id=2000218 'san cebastian tejar' score=1.000 nombre=False saint_only=True terr= phase=candidate
2026-07-02 17:51:01 - matching_padroncharcas - DEBUG -     gz_id=2000302 'san cebastian' score=1.000 nombre=False saint_only=True terr= phase=candidate
2026-07-02 17:51:01 - matching_padroncharcas - DEBUG -     gz_id=2000302 'san cebastian' score=1.000 nombre=False saint_only=True terr= phase=candidate
2026-07-02 17:51:01 - matching_padroncharcas - DEBUG -     gz_id=2000302 'san cebastian' score=1.000 nombre=False saint_only=True terr= phase=candidate
2026-07-02 17:51:01 - matching_padroncharcas - DEBUG -     gz_id=2000302 'san cebastian' score=1.000 nombre=False saint_only=True terr= phase=candidate
2026-07-02 17:51:01 - matching_padroncharcas - DEBUG -     gz_id=2000335 'san cebastian' score=1.000 nombre=False saint_only=True terr= phase=candidate
2026-07-02 17:51:01 - matching_padroncharcas - DEBUG -     gz_id=2000349 'coatan' score=1.000 nombre=False saint_only=True terr= phase=candidate
2026-07-02 17:51:01 - matching_padroncharcas - DEBUG -     gz_id=2000453 'analco' score=1.000 nombre=False saint_only=True terr= phase=candidate
2026-07-02 17:51:01 - matching_padroncharcas - DEBUG -     gz_id=2000453 'analco' score=1.000 nombre=False saint_only=True terr= phase=candidate
2026-07-02 17:51:01 - matching_padroncharcas - DEBUG -     gz_id=2000456 'sahuaiapa' score=1.000 nombre=False saint_only=True terr= phase=candidate
2026-07-02 17:51:01 - matching_padroncharcas - DEBUG -     gz_id=2000456 'sahuaiapa' score=1.000 nombre=False saint_only=True terr= phase=candidate
2026-07-02 17:51:01 - matching_padroncharcas - DEBUG -     gz_id=2000465 'tejincal' score=1.000 nombre=False saint_only=True terr= phase=candidate
2026-07-02 17:51:01 - matching_padroncharcas - DEBUG -     gz_id=2000465 'tejincal' score=1.000 nombre=False saint_only=True terr= phase=candidate
2026-07-02 17:51:01 - matching_padroncharcas - DEBUG -     gz_id=2000482 'aiutustepeque' score=1.000 nombre=False saint_only=True terr= phase=candidate
2026-07-02 17:51:01 - matching_padroncharcas - DEBUG -     gz_id=2000482 'aiutustepeque' score=1.000 nombre=False saint_only=True terr= phase=candidate
2026-07-02 17:51:01 - matching_padroncharcas - DEBUG -     gz_id=2000798 'san cebastian retaluleuh' score=1.000 nombre=False saint_only=True terr= phase=candidate
2026-07-02 17:51:01 - matching_padroncharcas - DEBUG -     gz_id=2000853 'san cebastian' score=1.000 nombre=True saint_only=False terr= phase=auto_adopt
2026-07-02 17:51:01 - matching_padroncharcas - DEBUG -     gz_id=2000853 'san cebastian' score=1.000 nombre=True saint_only=False terr= phase=auto_adopt
2026-07-02 17:51:01 - matching_padroncharcas - DEBUG -     gz_id=2000853 'san cebastian' score=1.000 nombre=True saint_only=False terr= phase=auto_adopt
2026-07-02 17:51:01 - matching_padroncharcas - DEBUG -     gz_id=2000853 'san cebastian' score=1.000 nombre=True saint_only=False terr= phase=auto_adopt
2026-07-02 17:51:01 - matching_padroncharcas - DEBUG -     gz_id=4000023 'san cebastian' score=1.000 nombre=False saint_only=True terr= phase=candidate
2026-07-02 17:51:01 - matching_padroncharcas - DEBUG -     gz_id=4000023 'san cebastian' score=1.000 nombre=False saint_only=True terr= phase=candidate
2026-07-02 17:51:01 - matching_padroncharcas - DEBUG -     gz_id=4000023 'san cebastian' score=1.000 nombre=False saint_only=True terr= phase=candidate
2026-07-02 17:51:01 - matching_padroncharcas - DEBUG -     gz_id=4000023 'san cebastian' score=1.000 nombre=False saint_only=True terr= phase=candidate
2026-07-02 17:51:01 - matching_padroncharcas - DEBUG -     gz_id=4000023 'san cebastian' score=1.000 nombre=False saint_only=True terr= phase=candidate
2026-07-02 17:51:01 - matching_padroncharcas - DEBUG -     gz_id=4000023 'san cebastian' score=1.000 nombre=False saint_only=True terr= phase=candidate
2026-07-02 17:51:01 - matching_padroncharcas - DEBUG -     gz_id=4000128 'barbacoas llanos' score=1.000 nombre=False saint_only=True terr= phase=candidate
2026-07-02 17:51:01 - matching_padroncharcas - DEBUG -     gz_id=4000128 'barbacoas llanos' score=1.000 nombre=False saint_only=True terr= phase=candidate
2026-07-02 17:51:01 - matching_padroncharcas - DEBUG -     gz_id=4000128 'barbacoas llanos' score=1.000 nombre=False saint_only=True terr= phase=candidate
2026-07-02 17:51:01 - matching_padroncharcas - DEBUG -     gz_id=4000128 'barbacoas llanos' score=1.000 nombre=False saint_only=True terr= phase=candidate
2026-07-02 17:51:01 - matching_padroncharcas - DEBUG -     gz_id=4000128 'barbacoas llanos' score=1.000 nombre=False saint_only=True terr= phase=candidate
2026-07-02 17:51:01 - matching_padroncharcas - DEBUG -     gz_id=4000128 'barbacoas llanos' score=1.000 nombre=False saint_only=True terr= phase=candidate
2026-07-02 17:51:01 - matching_padroncharcas - DEBUG -     gz_id=4000542 'san cebastian' score=1.000 nombre=True saint_only=False terr= phase=auto_adopt
2026-07-02 17:51:01 - matching_padroncharcas - DEBUG -     gz_id=4000542 'san cebastian' score=1.000 nombre=True saint_only=False terr= phase=auto_adopt
2026-07-02 17:51:01 - matching_padroncharcas - DEBUG -     gz_id=4000542 'san cebastian' score=1.000 nombre=True saint_only=False terr= phase=auto_adopt
2026-07-02 17:51:01 - matching_padroncharcas - DEBUG -     gz_id=4000542 'san cebastian' score=1.000 nombre=True saint_only=False terr= phase=auto_adopt
2026-07-02 17:51:01 - matching_padroncharcas - DEBUG -     gz_id=4000542 'san cebastian' score=1.000 nombre=True saint_only=False terr= phase=auto_adopt
2026-07-02 17:51:01 - matching_padroncharcas - DEBUG -     gz_id=4000542 'san cebastian' score=1.000 nombre=True saint_only=False terr= phase=auto_adopt
2026-07-02 17:51:01 - matching_padroncharcas - DEBUG -     gz_id=4000542 'san cebastian' score=1.000 nombre=True saint_only=False terr= phase=auto_adopt
2026-07-02 17:51:01 - matching_padroncharcas - DEBUG -     gz_id=4000542 'san cebastian' score=1.000 nombre=True saint_only=False terr= phase=auto_adopt
2026-07-02 17:51:01 - matching_padroncharcas - DEBUG -     gz_id=5000032 'plata' score=1.000 nombre=False saint_only=True terr= phase=candidate
2026-07-02 17:51:01 - matching_padroncharcas - DEBUG -     gz_id=5000129 'san cebastian' score=1.000 nombre=False saint_only=True terr= phase=candidate
2026-07-02 17:51:01 - matching_padroncharcas - DEBUG -     gz_id=5000129 'san cebastian' score=1.000 nombre=False saint_only=True terr= phase=candidate
2026-07-02 17:51:01 - matching_padroncharcas - DEBUG -     gz_id=5000129 'san cebastian' score=1.000 nombre=False saint_only=True terr= phase=candidate
2026-07-02 17:51:01 - matching_padroncharcas - DEBUG -     gz_id=5000129 'san cebastian' score=1.000 nombre=False saint_only=True terr= phase=candidate
2026-07-02 17:51:01 - matching_padroncharcas - DEBUG -     gz_id=5000129 'san cebastian' score=1.000 nombre=False saint_only=True terr= phase=candidate
2026-07-02 17:51:01 - matching_padroncharcas - DEBUG -     gz_id=5000141 'san cebastian' score=1.000 nombre=False saint_only=True terr= phase=candidate
2026-07-02 17:51:01 - matching_padroncharcas - DEBUG -     gz_id=5000141 'san cebastian' score=1.000 nombre=False saint_only=True terr= phase=candidate
2026-07-02 17:51:01 - matching_padroncharcas - DEBUG -     gz_id=5000141 'san cebastian' score=1.000 nombre=False saint_only=True terr= phase=candidate
2026-07-02 17:51:01 - matching_padroncharcas - DEBUG -     gz_id=5000141 'san cebastian' score=1.000 nombre=False saint_only=True terr= phase=candidate
2026-07-02 17:51:01 - matching_padroncharcas - DEBUG -     gz_id=5000141 'san cebastian' score=1.000 nombre=False saint_only=True terr= phase=candidate
2026-07-02 17:51:01 - matching_padroncharcas - DEBUG -     gz_id=5000141 'san cebastian' score=1.000 nombre=False saint_only=True terr= phase=candidate
2026-07-02 17:51:01 - matching_padroncharcas - DEBUG -     gz_id=5000381 'rabago' score=1.000 nombre=False saint_only=True terr= phase=candidate
2026-07-02 17:51:01 - matching_padroncharcas - DEBUG -     gz_id=5000382 'san carlos' score=1.000 nombre=False saint_only=True terr= phase=candidate
2026-07-02 17:51:01 - matching_padroncharcas - DEBUG -     gz_id=5000394 'san cebastian' score=1.000 nombre=True saint_only=False terr= phase=auto_adopt
2026-07-02 17:51:01 - matching_padroncharcas - DEBUG -     gz_id=5000394 'san cebastian' score=1.000 nombre=True saint_only=False terr= phase=auto_adopt
2026-07-02 17:51:01 - matching_padroncharcas - DEBUG -     gz_id=5600338 'quiebralomo' score=1.000 nombre=False saint_only=True terr= phase=candidate
2026-07-02 17:51:01 - matching_padroncharcas - DEBUG -     gz_id=5600338 'quiebralomo' score=1.000 nombre=False saint_only=True terr= phase=candidate
2026-07-02 17:51:01 - matching_padroncharcas - DEBUG -     gz_id=5600338 'quiebralomo' score=1.000 nombre=False saint_only=True terr= phase=candidate
2026-07-02 17:51:01 - matching_padroncharcas - DEBUG -     gz_id=5600409 'san cebastian' score=1.000 nombre=True saint_only=False terr= phase=auto_adopt
2026-07-02 17:51:01 - matching_padroncharcas - DEBUG -     gz_id=5600409 'san cebastian' score=1.000 nombre=True saint_only=False terr= phase=auto_adopt
2026-07-02 17:51:01 - matching_padroncharcas - DEBUG -     gz_id=5600409 'san cebastian' score=1.000 nombre=True saint_only=False terr= phase=auto_adopt
2026-07-02 17:51:01 - matching_padroncharcas - DEBUG -     gz_id=5600409 'san cebastian' score=1.000 nombre=True saint_only=False terr= phase=auto_adopt
2026-07-02 17:51:01 - matching_padroncharcas - DEBUG -     gz_id=5600409 'san cebastian' score=1.000 nombre=True saint_only=False terr= phase=auto_adopt
2026-07-02 17:51:01 - matching_padroncharcas - DEBUG -     gz_id=5600647 'san cebastian' score=1.000 nombre=False saint_only=True terr= phase=candidate
2026-07-02 17:51:01 - matching_padroncharcas - DEBUG -     gz_id=5600647 'san cebastian' score=1.000 nombre=False saint_only=True terr= phase=candidate
2026-07-02 17:51:01 - matching_padroncharcas - DEBUG -     gz_id=5600647 'san cebastian' score=1.000 nombre=False saint_only=True terr= phase=candidate
2026-07-02 17:51:01 - matching_padroncharcas - DEBUG -     gz_id=5600647 'san cebastian' score=1.000 nombre=False saint_only=True terr= phase=candidate
2026-07-02 17:51:01 - matching_padroncharcas - DEBUG -     gz_id=5600647 'san cebastian' score=1.000 nombre=False saint_only=True terr= phase=candidate
2026-07-02 17:51:01 - matching_padroncharcas - DEBUG -     gz_id=5600649 'san cebastian indios' score=1.000 nombre=False saint_only=True terr= phase=candidate
2026-07-02 17:51:01 - matching_padroncharcas - DEBUG -     gz_id=5600649 'san cebastian indios' score=1.000 nombre=False saint_only=True terr= phase=candidate
2026-07-02 17:51:01 - matching_padroncharcas - DEBUG -     gz_id=5600649 'san cebastian indios' score=1.000 nombre=False saint_only=True terr= phase=candidate
2026-07-02 17:51:01 - matching_padroncharcas - DEBUG -     gz_id=5600649 'san cebastian indios' score=1.000 nombre=False saint_only=True terr= phase=candidate
2026-07-02 17:51:01 - matching_padroncharcas - DEBUG -     gz_id=5600683 'iumbo' score=1.000 nombre=False saint_only=True terr= phase=candidate
2026-07-02 17:51:01 - matching_padroncharcas - DEBUG -     gz_id=5600683 'iumbo' score=1.000 nombre=False saint_only=True terr= phase=candidate
2026-07-02 17:51:01 - matching_padroncharcas - DEBUG -     gz_id=5600683 'iumbo' score=1.000 nombre=False saint_only=True terr= phase=candidate
2026-07-02 17:51:01 - matching_padroncharcas - DEBUG -     gz_id=5600759 'san cebastian' score=1.000 nombre=True saint_only=False terr= phase=auto_adopt
2026-07-02 17:51:01 - matching_padroncharcas - DEBUG -     gz_id=5600759 'san cebastian' score=1.000 nombre=True saint_only=False terr= phase=auto_adopt
2026-07-02 17:51:01 - matching_padroncharcas - DEBUG -     gz_id=5600759 'san cebastian' score=1.000 nombre=True saint_only=False terr= phase=auto_adopt
2026-07-02 17:51:01 - matching_padroncharcas - DEBUG -     gz_id=6000155 'san cebastian' score=1.000 nombre=False saint_only=True terr= phase=candidate
2026-07-02 17:51:01 - matching_padroncharcas - DEBUG -     gz_id=6000155 'san cebastian' score=1.000 nombre=False saint_only=True terr= phase=candidate
2026-07-02 17:51:01 - matching_padroncharcas - DEBUG -     gz_id=6000155 'san cebastian' score=1.000 nombre=False saint_only=True terr= phase=candidate
2026-07-02 17:51:01 - matching_padroncharcas - DEBUG -     gz_id=6000243 'libitaca' score=1.000 nombre=False saint_only=True terr= phase=candidate
2026-07-02 17:51:01 - matching_padroncharcas - DEBUG -     gz_id=6000243 'libitaca' score=1.000 nombre=False saint_only=True terr= phase=candidate
2026-07-02 17:51:01 - matching_padroncharcas - DEBUG -     gz_id=6000243 'libitaca' score=1.000 nombre=False saint_only=True terr= phase=candidate
2026-07-02 17:51:01 - matching_padroncharcas - DEBUG -     gz_id=6000663 'san cebastian' score=1.000 nombre=False saint_only=True terr= phase=candidate
2026-07-02 17:51:01 - matching_padroncharcas - DEBUG -     gz_id=6000663 'san cebastian' score=1.000 nombre=False saint_only=True terr= phase=candidate
2026-07-02 17:51:01 - matching_padroncharcas - DEBUG -     gz_id=6001098 'huaras' score=1.000 nombre=False saint_only=True terr= phase=candidate
2026-07-02 17:51:01 - matching_padroncharcas - DEBUG -     gz_id=6001098 'huaras' score=1.000 nombre=False saint_only=True terr= phase=candidate
2026-07-02 17:51:01 - matching_padroncharcas - DEBUG -     gz_id=7000376 'san cebastian crus' score=1.000 nombre=False saint_only=True terr= phase=candidate
2026-07-02 17:51:01 - matching_padroncharcas - DEBUG -     gz_id=7000376 'san cebastian crus' score=1.000 nombre=False saint_only=True terr= phase=candidate
2026-07-02 17:51:01 - matching_padroncharcas - DEBUG -     gz_id=7000376 'san cebastian crus' score=1.000 nombre=False saint_only=True terr= phase=candidate
2026-07-02 17:51:01 - matching_padroncharcas - DEBUG -     gz_id=8000663 'san cebastian' score=1.000 nombre=False saint_only=True terr=region_exact phase=candidate
2026-07-02 17:51:01 - matching_padroncharcas - DEBUG -     gz_id=8000663 'san cebastian' score=1.000 nombre=False saint_only=True terr=region_exact phase=candidate
2026-07-02 17:51:01 - matching_padroncharcas - DEBUG -     gz_id=8000663 'san cebastian' score=1.000 nombre=False saint_only=True terr=region_exact phase=candidate
2026-07-02 17:51:01 - matching_padroncharcas - DEBUG -     gz_id=8000666 'san cebastian' score=1.000 nombre=False saint_only=True terr=region_exact phase=candidate
2026-07-02 17:51:01 - matching_padroncharcas - DEBUG -     gz_id=8000666 'san cebastian' score=1.000 nombre=False saint_only=True terr=region_exact phase=candidate
2026-07-02 17:51:01 - matching_padroncharcas - DEBUG -     gz_id=8000698 'san cebastian' score=1.000 nombre=False saint_only=True terr=region_exact phase=candidate
2026-07-02 17:51:01 - matching_padroncharcas - DEBUG -     gz_id=9000132 'hualehuai' score=1.000 nombre=False saint_only=True terr= phase=candidate
2026-07-02 17:51:01 - matching_padroncharcas - DEBUG -     gz_id=9000132 'hualehuai' score=1.000 nombre=False saint_only=True terr= phase=candidate
2026-07-02 17:51:01 - matching_padroncharcas - DEBUG -     gz_id=9000132 'hualehuai' score=1.000 nombre=False saint_only=True terr= phase=candidate
2026-07-02 17:51:01 - matching_padroncharcas - DEBUG -     gz_id=9000132 'hualehuai' score=1.000 nombre=False saint_only=True terr= phase=candidate
2026-07-02 17:51:01 - matching_padroncharcas - INFO -   Before dedup: 296 candidates
2026-07-02 17:51:01 - matching_padroncharcas - INFO -   After dedup: 110 unique gz_ids
2026-07-02 17:51:01 - matching_padroncharcas - INFO -   Dropped 107 territory-contradicting candidates
2026-07-02 17:51:01 - matching_padroncharcas - INFO -   Input has territorial data: True
2026-07-02 17:51:01 - matching_padroncharcas - INFO -   Candidates with territory match: 3
2026-07-02 17:51:01 - matching_padroncharcas - INFO -   After territorial filter (keeping region): 3 candidates
2026-07-02 17:51:01 - matching_padroncharcas - INFO -   Nombre matches (exact on lugar_nombre): 0
2026-07-02 17:51:01 - matching_padroncharcas - INFO -   Saint-only matches: 3
2026-07-02 17:51:01 - matching_padroncharcas - INFO -   Substantive matches: 0
2026-07-02 17:51:01 - matching_padroncharcas - INFO -   Candidate pool (>= threshold): 3
2026-07-02 17:51:01 - matching_padroncharcas - INFO -   3 candidate(s) -> candidate
2026-07-02 17:51:01 - matching_padroncharcas - INFO -   rowID=7368: found at step 'no_partido_jurisdiccion'
2026-07-02 17:51:01 - matching_padroncharcas - INFO - 
============================================================
2026-07-02 17:51:01 - matching_padroncharcas - INFO - Processing rowID=7384: 'Curato de la Matriz' -> cleaned: 'curato matris'
2026-07-02 17:51:01 - matching_padroncharcas - INFO -   Token-based candidates: 77
2026-07-02 17:51:01 - matching_padroncharcas - INFO -   Filtering: need match on substantive tokens: ['curato', 'matris'] OR 2+ total tokens
2026-07-02 17:51:01 - matching_padroncharcas - INFO -   Fuzzy matches (score >= 70, limit=500): 25
2026-07-02 17:51:01 - matching_padroncharcas - DEBUG -     gz_id=4000443 'cura' score=1.000 nombre=False saint_only=False terr= phase=auto_adopt
2026-07-02 17:51:01 - matching_padroncharcas - DEBUG -     gz_id=4000443 'cura' score=1.000 nombre=False saint_only=False terr= phase=auto_adopt
2026-07-02 17:51:01 - matching_padroncharcas - DEBUG -     gz_id=4000443 'cura' score=1.000 nombre=False saint_only=False terr= phase=auto_adopt
2026-07-02 17:51:01 - matching_padroncharcas - DEBUG -     gz_id=4000401 'atures' score=0.909 nombre=False saint_only=False terr= phase=auto_adopt
2026-07-02 17:51:01 - matching_padroncharcas - DEBUG -     gz_id=4000401 'atures' score=0.909 nombre=False saint_only=False terr= phase=auto_adopt
2026-07-02 17:51:01 - matching_padroncharcas - DEBUG -     gz_id=4000401 'atures' score=0.909 nombre=False saint_only=False terr= phase=auto_adopt
2026-07-02 17:51:01 - matching_padroncharcas - DEBUG -     gz_id=4000401 'atures' score=0.909 nombre=False saint_only=False terr= phase=auto_adopt
2026-07-02 17:51:01 - matching_padroncharcas - DEBUG -     gz_id=4000401 'atures' score=0.909 nombre=False saint_only=False terr= phase=auto_adopt
2026-07-02 17:51:01 - matching_padroncharcas - DEBUG -     gz_id=4000401 'atures' score=0.909 nombre=False saint_only=False terr= phase=auto_adopt
2026-07-02 17:51:01 - matching_padroncharcas - DEBUG -     gz_id=6001066 'marias' score=0.833 nombre=False saint_only=False terr= phase=relegated
2026-07-02 17:51:01 - matching_padroncharcas - DEBUG -     gz_id=6001066 'marias' score=0.833 nombre=False saint_only=False terr= phase=relegated
2026-07-02 17:51:01 - matching_padroncharcas - DEBUG -     gz_id=7000470 'curaco' score=0.833 nombre=False saint_only=False terr= phase=relegated
2026-07-02 17:51:01 - matching_padroncharcas - DEBUG -     gz_id=7000470 'curaco' score=0.833 nombre=False saint_only=False terr= phase=relegated
2026-07-02 17:51:01 - matching_padroncharcas - DEBUG -     gz_id=9900944 'palo matias' score=0.762 nombre=False saint_only=False terr= phase=relegated
2026-07-02 17:51:01 - matching_padroncharcas - DEBUG -     gz_id=9900944 'palo matias' score=0.762 nombre=False saint_only=False terr= phase=relegated
2026-07-02 17:51:01 - matching_padroncharcas - DEBUG -     gz_id=9900944 'palo matias' score=0.762 nombre=False saint_only=False terr= phase=relegated
2026-07-02 17:51:01 - matching_padroncharcas - DEBUG -     gz_id=9900944 'palo matias' score=0.762 nombre=False saint_only=False terr= phase=relegated
2026-07-02 17:51:01 - matching_padroncharcas - DEBUG -     gz_id=9900944 'palo matias' score=0.762 nombre=False saint_only=False terr= phase=relegated
2026-07-02 17:51:01 - matching_padroncharcas - DEBUG -     gz_id=1004098 'san matias' score=0.706 nombre=False saint_only=False terr= phase=relegated
2026-07-02 17:51:01 - matching_padroncharcas - DEBUG -     gz_id=1004098 'san matias' score=0.706 nombre=False saint_only=False terr= phase=relegated
2026-07-02 17:51:01 - matching_padroncharcas - DEBUG -     gz_id=1004098 'san matias' score=0.706 nombre=False saint_only=False terr= phase=relegated
2026-07-02 17:51:01 - matching_padroncharcas - DEBUG -     gz_id=9900276 'san matias' score=0.706 nombre=False saint_only=False terr= phase=relegated
2026-07-02 17:51:01 - matching_padroncharcas - DEBUG -     gz_id=9900276 'san matias' score=0.706 nombre=False saint_only=False terr= phase=relegated
2026-07-02 17:51:01 - matching_padroncharcas - DEBUG -     gz_id=1001523 'tejupilco' score=0.700 nombre=False saint_only=False terr= phase=relegated
2026-07-02 17:51:01 - matching_padroncharcas - DEBUG -     gz_id=1001523 'tejupilco' score=0.700 nombre=False saint_only=False terr= phase=relegated
2026-07-02 17:51:01 - matching_padroncharcas - INFO -   Before dedup: 25 candidates
2026-07-02 17:51:01 - matching_padroncharcas - INFO -   After dedup: 8 unique gz_ids
2026-07-02 17:51:01 - matching_padroncharcas - INFO -   Dropped 8 territory-contradicting candidates
2026-07-02 17:51:01 - matching_padroncharcas - INFO -   Input has territorial data: True
2026-07-02 17:51:01 - matching_padroncharcas - INFO -   Candidates with territory match: 0
2026-07-02 17:51:01 - matching_padroncharcas - INFO -   No territorial filtering applied (no matching territories found)
2026-07-02 17:51:01 - matching_padroncharcas - INFO -   Nombre matches (exact on lugar_nombre): 0
2026-07-02 17:51:01 - matching_padroncharcas - INFO -   Saint-only matches: 0
2026-07-02 17:51:01 - matching_padroncharcas - INFO -   Substantive matches: 0
2026-07-02 17:51:01 - matching_padroncharcas - INFO -   Candidate pool (>= threshold): 0
2026-07-02 17:51:01 - matching_padroncharcas - WARNING -   No candidate above threshold - relegated
2026-07-02 17:51:01 - matching_padroncharcas - INFO - 
============================================================
2026-07-02 17:51:01 - matching_padroncharcas - INFO - Processing rowID=7384: 'Curato de la Matriz' -> cleaned: 'curato matris'
2026-07-02 17:51:01 - matching_padroncharcas - INFO -   Token-based candidates: 77
2026-07-02 17:51:01 - matching_padroncharcas - INFO -   Filtering: need match on substantive tokens: ['curato', 'matris'] OR 2+ total tokens
2026-07-02 17:51:01 - matching_padroncharcas - INFO -   Fuzzy matches (score >= 70, limit=500): 25
2026-07-02 17:51:01 - matching_padroncharcas - DEBUG -     gz_id=4000443 'cura' score=1.000 nombre=False saint_only=False terr= phase=auto_adopt
2026-07-02 17:51:01 - matching_padroncharcas - DEBUG -     gz_id=4000443 'cura' score=1.000 nombre=False saint_only=False terr= phase=auto_adopt
2026-07-02 17:51:01 - matching_padroncharcas - DEBUG -     gz_id=4000443 'cura' score=1.000 nombre=False saint_only=False terr= phase=auto_adopt
2026-07-02 17:51:01 - matching_padroncharcas - DEBUG -     gz_id=4000401 'atures' score=0.909 nombre=False saint_only=False terr= phase=auto_adopt
2026-07-02 17:51:01 - matching_padroncharcas - DEBUG -     gz_id=4000401 'atures' score=0.909 nombre=False saint_only=False terr= phase=auto_adopt
2026-07-02 17:51:01 - matching_padroncharcas - DEBUG -     gz_id=4000401 'atures' score=0.909 nombre=False saint_only=False terr= phase=auto_adopt
2026-07-02 17:51:01 - matching_padroncharcas - DEBUG -     gz_id=4000401 'atures' score=0.909 nombre=False saint_only=False terr= phase=auto_adopt
2026-07-02 17:51:01 - matching_padroncharcas - DEBUG -     gz_id=4000401 'atures' score=0.909 nombre=False saint_only=False terr= phase=auto_adopt
2026-07-02 17:51:01 - matching_padroncharcas - DEBUG -     gz_id=4000401 'atures' score=0.909 nombre=False saint_only=False terr= phase=auto_adopt
2026-07-02 17:51:01 - matching_padroncharcas - DEBUG -     gz_id=6001066 'marias' score=0.833 nombre=False saint_only=False terr= phase=relegated
2026-07-02 17:51:01 - matching_padroncharcas - DEBUG -     gz_id=6001066 'marias' score=0.833 nombre=False saint_only=False terr= phase=relegated
2026-07-02 17:51:01 - matching_padroncharcas - DEBUG -     gz_id=7000470 'curaco' score=0.833 nombre=False saint_only=False terr= phase=relegated
2026-07-02 17:51:01 - matching_padroncharcas - DEBUG -     gz_id=7000470 'curaco' score=0.833 nombre=False saint_only=False terr= phase=relegated
2026-07-02 17:51:01 - matching_padroncharcas - DEBUG -     gz_id=9900944 'palo matias' score=0.762 nombre=False saint_only=False terr= phase=relegated
2026-07-02 17:51:01 - matching_padroncharcas - DEBUG -     gz_id=9900944 'palo matias' score=0.762 nombre=False saint_only=False terr= phase=relegated
2026-07-02 17:51:01 - matching_padroncharcas - DEBUG -     gz_id=9900944 'palo matias' score=0.762 nombre=False saint_only=False terr= phase=relegated
2026-07-02 17:51:01 - matching_padroncharcas - DEBUG -     gz_id=9900944 'palo matias' score=0.762 nombre=False saint_only=False terr= phase=relegated
2026-07-02 17:51:01 - matching_padroncharcas - DEBUG -     gz_id=9900944 'palo matias' score=0.762 nombre=False saint_only=False terr= phase=relegated
2026-07-02 17:51:01 - matching_padroncharcas - DEBUG -     gz_id=1004098 'san matias' score=0.706 nombre=False saint_only=False terr= phase=relegated
2026-07-02 17:51:01 - matching_padroncharcas - DEBUG -     gz_id=1004098 'san matias' score=0.706 nombre=False saint_only=False terr= phase=relegated
2026-07-02 17:51:01 - matching_padroncharcas - DEBUG -     gz_id=1004098 'san matias' score=0.706 nombre=False saint_only=False terr= phase=relegated
2026-07-02 17:51:01 - matching_padroncharcas - DEBUG -     gz_id=9900276 'san matias' score=0.706 nombre=False saint_only=False terr= phase=relegated
2026-07-02 17:51:01 - matching_padroncharcas - DEBUG -     gz_id=9900276 'san matias' score=0.706 nombre=False saint_only=False terr= phase=relegated
2026-07-02 17:51:01 - matching_padroncharcas - DEBUG -     gz_id=1001523 'tejupilco' score=0.700 nombre=False saint_only=False terr= phase=relegated
2026-07-02 17:51:01 - matching_padroncharcas - DEBUG -     gz_id=1001523 'tejupilco' score=0.700 nombre=False saint_only=False terr= phase=relegated
2026-07-02 17:51:01 - matching_padroncharcas - INFO -   Before dedup: 25 candidates
2026-07-02 17:51:01 - matching_padroncharcas - INFO -   After dedup: 8 unique gz_ids
2026-07-02 17:51:01 - matching_padroncharcas - INFO -   Dropped 8 territory-contradicting candidates
2026-07-02 17:51:01 - matching_padroncharcas - INFO -   Input has territorial data: True
2026-07-02 17:51:01 - matching_padroncharcas - INFO -   Candidates with territory match: 0
2026-07-02 17:51:01 - matching_padroncharcas - INFO -   No territorial filtering applied (no matching territories found)
2026-07-02 17:51:01 - matching_padroncharcas - INFO -   Nombre matches (exact on lugar_nombre): 0
2026-07-02 17:51:01 - matching_padroncharcas - INFO -   Saint-only matches: 0
2026-07-02 17:51:01 - matching_padroncharcas - INFO -   Substantive matches: 0
2026-07-02 17:51:01 - matching_padroncharcas - INFO -   Candidate pool (>= threshold): 0
2026-07-02 17:51:01 - matching_padroncharcas - WARNING -   No candidate above threshold - relegated
2026-07-02 17:51:01 - matching_padroncharcas - INFO - 
============================================================
2026-07-02 17:51:01 - matching_padroncharcas - INFO - Processing rowID=7384: 'Curato de la Matriz' -> cleaned: 'curato matris'
2026-07-02 17:51:02 - matching_padroncharcas - INFO -   Token-based candidates: 77
2026-07-02 17:51:02 - matching_padroncharcas - INFO -   Filtering: need match on substantive tokens: ['curato', 'matris'] OR 2+ total tokens
2026-07-02 17:51:02 - matching_padroncharcas - INFO -   Fuzzy matches (score >= 70, limit=500): 25
2026-07-02 17:51:02 - matching_padroncharcas - DEBUG -     gz_id=4000443 'cura' score=1.000 nombre=False saint_only=False terr= phase=auto_adopt
2026-07-02 17:51:02 - matching_padroncharcas - DEBUG -     gz_id=4000443 'cura' score=1.000 nombre=False saint_only=False terr= phase=auto_adopt
2026-07-02 17:51:02 - matching_padroncharcas - DEBUG -     gz_id=4000443 'cura' score=1.000 nombre=False saint_only=False terr= phase=auto_adopt
2026-07-02 17:51:02 - matching_padroncharcas - DEBUG -     gz_id=4000401 'atures' score=0.909 nombre=False saint_only=False terr= phase=auto_adopt
2026-07-02 17:51:02 - matching_padroncharcas - DEBUG -     gz_id=4000401 'atures' score=0.909 nombre=False saint_only=False terr= phase=auto_adopt
2026-07-02 17:51:02 - matching_padroncharcas - DEBUG -     gz_id=4000401 'atures' score=0.909 nombre=False saint_only=False terr= phase=auto_adopt
2026-07-02 17:51:02 - matching_padroncharcas - DEBUG -     gz_id=4000401 'atures' score=0.909 nombre=False saint_only=False terr= phase=auto_adopt
2026-07-02 17:51:02 - matching_padroncharcas - DEBUG -     gz_id=4000401 'atures' score=0.909 nombre=False saint_only=False terr= phase=auto_adopt
2026-07-02 17:51:02 - matching_padroncharcas - DEBUG -     gz_id=4000401 'atures' score=0.909 nombre=False saint_only=False terr= phase=auto_adopt
2026-07-02 17:51:02 - matching_padroncharcas - DEBUG -     gz_id=6001066 'marias' score=0.833 nombre=False saint_only=False terr= phase=relegated
2026-07-02 17:51:02 - matching_padroncharcas - DEBUG -     gz_id=6001066 'marias' score=0.833 nombre=False saint_only=False terr= phase=relegated
2026-07-02 17:51:02 - matching_padroncharcas - DEBUG -     gz_id=7000470 'curaco' score=0.833 nombre=False saint_only=False terr= phase=relegated
2026-07-02 17:51:02 - matching_padroncharcas - DEBUG -     gz_id=7000470 'curaco' score=0.833 nombre=False saint_only=False terr= phase=relegated
2026-07-02 17:51:02 - matching_padroncharcas - DEBUG -     gz_id=9900944 'palo matias' score=0.762 nombre=False saint_only=False terr= phase=relegated
2026-07-02 17:51:02 - matching_padroncharcas - DEBUG -     gz_id=9900944 'palo matias' score=0.762 nombre=False saint_only=False terr= phase=relegated
2026-07-02 17:51:02 - matching_padroncharcas - DEBUG -     gz_id=9900944 'palo matias' score=0.762 nombre=False saint_only=False terr= phase=relegated
2026-07-02 17:51:02 - matching_padroncharcas - DEBUG -     gz_id=9900944 'palo matias' score=0.762 nombre=False saint_only=False terr= phase=relegated
2026-07-02 17:51:02 - matching_padroncharcas - DEBUG -     gz_id=9900944 'palo matias' score=0.762 nombre=False saint_only=False terr= phase=relegated
2026-07-02 17:51:02 - matching_padroncharcas - DEBUG -     gz_id=1004098 'san matias' score=0.706 nombre=False saint_only=False terr= phase=relegated
2026-07-02 17:51:02 - matching_padroncharcas - DEBUG -     gz_id=1004098 'san matias' score=0.706 nombre=False saint_only=False terr= phase=relegated
2026-07-02 17:51:02 - matching_padroncharcas - DEBUG -     gz_id=1004098 'san matias' score=0.706 nombre=False saint_only=False terr= phase=relegated
2026-07-02 17:51:02 - matching_padroncharcas - DEBUG -     gz_id=9900276 'san matias' score=0.706 nombre=False saint_only=False terr= phase=relegated
2026-07-02 17:51:02 - matching_padroncharcas - DEBUG -     gz_id=9900276 'san matias' score=0.706 nombre=False saint_only=False terr= phase=relegated
2026-07-02 17:51:02 - matching_padroncharcas - DEBUG -     gz_id=1001523 'tejupilco' score=0.700 nombre=False saint_only=False terr= phase=relegated
2026-07-02 17:51:02 - matching_padroncharcas - DEBUG -     gz_id=1001523 'tejupilco' score=0.700 nombre=False saint_only=False terr= phase=relegated
2026-07-02 17:51:02 - matching_padroncharcas - INFO -   Before dedup: 25 candidates
2026-07-02 17:51:02 - matching_padroncharcas - INFO -   After dedup: 8 unique gz_ids
2026-07-02 17:51:02 - matching_padroncharcas - INFO -   Dropped 8 territory-contradicting candidates
2026-07-02 17:51:02 - matching_padroncharcas - INFO -   Input has territorial data: True
2026-07-02 17:51:02 - matching_padroncharcas - INFO -   Candidates with territory match: 0
2026-07-02 17:51:02 - matching_padroncharcas - INFO -   No territorial filtering applied (no matching territories found)
2026-07-02 17:51:02 - matching_padroncharcas - INFO -   Nombre matches (exact on lugar_nombre): 0
2026-07-02 17:51:02 - matching_padroncharcas - INFO -   Saint-only matches: 0
2026-07-02 17:51:02 - matching_padroncharcas - INFO -   Substantive matches: 0
2026-07-02 17:51:02 - matching_padroncharcas - INFO -   Candidate pool (>= threshold): 0
2026-07-02 17:51:02 - matching_padroncharcas - WARNING -   No candidate above threshold - relegated
2026-07-02 17:51:02 - matching_padroncharcas - INFO - 
============================================================
2026-07-02 17:51:02 - matching_padroncharcas - INFO - Processing rowID=7385: 'Piezas' -> cleaned: 'piesas'
2026-07-02 17:51:02 - matching_padroncharcas - INFO -   Token-based candidates: 3
2026-07-02 17:51:02 - matching_padroncharcas - INFO -   Fuzzy matches (score >= 70, limit=500): 3
2026-07-02 17:51:02 - matching_padroncharcas - DEBUG -     gz_id=1004942 'presas rei' score=0.833 nombre=False saint_only=False terr= phase=relegated
2026-07-02 17:51:02 - matching_padroncharcas - DEBUG -     gz_id=6001386 'pias' score=0.800 nombre=False saint_only=False terr= phase=relegated
2026-07-02 17:51:02 - matching_padroncharcas - DEBUG -     gz_id=6001386 'pias' score=0.800 nombre=False saint_only=False terr= phase=relegated
2026-07-02 17:51:02 - matching_padroncharcas - INFO -   Before dedup: 3 candidates
2026-07-02 17:51:02 - matching_padroncharcas - INFO -   After dedup: 2 unique gz_ids
2026-07-02 17:51:02 - matching_padroncharcas - INFO -   Dropped 2 territory-contradicting candidates
2026-07-02 17:51:02 - matching_padroncharcas - INFO -   Input has territorial data: True
2026-07-02 17:51:02 - matching_padroncharcas - INFO -   Candidates with territory match: 0
2026-07-02 17:51:02 - matching_padroncharcas - INFO -   No territorial filtering applied (no matching territories found)
2026-07-02 17:51:02 - matching_padroncharcas - INFO -   Nombre matches (exact on lugar_nombre): 0
2026-07-02 17:51:02 - matching_padroncharcas - INFO -   Saint-only matches: 0
2026-07-02 17:51:02 - matching_padroncharcas - INFO -   Substantive matches: 0
2026-07-02 17:51:02 - matching_padroncharcas - INFO -   Candidate pool (>= threshold): 0
2026-07-02 17:51:02 - matching_padroncharcas - WARNING -   No candidate above threshold - relegated
2026-07-02 17:51:02 - matching_padroncharcas - INFO - 
============================================================
2026-07-02 17:51:02 - matching_padroncharcas - INFO - Processing rowID=7385: 'Piezas' -> cleaned: 'piesas'
2026-07-02 17:51:02 - matching_padroncharcas - INFO -   Token-based candidates: 3
2026-07-02 17:51:02 - matching_padroncharcas - INFO -   Fuzzy matches (score >= 70, limit=500): 3
2026-07-02 17:51:02 - matching_padroncharcas - DEBUG -     gz_id=1004942 'presas rei' score=0.833 nombre=False saint_only=False terr= phase=relegated
2026-07-02 17:51:02 - matching_padroncharcas - DEBUG -     gz_id=6001386 'pias' score=0.800 nombre=False saint_only=False terr= phase=relegated
2026-07-02 17:51:02 - matching_padroncharcas - DEBUG -     gz_id=6001386 'pias' score=0.800 nombre=False saint_only=False terr= phase=relegated
2026-07-02 17:51:02 - matching_padroncharcas - INFO -   Before dedup: 3 candidates
2026-07-02 17:51:02 - matching_padroncharcas - INFO -   After dedup: 2 unique gz_ids
2026-07-02 17:51:02 - matching_padroncharcas - INFO -   Dropped 2 territory-contradicting candidates
2026-07-02 17:51:02 - matching_padroncharcas - INFO -   Input has territorial data: True
2026-07-02 17:51:02 - matching_padroncharcas - INFO -   Candidates with territory match: 0
2026-07-02 17:51:02 - matching_padroncharcas - INFO -   No territorial filtering applied (no matching territories found)
2026-07-02 17:51:02 - matching_padroncharcas - INFO -   Nombre matches (exact on lugar_nombre): 0
2026-07-02 17:51:02 - matching_padroncharcas - INFO -   Saint-only matches: 0
2026-07-02 17:51:02 - matching_padroncharcas - INFO -   Substantive matches: 0
2026-07-02 17:51:02 - matching_padroncharcas - INFO -   Candidate pool (>= threshold): 0
2026-07-02 17:51:02 - matching_padroncharcas - WARNING -   No candidate above threshold - relegated
2026-07-02 17:51:02 - matching_padroncharcas - INFO - 
============================================================
2026-07-02 17:51:02 - matching_padroncharcas - INFO - Processing rowID=7385: 'Piezas' -> cleaned: 'piesas'
2026-07-02 17:51:02 - matching_padroncharcas - INFO -   Token-based candidates: 3
2026-07-02 17:51:02 - matching_padroncharcas - INFO -   Fuzzy matches (score >= 70, limit=500): 3
2026-07-02 17:51:02 - matching_padroncharcas - DEBUG -     gz_id=1004942 'presas rei' score=0.833 nombre=False saint_only=False terr= phase=relegated
2026-07-02 17:51:02 - matching_padroncharcas - DEBUG -     gz_id=6001386 'pias' score=0.800 nombre=False saint_only=False terr= phase=relegated
2026-07-02 17:51:02 - matching_padroncharcas - DEBUG -     gz_id=6001386 'pias' score=0.800 nombre=False saint_only=False terr= phase=relegated
2026-07-02 17:51:02 - matching_padroncharcas - INFO -   Before dedup: 3 candidates
2026-07-02 17:51:02 - matching_padroncharcas - INFO -   After dedup: 2 unique gz_ids
2026-07-02 17:51:02 - matching_padroncharcas - INFO -   Dropped 2 territory-contradicting candidates
2026-07-02 17:51:02 - matching_padroncharcas - INFO -   Input has territorial data: True
2026-07-02 17:51:02 - matching_padroncharcas - INFO -   Candidates with territory match: 0
2026-07-02 17:51:02 - matching_padroncharcas - INFO -   No territorial filtering applied (no matching territories found)
2026-07-02 17:51:02 - matching_padroncharcas - INFO -   Nombre matches (exact on lugar_nombre): 0
2026-07-02 17:51:02 - matching_padroncharcas - INFO -   Saint-only matches: 0
2026-07-02 17:51:02 - matching_padroncharcas - INFO -   Substantive matches: 0
2026-07-02 17:51:02 - matching_padroncharcas - INFO -   Candidate pool (>= threshold): 0
2026-07-02 17:51:02 - matching_padroncharcas - WARNING -   No candidate above threshold - relegated
2026-07-02 17:51:02 - matching_padroncharcas - INFO - Processing row 20, rowID=7386
2026-07-02 17:51:02 - matching_padroncharcas - INFO - 
============================================================
2026-07-02 17:51:02 - matching_padroncharcas - INFO - Processing rowID=7386: 'San Roque' -> cleaned: 'san roque'
2026-07-02 17:51:02 - matching_padroncharcas - INFO -   Token-based candidates: 12291
2026-07-02 17:51:02 - matching_padroncharcas - INFO -   Filtering: need match on substantive tokens: ['roque'] OR 2+ total tokens
2026-07-02 17:51:04 - matching_padroncharcas - INFO -   After filtering weak token matches: 42 candidates
2026-07-02 17:51:04 - matching_padroncharcas - INFO -   Fuzzy matches (score >= 70, limit=500): 42
2026-07-02 17:51:04 - matching_padroncharcas - DEBUG -     gz_id=9000703 'san roque' score=1.000 nombre=False saint_only=True terr= phase=candidate
2026-07-02 17:51:04 - matching_padroncharcas - DEBUG -     gz_id=9000703 'san roque' score=1.000 nombre=False saint_only=True terr= phase=candidate
2026-07-02 17:51:04 - matching_padroncharcas - DEBUG -     gz_id=9000703 'san roque' score=1.000 nombre=False saint_only=True terr= phase=candidate
2026-07-02 17:51:04 - matching_padroncharcas - DEBUG -     gz_id=9900221 'san roque' score=1.000 nombre=True saint_only=False terr= phase=auto_adopt
2026-07-02 17:51:04 - matching_padroncharcas - DEBUG -     gz_id=9900221 'san roque' score=1.000 nombre=True saint_only=False terr= phase=auto_adopt
2026-07-02 17:51:04 - matching_padroncharcas - DEBUG -     gz_id=9900221 'san roque' score=1.000 nombre=True saint_only=False terr= phase=auto_adopt
2026-07-02 17:51:04 - matching_padroncharcas - DEBUG -     gz_id=9900221 'san roque' score=1.000 nombre=True saint_only=False terr= phase=auto_adopt
2026-07-02 17:51:04 - matching_padroncharcas - DEBUG -     gz_id=9900720 'san roque' score=1.000 nombre=True saint_only=False terr= phase=auto_adopt
2026-07-02 17:51:04 - matching_padroncharcas - DEBUG -     gz_id=9900720 'san roque' score=1.000 nombre=True saint_only=False terr= phase=auto_adopt
2026-07-02 17:51:04 - matching_padroncharcas - DEBUG -     gz_id=1004986 'llera' score=1.000 nombre=False saint_only=False terr= phase=candidate
2026-07-02 17:51:04 - matching_padroncharcas - DEBUG -     gz_id=1004986 'llera' score=1.000 nombre=False saint_only=False terr= phase=candidate
2026-07-02 17:51:04 - matching_padroncharcas - DEBUG -     gz_id=1004986 'llera' score=1.000 nombre=False saint_only=False terr= phase=candidate
2026-07-02 17:51:04 - matching_padroncharcas - DEBUG -     gz_id=1004986 'llera' score=1.000 nombre=False saint_only=False terr= phase=candidate
2026-07-02 17:51:04 - matching_padroncharcas - DEBUG -     gz_id=1005206 'santiago caballeros' score=1.000 nombre=False saint_only=True terr= phase=candidate
2026-07-02 17:51:04 - matching_padroncharcas - DEBUG -     gz_id=1005206 'santiago caballeros' score=1.000 nombre=False saint_only=True terr= phase=candidate
2026-07-02 17:51:04 - matching_padroncharcas - DEBUG -     gz_id=1005206 'santiago caballeros' score=1.000 nombre=False saint_only=True terr= phase=candidate
2026-07-02 17:51:04 - matching_padroncharcas - DEBUG -     gz_id=1005206 'santiago caballeros' score=1.000 nombre=False saint_only=True terr= phase=candidate
2026-07-02 17:51:04 - matching_padroncharcas - DEBUG -     gz_id=4000656 'quebrada' score=1.000 nombre=False saint_only=True terr= phase=candidate
2026-07-02 17:51:04 - matching_padroncharcas - DEBUG -     gz_id=4000656 'quebrada' score=1.000 nombre=False saint_only=True terr= phase=candidate
2026-07-02 17:51:04 - matching_padroncharcas - DEBUG -     gz_id=4000656 'quebrada' score=1.000 nombre=False saint_only=True terr= phase=candidate
2026-07-02 17:51:04 - matching_padroncharcas - DEBUG -     gz_id=4000656 'quebrada' score=1.000 nombre=False saint_only=True terr= phase=candidate
2026-07-02 17:51:04 - matching_padroncharcas - DEBUG -     gz_id=4000656 'quebrada' score=1.000 nombre=False saint_only=True terr= phase=candidate
2026-07-02 17:51:04 - matching_padroncharcas - DEBUG -     gz_id=4000656 'quebrada' score=1.000 nombre=False saint_only=True terr= phase=candidate
2026-07-02 17:51:04 - matching_padroncharcas - DEBUG -     gz_id=5000623 'canaberales' score=1.000 nombre=False saint_only=True terr= phase=candidate
2026-07-02 17:51:04 - matching_padroncharcas - DEBUG -     gz_id=5000623 'canaberales' score=1.000 nombre=False saint_only=True terr= phase=candidate
2026-07-02 17:51:04 - matching_padroncharcas - DEBUG -     gz_id=6000119 'umachulco' score=1.000 nombre=False saint_only=True terr= phase=candidate
2026-07-02 17:51:04 - matching_padroncharcas - DEBUG -     gz_id=6000119 'umachulco' score=1.000 nombre=False saint_only=True terr= phase=candidate
2026-07-02 17:51:04 - matching_padroncharcas - DEBUG -     gz_id=7000170 'san roque' score=1.000 nombre=True saint_only=False terr= phase=auto_adopt
2026-07-02 17:51:04 - matching_padroncharcas - DEBUG -     gz_id=7000170 'san roque' score=1.000 nombre=True saint_only=False terr= phase=auto_adopt
2026-07-02 17:51:04 - matching_padroncharcas - DEBUG -     gz_id=7000170 'san roque' score=1.000 nombre=True saint_only=False terr= phase=auto_adopt
2026-07-02 17:51:04 - matching_padroncharcas - DEBUG -     gz_id=8000463 'peine' score=1.000 nombre=False saint_only=True terr=region_exact phase=candidate
2026-07-02 17:51:04 - matching_padroncharcas - DEBUG -     gz_id=8000463 'peine' score=1.000 nombre=False saint_only=True terr=region_exact phase=candidate
2026-07-02 17:51:04 - matching_padroncharcas - DEBUG -     gz_id=8000676 'san roque' score=1.000 nombre=False saint_only=True terr=region_exact phase=candidate
2026-07-02 17:51:04 - matching_padroncharcas - DEBUG -     gz_id=8000676 'san roque' score=1.000 nombre=False saint_only=True terr=region_exact phase=candidate
2026-07-02 17:51:04 - matching_padroncharcas - DEBUG -     gz_id=8000676 'san roque' score=1.000 nombre=False saint_only=True terr=region_exact phase=candidate
2026-07-02 17:51:04 - matching_padroncharcas - DEBUG -     gz_id=9000055 'san roque' score=1.000 nombre=True saint_only=False terr= phase=auto_adopt
2026-07-02 17:51:04 - matching_padroncharcas - DEBUG -     gz_id=9000055 'san roque' score=1.000 nombre=True saint_only=False terr= phase=auto_adopt
2026-07-02 17:51:04 - matching_padroncharcas - DEBUG -     gz_id=9000055 'san roque' score=1.000 nombre=True saint_only=False terr= phase=auto_adopt
2026-07-02 17:51:04 - matching_padroncharcas - DEBUG -     gz_id=9000100 'iuti' score=1.000 nombre=False saint_only=True terr= phase=candidate
2026-07-02 17:51:04 - matching_padroncharcas - DEBUG -     gz_id=9000100 'iuti' score=1.000 nombre=False saint_only=True terr= phase=candidate
2026-07-02 17:51:04 - matching_padroncharcas - DEBUG -     gz_id=9000216 'san roque' score=1.000 nombre=True saint_only=False terr= phase=auto_adopt
2026-07-02 17:51:04 - matching_padroncharcas - DEBUG -     gz_id=9000216 'san roque' score=1.000 nombre=True saint_only=False terr= phase=auto_adopt
2026-07-02 17:51:04 - matching_padroncharcas - INFO -   Before dedup: 42 candidates
2026-07-02 17:51:04 - matching_padroncharcas - INFO -   After dedup: 14 unique gz_ids
2026-07-02 17:51:04 - matching_padroncharcas - INFO -   Dropped 12 territory-contradicting candidates
2026-07-02 17:51:04 - matching_padroncharcas - INFO -   Input has territorial data: True
2026-07-02 17:51:04 - matching_padroncharcas - INFO -   Candidates with territory match: 2
2026-07-02 17:51:04 - matching_padroncharcas - INFO -   After territorial filter (keeping region): 2 candidates
2026-07-02 17:51:04 - matching_padroncharcas - INFO -   Nombre matches (exact on lugar_nombre): 0
2026-07-02 17:51:04 - matching_padroncharcas - INFO -   Saint-only matches: 2
2026-07-02 17:51:04 - matching_padroncharcas - INFO -   Substantive matches: 0
2026-07-02 17:51:04 - matching_padroncharcas - INFO -   Candidate pool (>= threshold): 2
2026-07-02 17:51:04 - matching_padroncharcas - INFO -   2 candidate(s) -> candidate
2026-07-02 17:51:04 - matching_padroncharcas - INFO -   rowID=7386: found at step 'no_partido_jurisdiccion'
2026-07-02 17:51:04 - matching_padroncharcas - INFO - 
============================================================
2026-07-02 17:51:04 - matching_padroncharcas - INFO - Processing rowID=7387: 'San Bernardo' -> cleaned: 'san bernardo'
2026-07-02 17:51:04 - matching_padroncharcas - INFO -   Token-based candidates: 12282
2026-07-02 17:51:04 - matching_padroncharcas - INFO -   Filtering: need match on substantive tokens: ['bernardo'] OR 2+ total tokens
2026-07-02 17:51:07 - matching_padroncharcas - INFO -   After filtering weak token matches: 49 candidates
2026-07-02 17:51:07 - matching_padroncharcas - INFO -   Fuzzy matches (score >= 70, limit=500): 49
2026-07-02 17:51:07 - matching_padroncharcas - DEBUG -     gz_id=9000635 'san bernardo' score=1.000 nombre=True saint_only=False terr= phase=auto_adopt
2026-07-02 17:51:07 - matching_padroncharcas - DEBUG -     gz_id=9000635 'san bernardo' score=1.000 nombre=True saint_only=False terr= phase=auto_adopt
2026-07-02 17:51:07 - matching_padroncharcas - DEBUG -     gz_id=9000684 'san bernardo' score=1.000 nombre=False saint_only=True terr= phase=candidate
2026-07-02 17:51:07 - matching_padroncharcas - DEBUG -     gz_id=9000684 'san bernardo' score=1.000 nombre=False saint_only=True terr= phase=candidate
2026-07-02 17:51:07 - matching_padroncharcas - DEBUG -     gz_id=9000684 'san bernardo' score=1.000 nombre=False saint_only=True terr= phase=candidate
2026-07-02 17:51:07 - matching_padroncharcas - DEBUG -     gz_id=9000684 'san bernardo' score=1.000 nombre=False saint_only=True terr= phase=candidate
2026-07-02 17:51:07 - matching_padroncharcas - DEBUG -     gz_id=1001302 'san bernardo' score=1.000 nombre=True saint_only=False terr= phase=auto_adopt
2026-07-02 17:51:07 - matching_padroncharcas - DEBUG -     gz_id=1001302 'san bernardo' score=1.000 nombre=True saint_only=False terr= phase=auto_adopt
2026-07-02 17:51:07 - matching_padroncharcas - DEBUG -     gz_id=9901009 'bahia san bernardo' score=1.000 nombre=False saint_only=True terr= phase=candidate
2026-07-02 17:51:07 - matching_padroncharcas - DEBUG -     gz_id=9901009 'bahia san bernardo' score=1.000 nombre=False saint_only=True terr= phase=candidate
2026-07-02 17:51:07 - matching_padroncharcas - DEBUG -     gz_id=9901009 'bahia san bernardo' score=1.000 nombre=False saint_only=True terr= phase=candidate
2026-07-02 17:51:07 - matching_padroncharcas - DEBUG -     gz_id=9901009 'bahia san bernardo' score=1.000 nombre=False saint_only=True terr= phase=candidate
2026-07-02 17:51:07 - matching_padroncharcas - DEBUG -     gz_id=9901071 'concepcion' score=1.000 nombre=False saint_only=True terr= phase=candidate
2026-07-02 17:51:07 - matching_padroncharcas - DEBUG -     gz_id=9901071 'concepcion' score=1.000 nombre=False saint_only=True terr= phase=candidate
2026-07-02 17:51:07 - matching_padroncharcas - DEBUG -     gz_id=9901071 'concepcion' score=1.000 nombre=False saint_only=True terr= phase=candidate
2026-07-02 17:51:07 - matching_padroncharcas - DEBUG -     gz_id=9901071 'concepcion' score=1.000 nombre=False saint_only=True terr= phase=candidate
2026-07-02 17:51:07 - matching_padroncharcas - DEBUG -     gz_id=9990047 'acai' score=1.000 nombre=False saint_only=False terr= phase=candidate
2026-07-02 17:51:07 - matching_padroncharcas - DEBUG -     gz_id=9990047 'acai' score=1.000 nombre=False saint_only=False terr= phase=candidate
2026-07-02 17:51:07 - matching_padroncharcas - DEBUG -     gz_id=9990047 'acai' score=1.000 nombre=False saint_only=False terr= phase=candidate
2026-07-02 17:51:07 - matching_padroncharcas - DEBUG -     gz_id=9990047 'acai' score=1.000 nombre=False saint_only=False terr= phase=candidate
2026-07-02 17:51:07 - matching_padroncharcas - DEBUG -     gz_id=1002531 'san bernardo' score=1.000 nombre=True saint_only=False terr= phase=auto_adopt
2026-07-02 17:51:07 - matching_padroncharcas - DEBUG -     gz_id=1002531 'san bernardo' score=1.000 nombre=True saint_only=False terr= phase=auto_adopt
2026-07-02 17:51:07 - matching_padroncharcas - DEBUG -     gz_id=1003052 'san bernardo mixtepec' score=1.000 nombre=False saint_only=True terr= phase=candidate
2026-07-02 17:51:07 - matching_padroncharcas - DEBUG -     gz_id=1003052 'san bernardo mixtepec' score=1.000 nombre=False saint_only=True terr= phase=candidate
2026-07-02 17:51:07 - matching_padroncharcas - DEBUG -     gz_id=1004804 'san bernardo' score=1.000 nombre=True saint_only=False terr= phase=auto_adopt
2026-07-02 17:51:07 - matching_padroncharcas - DEBUG -     gz_id=1004804 'san bernardo' score=1.000 nombre=True saint_only=False terr= phase=auto_adopt
2026-07-02 17:51:07 - matching_padroncharcas - DEBUG -     gz_id=1004804 'san bernardo' score=1.000 nombre=True saint_only=False terr= phase=auto_adopt
2026-07-02 17:51:07 - matching_padroncharcas - DEBUG -     gz_id=1005310 'san bernardo' score=1.000 nombre=True saint_only=False terr= phase=auto_adopt
2026-07-02 17:51:07 - matching_padroncharcas - DEBUG -     gz_id=1005310 'san bernardo' score=1.000 nombre=True saint_only=False terr= phase=auto_adopt
2026-07-02 17:51:07 - matching_padroncharcas - DEBUG -     gz_id=1005310 'san bernardo' score=1.000 nombre=True saint_only=False terr= phase=auto_adopt
2026-07-02 17:51:07 - matching_padroncharcas - DEBUG -     gz_id=1005310 'san bernardo' score=1.000 nombre=True saint_only=False terr= phase=auto_adopt
2026-07-02 17:51:07 - matching_padroncharcas - DEBUG -     gz_id=2000106 'tapilula' score=1.000 nombre=False saint_only=True terr= phase=candidate
2026-07-02 17:51:07 - matching_padroncharcas - DEBUG -     gz_id=2000106 'tapilula' score=1.000 nombre=False saint_only=True terr= phase=candidate
2026-07-02 17:51:07 - matching_padroncharcas - DEBUG -     gz_id=2000106 'tapilula' score=1.000 nombre=False saint_only=True terr= phase=candidate
2026-07-02 17:51:07 - matching_padroncharcas - DEBUG -     gz_id=4000456 'billa san bernardo' score=1.000 nombre=False saint_only=True terr= phase=candidate
2026-07-02 17:51:07 - matching_padroncharcas - DEBUG -     gz_id=5000131 'san bernardo' score=1.000 nombre=True saint_only=False terr= phase=auto_adopt
2026-07-02 17:51:07 - matching_padroncharcas - DEBUG -     gz_id=5000131 'san bernardo' score=1.000 nombre=True saint_only=False terr= phase=auto_adopt
2026-07-02 17:51:07 - matching_padroncharcas - DEBUG -     gz_id=5000131 'san bernardo' score=1.000 nombre=True saint_only=False terr= phase=auto_adopt
2026-07-02 17:51:07 - matching_padroncharcas - DEBUG -     gz_id=5000389 'san bernardo' score=1.000 nombre=True saint_only=False terr= phase=auto_adopt
2026-07-02 17:51:07 - matching_padroncharcas - DEBUG -     gz_id=5000389 'san bernardo' score=1.000 nombre=True saint_only=False terr= phase=auto_adopt
2026-07-02 17:51:07 - matching_padroncharcas - DEBUG -     gz_id=6001256 'san bernardo' score=1.000 nombre=False saint_only=True terr= phase=candidate
2026-07-02 17:51:07 - matching_padroncharcas - DEBUG -     gz_id=6001256 'san bernardo' score=1.000 nombre=False saint_only=True terr= phase=candidate
2026-07-02 17:51:07 - matching_padroncharcas - DEBUG -     gz_id=8000017 'tarija' score=1.000 nombre=False saint_only=True terr=region_exact phase=candidate
2026-07-02 17:51:07 - matching_padroncharcas - DEBUG -     gz_id=8000017 'tarija' score=1.000 nombre=False saint_only=True terr=region_exact phase=candidate
2026-07-02 17:51:07 - matching_padroncharcas - DEBUG -     gz_id=8000675 'san lorenso i san bernardo' score=1.000 nombre=False saint_only=True terr=region_exact phase=candidate
2026-07-02 17:51:07 - matching_padroncharcas - DEBUG -     gz_id=8000675 'san lorenso i san bernardo' score=1.000 nombre=False saint_only=True terr=region_exact phase=candidate
2026-07-02 17:51:07 - matching_padroncharcas - DEBUG -     gz_id=8000675 'san lorenso i san bernardo' score=1.000 nombre=False saint_only=True terr=region_exact phase=candidate
2026-07-02 17:51:07 - matching_padroncharcas - DEBUG -     gz_id=8000704 'san bernardo' score=1.000 nombre=False saint_only=True terr=region_exact phase=candidate
2026-07-02 17:51:07 - matching_padroncharcas - DEBUG -     gz_id=9000144 'san bernardo bertis' score=1.000 nombre=False saint_only=True terr= phase=candidate
2026-07-02 17:51:07 - matching_padroncharcas - INFO -   Before dedup: 49 candidates
2026-07-02 17:51:07 - matching_padroncharcas - INFO -   After dedup: 19 unique gz_ids
2026-07-02 17:51:07 - matching_padroncharcas - INFO -   Dropped 16 territory-contradicting candidates
2026-07-02 17:51:07 - matching_padroncharcas - INFO -   Input has territorial data: True
2026-07-02 17:51:07 - matching_padroncharcas - INFO -   Candidates with territory match: 3
2026-07-02 17:51:07 - matching_padroncharcas - INFO -   After territorial filter (keeping region): 3 candidates
2026-07-02 17:51:07 - matching_padroncharcas - INFO -   Nombre matches (exact on lugar_nombre): 0
2026-07-02 17:51:07 - matching_padroncharcas - INFO -   Saint-only matches: 3
2026-07-02 17:51:07 - matching_padroncharcas - INFO -   Substantive matches: 0
2026-07-02 17:51:07 - matching_padroncharcas - INFO -   Candidate pool (>= threshold): 3
2026-07-02 17:51:07 - matching_padroncharcas - INFO -   3 candidate(s) -> candidate
2026-07-02 17:51:07 - matching_padroncharcas - INFO -   rowID=7387: found at step 'no_partido_jurisdiccion'
2026-07-02 17:51:07 - matching_padroncharcas - INFO - 
============================================================
2026-07-02 17:51:07 - matching_padroncharcas - INFO - Processing rowID=7388: 'San Benito' -> cleaned: 'san benito'
2026-07-02 17:51:07 - matching_padroncharcas - INFO -   Token-based candidates: 12290
2026-07-02 17:51:07 - matching_padroncharcas - INFO -   Filtering: need match on substantive tokens: ['benito'] OR 2+ total tokens
2026-07-02 17:51:10 - matching_padroncharcas - INFO -   After filtering weak token matches: 40 candidates
2026-07-02 17:51:10 - matching_padroncharcas - INFO -   Fuzzy matches (score >= 70, limit=500): 40
2026-07-02 17:51:10 - matching_padroncharcas - DEBUG -     gz_id=9900852 'san benito' score=1.000 nombre=False saint_only=True terr= phase=candidate
2026-07-02 17:51:10 - matching_padroncharcas - DEBUG -     gz_id=1001755 'huehuetla' score=1.000 nombre=False saint_only=True terr= phase=candidate
2026-07-02 17:51:10 - matching_padroncharcas - DEBUG -     gz_id=1001755 'huehuetla' score=1.000 nombre=False saint_only=True terr= phase=candidate
2026-07-02 17:51:10 - matching_padroncharcas - DEBUG -     gz_id=1004135 'jaltocan' score=1.000 nombre=False saint_only=True terr= phase=candidate
2026-07-02 17:51:10 - matching_padroncharcas - DEBUG -     gz_id=1004135 'jaltocan' score=1.000 nombre=False saint_only=True terr= phase=candidate
2026-07-02 17:51:10 - matching_padroncharcas - DEBUG -     gz_id=1004135 'jaltocan' score=1.000 nombre=False saint_only=True terr= phase=candidate
2026-07-02 17:51:10 - matching_padroncharcas - DEBUG -     gz_id=1005207 'san benito' score=1.000 nombre=True saint_only=False terr= phase=auto_adopt
2026-07-02 17:51:10 - matching_padroncharcas - DEBUG -     gz_id=1005207 'san benito' score=1.000 nombre=True saint_only=False terr= phase=auto_adopt
2026-07-02 17:51:10 - matching_padroncharcas - DEBUG -     gz_id=1005207 'san benito' score=1.000 nombre=True saint_only=False terr= phase=auto_adopt
2026-07-02 17:51:10 - matching_padroncharcas - DEBUG -     gz_id=1005207 'san benito' score=1.000 nombre=True saint_only=False terr= phase=auto_adopt
2026-07-02 17:51:10 - matching_padroncharcas - DEBUG -     gz_id=5000054 'san benito abad' score=1.000 nombre=False saint_only=True terr= phase=candidate
2026-07-02 17:51:10 - matching_padroncharcas - DEBUG -     gz_id=5000054 'san benito abad' score=1.000 nombre=False saint_only=True terr= phase=candidate
2026-07-02 17:51:10 - matching_padroncharcas - DEBUG -     gz_id=5000054 'san benito abad' score=1.000 nombre=False saint_only=True terr= phase=candidate
2026-07-02 17:51:10 - matching_padroncharcas - DEBUG -     gz_id=5000054 'san benito abad' score=1.000 nombre=False saint_only=True terr= phase=candidate
2026-07-02 17:51:10 - matching_padroncharcas - DEBUG -     gz_id=5000157 'torobe' score=1.000 nombre=False saint_only=True terr= phase=candidate
2026-07-02 17:51:10 - matching_padroncharcas - DEBUG -     gz_id=5000157 'torobe' score=1.000 nombre=False saint_only=True terr= phase=candidate
2026-07-02 17:51:10 - matching_padroncharcas - DEBUG -     gz_id=5000157 'torobe' score=1.000 nombre=False saint_only=True terr= phase=candidate
2026-07-02 17:51:10 - matching_padroncharcas - DEBUG -     gz_id=5000157 'torobe' score=1.000 nombre=False saint_only=True terr= phase=candidate
2026-07-02 17:51:10 - matching_padroncharcas - DEBUG -     gz_id=5000157 'torobe' score=1.000 nombre=False saint_only=True terr= phase=candidate
2026-07-02 17:51:10 - matching_padroncharcas - DEBUG -     gz_id=5000450 'san benito' score=1.000 nombre=True saint_only=False terr= phase=auto_adopt
2026-07-02 17:51:10 - matching_padroncharcas - DEBUG -     gz_id=5000450 'san benito' score=1.000 nombre=True saint_only=False terr= phase=auto_adopt
2026-07-02 17:51:10 - matching_padroncharcas - DEBUG -     gz_id=5000799 'san benito' score=1.000 nombre=False saint_only=True terr= phase=candidate
2026-07-02 17:51:10 - matching_padroncharcas - DEBUG -     gz_id=5000799 'san benito' score=1.000 nombre=False saint_only=True terr= phase=candidate
2026-07-02 17:51:10 - matching_padroncharcas - DEBUG -     gz_id=5000799 'san benito' score=1.000 nombre=False saint_only=True terr= phase=candidate
2026-07-02 17:51:10 - matching_padroncharcas - DEBUG -     gz_id=6001257 'san benito' score=1.000 nombre=True saint_only=False terr= phase=auto_adopt
2026-07-02 17:51:10 - matching_padroncharcas - DEBUG -     gz_id=6001257 'san benito' score=1.000 nombre=True saint_only=False terr= phase=auto_adopt
2026-07-02 17:51:10 - matching_padroncharcas - DEBUG -     gz_id=8000674 'san benito' score=1.000 nombre=False saint_only=True terr=region_exact phase=candidate
2026-07-02 17:51:10 - matching_padroncharcas - DEBUG -     gz_id=8000674 'san benito' score=1.000 nombre=False saint_only=True terr=region_exact phase=candidate
2026-07-02 17:51:10 - matching_padroncharcas - DEBUG -     gz_id=8000674 'san benito' score=1.000 nombre=False saint_only=True terr=region_exact phase=candidate
2026-07-02 17:51:10 - matching_padroncharcas - DEBUG -     gz_id=9000133 'paisandu' score=1.000 nombre=False saint_only=True terr= phase=candidate
2026-07-02 17:51:10 - matching_padroncharcas - DEBUG -     gz_id=9000133 'paisandu' score=1.000 nombre=False saint_only=True terr= phase=candidate
2026-07-02 17:51:10 - matching_padroncharcas - DEBUG -     gz_id=9000133 'paisandu' score=1.000 nombre=False saint_only=True terr= phase=candidate
2026-07-02 17:51:10 - matching_padroncharcas - DEBUG -     gz_id=9000133 'paisandu' score=1.000 nombre=False saint_only=True terr= phase=candidate
2026-07-02 17:51:10 - matching_padroncharcas - DEBUG -     gz_id=9000133 'paisandu' score=1.000 nombre=False saint_only=True terr= phase=candidate
2026-07-02 17:51:10 - matching_padroncharcas - DEBUG -     gz_id=9000133 'paisandu' score=1.000 nombre=False saint_only=True terr= phase=candidate
2026-07-02 17:51:10 - matching_padroncharcas - DEBUG -     gz_id=9000133 'paisandu' score=1.000 nombre=False saint_only=True terr= phase=candidate
2026-07-02 17:51:10 - matching_padroncharcas - DEBUG -     gz_id=9000133 'paisandu' score=1.000 nombre=False saint_only=True terr= phase=candidate
2026-07-02 17:51:10 - matching_padroncharcas - DEBUG -     gz_id=3000254 'bariai' score=0.842 nombre=False saint_only=False terr= phase=relegated
2026-07-02 17:51:10 - matching_padroncharcas - DEBUG -     gz_id=3000254 'bariai' score=0.842 nombre=False saint_only=False terr= phase=relegated
2026-07-02 17:51:10 - matching_padroncharcas - DEBUG -     gz_id=3000254 'bariai' score=0.842 nombre=False saint_only=False terr= phase=relegated
2026-07-02 17:51:10 - matching_padroncharcas - INFO -   Before dedup: 40 candidates
2026-07-02 17:51:10 - matching_padroncharcas - INFO -   After dedup: 12 unique gz_ids
2026-07-02 17:51:10 - matching_padroncharcas - INFO -   Dropped 11 territory-contradicting candidates
2026-07-02 17:51:10 - matching_padroncharcas - INFO -   Input has territorial data: True
2026-07-02 17:51:10 - matching_padroncharcas - INFO -   Candidates with territory match: 1
2026-07-02 17:51:10 - matching_padroncharcas - INFO -   After territorial filter (keeping region): 1 candidates
2026-07-02 17:51:10 - matching_padroncharcas - INFO -   Nombre matches (exact on lugar_nombre): 0
2026-07-02 17:51:10 - matching_padroncharcas - INFO -   Saint-only matches: 1
2026-07-02 17:51:10 - matching_padroncharcas - INFO -   Substantive matches: 0
2026-07-02 17:51:10 - matching_padroncharcas - INFO -   Candidate pool (>= threshold): 1
2026-07-02 17:51:10 - matching_padroncharcas - INFO -   1 candidate(s) -> candidate
2026-07-02 17:51:10 - matching_padroncharcas - INFO -   rowID=7388: found at step 'no_partido_jurisdiccion'
2026-07-02 17:51:10 - matching_padroncharcas - INFO - 
============================================================
2026-07-02 17:51:10 - matching_padroncharcas - INFO - Processing rowID=7389: 'San Pedro' -> cleaned: 'san pedro'
2026-07-02 17:51:10 - matching_padroncharcas - INFO -   Token-based candidates: 12291
2026-07-02 17:51:10 - matching_padroncharcas - INFO -   Filtering: need match on substantive tokens: ['pedro'] OR 2+ total tokens
2026-07-02 17:51:13 - matching_padroncharcas - INFO -   After filtering weak token matches: 1051 candidates
2026-07-02 17:51:14 - matching_padroncharcas - INFO -   Fuzzy matches (score >= 70, limit=500): 1051
2026-07-02 17:51:14 - matching_padroncharcas - DEBUG -     gz_id=1000026 'batopilas' score=1.000 nombre=False saint_only=True terr= phase=candidate
2026-07-02 17:51:14 - matching_padroncharcas - DEBUG -     gz_id=1000026 'batopilas' score=1.000 nombre=False saint_only=True terr= phase=candidate
2026-07-02 17:51:14 - matching_padroncharcas - DEBUG -     gz_id=1000034 'huarisamei' score=1.000 nombre=False saint_only=True terr= phase=candidate
2026-07-02 17:51:14 - matching_padroncharcas - DEBUG -     gz_id=1000034 'huarisamei' score=1.000 nombre=False saint_only=True terr= phase=candidate
2026-07-02 17:51:14 - matching_padroncharcas - DEBUG -     gz_id=1000034 'huarisamei' score=1.000 nombre=False saint_only=True terr= phase=candidate
2026-07-02 17:51:14 - matching_padroncharcas - DEBUG -     gz_id=1000134 'paracho' score=1.000 nombre=False saint_only=True terr= phase=candidate
2026-07-02 17:51:14 - matching_padroncharcas - DEBUG -     gz_id=1000134 'paracho' score=1.000 nombre=False saint_only=True terr= phase=candidate
2026-07-02 17:51:14 - matching_padroncharcas - DEBUG -     gz_id=1000134 'paracho' score=1.000 nombre=False saint_only=True terr= phase=candidate
2026-07-02 17:51:14 - matching_padroncharcas - DEBUG -     gz_id=1000146 'cinapecuaro' score=1.000 nombre=False saint_only=True terr= phase=candidate
2026-07-02 17:51:14 - matching_padroncharcas - DEBUG -     gz_id=1000146 'cinapecuaro' score=1.000 nombre=False saint_only=True terr= phase=candidate
2026-07-02 17:51:14 - matching_padroncharcas - DEBUG -     gz_id=1000146 'cinapecuaro' score=1.000 nombre=False saint_only=True terr= phase=candidate
2026-07-02 17:51:14 - matching_padroncharcas - DEBUG -     gz_id=1000149 'san pedro mixtepec' score=1.000 nombre=False saint_only=True terr= phase=candidate
2026-07-02 17:51:14 - matching_padroncharcas - DEBUG -     gz_id=1000149 'san pedro mixtepec' score=1.000 nombre=False saint_only=True terr= phase=candidate
2026-07-02 17:51:14 - matching_padroncharcas - DEBUG -     gz_id=1000152 'huamelula' score=1.000 nombre=False saint_only=True terr= phase=candidate
2026-07-02 17:51:14 - matching_padroncharcas - DEBUG -     gz_id=1000152 'huamelula' score=1.000 nombre=False saint_only=True terr= phase=candidate
2026-07-02 17:51:14 - matching_padroncharcas - DEBUG -     gz_id=1000152 'huamelula' score=1.000 nombre=False saint_only=True terr= phase=candidate
2026-07-02 17:51:14 - matching_padroncharcas - DEBUG -     gz_id=1000152 'huamelula' score=1.000 nombre=False saint_only=True terr= phase=candidate
2026-07-02 17:51:14 - matching_padroncharcas - DEBUG -     gz_id=1000152 'huamelula' score=1.000 nombre=False saint_only=True terr= phase=candidate
2026-07-02 17:51:14 - matching_padroncharcas - DEBUG -     gz_id=1000152 'huamelula' score=1.000 nombre=False saint_only=True terr= phase=candidate
2026-07-02 17:51:14 - matching_padroncharcas - DEBUG -     gz_id=1000152 'huamelula' score=1.000 nombre=False saint_only=True terr= phase=candidate
2026-07-02 17:51:14 - matching_padroncharcas - DEBUG -     gz_id=1000152 'huamelula' score=1.000 nombre=False saint_only=True terr= phase=candidate
2026-07-02 17:51:14 - matching_padroncharcas - DEBUG -     gz_id=1000160 'quiechapa' score=1.000 nombre=False saint_only=True terr= phase=candidate
2026-07-02 17:51:14 - matching_padroncharcas - DEBUG -     gz_id=1000160 'quiechapa' score=1.000 nombre=False saint_only=True terr= phase=candidate
2026-07-02 17:51:14 - matching_padroncharcas - DEBUG -     gz_id=1000163 'teococuilco' score=1.000 nombre=False saint_only=True terr= phase=candidate
2026-07-02 17:51:14 - matching_padroncharcas - DEBUG -     gz_id=1000163 'teococuilco' score=1.000 nombre=False saint_only=True terr= phase=candidate
2026-07-02 17:51:14 - matching_padroncharcas - DEBUG -     gz_id=1000166 'teosacualco' score=1.000 nombre=False saint_only=True terr= phase=candidate
2026-07-02 17:51:14 - matching_padroncharcas - DEBUG -     gz_id=1000166 'teosacualco' score=1.000 nombre=False saint_only=True terr= phase=candidate
2026-07-02 17:51:14 - matching_padroncharcas - DEBUG -     gz_id=1000167 'teposcolula' score=1.000 nombre=False saint_only=True terr= phase=candidate
2026-07-02 17:51:14 - matching_padroncharcas - DEBUG -     gz_id=1000167 'teposcolula' score=1.000 nombre=False saint_only=True terr= phase=candidate
2026-07-02 17:51:14 - matching_padroncharcas - DEBUG -     gz_id=1000168 'teutila' score=1.000 nombre=False saint_only=True terr= phase=candidate
2026-07-02 17:51:14 - matching_padroncharcas - DEBUG -     gz_id=1000168 'teutila' score=1.000 nombre=False saint_only=True terr= phase=candidate
2026-07-02 17:51:14 - matching_padroncharcas - DEBUG -     gz_id=1000173 'atlixco' score=1.000 nombre=False saint_only=True terr= phase=candidate
2026-07-02 17:51:14 - matching_padroncharcas - DEBUG -     gz_id=1000173 'atlixco' score=1.000 nombre=False saint_only=True terr= phase=candidate
2026-07-02 17:51:14 - matching_padroncharcas - DEBUG -     gz_id=1000173 'atlixco' score=1.000 nombre=False saint_only=True terr= phase=candidate
2026-07-02 17:51:14 - matching_padroncharcas - DEBUG -     gz_id=1000176 'cholula' score=1.000 nombre=False saint_only=True terr= phase=candidate
2026-07-02 17:51:14 - matching_padroncharcas - DEBUG -     gz_id=1000176 'cholula' score=1.000 nombre=False saint_only=True terr= phase=candidate
2026-07-02 17:51:14 - matching_padroncharcas - DEBUG -     gz_id=1000178 'huaiacocotla' score=1.000 nombre=False saint_only=True terr= phase=candidate
2026-07-02 17:51:14 - matching_padroncharcas - DEBUG -     gz_id=1000178 'huaiacocotla' score=1.000 nombre=False saint_only=True terr= phase=candidate
2026-07-02 17:51:14 - matching_padroncharcas - DEBUG -     gz_id=1000193 'sacatlan mansanas' score=1.000 nombre=False saint_only=True terr= phase=candidate
2026-07-02 17:51:14 - matching_padroncharcas - DEBUG -     gz_id=1000193 'sacatlan mansanas' score=1.000 nombre=False saint_only=True terr= phase=candidate
2026-07-02 17:51:14 - matching_padroncharcas - DEBUG -     gz_id=1000223 'sotuta' score=1.000 nombre=False saint_only=True terr= phase=candidate
2026-07-02 17:51:14 - matching_padroncharcas - DEBUG -     gz_id=1000223 'sotuta' score=1.000 nombre=False saint_only=True terr= phase=candidate
2026-07-02 17:51:14 - matching_padroncharcas - DEBUG -     gz_id=1000223 'sotuta' score=1.000 nombre=False saint_only=True terr= phase=candidate
2026-07-02 17:51:14 - matching_padroncharcas - DEBUG -     gz_id=1000223 'sotuta' score=1.000 nombre=False saint_only=True terr= phase=candidate
2026-07-02 17:51:14 - matching_padroncharcas - DEBUG -     gz_id=1000290 'balle topia' score=1.000 nombre=False saint_only=False terr= phase=candidate
2026-07-02 17:51:14 - matching_padroncharcas - DEBUG -     gz_id=1000290 'balle topia' score=1.000 nombre=False saint_only=False terr= phase=candidate
2026-07-02 17:51:14 - matching_padroncharcas - DEBUG -     gz_id=1000290 'balle topia' score=1.000 nombre=False saint_only=False terr= phase=candidate
2026-07-02 17:51:14 - matching_padroncharcas - DEBUG -     gz_id=1000323 'san pedro ocuila' score=1.000 nombre=False saint_only=True terr= phase=candidate
2026-07-02 17:51:14 - matching_padroncharcas - DEBUG -     gz_id=1000323 'san pedro ocuila' score=1.000 nombre=False saint_only=True terr= phase=candidate
2026-07-02 17:51:14 - matching_padroncharcas - DEBUG -     gz_id=1000381 'jicora' score=1.000 nombre=False saint_only=True terr= phase=candidate
2026-07-02 17:51:14 - matching_padroncharcas - DEBUG -     gz_id=1000381 'jicora' score=1.000 nombre=False saint_only=True terr= phase=candidate
2026-07-02 17:51:14 - matching_padroncharcas - DEBUG -     gz_id=1000381 'jicora' score=1.000 nombre=False saint_only=True terr= phase=candidate
2026-07-02 17:51:14 - matching_padroncharcas - DEBUG -     gz_id=1000404 'canatlan' score=1.000 nombre=False saint_only=True terr= phase=candidate
2026-07-02 17:51:14 - matching_padroncharcas - DEBUG -     gz_id=1000404 'canatlan' score=1.000 nombre=False saint_only=True terr= phase=candidate
2026-07-02 17:51:14 - matching_padroncharcas - DEBUG -     gz_id=1000404 'canatlan' score=1.000 nombre=False saint_only=True terr= phase=candidate
2026-07-02 17:51:14 - matching_padroncharcas - DEBUG -     gz_id=1000409 'olita' score=1.000 nombre=False saint_only=True terr= phase=candidate
2026-07-02 17:51:14 - matching_padroncharcas - DEBUG -     gz_id=1000409 'olita' score=1.000 nombre=False saint_only=True terr= phase=candidate
2026-07-02 17:51:14 - matching_padroncharcas - DEBUG -     gz_id=9000679 'andalgala' score=1.000 nombre=False saint_only=True terr= phase=candidate
2026-07-02 17:51:14 - matching_padroncharcas - DEBUG -     gz_id=9000679 'andalgala' score=1.000 nombre=False saint_only=True terr= phase=candidate
2026-07-02 17:51:14 - matching_padroncharcas - DEBUG -     gz_id=9000679 'andalgala' score=1.000 nombre=False saint_only=True terr= phase=candidate
2026-07-02 17:51:14 - matching_padroncharcas - DEBUG -     gz_id=9000679 'andalgala' score=1.000 nombre=False saint_only=True terr= phase=candidate
2026-07-02 17:51:14 - matching_padroncharcas - DEBUG -     gz_id=1000443 'coquimatlan' score=1.000 nombre=False saint_only=True terr= phase=candidate
2026-07-02 17:51:14 - matching_padroncharcas - DEBUG -     gz_id=1000443 'coquimatlan' score=1.000 nombre=False saint_only=True terr= phase=candidate
2026-07-02 17:51:14 - matching_padroncharcas - DEBUG -     gz_id=1000443 'coquimatlan' score=1.000 nombre=False saint_only=True terr= phase=candidate
2026-07-02 17:51:14 - matching_padroncharcas - DEBUG -     gz_id=1000488 'icican' score=1.000 nombre=False saint_only=True terr= phase=candidate
2026-07-02 17:51:14 - matching_padroncharcas - DEBUG -     gz_id=1000488 'icican' score=1.000 nombre=False saint_only=True terr= phase=candidate
2026-07-02 17:51:14 - matching_padroncharcas - DEBUG -     gz_id=1000493 'poncitlan' score=1.000 nombre=False saint_only=True terr= phase=candidate
2026-07-02 17:51:14 - matching_padroncharcas - DEBUG -     gz_id=1000493 'poncitlan' score=1.000 nombre=False saint_only=True terr= phase=candidate
2026-07-02 17:51:14 - matching_padroncharcas - DEBUG -     gz_id=1000494 'pueblo nuebo' score=1.000 nombre=False saint_only=True terr= phase=candidate
2026-07-02 17:51:14 - matching_padroncharcas - DEBUG -     gz_id=1000494 'pueblo nuebo' score=1.000 nombre=False saint_only=True terr= phase=candidate
2026-07-02 17:51:14 - matching_padroncharcas - DEBUG -     gz_id=1000494 'pueblo nuebo' score=1.000 nombre=False saint_only=True terr= phase=candidate
2026-07-02 17:51:14 - matching_padroncharcas - DEBUG -     gz_id=1000518 'teocaltiche' score=1.000 nombre=False saint_only=True terr= phase=candidate
2026-07-02 17:51:14 - matching_padroncharcas - DEBUG -     gz_id=1000518 'teocaltiche' score=1.000 nombre=False saint_only=True terr= phase=candidate
2026-07-02 17:51:14 - matching_padroncharcas - DEBUG -     gz_id=1000518 'teocaltiche' score=1.000 nombre=False saint_only=True terr= phase=candidate
2026-07-02 17:51:14 - matching_padroncharcas - DEBUG -     gz_id=1000518 'teocaltiche' score=1.000 nombre=False saint_only=True terr= phase=candidate
2026-07-02 17:51:14 - matching_padroncharcas - DEBUG -     gz_id=1000518 'teocaltiche' score=1.000 nombre=False saint_only=True terr= phase=candidate
2026-07-02 17:51:14 - matching_padroncharcas - DEBUG -     gz_id=1000518 'teocaltiche' score=1.000 nombre=False saint_only=True terr= phase=candidate
2026-07-02 17:51:14 - matching_padroncharcas - DEBUG -     gz_id=1000532 'san pedro lahunillas' score=1.000 nombre=False saint_only=True terr= phase=candidate
2026-07-02 17:51:14 - matching_padroncharcas - DEBUG -     gz_id=1000532 'san pedro lahunillas' score=1.000 nombre=False saint_only=True terr= phase=candidate
2026-07-02 17:51:14 - matching_padroncharcas - DEBUG -     gz_id=1000532 'san pedro lahunillas' score=1.000 nombre=False saint_only=True terr= phase=candidate
2026-07-02 17:51:14 - matching_padroncharcas - DEBUG -     gz_id=1000550 'jalpa' score=1.000 nombre=False saint_only=True terr= phase=candidate
2026-07-02 17:51:14 - matching_padroncharcas - DEBUG -     gz_id=1000550 'jalpa' score=1.000 nombre=False saint_only=True terr= phase=candidate
2026-07-02 17:51:14 - matching_padroncharcas - DEBUG -     gz_id=1000560 'tepec' score=1.000 nombre=False saint_only=True terr= phase=candidate
2026-07-02 17:51:14 - matching_padroncharcas - DEBUG -     gz_id=1000560 'tepec' score=1.000 nombre=False saint_only=True terr= phase=candidate
2026-07-02 17:51:14 - matching_padroncharcas - DEBUG -     gz_id=1000561 'tecistan' score=1.000 nombre=False saint_only=True terr= phase=candidate
2026-07-02 17:51:14 - matching_padroncharcas - DEBUG -     gz_id=1000561 'tecistan' score=1.000 nombre=False saint_only=True terr= phase=candidate
2026-07-02 17:51:14 - matching_padroncharcas - DEBUG -     gz_id=1000621 'tlaquepaque' score=1.000 nombre=False saint_only=True terr= phase=candidate
2026-07-02 17:51:14 - matching_padroncharcas - DEBUG -     gz_id=1000621 'tlaquepaque' score=1.000 nombre=False saint_only=True terr= phase=candidate
2026-07-02 17:51:14 - matching_padroncharcas - DEBUG -     gz_id=1000622 'tololotlan' score=1.000 nombre=False saint_only=True terr= phase=candidate
2026-07-02 17:51:14 - matching_padroncharcas - DEBUG -     gz_id=1000622 'tololotlan' score=1.000 nombre=False saint_only=True terr= phase=candidate
2026-07-02 17:51:14 - matching_padroncharcas - DEBUG -     gz_id=1000636 'toliman' score=1.000 nombre=False saint_only=True terr= phase=candidate
2026-07-02 17:51:14 - matching_padroncharcas - DEBUG -     gz_id=1000636 'toliman' score=1.000 nombre=False saint_only=True terr= phase=candidate
2026-07-02 17:51:14 - matching_padroncharcas - DEBUG -     gz_id=1000652 'chupicuaro' score=1.000 nombre=False saint_only=True terr= phase=candidate
2026-07-02 17:51:14 - matching_padroncharcas - DEBUG -     gz_id=1000652 'chupicuaro' score=1.000 nombre=False saint_only=True terr= phase=candidate
2026-07-02 17:51:14 - matching_padroncharcas - DEBUG -     gz_id=1000665 'puruahuita' score=1.000 nombre=False saint_only=True terr= phase=candidate
2026-07-02 17:51:14 - matching_padroncharcas - DEBUG -     gz_id=1000665 'puruahuita' score=1.000 nombre=False saint_only=True terr= phase=candidate
2026-07-02 17:51:14 - matching_padroncharcas - DEBUG -     gz_id=1000670 'san pedro' score=1.000 nombre=True saint_only=False terr= phase=auto_adopt
2026-07-02 17:51:14 - matching_padroncharcas - DEBUG -     gz_id=1000670 'san pedro' score=1.000 nombre=True saint_only=False terr= phase=auto_adopt
2026-07-02 17:51:14 - matching_padroncharcas - DEBUG -     gz_id=1000673 'tenango' score=1.000 nombre=False saint_only=True terr= phase=candidate
2026-07-02 17:51:14 - matching_padroncharcas - DEBUG -     gz_id=1000673 'tenango' score=1.000 nombre=False saint_only=True terr= phase=candidate
2026-07-02 17:51:14 - matching_padroncharcas - DEBUG -     gz_id=1000682 'piedragorda' score=1.000 nombre=False saint_only=True terr= phase=candidate
2026-07-02 17:51:14 - matching_padroncharcas - DEBUG -     gz_id=1000682 'piedragorda' score=1.000 nombre=False saint_only=True terr= phase=candidate
2026-07-02 17:51:14 - matching_padroncharcas - DEBUG -     gz_id=1000682 'piedragorda' score=1.000 nombre=False saint_only=True terr= phase=candidate
2026-07-02 17:51:14 - matching_padroncharcas - DEBUG -     gz_id=1000689 'posos' score=1.000 nombre=False saint_only=True terr= phase=candidate
2026-07-02 17:51:14 - matching_padroncharcas - DEBUG -     gz_id=1000689 'posos' score=1.000 nombre=False saint_only=True terr= phase=candidate
2026-07-02 17:51:14 - matching_padroncharcas - DEBUG -     gz_id=1000697 'cacahuatepec' score=1.000 nombre=False saint_only=True terr= phase=candidate
2026-07-02 17:51:14 - matching_padroncharcas - DEBUG -     gz_id=1000697 'cacahuatepec' score=1.000 nombre=False saint_only=True terr= phase=candidate
2026-07-02 17:51:14 - matching_padroncharcas - DEBUG -     gz_id=1000697 'cacahuatepec' score=1.000 nombre=False saint_only=True terr= phase=candidate
2026-07-02 17:51:14 - matching_padroncharcas - DEBUG -     gz_id=9900145 'san pedro' score=1.000 nombre=True saint_only=False terr= phase=auto_adopt
2026-07-02 17:51:14 - matching_padroncharcas - DEBUG -     gz_id=9900145 'san pedro' score=1.000 nombre=True saint_only=False terr= phase=auto_adopt
2026-07-02 17:51:14 - matching_padroncharcas - DEBUG -     gz_id=1000728 'escanela' score=1.000 nombre=False saint_only=True terr= phase=candidate
2026-07-02 17:51:14 - matching_padroncharcas - DEBUG -     gz_id=1000728 'escanela' score=1.000 nombre=False saint_only=True terr= phase=candidate
2026-07-02 17:51:14 - matching_padroncharcas - DEBUG -     gz_id=1000743 'atlasalpan' score=1.000 nombre=False saint_only=True terr= phase=candidate
2026-07-02 17:51:14 - matching_padroncharcas - DEBUG -     gz_id=1000743 'atlasalpan' score=1.000 nombre=False saint_only=True terr= phase=candidate
2026-07-02 17:51:14 - matching_padroncharcas - DEBUG -     gz_id=1000759 'ecacingo' score=1.000 nombre=False saint_only=True terr= phase=candidate
2026-07-02 17:51:14 - matching_padroncharcas - DEBUG -     gz_id=1000759 'ecacingo' score=1.000 nombre=False saint_only=True terr= phase=candidate
2026-07-02 17:51:14 - matching_padroncharcas - DEBUG -     gz_id=1000789 'tlahuac' score=1.000 nombre=False saint_only=True terr= phase=candidate
2026-07-02 17:51:14 - matching_padroncharcas - DEBUG -     gz_id=1000789 'tlahuac' score=1.000 nombre=False saint_only=True terr= phase=candidate
2026-07-02 17:51:14 - matching_padroncharcas - DEBUG -     gz_id=1000799 'tlaiacapan' score=1.000 nombre=False saint_only=True terr= phase=candidate
2026-07-02 17:51:14 - matching_padroncharcas - DEBUG -     gz_id=1000799 'tlaiacapan' score=1.000 nombre=False saint_only=True terr= phase=candidate
2026-07-02 17:51:14 - matching_padroncharcas - DEBUG -     gz_id=1000799 'tlaiacapan' score=1.000 nombre=False saint_only=True terr= phase=candidate
2026-07-02 17:51:14 - matching_padroncharcas - DEBUG -     gz_id=9900241 'san pedro' score=1.000 nombre=True saint_only=False terr= phase=auto_adopt
2026-07-02 17:51:14 - matching_padroncharcas - DEBUG -     gz_id=9900241 'san pedro' score=1.000 nombre=True saint_only=False terr= phase=auto_adopt
2026-07-02 17:51:14 - matching_padroncharcas - DEBUG -     gz_id=1000840 'tlaquilcingo' score=1.000 nombre=False saint_only=True terr= phase=candidate
2026-07-02 17:51:14 - matching_padroncharcas - DEBUG -     gz_id=1000840 'tlaquilcingo' score=1.000 nombre=False saint_only=True terr= phase=candidate
2026-07-02 17:51:14 - matching_padroncharcas - DEBUG -     gz_id=1000853 'cuajimalpa' score=1.000 nombre=False saint_only=True terr= phase=candidate
2026-07-02 17:51:14 - matching_padroncharcas - DEBUG -     gz_id=1000853 'cuajimalpa' score=1.000 nombre=False saint_only=True terr= phase=candidate
2026-07-02 17:51:14 - matching_padroncharcas - DEBUG -     gz_id=1000853 'cuajimalpa' score=1.000 nombre=False saint_only=True terr= phase=candidate
2026-07-02 17:51:14 - matching_padroncharcas - DEBUG -     gz_id=1000853 'cuajimalpa' score=1.000 nombre=False saint_only=True terr= phase=candidate
2026-07-02 17:51:14 - matching_padroncharcas - DEBUG -     gz_id=1000876 'teposotlan' score=1.000 nombre=False saint_only=True terr= phase=candidate
2026-07-02 17:51:14 - matching_padroncharcas - DEBUG -     gz_id=1000876 'teposotlan' score=1.000 nombre=False saint_only=True terr= phase=candidate
2026-07-02 17:51:14 - matching_padroncharcas - DEBUG -     gz_id=1000876 'teposotlan' score=1.000 nombre=False saint_only=True terr= phase=candidate
2026-07-02 17:51:14 - matching_padroncharcas - DEBUG -     gz_id=1000876 'teposotlan' score=1.000 nombre=False saint_only=True terr= phase=candidate
2026-07-02 17:51:14 - matching_padroncharcas - DEBUG -     gz_id=9900330 'pinchorroi' score=1.000 nombre=False saint_only=True terr= phase=candidate
2026-07-02 17:51:14 - matching_padroncharcas - DEBUG -     gz_id=9900330 'pinchorroi' score=1.000 nombre=False saint_only=True terr= phase=candidate
2026-07-02 17:51:14 - matching_padroncharcas - DEBUG -     gz_id=1000901 'tlalmimilulpan' score=1.000 nombre=False saint_only=True terr= phase=candidate
2026-07-02 17:51:14 - matching_padroncharcas - DEBUG -     gz_id=1000901 'tlalmimilulpan' score=1.000 nombre=False saint_only=True terr= phase=candidate
2026-07-02 17:51:14 - matching_padroncharcas - DEBUG -     gz_id=1000901 'tlalmimilulpan' score=1.000 nombre=False saint_only=True terr= phase=candidate
2026-07-02 17:51:14 - matching_padroncharcas - DEBUG -     gz_id=9900547 'san pedro' score=1.000 nombre=True saint_only=False terr= phase=auto_adopt
2026-07-02 17:51:14 - matching_padroncharcas - DEBUG -     gz_id=9900547 'san pedro' score=1.000 nombre=True saint_only=False terr= phase=auto_adopt
2026-07-02 17:51:14 - matching_padroncharcas - DEBUG -     gz_id=9900547 'san pedro' score=1.000 nombre=True saint_only=False terr= phase=auto_adopt
2026-07-02 17:51:14 - matching_padroncharcas - DEBUG -     gz_id=9900547 'san pedro' score=1.000 nombre=True saint_only=False terr= phase=auto_adopt
2026-07-02 17:51:14 - matching_padroncharcas - DEBUG -     gz_id=9900547 'san pedro' score=1.000 nombre=True saint_only=False terr= phase=auto_adopt
2026-07-02 17:51:14 - matching_padroncharcas - DEBUG -     gz_id=1000928 'jantetelco' score=1.000 nombre=False saint_only=True terr= phase=candidate
2026-07-02 17:51:14 - matching_padroncharcas - DEBUG -     gz_id=1000928 'jantetelco' score=1.000 nombre=False saint_only=True terr= phase=candidate
2026-07-02 17:51:14 - matching_padroncharcas - DEBUG -     gz_id=1000928 'jantetelco' score=1.000 nombre=False saint_only=True terr= phase=candidate
2026-07-02 17:51:14 - matching_padroncharcas - DEBUG -     gz_id=1000928 'jantetelco' score=1.000 nombre=False saint_only=True terr= phase=candidate
2026-07-02 17:51:14 - matching_padroncharcas - DEBUG -     gz_id=1000946 'tehuixtla' score=1.000 nombre=False saint_only=True terr= phase=candidate
2026-07-02 17:51:14 - matching_padroncharcas - DEBUG -     gz_id=1000946 'tehuixtla' score=1.000 nombre=False saint_only=True terr= phase=candidate
2026-07-02 17:51:14 - matching_padroncharcas - DEBUG -     gz_id=1000946 'tehuixtla' score=1.000 nombre=False saint_only=True terr= phase=candidate
2026-07-02 17:51:14 - matching_padroncharcas - DEBUG -     gz_id=1000946 'tehuixtla' score=1.000 nombre=False saint_only=True terr= phase=candidate
2026-07-02 17:51:14 - matching_padroncharcas - DEBUG -     gz_id=9900618 'san pedro' score=1.000 nombre=True saint_only=False terr= phase=auto_adopt
2026-07-02 17:51:14 - matching_padroncharcas - DEBUG -     gz_id=9900618 'san pedro' score=1.000 nombre=True saint_only=False terr= phase=auto_adopt
2026-07-02 17:51:14 - matching_padroncharcas - DEBUG -     gz_id=9900635 'san pedro' score=1.000 nombre=True saint_only=False terr= phase=auto_adopt
2026-07-02 17:51:14 - matching_padroncharcas - DEBUG -     gz_id=1000980 'asompa' score=1.000 nombre=False saint_only=True terr= phase=candidate
2026-07-02 17:51:14 - matching_padroncharcas - DEBUG -     gz_id=1000980 'asompa' score=1.000 nombre=False saint_only=True terr= phase=candidate
2026-07-02 17:51:14 - matching_padroncharcas - DEBUG -     gz_id=1000992 'jalostoc' score=1.000 nombre=False saint_only=True terr= phase=candidate
2026-07-02 17:51:14 - matching_padroncharcas - DEBUG -     gz_id=1000992 'jalostoc' score=1.000 nombre=False saint_only=True terr= phase=candidate
2026-07-02 17:51:14 - matching_padroncharcas - DEBUG -     gz_id=9900669 'san pedro' score=1.000 nombre=False saint_only=True terr= phase=candidate
2026-07-02 17:51:14 - matching_padroncharcas - DEBUG -     gz_id=9900669 'san pedro' score=1.000 nombre=False saint_only=True terr= phase=candidate
2026-07-02 17:51:14 - matching_padroncharcas - DEBUG -     gz_id=9900669 'san pedro' score=1.000 nombre=False saint_only=True terr= phase=candidate
2026-07-02 17:51:14 - matching_padroncharcas - DEBUG -     gz_id=1001019 'denxhi' score=1.000 nombre=False saint_only=True terr= phase=candidate
2026-07-02 17:51:14 - matching_padroncharcas - DEBUG -     gz_id=1001019 'denxhi' score=1.000 nombre=False saint_only=True terr= phase=candidate
2026-07-02 17:51:14 - matching_padroncharcas - DEBUG -     gz_id=1001020 'donica' score=1.000 nombre=False saint_only=True terr= phase=candidate
2026-07-02 17:51:14 - matching_padroncharcas - DEBUG -     gz_id=1001020 'donica' score=1.000 nombre=False saint_only=True terr= phase=candidate
2026-07-02 17:51:14 - matching_padroncharcas - DEBUG -     gz_id=1001022 'jilotepec' score=1.000 nombre=False saint_only=True terr= phase=candidate
2026-07-02 17:51:14 - matching_padroncharcas - DEBUG -     gz_id=1001022 'jilotepec' score=1.000 nombre=False saint_only=True terr= phase=candidate
2026-07-02 17:51:14 - matching_padroncharcas - DEBUG -     gz_id=1001031 'motho' score=1.000 nombre=False saint_only=True terr= phase=candidate
2026-07-02 17:51:14 - matching_padroncharcas - DEBUG -     gz_id=1001031 'motho' score=1.000 nombre=False saint_only=True terr= phase=candidate
2026-07-02 17:51:14 - matching_padroncharcas - DEBUG -     gz_id=1001058 'tenango' score=1.000 nombre=False saint_only=True terr= phase=candidate
2026-07-02 17:51:14 - matching_padroncharcas - DEBUG -     gz_id=1001058 'tenango' score=1.000 nombre=False saint_only=True terr= phase=candidate
2026-07-02 17:51:14 - matching_padroncharcas - DEBUG -     gz_id=9900719 'san pedro' score=1.000 nombre=True saint_only=False terr= phase=auto_adopt
2026-07-02 17:51:14 - matching_padroncharcas - DEBUG -     gz_id=9900719 'san pedro' score=1.000 nombre=True saint_only=False terr= phase=auto_adopt
2026-07-02 17:51:14 - matching_padroncharcas - DEBUG -     gz_id=1001108 'potla' score=1.000 nombre=False saint_only=True terr= phase=candidate
2026-07-02 17:51:14 - matching_padroncharcas - DEBUG -     gz_id=1001108 'potla' score=1.000 nombre=False saint_only=True terr= phase=candidate
2026-07-02 17:51:14 - matching_padroncharcas - DEBUG -     gz_id=1001125 'san pedro banos' score=1.000 nombre=False saint_only=True terr= phase=candidate
2026-07-02 17:51:14 - matching_padroncharcas - DEBUG -     gz_id=1001125 'san pedro banos' score=1.000 nombre=False saint_only=True terr= phase=candidate
2026-07-02 17:51:14 - matching_padroncharcas - DEBUG -     gz_id=1001126 'san pedro rosal' score=1.000 nombre=False saint_only=True terr= phase=candidate
2026-07-02 17:51:14 - matching_padroncharcas - DEBUG -     gz_id=1001126 'san pedro rosal' score=1.000 nombre=False saint_only=True terr= phase=candidate
2026-07-02 17:51:14 - matching_padroncharcas - DEBUG -     gz_id=1001127 'san pedro alto' score=1.000 nombre=False saint_only=True terr= phase=candidate
2026-07-02 17:51:14 - matching_padroncharcas - DEBUG -     gz_id=1001127 'san pedro alto' score=1.000 nombre=False saint_only=True terr= phase=candidate
2026-07-02 17:51:14 - matching_padroncharcas - DEBUG -     gz_id=1001128 'san pedro alto' score=1.000 nombre=False saint_only=True terr= phase=candidate
2026-07-02 17:51:14 - matching_padroncharcas - DEBUG -     gz_id=1001128 'san pedro alto' score=1.000 nombre=False saint_only=True terr= phase=candidate
2026-07-02 17:51:14 - matching_padroncharcas - DEBUG -     gz_id=1001223 'amastlan' score=1.000 nombre=False saint_only=True terr= phase=candidate
2026-07-02 17:51:14 - matching_padroncharcas - DEBUG -     gz_id=1001223 'amastlan' score=1.000 nombre=False saint_only=True terr= phase=candidate
2026-07-02 17:51:14 - matching_padroncharcas - DEBUG -     gz_id=1001237 'chapulhuacan' score=1.000 nombre=False saint_only=True terr= phase=candidate
2026-07-02 17:51:14 - matching_padroncharcas - DEBUG -     gz_id=1001237 'chapulhuacan' score=1.000 nombre=False saint_only=True terr= phase=candidate
2026-07-02 17:51:14 - matching_padroncharcas - DEBUG -     gz_id=1001242 'cholula' score=1.000 nombre=False saint_only=True terr= phase=candidate
2026-07-02 17:51:14 - matching_padroncharcas - DEBUG -     gz_id=1001242 'cholula' score=1.000 nombre=False saint_only=True terr= phase=candidate
2026-07-02 17:51:14 - matching_padroncharcas - DEBUG -     gz_id=1001258 'jilo' score=1.000 nombre=False saint_only=True terr= phase=candidate
2026-07-02 17:51:14 - matching_padroncharcas - DEBUG -     gz_id=1001258 'jilo' score=1.000 nombre=False saint_only=True terr= phase=candidate
2026-07-02 17:51:14 - matching_padroncharcas - DEBUG -     gz_id=1001260 'hucatlan' score=1.000 nombre=False saint_only=True terr= phase=candidate
2026-07-02 17:51:14 - matching_padroncharcas - DEBUG -     gz_id=1001260 'hucatlan' score=1.000 nombre=False saint_only=True terr= phase=candidate
2026-07-02 17:51:14 - matching_padroncharcas - DEBUG -     gz_id=1001276 'jalpa' score=1.000 nombre=False saint_only=True terr= phase=candidate
2026-07-02 17:51:14 - matching_padroncharcas - DEBUG -     gz_id=1001276 'jalpa' score=1.000 nombre=False saint_only=True terr= phase=candidate
2026-07-02 17:51:14 - matching_padroncharcas - DEBUG -     gz_id=1001280 'joquela' score=1.000 nombre=False saint_only=True terr= phase=candidate
2026-07-02 17:51:14 - matching_padroncharcas - DEBUG -     gz_id=1001280 'joquela' score=1.000 nombre=False saint_only=True terr= phase=candidate
2026-07-02 17:51:14 - matching_padroncharcas - DEBUG -     gz_id=1001295 'ocotlan' score=1.000 nombre=False saint_only=True terr= phase=candidate
2026-07-02 17:51:14 - matching_padroncharcas - DEBUG -     gz_id=1001295 'ocotlan' score=1.000 nombre=False saint_only=True terr= phase=candidate
2026-07-02 17:51:14 - matching_padroncharcas - DEBUG -     gz_id=1001309 'techimal' score=1.000 nombre=False saint_only=True terr= phase=candidate
2026-07-02 17:51:14 - matching_padroncharcas - DEBUG -     gz_id=1001309 'techimal' score=1.000 nombre=False saint_only=True terr= phase=candidate
2026-07-02 17:51:14 - matching_padroncharcas - DEBUG -     gz_id=1001312 'tenango' score=1.000 nombre=False saint_only=True terr= phase=candidate
2026-07-02 17:51:14 - matching_padroncharcas - DEBUG -     gz_id=1001312 'tenango' score=1.000 nombre=False saint_only=True terr= phase=candidate
2026-07-02 17:51:14 - matching_padroncharcas - DEBUG -     gz_id=1001337 'tlatemalco' score=1.000 nombre=False saint_only=True terr= phase=candidate
2026-07-02 17:51:14 - matching_padroncharcas - DEBUG -     gz_id=1001337 'tlatemalco' score=1.000 nombre=False saint_only=True terr= phase=candidate
2026-07-02 17:51:14 - matching_padroncharcas - DEBUG -     gz_id=1001351 'jochicoaco' score=1.000 nombre=False saint_only=True terr= phase=candidate
2026-07-02 17:51:14 - matching_padroncharcas - DEBUG -     gz_id=1001351 'jochicoaco' score=1.000 nombre=False saint_only=True terr= phase=candidate
2026-07-02 17:51:14 - matching_padroncharcas - DEBUG -     gz_id=9900922 'san pedro' score=1.000 nombre=True saint_only=False terr= phase=auto_adopt
2026-07-02 17:51:14 - matching_padroncharcas - DEBUG -     gz_id=1001385 'huaquilpa' score=1.000 nombre=False saint_only=True terr= phase=candidate
2026-07-02 17:51:14 - matching_padroncharcas - DEBUG -     gz_id=1001385 'huaquilpa' score=1.000 nombre=False saint_only=True terr= phase=candidate
2026-07-02 17:51:14 - matching_padroncharcas - DEBUG -     gz_id=1001389 'tesontepec' score=1.000 nombre=False saint_only=True terr= phase=candidate
2026-07-02 17:51:14 - matching_padroncharcas - DEBUG -     gz_id=1001389 'tesontepec' score=1.000 nombre=False saint_only=True terr= phase=candidate
2026-07-02 17:51:14 - matching_padroncharcas - DEBUG -     gz_id=1001392 'ahuacatlan' score=1.000 nombre=False saint_only=True terr= phase=candidate
2026-07-02 17:51:14 - matching_padroncharcas - DEBUG -     gz_id=1001392 'ahuacatlan' score=1.000 nombre=False saint_only=True terr= phase=candidate
2026-07-02 17:51:14 - matching_padroncharcas - DEBUG -     gz_id=1001395 'canada' score=1.000 nombre=False saint_only=True terr= phase=candidate
2026-07-02 17:51:14 - matching_padroncharcas - DEBUG -     gz_id=1001395 'canada' score=1.000 nombre=False saint_only=True terr= phase=candidate
2026-07-02 17:51:14 - matching_padroncharcas - DEBUG -     gz_id=1001409 'san pedro toliman' score=1.000 nombre=False saint_only=True terr= phase=candidate
2026-07-02 17:51:14 - matching_padroncharcas - DEBUG -     gz_id=1001409 'san pedro toliman' score=1.000 nombre=False saint_only=True terr= phase=candidate
2026-07-02 17:51:14 - matching_padroncharcas - DEBUG -     gz_id=1001415 'ascapusaltongo' score=1.000 nombre=False saint_only=True terr= phase=candidate
2026-07-02 17:51:14 - matching_padroncharcas - DEBUG -     gz_id=1001415 'ascapusaltongo' score=1.000 nombre=False saint_only=True terr= phase=candidate
2026-07-02 17:51:14 - matching_padroncharcas - DEBUG -     gz_id=9900993 'san pedro pedernal' score=1.000 nombre=False saint_only=True terr= phase=candidate
2026-07-02 17:51:14 - matching_padroncharcas - DEBUG -     gz_id=9900993 'san pedro pedernal' score=1.000 nombre=False saint_only=True terr= phase=candidate
2026-07-02 17:51:14 - matching_padroncharcas - DEBUG -     gz_id=9900993 'san pedro pedernal' score=1.000 nombre=False saint_only=True terr= phase=candidate
2026-07-02 17:51:14 - matching_padroncharcas - DEBUG -     gz_id=1001486 'almoloia' score=1.000 nombre=False saint_only=True terr= phase=candidate
2026-07-02 17:51:14 - matching_padroncharcas - DEBUG -     gz_id=1001486 'almoloia' score=1.000 nombre=False saint_only=True terr= phase=candidate
2026-07-02 17:51:14 - matching_padroncharcas - DEBUG -     gz_id=1001486 'almoloia' score=1.000 nombre=False saint_only=True terr= phase=candidate
2026-07-02 17:51:14 - matching_padroncharcas - DEBUG -     gz_id=1001486 'almoloia' score=1.000 nombre=False saint_only=True terr= phase=candidate
2026-07-02 17:51:14 - matching_padroncharcas - DEBUG -     gz_id=1001498 'hueiahualco' score=1.000 nombre=False saint_only=True terr= phase=candidate
2026-07-02 17:51:14 - matching_padroncharcas - DEBUG -     gz_id=1001498 'hueiahualco' score=1.000 nombre=False saint_only=True terr= phase=candidate
2026-07-02 17:51:14 - matching_padroncharcas - DEBUG -     gz_id=1001498 'hueiahualco' score=1.000 nombre=False saint_only=True terr= phase=candidate
2026-07-02 17:51:14 - matching_padroncharcas - DEBUG -     gz_id=1001498 'hueiahualco' score=1.000 nombre=False saint_only=True terr= phase=candidate
2026-07-02 17:51:14 - matching_padroncharcas - DEBUG -     gz_id=1001521 'tejupilco' score=1.000 nombre=False saint_only=True terr= phase=candidate
2026-07-02 17:51:14 - matching_padroncharcas - DEBUG -     gz_id=1001521 'tejupilco' score=1.000 nombre=False saint_only=True terr= phase=candidate
2026-07-02 17:51:14 - matching_padroncharcas - DEBUG -     gz_id=1001541 'atlapulco' score=1.000 nombre=False saint_only=True terr= phase=candidate
2026-07-02 17:51:14 - matching_padroncharcas - DEBUG -     gz_id=1001541 'atlapulco' score=1.000 nombre=False saint_only=True terr= phase=candidate
2026-07-02 17:51:14 - matching_padroncharcas - DEBUG -     gz_id=1001541 'atlapulco' score=1.000 nombre=False saint_only=True terr= phase=candidate
2026-07-02 17:51:14 - matching_padroncharcas - DEBUG -     gz_id=1001543 'calimaia' score=1.000 nombre=False saint_only=True terr= phase=candidate
2026-07-02 17:51:14 - matching_padroncharcas - DEBUG -     gz_id=1001543 'calimaia' score=1.000 nombre=False saint_only=True terr= phase=candidate
2026-07-02 17:51:14 - matching_padroncharcas - DEBUG -     gz_id=1001543 'calimaia' score=1.000 nombre=False saint_only=True terr= phase=candidate
2026-07-02 17:51:14 - matching_padroncharcas - DEBUG -     gz_id=1001548 'chiltepec' score=1.000 nombre=False saint_only=True terr= phase=candidate
2026-07-02 17:51:14 - matching_padroncharcas - DEBUG -     gz_id=1001548 'chiltepec' score=1.000 nombre=False saint_only=True terr= phase=candidate
2026-07-02 17:51:14 - matching_padroncharcas - DEBUG -     gz_id=1001549 'cholula' score=1.000 nombre=False saint_only=True terr= phase=candidate
2026-07-02 17:51:14 - matching_padroncharcas - DEBUG -     gz_id=1001549 'cholula' score=1.000 nombre=False saint_only=True terr= phase=candidate
2026-07-02 17:51:14 - matching_padroncharcas - DEBUG -     gz_id=1001549 'cholula' score=1.000 nombre=False saint_only=True terr= phase=candidate
2026-07-02 17:51:14 - matching_padroncharcas - DEBUG -     gz_id=1001569 'techuchulco' score=1.000 nombre=False saint_only=True terr= phase=candidate
2026-07-02 17:51:14 - matching_padroncharcas - DEBUG -     gz_id=1001569 'techuchulco' score=1.000 nombre=False saint_only=True terr= phase=candidate
2026-07-02 17:51:14 - matching_padroncharcas - DEBUG -     gz_id=1001569 'techuchulco' score=1.000 nombre=False saint_only=True terr= phase=candidate
2026-07-02 17:51:14 - matching_padroncharcas - DEBUG -     gz_id=1001577 'tlaltisapan' score=1.000 nombre=False saint_only=True terr= phase=candidate
2026-07-02 17:51:14 - matching_padroncharcas - DEBUG -     gz_id=1001577 'tlaltisapan' score=1.000 nombre=False saint_only=True terr= phase=candidate
2026-07-02 17:51:14 - matching_padroncharcas - DEBUG -     gz_id=1001577 'tlaltisapan' score=1.000 nombre=False saint_only=True terr= phase=candidate
2026-07-02 17:51:14 - matching_padroncharcas - DEBUG -     gz_id=1001578 'tlanisco' score=1.000 nombre=False saint_only=True terr= phase=candidate
2026-07-02 17:51:14 - matching_padroncharcas - DEBUG -     gz_id=1001578 'tlanisco' score=1.000 nombre=False saint_only=True terr= phase=candidate
2026-07-02 17:51:14 - matching_padroncharcas - DEBUG -     gz_id=1001579 'tultepec' score=1.000 nombre=False saint_only=True terr= phase=candidate
2026-07-02 17:51:14 - matching_padroncharcas - DEBUG -     gz_id=1001579 'tultepec' score=1.000 nombre=False saint_only=True terr= phase=candidate
2026-07-02 17:51:14 - matching_padroncharcas - DEBUG -     gz_id=1001579 'tultepec' score=1.000 nombre=False saint_only=True terr= phase=candidate
2026-07-02 17:51:14 - matching_padroncharcas - DEBUG -     gz_id=1001601 'pesuapan' score=1.000 nombre=False saint_only=True terr= phase=candidate
2026-07-02 17:51:14 - matching_padroncharcas - DEBUG -     gz_id=1001601 'pesuapan' score=1.000 nombre=False saint_only=True terr= phase=candidate
2026-07-02 17:51:14 - matching_padroncharcas - DEBUG -     gz_id=1001631 'tlaxcoapan' score=1.000 nombre=False saint_only=True terr= phase=candidate
2026-07-02 17:51:14 - matching_padroncharcas - DEBUG -     gz_id=1001631 'tlaxcoapan' score=1.000 nombre=False saint_only=True terr= phase=candidate
2026-07-02 17:51:14 - matching_padroncharcas - DEBUG -     gz_id=1001631 'tlaxcoapan' score=1.000 nombre=False saint_only=True terr= phase=candidate
2026-07-02 17:51:14 - matching_padroncharcas - DEBUG -     gz_id=1001631 'tlaxcoapan' score=1.000 nombre=False saint_only=True terr= phase=candidate
2026-07-02 17:51:14 - matching_padroncharcas - DEBUG -     gz_id=1001643 'capiscapa' score=1.000 nombre=False saint_only=True terr= phase=candidate
2026-07-02 17:51:14 - matching_padroncharcas - DEBUG -     gz_id=1001643 'capiscapa' score=1.000 nombre=False saint_only=True terr= phase=candidate
2026-07-02 17:51:14 - matching_padroncharcas - DEBUG -     gz_id=9901257 'tres palacios' score=1.000 nombre=False saint_only=True terr= phase=candidate
2026-07-02 17:51:14 - matching_padroncharcas - DEBUG -     gz_id=9901257 'tres palacios' score=1.000 nombre=False saint_only=True terr= phase=candidate
2026-07-02 17:51:14 - matching_padroncharcas - DEBUG -     gz_id=1001718 'totoltepec' score=1.000 nombre=False saint_only=True terr= phase=candidate
2026-07-02 17:51:14 - matching_padroncharcas - DEBUG -     gz_id=1001718 'totoltepec' score=1.000 nombre=False saint_only=True terr= phase=candidate
2026-07-02 17:51:14 - matching_padroncharcas - DEBUG -     gz_id=1001718 'totoltepec' score=1.000 nombre=False saint_only=True terr= phase=candidate
2026-07-02 17:51:14 - matching_padroncharcas - DEBUG -     gz_id=1001718 'totoltepec' score=1.000 nombre=False saint_only=True terr= phase=candidate
2026-07-02 17:51:14 - matching_padroncharcas - DEBUG -     gz_id=1001720 'alpuieca' score=1.000 nombre=False saint_only=True terr= phase=candidate
2026-07-02 17:51:14 - matching_padroncharcas - DEBUG -     gz_id=1001720 'alpuieca' score=1.000 nombre=False saint_only=True terr= phase=candidate
2026-07-02 17:51:14 - matching_padroncharcas - DEBUG -     gz_id=1001720 'alpuieca' score=1.000 nombre=False saint_only=True terr= phase=candidate
2026-07-02 17:51:14 - matching_padroncharcas - DEBUG -     gz_id=1001726 'nextlalpan' score=1.000 nombre=False saint_only=True terr= phase=candidate
2026-07-02 17:51:14 - matching_padroncharcas - DEBUG -     gz_id=1001726 'nextlalpan' score=1.000 nombre=False saint_only=True terr= phase=candidate
2026-07-02 17:51:14 - matching_padroncharcas - DEBUG -     gz_id=1001726 'nextlalpan' score=1.000 nombre=False saint_only=True terr= phase=candidate
2026-07-02 17:51:14 - matching_padroncharcas - DEBUG -     gz_id=9950001 'arimena' score=1.000 nombre=False saint_only=False terr= phase=candidate
2026-07-02 17:51:14 - matching_padroncharcas - DEBUG -     gz_id=1001780 'san pedro' score=1.000 nombre=False saint_only=True terr= phase=candidate
2026-07-02 17:51:14 - matching_padroncharcas - DEBUG -     gz_id=1001780 'san pedro' score=1.000 nombre=False saint_only=True terr= phase=candidate
2026-07-02 17:51:14 - matching_padroncharcas - DEBUG -     gz_id=1001805 'atocpan' score=1.000 nombre=False saint_only=True terr= phase=candidate
2026-07-02 17:51:14 - matching_padroncharcas - DEBUG -     gz_id=1001805 'atocpan' score=1.000 nombre=False saint_only=True terr= phase=candidate
2026-07-02 17:51:14 - matching_padroncharcas - DEBUG -     gz_id=1001841 'huasalingo' score=1.000 nombre=False saint_only=True terr= phase=candidate
2026-07-02 17:51:14 - matching_padroncharcas - DEBUG -     gz_id=1001841 'huasalingo' score=1.000 nombre=False saint_only=True terr= phase=candidate
2026-07-02 17:51:14 - matching_padroncharcas - DEBUG -     gz_id=1001846 'pachiquitla' score=1.000 nombre=False saint_only=True terr= phase=candidate
2026-07-02 17:51:14 - matching_padroncharcas - DEBUG -     gz_id=1001846 'pachiquitla' score=1.000 nombre=False saint_only=True terr= phase=candidate
2026-07-02 17:51:14 - matching_padroncharcas - DEBUG -     gz_id=1001857 'tostlamantla' score=1.000 nombre=False saint_only=True terr= phase=candidate
2026-07-02 17:51:14 - matching_padroncharcas - DEBUG -     gz_id=1001857 'tostlamantla' score=1.000 nombre=False saint_only=True terr= phase=candidate
2026-07-02 17:51:14 - matching_padroncharcas - DEBUG -     gz_id=1001857 'tostlamantla' score=1.000 nombre=False saint_only=True terr= phase=candidate
2026-07-02 17:51:14 - matching_padroncharcas - DEBUG -     gz_id=1001863 'soquitipan' score=1.000 nombre=False saint_only=True terr= phase=candidate
2026-07-02 17:51:14 - matching_padroncharcas - DEBUG -     gz_id=1001863 'soquitipan' score=1.000 nombre=False saint_only=True terr= phase=candidate
2026-07-02 17:51:14 - matching_padroncharcas - DEBUG -     gz_id=1001872 'acatempan' score=1.000 nombre=False saint_only=True terr= phase=candidate
2026-07-02 17:51:14 - matching_padroncharcas - DEBUG -     gz_id=1001872 'acatempan' score=1.000 nombre=False saint_only=True terr= phase=candidate
2026-07-02 17:51:14 - matching_padroncharcas - DEBUG -     gz_id=1001872 'acatempan' score=1.000 nombre=False saint_only=True terr= phase=candidate
2026-07-02 17:51:14 - matching_padroncharcas - DEBUG -     gz_id=1001896 'san pedro i san pablo' score=1.000 nombre=False saint_only=True terr= phase=candidate
2026-07-02 17:51:14 - matching_padroncharcas - DEBUG -     gz_id=1001896 'san pedro i san pablo' score=1.000 nombre=False saint_only=True terr= phase=candidate
2026-07-02 17:51:14 - matching_padroncharcas - DEBUG -     gz_id=1001896 'san pedro i san pablo' score=1.000 nombre=False saint_only=True terr= phase=candidate
2026-07-02 17:51:14 - matching_padroncharcas - DEBUG -     gz_id=1001897 'tecomatepec' score=1.000 nombre=False saint_only=True terr= phase=candidate
2026-07-02 17:51:14 - matching_padroncharcas - DEBUG -     gz_id=1001897 'tecomatepec' score=1.000 nombre=False saint_only=True terr= phase=candidate
2026-07-02 17:51:14 - matching_padroncharcas - DEBUG -     gz_id=1001918 'tlaquilpan' score=1.000 nombre=False saint_only=False terr= phase=candidate
2026-07-02 17:51:14 - matching_padroncharcas - DEBUG -     gz_id=1001918 'tlaquilpan' score=1.000 nombre=False saint_only=False terr= phase=candidate
2026-07-02 17:51:14 - matching_padroncharcas - DEBUG -     gz_id=1001923 'san pedro' score=1.000 nombre=True saint_only=False terr= phase=auto_adopt
2026-07-02 17:51:14 - matching_padroncharcas - DEBUG -     gz_id=1001923 'san pedro' score=1.000 nombre=True saint_only=False terr= phase=auto_adopt
2026-07-02 17:51:14 - matching_padroncharcas - DEBUG -     gz_id=1001953 'churumuco' score=1.000 nombre=False saint_only=True terr= phase=candidate
2026-07-02 17:51:14 - matching_padroncharcas - DEBUG -     gz_id=1001953 'churumuco' score=1.000 nombre=False saint_only=True terr= phase=candidate
2026-07-02 17:51:14 - matching_padroncharcas - DEBUG -     gz_id=1001953 'churumuco' score=1.000 nombre=False saint_only=True terr= phase=candidate
2026-07-02 17:51:14 - matching_padroncharcas - DEBUG -     gz_id=1001953 'churumuco' score=1.000 nombre=False saint_only=True terr= phase=candidate
2026-07-02 17:51:14 - matching_padroncharcas - DEBUG -     gz_id=1001971 'cipiajo' score=1.000 nombre=False saint_only=True terr= phase=candidate
2026-07-02 17:51:14 - matching_padroncharcas - DEBUG -     gz_id=1001971 'cipiajo' score=1.000 nombre=False saint_only=True terr= phase=candidate
2026-07-02 17:51:14 - matching_padroncharcas - DEBUG -     gz_id=1001971 'cipiajo' score=1.000 nombre=False saint_only=True terr= phase=candidate
2026-07-02 17:51:14 - matching_padroncharcas - DEBUG -     gz_id=1001971 'cipiajo' score=1.000 nombre=False saint_only=True terr= phase=candidate
2026-07-02 17:51:14 - matching_padroncharcas - DEBUG -     gz_id=1001982 'jaracuaro' score=1.000 nombre=False saint_only=True terr= phase=candidate
2026-07-02 17:51:14 - matching_padroncharcas - DEBUG -     gz_id=1001982 'jaracuaro' score=1.000 nombre=False saint_only=True terr= phase=candidate
2026-07-02 17:51:14 - matching_padroncharcas - DEBUG -     gz_id=1001982 'jaracuaro' score=1.000 nombre=False saint_only=True terr= phase=candidate
2026-07-02 17:51:14 - matching_padroncharcas - DEBUG -     gz_id=1001982 'jaracuaro' score=1.000 nombre=False saint_only=True terr= phase=candidate
2026-07-02 17:51:14 - matching_padroncharcas - DEBUG -     gz_id=1002009 'ocumicho' score=1.000 nombre=False saint_only=True terr= phase=candidate
2026-07-02 17:51:14 - matching_padroncharcas - DEBUG -     gz_id=1002009 'ocumicho' score=1.000 nombre=False saint_only=True terr= phase=candidate
2026-07-02 17:51:14 - matching_padroncharcas - DEBUG -     gz_id=1002029 'maquili' score=1.000 nombre=False saint_only=True terr= phase=candidate
2026-07-02 17:51:14 - matching_padroncharcas - DEBUG -     gz_id=1002029 'maquili' score=1.000 nombre=False saint_only=True terr= phase=candidate
2026-07-02 17:51:14 - matching_padroncharcas - DEBUG -     gz_id=1002029 'maquili' score=1.000 nombre=False saint_only=True terr= phase=candidate
2026-07-02 17:51:14 - matching_padroncharcas - DEBUG -     gz_id=1002029 'maquili' score=1.000 nombre=False saint_only=True terr= phase=candidate
2026-07-02 17:51:14 - matching_padroncharcas - DEBUG -     gz_id=1002029 'maquili' score=1.000 nombre=False saint_only=True terr= phase=candidate
2026-07-02 17:51:14 - matching_padroncharcas - DEBUG -     gz_id=1002029 'maquili' score=1.000 nombre=False saint_only=True terr= phase=candidate
2026-07-02 17:51:14 - matching_padroncharcas - DEBUG -     gz_id=1002051 'cucuchucho' score=1.000 nombre=False saint_only=True terr= phase=candidate
2026-07-02 17:51:14 - matching_padroncharcas - DEBUG -     gz_id=1002051 'cucuchucho' score=1.000 nombre=False saint_only=True terr= phase=candidate
2026-07-02 17:51:14 - matching_padroncharcas - DEBUG -     gz_id=1002051 'cucuchucho' score=1.000 nombre=False saint_only=True terr= phase=candidate
2026-07-02 17:51:14 - matching_padroncharcas - DEBUG -     gz_id=1002056 'pareo' score=1.000 nombre=False saint_only=True terr= phase=candidate
2026-07-02 17:51:14 - matching_padroncharcas - DEBUG -     gz_id=1002056 'pareo' score=1.000 nombre=False saint_only=True terr= phase=candidate
2026-07-02 17:51:14 - matching_padroncharcas - DEBUG -     gz_id=1002056 'pareo' score=1.000 nombre=False saint_only=True terr= phase=candidate
2026-07-02 17:51:14 - matching_padroncharcas - DEBUG -     gz_id=1002062 'surumutaro' score=1.000 nombre=False saint_only=True terr= phase=candidate
2026-07-02 17:51:14 - matching_padroncharcas - DEBUG -     gz_id=1002062 'surumutaro' score=1.000 nombre=False saint_only=True terr= phase=candidate
2026-07-02 17:51:14 - matching_padroncharcas - DEBUG -     gz_id=1002062 'surumutaro' score=1.000 nombre=False saint_only=True terr= phase=candidate
2026-07-02 17:51:14 - matching_padroncharcas - DEBUG -     gz_id=1002094 'tanhuehuato' score=1.000 nombre=False saint_only=True terr= phase=candidate
2026-07-02 17:51:14 - matching_padroncharcas - DEBUG -     gz_id=1002094 'tanhuehuato' score=1.000 nombre=False saint_only=True terr= phase=candidate
2026-07-02 17:51:14 - matching_padroncharcas - DEBUG -     gz_id=1002108 'sacan' score=1.000 nombre=False saint_only=True terr= phase=candidate
2026-07-02 17:51:14 - matching_padroncharcas - DEBUG -     gz_id=1002108 'sacan' score=1.000 nombre=False saint_only=True terr= phase=candidate
2026-07-02 17:51:14 - matching_padroncharcas - DEBUG -     gz_id=1002108 'sacan' score=1.000 nombre=False saint_only=True terr= phase=candidate
2026-07-02 17:51:14 - matching_padroncharcas - DEBUG -     gz_id=1002118 'caro' score=1.000 nombre=False saint_only=True terr= phase=candidate
2026-07-02 17:51:14 - matching_padroncharcas - DEBUG -     gz_id=1002118 'caro' score=1.000 nombre=False saint_only=True terr= phase=candidate
2026-07-02 17:51:14 - matching_padroncharcas - DEBUG -     gz_id=1002118 'caro' score=1.000 nombre=False saint_only=True terr= phase=candidate
2026-07-02 17:51:14 - matching_padroncharcas - DEBUG -     gz_id=1002129 'bocaneo' score=1.000 nombre=False saint_only=True terr= phase=candidate
2026-07-02 17:51:14 - matching_padroncharcas - DEBUG -     gz_id=1002129 'bocaneo' score=1.000 nombre=False saint_only=True terr= phase=candidate
2026-07-02 17:51:14 - matching_padroncharcas - DEBUG -     gz_id=1002129 'bocaneo' score=1.000 nombre=False saint_only=True terr= phase=candidate
2026-07-02 17:51:14 - matching_padroncharcas - DEBUG -     gz_id=1002140 'uripitio' score=1.000 nombre=False saint_only=True terr= phase=candidate
2026-07-02 17:51:14 - matching_padroncharcas - DEBUG -     gz_id=1002140 'uripitio' score=1.000 nombre=False saint_only=True terr= phase=candidate
2026-07-02 17:51:14 - matching_padroncharcas - DEBUG -     gz_id=1002140 'uripitio' score=1.000 nombre=False saint_only=True terr= phase=candidate
2026-07-02 17:51:14 - matching_padroncharcas - DEBUG -     gz_id=1002148 'copandaro' score=1.000 nombre=False saint_only=True terr= phase=candidate
2026-07-02 17:51:14 - matching_padroncharcas - DEBUG -     gz_id=1002148 'copandaro' score=1.000 nombre=False saint_only=True terr= phase=candidate
2026-07-02 17:51:14 - matching_padroncharcas - DEBUG -     gz_id=1002148 'copandaro' score=1.000 nombre=False saint_only=True terr= phase=candidate
2026-07-02 17:51:14 - matching_padroncharcas - DEBUG -     gz_id=1002154 'jacuaro' score=1.000 nombre=False saint_only=True terr= phase=candidate
2026-07-02 17:51:14 - matching_padroncharcas - DEBUG -     gz_id=1002154 'jacuaro' score=1.000 nombre=False saint_only=True terr= phase=candidate
2026-07-02 17:51:14 - matching_padroncharcas - DEBUG -     gz_id=1002154 'jacuaro' score=1.000 nombre=False saint_only=True terr= phase=candidate
2026-07-02 17:51:14 - matching_padroncharcas - DEBUG -     gz_id=1002154 'jacuaro' score=1.000 nombre=False saint_only=True terr= phase=candidate
2026-07-02 17:51:14 - matching_padroncharcas - DEBUG -     gz_id=1002154 'jacuaro' score=1.000 nombre=False saint_only=True terr= phase=candidate
2026-07-02 17:51:14 - matching_padroncharcas - DEBUG -     gz_id=1002166 'tarimangacho' score=1.000 nombre=False saint_only=True terr= phase=candidate
2026-07-02 17:51:14 - matching_padroncharcas - DEBUG -     gz_id=1002166 'tarimangacho' score=1.000 nombre=False saint_only=True terr= phase=candidate
2026-07-02 17:51:14 - matching_padroncharcas - DEBUG -     gz_id=1002166 'tarimangacho' score=1.000 nombre=False saint_only=True terr= phase=candidate
2026-07-02 17:51:14 - matching_padroncharcas - DEBUG -     gz_id=1002187 'nostic' score=1.000 nombre=False saint_only=True terr= phase=candidate
2026-07-02 17:51:14 - matching_padroncharcas - DEBUG -     gz_id=1002187 'nostic' score=1.000 nombre=False saint_only=True terr= phase=candidate
2026-07-02 17:51:14 - matching_padroncharcas - DEBUG -     gz_id=1002187 'nostic' score=1.000 nombre=False saint_only=True terr= phase=candidate
2026-07-02 17:51:14 - matching_padroncharcas - DEBUG -     gz_id=1002204 'ixcatan' score=1.000 nombre=False saint_only=True terr= phase=candidate
2026-07-02 17:51:14 - matching_padroncharcas - DEBUG -     gz_id=1002204 'ixcatan' score=1.000 nombre=False saint_only=True terr= phase=candidate
2026-07-02 17:51:14 - matching_padroncharcas - DEBUG -     gz_id=1002204 'ixcatan' score=1.000 nombre=False saint_only=True terr= phase=candidate
2026-07-02 17:51:14 - matching_padroncharcas - DEBUG -     gz_id=1002259 'san pedro apostol' score=1.000 nombre=False saint_only=True terr= phase=candidate
2026-07-02 17:51:14 - matching_padroncharcas - DEBUG -     gz_id=1002259 'san pedro apostol' score=1.000 nombre=False saint_only=True terr= phase=candidate
2026-07-02 17:51:14 - matching_padroncharcas - DEBUG -     gz_id=1002260 'san pedro alto' score=1.000 nombre=False saint_only=True terr= phase=candidate
2026-07-02 17:51:14 - matching_padroncharcas - DEBUG -     gz_id=1002260 'san pedro alto' score=1.000 nombre=False saint_only=True terr= phase=candidate
2026-07-02 17:51:14 - matching_padroncharcas - DEBUG -     gz_id=1002261 'san pedro martir' score=1.000 nombre=False saint_only=True terr= phase=candidate
2026-07-02 17:51:14 - matching_padroncharcas - DEBUG -     gz_id=1002261 'san pedro martir' score=1.000 nombre=False saint_only=True terr= phase=candidate
2026-07-02 17:51:14 - matching_padroncharcas - DEBUG -     gz_id=1002300 'huegoreje' score=1.000 nombre=False saint_only=True terr= phase=candidate
2026-07-02 17:51:14 - matching_padroncharcas - DEBUG -     gz_id=1002300 'huegoreje' score=1.000 nombre=False saint_only=True terr= phase=candidate
2026-07-02 17:51:14 - matching_padroncharcas - DEBUG -     gz_id=1002300 'huegoreje' score=1.000 nombre=False saint_only=True terr= phase=candidate
2026-07-02 17:51:14 - matching_padroncharcas - DEBUG -     gz_id=1002300 'huegoreje' score=1.000 nombre=False saint_only=True terr= phase=candidate
2026-07-02 17:51:14 - matching_padroncharcas - DEBUG -     gz_id=1002303 'ixtlahuaca' score=1.000 nombre=False saint_only=True terr= phase=candidate
2026-07-02 17:51:14 - matching_padroncharcas - DEBUG -     gz_id=1002303 'ixtlahuaca' score=1.000 nombre=False saint_only=True terr= phase=candidate
2026-07-02 17:51:14 - matching_padroncharcas - DEBUG -     gz_id=1002303 'ixtlahuaca' score=1.000 nombre=False saint_only=True terr= phase=candidate
2026-07-02 17:51:14 - matching_padroncharcas - DEBUG -     gz_id=1002303 'ixtlahuaca' score=1.000 nombre=False saint_only=True terr= phase=candidate
2026-07-02 17:51:14 - matching_padroncharcas - DEBUG -     gz_id=1002318 'billa etla' score=1.000 nombre=False saint_only=True terr= phase=candidate
2026-07-02 17:51:14 - matching_padroncharcas - DEBUG -     gz_id=1002318 'billa etla' score=1.000 nombre=False saint_only=True terr= phase=candidate
2026-07-02 17:51:14 - matching_padroncharcas - DEBUG -     gz_id=1002318 'billa etla' score=1.000 nombre=False saint_only=True terr= phase=candidate
2026-07-02 17:51:14 - matching_padroncharcas - DEBUG -     gz_id=1002318 'billa etla' score=1.000 nombre=False saint_only=True terr= phase=candidate
2026-07-02 17:51:14 - matching_padroncharcas - DEBUG -     gz_id=1002330 'atoiac' score=1.000 nombre=False saint_only=True terr= phase=candidate
2026-07-02 17:51:14 - matching_padroncharcas - DEBUG -     gz_id=1002330 'atoiac' score=1.000 nombre=False saint_only=True terr= phase=candidate
2026-07-02 17:51:14 - matching_padroncharcas - DEBUG -     gz_id=1002363 'salinas' score=1.000 nombre=False saint_only=True terr= phase=candidate
2026-07-02 17:51:14 - matching_padroncharcas - DEBUG -     gz_id=1002363 'salinas' score=1.000 nombre=False saint_only=True terr= phase=candidate
2026-07-02 17:51:14 - matching_padroncharcas - DEBUG -     gz_id=1002375 'tequixtepec' score=1.000 nombre=False saint_only=True terr= phase=candidate
2026-07-02 17:51:14 - matching_padroncharcas - DEBUG -     gz_id=1002375 'tequixtepec' score=1.000 nombre=False saint_only=True terr= phase=candidate
2026-07-02 17:51:14 - matching_padroncharcas - DEBUG -     gz_id=1002392 'sapotitlan' score=1.000 nombre=False saint_only=True terr= phase=candidate
2026-07-02 17:51:14 - matching_padroncharcas - DEBUG -     gz_id=1002392 'sapotitlan' score=1.000 nombre=False saint_only=True terr= phase=candidate
2026-07-02 17:51:14 - matching_padroncharcas - DEBUG -     gz_id=1002400 'pochutla' score=1.000 nombre=False saint_only=True terr= phase=candidate
2026-07-02 17:51:14 - matching_padroncharcas - DEBUG -     gz_id=1002400 'pochutla' score=1.000 nombre=False saint_only=True terr= phase=candidate
2026-07-02 17:51:14 - matching_padroncharcas - DEBUG -     gz_id=1002400 'pochutla' score=1.000 nombre=False saint_only=True terr= phase=candidate
2026-07-02 17:51:14 - matching_padroncharcas - DEBUG -     gz_id=1002400 'pochutla' score=1.000 nombre=False saint_only=True terr= phase=candidate
2026-07-02 17:51:14 - matching_padroncharcas - DEBUG -     gz_id=1002400 'pochutla' score=1.000 nombre=False saint_only=True terr= phase=candidate
2026-07-02 17:51:14 - matching_padroncharcas - DEBUG -     gz_id=1002400 'pochutla' score=1.000 nombre=False saint_only=True terr= phase=candidate
2026-07-02 17:51:14 - matching_padroncharcas - DEBUG -     gz_id=1002400 'pochutla' score=1.000 nombre=False saint_only=True terr= phase=candidate
2026-07-02 17:51:14 - matching_padroncharcas - DEBUG -     gz_id=1002400 'pochutla' score=1.000 nombre=False saint_only=True terr= phase=candidate
2026-07-02 17:51:14 - matching_padroncharcas - DEBUG -     gz_id=1002421 'nejicho' score=1.000 nombre=False saint_only=True terr= phase=candidate
2026-07-02 17:51:14 - matching_padroncharcas - DEBUG -     gz_id=1002421 'nejicho' score=1.000 nombre=False saint_only=True terr= phase=candidate
2026-07-02 17:51:14 - matching_padroncharcas - DEBUG -     gz_id=1002421 'nejicho' score=1.000 nombre=False saint_only=True terr= phase=candidate
2026-07-02 17:51:14 - matching_padroncharcas - DEBUG -     gz_id=1002427 'amusgos' score=1.000 nombre=False saint_only=True terr= phase=candidate
2026-07-02 17:51:14 - matching_padroncharcas - DEBUG -     gz_id=1002427 'amusgos' score=1.000 nombre=False saint_only=True terr= phase=candidate
2026-07-02 17:51:14 - matching_padroncharcas - DEBUG -     gz_id=1002428 'atoiac' score=1.000 nombre=False saint_only=True terr= phase=candidate
2026-07-02 17:51:14 - matching_padroncharcas - DEBUG -     gz_id=1002428 'atoiac' score=1.000 nombre=False saint_only=True terr= phase=candidate
2026-07-02 17:51:14 - matching_padroncharcas - DEBUG -     gz_id=1002442 'san pedro jicaian' score=1.000 nombre=False saint_only=True terr= phase=candidate
2026-07-02 17:51:14 - matching_padroncharcas - DEBUG -     gz_id=1002442 'san pedro jicaian' score=1.000 nombre=False saint_only=True terr= phase=candidate
2026-07-02 17:51:14 - matching_padroncharcas - DEBUG -     gz_id=1002446 'juchatengo' score=1.000 nombre=False saint_only=True terr= phase=candidate
2026-07-02 17:51:14 - matching_padroncharcas - DEBUG -     gz_id=1002446 'juchatengo' score=1.000 nombre=False saint_only=True terr= phase=candidate
2026-07-02 17:51:14 - matching_padroncharcas - DEBUG -     gz_id=1002460 'san pedro' score=1.000 nombre=False saint_only=True terr= phase=candidate
2026-07-02 17:51:14 - matching_padroncharcas - DEBUG -     gz_id=1002460 'san pedro' score=1.000 nombre=False saint_only=True terr= phase=candidate
2026-07-02 17:51:14 - matching_padroncharcas - DEBUG -     gz_id=1002464 'ciniiubi' score=1.000 nombre=False saint_only=True terr= phase=candidate
2026-07-02 17:51:14 - matching_padroncharcas - DEBUG -     gz_id=1002464 'ciniiubi' score=1.000 nombre=False saint_only=True terr= phase=candidate
2026-07-02 17:51:14 - matching_padroncharcas - DEBUG -     gz_id=1002474 'tulixtlahuaca' score=1.000 nombre=False saint_only=True terr= phase=candidate
2026-07-02 17:51:14 - matching_padroncharcas - DEBUG -     gz_id=1002474 'tulixtlahuaca' score=1.000 nombre=False saint_only=True terr= phase=candidate
2026-07-02 17:51:14 - matching_padroncharcas - DEBUG -     gz_id=1002475 'tututepec' score=1.000 nombre=False saint_only=True terr= phase=candidate
2026-07-02 17:51:14 - matching_padroncharcas - DEBUG -     gz_id=1002475 'tututepec' score=1.000 nombre=False saint_only=True terr= phase=candidate
2026-07-02 17:51:14 - matching_padroncharcas - DEBUG -     gz_id=1002496 'san pedro amatlan' score=1.000 nombre=False saint_only=True terr= phase=candidate
2026-07-02 17:51:14 - matching_padroncharcas - DEBUG -     gz_id=1002496 'san pedro amatlan' score=1.000 nombre=False saint_only=True terr= phase=candidate
2026-07-02 17:51:14 - matching_padroncharcas - DEBUG -     gz_id=1002508 'san pedro coatlan' score=1.000 nombre=False saint_only=True terr= phase=candidate
2026-07-02 17:51:14 - matching_padroncharcas - DEBUG -     gz_id=1002508 'san pedro coatlan' score=1.000 nombre=False saint_only=True terr= phase=candidate
2026-07-02 17:51:14 - matching_padroncharcas - DEBUG -     gz_id=1002536 'san pedro alto' score=1.000 nombre=False saint_only=True terr= phase=candidate
2026-07-02 17:51:14 - matching_padroncharcas - DEBUG -     gz_id=1002536 'san pedro alto' score=1.000 nombre=False saint_only=True terr= phase=candidate
2026-07-02 17:51:14 - matching_padroncharcas - DEBUG -     gz_id=1002546 'acatlan grande' score=1.000 nombre=False saint_only=True terr= phase=candidate
2026-07-02 17:51:14 - matching_padroncharcas - DEBUG -     gz_id=1002546 'acatlan grande' score=1.000 nombre=False saint_only=True terr= phase=candidate
2026-07-02 17:51:14 - matching_padroncharcas - DEBUG -     gz_id=1002551 'chilmatepequillo' score=1.000 nombre=False saint_only=True terr= phase=candidate
2026-07-02 17:51:14 - matching_padroncharcas - DEBUG -     gz_id=1002551 'chilmatepequillo' score=1.000 nombre=False saint_only=True terr= phase=candidate
2026-07-02 17:51:14 - matching_padroncharcas - DEBUG -     gz_id=1002563 'san pedro jilotepec' score=1.000 nombre=False saint_only=True terr= phase=candidate
2026-07-02 17:51:14 - matching_padroncharcas - DEBUG -     gz_id=1002563 'san pedro jilotepec' score=1.000 nombre=False saint_only=True terr= phase=candidate
2026-07-02 17:51:14 - matching_padroncharcas - DEBUG -     gz_id=1002563 'san pedro jilotepec' score=1.000 nombre=False saint_only=True terr= phase=candidate
2026-07-02 17:51:14 - matching_padroncharcas - DEBUG -     gz_id=1002575 'leapi' score=1.000 nombre=False saint_only=True terr= phase=candidate
2026-07-02 17:51:14 - matching_padroncharcas - DEBUG -     gz_id=1002575 'leapi' score=1.000 nombre=False saint_only=True terr= phase=candidate
2026-07-02 17:51:14 - matching_padroncharcas - DEBUG -     gz_id=1002585 'ocotepec' score=1.000 nombre=False saint_only=True terr= phase=candidate
2026-07-02 17:51:14 - matching_padroncharcas - DEBUG -     gz_id=1002585 'ocotepec' score=1.000 nombre=False saint_only=True terr= phase=candidate
2026-07-02 17:51:14 - matching_padroncharcas - DEBUG -     gz_id=1002598 'sosoltepec' score=1.000 nombre=False saint_only=True terr= phase=candidate
2026-07-02 17:51:14 - matching_padroncharcas - DEBUG -     gz_id=1002598 'sosoltepec' score=1.000 nombre=False saint_only=True terr= phase=candidate
2026-07-02 17:51:14 - matching_padroncharcas - DEBUG -     gz_id=1002598 'sosoltepec' score=1.000 nombre=False saint_only=True terr= phase=candidate
2026-07-02 17:51:14 - matching_padroncharcas - DEBUG -     gz_id=1002603 'tepalcatepec' score=1.000 nombre=False saint_only=True terr= phase=candidate
2026-07-02 17:51:14 - matching_padroncharcas - DEBUG -     gz_id=1002603 'tepalcatepec' score=1.000 nombre=False saint_only=True terr= phase=candidate
2026-07-02 17:51:14 - matching_padroncharcas - DEBUG -     gz_id=1002603 'tepalcatepec' score=1.000 nombre=False saint_only=True terr= phase=candidate
2026-07-02 17:51:14 - matching_padroncharcas - DEBUG -     gz_id=1002606 'totolapa' score=1.000 nombre=False saint_only=True terr= phase=candidate
2026-07-02 17:51:14 - matching_padroncharcas - DEBUG -     gz_id=1002606 'totolapa' score=1.000 nombre=False saint_only=True terr= phase=candidate
2026-07-02 17:51:14 - matching_padroncharcas - DEBUG -     gz_id=1002615 'cholula' score=1.000 nombre=False saint_only=True terr= phase=candidate
2026-07-02 17:51:14 - matching_padroncharcas - DEBUG -     gz_id=1002615 'cholula' score=1.000 nombre=False saint_only=True terr= phase=candidate
2026-07-02 17:51:14 - matching_padroncharcas - DEBUG -     gz_id=1002635 'totomachapam' score=1.000 nombre=False saint_only=True terr= phase=candidate
2026-07-02 17:51:14 - matching_padroncharcas - DEBUG -     gz_id=1002635 'totomachapam' score=1.000 nombre=False saint_only=True terr= phase=candidate
2026-07-02 17:51:14 - matching_padroncharcas - DEBUG -     gz_id=1002645 'huilotepec' score=1.000 nombre=False saint_only=True terr= phase=candidate
2026-07-02 17:51:14 - matching_padroncharcas - DEBUG -     gz_id=1002645 'huilotepec' score=1.000 nombre=False saint_only=True terr= phase=candidate
2026-07-02 17:51:14 - matching_padroncharcas - DEBUG -     gz_id=1002659 'tapanatepec' score=1.000 nombre=False saint_only=True terr= phase=candidate
2026-07-02 17:51:14 - matching_padroncharcas - DEBUG -     gz_id=1002659 'tapanatepec' score=1.000 nombre=False saint_only=True terr= phase=candidate
2026-07-02 17:51:14 - matching_padroncharcas - DEBUG -     gz_id=1002688 'san pedro' score=1.000 nombre=False saint_only=True terr= phase=candidate
2026-07-02 17:51:14 - matching_padroncharcas - DEBUG -     gz_id=1002688 'san pedro' score=1.000 nombre=False saint_only=True terr= phase=candidate
2026-07-02 17:51:14 - matching_padroncharcas - DEBUG -     gz_id=1002711 'quiatoni' score=1.000 nombre=False saint_only=True terr= phase=candidate
2026-07-02 17:51:14 - matching_padroncharcas - DEBUG -     gz_id=1002711 'quiatoni' score=1.000 nombre=False saint_only=True terr= phase=candidate
2026-07-02 17:51:14 - matching_padroncharcas - DEBUG -     gz_id=1002746 'iolox' score=1.000 nombre=False saint_only=True terr= phase=candidate
2026-07-02 17:51:14 - matching_padroncharcas - DEBUG -     gz_id=1002746 'iolox' score=1.000 nombre=False saint_only=True terr= phase=candidate
2026-07-02 17:51:14 - matching_padroncharcas - DEBUG -     gz_id=1002761 'anane' score=1.000 nombre=False saint_only=True terr= phase=candidate
2026-07-02 17:51:14 - matching_padroncharcas - DEBUG -     gz_id=1002761 'anane' score=1.000 nombre=False saint_only=True terr= phase=candidate
2026-07-02 17:51:14 - matching_padroncharcas - DEBUG -     gz_id=1002769 'cantaros' score=1.000 nombre=False saint_only=True terr= phase=candidate
2026-07-02 17:51:14 - matching_padroncharcas - DEBUG -     gz_id=1002769 'cantaros' score=1.000 nombre=False saint_only=True terr= phase=candidate
2026-07-02 17:51:14 - matching_padroncharcas - DEBUG -     gz_id=1002791 'jaltepetongo' score=1.000 nombre=False saint_only=True terr= phase=candidate
2026-07-02 17:51:14 - matching_padroncharcas - DEBUG -     gz_id=1002791 'jaltepetongo' score=1.000 nombre=False saint_only=True terr= phase=candidate
2026-07-02 17:51:14 - matching_padroncharcas - DEBUG -     gz_id=1002793 'jocotipac' score=1.000 nombre=False saint_only=True terr= phase=candidate
2026-07-02 17:51:14 - matching_padroncharcas - DEBUG -     gz_id=1002793 'jocotipac' score=1.000 nombre=False saint_only=True terr= phase=candidate
2026-07-02 17:51:14 - matching_padroncharcas - DEBUG -     gz_id=1002795 'molinos' score=1.000 nombre=False saint_only=True terr= phase=candidate
2026-07-02 17:51:14 - matching_padroncharcas - DEBUG -     gz_id=1002795 'molinos' score=1.000 nombre=False saint_only=True terr= phase=candidate
2026-07-02 17:51:14 - matching_padroncharcas - DEBUG -     gz_id=1002799 'nodon' score=1.000 nombre=False saint_only=True terr= phase=candidate
2026-07-02 17:51:14 - matching_padroncharcas - DEBUG -     gz_id=1002799 'nodon' score=1.000 nombre=False saint_only=True terr= phase=candidate
2026-07-02 17:51:14 - matching_padroncharcas - DEBUG -     gz_id=1002800 'nopala' score=1.000 nombre=False saint_only=True terr= phase=candidate
2026-07-02 17:51:14 - matching_padroncharcas - DEBUG -     gz_id=1002800 'nopala' score=1.000 nombre=False saint_only=True terr= phase=candidate
2026-07-02 17:51:14 - matching_padroncharcas - DEBUG -     gz_id=1002815 'quilitongo' score=1.000 nombre=False saint_only=True terr= phase=candidate
2026-07-02 17:51:14 - matching_padroncharcas - DEBUG -     gz_id=1002815 'quilitongo' score=1.000 nombre=False saint_only=True terr= phase=candidate
2026-07-02 17:51:14 - matching_padroncharcas - DEBUG -     gz_id=1002824 'san pedro' score=1.000 nombre=True saint_only=False terr= phase=auto_adopt
2026-07-02 17:51:14 - matching_padroncharcas - DEBUG -     gz_id=1002824 'san pedro' score=1.000 nombre=True saint_only=False terr= phase=auto_adopt
2026-07-02 17:51:14 - matching_padroncharcas - DEBUG -     gz_id=1002825 'san pedro alto' score=1.000 nombre=False saint_only=True terr= phase=candidate
2026-07-02 17:51:14 - matching_padroncharcas - DEBUG -     gz_id=1002825 'san pedro alto' score=1.000 nombre=False saint_only=True terr= phase=candidate
2026-07-02 17:51:14 - matching_padroncharcas - DEBUG -     gz_id=1002855 'tidaa' score=1.000 nombre=False saint_only=True terr= phase=candidate
2026-07-02 17:51:14 - matching_padroncharcas - DEBUG -     gz_id=1002855 'tidaa' score=1.000 nombre=False saint_only=True terr= phase=candidate
2026-07-02 17:51:14 - matching_padroncharcas - DEBUG -     gz_id=1002871 'topiltepec' score=1.000 nombre=False saint_only=True terr= phase=candidate
2026-07-02 17:51:14 - matching_padroncharcas - DEBUG -     gz_id=1002871 'topiltepec' score=1.000 nombre=False saint_only=True terr= phase=candidate
2026-07-02 17:51:14 - matching_padroncharcas - DEBUG -     gz_id=1002882 'iosotatu' score=1.000 nombre=False saint_only=True terr= phase=candidate
2026-07-02 17:51:14 - matching_padroncharcas - DEBUG -     gz_id=1002882 'iosotatu' score=1.000 nombre=False saint_only=True terr= phase=candidate
2026-07-02 17:51:14 - matching_padroncharcas - DEBUG -     gz_id=1002887 'iucunama' score=1.000 nombre=False saint_only=True terr= phase=candidate
2026-07-02 17:51:14 - matching_padroncharcas - DEBUG -     gz_id=1002887 'iucunama' score=1.000 nombre=False saint_only=True terr= phase=candidate
2026-07-02 17:51:14 - matching_padroncharcas - DEBUG -     gz_id=1002890 'iucujaco' score=1.000 nombre=False saint_only=True terr= phase=candidate
2026-07-02 17:51:14 - matching_padroncharcas - DEBUG -     gz_id=1002890 'iucujaco' score=1.000 nombre=False saint_only=True terr= phase=candidate
2026-07-02 17:51:14 - matching_padroncharcas - DEBUG -     gz_id=1002904 'san pedro ixcatlan' score=1.000 nombre=False saint_only=True terr= phase=candidate
2026-07-02 17:51:14 - matching_padroncharcas - DEBUG -     gz_id=1002904 'san pedro ixcatlan' score=1.000 nombre=False saint_only=True terr= phase=candidate
2026-07-02 17:51:14 - matching_padroncharcas - DEBUG -     gz_id=1002909 'osumacin' score=1.000 nombre=False saint_only=True terr= phase=candidate
2026-07-02 17:51:14 - matching_padroncharcas - DEBUG -     gz_id=1002909 'osumacin' score=1.000 nombre=False saint_only=True terr= phase=candidate
2026-07-02 17:51:14 - matching_padroncharcas - DEBUG -     gz_id=1002909 'osumacin' score=1.000 nombre=False saint_only=True terr= phase=candidate
2026-07-02 17:51:14 - matching_padroncharcas - DEBUG -     gz_id=1002914 'sochiapam' score=1.000 nombre=False saint_only=True terr= phase=candidate
2026-07-02 17:51:14 - matching_padroncharcas - DEBUG -     gz_id=1002914 'sochiapam' score=1.000 nombre=False saint_only=True terr= phase=candidate
2026-07-02 17:51:14 - matching_padroncharcas - DEBUG -     gz_id=1002914 'sochiapam' score=1.000 nombre=False saint_only=True terr= phase=candidate
2026-07-02 17:51:14 - matching_padroncharcas - DEBUG -     gz_id=1002923 'tlatepusco' score=1.000 nombre=False saint_only=True terr= phase=candidate
2026-07-02 17:51:14 - matching_padroncharcas - DEBUG -     gz_id=1002923 'tlatepusco' score=1.000 nombre=False saint_only=True terr= phase=candidate
2026-07-02 17:51:14 - matching_padroncharcas - DEBUG -     gz_id=1002923 'tlatepusco' score=1.000 nombre=False saint_only=True terr= phase=candidate
2026-07-02 17:51:14 - matching_padroncharcas - DEBUG -     gz_id=1002938 'aiacaxtepec' score=1.000 nombre=False saint_only=True terr= phase=candidate
2026-07-02 17:51:14 - matching_padroncharcas - DEBUG -     gz_id=1002938 'aiacaxtepec' score=1.000 nombre=False saint_only=True terr= phase=candidate
2026-07-02 17:51:14 - matching_padroncharcas - DEBUG -     gz_id=1002939 'aiutla' score=1.000 nombre=False saint_only=True terr= phase=candidate
2026-07-02 17:51:14 - matching_padroncharcas - DEBUG -     gz_id=1002939 'aiutla' score=1.000 nombre=False saint_only=True terr= phase=candidate
2026-07-02 17:51:14 - matching_padroncharcas - DEBUG -     gz_id=1002944 'san pedro cajones' score=1.000 nombre=False saint_only=True terr= phase=candidate
2026-07-02 17:51:14 - matching_padroncharcas - DEBUG -     gz_id=1002944 'san pedro cajones' score=1.000 nombre=False saint_only=True terr= phase=candidate
2026-07-02 17:51:14 - matching_padroncharcas - DEBUG -     gz_id=1002997 'tepinapa' score=1.000 nombre=False saint_only=True terr= phase=candidate
2026-07-02 17:51:14 - matching_padroncharcas - DEBUG -     gz_id=1002997 'tepinapa' score=1.000 nombre=False saint_only=True terr= phase=candidate
2026-07-02 17:51:14 - matching_padroncharcas - DEBUG -     gz_id=1003020 'ianeri' score=1.000 nombre=False saint_only=True terr= phase=candidate
2026-07-02 17:51:14 - matching_padroncharcas - DEBUG -     gz_id=1003020 'ianeri' score=1.000 nombre=False saint_only=True terr= phase=candidate
2026-07-02 17:51:14 - matching_padroncharcas - DEBUG -     gz_id=1003077 'san pedro tabiche' score=1.000 nombre=False saint_only=True terr= phase=candidate
2026-07-02 17:51:14 - matching_padroncharcas - DEBUG -     gz_id=1003077 'san pedro tabiche' score=1.000 nombre=False saint_only=True terr= phase=candidate
2026-07-02 17:51:14 - matching_padroncharcas - DEBUG -     gz_id=1003095 'tecomatlan' score=1.000 nombre=False saint_only=True terr= phase=candidate
2026-07-02 17:51:14 - matching_padroncharcas - DEBUG -     gz_id=1003095 'tecomatlan' score=1.000 nombre=False saint_only=True terr= phase=candidate
2026-07-02 17:51:14 - matching_padroncharcas - DEBUG -     gz_id=1003105 'ieloixtlahuacan' score=1.000 nombre=False saint_only=True terr= phase=candidate
2026-07-02 17:51:14 - matching_padroncharcas - DEBUG -     gz_id=1003105 'ieloixtlahuacan' score=1.000 nombre=False saint_only=True terr= phase=candidate
2026-07-02 17:51:14 - matching_padroncharcas - DEBUG -     gz_id=1003121 'coacol' score=1.000 nombre=False saint_only=True terr= phase=candidate
2026-07-02 17:51:14 - matching_padroncharcas - DEBUG -     gz_id=1003121 'coacol' score=1.000 nombre=False saint_only=True terr= phase=candidate
2026-07-02 17:51:14 - matching_padroncharcas - DEBUG -     gz_id=1003121 'coacol' score=1.000 nombre=False saint_only=True terr= phase=candidate
2026-07-02 17:51:14 - matching_padroncharcas - DEBUG -     gz_id=1003130 'ishuatepec' score=1.000 nombre=False saint_only=True terr= phase=candidate
2026-07-02 17:51:14 - matching_padroncharcas - DEBUG -     gz_id=1003130 'ishuatepec' score=1.000 nombre=False saint_only=True terr= phase=candidate
2026-07-02 17:51:14 - matching_padroncharcas - DEBUG -     gz_id=1003130 'ishuatepec' score=1.000 nombre=False saint_only=True terr= phase=candidate
2026-07-02 17:51:14 - matching_padroncharcas - DEBUG -     gz_id=1003143 'iancuitlalpan' score=1.000 nombre=False saint_only=True terr= phase=candidate
2026-07-02 17:51:14 - matching_padroncharcas - DEBUG -     gz_id=1003143 'iancuitlalpan' score=1.000 nombre=False saint_only=True terr= phase=candidate
2026-07-02 17:51:14 - matching_padroncharcas - DEBUG -     gz_id=1003143 'iancuitlalpan' score=1.000 nombre=False saint_only=True terr= phase=candidate
2026-07-02 17:51:14 - matching_padroncharcas - DEBUG -     gz_id=1003157 'ocotlan' score=1.000 nombre=False saint_only=True terr= phase=candidate
2026-07-02 17:51:14 - matching_padroncharcas - DEBUG -     gz_id=1003157 'ocotlan' score=1.000 nombre=False saint_only=True terr= phase=candidate
2026-07-02 17:51:14 - matching_padroncharcas - DEBUG -     gz_id=1003203 'tlaltenango' score=1.000 nombre=False saint_only=True terr= phase=candidate
2026-07-02 17:51:14 - matching_padroncharcas - DEBUG -     gz_id=1003203 'tlaltenango' score=1.000 nombre=False saint_only=True terr= phase=candidate
2026-07-02 17:51:14 - matching_padroncharcas - DEBUG -     gz_id=1003228 'chiconcuautla' score=1.000 nombre=False saint_only=True terr= phase=candidate
2026-07-02 17:51:14 - matching_padroncharcas - DEBUG -     gz_id=1003228 'chiconcuautla' score=1.000 nombre=False saint_only=True terr= phase=candidate
2026-07-02 17:51:14 - matching_padroncharcas - DEBUG -     gz_id=1003228 'chiconcuautla' score=1.000 nombre=False saint_only=True terr= phase=candidate
2026-07-02 17:51:14 - matching_padroncharcas - DEBUG -     gz_id=1003243 'istla' score=1.000 nombre=False saint_only=True terr= phase=candidate
2026-07-02 17:51:14 - matching_padroncharcas - DEBUG -     gz_id=1003243 'istla' score=1.000 nombre=False saint_only=True terr= phase=candidate
2026-07-02 17:51:14 - matching_padroncharcas - DEBUG -     gz_id=1003243 'istla' score=1.000 nombre=False saint_only=True terr= phase=candidate
2026-07-02 17:51:14 - matching_padroncharcas - DEBUG -     gz_id=1003259 'petlacotla' score=1.000 nombre=False saint_only=True terr= phase=candidate
2026-07-02 17:51:14 - matching_padroncharcas - DEBUG -     gz_id=1003259 'petlacotla' score=1.000 nombre=False saint_only=True terr= phase=candidate
2026-07-02 17:51:14 - matching_padroncharcas - DEBUG -     gz_id=1003259 'petlacotla' score=1.000 nombre=False saint_only=True terr= phase=candidate
2026-07-02 17:51:14 - matching_padroncharcas - DEBUG -     gz_id=1003265 'tecpatlan' score=1.000 nombre=False saint_only=True terr= phase=candidate
2026-07-02 17:51:14 - matching_padroncharcas - DEBUG -     gz_id=1003265 'tecpatlan' score=1.000 nombre=False saint_only=True terr= phase=candidate
2026-07-02 17:51:14 - matching_padroncharcas - DEBUG -     gz_id=1003265 'tecpatlan' score=1.000 nombre=False saint_only=True terr= phase=candidate
2026-07-02 17:51:14 - matching_padroncharcas - DEBUG -     gz_id=1003288 'jolotla' score=1.000 nombre=False saint_only=True terr= phase=candidate
2026-07-02 17:51:14 - matching_padroncharcas - DEBUG -     gz_id=1003288 'jolotla' score=1.000 nombre=False saint_only=True terr= phase=candidate
2026-07-02 17:51:14 - matching_padroncharcas - DEBUG -     gz_id=1003288 'jolotla' score=1.000 nombre=False saint_only=True terr= phase=candidate
2026-07-02 17:51:14 - matching_padroncharcas - DEBUG -     gz_id=1003297 'amajac' score=1.000 nombre=False saint_only=True terr= phase=candidate
2026-07-02 17:51:14 - matching_padroncharcas - DEBUG -     gz_id=1003297 'amajac' score=1.000 nombre=False saint_only=True terr= phase=candidate
2026-07-02 17:51:14 - matching_padroncharcas - DEBUG -     gz_id=1003301 'atixtaca' score=1.000 nombre=False saint_only=True terr= phase=candidate
2026-07-02 17:51:14 - matching_padroncharcas - DEBUG -     gz_id=1003301 'atixtaca' score=1.000 nombre=False saint_only=True terr= phase=candidate
2026-07-02 17:51:14 - matching_padroncharcas - DEBUG -     gz_id=1003329 'cilsacuapan' score=1.000 nombre=False saint_only=True terr= phase=candidate
2026-07-02 17:51:14 - matching_padroncharcas - DEBUG -     gz_id=1003329 'cilsacuapan' score=1.000 nombre=False saint_only=True terr= phase=candidate
2026-07-02 17:51:14 - matching_padroncharcas - DEBUG -     gz_id=1003350 'san pedro i san andres' score=1.000 nombre=False saint_only=False terr= phase=candidate
2026-07-02 17:51:14 - matching_padroncharcas - DEBUG -     gz_id=1003350 'san pedro i san andres' score=1.000 nombre=False saint_only=False terr= phase=candidate
2026-07-02 17:51:14 - matching_padroncharcas - DEBUG -     gz_id=1003375 'cochoapa' score=1.000 nombre=False saint_only=True terr= phase=candidate
2026-07-02 17:51:14 - matching_padroncharcas - DEBUG -     gz_id=1003375 'cochoapa' score=1.000 nombre=False saint_only=True terr= phase=candidate
2026-07-02 17:51:14 - matching_padroncharcas - DEBUG -     gz_id=1003375 'cochoapa' score=1.000 nombre=False saint_only=True terr= phase=candidate
2026-07-02 17:51:14 - matching_padroncharcas - DEBUG -     gz_id=1003380 'cuitlapa' score=1.000 nombre=False saint_only=True terr= phase=candidate
2026-07-02 17:51:14 - matching_padroncharcas - DEBUG -     gz_id=1003380 'cuitlapa' score=1.000 nombre=False saint_only=True terr= phase=candidate
2026-07-02 17:51:14 - matching_padroncharcas - DEBUG -     gz_id=1003380 'cuitlapa' score=1.000 nombre=False saint_only=True terr= phase=candidate
2026-07-02 17:51:14 - matching_padroncharcas - DEBUG -     gz_id=1003432 'teiuca' score=1.000 nombre=False saint_only=True terr= phase=candidate
2026-07-02 17:51:14 - matching_padroncharcas - DEBUG -     gz_id=1003432 'teiuca' score=1.000 nombre=False saint_only=True terr= phase=candidate
2026-07-02 17:51:14 - matching_padroncharcas - DEBUG -     gz_id=1003446 'chilchotla' score=1.000 nombre=False saint_only=True terr= phase=candidate
2026-07-02 17:51:14 - matching_padroncharcas - DEBUG -     gz_id=1003446 'chilchotla' score=1.000 nombre=False saint_only=True terr= phase=candidate
2026-07-02 17:51:14 - matching_padroncharcas - DEBUG -     gz_id=1003456 'tepeiahualco' score=1.000 nombre=False saint_only=True terr= phase=candidate
2026-07-02 17:51:14 - matching_padroncharcas - DEBUG -     gz_id=1003456 'tepeiahualco' score=1.000 nombre=False saint_only=True terr= phase=candidate
2026-07-02 17:51:14 - matching_padroncharcas - DEBUG -     gz_id=1003462 'sacapoaxtla' score=1.000 nombre=False saint_only=True terr= phase=candidate
2026-07-02 17:51:14 - matching_padroncharcas - DEBUG -     gz_id=1003462 'sacapoaxtla' score=1.000 nombre=False saint_only=True terr= phase=candidate
2026-07-02 17:51:14 - matching_padroncharcas - DEBUG -     gz_id=1003467 'alpatlahuac' score=1.000 nombre=False saint_only=True terr= phase=candidate
2026-07-02 17:51:14 - matching_padroncharcas - DEBUG -     gz_id=1003467 'alpatlahuac' score=1.000 nombre=False saint_only=True terr= phase=candidate
2026-07-02 17:51:14 - matching_padroncharcas - DEBUG -     gz_id=1003467 'alpatlahuac' score=1.000 nombre=False saint_only=True terr= phase=candidate
2026-07-02 17:51:14 - matching_padroncharcas - DEBUG -     gz_id=1003467 'alpatlahuac' score=1.000 nombre=False saint_only=True terr= phase=candidate
2026-07-02 17:51:14 - matching_padroncharcas - DEBUG -     gz_id=1003489 'asumba' score=1.000 nombre=False saint_only=True terr= phase=candidate
2026-07-02 17:51:14 - matching_padroncharcas - DEBUG -     gz_id=1003489 'asumba' score=1.000 nombre=False saint_only=True terr= phase=candidate
2026-07-02 17:51:14 - matching_padroncharcas - DEBUG -     gz_id=1003494 'chapulco' score=1.000 nombre=False saint_only=True terr= phase=candidate
2026-07-02 17:51:14 - matching_padroncharcas - DEBUG -     gz_id=1003494 'chapulco' score=1.000 nombre=False saint_only=True terr= phase=candidate
2026-07-02 17:51:14 - matching_padroncharcas - DEBUG -     gz_id=1003521 'tetitlan' score=1.000 nombre=False saint_only=True terr= phase=candidate
2026-07-02 17:51:14 - matching_padroncharcas - DEBUG -     gz_id=1003521 'tetitlan' score=1.000 nombre=False saint_only=True terr= phase=candidate
2026-07-02 17:51:14 - matching_padroncharcas - DEBUG -     gz_id=1003528 'soquitlan' score=1.000 nombre=False saint_only=True terr= phase=candidate
2026-07-02 17:51:14 - matching_padroncharcas - DEBUG -     gz_id=1003528 'soquitlan' score=1.000 nombre=False saint_only=True terr= phase=candidate
2026-07-02 17:51:14 - matching_padroncharcas - DEBUG -     gz_id=1003597 'cuaiuca' score=1.000 nombre=False saint_only=True terr= phase=candidate
2026-07-02 17:51:14 - matching_padroncharcas - DEBUG -     gz_id=1003597 'cuaiuca' score=1.000 nombre=False saint_only=True terr= phase=candidate
2026-07-02 17:51:14 - matching_padroncharcas - DEBUG -     gz_id=1003628 'hueitentan' score=1.000 nombre=False saint_only=True terr= phase=candidate
2026-07-02 17:51:14 - matching_padroncharcas - DEBUG -     gz_id=1003628 'hueitentan' score=1.000 nombre=False saint_only=True terr= phase=candidate
2026-07-02 17:51:14 - matching_padroncharcas - DEBUG -     gz_id=1003664 'aitec' score=1.000 nombre=False saint_only=True terr= phase=candidate
2026-07-02 17:51:14 - matching_padroncharcas - DEBUG -     gz_id=1003664 'aitec' score=1.000 nombre=False saint_only=True terr= phase=candidate
2026-07-02 17:51:14 - matching_padroncharcas - DEBUG -     gz_id=1003664 'aitec' score=1.000 nombre=False saint_only=True terr= phase=candidate
2026-07-02 17:51:14 - matching_padroncharcas - DEBUG -     gz_id=1003690 'huisapula' score=1.000 nombre=False saint_only=True terr= phase=candidate
2026-07-02 17:51:14 - matching_padroncharcas - DEBUG -     gz_id=1003690 'huisapula' score=1.000 nombre=False saint_only=True terr= phase=candidate
2026-07-02 17:51:14 - matching_padroncharcas - DEBUG -     gz_id=1003690 'huisapula' score=1.000 nombre=False saint_only=True terr= phase=candidate
2026-07-02 17:51:14 - matching_padroncharcas - DEBUG -     gz_id=1003705 'petlacala' score=1.000 nombre=False saint_only=True terr= phase=candidate
2026-07-02 17:51:14 - matching_padroncharcas - DEBUG -     gz_id=1003705 'petlacala' score=1.000 nombre=False saint_only=True terr= phase=candidate
2026-07-02 17:51:14 - matching_padroncharcas - DEBUG -     gz_id=1003705 'petlacala' score=1.000 nombre=False saint_only=True terr= phase=candidate
2026-07-02 17:51:14 - matching_padroncharcas - DEBUG -     gz_id=1003711 'tenamasapa' score=1.000 nombre=False saint_only=True terr= phase=candidate
2026-07-02 17:51:14 - matching_padroncharcas - DEBUG -     gz_id=1003711 'tenamasapa' score=1.000 nombre=False saint_only=True terr= phase=candidate
2026-07-02 17:51:14 - matching_padroncharcas - DEBUG -     gz_id=1003711 'tenamasapa' score=1.000 nombre=False saint_only=True terr= phase=candidate
2026-07-02 17:51:14 - matching_padroncharcas - DEBUG -     gz_id=1003731 'jalpatlahuac' score=1.000 nombre=False saint_only=True terr= phase=candidate
2026-07-02 17:51:14 - matching_padroncharcas - DEBUG -     gz_id=1003731 'jalpatlahuac' score=1.000 nombre=False saint_only=True terr= phase=candidate
2026-07-02 17:51:14 - matching_padroncharcas - DEBUG -     gz_id=1003731 'jalpatlahuac' score=1.000 nombre=False saint_only=True terr= phase=candidate
2026-07-02 17:51:14 - matching_padroncharcas - DEBUG -     gz_id=1003757 'sacachimalpa' score=1.000 nombre=False saint_only=True terr= phase=candidate
2026-07-02 17:51:14 - matching_padroncharcas - DEBUG -     gz_id=1003757 'sacachimalpa' score=1.000 nombre=False saint_only=True terr= phase=candidate
2026-07-02 17:51:14 - matching_padroncharcas - DEBUG -     gz_id=1003757 'sacachimalpa' score=1.000 nombre=False saint_only=True terr= phase=candidate
2026-07-02 17:51:14 - matching_padroncharcas - DEBUG -     gz_id=1003763 'camocuautla' score=1.000 nombre=False saint_only=True terr= phase=candidate
2026-07-02 17:51:14 - matching_padroncharcas - DEBUG -     gz_id=1003763 'camocuautla' score=1.000 nombre=False saint_only=True terr= phase=candidate
2026-07-02 17:51:14 - matching_padroncharcas - DEBUG -     gz_id=1003793 'tlaolantongo' score=1.000 nombre=False saint_only=True terr= phase=candidate
2026-07-02 17:51:14 - matching_padroncharcas - DEBUG -     gz_id=1003793 'tlaolantongo' score=1.000 nombre=False saint_only=True terr= phase=candidate
2026-07-02 17:51:14 - matching_padroncharcas - DEBUG -     gz_id=1003808 'cerro san pedro' score=1.000 nombre=False saint_only=True terr= phase=candidate
2026-07-02 17:51:14 - matching_padroncharcas - DEBUG -     gz_id=1003808 'cerro san pedro' score=1.000 nombre=False saint_only=True terr= phase=candidate
2026-07-02 17:51:14 - matching_padroncharcas - DEBUG -     gz_id=1003869 'colomato' score=1.000 nombre=False saint_only=True terr= phase=candidate
2026-07-02 17:51:14 - matching_padroncharcas - DEBUG -     gz_id=1003869 'colomato' score=1.000 nombre=False saint_only=True terr= phase=candidate
2026-07-02 17:51:14 - matching_padroncharcas - DEBUG -     gz_id=1003869 'colomato' score=1.000 nombre=False saint_only=True terr= phase=candidate
2026-07-02 17:51:14 - matching_padroncharcas - DEBUG -     gz_id=1003869 'colomato' score=1.000 nombre=False saint_only=True terr= phase=candidate
2026-07-02 17:51:14 - matching_padroncharcas - DEBUG -     gz_id=1003873 'huatenipa' score=1.000 nombre=False saint_only=True terr= phase=candidate
2026-07-02 17:51:14 - matching_padroncharcas - DEBUG -     gz_id=1003873 'huatenipa' score=1.000 nombre=False saint_only=True terr= phase=candidate
2026-07-02 17:51:14 - matching_padroncharcas - DEBUG -     gz_id=1003873 'huatenipa' score=1.000 nombre=False saint_only=True terr= phase=candidate
2026-07-02 17:51:14 - matching_padroncharcas - DEBUG -     gz_id=1003873 'huatenipa' score=1.000 nombre=False saint_only=True terr= phase=candidate
2026-07-02 17:51:14 - matching_padroncharcas - DEBUG -     gz_id=1003873 'huatenipa' score=1.000 nombre=False saint_only=True terr= phase=candidate
2026-07-02 17:51:14 - matching_padroncharcas - DEBUG -     gz_id=1003879 'quila' score=1.000 nombre=False saint_only=True terr= phase=candidate
2026-07-02 17:51:14 - matching_padroncharcas - DEBUG -     gz_id=1003879 'quila' score=1.000 nombre=False saint_only=True terr= phase=candidate
2026-07-02 17:51:14 - matching_padroncharcas - DEBUG -     gz_id=1003879 'quila' score=1.000 nombre=False saint_only=True terr= phase=candidate
2026-07-02 17:51:14 - matching_padroncharcas - DEBUG -     gz_id=1003879 'quila' score=1.000 nombre=False saint_only=True terr= phase=candidate
2026-07-02 17:51:14 - matching_padroncharcas - DEBUG -     gz_id=1003923 'chametla' score=1.000 nombre=False saint_only=True terr= phase=candidate
2026-07-02 17:51:14 - matching_padroncharcas - DEBUG -     gz_id=1003923 'chametla' score=1.000 nombre=False saint_only=True terr= phase=candidate
2026-07-02 17:51:14 - matching_padroncharcas - DEBUG -     gz_id=1003923 'chametla' score=1.000 nombre=False saint_only=True terr= phase=candidate
2026-07-02 17:51:14 - matching_padroncharcas - DEBUG -     gz_id=1003923 'chametla' score=1.000 nombre=False saint_only=True terr= phase=candidate
2026-07-02 17:51:14 - matching_padroncharcas - DEBUG -     gz_id=1003923 'chametla' score=1.000 nombre=False saint_only=True terr= phase=candidate
2026-07-02 17:51:14 - matching_padroncharcas - DEBUG -     gz_id=1003927 'bacubirito' score=1.000 nombre=False saint_only=True terr= phase=candidate
2026-07-02 17:51:14 - matching_padroncharcas - DEBUG -     gz_id=1003927 'bacubirito' score=1.000 nombre=False saint_only=True terr= phase=candidate
2026-07-02 17:51:14 - matching_padroncharcas - DEBUG -     gz_id=1003927 'bacubirito' score=1.000 nombre=False saint_only=True terr= phase=candidate
2026-07-02 17:51:14 - matching_padroncharcas - DEBUG -     gz_id=1003927 'bacubirito' score=1.000 nombre=False saint_only=True terr= phase=candidate
2026-07-02 17:51:14 - matching_padroncharcas - DEBUG -     gz_id=1003927 'bacubirito' score=1.000 nombre=False saint_only=True terr= phase=candidate
2026-07-02 17:51:14 - matching_padroncharcas - DEBUG -     gz_id=1003927 'bacubirito' score=1.000 nombre=False saint_only=True terr= phase=candidate
2026-07-02 17:51:14 - matching_padroncharcas - DEBUG -     gz_id=1003927 'bacubirito' score=1.000 nombre=False saint_only=True terr= phase=candidate
2026-07-02 17:51:14 - matching_padroncharcas - DEBUG -     gz_id=1003944 'aconchi' score=1.000 nombre=False saint_only=True terr= phase=candidate
2026-07-02 17:51:14 - matching_padroncharcas - DEBUG -     gz_id=1003944 'aconchi' score=1.000 nombre=False saint_only=True terr= phase=candidate
2026-07-02 17:51:14 - matching_padroncharcas - DEBUG -     gz_id=1003944 'aconchi' score=1.000 nombre=False saint_only=True terr= phase=candidate
2026-07-02 17:51:14 - matching_padroncharcas - DEBUG -     gz_id=1003944 'aconchi' score=1.000 nombre=False saint_only=True terr= phase=candidate
2026-07-02 17:51:14 - matching_padroncharcas - DEBUG -     gz_id=1003944 'aconchi' score=1.000 nombre=False saint_only=True terr= phase=candidate
2026-07-02 17:51:14 - matching_padroncharcas - DEBUG -     gz_id=1003983 'tubutama' score=1.000 nombre=False saint_only=True terr= phase=candidate
2026-07-02 17:51:14 - matching_padroncharcas - DEBUG -     gz_id=1003983 'tubutama' score=1.000 nombre=False saint_only=True terr= phase=candidate
2026-07-02 17:51:14 - matching_padroncharcas - DEBUG -     gz_id=1003983 'tubutama' score=1.000 nombre=False saint_only=True terr= phase=candidate
2026-07-02 17:51:14 - matching_padroncharcas - DEBUG -     gz_id=1003983 'tubutama' score=1.000 nombre=False saint_only=True terr= phase=candidate
2026-07-02 17:51:14 - matching_padroncharcas - DEBUG -     gz_id=1003983 'tubutama' score=1.000 nombre=False saint_only=True terr= phase=candidate
2026-07-02 17:51:14 - matching_padroncharcas - DEBUG -     gz_id=1003983 'tubutama' score=1.000 nombre=False saint_only=True terr= phase=candidate
2026-07-02 17:51:14 - matching_padroncharcas - DEBUG -     gz_id=1004004 'huimango' score=1.000 nombre=False saint_only=True terr= phase=candidate
2026-07-02 17:51:14 - matching_padroncharcas - DEBUG -     gz_id=1004004 'huimango' score=1.000 nombre=False saint_only=True terr= phase=candidate
2026-07-02 17:51:14 - matching_padroncharcas - DEBUG -     gz_id=1004128 'tlalcuapan' score=1.000 nombre=False saint_only=True terr= phase=candidate
2026-07-02 17:51:14 - matching_padroncharcas - DEBUG -     gz_id=1004128 'tlalcuapan' score=1.000 nombre=False saint_only=True terr= phase=candidate
2026-07-02 17:51:14 - matching_padroncharcas - DEBUG -     gz_id=1004128 'tlalcuapan' score=1.000 nombre=False saint_only=True terr= phase=candidate
2026-07-02 17:51:14 - matching_padroncharcas - DEBUG -     gz_id=1004161 'oteapan' score=1.000 nombre=False saint_only=True terr= phase=candidate
2026-07-02 17:51:14 - matching_padroncharcas - DEBUG -     gz_id=1004161 'oteapan' score=1.000 nombre=False saint_only=True terr= phase=candidate
2026-07-02 17:51:14 - matching_padroncharcas - DEBUG -     gz_id=1004177 'ixhuatlan' score=1.000 nombre=False saint_only=True terr= phase=candidate
2026-07-02 17:51:14 - matching_padroncharcas - DEBUG -     gz_id=1004177 'ixhuatlan' score=1.000 nombre=False saint_only=True terr= phase=candidate
2026-07-02 17:51:14 - matching_padroncharcas - DEBUG -     gz_id=1004184 'acula' score=1.000 nombre=False saint_only=True terr= phase=candidate
2026-07-02 17:51:14 - matching_padroncharcas - DEBUG -     gz_id=1004184 'acula' score=1.000 nombre=False saint_only=True terr= phase=candidate
2026-07-02 17:51:14 - matching_padroncharcas - DEBUG -     gz_id=1004185 'amatlan' score=1.000 nombre=False saint_only=True terr= phase=candidate
2026-07-02 17:51:14 - matching_padroncharcas - DEBUG -     gz_id=1004185 'amatlan' score=1.000 nombre=False saint_only=True terr= phase=candidate
2026-07-02 17:51:14 - matching_padroncharcas - DEBUG -     gz_id=1004204 'maltrata' score=1.000 nombre=False saint_only=True terr= phase=candidate
2026-07-02 17:51:14 - matching_padroncharcas - DEBUG -     gz_id=1004204 'maltrata' score=1.000 nombre=False saint_only=True terr= phase=candidate
2026-07-02 17:51:14 - matching_padroncharcas - DEBUG -     gz_id=1004211 'tequila' score=1.000 nombre=False saint_only=True terr= phase=candidate
2026-07-02 17:51:14 - matching_padroncharcas - DEBUG -     gz_id=1004211 'tequila' score=1.000 nombre=False saint_only=True terr= phase=candidate
2026-07-02 17:51:14 - matching_padroncharcas - DEBUG -     gz_id=1004235 'coiutla' score=1.000 nombre=False saint_only=True terr= phase=candidate
2026-07-02 17:51:14 - matching_padroncharcas - DEBUG -     gz_id=1004235 'coiutla' score=1.000 nombre=False saint_only=True terr= phase=candidate
2026-07-02 17:51:14 - matching_padroncharcas - DEBUG -     gz_id=1004244 'cotaxtla' score=1.000 nombre=False saint_only=True terr= phase=candidate
2026-07-02 17:51:14 - matching_padroncharcas - DEBUG -     gz_id=1004244 'cotaxtla' score=1.000 nombre=False saint_only=True terr= phase=candidate
2026-07-02 17:51:14 - matching_padroncharcas - DEBUG -     gz_id=1004244 'cotaxtla' score=1.000 nombre=False saint_only=True terr= phase=candidate
2026-07-02 17:51:14 - matching_padroncharcas - DEBUG -     gz_id=1004244 'cotaxtla' score=1.000 nombre=False saint_only=True terr= phase=candidate
2026-07-02 17:51:14 - matching_padroncharcas - DEBUG -     gz_id=1004285 'chiconquiaco' score=1.000 nombre=False saint_only=True terr= phase=candidate
2026-07-02 17:51:14 - matching_padroncharcas - DEBUG -     gz_id=1004285 'chiconquiaco' score=1.000 nombre=False saint_only=True terr= phase=candidate
2026-07-02 17:51:14 - matching_padroncharcas - DEBUG -     gz_id=1004298 'tatatila' score=1.000 nombre=False saint_only=True terr= phase=candidate
2026-07-02 17:51:14 - matching_padroncharcas - DEBUG -     gz_id=1004298 'tatatila' score=1.000 nombre=False saint_only=True terr= phase=candidate
2026-07-02 17:51:14 - matching_padroncharcas - DEBUG -     gz_id=1004304 'tonaian' score=1.000 nombre=False saint_only=True terr= phase=candidate
2026-07-02 17:51:14 - matching_padroncharcas - DEBUG -     gz_id=1004304 'tonaian' score=1.000 nombre=False saint_only=True terr= phase=candidate
2026-07-02 17:51:14 - matching_padroncharcas - DEBUG -     gz_id=1004323 'tiholop' score=1.000 nombre=False saint_only=True terr= phase=candidate
2026-07-02 17:51:14 - matching_padroncharcas - DEBUG -     gz_id=1004323 'tiholop' score=1.000 nombre=False saint_only=True terr= phase=candidate
2026-07-02 17:51:14 - matching_padroncharcas - DEBUG -     gz_id=1004323 'tiholop' score=1.000 nombre=False saint_only=True terr= phase=candidate
2026-07-02 17:51:14 - matching_padroncharcas - DEBUG -     gz_id=1004336 'huhi' score=1.000 nombre=False saint_only=True terr= phase=candidate
2026-07-02 17:51:14 - matching_padroncharcas - DEBUG -     gz_id=1004336 'huhi' score=1.000 nombre=False saint_only=True terr= phase=candidate
2026-07-02 17:51:14 - matching_padroncharcas - DEBUG -     gz_id=1004406 'samahil' score=1.000 nombre=False saint_only=True terr= phase=candidate
2026-07-02 17:51:14 - matching_padroncharcas - DEBUG -     gz_id=1004406 'samahil' score=1.000 nombre=False saint_only=True terr= phase=candidate
2026-07-02 17:51:14 - matching_padroncharcas - DEBUG -     gz_id=1004423 'cacalchen' score=1.000 nombre=False saint_only=True terr= phase=candidate
2026-07-02 17:51:14 - matching_padroncharcas - DEBUG -     gz_id=1004423 'cacalchen' score=1.000 nombre=False saint_only=True terr= phase=candidate
2026-07-02 17:51:14 - matching_padroncharcas - DEBUG -     gz_id=1004427 'cholul' score=1.000 nombre=False saint_only=True terr= phase=candidate
2026-07-02 17:51:14 - matching_padroncharcas - DEBUG -     gz_id=1004427 'cholul' score=1.000 nombre=False saint_only=True terr= phase=candidate
2026-07-02 17:51:14 - matching_padroncharcas - DEBUG -     gz_id=1004428 'citilcum' score=1.000 nombre=False saint_only=True terr= phase=candidate
2026-07-02 17:51:14 - matching_padroncharcas - DEBUG -     gz_id=1004428 'citilcum' score=1.000 nombre=False saint_only=True terr= phase=candidate
2026-07-02 17:51:14 - matching_padroncharcas - DEBUG -     gz_id=1004490 'teabo' score=1.000 nombre=False saint_only=True terr= phase=candidate
2026-07-02 17:51:14 - matching_padroncharcas - DEBUG -     gz_id=1004490 'teabo' score=1.000 nombre=False saint_only=True terr= phase=candidate
2026-07-02 17:51:14 - matching_padroncharcas - DEBUG -     gz_id=1004490 'teabo' score=1.000 nombre=False saint_only=True terr= phase=candidate
2026-07-02 17:51:14 - matching_padroncharcas - DEBUG -     gz_id=1004601 'susticacan' score=1.000 nombre=False saint_only=True terr= phase=candidate
2026-07-02 17:51:14 - matching_padroncharcas - DEBUG -     gz_id=1004601 'susticacan' score=1.000 nombre=False saint_only=True terr= phase=candidate
2026-07-02 17:51:14 - matching_padroncharcas - DEBUG -     gz_id=1004601 'susticacan' score=1.000 nombre=False saint_only=True terr= phase=candidate
2026-07-02 17:51:14 - matching_padroncharcas - DEBUG -     gz_id=1004624 'san pedro' score=1.000 nombre=True saint_only=False terr= phase=auto_adopt
2026-07-02 17:51:14 - matching_padroncharcas - DEBUG -     gz_id=1004624 'san pedro' score=1.000 nombre=True saint_only=False terr= phase=auto_adopt
2026-07-02 17:51:14 - matching_padroncharcas - DEBUG -     gz_id=1004624 'san pedro' score=1.000 nombre=True saint_only=False terr= phase=auto_adopt
2026-07-02 17:51:14 - matching_padroncharcas - DEBUG -     gz_id=1004737 'san pedro martir' score=1.000 nombre=False saint_only=True terr= phase=candidate
2026-07-02 17:51:14 - matching_padroncharcas - DEBUG -     gz_id=1004737 'san pedro martir' score=1.000 nombre=False saint_only=True terr= phase=candidate
2026-07-02 17:51:14 - matching_padroncharcas - DEBUG -     gz_id=1004876 'analco' score=1.000 nombre=False saint_only=True terr= phase=candidate
2026-07-02 17:51:14 - matching_padroncharcas - DEBUG -     gz_id=1004876 'analco' score=1.000 nombre=False saint_only=True terr= phase=candidate
2026-07-02 17:51:14 - matching_padroncharcas - DEBUG -     gz_id=1004907 'pitic' score=1.000 nombre=False saint_only=True terr= phase=candidate
2026-07-02 17:51:14 - matching_padroncharcas - DEBUG -     gz_id=1004907 'pitic' score=1.000 nombre=False saint_only=True terr= phase=candidate
2026-07-02 17:51:14 - matching_padroncharcas - DEBUG -     gz_id=1004907 'pitic' score=1.000 nombre=False saint_only=True terr= phase=candidate
2026-07-02 17:51:14 - matching_padroncharcas - DEBUG -     gz_id=1004907 'pitic' score=1.000 nombre=False saint_only=True terr= phase=candidate
2026-07-02 17:51:14 - matching_padroncharcas - DEBUG -     gz_id=1004907 'pitic' score=1.000 nombre=False saint_only=True terr= phase=candidate
2026-07-02 17:51:14 - matching_padroncharcas - DEBUG -     gz_id=1004907 'pitic' score=1.000 nombre=False saint_only=True terr= phase=candidate
2026-07-02 17:51:14 - matching_padroncharcas - DEBUG -     gz_id=1004978 'tanlacun' score=1.000 nombre=False saint_only=True terr= phase=candidate
2026-07-02 17:51:14 - matching_padroncharcas - DEBUG -     gz_id=1004978 'tanlacun' score=1.000 nombre=False saint_only=True terr= phase=candidate
2026-07-02 17:51:14 - matching_padroncharcas - DEBUG -     gz_id=1005028 'hernandes' score=1.000 nombre=False saint_only=True terr= phase=candidate
2026-07-02 17:51:14 - matching_padroncharcas - DEBUG -     gz_id=1005028 'hernandes' score=1.000 nombre=False saint_only=True terr= phase=candidate
2026-07-02 17:51:14 - matching_padroncharcas - DEBUG -     gz_id=1005028 'hernandes' score=1.000 nombre=False saint_only=True terr= phase=candidate
2026-07-02 17:51:14 - matching_padroncharcas - DEBUG -     gz_id=1005033 'balle san pedro' score=1.000 nombre=False saint_only=True terr= phase=candidate
2026-07-02 17:51:14 - matching_padroncharcas - DEBUG -     gz_id=1005033 'balle san pedro' score=1.000 nombre=False saint_only=True terr= phase=candidate
2026-07-02 17:51:14 - matching_padroncharcas - DEBUG -     gz_id=1005033 'balle san pedro' score=1.000 nombre=False saint_only=True terr= phase=candidate
2026-07-02 17:51:14 - matching_padroncharcas - DEBUG -     gz_id=1005033 'balle san pedro' score=1.000 nombre=False saint_only=True terr= phase=candidate
2026-07-02 17:51:14 - matching_padroncharcas - DEBUG -     gz_id=1005079 'chalchihuite' score=1.000 nombre=False saint_only=True terr= phase=candidate
2026-07-02 17:51:14 - matching_padroncharcas - DEBUG -     gz_id=1005079 'chalchihuite' score=1.000 nombre=False saint_only=True terr= phase=candidate
2026-07-02 17:51:14 - matching_padroncharcas - DEBUG -     gz_id=1005105 'namiquipa' score=1.000 nombre=False saint_only=True terr= phase=candidate
2026-07-02 17:51:14 - matching_padroncharcas - DEBUG -     gz_id=1005105 'namiquipa' score=1.000 nombre=False saint_only=True terr= phase=candidate
2026-07-02 17:51:14 - matching_padroncharcas - DEBUG -     gz_id=1005105 'namiquipa' score=1.000 nombre=False saint_only=True terr= phase=candidate
2026-07-02 17:51:14 - matching_padroncharcas - DEBUG -     gz_id=1005105 'namiquipa' score=1.000 nombre=False saint_only=True terr= phase=candidate
2026-07-02 17:51:14 - matching_padroncharcas - DEBUG -     gz_id=1005105 'namiquipa' score=1.000 nombre=False saint_only=True terr= phase=candidate
2026-07-02 17:51:14 - matching_padroncharcas - DEBUG -     gz_id=1005109 'gallo' score=1.000 nombre=False saint_only=True terr= phase=candidate
2026-07-02 17:51:14 - matching_padroncharcas - DEBUG -     gz_id=1005109 'gallo' score=1.000 nombre=False saint_only=True terr= phase=candidate
2026-07-02 17:51:14 - matching_padroncharcas - DEBUG -     gz_id=1005109 'gallo' score=1.000 nombre=False saint_only=True terr= phase=candidate
2026-07-02 17:51:14 - matching_padroncharcas - DEBUG -     gz_id=1005109 'gallo' score=1.000 nombre=False saint_only=True terr= phase=candidate
2026-07-02 17:51:14 - matching_padroncharcas - DEBUG -     gz_id=1005157 'san pedro conchos' score=1.000 nombre=False saint_only=True terr= phase=candidate
2026-07-02 17:51:14 - matching_padroncharcas - DEBUG -     gz_id=1005157 'san pedro conchos' score=1.000 nombre=False saint_only=True terr= phase=candidate
2026-07-02 17:51:14 - matching_padroncharcas - DEBUG -     gz_id=1005157 'san pedro conchos' score=1.000 nombre=False saint_only=True terr= phase=candidate
2026-07-02 17:51:14 - matching_padroncharcas - DEBUG -     gz_id=1005157 'san pedro conchos' score=1.000 nombre=False saint_only=True terr= phase=candidate
2026-07-02 17:51:14 - matching_padroncharcas - DEBUG -     gz_id=1005157 'san pedro conchos' score=1.000 nombre=False saint_only=True terr= phase=candidate
2026-07-02 17:51:14 - matching_padroncharcas - DEBUG -     gz_id=1005161 'patos' score=1.000 nombre=False saint_only=True terr= phase=candidate
2026-07-02 17:51:14 - matching_padroncharcas - DEBUG -     gz_id=1005161 'patos' score=1.000 nombre=False saint_only=True terr= phase=candidate
2026-07-02 17:51:14 - matching_padroncharcas - DEBUG -     gz_id=1005161 'patos' score=1.000 nombre=False saint_only=True terr= phase=candidate
2026-07-02 17:51:14 - matching_padroncharcas - DEBUG -     gz_id=1005304 'san pedro real biejo' score=1.000 nombre=False saint_only=True terr= phase=candidate
2026-07-02 17:51:14 - matching_padroncharcas - DEBUG -     gz_id=1005304 'san pedro real biejo' score=1.000 nombre=False saint_only=True terr= phase=candidate
2026-07-02 17:51:14 - matching_padroncharcas - DEBUG -     gz_id=1005307 'san pedro' score=1.000 nombre=True saint_only=False terr= phase=auto_adopt
2026-07-02 17:51:14 - matching_padroncharcas - DEBUG -     gz_id=1005307 'san pedro' score=1.000 nombre=True saint_only=False terr= phase=auto_adopt
2026-07-02 17:51:14 - matching_padroncharcas - DEBUG -     gz_id=1005446 'cuchillo parado' score=1.000 nombre=False saint_only=True terr= phase=candidate
2026-07-02 17:51:14 - matching_padroncharcas - DEBUG -     gz_id=1005446 'cuchillo parado' score=1.000 nombre=False saint_only=True terr= phase=candidate
2026-07-02 17:51:14 - matching_padroncharcas - DEBUG -     gz_id=1005446 'cuchillo parado' score=1.000 nombre=False saint_only=True terr= phase=candidate
2026-07-02 17:51:14 - matching_padroncharcas - DEBUG -     gz_id=1005446 'cuchillo parado' score=1.000 nombre=False saint_only=True terr= phase=candidate
2026-07-02 17:51:14 - matching_padroncharcas - DEBUG -     gz_id=1005446 'cuchillo parado' score=1.000 nombre=False saint_only=True terr= phase=candidate
2026-07-02 17:51:14 - matching_padroncharcas - DEBUG -     gz_id=1005446 'cuchillo parado' score=1.000 nombre=False saint_only=True terr= phase=candidate
2026-07-02 17:51:14 - matching_padroncharcas - DEBUG -     gz_id=1005526 'jijedo' score=1.000 nombre=False saint_only=True terr= phase=candidate
2026-07-02 17:51:14 - matching_padroncharcas - DEBUG -     gz_id=1005526 'jijedo' score=1.000 nombre=False saint_only=True terr= phase=candidate
2026-07-02 17:51:14 - matching_padroncharcas - DEBUG -     gz_id=2000041 'chenalho' score=1.000 nombre=False saint_only=True terr= phase=candidate
2026-07-02 17:51:14 - matching_padroncharcas - DEBUG -     gz_id=2000041 'chenalho' score=1.000 nombre=False saint_only=True terr= phase=candidate
2026-07-02 17:51:14 - matching_padroncharcas - DEBUG -     gz_id=2000041 'chenalho' score=1.000 nombre=False saint_only=True terr= phase=candidate
2026-07-02 17:51:14 - matching_padroncharcas - DEBUG -     gz_id=2000043 'chiapilla' score=1.000 nombre=False saint_only=True terr= phase=candidate
2026-07-02 17:51:14 - matching_padroncharcas - DEBUG -     gz_id=2000043 'chiapilla' score=1.000 nombre=False saint_only=True terr= phase=candidate
2026-07-02 17:51:14 - matching_padroncharcas - DEBUG -     gz_id=2000043 'chiapilla' score=1.000 nombre=False saint_only=True terr= phase=candidate
2026-07-02 17:51:14 - matching_padroncharcas - DEBUG -     gz_id=2000046 'chicomucelo' score=1.000 nombre=False saint_only=True terr= phase=candidate
2026-07-02 17:51:14 - matching_padroncharcas - DEBUG -     gz_id=2000046 'chicomucelo' score=1.000 nombre=False saint_only=True terr= phase=candidate
2026-07-02 17:51:14 - matching_padroncharcas - DEBUG -     gz_id=2000056 'huehuetan' score=1.000 nombre=False saint_only=True terr= phase=candidate
2026-07-02 17:51:14 - matching_padroncharcas - DEBUG -     gz_id=2000056 'huehuetan' score=1.000 nombre=False saint_only=True terr= phase=candidate
2026-07-02 17:51:14 - matching_padroncharcas - DEBUG -     gz_id=2000059 'san pedro huitiupan' score=1.000 nombre=False saint_only=True terr= phase=candidate
2026-07-02 17:51:14 - matching_padroncharcas - DEBUG -     gz_id=2000059 'san pedro huitiupan' score=1.000 nombre=False saint_only=True terr= phase=candidate
2026-07-02 17:51:14 - matching_padroncharcas - DEBUG -     gz_id=2000059 'san pedro huitiupan' score=1.000 nombre=False saint_only=True terr= phase=candidate
2026-07-02 17:51:14 - matching_padroncharcas - DEBUG -     gz_id=2000067 'mapastepec' score=1.000 nombre=False saint_only=True terr= phase=candidate
2026-07-02 17:51:14 - matching_padroncharcas - DEBUG -     gz_id=2000067 'mapastepec' score=1.000 nombre=False saint_only=True terr= phase=candidate
2026-07-02 17:51:14 - matching_padroncharcas - DEBUG -     gz_id=2000137 'carcha' score=1.000 nombre=False saint_only=True terr= phase=candidate
2026-07-02 17:51:14 - matching_padroncharcas - DEBUG -     gz_id=2000143 'rabinal' score=1.000 nombre=False saint_only=True terr= phase=candidate
2026-07-02 17:51:14 - matching_padroncharcas - DEBUG -     gz_id=2000152 'sacapa' score=1.000 nombre=False saint_only=True terr= phase=candidate
2026-07-02 17:51:14 - matching_padroncharcas - DEBUG -     gz_id=2000152 'sacapa' score=1.000 nombre=False saint_only=True terr= phase=candidate
2026-07-02 17:51:14 - matching_padroncharcas - DEBUG -     gz_id=2000152 'sacapa' score=1.000 nombre=False saint_only=True terr= phase=candidate
2026-07-02 17:51:14 - matching_padroncharcas - DEBUG -     gz_id=2000152 'sacapa' score=1.000 nombre=False saint_only=True terr= phase=candidate
2026-07-02 17:51:14 - matching_padroncharcas - DEBUG -     gz_id=2000160 'soloma' score=1.000 nombre=False saint_only=True terr= phase=candidate
2026-07-02 17:51:14 - matching_padroncharcas - DEBUG -     gz_id=2000178 'san pedro sacatepeques' score=1.000 nombre=False saint_only=True terr= phase=candidate
2026-07-02 17:51:14 - matching_padroncharcas - DEBUG -     gz_id=2000191 'jocopilas' score=1.000 nombre=False saint_only=True terr= phase=candidate
2026-07-02 17:51:14 - matching_padroncharcas - DEBUG -     gz_id=2000195 'san pedro lahuna' score=1.000 nombre=False saint_only=True terr= phase=candidate
2026-07-02 17:51:14 - matching_padroncharcas - DEBUG -     gz_id=2000211 'san pedro sacatepeques' score=1.000 nombre=False saint_only=True terr= phase=candidate
2026-07-02 17:51:14 - matching_padroncharcas - DEBUG -     gz_id=2000211 'san pedro sacatepeques' score=1.000 nombre=False saint_only=True terr= phase=candidate
2026-07-02 17:51:14 - matching_padroncharcas - DEBUG -     gz_id=2000224 'matapas' score=1.000 nombre=False saint_only=True terr= phase=candidate
2026-07-02 17:51:14 - matching_padroncharcas - DEBUG -     gz_id=2000224 'matapas' score=1.000 nombre=False saint_only=True terr= phase=candidate
2026-07-02 17:51:14 - matching_padroncharcas - DEBUG -     gz_id=2000224 'matapas' score=1.000 nombre=False saint_only=True terr= phase=candidate
2026-07-02 17:51:14 - matching_padroncharcas - DEBUG -     gz_id=2000234 'masahua' score=1.000 nombre=False saint_only=True terr= phase=candidate
2026-07-02 17:51:14 - matching_padroncharcas - DEBUG -     gz_id=2000234 'masahua' score=1.000 nombre=False saint_only=True terr= phase=candidate
2026-07-02 17:51:14 - matching_padroncharcas - DEBUG -     gz_id=2000246 'san pedro sula' score=1.000 nombre=False saint_only=True terr= phase=candidate
2026-07-02 17:51:14 - matching_padroncharcas - DEBUG -     gz_id=2000246 'san pedro sula' score=1.000 nombre=False saint_only=True terr= phase=candidate
2026-07-02 17:51:14 - matching_padroncharcas - DEBUG -     gz_id=2000246 'san pedro sula' score=1.000 nombre=False saint_only=True terr= phase=candidate
2026-07-02 17:51:14 - matching_padroncharcas - DEBUG -     gz_id=2000250 'iorito' score=1.000 nombre=False saint_only=True terr= phase=candidate
2026-07-02 17:51:14 - matching_padroncharcas - DEBUG -     gz_id=2000250 'iorito' score=1.000 nombre=False saint_only=True terr= phase=candidate
2026-07-02 17:51:14 - matching_padroncharcas - DEBUG -     gz_id=2000250 'iorito' score=1.000 nombre=False saint_only=True terr= phase=candidate
2026-07-02 17:51:14 - matching_padroncharcas - DEBUG -     gz_id=2000270 'ahuacatepeque' score=1.000 nombre=False saint_only=True terr= phase=candidate
2026-07-02 17:51:14 - matching_padroncharcas - DEBUG -     gz_id=2000270 'ahuacatepeque' score=1.000 nombre=False saint_only=True terr= phase=candidate
2026-07-02 17:51:14 - matching_padroncharcas - DEBUG -     gz_id=2000279 'chipilapa' score=1.000 nombre=False saint_only=True terr= phase=candidate
2026-07-02 17:51:14 - matching_padroncharcas - DEBUG -     gz_id=2000330 'sacapa' score=1.000 nombre=False saint_only=True terr= phase=candidate
2026-07-02 17:51:14 - matching_padroncharcas - DEBUG -     gz_id=2000330 'sacapa' score=1.000 nombre=False saint_only=True terr= phase=candidate
2026-07-02 17:51:14 - matching_padroncharcas - DEBUG -     gz_id=2000330 'sacapa' score=1.000 nombre=False saint_only=True terr= phase=candidate
2026-07-02 17:51:14 - matching_padroncharcas - DEBUG -     gz_id=2000339 'necta' score=1.000 nombre=False saint_only=True terr= phase=candidate
2026-07-02 17:51:14 - matching_padroncharcas - DEBUG -     gz_id=2000364 'almolonga' score=1.000 nombre=False saint_only=True terr= phase=candidate
2026-07-02 17:51:14 - matching_padroncharcas - DEBUG -     gz_id=2000416 'iepocapa' score=1.000 nombre=False saint_only=True terr= phase=candidate
2026-07-02 17:51:14 - matching_padroncharcas - DEBUG -     gz_id=2000416 'iepocapa' score=1.000 nombre=False saint_only=True terr= phase=candidate
2026-07-02 17:51:14 - matching_padroncharcas - DEBUG -     gz_id=2000424 'coatepeque' score=1.000 nombre=False saint_only=True terr= phase=candidate
2026-07-02 17:51:14 - matching_padroncharcas - DEBUG -     gz_id=2000424 'coatepeque' score=1.000 nombre=False saint_only=True terr= phase=candidate
2026-07-02 17:51:14 - matching_padroncharcas - DEBUG -     gz_id=2000438 'teotepeque' score=1.000 nombre=False saint_only=True terr= phase=candidate
2026-07-02 17:51:14 - matching_padroncharcas - DEBUG -     gz_id=2000438 'teotepeque' score=1.000 nombre=False saint_only=True terr= phase=candidate
2026-07-02 17:51:14 - matching_padroncharcas - DEBUG -     gz_id=2000452 'san pedro nonualco' score=1.000 nombre=False saint_only=True terr= phase=candidate
2026-07-02 17:51:14 - matching_padroncharcas - DEBUG -     gz_id=2000452 'san pedro nonualco' score=1.000 nombre=False saint_only=True terr= phase=candidate
2026-07-02 17:51:14 - matching_padroncharcas - DEBUG -     gz_id=2000470 'san pedro perulapa' score=1.000 nombre=False saint_only=True terr= phase=candidate
2026-07-02 17:51:14 - matching_padroncharcas - DEBUG -     gz_id=2000470 'san pedro perulapa' score=1.000 nombre=False saint_only=True terr= phase=candidate
2026-07-02 17:51:14 - matching_padroncharcas - DEBUG -     gz_id=2000477 'chiconhuejar' score=1.000 nombre=False saint_only=True terr= phase=candidate
2026-07-02 17:51:14 - matching_padroncharcas - DEBUG -     gz_id=2000477 'chiconhuejar' score=1.000 nombre=False saint_only=True terr= phase=candidate
2026-07-02 17:51:14 - matching_padroncharcas - DEBUG -     gz_id=2000484 'tecapa' score=1.000 nombre=False saint_only=True terr= phase=candidate
2026-07-02 17:51:14 - matching_padroncharcas - DEBUG -     gz_id=2000484 'tecapa' score=1.000 nombre=False saint_only=True terr= phase=candidate
2026-07-02 17:51:14 - matching_padroncharcas - DEBUG -     gz_id=2000485 'moncahua' score=1.000 nombre=False saint_only=True terr= phase=candidate
2026-07-02 17:51:14 - matching_padroncharcas - DEBUG -     gz_id=2000485 'moncahua' score=1.000 nombre=False saint_only=True terr= phase=candidate
2026-07-02 17:51:14 - matching_padroncharcas - DEBUG -     gz_id=2000494 'cacahuatique' score=1.000 nombre=False saint_only=True terr= phase=candidate
2026-07-02 17:51:14 - matching_padroncharcas - DEBUG -     gz_id=2000494 'cacahuatique' score=1.000 nombre=False saint_only=True terr= phase=candidate
2026-07-02 17:51:14 - matching_padroncharcas - DEBUG -     gz_id=2000496 'cencembla' score=1.000 nombre=False saint_only=True terr= phase=candidate
2026-07-02 17:51:14 - matching_padroncharcas - DEBUG -     gz_id=2000496 'cencembla' score=1.000 nombre=False saint_only=True terr= phase=candidate
2026-07-02 17:51:14 - matching_padroncharcas - DEBUG -     gz_id=2000499 'uluasapa' score=1.000 nombre=False saint_only=True terr= phase=candidate
2026-07-02 17:51:14 - matching_padroncharcas - DEBUG -     gz_id=2000499 'uluasapa' score=1.000 nombre=False saint_only=True terr= phase=candidate
2026-07-02 17:51:14 - matching_padroncharcas - DEBUG -     gz_id=2000725 'huepetahua' score=1.000 nombre=False saint_only=True terr= phase=candidate
2026-07-02 17:51:14 - matching_padroncharcas - DEBUG -     gz_id=2000725 'huepetahua' score=1.000 nombre=False saint_only=True terr= phase=candidate
2026-07-02 17:51:14 - matching_padroncharcas - DEBUG -     gz_id=2000735 'pinula' score=1.000 nombre=False saint_only=True terr= phase=candidate
2026-07-02 17:51:14 - matching_padroncharcas - DEBUG -     gz_id=2000735 'pinula' score=1.000 nombre=False saint_only=True terr= phase=candidate
2026-07-02 17:51:14 - matching_padroncharcas - DEBUG -     gz_id=2000744 'san pedro huertas' score=1.000 nombre=False saint_only=True terr= phase=candidate
2026-07-02 17:51:14 - matching_padroncharcas - DEBUG -     gz_id=2000744 'san pedro huertas' score=1.000 nombre=False saint_only=True terr= phase=candidate
2026-07-02 17:51:14 - matching_padroncharcas - DEBUG -     gz_id=2000744 'san pedro huertas' score=1.000 nombre=False saint_only=True terr= phase=candidate
2026-07-02 17:51:14 - matching_padroncharcas - DEBUG -     gz_id=2000759 'pustla' score=1.000 nombre=False saint_only=True terr= phase=candidate
2026-07-02 17:51:14 - matching_padroncharcas - DEBUG -     gz_id=2000814 'san pedro martir' score=1.000 nombre=False saint_only=True terr= phase=candidate
2026-07-02 17:51:14 - matching_padroncharcas - DEBUG -     gz_id=2000814 'san pedro martir' score=1.000 nombre=False saint_only=True terr= phase=candidate
2026-07-02 17:51:14 - matching_padroncharcas - DEBUG -     gz_id=2000864 'amatique' score=1.000 nombre=False saint_only=True terr= phase=candidate
2026-07-02 17:51:14 - matching_padroncharcas - DEBUG -     gz_id=3000026 'san pedro' score=1.000 nombre=True saint_only=False terr= phase=auto_adopt
2026-07-02 17:51:14 - matching_padroncharcas - DEBUG -     gz_id=3000026 'san pedro' score=1.000 nombre=True saint_only=False terr= phase=auto_adopt
2026-07-02 17:51:14 - matching_padroncharcas - DEBUG -     gz_id=3000026 'san pedro' score=1.000 nombre=True saint_only=False terr= phase=auto_adopt
2026-07-02 17:51:14 - matching_padroncharcas - DEBUG -     gz_id=3000026 'san pedro' score=1.000 nombre=True saint_only=False terr= phase=auto_adopt
2026-07-02 17:51:14 - matching_padroncharcas - DEBUG -     gz_id=3000026 'san pedro' score=1.000 nombre=True saint_only=False terr= phase=auto_adopt
2026-07-02 17:51:14 - matching_padroncharcas - DEBUG -     gz_id=3000026 'san pedro' score=1.000 nombre=True saint_only=False terr= phase=auto_adopt
2026-07-02 17:51:14 - matching_padroncharcas - DEBUG -     gz_id=3000153 'potohiriba' score=1.000 nombre=False saint_only=True terr= phase=candidate
2026-07-02 17:51:14 - matching_padroncharcas - DEBUG -     gz_id=3000162 'patali' score=1.000 nombre=False saint_only=True terr= phase=candidate
2026-07-02 17:51:14 - matching_padroncharcas - DEBUG -     gz_id=3000163 'capoli' score=1.000 nombre=False saint_only=True terr= phase=candidate
2026-07-02 17:51:14 - matching_padroncharcas - DEBUG -     gz_id=3000192 'huainabo' score=1.000 nombre=False saint_only=True terr= phase=candidate
2026-07-02 17:51:14 - matching_padroncharcas - DEBUG -     gz_id=3000192 'huainabo' score=1.000 nombre=False saint_only=True terr= phase=candidate
2026-07-02 17:51:14 - matching_padroncharcas - DEBUG -     gz_id=3000192 'huainabo' score=1.000 nombre=False saint_only=True terr= phase=candidate
2026-07-02 17:51:14 - matching_padroncharcas - DEBUG -     gz_id=3000355 'san pedro' score=1.000 nombre=True saint_only=False terr= phase=auto_adopt
2026-07-02 17:51:14 - matching_padroncharcas - DEBUG -     gz_id=3000355 'san pedro' score=1.000 nombre=True saint_only=False terr= phase=auto_adopt
2026-07-02 17:51:14 - matching_padroncharcas - DEBUG -     gz_id=3000355 'san pedro' score=1.000 nombre=True saint_only=False terr= phase=auto_adopt
2026-07-02 17:51:14 - matching_padroncharcas - DEBUG -     gz_id=3000355 'san pedro' score=1.000 nombre=True saint_only=False terr= phase=auto_adopt
2026-07-02 17:51:14 - matching_padroncharcas - DEBUG -     gz_id=4000094 'maria' score=1.000 nombre=False saint_only=True terr= phase=candidate
2026-07-02 17:51:14 - matching_padroncharcas - DEBUG -     gz_id=4000094 'maria' score=1.000 nombre=False saint_only=True terr= phase=candidate
2026-07-02 17:51:14 - matching_padroncharcas - DEBUG -     gz_id=4000094 'maria' score=1.000 nombre=False saint_only=True terr= phase=candidate
2026-07-02 17:51:14 - matching_padroncharcas - DEBUG -     gz_id=4000094 'maria' score=1.000 nombre=False saint_only=True terr= phase=candidate
2026-07-02 17:51:14 - matching_padroncharcas - DEBUG -     gz_id=4000094 'maria' score=1.000 nombre=False saint_only=True terr= phase=candidate
2026-07-02 17:51:14 - matching_padroncharcas - DEBUG -     gz_id=4000173 'calbario' score=1.000 nombre=False saint_only=True terr= phase=candidate
2026-07-02 17:51:14 - matching_padroncharcas - DEBUG -     gz_id=4000173 'calbario' score=1.000 nombre=False saint_only=True terr= phase=candidate
2026-07-02 17:51:14 - matching_padroncharcas - DEBUG -     gz_id=4000173 'calbario' score=1.000 nombre=False saint_only=True terr= phase=candidate
2026-07-02 17:51:14 - matching_padroncharcas - DEBUG -     gz_id=4000173 'calbario' score=1.000 nombre=False saint_only=True terr= phase=candidate
2026-07-02 17:51:14 - matching_padroncharcas - DEBUG -     gz_id=4000173 'calbario' score=1.000 nombre=False saint_only=True terr= phase=candidate
2026-07-02 17:51:14 - matching_padroncharcas - DEBUG -     gz_id=4000191 'san pedro altos' score=1.000 nombre=False saint_only=True terr= phase=candidate
2026-07-02 17:51:14 - matching_padroncharcas - DEBUG -     gz_id=4000191 'san pedro altos' score=1.000 nombre=False saint_only=True terr= phase=candidate
2026-07-02 17:51:14 - matching_padroncharcas - DEBUG -     gz_id=4000191 'san pedro altos' score=1.000 nombre=False saint_only=True terr= phase=candidate
2026-07-02 17:51:14 - matching_padroncharcas - DEBUG -     gz_id=4000191 'san pedro altos' score=1.000 nombre=False saint_only=True terr= phase=candidate
2026-07-02 17:51:14 - matching_padroncharcas - DEBUG -     gz_id=4000191 'san pedro altos' score=1.000 nombre=False saint_only=True terr= phase=candidate
2026-07-02 17:51:14 - matching_padroncharcas - DEBUG -     gz_id=4000191 'san pedro altos' score=1.000 nombre=False saint_only=True terr= phase=candidate
2026-07-02 17:51:14 - matching_padroncharcas - DEBUG -     gz_id=4000297 'san pedro bocas' score=1.000 nombre=False saint_only=True terr= phase=candidate
2026-07-02 17:51:14 - matching_padroncharcas - DEBUG -     gz_id=4000297 'san pedro bocas' score=1.000 nombre=False saint_only=True terr= phase=candidate
2026-07-02 17:51:14 - matching_padroncharcas - DEBUG -     gz_id=4000297 'san pedro bocas' score=1.000 nombre=False saint_only=True terr= phase=candidate
2026-07-02 17:51:14 - matching_padroncharcas - DEBUG -     gz_id=4000297 'san pedro bocas' score=1.000 nombre=False saint_only=True terr= phase=candidate
2026-07-02 17:51:14 - matching_padroncharcas - DEBUG -     gz_id=4000387 'rincon' score=1.000 nombre=False saint_only=True terr= phase=candidate
2026-07-02 17:51:14 - matching_padroncharcas - DEBUG -     gz_id=4000387 'rincon' score=1.000 nombre=False saint_only=True terr= phase=candidate
2026-07-02 17:51:14 - matching_padroncharcas - DEBUG -     gz_id=4000387 'rincon' score=1.000 nombre=False saint_only=True terr= phase=candidate
2026-07-02 17:51:14 - matching_padroncharcas - DEBUG -     gz_id=4000387 'rincon' score=1.000 nombre=False saint_only=True terr= phase=candidate
2026-07-02 17:51:14 - matching_padroncharcas - DEBUG -     gz_id=4000387 'rincon' score=1.000 nombre=False saint_only=True terr= phase=candidate
2026-07-02 17:51:14 - matching_padroncharcas - DEBUG -     gz_id=4000387 'rincon' score=1.000 nombre=False saint_only=True terr= phase=candidate
2026-07-02 17:51:14 - matching_padroncharcas - DEBUG -     gz_id=4000387 'rincon' score=1.000 nombre=False saint_only=True terr= phase=candidate
2026-07-02 17:51:14 - matching_padroncharcas - DEBUG -     gz_id=4000387 'rincon' score=1.000 nombre=False saint_only=True terr= phase=candidate
2026-07-02 17:51:14 - matching_padroncharcas - DEBUG -     gz_id=4000511 'san pedro candelaria' score=1.000 nombre=False saint_only=False terr= phase=candidate
2026-07-02 17:51:14 - matching_padroncharcas - DEBUG -     gz_id=4000511 'san pedro candelaria' score=1.000 nombre=False saint_only=False terr= phase=candidate
2026-07-02 17:51:14 - matching_padroncharcas - DEBUG -     gz_id=4000511 'san pedro candelaria' score=1.000 nombre=False saint_only=False terr= phase=candidate
2026-07-02 17:51:14 - matching_padroncharcas - DEBUG -     gz_id=4000511 'san pedro candelaria' score=1.000 nombre=False saint_only=False terr= phase=candidate
2026-07-02 17:51:14 - matching_padroncharcas - DEBUG -     gz_id=4000511 'san pedro candelaria' score=1.000 nombre=False saint_only=False terr= phase=candidate
2026-07-02 17:51:14 - matching_padroncharcas - DEBUG -     gz_id=4000565 'capacho' score=1.000 nombre=False saint_only=True terr= phase=candidate
2026-07-02 17:51:14 - matching_padroncharcas - DEBUG -     gz_id=4000565 'capacho' score=1.000 nombre=False saint_only=True terr= phase=candidate
2026-07-02 17:51:14 - matching_padroncharcas - DEBUG -     gz_id=4000565 'capacho' score=1.000 nombre=False saint_only=True terr= phase=candidate
2026-07-02 17:51:14 - matching_padroncharcas - DEBUG -     gz_id=4000565 'capacho' score=1.000 nombre=False saint_only=True terr= phase=candidate
2026-07-02 17:51:14 - matching_padroncharcas - DEBUG -     gz_id=4000565 'capacho' score=1.000 nombre=False saint_only=True terr= phase=candidate
2026-07-02 17:51:14 - matching_padroncharcas - DEBUG -     gz_id=4000565 'capacho' score=1.000 nombre=False saint_only=True terr= phase=candidate
2026-07-02 17:51:14 - matching_padroncharcas - DEBUG -     gz_id=4000565 'capacho' score=1.000 nombre=False saint_only=True terr= phase=candidate
2026-07-02 17:51:14 - matching_padroncharcas - DEBUG -     gz_id=4000571 'san pedro alcantara' score=1.000 nombre=False saint_only=True terr= phase=candidate
2026-07-02 17:51:14 - matching_padroncharcas - DEBUG -     gz_id=4000571 'san pedro alcantara' score=1.000 nombre=False saint_only=True terr= phase=candidate
2026-07-02 17:51:14 - matching_padroncharcas - DEBUG -     gz_id=4000571 'san pedro alcantara' score=1.000 nombre=False saint_only=True terr= phase=candidate
2026-07-02 17:51:14 - matching_padroncharcas - DEBUG -     gz_id=4000571 'san pedro alcantara' score=1.000 nombre=False saint_only=True terr= phase=candidate
2026-07-02 17:51:14 - matching_padroncharcas - DEBUG -     gz_id=4000622 'balle san pedro' score=1.000 nombre=False saint_only=True terr= phase=candidate
2026-07-02 17:51:14 - matching_padroncharcas - DEBUG -     gz_id=4000622 'balle san pedro' score=1.000 nombre=False saint_only=True terr= phase=candidate
2026-07-02 17:51:14 - matching_padroncharcas - DEBUG -     gz_id=4000622 'balle san pedro' score=1.000 nombre=False saint_only=True terr= phase=candidate
2026-07-02 17:51:14 - matching_padroncharcas - DEBUG -     gz_id=4000622 'balle san pedro' score=1.000 nombre=False saint_only=True terr= phase=candidate
2026-07-02 17:51:14 - matching_padroncharcas - DEBUG -     gz_id=4000622 'balle san pedro' score=1.000 nombre=False saint_only=True terr= phase=candidate
2026-07-02 17:51:14 - matching_padroncharcas - DEBUG -     gz_id=4000622 'balle san pedro' score=1.000 nombre=False saint_only=True terr= phase=candidate
2026-07-02 17:51:14 - matching_padroncharcas - DEBUG -     gz_id=4000622 'balle san pedro' score=1.000 nombre=False saint_only=True terr= phase=candidate
2026-07-02 17:51:14 - matching_padroncharcas - DEBUG -     gz_id=4000660 'jajo' score=1.000 nombre=False saint_only=True terr= phase=candidate
2026-07-02 17:51:14 - matching_padroncharcas - DEBUG -     gz_id=4000660 'jajo' score=1.000 nombre=False saint_only=True terr= phase=candidate
2026-07-02 17:51:14 - matching_padroncharcas - DEBUG -     gz_id=4000660 'jajo' score=1.000 nombre=False saint_only=True terr= phase=candidate
2026-07-02 17:51:14 - matching_padroncharcas - DEBUG -     gz_id=4000660 'jajo' score=1.000 nombre=False saint_only=True terr= phase=candidate
2026-07-02 17:51:14 - matching_padroncharcas - DEBUG -     gz_id=4000660 'jajo' score=1.000 nombre=False saint_only=True terr= phase=candidate
2026-07-02 17:51:14 - matching_padroncharcas - DEBUG -     gz_id=4000660 'jajo' score=1.000 nombre=False saint_only=True terr= phase=candidate
2026-07-02 17:51:14 - matching_padroncharcas - DEBUG -     gz_id=5000085 'san pedro' score=1.000 nombre=True saint_only=False terr= phase=auto_adopt
2026-07-02 17:51:14 - matching_padroncharcas - DEBUG -     gz_id=5000130 'sabaneta' score=1.000 nombre=False saint_only=True terr= phase=candidate
2026-07-02 17:51:14 - matching_padroncharcas - DEBUG -     gz_id=5000130 'sabaneta' score=1.000 nombre=False saint_only=True terr= phase=candidate
2026-07-02 17:51:14 - matching_padroncharcas - DEBUG -     gz_id=5000130 'sabaneta' score=1.000 nombre=False saint_only=True terr= phase=candidate
2026-07-02 17:51:14 - matching_padroncharcas - DEBUG -     gz_id=5000130 'sabaneta' score=1.000 nombre=False saint_only=True terr= phase=candidate
2026-07-02 17:51:14 - matching_padroncharcas - DEBUG -     gz_id=5000130 'sabaneta' score=1.000 nombre=False saint_only=True terr= phase=candidate
2026-07-02 17:51:14 - matching_padroncharcas - DEBUG -     gz_id=5000387 'pinon' score=1.000 nombre=False saint_only=True terr= phase=candidate
2026-07-02 17:51:14 - matching_padroncharcas - DEBUG -     gz_id=5000387 'pinon' score=1.000 nombre=False saint_only=True terr= phase=candidate
2026-07-02 17:51:14 - matching_padroncharcas - DEBUG -     gz_id=5000401 'san pedro' score=1.000 nombre=False saint_only=True terr= phase=candidate
2026-07-02 17:51:14 - matching_padroncharcas - DEBUG -     gz_id=5000401 'san pedro' score=1.000 nombre=False saint_only=True terr= phase=candidate
2026-07-02 17:51:14 - matching_padroncharcas - DEBUG -     gz_id=5000589 'tablada' score=1.000 nombre=False saint_only=True terr= phase=candidate
2026-07-02 17:51:14 - matching_padroncharcas - DEBUG -     gz_id=5000589 'tablada' score=1.000 nombre=False saint_only=True terr= phase=candidate
2026-07-02 17:51:14 - matching_padroncharcas - DEBUG -     gz_id=5000589 'tablada' score=1.000 nombre=False saint_only=True terr= phase=candidate
2026-07-02 17:51:14 - matching_padroncharcas - DEBUG -     gz_id=5000589 'tablada' score=1.000 nombre=False saint_only=True terr= phase=candidate
2026-07-02 17:51:14 - matching_padroncharcas - DEBUG -     gz_id=5000589 'tablada' score=1.000 nombre=False saint_only=True terr= phase=candidate
2026-07-02 17:51:14 - matching_padroncharcas - DEBUG -     gz_id=5000672 'maricuare' score=1.000 nombre=False saint_only=True terr= phase=candidate
2026-07-02 17:51:14 - matching_padroncharcas - DEBUG -     gz_id=5000706 'san pedro' score=1.000 nombre=False saint_only=True terr= phase=candidate
2026-07-02 17:51:14 - matching_padroncharcas - DEBUG -     gz_id=5000715 'sardinata' score=1.000 nombre=False saint_only=True terr= phase=candidate
2026-07-02 17:51:14 - matching_padroncharcas - DEBUG -     gz_id=5000715 'sardinata' score=1.000 nombre=False saint_only=True terr= phase=candidate
2026-07-02 17:51:14 - matching_padroncharcas - DEBUG -     gz_id=5000836 'salado' score=1.000 nombre=False saint_only=True terr= phase=candidate
2026-07-02 17:51:14 - matching_padroncharcas - DEBUG -     gz_id=5000836 'salado' score=1.000 nombre=False saint_only=True terr= phase=candidate
2026-07-02 17:51:14 - matching_padroncharcas - DEBUG -     gz_id=5000836 'salado' score=1.000 nombre=False saint_only=True terr= phase=candidate
2026-07-02 17:51:14 - matching_padroncharcas - DEBUG -     gz_id=5000836 'salado' score=1.000 nombre=False saint_only=True terr= phase=candidate
2026-07-02 17:51:14 - matching_padroncharcas - DEBUG -     gz_id=5600014 'riobamba' score=1.000 nombre=False saint_only=True terr= phase=candidate
2026-07-02 17:51:14 - matching_padroncharcas - DEBUG -     gz_id=5600014 'riobamba' score=1.000 nombre=False saint_only=True terr= phase=candidate
2026-07-02 17:51:14 - matching_padroncharcas - DEBUG -     gz_id=5600014 'riobamba' score=1.000 nombre=False saint_only=True terr= phase=candidate
2026-07-02 17:51:14 - matching_padroncharcas - DEBUG -     gz_id=5600293 'san pedro ahuarico' score=1.000 nombre=False saint_only=True terr= phase=candidate
2026-07-02 17:51:14 - matching_padroncharcas - DEBUG -     gz_id=5600293 'san pedro ahuarico' score=1.000 nombre=False saint_only=True terr= phase=candidate
2026-07-02 17:51:14 - matching_padroncharcas - DEBUG -     gz_id=5600364 'san pedro' score=1.000 nombre=True saint_only=False terr= phase=auto_adopt
2026-07-02 17:51:14 - matching_padroncharcas - DEBUG -     gz_id=5600364 'san pedro' score=1.000 nombre=True saint_only=False terr= phase=auto_adopt
2026-07-02 17:51:14 - matching_padroncharcas - DEBUG -     gz_id=5600364 'san pedro' score=1.000 nombre=True saint_only=False terr= phase=auto_adopt
2026-07-02 17:51:14 - matching_padroncharcas - DEBUG -     gz_id=5600364 'san pedro' score=1.000 nombre=True saint_only=False terr= phase=auto_adopt
2026-07-02 17:51:14 - matching_padroncharcas - DEBUG -     gz_id=5600364 'san pedro' score=1.000 nombre=True saint_only=False terr= phase=auto_adopt
2026-07-02 17:51:14 - matching_padroncharcas - DEBUG -     gz_id=5600404 'san pedro' score=1.000 nombre=True saint_only=False terr= phase=auto_adopt
2026-07-02 17:51:14 - matching_padroncharcas - DEBUG -     gz_id=5600404 'san pedro' score=1.000 nombre=True saint_only=False terr= phase=auto_adopt
2026-07-02 17:51:14 - matching_padroncharcas - DEBUG -     gz_id=5600404 'san pedro' score=1.000 nombre=True saint_only=False terr= phase=auto_adopt
2026-07-02 17:51:14 - matching_padroncharcas - DEBUG -     gz_id=5600404 'san pedro' score=1.000 nombre=True saint_only=False terr= phase=auto_adopt
2026-07-02 17:51:14 - matching_padroncharcas - DEBUG -     gz_id=5600404 'san pedro' score=1.000 nombre=True saint_only=False terr= phase=auto_adopt
2026-07-02 17:51:14 - matching_padroncharcas - DEBUG -     gz_id=5600458 'bendita' score=1.000 nombre=False saint_only=True terr= phase=candidate
2026-07-02 17:51:14 - matching_padroncharcas - DEBUG -     gz_id=5600458 'bendita' score=1.000 nombre=False saint_only=True terr= phase=candidate
2026-07-02 17:51:14 - matching_padroncharcas - DEBUG -     gz_id=5600458 'bendita' score=1.000 nombre=False saint_only=True terr= phase=candidate
2026-07-02 17:51:14 - matching_padroncharcas - DEBUG -     gz_id=5600458 'bendita' score=1.000 nombre=False saint_only=True terr= phase=candidate
2026-07-02 17:51:14 - matching_padroncharcas - DEBUG -     gz_id=5600531 'huanacas' score=1.000 nombre=False saint_only=True terr= phase=candidate
2026-07-02 17:51:14 - matching_padroncharcas - DEBUG -     gz_id=5600531 'huanacas' score=1.000 nombre=False saint_only=True terr= phase=candidate
2026-07-02 17:51:14 - matching_padroncharcas - DEBUG -     gz_id=5600532 'lajas' score=1.000 nombre=False saint_only=True terr= phase=candidate
2026-07-02 17:51:14 - matching_padroncharcas - DEBUG -     gz_id=5600532 'lajas' score=1.000 nombre=False saint_only=True terr= phase=candidate
2026-07-02 17:51:14 - matching_padroncharcas - DEBUG -     gz_id=5600532 'lajas' score=1.000 nombre=False saint_only=True terr= phase=candidate
2026-07-02 17:51:14 - matching_padroncharcas - DEBUG -     gz_id=5600669 'san pedro' score=1.000 nombre=True saint_only=False terr= phase=auto_adopt
2026-07-02 17:51:14 - matching_padroncharcas - DEBUG -     gz_id=5600669 'san pedro' score=1.000 nombre=True saint_only=False terr= phase=auto_adopt
2026-07-02 17:51:14 - matching_padroncharcas - DEBUG -     gz_id=5600669 'san pedro' score=1.000 nombre=True saint_only=False terr= phase=auto_adopt
2026-07-02 17:51:14 - matching_padroncharcas - DEBUG -     gz_id=5600669 'san pedro' score=1.000 nombre=True saint_only=False terr= phase=auto_adopt
2026-07-02 17:51:14 - matching_padroncharcas - DEBUG -     gz_id=5600832 'toboima' score=1.000 nombre=False saint_only=True terr= phase=candidate
2026-07-02 17:51:14 - matching_padroncharcas - DEBUG -     gz_id=5600832 'toboima' score=1.000 nombre=False saint_only=True terr= phase=candidate
2026-07-02 17:51:14 - matching_padroncharcas - DEBUG -     gz_id=5600832 'toboima' score=1.000 nombre=False saint_only=True terr= phase=candidate
2026-07-02 17:51:14 - matching_padroncharcas - DEBUG -     gz_id=5600832 'toboima' score=1.000 nombre=False saint_only=True terr= phase=candidate
2026-07-02 17:51:14 - matching_padroncharcas - DEBUG -     gz_id=6000104 'illomas' score=1.000 nombre=False saint_only=True terr= phase=candidate
2026-07-02 17:51:14 - matching_padroncharcas - DEBUG -     gz_id=6000104 'illomas' score=1.000 nombre=False saint_only=True terr= phase=candidate
2026-07-02 17:51:14 - matching_padroncharcas - DEBUG -     gz_id=6000328 'acomaio' score=1.000 nombre=False saint_only=True terr= phase=candidate
2026-07-02 17:51:14 - matching_padroncharcas - DEBUG -     gz_id=6000328 'acomaio' score=1.000 nombre=False saint_only=True terr= phase=candidate
2026-07-02 17:51:14 - matching_padroncharcas - DEBUG -     gz_id=6000328 'acomaio' score=1.000 nombre=False saint_only=True terr= phase=candidate
2026-07-02 17:51:14 - matching_padroncharcas - DEBUG -     gz_id=6000395 'andahuailas' score=1.000 nombre=False saint_only=True terr= phase=candidate
2026-07-02 17:51:14 - matching_padroncharcas - DEBUG -     gz_id=6000395 'andahuailas' score=1.000 nombre=False saint_only=True terr= phase=candidate
2026-07-02 17:51:14 - matching_padroncharcas - DEBUG -     gz_id=6000488 'san pedro sal' score=1.000 nombre=False saint_only=True terr= phase=candidate
2026-07-02 17:51:14 - matching_padroncharcas - DEBUG -     gz_id=6000488 'san pedro sal' score=1.000 nombre=False saint_only=True terr= phase=candidate
2026-07-02 17:51:14 - matching_padroncharcas - DEBUG -     gz_id=6000529 'san pedro' score=1.000 nombre=True saint_only=False terr= phase=auto_adopt
2026-07-02 17:51:14 - matching_padroncharcas - DEBUG -     gz_id=6000529 'san pedro' score=1.000 nombre=True saint_only=False terr= phase=auto_adopt
2026-07-02 17:51:14 - matching_padroncharcas - DEBUG -     gz_id=6000668 'pampas' score=1.000 nombre=False saint_only=True terr= phase=candidate
2026-07-02 17:51:14 - matching_padroncharcas - DEBUG -     gz_id=6000668 'pampas' score=1.000 nombre=False saint_only=True terr= phase=candidate
2026-07-02 17:51:14 - matching_padroncharcas - DEBUG -     gz_id=6000703 'mala' score=1.000 nombre=False saint_only=True terr= phase=candidate
2026-07-02 17:51:14 - matching_padroncharcas - DEBUG -     gz_id=6000703 'mala' score=1.000 nombre=False saint_only=True terr= phase=candidate
2026-07-02 17:51:14 - matching_padroncharcas - DEBUG -     gz_id=6000743 'pari' score=1.000 nombre=False saint_only=True terr= phase=candidate
2026-07-02 17:51:14 - matching_padroncharcas - DEBUG -     gz_id=6000743 'pari' score=1.000 nombre=False saint_only=True terr= phase=candidate
2026-07-02 17:51:14 - matching_padroncharcas - DEBUG -     gz_id=6000809 'casta' score=1.000 nombre=False saint_only=True terr= phase=candidate
2026-07-02 17:51:14 - matching_padroncharcas - DEBUG -     gz_id=6000809 'casta' score=1.000 nombre=False saint_only=True terr= phase=candidate
2026-07-02 17:51:14 - matching_padroncharcas - DEBUG -     gz_id=6000839 'mama' score=1.000 nombre=False saint_only=True terr= phase=candidate
2026-07-02 17:51:14 - matching_padroncharcas - DEBUG -     gz_id=6000839 'mama' score=1.000 nombre=False saint_only=True terr= phase=candidate
2026-07-02 17:51:14 - matching_padroncharcas - DEBUG -     gz_id=6001167 'pillao' score=1.000 nombre=False saint_only=True terr= phase=candidate
2026-07-02 17:51:14 - matching_padroncharcas - DEBUG -     gz_id=6001167 'pillao' score=1.000 nombre=False saint_only=True terr= phase=candidate
2026-07-02 17:51:14 - matching_padroncharcas - DEBUG -     gz_id=6001167 'pillao' score=1.000 nombre=False saint_only=True terr= phase=candidate
2026-07-02 17:51:14 - matching_padroncharcas - DEBUG -     gz_id=6001167 'pillao' score=1.000 nombre=False saint_only=True terr= phase=candidate
2026-07-02 17:51:14 - matching_padroncharcas - DEBUG -     gz_id=6001176 'caina' score=1.000 nombre=False saint_only=True terr= phase=candidate
2026-07-02 17:51:14 - matching_padroncharcas - DEBUG -     gz_id=6001176 'caina' score=1.000 nombre=False saint_only=True terr= phase=candidate
2026-07-02 17:51:14 - matching_padroncharcas - DEBUG -     gz_id=6001190 'pillao' score=1.000 nombre=False saint_only=True terr= phase=candidate
2026-07-02 17:51:14 - matching_padroncharcas - DEBUG -     gz_id=6001190 'pillao' score=1.000 nombre=False saint_only=True terr= phase=candidate
2026-07-02 17:51:14 - matching_padroncharcas - DEBUG -     gz_id=6001213 'cacas' score=1.000 nombre=False saint_only=True terr= phase=candidate
2026-07-02 17:51:14 - matching_padroncharcas - DEBUG -     gz_id=6001213 'cacas' score=1.000 nombre=False saint_only=True terr= phase=candidate
2026-07-02 17:51:14 - matching_padroncharcas - DEBUG -     gz_id=6001287 'utac' score=1.000 nombre=False saint_only=True terr= phase=candidate
2026-07-02 17:51:14 - matching_padroncharcas - DEBUG -     gz_id=6001287 'utac' score=1.000 nombre=False saint_only=True terr= phase=candidate
2026-07-02 17:51:14 - matching_padroncharcas - DEBUG -     gz_id=6001287 'utac' score=1.000 nombre=False saint_only=True terr= phase=candidate
2026-07-02 17:51:15 - matching_padroncharcas - DEBUG -     gz_id=6001330 'cumbasa' score=1.000 nombre=False saint_only=True terr= phase=candidate
2026-07-02 17:51:15 - matching_padroncharcas - DEBUG -     gz_id=6001330 'cumbasa' score=1.000 nombre=False saint_only=True terr= phase=candidate
2026-07-02 17:51:15 - matching_padroncharcas - DEBUG -     gz_id=6001330 'cumbasa' score=1.000 nombre=False saint_only=True terr= phase=candidate
2026-07-02 17:51:15 - matching_padroncharcas - DEBUG -     gz_id=6001443 'biru' score=1.000 nombre=False saint_only=True terr= phase=candidate
2026-07-02 17:51:15 - matching_padroncharcas - DEBUG -     gz_id=6001443 'biru' score=1.000 nombre=False saint_only=True terr= phase=candidate
2026-07-02 17:51:15 - matching_padroncharcas - DEBUG -     gz_id=6001493 'san pedro' score=1.000 nombre=True saint_only=False terr= phase=auto_adopt
2026-07-02 17:51:15 - matching_padroncharcas - DEBUG -     gz_id=6001493 'san pedro' score=1.000 nombre=True saint_only=False terr= phase=auto_adopt
2026-07-02 17:51:15 - matching_padroncharcas - DEBUG -     gz_id=6001570 'anariqui' score=1.000 nombre=False saint_only=True terr= phase=candidate
2026-07-02 17:51:15 - matching_padroncharcas - DEBUG -     gz_id=7000262 'san pedro' score=1.000 nombre=True saint_only=False terr= phase=auto_adopt
2026-07-02 17:51:15 - matching_padroncharcas - DEBUG -     gz_id=7000262 'san pedro' score=1.000 nombre=True saint_only=False terr= phase=auto_adopt
2026-07-02 17:51:15 - matching_padroncharcas - DEBUG -     gz_id=7000306 'san pedro nolasco' score=1.000 nombre=False saint_only=True terr= phase=candidate
2026-07-02 17:51:15 - matching_padroncharcas - DEBUG -     gz_id=7000306 'san pedro nolasco' score=1.000 nombre=False saint_only=True terr= phase=candidate
2026-07-02 17:51:15 - matching_padroncharcas - DEBUG -     gz_id=7000375 'san pedro alcantara' score=1.000 nombre=False saint_only=True terr= phase=candidate
2026-07-02 17:51:15 - matching_padroncharcas - DEBUG -     gz_id=7000375 'san pedro alcantara' score=1.000 nombre=False saint_only=True terr= phase=candidate
2026-07-02 17:51:15 - matching_padroncharcas - DEBUG -     gz_id=7000375 'san pedro alcantara' score=1.000 nombre=False saint_only=True terr= phase=candidate
2026-07-02 17:51:15 - matching_padroncharcas - DEBUG -     gz_id=7000398 'san pedro' score=1.000 nombre=True saint_only=False terr= phase=auto_adopt
2026-07-02 17:51:15 - matching_padroncharcas - DEBUG -     gz_id=7000398 'san pedro' score=1.000 nombre=True saint_only=False terr= phase=auto_adopt
2026-07-02 17:51:15 - matching_padroncharcas - DEBUG -     gz_id=7000398 'san pedro' score=1.000 nombre=True saint_only=False terr= phase=auto_adopt
2026-07-02 17:51:15 - matching_padroncharcas - DEBUG -     gz_id=7000398 'san pedro' score=1.000 nombre=True saint_only=False terr= phase=auto_adopt
2026-07-02 17:51:15 - matching_padroncharcas - DEBUG -     gz_id=7000398 'san pedro' score=1.000 nombre=True saint_only=False terr= phase=auto_adopt
2026-07-02 17:51:15 - matching_padroncharcas - DEBUG -     gz_id=7000398 'san pedro' score=1.000 nombre=True saint_only=False terr= phase=auto_adopt
2026-07-02 17:51:15 - matching_padroncharcas - DEBUG -     gz_id=7000398 'san pedro' score=1.000 nombre=True saint_only=False terr= phase=auto_adopt
2026-07-02 17:51:15 - matching_padroncharcas - DEBUG -     gz_id=8000003 'san pedro' score=1.000 nombre=False saint_only=True terr=region_exact phase=candidate
2026-07-02 17:51:15 - matching_padroncharcas - DEBUG -     gz_id=8000003 'san pedro' score=1.000 nombre=False saint_only=True terr=region_exact phase=candidate
2026-07-02 17:51:15 - matching_padroncharcas - DEBUG -     gz_id=8000003 'san pedro' score=1.000 nombre=False saint_only=True terr=region_exact phase=candidate
2026-07-02 17:51:15 - matching_padroncharcas - DEBUG -     gz_id=8000003 'san pedro' score=1.000 nombre=False saint_only=True terr=region_exact phase=candidate
2026-07-02 17:51:15 - matching_padroncharcas - DEBUG -     gz_id=8000028 'sacaba' score=1.000 nombre=False saint_only=True terr=region_exact phase=candidate
2026-07-02 17:51:15 - matching_padroncharcas - DEBUG -     gz_id=8000028 'sacaba' score=1.000 nombre=False saint_only=True terr=region_exact phase=candidate
2026-07-02 17:51:15 - matching_padroncharcas - DEBUG -     gz_id=8000036 'atacama alta' score=1.000 nombre=False saint_only=True terr=region_exact phase=candidate
2026-07-02 17:51:15 - matching_padroncharcas - DEBUG -     gz_id=8000036 'atacama alta' score=1.000 nombre=False saint_only=True terr=region_exact phase=candidate
2026-07-02 17:51:15 - matching_padroncharcas - DEBUG -     gz_id=8000150 'san pedro' score=1.000 nombre=False saint_only=True terr=region_exact phase=candidate
2026-07-02 17:51:15 - matching_padroncharcas - DEBUG -     gz_id=8000150 'san pedro' score=1.000 nombre=False saint_only=True terr=region_exact phase=candidate
2026-07-02 17:51:15 - matching_padroncharcas - DEBUG -     gz_id=8000153 'caraci' score=1.000 nombre=False saint_only=True terr=region_exact phase=candidate
2026-07-02 17:51:15 - matching_padroncharcas - DEBUG -     gz_id=8000153 'caraci' score=1.000 nombre=False saint_only=True terr=region_exact phase=candidate
2026-07-02 17:51:15 - matching_padroncharcas - DEBUG -     gz_id=8000158 'macha' score=1.000 nombre=False saint_only=True terr=region_exact phase=candidate
2026-07-02 17:51:15 - matching_padroncharcas - DEBUG -     gz_id=8000158 'macha' score=1.000 nombre=False saint_only=True terr=region_exact phase=candidate
2026-07-02 17:51:15 - matching_padroncharcas - DEBUG -     gz_id=8000211 'bilque chiquito' score=1.000 nombre=False saint_only=True terr= phase=candidate
2026-07-02 17:51:15 - matching_padroncharcas - DEBUG -     gz_id=8000211 'bilque chiquito' score=1.000 nombre=False saint_only=True terr= phase=candidate
2026-07-02 17:51:15 - matching_padroncharcas - DEBUG -     gz_id=8000211 'bilque chiquito' score=1.000 nombre=False saint_only=True terr= phase=candidate
2026-07-02 17:51:15 - matching_padroncharcas - DEBUG -     gz_id=8000252 'taiarenda' score=1.000 nombre=False saint_only=True terr=region_exact phase=candidate
2026-07-02 17:51:15 - matching_padroncharcas - DEBUG -     gz_id=8000441 'desahuadero' score=1.000 nombre=False saint_only=True terr=region_exact phase=candidate
2026-07-02 17:51:15 - matching_padroncharcas - DEBUG -     gz_id=8000441 'desahuadero' score=1.000 nombre=False saint_only=True terr=region_exact phase=candidate
2026-07-02 17:51:15 - matching_padroncharcas - DEBUG -     gz_id=8000506 'quemes' score=1.000 nombre=False saint_only=True terr=region_exact phase=candidate
2026-07-02 17:51:15 - matching_padroncharcas - DEBUG -     gz_id=8000506 'quemes' score=1.000 nombre=False saint_only=True terr=region_exact phase=candidate
2026-07-02 17:51:15 - matching_padroncharcas - DEBUG -     gz_id=8000542 'icho' score=1.000 nombre=False saint_only=True terr= phase=candidate
2026-07-02 17:51:15 - matching_padroncharcas - DEBUG -     gz_id=8000542 'icho' score=1.000 nombre=False saint_only=True terr= phase=candidate
2026-07-02 17:51:15 - matching_padroncharcas - DEBUG -     gz_id=8000542 'icho' score=1.000 nombre=False saint_only=True terr= phase=candidate
2026-07-02 17:51:15 - matching_padroncharcas - DEBUG -     gz_id=8000665 'san pedro' score=1.000 nombre=False saint_only=True terr=region_exact phase=candidate
2026-07-02 17:51:15 - matching_padroncharcas - DEBUG -     gz_id=8000665 'san pedro' score=1.000 nombre=False saint_only=True terr=region_exact phase=candidate
2026-07-02 17:51:15 - matching_padroncharcas - DEBUG -     gz_id=8000672 'san pedro i san francisco' score=1.000 nombre=False saint_only=False terr=region_exact phase=candidate
2026-07-02 17:51:15 - matching_padroncharcas - DEBUG -     gz_id=8000672 'san pedro i san francisco' score=1.000 nombre=False saint_only=False terr=region_exact phase=candidate
2026-07-02 17:51:15 - matching_padroncharcas - DEBUG -     gz_id=8000672 'san pedro i san francisco' score=1.000 nombre=False saint_only=False terr=region_exact phase=candidate
2026-07-02 17:51:15 - matching_padroncharcas - DEBUG -     gz_id=8000686 'san pedro' score=1.000 nombre=False saint_only=True terr= phase=candidate
2026-07-02 17:51:15 - matching_padroncharcas - DEBUG -     gz_id=8000686 'san pedro' score=1.000 nombre=False saint_only=True terr= phase=candidate
2026-07-02 17:51:15 - matching_padroncharcas - DEBUG -     gz_id=8000686 'san pedro' score=1.000 nombre=False saint_only=True terr= phase=candidate
2026-07-02 17:51:15 - matching_padroncharcas - DEBUG -     gz_id=9000012 'icuamandiiu' score=1.000 nombre=False saint_only=True terr= phase=candidate
2026-07-02 17:51:15 - matching_padroncharcas - DEBUG -     gz_id=9000012 'icuamandiiu' score=1.000 nombre=False saint_only=True terr= phase=candidate
2026-07-02 17:51:15 - matching_padroncharcas - DEBUG -     gz_id=9000012 'icuamandiiu' score=1.000 nombre=False saint_only=True terr= phase=candidate
2026-07-02 17:51:15 - matching_padroncharcas - DEBUG -     gz_id=9000095 'ipane' score=1.000 nombre=False saint_only=True terr= phase=candidate
2026-07-02 17:51:15 - matching_padroncharcas - DEBUG -     gz_id=9000095 'ipane' score=1.000 nombre=False saint_only=True terr= phase=candidate
2026-07-02 17:51:15 - matching_padroncharcas - DEBUG -     gz_id=9000114 'molinos' score=1.000 nombre=False saint_only=True terr= phase=candidate
2026-07-02 17:51:15 - matching_padroncharcas - DEBUG -     gz_id=9000114 'molinos' score=1.000 nombre=False saint_only=True terr= phase=candidate
2026-07-02 17:51:15 - matching_padroncharcas - DEBUG -     gz_id=9000114 'molinos' score=1.000 nombre=False saint_only=True terr= phase=candidate
2026-07-02 17:51:15 - matching_padroncharcas - DEBUG -     gz_id=9000114 'molinos' score=1.000 nombre=False saint_only=True terr= phase=candidate
2026-07-02 17:51:15 - matching_padroncharcas - DEBUG -     gz_id=9000130 'san pedro' score=1.000 nombre=True saint_only=False terr= phase=auto_adopt
2026-07-02 17:51:15 - matching_padroncharcas - DEBUG -     gz_id=9000130 'san pedro' score=1.000 nombre=True saint_only=False terr= phase=auto_adopt
2026-07-02 17:51:15 - matching_padroncharcas - DEBUG -     gz_id=9000130 'san pedro' score=1.000 nombre=True saint_only=False terr= phase=auto_adopt
2026-07-02 17:51:15 - matching_padroncharcas - DEBUG -     gz_id=9901121 'don pedro' score=0.875 nombre=False saint_only=False terr= phase=candidate
2026-07-02 17:51:15 - matching_padroncharcas - DEBUG -     gz_id=9901121 'don pedro' score=0.875 nombre=False saint_only=False terr= phase=candidate
2026-07-02 17:51:15 - matching_padroncharcas - DEBUG -     gz_id=9901121 'don pedro' score=0.875 nombre=False saint_only=False terr= phase=candidate
2026-07-02 17:51:15 - matching_padroncharcas - DEBUG -     gz_id=9000461 'pedro gonsales' score=0.714 nombre=False saint_only=False terr= phase=relegated
2026-07-02 17:51:15 - matching_padroncharcas - DEBUG -     gz_id=9000461 'pedro gonsales' score=0.714 nombre=False saint_only=False terr= phase=relegated
2026-07-02 17:51:15 - matching_padroncharcas - DEBUG -     gz_id=9000461 'pedro gonsales' score=0.714 nombre=False saint_only=False terr= phase=relegated
2026-07-02 17:51:15 - matching_padroncharcas - INFO -   Before dedup: 1051 candidates
2026-07-02 17:51:15 - matching_padroncharcas - INFO -   After dedup: 402 unique gz_ids
2026-07-02 17:51:15 - matching_padroncharcas - INFO -   Dropped 391 territory-contradicting candidates
2026-07-02 17:51:15 - matching_padroncharcas - INFO -   Input has territorial data: True
2026-07-02 17:51:15 - matching_padroncharcas - INFO -   Candidates with territory match: 11
2026-07-02 17:51:15 - matching_padroncharcas - INFO -   After territorial filter (keeping region): 11 candidates
2026-07-02 17:51:15 - matching_padroncharcas - INFO -   Nombre matches (exact on lugar_nombre): 0
2026-07-02 17:51:15 - matching_padroncharcas - INFO -   Saint-only matches: 10
2026-07-02 17:51:15 - matching_padroncharcas - INFO -   Substantive matches: 1
2026-07-02 17:51:15 - matching_padroncharcas - INFO -   Discarding 10 saint-only matches, keeping 1 substantive matches
2026-07-02 17:51:15 - matching_padroncharcas - INFO -   Candidate pool (>= threshold): 1
2026-07-02 17:51:15 - matching_padroncharcas - INFO -   1 candidate(s) -> candidate
2026-07-02 17:51:15 - matching_padroncharcas - INFO -   rowID=7389: found at step 'no_partido_jurisdiccion'
2026-07-02 17:51:15 - matching_padroncharcas - INFO - 
============================================================
2026-07-02 17:51:15 - matching_padroncharcas - INFO - Processing rowID=7390: 'San Pablo' -> cleaned: 'san pablo'
2026-07-02 17:51:15 - matching_padroncharcas - INFO -   Token-based candidates: 12312
2026-07-02 17:51:15 - matching_padroncharcas - INFO -   Filtering: need match on substantive tokens: ['pablo'] OR 2+ total tokens
2026-07-02 17:51:18 - matching_padroncharcas - INFO -   After filtering weak token matches: 314 candidates
2026-07-02 17:51:18 - matching_padroncharcas - INFO -   Fuzzy matches (score >= 70, limit=500): 314
2026-07-02 17:51:18 - matching_padroncharcas - DEBUG -     gz_id=1000146 'cinapecuaro' score=1.000 nombre=False saint_only=True terr= phase=candidate
2026-07-02 17:51:18 - matching_padroncharcas - DEBUG -     gz_id=1000146 'cinapecuaro' score=1.000 nombre=False saint_only=True terr= phase=candidate
2026-07-02 17:51:18 - matching_padroncharcas - DEBUG -     gz_id=1000146 'cinapecuaro' score=1.000 nombre=False saint_only=True terr= phase=candidate
2026-07-02 17:51:18 - matching_padroncharcas - DEBUG -     gz_id=1000153 'huejolotitlan' score=1.000 nombre=False saint_only=True terr= phase=candidate
2026-07-02 17:51:18 - matching_padroncharcas - DEBUG -     gz_id=1000153 'huejolotitlan' score=1.000 nombre=False saint_only=True terr= phase=candidate
2026-07-02 17:51:18 - matching_padroncharcas - DEBUG -     gz_id=1000167 'teposcolula' score=1.000 nombre=False saint_only=True terr= phase=candidate
2026-07-02 17:51:18 - matching_padroncharcas - DEBUG -     gz_id=1000167 'teposcolula' score=1.000 nombre=False saint_only=True terr= phase=candidate
2026-07-02 17:51:18 - matching_padroncharcas - DEBUG -     gz_id=1000193 'sacatlan mansanas' score=1.000 nombre=False saint_only=True terr= phase=candidate
2026-07-02 17:51:18 - matching_padroncharcas - DEBUG -     gz_id=1000193 'sacatlan mansanas' score=1.000 nombre=False saint_only=True terr= phase=candidate
2026-07-02 17:51:18 - matching_padroncharcas - DEBUG -     gz_id=1000223 'sotuta' score=1.000 nombre=False saint_only=True terr= phase=candidate
2026-07-02 17:51:18 - matching_padroncharcas - DEBUG -     gz_id=1000223 'sotuta' score=1.000 nombre=False saint_only=True terr= phase=candidate
2026-07-02 17:51:18 - matching_padroncharcas - DEBUG -     gz_id=1000223 'sotuta' score=1.000 nombre=False saint_only=True terr= phase=candidate
2026-07-02 17:51:18 - matching_padroncharcas - DEBUG -     gz_id=1000223 'sotuta' score=1.000 nombre=False saint_only=True terr= phase=candidate
2026-07-02 17:51:18 - matching_padroncharcas - DEBUG -     gz_id=1000283 'san pablo' score=1.000 nombre=True saint_only=False terr= phase=auto_adopt
2026-07-02 17:51:18 - matching_padroncharcas - DEBUG -     gz_id=1000283 'san pablo' score=1.000 nombre=True saint_only=False terr= phase=auto_adopt
2026-07-02 17:51:18 - matching_padroncharcas - DEBUG -     gz_id=1000283 'san pablo' score=1.000 nombre=True saint_only=False terr= phase=auto_adopt
2026-07-02 17:51:18 - matching_padroncharcas - DEBUG -     gz_id=1000283 'san pablo' score=1.000 nombre=True saint_only=False terr= phase=auto_adopt
2026-07-02 17:51:18 - matching_padroncharcas - DEBUG -     gz_id=1000283 'san pablo' score=1.000 nombre=True saint_only=False terr= phase=auto_adopt
2026-07-02 17:51:18 - matching_padroncharcas - DEBUG -     gz_id=1000316 'san pablo' score=1.000 nombre=False saint_only=True terr= phase=candidate
2026-07-02 17:51:18 - matching_padroncharcas - DEBUG -     gz_id=1000316 'san pablo' score=1.000 nombre=False saint_only=True terr= phase=candidate
2026-07-02 17:51:18 - matching_padroncharcas - DEBUG -     gz_id=1000316 'san pablo' score=1.000 nombre=False saint_only=True terr= phase=candidate
2026-07-02 17:51:18 - matching_padroncharcas - DEBUG -     gz_id=1000316 'san pablo' score=1.000 nombre=False saint_only=True terr= phase=candidate
2026-07-02 17:51:18 - matching_padroncharcas - DEBUG -     gz_id=1000459 'ocotic' score=1.000 nombre=False saint_only=True terr= phase=candidate
2026-07-02 17:51:18 - matching_padroncharcas - DEBUG -     gz_id=1000459 'ocotic' score=1.000 nombre=False saint_only=True terr= phase=candidate
2026-07-02 17:51:18 - matching_padroncharcas - DEBUG -     gz_id=1000493 'poncitlan' score=1.000 nombre=False saint_only=True terr= phase=candidate
2026-07-02 17:51:18 - matching_padroncharcas - DEBUG -     gz_id=1000493 'poncitlan' score=1.000 nombre=False saint_only=True terr= phase=candidate
2026-07-02 17:51:18 - matching_padroncharcas - DEBUG -     gz_id=9900005 'san pablo' score=1.000 nombre=True saint_only=False terr= phase=auto_adopt
2026-07-02 17:51:18 - matching_padroncharcas - DEBUG -     gz_id=1000663 'pejo' score=1.000 nombre=False saint_only=True terr= phase=candidate
2026-07-02 17:51:18 - matching_padroncharcas - DEBUG -     gz_id=1000663 'pejo' score=1.000 nombre=False saint_only=True terr= phase=candidate
2026-07-02 17:51:18 - matching_padroncharcas - DEBUG -     gz_id=1000677 'iurirapundaro' score=1.000 nombre=False saint_only=True terr= phase=candidate
2026-07-02 17:51:18 - matching_padroncharcas - DEBUG -     gz_id=1000677 'iurirapundaro' score=1.000 nombre=False saint_only=True terr= phase=candidate
2026-07-02 17:51:18 - matching_padroncharcas - DEBUG -     gz_id=1000743 'atlasalpan' score=1.000 nombre=False saint_only=True terr= phase=candidate
2026-07-02 17:51:18 - matching_padroncharcas - DEBUG -     gz_id=1000743 'atlasalpan' score=1.000 nombre=False saint_only=True terr= phase=candidate
2026-07-02 17:51:18 - matching_padroncharcas - DEBUG -     gz_id=1000799 'tlaiacapan' score=1.000 nombre=False saint_only=True terr= phase=candidate
2026-07-02 17:51:18 - matching_padroncharcas - DEBUG -     gz_id=1000799 'tlaiacapan' score=1.000 nombre=False saint_only=True terr= phase=candidate
2026-07-02 17:51:18 - matching_padroncharcas - DEBUG -     gz_id=1000799 'tlaiacapan' score=1.000 nombre=False saint_only=True terr= phase=candidate
2026-07-02 17:51:18 - matching_padroncharcas - DEBUG -     gz_id=9900256 'san pablo' score=1.000 nombre=True saint_only=False terr= phase=auto_adopt
2026-07-02 17:51:18 - matching_padroncharcas - DEBUG -     gz_id=9900256 'san pablo' score=1.000 nombre=True saint_only=False terr= phase=auto_adopt
2026-07-02 17:51:18 - matching_padroncharcas - DEBUG -     gz_id=9900256 'san pablo' score=1.000 nombre=True saint_only=False terr= phase=auto_adopt
2026-07-02 17:51:18 - matching_padroncharcas - DEBUG -     gz_id=9900256 'san pablo' score=1.000 nombre=True saint_only=False terr= phase=auto_adopt
2026-07-02 17:51:18 - matching_padroncharcas - DEBUG -     gz_id=9900256 'san pablo' score=1.000 nombre=True saint_only=False terr= phase=auto_adopt
2026-07-02 17:51:18 - matching_padroncharcas - DEBUG -     gz_id=9900267 'san pablo' score=1.000 nombre=True saint_only=False terr=region_exact phase=auto_adopt
2026-07-02 17:51:18 - matching_padroncharcas - DEBUG -     gz_id=1000859 'san pablo' score=1.000 nombre=False saint_only=True terr= phase=candidate
2026-07-02 17:51:18 - matching_padroncharcas - DEBUG -     gz_id=1000859 'san pablo' score=1.000 nombre=False saint_only=True terr= phase=candidate
2026-07-02 17:51:18 - matching_padroncharcas - DEBUG -     gz_id=1000859 'san pablo' score=1.000 nombre=False saint_only=True terr= phase=candidate
2026-07-02 17:51:18 - matching_padroncharcas - DEBUG -     gz_id=1000859 'san pablo' score=1.000 nombre=False saint_only=True terr= phase=candidate
2026-07-02 17:51:18 - matching_padroncharcas - DEBUG -     gz_id=1000867 'huehuetoca' score=1.000 nombre=False saint_only=True terr= phase=candidate
2026-07-02 17:51:18 - matching_padroncharcas - DEBUG -     gz_id=1000867 'huehuetoca' score=1.000 nombre=False saint_only=True terr= phase=candidate
2026-07-02 17:51:18 - matching_padroncharcas - DEBUG -     gz_id=1000867 'huehuetoca' score=1.000 nombre=False saint_only=True terr= phase=candidate
2026-07-02 17:51:18 - matching_padroncharcas - DEBUG -     gz_id=1000867 'huehuetoca' score=1.000 nombre=False saint_only=True terr= phase=candidate
2026-07-02 17:51:18 - matching_padroncharcas - DEBUG -     gz_id=9900325 'pedrasa' score=1.000 nombre=False saint_only=True terr= phase=candidate
2026-07-02 17:51:18 - matching_padroncharcas - DEBUG -     gz_id=1000901 'tlalmimilulpan' score=1.000 nombre=False saint_only=True terr= phase=candidate
2026-07-02 17:51:18 - matching_padroncharcas - DEBUG -     gz_id=1000901 'tlalmimilulpan' score=1.000 nombre=False saint_only=True terr= phase=candidate
2026-07-02 17:51:18 - matching_padroncharcas - DEBUG -     gz_id=1000901 'tlalmimilulpan' score=1.000 nombre=False saint_only=True terr= phase=candidate
2026-07-02 17:51:18 - matching_padroncharcas - DEBUG -     gz_id=1000916 'ajochiapan' score=1.000 nombre=False saint_only=True terr= phase=candidate
2026-07-02 17:51:18 - matching_padroncharcas - DEBUG -     gz_id=1000916 'ajochiapan' score=1.000 nombre=False saint_only=True terr= phase=candidate
2026-07-02 17:51:18 - matching_padroncharcas - DEBUG -     gz_id=1000916 'ajochiapan' score=1.000 nombre=False saint_only=True terr= phase=candidate
2026-07-02 17:51:18 - matching_padroncharcas - DEBUG -     gz_id=1000916 'ajochiapan' score=1.000 nombre=False saint_only=True terr= phase=candidate
2026-07-02 17:51:18 - matching_padroncharcas - DEBUG -     gz_id=1000946 'tehuixtla' score=1.000 nombre=False saint_only=True terr= phase=candidate
2026-07-02 17:51:18 - matching_padroncharcas - DEBUG -     gz_id=1000946 'tehuixtla' score=1.000 nombre=False saint_only=True terr= phase=candidate
2026-07-02 17:51:18 - matching_padroncharcas - DEBUG -     gz_id=1000946 'tehuixtla' score=1.000 nombre=False saint_only=True terr= phase=candidate
2026-07-02 17:51:18 - matching_padroncharcas - DEBUG -     gz_id=1000946 'tehuixtla' score=1.000 nombre=False saint_only=True terr= phase=candidate
2026-07-02 17:51:18 - matching_padroncharcas - DEBUG -     gz_id=1000988 'tecalco' score=1.000 nombre=False saint_only=True terr= phase=candidate
2026-07-02 17:51:18 - matching_padroncharcas - DEBUG -     gz_id=1000988 'tecalco' score=1.000 nombre=False saint_only=True terr= phase=candidate
2026-07-02 17:51:18 - matching_padroncharcas - DEBUG -     gz_id=1001022 'jilotepec' score=1.000 nombre=False saint_only=True terr= phase=candidate
2026-07-02 17:51:18 - matching_padroncharcas - DEBUG -     gz_id=1001022 'jilotepec' score=1.000 nombre=False saint_only=True terr= phase=candidate
2026-07-02 17:51:18 - matching_padroncharcas - DEBUG -     gz_id=1001035 'oxtotipan' score=1.000 nombre=False saint_only=True terr= phase=candidate
2026-07-02 17:51:18 - matching_padroncharcas - DEBUG -     gz_id=1001035 'oxtotipan' score=1.000 nombre=False saint_only=True terr= phase=candidate
2026-07-02 17:51:18 - matching_padroncharcas - DEBUG -     gz_id=1001137 'tlalchichilpa' score=1.000 nombre=False saint_only=True terr= phase=candidate
2026-07-02 17:51:18 - matching_padroncharcas - DEBUG -     gz_id=1001137 'tlalchichilpa' score=1.000 nombre=False saint_only=True terr= phase=candidate
2026-07-02 17:51:18 - matching_padroncharcas - DEBUG -     gz_id=1001159 'san pablo' score=1.000 nombre=False saint_only=True terr= phase=candidate
2026-07-02 17:51:18 - matching_padroncharcas - DEBUG -     gz_id=1001159 'san pablo' score=1.000 nombre=False saint_only=True terr= phase=candidate
2026-07-02 17:51:18 - matching_padroncharcas - DEBUG -     gz_id=1001179 'malacatepec' score=1.000 nombre=False saint_only=True terr= phase=candidate
2026-07-02 17:51:18 - matching_padroncharcas - DEBUG -     gz_id=1001179 'malacatepec' score=1.000 nombre=False saint_only=True terr= phase=candidate
2026-07-02 17:51:18 - matching_padroncharcas - DEBUG -     gz_id=1001179 'malacatepec' score=1.000 nombre=False saint_only=True terr= phase=candidate
2026-07-02 17:51:18 - matching_padroncharcas - DEBUG -     gz_id=9900819 'san pablo' score=1.000 nombre=True saint_only=False terr= phase=auto_adopt
2026-07-02 17:51:18 - matching_padroncharcas - DEBUG -     gz_id=9900819 'san pablo' score=1.000 nombre=True saint_only=False terr= phase=auto_adopt
2026-07-02 17:51:18 - matching_padroncharcas - DEBUG -     gz_id=9900819 'san pablo' score=1.000 nombre=True saint_only=False terr= phase=auto_adopt
2026-07-02 17:51:18 - matching_padroncharcas - DEBUG -     gz_id=9900819 'san pablo' score=1.000 nombre=True saint_only=False terr= phase=auto_adopt
2026-07-02 17:51:18 - matching_padroncharcas - DEBUG -     gz_id=1001278 'jilotla' score=1.000 nombre=False saint_only=True terr= phase=candidate
2026-07-02 17:51:18 - matching_padroncharcas - DEBUG -     gz_id=1001278 'jilotla' score=1.000 nombre=False saint_only=True terr= phase=candidate
2026-07-02 17:51:18 - matching_padroncharcas - DEBUG -     gz_id=1001402 'san pablo' score=1.000 nombre=True saint_only=False terr= phase=auto_adopt
2026-07-02 17:51:18 - matching_padroncharcas - DEBUG -     gz_id=1001402 'san pablo' score=1.000 nombre=True saint_only=False terr= phase=auto_adopt
2026-07-02 17:51:18 - matching_padroncharcas - DEBUG -     gz_id=1001407 'san pablo toliman' score=1.000 nombre=False saint_only=True terr= phase=candidate
2026-07-02 17:51:18 - matching_padroncharcas - DEBUG -     gz_id=1001407 'san pablo toliman' score=1.000 nombre=False saint_only=True terr= phase=candidate
2026-07-02 17:51:18 - matching_padroncharcas - DEBUG -     gz_id=1001435 'san pablo salinas' score=1.000 nombre=False saint_only=True terr= phase=candidate
2026-07-02 17:51:18 - matching_padroncharcas - DEBUG -     gz_id=1001435 'san pablo salinas' score=1.000 nombre=False saint_only=True terr= phase=candidate
2026-07-02 17:51:18 - matching_padroncharcas - DEBUG -     gz_id=1001541 'atlapulco' score=1.000 nombre=False saint_only=True terr= phase=candidate
2026-07-02 17:51:18 - matching_padroncharcas - DEBUG -     gz_id=1001541 'atlapulco' score=1.000 nombre=False saint_only=True terr= phase=candidate
2026-07-02 17:51:18 - matching_padroncharcas - DEBUG -     gz_id=1001541 'atlapulco' score=1.000 nombre=False saint_only=True terr= phase=candidate
2026-07-02 17:51:18 - matching_padroncharcas - DEBUG -     gz_id=1001543 'calimaia' score=1.000 nombre=False saint_only=True terr= phase=candidate
2026-07-02 17:51:18 - matching_padroncharcas - DEBUG -     gz_id=1001543 'calimaia' score=1.000 nombre=False saint_only=True terr= phase=candidate
2026-07-02 17:51:18 - matching_padroncharcas - DEBUG -     gz_id=1001543 'calimaia' score=1.000 nombre=False saint_only=True terr= phase=candidate
2026-07-02 17:51:18 - matching_padroncharcas - DEBUG -     gz_id=1001570 'tepemajalco' score=1.000 nombre=False saint_only=True terr= phase=candidate
2026-07-02 17:51:18 - matching_padroncharcas - DEBUG -     gz_id=1001570 'tepemajalco' score=1.000 nombre=False saint_only=True terr= phase=candidate
2026-07-02 17:51:18 - matching_padroncharcas - DEBUG -     gz_id=1001570 'tepemajalco' score=1.000 nombre=False saint_only=True terr= phase=candidate
2026-07-02 17:51:18 - matching_padroncharcas - DEBUG -     gz_id=1001694 'autopan' score=1.000 nombre=False saint_only=True terr= phase=candidate
2026-07-02 17:51:18 - matching_padroncharcas - DEBUG -     gz_id=1001694 'autopan' score=1.000 nombre=False saint_only=True terr= phase=candidate
2026-07-02 17:51:18 - matching_padroncharcas - DEBUG -     gz_id=1001694 'autopan' score=1.000 nombre=False saint_only=True terr= phase=candidate
2026-07-02 17:51:18 - matching_padroncharcas - DEBUG -     gz_id=1001694 'autopan' score=1.000 nombre=False saint_only=True terr= phase=candidate
2026-07-02 17:51:18 - matching_padroncharcas - DEBUG -     gz_id=1001778 'san pablo' score=1.000 nombre=True saint_only=False terr= phase=auto_adopt
2026-07-02 17:51:18 - matching_padroncharcas - DEBUG -     gz_id=1001778 'san pablo' score=1.000 nombre=True saint_only=False terr= phase=auto_adopt
2026-07-02 17:51:18 - matching_padroncharcas - DEBUG -     gz_id=1001812 'ostotepec' score=1.000 nombre=False saint_only=True terr= phase=candidate
2026-07-02 17:51:18 - matching_padroncharcas - DEBUG -     gz_id=1001812 'ostotepec' score=1.000 nombre=False saint_only=True terr= phase=candidate
2026-07-02 17:51:18 - matching_padroncharcas - DEBUG -     gz_id=1001896 'san pedro i san pablo' score=1.000 nombre=False saint_only=True terr= phase=candidate
2026-07-02 17:51:18 - matching_padroncharcas - DEBUG -     gz_id=1001896 'san pedro i san pablo' score=1.000 nombre=False saint_only=True terr= phase=candidate
2026-07-02 17:51:18 - matching_padroncharcas - DEBUG -     gz_id=1001896 'san pedro i san pablo' score=1.000 nombre=False saint_only=True terr= phase=candidate
2026-07-02 17:51:18 - matching_padroncharcas - DEBUG -     gz_id=1002227 'huelatao' score=1.000 nombre=False saint_only=True terr= phase=candidate
2026-07-02 17:51:18 - matching_padroncharcas - DEBUG -     gz_id=1002227 'huelatao' score=1.000 nombre=False saint_only=True terr= phase=candidate
2026-07-02 17:51:18 - matching_padroncharcas - DEBUG -     gz_id=1002309 'peras' score=1.000 nombre=False saint_only=True terr= phase=candidate
2026-07-02 17:51:18 - matching_padroncharcas - DEBUG -     gz_id=1002309 'peras' score=1.000 nombre=False saint_only=True terr= phase=candidate
2026-07-02 17:51:18 - matching_padroncharcas - DEBUG -     gz_id=1002309 'peras' score=1.000 nombre=False saint_only=True terr= phase=candidate
2026-07-02 17:51:18 - matching_padroncharcas - DEBUG -     gz_id=1002309 'peras' score=1.000 nombre=False saint_only=True terr= phase=candidate
2026-07-02 17:51:18 - matching_padroncharcas - DEBUG -     gz_id=1002318 'billa etla' score=1.000 nombre=False saint_only=True terr= phase=candidate
2026-07-02 17:51:18 - matching_padroncharcas - DEBUG -     gz_id=1002318 'billa etla' score=1.000 nombre=False saint_only=True terr= phase=candidate
2026-07-02 17:51:18 - matching_padroncharcas - DEBUG -     gz_id=1002318 'billa etla' score=1.000 nombre=False saint_only=True terr= phase=candidate
2026-07-02 17:51:18 - matching_padroncharcas - DEBUG -     gz_id=1002318 'billa etla' score=1.000 nombre=False saint_only=True terr= phase=candidate
2026-07-02 17:51:18 - matching_padroncharcas - DEBUG -     gz_id=1002375 'tequixtepec' score=1.000 nombre=False saint_only=True terr= phase=candidate
2026-07-02 17:51:18 - matching_padroncharcas - DEBUG -     gz_id=1002375 'tequixtepec' score=1.000 nombre=False saint_only=True terr= phase=candidate
2026-07-02 17:51:18 - matching_padroncharcas - DEBUG -     gz_id=1002505 'san pablo coatlan' score=1.000 nombre=False saint_only=True terr= phase=candidate
2026-07-02 17:51:18 - matching_padroncharcas - DEBUG -     gz_id=1002505 'san pablo coatlan' score=1.000 nombre=False saint_only=True terr= phase=candidate
2026-07-02 17:51:18 - matching_padroncharcas - DEBUG -     gz_id=1002528 'san pablo osolotepec' score=1.000 nombre=False saint_only=True terr= phase=candidate
2026-07-02 17:51:18 - matching_padroncharcas - DEBUG -     gz_id=1002528 'san pablo osolotepec' score=1.000 nombre=False saint_only=True terr= phase=candidate
2026-07-02 17:51:18 - matching_padroncharcas - DEBUG -     gz_id=1002605 'topiltepec' score=1.000 nombre=False saint_only=True terr= phase=candidate
2026-07-02 17:51:18 - matching_padroncharcas - DEBUG -     gz_id=1002605 'topiltepec' score=1.000 nombre=False saint_only=True terr= phase=candidate
2026-07-02 17:51:18 - matching_padroncharcas - DEBUG -     gz_id=1002605 'topiltepec' score=1.000 nombre=False saint_only=True terr= phase=candidate
2026-07-02 17:51:18 - matching_padroncharcas - DEBUG -     gz_id=1002707 'lachiriega' score=1.000 nombre=False saint_only=True terr= phase=candidate
2026-07-02 17:51:18 - matching_padroncharcas - DEBUG -     gz_id=1002707 'lachiriega' score=1.000 nombre=False saint_only=True terr= phase=candidate
2026-07-02 17:51:18 - matching_padroncharcas - DEBUG -     gz_id=1002710 'mitla' score=1.000 nombre=False saint_only=True terr= phase=candidate
2026-07-02 17:51:18 - matching_padroncharcas - DEBUG -     gz_id=1002710 'mitla' score=1.000 nombre=False saint_only=True terr= phase=candidate
2026-07-02 17:51:18 - matching_padroncharcas - DEBUG -     gz_id=1002732 'macuiltianhuis' score=1.000 nombre=False saint_only=True terr= phase=candidate
2026-07-02 17:51:18 - matching_padroncharcas - DEBUG -     gz_id=1002732 'macuiltianhuis' score=1.000 nombre=False saint_only=True terr= phase=candidate
2026-07-02 17:51:18 - matching_padroncharcas - DEBUG -     gz_id=1002856 'tijaa' score=1.000 nombre=False saint_only=True terr= phase=candidate
2026-07-02 17:51:18 - matching_padroncharcas - DEBUG -     gz_id=1002856 'tijaa' score=1.000 nombre=False saint_only=True terr= phase=candidate
2026-07-02 17:51:18 - matching_padroncharcas - DEBUG -     gz_id=1002939 'aiutla' score=1.000 nombre=False saint_only=True terr= phase=candidate
2026-07-02 17:51:18 - matching_padroncharcas - DEBUG -     gz_id=1002939 'aiutla' score=1.000 nombre=False saint_only=True terr= phase=candidate
2026-07-02 17:51:18 - matching_padroncharcas - DEBUG -     gz_id=1002983 'san pablo' score=1.000 nombre=False saint_only=True terr= phase=candidate
2026-07-02 17:51:18 - matching_padroncharcas - DEBUG -     gz_id=1002983 'san pablo' score=1.000 nombre=False saint_only=True terr= phase=candidate
2026-07-02 17:51:18 - matching_padroncharcas - DEBUG -     gz_id=1003044 'huila' score=1.000 nombre=False saint_only=True terr= phase=candidate
2026-07-02 17:51:18 - matching_padroncharcas - DEBUG -     gz_id=1003044 'huila' score=1.000 nombre=False saint_only=True terr= phase=candidate
2026-07-02 17:51:18 - matching_padroncharcas - DEBUG -     gz_id=1003065 'san pablo' score=1.000 nombre=False saint_only=True terr= phase=candidate
2026-07-02 17:51:18 - matching_padroncharcas - DEBUG -     gz_id=1003065 'san pablo' score=1.000 nombre=False saint_only=True terr= phase=candidate
2026-07-02 17:51:18 - matching_padroncharcas - DEBUG -     gz_id=1003085 'amicano' score=1.000 nombre=False saint_only=True terr= phase=candidate
2026-07-02 17:51:18 - matching_padroncharcas - DEBUG -     gz_id=1003085 'amicano' score=1.000 nombre=False saint_only=True terr= phase=candidate
2026-07-02 17:51:18 - matching_padroncharcas - DEBUG -     gz_id=1003176 'ahuatempa' score=1.000 nombre=False saint_only=True terr= phase=candidate
2026-07-02 17:51:18 - matching_padroncharcas - DEBUG -     gz_id=1003176 'ahuatempa' score=1.000 nombre=False saint_only=True terr= phase=candidate
2026-07-02 17:51:18 - matching_padroncharcas - DEBUG -     gz_id=1003209 'jochimihuacan' score=1.000 nombre=False saint_only=True terr= phase=candidate
2026-07-02 17:51:18 - matching_padroncharcas - DEBUG -     gz_id=1003209 'jochimihuacan' score=1.000 nombre=False saint_only=True terr= phase=candidate
2026-07-02 17:51:18 - matching_padroncharcas - DEBUG -     gz_id=1003314 'mitecatlan' score=1.000 nombre=False saint_only=True terr= phase=candidate
2026-07-02 17:51:18 - matching_padroncharcas - DEBUG -     gz_id=1003314 'mitecatlan' score=1.000 nombre=False saint_only=True terr= phase=candidate
2026-07-02 17:51:18 - matching_padroncharcas - DEBUG -     gz_id=1003439 'soiatitlanapan' score=1.000 nombre=False saint_only=True terr= phase=candidate
2026-07-02 17:51:18 - matching_padroncharcas - DEBUG -     gz_id=1003439 'soiatitlanapan' score=1.000 nombre=False saint_only=True terr= phase=candidate
2026-07-02 17:51:18 - matching_padroncharcas - DEBUG -     gz_id=1003439 'soiatitlanapan' score=1.000 nombre=False saint_only=True terr= phase=candidate
2026-07-02 17:51:18 - matching_padroncharcas - DEBUG -     gz_id=1003528 'soquitlan' score=1.000 nombre=False saint_only=True terr= phase=candidate
2026-07-02 17:51:18 - matching_padroncharcas - DEBUG -     gz_id=1003528 'soquitlan' score=1.000 nombre=False saint_only=True terr= phase=candidate
2026-07-02 17:51:18 - matching_padroncharcas - DEBUG -     gz_id=1003556 'san pablo' score=1.000 nombre=False saint_only=True terr= phase=candidate
2026-07-02 17:51:18 - matching_padroncharcas - DEBUG -     gz_id=1003556 'san pablo' score=1.000 nombre=False saint_only=True terr= phase=candidate
2026-07-02 17:51:18 - matching_padroncharcas - DEBUG -     gz_id=1003556 'san pablo' score=1.000 nombre=False saint_only=True terr= phase=candidate
2026-07-02 17:51:18 - matching_padroncharcas - DEBUG -     gz_id=1003613 'san pablo' score=1.000 nombre=False saint_only=True terr= phase=candidate
2026-07-02 17:51:18 - matching_padroncharcas - DEBUG -     gz_id=1003613 'san pablo' score=1.000 nombre=False saint_only=True terr= phase=candidate
2026-07-02 17:51:18 - matching_padroncharcas - DEBUG -     gz_id=1003872 'san pablo culiacan' score=1.000 nombre=False saint_only=True terr= phase=candidate
2026-07-02 17:51:18 - matching_padroncharcas - DEBUG -     gz_id=1003872 'san pablo culiacan' score=1.000 nombre=False saint_only=True terr= phase=candidate
2026-07-02 17:51:18 - matching_padroncharcas - DEBUG -     gz_id=1003872 'san pablo culiacan' score=1.000 nombre=False saint_only=True terr= phase=candidate
2026-07-02 17:51:18 - matching_padroncharcas - DEBUG -     gz_id=1003872 'san pablo culiacan' score=1.000 nombre=False saint_only=True terr= phase=candidate
2026-07-02 17:51:18 - matching_padroncharcas - DEBUG -     gz_id=1003983 'tubutama' score=1.000 nombre=False saint_only=True terr= phase=candidate
2026-07-02 17:51:18 - matching_padroncharcas - DEBUG -     gz_id=1003983 'tubutama' score=1.000 nombre=False saint_only=True terr= phase=candidate
2026-07-02 17:51:18 - matching_padroncharcas - DEBUG -     gz_id=1003983 'tubutama' score=1.000 nombre=False saint_only=True terr= phase=candidate
2026-07-02 17:51:18 - matching_padroncharcas - DEBUG -     gz_id=1003983 'tubutama' score=1.000 nombre=False saint_only=True terr= phase=candidate
2026-07-02 17:51:18 - matching_padroncharcas - DEBUG -     gz_id=1003983 'tubutama' score=1.000 nombre=False saint_only=True terr= phase=candidate
2026-07-02 17:51:18 - matching_padroncharcas - DEBUG -     gz_id=1003983 'tubutama' score=1.000 nombre=False saint_only=True terr= phase=candidate
2026-07-02 17:51:18 - matching_padroncharcas - DEBUG -     gz_id=1004046 'apetatitlan' score=1.000 nombre=False saint_only=True terr= phase=candidate
2026-07-02 17:51:18 - matching_padroncharcas - DEBUG -     gz_id=1004046 'apetatitlan' score=1.000 nombre=False saint_only=True terr= phase=candidate
2026-07-02 17:51:18 - matching_padroncharcas - DEBUG -     gz_id=1004046 'apetatitlan' score=1.000 nombre=False saint_only=True terr= phase=candidate
2026-07-02 17:51:18 - matching_padroncharcas - DEBUG -     gz_id=1004101 'san pablo monte' score=1.000 nombre=False saint_only=True terr= phase=candidate
2026-07-02 17:51:18 - matching_padroncharcas - DEBUG -     gz_id=1004101 'san pablo monte' score=1.000 nombre=False saint_only=True terr= phase=candidate
2026-07-02 17:51:18 - matching_padroncharcas - DEBUG -     gz_id=1004101 'san pablo monte' score=1.000 nombre=False saint_only=True terr= phase=candidate
2026-07-02 17:51:18 - matching_padroncharcas - DEBUG -     gz_id=1004147 'citlaltepec' score=1.000 nombre=False saint_only=True terr= phase=candidate
2026-07-02 17:51:18 - matching_padroncharcas - DEBUG -     gz_id=1004147 'citlaltepec' score=1.000 nombre=False saint_only=True terr= phase=candidate
2026-07-02 17:51:18 - matching_padroncharcas - DEBUG -     gz_id=1004147 'citlaltepec' score=1.000 nombre=False saint_only=True terr= phase=candidate
2026-07-02 17:51:18 - matching_padroncharcas - DEBUG -     gz_id=1004214 'soquitlan' score=1.000 nombre=False saint_only=True terr= phase=candidate
2026-07-02 17:51:18 - matching_padroncharcas - DEBUG -     gz_id=1004214 'soquitlan' score=1.000 nombre=False saint_only=True terr= phase=candidate
2026-07-02 17:51:18 - matching_padroncharcas - DEBUG -     gz_id=1004288 'coapan' score=1.000 nombre=False saint_only=True terr= phase=candidate
2026-07-02 17:51:18 - matching_padroncharcas - DEBUG -     gz_id=1004288 'coapan' score=1.000 nombre=False saint_only=True terr= phase=candidate
2026-07-02 17:51:18 - matching_padroncharcas - DEBUG -     gz_id=1004423 'cacalchen' score=1.000 nombre=False saint_only=True terr= phase=candidate
2026-07-02 17:51:18 - matching_padroncharcas - DEBUG -     gz_id=1004423 'cacalchen' score=1.000 nombre=False saint_only=True terr= phase=candidate
2026-07-02 17:51:18 - matching_padroncharcas - DEBUG -     gz_id=1004490 'teabo' score=1.000 nombre=False saint_only=True terr= phase=candidate
2026-07-02 17:51:18 - matching_padroncharcas - DEBUG -     gz_id=1004490 'teabo' score=1.000 nombre=False saint_only=True terr= phase=candidate
2026-07-02 17:51:18 - matching_padroncharcas - DEBUG -     gz_id=1004490 'teabo' score=1.000 nombre=False saint_only=True terr= phase=candidate
2026-07-02 17:51:18 - matching_padroncharcas - DEBUG -     gz_id=1004841 'san pablo' score=1.000 nombre=False saint_only=True terr= phase=candidate
2026-07-02 17:51:18 - matching_padroncharcas - DEBUG -     gz_id=1004841 'san pablo' score=1.000 nombre=False saint_only=True terr= phase=candidate
2026-07-02 17:51:18 - matching_padroncharcas - DEBUG -     gz_id=1004931 'labradores' score=1.000 nombre=False saint_only=True terr= phase=candidate
2026-07-02 17:51:18 - matching_padroncharcas - DEBUG -     gz_id=1004931 'labradores' score=1.000 nombre=False saint_only=True terr= phase=candidate
2026-07-02 17:51:18 - matching_padroncharcas - DEBUG -     gz_id=1004931 'labradores' score=1.000 nombre=False saint_only=True terr= phase=candidate
2026-07-02 17:51:18 - matching_padroncharcas - DEBUG -     gz_id=1004978 'tanlacun' score=1.000 nombre=False saint_only=True terr= phase=candidate
2026-07-02 17:51:18 - matching_padroncharcas - DEBUG -     gz_id=1004978 'tanlacun' score=1.000 nombre=False saint_only=True terr= phase=candidate
2026-07-02 17:51:18 - matching_padroncharcas - DEBUG -     gz_id=1005124 'san pablo' score=1.000 nombre=False saint_only=True terr= phase=candidate
2026-07-02 17:51:18 - matching_padroncharcas - DEBUG -     gz_id=1005244 'san pablo buena bista' score=1.000 nombre=False saint_only=True terr= phase=candidate
2026-07-02 17:51:18 - matching_padroncharcas - DEBUG -     gz_id=1005244 'san pablo buena bista' score=1.000 nombre=False saint_only=True terr= phase=candidate
2026-07-02 17:51:18 - matching_padroncharcas - DEBUG -     gz_id=2000024 'acala' score=1.000 nombre=False saint_only=True terr= phase=candidate
2026-07-02 17:51:18 - matching_padroncharcas - DEBUG -     gz_id=2000024 'acala' score=1.000 nombre=False saint_only=True terr= phase=candidate
2026-07-02 17:51:18 - matching_padroncharcas - DEBUG -     gz_id=2000024 'acala' score=1.000 nombre=False saint_only=True terr= phase=candidate
2026-07-02 17:51:18 - matching_padroncharcas - DEBUG -     gz_id=2000038 'chalchihuitan' score=1.000 nombre=False saint_only=True terr= phase=candidate
2026-07-02 17:51:18 - matching_padroncharcas - DEBUG -     gz_id=2000038 'chalchihuitan' score=1.000 nombre=False saint_only=True terr= phase=candidate
2026-07-02 17:51:18 - matching_padroncharcas - DEBUG -     gz_id=2000038 'chalchihuitan' score=1.000 nombre=False saint_only=True terr= phase=candidate
2026-07-02 17:51:18 - matching_padroncharcas - DEBUG -     gz_id=2000373 'san pablo' score=1.000 nombre=True saint_only=False terr= phase=auto_adopt
2026-07-02 17:51:18 - matching_padroncharcas - DEBUG -     gz_id=2000399 'san pablo lahuna' score=1.000 nombre=False saint_only=True terr= phase=candidate
2026-07-02 17:51:18 - matching_padroncharcas - DEBUG -     gz_id=2000427 'tacachico' score=1.000 nombre=False saint_only=True terr= phase=candidate
2026-07-02 17:51:18 - matching_padroncharcas - DEBUG -     gz_id=2000427 'tacachico' score=1.000 nombre=False saint_only=True terr= phase=candidate
2026-07-02 17:51:18 - matching_padroncharcas - DEBUG -     gz_id=2000531 'jocopilas' score=1.000 nombre=False saint_only=True terr= phase=candidate
2026-07-02 17:51:18 - matching_padroncharcas - DEBUG -     gz_id=2000784 'san pablo' score=1.000 nombre=True saint_only=False terr= phase=auto_adopt
2026-07-02 17:51:18 - matching_padroncharcas - DEBUG -     gz_id=2000784 'san pablo' score=1.000 nombre=True saint_only=False terr= phase=auto_adopt
2026-07-02 17:51:18 - matching_padroncharcas - DEBUG -     gz_id=2000784 'san pablo' score=1.000 nombre=True saint_only=False terr= phase=auto_adopt
2026-07-02 17:51:18 - matching_padroncharcas - DEBUG -     gz_id=2000784 'san pablo' score=1.000 nombre=True saint_only=False terr= phase=auto_adopt
2026-07-02 17:51:18 - matching_padroncharcas - DEBUG -     gz_id=3000162 'patali' score=1.000 nombre=False saint_only=True terr= phase=candidate
2026-07-02 17:51:18 - matching_padroncharcas - DEBUG -     gz_id=3000256 'jihuani' score=1.000 nombre=False saint_only=True terr= phase=candidate
2026-07-02 17:51:18 - matching_padroncharcas - DEBUG -     gz_id=3000256 'jihuani' score=1.000 nombre=False saint_only=True terr= phase=candidate
2026-07-02 17:51:18 - matching_padroncharcas - DEBUG -     gz_id=4000277 'san pablo' score=1.000 nombre=False saint_only=True terr= phase=candidate
2026-07-02 17:51:18 - matching_padroncharcas - DEBUG -     gz_id=4000277 'san pablo' score=1.000 nombre=False saint_only=True terr= phase=candidate
2026-07-02 17:51:18 - matching_padroncharcas - DEBUG -     gz_id=4000277 'san pablo' score=1.000 nombre=False saint_only=True terr= phase=candidate
2026-07-02 17:51:18 - matching_padroncharcas - DEBUG -     gz_id=4000277 'san pablo' score=1.000 nombre=False saint_only=True terr= phase=candidate
2026-07-02 17:51:18 - matching_padroncharcas - DEBUG -     gz_id=4000304 'cumamo' score=1.000 nombre=False saint_only=True terr= phase=candidate
2026-07-02 17:51:18 - matching_padroncharcas - DEBUG -     gz_id=4000304 'cumamo' score=1.000 nombre=False saint_only=True terr= phase=candidate
2026-07-02 17:51:18 - matching_padroncharcas - DEBUG -     gz_id=4000304 'cumamo' score=1.000 nombre=False saint_only=True terr= phase=candidate
2026-07-02 17:51:18 - matching_padroncharcas - DEBUG -     gz_id=4000304 'cumamo' score=1.000 nombre=False saint_only=True terr= phase=candidate
2026-07-02 17:51:18 - matching_padroncharcas - DEBUG -     gz_id=4000337 'san pablo huere' score=1.000 nombre=False saint_only=True terr= phase=candidate
2026-07-02 17:51:18 - matching_padroncharcas - DEBUG -     gz_id=4000337 'san pablo huere' score=1.000 nombre=False saint_only=True terr= phase=candidate
2026-07-02 17:51:18 - matching_padroncharcas - DEBUG -     gz_id=4000337 'san pablo huere' score=1.000 nombre=False saint_only=True terr= phase=candidate
2026-07-02 17:51:18 - matching_padroncharcas - DEBUG -     gz_id=4000337 'san pablo huere' score=1.000 nombre=False saint_only=True terr= phase=candidate
2026-07-02 17:51:18 - matching_padroncharcas - DEBUG -     gz_id=4000337 'san pablo huere' score=1.000 nombre=False saint_only=True terr= phase=candidate
2026-07-02 17:51:18 - matching_padroncharcas - DEBUG -     gz_id=4000337 'san pablo huere' score=1.000 nombre=False saint_only=True terr= phase=candidate
2026-07-02 17:51:18 - matching_padroncharcas - DEBUG -     gz_id=4000337 'san pablo huere' score=1.000 nombre=False saint_only=True terr= phase=candidate
2026-07-02 17:51:18 - matching_padroncharcas - DEBUG -     gz_id=4000337 'san pablo huere' score=1.000 nombre=False saint_only=True terr= phase=candidate
2026-07-02 17:51:18 - matching_padroncharcas - DEBUG -     gz_id=4000378 'coicuar' score=1.000 nombre=False saint_only=True terr= phase=candidate
2026-07-02 17:51:18 - matching_padroncharcas - DEBUG -     gz_id=4000378 'coicuar' score=1.000 nombre=False saint_only=True terr= phase=candidate
2026-07-02 17:51:18 - matching_padroncharcas - DEBUG -     gz_id=4000378 'coicuar' score=1.000 nombre=False saint_only=True terr= phase=candidate
2026-07-02 17:51:18 - matching_padroncharcas - DEBUG -     gz_id=4000378 'coicuar' score=1.000 nombre=False saint_only=True terr= phase=candidate
2026-07-02 17:51:18 - matching_padroncharcas - DEBUG -     gz_id=4000378 'coicuar' score=1.000 nombre=False saint_only=True terr= phase=candidate
2026-07-02 17:51:18 - matching_padroncharcas - DEBUG -     gz_id=4000378 'coicuar' score=1.000 nombre=False saint_only=True terr= phase=candidate
2026-07-02 17:51:18 - matching_padroncharcas - DEBUG -     gz_id=4000378 'coicuar' score=1.000 nombre=False saint_only=True terr= phase=candidate
2026-07-02 17:51:18 - matching_padroncharcas - DEBUG -     gz_id=4000387 'rincon' score=1.000 nombre=False saint_only=True terr= phase=candidate
2026-07-02 17:51:18 - matching_padroncharcas - DEBUG -     gz_id=4000387 'rincon' score=1.000 nombre=False saint_only=True terr= phase=candidate
2026-07-02 17:51:18 - matching_padroncharcas - DEBUG -     gz_id=4000387 'rincon' score=1.000 nombre=False saint_only=True terr= phase=candidate
2026-07-02 17:51:18 - matching_padroncharcas - DEBUG -     gz_id=4000387 'rincon' score=1.000 nombre=False saint_only=True terr= phase=candidate
2026-07-02 17:51:18 - matching_padroncharcas - DEBUG -     gz_id=4000387 'rincon' score=1.000 nombre=False saint_only=True terr= phase=candidate
2026-07-02 17:51:18 - matching_padroncharcas - DEBUG -     gz_id=4000387 'rincon' score=1.000 nombre=False saint_only=True terr= phase=candidate
2026-07-02 17:51:18 - matching_padroncharcas - DEBUG -     gz_id=4000387 'rincon' score=1.000 nombre=False saint_only=True terr= phase=candidate
2026-07-02 17:51:18 - matching_padroncharcas - DEBUG -     gz_id=4000387 'rincon' score=1.000 nombre=False saint_only=True terr= phase=candidate
2026-07-02 17:51:18 - matching_padroncharcas - DEBUG -     gz_id=4000554 'huachiba' score=1.000 nombre=False saint_only=True terr= phase=candidate
2026-07-02 17:51:18 - matching_padroncharcas - DEBUG -     gz_id=4000554 'huachiba' score=1.000 nombre=False saint_only=True terr= phase=candidate
2026-07-02 17:51:18 - matching_padroncharcas - DEBUG -     gz_id=4000554 'huachiba' score=1.000 nombre=False saint_only=True terr= phase=candidate
2026-07-02 17:51:18 - matching_padroncharcas - DEBUG -     gz_id=4000554 'huachiba' score=1.000 nombre=False saint_only=True terr= phase=candidate
2026-07-02 17:51:18 - matching_padroncharcas - DEBUG -     gz_id=4000554 'huachiba' score=1.000 nombre=False saint_only=True terr= phase=candidate
2026-07-02 17:51:18 - matching_padroncharcas - DEBUG -     gz_id=4000661 'bomboi' score=1.000 nombre=False saint_only=True terr= phase=candidate
2026-07-02 17:51:18 - matching_padroncharcas - DEBUG -     gz_id=4000661 'bomboi' score=1.000 nombre=False saint_only=True terr= phase=candidate
2026-07-02 17:51:18 - matching_padroncharcas - DEBUG -     gz_id=4000661 'bomboi' score=1.000 nombre=False saint_only=True terr= phase=candidate
2026-07-02 17:51:18 - matching_padroncharcas - DEBUG -     gz_id=4000661 'bomboi' score=1.000 nombre=False saint_only=True terr= phase=candidate
2026-07-02 17:51:18 - matching_padroncharcas - DEBUG -     gz_id=4000661 'bomboi' score=1.000 nombre=False saint_only=True terr= phase=candidate
2026-07-02 17:51:18 - matching_padroncharcas - DEBUG -     gz_id=4000661 'bomboi' score=1.000 nombre=False saint_only=True terr= phase=candidate
2026-07-02 17:51:18 - matching_padroncharcas - DEBUG -     gz_id=5000551 'san pablo' score=1.000 nombre=True saint_only=False terr= phase=auto_adopt
2026-07-02 17:51:18 - matching_padroncharcas - DEBUG -     gz_id=5000551 'san pablo' score=1.000 nombre=True saint_only=False terr= phase=auto_adopt
2026-07-02 17:51:18 - matching_padroncharcas - DEBUG -     gz_id=5000551 'san pablo' score=1.000 nombre=True saint_only=False terr= phase=auto_adopt
2026-07-02 17:51:18 - matching_padroncharcas - DEBUG -     gz_id=5000551 'san pablo' score=1.000 nombre=True saint_only=False terr= phase=auto_adopt
2026-07-02 17:51:18 - matching_padroncharcas - DEBUG -     gz_id=5000551 'san pablo' score=1.000 nombre=True saint_only=False terr= phase=auto_adopt
2026-07-02 17:51:18 - matching_padroncharcas - DEBUG -     gz_id=5000663 'huacacia' score=1.000 nombre=False saint_only=True terr= phase=candidate
2026-07-02 17:51:18 - matching_padroncharcas - DEBUG -     gz_id=5000663 'huacacia' score=1.000 nombre=False saint_only=True terr= phase=candidate
2026-07-02 17:51:18 - matching_padroncharcas - DEBUG -     gz_id=5000663 'huacacia' score=1.000 nombre=False saint_only=True terr= phase=candidate
2026-07-02 17:51:18 - matching_padroncharcas - DEBUG -     gz_id=5000848 'tucuraca' score=1.000 nombre=False saint_only=True terr= phase=candidate
2026-07-02 17:51:18 - matching_padroncharcas - DEBUG -     gz_id=5000848 'tucuraca' score=1.000 nombre=False saint_only=True terr= phase=candidate
2026-07-02 17:51:18 - matching_padroncharcas - DEBUG -     gz_id=5600102 'montecristo' score=1.000 nombre=False saint_only=True terr= phase=candidate
2026-07-02 17:51:18 - matching_padroncharcas - DEBUG -     gz_id=5600102 'montecristo' score=1.000 nombre=False saint_only=True terr= phase=candidate
2026-07-02 17:51:18 - matching_padroncharcas - DEBUG -     gz_id=5600102 'montecristo' score=1.000 nombre=False saint_only=True terr= phase=candidate
2026-07-02 17:51:18 - matching_padroncharcas - DEBUG -     gz_id=5600102 'montecristo' score=1.000 nombre=False saint_only=True terr= phase=candidate
2026-07-02 17:51:18 - matching_padroncharcas - DEBUG -     gz_id=5600102 'montecristo' score=1.000 nombre=False saint_only=True terr= phase=candidate
2026-07-02 17:51:18 - matching_padroncharcas - DEBUG -     gz_id=5600154 'san pablo' score=1.000 nombre=True saint_only=False terr= phase=auto_adopt
2026-07-02 17:51:18 - matching_padroncharcas - DEBUG -     gz_id=5600154 'san pablo' score=1.000 nombre=True saint_only=False terr= phase=auto_adopt
2026-07-02 17:51:18 - matching_padroncharcas - DEBUG -     gz_id=5600154 'san pablo' score=1.000 nombre=True saint_only=False terr= phase=auto_adopt
2026-07-02 17:51:18 - matching_padroncharcas - DEBUG -     gz_id=5600316 'napeanos' score=1.000 nombre=False saint_only=True terr= phase=candidate
2026-07-02 17:51:18 - matching_padroncharcas - DEBUG -     gz_id=5600316 'napeanos' score=1.000 nombre=False saint_only=True terr= phase=candidate
2026-07-02 17:51:18 - matching_padroncharcas - DEBUG -     gz_id=5600316 'napeanos' score=1.000 nombre=False saint_only=True terr= phase=candidate
2026-07-02 17:51:18 - matching_padroncharcas - DEBUG -     gz_id=5600316 'napeanos' score=1.000 nombre=False saint_only=True terr= phase=candidate
2026-07-02 17:51:18 - matching_padroncharcas - DEBUG -     gz_id=5600316 'napeanos' score=1.000 nombre=False saint_only=True terr= phase=candidate
2026-07-02 17:51:18 - matching_padroncharcas - DEBUG -     gz_id=5600316 'napeanos' score=1.000 nombre=False saint_only=True terr= phase=candidate
2026-07-02 17:51:18 - matching_padroncharcas - DEBUG -     gz_id=5600355 'san pablo' score=1.000 nombre=True saint_only=False terr= phase=auto_adopt
2026-07-02 17:51:18 - matching_padroncharcas - DEBUG -     gz_id=5600355 'san pablo' score=1.000 nombre=True saint_only=False terr= phase=auto_adopt
2026-07-02 17:51:18 - matching_padroncharcas - DEBUG -     gz_id=5600355 'san pablo' score=1.000 nombre=True saint_only=False terr= phase=auto_adopt
2026-07-02 17:51:18 - matching_padroncharcas - DEBUG -     gz_id=5600355 'san pablo' score=1.000 nombre=True saint_only=False terr= phase=auto_adopt
2026-07-02 17:51:18 - matching_padroncharcas - DEBUG -     gz_id=5600355 'san pablo' score=1.000 nombre=True saint_only=False terr= phase=auto_adopt
2026-07-02 17:51:18 - matching_padroncharcas - DEBUG -     gz_id=5600576 'san pablo' score=1.000 nombre=True saint_only=False terr= phase=auto_adopt
2026-07-02 17:51:18 - matching_padroncharcas - DEBUG -     gz_id=5600576 'san pablo' score=1.000 nombre=True saint_only=False terr= phase=auto_adopt
2026-07-02 17:51:18 - matching_padroncharcas - DEBUG -     gz_id=5600576 'san pablo' score=1.000 nombre=True saint_only=False terr= phase=auto_adopt
2026-07-02 17:51:18 - matching_padroncharcas - DEBUG -     gz_id=5600762 'san pablo' score=1.000 nombre=True saint_only=False terr= phase=auto_adopt
2026-07-02 17:51:18 - matching_padroncharcas - DEBUG -     gz_id=5600762 'san pablo' score=1.000 nombre=True saint_only=False terr= phase=auto_adopt
2026-07-02 17:51:18 - matching_padroncharcas - DEBUG -     gz_id=5600762 'san pablo' score=1.000 nombre=True saint_only=False terr= phase=auto_adopt
2026-07-02 17:51:18 - matching_padroncharcas - DEBUG -     gz_id=6000369 'san pablo' score=1.000 nombre=True saint_only=False terr= phase=auto_adopt
2026-07-02 17:51:18 - matching_padroncharcas - DEBUG -     gz_id=6000369 'san pablo' score=1.000 nombre=True saint_only=False terr= phase=auto_adopt
2026-07-02 17:51:18 - matching_padroncharcas - DEBUG -     gz_id=6000369 'san pablo' score=1.000 nombre=True saint_only=False terr= phase=auto_adopt
2026-07-02 17:51:18 - matching_padroncharcas - DEBUG -     gz_id=6001241 'chalique' score=1.000 nombre=False saint_only=True terr= phase=candidate
2026-07-02 17:51:18 - matching_padroncharcas - DEBUG -     gz_id=6001241 'chalique' score=1.000 nombre=False saint_only=True terr= phase=candidate
2026-07-02 17:51:18 - matching_padroncharcas - DEBUG -     gz_id=6001572 'caretequi' score=1.000 nombre=False saint_only=True terr= phase=candidate
2026-07-02 17:51:18 - matching_padroncharcas - DEBUG -     gz_id=8000167 'san pablo' score=1.000 nombre=True saint_only=False terr=region_exact phase=auto_adopt
2026-07-02 17:51:18 - matching_padroncharcas - DEBUG -     gz_id=8000167 'san pablo' score=1.000 nombre=True saint_only=False terr=region_exact phase=auto_adopt
2026-07-02 17:51:18 - matching_padroncharcas - DEBUG -     gz_id=8000669 'san pablo' score=1.000 nombre=False saint_only=True terr=region_exact phase=candidate
2026-07-02 17:51:18 - matching_padroncharcas - DEBUG -     gz_id=8000669 'san pablo' score=1.000 nombre=False saint_only=True terr=region_exact phase=candidate
2026-07-02 17:51:18 - matching_padroncharcas - DEBUG -     gz_id=8000669 'san pablo' score=1.000 nombre=False saint_only=True terr=region_exact phase=candidate
2026-07-02 17:51:18 - matching_padroncharcas - DEBUG -     gz_id=8000706 'san pablo' score=1.000 nombre=False saint_only=True terr=region_exact phase=candidate
2026-07-02 17:51:18 - matching_padroncharcas - DEBUG -     gz_id=8000706 'san pablo' score=1.000 nombre=False saint_only=True terr=region_exact phase=candidate
2026-07-02 17:51:18 - matching_padroncharcas - DEBUG -     gz_id=8000706 'san pablo' score=1.000 nombre=False saint_only=True terr=region_exact phase=candidate
2026-07-02 17:51:18 - matching_padroncharcas - DEBUG -     gz_id=3000087 'ceja pablo' score=0.875 nombre=False saint_only=False terr= phase=candidate
2026-07-02 17:51:18 - matching_padroncharcas - DEBUG -     gz_id=3000087 'ceja pablo' score=0.875 nombre=False saint_only=False terr= phase=candidate
2026-07-02 17:51:18 - matching_padroncharcas - DEBUG -     gz_id=3000087 'ceja pablo' score=0.875 nombre=False saint_only=False terr= phase=candidate
2026-07-02 17:51:18 - matching_padroncharcas - DEBUG -     gz_id=3000087 'ceja pablo' score=0.875 nombre=False saint_only=False terr= phase=candidate
2026-07-02 17:51:18 - matching_padroncharcas - DEBUG -     gz_id=9900669 'san pedro' score=0.800 nombre=False saint_only=False terr= phase=relegated
2026-07-02 17:51:18 - matching_padroncharcas - DEBUG -     gz_id=9900669 'san pedro' score=0.800 nombre=False saint_only=False terr= phase=relegated
2026-07-02 17:51:18 - matching_padroncharcas - DEBUG -     gz_id=9900669 'san pedro' score=0.800 nombre=False saint_only=False terr= phase=relegated
2026-07-02 17:51:18 - matching_padroncharcas - INFO -   Before dedup: 314 candidates
2026-07-02 17:51:18 - matching_padroncharcas - INFO -   After dedup: 110 unique gz_ids
2026-07-02 17:51:18 - matching_padroncharcas - INFO -   Dropped 106 territory-contradicting candidates
2026-07-02 17:51:18 - matching_padroncharcas - INFO -   Input has territorial data: True
2026-07-02 17:51:18 - matching_padroncharcas - INFO -   Candidates with territory match: 4
2026-07-02 17:51:18 - matching_padroncharcas - INFO -   After territorial filter (keeping region): 4 candidates
2026-07-02 17:51:18 - matching_padroncharcas - INFO -   Nombre matches (exact on lugar_nombre): 2
2026-07-02 17:51:18 - matching_padroncharcas - INFO -   Saint-only matches: 2
2026-07-02 17:51:18 - matching_padroncharcas - INFO -   Substantive matches: 2
2026-07-02 17:51:18 - matching_padroncharcas - INFO -   NOMBRE PRIORITY: Keeping ONLY 2 nombre matches, discarding 0 others
2026-07-02 17:51:18 - matching_padroncharcas - INFO -      gz_id=9900267: San Pablo
2026-07-02 17:51:18 - matching_padroncharcas - INFO -      gz_id=8000167: San Pablo
2026-07-02 17:51:18 - matching_padroncharcas - INFO -   Candidate pool (>= threshold): 2
2026-07-02 17:51:18 - matching_padroncharcas - INFO -   2 candidate(s) -> candidate
2026-07-02 17:51:18 - matching_padroncharcas - INFO -   rowID=7390: found at step 'no_partido_jurisdiccion'
2026-07-02 17:51:18 - matching_padroncharcas - INFO - 
============================================================
2026-07-02 17:51:18 - matching_padroncharcas - INFO - Processing rowID=7391: 'Santiago' -> cleaned: 'santiago'
2026-07-02 17:51:18 - matching_padroncharcas - INFO -   Token-based candidates: 1188
2026-07-02 17:51:19 - matching_padroncharcas - INFO -   Fuzzy matches (score >= 70, limit=500): 1188
2026-07-02 17:51:19 - matching_padroncharcas - DEBUG -     gz_id=1001597 'sacualuca' score=1.000 nombre=False saint_only=True terr= phase=candidate
2026-07-02 17:51:19 - matching_padroncharcas - DEBUG -     gz_id=1001597 'sacualuca' score=1.000 nombre=False saint_only=True terr= phase=candidate
2026-07-02 17:51:19 - matching_padroncharcas - DEBUG -     gz_id=1003278 'tlaxco chiconcuautla' score=1.000 nombre=False saint_only=True terr= phase=candidate
2026-07-02 17:51:19 - matching_padroncharcas - DEBUG -     gz_id=1003278 'tlaxco chiconcuautla' score=1.000 nombre=False saint_only=True terr= phase=candidate
2026-07-02 17:51:19 - matching_padroncharcas - DEBUG -     gz_id=1003278 'tlaxco chiconcuautla' score=1.000 nombre=False saint_only=True terr= phase=candidate
2026-07-02 17:51:19 - matching_padroncharcas - DEBUG -     gz_id=1001606 'tlacotepec' score=1.000 nombre=False saint_only=True terr= phase=candidate
2026-07-02 17:51:19 - matching_padroncharcas - DEBUG -     gz_id=1001606 'tlacotepec' score=1.000 nombre=False saint_only=True terr= phase=candidate
2026-07-02 17:51:19 - matching_padroncharcas - DEBUG -     gz_id=1003285 'jilocuautla' score=1.000 nombre=False saint_only=True terr= phase=candidate
2026-07-02 17:51:19 - matching_padroncharcas - DEBUG -     gz_id=1003285 'jilocuautla' score=1.000 nombre=False saint_only=True terr= phase=candidate
2026-07-02 17:51:19 - matching_padroncharcas - DEBUG -     gz_id=1003285 'jilocuautla' score=1.000 nombre=False saint_only=True terr= phase=candidate
2026-07-02 17:51:19 - matching_padroncharcas - DEBUG -     gz_id=1001615 'atotonilco' score=1.000 nombre=False saint_only=True terr= phase=candidate
2026-07-02 17:51:19 - matching_padroncharcas - DEBUG -     gz_id=1001615 'atotonilco' score=1.000 nombre=False saint_only=True terr= phase=candidate
2026-07-02 17:51:19 - matching_padroncharcas - DEBUG -     gz_id=1001615 'atotonilco' score=1.000 nombre=False saint_only=True terr= phase=candidate
2026-07-02 17:51:19 - matching_padroncharcas - DEBUG -     gz_id=1001615 'atotonilco' score=1.000 nombre=False saint_only=True terr= phase=candidate
2026-07-02 17:51:19 - matching_padroncharcas - DEBUG -     gz_id=1003289 'ietla' score=1.000 nombre=False saint_only=True terr= phase=candidate
2026-07-02 17:51:19 - matching_padroncharcas - DEBUG -     gz_id=1003289 'ietla' score=1.000 nombre=False saint_only=True terr= phase=candidate
2026-07-02 17:51:19 - matching_padroncharcas - DEBUG -     gz_id=1003289 'ietla' score=1.000 nombre=False saint_only=True terr= phase=candidate
2026-07-02 17:51:19 - matching_padroncharcas - DEBUG -     gz_id=1004876 'analco' score=1.000 nombre=False saint_only=False terr= phase=candidate
2026-07-02 17:51:19 - matching_padroncharcas - DEBUG -     gz_id=1004876 'analco' score=1.000 nombre=False saint_only=False terr= phase=candidate
2026-07-02 17:51:19 - matching_padroncharcas - DEBUG -     gz_id=5000007 'santiago' score=1.000 nombre=False saint_only=True terr= phase=candidate
2026-07-02 17:51:19 - matching_padroncharcas - DEBUG -     gz_id=5000007 'santiago' score=1.000 nombre=False saint_only=True terr= phase=candidate
2026-07-02 17:51:19 - matching_padroncharcas - DEBUG -     gz_id=5000007 'santiago' score=1.000 nombre=False saint_only=True terr= phase=candidate
2026-07-02 17:51:19 - matching_padroncharcas - DEBUG -     gz_id=5000007 'santiago' score=1.000 nombre=False saint_only=True terr= phase=candidate
2026-07-02 17:51:19 - matching_padroncharcas - DEBUG -     gz_id=5000007 'santiago' score=1.000 nombre=False saint_only=True terr= phase=candidate
2026-07-02 17:51:19 - matching_padroncharcas - DEBUG -     gz_id=1003295 'acatitla' score=1.000 nombre=False saint_only=True terr= phase=candidate
2026-07-02 17:51:19 - matching_padroncharcas - DEBUG -     gz_id=1003295 'acatitla' score=1.000 nombre=False saint_only=True terr= phase=candidate
2026-07-02 17:51:19 - matching_padroncharcas - DEBUG -     gz_id=1004887 'janos' score=1.000 nombre=False saint_only=True terr= phase=candidate
2026-07-02 17:51:19 - matching_padroncharcas - DEBUG -     gz_id=1004887 'janos' score=1.000 nombre=False saint_only=True terr= phase=candidate
2026-07-02 17:51:19 - matching_padroncharcas - DEBUG -     gz_id=5000013 'berahuas' score=1.000 nombre=False saint_only=True terr= phase=candidate
2026-07-02 17:51:19 - matching_padroncharcas - DEBUG -     gz_id=5000013 'berahuas' score=1.000 nombre=False saint_only=True terr= phase=candidate
2026-07-02 17:51:19 - matching_padroncharcas - DEBUG -     gz_id=5000013 'berahuas' score=1.000 nombre=False saint_only=True terr= phase=candidate
2026-07-02 17:51:19 - matching_padroncharcas - DEBUG -     gz_id=5000013 'berahuas' score=1.000 nombre=False saint_only=True terr= phase=candidate
2026-07-02 17:51:19 - matching_padroncharcas - DEBUG -     gz_id=5000013 'berahuas' score=1.000 nombre=False saint_only=True terr= phase=candidate
2026-07-02 17:51:19 - matching_padroncharcas - DEBUG -     gz_id=6001415 'sana' score=1.000 nombre=False saint_only=True terr= phase=candidate
2026-07-02 17:51:19 - matching_padroncharcas - DEBUG -     gz_id=6001415 'sana' score=1.000 nombre=False saint_only=True terr= phase=candidate
2026-07-02 17:51:19 - matching_padroncharcas - DEBUG -     gz_id=1000035 'mapimi' score=1.000 nombre=False saint_only=True terr= phase=candidate
2026-07-02 17:51:19 - matching_padroncharcas - DEBUG -     gz_id=1000035 'mapimi' score=1.000 nombre=False saint_only=True terr= phase=candidate
2026-07-02 17:51:19 - matching_padroncharcas - DEBUG -     gz_id=1000038 'papasquiaro' score=1.000 nombre=False saint_only=True terr= phase=candidate
2026-07-02 17:51:19 - matching_padroncharcas - DEBUG -     gz_id=1000038 'papasquiaro' score=1.000 nombre=False saint_only=True terr= phase=candidate
2026-07-02 17:51:19 - matching_padroncharcas - DEBUG -     gz_id=1003311 'ilamatlan' score=1.000 nombre=False saint_only=True terr= phase=candidate
2026-07-02 17:51:19 - matching_padroncharcas - DEBUG -     gz_id=1003311 'ilamatlan' score=1.000 nombre=False saint_only=True terr= phase=candidate
2026-07-02 17:51:19 - matching_padroncharcas - DEBUG -     gz_id=1003316 'papalocuatla' score=1.000 nombre=False saint_only=True terr= phase=candidate
2026-07-02 17:51:19 - matching_padroncharcas - DEBUG -     gz_id=1003316 'papalocuatla' score=1.000 nombre=False saint_only=True terr= phase=candidate
2026-07-02 17:51:19 - matching_padroncharcas - DEBUG -     gz_id=5000026 'tolu' score=1.000 nombre=False saint_only=True terr= phase=candidate
2026-07-02 17:51:19 - matching_padroncharcas - DEBUG -     gz_id=5000026 'tolu' score=1.000 nombre=False saint_only=True terr= phase=candidate
2026-07-02 17:51:19 - matching_padroncharcas - DEBUG -     gz_id=5000026 'tolu' score=1.000 nombre=False saint_only=True terr= phase=candidate
2026-07-02 17:51:19 - matching_padroncharcas - DEBUG -     gz_id=5000026 'tolu' score=1.000 nombre=False saint_only=True terr= phase=candidate
2026-07-02 17:51:19 - matching_padroncharcas - DEBUG -     gz_id=5000026 'tolu' score=1.000 nombre=False saint_only=True terr= phase=candidate
2026-07-02 17:51:19 - matching_padroncharcas - DEBUG -     gz_id=1003320 'tenamicoia' score=1.000 nombre=False saint_only=True terr= phase=candidate
2026-07-02 17:51:19 - matching_padroncharcas - DEBUG -     gz_id=1003320 'tenamicoia' score=1.000 nombre=False saint_only=True terr= phase=candidate
2026-07-02 17:51:19 - matching_padroncharcas - DEBUG -     gz_id=1003325 'tlachichilquillo' score=1.000 nombre=False saint_only=True terr= phase=candidate
2026-07-02 17:51:19 - matching_padroncharcas - DEBUG -     gz_id=1001649 'cuaula' score=1.000 nombre=False saint_only=True terr= phase=candidate
2026-07-02 17:51:19 - matching_padroncharcas - DEBUG -     gz_id=1001649 'cuaula' score=1.000 nombre=False saint_only=True terr= phase=candidate
2026-07-02 17:51:19 - matching_padroncharcas - DEBUG -     gz_id=1001650 'cuautlalpan' score=1.000 nombre=False saint_only=True terr= phase=candidate
2026-07-02 17:51:19 - matching_padroncharcas - DEBUG -     gz_id=1001650 'cuautlalpan' score=1.000 nombre=False saint_only=True terr= phase=candidate
2026-07-02 17:51:19 - matching_padroncharcas - DEBUG -     gz_id=1003325 'tlachichilquillo' score=1.000 nombre=False saint_only=True terr= phase=candidate
2026-07-02 17:51:19 - matching_padroncharcas - DEBUG -     gz_id=6001440 'cao' score=1.000 nombre=False saint_only=True terr= phase=candidate
2026-07-02 17:51:19 - matching_padroncharcas - DEBUG -     gz_id=6001440 'cao' score=1.000 nombre=False saint_only=True terr= phase=candidate
2026-07-02 17:51:19 - matching_padroncharcas - DEBUG -     gz_id=6001445 'huaman' score=1.000 nombre=False saint_only=True terr= phase=candidate
2026-07-02 17:51:19 - matching_padroncharcas - DEBUG -     gz_id=6001445 'huaman' score=1.000 nombre=False saint_only=True terr= phase=candidate
2026-07-02 17:51:19 - matching_padroncharcas - DEBUG -     gz_id=1000067 'tequila' score=1.000 nombre=False saint_only=True terr= phase=candidate
2026-07-02 17:51:19 - matching_padroncharcas - DEBUG -     gz_id=1000067 'tequila' score=1.000 nombre=False saint_only=True terr= phase=candidate
2026-07-02 17:51:19 - matching_padroncharcas - DEBUG -     gz_id=1000068 'tlajomulco' score=1.000 nombre=False saint_only=True terr= phase=candidate
2026-07-02 17:51:19 - matching_padroncharcas - DEBUG -     gz_id=1000068 'tlajomulco' score=1.000 nombre=False saint_only=True terr= phase=candidate
2026-07-02 17:51:19 - matching_padroncharcas - DEBUG -     gz_id=1000069 'tomatlan' score=1.000 nombre=False saint_only=True terr= phase=candidate
2026-07-02 17:51:19 - matching_padroncharcas - DEBUG -     gz_id=1000069 'tomatlan' score=1.000 nombre=False saint_only=True terr= phase=candidate
2026-07-02 17:51:19 - matching_padroncharcas - DEBUG -     gz_id=1000070 'tonala' score=1.000 nombre=False saint_only=True terr= phase=candidate
2026-07-02 17:51:19 - matching_padroncharcas - DEBUG -     gz_id=1000070 'tonala' score=1.000 nombre=False saint_only=True terr= phase=candidate
2026-07-02 17:51:19 - matching_padroncharcas - DEBUG -     gz_id=1004927 'balle huajuco' score=1.000 nombre=False saint_only=True terr= phase=candidate
2026-07-02 17:51:19 - matching_padroncharcas - DEBUG -     gz_id=1001682 'dos caminos' score=1.000 nombre=False saint_only=True terr= phase=candidate
2026-07-02 17:51:19 - matching_padroncharcas - DEBUG -     gz_id=1001682 'dos caminos' score=1.000 nombre=False saint_only=True terr= phase=candidate
2026-07-02 17:51:19 - matching_padroncharcas - DEBUG -     gz_id=1004927 'balle huajuco' score=1.000 nombre=False saint_only=True terr= phase=candidate
2026-07-02 17:51:19 - matching_padroncharcas - DEBUG -     gz_id=1004927 'balle huajuco' score=1.000 nombre=False saint_only=True terr= phase=candidate
2026-07-02 17:51:19 - matching_padroncharcas - DEBUG -     gz_id=1004927 'balle huajuco' score=1.000 nombre=False saint_only=True terr= phase=candidate
2026-07-02 17:51:19 - matching_padroncharcas - DEBUG -     gz_id=1000080 'chalco' score=1.000 nombre=False saint_only=True terr= phase=candidate
2026-07-02 17:51:19 - matching_padroncharcas - DEBUG -     gz_id=1000080 'chalco' score=1.000 nombre=False saint_only=True terr= phase=candidate
2026-07-02 17:51:19 - matching_padroncharcas - DEBUG -     gz_id=1000085 'cuautla' score=1.000 nombre=False saint_only=True terr= phase=candidate
2026-07-02 17:51:19 - matching_padroncharcas - DEBUG -     gz_id=1000085 'cuautla' score=1.000 nombre=False saint_only=True terr= phase=candidate
2026-07-02 17:51:19 - matching_padroncharcas - DEBUG -     gz_id=1000085 'cuautla' score=1.000 nombre=False saint_only=True terr= phase=candidate
2026-07-02 17:51:19 - matching_padroncharcas - DEBUG -     gz_id=1001693 'sumpango rio' score=1.000 nombre=False saint_only=True terr= phase=candidate
2026-07-02 17:51:19 - matching_padroncharcas - DEBUG -     gz_id=1001693 'sumpango rio' score=1.000 nombre=False saint_only=True terr= phase=candidate
2026-07-02 17:51:19 - matching_padroncharcas - DEBUG -     gz_id=1003368 'jaltepetlapan' score=1.000 nombre=False saint_only=True terr= phase=candidate
2026-07-02 17:51:19 - matching_padroncharcas - DEBUG -     gz_id=1003368 'jaltepetlapan' score=1.000 nombre=False saint_only=True terr= phase=candidate
2026-07-02 17:51:19 - matching_padroncharcas - DEBUG -     gz_id=1004935 'moncloba' score=1.000 nombre=False saint_only=True terr= phase=candidate
2026-07-02 17:51:19 - matching_padroncharcas - DEBUG -     gz_id=5000074 'alanje' score=1.000 nombre=False saint_only=True terr= phase=candidate
2026-07-02 17:51:19 - matching_padroncharcas - DEBUG -     gz_id=5000074 'alanje' score=1.000 nombre=False saint_only=True terr= phase=candidate
2026-07-02 17:51:19 - matching_padroncharcas - DEBUG -     gz_id=1003372 'aiutla' score=1.000 nombre=False saint_only=True terr= phase=candidate
2026-07-02 17:51:19 - matching_padroncharcas - DEBUG -     gz_id=1003372 'aiutla' score=1.000 nombre=False saint_only=True terr= phase=candidate
2026-07-02 17:51:19 - matching_padroncharcas - DEBUG -     gz_id=1003372 'aiutla' score=1.000 nombre=False saint_only=True terr= phase=candidate
2026-07-02 17:51:19 - matching_padroncharcas - DEBUG -     gz_id=5000074 'alanje' score=1.000 nombre=False saint_only=True terr= phase=candidate
2026-07-02 17:51:19 - matching_padroncharcas - DEBUG -     gz_id=5000074 'alanje' score=1.000 nombre=False saint_only=True terr= phase=candidate
2026-07-02 17:51:19 - matching_padroncharcas - DEBUG -     gz_id=5000074 'alanje' score=1.000 nombre=False saint_only=True terr= phase=candidate
2026-07-02 17:51:19 - matching_padroncharcas - DEBUG -     gz_id=1000098 'queretaro' score=1.000 nombre=False saint_only=True terr= phase=candidate
2026-07-02 17:51:19 - matching_padroncharcas - DEBUG -     gz_id=1000098 'queretaro' score=1.000 nombre=False saint_only=True terr= phase=candidate
2026-07-02 17:51:19 - matching_padroncharcas - DEBUG -     gz_id=1003378 'cuautepec' score=1.000 nombre=False saint_only=True terr= phase=candidate
2026-07-02 17:51:19 - matching_padroncharcas - DEBUG -     gz_id=1003378 'cuautepec' score=1.000 nombre=False saint_only=True terr= phase=candidate
2026-07-02 17:51:19 - matching_padroncharcas - DEBUG -     gz_id=1003378 'cuautepec' score=1.000 nombre=False saint_only=True terr= phase=candidate
2026-07-02 17:51:19 - matching_padroncharcas - DEBUG -     gz_id=1001705 'miltepec' score=1.000 nombre=False saint_only=True terr= phase=candidate
2026-07-02 17:51:19 - matching_padroncharcas - DEBUG -     gz_id=1001705 'miltepec' score=1.000 nombre=False saint_only=True terr= phase=candidate
2026-07-02 17:51:19 - matching_padroncharcas - DEBUG -     gz_id=1001705 'miltepec' score=1.000 nombre=False saint_only=True terr= phase=candidate
2026-07-02 17:51:19 - matching_padroncharcas - DEBUG -     gz_id=1001705 'miltepec' score=1.000 nombre=False saint_only=True terr= phase=candidate
2026-07-02 17:51:19 - matching_padroncharcas - DEBUG -     gz_id=1000121 'ario' score=1.000 nombre=False saint_only=True terr= phase=candidate
2026-07-02 17:51:19 - matching_padroncharcas - DEBUG -     gz_id=1000121 'ario' score=1.000 nombre=False saint_only=True terr= phase=candidate
2026-07-02 17:51:19 - matching_padroncharcas - DEBUG -     gz_id=1000121 'ario' score=1.000 nombre=False saint_only=True terr= phase=candidate
2026-07-02 17:51:19 - matching_padroncharcas - DEBUG -     gz_id=1000121 'ario' score=1.000 nombre=False saint_only=True terr= phase=candidate
2026-07-02 17:51:19 - matching_padroncharcas - DEBUG -     gz_id=1003426 'teopantlan' score=1.000 nombre=False saint_only=True terr= phase=candidate
2026-07-02 17:51:19 - matching_padroncharcas - DEBUG -     gz_id=1003426 'teopantlan' score=1.000 nombre=False saint_only=True terr= phase=candidate
2026-07-02 17:51:19 - matching_padroncharcas - DEBUG -     gz_id=1003426 'teopantlan' score=1.000 nombre=False saint_only=True terr= phase=candidate
2026-07-02 17:51:19 - matching_padroncharcas - DEBUG -     gz_id=3000233 'santiago' score=1.000 nombre=False saint_only=True terr= phase=candidate
2026-07-02 17:51:19 - matching_padroncharcas - DEBUG -     gz_id=1005004 'tlalmajac' score=1.000 nombre=False saint_only=True terr= phase=candidate
2026-07-02 17:51:19 - matching_padroncharcas - DEBUG -     gz_id=1005004 'tlalmajac' score=1.000 nombre=False saint_only=True terr= phase=candidate
2026-07-02 17:51:19 - matching_padroncharcas - DEBUG -     gz_id=1003431 'tetla' score=1.000 nombre=False saint_only=True terr= phase=candidate
2026-07-02 17:51:19 - matching_padroncharcas - DEBUG -     gz_id=1003431 'tetla' score=1.000 nombre=False saint_only=True terr= phase=candidate
2026-07-02 17:51:19 - matching_padroncharcas - DEBUG -     gz_id=1001741 'tultengo' score=1.000 nombre=False saint_only=True terr= phase=candidate
2026-07-02 17:51:19 - matching_padroncharcas - DEBUG -     gz_id=1001741 'tultengo' score=1.000 nombre=False saint_only=True terr= phase=candidate
2026-07-02 17:51:19 - matching_padroncharcas - DEBUG -     gz_id=1001741 'tultengo' score=1.000 nombre=False saint_only=True terr= phase=candidate
2026-07-02 17:51:19 - matching_padroncharcas - DEBUG -     gz_id=1001745 'sacualoia' score=1.000 nombre=False saint_only=True terr= phase=candidate
2026-07-02 17:51:19 - matching_padroncharcas - DEBUG -     gz_id=1001745 'sacualoia' score=1.000 nombre=False saint_only=True terr= phase=candidate
2026-07-02 17:51:19 - matching_padroncharcas - DEBUG -     gz_id=1001745 'sacualoia' score=1.000 nombre=False saint_only=True terr= phase=candidate
2026-07-02 17:51:19 - matching_padroncharcas - DEBUG -     gz_id=6001571 'cuichequi' score=1.000 nombre=False saint_only=True terr= phase=candidate
2026-07-02 17:51:19 - matching_padroncharcas - DEBUG -     gz_id=1000157 'jamiltepec' score=1.000 nombre=False saint_only=True terr= phase=candidate
2026-07-02 17:51:19 - matching_padroncharcas - DEBUG -     gz_id=1000157 'jamiltepec' score=1.000 nombre=False saint_only=True terr= phase=candidate
2026-07-02 17:51:19 - matching_padroncharcas - DEBUG -     gz_id=1000158 'juxtlahuaca' score=1.000 nombre=False saint_only=True terr= phase=candidate
2026-07-02 17:51:19 - matching_padroncharcas - DEBUG -     gz_id=1000158 'juxtlahuaca' score=1.000 nombre=False saint_only=True terr= phase=candidate
2026-07-02 17:51:19 - matching_padroncharcas - DEBUG -     gz_id=1000158 'juxtlahuaca' score=1.000 nombre=False saint_only=True terr= phase=candidate
2026-07-02 17:51:19 - matching_padroncharcas - DEBUG -     gz_id=1003454 'patlanalan' score=1.000 nombre=False saint_only=True terr= phase=candidate
2026-07-02 17:51:19 - matching_padroncharcas - DEBUG -     gz_id=1003454 'patlanalan' score=1.000 nombre=False saint_only=True terr= phase=candidate
2026-07-02 17:51:19 - matching_padroncharcas - DEBUG -     gz_id=1003460 'iancuitlalpan' score=1.000 nombre=False saint_only=True terr= phase=candidate
2026-07-02 17:51:19 - matching_padroncharcas - DEBUG -     gz_id=1003460 'iancuitlalpan' score=1.000 nombre=False saint_only=True terr= phase=candidate
2026-07-02 17:51:19 - matching_padroncharcas - DEBUG -     gz_id=1003461 'iaonahuac' score=1.000 nombre=False saint_only=True terr= phase=candidate
2026-07-02 17:51:19 - matching_padroncharcas - DEBUG -     gz_id=1003461 'iaonahuac' score=1.000 nombre=False saint_only=True terr= phase=candidate
2026-07-02 17:51:19 - matching_padroncharcas - DEBUG -     gz_id=1003463 'sautla' score=1.000 nombre=False saint_only=True terr= phase=candidate
2026-07-02 17:51:19 - matching_padroncharcas - DEBUG -     gz_id=1003463 'sautla' score=1.000 nombre=False saint_only=True terr= phase=candidate
2026-07-02 17:51:19 - matching_padroncharcas - DEBUG -     gz_id=5000144 'santiago' score=1.000 nombre=True saint_only=False terr= phase=auto_adopt
2026-07-02 17:51:19 - matching_padroncharcas - DEBUG -     gz_id=5000144 'santiago' score=1.000 nombre=True saint_only=False terr= phase=auto_adopt
2026-07-02 17:51:19 - matching_padroncharcas - DEBUG -     gz_id=5000144 'santiago' score=1.000 nombre=True saint_only=False terr= phase=auto_adopt
2026-07-02 17:51:19 - matching_padroncharcas - DEBUG -     gz_id=5000144 'santiago' score=1.000 nombre=True saint_only=False terr= phase=auto_adopt
2026-07-02 17:51:19 - matching_padroncharcas - DEBUG -     gz_id=5000144 'santiago' score=1.000 nombre=True saint_only=False terr= phase=auto_adopt
2026-07-02 17:51:19 - matching_padroncharcas - DEBUG -     gz_id=5000144 'santiago' score=1.000 nombre=True saint_only=False terr= phase=auto_adopt
2026-07-02 17:51:19 - matching_padroncharcas - DEBUG -     gz_id=7000001 'santiago' score=1.000 nombre=False saint_only=True terr= phase=candidate
2026-07-02 17:51:19 - matching_padroncharcas - DEBUG -     gz_id=7000001 'santiago' score=1.000 nombre=False saint_only=True terr= phase=candidate
2026-07-02 17:51:19 - matching_padroncharcas - DEBUG -     gz_id=1005040 'sabinas' score=1.000 nombre=False saint_only=True terr= phase=candidate
2026-07-02 17:51:19 - matching_padroncharcas - DEBUG -     gz_id=1005040 'sabinas' score=1.000 nombre=False saint_only=True terr= phase=candidate
2026-07-02 17:51:19 - matching_padroncharcas - DEBUG -     gz_id=1005040 'sabinas' score=1.000 nombre=False saint_only=True terr= phase=candidate
2026-07-02 17:51:19 - matching_padroncharcas - DEBUG -     gz_id=1005040 'sabinas' score=1.000 nombre=False saint_only=True terr= phase=candidate
2026-07-02 17:51:19 - matching_padroncharcas - DEBUG -     gz_id=1000181 'ometepec' score=1.000 nombre=False saint_only=True terr= phase=candidate
2026-07-02 17:51:19 - matching_padroncharcas - DEBUG -     gz_id=1000181 'ometepec' score=1.000 nombre=False saint_only=True terr= phase=candidate
2026-07-02 17:51:19 - matching_padroncharcas - DEBUG -     gz_id=1000181 'ometepec' score=1.000 nombre=False saint_only=True terr= phase=candidate
2026-07-02 17:51:19 - matching_padroncharcas - DEBUG -     gz_id=1005040 'sabinas' score=1.000 nombre=False saint_only=True terr= phase=candidate
2026-07-02 17:51:19 - matching_padroncharcas - DEBUG -     gz_id=1005040 'sabinas' score=1.000 nombre=False saint_only=True terr= phase=candidate
2026-07-02 17:51:19 - matching_padroncharcas - DEBUG -     gz_id=1000184 'tecali' score=1.000 nombre=False saint_only=True terr= phase=candidate
2026-07-02 17:51:19 - matching_padroncharcas - DEBUG -     gz_id=1000184 'tecali' score=1.000 nombre=False saint_only=True terr= phase=candidate
2026-07-02 17:51:19 - matching_padroncharcas - DEBUG -     gz_id=1000184 'tecali' score=1.000 nombre=False saint_only=True terr= phase=candidate
2026-07-02 17:51:19 - matching_padroncharcas - DEBUG -     gz_id=1000184 'tecali' score=1.000 nombre=False saint_only=True terr= phase=candidate
2026-07-02 17:51:19 - matching_padroncharcas - DEBUG -     gz_id=1001790 'santiago' score=1.000 nombre=True saint_only=False terr= phase=auto_adopt
2026-07-02 17:51:19 - matching_padroncharcas - DEBUG -     gz_id=1001790 'santiago' score=1.000 nombre=True saint_only=False terr= phase=auto_adopt
2026-07-02 17:51:19 - matching_padroncharcas - DEBUG -     gz_id=1001791 'santiago molino' score=1.000 nombre=False saint_only=True terr= phase=candidate
2026-07-02 17:51:19 - matching_padroncharcas - DEBUG -     gz_id=1001791 'santiago molino' score=1.000 nombre=False saint_only=True terr= phase=candidate
2026-07-02 17:51:19 - matching_padroncharcas - DEBUG -     gz_id=1001797 'tepepa' score=1.000 nombre=False saint_only=True terr= phase=candidate
2026-07-02 17:51:19 - matching_padroncharcas - DEBUG -     gz_id=1001797 'tepepa' score=1.000 nombre=False saint_only=True terr= phase=candidate
2026-07-02 17:51:19 - matching_padroncharcas - DEBUG -     gz_id=1003483 'acatepec' score=1.000 nombre=False saint_only=True terr= phase=candidate
2026-07-02 17:51:19 - matching_padroncharcas - DEBUG -     gz_id=1003483 'acatepec' score=1.000 nombre=False saint_only=True terr= phase=candidate
2026-07-02 17:51:19 - matching_padroncharcas - DEBUG -     gz_id=1003490 'ajaiahualolco' score=1.000 nombre=False saint_only=True terr= phase=candidate
2026-07-02 17:51:19 - matching_padroncharcas - DEBUG -     gz_id=1003490 'ajaiahualolco' score=1.000 nombre=False saint_only=True terr= phase=candidate
2026-07-02 17:51:19 - matching_padroncharcas - DEBUG -     gz_id=1003497 'coatepec' score=1.000 nombre=False saint_only=True terr= phase=candidate
2026-07-02 17:51:19 - matching_padroncharcas - DEBUG -     gz_id=1003497 'coatepec' score=1.000 nombre=False saint_only=True terr= phase=candidate
2026-07-02 17:51:19 - matching_padroncharcas - DEBUG -     gz_id=1001815 'tepalcatlapan' score=1.000 nombre=False saint_only=True terr= phase=candidate
2026-07-02 17:51:19 - matching_padroncharcas - DEBUG -     gz_id=1001815 'tepalcatlapan' score=1.000 nombre=False saint_only=True terr= phase=candidate
2026-07-02 17:51:19 - matching_padroncharcas - DEBUG -     gz_id=1005063 'santiago' score=1.000 nombre=True saint_only=False terr= phase=auto_adopt
2026-07-02 17:51:19 - matching_padroncharcas - DEBUG -     gz_id=1005063 'santiago' score=1.000 nombre=True saint_only=False terr= phase=auto_adopt
2026-07-02 17:51:19 - matching_padroncharcas - DEBUG -     gz_id=1005063 'santiago' score=1.000 nombre=True saint_only=False terr= phase=auto_adopt
2026-07-02 17:51:19 - matching_padroncharcas - DEBUG -     gz_id=1003506 'miahuatlan' score=1.000 nombre=False saint_only=True terr= phase=candidate
2026-07-02 17:51:19 - matching_padroncharcas - DEBUG -     gz_id=1003506 'miahuatlan' score=1.000 nombre=False saint_only=True terr= phase=candidate
2026-07-02 17:51:19 - matching_padroncharcas - DEBUG -     gz_id=1001823 'tuliehualco' score=1.000 nombre=False saint_only=True terr= phase=candidate
2026-07-02 17:51:19 - matching_padroncharcas - DEBUG -     gz_id=1001823 'tuliehualco' score=1.000 nombre=False saint_only=True terr= phase=candidate
2026-07-02 17:51:19 - matching_padroncharcas - DEBUG -     gz_id=1000211 'cinaloa' score=1.000 nombre=False saint_only=True terr= phase=candidate
2026-07-02 17:51:19 - matching_padroncharcas - DEBUG -     gz_id=1000211 'cinaloa' score=1.000 nombre=False saint_only=True terr= phase=candidate
2026-07-02 17:51:19 - matching_padroncharcas - DEBUG -     gz_id=1000211 'cinaloa' score=1.000 nombre=False saint_only=True terr= phase=candidate
2026-07-02 17:51:19 - matching_padroncharcas - DEBUG -     gz_id=1000211 'cinaloa' score=1.000 nombre=False saint_only=True terr= phase=candidate
2026-07-02 17:51:19 - matching_padroncharcas - DEBUG -     gz_id=1000219 'tuxtla' score=1.000 nombre=False saint_only=True terr= phase=candidate
2026-07-02 17:51:19 - matching_padroncharcas - DEBUG -     gz_id=1000219 'tuxtla' score=1.000 nombre=False saint_only=True terr= phase=candidate
2026-07-02 17:51:19 - matching_padroncharcas - DEBUG -     gz_id=1000219 'tuxtla' score=1.000 nombre=False saint_only=True terr= phase=candidate
2026-07-02 17:51:19 - matching_padroncharcas - DEBUG -     gz_id=1000219 'tuxtla' score=1.000 nombre=False saint_only=True terr= phase=candidate
2026-07-02 17:51:19 - matching_padroncharcas - DEBUG -     gz_id=5600664 'santiago' score=1.000 nombre=True saint_only=False terr= phase=auto_adopt
2026-07-02 17:51:19 - matching_padroncharcas - DEBUG -     gz_id=5600664 'santiago' score=1.000 nombre=True saint_only=False terr= phase=auto_adopt
2026-07-02 17:51:19 - matching_padroncharcas - DEBUG -     gz_id=5600664 'santiago' score=1.000 nombre=True saint_only=False terr= phase=auto_adopt
2026-07-02 17:51:19 - matching_padroncharcas - DEBUG -     gz_id=5600664 'santiago' score=1.000 nombre=True saint_only=False terr= phase=auto_adopt
2026-07-02 17:51:19 - matching_padroncharcas - DEBUG -     gz_id=1003531 'acatlan' score=1.000 nombre=False saint_only=True terr= phase=candidate
2026-07-02 17:51:19 - matching_padroncharcas - DEBUG -     gz_id=1003531 'acatlan' score=1.000 nombre=False saint_only=True terr= phase=candidate
2026-07-02 17:51:19 - matching_padroncharcas - DEBUG -     gz_id=1003531 'acatlan' score=1.000 nombre=False saint_only=True terr= phase=candidate
2026-07-02 17:51:19 - matching_padroncharcas - DEBUG -     gz_id=1005084 'cerro santiago' score=1.000 nombre=False saint_only=True terr= phase=candidate
2026-07-02 17:51:19 - matching_padroncharcas - DEBUG -     gz_id=1005084 'cerro santiago' score=1.000 nombre=False saint_only=True terr= phase=candidate
2026-07-02 17:51:19 - matching_padroncharcas - DEBUG -     gz_id=1005084 'cerro santiago' score=1.000 nombre=False saint_only=True terr= phase=candidate
2026-07-02 17:51:19 - matching_padroncharcas - DEBUG -     gz_id=1005084 'cerro santiago' score=1.000 nombre=False saint_only=True terr= phase=candidate
2026-07-02 17:51:19 - matching_padroncharcas - DEBUG -     gz_id=5600664 'santiago' score=1.000 nombre=True saint_only=False terr= phase=auto_adopt
2026-07-02 17:51:19 - matching_padroncharcas - DEBUG -     gz_id=5600664 'santiago' score=1.000 nombre=True saint_only=False terr= phase=auto_adopt
2026-07-02 17:51:19 - matching_padroncharcas - DEBUG -     gz_id=5600664 'santiago' score=1.000 nombre=True saint_only=False terr= phase=auto_adopt
2026-07-02 17:51:19 - matching_padroncharcas - DEBUG -     gz_id=1003535 'alcececa' score=1.000 nombre=False saint_only=True terr= phase=candidate
2026-07-02 17:51:19 - matching_padroncharcas - DEBUG -     gz_id=1003535 'alcececa' score=1.000 nombre=False saint_only=True terr= phase=candidate
2026-07-02 17:51:19 - matching_padroncharcas - DEBUG -     gz_id=1003535 'alcececa' score=1.000 nombre=False saint_only=True terr= phase=candidate
2026-07-02 17:51:19 - matching_padroncharcas - DEBUG -     gz_id=1001849 'quahuecuahuasco' score=1.000 nombre=False saint_only=True terr= phase=candidate
2026-07-02 17:51:19 - matching_padroncharcas - DEBUG -     gz_id=1001849 'quahuecuahuasco' score=1.000 nombre=False saint_only=True terr= phase=candidate
2026-07-02 17:51:19 - matching_padroncharcas - DEBUG -     gz_id=1003548 'nopalucan' score=1.000 nombre=False saint_only=True terr= phase=candidate
2026-07-02 17:51:19 - matching_padroncharcas - DEBUG -     gz_id=1003548 'nopalucan' score=1.000 nombre=False saint_only=True terr= phase=candidate
2026-07-02 17:51:19 - matching_padroncharcas - DEBUG -     gz_id=1003548 'nopalucan' score=1.000 nombre=False saint_only=True terr= phase=candidate
2026-07-02 17:51:19 - matching_padroncharcas - DEBUG -     gz_id=1001874 'ahuehuetla' score=1.000 nombre=False saint_only=True terr= phase=candidate
2026-07-02 17:51:19 - matching_padroncharcas - DEBUG -     gz_id=1001874 'ahuehuetla' score=1.000 nombre=False saint_only=True terr= phase=candidate
2026-07-02 17:51:19 - matching_padroncharcas - DEBUG -     gz_id=1001874 'ahuehuetla' score=1.000 nombre=False saint_only=True terr= phase=candidate
2026-07-02 17:51:19 - matching_padroncharcas - DEBUG -     gz_id=1001880 'chilacachapa' score=1.000 nombre=False saint_only=True terr= phase=candidate
2026-07-02 17:51:19 - matching_padroncharcas - DEBUG -     gz_id=1001880 'chilacachapa' score=1.000 nombre=False saint_only=True terr= phase=candidate
2026-07-02 17:51:19 - matching_padroncharcas - DEBUG -     gz_id=1001880 'chilacachapa' score=1.000 nombre=False saint_only=True terr= phase=candidate
2026-07-02 17:51:19 - matching_padroncharcas - DEBUG -     gz_id=1003567 'tenango' score=1.000 nombre=False saint_only=True terr= phase=candidate
2026-07-02 17:51:19 - matching_padroncharcas - DEBUG -     gz_id=1003567 'tenango' score=1.000 nombre=False saint_only=True terr= phase=candidate
2026-07-02 17:51:19 - matching_padroncharcas - DEBUG -     gz_id=1003567 'tenango' score=1.000 nombre=False saint_only=True terr= phase=candidate
2026-07-02 17:51:19 - matching_padroncharcas - DEBUG -     gz_id=1001889 'ixcatepec' score=1.000 nombre=False saint_only=True terr= phase=candidate
2026-07-02 17:51:19 - matching_padroncharcas - DEBUG -     gz_id=1001889 'ixcatepec' score=1.000 nombre=False saint_only=True terr= phase=candidate
2026-07-02 17:51:19 - matching_padroncharcas - DEBUG -     gz_id=1001889 'ixcatepec' score=1.000 nombre=False saint_only=True terr= phase=candidate
2026-07-02 17:51:19 - matching_padroncharcas - DEBUG -     gz_id=1001891 'malinaltenango' score=1.000 nombre=False saint_only=True terr= phase=candidate
2026-07-02 17:51:19 - matching_padroncharcas - DEBUG -     gz_id=1001891 'malinaltenango' score=1.000 nombre=False saint_only=True terr= phase=candidate
2026-07-02 17:51:19 - matching_padroncharcas - DEBUG -     gz_id=1001892 'mamatla' score=1.000 nombre=False saint_only=True terr= phase=candidate
2026-07-02 17:51:19 - matching_padroncharcas - DEBUG -     gz_id=1001892 'mamatla' score=1.000 nombre=False saint_only=True terr= phase=candidate
2026-07-02 17:51:19 - matching_padroncharcas - DEBUG -     gz_id=1001893 'oxtotitlan' score=1.000 nombre=False saint_only=True terr= phase=candidate
2026-07-02 17:51:19 - matching_padroncharcas - DEBUG -     gz_id=1001893 'oxtotitlan' score=1.000 nombre=False saint_only=True terr= phase=candidate
2026-07-02 17:51:19 - matching_padroncharcas - DEBUG -     gz_id=1001893 'oxtotitlan' score=1.000 nombre=False saint_only=True terr= phase=candidate
2026-07-02 17:51:19 - matching_padroncharcas - DEBUG -     gz_id=4000001 'caracas' score=1.000 nombre=False saint_only=True terr= phase=candidate
2026-07-02 17:51:19 - matching_padroncharcas - DEBUG -     gz_id=4000001 'caracas' score=1.000 nombre=False saint_only=True terr= phase=candidate
2026-07-02 17:51:19 - matching_padroncharcas - DEBUG -     gz_id=4000001 'caracas' score=1.000 nombre=False saint_only=True terr= phase=candidate
2026-07-02 17:51:19 - matching_padroncharcas - DEBUG -     gz_id=4000001 'caracas' score=1.000 nombre=False saint_only=True terr= phase=candidate
2026-07-02 17:51:19 - matching_padroncharcas - DEBUG -     gz_id=4000001 'caracas' score=1.000 nombre=False saint_only=True terr= phase=candidate
2026-07-02 17:51:19 - matching_padroncharcas - DEBUG -     gz_id=4000001 'caracas' score=1.000 nombre=False saint_only=True terr= phase=candidate
2026-07-02 17:51:19 - matching_padroncharcas - DEBUG -     gz_id=1001914 'tepeiahualco' score=1.000 nombre=False saint_only=True terr= phase=candidate
2026-07-02 17:51:19 - matching_padroncharcas - DEBUG -     gz_id=1001914 'tepeiahualco' score=1.000 nombre=False saint_only=True terr= phase=candidate
2026-07-02 17:51:19 - matching_padroncharcas - DEBUG -     gz_id=1001924 'santiago' score=1.000 nombre=True saint_only=False terr= phase=auto_adopt
2026-07-02 17:51:19 - matching_padroncharcas - DEBUG -     gz_id=1001924 'santiago' score=1.000 nombre=True saint_only=False terr= phase=auto_adopt
2026-07-02 17:51:19 - matching_padroncharcas - DEBUG -     gz_id=1003605 'nopala' score=1.000 nombre=False saint_only=True terr= phase=candidate
2026-07-02 17:51:19 - matching_padroncharcas - DEBUG -     gz_id=1003605 'nopala' score=1.000 nombre=False saint_only=True terr= phase=candidate
2026-07-02 17:51:19 - matching_padroncharcas - DEBUG -     gz_id=1001932 'tequixquiac' score=1.000 nombre=False saint_only=True terr= phase=candidate
2026-07-02 17:51:19 - matching_padroncharcas - DEBUG -     gz_id=1001932 'tequixquiac' score=1.000 nombre=False saint_only=True terr= phase=candidate
2026-07-02 17:51:19 - matching_padroncharcas - DEBUG -     gz_id=1001937 'conhuripo' score=1.000 nombre=False saint_only=True terr= phase=candidate
2026-07-02 17:51:19 - matching_padroncharcas - DEBUG -     gz_id=1001937 'conhuripo' score=1.000 nombre=False saint_only=True terr= phase=candidate
2026-07-02 17:51:19 - matching_padroncharcas - DEBUG -     gz_id=1001937 'conhuripo' score=1.000 nombre=False saint_only=True terr= phase=candidate
2026-07-02 17:51:19 - matching_padroncharcas - DEBUG -     gz_id=1001937 'conhuripo' score=1.000 nombre=False saint_only=True terr= phase=candidate
2026-07-02 17:51:19 - matching_padroncharcas - DEBUG -     gz_id=1001939 'numaran' score=1.000 nombre=False saint_only=True terr= phase=candidate
2026-07-02 17:51:19 - matching_padroncharcas - DEBUG -     gz_id=1001939 'numaran' score=1.000 nombre=False saint_only=True terr= phase=candidate
2026-07-02 17:51:19 - matching_padroncharcas - DEBUG -     gz_id=1001939 'numaran' score=1.000 nombre=False saint_only=True terr= phase=candidate
2026-07-02 17:51:19 - matching_padroncharcas - DEBUG -     gz_id=1001939 'numaran' score=1.000 nombre=False saint_only=True terr= phase=candidate
2026-07-02 17:51:19 - matching_padroncharcas - DEBUG -     gz_id=1001941 'acahuato' score=1.000 nombre=False saint_only=True terr= phase=candidate
2026-07-02 17:51:19 - matching_padroncharcas - DEBUG -     gz_id=1001941 'acahuato' score=1.000 nombre=False saint_only=True terr= phase=candidate
2026-07-02 17:51:19 - matching_padroncharcas - DEBUG -     gz_id=1001941 'acahuato' score=1.000 nombre=False saint_only=True terr= phase=candidate
2026-07-02 17:51:19 - matching_padroncharcas - DEBUG -     gz_id=5000286 'santiago' score=1.000 nombre=True saint_only=False terr= phase=auto_adopt
2026-07-02 17:51:19 - matching_padroncharcas - DEBUG -     gz_id=5000286 'santiago' score=1.000 nombre=True saint_only=False terr= phase=auto_adopt
2026-07-02 17:51:19 - matching_padroncharcas - DEBUG -     gz_id=1003627 'ecatlan' score=1.000 nombre=False saint_only=True terr= phase=candidate
2026-07-02 17:51:19 - matching_padroncharcas - DEBUG -     gz_id=1003627 'ecatlan' score=1.000 nombre=False saint_only=True terr= phase=candidate
2026-07-02 17:51:19 - matching_padroncharcas - DEBUG -     gz_id=1000277 'babonoiaba' score=1.000 nombre=False saint_only=True terr= phase=candidate
2026-07-02 17:51:19 - matching_padroncharcas - DEBUG -     gz_id=1000277 'babonoiaba' score=1.000 nombre=False saint_only=True terr= phase=candidate
2026-07-02 17:51:19 - matching_padroncharcas - DEBUG -     gz_id=1000277 'babonoiaba' score=1.000 nombre=False saint_only=True terr= phase=candidate
2026-07-02 17:51:19 - matching_padroncharcas - DEBUG -     gz_id=1000277 'babonoiaba' score=1.000 nombre=False saint_only=True terr= phase=candidate
2026-07-02 17:51:19 - matching_padroncharcas - DEBUG -     gz_id=1000277 'babonoiaba' score=1.000 nombre=False saint_only=True terr= phase=candidate
2026-07-02 17:51:19 - matching_padroncharcas - DEBUG -     gz_id=1001948 'tomatlan' score=1.000 nombre=False saint_only=True terr= phase=candidate
2026-07-02 17:51:19 - matching_padroncharcas - DEBUG -     gz_id=1001948 'tomatlan' score=1.000 nombre=False saint_only=True terr= phase=candidate
2026-07-02 17:51:19 - matching_padroncharcas - DEBUG -     gz_id=1001948 'tomatlan' score=1.000 nombre=False saint_only=True terr= phase=candidate
2026-07-02 17:51:19 - matching_padroncharcas - DEBUG -     gz_id=1003645 'acatepec' score=1.000 nombre=False saint_only=True terr= phase=candidate
2026-07-02 17:51:19 - matching_padroncharcas - DEBUG -     gz_id=1003645 'acatepec' score=1.000 nombre=False saint_only=True terr= phase=candidate
2026-07-02 17:51:19 - matching_padroncharcas - DEBUG -     gz_id=1003645 'acatepec' score=1.000 nombre=False saint_only=True terr= phase=candidate
2026-07-02 17:51:19 - matching_padroncharcas - DEBUG -     gz_id=5600754 'santiago' score=1.000 nombre=True saint_only=False terr= phase=auto_adopt
2026-07-02 17:51:19 - matching_padroncharcas - DEBUG -     gz_id=5600754 'santiago' score=1.000 nombre=True saint_only=False terr= phase=auto_adopt
2026-07-02 17:51:19 - matching_padroncharcas - DEBUG -     gz_id=5600754 'santiago' score=1.000 nombre=True saint_only=False terr= phase=auto_adopt
2026-07-02 17:51:19 - matching_padroncharcas - DEBUG -     gz_id=1001963 'asajo' score=1.000 nombre=False saint_only=True terr= phase=candidate
2026-07-02 17:51:19 - matching_padroncharcas - DEBUG -     gz_id=1001963 'asajo' score=1.000 nombre=False saint_only=True terr= phase=candidate
2026-07-02 17:51:19 - matching_padroncharcas - DEBUG -     gz_id=1001963 'asajo' score=1.000 nombre=False saint_only=True terr= phase=candidate
2026-07-02 17:51:19 - matching_padroncharcas - DEBUG -     gz_id=1001963 'asajo' score=1.000 nombre=False saint_only=True terr= phase=candidate
2026-07-02 17:51:19 - matching_padroncharcas - DEBUG -     gz_id=5000306 'palenque' score=1.000 nombre=False saint_only=True terr= phase=candidate
2026-07-02 17:51:19 - matching_padroncharcas - DEBUG -     gz_id=5000306 'palenque' score=1.000 nombre=False saint_only=True terr= phase=candidate
2026-07-02 17:51:19 - matching_padroncharcas - DEBUG -     gz_id=5000306 'palenque' score=1.000 nombre=False saint_only=True terr= phase=candidate
2026-07-02 17:51:19 - matching_padroncharcas - DEBUG -     gz_id=5000306 'palenque' score=1.000 nombre=False saint_only=True terr= phase=candidate
2026-07-02 17:51:19 - matching_padroncharcas - DEBUG -     gz_id=5000306 'palenque' score=1.000 nombre=False saint_only=True terr= phase=candidate
2026-07-02 17:51:19 - matching_padroncharcas - DEBUG -     gz_id=1001974 'copandaro' score=1.000 nombre=False saint_only=True terr= phase=candidate
2026-07-02 17:51:19 - matching_padroncharcas - DEBUG -     gz_id=1001974 'copandaro' score=1.000 nombre=False saint_only=True terr= phase=candidate
2026-07-02 17:51:19 - matching_padroncharcas - DEBUG -     gz_id=1005206 'santiago caballeros' score=1.000 nombre=False saint_only=False terr= phase=candidate
2026-07-02 17:51:19 - matching_padroncharcas - DEBUG -     gz_id=1005206 'santiago caballeros' score=1.000 nombre=False saint_only=False terr= phase=candidate
2026-07-02 17:51:19 - matching_padroncharcas - DEBUG -     gz_id=1005206 'santiago caballeros' score=1.000 nombre=False saint_only=False terr= phase=candidate
2026-07-02 17:51:19 - matching_padroncharcas - DEBUG -     gz_id=1005206 'santiago caballeros' score=1.000 nombre=False saint_only=False terr= phase=candidate
2026-07-02 17:51:19 - matching_padroncharcas - DEBUG -     gz_id=1003674 'cochoapa' score=1.000 nombre=False saint_only=True terr= phase=candidate
2026-07-02 17:51:19 - matching_padroncharcas - DEBUG -     gz_id=1003674 'cochoapa' score=1.000 nombre=False saint_only=True terr= phase=candidate
2026-07-02 17:51:19 - matching_padroncharcas - DEBUG -     gz_id=1003674 'cochoapa' score=1.000 nombre=False saint_only=True terr= phase=candidate
2026-07-02 17:51:19 - matching_padroncharcas - DEBUG -     gz_id=1003684 'cuautolotitlan' score=1.000 nombre=False saint_only=True terr= phase=candidate
2026-07-02 17:51:19 - matching_padroncharcas - DEBUG -     gz_id=1003684 'cuautolotitlan' score=1.000 nombre=False saint_only=True terr= phase=candidate
2026-07-02 17:51:19 - matching_padroncharcas - DEBUG -     gz_id=1003684 'cuautolotitlan' score=1.000 nombre=False saint_only=True terr= phase=candidate
2026-07-02 17:51:19 - matching_padroncharcas - DEBUG -     gz_id=1001989 'capula' score=1.000 nombre=False saint_only=True terr= phase=candidate
2026-07-02 17:51:19 - matching_padroncharcas - DEBUG -     gz_id=1001989 'capula' score=1.000 nombre=False saint_only=True terr= phase=candidate
2026-07-02 17:51:19 - matching_padroncharcas - DEBUG -     gz_id=1001989 'capula' score=1.000 nombre=False saint_only=True terr= phase=candidate
2026-07-02 17:51:19 - matching_padroncharcas - DEBUG -     gz_id=1001989 'capula' score=1.000 nombre=False saint_only=True terr= phase=candidate
2026-07-02 17:51:19 - matching_padroncharcas - DEBUG -     gz_id=1001989 'capula' score=1.000 nombre=False saint_only=True terr= phase=candidate
2026-07-02 17:51:19 - matching_padroncharcas - DEBUG -     gz_id=1000321 'santiago ocuila' score=1.000 nombre=False saint_only=True terr= phase=candidate
2026-07-02 17:51:19 - matching_padroncharcas - DEBUG -     gz_id=1000321 'santiago ocuila' score=1.000 nombre=False saint_only=True terr= phase=candidate
2026-07-02 17:51:19 - matching_padroncharcas - DEBUG -     gz_id=1001994 'conhuripo' score=1.000 nombre=False saint_only=True terr= phase=candidate
2026-07-02 17:51:19 - matching_padroncharcas - DEBUG -     gz_id=1001994 'conhuripo' score=1.000 nombre=False saint_only=True terr= phase=candidate
2026-07-02 17:51:19 - matching_padroncharcas - DEBUG -     gz_id=1001994 'conhuripo' score=1.000 nombre=False saint_only=True terr= phase=candidate
2026-07-02 17:51:19 - matching_padroncharcas - DEBUG -     gz_id=1002000 'tanganhuato' score=1.000 nombre=False saint_only=True terr= phase=candidate
2026-07-02 17:51:19 - matching_padroncharcas - DEBUG -     gz_id=1002000 'tanganhuato' score=1.000 nombre=False saint_only=True terr= phase=candidate
2026-07-02 17:51:19 - matching_padroncharcas - DEBUG -     gz_id=1002000 'tanganhuato' score=1.000 nombre=False saint_only=True terr= phase=candidate
2026-07-02 17:51:19 - matching_padroncharcas - DEBUG -     gz_id=1002003 'cinhuio' score=1.000 nombre=False saint_only=True terr= phase=candidate
2026-07-02 17:51:19 - matching_padroncharcas - DEBUG -     gz_id=1002003 'cinhuio' score=1.000 nombre=False saint_only=True terr= phase=candidate
2026-07-02 17:51:19 - matching_padroncharcas - DEBUG -     gz_id=1002003 'cinhuio' score=1.000 nombre=False saint_only=True terr= phase=candidate
2026-07-02 17:51:19 - matching_padroncharcas - DEBUG -     gz_id=1002007 'atapan' score=1.000 nombre=False saint_only=True terr= phase=candidate
2026-07-02 17:51:19 - matching_padroncharcas - DEBUG -     gz_id=1002007 'atapan' score=1.000 nombre=False saint_only=True terr= phase=candidate
2026-07-02 17:51:19 - matching_padroncharcas - DEBUG -     gz_id=1002007 'atapan' score=1.000 nombre=False saint_only=True terr= phase=candidate
2026-07-02 17:51:19 - matching_padroncharcas - DEBUG -     gz_id=1002007 'atapan' score=1.000 nombre=False saint_only=True terr= phase=candidate
2026-07-02 17:51:19 - matching_padroncharcas - DEBUG -     gz_id=1002007 'atapan' score=1.000 nombre=False saint_only=True terr= phase=candidate
2026-07-02 17:51:19 - matching_padroncharcas - DEBUG -     gz_id=1003706 'petlalcingo' score=1.000 nombre=False saint_only=True terr= phase=candidate
2026-07-02 17:51:19 - matching_padroncharcas - DEBUG -     gz_id=1003706 'petlalcingo' score=1.000 nombre=False saint_only=True terr= phase=candidate
2026-07-02 17:51:19 - matching_padroncharcas - DEBUG -     gz_id=1003706 'petlalcingo' score=1.000 nombre=False saint_only=True terr= phase=candidate
2026-07-02 17:51:19 - matching_padroncharcas - DEBUG -     gz_id=1003708 'pueblo nuebo' score=1.000 nombre=False saint_only=True terr= phase=candidate
2026-07-02 17:51:19 - matching_padroncharcas - DEBUG -     gz_id=1003708 'pueblo nuebo' score=1.000 nombre=False saint_only=True terr= phase=candidate
2026-07-02 17:51:19 - matching_padroncharcas - DEBUG -     gz_id=1003708 'pueblo nuebo' score=1.000 nombre=False saint_only=True terr= phase=candidate
2026-07-02 17:51:19 - matching_padroncharcas - DEBUG -     gz_id=6000043 'parinacota' score=1.000 nombre=False saint_only=True terr= phase=candidate
2026-07-02 17:51:19 - matching_padroncharcas - DEBUG -     gz_id=6000043 'parinacota' score=1.000 nombre=False saint_only=True terr= phase=candidate
2026-07-02 17:51:19 - matching_padroncharcas - DEBUG -     gz_id=1002026 'coalcoman' score=1.000 nombre=False saint_only=True terr= phase=candidate
2026-07-02 17:51:19 - matching_padroncharcas - DEBUG -     gz_id=1002026 'coalcoman' score=1.000 nombre=False saint_only=True terr= phase=candidate
2026-07-02 17:51:19 - matching_padroncharcas - DEBUG -     gz_id=1002026 'coalcoman' score=1.000 nombre=False saint_only=True terr= phase=candidate
2026-07-02 17:51:19 - matching_padroncharcas - DEBUG -     gz_id=1002026 'coalcoman' score=1.000 nombre=False saint_only=True terr= phase=candidate
2026-07-02 17:51:19 - matching_padroncharcas - DEBUG -     gz_id=1002026 'coalcoman' score=1.000 nombre=False saint_only=True terr= phase=candidate
2026-07-02 17:51:19 - matching_padroncharcas - DEBUG -     gz_id=1002026 'coalcoman' score=1.000 nombre=False saint_only=True terr= phase=candidate
2026-07-02 17:51:19 - matching_padroncharcas - DEBUG -     gz_id=1000361 'iepachi' score=1.000 nombre=False saint_only=True terr= phase=candidate
2026-07-02 17:51:19 - matching_padroncharcas - DEBUG -     gz_id=1000361 'iepachi' score=1.000 nombre=False saint_only=True terr= phase=candidate
2026-07-02 17:51:19 - matching_padroncharcas - DEBUG -     gz_id=1000364 'baiacora' score=1.000 nombre=False saint_only=True terr= phase=candidate
2026-07-02 17:51:19 - matching_padroncharcas - DEBUG -     gz_id=1000364 'baiacora' score=1.000 nombre=False saint_only=True terr= phase=candidate
2026-07-02 17:51:19 - matching_padroncharcas - DEBUG -     gz_id=1003733 'jochihuehuetlan' score=1.000 nombre=False saint_only=True terr= phase=candidate
2026-07-02 17:51:19 - matching_padroncharcas - DEBUG -     gz_id=1003733 'jochihuehuetlan' score=1.000 nombre=False saint_only=True terr= phase=candidate
2026-07-02 17:51:19 - matching_padroncharcas - DEBUG -     gz_id=1003733 'jochihuehuetlan' score=1.000 nombre=False saint_only=True terr= phase=candidate
2026-07-02 17:51:19 - matching_padroncharcas - DEBUG -     gz_id=1003734 'jocotla' score=1.000 nombre=False saint_only=True terr= phase=candidate
2026-07-02 17:51:19 - matching_padroncharcas - DEBUG -     gz_id=1003734 'jocotla' score=1.000 nombre=False saint_only=True terr= phase=candidate
2026-07-02 17:51:19 - matching_padroncharcas - DEBUG -     gz_id=1003734 'jocotla' score=1.000 nombre=False saint_only=True terr= phase=candidate
2026-07-02 17:51:19 - matching_padroncharcas - DEBUG -     gz_id=1003739 'sapotitlan' score=1.000 nombre=False saint_only=True terr= phase=candidate
2026-07-02 17:51:19 - matching_padroncharcas - DEBUG -     gz_id=1003739 'sapotitlan' score=1.000 nombre=False saint_only=True terr= phase=candidate
2026-07-02 17:51:19 - matching_padroncharcas - DEBUG -     gz_id=1003739 'sapotitlan' score=1.000 nombre=False saint_only=True terr= phase=candidate
2026-07-02 17:51:19 - matching_padroncharcas - DEBUG -     gz_id=1002042 'nurio' score=1.000 nombre=False saint_only=True terr= phase=candidate
2026-07-02 17:51:19 - matching_padroncharcas - DEBUG -     gz_id=1002042 'nurio' score=1.000 nombre=False saint_only=True terr= phase=candidate
2026-07-02 17:51:19 - matching_padroncharcas - DEBUG -     gz_id=1002042 'nurio' score=1.000 nombre=False saint_only=True terr= phase=candidate
2026-07-02 17:51:19 - matching_padroncharcas - DEBUG -     gz_id=1003749 'tochimisolco' score=1.000 nombre=False saint_only=True terr= phase=candidate
2026-07-02 17:51:19 - matching_padroncharcas - DEBUG -     gz_id=1000380 'teneraca' score=1.000 nombre=False saint_only=True terr= phase=candidate
2026-07-02 17:51:19 - matching_padroncharcas - DEBUG -     gz_id=1000380 'teneraca' score=1.000 nombre=False saint_only=True terr= phase=candidate
2026-07-02 17:51:19 - matching_padroncharcas - DEBUG -     gz_id=1000380 'teneraca' score=1.000 nombre=False saint_only=True terr= phase=candidate
2026-07-02 17:51:19 - matching_padroncharcas - DEBUG -     gz_id=1003749 'tochimisolco' score=1.000 nombre=False saint_only=True terr= phase=candidate
2026-07-02 17:51:19 - matching_padroncharcas - DEBUG -     gz_id=1003749 'tochimisolco' score=1.000 nombre=False saint_only=True terr= phase=candidate
2026-07-02 17:51:19 - matching_padroncharcas - DEBUG -     gz_id=1000392 'alamo' score=1.000 nombre=False saint_only=True terr= phase=candidate
2026-07-02 17:51:19 - matching_padroncharcas - DEBUG -     gz_id=1000392 'alamo' score=1.000 nombre=False saint_only=True terr= phase=candidate
2026-07-02 17:51:19 - matching_padroncharcas - DEBUG -     gz_id=1000392 'alamo' score=1.000 nombre=False saint_only=True terr= phase=candidate
2026-07-02 17:51:19 - matching_padroncharcas - DEBUG -     gz_id=1000392 'alamo' score=1.000 nombre=False saint_only=True terr= phase=candidate
2026-07-02 17:51:19 - matching_padroncharcas - DEBUG -     gz_id=1003767 'chignahuapan' score=1.000 nombre=False saint_only=True terr= phase=candidate
2026-07-02 17:51:19 - matching_padroncharcas - DEBUG -     gz_id=1003767 'chignahuapan' score=1.000 nombre=False saint_only=True terr= phase=candidate
2026-07-02 17:51:19 - matching_padroncharcas - DEBUG -     gz_id=1002059 'tupataro' score=1.000 nombre=False saint_only=True terr= phase=candidate
2026-07-02 17:51:19 - matching_padroncharcas - DEBUG -     gz_id=1002059 'tupataro' score=1.000 nombre=False saint_only=True terr= phase=candidate
2026-07-02 17:51:19 - matching_padroncharcas - DEBUG -     gz_id=1002059 'tupataro' score=1.000 nombre=False saint_only=True terr= phase=candidate
2026-07-02 17:51:19 - matching_padroncharcas - DEBUG -     gz_id=1003775 'huicilan' score=1.000 nombre=False saint_only=True terr= phase=candidate
2026-07-02 17:51:19 - matching_padroncharcas - DEBUG -     gz_id=1003775 'huicilan' score=1.000 nombre=False saint_only=True terr= phase=candidate
2026-07-02 17:51:19 - matching_padroncharcas - DEBUG -     gz_id=1002066 'tingambato' score=1.000 nombre=False saint_only=True terr= phase=candidate
2026-07-02 17:51:19 - matching_padroncharcas - DEBUG -     gz_id=1002066 'tingambato' score=1.000 nombre=False saint_only=True terr= phase=candidate
2026-07-02 17:51:19 - matching_padroncharcas - DEBUG -     gz_id=1003780 'nanacatlan' score=1.000 nombre=False saint_only=True terr= phase=candidate
2026-07-02 17:51:19 - matching_padroncharcas - DEBUG -     gz_id=1003780 'nanacatlan' score=1.000 nombre=False saint_only=True terr= phase=candidate
2026-07-02 17:51:19 - matching_padroncharcas - DEBUG -     gz_id=1002073 'undameo' score=1.000 nombre=False saint_only=True terr= phase=candidate
2026-07-02 17:51:19 - matching_padroncharcas - DEBUG -     gz_id=1002073 'undameo' score=1.000 nombre=False saint_only=True terr= phase=candidate
2026-07-02 17:51:19 - matching_padroncharcas - DEBUG -     gz_id=1003790 'tepeixco' score=1.000 nombre=False saint_only=True terr= phase=candidate
2026-07-02 17:51:19 - matching_padroncharcas - DEBUG -     gz_id=1000414 'ixtlan' score=1.000 nombre=False saint_only=True terr= phase=candidate
2026-07-02 17:51:19 - matching_padroncharcas - DEBUG -     gz_id=1000414 'ixtlan' score=1.000 nombre=False saint_only=True terr= phase=candidate
2026-07-02 17:51:19 - matching_padroncharcas - DEBUG -     gz_id=1000414 'ixtlan' score=1.000 nombre=False saint_only=True terr= phase=candidate
2026-07-02 17:51:19 - matching_padroncharcas - DEBUG -     gz_id=1003790 'tepeixco' score=1.000 nombre=False saint_only=True terr= phase=candidate
2026-07-02 17:51:19 - matching_padroncharcas - DEBUG -     gz_id=1000426 'ixtlahuacan' score=1.000 nombre=False saint_only=True terr= phase=candidate
2026-07-02 17:51:19 - matching_padroncharcas - DEBUG -     gz_id=1000426 'ixtlahuacan' score=1.000 nombre=False saint_only=True terr= phase=candidate
2026-07-02 17:51:19 - matching_padroncharcas - DEBUG -     gz_id=1000433 'chimaltitan' score=1.000 nombre=False saint_only=True terr= phase=candidate
2026-07-02 17:51:19 - matching_padroncharcas - DEBUG -     gz_id=1000433 'chimaltitan' score=1.000 nombre=False saint_only=True terr= phase=candidate
2026-07-02 17:51:19 - matching_padroncharcas - DEBUG -     gz_id=1000433 'chimaltitan' score=1.000 nombre=False saint_only=True terr= phase=candidate
2026-07-02 17:51:19 - matching_padroncharcas - DEBUG -     gz_id=1000433 'chimaltitan' score=1.000 nombre=False saint_only=True terr= phase=candidate
2026-07-02 17:51:19 - matching_padroncharcas - DEBUG -     gz_id=1000433 'chimaltitan' score=1.000 nombre=False saint_only=True terr= phase=candidate
2026-07-02 17:51:19 - matching_padroncharcas - DEBUG -     gz_id=1000433 'chimaltitan' score=1.000 nombre=False saint_only=True terr= phase=candidate
2026-07-02 17:51:19 - matching_padroncharcas - DEBUG -     gz_id=1002099 'angahuan' score=1.000 nombre=False saint_only=True terr= phase=candidate
2026-07-02 17:51:19 - matching_padroncharcas - DEBUG -     gz_id=1002099 'angahuan' score=1.000 nombre=False saint_only=True terr= phase=candidate
2026-07-02 17:51:19 - matching_padroncharcas - DEBUG -     gz_id=1002099 'angahuan' score=1.000 nombre=False saint_only=True terr= phase=candidate
2026-07-02 17:51:19 - matching_padroncharcas - DEBUG -     gz_id=1003815 'santiago' score=1.000 nombre=True saint_only=False terr= phase=auto_adopt
2026-07-02 17:51:19 - matching_padroncharcas - DEBUG -     gz_id=1003815 'santiago' score=1.000 nombre=True saint_only=False terr= phase=auto_adopt
2026-07-02 17:51:19 - matching_padroncharcas - DEBUG -     gz_id=6000156 'santiago' score=1.000 nombre=False saint_only=True terr= phase=candidate
2026-07-02 17:51:19 - matching_padroncharcas - DEBUG -     gz_id=6000156 'santiago' score=1.000 nombre=False saint_only=True terr= phase=candidate
2026-07-02 17:51:19 - matching_padroncharcas - DEBUG -     gz_id=6000156 'santiago' score=1.000 nombre=False saint_only=True terr= phase=candidate
2026-07-02 17:51:19 - matching_padroncharcas - DEBUG -     gz_id=1002115 'santiago puente' score=1.000 nombre=False saint_only=True terr= phase=candidate
2026-07-02 17:51:19 - matching_padroncharcas - DEBUG -     gz_id=1002115 'santiago puente' score=1.000 nombre=False saint_only=True terr= phase=candidate
2026-07-02 17:51:19 - matching_padroncharcas - DEBUG -     gz_id=1000449 'tecoman' score=1.000 nombre=False saint_only=True terr= phase=candidate
2026-07-02 17:51:19 - matching_padroncharcas - DEBUG -     gz_id=1000449 'tecoman' score=1.000 nombre=False saint_only=True terr= phase=candidate
2026-07-02 17:51:19 - matching_padroncharcas - DEBUG -     gz_id=1000449 'tecoman' score=1.000 nombre=False saint_only=True terr= phase=candidate
2026-07-02 17:51:19 - matching_padroncharcas - DEBUG -     gz_id=1003841 'tampasquin' score=1.000 nombre=False saint_only=True terr= phase=candidate
2026-07-02 17:51:19 - matching_padroncharcas - DEBUG -     gz_id=1003841 'tampasquin' score=1.000 nombre=False saint_only=True terr= phase=candidate
2026-07-02 17:51:19 - matching_padroncharcas - DEBUG -     gz_id=1003843 'tamuin' score=1.000 nombre=False saint_only=True terr= phase=candidate
2026-07-02 17:51:19 - matching_padroncharcas - DEBUG -     gz_id=1003843 'tamuin' score=1.000 nombre=False saint_only=True terr= phase=candidate
2026-07-02 17:51:19 - matching_padroncharcas - DEBUG -     gz_id=1003846 'balles' score=1.000 nombre=False saint_only=True terr= phase=candidate
2026-07-02 17:51:19 - matching_padroncharcas - DEBUG -     gz_id=1003846 'balles' score=1.000 nombre=False saint_only=True terr= phase=candidate
2026-07-02 17:51:19 - matching_padroncharcas - DEBUG -     gz_id=1002125 'sahuaio' score=1.000 nombre=False saint_only=True terr= phase=candidate
2026-07-02 17:51:19 - matching_padroncharcas - DEBUG -     gz_id=1002125 'sahuaio' score=1.000 nombre=False saint_only=True terr= phase=candidate
2026-07-02 17:51:19 - matching_padroncharcas - DEBUG -     gz_id=1000457 'manalisco' score=1.000 nombre=False saint_only=True terr= phase=candidate
2026-07-02 17:51:19 - matching_padroncharcas - DEBUG -     gz_id=1000457 'manalisco' score=1.000 nombre=False saint_only=True terr= phase=candidate
2026-07-02 17:51:19 - matching_padroncharcas - DEBUG -     gz_id=1002125 'sahuaio' score=1.000 nombre=False saint_only=True terr= phase=candidate
2026-07-02 17:51:19 - matching_padroncharcas - DEBUG -     gz_id=1002126 'tangamandapio' score=1.000 nombre=False saint_only=True terr= phase=candidate
2026-07-02 17:51:19 - matching_padroncharcas - DEBUG -     gz_id=1002126 'tangamandapio' score=1.000 nombre=False saint_only=True terr= phase=candidate
2026-07-02 17:51:19 - matching_padroncharcas - DEBUG -     gz_id=1002126 'tangamandapio' score=1.000 nombre=False saint_only=True terr= phase=candidate
2026-07-02 17:51:19 - matching_padroncharcas - DEBUG -     gz_id=1002134 'puriacicuaro' score=1.000 nombre=False saint_only=True terr= phase=candidate
2026-07-02 17:51:19 - matching_padroncharcas - DEBUG -     gz_id=1000469 'cuautla' score=1.000 nombre=False saint_only=True terr= phase=candidate
2026-07-02 17:51:19 - matching_padroncharcas - DEBUG -     gz_id=1000469 'cuautla' score=1.000 nombre=False saint_only=True terr= phase=candidate
2026-07-02 17:51:19 - matching_padroncharcas - DEBUG -     gz_id=1000469 'cuautla' score=1.000 nombre=False saint_only=True terr= phase=candidate
2026-07-02 17:51:19 - matching_padroncharcas - DEBUG -     gz_id=1000469 'cuautla' score=1.000 nombre=False saint_only=True terr= phase=candidate
2026-07-02 17:51:19 - matching_padroncharcas - DEBUG -     gz_id=1000470 'mascota' score=1.000 nombre=False saint_only=True terr= phase=candidate
2026-07-02 17:51:19 - matching_padroncharcas - DEBUG -     gz_id=1000470 'mascota' score=1.000 nombre=False saint_only=True terr= phase=candidate
2026-07-02 17:51:19 - matching_padroncharcas - DEBUG -     gz_id=1000470 'mascota' score=1.000 nombre=False saint_only=True terr= phase=candidate
2026-07-02 17:51:19 - matching_padroncharcas - DEBUG -     gz_id=1000470 'mascota' score=1.000 nombre=False saint_only=True terr= phase=candidate
2026-07-02 17:51:19 - matching_padroncharcas - DEBUG -     gz_id=1000470 'mascota' score=1.000 nombre=False saint_only=True terr= phase=candidate
2026-07-02 17:51:19 - matching_padroncharcas - DEBUG -     gz_id=1002134 'puriacicuaro' score=1.000 nombre=False saint_only=True terr= phase=candidate
2026-07-02 17:51:19 - matching_padroncharcas - DEBUG -     gz_id=1002134 'puriacicuaro' score=1.000 nombre=False saint_only=True terr= phase=candidate
2026-07-02 17:51:19 - matching_padroncharcas - DEBUG -     gz_id=6000190 'ianaca' score=1.000 nombre=False saint_only=True terr= phase=candidate
2026-07-02 17:51:19 - matching_padroncharcas - DEBUG -     gz_id=6000190 'ianaca' score=1.000 nombre=False saint_only=True terr= phase=candidate
2026-07-02 17:51:19 - matching_padroncharcas - DEBUG -     gz_id=6000190 'ianaca' score=1.000 nombre=False saint_only=True terr= phase=candidate
2026-07-02 17:51:19 - matching_padroncharcas - DEBUG -     gz_id=1005400 'santiago tampico' score=1.000 nombre=False saint_only=True terr= phase=candidate
2026-07-02 17:51:19 - matching_padroncharcas - DEBUG -     gz_id=1000480 'cacalutan' score=1.000 nombre=False saint_only=True terr= phase=candidate
2026-07-02 17:51:19 - matching_padroncharcas - DEBUG -     gz_id=1000480 'cacalutan' score=1.000 nombre=False saint_only=True terr= phase=candidate
2026-07-02 17:51:19 - matching_padroncharcas - DEBUG -     gz_id=1004935 'moncloba' score=1.000 nombre=False saint_only=True terr= phase=candidate
2026-07-02 17:51:19 - matching_padroncharcas - DEBUG -     gz_id=1000491 'ocotlan' score=1.000 nombre=False saint_only=True terr= phase=candidate
2026-07-02 17:51:19 - matching_padroncharcas - DEBUG -     gz_id=1000491 'ocotlan' score=1.000 nombre=False saint_only=True terr= phase=candidate
2026-07-02 17:51:19 - matching_padroncharcas - DEBUG -     gz_id=1000491 'ocotlan' score=1.000 nombre=False saint_only=True terr= phase=candidate
2026-07-02 17:51:19 - matching_padroncharcas - DEBUG -     gz_id=9000748 'huardia santiago sanches' score=1.000 nombre=False saint_only=True terr= phase=candidate
2026-07-02 17:51:19 - matching_padroncharcas - DEBUG -     gz_id=9000749 'santiago sanches' score=1.000 nombre=False saint_only=True terr= phase=candidate
2026-07-02 17:51:19 - matching_padroncharcas - DEBUG -     gz_id=9000749 'santiago sanches' score=1.000 nombre=False saint_only=True terr= phase=candidate
2026-07-02 17:51:19 - matching_padroncharcas - DEBUG -     gz_id=1005424 'cerro santiago' score=1.000 nombre=False saint_only=True terr= phase=candidate
2026-07-02 17:51:19 - matching_padroncharcas - DEBUG -     gz_id=1005424 'cerro santiago' score=1.000 nombre=False saint_only=True terr= phase=candidate
2026-07-02 17:51:19 - matching_padroncharcas - DEBUG -     gz_id=9000749 'santiago sanches' score=1.000 nombre=False saint_only=True terr= phase=candidate
2026-07-02 17:51:19 - matching_padroncharcas - DEBUG -     gz_id=9000749 'santiago sanches' score=1.000 nombre=False saint_only=True terr= phase=candidate
2026-07-02 17:51:19 - matching_padroncharcas - DEBUG -     gz_id=1003870 'comanito' score=1.000 nombre=False saint_only=True terr= phase=candidate
2026-07-02 17:51:19 - matching_padroncharcas - DEBUG -     gz_id=1003870 'comanito' score=1.000 nombre=False saint_only=True terr= phase=candidate
2026-07-02 17:51:19 - matching_padroncharcas - DEBUG -     gz_id=1003870 'comanito' score=1.000 nombre=False saint_only=True terr= phase=candidate
2026-07-02 17:51:19 - matching_padroncharcas - DEBUG -     gz_id=1003870 'comanito' score=1.000 nombre=False saint_only=True terr= phase=candidate
2026-07-02 17:51:19 - matching_padroncharcas - DEBUG -     gz_id=9000749 'santiago sanches' score=1.000 nombre=False saint_only=True terr= phase=candidate
2026-07-02 17:51:19 - matching_padroncharcas - DEBUG -     gz_id=1000500 'santiago' score=1.000 nombre=True saint_only=False terr= phase=auto_adopt
2026-07-02 17:51:19 - matching_padroncharcas - DEBUG -     gz_id=1000500 'santiago' score=1.000 nombre=True saint_only=False terr= phase=auto_adopt
2026-07-02 17:51:19 - matching_padroncharcas - DEBUG -     gz_id=1000500 'santiago' score=1.000 nombre=True saint_only=False terr= phase=auto_adopt
2026-07-02 17:51:19 - matching_padroncharcas - DEBUG -     gz_id=1002159 'san felipe i santiago' score=1.000 nombre=False saint_only=True terr= phase=candidate
2026-07-02 17:51:19 - matching_padroncharcas - DEBUG -     gz_id=1002159 'san felipe i santiago' score=1.000 nombre=False saint_only=True terr= phase=candidate
2026-07-02 17:51:19 - matching_padroncharcas - DEBUG -     gz_id=1002159 'san felipe i santiago' score=1.000 nombre=False saint_only=True terr= phase=candidate
2026-07-02 17:51:19 - matching_padroncharcas - DEBUG -     gz_id=1003875 'morirato' score=1.000 nombre=False saint_only=True terr= phase=candidate
2026-07-02 17:51:19 - matching_padroncharcas - DEBUG -     gz_id=1003875 'morirato' score=1.000 nombre=False saint_only=True terr= phase=candidate
2026-07-02 17:51:19 - matching_padroncharcas - DEBUG -     gz_id=1003875 'morirato' score=1.000 nombre=False saint_only=True terr= phase=candidate
2026-07-02 17:51:19 - matching_padroncharcas - DEBUG -     gz_id=1003875 'morirato' score=1.000 nombre=False saint_only=True terr= phase=candidate
2026-07-02 17:51:19 - matching_padroncharcas - DEBUG -     gz_id=1003875 'morirato' score=1.000 nombre=False saint_only=True terr= phase=candidate
2026-07-02 17:51:19 - matching_padroncharcas - DEBUG -     gz_id=1003876 'nabito' score=1.000 nombre=False saint_only=True terr= phase=candidate
2026-07-02 17:51:19 - matching_padroncharcas - DEBUG -     gz_id=1003876 'nabito' score=1.000 nombre=False saint_only=True terr= phase=candidate
2026-07-02 17:51:19 - matching_padroncharcas - DEBUG -     gz_id=1003876 'nabito' score=1.000 nombre=False saint_only=True terr= phase=candidate
2026-07-02 17:51:19 - matching_padroncharcas - DEBUG -     gz_id=1003876 'nabito' score=1.000 nombre=False saint_only=True terr= phase=candidate
2026-07-02 17:51:19 - matching_padroncharcas - DEBUG -     gz_id=1000509 'mechoacanejo' score=1.000 nombre=False saint_only=True terr= phase=candidate
2026-07-02 17:51:19 - matching_padroncharcas - DEBUG -     gz_id=1000509 'mechoacanejo' score=1.000 nombre=False saint_only=True terr= phase=candidate
2026-07-02 17:51:19 - matching_padroncharcas - DEBUG -     gz_id=1000509 'mechoacanejo' score=1.000 nombre=False saint_only=True terr= phase=candidate
2026-07-02 17:51:19 - matching_padroncharcas - DEBUG -     gz_id=1000509 'mechoacanejo' score=1.000 nombre=False saint_only=True terr= phase=candidate
2026-07-02 17:51:19 - matching_padroncharcas - DEBUG -     gz_id=1000509 'mechoacanejo' score=1.000 nombre=False saint_only=True terr= phase=candidate
2026-07-02 17:51:19 - matching_padroncharcas - DEBUG -     gz_id=1000509 'mechoacanejo' score=1.000 nombre=False saint_only=True terr= phase=candidate
2026-07-02 17:51:19 - matching_padroncharcas - DEBUG -     gz_id=1002171 'tupataro' score=1.000 nombre=False saint_only=True terr= phase=candidate
2026-07-02 17:51:19 - matching_padroncharcas - DEBUG -     gz_id=1002171 'tupataro' score=1.000 nombre=False saint_only=True terr= phase=candidate
2026-07-02 17:51:19 - matching_padroncharcas - DEBUG -     gz_id=1002171 'tupataro' score=1.000 nombre=False saint_only=True terr= phase=candidate
2026-07-02 17:51:19 - matching_padroncharcas - DEBUG -     gz_id=1002173 'tuxpan' score=1.000 nombre=False saint_only=True terr= phase=candidate
2026-07-02 17:51:19 - matching_padroncharcas - DEBUG -     gz_id=1002173 'tuxpan' score=1.000 nombre=False saint_only=True terr= phase=candidate
2026-07-02 17:51:19 - matching_padroncharcas - DEBUG -     gz_id=1002173 'tuxpan' score=1.000 nombre=False saint_only=True terr= phase=candidate
2026-07-02 17:51:19 - matching_padroncharcas - DEBUG -     gz_id=1002179 'aposolco' score=1.000 nombre=False saint_only=True terr= phase=candidate
2026-07-02 17:51:19 - matching_padroncharcas - DEBUG -     gz_id=1000520 'santiago teocaltitan' score=1.000 nombre=False saint_only=True terr= phase=candidate
2026-07-02 17:51:19 - matching_padroncharcas - DEBUG -     gz_id=1000520 'santiago teocaltitan' score=1.000 nombre=False saint_only=True terr= phase=candidate
2026-07-02 17:51:19 - matching_padroncharcas - DEBUG -     gz_id=1002179 'aposolco' score=1.000 nombre=False saint_only=True terr= phase=candidate
2026-07-02 17:51:19 - matching_padroncharcas - DEBUG -     gz_id=1002179 'aposolco' score=1.000 nombre=False saint_only=True terr= phase=candidate
2026-07-02 17:51:19 - matching_padroncharcas - DEBUG -     gz_id=5000618 'nataga' score=1.000 nombre=False saint_only=False terr= phase=candidate
2026-07-02 17:51:19 - matching_padroncharcas - DEBUG -     gz_id=1005456 'santiago' score=1.000 nombre=True saint_only=False terr= phase=auto_adopt
2026-07-02 17:51:19 - matching_padroncharcas - DEBUG -     gz_id=1005456 'santiago' score=1.000 nombre=True saint_only=False terr= phase=auto_adopt
2026-07-02 17:51:19 - matching_padroncharcas - DEBUG -     gz_id=1002200 'tlatelolco' score=1.000 nombre=False saint_only=True terr= phase=candidate
2026-07-02 17:51:19 - matching_padroncharcas - DEBUG -     gz_id=1002200 'tlatelolco' score=1.000 nombre=False saint_only=True terr= phase=candidate
2026-07-02 17:51:19 - matching_padroncharcas - DEBUG -     gz_id=1002200 'tlatelolco' score=1.000 nombre=False saint_only=True terr= phase=candidate
2026-07-02 17:51:19 - matching_padroncharcas - DEBUG -     gz_id=1000549 'ixtlahuacan' score=1.000 nombre=False saint_only=True terr= phase=candidate
2026-07-02 17:51:19 - matching_padroncharcas - DEBUG -     gz_id=1000549 'ixtlahuacan' score=1.000 nombre=False saint_only=True terr= phase=candidate
2026-07-02 17:51:19 - matching_padroncharcas - DEBUG -     gz_id=1002202 'totatiche' score=1.000 nombre=False saint_only=True terr= phase=candidate
2026-07-02 17:51:19 - matching_padroncharcas - DEBUG -     gz_id=1002202 'totatiche' score=1.000 nombre=False saint_only=True terr= phase=candidate
2026-07-02 17:51:19 - matching_padroncharcas - DEBUG -     gz_id=1002202 'totatiche' score=1.000 nombre=False saint_only=True terr= phase=candidate
2026-07-02 17:51:19 - matching_padroncharcas - DEBUG -     gz_id=8000019 'lampa' score=1.000 nombre=False saint_only=True terr= phase=candidate
2026-07-02 17:51:19 - matching_padroncharcas - DEBUG -     gz_id=8000019 'lampa' score=1.000 nombre=False saint_only=True terr= phase=candidate
2026-07-02 17:51:19 - matching_padroncharcas - DEBUG -     gz_id=8000019 'lampa' score=1.000 nombre=False saint_only=True terr= phase=candidate
2026-07-02 17:51:19 - matching_padroncharcas - DEBUG -     gz_id=8000022 'cinti' score=1.000 nombre=False saint_only=True terr=region_exact phase=candidate
2026-07-02 17:51:19 - matching_padroncharcas - DEBUG -     gz_id=8000022 'cinti' score=1.000 nombre=False saint_only=True terr=region_exact phase=candidate
2026-07-02 17:51:19 - matching_padroncharcas - DEBUG -     gz_id=1000570 'ixcuintla' score=1.000 nombre=False saint_only=True terr= phase=candidate
2026-07-02 17:51:19 - matching_padroncharcas - DEBUG -     gz_id=1000570 'ixcuintla' score=1.000 nombre=False saint_only=True terr= phase=candidate
2026-07-02 17:51:19 - matching_padroncharcas - DEBUG -     gz_id=1000572 'santiago' score=1.000 nombre=True saint_only=False terr= phase=auto_adopt
2026-07-02 17:51:19 - matching_padroncharcas - DEBUG -     gz_id=1000572 'santiago' score=1.000 nombre=True saint_only=False terr= phase=auto_adopt
2026-07-02 17:51:19 - matching_padroncharcas - DEBUG -     gz_id=1000577 'nextipac' score=1.000 nombre=False saint_only=True terr= phase=candidate
2026-07-02 17:51:19 - matching_padroncharcas - DEBUG -     gz_id=1000577 'nextipac' score=1.000 nombre=False saint_only=True terr= phase=candidate
2026-07-02 17:51:19 - matching_padroncharcas - DEBUG -     gz_id=1002249 'santiago ocotlan' score=1.000 nombre=False saint_only=True terr= phase=candidate
2026-07-02 17:51:19 - matching_padroncharcas - DEBUG -     gz_id=1002249 'santiago ocotlan' score=1.000 nombre=False saint_only=True terr= phase=candidate
2026-07-02 17:51:19 - matching_padroncharcas - DEBUG -     gz_id=1000610 'jocotlan' score=1.000 nombre=False saint_only=True terr= phase=candidate
2026-07-02 17:51:19 - matching_padroncharcas - DEBUG -     gz_id=1000610 'jocotlan' score=1.000 nombre=False saint_only=True terr= phase=candidate
2026-07-02 17:51:19 - matching_padroncharcas - DEBUG -     gz_id=1000611 'masatan' score=1.000 nombre=False saint_only=True terr= phase=candidate
2026-07-02 17:51:19 - matching_padroncharcas - DEBUG -     gz_id=1000611 'masatan' score=1.000 nombre=False saint_only=True terr= phase=candidate
2026-07-02 17:51:19 - matching_padroncharcas - DEBUG -     gz_id=1000613 'coiula' score=1.000 nombre=False saint_only=True terr= phase=candidate
2026-07-02 17:51:19 - matching_padroncharcas - DEBUG -     gz_id=1000613 'coiula' score=1.000 nombre=False saint_only=True terr= phase=candidate
2026-07-02 17:51:19 - matching_padroncharcas - DEBUG -     gz_id=1003934 'huites' score=1.000 nombre=False saint_only=True terr= phase=candidate
2026-07-02 17:51:19 - matching_padroncharcas - DEBUG -     gz_id=1003934 'huites' score=1.000 nombre=False saint_only=True terr= phase=candidate
2026-07-02 17:51:19 - matching_padroncharcas - DEBUG -     gz_id=1002269 'tenango sosola' score=1.000 nombre=False saint_only=True terr= phase=candidate
2026-07-02 17:51:19 - matching_padroncharcas - DEBUG -     gz_id=1000625 'chacala' score=1.000 nombre=False saint_only=True terr= phase=candidate
2026-07-02 17:51:19 - matching_padroncharcas - DEBUG -     gz_id=1000625 'chacala' score=1.000 nombre=False saint_only=True terr= phase=candidate
2026-07-02 17:51:19 - matching_padroncharcas - DEBUG -     gz_id=1002269 'tenango sosola' score=1.000 nombre=False saint_only=True terr= phase=candidate
2026-07-02 17:51:19 - matching_padroncharcas - DEBUG -     gz_id=1003934 'huites' score=1.000 nombre=False saint_only=True terr= phase=candidate
2026-07-02 17:51:19 - matching_padroncharcas - DEBUG -     gz_id=1003934 'huites' score=1.000 nombre=False saint_only=True terr= phase=candidate
2026-07-02 17:51:19 - matching_padroncharcas - DEBUG -     gz_id=2000003 'huatemala' score=1.000 nombre=False saint_only=True terr= phase=candidate
2026-07-02 17:51:19 - matching_padroncharcas - DEBUG -     gz_id=2000003 'huatemala' score=1.000 nombre=False saint_only=True terr= phase=candidate
2026-07-02 17:51:19 - matching_padroncharcas - DEBUG -     gz_id=8000086 'berenhuela' score=1.000 nombre=False saint_only=True terr=region_exact phase=candidate
2026-07-02 17:51:19 - matching_padroncharcas - DEBUG -     gz_id=8000086 'berenhuela' score=1.000 nombre=False saint_only=True terr=region_exact phase=candidate
2026-07-02 17:51:19 - matching_padroncharcas - DEBUG -     gz_id=1003938 'ocoroni' score=1.000 nombre=False saint_only=True terr= phase=candidate
2026-07-02 17:51:19 - matching_padroncharcas - DEBUG -     gz_id=1003938 'ocoroni' score=1.000 nombre=False saint_only=True terr= phase=candidate
2026-07-02 17:51:19 - matching_padroncharcas - DEBUG -     gz_id=1003938 'ocoroni' score=1.000 nombre=False saint_only=True terr= phase=candidate
2026-07-02 17:51:19 - matching_padroncharcas - DEBUG -     gz_id=1003938 'ocoroni' score=1.000 nombre=False saint_only=True terr= phase=candidate
2026-07-02 17:51:19 - matching_padroncharcas - DEBUG -     gz_id=1002280 'soquiapam' score=1.000 nombre=False saint_only=True terr= phase=candidate
2026-07-02 17:51:19 - matching_padroncharcas - DEBUG -     gz_id=1002280 'soquiapam' score=1.000 nombre=False saint_only=True terr= phase=candidate
2026-07-02 17:51:19 - matching_padroncharcas - DEBUG -     gz_id=1002280 'soquiapam' score=1.000 nombre=False saint_only=True terr= phase=candidate
2026-07-02 17:51:19 - matching_padroncharcas - DEBUG -     gz_id=1000641 'quitupan' score=1.000 nombre=False saint_only=True terr= phase=candidate
2026-07-02 17:51:19 - matching_padroncharcas - DEBUG -     gz_id=1000641 'quitupan' score=1.000 nombre=False saint_only=True terr= phase=candidate
2026-07-02 17:51:19 - matching_padroncharcas - DEBUG -     gz_id=1000641 'quitupan' score=1.000 nombre=False saint_only=True terr= phase=candidate
2026-07-02 17:51:19 - matching_padroncharcas - DEBUG -     gz_id=1000642 'tamasula' score=1.000 nombre=False saint_only=True terr= phase=candidate
2026-07-02 17:51:19 - matching_padroncharcas - DEBUG -     gz_id=1000642 'tamasula' score=1.000 nombre=False saint_only=True terr= phase=candidate
2026-07-02 17:51:19 - matching_padroncharcas - DEBUG -     gz_id=1000642 'tamasula' score=1.000 nombre=False saint_only=True terr= phase=candidate
2026-07-02 17:51:19 - matching_padroncharcas - DEBUG -     gz_id=8000436 'santiago' score=1.000 nombre=True saint_only=False terr=region_exact phase=auto_adopt
2026-07-02 17:51:19 - matching_padroncharcas - DEBUG -     gz_id=1000646 'balle santiago' score=1.000 nombre=False saint_only=True terr= phase=candidate
2026-07-02 17:51:19 - matching_padroncharcas - DEBUG -     gz_id=1000646 'balle santiago' score=1.000 nombre=False saint_only=True terr= phase=candidate
2026-07-02 17:51:19 - matching_padroncharcas - DEBUG -     gz_id=1002290 'santiago etla' score=1.000 nombre=False saint_only=True terr= phase=candidate
2026-07-02 17:51:19 - matching_padroncharcas - DEBUG -     gz_id=1002290 'santiago etla' score=1.000 nombre=False saint_only=True terr= phase=candidate
2026-07-02 17:51:19 - matching_padroncharcas - DEBUG -     gz_id=1002290 'santiago etla' score=1.000 nombre=False saint_only=True terr= phase=candidate
2026-07-02 17:51:19 - matching_padroncharcas - DEBUG -     gz_id=1002290 'santiago etla' score=1.000 nombre=False saint_only=True terr= phase=candidate
2026-07-02 17:51:19 - matching_padroncharcas - DEBUG -     gz_id=1000653 'contepec' score=1.000 nombre=False saint_only=True terr= phase=candidate
2026-07-02 17:51:19 - matching_padroncharcas - DEBUG -     gz_id=1000653 'contepec' score=1.000 nombre=False saint_only=True terr= phase=candidate
2026-07-02 17:51:19 - matching_padroncharcas - DEBUG -     gz_id=1000654 'coroneo' score=1.000 nombre=False saint_only=True terr= phase=candidate
2026-07-02 17:51:19 - matching_padroncharcas - DEBUG -     gz_id=1000654 'coroneo' score=1.000 nombre=False saint_only=True terr= phase=candidate
2026-07-02 17:51:19 - matching_padroncharcas - DEBUG -     gz_id=1000661 'neutla' score=1.000 nombre=False saint_only=True terr= phase=candidate
2026-07-02 17:51:19 - matching_padroncharcas - DEBUG -     gz_id=1000661 'neutla' score=1.000 nombre=False saint_only=True terr= phase=candidate
2026-07-02 17:51:19 - matching_padroncharcas - DEBUG -     gz_id=8000126 'santiago machaca' score=1.000 nombre=False saint_only=True terr=region_exact phase=candidate
2026-07-02 17:51:19 - matching_padroncharcas - DEBUG -     gz_id=8000126 'santiago machaca' score=1.000 nombre=False saint_only=True terr=region_exact phase=candidate
2026-07-02 17:51:19 - matching_padroncharcas - DEBUG -     gz_id=1000672 'tarandacuao' score=1.000 nombre=False saint_only=True terr= phase=candidate
2026-07-02 17:51:19 - matching_padroncharcas - DEBUG -     gz_id=1000672 'tarandacuao' score=1.000 nombre=False saint_only=True terr= phase=candidate
2026-07-02 17:51:19 - matching_padroncharcas - DEBUG -     gz_id=1003956 'cocospera' score=1.000 nombre=False saint_only=True terr= phase=candidate
2026-07-02 17:51:19 - matching_padroncharcas - DEBUG -     gz_id=1003956 'cocospera' score=1.000 nombre=False saint_only=True terr= phase=candidate
2026-07-02 17:51:19 - matching_padroncharcas - DEBUG -     gz_id=1003956 'cocospera' score=1.000 nombre=False saint_only=True terr= phase=candidate
2026-07-02 17:51:19 - matching_padroncharcas - DEBUG -     gz_id=1003956 'cocospera' score=1.000 nombre=False saint_only=True terr= phase=candidate
2026-07-02 17:51:19 - matching_padroncharcas - DEBUG -     gz_id=1003956 'cocospera' score=1.000 nombre=False saint_only=True terr= phase=candidate
2026-07-02 17:51:19 - matching_padroncharcas - DEBUG -     gz_id=1003956 'cocospera' score=1.000 nombre=False saint_only=True terr= phase=candidate
2026-07-02 17:51:19 - matching_padroncharcas - DEBUG -     gz_id=2000054 'escuintenango' score=1.000 nombre=False saint_only=True terr= phase=candidate
2026-07-02 17:51:19 - matching_padroncharcas - DEBUG -     gz_id=2000054 'escuintenango' score=1.000 nombre=False saint_only=True terr= phase=candidate
2026-07-02 17:51:19 - matching_padroncharcas - DEBUG -     gz_id=8000147 'aimaia' score=1.000 nombre=False saint_only=True terr=region_exact phase=candidate
2026-07-02 17:51:19 - matching_padroncharcas - DEBUG -     gz_id=8000147 'aimaia' score=1.000 nombre=False saint_only=True terr=region_exact phase=candidate
2026-07-02 17:51:19 - matching_padroncharcas - DEBUG -     gz_id=1000700 'texca' score=1.000 nombre=False saint_only=True terr= phase=candidate
2026-07-02 17:51:19 - matching_padroncharcas - DEBUG -     gz_id=1000700 'texca' score=1.000 nombre=False saint_only=True terr= phase=candidate
2026-07-02 17:51:19 - matching_padroncharcas - DEBUG -     gz_id=1000700 'texca' score=1.000 nombre=False saint_only=True terr= phase=candidate
2026-07-02 17:51:19 - matching_padroncharcas - DEBUG -     gz_id=8000159 'moscari' score=1.000 nombre=False saint_only=True terr=region_exact phase=candidate
2026-07-02 17:51:19 - matching_padroncharcas - DEBUG -     gz_id=8000159 'moscari' score=1.000 nombre=False saint_only=True terr=region_exact phase=candidate
2026-07-02 17:51:19 - matching_padroncharcas - DEBUG -     gz_id=8000164 'cotagaita' score=1.000 nombre=False saint_only=True terr=region_exact phase=candidate
2026-07-02 17:51:19 - matching_padroncharcas - DEBUG -     gz_id=8000164 'cotagaita' score=1.000 nombre=False saint_only=True terr=region_exact phase=candidate
2026-07-02 17:51:19 - matching_padroncharcas - DEBUG -     gz_id=8000164 'cotagaita' score=1.000 nombre=False saint_only=True terr=region_exact phase=candidate
2026-07-02 17:51:19 - matching_padroncharcas - DEBUG -     gz_id=1000716 'tlachichilco' score=1.000 nombre=False saint_only=True terr= phase=candidate
2026-07-02 17:51:19 - matching_padroncharcas - DEBUG -     gz_id=1000716 'tlachichilco' score=1.000 nombre=False saint_only=True terr= phase=candidate
2026-07-02 17:51:19 - matching_padroncharcas - DEBUG -     gz_id=1002332 'aiuquililla' score=1.000 nombre=False saint_only=True terr= phase=candidate
2026-07-02 17:51:19 - matching_padroncharcas - DEBUG -     gz_id=1002332 'aiuquililla' score=1.000 nombre=False saint_only=True terr= phase=candidate
2026-07-02 17:51:19 - matching_padroncharcas - DEBUG -     gz_id=1002333 'cacaloxtepec' score=1.000 nombre=False saint_only=True terr= phase=candidate
2026-07-02 17:51:19 - matching_padroncharcas - DEBUG -     gz_id=1002333 'cacaloxtepec' score=1.000 nombre=False saint_only=True terr= phase=candidate
2026-07-02 17:51:19 - matching_padroncharcas - DEBUG -     gz_id=1002336 'chasumba' score=1.000 nombre=False saint_only=True terr= phase=candidate
2026-07-02 17:51:19 - matching_padroncharcas - DEBUG -     gz_id=1002336 'chasumba' score=1.000 nombre=False saint_only=True terr= phase=candidate
2026-07-02 17:51:19 - matching_padroncharcas - DEBUG -     gz_id=1002337 'chilixtlahuaca' score=1.000 nombre=False saint_only=True terr= phase=candidate
2026-07-02 17:51:19 - matching_padroncharcas - DEBUG -     gz_id=1002337 'chilixtlahuaca' score=1.000 nombre=False saint_only=True terr= phase=candidate
2026-07-02 17:51:19 - matching_padroncharcas - DEBUG -     gz_id=1000729 'jalpan' score=1.000 nombre=False saint_only=True terr= phase=candidate
2026-07-02 17:51:19 - matching_padroncharcas - DEBUG -     gz_id=1000729 'jalpan' score=1.000 nombre=False saint_only=True terr= phase=candidate
2026-07-02 17:51:19 - matching_padroncharcas - DEBUG -     gz_id=1002344 'huajolotitlan' score=1.000 nombre=False saint_only=True terr= phase=candidate
2026-07-02 17:51:19 - matching_padroncharcas - DEBUG -     gz_id=1002344 'huajolotitlan' score=1.000 nombre=False saint_only=True terr= phase=candidate
2026-07-02 17:51:19 - matching_padroncharcas - DEBUG -     gz_id=1003975 'saric' score=1.000 nombre=False saint_only=False terr= phase=candidate
2026-07-02 17:51:19 - matching_padroncharcas - DEBUG -     gz_id=1003975 'saric' score=1.000 nombre=False saint_only=False terr= phase=candidate
2026-07-02 17:51:19 - matching_padroncharcas - DEBUG -     gz_id=1003975 'saric' score=1.000 nombre=False saint_only=False terr= phase=candidate
2026-07-02 17:51:19 - matching_padroncharcas - DEBUG -     gz_id=1003975 'saric' score=1.000 nombre=False saint_only=False terr= phase=candidate
2026-07-02 17:51:19 - matching_padroncharcas - DEBUG -     gz_id=1003975 'saric' score=1.000 nombre=False saint_only=False terr= phase=candidate
2026-07-02 17:51:19 - matching_padroncharcas - DEBUG -     gz_id=1003975 'saric' score=1.000 nombre=False saint_only=False terr= phase=candidate
2026-07-02 17:51:19 - matching_padroncharcas - DEBUG -     gz_id=2000094 'santiago' score=1.000 nombre=True saint_only=False terr= phase=auto_adopt
2026-07-02 17:51:19 - matching_padroncharcas - DEBUG -     gz_id=2000094 'santiago' score=1.000 nombre=True saint_only=False terr= phase=auto_adopt
2026-07-02 17:51:19 - matching_padroncharcas - DEBUG -     gz_id=2000094 'santiago' score=1.000 nombre=True saint_only=False terr= phase=auto_adopt
2026-07-02 17:51:19 - matching_padroncharcas - DEBUG -     gz_id=6000383 'iucai' score=1.000 nombre=False saint_only=True terr= phase=candidate
2026-07-02 17:51:19 - matching_padroncharcas - DEBUG -     gz_id=1002354 'miltepec' score=1.000 nombre=False saint_only=True terr= phase=candidate
2026-07-02 17:51:19 - matching_padroncharcas - DEBUG -     gz_id=1002354 'miltepec' score=1.000 nombre=False saint_only=True terr= phase=candidate
2026-07-02 17:51:19 - matching_padroncharcas - DEBUG -     gz_id=6000383 'iucai' score=1.000 nombre=False saint_only=True terr= phase=candidate
2026-07-02 17:51:19 - matching_padroncharcas - DEBUG -     gz_id=6000383 'iucai' score=1.000 nombre=False saint_only=True terr= phase=candidate
2026-07-02 17:51:19 - matching_padroncharcas - DEBUG -     gz_id=6000383 'iucai' score=1.000 nombre=False saint_only=True terr= phase=candidate
2026-07-02 17:51:19 - matching_padroncharcas - DEBUG -     gz_id=8000193 'pupuja' score=1.000 nombre=False saint_only=True terr= phase=candidate
2026-07-02 17:51:19 - matching_padroncharcas - DEBUG -     gz_id=8000193 'pupuja' score=1.000 nombre=False saint_only=True terr= phase=candidate
2026-07-02 17:51:19 - matching_padroncharcas - DEBUG -     gz_id=8000193 'pupuja' score=1.000 nombre=False saint_only=True terr= phase=candidate
2026-07-02 17:51:19 - matching_padroncharcas - DEBUG -     gz_id=1002361 'patlanala' score=1.000 nombre=False saint_only=True terr= phase=candidate
2026-07-02 17:51:19 - matching_padroncharcas - DEBUG -     gz_id=1002361 'patlanala' score=1.000 nombre=False saint_only=True terr= phase=candidate
2026-07-02 17:51:19 - matching_padroncharcas - DEBUG -     gz_id=1003981 'tuape' score=1.000 nombre=False saint_only=True terr= phase=candidate
2026-07-02 17:51:19 - matching_padroncharcas - DEBUG -     gz_id=1003981 'tuape' score=1.000 nombre=False saint_only=True terr= phase=candidate
2026-07-02 17:51:19 - matching_padroncharcas - DEBUG -     gz_id=1003981 'tuape' score=1.000 nombre=False saint_only=True terr= phase=candidate
2026-07-02 17:51:19 - matching_padroncharcas - DEBUG -     gz_id=1003981 'tuape' score=1.000 nombre=False saint_only=True terr= phase=candidate
2026-07-02 17:51:19 - matching_padroncharcas - DEBUG -     gz_id=1003981 'tuape' score=1.000 nombre=False saint_only=True terr= phase=candidate
2026-07-02 17:51:19 - matching_padroncharcas - DEBUG -     gz_id=1000746 'aiapango' score=1.000 nombre=False saint_only=True terr= phase=candidate
2026-07-02 17:51:19 - matching_padroncharcas - DEBUG -     gz_id=1000746 'aiapango' score=1.000 nombre=False saint_only=True terr= phase=candidate
2026-07-02 17:51:19 - matching_padroncharcas - DEBUG -     gz_id=1002371 'santiago rio' score=1.000 nombre=False saint_only=True terr= phase=candidate
2026-07-02 17:51:19 - matching_padroncharcas - DEBUG -     gz_id=1002371 'santiago rio' score=1.000 nombre=False saint_only=True terr= phase=candidate
2026-07-02 17:51:19 - matching_padroncharcas - DEBUG -     gz_id=1000755 'cuauhtenco' score=1.000 nombre=False saint_only=True terr= phase=candidate
2026-07-02 17:51:19 - matching_padroncharcas - DEBUG -     gz_id=1000755 'cuauhtenco' score=1.000 nombre=False saint_only=True terr= phase=candidate
2026-07-02 17:51:19 - matching_padroncharcas - DEBUG -     gz_id=1002374 'tamasola' score=1.000 nombre=False saint_only=True terr= phase=candidate
2026-07-02 17:51:19 - matching_padroncharcas - DEBUG -     gz_id=1002374 'tamasola' score=1.000 nombre=False saint_only=True terr= phase=candidate
2026-07-02 17:51:19 - matching_padroncharcas - DEBUG -     gz_id=5600006 'lahuna' score=1.000 nombre=False saint_only=True terr= phase=candidate
2026-07-02 17:51:19 - matching_padroncharcas - DEBUG -     gz_id=2000117 'iajalon' score=1.000 nombre=False saint_only=True terr= phase=candidate
2026-07-02 17:51:19 - matching_padroncharcas - DEBUG -     gz_id=2000117 'iajalon' score=1.000 nombre=False saint_only=True terr= phase=candidate
2026-07-02 17:51:19 - matching_padroncharcas - DEBUG -     gz_id=5600006 'lahuna' score=1.000 nombre=False saint_only=True terr= phase=candidate
2026-07-02 17:51:19 - matching_padroncharcas - DEBUG -     gz_id=5600006 'lahuna' score=1.000 nombre=False saint_only=True terr= phase=candidate
2026-07-02 17:51:19 - matching_padroncharcas - DEBUG -     gz_id=5600006 'lahuna' score=1.000 nombre=False saint_only=True terr= phase=candidate
2026-07-02 17:51:19 - matching_padroncharcas - DEBUG -     gz_id=5600006 'lahuna' score=1.000 nombre=False saint_only=True terr= phase=candidate
2026-07-02 17:51:19 - matching_padroncharcas - DEBUG -     gz_id=5600006 'lahuna' score=1.000 nombre=False saint_only=True terr= phase=candidate
2026-07-02 17:51:19 - matching_padroncharcas - DEBUG -     gz_id=1000765 'mamalhuasuca' score=1.000 nombre=False saint_only=True terr= phase=candidate
2026-07-02 17:51:19 - matching_padroncharcas - DEBUG -     gz_id=1000765 'mamalhuasuca' score=1.000 nombre=False saint_only=True terr= phase=candidate
2026-07-02 17:51:19 - matching_padroncharcas - DEBUG -     gz_id=1000769 'nepopualco' score=1.000 nombre=False saint_only=True terr= phase=candidate
2026-07-02 17:51:19 - matching_padroncharcas - DEBUG -     gz_id=1000769 'nepopualco' score=1.000 nombre=False saint_only=True terr= phase=candidate
2026-07-02 17:51:19 - matching_padroncharcas - DEBUG -     gz_id=1000769 'nepopualco' score=1.000 nombre=False saint_only=True terr= phase=candidate
2026-07-02 17:51:19 - matching_padroncharcas - DEBUG -     gz_id=1002388 'iucuiachi' score=1.000 nombre=False saint_only=True terr= phase=candidate
2026-07-02 17:51:19 - matching_padroncharcas - DEBUG -     gz_id=1002388 'iucuiachi' score=1.000 nombre=False saint_only=True terr= phase=candidate
2026-07-02 17:51:19 - matching_padroncharcas - DEBUG -     gz_id=9900203 'cercado' score=1.000 nombre=False saint_only=True terr= phase=candidate
2026-07-02 17:51:19 - matching_padroncharcas - DEBUG -     gz_id=9900203 'cercado' score=1.000 nombre=False saint_only=True terr= phase=candidate
2026-07-02 17:51:19 - matching_padroncharcas - DEBUG -     gz_id=1002395 'astata' score=1.000 nombre=False saint_only=True terr= phase=candidate
2026-07-02 17:51:19 - matching_padroncharcas - DEBUG -     gz_id=1002395 'astata' score=1.000 nombre=False saint_only=True terr= phase=candidate
2026-07-02 17:51:19 - matching_padroncharcas - DEBUG -     gz_id=1002395 'astata' score=1.000 nombre=False saint_only=True terr= phase=candidate
2026-07-02 17:51:19 - matching_padroncharcas - DEBUG -     gz_id=1002395 'astata' score=1.000 nombre=False saint_only=True terr= phase=candidate
2026-07-02 17:51:19 - matching_padroncharcas - DEBUG -     gz_id=1002395 'astata' score=1.000 nombre=False saint_only=True terr= phase=candidate
2026-07-02 17:51:19 - matching_padroncharcas - DEBUG -     gz_id=1002395 'astata' score=1.000 nombre=False saint_only=True terr= phase=candidate
2026-07-02 17:51:19 - matching_padroncharcas - DEBUG -     gz_id=1002395 'astata' score=1.000 nombre=False saint_only=True terr= phase=candidate
2026-07-02 17:51:19 - matching_padroncharcas - DEBUG -     gz_id=1002395 'astata' score=1.000 nombre=False saint_only=True terr= phase=candidate
2026-07-02 17:51:19 - matching_padroncharcas - DEBUG -     gz_id=1000785 'tepopula' score=1.000 nombre=False saint_only=True terr= phase=candidate
2026-07-02 17:51:19 - matching_padroncharcas - DEBUG -     gz_id=1000785 'tepopula' score=1.000 nombre=False saint_only=True terr= phase=candidate
2026-07-02 17:51:19 - matching_padroncharcas - DEBUG -     gz_id=8000227 'paredon' score=1.000 nombre=False saint_only=True terr=region_exact phase=candidate
2026-07-02 17:51:19 - matching_padroncharcas - DEBUG -     gz_id=8000227 'paredon' score=1.000 nombre=False saint_only=True terr=region_exact phase=candidate
2026-07-02 17:51:19 - matching_padroncharcas - DEBUG -     gz_id=1004027 'santiago' score=1.000 nombre=True saint_only=False terr= phase=auto_adopt
2026-07-02 17:51:19 - matching_padroncharcas - DEBUG -     gz_id=1004027 'santiago' score=1.000 nombre=True saint_only=False terr= phase=auto_adopt
2026-07-02 17:51:19 - matching_padroncharcas - DEBUG -     gz_id=2000181 'tejutla' score=1.000 nombre=False saint_only=True terr= phase=candidate
2026-07-02 17:51:19 - matching_padroncharcas - DEBUG -     gz_id=1004033 'teapa' score=1.000 nombre=False saint_only=True terr= phase=candidate
2026-07-02 17:51:19 - matching_padroncharcas - DEBUG -     gz_id=1004033 'teapa' score=1.000 nombre=False saint_only=True terr= phase=candidate
2026-07-02 17:51:19 - matching_padroncharcas - DEBUG -     gz_id=2000194 'atitan' score=1.000 nombre=False saint_only=True terr= phase=candidate
2026-07-02 17:51:19 - matching_padroncharcas - DEBUG -     gz_id=1000806 'sapotitlan' score=1.000 nombre=False saint_only=True terr= phase=candidate
2026-07-02 17:51:19 - matching_padroncharcas - DEBUG -     gz_id=1000806 'sapotitlan' score=1.000 nombre=False saint_only=True terr= phase=candidate
2026-07-02 17:51:19 - matching_padroncharcas - DEBUG -     gz_id=1000809 'sula' score=1.000 nombre=False saint_only=True terr= phase=candidate
2026-07-02 17:51:19 - matching_padroncharcas - DEBUG -     gz_id=1000809 'sula' score=1.000 nombre=False saint_only=True terr= phase=candidate
2026-07-02 17:51:19 - matching_padroncharcas - DEBUG -     gz_id=1002413 'suchilquitongo' score=1.000 nombre=False saint_only=True terr= phase=candidate
2026-07-02 17:51:19 - matching_padroncharcas - DEBUG -     gz_id=1000826 'mesquitlan' score=1.000 nombre=False saint_only=True terr= phase=candidate
2026-07-02 17:51:19 - matching_padroncharcas - DEBUG -     gz_id=1000826 'mesquitlan' score=1.000 nombre=False saint_only=True terr= phase=candidate
2026-07-02 17:51:19 - matching_padroncharcas - DEBUG -     gz_id=1002413 'suchilquitongo' score=1.000 nombre=False saint_only=True terr= phase=candidate
2026-07-02 17:51:19 - matching_padroncharcas - DEBUG -     gz_id=8000258 'santiago' score=1.000 nombre=False saint_only=True terr=region_exact phase=candidate
2026-07-02 17:51:19 - matching_padroncharcas - DEBUG -     gz_id=2000223 'chalchuapa' score=1.000 nombre=False saint_only=True terr= phase=candidate
2026-07-02 17:51:19 - matching_padroncharcas - DEBUG -     gz_id=2000223 'chalchuapa' score=1.000 nombre=False saint_only=True terr= phase=candidate
2026-07-02 17:51:19 - matching_padroncharcas - DEBUG -     gz_id=8000258 'santiago' score=1.000 nombre=False saint_only=True terr=region_exact phase=candidate
2026-07-02 17:51:19 - matching_padroncharcas - DEBUG -     gz_id=5600033 'cali' score=1.000 nombre=False saint_only=True terr= phase=candidate
2026-07-02 17:51:19 - matching_padroncharcas - DEBUG -     gz_id=5600033 'cali' score=1.000 nombre=False saint_only=True terr= phase=candidate
2026-07-02 17:51:19 - matching_padroncharcas - DEBUG -     gz_id=5600033 'cali' score=1.000 nombre=False saint_only=True terr= phase=candidate
2026-07-02 17:51:19 - matching_padroncharcas - DEBUG -     gz_id=8000258 'santiago' score=1.000 nombre=False saint_only=True terr=region_exact phase=candidate
2026-07-02 17:51:19 - matching_padroncharcas - DEBUG -     gz_id=8000258 'santiago' score=1.000 nombre=False saint_only=True terr=region_exact phase=candidate
2026-07-02 17:51:19 - matching_padroncharcas - DEBUG -     gz_id=1000833 'pochutla' score=1.000 nombre=False saint_only=True terr= phase=candidate
2026-07-02 17:51:19 - matching_padroncharcas - DEBUG -     gz_id=1000833 'pochutla' score=1.000 nombre=False saint_only=True terr= phase=candidate
2026-07-02 17:51:19 - matching_padroncharcas - DEBUG -     gz_id=1000834 'quechultenango' score=1.000 nombre=False saint_only=True terr= phase=candidate
2026-07-02 17:51:19 - matching_padroncharcas - DEBUG -     gz_id=1000834 'quechultenango' score=1.000 nombre=False saint_only=True terr= phase=candidate
2026-07-02 17:51:19 - matching_padroncharcas - DEBUG -     gz_id=6000489 'santiago' score=1.000 nombre=True saint_only=False terr= phase=auto_adopt
2026-07-02 17:51:19 - matching_padroncharcas - DEBUG -     gz_id=6000489 'santiago' score=1.000 nombre=True saint_only=False terr= phase=auto_adopt
2026-07-02 17:51:19 - matching_padroncharcas - DEBUG -     gz_id=1000844 'sacango' score=1.000 nombre=False saint_only=True terr= phase=candidate
2026-07-02 17:51:19 - matching_padroncharcas - DEBUG -     gz_id=1000844 'sacango' score=1.000 nombre=False saint_only=True terr= phase=candidate
2026-07-02 17:51:19 - matching_padroncharcas - DEBUG -     gz_id=2000238 'apastepeque' score=1.000 nombre=False saint_only=True terr= phase=candidate
2026-07-02 17:51:19 - matching_padroncharcas - DEBUG -     gz_id=9900260 'santiago' score=1.000 nombre=True saint_only=False terr= phase=auto_adopt
2026-07-02 17:51:19 - matching_padroncharcas - DEBUG -     gz_id=9900260 'santiago' score=1.000 nombre=True saint_only=False terr= phase=auto_adopt
2026-07-02 17:51:19 - matching_padroncharcas - DEBUG -     gz_id=9900260 'santiago' score=1.000 nombre=True saint_only=False terr= phase=auto_adopt
2026-07-02 17:51:19 - matching_padroncharcas - DEBUG -     gz_id=2000238 'apastepeque' score=1.000 nombre=False saint_only=True terr= phase=candidate
2026-07-02 17:51:19 - matching_padroncharcas - DEBUG -     gz_id=9900261 'balladares' score=1.000 nombre=False saint_only=True terr= phase=candidate
2026-07-02 17:51:19 - matching_padroncharcas - DEBUG -     gz_id=9900261 'balladares' score=1.000 nombre=False saint_only=True terr= phase=candidate
2026-07-02 17:51:19 - matching_padroncharcas - DEBUG -     gz_id=9900260 'santiago' score=1.000 nombre=True saint_only=False terr= phase=auto_adopt
2026-07-02 17:51:19 - matching_padroncharcas - DEBUG -     gz_id=1002433 'cuixtla' score=1.000 nombre=False saint_only=True terr= phase=candidate
2026-07-02 17:51:19 - matching_padroncharcas - DEBUG -     gz_id=1002433 'cuixtla' score=1.000 nombre=False saint_only=True terr= phase=candidate
2026-07-02 17:51:19 - matching_padroncharcas - DEBUG -     gz_id=9900260 'santiago' score=1.000 nombre=True saint_only=False terr= phase=auto_adopt
2026-07-02 17:51:19 - matching_padroncharcas - DEBUG -     gz_id=1002444 'santiago jicaian' score=1.000 nombre=False saint_only=True terr= phase=candidate
2026-07-02 17:51:19 - matching_padroncharcas - DEBUG -     gz_id=1002444 'santiago jicaian' score=1.000 nombre=False saint_only=True terr= phase=candidate
2026-07-02 17:51:19 - matching_padroncharcas - DEBUG -     gz_id=1002445 'jocotepec' score=1.000 nombre=False saint_only=True terr= phase=candidate
2026-07-02 17:51:19 - matching_padroncharcas - DEBUG -     gz_id=1002445 'jocotepec' score=1.000 nombre=False saint_only=True terr= phase=candidate
2026-07-02 17:51:19 - matching_padroncharcas - DEBUG -     gz_id=1002455 'pinotepa rei' score=1.000 nombre=False saint_only=True terr= phase=candidate
2026-07-02 17:51:19 - matching_padroncharcas - DEBUG -     gz_id=1002455 'pinotepa rei' score=1.000 nombre=False saint_only=True terr= phase=candidate
2026-07-02 17:51:19 - matching_padroncharcas - DEBUG -     gz_id=1004084 'michac' score=1.000 nombre=False saint_only=True terr= phase=candidate
2026-07-02 17:51:19 - matching_padroncharcas - DEBUG -     gz_id=1004084 'michac' score=1.000 nombre=False saint_only=True terr= phase=candidate
2026-07-02 17:51:19 - matching_padroncharcas - DEBUG -     gz_id=1004084 'michac' score=1.000 nombre=False saint_only=True terr= phase=candidate
2026-07-02 17:51:19 - matching_padroncharcas - DEBUG -     gz_id=1000865 'cuautlalpan' score=1.000 nombre=False saint_only=True terr= phase=candidate
2026-07-02 17:51:19 - matching_padroncharcas - DEBUG -     gz_id=1000865 'cuautlalpan' score=1.000 nombre=False saint_only=True terr= phase=candidate
2026-07-02 17:51:19 - matching_padroncharcas - DEBUG -     gz_id=1000865 'cuautlalpan' score=1.000 nombre=False saint_only=True terr= phase=candidate
2026-07-02 17:51:19 - matching_padroncharcas - DEBUG -     gz_id=1000865 'cuautlalpan' score=1.000 nombre=False saint_only=True terr= phase=candidate
2026-07-02 17:51:19 - matching_padroncharcas - DEBUG -     gz_id=9900295 'castanuela' score=1.000 nombre=False saint_only=True terr= phase=candidate
2026-07-02 17:51:19 - matching_padroncharcas - DEBUG -     gz_id=9900295 'castanuela' score=1.000 nombre=False saint_only=True terr= phase=candidate
2026-07-02 17:51:19 - matching_padroncharcas - DEBUG -     gz_id=9900295 'castanuela' score=1.000 nombre=False saint_only=True terr= phase=candidate
2026-07-02 17:51:19 - matching_padroncharcas - DEBUG -     gz_id=1004090 'ocotitlan' score=1.000 nombre=False saint_only=True terr= phase=candidate
2026-07-02 17:51:19 - matching_padroncharcas - DEBUG -     gz_id=1004090 'ocotitlan' score=1.000 nombre=False saint_only=True terr= phase=candidate
2026-07-02 17:51:19 - matching_padroncharcas - DEBUG -     gz_id=1004090 'ocotitlan' score=1.000 nombre=False saint_only=True terr= phase=candidate
2026-07-02 17:51:19 - matching_padroncharcas - DEBUG -     gz_id=1004091 'ocotlan' score=1.000 nombre=False saint_only=False terr= phase=candidate
2026-07-02 17:51:19 - matching_padroncharcas - DEBUG -     gz_id=1004091 'ocotlan' score=1.000 nombre=False saint_only=False terr= phase=candidate
2026-07-02 17:51:19 - matching_padroncharcas - DEBUG -     gz_id=1004091 'ocotlan' score=1.000 nombre=False saint_only=False terr= phase=candidate
2026-07-02 17:51:19 - matching_padroncharcas - DEBUG -     gz_id=1002470 'tetepec' score=1.000 nombre=False saint_only=True terr= phase=candidate
2026-07-02 17:51:19 - matching_padroncharcas - DEBUG -     gz_id=1002470 'tetepec' score=1.000 nombre=False saint_only=True terr= phase=candidate
2026-07-02 17:51:19 - matching_padroncharcas - DEBUG -     gz_id=1002476 'iaitepec' score=1.000 nombre=False saint_only=True terr= phase=candidate
2026-07-02 17:51:19 - matching_padroncharcas - DEBUG -     gz_id=1002476 'iaitepec' score=1.000 nombre=False saint_only=True terr= phase=candidate
2026-07-02 17:51:19 - matching_padroncharcas - DEBUG -     gz_id=9900312 'santiago pacahuara' score=1.000 nombre=False saint_only=True terr=region_exact phase=candidate
2026-07-02 17:51:19 - matching_padroncharcas - DEBUG -     gz_id=1002484 'ixplatepec' score=1.000 nombre=False saint_only=True terr= phase=candidate
2026-07-02 17:51:19 - matching_padroncharcas - DEBUG -     gz_id=1002484 'ixplatepec' score=1.000 nombre=False saint_only=True terr= phase=candidate
2026-07-02 17:51:19 - matching_padroncharcas - DEBUG -     gz_id=1002484 'ixplatepec' score=1.000 nombre=False saint_only=True terr= phase=candidate
2026-07-02 17:51:19 - matching_padroncharcas - DEBUG -     gz_id=1000878 'teiahualco' score=1.000 nombre=False saint_only=True terr= phase=candidate
2026-07-02 17:51:19 - matching_padroncharcas - DEBUG -     gz_id=1000878 'teiahualco' score=1.000 nombre=False saint_only=True terr= phase=candidate
2026-07-02 17:51:19 - matching_padroncharcas - DEBUG -     gz_id=1000878 'teiahualco' score=1.000 nombre=False saint_only=True terr= phase=candidate
2026-07-02 17:51:19 - matching_padroncharcas - DEBUG -     gz_id=1000878 'teiahualco' score=1.000 nombre=False saint_only=True terr= phase=candidate
2026-07-02 17:51:19 - matching_padroncharcas - DEBUG -     gz_id=1004113 'tepeticpac' score=1.000 nombre=False saint_only=True terr= phase=candidate
2026-07-02 17:51:19 - matching_padroncharcas - DEBUG -     gz_id=1004113 'tepeticpac' score=1.000 nombre=False saint_only=True terr= phase=candidate
2026-07-02 17:51:19 - matching_padroncharcas - DEBUG -     gz_id=1004113 'tepeticpac' score=1.000 nombre=False saint_only=True terr= phase=candidate
2026-07-02 17:51:19 - matching_padroncharcas - DEBUG -     gz_id=2000305 'santiago sacatepeques' score=1.000 nombre=False saint_only=True terr= phase=candidate
2026-07-02 17:51:19 - matching_padroncharcas - DEBUG -     gz_id=2000305 'santiago sacatepeques' score=1.000 nombre=False saint_only=True terr= phase=candidate
2026-07-02 17:51:19 - matching_padroncharcas - DEBUG -     gz_id=1004118 'tetla' score=1.000 nombre=False saint_only=True terr= phase=candidate
2026-07-02 17:51:19 - matching_padroncharcas - DEBUG -     gz_id=1004118 'tetla' score=1.000 nombre=False saint_only=True terr= phase=candidate
2026-07-02 17:51:19 - matching_padroncharcas - DEBUG -     gz_id=1004118 'tetla' score=1.000 nombre=False saint_only=True terr= phase=candidate
2026-07-02 17:51:19 - matching_padroncharcas - DEBUG -     gz_id=2000312 'nonualco' score=1.000 nombre=False saint_only=True terr= phase=candidate
2026-07-02 17:51:19 - matching_padroncharcas - DEBUG -     gz_id=2000312 'nonualco' score=1.000 nombre=False saint_only=True terr= phase=candidate
2026-07-02 17:51:19 - matching_padroncharcas - DEBUG -     gz_id=1000895 'ocuituco' score=1.000 nombre=False saint_only=True terr= phase=candidate
2026-07-02 17:51:19 - matching_padroncharcas - DEBUG -     gz_id=1000895 'ocuituco' score=1.000 nombre=False saint_only=True terr= phase=candidate
2026-07-02 17:51:19 - matching_padroncharcas - DEBUG -     gz_id=1000895 'ocuituco' score=1.000 nombre=False saint_only=True terr= phase=candidate
2026-07-02 17:51:19 - matching_padroncharcas - DEBUG -     gz_id=1002512 'galera' score=1.000 nombre=False saint_only=True terr= phase=candidate
2026-07-02 17:51:19 - matching_padroncharcas - DEBUG -     gz_id=1002512 'galera' score=1.000 nombre=False saint_only=True terr= phase=candidate
2026-07-02 17:51:19 - matching_padroncharcas - DEBUG -     gz_id=1004126 'tlacochcalco' score=1.000 nombre=False saint_only=True terr= phase=candidate
2026-07-02 17:51:19 - matching_padroncharcas - DEBUG -     gz_id=1004126 'tlacochcalco' score=1.000 nombre=False saint_only=True terr= phase=candidate
2026-07-02 17:51:19 - matching_padroncharcas - DEBUG -     gz_id=1004126 'tlacochcalco' score=1.000 nombre=False saint_only=True terr= phase=candidate
2026-07-02 17:51:19 - matching_padroncharcas - DEBUG -     gz_id=2000338 'chimaltenango' score=1.000 nombre=False saint_only=True terr= phase=candidate
2026-07-02 17:51:19 - matching_padroncharcas - DEBUG -     gz_id=2000345 'amatenango' score=1.000 nombre=False saint_only=True terr= phase=candidate
2026-07-02 17:51:19 - matching_padroncharcas - DEBUG -     gz_id=2000355 'petatan' score=1.000 nombre=False saint_only=True terr= phase=candidate
2026-07-02 17:51:19 - matching_padroncharcas - DEBUG -     gz_id=1000912 'amaiuca' score=1.000 nombre=False saint_only=True terr= phase=candidate
2026-07-02 17:51:19 - matching_padroncharcas - DEBUG -     gz_id=1000912 'amaiuca' score=1.000 nombre=False saint_only=True terr= phase=candidate
2026-07-02 17:51:19 - matching_padroncharcas - DEBUG -     gz_id=1000912 'amaiuca' score=1.000 nombre=False saint_only=True terr= phase=candidate
2026-07-02 17:51:19 - matching_padroncharcas - DEBUG -     gz_id=1000912 'amaiuca' score=1.000 nombre=False saint_only=True terr= phase=candidate
2026-07-02 17:51:19 - matching_padroncharcas - DEBUG -     gz_id=1002542 'janica' score=1.000 nombre=False saint_only=True terr= phase=candidate
2026-07-02 17:51:19 - matching_padroncharcas - DEBUG -     gz_id=1002542 'janica' score=1.000 nombre=False saint_only=True terr= phase=candidate
2026-07-02 17:51:19 - matching_padroncharcas - DEBUG -     gz_id=2000371 'coatepeque' score=1.000 nombre=False saint_only=True terr= phase=candidate
2026-07-02 17:51:19 - matching_padroncharcas - DEBUG -     gz_id=1004158 'moloacan' score=1.000 nombre=False saint_only=True terr= phase=candidate
2026-07-02 17:51:19 - matching_padroncharcas - DEBUG -     gz_id=1004158 'moloacan' score=1.000 nombre=False saint_only=True terr= phase=candidate
2026-07-02 17:51:19 - matching_padroncharcas - DEBUG -     gz_id=1002561 'ixcuintepec' score=1.000 nombre=False saint_only=True terr= phase=candidate
2026-07-02 17:51:19 - matching_padroncharcas - DEBUG -     gz_id=1002561 'ixcuintepec' score=1.000 nombre=False saint_only=True terr= phase=candidate
2026-07-02 17:51:19 - matching_padroncharcas - DEBUG -     gz_id=1002562 'santiago jilotepec' score=1.000 nombre=False saint_only=True terr= phase=candidate
2026-07-02 17:51:19 - matching_padroncharcas - DEBUG -     gz_id=1002562 'santiago jilotepec' score=1.000 nombre=False saint_only=True terr= phase=candidate
2026-07-02 17:51:19 - matching_padroncharcas - DEBUG -     gz_id=1002562 'santiago jilotepec' score=1.000 nombre=False saint_only=True terr= phase=candidate
2026-07-02 17:51:19 - matching_padroncharcas - DEBUG -     gz_id=1002569 'lachibia' score=1.000 nombre=False saint_only=True terr= phase=candidate
2026-07-02 17:51:19 - matching_padroncharcas - DEBUG -     gz_id=1002569 'lachibia' score=1.000 nombre=False saint_only=True terr= phase=candidate
2026-07-02 17:51:19 - matching_padroncharcas - DEBUG -     gz_id=1004176 'huatusco' score=1.000 nombre=False saint_only=True terr= phase=candidate
2026-07-02 17:51:19 - matching_padroncharcas - DEBUG -     gz_id=1004176 'huatusco' score=1.000 nombre=False saint_only=True terr= phase=candidate
2026-07-02 17:51:19 - matching_padroncharcas - DEBUG -     gz_id=1000929 'jiutepec' score=1.000 nombre=False saint_only=True terr= phase=candidate
2026-07-02 17:51:19 - matching_padroncharcas - DEBUG -     gz_id=1000929 'jiutepec' score=1.000 nombre=False saint_only=True terr= phase=candidate
2026-07-02 17:51:19 - matching_padroncharcas - DEBUG -     gz_id=2000420 'samora' score=1.000 nombre=False saint_only=True terr= phase=candidate
2026-07-02 17:51:19 - matching_padroncharcas - DEBUG -     gz_id=2000420 'samora' score=1.000 nombre=False saint_only=True terr= phase=candidate
2026-07-02 17:51:19 - matching_padroncharcas - DEBUG -     gz_id=6000644 'santiago' score=1.000 nombre=True saint_only=False terr= phase=auto_adopt
2026-07-02 17:51:19 - matching_padroncharcas - DEBUG -     gz_id=6000644 'santiago' score=1.000 nombre=True saint_only=False terr= phase=auto_adopt
2026-07-02 17:51:19 - matching_padroncharcas - DEBUG -     gz_id=1002574 'lapahuia' score=1.000 nombre=False saint_only=True terr= phase=candidate
2026-07-02 17:51:19 - matching_padroncharcas - DEBUG -     gz_id=1002574 'lapahuia' score=1.000 nombre=False saint_only=True terr= phase=candidate
2026-07-02 17:51:19 - matching_padroncharcas - DEBUG -     gz_id=1004182 'totutla' score=1.000 nombre=False saint_only=True terr= phase=candidate
2026-07-02 17:51:19 - matching_padroncharcas - DEBUG -     gz_id=1004182 'totutla' score=1.000 nombre=False saint_only=True terr= phase=candidate
2026-07-02 17:51:19 - matching_padroncharcas - DEBUG -     gz_id=1002576 'malacatepec' score=1.000 nombre=False saint_only=True terr= phase=candidate
2026-07-02 17:51:19 - matching_padroncharcas - DEBUG -     gz_id=1002576 'malacatepec' score=1.000 nombre=False saint_only=True terr= phase=candidate
2026-07-02 17:51:19 - matching_padroncharcas - DEBUG -     gz_id=2000426 'santiago matapas' score=1.000 nombre=False saint_only=True terr= phase=candidate
2026-07-02 17:51:19 - matching_padroncharcas - DEBUG -     gz_id=2000426 'santiago matapas' score=1.000 nombre=False saint_only=True terr= phase=candidate
2026-07-02 17:51:19 - matching_padroncharcas - DEBUG -     gz_id=2000426 'santiago matapas' score=1.000 nombre=False saint_only=True terr= phase=candidate
2026-07-02 17:51:19 - matching_padroncharcas - DEBUG -     gz_id=1004187 'ixmatlahuacan' score=1.000 nombre=False saint_only=True terr= phase=candidate
2026-07-02 17:51:19 - matching_padroncharcas - DEBUG -     gz_id=1004187 'ixmatlahuacan' score=1.000 nombre=False saint_only=True terr= phase=candidate
2026-07-02 17:51:19 - matching_padroncharcas - DEBUG -     gz_id=1004191 'jochiapa' score=1.000 nombre=False saint_only=True terr= phase=candidate
2026-07-02 17:51:19 - matching_padroncharcas - DEBUG -     gz_id=1004191 'jochiapa' score=1.000 nombre=False saint_only=True terr= phase=candidate
2026-07-02 17:51:19 - matching_padroncharcas - DEBUG -     gz_id=1004191 'jochiapa' score=1.000 nombre=False saint_only=True terr= phase=candidate
2026-07-02 17:51:19 - matching_padroncharcas - DEBUG -     gz_id=2000440 'tamanique' score=1.000 nombre=False saint_only=True terr= phase=candidate
2026-07-02 17:51:19 - matching_padroncharcas - DEBUG -     gz_id=2000440 'tamanique' score=1.000 nombre=False saint_only=True terr= phase=candidate
2026-07-02 17:51:19 - matching_padroncharcas - DEBUG -     gz_id=1002589 'quiabicusas' score=1.000 nombre=False saint_only=True terr= phase=candidate
2026-07-02 17:51:19 - matching_padroncharcas - DEBUG -     gz_id=1002589 'quiabicusas' score=1.000 nombre=False saint_only=True terr= phase=candidate
2026-07-02 17:51:19 - matching_padroncharcas - DEBUG -     gz_id=1002590 'quiabijolo' score=1.000 nombre=False saint_only=True terr= phase=candidate
2026-07-02 17:51:19 - matching_padroncharcas - DEBUG -     gz_id=1002590 'quiabijolo' score=1.000 nombre=False saint_only=True terr= phase=candidate
2026-07-02 17:51:19 - matching_padroncharcas - DEBUG -     gz_id=1002590 'quiabijolo' score=1.000 nombre=False saint_only=True terr= phase=candidate
2026-07-02 17:51:19 - matching_padroncharcas - DEBUG -     gz_id=8000436 'santiago' score=1.000 nombre=True saint_only=False terr=region_exact phase=auto_adopt
2026-07-02 17:51:19 - matching_padroncharcas - DEBUG -     gz_id=5600119 'santiago' score=1.000 nombre=False saint_only=True terr= phase=candidate
2026-07-02 17:51:19 - matching_padroncharcas - DEBUG -     gz_id=1002601 'tecolotepec' score=1.000 nombre=False saint_only=True terr= phase=candidate
2026-07-02 17:51:19 - matching_padroncharcas - DEBUG -     gz_id=1002601 'tecolotepec' score=1.000 nombre=False saint_only=True terr= phase=candidate
2026-07-02 17:51:19 - matching_padroncharcas - DEBUG -     gz_id=1002601 'tecolotepec' score=1.000 nombre=False saint_only=True terr= phase=candidate
2026-07-02 17:51:19 - matching_padroncharcas - DEBUG -     gz_id=1004212 'tlilapan' score=1.000 nombre=False saint_only=True terr= phase=candidate
2026-07-02 17:51:19 - matching_padroncharcas - DEBUG -     gz_id=1004212 'tlilapan' score=1.000 nombre=False saint_only=True terr= phase=candidate
2026-07-02 17:51:19 - matching_padroncharcas - DEBUG -     gz_id=5600119 'santiago' score=1.000 nombre=False saint_only=True terr= phase=candidate
2026-07-02 17:51:19 - matching_padroncharcas - DEBUG -     gz_id=5600119 'santiago' score=1.000 nombre=False saint_only=True terr= phase=candidate
2026-07-02 17:51:19 - matching_padroncharcas - DEBUG -     gz_id=5600119 'santiago' score=1.000 nombre=False saint_only=True terr= phase=candidate
2026-07-02 17:51:19 - matching_padroncharcas - DEBUG -     gz_id=5600119 'santiago' score=1.000 nombre=False saint_only=True terr= phase=candidate
2026-07-02 17:51:19 - matching_padroncharcas - DEBUG -     gz_id=2000462 'santiago tejacuangos' score=1.000 nombre=False saint_only=True terr= phase=candidate
2026-07-02 17:51:19 - matching_padroncharcas - DEBUG -     gz_id=2000462 'santiago tejacuangos' score=1.000 nombre=False saint_only=True terr= phase=candidate
2026-07-02 17:51:19 - matching_padroncharcas - DEBUG -     gz_id=1000952 'tepetlapa' score=1.000 nombre=False saint_only=True terr= phase=candidate
2026-07-02 17:51:19 - matching_padroncharcas - DEBUG -     gz_id=1000952 'tepetlapa' score=1.000 nombre=False saint_only=True terr= phase=candidate
2026-07-02 17:51:19 - matching_padroncharcas - DEBUG -     gz_id=1000952 'tepetlapa' score=1.000 nombre=False saint_only=True terr= phase=candidate
2026-07-02 17:51:19 - matching_padroncharcas - DEBUG -     gz_id=1000952 'tepetlapa' score=1.000 nombre=False saint_only=True terr= phase=candidate
2026-07-02 17:51:19 - matching_padroncharcas - DEBUG -     gz_id=2000466 'aculuaca' score=1.000 nombre=False saint_only=True terr= phase=candidate
2026-07-02 17:51:19 - matching_padroncharcas - DEBUG -     gz_id=2000466 'aculuaca' score=1.000 nombre=False saint_only=True terr= phase=candidate
2026-07-02 17:51:19 - matching_padroncharcas - DEBUG -     gz_id=6000688 'picchos' score=1.000 nombre=False saint_only=True terr= phase=candidate
2026-07-02 17:51:19 - matching_padroncharcas - DEBUG -     gz_id=6000688 'picchos' score=1.000 nombre=False saint_only=True terr= phase=candidate
2026-07-02 17:51:19 - matching_padroncharcas - DEBUG -     gz_id=1004223 'tancuiche' score=1.000 nombre=False saint_only=True terr= phase=candidate
2026-07-02 17:51:19 - matching_padroncharcas - DEBUG -     gz_id=1004223 'tancuiche' score=1.000 nombre=False saint_only=True terr= phase=candidate
2026-07-02 17:51:19 - matching_padroncharcas - DEBUG -     gz_id=2000471 'tenancingo' score=1.000 nombre=False saint_only=True terr= phase=candidate
2026-07-02 17:51:19 - matching_padroncharcas - DEBUG -     gz_id=2000471 'tenancingo' score=1.000 nombre=False saint_only=True terr= phase=candidate
2026-07-02 17:51:19 - matching_padroncharcas - DEBUG -     gz_id=1002613 'santiago' score=1.000 nombre=False saint_only=True terr= phase=candidate
2026-07-02 17:51:19 - matching_padroncharcas - DEBUG -     gz_id=1002613 'santiago' score=1.000 nombre=False saint_only=True terr= phase=candidate
2026-07-02 17:51:19 - matching_padroncharcas - DEBUG -     gz_id=1004226 'tantoiuca' score=1.000 nombre=False saint_only=True terr= phase=candidate
2026-07-02 17:51:19 - matching_padroncharcas - DEBUG -     gz_id=1004226 'tantoiuca' score=1.000 nombre=False saint_only=True terr= phase=candidate
2026-07-02 17:51:19 - matching_padroncharcas - DEBUG -     gz_id=6000694 'tucuma' score=1.000 nombre=False saint_only=True terr= phase=candidate
2026-07-02 17:51:19 - matching_padroncharcas - DEBUG -     gz_id=6000694 'tucuma' score=1.000 nombre=False saint_only=True terr= phase=candidate
2026-07-02 17:51:19 - matching_padroncharcas - DEBUG -     gz_id=1002618 'huauclilla' score=1.000 nombre=False saint_only=True terr= phase=candidate
2026-07-02 17:51:19 - matching_padroncharcas - DEBUG -     gz_id=1002618 'huauclilla' score=1.000 nombre=False saint_only=True terr= phase=candidate
2026-07-02 17:51:19 - matching_padroncharcas - DEBUG -     gz_id=1002619 'huajolotipac' score=1.000 nombre=False saint_only=True terr= phase=candidate
2026-07-02 17:51:19 - matching_padroncharcas - DEBUG -     gz_id=1002619 'huajolotipac' score=1.000 nombre=False saint_only=True terr= phase=candidate
2026-07-02 17:51:19 - matching_padroncharcas - DEBUG -     gz_id=1002623 'nejapilla' score=1.000 nombre=False saint_only=True terr= phase=candidate
2026-07-02 17:51:19 - matching_padroncharcas - DEBUG -     gz_id=1002623 'nejapilla' score=1.000 nombre=False saint_only=True terr= phase=candidate
2026-07-02 17:51:19 - matching_padroncharcas - DEBUG -     gz_id=2000487 'quelepa' score=1.000 nombre=False saint_only=True terr= phase=candidate
2026-07-02 17:51:19 - matching_padroncharcas - DEBUG -     gz_id=2000487 'quelepa' score=1.000 nombre=False saint_only=True terr= phase=candidate
2026-07-02 17:51:19 - matching_padroncharcas - DEBUG -     gz_id=1002631 'textitlan' score=1.000 nombre=False saint_only=True terr= phase=candidate
2026-07-02 17:51:19 - matching_padroncharcas - DEBUG -     gz_id=1002631 'textitlan' score=1.000 nombre=False saint_only=True terr= phase=candidate
2026-07-02 17:51:19 - matching_padroncharcas - DEBUG -     gz_id=1002632 'tilantongo' score=1.000 nombre=False saint_only=True terr= phase=candidate
2026-07-02 17:51:19 - matching_padroncharcas - DEBUG -     gz_id=1002632 'tilantongo' score=1.000 nombre=False saint_only=True terr= phase=candidate
2026-07-02 17:51:19 - matching_padroncharcas - DEBUG -     gz_id=1002634 'tlasoialtepec' score=1.000 nombre=False saint_only=True terr= phase=candidate
2026-07-02 17:51:19 - matching_padroncharcas - DEBUG -     gz_id=1002634 'tlasoialtepec' score=1.000 nombre=False saint_only=True terr= phase=candidate
2026-07-02 17:51:19 - matching_padroncharcas - DEBUG -     gz_id=2000497 'huatiiahua' score=1.000 nombre=False saint_only=True terr= phase=candidate
2026-07-02 17:51:19 - matching_padroncharcas - DEBUG -     gz_id=2000497 'huatiiahua' score=1.000 nombre=False saint_only=True terr= phase=candidate
2026-07-02 17:51:19 - matching_padroncharcas - DEBUG -     gz_id=1002642 'huebea' score=1.000 nombre=False saint_only=True terr= phase=candidate
2026-07-02 17:51:19 - matching_padroncharcas - DEBUG -     gz_id=1002642 'huebea' score=1.000 nombre=False saint_only=True terr= phase=candidate
2026-07-02 17:51:19 - matching_padroncharcas - DEBUG -     gz_id=1004255 'chicuacen' score=1.000 nombre=False saint_only=True terr= phase=candidate
2026-07-02 17:51:19 - matching_padroncharcas - DEBUG -     gz_id=1004255 'chicuacen' score=1.000 nombre=False saint_only=True terr= phase=candidate
2026-07-02 17:51:19 - matching_padroncharcas - DEBUG -     gz_id=2000503 'conchahua' score=1.000 nombre=False saint_only=True terr= phase=candidate
2026-07-02 17:51:19 - matching_padroncharcas - DEBUG -     gz_id=2000503 'conchahua' score=1.000 nombre=False saint_only=True terr= phase=candidate
2026-07-02 17:51:19 - matching_padroncharcas - DEBUG -     gz_id=1002648 'lachihuiri' score=1.000 nombre=False saint_only=True terr= phase=candidate
2026-07-02 17:51:19 - matching_padroncharcas - DEBUG -     gz_id=1002648 'lachihuiri' score=1.000 nombre=False saint_only=True terr= phase=candidate
2026-07-02 17:51:19 - matching_padroncharcas - DEBUG -     gz_id=1002651 'niltepec' score=1.000 nombre=False saint_only=True terr= phase=candidate
2026-07-02 17:51:19 - matching_padroncharcas - DEBUG -     gz_id=1002651 'niltepec' score=1.000 nombre=False saint_only=True terr= phase=candidate
2026-07-02 17:51:19 - matching_padroncharcas - DEBUG -     gz_id=2000510 'lislic' score=1.000 nombre=False saint_only=True terr= phase=candidate
2026-07-02 17:51:19 - matching_padroncharcas - DEBUG -     gz_id=2000510 'lislic' score=1.000 nombre=False saint_only=True terr= phase=candidate
2026-07-02 17:51:19 - matching_padroncharcas - DEBUG -     gz_id=2000515 'torola' score=1.000 nombre=False saint_only=True terr= phase=candidate
2026-07-02 17:51:19 - matching_padroncharcas - DEBUG -     gz_id=1004266 'tehuipango' score=1.000 nombre=False saint_only=True terr= phase=candidate
2026-07-02 17:51:19 - matching_padroncharcas - DEBUG -     gz_id=1004266 'tehuipango' score=1.000 nombre=False saint_only=True terr= phase=candidate
2026-07-02 17:51:19 - matching_padroncharcas - DEBUG -     gz_id=2000515 'torola' score=1.000 nombre=False saint_only=True terr= phase=candidate
2026-07-02 17:51:19 - matching_padroncharcas - DEBUG -     gz_id=2000516 'cincimon' score=1.000 nombre=False saint_only=False terr= phase=candidate
2026-07-02 17:51:19 - matching_padroncharcas - DEBUG -     gz_id=2000516 'cincimon' score=1.000 nombre=False saint_only=False terr= phase=candidate
2026-07-02 17:51:19 - matching_padroncharcas - DEBUG -     gz_id=2000525 'sambo' score=1.000 nombre=False saint_only=True terr= phase=candidate
2026-07-02 17:51:19 - matching_padroncharcas - DEBUG -     gz_id=1002671 'dominhuillo' score=1.000 nombre=False saint_only=True terr= phase=candidate
2026-07-02 17:51:19 - matching_padroncharcas - DEBUG -     gz_id=1002671 'dominhuillo' score=1.000 nombre=False saint_only=True terr= phase=candidate
2026-07-02 17:51:19 - matching_padroncharcas - DEBUG -     gz_id=1002678 'nanacaltepec' score=1.000 nombre=False saint_only=True terr= phase=candidate
2026-07-02 17:51:19 - matching_padroncharcas - DEBUG -     gz_id=1002678 'nanacaltepec' score=1.000 nombre=False saint_only=True terr= phase=candidate
2026-07-02 17:51:19 - matching_padroncharcas - DEBUG -     gz_id=1004282 'aiahualulco' score=1.000 nombre=False saint_only=True terr= phase=candidate
2026-07-02 17:51:19 - matching_padroncharcas - DEBUG -     gz_id=1004282 'aiahualulco' score=1.000 nombre=False saint_only=True terr= phase=candidate
2026-07-02 17:51:19 - matching_padroncharcas - DEBUG -     gz_id=1004287 'coacoacintla' score=1.000 nombre=False saint_only=True terr= phase=candidate
2026-07-02 17:51:19 - matching_padroncharcas - DEBUG -     gz_id=1004287 'coacoacintla' score=1.000 nombre=False saint_only=True terr= phase=candidate
2026-07-02 17:51:19 - matching_padroncharcas - DEBUG -     gz_id=1002683 'quiotepec' score=1.000 nombre=False saint_only=True terr= phase=candidate
2026-07-02 17:51:19 - matching_padroncharcas - DEBUG -     gz_id=1002683 'quiotepec' score=1.000 nombre=False saint_only=True terr= phase=candidate
2026-07-02 17:51:19 - matching_padroncharcas - DEBUG -     gz_id=8000504 'chuquilla' score=1.000 nombre=False saint_only=True terr=region_exact phase=candidate
2026-07-02 17:51:19 - matching_padroncharcas - DEBUG -     gz_id=8000504 'chuquilla' score=1.000 nombre=False saint_only=True terr=region_exact phase=candidate
2026-07-02 17:51:19 - matching_padroncharcas - DEBUG -     gz_id=1001015 'chapantongo' score=1.000 nombre=False saint_only=True terr= phase=candidate
2026-07-02 17:51:19 - matching_padroncharcas - DEBUG -     gz_id=1001015 'chapantongo' score=1.000 nombre=False saint_only=True terr= phase=candidate
2026-07-02 17:51:19 - matching_padroncharcas - DEBUG -     gz_id=1002696 'texcalcingo' score=1.000 nombre=False saint_only=True terr= phase=candidate
2026-07-02 17:51:19 - matching_padroncharcas - DEBUG -     gz_id=1002696 'texcalcingo' score=1.000 nombre=False saint_only=True terr= phase=candidate
2026-07-02 17:51:19 - matching_padroncharcas - DEBUG -     gz_id=1002705 'santiago ixtaltepec' score=1.000 nombre=False saint_only=True terr= phase=candidate
2026-07-02 17:51:19 - matching_padroncharcas - DEBUG -     gz_id=1001029 'maxda' score=1.000 nombre=False saint_only=True terr= phase=candidate
2026-07-02 17:51:19 - matching_padroncharcas - DEBUG -     gz_id=1001029 'maxda' score=1.000 nombre=False saint_only=True terr= phase=candidate
2026-07-02 17:51:19 - matching_padroncharcas - DEBUG -     gz_id=1001030 'mexquititlan' score=1.000 nombre=False saint_only=True terr= phase=candidate
2026-07-02 17:51:19 - matching_padroncharcas - DEBUG -     gz_id=1001030 'mexquititlan' score=1.000 nombre=False saint_only=True terr= phase=candidate
2026-07-02 17:51:19 - matching_padroncharcas - DEBUG -     gz_id=1002705 'santiago ixtaltepec' score=1.000 nombre=False saint_only=True terr= phase=candidate
2026-07-02 17:51:19 - matching_padroncharcas - DEBUG -     gz_id=1002709 'matatlan' score=1.000 nombre=False saint_only=True terr= phase=candidate
2026-07-02 17:51:19 - matching_padroncharcas - DEBUG -     gz_id=1002709 'matatlan' score=1.000 nombre=False saint_only=True terr= phase=candidate
2026-07-02 17:51:19 - matching_padroncharcas - DEBUG -     gz_id=1001034 'oxthoc' score=1.000 nombre=False saint_only=True terr= phase=candidate
2026-07-02 17:51:19 - matching_padroncharcas - DEBUG -     gz_id=1001034 'oxthoc' score=1.000 nombre=False saint_only=True terr= phase=candidate
2026-07-02 17:51:19 - matching_padroncharcas - DEBUG -     gz_id=1002725 'amoltepec' score=1.000 nombre=False saint_only=True terr= phase=candidate
2026-07-02 17:51:19 - matching_padroncharcas - DEBUG -     gz_id=1002725 'amoltepec' score=1.000 nombre=False saint_only=True terr= phase=candidate
2026-07-02 17:51:19 - matching_padroncharcas - DEBUG -     gz_id=1002729 'comaltepec' score=1.000 nombre=False saint_only=True terr= phase=candidate
2026-07-02 17:51:19 - matching_padroncharcas - DEBUG -     gz_id=1002729 'comaltepec' score=1.000 nombre=False saint_only=True terr= phase=candidate
2026-07-02 17:51:19 - matching_padroncharcas - DEBUG -     gz_id=1002730 'ixtaiutla' score=1.000 nombre=False saint_only=True terr= phase=candidate
2026-07-02 17:51:19 - matching_padroncharcas - DEBUG -     gz_id=1002730 'ixtaiutla' score=1.000 nombre=False saint_only=True terr= phase=candidate
2026-07-02 17:51:19 - matching_padroncharcas - DEBUG -     gz_id=1001055 'taxhie' score=1.000 nombre=False saint_only=True terr= phase=candidate
2026-07-02 17:51:19 - matching_padroncharcas - DEBUG -     gz_id=1001055 'taxhie' score=1.000 nombre=False saint_only=True terr= phase=candidate
2026-07-02 17:51:19 - matching_padroncharcas - DEBUG -     gz_id=1001057 'tecosautla' score=1.000 nombre=False saint_only=True terr= phase=candidate
2026-07-02 17:51:19 - matching_padroncharcas - DEBUG -     gz_id=1001057 'tecosautla' score=1.000 nombre=False saint_only=True terr= phase=candidate
2026-07-02 17:51:19 - matching_padroncharcas - DEBUG -     gz_id=1002739 'santiago menor' score=1.000 nombre=False saint_only=True terr= phase=candidate
2026-07-02 17:51:19 - matching_padroncharcas - DEBUG -     gz_id=1002739 'santiago menor' score=1.000 nombre=False saint_only=True terr= phase=candidate
2026-07-02 17:51:19 - matching_padroncharcas - DEBUG -     gz_id=1001062 'tlaunilolpan' score=1.000 nombre=False saint_only=True terr= phase=candidate
2026-07-02 17:51:19 - matching_padroncharcas - DEBUG -     gz_id=1001062 'tlaunilolpan' score=1.000 nombre=False saint_only=True terr= phase=candidate
2026-07-02 17:51:19 - matching_padroncharcas - DEBUG -     gz_id=1001063 'tlautla' score=1.000 nombre=False saint_only=True terr= phase=candidate
2026-07-02 17:51:19 - matching_padroncharcas - DEBUG -     gz_id=1001063 'tlautla' score=1.000 nombre=False saint_only=True terr= phase=candidate
2026-07-02 17:51:19 - matching_padroncharcas - DEBUG -     gz_id=1001070 'jonta' score=1.000 nombre=False saint_only=True terr= phase=candidate
2026-07-02 17:51:19 - matching_padroncharcas - DEBUG -     gz_id=1001070 'jonta' score=1.000 nombre=False saint_only=True terr= phase=candidate
2026-07-02 17:51:19 - matching_padroncharcas - DEBUG -     gz_id=1004341 'ceieucil' score=1.000 nombre=False saint_only=True terr= phase=candidate
2026-07-02 17:51:19 - matching_padroncharcas - DEBUG -     gz_id=1002751 'soquiapam' score=1.000 nombre=False saint_only=True terr= phase=candidate
2026-07-02 17:51:19 - matching_padroncharcas - DEBUG -     gz_id=1002751 'soquiapam' score=1.000 nombre=False saint_only=True terr= phase=candidate
2026-07-02 17:51:19 - matching_padroncharcas - DEBUG -     gz_id=1004341 'ceieucil' score=1.000 nombre=False saint_only=True terr= phase=candidate
2026-07-02 17:51:19 - matching_padroncharcas - DEBUG -     gz_id=1004341 'ceieucil' score=1.000 nombre=False saint_only=True terr= phase=candidate
2026-07-02 17:51:19 - matching_padroncharcas - DEBUG -     gz_id=1004341 'ceieucil' score=1.000 nombre=False saint_only=True terr= phase=candidate
2026-07-02 17:51:19 - matching_padroncharcas - DEBUG -     gz_id=1002759 'amatlan' score=1.000 nombre=False saint_only=True terr= phase=candidate
2026-07-02 17:51:19 - matching_padroncharcas - DEBUG -     gz_id=1002759 'amatlan' score=1.000 nombre=False saint_only=True terr= phase=candidate
2026-07-02 17:51:19 - matching_padroncharcas - DEBUG -     gz_id=1002764 'apoala' score=1.000 nombre=False saint_only=True terr= phase=candidate
2026-07-02 17:51:19 - matching_padroncharcas - DEBUG -     gz_id=1001086 'acucilapan' score=1.000 nombre=False saint_only=True terr= phase=candidate
2026-07-02 17:51:19 - matching_padroncharcas - DEBUG -     gz_id=1001086 'acucilapan' score=1.000 nombre=False saint_only=True terr= phase=candidate
2026-07-02 17:51:19 - matching_padroncharcas - DEBUG -     gz_id=1002764 'apoala' score=1.000 nombre=False saint_only=True terr= phase=candidate
2026-07-02 17:51:19 - matching_padroncharcas - DEBUG -     gz_id=1002768 'camotlan' score=1.000 nombre=False saint_only=True terr= phase=candidate
2026-07-02 17:51:19 - matching_padroncharcas - DEBUG -     gz_id=1001090 'casandeje' score=1.000 nombre=False saint_only=True terr= phase=candidate
2026-07-02 17:51:19 - matching_padroncharcas - DEBUG -     gz_id=1001090 'casandeje' score=1.000 nombre=False saint_only=True terr= phase=candidate
2026-07-02 17:51:19 - matching_padroncharcas - DEBUG -     gz_id=1002768 'camotlan' score=1.000 nombre=False saint_only=True terr= phase=candidate
2026-07-02 17:51:19 - matching_padroncharcas - DEBUG -     gz_id=1001092 'coachochitlan' score=1.000 nombre=False saint_only=True terr= phase=candidate
2026-07-02 17:51:19 - matching_padroncharcas - DEBUG -     gz_id=1001092 'coachochitlan' score=1.000 nombre=False saint_only=True terr= phase=candidate
2026-07-02 17:51:19 - matching_padroncharcas - DEBUG -     gz_id=1004361 'cholul' score=1.000 nombre=False saint_only=True terr= phase=candidate
2026-07-02 17:51:19 - matching_padroncharcas - DEBUG -     gz_id=1004361 'cholul' score=1.000 nombre=False saint_only=True terr= phase=candidate
2026-07-02 17:51:19 - matching_padroncharcas - DEBUG -     gz_id=1001106 'oxtempan' score=1.000 nombre=False saint_only=True terr= phase=candidate
2026-07-02 17:51:19 - matching_padroncharcas - DEBUG -     gz_id=1001106 'oxtempan' score=1.000 nombre=False saint_only=True terr= phase=candidate
2026-07-02 17:51:19 - matching_padroncharcas - DEBUG -     gz_id=1002787 'ixtahua' score=1.000 nombre=False saint_only=True terr= phase=candidate
2026-07-02 17:51:19 - matching_padroncharcas - DEBUG -     gz_id=1002787 'ixtahua' score=1.000 nombre=False saint_only=True terr= phase=candidate
2026-07-02 17:51:19 - matching_padroncharcas - DEBUG -     gz_id=1002789 'santiago ixtaltepec' score=1.000 nombre=False saint_only=True terr= phase=candidate
2026-07-02 17:51:19 - matching_padroncharcas - DEBUG -     gz_id=1002789 'santiago ixtaltepec' score=1.000 nombre=False saint_only=True terr= phase=candidate
2026-07-02 17:51:19 - matching_padroncharcas - DEBUG -     gz_id=1001116 'san felipe i santiago' score=1.000 nombre=False saint_only=True terr= phase=candidate
2026-07-02 17:51:19 - matching_padroncharcas - DEBUG -     gz_id=1001116 'san felipe i santiago' score=1.000 nombre=False saint_only=True terr= phase=candidate
2026-07-02 17:51:19 - matching_padroncharcas - DEBUG -     gz_id=1002803 'nundiche' score=1.000 nombre=False saint_only=True terr= phase=candidate
2026-07-02 17:51:19 - matching_padroncharcas - DEBUG -     gz_id=1002803 'nundiche' score=1.000 nombre=False saint_only=True terr= phase=candidate
2026-07-02 17:51:19 - matching_padroncharcas - DEBUG -     gz_id=1002805 'nuioo' score=1.000 nombre=False saint_only=True terr= phase=candidate
2026-07-02 17:51:19 - matching_padroncharcas - DEBUG -     gz_id=1002805 'nuioo' score=1.000 nombre=False saint_only=True terr= phase=candidate
2026-07-02 17:51:19 - matching_padroncharcas - DEBUG -     gz_id=1004401 'halacho' score=1.000 nombre=False saint_only=True terr= phase=candidate
2026-07-02 17:51:19 - matching_padroncharcas - DEBUG -     gz_id=1004401 'halacho' score=1.000 nombre=False saint_only=True terr= phase=candidate
2026-07-02 17:51:19 - matching_padroncharcas - DEBUG -     gz_id=1002813 'plumas' score=1.000 nombre=False saint_only=True terr= phase=candidate
2026-07-02 17:51:19 - matching_padroncharcas - DEBUG -     gz_id=1001135 'temoaia' score=1.000 nombre=False saint_only=True terr= phase=candidate
2026-07-02 17:51:19 - matching_padroncharcas - DEBUG -     gz_id=1001135 'temoaia' score=1.000 nombre=False saint_only=True terr= phase=candidate
2026-07-02 17:51:19 - matching_padroncharcas - DEBUG -     gz_id=1002813 'plumas' score=1.000 nombre=False saint_only=True terr= phase=candidate
2026-07-02 17:51:19 - matching_padroncharcas - DEBUG -     gz_id=1001142 'ieche' score=1.000 nombre=False saint_only=True terr= phase=candidate
2026-07-02 17:51:19 - matching_padroncharcas - DEBUG -     gz_id=1001142 'ieche' score=1.000 nombre=False saint_only=True terr= phase=candidate
2026-07-02 17:51:19 - matching_padroncharcas - DEBUG -     gz_id=1004426 'chicjulub' score=1.000 nombre=False saint_only=True terr= phase=candidate
2026-07-02 17:51:19 - matching_padroncharcas - DEBUG -     gz_id=1004426 'chicjulub' score=1.000 nombre=False saint_only=True terr= phase=candidate
2026-07-02 17:51:19 - matching_padroncharcas - DEBUG -     gz_id=1001155 'ocuilan' score=1.000 nombre=False saint_only=True terr= phase=candidate
2026-07-02 17:51:19 - matching_padroncharcas - DEBUG -     gz_id=1001155 'ocuilan' score=1.000 nombre=False saint_only=True terr= phase=candidate
2026-07-02 17:51:19 - matching_padroncharcas - DEBUG -     gz_id=1001161 'santiago' score=1.000 nombre=False saint_only=True terr= phase=candidate
2026-07-02 17:51:19 - matching_padroncharcas - DEBUG -     gz_id=1001161 'santiago' score=1.000 nombre=False saint_only=True terr= phase=candidate
2026-07-02 17:51:19 - matching_padroncharcas - DEBUG -     gz_id=1002847 'tejupam' score=1.000 nombre=False saint_only=True terr= phase=candidate
2026-07-02 17:51:19 - matching_padroncharcas - DEBUG -     gz_id=1002847 'tejupam' score=1.000 nombre=False saint_only=True terr= phase=candidate
2026-07-02 17:51:19 - matching_padroncharcas - DEBUG -     gz_id=1004443 'mujupip' score=1.000 nombre=False saint_only=True terr= phase=candidate
2026-07-02 17:51:19 - matching_padroncharcas - DEBUG -     gz_id=1002849 'teotongo' score=1.000 nombre=False saint_only=True terr= phase=candidate
2026-07-02 17:51:19 - matching_padroncharcas - DEBUG -     gz_id=1002849 'teotongo' score=1.000 nombre=False saint_only=True terr= phase=candidate
2026-07-02 17:51:19 - matching_padroncharcas - DEBUG -     gz_id=1004443 'mujupip' score=1.000 nombre=False saint_only=True terr= phase=candidate
2026-07-02 17:51:19 - matching_padroncharcas - DEBUG -     gz_id=1002851 'tepetlapa' score=1.000 nombre=False saint_only=True terr= phase=candidate
2026-07-02 17:51:19 - matching_padroncharcas - DEBUG -     gz_id=1002851 'tepetlapa' score=1.000 nombre=False saint_only=True terr= phase=candidate
2026-07-02 17:51:19 - matching_padroncharcas - DEBUG -     gz_id=1002857 'tillo' score=1.000 nombre=False saint_only=True terr= phase=candidate
2026-07-02 17:51:19 - matching_padroncharcas - DEBUG -     gz_id=1001178 'huitlapaltepec' score=1.000 nombre=False saint_only=True terr= phase=candidate
2026-07-02 17:51:19 - matching_padroncharcas - DEBUG -     gz_id=1001178 'huitlapaltepec' score=1.000 nombre=False saint_only=True terr= phase=candidate
2026-07-02 17:51:19 - matching_padroncharcas - DEBUG -     gz_id=1001178 'huitlapaltepec' score=1.000 nombre=False saint_only=True terr= phase=candidate
2026-07-02 17:51:19 - matching_padroncharcas - DEBUG -     gz_id=1002857 'tillo' score=1.000 nombre=False saint_only=True terr= phase=candidate
2026-07-02 17:51:19 - matching_padroncharcas - DEBUG -     gz_id=1001189 'san felipe santiago' score=1.000 nombre=False saint_only=False terr= phase=candidate
2026-07-02 17:51:19 - matching_padroncharcas - DEBUG -     gz_id=1001189 'san felipe santiago' score=1.000 nombre=False saint_only=False terr= phase=candidate
2026-07-02 17:51:19 - matching_padroncharcas - DEBUG -     gz_id=1001189 'san felipe santiago' score=1.000 nombre=False saint_only=False terr= phase=candidate
2026-07-02 17:51:19 - matching_padroncharcas - DEBUG -     gz_id=1002876 'iolomecatl' score=1.000 nombre=False saint_only=True terr= phase=candidate
2026-07-02 17:51:19 - matching_padroncharcas - DEBUG -     gz_id=6000954 'andajes' score=1.000 nombre=False saint_only=True terr= phase=candidate
2026-07-02 17:51:19 - matching_padroncharcas - DEBUG -     gz_id=1002876 'iolomecatl' score=1.000 nombre=False saint_only=True terr= phase=candidate
2026-07-02 17:51:19 - matching_padroncharcas - DEBUG -     gz_id=6000954 'andajes' score=1.000 nombre=False saint_only=True terr= phase=candidate
2026-07-02 17:51:19 - matching_padroncharcas - DEBUG -     gz_id=1004482 'dsan' score=1.000 nombre=False saint_only=True terr= phase=candidate
2026-07-02 17:51:19 - matching_padroncharcas - DEBUG -     gz_id=1002879 'iosondua' score=1.000 nombre=False saint_only=True terr= phase=candidate
2026-07-02 17:51:19 - matching_padroncharcas - DEBUG -     gz_id=1002879 'iosondua' score=1.000 nombre=False saint_only=True terr= phase=candidate
2026-07-02 17:51:19 - matching_padroncharcas - DEBUG -     gz_id=1004482 'dsan' score=1.000 nombre=False saint_only=True terr= phase=candidate
2026-07-02 17:51:19 - matching_padroncharcas - DEBUG -     gz_id=1004482 'dsan' score=1.000 nombre=False saint_only=True terr= phase=candidate
2026-07-02 17:51:19 - matching_padroncharcas - DEBUG -     gz_id=1002883 'iosotiche' score=1.000 nombre=False saint_only=True terr= phase=candidate
2026-07-02 17:51:19 - matching_padroncharcas - DEBUG -     gz_id=1002883 'iosotiche' score=1.000 nombre=False saint_only=True terr= phase=candidate
2026-07-02 17:51:19 - matching_padroncharcas - DEBUG -     gz_id=1001199 'santiago monte' score=1.000 nombre=False saint_only=True terr= phase=candidate
2026-07-02 17:51:19 - matching_padroncharcas - DEBUG -     gz_id=1001199 'santiago monte' score=1.000 nombre=False saint_only=True terr= phase=candidate
2026-07-02 17:51:19 - matching_padroncharcas - DEBUG -     gz_id=1001199 'santiago monte' score=1.000 nombre=False saint_only=True terr= phase=candidate
2026-07-02 17:51:19 - matching_padroncharcas - DEBUG -     gz_id=8000673 'santiago' score=1.000 nombre=False saint_only=True terr=region_exact phase=candidate
2026-07-02 17:51:19 - matching_padroncharcas - DEBUG -     gz_id=8000673 'santiago' score=1.000 nombre=False saint_only=True terr=region_exact phase=candidate
2026-07-02 17:51:19 - matching_padroncharcas - DEBUG -     gz_id=8000673 'santiago' score=1.000 nombre=False saint_only=True terr=region_exact phase=candidate
2026-07-02 17:51:19 - matching_padroncharcas - DEBUG -     gz_id=1001202 'tlacotepec' score=1.000 nombre=False saint_only=True terr= phase=candidate
2026-07-02 17:51:19 - matching_padroncharcas - DEBUG -     gz_id=1001202 'tlacotepec' score=1.000 nombre=False saint_only=True terr= phase=candidate
2026-07-02 17:51:19 - matching_padroncharcas - DEBUG -     gz_id=1001202 'tlacotepec' score=1.000 nombre=False saint_only=True terr= phase=candidate
2026-07-02 17:51:19 - matching_padroncharcas - DEBUG -     gz_id=1002907 'maioltianhuis' score=1.000 nombre=False saint_only=True terr= phase=candidate
2026-07-02 17:51:19 - matching_padroncharcas - DEBUG -     gz_id=1002907 'maioltianhuis' score=1.000 nombre=False saint_only=True terr= phase=candidate
2026-07-02 17:51:19 - matching_padroncharcas - DEBUG -     gz_id=1001213 'acapa' score=1.000 nombre=False saint_only=True terr= phase=candidate
2026-07-02 17:51:19 - matching_padroncharcas - DEBUG -     gz_id=1001213 'acapa' score=1.000 nombre=False saint_only=True terr= phase=candidate
2026-07-02 17:51:19 - matching_padroncharcas - DEBUG -     gz_id=1002907 'maioltianhuis' score=1.000 nombre=False saint_only=True terr= phase=candidate
2026-07-02 17:51:19 - matching_padroncharcas - DEBUG -     gz_id=1004503 'iotholin' score=1.000 nombre=False saint_only=True terr= phase=candidate
2026-07-02 17:51:19 - matching_padroncharcas - DEBUG -     gz_id=1001215 'acatlajapa' score=1.000 nombre=False saint_only=True terr= phase=candidate
2026-07-02 17:51:19 - matching_padroncharcas - DEBUG -     gz_id=1001215 'acatlajapa' score=1.000 nombre=False saint_only=True terr= phase=candidate
2026-07-02 17:51:19 - matching_padroncharcas - DEBUG -     gz_id=1004503 'iotholin' score=1.000 nombre=False saint_only=True terr= phase=candidate
2026-07-02 17:51:19 - matching_padroncharcas - DEBUG -     gz_id=1002910 'quesalapa' score=1.000 nombre=False saint_only=True terr= phase=candidate
2026-07-02 17:51:19 - matching_padroncharcas - DEBUG -     gz_id=1002910 'quesalapa' score=1.000 nombre=False saint_only=True terr= phase=candidate
2026-07-02 17:51:19 - matching_padroncharcas - DEBUG -     gz_id=1002910 'quesalapa' score=1.000 nombre=False saint_only=True terr= phase=candidate
2026-07-02 17:51:19 - matching_padroncharcas - DEBUG -     gz_id=1004503 'iotholin' score=1.000 nombre=False saint_only=True terr= phase=candidate
2026-07-02 17:51:19 - matching_padroncharcas - DEBUG -     gz_id=1001219 'ahuatipan' score=1.000 nombre=False saint_only=True terr= phase=candidate
2026-07-02 17:51:19 - matching_padroncharcas - DEBUG -     gz_id=1001219 'ahuatipan' score=1.000 nombre=False saint_only=True terr= phase=candidate
2026-07-02 17:51:19 - matching_padroncharcas - DEBUG -     gz_id=1002924 'tlatepusco' score=1.000 nombre=False saint_only=True terr= phase=candidate
2026-07-02 17:51:19 - matching_padroncharcas - DEBUG -     gz_id=1002924 'tlatepusco' score=1.000 nombre=False saint_only=True terr= phase=candidate
2026-07-02 17:51:19 - matching_padroncharcas - DEBUG -     gz_id=1002924 'tlatepusco' score=1.000 nombre=False saint_only=True terr= phase=candidate
2026-07-02 17:51:19 - matching_padroncharcas - DEBUG -     gz_id=1001244 'coalquisque' score=1.000 nombre=False saint_only=True terr= phase=candidate
2026-07-02 17:51:19 - matching_padroncharcas - DEBUG -     gz_id=1001244 'coalquisque' score=1.000 nombre=False saint_only=True terr= phase=candidate
2026-07-02 17:51:19 - matching_padroncharcas - DEBUG -     gz_id=1002935 'amatepec' score=1.000 nombre=False saint_only=True terr= phase=candidate
2026-07-02 17:51:19 - matching_padroncharcas - DEBUG -     gz_id=1002935 'amatepec' score=1.000 nombre=False saint_only=True terr= phase=candidate
2026-07-02 17:51:19 - matching_padroncharcas - DEBUG -     gz_id=1002937 'atitlan' score=1.000 nombre=False saint_only=True terr= phase=candidate
2026-07-02 17:51:19 - matching_padroncharcas - DEBUG -     gz_id=1002937 'atitlan' score=1.000 nombre=False saint_only=True terr= phase=candidate
2026-07-02 17:51:19 - matching_padroncharcas - DEBUG -     gz_id=2000737 'santiago' score=1.000 nombre=False saint_only=True terr= phase=candidate
2026-07-02 17:51:19 - matching_padroncharcas - DEBUG -     gz_id=2000737 'santiago' score=1.000 nombre=False saint_only=True terr= phase=candidate
2026-07-02 17:51:19 - matching_padroncharcas - DEBUG -     gz_id=1002946 'camotlan' score=1.000 nombre=False saint_only=True terr= phase=candidate
2026-07-02 17:51:19 - matching_padroncharcas - DEBUG -     gz_id=1002946 'camotlan' score=1.000 nombre=False saint_only=True terr= phase=candidate
2026-07-02 17:51:19 - matching_padroncharcas - DEBUG -     gz_id=9000017 'santiago' score=1.000 nombre=False saint_only=True terr= phase=candidate
2026-07-02 17:51:19 - matching_padroncharcas - DEBUG -     gz_id=9000017 'santiago' score=1.000 nombre=False saint_only=True terr= phase=candidate
2026-07-02 17:51:19 - matching_padroncharcas - DEBUG -     gz_id=9000017 'santiago' score=1.000 nombre=False saint_only=True terr= phase=candidate
2026-07-02 17:51:19 - matching_padroncharcas - DEBUG -     gz_id=9000017 'santiago' score=1.000 nombre=False saint_only=True terr= phase=candidate
2026-07-02 17:51:19 - matching_padroncharcas - DEBUG -     gz_id=1002949 'choapam' score=1.000 nombre=False saint_only=True terr= phase=candidate
2026-07-02 17:51:19 - matching_padroncharcas - DEBUG -     gz_id=1002949 'choapam' score=1.000 nombre=False saint_only=True terr= phase=candidate
2026-07-02 17:51:19 - matching_padroncharcas - DEBUG -     gz_id=1001265 'istacapa' score=1.000 nombre=False saint_only=True terr= phase=candidate
2026-07-02 17:51:19 - matching_padroncharcas - DEBUG -     gz_id=1001265 'istacapa' score=1.000 nombre=False saint_only=True terr= phase=candidate
2026-07-02 17:51:19 - matching_padroncharcas - DEBUG -     gz_id=1002954 'jalahui' score=1.000 nombre=False saint_only=True terr= phase=candidate
2026-07-02 17:51:19 - matching_padroncharcas - DEBUG -     gz_id=1002954 'jalahui' score=1.000 nombre=False saint_only=True terr= phase=candidate
2026-07-02 17:51:19 - matching_padroncharcas - DEBUG -     gz_id=1002956 'jareta' score=1.000 nombre=False saint_only=True terr= phase=candidate
2026-07-02 17:51:19 - matching_padroncharcas - DEBUG -     gz_id=1002956 'jareta' score=1.000 nombre=False saint_only=True terr= phase=candidate
2026-07-02 17:51:19 - matching_padroncharcas - DEBUG -     gz_id=1001269 'ixcuicuila' score=1.000 nombre=False saint_only=True terr= phase=candidate
2026-07-02 17:51:19 - matching_padroncharcas - DEBUG -     gz_id=1001269 'ixcuicuila' score=1.000 nombre=False saint_only=True terr= phase=candidate
2026-07-02 17:51:19 - matching_padroncharcas - DEBUG -     gz_id=1002958 'jocotepec' score=1.000 nombre=False saint_only=True terr= phase=candidate
2026-07-02 17:51:19 - matching_padroncharcas - DEBUG -     gz_id=1002958 'jocotepec' score=1.000 nombre=False saint_only=True terr= phase=candidate
2026-07-02 17:51:19 - matching_padroncharcas - DEBUG -     gz_id=1002967 'lalopa' score=1.000 nombre=False saint_only=True terr= phase=candidate
2026-07-02 17:51:20 - matching_padroncharcas - DEBUG -     gz_id=1002967 'lalopa' score=1.000 nombre=False saint_only=True terr= phase=candidate
2026-07-02 17:51:20 - matching_padroncharcas - DEBUG -     gz_id=1002970 'lajopa' score=1.000 nombre=False saint_only=True terr= phase=candidate
2026-07-02 17:51:20 - matching_padroncharcas - DEBUG -     gz_id=1002970 'lajopa' score=1.000 nombre=False saint_only=True terr= phase=candidate
2026-07-02 17:51:20 - matching_padroncharcas - DEBUG -     gz_id=1004576 'tixcacalcupul' score=1.000 nombre=False saint_only=True terr= phase=candidate
2026-07-02 17:51:20 - matching_padroncharcas - DEBUG -     gz_id=1004576 'tixcacalcupul' score=1.000 nombre=False saint_only=True terr= phase=candidate
2026-07-02 17:51:20 - matching_padroncharcas - DEBUG -     gz_id=1001296 'olotla' score=1.000 nombre=False saint_only=True terr= phase=candidate
2026-07-02 17:51:20 - matching_padroncharcas - DEBUG -     gz_id=1001296 'olotla' score=1.000 nombre=False saint_only=True terr= phase=candidate
2026-07-02 17:51:20 - matching_padroncharcas - DEBUG -     gz_id=1001298 'oxpantla' score=1.000 nombre=False saint_only=True terr= phase=candidate
2026-07-02 17:51:20 - matching_padroncharcas - DEBUG -     gz_id=1001298 'oxpantla' score=1.000 nombre=False saint_only=True terr= phase=candidate
2026-07-02 17:51:20 - matching_padroncharcas - DEBUG -     gz_id=1002994 'teotlaxco' score=1.000 nombre=False saint_only=True terr= phase=candidate
2026-07-02 17:51:20 - matching_padroncharcas - DEBUG -     gz_id=1002994 'teotlaxco' score=1.000 nombre=False saint_only=True terr= phase=candidate
2026-07-02 17:51:20 - matching_padroncharcas - DEBUG -     gz_id=1001310 'telaputan' score=1.000 nombre=False saint_only=True terr= phase=candidate
2026-07-02 17:51:20 - matching_padroncharcas - DEBUG -     gz_id=1001310 'telaputan' score=1.000 nombre=False saint_only=True terr= phase=candidate
2026-07-02 17:51:20 - matching_padroncharcas - DEBUG -     gz_id=1002998 'tepitongo' score=1.000 nombre=False saint_only=True terr= phase=candidate
2026-07-02 17:51:20 - matching_padroncharcas - DEBUG -     gz_id=1002998 'tepitongo' score=1.000 nombre=False saint_only=True terr= phase=candidate
2026-07-02 17:51:20 - matching_padroncharcas - DEBUG -     gz_id=1001315 'tepaneca' score=1.000 nombre=False saint_only=True terr= phase=candidate
2026-07-02 17:51:20 - matching_padroncharcas - DEBUG -     gz_id=1001315 'tepaneca' score=1.000 nombre=False saint_only=True terr= phase=candidate
2026-07-02 17:51:20 - matching_padroncharcas - DEBUG -     gz_id=1001317 'tepehuacan' score=1.000 nombre=False saint_only=True terr= phase=candidate
2026-07-02 17:51:20 - matching_padroncharcas - DEBUG -     gz_id=1001317 'tepehuacan' score=1.000 nombre=False saint_only=True terr= phase=candidate
2026-07-02 17:51:20 - matching_padroncharcas - DEBUG -     gz_id=1004609 'moiahua' score=1.000 nombre=False saint_only=True terr= phase=candidate
2026-07-02 17:51:20 - matching_padroncharcas - DEBUG -     gz_id=1004609 'moiahua' score=1.000 nombre=False saint_only=True terr= phase=candidate
2026-07-02 17:51:20 - matching_padroncharcas - DEBUG -     gz_id=1004609 'moiahua' score=1.000 nombre=False saint_only=True terr= phase=candidate
2026-07-02 17:51:20 - matching_padroncharcas - DEBUG -     gz_id=9000047 'santiago' score=1.000 nombre=True saint_only=False terr= phase=auto_adopt
2026-07-02 17:51:20 - matching_padroncharcas - DEBUG -     gz_id=9000047 'santiago' score=1.000 nombre=True saint_only=False terr= phase=auto_adopt
2026-07-02 17:51:20 - matching_padroncharcas - DEBUG -     gz_id=9000047 'santiago' score=1.000 nombre=True saint_only=False terr= phase=auto_adopt
2026-07-02 17:51:20 - matching_padroncharcas - DEBUG -     gz_id=9000047 'santiago' score=1.000 nombre=True saint_only=False terr= phase=auto_adopt
2026-07-02 17:51:20 - matching_padroncharcas - DEBUG -     gz_id=9000047 'santiago' score=1.000 nombre=True saint_only=False terr= phase=auto_adopt
2026-07-02 17:51:20 - matching_padroncharcas - DEBUG -     gz_id=9000047 'santiago' score=1.000 nombre=True saint_only=False terr= phase=auto_adopt
2026-07-02 17:51:20 - matching_padroncharcas - DEBUG -     gz_id=9000047 'santiago' score=1.000 nombre=True saint_only=False terr= phase=auto_adopt
2026-07-02 17:51:20 - matching_padroncharcas - DEBUG -     gz_id=1003011 'iagallo' score=1.000 nombre=False saint_only=True terr= phase=candidate
2026-07-02 17:51:20 - matching_padroncharcas - DEBUG -     gz_id=1003011 'iagallo' score=1.000 nombre=False saint_only=True terr= phase=candidate
2026-07-02 17:51:20 - matching_padroncharcas - DEBUG -     gz_id=9000047 'santiago' score=1.000 nombre=True saint_only=False terr= phase=auto_adopt
2026-07-02 17:51:20 - matching_padroncharcas - DEBUG -     gz_id=9000047 'santiago' score=1.000 nombre=True saint_only=False terr= phase=auto_adopt
2026-07-02 17:51:20 - matching_padroncharcas - DEBUG -     gz_id=1001335 'tlamaia' score=1.000 nombre=False saint_only=True terr= phase=candidate
2026-07-02 17:51:20 - matching_padroncharcas - DEBUG -     gz_id=1001335 'tlamaia' score=1.000 nombre=False saint_only=True terr= phase=candidate
2026-07-02 17:51:20 - matching_padroncharcas - DEBUG -     gz_id=1004621 'nexcaltitan' score=1.000 nombre=False saint_only=True terr= phase=candidate
2026-07-02 17:51:20 - matching_padroncharcas - DEBUG -     gz_id=1004621 'nexcaltitan' score=1.000 nombre=False saint_only=True terr= phase=candidate
2026-07-02 17:51:20 - matching_padroncharcas - DEBUG -     gz_id=1004621 'nexcaltitan' score=1.000 nombre=False saint_only=True terr= phase=candidate
2026-07-02 17:51:20 - matching_padroncharcas - DEBUG -     gz_id=1003027 'iabeo' score=1.000 nombre=False saint_only=True terr= phase=candidate
2026-07-02 17:51:20 - matching_padroncharcas - DEBUG -     gz_id=1003027 'iabeo' score=1.000 nombre=False saint_only=True terr= phase=candidate
2026-07-02 17:51:20 - matching_padroncharcas - DEBUG -     gz_id=1001340 'tlaxco' score=1.000 nombre=False saint_only=True terr= phase=candidate
2026-07-02 17:51:20 - matching_padroncharcas - DEBUG -     gz_id=1001340 'tlaxco' score=1.000 nombre=False saint_only=True terr= phase=candidate
2026-07-02 17:51:20 - matching_padroncharcas - DEBUG -     gz_id=2000826 'ihuala' score=1.000 nombre=False saint_only=True terr= phase=candidate
2026-07-02 17:51:20 - matching_padroncharcas - DEBUG -     gz_id=2000826 'ihuala' score=1.000 nombre=False saint_only=True terr= phase=candidate
2026-07-02 17:51:20 - matching_padroncharcas - DEBUG -     gz_id=1001342 'tolapa' score=1.000 nombre=False saint_only=True terr= phase=candidate
2026-07-02 17:51:20 - matching_padroncharcas - DEBUG -     gz_id=1001342 'tolapa' score=1.000 nombre=False saint_only=True terr= phase=candidate
2026-07-02 17:51:20 - matching_padroncharcas - DEBUG -     gz_id=2000826 'ihuala' score=1.000 nombre=False saint_only=True terr= phase=candidate
2026-07-02 17:51:20 - matching_padroncharcas - DEBUG -     gz_id=1003035 'sacatepec' score=1.000 nombre=False saint_only=True terr= phase=candidate
2026-07-02 17:51:20 - matching_padroncharcas - DEBUG -     gz_id=1003035 'sacatepec' score=1.000 nombre=False saint_only=True terr= phase=candidate
2026-07-02 17:51:20 - matching_padroncharcas - DEBUG -     gz_id=1003036 'soochila' score=1.000 nombre=False saint_only=True terr= phase=candidate
2026-07-02 17:51:20 - matching_padroncharcas - DEBUG -     gz_id=1003036 'soochila' score=1.000 nombre=False saint_only=True terr= phase=candidate
2026-07-02 17:51:20 - matching_padroncharcas - DEBUG -     gz_id=9900907 'ostoco' score=1.000 nombre=False saint_only=True terr= phase=candidate
2026-07-02 17:51:20 - matching_padroncharcas - DEBUG -     gz_id=9900907 'ostoco' score=1.000 nombre=False saint_only=True terr= phase=candidate
2026-07-02 17:51:20 - matching_padroncharcas - DEBUG -     gz_id=1003041 'clabellinas' score=1.000 nombre=False saint_only=True terr= phase=candidate
2026-07-02 17:51:20 - matching_padroncharcas - DEBUG -     gz_id=1003041 'clabellinas' score=1.000 nombre=False saint_only=True terr= phase=candidate
2026-07-02 17:51:20 - matching_padroncharcas - DEBUG -     gz_id=1004645 'coras' score=1.000 nombre=False saint_only=True terr= phase=candidate
2026-07-02 17:51:20 - matching_padroncharcas - DEBUG -     gz_id=1004645 'coras' score=1.000 nombre=False saint_only=True terr= phase=candidate
2026-07-02 17:51:20 - matching_padroncharcas - DEBUG -     gz_id=1004645 'coras' score=1.000 nombre=False saint_only=True terr= phase=candidate
2026-07-02 17:51:20 - matching_padroncharcas - DEBUG -     gz_id=1004645 'coras' score=1.000 nombre=False saint_only=True terr= phase=candidate
2026-07-02 17:51:20 - matching_padroncharcas - DEBUG -     gz_id=1004645 'coras' score=1.000 nombre=False saint_only=True terr= phase=candidate
2026-07-02 17:51:20 - matching_padroncharcas - DEBUG -     gz_id=1003050 'minas' score=1.000 nombre=False saint_only=True terr= phase=candidate
2026-07-02 17:51:20 - matching_padroncharcas - DEBUG -     gz_id=1003050 'minas' score=1.000 nombre=False saint_only=True terr= phase=candidate
2026-07-02 17:51:20 - matching_padroncharcas - DEBUG -     gz_id=1001371 'tlatelolco' score=1.000 nombre=False saint_only=True terr= phase=candidate
2026-07-02 17:51:20 - matching_padroncharcas - DEBUG -     gz_id=1001371 'tlatelolco' score=1.000 nombre=False saint_only=True terr= phase=candidate
2026-07-02 17:51:20 - matching_padroncharcas - DEBUG -     gz_id=1001387 'sacamalpa' score=1.000 nombre=False saint_only=True terr= phase=candidate
2026-07-02 17:51:20 - matching_padroncharcas - DEBUG -     gz_id=1001387 'sacamalpa' score=1.000 nombre=False saint_only=True terr= phase=candidate
2026-07-02 17:51:20 - matching_padroncharcas - DEBUG -     gz_id=2000862 'santiago' score=1.000 nombre=True saint_only=False terr= phase=auto_adopt
2026-07-02 17:51:20 - matching_padroncharcas - DEBUG -     gz_id=2000862 'santiago' score=1.000 nombre=True saint_only=False terr= phase=auto_adopt
2026-07-02 17:51:20 - matching_padroncharcas - DEBUG -     gz_id=2000862 'santiago' score=1.000 nombre=True saint_only=False terr= phase=auto_adopt
2026-07-02 17:51:20 - matching_padroncharcas - DEBUG -     gz_id=1003092 'petlalcingo' score=1.000 nombre=False saint_only=True terr= phase=candidate
2026-07-02 17:51:20 - matching_padroncharcas - DEBUG -     gz_id=1003092 'petlalcingo' score=1.000 nombre=False saint_only=True terr= phase=candidate
2026-07-02 17:51:20 - matching_padroncharcas - DEBUG -     gz_id=1001418 'ascaposalco' score=1.000 nombre=False saint_only=True terr= phase=candidate
2026-07-02 17:51:20 - matching_padroncharcas - DEBUG -     gz_id=1001418 'ascaposalco' score=1.000 nombre=False saint_only=True terr= phase=candidate
2026-07-02 17:51:20 - matching_padroncharcas - DEBUG -     gz_id=9000120 'baradero arrecifes' score=1.000 nombre=False saint_only=True terr= phase=candidate
2026-07-02 17:51:20 - matching_padroncharcas - DEBUG -     gz_id=9000120 'baradero arrecifes' score=1.000 nombre=False saint_only=True terr= phase=candidate
2026-07-02 17:51:20 - matching_padroncharcas - DEBUG -     gz_id=9000120 'baradero arrecifes' score=1.000 nombre=False saint_only=True terr= phase=candidate
2026-07-02 17:51:20 - matching_padroncharcas - DEBUG -     gz_id=1003116 'acicihuacan' score=1.000 nombre=False saint_only=True terr= phase=candidate
2026-07-02 17:51:20 - matching_padroncharcas - DEBUG -     gz_id=1003116 'acicihuacan' score=1.000 nombre=False saint_only=True terr= phase=candidate
2026-07-02 17:51:20 - matching_padroncharcas - DEBUG -     gz_id=1003116 'acicihuacan' score=1.000 nombre=False saint_only=True terr= phase=candidate
2026-07-02 17:51:20 - matching_padroncharcas - DEBUG -     gz_id=1004713 'barrio santiago' score=1.000 nombre=False saint_only=True terr= phase=candidate
2026-07-02 17:51:20 - matching_padroncharcas - DEBUG -     gz_id=1004713 'barrio santiago' score=1.000 nombre=False saint_only=True terr= phase=candidate
2026-07-02 17:51:20 - matching_padroncharcas - DEBUG -     gz_id=1001442 'tepalcapa' score=1.000 nombre=False saint_only=True terr= phase=candidate
2026-07-02 17:51:20 - matching_padroncharcas - DEBUG -     gz_id=1001442 'tepalcapa' score=1.000 nombre=False saint_only=True terr= phase=candidate
2026-07-02 17:51:20 - matching_padroncharcas - DEBUG -     gz_id=1001443 'tepatlaxco' score=1.000 nombre=False saint_only=True terr= phase=candidate
2026-07-02 17:51:20 - matching_padroncharcas - DEBUG -     gz_id=1001443 'tepatlaxco' score=1.000 nombre=False saint_only=True terr= phase=candidate
2026-07-02 17:51:20 - matching_padroncharcas - DEBUG -     gz_id=1001450 'tlasala' score=1.000 nombre=False saint_only=True terr= phase=candidate
2026-07-02 17:51:20 - matching_padroncharcas - DEBUG -     gz_id=1001450 'tlasala' score=1.000 nombre=False saint_only=True terr= phase=candidate
2026-07-02 17:51:20 - matching_padroncharcas - DEBUG -     gz_id=1001454 'iancuitlalpan' score=1.000 nombre=False saint_only=True terr= phase=candidate
2026-07-02 17:51:20 - matching_padroncharcas - DEBUG -     gz_id=1001454 'iancuitlalpan' score=1.000 nombre=False saint_only=True terr= phase=candidate
2026-07-02 17:51:20 - matching_padroncharcas - DEBUG -     gz_id=1001463 'huisuco' score=1.000 nombre=False saint_only=True terr= phase=candidate
2026-07-02 17:51:20 - matching_padroncharcas - DEBUG -     gz_id=1001463 'huisuco' score=1.000 nombre=False saint_only=True terr= phase=candidate
2026-07-02 17:51:20 - matching_padroncharcas - DEBUG -     gz_id=1001463 'huisuco' score=1.000 nombre=False saint_only=True terr= phase=candidate
2026-07-02 17:51:20 - matching_padroncharcas - DEBUG -     gz_id=9900985 'utateca' score=1.000 nombre=False saint_only=True terr= phase=candidate
2026-07-02 17:51:20 - matching_padroncharcas - DEBUG -     gz_id=9900985 'utateca' score=1.000 nombre=False saint_only=True terr= phase=candidate
2026-07-02 17:51:20 - matching_padroncharcas - DEBUG -     gz_id=9000143 'dolores i santiago' score=1.000 nombre=False saint_only=True terr= phase=candidate
2026-07-02 17:51:20 - matching_padroncharcas - DEBUG -     gz_id=9900985 'utateca' score=1.000 nombre=False saint_only=True terr= phase=candidate
2026-07-02 17:51:20 - matching_padroncharcas - DEBUG -     gz_id=1001469 'noxtepec' score=1.000 nombre=False saint_only=True terr= phase=candidate
2026-07-02 17:51:20 - matching_padroncharcas - DEBUG -     gz_id=1001469 'noxtepec' score=1.000 nombre=False saint_only=True terr= phase=candidate
2026-07-02 17:51:20 - matching_padroncharcas - DEBUG -     gz_id=1003140 'jalicintla' score=1.000 nombre=False saint_only=True terr= phase=candidate
2026-07-02 17:51:20 - matching_padroncharcas - DEBUG -     gz_id=1003140 'jalicintla' score=1.000 nombre=False saint_only=True terr= phase=candidate
2026-07-02 17:51:20 - matching_padroncharcas - DEBUG -     gz_id=1003140 'jalicintla' score=1.000 nombre=False saint_only=True terr= phase=candidate
2026-07-02 17:51:20 - matching_padroncharcas - DEBUG -     gz_id=1003144 'acaxtlahuacan' score=1.000 nombre=False saint_only=True terr= phase=candidate
2026-07-02 17:51:20 - matching_padroncharcas - DEBUG -     gz_id=1003144 'acaxtlahuacan' score=1.000 nombre=False saint_only=True terr= phase=candidate
2026-07-02 17:51:20 - matching_padroncharcas - DEBUG -     gz_id=1003146 'centeocala' score=1.000 nombre=False saint_only=True terr= phase=candidate
2026-07-02 17:51:20 - matching_padroncharcas - DEBUG -     gz_id=1003146 'centeocala' score=1.000 nombre=False saint_only=True terr= phase=candidate
2026-07-02 17:51:20 - matching_padroncharcas - DEBUG -     gz_id=1003147 'chila' score=1.000 nombre=False saint_only=True terr= phase=candidate
2026-07-02 17:51:20 - matching_padroncharcas - DEBUG -     gz_id=1003147 'chila' score=1.000 nombre=False saint_only=True terr= phase=candidate
2026-07-02 17:51:20 - matching_padroncharcas - DEBUG -     gz_id=1003148 'coacalco' score=1.000 nombre=False saint_only=True terr= phase=candidate
2026-07-02 17:51:20 - matching_padroncharcas - DEBUG -     gz_id=1003148 'coacalco' score=1.000 nombre=False saint_only=True terr= phase=candidate
2026-07-02 17:51:20 - matching_padroncharcas - DEBUG -     gz_id=1001484 'ahuacatitlan' score=1.000 nombre=False saint_only=True terr= phase=candidate
2026-07-02 17:51:20 - matching_padroncharcas - DEBUG -     gz_id=1001484 'ahuacatitlan' score=1.000 nombre=False saint_only=True terr= phase=candidate
2026-07-02 17:51:20 - matching_padroncharcas - DEBUG -     gz_id=1001484 'ahuacatitlan' score=1.000 nombre=False saint_only=True terr= phase=candidate
2026-07-02 17:51:20 - matching_padroncharcas - DEBUG -     gz_id=1001484 'ahuacatitlan' score=1.000 nombre=False saint_only=True terr= phase=candidate
2026-07-02 17:51:20 - matching_padroncharcas - DEBUG -     gz_id=1003155 'mitepec' score=1.000 nombre=False saint_only=True terr= phase=candidate
2026-07-02 17:51:20 - matching_padroncharcas - DEBUG -     gz_id=1003155 'mitepec' score=1.000 nombre=False saint_only=True terr= phase=candidate
2026-07-02 17:51:20 - matching_padroncharcas - DEBUG -     gz_id=1003155 'mitepec' score=1.000 nombre=False saint_only=True terr= phase=candidate
2026-07-02 17:51:20 - matching_padroncharcas - DEBUG -     gz_id=1003156 'nahuituxco' score=1.000 nombre=False saint_only=True terr= phase=candidate
2026-07-02 17:51:20 - matching_padroncharcas - DEBUG -     gz_id=1003156 'nahuituxco' score=1.000 nombre=False saint_only=True terr= phase=candidate
2026-07-02 17:51:20 - matching_padroncharcas - DEBUG -     gz_id=1001489 'arismendi' score=1.000 nombre=False saint_only=True terr= phase=candidate
2026-07-02 17:51:20 - matching_padroncharcas - DEBUG -     gz_id=1001489 'arismendi' score=1.000 nombre=False saint_only=True terr= phase=candidate
2026-07-02 17:51:20 - matching_padroncharcas - DEBUG -     gz_id=1003169 'jochitepec' score=1.000 nombre=False saint_only=True terr= phase=candidate
2026-07-02 17:51:20 - matching_padroncharcas - DEBUG -     gz_id=1003169 'jochitepec' score=1.000 nombre=False saint_only=True terr= phase=candidate
2026-07-02 17:51:20 - matching_padroncharcas - DEBUG -     gz_id=1003169 'jochitepec' score=1.000 nombre=False saint_only=True terr= phase=candidate
2026-07-02 17:51:20 - matching_padroncharcas - DEBUG -     gz_id=1003171 'asala' score=1.000 nombre=False saint_only=True terr= phase=candidate
2026-07-02 17:51:20 - matching_padroncharcas - DEBUG -     gz_id=1003171 'asala' score=1.000 nombre=False saint_only=True terr= phase=candidate
2026-07-02 17:51:20 - matching_padroncharcas - DEBUG -     gz_id=1003171 'asala' score=1.000 nombre=False saint_only=True terr= phase=candidate
2026-07-02 17:51:20 - matching_padroncharcas - DEBUG -     gz_id=1003171 'asala' score=1.000 nombre=False saint_only=True terr= phase=candidate
2026-07-02 17:51:20 - matching_padroncharcas - DEBUG -     gz_id=3000005 'cuba' score=1.000 nombre=False saint_only=True terr= phase=candidate
2026-07-02 17:51:20 - matching_padroncharcas - DEBUG -     gz_id=3000005 'cuba' score=1.000 nombre=False saint_only=True terr= phase=candidate
2026-07-02 17:51:20 - matching_padroncharcas - DEBUG -     gz_id=1003191 'momoxpan' score=1.000 nombre=False saint_only=True terr= phase=candidate
2026-07-02 17:51:20 - matching_padroncharcas - DEBUG -     gz_id=1003191 'momoxpan' score=1.000 nombre=False saint_only=True terr= phase=candidate
2026-07-02 17:51:20 - matching_padroncharcas - DEBUG -     gz_id=1001529 'texcaltitlan' score=1.000 nombre=False saint_only=True terr= phase=candidate
2026-07-02 17:51:20 - matching_padroncharcas - DEBUG -     gz_id=1001529 'texcaltitlan' score=1.000 nombre=False saint_only=True terr= phase=candidate
2026-07-02 17:51:20 - matching_padroncharcas - DEBUG -     gz_id=1001530 'tlatlaia' score=1.000 nombre=False saint_only=True terr= phase=candidate
2026-07-02 17:51:20 - matching_padroncharcas - DEBUG -     gz_id=1001530 'tlatlaia' score=1.000 nombre=False saint_only=True terr= phase=candidate
2026-07-02 17:51:20 - matching_padroncharcas - DEBUG -     gz_id=1001530 'tlatlaia' score=1.000 nombre=False saint_only=True terr= phase=candidate
2026-07-02 17:51:20 - matching_padroncharcas - DEBUG -     gz_id=1001530 'tlatlaia' score=1.000 nombre=False saint_only=True terr= phase=candidate
2026-07-02 17:51:20 - matching_padroncharcas - DEBUG -     gz_id=4000655 'burrero' score=1.000 nombre=False saint_only=True terr= phase=candidate
2026-07-02 17:51:20 - matching_padroncharcas - DEBUG -     gz_id=4000655 'burrero' score=1.000 nombre=False saint_only=True terr= phase=candidate
2026-07-02 17:51:20 - matching_padroncharcas - DEBUG -     gz_id=4000655 'burrero' score=1.000 nombre=False saint_only=True terr= phase=candidate
2026-07-02 17:51:20 - matching_padroncharcas - DEBUG -     gz_id=4000655 'burrero' score=1.000 nombre=False saint_only=True terr= phase=candidate
2026-07-02 17:51:20 - matching_padroncharcas - DEBUG -     gz_id=4000655 'burrero' score=1.000 nombre=False saint_only=True terr= phase=candidate
2026-07-02 17:51:20 - matching_padroncharcas - DEBUG -     gz_id=4000655 'burrero' score=1.000 nombre=False saint_only=True terr= phase=candidate
2026-07-02 17:51:20 - matching_padroncharcas - DEBUG -     gz_id=3000028 'santiago begas' score=1.000 nombre=False saint_only=True terr= phase=candidate
2026-07-02 17:51:20 - matching_padroncharcas - DEBUG -     gz_id=3000028 'santiago begas' score=1.000 nombre=False saint_only=True terr= phase=candidate
2026-07-02 17:51:20 - matching_padroncharcas - DEBUG -     gz_id=3000028 'santiago begas' score=1.000 nombre=False saint_only=True terr= phase=candidate
2026-07-02 17:51:20 - matching_padroncharcas - DEBUG -     gz_id=3000028 'santiago begas' score=1.000 nombre=False saint_only=True terr= phase=candidate
2026-07-02 17:51:20 - matching_padroncharcas - DEBUG -     gz_id=3000029 'san felipe i santiago' score=1.000 nombre=False saint_only=True terr= phase=candidate
2026-07-02 17:51:20 - matching_padroncharcas - DEBUG -     gz_id=3000029 'san felipe i santiago' score=1.000 nombre=False saint_only=True terr= phase=candidate
2026-07-02 17:51:20 - matching_padroncharcas - DEBUG -     gz_id=3000029 'san felipe i santiago' score=1.000 nombre=False saint_only=True terr= phase=candidate
2026-07-02 17:51:20 - matching_padroncharcas - DEBUG -     gz_id=5600456 'santiago' score=1.000 nombre=True saint_only=False terr= phase=auto_adopt
2026-07-02 17:51:20 - matching_padroncharcas - DEBUG -     gz_id=5600456 'santiago' score=1.000 nombre=True saint_only=False terr= phase=auto_adopt
2026-07-02 17:51:20 - matching_padroncharcas - DEBUG -     gz_id=5600456 'santiago' score=1.000 nombre=True saint_only=False terr= phase=auto_adopt
2026-07-02 17:51:20 - matching_padroncharcas - DEBUG -     gz_id=5600456 'santiago' score=1.000 nombre=True saint_only=False terr= phase=auto_adopt
2026-07-02 17:51:20 - matching_padroncharcas - DEBUG -     gz_id=6001335 'chuco' score=1.000 nombre=False saint_only=True terr= phase=candidate
2026-07-02 17:51:20 - matching_padroncharcas - DEBUG -     gz_id=6001335 'chuco' score=1.000 nombre=False saint_only=True terr= phase=candidate
2026-07-02 17:51:20 - matching_padroncharcas - DEBUG -     gz_id=6001335 'chuco' score=1.000 nombre=False saint_only=True terr= phase=candidate
2026-07-02 17:51:20 - matching_padroncharcas - DEBUG -     gz_id=1004814 'santiago' score=1.000 nombre=False saint_only=True terr= phase=candidate
2026-07-02 17:51:20 - matching_padroncharcas - DEBUG -     gz_id=1003254 'pahuatlan' score=1.000 nombre=False saint_only=True terr= phase=candidate
2026-07-02 17:51:20 - matching_padroncharcas - DEBUG -     gz_id=1003254 'pahuatlan' score=1.000 nombre=False saint_only=True terr= phase=candidate
2026-07-02 17:51:20 - matching_padroncharcas - DEBUG -     gz_id=1003254 'pahuatlan' score=1.000 nombre=False saint_only=True terr= phase=candidate
2026-07-02 17:51:20 - matching_padroncharcas - DEBUG -     gz_id=1001574 'tianhuistenco' score=1.000 nombre=False saint_only=True terr= phase=candidate
2026-07-02 17:51:20 - matching_padroncharcas - DEBUG -     gz_id=1001574 'tianhuistenco' score=1.000 nombre=False saint_only=True terr= phase=candidate
2026-07-02 17:51:20 - matching_padroncharcas - DEBUG -     gz_id=1001574 'tianhuistenco' score=1.000 nombre=False saint_only=True terr= phase=candidate
2026-07-02 17:51:20 - matching_padroncharcas - DEBUG -     gz_id=1001575 'tilapa' score=1.000 nombre=False saint_only=True terr= phase=candidate
2026-07-02 17:51:20 - matching_padroncharcas - DEBUG -     gz_id=1001575 'tilapa' score=1.000 nombre=False saint_only=True terr= phase=candidate
2026-07-02 17:51:20 - matching_padroncharcas - DEBUG -     gz_id=1001575 'tilapa' score=1.000 nombre=False saint_only=True terr= phase=candidate
2026-07-02 17:51:20 - matching_padroncharcas - DEBUG -     gz_id=1003258 'patoltecoia' score=1.000 nombre=False saint_only=True terr= phase=candidate
2026-07-02 17:51:20 - matching_padroncharcas - DEBUG -     gz_id=1003258 'patoltecoia' score=1.000 nombre=False saint_only=True terr= phase=candidate
2026-07-02 17:51:20 - matching_padroncharcas - DEBUG -     gz_id=1003258 'patoltecoia' score=1.000 nombre=False saint_only=True terr= phase=candidate
2026-07-02 17:51:20 - matching_padroncharcas - DEBUG -     gz_id=1003262 'tamiahua' score=1.000 nombre=False saint_only=True terr= phase=candidate
2026-07-02 17:51:20 - matching_padroncharcas - DEBUG -     gz_id=1003262 'tamiahua' score=1.000 nombre=False saint_only=True terr= phase=candidate
2026-07-02 17:51:20 - matching_padroncharcas - DEBUG -     gz_id=1003262 'tamiahua' score=1.000 nombre=False saint_only=True terr= phase=candidate
2026-07-02 17:51:20 - matching_padroncharcas - DEBUG -     gz_id=1001595 'tolman' score=1.000 nombre=False saint_only=True terr= phase=candidate
2026-07-02 17:51:20 - matching_padroncharcas - DEBUG -     gz_id=1001595 'tolman' score=1.000 nombre=False saint_only=True terr= phase=candidate
2026-07-02 17:51:20 - matching_padroncharcas - INFO -   Before dedup: 1188 candidates
2026-07-02 17:51:20 - matching_padroncharcas - INFO -   After dedup: 465 unique gz_ids
2026-07-02 17:51:20 - matching_padroncharcas - INFO -   Dropped 453 territory-contradicting candidates
2026-07-02 17:51:20 - matching_padroncharcas - INFO -   Input has territorial data: True
2026-07-02 17:51:20 - matching_padroncharcas - INFO -   Candidates with territory match: 12
2026-07-02 17:51:20 - matching_padroncharcas - INFO -   After territorial filter (keeping region): 12 candidates
2026-07-02 17:51:20 - matching_padroncharcas - INFO -   Nombre matches (exact on lugar_nombre): 1
2026-07-02 17:51:20 - matching_padroncharcas - INFO -   Saint-only matches: 11
2026-07-02 17:51:20 - matching_padroncharcas - INFO -   Substantive matches: 1
2026-07-02 17:51:20 - matching_padroncharcas - INFO -   NOMBRE PRIORITY: Keeping ONLY 1 nombre matches, discarding 0 others
2026-07-02 17:51:20 - matching_padroncharcas - INFO -      gz_id=8000436: Santiago
2026-07-02 17:51:20 - matching_padroncharcas - INFO -   Candidate pool (>= threshold): 1
2026-07-02 17:51:20 - matching_padroncharcas - INFO -   Single unambiguous strong hit -> auto_adopt
2026-07-02 17:51:20 - matching_padroncharcas - INFO -   rowID=7391: found at step 'no_partido_jurisdiccion'
2026-07-02 17:51:20 - matching_padroncharcas - INFO - 
============================================================
2026-07-02 17:51:20 - matching_padroncharcas - INFO - Processing rowID=7392: 'San Juan' -> cleaned: 'san juan'
2026-07-02 17:51:20 - matching_padroncharcas - INFO -   Token-based candidates: 12339
2026-07-02 17:51:20 - matching_padroncharcas - INFO -   Filtering: need match on substantive tokens: ['juan'] OR 2+ total tokens
2026-07-02 17:51:22 - matching_padroncharcas - INFO -   After filtering weak token matches: 1581 candidates
2026-07-02 17:51:23 - matching_padroncharcas - INFO -   Fuzzy matches (score >= 70, limit=500): 1581
2026-07-02 17:51:23 - matching_padroncharcas - DEBUG -     gz_id=9000235 'rio san juan' score=1.000 nombre=False saint_only=True terr= phase=candidate
2026-07-02 17:51:23 - matching_padroncharcas - DEBUG -     gz_id=9000235 'rio san juan' score=1.000 nombre=False saint_only=True terr= phase=candidate
2026-07-02 17:51:23 - matching_padroncharcas - DEBUG -     gz_id=9000235 'rio san juan' score=1.000 nombre=False saint_only=True terr= phase=candidate
2026-07-02 17:51:23 - matching_padroncharcas - DEBUG -     gz_id=9000235 'rio san juan' score=1.000 nombre=False saint_only=True terr= phase=candidate
2026-07-02 17:51:23 - matching_padroncharcas - DEBUG -     gz_id=9000235 'rio san juan' score=1.000 nombre=False saint_only=True terr= phase=candidate
2026-07-02 17:51:23 - matching_padroncharcas - DEBUG -     gz_id=1000045 'san juan rio' score=1.000 nombre=False saint_only=True terr= phase=candidate
2026-07-02 17:51:23 - matching_padroncharcas - DEBUG -     gz_id=1000045 'san juan rio' score=1.000 nombre=False saint_only=True terr= phase=candidate
2026-07-02 17:51:23 - matching_padroncharcas - DEBUG -     gz_id=1000049 'ahuacatlan' score=1.000 nombre=False saint_only=True terr= phase=candidate
2026-07-02 17:51:23 - matching_padroncharcas - DEBUG -     gz_id=1000049 'ahuacatlan' score=1.000 nombre=False saint_only=True terr= phase=candidate
2026-07-02 17:51:23 - matching_padroncharcas - DEBUG -     gz_id=1000049 'ahuacatlan' score=1.000 nombre=False saint_only=True terr= phase=candidate
2026-07-02 17:51:23 - matching_padroncharcas - DEBUG -     gz_id=1000083 'coioacan' score=1.000 nombre=False saint_only=True terr= phase=candidate
2026-07-02 17:51:23 - matching_padroncharcas - DEBUG -     gz_id=1000083 'coioacan' score=1.000 nombre=False saint_only=True terr= phase=candidate
2026-07-02 17:51:23 - matching_padroncharcas - DEBUG -     gz_id=1000083 'coioacan' score=1.000 nombre=False saint_only=True terr= phase=candidate
2026-07-02 17:51:23 - matching_padroncharcas - DEBUG -     gz_id=1000083 'coioacan' score=1.000 nombre=False saint_only=True terr= phase=candidate
2026-07-02 17:51:23 - matching_padroncharcas - DEBUG -     gz_id=1000094 'metepec' score=1.000 nombre=False saint_only=True terr= phase=candidate
2026-07-02 17:51:23 - matching_padroncharcas - DEBUG -     gz_id=1000094 'metepec' score=1.000 nombre=False saint_only=True terr= phase=candidate
2026-07-02 17:51:23 - matching_padroncharcas - DEBUG -     gz_id=1000094 'metepec' score=1.000 nombre=False saint_only=True terr= phase=candidate
2026-07-02 17:51:23 - matching_padroncharcas - DEBUG -     gz_id=1000103 'teotihuacan' score=1.000 nombre=False saint_only=True terr= phase=candidate
2026-07-02 17:51:23 - matching_padroncharcas - DEBUG -     gz_id=1000103 'teotihuacan' score=1.000 nombre=False saint_only=True terr= phase=candidate
2026-07-02 17:51:23 - matching_padroncharcas - DEBUG -     gz_id=1000111 'tulancingo' score=1.000 nombre=False saint_only=True terr= phase=candidate
2026-07-02 17:51:23 - matching_padroncharcas - DEBUG -     gz_id=1000111 'tulancingo' score=1.000 nombre=False saint_only=True terr= phase=candidate
2026-07-02 17:51:23 - matching_padroncharcas - DEBUG -     gz_id=1000113 'iahualica' score=1.000 nombre=False saint_only=True terr= phase=candidate
2026-07-02 17:51:23 - matching_padroncharcas - DEBUG -     gz_id=1000113 'iahualica' score=1.000 nombre=False saint_only=True terr= phase=candidate
2026-07-02 17:51:23 - matching_padroncharcas - DEBUG -     gz_id=1000117 'cimapan' score=1.000 nombre=False saint_only=True terr= phase=candidate
2026-07-02 17:51:23 - matching_padroncharcas - DEBUG -     gz_id=1000117 'cimapan' score=1.000 nombre=False saint_only=True terr= phase=candidate
2026-07-02 17:51:23 - matching_padroncharcas - DEBUG -     gz_id=1000130 'huetamo' score=1.000 nombre=False saint_only=True terr= phase=candidate
2026-07-02 17:51:23 - matching_padroncharcas - DEBUG -     gz_id=1000130 'huetamo' score=1.000 nombre=False saint_only=True terr= phase=candidate
2026-07-02 17:51:23 - matching_padroncharcas - DEBUG -     gz_id=1000130 'huetamo' score=1.000 nombre=False saint_only=True terr= phase=candidate
2026-07-02 17:51:23 - matching_padroncharcas - DEBUG -     gz_id=1000136 'puruandiro' score=1.000 nombre=False saint_only=True terr= phase=candidate
2026-07-02 17:51:23 - matching_padroncharcas - DEBUG -     gz_id=1000136 'puruandiro' score=1.000 nombre=False saint_only=True terr= phase=candidate
2026-07-02 17:51:23 - matching_padroncharcas - DEBUG -     gz_id=1000136 'puruandiro' score=1.000 nombre=False saint_only=True terr= phase=candidate
2026-07-02 17:51:23 - matching_padroncharcas - DEBUG -     gz_id=1000141 'tiripetio' score=1.000 nombre=False saint_only=True terr= phase=candidate
2026-07-02 17:51:23 - matching_padroncharcas - DEBUG -     gz_id=1000141 'tiripetio' score=1.000 nombre=False saint_only=True terr= phase=candidate
2026-07-02 17:51:23 - matching_padroncharcas - DEBUG -     gz_id=1000141 'tiripetio' score=1.000 nombre=False saint_only=True terr= phase=candidate
2026-07-02 17:51:23 - matching_padroncharcas - DEBUG -     gz_id=1000147 'citacuaro' score=1.000 nombre=False saint_only=True terr= phase=candidate
2026-07-02 17:51:23 - matching_padroncharcas - DEBUG -     gz_id=1000147 'citacuaro' score=1.000 nombre=False saint_only=True terr= phase=candidate
2026-07-02 17:51:23 - matching_padroncharcas - DEBUG -     gz_id=1000147 'citacuaro' score=1.000 nombre=False saint_only=True terr= phase=candidate
2026-07-02 17:51:23 - matching_padroncharcas - DEBUG -     gz_id=1000151 'huajuapam' score=1.000 nombre=False saint_only=True terr= phase=candidate
2026-07-02 17:51:23 - matching_padroncharcas - DEBUG -     gz_id=1000151 'huajuapam' score=1.000 nombre=False saint_only=True terr= phase=candidate
2026-07-02 17:51:23 - matching_padroncharcas - DEBUG -     gz_id=1000154 'chicomesuchil' score=1.000 nombre=False saint_only=True terr= phase=candidate
2026-07-02 17:51:23 - matching_padroncharcas - DEBUG -     gz_id=1000154 'chicomesuchil' score=1.000 nombre=False saint_only=True terr= phase=candidate
2026-07-02 17:51:23 - matching_padroncharcas - DEBUG -     gz_id=1000154 'chicomesuchil' score=1.000 nombre=False saint_only=True terr= phase=candidate
2026-07-02 17:51:23 - matching_padroncharcas - DEBUG -     gz_id=1000171 'acatlan' score=1.000 nombre=False saint_only=True terr= phase=candidate
2026-07-02 17:51:23 - matching_padroncharcas - DEBUG -     gz_id=1000171 'acatlan' score=1.000 nombre=False saint_only=True terr= phase=candidate
2026-07-02 17:51:23 - matching_padroncharcas - DEBUG -     gz_id=1000180 'ihualapa' score=1.000 nombre=False saint_only=True terr= phase=candidate
2026-07-02 17:51:23 - matching_padroncharcas - DEBUG -     gz_id=1000180 'ihualapa' score=1.000 nombre=False saint_only=True terr= phase=candidate
2026-07-02 17:51:23 - matching_padroncharcas - DEBUG -     gz_id=1000180 'ihualapa' score=1.000 nombre=False saint_only=True terr= phase=candidate
2026-07-02 17:51:23 - matching_padroncharcas - DEBUG -     gz_id=1000183 'san juan llanos' score=1.000 nombre=False saint_only=True terr= phase=candidate
2026-07-02 17:51:23 - matching_padroncharcas - DEBUG -     gz_id=1000183 'san juan llanos' score=1.000 nombre=False saint_only=True terr= phase=candidate
2026-07-02 17:51:23 - matching_padroncharcas - DEBUG -     gz_id=1000206 'fuerte' score=1.000 nombre=False saint_only=True terr= phase=candidate
2026-07-02 17:51:23 - matching_padroncharcas - DEBUG -     gz_id=1000206 'fuerte' score=1.000 nombre=False saint_only=True terr= phase=candidate
2026-07-02 17:51:23 - matching_padroncharcas - DEBUG -     gz_id=1000206 'fuerte' score=1.000 nombre=False saint_only=True terr= phase=candidate
2026-07-02 17:51:23 - matching_padroncharcas - DEBUG -     gz_id=1000206 'fuerte' score=1.000 nombre=False saint_only=True terr= phase=candidate
2026-07-02 17:51:23 - matching_padroncharcas - DEBUG -     gz_id=1000307 'san juan' score=1.000 nombre=True saint_only=False terr= phase=auto_adopt
2026-07-02 17:51:23 - matching_padroncharcas - DEBUG -     gz_id=1000307 'san juan' score=1.000 nombre=True saint_only=False terr= phase=auto_adopt
2026-07-02 17:51:23 - matching_padroncharcas - DEBUG -     gz_id=1000307 'san juan' score=1.000 nombre=True saint_only=False terr= phase=auto_adopt
2026-07-02 17:51:23 - matching_padroncharcas - DEBUG -     gz_id=1000307 'san juan' score=1.000 nombre=True saint_only=False terr= phase=auto_adopt
2026-07-02 17:51:23 - matching_padroncharcas - DEBUG -     gz_id=1000318 'tonachi' score=1.000 nombre=False saint_only=True terr= phase=candidate
2026-07-02 17:51:23 - matching_padroncharcas - DEBUG -     gz_id=1000318 'tonachi' score=1.000 nombre=False saint_only=True terr= phase=candidate
2026-07-02 17:51:23 - matching_padroncharcas - DEBUG -     gz_id=1000363 'analco' score=1.000 nombre=False saint_only=True terr= phase=candidate
2026-07-02 17:51:23 - matching_padroncharcas - DEBUG -     gz_id=1000363 'analco' score=1.000 nombre=False saint_only=True terr= phase=candidate
2026-07-02 17:51:23 - matching_padroncharcas - DEBUG -     gz_id=9000615 'chascomus' score=1.000 nombre=False saint_only=True terr= phase=candidate
2026-07-02 17:51:23 - matching_padroncharcas - DEBUG -     gz_id=9000615 'chascomus' score=1.000 nombre=False saint_only=True terr= phase=candidate
2026-07-02 17:51:23 - matching_padroncharcas - DEBUG -     gz_id=9000615 'chascomus' score=1.000 nombre=False saint_only=True terr= phase=candidate
2026-07-02 17:51:23 - matching_padroncharcas - DEBUG -     gz_id=1000385 'atotonilco' score=1.000 nombre=False saint_only=True terr= phase=candidate
2026-07-02 17:51:23 - matching_padroncharcas - DEBUG -     gz_id=1000385 'atotonilco' score=1.000 nombre=False saint_only=True terr= phase=candidate
2026-07-02 17:51:23 - matching_padroncharcas - DEBUG -     gz_id=1000401 'san juan' score=1.000 nombre=True saint_only=False terr= phase=auto_adopt
2026-07-02 17:51:23 - matching_padroncharcas - DEBUG -     gz_id=1000401 'san juan' score=1.000 nombre=True saint_only=False terr= phase=auto_adopt
2026-07-02 17:51:23 - matching_padroncharcas - DEBUG -     gz_id=1000413 'tecuala' score=1.000 nombre=False saint_only=True terr= phase=candidate
2026-07-02 17:51:23 - matching_padroncharcas - DEBUG -     gz_id=1000413 'tecuala' score=1.000 nombre=False saint_only=True terr= phase=candidate
2026-07-02 17:51:23 - matching_padroncharcas - DEBUG -     gz_id=9000659 'pintado' score=1.000 nombre=False saint_only=True terr= phase=candidate
2026-07-02 17:51:23 - matching_padroncharcas - DEBUG -     gz_id=9000659 'pintado' score=1.000 nombre=False saint_only=True terr= phase=candidate
2026-07-02 17:51:23 - matching_padroncharcas - DEBUG -     gz_id=9000659 'pintado' score=1.000 nombre=False saint_only=True terr= phase=candidate
2026-07-02 17:51:23 - matching_padroncharcas - DEBUG -     gz_id=1000418 'mexpan' score=1.000 nombre=False saint_only=True terr= phase=candidate
2026-07-02 17:51:23 - matching_padroncharcas - DEBUG -     gz_id=1000418 'mexpan' score=1.000 nombre=False saint_only=True terr= phase=candidate
2026-07-02 17:51:23 - matching_padroncharcas - DEBUG -     gz_id=1000418 'mexpan' score=1.000 nombre=False saint_only=True terr= phase=candidate
2026-07-02 17:51:23 - matching_padroncharcas - DEBUG -     gz_id=9000699 'barrio san juan bautista' score=1.000 nombre=False saint_only=True terr= phase=candidate
2026-07-02 17:51:23 - matching_padroncharcas - DEBUG -     gz_id=1000452 'contla' score=1.000 nombre=False saint_only=True terr= phase=candidate
2026-07-02 17:51:23 - matching_padroncharcas - DEBUG -     gz_id=1000452 'contla' score=1.000 nombre=False saint_only=True terr= phase=candidate
2026-07-02 17:51:23 - matching_padroncharcas - DEBUG -     gz_id=1000466 'san juan' score=1.000 nombre=True saint_only=False terr= phase=auto_adopt
2026-07-02 17:51:23 - matching_padroncharcas - DEBUG -     gz_id=1000466 'san juan' score=1.000 nombre=True saint_only=False terr= phase=auto_adopt
2026-07-02 17:51:23 - matching_padroncharcas - DEBUG -     gz_id=9000721 'san juan nepomuceno' score=1.000 nombre=False saint_only=True terr= phase=candidate
2026-07-02 17:51:23 - matching_padroncharcas - DEBUG -     gz_id=9000721 'san juan nepomuceno' score=1.000 nombre=False saint_only=True terr= phase=candidate
2026-07-02 17:51:23 - matching_padroncharcas - DEBUG -     gz_id=9000721 'san juan nepomuceno' score=1.000 nombre=False saint_only=True terr= phase=candidate
2026-07-02 17:51:23 - matching_padroncharcas - DEBUG -     gz_id=9000721 'san juan nepomuceno' score=1.000 nombre=False saint_only=True terr= phase=candidate
2026-07-02 17:51:23 - matching_padroncharcas - DEBUG -     gz_id=1000476 'mejicalcingo' score=1.000 nombre=False saint_only=True terr= phase=candidate
2026-07-02 17:51:23 - matching_padroncharcas - DEBUG -     gz_id=1000476 'mejicalcingo' score=1.000 nombre=False saint_only=True terr= phase=candidate
2026-07-02 17:51:23 - matching_padroncharcas - DEBUG -     gz_id=1000479 'amatlan jora' score=1.000 nombre=False saint_only=True terr= phase=candidate
2026-07-02 17:51:23 - matching_padroncharcas - DEBUG -     gz_id=1000479 'amatlan jora' score=1.000 nombre=False saint_only=True terr= phase=candidate
2026-07-02 17:51:23 - matching_padroncharcas - DEBUG -     gz_id=9000752 'san juan nepomuceno' score=1.000 nombre=False saint_only=True terr= phase=candidate
2026-07-02 17:51:23 - matching_padroncharcas - DEBUG -     gz_id=1000501 'tecomatlan' score=1.000 nombre=False saint_only=True terr= phase=candidate
2026-07-02 17:51:23 - matching_padroncharcas - DEBUG -     gz_id=1000501 'tecomatlan' score=1.000 nombre=False saint_only=True terr= phase=candidate
2026-07-02 17:51:23 - matching_padroncharcas - DEBUG -     gz_id=1000507 'huejotitlan' score=1.000 nombre=False saint_only=True terr= phase=candidate
2026-07-02 17:51:23 - matching_padroncharcas - DEBUG -     gz_id=1000507 'huejotitlan' score=1.000 nombre=False saint_only=True terr= phase=candidate
2026-07-02 17:51:23 - matching_padroncharcas - DEBUG -     gz_id=1000507 'huejotitlan' score=1.000 nombre=False saint_only=True terr= phase=candidate
2026-07-02 17:51:23 - matching_padroncharcas - DEBUG -     gz_id=1000507 'huejotitlan' score=1.000 nombre=False saint_only=True terr= phase=candidate
2026-07-02 17:51:23 - matching_padroncharcas - DEBUG -     gz_id=1000507 'huejotitlan' score=1.000 nombre=False saint_only=True terr= phase=candidate
2026-07-02 17:51:23 - matching_padroncharcas - DEBUG -     gz_id=1000507 'huejotitlan' score=1.000 nombre=False saint_only=True terr= phase=candidate
2026-07-02 17:51:23 - matching_padroncharcas - DEBUG -     gz_id=1000514 'san juan bautista lahuna' score=1.000 nombre=False saint_only=True terr= phase=candidate
2026-07-02 17:51:23 - matching_padroncharcas - DEBUG -     gz_id=1000514 'san juan bautista lahuna' score=1.000 nombre=False saint_only=True terr= phase=candidate
2026-07-02 17:51:23 - matching_padroncharcas - DEBUG -     gz_id=1000515 'san juan lagos' score=1.000 nombre=False saint_only=True terr= phase=candidate
2026-07-02 17:51:23 - matching_padroncharcas - DEBUG -     gz_id=1000515 'san juan lagos' score=1.000 nombre=False saint_only=True terr= phase=candidate
2026-07-02 17:51:23 - matching_padroncharcas - DEBUG -     gz_id=9900048 'san juan paio' score=1.000 nombre=False saint_only=True terr= phase=candidate
2026-07-02 17:51:23 - matching_padroncharcas - DEBUG -     gz_id=9900048 'san juan paio' score=1.000 nombre=False saint_only=True terr= phase=candidate
2026-07-02 17:51:23 - matching_padroncharcas - DEBUG -     gz_id=9900048 'san juan paio' score=1.000 nombre=False saint_only=True terr= phase=candidate
2026-07-02 17:51:23 - matching_padroncharcas - DEBUG -     gz_id=9900048 'san juan paio' score=1.000 nombre=False saint_only=True terr= phase=candidate
2026-07-02 17:51:23 - matching_padroncharcas - DEBUG -     gz_id=9900048 'san juan paio' score=1.000 nombre=False saint_only=True terr= phase=candidate
2026-07-02 17:51:23 - matching_padroncharcas - DEBUG -     gz_id=9900048 'san juan paio' score=1.000 nombre=False saint_only=True terr= phase=candidate
2026-07-02 17:51:23 - matching_padroncharcas - DEBUG -     gz_id=1000547 'cosala' score=1.000 nombre=False saint_only=True terr= phase=candidate
2026-07-02 17:51:23 - matching_padroncharcas - DEBUG -     gz_id=1000547 'cosala' score=1.000 nombre=False saint_only=True terr= phase=candidate
2026-07-02 17:51:23 - matching_padroncharcas - DEBUG -     gz_id=9900048 'san juan paio' score=1.000 nombre=False saint_only=True terr= phase=candidate
2026-07-02 17:51:23 - matching_padroncharcas - DEBUG -     gz_id=1000578 'ocotan' score=1.000 nombre=False saint_only=True terr= phase=candidate
2026-07-02 17:51:23 - matching_padroncharcas - DEBUG -     gz_id=1000578 'ocotan' score=1.000 nombre=False saint_only=True terr= phase=candidate
2026-07-02 17:51:23 - matching_padroncharcas - DEBUG -     gz_id=1000580 'acatic' score=1.000 nombre=False saint_only=True terr= phase=candidate
2026-07-02 17:51:23 - matching_padroncharcas - DEBUG -     gz_id=1000580 'acatic' score=1.000 nombre=False saint_only=True terr= phase=candidate
2026-07-02 17:51:23 - matching_padroncharcas - DEBUG -     gz_id=1000585 'tecualtitan' score=1.000 nombre=False saint_only=True terr= phase=candidate
2026-07-02 17:51:23 - matching_padroncharcas - DEBUG -     gz_id=1000585 'tecualtitan' score=1.000 nombre=False saint_only=True terr= phase=candidate
2026-07-02 17:51:23 - matching_padroncharcas - DEBUG -     gz_id=1000588 'tonalisco' score=1.000 nombre=False saint_only=True terr= phase=candidate
2026-07-02 17:51:23 - matching_padroncharcas - DEBUG -     gz_id=1000588 'tonalisco' score=1.000 nombre=False saint_only=True terr= phase=candidate
2026-07-02 17:51:23 - matching_padroncharcas - DEBUG -     gz_id=1000594 'jalisco' score=1.000 nombre=False saint_only=True terr= phase=candidate
2026-07-02 17:51:23 - matching_padroncharcas - DEBUG -     gz_id=1000594 'jalisco' score=1.000 nombre=False saint_only=True terr= phase=candidate
2026-07-02 17:51:23 - matching_padroncharcas - DEBUG -     gz_id=1000596 'amatitan' score=1.000 nombre=False saint_only=True terr= phase=candidate
2026-07-02 17:51:23 - matching_padroncharcas - DEBUG -     gz_id=1000596 'amatitan' score=1.000 nombre=False saint_only=True terr= phase=candidate
2026-07-02 17:51:23 - matching_padroncharcas - DEBUG -     gz_id=1000603 'san juan' score=1.000 nombre=True saint_only=False terr= phase=auto_adopt
2026-07-02 17:51:23 - matching_padroncharcas - DEBUG -     gz_id=1000603 'san juan' score=1.000 nombre=True saint_only=False terr= phase=auto_adopt
2026-07-02 17:51:23 - matching_padroncharcas - DEBUG -     gz_id=1000630 'jiquilpan' score=1.000 nombre=False saint_only=True terr= phase=candidate
2026-07-02 17:51:23 - matching_padroncharcas - DEBUG -     gz_id=1000630 'jiquilpan' score=1.000 nombre=False saint_only=True terr= phase=candidate
2026-07-02 17:51:23 - matching_padroncharcas - DEBUG -     gz_id=1000633 'san juan amula' score=1.000 nombre=False saint_only=True terr= phase=candidate
2026-07-02 17:51:23 - matching_padroncharcas - DEBUG -     gz_id=1000633 'san juan amula' score=1.000 nombre=False saint_only=True terr= phase=candidate
2026-07-02 17:51:23 - matching_padroncharcas - DEBUG -     gz_id=1000643 'tuxpan' score=1.000 nombre=False saint_only=True terr= phase=candidate
2026-07-02 17:51:23 - matching_padroncharcas - DEBUG -     gz_id=1000643 'tuxpan' score=1.000 nombre=False saint_only=True terr= phase=candidate
2026-07-02 17:51:23 - matching_padroncharcas - DEBUG -     gz_id=1000643 'tuxpan' score=1.000 nombre=False saint_only=True terr= phase=candidate
2026-07-02 17:51:23 - matching_padroncharcas - DEBUG -     gz_id=1000649 'apaceo' score=1.000 nombre=False saint_only=True terr= phase=candidate
2026-07-02 17:51:23 - matching_padroncharcas - DEBUG -     gz_id=1000649 'apaceo' score=1.000 nombre=False saint_only=True terr= phase=candidate
2026-07-02 17:51:23 - matching_padroncharcas - DEBUG -     gz_id=1000668 'san juan presa' score=1.000 nombre=False saint_only=True terr= phase=candidate
2026-07-02 17:51:23 - matching_padroncharcas - DEBUG -     gz_id=1000668 'san juan presa' score=1.000 nombre=False saint_only=True terr= phase=candidate
2026-07-02 17:51:23 - matching_padroncharcas - DEBUG -     gz_id=1000669 'san juan bega' score=1.000 nombre=False saint_only=True terr= phase=candidate
2026-07-02 17:51:23 - matching_padroncharcas - DEBUG -     gz_id=1000669 'san juan bega' score=1.000 nombre=False saint_only=True terr= phase=candidate
2026-07-02 17:51:23 - matching_padroncharcas - DEBUG -     gz_id=1000694 'jichu indios' score=1.000 nombre=False saint_only=True terr= phase=candidate
2026-07-02 17:51:23 - matching_padroncharcas - DEBUG -     gz_id=1000694 'jichu indios' score=1.000 nombre=False saint_only=True terr= phase=candidate
2026-07-02 17:51:23 - matching_padroncharcas - DEBUG -     gz_id=1000699 'tecoanapa' score=1.000 nombre=False saint_only=True terr= phase=candidate
2026-07-02 17:51:23 - matching_padroncharcas - DEBUG -     gz_id=1000699 'tecoanapa' score=1.000 nombre=False saint_only=True terr= phase=candidate
2026-07-02 17:51:23 - matching_padroncharcas - DEBUG -     gz_id=1000699 'tecoanapa' score=1.000 nombre=False saint_only=True terr= phase=candidate
2026-07-02 17:51:23 - matching_padroncharcas - DEBUG -     gz_id=1000709 'san juan solis' score=1.000 nombre=False saint_only=True terr= phase=candidate
2026-07-02 17:51:23 - matching_padroncharcas - DEBUG -     gz_id=1000709 'san juan solis' score=1.000 nombre=False saint_only=True terr= phase=candidate
2026-07-02 17:51:23 - matching_padroncharcas - DEBUG -     gz_id=1000717 'iolotepec' score=1.000 nombre=False saint_only=True terr= phase=candidate
2026-07-02 17:51:23 - matching_padroncharcas - DEBUG -     gz_id=1000717 'iolotepec' score=1.000 nombre=False saint_only=True terr= phase=candidate
2026-07-02 17:51:23 - matching_padroncharcas - DEBUG -     gz_id=1000732 'pacula' score=1.000 nombre=False saint_only=True terr= phase=candidate
2026-07-02 17:51:23 - matching_padroncharcas - DEBUG -     gz_id=1000732 'pacula' score=1.000 nombre=False saint_only=True terr= phase=candidate
2026-07-02 17:51:23 - matching_padroncharcas - DEBUG -     gz_id=1000744 'asacoaloia' score=1.000 nombre=False saint_only=True terr= phase=candidate
2026-07-02 17:51:23 - matching_padroncharcas - DEBUG -     gz_id=1000744 'asacoaloia' score=1.000 nombre=False saint_only=True terr= phase=candidate
2026-07-02 17:51:23 - matching_padroncharcas - DEBUG -     gz_id=1000747 'aiotla' score=1.000 nombre=False saint_only=True terr= phase=candidate
2026-07-02 17:51:23 - matching_padroncharcas - DEBUG -     gz_id=1000747 'aiotla' score=1.000 nombre=False saint_only=True terr= phase=candidate
2026-07-02 17:51:23 - matching_padroncharcas - DEBUG -     gz_id=1000753 'coxtocan' score=1.000 nombre=False saint_only=True terr= phase=candidate
2026-07-02 17:51:23 - matching_padroncharcas - DEBUG -     gz_id=1000753 'coxtocan' score=1.000 nombre=False saint_only=True terr= phase=candidate
2026-07-02 17:51:23 - matching_padroncharcas - DEBUG -     gz_id=1000763 'ixtapaluca' score=1.000 nombre=False saint_only=True terr= phase=candidate
2026-07-02 17:51:23 - matching_padroncharcas - DEBUG -     gz_id=1000763 'ixtapaluca' score=1.000 nombre=False saint_only=True terr= phase=candidate
2026-07-02 17:51:23 - matching_padroncharcas - DEBUG -     gz_id=1000779 'temamatla' score=1.000 nombre=False saint_only=True terr= phase=candidate
2026-07-02 17:51:23 - matching_padroncharcas - DEBUG -     gz_id=1000779 'temamatla' score=1.000 nombre=False saint_only=True terr= phase=candidate
2026-07-02 17:51:23 - matching_padroncharcas - DEBUG -     gz_id=1000780 'tenango tepopula' score=1.000 nombre=False saint_only=True terr= phase=candidate
2026-07-02 17:51:23 - matching_padroncharcas - DEBUG -     gz_id=1000780 'tenango tepopula' score=1.000 nombre=False saint_only=True terr= phase=candidate
2026-07-02 17:51:23 - matching_padroncharcas - DEBUG -     gz_id=1000781 'tepecoculco' score=1.000 nombre=False saint_only=True terr= phase=candidate
2026-07-02 17:51:23 - matching_padroncharcas - DEBUG -     gz_id=1000781 'tepecoculco' score=1.000 nombre=False saint_only=True terr= phase=candidate
2026-07-02 17:51:23 - matching_padroncharcas - DEBUG -     gz_id=1000787 'texcalpan' score=1.000 nombre=False saint_only=True terr= phase=candidate
2026-07-02 17:51:23 - matching_padroncharcas - DEBUG -     gz_id=1000787 'texcalpan' score=1.000 nombre=False saint_only=True terr= phase=candidate
2026-07-02 17:51:23 - matching_padroncharcas - DEBUG -     gz_id=1000787 'texcalpan' score=1.000 nombre=False saint_only=True terr= phase=candidate
2026-07-02 17:51:23 - matching_padroncharcas - DEBUG -     gz_id=1000788 'tesompa' score=1.000 nombre=False saint_only=True terr= phase=candidate
2026-07-02 17:51:23 - matching_padroncharcas - DEBUG -     gz_id=1000788 'tesompa' score=1.000 nombre=False saint_only=True terr= phase=candidate
2026-07-02 17:51:23 - matching_padroncharcas - DEBUG -     gz_id=1000795 'tlamapa' score=1.000 nombre=False saint_only=True terr= phase=candidate
2026-07-02 17:51:23 - matching_padroncharcas - DEBUG -     gz_id=1000795 'tlamapa' score=1.000 nombre=False saint_only=True terr= phase=candidate
2026-07-02 17:51:23 - matching_padroncharcas - DEBUG -     gz_id=1000798 'tlapisahuac' score=1.000 nombre=False saint_only=True terr= phase=candidate
2026-07-02 17:51:23 - matching_padroncharcas - DEBUG -     gz_id=1000798 'tlapisahuac' score=1.000 nombre=False saint_only=True terr= phase=candidate
2026-07-02 17:51:23 - matching_padroncharcas - DEBUG -     gz_id=1000800 'tlaiacapan' score=1.000 nombre=False saint_only=True terr= phase=candidate
2026-07-02 17:51:23 - matching_padroncharcas - DEBUG -     gz_id=1000800 'tlaiacapan' score=1.000 nombre=False saint_only=True terr= phase=candidate
2026-07-02 17:51:23 - matching_padroncharcas - DEBUG -     gz_id=1000800 'tlaiacapan' score=1.000 nombre=False saint_only=True terr= phase=candidate
2026-07-02 17:51:23 - matching_padroncharcas - DEBUG -     gz_id=1000812 'acatlan' score=1.000 nombre=False saint_only=True terr= phase=candidate
2026-07-02 17:51:23 - matching_padroncharcas - DEBUG -     gz_id=1000812 'acatlan' score=1.000 nombre=False saint_only=True terr= phase=candidate
2026-07-02 17:51:23 - matching_padroncharcas - DEBUG -     gz_id=1000814 'alpuiecancingo' score=1.000 nombre=False saint_only=True terr= phase=candidate
2026-07-02 17:51:23 - matching_padroncharcas - DEBUG -     gz_id=1000814 'alpuiecancingo' score=1.000 nombre=False saint_only=True terr= phase=candidate
2026-07-02 17:51:23 - matching_padroncharcas - DEBUG -     gz_id=1000815 'atenango rio' score=1.000 nombre=False saint_only=True terr= phase=candidate
2026-07-02 17:51:23 - matching_padroncharcas - DEBUG -     gz_id=1000815 'atenango rio' score=1.000 nombre=False saint_only=True terr= phase=candidate
2026-07-02 17:51:23 - matching_padroncharcas - DEBUG -     gz_id=1000821 'colotlipa' score=1.000 nombre=False saint_only=True terr= phase=candidate
2026-07-02 17:51:23 - matching_padroncharcas - DEBUG -     gz_id=1000821 'colotlipa' score=1.000 nombre=False saint_only=True terr= phase=candidate
2026-07-02 17:51:23 - matching_padroncharcas - DEBUG -     gz_id=9900248 'alamo' score=1.000 nombre=False saint_only=True terr= phase=candidate
2026-07-02 17:51:23 - matching_padroncharcas - DEBUG -     gz_id=9900248 'alamo' score=1.000 nombre=False saint_only=True terr= phase=candidate
2026-07-02 17:51:23 - matching_padroncharcas - DEBUG -     gz_id=9900248 'alamo' score=1.000 nombre=False saint_only=True terr= phase=candidate
2026-07-02 17:51:23 - matching_padroncharcas - DEBUG -     gz_id=1000831 'papalutla' score=1.000 nombre=False saint_only=True terr= phase=candidate
2026-07-02 17:51:23 - matching_padroncharcas - DEBUG -     gz_id=1000831 'papalutla' score=1.000 nombre=False saint_only=True terr= phase=candidate
2026-07-02 17:51:23 - matching_padroncharcas - DEBUG -     gz_id=9900271 'san juan' score=1.000 nombre=True saint_only=False terr=region_exact phase=auto_adopt
2026-07-02 17:51:23 - matching_padroncharcas - DEBUG -     gz_id=1000863 'atlimica' score=1.000 nombre=False saint_only=True terr= phase=candidate
2026-07-02 17:51:23 - matching_padroncharcas - DEBUG -     gz_id=1000863 'atlimica' score=1.000 nombre=False saint_only=True terr= phase=candidate
2026-07-02 17:51:23 - matching_padroncharcas - DEBUG -     gz_id=1000863 'atlimica' score=1.000 nombre=False saint_only=True terr= phase=candidate
2026-07-02 17:51:23 - matching_padroncharcas - DEBUG -     gz_id=1000863 'atlimica' score=1.000 nombre=False saint_only=True terr= phase=candidate
2026-07-02 17:51:23 - matching_padroncharcas - DEBUG -     gz_id=1000873 'tecoac' score=1.000 nombre=False saint_only=True terr= phase=candidate
2026-07-02 17:51:23 - matching_padroncharcas - DEBUG -     gz_id=1000873 'tecoac' score=1.000 nombre=False saint_only=True terr= phase=candidate
2026-07-02 17:51:23 - matching_padroncharcas - DEBUG -     gz_id=1000873 'tecoac' score=1.000 nombre=False saint_only=True terr= phase=candidate
2026-07-02 17:51:23 - matching_padroncharcas - DEBUG -     gz_id=1000873 'tecoac' score=1.000 nombre=False saint_only=True terr= phase=candidate
2026-07-02 17:51:23 - matching_padroncharcas - DEBUG -     gz_id=9900321 'san juan rioceco' score=1.000 nombre=False saint_only=True terr= phase=candidate
2026-07-02 17:51:23 - matching_padroncharcas - DEBUG -     gz_id=9900336 'mansanillo' score=1.000 nombre=False saint_only=True terr= phase=candidate
2026-07-02 17:51:23 - matching_padroncharcas - DEBUG -     gz_id=9900336 'mansanillo' score=1.000 nombre=False saint_only=True terr= phase=candidate
2026-07-02 17:51:23 - matching_padroncharcas - DEBUG -     gz_id=9900336 'mansanillo' score=1.000 nombre=False saint_only=True terr= phase=candidate
2026-07-02 17:51:23 - matching_padroncharcas - DEBUG -     gz_id=1000898 'tetela bolcan' score=1.000 nombre=False saint_only=True terr= phase=candidate
2026-07-02 17:51:23 - matching_padroncharcas - DEBUG -     gz_id=1000898 'tetela bolcan' score=1.000 nombre=False saint_only=True terr= phase=candidate
2026-07-02 17:51:23 - matching_padroncharcas - DEBUG -     gz_id=1000898 'tetela bolcan' score=1.000 nombre=False saint_only=True terr= phase=candidate
2026-07-02 17:51:23 - matching_padroncharcas - DEBUG -     gz_id=1000898 'tetela bolcan' score=1.000 nombre=False saint_only=True terr= phase=candidate
2026-07-02 17:51:23 - matching_padroncharcas - DEBUG -     gz_id=1000898 'tetela bolcan' score=1.000 nombre=False saint_only=True terr= phase=candidate
2026-07-02 17:51:23 - matching_padroncharcas - DEBUG -     gz_id=1000920 'coatetelco' score=1.000 nombre=False saint_only=True terr= phase=candidate
2026-07-02 17:51:23 - matching_padroncharcas - DEBUG -     gz_id=1000920 'coatetelco' score=1.000 nombre=False saint_only=True terr= phase=candidate
2026-07-02 17:51:23 - matching_padroncharcas - DEBUG -     gz_id=1000920 'coatetelco' score=1.000 nombre=False saint_only=True terr= phase=candidate
2026-07-02 17:51:23 - matching_padroncharcas - DEBUG -     gz_id=1000920 'coatetelco' score=1.000 nombre=False saint_only=True terr= phase=candidate
2026-07-02 17:51:23 - matching_padroncharcas - DEBUG -     gz_id=1000926 'huicilac' score=1.000 nombre=False saint_only=True terr= phase=candidate
2026-07-02 17:51:23 - matching_padroncharcas - DEBUG -     gz_id=1000926 'huicilac' score=1.000 nombre=False saint_only=True terr= phase=candidate
2026-07-02 17:51:23 - matching_padroncharcas - DEBUG -     gz_id=1000926 'huicilac' score=1.000 nombre=False saint_only=True terr= phase=candidate
2026-07-02 17:51:23 - matching_padroncharcas - DEBUG -     gz_id=1000926 'huicilac' score=1.000 nombre=False saint_only=True terr= phase=candidate
2026-07-02 17:51:23 - matching_padroncharcas - DEBUG -     gz_id=1000938 'panchimalco' score=1.000 nombre=False saint_only=True terr= phase=candidate
2026-07-02 17:51:23 - matching_padroncharcas - DEBUG -     gz_id=1000938 'panchimalco' score=1.000 nombre=False saint_only=True terr= phase=candidate
2026-07-02 17:51:23 - matching_padroncharcas - DEBUG -     gz_id=1000938 'panchimalco' score=1.000 nombre=False saint_only=True terr= phase=candidate
2026-07-02 17:51:23 - matching_padroncharcas - DEBUG -     gz_id=1000938 'panchimalco' score=1.000 nombre=False saint_only=True terr= phase=candidate
2026-07-02 17:51:23 - matching_padroncharcas - DEBUG -     gz_id=1000950 'teocalcingo' score=1.000 nombre=False saint_only=True terr= phase=candidate
2026-07-02 17:51:23 - matching_padroncharcas - DEBUG -     gz_id=1000950 'teocalcingo' score=1.000 nombre=False saint_only=True terr= phase=candidate
2026-07-02 17:51:23 - matching_padroncharcas - DEBUG -     gz_id=1000950 'teocalcingo' score=1.000 nombre=False saint_only=True terr= phase=candidate
2026-07-02 17:51:23 - matching_padroncharcas - DEBUG -     gz_id=1000950 'teocalcingo' score=1.000 nombre=False saint_only=True terr= phase=candidate
2026-07-02 17:51:23 - matching_padroncharcas - DEBUG -     gz_id=1000960 'tetelpa' score=1.000 nombre=False saint_only=False terr= phase=candidate
2026-07-02 17:51:23 - matching_padroncharcas - DEBUG -     gz_id=1000960 'tetelpa' score=1.000 nombre=False saint_only=False terr= phase=candidate
2026-07-02 17:51:23 - matching_padroncharcas - DEBUG -     gz_id=1000960 'tetelpa' score=1.000 nombre=False saint_only=False terr= phase=candidate
2026-07-02 17:51:23 - matching_padroncharcas - DEBUG -     gz_id=1000960 'tetelpa' score=1.000 nombre=False saint_only=False terr= phase=candidate
2026-07-02 17:51:23 - matching_padroncharcas - DEBUG -     gz_id=1000971 'jochitepec' score=1.000 nombre=False saint_only=True terr= phase=candidate
2026-07-02 17:51:23 - matching_padroncharcas - DEBUG -     gz_id=1000971 'jochitepec' score=1.000 nombre=False saint_only=True terr= phase=candidate
2026-07-02 17:51:23 - matching_padroncharcas - DEBUG -     gz_id=1000975 'iecapixtla' score=1.000 nombre=False saint_only=True terr= phase=candidate
2026-07-02 17:51:23 - matching_padroncharcas - DEBUG -     gz_id=1000975 'iecapixtla' score=1.000 nombre=False saint_only=True terr= phase=candidate
2026-07-02 17:51:23 - matching_padroncharcas - DEBUG -     gz_id=1000996 'jaltocan' score=1.000 nombre=False saint_only=True terr= phase=candidate
2026-07-02 17:51:23 - matching_padroncharcas - DEBUG -     gz_id=1000996 'jaltocan' score=1.000 nombre=False saint_only=True terr= phase=candidate
2026-07-02 17:51:23 - matching_padroncharcas - DEBUG -     gz_id=1001046 'san juan' score=1.000 nombre=True saint_only=False terr= phase=auto_adopt
2026-07-02 17:51:23 - matching_padroncharcas - DEBUG -     gz_id=1001046 'san juan' score=1.000 nombre=True saint_only=False terr= phase=auto_adopt
2026-07-02 17:51:23 - matching_padroncharcas - DEBUG -     gz_id=1001068 'tuxtepec' score=1.000 nombre=False saint_only=True terr= phase=candidate
2026-07-02 17:51:23 - matching_padroncharcas - DEBUG -     gz_id=1001068 'tuxtepec' score=1.000 nombre=False saint_only=True terr= phase=candidate
2026-07-02 17:51:23 - matching_padroncharcas - DEBUG -     gz_id=1001081 'san juan bautista' score=1.000 nombre=False saint_only=True terr= phase=candidate
2026-07-02 17:51:23 - matching_padroncharcas - DEBUG -     gz_id=1001081 'san juan bautista' score=1.000 nombre=False saint_only=True terr= phase=candidate
2026-07-02 17:51:23 - matching_padroncharcas - DEBUG -     gz_id=1001093 'coajomulco' score=1.000 nombre=False saint_only=True terr= phase=candidate
2026-07-02 17:51:23 - matching_padroncharcas - DEBUG -     gz_id=1001093 'coajomulco' score=1.000 nombre=False saint_only=True terr= phase=candidate
2026-07-02 17:51:23 - matching_padroncharcas - DEBUG -     gz_id=1001099 'jiquipilco' score=1.000 nombre=False saint_only=True terr= phase=candidate
2026-07-02 17:51:23 - matching_padroncharcas - DEBUG -     gz_id=1001099 'jiquipilco' score=1.000 nombre=False saint_only=True terr= phase=candidate
2026-07-02 17:51:23 - matching_padroncharcas - DEBUG -     gz_id=1001120 'san juan mansanas' score=1.000 nombre=False saint_only=True terr= phase=candidate
2026-07-02 17:51:23 - matching_padroncharcas - DEBUG -     gz_id=1001120 'san juan mansanas' score=1.000 nombre=False saint_only=True terr= phase=candidate
2026-07-02 17:51:23 - matching_padroncharcas - DEBUG -     gz_id=1001121 'san juan jarros' score=1.000 nombre=False saint_only=True terr= phase=candidate
2026-07-02 17:51:23 - matching_padroncharcas - DEBUG -     gz_id=1001121 'san juan jarros' score=1.000 nombre=False saint_only=True terr= phase=candidate
2026-07-02 17:51:23 - matching_padroncharcas - DEBUG -     gz_id=1001141 'jalpa' score=1.000 nombre=False saint_only=True terr= phase=candidate
2026-07-02 17:51:23 - matching_padroncharcas - DEBUG -     gz_id=1001141 'jalpa' score=1.000 nombre=False saint_only=True terr= phase=candidate
2026-07-02 17:51:23 - matching_padroncharcas - DEBUG -     gz_id=1001147 'acingo' score=1.000 nombre=False saint_only=True terr= phase=candidate
2026-07-02 17:51:23 - matching_padroncharcas - DEBUG -     gz_id=1001147 'acingo' score=1.000 nombre=False saint_only=True terr= phase=candidate
2026-07-02 17:51:23 - matching_padroncharcas - DEBUG -     gz_id=1001191 'san juan bautista' score=1.000 nombre=False saint_only=True terr= phase=candidate
2026-07-02 17:51:23 - matching_padroncharcas - DEBUG -     gz_id=1001191 'san juan bautista' score=1.000 nombre=False saint_only=True terr= phase=candidate
2026-07-02 17:51:23 - matching_padroncharcas - DEBUG -     gz_id=1001191 'san juan bautista' score=1.000 nombre=False saint_only=True terr= phase=candidate
2026-07-02 17:51:23 - matching_padroncharcas - DEBUG -     gz_id=1001208 'joconusco' score=1.000 nombre=False saint_only=True terr= phase=candidate
2026-07-02 17:51:23 - matching_padroncharcas - DEBUG -     gz_id=1001208 'joconusco' score=1.000 nombre=False saint_only=True terr= phase=candidate
2026-07-02 17:51:23 - matching_padroncharcas - DEBUG -     gz_id=1001208 'joconusco' score=1.000 nombre=False saint_only=True terr= phase=candidate
2026-07-02 17:51:23 - matching_padroncharcas - DEBUG -     gz_id=9900826 'oro saracachi' score=1.000 nombre=False saint_only=True terr= phase=candidate
2026-07-02 17:51:23 - matching_padroncharcas - DEBUG -     gz_id=9900826 'oro saracachi' score=1.000 nombre=False saint_only=True terr= phase=candidate
2026-07-02 17:51:23 - matching_padroncharcas - DEBUG -     gz_id=9900826 'oro saracachi' score=1.000 nombre=False saint_only=True terr= phase=candidate
2026-07-02 17:51:23 - matching_padroncharcas - DEBUG -     gz_id=9900826 'oro saracachi' score=1.000 nombre=False saint_only=True terr= phase=candidate
2026-07-02 17:51:23 - matching_padroncharcas - DEBUG -     gz_id=9900826 'oro saracachi' score=1.000 nombre=False saint_only=True terr= phase=candidate
2026-07-02 17:51:23 - matching_padroncharcas - DEBUG -     gz_id=1001221 'ahuehueco' score=1.000 nombre=False saint_only=True terr= phase=candidate
2026-07-02 17:51:23 - matching_padroncharcas - DEBUG -     gz_id=1001221 'ahuehueco' score=1.000 nombre=False saint_only=True terr= phase=candidate
2026-07-02 17:51:23 - matching_padroncharcas - DEBUG -     gz_id=1001222 'amajaque' score=1.000 nombre=False saint_only=True terr= phase=candidate
2026-07-02 17:51:23 - matching_padroncharcas - DEBUG -     gz_id=1001222 'amajaque' score=1.000 nombre=False saint_only=True terr= phase=candidate
2026-07-02 17:51:23 - matching_padroncharcas - DEBUG -     gz_id=1001236 'chapula' score=1.000 nombre=False saint_only=True terr= phase=candidate
2026-07-02 17:51:23 - matching_padroncharcas - DEBUG -     gz_id=1001236 'chapula' score=1.000 nombre=False saint_only=True terr= phase=candidate
2026-07-02 17:51:23 - matching_padroncharcas - DEBUG -     gz_id=1001239 'chiconcoac' score=1.000 nombre=False saint_only=True terr= phase=candidate
2026-07-02 17:51:23 - matching_padroncharcas - DEBUG -     gz_id=1001239 'chiconcoac' score=1.000 nombre=False saint_only=True terr= phase=candidate
2026-07-02 17:51:23 - matching_padroncharcas - DEBUG -     gz_id=1001243 'coacuilco' score=1.000 nombre=False saint_only=True terr= phase=candidate
2026-07-02 17:51:23 - matching_padroncharcas - DEBUG -     gz_id=1001243 'coacuilco' score=1.000 nombre=False saint_only=True terr= phase=candidate
2026-07-02 17:51:23 - matching_padroncharcas - DEBUG -     gz_id=9900840 'san juan' score=1.000 nombre=True saint_only=False terr= phase=auto_adopt
2026-07-02 17:51:23 - matching_padroncharcas - DEBUG -     gz_id=9900840 'san juan' score=1.000 nombre=True saint_only=False terr= phase=auto_adopt
2026-07-02 17:51:23 - matching_padroncharcas - DEBUG -     gz_id=1001259 'hualula' score=1.000 nombre=False saint_only=True terr= phase=candidate
2026-07-02 17:51:23 - matching_padroncharcas - DEBUG -     gz_id=1001259 'hualula' score=1.000 nombre=False saint_only=True terr= phase=candidate
2026-07-02 17:51:23 - matching_padroncharcas - DEBUG -     gz_id=1001264 'huisnopala' score=1.000 nombre=False saint_only=True terr= phase=candidate
2026-07-02 17:51:23 - matching_padroncharcas - DEBUG -     gz_id=1001264 'huisnopala' score=1.000 nombre=False saint_only=True terr= phase=candidate
2026-07-02 17:51:23 - matching_padroncharcas - DEBUG -     gz_id=1001272 'ixtlacuatla' score=1.000 nombre=False saint_only=True terr= phase=candidate
2026-07-02 17:51:23 - matching_padroncharcas - DEBUG -     gz_id=1001272 'ixtlacuatla' score=1.000 nombre=False saint_only=True terr= phase=candidate
2026-07-02 17:51:23 - matching_padroncharcas - DEBUG -     gz_id=1001273 'ixtlahuaco' score=1.000 nombre=False saint_only=True terr= phase=candidate
2026-07-02 17:51:23 - matching_padroncharcas - DEBUG -     gz_id=1001273 'ixtlahuaco' score=1.000 nombre=False saint_only=True terr= phase=candidate
2026-07-02 17:51:23 - matching_padroncharcas - DEBUG -     gz_id=9900867 'palmitos' score=1.000 nombre=False saint_only=True terr= phase=candidate
2026-07-02 17:51:23 - matching_padroncharcas - DEBUG -     gz_id=1001284 'matlatlan' score=1.000 nombre=False saint_only=True terr= phase=candidate
2026-07-02 17:51:23 - matching_padroncharcas - DEBUG -     gz_id=1001284 'matlatlan' score=1.000 nombre=False saint_only=True terr= phase=candidate
2026-07-02 17:51:23 - matching_padroncharcas - DEBUG -     gz_id=1001286 'mestitlan' score=1.000 nombre=False saint_only=True terr= phase=candidate
2026-07-02 17:51:23 - matching_padroncharcas - DEBUG -     gz_id=1001286 'mestitlan' score=1.000 nombre=False saint_only=True terr= phase=candidate
2026-07-02 17:51:23 - matching_padroncharcas - DEBUG -     gz_id=1001290 'mimiahuaco' score=1.000 nombre=False saint_only=True terr= phase=candidate
2026-07-02 17:51:23 - matching_padroncharcas - DEBUG -     gz_id=1001290 'mimiahuaco' score=1.000 nombre=False saint_only=True terr= phase=candidate
2026-07-02 17:51:23 - matching_padroncharcas - DEBUG -     gz_id=1001299 'papaxtla' score=1.000 nombre=False saint_only=True terr= phase=candidate
2026-07-02 17:51:23 - matching_padroncharcas - DEBUG -     gz_id=1001299 'papaxtla' score=1.000 nombre=False saint_only=True terr= phase=candidate
2026-07-02 17:51:23 - matching_padroncharcas - DEBUG -     gz_id=1001333 'tlala' score=1.000 nombre=False saint_only=True terr= phase=candidate
2026-07-02 17:51:23 - matching_padroncharcas - DEBUG -     gz_id=1001333 'tlala' score=1.000 nombre=False saint_only=True terr= phase=candidate
2026-07-02 17:51:23 - matching_padroncharcas - DEBUG -     gz_id=1001338 'tlatepeje' score=1.000 nombre=False saint_only=True terr= phase=candidate
2026-07-02 17:51:23 - matching_padroncharcas - DEBUG -     gz_id=1001338 'tlatepeje' score=1.000 nombre=False saint_only=True terr= phase=candidate
2026-07-02 17:51:23 - matching_padroncharcas - DEBUG -     gz_id=1001339 'tlacintla' score=1.000 nombre=False saint_only=True terr= phase=candidate
2026-07-02 17:51:23 - matching_padroncharcas - DEBUG -     gz_id=1001339 'tlacintla' score=1.000 nombre=False saint_only=True terr= phase=candidate
2026-07-02 17:51:23 - matching_padroncharcas - DEBUG -     gz_id=1001341 'tochintla' score=1.000 nombre=False saint_only=True terr= phase=candidate
2026-07-02 17:51:23 - matching_padroncharcas - DEBUG -     gz_id=1001341 'tochintla' score=1.000 nombre=False saint_only=True terr= phase=candidate
2026-07-02 17:51:23 - matching_padroncharcas - DEBUG -     gz_id=1001346 'cincoatlan' score=1.000 nombre=False saint_only=True terr= phase=candidate
2026-07-02 17:51:23 - matching_padroncharcas - DEBUG -     gz_id=1001346 'cincoatlan' score=1.000 nombre=False saint_only=True terr= phase=candidate
2026-07-02 17:51:23 - matching_padroncharcas - DEBUG -     gz_id=9900906 'cascajal' score=1.000 nombre=False saint_only=True terr= phase=candidate
2026-07-02 17:51:23 - matching_padroncharcas - DEBUG -     gz_id=9900906 'cascajal' score=1.000 nombre=False saint_only=True terr= phase=candidate
2026-07-02 17:51:23 - matching_padroncharcas - DEBUG -     gz_id=9900913 'san juan capistrano' score=1.000 nombre=False saint_only=True terr= phase=candidate
2026-07-02 17:51:23 - matching_padroncharcas - DEBUG -     gz_id=1001358 'sascala' score=1.000 nombre=False saint_only=True terr= phase=candidate
2026-07-02 17:51:23 - matching_padroncharcas - DEBUG -     gz_id=1001358 'sascala' score=1.000 nombre=False saint_only=True terr= phase=candidate
2026-07-02 17:51:23 - matching_padroncharcas - DEBUG -     gz_id=1001363 'culhuacan' score=1.000 nombre=False saint_only=True terr= phase=candidate
2026-07-02 17:51:23 - matching_padroncharcas - DEBUG -     gz_id=1001363 'culhuacan' score=1.000 nombre=False saint_only=True terr= phase=candidate
2026-07-02 17:51:23 - matching_padroncharcas - DEBUG -     gz_id=9900923 'san juan' score=1.000 nombre=False saint_only=True terr= phase=candidate
2026-07-02 17:51:23 - matching_padroncharcas - DEBUG -     gz_id=1001370 'tenochtitlan' score=1.000 nombre=False saint_only=True terr= phase=candidate
2026-07-02 17:51:23 - matching_padroncharcas - DEBUG -     gz_id=1001370 'tenochtitlan' score=1.000 nombre=False saint_only=True terr= phase=candidate
2026-07-02 17:51:23 - matching_padroncharcas - DEBUG -     gz_id=1001391 'tolcaiuca' score=1.000 nombre=False saint_only=True terr= phase=candidate
2026-07-02 17:51:23 - matching_padroncharcas - DEBUG -     gz_id=1001391 'tolcaiuca' score=1.000 nombre=False saint_only=True terr= phase=candidate
2026-07-02 17:51:23 - matching_padroncharcas - DEBUG -     gz_id=1001396 'dehedo' score=1.000 nombre=False saint_only=True terr= phase=candidate
2026-07-02 17:51:23 - matching_padroncharcas - DEBUG -     gz_id=1001396 'dehedo' score=1.000 nombre=False saint_only=True terr= phase=candidate
2026-07-02 17:51:23 - matching_padroncharcas - DEBUG -     gz_id=1001401 'san juan rio' score=1.000 nombre=False saint_only=True terr= phase=candidate
2026-07-02 17:51:23 - matching_padroncharcas - DEBUG -     gz_id=1001401 'san juan rio' score=1.000 nombre=False saint_only=True terr= phase=candidate
2026-07-02 17:51:23 - matching_padroncharcas - DEBUG -     gz_id=1001447 'tilcacan' score=1.000 nombre=False saint_only=True terr= phase=candidate
2026-07-02 17:51:23 - matching_padroncharcas - DEBUG -     gz_id=1001447 'tilcacan' score=1.000 nombre=False saint_only=True terr= phase=candidate
2026-07-02 17:51:23 - matching_padroncharcas - DEBUG -     gz_id=1001460 'chontalcoatlan' score=1.000 nombre=False saint_only=True terr= phase=candidate
2026-07-02 17:51:23 - matching_padroncharcas - DEBUG -     gz_id=1001460 'chontalcoatlan' score=1.000 nombre=False saint_only=True terr= phase=candidate
2026-07-02 17:51:23 - matching_padroncharcas - DEBUG -     gz_id=1001462 'coxcatlan' score=1.000 nombre=False saint_only=True terr= phase=candidate
2026-07-02 17:51:23 - matching_padroncharcas - DEBUG -     gz_id=1001462 'coxcatlan' score=1.000 nombre=False saint_only=True terr= phase=candidate
2026-07-02 17:51:23 - matching_padroncharcas - DEBUG -     gz_id=1001481 'acamuchitlan' score=1.000 nombre=False saint_only=True terr= phase=candidate
2026-07-02 17:51:23 - matching_padroncharcas - DEBUG -     gz_id=1001481 'acamuchitlan' score=1.000 nombre=False saint_only=True terr= phase=candidate
2026-07-02 17:51:23 - matching_padroncharcas - DEBUG -     gz_id=1001482 'acatitlan' score=1.000 nombre=False saint_only=True terr= phase=candidate
2026-07-02 17:51:23 - matching_padroncharcas - DEBUG -     gz_id=1001482 'acatitlan' score=1.000 nombre=False saint_only=True terr= phase=candidate
2026-07-02 17:51:23 - matching_padroncharcas - DEBUG -     gz_id=1001490 'atescapan' score=1.000 nombre=False saint_only=True terr= phase=candidate
2026-07-02 17:51:23 - matching_padroncharcas - DEBUG -     gz_id=1001490 'atescapan' score=1.000 nombre=False saint_only=True terr= phase=candidate
2026-07-02 17:51:23 - matching_padroncharcas - DEBUG -     gz_id=1001527 'tetitlan' score=1.000 nombre=False saint_only=True terr= phase=candidate
2026-07-02 17:51:23 - matching_padroncharcas - DEBUG -     gz_id=1001527 'tetitlan' score=1.000 nombre=False saint_only=True terr= phase=candidate
2026-07-02 17:51:23 - matching_padroncharcas - DEBUG -     gz_id=1001527 'tetitlan' score=1.000 nombre=False saint_only=True terr= phase=candidate
2026-07-02 17:51:23 - matching_padroncharcas - DEBUG -     gz_id=1001527 'tetitlan' score=1.000 nombre=False saint_only=True terr= phase=candidate
2026-07-02 17:51:23 - matching_padroncharcas - DEBUG -     gz_id=1001532 'sacasonapan' score=1.000 nombre=False saint_only=True terr= phase=candidate
2026-07-02 17:51:23 - matching_padroncharcas - DEBUG -     gz_id=1001532 'sacasonapan' score=1.000 nombre=False saint_only=True terr= phase=candidate
2026-07-02 17:51:23 - matching_padroncharcas - DEBUG -     gz_id=9901077 'san juan' score=1.000 nombre=True saint_only=False terr= phase=auto_adopt
2026-07-02 17:51:23 - matching_padroncharcas - DEBUG -     gz_id=9901077 'san juan' score=1.000 nombre=True saint_only=False terr= phase=auto_adopt
2026-07-02 17:51:23 - matching_padroncharcas - DEBUG -     gz_id=9901077 'san juan' score=1.000 nombre=True saint_only=False terr= phase=auto_adopt
2026-07-02 17:51:23 - matching_padroncharcas - DEBUG -     gz_id=9901077 'san juan' score=1.000 nombre=True saint_only=False terr= phase=auto_adopt
2026-07-02 17:51:23 - matching_padroncharcas - DEBUG -     gz_id=9901077 'san juan' score=1.000 nombre=True saint_only=False terr= phase=auto_adopt
2026-07-02 17:51:23 - matching_padroncharcas - DEBUG -     gz_id=1001550 'coapanoia' score=1.000 nombre=False saint_only=True terr= phase=candidate
2026-07-02 17:51:23 - matching_padroncharcas - DEBUG -     gz_id=1001550 'coapanoia' score=1.000 nombre=False saint_only=True terr= phase=candidate
2026-07-02 17:51:23 - matching_padroncharcas - DEBUG -     gz_id=1001550 'coapanoia' score=1.000 nombre=False saint_only=True terr= phase=candidate
2026-07-02 17:51:23 - matching_padroncharcas - DEBUG -     gz_id=1001581 'jochiaca' score=1.000 nombre=False saint_only=True terr= phase=candidate
2026-07-02 17:51:23 - matching_padroncharcas - DEBUG -     gz_id=1001581 'jochiaca' score=1.000 nombre=False saint_only=True terr= phase=candidate
2026-07-02 17:51:23 - matching_padroncharcas - DEBUG -     gz_id=1001590 'teacalco' score=1.000 nombre=False saint_only=True terr= phase=candidate
2026-07-02 17:51:23 - matching_padroncharcas - DEBUG -     gz_id=1001590 'teacalco' score=1.000 nombre=False saint_only=True terr= phase=candidate
2026-07-02 17:51:23 - matching_padroncharcas - DEBUG -     gz_id=1001605 'tehuehuetla' score=1.000 nombre=False saint_only=True terr= phase=candidate
2026-07-02 17:51:23 - matching_padroncharcas - DEBUG -     gz_id=1001605 'tehuehuetla' score=1.000 nombre=False saint_only=True terr= phase=candidate
2026-07-02 17:51:23 - matching_padroncharcas - DEBUG -     gz_id=1001607 'tlalchapa' score=1.000 nombre=False saint_only=True terr= phase=candidate
2026-07-02 17:51:23 - matching_padroncharcas - DEBUG -     gz_id=1001607 'tlalchapa' score=1.000 nombre=False saint_only=True terr= phase=candidate
2026-07-02 17:51:23 - matching_padroncharcas - DEBUG -     gz_id=1001623 'tepatepec' score=1.000 nombre=False saint_only=True terr= phase=candidate
2026-07-02 17:51:23 - matching_padroncharcas - DEBUG -     gz_id=1001623 'tepatepec' score=1.000 nombre=False saint_only=True terr= phase=candidate
2026-07-02 17:51:23 - matching_padroncharcas - DEBUG -     gz_id=1001625 'tesontepec' score=1.000 nombre=False saint_only=True terr= phase=candidate
2026-07-02 17:51:23 - matching_padroncharcas - DEBUG -     gz_id=1001625 'tesontepec' score=1.000 nombre=False saint_only=True terr= phase=candidate
2026-07-02 17:51:23 - matching_padroncharcas - DEBUG -     gz_id=1001625 'tesontepec' score=1.000 nombre=False saint_only=True terr= phase=candidate
2026-07-02 17:51:23 - matching_padroncharcas - DEBUG -     gz_id=1001626 'tilcuautla' score=1.000 nombre=False saint_only=True terr= phase=candidate
2026-07-02 17:51:23 - matching_padroncharcas - DEBUG -     gz_id=1001626 'tilcuautla' score=1.000 nombre=False saint_only=True terr= phase=candidate
2026-07-02 17:51:23 - matching_padroncharcas - DEBUG -     gz_id=9901214 'san juan bautista' score=1.000 nombre=False saint_only=True terr= phase=candidate
2026-07-02 17:51:23 - matching_padroncharcas - DEBUG -     gz_id=9901214 'san juan bautista' score=1.000 nombre=False saint_only=True terr= phase=candidate
2026-07-02 17:51:23 - matching_padroncharcas - DEBUG -     gz_id=9901218 'san juan bautista' score=1.000 nombre=False saint_only=True terr= phase=candidate
2026-07-02 17:51:23 - matching_padroncharcas - DEBUG -     gz_id=9901218 'san juan bautista' score=1.000 nombre=False saint_only=True terr= phase=candidate
2026-07-02 17:51:23 - matching_padroncharcas - DEBUG -     gz_id=1001669 'tesontla' score=1.000 nombre=False saint_only=True terr= phase=candidate
2026-07-02 17:51:23 - matching_padroncharcas - DEBUG -     gz_id=1001669 'tesontla' score=1.000 nombre=False saint_only=True terr= phase=candidate
2026-07-02 17:51:23 - matching_padroncharcas - DEBUG -     gz_id=9901252 'suances' score=1.000 nombre=False saint_only=True terr= phase=candidate
2026-07-02 17:51:23 - matching_padroncharcas - DEBUG -     gz_id=9901252 'suances' score=1.000 nombre=False saint_only=True terr= phase=candidate
2026-07-02 17:51:23 - matching_padroncharcas - DEBUG -     gz_id=9901252 'suances' score=1.000 nombre=False saint_only=True terr= phase=candidate
2026-07-02 17:51:23 - matching_padroncharcas - DEBUG -     gz_id=1001691 'tetelcingo' score=1.000 nombre=False saint_only=True terr= phase=candidate
2026-07-02 17:51:23 - matching_padroncharcas - DEBUG -     gz_id=1001691 'tetelcingo' score=1.000 nombre=False saint_only=True terr= phase=candidate
2026-07-02 17:51:23 - matching_padroncharcas - DEBUG -     gz_id=1001692 'totolcintla' score=1.000 nombre=False saint_only=True terr= phase=candidate
2026-07-02 17:51:23 - matching_padroncharcas - DEBUG -     gz_id=1001692 'totolcintla' score=1.000 nombre=False saint_only=True terr= phase=candidate
2026-07-02 17:51:23 - matching_padroncharcas - DEBUG -     gz_id=9901272 'teotique' score=1.000 nombre=False saint_only=True terr= phase=candidate
2026-07-02 17:51:23 - matching_padroncharcas - DEBUG -     gz_id=9901272 'teotique' score=1.000 nombre=False saint_only=True terr= phase=candidate
2026-07-02 17:51:23 - matching_padroncharcas - DEBUG -     gz_id=1001710 'san juan bautista' score=1.000 nombre=False saint_only=True terr= phase=candidate
2026-07-02 17:51:23 - matching_padroncharcas - DEBUG -     gz_id=1001710 'san juan bautista' score=1.000 nombre=False saint_only=True terr= phase=candidate
2026-07-02 17:51:23 - matching_padroncharcas - DEBUG -     gz_id=1001710 'san juan bautista' score=1.000 nombre=False saint_only=True terr= phase=candidate
2026-07-02 17:51:23 - matching_padroncharcas - DEBUG -     gz_id=1001710 'san juan bautista' score=1.000 nombre=False saint_only=True terr= phase=candidate
2026-07-02 17:51:23 - matching_padroncharcas - DEBUG -     gz_id=1001725 'michimaloia' score=1.000 nombre=False saint_only=True terr= phase=candidate
2026-07-02 17:51:23 - matching_padroncharcas - DEBUG -     gz_id=1001725 'michimaloia' score=1.000 nombre=False saint_only=True terr= phase=candidate
2026-07-02 17:51:23 - matching_padroncharcas - DEBUG -     gz_id=1001725 'michimaloia' score=1.000 nombre=False saint_only=True terr= phase=candidate
2026-07-02 17:51:23 - matching_padroncharcas - DEBUG -     gz_id=9901308 'san juan' score=1.000 nombre=False saint_only=True terr= phase=candidate
2026-07-02 17:51:23 - matching_padroncharcas - DEBUG -     gz_id=9901308 'san juan' score=1.000 nombre=False saint_only=True terr= phase=candidate
2026-07-02 17:51:23 - matching_padroncharcas - DEBUG -     gz_id=9901308 'san juan' score=1.000 nombre=False saint_only=True terr= phase=candidate
2026-07-02 17:51:23 - matching_padroncharcas - DEBUG -     gz_id=9901308 'san juan' score=1.000 nombre=False saint_only=True terr= phase=candidate
2026-07-02 17:51:23 - matching_padroncharcas - DEBUG -     gz_id=9910001 'tianhuistongo' score=1.000 nombre=False saint_only=True terr= phase=candidate
2026-07-02 17:51:23 - matching_padroncharcas - DEBUG -     gz_id=9910001 'tianhuistongo' score=1.000 nombre=False saint_only=True terr= phase=candidate
2026-07-02 17:51:23 - matching_padroncharcas - DEBUG -     gz_id=1001754 'huasca' score=1.000 nombre=False saint_only=True terr= phase=candidate
2026-07-02 17:51:23 - matching_padroncharcas - DEBUG -     gz_id=1001754 'huasca' score=1.000 nombre=False saint_only=True terr= phase=candidate
2026-07-02 17:51:23 - matching_padroncharcas - DEBUG -     gz_id=1001771 'san juan' score=1.000 nombre=False saint_only=True terr= phase=candidate
2026-07-02 17:51:23 - matching_padroncharcas - DEBUG -     gz_id=1001771 'san juan' score=1.000 nombre=False saint_only=True terr= phase=candidate
2026-07-02 17:51:23 - matching_padroncharcas - DEBUG -     gz_id=1001772 'san juan' score=1.000 nombre=False saint_only=True terr= phase=candidate
2026-07-02 17:51:23 - matching_padroncharcas - DEBUG -     gz_id=1001772 'san juan' score=1.000 nombre=False saint_only=True terr= phase=candidate
2026-07-02 17:51:23 - matching_padroncharcas - DEBUG -     gz_id=1001808 'ixtaiopan' score=1.000 nombre=False saint_only=True terr= phase=candidate
2026-07-02 17:51:23 - matching_padroncharcas - DEBUG -     gz_id=1001808 'ixtaiopan' score=1.000 nombre=False saint_only=True terr= phase=candidate
2026-07-02 17:51:23 - matching_padroncharcas - DEBUG -     gz_id=1001816 'tepenahuac' score=1.000 nombre=False saint_only=True terr= phase=candidate
2026-07-02 17:51:23 - matching_padroncharcas - DEBUG -     gz_id=1001816 'tepenahuac' score=1.000 nombre=False saint_only=True terr= phase=candidate
2026-07-02 17:51:23 - matching_padroncharcas - DEBUG -     gz_id=1001830 'ahuacatlan' score=1.000 nombre=False saint_only=True terr= phase=candidate
2026-07-02 17:51:23 - matching_padroncharcas - DEBUG -     gz_id=1001830 'ahuacatlan' score=1.000 nombre=False saint_only=True terr= phase=candidate
2026-07-02 17:51:23 - matching_padroncharcas - DEBUG -     gz_id=1001830 'ahuacatlan' score=1.000 nombre=False saint_only=True terr= phase=candidate
2026-07-02 17:51:23 - matching_padroncharcas - DEBUG -     gz_id=1001834 'chalchocotla' score=1.000 nombre=False saint_only=True terr= phase=candidate
2026-07-02 17:51:23 - matching_padroncharcas - DEBUG -     gz_id=1001834 'chalchocotla' score=1.000 nombre=False saint_only=True terr= phase=candidate
2026-07-02 17:51:23 - matching_padroncharcas - DEBUG -     gz_id=1001840 'huautla' score=1.000 nombre=False saint_only=True terr= phase=candidate
2026-07-02 17:51:23 - matching_padroncharcas - DEBUG -     gz_id=1001840 'huautla' score=1.000 nombre=False saint_only=True terr= phase=candidate
2026-07-02 17:51:23 - matching_padroncharcas - DEBUG -     gz_id=1001848 'pauchila' score=1.000 nombre=False saint_only=True terr= phase=candidate
2026-07-02 17:51:23 - matching_padroncharcas - DEBUG -     gz_id=1001848 'pauchila' score=1.000 nombre=False saint_only=True terr= phase=candidate
2026-07-02 17:51:23 - matching_padroncharcas - DEBUG -     gz_id=1001848 'pauchila' score=1.000 nombre=False saint_only=True terr= phase=candidate
2026-07-02 17:51:23 - matching_padroncharcas - DEBUG -     gz_id=1001871 'acapetlahuaia' score=1.000 nombre=False saint_only=True terr= phase=candidate
2026-07-02 17:51:23 - matching_padroncharcas - DEBUG -     gz_id=1001871 'acapetlahuaia' score=1.000 nombre=False saint_only=True terr= phase=candidate
2026-07-02 17:51:23 - matching_padroncharcas - DEBUG -     gz_id=1001871 'acapetlahuaia' score=1.000 nombre=False saint_only=True terr= phase=candidate
2026-07-02 17:51:23 - matching_padroncharcas - DEBUG -     gz_id=1001875 'alahuixtlan' score=1.000 nombre=False saint_only=True terr= phase=candidate
2026-07-02 17:51:23 - matching_padroncharcas - DEBUG -     gz_id=1001875 'alahuixtlan' score=1.000 nombre=False saint_only=True terr= phase=candidate
2026-07-02 17:51:23 - matching_padroncharcas - DEBUG -     gz_id=1001875 'alahuixtlan' score=1.000 nombre=False saint_only=True terr= phase=candidate
2026-07-02 17:51:23 - matching_padroncharcas - DEBUG -     gz_id=1001879 'chapa' score=1.000 nombre=False saint_only=True terr= phase=candidate
2026-07-02 17:51:23 - matching_padroncharcas - DEBUG -     gz_id=1001879 'chapa' score=1.000 nombre=False saint_only=True terr= phase=candidate
2026-07-02 17:51:23 - matching_padroncharcas - DEBUG -     gz_id=1001879 'chapa' score=1.000 nombre=False saint_only=True terr= phase=candidate
2026-07-02 17:51:23 - matching_padroncharcas - DEBUG -     gz_id=1001884 'cuesala' score=1.000 nombre=False saint_only=True terr= phase=candidate
2026-07-02 17:51:23 - matching_padroncharcas - DEBUG -     gz_id=1001884 'cuesala' score=1.000 nombre=False saint_only=True terr= phase=candidate
2026-07-02 17:51:23 - matching_padroncharcas - DEBUG -     gz_id=1001884 'cuesala' score=1.000 nombre=False saint_only=True terr= phase=candidate
2026-07-02 17:51:23 - matching_padroncharcas - DEBUG -     gz_id=1001905 'san juan bautista sacualpan' score=1.000 nombre=False saint_only=True terr= phase=candidate
2026-07-02 17:51:23 - matching_padroncharcas - DEBUG -     gz_id=1001905 'san juan bautista sacualpan' score=1.000 nombre=False saint_only=True terr= phase=candidate
2026-07-02 17:51:23 - matching_padroncharcas - DEBUG -     gz_id=1001916 'tisahuapan' score=1.000 nombre=False saint_only=True terr= phase=candidate
2026-07-02 17:51:23 - matching_padroncharcas - DEBUG -     gz_id=1001916 'tisahuapan' score=1.000 nombre=False saint_only=True terr= phase=candidate
2026-07-02 17:51:23 - matching_padroncharcas - DEBUG -     gz_id=1001934 'citlaltepec' score=1.000 nombre=False saint_only=True terr= phase=candidate
2026-07-02 17:51:23 - matching_padroncharcas - DEBUG -     gz_id=1001934 'citlaltepec' score=1.000 nombre=False saint_only=True terr= phase=candidate
2026-07-02 17:51:23 - matching_padroncharcas - DEBUG -     gz_id=1001944 'san juan platanos' score=1.000 nombre=False saint_only=True terr= phase=candidate
2026-07-02 17:51:23 - matching_padroncharcas - DEBUG -     gz_id=1001944 'san juan platanos' score=1.000 nombre=False saint_only=True terr= phase=candidate
2026-07-02 17:51:23 - matching_padroncharcas - DEBUG -     gz_id=1001944 'san juan platanos' score=1.000 nombre=False saint_only=True terr= phase=candidate
2026-07-02 17:51:23 - matching_padroncharcas - DEBUG -     gz_id=1001965 'comanja' score=1.000 nombre=False saint_only=True terr= phase=candidate
2026-07-02 17:51:23 - matching_padroncharcas - DEBUG -     gz_id=1001965 'comanja' score=1.000 nombre=False saint_only=True terr= phase=candidate
2026-07-02 17:51:23 - matching_padroncharcas - DEBUG -     gz_id=1001965 'comanja' score=1.000 nombre=False saint_only=True terr= phase=candidate
2026-07-02 17:51:23 - matching_padroncharcas - DEBUG -     gz_id=1001965 'comanja' score=1.000 nombre=False saint_only=True terr= phase=candidate
2026-07-02 17:51:23 - matching_padroncharcas - DEBUG -     gz_id=1001978 'tararameo' score=1.000 nombre=False saint_only=True terr= phase=candidate
2026-07-02 17:51:23 - matching_padroncharcas - DEBUG -     gz_id=1001978 'tararameo' score=1.000 nombre=False saint_only=True terr= phase=candidate
2026-07-02 17:51:23 - matching_padroncharcas - DEBUG -     gz_id=1001985 'tumbio' score=1.000 nombre=False saint_only=True terr= phase=candidate
2026-07-02 17:51:23 - matching_padroncharcas - DEBUG -     gz_id=1001985 'tumbio' score=1.000 nombre=False saint_only=True terr= phase=candidate
2026-07-02 17:51:23 - matching_padroncharcas - DEBUG -     gz_id=1001985 'tumbio' score=1.000 nombre=False saint_only=True terr= phase=candidate
2026-07-02 17:51:23 - matching_padroncharcas - DEBUG -     gz_id=1001985 'tumbio' score=1.000 nombre=False saint_only=True terr= phase=candidate
2026-07-02 17:51:23 - matching_padroncharcas - DEBUG -     gz_id=1001998 'pungarabato' score=1.000 nombre=False saint_only=True terr= phase=candidate
2026-07-02 17:51:23 - matching_padroncharcas - DEBUG -     gz_id=1001998 'pungarabato' score=1.000 nombre=False saint_only=True terr= phase=candidate
2026-07-02 17:51:23 - matching_padroncharcas - DEBUG -     gz_id=1001998 'pungarabato' score=1.000 nombre=False saint_only=True terr= phase=candidate
2026-07-02 17:51:23 - matching_padroncharcas - DEBUG -     gz_id=1002010 'pamatacuaro' score=1.000 nombre=False saint_only=True terr= phase=candidate
2026-07-02 17:51:23 - matching_padroncharcas - DEBUG -     gz_id=1002010 'pamatacuaro' score=1.000 nombre=False saint_only=True terr= phase=candidate
2026-07-02 17:51:23 - matching_padroncharcas - DEBUG -     gz_id=1002010 'pamatacuaro' score=1.000 nombre=False saint_only=True terr= phase=candidate
2026-07-02 17:51:23 - matching_padroncharcas - DEBUG -     gz_id=1002010 'pamatacuaro' score=1.000 nombre=False saint_only=True terr= phase=candidate
2026-07-02 17:51:23 - matching_padroncharcas - DEBUG -     gz_id=1002010 'pamatacuaro' score=1.000 nombre=False saint_only=True terr= phase=candidate
2026-07-02 17:51:23 - matching_padroncharcas - DEBUG -     gz_id=1002012 'san juan periban' score=1.000 nombre=False saint_only=True terr= phase=candidate
2026-07-02 17:51:23 - matching_padroncharcas - DEBUG -     gz_id=1002012 'san juan periban' score=1.000 nombre=False saint_only=True terr= phase=candidate
2026-07-02 17:51:23 - matching_padroncharcas - DEBUG -     gz_id=1002080 'tlalpujahuilla' score=1.000 nombre=False saint_only=True terr= phase=candidate
2026-07-02 17:51:23 - matching_padroncharcas - DEBUG -     gz_id=1002080 'tlalpujahuilla' score=1.000 nombre=False saint_only=True terr= phase=candidate
2026-07-02 17:51:23 - matching_padroncharcas - DEBUG -     gz_id=1002083 'carapan' score=1.000 nombre=False saint_only=True terr= phase=candidate
2026-07-02 17:51:23 - matching_padroncharcas - DEBUG -     gz_id=1002083 'carapan' score=1.000 nombre=False saint_only=True terr= phase=candidate
2026-07-02 17:51:23 - matching_padroncharcas - DEBUG -     gz_id=1002083 'carapan' score=1.000 nombre=False saint_only=True terr= phase=candidate
2026-07-02 17:51:23 - matching_padroncharcas - DEBUG -     gz_id=1002090 'penjamillo' score=1.000 nombre=False saint_only=True terr= phase=candidate
2026-07-02 17:51:23 - matching_padroncharcas - DEBUG -     gz_id=1002090 'penjamillo' score=1.000 nombre=False saint_only=True terr= phase=candidate
2026-07-02 17:51:23 - matching_padroncharcas - DEBUG -     gz_id=1002104 'parangaricutiro' score=1.000 nombre=False saint_only=True terr= phase=candidate
2026-07-02 17:51:23 - matching_padroncharcas - DEBUG -     gz_id=1002104 'parangaricutiro' score=1.000 nombre=False saint_only=True terr= phase=candidate
2026-07-02 17:51:23 - matching_padroncharcas - DEBUG -     gz_id=1002104 'parangaricutiro' score=1.000 nombre=False saint_only=True terr= phase=candidate
2026-07-02 17:51:23 - matching_padroncharcas - DEBUG -     gz_id=1002141 'iurecuaro' score=1.000 nombre=False saint_only=True terr= phase=candidate
2026-07-02 17:51:23 - matching_padroncharcas - DEBUG -     gz_id=1002141 'iurecuaro' score=1.000 nombre=False saint_only=True terr= phase=candidate
2026-07-02 17:51:23 - matching_padroncharcas - DEBUG -     gz_id=1002141 'iurecuaro' score=1.000 nombre=False saint_only=True terr= phase=candidate
2026-07-02 17:51:23 - matching_padroncharcas - DEBUG -     gz_id=1002156 'marabatio' score=1.000 nombre=False saint_only=True terr= phase=candidate
2026-07-02 17:51:23 - matching_padroncharcas - DEBUG -     gz_id=1002156 'marabatio' score=1.000 nombre=False saint_only=True terr= phase=candidate
2026-07-02 17:51:23 - matching_padroncharcas - DEBUG -     gz_id=1002156 'marabatio' score=1.000 nombre=False saint_only=True terr= phase=candidate
2026-07-02 17:51:23 - matching_padroncharcas - DEBUG -     gz_id=1002186 'mesquitic' score=1.000 nombre=False saint_only=True terr= phase=candidate
2026-07-02 17:51:23 - matching_padroncharcas - DEBUG -     gz_id=1002186 'mesquitic' score=1.000 nombre=False saint_only=True terr= phase=candidate
2026-07-02 17:51:23 - matching_padroncharcas - DEBUG -     gz_id=1002186 'mesquitic' score=1.000 nombre=False saint_only=True terr= phase=candidate
2026-07-02 17:51:23 - matching_padroncharcas - DEBUG -     gz_id=1002207 'peiotan' score=1.000 nombre=False saint_only=True terr= phase=candidate
2026-07-02 17:51:23 - matching_padroncharcas - DEBUG -     gz_id=1002207 'peiotan' score=1.000 nombre=False saint_only=True terr= phase=candidate
2026-07-02 17:51:23 - matching_padroncharcas - DEBUG -     gz_id=1002207 'peiotan' score=1.000 nombre=False saint_only=True terr= phase=candidate
2026-07-02 17:51:23 - matching_padroncharcas - DEBUG -     gz_id=1002207 'peiotan' score=1.000 nombre=False saint_only=True terr= phase=candidate
2026-07-02 17:51:23 - matching_padroncharcas - DEBUG -     gz_id=1002218 'atatlahuca' score=1.000 nombre=False saint_only=True terr= phase=candidate
2026-07-02 17:51:23 - matching_padroncharcas - DEBUG -     gz_id=1002218 'atatlahuca' score=1.000 nombre=False saint_only=True terr= phase=candidate
2026-07-02 17:51:23 - matching_padroncharcas - DEBUG -     gz_id=1002218 'atatlahuca' score=1.000 nombre=False saint_only=True terr= phase=candidate
2026-07-02 17:51:23 - matching_padroncharcas - DEBUG -     gz_id=1002234 'jaiacatlan' score=1.000 nombre=False saint_only=True terr= phase=candidate
2026-07-02 17:51:23 - matching_padroncharcas - DEBUG -     gz_id=1002234 'jaiacatlan' score=1.000 nombre=False saint_only=True terr= phase=candidate
2026-07-02 17:51:23 - matching_padroncharcas - DEBUG -     gz_id=1002234 'jaiacatlan' score=1.000 nombre=False saint_only=True terr= phase=candidate
2026-07-02 17:51:23 - matching_padroncharcas - DEBUG -     gz_id=1002237 'logolaba' score=1.000 nombre=False saint_only=True terr= phase=candidate
2026-07-02 17:51:23 - matching_padroncharcas - DEBUG -     gz_id=1002237 'logolaba' score=1.000 nombre=False saint_only=True terr= phase=candidate
2026-07-02 17:51:23 - matching_padroncharcas - DEBUG -     gz_id=1002255 'quiotepec' score=1.000 nombre=False saint_only=True terr= phase=candidate
2026-07-02 17:51:23 - matching_padroncharcas - DEBUG -     gz_id=1002255 'quiotepec' score=1.000 nombre=False saint_only=True terr= phase=candidate
2026-07-02 17:51:23 - matching_padroncharcas - DEBUG -     gz_id=1002255 'quiotepec' score=1.000 nombre=False saint_only=True terr= phase=candidate
2026-07-02 17:51:23 - matching_padroncharcas - DEBUG -     gz_id=1002266 'san juan sosola' score=1.000 nombre=False saint_only=True terr= phase=candidate
2026-07-02 17:51:23 - matching_padroncharcas - DEBUG -     gz_id=1002266 'san juan sosola' score=1.000 nombre=False saint_only=True terr= phase=candidate
2026-07-02 17:51:23 - matching_padroncharcas - DEBUG -     gz_id=1002286 'barrio san juan dios' score=1.000 nombre=False saint_only=True terr= phase=candidate
2026-07-02 17:51:23 - matching_padroncharcas - DEBUG -     gz_id=1002286 'barrio san juan dios' score=1.000 nombre=False saint_only=True terr= phase=candidate
2026-07-02 17:51:23 - matching_padroncharcas - DEBUG -     gz_id=1002286 'barrio san juan dios' score=1.000 nombre=False saint_only=True terr= phase=candidate
2026-07-02 17:51:23 - matching_padroncharcas - DEBUG -     gz_id=1002286 'barrio san juan dios' score=1.000 nombre=False saint_only=True terr= phase=candidate
2026-07-02 17:51:23 - matching_padroncharcas - DEBUG -     gz_id=1002289 'chilateca' score=1.000 nombre=False saint_only=True terr= phase=candidate
2026-07-02 17:51:23 - matching_padroncharcas - DEBUG -     gz_id=1002289 'chilateca' score=1.000 nombre=False saint_only=True terr= phase=candidate
2026-07-02 17:51:23 - matching_padroncharcas - DEBUG -     gz_id=1002289 'chilateca' score=1.000 nombre=False saint_only=True terr= phase=candidate
2026-07-02 17:51:23 - matching_padroncharcas - DEBUG -     gz_id=1002289 'chilateca' score=1.000 nombre=False saint_only=True terr= phase=candidate
2026-07-02 17:51:23 - matching_padroncharcas - DEBUG -     gz_id=1002301 'huelache' score=1.000 nombre=False saint_only=True terr= phase=candidate
2026-07-02 17:51:23 - matching_padroncharcas - DEBUG -     gz_id=1002301 'huelache' score=1.000 nombre=False saint_only=True terr= phase=candidate
2026-07-02 17:51:23 - matching_padroncharcas - DEBUG -     gz_id=1002301 'huelache' score=1.000 nombre=False saint_only=True terr= phase=candidate
2026-07-02 17:51:23 - matching_padroncharcas - DEBUG -     gz_id=1002301 'huelache' score=1.000 nombre=False saint_only=True terr= phase=candidate
2026-07-02 17:51:23 - matching_padroncharcas - DEBUG -     gz_id=1002342 'diquiiu' score=1.000 nombre=False saint_only=True terr= phase=candidate
2026-07-02 17:51:23 - matching_padroncharcas - DEBUG -     gz_id=1002342 'diquiiu' score=1.000 nombre=False saint_only=True terr= phase=candidate
2026-07-02 17:51:23 - matching_padroncharcas - DEBUG -     gz_id=1002347 'huaxtepec' score=1.000 nombre=False saint_only=True terr= phase=candidate
2026-07-02 17:51:23 - matching_padroncharcas - DEBUG -     gz_id=1002347 'huaxtepec' score=1.000 nombre=False saint_only=True terr= phase=candidate
2026-07-02 17:51:23 - matching_padroncharcas - DEBUG -     gz_id=1002348 'ihualtepec' score=1.000 nombre=False saint_only=True terr= phase=candidate
2026-07-02 17:51:23 - matching_padroncharcas - DEBUG -     gz_id=1002348 'ihualtepec' score=1.000 nombre=False saint_only=True terr= phase=candidate
2026-07-02 17:51:23 - matching_padroncharcas - DEBUG -     gz_id=1002351 'joluxtla' score=1.000 nombre=False saint_only=True terr= phase=candidate
2026-07-02 17:51:23 - matching_padroncharcas - DEBUG -     gz_id=1002351 'joluxtla' score=1.000 nombre=False saint_only=True terr= phase=candidate
2026-07-02 17:51:23 - matching_padroncharcas - DEBUG -     gz_id=1002358 'nochixtlan' score=1.000 nombre=False saint_only=True terr= phase=candidate
2026-07-02 17:51:23 - matching_padroncharcas - DEBUG -     gz_id=1002358 'nochixtlan' score=1.000 nombre=False saint_only=True terr= phase=candidate
2026-07-02 17:51:23 - matching_padroncharcas - DEBUG -     gz_id=1002373 'suchitepec' score=1.000 nombre=False saint_only=True terr= phase=candidate
2026-07-02 17:51:23 - matching_padroncharcas - DEBUG -     gz_id=1002373 'suchitepec' score=1.000 nombre=False saint_only=True terr= phase=candidate
2026-07-02 17:51:23 - matching_padroncharcas - DEBUG -     gz_id=1002376 'tesoatlan' score=1.000 nombre=False saint_only=True terr= phase=candidate
2026-07-02 17:51:23 - matching_padroncharcas - DEBUG -     gz_id=1002376 'tesoatlan' score=1.000 nombre=False saint_only=True terr= phase=candidate
2026-07-02 17:51:23 - matching_padroncharcas - DEBUG -     gz_id=1002378 'tlachichilco' score=1.000 nombre=False saint_only=True terr= phase=candidate
2026-07-02 17:51:23 - matching_padroncharcas - DEBUG -     gz_id=1002378 'tlachichilco' score=1.000 nombre=False saint_only=True terr= phase=candidate
2026-07-02 17:51:23 - matching_padroncharcas - DEBUG -     gz_id=1002394 'alotepec' score=1.000 nombre=False saint_only=True terr= phase=candidate
2026-07-02 17:51:23 - matching_padroncharcas - DEBUG -     gz_id=1002394 'alotepec' score=1.000 nombre=False saint_only=True terr= phase=candidate
2026-07-02 17:51:23 - matching_padroncharcas - DEBUG -     gz_id=1002394 'alotepec' score=1.000 nombre=False saint_only=True terr= phase=candidate
2026-07-02 17:51:23 - matching_padroncharcas - DEBUG -     gz_id=1002394 'alotepec' score=1.000 nombre=False saint_only=True terr= phase=candidate
2026-07-02 17:51:23 - matching_padroncharcas - DEBUG -     gz_id=1002394 'alotepec' score=1.000 nombre=False saint_only=True terr= phase=candidate
2026-07-02 17:51:23 - matching_padroncharcas - DEBUG -     gz_id=1002394 'alotepec' score=1.000 nombre=False saint_only=True terr= phase=candidate
2026-07-02 17:51:23 - matching_padroncharcas - DEBUG -     gz_id=1002394 'alotepec' score=1.000 nombre=False saint_only=True terr= phase=candidate
2026-07-02 17:51:23 - matching_padroncharcas - DEBUG -     gz_id=1002394 'alotepec' score=1.000 nombre=False saint_only=True terr= phase=candidate
2026-07-02 17:51:23 - matching_padroncharcas - DEBUG -     gz_id=1002409 'san juan rei' score=1.000 nombre=False saint_only=True terr= phase=candidate
2026-07-02 17:51:23 - matching_padroncharcas - DEBUG -     gz_id=1002409 'san juan rei' score=1.000 nombre=False saint_only=True terr= phase=candidate
2026-07-02 17:51:23 - matching_padroncharcas - DEBUG -     gz_id=1002429 'aiutla' score=1.000 nombre=False saint_only=True terr= phase=candidate
2026-07-02 17:51:23 - matching_padroncharcas - DEBUG -     gz_id=1002429 'aiutla' score=1.000 nombre=False saint_only=True terr= phase=candidate
2026-07-02 17:51:23 - matching_padroncharcas - DEBUG -     gz_id=1002430 'cacahuatepec' score=1.000 nombre=False saint_only=True terr= phase=candidate
2026-07-02 17:51:23 - matching_padroncharcas - DEBUG -     gz_id=1002430 'cacahuatepec' score=1.000 nombre=False saint_only=True terr= phase=candidate
2026-07-02 17:51:23 - matching_padroncharcas - DEBUG -     gz_id=1002443 'san juan jicaian' score=1.000 nombre=False saint_only=True terr= phase=candidate
2026-07-02 17:51:23 - matching_padroncharcas - DEBUG -     gz_id=1002443 'san juan jicaian' score=1.000 nombre=False saint_only=True terr= phase=candidate
2026-07-02 17:51:23 - matching_padroncharcas - DEBUG -     gz_id=1002448 'lachao' score=1.000 nombre=False saint_only=True terr= phase=candidate
2026-07-02 17:51:23 - matching_padroncharcas - DEBUG -     gz_id=1002448 'lachao' score=1.000 nombre=False saint_only=True terr= phase=candidate
2026-07-02 17:51:23 - matching_padroncharcas - DEBUG -     gz_id=1002456 'quiahije' score=1.000 nombre=False saint_only=True terr= phase=candidate
2026-07-02 17:51:23 - matching_padroncharcas - DEBUG -     gz_id=1002456 'quiahije' score=1.000 nombre=False saint_only=True terr= phase=candidate
2026-07-02 17:51:23 - matching_padroncharcas - DEBUG -     gz_id=1002479 'iucua' score=1.000 nombre=False saint_only=True terr= phase=candidate
2026-07-02 17:51:23 - matching_padroncharcas - DEBUG -     gz_id=1002479 'iucua' score=1.000 nombre=False saint_only=True terr= phase=candidate
2026-07-02 17:51:23 - matching_padroncharcas - DEBUG -     gz_id=1002483 'ixpantepec niebes' score=1.000 nombre=False saint_only=True terr= phase=candidate
2026-07-02 17:51:23 - matching_padroncharcas - DEBUG -     gz_id=1002483 'ixpantepec niebes' score=1.000 nombre=False saint_only=True terr= phase=candidate
2026-07-02 17:51:23 - matching_padroncharcas - DEBUG -     gz_id=1002483 'ixpantepec niebes' score=1.000 nombre=False saint_only=True terr= phase=candidate
2026-07-02 17:51:23 - matching_padroncharcas - DEBUG -     gz_id=1002485 'mixtepec' score=1.000 nombre=False saint_only=True terr= phase=candidate
2026-07-02 17:51:23 - matching_padroncharcas - DEBUG -     gz_id=1002485 'mixtepec' score=1.000 nombre=False saint_only=True terr= phase=candidate
2026-07-02 17:51:23 - matching_padroncharcas - DEBUG -     gz_id=1002485 'mixtepec' score=1.000 nombre=False saint_only=True terr= phase=candidate
2026-07-02 17:51:23 - matching_padroncharcas - DEBUG -     gz_id=1002500 'coatequitas' score=1.000 nombre=False saint_only=True terr= phase=candidate
2026-07-02 17:51:23 - matching_padroncharcas - DEBUG -     gz_id=1002500 'coatequitas' score=1.000 nombre=False saint_only=True terr= phase=candidate
2026-07-02 17:51:23 - matching_padroncharcas - DEBUG -     gz_id=1002526 'san juan bautista osolotepec' score=1.000 nombre=False saint_only=True terr= phase=candidate
2026-07-02 17:51:23 - matching_padroncharcas - DEBUG -     gz_id=1002526 'san juan bautista osolotepec' score=1.000 nombre=False saint_only=True terr= phase=candidate
2026-07-02 17:51:23 - matching_padroncharcas - DEBUG -     gz_id=1002533 'san juan ebanjelista' score=1.000 nombre=False saint_only=True terr= phase=candidate
2026-07-02 17:51:23 - matching_padroncharcas - DEBUG -     gz_id=1002533 'san juan ebanjelista' score=1.000 nombre=False saint_only=True terr= phase=candidate
2026-07-02 17:51:23 - matching_padroncharcas - DEBUG -     gz_id=1002545 'acaltepec' score=1.000 nombre=False saint_only=True terr= phase=candidate
2026-07-02 17:51:23 - matching_padroncharcas - DEBUG -     gz_id=1002545 'acaltepec' score=1.000 nombre=False saint_only=True terr= phase=candidate
2026-07-02 17:51:23 - matching_padroncharcas - DEBUG -     gz_id=1002545 'acaltepec' score=1.000 nombre=False saint_only=True terr= phase=candidate
2026-07-02 17:51:23 - matching_padroncharcas - DEBUG -     gz_id=1002554 'chopahuana' score=1.000 nombre=False saint_only=True terr= phase=candidate
2026-07-02 17:51:23 - matching_padroncharcas - DEBUG -     gz_id=1002554 'chopahuana' score=1.000 nombre=False saint_only=True terr= phase=candidate
2026-07-02 17:51:23 - matching_padroncharcas - DEBUG -     gz_id=1002554 'chopahuana' score=1.000 nombre=False saint_only=True terr= phase=candidate
2026-07-02 17:51:23 - matching_padroncharcas - DEBUG -     gz_id=1002558 'huibini' score=1.000 nombre=False saint_only=True terr= phase=candidate
2026-07-02 17:51:23 - matching_padroncharcas - DEBUG -     gz_id=1002558 'huibini' score=1.000 nombre=False saint_only=True terr= phase=candidate
2026-07-02 17:51:23 - matching_padroncharcas - DEBUG -     gz_id=1002567 'juquila' score=1.000 nombre=False saint_only=True terr= phase=candidate
2026-07-02 17:51:23 - matching_padroncharcas - DEBUG -     gz_id=1002567 'juquila' score=1.000 nombre=False saint_only=True terr= phase=candidate
2026-07-02 17:51:23 - matching_padroncharcas - DEBUG -     gz_id=1002570 'lachijila' score=1.000 nombre=False saint_only=True terr= phase=candidate
2026-07-02 17:51:23 - matching_padroncharcas - DEBUG -     gz_id=1002570 'lachijila' score=1.000 nombre=False saint_only=True terr= phase=candidate
2026-07-02 17:51:23 - matching_padroncharcas - DEBUG -     gz_id=1002573 'lajarcia' score=1.000 nombre=False saint_only=True terr= phase=candidate
2026-07-02 17:51:23 - matching_padroncharcas - DEBUG -     gz_id=1002573 'lajarcia' score=1.000 nombre=False saint_only=True terr= phase=candidate
2026-07-02 17:51:23 - matching_padroncharcas - DEBUG -     gz_id=1002573 'lajarcia' score=1.000 nombre=False saint_only=True terr= phase=candidate
2026-07-02 17:51:23 - matching_padroncharcas - DEBUG -     gz_id=1002577 'masatlan' score=1.000 nombre=False saint_only=True terr= phase=candidate
2026-07-02 17:51:23 - matching_padroncharcas - DEBUG -     gz_id=1002577 'masatlan' score=1.000 nombre=False saint_only=True terr= phase=candidate
2026-07-02 17:51:23 - matching_padroncharcas - DEBUG -     gz_id=1002579 'san juan mixtepec' score=1.000 nombre=False saint_only=True terr= phase=candidate
2026-07-02 17:51:23 - matching_padroncharcas - DEBUG -     gz_id=1002579 'san juan mixtepec' score=1.000 nombre=False saint_only=True terr= phase=candidate
2026-07-02 17:51:23 - matching_padroncharcas - DEBUG -     gz_id=1002616 'elotepec' score=1.000 nombre=False saint_only=True terr= phase=candidate
2026-07-02 17:51:23 - matching_padroncharcas - DEBUG -     gz_id=1002616 'elotepec' score=1.000 nombre=False saint_only=True terr= phase=candidate
2026-07-02 17:51:23 - matching_padroncharcas - DEBUG -     gz_id=1002628 'tamasola' score=1.000 nombre=False saint_only=True terr= phase=candidate
2026-07-02 17:51:23 - matching_padroncharcas - DEBUG -     gz_id=1002628 'tamasola' score=1.000 nombre=False saint_only=True terr= phase=candidate
2026-07-02 17:51:23 - matching_padroncharcas - DEBUG -     gz_id=1002637 'iuta' score=1.000 nombre=False saint_only=True terr= phase=candidate
2026-07-02 17:51:23 - matching_padroncharcas - DEBUG -     gz_id=1002637 'iuta' score=1.000 nombre=False saint_only=True terr= phase=candidate
2026-07-02 17:51:23 - matching_padroncharcas - DEBUG -     gz_id=1002643 'huichicobi' score=1.000 nombre=False saint_only=True terr= phase=candidate
2026-07-02 17:51:23 - matching_padroncharcas - DEBUG -     gz_id=1002643 'huichicobi' score=1.000 nombre=False saint_only=True terr= phase=candidate
2026-07-02 17:51:23 - matching_padroncharcas - DEBUG -     gz_id=1002669 'coiula' score=1.000 nombre=False saint_only=True terr= phase=candidate
2026-07-02 17:51:23 - matching_padroncharcas - DEBUG -     gz_id=1002669 'coiula' score=1.000 nombre=False saint_only=True terr= phase=candidate
2026-07-02 17:51:23 - matching_padroncharcas - DEBUG -     gz_id=1002670 'cuicatlan' score=1.000 nombre=False saint_only=True terr= phase=candidate
2026-07-02 17:51:23 - matching_padroncharcas - DEBUG -     gz_id=1002670 'cuicatlan' score=1.000 nombre=False saint_only=True terr= phase=candidate
2026-07-02 17:51:23 - matching_padroncharcas - DEBUG -     gz_id=1002673 'huautla' score=1.000 nombre=False saint_only=True terr= phase=candidate
2026-07-02 17:51:23 - matching_padroncharcas - DEBUG -     gz_id=1002673 'huautla' score=1.000 nombre=False saint_only=True terr= phase=candidate
2026-07-02 17:51:23 - matching_padroncharcas - DEBUG -     gz_id=1002684 'san juan cues' score=1.000 nombre=False saint_only=True terr= phase=candidate
2026-07-02 17:51:23 - matching_padroncharcas - DEBUG -     gz_id=1002684 'san juan cues' score=1.000 nombre=False saint_only=True terr= phase=candidate
2026-07-02 17:51:23 - matching_padroncharcas - DEBUG -     gz_id=1002694 'tepeujila' score=1.000 nombre=False saint_only=True terr= phase=candidate
2026-07-02 17:51:23 - matching_padroncharcas - DEBUG -     gz_id=1002694 'tepeujila' score=1.000 nombre=False saint_only=True terr= phase=candidate
2026-07-02 17:51:23 - matching_padroncharcas - DEBUG -     gz_id=1002695 'teponaxtla' score=1.000 nombre=False saint_only=True terr= phase=candidate
2026-07-02 17:51:23 - matching_padroncharcas - DEBUG -     gz_id=1002695 'teponaxtla' score=1.000 nombre=False saint_only=True terr= phase=candidate
2026-07-02 17:51:23 - matching_padroncharcas - DEBUG -     gz_id=1002704 'huelabia' score=1.000 nombre=False saint_only=True terr= phase=candidate
2026-07-02 17:51:23 - matching_padroncharcas - DEBUG -     gz_id=1002704 'huelabia' score=1.000 nombre=False saint_only=True terr= phase=candidate
2026-07-02 17:51:23 - matching_padroncharcas - DEBUG -     gz_id=1002713 'san juan rio' score=1.000 nombre=False saint_only=True terr= phase=candidate
2026-07-02 17:51:23 - matching_padroncharcas - DEBUG -     gz_id=1002713 'san juan rio' score=1.000 nombre=False saint_only=True terr= phase=candidate
2026-07-02 17:51:23 - matching_padroncharcas - DEBUG -     gz_id=1002726 'analco' score=1.000 nombre=False saint_only=True terr= phase=candidate
2026-07-02 17:51:23 - matching_padroncharcas - DEBUG -     gz_id=1002726 'analco' score=1.000 nombre=False saint_only=True terr= phase=candidate
2026-07-02 17:51:23 - matching_padroncharcas - DEBUG -     gz_id=1002727 'atepec' score=1.000 nombre=False saint_only=True terr= phase=candidate
2026-07-02 17:51:23 - matching_padroncharcas - DEBUG -     gz_id=1002727 'atepec' score=1.000 nombre=False saint_only=True terr= phase=candidate
2026-07-02 17:51:23 - matching_padroncharcas - DEBUG -     gz_id=1002731 'lubina' score=1.000 nombre=False saint_only=True terr= phase=candidate
2026-07-02 17:51:23 - matching_padroncharcas - DEBUG -     gz_id=1002731 'lubina' score=1.000 nombre=False saint_only=True terr= phase=candidate
2026-07-02 17:51:23 - matching_padroncharcas - DEBUG -     gz_id=1002754 'achiutla' score=1.000 nombre=False saint_only=True terr= phase=candidate
2026-07-02 17:51:23 - matching_padroncharcas - DEBUG -     gz_id=1002754 'achiutla' score=1.000 nombre=False saint_only=True terr= phase=candidate
2026-07-02 17:51:23 - matching_padroncharcas - DEBUG -     gz_id=1002776 'coixtlahuaca' score=1.000 nombre=False saint_only=True terr= phase=candidate
2026-07-02 17:51:23 - matching_padroncharcas - DEBUG -     gz_id=1002776 'coixtlahuaca' score=1.000 nombre=False saint_only=True terr= phase=candidate
2026-07-02 17:51:23 - matching_padroncharcas - DEBUG -     gz_id=1002778 'copala' score=1.000 nombre=False saint_only=True terr= phase=candidate
2026-07-02 17:51:23 - matching_padroncharcas - DEBUG -     gz_id=1002778 'copala' score=1.000 nombre=False saint_only=True terr= phase=candidate
2026-07-02 17:51:23 - matching_padroncharcas - DEBUG -     gz_id=1002788 'san juan ixtaltepec' score=1.000 nombre=False saint_only=True terr= phase=candidate
2026-07-02 17:51:23 - matching_padroncharcas - DEBUG -     gz_id=1002788 'san juan ixtaltepec' score=1.000 nombre=False saint_only=True terr= phase=candidate
2026-07-02 17:51:23 - matching_padroncharcas - DEBUG -     gz_id=1002801 'numi' score=1.000 nombre=False saint_only=True terr= phase=candidate
2026-07-02 17:51:23 - matching_padroncharcas - DEBUG -     gz_id=1002801 'numi' score=1.000 nombre=False saint_only=True terr= phase=candidate
2026-07-02 17:51:23 - matching_padroncharcas - DEBUG -     gz_id=1002832 'saiultepec' score=1.000 nombre=False saint_only=True terr= phase=candidate
2026-07-02 17:51:23 - matching_padroncharcas - DEBUG -     gz_id=1002832 'saiultepec' score=1.000 nombre=False saint_only=True terr= phase=candidate
2026-07-02 17:51:23 - matching_padroncharcas - DEBUG -     gz_id=1002846 'teita' score=1.000 nombre=False saint_only=True terr= phase=candidate
2026-07-02 17:51:23 - matching_padroncharcas - DEBUG -     gz_id=1002846 'teita' score=1.000 nombre=False saint_only=True terr= phase=candidate
2026-07-02 17:51:23 - matching_padroncharcas - DEBUG -     gz_id=1002864 'tlalixtlahuaca' score=1.000 nombre=False saint_only=True terr= phase=candidate
2026-07-02 17:51:23 - matching_padroncharcas - DEBUG -     gz_id=1002864 'tlalixtlahuaca' score=1.000 nombre=False saint_only=True terr= phase=candidate
2026-07-02 17:51:23 - matching_padroncharcas - DEBUG -     gz_id=1002869 'tonaltepec' score=1.000 nombre=False saint_only=True terr= phase=candidate
2026-07-02 17:51:23 - matching_padroncharcas - DEBUG -     gz_id=1002869 'tonaltepec' score=1.000 nombre=False saint_only=True terr= phase=candidate
2026-07-02 17:51:23 - matching_padroncharcas - DEBUG -     gz_id=1002874 'juchistepec' score=1.000 nombre=False saint_only=True terr= phase=candidate
2026-07-02 17:51:23 - matching_padroncharcas - DEBUG -     gz_id=1002874 'juchistepec' score=1.000 nombre=False saint_only=True terr= phase=candidate
2026-07-02 17:51:23 - matching_padroncharcas - DEBUG -     gz_id=1002902 'coasospam' score=1.000 nombre=False saint_only=True terr= phase=candidate
2026-07-02 17:51:23 - matching_padroncharcas - DEBUG -     gz_id=1002902 'coasospam' score=1.000 nombre=False saint_only=True terr= phase=candidate
2026-07-02 17:51:23 - matching_padroncharcas - DEBUG -     gz_id=1002921 'tlacoacintepec' score=1.000 nombre=False saint_only=True terr= phase=candidate
2026-07-02 17:51:23 - matching_padroncharcas - DEBUG -     gz_id=1002921 'tlacoacintepec' score=1.000 nombre=False saint_only=True terr= phase=candidate
2026-07-02 17:51:23 - matching_padroncharcas - DEBUG -     gz_id=1002921 'tlacoacintepec' score=1.000 nombre=False saint_only=True terr= phase=candidate
2026-07-02 17:51:23 - matching_padroncharcas - DEBUG -     gz_id=1002925 'tuxtepec' score=1.000 nombre=False saint_only=True terr= phase=candidate
2026-07-02 17:51:23 - matching_padroncharcas - DEBUG -     gz_id=1002925 'tuxtepec' score=1.000 nombre=False saint_only=True terr= phase=candidate
2026-07-02 17:51:23 - matching_padroncharcas - DEBUG -     gz_id=1002925 'tuxtepec' score=1.000 nombre=False saint_only=True terr= phase=candidate
2026-07-02 17:51:23 - matching_padroncharcas - DEBUG -     gz_id=1002927 'balle real' score=1.000 nombre=False saint_only=True terr= phase=candidate
2026-07-02 17:51:23 - matching_padroncharcas - DEBUG -     gz_id=1002927 'balle real' score=1.000 nombre=False saint_only=True terr= phase=candidate
2026-07-02 17:51:23 - matching_padroncharcas - DEBUG -     gz_id=1002927 'balle real' score=1.000 nombre=False saint_only=True terr= phase=candidate
2026-07-02 17:51:23 - matching_padroncharcas - DEBUG -     gz_id=1002929 'sapotitlan' score=1.000 nombre=False saint_only=True terr= phase=candidate
2026-07-02 17:51:24 - matching_padroncharcas - DEBUG -     gz_id=1002929 'sapotitlan' score=1.000 nombre=False saint_only=True terr= phase=candidate
2026-07-02 17:51:24 - matching_padroncharcas - DEBUG -     gz_id=1002929 'sapotitlan' score=1.000 nombre=False saint_only=True terr= phase=candidate
2026-07-02 17:51:24 - matching_padroncharcas - DEBUG -     gz_id=1002930 'sautla' score=1.000 nombre=False saint_only=True terr= phase=candidate
2026-07-02 17:51:24 - matching_padroncharcas - DEBUG -     gz_id=1002930 'sautla' score=1.000 nombre=False saint_only=True terr= phase=candidate
2026-07-02 17:51:24 - matching_padroncharcas - DEBUG -     gz_id=1002930 'sautla' score=1.000 nombre=False saint_only=True terr= phase=candidate
2026-07-02 17:51:24 - matching_padroncharcas - DEBUG -     gz_id=1002947 'candaioc' score=1.000 nombre=False saint_only=True terr= phase=candidate
2026-07-02 17:51:24 - matching_padroncharcas - DEBUG -     gz_id=1002947 'candaioc' score=1.000 nombre=False saint_only=True terr= phase=candidate
2026-07-02 17:51:24 - matching_padroncharcas - DEBUG -     gz_id=1002950 'comaltepec' score=1.000 nombre=False saint_only=True terr= phase=candidate
2026-07-02 17:51:24 - matching_padroncharcas - DEBUG -     gz_id=1002950 'comaltepec' score=1.000 nombre=False saint_only=True terr= phase=candidate
2026-07-02 17:51:24 - matching_padroncharcas - DEBUG -     gz_id=1002951 'cosocon' score=1.000 nombre=False saint_only=True terr= phase=candidate
2026-07-02 17:51:24 - matching_padroncharcas - DEBUG -     gz_id=1002951 'cosocon' score=1.000 nombre=False saint_only=True terr= phase=candidate
2026-07-02 17:51:24 - matching_padroncharcas - DEBUG -     gz_id=1002955 'jaltepec' score=1.000 nombre=False saint_only=True terr= phase=candidate
2026-07-02 17:51:24 - matching_padroncharcas - DEBUG -     gz_id=1002955 'jaltepec' score=1.000 nombre=False saint_only=True terr= phase=candidate
2026-07-02 17:51:24 - matching_padroncharcas - DEBUG -     gz_id=1002960 'juquila' score=1.000 nombre=False saint_only=True terr= phase=candidate
2026-07-02 17:51:24 - matching_padroncharcas - DEBUG -     gz_id=1002960 'juquila' score=1.000 nombre=False saint_only=True terr= phase=candidate
2026-07-02 17:51:24 - matching_padroncharcas - DEBUG -     gz_id=1002966 'lalana' score=1.000 nombre=False saint_only=True terr= phase=candidate
2026-07-02 17:51:24 - matching_padroncharcas - DEBUG -     gz_id=1002966 'lalana' score=1.000 nombre=False saint_only=True terr= phase=candidate
2026-07-02 17:51:24 - matching_padroncharcas - DEBUG -     gz_id=1002971 'lealao' score=1.000 nombre=False saint_only=True terr= phase=candidate
2026-07-02 17:51:24 - matching_padroncharcas - DEBUG -     gz_id=1002971 'lealao' score=1.000 nombre=False saint_only=True terr= phase=candidate
2026-07-02 17:51:24 - matching_padroncharcas - DEBUG -     gz_id=1002973 'metaltepec' score=1.000 nombre=False saint_only=True terr= phase=candidate
2026-07-02 17:51:24 - matching_padroncharcas - DEBUG -     gz_id=1002973 'metaltepec' score=1.000 nombre=False saint_only=True terr= phase=candidate
2026-07-02 17:51:24 - matching_padroncharcas - DEBUG -     gz_id=1002978 'petlapa' score=1.000 nombre=False saint_only=True terr= phase=candidate
2026-07-02 17:51:24 - matching_padroncharcas - DEBUG -     gz_id=1002978 'petlapa' score=1.000 nombre=False saint_only=True terr= phase=candidate
2026-07-02 17:51:24 - matching_padroncharcas - DEBUG -     gz_id=1002981 'roabela' score=1.000 nombre=False saint_only=True terr= phase=candidate
2026-07-02 17:51:24 - matching_padroncharcas - DEBUG -     gz_id=1002981 'roabela' score=1.000 nombre=False saint_only=True terr= phase=candidate
2026-07-02 17:51:24 - matching_padroncharcas - DEBUG -     gz_id=1002986 'tabaa' score=1.000 nombre=False saint_only=True terr= phase=candidate
2026-07-02 17:51:24 - matching_padroncharcas - DEBUG -     gz_id=1002986 'tabaa' score=1.000 nombre=False saint_only=True terr= phase=candidate
2026-07-02 17:51:24 - matching_padroncharcas - DEBUG -     gz_id=1002987 'tahui' score=1.000 nombre=False saint_only=True terr= phase=candidate
2026-07-02 17:51:24 - matching_padroncharcas - DEBUG -     gz_id=1002987 'tahui' score=1.000 nombre=False saint_only=True terr= phase=candidate
2026-07-02 17:51:24 - matching_padroncharcas - DEBUG -     gz_id=1002990 'tanece' score=1.000 nombre=False saint_only=True terr= phase=candidate
2026-07-02 17:51:24 - matching_padroncharcas - DEBUG -     gz_id=1002990 'tanece' score=1.000 nombre=False saint_only=True terr= phase=candidate
2026-07-02 17:51:24 - matching_padroncharcas - DEBUG -     gz_id=1002993 'teotalcingo' score=1.000 nombre=False saint_only=True terr= phase=candidate
2026-07-02 17:51:24 - matching_padroncharcas - DEBUG -     gz_id=1002993 'teotalcingo' score=1.000 nombre=False saint_only=True terr= phase=candidate
2026-07-02 17:51:24 - matching_padroncharcas - DEBUG -     gz_id=1002996 'tepansacoalco' score=1.000 nombre=False saint_only=True terr= phase=candidate
2026-07-02 17:51:24 - matching_padroncharcas - DEBUG -     gz_id=1002996 'tepansacoalco' score=1.000 nombre=False saint_only=True terr= phase=candidate
2026-07-02 17:51:24 - matching_padroncharcas - DEBUG -     gz_id=1003003 'toabela' score=1.000 nombre=False saint_only=True terr= phase=candidate
2026-07-02 17:51:24 - matching_padroncharcas - DEBUG -     gz_id=1003003 'toabela' score=1.000 nombre=False saint_only=True terr= phase=candidate
2026-07-02 17:51:24 - matching_padroncharcas - DEBUG -     gz_id=1003009 'iaee' score=1.000 nombre=False saint_only=True terr= phase=candidate
2026-07-02 17:51:24 - matching_padroncharcas - DEBUG -     gz_id=1003009 'iaee' score=1.000 nombre=False saint_only=True terr= phase=candidate
2026-07-02 17:51:24 - matching_padroncharcas - DEBUG -     gz_id=1003013 'iajila' score=1.000 nombre=False saint_only=True terr= phase=candidate
2026-07-02 17:51:24 - matching_padroncharcas - DEBUG -     gz_id=1003013 'iajila' score=1.000 nombre=False saint_only=True terr= phase=candidate
2026-07-02 17:51:24 - matching_padroncharcas - DEBUG -     gz_id=1003017 'ialahui' score=1.000 nombre=False saint_only=True terr= phase=candidate
2026-07-02 17:51:24 - matching_padroncharcas - DEBUG -     gz_id=1003017 'ialahui' score=1.000 nombre=False saint_only=True terr= phase=candidate
2026-07-02 17:51:24 - matching_padroncharcas - DEBUG -     gz_id=1003018 'ialalag' score=1.000 nombre=False saint_only=True terr= phase=candidate
2026-07-02 17:51:24 - matching_padroncharcas - DEBUG -     gz_id=1003018 'ialalag' score=1.000 nombre=False saint_only=True terr= phase=candidate
2026-07-02 17:51:24 - matching_padroncharcas - DEBUG -     gz_id=1003025 'iasona' score=1.000 nombre=False saint_only=True terr= phase=candidate
2026-07-02 17:51:24 - matching_padroncharcas - DEBUG -     gz_id=1003025 'iasona' score=1.000 nombre=False saint_only=True terr= phase=candidate
2026-07-02 17:51:24 - matching_padroncharcas - DEBUG -     gz_id=1003029 'iececobi' score=1.000 nombre=False saint_only=True terr= phase=candidate
2026-07-02 17:51:24 - matching_padroncharcas - DEBUG -     gz_id=1003029 'iececobi' score=1.000 nombre=False saint_only=True terr= phase=candidate
2026-07-02 17:51:24 - matching_padroncharcas - DEBUG -     gz_id=1003047 'lachigalla' score=1.000 nombre=False saint_only=True terr= phase=candidate
2026-07-02 17:51:24 - matching_padroncharcas - DEBUG -     gz_id=1003047 'lachigalla' score=1.000 nombre=False saint_only=True terr= phase=candidate
2026-07-02 17:51:24 - matching_padroncharcas - DEBUG -     gz_id=1003074 'san juan bautista sola' score=1.000 nombre=False saint_only=True terr= phase=candidate
2026-07-02 17:51:24 - matching_padroncharcas - DEBUG -     gz_id=1003074 'san juan bautista sola' score=1.000 nombre=False saint_only=True terr= phase=candidate
2026-07-02 17:51:24 - matching_padroncharcas - DEBUG -     gz_id=1003080 'san juan teitipac' score=1.000 nombre=False saint_only=True terr= phase=candidate
2026-07-02 17:51:24 - matching_padroncharcas - DEBUG -     gz_id=1003080 'san juan teitipac' score=1.000 nombre=False saint_only=True terr= phase=candidate
2026-07-02 17:51:24 - matching_padroncharcas - DEBUG -     gz_id=1003089 'chinantla' score=1.000 nombre=False saint_only=True terr= phase=candidate
2026-07-02 17:51:24 - matching_padroncharcas - DEBUG -     gz_id=1003089 'chinantla' score=1.000 nombre=False saint_only=True terr= phase=candidate
2026-07-02 17:51:24 - matching_padroncharcas - DEBUG -     gz_id=1003108 'cuautinchan' score=1.000 nombre=False saint_only=True terr= phase=candidate
2026-07-02 17:51:24 - matching_padroncharcas - DEBUG -     gz_id=1003108 'cuautinchan' score=1.000 nombre=False saint_only=True terr= phase=candidate
2026-07-02 17:51:24 - matching_padroncharcas - DEBUG -     gz_id=1003108 'cuautinchan' score=1.000 nombre=False saint_only=True terr= phase=candidate
2026-07-02 17:51:24 - matching_padroncharcas - DEBUG -     gz_id=1003114 'amecac' score=1.000 nombre=False saint_only=True terr= phase=candidate
2026-07-02 17:51:24 - matching_padroncharcas - DEBUG -     gz_id=1003114 'amecac' score=1.000 nombre=False saint_only=True terr= phase=candidate
2026-07-02 17:51:24 - matching_padroncharcas - DEBUG -     gz_id=1003114 'amecac' score=1.000 nombre=False saint_only=True terr= phase=candidate
2026-07-02 17:51:24 - matching_padroncharcas - DEBUG -     gz_id=1003122 'coacol' score=1.000 nombre=False saint_only=True terr= phase=candidate
2026-07-02 17:51:24 - matching_padroncharcas - DEBUG -     gz_id=1003122 'coacol' score=1.000 nombre=False saint_only=True terr= phase=candidate
2026-07-02 17:51:24 - matching_padroncharcas - DEBUG -     gz_id=1003122 'coacol' score=1.000 nombre=False saint_only=True terr= phase=candidate
2026-07-02 17:51:24 - matching_padroncharcas - DEBUG -     gz_id=1003129 'huiluco' score=1.000 nombre=False saint_only=True terr= phase=candidate
2026-07-02 17:51:24 - matching_padroncharcas - DEBUG -     gz_id=1003129 'huiluco' score=1.000 nombre=False saint_only=True terr= phase=candidate
2026-07-02 17:51:24 - matching_padroncharcas - DEBUG -     gz_id=1003129 'huiluco' score=1.000 nombre=False saint_only=True terr= phase=candidate
2026-07-02 17:51:24 - matching_padroncharcas - DEBUG -     gz_id=1003134 'tejupa' score=1.000 nombre=False saint_only=True terr= phase=candidate
2026-07-02 17:51:24 - matching_padroncharcas - DEBUG -     gz_id=1003134 'tejupa' score=1.000 nombre=False saint_only=True terr= phase=candidate
2026-07-02 17:51:24 - matching_padroncharcas - DEBUG -     gz_id=1003134 'tejupa' score=1.000 nombre=False saint_only=True terr= phase=candidate
2026-07-02 17:51:24 - matching_padroncharcas - DEBUG -     gz_id=1003137 'tianhuismanalco' score=1.000 nombre=False saint_only=True terr= phase=candidate
2026-07-02 17:51:24 - matching_padroncharcas - DEBUG -     gz_id=1003137 'tianhuismanalco' score=1.000 nombre=False saint_only=True terr= phase=candidate
2026-07-02 17:51:24 - matching_padroncharcas - DEBUG -     gz_id=1003137 'tianhuismanalco' score=1.000 nombre=False saint_only=True terr= phase=candidate
2026-07-02 17:51:24 - matching_padroncharcas - DEBUG -     gz_id=1003158 'pilcaia' score=1.000 nombre=False saint_only=True terr= phase=candidate
2026-07-02 17:51:24 - matching_padroncharcas - DEBUG -     gz_id=1003158 'pilcaia' score=1.000 nombre=False saint_only=True terr= phase=candidate
2026-07-02 17:51:24 - matching_padroncharcas - DEBUG -     gz_id=1003159 'san juan rio' score=1.000 nombre=False saint_only=True terr= phase=candidate
2026-07-02 17:51:24 - matching_padroncharcas - DEBUG -     gz_id=1003159 'san juan rio' score=1.000 nombre=False saint_only=True terr= phase=candidate
2026-07-02 17:51:24 - matching_padroncharcas - DEBUG -     gz_id=1003160 'teotlalco' score=1.000 nombre=False saint_only=True terr= phase=candidate
2026-07-02 17:51:24 - matching_padroncharcas - DEBUG -     gz_id=1003160 'teotlalco' score=1.000 nombre=False saint_only=True terr= phase=candidate
2026-07-02 17:51:24 - matching_padroncharcas - DEBUG -     gz_id=1003160 'teotlalco' score=1.000 nombre=False saint_only=True terr= phase=candidate
2026-07-02 17:51:24 - matching_padroncharcas - DEBUG -     gz_id=1003167 'jicotlan' score=1.000 nombre=False saint_only=True terr= phase=candidate
2026-07-02 17:51:24 - matching_padroncharcas - DEBUG -     gz_id=1003167 'jicotlan' score=1.000 nombre=False saint_only=True terr= phase=candidate
2026-07-02 17:51:24 - matching_padroncharcas - DEBUG -     gz_id=1003188 'cuautlancingo' score=1.000 nombre=False saint_only=True terr= phase=candidate
2026-07-02 17:51:24 - matching_padroncharcas - DEBUG -     gz_id=1003188 'cuautlancingo' score=1.000 nombre=False saint_only=True terr= phase=candidate
2026-07-02 17:51:24 - matching_padroncharcas - DEBUG -     gz_id=1003206 'tlautla' score=1.000 nombre=False saint_only=True terr= phase=candidate
2026-07-02 17:51:24 - matching_padroncharcas - DEBUG -     gz_id=1003206 'tlautla' score=1.000 nombre=False saint_only=True terr= phase=candidate
2026-07-02 17:51:24 - matching_padroncharcas - DEBUG -     gz_id=1003226 'chicahuaxtla' score=1.000 nombre=False saint_only=True terr= phase=candidate
2026-07-02 17:51:24 - matching_padroncharcas - DEBUG -     gz_id=1003226 'chicahuaxtla' score=1.000 nombre=False saint_only=True terr= phase=candidate
2026-07-02 17:51:24 - matching_padroncharcas - DEBUG -     gz_id=1003226 'chicahuaxtla' score=1.000 nombre=False saint_only=True terr= phase=candidate
2026-07-02 17:51:24 - matching_padroncharcas - DEBUG -     gz_id=1003248 'mextla' score=1.000 nombre=False saint_only=True terr= phase=candidate
2026-07-02 17:51:24 - matching_padroncharcas - DEBUG -     gz_id=1003248 'mextla' score=1.000 nombre=False saint_only=True terr= phase=candidate
2026-07-02 17:51:24 - matching_padroncharcas - DEBUG -     gz_id=1003248 'mextla' score=1.000 nombre=False saint_only=True terr= phase=candidate
2026-07-02 17:51:24 - matching_padroncharcas - DEBUG -     gz_id=1003255 'pantepec' score=1.000 nombre=False saint_only=True terr= phase=candidate
2026-07-02 17:51:24 - matching_padroncharcas - DEBUG -     gz_id=1003255 'pantepec' score=1.000 nombre=False saint_only=True terr= phase=candidate
2026-07-02 17:51:24 - matching_padroncharcas - DEBUG -     gz_id=1003255 'pantepec' score=1.000 nombre=False saint_only=True terr= phase=candidate
2026-07-02 17:51:24 - matching_padroncharcas - DEBUG -     gz_id=1003284 'jicotepec' score=1.000 nombre=False saint_only=True terr= phase=candidate
2026-07-02 17:51:24 - matching_padroncharcas - DEBUG -     gz_id=1003284 'jicotepec' score=1.000 nombre=False saint_only=True terr= phase=candidate
2026-07-02 17:51:24 - matching_padroncharcas - DEBUG -     gz_id=1003284 'jicotepec' score=1.000 nombre=False saint_only=True terr= phase=candidate
2026-07-02 17:51:24 - matching_padroncharcas - DEBUG -     gz_id=1003292 'cempoala' score=1.000 nombre=False saint_only=True terr= phase=candidate
2026-07-02 17:51:24 - matching_padroncharcas - DEBUG -     gz_id=1003292 'cempoala' score=1.000 nombre=False saint_only=True terr= phase=candidate
2026-07-02 17:51:24 - matching_padroncharcas - DEBUG -     gz_id=1003292 'cempoala' score=1.000 nombre=False saint_only=True terr= phase=candidate
2026-07-02 17:51:24 - matching_padroncharcas - DEBUG -     gz_id=1003307 'huahuaco' score=1.000 nombre=False saint_only=True terr= phase=candidate
2026-07-02 17:51:24 - matching_padroncharcas - DEBUG -     gz_id=1003307 'huahuaco' score=1.000 nombre=False saint_only=True terr= phase=candidate
2026-07-02 17:51:24 - matching_padroncharcas - DEBUG -     gz_id=1003322 'tenantitlan' score=1.000 nombre=False saint_only=True terr= phase=candidate
2026-07-02 17:51:24 - matching_padroncharcas - DEBUG -     gz_id=1003322 'tenantitlan' score=1.000 nombre=False saint_only=True terr= phase=candidate
2026-07-02 17:51:24 - matching_padroncharcas - DEBUG -     gz_id=1003323 'texcatepec' score=1.000 nombre=False saint_only=True terr= phase=candidate
2026-07-02 17:51:24 - matching_padroncharcas - DEBUG -     gz_id=1003323 'texcatepec' score=1.000 nombre=False saint_only=True terr= phase=candidate
2026-07-02 17:51:24 - matching_padroncharcas - DEBUG -     gz_id=1003327 'tolapa' score=1.000 nombre=False saint_only=True terr= phase=candidate
2026-07-02 17:51:24 - matching_padroncharcas - DEBUG -     gz_id=1003327 'tolapa' score=1.000 nombre=False saint_only=True terr= phase=candidate
2026-07-02 17:51:24 - matching_padroncharcas - DEBUG -     gz_id=1003331 'sacualpan' score=1.000 nombre=False saint_only=True terr= phase=candidate
2026-07-02 17:51:24 - matching_padroncharcas - DEBUG -     gz_id=1003331 'sacualpan' score=1.000 nombre=False saint_only=True terr= phase=candidate
2026-07-02 17:51:24 - matching_padroncharcas - DEBUG -     gz_id=1003332 'sacualpilla' score=1.000 nombre=False saint_only=True terr= phase=candidate
2026-07-02 17:51:24 - matching_padroncharcas - DEBUG -     gz_id=1003332 'sacualpilla' score=1.000 nombre=False saint_only=True terr= phase=candidate
2026-07-02 17:51:24 - matching_padroncharcas - DEBUG -     gz_id=1003354 'tetla' score=1.000 nombre=False saint_only=True terr= phase=candidate
2026-07-02 17:51:24 - matching_padroncharcas - DEBUG -     gz_id=1003354 'tetla' score=1.000 nombre=False saint_only=True terr= phase=candidate
2026-07-02 17:51:24 - matching_padroncharcas - DEBUG -     gz_id=1003366 'tuxco' score=1.000 nombre=False saint_only=True terr= phase=candidate
2026-07-02 17:51:24 - matching_padroncharcas - DEBUG -     gz_id=1003366 'tuxco' score=1.000 nombre=False saint_only=True terr= phase=candidate
2026-07-02 17:51:24 - matching_padroncharcas - DEBUG -     gz_id=1003382 'huehuetan' score=1.000 nombre=False saint_only=True terr= phase=candidate
2026-07-02 17:51:24 - matching_padroncharcas - DEBUG -     gz_id=1003382 'huehuetan' score=1.000 nombre=False saint_only=True terr= phase=candidate
2026-07-02 17:51:24 - matching_padroncharcas - DEBUG -     gz_id=1003382 'huehuetan' score=1.000 nombre=False saint_only=True terr= phase=candidate
2026-07-02 17:51:24 - matching_padroncharcas - DEBUG -     gz_id=1003383 'huehuetonoc' score=1.000 nombre=False saint_only=True terr= phase=candidate
2026-07-02 17:51:24 - matching_padroncharcas - DEBUG -     gz_id=1003383 'huehuetonoc' score=1.000 nombre=False saint_only=True terr= phase=candidate
2026-07-02 17:51:24 - matching_padroncharcas - DEBUG -     gz_id=1003383 'huehuetonoc' score=1.000 nombre=False saint_only=True terr= phase=candidate
2026-07-02 17:51:24 - matching_padroncharcas - DEBUG -     gz_id=1003385 'jalapa' score=1.000 nombre=False saint_only=True terr= phase=candidate
2026-07-02 17:51:24 - matching_padroncharcas - DEBUG -     gz_id=1003385 'jalapa' score=1.000 nombre=False saint_only=True terr= phase=candidate
2026-07-02 17:51:24 - matching_padroncharcas - DEBUG -     gz_id=1003385 'jalapa' score=1.000 nombre=False saint_only=True terr= phase=candidate
2026-07-02 17:51:24 - matching_padroncharcas - DEBUG -     gz_id=1003389 'quesalapa' score=1.000 nombre=False saint_only=True terr= phase=candidate
2026-07-02 17:51:24 - matching_padroncharcas - DEBUG -     gz_id=1003389 'quesalapa' score=1.000 nombre=False saint_only=True terr= phase=candidate
2026-07-02 17:51:24 - matching_padroncharcas - DEBUG -     gz_id=1003389 'quesalapa' score=1.000 nombre=False saint_only=True terr= phase=candidate
2026-07-02 17:51:24 - matching_padroncharcas - DEBUG -     gz_id=1003408 'calmecatitlan' score=1.000 nombre=False saint_only=True terr= phase=candidate
2026-07-02 17:51:24 - matching_padroncharcas - DEBUG -     gz_id=1003408 'calmecatitlan' score=1.000 nombre=False saint_only=True terr= phase=candidate
2026-07-02 17:51:24 - matching_padroncharcas - DEBUG -     gz_id=1003409 'casoc' score=1.000 nombre=False saint_only=True terr= phase=candidate
2026-07-02 17:51:24 - matching_padroncharcas - DEBUG -     gz_id=1003409 'casoc' score=1.000 nombre=False saint_only=True terr= phase=candidate
2026-07-02 17:51:24 - matching_padroncharcas - DEBUG -     gz_id=1003412 'coacingo' score=1.000 nombre=False saint_only=True terr= phase=candidate
2026-07-02 17:51:24 - matching_padroncharcas - DEBUG -     gz_id=1003412 'coacingo' score=1.000 nombre=False saint_only=True terr= phase=candidate
2026-07-02 17:51:24 - matching_padroncharcas - DEBUG -     gz_id=1003412 'coacingo' score=1.000 nombre=False saint_only=True terr= phase=candidate
2026-07-02 17:51:24 - matching_padroncharcas - DEBUG -     gz_id=1003416 'epatlan' score=1.000 nombre=False saint_only=True terr= phase=candidate
2026-07-02 17:51:24 - matching_padroncharcas - DEBUG -     gz_id=1003416 'epatlan' score=1.000 nombre=False saint_only=True terr= phase=candidate
2026-07-02 17:51:24 - matching_padroncharcas - DEBUG -     gz_id=1003438 'juchapa' score=1.000 nombre=False saint_only=True terr= phase=candidate
2026-07-02 17:51:24 - matching_padroncharcas - DEBUG -     gz_id=1003438 'juchapa' score=1.000 nombre=False saint_only=True terr= phase=candidate
2026-07-02 17:51:24 - matching_padroncharcas - DEBUG -     gz_id=1003455 'quimixtlan' score=1.000 nombre=False saint_only=True terr= phase=candidate
2026-07-02 17:51:24 - matching_padroncharcas - DEBUG -     gz_id=1003455 'quimixtlan' score=1.000 nombre=False saint_only=True terr= phase=candidate
2026-07-02 17:51:24 - matching_padroncharcas - DEBUG -     gz_id=1003480 'cicatlacoian' score=1.000 nombre=False saint_only=True terr= phase=candidate
2026-07-02 17:51:24 - matching_padroncharcas - DEBUG -     gz_id=1003480 'cicatlacoian' score=1.000 nombre=False saint_only=True terr= phase=candidate
2026-07-02 17:51:24 - matching_padroncharcas - DEBUG -     gz_id=1003480 'cicatlacoian' score=1.000 nombre=False saint_only=True terr= phase=candidate
2026-07-02 17:51:24 - matching_padroncharcas - DEBUG -     gz_id=1003480 'cicatlacoian' score=1.000 nombre=False saint_only=True terr= phase=candidate
2026-07-02 17:51:24 - matching_padroncharcas - DEBUG -     gz_id=1003484 'acatitlan' score=1.000 nombre=False saint_only=True terr= phase=candidate
2026-07-02 17:51:24 - matching_padroncharcas - DEBUG -     gz_id=1003484 'acatitlan' score=1.000 nombre=False saint_only=True terr= phase=candidate
2026-07-02 17:51:24 - matching_padroncharcas - DEBUG -     gz_id=1003485 'ajalpan' score=1.000 nombre=False saint_only=True terr= phase=candidate
2026-07-02 17:51:24 - matching_padroncharcas - DEBUG -     gz_id=1003485 'ajalpan' score=1.000 nombre=False saint_only=True terr= phase=candidate
2026-07-02 17:51:24 - matching_padroncharcas - DEBUG -     gz_id=1003488 'acingo' score=1.000 nombre=False saint_only=True terr= phase=candidate
2026-07-02 17:51:24 - matching_padroncharcas - DEBUG -     gz_id=1003488 'acingo' score=1.000 nombre=False saint_only=True terr= phase=candidate
2026-07-02 17:51:24 - matching_padroncharcas - DEBUG -     gz_id=1003498 'coxcatlan' score=1.000 nombre=False saint_only=True terr= phase=candidate
2026-07-02 17:51:24 - matching_padroncharcas - DEBUG -     gz_id=1003498 'coxcatlan' score=1.000 nombre=False saint_only=True terr= phase=candidate
2026-07-02 17:51:24 - matching_padroncharcas - DEBUG -     gz_id=1003500 'cuautla' score=1.000 nombre=False saint_only=True terr= phase=candidate
2026-07-02 17:51:24 - matching_padroncharcas - DEBUG -     gz_id=1003500 'cuautla' score=1.000 nombre=False saint_only=True terr= phase=candidate
2026-07-02 17:51:24 - matching_padroncharcas - DEBUG -     gz_id=1003519 'tepango' score=1.000 nombre=False saint_only=True terr= phase=candidate
2026-07-02 17:51:24 - matching_padroncharcas - DEBUG -     gz_id=1003519 'tepango' score=1.000 nombre=False saint_only=True terr= phase=candidate
2026-07-02 17:51:24 - matching_padroncharcas - DEBUG -     gz_id=1003532 'acacingo' score=1.000 nombre=False saint_only=True terr= phase=candidate
2026-07-02 17:51:24 - matching_padroncharcas - DEBUG -     gz_id=1003532 'acacingo' score=1.000 nombre=False saint_only=True terr= phase=candidate
2026-07-02 17:51:24 - matching_padroncharcas - DEBUG -     gz_id=1003532 'acacingo' score=1.000 nombre=False saint_only=True terr= phase=candidate
2026-07-02 17:51:24 - matching_padroncharcas - DEBUG -     gz_id=1003569 'tepulco' score=1.000 nombre=False saint_only=True terr= phase=candidate
2026-07-02 17:51:24 - matching_padroncharcas - DEBUG -     gz_id=1003569 'tepulco' score=1.000 nombre=False saint_only=True terr= phase=candidate
2026-07-02 17:51:24 - matching_padroncharcas - DEBUG -     gz_id=1003569 'tepulco' score=1.000 nombre=False saint_only=True terr= phase=candidate
2026-07-02 17:51:24 - matching_padroncharcas - DEBUG -     gz_id=1003589 'asompa' score=1.000 nombre=False saint_only=True terr= phase=candidate
2026-07-02 17:51:24 - matching_padroncharcas - DEBUG -     gz_id=1003589 'asompa' score=1.000 nombre=False saint_only=True terr= phase=candidate
2026-07-02 17:51:24 - matching_padroncharcas - DEBUG -     gz_id=1003592 'coatetelco' score=1.000 nombre=False saint_only=True terr= phase=candidate
2026-07-02 17:51:24 - matching_padroncharcas - DEBUG -     gz_id=1003592 'coatetelco' score=1.000 nombre=False saint_only=True terr= phase=candidate
2026-07-02 17:51:24 - matching_padroncharcas - DEBUG -     gz_id=1003601 'ixcaquixtla' score=1.000 nombre=False saint_only=True terr= phase=candidate
2026-07-02 17:51:24 - matching_padroncharcas - DEBUG -     gz_id=1003601 'ixcaquixtla' score=1.000 nombre=False saint_only=True terr= phase=candidate
2026-07-02 17:51:24 - matching_padroncharcas - DEBUG -     gz_id=1003623 'sacapala' score=1.000 nombre=False saint_only=True terr= phase=candidate
2026-07-02 17:51:24 - matching_padroncharcas - DEBUG -     gz_id=1003623 'sacapala' score=1.000 nombre=False saint_only=True terr= phase=candidate
2026-07-02 17:51:24 - matching_padroncharcas - DEBUG -     gz_id=1003630 'jonotla' score=1.000 nombre=False saint_only=True terr= phase=candidate
2026-07-02 17:51:24 - matching_padroncharcas - DEBUG -     gz_id=1003630 'jonotla' score=1.000 nombre=False saint_only=True terr= phase=candidate
2026-07-02 17:51:24 - matching_padroncharcas - DEBUG -     gz_id=1003636 'acateno' score=1.000 nombre=False saint_only=True terr= phase=candidate
2026-07-02 17:51:24 - matching_padroncharcas - DEBUG -     gz_id=1003636 'acateno' score=1.000 nombre=False saint_only=True terr= phase=candidate
2026-07-02 17:51:24 - matching_padroncharcas - DEBUG -     gz_id=1003642 'jiutetelco' score=1.000 nombre=False saint_only=True terr= phase=candidate
2026-07-02 17:51:24 - matching_padroncharcas - DEBUG -     gz_id=1003642 'jiutetelco' score=1.000 nombre=False saint_only=True terr= phase=candidate
2026-07-02 17:51:24 - matching_padroncharcas - DEBUG -     gz_id=1003649 'ahuacatlan' score=1.000 nombre=False saint_only=True terr= phase=candidate
2026-07-02 17:51:24 - matching_padroncharcas - DEBUG -     gz_id=1003649 'ahuacatlan' score=1.000 nombre=False saint_only=True terr= phase=candidate
2026-07-02 17:51:24 - matching_padroncharcas - DEBUG -     gz_id=1003649 'ahuacatlan' score=1.000 nombre=False saint_only=True terr= phase=candidate
2026-07-02 17:51:24 - matching_padroncharcas - DEBUG -     gz_id=1003655 'amatlicha' score=1.000 nombre=False saint_only=True terr= phase=candidate
2026-07-02 17:51:24 - matching_padroncharcas - DEBUG -     gz_id=1003655 'amatlicha' score=1.000 nombre=False saint_only=True terr= phase=candidate
2026-07-02 17:51:24 - matching_padroncharcas - DEBUG -     gz_id=1003655 'amatlicha' score=1.000 nombre=False saint_only=True terr= phase=candidate
2026-07-02 17:51:24 - matching_padroncharcas - DEBUG -     gz_id=1003659 'atlamajalcingo monte' score=1.000 nombre=False saint_only=True terr= phase=candidate
2026-07-02 17:51:24 - matching_padroncharcas - DEBUG -     gz_id=1003659 'atlamajalcingo monte' score=1.000 nombre=False saint_only=True terr= phase=candidate
2026-07-02 17:51:24 - matching_padroncharcas - DEBUG -     gz_id=1003659 'atlamajalcingo monte' score=1.000 nombre=False saint_only=True terr= phase=candidate
2026-07-02 17:51:24 - matching_padroncharcas - DEBUG -     gz_id=1003661 'atlixtac' score=1.000 nombre=False saint_only=True terr= phase=candidate
2026-07-02 17:51:24 - matching_padroncharcas - DEBUG -     gz_id=1003661 'atlixtac' score=1.000 nombre=False saint_only=True terr= phase=candidate
2026-07-02 17:51:24 - matching_padroncharcas - DEBUG -     gz_id=1003661 'atlixtac' score=1.000 nombre=False saint_only=True terr= phase=candidate
2026-07-02 17:51:24 - matching_padroncharcas - DEBUG -     gz_id=1003688 'huejoapa' score=1.000 nombre=False saint_only=True terr= phase=candidate
2026-07-02 17:51:24 - matching_padroncharcas - DEBUG -     gz_id=1003688 'huejoapa' score=1.000 nombre=False saint_only=True terr= phase=candidate
2026-07-02 17:51:24 - matching_padroncharcas - DEBUG -     gz_id=1003688 'huejoapa' score=1.000 nombre=False saint_only=True terr= phase=candidate
2026-07-02 17:51:24 - matching_padroncharcas - DEBUG -     gz_id=1003700 'ocotitlan' score=1.000 nombre=False saint_only=True terr= phase=candidate
2026-07-02 17:51:24 - matching_padroncharcas - DEBUG -     gz_id=1003700 'ocotitlan' score=1.000 nombre=False saint_only=True terr= phase=candidate
2026-07-02 17:51:24 - matching_padroncharcas - DEBUG -     gz_id=1003700 'ocotitlan' score=1.000 nombre=False saint_only=True terr= phase=candidate
2026-07-02 17:51:24 - matching_padroncharcas - DEBUG -     gz_id=1003707 'potoichan' score=1.000 nombre=False saint_only=True terr= phase=candidate
2026-07-02 17:51:24 - matching_padroncharcas - DEBUG -     gz_id=1003707 'potoichan' score=1.000 nombre=False saint_only=True terr= phase=candidate
2026-07-02 17:51:24 - matching_padroncharcas - DEBUG -     gz_id=1003707 'potoichan' score=1.000 nombre=False saint_only=True terr= phase=candidate
2026-07-02 17:51:24 - matching_padroncharcas - DEBUG -     gz_id=1003709 'quiahuitlasala' score=1.000 nombre=False saint_only=True terr= phase=candidate
2026-07-02 17:51:24 - matching_padroncharcas - DEBUG -     gz_id=1003709 'quiahuitlasala' score=1.000 nombre=False saint_only=True terr= phase=candidate
2026-07-02 17:51:24 - matching_padroncharcas - DEBUG -     gz_id=1003709 'quiahuitlasala' score=1.000 nombre=False saint_only=True terr= phase=candidate
2026-07-02 17:51:24 - matching_padroncharcas - DEBUG -     gz_id=1003758 'ahuacatlan' score=1.000 nombre=False saint_only=True terr= phase=candidate
2026-07-02 17:51:24 - matching_padroncharcas - DEBUG -     gz_id=1003758 'ahuacatlan' score=1.000 nombre=False saint_only=True terr= phase=candidate
2026-07-02 17:51:24 - matching_padroncharcas - DEBUG -     gz_id=1003760 'aquixtla' score=1.000 nombre=False saint_only=True terr= phase=candidate
2026-07-02 17:51:24 - matching_padroncharcas - DEBUG -     gz_id=1003760 'aquixtla' score=1.000 nombre=False saint_only=True terr= phase=candidate
2026-07-02 17:51:24 - matching_padroncharcas - DEBUG -     gz_id=1003784 'ocelonacaxtla' score=1.000 nombre=False saint_only=True terr= phase=candidate
2026-07-02 17:51:24 - matching_padroncharcas - DEBUG -     gz_id=1003784 'ocelonacaxtla' score=1.000 nombre=False saint_only=True terr= phase=candidate
2026-07-02 17:51:24 - matching_padroncharcas - DEBUG -     gz_id=1003828 'coxcatlan' score=1.000 nombre=False saint_only=True terr= phase=candidate
2026-07-02 17:51:24 - matching_padroncharcas - DEBUG -     gz_id=1003828 'coxcatlan' score=1.000 nombre=False saint_only=True terr= phase=candidate
2026-07-02 17:51:24 - matching_padroncharcas - DEBUG -     gz_id=1003834 'mecatlan' score=1.000 nombre=False saint_only=True terr= phase=candidate
2026-07-02 17:51:24 - matching_padroncharcas - DEBUG -     gz_id=1003834 'mecatlan' score=1.000 nombre=False saint_only=True terr= phase=candidate
2026-07-02 17:51:24 - matching_padroncharcas - DEBUG -     gz_id=1003839 'tamasunchale' score=1.000 nombre=False saint_only=True terr= phase=candidate
2026-07-02 17:51:24 - matching_padroncharcas - DEBUG -     gz_id=1003839 'tamasunchale' score=1.000 nombre=False saint_only=True terr= phase=candidate
2026-07-02 17:51:24 - matching_padroncharcas - DEBUG -     gz_id=1003853 'huacima' score=1.000 nombre=False saint_only=True terr= phase=candidate
2026-07-02 17:51:24 - matching_padroncharcas - DEBUG -     gz_id=1003853 'huacima' score=1.000 nombre=False saint_only=True terr= phase=candidate
2026-07-02 17:51:24 - matching_padroncharcas - DEBUG -     gz_id=1003853 'huacima' score=1.000 nombre=False saint_only=True terr= phase=candidate
2026-07-02 17:51:24 - matching_padroncharcas - DEBUG -     gz_id=1003853 'huacima' score=1.000 nombre=False saint_only=True terr= phase=candidate
2026-07-02 17:51:24 - matching_padroncharcas - DEBUG -     gz_id=1003854 'jacobo' score=1.000 nombre=False saint_only=True terr= phase=candidate
2026-07-02 17:51:24 - matching_padroncharcas - DEBUG -     gz_id=1003854 'jacobo' score=1.000 nombre=False saint_only=True terr= phase=candidate
2026-07-02 17:51:24 - matching_padroncharcas - DEBUG -     gz_id=1003854 'jacobo' score=1.000 nombre=False saint_only=True terr= phase=candidate
2026-07-02 17:51:24 - matching_padroncharcas - DEBUG -     gz_id=1003854 'jacobo' score=1.000 nombre=False saint_only=True terr= phase=candidate
2026-07-02 17:51:24 - matching_padroncharcas - DEBUG -     gz_id=1003856 'san juan' score=1.000 nombre=True saint_only=False terr= phase=auto_adopt
2026-07-02 17:51:24 - matching_padroncharcas - DEBUG -     gz_id=1003856 'san juan' score=1.000 nombre=True saint_only=False terr= phase=auto_adopt
2026-07-02 17:51:24 - matching_padroncharcas - DEBUG -     gz_id=1003856 'san juan' score=1.000 nombre=True saint_only=False terr= phase=auto_adopt
2026-07-02 17:51:24 - matching_padroncharcas - DEBUG -     gz_id=1003856 'san juan' score=1.000 nombre=True saint_only=False terr= phase=auto_adopt
2026-07-02 17:51:24 - matching_padroncharcas - DEBUG -     gz_id=1003861 'alaia' score=1.000 nombre=False saint_only=True terr= phase=candidate
2026-07-02 17:51:24 - matching_padroncharcas - DEBUG -     gz_id=1003861 'alaia' score=1.000 nombre=False saint_only=True terr= phase=candidate
2026-07-02 17:51:24 - matching_padroncharcas - DEBUG -     gz_id=1003861 'alaia' score=1.000 nombre=False saint_only=True terr= phase=candidate
2026-07-02 17:51:24 - matching_padroncharcas - DEBUG -     gz_id=1003861 'alaia' score=1.000 nombre=False saint_only=True terr= phase=candidate
2026-07-02 17:51:24 - matching_padroncharcas - DEBUG -     gz_id=1003863 'bachihualato' score=1.000 nombre=False saint_only=True terr= phase=candidate
2026-07-02 17:51:24 - matching_padroncharcas - DEBUG -     gz_id=1003863 'bachihualato' score=1.000 nombre=False saint_only=True terr= phase=candidate
2026-07-02 17:51:24 - matching_padroncharcas - DEBUG -     gz_id=1003863 'bachihualato' score=1.000 nombre=False saint_only=True terr= phase=candidate
2026-07-02 17:51:24 - matching_padroncharcas - DEBUG -     gz_id=1003863 'bachihualato' score=1.000 nombre=False saint_only=True terr= phase=candidate
2026-07-02 17:51:24 - matching_padroncharcas - DEBUG -     gz_id=1003865 'badirahuato' score=1.000 nombre=False saint_only=True terr= phase=candidate
2026-07-02 17:51:24 - matching_padroncharcas - DEBUG -     gz_id=1003865 'badirahuato' score=1.000 nombre=False saint_only=True terr= phase=candidate
2026-07-02 17:51:24 - matching_padroncharcas - DEBUG -     gz_id=1003865 'badirahuato' score=1.000 nombre=False saint_only=True terr= phase=candidate
2026-07-02 17:51:24 - matching_padroncharcas - DEBUG -     gz_id=1003865 'badirahuato' score=1.000 nombre=False saint_only=True terr= phase=candidate
2026-07-02 17:51:24 - matching_padroncharcas - DEBUG -     gz_id=1003865 'badirahuato' score=1.000 nombre=False saint_only=True terr= phase=candidate
2026-07-02 17:51:24 - matching_padroncharcas - DEBUG -     gz_id=1003867 'capirato' score=1.000 nombre=False saint_only=False terr= phase=candidate
2026-07-02 17:51:24 - matching_padroncharcas - DEBUG -     gz_id=1003867 'capirato' score=1.000 nombre=False saint_only=False terr= phase=candidate
2026-07-02 17:51:24 - matching_padroncharcas - DEBUG -     gz_id=1003867 'capirato' score=1.000 nombre=False saint_only=False terr= phase=candidate
2026-07-02 17:51:24 - matching_padroncharcas - DEBUG -     gz_id=1003867 'capirato' score=1.000 nombre=False saint_only=False terr= phase=candidate
2026-07-02 17:51:24 - matching_padroncharcas - DEBUG -     gz_id=1003868 'cariatapa' score=1.000 nombre=False saint_only=True terr= phase=candidate
2026-07-02 17:51:24 - matching_padroncharcas - DEBUG -     gz_id=1003868 'cariatapa' score=1.000 nombre=False saint_only=True terr= phase=candidate
2026-07-02 17:51:24 - matching_padroncharcas - DEBUG -     gz_id=1003868 'cariatapa' score=1.000 nombre=False saint_only=True terr= phase=candidate
2026-07-02 17:51:24 - matching_padroncharcas - DEBUG -     gz_id=1003868 'cariatapa' score=1.000 nombre=False saint_only=True terr= phase=candidate
2026-07-02 17:51:24 - matching_padroncharcas - DEBUG -     gz_id=1003868 'cariatapa' score=1.000 nombre=False saint_only=True terr= phase=candidate
2026-07-02 17:51:24 - matching_padroncharcas - DEBUG -     gz_id=1003868 'cariatapa' score=1.000 nombre=False saint_only=True terr= phase=candidate
2026-07-02 17:51:24 - matching_padroncharcas - DEBUG -     gz_id=1003868 'cariatapa' score=1.000 nombre=False saint_only=True terr= phase=candidate
2026-07-02 17:51:24 - matching_padroncharcas - DEBUG -     gz_id=1003871 'conitaca' score=1.000 nombre=False saint_only=True terr= phase=candidate
2026-07-02 17:51:24 - matching_padroncharcas - DEBUG -     gz_id=1003871 'conitaca' score=1.000 nombre=False saint_only=True terr= phase=candidate
2026-07-02 17:51:24 - matching_padroncharcas - DEBUG -     gz_id=1003871 'conitaca' score=1.000 nombre=False saint_only=True terr= phase=candidate
2026-07-02 17:51:24 - matching_padroncharcas - DEBUG -     gz_id=1003871 'conitaca' score=1.000 nombre=False saint_only=True terr= phase=candidate
2026-07-02 17:51:24 - matching_padroncharcas - DEBUG -     gz_id=1003871 'conitaca' score=1.000 nombre=False saint_only=True terr= phase=candidate
2026-07-02 17:51:24 - matching_padroncharcas - DEBUG -     gz_id=1003874 'imala' score=1.000 nombre=False saint_only=True terr= phase=candidate
2026-07-02 17:51:24 - matching_padroncharcas - DEBUG -     gz_id=1003874 'imala' score=1.000 nombre=False saint_only=True terr= phase=candidate
2026-07-02 17:51:24 - matching_padroncharcas - DEBUG -     gz_id=1003874 'imala' score=1.000 nombre=False saint_only=True terr= phase=candidate
2026-07-02 17:51:24 - matching_padroncharcas - DEBUG -     gz_id=1003874 'imala' score=1.000 nombre=False saint_only=True terr= phase=candidate
2026-07-02 17:51:24 - matching_padroncharcas - DEBUG -     gz_id=1003878 'otameto' score=1.000 nombre=False saint_only=True terr= phase=candidate
2026-07-02 17:51:24 - matching_padroncharcas - DEBUG -     gz_id=1003878 'otameto' score=1.000 nombre=False saint_only=True terr= phase=candidate
2026-07-02 17:51:24 - matching_padroncharcas - DEBUG -     gz_id=1003878 'otameto' score=1.000 nombre=False saint_only=True terr= phase=candidate
2026-07-02 17:51:24 - matching_padroncharcas - DEBUG -     gz_id=1003878 'otameto' score=1.000 nombre=False saint_only=True terr= phase=candidate
2026-07-02 17:51:24 - matching_padroncharcas - DEBUG -     gz_id=1003887 'cacalotan' score=1.000 nombre=False saint_only=True terr= phase=candidate
2026-07-02 17:51:24 - matching_padroncharcas - DEBUG -     gz_id=1003887 'cacalotan' score=1.000 nombre=False saint_only=True terr= phase=candidate
2026-07-02 17:51:24 - matching_padroncharcas - DEBUG -     gz_id=1003887 'cacalotan' score=1.000 nombre=False saint_only=True terr= phase=candidate
2026-07-02 17:51:24 - matching_padroncharcas - DEBUG -     gz_id=1003887 'cacalotan' score=1.000 nombre=False saint_only=True terr= phase=candidate
2026-07-02 17:51:24 - matching_padroncharcas - DEBUG -     gz_id=1003887 'cacalotan' score=1.000 nombre=False saint_only=True terr= phase=candidate
2026-07-02 17:51:24 - matching_padroncharcas - DEBUG -     gz_id=1003888 'maloia' score=1.000 nombre=False saint_only=True terr= phase=candidate
2026-07-02 17:51:24 - matching_padroncharcas - DEBUG -     gz_id=1003888 'maloia' score=1.000 nombre=False saint_only=True terr= phase=candidate
2026-07-02 17:51:24 - matching_padroncharcas - DEBUG -     gz_id=1003888 'maloia' score=1.000 nombre=False saint_only=True terr= phase=candidate
2026-07-02 17:51:24 - matching_padroncharcas - DEBUG -     gz_id=1003888 'maloia' score=1.000 nombre=False saint_only=True terr= phase=candidate
2026-07-02 17:51:24 - matching_padroncharcas - DEBUG -     gz_id=1003888 'maloia' score=1.000 nombre=False saint_only=True terr= phase=candidate
2026-07-02 17:51:24 - matching_padroncharcas - DEBUG -     gz_id=1003961 'huachinera' score=1.000 nombre=False saint_only=True terr= phase=candidate
2026-07-02 17:51:24 - matching_padroncharcas - DEBUG -     gz_id=1003961 'huachinera' score=1.000 nombre=False saint_only=True terr= phase=candidate
2026-07-02 17:51:24 - matching_padroncharcas - DEBUG -     gz_id=1003961 'huachinera' score=1.000 nombre=False saint_only=True terr= phase=candidate
2026-07-02 17:51:24 - matching_padroncharcas - DEBUG -     gz_id=1003961 'huachinera' score=1.000 nombre=False saint_only=True terr= phase=candidate
2026-07-02 17:51:24 - matching_padroncharcas - DEBUG -     gz_id=1003961 'huachinera' score=1.000 nombre=False saint_only=True terr= phase=candidate
2026-07-02 17:51:24 - matching_padroncharcas - DEBUG -     gz_id=1003961 'huachinera' score=1.000 nombre=False saint_only=True terr= phase=candidate
2026-07-02 17:51:24 - matching_padroncharcas - DEBUG -     gz_id=1004050 'atlangatepec' score=1.000 nombre=False saint_only=True terr= phase=candidate
2026-07-02 17:51:24 - matching_padroncharcas - DEBUG -     gz_id=1004050 'atlangatepec' score=1.000 nombre=False saint_only=True terr= phase=candidate
2026-07-02 17:51:24 - matching_padroncharcas - DEBUG -     gz_id=1004050 'atlangatepec' score=1.000 nombre=False saint_only=True terr= phase=candidate
2026-07-02 17:51:24 - matching_padroncharcas - DEBUG -     gz_id=1004070 'huaccinco' score=1.000 nombre=False saint_only=True terr= phase=candidate
2026-07-02 17:51:24 - matching_padroncharcas - DEBUG -     gz_id=1004070 'huaccinco' score=1.000 nombre=False saint_only=True terr= phase=candidate
2026-07-02 17:51:24 - matching_padroncharcas - DEBUG -     gz_id=1004070 'huaccinco' score=1.000 nombre=False saint_only=True terr= phase=candidate
2026-07-02 17:51:24 - matching_padroncharcas - DEBUG -     gz_id=1004078 'ixtenco' score=1.000 nombre=False saint_only=True terr= phase=candidate
2026-07-02 17:51:24 - matching_padroncharcas - DEBUG -     gz_id=1004078 'ixtenco' score=1.000 nombre=False saint_only=True terr= phase=candidate
2026-07-02 17:51:24 - matching_padroncharcas - DEBUG -     gz_id=1004078 'ixtenco' score=1.000 nombre=False saint_only=True terr= phase=candidate
2026-07-02 17:51:24 - matching_padroncharcas - DEBUG -     gz_id=1004094 'quesalcoapan' score=1.000 nombre=False saint_only=True terr= phase=candidate
2026-07-02 17:51:24 - matching_padroncharcas - DEBUG -     gz_id=1004094 'quesalcoapan' score=1.000 nombre=False saint_only=True terr= phase=candidate
2026-07-02 17:51:24 - matching_padroncharcas - DEBUG -     gz_id=1004094 'quesalcoapan' score=1.000 nombre=False saint_only=True terr= phase=candidate
2026-07-02 17:51:24 - matching_padroncharcas - DEBUG -     gz_id=1004133 'totolac' score=1.000 nombre=False saint_only=True terr= phase=candidate
2026-07-02 17:51:24 - matching_padroncharcas - DEBUG -     gz_id=1004133 'totolac' score=1.000 nombre=False saint_only=True terr= phase=candidate
2026-07-02 17:51:24 - matching_padroncharcas - DEBUG -     gz_id=1004133 'totolac' score=1.000 nombre=False saint_only=True terr= phase=candidate
2026-07-02 17:51:24 - matching_padroncharcas - DEBUG -     gz_id=1004150 'chinameca' score=1.000 nombre=False saint_only=True terr= phase=candidate
2026-07-02 17:51:24 - matching_padroncharcas - DEBUG -     gz_id=1004150 'chinameca' score=1.000 nombre=False saint_only=True terr= phase=candidate
2026-07-02 17:51:24 - matching_padroncharcas - DEBUG -     gz_id=1004155 'mecatepec' score=1.000 nombre=False saint_only=True terr= phase=candidate
2026-07-02 17:51:24 - matching_padroncharcas - DEBUG -     gz_id=1004155 'mecatepec' score=1.000 nombre=False saint_only=True terr= phase=candidate
2026-07-02 17:51:24 - matching_padroncharcas - DEBUG -     gz_id=1004174 'coscomatepec' score=1.000 nombre=False saint_only=True terr= phase=candidate
2026-07-02 17:51:24 - matching_padroncharcas - DEBUG -     gz_id=1004174 'coscomatepec' score=1.000 nombre=False saint_only=True terr= phase=candidate
2026-07-02 17:51:24 - matching_padroncharcas - DEBUG -     gz_id=1004180 'san juan punta' score=1.000 nombre=False saint_only=True terr= phase=candidate
2026-07-02 17:51:24 - matching_padroncharcas - DEBUG -     gz_id=1004180 'san juan punta' score=1.000 nombre=False saint_only=True terr= phase=candidate
2026-07-02 17:51:24 - matching_padroncharcas - DEBUG -     gz_id=1004186 'chacaltianhuis' score=1.000 nombre=False saint_only=True terr= phase=candidate
2026-07-02 17:51:24 - matching_padroncharcas - DEBUG -     gz_id=1004186 'chacaltianhuis' score=1.000 nombre=False saint_only=True terr= phase=candidate
2026-07-02 17:51:24 - matching_padroncharcas - DEBUG -     gz_id=1004199 'aculcingo' score=1.000 nombre=False saint_only=True terr= phase=candidate
2026-07-02 17:51:24 - matching_padroncharcas - DEBUG -     gz_id=1004199 'aculcingo' score=1.000 nombre=False saint_only=True terr= phase=candidate
2026-07-02 17:51:24 - matching_padroncharcas - DEBUG -     gz_id=1004201 'atlanca' score=1.000 nombre=False saint_only=True terr= phase=candidate
2026-07-02 17:51:24 - matching_padroncharcas - DEBUG -     gz_id=1004201 'atlanca' score=1.000 nombre=False saint_only=True terr= phase=candidate
2026-07-02 17:51:24 - matching_padroncharcas - DEBUG -     gz_id=1004202 'injenio' score=1.000 nombre=False saint_only=True terr= phase=candidate
2026-07-02 17:51:24 - matching_padroncharcas - DEBUG -     gz_id=1004202 'injenio' score=1.000 nombre=False saint_only=True terr= phase=candidate
2026-07-02 17:51:24 - matching_padroncharcas - DEBUG -     gz_id=1004207 'san juan rio' score=1.000 nombre=False saint_only=True terr= phase=candidate
2026-07-02 17:51:24 - matching_padroncharcas - DEBUG -     gz_id=1004207 'san juan rio' score=1.000 nombre=False saint_only=True terr= phase=candidate
2026-07-02 17:51:24 - matching_padroncharcas - DEBUG -     gz_id=1004218 'otontepec' score=1.000 nombre=False saint_only=True terr= phase=candidate
2026-07-02 17:51:24 - matching_padroncharcas - DEBUG -     gz_id=1004218 'otontepec' score=1.000 nombre=False saint_only=True terr= phase=candidate
2026-07-02 17:51:24 - matching_padroncharcas - DEBUG -     gz_id=1004243 'catemaco' score=1.000 nombre=False saint_only=True terr= phase=candidate
2026-07-02 17:51:24 - matching_padroncharcas - DEBUG -     gz_id=1004243 'catemaco' score=1.000 nombre=False saint_only=True terr= phase=candidate
2026-07-02 17:51:24 - matching_padroncharcas - DEBUG -     gz_id=1004243 'catemaco' score=1.000 nombre=False saint_only=True terr= phase=candidate
2026-07-02 17:51:24 - matching_padroncharcas - DEBUG -     gz_id=1004243 'catemaco' score=1.000 nombre=False saint_only=True terr= phase=candidate
2026-07-02 17:51:24 - matching_padroncharcas - DEBUG -     gz_id=1004260 'nautla' score=1.000 nombre=False saint_only=True terr= phase=candidate
2026-07-02 17:51:24 - matching_padroncharcas - DEBUG -     gz_id=1004260 'nautla' score=1.000 nombre=False saint_only=True terr= phase=candidate
2026-07-02 17:51:24 - matching_padroncharcas - DEBUG -     gz_id=1004260 'nautla' score=1.000 nombre=False saint_only=True terr= phase=candidate
2026-07-02 17:51:24 - matching_padroncharcas - DEBUG -     gz_id=1004269 'texhuacan' score=1.000 nombre=False saint_only=True terr= phase=candidate
2026-07-02 17:51:24 - matching_padroncharcas - DEBUG -     gz_id=1004269 'texhuacan' score=1.000 nombre=False saint_only=True terr= phase=candidate
2026-07-02 17:51:24 - matching_padroncharcas - DEBUG -     gz_id=1004283 'chapultepec' score=1.000 nombre=False saint_only=True terr= phase=candidate
2026-07-02 17:51:24 - matching_padroncharcas - DEBUG -     gz_id=1004283 'chapultepec' score=1.000 nombre=False saint_only=True terr= phase=candidate
2026-07-02 17:51:24 - matching_padroncharcas - DEBUG -     gz_id=1004291 'jalcomulco' score=1.000 nombre=False saint_only=True terr= phase=candidate
2026-07-02 17:51:24 - matching_padroncharcas - DEBUG -     gz_id=1004291 'jalcomulco' score=1.000 nombre=False saint_only=True terr= phase=candidate
2026-07-02 17:51:24 - matching_padroncharcas - DEBUG -     gz_id=1004294 'san juan miahuatlan' score=1.000 nombre=False saint_only=True terr= phase=candidate
2026-07-02 17:51:24 - matching_padroncharcas - DEBUG -     gz_id=1004294 'san juan miahuatlan' score=1.000 nombre=False saint_only=True terr= phase=candidate
2026-07-02 17:51:24 - matching_padroncharcas - DEBUG -     gz_id=1004299 'teocelo' score=1.000 nombre=False saint_only=True terr= phase=candidate
2026-07-02 17:51:24 - matching_padroncharcas - DEBUG -     gz_id=1004299 'teocelo' score=1.000 nombre=False saint_only=True terr= phase=candidate
2026-07-02 17:51:24 - matching_padroncharcas - DEBUG -     gz_id=1004310 'chunhuhub' score=1.000 nombre=False saint_only=True terr= phase=candidate
2026-07-02 17:51:24 - matching_padroncharcas - DEBUG -     gz_id=1004310 'chunhuhub' score=1.000 nombre=False saint_only=True terr= phase=candidate
2026-07-02 17:51:24 - matching_padroncharcas - DEBUG -     gz_id=1004310 'chunhuhub' score=1.000 nombre=False saint_only=True terr= phase=candidate
2026-07-02 17:51:24 - matching_padroncharcas - DEBUG -     gz_id=1004338 'sahcaba' score=1.000 nombre=False saint_only=True terr= phase=candidate
2026-07-02 17:51:24 - matching_padroncharcas - DEBUG -     gz_id=1004338 'sahcaba' score=1.000 nombre=False saint_only=True terr= phase=candidate
2026-07-02 17:51:24 - matching_padroncharcas - DEBUG -     gz_id=1004345 'tibolon' score=1.000 nombre=False saint_only=True terr= phase=candidate
2026-07-02 17:51:24 - matching_padroncharcas - DEBUG -     gz_id=1004345 'tibolon' score=1.000 nombre=False saint_only=True terr= phase=candidate
2026-07-02 17:51:24 - matching_padroncharcas - DEBUG -     gz_id=1004345 'tibolon' score=1.000 nombre=False saint_only=True terr= phase=candidate
2026-07-02 17:51:24 - matching_padroncharcas - DEBUG -     gz_id=1004345 'tibolon' score=1.000 nombre=False saint_only=True terr= phase=candidate
2026-07-02 17:51:24 - matching_padroncharcas - DEBUG -     gz_id=1004346 'tixcacaltuiub' score=1.000 nombre=False saint_only=True terr= phase=candidate
2026-07-02 17:51:24 - matching_padroncharcas - DEBUG -     gz_id=1004346 'tixcacaltuiub' score=1.000 nombre=False saint_only=True terr= phase=candidate
2026-07-02 17:51:24 - matching_padroncharcas - DEBUG -     gz_id=1004346 'tixcacaltuiub' score=1.000 nombre=False saint_only=True terr= phase=candidate
2026-07-02 17:51:24 - matching_padroncharcas - DEBUG -     gz_id=1004346 'tixcacaltuiub' score=1.000 nombre=False saint_only=True terr= phase=candidate
2026-07-02 17:51:24 - matching_padroncharcas - DEBUG -     gz_id=1004358 'bolonchen cauich' score=1.000 nombre=False saint_only=True terr= phase=candidate
2026-07-02 17:51:24 - matching_padroncharcas - DEBUG -     gz_id=1004358 'bolonchen cauich' score=1.000 nombre=False saint_only=True terr= phase=candidate
2026-07-02 17:51:24 - matching_padroncharcas - DEBUG -     gz_id=1004369 'tixmucui' score=1.000 nombre=False saint_only=True terr= phase=candidate
2026-07-02 17:51:24 - matching_padroncharcas - DEBUG -     gz_id=1004369 'tixmucui' score=1.000 nombre=False saint_only=True terr= phase=candidate
2026-07-02 17:51:24 - matching_padroncharcas - DEBUG -     gz_id=1004386 'sahcabchen' score=1.000 nombre=False saint_only=True terr= phase=candidate
2026-07-02 17:51:24 - matching_padroncharcas - DEBUG -     gz_id=1004386 'sahcabchen' score=1.000 nombre=False saint_only=True terr= phase=candidate
2026-07-02 17:51:24 - matching_padroncharcas - DEBUG -     gz_id=1004442 'motul' score=1.000 nombre=False saint_only=True terr= phase=candidate
2026-07-02 17:51:24 - matching_padroncharcas - DEBUG -     gz_id=1004442 'motul' score=1.000 nombre=False saint_only=True terr= phase=candidate
2026-07-02 17:51:24 - matching_padroncharcas - DEBUG -     gz_id=1004448 'citpach' score=1.000 nombre=False saint_only=True terr= phase=candidate
2026-07-02 17:51:24 - matching_padroncharcas - DEBUG -     gz_id=1004448 'citpach' score=1.000 nombre=False saint_only=True terr= phase=candidate
2026-07-02 17:51:24 - matching_padroncharcas - DEBUG -     gz_id=1004457 'tixkochoh' score=1.000 nombre=False saint_only=True terr= phase=candidate
2026-07-02 17:51:24 - matching_padroncharcas - DEBUG -     gz_id=1004457 'tixkochoh' score=1.000 nombre=False saint_only=True terr= phase=candidate
2026-07-02 17:51:24 - matching_padroncharcas - DEBUG -     gz_id=1004478 'abala' score=1.000 nombre=False saint_only=True terr= phase=candidate
2026-07-02 17:51:24 - matching_padroncharcas - DEBUG -     gz_id=1004478 'abala' score=1.000 nombre=False saint_only=True terr= phase=candidate
2026-07-02 17:51:24 - matching_padroncharcas - DEBUG -     gz_id=1004478 'abala' score=1.000 nombre=False saint_only=True terr= phase=candidate
2026-07-02 17:51:24 - matching_padroncharcas - DEBUG -     gz_id=1004492 'tekax' score=1.000 nombre=False saint_only=True terr= phase=candidate
2026-07-02 17:51:24 - matching_padroncharcas - DEBUG -     gz_id=1004492 'tekax' score=1.000 nombre=False saint_only=True terr= phase=candidate
2026-07-02 17:51:24 - matching_padroncharcas - DEBUG -     gz_id=1004492 'tekax' score=1.000 nombre=False saint_only=True terr= phase=candidate
2026-07-02 17:51:24 - matching_padroncharcas - DEBUG -     gz_id=1004501 'jaia' score=1.000 nombre=False saint_only=True terr= phase=candidate
2026-07-02 17:51:24 - matching_padroncharcas - DEBUG -     gz_id=1004501 'jaia' score=1.000 nombre=False saint_only=True terr= phase=candidate
2026-07-02 17:51:24 - matching_padroncharcas - DEBUG -     gz_id=1004501 'jaia' score=1.000 nombre=False saint_only=True terr= phase=candidate
2026-07-02 17:51:24 - matching_padroncharcas - DEBUG -     gz_id=1004560 'cuncunul' score=1.000 nombre=False saint_only=True terr= phase=candidate
2026-07-02 17:51:24 - matching_padroncharcas - DEBUG -     gz_id=1004560 'cuncunul' score=1.000 nombre=False saint_only=True terr= phase=candidate
2026-07-02 17:51:24 - matching_padroncharcas - DEBUG -     gz_id=1004605 'cuxpala' score=1.000 nombre=False saint_only=True terr= phase=candidate
2026-07-02 17:51:24 - matching_padroncharcas - DEBUG -     gz_id=1004605 'cuxpala' score=1.000 nombre=False saint_only=True terr= phase=candidate
2026-07-02 17:51:24 - matching_padroncharcas - DEBUG -     gz_id=1004605 'cuxpala' score=1.000 nombre=False saint_only=True terr= phase=candidate
2026-07-02 17:51:24 - matching_padroncharcas - DEBUG -     gz_id=1004615 'san juan bautista mesquital' score=1.000 nombre=False saint_only=True terr= phase=candidate
2026-07-02 17:51:24 - matching_padroncharcas - DEBUG -     gz_id=1004615 'san juan bautista mesquital' score=1.000 nombre=False saint_only=True terr= phase=candidate
2026-07-02 17:51:24 - matching_padroncharcas - DEBUG -     gz_id=1004615 'san juan bautista mesquital' score=1.000 nombre=False saint_only=True terr= phase=candidate
2026-07-02 17:51:24 - matching_padroncharcas - DEBUG -     gz_id=1004615 'san juan bautista mesquital' score=1.000 nombre=False saint_only=True terr= phase=candidate
2026-07-02 17:51:24 - matching_padroncharcas - DEBUG -     gz_id=1004629 'teul' score=1.000 nombre=False saint_only=True terr= phase=candidate
2026-07-02 17:51:24 - matching_padroncharcas - DEBUG -     gz_id=1004629 'teul' score=1.000 nombre=False saint_only=True terr= phase=candidate
2026-07-02 17:51:24 - matching_padroncharcas - DEBUG -     gz_id=1004629 'teul' score=1.000 nombre=False saint_only=True terr= phase=candidate
2026-07-02 17:51:24 - matching_padroncharcas - DEBUG -     gz_id=1004636 'londo' score=1.000 nombre=False saint_only=True terr= phase=candidate
2026-07-02 17:51:24 - matching_padroncharcas - DEBUG -     gz_id=1004636 'londo' score=1.000 nombre=False saint_only=True terr= phase=candidate
2026-07-02 17:51:24 - matching_padroncharcas - DEBUG -     gz_id=1004715 'barrio san juan dios' score=1.000 nombre=False saint_only=True terr= phase=candidate
2026-07-02 17:51:24 - matching_padroncharcas - DEBUG -     gz_id=1004715 'barrio san juan dios' score=1.000 nombre=False saint_only=True terr= phase=candidate
2026-07-02 17:51:24 - matching_padroncharcas - DEBUG -     gz_id=1004718 'malibat' score=1.000 nombre=False saint_only=True terr= phase=candidate
2026-07-02 17:51:24 - matching_padroncharcas - DEBUG -     gz_id=1004742 'san juan capistrano' score=1.000 nombre=False saint_only=True terr= phase=candidate
2026-07-02 17:51:24 - matching_padroncharcas - DEBUG -     gz_id=1004742 'san juan capistrano' score=1.000 nombre=False saint_only=True terr= phase=candidate
2026-07-02 17:51:24 - matching_padroncharcas - DEBUG -     gz_id=1004742 'san juan capistrano' score=1.000 nombre=False saint_only=True terr= phase=candidate
2026-07-02 17:51:24 - matching_padroncharcas - DEBUG -     gz_id=1004742 'san juan capistrano' score=1.000 nombre=False saint_only=True terr= phase=candidate
2026-07-02 17:51:24 - matching_padroncharcas - DEBUG -     gz_id=1004742 'san juan capistrano' score=1.000 nombre=False saint_only=True terr= phase=candidate
2026-07-02 17:51:24 - matching_padroncharcas - DEBUG -     gz_id=1004754 'san juan bautista' score=1.000 nombre=False saint_only=True terr= phase=candidate
2026-07-02 17:51:24 - matching_padroncharcas - DEBUG -     gz_id=1004754 'san juan bautista' score=1.000 nombre=False saint_only=True terr= phase=candidate
2026-07-02 17:51:24 - matching_padroncharcas - DEBUG -     gz_id=1004780 'san juan' score=1.000 nombre=True saint_only=False terr= phase=auto_adopt
2026-07-02 17:51:24 - matching_padroncharcas - DEBUG -     gz_id=1004780 'san juan' score=1.000 nombre=True saint_only=False terr= phase=auto_adopt
2026-07-02 17:51:24 - matching_padroncharcas - DEBUG -     gz_id=1004794 'san juan bautista' score=1.000 nombre=False saint_only=True terr= phase=candidate
2026-07-02 17:51:24 - matching_padroncharcas - DEBUG -     gz_id=1004794 'san juan bautista' score=1.000 nombre=False saint_only=True terr= phase=candidate
2026-07-02 17:51:24 - matching_padroncharcas - DEBUG -     gz_id=1004794 'san juan bautista' score=1.000 nombre=False saint_only=True terr= phase=candidate
2026-07-02 17:51:24 - matching_padroncharcas - DEBUG -     gz_id=1004798 'capistrano' score=1.000 nombre=False saint_only=True terr= phase=candidate
2026-07-02 17:51:24 - matching_padroncharcas - DEBUG -     gz_id=1004798 'capistrano' score=1.000 nombre=False saint_only=True terr= phase=candidate
2026-07-02 17:51:24 - matching_padroncharcas - DEBUG -     gz_id=1004847 'san juan ulua' score=1.000 nombre=False saint_only=True terr= phase=candidate
2026-07-02 17:51:24 - matching_padroncharcas - DEBUG -     gz_id=1004847 'san juan ulua' score=1.000 nombre=False saint_only=True terr= phase=candidate
2026-07-02 17:51:24 - matching_padroncharcas - DEBUG -     gz_id=1004847 'san juan ulua' score=1.000 nombre=False saint_only=True terr= phase=candidate
2026-07-02 17:51:24 - matching_padroncharcas - DEBUG -     gz_id=1004929 'horcacitas' score=1.000 nombre=False saint_only=True terr= phase=candidate
2026-07-02 17:51:24 - matching_padroncharcas - DEBUG -     gz_id=1004929 'horcacitas' score=1.000 nombre=False saint_only=True terr= phase=candidate
2026-07-02 17:51:24 - matching_padroncharcas - DEBUG -     gz_id=1004929 'horcacitas' score=1.000 nombre=False saint_only=True terr= phase=candidate
2026-07-02 17:51:24 - matching_padroncharcas - DEBUG -     gz_id=1004943 'punta lampasos' score=1.000 nombre=False saint_only=True terr= phase=candidate
2026-07-02 17:51:24 - matching_padroncharcas - DEBUG -     gz_id=1004943 'punta lampasos' score=1.000 nombre=False saint_only=True terr= phase=candidate
2026-07-02 17:51:24 - matching_padroncharcas - DEBUG -     gz_id=1004943 'punta lampasos' score=1.000 nombre=False saint_only=True terr= phase=candidate
2026-07-02 17:51:24 - matching_padroncharcas - DEBUG -     gz_id=1004943 'punta lampasos' score=1.000 nombre=False saint_only=True terr= phase=candidate
2026-07-02 17:51:24 - matching_padroncharcas - DEBUG -     gz_id=1004946 'riogrande' score=1.000 nombre=False saint_only=True terr= phase=candidate
2026-07-02 17:51:24 - matching_padroncharcas - DEBUG -     gz_id=1004946 'riogrande' score=1.000 nombre=False saint_only=True terr= phase=candidate
2026-07-02 17:51:24 - matching_padroncharcas - DEBUG -     gz_id=1005067 'san juan corapan' score=1.000 nombre=False saint_only=True terr= phase=candidate
2026-07-02 17:51:24 - matching_padroncharcas - DEBUG -     gz_id=1005067 'san juan corapan' score=1.000 nombre=False saint_only=True terr= phase=candidate
2026-07-02 17:51:24 - matching_padroncharcas - DEBUG -     gz_id=1005067 'san juan corapan' score=1.000 nombre=False saint_only=True terr= phase=candidate
2026-07-02 17:51:24 - matching_padroncharcas - DEBUG -     gz_id=1005072 'san juan bautista' score=1.000 nombre=False saint_only=True terr= phase=candidate
2026-07-02 17:51:24 - matching_padroncharcas - DEBUG -     gz_id=1005072 'san juan bautista' score=1.000 nombre=False saint_only=True terr= phase=candidate
2026-07-02 17:51:24 - matching_padroncharcas - DEBUG -     gz_id=1005072 'san juan bautista' score=1.000 nombre=False saint_only=True terr= phase=candidate
2026-07-02 17:51:24 - matching_padroncharcas - DEBUG -     gz_id=1005072 'san juan bautista' score=1.000 nombre=False saint_only=True terr= phase=candidate
2026-07-02 17:51:24 - matching_padroncharcas - DEBUG -     gz_id=1005110 'san juan casta' score=1.000 nombre=False saint_only=True terr= phase=candidate
2026-07-02 17:51:24 - matching_padroncharcas - DEBUG -     gz_id=1005110 'san juan casta' score=1.000 nombre=False saint_only=True terr= phase=candidate
2026-07-02 17:51:24 - matching_padroncharcas - DEBUG -     gz_id=1005139 'san juan bautista' score=1.000 nombre=False saint_only=True terr= phase=candidate
2026-07-02 17:51:24 - matching_padroncharcas - DEBUG -     gz_id=1005139 'san juan bautista' score=1.000 nombre=False saint_only=True terr= phase=candidate
2026-07-02 17:51:24 - matching_padroncharcas - DEBUG -     gz_id=1005139 'san juan bautista' score=1.000 nombre=False saint_only=True terr= phase=candidate
2026-07-02 17:51:24 - matching_padroncharcas - DEBUG -     gz_id=1005139 'san juan bautista' score=1.000 nombre=False saint_only=True terr= phase=candidate
2026-07-02 17:51:24 - matching_padroncharcas - DEBUG -     gz_id=1005160 'san juan nepomuceno' score=1.000 nombre=False saint_only=True terr= phase=candidate
2026-07-02 17:51:24 - matching_padroncharcas - DEBUG -     gz_id=1005160 'san juan nepomuceno' score=1.000 nombre=False saint_only=True terr= phase=candidate
2026-07-02 17:51:24 - matching_padroncharcas - DEBUG -     gz_id=1005160 'san juan nepomuceno' score=1.000 nombre=False saint_only=True terr= phase=candidate
2026-07-02 17:51:24 - matching_padroncharcas - DEBUG -     gz_id=1005160 'san juan nepomuceno' score=1.000 nombre=False saint_only=True terr= phase=candidate
2026-07-02 17:51:24 - matching_padroncharcas - DEBUG -     gz_id=1005160 'san juan nepomuceno' score=1.000 nombre=False saint_only=True terr= phase=candidate
2026-07-02 17:51:24 - matching_padroncharcas - DEBUG -     gz_id=1005176 'punta lampasos' score=1.000 nombre=False saint_only=True terr= phase=candidate
2026-07-02 17:51:24 - matching_padroncharcas - DEBUG -     gz_id=1005208 'san juan bautista' score=1.000 nombre=False saint_only=True terr= phase=candidate
2026-07-02 17:51:24 - matching_padroncharcas - DEBUG -     gz_id=1005208 'san juan bautista' score=1.000 nombre=False saint_only=True terr= phase=candidate
2026-07-02 17:51:24 - matching_padroncharcas - DEBUG -     gz_id=1005282 'san juan nepomuceno' score=1.000 nombre=False saint_only=True terr= phase=candidate
2026-07-02 17:51:24 - matching_padroncharcas - DEBUG -     gz_id=1005282 'san juan nepomuceno' score=1.000 nombre=False saint_only=True terr= phase=candidate
2026-07-02 17:51:24 - matching_padroncharcas - DEBUG -     gz_id=1005299 'san juan junta' score=1.000 nombre=False saint_only=True terr= phase=candidate
2026-07-02 17:51:24 - matching_padroncharcas - DEBUG -     gz_id=1005299 'san juan junta' score=1.000 nombre=False saint_only=True terr= phase=candidate
2026-07-02 17:51:24 - matching_padroncharcas - DEBUG -     gz_id=1005300 'carretas' score=1.000 nombre=False saint_only=True terr= phase=candidate
2026-07-02 17:51:24 - matching_padroncharcas - DEBUG -     gz_id=1005300 'carretas' score=1.000 nombre=False saint_only=True terr= phase=candidate
2026-07-02 17:51:24 - matching_padroncharcas - DEBUG -     gz_id=1005348 'san juan bautista' score=1.000 nombre=False saint_only=True terr= phase=candidate
2026-07-02 17:51:24 - matching_padroncharcas - DEBUG -     gz_id=1005348 'san juan bautista' score=1.000 nombre=False saint_only=True terr= phase=candidate
2026-07-02 17:51:24 - matching_padroncharcas - DEBUG -     gz_id=1005365 'alamillo' score=1.000 nombre=False saint_only=True terr= phase=candidate
2026-07-02 17:51:24 - matching_padroncharcas - DEBUG -     gz_id=1005365 'alamillo' score=1.000 nombre=False saint_only=True terr= phase=candidate
2026-07-02 17:51:24 - matching_padroncharcas - DEBUG -     gz_id=1005365 'alamillo' score=1.000 nombre=False saint_only=True terr= phase=candidate
2026-07-02 17:51:24 - matching_padroncharcas - DEBUG -     gz_id=1005425 'atotonilco' score=1.000 nombre=False saint_only=True terr= phase=candidate
2026-07-02 17:51:24 - matching_padroncharcas - DEBUG -     gz_id=1005425 'atotonilco' score=1.000 nombre=False saint_only=True terr= phase=candidate
2026-07-02 17:51:24 - matching_padroncharcas - DEBUG -     gz_id=1005447 'san juan bautista' score=1.000 nombre=False saint_only=True terr= phase=candidate
2026-07-02 17:51:24 - matching_padroncharcas - DEBUG -     gz_id=1005447 'san juan bautista' score=1.000 nombre=False saint_only=True terr= phase=candidate
2026-07-02 17:51:24 - matching_padroncharcas - DEBUG -     gz_id=1005447 'san juan bautista' score=1.000 nombre=False saint_only=True terr= phase=candidate
2026-07-02 17:51:24 - matching_padroncharcas - DEBUG -     gz_id=1005447 'san juan bautista' score=1.000 nombre=False saint_only=True terr= phase=candidate
2026-07-02 17:51:24 - matching_padroncharcas - DEBUG -     gz_id=1005447 'san juan bautista' score=1.000 nombre=False saint_only=True terr= phase=candidate
2026-07-02 17:51:24 - matching_padroncharcas - DEBUG -     gz_id=2000039 'chamula' score=1.000 nombre=False saint_only=True terr= phase=candidate
2026-07-02 17:51:24 - matching_padroncharcas - DEBUG -     gz_id=2000039 'chamula' score=1.000 nombre=False saint_only=True terr= phase=candidate
2026-07-02 17:51:24 - matching_padroncharcas - DEBUG -     gz_id=2000039 'chamula' score=1.000 nombre=False saint_only=True terr= phase=candidate
2026-07-02 17:51:24 - matching_padroncharcas - DEBUG -     gz_id=2000074 'ocosocoautla' score=1.000 nombre=False saint_only=True terr= phase=candidate
2026-07-02 17:51:24 - matching_padroncharcas - DEBUG -     gz_id=2000074 'ocosocoautla' score=1.000 nombre=False saint_only=True terr= phase=candidate
2026-07-02 17:51:24 - matching_padroncharcas - DEBUG -     gz_id=2000074 'ocosocoautla' score=1.000 nombre=False saint_only=True terr= phase=candidate
2026-07-02 17:51:24 - matching_padroncharcas - DEBUG -     gz_id=2000179 'ostuncalco' score=1.000 nombre=False saint_only=True terr= phase=candidate
2026-07-02 17:51:24 - matching_padroncharcas - DEBUG -     gz_id=2000183 'olintepeque' score=1.000 nombre=False saint_only=True terr= phase=candidate
2026-07-02 17:51:24 - matching_padroncharcas - DEBUG -     gz_id=2000205 'alotenango' score=1.000 nombre=False saint_only=True terr= phase=candidate
2026-07-02 17:51:24 - matching_padroncharcas - DEBUG -     gz_id=2000205 'alotenango' score=1.000 nombre=False saint_only=True terr= phase=candidate
2026-07-02 17:51:24 - matching_padroncharcas - DEBUG -     gz_id=2000210 'san juan sacatepeques' score=1.000 nombre=False saint_only=True terr= phase=candidate
2026-07-02 17:51:24 - matching_padroncharcas - DEBUG -     gz_id=2000210 'san juan sacatepeques' score=1.000 nombre=False saint_only=True terr= phase=candidate
2026-07-02 17:51:24 - matching_padroncharcas - DEBUG -     gz_id=2000213 'amatitlan' score=1.000 nombre=False saint_only=True terr= phase=candidate
2026-07-02 17:51:24 - matching_padroncharcas - DEBUG -     gz_id=2000213 'amatitlan' score=1.000 nombre=False saint_only=True terr= phase=candidate
2026-07-02 17:51:24 - matching_padroncharcas - DEBUG -     gz_id=2000217 'san juan obispo' score=1.000 nombre=False saint_only=True terr= phase=candidate
2026-07-02 17:51:24 - matching_padroncharcas - DEBUG -     gz_id=2000217 'san juan obispo' score=1.000 nombre=False saint_only=True terr= phase=candidate
2026-07-02 17:51:24 - matching_padroncharcas - DEBUG -     gz_id=2000217 'san juan obispo' score=1.000 nombre=False saint_only=True terr= phase=candidate
2026-07-02 17:51:24 - matching_padroncharcas - DEBUG -     gz_id=2000229 'cojutepeque' score=1.000 nombre=False saint_only=True terr= phase=candidate
2026-07-02 17:51:24 - matching_padroncharcas - DEBUG -     gz_id=2000229 'cojutepeque' score=1.000 nombre=False saint_only=True terr= phase=candidate
2026-07-02 17:51:24 - matching_padroncharcas - DEBUG -     gz_id=2000231 'olocuilta' score=1.000 nombre=False saint_only=True terr= phase=candidate
2026-07-02 17:51:24 - matching_padroncharcas - DEBUG -     gz_id=2000231 'olocuilta' score=1.000 nombre=False saint_only=True terr= phase=candidate
2026-07-02 17:51:24 - matching_padroncharcas - DEBUG -     gz_id=2000233 'chalatenango' score=1.000 nombre=False saint_only=True terr= phase=candidate
2026-07-02 17:51:24 - matching_padroncharcas - DEBUG -     gz_id=2000233 'chalatenango' score=1.000 nombre=False saint_only=True terr= phase=candidate
2026-07-02 17:51:24 - matching_padroncharcas - DEBUG -     gz_id=2000233 'chalatenango' score=1.000 nombre=False saint_only=True terr= phase=candidate
2026-07-02 17:51:24 - matching_padroncharcas - DEBUG -     gz_id=2000244 'chinameca' score=1.000 nombre=False saint_only=True terr= phase=candidate
2026-07-02 17:51:24 - matching_padroncharcas - DEBUG -     gz_id=2000244 'chinameca' score=1.000 nombre=False saint_only=True terr= phase=candidate
2026-07-02 17:51:24 - matching_padroncharcas - DEBUG -     gz_id=2000300 'moiuta' score=1.000 nombre=False saint_only=True terr= phase=candidate
2026-07-02 17:51:24 - matching_padroncharcas - DEBUG -     gz_id=2000309 'iaiantique' score=1.000 nombre=False saint_only=True terr= phase=candidate
2026-07-02 17:51:24 - matching_padroncharcas - DEBUG -     gz_id=2000309 'iaiantique' score=1.000 nombre=False saint_only=True terr= phase=candidate
2026-07-02 17:51:24 - matching_padroncharcas - DEBUG -     gz_id=2000311 'ocicala' score=1.000 nombre=False saint_only=True terr= phase=candidate
2026-07-02 17:51:24 - matching_padroncharcas - DEBUG -     gz_id=2000311 'ocicala' score=1.000 nombre=False saint_only=True terr= phase=candidate
2026-07-02 17:51:24 - matching_padroncharcas - DEBUG -     gz_id=2000313 'opico' score=1.000 nombre=False saint_only=True terr= phase=candidate
2026-07-02 17:51:24 - matching_padroncharcas - DEBUG -     gz_id=2000313 'opico' score=1.000 nombre=False saint_only=True terr= phase=candidate
2026-07-02 17:51:24 - matching_padroncharcas - DEBUG -     gz_id=2000333 'chamelco' score=1.000 nombre=False saint_only=True terr= phase=candidate
2026-07-02 17:51:24 - matching_padroncharcas - DEBUG -     gz_id=2000337 'atitan' score=1.000 nombre=False saint_only=True terr= phase=candidate
2026-07-02 17:51:24 - matching_padroncharcas - DEBUG -     gz_id=2000347 'ixcoi' score=1.000 nombre=False saint_only=True terr= phase=candidate
2026-07-02 17:51:24 - matching_padroncharcas - DEBUG -     gz_id=2000386 'san juan dios' score=1.000 nombre=False saint_only=True terr= phase=candidate
2026-07-02 17:51:24 - matching_padroncharcas - DEBUG -     gz_id=2000397 'san juan lahuna' score=1.000 nombre=False saint_only=True terr= phase=candidate
2026-07-02 17:51:24 - matching_padroncharcas - DEBUG -     gz_id=2000403 'leprosos' score=1.000 nombre=False saint_only=True terr= phase=candidate
2026-07-02 17:51:24 - matching_padroncharcas - DEBUG -     gz_id=2000425 'atepam masahua' score=1.000 nombre=False saint_only=True terr= phase=candidate
2026-07-02 17:51:24 - matching_padroncharcas - DEBUG -     gz_id=2000425 'atepam masahua' score=1.000 nombre=False saint_only=True terr= phase=candidate
2026-07-02 17:51:24 - matching_padroncharcas - DEBUG -     gz_id=2000425 'atepam masahua' score=1.000 nombre=False saint_only=True terr= phase=candidate
2026-07-02 17:51:24 - matching_padroncharcas - DEBUG -     gz_id=2000446 'talpa' score=1.000 nombre=False saint_only=True terr= phase=candidate
2026-07-02 17:51:24 - matching_padroncharcas - DEBUG -     gz_id=2000446 'talpa' score=1.000 nombre=False saint_only=True terr= phase=candidate
2026-07-02 17:51:24 - matching_padroncharcas - DEBUG -     gz_id=2000451 'san juan nonualco' score=1.000 nombre=False saint_only=True terr= phase=candidate
2026-07-02 17:51:24 - matching_padroncharcas - DEBUG -     gz_id=2000451 'san juan nonualco' score=1.000 nombre=False saint_only=True terr= phase=candidate
2026-07-02 17:51:24 - matching_padroncharcas - DEBUG -     gz_id=2000460 'san juan tepesontes' score=1.000 nombre=False saint_only=True terr= phase=candidate
2026-07-02 17:51:24 - matching_padroncharcas - DEBUG -     gz_id=2000460 'san juan tepesontes' score=1.000 nombre=False saint_only=True terr= phase=candidate
2026-07-02 17:51:24 - matching_padroncharcas - DEBUG -     gz_id=2000508 'poloros' score=1.000 nombre=False saint_only=True terr= phase=candidate
2026-07-02 17:51:24 - matching_padroncharcas - DEBUG -     gz_id=2000508 'poloros' score=1.000 nombre=False saint_only=True terr= phase=candidate
2026-07-02 17:51:24 - matching_padroncharcas - DEBUG -     gz_id=2000576 'san juan' score=1.000 nombre=False saint_only=True terr= phase=candidate
2026-07-02 17:51:24 - matching_padroncharcas - DEBUG -     gz_id=2000576 'san juan' score=1.000 nombre=False saint_only=True terr= phase=candidate
2026-07-02 17:51:24 - matching_padroncharcas - DEBUG -     gz_id=2000576 'san juan' score=1.000 nombre=False saint_only=True terr= phase=candidate
2026-07-02 17:51:24 - matching_padroncharcas - DEBUG -     gz_id=2000576 'san juan' score=1.000 nombre=False saint_only=True terr= phase=candidate
2026-07-02 17:51:24 - matching_padroncharcas - DEBUG -     gz_id=2000576 'san juan' score=1.000 nombre=False saint_only=True terr= phase=candidate
2026-07-02 17:51:24 - matching_padroncharcas - DEBUG -     gz_id=2000620 'san juan laborios' score=1.000 nombre=False saint_only=True terr= phase=candidate
2026-07-02 17:51:24 - matching_padroncharcas - DEBUG -     gz_id=2000620 'san juan laborios' score=1.000 nombre=False saint_only=True terr= phase=candidate
2026-07-02 17:51:24 - matching_padroncharcas - DEBUG -     gz_id=2000637 'san juan namotiba' score=1.000 nombre=False saint_only=True terr= phase=candidate
2026-07-02 17:51:24 - matching_padroncharcas - DEBUG -     gz_id=2000637 'san juan namotiba' score=1.000 nombre=False saint_only=True terr= phase=candidate
2026-07-02 17:51:24 - matching_padroncharcas - DEBUG -     gz_id=2000683 'concepcion' score=1.000 nombre=False saint_only=False terr= phase=candidate
2026-07-02 17:51:24 - matching_padroncharcas - DEBUG -     gz_id=2000683 'concepcion' score=1.000 nombre=False saint_only=False terr= phase=candidate
2026-07-02 17:51:24 - matching_padroncharcas - DEBUG -     gz_id=2000683 'concepcion' score=1.000 nombre=False saint_only=False terr= phase=candidate
2026-07-02 17:51:24 - matching_padroncharcas - DEBUG -     gz_id=2000701 'san juan' score=1.000 nombre=True saint_only=False terr= phase=auto_adopt
2026-07-02 17:51:24 - matching_padroncharcas - DEBUG -     gz_id=2000701 'san juan' score=1.000 nombre=True saint_only=False terr= phase=auto_adopt
2026-07-02 17:51:24 - matching_padroncharcas - DEBUG -     gz_id=2000701 'san juan' score=1.000 nombre=True saint_only=False terr= phase=auto_adopt
2026-07-02 17:51:24 - matching_padroncharcas - DEBUG -     gz_id=2000749 'san juan gascon' score=1.000 nombre=False saint_only=True terr= phase=candidate
2026-07-02 17:51:24 - matching_padroncharcas - DEBUG -     gz_id=2000749 'san juan gascon' score=1.000 nombre=False saint_only=True terr= phase=candidate
2026-07-02 17:51:24 - matching_padroncharcas - DEBUG -     gz_id=2000749 'san juan gascon' score=1.000 nombre=False saint_only=True terr= phase=candidate
2026-07-02 17:51:24 - matching_padroncharcas - DEBUG -     gz_id=2000779 'san juan hermita' score=1.000 nombre=False saint_only=True terr= phase=candidate
2026-07-02 17:51:24 - matching_padroncharcas - DEBUG -     gz_id=2000779 'san juan hermita' score=1.000 nombre=False saint_only=True terr= phase=candidate
2026-07-02 17:51:24 - matching_padroncharcas - DEBUG -     gz_id=2000816 'san juan mixtan' score=1.000 nombre=False saint_only=True terr= phase=candidate
2026-07-02 17:51:24 - matching_padroncharcas - DEBUG -     gz_id=2000912 'san juan' score=1.000 nombre=True saint_only=False terr= phase=auto_adopt
2026-07-02 17:51:24 - matching_padroncharcas - DEBUG -     gz_id=2000912 'san juan' score=1.000 nombre=True saint_only=False terr= phase=auto_adopt
2026-07-02 17:51:24 - matching_padroncharcas - DEBUG -     gz_id=2000969 'boca rio san juan' score=1.000 nombre=False saint_only=True terr= phase=candidate
2026-07-02 17:51:24 - matching_padroncharcas - DEBUG -     gz_id=2000969 'boca rio san juan' score=1.000 nombre=False saint_only=True terr= phase=candidate
2026-07-02 17:51:24 - matching_padroncharcas - DEBUG -     gz_id=3000003 'san juan' score=1.000 nombre=True saint_only=False terr= phase=auto_adopt
2026-07-02 17:51:24 - matching_padroncharcas - DEBUG -     gz_id=3000003 'san juan' score=1.000 nombre=True saint_only=False terr= phase=auto_adopt
2026-07-02 17:51:24 - matching_padroncharcas - DEBUG -     gz_id=3000018 'remedios' score=1.000 nombre=False saint_only=False terr= phase=candidate
2026-07-02 17:51:24 - matching_padroncharcas - DEBUG -     gz_id=3000018 'remedios' score=1.000 nombre=False saint_only=False terr= phase=candidate
2026-07-02 17:51:24 - matching_padroncharcas - DEBUG -     gz_id=3000018 'remedios' score=1.000 nombre=False saint_only=False terr= phase=candidate
2026-07-02 17:51:24 - matching_padroncharcas - DEBUG -     gz_id=3000018 'remedios' score=1.000 nombre=False saint_only=False terr= phase=candidate
2026-07-02 17:51:24 - matching_padroncharcas - DEBUG -     gz_id=3000018 'remedios' score=1.000 nombre=False saint_only=False terr= phase=candidate
2026-07-02 17:51:24 - matching_padroncharcas - DEBUG -     gz_id=3000021 'jaruco' score=1.000 nombre=False saint_only=True terr= phase=candidate
2026-07-02 17:51:24 - matching_padroncharcas - DEBUG -     gz_id=3000021 'jaruco' score=1.000 nombre=False saint_only=True terr= phase=candidate
2026-07-02 17:51:24 - matching_padroncharcas - DEBUG -     gz_id=3000021 'jaruco' score=1.000 nombre=False saint_only=True terr= phase=candidate
2026-07-02 17:51:24 - matching_padroncharcas - DEBUG -     gz_id=3000021 'jaruco' score=1.000 nombre=False saint_only=True terr= phase=candidate
2026-07-02 17:51:24 - matching_padroncharcas - DEBUG -     gz_id=3000021 'jaruco' score=1.000 nombre=False saint_only=True terr= phase=candidate
2026-07-02 17:51:24 - matching_padroncharcas - DEBUG -     gz_id=3000107 'san juan i martines' score=1.000 nombre=False saint_only=True terr= phase=candidate
2026-07-02 17:51:24 - matching_padroncharcas - DEBUG -     gz_id=3000107 'san juan i martines' score=1.000 nombre=False saint_only=True terr= phase=candidate
2026-07-02 17:51:24 - matching_padroncharcas - DEBUG -     gz_id=3000107 'san juan i martines' score=1.000 nombre=False saint_only=True terr= phase=candidate
2026-07-02 17:51:24 - matching_padroncharcas - DEBUG -     gz_id=3000107 'san juan i martines' score=1.000 nombre=False saint_only=True terr= phase=candidate
2026-07-02 17:51:24 - matching_padroncharcas - DEBUG -     gz_id=3000107 'san juan i martines' score=1.000 nombre=False saint_only=True terr= phase=candidate
2026-07-02 17:51:24 - matching_padroncharcas - DEBUG -     gz_id=3000177 'balle san juan' score=1.000 nombre=False saint_only=True terr= phase=candidate
2026-07-02 17:51:24 - matching_padroncharcas - DEBUG -     gz_id=3000177 'balle san juan' score=1.000 nombre=False saint_only=True terr= phase=candidate
2026-07-02 17:51:24 - matching_padroncharcas - DEBUG -     gz_id=3000177 'balle san juan' score=1.000 nombre=False saint_only=True terr= phase=candidate
2026-07-02 17:51:24 - matching_padroncharcas - DEBUG -     gz_id=3000310 'san juan bautista alemanes' score=1.000 nombre=False saint_only=True terr= phase=candidate
2026-07-02 17:51:24 - matching_padroncharcas - DEBUG -     gz_id=3000310 'san juan bautista alemanes' score=1.000 nombre=False saint_only=True terr= phase=candidate
2026-07-02 17:51:24 - matching_padroncharcas - DEBUG -     gz_id=3000310 'san juan bautista alemanes' score=1.000 nombre=False saint_only=True terr= phase=candidate
2026-07-02 17:51:24 - matching_padroncharcas - DEBUG -     gz_id=3000310 'san juan bautista alemanes' score=1.000 nombre=False saint_only=True terr= phase=candidate
2026-07-02 17:51:24 - matching_padroncharcas - DEBUG -     gz_id=3000310 'san juan bautista alemanes' score=1.000 nombre=False saint_only=True terr= phase=candidate
2026-07-02 17:51:24 - matching_padroncharcas - DEBUG -     gz_id=4000017 'pao' score=1.000 nombre=False saint_only=True terr= phase=candidate
2026-07-02 17:51:24 - matching_padroncharcas - DEBUG -     gz_id=4000017 'pao' score=1.000 nombre=False saint_only=True terr= phase=candidate
2026-07-02 17:51:24 - matching_padroncharcas - DEBUG -     gz_id=4000017 'pao' score=1.000 nombre=False saint_only=True terr= phase=candidate
2026-07-02 17:51:24 - matching_padroncharcas - DEBUG -     gz_id=4000017 'pao' score=1.000 nombre=False saint_only=True terr= phase=candidate
2026-07-02 17:51:24 - matching_padroncharcas - DEBUG -     gz_id=4000017 'pao' score=1.000 nombre=False saint_only=True terr= phase=candidate
2026-07-02 17:51:24 - matching_padroncharcas - DEBUG -     gz_id=4000017 'pao' score=1.000 nombre=False saint_only=True terr= phase=candidate
2026-07-02 17:51:24 - matching_padroncharcas - DEBUG -     gz_id=4000017 'pao' score=1.000 nombre=False saint_only=True terr= phase=candidate
2026-07-02 17:51:24 - matching_padroncharcas - DEBUG -     gz_id=4000022 'ospino' score=1.000 nombre=False saint_only=True terr= phase=candidate
2026-07-02 17:51:24 - matching_padroncharcas - DEBUG -     gz_id=4000022 'ospino' score=1.000 nombre=False saint_only=True terr= phase=candidate
2026-07-02 17:51:24 - matching_padroncharcas - DEBUG -     gz_id=4000022 'ospino' score=1.000 nombre=False saint_only=True terr= phase=candidate
2026-07-02 17:51:24 - matching_padroncharcas - DEBUG -     gz_id=4000022 'ospino' score=1.000 nombre=False saint_only=True terr= phase=candidate
2026-07-02 17:51:24 - matching_padroncharcas - DEBUG -     gz_id=4000022 'ospino' score=1.000 nombre=False saint_only=True terr= phase=candidate
2026-07-02 17:51:24 - matching_padroncharcas - DEBUG -     gz_id=4000022 'ospino' score=1.000 nombre=False saint_only=True terr= phase=candidate
2026-07-02 17:51:24 - matching_padroncharcas - DEBUG -     gz_id=4000022 'ospino' score=1.000 nombre=False saint_only=True terr= phase=candidate
2026-07-02 17:51:24 - matching_padroncharcas - DEBUG -     gz_id=4000022 'ospino' score=1.000 nombre=False saint_only=True terr= phase=candidate
2026-07-02 17:51:24 - matching_padroncharcas - DEBUG -     gz_id=4000168 'san juan morros' score=1.000 nombre=False saint_only=True terr= phase=candidate
2026-07-02 17:51:24 - matching_padroncharcas - DEBUG -     gz_id=4000168 'san juan morros' score=1.000 nombre=False saint_only=True terr= phase=candidate
2026-07-02 17:51:24 - matching_padroncharcas - DEBUG -     gz_id=4000168 'san juan morros' score=1.000 nombre=False saint_only=True terr= phase=candidate
2026-07-02 17:51:24 - matching_padroncharcas - DEBUG -     gz_id=4000168 'san juan morros' score=1.000 nombre=False saint_only=True terr= phase=candidate
2026-07-02 17:51:24 - matching_padroncharcas - DEBUG -     gz_id=4000168 'san juan morros' score=1.000 nombre=False saint_only=True terr= phase=candidate
2026-07-02 17:51:24 - matching_padroncharcas - DEBUG -     gz_id=4000168 'san juan morros' score=1.000 nombre=False saint_only=True terr= phase=candidate
2026-07-02 17:51:24 - matching_padroncharcas - DEBUG -     gz_id=4000168 'san juan morros' score=1.000 nombre=False saint_only=True terr= phase=candidate
2026-07-02 17:51:24 - matching_padroncharcas - DEBUG -     gz_id=4000195 'paracotos' score=1.000 nombre=False saint_only=True terr= phase=candidate
2026-07-02 17:51:24 - matching_padroncharcas - DEBUG -     gz_id=4000195 'paracotos' score=1.000 nombre=False saint_only=True terr= phase=candidate
2026-07-02 17:51:24 - matching_padroncharcas - DEBUG -     gz_id=4000195 'paracotos' score=1.000 nombre=False saint_only=True terr= phase=candidate
2026-07-02 17:51:24 - matching_padroncharcas - DEBUG -     gz_id=4000195 'paracotos' score=1.000 nombre=False saint_only=True terr= phase=candidate
2026-07-02 17:51:24 - matching_padroncharcas - DEBUG -     gz_id=4000195 'paracotos' score=1.000 nombre=False saint_only=True terr= phase=candidate
2026-07-02 17:51:24 - matching_padroncharcas - DEBUG -     gz_id=4000195 'paracotos' score=1.000 nombre=False saint_only=True terr= phase=candidate
2026-07-02 17:51:24 - matching_padroncharcas - DEBUG -     gz_id=4000249 'san juan bega' score=1.000 nombre=False saint_only=True terr= phase=candidate
2026-07-02 17:51:24 - matching_padroncharcas - DEBUG -     gz_id=4000249 'san juan bega' score=1.000 nombre=False saint_only=True terr= phase=candidate
2026-07-02 17:51:24 - matching_padroncharcas - DEBUG -     gz_id=4000249 'san juan bega' score=1.000 nombre=False saint_only=True terr= phase=candidate
2026-07-02 17:51:24 - matching_padroncharcas - DEBUG -     gz_id=4000249 'san juan bega' score=1.000 nombre=False saint_only=True terr= phase=candidate
2026-07-02 17:51:24 - matching_padroncharcas - DEBUG -     gz_id=4000249 'san juan bega' score=1.000 nombre=False saint_only=True terr= phase=candidate
2026-07-02 17:51:24 - matching_padroncharcas - DEBUG -     gz_id=4000249 'san juan bega' score=1.000 nombre=False saint_only=True terr= phase=candidate
2026-07-02 17:51:24 - matching_padroncharcas - DEBUG -     gz_id=4000253 'san juan mahuai' score=1.000 nombre=False saint_only=True terr= phase=candidate
2026-07-02 17:51:24 - matching_padroncharcas - DEBUG -     gz_id=4000253 'san juan mahuai' score=1.000 nombre=False saint_only=True terr= phase=candidate
2026-07-02 17:51:24 - matching_padroncharcas - DEBUG -     gz_id=4000253 'san juan mahuai' score=1.000 nombre=False saint_only=True terr= phase=candidate
2026-07-02 17:51:24 - matching_padroncharcas - DEBUG -     gz_id=4000253 'san juan mahuai' score=1.000 nombre=False saint_only=True terr= phase=candidate
2026-07-02 17:51:24 - matching_padroncharcas - DEBUG -     gz_id=4000253 'san juan mahuai' score=1.000 nombre=False saint_only=True terr= phase=candidate
2026-07-02 17:51:24 - matching_padroncharcas - DEBUG -     gz_id=4000253 'san juan mahuai' score=1.000 nombre=False saint_only=True terr= phase=candidate
2026-07-02 17:51:24 - matching_padroncharcas - DEBUG -     gz_id=4000324 'macarapana' score=1.000 nombre=False saint_only=True terr= phase=candidate
2026-07-02 17:51:24 - matching_padroncharcas - DEBUG -     gz_id=4000324 'macarapana' score=1.000 nombre=False saint_only=True terr= phase=candidate
2026-07-02 17:51:24 - matching_padroncharcas - DEBUG -     gz_id=4000324 'macarapana' score=1.000 nombre=False saint_only=True terr= phase=candidate
2026-07-02 17:51:24 - matching_padroncharcas - DEBUG -     gz_id=4000324 'macarapana' score=1.000 nombre=False saint_only=True terr= phase=candidate
2026-07-02 17:51:24 - matching_padroncharcas - DEBUG -     gz_id=4000324 'macarapana' score=1.000 nombre=False saint_only=True terr= phase=candidate
2026-07-02 17:51:24 - matching_padroncharcas - DEBUG -     gz_id=4000324 'macarapana' score=1.000 nombre=False saint_only=True terr= phase=candidate
2026-07-02 17:51:24 - matching_padroncharcas - DEBUG -     gz_id=4000324 'macarapana' score=1.000 nombre=False saint_only=True terr= phase=candidate
2026-07-02 17:51:24 - matching_padroncharcas - DEBUG -     gz_id=4000324 'macarapana' score=1.000 nombre=False saint_only=True terr= phase=candidate
2026-07-02 17:51:24 - matching_padroncharcas - DEBUG -     gz_id=4000326 'san juan' score=1.000 nombre=True saint_only=False terr= phase=auto_adopt
2026-07-02 17:51:24 - matching_padroncharcas - DEBUG -     gz_id=4000326 'san juan' score=1.000 nombre=True saint_only=False terr= phase=auto_adopt
2026-07-02 17:51:24 - matching_padroncharcas - DEBUG -     gz_id=4000326 'san juan' score=1.000 nombre=True saint_only=False terr= phase=auto_adopt
2026-07-02 17:51:24 - matching_padroncharcas - DEBUG -     gz_id=4000326 'san juan' score=1.000 nombre=True saint_only=False terr= phase=auto_adopt
2026-07-02 17:51:24 - matching_padroncharcas - DEBUG -     gz_id=4000326 'san juan' score=1.000 nombre=True saint_only=False terr= phase=auto_adopt
2026-07-02 17:51:24 - matching_padroncharcas - DEBUG -     gz_id=4000326 'san juan' score=1.000 nombre=True saint_only=False terr= phase=auto_adopt
2026-07-02 17:51:24 - matching_padroncharcas - DEBUG -     gz_id=4000326 'san juan' score=1.000 nombre=True saint_only=False terr= phase=auto_adopt
2026-07-02 17:51:24 - matching_padroncharcas - DEBUG -     gz_id=4000333 'tocuio' score=1.000 nombre=False saint_only=True terr= phase=candidate
2026-07-02 17:51:24 - matching_padroncharcas - DEBUG -     gz_id=4000333 'tocuio' score=1.000 nombre=False saint_only=True terr= phase=candidate
2026-07-02 17:51:24 - matching_padroncharcas - DEBUG -     gz_id=4000333 'tocuio' score=1.000 nombre=False saint_only=True terr= phase=candidate
2026-07-02 17:51:24 - matching_padroncharcas - DEBUG -     gz_id=4000333 'tocuio' score=1.000 nombre=False saint_only=True terr= phase=candidate
2026-07-02 17:51:24 - matching_padroncharcas - DEBUG -     gz_id=4000333 'tocuio' score=1.000 nombre=False saint_only=True terr= phase=candidate
2026-07-02 17:51:24 - matching_padroncharcas - DEBUG -     gz_id=4000333 'tocuio' score=1.000 nombre=False saint_only=True terr= phase=candidate
2026-07-02 17:51:24 - matching_padroncharcas - DEBUG -     gz_id=4000334 'puruei' score=1.000 nombre=False saint_only=True terr= phase=candidate
2026-07-02 17:51:24 - matching_padroncharcas - DEBUG -     gz_id=4000334 'puruei' score=1.000 nombre=False saint_only=True terr= phase=candidate
2026-07-02 17:51:24 - matching_padroncharcas - DEBUG -     gz_id=4000334 'puruei' score=1.000 nombre=False saint_only=True terr= phase=candidate
2026-07-02 17:51:24 - matching_padroncharcas - DEBUG -     gz_id=4000334 'puruei' score=1.000 nombre=False saint_only=True terr= phase=candidate
2026-07-02 17:51:24 - matching_padroncharcas - DEBUG -     gz_id=4000334 'puruei' score=1.000 nombre=False saint_only=True terr= phase=candidate
2026-07-02 17:51:24 - matching_padroncharcas - DEBUG -     gz_id=4000334 'puruei' score=1.000 nombre=False saint_only=True terr= phase=candidate
2026-07-02 17:51:24 - matching_padroncharcas - DEBUG -     gz_id=4000351 'carinicuao' score=1.000 nombre=False saint_only=True terr= phase=candidate
2026-07-02 17:51:24 - matching_padroncharcas - DEBUG -     gz_id=4000351 'carinicuao' score=1.000 nombre=False saint_only=True terr= phase=candidate
2026-07-02 17:51:24 - matching_padroncharcas - DEBUG -     gz_id=4000351 'carinicuao' score=1.000 nombre=False saint_only=True terr= phase=candidate
2026-07-02 17:51:24 - matching_padroncharcas - DEBUG -     gz_id=4000351 'carinicuao' score=1.000 nombre=False saint_only=True terr= phase=candidate
2026-07-02 17:51:24 - matching_padroncharcas - DEBUG -     gz_id=4000351 'carinicuao' score=1.000 nombre=False saint_only=True terr= phase=candidate
2026-07-02 17:51:24 - matching_padroncharcas - DEBUG -     gz_id=4000351 'carinicuao' score=1.000 nombre=False saint_only=True terr= phase=candidate
2026-07-02 17:51:24 - matching_padroncharcas - DEBUG -     gz_id=4000351 'carinicuao' score=1.000 nombre=False saint_only=True terr= phase=candidate
2026-07-02 17:51:24 - matching_padroncharcas - DEBUG -     gz_id=4000380 'soro' score=1.000 nombre=False saint_only=True terr= phase=candidate
2026-07-02 17:51:24 - matching_padroncharcas - DEBUG -     gz_id=4000380 'soro' score=1.000 nombre=False saint_only=True terr= phase=candidate
2026-07-02 17:51:24 - matching_padroncharcas - DEBUG -     gz_id=4000380 'soro' score=1.000 nombre=False saint_only=True terr= phase=candidate
2026-07-02 17:51:24 - matching_padroncharcas - DEBUG -     gz_id=4000380 'soro' score=1.000 nombre=False saint_only=True terr= phase=candidate
2026-07-02 17:51:24 - matching_padroncharcas - DEBUG -     gz_id=4000380 'soro' score=1.000 nombre=False saint_only=True terr= phase=candidate
2026-07-02 17:51:24 - matching_padroncharcas - DEBUG -     gz_id=4000390 'balle san juan' score=1.000 nombre=False saint_only=True terr= phase=candidate
2026-07-02 17:51:24 - matching_padroncharcas - DEBUG -     gz_id=4000390 'balle san juan' score=1.000 nombre=False saint_only=True terr= phase=candidate
2026-07-02 17:51:24 - matching_padroncharcas - DEBUG -     gz_id=4000390 'balle san juan' score=1.000 nombre=False saint_only=True terr= phase=candidate
2026-07-02 17:51:24 - matching_padroncharcas - DEBUG -     gz_id=4000390 'balle san juan' score=1.000 nombre=False saint_only=True terr= phase=candidate
2026-07-02 17:51:24 - matching_padroncharcas - DEBUG -     gz_id=4000390 'balle san juan' score=1.000 nombre=False saint_only=True terr= phase=candidate
2026-07-02 17:51:24 - matching_padroncharcas - DEBUG -     gz_id=4000390 'balle san juan' score=1.000 nombre=False saint_only=True terr= phase=candidate
2026-07-02 17:51:24 - matching_padroncharcas - DEBUG -     gz_id=4000390 'balle san juan' score=1.000 nombre=False saint_only=True terr= phase=candidate
2026-07-02 17:51:24 - matching_padroncharcas - DEBUG -     gz_id=4000401 'atures' score=1.000 nombre=False saint_only=True terr= phase=candidate
2026-07-02 17:51:24 - matching_padroncharcas - DEBUG -     gz_id=4000401 'atures' score=1.000 nombre=False saint_only=True terr= phase=candidate
2026-07-02 17:51:24 - matching_padroncharcas - DEBUG -     gz_id=4000401 'atures' score=1.000 nombre=False saint_only=True terr= phase=candidate
2026-07-02 17:51:24 - matching_padroncharcas - DEBUG -     gz_id=4000401 'atures' score=1.000 nombre=False saint_only=True terr= phase=candidate
2026-07-02 17:51:24 - matching_padroncharcas - DEBUG -     gz_id=4000401 'atures' score=1.000 nombre=False saint_only=True terr= phase=candidate
2026-07-02 17:51:24 - matching_padroncharcas - DEBUG -     gz_id=4000401 'atures' score=1.000 nombre=False saint_only=True terr= phase=candidate
2026-07-02 17:51:24 - matching_padroncharcas - DEBUG -     gz_id=4000521 'buenabista' score=1.000 nombre=False saint_only=True terr= phase=candidate
2026-07-02 17:51:24 - matching_padroncharcas - DEBUG -     gz_id=4000521 'buenabista' score=1.000 nombre=False saint_only=True terr= phase=candidate
2026-07-02 17:51:24 - matching_padroncharcas - DEBUG -     gz_id=4000521 'buenabista' score=1.000 nombre=False saint_only=True terr= phase=candidate
2026-07-02 17:51:24 - matching_padroncharcas - DEBUG -     gz_id=4000521 'buenabista' score=1.000 nombre=False saint_only=True terr= phase=candidate
2026-07-02 17:51:24 - matching_padroncharcas - DEBUG -     gz_id=4000530 'san juan' score=1.000 nombre=True saint_only=False terr= phase=auto_adopt
2026-07-02 17:51:24 - matching_padroncharcas - DEBUG -     gz_id=4000530 'san juan' score=1.000 nombre=True saint_only=False terr= phase=auto_adopt
2026-07-02 17:51:24 - matching_padroncharcas - DEBUG -     gz_id=4000530 'san juan' score=1.000 nombre=True saint_only=False terr= phase=auto_adopt
2026-07-02 17:51:24 - matching_padroncharcas - DEBUG -     gz_id=4000530 'san juan' score=1.000 nombre=True saint_only=False terr= phase=auto_adopt
2026-07-02 17:51:24 - matching_padroncharcas - DEBUG -     gz_id=4000530 'san juan' score=1.000 nombre=True saint_only=False terr= phase=auto_adopt
2026-07-02 17:51:24 - matching_padroncharcas - DEBUG -     gz_id=4000530 'san juan' score=1.000 nombre=True saint_only=False terr= phase=auto_adopt
2026-07-02 17:51:24 - matching_padroncharcas - DEBUG -     gz_id=4000530 'san juan' score=1.000 nombre=True saint_only=False terr= phase=auto_adopt
2026-07-02 17:51:24 - matching_padroncharcas - DEBUG -     gz_id=4000551 'san juan nepomuceno' score=1.000 nombre=False saint_only=True terr= phase=candidate
2026-07-02 17:51:24 - matching_padroncharcas - DEBUG -     gz_id=4000551 'san juan nepomuceno' score=1.000 nombre=False saint_only=True terr= phase=candidate
2026-07-02 17:51:24 - matching_padroncharcas - DEBUG -     gz_id=4000551 'san juan nepomuceno' score=1.000 nombre=False saint_only=True terr= phase=candidate
2026-07-02 17:51:24 - matching_padroncharcas - DEBUG -     gz_id=4000551 'san juan nepomuceno' score=1.000 nombre=False saint_only=True terr= phase=candidate
2026-07-02 17:51:24 - matching_padroncharcas - DEBUG -     gz_id=4000551 'san juan nepomuceno' score=1.000 nombre=False saint_only=True terr= phase=candidate
2026-07-02 17:51:24 - matching_padroncharcas - DEBUG -     gz_id=4000580 'maracapana' score=1.000 nombre=False saint_only=True terr= phase=candidate
2026-07-02 17:51:24 - matching_padroncharcas - DEBUG -     gz_id=4000580 'maracapana' score=1.000 nombre=False saint_only=True terr= phase=candidate
2026-07-02 17:51:24 - matching_padroncharcas - DEBUG -     gz_id=4000580 'maracapana' score=1.000 nombre=False saint_only=True terr= phase=candidate
2026-07-02 17:51:24 - matching_padroncharcas - DEBUG -     gz_id=4000580 'maracapana' score=1.000 nombre=False saint_only=True terr= phase=candidate
2026-07-02 17:51:24 - matching_padroncharcas - DEBUG -     gz_id=4000580 'maracapana' score=1.000 nombre=False saint_only=True terr= phase=candidate
2026-07-02 17:51:24 - matching_padroncharcas - DEBUG -     gz_id=4000580 'maracapana' score=1.000 nombre=False saint_only=True terr= phase=candidate
2026-07-02 17:51:24 - matching_padroncharcas - DEBUG -     gz_id=4000580 'maracapana' score=1.000 nombre=False saint_only=True terr= phase=candidate
2026-07-02 17:51:24 - matching_padroncharcas - DEBUG -     gz_id=4000648 'carache' score=1.000 nombre=False saint_only=True terr= phase=candidate
2026-07-02 17:51:24 - matching_padroncharcas - DEBUG -     gz_id=4000648 'carache' score=1.000 nombre=False saint_only=True terr= phase=candidate
2026-07-02 17:51:24 - matching_padroncharcas - DEBUG -     gz_id=4000648 'carache' score=1.000 nombre=False saint_only=True terr= phase=candidate
2026-07-02 17:51:24 - matching_padroncharcas - DEBUG -     gz_id=4000648 'carache' score=1.000 nombre=False saint_only=True terr= phase=candidate
2026-07-02 17:51:24 - matching_padroncharcas - DEBUG -     gz_id=4000648 'carache' score=1.000 nombre=False saint_only=True terr= phase=candidate
2026-07-02 17:51:24 - matching_padroncharcas - DEBUG -     gz_id=4000648 'carache' score=1.000 nombre=False saint_only=True terr= phase=candidate
2026-07-02 17:51:24 - matching_padroncharcas - DEBUG -     gz_id=4000662 'betijoque' score=1.000 nombre=False saint_only=True terr= phase=candidate
2026-07-02 17:51:24 - matching_padroncharcas - DEBUG -     gz_id=4000662 'betijoque' score=1.000 nombre=False saint_only=True terr= phase=candidate
2026-07-02 17:51:24 - matching_padroncharcas - DEBUG -     gz_id=4000662 'betijoque' score=1.000 nombre=False saint_only=True terr= phase=candidate
2026-07-02 17:51:24 - matching_padroncharcas - DEBUG -     gz_id=4000662 'betijoque' score=1.000 nombre=False saint_only=True terr= phase=candidate
2026-07-02 17:51:24 - matching_padroncharcas - DEBUG -     gz_id=4000694 'mucura' score=1.000 nombre=False saint_only=True terr= phase=candidate
2026-07-02 17:51:24 - matching_padroncharcas - DEBUG -     gz_id=4000694 'mucura' score=1.000 nombre=False saint_only=True terr= phase=candidate
2026-07-02 17:51:24 - matching_padroncharcas - DEBUG -     gz_id=4000694 'mucura' score=1.000 nombre=False saint_only=True terr= phase=candidate
2026-07-02 17:51:24 - matching_padroncharcas - DEBUG -     gz_id=4000694 'mucura' score=1.000 nombre=False saint_only=True terr= phase=candidate
2026-07-02 17:51:24 - matching_padroncharcas - DEBUG -     gz_id=5000028 'san juan' score=1.000 nombre=False saint_only=True terr= phase=candidate
2026-07-02 17:51:24 - matching_padroncharcas - DEBUG -     gz_id=5000028 'san juan' score=1.000 nombre=False saint_only=True terr= phase=candidate
2026-07-02 17:51:24 - matching_padroncharcas - DEBUG -     gz_id=5000108 'timirihuaco' score=1.000 nombre=False saint_only=True terr= phase=candidate
2026-07-02 17:51:24 - matching_padroncharcas - DEBUG -     gz_id=5000108 'timirihuaco' score=1.000 nombre=False saint_only=True terr= phase=candidate
2026-07-02 17:51:24 - matching_padroncharcas - DEBUG -     gz_id=5000108 'timirihuaco' score=1.000 nombre=False saint_only=True terr= phase=candidate
2026-07-02 17:51:24 - matching_padroncharcas - DEBUG -     gz_id=5000108 'timirihuaco' score=1.000 nombre=False saint_only=True terr= phase=candidate
2026-07-02 17:51:24 - matching_padroncharcas - DEBUG -     gz_id=5000119 'sampues' score=1.000 nombre=False saint_only=True terr= phase=candidate
2026-07-02 17:51:24 - matching_padroncharcas - DEBUG -     gz_id=5000119 'sampues' score=1.000 nombre=False saint_only=True terr= phase=candidate
2026-07-02 17:51:24 - matching_padroncharcas - DEBUG -     gz_id=5000119 'sampues' score=1.000 nombre=False saint_only=True terr= phase=candidate
2026-07-02 17:51:24 - matching_padroncharcas - DEBUG -     gz_id=5000119 'sampues' score=1.000 nombre=False saint_only=True terr= phase=candidate
2026-07-02 17:51:24 - matching_padroncharcas - DEBUG -     gz_id=5000119 'sampues' score=1.000 nombre=False saint_only=True terr= phase=candidate
2026-07-02 17:51:24 - matching_padroncharcas - DEBUG -     gz_id=5000122 'menchiquejo' score=1.000 nombre=False saint_only=True terr= phase=candidate
2026-07-02 17:51:24 - matching_padroncharcas - DEBUG -     gz_id=5000122 'menchiquejo' score=1.000 nombre=False saint_only=True terr= phase=candidate
2026-07-02 17:51:24 - matching_padroncharcas - DEBUG -     gz_id=5000122 'menchiquejo' score=1.000 nombre=False saint_only=True terr= phase=candidate
2026-07-02 17:51:24 - matching_padroncharcas - DEBUG -     gz_id=5000122 'menchiquejo' score=1.000 nombre=False saint_only=True terr= phase=candidate
2026-07-02 17:51:24 - matching_padroncharcas - DEBUG -     gz_id=5000122 'menchiquejo' score=1.000 nombre=False saint_only=True terr= phase=candidate
2026-07-02 17:51:24 - matching_padroncharcas - DEBUG -     gz_id=5000128 'palmas' score=1.000 nombre=False saint_only=True terr= phase=candidate
2026-07-02 17:51:24 - matching_padroncharcas - DEBUG -     gz_id=5000128 'palmas' score=1.000 nombre=False saint_only=True terr= phase=candidate
2026-07-02 17:51:24 - matching_padroncharcas - DEBUG -     gz_id=5000128 'palmas' score=1.000 nombre=False saint_only=True terr= phase=candidate
2026-07-02 17:51:24 - matching_padroncharcas - DEBUG -     gz_id=5000128 'palmas' score=1.000 nombre=False saint_only=True terr= phase=candidate
2026-07-02 17:51:24 - matching_padroncharcas - DEBUG -     gz_id=5000128 'palmas' score=1.000 nombre=False saint_only=True terr= phase=candidate
2026-07-02 17:51:24 - matching_padroncharcas - DEBUG -     gz_id=5000136 'sahahun' score=1.000 nombre=False saint_only=True terr= phase=candidate
2026-07-02 17:51:24 - matching_padroncharcas - DEBUG -     gz_id=5000136 'sahahun' score=1.000 nombre=False saint_only=True terr= phase=candidate
2026-07-02 17:51:24 - matching_padroncharcas - DEBUG -     gz_id=5000138 'san juan nepomuceno' score=1.000 nombre=False saint_only=True terr= phase=candidate
2026-07-02 17:51:24 - matching_padroncharcas - DEBUG -     gz_id=5000138 'san juan nepomuceno' score=1.000 nombre=False saint_only=True terr= phase=candidate
2026-07-02 17:51:24 - matching_padroncharcas - DEBUG -     gz_id=5000138 'san juan nepomuceno' score=1.000 nombre=False saint_only=True terr= phase=candidate
2026-07-02 17:51:24 - matching_padroncharcas - DEBUG -     gz_id=5000138 'san juan nepomuceno' score=1.000 nombre=False saint_only=True terr= phase=candidate
2026-07-02 17:51:24 - matching_padroncharcas - DEBUG -     gz_id=5000194 'chami' score=1.000 nombre=False saint_only=True terr= phase=candidate
2026-07-02 17:51:24 - matching_padroncharcas - DEBUG -     gz_id=5000194 'chami' score=1.000 nombre=False saint_only=True terr= phase=candidate
2026-07-02 17:51:24 - matching_padroncharcas - DEBUG -     gz_id=5000194 'chami' score=1.000 nombre=False saint_only=True terr= phase=candidate
2026-07-02 17:51:24 - matching_padroncharcas - DEBUG -     gz_id=5000221 'balle san juan' score=1.000 nombre=False saint_only=True terr= phase=candidate
2026-07-02 17:51:24 - matching_padroncharcas - DEBUG -     gz_id=5000291 'penonome' score=1.000 nombre=False saint_only=True terr= phase=candidate
2026-07-02 17:51:24 - matching_padroncharcas - DEBUG -     gz_id=5000291 'penonome' score=1.000 nombre=False saint_only=True terr= phase=candidate
2026-07-02 17:51:24 - matching_padroncharcas - DEBUG -     gz_id=5000291 'penonome' score=1.000 nombre=False saint_only=True terr= phase=candidate
2026-07-02 17:51:24 - matching_padroncharcas - DEBUG -     gz_id=5000291 'penonome' score=1.000 nombre=False saint_only=True terr= phase=candidate
2026-07-02 17:51:24 - matching_padroncharcas - DEBUG -     gz_id=5000291 'penonome' score=1.000 nombre=False saint_only=True terr= phase=candidate
2026-07-02 17:51:24 - matching_padroncharcas - DEBUG -     gz_id=5000296 'san juan' score=1.000 nombre=False saint_only=True terr= phase=candidate
2026-07-02 17:51:24 - matching_padroncharcas - DEBUG -     gz_id=5000296 'san juan' score=1.000 nombre=False saint_only=True terr= phase=candidate
2026-07-02 17:51:24 - matching_padroncharcas - DEBUG -     gz_id=5000296 'san juan' score=1.000 nombre=False saint_only=True terr= phase=candidate
2026-07-02 17:51:24 - matching_padroncharcas - DEBUG -     gz_id=5000296 'san juan' score=1.000 nombre=False saint_only=True terr= phase=candidate
2026-07-02 17:51:24 - matching_padroncharcas - DEBUG -     gz_id=5000296 'san juan' score=1.000 nombre=False saint_only=True terr= phase=candidate
2026-07-02 17:51:24 - matching_padroncharcas - DEBUG -     gz_id=5000383 'cienega' score=1.000 nombre=False saint_only=True terr= phase=candidate
2026-07-02 17:51:24 - matching_padroncharcas - DEBUG -     gz_id=5000383 'cienega' score=1.000 nombre=False saint_only=True terr= phase=candidate
2026-07-02 17:51:24 - matching_padroncharcas - DEBUG -     gz_id=5000407 'cesar' score=1.000 nombre=False saint_only=True terr= phase=candidate
2026-07-02 17:51:24 - matching_padroncharcas - DEBUG -     gz_id=5000407 'cesar' score=1.000 nombre=False saint_only=True terr= phase=candidate
2026-07-02 17:51:24 - matching_padroncharcas - DEBUG -     gz_id=5000626 'loma' score=1.000 nombre=False saint_only=True terr= phase=candidate
2026-07-02 17:51:24 - matching_padroncharcas - DEBUG -     gz_id=5000626 'loma' score=1.000 nombre=False saint_only=True terr= phase=candidate
2026-07-02 17:51:24 - matching_padroncharcas - DEBUG -     gz_id=5000744 'bega' score=1.000 nombre=False saint_only=True terr= phase=candidate
2026-07-02 17:51:24 - matching_padroncharcas - DEBUG -     gz_id=5000744 'bega' score=1.000 nombre=False saint_only=True terr= phase=candidate
2026-07-02 17:51:24 - matching_padroncharcas - DEBUG -     gz_id=5000856 'san juan bautista' score=1.000 nombre=False saint_only=True terr= phase=candidate
2026-07-02 17:51:24 - matching_padroncharcas - DEBUG -     gz_id=5000893 'bojaia' score=1.000 nombre=False saint_only=True terr= phase=candidate
2026-07-02 17:51:24 - matching_padroncharcas - DEBUG -     gz_id=5000893 'bojaia' score=1.000 nombre=False saint_only=True terr= phase=candidate
2026-07-02 17:51:24 - matching_padroncharcas - DEBUG -     gz_id=5000901 'san juan' score=1.000 nombre=True saint_only=False terr= phase=auto_adopt
2026-07-02 17:51:24 - matching_padroncharcas - DEBUG -     gz_id=5000901 'san juan' score=1.000 nombre=True saint_only=False terr= phase=auto_adopt
2026-07-02 17:51:24 - matching_padroncharcas - DEBUG -     gz_id=5600020 'pueblobiejo' score=1.000 nombre=False saint_only=True terr= phase=candidate
2026-07-02 17:51:24 - matching_padroncharcas - DEBUG -     gz_id=5600020 'pueblobiejo' score=1.000 nombre=False saint_only=True terr= phase=candidate
2026-07-02 17:51:24 - matching_padroncharcas - DEBUG -     gz_id=5600020 'pueblobiejo' score=1.000 nombre=False saint_only=True terr= phase=candidate
2026-07-02 17:51:24 - matching_padroncharcas - DEBUG -     gz_id=5600020 'pueblobiejo' score=1.000 nombre=False saint_only=True terr= phase=candidate
2026-07-02 17:51:24 - matching_padroncharcas - DEBUG -     gz_id=5600020 'pueblobiejo' score=1.000 nombre=False saint_only=True terr= phase=candidate
2026-07-02 17:51:24 - matching_padroncharcas - DEBUG -     gz_id=5600020 'pueblobiejo' score=1.000 nombre=False saint_only=True terr= phase=candidate
2026-07-02 17:51:24 - matching_padroncharcas - DEBUG -     gz_id=5600020 'pueblobiejo' score=1.000 nombre=False saint_only=True terr= phase=candidate
2026-07-02 17:51:24 - matching_padroncharcas - DEBUG -     gz_id=5600095 'ojiba' score=1.000 nombre=False saint_only=True terr= phase=candidate
2026-07-02 17:51:24 - matching_padroncharcas - DEBUG -     gz_id=5600095 'ojiba' score=1.000 nombre=False saint_only=True terr= phase=candidate
2026-07-02 17:51:24 - matching_padroncharcas - DEBUG -     gz_id=5600095 'ojiba' score=1.000 nombre=False saint_only=True terr= phase=candidate
2026-07-02 17:51:24 - matching_padroncharcas - DEBUG -     gz_id=5600095 'ojiba' score=1.000 nombre=False saint_only=True terr= phase=candidate
2026-07-02 17:51:24 - matching_padroncharcas - DEBUG -     gz_id=5600095 'ojiba' score=1.000 nombre=False saint_only=True terr= phase=candidate
2026-07-02 17:51:24 - matching_padroncharcas - DEBUG -     gz_id=5600095 'ojiba' score=1.000 nombre=False saint_only=True terr= phase=candidate
2026-07-02 17:51:24 - matching_padroncharcas - DEBUG -     gz_id=5600100 'charapoto' score=1.000 nombre=False saint_only=True terr= phase=candidate
2026-07-02 17:51:24 - matching_padroncharcas - DEBUG -     gz_id=5600100 'charapoto' score=1.000 nombre=False saint_only=True terr= phase=candidate
2026-07-02 17:51:24 - matching_padroncharcas - DEBUG -     gz_id=5600100 'charapoto' score=1.000 nombre=False saint_only=True terr= phase=candidate
2026-07-02 17:51:24 - matching_padroncharcas - DEBUG -     gz_id=5600100 'charapoto' score=1.000 nombre=False saint_only=True terr= phase=candidate
2026-07-02 17:51:24 - matching_padroncharcas - DEBUG -     gz_id=5600100 'charapoto' score=1.000 nombre=False saint_only=True terr= phase=candidate
2026-07-02 17:51:24 - matching_padroncharcas - DEBUG -     gz_id=5600155 'tabacundo' score=1.000 nombre=False saint_only=True terr= phase=candidate
2026-07-02 17:51:24 - matching_padroncharcas - DEBUG -     gz_id=5600155 'tabacundo' score=1.000 nombre=False saint_only=True terr= phase=candidate
2026-07-02 17:51:24 - matching_padroncharcas - DEBUG -     gz_id=5600155 'tabacundo' score=1.000 nombre=False saint_only=True terr= phase=candidate
2026-07-02 17:51:24 - matching_padroncharcas - DEBUG -     gz_id=5600230 'chimbacalle' score=1.000 nombre=False saint_only=True terr= phase=candidate
2026-07-02 17:51:24 - matching_padroncharcas - DEBUG -     gz_id=5600230 'chimbacalle' score=1.000 nombre=False saint_only=True terr= phase=candidate
2026-07-02 17:51:24 - matching_padroncharcas - DEBUG -     gz_id=5600230 'chimbacalle' score=1.000 nombre=False saint_only=True terr= phase=candidate
2026-07-02 17:51:24 - matching_padroncharcas - DEBUG -     gz_id=5600230 'chimbacalle' score=1.000 nombre=False saint_only=True terr= phase=candidate
2026-07-02 17:51:24 - matching_padroncharcas - DEBUG -     gz_id=5600289 'santander' score=1.000 nombre=False saint_only=True terr= phase=candidate
2026-07-02 17:51:24 - matching_padroncharcas - DEBUG -     gz_id=5600301 'san juan nepomuceno' score=1.000 nombre=False saint_only=True terr= phase=candidate
2026-07-02 17:51:24 - matching_padroncharcas - DEBUG -     gz_id=5600328 'san juan ebanjelista' score=1.000 nombre=False saint_only=True terr= phase=candidate
2026-07-02 17:51:24 - matching_padroncharcas - DEBUG -     gz_id=5600328 'san juan ebanjelista' score=1.000 nombre=False saint_only=True terr= phase=candidate
2026-07-02 17:51:24 - matching_padroncharcas - DEBUG -     gz_id=5600328 'san juan ebanjelista' score=1.000 nombre=False saint_only=True terr= phase=candidate
2026-07-02 17:51:24 - matching_padroncharcas - DEBUG -     gz_id=5600328 'san juan ebanjelista' score=1.000 nombre=False saint_only=True terr= phase=candidate
2026-07-02 17:51:24 - matching_padroncharcas - DEBUG -     gz_id=5600328 'san juan ebanjelista' score=1.000 nombre=False saint_only=True terr= phase=candidate
2026-07-02 17:51:24 - matching_padroncharcas - DEBUG -     gz_id=5600328 'san juan ebanjelista' score=1.000 nombre=False saint_only=True terr= phase=candidate
2026-07-02 17:51:24 - matching_padroncharcas - DEBUG -     gz_id=5600379 'cid' score=1.000 nombre=False saint_only=True terr= phase=candidate
2026-07-02 17:51:24 - matching_padroncharcas - DEBUG -     gz_id=5600379 'cid' score=1.000 nombre=False saint_only=True terr= phase=candidate
2026-07-02 17:51:24 - matching_padroncharcas - DEBUG -     gz_id=5600379 'cid' score=1.000 nombre=False saint_only=True terr= phase=candidate
2026-07-02 17:51:24 - matching_padroncharcas - DEBUG -     gz_id=5600379 'cid' score=1.000 nombre=False saint_only=True terr= phase=candidate
2026-07-02 17:51:24 - matching_padroncharcas - DEBUG -     gz_id=5600379 'cid' score=1.000 nombre=False saint_only=True terr= phase=candidate
2026-07-02 17:51:24 - matching_padroncharcas - DEBUG -     gz_id=5600420 'balle' score=1.000 nombre=False saint_only=True terr= phase=candidate
2026-07-02 17:51:24 - matching_padroncharcas - DEBUG -     gz_id=5600420 'balle' score=1.000 nombre=False saint_only=True terr= phase=candidate
2026-07-02 17:51:24 - matching_padroncharcas - DEBUG -     gz_id=5600420 'balle' score=1.000 nombre=False saint_only=True terr= phase=candidate
2026-07-02 17:51:24 - matching_padroncharcas - DEBUG -     gz_id=5600420 'balle' score=1.000 nombre=False saint_only=True terr= phase=candidate
2026-07-02 17:51:24 - matching_padroncharcas - DEBUG -     gz_id=5600420 'balle' score=1.000 nombre=False saint_only=True terr= phase=candidate
2026-07-02 17:51:24 - matching_padroncharcas - DEBUG -     gz_id=5600432 'lachas' score=1.000 nombre=False saint_only=True terr= phase=candidate
2026-07-02 17:51:24 - matching_padroncharcas - DEBUG -     gz_id=5600432 'lachas' score=1.000 nombre=False saint_only=True terr= phase=candidate
2026-07-02 17:51:24 - matching_padroncharcas - DEBUG -     gz_id=5600432 'lachas' score=1.000 nombre=False saint_only=True terr= phase=candidate
2026-07-02 17:51:24 - matching_padroncharcas - DEBUG -     gz_id=5600432 'lachas' score=1.000 nombre=False saint_only=True terr= phase=candidate
2026-07-02 17:51:24 - matching_padroncharcas - DEBUG -     gz_id=5600432 'lachas' score=1.000 nombre=False saint_only=True terr= phase=candidate
2026-07-02 17:51:24 - matching_padroncharcas - DEBUG -     gz_id=5600432 'lachas' score=1.000 nombre=False saint_only=True terr= phase=candidate
2026-07-02 17:51:24 - matching_padroncharcas - DEBUG -     gz_id=5600432 'lachas' score=1.000 nombre=False saint_only=True terr= phase=candidate
2026-07-02 17:51:24 - matching_padroncharcas - DEBUG -     gz_id=5600432 'lachas' score=1.000 nombre=False saint_only=True terr= phase=candidate
2026-07-02 17:51:24 - matching_padroncharcas - DEBUG -     gz_id=5600518 'buhio' score=1.000 nombre=False saint_only=True terr= phase=candidate
2026-07-02 17:51:24 - matching_padroncharcas - DEBUG -     gz_id=5600518 'buhio' score=1.000 nombre=False saint_only=True terr= phase=candidate
2026-07-02 17:51:24 - matching_padroncharcas - DEBUG -     gz_id=5600605 'tena' score=1.000 nombre=False saint_only=True terr= phase=candidate
2026-07-02 17:51:24 - matching_padroncharcas - DEBUG -     gz_id=5600605 'tena' score=1.000 nombre=False saint_only=True terr= phase=candidate
2026-07-02 17:51:24 - matching_padroncharcas - DEBUG -     gz_id=5600605 'tena' score=1.000 nombre=False saint_only=True terr= phase=candidate
2026-07-02 17:51:24 - matching_padroncharcas - DEBUG -     gz_id=5600605 'tena' score=1.000 nombre=False saint_only=True terr= phase=candidate
2026-07-02 17:51:24 - matching_padroncharcas - DEBUG -     gz_id=5600605 'tena' score=1.000 nombre=False saint_only=True terr= phase=candidate
2026-07-02 17:51:24 - matching_padroncharcas - DEBUG -     gz_id=5600605 'tena' score=1.000 nombre=False saint_only=True terr= phase=candidate
2026-07-02 17:51:24 - matching_padroncharcas - DEBUG -     gz_id=5600605 'tena' score=1.000 nombre=False saint_only=True terr= phase=candidate
2026-07-02 17:51:24 - matching_padroncharcas - DEBUG -     gz_id=5600608 'catapuio' score=1.000 nombre=False saint_only=True terr= phase=candidate
2026-07-02 17:51:24 - matching_padroncharcas - DEBUG -     gz_id=5600608 'catapuio' score=1.000 nombre=False saint_only=True terr= phase=candidate
2026-07-02 17:51:24 - matching_padroncharcas - DEBUG -     gz_id=5600608 'catapuio' score=1.000 nombre=False saint_only=True terr= phase=candidate
2026-07-02 17:51:24 - matching_padroncharcas - DEBUG -     gz_id=5600608 'catapuio' score=1.000 nombre=False saint_only=True terr= phase=candidate
2026-07-02 17:51:24 - matching_padroncharcas - DEBUG -     gz_id=5600608 'catapuio' score=1.000 nombre=False saint_only=True terr= phase=candidate
2026-07-02 17:51:24 - matching_padroncharcas - DEBUG -     gz_id=5600608 'catapuio' score=1.000 nombre=False saint_only=True terr= phase=candidate
2026-07-02 17:51:24 - matching_padroncharcas - DEBUG -     gz_id=5600608 'catapuio' score=1.000 nombre=False saint_only=True terr= phase=candidate
2026-07-02 17:51:24 - matching_padroncharcas - DEBUG -     gz_id=5600618 'san juan' score=1.000 nombre=True saint_only=False terr= phase=auto_adopt
2026-07-02 17:51:24 - matching_padroncharcas - DEBUG -     gz_id=5600618 'san juan' score=1.000 nombre=True saint_only=False terr= phase=auto_adopt
2026-07-02 17:51:24 - matching_padroncharcas - DEBUG -     gz_id=5600618 'san juan' score=1.000 nombre=True saint_only=False terr= phase=auto_adopt
2026-07-02 17:51:24 - matching_padroncharcas - DEBUG -     gz_id=5600638 'san juan' score=1.000 nombre=True saint_only=False terr= phase=auto_adopt
2026-07-02 17:51:24 - matching_padroncharcas - DEBUG -     gz_id=5600638 'san juan' score=1.000 nombre=True saint_only=False terr= phase=auto_adopt
2026-07-02 17:51:24 - matching_padroncharcas - DEBUG -     gz_id=5600638 'san juan' score=1.000 nombre=True saint_only=False terr= phase=auto_adopt
2026-07-02 17:51:24 - matching_padroncharcas - DEBUG -     gz_id=5600648 'san juan balle' score=1.000 nombre=False saint_only=True terr= phase=candidate
2026-07-02 17:51:24 - matching_padroncharcas - DEBUG -     gz_id=5600648 'san juan balle' score=1.000 nombre=False saint_only=True terr= phase=candidate
2026-07-02 17:51:24 - matching_padroncharcas - DEBUG -     gz_id=5600648 'san juan balle' score=1.000 nombre=False saint_only=True terr= phase=candidate
2026-07-02 17:51:24 - matching_padroncharcas - DEBUG -     gz_id=5600648 'san juan balle' score=1.000 nombre=False saint_only=True terr= phase=candidate
2026-07-02 17:51:24 - matching_padroncharcas - DEBUG -     gz_id=5600744 'san juan' score=1.000 nombre=True saint_only=False terr= phase=auto_adopt
2026-07-02 17:51:24 - matching_padroncharcas - DEBUG -     gz_id=5600744 'san juan' score=1.000 nombre=True saint_only=False terr= phase=auto_adopt
2026-07-02 17:51:24 - matching_padroncharcas - DEBUG -     gz_id=5600744 'san juan' score=1.000 nombre=True saint_only=False terr= phase=auto_adopt
2026-07-02 17:51:24 - matching_padroncharcas - DEBUG -     gz_id=5600772 'san juan bautista' score=1.000 nombre=False saint_only=True terr= phase=candidate
2026-07-02 17:51:24 - matching_padroncharcas - DEBUG -     gz_id=5600772 'san juan bautista' score=1.000 nombre=False saint_only=True terr= phase=candidate
2026-07-02 17:51:24 - matching_padroncharcas - DEBUG -     gz_id=5600825 'san diego' score=1.000 nombre=False saint_only=False terr= phase=candidate
2026-07-02 17:51:24 - matching_padroncharcas - DEBUG -     gz_id=5600825 'san diego' score=1.000 nombre=False saint_only=False terr= phase=candidate
2026-07-02 17:51:24 - matching_padroncharcas - DEBUG -     gz_id=5600825 'san diego' score=1.000 nombre=False saint_only=False terr= phase=candidate
2026-07-02 17:51:24 - matching_padroncharcas - DEBUG -     gz_id=5600840 'talaga' score=1.000 nombre=False saint_only=True terr= phase=candidate
2026-07-02 17:51:24 - matching_padroncharcas - DEBUG -     gz_id=5600840 'talaga' score=1.000 nombre=False saint_only=True terr= phase=candidate
2026-07-02 17:51:24 - matching_padroncharcas - DEBUG -     gz_id=5600840 'talaga' score=1.000 nombre=False saint_only=True terr= phase=candidate
2026-07-02 17:51:24 - matching_padroncharcas - DEBUG -     gz_id=5600840 'talaga' score=1.000 nombre=False saint_only=True terr= phase=candidate
2026-07-02 17:51:24 - matching_padroncharcas - DEBUG -     gz_id=6000006 'huamanga' score=1.000 nombre=False saint_only=True terr= phase=candidate
2026-07-02 17:51:24 - matching_padroncharcas - DEBUG -     gz_id=6000006 'huamanga' score=1.000 nombre=False saint_only=True terr= phase=candidate
2026-07-02 17:51:24 - matching_padroncharcas - DEBUG -     gz_id=6000032 'choquelimpe' score=1.000 nombre=False saint_only=True terr= phase=candidate
2026-07-02 17:51:24 - matching_padroncharcas - DEBUG -     gz_id=6000032 'choquelimpe' score=1.000 nombre=False saint_only=True terr= phase=candidate
2026-07-02 17:51:24 - matching_padroncharcas - DEBUG -     gz_id=6000184 'pachacona' score=1.000 nombre=False saint_only=True terr= phase=candidate
2026-07-02 17:51:24 - matching_padroncharcas - DEBUG -     gz_id=6000184 'pachacona' score=1.000 nombre=False saint_only=True terr= phase=candidate
2026-07-02 17:51:24 - matching_padroncharcas - DEBUG -     gz_id=6000184 'pachacona' score=1.000 nombre=False saint_only=True terr= phase=candidate
2026-07-02 17:51:24 - matching_padroncharcas - DEBUG -     gz_id=6000351 'san juan' score=1.000 nombre=True saint_only=False terr= phase=auto_adopt
2026-07-02 17:51:24 - matching_padroncharcas - DEBUG -     gz_id=6000351 'san juan' score=1.000 nombre=True saint_only=False terr= phase=auto_adopt
2026-07-02 17:51:24 - matching_padroncharcas - DEBUG -     gz_id=6000351 'san juan' score=1.000 nombre=True saint_only=False terr= phase=auto_adopt
2026-07-02 17:51:24 - matching_padroncharcas - DEBUG -     gz_id=6000384 'lucma' score=1.000 nombre=False saint_only=True terr= phase=candidate
2026-07-02 17:51:24 - matching_padroncharcas - DEBUG -     gz_id=6000384 'lucma' score=1.000 nombre=False saint_only=True terr= phase=candidate
2026-07-02 17:51:24 - matching_padroncharcas - DEBUG -     gz_id=6000384 'lucma' score=1.000 nombre=False saint_only=True terr= phase=candidate
2026-07-02 17:51:24 - matching_padroncharcas - DEBUG -     gz_id=6000384 'lucma' score=1.000 nombre=False saint_only=True terr= phase=candidate
2026-07-02 17:51:24 - matching_padroncharcas - DEBUG -     gz_id=6000416 'san juan ebanjelista' score=1.000 nombre=False saint_only=True terr= phase=candidate
2026-07-02 17:51:24 - matching_padroncharcas - DEBUG -     gz_id=6000416 'san juan ebanjelista' score=1.000 nombre=False saint_only=True terr= phase=candidate
2026-07-02 17:51:24 - matching_padroncharcas - DEBUG -     gz_id=6000469 'huamanjilla' score=1.000 nombre=False saint_only=True terr= phase=candidate
2026-07-02 17:51:24 - matching_padroncharcas - DEBUG -     gz_id=6000469 'huamanjilla' score=1.000 nombre=False saint_only=True terr= phase=candidate
2026-07-02 17:51:24 - matching_padroncharcas - DEBUG -     gz_id=6000473 'tambos' score=1.000 nombre=False saint_only=True terr= phase=candidate
2026-07-02 17:51:24 - matching_padroncharcas - DEBUG -     gz_id=6000473 'tambos' score=1.000 nombre=False saint_only=True terr= phase=candidate
2026-07-02 17:51:24 - matching_padroncharcas - DEBUG -     gz_id=6000477 'chilcas' score=1.000 nombre=False saint_only=True terr= phase=candidate
2026-07-02 17:51:24 - matching_padroncharcas - DEBUG -     gz_id=6000477 'chilcas' score=1.000 nombre=False saint_only=True terr= phase=candidate
2026-07-02 17:51:24 - matching_padroncharcas - DEBUG -     gz_id=6000495 'lucanas' score=1.000 nombre=False saint_only=True terr= phase=candidate
2026-07-02 17:51:24 - matching_padroncharcas - DEBUG -     gz_id=6000495 'lucanas' score=1.000 nombre=False saint_only=True terr= phase=candidate
2026-07-02 17:51:24 - matching_padroncharcas - DEBUG -     gz_id=6000528 'san juan' score=1.000 nombre=True saint_only=False terr= phase=auto_adopt
2026-07-02 17:51:24 - matching_padroncharcas - DEBUG -     gz_id=6000528 'san juan' score=1.000 nombre=True saint_only=False terr= phase=auto_adopt
2026-07-02 17:51:24 - matching_padroncharcas - DEBUG -     gz_id=6000730 'san juan' score=1.000 nombre=True saint_only=False terr= phase=auto_adopt
2026-07-02 17:51:24 - matching_padroncharcas - DEBUG -     gz_id=6000730 'san juan' score=1.000 nombre=True saint_only=False terr= phase=auto_adopt
2026-07-02 17:51:24 - matching_padroncharcas - DEBUG -     gz_id=6000822 'chicla' score=1.000 nombre=False saint_only=True terr= phase=candidate
2026-07-02 17:51:24 - matching_padroncharcas - DEBUG -     gz_id=6000822 'chicla' score=1.000 nombre=False saint_only=True terr= phase=candidate
2026-07-02 17:51:24 - matching_padroncharcas - DEBUG -     gz_id=6000834 'iris' score=1.000 nombre=False saint_only=True terr= phase=candidate
2026-07-02 17:51:24 - matching_padroncharcas - DEBUG -     gz_id=6000834 'iris' score=1.000 nombre=False saint_only=True terr= phase=candidate
2026-07-02 17:51:24 - matching_padroncharcas - DEBUG -     gz_id=6000859 'san juan ica' score=1.000 nombre=False saint_only=True terr= phase=candidate
2026-07-02 17:51:24 - matching_padroncharcas - DEBUG -     gz_id=6000859 'san juan ica' score=1.000 nombre=False saint_only=True terr= phase=candidate
2026-07-02 17:51:24 - matching_padroncharcas - DEBUG -     gz_id=6000901 'huaricanga' score=1.000 nombre=False saint_only=True terr= phase=candidate
2026-07-02 17:51:24 - matching_padroncharcas - DEBUG -     gz_id=6000901 'huaricanga' score=1.000 nombre=False saint_only=True terr= phase=candidate
2026-07-02 17:51:24 - matching_padroncharcas - DEBUG -     gz_id=6000955 'churin' score=1.000 nombre=False saint_only=True terr= phase=candidate
2026-07-02 17:51:24 - matching_padroncharcas - DEBUG -     gz_id=6000955 'churin' score=1.000 nombre=False saint_only=True terr= phase=candidate
2026-07-02 17:51:24 - matching_padroncharcas - DEBUG -     gz_id=6001254 'llallan' score=1.000 nombre=False saint_only=True terr= phase=candidate
2026-07-02 17:51:24 - matching_padroncharcas - DEBUG -     gz_id=6001254 'llallan' score=1.000 nombre=False saint_only=True terr= phase=candidate
2026-07-02 17:51:24 - matching_padroncharcas - DEBUG -     gz_id=6001442 'cimbal' score=1.000 nombre=False saint_only=True terr= phase=candidate
2026-07-02 17:51:24 - matching_padroncharcas - DEBUG -     gz_id=6001442 'cimbal' score=1.000 nombre=False saint_only=True terr= phase=candidate
2026-07-02 17:51:24 - matching_padroncharcas - DEBUG -     gz_id=7000158 'san juan bautista' score=1.000 nombre=False saint_only=True terr= phase=candidate
2026-07-02 17:51:24 - matching_padroncharcas - DEBUG -     gz_id=7000158 'san juan bautista' score=1.000 nombre=False saint_only=True terr= phase=candidate
2026-07-02 17:51:24 - matching_padroncharcas - DEBUG -     gz_id=7000314 'san juan dios' score=1.000 nombre=False saint_only=True terr= phase=candidate
2026-07-02 17:51:24 - matching_padroncharcas - DEBUG -     gz_id=7000314 'san juan dios' score=1.000 nombre=False saint_only=True terr= phase=candidate
2026-07-02 17:51:24 - matching_padroncharcas - DEBUG -     gz_id=7000357 'hualqui' score=1.000 nombre=False saint_only=True terr= phase=candidate
2026-07-02 17:51:24 - matching_padroncharcas - DEBUG -     gz_id=7000357 'hualqui' score=1.000 nombre=False saint_only=True terr= phase=candidate
2026-07-02 17:51:24 - matching_padroncharcas - DEBUG -     gz_id=7000397 'san juan costa' score=1.000 nombre=False saint_only=True terr= phase=candidate
2026-07-02 17:51:24 - matching_padroncharcas - DEBUG -     gz_id=8000012 'lahuna' score=1.000 nombre=False saint_only=False terr=region_exact phase=candidate
2026-07-02 17:51:24 - matching_padroncharcas - DEBUG -     gz_id=8000012 'lahuna' score=1.000 nombre=False saint_only=False terr=region_exact phase=candidate
2026-07-02 17:51:24 - matching_padroncharcas - DEBUG -     gz_id=8000149 'acacio' score=1.000 nombre=False saint_only=True terr=region_exact phase=candidate
2026-07-02 17:51:24 - matching_padroncharcas - DEBUG -     gz_id=8000149 'acacio' score=1.000 nombre=False saint_only=True terr=region_exact phase=candidate
2026-07-02 17:51:24 - matching_padroncharcas - DEBUG -     gz_id=8000161 'pocoata' score=1.000 nombre=False saint_only=True terr=region_exact phase=candidate
2026-07-02 17:51:24 - matching_padroncharcas - DEBUG -     gz_id=8000161 'pocoata' score=1.000 nombre=False saint_only=True terr=region_exact phase=candidate
2026-07-02 17:51:24 - matching_padroncharcas - DEBUG -     gz_id=8000198 'san juan oro' score=1.000 nombre=False saint_only=True terr= phase=candidate
2026-07-02 17:51:24 - matching_padroncharcas - DEBUG -     gz_id=8000198 'san juan oro' score=1.000 nombre=False saint_only=True terr= phase=candidate
2026-07-02 17:51:24 - matching_padroncharcas - DEBUG -     gz_id=8000198 'san juan oro' score=1.000 nombre=False saint_only=True terr= phase=candidate
2026-07-02 17:51:24 - matching_padroncharcas - DEBUG -     gz_id=8000257 'san juan bautista' score=1.000 nombre=False saint_only=True terr=region_exact phase=candidate
2026-07-02 17:51:24 - matching_padroncharcas - DEBUG -     gz_id=8000257 'san juan bautista' score=1.000 nombre=False saint_only=True terr=region_exact phase=candidate
2026-07-02 17:51:24 - matching_padroncharcas - DEBUG -     gz_id=8000257 'san juan bautista' score=1.000 nombre=False saint_only=True terr=region_exact phase=candidate
2026-07-02 17:51:24 - matching_padroncharcas - DEBUG -     gz_id=8000257 'san juan bautista' score=1.000 nombre=False saint_only=True terr=region_exact phase=candidate
2026-07-02 17:51:24 - matching_padroncharcas - DEBUG -     gz_id=8000257 'san juan bautista' score=1.000 nombre=False saint_only=True terr=region_exact phase=candidate
2026-07-02 17:51:24 - matching_padroncharcas - DEBUG -     gz_id=8000257 'san juan bautista' score=1.000 nombre=False saint_only=True terr=region_exact phase=candidate
2026-07-02 17:51:24 - matching_padroncharcas - DEBUG -     gz_id=8000285 'berenhuela' score=1.000 nombre=False saint_only=True terr=region_exact phase=candidate
2026-07-02 17:51:24 - matching_padroncharcas - DEBUG -     gz_id=8000285 'berenhuela' score=1.000 nombre=False saint_only=True terr=region_exact phase=candidate
2026-07-02 17:51:24 - matching_padroncharcas - DEBUG -     gz_id=8000387 'porongo' score=1.000 nombre=False saint_only=True terr=region_exact phase=candidate
2026-07-02 17:51:24 - matching_padroncharcas - DEBUG -     gz_id=8000387 'porongo' score=1.000 nombre=False saint_only=True terr=region_exact phase=candidate
2026-07-02 17:51:24 - matching_padroncharcas - DEBUG -     gz_id=8000400 'san juan sahahun' score=1.000 nombre=False saint_only=True terr=region_exact phase=candidate
2026-07-02 17:51:24 - matching_padroncharcas - DEBUG -     gz_id=8000400 'san juan sahahun' score=1.000 nombre=False saint_only=True terr=region_exact phase=candidate
2026-07-02 17:51:24 - matching_padroncharcas - DEBUG -     gz_id=8000400 'san juan sahahun' score=1.000 nombre=False saint_only=True terr=region_exact phase=candidate
2026-07-02 17:51:24 - matching_padroncharcas - DEBUG -     gz_id=8000400 'san juan sahahun' score=1.000 nombre=False saint_only=True terr=region_exact phase=candidate
2026-07-02 17:51:24 - matching_padroncharcas - DEBUG -     gz_id=8000405 'pata' score=1.000 nombre=False saint_only=True terr=region_exact phase=candidate
2026-07-02 17:51:24 - matching_padroncharcas - DEBUG -     gz_id=8000405 'pata' score=1.000 nombre=False saint_only=True terr=region_exact phase=candidate
2026-07-02 17:51:24 - matching_padroncharcas - DEBUG -     gz_id=8000405 'pata' score=1.000 nombre=False saint_only=True terr=region_exact phase=candidate
2026-07-02 17:51:24 - matching_padroncharcas - DEBUG -     gz_id=8000405 'pata' score=1.000 nombre=False saint_only=True terr=region_exact phase=candidate
2026-07-02 17:51:24 - matching_padroncharcas - DEBUG -     gz_id=8000502 'tahua' score=1.000 nombre=False saint_only=True terr=region_exact phase=candidate
2026-07-02 17:51:24 - matching_padroncharcas - DEBUG -     gz_id=8000502 'tahua' score=1.000 nombre=False saint_only=True terr=region_exact phase=candidate
2026-07-02 17:51:24 - matching_padroncharcas - DEBUG -     gz_id=8000505 'chiucha' score=1.000 nombre=False saint_only=True terr=region_exact phase=candidate
2026-07-02 17:51:24 - matching_padroncharcas - DEBUG -     gz_id=8000505 'chiucha' score=1.000 nombre=False saint_only=True terr=region_exact phase=candidate
2026-07-02 17:51:24 - matching_padroncharcas - DEBUG -     gz_id=8000670 'san juan i san martin' score=1.000 nombre=False saint_only=False terr=region_exact phase=candidate
2026-07-02 17:51:24 - matching_padroncharcas - DEBUG -     gz_id=8000670 'san juan i san martin' score=1.000 nombre=False saint_only=False terr=region_exact phase=candidate
2026-07-02 17:51:24 - matching_padroncharcas - DEBUG -     gz_id=8000670 'san juan i san martin' score=1.000 nombre=False saint_only=False terr=region_exact phase=candidate
2026-07-02 17:51:24 - matching_padroncharcas - DEBUG -     gz_id=8000678 'san juan acora' score=1.000 nombre=False saint_only=True terr= phase=candidate
2026-07-02 17:51:24 - matching_padroncharcas - DEBUG -     gz_id=8000678 'san juan acora' score=1.000 nombre=False saint_only=True terr= phase=candidate
2026-07-02 17:51:24 - matching_padroncharcas - DEBUG -     gz_id=8000678 'san juan acora' score=1.000 nombre=False saint_only=True terr= phase=candidate
2026-07-02 17:51:24 - matching_padroncharcas - DEBUG -     gz_id=8000682 'san juan bautista' score=1.000 nombre=False saint_only=True terr= phase=candidate
2026-07-02 17:51:24 - matching_padroncharcas - DEBUG -     gz_id=8000682 'san juan bautista' score=1.000 nombre=False saint_only=True terr= phase=candidate
2026-07-02 17:51:24 - matching_padroncharcas - DEBUG -     gz_id=8000682 'san juan bautista' score=1.000 nombre=False saint_only=True terr= phase=candidate
2026-07-02 17:51:24 - matching_padroncharcas - DEBUG -     gz_id=9000015 'san juan' score=1.000 nombre=True saint_only=False terr= phase=auto_adopt
2026-07-02 17:51:24 - matching_padroncharcas - DEBUG -     gz_id=9000015 'san juan' score=1.000 nombre=True saint_only=False terr= phase=auto_adopt
2026-07-02 17:51:24 - matching_padroncharcas - DEBUG -     gz_id=9000015 'san juan' score=1.000 nombre=True saint_only=False terr= phase=auto_adopt
2026-07-02 17:51:24 - matching_padroncharcas - DEBUG -     gz_id=9000015 'san juan' score=1.000 nombre=True saint_only=False terr= phase=auto_adopt
2026-07-02 17:51:24 - matching_padroncharcas - DEBUG -     gz_id=9000022 'corrientes' score=1.000 nombre=False saint_only=True terr= phase=candidate
2026-07-02 17:51:24 - matching_padroncharcas - DEBUG -     gz_id=9000022 'corrientes' score=1.000 nombre=False saint_only=True terr= phase=candidate
2026-07-02 17:51:24 - matching_padroncharcas - DEBUG -     gz_id=9000022 'corrientes' score=1.000 nombre=False saint_only=True terr= phase=candidate
2026-07-02 17:51:24 - matching_padroncharcas - DEBUG -     gz_id=9000035 'santa lucia' score=1.000 nombre=False saint_only=True terr= phase=candidate
2026-07-02 17:51:24 - matching_padroncharcas - DEBUG -     gz_id=9000035 'santa lucia' score=1.000 nombre=False saint_only=True terr= phase=candidate
2026-07-02 17:51:24 - matching_padroncharcas - DEBUG -     gz_id=9000035 'santa lucia' score=1.000 nombre=False saint_only=True terr= phase=candidate
2026-07-02 17:51:24 - matching_padroncharcas - DEBUG -     gz_id=9000139 'san juan nepomuceno' score=1.000 nombre=False saint_only=True terr= phase=candidate
2026-07-02 17:51:24 - matching_padroncharcas - DEBUG -     gz_id=9000153 'balbuena' score=1.000 nombre=False saint_only=True terr= phase=candidate
2026-07-02 17:51:24 - matching_padroncharcas - DEBUG -     gz_id=9000153 'balbuena' score=1.000 nombre=False saint_only=True terr= phase=candidate
2026-07-02 17:51:24 - matching_padroncharcas - DEBUG -     gz_id=9000153 'balbuena' score=1.000 nombre=False saint_only=True terr= phase=candidate
2026-07-02 17:51:24 - matching_padroncharcas - DEBUG -     gz_id=9000153 'balbuena' score=1.000 nombre=False saint_only=True terr= phase=candidate
2026-07-02 17:51:24 - matching_padroncharcas - DEBUG -     gz_id=9000187 'san juan bautista' score=1.000 nombre=False saint_only=True terr= phase=candidate
2026-07-02 17:51:24 - matching_padroncharcas - DEBUG -     gz_id=9000187 'san juan bautista' score=1.000 nombre=False saint_only=True terr= phase=candidate
2026-07-02 17:51:24 - matching_padroncharcas - DEBUG -     gz_id=9000187 'san juan bautista' score=1.000 nombre=False saint_only=True terr= phase=candidate
2026-07-02 17:51:24 - matching_padroncharcas - DEBUG -     gz_id=9000187 'san juan bautista' score=1.000 nombre=False saint_only=True terr= phase=candidate
2026-07-02 17:51:24 - matching_padroncharcas - DEBUG -     gz_id=9000187 'san juan bautista' score=1.000 nombre=False saint_only=True terr= phase=candidate
2026-07-02 17:51:24 - matching_padroncharcas - DEBUG -     gz_id=5000242 'huaiabal' score=0.875 nombre=False saint_only=False terr= phase=candidate
2026-07-02 17:51:24 - matching_padroncharcas - DEBUG -     gz_id=5000243 'mesa juan dias' score=0.875 nombre=False saint_only=False terr= phase=candidate
2026-07-02 17:51:24 - matching_padroncharcas - DEBUG -     gz_id=5000243 'mesa juan dias' score=0.875 nombre=False saint_only=False terr= phase=candidate
2026-07-02 17:51:24 - matching_padroncharcas - DEBUG -     gz_id=9000257 'denis' score=0.800 nombre=False saint_only=False terr= phase=relegated
2026-07-02 17:51:24 - matching_padroncharcas - DEBUG -     gz_id=9000257 'denis' score=0.800 nombre=False saint_only=False terr= phase=relegated
2026-07-02 17:51:24 - matching_padroncharcas - DEBUG -     gz_id=9000257 'denis' score=0.800 nombre=False saint_only=False terr= phase=relegated
2026-07-02 17:51:24 - matching_padroncharcas - DEBUG -     gz_id=9000257 'denis' score=0.800 nombre=False saint_only=False terr= phase=relegated
2026-07-02 17:51:24 - matching_padroncharcas - DEBUG -     gz_id=9900634 'juan alonso' score=0.800 nombre=False saint_only=False terr= phase=relegated
2026-07-02 17:51:24 - matching_padroncharcas - DEBUG -     gz_id=9900902 'frai juan' score=0.800 nombre=False saint_only=False terr= phase=relegated
2026-07-02 17:51:24 - matching_padroncharcas - DEBUG -     gz_id=9900902 'frai juan' score=0.800 nombre=False saint_only=False terr= phase=relegated
2026-07-02 17:51:24 - matching_padroncharcas - DEBUG -     gz_id=9900938 'juan lanas' score=0.800 nombre=False saint_only=False terr= phase=relegated
2026-07-02 17:51:24 - matching_padroncharcas - DEBUG -     gz_id=9900938 'juan lanas' score=0.800 nombre=False saint_only=False terr= phase=relegated
2026-07-02 17:51:24 - matching_padroncharcas - DEBUG -     gz_id=9900938 'juan lanas' score=0.800 nombre=False saint_only=False terr= phase=relegated
2026-07-02 17:51:24 - matching_padroncharcas - DEBUG -     gz_id=9900938 'juan lanas' score=0.800 nombre=False saint_only=False terr= phase=relegated
2026-07-02 17:51:24 - matching_padroncharcas - DEBUG -     gz_id=9900938 'juan lanas' score=0.800 nombre=False saint_only=False terr= phase=relegated
2026-07-02 17:51:24 - matching_padroncharcas - DEBUG -     gz_id=5000588 'juan acosta' score=0.800 nombre=False saint_only=False terr= phase=relegated
2026-07-02 17:51:24 - matching_padroncharcas - DEBUG -     gz_id=5000588 'juan acosta' score=0.800 nombre=False saint_only=False terr= phase=relegated
2026-07-02 17:51:24 - matching_padroncharcas - DEBUG -     gz_id=5000588 'juan acosta' score=0.800 nombre=False saint_only=False terr= phase=relegated
2026-07-02 17:51:24 - matching_padroncharcas - DEBUG -     gz_id=5600494 'juan lopes' score=0.800 nombre=False saint_only=False terr= phase=relegated
2026-07-02 17:51:24 - matching_padroncharcas - DEBUG -     gz_id=5600494 'juan lopes' score=0.800 nombre=False saint_only=False terr= phase=relegated
2026-07-02 17:51:24 - matching_padroncharcas - DEBUG -     gz_id=5600494 'juan lopes' score=0.800 nombre=False saint_only=False terr= phase=relegated
2026-07-02 17:51:24 - matching_padroncharcas - DEBUG -     gz_id=5600494 'juan lopes' score=0.800 nombre=False saint_only=False terr= phase=relegated
2026-07-02 17:51:24 - matching_padroncharcas - DEBUG -     gz_id=5600494 'juan lopes' score=0.800 nombre=False saint_only=False terr= phase=relegated
2026-07-02 17:51:24 - matching_padroncharcas - DEBUG -     gz_id=5600494 'juan lopes' score=0.800 nombre=False saint_only=False terr= phase=relegated
2026-07-02 17:51:24 - matching_padroncharcas - DEBUG -     gz_id=5600494 'juan lopes' score=0.800 nombre=False saint_only=False terr= phase=relegated
2026-07-02 17:51:24 - matching_padroncharcas - DEBUG -     gz_id=5600494 'juan lopes' score=0.800 nombre=False saint_only=False terr= phase=relegated
2026-07-02 17:51:24 - matching_padroncharcas - INFO -   Before dedup: 1581 candidates
2026-07-02 17:51:24 - matching_padroncharcas - INFO -   After dedup: 583 unique gz_ids
2026-07-02 17:51:24 - matching_padroncharcas - INFO -   Dropped 571 territory-contradicting candidates
2026-07-02 17:51:24 - matching_padroncharcas - INFO -   Input has territorial data: True
2026-07-02 17:51:24 - matching_padroncharcas - INFO -   Candidates with territory match: 12
2026-07-02 17:51:24 - matching_padroncharcas - INFO -   After territorial filter (keeping region): 12 candidates
2026-07-02 17:51:24 - matching_padroncharcas - INFO -   Nombre matches (exact on lugar_nombre): 1
2026-07-02 17:51:24 - matching_padroncharcas - INFO -   Saint-only matches: 9
2026-07-02 17:51:24 - matching_padroncharcas - INFO -   Substantive matches: 3
2026-07-02 17:51:24 - matching_padroncharcas - INFO -   NOMBRE PRIORITY: Keeping ONLY 1 nombre matches, discarding 2 others
2026-07-02 17:51:24 - matching_padroncharcas - INFO -      gz_id=9900271: San Juan
2026-07-02 17:51:24 - matching_padroncharcas - INFO -   Candidate pool (>= threshold): 1
2026-07-02 17:51:24 - matching_padroncharcas - INFO -   Single unambiguous strong hit -> auto_adopt
2026-07-02 17:51:24 - matching_padroncharcas - INFO -   rowID=7392: found at step 'no_partido_jurisdiccion'
2026-07-02 17:51:24 - matching_padroncharcas - INFO - 
============================================================
2026-07-02 17:51:24 - matching_padroncharcas - INFO - Processing rowID=7393: 'Concepción' -> cleaned: 'concepcion'
2026-07-02 17:51:24 - matching_padroncharcas - INFO -   Token-based candidates: 530
2026-07-02 17:51:24 - matching_padroncharcas - INFO -   Fuzzy matches (score >= 70, limit=500): 530
2026-07-02 17:51:24 - matching_padroncharcas - DEBUG -     gz_id=1001598 'tetela' score=1.000 nombre=False saint_only=True terr= phase=candidate
2026-07-02 17:51:24 - matching_padroncharcas - DEBUG -     gz_id=1001598 'tetela' score=1.000 nombre=False saint_only=True terr= phase=candidate
2026-07-02 17:51:24 - matching_padroncharcas - DEBUG -     gz_id=5000911 'samba' score=1.000 nombre=False saint_only=True terr= phase=candidate
2026-07-02 17:51:24 - matching_padroncharcas - DEBUG -     gz_id=5000911 'samba' score=1.000 nombre=False saint_only=True terr= phase=candidate
2026-07-02 17:51:24 - matching_padroncharcas - DEBUG -     gz_id=9000231 'concepcion' score=1.000 nombre=False saint_only=True terr= phase=candidate
2026-07-02 17:51:24 - matching_padroncharcas - DEBUG -     gz_id=9000231 'concepcion' score=1.000 nombre=False saint_only=True terr= phase=candidate
2026-07-02 17:51:24 - matching_padroncharcas - DEBUG -     gz_id=9000231 'concepcion' score=1.000 nombre=False saint_only=True terr= phase=candidate
2026-07-02 17:51:24 - matching_padroncharcas - DEBUG -     gz_id=9000231 'concepcion' score=1.000 nombre=False saint_only=True terr= phase=candidate
2026-07-02 17:51:24 - matching_padroncharcas - DEBUG -     gz_id=8000207 'huancane' score=1.000 nombre=False saint_only=True terr= phase=candidate
2026-07-02 17:51:24 - matching_padroncharcas - DEBUG -     gz_id=8000207 'huancane' score=1.000 nombre=False saint_only=True terr= phase=candidate
2026-07-02 17:51:25 - matching_padroncharcas - DEBUG -     gz_id=8000207 'huancane' score=1.000 nombre=False saint_only=True terr= phase=candidate
2026-07-02 17:51:25 - matching_padroncharcas - DEBUG -     gz_id=2000127 'escuintla' score=1.000 nombre=False saint_only=True terr= phase=candidate
2026-07-02 17:51:25 - matching_padroncharcas - DEBUG -     gz_id=1000770 'osumba' score=1.000 nombre=False saint_only=True terr= phase=candidate
2026-07-02 17:51:25 - matching_padroncharcas - DEBUG -     gz_id=1000770 'osumba' score=1.000 nombre=False saint_only=True terr= phase=candidate
2026-07-02 17:51:25 - matching_padroncharcas - DEBUG -     gz_id=2000155 'huehuetenango' score=1.000 nombre=False saint_only=True terr= phase=candidate
2026-07-02 17:51:25 - matching_padroncharcas - DEBUG -     gz_id=6000438 'concepcion' score=1.000 nombre=True saint_only=False terr= phase=auto_adopt
2026-07-02 17:51:25 - matching_padroncharcas - DEBUG -     gz_id=6000438 'concepcion' score=1.000 nombre=True saint_only=False terr= phase=auto_adopt
2026-07-02 17:51:25 - matching_padroncharcas - DEBUG -     gz_id=2000180 'chiquirichapa' score=1.000 nombre=False saint_only=True terr= phase=candidate
2026-07-02 17:51:25 - matching_padroncharcas - DEBUG -     gz_id=8000243 'parapiti' score=1.000 nombre=False saint_only=True terr=region_exact phase=candidate
2026-07-02 17:51:25 - matching_padroncharcas - DEBUG -     gz_id=8000243 'parapiti' score=1.000 nombre=False saint_only=True terr=region_exact phase=candidate
2026-07-02 17:51:25 - matching_padroncharcas - DEBUG -     gz_id=8000243 'parapiti' score=1.000 nombre=False saint_only=True terr=region_exact phase=candidate
2026-07-02 17:51:25 - matching_padroncharcas - DEBUG -     gz_id=9000265 'concepcion' score=1.000 nombre=True saint_only=False terr= phase=auto_adopt
2026-07-02 17:51:25 - matching_padroncharcas - DEBUG -     gz_id=2000209 'almolonga' score=1.000 nombre=False saint_only=True terr= phase=candidate
2026-07-02 17:51:25 - matching_padroncharcas - DEBUG -     gz_id=2000209 'almolonga' score=1.000 nombre=False saint_only=True terr= phase=candidate
2026-07-02 17:51:25 - matching_padroncharcas - DEBUG -     gz_id=2000209 'almolonga' score=1.000 nombre=False saint_only=True terr= phase=candidate
2026-07-02 17:51:25 - matching_padroncharcas - DEBUG -     gz_id=8000249 'pilipili' score=1.000 nombre=False saint_only=True terr=region_exact phase=candidate
2026-07-02 17:51:25 - matching_padroncharcas - DEBUG -     gz_id=8000249 'pilipili' score=1.000 nombre=False saint_only=True terr=region_exact phase=candidate
2026-07-02 17:51:25 - matching_padroncharcas - DEBUG -     gz_id=5600527 'descance' score=1.000 nombre=False saint_only=True terr= phase=candidate
2026-07-02 17:51:25 - matching_padroncharcas - DEBUG -     gz_id=5600527 'descance' score=1.000 nombre=False saint_only=True terr= phase=candidate
2026-07-02 17:51:25 - matching_padroncharcas - DEBUG -     gz_id=1001665 'tepetitlan' score=1.000 nombre=False saint_only=True terr= phase=candidate
2026-07-02 17:51:25 - matching_padroncharcas - DEBUG -     gz_id=1001665 'tepetitlan' score=1.000 nombre=False saint_only=True terr= phase=candidate
2026-07-02 17:51:25 - matching_padroncharcas - DEBUG -     gz_id=8000255 'concepcion' score=1.000 nombre=True saint_only=False terr=region_exact phase=auto_adopt
2026-07-02 17:51:25 - matching_padroncharcas - DEBUG -     gz_id=8000255 'concepcion' score=1.000 nombre=True saint_only=False terr=region_exact phase=auto_adopt
2026-07-02 17:51:25 - matching_padroncharcas - DEBUG -     gz_id=5600530 'concepcion' score=1.000 nombre=True saint_only=False terr= phase=auto_adopt
2026-07-02 17:51:25 - matching_padroncharcas - DEBUG -     gz_id=5600530 'concepcion' score=1.000 nombre=True saint_only=False terr= phase=auto_adopt
2026-07-02 17:51:25 - matching_padroncharcas - DEBUG -     gz_id=5600530 'concepcion' score=1.000 nombre=True saint_only=False terr= phase=auto_adopt
2026-07-02 17:51:25 - matching_padroncharcas - DEBUG -     gz_id=5600530 'concepcion' score=1.000 nombre=True saint_only=False terr= phase=auto_adopt
2026-07-02 17:51:25 - matching_padroncharcas - DEBUG -     gz_id=5600530 'concepcion' score=1.000 nombre=True saint_only=False terr= phase=auto_adopt
2026-07-02 17:51:25 - matching_padroncharcas - DEBUG -     gz_id=8000255 'concepcion' score=1.000 nombre=True saint_only=False terr=region_exact phase=auto_adopt
2026-07-02 17:51:25 - matching_padroncharcas - DEBUG -     gz_id=8000255 'concepcion' score=1.000 nombre=True saint_only=False terr=region_exact phase=auto_adopt
2026-07-02 17:51:25 - matching_padroncharcas - DEBUG -     gz_id=1001671 'tlailotlacan' score=1.000 nombre=False saint_only=True terr= phase=candidate
2026-07-02 17:51:25 - matching_padroncharcas - DEBUG -     gz_id=1001671 'tlailotlacan' score=1.000 nombre=False saint_only=True terr= phase=candidate
2026-07-02 17:51:25 - matching_padroncharcas - DEBUG -     gz_id=1001678 'ameialtepec' score=1.000 nombre=False saint_only=True terr= phase=candidate
2026-07-02 17:51:25 - matching_padroncharcas - DEBUG -     gz_id=1001678 'ameialtepec' score=1.000 nombre=False saint_only=True terr= phase=candidate
2026-07-02 17:51:25 - matching_padroncharcas - DEBUG -     gz_id=1000836 'temalac' score=1.000 nombre=False saint_only=True terr= phase=candidate
2026-07-02 17:51:25 - matching_padroncharcas - DEBUG -     gz_id=1000836 'temalac' score=1.000 nombre=False saint_only=True terr= phase=candidate
2026-07-02 17:51:25 - matching_padroncharcas - DEBUG -     gz_id=8000264 'concepcion' score=1.000 nombre=True saint_only=False terr=region_exact phase=auto_adopt
2026-07-02 17:51:25 - matching_padroncharcas - DEBUG -     gz_id=8000264 'concepcion' score=1.000 nombre=True saint_only=False terr=region_exact phase=auto_adopt
2026-07-02 17:51:25 - matching_padroncharcas - DEBUG -     gz_id=8000264 'concepcion' score=1.000 nombre=True saint_only=False terr=region_exact phase=auto_adopt
2026-07-02 17:51:25 - matching_padroncharcas - DEBUG -     gz_id=8000264 'concepcion' score=1.000 nombre=True saint_only=False terr=region_exact phase=auto_adopt
2026-07-02 17:51:25 - matching_padroncharcas - DEBUG -     gz_id=9901260 'infiesto' score=1.000 nombre=False saint_only=True terr= phase=candidate
2026-07-02 17:51:25 - matching_padroncharcas - DEBUG -     gz_id=9901260 'infiesto' score=1.000 nombre=False saint_only=True terr= phase=candidate
2026-07-02 17:51:25 - matching_padroncharcas - DEBUG -     gz_id=4000288 'concepcion caura' score=1.000 nombre=False saint_only=True terr= phase=candidate
2026-07-02 17:51:25 - matching_padroncharcas - DEBUG -     gz_id=4000288 'concepcion caura' score=1.000 nombre=False saint_only=True terr= phase=candidate
2026-07-02 17:51:25 - matching_padroncharcas - DEBUG -     gz_id=4000288 'concepcion caura' score=1.000 nombre=False saint_only=True terr= phase=candidate
2026-07-02 17:51:25 - matching_padroncharcas - DEBUG -     gz_id=4000288 'concepcion caura' score=1.000 nombre=False saint_only=True terr= phase=candidate
2026-07-02 17:51:25 - matching_padroncharcas - DEBUG -     gz_id=3000158 'aiubale' score=1.000 nombre=False saint_only=True terr= phase=candidate
2026-07-02 17:51:25 - matching_padroncharcas - DEBUG -     gz_id=1000097 'otumba' score=1.000 nombre=False saint_only=True terr= phase=candidate
2026-07-02 17:51:25 - matching_padroncharcas - DEBUG -     gz_id=1000097 'otumba' score=1.000 nombre=False saint_only=True terr= phase=candidate
2026-07-02 17:51:25 - matching_padroncharcas - DEBUG -     gz_id=6000515 'concepcion' score=1.000 nombre=True saint_only=False terr= phase=auto_adopt
2026-07-02 17:51:25 - matching_padroncharcas - DEBUG -     gz_id=5000097 'concepcion' score=1.000 nombre=True saint_only=False terr= phase=auto_adopt
2026-07-02 17:51:25 - matching_padroncharcas - DEBUG -     gz_id=5000097 'concepcion' score=1.000 nombre=True saint_only=False terr= phase=auto_adopt
2026-07-02 17:51:25 - matching_padroncharcas - DEBUG -     gz_id=5000097 'concepcion' score=1.000 nombre=True saint_only=False terr= phase=auto_adopt
2026-07-02 17:51:25 - matching_padroncharcas - DEBUG -     gz_id=6000515 'concepcion' score=1.000 nombre=True saint_only=False terr= phase=auto_adopt
2026-07-02 17:51:25 - matching_padroncharcas - DEBUG -     gz_id=1000118 'sumpango' score=1.000 nombre=False saint_only=True terr= phase=candidate
2026-07-02 17:51:25 - matching_padroncharcas - DEBUG -     gz_id=1000118 'sumpango' score=1.000 nombre=False saint_only=True terr= phase=candidate
2026-07-02 17:51:25 - matching_padroncharcas - DEBUG -     gz_id=6000533 'concepcion caja' score=1.000 nombre=False saint_only=True terr= phase=candidate
2026-07-02 17:51:25 - matching_padroncharcas - DEBUG -     gz_id=6000533 'concepcion caja' score=1.000 nombre=False saint_only=True terr= phase=candidate
2026-07-02 17:51:25 - matching_padroncharcas - DEBUG -     gz_id=4000314 'huairi' score=1.000 nombre=False saint_only=True terr= phase=candidate
2026-07-02 17:51:25 - matching_padroncharcas - DEBUG -     gz_id=4000314 'huairi' score=1.000 nombre=False saint_only=True terr= phase=candidate
2026-07-02 17:51:25 - matching_padroncharcas - DEBUG -     gz_id=4000314 'huairi' score=1.000 nombre=False saint_only=True terr= phase=candidate
2026-07-02 17:51:25 - matching_padroncharcas - DEBUG -     gz_id=4000314 'huairi' score=1.000 nombre=False saint_only=True terr= phase=candidate
2026-07-02 17:51:25 - matching_padroncharcas - DEBUG -     gz_id=4000314 'huairi' score=1.000 nombre=False saint_only=True terr= phase=candidate
2026-07-02 17:51:25 - matching_padroncharcas - DEBUG -     gz_id=4000314 'huairi' score=1.000 nombre=False saint_only=True terr= phase=candidate
2026-07-02 17:51:25 - matching_padroncharcas - DEBUG -     gz_id=4000314 'huairi' score=1.000 nombre=False saint_only=True terr= phase=candidate
2026-07-02 17:51:25 - matching_padroncharcas - DEBUG -     gz_id=5600596 'concepcion' score=1.000 nombre=False saint_only=True terr= phase=candidate
2026-07-02 17:51:25 - matching_padroncharcas - DEBUG -     gz_id=5600596 'concepcion' score=1.000 nombre=False saint_only=True terr= phase=candidate
2026-07-02 17:51:25 - matching_padroncharcas - DEBUG -     gz_id=5600596 'concepcion' score=1.000 nombre=False saint_only=True terr= phase=candidate
2026-07-02 17:51:25 - matching_padroncharcas - DEBUG -     gz_id=5600596 'concepcion' score=1.000 nombre=False saint_only=True terr= phase=candidate
2026-07-02 17:51:25 - matching_padroncharcas - DEBUG -     gz_id=5600596 'concepcion' score=1.000 nombre=False saint_only=True terr= phase=candidate
2026-07-02 17:51:25 - matching_padroncharcas - DEBUG -     gz_id=5600596 'concepcion' score=1.000 nombre=False saint_only=True terr= phase=candidate
2026-07-02 17:51:25 - matching_padroncharcas - DEBUG -     gz_id=5600596 'concepcion' score=1.000 nombre=False saint_only=True terr= phase=candidate
2026-07-02 17:51:25 - matching_padroncharcas - DEBUG -     gz_id=1004989 'balle mais' score=1.000 nombre=False saint_only=True terr= phase=candidate
2026-07-02 17:51:25 - matching_padroncharcas - DEBUG -     gz_id=1004989 'balle mais' score=1.000 nombre=False saint_only=True terr= phase=candidate
2026-07-02 17:51:25 - matching_padroncharcas - DEBUG -     gz_id=3000225 'banica' score=1.000 nombre=False saint_only=True terr= phase=candidate
2026-07-02 17:51:25 - matching_padroncharcas - DEBUG -     gz_id=3000225 'banica' score=1.000 nombre=False saint_only=True terr= phase=candidate
2026-07-02 17:51:25 - matching_padroncharcas - DEBUG -     gz_id=1000886 'cocoioc' score=1.000 nombre=False saint_only=True terr= phase=candidate
2026-07-02 17:51:25 - matching_padroncharcas - DEBUG -     gz_id=1000886 'cocoioc' score=1.000 nombre=False saint_only=True terr= phase=candidate
2026-07-02 17:51:25 - matching_padroncharcas - DEBUG -     gz_id=1000886 'cocoioc' score=1.000 nombre=False saint_only=True terr= phase=candidate
2026-07-02 17:51:25 - matching_padroncharcas - DEBUG -     gz_id=3000225 'banica' score=1.000 nombre=False saint_only=True terr= phase=candidate
2026-07-02 17:51:25 - matching_padroncharcas - DEBUG -     gz_id=9940002 'huiria' score=1.000 nombre=False saint_only=True terr= phase=candidate
2026-07-02 17:51:25 - matching_padroncharcas - DEBUG -     gz_id=9940002 'huiria' score=1.000 nombre=False saint_only=True terr= phase=candidate
2026-07-02 17:51:25 - matching_padroncharcas - DEBUG -     gz_id=9940002 'huiria' score=1.000 nombre=False saint_only=True terr= phase=candidate
2026-07-02 17:51:25 - matching_padroncharcas - DEBUG -     gz_id=9940002 'huiria' score=1.000 nombre=False saint_only=True terr= phase=candidate
2026-07-02 17:51:25 - matching_padroncharcas - DEBUG -     gz_id=6001544 'saraiacu' score=1.000 nombre=False saint_only=True terr= phase=candidate
2026-07-02 17:51:25 - matching_padroncharcas - DEBUG -     gz_id=6001544 'saraiacu' score=1.000 nombre=False saint_only=True terr= phase=candidate
2026-07-02 17:51:25 - matching_padroncharcas - DEBUG -     gz_id=6001567 'chabini' score=1.000 nombre=False saint_only=True terr= phase=candidate
2026-07-02 17:51:25 - matching_padroncharcas - DEBUG -     gz_id=9000347 'pando' score=1.000 nombre=False saint_only=True terr= phase=candidate
2026-07-02 17:51:25 - matching_padroncharcas - DEBUG -     gz_id=9000347 'pando' score=1.000 nombre=False saint_only=True terr= phase=candidate
2026-07-02 17:51:25 - matching_padroncharcas - DEBUG -     gz_id=9000347 'pando' score=1.000 nombre=False saint_only=True terr= phase=candidate
2026-07-02 17:51:25 - matching_padroncharcas - DEBUG -     gz_id=9000347 'pando' score=1.000 nombre=False saint_only=True terr= phase=candidate
2026-07-02 17:51:25 - matching_padroncharcas - DEBUG -     gz_id=4000331 'piritu' score=1.000 nombre=False saint_only=True terr= phase=candidate
2026-07-02 17:51:25 - matching_padroncharcas - DEBUG -     gz_id=4000331 'piritu' score=1.000 nombre=False saint_only=True terr= phase=candidate
2026-07-02 17:51:25 - matching_padroncharcas - DEBUG -     gz_id=4000331 'piritu' score=1.000 nombre=False saint_only=True terr= phase=candidate
2026-07-02 17:51:25 - matching_padroncharcas - DEBUG -     gz_id=4000331 'piritu' score=1.000 nombre=False saint_only=True terr= phase=candidate
2026-07-02 17:51:25 - matching_padroncharcas - DEBUG -     gz_id=4000331 'piritu' score=1.000 nombre=False saint_only=True terr= phase=candidate
2026-07-02 17:51:25 - matching_padroncharcas - DEBUG -     gz_id=4000331 'piritu' score=1.000 nombre=False saint_only=True terr= phase=candidate
2026-07-02 17:51:25 - matching_padroncharcas - DEBUG -     gz_id=4000331 'piritu' score=1.000 nombre=False saint_only=True terr= phase=candidate
2026-07-02 17:51:25 - matching_padroncharcas - DEBUG -     gz_id=2000352 'concepcion' score=1.000 nombre=False saint_only=True terr= phase=candidate
2026-07-02 17:51:25 - matching_padroncharcas - DEBUG -     gz_id=7000002 'concepcion' score=1.000 nombre=True saint_only=False terr= phase=auto_adopt
2026-07-02 17:51:25 - matching_padroncharcas - DEBUG -     gz_id=7000002 'concepcion' score=1.000 nombre=True saint_only=False terr= phase=auto_adopt
2026-07-02 17:51:25 - matching_padroncharcas - DEBUG -     gz_id=2000391 'concepcion' score=1.000 nombre=True saint_only=False terr= phase=auto_adopt
2026-07-02 17:51:25 - matching_padroncharcas - DEBUG -     gz_id=5600642 'concepcion' score=1.000 nombre=True saint_only=False terr= phase=auto_adopt
2026-07-02 17:51:25 - matching_padroncharcas - DEBUG -     gz_id=5600642 'concepcion' score=1.000 nombre=True saint_only=False terr= phase=auto_adopt
2026-07-02 17:51:25 - matching_padroncharcas - DEBUG -     gz_id=5600642 'concepcion' score=1.000 nombre=True saint_only=False terr= phase=auto_adopt
2026-07-02 17:51:25 - matching_padroncharcas - DEBUG -     gz_id=2000455 'tecoluca' score=1.000 nombre=False saint_only=True terr= phase=candidate
2026-07-02 17:51:25 - matching_padroncharcas - DEBUG -     gz_id=2000455 'tecoluca' score=1.000 nombre=False saint_only=True terr= phase=candidate
2026-07-02 17:51:25 - matching_padroncharcas - DEBUG -     gz_id=1000229 'champoton' score=1.000 nombre=False saint_only=True terr= phase=candidate
2026-07-02 17:51:25 - matching_padroncharcas - DEBUG -     gz_id=1000229 'champoton' score=1.000 nombre=False saint_only=True terr= phase=candidate
2026-07-02 17:51:25 - matching_padroncharcas - DEBUG -     gz_id=1000229 'champoton' score=1.000 nombre=False saint_only=True terr= phase=candidate
2026-07-02 17:51:25 - matching_padroncharcas - DEBUG -     gz_id=5000188 'lloro' score=1.000 nombre=False saint_only=True terr= phase=candidate
2026-07-02 17:51:25 - matching_padroncharcas - DEBUG -     gz_id=5000188 'lloro' score=1.000 nombre=False saint_only=True terr= phase=candidate
2026-07-02 17:51:25 - matching_padroncharcas - DEBUG -     gz_id=3000315 'piedras' score=1.000 nombre=False saint_only=True terr= phase=candidate
2026-07-02 17:51:25 - matching_padroncharcas - DEBUG -     gz_id=1002614 'chachoapam' score=1.000 nombre=False saint_only=True terr= phase=candidate
2026-07-02 17:51:25 - matching_padroncharcas - DEBUG -     gz_id=1002614 'chachoapam' score=1.000 nombre=False saint_only=True terr= phase=candidate
2026-07-02 17:51:25 - matching_padroncharcas - DEBUG -     gz_id=1004227 'tempoal' score=1.000 nombre=False saint_only=True terr= phase=candidate
2026-07-02 17:51:25 - matching_padroncharcas - DEBUG -     gz_id=1004227 'tempoal' score=1.000 nombre=False saint_only=True terr= phase=candidate
2026-07-02 17:51:25 - matching_padroncharcas - DEBUG -     gz_id=2000475 'quesaltepeque cierra' score=1.000 nombre=False saint_only=True terr= phase=candidate
2026-07-02 17:51:25 - matching_padroncharcas - DEBUG -     gz_id=2000475 'quesaltepeque cierra' score=1.000 nombre=False saint_only=True terr= phase=candidate
2026-07-02 17:51:25 - matching_padroncharcas - DEBUG -     gz_id=2000475 'quesaltepeque cierra' score=1.000 nombre=False saint_only=True terr= phase=candidate
2026-07-02 17:51:25 - matching_padroncharcas - DEBUG -     gz_id=1002629 'tejotepec' score=1.000 nombre=False saint_only=True terr= phase=candidate
2026-07-02 17:51:25 - matching_padroncharcas - DEBUG -     gz_id=1002629 'tejotepec' score=1.000 nombre=False saint_only=True terr= phase=candidate
2026-07-02 17:51:25 - matching_padroncharcas - DEBUG -     gz_id=2000489 'intipuca' score=1.000 nombre=False saint_only=True terr= phase=candidate
2026-07-02 17:51:25 - matching_padroncharcas - DEBUG -     gz_id=2000489 'intipuca' score=1.000 nombre=False saint_only=True terr= phase=candidate
2026-07-02 17:51:25 - matching_padroncharcas - DEBUG -     gz_id=5000204 'crabo' score=1.000 nombre=False saint_only=False terr= phase=candidate
2026-07-02 17:51:25 - matching_padroncharcas - DEBUG -     gz_id=2000495 'cesore' score=1.000 nombre=False saint_only=True terr= phase=candidate
2026-07-02 17:51:25 - matching_padroncharcas - DEBUG -     gz_id=2000495 'cesore' score=1.000 nombre=False saint_only=True terr= phase=candidate
2026-07-02 17:51:25 - matching_padroncharcas - DEBUG -     gz_id=5000204 'crabo' score=1.000 nombre=False saint_only=False terr= phase=candidate
2026-07-02 17:51:25 - matching_padroncharcas - DEBUG -     gz_id=5000204 'crabo' score=1.000 nombre=False saint_only=False terr= phase=candidate
2026-07-02 17:51:25 - matching_padroncharcas - DEBUG -     gz_id=2000505 'chilanga' score=1.000 nombre=False saint_only=True terr= phase=candidate
2026-07-02 17:51:25 - matching_padroncharcas - DEBUG -     gz_id=2000505 'chilanga' score=1.000 nombre=False saint_only=True terr= phase=candidate
2026-07-02 17:51:25 - matching_padroncharcas - DEBUG -     gz_id=5600152 'caiambe' score=1.000 nombre=False saint_only=True terr= phase=candidate
2026-07-02 17:51:25 - matching_padroncharcas - DEBUG -     gz_id=5600152 'caiambe' score=1.000 nombre=False saint_only=True terr= phase=candidate
2026-07-02 17:51:25 - matching_padroncharcas - DEBUG -     gz_id=5600152 'caiambe' score=1.000 nombre=False saint_only=True terr= phase=candidate
2026-07-02 17:51:25 - matching_padroncharcas - DEBUG -     gz_id=4000377 'cocuisas' score=1.000 nombre=False saint_only=True terr= phase=candidate
2026-07-02 17:51:25 - matching_padroncharcas - DEBUG -     gz_id=4000377 'cocuisas' score=1.000 nombre=False saint_only=True terr= phase=candidate
2026-07-02 17:51:25 - matching_padroncharcas - DEBUG -     gz_id=4000377 'cocuisas' score=1.000 nombre=False saint_only=True terr= phase=candidate
2026-07-02 17:51:25 - matching_padroncharcas - DEBUG -     gz_id=4000377 'cocuisas' score=1.000 nombre=False saint_only=True terr= phase=candidate
2026-07-02 17:51:25 - matching_padroncharcas - DEBUG -     gz_id=1002680 'concepcion papalo' score=1.000 nombre=False saint_only=True terr= phase=candidate
2026-07-02 17:51:25 - matching_padroncharcas - DEBUG -     gz_id=1002680 'concepcion papalo' score=1.000 nombre=False saint_only=True terr= phase=candidate
2026-07-02 17:51:25 - matching_padroncharcas - DEBUG -     gz_id=1001902 'tonatico' score=1.000 nombre=False saint_only=True terr= phase=candidate
2026-07-02 17:51:25 - matching_padroncharcas - DEBUG -     gz_id=1001902 'tonatico' score=1.000 nombre=False saint_only=True terr= phase=candidate
2026-07-02 17:51:25 - matching_padroncharcas - DEBUG -     gz_id=1001017 'concepcion' score=1.000 nombre=True saint_only=False terr= phase=auto_adopt
2026-07-02 17:51:25 - matching_padroncharcas - DEBUG -     gz_id=1001017 'concepcion' score=1.000 nombre=True saint_only=False terr= phase=auto_adopt
2026-07-02 17:51:25 - matching_padroncharcas - DEBUG -     gz_id=1005148 'canutillo' score=1.000 nombre=False saint_only=True terr= phase=candidate
2026-07-02 17:51:25 - matching_padroncharcas - DEBUG -     gz_id=1005148 'canutillo' score=1.000 nombre=False saint_only=True terr= phase=candidate
2026-07-02 17:51:25 - matching_padroncharcas - DEBUG -     gz_id=1004301 'tlacolulan' score=1.000 nombre=False saint_only=True terr= phase=candidate
2026-07-02 17:51:25 - matching_padroncharcas - DEBUG -     gz_id=1004301 'tlacolulan' score=1.000 nombre=False saint_only=True terr= phase=candidate
2026-07-02 17:51:25 - matching_padroncharcas - DEBUG -     gz_id=1005148 'canutillo' score=1.000 nombre=False saint_only=True terr= phase=candidate
2026-07-02 17:51:25 - matching_padroncharcas - DEBUG -     gz_id=1005148 'canutillo' score=1.000 nombre=False saint_only=True terr= phase=candidate
2026-07-02 17:51:25 - matching_padroncharcas - DEBUG -     gz_id=1005148 'canutillo' score=1.000 nombre=False saint_only=True terr= phase=candidate
2026-07-02 17:51:25 - matching_padroncharcas - DEBUG -     gz_id=1000275 'concepcion tubares' score=1.000 nombre=False saint_only=True terr= phase=candidate
2026-07-02 17:51:25 - matching_padroncharcas - DEBUG -     gz_id=1000275 'concepcion tubares' score=1.000 nombre=False saint_only=True terr= phase=candidate
2026-07-02 17:51:25 - matching_padroncharcas - DEBUG -     gz_id=1000275 'concepcion tubares' score=1.000 nombre=False saint_only=True terr= phase=candidate
2026-07-02 17:51:25 - matching_padroncharcas - DEBUG -     gz_id=1000275 'concepcion tubares' score=1.000 nombre=False saint_only=True terr= phase=candidate
2026-07-02 17:51:25 - matching_padroncharcas - DEBUG -     gz_id=1000275 'concepcion tubares' score=1.000 nombre=False saint_only=True terr= phase=candidate
2026-07-02 17:51:25 - matching_padroncharcas - DEBUG -     gz_id=1000275 'concepcion tubares' score=1.000 nombre=False saint_only=True terr= phase=candidate
2026-07-02 17:51:25 - matching_padroncharcas - DEBUG -     gz_id=1001074 'cardonal' score=1.000 nombre=False saint_only=True terr= phase=candidate
2026-07-02 17:51:25 - matching_padroncharcas - DEBUG -     gz_id=1001074 'cardonal' score=1.000 nombre=False saint_only=True terr= phase=candidate
2026-07-02 17:51:25 - matching_padroncharcas - DEBUG -     gz_id=1005190 'concepcion' score=1.000 nombre=True saint_only=False terr= phase=auto_adopt
2026-07-02 17:51:25 - matching_padroncharcas - DEBUG -     gz_id=1005190 'concepcion' score=1.000 nombre=True saint_only=False terr= phase=auto_adopt
2026-07-02 17:51:25 - matching_padroncharcas - DEBUG -     gz_id=1005190 'concepcion' score=1.000 nombre=True saint_only=False terr= phase=auto_adopt
2026-07-02 17:51:25 - matching_padroncharcas - DEBUG -     gz_id=1001964 'coeneo' score=1.000 nombre=False saint_only=True terr= phase=candidate
2026-07-02 17:51:25 - matching_padroncharcas - DEBUG -     gz_id=1001964 'coeneo' score=1.000 nombre=False saint_only=True terr= phase=candidate
2026-07-02 17:51:25 - matching_padroncharcas - DEBUG -     gz_id=1001964 'coeneo' score=1.000 nombre=False saint_only=True terr= phase=candidate
2026-07-02 17:51:25 - matching_padroncharcas - DEBUG -     gz_id=1001964 'coeneo' score=1.000 nombre=False saint_only=True terr= phase=candidate
2026-07-02 17:51:25 - matching_padroncharcas - DEBUG -     gz_id=1004359 'cauich' score=1.000 nombre=False saint_only=True terr= phase=candidate
2026-07-02 17:51:25 - matching_padroncharcas - DEBUG -     gz_id=1004359 'cauich' score=1.000 nombre=False saint_only=True terr= phase=candidate
2026-07-02 17:51:25 - matching_padroncharcas - DEBUG -     gz_id=1001094 'concepcion banos' score=1.000 nombre=False saint_only=True terr= phase=candidate
2026-07-02 17:51:25 - matching_padroncharcas - DEBUG -     gz_id=1001094 'concepcion banos' score=1.000 nombre=False saint_only=True terr= phase=candidate
2026-07-02 17:51:25 - matching_padroncharcas - DEBUG -     gz_id=1004360 'china' score=1.000 nombre=False saint_only=True terr= phase=candidate
2026-07-02 17:51:25 - matching_padroncharcas - DEBUG -     gz_id=1004360 'china' score=1.000 nombre=False saint_only=True terr= phase=candidate
2026-07-02 17:51:25 - matching_padroncharcas - DEBUG -     gz_id=1002777 'concepcion' score=1.000 nombre=False saint_only=True terr= phase=candidate
2026-07-02 17:51:25 - matching_padroncharcas - DEBUG -     gz_id=1002777 'concepcion' score=1.000 nombre=False saint_only=True terr= phase=candidate
2026-07-02 17:51:25 - matching_padroncharcas - DEBUG -     gz_id=1004366 'pociajum' score=1.000 nombre=False saint_only=True terr= phase=candidate
2026-07-02 17:51:25 - matching_padroncharcas - DEBUG -     gz_id=1004366 'pociajum' score=1.000 nombre=False saint_only=True terr= phase=candidate
2026-07-02 17:51:25 - matching_padroncharcas - DEBUG -     gz_id=4000423 'suai' score=1.000 nombre=False saint_only=True terr= phase=candidate
2026-07-02 17:51:25 - matching_padroncharcas - DEBUG -     gz_id=4000423 'suai' score=1.000 nombre=False saint_only=True terr= phase=candidate
2026-07-02 17:51:25 - matching_padroncharcas - DEBUG -     gz_id=4000423 'suai' score=1.000 nombre=False saint_only=True terr= phase=candidate
2026-07-02 17:51:25 - matching_padroncharcas - DEBUG -     gz_id=4000423 'suai' score=1.000 nombre=False saint_only=True terr= phase=candidate
2026-07-02 17:51:25 - matching_padroncharcas - DEBUG -     gz_id=4000423 'suai' score=1.000 nombre=False saint_only=True terr= phase=candidate
2026-07-02 17:51:25 - matching_padroncharcas - DEBUG -     gz_id=5600842 'calderas' score=1.000 nombre=False saint_only=True terr= phase=candidate
2026-07-02 17:51:25 - matching_padroncharcas - DEBUG -     gz_id=5600842 'calderas' score=1.000 nombre=False saint_only=True terr= phase=candidate
2026-07-02 17:51:25 - matching_padroncharcas - DEBUG -     gz_id=5600842 'calderas' score=1.000 nombre=False saint_only=True terr= phase=candidate
2026-07-02 17:51:25 - matching_padroncharcas - DEBUG -     gz_id=5600842 'calderas' score=1.000 nombre=False saint_only=True terr= phase=candidate
2026-07-02 17:51:25 - matching_padroncharcas - DEBUG -     gz_id=1004416 'concepcion' score=1.000 nombre=True saint_only=False terr= phase=auto_adopt
2026-07-02 17:51:25 - matching_padroncharcas - DEBUG -     gz_id=1004420 'baca' score=1.000 nombre=False saint_only=True terr= phase=candidate
2026-07-02 17:51:25 - matching_padroncharcas - DEBUG -     gz_id=1004420 'baca' score=1.000 nombre=False saint_only=True terr= phase=candidate
2026-07-02 17:51:25 - matching_padroncharcas - DEBUG -     gz_id=1004422 'bucsos' score=1.000 nombre=False saint_only=True terr= phase=candidate
2026-07-02 17:51:25 - matching_padroncharcas - DEBUG -     gz_id=1004422 'bucsos' score=1.000 nombre=False saint_only=True terr= phase=candidate
2026-07-02 17:51:25 - matching_padroncharcas - DEBUG -     gz_id=4000451 'panapana' score=1.000 nombre=False saint_only=True terr= phase=candidate
2026-07-02 17:51:25 - matching_padroncharcas - DEBUG -     gz_id=4000451 'panapana' score=1.000 nombre=False saint_only=True terr= phase=candidate
2026-07-02 17:51:25 - matching_padroncharcas - DEBUG -     gz_id=4000451 'panapana' score=1.000 nombre=False saint_only=True terr= phase=candidate
2026-07-02 17:51:25 - matching_padroncharcas - DEBUG -     gz_id=4000451 'panapana' score=1.000 nombre=False saint_only=True terr= phase=candidate
2026-07-02 17:51:25 - matching_padroncharcas - DEBUG -     gz_id=5000374 'puerto real' score=1.000 nombre=False saint_only=True terr= phase=candidate
2026-07-02 17:51:25 - matching_padroncharcas - DEBUG -     gz_id=5000374 'puerto real' score=1.000 nombre=False saint_only=True terr= phase=candidate
2026-07-02 17:51:25 - matching_padroncharcas - DEBUG -     gz_id=1000345 'papigochic' score=1.000 nombre=False saint_only=True terr= phase=candidate
2026-07-02 17:51:25 - matching_padroncharcas - DEBUG -     gz_id=1000345 'papigochic' score=1.000 nombre=False saint_only=True terr= phase=candidate
2026-07-02 17:51:25 - matching_padroncharcas - DEBUG -     gz_id=1000345 'papigochic' score=1.000 nombre=False saint_only=True terr= phase=candidate
2026-07-02 17:51:25 - matching_padroncharcas - DEBUG -     gz_id=1000345 'papigochic' score=1.000 nombre=False saint_only=True terr= phase=candidate
2026-07-02 17:51:25 - matching_padroncharcas - DEBUG -     gz_id=1000345 'papigochic' score=1.000 nombre=False saint_only=True terr= phase=candidate
2026-07-02 17:51:25 - matching_padroncharcas - DEBUG -     gz_id=6000035 'huallatire' score=1.000 nombre=False saint_only=True terr= phase=candidate
2026-07-02 17:51:25 - matching_padroncharcas - DEBUG -     gz_id=6000035 'huallatire' score=1.000 nombre=False saint_only=True terr= phase=candidate
2026-07-02 17:51:25 - matching_padroncharcas - DEBUG -     gz_id=5000384 'remolino' score=1.000 nombre=False saint_only=True terr= phase=candidate
2026-07-02 17:51:25 - matching_padroncharcas - DEBUG -     gz_id=5000384 'remolino' score=1.000 nombre=False saint_only=True terr= phase=candidate
2026-07-02 17:51:25 - matching_padroncharcas - DEBUG -     gz_id=5600277 'cahuapanas' score=1.000 nombre=False saint_only=True terr= phase=candidate
2026-07-02 17:51:25 - matching_padroncharcas - DEBUG -     gz_id=5600277 'cahuapanas' score=1.000 nombre=False saint_only=True terr= phase=candidate
2026-07-02 17:51:25 - matching_padroncharcas - DEBUG -     gz_id=5600277 'cahuapanas' score=1.000 nombre=False saint_only=True terr= phase=candidate
2026-07-02 17:51:25 - matching_padroncharcas - DEBUG -     gz_id=5600277 'cahuapanas' score=1.000 nombre=False saint_only=True terr= phase=candidate
2026-07-02 17:51:25 - matching_padroncharcas - DEBUG -     gz_id=5600277 'cahuapanas' score=1.000 nombre=False saint_only=True terr= phase=candidate
2026-07-02 17:51:25 - matching_padroncharcas - DEBUG -     gz_id=5600277 'cahuapanas' score=1.000 nombre=False saint_only=True terr= phase=candidate
2026-07-02 17:51:25 - matching_padroncharcas - DEBUG -     gz_id=5000390 'chimichahua' score=1.000 nombre=False saint_only=True terr= phase=candidate
2026-07-02 17:51:25 - matching_padroncharcas - DEBUG -     gz_id=5600277 'cahuapanas' score=1.000 nombre=False saint_only=True terr= phase=candidate
2026-07-02 17:51:25 - matching_padroncharcas - DEBUG -     gz_id=5600277 'cahuapanas' score=1.000 nombre=False saint_only=True terr= phase=candidate
2026-07-02 17:51:25 - matching_padroncharcas - DEBUG -     gz_id=5600279 'jeberos' score=1.000 nombre=False saint_only=True terr= phase=candidate
2026-07-02 17:51:25 - matching_padroncharcas - DEBUG -     gz_id=5600279 'jeberos' score=1.000 nombre=False saint_only=True terr= phase=candidate
2026-07-02 17:51:25 - matching_padroncharcas - DEBUG -     gz_id=5600279 'jeberos' score=1.000 nombre=False saint_only=True terr= phase=candidate
2026-07-02 17:51:25 - matching_padroncharcas - DEBUG -     gz_id=5600279 'jeberos' score=1.000 nombre=False saint_only=True terr= phase=candidate
2026-07-02 17:51:25 - matching_padroncharcas - DEBUG -     gz_id=5600279 'jeberos' score=1.000 nombre=False saint_only=True terr= phase=candidate
2026-07-02 17:51:25 - matching_padroncharcas - DEBUG -     gz_id=5600279 'jeberos' score=1.000 nombre=False saint_only=True terr= phase=candidate
2026-07-02 17:51:25 - matching_padroncharcas - DEBUG -     gz_id=5600279 'jeberos' score=1.000 nombre=False saint_only=True terr= phase=candidate
2026-07-02 17:51:25 - matching_padroncharcas - DEBUG -     gz_id=5600279 'jeberos' score=1.000 nombre=False saint_only=True terr= phase=candidate
2026-07-02 17:51:25 - matching_padroncharcas - DEBUG -     gz_id=1000358 'temosachi' score=1.000 nombre=False saint_only=True terr= phase=candidate
2026-07-02 17:51:25 - matching_padroncharcas - DEBUG -     gz_id=1000358 'temosachi' score=1.000 nombre=False saint_only=True terr= phase=candidate
2026-07-02 17:51:25 - matching_padroncharcas - DEBUG -     gz_id=1000358 'temosachi' score=1.000 nombre=False saint_only=True terr= phase=candidate
2026-07-02 17:51:25 - matching_padroncharcas - DEBUG -     gz_id=1000358 'temosachi' score=1.000 nombre=False saint_only=True terr= phase=candidate
2026-07-02 17:51:25 - matching_padroncharcas - DEBUG -     gz_id=1000358 'temosachi' score=1.000 nombre=False saint_only=True terr= phase=candidate
2026-07-02 17:51:25 - matching_padroncharcas - DEBUG -     gz_id=1000359 'tomochi' score=1.000 nombre=False saint_only=True terr= phase=candidate
2026-07-02 17:51:25 - matching_padroncharcas - DEBUG -     gz_id=1000359 'tomochi' score=1.000 nombre=False saint_only=True terr= phase=candidate
2026-07-02 17:51:25 - matching_padroncharcas - DEBUG -     gz_id=1004463 'iaxkukul' score=1.000 nombre=False saint_only=True terr= phase=candidate
2026-07-02 17:51:25 - matching_padroncharcas - DEBUG -     gz_id=1004463 'iaxkukul' score=1.000 nombre=False saint_only=True terr= phase=candidate
2026-07-02 17:51:25 - matching_padroncharcas - DEBUG -     gz_id=9900807 'concepcion' score=1.000 nombre=True saint_only=False terr= phase=auto_adopt
2026-07-02 17:51:25 - matching_padroncharcas - DEBUG -     gz_id=9900807 'concepcion' score=1.000 nombre=True saint_only=False terr= phase=auto_adopt
2026-07-02 17:51:25 - matching_padroncharcas - DEBUG -     gz_id=9900807 'concepcion' score=1.000 nombre=True saint_only=False terr= phase=auto_adopt
2026-07-02 17:51:25 - matching_padroncharcas - DEBUG -     gz_id=7000315 'penco' score=1.000 nombre=False saint_only=True terr= phase=candidate
2026-07-02 17:51:25 - matching_padroncharcas - DEBUG -     gz_id=7000315 'penco' score=1.000 nombre=False saint_only=True terr= phase=candidate
2026-07-02 17:51:25 - matching_padroncharcas - DEBUG -     gz_id=8000671 'concepcion' score=1.000 nombre=False saint_only=True terr=region_exact phase=candidate
2026-07-02 17:51:25 - matching_padroncharcas - DEBUG -     gz_id=1000370 'pueblo nuebo' score=1.000 nombre=False saint_only=True terr= phase=candidate
2026-07-02 17:51:25 - matching_padroncharcas - DEBUG -     gz_id=1000370 'pueblo nuebo' score=1.000 nombre=False saint_only=True terr= phase=candidate
2026-07-02 17:51:25 - matching_padroncharcas - DEBUG -     gz_id=1000370 'pueblo nuebo' score=1.000 nombre=False saint_only=True terr= phase=candidate
2026-07-02 17:51:25 - matching_padroncharcas - DEBUG -     gz_id=1000370 'pueblo nuebo' score=1.000 nombre=False saint_only=True terr= phase=candidate
2026-07-02 17:51:25 - matching_padroncharcas - DEBUG -     gz_id=1000370 'pueblo nuebo' score=1.000 nombre=False saint_only=True terr= phase=candidate
2026-07-02 17:51:25 - matching_padroncharcas - DEBUG -     gz_id=1000370 'pueblo nuebo' score=1.000 nombre=False saint_only=True terr= phase=candidate
2026-07-02 17:51:25 - matching_padroncharcas - DEBUG -     gz_id=8000671 'concepcion' score=1.000 nombre=False saint_only=True terr=region_exact phase=candidate
2026-07-02 17:51:25 - matching_padroncharcas - DEBUG -     gz_id=8000671 'concepcion' score=1.000 nombre=False saint_only=True terr=region_exact phase=candidate
2026-07-02 17:51:25 - matching_padroncharcas - DEBUG -     gz_id=1005298 'concepcion' score=1.000 nombre=True saint_only=False terr= phase=auto_adopt
2026-07-02 17:51:25 - matching_padroncharcas - DEBUG -     gz_id=1005298 'concepcion' score=1.000 nombre=True saint_only=False terr= phase=auto_adopt
2026-07-02 17:51:25 - matching_padroncharcas - DEBUG -     gz_id=4000493 'maperihuar' score=1.000 nombre=False saint_only=True terr= phase=candidate
2026-07-02 17:51:25 - matching_padroncharcas - DEBUG -     gz_id=2000683 'concepcion' score=1.000 nombre=False saint_only=True terr= phase=candidate
2026-07-02 17:51:25 - matching_padroncharcas - DEBUG -     gz_id=2000683 'concepcion' score=1.000 nombre=False saint_only=True terr= phase=candidate
2026-07-02 17:51:25 - matching_padroncharcas - DEBUG -     gz_id=2000683 'concepcion' score=1.000 nombre=False saint_only=True terr= phase=candidate
2026-07-02 17:51:25 - matching_padroncharcas - DEBUG -     gz_id=4000503 'meceta' score=1.000 nombre=False saint_only=True terr= phase=candidate
2026-07-02 17:51:25 - matching_padroncharcas - DEBUG -     gz_id=4000503 'meceta' score=1.000 nombre=False saint_only=True terr= phase=candidate
2026-07-02 17:51:25 - matching_padroncharcas - DEBUG -     gz_id=4000503 'meceta' score=1.000 nombre=False saint_only=True terr= phase=candidate
2026-07-02 17:51:25 - matching_padroncharcas - DEBUG -     gz_id=4000503 'meceta' score=1.000 nombre=False saint_only=True terr= phase=candidate
2026-07-02 17:51:25 - matching_padroncharcas - DEBUG -     gz_id=4000503 'meceta' score=1.000 nombre=False saint_only=True terr= phase=candidate
2026-07-02 17:51:25 - matching_padroncharcas - DEBUG -     gz_id=4000503 'meceta' score=1.000 nombre=False saint_only=True terr= phase=candidate
2026-07-02 17:51:25 - matching_padroncharcas - DEBUG -     gz_id=1003762 'atlequisaian' score=1.000 nombre=False saint_only=True terr= phase=candidate
2026-07-02 17:51:25 - matching_padroncharcas - DEBUG -     gz_id=1003762 'atlequisaian' score=1.000 nombre=False saint_only=True terr= phase=candidate
2026-07-02 17:51:25 - matching_padroncharcas - DEBUG -     gz_id=4000503 'meceta' score=1.000 nombre=False saint_only=True terr= phase=candidate
2026-07-02 17:51:25 - matching_padroncharcas - DEBUG -     gz_id=1004517 'chuburna' score=1.000 nombre=False saint_only=True terr= phase=candidate
2026-07-02 17:51:25 - matching_padroncharcas - DEBUG -     gz_id=1004517 'chuburna' score=1.000 nombre=False saint_only=True terr= phase=candidate
2026-07-02 17:51:25 - matching_padroncharcas - DEBUG -     gz_id=7000355 'conuco' score=1.000 nombre=False saint_only=True terr= phase=candidate
2026-07-02 17:51:25 - matching_padroncharcas - DEBUG -     gz_id=7000355 'conuco' score=1.000 nombre=False saint_only=True terr= phase=candidate
2026-07-02 17:51:25 - matching_padroncharcas - DEBUG -     gz_id=9000007 'concepcion' score=1.000 nombre=False saint_only=True terr= phase=candidate
2026-07-02 17:51:25 - matching_padroncharcas - DEBUG -     gz_id=9000007 'concepcion' score=1.000 nombre=False saint_only=True terr= phase=candidate
2026-07-02 17:51:25 - matching_padroncharcas - DEBUG -     gz_id=9000007 'concepcion' score=1.000 nombre=False saint_only=True terr= phase=candidate
2026-07-02 17:51:25 - matching_padroncharcas - DEBUG -     gz_id=2000723 'buruca' score=1.000 nombre=False saint_only=True terr= phase=candidate
2026-07-02 17:51:25 - matching_padroncharcas - DEBUG -     gz_id=9000007 'concepcion' score=1.000 nombre=False saint_only=True terr= phase=candidate
2026-07-02 17:51:25 - matching_padroncharcas - DEBUG -     gz_id=9000010 'billa real' score=1.000 nombre=False saint_only=True terr= phase=candidate
2026-07-02 17:51:25 - matching_padroncharcas - DEBUG -     gz_id=9000010 'billa real' score=1.000 nombre=False saint_only=True terr= phase=candidate
2026-07-02 17:51:25 - matching_padroncharcas - DEBUG -     gz_id=7000377 'concepcion' score=1.000 nombre=False saint_only=True terr= phase=candidate
2026-07-02 17:51:25 - matching_padroncharcas - DEBUG -     gz_id=7000377 'concepcion' score=1.000 nombre=False saint_only=True terr= phase=candidate
2026-07-02 17:51:25 - matching_padroncharcas - DEBUG -     gz_id=7000377 'concepcion' score=1.000 nombre=False saint_only=True terr= phase=candidate
2026-07-02 17:51:25 - matching_padroncharcas - DEBUG -     gz_id=9900863 'bucareli' score=1.000 nombre=False saint_only=True terr= phase=candidate
2026-07-02 17:51:25 - matching_padroncharcas - DEBUG -     gz_id=9900863 'bucareli' score=1.000 nombre=False saint_only=True terr= phase=candidate
2026-07-02 17:51:25 - matching_padroncharcas - DEBUG -     gz_id=7000387 'arique' score=1.000 nombre=False saint_only=True terr= phase=candidate
2026-07-02 17:51:25 - matching_padroncharcas - DEBUG -     gz_id=7000387 'arique' score=1.000 nombre=False saint_only=True terr= phase=candidate
2026-07-02 17:51:25 - matching_padroncharcas - DEBUG -     gz_id=4000099 'taria' score=1.000 nombre=False saint_only=True terr= phase=candidate
2026-07-02 17:51:25 - matching_padroncharcas - DEBUG -     gz_id=4000099 'taria' score=1.000 nombre=False saint_only=True terr= phase=candidate
2026-07-02 17:51:25 - matching_padroncharcas - DEBUG -     gz_id=4000099 'taria' score=1.000 nombre=False saint_only=True terr= phase=candidate
2026-07-02 17:51:25 - matching_padroncharcas - DEBUG -     gz_id=4000099 'taria' score=1.000 nombre=False saint_only=True terr= phase=candidate
2026-07-02 17:51:25 - matching_padroncharcas - DEBUG -     gz_id=4000099 'taria' score=1.000 nombre=False saint_only=True terr= phase=candidate
2026-07-02 17:51:25 - matching_padroncharcas - DEBUG -     gz_id=4000099 'taria' score=1.000 nombre=False saint_only=True terr= phase=candidate
2026-07-02 17:51:25 - matching_padroncharcas - DEBUG -     gz_id=1004574 'tinum' score=1.000 nombre=False saint_only=True terr= phase=candidate
2026-07-02 17:51:25 - matching_padroncharcas - DEBUG -     gz_id=1004574 'tinum' score=1.000 nombre=False saint_only=True terr= phase=candidate
2026-07-02 17:51:25 - matching_padroncharcas - DEBUG -     gz_id=6001057 'banos' score=1.000 nombre=False saint_only=True terr= phase=candidate
2026-07-02 17:51:25 - matching_padroncharcas - DEBUG -     gz_id=6001057 'banos' score=1.000 nombre=False saint_only=True terr= phase=candidate
2026-07-02 17:51:25 - matching_padroncharcas - DEBUG -     gz_id=4000105 'montalban' score=1.000 nombre=False saint_only=True terr= phase=candidate
2026-07-02 17:51:25 - matching_padroncharcas - DEBUG -     gz_id=4000105 'montalban' score=1.000 nombre=False saint_only=True terr= phase=candidate
2026-07-02 17:51:25 - matching_padroncharcas - DEBUG -     gz_id=4000105 'montalban' score=1.000 nombre=False saint_only=True terr= phase=candidate
2026-07-02 17:51:25 - matching_padroncharcas - DEBUG -     gz_id=4000105 'montalban' score=1.000 nombre=False saint_only=True terr= phase=candidate
2026-07-02 17:51:25 - matching_padroncharcas - DEBUG -     gz_id=9000696 'barrio concepcion' score=1.000 nombre=False saint_only=True terr= phase=candidate
2026-07-02 17:51:25 - matching_padroncharcas - DEBUG -     gz_id=9000696 'barrio concepcion' score=1.000 nombre=False saint_only=True terr= phase=candidate
2026-07-02 17:51:25 - matching_padroncharcas - DEBUG -     gz_id=9000696 'barrio concepcion' score=1.000 nombre=False saint_only=True terr= phase=candidate
2026-07-02 17:51:25 - matching_padroncharcas - DEBUG -     gz_id=1003840 'tamitad' score=1.000 nombre=False saint_only=True terr= phase=candidate
2026-07-02 17:51:25 - matching_padroncharcas - DEBUG -     gz_id=1003840 'tamitad' score=1.000 nombre=False saint_only=True terr= phase=candidate
2026-07-02 17:51:25 - matching_padroncharcas - DEBUG -     gz_id=9000044 'concepcion' score=1.000 nombre=False saint_only=True terr= phase=candidate
2026-07-02 17:51:25 - matching_padroncharcas - DEBUG -     gz_id=9000044 'concepcion' score=1.000 nombre=False saint_only=True terr= phase=candidate
2026-07-02 17:51:25 - matching_padroncharcas - DEBUG -     gz_id=9000044 'concepcion' score=1.000 nombre=False saint_only=True terr= phase=candidate
2026-07-02 17:51:25 - matching_padroncharcas - DEBUG -     gz_id=9000044 'concepcion' score=1.000 nombre=False saint_only=True terr= phase=candidate
2026-07-02 17:51:25 - matching_padroncharcas - DEBUG -     gz_id=9000044 'concepcion' score=1.000 nombre=False saint_only=True terr= phase=candidate
2026-07-02 17:51:25 - matching_padroncharcas - DEBUG -     gz_id=9000044 'concepcion' score=1.000 nombre=False saint_only=True terr= phase=candidate
2026-07-02 17:51:25 - matching_padroncharcas - DEBUG -     gz_id=9000044 'concepcion' score=1.000 nombre=False saint_only=True terr= phase=candidate
2026-07-02 17:51:25 - matching_padroncharcas - DEBUG -     gz_id=9000044 'concepcion' score=1.000 nombre=False saint_only=True terr= phase=candidate
2026-07-02 17:51:25 - matching_padroncharcas - DEBUG -     gz_id=1000463 'esatlan' score=1.000 nombre=False saint_only=True terr= phase=candidate
2026-07-02 17:51:25 - matching_padroncharcas - DEBUG -     gz_id=1000463 'esatlan' score=1.000 nombre=False saint_only=True terr= phase=candidate
2026-07-02 17:51:25 - matching_padroncharcas - DEBUG -     gz_id=9000728 'caiasta' score=1.000 nombre=False saint_only=True terr= phase=candidate
2026-07-02 17:51:25 - matching_padroncharcas - DEBUG -     gz_id=9000728 'caiasta' score=1.000 nombre=False saint_only=True terr= phase=candidate
2026-07-02 17:51:25 - matching_padroncharcas - DEBUG -     gz_id=9000728 'caiasta' score=1.000 nombre=False saint_only=True terr= phase=candidate
2026-07-02 17:51:25 - matching_padroncharcas - DEBUG -     gz_id=4000122 'camatahua' score=1.000 nombre=False saint_only=True terr= phase=candidate
2026-07-02 17:51:25 - matching_padroncharcas - DEBUG -     gz_id=4000122 'camatahua' score=1.000 nombre=False saint_only=True terr= phase=candidate
2026-07-02 17:51:25 - matching_padroncharcas - DEBUG -     gz_id=4000122 'camatahua' score=1.000 nombre=False saint_only=True terr= phase=candidate
2026-07-02 17:51:25 - matching_padroncharcas - DEBUG -     gz_id=4000122 'camatahua' score=1.000 nombre=False saint_only=True terr= phase=candidate
2026-07-02 17:51:25 - matching_padroncharcas - DEBUG -     gz_id=4000122 'camatahua' score=1.000 nombre=False saint_only=True terr= phase=candidate
2026-07-02 17:51:25 - matching_padroncharcas - DEBUG -     gz_id=4000122 'camatahua' score=1.000 nombre=False saint_only=True terr= phase=candidate
2026-07-02 17:51:25 - matching_padroncharcas - DEBUG -     gz_id=4000122 'camatahua' score=1.000 nombre=False saint_only=True terr= phase=candidate
2026-07-02 17:51:25 - matching_padroncharcas - DEBUG -     gz_id=4000122 'camatahua' score=1.000 nombre=False saint_only=True terr= phase=candidate
2026-07-02 17:51:25 - matching_padroncharcas - DEBUG -     gz_id=5000574 'concepcion' score=1.000 nombre=True saint_only=False terr= phase=auto_adopt
2026-07-02 17:51:25 - matching_padroncharcas - DEBUG -     gz_id=5000574 'concepcion' score=1.000 nombre=True saint_only=False terr= phase=auto_adopt
2026-07-02 17:51:25 - matching_padroncharcas - DEBUG -     gz_id=5000574 'concepcion' score=1.000 nombre=True saint_only=False terr= phase=auto_adopt
2026-07-02 17:51:25 - matching_padroncharcas - DEBUG -     gz_id=5000574 'concepcion' score=1.000 nombre=True saint_only=False terr= phase=auto_adopt
2026-07-02 17:51:25 - matching_padroncharcas - DEBUG -     gz_id=5000574 'concepcion' score=1.000 nombre=True saint_only=False terr= phase=auto_adopt
2026-07-02 17:51:25 - matching_padroncharcas - DEBUG -     gz_id=9000063 'rio cuarto' score=1.000 nombre=False saint_only=True terr= phase=candidate
2026-07-02 17:51:25 - matching_padroncharcas - DEBUG -     gz_id=9000063 'rio cuarto' score=1.000 nombre=False saint_only=True terr= phase=candidate
2026-07-02 17:51:25 - matching_padroncharcas - DEBUG -     gz_id=9000063 'rio cuarto' score=1.000 nombre=False saint_only=True terr= phase=candidate
2026-07-02 17:51:25 - matching_padroncharcas - DEBUG -     gz_id=9000063 'rio cuarto' score=1.000 nombre=False saint_only=True terr= phase=candidate
2026-07-02 17:51:25 - matching_padroncharcas - DEBUG -     gz_id=1004634 'tlacuitlapan' score=1.000 nombre=False saint_only=True terr= phase=candidate
2026-07-02 17:51:25 - matching_padroncharcas - DEBUG -     gz_id=1004634 'tlacuitlapan' score=1.000 nombre=False saint_only=True terr= phase=candidate
2026-07-02 17:51:25 - matching_padroncharcas - DEBUG -     gz_id=5000579 'sabaleta' score=1.000 nombre=False saint_only=True terr= phase=candidate
2026-07-02 17:51:25 - matching_padroncharcas - DEBUG -     gz_id=5000579 'sabaleta' score=1.000 nombre=False saint_only=True terr= phase=candidate
2026-07-02 17:51:25 - matching_padroncharcas - DEBUG -     gz_id=5000579 'sabaleta' score=1.000 nombre=False saint_only=True terr= phase=candidate
2026-07-02 17:51:25 - matching_padroncharcas - DEBUG -     gz_id=1003867 'capirato' score=1.000 nombre=False saint_only=True terr= phase=candidate
2026-07-02 17:51:25 - matching_padroncharcas - DEBUG -     gz_id=1003867 'capirato' score=1.000 nombre=False saint_only=True terr= phase=candidate
2026-07-02 17:51:25 - matching_padroncharcas - DEBUG -     gz_id=1003867 'capirato' score=1.000 nombre=False saint_only=True terr= phase=candidate
2026-07-02 17:51:25 - matching_padroncharcas - DEBUG -     gz_id=1003867 'capirato' score=1.000 nombre=False saint_only=True terr= phase=candidate
2026-07-02 17:51:25 - matching_padroncharcas - DEBUG -     gz_id=4000128 'barbacoas llanos' score=1.000 nombre=False saint_only=False terr= phase=candidate
2026-07-02 17:51:25 - matching_padroncharcas - DEBUG -     gz_id=4000128 'barbacoas llanos' score=1.000 nombre=False saint_only=False terr= phase=candidate
2026-07-02 17:51:25 - matching_padroncharcas - DEBUG -     gz_id=4000128 'barbacoas llanos' score=1.000 nombre=False saint_only=False terr= phase=candidate
2026-07-02 17:51:25 - matching_padroncharcas - DEBUG -     gz_id=4000128 'barbacoas llanos' score=1.000 nombre=False saint_only=False terr= phase=candidate
2026-07-02 17:51:25 - matching_padroncharcas - DEBUG -     gz_id=4000128 'barbacoas llanos' score=1.000 nombre=False saint_only=False terr= phase=candidate
2026-07-02 17:51:25 - matching_padroncharcas - DEBUG -     gz_id=4000128 'barbacoas llanos' score=1.000 nombre=False saint_only=False terr= phase=candidate
2026-07-02 17:51:25 - matching_padroncharcas - DEBUG -     gz_id=9900011 'concepcion' score=1.000 nombre=True saint_only=False terr= phase=auto_adopt
2026-07-02 17:51:25 - matching_padroncharcas - DEBUG -     gz_id=6001145 'concepcion' score=1.000 nombre=True saint_only=False terr= phase=auto_adopt
2026-07-02 17:51:25 - matching_padroncharcas - DEBUG -     gz_id=6001145 'concepcion' score=1.000 nombre=True saint_only=False terr= phase=auto_adopt
2026-07-02 17:51:25 - matching_padroncharcas - DEBUG -     gz_id=9900024 'concepcion' score=1.000 nombre=False saint_only=True terr= phase=candidate
2026-07-02 17:51:25 - matching_padroncharcas - DEBUG -     gz_id=1000511 'mitic' score=1.000 nombre=False saint_only=True terr= phase=candidate
2026-07-02 17:51:25 - matching_padroncharcas - DEBUG -     gz_id=1000511 'mitic' score=1.000 nombre=False saint_only=True terr= phase=candidate
2026-07-02 17:51:25 - matching_padroncharcas - DEBUG -     gz_id=1000512 'moia' score=1.000 nombre=False saint_only=True terr= phase=candidate
2026-07-02 17:51:25 - matching_padroncharcas - DEBUG -     gz_id=1000512 'moia' score=1.000 nombre=False saint_only=True terr= phase=candidate
2026-07-02 17:51:25 - matching_padroncharcas - DEBUG -     gz_id=1001393 'amealco' score=1.000 nombre=False saint_only=True terr= phase=candidate
2026-07-02 17:51:25 - matching_padroncharcas - DEBUG -     gz_id=1001393 'amealco' score=1.000 nombre=False saint_only=True terr= phase=candidate
2026-07-02 17:51:25 - matching_padroncharcas - DEBUG -     gz_id=9000103 'alto' score=1.000 nombre=False saint_only=True terr= phase=candidate
2026-07-02 17:51:25 - matching_padroncharcas - DEBUG -     gz_id=9000103 'alto' score=1.000 nombre=False saint_only=True terr= phase=candidate
2026-07-02 17:51:25 - matching_padroncharcas - DEBUG -     gz_id=9000103 'alto' score=1.000 nombre=False saint_only=True terr= phase=candidate
2026-07-02 17:51:25 - matching_padroncharcas - DEBUG -     gz_id=9000103 'alto' score=1.000 nombre=False saint_only=True terr= phase=candidate
2026-07-02 17:51:25 - matching_padroncharcas - DEBUG -     gz_id=1000522 'atemajac' score=1.000 nombre=False saint_only=True terr= phase=candidate
2026-07-02 17:51:25 - matching_padroncharcas - DEBUG -     gz_id=1000522 'atemajac' score=1.000 nombre=False saint_only=True terr= phase=candidate
2026-07-02 17:51:25 - matching_padroncharcas - DEBUG -     gz_id=4000573 'pao' score=1.000 nombre=False saint_only=True terr= phase=candidate
2026-07-02 17:51:25 - matching_padroncharcas - DEBUG -     gz_id=4000573 'pao' score=1.000 nombre=False saint_only=True terr= phase=candidate
2026-07-02 17:51:25 - matching_padroncharcas - DEBUG -     gz_id=4000573 'pao' score=1.000 nombre=False saint_only=True terr= phase=candidate
2026-07-02 17:51:25 - matching_padroncharcas - DEBUG -     gz_id=4000573 'pao' score=1.000 nombre=False saint_only=True terr= phase=candidate
2026-07-02 17:51:25 - matching_padroncharcas - DEBUG -     gz_id=4000576 'tapaquire' score=1.000 nombre=False saint_only=True terr= phase=candidate
2026-07-02 17:51:25 - matching_padroncharcas - DEBUG -     gz_id=4000576 'tapaquire' score=1.000 nombre=False saint_only=True terr= phase=candidate
2026-07-02 17:51:25 - matching_padroncharcas - DEBUG -     gz_id=4000576 'tapaquire' score=1.000 nombre=False saint_only=True terr= phase=candidate
2026-07-02 17:51:25 - matching_padroncharcas - DEBUG -     gz_id=4000576 'tapaquire' score=1.000 nombre=False saint_only=True terr= phase=candidate
2026-07-02 17:51:25 - matching_padroncharcas - DEBUG -     gz_id=1000528 'sapopan' score=1.000 nombre=False saint_only=True terr= phase=candidate
2026-07-02 17:51:25 - matching_padroncharcas - DEBUG -     gz_id=1000528 'sapopan' score=1.000 nombre=False saint_only=True terr= phase=candidate
2026-07-02 17:51:25 - matching_padroncharcas - DEBUG -     gz_id=1003102 'totoltepec' score=1.000 nombre=False saint_only=True terr= phase=candidate
2026-07-02 17:51:25 - matching_padroncharcas - DEBUG -     gz_id=1003102 'totoltepec' score=1.000 nombre=False saint_only=True terr= phase=candidate
2026-07-02 17:51:25 - matching_padroncharcas - DEBUG -     gz_id=4000583 'arenas' score=1.000 nombre=False saint_only=True terr= phase=candidate
2026-07-02 17:51:25 - matching_padroncharcas - DEBUG -     gz_id=4000583 'arenas' score=1.000 nombre=False saint_only=True terr= phase=candidate
2026-07-02 17:51:25 - matching_padroncharcas - DEBUG -     gz_id=4000583 'arenas' score=1.000 nombre=False saint_only=True terr= phase=candidate
2026-07-02 17:51:25 - matching_padroncharcas - DEBUG -     gz_id=4000583 'arenas' score=1.000 nombre=False saint_only=True terr= phase=candidate
2026-07-02 17:51:25 - matching_padroncharcas - DEBUG -     gz_id=4000583 'arenas' score=1.000 nombre=False saint_only=True terr= phase=candidate
2026-07-02 17:51:25 - matching_padroncharcas - DEBUG -     gz_id=4000583 'arenas' score=1.000 nombre=False saint_only=True terr= phase=candidate
2026-07-02 17:51:25 - matching_padroncharcas - DEBUG -     gz_id=4000583 'arenas' score=1.000 nombre=False saint_only=True terr= phase=candidate
2026-07-02 17:51:25 - matching_padroncharcas - DEBUG -     gz_id=4000155 'chuao' score=1.000 nombre=False saint_only=True terr= phase=candidate
2026-07-02 17:51:25 - matching_padroncharcas - DEBUG -     gz_id=4000155 'chuao' score=1.000 nombre=False saint_only=True terr= phase=candidate
2026-07-02 17:51:25 - matching_padroncharcas - DEBUG -     gz_id=4000155 'chuao' score=1.000 nombre=False saint_only=True terr= phase=candidate
2026-07-02 17:51:25 - matching_padroncharcas - DEBUG -     gz_id=4000155 'chuao' score=1.000 nombre=False saint_only=True terr= phase=candidate
2026-07-02 17:51:25 - matching_padroncharcas - DEBUG -     gz_id=5000664 'cabiuna' score=1.000 nombre=False saint_only=True terr= phase=candidate
2026-07-02 17:51:25 - matching_padroncharcas - DEBUG -     gz_id=5000665 'icimena' score=1.000 nombre=False saint_only=False terr= phase=candidate
2026-07-02 17:51:25 - matching_padroncharcas - DEBUG -     gz_id=1003904 'mobas' score=1.000 nombre=False saint_only=True terr= phase=candidate
2026-07-02 17:51:25 - matching_padroncharcas - DEBUG -     gz_id=1003904 'mobas' score=1.000 nombre=False saint_only=True terr= phase=candidate
2026-07-02 17:51:25 - matching_padroncharcas - DEBUG -     gz_id=1003904 'mobas' score=1.000 nombre=False saint_only=True terr= phase=candidate
2026-07-02 17:51:25 - matching_padroncharcas - DEBUG -     gz_id=1003904 'mobas' score=1.000 nombre=False saint_only=True terr= phase=candidate
2026-07-02 17:51:25 - matching_padroncharcas - DEBUG -     gz_id=1004722 'cadegomo' score=1.000 nombre=False saint_only=True terr= phase=candidate
2026-07-02 17:51:25 - matching_padroncharcas - DEBUG -     gz_id=1004722 'cadegomo' score=1.000 nombre=False saint_only=True terr= phase=candidate
2026-07-02 17:51:25 - matching_padroncharcas - DEBUG -     gz_id=1004722 'cadegomo' score=1.000 nombre=False saint_only=True terr= phase=candidate
2026-07-02 17:51:25 - matching_padroncharcas - DEBUG -     gz_id=1004722 'cadegomo' score=1.000 nombre=False saint_only=True terr= phase=candidate
2026-07-02 17:51:25 - matching_padroncharcas - DEBUG -     gz_id=1004722 'cadegomo' score=1.000 nombre=False saint_only=True terr= phase=candidate
2026-07-02 17:51:25 - matching_padroncharcas - DEBUG -     gz_id=1004722 'cadegomo' score=1.000 nombre=False saint_only=True terr= phase=candidate
2026-07-02 17:51:25 - matching_padroncharcas - DEBUG -     gz_id=8000030 'apolobamba' score=1.000 nombre=False saint_only=True terr=region_exact phase=candidate
2026-07-02 17:51:25 - matching_padroncharcas - DEBUG -     gz_id=8000030 'apolobamba' score=1.000 nombre=False saint_only=True terr=region_exact phase=candidate
2026-07-02 17:51:25 - matching_padroncharcas - DEBUG -     gz_id=8000030 'apolobamba' score=1.000 nombre=False saint_only=True terr=region_exact phase=candidate
2026-07-02 17:51:25 - matching_padroncharcas - DEBUG -     gz_id=5000686 'arama' score=1.000 nombre=False saint_only=True terr= phase=candidate
2026-07-02 17:51:25 - matching_padroncharcas - DEBUG -     gz_id=8000030 'apolobamba' score=1.000 nombre=False saint_only=True terr=region_exact phase=candidate
2026-07-02 17:51:25 - matching_padroncharcas - DEBUG -     gz_id=1005489 'concepcion' score=1.000 nombre=True saint_only=False terr= phase=auto_adopt
2026-07-02 17:51:25 - matching_padroncharcas - DEBUG -     gz_id=1005489 'concepcion' score=1.000 nombre=True saint_only=False terr= phase=auto_adopt
2026-07-02 17:51:25 - matching_padroncharcas - DEBUG -     gz_id=1005489 'concepcion' score=1.000 nombre=True saint_only=False terr= phase=auto_adopt
2026-07-02 17:51:25 - matching_padroncharcas - DEBUG -     gz_id=1005489 'concepcion' score=1.000 nombre=True saint_only=False terr= phase=auto_adopt
2026-07-02 17:51:25 - matching_padroncharcas - DEBUG -     gz_id=1005489 'concepcion' score=1.000 nombre=True saint_only=False terr= phase=auto_adopt
2026-07-02 17:51:25 - matching_padroncharcas - DEBUG -     gz_id=9000136 'minas' score=1.000 nombre=False saint_only=True terr= phase=candidate
2026-07-02 17:51:25 - matching_padroncharcas - DEBUG -     gz_id=9000136 'minas' score=1.000 nombre=False saint_only=True terr= phase=candidate
2026-07-02 17:51:25 - matching_padroncharcas - DEBUG -     gz_id=9000136 'minas' score=1.000 nombre=False saint_only=True terr= phase=candidate
2026-07-02 17:51:25 - matching_padroncharcas - DEBUG -     gz_id=1001461 'cocula' score=1.000 nombre=False saint_only=True terr= phase=candidate
2026-07-02 17:51:25 - matching_padroncharcas - DEBUG -     gz_id=1001461 'cocula' score=1.000 nombre=False saint_only=True terr= phase=candidate
2026-07-02 17:51:25 - matching_padroncharcas - DEBUG -     gz_id=1001461 'cocula' score=1.000 nombre=False saint_only=True terr= phase=candidate
2026-07-02 17:51:25 - matching_padroncharcas - DEBUG -     gz_id=4000169 'sombrero' score=1.000 nombre=False saint_only=True terr= phase=candidate
2026-07-02 17:51:25 - matching_padroncharcas - DEBUG -     gz_id=4000169 'sombrero' score=1.000 nombre=False saint_only=True terr= phase=candidate
2026-07-02 17:51:25 - matching_padroncharcas - DEBUG -     gz_id=4000169 'sombrero' score=1.000 nombre=False saint_only=True terr= phase=candidate
2026-07-02 17:51:25 - matching_padroncharcas - DEBUG -     gz_id=4000169 'sombrero' score=1.000 nombre=False saint_only=True terr= phase=candidate
2026-07-02 17:51:25 - matching_padroncharcas - DEBUG -     gz_id=9900065 'realito concepcion' score=1.000 nombre=False saint_only=True terr= phase=candidate
2026-07-02 17:51:25 - matching_padroncharcas - DEBUG -     gz_id=1001473 'tepecoacuilco' score=1.000 nombre=False saint_only=True terr= phase=candidate
2026-07-02 17:51:25 - matching_padroncharcas - DEBUG -     gz_id=1001473 'tepecoacuilco' score=1.000 nombre=False saint_only=True terr= phase=candidate
2026-07-02 17:51:25 - matching_padroncharcas - DEBUG -     gz_id=1001473 'tepecoacuilco' score=1.000 nombre=False saint_only=True terr= phase=candidate
2026-07-02 17:51:25 - matching_padroncharcas - DEBUG -     gz_id=1003918 'tonichi' score=1.000 nombre=False saint_only=True terr= phase=candidate
2026-07-02 17:51:25 - matching_padroncharcas - DEBUG -     gz_id=1003918 'tonichi' score=1.000 nombre=False saint_only=True terr= phase=candidate
2026-07-02 17:51:25 - matching_padroncharcas - DEBUG -     gz_id=1003918 'tonichi' score=1.000 nombre=False saint_only=True terr= phase=candidate
2026-07-02 17:51:25 - matching_padroncharcas - DEBUG -     gz_id=1003918 'tonichi' score=1.000 nombre=False saint_only=True terr= phase=candidate
2026-07-02 17:51:25 - matching_padroncharcas - DEBUG -     gz_id=9900065 'realito concepcion' score=1.000 nombre=False saint_only=True terr= phase=candidate
2026-07-02 17:51:25 - matching_padroncharcas - DEBUG -     gz_id=9900065 'realito concepcion' score=1.000 nombre=False saint_only=True terr= phase=candidate
2026-07-02 17:51:25 - matching_padroncharcas - DEBUG -     gz_id=9900065 'realito concepcion' score=1.000 nombre=False saint_only=True terr= phase=candidate
2026-07-02 17:51:25 - matching_padroncharcas - DEBUG -     gz_id=9900065 'realito concepcion' score=1.000 nombre=False saint_only=True terr= phase=candidate
2026-07-02 17:51:25 - matching_padroncharcas - DEBUG -     gz_id=1003153 'jolalpan' score=1.000 nombre=False saint_only=True terr= phase=candidate
2026-07-02 17:51:25 - matching_padroncharcas - DEBUG -     gz_id=1003153 'jolalpan' score=1.000 nombre=False saint_only=True terr= phase=candidate
2026-07-02 17:51:25 - matching_padroncharcas - DEBUG -     gz_id=1003153 'jolalpan' score=1.000 nombre=False saint_only=True terr= phase=candidate
2026-07-02 17:51:25 - matching_padroncharcas - DEBUG -     gz_id=9000158 'mandisobi' score=1.000 nombre=False saint_only=True terr= phase=candidate
2026-07-02 17:51:25 - matching_padroncharcas - DEBUG -     gz_id=9000158 'mandisobi' score=1.000 nombre=False saint_only=True terr= phase=candidate
2026-07-02 17:51:25 - matching_padroncharcas - DEBUG -     gz_id=9000158 'mandisobi' score=1.000 nombre=False saint_only=True terr= phase=candidate
2026-07-02 17:51:25 - matching_padroncharcas - DEBUG -     gz_id=9000158 'mandisobi' score=1.000 nombre=False saint_only=True terr= phase=candidate
2026-07-02 17:51:25 - matching_padroncharcas - DEBUG -     gz_id=9000158 'mandisobi' score=1.000 nombre=False saint_only=True terr= phase=candidate
2026-07-02 17:51:25 - matching_padroncharcas - DEBUG -     gz_id=1003926 'baca' score=1.000 nombre=False saint_only=True terr= phase=candidate
2026-07-02 17:51:25 - matching_padroncharcas - DEBUG -     gz_id=1003926 'baca' score=1.000 nombre=False saint_only=True terr= phase=candidate
2026-07-02 17:51:25 - matching_padroncharcas - DEBUG -     gz_id=1003926 'baca' score=1.000 nombre=False saint_only=True terr= phase=candidate
2026-07-02 17:51:25 - matching_padroncharcas - DEBUG -     gz_id=1003926 'baca' score=1.000 nombre=False saint_only=True terr= phase=candidate
2026-07-02 17:51:25 - matching_padroncharcas - DEBUG -     gz_id=9000158 'mandisobi' score=1.000 nombre=False saint_only=True terr= phase=candidate
2026-07-02 17:51:25 - matching_padroncharcas - DEBUG -     gz_id=1004748 'concepcion' score=1.000 nombre=True saint_only=False terr= phase=auto_adopt
2026-07-02 17:51:25 - matching_padroncharcas - DEBUG -     gz_id=1004748 'concepcion' score=1.000 nombre=True saint_only=False terr= phase=auto_adopt
2026-07-02 17:51:25 - matching_padroncharcas - DEBUG -     gz_id=1003928 'bamoa' score=1.000 nombre=False saint_only=True terr= phase=candidate
2026-07-02 17:51:25 - matching_padroncharcas - DEBUG -     gz_id=1003928 'bamoa' score=1.000 nombre=False saint_only=True terr= phase=candidate
2026-07-02 17:51:25 - matching_padroncharcas - DEBUG -     gz_id=1003928 'bamoa' score=1.000 nombre=False saint_only=True terr= phase=candidate
2026-07-02 17:51:25 - matching_padroncharcas - DEBUG -     gz_id=1003928 'bamoa' score=1.000 nombre=False saint_only=True terr= phase=candidate
2026-07-02 17:51:25 - matching_padroncharcas - DEBUG -     gz_id=1003930 'charai' score=1.000 nombre=False saint_only=True terr= phase=candidate
2026-07-02 17:51:25 - matching_padroncharcas - DEBUG -     gz_id=1003930 'charai' score=1.000 nombre=False saint_only=True terr= phase=candidate
2026-07-02 17:51:25 - matching_padroncharcas - DEBUG -     gz_id=1003930 'charai' score=1.000 nombre=False saint_only=True terr= phase=candidate
2026-07-02 17:51:25 - matching_padroncharcas - DEBUG -     gz_id=1003930 'charai' score=1.000 nombre=False saint_only=True terr= phase=candidate
2026-07-02 17:51:25 - matching_padroncharcas - DEBUG -     gz_id=1003930 'charai' score=1.000 nombre=False saint_only=True terr= phase=candidate
2026-07-02 17:51:25 - matching_padroncharcas - DEBUG -     gz_id=1003930 'charai' score=1.000 nombre=False saint_only=True terr= phase=candidate
2026-07-02 17:51:25 - matching_padroncharcas - DEBUG -     gz_id=1003931 'chicorato' score=1.000 nombre=False saint_only=True terr= phase=candidate
2026-07-02 17:51:25 - matching_padroncharcas - DEBUG -     gz_id=1003931 'chicorato' score=1.000 nombre=False saint_only=True terr= phase=candidate
2026-07-02 17:51:25 - matching_padroncharcas - DEBUG -     gz_id=1003931 'chicorato' score=1.000 nombre=False saint_only=True terr= phase=candidate
2026-07-02 17:51:25 - matching_padroncharcas - DEBUG -     gz_id=1003931 'chicorato' score=1.000 nombre=False saint_only=True terr= phase=candidate
2026-07-02 17:51:25 - matching_padroncharcas - DEBUG -     gz_id=8000077 'quata' score=1.000 nombre=False saint_only=True terr=region_exact phase=candidate
2026-07-02 17:51:25 - matching_padroncharcas - DEBUG -     gz_id=8000077 'quata' score=1.000 nombre=False saint_only=True terr=region_exact phase=candidate
2026-07-02 17:51:25 - matching_padroncharcas - DEBUG -     gz_id=8000077 'quata' score=1.000 nombre=False saint_only=True terr=region_exact phase=candidate
2026-07-02 17:51:25 - matching_padroncharcas - DEBUG -     gz_id=1000627 'cuautitlan' score=1.000 nombre=False saint_only=True terr= phase=candidate
2026-07-02 17:51:25 - matching_padroncharcas - DEBUG -     gz_id=1000627 'cuautitlan' score=1.000 nombre=False saint_only=True terr= phase=candidate
2026-07-02 17:51:25 - matching_padroncharcas - DEBUG -     gz_id=4000641 'tintini' score=1.000 nombre=False saint_only=True terr= phase=candidate
2026-07-02 17:51:25 - matching_padroncharcas - DEBUG -     gz_id=4000641 'tintini' score=1.000 nombre=False saint_only=True terr= phase=candidate
2026-07-02 17:51:25 - matching_padroncharcas - DEBUG -     gz_id=4000641 'tintini' score=1.000 nombre=False saint_only=True terr= phase=candidate
2026-07-02 17:51:25 - matching_padroncharcas - DEBUG -     gz_id=4000641 'tintini' score=1.000 nombre=False saint_only=True terr= phase=candidate
2026-07-02 17:51:25 - matching_padroncharcas - DEBUG -     gz_id=3000008 'bega' score=1.000 nombre=False saint_only=True terr= phase=candidate
2026-07-02 17:51:25 - matching_padroncharcas - DEBUG -     gz_id=3000008 'bega' score=1.000 nombre=False saint_only=True terr= phase=candidate
2026-07-02 17:51:25 - matching_padroncharcas - DEBUG -     gz_id=1001520 'sultepec' score=1.000 nombre=False saint_only=True terr= phase=candidate
2026-07-02 17:51:25 - matching_padroncharcas - DEBUG -     gz_id=1001520 'sultepec' score=1.000 nombre=False saint_only=True terr= phase=candidate
2026-07-02 17:51:25 - matching_padroncharcas - DEBUG -     gz_id=1001520 'sultepec' score=1.000 nombre=False saint_only=True terr= phase=candidate
2026-07-02 17:51:25 - matching_padroncharcas - DEBUG -     gz_id=1001520 'sultepec' score=1.000 nombre=False saint_only=True terr= phase=candidate
2026-07-02 17:51:25 - matching_padroncharcas - DEBUG -     gz_id=1003952 'babiacora' score=1.000 nombre=False saint_only=True terr= phase=candidate
2026-07-02 17:51:25 - matching_padroncharcas - DEBUG -     gz_id=1003952 'babiacora' score=1.000 nombre=False saint_only=True terr= phase=candidate
2026-07-02 17:51:25 - matching_padroncharcas - DEBUG -     gz_id=1003952 'babiacora' score=1.000 nombre=False saint_only=True terr= phase=candidate
2026-07-02 17:51:25 - matching_padroncharcas - DEBUG -     gz_id=1003952 'babiacora' score=1.000 nombre=False saint_only=True terr= phase=candidate
2026-07-02 17:51:25 - matching_padroncharcas - DEBUG -     gz_id=1003952 'babiacora' score=1.000 nombre=False saint_only=True terr= phase=candidate
2026-07-02 17:51:25 - matching_padroncharcas - DEBUG -     gz_id=2000040 'chapultenango' score=1.000 nombre=False saint_only=True terr= phase=candidate
2026-07-02 17:51:25 - matching_padroncharcas - DEBUG -     gz_id=2000040 'chapultenango' score=1.000 nombre=False saint_only=True terr= phase=candidate
2026-07-02 17:51:25 - matching_padroncharcas - DEBUG -     gz_id=1003954 'caborca' score=1.000 nombre=False saint_only=True terr= phase=candidate
2026-07-02 17:51:25 - matching_padroncharcas - DEBUG -     gz_id=1003954 'caborca' score=1.000 nombre=False saint_only=True terr= phase=candidate
2026-07-02 17:51:25 - matching_padroncharcas - DEBUG -     gz_id=1003954 'caborca' score=1.000 nombre=False saint_only=True terr= phase=candidate
2026-07-02 17:51:25 - matching_padroncharcas - DEBUG -     gz_id=1003954 'caborca' score=1.000 nombre=False saint_only=True terr= phase=candidate
2026-07-02 17:51:25 - matching_padroncharcas - DEBUG -     gz_id=1003954 'caborca' score=1.000 nombre=False saint_only=True terr= phase=candidate
2026-07-02 17:51:25 - matching_padroncharcas - DEBUG -     gz_id=1003954 'caborca' score=1.000 nombre=False saint_only=True terr= phase=candidate
2026-07-02 17:51:25 - matching_padroncharcas - DEBUG -     gz_id=2000040 'chapultenango' score=1.000 nombre=False saint_only=True terr= phase=candidate
2026-07-02 17:51:25 - matching_padroncharcas - DEBUG -     gz_id=1004790 'tome' score=1.000 nombre=False saint_only=True terr= phase=candidate
2026-07-02 17:51:25 - matching_padroncharcas - DEBUG -     gz_id=9901071 'concepcion' score=1.000 nombre=False saint_only=False terr= phase=candidate
2026-07-02 17:51:25 - matching_padroncharcas - DEBUG -     gz_id=9901071 'concepcion' score=1.000 nombre=False saint_only=False terr= phase=candidate
2026-07-02 17:51:25 - matching_padroncharcas - DEBUG -     gz_id=9901071 'concepcion' score=1.000 nombre=False saint_only=False terr= phase=candidate
2026-07-02 17:51:25 - matching_padroncharcas - DEBUG -     gz_id=9901071 'concepcion' score=1.000 nombre=False saint_only=False terr= phase=candidate
2026-07-02 17:51:25 - matching_padroncharcas - DEBUG -     gz_id=1004797 'acuna' score=1.000 nombre=False saint_only=True terr= phase=candidate
2026-07-02 17:51:25 - matching_padroncharcas - DEBUG -     gz_id=1004797 'acuna' score=1.000 nombre=False saint_only=True terr= phase=candidate
2026-07-02 17:51:25 - matching_padroncharcas - DEBUG -     gz_id=1000684 'concepcion rincon' score=1.000 nombre=False saint_only=True terr= phase=candidate
2026-07-02 17:51:25 - matching_padroncharcas - DEBUG -     gz_id=1000684 'concepcion rincon' score=1.000 nombre=False saint_only=True terr= phase=candidate
2026-07-02 17:51:25 - matching_padroncharcas - DEBUG -     gz_id=1000684 'concepcion rincon' score=1.000 nombre=False saint_only=True terr= phase=candidate
2026-07-02 17:51:25 - matching_padroncharcas - DEBUG -     gz_id=1004807 'hainais' score=1.000 nombre=False saint_only=True terr= phase=candidate
2026-07-02 17:51:25 - matching_padroncharcas - DEBUG -     gz_id=1004807 'hainais' score=1.000 nombre=False saint_only=True terr= phase=candidate
2026-07-02 17:51:25 - matching_padroncharcas - DEBUG -     gz_id=1004807 'hainais' score=1.000 nombre=False saint_only=True terr= phase=candidate
2026-07-02 17:51:25 - matching_padroncharcas - DEBUG -     gz_id=1004807 'hainais' score=1.000 nombre=False saint_only=True terr= phase=candidate
2026-07-02 17:51:25 - matching_padroncharcas - DEBUG -     gz_id=1001552 'coatipac' score=1.000 nombre=False saint_only=True terr= phase=candidate
2026-07-02 17:51:25 - matching_padroncharcas - DEBUG -     gz_id=1001552 'coatipac' score=1.000 nombre=False saint_only=True terr= phase=candidate
2026-07-02 17:51:25 - matching_padroncharcas - DEBUG -     gz_id=1001552 'coatipac' score=1.000 nombre=False saint_only=True terr= phase=candidate
2026-07-02 17:51:25 - matching_padroncharcas - DEBUG -     gz_id=8000154 'huaicoma' score=1.000 nombre=False saint_only=True terr=region_exact phase=candidate
2026-07-02 17:51:25 - matching_padroncharcas - DEBUG -     gz_id=8000154 'huaicoma' score=1.000 nombre=False saint_only=True terr=region_exact phase=candidate
2026-07-02 17:51:25 - matching_padroncharcas - DEBUG -     gz_id=9900146 'concepcion' score=1.000 nombre=True saint_only=False terr= phase=auto_adopt
2026-07-02 17:51:25 - matching_padroncharcas - DEBUG -     gz_id=9900146 'concepcion' score=1.000 nombre=True saint_only=False terr= phase=auto_adopt
2026-07-02 17:51:25 - matching_padroncharcas - DEBUG -     gz_id=1000718 'almoloia' score=1.000 nombre=False saint_only=True terr= phase=candidate
2026-07-02 17:51:25 - matching_padroncharcas - DEBUG -     gz_id=1000718 'almoloia' score=1.000 nombre=False saint_only=True terr= phase=candidate
2026-07-02 17:51:25 - matching_padroncharcas - DEBUG -     gz_id=5000866 'concepcion' score=1.000 nombre=False saint_only=True terr= phase=candidate
2026-07-02 17:51:25 - matching_padroncharcas - DEBUG -     gz_id=5000866 'concepcion' score=1.000 nombre=False saint_only=True terr= phase=candidate
2026-07-02 17:51:25 - matching_padroncharcas - DEBUG -     gz_id=5000866 'concepcion' score=1.000 nombre=False saint_only=True terr= phase=candidate
2026-07-02 17:51:25 - matching_padroncharcas - DEBUG -     gz_id=5000866 'concepcion' score=1.000 nombre=False saint_only=True terr= phase=candidate
2026-07-02 17:51:25 - matching_padroncharcas - DEBUG -     gz_id=1000731 'landa' score=1.000 nombre=False saint_only=True terr= phase=candidate
2026-07-02 17:51:25 - matching_padroncharcas - DEBUG -     gz_id=1000731 'landa' score=1.000 nombre=False saint_only=True terr= phase=candidate
2026-07-02 17:51:25 - matching_padroncharcas - DEBUG -     gz_id=1000731 'landa' score=1.000 nombre=False saint_only=True terr= phase=candidate
2026-07-02 17:51:25 - matching_padroncharcas - DEBUG -     gz_id=1000731 'landa' score=1.000 nombre=False saint_only=True terr= phase=candidate
2026-07-02 17:51:25 - matching_padroncharcas - DEBUG -     gz_id=8000186 'concepcion' score=1.000 nombre=True saint_only=False terr=region_exact phase=auto_adopt
2026-07-02 17:51:25 - matching_padroncharcas - DEBUG -     gz_id=8000186 'concepcion' score=1.000 nombre=True saint_only=False terr=region_exact phase=auto_adopt
2026-07-02 17:51:25 - matching_padroncharcas - DEBUG -     gz_id=8000186 'concepcion' score=1.000 nombre=True saint_only=False terr=region_exact phase=auto_adopt
2026-07-02 17:51:25 - matching_padroncharcas - DEBUG -     gz_id=8000186 'concepcion' score=1.000 nombre=True saint_only=False terr=region_exact phase=auto_adopt
2026-07-02 17:51:25 - matching_padroncharcas - DEBUG -     gz_id=9901124 'concepcion' score=1.000 nombre=False saint_only=True terr= phase=candidate
2026-07-02 17:51:25 - matching_padroncharcas - DEBUG -     gz_id=5000898 'concepcion' score=1.000 nombre=True saint_only=False terr= phase=auto_adopt
2026-07-02 17:51:25 - matching_padroncharcas - INFO -   Before dedup: 530 candidates
2026-07-02 17:51:25 - matching_padroncharcas - INFO -   After dedup: 176 unique gz_ids
2026-07-02 17:51:25 - matching_padroncharcas - INFO -   Dropped 167 territory-contradicting candidates
2026-07-02 17:51:25 - matching_padroncharcas - INFO -   Input has territorial data: True
2026-07-02 17:51:25 - matching_padroncharcas - INFO -   Candidates with territory match: 9
2026-07-02 17:51:25 - matching_padroncharcas - INFO -   After territorial filter (keeping region): 9 candidates
2026-07-02 17:51:25 - matching_padroncharcas - INFO -   Nombre matches (exact on lugar_nombre): 3
2026-07-02 17:51:25 - matching_padroncharcas - INFO -   Saint-only matches: 6
2026-07-02 17:51:25 - matching_padroncharcas - INFO -   Substantive matches: 3
2026-07-02 17:51:25 - matching_padroncharcas - INFO -   NOMBRE PRIORITY: Keeping ONLY 3 nombre matches, discarding 0 others
2026-07-02 17:51:25 - matching_padroncharcas - INFO -      gz_id=8000255: Concepcion
2026-07-02 17:51:25 - matching_padroncharcas - INFO -      gz_id=8000264: Concepcion
2026-07-02 17:51:25 - matching_padroncharcas - INFO -      gz_id=8000186: Concepcion
2026-07-02 17:51:25 - matching_padroncharcas - INFO -   Candidate pool (>= threshold): 3
2026-07-02 17:51:25 - matching_padroncharcas - INFO -   3 candidate(s) -> candidate
2026-07-02 17:51:25 - matching_padroncharcas - INFO -   rowID=7393: found at step 'no_partido_jurisdiccion'
2026-07-02 17:51:25 - matching_padroncharcas - INFO - 
============================================================
2026-07-02 17:51:25 - matching_padroncharcas - INFO - Processing rowID=7395: 'Curato de la Villa' -> cleaned: 'curato billa'
2026-07-02 17:51:25 - matching_padroncharcas - INFO -   Token-based candidates: 369
2026-07-02 17:51:25 - matching_padroncharcas - INFO -   Filtering: need match on substantive tokens: ['billa', 'curato'] OR 2+ total tokens
2026-07-02 17:51:25 - matching_padroncharcas - INFO -   After filtering weak token matches: 294 candidates
2026-07-02 17:51:25 - matching_padroncharcas - INFO -   Fuzzy matches (score >= 70, limit=500): 13
2026-07-02 17:51:25 - matching_padroncharcas - DEBUG -     gz_id=5000308 'santos' score=1.000 nombre=False saint_only=False terr= phase=auto_adopt
2026-07-02 17:51:25 - matching_padroncharcas - DEBUG -     gz_id=5000308 'santos' score=1.000 nombre=False saint_only=False terr= phase=auto_adopt
2026-07-02 17:51:25 - matching_padroncharcas - DEBUG -     gz_id=5000308 'santos' score=1.000 nombre=False saint_only=False terr= phase=auto_adopt
2026-07-02 17:51:25 - matching_padroncharcas - DEBUG -     gz_id=5000308 'santos' score=1.000 nombre=False saint_only=False terr= phase=auto_adopt
2026-07-02 17:51:25 - matching_padroncharcas - DEBUG -     gz_id=5000308 'santos' score=1.000 nombre=False saint_only=False terr= phase=auto_adopt
2026-07-02 17:51:25 - matching_padroncharcas - DEBUG -     gz_id=2000684 'san joce' score=0.833 nombre=False saint_only=False terr= phase=relegated
2026-07-02 17:51:25 - matching_padroncharcas - DEBUG -     gz_id=1004953 'rebilla' score=0.833 nombre=False saint_only=False terr= phase=relegated
2026-07-02 17:51:25 - matching_padroncharcas - DEBUG -     gz_id=1004953 'rebilla' score=0.833 nombre=False saint_only=False terr= phase=relegated
2026-07-02 17:51:25 - matching_padroncharcas - DEBUG -     gz_id=1004953 'rebilla' score=0.833 nombre=False saint_only=False terr= phase=relegated
2026-07-02 17:51:25 - matching_padroncharcas - DEBUG -     gz_id=9000040 'colla' score=0.750 nombre=False saint_only=False terr= phase=relegated
2026-07-02 17:51:25 - matching_padroncharcas - DEBUG -     gz_id=9000040 'colla' score=0.750 nombre=False saint_only=False terr= phase=relegated
2026-07-02 17:51:25 - matching_padroncharcas - DEBUG -     gz_id=9000040 'colla' score=0.750 nombre=False saint_only=False terr= phase=relegated
2026-07-02 17:51:25 - matching_padroncharcas - DEBUG -     gz_id=9000040 'colla' score=0.750 nombre=False saint_only=False terr= phase=relegated
2026-07-02 17:51:25 - matching_padroncharcas - INFO -   Before dedup: 13 candidates
2026-07-02 17:51:25 - matching_padroncharcas - INFO -   After dedup: 4 unique gz_ids
2026-07-02 17:51:25 - matching_padroncharcas - INFO -   Dropped 4 territory-contradicting candidates
2026-07-02 17:51:25 - matching_padroncharcas - INFO -   Input has territorial data: True
2026-07-02 17:51:25 - matching_padroncharcas - INFO -   Candidates with territory match: 0
2026-07-02 17:51:25 - matching_padroncharcas - INFO -   No territorial filtering applied (no matching territories found)
2026-07-02 17:51:25 - matching_padroncharcas - INFO -   Nombre matches (exact on lugar_nombre): 0
2026-07-02 17:51:25 - matching_padroncharcas - INFO -   Saint-only matches: 0
2026-07-02 17:51:25 - matching_padroncharcas - INFO -   Substantive matches: 0
2026-07-02 17:51:25 - matching_padroncharcas - INFO -   Candidate pool (>= threshold): 0
2026-07-02 17:51:25 - matching_padroncharcas - WARNING -   No candidate above threshold - relegated
2026-07-02 17:51:25 - matching_padroncharcas - INFO - 
============================================================
2026-07-02 17:51:25 - matching_padroncharcas - INFO - Processing rowID=7395: 'Curato de la Villa' -> cleaned: 'curato billa'
2026-07-02 17:51:25 - matching_padroncharcas - INFO -   Token-based candidates: 369
2026-07-02 17:51:25 - matching_padroncharcas - INFO -   Filtering: need match on substantive tokens: ['billa', 'curato'] OR 2+ total tokens
2026-07-02 17:51:25 - matching_padroncharcas - INFO -   After filtering weak token matches: 294 candidates
2026-07-02 17:51:25 - matching_padroncharcas - INFO -   Fuzzy matches (score >= 70, limit=500): 13
2026-07-02 17:51:25 - matching_padroncharcas - DEBUG -     gz_id=5000308 'santos' score=1.000 nombre=False saint_only=False terr= phase=auto_adopt
2026-07-02 17:51:25 - matching_padroncharcas - DEBUG -     gz_id=5000308 'santos' score=1.000 nombre=False saint_only=False terr= phase=auto_adopt
2026-07-02 17:51:25 - matching_padroncharcas - DEBUG -     gz_id=5000308 'santos' score=1.000 nombre=False saint_only=False terr= phase=auto_adopt
2026-07-02 17:51:25 - matching_padroncharcas - DEBUG -     gz_id=5000308 'santos' score=1.000 nombre=False saint_only=False terr= phase=auto_adopt
2026-07-02 17:51:25 - matching_padroncharcas - DEBUG -     gz_id=5000308 'santos' score=1.000 nombre=False saint_only=False terr= phase=auto_adopt
2026-07-02 17:51:25 - matching_padroncharcas - DEBUG -     gz_id=2000684 'san joce' score=0.833 nombre=False saint_only=False terr= phase=relegated
2026-07-02 17:51:25 - matching_padroncharcas - DEBUG -     gz_id=1004953 'rebilla' score=0.833 nombre=False saint_only=False terr= phase=relegated
2026-07-02 17:51:25 - matching_padroncharcas - DEBUG -     gz_id=1004953 'rebilla' score=0.833 nombre=False saint_only=False terr= phase=relegated
2026-07-02 17:51:25 - matching_padroncharcas - DEBUG -     gz_id=1004953 'rebilla' score=0.833 nombre=False saint_only=False terr= phase=relegated
2026-07-02 17:51:25 - matching_padroncharcas - DEBUG -     gz_id=9000040 'colla' score=0.750 nombre=False saint_only=False terr= phase=relegated
2026-07-02 17:51:25 - matching_padroncharcas - DEBUG -     gz_id=9000040 'colla' score=0.750 nombre=False saint_only=False terr= phase=relegated
2026-07-02 17:51:25 - matching_padroncharcas - DEBUG -     gz_id=9000040 'colla' score=0.750 nombre=False saint_only=False terr= phase=relegated
2026-07-02 17:51:25 - matching_padroncharcas - DEBUG -     gz_id=9000040 'colla' score=0.750 nombre=False saint_only=False terr= phase=relegated
2026-07-02 17:51:25 - matching_padroncharcas - INFO -   Before dedup: 13 candidates
2026-07-02 17:51:25 - matching_padroncharcas - INFO -   After dedup: 4 unique gz_ids
2026-07-02 17:51:25 - matching_padroncharcas - INFO -   Dropped 4 territory-contradicting candidates
2026-07-02 17:51:25 - matching_padroncharcas - INFO -   Input has territorial data: True
2026-07-02 17:51:25 - matching_padroncharcas - INFO -   Candidates with territory match: 0
2026-07-02 17:51:25 - matching_padroncharcas - INFO -   No territorial filtering applied (no matching territories found)
2026-07-02 17:51:25 - matching_padroncharcas - INFO -   Nombre matches (exact on lugar_nombre): 0
2026-07-02 17:51:25 - matching_padroncharcas - INFO -   Saint-only matches: 0
2026-07-02 17:51:25 - matching_padroncharcas - INFO -   Substantive matches: 0
2026-07-02 17:51:25 - matching_padroncharcas - INFO -   Candidate pool (>= threshold): 0
2026-07-02 17:51:25 - matching_padroncharcas - WARNING -   No candidate above threshold - relegated
2026-07-02 17:51:25 - matching_padroncharcas - INFO - 
============================================================
2026-07-02 17:51:25 - matching_padroncharcas - INFO - Processing rowID=7395: 'Curato de la Villa' -> cleaned: 'curato billa'
2026-07-02 17:51:25 - matching_padroncharcas - INFO -   Token-based candidates: 369
2026-07-02 17:51:25 - matching_padroncharcas - INFO -   Filtering: need match on substantive tokens: ['billa', 'curato'] OR 2+ total tokens
2026-07-02 17:51:25 - matching_padroncharcas - INFO -   After filtering weak token matches: 294 candidates
2026-07-02 17:51:26 - matching_padroncharcas - INFO -   Fuzzy matches (score >= 70, limit=500): 13
2026-07-02 17:51:26 - matching_padroncharcas - DEBUG -     gz_id=5000308 'santos' score=1.000 nombre=False saint_only=False terr= phase=auto_adopt
2026-07-02 17:51:26 - matching_padroncharcas - DEBUG -     gz_id=5000308 'santos' score=1.000 nombre=False saint_only=False terr= phase=auto_adopt
2026-07-02 17:51:26 - matching_padroncharcas - DEBUG -     gz_id=5000308 'santos' score=1.000 nombre=False saint_only=False terr= phase=auto_adopt
2026-07-02 17:51:26 - matching_padroncharcas - DEBUG -     gz_id=5000308 'santos' score=1.000 nombre=False saint_only=False terr= phase=auto_adopt
2026-07-02 17:51:26 - matching_padroncharcas - DEBUG -     gz_id=5000308 'santos' score=1.000 nombre=False saint_only=False terr= phase=auto_adopt
2026-07-02 17:51:26 - matching_padroncharcas - DEBUG -     gz_id=2000684 'san joce' score=0.833 nombre=False saint_only=False terr= phase=relegated
2026-07-02 17:51:26 - matching_padroncharcas - DEBUG -     gz_id=1004953 'rebilla' score=0.833 nombre=False saint_only=False terr= phase=relegated
2026-07-02 17:51:26 - matching_padroncharcas - DEBUG -     gz_id=1004953 'rebilla' score=0.833 nombre=False saint_only=False terr= phase=relegated
2026-07-02 17:51:26 - matching_padroncharcas - DEBUG -     gz_id=1004953 'rebilla' score=0.833 nombre=False saint_only=False terr= phase=relegated
2026-07-02 17:51:26 - matching_padroncharcas - DEBUG -     gz_id=9000040 'colla' score=0.750 nombre=False saint_only=False terr= phase=relegated
2026-07-02 17:51:26 - matching_padroncharcas - DEBUG -     gz_id=9000040 'colla' score=0.750 nombre=False saint_only=False terr= phase=relegated
2026-07-02 17:51:26 - matching_padroncharcas - DEBUG -     gz_id=9000040 'colla' score=0.750 nombre=False saint_only=False terr= phase=relegated
2026-07-02 17:51:26 - matching_padroncharcas - DEBUG -     gz_id=9000040 'colla' score=0.750 nombre=False saint_only=False terr= phase=relegated
2026-07-02 17:51:26 - matching_padroncharcas - INFO -   Before dedup: 13 candidates
2026-07-02 17:51:26 - matching_padroncharcas - INFO -   After dedup: 4 unique gz_ids
2026-07-02 17:51:26 - matching_padroncharcas - INFO -   Dropped 4 territory-contradicting candidates
2026-07-02 17:51:26 - matching_padroncharcas - INFO -   Input has territorial data: True
2026-07-02 17:51:26 - matching_padroncharcas - INFO -   Candidates with territory match: 0
2026-07-02 17:51:26 - matching_padroncharcas - INFO -   No territorial filtering applied (no matching territories found)
2026-07-02 17:51:26 - matching_padroncharcas - INFO -   Nombre matches (exact on lugar_nombre): 0
2026-07-02 17:51:26 - matching_padroncharcas - INFO -   Saint-only matches: 0
2026-07-02 17:51:26 - matching_padroncharcas - INFO -   Substantive matches: 0
2026-07-02 17:51:26 - matching_padroncharcas - INFO -   Candidate pool (>= threshold): 0
2026-07-02 17:51:26 - matching_padroncharcas - WARNING -   No candidate above threshold - relegated
2026-07-02 17:51:26 - matching_padroncharcas - INFO - 
============================================================
2026-07-02 17:51:26 - matching_padroncharcas - INFO - Processing rowID=7405: 'Tani' -> cleaned: 'tani'
2026-07-02 17:51:26 - matching_padroncharcas - INFO -   Token-based candidates: 12
2026-07-02 17:51:26 - matching_padroncharcas - INFO -   Fuzzy matches (score >= 70, limit=500): 12
2026-07-02 17:51:26 - matching_padroncharcas - DEBUG -     gz_id=1002969 'latani' score=1.000 nombre=False saint_only=False terr= phase=auto_adopt
2026-07-02 17:51:26 - matching_padroncharcas - DEBUG -     gz_id=1002969 'latani' score=1.000 nombre=False saint_only=False terr= phase=auto_adopt
2026-07-02 17:51:26 - matching_padroncharcas - DEBUG -     gz_id=9900309 'catani' score=1.000 nombre=False saint_only=False terr= phase=auto_adopt
2026-07-02 17:51:26 - matching_padroncharcas - DEBUG -     gz_id=9900309 'catani' score=1.000 nombre=False saint_only=False terr= phase=auto_adopt
2026-07-02 17:51:26 - matching_padroncharcas - DEBUG -     gz_id=9900309 'catani' score=1.000 nombre=False saint_only=False terr= phase=auto_adopt
2026-07-02 17:51:26 - matching_padroncharcas - DEBUG -     gz_id=8000546 'tacani' score=0.857 nombre=False saint_only=False terr= phase=candidate
2026-07-02 17:51:26 - matching_padroncharcas - DEBUG -     gz_id=8000546 'tacani' score=0.857 nombre=False saint_only=False terr= phase=candidate
2026-07-02 17:51:26 - matching_padroncharcas - DEBUG -     gz_id=8000546 'tacani' score=0.857 nombre=False saint_only=False terr= phase=candidate
2026-07-02 17:51:26 - matching_padroncharcas - DEBUG -     gz_id=6000704 'tanhui' score=0.857 nombre=False saint_only=False terr= phase=candidate
2026-07-02 17:51:26 - matching_padroncharcas - DEBUG -     gz_id=6000704 'tanhui' score=0.857 nombre=False saint_only=False terr= phase=candidate
2026-07-02 17:51:26 - matching_padroncharcas - DEBUG -     gz_id=7000450 'tanhui' score=0.857 nombre=False saint_only=False terr= phase=candidate
2026-07-02 17:51:26 - matching_padroncharcas - DEBUG -     gz_id=7000450 'tanhui' score=0.857 nombre=False saint_only=False terr= phase=candidate
2026-07-02 17:51:26 - matching_padroncharcas - INFO -   Before dedup: 12 candidates
2026-07-02 17:51:26 - matching_padroncharcas - INFO -   After dedup: 5 unique gz_ids
2026-07-02 17:51:26 - matching_padroncharcas - INFO -   Dropped 5 territory-contradicting candidates
2026-07-02 17:51:26 - matching_padroncharcas - INFO -   Input has territorial data: True
2026-07-02 17:51:26 - matching_padroncharcas - INFO -   Candidates with territory match: 0
2026-07-02 17:51:26 - matching_padroncharcas - INFO -   No territorial filtering applied (no matching territories found)
2026-07-02 17:51:26 - matching_padroncharcas - INFO -   Nombre matches (exact on lugar_nombre): 0
2026-07-02 17:51:26 - matching_padroncharcas - INFO -   Saint-only matches: 0
2026-07-02 17:51:26 - matching_padroncharcas - INFO -   Substantive matches: 0
2026-07-02 17:51:26 - matching_padroncharcas - INFO -   Candidate pool (>= threshold): 0
2026-07-02 17:51:26 - matching_padroncharcas - WARNING -   No candidate above threshold - relegated
2026-07-02 17:51:26 - matching_padroncharcas - INFO - 
============================================================
2026-07-02 17:51:26 - matching_padroncharcas - INFO - Processing rowID=7405: 'Tani' -> cleaned: 'tani'
2026-07-02 17:51:26 - matching_padroncharcas - INFO -   Token-based candidates: 12
2026-07-02 17:51:26 - matching_padroncharcas - INFO -   Fuzzy matches (score >= 70, limit=500): 12
2026-07-02 17:51:26 - matching_padroncharcas - DEBUG -     gz_id=1002969 'latani' score=1.000 nombre=False saint_only=False terr= phase=auto_adopt
2026-07-02 17:51:26 - matching_padroncharcas - DEBUG -     gz_id=1002969 'latani' score=1.000 nombre=False saint_only=False terr= phase=auto_adopt
2026-07-02 17:51:26 - matching_padroncharcas - DEBUG -     gz_id=9900309 'catani' score=1.000 nombre=False saint_only=False terr= phase=auto_adopt
2026-07-02 17:51:26 - matching_padroncharcas - DEBUG -     gz_id=9900309 'catani' score=1.000 nombre=False saint_only=False terr= phase=auto_adopt
2026-07-02 17:51:26 - matching_padroncharcas - DEBUG -     gz_id=9900309 'catani' score=1.000 nombre=False saint_only=False terr= phase=auto_adopt
2026-07-02 17:51:26 - matching_padroncharcas - DEBUG -     gz_id=8000546 'tacani' score=0.857 nombre=False saint_only=False terr= phase=candidate
2026-07-02 17:51:26 - matching_padroncharcas - DEBUG -     gz_id=8000546 'tacani' score=0.857 nombre=False saint_only=False terr= phase=candidate
2026-07-02 17:51:26 - matching_padroncharcas - DEBUG -     gz_id=8000546 'tacani' score=0.857 nombre=False saint_only=False terr= phase=candidate
2026-07-02 17:51:26 - matching_padroncharcas - DEBUG -     gz_id=6000704 'tanhui' score=0.857 nombre=False saint_only=False terr= phase=candidate
2026-07-02 17:51:26 - matching_padroncharcas - DEBUG -     gz_id=6000704 'tanhui' score=0.857 nombre=False saint_only=False terr= phase=candidate
2026-07-02 17:51:26 - matching_padroncharcas - DEBUG -     gz_id=7000450 'tanhui' score=0.857 nombre=False saint_only=False terr= phase=candidate
2026-07-02 17:51:26 - matching_padroncharcas - DEBUG -     gz_id=7000450 'tanhui' score=0.857 nombre=False saint_only=False terr= phase=candidate
2026-07-02 17:51:26 - matching_padroncharcas - INFO -   Before dedup: 12 candidates
2026-07-02 17:51:26 - matching_padroncharcas - INFO -   After dedup: 5 unique gz_ids
2026-07-02 17:51:26 - matching_padroncharcas - INFO -   Dropped 5 territory-contradicting candidates
2026-07-02 17:51:26 - matching_padroncharcas - INFO -   Input has territorial data: True
2026-07-02 17:51:26 - matching_padroncharcas - INFO -   Candidates with territory match: 0
2026-07-02 17:51:26 - matching_padroncharcas - INFO -   No territorial filtering applied (no matching territories found)
2026-07-02 17:51:26 - matching_padroncharcas - INFO -   Nombre matches (exact on lugar_nombre): 0
2026-07-02 17:51:26 - matching_padroncharcas - INFO -   Saint-only matches: 0
2026-07-02 17:51:26 - matching_padroncharcas - INFO -   Substantive matches: 0
2026-07-02 17:51:26 - matching_padroncharcas - INFO -   Candidate pool (>= threshold): 0
2026-07-02 17:51:26 - matching_padroncharcas - WARNING -   No candidate above threshold - relegated
2026-07-02 17:51:26 - matching_padroncharcas - INFO - 
============================================================
2026-07-02 17:51:26 - matching_padroncharcas - INFO - Processing rowID=7405: 'Tani' -> cleaned: 'tani'
2026-07-02 17:51:26 - matching_padroncharcas - INFO -   Token-based candidates: 12
2026-07-02 17:51:26 - matching_padroncharcas - INFO -   Fuzzy matches (score >= 70, limit=500): 12
2026-07-02 17:51:26 - matching_padroncharcas - DEBUG -     gz_id=1002969 'latani' score=1.000 nombre=False saint_only=False terr= phase=auto_adopt
2026-07-02 17:51:26 - matching_padroncharcas - DEBUG -     gz_id=1002969 'latani' score=1.000 nombre=False saint_only=False terr= phase=auto_adopt
2026-07-02 17:51:26 - matching_padroncharcas - DEBUG -     gz_id=9900309 'catani' score=1.000 nombre=False saint_only=False terr= phase=auto_adopt
2026-07-02 17:51:26 - matching_padroncharcas - DEBUG -     gz_id=9900309 'catani' score=1.000 nombre=False saint_only=False terr= phase=auto_adopt
2026-07-02 17:51:26 - matching_padroncharcas - DEBUG -     gz_id=9900309 'catani' score=1.000 nombre=False saint_only=False terr= phase=auto_adopt
2026-07-02 17:51:26 - matching_padroncharcas - DEBUG -     gz_id=8000546 'tacani' score=0.857 nombre=False saint_only=False terr= phase=candidate
2026-07-02 17:51:26 - matching_padroncharcas - DEBUG -     gz_id=8000546 'tacani' score=0.857 nombre=False saint_only=False terr= phase=candidate
2026-07-02 17:51:26 - matching_padroncharcas - DEBUG -     gz_id=8000546 'tacani' score=0.857 nombre=False saint_only=False terr= phase=candidate
2026-07-02 17:51:26 - matching_padroncharcas - DEBUG -     gz_id=6000704 'tanhui' score=0.857 nombre=False saint_only=False terr= phase=candidate
2026-07-02 17:51:26 - matching_padroncharcas - DEBUG -     gz_id=6000704 'tanhui' score=0.857 nombre=False saint_only=False terr= phase=candidate
2026-07-02 17:51:26 - matching_padroncharcas - DEBUG -     gz_id=7000450 'tanhui' score=0.857 nombre=False saint_only=False terr= phase=candidate
2026-07-02 17:51:26 - matching_padroncharcas - DEBUG -     gz_id=7000450 'tanhui' score=0.857 nombre=False saint_only=False terr= phase=candidate
2026-07-02 17:51:26 - matching_padroncharcas - INFO -   Before dedup: 12 candidates
2026-07-02 17:51:26 - matching_padroncharcas - INFO -   After dedup: 5 unique gz_ids
2026-07-02 17:51:26 - matching_padroncharcas - INFO -   Dropped 5 territory-contradicting candidates
2026-07-02 17:51:26 - matching_padroncharcas - INFO -   Input has territorial data: True
2026-07-02 17:51:26 - matching_padroncharcas - INFO -   Candidates with territory match: 0
2026-07-02 17:51:26 - matching_padroncharcas - INFO -   No territorial filtering applied (no matching territories found)
2026-07-02 17:51:26 - matching_padroncharcas - INFO -   Nombre matches (exact on lugar_nombre): 0
2026-07-02 17:51:26 - matching_padroncharcas - INFO -   Saint-only matches: 0
2026-07-02 17:51:26 - matching_padroncharcas - INFO -   Substantive matches: 0
2026-07-02 17:51:26 - matching_padroncharcas - INFO -   Candidate pool (>= threshold): 0
2026-07-02 17:51:26 - matching_padroncharcas - WARNING -   No candidate above threshold - relegated
2026-07-02 17:51:26 - matching_padroncharcas - INFO - 
============================================================
2026-07-02 17:51:26 - matching_padroncharcas - INFO - Processing rowID=7417: 'Matriz' -> cleaned: 'matris'
2026-07-02 17:51:26 - matching_padroncharcas - INFO -   Token-based candidates: 57
2026-07-02 17:51:26 - matching_padroncharcas - INFO -   Fuzzy matches (score >= 70, limit=500): 57
2026-07-02 17:51:26 - matching_padroncharcas - DEBUG -     gz_id=1002275 'jalatlaco' score=0.833 nombre=False saint_only=False terr= phase=relegated
2026-07-02 17:51:26 - matching_padroncharcas - DEBUG -     gz_id=1002275 'jalatlaco' score=0.833 nombre=False saint_only=False terr= phase=relegated
2026-07-02 17:51:26 - matching_padroncharcas - DEBUG -     gz_id=1003337 'asala' score=0.833 nombre=False saint_only=False terr= phase=relegated
2026-07-02 17:51:26 - matching_padroncharcas - DEBUG -     gz_id=1003337 'asala' score=0.833 nombre=False saint_only=False terr= phase=relegated
2026-07-02 17:51:26 - matching_padroncharcas - DEBUG -     gz_id=1000758 'cuijingo' score=0.833 nombre=False saint_only=False terr= phase=relegated
2026-07-02 17:51:26 - matching_padroncharcas - DEBUG -     gz_id=1000758 'cuijingo' score=0.833 nombre=False saint_only=False terr= phase=relegated
2026-07-02 17:51:26 - matching_padroncharcas - DEBUG -     gz_id=9900944 'palo matias' score=0.833 nombre=False saint_only=False terr= phase=relegated
2026-07-02 17:51:26 - matching_padroncharcas - DEBUG -     gz_id=9900944 'palo matias' score=0.833 nombre=False saint_only=False terr= phase=relegated
2026-07-02 17:51:26 - matching_padroncharcas - DEBUG -     gz_id=1002586 'petacaltepec' score=0.833 nombre=False saint_only=False terr= phase=relegated
2026-07-02 17:51:26 - matching_padroncharcas - DEBUG -     gz_id=1002586 'petacaltepec' score=0.833 nombre=False saint_only=False terr= phase=relegated
2026-07-02 17:51:26 - matching_padroncharcas - DEBUG -     gz_id=1002586 'petacaltepec' score=0.833 nombre=False saint_only=False terr= phase=relegated
2026-07-02 17:51:26 - matching_padroncharcas - DEBUG -     gz_id=9900944 'palo matias' score=0.833 nombre=False saint_only=False terr= phase=relegated
2026-07-02 17:51:26 - matching_padroncharcas - DEBUG -     gz_id=9900944 'palo matias' score=0.833 nombre=False saint_only=False terr= phase=relegated
2026-07-02 17:51:26 - matching_padroncharcas - DEBUG -     gz_id=9900944 'palo matias' score=0.833 nombre=False saint_only=False terr= phase=relegated
2026-07-02 17:51:26 - matching_padroncharcas - DEBUG -     gz_id=1002144 'catacacuaro' score=0.833 nombre=False saint_only=False terr= phase=relegated
2026-07-02 17:51:26 - matching_padroncharcas - DEBUG -     gz_id=1002144 'catacacuaro' score=0.833 nombre=False saint_only=False terr= phase=relegated
2026-07-02 17:51:26 - matching_padroncharcas - DEBUG -     gz_id=1002144 'catacacuaro' score=0.833 nombre=False saint_only=False terr= phase=relegated
2026-07-02 17:51:26 - matching_padroncharcas - DEBUG -     gz_id=1002144 'catacacuaro' score=0.833 nombre=False saint_only=False terr= phase=relegated
2026-07-02 17:51:26 - matching_padroncharcas - DEBUG -     gz_id=1002144 'catacacuaro' score=0.833 nombre=False saint_only=False terr= phase=relegated
2026-07-02 17:51:26 - matching_padroncharcas - DEBUG -     gz_id=1004098 'san matias' score=0.833 nombre=False saint_only=False terr= phase=relegated
2026-07-02 17:51:26 - matching_padroncharcas - DEBUG -     gz_id=1004098 'san matias' score=0.833 nombre=False saint_only=False terr= phase=relegated
2026-07-02 17:51:26 - matching_padroncharcas - DEBUG -     gz_id=1004098 'san matias' score=0.833 nombre=False saint_only=False terr= phase=relegated
2026-07-02 17:51:26 - matching_padroncharcas - DEBUG -     gz_id=1003361 'tlalancaleca' score=0.833 nombre=False saint_only=False terr= phase=relegated
2026-07-02 17:51:26 - matching_padroncharcas - DEBUG -     gz_id=1003361 'tlalancaleca' score=0.833 nombre=False saint_only=False terr= phase=relegated
2026-07-02 17:51:26 - matching_padroncharcas - DEBUG -     gz_id=3000308 'billaje a robert' score=0.833 nombre=False saint_only=False terr= phase=relegated
2026-07-02 17:51:26 - matching_padroncharcas - DEBUG -     gz_id=3000308 'billaje a robert' score=0.833 nombre=False saint_only=False terr= phase=relegated
2026-07-02 17:51:26 - matching_padroncharcas - DEBUG -     gz_id=6001066 'marias' score=0.833 nombre=False saint_only=False terr= phase=relegated
2026-07-02 17:51:26 - matching_padroncharcas - DEBUG -     gz_id=1000917 'chalcacingo' score=0.833 nombre=False saint_only=False terr= phase=relegated
2026-07-02 17:51:26 - matching_padroncharcas - DEBUG -     gz_id=1000917 'chalcacingo' score=0.833 nombre=False saint_only=False terr= phase=relegated
2026-07-02 17:51:26 - matching_padroncharcas - DEBUG -     gz_id=1000917 'chalcacingo' score=0.833 nombre=False saint_only=False terr= phase=relegated
2026-07-02 17:51:26 - matching_padroncharcas - DEBUG -     gz_id=1000917 'chalcacingo' score=0.833 nombre=False saint_only=False terr= phase=relegated
2026-07-02 17:51:26 - matching_padroncharcas - DEBUG -     gz_id=6001066 'marias' score=0.833 nombre=False saint_only=False terr= phase=relegated
2026-07-02 17:51:26 - matching_padroncharcas - DEBUG -     gz_id=4000401 'atures' score=0.833 nombre=False saint_only=False terr= phase=relegated
2026-07-02 17:51:26 - matching_padroncharcas - DEBUG -     gz_id=1001364 'istacalco' score=0.833 nombre=False saint_only=False terr= phase=relegated
2026-07-02 17:51:26 - matching_padroncharcas - DEBUG -     gz_id=1001364 'istacalco' score=0.833 nombre=False saint_only=False terr= phase=relegated
2026-07-02 17:51:26 - matching_padroncharcas - DEBUG -     gz_id=4000401 'atures' score=0.833 nombre=False saint_only=False terr= phase=relegated
2026-07-02 17:51:26 - matching_padroncharcas - DEBUG -     gz_id=4000401 'atures' score=0.833 nombre=False saint_only=False terr= phase=relegated
2026-07-02 17:51:26 - matching_padroncharcas - DEBUG -     gz_id=4000401 'atures' score=0.833 nombre=False saint_only=False terr= phase=relegated
2026-07-02 17:51:26 - matching_padroncharcas - DEBUG -     gz_id=4000401 'atures' score=0.833 nombre=False saint_only=False terr= phase=relegated
2026-07-02 17:51:26 - matching_padroncharcas - DEBUG -     gz_id=4000401 'atures' score=0.833 nombre=False saint_only=False terr= phase=relegated
2026-07-02 17:51:26 - matching_padroncharcas - DEBUG -     gz_id=1004115 'tepetomatitlan' score=0.833 nombre=False saint_only=False terr= phase=relegated
2026-07-02 17:51:26 - matching_padroncharcas - DEBUG -     gz_id=1004115 'tepetomatitlan' score=0.833 nombre=False saint_only=False terr= phase=relegated
2026-07-02 17:51:26 - matching_padroncharcas - DEBUG -     gz_id=1004115 'tepetomatitlan' score=0.833 nombre=False saint_only=False terr= phase=relegated
2026-07-02 17:51:26 - matching_padroncharcas - DEBUG -     gz_id=2000724 'san matias apostol' score=0.833 nombre=False saint_only=False terr= phase=relegated
2026-07-02 17:51:26 - matching_padroncharcas - DEBUG -     gz_id=2000724 'san matias apostol' score=0.833 nombre=False saint_only=False terr= phase=relegated
2026-07-02 17:51:26 - matching_padroncharcas - DEBUG -     gz_id=9900276 'san matias' score=0.833 nombre=False saint_only=False terr= phase=relegated
2026-07-02 17:51:26 - matching_padroncharcas - DEBUG -     gz_id=9900276 'san matias' score=0.833 nombre=False saint_only=False terr= phase=relegated
2026-07-02 17:51:26 - matching_padroncharcas - DEBUG -     gz_id=1003903 'maicoba' score=0.833 nombre=False saint_only=False terr= phase=relegated
2026-07-02 17:51:26 - matching_padroncharcas - DEBUG -     gz_id=1003903 'maicoba' score=0.833 nombre=False saint_only=False terr= phase=relegated
2026-07-02 17:51:26 - matching_padroncharcas - DEBUG -     gz_id=1003903 'maicoba' score=0.833 nombre=False saint_only=False terr= phase=relegated
2026-07-02 17:51:26 - matching_padroncharcas - DEBUG -     gz_id=1003903 'maicoba' score=0.833 nombre=False saint_only=False terr= phase=relegated
2026-07-02 17:51:26 - matching_padroncharcas - DEBUG -     gz_id=1001523 'tejupilco' score=0.800 nombre=False saint_only=False terr= phase=relegated
2026-07-02 17:51:26 - matching_padroncharcas - DEBUG -     gz_id=1001523 'tejupilco' score=0.800 nombre=False saint_only=False terr= phase=relegated
2026-07-02 17:51:26 - matching_padroncharcas - DEBUG -     gz_id=1004989 'balle mais' score=0.800 nombre=False saint_only=False terr= phase=relegated
2026-07-02 17:51:26 - matching_padroncharcas - DEBUG -     gz_id=1004989 'balle mais' score=0.800 nombre=False saint_only=False terr= phase=relegated
2026-07-02 17:51:26 - matching_padroncharcas - DEBUG -     gz_id=1003845 'san joce' score=0.800 nombre=False saint_only=False terr= phase=relegated
2026-07-02 17:51:26 - matching_padroncharcas - DEBUG -     gz_id=1003845 'san joce' score=0.800 nombre=False saint_only=False terr= phase=relegated
2026-07-02 17:51:26 - matching_padroncharcas - INFO -   Before dedup: 57 candidates
2026-07-02 17:51:26 - matching_padroncharcas - INFO -   After dedup: 20 unique gz_ids
2026-07-02 17:51:26 - matching_padroncharcas - INFO -   Dropped 20 territory-contradicting candidates
2026-07-02 17:51:26 - matching_padroncharcas - INFO -   Input has territorial data: True
2026-07-02 17:51:26 - matching_padroncharcas - INFO -   Candidates with territory match: 0
2026-07-02 17:51:26 - matching_padroncharcas - INFO -   No territorial filtering applied (no matching territories found)
2026-07-02 17:51:26 - matching_padroncharcas - INFO -   Nombre matches (exact on lugar_nombre): 0
2026-07-02 17:51:26 - matching_padroncharcas - INFO -   Saint-only matches: 0
2026-07-02 17:51:26 - matching_padroncharcas - INFO -   Substantive matches: 0
2026-07-02 17:51:26 - matching_padroncharcas - INFO -   Candidate pool (>= threshold): 0
2026-07-02 17:51:26 - matching_padroncharcas - WARNING -   No candidate above threshold - relegated
2026-07-02 17:51:26 - matching_padroncharcas - INFO - 
============================================================
2026-07-02 17:51:26 - matching_padroncharcas - INFO - Processing rowID=7417: 'Matriz' -> cleaned: 'matris'
2026-07-02 17:51:26 - matching_padroncharcas - INFO -   Token-based candidates: 57
2026-07-02 17:51:26 - matching_padroncharcas - INFO -   Fuzzy matches (score >= 70, limit=500): 57
2026-07-02 17:51:26 - matching_padroncharcas - DEBUG -     gz_id=1002275 'jalatlaco' score=0.833 nombre=False saint_only=False terr= phase=relegated
2026-07-02 17:51:26 - matching_padroncharcas - DEBUG -     gz_id=1002275 'jalatlaco' score=0.833 nombre=False saint_only=False terr= phase=relegated
2026-07-02 17:51:26 - matching_padroncharcas - DEBUG -     gz_id=1003337 'asala' score=0.833 nombre=False saint_only=False terr= phase=relegated
2026-07-02 17:51:26 - matching_padroncharcas - DEBUG -     gz_id=1003337 'asala' score=0.833 nombre=False saint_only=False terr= phase=relegated
2026-07-02 17:51:26 - matching_padroncharcas - DEBUG -     gz_id=1000758 'cuijingo' score=0.833 nombre=False saint_only=False terr= phase=relegated
2026-07-02 17:51:26 - matching_padroncharcas - DEBUG -     gz_id=1000758 'cuijingo' score=0.833 nombre=False saint_only=False terr= phase=relegated
2026-07-02 17:51:26 - matching_padroncharcas - DEBUG -     gz_id=9900944 'palo matias' score=0.833 nombre=False saint_only=False terr= phase=relegated
2026-07-02 17:51:26 - matching_padroncharcas - DEBUG -     gz_id=9900944 'palo matias' score=0.833 nombre=False saint_only=False terr= phase=relegated
2026-07-02 17:51:26 - matching_padroncharcas - DEBUG -     gz_id=1002586 'petacaltepec' score=0.833 nombre=False saint_only=False terr= phase=relegated
2026-07-02 17:51:26 - matching_padroncharcas - DEBUG -     gz_id=1002586 'petacaltepec' score=0.833 nombre=False saint_only=False terr= phase=relegated
2026-07-02 17:51:26 - matching_padroncharcas - DEBUG -     gz_id=1002586 'petacaltepec' score=0.833 nombre=False saint_only=False terr= phase=relegated
2026-07-02 17:51:26 - matching_padroncharcas - DEBUG -     gz_id=9900944 'palo matias' score=0.833 nombre=False saint_only=False terr= phase=relegated
2026-07-02 17:51:26 - matching_padroncharcas - DEBUG -     gz_id=9900944 'palo matias' score=0.833 nombre=False saint_only=False terr= phase=relegated
2026-07-02 17:51:26 - matching_padroncharcas - DEBUG -     gz_id=9900944 'palo matias' score=0.833 nombre=False saint_only=False terr= phase=relegated
2026-07-02 17:51:26 - matching_padroncharcas - DEBUG -     gz_id=1002144 'catacacuaro' score=0.833 nombre=False saint_only=False terr= phase=relegated
2026-07-02 17:51:26 - matching_padroncharcas - DEBUG -     gz_id=1002144 'catacacuaro' score=0.833 nombre=False saint_only=False terr= phase=relegated
2026-07-02 17:51:26 - matching_padroncharcas - DEBUG -     gz_id=1002144 'catacacuaro' score=0.833 nombre=False saint_only=False terr= phase=relegated
2026-07-02 17:51:26 - matching_padroncharcas - DEBUG -     gz_id=1002144 'catacacuaro' score=0.833 nombre=False saint_only=False terr= phase=relegated
2026-07-02 17:51:26 - matching_padroncharcas - DEBUG -     gz_id=1002144 'catacacuaro' score=0.833 nombre=False saint_only=False terr= phase=relegated
2026-07-02 17:51:26 - matching_padroncharcas - DEBUG -     gz_id=1004098 'san matias' score=0.833 nombre=False saint_only=False terr= phase=relegated
2026-07-02 17:51:26 - matching_padroncharcas - DEBUG -     gz_id=1004098 'san matias' score=0.833 nombre=False saint_only=False terr= phase=relegated
2026-07-02 17:51:26 - matching_padroncharcas - DEBUG -     gz_id=1004098 'san matias' score=0.833 nombre=False saint_only=False terr= phase=relegated
2026-07-02 17:51:26 - matching_padroncharcas - DEBUG -     gz_id=1003361 'tlalancaleca' score=0.833 nombre=False saint_only=False terr= phase=relegated
2026-07-02 17:51:26 - matching_padroncharcas - DEBUG -     gz_id=1003361 'tlalancaleca' score=0.833 nombre=False saint_only=False terr= phase=relegated
2026-07-02 17:51:26 - matching_padroncharcas - DEBUG -     gz_id=3000308 'billaje a robert' score=0.833 nombre=False saint_only=False terr= phase=relegated
2026-07-02 17:51:26 - matching_padroncharcas - DEBUG -     gz_id=3000308 'billaje a robert' score=0.833 nombre=False saint_only=False terr= phase=relegated
2026-07-02 17:51:26 - matching_padroncharcas - DEBUG -     gz_id=6001066 'marias' score=0.833 nombre=False saint_only=False terr= phase=relegated
2026-07-02 17:51:26 - matching_padroncharcas - DEBUG -     gz_id=1000917 'chalcacingo' score=0.833 nombre=False saint_only=False terr= phase=relegated
2026-07-02 17:51:26 - matching_padroncharcas - DEBUG -     gz_id=1000917 'chalcacingo' score=0.833 nombre=False saint_only=False terr= phase=relegated
2026-07-02 17:51:26 - matching_padroncharcas - DEBUG -     gz_id=1000917 'chalcacingo' score=0.833 nombre=False saint_only=False terr= phase=relegated
2026-07-02 17:51:26 - matching_padroncharcas - DEBUG -     gz_id=1000917 'chalcacingo' score=0.833 nombre=False saint_only=False terr= phase=relegated
2026-07-02 17:51:26 - matching_padroncharcas - DEBUG -     gz_id=6001066 'marias' score=0.833 nombre=False saint_only=False terr= phase=relegated
2026-07-02 17:51:26 - matching_padroncharcas - DEBUG -     gz_id=4000401 'atures' score=0.833 nombre=False saint_only=False terr= phase=relegated
2026-07-02 17:51:26 - matching_padroncharcas - DEBUG -     gz_id=1001364 'istacalco' score=0.833 nombre=False saint_only=False terr= phase=relegated
2026-07-02 17:51:26 - matching_padroncharcas - DEBUG -     gz_id=1001364 'istacalco' score=0.833 nombre=False saint_only=False terr= phase=relegated
2026-07-02 17:51:26 - matching_padroncharcas - DEBUG -     gz_id=4000401 'atures' score=0.833 nombre=False saint_only=False terr= phase=relegated
2026-07-02 17:51:26 - matching_padroncharcas - DEBUG -     gz_id=4000401 'atures' score=0.833 nombre=False saint_only=False terr= phase=relegated
2026-07-02 17:51:26 - matching_padroncharcas - DEBUG -     gz_id=4000401 'atures' score=0.833 nombre=False saint_only=False terr= phase=relegated
2026-07-02 17:51:26 - matching_padroncharcas - DEBUG -     gz_id=4000401 'atures' score=0.833 nombre=False saint_only=False terr= phase=relegated
2026-07-02 17:51:26 - matching_padroncharcas - DEBUG -     gz_id=4000401 'atures' score=0.833 nombre=False saint_only=False terr= phase=relegated
2026-07-02 17:51:26 - matching_padroncharcas - DEBUG -     gz_id=1004115 'tepetomatitlan' score=0.833 nombre=False saint_only=False terr= phase=relegated
2026-07-02 17:51:26 - matching_padroncharcas - DEBUG -     gz_id=1004115 'tepetomatitlan' score=0.833 nombre=False saint_only=False terr= phase=relegated
2026-07-02 17:51:26 - matching_padroncharcas - DEBUG -     gz_id=1004115 'tepetomatitlan' score=0.833 nombre=False saint_only=False terr= phase=relegated
2026-07-02 17:51:26 - matching_padroncharcas - DEBUG -     gz_id=2000724 'san matias apostol' score=0.833 nombre=False saint_only=False terr= phase=relegated
2026-07-02 17:51:26 - matching_padroncharcas - DEBUG -     gz_id=2000724 'san matias apostol' score=0.833 nombre=False saint_only=False terr= phase=relegated
2026-07-02 17:51:26 - matching_padroncharcas - DEBUG -     gz_id=9900276 'san matias' score=0.833 nombre=False saint_only=False terr= phase=relegated
2026-07-02 17:51:26 - matching_padroncharcas - DEBUG -     gz_id=9900276 'san matias' score=0.833 nombre=False saint_only=False terr= phase=relegated
2026-07-02 17:51:26 - matching_padroncharcas - DEBUG -     gz_id=1003903 'maicoba' score=0.833 nombre=False saint_only=False terr= phase=relegated
2026-07-02 17:51:26 - matching_padroncharcas - DEBUG -     gz_id=1003903 'maicoba' score=0.833 nombre=False saint_only=False terr= phase=relegated
2026-07-02 17:51:26 - matching_padroncharcas - DEBUG -     gz_id=1003903 'maicoba' score=0.833 nombre=False saint_only=False terr= phase=relegated
2026-07-02 17:51:26 - matching_padroncharcas - DEBUG -     gz_id=1003903 'maicoba' score=0.833 nombre=False saint_only=False terr= phase=relegated
2026-07-02 17:51:26 - matching_padroncharcas - DEBUG -     gz_id=1001523 'tejupilco' score=0.800 nombre=False saint_only=False terr= phase=relegated
2026-07-02 17:51:26 - matching_padroncharcas - DEBUG -     gz_id=1001523 'tejupilco' score=0.800 nombre=False saint_only=False terr= phase=relegated
2026-07-02 17:51:26 - matching_padroncharcas - DEBUG -     gz_id=1004989 'balle mais' score=0.800 nombre=False saint_only=False terr= phase=relegated
2026-07-02 17:51:26 - matching_padroncharcas - DEBUG -     gz_id=1004989 'balle mais' score=0.800 nombre=False saint_only=False terr= phase=relegated
2026-07-02 17:51:26 - matching_padroncharcas - DEBUG -     gz_id=1003845 'san joce' score=0.800 nombre=False saint_only=False terr= phase=relegated
2026-07-02 17:51:26 - matching_padroncharcas - DEBUG -     gz_id=1003845 'san joce' score=0.800 nombre=False saint_only=False terr= phase=relegated
2026-07-02 17:51:26 - matching_padroncharcas - INFO -   Before dedup: 57 candidates
2026-07-02 17:51:26 - matching_padroncharcas - INFO -   After dedup: 20 unique gz_ids
2026-07-02 17:51:26 - matching_padroncharcas - INFO -   Dropped 20 territory-contradicting candidates
2026-07-02 17:51:26 - matching_padroncharcas - INFO -   Input has territorial data: True
2026-07-02 17:51:26 - matching_padroncharcas - INFO -   Candidates with territory match: 0
2026-07-02 17:51:26 - matching_padroncharcas - INFO -   No territorial filtering applied (no matching territories found)
2026-07-02 17:51:26 - matching_padroncharcas - INFO -   Nombre matches (exact on lugar_nombre): 0
2026-07-02 17:51:26 - matching_padroncharcas - INFO -   Saint-only matches: 0
2026-07-02 17:51:26 - matching_padroncharcas - INFO -   Substantive matches: 0
2026-07-02 17:51:26 - matching_padroncharcas - INFO -   Candidate pool (>= threshold): 0
2026-07-02 17:51:26 - matching_padroncharcas - WARNING -   No candidate above threshold - relegated
2026-07-02 17:51:26 - matching_padroncharcas - INFO - 
============================================================
2026-07-02 17:51:26 - matching_padroncharcas - INFO - Processing rowID=7417: 'Matriz' -> cleaned: 'matris'
2026-07-02 17:51:26 - matching_padroncharcas - INFO -   Token-based candidates: 57
2026-07-02 17:51:26 - matching_padroncharcas - INFO -   Fuzzy matches (score >= 70, limit=500): 57
2026-07-02 17:51:26 - matching_padroncharcas - DEBUG -     gz_id=1002275 'jalatlaco' score=0.833 nombre=False saint_only=False terr= phase=relegated
2026-07-02 17:51:26 - matching_padroncharcas - DEBUG -     gz_id=1002275 'jalatlaco' score=0.833 nombre=False saint_only=False terr= phase=relegated
2026-07-02 17:51:26 - matching_padroncharcas - DEBUG -     gz_id=1003337 'asala' score=0.833 nombre=False saint_only=False terr= phase=relegated
2026-07-02 17:51:26 - matching_padroncharcas - DEBUG -     gz_id=1003337 'asala' score=0.833 nombre=False saint_only=False terr= phase=relegated
2026-07-02 17:51:26 - matching_padroncharcas - DEBUG -     gz_id=1000758 'cuijingo' score=0.833 nombre=False saint_only=False terr= phase=relegated
2026-07-02 17:51:26 - matching_padroncharcas - DEBUG -     gz_id=1000758 'cuijingo' score=0.833 nombre=False saint_only=False terr= phase=relegated
2026-07-02 17:51:26 - matching_padroncharcas - DEBUG -     gz_id=9900944 'palo matias' score=0.833 nombre=False saint_only=False terr= phase=relegated
2026-07-02 17:51:26 - matching_padroncharcas - DEBUG -     gz_id=9900944 'palo matias' score=0.833 nombre=False saint_only=False terr= phase=relegated
2026-07-02 17:51:26 - matching_padroncharcas - DEBUG -     gz_id=1002586 'petacaltepec' score=0.833 nombre=False saint_only=False terr= phase=relegated
2026-07-02 17:51:26 - matching_padroncharcas - DEBUG -     gz_id=1002586 'petacaltepec' score=0.833 nombre=False saint_only=False terr= phase=relegated
2026-07-02 17:51:26 - matching_padroncharcas - DEBUG -     gz_id=1002586 'petacaltepec' score=0.833 nombre=False saint_only=False terr= phase=relegated
2026-07-02 17:51:26 - matching_padroncharcas - DEBUG -     gz_id=9900944 'palo matias' score=0.833 nombre=False saint_only=False terr= phase=relegated
2026-07-02 17:51:26 - matching_padroncharcas - DEBUG -     gz_id=9900944 'palo matias' score=0.833 nombre=False saint_only=False terr= phase=relegated
2026-07-02 17:51:26 - matching_padroncharcas - DEBUG -     gz_id=9900944 'palo matias' score=0.833 nombre=False saint_only=False terr= phase=relegated
2026-07-02 17:51:26 - matching_padroncharcas - DEBUG -     gz_id=1002144 'catacacuaro' score=0.833 nombre=False saint_only=False terr= phase=relegated
2026-07-02 17:51:26 - matching_padroncharcas - DEBUG -     gz_id=1002144 'catacacuaro' score=0.833 nombre=False saint_only=False terr= phase=relegated
2026-07-02 17:51:26 - matching_padroncharcas - DEBUG -     gz_id=1002144 'catacacuaro' score=0.833 nombre=False saint_only=False terr= phase=relegated
2026-07-02 17:51:26 - matching_padroncharcas - DEBUG -     gz_id=1002144 'catacacuaro' score=0.833 nombre=False saint_only=False terr= phase=relegated
2026-07-02 17:51:26 - matching_padroncharcas - DEBUG -     gz_id=1002144 'catacacuaro' score=0.833 nombre=False saint_only=False terr= phase=relegated
2026-07-02 17:51:26 - matching_padroncharcas - DEBUG -     gz_id=1004098 'san matias' score=0.833 nombre=False saint_only=False terr= phase=relegated
2026-07-02 17:51:26 - matching_padroncharcas - DEBUG -     gz_id=1004098 'san matias' score=0.833 nombre=False saint_only=False terr= phase=relegated
2026-07-02 17:51:26 - matching_padroncharcas - DEBUG -     gz_id=1004098 'san matias' score=0.833 nombre=False saint_only=False terr= phase=relegated
2026-07-02 17:51:26 - matching_padroncharcas - DEBUG -     gz_id=1003361 'tlalancaleca' score=0.833 nombre=False saint_only=False terr= phase=relegated
2026-07-02 17:51:26 - matching_padroncharcas - DEBUG -     gz_id=1003361 'tlalancaleca' score=0.833 nombre=False saint_only=False terr= phase=relegated
2026-07-02 17:51:26 - matching_padroncharcas - DEBUG -     gz_id=3000308 'billaje a robert' score=0.833 nombre=False saint_only=False terr= phase=relegated
2026-07-02 17:51:26 - matching_padroncharcas - DEBUG -     gz_id=3000308 'billaje a robert' score=0.833 nombre=False saint_only=False terr= phase=relegated
2026-07-02 17:51:26 - matching_padroncharcas - DEBUG -     gz_id=6001066 'marias' score=0.833 nombre=False saint_only=False terr= phase=relegated
2026-07-02 17:51:26 - matching_padroncharcas - DEBUG -     gz_id=1000917 'chalcacingo' score=0.833 nombre=False saint_only=False terr= phase=relegated
2026-07-02 17:51:26 - matching_padroncharcas - DEBUG -     gz_id=1000917 'chalcacingo' score=0.833 nombre=False saint_only=False terr= phase=relegated
2026-07-02 17:51:26 - matching_padroncharcas - DEBUG -     gz_id=1000917 'chalcacingo' score=0.833 nombre=False saint_only=False terr= phase=relegated
2026-07-02 17:51:26 - matching_padroncharcas - DEBUG -     gz_id=1000917 'chalcacingo' score=0.833 nombre=False saint_only=False terr= phase=relegated
2026-07-02 17:51:26 - matching_padroncharcas - DEBUG -     gz_id=6001066 'marias' score=0.833 nombre=False saint_only=False terr= phase=relegated
2026-07-02 17:51:26 - matching_padroncharcas - DEBUG -     gz_id=4000401 'atures' score=0.833 nombre=False saint_only=False terr= phase=relegated
2026-07-02 17:51:26 - matching_padroncharcas - DEBUG -     gz_id=1001364 'istacalco' score=0.833 nombre=False saint_only=False terr= phase=relegated
2026-07-02 17:51:26 - matching_padroncharcas - DEBUG -     gz_id=1001364 'istacalco' score=0.833 nombre=False saint_only=False terr= phase=relegated
2026-07-02 17:51:26 - matching_padroncharcas - DEBUG -     gz_id=4000401 'atures' score=0.833 nombre=False saint_only=False terr= phase=relegated
2026-07-02 17:51:26 - matching_padroncharcas - DEBUG -     gz_id=4000401 'atures' score=0.833 nombre=False saint_only=False terr= phase=relegated
2026-07-02 17:51:26 - matching_padroncharcas - DEBUG -     gz_id=4000401 'atures' score=0.833 nombre=False saint_only=False terr= phase=relegated
2026-07-02 17:51:26 - matching_padroncharcas - DEBUG -     gz_id=4000401 'atures' score=0.833 nombre=False saint_only=False terr= phase=relegated
2026-07-02 17:51:26 - matching_padroncharcas - DEBUG -     gz_id=4000401 'atures' score=0.833 nombre=False saint_only=False terr= phase=relegated
2026-07-02 17:51:26 - matching_padroncharcas - DEBUG -     gz_id=1004115 'tepetomatitlan' score=0.833 nombre=False saint_only=False terr= phase=relegated
2026-07-02 17:51:26 - matching_padroncharcas - DEBUG -     gz_id=1004115 'tepetomatitlan' score=0.833 nombre=False saint_only=False terr= phase=relegated
2026-07-02 17:51:26 - matching_padroncharcas - DEBUG -     gz_id=1004115 'tepetomatitlan' score=0.833 nombre=False saint_only=False terr= phase=relegated
2026-07-02 17:51:26 - matching_padroncharcas - DEBUG -     gz_id=2000724 'san matias apostol' score=0.833 nombre=False saint_only=False terr= phase=relegated
2026-07-02 17:51:26 - matching_padroncharcas - DEBUG -     gz_id=2000724 'san matias apostol' score=0.833 nombre=False saint_only=False terr= phase=relegated
2026-07-02 17:51:26 - matching_padroncharcas - DEBUG -     gz_id=9900276 'san matias' score=0.833 nombre=False saint_only=False terr= phase=relegated
2026-07-02 17:51:26 - matching_padroncharcas - DEBUG -     gz_id=9900276 'san matias' score=0.833 nombre=False saint_only=False terr= phase=relegated
2026-07-02 17:51:26 - matching_padroncharcas - DEBUG -     gz_id=1003903 'maicoba' score=0.833 nombre=False saint_only=False terr= phase=relegated
2026-07-02 17:51:26 - matching_padroncharcas - DEBUG -     gz_id=1003903 'maicoba' score=0.833 nombre=False saint_only=False terr= phase=relegated
2026-07-02 17:51:26 - matching_padroncharcas - DEBUG -     gz_id=1003903 'maicoba' score=0.833 nombre=False saint_only=False terr= phase=relegated
2026-07-02 17:51:26 - matching_padroncharcas - DEBUG -     gz_id=1003903 'maicoba' score=0.833 nombre=False saint_only=False terr= phase=relegated
2026-07-02 17:51:26 - matching_padroncharcas - DEBUG -     gz_id=1001523 'tejupilco' score=0.800 nombre=False saint_only=False terr= phase=relegated
2026-07-02 17:51:26 - matching_padroncharcas - DEBUG -     gz_id=1001523 'tejupilco' score=0.800 nombre=False saint_only=False terr= phase=relegated
2026-07-02 17:51:26 - matching_padroncharcas - DEBUG -     gz_id=1004989 'balle mais' score=0.800 nombre=False saint_only=False terr= phase=relegated
2026-07-02 17:51:26 - matching_padroncharcas - DEBUG -     gz_id=1004989 'balle mais' score=0.800 nombre=False saint_only=False terr= phase=relegated
2026-07-02 17:51:26 - matching_padroncharcas - DEBUG -     gz_id=1003845 'san joce' score=0.800 nombre=False saint_only=False terr= phase=relegated
2026-07-02 17:51:26 - matching_padroncharcas - DEBUG -     gz_id=1003845 'san joce' score=0.800 nombre=False saint_only=False terr= phase=relegated
2026-07-02 17:51:26 - matching_padroncharcas - INFO -   Before dedup: 57 candidates
2026-07-02 17:51:26 - matching_padroncharcas - INFO -   After dedup: 20 unique gz_ids
2026-07-02 17:51:26 - matching_padroncharcas - INFO -   Dropped 20 territory-contradicting candidates
2026-07-02 17:51:26 - matching_padroncharcas - INFO -   Input has territorial data: True
2026-07-02 17:51:26 - matching_padroncharcas - INFO -   Candidates with territory match: 0
2026-07-02 17:51:26 - matching_padroncharcas - INFO -   No territorial filtering applied (no matching territories found)
2026-07-02 17:51:26 - matching_padroncharcas - INFO -   Nombre matches (exact on lugar_nombre): 0
2026-07-02 17:51:26 - matching_padroncharcas - INFO -   Saint-only matches: 0
2026-07-02 17:51:26 - matching_padroncharcas - INFO -   Substantive matches: 0
2026-07-02 17:51:26 - matching_padroncharcas - INFO -   Candidate pool (>= threshold): 0
2026-07-02 17:51:26 - matching_padroncharcas - WARNING -   No candidate above threshold - relegated
2026-07-02 17:51:26 - matching_padroncharcas - INFO - 
============================================================
2026-07-02 17:51:26 - matching_padroncharcas - INFO - Processing rowID=7418: 'Rancheria' -> cleaned: 'rancheria'
2026-07-02 17:51:26 - matching_padroncharcas - INFO -   Token-based candidates: 0
2026-07-02 17:51:26 - matching_padroncharcas - WARNING -   No candidates found - relegated
2026-07-02 17:51:26 - matching_padroncharcas - INFO - 
============================================================
2026-07-02 17:51:26 - matching_padroncharcas - INFO - Processing rowID=7418: 'Rancheria' -> cleaned: 'rancheria'
2026-07-02 17:51:26 - matching_padroncharcas - INFO -   Token-based candidates: 0
2026-07-02 17:51:26 - matching_padroncharcas - WARNING -   No candidates found - relegated
2026-07-02 17:51:26 - matching_padroncharcas - INFO - 
============================================================
2026-07-02 17:51:26 - matching_padroncharcas - INFO - Processing rowID=7418: 'Rancheria' -> cleaned: 'rancheria'
2026-07-02 17:51:26 - matching_padroncharcas - INFO -   Token-based candidates: 0
2026-07-02 17:51:26 - matching_padroncharcas - WARNING -   No candidates found - relegated
2026-07-02 17:51:26 - matching_padroncharcas - INFO - 
============================================================
2026-07-02 17:51:26 - matching_padroncharcas - INFO - Processing rowID=7435: 'Tuna' -> cleaned: 'tuna'
2026-07-02 17:51:26 - matching_padroncharcas - INFO -   Token-based candidates: 37
2026-07-02 17:51:26 - matching_padroncharcas - INFO -   Fuzzy matches (score >= 70, limit=500): 37
2026-07-02 17:51:26 - matching_padroncharcas - DEBUG -     gz_id=1001119 'san joce tunal' score=1.000 nombre=False saint_only=False terr= phase=auto_adopt
2026-07-02 17:51:26 - matching_padroncharcas - DEBUG -     gz_id=1001119 'san joce tunal' score=1.000 nombre=False saint_only=False terr= phase=auto_adopt
2026-07-02 17:51:26 - matching_padroncharcas - DEBUG -     gz_id=9900637 'tunas' score=1.000 nombre=False saint_only=False terr= phase=auto_adopt
2026-07-02 17:51:26 - matching_padroncharcas - DEBUG -     gz_id=6000853 'tuna' score=1.000 nombre=True saint_only=False terr= phase=auto_adopt
2026-07-02 17:51:26 - matching_padroncharcas - DEBUG -     gz_id=6000853 'tuna' score=1.000 nombre=True saint_only=False terr= phase=auto_adopt
2026-07-02 17:51:26 - matching_padroncharcas - DEBUG -     gz_id=1003556 'san pablo' score=1.000 nombre=False saint_only=False terr= phase=auto_adopt
2026-07-02 17:51:26 - matching_padroncharcas - DEBUG -     gz_id=1003556 'san pablo' score=1.000 nombre=False saint_only=False terr= phase=auto_adopt
2026-07-02 17:51:26 - matching_padroncharcas - DEBUG -     gz_id=1003556 'san pablo' score=1.000 nombre=False saint_only=False terr= phase=auto_adopt
2026-07-02 17:51:26 - matching_padroncharcas - DEBUG -     gz_id=3000201 'tuna' score=1.000 nombre=False saint_only=False terr= phase=auto_adopt
2026-07-02 17:51:26 - matching_padroncharcas - DEBUG -     gz_id=3000201 'tuna' score=1.000 nombre=False saint_only=False terr= phase=auto_adopt
2026-07-02 17:51:26 - matching_padroncharcas - DEBUG -     gz_id=3000201 'tuna' score=1.000 nombre=False saint_only=False terr= phase=auto_adopt
2026-07-02 17:51:26 - matching_padroncharcas - DEBUG -     gz_id=1000365 'tunal' score=1.000 nombre=False saint_only=False terr= phase=auto_adopt
2026-07-02 17:51:26 - matching_padroncharcas - DEBUG -     gz_id=9000631 'tunas' score=1.000 nombre=False saint_only=False terr= phase=auto_adopt
2026-07-02 17:51:26 - matching_padroncharcas - DEBUG -     gz_id=9000631 'tunas' score=1.000 nombre=False saint_only=False terr= phase=auto_adopt
2026-07-02 17:51:26 - matching_padroncharcas - DEBUG -     gz_id=9000631 'tunas' score=1.000 nombre=False saint_only=False terr= phase=auto_adopt
2026-07-02 17:51:26 - matching_padroncharcas - DEBUG -     gz_id=9000631 'tunas' score=1.000 nombre=False saint_only=False terr= phase=auto_adopt
2026-07-02 17:51:26 - matching_padroncharcas - DEBUG -     gz_id=1000365 'tunal' score=1.000 nombre=False saint_only=False terr= phase=auto_adopt
2026-07-02 17:51:26 - matching_padroncharcas - DEBUG -     gz_id=3000262 'tunas' score=1.000 nombre=False saint_only=False terr= phase=auto_adopt
2026-07-02 17:51:26 - matching_padroncharcas - DEBUG -     gz_id=1001043 'san bartolome tunas' score=1.000 nombre=False saint_only=False terr= phase=auto_adopt
2026-07-02 17:51:26 - matching_padroncharcas - DEBUG -     gz_id=1001043 'san bartolome tunas' score=1.000 nombre=False saint_only=False terr= phase=auto_adopt
2026-07-02 17:51:26 - matching_padroncharcas - DEBUG -     gz_id=3000262 'tunas' score=1.000 nombre=False saint_only=False terr= phase=auto_adopt
2026-07-02 17:51:26 - matching_padroncharcas - DEBUG -     gz_id=9901148 'tunas blancas' score=1.000 nombre=False saint_only=False terr= phase=auto_adopt
2026-07-02 17:51:26 - matching_padroncharcas - DEBUG -     gz_id=9901148 'tunas blancas' score=1.000 nombre=False saint_only=False terr= phase=auto_adopt
2026-07-02 17:51:26 - matching_padroncharcas - DEBUG -     gz_id=1004578 'tunkas' score=0.857 nombre=False saint_only=False terr= phase=candidate
2026-07-02 17:51:26 - matching_padroncharcas - DEBUG -     gz_id=1004578 'tunkas' score=0.857 nombre=False saint_only=False terr= phase=candidate
2026-07-02 17:51:26 - matching_padroncharcas - DEBUG -     gz_id=5600203 'tunia' score=0.857 nombre=False saint_only=False terr= phase=candidate
2026-07-02 17:51:26 - matching_padroncharcas - DEBUG -     gz_id=5600203 'tunia' score=0.857 nombre=False saint_only=False terr= phase=candidate
2026-07-02 17:51:26 - matching_padroncharcas - DEBUG -     gz_id=5600203 'tunia' score=0.857 nombre=False saint_only=False terr= phase=candidate
2026-07-02 17:51:26 - matching_padroncharcas - DEBUG -     gz_id=5000014 'tunja' score=0.857 nombre=False saint_only=False terr= phase=candidate
2026-07-02 17:51:26 - matching_padroncharcas - DEBUG -     gz_id=5600146 'sosoranga' score=0.750 nombre=False saint_only=False terr= phase=relegated
2026-07-02 17:51:26 - matching_padroncharcas - DEBUG -     gz_id=5000125 'turbana' score=0.750 nombre=False saint_only=False terr= phase=relegated
2026-07-02 17:51:26 - matching_padroncharcas - DEBUG -     gz_id=5000125 'turbana' score=0.750 nombre=False saint_only=False terr= phase=relegated
2026-07-02 17:51:26 - matching_padroncharcas - DEBUG -     gz_id=5000125 'turbana' score=0.750 nombre=False saint_only=False terr= phase=relegated
2026-07-02 17:51:26 - matching_padroncharcas - DEBUG -     gz_id=5000125 'turbana' score=0.750 nombre=False saint_only=False terr= phase=relegated
2026-07-02 17:51:26 - matching_padroncharcas - DEBUG -     gz_id=5600146 'sosoranga' score=0.750 nombre=False saint_only=False terr= phase=relegated
2026-07-02 17:51:26 - matching_padroncharcas - DEBUG -     gz_id=5600146 'sosoranga' score=0.750 nombre=False saint_only=False terr= phase=relegated
2026-07-02 17:51:26 - matching_padroncharcas - DEBUG -     gz_id=5600146 'sosoranga' score=0.750 nombre=False saint_only=False terr= phase=relegated
2026-07-02 17:51:26 - matching_padroncharcas - INFO -   Before dedup: 37 candidates
2026-07-02 17:51:26 - matching_padroncharcas - INFO -   After dedup: 15 unique gz_ids
2026-07-02 17:51:26 - matching_padroncharcas - INFO -   Dropped 15 territory-contradicting candidates
2026-07-02 17:51:26 - matching_padroncharcas - INFO -   Input has territorial data: True
2026-07-02 17:51:26 - matching_padroncharcas - INFO -   Candidates with territory match: 0
2026-07-02 17:51:26 - matching_padroncharcas - INFO -   No territorial filtering applied (no matching territories found)
2026-07-02 17:51:26 - matching_padroncharcas - INFO -   Nombre matches (exact on lugar_nombre): 0
2026-07-02 17:51:26 - matching_padroncharcas - INFO -   Saint-only matches: 0
2026-07-02 17:51:26 - matching_padroncharcas - INFO -   Substantive matches: 0
2026-07-02 17:51:26 - matching_padroncharcas - INFO -   Candidate pool (>= threshold): 0
2026-07-02 17:51:26 - matching_padroncharcas - WARNING -   No candidate above threshold - relegated
2026-07-02 17:51:26 - matching_padroncharcas - INFO - 
============================================================
2026-07-02 17:51:26 - matching_padroncharcas - INFO - Processing rowID=7435: 'Tuna' -> cleaned: 'tuna'
2026-07-02 17:51:26 - matching_padroncharcas - INFO -   Token-based candidates: 37
2026-07-02 17:51:26 - matching_padroncharcas - INFO -   Fuzzy matches (score >= 70, limit=500): 37
2026-07-02 17:51:26 - matching_padroncharcas - DEBUG -     gz_id=1001119 'san joce tunal' score=1.000 nombre=False saint_only=False terr= phase=auto_adopt
2026-07-02 17:51:26 - matching_padroncharcas - DEBUG -     gz_id=1001119 'san joce tunal' score=1.000 nombre=False saint_only=False terr= phase=auto_adopt
2026-07-02 17:51:26 - matching_padroncharcas - DEBUG -     gz_id=9900637 'tunas' score=1.000 nombre=False saint_only=False terr= phase=auto_adopt
2026-07-02 17:51:26 - matching_padroncharcas - DEBUG -     gz_id=6000853 'tuna' score=1.000 nombre=True saint_only=False terr= phase=auto_adopt
2026-07-02 17:51:26 - matching_padroncharcas - DEBUG -     gz_id=6000853 'tuna' score=1.000 nombre=True saint_only=False terr= phase=auto_adopt
2026-07-02 17:51:26 - matching_padroncharcas - DEBUG -     gz_id=1003556 'san pablo' score=1.000 nombre=False saint_only=False terr= phase=auto_adopt
2026-07-02 17:51:26 - matching_padroncharcas - DEBUG -     gz_id=1003556 'san pablo' score=1.000 nombre=False saint_only=False terr= phase=auto_adopt
2026-07-02 17:51:26 - matching_padroncharcas - DEBUG -     gz_id=1003556 'san pablo' score=1.000 nombre=False saint_only=False terr= phase=auto_adopt
2026-07-02 17:51:26 - matching_padroncharcas - DEBUG -     gz_id=3000201 'tuna' score=1.000 nombre=False saint_only=False terr= phase=auto_adopt
2026-07-02 17:51:26 - matching_padroncharcas - DEBUG -     gz_id=3000201 'tuna' score=1.000 nombre=False saint_only=False terr= phase=auto_adopt
2026-07-02 17:51:26 - matching_padroncharcas - DEBUG -     gz_id=3000201 'tuna' score=1.000 nombre=False saint_only=False terr= phase=auto_adopt
2026-07-02 17:51:26 - matching_padroncharcas - DEBUG -     gz_id=1000365 'tunal' score=1.000 nombre=False saint_only=False terr= phase=auto_adopt
2026-07-02 17:51:26 - matching_padroncharcas - DEBUG -     gz_id=9000631 'tunas' score=1.000 nombre=False saint_only=False terr= phase=auto_adopt
2026-07-02 17:51:26 - matching_padroncharcas - DEBUG -     gz_id=9000631 'tunas' score=1.000 nombre=False saint_only=False terr= phase=auto_adopt
2026-07-02 17:51:26 - matching_padroncharcas - DEBUG -     gz_id=9000631 'tunas' score=1.000 nombre=False saint_only=False terr= phase=auto_adopt
2026-07-02 17:51:26 - matching_padroncharcas - DEBUG -     gz_id=9000631 'tunas' score=1.000 nombre=False saint_only=False terr= phase=auto_adopt
2026-07-02 17:51:26 - matching_padroncharcas - DEBUG -     gz_id=1000365 'tunal' score=1.000 nombre=False saint_only=False terr= phase=auto_adopt
2026-07-02 17:51:26 - matching_padroncharcas - DEBUG -     gz_id=3000262 'tunas' score=1.000 nombre=False saint_only=False terr= phase=auto_adopt
2026-07-02 17:51:26 - matching_padroncharcas - DEBUG -     gz_id=1001043 'san bartolome tunas' score=1.000 nombre=False saint_only=False terr= phase=auto_adopt
2026-07-02 17:51:26 - matching_padroncharcas - DEBUG -     gz_id=1001043 'san bartolome tunas' score=1.000 nombre=False saint_only=False terr= phase=auto_adopt
2026-07-02 17:51:26 - matching_padroncharcas - DEBUG -     gz_id=3000262 'tunas' score=1.000 nombre=False saint_only=False terr= phase=auto_adopt
2026-07-02 17:51:26 - matching_padroncharcas - DEBUG -     gz_id=9901148 'tunas blancas' score=1.000 nombre=False saint_only=False terr= phase=auto_adopt
2026-07-02 17:51:26 - matching_padroncharcas - DEBUG -     gz_id=9901148 'tunas blancas' score=1.000 nombre=False saint_only=False terr= phase=auto_adopt
2026-07-02 17:51:26 - matching_padroncharcas - DEBUG -     gz_id=1004578 'tunkas' score=0.857 nombre=False saint_only=False terr= phase=candidate
2026-07-02 17:51:26 - matching_padroncharcas - DEBUG -     gz_id=1004578 'tunkas' score=0.857 nombre=False saint_only=False terr= phase=candidate
2026-07-02 17:51:26 - matching_padroncharcas - DEBUG -     gz_id=5600203 'tunia' score=0.857 nombre=False saint_only=False terr= phase=candidate
2026-07-02 17:51:26 - matching_padroncharcas - DEBUG -     gz_id=5600203 'tunia' score=0.857 nombre=False saint_only=False terr= phase=candidate
2026-07-02 17:51:26 - matching_padroncharcas - DEBUG -     gz_id=5600203 'tunia' score=0.857 nombre=False saint_only=False terr= phase=candidate
2026-07-02 17:51:26 - matching_padroncharcas - DEBUG -     gz_id=5000014 'tunja' score=0.857 nombre=False saint_only=False terr= phase=candidate
2026-07-02 17:51:26 - matching_padroncharcas - DEBUG -     gz_id=5600146 'sosoranga' score=0.750 nombre=False saint_only=False terr= phase=relegated
2026-07-02 17:51:26 - matching_padroncharcas - DEBUG -     gz_id=5000125 'turbana' score=0.750 nombre=False saint_only=False terr= phase=relegated
2026-07-02 17:51:26 - matching_padroncharcas - DEBUG -     gz_id=5000125 'turbana' score=0.750 nombre=False saint_only=False terr= phase=relegated
2026-07-02 17:51:26 - matching_padroncharcas - DEBUG -     gz_id=5000125 'turbana' score=0.750 nombre=False saint_only=False terr= phase=relegated
2026-07-02 17:51:26 - matching_padroncharcas - DEBUG -     gz_id=5000125 'turbana' score=0.750 nombre=False saint_only=False terr= phase=relegated
2026-07-02 17:51:26 - matching_padroncharcas - DEBUG -     gz_id=5600146 'sosoranga' score=0.750 nombre=False saint_only=False terr= phase=relegated
2026-07-02 17:51:26 - matching_padroncharcas - DEBUG -     gz_id=5600146 'sosoranga' score=0.750 nombre=False saint_only=False terr= phase=relegated
2026-07-02 17:51:26 - matching_padroncharcas - DEBUG -     gz_id=5600146 'sosoranga' score=0.750 nombre=False saint_only=False terr= phase=relegated
2026-07-02 17:51:26 - matching_padroncharcas - INFO -   Before dedup: 37 candidates
2026-07-02 17:51:26 - matching_padroncharcas - INFO -   After dedup: 15 unique gz_ids
2026-07-02 17:51:26 - matching_padroncharcas - INFO -   Dropped 15 territory-contradicting candidates
2026-07-02 17:51:26 - matching_padroncharcas - INFO -   Input has territorial data: True
2026-07-02 17:51:26 - matching_padroncharcas - INFO -   Candidates with territory match: 0
2026-07-02 17:51:26 - matching_padroncharcas - INFO -   No territorial filtering applied (no matching territories found)
2026-07-02 17:51:26 - matching_padroncharcas - INFO -   Nombre matches (exact on lugar_nombre): 0
2026-07-02 17:51:26 - matching_padroncharcas - INFO -   Saint-only matches: 0
2026-07-02 17:51:26 - matching_padroncharcas - INFO -   Substantive matches: 0
2026-07-02 17:51:26 - matching_padroncharcas - INFO -   Candidate pool (>= threshold): 0
2026-07-02 17:51:26 - matching_padroncharcas - WARNING -   No candidate above threshold - relegated
2026-07-02 17:51:26 - matching_padroncharcas - INFO - 
============================================================
2026-07-02 17:51:26 - matching_padroncharcas - INFO - Processing rowID=7435: 'Tuna' -> cleaned: 'tuna'
2026-07-02 17:51:26 - matching_padroncharcas - INFO -   Token-based candidates: 37
2026-07-02 17:51:26 - matching_padroncharcas - INFO -   Fuzzy matches (score >= 70, limit=500): 37
2026-07-02 17:51:26 - matching_padroncharcas - DEBUG -     gz_id=1001119 'san joce tunal' score=1.000 nombre=False saint_only=False terr= phase=auto_adopt
2026-07-02 17:51:26 - matching_padroncharcas - DEBUG -     gz_id=1001119 'san joce tunal' score=1.000 nombre=False saint_only=False terr= phase=auto_adopt
2026-07-02 17:51:26 - matching_padroncharcas - DEBUG -     gz_id=9900637 'tunas' score=1.000 nombre=False saint_only=False terr= phase=auto_adopt
2026-07-02 17:51:26 - matching_padroncharcas - DEBUG -     gz_id=6000853 'tuna' score=1.000 nombre=True saint_only=False terr= phase=auto_adopt
2026-07-02 17:51:26 - matching_padroncharcas - DEBUG -     gz_id=6000853 'tuna' score=1.000 nombre=True saint_only=False terr= phase=auto_adopt
2026-07-02 17:51:26 - matching_padroncharcas - DEBUG -     gz_id=1003556 'san pablo' score=1.000 nombre=False saint_only=False terr= phase=auto_adopt
2026-07-02 17:51:26 - matching_padroncharcas - DEBUG -     gz_id=1003556 'san pablo' score=1.000 nombre=False saint_only=False terr= phase=auto_adopt
2026-07-02 17:51:26 - matching_padroncharcas - DEBUG -     gz_id=1003556 'san pablo' score=1.000 nombre=False saint_only=False terr= phase=auto_adopt
2026-07-02 17:51:26 - matching_padroncharcas - DEBUG -     gz_id=3000201 'tuna' score=1.000 nombre=False saint_only=False terr= phase=auto_adopt
2026-07-02 17:51:26 - matching_padroncharcas - DEBUG -     gz_id=3000201 'tuna' score=1.000 nombre=False saint_only=False terr= phase=auto_adopt
2026-07-02 17:51:26 - matching_padroncharcas - DEBUG -     gz_id=3000201 'tuna' score=1.000 nombre=False saint_only=False terr= phase=auto_adopt
2026-07-02 17:51:26 - matching_padroncharcas - DEBUG -     gz_id=1000365 'tunal' score=1.000 nombre=False saint_only=False terr= phase=auto_adopt
2026-07-02 17:51:26 - matching_padroncharcas - DEBUG -     gz_id=9000631 'tunas' score=1.000 nombre=False saint_only=False terr= phase=auto_adopt
2026-07-02 17:51:26 - matching_padroncharcas - DEBUG -     gz_id=9000631 'tunas' score=1.000 nombre=False saint_only=False terr= phase=auto_adopt
2026-07-02 17:51:26 - matching_padroncharcas - DEBUG -     gz_id=9000631 'tunas' score=1.000 nombre=False saint_only=False terr= phase=auto_adopt
2026-07-02 17:51:26 - matching_padroncharcas - DEBUG -     gz_id=9000631 'tunas' score=1.000 nombre=False saint_only=False terr= phase=auto_adopt
2026-07-02 17:51:26 - matching_padroncharcas - DEBUG -     gz_id=1000365 'tunal' score=1.000 nombre=False saint_only=False terr= phase=auto_adopt
2026-07-02 17:51:26 - matching_padroncharcas - DEBUG -     gz_id=3000262 'tunas' score=1.000 nombre=False saint_only=False terr= phase=auto_adopt
2026-07-02 17:51:26 - matching_padroncharcas - DEBUG -     gz_id=1001043 'san bartolome tunas' score=1.000 nombre=False saint_only=False terr= phase=auto_adopt
2026-07-02 17:51:26 - matching_padroncharcas - DEBUG -     gz_id=1001043 'san bartolome tunas' score=1.000 nombre=False saint_only=False terr= phase=auto_adopt
2026-07-02 17:51:26 - matching_padroncharcas - DEBUG -     gz_id=3000262 'tunas' score=1.000 nombre=False saint_only=False terr= phase=auto_adopt
2026-07-02 17:51:26 - matching_padroncharcas - DEBUG -     gz_id=9901148 'tunas blancas' score=1.000 nombre=False saint_only=False terr= phase=auto_adopt
2026-07-02 17:51:26 - matching_padroncharcas - DEBUG -     gz_id=9901148 'tunas blancas' score=1.000 nombre=False saint_only=False terr= phase=auto_adopt
2026-07-02 17:51:26 - matching_padroncharcas - DEBUG -     gz_id=1004578 'tunkas' score=0.857 nombre=False saint_only=False terr= phase=candidate
2026-07-02 17:51:26 - matching_padroncharcas - DEBUG -     gz_id=1004578 'tunkas' score=0.857 nombre=False saint_only=False terr= phase=candidate
2026-07-02 17:51:26 - matching_padroncharcas - DEBUG -     gz_id=5600203 'tunia' score=0.857 nombre=False saint_only=False terr= phase=candidate
2026-07-02 17:51:26 - matching_padroncharcas - DEBUG -     gz_id=5600203 'tunia' score=0.857 nombre=False saint_only=False terr= phase=candidate
2026-07-02 17:51:26 - matching_padroncharcas - DEBUG -     gz_id=5600203 'tunia' score=0.857 nombre=False saint_only=False terr= phase=candidate
2026-07-02 17:51:26 - matching_padroncharcas - DEBUG -     gz_id=5000014 'tunja' score=0.857 nombre=False saint_only=False terr= phase=candidate
2026-07-02 17:51:26 - matching_padroncharcas - DEBUG -     gz_id=5600146 'sosoranga' score=0.750 nombre=False saint_only=False terr= phase=relegated
2026-07-02 17:51:26 - matching_padroncharcas - DEBUG -     gz_id=5000125 'turbana' score=0.750 nombre=False saint_only=False terr= phase=relegated
2026-07-02 17:51:26 - matching_padroncharcas - DEBUG -     gz_id=5000125 'turbana' score=0.750 nombre=False saint_only=False terr= phase=relegated
2026-07-02 17:51:26 - matching_padroncharcas - DEBUG -     gz_id=5000125 'turbana' score=0.750 nombre=False saint_only=False terr= phase=relegated
2026-07-02 17:51:26 - matching_padroncharcas - DEBUG -     gz_id=5000125 'turbana' score=0.750 nombre=False saint_only=False terr= phase=relegated
2026-07-02 17:51:26 - matching_padroncharcas - DEBUG -     gz_id=5600146 'sosoranga' score=0.750 nombre=False saint_only=False terr= phase=relegated
2026-07-02 17:51:26 - matching_padroncharcas - DEBUG -     gz_id=5600146 'sosoranga' score=0.750 nombre=False saint_only=False terr= phase=relegated
2026-07-02 17:51:26 - matching_padroncharcas - DEBUG -     gz_id=5600146 'sosoranga' score=0.750 nombre=False saint_only=False terr= phase=relegated
2026-07-02 17:51:26 - matching_padroncharcas - INFO -   Before dedup: 37 candidates
2026-07-02 17:51:26 - matching_padroncharcas - INFO -   After dedup: 15 unique gz_ids
2026-07-02 17:51:26 - matching_padroncharcas - INFO -   Dropped 15 territory-contradicting candidates
2026-07-02 17:51:26 - matching_padroncharcas - INFO -   Input has territorial data: True
2026-07-02 17:51:26 - matching_padroncharcas - INFO -   Candidates with territory match: 0
2026-07-02 17:51:26 - matching_padroncharcas - INFO -   No territorial filtering applied (no matching territories found)
2026-07-02 17:51:26 - matching_padroncharcas - INFO -   Nombre matches (exact on lugar_nombre): 0
2026-07-02 17:51:26 - matching_padroncharcas - INFO -   Saint-only matches: 0
2026-07-02 17:51:26 - matching_padroncharcas - INFO -   Substantive matches: 0
2026-07-02 17:51:26 - matching_padroncharcas - INFO -   Candidate pool (>= threshold): 0
2026-07-02 17:51:26 - matching_padroncharcas - WARNING -   No candidate above threshold - relegated
2026-07-02 17:51:26 - matching_padroncharcas - INFO - 
============================================================
2026-07-02 17:51:26 - matching_padroncharcas - INFO - Processing rowID=7437: 'Chulchucani' -> cleaned: 'chulchucani'
2026-07-02 17:51:26 - matching_padroncharcas - INFO -   Token-based candidates: 14
2026-07-02 17:51:26 - matching_padroncharcas - INFO -   Fuzzy matches (score >= 70, limit=500): 14
2026-07-02 17:51:26 - matching_padroncharcas - DEBUG -     gz_id=8000695 'chulchucani' score=1.000 nombre=True saint_only=False terr=region_exact phase=auto_adopt
2026-07-02 17:51:26 - matching_padroncharcas - DEBUG -     gz_id=8000695 'chulchucani' score=1.000 nombre=True saint_only=False terr=region_exact phase=auto_adopt
2026-07-02 17:51:26 - matching_padroncharcas - DEBUG -     gz_id=8000695 'chulchucani' score=1.000 nombre=True saint_only=False terr=region_exact phase=auto_adopt
2026-07-02 17:51:26 - matching_padroncharcas - DEBUG -     gz_id=6000212 'chalhuani' score=0.800 nombre=False saint_only=False terr= phase=relegated
2026-07-02 17:51:26 - matching_padroncharcas - DEBUG -     gz_id=6000212 'chalhuani' score=0.800 nombre=False saint_only=False terr= phase=relegated
2026-07-02 17:51:26 - matching_padroncharcas - DEBUG -     gz_id=6000212 'chalhuani' score=0.800 nombre=False saint_only=False terr= phase=relegated
2026-07-02 17:51:26 - matching_padroncharcas - DEBUG -     gz_id=1001363 'culhuacan' score=0.800 nombre=False saint_only=False terr= phase=relegated
2026-07-02 17:51:26 - matching_padroncharcas - DEBUG -     gz_id=1001363 'culhuacan' score=0.800 nombre=False saint_only=False terr= phase=relegated
2026-07-02 17:51:26 - matching_padroncharcas - DEBUG -     gz_id=8000385 'chalhuani' score=0.750 nombre=False saint_only=False terr=region_exact phase=relegated
2026-07-02 17:51:26 - matching_padroncharcas - DEBUG -     gz_id=8000385 'chalhuani' score=0.750 nombre=False saint_only=False terr=region_exact phase=relegated
2026-07-02 17:51:26 - matching_padroncharcas - DEBUG -     gz_id=8000385 'chalhuani' score=0.750 nombre=False saint_only=False terr=region_exact phase=relegated
2026-07-02 17:51:26 - matching_padroncharcas - DEBUG -     gz_id=8000035 'chulumani' score=0.750 nombre=False saint_only=False terr=region_exact phase=relegated
2026-07-02 17:51:26 - matching_padroncharcas - DEBUG -     gz_id=8000035 'chulumani' score=0.750 nombre=False saint_only=False terr=region_exact phase=relegated
2026-07-02 17:51:26 - matching_padroncharcas - DEBUG -     gz_id=8000035 'chulumani' score=0.750 nombre=False saint_only=False terr=region_exact phase=relegated
2026-07-02 17:51:26 - matching_padroncharcas - INFO -   Before dedup: 14 candidates
2026-07-02 17:51:26 - matching_padroncharcas - INFO -   After dedup: 5 unique gz_ids
2026-07-02 17:51:26 - matching_padroncharcas - INFO -   Dropped 2 territory-contradicting candidates
2026-07-02 17:51:26 - matching_padroncharcas - INFO -   Input has territorial data: True
2026-07-02 17:51:26 - matching_padroncharcas - INFO -   Candidates with territory match: 3
2026-07-02 17:51:26 - matching_padroncharcas - INFO -   After territorial filter (keeping region): 3 candidates
2026-07-02 17:51:26 - matching_padroncharcas - INFO -   Nombre matches (exact on lugar_nombre): 1
2026-07-02 17:51:26 - matching_padroncharcas - INFO -   Saint-only matches: 0
2026-07-02 17:51:26 - matching_padroncharcas - INFO -   Substantive matches: 3
2026-07-02 17:51:26 - matching_padroncharcas - INFO -   NOMBRE PRIORITY: Keeping ONLY 1 nombre matches, discarding 2 others
2026-07-02 17:51:26 - matching_padroncharcas - INFO -      gz_id=8000695: Chulchucani
2026-07-02 17:51:26 - matching_padroncharcas - INFO -   Candidate pool (>= threshold): 1
2026-07-02 17:51:26 - matching_padroncharcas - INFO -   Single unambiguous strong hit -> auto_adopt
2026-07-02 17:51:26 - matching_padroncharcas - INFO -   rowID=7437: found at step 'no_partido_jurisdiccion'
2026-07-02 17:51:26 - matching_padroncharcas - INFO - 
============================================================
2026-07-02 17:51:26 - matching_padroncharcas - INFO - Processing rowID=7438: 'Tarapaya' -> cleaned: 'tarapaia'
2026-07-02 17:51:26 - matching_padroncharcas - INFO -   Token-based candidates: 16
2026-07-02 17:51:26 - matching_padroncharcas - INFO -   Fuzzy matches (score >= 70, limit=500): 16
2026-07-02 17:51:26 - matching_padroncharcas - DEBUG -     gz_id=8000637 'tarapaia' score=1.000 nombre=True saint_only=False terr=region_exact phase=auto_adopt
2026-07-02 17:51:26 - matching_padroncharcas - DEBUG -     gz_id=8000637 'tarapaia' score=1.000 nombre=True saint_only=False terr=region_exact phase=auto_adopt
2026-07-02 17:51:26 - matching_padroncharcas - DEBUG -     gz_id=8000637 'tarapaia' score=1.000 nombre=True saint_only=False terr=region_exact phase=auto_adopt
2026-07-02 17:51:26 - matching_padroncharcas - DEBUG -     gz_id=8000229 'charapaia' score=0.933 nombre=False saint_only=False terr=region_exact phase=auto_adopt
2026-07-02 17:51:26 - matching_padroncharcas - DEBUG -     gz_id=8000229 'charapaia' score=0.933 nombre=False saint_only=False terr=region_exact phase=auto_adopt
2026-07-02 17:51:26 - matching_padroncharcas - DEBUG -     gz_id=6001039 'rapaian' score=0.923 nombre=False saint_only=False terr= phase=auto_adopt
2026-07-02 17:51:26 - matching_padroncharcas - DEBUG -     gz_id=6001039 'rapaian' score=0.923 nombre=False saint_only=False terr= phase=auto_adopt
2026-07-02 17:51:26 - matching_padroncharcas - DEBUG -     gz_id=6000782 'tapaia' score=0.909 nombre=False saint_only=False terr= phase=auto_adopt
2026-07-02 17:51:26 - matching_padroncharcas - DEBUG -     gz_id=6000782 'tapaia' score=0.909 nombre=False saint_only=False terr= phase=auto_adopt
2026-07-02 17:51:26 - matching_padroncharcas - DEBUG -     gz_id=6000135 'tarapaca' score=0.875 nombre=False saint_only=False terr= phase=candidate
2026-07-02 17:51:26 - matching_padroncharcas - DEBUG -     gz_id=6000135 'tarapaca' score=0.875 nombre=False saint_only=False terr= phase=candidate
2026-07-02 17:51:26 - matching_padroncharcas - DEBUG -     gz_id=6000135 'tarapaca' score=0.875 nombre=False saint_only=False terr= phase=candidate
2026-07-02 17:51:26 - matching_padroncharcas - DEBUG -     gz_id=8000395 'itapaia' score=0.833 nombre=False saint_only=False terr=region_exact phase=relegated
2026-07-02 17:51:26 - matching_padroncharcas - DEBUG -     gz_id=8000395 'itapaia' score=0.833 nombre=False saint_only=False terr=region_exact phase=relegated
2026-07-02 17:51:26 - matching_padroncharcas - DEBUG -     gz_id=8000361 'tarabita' score=0.769 nombre=False saint_only=False terr=region_exact phase=relegated
2026-07-02 17:51:26 - matching_padroncharcas - DEBUG -     gz_id=8000361 'tarabita' score=0.769 nombre=False saint_only=False terr=region_exact phase=relegated
2026-07-02 17:51:26 - matching_padroncharcas - INFO -   Before dedup: 16 candidates
2026-07-02 17:51:26 - matching_padroncharcas - INFO -   After dedup: 7 unique gz_ids
2026-07-02 17:51:26 - matching_padroncharcas - INFO -   Dropped 3 territory-contradicting candidates
2026-07-02 17:51:26 - matching_padroncharcas - INFO -   Input has territorial data: True
2026-07-02 17:51:26 - matching_padroncharcas - INFO -   Candidates with territory match: 4
2026-07-02 17:51:26 - matching_padroncharcas - INFO -   After territorial filter (keeping region): 4 candidates
2026-07-02 17:51:26 - matching_padroncharcas - INFO -   Nombre matches (exact on lugar_nombre): 1
2026-07-02 17:51:26 - matching_padroncharcas - INFO -   Saint-only matches: 0
2026-07-02 17:51:26 - matching_padroncharcas - INFO -   Substantive matches: 4
2026-07-02 17:51:26 - matching_padroncharcas - INFO -   NOMBRE PRIORITY: Keeping ONLY 1 nombre matches, discarding 3 others
2026-07-02 17:51:26 - matching_padroncharcas - INFO -      gz_id=8000637: Tarapaya
2026-07-02 17:51:26 - matching_padroncharcas - INFO -   Candidate pool (>= threshold): 1
2026-07-02 17:51:26 - matching_padroncharcas - INFO -   Single unambiguous strong hit -> auto_adopt
2026-07-02 17:51:26 - matching_padroncharcas - INFO -   rowID=7438: found at step 'no_partido_jurisdiccion'
2026-07-02 17:51:26 - matching_padroncharcas - INFO - 
============================================================
2026-07-02 17:51:26 - matching_padroncharcas - INFO - Processing rowID=7457: 'San Ildefonso de Paria' -> cleaned: 'san ildefonso paria'
2026-07-02 17:51:26 - matching_padroncharcas - INFO -   Token-based candidates: 13311
2026-07-02 17:51:26 - matching_padroncharcas - INFO -   Filtering: need match on substantive tokens: ['paria', 'ildefonso'] OR 2+ total tokens
2026-07-02 17:51:29 - matching_padroncharcas - INFO -   After filtering weak token matches: 57 candidates
2026-07-02 17:51:29 - matching_padroncharcas - INFO -   Fuzzy matches (score >= 70, limit=500): 57
2026-07-02 17:51:29 - matching_padroncharcas - DEBUG -     gz_id=9900302 'san ildefonso' score=1.000 nombre=False saint_only=False terr= phase=auto_adopt
2026-07-02 17:51:29 - matching_padroncharcas - DEBUG -     gz_id=1001118 'san ildefonso' score=1.000 nombre=False saint_only=False terr= phase=auto_adopt
2026-07-02 17:51:29 - matching_padroncharcas - DEBUG -     gz_id=1001118 'san ildefonso' score=1.000 nombre=False saint_only=False terr= phase=auto_adopt
2026-07-02 17:51:29 - matching_padroncharcas - DEBUG -     gz_id=1001190 'san ildefonso' score=1.000 nombre=False saint_only=False terr= phase=auto_adopt
2026-07-02 17:51:29 - matching_padroncharcas - DEBUG -     gz_id=1001190 'san ildefonso' score=1.000 nombre=False saint_only=False terr= phase=auto_adopt
2026-07-02 17:51:29 - matching_padroncharcas - DEBUG -     gz_id=1001190 'san ildefonso' score=1.000 nombre=False saint_only=False terr= phase=auto_adopt
2026-07-02 17:51:29 - matching_padroncharcas - DEBUG -     gz_id=1001732 'san ildefonso' score=1.000 nombre=False saint_only=False terr= phase=auto_adopt
2026-07-02 17:51:29 - matching_padroncharcas - DEBUG -     gz_id=1001732 'san ildefonso' score=1.000 nombre=False saint_only=False terr= phase=auto_adopt
2026-07-02 17:51:29 - matching_padroncharcas - DEBUG -     gz_id=1001732 'san ildefonso' score=1.000 nombre=False saint_only=False terr= phase=auto_adopt
2026-07-02 17:51:29 - matching_padroncharcas - DEBUG -     gz_id=1002136 'san ildefonso' score=1.000 nombre=False saint_only=False terr= phase=auto_adopt
2026-07-02 17:51:29 - matching_padroncharcas - DEBUG -     gz_id=1002136 'san ildefonso' score=1.000 nombre=False saint_only=False terr= phase=auto_adopt
2026-07-02 17:51:29 - matching_padroncharcas - DEBUG -     gz_id=1002136 'san ildefonso' score=1.000 nombre=False saint_only=False terr= phase=auto_adopt
2026-07-02 17:51:29 - matching_padroncharcas - DEBUG -     gz_id=1002365 'san ildefonso' score=1.000 nombre=False saint_only=False terr= phase=auto_adopt
2026-07-02 17:51:29 - matching_padroncharcas - DEBUG -     gz_id=1002365 'san ildefonso' score=1.000 nombre=False saint_only=False terr= phase=auto_adopt
2026-07-02 17:51:29 - matching_padroncharcas - DEBUG -     gz_id=1004778 'san ildefonso' score=1.000 nombre=False saint_only=False terr= phase=auto_adopt
2026-07-02 17:51:29 - matching_padroncharcas - DEBUG -     gz_id=1004778 'san ildefonso' score=1.000 nombre=False saint_only=False terr= phase=auto_adopt
2026-07-02 17:51:29 - matching_padroncharcas - DEBUG -     gz_id=1004824 'san ildefonso' score=1.000 nombre=False saint_only=False terr= phase=auto_adopt
2026-07-02 17:51:29 - matching_padroncharcas - DEBUG -     gz_id=1004824 'san ildefonso' score=1.000 nombre=False saint_only=False terr= phase=auto_adopt
2026-07-02 17:51:29 - matching_padroncharcas - DEBUG -     gz_id=6001043 'san ildefonso' score=1.000 nombre=False saint_only=False terr= phase=auto_adopt
2026-07-02 17:51:29 - matching_padroncharcas - DEBUG -     gz_id=6001043 'san ildefonso' score=1.000 nombre=False saint_only=False terr= phase=auto_adopt
2026-07-02 17:51:29 - matching_padroncharcas - DEBUG -     gz_id=6001288 'san ildefonso' score=1.000 nombre=False saint_only=False terr= phase=auto_adopt
2026-07-02 17:51:29 - matching_padroncharcas - DEBUG -     gz_id=6001288 'san ildefonso' score=1.000 nombre=False saint_only=False terr= phase=auto_adopt
2026-07-02 17:51:29 - matching_padroncharcas - DEBUG -     gz_id=6001288 'san ildefonso' score=1.000 nombre=False saint_only=False terr= phase=auto_adopt
2026-07-02 17:51:29 - matching_padroncharcas - DEBUG -     gz_id=8000049 'paria' score=1.000 nombre=True saint_only=False terr=region_exact phase=auto_adopt
2026-07-02 17:51:29 - matching_padroncharcas - DEBUG -     gz_id=8000049 'paria' score=1.000 nombre=True saint_only=False terr=region_exact phase=auto_adopt
2026-07-02 17:51:29 - matching_padroncharcas - DEBUG -     gz_id=7000401 'arauco' score=0.944 nombre=False saint_only=False terr= phase=auto_adopt
2026-07-02 17:51:29 - matching_padroncharcas - DEBUG -     gz_id=7000401 'arauco' score=0.944 nombre=False saint_only=False terr= phase=auto_adopt
2026-07-02 17:51:29 - matching_padroncharcas - DEBUG -     gz_id=7000401 'arauco' score=0.944 nombre=False saint_only=False terr= phase=auto_adopt
2026-07-02 17:51:29 - matching_padroncharcas - DEBUG -     gz_id=7000401 'arauco' score=0.944 nombre=False saint_only=False terr= phase=auto_adopt
2026-07-02 17:51:29 - matching_padroncharcas - DEBUG -     gz_id=7000401 'arauco' score=0.944 nombre=False saint_only=False terr= phase=auto_adopt
2026-07-02 17:51:29 - matching_padroncharcas - DEBUG -     gz_id=7000401 'arauco' score=0.944 nombre=False saint_only=False terr= phase=auto_adopt
2026-07-02 17:51:29 - matching_padroncharcas - DEBUG -     gz_id=1000140 'taretan' score=0.889 nombre=False saint_only=False terr= phase=candidate
2026-07-02 17:51:29 - matching_padroncharcas - DEBUG -     gz_id=1000140 'taretan' score=0.889 nombre=False saint_only=False terr= phase=candidate
2026-07-02 17:51:29 - matching_padroncharcas - DEBUG -     gz_id=1002497 'san ildefonso amatlan' score=0.889 nombre=False saint_only=False terr= phase=candidate
2026-07-02 17:51:29 - matching_padroncharcas - DEBUG -     gz_id=1002497 'san ildefonso amatlan' score=0.889 nombre=False saint_only=False terr= phase=candidate
2026-07-02 17:51:29 - matching_padroncharcas - DEBUG -     gz_id=9900129 'poleachi' score=0.882 nombre=False saint_only=False terr= phase=candidate
2026-07-02 17:51:29 - matching_padroncharcas - DEBUG -     gz_id=9900129 'poleachi' score=0.882 nombre=False saint_only=False terr= phase=candidate
2026-07-02 17:51:29 - matching_padroncharcas - DEBUG -     gz_id=1001218 'acuimantla' score=0.882 nombre=False saint_only=False terr= phase=candidate
2026-07-02 17:51:29 - matching_padroncharcas - DEBUG -     gz_id=1001218 'acuimantla' score=0.882 nombre=False saint_only=False terr= phase=candidate
2026-07-02 17:51:29 - matching_padroncharcas - DEBUG -     gz_id=1003073 'san ildefonso sola' score=0.882 nombre=False saint_only=False terr= phase=candidate
2026-07-02 17:51:29 - matching_padroncharcas - DEBUG -     gz_id=1003073 'san ildefonso sola' score=0.882 nombre=False saint_only=False terr= phase=candidate
2026-07-02 17:51:29 - matching_padroncharcas - DEBUG -     gz_id=1003922 'iecora' score=0.882 nombre=False saint_only=False terr= phase=candidate
2026-07-02 17:51:29 - matching_padroncharcas - DEBUG -     gz_id=1003922 'iecora' score=0.882 nombre=False saint_only=False terr= phase=candidate
2026-07-02 17:51:29 - matching_padroncharcas - DEBUG -     gz_id=1003922 'iecora' score=0.882 nombre=False saint_only=False terr= phase=candidate
2026-07-02 17:51:29 - matching_padroncharcas - DEBUG -     gz_id=1003922 'iecora' score=0.882 nombre=False saint_only=False terr= phase=candidate
2026-07-02 17:51:29 - matching_padroncharcas - DEBUG -     gz_id=2000343 'ixtahuacan' score=0.882 nombre=False saint_only=False terr= phase=candidate
2026-07-02 17:51:29 - matching_padroncharcas - DEBUG -     gz_id=6000045 'puter' score=0.882 nombre=False saint_only=False terr= phase=candidate
2026-07-02 17:51:29 - matching_padroncharcas - DEBUG -     gz_id=6000045 'puter' score=0.882 nombre=False saint_only=False terr= phase=candidate
2026-07-02 17:51:29 - matching_padroncharcas - DEBUG -     gz_id=1001067 'tultepec' score=0.848 nombre=False saint_only=False terr= phase=relegated
2026-07-02 17:51:29 - matching_padroncharcas - DEBUG -     gz_id=1001067 'tultepec' score=0.848 nombre=False saint_only=False terr= phase=relegated
2026-07-02 17:51:29 - matching_padroncharcas - DEBUG -     gz_id=1002527 'san ildefonso osolotepec' score=0.848 nombre=False saint_only=False terr= phase=relegated
2026-07-02 17:51:29 - matching_padroncharcas - DEBUG -     gz_id=1002527 'san ildefonso osolotepec' score=0.848 nombre=False saint_only=False terr= phase=relegated
2026-07-02 17:51:29 - matching_padroncharcas - DEBUG -     gz_id=1004073 'hueiotlipan' score=0.848 nombre=False saint_only=False terr= phase=relegated
2026-07-02 17:51:29 - matching_padroncharcas - DEBUG -     gz_id=1004073 'hueiotlipan' score=0.848 nombre=False saint_only=False terr= phase=relegated
2026-07-02 17:51:29 - matching_padroncharcas - DEBUG -     gz_id=1004073 'hueiotlipan' score=0.848 nombre=False saint_only=False terr= phase=relegated
2026-07-02 17:51:29 - matching_padroncharcas - DEBUG -     gz_id=7000082 'tambo' score=0.848 nombre=False saint_only=False terr= phase=relegated
2026-07-02 17:51:29 - matching_padroncharcas - DEBUG -     gz_id=7000082 'tambo' score=0.848 nombre=False saint_only=False terr= phase=relegated
2026-07-02 17:51:29 - matching_padroncharcas - INFO -   Before dedup: 57 candidates
2026-07-02 17:51:29 - matching_padroncharcas - INFO -   After dedup: 24 unique gz_ids
2026-07-02 17:51:29 - matching_padroncharcas - INFO -   Dropped 23 territory-contradicting candidates
2026-07-02 17:51:29 - matching_padroncharcas - INFO -   Input has territorial data: True
2026-07-02 17:51:29 - matching_padroncharcas - INFO -   Candidates with territory match: 1
2026-07-02 17:51:29 - matching_padroncharcas - INFO -   After territorial filter (keeping region): 1 candidates
2026-07-02 17:51:29 - matching_padroncharcas - INFO -   Nombre matches (exact on lugar_nombre): 1
2026-07-02 17:51:29 - matching_padroncharcas - INFO -   Saint-only matches: 0
2026-07-02 17:51:29 - matching_padroncharcas - INFO -   Substantive matches: 1
2026-07-02 17:51:29 - matching_padroncharcas - INFO -   NOMBRE PRIORITY: Keeping ONLY 1 nombre matches, discarding 0 others
2026-07-02 17:51:29 - matching_padroncharcas - INFO -      gz_id=8000049: Paria
2026-07-02 17:51:29 - matching_padroncharcas - INFO -   Candidate pool (>= threshold): 1
2026-07-02 17:51:29 - matching_padroncharcas - INFO -   Single unambiguous strong hit -> auto_adopt
2026-07-02 17:51:29 - matching_padroncharcas - INFO -   rowID=7457: found at step 'no_partido_jurisdiccion'
2026-07-02 17:51:29 - matching_padroncharcas - INFO - 
============================================================
2026-07-02 17:51:29 - matching_padroncharcas - INFO - Processing rowID=7459: 'Soracora' -> cleaned: 'soracora'
2026-07-02 17:51:29 - matching_padroncharcas - INFO -   Token-based candidates: 8
2026-07-02 17:51:29 - matching_padroncharcas - INFO -   Fuzzy matches (score >= 70, limit=500): 8
2026-07-02 17:51:29 - matching_padroncharcas - DEBUG -     gz_id=6000553 'coracora' score=0.933 nombre=False saint_only=False terr= phase=auto_adopt
2026-07-02 17:51:29 - matching_padroncharcas - DEBUG -     gz_id=6000553 'coracora' score=0.933 nombre=False saint_only=False terr= phase=auto_adopt
2026-07-02 17:51:29 - matching_padroncharcas - DEBUG -     gz_id=5000453 'soraca' score=0.909 nombre=False saint_only=False terr= phase=auto_adopt
2026-07-02 17:51:29 - matching_padroncharcas - DEBUG -     gz_id=8000282 'sorasora' score=0.875 nombre=False saint_only=False terr=region_exact phase=candidate
2026-07-02 17:51:29 - matching_padroncharcas - DEBUG -     gz_id=8000282 'sorasora' score=0.875 nombre=False saint_only=False terr=region_exact phase=candidate
2026-07-02 17:51:29 - matching_padroncharcas - DEBUG -     gz_id=5600306 'sancora' score=0.833 nombre=False saint_only=False terr= phase=relegated
2026-07-02 17:51:29 - matching_padroncharcas - DEBUG -     gz_id=5600306 'sancora' score=0.833 nombre=False saint_only=False terr= phase=relegated
2026-07-02 17:51:29 - matching_padroncharcas - DEBUG -     gz_id=5600306 'sancora' score=0.833 nombre=False saint_only=False terr= phase=relegated
2026-07-02 17:51:29 - matching_padroncharcas - INFO -   Before dedup: 8 candidates
2026-07-02 17:51:29 - matching_padroncharcas - INFO -   After dedup: 4 unique gz_ids
2026-07-02 17:51:29 - matching_padroncharcas - INFO -   Dropped 3 territory-contradicting candidates
2026-07-02 17:51:29 - matching_padroncharcas - INFO -   Input has territorial data: True
2026-07-02 17:51:29 - matching_padroncharcas - INFO -   Candidates with territory match: 1
2026-07-02 17:51:29 - matching_padroncharcas - INFO -   After territorial filter (keeping region): 1 candidates
2026-07-02 17:51:29 - matching_padroncharcas - INFO -   Nombre matches (exact on lugar_nombre): 0
2026-07-02 17:51:29 - matching_padroncharcas - INFO -   Saint-only matches: 0
2026-07-02 17:51:29 - matching_padroncharcas - INFO -   Substantive matches: 1
2026-07-02 17:51:29 - matching_padroncharcas - INFO -   Candidate pool (>= threshold): 1
2026-07-02 17:51:29 - matching_padroncharcas - INFO -   1 candidate(s) -> candidate
2026-07-02 17:51:29 - matching_padroncharcas - INFO -   rowID=7459: found at step 'no_partido_jurisdiccion'
2026-07-02 17:51:29 - matching_padroncharcas - INFO - 
============================================================
2026-07-02 17:51:29 - matching_padroncharcas - INFO - Processing rowID=7462: 'Coroma' -> cleaned: 'coroma'
2026-07-02 17:51:29 - matching_padroncharcas - INFO -   Token-based candidates: 44
2026-07-02 17:51:29 - matching_padroncharcas - INFO -   Fuzzy matches (score >= 70, limit=500): 44
2026-07-02 17:51:29 - matching_padroncharcas - DEBUG -     gz_id=1002130 'coro' score=1.000 nombre=False saint_only=False terr= phase=auto_adopt
2026-07-02 17:51:29 - matching_padroncharcas - DEBUG -     gz_id=1002130 'coro' score=1.000 nombre=False saint_only=False terr= phase=auto_adopt
2026-07-02 17:51:29 - matching_padroncharcas - DEBUG -     gz_id=1002130 'coro' score=1.000 nombre=False saint_only=False terr= phase=auto_adopt
2026-07-02 17:51:29 - matching_padroncharcas - DEBUG -     gz_id=8000477 'choroma' score=1.000 nombre=False saint_only=False terr=region_exact phase=auto_adopt
2026-07-02 17:51:29 - matching_padroncharcas - DEBUG -     gz_id=8000477 'choroma' score=1.000 nombre=False saint_only=False terr=region_exact phase=auto_adopt
2026-07-02 17:51:29 - matching_padroncharcas - DEBUG -     gz_id=8000477 'choroma' score=1.000 nombre=False saint_only=False terr=region_exact phase=auto_adopt
2026-07-02 17:51:29 - matching_padroncharcas - DEBUG -     gz_id=8000173 'coroma' score=1.000 nombre=True saint_only=False terr=region_exact phase=auto_adopt
2026-07-02 17:51:29 - matching_padroncharcas - DEBUG -     gz_id=8000173 'coroma' score=1.000 nombre=True saint_only=False terr=region_exact phase=auto_adopt
2026-07-02 17:51:29 - matching_padroncharcas - DEBUG -     gz_id=8000324 'coro' score=1.000 nombre=False saint_only=False terr=region_exact phase=auto_adopt
2026-07-02 17:51:29 - matching_padroncharcas - DEBUG -     gz_id=8000324 'coro' score=1.000 nombre=False saint_only=False terr=region_exact phase=auto_adopt
2026-07-02 17:51:29 - matching_padroncharcas - DEBUG -     gz_id=6000047 'socoroma' score=1.000 nombre=False saint_only=False terr= phase=auto_adopt
2026-07-02 17:51:29 - matching_padroncharcas - DEBUG -     gz_id=6000047 'socoroma' score=1.000 nombre=False saint_only=False terr= phase=auto_adopt
2026-07-02 17:51:29 - matching_padroncharcas - DEBUG -     gz_id=4000002 'coro' score=1.000 nombre=False saint_only=False terr= phase=auto_adopt
2026-07-02 17:51:29 - matching_padroncharcas - DEBUG -     gz_id=4000002 'coro' score=1.000 nombre=False saint_only=False terr= phase=auto_adopt
2026-07-02 17:51:29 - matching_padroncharcas - DEBUG -     gz_id=4000002 'coro' score=1.000 nombre=False saint_only=False terr= phase=auto_adopt
2026-07-02 17:51:29 - matching_padroncharcas - DEBUG -     gz_id=4000002 'coro' score=1.000 nombre=False saint_only=False terr= phase=auto_adopt
2026-07-02 17:51:29 - matching_padroncharcas - DEBUG -     gz_id=4000002 'coro' score=1.000 nombre=False saint_only=False terr= phase=auto_adopt
2026-07-02 17:51:29 - matching_padroncharcas - DEBUG -     gz_id=4000002 'coro' score=1.000 nombre=False saint_only=False terr= phase=auto_adopt
2026-07-02 17:51:29 - matching_padroncharcas - DEBUG -     gz_id=6000377 'condoroma' score=0.909 nombre=False saint_only=False terr= phase=auto_adopt
2026-07-02 17:51:29 - matching_padroncharcas - DEBUG -     gz_id=6000377 'condoroma' score=0.909 nombre=False saint_only=False terr= phase=auto_adopt
2026-07-02 17:51:29 - matching_padroncharcas - DEBUG -     gz_id=6000377 'condoroma' score=0.909 nombre=False saint_only=False terr= phase=auto_adopt
2026-07-02 17:51:29 - matching_padroncharcas - DEBUG -     gz_id=8000074 'poroma' score=0.909 nombre=False saint_only=False terr=region_exact phase=auto_adopt
2026-07-02 17:51:29 - matching_padroncharcas - DEBUG -     gz_id=8000074 'poroma' score=0.909 nombre=False saint_only=False terr=region_exact phase=auto_adopt
2026-07-02 17:51:29 - matching_padroncharcas - DEBUG -     gz_id=8000074 'poroma' score=0.909 nombre=False saint_only=False terr=region_exact phase=auto_adopt
2026-07-02 17:51:29 - matching_padroncharcas - DEBUG -     gz_id=4000418 'real corona' score=0.833 nombre=False saint_only=False terr= phase=relegated
2026-07-02 17:51:29 - matching_padroncharcas - DEBUG -     gz_id=4000418 'real corona' score=0.833 nombre=False saint_only=False terr= phase=relegated
2026-07-02 17:51:29 - matching_padroncharcas - DEBUG -     gz_id=4000418 'real corona' score=0.833 nombre=False saint_only=False terr= phase=relegated
2026-07-02 17:51:29 - matching_padroncharcas - DEBUG -     gz_id=4000418 'real corona' score=0.833 nombre=False saint_only=False terr= phase=relegated
2026-07-02 17:51:29 - matching_padroncharcas - DEBUG -     gz_id=4000418 'real corona' score=0.833 nombre=False saint_only=False terr= phase=relegated
2026-07-02 17:51:29 - matching_padroncharcas - DEBUG -     gz_id=4000418 'real corona' score=0.833 nombre=False saint_only=False terr= phase=relegated
2026-07-02 17:51:29 - matching_padroncharcas - DEBUG -     gz_id=4000418 'real corona' score=0.833 nombre=False saint_only=False terr= phase=relegated
2026-07-02 17:51:29 - matching_padroncharcas - DEBUG -     gz_id=2000751 'magdalena' score=0.833 nombre=False saint_only=False terr= phase=relegated
2026-07-02 17:51:29 - matching_padroncharcas - DEBUG -     gz_id=2000751 'magdalena' score=0.833 nombre=False saint_only=False terr= phase=relegated
2026-07-02 17:51:29 - matching_padroncharcas - DEBUG -     gz_id=2000149 'san ahustin real corona' score=0.833 nombre=False saint_only=False terr= phase=relegated
2026-07-02 17:51:29 - matching_padroncharcas - DEBUG -     gz_id=2000149 'san ahustin real corona' score=0.833 nombre=False saint_only=False terr= phase=relegated
2026-07-02 17:51:29 - matching_padroncharcas - DEBUG -     gz_id=2000149 'san ahustin real corona' score=0.833 nombre=False saint_only=False terr= phase=relegated
2026-07-02 17:51:29 - matching_padroncharcas - DEBUG -     gz_id=2000149 'san ahustin real corona' score=0.833 nombre=False saint_only=False terr= phase=relegated
2026-07-02 17:51:29 - matching_padroncharcas - DEBUG -     gz_id=6001263 'corobamba' score=0.833 nombre=False saint_only=False terr= phase=relegated
2026-07-02 17:51:29 - matching_padroncharcas - DEBUG -     gz_id=6001263 'corobamba' score=0.833 nombre=False saint_only=False terr= phase=relegated
2026-07-02 17:51:29 - matching_padroncharcas - DEBUG -     gz_id=6000340 'corma' score=0.800 nombre=False saint_only=False terr= phase=relegated
2026-07-02 17:51:29 - matching_padroncharcas - DEBUG -     gz_id=6000340 'corma' score=0.800 nombre=False saint_only=False terr= phase=relegated
2026-07-02 17:51:29 - matching_padroncharcas - DEBUG -     gz_id=6000340 'corma' score=0.800 nombre=False saint_only=False terr= phase=relegated
2026-07-02 17:51:29 - matching_padroncharcas - DEBUG -     gz_id=1000407 'san diego' score=0.800 nombre=False saint_only=False terr= phase=relegated
2026-07-02 17:51:29 - matching_padroncharcas - DEBUG -     gz_id=1000407 'san diego' score=0.800 nombre=False saint_only=False terr= phase=relegated
2026-07-02 17:51:29 - matching_padroncharcas - INFO -   Before dedup: 44 candidates
2026-07-02 17:51:29 - matching_padroncharcas - INFO -   After dedup: 14 unique gz_ids
2026-07-02 17:51:29 - matching_padroncharcas - INFO -   Dropped 10 territory-contradicting candidates
2026-07-02 17:51:29 - matching_padroncharcas - INFO -   Input has territorial data: True
2026-07-02 17:51:29 - matching_padroncharcas - INFO -   Candidates with territory match: 4
2026-07-02 17:51:29 - matching_padroncharcas - INFO -   After territorial filter (keeping region): 4 candidates
2026-07-02 17:51:29 - matching_padroncharcas - INFO -   Nombre matches (exact on lugar_nombre): 1
2026-07-02 17:51:29 - matching_padroncharcas - INFO -   Saint-only matches: 0
2026-07-02 17:51:29 - matching_padroncharcas - INFO -   Substantive matches: 4
2026-07-02 17:51:29 - matching_padroncharcas - INFO -   NOMBRE PRIORITY: Keeping ONLY 1 nombre matches, discarding 3 others
2026-07-02 17:51:29 - matching_padroncharcas - INFO -      gz_id=8000173: Coroma
2026-07-02 17:51:29 - matching_padroncharcas - INFO -   Candidate pool (>= threshold): 1
2026-07-02 17:51:29 - matching_padroncharcas - INFO -   Single unambiguous strong hit -> auto_adopt
2026-07-02 17:51:29 - matching_padroncharcas - INFO -   rowID=7462: found at step 'no_partido_jurisdiccion'
2026-07-02 17:51:29 - matching_padroncharcas - INFO - 
============================================================
2026-07-02 17:51:29 - matching_padroncharcas - INFO - Processing rowID=7489: 'Pisuani' -> cleaned: 'pisuani'
2026-07-02 17:51:29 - matching_padroncharcas - INFO -   Token-based candidates: 2
2026-07-02 17:51:29 - matching_padroncharcas - INFO -   Fuzzy matches (score >= 70, limit=500): 2
2026-07-02 17:51:29 - matching_padroncharcas - DEBUG -     gz_id=8000059 'pirhuani' score=0.727 nombre=False saint_only=False terr=region_exact phase=relegated
2026-07-02 17:51:29 - matching_padroncharcas - DEBUG -     gz_id=8000059 'pirhuani' score=0.727 nombre=False saint_only=False terr=region_exact phase=relegated
2026-07-02 17:51:29 - matching_padroncharcas - INFO -   Before dedup: 2 candidates
2026-07-02 17:51:29 - matching_padroncharcas - INFO -   After dedup: 1 unique gz_ids
2026-07-02 17:51:29 - matching_padroncharcas - INFO -   Input has territorial data: True
2026-07-02 17:51:29 - matching_padroncharcas - INFO -   Candidates with territory match: 1
2026-07-02 17:51:29 - matching_padroncharcas - INFO -   After territorial filter (keeping region): 1 candidates
2026-07-02 17:51:29 - matching_padroncharcas - INFO -   Nombre matches (exact on lugar_nombre): 0
2026-07-02 17:51:29 - matching_padroncharcas - INFO -   Saint-only matches: 0
2026-07-02 17:51:29 - matching_padroncharcas - INFO -   Substantive matches: 1
2026-07-02 17:51:29 - matching_padroncharcas - INFO -   Candidate pool (>= threshold): 0
2026-07-02 17:51:29 - matching_padroncharcas - WARNING -   No candidate above threshold - relegated
2026-07-02 17:51:29 - matching_padroncharcas - INFO - 
============================================================
2026-07-02 17:51:29 - matching_padroncharcas - INFO - Processing rowID=7489: 'Pisuani' -> cleaned: 'pisuani'
2026-07-02 17:51:29 - matching_padroncharcas - INFO -   Token-based candidates: 2
2026-07-02 17:51:29 - matching_padroncharcas - INFO -   Fuzzy matches (score >= 70, limit=500): 2
2026-07-02 17:51:29 - matching_padroncharcas - DEBUG -     gz_id=8000059 'pirhuani' score=0.727 nombre=False saint_only=False terr=region_exact phase=relegated
2026-07-02 17:51:29 - matching_padroncharcas - DEBUG -     gz_id=8000059 'pirhuani' score=0.727 nombre=False saint_only=False terr=region_exact phase=relegated
2026-07-02 17:51:29 - matching_padroncharcas - INFO -   Before dedup: 2 candidates
2026-07-02 17:51:29 - matching_padroncharcas - INFO -   After dedup: 1 unique gz_ids
2026-07-02 17:51:29 - matching_padroncharcas - INFO -   Input has territorial data: True
2026-07-02 17:51:29 - matching_padroncharcas - INFO -   Candidates with territory match: 1
2026-07-02 17:51:29 - matching_padroncharcas - INFO -   After territorial filter (keeping region): 1 candidates
2026-07-02 17:51:29 - matching_padroncharcas - INFO -   Nombre matches (exact on lugar_nombre): 0
2026-07-02 17:51:29 - matching_padroncharcas - INFO -   Saint-only matches: 0
2026-07-02 17:51:29 - matching_padroncharcas - INFO -   Substantive matches: 1
2026-07-02 17:51:29 - matching_padroncharcas - INFO -   Candidate pool (>= threshold): 0
2026-07-02 17:51:29 - matching_padroncharcas - WARNING -   No candidate above threshold - relegated
2026-07-02 17:51:29 - matching_padroncharcas - INFO - 
============================================================
2026-07-02 17:51:29 - matching_padroncharcas - INFO - Processing rowID=7489: 'Pisuani' -> cleaned: 'pisuani'
2026-07-02 17:51:29 - matching_padroncharcas - INFO -   Token-based candidates: 2
2026-07-02 17:51:29 - matching_padroncharcas - INFO -   Fuzzy matches (score >= 70, limit=500): 2
2026-07-02 17:51:29 - matching_padroncharcas - DEBUG -     gz_id=8000059 'pirhuani' score=0.727 nombre=False saint_only=False terr=region_exact phase=relegated
2026-07-02 17:51:29 - matching_padroncharcas - DEBUG -     gz_id=8000059 'pirhuani' score=0.727 nombre=False saint_only=False terr=region_exact phase=relegated
2026-07-02 17:51:29 - matching_padroncharcas - INFO -   Before dedup: 2 candidates
2026-07-02 17:51:29 - matching_padroncharcas - INFO -   After dedup: 1 unique gz_ids
2026-07-02 17:51:29 - matching_padroncharcas - INFO -   Input has territorial data: True
2026-07-02 17:51:29 - matching_padroncharcas - INFO -   Candidates with territory match: 1
2026-07-02 17:51:29 - matching_padroncharcas - INFO -   After territorial filter (keeping region): 1 candidates
2026-07-02 17:51:29 - matching_padroncharcas - INFO -   Nombre matches (exact on lugar_nombre): 0
2026-07-02 17:51:29 - matching_padroncharcas - INFO -   Saint-only matches: 0
2026-07-02 17:51:29 - matching_padroncharcas - INFO -   Substantive matches: 1
2026-07-02 17:51:29 - matching_padroncharcas - INFO -   Candidate pool (>= threshold): 0
2026-07-02 17:51:29 - matching_padroncharcas - WARNING -   No candidate above threshold - relegated
2026-07-02 17:51:29 - matching_padroncharcas - INFO - 
============================================================
2026-07-02 17:51:29 - matching_padroncharcas - INFO - Processing rowID=7497: 'Comoraca' -> cleaned: 'comoraca'
2026-07-02 17:51:29 - matching_padroncharcas - INFO -   Token-based candidates: 0
2026-07-02 17:51:29 - matching_padroncharcas - WARNING -   No candidates found - relegated
2026-07-02 17:51:29 - matching_padroncharcas - INFO - 
============================================================
2026-07-02 17:51:29 - matching_padroncharcas - INFO - Processing rowID=7497: 'Comoraca' -> cleaned: 'comoraca'
2026-07-02 17:51:29 - matching_padroncharcas - INFO -   Token-based candidates: 0
2026-07-02 17:51:29 - matching_padroncharcas - WARNING -   No candidates found - relegated
2026-07-02 17:51:29 - matching_padroncharcas - INFO - 
============================================================
2026-07-02 17:51:29 - matching_padroncharcas - INFO - Processing rowID=7497: 'Comoraca' -> cleaned: 'comoraca'
2026-07-02 17:51:29 - matching_padroncharcas - INFO -   Token-based candidates: 0
2026-07-02 17:51:29 - matching_padroncharcas - WARNING -   No candidates found - relegated
2026-07-02 17:51:29 - matching_padroncharcas - INFO - 
============================================================
2026-07-02 17:51:29 - matching_padroncharcas - INFO - Processing rowID=7502: 'Joya' -> cleaned: 'joia'
2026-07-02 17:51:29 - matching_padroncharcas - INFO -   Token-based candidates: 14
2026-07-02 17:51:29 - matching_padroncharcas - INFO -   Fuzzy matches (score >= 70, limit=500): 14
2026-07-02 17:51:29 - matching_padroncharcas - DEBUG -     gz_id=1003850 'ajoia' score=1.000 nombre=False saint_only=False terr= phase=auto_adopt
2026-07-02 17:51:29 - matching_padroncharcas - DEBUG -     gz_id=1003850 'ajoia' score=1.000 nombre=False saint_only=False terr= phase=auto_adopt
2026-07-02 17:51:29 - matching_padroncharcas - DEBUG -     gz_id=1003850 'ajoia' score=1.000 nombre=False saint_only=False terr= phase=auto_adopt
2026-07-02 17:51:29 - matching_padroncharcas - DEBUG -     gz_id=1003850 'ajoia' score=1.000 nombre=False saint_only=False terr= phase=auto_adopt
2026-07-02 17:51:29 - matching_padroncharcas - DEBUG -     gz_id=1000310 'san nicolas joia' score=1.000 nombre=False saint_only=False terr= phase=auto_adopt
2026-07-02 17:51:29 - matching_padroncharcas - DEBUG -     gz_id=1000310 'san nicolas joia' score=1.000 nombre=False saint_only=False terr= phase=auto_adopt
2026-07-02 17:51:29 - matching_padroncharcas - DEBUG -     gz_id=1000310 'san nicolas joia' score=1.000 nombre=False saint_only=False terr= phase=auto_adopt
2026-07-02 17:51:29 - matching_padroncharcas - DEBUG -     gz_id=1000310 'san nicolas joia' score=1.000 nombre=False saint_only=False terr= phase=auto_adopt
2026-07-02 17:51:29 - matching_padroncharcas - DEBUG -     gz_id=1000310 'san nicolas joia' score=1.000 nombre=False saint_only=False terr= phase=auto_adopt
2026-07-02 17:51:29 - matching_padroncharcas - DEBUG -     gz_id=1000385 'atotonilco' score=1.000 nombre=False saint_only=False terr= phase=auto_adopt
2026-07-02 17:51:29 - matching_padroncharcas - DEBUG -     gz_id=1000385 'atotonilco' score=1.000 nombre=False saint_only=False terr= phase=auto_adopt
2026-07-02 17:51:29 - matching_padroncharcas - DEBUG -     gz_id=9900292 'joia' score=1.000 nombre=True saint_only=False terr= phase=auto_adopt
2026-07-02 17:51:29 - matching_padroncharcas - DEBUG -     gz_id=9900292 'joia' score=1.000 nombre=True saint_only=False terr= phase=auto_adopt
2026-07-02 17:51:29 - matching_padroncharcas - DEBUG -     gz_id=1005112 'cebilleta' score=1.000 nombre=False saint_only=False terr= phase=auto_adopt
2026-07-02 17:51:29 - matching_padroncharcas - INFO -   Before dedup: 14 candidates
2026-07-02 17:51:29 - matching_padroncharcas - INFO -   After dedup: 5 unique gz_ids
2026-07-02 17:51:29 - matching_padroncharcas - INFO -   Dropped 5 territory-contradicting candidates
2026-07-02 17:51:29 - matching_padroncharcas - INFO -   Input has territorial data: True
2026-07-02 17:51:29 - matching_padroncharcas - INFO -   Candidates with territory match: 0
2026-07-02 17:51:29 - matching_padroncharcas - INFO -   No territorial filtering applied (no matching territories found)
2026-07-02 17:51:29 - matching_padroncharcas - INFO -   Nombre matches (exact on lugar_nombre): 0
2026-07-02 17:51:29 - matching_padroncharcas - INFO -   Saint-only matches: 0
2026-07-02 17:51:29 - matching_padroncharcas - INFO -   Substantive matches: 0
2026-07-02 17:51:29 - matching_padroncharcas - INFO -   Candidate pool (>= threshold): 0
2026-07-02 17:51:29 - matching_padroncharcas - WARNING -   No candidate above threshold - relegated
2026-07-02 17:51:29 - matching_padroncharcas - INFO - 
============================================================
2026-07-02 17:51:29 - matching_padroncharcas - INFO - Processing rowID=7502: 'Joya' -> cleaned: 'joia'
2026-07-02 17:51:29 - matching_padroncharcas - INFO -   Token-based candidates: 14
2026-07-02 17:51:29 - matching_padroncharcas - INFO -   Fuzzy matches (score >= 70, limit=500): 14
2026-07-02 17:51:29 - matching_padroncharcas - DEBUG -     gz_id=1003850 'ajoia' score=1.000 nombre=False saint_only=False terr= phase=auto_adopt
2026-07-02 17:51:29 - matching_padroncharcas - DEBUG -     gz_id=1003850 'ajoia' score=1.000 nombre=False saint_only=False terr= phase=auto_adopt
2026-07-02 17:51:29 - matching_padroncharcas - DEBUG -     gz_id=1003850 'ajoia' score=1.000 nombre=False saint_only=False terr= phase=auto_adopt
2026-07-02 17:51:29 - matching_padroncharcas - DEBUG -     gz_id=1003850 'ajoia' score=1.000 nombre=False saint_only=False terr= phase=auto_adopt
2026-07-02 17:51:29 - matching_padroncharcas - DEBUG -     gz_id=1000310 'san nicolas joia' score=1.000 nombre=False saint_only=False terr= phase=auto_adopt
2026-07-02 17:51:29 - matching_padroncharcas - DEBUG -     gz_id=1000310 'san nicolas joia' score=1.000 nombre=False saint_only=False terr= phase=auto_adopt
2026-07-02 17:51:29 - matching_padroncharcas - DEBUG -     gz_id=1000310 'san nicolas joia' score=1.000 nombre=False saint_only=False terr= phase=auto_adopt
2026-07-02 17:51:29 - matching_padroncharcas - DEBUG -     gz_id=1000310 'san nicolas joia' score=1.000 nombre=False saint_only=False terr= phase=auto_adopt
2026-07-02 17:51:29 - matching_padroncharcas - DEBUG -     gz_id=1000310 'san nicolas joia' score=1.000 nombre=False saint_only=False terr= phase=auto_adopt
2026-07-02 17:51:29 - matching_padroncharcas - DEBUG -     gz_id=1000385 'atotonilco' score=1.000 nombre=False saint_only=False terr= phase=auto_adopt
2026-07-02 17:51:29 - matching_padroncharcas - DEBUG -     gz_id=1000385 'atotonilco' score=1.000 nombre=False saint_only=False terr= phase=auto_adopt
2026-07-02 17:51:29 - matching_padroncharcas - DEBUG -     gz_id=9900292 'joia' score=1.000 nombre=True saint_only=False terr= phase=auto_adopt
2026-07-02 17:51:29 - matching_padroncharcas - DEBUG -     gz_id=9900292 'joia' score=1.000 nombre=True saint_only=False terr= phase=auto_adopt
2026-07-02 17:51:29 - matching_padroncharcas - DEBUG -     gz_id=1005112 'cebilleta' score=1.000 nombre=False saint_only=False terr= phase=auto_adopt
2026-07-02 17:51:29 - matching_padroncharcas - INFO -   Before dedup: 14 candidates
2026-07-02 17:51:29 - matching_padroncharcas - INFO -   After dedup: 5 unique gz_ids
2026-07-02 17:51:29 - matching_padroncharcas - INFO -   Dropped 5 territory-contradicting candidates
2026-07-02 17:51:29 - matching_padroncharcas - INFO -   Input has territorial data: True
2026-07-02 17:51:29 - matching_padroncharcas - INFO -   Candidates with territory match: 0
2026-07-02 17:51:29 - matching_padroncharcas - INFO -   No territorial filtering applied (no matching territories found)
2026-07-02 17:51:29 - matching_padroncharcas - INFO -   Nombre matches (exact on lugar_nombre): 0
2026-07-02 17:51:29 - matching_padroncharcas - INFO -   Saint-only matches: 0
2026-07-02 17:51:29 - matching_padroncharcas - INFO -   Substantive matches: 0
2026-07-02 17:51:29 - matching_padroncharcas - INFO -   Candidate pool (>= threshold): 0
2026-07-02 17:51:29 - matching_padroncharcas - WARNING -   No candidate above threshold - relegated
2026-07-02 17:51:29 - matching_padroncharcas - INFO - 
============================================================
2026-07-02 17:51:29 - matching_padroncharcas - INFO - Processing rowID=7502: 'Joya' -> cleaned: 'joia'
2026-07-02 17:51:29 - matching_padroncharcas - INFO -   Token-based candidates: 14
2026-07-02 17:51:29 - matching_padroncharcas - INFO -   Fuzzy matches (score >= 70, limit=500): 14
2026-07-02 17:51:29 - matching_padroncharcas - DEBUG -     gz_id=1003850 'ajoia' score=1.000 nombre=False saint_only=False terr= phase=auto_adopt
2026-07-02 17:51:29 - matching_padroncharcas - DEBUG -     gz_id=1003850 'ajoia' score=1.000 nombre=False saint_only=False terr= phase=auto_adopt
2026-07-02 17:51:29 - matching_padroncharcas - DEBUG -     gz_id=1003850 'ajoia' score=1.000 nombre=False saint_only=False terr= phase=auto_adopt
2026-07-02 17:51:29 - matching_padroncharcas - DEBUG -     gz_id=1003850 'ajoia' score=1.000 nombre=False saint_only=False terr= phase=auto_adopt
2026-07-02 17:51:29 - matching_padroncharcas - DEBUG -     gz_id=1000310 'san nicolas joia' score=1.000 nombre=False saint_only=False terr= phase=auto_adopt
2026-07-02 17:51:29 - matching_padroncharcas - DEBUG -     gz_id=1000310 'san nicolas joia' score=1.000 nombre=False saint_only=False terr= phase=auto_adopt
2026-07-02 17:51:29 - matching_padroncharcas - DEBUG -     gz_id=1000310 'san nicolas joia' score=1.000 nombre=False saint_only=False terr= phase=auto_adopt
2026-07-02 17:51:29 - matching_padroncharcas - DEBUG -     gz_id=1000310 'san nicolas joia' score=1.000 nombre=False saint_only=False terr= phase=auto_adopt
2026-07-02 17:51:29 - matching_padroncharcas - DEBUG -     gz_id=1000310 'san nicolas joia' score=1.000 nombre=False saint_only=False terr= phase=auto_adopt
2026-07-02 17:51:29 - matching_padroncharcas - DEBUG -     gz_id=1000385 'atotonilco' score=1.000 nombre=False saint_only=False terr= phase=auto_adopt
2026-07-02 17:51:29 - matching_padroncharcas - DEBUG -     gz_id=1000385 'atotonilco' score=1.000 nombre=False saint_only=False terr= phase=auto_adopt
2026-07-02 17:51:29 - matching_padroncharcas - DEBUG -     gz_id=9900292 'joia' score=1.000 nombre=True saint_only=False terr= phase=auto_adopt
2026-07-02 17:51:29 - matching_padroncharcas - DEBUG -     gz_id=9900292 'joia' score=1.000 nombre=True saint_only=False terr= phase=auto_adopt
2026-07-02 17:51:29 - matching_padroncharcas - DEBUG -     gz_id=1005112 'cebilleta' score=1.000 nombre=False saint_only=False terr= phase=auto_adopt
2026-07-02 17:51:29 - matching_padroncharcas - INFO -   Before dedup: 14 candidates
2026-07-02 17:51:29 - matching_padroncharcas - INFO -   After dedup: 5 unique gz_ids
2026-07-02 17:51:29 - matching_padroncharcas - INFO -   Dropped 5 territory-contradicting candidates
2026-07-02 17:51:29 - matching_padroncharcas - INFO -   Input has territorial data: True
2026-07-02 17:51:29 - matching_padroncharcas - INFO -   Candidates with territory match: 0
2026-07-02 17:51:29 - matching_padroncharcas - INFO -   No territorial filtering applied (no matching territories found)
2026-07-02 17:51:29 - matching_padroncharcas - INFO -   Nombre matches (exact on lugar_nombre): 0
2026-07-02 17:51:29 - matching_padroncharcas - INFO -   Saint-only matches: 0
2026-07-02 17:51:29 - matching_padroncharcas - INFO -   Substantive matches: 0
2026-07-02 17:51:29 - matching_padroncharcas - INFO -   Candidate pool (>= threshold): 0
2026-07-02 17:51:29 - matching_padroncharcas - WARNING -   No candidate above threshold - relegated
2026-07-02 17:51:30 - matching_padroncharcas - INFO - Phase 1b complete: 15 of 26 relegated rows recovered
