2026-07-24 21:49:40 - matching_Stangl_Balmi - INFO - ================================================================================
2026-07-24 21:49:40 - matching_Stangl_Balmi - INFO - Matching process started at 2026-07-24 21:49:40.187316
2026-07-24 21:49:40 - matching_Stangl_Balmi - INFO - ================================================================================
2026-07-24 21:49:48 - matching_Stangl_Balmi - INFO - Index built: 11867 unique tokens, 651 single-char tokens skipped
2026-07-24 21:49:48 - matching_Stangl_Balmi - INFO - Phase 1b: 17 relegated rows to process
2026-07-24 21:49:48 - matching_Stangl_Balmi - INFO - Processing row 0, rowID=1
2026-07-24 21:49:48 - matching_Stangl_Balmi - INFO - 
============================================================
2026-07-24 21:49:48 - matching_Stangl_Balmi - INFO - Processing rowID=1: 'La Coruña' -> cleaned: 'coruna'
2026-07-24 21:49:48 - matching_Stangl_Balmi - INFO -   Token-based candidates: 26
2026-07-24 21:49:48 - matching_Stangl_Balmi - INFO -   Fuzzy matches (score >= 70, limit=500): 26
2026-07-24 21:49:48 - matching_Stangl_Balmi - DEBUG -     gz_id=4000697 'san joce' score=0.909 nombre=False saint_only=False terr= phase=auto_adopt
2026-07-24 21:49:48 - matching_Stangl_Balmi - DEBUG -     gz_id=4000697 'san joce' score=0.909 nombre=False saint_only=False terr= phase=auto_adopt
2026-07-24 21:49:48 - matching_Stangl_Balmi - DEBUG -     gz_id=4000697 'san joce' score=0.909 nombre=False saint_only=False terr= phase=auto_adopt
2026-07-24 21:49:48 - matching_Stangl_Balmi - DEBUG -     gz_id=4000697 'san joce' score=0.909 nombre=False saint_only=False terr= phase=auto_adopt
2026-07-24 21:49:48 - matching_Stangl_Balmi - DEBUG -     gz_id=4000697 'san joce' score=0.909 nombre=False saint_only=False terr= phase=auto_adopt
2026-07-24 21:49:48 - matching_Stangl_Balmi - DEBUG -     gz_id=4000697 'san joce' score=0.909 nombre=False saint_only=False terr= phase=auto_adopt
2026-07-24 21:49:48 - matching_Stangl_Balmi - DEBUG -     gz_id=4000697 'san joce' score=0.909 nombre=False saint_only=False terr= phase=auto_adopt
2026-07-24 21:49:48 - matching_Stangl_Balmi - DEBUG -     gz_id=6000106 'chorunga' score=0.833 nombre=False saint_only=False terr= phase=relegated
2026-07-24 21:49:48 - matching_Stangl_Balmi - DEBUG -     gz_id=6000106 'chorunga' score=0.833 nombre=False saint_only=False terr= phase=relegated
2026-07-24 21:49:48 - matching_Stangl_Balmi - DEBUG -     gz_id=2000149 'san ahustin real corona' score=0.833 nombre=False saint_only=False terr= phase=relegated
2026-07-24 21:49:48 - matching_Stangl_Balmi - DEBUG -     gz_id=2000149 'san ahustin real corona' score=0.833 nombre=False saint_only=False terr= phase=relegated
2026-07-24 21:49:48 - matching_Stangl_Balmi - DEBUG -     gz_id=2000149 'san ahustin real corona' score=0.833 nombre=False saint_only=False terr= phase=relegated
2026-07-24 21:49:48 - matching_Stangl_Balmi - DEBUG -     gz_id=2000149 'san ahustin real corona' score=0.833 nombre=False saint_only=False terr= phase=relegated
2026-07-24 21:49:48 - matching_Stangl_Balmi - DEBUG -     gz_id=8000561 'comuna' score=0.833 nombre=False saint_only=False terr= phase=relegated
2026-07-24 21:49:48 - matching_Stangl_Balmi - DEBUG -     gz_id=8000561 'comuna' score=0.833 nombre=False saint_only=False terr= phase=relegated
2026-07-24 21:49:48 - matching_Stangl_Balmi - DEBUG -     gz_id=4000418 'real corona' score=0.833 nombre=False saint_only=False terr= phase=relegated
2026-07-24 21:49:48 - matching_Stangl_Balmi - DEBUG -     gz_id=4000418 'real corona' score=0.833 nombre=False saint_only=False terr= phase=relegated
2026-07-24 21:49:48 - matching_Stangl_Balmi - DEBUG -     gz_id=4000418 'real corona' score=0.833 nombre=False saint_only=False terr= phase=relegated
2026-07-24 21:49:48 - matching_Stangl_Balmi - DEBUG -     gz_id=4000418 'real corona' score=0.833 nombre=False saint_only=False terr= phase=relegated
2026-07-24 21:49:48 - matching_Stangl_Balmi - DEBUG -     gz_id=4000418 'real corona' score=0.833 nombre=False saint_only=False terr= phase=relegated
2026-07-24 21:49:48 - matching_Stangl_Balmi - DEBUG -     gz_id=4000418 'real corona' score=0.833 nombre=False saint_only=False terr= phase=relegated
2026-07-24 21:49:48 - matching_Stangl_Balmi - DEBUG -     gz_id=4000418 'real corona' score=0.833 nombre=False saint_only=False terr= phase=relegated
2026-07-24 21:49:48 - matching_Stangl_Balmi - DEBUG -     gz_id=2000751 'magdalena' score=0.833 nombre=False saint_only=False terr= phase=relegated
2026-07-24 21:49:48 - matching_Stangl_Balmi - DEBUG -     gz_id=2000751 'magdalena' score=0.833 nombre=False saint_only=False terr= phase=relegated
2026-07-24 21:49:48 - matching_Stangl_Balmi - DEBUG -     gz_id=1000407 'san diego' score=0.800 nombre=False saint_only=False terr= phase=relegated
2026-07-24 21:49:48 - matching_Stangl_Balmi - DEBUG -     gz_id=1000407 'san diego' score=0.800 nombre=False saint_only=False terr= phase=relegated
2026-07-24 21:49:48 - matching_Stangl_Balmi - INFO -   Before dedup: 26 candidates
2026-07-24 21:49:48 - matching_Stangl_Balmi - INFO -   After dedup: 7 unique gz_ids
2026-07-24 21:49:48 - matching_Stangl_Balmi - INFO -   Dropped 7 territory-contradicting candidates
2026-07-24 21:49:48 - matching_Stangl_Balmi - INFO -   Input has territorial data: True
2026-07-24 21:49:48 - matching_Stangl_Balmi - INFO -   Candidates with territory match: 0
2026-07-24 21:49:48 - matching_Stangl_Balmi - INFO -   No territorial filtering applied (no matching territories found)
2026-07-24 21:49:48 - matching_Stangl_Balmi - INFO -   Nombre matches (exact on lugar_nombre): 0
2026-07-24 21:49:48 - matching_Stangl_Balmi - INFO -   Saint-only matches: 0
2026-07-24 21:49:48 - matching_Stangl_Balmi - INFO -   Substantive matches: 0
2026-07-24 21:49:48 - matching_Stangl_Balmi - INFO -   Candidate pool (>= threshold): 0
2026-07-24 21:49:48 - matching_Stangl_Balmi - WARNING -   No candidate above threshold - relegated
2026-07-24 21:49:48 - matching_Stangl_Balmi - INFO - Processing row 0, rowID=1
2026-07-24 21:49:48 - matching_Stangl_Balmi - INFO - 
============================================================
2026-07-24 21:49:48 - matching_Stangl_Balmi - INFO - Processing rowID=1: 'La Coruña' -> cleaned: 'coruna'
2026-07-24 21:49:48 - matching_Stangl_Balmi - INFO -   Token-based candidates: 26
2026-07-24 21:49:48 - matching_Stangl_Balmi - INFO -   Fuzzy matches (score >= 70, limit=500): 26
2026-07-24 21:49:48 - matching_Stangl_Balmi - DEBUG -     gz_id=4000697 'san joce' score=0.909 nombre=False saint_only=False terr= phase=auto_adopt
2026-07-24 21:49:48 - matching_Stangl_Balmi - DEBUG -     gz_id=4000697 'san joce' score=0.909 nombre=False saint_only=False terr= phase=auto_adopt
2026-07-24 21:49:48 - matching_Stangl_Balmi - DEBUG -     gz_id=4000697 'san joce' score=0.909 nombre=False saint_only=False terr= phase=auto_adopt
2026-07-24 21:49:48 - matching_Stangl_Balmi - DEBUG -     gz_id=4000697 'san joce' score=0.909 nombre=False saint_only=False terr= phase=auto_adopt
2026-07-24 21:49:48 - matching_Stangl_Balmi - DEBUG -     gz_id=4000697 'san joce' score=0.909 nombre=False saint_only=False terr= phase=auto_adopt
2026-07-24 21:49:48 - matching_Stangl_Balmi - DEBUG -     gz_id=4000697 'san joce' score=0.909 nombre=False saint_only=False terr= phase=auto_adopt
2026-07-24 21:49:48 - matching_Stangl_Balmi - DEBUG -     gz_id=4000697 'san joce' score=0.909 nombre=False saint_only=False terr= phase=auto_adopt
2026-07-24 21:49:48 - matching_Stangl_Balmi - DEBUG -     gz_id=6000106 'chorunga' score=0.833 nombre=False saint_only=False terr= phase=relegated
2026-07-24 21:49:48 - matching_Stangl_Balmi - DEBUG -     gz_id=6000106 'chorunga' score=0.833 nombre=False saint_only=False terr= phase=relegated
2026-07-24 21:49:48 - matching_Stangl_Balmi - DEBUG -     gz_id=2000149 'san ahustin real corona' score=0.833 nombre=False saint_only=False terr= phase=relegated
2026-07-24 21:49:48 - matching_Stangl_Balmi - DEBUG -     gz_id=2000149 'san ahustin real corona' score=0.833 nombre=False saint_only=False terr= phase=relegated
2026-07-24 21:49:48 - matching_Stangl_Balmi - DEBUG -     gz_id=2000149 'san ahustin real corona' score=0.833 nombre=False saint_only=False terr= phase=relegated
2026-07-24 21:49:48 - matching_Stangl_Balmi - DEBUG -     gz_id=2000149 'san ahustin real corona' score=0.833 nombre=False saint_only=False terr= phase=relegated
2026-07-24 21:49:48 - matching_Stangl_Balmi - DEBUG -     gz_id=8000561 'comuna' score=0.833 nombre=False saint_only=False terr= phase=relegated
2026-07-24 21:49:48 - matching_Stangl_Balmi - DEBUG -     gz_id=8000561 'comuna' score=0.833 nombre=False saint_only=False terr= phase=relegated
2026-07-24 21:49:48 - matching_Stangl_Balmi - DEBUG -     gz_id=4000418 'real corona' score=0.833 nombre=False saint_only=False terr= phase=relegated
2026-07-24 21:49:48 - matching_Stangl_Balmi - DEBUG -     gz_id=4000418 'real corona' score=0.833 nombre=False saint_only=False terr= phase=relegated
2026-07-24 21:49:48 - matching_Stangl_Balmi - DEBUG -     gz_id=4000418 'real corona' score=0.833 nombre=False saint_only=False terr= phase=relegated
2026-07-24 21:49:48 - matching_Stangl_Balmi - DEBUG -     gz_id=4000418 'real corona' score=0.833 nombre=False saint_only=False terr= phase=relegated
2026-07-24 21:49:48 - matching_Stangl_Balmi - DEBUG -     gz_id=4000418 'real corona' score=0.833 nombre=False saint_only=False terr= phase=relegated
2026-07-24 21:49:48 - matching_Stangl_Balmi - DEBUG -     gz_id=4000418 'real corona' score=0.833 nombre=False saint_only=False terr= phase=relegated
2026-07-24 21:49:48 - matching_Stangl_Balmi - DEBUG -     gz_id=4000418 'real corona' score=0.833 nombre=False saint_only=False terr= phase=relegated
2026-07-24 21:49:48 - matching_Stangl_Balmi - DEBUG -     gz_id=2000751 'magdalena' score=0.833 nombre=False saint_only=False terr= phase=relegated
2026-07-24 21:49:48 - matching_Stangl_Balmi - DEBUG -     gz_id=2000751 'magdalena' score=0.833 nombre=False saint_only=False terr= phase=relegated
2026-07-24 21:49:48 - matching_Stangl_Balmi - DEBUG -     gz_id=1000407 'san diego' score=0.800 nombre=False saint_only=False terr= phase=relegated
2026-07-24 21:49:48 - matching_Stangl_Balmi - DEBUG -     gz_id=1000407 'san diego' score=0.800 nombre=False saint_only=False terr= phase=relegated
2026-07-24 21:49:48 - matching_Stangl_Balmi - INFO -   Before dedup: 26 candidates
2026-07-24 21:49:48 - matching_Stangl_Balmi - INFO -   After dedup: 7 unique gz_ids
2026-07-24 21:49:48 - matching_Stangl_Balmi - INFO -   Dropped 7 territory-contradicting candidates
2026-07-24 21:49:48 - matching_Stangl_Balmi - INFO -   Input has territorial data: True
2026-07-24 21:49:48 - matching_Stangl_Balmi - INFO -   Candidates with territory match: 0
2026-07-24 21:49:48 - matching_Stangl_Balmi - INFO -   No territorial filtering applied (no matching territories found)
2026-07-24 21:49:48 - matching_Stangl_Balmi - INFO -   Nombre matches (exact on lugar_nombre): 0
2026-07-24 21:49:48 - matching_Stangl_Balmi - INFO -   Saint-only matches: 0
2026-07-24 21:49:48 - matching_Stangl_Balmi - INFO -   Substantive matches: 0
2026-07-24 21:49:48 - matching_Stangl_Balmi - INFO -   Candidate pool (>= threshold): 0
2026-07-24 21:49:48 - matching_Stangl_Balmi - WARNING -   No candidate above threshold - relegated
2026-07-24 21:49:48 - matching_Stangl_Balmi - INFO - Processing row 0, rowID=1
2026-07-24 21:49:48 - matching_Stangl_Balmi - INFO - 
============================================================
2026-07-24 21:49:48 - matching_Stangl_Balmi - INFO - Processing rowID=1: 'La Coruña' -> cleaned: 'coruna'
2026-07-24 21:49:48 - matching_Stangl_Balmi - INFO -   Token-based candidates: 26
2026-07-24 21:49:48 - matching_Stangl_Balmi - INFO -   Fuzzy matches (score >= 70, limit=500): 26
2026-07-24 21:49:48 - matching_Stangl_Balmi - DEBUG -     gz_id=4000697 'san joce' score=0.909 nombre=False saint_only=False terr= phase=auto_adopt
2026-07-24 21:49:48 - matching_Stangl_Balmi - DEBUG -     gz_id=4000697 'san joce' score=0.909 nombre=False saint_only=False terr= phase=auto_adopt
2026-07-24 21:49:48 - matching_Stangl_Balmi - DEBUG -     gz_id=4000697 'san joce' score=0.909 nombre=False saint_only=False terr= phase=auto_adopt
2026-07-24 21:49:48 - matching_Stangl_Balmi - DEBUG -     gz_id=4000697 'san joce' score=0.909 nombre=False saint_only=False terr= phase=auto_adopt
2026-07-24 21:49:48 - matching_Stangl_Balmi - DEBUG -     gz_id=4000697 'san joce' score=0.909 nombre=False saint_only=False terr= phase=auto_adopt
2026-07-24 21:49:48 - matching_Stangl_Balmi - DEBUG -     gz_id=4000697 'san joce' score=0.909 nombre=False saint_only=False terr= phase=auto_adopt
2026-07-24 21:49:48 - matching_Stangl_Balmi - DEBUG -     gz_id=4000697 'san joce' score=0.909 nombre=False saint_only=False terr= phase=auto_adopt
2026-07-24 21:49:48 - matching_Stangl_Balmi - DEBUG -     gz_id=6000106 'chorunga' score=0.833 nombre=False saint_only=False terr= phase=relegated
2026-07-24 21:49:48 - matching_Stangl_Balmi - DEBUG -     gz_id=6000106 'chorunga' score=0.833 nombre=False saint_only=False terr= phase=relegated
2026-07-24 21:49:48 - matching_Stangl_Balmi - DEBUG -     gz_id=2000149 'san ahustin real corona' score=0.833 nombre=False saint_only=False terr= phase=relegated
2026-07-24 21:49:48 - matching_Stangl_Balmi - DEBUG -     gz_id=2000149 'san ahustin real corona' score=0.833 nombre=False saint_only=False terr= phase=relegated
2026-07-24 21:49:48 - matching_Stangl_Balmi - DEBUG -     gz_id=2000149 'san ahustin real corona' score=0.833 nombre=False saint_only=False terr= phase=relegated
2026-07-24 21:49:48 - matching_Stangl_Balmi - DEBUG -     gz_id=2000149 'san ahustin real corona' score=0.833 nombre=False saint_only=False terr= phase=relegated
2026-07-24 21:49:48 - matching_Stangl_Balmi - DEBUG -     gz_id=8000561 'comuna' score=0.833 nombre=False saint_only=False terr= phase=relegated
2026-07-24 21:49:48 - matching_Stangl_Balmi - DEBUG -     gz_id=8000561 'comuna' score=0.833 nombre=False saint_only=False terr= phase=relegated
2026-07-24 21:49:48 - matching_Stangl_Balmi - DEBUG -     gz_id=4000418 'real corona' score=0.833 nombre=False saint_only=False terr= phase=relegated
2026-07-24 21:49:48 - matching_Stangl_Balmi - DEBUG -     gz_id=4000418 'real corona' score=0.833 nombre=False saint_only=False terr= phase=relegated
2026-07-24 21:49:48 - matching_Stangl_Balmi - DEBUG -     gz_id=4000418 'real corona' score=0.833 nombre=False saint_only=False terr= phase=relegated
2026-07-24 21:49:48 - matching_Stangl_Balmi - DEBUG -     gz_id=4000418 'real corona' score=0.833 nombre=False saint_only=False terr= phase=relegated
2026-07-24 21:49:48 - matching_Stangl_Balmi - DEBUG -     gz_id=4000418 'real corona' score=0.833 nombre=False saint_only=False terr= phase=relegated
2026-07-24 21:49:48 - matching_Stangl_Balmi - DEBUG -     gz_id=4000418 'real corona' score=0.833 nombre=False saint_only=False terr= phase=relegated
2026-07-24 21:49:48 - matching_Stangl_Balmi - DEBUG -     gz_id=4000418 'real corona' score=0.833 nombre=False saint_only=False terr= phase=relegated
2026-07-24 21:49:48 - matching_Stangl_Balmi - DEBUG -     gz_id=2000751 'magdalena' score=0.833 nombre=False saint_only=False terr= phase=relegated
2026-07-24 21:49:48 - matching_Stangl_Balmi - DEBUG -     gz_id=2000751 'magdalena' score=0.833 nombre=False saint_only=False terr= phase=relegated
2026-07-24 21:49:48 - matching_Stangl_Balmi - DEBUG -     gz_id=1000407 'san diego' score=0.800 nombre=False saint_only=False terr= phase=relegated
2026-07-24 21:49:48 - matching_Stangl_Balmi - DEBUG -     gz_id=1000407 'san diego' score=0.800 nombre=False saint_only=False terr= phase=relegated
2026-07-24 21:49:48 - matching_Stangl_Balmi - INFO -   Before dedup: 26 candidates
2026-07-24 21:49:48 - matching_Stangl_Balmi - INFO -   After dedup: 7 unique gz_ids
2026-07-24 21:49:48 - matching_Stangl_Balmi - INFO -   Dropped 7 territory-contradicting candidates
2026-07-24 21:49:48 - matching_Stangl_Balmi - INFO -   Input has territorial data: True
2026-07-24 21:49:48 - matching_Stangl_Balmi - INFO -   Candidates with territory match: 0
2026-07-24 21:49:48 - matching_Stangl_Balmi - INFO -   No territorial filtering applied (no matching territories found)
2026-07-24 21:49:48 - matching_Stangl_Balmi - INFO -   Nombre matches (exact on lugar_nombre): 0
2026-07-24 21:49:48 - matching_Stangl_Balmi - INFO -   Saint-only matches: 0
2026-07-24 21:49:48 - matching_Stangl_Balmi - INFO -   Substantive matches: 0
2026-07-24 21:49:48 - matching_Stangl_Balmi - INFO -   Candidate pool (>= threshold): 0
2026-07-24 21:49:48 - matching_Stangl_Balmi - WARNING -   No candidate above threshold - relegated
2026-07-24 21:49:48 - matching_Stangl_Balmi - INFO - 
============================================================
2026-07-24 21:49:48 - matching_Stangl_Balmi - INFO - Processing rowID=2: 'Santa Cruz de Tenerife' -> cleaned: 'santa crus tenerife'
2026-07-24 21:49:49 - matching_Stangl_Balmi - INFO -   Token-based candidates: 3032
2026-07-24 21:49:49 - matching_Stangl_Balmi - INFO -   Filtering: need match on substantive tokens: ['tenerife', 'crus'] OR 2+ total tokens
2026-07-24 21:49:49 - matching_Stangl_Balmi - INFO -   After filtering weak token matches: 425 candidates
2026-07-24 21:49:49 - matching_Stangl_Balmi - INFO -   Fuzzy matches (score >= 70, limit=500): 407
2026-07-24 21:49:49 - matching_Stangl_Balmi - DEBUG -     gz_id=1003514 'santa crus' score=1.000 nombre=False saint_only=False terr= phase=auto_adopt
2026-07-24 21:49:49 - matching_Stangl_Balmi - DEBUG -     gz_id=1003514 'santa crus' score=1.000 nombre=False saint_only=False terr= phase=auto_adopt
2026-07-24 21:49:49 - matching_Stangl_Balmi - DEBUG -     gz_id=5600673 'crus' score=1.000 nombre=False saint_only=False terr= phase=auto_adopt
2026-07-24 21:49:49 - matching_Stangl_Balmi - DEBUG -     gz_id=5600673 'crus' score=1.000 nombre=False saint_only=False terr= phase=auto_adopt
2026-07-24 21:49:49 - matching_Stangl_Balmi - DEBUG -     gz_id=5600673 'crus' score=1.000 nombre=False saint_only=False terr= phase=auto_adopt
2026-07-24 21:49:49 - matching_Stangl_Balmi - DEBUG -     gz_id=1000313 'santa crus' score=1.000 nombre=False saint_only=False terr= phase=auto_adopt
2026-07-24 21:49:49 - matching_Stangl_Balmi - DEBUG -     gz_id=1000313 'santa crus' score=1.000 nombre=False saint_only=False terr= phase=auto_adopt
2026-07-24 21:49:49 - matching_Stangl_Balmi - DEBUG -     gz_id=1000313 'santa crus' score=1.000 nombre=False saint_only=False terr= phase=auto_adopt
2026-07-24 21:49:49 - matching_Stangl_Balmi - DEBUG -     gz_id=1000313 'santa crus' score=1.000 nombre=False saint_only=False terr= phase=auto_adopt
2026-07-24 21:49:49 - matching_Stangl_Balmi - DEBUG -     gz_id=1000313 'santa crus' score=1.000 nombre=False saint_only=False terr= phase=auto_adopt
2026-07-24 21:49:49 - matching_Stangl_Balmi - DEBUG -     gz_id=1000351 'santa crus' score=1.000 nombre=False saint_only=False terr= phase=auto_adopt
2026-07-24 21:49:49 - matching_Stangl_Balmi - DEBUG -     gz_id=1000351 'santa crus' score=1.000 nombre=False saint_only=False terr= phase=auto_adopt
2026-07-24 21:49:49 - matching_Stangl_Balmi - DEBUG -     gz_id=1000498 'santa crus' score=1.000 nombre=False saint_only=False terr= phase=auto_adopt
2026-07-24 21:49:49 - matching_Stangl_Balmi - DEBUG -     gz_id=1000498 'santa crus' score=1.000 nombre=False saint_only=False terr= phase=auto_adopt
2026-07-24 21:49:49 - matching_Stangl_Balmi - DEBUG -     gz_id=9900004 'santa crus' score=1.000 nombre=False saint_only=False terr= phase=auto_adopt
2026-07-24 21:49:49 - matching_Stangl_Balmi - DEBUG -     gz_id=1003880 'santa crus' score=1.000 nombre=False saint_only=False terr= phase=auto_adopt
2026-07-24 21:49:49 - matching_Stangl_Balmi - DEBUG -     gz_id=1003880 'santa crus' score=1.000 nombre=False saint_only=False terr= phase=auto_adopt
2026-07-24 21:49:49 - matching_Stangl_Balmi - DEBUG -     gz_id=1003880 'santa crus' score=1.000 nombre=False saint_only=False terr= phase=auto_adopt
2026-07-24 21:49:49 - matching_Stangl_Balmi - DEBUG -     gz_id=1003880 'santa crus' score=1.000 nombre=False saint_only=False terr= phase=auto_adopt
2026-07-24 21:49:49 - matching_Stangl_Balmi - DEBUG -     gz_id=1003880 'santa crus' score=1.000 nombre=False saint_only=False terr= phase=auto_adopt
2026-07-24 21:49:49 - matching_Stangl_Balmi - DEBUG -     gz_id=1003912 'santa crus' score=1.000 nombre=False saint_only=False terr= phase=auto_adopt
2026-07-24 21:49:49 - matching_Stangl_Balmi - DEBUG -     gz_id=1003912 'santa crus' score=1.000 nombre=False saint_only=False terr= phase=auto_adopt
2026-07-24 21:49:49 - matching_Stangl_Balmi - DEBUG -     gz_id=1003912 'santa crus' score=1.000 nombre=False saint_only=False terr= phase=auto_adopt
2026-07-24 21:49:49 - matching_Stangl_Balmi - DEBUG -     gz_id=1003912 'santa crus' score=1.000 nombre=False saint_only=False terr= phase=auto_adopt
2026-07-24 21:49:49 - matching_Stangl_Balmi - DEBUG -     gz_id=1003912 'santa crus' score=1.000 nombre=False saint_only=False terr= phase=auto_adopt
2026-07-24 21:49:49 - matching_Stangl_Balmi - DEBUG -     gz_id=1000607 'santa crus' score=1.000 nombre=False saint_only=False terr= phase=auto_adopt
2026-07-24 21:49:49 - matching_Stangl_Balmi - DEBUG -     gz_id=1000607 'santa crus' score=1.000 nombre=False saint_only=False terr= phase=auto_adopt
2026-07-24 21:49:49 - matching_Stangl_Balmi - DEBUG -     gz_id=1000619 'santa crus' score=1.000 nombre=False saint_only=False terr= phase=auto_adopt
2026-07-24 21:49:49 - matching_Stangl_Balmi - DEBUG -     gz_id=1000619 'santa crus' score=1.000 nombre=False saint_only=False terr= phase=auto_adopt
2026-07-24 21:49:49 - matching_Stangl_Balmi - DEBUG -     gz_id=1000671 'santa crus' score=1.000 nombre=False saint_only=False terr= phase=auto_adopt
2026-07-24 21:49:49 - matching_Stangl_Balmi - DEBUG -     gz_id=1000671 'santa crus' score=1.000 nombre=False saint_only=False terr= phase=auto_adopt
2026-07-24 21:49:49 - matching_Stangl_Balmi - DEBUG -     gz_id=6000527 'santa crus' score=1.000 nombre=False saint_only=False terr= phase=auto_adopt
2026-07-24 21:49:49 - matching_Stangl_Balmi - DEBUG -     gz_id=6000527 'santa crus' score=1.000 nombre=False saint_only=False terr= phase=auto_adopt
2026-07-24 21:49:49 - matching_Stangl_Balmi - DEBUG -     gz_id=9900548 'santa crus' score=1.000 nombre=False saint_only=False terr= phase=auto_adopt
2026-07-24 21:49:49 - matching_Stangl_Balmi - DEBUG -     gz_id=9900548 'santa crus' score=1.000 nombre=False saint_only=False terr= phase=auto_adopt
2026-07-24 21:49:49 - matching_Stangl_Balmi - DEBUG -     gz_id=4000343 'santa crus' score=1.000 nombre=False saint_only=False terr= phase=auto_adopt
2026-07-24 21:49:49 - matching_Stangl_Balmi - DEBUG -     gz_id=4000343 'santa crus' score=1.000 nombre=False saint_only=False terr= phase=auto_adopt
2026-07-24 21:49:49 - matching_Stangl_Balmi - DEBUG -     gz_id=4000343 'santa crus' score=1.000 nombre=False saint_only=False terr= phase=auto_adopt
2026-07-24 21:49:49 - matching_Stangl_Balmi - DEBUG -     gz_id=4000343 'santa crus' score=1.000 nombre=False saint_only=False terr= phase=auto_adopt
2026-07-24 21:49:49 - matching_Stangl_Balmi - DEBUG -     gz_id=4000343 'santa crus' score=1.000 nombre=False saint_only=False terr= phase=auto_adopt
2026-07-24 21:49:49 - matching_Stangl_Balmi - DEBUG -     gz_id=4000343 'santa crus' score=1.000 nombre=False saint_only=False terr= phase=auto_adopt
2026-07-24 21:49:49 - matching_Stangl_Balmi - DEBUG -     gz_id=4000343 'santa crus' score=1.000 nombre=False saint_only=False terr= phase=auto_adopt
2026-07-24 21:49:49 - matching_Stangl_Balmi - DEBUG -     gz_id=6000749 'santa crus' score=1.000 nombre=False saint_only=False terr= phase=auto_adopt
2026-07-24 21:49:49 - matching_Stangl_Balmi - DEBUG -     gz_id=6000749 'santa crus' score=1.000 nombre=False saint_only=False terr= phase=auto_adopt
2026-07-24 21:49:49 - matching_Stangl_Balmi - DEBUG -     gz_id=9900686 'santa crus' score=1.000 nombre=False saint_only=False terr= phase=auto_adopt
2026-07-24 21:49:49 - matching_Stangl_Balmi - DEBUG -     gz_id=9900686 'santa crus' score=1.000 nombre=False saint_only=False terr= phase=auto_adopt
2026-07-24 21:49:49 - matching_Stangl_Balmi - DEBUG -     gz_id=9900686 'santa crus' score=1.000 nombre=False saint_only=False terr= phase=auto_adopt
2026-07-24 21:49:49 - matching_Stangl_Balmi - DEBUG -     gz_id=9900686 'santa crus' score=1.000 nombre=False saint_only=False terr= phase=auto_adopt
2026-07-24 21:49:49 - matching_Stangl_Balmi - DEBUG -     gz_id=6000798 'santa crus' score=1.000 nombre=False saint_only=False terr= phase=auto_adopt
2026-07-24 21:49:49 - matching_Stangl_Balmi - DEBUG -     gz_id=6000798 'santa crus' score=1.000 nombre=False saint_only=False terr= phase=auto_adopt
2026-07-24 21:49:49 - matching_Stangl_Balmi - DEBUG -     gz_id=1001130 'santa crus' score=1.000 nombre=False saint_only=False terr= phase=auto_adopt
2026-07-24 21:49:49 - matching_Stangl_Balmi - DEBUG -     gz_id=1001130 'santa crus' score=1.000 nombre=False saint_only=False terr= phase=auto_adopt
2026-07-24 21:49:49 - matching_Stangl_Balmi - DEBUG -     gz_id=4000471 'santa crus' score=1.000 nombre=False saint_only=False terr= phase=auto_adopt
2026-07-24 21:49:49 - matching_Stangl_Balmi - DEBUG -     gz_id=4000471 'santa crus' score=1.000 nombre=False saint_only=False terr= phase=auto_adopt
2026-07-24 21:49:49 - matching_Stangl_Balmi - DEBUG -     gz_id=4000471 'santa crus' score=1.000 nombre=False saint_only=False terr= phase=auto_adopt
2026-07-24 21:49:49 - matching_Stangl_Balmi - DEBUG -     gz_id=9900915 'santa crus' score=1.000 nombre=False saint_only=False terr= phase=auto_adopt
2026-07-24 21:49:49 - matching_Stangl_Balmi - DEBUG -     gz_id=1004677 'santa crus' score=1.000 nombre=False saint_only=False terr= phase=auto_adopt
2026-07-24 21:49:49 - matching_Stangl_Balmi - DEBUG -     gz_id=1004677 'santa crus' score=1.000 nombre=False saint_only=False terr= phase=auto_adopt
2026-07-24 21:49:49 - matching_Stangl_Balmi - DEBUG -     gz_id=1004677 'santa crus' score=1.000 nombre=False saint_only=False terr= phase=auto_adopt
2026-07-24 21:49:49 - matching_Stangl_Balmi - DEBUG -     gz_id=9901006 'crus' score=1.000 nombre=False saint_only=False terr= phase=auto_adopt
2026-07-24 21:49:49 - matching_Stangl_Balmi - DEBUG -     gz_id=9901006 'crus' score=1.000 nombre=False saint_only=False terr= phase=auto_adopt
2026-07-24 21:49:49 - matching_Stangl_Balmi - DEBUG -     gz_id=9901006 'crus' score=1.000 nombre=False saint_only=False terr= phase=auto_adopt
2026-07-24 21:49:49 - matching_Stangl_Balmi - DEBUG -     gz_id=9901006 'crus' score=1.000 nombre=False saint_only=False terr= phase=auto_adopt
2026-07-24 21:49:49 - matching_Stangl_Balmi - DEBUG -     gz_id=9901006 'crus' score=1.000 nombre=False saint_only=False terr= phase=auto_adopt
2026-07-24 21:49:49 - matching_Stangl_Balmi - DEBUG -     gz_id=9901006 'crus' score=1.000 nombre=False saint_only=False terr= phase=auto_adopt
2026-07-24 21:49:49 - matching_Stangl_Balmi - DEBUG -     gz_id=9901006 'crus' score=1.000 nombre=False saint_only=False terr= phase=auto_adopt
2026-07-24 21:49:49 - matching_Stangl_Balmi - DEBUG -     gz_id=1004755 'santa crus' score=1.000 nombre=False saint_only=False terr= phase=auto_adopt
2026-07-24 21:49:49 - matching_Stangl_Balmi - DEBUG -     gz_id=1004755 'santa crus' score=1.000 nombre=False saint_only=False terr= phase=auto_adopt
2026-07-24 21:49:49 - matching_Stangl_Balmi - DEBUG -     gz_id=6001360 'santa crus' score=1.000 nombre=False saint_only=False terr= phase=auto_adopt
2026-07-24 21:49:49 - matching_Stangl_Balmi - DEBUG -     gz_id=6001360 'santa crus' score=1.000 nombre=False saint_only=False terr= phase=auto_adopt
2026-07-24 21:49:49 - matching_Stangl_Balmi - DEBUG -     gz_id=6001360 'santa crus' score=1.000 nombre=False saint_only=False terr= phase=auto_adopt
2026-07-24 21:49:49 - matching_Stangl_Balmi - DEBUG -     gz_id=5000065 'tenerife' score=1.000 nombre=False saint_only=False terr= phase=auto_adopt
2026-07-24 21:49:49 - matching_Stangl_Balmi - DEBUG -     gz_id=5000065 'tenerife' score=1.000 nombre=False saint_only=False terr= phase=auto_adopt
2026-07-24 21:49:49 - matching_Stangl_Balmi - DEBUG -     gz_id=5000075 'crus' score=1.000 nombre=False saint_only=False terr= phase=auto_adopt
2026-07-24 21:49:49 - matching_Stangl_Balmi - DEBUG -     gz_id=5000075 'crus' score=1.000 nombre=False saint_only=False terr= phase=auto_adopt
2026-07-24 21:49:49 - matching_Stangl_Balmi - DEBUG -     gz_id=5000075 'crus' score=1.000 nombre=False saint_only=False terr= phase=auto_adopt
2026-07-24 21:49:49 - matching_Stangl_Balmi - DEBUG -     gz_id=5000075 'crus' score=1.000 nombre=False saint_only=False terr= phase=auto_adopt
2026-07-24 21:49:49 - matching_Stangl_Balmi - DEBUG -     gz_id=5000075 'crus' score=1.000 nombre=False saint_only=False terr= phase=auto_adopt
2026-07-24 21:49:49 - matching_Stangl_Balmi - DEBUG -     gz_id=5000111 'santa crus' score=1.000 nombre=False saint_only=False terr= phase=auto_adopt
2026-07-24 21:49:49 - matching_Stangl_Balmi - DEBUG -     gz_id=5000111 'santa crus' score=1.000 nombre=False saint_only=False terr= phase=auto_adopt
2026-07-24 21:49:49 - matching_Stangl_Balmi - DEBUG -     gz_id=6001575 'santa crus' score=1.000 nombre=False saint_only=False terr= phase=auto_adopt
2026-07-24 21:49:49 - matching_Stangl_Balmi - DEBUG -     gz_id=6001575 'santa crus' score=1.000 nombre=False saint_only=False terr= phase=auto_adopt
2026-07-24 21:49:49 - matching_Stangl_Balmi - DEBUG -     gz_id=1001786 'santa crus' score=1.000 nombre=False saint_only=False terr= phase=auto_adopt
2026-07-24 21:49:49 - matching_Stangl_Balmi - DEBUG -     gz_id=1001786 'santa crus' score=1.000 nombre=False saint_only=False terr= phase=auto_adopt
2026-07-24 21:49:49 - matching_Stangl_Balmi - DEBUG -     gz_id=7000128 'santa crus' score=1.000 nombre=False saint_only=False terr= phase=auto_adopt
2026-07-24 21:49:49 - matching_Stangl_Balmi - DEBUG -     gz_id=7000128 'santa crus' score=1.000 nombre=False saint_only=False terr= phase=auto_adopt
2026-07-24 21:49:49 - matching_Stangl_Balmi - DEBUG -     gz_id=7000128 'santa crus' score=1.000 nombre=False saint_only=False terr= phase=auto_adopt
2026-07-24 21:49:49 - matching_Stangl_Balmi - DEBUG -     gz_id=1005200 'santa crus' score=1.000 nombre=False saint_only=False terr= phase=auto_adopt
2026-07-24 21:49:49 - matching_Stangl_Balmi - DEBUG -     gz_id=1005200 'santa crus' score=1.000 nombre=False saint_only=False terr= phase=auto_adopt
2026-07-24 21:49:49 - matching_Stangl_Balmi - DEBUG -     gz_id=1005263 'santa crus' score=1.000 nombre=False saint_only=False terr= phase=auto_adopt
2026-07-24 21:49:49 - matching_Stangl_Balmi - DEBUG -     gz_id=1005263 'santa crus' score=1.000 nombre=False saint_only=False terr= phase=auto_adopt
2026-07-24 21:49:49 - matching_Stangl_Balmi - DEBUG -     gz_id=8000009 'santa crus' score=1.000 nombre=False saint_only=False terr= phase=candidate
2026-07-24 21:49:49 - matching_Stangl_Balmi - DEBUG -     gz_id=8000009 'santa crus' score=1.000 nombre=False saint_only=False terr= phase=candidate
2026-07-24 21:49:49 - matching_Stangl_Balmi - DEBUG -     gz_id=1005509 'crus' score=1.000 nombre=False saint_only=False terr= phase=auto_adopt
2026-07-24 21:49:49 - matching_Stangl_Balmi - DEBUG -     gz_id=5000829 'crus' score=1.000 nombre=False saint_only=False terr= phase=candidate
2026-07-24 21:49:50 - matching_Stangl_Balmi - DEBUG -     gz_id=5000829 'crus' score=1.000 nombre=False saint_only=False terr= phase=candidate
2026-07-24 21:49:50 - matching_Stangl_Balmi - DEBUG -     gz_id=5000829 'crus' score=1.000 nombre=False saint_only=False terr= phase=candidate
2026-07-24 21:49:50 - matching_Stangl_Balmi - DEBUG -     gz_id=5000829 'crus' score=1.000 nombre=False saint_only=False terr= phase=candidate
2026-07-24 21:49:50 - matching_Stangl_Balmi - DEBUG -     gz_id=1002412 'santa crus' score=1.000 nombre=False saint_only=False terr= phase=auto_adopt
2026-07-24 21:49:50 - matching_Stangl_Balmi - DEBUG -     gz_id=1002412 'santa crus' score=1.000 nombre=False saint_only=False terr= phase=auto_adopt
2026-07-24 21:49:50 - matching_Stangl_Balmi - DEBUG -     gz_id=1002462 'santa crus' score=1.000 nombre=False saint_only=False terr= phase=auto_adopt
2026-07-24 21:49:50 - matching_Stangl_Balmi - DEBUG -     gz_id=1002462 'santa crus' score=1.000 nombre=False saint_only=False terr= phase=auto_adopt
2026-07-24 21:49:50 - matching_Stangl_Balmi - DEBUG -     gz_id=1002612 'santa crus' score=1.000 nombre=False saint_only=False terr= phase=auto_adopt
2026-07-24 21:49:50 - matching_Stangl_Balmi - DEBUG -     gz_id=1002612 'santa crus' score=1.000 nombre=False saint_only=False terr= phase=auto_adopt
2026-07-24 21:49:50 - matching_Stangl_Balmi - DEBUG -     gz_id=5600159 'crus' score=1.000 nombre=False saint_only=False terr= phase=auto_adopt
2026-07-24 21:49:50 - matching_Stangl_Balmi - DEBUG -     gz_id=5600159 'crus' score=1.000 nombre=False saint_only=False terr= phase=auto_adopt
2026-07-24 21:49:50 - matching_Stangl_Balmi - DEBUG -     gz_id=5600159 'crus' score=1.000 nombre=False saint_only=False terr= phase=auto_adopt
2026-07-24 21:49:50 - matching_Stangl_Balmi - DEBUG -     gz_id=1002690 'santa crus' score=1.000 nombre=False saint_only=False terr= phase=auto_adopt
2026-07-24 21:49:50 - matching_Stangl_Balmi - DEBUG -     gz_id=1002690 'santa crus' score=1.000 nombre=False saint_only=False terr= phase=auto_adopt
2026-07-24 21:49:50 - matching_Stangl_Balmi - DEBUG -     gz_id=5600207 'crus' score=1.000 nombre=False saint_only=False terr= phase=auto_adopt
2026-07-24 21:49:50 - matching_Stangl_Balmi - DEBUG -     gz_id=5600207 'crus' score=1.000 nombre=False saint_only=False terr= phase=auto_adopt
2026-07-24 21:49:50 - matching_Stangl_Balmi - DEBUG -     gz_id=5600207 'crus' score=1.000 nombre=False saint_only=False terr= phase=auto_adopt
2026-07-24 21:49:50 - matching_Stangl_Balmi - DEBUG -     gz_id=1002826 'santa crus' score=1.000 nombre=False saint_only=False terr= phase=auto_adopt
2026-07-24 21:49:50 - matching_Stangl_Balmi - DEBUG -     gz_id=1002826 'santa crus' score=1.000 nombre=False saint_only=False terr= phase=auto_adopt
2026-07-24 21:49:50 - matching_Stangl_Balmi - DEBUG -     gz_id=8000680 'santa crus' score=1.000 nombre=False saint_only=False terr= phase=auto_adopt
2026-07-24 21:49:50 - matching_Stangl_Balmi - DEBUG -     gz_id=8000680 'santa crus' score=1.000 nombre=False saint_only=False terr= phase=auto_adopt
2026-07-24 21:49:50 - matching_Stangl_Balmi - DEBUG -     gz_id=8000680 'santa crus' score=1.000 nombre=False saint_only=False terr= phase=auto_adopt
2026-07-24 21:49:50 - matching_Stangl_Balmi - DEBUG -     gz_id=1002912 'santa crus' score=1.000 nombre=False saint_only=False terr= phase=auto_adopt
2026-07-24 21:49:50 - matching_Stangl_Balmi - DEBUG -     gz_id=1002912 'santa crus' score=1.000 nombre=False saint_only=False terr= phase=auto_adopt
2026-07-24 21:49:50 - matching_Stangl_Balmi - DEBUG -     gz_id=9000191 'crus' score=1.000 nombre=False saint_only=False terr= phase=candidate
2026-07-24 21:49:50 - matching_Stangl_Balmi - DEBUG -     gz_id=9000191 'crus' score=1.000 nombre=False saint_only=False terr= phase=candidate
2026-07-24 21:49:50 - matching_Stangl_Balmi - DEBUG -     gz_id=9000191 'crus' score=1.000 nombre=False saint_only=False terr= phase=candidate
2026-07-24 21:49:50 - matching_Stangl_Balmi - DEBUG -     gz_id=9000191 'crus' score=1.000 nombre=False saint_only=False terr= phase=candidate
2026-07-24 21:49:50 - matching_Stangl_Balmi - DEBUG -     gz_id=9000191 'crus' score=1.000 nombre=False saint_only=False terr= phase=candidate
2026-07-24 21:49:50 - matching_Stangl_Balmi - DEBUG -     gz_id=9000191 'crus' score=1.000 nombre=False saint_only=False terr= phase=candidate
2026-07-24 21:49:50 - matching_Stangl_Balmi - DEBUG -     gz_id=5600450 'crus' score=1.000 nombre=False saint_only=False terr= phase=auto_adopt
2026-07-24 21:49:50 - matching_Stangl_Balmi - DEBUG -     gz_id=5600450 'crus' score=1.000 nombre=False saint_only=False terr= phase=auto_adopt
2026-07-24 21:49:50 - matching_Stangl_Balmi - DEBUG -     gz_id=5600450 'crus' score=1.000 nombre=False saint_only=False terr= phase=auto_adopt
2026-07-24 21:49:50 - matching_Stangl_Balmi - DEBUG -     gz_id=9000191 'crus' score=1.000 nombre=False saint_only=False terr= phase=candidate
2026-07-24 21:49:50 - matching_Stangl_Balmi - DEBUG -     gz_id=6000874 'ate' score=0.963 nombre=False saint_only=False terr= phase=auto_adopt
2026-07-24 21:49:50 - matching_Stangl_Balmi - DEBUG -     gz_id=6000874 'ate' score=0.963 nombre=False saint_only=False terr= phase=auto_adopt
2026-07-24 21:49:50 - matching_Stangl_Balmi - DEBUG -     gz_id=1000066 'tepic' score=0.897 nombre=False saint_only=False terr= phase=candidate
2026-07-24 21:49:50 - matching_Stangl_Balmi - DEBUG -     gz_id=1000066 'tepic' score=0.897 nombre=False saint_only=False terr= phase=candidate
2026-07-24 21:49:50 - matching_Stangl_Balmi - DEBUG -     gz_id=1001438 'santa crus monte' score=0.897 nombre=False saint_only=False terr= phase=candidate
2026-07-24 21:49:50 - matching_Stangl_Balmi - DEBUG -     gz_id=1001438 'santa crus monte' score=0.897 nombre=False saint_only=False terr= phase=candidate
2026-07-24 21:49:50 - matching_Stangl_Balmi - DEBUG -     gz_id=1005363 'neira' score=0.875 nombre=False saint_only=False terr= phase=candidate
2026-07-24 21:49:50 - matching_Stangl_Balmi - DEBUG -     gz_id=1005363 'neira' score=0.875 nombre=False saint_only=False terr= phase=candidate
2026-07-24 21:49:50 - matching_Stangl_Balmi - DEBUG -     gz_id=1002543 'jitla' score=0.857 nombre=False saint_only=False terr= phase=candidate
2026-07-24 21:49:50 - matching_Stangl_Balmi - DEBUG -     gz_id=1002543 'jitla' score=0.857 nombre=False saint_only=False terr= phase=candidate
2026-07-24 21:49:50 - matching_Stangl_Balmi - DEBUG -     gz_id=9000023 'santa fe' score=0.857 nombre=False saint_only=False terr= phase=candidate
2026-07-24 21:49:50 - matching_Stangl_Balmi - DEBUG -     gz_id=9000023 'santa fe' score=0.857 nombre=False saint_only=False terr= phase=candidate
2026-07-24 21:49:50 - matching_Stangl_Balmi - DEBUG -     gz_id=9000023 'santa fe' score=0.857 nombre=False saint_only=False terr= phase=candidate
2026-07-24 21:49:50 - matching_Stangl_Balmi - DEBUG -     gz_id=1001925 'temuthe' score=0.848 nombre=False saint_only=False terr= phase=relegated
2026-07-24 21:49:50 - matching_Stangl_Balmi - DEBUG -     gz_id=1001925 'temuthe' score=0.848 nombre=False saint_only=False terr= phase=relegated
2026-07-24 21:49:50 - matching_Stangl_Balmi - DEBUG -     gz_id=7000049 'colchahua' score=0.846 nombre=False saint_only=False terr= phase=relegated
2026-07-24 21:49:50 - matching_Stangl_Balmi - DEBUG -     gz_id=7000049 'colchahua' score=0.846 nombre=False saint_only=False terr= phase=relegated
2026-07-24 21:49:50 - matching_Stangl_Balmi - DEBUG -     gz_id=1005163 'nuca' score=0.846 nombre=False saint_only=False terr= phase=relegated
2026-07-24 21:49:50 - matching_Stangl_Balmi - DEBUG -     gz_id=2000147 'chol' score=0.846 nombre=False saint_only=False terr= phase=relegated
2026-07-24 21:49:50 - matching_Stangl_Balmi - DEBUG -     gz_id=5600024 'puna' score=0.846 nombre=False saint_only=False terr= phase=relegated
2026-07-24 21:49:50 - matching_Stangl_Balmi - DEBUG -     gz_id=5600024 'puna' score=0.846 nombre=False saint_only=False terr= phase=relegated
2026-07-24 21:49:50 - matching_Stangl_Balmi - DEBUG -     gz_id=5600024 'puna' score=0.846 nombre=False saint_only=False terr= phase=relegated
2026-07-24 21:49:50 - matching_Stangl_Balmi - DEBUG -     gz_id=5600024 'puna' score=0.846 nombre=False saint_only=False terr= phase=relegated
2026-07-24 21:49:50 - matching_Stangl_Balmi - DEBUG -     gz_id=5600024 'puna' score=0.846 nombre=False saint_only=False terr= phase=relegated
2026-07-24 21:49:50 - matching_Stangl_Balmi - DEBUG -     gz_id=5600024 'puna' score=0.846 nombre=False saint_only=False terr= phase=relegated
2026-07-24 21:49:50 - matching_Stangl_Balmi - DEBUG -     gz_id=3000331 'san carlos tenerife' score=1.000 nombre=False saint_only=False terr= phase=candidate
2026-07-24 21:49:50 - matching_Stangl_Balmi - DEBUG -     gz_id=3000331 'san carlos tenerife' score=1.000 nombre=False saint_only=False terr= phase=candidate
2026-07-24 21:49:50 - matching_Stangl_Balmi - DEBUG -     gz_id=1000989 'tecamac' score=0.839 nombre=False saint_only=False terr= phase=relegated
2026-07-24 21:49:50 - matching_Stangl_Balmi - DEBUG -     gz_id=1000989 'tecamac' score=0.839 nombre=False saint_only=False terr= phase=relegated
2026-07-24 21:49:50 - matching_Stangl_Balmi - DEBUG -     gz_id=1001474 'tetipac' score=0.839 nombre=False saint_only=False terr= phase=relegated
2026-07-24 21:49:50 - matching_Stangl_Balmi - DEBUG -     gz_id=1001474 'tetipac' score=0.839 nombre=False saint_only=False terr= phase=relegated
2026-07-24 21:49:50 - matching_Stangl_Balmi - DEBUG -     gz_id=7000259 'rancahua' score=0.839 nombre=False saint_only=False terr= phase=relegated
2026-07-24 21:49:50 - matching_Stangl_Balmi - DEBUG -     gz_id=7000259 'rancahua' score=0.839 nombre=False saint_only=False terr= phase=relegated
2026-07-24 21:49:50 - matching_Stangl_Balmi - DEBUG -     gz_id=1002046 'tanaco' score=0.839 nombre=False saint_only=False terr= phase=relegated
2026-07-24 21:49:50 - matching_Stangl_Balmi - DEBUG -     gz_id=1002046 'tanaco' score=0.839 nombre=False saint_only=False terr= phase=relegated
2026-07-24 21:49:50 - matching_Stangl_Balmi - DEBUG -     gz_id=1002046 'tanaco' score=0.839 nombre=False saint_only=False terr= phase=relegated
2026-07-24 21:49:50 - matching_Stangl_Balmi - DEBUG -     gz_id=1003094 'santa crus nueba' score=0.839 nombre=False saint_only=False terr= phase=relegated
2026-07-24 21:49:50 - matching_Stangl_Balmi - DEBUG -     gz_id=1003094 'santa crus nueba' score=0.839 nombre=False saint_only=False terr= phase=relegated
2026-07-24 21:49:50 - matching_Stangl_Balmi - DEBUG -     gz_id=1003098 'tejalpa' score=0.839 nombre=False saint_only=False terr= phase=relegated
2026-07-24 21:49:50 - matching_Stangl_Balmi - DEBUG -     gz_id=1003098 'tejalpa' score=0.839 nombre=False saint_only=False terr= phase=relegated
2026-07-24 21:49:50 - matching_Stangl_Balmi - DEBUG -     gz_id=1002468 'tepenixtlahuaca' score=0.833 nombre=False saint_only=False terr= phase=relegated
2026-07-24 21:49:50 - matching_Stangl_Balmi - DEBUG -     gz_id=1002468 'tepenixtlahuaca' score=0.833 nombre=False saint_only=False terr= phase=relegated
2026-07-24 21:49:50 - matching_Stangl_Balmi - DEBUG -     gz_id=3000231 'ceibo' score=0.828 nombre=False saint_only=False terr= phase=relegated
2026-07-24 21:49:50 - matching_Stangl_Balmi - DEBUG -     gz_id=3000231 'ceibo' score=0.828 nombre=False saint_only=False terr= phase=relegated
2026-07-24 21:49:50 - matching_Stangl_Balmi - DEBUG -     gz_id=1000851 'atoiac' score=0.828 nombre=False saint_only=False terr= phase=relegated
2026-07-24 21:49:50 - matching_Stangl_Balmi - DEBUG -     gz_id=1000851 'atoiac' score=0.828 nombre=False saint_only=False terr= phase=relegated
2026-07-24 21:49:50 - matching_Stangl_Balmi - DEBUG -     gz_id=1000851 'atoiac' score=0.828 nombre=False saint_only=False terr= phase=relegated
2026-07-24 21:49:50 - matching_Stangl_Balmi - DEBUG -     gz_id=1000851 'atoiac' score=0.828 nombre=False saint_only=False terr= phase=relegated
2026-07-24 21:49:50 - matching_Stangl_Balmi - DEBUG -     gz_id=6000938 'santa crus balle' score=0.828 nombre=False saint_only=False terr= phase=relegated
2026-07-24 21:49:50 - matching_Stangl_Balmi - DEBUG -     gz_id=6000938 'santa crus balle' score=0.828 nombre=False saint_only=False terr= phase=relegated
2026-07-24 21:49:50 - matching_Stangl_Balmi - DEBUG -     gz_id=1002843 'taiata' score=0.828 nombre=False saint_only=False terr= phase=relegated
2026-07-24 21:49:50 - matching_Stangl_Balmi - DEBUG -     gz_id=1002843 'taiata' score=0.828 nombre=False saint_only=False terr= phase=relegated
2026-07-24 21:49:50 - matching_Stangl_Balmi - DEBUG -     gz_id=1003968 'nacori' score=0.824 nombre=False saint_only=False terr= phase=relegated
2026-07-24 21:49:50 - matching_Stangl_Balmi - DEBUG -     gz_id=1003968 'nacori' score=0.824 nombre=False saint_only=False terr= phase=relegated
2026-07-24 21:49:50 - matching_Stangl_Balmi - DEBUG -     gz_id=1003968 'nacori' score=0.824 nombre=False saint_only=False terr= phase=relegated
2026-07-24 21:49:50 - matching_Stangl_Balmi - DEBUG -     gz_id=1003968 'nacori' score=0.824 nombre=False saint_only=False terr= phase=relegated
2026-07-24 21:49:50 - matching_Stangl_Balmi - DEBUG -     gz_id=1003968 'nacori' score=0.824 nombre=False saint_only=False terr= phase=relegated
2026-07-24 21:49:50 - matching_Stangl_Balmi - DEBUG -     gz_id=1003968 'nacori' score=0.824 nombre=False saint_only=False terr= phase=relegated
2026-07-24 21:49:50 - matching_Stangl_Balmi - DEBUG -     gz_id=1003968 'nacori' score=0.824 nombre=False saint_only=False terr= phase=relegated
2026-07-24 21:49:50 - matching_Stangl_Balmi - DEBUG -     gz_id=1002242 'nejila' score=0.824 nombre=False saint_only=False terr= phase=relegated
2026-07-24 21:49:50 - matching_Stangl_Balmi - DEBUG -     gz_id=1002242 'nejila' score=0.824 nombre=False saint_only=False terr= phase=relegated
2026-07-24 21:49:50 - matching_Stangl_Balmi - DEBUG -     gz_id=1002920 'tepetotutla' score=0.824 nombre=False saint_only=False terr= phase=relegated
2026-07-24 21:49:50 - matching_Stangl_Balmi - DEBUG -     gz_id=1002920 'tepetotutla' score=0.824 nombre=False saint_only=False terr= phase=relegated
2026-07-24 21:49:50 - matching_Stangl_Balmi - DEBUG -     gz_id=1002920 'tepetotutla' score=0.824 nombre=False saint_only=False terr= phase=relegated
2026-07-24 21:49:50 - matching_Stangl_Balmi - DEBUG -     gz_id=4000267 'nogal' score=0.815 nombre=False saint_only=False terr= phase=relegated
2026-07-24 21:49:50 - matching_Stangl_Balmi - DEBUG -     gz_id=6001270 'lamas' score=0.815 nombre=False saint_only=False terr= phase=relegated
2026-07-24 21:49:50 - matching_Stangl_Balmi - DEBUG -     gz_id=6001270 'lamas' score=0.815 nombre=False saint_only=False terr= phase=relegated
2026-07-24 21:49:50 - matching_Stangl_Balmi - DEBUG -     gz_id=6001270 'lamas' score=0.815 nombre=False saint_only=False terr= phase=relegated
2026-07-24 21:49:50 - matching_Stangl_Balmi - DEBUG -     gz_id=5600304 'santa crus mumus' score=0.815 nombre=False saint_only=False terr= phase=relegated
2026-07-24 21:49:50 - matching_Stangl_Balmi - DEBUG -     gz_id=5600304 'santa crus mumus' score=0.815 nombre=False saint_only=False terr= phase=relegated
2026-07-24 21:49:50 - matching_Stangl_Balmi - DEBUG -     gz_id=3000065 'santa crus pinos' score=0.815 nombre=False saint_only=False terr= phase=relegated
2026-07-24 21:49:50 - matching_Stangl_Balmi - DEBUG -     gz_id=3000065 'santa crus pinos' score=0.815 nombre=False saint_only=False terr= phase=relegated
2026-07-24 21:49:50 - matching_Stangl_Balmi - DEBUG -     gz_id=3000065 'santa crus pinos' score=0.815 nombre=False saint_only=False terr= phase=relegated
2026-07-24 21:49:50 - matching_Stangl_Balmi - DEBUG -     gz_id=3000065 'santa crus pinos' score=0.815 nombre=False saint_only=False terr= phase=relegated
2026-07-24 21:49:50 - matching_Stangl_Balmi - DEBUG -     gz_id=1000207 'matatan' score=0.812 nombre=False saint_only=False terr= phase=relegated
2026-07-24 21:49:50 - matching_Stangl_Balmi - DEBUG -     gz_id=1000207 'matatan' score=0.812 nombre=False saint_only=False terr= phase=relegated
2026-07-24 21:49:50 - matching_Stangl_Balmi - DEBUG -     gz_id=1000207 'matatan' score=0.812 nombre=False saint_only=False terr= phase=relegated
2026-07-24 21:49:50 - matching_Stangl_Balmi - DEBUG -     gz_id=1000207 'matatan' score=0.812 nombre=False saint_only=False terr= phase=relegated
2026-07-24 21:49:50 - matching_Stangl_Balmi - DEBUG -     gz_id=1000207 'matatan' score=0.812 nombre=False saint_only=False terr= phase=relegated
2026-07-24 21:49:50 - matching_Stangl_Balmi - DEBUG -     gz_id=1001528 'texcalapa' score=0.812 nombre=False saint_only=False terr= phase=relegated
2026-07-24 21:49:50 - matching_Stangl_Balmi - DEBUG -     gz_id=1001528 'texcalapa' score=0.812 nombre=False saint_only=False terr= phase=relegated
2026-07-24 21:49:50 - matching_Stangl_Balmi - DEBUG -     gz_id=1001528 'texcalapa' score=0.812 nombre=False saint_only=False terr= phase=relegated
2026-07-24 21:49:50 - matching_Stangl_Balmi - DEBUG -     gz_id=1001528 'texcalapa' score=0.812 nombre=False saint_only=False terr= phase=relegated
2026-07-24 21:49:50 - matching_Stangl_Balmi - DEBUG -     gz_id=1005246 'santa crus rejistro' score=0.812 nombre=False saint_only=False terr= phase=relegated
2026-07-24 21:49:50 - matching_Stangl_Balmi - DEBUG -     gz_id=1005246 'santa crus rejistro' score=0.812 nombre=False saint_only=False terr= phase=relegated
2026-07-24 21:49:50 - matching_Stangl_Balmi - DEBUG -     gz_id=2000185 'comitan' score=0.812 nombre=False saint_only=False terr= phase=relegated
2026-07-24 21:49:50 - matching_Stangl_Balmi - DEBUG -     gz_id=1001073 'alberto' score=0.800 nombre=False saint_only=False terr= phase=relegated
2026-07-24 21:49:50 - matching_Stangl_Balmi - DEBUG -     gz_id=1001073 'alberto' score=0.800 nombre=False saint_only=False terr= phase=relegated
2026-07-24 21:49:50 - matching_Stangl_Balmi - DEBUG -     gz_id=5000409 'urumita' score=0.800 nombre=False saint_only=False terr= phase=relegated
2026-07-24 21:49:50 - matching_Stangl_Balmi - DEBUG -     gz_id=5000409 'urumita' score=0.800 nombre=False saint_only=False terr= phase=relegated
2026-07-24 21:49:50 - matching_Stangl_Balmi - DEBUG -     gz_id=1005386 'nutrias' score=0.800 nombre=False saint_only=False terr= phase=relegated
2026-07-24 21:49:50 - matching_Stangl_Balmi - DEBUG -     gz_id=1005386 'nutrias' score=0.800 nombre=False saint_only=False terr= phase=relegated
2026-07-24 21:49:50 - matching_Stangl_Balmi - DEBUG -     gz_id=1005386 'nutrias' score=0.800 nombre=False saint_only=False terr= phase=relegated
2026-07-24 21:49:50 - matching_Stangl_Balmi - DEBUG -     gz_id=1005386 'nutrias' score=0.800 nombre=False saint_only=False terr= phase=relegated
2026-07-24 21:49:50 - matching_Stangl_Balmi - DEBUG -     gz_id=1005386 'nutrias' score=0.800 nombre=False saint_only=False terr= phase=relegated
2026-07-24 21:49:50 - matching_Stangl_Balmi - DEBUG -     gz_id=2000189 'santa crus quiche' score=0.800 nombre=False saint_only=False terr= phase=relegated
2026-07-24 21:49:50 - matching_Stangl_Balmi - DEBUG -     gz_id=1002839 'tacahua' score=0.800 nombre=False saint_only=False terr= phase=relegated
2026-07-24 21:49:50 - matching_Stangl_Balmi - DEBUG -     gz_id=1002839 'tacahua' score=0.800 nombre=False saint_only=False terr= phase=relegated
2026-07-24 21:49:50 - matching_Stangl_Balmi - DEBUG -     gz_id=1001540 'atisapan' score=0.788 nombre=False saint_only=False terr= phase=relegated
2026-07-24 21:49:50 - matching_Stangl_Balmi - DEBUG -     gz_id=1001540 'atisapan' score=0.788 nombre=False saint_only=False terr= phase=relegated
2026-07-24 21:49:50 - matching_Stangl_Balmi - DEBUG -     gz_id=1001540 'atisapan' score=0.788 nombre=False saint_only=False terr= phase=relegated
2026-07-24 21:49:50 - matching_Stangl_Balmi - DEBUG -     gz_id=1002750 'censontepec' score=0.788 nombre=False saint_only=False terr= phase=relegated
2026-07-24 21:49:50 - matching_Stangl_Balmi - DEBUG -     gz_id=1002750 'censontepec' score=0.788 nombre=False saint_only=False terr= phase=relegated
2026-07-24 21:49:50 - matching_Stangl_Balmi - DEBUG -     gz_id=3000163 'capoli' score=0.786 nombre=False saint_only=False terr= phase=relegated
2026-07-24 21:49:50 - matching_Stangl_Balmi - DEBUG -     gz_id=4000052 'arahua' score=0.786 nombre=False saint_only=False terr= phase=relegated
2026-07-24 21:49:50 - matching_Stangl_Balmi - DEBUG -     gz_id=4000052 'arahua' score=0.786 nombre=False saint_only=False terr= phase=relegated
2026-07-24 21:49:50 - matching_Stangl_Balmi - DEBUG -     gz_id=4000052 'arahua' score=0.786 nombre=False saint_only=False terr= phase=relegated
2026-07-24 21:49:50 - matching_Stangl_Balmi - DEBUG -     gz_id=1000546 'santa crus cocula' score=0.786 nombre=False saint_only=False terr= phase=relegated
2026-07-24 21:49:50 - matching_Stangl_Balmi - DEBUG -     gz_id=1000546 'santa crus cocula' score=0.786 nombre=False saint_only=False terr= phase=relegated
2026-07-24 21:49:50 - matching_Stangl_Balmi - DEBUG -     gz_id=9900238 'cibolo' score=0.786 nombre=False saint_only=False terr= phase=relegated
2026-07-24 21:49:50 - matching_Stangl_Balmi - DEBUG -     gz_id=9900238 'cibolo' score=0.786 nombre=False saint_only=False terr= phase=relegated
2026-07-24 21:49:50 - matching_Stangl_Balmi - DEBUG -     gz_id=9900238 'cibolo' score=0.786 nombre=False saint_only=False terr= phase=relegated
2026-07-24 21:49:50 - matching_Stangl_Balmi - DEBUG -     gz_id=9900238 'cibolo' score=0.786 nombre=False saint_only=False terr= phase=relegated
2026-07-24 21:49:50 - matching_Stangl_Balmi - DEBUG -     gz_id=1001491 'capula' score=0.786 nombre=False saint_only=False terr= phase=relegated
2026-07-24 21:49:50 - matching_Stangl_Balmi - DEBUG -     gz_id=1001491 'capula' score=0.786 nombre=False saint_only=False terr= phase=relegated
2026-07-24 21:49:50 - matching_Stangl_Balmi - DEBUG -     gz_id=1001491 'capula' score=0.786 nombre=False saint_only=False terr= phase=relegated
2026-07-24 21:49:50 - matching_Stangl_Balmi - DEBUG -     gz_id=1001491 'capula' score=0.786 nombre=False saint_only=False terr= phase=relegated
2026-07-24 21:49:50 - matching_Stangl_Balmi - DEBUG -     gz_id=5000049 'lorica' score=0.786 nombre=False saint_only=False terr= phase=relegated
2026-07-24 21:49:50 - matching_Stangl_Balmi - DEBUG -     gz_id=5000049 'lorica' score=0.786 nombre=False saint_only=False terr= phase=relegated
2026-07-24 21:49:50 - matching_Stangl_Balmi - DEBUG -     gz_id=5000049 'lorica' score=0.786 nombre=False saint_only=False terr= phase=relegated
2026-07-24 21:49:50 - matching_Stangl_Balmi - DEBUG -     gz_id=5000049 'lorica' score=0.786 nombre=False saint_only=False terr= phase=relegated
2026-07-24 21:49:50 - matching_Stangl_Balmi - DEBUG -     gz_id=2000139 'munchu' score=0.786 nombre=False saint_only=False terr= phase=relegated
2026-07-24 21:49:50 - matching_Stangl_Balmi - DEBUG -     gz_id=2000390 'santa crus lahuna' score=0.786 nombre=False saint_only=False terr= phase=relegated
2026-07-24 21:49:50 - matching_Stangl_Balmi - DEBUG -     gz_id=1000676 'baltierrilla' score=0.778 nombre=False saint_only=False terr= phase=relegated
2026-07-24 21:49:50 - matching_Stangl_Balmi - DEBUG -     gz_id=1000676 'baltierrilla' score=0.778 nombre=False saint_only=False terr= phase=relegated
2026-07-24 21:49:50 - matching_Stangl_Balmi - DEBUG -     gz_id=1003573 'tlacotepec' score=0.774 nombre=False saint_only=False terr= phase=relegated
2026-07-24 21:49:50 - matching_Stangl_Balmi - DEBUG -     gz_id=1003573 'tlacotepec' score=0.774 nombre=False saint_only=False terr= phase=relegated
2026-07-24 21:49:50 - matching_Stangl_Balmi - DEBUG -     gz_id=1003573 'tlacotepec' score=0.774 nombre=False saint_only=False terr= phase=relegated
2026-07-24 21:49:50 - matching_Stangl_Balmi - DEBUG -     gz_id=1000395 'nasas' score=0.774 nombre=False saint_only=False terr= phase=relegated
2026-07-24 21:49:50 - matching_Stangl_Balmi - DEBUG -     gz_id=1000395 'nasas' score=0.774 nombre=False saint_only=False terr= phase=relegated
2026-07-24 21:49:50 - matching_Stangl_Balmi - DEBUG -     gz_id=1000395 'nasas' score=0.774 nombre=False saint_only=False terr= phase=relegated
2026-07-24 21:49:50 - matching_Stangl_Balmi - DEBUG -     gz_id=1000555 'santa crus soledad' score=0.774 nombre=False saint_only=False terr= phase=relegated
2026-07-24 21:49:50 - matching_Stangl_Balmi - DEBUG -     gz_id=1000555 'santa crus soledad' score=0.774 nombre=False saint_only=False terr= phase=relegated
2026-07-24 21:49:50 - matching_Stangl_Balmi - DEBUG -     gz_id=1004130 'santa crus tlaxcala' score=0.774 nombre=False saint_only=False terr= phase=relegated
2026-07-24 21:49:50 - matching_Stangl_Balmi - DEBUG -     gz_id=1004130 'santa crus tlaxcala' score=0.774 nombre=False saint_only=False terr= phase=relegated
2026-07-24 21:49:50 - matching_Stangl_Balmi - DEBUG -     gz_id=1004130 'santa crus tlaxcala' score=0.774 nombre=False saint_only=False terr= phase=relegated
2026-07-24 21:49:50 - matching_Stangl_Balmi - DEBUG -     gz_id=1001501 'ixtapan' score=0.774 nombre=False saint_only=False terr= phase=relegated
2026-07-24 21:49:50 - matching_Stangl_Balmi - DEBUG -     gz_id=1001501 'ixtapan' score=0.774 nombre=False saint_only=False terr= phase=relegated
2026-07-24 21:49:50 - matching_Stangl_Balmi - DEBUG -     gz_id=1004817 'tapaculmes' score=0.774 nombre=False saint_only=False terr= phase=relegated
2026-07-24 21:49:50 - matching_Stangl_Balmi - DEBUG -     gz_id=1004817 'tapaculmes' score=0.774 nombre=False saint_only=False terr= phase=relegated
2026-07-24 21:49:50 - matching_Stangl_Balmi - DEBUG -     gz_id=1004817 'tapaculmes' score=0.774 nombre=False saint_only=False terr= phase=relegated
2026-07-24 21:49:50 - matching_Stangl_Balmi - DEBUG -     gz_id=1004817 'tapaculmes' score=0.774 nombre=False saint_only=False terr= phase=relegated
2026-07-24 21:49:50 - matching_Stangl_Balmi - DEBUG -     gz_id=1004817 'tapaculmes' score=0.774 nombre=False saint_only=False terr= phase=relegated
2026-07-24 21:49:50 - matching_Stangl_Balmi - DEBUG -     gz_id=1005415 'santa crus urrecha' score=0.774 nombre=False saint_only=False terr= phase=relegated
2026-07-24 21:49:50 - matching_Stangl_Balmi - DEBUG -     gz_id=1005415 'santa crus urrecha' score=0.774 nombre=False saint_only=False terr= phase=relegated
2026-07-24 21:49:50 - matching_Stangl_Balmi - DEBUG -     gz_id=1005415 'santa crus urrecha' score=0.774 nombre=False saint_only=False terr= phase=relegated
2026-07-24 21:49:50 - matching_Stangl_Balmi - DEBUG -     gz_id=1002784 'itundujia' score=0.774 nombre=False saint_only=False terr= phase=relegated
2026-07-24 21:49:50 - matching_Stangl_Balmi - DEBUG -     gz_id=1002784 'itundujia' score=0.774 nombre=False saint_only=False terr= phase=relegated
2026-07-24 21:49:50 - matching_Stangl_Balmi - DEBUG -     gz_id=1003012 'iagabila' score=0.774 nombre=False saint_only=False terr= phase=relegated
2026-07-24 21:49:50 - matching_Stangl_Balmi - DEBUG -     gz_id=1003012 'iagabila' score=0.774 nombre=False saint_only=False terr= phase=relegated
2026-07-24 21:49:50 - matching_Stangl_Balmi - DEBUG -     gz_id=9000052 'quilmes' score=0.774 nombre=False saint_only=False terr= phase=relegated
2026-07-24 21:49:50 - matching_Stangl_Balmi - DEBUG -     gz_id=9000052 'quilmes' score=0.774 nombre=False saint_only=False terr= phase=relegated
2026-07-24 21:49:50 - matching_Stangl_Balmi - DEBUG -     gz_id=9000052 'quilmes' score=0.774 nombre=False saint_only=False terr= phase=relegated
2026-07-24 21:49:50 - matching_Stangl_Balmi - DEBUG -     gz_id=9900144 'santa juana crus' score=0.769 nombre=False saint_only=False terr= phase=relegated
2026-07-24 21:49:50 - matching_Stangl_Balmi - DEBUG -     gz_id=9900144 'santa juana crus' score=0.769 nombre=False saint_only=False terr= phase=relegated
2026-07-24 21:49:50 - matching_Stangl_Balmi - DEBUG -     gz_id=9900144 'santa juana crus' score=0.769 nombre=False saint_only=False terr= phase=relegated
2026-07-24 21:49:50 - matching_Stangl_Balmi - DEBUG -     gz_id=9900144 'santa juana crus' score=0.769 nombre=False saint_only=False terr= phase=relegated
2026-07-24 21:49:50 - matching_Stangl_Balmi - DEBUG -     gz_id=9900144 'santa juana crus' score=0.769 nombre=False saint_only=False terr= phase=relegated
2026-07-24 21:49:50 - matching_Stangl_Balmi - DEBUG -     gz_id=9900144 'santa juana crus' score=0.769 nombre=False saint_only=False terr= phase=relegated
2026-07-24 21:49:50 - matching_Stangl_Balmi - DEBUG -     gz_id=9900844 'balle santa crus' score=0.769 nombre=False saint_only=False terr= phase=relegated
2026-07-24 21:49:50 - matching_Stangl_Balmi - DEBUG -     gz_id=9900844 'balle santa crus' score=0.769 nombre=False saint_only=False terr= phase=relegated
2026-07-24 21:49:50 - matching_Stangl_Balmi - DEBUG -     gz_id=9900844 'balle santa crus' score=0.769 nombre=False saint_only=False terr= phase=relegated
2026-07-24 21:49:50 - matching_Stangl_Balmi - DEBUG -     gz_id=9900844 'balle santa crus' score=0.769 nombre=False saint_only=False terr= phase=relegated
2026-07-24 21:49:50 - matching_Stangl_Balmi - DEBUG -     gz_id=9900844 'balle santa crus' score=0.769 nombre=False saint_only=False terr= phase=relegated
2026-07-24 21:49:50 - matching_Stangl_Balmi - DEBUG -     gz_id=9000733 'canada crus' score=0.762 nombre=False saint_only=False terr= phase=relegated
2026-07-24 21:49:50 - matching_Stangl_Balmi - DEBUG -     gz_id=9000733 'canada crus' score=0.762 nombre=False saint_only=False terr= phase=relegated
2026-07-24 21:49:50 - matching_Stangl_Balmi - DEBUG -     gz_id=9000733 'canada crus' score=0.762 nombre=False saint_only=False terr= phase=relegated
2026-07-24 21:49:50 - matching_Stangl_Balmi - DEBUG -     gz_id=9000121 'capilla cenor' score=0.762 nombre=False saint_only=False terr= phase=relegated
2026-07-24 21:49:50 - matching_Stangl_Balmi - DEBUG -     gz_id=9000121 'capilla cenor' score=0.762 nombre=False saint_only=False terr= phase=relegated
2026-07-24 21:49:50 - matching_Stangl_Balmi - DEBUG -     gz_id=9000121 'capilla cenor' score=0.762 nombre=False saint_only=False terr= phase=relegated
2026-07-24 21:49:50 - matching_Stangl_Balmi - DEBUG -     gz_id=3000193 'baiamon' score=0.759 nombre=False saint_only=False terr= phase=relegated
2026-07-24 21:49:50 - matching_Stangl_Balmi - DEBUG -     gz_id=3000193 'baiamon' score=0.759 nombre=False saint_only=False terr= phase=relegated
2026-07-24 21:49:50 - matching_Stangl_Balmi - DEBUG -     gz_id=3000193 'baiamon' score=0.759 nombre=False saint_only=False terr= phase=relegated
2026-07-24 21:49:50 - matching_Stangl_Balmi - DEBUG -     gz_id=4000141 'huarico' score=0.759 nombre=False saint_only=False terr= phase=relegated
2026-07-24 21:49:50 - matching_Stangl_Balmi - DEBUG -     gz_id=4000141 'huarico' score=0.759 nombre=False saint_only=False terr= phase=relegated
2026-07-24 21:49:50 - matching_Stangl_Balmi - DEBUG -     gz_id=4000141 'huarico' score=0.759 nombre=False saint_only=False terr= phase=relegated
2026-07-24 21:49:50 - matching_Stangl_Balmi - DEBUG -     gz_id=4000141 'huarico' score=0.759 nombre=False saint_only=False terr= phase=relegated
2026-07-24 21:49:50 - matching_Stangl_Balmi - DEBUG -     gz_id=4000141 'huarico' score=0.759 nombre=False saint_only=False terr= phase=relegated
2026-07-24 21:49:50 - matching_Stangl_Balmi - DEBUG -     gz_id=4000141 'huarico' score=0.759 nombre=False saint_only=False terr= phase=relegated
2026-07-24 21:49:50 - matching_Stangl_Balmi - DEBUG -     gz_id=9900039 'charcas' score=0.759 nombre=False saint_only=False terr= phase=relegated
2026-07-24 21:49:50 - matching_Stangl_Balmi - DEBUG -     gz_id=9900039 'charcas' score=0.759 nombre=False saint_only=False terr= phase=relegated
2026-07-24 21:49:50 - matching_Stangl_Balmi - DEBUG -     gz_id=9900039 'charcas' score=0.759 nombre=False saint_only=False terr= phase=relegated
2026-07-24 21:49:50 - matching_Stangl_Balmi - DEBUG -     gz_id=9900039 'charcas' score=0.759 nombre=False saint_only=False terr= phase=relegated
2026-07-24 21:49:50 - matching_Stangl_Balmi - DEBUG -     gz_id=4000209 'macaira' score=0.759 nombre=False saint_only=False terr= phase=relegated
2026-07-24 21:49:50 - matching_Stangl_Balmi - DEBUG -     gz_id=4000209 'macaira' score=0.759 nombre=False saint_only=False terr= phase=relegated
2026-07-24 21:49:50 - matching_Stangl_Balmi - DEBUG -     gz_id=4000209 'macaira' score=0.759 nombre=False saint_only=False terr= phase=relegated
2026-07-24 21:49:50 - matching_Stangl_Balmi - DEBUG -     gz_id=4000371 'cachipo' score=0.759 nombre=False saint_only=False terr= phase=relegated
2026-07-24 21:49:50 - matching_Stangl_Balmi - DEBUG -     gz_id=4000371 'cachipo' score=0.759 nombre=False saint_only=False terr= phase=relegated
2026-07-24 21:49:50 - matching_Stangl_Balmi - DEBUG -     gz_id=4000371 'cachipo' score=0.759 nombre=False saint_only=False terr= phase=relegated
2026-07-24 21:49:50 - matching_Stangl_Balmi - DEBUG -     gz_id=4000371 'cachipo' score=0.759 nombre=False saint_only=False terr= phase=relegated
2026-07-24 21:49:50 - matching_Stangl_Balmi - DEBUG -     gz_id=4000386 'casanai' score=0.759 nombre=False saint_only=False terr= phase=relegated
2026-07-24 21:49:50 - matching_Stangl_Balmi - DEBUG -     gz_id=4000386 'casanai' score=0.759 nombre=False saint_only=False terr= phase=relegated
2026-07-24 21:49:50 - matching_Stangl_Balmi - DEBUG -     gz_id=4000386 'casanai' score=0.759 nombre=False saint_only=False terr= phase=relegated
2026-07-24 21:49:50 - matching_Stangl_Balmi - DEBUG -     gz_id=4000386 'casanai' score=0.759 nombre=False saint_only=False terr= phase=relegated
2026-07-24 21:49:50 - matching_Stangl_Balmi - DEBUG -     gz_id=4000386 'casanai' score=0.759 nombre=False saint_only=False terr= phase=relegated
2026-07-24 21:49:50 - matching_Stangl_Balmi - DEBUG -     gz_id=4000386 'casanai' score=0.759 nombre=False saint_only=False terr= phase=relegated
2026-07-24 21:49:50 - matching_Stangl_Balmi - DEBUG -     gz_id=4000386 'casanai' score=0.759 nombre=False saint_only=False terr= phase=relegated
2026-07-24 21:49:50 - matching_Stangl_Balmi - DEBUG -     gz_id=5000380 'macinga' score=0.759 nombre=False saint_only=False terr= phase=relegated
2026-07-24 21:49:50 - matching_Stangl_Balmi - DEBUG -     gz_id=5000380 'macinga' score=0.759 nombre=False saint_only=False terr= phase=relegated
2026-07-24 21:49:50 - matching_Stangl_Balmi - DEBUG -     gz_id=1002217 'amilpas' score=0.759 nombre=False saint_only=False terr= phase=relegated
2026-07-24 21:49:50 - matching_Stangl_Balmi - DEBUG -     gz_id=1002217 'amilpas' score=0.759 nombre=False saint_only=False terr= phase=relegated
2026-07-24 21:49:50 - matching_Stangl_Balmi - DEBUG -     gz_id=1002802 'nundaco' score=0.759 nombre=False saint_only=False terr= phase=relegated
2026-07-24 21:49:50 - matching_Stangl_Balmi - DEBUG -     gz_id=1002802 'nundaco' score=0.759 nombre=False saint_only=False terr= phase=relegated
2026-07-24 21:49:50 - matching_Stangl_Balmi - DEBUG -     gz_id=5000198 'cana' score=0.757 nombre=False saint_only=False terr= phase=relegated
2026-07-24 21:49:50 - matching_Stangl_Balmi - DEBUG -     gz_id=5000198 'cana' score=0.757 nombre=False saint_only=False terr= phase=relegated
2026-07-24 21:49:50 - matching_Stangl_Balmi - DEBUG -     gz_id=5000198 'cana' score=0.757 nombre=False saint_only=False terr= phase=relegated
2026-07-24 21:49:50 - matching_Stangl_Balmi - DEBUG -     gz_id=5000198 'cana' score=0.757 nombre=False saint_only=False terr= phase=relegated
2026-07-24 21:49:50 - matching_Stangl_Balmi - DEBUG -     gz_id=5000198 'cana' score=0.757 nombre=False saint_only=False terr= phase=relegated
2026-07-24 21:49:50 - matching_Stangl_Balmi - DEBUG -     gz_id=1002241 'santa crus mixtepec' score=0.757 nombre=False saint_only=False terr= phase=relegated
2026-07-24 21:49:50 - matching_Stangl_Balmi - DEBUG -     gz_id=1002241 'santa crus mixtepec' score=0.757 nombre=False saint_only=False terr= phase=relegated
2026-07-24 21:49:50 - matching_Stangl_Balmi - DEBUG -     gz_id=1004872 'billa nueba' score=0.750 nombre=False saint_only=False terr= phase=relegated
2026-07-24 21:49:50 - matching_Stangl_Balmi - DEBUG -     gz_id=1004872 'billa nueba' score=0.750 nombre=False saint_only=False terr= phase=relegated
2026-07-24 21:49:50 - matching_Stangl_Balmi - DEBUG -     gz_id=1004872 'billa nueba' score=0.750 nombre=False saint_only=False terr= phase=relegated
2026-07-24 21:49:50 - matching_Stangl_Balmi - DEBUG -     gz_id=1002564 'santa crus jilotepec' score=0.750 nombre=False saint_only=False terr= phase=relegated
2026-07-24 21:49:50 - matching_Stangl_Balmi - DEBUG -     gz_id=1002564 'santa crus jilotepec' score=0.750 nombre=False saint_only=False terr= phase=relegated
2026-07-24 21:49:50 - matching_Stangl_Balmi - DEBUG -     gz_id=1002564 'santa crus jilotepec' score=0.750 nombre=False saint_only=False terr= phase=relegated
2026-07-24 21:49:50 - matching_Stangl_Balmi - DEBUG -     gz_id=1001037 'portesuelo' score=0.743 nombre=False saint_only=False terr= phase=relegated
2026-07-24 21:49:50 - matching_Stangl_Balmi - DEBUG -     gz_id=1001037 'portesuelo' score=0.743 nombre=False saint_only=False terr= phase=relegated
2026-07-24 21:49:50 - matching_Stangl_Balmi - DEBUG -     gz_id=4000437 'santa crus monte calbario' score=0.743 nombre=False saint_only=False terr= phase=relegated
2026-07-24 21:49:50 - matching_Stangl_Balmi - DEBUG -     gz_id=4000437 'santa crus monte calbario' score=0.743 nombre=False saint_only=False terr= phase=relegated
2026-07-24 21:49:50 - matching_Stangl_Balmi - DEBUG -     gz_id=4000437 'santa crus monte calbario' score=0.743 nombre=False saint_only=False terr= phase=relegated
2026-07-24 21:49:50 - matching_Stangl_Balmi - DEBUG -     gz_id=4000437 'santa crus monte calbario' score=0.743 nombre=False saint_only=False terr= phase=relegated
2026-07-24 21:49:50 - matching_Stangl_Balmi - DEBUG -     gz_id=1001175 'cuauhtenco' score=0.737 nombre=False saint_only=False terr= phase=relegated
2026-07-24 21:49:50 - matching_Stangl_Balmi - DEBUG -     gz_id=1001175 'cuauhtenco' score=0.737 nombre=False saint_only=False terr= phase=relegated
2026-07-24 21:49:50 - matching_Stangl_Balmi - DEBUG -     gz_id=1001175 'cuauhtenco' score=0.737 nombre=False saint_only=False terr= phase=relegated
2026-07-24 21:49:50 - matching_Stangl_Balmi - DEBUG -     gz_id=2000098 'socoltenango' score=0.737 nombre=False saint_only=False terr= phase=relegated
2026-07-24 21:49:50 - matching_Stangl_Balmi - DEBUG -     gz_id=2000098 'socoltenango' score=0.737 nombre=False saint_only=False terr= phase=relegated
2026-07-24 21:49:50 - matching_Stangl_Balmi - DEBUG -     gz_id=1003600 'huiciltepec' score=0.733 nombre=False saint_only=False terr= phase=relegated
2026-07-24 21:49:50 - matching_Stangl_Balmi - DEBUG -     gz_id=1003600 'huiciltepec' score=0.733 nombre=False saint_only=False terr= phase=relegated
2026-07-24 21:49:50 - matching_Stangl_Balmi - DEBUG -     gz_id=1003745 'cuautomatitla' score=0.733 nombre=False saint_only=False terr= phase=relegated
2026-07-24 21:49:50 - matching_Stangl_Balmi - DEBUG -     gz_id=1003745 'cuautomatitla' score=0.733 nombre=False saint_only=False terr= phase=relegated
2026-07-24 21:49:50 - matching_Stangl_Balmi - DEBUG -     gz_id=1003745 'cuautomatitla' score=0.733 nombre=False saint_only=False terr= phase=relegated
2026-07-24 21:49:50 - matching_Stangl_Balmi - DEBUG -     gz_id=1000388 'papagarame' score=0.733 nombre=False saint_only=False terr= phase=relegated
2026-07-24 21:49:50 - matching_Stangl_Balmi - DEBUG -     gz_id=1000388 'papagarame' score=0.733 nombre=False saint_only=False terr= phase=relegated
2026-07-24 21:49:50 - matching_Stangl_Balmi - DEBUG -     gz_id=1000530 'camotlan' score=0.733 nombre=False saint_only=False terr= phase=relegated
2026-07-24 21:49:50 - matching_Stangl_Balmi - DEBUG -     gz_id=1000530 'camotlan' score=0.733 nombre=False saint_only=False terr= phase=relegated
2026-07-24 21:49:50 - matching_Stangl_Balmi - DEBUG -     gz_id=1000530 'camotlan' score=0.733 nombre=False saint_only=False terr= phase=relegated
2026-07-24 21:49:50 - matching_Stangl_Balmi - DEBUG -     gz_id=4000203 'huatire' score=0.733 nombre=False saint_only=False terr= phase=relegated
2026-07-24 21:49:50 - matching_Stangl_Balmi - DEBUG -     gz_id=4000203 'huatire' score=0.733 nombre=False saint_only=False terr= phase=relegated
2026-07-24 21:49:50 - matching_Stangl_Balmi - DEBUG -     gz_id=4000203 'huatire' score=0.733 nombre=False saint_only=False terr= phase=relegated
2026-07-24 21:49:50 - matching_Stangl_Balmi - DEBUG -     gz_id=4000203 'huatire' score=0.733 nombre=False saint_only=False terr= phase=relegated
2026-07-24 21:49:50 - matching_Stangl_Balmi - DEBUG -     gz_id=4000203 'huatire' score=0.733 nombre=False saint_only=False terr= phase=relegated
2026-07-24 21:49:50 - matching_Stangl_Balmi - DEBUG -     gz_id=4000203 'huatire' score=0.733 nombre=False saint_only=False terr= phase=relegated
2026-07-24 21:49:50 - matching_Stangl_Balmi - DEBUG -     gz_id=1001695 'astcaposaltongo' score=0.733 nombre=False saint_only=False terr= phase=relegated
2026-07-24 21:49:50 - matching_Stangl_Balmi - DEBUG -     gz_id=1001695 'astcaposaltongo' score=0.733 nombre=False saint_only=False terr= phase=relegated
2026-07-24 21:49:50 - matching_Stangl_Balmi - DEBUG -     gz_id=1001695 'astcaposaltongo' score=0.733 nombre=False saint_only=False terr= phase=relegated
2026-07-24 21:49:50 - matching_Stangl_Balmi - DEBUG -     gz_id=1001695 'astcaposaltongo' score=0.733 nombre=False saint_only=False terr= phase=relegated
2026-07-24 21:49:50 - matching_Stangl_Balmi - DEBUG -     gz_id=6001542 'sonomoro' score=0.733 nombre=False saint_only=False terr= phase=relegated
2026-07-24 21:49:50 - matching_Stangl_Balmi - DEBUG -     gz_id=6001542 'sonomoro' score=0.733 nombre=False saint_only=False terr= phase=relegated
2026-07-24 21:49:50 - matching_Stangl_Balmi - DEBUG -     gz_id=6001559 'ahuaitia' score=0.733 nombre=False saint_only=False terr= phase=relegated
2026-07-24 21:49:50 - matching_Stangl_Balmi - DEBUG -     gz_id=1001802 'acalpixca' score=0.733 nombre=False saint_only=False terr= phase=relegated
2026-07-24 21:49:50 - matching_Stangl_Balmi - DEBUG -     gz_id=1001802 'acalpixca' score=0.733 nombre=False saint_only=False terr= phase=relegated
2026-07-24 21:49:50 - matching_Stangl_Balmi - DEBUG -     gz_id=1001828 'jochitepec' score=0.733 nombre=False saint_only=False terr= phase=relegated
2026-07-24 21:49:50 - matching_Stangl_Balmi - DEBUG -     gz_id=1001828 'jochitepec' score=0.733 nombre=False saint_only=False terr= phase=relegated
2026-07-24 21:49:50 - matching_Stangl_Balmi - DEBUG -     gz_id=1001878 'asulaques' score=0.733 nombre=False saint_only=False terr= phase=relegated
2026-07-24 21:49:50 - matching_Stangl_Balmi - DEBUG -     gz_id=1001878 'asulaques' score=0.733 nombre=False saint_only=False terr= phase=relegated
2026-07-24 21:49:50 - matching_Stangl_Balmi - DEBUG -     gz_id=1001878 'asulaques' score=0.733 nombre=False saint_only=False terr= phase=relegated
2026-07-24 21:49:50 - matching_Stangl_Balmi - DEBUG -     gz_id=5000688 'pachaquiaro' score=0.733 nombre=False saint_only=False terr= phase=relegated
2026-07-24 21:49:50 - matching_Stangl_Balmi - DEBUG -     gz_id=1002321 'jojocotlan' score=0.733 nombre=False saint_only=False terr= phase=relegated
2026-07-24 21:49:50 - matching_Stangl_Balmi - DEBUG -     gz_id=1002321 'jojocotlan' score=0.733 nombre=False saint_only=False terr= phase=relegated
2026-07-24 21:49:50 - matching_Stangl_Balmi - DEBUG -     gz_id=1002321 'jojocotlan' score=0.733 nombre=False saint_only=False terr= phase=relegated
2026-07-24 21:49:50 - matching_Stangl_Balmi - DEBUG -     gz_id=1002321 'jojocotlan' score=0.733 nombre=False saint_only=False terr= phase=relegated
2026-07-24 21:49:50 - matching_Stangl_Balmi - DEBUG -     gz_id=2000130 'chiquimulilla' score=0.733 nombre=False saint_only=False terr= phase=relegated
2026-07-24 21:49:50 - matching_Stangl_Balmi - DEBUG -     gz_id=1002518 'santa crus osolotepec' score=0.733 nombre=False saint_only=False terr= phase=relegated
2026-07-24 21:49:50 - matching_Stangl_Balmi - DEBUG -     gz_id=1002518 'santa crus osolotepec' score=0.733 nombre=False saint_only=False terr= phase=relegated
2026-07-24 21:49:50 - matching_Stangl_Balmi - DEBUG -     gz_id=8000403 'santa crus balle ameno' score=0.733 nombre=False saint_only=False terr= phase=relegated
2026-07-24 21:49:50 - matching_Stangl_Balmi - DEBUG -     gz_id=8000403 'santa crus balle ameno' score=0.733 nombre=False saint_only=False terr= phase=relegated
2026-07-24 21:49:50 - matching_Stangl_Balmi - DEBUG -     gz_id=8000403 'santa crus balle ameno' score=0.733 nombre=False saint_only=False terr= phase=relegated
2026-07-24 21:49:50 - matching_Stangl_Balmi - DEBUG -     gz_id=8000403 'santa crus balle ameno' score=0.733 nombre=False saint_only=False terr= phase=relegated
2026-07-24 21:49:50 - matching_Stangl_Balmi - DEBUG -     gz_id=2000444 'panchimalco' score=0.733 nombre=False saint_only=False terr= phase=relegated
2026-07-24 21:49:50 - matching_Stangl_Balmi - DEBUG -     gz_id=2000444 'panchimalco' score=0.733 nombre=False saint_only=False terr= phase=relegated
2026-07-24 21:49:50 - matching_Stangl_Balmi - DEBUG -     gz_id=1002770 'capulalpam' score=0.733 nombre=False saint_only=False terr= phase=relegated
2026-07-24 21:49:50 - matching_Stangl_Balmi - DEBUG -     gz_id=1002770 'capulalpam' score=0.733 nombre=False saint_only=False terr= phase=relegated
2026-07-24 21:49:50 - matching_Stangl_Balmi - DEBUG -     gz_id=1003056 'papalutla' score=0.733 nombre=False saint_only=False terr= phase=relegated
2026-07-24 21:49:50 - matching_Stangl_Balmi - DEBUG -     gz_id=1003056 'papalutla' score=0.733 nombre=False saint_only=False terr= phase=relegated
2026-07-24 21:49:50 - matching_Stangl_Balmi - DEBUG -     gz_id=7000376 'san cebastian crus' score=0.714 nombre=False saint_only=False terr= phase=relegated
2026-07-24 21:49:50 - matching_Stangl_Balmi - DEBUG -     gz_id=7000376 'san cebastian crus' score=0.714 nombre=False saint_only=False terr= phase=relegated
2026-07-24 21:49:50 - matching_Stangl_Balmi - DEBUG -     gz_id=7000376 'san cebastian crus' score=0.714 nombre=False saint_only=False terr= phase=relegated
2026-07-24 21:49:50 - matching_Stangl_Balmi - INFO -   Before dedup: 407 candidates
2026-07-24 21:49:50 - matching_Stangl_Balmi - INFO -   After dedup: 147 unique gz_ids
2026-07-24 21:49:50 - matching_Stangl_Balmi - INFO -   Dropped 147 territory-contradicting candidates
2026-07-24 21:49:50 - matching_Stangl_Balmi - INFO -   Input has territorial data: True
2026-07-24 21:49:50 - matching_Stangl_Balmi - INFO -   Candidates with territory match: 0
2026-07-24 21:49:50 - matching_Stangl_Balmi - INFO -   No territorial filtering applied (no matching territories found)
2026-07-24 21:49:50 - matching_Stangl_Balmi - INFO -   Nombre matches (exact on lugar_nombre): 0
2026-07-24 21:49:50 - matching_Stangl_Balmi - INFO -   Saint-only matches: 0
2026-07-24 21:49:50 - matching_Stangl_Balmi - INFO -   Substantive matches: 0
2026-07-24 21:49:50 - matching_Stangl_Balmi - INFO -   Candidate pool (>= threshold): 0
2026-07-24 21:49:50 - matching_Stangl_Balmi - WARNING -   No candidate above threshold - relegated
2026-07-24 21:49:50 - matching_Stangl_Balmi - INFO - 
============================================================
2026-07-24 21:49:50 - matching_Stangl_Balmi - INFO - Processing rowID=2: 'Santa Cruz de Tenerife' -> cleaned: 'santa crus tenerife'
2026-07-24 21:49:50 - matching_Stangl_Balmi - INFO -   Token-based candidates: 3032
2026-07-24 21:49:50 - matching_Stangl_Balmi - INFO -   Filtering: need match on substantive tokens: ['tenerife', 'crus'] OR 2+ total tokens
2026-07-24 21:49:51 - matching_Stangl_Balmi - INFO -   After filtering weak token matches: 425 candidates
2026-07-24 21:49:51 - matching_Stangl_Balmi - INFO -   Fuzzy matches (score >= 70, limit=500): 407
2026-07-24 21:49:51 - matching_Stangl_Balmi - DEBUG -     gz_id=1003514 'santa crus' score=1.000 nombre=False saint_only=False terr= phase=auto_adopt
2026-07-24 21:49:51 - matching_Stangl_Balmi - DEBUG -     gz_id=1003514 'santa crus' score=1.000 nombre=False saint_only=False terr= phase=auto_adopt
2026-07-24 21:49:51 - matching_Stangl_Balmi - DEBUG -     gz_id=5600673 'crus' score=1.000 nombre=False saint_only=False terr= phase=auto_adopt
2026-07-24 21:49:51 - matching_Stangl_Balmi - DEBUG -     gz_id=5600673 'crus' score=1.000 nombre=False saint_only=False terr= phase=auto_adopt
2026-07-24 21:49:51 - matching_Stangl_Balmi - DEBUG -     gz_id=5600673 'crus' score=1.000 nombre=False saint_only=False terr= phase=auto_adopt
2026-07-24 21:49:51 - matching_Stangl_Balmi - DEBUG -     gz_id=1000313 'santa crus' score=1.000 nombre=False saint_only=False terr= phase=auto_adopt
2026-07-24 21:49:51 - matching_Stangl_Balmi - DEBUG -     gz_id=1000313 'santa crus' score=1.000 nombre=False saint_only=False terr= phase=auto_adopt
2026-07-24 21:49:51 - matching_Stangl_Balmi - DEBUG -     gz_id=1000313 'santa crus' score=1.000 nombre=False saint_only=False terr= phase=auto_adopt
2026-07-24 21:49:51 - matching_Stangl_Balmi - DEBUG -     gz_id=1000313 'santa crus' score=1.000 nombre=False saint_only=False terr= phase=auto_adopt
2026-07-24 21:49:51 - matching_Stangl_Balmi - DEBUG -     gz_id=1000313 'santa crus' score=1.000 nombre=False saint_only=False terr= phase=auto_adopt
2026-07-24 21:49:51 - matching_Stangl_Balmi - DEBUG -     gz_id=1000351 'santa crus' score=1.000 nombre=False saint_only=False terr= phase=auto_adopt
2026-07-24 21:49:51 - matching_Stangl_Balmi - DEBUG -     gz_id=1000351 'santa crus' score=1.000 nombre=False saint_only=False terr= phase=auto_adopt
2026-07-24 21:49:51 - matching_Stangl_Balmi - DEBUG -     gz_id=1000498 'santa crus' score=1.000 nombre=False saint_only=False terr= phase=auto_adopt
2026-07-24 21:49:51 - matching_Stangl_Balmi - DEBUG -     gz_id=1000498 'santa crus' score=1.000 nombre=False saint_only=False terr= phase=auto_adopt
2026-07-24 21:49:51 - matching_Stangl_Balmi - DEBUG -     gz_id=9900004 'santa crus' score=1.000 nombre=False saint_only=False terr= phase=auto_adopt
2026-07-24 21:49:51 - matching_Stangl_Balmi - DEBUG -     gz_id=1003880 'santa crus' score=1.000 nombre=False saint_only=False terr= phase=auto_adopt
2026-07-24 21:49:51 - matching_Stangl_Balmi - DEBUG -     gz_id=1003880 'santa crus' score=1.000 nombre=False saint_only=False terr= phase=auto_adopt
2026-07-24 21:49:51 - matching_Stangl_Balmi - DEBUG -     gz_id=1003880 'santa crus' score=1.000 nombre=False saint_only=False terr= phase=auto_adopt
2026-07-24 21:49:51 - matching_Stangl_Balmi - DEBUG -     gz_id=1003880 'santa crus' score=1.000 nombre=False saint_only=False terr= phase=auto_adopt
2026-07-24 21:49:51 - matching_Stangl_Balmi - DEBUG -     gz_id=1003880 'santa crus' score=1.000 nombre=False saint_only=False terr= phase=auto_adopt
2026-07-24 21:49:51 - matching_Stangl_Balmi - DEBUG -     gz_id=1003912 'santa crus' score=1.000 nombre=False saint_only=False terr= phase=auto_adopt
2026-07-24 21:49:51 - matching_Stangl_Balmi - DEBUG -     gz_id=1003912 'santa crus' score=1.000 nombre=False saint_only=False terr= phase=auto_adopt
2026-07-24 21:49:51 - matching_Stangl_Balmi - DEBUG -     gz_id=1003912 'santa crus' score=1.000 nombre=False saint_only=False terr= phase=auto_adopt
2026-07-24 21:49:51 - matching_Stangl_Balmi - DEBUG -     gz_id=1003912 'santa crus' score=1.000 nombre=False saint_only=False terr= phase=auto_adopt
2026-07-24 21:49:51 - matching_Stangl_Balmi - DEBUG -     gz_id=1003912 'santa crus' score=1.000 nombre=False saint_only=False terr= phase=auto_adopt
2026-07-24 21:49:51 - matching_Stangl_Balmi - DEBUG -     gz_id=1000607 'santa crus' score=1.000 nombre=False saint_only=False terr= phase=auto_adopt
2026-07-24 21:49:51 - matching_Stangl_Balmi - DEBUG -     gz_id=1000607 'santa crus' score=1.000 nombre=False saint_only=False terr= phase=auto_adopt
2026-07-24 21:49:51 - matching_Stangl_Balmi - DEBUG -     gz_id=1000619 'santa crus' score=1.000 nombre=False saint_only=False terr= phase=auto_adopt
2026-07-24 21:49:51 - matching_Stangl_Balmi - DEBUG -     gz_id=1000619 'santa crus' score=1.000 nombre=False saint_only=False terr= phase=auto_adopt
2026-07-24 21:49:51 - matching_Stangl_Balmi - DEBUG -     gz_id=1000671 'santa crus' score=1.000 nombre=False saint_only=False terr= phase=auto_adopt
2026-07-24 21:49:51 - matching_Stangl_Balmi - DEBUG -     gz_id=1000671 'santa crus' score=1.000 nombre=False saint_only=False terr= phase=auto_adopt
2026-07-24 21:49:51 - matching_Stangl_Balmi - DEBUG -     gz_id=6000527 'santa crus' score=1.000 nombre=False saint_only=False terr= phase=auto_adopt
2026-07-24 21:49:51 - matching_Stangl_Balmi - DEBUG -     gz_id=6000527 'santa crus' score=1.000 nombre=False saint_only=False terr= phase=auto_adopt
2026-07-24 21:49:51 - matching_Stangl_Balmi - DEBUG -     gz_id=9900548 'santa crus' score=1.000 nombre=False saint_only=False terr= phase=auto_adopt
2026-07-24 21:49:51 - matching_Stangl_Balmi - DEBUG -     gz_id=9900548 'santa crus' score=1.000 nombre=False saint_only=False terr= phase=auto_adopt
2026-07-24 21:49:51 - matching_Stangl_Balmi - DEBUG -     gz_id=4000343 'santa crus' score=1.000 nombre=False saint_only=False terr= phase=auto_adopt
2026-07-24 21:49:51 - matching_Stangl_Balmi - DEBUG -     gz_id=4000343 'santa crus' score=1.000 nombre=False saint_only=False terr= phase=auto_adopt
2026-07-24 21:49:51 - matching_Stangl_Balmi - DEBUG -     gz_id=4000343 'santa crus' score=1.000 nombre=False saint_only=False terr= phase=auto_adopt
2026-07-24 21:49:51 - matching_Stangl_Balmi - DEBUG -     gz_id=4000343 'santa crus' score=1.000 nombre=False saint_only=False terr= phase=auto_adopt
2026-07-24 21:49:51 - matching_Stangl_Balmi - DEBUG -     gz_id=4000343 'santa crus' score=1.000 nombre=False saint_only=False terr= phase=auto_adopt
2026-07-24 21:49:51 - matching_Stangl_Balmi - DEBUG -     gz_id=4000343 'santa crus' score=1.000 nombre=False saint_only=False terr= phase=auto_adopt
2026-07-24 21:49:51 - matching_Stangl_Balmi - DEBUG -     gz_id=4000343 'santa crus' score=1.000 nombre=False saint_only=False terr= phase=auto_adopt
2026-07-24 21:49:51 - matching_Stangl_Balmi - DEBUG -     gz_id=6000749 'santa crus' score=1.000 nombre=False saint_only=False terr= phase=auto_adopt
2026-07-24 21:49:51 - matching_Stangl_Balmi - DEBUG -     gz_id=6000749 'santa crus' score=1.000 nombre=False saint_only=False terr= phase=auto_adopt
2026-07-24 21:49:51 - matching_Stangl_Balmi - DEBUG -     gz_id=9900686 'santa crus' score=1.000 nombre=False saint_only=False terr= phase=auto_adopt
2026-07-24 21:49:51 - matching_Stangl_Balmi - DEBUG -     gz_id=9900686 'santa crus' score=1.000 nombre=False saint_only=False terr= phase=auto_adopt
2026-07-24 21:49:51 - matching_Stangl_Balmi - DEBUG -     gz_id=9900686 'santa crus' score=1.000 nombre=False saint_only=False terr= phase=auto_adopt
2026-07-24 21:49:51 - matching_Stangl_Balmi - DEBUG -     gz_id=9900686 'santa crus' score=1.000 nombre=False saint_only=False terr= phase=auto_adopt
2026-07-24 21:49:51 - matching_Stangl_Balmi - DEBUG -     gz_id=6000798 'santa crus' score=1.000 nombre=False saint_only=False terr= phase=auto_adopt
2026-07-24 21:49:51 - matching_Stangl_Balmi - DEBUG -     gz_id=6000798 'santa crus' score=1.000 nombre=False saint_only=False terr= phase=auto_adopt
2026-07-24 21:49:51 - matching_Stangl_Balmi - DEBUG -     gz_id=1001130 'santa crus' score=1.000 nombre=False saint_only=False terr= phase=auto_adopt
2026-07-24 21:49:51 - matching_Stangl_Balmi - DEBUG -     gz_id=1001130 'santa crus' score=1.000 nombre=False saint_only=False terr= phase=auto_adopt
2026-07-24 21:49:51 - matching_Stangl_Balmi - DEBUG -     gz_id=4000471 'santa crus' score=1.000 nombre=False saint_only=False terr= phase=auto_adopt
2026-07-24 21:49:51 - matching_Stangl_Balmi - DEBUG -     gz_id=4000471 'santa crus' score=1.000 nombre=False saint_only=False terr= phase=auto_adopt
2026-07-24 21:49:51 - matching_Stangl_Balmi - DEBUG -     gz_id=4000471 'santa crus' score=1.000 nombre=False saint_only=False terr= phase=auto_adopt
2026-07-24 21:49:51 - matching_Stangl_Balmi - DEBUG -     gz_id=9900915 'santa crus' score=1.000 nombre=False saint_only=False terr= phase=auto_adopt
2026-07-24 21:49:51 - matching_Stangl_Balmi - DEBUG -     gz_id=1004677 'santa crus' score=1.000 nombre=False saint_only=False terr= phase=auto_adopt
2026-07-24 21:49:51 - matching_Stangl_Balmi - DEBUG -     gz_id=1004677 'santa crus' score=1.000 nombre=False saint_only=False terr= phase=auto_adopt
2026-07-24 21:49:51 - matching_Stangl_Balmi - DEBUG -     gz_id=1004677 'santa crus' score=1.000 nombre=False saint_only=False terr= phase=auto_adopt
2026-07-24 21:49:51 - matching_Stangl_Balmi - DEBUG -     gz_id=9901006 'crus' score=1.000 nombre=False saint_only=False terr= phase=auto_adopt
2026-07-24 21:49:51 - matching_Stangl_Balmi - DEBUG -     gz_id=9901006 'crus' score=1.000 nombre=False saint_only=False terr= phase=auto_adopt
2026-07-24 21:49:51 - matching_Stangl_Balmi - DEBUG -     gz_id=9901006 'crus' score=1.000 nombre=False saint_only=False terr= phase=auto_adopt
2026-07-24 21:49:51 - matching_Stangl_Balmi - DEBUG -     gz_id=9901006 'crus' score=1.000 nombre=False saint_only=False terr= phase=auto_adopt
2026-07-24 21:49:51 - matching_Stangl_Balmi - DEBUG -     gz_id=9901006 'crus' score=1.000 nombre=False saint_only=False terr= phase=auto_adopt
2026-07-24 21:49:51 - matching_Stangl_Balmi - DEBUG -     gz_id=9901006 'crus' score=1.000 nombre=False saint_only=False terr= phase=auto_adopt
2026-07-24 21:49:51 - matching_Stangl_Balmi - DEBUG -     gz_id=9901006 'crus' score=1.000 nombre=False saint_only=False terr= phase=auto_adopt
2026-07-24 21:49:51 - matching_Stangl_Balmi - DEBUG -     gz_id=1004755 'santa crus' score=1.000 nombre=False saint_only=False terr= phase=auto_adopt
2026-07-24 21:49:51 - matching_Stangl_Balmi - DEBUG -     gz_id=1004755 'santa crus' score=1.000 nombre=False saint_only=False terr= phase=auto_adopt
2026-07-24 21:49:51 - matching_Stangl_Balmi - DEBUG -     gz_id=6001360 'santa crus' score=1.000 nombre=False saint_only=False terr= phase=auto_adopt
2026-07-24 21:49:51 - matching_Stangl_Balmi - DEBUG -     gz_id=6001360 'santa crus' score=1.000 nombre=False saint_only=False terr= phase=auto_adopt
2026-07-24 21:49:51 - matching_Stangl_Balmi - DEBUG -     gz_id=6001360 'santa crus' score=1.000 nombre=False saint_only=False terr= phase=auto_adopt
2026-07-24 21:49:51 - matching_Stangl_Balmi - DEBUG -     gz_id=5000065 'tenerife' score=1.000 nombre=False saint_only=False terr= phase=auto_adopt
2026-07-24 21:49:51 - matching_Stangl_Balmi - DEBUG -     gz_id=5000065 'tenerife' score=1.000 nombre=False saint_only=False terr= phase=auto_adopt
2026-07-24 21:49:51 - matching_Stangl_Balmi - DEBUG -     gz_id=5000075 'crus' score=1.000 nombre=False saint_only=False terr= phase=auto_adopt
2026-07-24 21:49:51 - matching_Stangl_Balmi - DEBUG -     gz_id=5000075 'crus' score=1.000 nombre=False saint_only=False terr= phase=auto_adopt
2026-07-24 21:49:51 - matching_Stangl_Balmi - DEBUG -     gz_id=5000075 'crus' score=1.000 nombre=False saint_only=False terr= phase=auto_adopt
2026-07-24 21:49:51 - matching_Stangl_Balmi - DEBUG -     gz_id=5000075 'crus' score=1.000 nombre=False saint_only=False terr= phase=auto_adopt
2026-07-24 21:49:51 - matching_Stangl_Balmi - DEBUG -     gz_id=5000075 'crus' score=1.000 nombre=False saint_only=False terr= phase=auto_adopt
2026-07-24 21:49:51 - matching_Stangl_Balmi - DEBUG -     gz_id=5000111 'santa crus' score=1.000 nombre=False saint_only=False terr= phase=auto_adopt
2026-07-24 21:49:51 - matching_Stangl_Balmi - DEBUG -     gz_id=5000111 'santa crus' score=1.000 nombre=False saint_only=False terr= phase=auto_adopt
2026-07-24 21:49:51 - matching_Stangl_Balmi - DEBUG -     gz_id=6001575 'santa crus' score=1.000 nombre=False saint_only=False terr= phase=auto_adopt
2026-07-24 21:49:51 - matching_Stangl_Balmi - DEBUG -     gz_id=6001575 'santa crus' score=1.000 nombre=False saint_only=False terr= phase=auto_adopt
2026-07-24 21:49:51 - matching_Stangl_Balmi - DEBUG -     gz_id=1001786 'santa crus' score=1.000 nombre=False saint_only=False terr= phase=auto_adopt
2026-07-24 21:49:51 - matching_Stangl_Balmi - DEBUG -     gz_id=1001786 'santa crus' score=1.000 nombre=False saint_only=False terr= phase=auto_adopt
2026-07-24 21:49:51 - matching_Stangl_Balmi - DEBUG -     gz_id=7000128 'santa crus' score=1.000 nombre=False saint_only=False terr= phase=auto_adopt
2026-07-24 21:49:51 - matching_Stangl_Balmi - DEBUG -     gz_id=7000128 'santa crus' score=1.000 nombre=False saint_only=False terr= phase=auto_adopt
2026-07-24 21:49:51 - matching_Stangl_Balmi - DEBUG -     gz_id=7000128 'santa crus' score=1.000 nombre=False saint_only=False terr= phase=auto_adopt
2026-07-24 21:49:51 - matching_Stangl_Balmi - DEBUG -     gz_id=1005200 'santa crus' score=1.000 nombre=False saint_only=False terr= phase=auto_adopt
2026-07-24 21:49:51 - matching_Stangl_Balmi - DEBUG -     gz_id=1005200 'santa crus' score=1.000 nombre=False saint_only=False terr= phase=auto_adopt
2026-07-24 21:49:51 - matching_Stangl_Balmi - DEBUG -     gz_id=1005263 'santa crus' score=1.000 nombre=False saint_only=False terr= phase=auto_adopt
2026-07-24 21:49:51 - matching_Stangl_Balmi - DEBUG -     gz_id=1005263 'santa crus' score=1.000 nombre=False saint_only=False terr= phase=auto_adopt
2026-07-24 21:49:51 - matching_Stangl_Balmi - DEBUG -     gz_id=8000009 'santa crus' score=1.000 nombre=False saint_only=False terr= phase=candidate
2026-07-24 21:49:51 - matching_Stangl_Balmi - DEBUG -     gz_id=8000009 'santa crus' score=1.000 nombre=False saint_only=False terr= phase=candidate
2026-07-24 21:49:51 - matching_Stangl_Balmi - DEBUG -     gz_id=1005509 'crus' score=1.000 nombre=False saint_only=False terr= phase=auto_adopt
2026-07-24 21:49:51 - matching_Stangl_Balmi - DEBUG -     gz_id=5000829 'crus' score=1.000 nombre=False saint_only=False terr= phase=candidate
2026-07-24 21:49:51 - matching_Stangl_Balmi - DEBUG -     gz_id=5000829 'crus' score=1.000 nombre=False saint_only=False terr= phase=candidate
2026-07-24 21:49:51 - matching_Stangl_Balmi - DEBUG -     gz_id=5000829 'crus' score=1.000 nombre=False saint_only=False terr= phase=candidate
2026-07-24 21:49:51 - matching_Stangl_Balmi - DEBUG -     gz_id=5000829 'crus' score=1.000 nombre=False saint_only=False terr= phase=candidate
2026-07-24 21:49:51 - matching_Stangl_Balmi - DEBUG -     gz_id=1002412 'santa crus' score=1.000 nombre=False saint_only=False terr= phase=auto_adopt
2026-07-24 21:49:51 - matching_Stangl_Balmi - DEBUG -     gz_id=1002412 'santa crus' score=1.000 nombre=False saint_only=False terr= phase=auto_adopt
2026-07-24 21:49:51 - matching_Stangl_Balmi - DEBUG -     gz_id=1002462 'santa crus' score=1.000 nombre=False saint_only=False terr= phase=auto_adopt
2026-07-24 21:49:51 - matching_Stangl_Balmi - DEBUG -     gz_id=1002462 'santa crus' score=1.000 nombre=False saint_only=False terr= phase=auto_adopt
2026-07-24 21:49:51 - matching_Stangl_Balmi - DEBUG -     gz_id=1002612 'santa crus' score=1.000 nombre=False saint_only=False terr= phase=auto_adopt
2026-07-24 21:49:51 - matching_Stangl_Balmi - DEBUG -     gz_id=1002612 'santa crus' score=1.000 nombre=False saint_only=False terr= phase=auto_adopt
2026-07-24 21:49:51 - matching_Stangl_Balmi - DEBUG -     gz_id=5600159 'crus' score=1.000 nombre=False saint_only=False terr= phase=auto_adopt
2026-07-24 21:49:51 - matching_Stangl_Balmi - DEBUG -     gz_id=5600159 'crus' score=1.000 nombre=False saint_only=False terr= phase=auto_adopt
2026-07-24 21:49:51 - matching_Stangl_Balmi - DEBUG -     gz_id=5600159 'crus' score=1.000 nombre=False saint_only=False terr= phase=auto_adopt
2026-07-24 21:49:51 - matching_Stangl_Balmi - DEBUG -     gz_id=1002690 'santa crus' score=1.000 nombre=False saint_only=False terr= phase=auto_adopt
2026-07-24 21:49:51 - matching_Stangl_Balmi - DEBUG -     gz_id=1002690 'santa crus' score=1.000 nombre=False saint_only=False terr= phase=auto_adopt
2026-07-24 21:49:51 - matching_Stangl_Balmi - DEBUG -     gz_id=5600207 'crus' score=1.000 nombre=False saint_only=False terr= phase=auto_adopt
2026-07-24 21:49:51 - matching_Stangl_Balmi - DEBUG -     gz_id=5600207 'crus' score=1.000 nombre=False saint_only=False terr= phase=auto_adopt
2026-07-24 21:49:51 - matching_Stangl_Balmi - DEBUG -     gz_id=5600207 'crus' score=1.000 nombre=False saint_only=False terr= phase=auto_adopt
2026-07-24 21:49:51 - matching_Stangl_Balmi - DEBUG -     gz_id=1002826 'santa crus' score=1.000 nombre=False saint_only=False terr= phase=auto_adopt
2026-07-24 21:49:51 - matching_Stangl_Balmi - DEBUG -     gz_id=1002826 'santa crus' score=1.000 nombre=False saint_only=False terr= phase=auto_adopt
2026-07-24 21:49:51 - matching_Stangl_Balmi - DEBUG -     gz_id=8000680 'santa crus' score=1.000 nombre=False saint_only=False terr= phase=auto_adopt
2026-07-24 21:49:51 - matching_Stangl_Balmi - DEBUG -     gz_id=8000680 'santa crus' score=1.000 nombre=False saint_only=False terr= phase=auto_adopt
2026-07-24 21:49:51 - matching_Stangl_Balmi - DEBUG -     gz_id=8000680 'santa crus' score=1.000 nombre=False saint_only=False terr= phase=auto_adopt
2026-07-24 21:49:51 - matching_Stangl_Balmi - DEBUG -     gz_id=1002912 'santa crus' score=1.000 nombre=False saint_only=False terr= phase=auto_adopt
2026-07-24 21:49:51 - matching_Stangl_Balmi - DEBUG -     gz_id=1002912 'santa crus' score=1.000 nombre=False saint_only=False terr= phase=auto_adopt
2026-07-24 21:49:51 - matching_Stangl_Balmi - DEBUG -     gz_id=9000191 'crus' score=1.000 nombre=False saint_only=False terr= phase=candidate
2026-07-24 21:49:51 - matching_Stangl_Balmi - DEBUG -     gz_id=9000191 'crus' score=1.000 nombre=False saint_only=False terr= phase=candidate
2026-07-24 21:49:51 - matching_Stangl_Balmi - DEBUG -     gz_id=9000191 'crus' score=1.000 nombre=False saint_only=False terr= phase=candidate
2026-07-24 21:49:51 - matching_Stangl_Balmi - DEBUG -     gz_id=9000191 'crus' score=1.000 nombre=False saint_only=False terr= phase=candidate
2026-07-24 21:49:51 - matching_Stangl_Balmi - DEBUG -     gz_id=9000191 'crus' score=1.000 nombre=False saint_only=False terr= phase=candidate
2026-07-24 21:49:51 - matching_Stangl_Balmi - DEBUG -     gz_id=9000191 'crus' score=1.000 nombre=False saint_only=False terr= phase=candidate
2026-07-24 21:49:51 - matching_Stangl_Balmi - DEBUG -     gz_id=5600450 'crus' score=1.000 nombre=False saint_only=False terr= phase=auto_adopt
2026-07-24 21:49:51 - matching_Stangl_Balmi - DEBUG -     gz_id=5600450 'crus' score=1.000 nombre=False saint_only=False terr= phase=auto_adopt
2026-07-24 21:49:51 - matching_Stangl_Balmi - DEBUG -     gz_id=5600450 'crus' score=1.000 nombre=False saint_only=False terr= phase=auto_adopt
2026-07-24 21:49:51 - matching_Stangl_Balmi - DEBUG -     gz_id=9000191 'crus' score=1.000 nombre=False saint_only=False terr= phase=candidate
2026-07-24 21:49:51 - matching_Stangl_Balmi - DEBUG -     gz_id=6000874 'ate' score=0.963 nombre=False saint_only=False terr= phase=auto_adopt
2026-07-24 21:49:51 - matching_Stangl_Balmi - DEBUG -     gz_id=6000874 'ate' score=0.963 nombre=False saint_only=False terr= phase=auto_adopt
2026-07-24 21:49:51 - matching_Stangl_Balmi - DEBUG -     gz_id=1000066 'tepic' score=0.897 nombre=False saint_only=False terr= phase=candidate
2026-07-24 21:49:51 - matching_Stangl_Balmi - DEBUG -     gz_id=1000066 'tepic' score=0.897 nombre=False saint_only=False terr= phase=candidate
2026-07-24 21:49:51 - matching_Stangl_Balmi - DEBUG -     gz_id=1001438 'santa crus monte' score=0.897 nombre=False saint_only=False terr= phase=candidate
2026-07-24 21:49:51 - matching_Stangl_Balmi - DEBUG -     gz_id=1001438 'santa crus monte' score=0.897 nombre=False saint_only=False terr= phase=candidate
2026-07-24 21:49:51 - matching_Stangl_Balmi - DEBUG -     gz_id=1005363 'neira' score=0.875 nombre=False saint_only=False terr= phase=candidate
2026-07-24 21:49:51 - matching_Stangl_Balmi - DEBUG -     gz_id=1005363 'neira' score=0.875 nombre=False saint_only=False terr= phase=candidate
2026-07-24 21:49:51 - matching_Stangl_Balmi - DEBUG -     gz_id=1002543 'jitla' score=0.857 nombre=False saint_only=False terr= phase=candidate
2026-07-24 21:49:51 - matching_Stangl_Balmi - DEBUG -     gz_id=1002543 'jitla' score=0.857 nombre=False saint_only=False terr= phase=candidate
2026-07-24 21:49:51 - matching_Stangl_Balmi - DEBUG -     gz_id=9000023 'santa fe' score=0.857 nombre=False saint_only=False terr= phase=candidate
2026-07-24 21:49:51 - matching_Stangl_Balmi - DEBUG -     gz_id=9000023 'santa fe' score=0.857 nombre=False saint_only=False terr= phase=candidate
2026-07-24 21:49:51 - matching_Stangl_Balmi - DEBUG -     gz_id=9000023 'santa fe' score=0.857 nombre=False saint_only=False terr= phase=candidate
2026-07-24 21:49:51 - matching_Stangl_Balmi - DEBUG -     gz_id=1001925 'temuthe' score=0.848 nombre=False saint_only=False terr= phase=relegated
2026-07-24 21:49:51 - matching_Stangl_Balmi - DEBUG -     gz_id=1001925 'temuthe' score=0.848 nombre=False saint_only=False terr= phase=relegated
2026-07-24 21:49:51 - matching_Stangl_Balmi - DEBUG -     gz_id=7000049 'colchahua' score=0.846 nombre=False saint_only=False terr= phase=relegated
2026-07-24 21:49:51 - matching_Stangl_Balmi - DEBUG -     gz_id=7000049 'colchahua' score=0.846 nombre=False saint_only=False terr= phase=relegated
2026-07-24 21:49:51 - matching_Stangl_Balmi - DEBUG -     gz_id=1005163 'nuca' score=0.846 nombre=False saint_only=False terr= phase=relegated
2026-07-24 21:49:51 - matching_Stangl_Balmi - DEBUG -     gz_id=2000147 'chol' score=0.846 nombre=False saint_only=False terr= phase=relegated
2026-07-24 21:49:51 - matching_Stangl_Balmi - DEBUG -     gz_id=5600024 'puna' score=0.846 nombre=False saint_only=False terr= phase=relegated
2026-07-24 21:49:51 - matching_Stangl_Balmi - DEBUG -     gz_id=5600024 'puna' score=0.846 nombre=False saint_only=False terr= phase=relegated
2026-07-24 21:49:51 - matching_Stangl_Balmi - DEBUG -     gz_id=5600024 'puna' score=0.846 nombre=False saint_only=False terr= phase=relegated
2026-07-24 21:49:51 - matching_Stangl_Balmi - DEBUG -     gz_id=5600024 'puna' score=0.846 nombre=False saint_only=False terr= phase=relegated
2026-07-24 21:49:51 - matching_Stangl_Balmi - DEBUG -     gz_id=5600024 'puna' score=0.846 nombre=False saint_only=False terr= phase=relegated
2026-07-24 21:49:51 - matching_Stangl_Balmi - DEBUG -     gz_id=5600024 'puna' score=0.846 nombre=False saint_only=False terr= phase=relegated
2026-07-24 21:49:51 - matching_Stangl_Balmi - DEBUG -     gz_id=3000331 'san carlos tenerife' score=1.000 nombre=False saint_only=False terr= phase=candidate
2026-07-24 21:49:51 - matching_Stangl_Balmi - DEBUG -     gz_id=3000331 'san carlos tenerife' score=1.000 nombre=False saint_only=False terr= phase=candidate
2026-07-24 21:49:51 - matching_Stangl_Balmi - DEBUG -     gz_id=1000989 'tecamac' score=0.839 nombre=False saint_only=False terr= phase=relegated
2026-07-24 21:49:51 - matching_Stangl_Balmi - DEBUG -     gz_id=1000989 'tecamac' score=0.839 nombre=False saint_only=False terr= phase=relegated
2026-07-24 21:49:51 - matching_Stangl_Balmi - DEBUG -     gz_id=1001474 'tetipac' score=0.839 nombre=False saint_only=False terr= phase=relegated
2026-07-24 21:49:51 - matching_Stangl_Balmi - DEBUG -     gz_id=1001474 'tetipac' score=0.839 nombre=False saint_only=False terr= phase=relegated
2026-07-24 21:49:51 - matching_Stangl_Balmi - DEBUG -     gz_id=7000259 'rancahua' score=0.839 nombre=False saint_only=False terr= phase=relegated
2026-07-24 21:49:51 - matching_Stangl_Balmi - DEBUG -     gz_id=7000259 'rancahua' score=0.839 nombre=False saint_only=False terr= phase=relegated
2026-07-24 21:49:51 - matching_Stangl_Balmi - DEBUG -     gz_id=1002046 'tanaco' score=0.839 nombre=False saint_only=False terr= phase=relegated
2026-07-24 21:49:51 - matching_Stangl_Balmi - DEBUG -     gz_id=1002046 'tanaco' score=0.839 nombre=False saint_only=False terr= phase=relegated
2026-07-24 21:49:51 - matching_Stangl_Balmi - DEBUG -     gz_id=1002046 'tanaco' score=0.839 nombre=False saint_only=False terr= phase=relegated
2026-07-24 21:49:51 - matching_Stangl_Balmi - DEBUG -     gz_id=1003094 'santa crus nueba' score=0.839 nombre=False saint_only=False terr= phase=relegated
2026-07-24 21:49:51 - matching_Stangl_Balmi - DEBUG -     gz_id=1003094 'santa crus nueba' score=0.839 nombre=False saint_only=False terr= phase=relegated
2026-07-24 21:49:51 - matching_Stangl_Balmi - DEBUG -     gz_id=1003098 'tejalpa' score=0.839 nombre=False saint_only=False terr= phase=relegated
2026-07-24 21:49:51 - matching_Stangl_Balmi - DEBUG -     gz_id=1003098 'tejalpa' score=0.839 nombre=False saint_only=False terr= phase=relegated
2026-07-24 21:49:51 - matching_Stangl_Balmi - DEBUG -     gz_id=1002468 'tepenixtlahuaca' score=0.833 nombre=False saint_only=False terr= phase=relegated
2026-07-24 21:49:51 - matching_Stangl_Balmi - DEBUG -     gz_id=1002468 'tepenixtlahuaca' score=0.833 nombre=False saint_only=False terr= phase=relegated
2026-07-24 21:49:51 - matching_Stangl_Balmi - DEBUG -     gz_id=3000231 'ceibo' score=0.828 nombre=False saint_only=False terr= phase=relegated
2026-07-24 21:49:51 - matching_Stangl_Balmi - DEBUG -     gz_id=3000231 'ceibo' score=0.828 nombre=False saint_only=False terr= phase=relegated
2026-07-24 21:49:51 - matching_Stangl_Balmi - DEBUG -     gz_id=1000851 'atoiac' score=0.828 nombre=False saint_only=False terr= phase=relegated
2026-07-24 21:49:51 - matching_Stangl_Balmi - DEBUG -     gz_id=1000851 'atoiac' score=0.828 nombre=False saint_only=False terr= phase=relegated
2026-07-24 21:49:51 - matching_Stangl_Balmi - DEBUG -     gz_id=1000851 'atoiac' score=0.828 nombre=False saint_only=False terr= phase=relegated
2026-07-24 21:49:51 - matching_Stangl_Balmi - DEBUG -     gz_id=1000851 'atoiac' score=0.828 nombre=False saint_only=False terr= phase=relegated
2026-07-24 21:49:51 - matching_Stangl_Balmi - DEBUG -     gz_id=6000938 'santa crus balle' score=0.828 nombre=False saint_only=False terr= phase=relegated
2026-07-24 21:49:51 - matching_Stangl_Balmi - DEBUG -     gz_id=6000938 'santa crus balle' score=0.828 nombre=False saint_only=False terr= phase=relegated
2026-07-24 21:49:51 - matching_Stangl_Balmi - DEBUG -     gz_id=1002843 'taiata' score=0.828 nombre=False saint_only=False terr= phase=relegated
2026-07-24 21:49:51 - matching_Stangl_Balmi - DEBUG -     gz_id=1002843 'taiata' score=0.828 nombre=False saint_only=False terr= phase=relegated
2026-07-24 21:49:51 - matching_Stangl_Balmi - DEBUG -     gz_id=1003968 'nacori' score=0.824 nombre=False saint_only=False terr= phase=relegated
2026-07-24 21:49:51 - matching_Stangl_Balmi - DEBUG -     gz_id=1003968 'nacori' score=0.824 nombre=False saint_only=False terr= phase=relegated
2026-07-24 21:49:51 - matching_Stangl_Balmi - DEBUG -     gz_id=1003968 'nacori' score=0.824 nombre=False saint_only=False terr= phase=relegated
2026-07-24 21:49:51 - matching_Stangl_Balmi - DEBUG -     gz_id=1003968 'nacori' score=0.824 nombre=False saint_only=False terr= phase=relegated
2026-07-24 21:49:51 - matching_Stangl_Balmi - DEBUG -     gz_id=1003968 'nacori' score=0.824 nombre=False saint_only=False terr= phase=relegated
2026-07-24 21:49:51 - matching_Stangl_Balmi - DEBUG -     gz_id=1003968 'nacori' score=0.824 nombre=False saint_only=False terr= phase=relegated
2026-07-24 21:49:51 - matching_Stangl_Balmi - DEBUG -     gz_id=1003968 'nacori' score=0.824 nombre=False saint_only=False terr= phase=relegated
2026-07-24 21:49:51 - matching_Stangl_Balmi - DEBUG -     gz_id=1002242 'nejila' score=0.824 nombre=False saint_only=False terr= phase=relegated
2026-07-24 21:49:51 - matching_Stangl_Balmi - DEBUG -     gz_id=1002242 'nejila' score=0.824 nombre=False saint_only=False terr= phase=relegated
2026-07-24 21:49:51 - matching_Stangl_Balmi - DEBUG -     gz_id=1002920 'tepetotutla' score=0.824 nombre=False saint_only=False terr= phase=relegated
2026-07-24 21:49:51 - matching_Stangl_Balmi - DEBUG -     gz_id=1002920 'tepetotutla' score=0.824 nombre=False saint_only=False terr= phase=relegated
2026-07-24 21:49:51 - matching_Stangl_Balmi - DEBUG -     gz_id=1002920 'tepetotutla' score=0.824 nombre=False saint_only=False terr= phase=relegated
2026-07-24 21:49:51 - matching_Stangl_Balmi - DEBUG -     gz_id=4000267 'nogal' score=0.815 nombre=False saint_only=False terr= phase=relegated
2026-07-24 21:49:51 - matching_Stangl_Balmi - DEBUG -     gz_id=6001270 'lamas' score=0.815 nombre=False saint_only=False terr= phase=relegated
2026-07-24 21:49:51 - matching_Stangl_Balmi - DEBUG -     gz_id=6001270 'lamas' score=0.815 nombre=False saint_only=False terr= phase=relegated
2026-07-24 21:49:51 - matching_Stangl_Balmi - DEBUG -     gz_id=6001270 'lamas' score=0.815 nombre=False saint_only=False terr= phase=relegated
2026-07-24 21:49:51 - matching_Stangl_Balmi - DEBUG -     gz_id=5600304 'santa crus mumus' score=0.815 nombre=False saint_only=False terr= phase=relegated
2026-07-24 21:49:51 - matching_Stangl_Balmi - DEBUG -     gz_id=5600304 'santa crus mumus' score=0.815 nombre=False saint_only=False terr= phase=relegated
2026-07-24 21:49:51 - matching_Stangl_Balmi - DEBUG -     gz_id=3000065 'santa crus pinos' score=0.815 nombre=False saint_only=False terr= phase=relegated
2026-07-24 21:49:51 - matching_Stangl_Balmi - DEBUG -     gz_id=3000065 'santa crus pinos' score=0.815 nombre=False saint_only=False terr= phase=relegated
2026-07-24 21:49:51 - matching_Stangl_Balmi - DEBUG -     gz_id=3000065 'santa crus pinos' score=0.815 nombre=False saint_only=False terr= phase=relegated
2026-07-24 21:49:51 - matching_Stangl_Balmi - DEBUG -     gz_id=3000065 'santa crus pinos' score=0.815 nombre=False saint_only=False terr= phase=relegated
2026-07-24 21:49:51 - matching_Stangl_Balmi - DEBUG -     gz_id=1000207 'matatan' score=0.812 nombre=False saint_only=False terr= phase=relegated
2026-07-24 21:49:51 - matching_Stangl_Balmi - DEBUG -     gz_id=1000207 'matatan' score=0.812 nombre=False saint_only=False terr= phase=relegated
2026-07-24 21:49:51 - matching_Stangl_Balmi - DEBUG -     gz_id=1000207 'matatan' score=0.812 nombre=False saint_only=False terr= phase=relegated
2026-07-24 21:49:51 - matching_Stangl_Balmi - DEBUG -     gz_id=1000207 'matatan' score=0.812 nombre=False saint_only=False terr= phase=relegated
2026-07-24 21:49:51 - matching_Stangl_Balmi - DEBUG -     gz_id=1000207 'matatan' score=0.812 nombre=False saint_only=False terr= phase=relegated
2026-07-24 21:49:51 - matching_Stangl_Balmi - DEBUG -     gz_id=1001528 'texcalapa' score=0.812 nombre=False saint_only=False terr= phase=relegated
2026-07-24 21:49:51 - matching_Stangl_Balmi - DEBUG -     gz_id=1001528 'texcalapa' score=0.812 nombre=False saint_only=False terr= phase=relegated
2026-07-24 21:49:51 - matching_Stangl_Balmi - DEBUG -     gz_id=1001528 'texcalapa' score=0.812 nombre=False saint_only=False terr= phase=relegated
2026-07-24 21:49:51 - matching_Stangl_Balmi - DEBUG -     gz_id=1001528 'texcalapa' score=0.812 nombre=False saint_only=False terr= phase=relegated
2026-07-24 21:49:51 - matching_Stangl_Balmi - DEBUG -     gz_id=1005246 'santa crus rejistro' score=0.812 nombre=False saint_only=False terr= phase=relegated
2026-07-24 21:49:51 - matching_Stangl_Balmi - DEBUG -     gz_id=1005246 'santa crus rejistro' score=0.812 nombre=False saint_only=False terr= phase=relegated
2026-07-24 21:49:51 - matching_Stangl_Balmi - DEBUG -     gz_id=2000185 'comitan' score=0.812 nombre=False saint_only=False terr= phase=relegated
2026-07-24 21:49:51 - matching_Stangl_Balmi - DEBUG -     gz_id=1001073 'alberto' score=0.800 nombre=False saint_only=False terr= phase=relegated
2026-07-24 21:49:51 - matching_Stangl_Balmi - DEBUG -     gz_id=1001073 'alberto' score=0.800 nombre=False saint_only=False terr= phase=relegated
2026-07-24 21:49:51 - matching_Stangl_Balmi - DEBUG -     gz_id=5000409 'urumita' score=0.800 nombre=False saint_only=False terr= phase=relegated
2026-07-24 21:49:51 - matching_Stangl_Balmi - DEBUG -     gz_id=5000409 'urumita' score=0.800 nombre=False saint_only=False terr= phase=relegated
2026-07-24 21:49:51 - matching_Stangl_Balmi - DEBUG -     gz_id=1005386 'nutrias' score=0.800 nombre=False saint_only=False terr= phase=relegated
2026-07-24 21:49:51 - matching_Stangl_Balmi - DEBUG -     gz_id=1005386 'nutrias' score=0.800 nombre=False saint_only=False terr= phase=relegated
2026-07-24 21:49:51 - matching_Stangl_Balmi - DEBUG -     gz_id=1005386 'nutrias' score=0.800 nombre=False saint_only=False terr= phase=relegated
2026-07-24 21:49:51 - matching_Stangl_Balmi - DEBUG -     gz_id=1005386 'nutrias' score=0.800 nombre=False saint_only=False terr= phase=relegated
2026-07-24 21:49:51 - matching_Stangl_Balmi - DEBUG -     gz_id=1005386 'nutrias' score=0.800 nombre=False saint_only=False terr= phase=relegated
2026-07-24 21:49:51 - matching_Stangl_Balmi - DEBUG -     gz_id=2000189 'santa crus quiche' score=0.800 nombre=False saint_only=False terr= phase=relegated
2026-07-24 21:49:51 - matching_Stangl_Balmi - DEBUG -     gz_id=1002839 'tacahua' score=0.800 nombre=False saint_only=False terr= phase=relegated
2026-07-24 21:49:51 - matching_Stangl_Balmi - DEBUG -     gz_id=1002839 'tacahua' score=0.800 nombre=False saint_only=False terr= phase=relegated
2026-07-24 21:49:51 - matching_Stangl_Balmi - DEBUG -     gz_id=1001540 'atisapan' score=0.788 nombre=False saint_only=False terr= phase=relegated
2026-07-24 21:49:51 - matching_Stangl_Balmi - DEBUG -     gz_id=1001540 'atisapan' score=0.788 nombre=False saint_only=False terr= phase=relegated
2026-07-24 21:49:51 - matching_Stangl_Balmi - DEBUG -     gz_id=1001540 'atisapan' score=0.788 nombre=False saint_only=False terr= phase=relegated
2026-07-24 21:49:51 - matching_Stangl_Balmi - DEBUG -     gz_id=1002750 'censontepec' score=0.788 nombre=False saint_only=False terr= phase=relegated
2026-07-24 21:49:51 - matching_Stangl_Balmi - DEBUG -     gz_id=1002750 'censontepec' score=0.788 nombre=False saint_only=False terr= phase=relegated
2026-07-24 21:49:51 - matching_Stangl_Balmi - DEBUG -     gz_id=3000163 'capoli' score=0.786 nombre=False saint_only=False terr= phase=relegated
2026-07-24 21:49:51 - matching_Stangl_Balmi - DEBUG -     gz_id=4000052 'arahua' score=0.786 nombre=False saint_only=False terr= phase=relegated
2026-07-24 21:49:51 - matching_Stangl_Balmi - DEBUG -     gz_id=4000052 'arahua' score=0.786 nombre=False saint_only=False terr= phase=relegated
2026-07-24 21:49:51 - matching_Stangl_Balmi - DEBUG -     gz_id=4000052 'arahua' score=0.786 nombre=False saint_only=False terr= phase=relegated
2026-07-24 21:49:51 - matching_Stangl_Balmi - DEBUG -     gz_id=1000546 'santa crus cocula' score=0.786 nombre=False saint_only=False terr= phase=relegated
2026-07-24 21:49:51 - matching_Stangl_Balmi - DEBUG -     gz_id=1000546 'santa crus cocula' score=0.786 nombre=False saint_only=False terr= phase=relegated
2026-07-24 21:49:51 - matching_Stangl_Balmi - DEBUG -     gz_id=9900238 'cibolo' score=0.786 nombre=False saint_only=False terr= phase=relegated
2026-07-24 21:49:51 - matching_Stangl_Balmi - DEBUG -     gz_id=9900238 'cibolo' score=0.786 nombre=False saint_only=False terr= phase=relegated
2026-07-24 21:49:51 - matching_Stangl_Balmi - DEBUG -     gz_id=9900238 'cibolo' score=0.786 nombre=False saint_only=False terr= phase=relegated
2026-07-24 21:49:51 - matching_Stangl_Balmi - DEBUG -     gz_id=9900238 'cibolo' score=0.786 nombre=False saint_only=False terr= phase=relegated
2026-07-24 21:49:51 - matching_Stangl_Balmi - DEBUG -     gz_id=1001491 'capula' score=0.786 nombre=False saint_only=False terr= phase=relegated
2026-07-24 21:49:51 - matching_Stangl_Balmi - DEBUG -     gz_id=1001491 'capula' score=0.786 nombre=False saint_only=False terr= phase=relegated
2026-07-24 21:49:51 - matching_Stangl_Balmi - DEBUG -     gz_id=1001491 'capula' score=0.786 nombre=False saint_only=False terr= phase=relegated
2026-07-24 21:49:51 - matching_Stangl_Balmi - DEBUG -     gz_id=1001491 'capula' score=0.786 nombre=False saint_only=False terr= phase=relegated
2026-07-24 21:49:51 - matching_Stangl_Balmi - DEBUG -     gz_id=5000049 'lorica' score=0.786 nombre=False saint_only=False terr= phase=relegated
2026-07-24 21:49:51 - matching_Stangl_Balmi - DEBUG -     gz_id=5000049 'lorica' score=0.786 nombre=False saint_only=False terr= phase=relegated
2026-07-24 21:49:51 - matching_Stangl_Balmi - DEBUG -     gz_id=5000049 'lorica' score=0.786 nombre=False saint_only=False terr= phase=relegated
2026-07-24 21:49:51 - matching_Stangl_Balmi - DEBUG -     gz_id=5000049 'lorica' score=0.786 nombre=False saint_only=False terr= phase=relegated
2026-07-24 21:49:51 - matching_Stangl_Balmi - DEBUG -     gz_id=2000139 'munchu' score=0.786 nombre=False saint_only=False terr= phase=relegated
2026-07-24 21:49:51 - matching_Stangl_Balmi - DEBUG -     gz_id=2000390 'santa crus lahuna' score=0.786 nombre=False saint_only=False terr= phase=relegated
2026-07-24 21:49:51 - matching_Stangl_Balmi - DEBUG -     gz_id=1000676 'baltierrilla' score=0.778 nombre=False saint_only=False terr= phase=relegated
2026-07-24 21:49:51 - matching_Stangl_Balmi - DEBUG -     gz_id=1000676 'baltierrilla' score=0.778 nombre=False saint_only=False terr= phase=relegated
2026-07-24 21:49:51 - matching_Stangl_Balmi - DEBUG -     gz_id=1003573 'tlacotepec' score=0.774 nombre=False saint_only=False terr= phase=relegated
2026-07-24 21:49:51 - matching_Stangl_Balmi - DEBUG -     gz_id=1003573 'tlacotepec' score=0.774 nombre=False saint_only=False terr= phase=relegated
2026-07-24 21:49:51 - matching_Stangl_Balmi - DEBUG -     gz_id=1003573 'tlacotepec' score=0.774 nombre=False saint_only=False terr= phase=relegated
2026-07-24 21:49:51 - matching_Stangl_Balmi - DEBUG -     gz_id=1000395 'nasas' score=0.774 nombre=False saint_only=False terr= phase=relegated
2026-07-24 21:49:51 - matching_Stangl_Balmi - DEBUG -     gz_id=1000395 'nasas' score=0.774 nombre=False saint_only=False terr= phase=relegated
2026-07-24 21:49:51 - matching_Stangl_Balmi - DEBUG -     gz_id=1000395 'nasas' score=0.774 nombre=False saint_only=False terr= phase=relegated
2026-07-24 21:49:51 - matching_Stangl_Balmi - DEBUG -     gz_id=1000555 'santa crus soledad' score=0.774 nombre=False saint_only=False terr= phase=relegated
2026-07-24 21:49:51 - matching_Stangl_Balmi - DEBUG -     gz_id=1000555 'santa crus soledad' score=0.774 nombre=False saint_only=False terr= phase=relegated
2026-07-24 21:49:51 - matching_Stangl_Balmi - DEBUG -     gz_id=1004130 'santa crus tlaxcala' score=0.774 nombre=False saint_only=False terr= phase=relegated
2026-07-24 21:49:51 - matching_Stangl_Balmi - DEBUG -     gz_id=1004130 'santa crus tlaxcala' score=0.774 nombre=False saint_only=False terr= phase=relegated
2026-07-24 21:49:51 - matching_Stangl_Balmi - DEBUG -     gz_id=1004130 'santa crus tlaxcala' score=0.774 nombre=False saint_only=False terr= phase=relegated
2026-07-24 21:49:51 - matching_Stangl_Balmi - DEBUG -     gz_id=1001501 'ixtapan' score=0.774 nombre=False saint_only=False terr= phase=relegated
2026-07-24 21:49:51 - matching_Stangl_Balmi - DEBUG -     gz_id=1001501 'ixtapan' score=0.774 nombre=False saint_only=False terr= phase=relegated
2026-07-24 21:49:51 - matching_Stangl_Balmi - DEBUG -     gz_id=1004817 'tapaculmes' score=0.774 nombre=False saint_only=False terr= phase=relegated
2026-07-24 21:49:51 - matching_Stangl_Balmi - DEBUG -     gz_id=1004817 'tapaculmes' score=0.774 nombre=False saint_only=False terr= phase=relegated
2026-07-24 21:49:51 - matching_Stangl_Balmi - DEBUG -     gz_id=1004817 'tapaculmes' score=0.774 nombre=False saint_only=False terr= phase=relegated
2026-07-24 21:49:51 - matching_Stangl_Balmi - DEBUG -     gz_id=1004817 'tapaculmes' score=0.774 nombre=False saint_only=False terr= phase=relegated
2026-07-24 21:49:51 - matching_Stangl_Balmi - DEBUG -     gz_id=1004817 'tapaculmes' score=0.774 nombre=False saint_only=False terr= phase=relegated
2026-07-24 21:49:51 - matching_Stangl_Balmi - DEBUG -     gz_id=1005415 'santa crus urrecha' score=0.774 nombre=False saint_only=False terr= phase=relegated
2026-07-24 21:49:51 - matching_Stangl_Balmi - DEBUG -     gz_id=1005415 'santa crus urrecha' score=0.774 nombre=False saint_only=False terr= phase=relegated
2026-07-24 21:49:51 - matching_Stangl_Balmi - DEBUG -     gz_id=1005415 'santa crus urrecha' score=0.774 nombre=False saint_only=False terr= phase=relegated
2026-07-24 21:49:51 - matching_Stangl_Balmi - DEBUG -     gz_id=1002784 'itundujia' score=0.774 nombre=False saint_only=False terr= phase=relegated
2026-07-24 21:49:51 - matching_Stangl_Balmi - DEBUG -     gz_id=1002784 'itundujia' score=0.774 nombre=False saint_only=False terr= phase=relegated
2026-07-24 21:49:51 - matching_Stangl_Balmi - DEBUG -     gz_id=1003012 'iagabila' score=0.774 nombre=False saint_only=False terr= phase=relegated
2026-07-24 21:49:51 - matching_Stangl_Balmi - DEBUG -     gz_id=1003012 'iagabila' score=0.774 nombre=False saint_only=False terr= phase=relegated
2026-07-24 21:49:51 - matching_Stangl_Balmi - DEBUG -     gz_id=9000052 'quilmes' score=0.774 nombre=False saint_only=False terr= phase=relegated
2026-07-24 21:49:51 - matching_Stangl_Balmi - DEBUG -     gz_id=9000052 'quilmes' score=0.774 nombre=False saint_only=False terr= phase=relegated
2026-07-24 21:49:51 - matching_Stangl_Balmi - DEBUG -     gz_id=9000052 'quilmes' score=0.774 nombre=False saint_only=False terr= phase=relegated
2026-07-24 21:49:51 - matching_Stangl_Balmi - DEBUG -     gz_id=9900144 'santa juana crus' score=0.769 nombre=False saint_only=False terr= phase=relegated
2026-07-24 21:49:51 - matching_Stangl_Balmi - DEBUG -     gz_id=9900144 'santa juana crus' score=0.769 nombre=False saint_only=False terr= phase=relegated
2026-07-24 21:49:51 - matching_Stangl_Balmi - DEBUG -     gz_id=9900144 'santa juana crus' score=0.769 nombre=False saint_only=False terr= phase=relegated
2026-07-24 21:49:51 - matching_Stangl_Balmi - DEBUG -     gz_id=9900144 'santa juana crus' score=0.769 nombre=False saint_only=False terr= phase=relegated
2026-07-24 21:49:51 - matching_Stangl_Balmi - DEBUG -     gz_id=9900144 'santa juana crus' score=0.769 nombre=False saint_only=False terr= phase=relegated
2026-07-24 21:49:51 - matching_Stangl_Balmi - DEBUG -     gz_id=9900144 'santa juana crus' score=0.769 nombre=False saint_only=False terr= phase=relegated
2026-07-24 21:49:51 - matching_Stangl_Balmi - DEBUG -     gz_id=9900844 'balle santa crus' score=0.769 nombre=False saint_only=False terr= phase=relegated
2026-07-24 21:49:51 - matching_Stangl_Balmi - DEBUG -     gz_id=9900844 'balle santa crus' score=0.769 nombre=False saint_only=False terr= phase=relegated
2026-07-24 21:49:51 - matching_Stangl_Balmi - DEBUG -     gz_id=9900844 'balle santa crus' score=0.769 nombre=False saint_only=False terr= phase=relegated
2026-07-24 21:49:51 - matching_Stangl_Balmi - DEBUG -     gz_id=9900844 'balle santa crus' score=0.769 nombre=False saint_only=False terr= phase=relegated
2026-07-24 21:49:51 - matching_Stangl_Balmi - DEBUG -     gz_id=9900844 'balle santa crus' score=0.769 nombre=False saint_only=False terr= phase=relegated
2026-07-24 21:49:51 - matching_Stangl_Balmi - DEBUG -     gz_id=9000733 'canada crus' score=0.762 nombre=False saint_only=False terr= phase=relegated
2026-07-24 21:49:51 - matching_Stangl_Balmi - DEBUG -     gz_id=9000733 'canada crus' score=0.762 nombre=False saint_only=False terr= phase=relegated
2026-07-24 21:49:51 - matching_Stangl_Balmi - DEBUG -     gz_id=9000733 'canada crus' score=0.762 nombre=False saint_only=False terr= phase=relegated
2026-07-24 21:49:51 - matching_Stangl_Balmi - DEBUG -     gz_id=9000121 'capilla cenor' score=0.762 nombre=False saint_only=False terr= phase=relegated
2026-07-24 21:49:51 - matching_Stangl_Balmi - DEBUG -     gz_id=9000121 'capilla cenor' score=0.762 nombre=False saint_only=False terr= phase=relegated
2026-07-24 21:49:51 - matching_Stangl_Balmi - DEBUG -     gz_id=9000121 'capilla cenor' score=0.762 nombre=False saint_only=False terr= phase=relegated
2026-07-24 21:49:51 - matching_Stangl_Balmi - DEBUG -     gz_id=3000193 'baiamon' score=0.759 nombre=False saint_only=False terr= phase=relegated
2026-07-24 21:49:51 - matching_Stangl_Balmi - DEBUG -     gz_id=3000193 'baiamon' score=0.759 nombre=False saint_only=False terr= phase=relegated
2026-07-24 21:49:51 - matching_Stangl_Balmi - DEBUG -     gz_id=3000193 'baiamon' score=0.759 nombre=False saint_only=False terr= phase=relegated
2026-07-24 21:49:51 - matching_Stangl_Balmi - DEBUG -     gz_id=4000141 'huarico' score=0.759 nombre=False saint_only=False terr= phase=relegated
2026-07-24 21:49:51 - matching_Stangl_Balmi - DEBUG -     gz_id=4000141 'huarico' score=0.759 nombre=False saint_only=False terr= phase=relegated
2026-07-24 21:49:51 - matching_Stangl_Balmi - DEBUG -     gz_id=4000141 'huarico' score=0.759 nombre=False saint_only=False terr= phase=relegated
2026-07-24 21:49:51 - matching_Stangl_Balmi - DEBUG -     gz_id=4000141 'huarico' score=0.759 nombre=False saint_only=False terr= phase=relegated
2026-07-24 21:49:51 - matching_Stangl_Balmi - DEBUG -     gz_id=4000141 'huarico' score=0.759 nombre=False saint_only=False terr= phase=relegated
2026-07-24 21:49:51 - matching_Stangl_Balmi - DEBUG -     gz_id=4000141 'huarico' score=0.759 nombre=False saint_only=False terr= phase=relegated
2026-07-24 21:49:51 - matching_Stangl_Balmi - DEBUG -     gz_id=9900039 'charcas' score=0.759 nombre=False saint_only=False terr= phase=relegated
2026-07-24 21:49:51 - matching_Stangl_Balmi - DEBUG -     gz_id=9900039 'charcas' score=0.759 nombre=False saint_only=False terr= phase=relegated
2026-07-24 21:49:51 - matching_Stangl_Balmi - DEBUG -     gz_id=9900039 'charcas' score=0.759 nombre=False saint_only=False terr= phase=relegated
2026-07-24 21:49:51 - matching_Stangl_Balmi - DEBUG -     gz_id=9900039 'charcas' score=0.759 nombre=False saint_only=False terr= phase=relegated
2026-07-24 21:49:51 - matching_Stangl_Balmi - DEBUG -     gz_id=4000209 'macaira' score=0.759 nombre=False saint_only=False terr= phase=relegated
2026-07-24 21:49:51 - matching_Stangl_Balmi - DEBUG -     gz_id=4000209 'macaira' score=0.759 nombre=False saint_only=False terr= phase=relegated
2026-07-24 21:49:51 - matching_Stangl_Balmi - DEBUG -     gz_id=4000209 'macaira' score=0.759 nombre=False saint_only=False terr= phase=relegated
2026-07-24 21:49:51 - matching_Stangl_Balmi - DEBUG -     gz_id=4000371 'cachipo' score=0.759 nombre=False saint_only=False terr= phase=relegated
2026-07-24 21:49:51 - matching_Stangl_Balmi - DEBUG -     gz_id=4000371 'cachipo' score=0.759 nombre=False saint_only=False terr= phase=relegated
2026-07-24 21:49:51 - matching_Stangl_Balmi - DEBUG -     gz_id=4000371 'cachipo' score=0.759 nombre=False saint_only=False terr= phase=relegated
2026-07-24 21:49:51 - matching_Stangl_Balmi - DEBUG -     gz_id=4000371 'cachipo' score=0.759 nombre=False saint_only=False terr= phase=relegated
2026-07-24 21:49:51 - matching_Stangl_Balmi - DEBUG -     gz_id=4000386 'casanai' score=0.759 nombre=False saint_only=False terr= phase=relegated
2026-07-24 21:49:51 - matching_Stangl_Balmi - DEBUG -     gz_id=4000386 'casanai' score=0.759 nombre=False saint_only=False terr= phase=relegated
2026-07-24 21:49:51 - matching_Stangl_Balmi - DEBUG -     gz_id=4000386 'casanai' score=0.759 nombre=False saint_only=False terr= phase=relegated
2026-07-24 21:49:51 - matching_Stangl_Balmi - DEBUG -     gz_id=4000386 'casanai' score=0.759 nombre=False saint_only=False terr= phase=relegated
2026-07-24 21:49:51 - matching_Stangl_Balmi - DEBUG -     gz_id=4000386 'casanai' score=0.759 nombre=False saint_only=False terr= phase=relegated
2026-07-24 21:49:51 - matching_Stangl_Balmi - DEBUG -     gz_id=4000386 'casanai' score=0.759 nombre=False saint_only=False terr= phase=relegated
2026-07-24 21:49:51 - matching_Stangl_Balmi - DEBUG -     gz_id=4000386 'casanai' score=0.759 nombre=False saint_only=False terr= phase=relegated
2026-07-24 21:49:51 - matching_Stangl_Balmi - DEBUG -     gz_id=5000380 'macinga' score=0.759 nombre=False saint_only=False terr= phase=relegated
2026-07-24 21:49:51 - matching_Stangl_Balmi - DEBUG -     gz_id=5000380 'macinga' score=0.759 nombre=False saint_only=False terr= phase=relegated
2026-07-24 21:49:51 - matching_Stangl_Balmi - DEBUG -     gz_id=1002217 'amilpas' score=0.759 nombre=False saint_only=False terr= phase=relegated
2026-07-24 21:49:51 - matching_Stangl_Balmi - DEBUG -     gz_id=1002217 'amilpas' score=0.759 nombre=False saint_only=False terr= phase=relegated
2026-07-24 21:49:51 - matching_Stangl_Balmi - DEBUG -     gz_id=1002802 'nundaco' score=0.759 nombre=False saint_only=False terr= phase=relegated
2026-07-24 21:49:51 - matching_Stangl_Balmi - DEBUG -     gz_id=1002802 'nundaco' score=0.759 nombre=False saint_only=False terr= phase=relegated
2026-07-24 21:49:51 - matching_Stangl_Balmi - DEBUG -     gz_id=5000198 'cana' score=0.757 nombre=False saint_only=False terr= phase=relegated
2026-07-24 21:49:51 - matching_Stangl_Balmi - DEBUG -     gz_id=5000198 'cana' score=0.757 nombre=False saint_only=False terr= phase=relegated
2026-07-24 21:49:51 - matching_Stangl_Balmi - DEBUG -     gz_id=5000198 'cana' score=0.757 nombre=False saint_only=False terr= phase=relegated
2026-07-24 21:49:51 - matching_Stangl_Balmi - DEBUG -     gz_id=5000198 'cana' score=0.757 nombre=False saint_only=False terr= phase=relegated
2026-07-24 21:49:51 - matching_Stangl_Balmi - DEBUG -     gz_id=5000198 'cana' score=0.757 nombre=False saint_only=False terr= phase=relegated
2026-07-24 21:49:51 - matching_Stangl_Balmi - DEBUG -     gz_id=1002241 'santa crus mixtepec' score=0.757 nombre=False saint_only=False terr= phase=relegated
2026-07-24 21:49:51 - matching_Stangl_Balmi - DEBUG -     gz_id=1002241 'santa crus mixtepec' score=0.757 nombre=False saint_only=False terr= phase=relegated
2026-07-24 21:49:51 - matching_Stangl_Balmi - DEBUG -     gz_id=1004872 'billa nueba' score=0.750 nombre=False saint_only=False terr= phase=relegated
2026-07-24 21:49:51 - matching_Stangl_Balmi - DEBUG -     gz_id=1004872 'billa nueba' score=0.750 nombre=False saint_only=False terr= phase=relegated
2026-07-24 21:49:51 - matching_Stangl_Balmi - DEBUG -     gz_id=1004872 'billa nueba' score=0.750 nombre=False saint_only=False terr= phase=relegated
2026-07-24 21:49:51 - matching_Stangl_Balmi - DEBUG -     gz_id=1002564 'santa crus jilotepec' score=0.750 nombre=False saint_only=False terr= phase=relegated
2026-07-24 21:49:51 - matching_Stangl_Balmi - DEBUG -     gz_id=1002564 'santa crus jilotepec' score=0.750 nombre=False saint_only=False terr= phase=relegated
2026-07-24 21:49:51 - matching_Stangl_Balmi - DEBUG -     gz_id=1002564 'santa crus jilotepec' score=0.750 nombre=False saint_only=False terr= phase=relegated
2026-07-24 21:49:51 - matching_Stangl_Balmi - DEBUG -     gz_id=1001037 'portesuelo' score=0.743 nombre=False saint_only=False terr= phase=relegated
2026-07-24 21:49:51 - matching_Stangl_Balmi - DEBUG -     gz_id=1001037 'portesuelo' score=0.743 nombre=False saint_only=False terr= phase=relegated
2026-07-24 21:49:51 - matching_Stangl_Balmi - DEBUG -     gz_id=4000437 'santa crus monte calbario' score=0.743 nombre=False saint_only=False terr= phase=relegated
2026-07-24 21:49:51 - matching_Stangl_Balmi - DEBUG -     gz_id=4000437 'santa crus monte calbario' score=0.743 nombre=False saint_only=False terr= phase=relegated
2026-07-24 21:49:51 - matching_Stangl_Balmi - DEBUG -     gz_id=4000437 'santa crus monte calbario' score=0.743 nombre=False saint_only=False terr= phase=relegated
2026-07-24 21:49:51 - matching_Stangl_Balmi - DEBUG -     gz_id=4000437 'santa crus monte calbario' score=0.743 nombre=False saint_only=False terr= phase=relegated
2026-07-24 21:49:51 - matching_Stangl_Balmi - DEBUG -     gz_id=1001175 'cuauhtenco' score=0.737 nombre=False saint_only=False terr= phase=relegated
2026-07-24 21:49:51 - matching_Stangl_Balmi - DEBUG -     gz_id=1001175 'cuauhtenco' score=0.737 nombre=False saint_only=False terr= phase=relegated
2026-07-24 21:49:51 - matching_Stangl_Balmi - DEBUG -     gz_id=1001175 'cuauhtenco' score=0.737 nombre=False saint_only=False terr= phase=relegated
2026-07-24 21:49:51 - matching_Stangl_Balmi - DEBUG -     gz_id=2000098 'socoltenango' score=0.737 nombre=False saint_only=False terr= phase=relegated
2026-07-24 21:49:51 - matching_Stangl_Balmi - DEBUG -     gz_id=2000098 'socoltenango' score=0.737 nombre=False saint_only=False terr= phase=relegated
2026-07-24 21:49:51 - matching_Stangl_Balmi - DEBUG -     gz_id=1003600 'huiciltepec' score=0.733 nombre=False saint_only=False terr= phase=relegated
2026-07-24 21:49:51 - matching_Stangl_Balmi - DEBUG -     gz_id=1003600 'huiciltepec' score=0.733 nombre=False saint_only=False terr= phase=relegated
2026-07-24 21:49:51 - matching_Stangl_Balmi - DEBUG -     gz_id=1003745 'cuautomatitla' score=0.733 nombre=False saint_only=False terr= phase=relegated
2026-07-24 21:49:51 - matching_Stangl_Balmi - DEBUG -     gz_id=1003745 'cuautomatitla' score=0.733 nombre=False saint_only=False terr= phase=relegated
2026-07-24 21:49:51 - matching_Stangl_Balmi - DEBUG -     gz_id=1003745 'cuautomatitla' score=0.733 nombre=False saint_only=False terr= phase=relegated
2026-07-24 21:49:51 - matching_Stangl_Balmi - DEBUG -     gz_id=1000388 'papagarame' score=0.733 nombre=False saint_only=False terr= phase=relegated
2026-07-24 21:49:51 - matching_Stangl_Balmi - DEBUG -     gz_id=1000388 'papagarame' score=0.733 nombre=False saint_only=False terr= phase=relegated
2026-07-24 21:49:51 - matching_Stangl_Balmi - DEBUG -     gz_id=1000530 'camotlan' score=0.733 nombre=False saint_only=False terr= phase=relegated
2026-07-24 21:49:51 - matching_Stangl_Balmi - DEBUG -     gz_id=1000530 'camotlan' score=0.733 nombre=False saint_only=False terr= phase=relegated
2026-07-24 21:49:51 - matching_Stangl_Balmi - DEBUG -     gz_id=1000530 'camotlan' score=0.733 nombre=False saint_only=False terr= phase=relegated
2026-07-24 21:49:51 - matching_Stangl_Balmi - DEBUG -     gz_id=4000203 'huatire' score=0.733 nombre=False saint_only=False terr= phase=relegated
2026-07-24 21:49:51 - matching_Stangl_Balmi - DEBUG -     gz_id=4000203 'huatire' score=0.733 nombre=False saint_only=False terr= phase=relegated
2026-07-24 21:49:51 - matching_Stangl_Balmi - DEBUG -     gz_id=4000203 'huatire' score=0.733 nombre=False saint_only=False terr= phase=relegated
2026-07-24 21:49:51 - matching_Stangl_Balmi - DEBUG -     gz_id=4000203 'huatire' score=0.733 nombre=False saint_only=False terr= phase=relegated
2026-07-24 21:49:51 - matching_Stangl_Balmi - DEBUG -     gz_id=4000203 'huatire' score=0.733 nombre=False saint_only=False terr= phase=relegated
2026-07-24 21:49:51 - matching_Stangl_Balmi - DEBUG -     gz_id=4000203 'huatire' score=0.733 nombre=False saint_only=False terr= phase=relegated
2026-07-24 21:49:51 - matching_Stangl_Balmi - DEBUG -     gz_id=1001695 'astcaposaltongo' score=0.733 nombre=False saint_only=False terr= phase=relegated
2026-07-24 21:49:51 - matching_Stangl_Balmi - DEBUG -     gz_id=1001695 'astcaposaltongo' score=0.733 nombre=False saint_only=False terr= phase=relegated
2026-07-24 21:49:51 - matching_Stangl_Balmi - DEBUG -     gz_id=1001695 'astcaposaltongo' score=0.733 nombre=False saint_only=False terr= phase=relegated
2026-07-24 21:49:51 - matching_Stangl_Balmi - DEBUG -     gz_id=1001695 'astcaposaltongo' score=0.733 nombre=False saint_only=False terr= phase=relegated
2026-07-24 21:49:51 - matching_Stangl_Balmi - DEBUG -     gz_id=6001542 'sonomoro' score=0.733 nombre=False saint_only=False terr= phase=relegated
2026-07-24 21:49:51 - matching_Stangl_Balmi - DEBUG -     gz_id=6001542 'sonomoro' score=0.733 nombre=False saint_only=False terr= phase=relegated
2026-07-24 21:49:51 - matching_Stangl_Balmi - DEBUG -     gz_id=6001559 'ahuaitia' score=0.733 nombre=False saint_only=False terr= phase=relegated
2026-07-24 21:49:51 - matching_Stangl_Balmi - DEBUG -     gz_id=1001802 'acalpixca' score=0.733 nombre=False saint_only=False terr= phase=relegated
2026-07-24 21:49:51 - matching_Stangl_Balmi - DEBUG -     gz_id=1001802 'acalpixca' score=0.733 nombre=False saint_only=False terr= phase=relegated
2026-07-24 21:49:51 - matching_Stangl_Balmi - DEBUG -     gz_id=1001828 'jochitepec' score=0.733 nombre=False saint_only=False terr= phase=relegated
2026-07-24 21:49:51 - matching_Stangl_Balmi - DEBUG -     gz_id=1001828 'jochitepec' score=0.733 nombre=False saint_only=False terr= phase=relegated
2026-07-24 21:49:51 - matching_Stangl_Balmi - DEBUG -     gz_id=1001878 'asulaques' score=0.733 nombre=False saint_only=False terr= phase=relegated
2026-07-24 21:49:51 - matching_Stangl_Balmi - DEBUG -     gz_id=1001878 'asulaques' score=0.733 nombre=False saint_only=False terr= phase=relegated
2026-07-24 21:49:51 - matching_Stangl_Balmi - DEBUG -     gz_id=1001878 'asulaques' score=0.733 nombre=False saint_only=False terr= phase=relegated
2026-07-24 21:49:51 - matching_Stangl_Balmi - DEBUG -     gz_id=5000688 'pachaquiaro' score=0.733 nombre=False saint_only=False terr= phase=relegated
2026-07-24 21:49:51 - matching_Stangl_Balmi - DEBUG -     gz_id=1002321 'jojocotlan' score=0.733 nombre=False saint_only=False terr= phase=relegated
2026-07-24 21:49:51 - matching_Stangl_Balmi - DEBUG -     gz_id=1002321 'jojocotlan' score=0.733 nombre=False saint_only=False terr= phase=relegated
2026-07-24 21:49:51 - matching_Stangl_Balmi - DEBUG -     gz_id=1002321 'jojocotlan' score=0.733 nombre=False saint_only=False terr= phase=relegated
2026-07-24 21:49:51 - matching_Stangl_Balmi - DEBUG -     gz_id=1002321 'jojocotlan' score=0.733 nombre=False saint_only=False terr= phase=relegated
2026-07-24 21:49:51 - matching_Stangl_Balmi - DEBUG -     gz_id=2000130 'chiquimulilla' score=0.733 nombre=False saint_only=False terr= phase=relegated
2026-07-24 21:49:51 - matching_Stangl_Balmi - DEBUG -     gz_id=1002518 'santa crus osolotepec' score=0.733 nombre=False saint_only=False terr= phase=relegated
2026-07-24 21:49:51 - matching_Stangl_Balmi - DEBUG -     gz_id=1002518 'santa crus osolotepec' score=0.733 nombre=False saint_only=False terr= phase=relegated
2026-07-24 21:49:51 - matching_Stangl_Balmi - DEBUG -     gz_id=8000403 'santa crus balle ameno' score=0.733 nombre=False saint_only=False terr= phase=relegated
2026-07-24 21:49:51 - matching_Stangl_Balmi - DEBUG -     gz_id=8000403 'santa crus balle ameno' score=0.733 nombre=False saint_only=False terr= phase=relegated
2026-07-24 21:49:51 - matching_Stangl_Balmi - DEBUG -     gz_id=8000403 'santa crus balle ameno' score=0.733 nombre=False saint_only=False terr= phase=relegated
2026-07-24 21:49:51 - matching_Stangl_Balmi - DEBUG -     gz_id=8000403 'santa crus balle ameno' score=0.733 nombre=False saint_only=False terr= phase=relegated
2026-07-24 21:49:51 - matching_Stangl_Balmi - DEBUG -     gz_id=2000444 'panchimalco' score=0.733 nombre=False saint_only=False terr= phase=relegated
2026-07-24 21:49:51 - matching_Stangl_Balmi - DEBUG -     gz_id=2000444 'panchimalco' score=0.733 nombre=False saint_only=False terr= phase=relegated
2026-07-24 21:49:51 - matching_Stangl_Balmi - DEBUG -     gz_id=1002770 'capulalpam' score=0.733 nombre=False saint_only=False terr= phase=relegated
2026-07-24 21:49:51 - matching_Stangl_Balmi - DEBUG -     gz_id=1002770 'capulalpam' score=0.733 nombre=False saint_only=False terr= phase=relegated
2026-07-24 21:49:51 - matching_Stangl_Balmi - DEBUG -     gz_id=1003056 'papalutla' score=0.733 nombre=False saint_only=False terr= phase=relegated
2026-07-24 21:49:51 - matching_Stangl_Balmi - DEBUG -     gz_id=1003056 'papalutla' score=0.733 nombre=False saint_only=False terr= phase=relegated
2026-07-24 21:49:51 - matching_Stangl_Balmi - DEBUG -     gz_id=7000376 'san cebastian crus' score=0.714 nombre=False saint_only=False terr= phase=relegated
2026-07-24 21:49:51 - matching_Stangl_Balmi - DEBUG -     gz_id=7000376 'san cebastian crus' score=0.714 nombre=False saint_only=False terr= phase=relegated
2026-07-24 21:49:51 - matching_Stangl_Balmi - DEBUG -     gz_id=7000376 'san cebastian crus' score=0.714 nombre=False saint_only=False terr= phase=relegated
2026-07-24 21:49:51 - matching_Stangl_Balmi - INFO -   Before dedup: 407 candidates
2026-07-24 21:49:51 - matching_Stangl_Balmi - INFO -   After dedup: 147 unique gz_ids
2026-07-24 21:49:51 - matching_Stangl_Balmi - INFO -   Dropped 147 territory-contradicting candidates
2026-07-24 21:49:51 - matching_Stangl_Balmi - INFO -   Input has territorial data: True
2026-07-24 21:49:51 - matching_Stangl_Balmi - INFO -   Candidates with territory match: 0
2026-07-24 21:49:51 - matching_Stangl_Balmi - INFO -   No territorial filtering applied (no matching territories found)
2026-07-24 21:49:51 - matching_Stangl_Balmi - INFO -   Nombre matches (exact on lugar_nombre): 0
2026-07-24 21:49:51 - matching_Stangl_Balmi - INFO -   Saint-only matches: 0
2026-07-24 21:49:51 - matching_Stangl_Balmi - INFO -   Substantive matches: 0
2026-07-24 21:49:51 - matching_Stangl_Balmi - INFO -   Candidate pool (>= threshold): 0
2026-07-24 21:49:51 - matching_Stangl_Balmi - WARNING -   No candidate above threshold - relegated
2026-07-24 21:49:51 - matching_Stangl_Balmi - INFO - 
============================================================
2026-07-24 21:49:51 - matching_Stangl_Balmi - INFO - Processing rowID=2: 'Santa Cruz de Tenerife' -> cleaned: 'santa crus tenerife'
2026-07-24 21:49:51 - matching_Stangl_Balmi - INFO -   Token-based candidates: 3032
2026-07-24 21:49:51 - matching_Stangl_Balmi - INFO -   Filtering: need match on substantive tokens: ['tenerife', 'crus'] OR 2+ total tokens
2026-07-24 21:49:52 - matching_Stangl_Balmi - INFO -   After filtering weak token matches: 425 candidates
2026-07-24 21:49:52 - matching_Stangl_Balmi - INFO -   Fuzzy matches (score >= 70, limit=500): 407
2026-07-24 21:49:52 - matching_Stangl_Balmi - DEBUG -     gz_id=1003514 'santa crus' score=1.000 nombre=False saint_only=False terr= phase=auto_adopt
2026-07-24 21:49:52 - matching_Stangl_Balmi - DEBUG -     gz_id=1003514 'santa crus' score=1.000 nombre=False saint_only=False terr= phase=auto_adopt
2026-07-24 21:49:52 - matching_Stangl_Balmi - DEBUG -     gz_id=5600673 'crus' score=1.000 nombre=False saint_only=False terr= phase=auto_adopt
2026-07-24 21:49:52 - matching_Stangl_Balmi - DEBUG -     gz_id=5600673 'crus' score=1.000 nombre=False saint_only=False terr= phase=auto_adopt
2026-07-24 21:49:52 - matching_Stangl_Balmi - DEBUG -     gz_id=5600673 'crus' score=1.000 nombre=False saint_only=False terr= phase=auto_adopt
2026-07-24 21:49:52 - matching_Stangl_Balmi - DEBUG -     gz_id=1000313 'santa crus' score=1.000 nombre=False saint_only=False terr= phase=auto_adopt
2026-07-24 21:49:52 - matching_Stangl_Balmi - DEBUG -     gz_id=1000313 'santa crus' score=1.000 nombre=False saint_only=False terr= phase=auto_adopt
2026-07-24 21:49:52 - matching_Stangl_Balmi - DEBUG -     gz_id=1000313 'santa crus' score=1.000 nombre=False saint_only=False terr= phase=auto_adopt
2026-07-24 21:49:52 - matching_Stangl_Balmi - DEBUG -     gz_id=1000313 'santa crus' score=1.000 nombre=False saint_only=False terr= phase=auto_adopt
2026-07-24 21:49:52 - matching_Stangl_Balmi - DEBUG -     gz_id=1000313 'santa crus' score=1.000 nombre=False saint_only=False terr= phase=auto_adopt
2026-07-24 21:49:52 - matching_Stangl_Balmi - DEBUG -     gz_id=1000351 'santa crus' score=1.000 nombre=False saint_only=False terr= phase=auto_adopt
2026-07-24 21:49:52 - matching_Stangl_Balmi - DEBUG -     gz_id=1000351 'santa crus' score=1.000 nombre=False saint_only=False terr= phase=auto_adopt
2026-07-24 21:49:52 - matching_Stangl_Balmi - DEBUG -     gz_id=1000498 'santa crus' score=1.000 nombre=False saint_only=False terr= phase=auto_adopt
2026-07-24 21:49:52 - matching_Stangl_Balmi - DEBUG -     gz_id=1000498 'santa crus' score=1.000 nombre=False saint_only=False terr= phase=auto_adopt
2026-07-24 21:49:52 - matching_Stangl_Balmi - DEBUG -     gz_id=9900004 'santa crus' score=1.000 nombre=False saint_only=False terr= phase=auto_adopt
2026-07-24 21:49:52 - matching_Stangl_Balmi - DEBUG -     gz_id=1003880 'santa crus' score=1.000 nombre=False saint_only=False terr= phase=auto_adopt
2026-07-24 21:49:52 - matching_Stangl_Balmi - DEBUG -     gz_id=1003880 'santa crus' score=1.000 nombre=False saint_only=False terr= phase=auto_adopt
2026-07-24 21:49:52 - matching_Stangl_Balmi - DEBUG -     gz_id=1003880 'santa crus' score=1.000 nombre=False saint_only=False terr= phase=auto_adopt
2026-07-24 21:49:52 - matching_Stangl_Balmi - DEBUG -     gz_id=1003880 'santa crus' score=1.000 nombre=False saint_only=False terr= phase=auto_adopt
2026-07-24 21:49:52 - matching_Stangl_Balmi - DEBUG -     gz_id=1003880 'santa crus' score=1.000 nombre=False saint_only=False terr= phase=auto_adopt
2026-07-24 21:49:52 - matching_Stangl_Balmi - DEBUG -     gz_id=1003912 'santa crus' score=1.000 nombre=False saint_only=False terr= phase=auto_adopt
2026-07-24 21:49:52 - matching_Stangl_Balmi - DEBUG -     gz_id=1003912 'santa crus' score=1.000 nombre=False saint_only=False terr= phase=auto_adopt
2026-07-24 21:49:52 - matching_Stangl_Balmi - DEBUG -     gz_id=1003912 'santa crus' score=1.000 nombre=False saint_only=False terr= phase=auto_adopt
2026-07-24 21:49:52 - matching_Stangl_Balmi - DEBUG -     gz_id=1003912 'santa crus' score=1.000 nombre=False saint_only=False terr= phase=auto_adopt
2026-07-24 21:49:52 - matching_Stangl_Balmi - DEBUG -     gz_id=1003912 'santa crus' score=1.000 nombre=False saint_only=False terr= phase=auto_adopt
2026-07-24 21:49:52 - matching_Stangl_Balmi - DEBUG -     gz_id=1000607 'santa crus' score=1.000 nombre=False saint_only=False terr= phase=auto_adopt
2026-07-24 21:49:52 - matching_Stangl_Balmi - DEBUG -     gz_id=1000607 'santa crus' score=1.000 nombre=False saint_only=False terr= phase=auto_adopt
2026-07-24 21:49:52 - matching_Stangl_Balmi - DEBUG -     gz_id=1000619 'santa crus' score=1.000 nombre=False saint_only=False terr= phase=auto_adopt
2026-07-24 21:49:52 - matching_Stangl_Balmi - DEBUG -     gz_id=1000619 'santa crus' score=1.000 nombre=False saint_only=False terr= phase=auto_adopt
2026-07-24 21:49:52 - matching_Stangl_Balmi - DEBUG -     gz_id=1000671 'santa crus' score=1.000 nombre=False saint_only=False terr= phase=auto_adopt
2026-07-24 21:49:52 - matching_Stangl_Balmi - DEBUG -     gz_id=1000671 'santa crus' score=1.000 nombre=False saint_only=False terr= phase=auto_adopt
2026-07-24 21:49:52 - matching_Stangl_Balmi - DEBUG -     gz_id=6000527 'santa crus' score=1.000 nombre=False saint_only=False terr= phase=auto_adopt
2026-07-24 21:49:52 - matching_Stangl_Balmi - DEBUG -     gz_id=6000527 'santa crus' score=1.000 nombre=False saint_only=False terr= phase=auto_adopt
2026-07-24 21:49:52 - matching_Stangl_Balmi - DEBUG -     gz_id=9900548 'santa crus' score=1.000 nombre=False saint_only=False terr= phase=auto_adopt
2026-07-24 21:49:52 - matching_Stangl_Balmi - DEBUG -     gz_id=9900548 'santa crus' score=1.000 nombre=False saint_only=False terr= phase=auto_adopt
2026-07-24 21:49:52 - matching_Stangl_Balmi - DEBUG -     gz_id=4000343 'santa crus' score=1.000 nombre=False saint_only=False terr= phase=auto_adopt
2026-07-24 21:49:52 - matching_Stangl_Balmi - DEBUG -     gz_id=4000343 'santa crus' score=1.000 nombre=False saint_only=False terr= phase=auto_adopt
2026-07-24 21:49:52 - matching_Stangl_Balmi - DEBUG -     gz_id=4000343 'santa crus' score=1.000 nombre=False saint_only=False terr= phase=auto_adopt
2026-07-24 21:49:52 - matching_Stangl_Balmi - DEBUG -     gz_id=4000343 'santa crus' score=1.000 nombre=False saint_only=False terr= phase=auto_adopt
2026-07-24 21:49:52 - matching_Stangl_Balmi - DEBUG -     gz_id=4000343 'santa crus' score=1.000 nombre=False saint_only=False terr= phase=auto_adopt
2026-07-24 21:49:52 - matching_Stangl_Balmi - DEBUG -     gz_id=4000343 'santa crus' score=1.000 nombre=False saint_only=False terr= phase=auto_adopt
2026-07-24 21:49:52 - matching_Stangl_Balmi - DEBUG -     gz_id=4000343 'santa crus' score=1.000 nombre=False saint_only=False terr= phase=auto_adopt
2026-07-24 21:49:52 - matching_Stangl_Balmi - DEBUG -     gz_id=6000749 'santa crus' score=1.000 nombre=False saint_only=False terr= phase=auto_adopt
2026-07-24 21:49:52 - matching_Stangl_Balmi - DEBUG -     gz_id=6000749 'santa crus' score=1.000 nombre=False saint_only=False terr= phase=auto_adopt
2026-07-24 21:49:52 - matching_Stangl_Balmi - DEBUG -     gz_id=9900686 'santa crus' score=1.000 nombre=False saint_only=False terr= phase=auto_adopt
2026-07-24 21:49:52 - matching_Stangl_Balmi - DEBUG -     gz_id=9900686 'santa crus' score=1.000 nombre=False saint_only=False terr= phase=auto_adopt
2026-07-24 21:49:52 - matching_Stangl_Balmi - DEBUG -     gz_id=9900686 'santa crus' score=1.000 nombre=False saint_only=False terr= phase=auto_adopt
2026-07-24 21:49:52 - matching_Stangl_Balmi - DEBUG -     gz_id=9900686 'santa crus' score=1.000 nombre=False saint_only=False terr= phase=auto_adopt
2026-07-24 21:49:52 - matching_Stangl_Balmi - DEBUG -     gz_id=6000798 'santa crus' score=1.000 nombre=False saint_only=False terr= phase=auto_adopt
2026-07-24 21:49:52 - matching_Stangl_Balmi - DEBUG -     gz_id=6000798 'santa crus' score=1.000 nombre=False saint_only=False terr= phase=auto_adopt
2026-07-24 21:49:52 - matching_Stangl_Balmi - DEBUG -     gz_id=1001130 'santa crus' score=1.000 nombre=False saint_only=False terr= phase=auto_adopt
2026-07-24 21:49:52 - matching_Stangl_Balmi - DEBUG -     gz_id=1001130 'santa crus' score=1.000 nombre=False saint_only=False terr= phase=auto_adopt
2026-07-24 21:49:52 - matching_Stangl_Balmi - DEBUG -     gz_id=4000471 'santa crus' score=1.000 nombre=False saint_only=False terr= phase=auto_adopt
2026-07-24 21:49:52 - matching_Stangl_Balmi - DEBUG -     gz_id=4000471 'santa crus' score=1.000 nombre=False saint_only=False terr= phase=auto_adopt
2026-07-24 21:49:52 - matching_Stangl_Balmi - DEBUG -     gz_id=4000471 'santa crus' score=1.000 nombre=False saint_only=False terr= phase=auto_adopt
2026-07-24 21:49:52 - matching_Stangl_Balmi - DEBUG -     gz_id=9900915 'santa crus' score=1.000 nombre=False saint_only=False terr= phase=auto_adopt
2026-07-24 21:49:52 - matching_Stangl_Balmi - DEBUG -     gz_id=1004677 'santa crus' score=1.000 nombre=False saint_only=False terr= phase=auto_adopt
2026-07-24 21:49:52 - matching_Stangl_Balmi - DEBUG -     gz_id=1004677 'santa crus' score=1.000 nombre=False saint_only=False terr= phase=auto_adopt
2026-07-24 21:49:52 - matching_Stangl_Balmi - DEBUG -     gz_id=1004677 'santa crus' score=1.000 nombre=False saint_only=False terr= phase=auto_adopt
2026-07-24 21:49:52 - matching_Stangl_Balmi - DEBUG -     gz_id=9901006 'crus' score=1.000 nombre=False saint_only=False terr= phase=auto_adopt
2026-07-24 21:49:52 - matching_Stangl_Balmi - DEBUG -     gz_id=9901006 'crus' score=1.000 nombre=False saint_only=False terr= phase=auto_adopt
2026-07-24 21:49:52 - matching_Stangl_Balmi - DEBUG -     gz_id=9901006 'crus' score=1.000 nombre=False saint_only=False terr= phase=auto_adopt
2026-07-24 21:49:52 - matching_Stangl_Balmi - DEBUG -     gz_id=9901006 'crus' score=1.000 nombre=False saint_only=False terr= phase=auto_adopt
2026-07-24 21:49:52 - matching_Stangl_Balmi - DEBUG -     gz_id=9901006 'crus' score=1.000 nombre=False saint_only=False terr= phase=auto_adopt
2026-07-24 21:49:52 - matching_Stangl_Balmi - DEBUG -     gz_id=9901006 'crus' score=1.000 nombre=False saint_only=False terr= phase=auto_adopt
2026-07-24 21:49:52 - matching_Stangl_Balmi - DEBUG -     gz_id=9901006 'crus' score=1.000 nombre=False saint_only=False terr= phase=auto_adopt
2026-07-24 21:49:52 - matching_Stangl_Balmi - DEBUG -     gz_id=1004755 'santa crus' score=1.000 nombre=False saint_only=False terr= phase=auto_adopt
2026-07-24 21:49:52 - matching_Stangl_Balmi - DEBUG -     gz_id=1004755 'santa crus' score=1.000 nombre=False saint_only=False terr= phase=auto_adopt
2026-07-24 21:49:52 - matching_Stangl_Balmi - DEBUG -     gz_id=6001360 'santa crus' score=1.000 nombre=False saint_only=False terr= phase=auto_adopt
2026-07-24 21:49:52 - matching_Stangl_Balmi - DEBUG -     gz_id=6001360 'santa crus' score=1.000 nombre=False saint_only=False terr= phase=auto_adopt
2026-07-24 21:49:52 - matching_Stangl_Balmi - DEBUG -     gz_id=6001360 'santa crus' score=1.000 nombre=False saint_only=False terr= phase=auto_adopt
2026-07-24 21:49:52 - matching_Stangl_Balmi - DEBUG -     gz_id=5000065 'tenerife' score=1.000 nombre=False saint_only=False terr= phase=auto_adopt
2026-07-24 21:49:52 - matching_Stangl_Balmi - DEBUG -     gz_id=5000065 'tenerife' score=1.000 nombre=False saint_only=False terr= phase=auto_adopt
2026-07-24 21:49:52 - matching_Stangl_Balmi - DEBUG -     gz_id=5000075 'crus' score=1.000 nombre=False saint_only=False terr= phase=auto_adopt
2026-07-24 21:49:52 - matching_Stangl_Balmi - DEBUG -     gz_id=5000075 'crus' score=1.000 nombre=False saint_only=False terr= phase=auto_adopt
2026-07-24 21:49:52 - matching_Stangl_Balmi - DEBUG -     gz_id=5000075 'crus' score=1.000 nombre=False saint_only=False terr= phase=auto_adopt
2026-07-24 21:49:52 - matching_Stangl_Balmi - DEBUG -     gz_id=5000075 'crus' score=1.000 nombre=False saint_only=False terr= phase=auto_adopt
2026-07-24 21:49:52 - matching_Stangl_Balmi - DEBUG -     gz_id=5000075 'crus' score=1.000 nombre=False saint_only=False terr= phase=auto_adopt
2026-07-24 21:49:52 - matching_Stangl_Balmi - DEBUG -     gz_id=5000111 'santa crus' score=1.000 nombre=False saint_only=False terr= phase=auto_adopt
2026-07-24 21:49:52 - matching_Stangl_Balmi - DEBUG -     gz_id=5000111 'santa crus' score=1.000 nombre=False saint_only=False terr= phase=auto_adopt
2026-07-24 21:49:52 - matching_Stangl_Balmi - DEBUG -     gz_id=6001575 'santa crus' score=1.000 nombre=False saint_only=False terr= phase=auto_adopt
2026-07-24 21:49:52 - matching_Stangl_Balmi - DEBUG -     gz_id=6001575 'santa crus' score=1.000 nombre=False saint_only=False terr= phase=auto_adopt
2026-07-24 21:49:52 - matching_Stangl_Balmi - DEBUG -     gz_id=1001786 'santa crus' score=1.000 nombre=False saint_only=False terr= phase=auto_adopt
2026-07-24 21:49:52 - matching_Stangl_Balmi - DEBUG -     gz_id=1001786 'santa crus' score=1.000 nombre=False saint_only=False terr= phase=auto_adopt
2026-07-24 21:49:52 - matching_Stangl_Balmi - DEBUG -     gz_id=7000128 'santa crus' score=1.000 nombre=False saint_only=False terr= phase=auto_adopt
2026-07-24 21:49:52 - matching_Stangl_Balmi - DEBUG -     gz_id=7000128 'santa crus' score=1.000 nombre=False saint_only=False terr= phase=auto_adopt
2026-07-24 21:49:52 - matching_Stangl_Balmi - DEBUG -     gz_id=7000128 'santa crus' score=1.000 nombre=False saint_only=False terr= phase=auto_adopt
2026-07-24 21:49:52 - matching_Stangl_Balmi - DEBUG -     gz_id=1005200 'santa crus' score=1.000 nombre=False saint_only=False terr= phase=auto_adopt
2026-07-24 21:49:52 - matching_Stangl_Balmi - DEBUG -     gz_id=1005200 'santa crus' score=1.000 nombre=False saint_only=False terr= phase=auto_adopt
2026-07-24 21:49:52 - matching_Stangl_Balmi - DEBUG -     gz_id=1005263 'santa crus' score=1.000 nombre=False saint_only=False terr= phase=auto_adopt
2026-07-24 21:49:52 - matching_Stangl_Balmi - DEBUG -     gz_id=1005263 'santa crus' score=1.000 nombre=False saint_only=False terr= phase=auto_adopt
2026-07-24 21:49:52 - matching_Stangl_Balmi - DEBUG -     gz_id=8000009 'santa crus' score=1.000 nombre=False saint_only=False terr= phase=candidate
2026-07-24 21:49:52 - matching_Stangl_Balmi - DEBUG -     gz_id=8000009 'santa crus' score=1.000 nombre=False saint_only=False terr= phase=candidate
2026-07-24 21:49:52 - matching_Stangl_Balmi - DEBUG -     gz_id=1005509 'crus' score=1.000 nombre=False saint_only=False terr= phase=auto_adopt
2026-07-24 21:49:52 - matching_Stangl_Balmi - DEBUG -     gz_id=5000829 'crus' score=1.000 nombre=False saint_only=False terr= phase=candidate
2026-07-24 21:49:52 - matching_Stangl_Balmi - DEBUG -     gz_id=5000829 'crus' score=1.000 nombre=False saint_only=False terr= phase=candidate
2026-07-24 21:49:52 - matching_Stangl_Balmi - DEBUG -     gz_id=5000829 'crus' score=1.000 nombre=False saint_only=False terr= phase=candidate
2026-07-24 21:49:52 - matching_Stangl_Balmi - DEBUG -     gz_id=5000829 'crus' score=1.000 nombre=False saint_only=False terr= phase=candidate
2026-07-24 21:49:52 - matching_Stangl_Balmi - DEBUG -     gz_id=1002412 'santa crus' score=1.000 nombre=False saint_only=False terr= phase=auto_adopt
2026-07-24 21:49:52 - matching_Stangl_Balmi - DEBUG -     gz_id=1002412 'santa crus' score=1.000 nombre=False saint_only=False terr= phase=auto_adopt
2026-07-24 21:49:52 - matching_Stangl_Balmi - DEBUG -     gz_id=1002462 'santa crus' score=1.000 nombre=False saint_only=False terr= phase=auto_adopt
2026-07-24 21:49:52 - matching_Stangl_Balmi - DEBUG -     gz_id=1002462 'santa crus' score=1.000 nombre=False saint_only=False terr= phase=auto_adopt
2026-07-24 21:49:52 - matching_Stangl_Balmi - DEBUG -     gz_id=1002612 'santa crus' score=1.000 nombre=False saint_only=False terr= phase=auto_adopt
2026-07-24 21:49:52 - matching_Stangl_Balmi - DEBUG -     gz_id=1002612 'santa crus' score=1.000 nombre=False saint_only=False terr= phase=auto_adopt
2026-07-24 21:49:52 - matching_Stangl_Balmi - DEBUG -     gz_id=5600159 'crus' score=1.000 nombre=False saint_only=False terr= phase=auto_adopt
2026-07-24 21:49:52 - matching_Stangl_Balmi - DEBUG -     gz_id=5600159 'crus' score=1.000 nombre=False saint_only=False terr= phase=auto_adopt
2026-07-24 21:49:52 - matching_Stangl_Balmi - DEBUG -     gz_id=5600159 'crus' score=1.000 nombre=False saint_only=False terr= phase=auto_adopt
2026-07-24 21:49:52 - matching_Stangl_Balmi - DEBUG -     gz_id=1002690 'santa crus' score=1.000 nombre=False saint_only=False terr= phase=auto_adopt
2026-07-24 21:49:52 - matching_Stangl_Balmi - DEBUG -     gz_id=1002690 'santa crus' score=1.000 nombre=False saint_only=False terr= phase=auto_adopt
2026-07-24 21:49:52 - matching_Stangl_Balmi - DEBUG -     gz_id=5600207 'crus' score=1.000 nombre=False saint_only=False terr= phase=auto_adopt
2026-07-24 21:49:52 - matching_Stangl_Balmi - DEBUG -     gz_id=5600207 'crus' score=1.000 nombre=False saint_only=False terr= phase=auto_adopt
2026-07-24 21:49:52 - matching_Stangl_Balmi - DEBUG -     gz_id=5600207 'crus' score=1.000 nombre=False saint_only=False terr= phase=auto_adopt
2026-07-24 21:49:52 - matching_Stangl_Balmi - DEBUG -     gz_id=1002826 'santa crus' score=1.000 nombre=False saint_only=False terr= phase=auto_adopt
2026-07-24 21:49:52 - matching_Stangl_Balmi - DEBUG -     gz_id=1002826 'santa crus' score=1.000 nombre=False saint_only=False terr= phase=auto_adopt
2026-07-24 21:49:52 - matching_Stangl_Balmi - DEBUG -     gz_id=8000680 'santa crus' score=1.000 nombre=False saint_only=False terr= phase=auto_adopt
2026-07-24 21:49:52 - matching_Stangl_Balmi - DEBUG -     gz_id=8000680 'santa crus' score=1.000 nombre=False saint_only=False terr= phase=auto_adopt
2026-07-24 21:49:52 - matching_Stangl_Balmi - DEBUG -     gz_id=8000680 'santa crus' score=1.000 nombre=False saint_only=False terr= phase=auto_adopt
2026-07-24 21:49:52 - matching_Stangl_Balmi - DEBUG -     gz_id=1002912 'santa crus' score=1.000 nombre=False saint_only=False terr= phase=auto_adopt
2026-07-24 21:49:52 - matching_Stangl_Balmi - DEBUG -     gz_id=1002912 'santa crus' score=1.000 nombre=False saint_only=False terr= phase=auto_adopt
2026-07-24 21:49:52 - matching_Stangl_Balmi - DEBUG -     gz_id=9000191 'crus' score=1.000 nombre=False saint_only=False terr= phase=candidate
2026-07-24 21:49:52 - matching_Stangl_Balmi - DEBUG -     gz_id=9000191 'crus' score=1.000 nombre=False saint_only=False terr= phase=candidate
2026-07-24 21:49:52 - matching_Stangl_Balmi - DEBUG -     gz_id=9000191 'crus' score=1.000 nombre=False saint_only=False terr= phase=candidate
2026-07-24 21:49:52 - matching_Stangl_Balmi - DEBUG -     gz_id=9000191 'crus' score=1.000 nombre=False saint_only=False terr= phase=candidate
2026-07-24 21:49:52 - matching_Stangl_Balmi - DEBUG -     gz_id=9000191 'crus' score=1.000 nombre=False saint_only=False terr= phase=candidate
2026-07-24 21:49:52 - matching_Stangl_Balmi - DEBUG -     gz_id=9000191 'crus' score=1.000 nombre=False saint_only=False terr= phase=candidate
2026-07-24 21:49:52 - matching_Stangl_Balmi - DEBUG -     gz_id=5600450 'crus' score=1.000 nombre=False saint_only=False terr= phase=auto_adopt
2026-07-24 21:49:52 - matching_Stangl_Balmi - DEBUG -     gz_id=5600450 'crus' score=1.000 nombre=False saint_only=False terr= phase=auto_adopt
2026-07-24 21:49:52 - matching_Stangl_Balmi - DEBUG -     gz_id=5600450 'crus' score=1.000 nombre=False saint_only=False terr= phase=auto_adopt
2026-07-24 21:49:52 - matching_Stangl_Balmi - DEBUG -     gz_id=9000191 'crus' score=1.000 nombre=False saint_only=False terr= phase=candidate
2026-07-24 21:49:52 - matching_Stangl_Balmi - DEBUG -     gz_id=6000874 'ate' score=0.963 nombre=False saint_only=False terr= phase=auto_adopt
2026-07-24 21:49:52 - matching_Stangl_Balmi - DEBUG -     gz_id=6000874 'ate' score=0.963 nombre=False saint_only=False terr= phase=auto_adopt
2026-07-24 21:49:52 - matching_Stangl_Balmi - DEBUG -     gz_id=1000066 'tepic' score=0.897 nombre=False saint_only=False terr= phase=candidate
2026-07-24 21:49:52 - matching_Stangl_Balmi - DEBUG -     gz_id=1000066 'tepic' score=0.897 nombre=False saint_only=False terr= phase=candidate
2026-07-24 21:49:52 - matching_Stangl_Balmi - DEBUG -     gz_id=1001438 'santa crus monte' score=0.897 nombre=False saint_only=False terr= phase=candidate
2026-07-24 21:49:52 - matching_Stangl_Balmi - DEBUG -     gz_id=1001438 'santa crus monte' score=0.897 nombre=False saint_only=False terr= phase=candidate
2026-07-24 21:49:52 - matching_Stangl_Balmi - DEBUG -     gz_id=1005363 'neira' score=0.875 nombre=False saint_only=False terr= phase=candidate
2026-07-24 21:49:52 - matching_Stangl_Balmi - DEBUG -     gz_id=1005363 'neira' score=0.875 nombre=False saint_only=False terr= phase=candidate
2026-07-24 21:49:52 - matching_Stangl_Balmi - DEBUG -     gz_id=1002543 'jitla' score=0.857 nombre=False saint_only=False terr= phase=candidate
2026-07-24 21:49:52 - matching_Stangl_Balmi - DEBUG -     gz_id=1002543 'jitla' score=0.857 nombre=False saint_only=False terr= phase=candidate
2026-07-24 21:49:52 - matching_Stangl_Balmi - DEBUG -     gz_id=9000023 'santa fe' score=0.857 nombre=False saint_only=False terr= phase=candidate
2026-07-24 21:49:52 - matching_Stangl_Balmi - DEBUG -     gz_id=9000023 'santa fe' score=0.857 nombre=False saint_only=False terr= phase=candidate
2026-07-24 21:49:52 - matching_Stangl_Balmi - DEBUG -     gz_id=9000023 'santa fe' score=0.857 nombre=False saint_only=False terr= phase=candidate
2026-07-24 21:49:52 - matching_Stangl_Balmi - DEBUG -     gz_id=1001925 'temuthe' score=0.848 nombre=False saint_only=False terr= phase=relegated
2026-07-24 21:49:52 - matching_Stangl_Balmi - DEBUG -     gz_id=1001925 'temuthe' score=0.848 nombre=False saint_only=False terr= phase=relegated
2026-07-24 21:49:52 - matching_Stangl_Balmi - DEBUG -     gz_id=7000049 'colchahua' score=0.846 nombre=False saint_only=False terr= phase=relegated
2026-07-24 21:49:52 - matching_Stangl_Balmi - DEBUG -     gz_id=7000049 'colchahua' score=0.846 nombre=False saint_only=False terr= phase=relegated
2026-07-24 21:49:52 - matching_Stangl_Balmi - DEBUG -     gz_id=1005163 'nuca' score=0.846 nombre=False saint_only=False terr= phase=relegated
2026-07-24 21:49:52 - matching_Stangl_Balmi - DEBUG -     gz_id=2000147 'chol' score=0.846 nombre=False saint_only=False terr= phase=relegated
2026-07-24 21:49:52 - matching_Stangl_Balmi - DEBUG -     gz_id=5600024 'puna' score=0.846 nombre=False saint_only=False terr= phase=relegated
2026-07-24 21:49:52 - matching_Stangl_Balmi - DEBUG -     gz_id=5600024 'puna' score=0.846 nombre=False saint_only=False terr= phase=relegated
2026-07-24 21:49:52 - matching_Stangl_Balmi - DEBUG -     gz_id=5600024 'puna' score=0.846 nombre=False saint_only=False terr= phase=relegated
2026-07-24 21:49:52 - matching_Stangl_Balmi - DEBUG -     gz_id=5600024 'puna' score=0.846 nombre=False saint_only=False terr= phase=relegated
2026-07-24 21:49:52 - matching_Stangl_Balmi - DEBUG -     gz_id=5600024 'puna' score=0.846 nombre=False saint_only=False terr= phase=relegated
2026-07-24 21:49:52 - matching_Stangl_Balmi - DEBUG -     gz_id=5600024 'puna' score=0.846 nombre=False saint_only=False terr= phase=relegated
2026-07-24 21:49:52 - matching_Stangl_Balmi - DEBUG -     gz_id=3000331 'san carlos tenerife' score=1.000 nombre=False saint_only=False terr= phase=candidate
2026-07-24 21:49:52 - matching_Stangl_Balmi - DEBUG -     gz_id=3000331 'san carlos tenerife' score=1.000 nombre=False saint_only=False terr= phase=candidate
2026-07-24 21:49:52 - matching_Stangl_Balmi - DEBUG -     gz_id=1000989 'tecamac' score=0.839 nombre=False saint_only=False terr= phase=relegated
2026-07-24 21:49:52 - matching_Stangl_Balmi - DEBUG -     gz_id=1000989 'tecamac' score=0.839 nombre=False saint_only=False terr= phase=relegated
2026-07-24 21:49:52 - matching_Stangl_Balmi - DEBUG -     gz_id=1001474 'tetipac' score=0.839 nombre=False saint_only=False terr= phase=relegated
2026-07-24 21:49:52 - matching_Stangl_Balmi - DEBUG -     gz_id=1001474 'tetipac' score=0.839 nombre=False saint_only=False terr= phase=relegated
2026-07-24 21:49:52 - matching_Stangl_Balmi - DEBUG -     gz_id=7000259 'rancahua' score=0.839 nombre=False saint_only=False terr= phase=relegated
2026-07-24 21:49:52 - matching_Stangl_Balmi - DEBUG -     gz_id=7000259 'rancahua' score=0.839 nombre=False saint_only=False terr= phase=relegated
2026-07-24 21:49:52 - matching_Stangl_Balmi - DEBUG -     gz_id=1002046 'tanaco' score=0.839 nombre=False saint_only=False terr= phase=relegated
2026-07-24 21:49:52 - matching_Stangl_Balmi - DEBUG -     gz_id=1002046 'tanaco' score=0.839 nombre=False saint_only=False terr= phase=relegated
2026-07-24 21:49:52 - matching_Stangl_Balmi - DEBUG -     gz_id=1002046 'tanaco' score=0.839 nombre=False saint_only=False terr= phase=relegated
2026-07-24 21:49:52 - matching_Stangl_Balmi - DEBUG -     gz_id=1003094 'santa crus nueba' score=0.839 nombre=False saint_only=False terr= phase=relegated
2026-07-24 21:49:52 - matching_Stangl_Balmi - DEBUG -     gz_id=1003094 'santa crus nueba' score=0.839 nombre=False saint_only=False terr= phase=relegated
2026-07-24 21:49:52 - matching_Stangl_Balmi - DEBUG -     gz_id=1003098 'tejalpa' score=0.839 nombre=False saint_only=False terr= phase=relegated
2026-07-24 21:49:52 - matching_Stangl_Balmi - DEBUG -     gz_id=1003098 'tejalpa' score=0.839 nombre=False saint_only=False terr= phase=relegated
2026-07-24 21:49:52 - matching_Stangl_Balmi - DEBUG -     gz_id=1002468 'tepenixtlahuaca' score=0.833 nombre=False saint_only=False terr= phase=relegated
2026-07-24 21:49:52 - matching_Stangl_Balmi - DEBUG -     gz_id=1002468 'tepenixtlahuaca' score=0.833 nombre=False saint_only=False terr= phase=relegated
2026-07-24 21:49:52 - matching_Stangl_Balmi - DEBUG -     gz_id=3000231 'ceibo' score=0.828 nombre=False saint_only=False terr= phase=relegated
2026-07-24 21:49:52 - matching_Stangl_Balmi - DEBUG -     gz_id=3000231 'ceibo' score=0.828 nombre=False saint_only=False terr= phase=relegated
2026-07-24 21:49:52 - matching_Stangl_Balmi - DEBUG -     gz_id=1000851 'atoiac' score=0.828 nombre=False saint_only=False terr= phase=relegated
2026-07-24 21:49:52 - matching_Stangl_Balmi - DEBUG -     gz_id=1000851 'atoiac' score=0.828 nombre=False saint_only=False terr= phase=relegated
2026-07-24 21:49:52 - matching_Stangl_Balmi - DEBUG -     gz_id=1000851 'atoiac' score=0.828 nombre=False saint_only=False terr= phase=relegated
2026-07-24 21:49:52 - matching_Stangl_Balmi - DEBUG -     gz_id=1000851 'atoiac' score=0.828 nombre=False saint_only=False terr= phase=relegated
2026-07-24 21:49:52 - matching_Stangl_Balmi - DEBUG -     gz_id=6000938 'santa crus balle' score=0.828 nombre=False saint_only=False terr= phase=relegated
2026-07-24 21:49:52 - matching_Stangl_Balmi - DEBUG -     gz_id=6000938 'santa crus balle' score=0.828 nombre=False saint_only=False terr= phase=relegated
2026-07-24 21:49:52 - matching_Stangl_Balmi - DEBUG -     gz_id=1002843 'taiata' score=0.828 nombre=False saint_only=False terr= phase=relegated
2026-07-24 21:49:52 - matching_Stangl_Balmi - DEBUG -     gz_id=1002843 'taiata' score=0.828 nombre=False saint_only=False terr= phase=relegated
2026-07-24 21:49:52 - matching_Stangl_Balmi - DEBUG -     gz_id=1003968 'nacori' score=0.824 nombre=False saint_only=False terr= phase=relegated
2026-07-24 21:49:52 - matching_Stangl_Balmi - DEBUG -     gz_id=1003968 'nacori' score=0.824 nombre=False saint_only=False terr= phase=relegated
2026-07-24 21:49:52 - matching_Stangl_Balmi - DEBUG -     gz_id=1003968 'nacori' score=0.824 nombre=False saint_only=False terr= phase=relegated
2026-07-24 21:49:52 - matching_Stangl_Balmi - DEBUG -     gz_id=1003968 'nacori' score=0.824 nombre=False saint_only=False terr= phase=relegated
2026-07-24 21:49:52 - matching_Stangl_Balmi - DEBUG -     gz_id=1003968 'nacori' score=0.824 nombre=False saint_only=False terr= phase=relegated
2026-07-24 21:49:52 - matching_Stangl_Balmi - DEBUG -     gz_id=1003968 'nacori' score=0.824 nombre=False saint_only=False terr= phase=relegated
2026-07-24 21:49:52 - matching_Stangl_Balmi - DEBUG -     gz_id=1003968 'nacori' score=0.824 nombre=False saint_only=False terr= phase=relegated
2026-07-24 21:49:52 - matching_Stangl_Balmi - DEBUG -     gz_id=1002242 'nejila' score=0.824 nombre=False saint_only=False terr= phase=relegated
2026-07-24 21:49:52 - matching_Stangl_Balmi - DEBUG -     gz_id=1002242 'nejila' score=0.824 nombre=False saint_only=False terr= phase=relegated
2026-07-24 21:49:52 - matching_Stangl_Balmi - DEBUG -     gz_id=1002920 'tepetotutla' score=0.824 nombre=False saint_only=False terr= phase=relegated
2026-07-24 21:49:52 - matching_Stangl_Balmi - DEBUG -     gz_id=1002920 'tepetotutla' score=0.824 nombre=False saint_only=False terr= phase=relegated
2026-07-24 21:49:52 - matching_Stangl_Balmi - DEBUG -     gz_id=1002920 'tepetotutla' score=0.824 nombre=False saint_only=False terr= phase=relegated
2026-07-24 21:49:52 - matching_Stangl_Balmi - DEBUG -     gz_id=4000267 'nogal' score=0.815 nombre=False saint_only=False terr= phase=relegated
2026-07-24 21:49:52 - matching_Stangl_Balmi - DEBUG -     gz_id=6001270 'lamas' score=0.815 nombre=False saint_only=False terr= phase=relegated
2026-07-24 21:49:52 - matching_Stangl_Balmi - DEBUG -     gz_id=6001270 'lamas' score=0.815 nombre=False saint_only=False terr= phase=relegated
2026-07-24 21:49:52 - matching_Stangl_Balmi - DEBUG -     gz_id=6001270 'lamas' score=0.815 nombre=False saint_only=False terr= phase=relegated
2026-07-24 21:49:52 - matching_Stangl_Balmi - DEBUG -     gz_id=5600304 'santa crus mumus' score=0.815 nombre=False saint_only=False terr= phase=relegated
2026-07-24 21:49:52 - matching_Stangl_Balmi - DEBUG -     gz_id=5600304 'santa crus mumus' score=0.815 nombre=False saint_only=False terr= phase=relegated
2026-07-24 21:49:52 - matching_Stangl_Balmi - DEBUG -     gz_id=3000065 'santa crus pinos' score=0.815 nombre=False saint_only=False terr= phase=relegated
2026-07-24 21:49:52 - matching_Stangl_Balmi - DEBUG -     gz_id=3000065 'santa crus pinos' score=0.815 nombre=False saint_only=False terr= phase=relegated
2026-07-24 21:49:52 - matching_Stangl_Balmi - DEBUG -     gz_id=3000065 'santa crus pinos' score=0.815 nombre=False saint_only=False terr= phase=relegated
2026-07-24 21:49:52 - matching_Stangl_Balmi - DEBUG -     gz_id=3000065 'santa crus pinos' score=0.815 nombre=False saint_only=False terr= phase=relegated
2026-07-24 21:49:52 - matching_Stangl_Balmi - DEBUG -     gz_id=1000207 'matatan' score=0.812 nombre=False saint_only=False terr= phase=relegated
2026-07-24 21:49:52 - matching_Stangl_Balmi - DEBUG -     gz_id=1000207 'matatan' score=0.812 nombre=False saint_only=False terr= phase=relegated
2026-07-24 21:49:52 - matching_Stangl_Balmi - DEBUG -     gz_id=1000207 'matatan' score=0.812 nombre=False saint_only=False terr= phase=relegated
2026-07-24 21:49:52 - matching_Stangl_Balmi - DEBUG -     gz_id=1000207 'matatan' score=0.812 nombre=False saint_only=False terr= phase=relegated
2026-07-24 21:49:52 - matching_Stangl_Balmi - DEBUG -     gz_id=1000207 'matatan' score=0.812 nombre=False saint_only=False terr= phase=relegated
2026-07-24 21:49:52 - matching_Stangl_Balmi - DEBUG -     gz_id=1001528 'texcalapa' score=0.812 nombre=False saint_only=False terr= phase=relegated
2026-07-24 21:49:52 - matching_Stangl_Balmi - DEBUG -     gz_id=1001528 'texcalapa' score=0.812 nombre=False saint_only=False terr= phase=relegated
2026-07-24 21:49:52 - matching_Stangl_Balmi - DEBUG -     gz_id=1001528 'texcalapa' score=0.812 nombre=False saint_only=False terr= phase=relegated
2026-07-24 21:49:52 - matching_Stangl_Balmi - DEBUG -     gz_id=1001528 'texcalapa' score=0.812 nombre=False saint_only=False terr= phase=relegated
2026-07-24 21:49:52 - matching_Stangl_Balmi - DEBUG -     gz_id=1005246 'santa crus rejistro' score=0.812 nombre=False saint_only=False terr= phase=relegated
2026-07-24 21:49:52 - matching_Stangl_Balmi - DEBUG -     gz_id=1005246 'santa crus rejistro' score=0.812 nombre=False saint_only=False terr= phase=relegated
2026-07-24 21:49:52 - matching_Stangl_Balmi - DEBUG -     gz_id=2000185 'comitan' score=0.812 nombre=False saint_only=False terr= phase=relegated
2026-07-24 21:49:52 - matching_Stangl_Balmi - DEBUG -     gz_id=1001073 'alberto' score=0.800 nombre=False saint_only=False terr= phase=relegated
2026-07-24 21:49:52 - matching_Stangl_Balmi - DEBUG -     gz_id=1001073 'alberto' score=0.800 nombre=False saint_only=False terr= phase=relegated
2026-07-24 21:49:52 - matching_Stangl_Balmi - DEBUG -     gz_id=5000409 'urumita' score=0.800 nombre=False saint_only=False terr= phase=relegated
2026-07-24 21:49:52 - matching_Stangl_Balmi - DEBUG -     gz_id=5000409 'urumita' score=0.800 nombre=False saint_only=False terr= phase=relegated
2026-07-24 21:49:52 - matching_Stangl_Balmi - DEBUG -     gz_id=1005386 'nutrias' score=0.800 nombre=False saint_only=False terr= phase=relegated
2026-07-24 21:49:52 - matching_Stangl_Balmi - DEBUG -     gz_id=1005386 'nutrias' score=0.800 nombre=False saint_only=False terr= phase=relegated
2026-07-24 21:49:52 - matching_Stangl_Balmi - DEBUG -     gz_id=1005386 'nutrias' score=0.800 nombre=False saint_only=False terr= phase=relegated
2026-07-24 21:49:52 - matching_Stangl_Balmi - DEBUG -     gz_id=1005386 'nutrias' score=0.800 nombre=False saint_only=False terr= phase=relegated
2026-07-24 21:49:52 - matching_Stangl_Balmi - DEBUG -     gz_id=1005386 'nutrias' score=0.800 nombre=False saint_only=False terr= phase=relegated
2026-07-24 21:49:52 - matching_Stangl_Balmi - DEBUG -     gz_id=2000189 'santa crus quiche' score=0.800 nombre=False saint_only=False terr= phase=relegated
2026-07-24 21:49:52 - matching_Stangl_Balmi - DEBUG -     gz_id=1002839 'tacahua' score=0.800 nombre=False saint_only=False terr= phase=relegated
2026-07-24 21:49:52 - matching_Stangl_Balmi - DEBUG -     gz_id=1002839 'tacahua' score=0.800 nombre=False saint_only=False terr= phase=relegated
2026-07-24 21:49:52 - matching_Stangl_Balmi - DEBUG -     gz_id=1001540 'atisapan' score=0.788 nombre=False saint_only=False terr= phase=relegated
2026-07-24 21:49:52 - matching_Stangl_Balmi - DEBUG -     gz_id=1001540 'atisapan' score=0.788 nombre=False saint_only=False terr= phase=relegated
2026-07-24 21:49:52 - matching_Stangl_Balmi - DEBUG -     gz_id=1001540 'atisapan' score=0.788 nombre=False saint_only=False terr= phase=relegated
2026-07-24 21:49:52 - matching_Stangl_Balmi - DEBUG -     gz_id=1002750 'censontepec' score=0.788 nombre=False saint_only=False terr= phase=relegated
2026-07-24 21:49:52 - matching_Stangl_Balmi - DEBUG -     gz_id=1002750 'censontepec' score=0.788 nombre=False saint_only=False terr= phase=relegated
2026-07-24 21:49:52 - matching_Stangl_Balmi - DEBUG -     gz_id=3000163 'capoli' score=0.786 nombre=False saint_only=False terr= phase=relegated
2026-07-24 21:49:52 - matching_Stangl_Balmi - DEBUG -     gz_id=4000052 'arahua' score=0.786 nombre=False saint_only=False terr= phase=relegated
2026-07-24 21:49:52 - matching_Stangl_Balmi - DEBUG -     gz_id=4000052 'arahua' score=0.786 nombre=False saint_only=False terr= phase=relegated
2026-07-24 21:49:52 - matching_Stangl_Balmi - DEBUG -     gz_id=4000052 'arahua' score=0.786 nombre=False saint_only=False terr= phase=relegated
2026-07-24 21:49:52 - matching_Stangl_Balmi - DEBUG -     gz_id=1000546 'santa crus cocula' score=0.786 nombre=False saint_only=False terr= phase=relegated
2026-07-24 21:49:52 - matching_Stangl_Balmi - DEBUG -     gz_id=1000546 'santa crus cocula' score=0.786 nombre=False saint_only=False terr= phase=relegated
2026-07-24 21:49:52 - matching_Stangl_Balmi - DEBUG -     gz_id=9900238 'cibolo' score=0.786 nombre=False saint_only=False terr= phase=relegated
2026-07-24 21:49:52 - matching_Stangl_Balmi - DEBUG -     gz_id=9900238 'cibolo' score=0.786 nombre=False saint_only=False terr= phase=relegated
2026-07-24 21:49:52 - matching_Stangl_Balmi - DEBUG -     gz_id=9900238 'cibolo' score=0.786 nombre=False saint_only=False terr= phase=relegated
2026-07-24 21:49:52 - matching_Stangl_Balmi - DEBUG -     gz_id=9900238 'cibolo' score=0.786 nombre=False saint_only=False terr= phase=relegated
2026-07-24 21:49:52 - matching_Stangl_Balmi - DEBUG -     gz_id=1001491 'capula' score=0.786 nombre=False saint_only=False terr= phase=relegated
2026-07-24 21:49:52 - matching_Stangl_Balmi - DEBUG -     gz_id=1001491 'capula' score=0.786 nombre=False saint_only=False terr= phase=relegated
2026-07-24 21:49:52 - matching_Stangl_Balmi - DEBUG -     gz_id=1001491 'capula' score=0.786 nombre=False saint_only=False terr= phase=relegated
2026-07-24 21:49:52 - matching_Stangl_Balmi - DEBUG -     gz_id=1001491 'capula' score=0.786 nombre=False saint_only=False terr= phase=relegated
2026-07-24 21:49:52 - matching_Stangl_Balmi - DEBUG -     gz_id=5000049 'lorica' score=0.786 nombre=False saint_only=False terr= phase=relegated
2026-07-24 21:49:52 - matching_Stangl_Balmi - DEBUG -     gz_id=5000049 'lorica' score=0.786 nombre=False saint_only=False terr= phase=relegated
2026-07-24 21:49:52 - matching_Stangl_Balmi - DEBUG -     gz_id=5000049 'lorica' score=0.786 nombre=False saint_only=False terr= phase=relegated
2026-07-24 21:49:52 - matching_Stangl_Balmi - DEBUG -     gz_id=5000049 'lorica' score=0.786 nombre=False saint_only=False terr= phase=relegated
2026-07-24 21:49:52 - matching_Stangl_Balmi - DEBUG -     gz_id=2000139 'munchu' score=0.786 nombre=False saint_only=False terr= phase=relegated
2026-07-24 21:49:52 - matching_Stangl_Balmi - DEBUG -     gz_id=2000390 'santa crus lahuna' score=0.786 nombre=False saint_only=False terr= phase=relegated
2026-07-24 21:49:52 - matching_Stangl_Balmi - DEBUG -     gz_id=1000676 'baltierrilla' score=0.778 nombre=False saint_only=False terr= phase=relegated
2026-07-24 21:49:52 - matching_Stangl_Balmi - DEBUG -     gz_id=1000676 'baltierrilla' score=0.778 nombre=False saint_only=False terr= phase=relegated
2026-07-24 21:49:52 - matching_Stangl_Balmi - DEBUG -     gz_id=1003573 'tlacotepec' score=0.774 nombre=False saint_only=False terr= phase=relegated
2026-07-24 21:49:52 - matching_Stangl_Balmi - DEBUG -     gz_id=1003573 'tlacotepec' score=0.774 nombre=False saint_only=False terr= phase=relegated
2026-07-24 21:49:52 - matching_Stangl_Balmi - DEBUG -     gz_id=1003573 'tlacotepec' score=0.774 nombre=False saint_only=False terr= phase=relegated
2026-07-24 21:49:52 - matching_Stangl_Balmi - DEBUG -     gz_id=1000395 'nasas' score=0.774 nombre=False saint_only=False terr= phase=relegated
2026-07-24 21:49:52 - matching_Stangl_Balmi - DEBUG -     gz_id=1000395 'nasas' score=0.774 nombre=False saint_only=False terr= phase=relegated
2026-07-24 21:49:52 - matching_Stangl_Balmi - DEBUG -     gz_id=1000395 'nasas' score=0.774 nombre=False saint_only=False terr= phase=relegated
2026-07-24 21:49:52 - matching_Stangl_Balmi - DEBUG -     gz_id=1000555 'santa crus soledad' score=0.774 nombre=False saint_only=False terr= phase=relegated
2026-07-24 21:49:52 - matching_Stangl_Balmi - DEBUG -     gz_id=1000555 'santa crus soledad' score=0.774 nombre=False saint_only=False terr= phase=relegated
2026-07-24 21:49:52 - matching_Stangl_Balmi - DEBUG -     gz_id=1004130 'santa crus tlaxcala' score=0.774 nombre=False saint_only=False terr= phase=relegated
2026-07-24 21:49:52 - matching_Stangl_Balmi - DEBUG -     gz_id=1004130 'santa crus tlaxcala' score=0.774 nombre=False saint_only=False terr= phase=relegated
2026-07-24 21:49:52 - matching_Stangl_Balmi - DEBUG -     gz_id=1004130 'santa crus tlaxcala' score=0.774 nombre=False saint_only=False terr= phase=relegated
2026-07-24 21:49:52 - matching_Stangl_Balmi - DEBUG -     gz_id=1001501 'ixtapan' score=0.774 nombre=False saint_only=False terr= phase=relegated
2026-07-24 21:49:52 - matching_Stangl_Balmi - DEBUG -     gz_id=1001501 'ixtapan' score=0.774 nombre=False saint_only=False terr= phase=relegated
2026-07-24 21:49:52 - matching_Stangl_Balmi - DEBUG -     gz_id=1004817 'tapaculmes' score=0.774 nombre=False saint_only=False terr= phase=relegated
2026-07-24 21:49:52 - matching_Stangl_Balmi - DEBUG -     gz_id=1004817 'tapaculmes' score=0.774 nombre=False saint_only=False terr= phase=relegated
2026-07-24 21:49:52 - matching_Stangl_Balmi - DEBUG -     gz_id=1004817 'tapaculmes' score=0.774 nombre=False saint_only=False terr= phase=relegated
2026-07-24 21:49:52 - matching_Stangl_Balmi - DEBUG -     gz_id=1004817 'tapaculmes' score=0.774 nombre=False saint_only=False terr= phase=relegated
2026-07-24 21:49:52 - matching_Stangl_Balmi - DEBUG -     gz_id=1004817 'tapaculmes' score=0.774 nombre=False saint_only=False terr= phase=relegated
2026-07-24 21:49:52 - matching_Stangl_Balmi - DEBUG -     gz_id=1005415 'santa crus urrecha' score=0.774 nombre=False saint_only=False terr= phase=relegated
2026-07-24 21:49:52 - matching_Stangl_Balmi - DEBUG -     gz_id=1005415 'santa crus urrecha' score=0.774 nombre=False saint_only=False terr= phase=relegated
2026-07-24 21:49:52 - matching_Stangl_Balmi - DEBUG -     gz_id=1005415 'santa crus urrecha' score=0.774 nombre=False saint_only=False terr= phase=relegated
2026-07-24 21:49:52 - matching_Stangl_Balmi - DEBUG -     gz_id=1002784 'itundujia' score=0.774 nombre=False saint_only=False terr= phase=relegated
2026-07-24 21:49:52 - matching_Stangl_Balmi - DEBUG -     gz_id=1002784 'itundujia' score=0.774 nombre=False saint_only=False terr= phase=relegated
2026-07-24 21:49:52 - matching_Stangl_Balmi - DEBUG -     gz_id=1003012 'iagabila' score=0.774 nombre=False saint_only=False terr= phase=relegated
2026-07-24 21:49:52 - matching_Stangl_Balmi - DEBUG -     gz_id=1003012 'iagabila' score=0.774 nombre=False saint_only=False terr= phase=relegated
2026-07-24 21:49:52 - matching_Stangl_Balmi - DEBUG -     gz_id=9000052 'quilmes' score=0.774 nombre=False saint_only=False terr= phase=relegated
2026-07-24 21:49:52 - matching_Stangl_Balmi - DEBUG -     gz_id=9000052 'quilmes' score=0.774 nombre=False saint_only=False terr= phase=relegated
2026-07-24 21:49:52 - matching_Stangl_Balmi - DEBUG -     gz_id=9000052 'quilmes' score=0.774 nombre=False saint_only=False terr= phase=relegated
2026-07-24 21:49:52 - matching_Stangl_Balmi - DEBUG -     gz_id=9900144 'santa juana crus' score=0.769 nombre=False saint_only=False terr= phase=relegated
2026-07-24 21:49:52 - matching_Stangl_Balmi - DEBUG -     gz_id=9900144 'santa juana crus' score=0.769 nombre=False saint_only=False terr= phase=relegated
2026-07-24 21:49:52 - matching_Stangl_Balmi - DEBUG -     gz_id=9900144 'santa juana crus' score=0.769 nombre=False saint_only=False terr= phase=relegated
2026-07-24 21:49:52 - matching_Stangl_Balmi - DEBUG -     gz_id=9900144 'santa juana crus' score=0.769 nombre=False saint_only=False terr= phase=relegated
2026-07-24 21:49:52 - matching_Stangl_Balmi - DEBUG -     gz_id=9900144 'santa juana crus' score=0.769 nombre=False saint_only=False terr= phase=relegated
2026-07-24 21:49:52 - matching_Stangl_Balmi - DEBUG -     gz_id=9900144 'santa juana crus' score=0.769 nombre=False saint_only=False terr= phase=relegated
2026-07-24 21:49:52 - matching_Stangl_Balmi - DEBUG -     gz_id=9900844 'balle santa crus' score=0.769 nombre=False saint_only=False terr= phase=relegated
2026-07-24 21:49:52 - matching_Stangl_Balmi - DEBUG -     gz_id=9900844 'balle santa crus' score=0.769 nombre=False saint_only=False terr= phase=relegated
2026-07-24 21:49:52 - matching_Stangl_Balmi - DEBUG -     gz_id=9900844 'balle santa crus' score=0.769 nombre=False saint_only=False terr= phase=relegated
2026-07-24 21:49:52 - matching_Stangl_Balmi - DEBUG -     gz_id=9900844 'balle santa crus' score=0.769 nombre=False saint_only=False terr= phase=relegated
2026-07-24 21:49:52 - matching_Stangl_Balmi - DEBUG -     gz_id=9900844 'balle santa crus' score=0.769 nombre=False saint_only=False terr= phase=relegated
2026-07-24 21:49:52 - matching_Stangl_Balmi - DEBUG -     gz_id=9000733 'canada crus' score=0.762 nombre=False saint_only=False terr= phase=relegated
2026-07-24 21:49:52 - matching_Stangl_Balmi - DEBUG -     gz_id=9000733 'canada crus' score=0.762 nombre=False saint_only=False terr= phase=relegated
2026-07-24 21:49:52 - matching_Stangl_Balmi - DEBUG -     gz_id=9000733 'canada crus' score=0.762 nombre=False saint_only=False terr= phase=relegated
2026-07-24 21:49:52 - matching_Stangl_Balmi - DEBUG -     gz_id=9000121 'capilla cenor' score=0.762 nombre=False saint_only=False terr= phase=relegated
2026-07-24 21:49:52 - matching_Stangl_Balmi - DEBUG -     gz_id=9000121 'capilla cenor' score=0.762 nombre=False saint_only=False terr= phase=relegated
2026-07-24 21:49:52 - matching_Stangl_Balmi - DEBUG -     gz_id=9000121 'capilla cenor' score=0.762 nombre=False saint_only=False terr= phase=relegated
2026-07-24 21:49:52 - matching_Stangl_Balmi - DEBUG -     gz_id=3000193 'baiamon' score=0.759 nombre=False saint_only=False terr= phase=relegated
2026-07-24 21:49:52 - matching_Stangl_Balmi - DEBUG -     gz_id=3000193 'baiamon' score=0.759 nombre=False saint_only=False terr= phase=relegated
2026-07-24 21:49:52 - matching_Stangl_Balmi - DEBUG -     gz_id=3000193 'baiamon' score=0.759 nombre=False saint_only=False terr= phase=relegated
2026-07-24 21:49:52 - matching_Stangl_Balmi - DEBUG -     gz_id=4000141 'huarico' score=0.759 nombre=False saint_only=False terr= phase=relegated
2026-07-24 21:49:52 - matching_Stangl_Balmi - DEBUG -     gz_id=4000141 'huarico' score=0.759 nombre=False saint_only=False terr= phase=relegated
2026-07-24 21:49:52 - matching_Stangl_Balmi - DEBUG -     gz_id=4000141 'huarico' score=0.759 nombre=False saint_only=False terr= phase=relegated
2026-07-24 21:49:52 - matching_Stangl_Balmi - DEBUG -     gz_id=4000141 'huarico' score=0.759 nombre=False saint_only=False terr= phase=relegated
2026-07-24 21:49:52 - matching_Stangl_Balmi - DEBUG -     gz_id=4000141 'huarico' score=0.759 nombre=False saint_only=False terr= phase=relegated
2026-07-24 21:49:52 - matching_Stangl_Balmi - DEBUG -     gz_id=4000141 'huarico' score=0.759 nombre=False saint_only=False terr= phase=relegated
2026-07-24 21:49:52 - matching_Stangl_Balmi - DEBUG -     gz_id=9900039 'charcas' score=0.759 nombre=False saint_only=False terr= phase=relegated
2026-07-24 21:49:52 - matching_Stangl_Balmi - DEBUG -     gz_id=9900039 'charcas' score=0.759 nombre=False saint_only=False terr= phase=relegated
2026-07-24 21:49:52 - matching_Stangl_Balmi - DEBUG -     gz_id=9900039 'charcas' score=0.759 nombre=False saint_only=False terr= phase=relegated
2026-07-24 21:49:52 - matching_Stangl_Balmi - DEBUG -     gz_id=9900039 'charcas' score=0.759 nombre=False saint_only=False terr= phase=relegated
2026-07-24 21:49:52 - matching_Stangl_Balmi - DEBUG -     gz_id=4000209 'macaira' score=0.759 nombre=False saint_only=False terr= phase=relegated
2026-07-24 21:49:52 - matching_Stangl_Balmi - DEBUG -     gz_id=4000209 'macaira' score=0.759 nombre=False saint_only=False terr= phase=relegated
2026-07-24 21:49:52 - matching_Stangl_Balmi - DEBUG -     gz_id=4000209 'macaira' score=0.759 nombre=False saint_only=False terr= phase=relegated
2026-07-24 21:49:52 - matching_Stangl_Balmi - DEBUG -     gz_id=4000371 'cachipo' score=0.759 nombre=False saint_only=False terr= phase=relegated
2026-07-24 21:49:52 - matching_Stangl_Balmi - DEBUG -     gz_id=4000371 'cachipo' score=0.759 nombre=False saint_only=False terr= phase=relegated
2026-07-24 21:49:52 - matching_Stangl_Balmi - DEBUG -     gz_id=4000371 'cachipo' score=0.759 nombre=False saint_only=False terr= phase=relegated
2026-07-24 21:49:52 - matching_Stangl_Balmi - DEBUG -     gz_id=4000371 'cachipo' score=0.759 nombre=False saint_only=False terr= phase=relegated
2026-07-24 21:49:52 - matching_Stangl_Balmi - DEBUG -     gz_id=4000386 'casanai' score=0.759 nombre=False saint_only=False terr= phase=relegated
2026-07-24 21:49:52 - matching_Stangl_Balmi - DEBUG -     gz_id=4000386 'casanai' score=0.759 nombre=False saint_only=False terr= phase=relegated
2026-07-24 21:49:52 - matching_Stangl_Balmi - DEBUG -     gz_id=4000386 'casanai' score=0.759 nombre=False saint_only=False terr= phase=relegated
2026-07-24 21:49:52 - matching_Stangl_Balmi - DEBUG -     gz_id=4000386 'casanai' score=0.759 nombre=False saint_only=False terr= phase=relegated
2026-07-24 21:49:52 - matching_Stangl_Balmi - DEBUG -     gz_id=4000386 'casanai' score=0.759 nombre=False saint_only=False terr= phase=relegated
2026-07-24 21:49:52 - matching_Stangl_Balmi - DEBUG -     gz_id=4000386 'casanai' score=0.759 nombre=False saint_only=False terr= phase=relegated
2026-07-24 21:49:52 - matching_Stangl_Balmi - DEBUG -     gz_id=4000386 'casanai' score=0.759 nombre=False saint_only=False terr= phase=relegated
2026-07-24 21:49:52 - matching_Stangl_Balmi - DEBUG -     gz_id=5000380 'macinga' score=0.759 nombre=False saint_only=False terr= phase=relegated
2026-07-24 21:49:52 - matching_Stangl_Balmi - DEBUG -     gz_id=5000380 'macinga' score=0.759 nombre=False saint_only=False terr= phase=relegated
2026-07-24 21:49:52 - matching_Stangl_Balmi - DEBUG -     gz_id=1002217 'amilpas' score=0.759 nombre=False saint_only=False terr= phase=relegated
2026-07-24 21:49:52 - matching_Stangl_Balmi - DEBUG -     gz_id=1002217 'amilpas' score=0.759 nombre=False saint_only=False terr= phase=relegated
2026-07-24 21:49:52 - matching_Stangl_Balmi - DEBUG -     gz_id=1002802 'nundaco' score=0.759 nombre=False saint_only=False terr= phase=relegated
2026-07-24 21:49:52 - matching_Stangl_Balmi - DEBUG -     gz_id=1002802 'nundaco' score=0.759 nombre=False saint_only=False terr= phase=relegated
2026-07-24 21:49:52 - matching_Stangl_Balmi - DEBUG -     gz_id=5000198 'cana' score=0.757 nombre=False saint_only=False terr= phase=relegated
2026-07-24 21:49:52 - matching_Stangl_Balmi - DEBUG -     gz_id=5000198 'cana' score=0.757 nombre=False saint_only=False terr= phase=relegated
2026-07-24 21:49:52 - matching_Stangl_Balmi - DEBUG -     gz_id=5000198 'cana' score=0.757 nombre=False saint_only=False terr= phase=relegated
2026-07-24 21:49:52 - matching_Stangl_Balmi - DEBUG -     gz_id=5000198 'cana' score=0.757 nombre=False saint_only=False terr= phase=relegated
2026-07-24 21:49:52 - matching_Stangl_Balmi - DEBUG -     gz_id=5000198 'cana' score=0.757 nombre=False saint_only=False terr= phase=relegated
2026-07-24 21:49:52 - matching_Stangl_Balmi - DEBUG -     gz_id=1002241 'santa crus mixtepec' score=0.757 nombre=False saint_only=False terr= phase=relegated
2026-07-24 21:49:52 - matching_Stangl_Balmi - DEBUG -     gz_id=1002241 'santa crus mixtepec' score=0.757 nombre=False saint_only=False terr= phase=relegated
2026-07-24 21:49:52 - matching_Stangl_Balmi - DEBUG -     gz_id=1004872 'billa nueba' score=0.750 nombre=False saint_only=False terr= phase=relegated
2026-07-24 21:49:52 - matching_Stangl_Balmi - DEBUG -     gz_id=1004872 'billa nueba' score=0.750 nombre=False saint_only=False terr= phase=relegated
2026-07-24 21:49:52 - matching_Stangl_Balmi - DEBUG -     gz_id=1004872 'billa nueba' score=0.750 nombre=False saint_only=False terr= phase=relegated
2026-07-24 21:49:52 - matching_Stangl_Balmi - DEBUG -     gz_id=1002564 'santa crus jilotepec' score=0.750 nombre=False saint_only=False terr= phase=relegated
2026-07-24 21:49:52 - matching_Stangl_Balmi - DEBUG -     gz_id=1002564 'santa crus jilotepec' score=0.750 nombre=False saint_only=False terr= phase=relegated
2026-07-24 21:49:52 - matching_Stangl_Balmi - DEBUG -     gz_id=1002564 'santa crus jilotepec' score=0.750 nombre=False saint_only=False terr= phase=relegated
2026-07-24 21:49:52 - matching_Stangl_Balmi - DEBUG -     gz_id=1001037 'portesuelo' score=0.743 nombre=False saint_only=False terr= phase=relegated
2026-07-24 21:49:52 - matching_Stangl_Balmi - DEBUG -     gz_id=1001037 'portesuelo' score=0.743 nombre=False saint_only=False terr= phase=relegated
2026-07-24 21:49:52 - matching_Stangl_Balmi - DEBUG -     gz_id=4000437 'santa crus monte calbario' score=0.743 nombre=False saint_only=False terr= phase=relegated
2026-07-24 21:49:52 - matching_Stangl_Balmi - DEBUG -     gz_id=4000437 'santa crus monte calbario' score=0.743 nombre=False saint_only=False terr= phase=relegated
2026-07-24 21:49:52 - matching_Stangl_Balmi - DEBUG -     gz_id=4000437 'santa crus monte calbario' score=0.743 nombre=False saint_only=False terr= phase=relegated
2026-07-24 21:49:52 - matching_Stangl_Balmi - DEBUG -     gz_id=4000437 'santa crus monte calbario' score=0.743 nombre=False saint_only=False terr= phase=relegated
2026-07-24 21:49:52 - matching_Stangl_Balmi - DEBUG -     gz_id=1001175 'cuauhtenco' score=0.737 nombre=False saint_only=False terr= phase=relegated
2026-07-24 21:49:52 - matching_Stangl_Balmi - DEBUG -     gz_id=1001175 'cuauhtenco' score=0.737 nombre=False saint_only=False terr= phase=relegated
2026-07-24 21:49:52 - matching_Stangl_Balmi - DEBUG -     gz_id=1001175 'cuauhtenco' score=0.737 nombre=False saint_only=False terr= phase=relegated
2026-07-24 21:49:52 - matching_Stangl_Balmi - DEBUG -     gz_id=2000098 'socoltenango' score=0.737 nombre=False saint_only=False terr= phase=relegated
2026-07-24 21:49:52 - matching_Stangl_Balmi - DEBUG -     gz_id=2000098 'socoltenango' score=0.737 nombre=False saint_only=False terr= phase=relegated
2026-07-24 21:49:52 - matching_Stangl_Balmi - DEBUG -     gz_id=1003600 'huiciltepec' score=0.733 nombre=False saint_only=False terr= phase=relegated
2026-07-24 21:49:52 - matching_Stangl_Balmi - DEBUG -     gz_id=1003600 'huiciltepec' score=0.733 nombre=False saint_only=False terr= phase=relegated
2026-07-24 21:49:52 - matching_Stangl_Balmi - DEBUG -     gz_id=1003745 'cuautomatitla' score=0.733 nombre=False saint_only=False terr= phase=relegated
2026-07-24 21:49:52 - matching_Stangl_Balmi - DEBUG -     gz_id=1003745 'cuautomatitla' score=0.733 nombre=False saint_only=False terr= phase=relegated
2026-07-24 21:49:52 - matching_Stangl_Balmi - DEBUG -     gz_id=1003745 'cuautomatitla' score=0.733 nombre=False saint_only=False terr= phase=relegated
2026-07-24 21:49:52 - matching_Stangl_Balmi - DEBUG -     gz_id=1000388 'papagarame' score=0.733 nombre=False saint_only=False terr= phase=relegated
2026-07-24 21:49:52 - matching_Stangl_Balmi - DEBUG -     gz_id=1000388 'papagarame' score=0.733 nombre=False saint_only=False terr= phase=relegated
2026-07-24 21:49:52 - matching_Stangl_Balmi - DEBUG -     gz_id=1000530 'camotlan' score=0.733 nombre=False saint_only=False terr= phase=relegated
2026-07-24 21:49:52 - matching_Stangl_Balmi - DEBUG -     gz_id=1000530 'camotlan' score=0.733 nombre=False saint_only=False terr= phase=relegated
2026-07-24 21:49:52 - matching_Stangl_Balmi - DEBUG -     gz_id=1000530 'camotlan' score=0.733 nombre=False saint_only=False terr= phase=relegated
2026-07-24 21:49:52 - matching_Stangl_Balmi - DEBUG -     gz_id=4000203 'huatire' score=0.733 nombre=False saint_only=False terr= phase=relegated
2026-07-24 21:49:52 - matching_Stangl_Balmi - DEBUG -     gz_id=4000203 'huatire' score=0.733 nombre=False saint_only=False terr= phase=relegated
2026-07-24 21:49:52 - matching_Stangl_Balmi - DEBUG -     gz_id=4000203 'huatire' score=0.733 nombre=False saint_only=False terr= phase=relegated
2026-07-24 21:49:52 - matching_Stangl_Balmi - DEBUG -     gz_id=4000203 'huatire' score=0.733 nombre=False saint_only=False terr= phase=relegated
2026-07-24 21:49:52 - matching_Stangl_Balmi - DEBUG -     gz_id=4000203 'huatire' score=0.733 nombre=False saint_only=False terr= phase=relegated
2026-07-24 21:49:52 - matching_Stangl_Balmi - DEBUG -     gz_id=4000203 'huatire' score=0.733 nombre=False saint_only=False terr= phase=relegated
2026-07-24 21:49:52 - matching_Stangl_Balmi - DEBUG -     gz_id=1001695 'astcaposaltongo' score=0.733 nombre=False saint_only=False terr= phase=relegated
2026-07-24 21:49:52 - matching_Stangl_Balmi - DEBUG -     gz_id=1001695 'astcaposaltongo' score=0.733 nombre=False saint_only=False terr= phase=relegated
2026-07-24 21:49:52 - matching_Stangl_Balmi - DEBUG -     gz_id=1001695 'astcaposaltongo' score=0.733 nombre=False saint_only=False terr= phase=relegated
2026-07-24 21:49:52 - matching_Stangl_Balmi - DEBUG -     gz_id=1001695 'astcaposaltongo' score=0.733 nombre=False saint_only=False terr= phase=relegated
2026-07-24 21:49:52 - matching_Stangl_Balmi - DEBUG -     gz_id=6001542 'sonomoro' score=0.733 nombre=False saint_only=False terr= phase=relegated
2026-07-24 21:49:52 - matching_Stangl_Balmi - DEBUG -     gz_id=6001542 'sonomoro' score=0.733 nombre=False saint_only=False terr= phase=relegated
2026-07-24 21:49:52 - matching_Stangl_Balmi - DEBUG -     gz_id=6001559 'ahuaitia' score=0.733 nombre=False saint_only=False terr= phase=relegated
2026-07-24 21:49:53 - matching_Stangl_Balmi - DEBUG -     gz_id=1001802 'acalpixca' score=0.733 nombre=False saint_only=False terr= phase=relegated
2026-07-24 21:49:53 - matching_Stangl_Balmi - DEBUG -     gz_id=1001802 'acalpixca' score=0.733 nombre=False saint_only=False terr= phase=relegated
2026-07-24 21:49:53 - matching_Stangl_Balmi - DEBUG -     gz_id=1001828 'jochitepec' score=0.733 nombre=False saint_only=False terr= phase=relegated
2026-07-24 21:49:53 - matching_Stangl_Balmi - DEBUG -     gz_id=1001828 'jochitepec' score=0.733 nombre=False saint_only=False terr= phase=relegated
2026-07-24 21:49:53 - matching_Stangl_Balmi - DEBUG -     gz_id=1001878 'asulaques' score=0.733 nombre=False saint_only=False terr= phase=relegated
2026-07-24 21:49:53 - matching_Stangl_Balmi - DEBUG -     gz_id=1001878 'asulaques' score=0.733 nombre=False saint_only=False terr= phase=relegated
2026-07-24 21:49:53 - matching_Stangl_Balmi - DEBUG -     gz_id=1001878 'asulaques' score=0.733 nombre=False saint_only=False terr= phase=relegated
2026-07-24 21:49:53 - matching_Stangl_Balmi - DEBUG -     gz_id=5000688 'pachaquiaro' score=0.733 nombre=False saint_only=False terr= phase=relegated
2026-07-24 21:49:53 - matching_Stangl_Balmi - DEBUG -     gz_id=1002321 'jojocotlan' score=0.733 nombre=False saint_only=False terr= phase=relegated
2026-07-24 21:49:53 - matching_Stangl_Balmi - DEBUG -     gz_id=1002321 'jojocotlan' score=0.733 nombre=False saint_only=False terr= phase=relegated
2026-07-24 21:49:53 - matching_Stangl_Balmi - DEBUG -     gz_id=1002321 'jojocotlan' score=0.733 nombre=False saint_only=False terr= phase=relegated
2026-07-24 21:49:53 - matching_Stangl_Balmi - DEBUG -     gz_id=1002321 'jojocotlan' score=0.733 nombre=False saint_only=False terr= phase=relegated
2026-07-24 21:49:53 - matching_Stangl_Balmi - DEBUG -     gz_id=2000130 'chiquimulilla' score=0.733 nombre=False saint_only=False terr= phase=relegated
2026-07-24 21:49:53 - matching_Stangl_Balmi - DEBUG -     gz_id=1002518 'santa crus osolotepec' score=0.733 nombre=False saint_only=False terr= phase=relegated
2026-07-24 21:49:53 - matching_Stangl_Balmi - DEBUG -     gz_id=1002518 'santa crus osolotepec' score=0.733 nombre=False saint_only=False terr= phase=relegated
2026-07-24 21:49:53 - matching_Stangl_Balmi - DEBUG -     gz_id=8000403 'santa crus balle ameno' score=0.733 nombre=False saint_only=False terr= phase=relegated
2026-07-24 21:49:53 - matching_Stangl_Balmi - DEBUG -     gz_id=8000403 'santa crus balle ameno' score=0.733 nombre=False saint_only=False terr= phase=relegated
2026-07-24 21:49:53 - matching_Stangl_Balmi - DEBUG -     gz_id=8000403 'santa crus balle ameno' score=0.733 nombre=False saint_only=False terr= phase=relegated
2026-07-24 21:49:53 - matching_Stangl_Balmi - DEBUG -     gz_id=8000403 'santa crus balle ameno' score=0.733 nombre=False saint_only=False terr= phase=relegated
2026-07-24 21:49:53 - matching_Stangl_Balmi - DEBUG -     gz_id=2000444 'panchimalco' score=0.733 nombre=False saint_only=False terr= phase=relegated
2026-07-24 21:49:53 - matching_Stangl_Balmi - DEBUG -     gz_id=2000444 'panchimalco' score=0.733 nombre=False saint_only=False terr= phase=relegated
2026-07-24 21:49:53 - matching_Stangl_Balmi - DEBUG -     gz_id=1002770 'capulalpam' score=0.733 nombre=False saint_only=False terr= phase=relegated
2026-07-24 21:49:53 - matching_Stangl_Balmi - DEBUG -     gz_id=1002770 'capulalpam' score=0.733 nombre=False saint_only=False terr= phase=relegated
2026-07-24 21:49:53 - matching_Stangl_Balmi - DEBUG -     gz_id=1003056 'papalutla' score=0.733 nombre=False saint_only=False terr= phase=relegated
2026-07-24 21:49:53 - matching_Stangl_Balmi - DEBUG -     gz_id=1003056 'papalutla' score=0.733 nombre=False saint_only=False terr= phase=relegated
2026-07-24 21:49:53 - matching_Stangl_Balmi - DEBUG -     gz_id=7000376 'san cebastian crus' score=0.714 nombre=False saint_only=False terr= phase=relegated
2026-07-24 21:49:53 - matching_Stangl_Balmi - DEBUG -     gz_id=7000376 'san cebastian crus' score=0.714 nombre=False saint_only=False terr= phase=relegated
2026-07-24 21:49:53 - matching_Stangl_Balmi - DEBUG -     gz_id=7000376 'san cebastian crus' score=0.714 nombre=False saint_only=False terr= phase=relegated
2026-07-24 21:49:53 - matching_Stangl_Balmi - INFO -   Before dedup: 407 candidates
2026-07-24 21:49:53 - matching_Stangl_Balmi - INFO -   After dedup: 147 unique gz_ids
2026-07-24 21:49:53 - matching_Stangl_Balmi - INFO -   Dropped 147 territory-contradicting candidates
2026-07-24 21:49:53 - matching_Stangl_Balmi - INFO -   Input has territorial data: True
2026-07-24 21:49:53 - matching_Stangl_Balmi - INFO -   Candidates with territory match: 0
2026-07-24 21:49:53 - matching_Stangl_Balmi - INFO -   No territorial filtering applied (no matching territories found)
2026-07-24 21:49:53 - matching_Stangl_Balmi - INFO -   Nombre matches (exact on lugar_nombre): 0
2026-07-24 21:49:53 - matching_Stangl_Balmi - INFO -   Saint-only matches: 0
2026-07-24 21:49:53 - matching_Stangl_Balmi - INFO -   Substantive matches: 0
2026-07-24 21:49:53 - matching_Stangl_Balmi - INFO -   Candidate pool (>= threshold): 0
2026-07-24 21:49:53 - matching_Stangl_Balmi - WARNING -   No candidate above threshold - relegated
2026-07-24 21:49:53 - matching_Stangl_Balmi - INFO - Processing row 70, rowID=71
2026-07-24 21:49:53 - matching_Stangl_Balmi - INFO - 
============================================================
2026-07-24 21:49:53 - matching_Stangl_Balmi - INFO - Processing rowID=71: 'San Carlos' -> cleaned: 'san carlos'
2026-07-24 21:49:53 - matching_Stangl_Balmi - INFO -   Token-based candidates: 12292
2026-07-24 21:49:53 - matching_Stangl_Balmi - INFO -   Filtering: need match on substantive tokens: ['carlos'] OR 2+ total tokens
2026-07-24 21:49:56 - matching_Stangl_Balmi - INFO -   After filtering weak token matches: 190 candidates
2026-07-24 21:49:56 - matching_Stangl_Balmi - INFO -   Fuzzy matches (score >= 70, limit=500): 190
2026-07-24 21:49:56 - matching_Stangl_Balmi - DEBUG -     gz_id=9000248 'san carlos' score=1.000 nombre=False saint_only=True terr= phase=candidate
2026-07-24 21:49:56 - matching_Stangl_Balmi - DEBUG -     gz_id=9000248 'san carlos' score=1.000 nombre=False saint_only=True terr= phase=candidate
2026-07-24 21:49:56 - matching_Stangl_Balmi - DEBUG -     gz_id=9000248 'san carlos' score=1.000 nombre=False saint_only=True terr= phase=candidate
2026-07-24 21:49:56 - matching_Stangl_Balmi - DEBUG -     gz_id=9000248 'san carlos' score=1.000 nombre=False saint_only=True terr= phase=candidate
2026-07-24 21:49:56 - matching_Stangl_Balmi - DEBUG -     gz_id=9000636 'san carlos' score=1.000 nombre=True saint_only=False terr= phase=auto_adopt
2026-07-24 21:49:56 - matching_Stangl_Balmi - DEBUG -     gz_id=9000636 'san carlos' score=1.000 nombre=True saint_only=False terr= phase=auto_adopt
2026-07-24 21:49:56 - matching_Stangl_Balmi - DEBUG -     gz_id=9000636 'san carlos' score=1.000 nombre=True saint_only=False terr= phase=auto_adopt
2026-07-24 21:49:56 - matching_Stangl_Balmi - DEBUG -     gz_id=9000636 'san carlos' score=1.000 nombre=True saint_only=False terr= phase=auto_adopt
2026-07-24 21:49:56 - matching_Stangl_Balmi - DEBUG -     gz_id=9000641 'san carlos' score=1.000 nombre=True saint_only=False terr= phase=auto_adopt
2026-07-24 21:49:56 - matching_Stangl_Balmi - DEBUG -     gz_id=9000641 'san carlos' score=1.000 nombre=True saint_only=False terr= phase=auto_adopt
2026-07-24 21:49:56 - matching_Stangl_Balmi - DEBUG -     gz_id=9000664 'san carlos' score=1.000 nombre=False saint_only=True terr= phase=candidate
2026-07-24 21:49:56 - matching_Stangl_Balmi - DEBUG -     gz_id=9000716 'puerto deceado' score=1.000 nombre=False saint_only=True terr= phase=candidate
2026-07-24 21:49:56 - matching_Stangl_Balmi - DEBUG -     gz_id=9000716 'puerto deceado' score=1.000 nombre=False saint_only=True terr= phase=candidate
2026-07-24 21:49:56 - matching_Stangl_Balmi - DEBUG -     gz_id=9000716 'puerto deceado' score=1.000 nombre=False saint_only=True terr= phase=candidate
2026-07-24 21:49:56 - matching_Stangl_Balmi - DEBUG -     gz_id=9000717 'puerto deceado' score=1.000 nombre=False saint_only=False terr= phase=candidate
2026-07-24 21:49:56 - matching_Stangl_Balmi - DEBUG -     gz_id=9000717 'puerto deceado' score=1.000 nombre=False saint_only=False terr= phase=candidate
2026-07-24 21:49:56 - matching_Stangl_Balmi - DEBUG -     gz_id=9000717 'puerto deceado' score=1.000 nombre=False saint_only=False terr= phase=candidate
2026-07-24 21:49:56 - matching_Stangl_Balmi - DEBUG -     gz_id=9000720 'billa san carlos' score=1.000 nombre=False saint_only=True terr= phase=candidate
2026-07-24 21:49:56 - matching_Stangl_Balmi - DEBUG -     gz_id=9000720 'billa san carlos' score=1.000 nombre=False saint_only=True terr= phase=candidate
2026-07-24 21:49:56 - matching_Stangl_Balmi - DEBUG -     gz_id=9000720 'billa san carlos' score=1.000 nombre=False saint_only=True terr= phase=candidate
2026-07-24 21:49:56 - matching_Stangl_Balmi - DEBUG -     gz_id=9000720 'billa san carlos' score=1.000 nombre=False saint_only=True terr= phase=candidate
2026-07-24 21:49:56 - matching_Stangl_Balmi - DEBUG -     gz_id=9900217 'san carlos' score=1.000 nombre=True saint_only=False terr= phase=auto_adopt
2026-07-24 21:49:56 - matching_Stangl_Balmi - DEBUG -     gz_id=9900217 'san carlos' score=1.000 nombre=True saint_only=False terr= phase=auto_adopt
2026-07-24 21:49:56 - matching_Stangl_Balmi - DEBUG -     gz_id=9900218 'san carlos' score=1.000 nombre=False saint_only=True terr= phase=candidate
2026-07-24 21:49:56 - matching_Stangl_Balmi - DEBUG -     gz_id=9900219 'san carlos borromeo' score=1.000 nombre=False saint_only=True terr= phase=candidate
2026-07-24 21:49:56 - matching_Stangl_Balmi - DEBUG -     gz_id=9900219 'san carlos borromeo' score=1.000 nombre=False saint_only=True terr= phase=candidate
2026-07-24 21:49:56 - matching_Stangl_Balmi - DEBUG -     gz_id=9900219 'san carlos borromeo' score=1.000 nombre=False saint_only=True terr= phase=candidate
2026-07-24 21:49:56 - matching_Stangl_Balmi - DEBUG -     gz_id=9900630 'san carlos' score=1.000 nombre=True saint_only=False terr= phase=auto_adopt
2026-07-24 21:49:56 - matching_Stangl_Balmi - DEBUG -     gz_id=9900667 'real san carlos' score=1.000 nombre=False saint_only=True terr= phase=candidate
2026-07-24 21:49:56 - matching_Stangl_Balmi - DEBUG -     gz_id=9900667 'real san carlos' score=1.000 nombre=False saint_only=True terr= phase=candidate
2026-07-24 21:49:56 - matching_Stangl_Balmi - DEBUG -     gz_id=9901076 'san carlos' score=1.000 nombre=True saint_only=False terr= phase=auto_adopt
2026-07-24 21:49:56 - matching_Stangl_Balmi - DEBUG -     gz_id=9901076 'san carlos' score=1.000 nombre=True saint_only=False terr= phase=auto_adopt
2026-07-24 21:49:56 - matching_Stangl_Balmi - DEBUG -     gz_id=9901076 'san carlos' score=1.000 nombre=True saint_only=False terr= phase=auto_adopt
2026-07-24 21:49:56 - matching_Stangl_Balmi - DEBUG -     gz_id=9930002 'chacatos' score=1.000 nombre=False saint_only=True terr= phase=candidate
2026-07-24 21:49:56 - matching_Stangl_Balmi - DEBUG -     gz_id=1002595 'san carlos' score=1.000 nombre=False saint_only=True terr= phase=candidate
2026-07-24 21:49:56 - matching_Stangl_Balmi - DEBUG -     gz_id=1002595 'san carlos' score=1.000 nombre=False saint_only=True terr= phase=candidate
2026-07-24 21:49:56 - matching_Stangl_Balmi - DEBUG -     gz_id=9000641 'san carlos' score=1.000 nombre=True saint_only=False terr= phase=auto_adopt
2026-07-24 21:49:56 - matching_Stangl_Balmi - DEBUG -     gz_id=9000641 'san carlos' score=1.000 nombre=True saint_only=False terr= phase=auto_adopt
2026-07-24 21:49:56 - matching_Stangl_Balmi - DEBUG -     gz_id=1004024 'san carlos' score=1.000 nombre=True saint_only=False terr= phase=auto_adopt
2026-07-24 21:49:56 - matching_Stangl_Balmi - DEBUG -     gz_id=1004024 'san carlos' score=1.000 nombre=True saint_only=False terr= phase=auto_adopt
2026-07-24 21:49:56 - matching_Stangl_Balmi - DEBUG -     gz_id=1004262 'san carlos' score=1.000 nombre=True saint_only=False terr= phase=auto_adopt
2026-07-24 21:49:56 - matching_Stangl_Balmi - DEBUG -     gz_id=1004262 'san carlos' score=1.000 nombre=True saint_only=False terr= phase=auto_adopt
2026-07-24 21:49:56 - matching_Stangl_Balmi - DEBUG -     gz_id=9900218 'san carlos' score=1.000 nombre=False saint_only=True terr= phase=candidate
2026-07-24 21:49:56 - matching_Stangl_Balmi - DEBUG -     gz_id=9900218 'san carlos' score=1.000 nombre=False saint_only=True terr= phase=candidate
2026-07-24 21:49:56 - matching_Stangl_Balmi - DEBUG -     gz_id=9900218 'san carlos' score=1.000 nombre=False saint_only=True terr= phase=candidate
2026-07-24 21:49:56 - matching_Stangl_Balmi - DEBUG -     gz_id=9900218 'san carlos' score=1.000 nombre=False saint_only=True terr= phase=candidate
2026-07-24 21:49:56 - matching_Stangl_Balmi - DEBUG -     gz_id=9900218 'san carlos' score=1.000 nombre=False saint_only=True terr= phase=candidate
2026-07-24 21:49:56 - matching_Stangl_Balmi - DEBUG -     gz_id=9900219 'san carlos borromeo' score=1.000 nombre=False saint_only=True terr= phase=candidate
2026-07-24 21:49:56 - matching_Stangl_Balmi - DEBUG -     gz_id=9900219 'san carlos borromeo' score=1.000 nombre=False saint_only=True terr= phase=candidate
2026-07-24 21:49:56 - matching_Stangl_Balmi - DEBUG -     gz_id=9900219 'san carlos borromeo' score=1.000 nombre=False saint_only=True terr= phase=candidate
2026-07-24 21:49:56 - matching_Stangl_Balmi - DEBUG -     gz_id=9900219 'san carlos borromeo' score=1.000 nombre=False saint_only=True terr= phase=candidate
2026-07-24 21:49:56 - matching_Stangl_Balmi - DEBUG -     gz_id=1004753 'carmelo' score=1.000 nombre=False saint_only=True terr= phase=candidate
2026-07-24 21:49:56 - matching_Stangl_Balmi - DEBUG -     gz_id=1004753 'carmelo' score=1.000 nombre=False saint_only=True terr= phase=candidate
2026-07-24 21:49:56 - matching_Stangl_Balmi - DEBUG -     gz_id=1004753 'carmelo' score=1.000 nombre=False saint_only=True terr= phase=candidate
2026-07-24 21:49:56 - matching_Stangl_Balmi - DEBUG -     gz_id=1004753 'carmelo' score=1.000 nombre=False saint_only=True terr= phase=candidate
2026-07-24 21:49:56 - matching_Stangl_Balmi - DEBUG -     gz_id=1004753 'carmelo' score=1.000 nombre=False saint_only=True terr= phase=candidate
2026-07-24 21:49:56 - matching_Stangl_Balmi - DEBUG -     gz_id=1004891 'san carlos' score=1.000 nombre=False saint_only=True terr= phase=candidate
2026-07-24 21:49:56 - matching_Stangl_Balmi - DEBUG -     gz_id=1004891 'san carlos' score=1.000 nombre=False saint_only=True terr= phase=candidate
2026-07-24 21:49:56 - matching_Stangl_Balmi - DEBUG -     gz_id=1004891 'san carlos' score=1.000 nombre=False saint_only=True terr= phase=candidate
2026-07-24 21:49:56 - matching_Stangl_Balmi - DEBUG -     gz_id=1004891 'san carlos' score=1.000 nombre=False saint_only=True terr= phase=candidate
2026-07-24 21:49:56 - matching_Stangl_Balmi - DEBUG -     gz_id=1004919 'san carlos' score=1.000 nombre=True saint_only=False terr= phase=auto_adopt
2026-07-24 21:49:56 - matching_Stangl_Balmi - DEBUG -     gz_id=1004919 'san carlos' score=1.000 nombre=True saint_only=False terr= phase=auto_adopt
2026-07-24 21:49:56 - matching_Stangl_Balmi - DEBUG -     gz_id=1005098 'perote' score=1.000 nombre=False saint_only=True terr= phase=candidate
2026-07-24 21:49:56 - matching_Stangl_Balmi - DEBUG -     gz_id=1005098 'perote' score=1.000 nombre=False saint_only=True terr= phase=candidate
2026-07-24 21:49:56 - matching_Stangl_Balmi - DEBUG -     gz_id=2000172 'cija' score=1.000 nombre=False saint_only=True terr= phase=candidate
2026-07-24 21:49:56 - matching_Stangl_Balmi - DEBUG -     gz_id=9900667 'real san carlos' score=1.000 nombre=False saint_only=True terr= phase=candidate
2026-07-24 21:49:56 - matching_Stangl_Balmi - DEBUG -     gz_id=9900667 'real san carlos' score=1.000 nombre=False saint_only=True terr= phase=candidate
2026-07-24 21:49:56 - matching_Stangl_Balmi - DEBUG -     gz_id=2000587 'dibisadero' score=1.000 nombre=False saint_only=True terr= phase=candidate
2026-07-24 21:49:56 - matching_Stangl_Balmi - DEBUG -     gz_id=2000587 'dibisadero' score=1.000 nombre=False saint_only=True terr= phase=candidate
2026-07-24 21:49:56 - matching_Stangl_Balmi - DEBUG -     gz_id=2000587 'dibisadero' score=1.000 nombre=False saint_only=True terr= phase=candidate
2026-07-24 21:49:56 - matching_Stangl_Balmi - DEBUG -     gz_id=2000587 'dibisadero' score=1.000 nombre=False saint_only=True terr= phase=candidate
2026-07-24 21:49:56 - matching_Stangl_Balmi - DEBUG -     gz_id=2000587 'dibisadero' score=1.000 nombre=False saint_only=True terr= phase=candidate
2026-07-24 21:49:56 - matching_Stangl_Balmi - DEBUG -     gz_id=2000722 'san carlos' score=1.000 nombre=False saint_only=True terr= phase=candidate
2026-07-24 21:49:56 - matching_Stangl_Balmi - DEBUG -     gz_id=2000722 'san carlos' score=1.000 nombre=False saint_only=True terr= phase=candidate
2026-07-24 21:49:56 - matching_Stangl_Balmi - DEBUG -     gz_id=2000722 'san carlos' score=1.000 nombre=False saint_only=True terr= phase=candidate
2026-07-24 21:49:56 - matching_Stangl_Balmi - DEBUG -     gz_id=2000874 'san carlos' score=1.000 nombre=True saint_only=False terr= phase=auto_adopt
2026-07-24 21:49:56 - matching_Stangl_Balmi - DEBUG -     gz_id=2000875 'puerto san carlos' score=1.000 nombre=False saint_only=True terr= phase=candidate
2026-07-24 21:49:56 - matching_Stangl_Balmi - DEBUG -     gz_id=3000122 'san carlos barranca' score=1.000 nombre=False saint_only=True terr= phase=candidate
2026-07-24 21:49:56 - matching_Stangl_Balmi - DEBUG -     gz_id=3000122 'san carlos barranca' score=1.000 nombre=False saint_only=True terr= phase=candidate
2026-07-24 21:49:56 - matching_Stangl_Balmi - DEBUG -     gz_id=3000122 'san carlos barranca' score=1.000 nombre=False saint_only=True terr= phase=candidate
2026-07-24 21:49:56 - matching_Stangl_Balmi - DEBUG -     gz_id=3000122 'san carlos barranca' score=1.000 nombre=False saint_only=True terr= phase=candidate
2026-07-24 21:49:56 - matching_Stangl_Balmi - DEBUG -     gz_id=3000122 'san carlos barranca' score=1.000 nombre=False saint_only=True terr= phase=candidate
2026-07-24 21:49:56 - matching_Stangl_Balmi - DEBUG -     gz_id=3000122 'san carlos barranca' score=1.000 nombre=False saint_only=True terr= phase=candidate
2026-07-24 21:49:56 - matching_Stangl_Balmi - DEBUG -     gz_id=3000122 'san carlos barranca' score=1.000 nombre=False saint_only=True terr= phase=candidate
2026-07-24 21:49:56 - matching_Stangl_Balmi - DEBUG -     gz_id=3000134 'san carlos' score=1.000 nombre=True saint_only=False terr= phase=auto_adopt
2026-07-24 21:49:56 - matching_Stangl_Balmi - DEBUG -     gz_id=3000134 'san carlos' score=1.000 nombre=True saint_only=False terr= phase=auto_adopt
2026-07-24 21:49:56 - matching_Stangl_Balmi - DEBUG -     gz_id=3000134 'san carlos' score=1.000 nombre=True saint_only=False terr= phase=auto_adopt
2026-07-24 21:49:56 - matching_Stangl_Balmi - DEBUG -     gz_id=3000134 'san carlos' score=1.000 nombre=True saint_only=False terr= phase=auto_adopt
2026-07-24 21:49:56 - matching_Stangl_Balmi - DEBUG -     gz_id=3000134 'san carlos' score=1.000 nombre=True saint_only=False terr= phase=auto_adopt
2026-07-24 21:49:56 - matching_Stangl_Balmi - DEBUG -     gz_id=3000270 'san carlos costa alemanes' score=1.000 nombre=False saint_only=True terr= phase=candidate
2026-07-24 21:49:56 - matching_Stangl_Balmi - DEBUG -     gz_id=3000270 'san carlos costa alemanes' score=1.000 nombre=False saint_only=True terr= phase=candidate
2026-07-24 21:49:56 - matching_Stangl_Balmi - DEBUG -     gz_id=3000270 'san carlos costa alemanes' score=1.000 nombre=False saint_only=True terr= phase=candidate
2026-07-24 21:49:56 - matching_Stangl_Balmi - DEBUG -     gz_id=3000270 'san carlos costa alemanes' score=1.000 nombre=False saint_only=True terr= phase=candidate
2026-07-24 21:49:56 - matching_Stangl_Balmi - DEBUG -     gz_id=3000270 'san carlos costa alemanes' score=1.000 nombre=False saint_only=True terr= phase=candidate
2026-07-24 21:49:56 - matching_Stangl_Balmi - DEBUG -     gz_id=3000299 'misuri' score=1.000 nombre=False saint_only=True terr= phase=candidate
2026-07-24 21:49:56 - matching_Stangl_Balmi - DEBUG -     gz_id=3000299 'misuri' score=1.000 nombre=False saint_only=True terr= phase=candidate
2026-07-24 21:49:56 - matching_Stangl_Balmi - DEBUG -     gz_id=3000331 'san carlos tenerife' score=1.000 nombre=False saint_only=True terr= phase=candidate
2026-07-24 21:49:56 - matching_Stangl_Balmi - DEBUG -     gz_id=3000331 'san carlos tenerife' score=1.000 nombre=False saint_only=True terr= phase=candidate
2026-07-24 21:49:56 - matching_Stangl_Balmi - DEBUG -     gz_id=4000020 'san carlos' score=1.000 nombre=False saint_only=True terr= phase=candidate
2026-07-24 21:49:56 - matching_Stangl_Balmi - DEBUG -     gz_id=4000020 'san carlos' score=1.000 nombre=False saint_only=True terr= phase=candidate
2026-07-24 21:49:56 - matching_Stangl_Balmi - DEBUG -     gz_id=4000020 'san carlos' score=1.000 nombre=False saint_only=True terr= phase=candidate
2026-07-24 21:49:56 - matching_Stangl_Balmi - DEBUG -     gz_id=4000020 'san carlos' score=1.000 nombre=False saint_only=True terr= phase=candidate
2026-07-24 21:49:56 - matching_Stangl_Balmi - DEBUG -     gz_id=4000020 'san carlos' score=1.000 nombre=False saint_only=True terr= phase=candidate
2026-07-24 21:49:56 - matching_Stangl_Balmi - DEBUG -     gz_id=4000020 'san carlos' score=1.000 nombre=False saint_only=True terr= phase=candidate
2026-07-24 21:49:56 - matching_Stangl_Balmi - DEBUG -     gz_id=4000384 'amacuro' score=1.000 nombre=False saint_only=True terr= phase=candidate
2026-07-24 21:49:56 - matching_Stangl_Balmi - DEBUG -     gz_id=4000384 'amacuro' score=1.000 nombre=False saint_only=True terr= phase=candidate
2026-07-24 21:49:56 - matching_Stangl_Balmi - DEBUG -     gz_id=4000384 'amacuro' score=1.000 nombre=False saint_only=True terr= phase=candidate
2026-07-24 21:49:56 - matching_Stangl_Balmi - DEBUG -     gz_id=4000384 'amacuro' score=1.000 nombre=False saint_only=True terr= phase=candidate
2026-07-24 21:49:56 - matching_Stangl_Balmi - DEBUG -     gz_id=4000384 'amacuro' score=1.000 nombre=False saint_only=True terr= phase=candidate
2026-07-24 21:49:56 - matching_Stangl_Balmi - DEBUG -     gz_id=4000416 'san carlos' score=1.000 nombre=False saint_only=True terr= phase=candidate
2026-07-24 21:49:56 - matching_Stangl_Balmi - DEBUG -     gz_id=4000416 'san carlos' score=1.000 nombre=False saint_only=True terr= phase=candidate
2026-07-24 21:49:56 - matching_Stangl_Balmi - DEBUG -     gz_id=4000416 'san carlos' score=1.000 nombre=False saint_only=True terr= phase=candidate
2026-07-24 21:49:56 - matching_Stangl_Balmi - DEBUG -     gz_id=4000416 'san carlos' score=1.000 nombre=False saint_only=True terr= phase=candidate
2026-07-24 21:49:56 - matching_Stangl_Balmi - DEBUG -     gz_id=4000416 'san carlos' score=1.000 nombre=False saint_only=True terr= phase=candidate
2026-07-24 21:49:56 - matching_Stangl_Balmi - DEBUG -     gz_id=4000458 'san carlos barra' score=1.000 nombre=False saint_only=True terr= phase=candidate
2026-07-24 21:49:56 - matching_Stangl_Balmi - DEBUG -     gz_id=4000458 'san carlos barra' score=1.000 nombre=False saint_only=True terr= phase=candidate
2026-07-24 21:49:56 - matching_Stangl_Balmi - DEBUG -     gz_id=4000458 'san carlos barra' score=1.000 nombre=False saint_only=True terr= phase=candidate
2026-07-24 21:49:56 - matching_Stangl_Balmi - DEBUG -     gz_id=4000458 'san carlos barra' score=1.000 nombre=False saint_only=True terr= phase=candidate
2026-07-24 21:49:56 - matching_Stangl_Balmi - DEBUG -     gz_id=4000458 'san carlos barra' score=1.000 nombre=False saint_only=True terr= phase=candidate
2026-07-24 21:49:56 - matching_Stangl_Balmi - DEBUG -     gz_id=4000458 'san carlos barra' score=1.000 nombre=False saint_only=True terr= phase=candidate
2026-07-24 21:49:56 - matching_Stangl_Balmi - DEBUG -     gz_id=4000458 'san carlos barra' score=1.000 nombre=False saint_only=True terr= phase=candidate
2026-07-24 21:49:56 - matching_Stangl_Balmi - DEBUG -     gz_id=4000470 'san carlos sulia' score=1.000 nombre=False saint_only=True terr= phase=candidate
2026-07-24 21:49:56 - matching_Stangl_Balmi - DEBUG -     gz_id=4000470 'san carlos sulia' score=1.000 nombre=False saint_only=True terr= phase=candidate
2026-07-24 21:49:56 - matching_Stangl_Balmi - DEBUG -     gz_id=4000470 'san carlos sulia' score=1.000 nombre=False saint_only=True terr= phase=candidate
2026-07-24 21:49:56 - matching_Stangl_Balmi - DEBUG -     gz_id=4000586 'san carlos' score=1.000 nombre=True saint_only=False terr= phase=auto_adopt
2026-07-24 21:49:56 - matching_Stangl_Balmi - DEBUG -     gz_id=4000586 'san carlos' score=1.000 nombre=True saint_only=False terr= phase=auto_adopt
2026-07-24 21:49:56 - matching_Stangl_Balmi - DEBUG -     gz_id=4000586 'san carlos' score=1.000 nombre=True saint_only=False terr= phase=auto_adopt
2026-07-24 21:49:56 - matching_Stangl_Balmi - DEBUG -     gz_id=4000586 'san carlos' score=1.000 nombre=True saint_only=False terr= phase=auto_adopt
2026-07-24 21:49:56 - matching_Stangl_Balmi - DEBUG -     gz_id=4000586 'san carlos' score=1.000 nombre=True saint_only=False terr= phase=auto_adopt
2026-07-24 21:49:56 - matching_Stangl_Balmi - DEBUG -     gz_id=5000083 'canas gordas' score=1.000 nombre=False saint_only=True terr= phase=candidate
2026-07-24 21:49:56 - matching_Stangl_Balmi - DEBUG -     gz_id=5000101 'priego' score=1.000 nombre=False saint_only=True terr= phase=candidate
2026-07-24 21:49:56 - matching_Stangl_Balmi - DEBUG -     gz_id=5000101 'priego' score=1.000 nombre=False saint_only=True terr= phase=candidate
2026-07-24 21:49:56 - matching_Stangl_Balmi - DEBUG -     gz_id=9901076 'san carlos' score=1.000 nombre=True saint_only=False terr= phase=auto_adopt
2026-07-24 21:49:56 - matching_Stangl_Balmi - DEBUG -     gz_id=9901076 'san carlos' score=1.000 nombre=True saint_only=False terr= phase=auto_adopt
2026-07-24 21:49:56 - matching_Stangl_Balmi - DEBUG -     gz_id=5000162 'colocina' score=1.000 nombre=False saint_only=True terr= phase=candidate
2026-07-24 21:49:56 - matching_Stangl_Balmi - DEBUG -     gz_id=5000162 'colocina' score=1.000 nombre=False saint_only=True terr= phase=candidate
2026-07-24 21:49:56 - matching_Stangl_Balmi - DEBUG -     gz_id=5000162 'colocina' score=1.000 nombre=False saint_only=True terr= phase=candidate
2026-07-24 21:49:56 - matching_Stangl_Balmi - DEBUG -     gz_id=5000162 'colocina' score=1.000 nombre=False saint_only=True terr= phase=candidate
2026-07-24 21:49:56 - matching_Stangl_Balmi - DEBUG -     gz_id=5000206 'nunchia' score=1.000 nombre=False saint_only=True terr= phase=candidate
2026-07-24 21:49:56 - matching_Stangl_Balmi - DEBUG -     gz_id=5000206 'nunchia' score=1.000 nombre=False saint_only=True terr= phase=candidate
2026-07-24 21:49:56 - matching_Stangl_Balmi - DEBUG -     gz_id=5000206 'nunchia' score=1.000 nombre=False saint_only=True terr= phase=candidate
2026-07-24 21:49:56 - matching_Stangl_Balmi - DEBUG -     gz_id=5000305 'chiru' score=1.000 nombre=False saint_only=True terr= phase=candidate
2026-07-24 21:49:56 - matching_Stangl_Balmi - DEBUG -     gz_id=5000382 'san carlos' score=1.000 nombre=False saint_only=False terr= phase=candidate
2026-07-24 21:49:56 - matching_Stangl_Balmi - DEBUG -     gz_id=5000716 'pedrasa' score=1.000 nombre=False saint_only=True terr= phase=candidate
2026-07-24 21:49:56 - matching_Stangl_Balmi - DEBUG -     gz_id=5000716 'pedrasa' score=1.000 nombre=False saint_only=True terr= phase=candidate
2026-07-24 21:49:56 - matching_Stangl_Balmi - DEBUG -     gz_id=5600311 'san carlos alabonos' score=1.000 nombre=False saint_only=True terr= phase=candidate
2026-07-24 21:49:56 - matching_Stangl_Balmi - DEBUG -     gz_id=5600311 'san carlos alabonos' score=1.000 nombre=False saint_only=True terr= phase=candidate
2026-07-24 21:49:56 - matching_Stangl_Balmi - DEBUG -     gz_id=5600311 'san carlos alabonos' score=1.000 nombre=False saint_only=True terr= phase=candidate
2026-07-24 21:49:56 - matching_Stangl_Balmi - DEBUG -     gz_id=5600311 'san carlos alabonos' score=1.000 nombre=False saint_only=True terr= phase=candidate
2026-07-24 21:49:56 - matching_Stangl_Balmi - DEBUG -     gz_id=5600311 'san carlos alabonos' score=1.000 nombre=False saint_only=True terr= phase=candidate
2026-07-24 21:49:56 - matching_Stangl_Balmi - DEBUG -     gz_id=5600311 'san carlos alabonos' score=1.000 nombre=False saint_only=True terr= phase=candidate
2026-07-24 21:49:56 - matching_Stangl_Balmi - DEBUG -     gz_id=7000007 'san carlos' score=1.000 nombre=False saint_only=True terr= phase=candidate
2026-07-24 21:49:56 - matching_Stangl_Balmi - DEBUG -     gz_id=7000367 'iumbel' score=1.000 nombre=False saint_only=True terr= phase=candidate
2026-07-24 21:49:56 - matching_Stangl_Balmi - DEBUG -     gz_id=7000367 'iumbel' score=1.000 nombre=False saint_only=True terr= phase=candidate
2026-07-24 21:49:56 - matching_Stangl_Balmi - DEBUG -     gz_id=7000373 'puren' score=1.000 nombre=False saint_only=True terr= phase=candidate
2026-07-24 21:49:56 - matching_Stangl_Balmi - DEBUG -     gz_id=7000373 'puren' score=1.000 nombre=False saint_only=True terr= phase=candidate
2026-07-24 21:49:56 - matching_Stangl_Balmi - DEBUG -     gz_id=7000373 'puren' score=1.000 nombre=False saint_only=True terr= phase=candidate
2026-07-24 21:49:56 - matching_Stangl_Balmi - DEBUG -     gz_id=7000373 'puren' score=1.000 nombre=False saint_only=True terr= phase=candidate
2026-07-24 21:49:56 - matching_Stangl_Balmi - DEBUG -     gz_id=7000373 'puren' score=1.000 nombre=False saint_only=True terr= phase=candidate
2026-07-24 21:49:56 - matching_Stangl_Balmi - DEBUG -     gz_id=7000379 'san carlos' score=1.000 nombre=True saint_only=False terr= phase=auto_adopt
2026-07-24 21:49:56 - matching_Stangl_Balmi - DEBUG -     gz_id=7000379 'san carlos' score=1.000 nombre=True saint_only=False terr= phase=auto_adopt
2026-07-24 21:49:56 - matching_Stangl_Balmi - DEBUG -     gz_id=8000002 'puno' score=1.000 nombre=False saint_only=True terr= phase=candidate
2026-07-24 21:49:56 - matching_Stangl_Balmi - DEBUG -     gz_id=8000002 'puno' score=1.000 nombre=False saint_only=True terr= phase=candidate
2026-07-24 21:49:56 - matching_Stangl_Balmi - DEBUG -     gz_id=8000002 'puno' score=1.000 nombre=False saint_only=True terr= phase=candidate
2026-07-24 21:49:56 - matching_Stangl_Balmi - DEBUG -     gz_id=8000186 'concepcion' score=1.000 nombre=False saint_only=False terr= phase=candidate
2026-07-24 21:49:56 - matching_Stangl_Balmi - DEBUG -     gz_id=8000186 'concepcion' score=1.000 nombre=False saint_only=False terr= phase=candidate
2026-07-24 21:49:56 - matching_Stangl_Balmi - DEBUG -     gz_id=8000186 'concepcion' score=1.000 nombre=False saint_only=False terr= phase=candidate
2026-07-24 21:49:56 - matching_Stangl_Balmi - DEBUG -     gz_id=8000186 'concepcion' score=1.000 nombre=False saint_only=False terr= phase=candidate
2026-07-24 21:49:56 - matching_Stangl_Balmi - DEBUG -     gz_id=8000392 'san carlos' score=1.000 nombre=False saint_only=True terr= phase=candidate
2026-07-24 21:49:56 - matching_Stangl_Balmi - DEBUG -     gz_id=9000036 'san carlos' score=1.000 nombre=False saint_only=True terr= phase=candidate
2026-07-24 21:49:56 - matching_Stangl_Balmi - DEBUG -     gz_id=9000036 'san carlos' score=1.000 nombre=False saint_only=True terr= phase=candidate
2026-07-24 21:49:56 - matching_Stangl_Balmi - DEBUG -     gz_id=9000036 'san carlos' score=1.000 nombre=False saint_only=True terr= phase=candidate
2026-07-24 21:49:56 - matching_Stangl_Balmi - DEBUG -     gz_id=9000036 'san carlos' score=1.000 nombre=False saint_only=True terr= phase=candidate
2026-07-24 21:49:56 - matching_Stangl_Balmi - DEBUG -     gz_id=9000146 'timbo' score=1.000 nombre=False saint_only=False terr= phase=candidate
2026-07-24 21:49:56 - matching_Stangl_Balmi - DEBUG -     gz_id=9000146 'timbo' score=1.000 nombre=False saint_only=False terr= phase=candidate
2026-07-24 21:49:56 - matching_Stangl_Balmi - DEBUG -     gz_id=9000146 'timbo' score=1.000 nombre=False saint_only=False terr= phase=candidate
2026-07-24 21:49:56 - matching_Stangl_Balmi - DEBUG -     gz_id=9000146 'timbo' score=1.000 nombre=False saint_only=False terr= phase=candidate
2026-07-24 21:49:56 - matching_Stangl_Balmi - DEBUG -     gz_id=9000182 'san carlos' score=1.000 nombre=True saint_only=False terr= phase=auto_adopt
2026-07-24 21:49:56 - matching_Stangl_Balmi - DEBUG -     gz_id=9000182 'san carlos' score=1.000 nombre=True saint_only=False terr= phase=auto_adopt
2026-07-24 21:49:56 - matching_Stangl_Balmi - DEBUG -     gz_id=9000182 'san carlos' score=1.000 nombre=True saint_only=False terr= phase=auto_adopt
2026-07-24 21:49:56 - matching_Stangl_Balmi - DEBUG -     gz_id=9000182 'san carlos' score=1.000 nombre=True saint_only=False terr= phase=auto_adopt
2026-07-24 21:49:56 - matching_Stangl_Balmi - DEBUG -     gz_id=9000182 'san carlos' score=1.000 nombre=True saint_only=False terr= phase=auto_adopt
2026-07-24 21:49:56 - matching_Stangl_Balmi - DEBUG -     gz_id=9000182 'san carlos' score=1.000 nombre=True saint_only=False terr= phase=auto_adopt
2026-07-24 21:49:56 - matching_Stangl_Balmi - DEBUG -     gz_id=9000182 'san carlos' score=1.000 nombre=True saint_only=False terr= phase=auto_adopt
2026-07-24 21:49:56 - matching_Stangl_Balmi - DEBUG -     gz_id=9000182 'san carlos' score=1.000 nombre=True saint_only=False terr= phase=auto_adopt
2026-07-24 21:49:56 - matching_Stangl_Balmi - DEBUG -     gz_id=5600182 'carlosama' score=0.800 nombre=False saint_only=False terr= phase=relegated
2026-07-24 21:49:56 - matching_Stangl_Balmi - DEBUG -     gz_id=5600182 'carlosama' score=0.800 nombre=False saint_only=False terr= phase=relegated
2026-07-24 21:49:56 - matching_Stangl_Balmi - DEBUG -     gz_id=5600182 'carlosama' score=0.800 nombre=False saint_only=False terr= phase=relegated
2026-07-24 21:49:56 - matching_Stangl_Balmi - DEBUG -     gz_id=7000371 'billacura' score=0.700 nombre=False saint_only=False terr= phase=relegated
2026-07-24 21:49:56 - matching_Stangl_Balmi - DEBUG -     gz_id=7000371 'billacura' score=0.700 nombre=False saint_only=False terr= phase=relegated
2026-07-24 21:49:56 - matching_Stangl_Balmi - INFO -   Before dedup: 190 candidates
2026-07-24 21:49:56 - matching_Stangl_Balmi - INFO -   After dedup: 57 unique gz_ids
2026-07-24 21:49:56 - matching_Stangl_Balmi - INFO -   Dropped 57 territory-contradicting candidates
2026-07-24 21:49:56 - matching_Stangl_Balmi - INFO -   Input has territorial data: True
2026-07-24 21:49:56 - matching_Stangl_Balmi - INFO -   Candidates with territory match: 0
2026-07-24 21:49:56 - matching_Stangl_Balmi - INFO -   No territorial filtering applied (no matching territories found)
2026-07-24 21:49:56 - matching_Stangl_Balmi - INFO -   Nombre matches (exact on lugar_nombre): 0
2026-07-24 21:49:56 - matching_Stangl_Balmi - INFO -   Saint-only matches: 0
2026-07-24 21:49:56 - matching_Stangl_Balmi - INFO -   Substantive matches: 0
2026-07-24 21:49:56 - matching_Stangl_Balmi - INFO -   Candidate pool (>= threshold): 0
2026-07-24 21:49:56 - matching_Stangl_Balmi - WARNING -   No candidate above threshold - relegated
2026-07-24 21:49:56 - matching_Stangl_Balmi - INFO - Processing row 70, rowID=71
2026-07-24 21:49:56 - matching_Stangl_Balmi - INFO - 
============================================================
2026-07-24 21:49:56 - matching_Stangl_Balmi - INFO - Processing rowID=71: 'San Carlos' -> cleaned: 'san carlos'
2026-07-24 21:49:56 - matching_Stangl_Balmi - INFO -   Token-based candidates: 12292
2026-07-24 21:49:56 - matching_Stangl_Balmi - INFO -   Filtering: need match on substantive tokens: ['carlos'] OR 2+ total tokens
2026-07-24 21:49:59 - matching_Stangl_Balmi - INFO -   After filtering weak token matches: 190 candidates
2026-07-24 21:49:59 - matching_Stangl_Balmi - INFO -   Fuzzy matches (score >= 70, limit=500): 190
2026-07-24 21:49:59 - matching_Stangl_Balmi - DEBUG -     gz_id=9000248 'san carlos' score=1.000 nombre=False saint_only=True terr= phase=candidate
2026-07-24 21:49:59 - matching_Stangl_Balmi - DEBUG -     gz_id=9000248 'san carlos' score=1.000 nombre=False saint_only=True terr= phase=candidate
2026-07-24 21:49:59 - matching_Stangl_Balmi - DEBUG -     gz_id=9000248 'san carlos' score=1.000 nombre=False saint_only=True terr= phase=candidate
2026-07-24 21:49:59 - matching_Stangl_Balmi - DEBUG -     gz_id=9000248 'san carlos' score=1.000 nombre=False saint_only=True terr= phase=candidate
2026-07-24 21:49:59 - matching_Stangl_Balmi - DEBUG -     gz_id=9000636 'san carlos' score=1.000 nombre=True saint_only=False terr= phase=auto_adopt
2026-07-24 21:49:59 - matching_Stangl_Balmi - DEBUG -     gz_id=9000636 'san carlos' score=1.000 nombre=True saint_only=False terr= phase=auto_adopt
2026-07-24 21:49:59 - matching_Stangl_Balmi - DEBUG -     gz_id=9000636 'san carlos' score=1.000 nombre=True saint_only=False terr= phase=auto_adopt
2026-07-24 21:49:59 - matching_Stangl_Balmi - DEBUG -     gz_id=9000636 'san carlos' score=1.000 nombre=True saint_only=False terr= phase=auto_adopt
2026-07-24 21:49:59 - matching_Stangl_Balmi - DEBUG -     gz_id=9000641 'san carlos' score=1.000 nombre=True saint_only=False terr= phase=auto_adopt
2026-07-24 21:49:59 - matching_Stangl_Balmi - DEBUG -     gz_id=9000641 'san carlos' score=1.000 nombre=True saint_only=False terr= phase=auto_adopt
2026-07-24 21:49:59 - matching_Stangl_Balmi - DEBUG -     gz_id=9000664 'san carlos' score=1.000 nombre=False saint_only=True terr= phase=candidate
2026-07-24 21:49:59 - matching_Stangl_Balmi - DEBUG -     gz_id=9000716 'puerto deceado' score=1.000 nombre=False saint_only=True terr= phase=candidate
2026-07-24 21:49:59 - matching_Stangl_Balmi - DEBUG -     gz_id=9000716 'puerto deceado' score=1.000 nombre=False saint_only=True terr= phase=candidate
2026-07-24 21:49:59 - matching_Stangl_Balmi - DEBUG -     gz_id=9000716 'puerto deceado' score=1.000 nombre=False saint_only=True terr= phase=candidate
2026-07-24 21:49:59 - matching_Stangl_Balmi - DEBUG -     gz_id=9000717 'puerto deceado' score=1.000 nombre=False saint_only=False terr= phase=candidate
2026-07-24 21:49:59 - matching_Stangl_Balmi - DEBUG -     gz_id=9000717 'puerto deceado' score=1.000 nombre=False saint_only=False terr= phase=candidate
2026-07-24 21:49:59 - matching_Stangl_Balmi - DEBUG -     gz_id=9000717 'puerto deceado' score=1.000 nombre=False saint_only=False terr= phase=candidate
2026-07-24 21:49:59 - matching_Stangl_Balmi - DEBUG -     gz_id=9000720 'billa san carlos' score=1.000 nombre=False saint_only=True terr= phase=candidate
2026-07-24 21:49:59 - matching_Stangl_Balmi - DEBUG -     gz_id=9000720 'billa san carlos' score=1.000 nombre=False saint_only=True terr= phase=candidate
2026-07-24 21:49:59 - matching_Stangl_Balmi - DEBUG -     gz_id=9000720 'billa san carlos' score=1.000 nombre=False saint_only=True terr= phase=candidate
2026-07-24 21:49:59 - matching_Stangl_Balmi - DEBUG -     gz_id=9000720 'billa san carlos' score=1.000 nombre=False saint_only=True terr= phase=candidate
2026-07-24 21:49:59 - matching_Stangl_Balmi - DEBUG -     gz_id=9900217 'san carlos' score=1.000 nombre=True saint_only=False terr= phase=auto_adopt
2026-07-24 21:49:59 - matching_Stangl_Balmi - DEBUG -     gz_id=9900217 'san carlos' score=1.000 nombre=True saint_only=False terr= phase=auto_adopt
2026-07-24 21:49:59 - matching_Stangl_Balmi - DEBUG -     gz_id=9900218 'san carlos' score=1.000 nombre=False saint_only=True terr= phase=candidate
2026-07-24 21:49:59 - matching_Stangl_Balmi - DEBUG -     gz_id=9900219 'san carlos borromeo' score=1.000 nombre=False saint_only=True terr= phase=candidate
2026-07-24 21:49:59 - matching_Stangl_Balmi - DEBUG -     gz_id=9900219 'san carlos borromeo' score=1.000 nombre=False saint_only=True terr= phase=candidate
2026-07-24 21:49:59 - matching_Stangl_Balmi - DEBUG -     gz_id=9900219 'san carlos borromeo' score=1.000 nombre=False saint_only=True terr= phase=candidate
2026-07-24 21:49:59 - matching_Stangl_Balmi - DEBUG -     gz_id=9900630 'san carlos' score=1.000 nombre=True saint_only=False terr= phase=auto_adopt
2026-07-24 21:49:59 - matching_Stangl_Balmi - DEBUG -     gz_id=9900667 'real san carlos' score=1.000 nombre=False saint_only=True terr= phase=candidate
2026-07-24 21:49:59 - matching_Stangl_Balmi - DEBUG -     gz_id=9900667 'real san carlos' score=1.000 nombre=False saint_only=True terr= phase=candidate
2026-07-24 21:49:59 - matching_Stangl_Balmi - DEBUG -     gz_id=9901076 'san carlos' score=1.000 nombre=True saint_only=False terr= phase=auto_adopt
2026-07-24 21:49:59 - matching_Stangl_Balmi - DEBUG -     gz_id=9901076 'san carlos' score=1.000 nombre=True saint_only=False terr= phase=auto_adopt
2026-07-24 21:49:59 - matching_Stangl_Balmi - DEBUG -     gz_id=9901076 'san carlos' score=1.000 nombre=True saint_only=False terr= phase=auto_adopt
2026-07-24 21:49:59 - matching_Stangl_Balmi - DEBUG -     gz_id=9930002 'chacatos' score=1.000 nombre=False saint_only=True terr= phase=candidate
2026-07-24 21:49:59 - matching_Stangl_Balmi - DEBUG -     gz_id=1002595 'san carlos' score=1.000 nombre=False saint_only=True terr= phase=candidate
2026-07-24 21:49:59 - matching_Stangl_Balmi - DEBUG -     gz_id=1002595 'san carlos' score=1.000 nombre=False saint_only=True terr= phase=candidate
2026-07-24 21:49:59 - matching_Stangl_Balmi - DEBUG -     gz_id=9000641 'san carlos' score=1.000 nombre=True saint_only=False terr= phase=auto_adopt
2026-07-24 21:49:59 - matching_Stangl_Balmi - DEBUG -     gz_id=9000641 'san carlos' score=1.000 nombre=True saint_only=False terr= phase=auto_adopt
2026-07-24 21:49:59 - matching_Stangl_Balmi - DEBUG -     gz_id=1004024 'san carlos' score=1.000 nombre=True saint_only=False terr= phase=auto_adopt
2026-07-24 21:49:59 - matching_Stangl_Balmi - DEBUG -     gz_id=1004024 'san carlos' score=1.000 nombre=True saint_only=False terr= phase=auto_adopt
2026-07-24 21:49:59 - matching_Stangl_Balmi - DEBUG -     gz_id=1004262 'san carlos' score=1.000 nombre=True saint_only=False terr= phase=auto_adopt
2026-07-24 21:49:59 - matching_Stangl_Balmi - DEBUG -     gz_id=1004262 'san carlos' score=1.000 nombre=True saint_only=False terr= phase=auto_adopt
2026-07-24 21:49:59 - matching_Stangl_Balmi - DEBUG -     gz_id=9900218 'san carlos' score=1.000 nombre=False saint_only=True terr= phase=candidate
2026-07-24 21:49:59 - matching_Stangl_Balmi - DEBUG -     gz_id=9900218 'san carlos' score=1.000 nombre=False saint_only=True terr= phase=candidate
2026-07-24 21:49:59 - matching_Stangl_Balmi - DEBUG -     gz_id=9900218 'san carlos' score=1.000 nombre=False saint_only=True terr= phase=candidate
2026-07-24 21:49:59 - matching_Stangl_Balmi - DEBUG -     gz_id=9900218 'san carlos' score=1.000 nombre=False saint_only=True terr= phase=candidate
2026-07-24 21:49:59 - matching_Stangl_Balmi - DEBUG -     gz_id=9900218 'san carlos' score=1.000 nombre=False saint_only=True terr= phase=candidate
2026-07-24 21:49:59 - matching_Stangl_Balmi - DEBUG -     gz_id=9900219 'san carlos borromeo' score=1.000 nombre=False saint_only=True terr= phase=candidate
2026-07-24 21:49:59 - matching_Stangl_Balmi - DEBUG -     gz_id=9900219 'san carlos borromeo' score=1.000 nombre=False saint_only=True terr= phase=candidate
2026-07-24 21:49:59 - matching_Stangl_Balmi - DEBUG -     gz_id=9900219 'san carlos borromeo' score=1.000 nombre=False saint_only=True terr= phase=candidate
2026-07-24 21:49:59 - matching_Stangl_Balmi - DEBUG -     gz_id=9900219 'san carlos borromeo' score=1.000 nombre=False saint_only=True terr= phase=candidate
2026-07-24 21:49:59 - matching_Stangl_Balmi - DEBUG -     gz_id=1004753 'carmelo' score=1.000 nombre=False saint_only=True terr= phase=candidate
2026-07-24 21:49:59 - matching_Stangl_Balmi - DEBUG -     gz_id=1004753 'carmelo' score=1.000 nombre=False saint_only=True terr= phase=candidate
2026-07-24 21:49:59 - matching_Stangl_Balmi - DEBUG -     gz_id=1004753 'carmelo' score=1.000 nombre=False saint_only=True terr= phase=candidate
2026-07-24 21:49:59 - matching_Stangl_Balmi - DEBUG -     gz_id=1004753 'carmelo' score=1.000 nombre=False saint_only=True terr= phase=candidate
2026-07-24 21:49:59 - matching_Stangl_Balmi - DEBUG -     gz_id=1004753 'carmelo' score=1.000 nombre=False saint_only=True terr= phase=candidate
2026-07-24 21:49:59 - matching_Stangl_Balmi - DEBUG -     gz_id=1004891 'san carlos' score=1.000 nombre=False saint_only=True terr= phase=candidate
2026-07-24 21:49:59 - matching_Stangl_Balmi - DEBUG -     gz_id=1004891 'san carlos' score=1.000 nombre=False saint_only=True terr= phase=candidate
2026-07-24 21:49:59 - matching_Stangl_Balmi - DEBUG -     gz_id=1004891 'san carlos' score=1.000 nombre=False saint_only=True terr= phase=candidate
2026-07-24 21:49:59 - matching_Stangl_Balmi - DEBUG -     gz_id=1004891 'san carlos' score=1.000 nombre=False saint_only=True terr= phase=candidate
2026-07-24 21:49:59 - matching_Stangl_Balmi - DEBUG -     gz_id=1004919 'san carlos' score=1.000 nombre=True saint_only=False terr= phase=auto_adopt
2026-07-24 21:49:59 - matching_Stangl_Balmi - DEBUG -     gz_id=1004919 'san carlos' score=1.000 nombre=True saint_only=False terr= phase=auto_adopt
2026-07-24 21:49:59 - matching_Stangl_Balmi - DEBUG -     gz_id=1005098 'perote' score=1.000 nombre=False saint_only=True terr= phase=candidate
2026-07-24 21:49:59 - matching_Stangl_Balmi - DEBUG -     gz_id=1005098 'perote' score=1.000 nombre=False saint_only=True terr= phase=candidate
2026-07-24 21:49:59 - matching_Stangl_Balmi - DEBUG -     gz_id=2000172 'cija' score=1.000 nombre=False saint_only=True terr= phase=candidate
2026-07-24 21:49:59 - matching_Stangl_Balmi - DEBUG -     gz_id=9900667 'real san carlos' score=1.000 nombre=False saint_only=True terr= phase=candidate
2026-07-24 21:49:59 - matching_Stangl_Balmi - DEBUG -     gz_id=9900667 'real san carlos' score=1.000 nombre=False saint_only=True terr= phase=candidate
2026-07-24 21:49:59 - matching_Stangl_Balmi - DEBUG -     gz_id=2000587 'dibisadero' score=1.000 nombre=False saint_only=True terr= phase=candidate
2026-07-24 21:49:59 - matching_Stangl_Balmi - DEBUG -     gz_id=2000587 'dibisadero' score=1.000 nombre=False saint_only=True terr= phase=candidate
2026-07-24 21:49:59 - matching_Stangl_Balmi - DEBUG -     gz_id=2000587 'dibisadero' score=1.000 nombre=False saint_only=True terr= phase=candidate
2026-07-24 21:49:59 - matching_Stangl_Balmi - DEBUG -     gz_id=2000587 'dibisadero' score=1.000 nombre=False saint_only=True terr= phase=candidate
2026-07-24 21:49:59 - matching_Stangl_Balmi - DEBUG -     gz_id=2000587 'dibisadero' score=1.000 nombre=False saint_only=True terr= phase=candidate
2026-07-24 21:49:59 - matching_Stangl_Balmi - DEBUG -     gz_id=2000722 'san carlos' score=1.000 nombre=False saint_only=True terr= phase=candidate
2026-07-24 21:49:59 - matching_Stangl_Balmi - DEBUG -     gz_id=2000722 'san carlos' score=1.000 nombre=False saint_only=True terr= phase=candidate
2026-07-24 21:49:59 - matching_Stangl_Balmi - DEBUG -     gz_id=2000722 'san carlos' score=1.000 nombre=False saint_only=True terr= phase=candidate
2026-07-24 21:49:59 - matching_Stangl_Balmi - DEBUG -     gz_id=2000874 'san carlos' score=1.000 nombre=True saint_only=False terr= phase=auto_adopt
2026-07-24 21:49:59 - matching_Stangl_Balmi - DEBUG -     gz_id=2000875 'puerto san carlos' score=1.000 nombre=False saint_only=True terr= phase=candidate
2026-07-24 21:49:59 - matching_Stangl_Balmi - DEBUG -     gz_id=3000122 'san carlos barranca' score=1.000 nombre=False saint_only=True terr= phase=candidate
2026-07-24 21:49:59 - matching_Stangl_Balmi - DEBUG -     gz_id=3000122 'san carlos barranca' score=1.000 nombre=False saint_only=True terr= phase=candidate
2026-07-24 21:49:59 - matching_Stangl_Balmi - DEBUG -     gz_id=3000122 'san carlos barranca' score=1.000 nombre=False saint_only=True terr= phase=candidate
2026-07-24 21:49:59 - matching_Stangl_Balmi - DEBUG -     gz_id=3000122 'san carlos barranca' score=1.000 nombre=False saint_only=True terr= phase=candidate
2026-07-24 21:49:59 - matching_Stangl_Balmi - DEBUG -     gz_id=3000122 'san carlos barranca' score=1.000 nombre=False saint_only=True terr= phase=candidate
2026-07-24 21:49:59 - matching_Stangl_Balmi - DEBUG -     gz_id=3000122 'san carlos barranca' score=1.000 nombre=False saint_only=True terr= phase=candidate
2026-07-24 21:49:59 - matching_Stangl_Balmi - DEBUG -     gz_id=3000122 'san carlos barranca' score=1.000 nombre=False saint_only=True terr= phase=candidate
2026-07-24 21:49:59 - matching_Stangl_Balmi - DEBUG -     gz_id=3000134 'san carlos' score=1.000 nombre=True saint_only=False terr= phase=auto_adopt
2026-07-24 21:49:59 - matching_Stangl_Balmi - DEBUG -     gz_id=3000134 'san carlos' score=1.000 nombre=True saint_only=False terr= phase=auto_adopt
2026-07-24 21:49:59 - matching_Stangl_Balmi - DEBUG -     gz_id=3000134 'san carlos' score=1.000 nombre=True saint_only=False terr= phase=auto_adopt
2026-07-24 21:49:59 - matching_Stangl_Balmi - DEBUG -     gz_id=3000134 'san carlos' score=1.000 nombre=True saint_only=False terr= phase=auto_adopt
2026-07-24 21:49:59 - matching_Stangl_Balmi - DEBUG -     gz_id=3000134 'san carlos' score=1.000 nombre=True saint_only=False terr= phase=auto_adopt
2026-07-24 21:49:59 - matching_Stangl_Balmi - DEBUG -     gz_id=3000270 'san carlos costa alemanes' score=1.000 nombre=False saint_only=True terr= phase=candidate
2026-07-24 21:49:59 - matching_Stangl_Balmi - DEBUG -     gz_id=3000270 'san carlos costa alemanes' score=1.000 nombre=False saint_only=True terr= phase=candidate
2026-07-24 21:49:59 - matching_Stangl_Balmi - DEBUG -     gz_id=3000270 'san carlos costa alemanes' score=1.000 nombre=False saint_only=True terr= phase=candidate
2026-07-24 21:49:59 - matching_Stangl_Balmi - DEBUG -     gz_id=3000270 'san carlos costa alemanes' score=1.000 nombre=False saint_only=True terr= phase=candidate
2026-07-24 21:49:59 - matching_Stangl_Balmi - DEBUG -     gz_id=3000270 'san carlos costa alemanes' score=1.000 nombre=False saint_only=True terr= phase=candidate
2026-07-24 21:49:59 - matching_Stangl_Balmi - DEBUG -     gz_id=3000299 'misuri' score=1.000 nombre=False saint_only=True terr= phase=candidate
2026-07-24 21:49:59 - matching_Stangl_Balmi - DEBUG -     gz_id=3000299 'misuri' score=1.000 nombre=False saint_only=True terr= phase=candidate
2026-07-24 21:49:59 - matching_Stangl_Balmi - DEBUG -     gz_id=3000331 'san carlos tenerife' score=1.000 nombre=False saint_only=True terr= phase=candidate
2026-07-24 21:49:59 - matching_Stangl_Balmi - DEBUG -     gz_id=3000331 'san carlos tenerife' score=1.000 nombre=False saint_only=True terr= phase=candidate
2026-07-24 21:49:59 - matching_Stangl_Balmi - DEBUG -     gz_id=4000020 'san carlos' score=1.000 nombre=False saint_only=True terr= phase=candidate
2026-07-24 21:49:59 - matching_Stangl_Balmi - DEBUG -     gz_id=4000020 'san carlos' score=1.000 nombre=False saint_only=True terr= phase=candidate
2026-07-24 21:49:59 - matching_Stangl_Balmi - DEBUG -     gz_id=4000020 'san carlos' score=1.000 nombre=False saint_only=True terr= phase=candidate
2026-07-24 21:49:59 - matching_Stangl_Balmi - DEBUG -     gz_id=4000020 'san carlos' score=1.000 nombre=False saint_only=True terr= phase=candidate
2026-07-24 21:49:59 - matching_Stangl_Balmi - DEBUG -     gz_id=4000020 'san carlos' score=1.000 nombre=False saint_only=True terr= phase=candidate
2026-07-24 21:49:59 - matching_Stangl_Balmi - DEBUG -     gz_id=4000020 'san carlos' score=1.000 nombre=False saint_only=True terr= phase=candidate
2026-07-24 21:49:59 - matching_Stangl_Balmi - DEBUG -     gz_id=4000384 'amacuro' score=1.000 nombre=False saint_only=True terr= phase=candidate
2026-07-24 21:49:59 - matching_Stangl_Balmi - DEBUG -     gz_id=4000384 'amacuro' score=1.000 nombre=False saint_only=True terr= phase=candidate
2026-07-24 21:49:59 - matching_Stangl_Balmi - DEBUG -     gz_id=4000384 'amacuro' score=1.000 nombre=False saint_only=True terr= phase=candidate
2026-07-24 21:49:59 - matching_Stangl_Balmi - DEBUG -     gz_id=4000384 'amacuro' score=1.000 nombre=False saint_only=True terr= phase=candidate
2026-07-24 21:49:59 - matching_Stangl_Balmi - DEBUG -     gz_id=4000384 'amacuro' score=1.000 nombre=False saint_only=True terr= phase=candidate
2026-07-24 21:49:59 - matching_Stangl_Balmi - DEBUG -     gz_id=4000416 'san carlos' score=1.000 nombre=False saint_only=True terr= phase=candidate
2026-07-24 21:49:59 - matching_Stangl_Balmi - DEBUG -     gz_id=4000416 'san carlos' score=1.000 nombre=False saint_only=True terr= phase=candidate
2026-07-24 21:49:59 - matching_Stangl_Balmi - DEBUG -     gz_id=4000416 'san carlos' score=1.000 nombre=False saint_only=True terr= phase=candidate
2026-07-24 21:49:59 - matching_Stangl_Balmi - DEBUG -     gz_id=4000416 'san carlos' score=1.000 nombre=False saint_only=True terr= phase=candidate
2026-07-24 21:49:59 - matching_Stangl_Balmi - DEBUG -     gz_id=4000416 'san carlos' score=1.000 nombre=False saint_only=True terr= phase=candidate
2026-07-24 21:49:59 - matching_Stangl_Balmi - DEBUG -     gz_id=4000458 'san carlos barra' score=1.000 nombre=False saint_only=True terr= phase=candidate
2026-07-24 21:49:59 - matching_Stangl_Balmi - DEBUG -     gz_id=4000458 'san carlos barra' score=1.000 nombre=False saint_only=True terr= phase=candidate
2026-07-24 21:49:59 - matching_Stangl_Balmi - DEBUG -     gz_id=4000458 'san carlos barra' score=1.000 nombre=False saint_only=True terr= phase=candidate
2026-07-24 21:49:59 - matching_Stangl_Balmi - DEBUG -     gz_id=4000458 'san carlos barra' score=1.000 nombre=False saint_only=True terr= phase=candidate
2026-07-24 21:49:59 - matching_Stangl_Balmi - DEBUG -     gz_id=4000458 'san carlos barra' score=1.000 nombre=False saint_only=True terr= phase=candidate
2026-07-24 21:49:59 - matching_Stangl_Balmi - DEBUG -     gz_id=4000458 'san carlos barra' score=1.000 nombre=False saint_only=True terr= phase=candidate
2026-07-24 21:49:59 - matching_Stangl_Balmi - DEBUG -     gz_id=4000458 'san carlos barra' score=1.000 nombre=False saint_only=True terr= phase=candidate
2026-07-24 21:49:59 - matching_Stangl_Balmi - DEBUG -     gz_id=4000470 'san carlos sulia' score=1.000 nombre=False saint_only=True terr= phase=candidate
2026-07-24 21:49:59 - matching_Stangl_Balmi - DEBUG -     gz_id=4000470 'san carlos sulia' score=1.000 nombre=False saint_only=True terr= phase=candidate
2026-07-24 21:49:59 - matching_Stangl_Balmi - DEBUG -     gz_id=4000470 'san carlos sulia' score=1.000 nombre=False saint_only=True terr= phase=candidate
2026-07-24 21:49:59 - matching_Stangl_Balmi - DEBUG -     gz_id=4000586 'san carlos' score=1.000 nombre=True saint_only=False terr= phase=auto_adopt
2026-07-24 21:49:59 - matching_Stangl_Balmi - DEBUG -     gz_id=4000586 'san carlos' score=1.000 nombre=True saint_only=False terr= phase=auto_adopt
2026-07-24 21:49:59 - matching_Stangl_Balmi - DEBUG -     gz_id=4000586 'san carlos' score=1.000 nombre=True saint_only=False terr= phase=auto_adopt
2026-07-24 21:49:59 - matching_Stangl_Balmi - DEBUG -     gz_id=4000586 'san carlos' score=1.000 nombre=True saint_only=False terr= phase=auto_adopt
2026-07-24 21:49:59 - matching_Stangl_Balmi - DEBUG -     gz_id=4000586 'san carlos' score=1.000 nombre=True saint_only=False terr= phase=auto_adopt
2026-07-24 21:49:59 - matching_Stangl_Balmi - DEBUG -     gz_id=5000083 'canas gordas' score=1.000 nombre=False saint_only=True terr= phase=candidate
2026-07-24 21:49:59 - matching_Stangl_Balmi - DEBUG -     gz_id=5000101 'priego' score=1.000 nombre=False saint_only=True terr= phase=candidate
2026-07-24 21:49:59 - matching_Stangl_Balmi - DEBUG -     gz_id=5000101 'priego' score=1.000 nombre=False saint_only=True terr= phase=candidate
2026-07-24 21:49:59 - matching_Stangl_Balmi - DEBUG -     gz_id=9901076 'san carlos' score=1.000 nombre=True saint_only=False terr= phase=auto_adopt
2026-07-24 21:49:59 - matching_Stangl_Balmi - DEBUG -     gz_id=9901076 'san carlos' score=1.000 nombre=True saint_only=False terr= phase=auto_adopt
2026-07-24 21:49:59 - matching_Stangl_Balmi - DEBUG -     gz_id=5000162 'colocina' score=1.000 nombre=False saint_only=True terr= phase=candidate
2026-07-24 21:49:59 - matching_Stangl_Balmi - DEBUG -     gz_id=5000162 'colocina' score=1.000 nombre=False saint_only=True terr= phase=candidate
2026-07-24 21:49:59 - matching_Stangl_Balmi - DEBUG -     gz_id=5000162 'colocina' score=1.000 nombre=False saint_only=True terr= phase=candidate
2026-07-24 21:49:59 - matching_Stangl_Balmi - DEBUG -     gz_id=5000162 'colocina' score=1.000 nombre=False saint_only=True terr= phase=candidate
2026-07-24 21:49:59 - matching_Stangl_Balmi - DEBUG -     gz_id=5000206 'nunchia' score=1.000 nombre=False saint_only=True terr= phase=candidate
2026-07-24 21:49:59 - matching_Stangl_Balmi - DEBUG -     gz_id=5000206 'nunchia' score=1.000 nombre=False saint_only=True terr= phase=candidate
2026-07-24 21:49:59 - matching_Stangl_Balmi - DEBUG -     gz_id=5000206 'nunchia' score=1.000 nombre=False saint_only=True terr= phase=candidate
2026-07-24 21:49:59 - matching_Stangl_Balmi - DEBUG -     gz_id=5000305 'chiru' score=1.000 nombre=False saint_only=True terr= phase=candidate
2026-07-24 21:49:59 - matching_Stangl_Balmi - DEBUG -     gz_id=5000382 'san carlos' score=1.000 nombre=False saint_only=False terr= phase=candidate
2026-07-24 21:49:59 - matching_Stangl_Balmi - DEBUG -     gz_id=5000716 'pedrasa' score=1.000 nombre=False saint_only=True terr= phase=candidate
2026-07-24 21:49:59 - matching_Stangl_Balmi - DEBUG -     gz_id=5000716 'pedrasa' score=1.000 nombre=False saint_only=True terr= phase=candidate
2026-07-24 21:49:59 - matching_Stangl_Balmi - DEBUG -     gz_id=5600311 'san carlos alabonos' score=1.000 nombre=False saint_only=True terr= phase=candidate
2026-07-24 21:49:59 - matching_Stangl_Balmi - DEBUG -     gz_id=5600311 'san carlos alabonos' score=1.000 nombre=False saint_only=True terr= phase=candidate
2026-07-24 21:49:59 - matching_Stangl_Balmi - DEBUG -     gz_id=5600311 'san carlos alabonos' score=1.000 nombre=False saint_only=True terr= phase=candidate
2026-07-24 21:49:59 - matching_Stangl_Balmi - DEBUG -     gz_id=5600311 'san carlos alabonos' score=1.000 nombre=False saint_only=True terr= phase=candidate
2026-07-24 21:49:59 - matching_Stangl_Balmi - DEBUG -     gz_id=5600311 'san carlos alabonos' score=1.000 nombre=False saint_only=True terr= phase=candidate
2026-07-24 21:49:59 - matching_Stangl_Balmi - DEBUG -     gz_id=5600311 'san carlos alabonos' score=1.000 nombre=False saint_only=True terr= phase=candidate
2026-07-24 21:49:59 - matching_Stangl_Balmi - DEBUG -     gz_id=7000007 'san carlos' score=1.000 nombre=False saint_only=True terr= phase=candidate
2026-07-24 21:49:59 - matching_Stangl_Balmi - DEBUG -     gz_id=7000367 'iumbel' score=1.000 nombre=False saint_only=True terr= phase=candidate
2026-07-24 21:49:59 - matching_Stangl_Balmi - DEBUG -     gz_id=7000367 'iumbel' score=1.000 nombre=False saint_only=True terr= phase=candidate
2026-07-24 21:49:59 - matching_Stangl_Balmi - DEBUG -     gz_id=7000373 'puren' score=1.000 nombre=False saint_only=True terr= phase=candidate
2026-07-24 21:49:59 - matching_Stangl_Balmi - DEBUG -     gz_id=7000373 'puren' score=1.000 nombre=False saint_only=True terr= phase=candidate
2026-07-24 21:49:59 - matching_Stangl_Balmi - DEBUG -     gz_id=7000373 'puren' score=1.000 nombre=False saint_only=True terr= phase=candidate
2026-07-24 21:49:59 - matching_Stangl_Balmi - DEBUG -     gz_id=7000373 'puren' score=1.000 nombre=False saint_only=True terr= phase=candidate
2026-07-24 21:49:59 - matching_Stangl_Balmi - DEBUG -     gz_id=7000373 'puren' score=1.000 nombre=False saint_only=True terr= phase=candidate
2026-07-24 21:49:59 - matching_Stangl_Balmi - DEBUG -     gz_id=7000379 'san carlos' score=1.000 nombre=True saint_only=False terr= phase=auto_adopt
2026-07-24 21:49:59 - matching_Stangl_Balmi - DEBUG -     gz_id=7000379 'san carlos' score=1.000 nombre=True saint_only=False terr= phase=auto_adopt
2026-07-24 21:49:59 - matching_Stangl_Balmi - DEBUG -     gz_id=8000002 'puno' score=1.000 nombre=False saint_only=True terr= phase=candidate
2026-07-24 21:49:59 - matching_Stangl_Balmi - DEBUG -     gz_id=8000002 'puno' score=1.000 nombre=False saint_only=True terr= phase=candidate
2026-07-24 21:49:59 - matching_Stangl_Balmi - DEBUG -     gz_id=8000002 'puno' score=1.000 nombre=False saint_only=True terr= phase=candidate
2026-07-24 21:49:59 - matching_Stangl_Balmi - DEBUG -     gz_id=8000186 'concepcion' score=1.000 nombre=False saint_only=False terr= phase=candidate
2026-07-24 21:49:59 - matching_Stangl_Balmi - DEBUG -     gz_id=8000186 'concepcion' score=1.000 nombre=False saint_only=False terr= phase=candidate
2026-07-24 21:49:59 - matching_Stangl_Balmi - DEBUG -     gz_id=8000186 'concepcion' score=1.000 nombre=False saint_only=False terr= phase=candidate
2026-07-24 21:49:59 - matching_Stangl_Balmi - DEBUG -     gz_id=8000186 'concepcion' score=1.000 nombre=False saint_only=False terr= phase=candidate
2026-07-24 21:49:59 - matching_Stangl_Balmi - DEBUG -     gz_id=8000392 'san carlos' score=1.000 nombre=False saint_only=True terr= phase=candidate
2026-07-24 21:49:59 - matching_Stangl_Balmi - DEBUG -     gz_id=9000036 'san carlos' score=1.000 nombre=False saint_only=True terr= phase=candidate
2026-07-24 21:49:59 - matching_Stangl_Balmi - DEBUG -     gz_id=9000036 'san carlos' score=1.000 nombre=False saint_only=True terr= phase=candidate
2026-07-24 21:49:59 - matching_Stangl_Balmi - DEBUG -     gz_id=9000036 'san carlos' score=1.000 nombre=False saint_only=True terr= phase=candidate
2026-07-24 21:49:59 - matching_Stangl_Balmi - DEBUG -     gz_id=9000036 'san carlos' score=1.000 nombre=False saint_only=True terr= phase=candidate
2026-07-24 21:49:59 - matching_Stangl_Balmi - DEBUG -     gz_id=9000146 'timbo' score=1.000 nombre=False saint_only=False terr= phase=candidate
2026-07-24 21:49:59 - matching_Stangl_Balmi - DEBUG -     gz_id=9000146 'timbo' score=1.000 nombre=False saint_only=False terr= phase=candidate
2026-07-24 21:49:59 - matching_Stangl_Balmi - DEBUG -     gz_id=9000146 'timbo' score=1.000 nombre=False saint_only=False terr= phase=candidate
2026-07-24 21:49:59 - matching_Stangl_Balmi - DEBUG -     gz_id=9000146 'timbo' score=1.000 nombre=False saint_only=False terr= phase=candidate
2026-07-24 21:49:59 - matching_Stangl_Balmi - DEBUG -     gz_id=9000182 'san carlos' score=1.000 nombre=True saint_only=False terr= phase=auto_adopt
2026-07-24 21:49:59 - matching_Stangl_Balmi - DEBUG -     gz_id=9000182 'san carlos' score=1.000 nombre=True saint_only=False terr= phase=auto_adopt
2026-07-24 21:49:59 - matching_Stangl_Balmi - DEBUG -     gz_id=9000182 'san carlos' score=1.000 nombre=True saint_only=False terr= phase=auto_adopt
2026-07-24 21:49:59 - matching_Stangl_Balmi - DEBUG -     gz_id=9000182 'san carlos' score=1.000 nombre=True saint_only=False terr= phase=auto_adopt
2026-07-24 21:49:59 - matching_Stangl_Balmi - DEBUG -     gz_id=9000182 'san carlos' score=1.000 nombre=True saint_only=False terr= phase=auto_adopt
2026-07-24 21:49:59 - matching_Stangl_Balmi - DEBUG -     gz_id=9000182 'san carlos' score=1.000 nombre=True saint_only=False terr= phase=auto_adopt
2026-07-24 21:49:59 - matching_Stangl_Balmi - DEBUG -     gz_id=9000182 'san carlos' score=1.000 nombre=True saint_only=False terr= phase=auto_adopt
2026-07-24 21:49:59 - matching_Stangl_Balmi - DEBUG -     gz_id=9000182 'san carlos' score=1.000 nombre=True saint_only=False terr= phase=auto_adopt
2026-07-24 21:49:59 - matching_Stangl_Balmi - DEBUG -     gz_id=5600182 'carlosama' score=0.800 nombre=False saint_only=False terr= phase=relegated
2026-07-24 21:49:59 - matching_Stangl_Balmi - DEBUG -     gz_id=5600182 'carlosama' score=0.800 nombre=False saint_only=False terr= phase=relegated
2026-07-24 21:49:59 - matching_Stangl_Balmi - DEBUG -     gz_id=5600182 'carlosama' score=0.800 nombre=False saint_only=False terr= phase=relegated
2026-07-24 21:49:59 - matching_Stangl_Balmi - DEBUG -     gz_id=7000371 'billacura' score=0.700 nombre=False saint_only=False terr= phase=relegated
2026-07-24 21:49:59 - matching_Stangl_Balmi - DEBUG -     gz_id=7000371 'billacura' score=0.700 nombre=False saint_only=False terr= phase=relegated
2026-07-24 21:49:59 - matching_Stangl_Balmi - INFO -   Before dedup: 190 candidates
2026-07-24 21:49:59 - matching_Stangl_Balmi - INFO -   After dedup: 57 unique gz_ids
2026-07-24 21:49:59 - matching_Stangl_Balmi - INFO -   Dropped 57 territory-contradicting candidates
2026-07-24 21:49:59 - matching_Stangl_Balmi - INFO -   Input has territorial data: True
2026-07-24 21:49:59 - matching_Stangl_Balmi - INFO -   Candidates with territory match: 0
2026-07-24 21:49:59 - matching_Stangl_Balmi - INFO -   No territorial filtering applied (no matching territories found)
2026-07-24 21:49:59 - matching_Stangl_Balmi - INFO -   Nombre matches (exact on lugar_nombre): 0
2026-07-24 21:49:59 - matching_Stangl_Balmi - INFO -   Saint-only matches: 0
2026-07-24 21:49:59 - matching_Stangl_Balmi - INFO -   Substantive matches: 0
2026-07-24 21:49:59 - matching_Stangl_Balmi - INFO -   Candidate pool (>= threshold): 0
2026-07-24 21:49:59 - matching_Stangl_Balmi - WARNING -   No candidate above threshold - relegated
2026-07-24 21:49:59 - matching_Stangl_Balmi - INFO - Processing row 70, rowID=71
2026-07-24 21:49:59 - matching_Stangl_Balmi - INFO - 
============================================================
2026-07-24 21:49:59 - matching_Stangl_Balmi - INFO - Processing rowID=71: 'San Carlos' -> cleaned: 'san carlos'
2026-07-24 21:50:00 - matching_Stangl_Balmi - INFO -   Token-based candidates: 12292
2026-07-24 21:50:00 - matching_Stangl_Balmi - INFO -   Filtering: need match on substantive tokens: ['carlos'] OR 2+ total tokens
2026-07-24 21:50:02 - matching_Stangl_Balmi - INFO -   After filtering weak token matches: 190 candidates
2026-07-24 21:50:03 - matching_Stangl_Balmi - INFO -   Fuzzy matches (score >= 70, limit=500): 190
2026-07-24 21:50:03 - matching_Stangl_Balmi - DEBUG -     gz_id=9000248 'san carlos' score=1.000 nombre=False saint_only=True terr= phase=candidate
2026-07-24 21:50:03 - matching_Stangl_Balmi - DEBUG -     gz_id=9000248 'san carlos' score=1.000 nombre=False saint_only=True terr= phase=candidate
2026-07-24 21:50:03 - matching_Stangl_Balmi - DEBUG -     gz_id=9000248 'san carlos' score=1.000 nombre=False saint_only=True terr= phase=candidate
2026-07-24 21:50:03 - matching_Stangl_Balmi - DEBUG -     gz_id=9000248 'san carlos' score=1.000 nombre=False saint_only=True terr= phase=candidate
2026-07-24 21:50:03 - matching_Stangl_Balmi - DEBUG -     gz_id=9000636 'san carlos' score=1.000 nombre=True saint_only=False terr= phase=auto_adopt
2026-07-24 21:50:03 - matching_Stangl_Balmi - DEBUG -     gz_id=9000636 'san carlos' score=1.000 nombre=True saint_only=False terr= phase=auto_adopt
2026-07-24 21:50:03 - matching_Stangl_Balmi - DEBUG -     gz_id=9000636 'san carlos' score=1.000 nombre=True saint_only=False terr= phase=auto_adopt
2026-07-24 21:50:03 - matching_Stangl_Balmi - DEBUG -     gz_id=9000636 'san carlos' score=1.000 nombre=True saint_only=False terr= phase=auto_adopt
2026-07-24 21:50:03 - matching_Stangl_Balmi - DEBUG -     gz_id=9000641 'san carlos' score=1.000 nombre=True saint_only=False terr= phase=auto_adopt
2026-07-24 21:50:03 - matching_Stangl_Balmi - DEBUG -     gz_id=9000641 'san carlos' score=1.000 nombre=True saint_only=False terr= phase=auto_adopt
2026-07-24 21:50:03 - matching_Stangl_Balmi - DEBUG -     gz_id=9000664 'san carlos' score=1.000 nombre=False saint_only=True terr= phase=candidate
2026-07-24 21:50:03 - matching_Stangl_Balmi - DEBUG -     gz_id=9000716 'puerto deceado' score=1.000 nombre=False saint_only=True terr= phase=candidate
2026-07-24 21:50:03 - matching_Stangl_Balmi - DEBUG -     gz_id=9000716 'puerto deceado' score=1.000 nombre=False saint_only=True terr= phase=candidate
2026-07-24 21:50:03 - matching_Stangl_Balmi - DEBUG -     gz_id=9000716 'puerto deceado' score=1.000 nombre=False saint_only=True terr= phase=candidate
2026-07-24 21:50:03 - matching_Stangl_Balmi - DEBUG -     gz_id=9000717 'puerto deceado' score=1.000 nombre=False saint_only=False terr= phase=candidate
2026-07-24 21:50:03 - matching_Stangl_Balmi - DEBUG -     gz_id=9000717 'puerto deceado' score=1.000 nombre=False saint_only=False terr= phase=candidate
2026-07-24 21:50:03 - matching_Stangl_Balmi - DEBUG -     gz_id=9000717 'puerto deceado' score=1.000 nombre=False saint_only=False terr= phase=candidate
2026-07-24 21:50:03 - matching_Stangl_Balmi - DEBUG -     gz_id=9000720 'billa san carlos' score=1.000 nombre=False saint_only=True terr= phase=candidate
2026-07-24 21:50:03 - matching_Stangl_Balmi - DEBUG -     gz_id=9000720 'billa san carlos' score=1.000 nombre=False saint_only=True terr= phase=candidate
2026-07-24 21:50:03 - matching_Stangl_Balmi - DEBUG -     gz_id=9000720 'billa san carlos' score=1.000 nombre=False saint_only=True terr= phase=candidate
2026-07-24 21:50:03 - matching_Stangl_Balmi - DEBUG -     gz_id=9000720 'billa san carlos' score=1.000 nombre=False saint_only=True terr= phase=candidate
2026-07-24 21:50:03 - matching_Stangl_Balmi - DEBUG -     gz_id=9900217 'san carlos' score=1.000 nombre=True saint_only=False terr= phase=auto_adopt
2026-07-24 21:50:03 - matching_Stangl_Balmi - DEBUG -     gz_id=9900217 'san carlos' score=1.000 nombre=True saint_only=False terr= phase=auto_adopt
2026-07-24 21:50:03 - matching_Stangl_Balmi - DEBUG -     gz_id=9900218 'san carlos' score=1.000 nombre=False saint_only=True terr= phase=candidate
2026-07-24 21:50:03 - matching_Stangl_Balmi - DEBUG -     gz_id=9900219 'san carlos borromeo' score=1.000 nombre=False saint_only=True terr= phase=candidate
2026-07-24 21:50:03 - matching_Stangl_Balmi - DEBUG -     gz_id=9900219 'san carlos borromeo' score=1.000 nombre=False saint_only=True terr= phase=candidate
2026-07-24 21:50:03 - matching_Stangl_Balmi - DEBUG -     gz_id=9900219 'san carlos borromeo' score=1.000 nombre=False saint_only=True terr= phase=candidate
2026-07-24 21:50:03 - matching_Stangl_Balmi - DEBUG -     gz_id=9900630 'san carlos' score=1.000 nombre=True saint_only=False terr= phase=auto_adopt
2026-07-24 21:50:03 - matching_Stangl_Balmi - DEBUG -     gz_id=9900667 'real san carlos' score=1.000 nombre=False saint_only=True terr= phase=candidate
2026-07-24 21:50:03 - matching_Stangl_Balmi - DEBUG -     gz_id=9900667 'real san carlos' score=1.000 nombre=False saint_only=True terr= phase=candidate
2026-07-24 21:50:03 - matching_Stangl_Balmi - DEBUG -     gz_id=9901076 'san carlos' score=1.000 nombre=True saint_only=False terr= phase=auto_adopt
2026-07-24 21:50:03 - matching_Stangl_Balmi - DEBUG -     gz_id=9901076 'san carlos' score=1.000 nombre=True saint_only=False terr= phase=auto_adopt
2026-07-24 21:50:03 - matching_Stangl_Balmi - DEBUG -     gz_id=9901076 'san carlos' score=1.000 nombre=True saint_only=False terr= phase=auto_adopt
2026-07-24 21:50:03 - matching_Stangl_Balmi - DEBUG -     gz_id=9930002 'chacatos' score=1.000 nombre=False saint_only=True terr= phase=candidate
2026-07-24 21:50:03 - matching_Stangl_Balmi - DEBUG -     gz_id=1002595 'san carlos' score=1.000 nombre=False saint_only=True terr= phase=candidate
2026-07-24 21:50:03 - matching_Stangl_Balmi - DEBUG -     gz_id=1002595 'san carlos' score=1.000 nombre=False saint_only=True terr= phase=candidate
2026-07-24 21:50:03 - matching_Stangl_Balmi - DEBUG -     gz_id=9000641 'san carlos' score=1.000 nombre=True saint_only=False terr= phase=auto_adopt
2026-07-24 21:50:03 - matching_Stangl_Balmi - DEBUG -     gz_id=9000641 'san carlos' score=1.000 nombre=True saint_only=False terr= phase=auto_adopt
2026-07-24 21:50:03 - matching_Stangl_Balmi - DEBUG -     gz_id=1004024 'san carlos' score=1.000 nombre=True saint_only=False terr= phase=auto_adopt
2026-07-24 21:50:03 - matching_Stangl_Balmi - DEBUG -     gz_id=1004024 'san carlos' score=1.000 nombre=True saint_only=False terr= phase=auto_adopt
2026-07-24 21:50:03 - matching_Stangl_Balmi - DEBUG -     gz_id=1004262 'san carlos' score=1.000 nombre=True saint_only=False terr= phase=auto_adopt
2026-07-24 21:50:03 - matching_Stangl_Balmi - DEBUG -     gz_id=1004262 'san carlos' score=1.000 nombre=True saint_only=False terr= phase=auto_adopt
2026-07-24 21:50:03 - matching_Stangl_Balmi - DEBUG -     gz_id=9900218 'san carlos' score=1.000 nombre=False saint_only=True terr= phase=candidate
2026-07-24 21:50:03 - matching_Stangl_Balmi - DEBUG -     gz_id=9900218 'san carlos' score=1.000 nombre=False saint_only=True terr= phase=candidate
2026-07-24 21:50:03 - matching_Stangl_Balmi - DEBUG -     gz_id=9900218 'san carlos' score=1.000 nombre=False saint_only=True terr= phase=candidate
2026-07-24 21:50:03 - matching_Stangl_Balmi - DEBUG -     gz_id=9900218 'san carlos' score=1.000 nombre=False saint_only=True terr= phase=candidate
2026-07-24 21:50:03 - matching_Stangl_Balmi - DEBUG -     gz_id=9900218 'san carlos' score=1.000 nombre=False saint_only=True terr= phase=candidate
2026-07-24 21:50:03 - matching_Stangl_Balmi - DEBUG -     gz_id=9900219 'san carlos borromeo' score=1.000 nombre=False saint_only=True terr= phase=candidate
2026-07-24 21:50:03 - matching_Stangl_Balmi - DEBUG -     gz_id=9900219 'san carlos borromeo' score=1.000 nombre=False saint_only=True terr= phase=candidate
2026-07-24 21:50:03 - matching_Stangl_Balmi - DEBUG -     gz_id=9900219 'san carlos borromeo' score=1.000 nombre=False saint_only=True terr= phase=candidate
2026-07-24 21:50:03 - matching_Stangl_Balmi - DEBUG -     gz_id=9900219 'san carlos borromeo' score=1.000 nombre=False saint_only=True terr= phase=candidate
2026-07-24 21:50:03 - matching_Stangl_Balmi - DEBUG -     gz_id=1004753 'carmelo' score=1.000 nombre=False saint_only=True terr= phase=candidate
2026-07-24 21:50:03 - matching_Stangl_Balmi - DEBUG -     gz_id=1004753 'carmelo' score=1.000 nombre=False saint_only=True terr= phase=candidate
2026-07-24 21:50:03 - matching_Stangl_Balmi - DEBUG -     gz_id=1004753 'carmelo' score=1.000 nombre=False saint_only=True terr= phase=candidate
2026-07-24 21:50:03 - matching_Stangl_Balmi - DEBUG -     gz_id=1004753 'carmelo' score=1.000 nombre=False saint_only=True terr= phase=candidate
2026-07-24 21:50:03 - matching_Stangl_Balmi - DEBUG -     gz_id=1004753 'carmelo' score=1.000 nombre=False saint_only=True terr= phase=candidate
2026-07-24 21:50:03 - matching_Stangl_Balmi - DEBUG -     gz_id=1004891 'san carlos' score=1.000 nombre=False saint_only=True terr= phase=candidate
2026-07-24 21:50:03 - matching_Stangl_Balmi - DEBUG -     gz_id=1004891 'san carlos' score=1.000 nombre=False saint_only=True terr= phase=candidate
2026-07-24 21:50:03 - matching_Stangl_Balmi - DEBUG -     gz_id=1004891 'san carlos' score=1.000 nombre=False saint_only=True terr= phase=candidate
2026-07-24 21:50:03 - matching_Stangl_Balmi - DEBUG -     gz_id=1004891 'san carlos' score=1.000 nombre=False saint_only=True terr= phase=candidate
2026-07-24 21:50:03 - matching_Stangl_Balmi - DEBUG -     gz_id=1004919 'san carlos' score=1.000 nombre=True saint_only=False terr= phase=auto_adopt
2026-07-24 21:50:03 - matching_Stangl_Balmi - DEBUG -     gz_id=1004919 'san carlos' score=1.000 nombre=True saint_only=False terr= phase=auto_adopt
2026-07-24 21:50:03 - matching_Stangl_Balmi - DEBUG -     gz_id=1005098 'perote' score=1.000 nombre=False saint_only=True terr= phase=candidate
2026-07-24 21:50:03 - matching_Stangl_Balmi - DEBUG -     gz_id=1005098 'perote' score=1.000 nombre=False saint_only=True terr= phase=candidate
2026-07-24 21:50:03 - matching_Stangl_Balmi - DEBUG -     gz_id=2000172 'cija' score=1.000 nombre=False saint_only=True terr= phase=candidate
2026-07-24 21:50:03 - matching_Stangl_Balmi - DEBUG -     gz_id=9900667 'real san carlos' score=1.000 nombre=False saint_only=True terr= phase=candidate
2026-07-24 21:50:03 - matching_Stangl_Balmi - DEBUG -     gz_id=9900667 'real san carlos' score=1.000 nombre=False saint_only=True terr= phase=candidate
2026-07-24 21:50:03 - matching_Stangl_Balmi - DEBUG -     gz_id=2000587 'dibisadero' score=1.000 nombre=False saint_only=True terr= phase=candidate
2026-07-24 21:50:03 - matching_Stangl_Balmi - DEBUG -     gz_id=2000587 'dibisadero' score=1.000 nombre=False saint_only=True terr= phase=candidate
2026-07-24 21:50:03 - matching_Stangl_Balmi - DEBUG -     gz_id=2000587 'dibisadero' score=1.000 nombre=False saint_only=True terr= phase=candidate
2026-07-24 21:50:03 - matching_Stangl_Balmi - DEBUG -     gz_id=2000587 'dibisadero' score=1.000 nombre=False saint_only=True terr= phase=candidate
2026-07-24 21:50:03 - matching_Stangl_Balmi - DEBUG -     gz_id=2000587 'dibisadero' score=1.000 nombre=False saint_only=True terr= phase=candidate
2026-07-24 21:50:03 - matching_Stangl_Balmi - DEBUG -     gz_id=2000722 'san carlos' score=1.000 nombre=False saint_only=True terr= phase=candidate
2026-07-24 21:50:03 - matching_Stangl_Balmi - DEBUG -     gz_id=2000722 'san carlos' score=1.000 nombre=False saint_only=True terr= phase=candidate
2026-07-24 21:50:03 - matching_Stangl_Balmi - DEBUG -     gz_id=2000722 'san carlos' score=1.000 nombre=False saint_only=True terr= phase=candidate
2026-07-24 21:50:03 - matching_Stangl_Balmi - DEBUG -     gz_id=2000874 'san carlos' score=1.000 nombre=True saint_only=False terr= phase=auto_adopt
2026-07-24 21:50:03 - matching_Stangl_Balmi - DEBUG -     gz_id=2000875 'puerto san carlos' score=1.000 nombre=False saint_only=True terr= phase=candidate
2026-07-24 21:50:03 - matching_Stangl_Balmi - DEBUG -     gz_id=3000122 'san carlos barranca' score=1.000 nombre=False saint_only=True terr= phase=candidate
2026-07-24 21:50:03 - matching_Stangl_Balmi - DEBUG -     gz_id=3000122 'san carlos barranca' score=1.000 nombre=False saint_only=True terr= phase=candidate
2026-07-24 21:50:03 - matching_Stangl_Balmi - DEBUG -     gz_id=3000122 'san carlos barranca' score=1.000 nombre=False saint_only=True terr= phase=candidate
2026-07-24 21:50:03 - matching_Stangl_Balmi - DEBUG -     gz_id=3000122 'san carlos barranca' score=1.000 nombre=False saint_only=True terr= phase=candidate
2026-07-24 21:50:03 - matching_Stangl_Balmi - DEBUG -     gz_id=3000122 'san carlos barranca' score=1.000 nombre=False saint_only=True terr= phase=candidate
2026-07-24 21:50:03 - matching_Stangl_Balmi - DEBUG -     gz_id=3000122 'san carlos barranca' score=1.000 nombre=False saint_only=True terr= phase=candidate
2026-07-24 21:50:03 - matching_Stangl_Balmi - DEBUG -     gz_id=3000122 'san carlos barranca' score=1.000 nombre=False saint_only=True terr= phase=candidate
2026-07-24 21:50:03 - matching_Stangl_Balmi - DEBUG -     gz_id=3000134 'san carlos' score=1.000 nombre=True saint_only=False terr= phase=auto_adopt
2026-07-24 21:50:03 - matching_Stangl_Balmi - DEBUG -     gz_id=3000134 'san carlos' score=1.000 nombre=True saint_only=False terr= phase=auto_adopt
2026-07-24 21:50:03 - matching_Stangl_Balmi - DEBUG -     gz_id=3000134 'san carlos' score=1.000 nombre=True saint_only=False terr= phase=auto_adopt
2026-07-24 21:50:03 - matching_Stangl_Balmi - DEBUG -     gz_id=3000134 'san carlos' score=1.000 nombre=True saint_only=False terr= phase=auto_adopt
2026-07-24 21:50:03 - matching_Stangl_Balmi - DEBUG -     gz_id=3000134 'san carlos' score=1.000 nombre=True saint_only=False terr= phase=auto_adopt
2026-07-24 21:50:03 - matching_Stangl_Balmi - DEBUG -     gz_id=3000270 'san carlos costa alemanes' score=1.000 nombre=False saint_only=True terr= phase=candidate
2026-07-24 21:50:03 - matching_Stangl_Balmi - DEBUG -     gz_id=3000270 'san carlos costa alemanes' score=1.000 nombre=False saint_only=True terr= phase=candidate
2026-07-24 21:50:03 - matching_Stangl_Balmi - DEBUG -     gz_id=3000270 'san carlos costa alemanes' score=1.000 nombre=False saint_only=True terr= phase=candidate
2026-07-24 21:50:03 - matching_Stangl_Balmi - DEBUG -     gz_id=3000270 'san carlos costa alemanes' score=1.000 nombre=False saint_only=True terr= phase=candidate
2026-07-24 21:50:03 - matching_Stangl_Balmi - DEBUG -     gz_id=3000270 'san carlos costa alemanes' score=1.000 nombre=False saint_only=True terr= phase=candidate
2026-07-24 21:50:03 - matching_Stangl_Balmi - DEBUG -     gz_id=3000299 'misuri' score=1.000 nombre=False saint_only=True terr= phase=candidate
2026-07-24 21:50:03 - matching_Stangl_Balmi - DEBUG -     gz_id=3000299 'misuri' score=1.000 nombre=False saint_only=True terr= phase=candidate
2026-07-24 21:50:03 - matching_Stangl_Balmi - DEBUG -     gz_id=3000331 'san carlos tenerife' score=1.000 nombre=False saint_only=True terr= phase=candidate
2026-07-24 21:50:03 - matching_Stangl_Balmi - DEBUG -     gz_id=3000331 'san carlos tenerife' score=1.000 nombre=False saint_only=True terr= phase=candidate
2026-07-24 21:50:03 - matching_Stangl_Balmi - DEBUG -     gz_id=4000020 'san carlos' score=1.000 nombre=False saint_only=True terr= phase=candidate
2026-07-24 21:50:03 - matching_Stangl_Balmi - DEBUG -     gz_id=4000020 'san carlos' score=1.000 nombre=False saint_only=True terr= phase=candidate
2026-07-24 21:50:03 - matching_Stangl_Balmi - DEBUG -     gz_id=4000020 'san carlos' score=1.000 nombre=False saint_only=True terr= phase=candidate
2026-07-24 21:50:03 - matching_Stangl_Balmi - DEBUG -     gz_id=4000020 'san carlos' score=1.000 nombre=False saint_only=True terr= phase=candidate
2026-07-24 21:50:03 - matching_Stangl_Balmi - DEBUG -     gz_id=4000020 'san carlos' score=1.000 nombre=False saint_only=True terr= phase=candidate
2026-07-24 21:50:03 - matching_Stangl_Balmi - DEBUG -     gz_id=4000020 'san carlos' score=1.000 nombre=False saint_only=True terr= phase=candidate
2026-07-24 21:50:03 - matching_Stangl_Balmi - DEBUG -     gz_id=4000384 'amacuro' score=1.000 nombre=False saint_only=True terr= phase=candidate
2026-07-24 21:50:03 - matching_Stangl_Balmi - DEBUG -     gz_id=4000384 'amacuro' score=1.000 nombre=False saint_only=True terr= phase=candidate
2026-07-24 21:50:03 - matching_Stangl_Balmi - DEBUG -     gz_id=4000384 'amacuro' score=1.000 nombre=False saint_only=True terr= phase=candidate
2026-07-24 21:50:03 - matching_Stangl_Balmi - DEBUG -     gz_id=4000384 'amacuro' score=1.000 nombre=False saint_only=True terr= phase=candidate
2026-07-24 21:50:03 - matching_Stangl_Balmi - DEBUG -     gz_id=4000384 'amacuro' score=1.000 nombre=False saint_only=True terr= phase=candidate
2026-07-24 21:50:03 - matching_Stangl_Balmi - DEBUG -     gz_id=4000416 'san carlos' score=1.000 nombre=False saint_only=True terr= phase=candidate
2026-07-24 21:50:03 - matching_Stangl_Balmi - DEBUG -     gz_id=4000416 'san carlos' score=1.000 nombre=False saint_only=True terr= phase=candidate
2026-07-24 21:50:03 - matching_Stangl_Balmi - DEBUG -     gz_id=4000416 'san carlos' score=1.000 nombre=False saint_only=True terr= phase=candidate
2026-07-24 21:50:03 - matching_Stangl_Balmi - DEBUG -     gz_id=4000416 'san carlos' score=1.000 nombre=False saint_only=True terr= phase=candidate
2026-07-24 21:50:03 - matching_Stangl_Balmi - DEBUG -     gz_id=4000416 'san carlos' score=1.000 nombre=False saint_only=True terr= phase=candidate
2026-07-24 21:50:03 - matching_Stangl_Balmi - DEBUG -     gz_id=4000458 'san carlos barra' score=1.000 nombre=False saint_only=True terr= phase=candidate
2026-07-24 21:50:03 - matching_Stangl_Balmi - DEBUG -     gz_id=4000458 'san carlos barra' score=1.000 nombre=False saint_only=True terr= phase=candidate
2026-07-24 21:50:03 - matching_Stangl_Balmi - DEBUG -     gz_id=4000458 'san carlos barra' score=1.000 nombre=False saint_only=True terr= phase=candidate
2026-07-24 21:50:03 - matching_Stangl_Balmi - DEBUG -     gz_id=4000458 'san carlos barra' score=1.000 nombre=False saint_only=True terr= phase=candidate
2026-07-24 21:50:03 - matching_Stangl_Balmi - DEBUG -     gz_id=4000458 'san carlos barra' score=1.000 nombre=False saint_only=True terr= phase=candidate
2026-07-24 21:50:03 - matching_Stangl_Balmi - DEBUG -     gz_id=4000458 'san carlos barra' score=1.000 nombre=False saint_only=True terr= phase=candidate
2026-07-24 21:50:03 - matching_Stangl_Balmi - DEBUG -     gz_id=4000458 'san carlos barra' score=1.000 nombre=False saint_only=True terr= phase=candidate
2026-07-24 21:50:03 - matching_Stangl_Balmi - DEBUG -     gz_id=4000470 'san carlos sulia' score=1.000 nombre=False saint_only=True terr= phase=candidate
2026-07-24 21:50:03 - matching_Stangl_Balmi - DEBUG -     gz_id=4000470 'san carlos sulia' score=1.000 nombre=False saint_only=True terr= phase=candidate
2026-07-24 21:50:03 - matching_Stangl_Balmi - DEBUG -     gz_id=4000470 'san carlos sulia' score=1.000 nombre=False saint_only=True terr= phase=candidate
2026-07-24 21:50:03 - matching_Stangl_Balmi - DEBUG -     gz_id=4000586 'san carlos' score=1.000 nombre=True saint_only=False terr= phase=auto_adopt
2026-07-24 21:50:03 - matching_Stangl_Balmi - DEBUG -     gz_id=4000586 'san carlos' score=1.000 nombre=True saint_only=False terr= phase=auto_adopt
2026-07-24 21:50:03 - matching_Stangl_Balmi - DEBUG -     gz_id=4000586 'san carlos' score=1.000 nombre=True saint_only=False terr= phase=auto_adopt
2026-07-24 21:50:03 - matching_Stangl_Balmi - DEBUG -     gz_id=4000586 'san carlos' score=1.000 nombre=True saint_only=False terr= phase=auto_adopt
2026-07-24 21:50:03 - matching_Stangl_Balmi - DEBUG -     gz_id=4000586 'san carlos' score=1.000 nombre=True saint_only=False terr= phase=auto_adopt
2026-07-24 21:50:03 - matching_Stangl_Balmi - DEBUG -     gz_id=5000083 'canas gordas' score=1.000 nombre=False saint_only=True terr= phase=candidate
2026-07-24 21:50:03 - matching_Stangl_Balmi - DEBUG -     gz_id=5000101 'priego' score=1.000 nombre=False saint_only=True terr= phase=candidate
2026-07-24 21:50:03 - matching_Stangl_Balmi - DEBUG -     gz_id=5000101 'priego' score=1.000 nombre=False saint_only=True terr= phase=candidate
2026-07-24 21:50:03 - matching_Stangl_Balmi - DEBUG -     gz_id=9901076 'san carlos' score=1.000 nombre=True saint_only=False terr= phase=auto_adopt
2026-07-24 21:50:03 - matching_Stangl_Balmi - DEBUG -     gz_id=9901076 'san carlos' score=1.000 nombre=True saint_only=False terr= phase=auto_adopt
2026-07-24 21:50:03 - matching_Stangl_Balmi - DEBUG -     gz_id=5000162 'colocina' score=1.000 nombre=False saint_only=True terr= phase=candidate
2026-07-24 21:50:03 - matching_Stangl_Balmi - DEBUG -     gz_id=5000162 'colocina' score=1.000 nombre=False saint_only=True terr= phase=candidate
2026-07-24 21:50:03 - matching_Stangl_Balmi - DEBUG -     gz_id=5000162 'colocina' score=1.000 nombre=False saint_only=True terr= phase=candidate
2026-07-24 21:50:03 - matching_Stangl_Balmi - DEBUG -     gz_id=5000162 'colocina' score=1.000 nombre=False saint_only=True terr= phase=candidate
2026-07-24 21:50:03 - matching_Stangl_Balmi - DEBUG -     gz_id=5000206 'nunchia' score=1.000 nombre=False saint_only=True terr= phase=candidate
2026-07-24 21:50:03 - matching_Stangl_Balmi - DEBUG -     gz_id=5000206 'nunchia' score=1.000 nombre=False saint_only=True terr= phase=candidate
2026-07-24 21:50:03 - matching_Stangl_Balmi - DEBUG -     gz_id=5000206 'nunchia' score=1.000 nombre=False saint_only=True terr= phase=candidate
2026-07-24 21:50:03 - matching_Stangl_Balmi - DEBUG -     gz_id=5000305 'chiru' score=1.000 nombre=False saint_only=True terr= phase=candidate
2026-07-24 21:50:03 - matching_Stangl_Balmi - DEBUG -     gz_id=5000382 'san carlos' score=1.000 nombre=False saint_only=False terr= phase=candidate
2026-07-24 21:50:03 - matching_Stangl_Balmi - DEBUG -     gz_id=5000716 'pedrasa' score=1.000 nombre=False saint_only=True terr= phase=candidate
2026-07-24 21:50:03 - matching_Stangl_Balmi - DEBUG -     gz_id=5000716 'pedrasa' score=1.000 nombre=False saint_only=True terr= phase=candidate
2026-07-24 21:50:03 - matching_Stangl_Balmi - DEBUG -     gz_id=5600311 'san carlos alabonos' score=1.000 nombre=False saint_only=True terr= phase=candidate
2026-07-24 21:50:03 - matching_Stangl_Balmi - DEBUG -     gz_id=5600311 'san carlos alabonos' score=1.000 nombre=False saint_only=True terr= phase=candidate
2026-07-24 21:50:03 - matching_Stangl_Balmi - DEBUG -     gz_id=5600311 'san carlos alabonos' score=1.000 nombre=False saint_only=True terr= phase=candidate
2026-07-24 21:50:03 - matching_Stangl_Balmi - DEBUG -     gz_id=5600311 'san carlos alabonos' score=1.000 nombre=False saint_only=True terr= phase=candidate
2026-07-24 21:50:03 - matching_Stangl_Balmi - DEBUG -     gz_id=5600311 'san carlos alabonos' score=1.000 nombre=False saint_only=True terr= phase=candidate
2026-07-24 21:50:03 - matching_Stangl_Balmi - DEBUG -     gz_id=5600311 'san carlos alabonos' score=1.000 nombre=False saint_only=True terr= phase=candidate
2026-07-24 21:50:03 - matching_Stangl_Balmi - DEBUG -     gz_id=7000007 'san carlos' score=1.000 nombre=False saint_only=True terr= phase=candidate
2026-07-24 21:50:03 - matching_Stangl_Balmi - DEBUG -     gz_id=7000367 'iumbel' score=1.000 nombre=False saint_only=True terr= phase=candidate
2026-07-24 21:50:03 - matching_Stangl_Balmi - DEBUG -     gz_id=7000367 'iumbel' score=1.000 nombre=False saint_only=True terr= phase=candidate
2026-07-24 21:50:03 - matching_Stangl_Balmi - DEBUG -     gz_id=7000373 'puren' score=1.000 nombre=False saint_only=True terr= phase=candidate
2026-07-24 21:50:03 - matching_Stangl_Balmi - DEBUG -     gz_id=7000373 'puren' score=1.000 nombre=False saint_only=True terr= phase=candidate
2026-07-24 21:50:03 - matching_Stangl_Balmi - DEBUG -     gz_id=7000373 'puren' score=1.000 nombre=False saint_only=True terr= phase=candidate
2026-07-24 21:50:03 - matching_Stangl_Balmi - DEBUG -     gz_id=7000373 'puren' score=1.000 nombre=False saint_only=True terr= phase=candidate
2026-07-24 21:50:03 - matching_Stangl_Balmi - DEBUG -     gz_id=7000373 'puren' score=1.000 nombre=False saint_only=True terr= phase=candidate
2026-07-24 21:50:03 - matching_Stangl_Balmi - DEBUG -     gz_id=7000379 'san carlos' score=1.000 nombre=True saint_only=False terr= phase=auto_adopt
2026-07-24 21:50:03 - matching_Stangl_Balmi - DEBUG -     gz_id=7000379 'san carlos' score=1.000 nombre=True saint_only=False terr= phase=auto_adopt
2026-07-24 21:50:03 - matching_Stangl_Balmi - DEBUG -     gz_id=8000002 'puno' score=1.000 nombre=False saint_only=True terr= phase=candidate
2026-07-24 21:50:03 - matching_Stangl_Balmi - DEBUG -     gz_id=8000002 'puno' score=1.000 nombre=False saint_only=True terr= phase=candidate
2026-07-24 21:50:03 - matching_Stangl_Balmi - DEBUG -     gz_id=8000002 'puno' score=1.000 nombre=False saint_only=True terr= phase=candidate
2026-07-24 21:50:03 - matching_Stangl_Balmi - DEBUG -     gz_id=8000186 'concepcion' score=1.000 nombre=False saint_only=False terr= phase=candidate
2026-07-24 21:50:03 - matching_Stangl_Balmi - DEBUG -     gz_id=8000186 'concepcion' score=1.000 nombre=False saint_only=False terr= phase=candidate
2026-07-24 21:50:03 - matching_Stangl_Balmi - DEBUG -     gz_id=8000186 'concepcion' score=1.000 nombre=False saint_only=False terr= phase=candidate
2026-07-24 21:50:03 - matching_Stangl_Balmi - DEBUG -     gz_id=8000186 'concepcion' score=1.000 nombre=False saint_only=False terr= phase=candidate
2026-07-24 21:50:03 - matching_Stangl_Balmi - DEBUG -     gz_id=8000392 'san carlos' score=1.000 nombre=False saint_only=True terr= phase=candidate
2026-07-24 21:50:03 - matching_Stangl_Balmi - DEBUG -     gz_id=9000036 'san carlos' score=1.000 nombre=False saint_only=True terr= phase=candidate
2026-07-24 21:50:03 - matching_Stangl_Balmi - DEBUG -     gz_id=9000036 'san carlos' score=1.000 nombre=False saint_only=True terr= phase=candidate
2026-07-24 21:50:03 - matching_Stangl_Balmi - DEBUG -     gz_id=9000036 'san carlos' score=1.000 nombre=False saint_only=True terr= phase=candidate
2026-07-24 21:50:03 - matching_Stangl_Balmi - DEBUG -     gz_id=9000036 'san carlos' score=1.000 nombre=False saint_only=True terr= phase=candidate
2026-07-24 21:50:03 - matching_Stangl_Balmi - DEBUG -     gz_id=9000146 'timbo' score=1.000 nombre=False saint_only=False terr= phase=candidate
2026-07-24 21:50:03 - matching_Stangl_Balmi - DEBUG -     gz_id=9000146 'timbo' score=1.000 nombre=False saint_only=False terr= phase=candidate
2026-07-24 21:50:03 - matching_Stangl_Balmi - DEBUG -     gz_id=9000146 'timbo' score=1.000 nombre=False saint_only=False terr= phase=candidate
2026-07-24 21:50:03 - matching_Stangl_Balmi - DEBUG -     gz_id=9000146 'timbo' score=1.000 nombre=False saint_only=False terr= phase=candidate
2026-07-24 21:50:03 - matching_Stangl_Balmi - DEBUG -     gz_id=9000182 'san carlos' score=1.000 nombre=True saint_only=False terr= phase=auto_adopt
2026-07-24 21:50:03 - matching_Stangl_Balmi - DEBUG -     gz_id=9000182 'san carlos' score=1.000 nombre=True saint_only=False terr= phase=auto_adopt
2026-07-24 21:50:03 - matching_Stangl_Balmi - DEBUG -     gz_id=9000182 'san carlos' score=1.000 nombre=True saint_only=False terr= phase=auto_adopt
2026-07-24 21:50:03 - matching_Stangl_Balmi - DEBUG -     gz_id=9000182 'san carlos' score=1.000 nombre=True saint_only=False terr= phase=auto_adopt
2026-07-24 21:50:03 - matching_Stangl_Balmi - DEBUG -     gz_id=9000182 'san carlos' score=1.000 nombre=True saint_only=False terr= phase=auto_adopt
2026-07-24 21:50:03 - matching_Stangl_Balmi - DEBUG -     gz_id=9000182 'san carlos' score=1.000 nombre=True saint_only=False terr= phase=auto_adopt
2026-07-24 21:50:03 - matching_Stangl_Balmi - DEBUG -     gz_id=9000182 'san carlos' score=1.000 nombre=True saint_only=False terr= phase=auto_adopt
2026-07-24 21:50:03 - matching_Stangl_Balmi - DEBUG -     gz_id=9000182 'san carlos' score=1.000 nombre=True saint_only=False terr= phase=auto_adopt
2026-07-24 21:50:03 - matching_Stangl_Balmi - DEBUG -     gz_id=5600182 'carlosama' score=0.800 nombre=False saint_only=False terr= phase=relegated
2026-07-24 21:50:03 - matching_Stangl_Balmi - DEBUG -     gz_id=5600182 'carlosama' score=0.800 nombre=False saint_only=False terr= phase=relegated
2026-07-24 21:50:03 - matching_Stangl_Balmi - DEBUG -     gz_id=5600182 'carlosama' score=0.800 nombre=False saint_only=False terr= phase=relegated
2026-07-24 21:50:03 - matching_Stangl_Balmi - DEBUG -     gz_id=7000371 'billacura' score=0.700 nombre=False saint_only=False terr= phase=relegated
2026-07-24 21:50:03 - matching_Stangl_Balmi - DEBUG -     gz_id=7000371 'billacura' score=0.700 nombre=False saint_only=False terr= phase=relegated
2026-07-24 21:50:03 - matching_Stangl_Balmi - INFO -   Before dedup: 190 candidates
2026-07-24 21:50:03 - matching_Stangl_Balmi - INFO -   After dedup: 57 unique gz_ids
2026-07-24 21:50:03 - matching_Stangl_Balmi - INFO -   Dropped 57 territory-contradicting candidates
2026-07-24 21:50:03 - matching_Stangl_Balmi - INFO -   Input has territorial data: True
2026-07-24 21:50:03 - matching_Stangl_Balmi - INFO -   Candidates with territory match: 0
2026-07-24 21:50:03 - matching_Stangl_Balmi - INFO -   No territorial filtering applied (no matching territories found)
2026-07-24 21:50:03 - matching_Stangl_Balmi - INFO -   Nombre matches (exact on lugar_nombre): 0
2026-07-24 21:50:03 - matching_Stangl_Balmi - INFO -   Saint-only matches: 0
2026-07-24 21:50:03 - matching_Stangl_Balmi - INFO -   Substantive matches: 0
2026-07-24 21:50:03 - matching_Stangl_Balmi - INFO -   Candidate pool (>= threshold): 0
2026-07-24 21:50:03 - matching_Stangl_Balmi - WARNING -   No candidate above threshold - relegated
2026-07-24 21:50:03 - matching_Stangl_Balmi - INFO - 
============================================================
2026-07-24 21:50:03 - matching_Stangl_Balmi - INFO - Processing rowID=73: 'Puno' -> cleaned: 'puno'
2026-07-24 21:50:03 - matching_Stangl_Balmi - INFO -   Token-based candidates: 16
2026-07-24 21:50:03 - matching_Stangl_Balmi - INFO -   Fuzzy matches (score >= 70, limit=500): 16
2026-07-24 21:50:03 - matching_Stangl_Balmi - DEBUG -     gz_id=6001060 'punos' score=1.000 nombre=False saint_only=False terr= phase=auto_adopt
2026-07-24 21:50:03 - matching_Stangl_Balmi - DEBUG -     gz_id=6001060 'punos' score=1.000 nombre=False saint_only=False terr= phase=auto_adopt
2026-07-24 21:50:03 - matching_Stangl_Balmi - DEBUG -     gz_id=5600493 'copueno' score=1.000 nombre=False saint_only=False terr= phase=auto_adopt
2026-07-24 21:50:03 - matching_Stangl_Balmi - DEBUG -     gz_id=5600493 'copueno' score=1.000 nombre=False saint_only=False terr= phase=auto_adopt
2026-07-24 21:50:03 - matching_Stangl_Balmi - DEBUG -     gz_id=5600493 'copueno' score=1.000 nombre=False saint_only=False terr= phase=auto_adopt
2026-07-24 21:50:03 - matching_Stangl_Balmi - DEBUG -     gz_id=5600493 'copueno' score=1.000 nombre=False saint_only=False terr= phase=auto_adopt
2026-07-24 21:50:03 - matching_Stangl_Balmi - DEBUG -     gz_id=5600493 'copueno' score=1.000 nombre=False saint_only=False terr= phase=auto_adopt
2026-07-24 21:50:03 - matching_Stangl_Balmi - DEBUG -     gz_id=5600493 'copueno' score=1.000 nombre=False saint_only=False terr= phase=auto_adopt
2026-07-24 21:50:03 - matching_Stangl_Balmi - DEBUG -     gz_id=5600493 'copueno' score=1.000 nombre=False saint_only=False terr= phase=auto_adopt
2026-07-24 21:50:03 - matching_Stangl_Balmi - DEBUG -     gz_id=5600493 'copueno' score=1.000 nombre=False saint_only=False terr= phase=auto_adopt
2026-07-24 21:50:03 - matching_Stangl_Balmi - DEBUG -     gz_id=6000789 'punon' score=1.000 nombre=False saint_only=False terr= phase=auto_adopt
2026-07-24 21:50:03 - matching_Stangl_Balmi - DEBUG -     gz_id=6000789 'punon' score=1.000 nombre=False saint_only=False terr= phase=auto_adopt
2026-07-24 21:50:03 - matching_Stangl_Balmi - DEBUG -     gz_id=8000002 'puno' score=1.000 nombre=False saint_only=False terr= phase=auto_adopt
2026-07-24 21:50:03 - matching_Stangl_Balmi - DEBUG -     gz_id=8000002 'puno' score=1.000 nombre=False saint_only=False terr= phase=auto_adopt
2026-07-24 21:50:03 - matching_Stangl_Balmi - DEBUG -     gz_id=8000002 'puno' score=1.000 nombre=False saint_only=False terr= phase=auto_adopt
2026-07-24 21:50:03 - matching_Stangl_Balmi - DEBUG -     gz_id=5000217 'huarumo' score=0.750 nombre=False saint_only=False terr= phase=relegated
2026-07-24 21:50:03 - matching_Stangl_Balmi - INFO -   Before dedup: 16 candidates
2026-07-24 21:50:03 - matching_Stangl_Balmi - INFO -   After dedup: 5 unique gz_ids
2026-07-24 21:50:03 - matching_Stangl_Balmi - INFO -   Dropped 5 territory-contradicting candidates
2026-07-24 21:50:03 - matching_Stangl_Balmi - INFO -   Input has territorial data: True
2026-07-24 21:50:03 - matching_Stangl_Balmi - INFO -   Candidates with territory match: 0
2026-07-24 21:50:03 - matching_Stangl_Balmi - INFO -   No territorial filtering applied (no matching territories found)
2026-07-24 21:50:03 - matching_Stangl_Balmi - INFO -   Nombre matches (exact on lugar_nombre): 0
2026-07-24 21:50:03 - matching_Stangl_Balmi - INFO -   Saint-only matches: 0
2026-07-24 21:50:03 - matching_Stangl_Balmi - INFO -   Substantive matches: 0
2026-07-24 21:50:03 - matching_Stangl_Balmi - INFO -   Candidate pool (>= threshold): 0
2026-07-24 21:50:03 - matching_Stangl_Balmi - WARNING -   No candidate above threshold - relegated
2026-07-24 21:50:03 - matching_Stangl_Balmi - INFO - 
============================================================
2026-07-24 21:50:03 - matching_Stangl_Balmi - INFO - Processing rowID=73: 'Puno' -> cleaned: 'puno'
2026-07-24 21:50:03 - matching_Stangl_Balmi - INFO -   Token-based candidates: 16
2026-07-24 21:50:03 - matching_Stangl_Balmi - INFO -   Fuzzy matches (score >= 70, limit=500): 16
2026-07-24 21:50:03 - matching_Stangl_Balmi - DEBUG -     gz_id=6001060 'punos' score=1.000 nombre=False saint_only=False terr= phase=auto_adopt
2026-07-24 21:50:03 - matching_Stangl_Balmi - DEBUG -     gz_id=6001060 'punos' score=1.000 nombre=False saint_only=False terr= phase=auto_adopt
2026-07-24 21:50:03 - matching_Stangl_Balmi - DEBUG -     gz_id=5600493 'copueno' score=1.000 nombre=False saint_only=False terr= phase=auto_adopt
2026-07-24 21:50:03 - matching_Stangl_Balmi - DEBUG -     gz_id=5600493 'copueno' score=1.000 nombre=False saint_only=False terr= phase=auto_adopt
2026-07-24 21:50:03 - matching_Stangl_Balmi - DEBUG -     gz_id=5600493 'copueno' score=1.000 nombre=False saint_only=False terr= phase=auto_adopt
2026-07-24 21:50:03 - matching_Stangl_Balmi - DEBUG -     gz_id=5600493 'copueno' score=1.000 nombre=False saint_only=False terr= phase=auto_adopt
2026-07-24 21:50:03 - matching_Stangl_Balmi - DEBUG -     gz_id=5600493 'copueno' score=1.000 nombre=False saint_only=False terr= phase=auto_adopt
2026-07-24 21:50:03 - matching_Stangl_Balmi - DEBUG -     gz_id=5600493 'copueno' score=1.000 nombre=False saint_only=False terr= phase=auto_adopt
2026-07-24 21:50:03 - matching_Stangl_Balmi - DEBUG -     gz_id=5600493 'copueno' score=1.000 nombre=False saint_only=False terr= phase=auto_adopt
2026-07-24 21:50:03 - matching_Stangl_Balmi - DEBUG -     gz_id=5600493 'copueno' score=1.000 nombre=False saint_only=False terr= phase=auto_adopt
2026-07-24 21:50:03 - matching_Stangl_Balmi - DEBUG -     gz_id=6000789 'punon' score=1.000 nombre=False saint_only=False terr= phase=auto_adopt
2026-07-24 21:50:03 - matching_Stangl_Balmi - DEBUG -     gz_id=6000789 'punon' score=1.000 nombre=False saint_only=False terr= phase=auto_adopt
2026-07-24 21:50:03 - matching_Stangl_Balmi - DEBUG -     gz_id=8000002 'puno' score=1.000 nombre=False saint_only=False terr= phase=auto_adopt
2026-07-24 21:50:03 - matching_Stangl_Balmi - DEBUG -     gz_id=8000002 'puno' score=1.000 nombre=False saint_only=False terr= phase=auto_adopt
2026-07-24 21:50:03 - matching_Stangl_Balmi - DEBUG -     gz_id=8000002 'puno' score=1.000 nombre=False saint_only=False terr= phase=auto_adopt
2026-07-24 21:50:03 - matching_Stangl_Balmi - DEBUG -     gz_id=5000217 'huarumo' score=0.750 nombre=False saint_only=False terr= phase=relegated
2026-07-24 21:50:03 - matching_Stangl_Balmi - INFO -   Before dedup: 16 candidates
2026-07-24 21:50:03 - matching_Stangl_Balmi - INFO -   After dedup: 5 unique gz_ids
2026-07-24 21:50:03 - matching_Stangl_Balmi - INFO -   Dropped 5 territory-contradicting candidates
2026-07-24 21:50:03 - matching_Stangl_Balmi - INFO -   Input has territorial data: True
2026-07-24 21:50:03 - matching_Stangl_Balmi - INFO -   Candidates with territory match: 0
2026-07-24 21:50:03 - matching_Stangl_Balmi - INFO -   No territorial filtering applied (no matching territories found)
2026-07-24 21:50:03 - matching_Stangl_Balmi - INFO -   Nombre matches (exact on lugar_nombre): 0
2026-07-24 21:50:03 - matching_Stangl_Balmi - INFO -   Saint-only matches: 0
2026-07-24 21:50:03 - matching_Stangl_Balmi - INFO -   Substantive matches: 0
2026-07-24 21:50:03 - matching_Stangl_Balmi - INFO -   Candidate pool (>= threshold): 0
2026-07-24 21:50:03 - matching_Stangl_Balmi - WARNING -   No candidate above threshold - relegated
2026-07-24 21:50:03 - matching_Stangl_Balmi - INFO - 
============================================================
2026-07-24 21:50:03 - matching_Stangl_Balmi - INFO - Processing rowID=73: 'Puno' -> cleaned: 'puno'
2026-07-24 21:50:03 - matching_Stangl_Balmi - INFO -   Token-based candidates: 16
2026-07-24 21:50:03 - matching_Stangl_Balmi - INFO -   Fuzzy matches (score >= 70, limit=500): 16
2026-07-24 21:50:03 - matching_Stangl_Balmi - DEBUG -     gz_id=6001060 'punos' score=1.000 nombre=False saint_only=False terr= phase=auto_adopt
2026-07-24 21:50:03 - matching_Stangl_Balmi - DEBUG -     gz_id=6001060 'punos' score=1.000 nombre=False saint_only=False terr= phase=auto_adopt
2026-07-24 21:50:03 - matching_Stangl_Balmi - DEBUG -     gz_id=5600493 'copueno' score=1.000 nombre=False saint_only=False terr= phase=auto_adopt
2026-07-24 21:50:03 - matching_Stangl_Balmi - DEBUG -     gz_id=5600493 'copueno' score=1.000 nombre=False saint_only=False terr= phase=auto_adopt
2026-07-24 21:50:03 - matching_Stangl_Balmi - DEBUG -     gz_id=5600493 'copueno' score=1.000 nombre=False saint_only=False terr= phase=auto_adopt
2026-07-24 21:50:03 - matching_Stangl_Balmi - DEBUG -     gz_id=5600493 'copueno' score=1.000 nombre=False saint_only=False terr= phase=auto_adopt
2026-07-24 21:50:03 - matching_Stangl_Balmi - DEBUG -     gz_id=5600493 'copueno' score=1.000 nombre=False saint_only=False terr= phase=auto_adopt
2026-07-24 21:50:03 - matching_Stangl_Balmi - DEBUG -     gz_id=5600493 'copueno' score=1.000 nombre=False saint_only=False terr= phase=auto_adopt
2026-07-24 21:50:03 - matching_Stangl_Balmi - DEBUG -     gz_id=5600493 'copueno' score=1.000 nombre=False saint_only=False terr= phase=auto_adopt
2026-07-24 21:50:03 - matching_Stangl_Balmi - DEBUG -     gz_id=5600493 'copueno' score=1.000 nombre=False saint_only=False terr= phase=auto_adopt
2026-07-24 21:50:03 - matching_Stangl_Balmi - DEBUG -     gz_id=6000789 'punon' score=1.000 nombre=False saint_only=False terr= phase=auto_adopt
2026-07-24 21:50:03 - matching_Stangl_Balmi - DEBUG -     gz_id=6000789 'punon' score=1.000 nombre=False saint_only=False terr= phase=auto_adopt
2026-07-24 21:50:03 - matching_Stangl_Balmi - DEBUG -     gz_id=8000002 'puno' score=1.000 nombre=False saint_only=False terr= phase=auto_adopt
2026-07-24 21:50:03 - matching_Stangl_Balmi - DEBUG -     gz_id=8000002 'puno' score=1.000 nombre=False saint_only=False terr= phase=auto_adopt
2026-07-24 21:50:03 - matching_Stangl_Balmi - DEBUG -     gz_id=8000002 'puno' score=1.000 nombre=False saint_only=False terr= phase=auto_adopt
2026-07-24 21:50:03 - matching_Stangl_Balmi - DEBUG -     gz_id=5000217 'huarumo' score=0.750 nombre=False saint_only=False terr= phase=relegated
2026-07-24 21:50:03 - matching_Stangl_Balmi - INFO -   Before dedup: 16 candidates
2026-07-24 21:50:03 - matching_Stangl_Balmi - INFO -   After dedup: 5 unique gz_ids
2026-07-24 21:50:03 - matching_Stangl_Balmi - INFO -   Dropped 5 territory-contradicting candidates
2026-07-24 21:50:03 - matching_Stangl_Balmi - INFO -   Input has territorial data: True
2026-07-24 21:50:03 - matching_Stangl_Balmi - INFO -   Candidates with territory match: 0
2026-07-24 21:50:03 - matching_Stangl_Balmi - INFO -   No territorial filtering applied (no matching territories found)
2026-07-24 21:50:03 - matching_Stangl_Balmi - INFO -   Nombre matches (exact on lugar_nombre): 0
2026-07-24 21:50:03 - matching_Stangl_Balmi - INFO -   Saint-only matches: 0
2026-07-24 21:50:03 - matching_Stangl_Balmi - INFO -   Substantive matches: 0
2026-07-24 21:50:03 - matching_Stangl_Balmi - INFO -   Candidate pool (>= threshold): 0
2026-07-24 21:50:03 - matching_Stangl_Balmi - WARNING -   No candidate above threshold - relegated
2026-07-24 21:50:03 - matching_Stangl_Balmi - INFO - 
============================================================
2026-07-24 21:50:03 - matching_Stangl_Balmi - INFO - Processing rowID=93: 'Aguas Calientes' -> cleaned: 'ahuas calientes'
2026-07-24 21:50:03 - matching_Stangl_Balmi - INFO -   Token-based candidates: 200
2026-07-24 21:50:03 - matching_Stangl_Balmi - INFO -   Filtering: need match on substantive tokens: ['ahuas', 'calientes'] OR 2+ total tokens
2026-07-24 21:50:03 - matching_Stangl_Balmi - INFO -   After filtering weak token matches: 8 candidates
2026-07-24 21:50:03 - matching_Stangl_Balmi - INFO -   Fuzzy matches (score >= 70, limit=500): 8
2026-07-24 21:50:03 - matching_Stangl_Balmi - DEBUG -     gz_id=9900186 'ahuas calientes' score=1.000 nombre=True saint_only=False terr= phase=auto_adopt
2026-07-24 21:50:03 - matching_Stangl_Balmi - DEBUG -     gz_id=9900186 'ahuas calientes' score=1.000 nombre=True saint_only=False terr= phase=auto_adopt
2026-07-24 21:50:03 - matching_Stangl_Balmi - DEBUG -     gz_id=9900186 'ahuas calientes' score=1.000 nombre=True saint_only=False terr= phase=auto_adopt
2026-07-24 21:50:03 - matching_Stangl_Balmi - DEBUG -     gz_id=2000795 'san bartolome ahuas caliente' score=0.966 nombre=False saint_only=False terr= phase=auto_adopt
2026-07-24 21:50:03 - matching_Stangl_Balmi - DEBUG -     gz_id=5000149 'ahuas bibas' score=0.737 nombre=False saint_only=False terr= phase=relegated
2026-07-24 21:50:03 - matching_Stangl_Balmi - DEBUG -     gz_id=5000149 'ahuas bibas' score=0.737 nombre=False saint_only=False terr= phase=relegated
2026-07-24 21:50:03 - matching_Stangl_Balmi - DEBUG -     gz_id=5000149 'ahuas bibas' score=0.737 nombre=False saint_only=False terr= phase=relegated
2026-07-24 21:50:03 - matching_Stangl_Balmi - DEBUG -     gz_id=5000149 'ahuas bibas' score=0.737 nombre=False saint_only=False terr= phase=relegated
2026-07-24 21:50:03 - matching_Stangl_Balmi - INFO -   Before dedup: 8 candidates
2026-07-24 21:50:03 - matching_Stangl_Balmi - INFO -   After dedup: 3 unique gz_ids
2026-07-24 21:50:03 - matching_Stangl_Balmi - INFO -   Dropped 3 territory-contradicting candidates
2026-07-24 21:50:03 - matching_Stangl_Balmi - INFO -   Input has territorial data: True
2026-07-24 21:50:03 - matching_Stangl_Balmi - INFO -   Candidates with territory match: 0
2026-07-24 21:50:03 - matching_Stangl_Balmi - INFO -   No territorial filtering applied (no matching territories found)
2026-07-24 21:50:03 - matching_Stangl_Balmi - INFO -   Nombre matches (exact on lugar_nombre): 0
2026-07-24 21:50:03 - matching_Stangl_Balmi - INFO -   Saint-only matches: 0
2026-07-24 21:50:03 - matching_Stangl_Balmi - INFO -   Substantive matches: 0
2026-07-24 21:50:03 - matching_Stangl_Balmi - INFO -   Candidate pool (>= threshold): 0
2026-07-24 21:50:03 - matching_Stangl_Balmi - WARNING -   No candidate above threshold - relegated
2026-07-24 21:50:03 - matching_Stangl_Balmi - INFO - 
============================================================
2026-07-24 21:50:03 - matching_Stangl_Balmi - INFO - Processing rowID=93: 'Aguas Calientes' -> cleaned: 'ahuas calientes'
2026-07-24 21:50:03 - matching_Stangl_Balmi - INFO -   Token-based candidates: 200
2026-07-24 21:50:03 - matching_Stangl_Balmi - INFO -   Filtering: need match on substantive tokens: ['ahuas', 'calientes'] OR 2+ total tokens
2026-07-24 21:50:03 - matching_Stangl_Balmi - INFO -   After filtering weak token matches: 8 candidates
2026-07-24 21:50:03 - matching_Stangl_Balmi - INFO -   Fuzzy matches (score >= 70, limit=500): 8
2026-07-24 21:50:03 - matching_Stangl_Balmi - DEBUG -     gz_id=9900186 'ahuas calientes' score=1.000 nombre=True saint_only=False terr= phase=auto_adopt
2026-07-24 21:50:03 - matching_Stangl_Balmi - DEBUG -     gz_id=9900186 'ahuas calientes' score=1.000 nombre=True saint_only=False terr= phase=auto_adopt
2026-07-24 21:50:03 - matching_Stangl_Balmi - DEBUG -     gz_id=9900186 'ahuas calientes' score=1.000 nombre=True saint_only=False terr= phase=auto_adopt
2026-07-24 21:50:03 - matching_Stangl_Balmi - DEBUG -     gz_id=2000795 'san bartolome ahuas caliente' score=0.966 nombre=False saint_only=False terr= phase=auto_adopt
2026-07-24 21:50:03 - matching_Stangl_Balmi - DEBUG -     gz_id=5000149 'ahuas bibas' score=0.737 nombre=False saint_only=False terr= phase=relegated
2026-07-24 21:50:03 - matching_Stangl_Balmi - DEBUG -     gz_id=5000149 'ahuas bibas' score=0.737 nombre=False saint_only=False terr= phase=relegated
2026-07-24 21:50:03 - matching_Stangl_Balmi - DEBUG -     gz_id=5000149 'ahuas bibas' score=0.737 nombre=False saint_only=False terr= phase=relegated
2026-07-24 21:50:03 - matching_Stangl_Balmi - DEBUG -     gz_id=5000149 'ahuas bibas' score=0.737 nombre=False saint_only=False terr= phase=relegated
2026-07-24 21:50:03 - matching_Stangl_Balmi - INFO -   Before dedup: 8 candidates
2026-07-24 21:50:03 - matching_Stangl_Balmi - INFO -   After dedup: 3 unique gz_ids
2026-07-24 21:50:03 - matching_Stangl_Balmi - INFO -   Dropped 3 territory-contradicting candidates
2026-07-24 21:50:03 - matching_Stangl_Balmi - INFO -   Input has territorial data: True
2026-07-24 21:50:03 - matching_Stangl_Balmi - INFO -   Candidates with territory match: 0
2026-07-24 21:50:03 - matching_Stangl_Balmi - INFO -   No territorial filtering applied (no matching territories found)
2026-07-24 21:50:03 - matching_Stangl_Balmi - INFO -   Nombre matches (exact on lugar_nombre): 0
2026-07-24 21:50:03 - matching_Stangl_Balmi - INFO -   Saint-only matches: 0
2026-07-24 21:50:03 - matching_Stangl_Balmi - INFO -   Substantive matches: 0
2026-07-24 21:50:03 - matching_Stangl_Balmi - INFO -   Candidate pool (>= threshold): 0
2026-07-24 21:50:03 - matching_Stangl_Balmi - WARNING -   No candidate above threshold - relegated
2026-07-24 21:50:03 - matching_Stangl_Balmi - INFO - 
============================================================
2026-07-24 21:50:03 - matching_Stangl_Balmi - INFO - Processing rowID=93: 'Aguas Calientes' -> cleaned: 'ahuas calientes'
2026-07-24 21:50:03 - matching_Stangl_Balmi - INFO -   Token-based candidates: 200
2026-07-24 21:50:03 - matching_Stangl_Balmi - INFO -   Filtering: need match on substantive tokens: ['ahuas', 'calientes'] OR 2+ total tokens
2026-07-24 21:50:03 - matching_Stangl_Balmi - INFO -   After filtering weak token matches: 8 candidates
2026-07-24 21:50:03 - matching_Stangl_Balmi - INFO -   Fuzzy matches (score >= 70, limit=500): 8
2026-07-24 21:50:03 - matching_Stangl_Balmi - DEBUG -     gz_id=9900186 'ahuas calientes' score=1.000 nombre=True saint_only=False terr= phase=auto_adopt
2026-07-24 21:50:03 - matching_Stangl_Balmi - DEBUG -     gz_id=9900186 'ahuas calientes' score=1.000 nombre=True saint_only=False terr= phase=auto_adopt
2026-07-24 21:50:03 - matching_Stangl_Balmi - DEBUG -     gz_id=9900186 'ahuas calientes' score=1.000 nombre=True saint_only=False terr= phase=auto_adopt
2026-07-24 21:50:03 - matching_Stangl_Balmi - DEBUG -     gz_id=2000795 'san bartolome ahuas caliente' score=0.966 nombre=False saint_only=False terr= phase=auto_adopt
2026-07-24 21:50:03 - matching_Stangl_Balmi - DEBUG -     gz_id=5000149 'ahuas bibas' score=0.737 nombre=False saint_only=False terr= phase=relegated
2026-07-24 21:50:03 - matching_Stangl_Balmi - DEBUG -     gz_id=5000149 'ahuas bibas' score=0.737 nombre=False saint_only=False terr= phase=relegated
2026-07-24 21:50:03 - matching_Stangl_Balmi - DEBUG -     gz_id=5000149 'ahuas bibas' score=0.737 nombre=False saint_only=False terr= phase=relegated
2026-07-24 21:50:03 - matching_Stangl_Balmi - DEBUG -     gz_id=5000149 'ahuas bibas' score=0.737 nombre=False saint_only=False terr= phase=relegated
2026-07-24 21:50:03 - matching_Stangl_Balmi - INFO -   Before dedup: 8 candidates
2026-07-24 21:50:03 - matching_Stangl_Balmi - INFO -   After dedup: 3 unique gz_ids
2026-07-24 21:50:03 - matching_Stangl_Balmi - INFO -   Dropped 3 territory-contradicting candidates
2026-07-24 21:50:03 - matching_Stangl_Balmi - INFO -   Input has territorial data: True
2026-07-24 21:50:03 - matching_Stangl_Balmi - INFO -   Candidates with territory match: 0
2026-07-24 21:50:03 - matching_Stangl_Balmi - INFO -   No territorial filtering applied (no matching territories found)
2026-07-24 21:50:03 - matching_Stangl_Balmi - INFO -   Nombre matches (exact on lugar_nombre): 0
2026-07-24 21:50:03 - matching_Stangl_Balmi - INFO -   Saint-only matches: 0
2026-07-24 21:50:03 - matching_Stangl_Balmi - INFO -   Substantive matches: 0
2026-07-24 21:50:03 - matching_Stangl_Balmi - INFO -   Candidate pool (>= threshold): 0
2026-07-24 21:50:03 - matching_Stangl_Balmi - WARNING -   No candidate above threshold - relegated
2026-07-24 21:50:03 - matching_Stangl_Balmi - INFO - 
============================================================
2026-07-24 21:50:03 - matching_Stangl_Balmi - INFO - Processing rowID=99: 'Manila' -> cleaned: 'manila'
2026-07-24 21:50:03 - matching_Stangl_Balmi - INFO -   Token-based candidates: 15
2026-07-24 21:50:03 - matching_Stangl_Balmi - INFO -   Fuzzy matches (score >= 70, limit=500): 15
2026-07-24 21:50:03 - matching_Stangl_Balmi - DEBUG -     gz_id=6000978 'mani' score=1.000 nombre=False saint_only=False terr= phase=auto_adopt
2026-07-24 21:50:03 - matching_Stangl_Balmi - DEBUG -     gz_id=6000978 'mani' score=1.000 nombre=False saint_only=False terr= phase=auto_adopt
2026-07-24 21:50:03 - matching_Stangl_Balmi - DEBUG -     gz_id=1004484 'mani' score=1.000 nombre=False saint_only=False terr= phase=auto_adopt
2026-07-24 21:50:03 - matching_Stangl_Balmi - DEBUG -     gz_id=1004484 'mani' score=1.000 nombre=False saint_only=False terr= phase=auto_adopt
2026-07-24 21:50:03 - matching_Stangl_Balmi - DEBUG -     gz_id=1004484 'mani' score=1.000 nombre=False saint_only=False terr= phase=auto_adopt
2026-07-24 21:50:03 - matching_Stangl_Balmi - DEBUG -     gz_id=1001283 'malila' score=0.833 nombre=False saint_only=False terr= phase=relegated
2026-07-24 21:50:03 - matching_Stangl_Balmi - DEBUG -     gz_id=1001283 'malila' score=0.833 nombre=False saint_only=False terr= phase=relegated
2026-07-24 21:50:03 - matching_Stangl_Balmi - DEBUG -     gz_id=1001977 'santa ana maia' score=0.800 nombre=False saint_only=False terr= phase=relegated
2026-07-24 21:50:03 - matching_Stangl_Balmi - DEBUG -     gz_id=1001977 'santa ana maia' score=0.800 nombre=False saint_only=False terr= phase=relegated
2026-07-24 21:50:03 - matching_Stangl_Balmi - DEBUG -     gz_id=6000703 'mala' score=0.800 nombre=False saint_only=False terr= phase=relegated
2026-07-24 21:50:03 - matching_Stangl_Balmi - DEBUG -     gz_id=6000703 'mala' score=0.800 nombre=False saint_only=False terr= phase=relegated
2026-07-24 21:50:03 - matching_Stangl_Balmi - DEBUG -     gz_id=5000022 'marinilla' score=0.727 nombre=False saint_only=False terr= phase=relegated
2026-07-24 21:50:03 - matching_Stangl_Balmi - DEBUG -     gz_id=5000022 'marinilla' score=0.727 nombre=False saint_only=False terr= phase=relegated
2026-07-24 21:50:03 - matching_Stangl_Balmi - DEBUG -     gz_id=5000022 'marinilla' score=0.727 nombre=False saint_only=False terr= phase=relegated
2026-07-24 21:50:03 - matching_Stangl_Balmi - DEBUG -     gz_id=5000022 'marinilla' score=0.727 nombre=False saint_only=False terr= phase=relegated
2026-07-24 21:50:03 - matching_Stangl_Balmi - INFO -   Before dedup: 15 candidates
2026-07-24 21:50:03 - matching_Stangl_Balmi - INFO -   After dedup: 6 unique gz_ids
2026-07-24 21:50:03 - matching_Stangl_Balmi - INFO -   Dropped 6 territory-contradicting candidates
2026-07-24 21:50:03 - matching_Stangl_Balmi - INFO -   Input has territorial data: True
2026-07-24 21:50:03 - matching_Stangl_Balmi - INFO -   Candidates with territory match: 0
2026-07-24 21:50:03 - matching_Stangl_Balmi - INFO -   No territorial filtering applied (no matching territories found)
2026-07-24 21:50:03 - matching_Stangl_Balmi - INFO -   Nombre matches (exact on lugar_nombre): 0
2026-07-24 21:50:03 - matching_Stangl_Balmi - INFO -   Saint-only matches: 0
2026-07-24 21:50:03 - matching_Stangl_Balmi - INFO -   Substantive matches: 0
2026-07-24 21:50:03 - matching_Stangl_Balmi - INFO -   Candidate pool (>= threshold): 0
2026-07-24 21:50:03 - matching_Stangl_Balmi - WARNING -   No candidate above threshold - relegated
2026-07-24 21:50:03 - matching_Stangl_Balmi - INFO - 
============================================================
2026-07-24 21:50:03 - matching_Stangl_Balmi - INFO - Processing rowID=99: 'Manila' -> cleaned: 'manila'
2026-07-24 21:50:03 - matching_Stangl_Balmi - INFO -   Token-based candidates: 15
2026-07-24 21:50:03 - matching_Stangl_Balmi - INFO -   Fuzzy matches (score >= 70, limit=500): 15
2026-07-24 21:50:03 - matching_Stangl_Balmi - DEBUG -     gz_id=6000978 'mani' score=1.000 nombre=False saint_only=False terr= phase=auto_adopt
2026-07-24 21:50:03 - matching_Stangl_Balmi - DEBUG -     gz_id=6000978 'mani' score=1.000 nombre=False saint_only=False terr= phase=auto_adopt
2026-07-24 21:50:03 - matching_Stangl_Balmi - DEBUG -     gz_id=1004484 'mani' score=1.000 nombre=False saint_only=False terr= phase=auto_adopt
2026-07-24 21:50:03 - matching_Stangl_Balmi - DEBUG -     gz_id=1004484 'mani' score=1.000 nombre=False saint_only=False terr= phase=auto_adopt
2026-07-24 21:50:03 - matching_Stangl_Balmi - DEBUG -     gz_id=1004484 'mani' score=1.000 nombre=False saint_only=False terr= phase=auto_adopt
2026-07-24 21:50:03 - matching_Stangl_Balmi - DEBUG -     gz_id=1001283 'malila' score=0.833 nombre=False saint_only=False terr= phase=relegated
2026-07-24 21:50:03 - matching_Stangl_Balmi - DEBUG -     gz_id=1001283 'malila' score=0.833 nombre=False saint_only=False terr= phase=relegated
2026-07-24 21:50:03 - matching_Stangl_Balmi - DEBUG -     gz_id=1001977 'santa ana maia' score=0.800 nombre=False saint_only=False terr= phase=relegated
2026-07-24 21:50:03 - matching_Stangl_Balmi - DEBUG -     gz_id=1001977 'santa ana maia' score=0.800 nombre=False saint_only=False terr= phase=relegated
2026-07-24 21:50:03 - matching_Stangl_Balmi - DEBUG -     gz_id=6000703 'mala' score=0.800 nombre=False saint_only=False terr= phase=relegated
2026-07-24 21:50:03 - matching_Stangl_Balmi - DEBUG -     gz_id=6000703 'mala' score=0.800 nombre=False saint_only=False terr= phase=relegated
2026-07-24 21:50:03 - matching_Stangl_Balmi - DEBUG -     gz_id=5000022 'marinilla' score=0.727 nombre=False saint_only=False terr= phase=relegated
2026-07-24 21:50:03 - matching_Stangl_Balmi - DEBUG -     gz_id=5000022 'marinilla' score=0.727 nombre=False saint_only=False terr= phase=relegated
2026-07-24 21:50:03 - matching_Stangl_Balmi - DEBUG -     gz_id=5000022 'marinilla' score=0.727 nombre=False saint_only=False terr= phase=relegated
2026-07-24 21:50:03 - matching_Stangl_Balmi - DEBUG -     gz_id=5000022 'marinilla' score=0.727 nombre=False saint_only=False terr= phase=relegated
2026-07-24 21:50:03 - matching_Stangl_Balmi - INFO -   Before dedup: 15 candidates
2026-07-24 21:50:03 - matching_Stangl_Balmi - INFO -   After dedup: 6 unique gz_ids
2026-07-24 21:50:03 - matching_Stangl_Balmi - INFO -   Dropped 6 territory-contradicting candidates
2026-07-24 21:50:03 - matching_Stangl_Balmi - INFO -   Input has territorial data: True
2026-07-24 21:50:03 - matching_Stangl_Balmi - INFO -   Candidates with territory match: 0
2026-07-24 21:50:03 - matching_Stangl_Balmi - INFO -   No territorial filtering applied (no matching territories found)
2026-07-24 21:50:03 - matching_Stangl_Balmi - INFO -   Nombre matches (exact on lugar_nombre): 0
2026-07-24 21:50:03 - matching_Stangl_Balmi - INFO -   Saint-only matches: 0
2026-07-24 21:50:03 - matching_Stangl_Balmi - INFO -   Substantive matches: 0
2026-07-24 21:50:03 - matching_Stangl_Balmi - INFO -   Candidate pool (>= threshold): 0
2026-07-24 21:50:03 - matching_Stangl_Balmi - WARNING -   No candidate above threshold - relegated
2026-07-24 21:50:03 - matching_Stangl_Balmi - INFO - 
============================================================
2026-07-24 21:50:03 - matching_Stangl_Balmi - INFO - Processing rowID=99: 'Manila' -> cleaned: 'manila'
2026-07-24 21:50:03 - matching_Stangl_Balmi - INFO -   Token-based candidates: 15
2026-07-24 21:50:03 - matching_Stangl_Balmi - INFO -   Fuzzy matches (score >= 70, limit=500): 15
2026-07-24 21:50:03 - matching_Stangl_Balmi - DEBUG -     gz_id=6000978 'mani' score=1.000 nombre=False saint_only=False terr= phase=auto_adopt
2026-07-24 21:50:03 - matching_Stangl_Balmi - DEBUG -     gz_id=6000978 'mani' score=1.000 nombre=False saint_only=False terr= phase=auto_adopt
2026-07-24 21:50:03 - matching_Stangl_Balmi - DEBUG -     gz_id=1004484 'mani' score=1.000 nombre=False saint_only=False terr= phase=auto_adopt
2026-07-24 21:50:03 - matching_Stangl_Balmi - DEBUG -     gz_id=1004484 'mani' score=1.000 nombre=False saint_only=False terr= phase=auto_adopt
2026-07-24 21:50:03 - matching_Stangl_Balmi - DEBUG -     gz_id=1004484 'mani' score=1.000 nombre=False saint_only=False terr= phase=auto_adopt
2026-07-24 21:50:03 - matching_Stangl_Balmi - DEBUG -     gz_id=1001283 'malila' score=0.833 nombre=False saint_only=False terr= phase=relegated
2026-07-24 21:50:03 - matching_Stangl_Balmi - DEBUG -     gz_id=1001283 'malila' score=0.833 nombre=False saint_only=False terr= phase=relegated
2026-07-24 21:50:03 - matching_Stangl_Balmi - DEBUG -     gz_id=1001977 'santa ana maia' score=0.800 nombre=False saint_only=False terr= phase=relegated
2026-07-24 21:50:03 - matching_Stangl_Balmi - DEBUG -     gz_id=1001977 'santa ana maia' score=0.800 nombre=False saint_only=False terr= phase=relegated
2026-07-24 21:50:03 - matching_Stangl_Balmi - DEBUG -     gz_id=6000703 'mala' score=0.800 nombre=False saint_only=False terr= phase=relegated
2026-07-24 21:50:03 - matching_Stangl_Balmi - DEBUG -     gz_id=6000703 'mala' score=0.800 nombre=False saint_only=False terr= phase=relegated
2026-07-24 21:50:03 - matching_Stangl_Balmi - DEBUG -     gz_id=5000022 'marinilla' score=0.727 nombre=False saint_only=False terr= phase=relegated
2026-07-24 21:50:03 - matching_Stangl_Balmi - DEBUG -     gz_id=5000022 'marinilla' score=0.727 nombre=False saint_only=False terr= phase=relegated
2026-07-24 21:50:03 - matching_Stangl_Balmi - DEBUG -     gz_id=5000022 'marinilla' score=0.727 nombre=False saint_only=False terr= phase=relegated
2026-07-24 21:50:03 - matching_Stangl_Balmi - DEBUG -     gz_id=5000022 'marinilla' score=0.727 nombre=False saint_only=False terr= phase=relegated
2026-07-24 21:50:03 - matching_Stangl_Balmi - INFO -   Before dedup: 15 candidates
2026-07-24 21:50:03 - matching_Stangl_Balmi - INFO -   After dedup: 6 unique gz_ids
2026-07-24 21:50:03 - matching_Stangl_Balmi - INFO -   Dropped 6 territory-contradicting candidates
2026-07-24 21:50:03 - matching_Stangl_Balmi - INFO -   Input has territorial data: True
2026-07-24 21:50:03 - matching_Stangl_Balmi - INFO -   Candidates with territory match: 0
2026-07-24 21:50:03 - matching_Stangl_Balmi - INFO -   No territorial filtering applied (no matching territories found)
2026-07-24 21:50:03 - matching_Stangl_Balmi - INFO -   Nombre matches (exact on lugar_nombre): 0
2026-07-24 21:50:03 - matching_Stangl_Balmi - INFO -   Saint-only matches: 0
2026-07-24 21:50:03 - matching_Stangl_Balmi - INFO -   Substantive matches: 0
2026-07-24 21:50:03 - matching_Stangl_Balmi - INFO -   Candidate pool (>= threshold): 0
2026-07-24 21:50:03 - matching_Stangl_Balmi - WARNING -   No candidate above threshold - relegated
2026-07-24 21:50:03 - matching_Stangl_Balmi - INFO - 
============================================================
2026-07-24 21:50:03 - matching_Stangl_Balmi - INFO - Processing rowID=100: 'Cebú' -> cleaned: 'cebu'
2026-07-24 21:50:03 - matching_Stangl_Balmi - INFO -   Token-based candidates: 0
2026-07-24 21:50:03 - matching_Stangl_Balmi - WARNING -   No candidates found - relegated
2026-07-24 21:50:03 - matching_Stangl_Balmi - INFO - 
============================================================
2026-07-24 21:50:03 - matching_Stangl_Balmi - INFO - Processing rowID=100: 'Cebú' -> cleaned: 'cebu'
2026-07-24 21:50:03 - matching_Stangl_Balmi - INFO -   Token-based candidates: 0
2026-07-24 21:50:03 - matching_Stangl_Balmi - WARNING -   No candidates found - relegated
2026-07-24 21:50:03 - matching_Stangl_Balmi - INFO - 
============================================================
2026-07-24 21:50:03 - matching_Stangl_Balmi - INFO - Processing rowID=100: 'Cebú' -> cleaned: 'cebu'
2026-07-24 21:50:03 - matching_Stangl_Balmi - INFO -   Token-based candidates: 0
2026-07-24 21:50:03 - matching_Stangl_Balmi - WARNING -   No candidates found - relegated
2026-07-24 21:50:03 - matching_Stangl_Balmi - INFO - Processing row 100, rowID=101
2026-07-24 21:50:03 - matching_Stangl_Balmi - INFO - 
============================================================
2026-07-24 21:50:03 - matching_Stangl_Balmi - INFO - Processing rowID=101: 'Santa Cruz' -> cleaned: 'santa crus'
2026-07-24 21:50:03 - matching_Stangl_Balmi - INFO -   Token-based candidates: 3028
2026-07-24 21:50:03 - matching_Stangl_Balmi - INFO -   Filtering: need match on substantive tokens: ['crus'] OR 2+ total tokens
2026-07-24 21:50:04 - matching_Stangl_Balmi - INFO -   After filtering weak token matches: 421 candidates
2026-07-24 21:50:04 - matching_Stangl_Balmi - INFO -   Fuzzy matches (score >= 70, limit=500): 412
2026-07-24 21:50:04 - matching_Stangl_Balmi - DEBUG -     gz_id=1000066 'tepic' score=1.000 nombre=False saint_only=True terr= phase=candidate
2026-07-24 21:50:04 - matching_Stangl_Balmi - DEBUG -     gz_id=1000066 'tepic' score=1.000 nombre=False saint_only=True terr= phase=candidate
2026-07-24 21:50:04 - matching_Stangl_Balmi - DEBUG -     gz_id=3000163 'capoli' score=1.000 nombre=False saint_only=False terr= phase=candidate
2026-07-24 21:50:04 - matching_Stangl_Balmi - DEBUG -     gz_id=3000193 'baiamon' score=1.000 nombre=False saint_only=True terr= phase=candidate
2026-07-24 21:50:04 - matching_Stangl_Balmi - DEBUG -     gz_id=3000193 'baiamon' score=1.000 nombre=False saint_only=True terr= phase=candidate
2026-07-24 21:50:04 - matching_Stangl_Balmi - DEBUG -     gz_id=3000193 'baiamon' score=1.000 nombre=False saint_only=True terr= phase=candidate
2026-07-24 21:50:04 - matching_Stangl_Balmi - DEBUG -     gz_id=3000231 'ceibo' score=1.000 nombre=False saint_only=True terr= phase=candidate
2026-07-24 21:50:04 - matching_Stangl_Balmi - DEBUG -     gz_id=3000231 'ceibo' score=1.000 nombre=False saint_only=True terr= phase=candidate
2026-07-24 21:50:04 - matching_Stangl_Balmi - DEBUG -     gz_id=1000207 'matatan' score=1.000 nombre=False saint_only=True terr= phase=candidate
2026-07-24 21:50:04 - matching_Stangl_Balmi - DEBUG -     gz_id=1000207 'matatan' score=1.000 nombre=False saint_only=True terr= phase=candidate
2026-07-24 21:50:04 - matching_Stangl_Balmi - DEBUG -     gz_id=1000207 'matatan' score=1.000 nombre=False saint_only=True terr= phase=candidate
2026-07-24 21:50:04 - matching_Stangl_Balmi - DEBUG -     gz_id=1000207 'matatan' score=1.000 nombre=False saint_only=True terr= phase=candidate
2026-07-24 21:50:04 - matching_Stangl_Balmi - DEBUG -     gz_id=1000207 'matatan' score=1.000 nombre=False saint_only=True terr= phase=candidate
2026-07-24 21:50:04 - matching_Stangl_Balmi - DEBUG -     gz_id=1003514 'santa crus' score=1.000 nombre=False saint_only=True terr= phase=candidate
2026-07-24 21:50:04 - matching_Stangl_Balmi - DEBUG -     gz_id=1003514 'santa crus' score=1.000 nombre=False saint_only=True terr= phase=candidate
2026-07-24 21:50:04 - matching_Stangl_Balmi - DEBUG -     gz_id=5600673 'crus' score=1.000 nombre=False saint_only=False terr= phase=auto_adopt
2026-07-24 21:50:04 - matching_Stangl_Balmi - DEBUG -     gz_id=5600673 'crus' score=1.000 nombre=False saint_only=False terr= phase=auto_adopt
2026-07-24 21:50:04 - matching_Stangl_Balmi - DEBUG -     gz_id=5600673 'crus' score=1.000 nombre=False saint_only=False terr= phase=auto_adopt
2026-07-24 21:50:04 - matching_Stangl_Balmi - DEBUG -     gz_id=1003573 'tlacotepec' score=1.000 nombre=False saint_only=True terr= phase=candidate
2026-07-24 21:50:04 - matching_Stangl_Balmi - DEBUG -     gz_id=1003573 'tlacotepec' score=1.000 nombre=False saint_only=True terr= phase=candidate
2026-07-24 21:50:04 - matching_Stangl_Balmi - DEBUG -     gz_id=1003573 'tlacotepec' score=1.000 nombre=False saint_only=True terr= phase=candidate
2026-07-24 21:50:04 - matching_Stangl_Balmi - DEBUG -     gz_id=1003600 'huiciltepec' score=1.000 nombre=False saint_only=True terr= phase=candidate
2026-07-24 21:50:04 - matching_Stangl_Balmi - DEBUG -     gz_id=1003600 'huiciltepec' score=1.000 nombre=False saint_only=True terr= phase=candidate
2026-07-24 21:50:04 - matching_Stangl_Balmi - DEBUG -     gz_id=1000313 'santa crus' score=1.000 nombre=False saint_only=True terr= phase=candidate
2026-07-24 21:50:04 - matching_Stangl_Balmi - DEBUG -     gz_id=1000313 'santa crus' score=1.000 nombre=False saint_only=True terr= phase=candidate
2026-07-24 21:50:04 - matching_Stangl_Balmi - DEBUG -     gz_id=1000313 'santa crus' score=1.000 nombre=False saint_only=True terr= phase=candidate
2026-07-24 21:50:04 - matching_Stangl_Balmi - DEBUG -     gz_id=1000313 'santa crus' score=1.000 nombre=False saint_only=True terr= phase=candidate
2026-07-24 21:50:04 - matching_Stangl_Balmi - DEBUG -     gz_id=1000313 'santa crus' score=1.000 nombre=False saint_only=True terr= phase=candidate
2026-07-24 21:50:04 - matching_Stangl_Balmi - DEBUG -     gz_id=4000052 'arahua' score=1.000 nombre=False saint_only=True terr= phase=candidate
2026-07-24 21:50:04 - matching_Stangl_Balmi - DEBUG -     gz_id=4000052 'arahua' score=1.000 nombre=False saint_only=True terr= phase=candidate
2026-07-24 21:50:04 - matching_Stangl_Balmi - DEBUG -     gz_id=4000052 'arahua' score=1.000 nombre=False saint_only=True terr= phase=candidate
2026-07-24 21:50:04 - matching_Stangl_Balmi - DEBUG -     gz_id=1000351 'santa crus' score=1.000 nombre=True saint_only=False terr= phase=auto_adopt
2026-07-24 21:50:04 - matching_Stangl_Balmi - DEBUG -     gz_id=1000351 'santa crus' score=1.000 nombre=True saint_only=False terr= phase=auto_adopt
2026-07-24 21:50:04 - matching_Stangl_Balmi - DEBUG -     gz_id=4000064 'caucahua' score=1.000 nombre=False saint_only=False terr= phase=candidate
2026-07-24 21:50:04 - matching_Stangl_Balmi - DEBUG -     gz_id=4000064 'caucahua' score=1.000 nombre=False saint_only=False terr= phase=candidate
2026-07-24 21:50:04 - matching_Stangl_Balmi - DEBUG -     gz_id=4000064 'caucahua' score=1.000 nombre=False saint_only=False terr= phase=candidate
2026-07-24 21:50:04 - matching_Stangl_Balmi - DEBUG -     gz_id=4000064 'caucahua' score=1.000 nombre=False saint_only=False terr= phase=candidate
2026-07-24 21:50:04 - matching_Stangl_Balmi - DEBUG -     gz_id=4000064 'caucahua' score=1.000 nombre=False saint_only=False terr= phase=candidate
2026-07-24 21:50:04 - matching_Stangl_Balmi - DEBUG -     gz_id=4000064 'caucahua' score=1.000 nombre=False saint_only=False terr= phase=candidate
2026-07-24 21:50:04 - matching_Stangl_Balmi - DEBUG -     gz_id=1003745 'cuautomatitla' score=1.000 nombre=False saint_only=True terr= phase=candidate
2026-07-24 21:50:04 - matching_Stangl_Balmi - DEBUG -     gz_id=1003745 'cuautomatitla' score=1.000 nombre=False saint_only=True terr= phase=candidate
2026-07-24 21:50:04 - matching_Stangl_Balmi - DEBUG -     gz_id=1003745 'cuautomatitla' score=1.000 nombre=False saint_only=True terr= phase=candidate
2026-07-24 21:50:04 - matching_Stangl_Balmi - DEBUG -     gz_id=1000388 'papagarame' score=1.000 nombre=False saint_only=True terr= phase=candidate
2026-07-24 21:50:04 - matching_Stangl_Balmi - DEBUG -     gz_id=1000388 'papagarame' score=1.000 nombre=False saint_only=True terr= phase=candidate
2026-07-24 21:50:04 - matching_Stangl_Balmi - DEBUG -     gz_id=1000395 'nasas' score=1.000 nombre=False saint_only=True terr= phase=candidate
2026-07-24 21:50:04 - matching_Stangl_Balmi - DEBUG -     gz_id=1000395 'nasas' score=1.000 nombre=False saint_only=True terr= phase=candidate
2026-07-24 21:50:04 - matching_Stangl_Balmi - DEBUG -     gz_id=1000395 'nasas' score=1.000 nombre=False saint_only=True terr= phase=candidate
2026-07-24 21:50:04 - matching_Stangl_Balmi - DEBUG -     gz_id=1000498 'santa crus' score=1.000 nombre=True saint_only=False terr= phase=auto_adopt
2026-07-24 21:50:04 - matching_Stangl_Balmi - DEBUG -     gz_id=1000498 'santa crus' score=1.000 nombre=True saint_only=False terr= phase=auto_adopt
2026-07-24 21:50:04 - matching_Stangl_Balmi - DEBUG -     gz_id=9900004 'santa crus' score=1.000 nombre=True saint_only=False terr= phase=auto_adopt
2026-07-24 21:50:04 - matching_Stangl_Balmi - DEBUG -     gz_id=1003880 'santa crus' score=1.000 nombre=True saint_only=False terr= phase=auto_adopt
2026-07-24 21:50:04 - matching_Stangl_Balmi - DEBUG -     gz_id=1003880 'santa crus' score=1.000 nombre=True saint_only=False terr= phase=auto_adopt
2026-07-24 21:50:04 - matching_Stangl_Balmi - DEBUG -     gz_id=1003880 'santa crus' score=1.000 nombre=True saint_only=False terr= phase=auto_adopt
2026-07-24 21:50:04 - matching_Stangl_Balmi - DEBUG -     gz_id=1003880 'santa crus' score=1.000 nombre=True saint_only=False terr= phase=auto_adopt
2026-07-24 21:50:04 - matching_Stangl_Balmi - DEBUG -     gz_id=1003880 'santa crus' score=1.000 nombre=True saint_only=False terr= phase=auto_adopt
2026-07-24 21:50:04 - matching_Stangl_Balmi - DEBUG -     gz_id=4000141 'huarico' score=1.000 nombre=False saint_only=True terr= phase=candidate
2026-07-24 21:50:04 - matching_Stangl_Balmi - DEBUG -     gz_id=4000141 'huarico' score=1.000 nombre=False saint_only=True terr= phase=candidate
2026-07-24 21:50:04 - matching_Stangl_Balmi - DEBUG -     gz_id=4000141 'huarico' score=1.000 nombre=False saint_only=True terr= phase=candidate
2026-07-24 21:50:04 - matching_Stangl_Balmi - DEBUG -     gz_id=4000141 'huarico' score=1.000 nombre=False saint_only=True terr= phase=candidate
2026-07-24 21:50:04 - matching_Stangl_Balmi - DEBUG -     gz_id=4000141 'huarico' score=1.000 nombre=False saint_only=True terr= phase=candidate
2026-07-24 21:50:04 - matching_Stangl_Balmi - DEBUG -     gz_id=4000141 'huarico' score=1.000 nombre=False saint_only=True terr= phase=candidate
2026-07-24 21:50:04 - matching_Stangl_Balmi - DEBUG -     gz_id=1000530 'camotlan' score=1.000 nombre=False saint_only=True terr= phase=candidate
2026-07-24 21:50:04 - matching_Stangl_Balmi - DEBUG -     gz_id=1000530 'camotlan' score=1.000 nombre=False saint_only=True terr= phase=candidate
2026-07-24 21:50:04 - matching_Stangl_Balmi - DEBUG -     gz_id=1000530 'camotlan' score=1.000 nombre=False saint_only=True terr= phase=candidate
2026-07-24 21:50:04 - matching_Stangl_Balmi - DEBUG -     gz_id=9900039 'charcas' score=1.000 nombre=False saint_only=True terr= phase=candidate
2026-07-24 21:50:04 - matching_Stangl_Balmi - DEBUG -     gz_id=9900039 'charcas' score=1.000 nombre=False saint_only=True terr= phase=candidate
2026-07-24 21:50:04 - matching_Stangl_Balmi - DEBUG -     gz_id=9900039 'charcas' score=1.000 nombre=False saint_only=True terr= phase=candidate
2026-07-24 21:50:04 - matching_Stangl_Balmi - DEBUG -     gz_id=9900039 'charcas' score=1.000 nombre=False saint_only=True terr= phase=candidate
2026-07-24 21:50:04 - matching_Stangl_Balmi - DEBUG -     gz_id=1000546 'santa crus cocula' score=1.000 nombre=False saint_only=True terr= phase=candidate
2026-07-24 21:50:04 - matching_Stangl_Balmi - DEBUG -     gz_id=1000546 'santa crus cocula' score=1.000 nombre=False saint_only=True terr= phase=candidate
2026-07-24 21:50:04 - matching_Stangl_Balmi - DEBUG -     gz_id=1000555 'santa crus soledad' score=1.000 nombre=False saint_only=True terr= phase=candidate
2026-07-24 21:50:04 - matching_Stangl_Balmi - DEBUG -     gz_id=1000555 'santa crus soledad' score=1.000 nombre=False saint_only=True terr= phase=candidate
2026-07-24 21:50:04 - matching_Stangl_Balmi - DEBUG -     gz_id=1003912 'santa crus' score=1.000 nombre=True saint_only=False terr= phase=auto_adopt
2026-07-24 21:50:04 - matching_Stangl_Balmi - DEBUG -     gz_id=1003912 'santa crus' score=1.000 nombre=True saint_only=False terr= phase=auto_adopt
2026-07-24 21:50:04 - matching_Stangl_Balmi - DEBUG -     gz_id=1003912 'santa crus' score=1.000 nombre=True saint_only=False terr= phase=auto_adopt
2026-07-24 21:50:04 - matching_Stangl_Balmi - DEBUG -     gz_id=1003912 'santa crus' score=1.000 nombre=True saint_only=False terr= phase=auto_adopt
2026-07-24 21:50:04 - matching_Stangl_Balmi - DEBUG -     gz_id=1003912 'santa crus' score=1.000 nombre=True saint_only=False terr= phase=auto_adopt
2026-07-24 21:50:04 - matching_Stangl_Balmi - DEBUG -     gz_id=1000607 'santa crus' score=1.000 nombre=True saint_only=False terr= phase=auto_adopt
2026-07-24 21:50:04 - matching_Stangl_Balmi - DEBUG -     gz_id=1000607 'santa crus' score=1.000 nombre=True saint_only=False terr= phase=auto_adopt
2026-07-24 21:50:04 - matching_Stangl_Balmi - DEBUG -     gz_id=1000619 'santa crus' score=1.000 nombre=True saint_only=False terr= phase=auto_adopt
2026-07-24 21:50:04 - matching_Stangl_Balmi - DEBUG -     gz_id=1000619 'santa crus' score=1.000 nombre=True saint_only=False terr= phase=auto_adopt
2026-07-24 21:50:04 - matching_Stangl_Balmi - DEBUG -     gz_id=4000203 'huatire' score=1.000 nombre=False saint_only=True terr= phase=candidate
2026-07-24 21:50:04 - matching_Stangl_Balmi - DEBUG -     gz_id=4000203 'huatire' score=1.000 nombre=False saint_only=True terr= phase=candidate
2026-07-24 21:50:04 - matching_Stangl_Balmi - DEBUG -     gz_id=4000203 'huatire' score=1.000 nombre=False saint_only=True terr= phase=candidate
2026-07-24 21:50:04 - matching_Stangl_Balmi - DEBUG -     gz_id=4000203 'huatire' score=1.000 nombre=False saint_only=True terr= phase=candidate
2026-07-24 21:50:04 - matching_Stangl_Balmi - DEBUG -     gz_id=4000203 'huatire' score=1.000 nombre=False saint_only=True terr= phase=candidate
2026-07-24 21:50:04 - matching_Stangl_Balmi - DEBUG -     gz_id=4000203 'huatire' score=1.000 nombre=False saint_only=True terr= phase=candidate
2026-07-24 21:50:04 - matching_Stangl_Balmi - DEBUG -     gz_id=4000209 'macaira' score=1.000 nombre=False saint_only=True terr= phase=candidate
2026-07-24 21:50:04 - matching_Stangl_Balmi - DEBUG -     gz_id=4000209 'macaira' score=1.000 nombre=False saint_only=True terr= phase=candidate
2026-07-24 21:50:04 - matching_Stangl_Balmi - DEBUG -     gz_id=4000209 'macaira' score=1.000 nombre=False saint_only=True terr= phase=candidate
2026-07-24 21:50:04 - matching_Stangl_Balmi - DEBUG -     gz_id=1000671 'santa crus' score=1.000 nombre=True saint_only=False terr= phase=auto_adopt
2026-07-24 21:50:04 - matching_Stangl_Balmi - DEBUG -     gz_id=1000671 'santa crus' score=1.000 nombre=True saint_only=False terr= phase=auto_adopt
2026-07-24 21:50:04 - matching_Stangl_Balmi - DEBUG -     gz_id=1000676 'baltierrilla' score=1.000 nombre=False saint_only=True terr= phase=candidate
2026-07-24 21:50:04 - matching_Stangl_Balmi - DEBUG -     gz_id=1000676 'baltierrilla' score=1.000 nombre=False saint_only=True terr= phase=candidate
2026-07-24 21:50:04 - matching_Stangl_Balmi - DEBUG -     gz_id=1003968 'nacori' score=1.000 nombre=False saint_only=True terr= phase=candidate
2026-07-24 21:50:04 - matching_Stangl_Balmi - DEBUG -     gz_id=1003968 'nacori' score=1.000 nombre=False saint_only=True terr= phase=candidate
2026-07-24 21:50:04 - matching_Stangl_Balmi - DEBUG -     gz_id=1003968 'nacori' score=1.000 nombre=False saint_only=True terr= phase=candidate
2026-07-24 21:50:04 - matching_Stangl_Balmi - DEBUG -     gz_id=1003968 'nacori' score=1.000 nombre=False saint_only=True terr= phase=candidate
2026-07-24 21:50:04 - matching_Stangl_Balmi - DEBUG -     gz_id=1003968 'nacori' score=1.000 nombre=False saint_only=True terr= phase=candidate
2026-07-24 21:50:04 - matching_Stangl_Balmi - DEBUG -     gz_id=1003968 'nacori' score=1.000 nombre=False saint_only=True terr= phase=candidate
2026-07-24 21:50:04 - matching_Stangl_Balmi - DEBUG -     gz_id=1003968 'nacori' score=1.000 nombre=False saint_only=True terr= phase=candidate
2026-07-24 21:50:04 - matching_Stangl_Balmi - DEBUG -     gz_id=4000267 'nogal' score=1.000 nombre=False saint_only=True terr= phase=candidate
2026-07-24 21:50:04 - matching_Stangl_Balmi - DEBUG -     gz_id=9900238 'cibolo' score=1.000 nombre=False saint_only=True terr= phase=candidate
2026-07-24 21:50:04 - matching_Stangl_Balmi - DEBUG -     gz_id=9900238 'cibolo' score=1.000 nombre=False saint_only=True terr= phase=candidate
2026-07-24 21:50:04 - matching_Stangl_Balmi - DEBUG -     gz_id=9900238 'cibolo' score=1.000 nombre=False saint_only=True terr= phase=candidate
2026-07-24 21:50:04 - matching_Stangl_Balmi - DEBUG -     gz_id=9900238 'cibolo' score=1.000 nombre=False saint_only=True terr= phase=candidate
2026-07-24 21:50:04 - matching_Stangl_Balmi - DEBUG -     gz_id=1000851 'atoiac' score=1.000 nombre=False saint_only=True terr= phase=candidate
2026-07-24 21:50:04 - matching_Stangl_Balmi - DEBUG -     gz_id=1000851 'atoiac' score=1.000 nombre=False saint_only=True terr= phase=candidate
2026-07-24 21:50:04 - matching_Stangl_Balmi - DEBUG -     gz_id=1000851 'atoiac' score=1.000 nombre=False saint_only=True terr= phase=candidate
2026-07-24 21:50:04 - matching_Stangl_Balmi - DEBUG -     gz_id=1000851 'atoiac' score=1.000 nombre=False saint_only=True terr= phase=candidate
2026-07-24 21:50:04 - matching_Stangl_Balmi - DEBUG -     gz_id=6000527 'santa crus' score=1.000 nombre=True saint_only=False terr= phase=auto_adopt
2026-07-24 21:50:04 - matching_Stangl_Balmi - DEBUG -     gz_id=6000527 'santa crus' score=1.000 nombre=True saint_only=False terr= phase=auto_adopt
2026-07-24 21:50:04 - matching_Stangl_Balmi - DEBUG -     gz_id=1004130 'santa crus tlaxcala' score=1.000 nombre=False saint_only=True terr= phase=candidate
2026-07-24 21:50:04 - matching_Stangl_Balmi - DEBUG -     gz_id=1004130 'santa crus tlaxcala' score=1.000 nombre=False saint_only=True terr= phase=candidate
2026-07-24 21:50:04 - matching_Stangl_Balmi - DEBUG -     gz_id=1004130 'santa crus tlaxcala' score=1.000 nombre=False saint_only=True terr= phase=candidate
2026-07-24 21:50:04 - matching_Stangl_Balmi - DEBUG -     gz_id=9900548 'santa crus' score=1.000 nombre=False saint_only=True terr= phase=candidate
2026-07-24 21:50:04 - matching_Stangl_Balmi - DEBUG -     gz_id=9900548 'santa crus' score=1.000 nombre=False saint_only=True terr= phase=candidate
2026-07-24 21:50:04 - matching_Stangl_Balmi - DEBUG -     gz_id=4000343 'santa crus' score=1.000 nombre=False saint_only=True terr= phase=candidate
2026-07-24 21:50:04 - matching_Stangl_Balmi - DEBUG -     gz_id=4000343 'santa crus' score=1.000 nombre=False saint_only=True terr= phase=candidate
2026-07-24 21:50:04 - matching_Stangl_Balmi - DEBUG -     gz_id=4000343 'santa crus' score=1.000 nombre=False saint_only=True terr= phase=candidate
2026-07-24 21:50:04 - matching_Stangl_Balmi - DEBUG -     gz_id=4000343 'santa crus' score=1.000 nombre=False saint_only=True terr= phase=candidate
2026-07-24 21:50:04 - matching_Stangl_Balmi - DEBUG -     gz_id=4000343 'santa crus' score=1.000 nombre=False saint_only=True terr= phase=candidate
2026-07-24 21:50:04 - matching_Stangl_Balmi - DEBUG -     gz_id=4000343 'santa crus' score=1.000 nombre=False saint_only=True terr= phase=candidate
2026-07-24 21:50:04 - matching_Stangl_Balmi - DEBUG -     gz_id=4000343 'santa crus' score=1.000 nombre=False saint_only=True terr= phase=candidate
2026-07-24 21:50:04 - matching_Stangl_Balmi - DEBUG -     gz_id=4000371 'cachipo' score=1.000 nombre=False saint_only=True terr= phase=candidate
2026-07-24 21:50:04 - matching_Stangl_Balmi - DEBUG -     gz_id=4000371 'cachipo' score=1.000 nombre=False saint_only=True terr= phase=candidate
2026-07-24 21:50:04 - matching_Stangl_Balmi - DEBUG -     gz_id=4000371 'cachipo' score=1.000 nombre=False saint_only=True terr= phase=candidate
2026-07-24 21:50:04 - matching_Stangl_Balmi - DEBUG -     gz_id=4000371 'cachipo' score=1.000 nombre=False saint_only=True terr= phase=candidate
2026-07-24 21:50:04 - matching_Stangl_Balmi - DEBUG -     gz_id=1000989 'tecamac' score=1.000 nombre=False saint_only=True terr= phase=candidate
2026-07-24 21:50:04 - matching_Stangl_Balmi - DEBUG -     gz_id=1000989 'tecamac' score=1.000 nombre=False saint_only=True terr= phase=candidate
2026-07-24 21:50:04 - matching_Stangl_Balmi - DEBUG -     gz_id=6000749 'santa crus' score=1.000 nombre=True saint_only=False terr= phase=auto_adopt
2026-07-24 21:50:04 - matching_Stangl_Balmi - DEBUG -     gz_id=6000749 'santa crus' score=1.000 nombre=True saint_only=False terr= phase=auto_adopt
2026-07-24 21:50:04 - matching_Stangl_Balmi - DEBUG -     gz_id=4000386 'casanai' score=1.000 nombre=False saint_only=True terr= phase=candidate
2026-07-24 21:50:04 - matching_Stangl_Balmi - DEBUG -     gz_id=4000386 'casanai' score=1.000 nombre=False saint_only=True terr= phase=candidate
2026-07-24 21:50:04 - matching_Stangl_Balmi - DEBUG -     gz_id=4000386 'casanai' score=1.000 nombre=False saint_only=True terr= phase=candidate
2026-07-24 21:50:04 - matching_Stangl_Balmi - DEBUG -     gz_id=4000386 'casanai' score=1.000 nombre=False saint_only=True terr= phase=candidate
2026-07-24 21:50:04 - matching_Stangl_Balmi - DEBUG -     gz_id=4000386 'casanai' score=1.000 nombre=False saint_only=True terr= phase=candidate
2026-07-24 21:50:04 - matching_Stangl_Balmi - DEBUG -     gz_id=4000386 'casanai' score=1.000 nombre=False saint_only=True terr= phase=candidate
2026-07-24 21:50:04 - matching_Stangl_Balmi - DEBUG -     gz_id=4000386 'casanai' score=1.000 nombre=False saint_only=True terr= phase=candidate
2026-07-24 21:50:04 - matching_Stangl_Balmi - DEBUG -     gz_id=9900686 'santa crus' score=1.000 nombre=True saint_only=False terr= phase=auto_adopt
2026-07-24 21:50:04 - matching_Stangl_Balmi - DEBUG -     gz_id=9900686 'santa crus' score=1.000 nombre=True saint_only=False terr= phase=auto_adopt
2026-07-24 21:50:04 - matching_Stangl_Balmi - DEBUG -     gz_id=9900686 'santa crus' score=1.000 nombre=True saint_only=False terr= phase=auto_adopt
2026-07-24 21:50:04 - matching_Stangl_Balmi - DEBUG -     gz_id=9900686 'santa crus' score=1.000 nombre=True saint_only=False terr= phase=auto_adopt
2026-07-24 21:50:04 - matching_Stangl_Balmi - DEBUG -     gz_id=1001037 'portesuelo' score=1.000 nombre=False saint_only=True terr= phase=candidate
2026-07-24 21:50:04 - matching_Stangl_Balmi - DEBUG -     gz_id=1001037 'portesuelo' score=1.000 nombre=False saint_only=True terr= phase=candidate
2026-07-24 21:50:04 - matching_Stangl_Balmi - DEBUG -     gz_id=6000798 'santa crus' score=1.000 nombre=True saint_only=False terr= phase=auto_adopt
2026-07-24 21:50:04 - matching_Stangl_Balmi - DEBUG -     gz_id=6000798 'santa crus' score=1.000 nombre=True saint_only=False terr= phase=auto_adopt
2026-07-24 21:50:04 - matching_Stangl_Balmi - DEBUG -     gz_id=1001073 'alberto' score=1.000 nombre=False saint_only=True terr= phase=candidate
2026-07-24 21:50:04 - matching_Stangl_Balmi - DEBUG -     gz_id=1001073 'alberto' score=1.000 nombre=False saint_only=True terr= phase=candidate
2026-07-24 21:50:04 - matching_Stangl_Balmi - DEBUG -     gz_id=6000874 'ate' score=1.000 nombre=False saint_only=True terr= phase=candidate
2026-07-24 21:50:04 - matching_Stangl_Balmi - DEBUG -     gz_id=6000874 'ate' score=1.000 nombre=False saint_only=True terr= phase=candidate
2026-07-24 21:50:04 - matching_Stangl_Balmi - DEBUG -     gz_id=1001130 'santa crus' score=1.000 nombre=False saint_only=True terr= phase=candidate
2026-07-24 21:50:04 - matching_Stangl_Balmi - DEBUG -     gz_id=1001130 'santa crus' score=1.000 nombre=False saint_only=True terr= phase=candidate
2026-07-24 21:50:04 - matching_Stangl_Balmi - DEBUG -     gz_id=4000437 'santa crus monte calbario' score=1.000 nombre=False saint_only=True terr= phase=candidate
2026-07-24 21:50:04 - matching_Stangl_Balmi - DEBUG -     gz_id=4000437 'santa crus monte calbario' score=1.000 nombre=False saint_only=True terr= phase=candidate
2026-07-24 21:50:04 - matching_Stangl_Balmi - DEBUG -     gz_id=4000437 'santa crus monte calbario' score=1.000 nombre=False saint_only=True terr= phase=candidate
2026-07-24 21:50:04 - matching_Stangl_Balmi - DEBUG -     gz_id=4000437 'santa crus monte calbario' score=1.000 nombre=False saint_only=True terr= phase=candidate
2026-07-24 21:50:04 - matching_Stangl_Balmi - DEBUG -     gz_id=1001175 'cuauhtenco' score=1.000 nombre=False saint_only=True terr= phase=candidate
2026-07-24 21:50:04 - matching_Stangl_Balmi - DEBUG -     gz_id=1001175 'cuauhtenco' score=1.000 nombre=False saint_only=True terr= phase=candidate
2026-07-24 21:50:04 - matching_Stangl_Balmi - DEBUG -     gz_id=1001175 'cuauhtenco' score=1.000 nombre=False saint_only=True terr= phase=candidate
2026-07-24 21:50:04 - matching_Stangl_Balmi - DEBUG -     gz_id=6000938 'santa crus balle' score=1.000 nombre=False saint_only=True terr= phase=candidate
2026-07-24 21:50:04 - matching_Stangl_Balmi - DEBUG -     gz_id=6000938 'santa crus balle' score=1.000 nombre=False saint_only=True terr= phase=candidate
2026-07-24 21:50:04 - matching_Stangl_Balmi - DEBUG -     gz_id=4000471 'santa crus' score=1.000 nombre=True saint_only=False terr= phase=auto_adopt
2026-07-24 21:50:04 - matching_Stangl_Balmi - DEBUG -     gz_id=4000471 'santa crus' score=1.000 nombre=True saint_only=False terr= phase=auto_adopt
2026-07-24 21:50:04 - matching_Stangl_Balmi - DEBUG -     gz_id=4000471 'santa crus' score=1.000 nombre=True saint_only=False terr= phase=auto_adopt
2026-07-24 21:50:04 - matching_Stangl_Balmi - DEBUG -     gz_id=9900844 'balle santa crus' score=1.000 nombre=False saint_only=True terr= phase=candidate
2026-07-24 21:50:04 - matching_Stangl_Balmi - DEBUG -     gz_id=9900844 'balle santa crus' score=1.000 nombre=False saint_only=True terr= phase=candidate
2026-07-24 21:50:04 - matching_Stangl_Balmi - DEBUG -     gz_id=9900844 'balle santa crus' score=1.000 nombre=False saint_only=True terr= phase=candidate
2026-07-24 21:50:04 - matching_Stangl_Balmi - DEBUG -     gz_id=9900844 'balle santa crus' score=1.000 nombre=False saint_only=True terr= phase=candidate
2026-07-24 21:50:04 - matching_Stangl_Balmi - DEBUG -     gz_id=9900844 'balle santa crus' score=1.000 nombre=False saint_only=True terr= phase=candidate
2026-07-24 21:50:04 - matching_Stangl_Balmi - DEBUG -     gz_id=9900915 'santa crus' score=1.000 nombre=False saint_only=True terr= phase=candidate
2026-07-24 21:50:04 - matching_Stangl_Balmi - DEBUG -     gz_id=1004677 'santa crus' score=1.000 nombre=True saint_only=False terr= phase=auto_adopt
2026-07-24 21:50:04 - matching_Stangl_Balmi - DEBUG -     gz_id=1004677 'santa crus' score=1.000 nombre=True saint_only=False terr= phase=auto_adopt
2026-07-24 21:50:04 - matching_Stangl_Balmi - DEBUG -     gz_id=1004677 'santa crus' score=1.000 nombre=True saint_only=False terr= phase=auto_adopt
2026-07-24 21:50:04 - matching_Stangl_Balmi - DEBUG -     gz_id=1001438 'santa crus monte' score=1.000 nombre=False saint_only=True terr= phase=candidate
2026-07-24 21:50:04 - matching_Stangl_Balmi - DEBUG -     gz_id=1001438 'santa crus monte' score=1.000 nombre=False saint_only=True terr= phase=candidate
2026-07-24 21:50:04 - matching_Stangl_Balmi - DEBUG -     gz_id=1001474 'tetipac' score=1.000 nombre=False saint_only=True terr= phase=candidate
2026-07-24 21:50:04 - matching_Stangl_Balmi - DEBUG -     gz_id=1001474 'tetipac' score=1.000 nombre=False saint_only=True terr= phase=candidate
2026-07-24 21:50:04 - matching_Stangl_Balmi - DEBUG -     gz_id=9901006 'crus' score=1.000 nombre=False saint_only=False terr= phase=auto_adopt
2026-07-24 21:50:04 - matching_Stangl_Balmi - DEBUG -     gz_id=9901006 'crus' score=1.000 nombre=False saint_only=False terr= phase=auto_adopt
2026-07-24 21:50:04 - matching_Stangl_Balmi - DEBUG -     gz_id=9901006 'crus' score=1.000 nombre=False saint_only=False terr= phase=auto_adopt
2026-07-24 21:50:04 - matching_Stangl_Balmi - DEBUG -     gz_id=9901006 'crus' score=1.000 nombre=False saint_only=False terr= phase=auto_adopt
2026-07-24 21:50:04 - matching_Stangl_Balmi - DEBUG -     gz_id=9901006 'crus' score=1.000 nombre=False saint_only=False terr= phase=auto_adopt
2026-07-24 21:50:04 - matching_Stangl_Balmi - DEBUG -     gz_id=9901006 'crus' score=1.000 nombre=False saint_only=False terr= phase=auto_adopt
2026-07-24 21:50:04 - matching_Stangl_Balmi - DEBUG -     gz_id=1001491 'capula' score=1.000 nombre=False saint_only=True terr= phase=candidate
2026-07-24 21:50:04 - matching_Stangl_Balmi - DEBUG -     gz_id=1001491 'capula' score=1.000 nombre=False saint_only=True terr= phase=candidate
2026-07-24 21:50:04 - matching_Stangl_Balmi - DEBUG -     gz_id=1001491 'capula' score=1.000 nombre=False saint_only=True terr= phase=candidate
2026-07-24 21:50:04 - matching_Stangl_Balmi - DEBUG -     gz_id=1001491 'capula' score=1.000 nombre=False saint_only=True terr= phase=candidate
2026-07-24 21:50:04 - matching_Stangl_Balmi - DEBUG -     gz_id=9901006 'crus' score=1.000 nombre=False saint_only=False terr= phase=auto_adopt
2026-07-24 21:50:04 - matching_Stangl_Balmi - DEBUG -     gz_id=1004755 'santa crus' score=1.000 nombre=True saint_only=False terr= phase=auto_adopt
2026-07-24 21:50:04 - matching_Stangl_Balmi - DEBUG -     gz_id=1004755 'santa crus' score=1.000 nombre=True saint_only=False terr= phase=auto_adopt
2026-07-24 21:50:04 - matching_Stangl_Balmi - DEBUG -     gz_id=6001270 'lamas' score=1.000 nombre=False saint_only=True terr= phase=candidate
2026-07-24 21:50:04 - matching_Stangl_Balmi - DEBUG -     gz_id=6001270 'lamas' score=1.000 nombre=False saint_only=True terr= phase=candidate
2026-07-24 21:50:04 - matching_Stangl_Balmi - DEBUG -     gz_id=6001270 'lamas' score=1.000 nombre=False saint_only=True terr= phase=candidate
2026-07-24 21:50:04 - matching_Stangl_Balmi - DEBUG -     gz_id=1001501 'ixtapan' score=1.000 nombre=False saint_only=True terr= phase=candidate
2026-07-24 21:50:04 - matching_Stangl_Balmi - DEBUG -     gz_id=1001501 'ixtapan' score=1.000 nombre=False saint_only=True terr= phase=candidate
2026-07-24 21:50:04 - matching_Stangl_Balmi - DEBUG -     gz_id=1001528 'texcalapa' score=1.000 nombre=False saint_only=True terr= phase=candidate
2026-07-24 21:50:04 - matching_Stangl_Balmi - DEBUG -     gz_id=1001528 'texcalapa' score=1.000 nombre=False saint_only=True terr= phase=candidate
2026-07-24 21:50:04 - matching_Stangl_Balmi - DEBUG -     gz_id=1001528 'texcalapa' score=1.000 nombre=False saint_only=True terr= phase=candidate
2026-07-24 21:50:04 - matching_Stangl_Balmi - DEBUG -     gz_id=1001528 'texcalapa' score=1.000 nombre=False saint_only=True terr= phase=candidate
2026-07-24 21:50:04 - matching_Stangl_Balmi - DEBUG -     gz_id=1001540 'atisapan' score=1.000 nombre=False saint_only=True terr= phase=candidate
2026-07-24 21:50:04 - matching_Stangl_Balmi - DEBUG -     gz_id=1001540 'atisapan' score=1.000 nombre=False saint_only=True terr= phase=candidate
2026-07-24 21:50:04 - matching_Stangl_Balmi - DEBUG -     gz_id=1001540 'atisapan' score=1.000 nombre=False saint_only=True terr= phase=candidate
2026-07-24 21:50:04 - matching_Stangl_Balmi - DEBUG -     gz_id=1004808 'san lorenso santa crus' score=1.000 nombre=False saint_only=False terr= phase=candidate
2026-07-24 21:50:04 - matching_Stangl_Balmi - DEBUG -     gz_id=1004808 'san lorenso santa crus' score=1.000 nombre=False saint_only=False terr= phase=candidate
2026-07-24 21:50:04 - matching_Stangl_Balmi - DEBUG -     gz_id=1004817 'tapaculmes' score=1.000 nombre=False saint_only=True terr= phase=candidate
2026-07-24 21:50:04 - matching_Stangl_Balmi - DEBUG -     gz_id=1004817 'tapaculmes' score=1.000 nombre=False saint_only=True terr= phase=candidate
2026-07-24 21:50:04 - matching_Stangl_Balmi - DEBUG -     gz_id=1004817 'tapaculmes' score=1.000 nombre=False saint_only=True terr= phase=candidate
2026-07-24 21:50:04 - matching_Stangl_Balmi - DEBUG -     gz_id=1004817 'tapaculmes' score=1.000 nombre=False saint_only=True terr= phase=candidate
2026-07-24 21:50:04 - matching_Stangl_Balmi - DEBUG -     gz_id=1004817 'tapaculmes' score=1.000 nombre=False saint_only=True terr= phase=candidate
2026-07-24 21:50:04 - matching_Stangl_Balmi - DEBUG -     gz_id=6001360 'santa crus' score=1.000 nombre=True saint_only=False terr= phase=auto_adopt
2026-07-24 21:50:04 - matching_Stangl_Balmi - DEBUG -     gz_id=6001360 'santa crus' score=1.000 nombre=True saint_only=False terr= phase=auto_adopt
2026-07-24 21:50:04 - matching_Stangl_Balmi - DEBUG -     gz_id=6001360 'santa crus' score=1.000 nombre=True saint_only=False terr= phase=auto_adopt
2026-07-24 21:50:04 - matching_Stangl_Balmi - DEBUG -     gz_id=1004872 'billa nueba' score=1.000 nombre=False saint_only=True terr= phase=candidate
2026-07-24 21:50:04 - matching_Stangl_Balmi - DEBUG -     gz_id=1004872 'billa nueba' score=1.000 nombre=False saint_only=True terr= phase=candidate
2026-07-24 21:50:04 - matching_Stangl_Balmi - DEBUG -     gz_id=1004872 'billa nueba' score=1.000 nombre=False saint_only=True terr= phase=candidate
2026-07-24 21:50:04 - matching_Stangl_Balmi - DEBUG -     gz_id=5000049 'lorica' score=1.000 nombre=False saint_only=True terr= phase=candidate
2026-07-24 21:50:04 - matching_Stangl_Balmi - DEBUG -     gz_id=5000049 'lorica' score=1.000 nombre=False saint_only=True terr= phase=candidate
2026-07-24 21:50:04 - matching_Stangl_Balmi - DEBUG -     gz_id=5000049 'lorica' score=1.000 nombre=False saint_only=True terr= phase=candidate
2026-07-24 21:50:04 - matching_Stangl_Balmi - DEBUG -     gz_id=5000049 'lorica' score=1.000 nombre=False saint_only=True terr= phase=candidate
2026-07-24 21:50:04 - matching_Stangl_Balmi - DEBUG -     gz_id=1001695 'astcaposaltongo' score=1.000 nombre=False saint_only=True terr= phase=candidate
2026-07-24 21:50:04 - matching_Stangl_Balmi - DEBUG -     gz_id=1001695 'astcaposaltongo' score=1.000 nombre=False saint_only=True terr= phase=candidate
2026-07-24 21:50:04 - matching_Stangl_Balmi - DEBUG -     gz_id=1001695 'astcaposaltongo' score=1.000 nombre=False saint_only=True terr= phase=candidate
2026-07-24 21:50:04 - matching_Stangl_Balmi - DEBUG -     gz_id=1001695 'astcaposaltongo' score=1.000 nombre=False saint_only=True terr= phase=candidate
2026-07-24 21:50:04 - matching_Stangl_Balmi - DEBUG -     gz_id=5000075 'crus' score=1.000 nombre=False saint_only=False terr= phase=auto_adopt
2026-07-24 21:50:04 - matching_Stangl_Balmi - DEBUG -     gz_id=5000075 'crus' score=1.000 nombre=False saint_only=False terr= phase=auto_adopt
2026-07-24 21:50:04 - matching_Stangl_Balmi - DEBUG -     gz_id=5000075 'crus' score=1.000 nombre=False saint_only=False terr= phase=auto_adopt
2026-07-24 21:50:04 - matching_Stangl_Balmi - DEBUG -     gz_id=5000075 'crus' score=1.000 nombre=False saint_only=False terr= phase=auto_adopt
2026-07-24 21:50:04 - matching_Stangl_Balmi - DEBUG -     gz_id=5000075 'crus' score=1.000 nombre=False saint_only=False terr= phase=auto_adopt
2026-07-24 21:50:04 - matching_Stangl_Balmi - DEBUG -     gz_id=5000111 'santa crus' score=1.000 nombre=False saint_only=True terr= phase=candidate
2026-07-24 21:50:04 - matching_Stangl_Balmi - DEBUG -     gz_id=5000111 'santa crus' score=1.000 nombre=False saint_only=True terr= phase=candidate
2026-07-24 21:50:04 - matching_Stangl_Balmi - DEBUG -     gz_id=6001542 'sonomoro' score=1.000 nombre=False saint_only=True terr= phase=candidate
2026-07-24 21:50:04 - matching_Stangl_Balmi - DEBUG -     gz_id=6001542 'sonomoro' score=1.000 nombre=False saint_only=True terr= phase=candidate
2026-07-24 21:50:04 - matching_Stangl_Balmi - DEBUG -     gz_id=6001559 'ahuaitia' score=1.000 nombre=False saint_only=True terr= phase=candidate
2026-07-24 21:50:04 - matching_Stangl_Balmi - DEBUG -     gz_id=6001575 'santa crus' score=1.000 nombre=True saint_only=False terr= phase=auto_adopt
2026-07-24 21:50:04 - matching_Stangl_Balmi - DEBUG -     gz_id=6001575 'santa crus' score=1.000 nombre=True saint_only=False terr= phase=auto_adopt
2026-07-24 21:50:04 - matching_Stangl_Balmi - DEBUG -     gz_id=1001786 'santa crus' score=1.000 nombre=True saint_only=False terr= phase=auto_adopt
2026-07-24 21:50:04 - matching_Stangl_Balmi - DEBUG -     gz_id=1001786 'santa crus' score=1.000 nombre=True saint_only=False terr= phase=auto_adopt
2026-07-24 21:50:04 - matching_Stangl_Balmi - DEBUG -     gz_id=1001802 'acalpixca' score=1.000 nombre=False saint_only=True terr= phase=candidate
2026-07-24 21:50:04 - matching_Stangl_Balmi - DEBUG -     gz_id=1001802 'acalpixca' score=1.000 nombre=False saint_only=True terr= phase=candidate
2026-07-24 21:50:04 - matching_Stangl_Balmi - DEBUG -     gz_id=7000049 'colchahua' score=1.000 nombre=False saint_only=True terr= phase=candidate
2026-07-24 21:50:04 - matching_Stangl_Balmi - DEBUG -     gz_id=7000049 'colchahua' score=1.000 nombre=False saint_only=True terr= phase=candidate
2026-07-24 21:50:04 - matching_Stangl_Balmi - DEBUG -     gz_id=1001828 'jochitepec' score=1.000 nombre=False saint_only=True terr= phase=candidate
2026-07-24 21:50:04 - matching_Stangl_Balmi - DEBUG -     gz_id=1001828 'jochitepec' score=1.000 nombre=False saint_only=True terr= phase=candidate
2026-07-24 21:50:04 - matching_Stangl_Balmi - DEBUG -     gz_id=5000198 'cana' score=1.000 nombre=False saint_only=True terr= phase=candidate
2026-07-24 21:50:04 - matching_Stangl_Balmi - DEBUG -     gz_id=5000198 'cana' score=1.000 nombre=False saint_only=True terr= phase=candidate
2026-07-24 21:50:04 - matching_Stangl_Balmi - DEBUG -     gz_id=5000198 'cana' score=1.000 nombre=False saint_only=True terr= phase=candidate
2026-07-24 21:50:04 - matching_Stangl_Balmi - DEBUG -     gz_id=5000198 'cana' score=1.000 nombre=False saint_only=True terr= phase=candidate
2026-07-24 21:50:04 - matching_Stangl_Balmi - DEBUG -     gz_id=5000198 'cana' score=1.000 nombre=False saint_only=True terr= phase=candidate
2026-07-24 21:50:04 - matching_Stangl_Balmi - DEBUG -     gz_id=1001878 'asulaques' score=1.000 nombre=False saint_only=True terr= phase=candidate
2026-07-24 21:50:04 - matching_Stangl_Balmi - DEBUG -     gz_id=1001878 'asulaques' score=1.000 nombre=False saint_only=True terr= phase=candidate
2026-07-24 21:50:04 - matching_Stangl_Balmi - DEBUG -     gz_id=1001878 'asulaques' score=1.000 nombre=False saint_only=True terr= phase=candidate
2026-07-24 21:50:04 - matching_Stangl_Balmi - DEBUG -     gz_id=7000128 'santa crus' score=1.000 nombre=True saint_only=False terr= phase=auto_adopt
2026-07-24 21:50:04 - matching_Stangl_Balmi - DEBUG -     gz_id=7000128 'santa crus' score=1.000 nombre=True saint_only=False terr= phase=auto_adopt
2026-07-24 21:50:04 - matching_Stangl_Balmi - DEBUG -     gz_id=7000128 'santa crus' score=1.000 nombre=True saint_only=False terr= phase=auto_adopt
2026-07-24 21:50:04 - matching_Stangl_Balmi - DEBUG -     gz_id=1001925 'temuthe' score=1.000 nombre=False saint_only=True terr= phase=candidate
2026-07-24 21:50:04 - matching_Stangl_Balmi - DEBUG -     gz_id=1001925 'temuthe' score=1.000 nombre=False saint_only=True terr= phase=candidate
2026-07-24 21:50:04 - matching_Stangl_Balmi - DEBUG -     gz_id=1005163 'nuca' score=1.000 nombre=False saint_only=True terr= phase=candidate
2026-07-24 21:50:04 - matching_Stangl_Balmi - DEBUG -     gz_id=1005200 'santa crus' score=1.000 nombre=False saint_only=True terr= phase=candidate
2026-07-24 21:50:04 - matching_Stangl_Balmi - DEBUG -     gz_id=1005200 'santa crus' score=1.000 nombre=False saint_only=True terr= phase=candidate
2026-07-24 21:50:04 - matching_Stangl_Balmi - DEBUG -     gz_id=7000259 'rancahua' score=1.000 nombre=False saint_only=True terr= phase=candidate
2026-07-24 21:50:04 - matching_Stangl_Balmi - DEBUG -     gz_id=7000259 'rancahua' score=1.000 nombre=False saint_only=True terr= phase=candidate
2026-07-24 21:50:04 - matching_Stangl_Balmi - DEBUG -     gz_id=1005246 'santa crus rejistro' score=1.000 nombre=False saint_only=True terr= phase=candidate
2026-07-24 21:50:04 - matching_Stangl_Balmi - DEBUG -     gz_id=1005246 'santa crus rejistro' score=1.000 nombre=False saint_only=True terr= phase=candidate
2026-07-24 21:50:04 - matching_Stangl_Balmi - DEBUG -     gz_id=5000380 'macinga' score=1.000 nombre=False saint_only=True terr= phase=candidate
2026-07-24 21:50:04 - matching_Stangl_Balmi - DEBUG -     gz_id=5000380 'macinga' score=1.000 nombre=False saint_only=True terr= phase=candidate
2026-07-24 21:50:04 - matching_Stangl_Balmi - DEBUG -     gz_id=1005263 'santa crus' score=1.000 nombre=True saint_only=False terr= phase=auto_adopt
2026-07-24 21:50:04 - matching_Stangl_Balmi - DEBUG -     gz_id=1005263 'santa crus' score=1.000 nombre=True saint_only=False terr= phase=auto_adopt
2026-07-24 21:50:04 - matching_Stangl_Balmi - DEBUG -     gz_id=5000409 'urumita' score=1.000 nombre=False saint_only=True terr= phase=candidate
2026-07-24 21:50:04 - matching_Stangl_Balmi - DEBUG -     gz_id=5000409 'urumita' score=1.000 nombre=False saint_only=True terr= phase=candidate
2026-07-24 21:50:04 - matching_Stangl_Balmi - DEBUG -     gz_id=1002046 'tanaco' score=1.000 nombre=False saint_only=True terr= phase=candidate
2026-07-24 21:50:04 - matching_Stangl_Balmi - DEBUG -     gz_id=1002046 'tanaco' score=1.000 nombre=False saint_only=True terr= phase=candidate
2026-07-24 21:50:04 - matching_Stangl_Balmi - DEBUG -     gz_id=1002046 'tanaco' score=1.000 nombre=False saint_only=True terr= phase=candidate
2026-07-24 21:50:04 - matching_Stangl_Balmi - DEBUG -     gz_id=1005363 'neira' score=1.000 nombre=False saint_only=True terr= phase=candidate
2026-07-24 21:50:04 - matching_Stangl_Balmi - DEBUG -     gz_id=1005363 'neira' score=1.000 nombre=False saint_only=True terr= phase=candidate
2026-07-24 21:50:04 - matching_Stangl_Balmi - DEBUG -     gz_id=1005386 'nutrias' score=1.000 nombre=False saint_only=True terr= phase=candidate
2026-07-24 21:50:04 - matching_Stangl_Balmi - DEBUG -     gz_id=1005386 'nutrias' score=1.000 nombre=False saint_only=True terr= phase=candidate
2026-07-24 21:50:04 - matching_Stangl_Balmi - DEBUG -     gz_id=1005386 'nutrias' score=1.000 nombre=False saint_only=True terr= phase=candidate
2026-07-24 21:50:04 - matching_Stangl_Balmi - DEBUG -     gz_id=1005386 'nutrias' score=1.000 nombre=False saint_only=True terr= phase=candidate
2026-07-24 21:50:04 - matching_Stangl_Balmi - DEBUG -     gz_id=1005386 'nutrias' score=1.000 nombre=False saint_only=True terr= phase=candidate
2026-07-24 21:50:04 - matching_Stangl_Balmi - DEBUG -     gz_id=1005415 'santa crus urrecha' score=1.000 nombre=False saint_only=True terr= phase=candidate
2026-07-24 21:50:04 - matching_Stangl_Balmi - DEBUG -     gz_id=1005415 'santa crus urrecha' score=1.000 nombre=False saint_only=True terr= phase=candidate
2026-07-24 21:50:04 - matching_Stangl_Balmi - DEBUG -     gz_id=1005415 'santa crus urrecha' score=1.000 nombre=False saint_only=True terr= phase=candidate
2026-07-24 21:50:04 - matching_Stangl_Balmi - DEBUG -     gz_id=8000009 'santa crus' score=1.000 nombre=False saint_only=False terr= phase=candidate
2026-07-24 21:50:04 - matching_Stangl_Balmi - DEBUG -     gz_id=8000009 'santa crus' score=1.000 nombre=False saint_only=False terr= phase=candidate
2026-07-24 21:50:04 - matching_Stangl_Balmi - DEBUG -     gz_id=5000688 'pachaquiaro' score=1.000 nombre=False saint_only=True terr= phase=candidate
2026-07-24 21:50:04 - matching_Stangl_Balmi - DEBUG -     gz_id=1002217 'amilpas' score=1.000 nombre=False saint_only=True terr= phase=candidate
2026-07-24 21:50:04 - matching_Stangl_Balmi - DEBUG -     gz_id=1002217 'amilpas' score=1.000 nombre=False saint_only=True terr= phase=candidate
2026-07-24 21:50:04 - matching_Stangl_Balmi - DEBUG -     gz_id=1002241 'santa crus mixtepec' score=1.000 nombre=False saint_only=True terr= phase=candidate
2026-07-24 21:50:04 - matching_Stangl_Balmi - DEBUG -     gz_id=1002241 'santa crus mixtepec' score=1.000 nombre=False saint_only=True terr= phase=candidate
2026-07-24 21:50:04 - matching_Stangl_Balmi - DEBUG -     gz_id=1002242 'nejila' score=1.000 nombre=False saint_only=True terr= phase=candidate
2026-07-24 21:50:04 - matching_Stangl_Balmi - DEBUG -     gz_id=1002242 'nejila' score=1.000 nombre=False saint_only=True terr= phase=candidate
2026-07-24 21:50:04 - matching_Stangl_Balmi - DEBUG -     gz_id=1005509 'crus' score=1.000 nombre=False saint_only=False terr= phase=auto_adopt
2026-07-24 21:50:04 - matching_Stangl_Balmi - DEBUG -     gz_id=5000829 'crus' score=1.000 nombre=False saint_only=False terr= phase=candidate
2026-07-24 21:50:04 - matching_Stangl_Balmi - DEBUG -     gz_id=5000829 'crus' score=1.000 nombre=False saint_only=False terr= phase=candidate
2026-07-24 21:50:04 - matching_Stangl_Balmi - DEBUG -     gz_id=5000829 'crus' score=1.000 nombre=False saint_only=False terr= phase=candidate
2026-07-24 21:50:04 - matching_Stangl_Balmi - DEBUG -     gz_id=5000829 'crus' score=1.000 nombre=False saint_only=False terr= phase=candidate
2026-07-24 21:50:04 - matching_Stangl_Balmi - DEBUG -     gz_id=1002321 'jojocotlan' score=1.000 nombre=False saint_only=True terr= phase=candidate
2026-07-24 21:50:04 - matching_Stangl_Balmi - DEBUG -     gz_id=1002321 'jojocotlan' score=1.000 nombre=False saint_only=True terr= phase=candidate
2026-07-24 21:50:04 - matching_Stangl_Balmi - DEBUG -     gz_id=1002321 'jojocotlan' score=1.000 nombre=False saint_only=True terr= phase=candidate
2026-07-24 21:50:04 - matching_Stangl_Balmi - DEBUG -     gz_id=1002321 'jojocotlan' score=1.000 nombre=False saint_only=True terr= phase=candidate
2026-07-24 21:50:04 - matching_Stangl_Balmi - DEBUG -     gz_id=2000098 'socoltenango' score=1.000 nombre=False saint_only=True terr= phase=candidate
2026-07-24 21:50:04 - matching_Stangl_Balmi - DEBUG -     gz_id=2000098 'socoltenango' score=1.000 nombre=False saint_only=True terr= phase=candidate
2026-07-24 21:50:04 - matching_Stangl_Balmi - DEBUG -     gz_id=2000130 'chiquimulilla' score=1.000 nombre=False saint_only=True terr= phase=candidate
2026-07-24 21:50:04 - matching_Stangl_Balmi - DEBUG -     gz_id=2000139 'munchu' score=1.000 nombre=False saint_only=True terr= phase=candidate
2026-07-24 21:50:04 - matching_Stangl_Balmi - DEBUG -     gz_id=2000147 'chol' score=1.000 nombre=False saint_only=True terr= phase=candidate
2026-07-24 21:50:04 - matching_Stangl_Balmi - DEBUG -     gz_id=2000185 'comitan' score=1.000 nombre=False saint_only=True terr= phase=candidate
2026-07-24 21:50:04 - matching_Stangl_Balmi - DEBUG -     gz_id=2000189 'santa crus quiche' score=1.000 nombre=False saint_only=True terr= phase=candidate
2026-07-24 21:50:04 - matching_Stangl_Balmi - DEBUG -     gz_id=5600024 'puna' score=1.000 nombre=False saint_only=True terr= phase=candidate
2026-07-24 21:50:04 - matching_Stangl_Balmi - DEBUG -     gz_id=5600024 'puna' score=1.000 nombre=False saint_only=True terr= phase=candidate
2026-07-24 21:50:04 - matching_Stangl_Balmi - DEBUG -     gz_id=5600024 'puna' score=1.000 nombre=False saint_only=True terr= phase=candidate
2026-07-24 21:50:04 - matching_Stangl_Balmi - DEBUG -     gz_id=1002412 'santa crus' score=1.000 nombre=False saint_only=True terr= phase=candidate
2026-07-24 21:50:04 - matching_Stangl_Balmi - DEBUG -     gz_id=1002412 'santa crus' score=1.000 nombre=False saint_only=True terr= phase=candidate
2026-07-24 21:50:04 - matching_Stangl_Balmi - DEBUG -     gz_id=1002462 'santa crus' score=1.000 nombre=False saint_only=True terr= phase=candidate
2026-07-24 21:50:04 - matching_Stangl_Balmi - DEBUG -     gz_id=1002462 'santa crus' score=1.000 nombre=False saint_only=True terr= phase=candidate
2026-07-24 21:50:04 - matching_Stangl_Balmi - DEBUG -     gz_id=1002468 'tepenixtlahuaca' score=1.000 nombre=False saint_only=True terr= phase=candidate
2026-07-24 21:50:04 - matching_Stangl_Balmi - DEBUG -     gz_id=1002468 'tepenixtlahuaca' score=1.000 nombre=False saint_only=True terr= phase=candidate
2026-07-24 21:50:04 - matching_Stangl_Balmi - DEBUG -     gz_id=1002518 'santa crus osolotepec' score=1.000 nombre=False saint_only=True terr= phase=candidate
2026-07-24 21:50:04 - matching_Stangl_Balmi - DEBUG -     gz_id=1002518 'santa crus osolotepec' score=1.000 nombre=False saint_only=True terr= phase=candidate
2026-07-24 21:50:04 - matching_Stangl_Balmi - DEBUG -     gz_id=1002543 'jitla' score=1.000 nombre=False saint_only=True terr= phase=candidate
2026-07-24 21:50:04 - matching_Stangl_Balmi - DEBUG -     gz_id=1002543 'jitla' score=1.000 nombre=False saint_only=True terr= phase=candidate
2026-07-24 21:50:04 - matching_Stangl_Balmi - DEBUG -     gz_id=2000390 'santa crus lahuna' score=1.000 nombre=False saint_only=True terr= phase=candidate
2026-07-24 21:50:04 - matching_Stangl_Balmi - DEBUG -     gz_id=1002564 'santa crus jilotepec' score=1.000 nombre=False saint_only=True terr= phase=candidate
2026-07-24 21:50:04 - matching_Stangl_Balmi - DEBUG -     gz_id=1002564 'santa crus jilotepec' score=1.000 nombre=False saint_only=True terr= phase=candidate
2026-07-24 21:50:04 - matching_Stangl_Balmi - DEBUG -     gz_id=1002564 'santa crus jilotepec' score=1.000 nombre=False saint_only=True terr= phase=candidate
2026-07-24 21:50:04 - matching_Stangl_Balmi - DEBUG -     gz_id=8000403 'santa crus balle ameno' score=1.000 nombre=False saint_only=True terr= phase=candidate
2026-07-24 21:50:04 - matching_Stangl_Balmi - DEBUG -     gz_id=8000403 'santa crus balle ameno' score=1.000 nombre=False saint_only=True terr= phase=candidate
2026-07-24 21:50:04 - matching_Stangl_Balmi - DEBUG -     gz_id=8000403 'santa crus balle ameno' score=1.000 nombre=False saint_only=True terr= phase=candidate
2026-07-24 21:50:04 - matching_Stangl_Balmi - DEBUG -     gz_id=8000403 'santa crus balle ameno' score=1.000 nombre=False saint_only=True terr= phase=candidate
2026-07-24 21:50:04 - matching_Stangl_Balmi - DEBUG -     gz_id=2000444 'panchimalco' score=1.000 nombre=False saint_only=True terr= phase=candidate
2026-07-24 21:50:04 - matching_Stangl_Balmi - DEBUG -     gz_id=2000444 'panchimalco' score=1.000 nombre=False saint_only=True terr= phase=candidate
2026-07-24 21:50:04 - matching_Stangl_Balmi - DEBUG -     gz_id=1002612 'santa crus' score=1.000 nombre=False saint_only=True terr= phase=candidate
2026-07-24 21:50:04 - matching_Stangl_Balmi - DEBUG -     gz_id=1002612 'santa crus' score=1.000 nombre=False saint_only=True terr= phase=candidate
2026-07-24 21:50:04 - matching_Stangl_Balmi - DEBUG -     gz_id=5600159 'crus' score=1.000 nombre=False saint_only=False terr= phase=auto_adopt
2026-07-24 21:50:04 - matching_Stangl_Balmi - DEBUG -     gz_id=5600159 'crus' score=1.000 nombre=False saint_only=False terr= phase=auto_adopt
2026-07-24 21:50:04 - matching_Stangl_Balmi - DEBUG -     gz_id=5600159 'crus' score=1.000 nombre=False saint_only=False terr= phase=auto_adopt
2026-07-24 21:50:04 - matching_Stangl_Balmi - DEBUG -     gz_id=1002690 'santa crus' score=1.000 nombre=True saint_only=False terr= phase=auto_adopt
2026-07-24 21:50:04 - matching_Stangl_Balmi - DEBUG -     gz_id=1002690 'santa crus' score=1.000 nombre=True saint_only=False terr= phase=auto_adopt
2026-07-24 21:50:04 - matching_Stangl_Balmi - DEBUG -     gz_id=5600207 'crus' score=1.000 nombre=False saint_only=False terr= phase=auto_adopt
2026-07-24 21:50:04 - matching_Stangl_Balmi - DEBUG -     gz_id=5600207 'crus' score=1.000 nombre=False saint_only=False terr= phase=auto_adopt
2026-07-24 21:50:04 - matching_Stangl_Balmi - DEBUG -     gz_id=5600207 'crus' score=1.000 nombre=False saint_only=False terr= phase=auto_adopt
2026-07-24 21:50:04 - matching_Stangl_Balmi - DEBUG -     gz_id=1002750 'censontepec' score=1.000 nombre=False saint_only=True terr= phase=candidate
2026-07-24 21:50:04 - matching_Stangl_Balmi - DEBUG -     gz_id=1002750 'censontepec' score=1.000 nombre=False saint_only=True terr= phase=candidate
2026-07-24 21:50:04 - matching_Stangl_Balmi - DEBUG -     gz_id=1002770 'capulalpam' score=1.000 nombre=False saint_only=True terr= phase=candidate
2026-07-24 21:50:04 - matching_Stangl_Balmi - DEBUG -     gz_id=1002770 'capulalpam' score=1.000 nombre=False saint_only=True terr= phase=candidate
2026-07-24 21:50:04 - matching_Stangl_Balmi - DEBUG -     gz_id=1002784 'itundujia' score=1.000 nombre=False saint_only=True terr= phase=candidate
2026-07-24 21:50:04 - matching_Stangl_Balmi - DEBUG -     gz_id=1002784 'itundujia' score=1.000 nombre=False saint_only=True terr= phase=candidate
2026-07-24 21:50:04 - matching_Stangl_Balmi - DEBUG -     gz_id=1002802 'nundaco' score=1.000 nombre=False saint_only=True terr= phase=candidate
2026-07-24 21:50:04 - matching_Stangl_Balmi - DEBUG -     gz_id=1002802 'nundaco' score=1.000 nombre=False saint_only=True terr= phase=candidate
2026-07-24 21:50:04 - matching_Stangl_Balmi - DEBUG -     gz_id=1002826 'santa crus' score=1.000 nombre=True saint_only=False terr= phase=auto_adopt
2026-07-24 21:50:04 - matching_Stangl_Balmi - DEBUG -     gz_id=1002826 'santa crus' score=1.000 nombre=True saint_only=False terr= phase=auto_adopt
2026-07-24 21:50:04 - matching_Stangl_Balmi - DEBUG -     gz_id=1002839 'tacahua' score=1.000 nombre=False saint_only=True terr= phase=candidate
2026-07-24 21:50:04 - matching_Stangl_Balmi - DEBUG -     gz_id=1002839 'tacahua' score=1.000 nombre=False saint_only=True terr= phase=candidate
2026-07-24 21:50:04 - matching_Stangl_Balmi - DEBUG -     gz_id=1002843 'taiata' score=1.000 nombre=False saint_only=True terr= phase=candidate
2026-07-24 21:50:04 - matching_Stangl_Balmi - DEBUG -     gz_id=1002843 'taiata' score=1.000 nombre=False saint_only=True terr= phase=candidate
2026-07-24 21:50:04 - matching_Stangl_Balmi - DEBUG -     gz_id=8000680 'santa crus' score=1.000 nombre=False saint_only=True terr= phase=candidate
2026-07-24 21:50:04 - matching_Stangl_Balmi - DEBUG -     gz_id=8000680 'santa crus' score=1.000 nombre=False saint_only=True terr= phase=candidate
2026-07-24 21:50:04 - matching_Stangl_Balmi - DEBUG -     gz_id=8000680 'santa crus' score=1.000 nombre=False saint_only=True terr= phase=candidate
2026-07-24 21:50:04 - matching_Stangl_Balmi - DEBUG -     gz_id=5600304 'santa crus mumus' score=1.000 nombre=False saint_only=True terr= phase=candidate
2026-07-24 21:50:04 - matching_Stangl_Balmi - DEBUG -     gz_id=5600304 'santa crus mumus' score=1.000 nombre=False saint_only=True terr= phase=candidate
2026-07-24 21:50:04 - matching_Stangl_Balmi - DEBUG -     gz_id=1002912 'santa crus' score=1.000 nombre=False saint_only=True terr= phase=candidate
2026-07-24 21:50:04 - matching_Stangl_Balmi - DEBUG -     gz_id=1002912 'santa crus' score=1.000 nombre=False saint_only=True terr= phase=candidate
2026-07-24 21:50:04 - matching_Stangl_Balmi - DEBUG -     gz_id=1002920 'tepetotutla' score=1.000 nombre=False saint_only=True terr= phase=candidate
2026-07-24 21:50:04 - matching_Stangl_Balmi - DEBUG -     gz_id=1002920 'tepetotutla' score=1.000 nombre=False saint_only=True terr= phase=candidate
2026-07-24 21:50:04 - matching_Stangl_Balmi - DEBUG -     gz_id=1002920 'tepetotutla' score=1.000 nombre=False saint_only=True terr= phase=candidate
2026-07-24 21:50:04 - matching_Stangl_Balmi - DEBUG -     gz_id=5600024 'puna' score=1.000 nombre=False saint_only=True terr= phase=candidate
2026-07-24 21:50:04 - matching_Stangl_Balmi - DEBUG -     gz_id=5600024 'puna' score=1.000 nombre=False saint_only=True terr= phase=candidate
2026-07-24 21:50:04 - matching_Stangl_Balmi - DEBUG -     gz_id=5600024 'puna' score=1.000 nombre=False saint_only=True terr= phase=candidate
2026-07-24 21:50:04 - matching_Stangl_Balmi - DEBUG -     gz_id=1003012 'iagabila' score=1.000 nombre=False saint_only=True terr= phase=candidate
2026-07-24 21:50:04 - matching_Stangl_Balmi - DEBUG -     gz_id=1003012 'iagabila' score=1.000 nombre=False saint_only=True terr= phase=candidate
2026-07-24 21:50:04 - matching_Stangl_Balmi - DEBUG -     gz_id=9000052 'quilmes' score=1.000 nombre=False saint_only=True terr= phase=candidate
2026-07-24 21:50:04 - matching_Stangl_Balmi - DEBUG -     gz_id=9000052 'quilmes' score=1.000 nombre=False saint_only=True terr= phase=candidate
2026-07-24 21:50:04 - matching_Stangl_Balmi - DEBUG -     gz_id=9000052 'quilmes' score=1.000 nombre=False saint_only=True terr= phase=candidate
2026-07-24 21:50:04 - matching_Stangl_Balmi - DEBUG -     gz_id=1003056 'papalutla' score=1.000 nombre=False saint_only=True terr= phase=candidate
2026-07-24 21:50:04 - matching_Stangl_Balmi - DEBUG -     gz_id=1003056 'papalutla' score=1.000 nombre=False saint_only=True terr= phase=candidate
2026-07-24 21:50:04 - matching_Stangl_Balmi - DEBUG -     gz_id=1003094 'santa crus nueba' score=1.000 nombre=False saint_only=True terr= phase=candidate
2026-07-24 21:50:04 - matching_Stangl_Balmi - DEBUG -     gz_id=1003094 'santa crus nueba' score=1.000 nombre=False saint_only=True terr= phase=candidate
2026-07-24 21:50:04 - matching_Stangl_Balmi - DEBUG -     gz_id=1003098 'tejalpa' score=1.000 nombre=False saint_only=True terr= phase=candidate
2026-07-24 21:50:04 - matching_Stangl_Balmi - DEBUG -     gz_id=1003098 'tejalpa' score=1.000 nombre=False saint_only=True terr= phase=candidate
2026-07-24 21:50:04 - matching_Stangl_Balmi - DEBUG -     gz_id=9000191 'crus' score=1.000 nombre=False saint_only=False terr= phase=candidate
2026-07-24 21:50:04 - matching_Stangl_Balmi - DEBUG -     gz_id=9000191 'crus' score=1.000 nombre=False saint_only=False terr= phase=candidate
2026-07-24 21:50:04 - matching_Stangl_Balmi - DEBUG -     gz_id=9000191 'crus' score=1.000 nombre=False saint_only=False terr= phase=candidate
2026-07-24 21:50:04 - matching_Stangl_Balmi - DEBUG -     gz_id=9000191 'crus' score=1.000 nombre=False saint_only=False terr= phase=candidate
2026-07-24 21:50:04 - matching_Stangl_Balmi - DEBUG -     gz_id=9000191 'crus' score=1.000 nombre=False saint_only=False terr= phase=candidate
2026-07-24 21:50:04 - matching_Stangl_Balmi - DEBUG -     gz_id=9000191 'crus' score=1.000 nombre=False saint_only=False terr= phase=candidate
2026-07-24 21:50:04 - matching_Stangl_Balmi - DEBUG -     gz_id=5600450 'crus' score=1.000 nombre=False saint_only=False terr= phase=auto_adopt
2026-07-24 21:50:04 - matching_Stangl_Balmi - DEBUG -     gz_id=5600450 'crus' score=1.000 nombre=False saint_only=False terr= phase=auto_adopt
2026-07-24 21:50:04 - matching_Stangl_Balmi - DEBUG -     gz_id=5600450 'crus' score=1.000 nombre=False saint_only=False terr= phase=auto_adopt
2026-07-24 21:50:04 - matching_Stangl_Balmi - DEBUG -     gz_id=9000191 'crus' score=1.000 nombre=False saint_only=False terr= phase=candidate
2026-07-24 21:50:04 - matching_Stangl_Balmi - DEBUG -     gz_id=3000065 'santa crus pinos' score=1.000 nombre=False saint_only=True terr= phase=candidate
2026-07-24 21:50:04 - matching_Stangl_Balmi - DEBUG -     gz_id=3000065 'santa crus pinos' score=1.000 nombre=False saint_only=True terr= phase=candidate
2026-07-24 21:50:04 - matching_Stangl_Balmi - DEBUG -     gz_id=3000065 'santa crus pinos' score=1.000 nombre=False saint_only=True terr= phase=candidate
2026-07-24 21:50:04 - matching_Stangl_Balmi - DEBUG -     gz_id=3000065 'santa crus pinos' score=1.000 nombre=False saint_only=True terr= phase=candidate
2026-07-24 21:50:04 - matching_Stangl_Balmi - DEBUG -     gz_id=9900144 'santa juana crus' score=0.889 nombre=False saint_only=False terr= phase=candidate
2026-07-24 21:50:04 - matching_Stangl_Balmi - DEBUG -     gz_id=9900144 'santa juana crus' score=0.889 nombre=False saint_only=False terr= phase=candidate
2026-07-24 21:50:04 - matching_Stangl_Balmi - DEBUG -     gz_id=9900144 'santa juana crus' score=0.889 nombre=False saint_only=False terr= phase=candidate
2026-07-24 21:50:04 - matching_Stangl_Balmi - DEBUG -     gz_id=9900144 'santa juana crus' score=0.889 nombre=False saint_only=False terr= phase=candidate
2026-07-24 21:50:04 - matching_Stangl_Balmi - DEBUG -     gz_id=9900144 'santa juana crus' score=0.889 nombre=False saint_only=False terr= phase=candidate
2026-07-24 21:50:04 - matching_Stangl_Balmi - DEBUG -     gz_id=9900144 'santa juana crus' score=0.889 nombre=False saint_only=False terr= phase=candidate
2026-07-24 21:50:04 - matching_Stangl_Balmi - DEBUG -     gz_id=9000023 'santa fe' score=0.857 nombre=False saint_only=False terr= phase=candidate
2026-07-24 21:50:04 - matching_Stangl_Balmi - DEBUG -     gz_id=9000023 'santa fe' score=0.857 nombre=False saint_only=False terr= phase=candidate
2026-07-24 21:50:04 - matching_Stangl_Balmi - DEBUG -     gz_id=9000023 'santa fe' score=0.857 nombre=False saint_only=False terr= phase=candidate
2026-07-24 21:50:04 - matching_Stangl_Balmi - DEBUG -     gz_id=7000376 'san cebastian crus' score=0.824 nombre=False saint_only=False terr= phase=relegated
2026-07-24 21:50:04 - matching_Stangl_Balmi - DEBUG -     gz_id=7000376 'san cebastian crus' score=0.824 nombre=False saint_only=False terr= phase=relegated
2026-07-24 21:50:04 - matching_Stangl_Balmi - DEBUG -     gz_id=7000376 'san cebastian crus' score=0.824 nombre=False saint_only=False terr= phase=relegated
2026-07-24 21:50:04 - matching_Stangl_Balmi - DEBUG -     gz_id=9000733 'canada crus' score=0.800 nombre=False saint_only=False terr= phase=relegated
2026-07-24 21:50:04 - matching_Stangl_Balmi - DEBUG -     gz_id=9000733 'canada crus' score=0.800 nombre=False saint_only=False terr= phase=relegated
2026-07-24 21:50:04 - matching_Stangl_Balmi - DEBUG -     gz_id=9000733 'canada crus' score=0.800 nombre=False saint_only=False terr= phase=relegated
2026-07-24 21:50:04 - matching_Stangl_Balmi - DEBUG -     gz_id=9000121 'capilla cenor' score=0.800 nombre=False saint_only=False terr= phase=relegated
2026-07-24 21:50:04 - matching_Stangl_Balmi - DEBUG -     gz_id=9000121 'capilla cenor' score=0.800 nombre=False saint_only=False terr= phase=relegated
2026-07-24 21:50:04 - matching_Stangl_Balmi - DEBUG -     gz_id=9000121 'capilla cenor' score=0.800 nombre=False saint_only=False terr= phase=relegated
2026-07-24 21:50:04 - matching_Stangl_Balmi - DEBUG -     gz_id=5000879 'llanos crus' score=0.750 nombre=False saint_only=False terr= phase=relegated
2026-07-24 21:50:04 - matching_Stangl_Balmi - INFO -   Before dedup: 412 candidates
2026-07-24 21:50:04 - matching_Stangl_Balmi - INFO -   After dedup: 148 unique gz_ids
2026-07-24 21:50:04 - matching_Stangl_Balmi - INFO -   Dropped 148 territory-contradicting candidates
2026-07-24 21:50:04 - matching_Stangl_Balmi - INFO -   Input has territorial data: True
2026-07-24 21:50:04 - matching_Stangl_Balmi - INFO -   Candidates with territory match: 0
2026-07-24 21:50:04 - matching_Stangl_Balmi - INFO -   No territorial filtering applied (no matching territories found)
2026-07-24 21:50:04 - matching_Stangl_Balmi - INFO -   Nombre matches (exact on lugar_nombre): 0
2026-07-24 21:50:04 - matching_Stangl_Balmi - INFO -   Saint-only matches: 0
2026-07-24 21:50:04 - matching_Stangl_Balmi - INFO -   Substantive matches: 0
2026-07-24 21:50:04 - matching_Stangl_Balmi - INFO -   Candidate pool (>= threshold): 0
2026-07-24 21:50:04 - matching_Stangl_Balmi - WARNING -   No candidate above threshold - relegated
2026-07-24 21:50:04 - matching_Stangl_Balmi - INFO - Processing row 100, rowID=101
2026-07-24 21:50:04 - matching_Stangl_Balmi - INFO - 
============================================================
2026-07-24 21:50:04 - matching_Stangl_Balmi - INFO - Processing rowID=101: 'Santa Cruz' -> cleaned: 'santa crus'
2026-07-24 21:50:04 - matching_Stangl_Balmi - INFO -   Token-based candidates: 3028
2026-07-24 21:50:04 - matching_Stangl_Balmi - INFO -   Filtering: need match on substantive tokens: ['crus'] OR 2+ total tokens
2026-07-24 21:50:05 - matching_Stangl_Balmi - INFO -   After filtering weak token matches: 421 candidates
2026-07-24 21:50:05 - matching_Stangl_Balmi - INFO -   Fuzzy matches (score >= 70, limit=500): 412
2026-07-24 21:50:05 - matching_Stangl_Balmi - DEBUG -     gz_id=1000066 'tepic' score=1.000 nombre=False saint_only=True terr= phase=candidate
2026-07-24 21:50:05 - matching_Stangl_Balmi - DEBUG -     gz_id=1000066 'tepic' score=1.000 nombre=False saint_only=True terr= phase=candidate
2026-07-24 21:50:05 - matching_Stangl_Balmi - DEBUG -     gz_id=3000163 'capoli' score=1.000 nombre=False saint_only=False terr= phase=candidate
2026-07-24 21:50:05 - matching_Stangl_Balmi - DEBUG -     gz_id=3000193 'baiamon' score=1.000 nombre=False saint_only=True terr= phase=candidate
2026-07-24 21:50:05 - matching_Stangl_Balmi - DEBUG -     gz_id=3000193 'baiamon' score=1.000 nombre=False saint_only=True terr= phase=candidate
2026-07-24 21:50:05 - matching_Stangl_Balmi - DEBUG -     gz_id=3000193 'baiamon' score=1.000 nombre=False saint_only=True terr= phase=candidate
2026-07-24 21:50:05 - matching_Stangl_Balmi - DEBUG -     gz_id=3000231 'ceibo' score=1.000 nombre=False saint_only=True terr= phase=candidate
2026-07-24 21:50:05 - matching_Stangl_Balmi - DEBUG -     gz_id=3000231 'ceibo' score=1.000 nombre=False saint_only=True terr= phase=candidate
2026-07-24 21:50:05 - matching_Stangl_Balmi - DEBUG -     gz_id=1000207 'matatan' score=1.000 nombre=False saint_only=True terr= phase=candidate
2026-07-24 21:50:05 - matching_Stangl_Balmi - DEBUG -     gz_id=1000207 'matatan' score=1.000 nombre=False saint_only=True terr= phase=candidate
2026-07-24 21:50:05 - matching_Stangl_Balmi - DEBUG -     gz_id=1000207 'matatan' score=1.000 nombre=False saint_only=True terr= phase=candidate
2026-07-24 21:50:05 - matching_Stangl_Balmi - DEBUG -     gz_id=1000207 'matatan' score=1.000 nombre=False saint_only=True terr= phase=candidate
2026-07-24 21:50:05 - matching_Stangl_Balmi - DEBUG -     gz_id=1000207 'matatan' score=1.000 nombre=False saint_only=True terr= phase=candidate
2026-07-24 21:50:05 - matching_Stangl_Balmi - DEBUG -     gz_id=1003514 'santa crus' score=1.000 nombre=False saint_only=True terr= phase=candidate
2026-07-24 21:50:05 - matching_Stangl_Balmi - DEBUG -     gz_id=1003514 'santa crus' score=1.000 nombre=False saint_only=True terr= phase=candidate
2026-07-24 21:50:05 - matching_Stangl_Balmi - DEBUG -     gz_id=5600673 'crus' score=1.000 nombre=False saint_only=False terr= phase=auto_adopt
2026-07-24 21:50:05 - matching_Stangl_Balmi - DEBUG -     gz_id=5600673 'crus' score=1.000 nombre=False saint_only=False terr= phase=auto_adopt
2026-07-24 21:50:05 - matching_Stangl_Balmi - DEBUG -     gz_id=5600673 'crus' score=1.000 nombre=False saint_only=False terr= phase=auto_adopt
2026-07-24 21:50:05 - matching_Stangl_Balmi - DEBUG -     gz_id=1003573 'tlacotepec' score=1.000 nombre=False saint_only=True terr= phase=candidate
2026-07-24 21:50:05 - matching_Stangl_Balmi - DEBUG -     gz_id=1003573 'tlacotepec' score=1.000 nombre=False saint_only=True terr= phase=candidate
2026-07-24 21:50:05 - matching_Stangl_Balmi - DEBUG -     gz_id=1003573 'tlacotepec' score=1.000 nombre=False saint_only=True terr= phase=candidate
2026-07-24 21:50:05 - matching_Stangl_Balmi - DEBUG -     gz_id=1003600 'huiciltepec' score=1.000 nombre=False saint_only=True terr= phase=candidate
2026-07-24 21:50:05 - matching_Stangl_Balmi - DEBUG -     gz_id=1003600 'huiciltepec' score=1.000 nombre=False saint_only=True terr= phase=candidate
2026-07-24 21:50:05 - matching_Stangl_Balmi - DEBUG -     gz_id=1000313 'santa crus' score=1.000 nombre=False saint_only=True terr= phase=candidate
2026-07-24 21:50:05 - matching_Stangl_Balmi - DEBUG -     gz_id=1000313 'santa crus' score=1.000 nombre=False saint_only=True terr= phase=candidate
2026-07-24 21:50:05 - matching_Stangl_Balmi - DEBUG -     gz_id=1000313 'santa crus' score=1.000 nombre=False saint_only=True terr= phase=candidate
2026-07-24 21:50:05 - matching_Stangl_Balmi - DEBUG -     gz_id=1000313 'santa crus' score=1.000 nombre=False saint_only=True terr= phase=candidate
2026-07-24 21:50:05 - matching_Stangl_Balmi - DEBUG -     gz_id=1000313 'santa crus' score=1.000 nombre=False saint_only=True terr= phase=candidate
2026-07-24 21:50:05 - matching_Stangl_Balmi - DEBUG -     gz_id=4000052 'arahua' score=1.000 nombre=False saint_only=True terr= phase=candidate
2026-07-24 21:50:05 - matching_Stangl_Balmi - DEBUG -     gz_id=4000052 'arahua' score=1.000 nombre=False saint_only=True terr= phase=candidate
2026-07-24 21:50:05 - matching_Stangl_Balmi - DEBUG -     gz_id=4000052 'arahua' score=1.000 nombre=False saint_only=True terr= phase=candidate
2026-07-24 21:50:05 - matching_Stangl_Balmi - DEBUG -     gz_id=1000351 'santa crus' score=1.000 nombre=True saint_only=False terr= phase=auto_adopt
2026-07-24 21:50:05 - matching_Stangl_Balmi - DEBUG -     gz_id=1000351 'santa crus' score=1.000 nombre=True saint_only=False terr= phase=auto_adopt
2026-07-24 21:50:05 - matching_Stangl_Balmi - DEBUG -     gz_id=4000064 'caucahua' score=1.000 nombre=False saint_only=False terr= phase=candidate
2026-07-24 21:50:05 - matching_Stangl_Balmi - DEBUG -     gz_id=4000064 'caucahua' score=1.000 nombre=False saint_only=False terr= phase=candidate
2026-07-24 21:50:05 - matching_Stangl_Balmi - DEBUG -     gz_id=4000064 'caucahua' score=1.000 nombre=False saint_only=False terr= phase=candidate
2026-07-24 21:50:05 - matching_Stangl_Balmi - DEBUG -     gz_id=4000064 'caucahua' score=1.000 nombre=False saint_only=False terr= phase=candidate
2026-07-24 21:50:05 - matching_Stangl_Balmi - DEBUG -     gz_id=4000064 'caucahua' score=1.000 nombre=False saint_only=False terr= phase=candidate
2026-07-24 21:50:05 - matching_Stangl_Balmi - DEBUG -     gz_id=4000064 'caucahua' score=1.000 nombre=False saint_only=False terr= phase=candidate
2026-07-24 21:50:05 - matching_Stangl_Balmi - DEBUG -     gz_id=1003745 'cuautomatitla' score=1.000 nombre=False saint_only=True terr= phase=candidate
2026-07-24 21:50:05 - matching_Stangl_Balmi - DEBUG -     gz_id=1003745 'cuautomatitla' score=1.000 nombre=False saint_only=True terr= phase=candidate
2026-07-24 21:50:05 - matching_Stangl_Balmi - DEBUG -     gz_id=1003745 'cuautomatitla' score=1.000 nombre=False saint_only=True terr= phase=candidate
2026-07-24 21:50:05 - matching_Stangl_Balmi - DEBUG -     gz_id=1000388 'papagarame' score=1.000 nombre=False saint_only=True terr= phase=candidate
2026-07-24 21:50:05 - matching_Stangl_Balmi - DEBUG -     gz_id=1000388 'papagarame' score=1.000 nombre=False saint_only=True terr= phase=candidate
2026-07-24 21:50:05 - matching_Stangl_Balmi - DEBUG -     gz_id=1000395 'nasas' score=1.000 nombre=False saint_only=True terr= phase=candidate
2026-07-24 21:50:05 - matching_Stangl_Balmi - DEBUG -     gz_id=1000395 'nasas' score=1.000 nombre=False saint_only=True terr= phase=candidate
2026-07-24 21:50:05 - matching_Stangl_Balmi - DEBUG -     gz_id=1000395 'nasas' score=1.000 nombre=False saint_only=True terr= phase=candidate
2026-07-24 21:50:05 - matching_Stangl_Balmi - DEBUG -     gz_id=1000498 'santa crus' score=1.000 nombre=True saint_only=False terr= phase=auto_adopt
2026-07-24 21:50:05 - matching_Stangl_Balmi - DEBUG -     gz_id=1000498 'santa crus' score=1.000 nombre=True saint_only=False terr= phase=auto_adopt
2026-07-24 21:50:05 - matching_Stangl_Balmi - DEBUG -     gz_id=9900004 'santa crus' score=1.000 nombre=True saint_only=False terr= phase=auto_adopt
2026-07-24 21:50:05 - matching_Stangl_Balmi - DEBUG -     gz_id=1003880 'santa crus' score=1.000 nombre=True saint_only=False terr= phase=auto_adopt
2026-07-24 21:50:05 - matching_Stangl_Balmi - DEBUG -     gz_id=1003880 'santa crus' score=1.000 nombre=True saint_only=False terr= phase=auto_adopt
2026-07-24 21:50:05 - matching_Stangl_Balmi - DEBUG -     gz_id=1003880 'santa crus' score=1.000 nombre=True saint_only=False terr= phase=auto_adopt
2026-07-24 21:50:05 - matching_Stangl_Balmi - DEBUG -     gz_id=1003880 'santa crus' score=1.000 nombre=True saint_only=False terr= phase=auto_adopt
2026-07-24 21:50:05 - matching_Stangl_Balmi - DEBUG -     gz_id=1003880 'santa crus' score=1.000 nombre=True saint_only=False terr= phase=auto_adopt
2026-07-24 21:50:05 - matching_Stangl_Balmi - DEBUG -     gz_id=4000141 'huarico' score=1.000 nombre=False saint_only=True terr= phase=candidate
2026-07-24 21:50:05 - matching_Stangl_Balmi - DEBUG -     gz_id=4000141 'huarico' score=1.000 nombre=False saint_only=True terr= phase=candidate
2026-07-24 21:50:05 - matching_Stangl_Balmi - DEBUG -     gz_id=4000141 'huarico' score=1.000 nombre=False saint_only=True terr= phase=candidate
2026-07-24 21:50:05 - matching_Stangl_Balmi - DEBUG -     gz_id=4000141 'huarico' score=1.000 nombre=False saint_only=True terr= phase=candidate
2026-07-24 21:50:05 - matching_Stangl_Balmi - DEBUG -     gz_id=4000141 'huarico' score=1.000 nombre=False saint_only=True terr= phase=candidate
2026-07-24 21:50:05 - matching_Stangl_Balmi - DEBUG -     gz_id=4000141 'huarico' score=1.000 nombre=False saint_only=True terr= phase=candidate
2026-07-24 21:50:05 - matching_Stangl_Balmi - DEBUG -     gz_id=1000530 'camotlan' score=1.000 nombre=False saint_only=True terr= phase=candidate
2026-07-24 21:50:05 - matching_Stangl_Balmi - DEBUG -     gz_id=1000530 'camotlan' score=1.000 nombre=False saint_only=True terr= phase=candidate
2026-07-24 21:50:05 - matching_Stangl_Balmi - DEBUG -     gz_id=1000530 'camotlan' score=1.000 nombre=False saint_only=True terr= phase=candidate
2026-07-24 21:50:05 - matching_Stangl_Balmi - DEBUG -     gz_id=9900039 'charcas' score=1.000 nombre=False saint_only=True terr= phase=candidate
2026-07-24 21:50:05 - matching_Stangl_Balmi - DEBUG -     gz_id=9900039 'charcas' score=1.000 nombre=False saint_only=True terr= phase=candidate
2026-07-24 21:50:05 - matching_Stangl_Balmi - DEBUG -     gz_id=9900039 'charcas' score=1.000 nombre=False saint_only=True terr= phase=candidate
2026-07-24 21:50:05 - matching_Stangl_Balmi - DEBUG -     gz_id=9900039 'charcas' score=1.000 nombre=False saint_only=True terr= phase=candidate
2026-07-24 21:50:05 - matching_Stangl_Balmi - DEBUG -     gz_id=1000546 'santa crus cocula' score=1.000 nombre=False saint_only=True terr= phase=candidate
2026-07-24 21:50:05 - matching_Stangl_Balmi - DEBUG -     gz_id=1000546 'santa crus cocula' score=1.000 nombre=False saint_only=True terr= phase=candidate
2026-07-24 21:50:05 - matching_Stangl_Balmi - DEBUG -     gz_id=1000555 'santa crus soledad' score=1.000 nombre=False saint_only=True terr= phase=candidate
2026-07-24 21:50:05 - matching_Stangl_Balmi - DEBUG -     gz_id=1000555 'santa crus soledad' score=1.000 nombre=False saint_only=True terr= phase=candidate
2026-07-24 21:50:05 - matching_Stangl_Balmi - DEBUG -     gz_id=1003912 'santa crus' score=1.000 nombre=True saint_only=False terr= phase=auto_adopt
2026-07-24 21:50:05 - matching_Stangl_Balmi - DEBUG -     gz_id=1003912 'santa crus' score=1.000 nombre=True saint_only=False terr= phase=auto_adopt
2026-07-24 21:50:05 - matching_Stangl_Balmi - DEBUG -     gz_id=1003912 'santa crus' score=1.000 nombre=True saint_only=False terr= phase=auto_adopt
2026-07-24 21:50:05 - matching_Stangl_Balmi - DEBUG -     gz_id=1003912 'santa crus' score=1.000 nombre=True saint_only=False terr= phase=auto_adopt
2026-07-24 21:50:05 - matching_Stangl_Balmi - DEBUG -     gz_id=1003912 'santa crus' score=1.000 nombre=True saint_only=False terr= phase=auto_adopt
2026-07-24 21:50:05 - matching_Stangl_Balmi - DEBUG -     gz_id=1000607 'santa crus' score=1.000 nombre=True saint_only=False terr= phase=auto_adopt
2026-07-24 21:50:05 - matching_Stangl_Balmi - DEBUG -     gz_id=1000607 'santa crus' score=1.000 nombre=True saint_only=False terr= phase=auto_adopt
2026-07-24 21:50:05 - matching_Stangl_Balmi - DEBUG -     gz_id=1000619 'santa crus' score=1.000 nombre=True saint_only=False terr= phase=auto_adopt
2026-07-24 21:50:05 - matching_Stangl_Balmi - DEBUG -     gz_id=1000619 'santa crus' score=1.000 nombre=True saint_only=False terr= phase=auto_adopt
2026-07-24 21:50:05 - matching_Stangl_Balmi - DEBUG -     gz_id=4000203 'huatire' score=1.000 nombre=False saint_only=True terr= phase=candidate
2026-07-24 21:50:05 - matching_Stangl_Balmi - DEBUG -     gz_id=4000203 'huatire' score=1.000 nombre=False saint_only=True terr= phase=candidate
2026-07-24 21:50:05 - matching_Stangl_Balmi - DEBUG -     gz_id=4000203 'huatire' score=1.000 nombre=False saint_only=True terr= phase=candidate
2026-07-24 21:50:05 - matching_Stangl_Balmi - DEBUG -     gz_id=4000203 'huatire' score=1.000 nombre=False saint_only=True terr= phase=candidate
2026-07-24 21:50:05 - matching_Stangl_Balmi - DEBUG -     gz_id=4000203 'huatire' score=1.000 nombre=False saint_only=True terr= phase=candidate
2026-07-24 21:50:05 - matching_Stangl_Balmi - DEBUG -     gz_id=4000203 'huatire' score=1.000 nombre=False saint_only=True terr= phase=candidate
2026-07-24 21:50:05 - matching_Stangl_Balmi - DEBUG -     gz_id=4000209 'macaira' score=1.000 nombre=False saint_only=True terr= phase=candidate
2026-07-24 21:50:05 - matching_Stangl_Balmi - DEBUG -     gz_id=4000209 'macaira' score=1.000 nombre=False saint_only=True terr= phase=candidate
2026-07-24 21:50:05 - matching_Stangl_Balmi - DEBUG -     gz_id=4000209 'macaira' score=1.000 nombre=False saint_only=True terr= phase=candidate
2026-07-24 21:50:05 - matching_Stangl_Balmi - DEBUG -     gz_id=1000671 'santa crus' score=1.000 nombre=True saint_only=False terr= phase=auto_adopt
2026-07-24 21:50:05 - matching_Stangl_Balmi - DEBUG -     gz_id=1000671 'santa crus' score=1.000 nombre=True saint_only=False terr= phase=auto_adopt
2026-07-24 21:50:05 - matching_Stangl_Balmi - DEBUG -     gz_id=1000676 'baltierrilla' score=1.000 nombre=False saint_only=True terr= phase=candidate
2026-07-24 21:50:05 - matching_Stangl_Balmi - DEBUG -     gz_id=1000676 'baltierrilla' score=1.000 nombre=False saint_only=True terr= phase=candidate
2026-07-24 21:50:05 - matching_Stangl_Balmi - DEBUG -     gz_id=1003968 'nacori' score=1.000 nombre=False saint_only=True terr= phase=candidate
2026-07-24 21:50:05 - matching_Stangl_Balmi - DEBUG -     gz_id=1003968 'nacori' score=1.000 nombre=False saint_only=True terr= phase=candidate
2026-07-24 21:50:05 - matching_Stangl_Balmi - DEBUG -     gz_id=1003968 'nacori' score=1.000 nombre=False saint_only=True terr= phase=candidate
2026-07-24 21:50:05 - matching_Stangl_Balmi - DEBUG -     gz_id=1003968 'nacori' score=1.000 nombre=False saint_only=True terr= phase=candidate
2026-07-24 21:50:05 - matching_Stangl_Balmi - DEBUG -     gz_id=1003968 'nacori' score=1.000 nombre=False saint_only=True terr= phase=candidate
2026-07-24 21:50:05 - matching_Stangl_Balmi - DEBUG -     gz_id=1003968 'nacori' score=1.000 nombre=False saint_only=True terr= phase=candidate
2026-07-24 21:50:05 - matching_Stangl_Balmi - DEBUG -     gz_id=1003968 'nacori' score=1.000 nombre=False saint_only=True terr= phase=candidate
2026-07-24 21:50:05 - matching_Stangl_Balmi - DEBUG -     gz_id=4000267 'nogal' score=1.000 nombre=False saint_only=True terr= phase=candidate
2026-07-24 21:50:05 - matching_Stangl_Balmi - DEBUG -     gz_id=9900238 'cibolo' score=1.000 nombre=False saint_only=True terr= phase=candidate
2026-07-24 21:50:05 - matching_Stangl_Balmi - DEBUG -     gz_id=9900238 'cibolo' score=1.000 nombre=False saint_only=True terr= phase=candidate
2026-07-24 21:50:05 - matching_Stangl_Balmi - DEBUG -     gz_id=9900238 'cibolo' score=1.000 nombre=False saint_only=True terr= phase=candidate
2026-07-24 21:50:05 - matching_Stangl_Balmi - DEBUG -     gz_id=9900238 'cibolo' score=1.000 nombre=False saint_only=True terr= phase=candidate
2026-07-24 21:50:05 - matching_Stangl_Balmi - DEBUG -     gz_id=1000851 'atoiac' score=1.000 nombre=False saint_only=True terr= phase=candidate
2026-07-24 21:50:05 - matching_Stangl_Balmi - DEBUG -     gz_id=1000851 'atoiac' score=1.000 nombre=False saint_only=True terr= phase=candidate
2026-07-24 21:50:05 - matching_Stangl_Balmi - DEBUG -     gz_id=1000851 'atoiac' score=1.000 nombre=False saint_only=True terr= phase=candidate
2026-07-24 21:50:05 - matching_Stangl_Balmi - DEBUG -     gz_id=1000851 'atoiac' score=1.000 nombre=False saint_only=True terr= phase=candidate
2026-07-24 21:50:05 - matching_Stangl_Balmi - DEBUG -     gz_id=6000527 'santa crus' score=1.000 nombre=True saint_only=False terr= phase=auto_adopt
2026-07-24 21:50:05 - matching_Stangl_Balmi - DEBUG -     gz_id=6000527 'santa crus' score=1.000 nombre=True saint_only=False terr= phase=auto_adopt
2026-07-24 21:50:05 - matching_Stangl_Balmi - DEBUG -     gz_id=1004130 'santa crus tlaxcala' score=1.000 nombre=False saint_only=True terr= phase=candidate
2026-07-24 21:50:05 - matching_Stangl_Balmi - DEBUG -     gz_id=1004130 'santa crus tlaxcala' score=1.000 nombre=False saint_only=True terr= phase=candidate
2026-07-24 21:50:05 - matching_Stangl_Balmi - DEBUG -     gz_id=1004130 'santa crus tlaxcala' score=1.000 nombre=False saint_only=True terr= phase=candidate
2026-07-24 21:50:05 - matching_Stangl_Balmi - DEBUG -     gz_id=9900548 'santa crus' score=1.000 nombre=False saint_only=True terr= phase=candidate
2026-07-24 21:50:05 - matching_Stangl_Balmi - DEBUG -     gz_id=9900548 'santa crus' score=1.000 nombre=False saint_only=True terr= phase=candidate
2026-07-24 21:50:05 - matching_Stangl_Balmi - DEBUG -     gz_id=4000343 'santa crus' score=1.000 nombre=False saint_only=True terr= phase=candidate
2026-07-24 21:50:05 - matching_Stangl_Balmi - DEBUG -     gz_id=4000343 'santa crus' score=1.000 nombre=False saint_only=True terr= phase=candidate
2026-07-24 21:50:05 - matching_Stangl_Balmi - DEBUG -     gz_id=4000343 'santa crus' score=1.000 nombre=False saint_only=True terr= phase=candidate
2026-07-24 21:50:05 - matching_Stangl_Balmi - DEBUG -     gz_id=4000343 'santa crus' score=1.000 nombre=False saint_only=True terr= phase=candidate
2026-07-24 21:50:05 - matching_Stangl_Balmi - DEBUG -     gz_id=4000343 'santa crus' score=1.000 nombre=False saint_only=True terr= phase=candidate
2026-07-24 21:50:05 - matching_Stangl_Balmi - DEBUG -     gz_id=4000343 'santa crus' score=1.000 nombre=False saint_only=True terr= phase=candidate
2026-07-24 21:50:05 - matching_Stangl_Balmi - DEBUG -     gz_id=4000343 'santa crus' score=1.000 nombre=False saint_only=True terr= phase=candidate
2026-07-24 21:50:05 - matching_Stangl_Balmi - DEBUG -     gz_id=4000371 'cachipo' score=1.000 nombre=False saint_only=True terr= phase=candidate
2026-07-24 21:50:05 - matching_Stangl_Balmi - DEBUG -     gz_id=4000371 'cachipo' score=1.000 nombre=False saint_only=True terr= phase=candidate
2026-07-24 21:50:05 - matching_Stangl_Balmi - DEBUG -     gz_id=4000371 'cachipo' score=1.000 nombre=False saint_only=True terr= phase=candidate
2026-07-24 21:50:05 - matching_Stangl_Balmi - DEBUG -     gz_id=4000371 'cachipo' score=1.000 nombre=False saint_only=True terr= phase=candidate
2026-07-24 21:50:05 - matching_Stangl_Balmi - DEBUG -     gz_id=1000989 'tecamac' score=1.000 nombre=False saint_only=True terr= phase=candidate
2026-07-24 21:50:05 - matching_Stangl_Balmi - DEBUG -     gz_id=1000989 'tecamac' score=1.000 nombre=False saint_only=True terr= phase=candidate
2026-07-24 21:50:05 - matching_Stangl_Balmi - DEBUG -     gz_id=6000749 'santa crus' score=1.000 nombre=True saint_only=False terr= phase=auto_adopt
2026-07-24 21:50:05 - matching_Stangl_Balmi - DEBUG -     gz_id=6000749 'santa crus' score=1.000 nombre=True saint_only=False terr= phase=auto_adopt
2026-07-24 21:50:05 - matching_Stangl_Balmi - DEBUG -     gz_id=4000386 'casanai' score=1.000 nombre=False saint_only=True terr= phase=candidate
2026-07-24 21:50:05 - matching_Stangl_Balmi - DEBUG -     gz_id=4000386 'casanai' score=1.000 nombre=False saint_only=True terr= phase=candidate
2026-07-24 21:50:05 - matching_Stangl_Balmi - DEBUG -     gz_id=4000386 'casanai' score=1.000 nombre=False saint_only=True terr= phase=candidate
2026-07-24 21:50:05 - matching_Stangl_Balmi - DEBUG -     gz_id=4000386 'casanai' score=1.000 nombre=False saint_only=True terr= phase=candidate
2026-07-24 21:50:05 - matching_Stangl_Balmi - DEBUG -     gz_id=4000386 'casanai' score=1.000 nombre=False saint_only=True terr= phase=candidate
2026-07-24 21:50:05 - matching_Stangl_Balmi - DEBUG -     gz_id=4000386 'casanai' score=1.000 nombre=False saint_only=True terr= phase=candidate
2026-07-24 21:50:05 - matching_Stangl_Balmi - DEBUG -     gz_id=4000386 'casanai' score=1.000 nombre=False saint_only=True terr= phase=candidate
2026-07-24 21:50:05 - matching_Stangl_Balmi - DEBUG -     gz_id=9900686 'santa crus' score=1.000 nombre=True saint_only=False terr= phase=auto_adopt
2026-07-24 21:50:05 - matching_Stangl_Balmi - DEBUG -     gz_id=9900686 'santa crus' score=1.000 nombre=True saint_only=False terr= phase=auto_adopt
2026-07-24 21:50:05 - matching_Stangl_Balmi - DEBUG -     gz_id=9900686 'santa crus' score=1.000 nombre=True saint_only=False terr= phase=auto_adopt
2026-07-24 21:50:05 - matching_Stangl_Balmi - DEBUG -     gz_id=9900686 'santa crus' score=1.000 nombre=True saint_only=False terr= phase=auto_adopt
2026-07-24 21:50:05 - matching_Stangl_Balmi - DEBUG -     gz_id=1001037 'portesuelo' score=1.000 nombre=False saint_only=True terr= phase=candidate
2026-07-24 21:50:05 - matching_Stangl_Balmi - DEBUG -     gz_id=1001037 'portesuelo' score=1.000 nombre=False saint_only=True terr= phase=candidate
2026-07-24 21:50:05 - matching_Stangl_Balmi - DEBUG -     gz_id=6000798 'santa crus' score=1.000 nombre=True saint_only=False terr= phase=auto_adopt
2026-07-24 21:50:05 - matching_Stangl_Balmi - DEBUG -     gz_id=6000798 'santa crus' score=1.000 nombre=True saint_only=False terr= phase=auto_adopt
2026-07-24 21:50:05 - matching_Stangl_Balmi - DEBUG -     gz_id=1001073 'alberto' score=1.000 nombre=False saint_only=True terr= phase=candidate
2026-07-24 21:50:05 - matching_Stangl_Balmi - DEBUG -     gz_id=1001073 'alberto' score=1.000 nombre=False saint_only=True terr= phase=candidate
2026-07-24 21:50:05 - matching_Stangl_Balmi - DEBUG -     gz_id=6000874 'ate' score=1.000 nombre=False saint_only=True terr= phase=candidate
2026-07-24 21:50:05 - matching_Stangl_Balmi - DEBUG -     gz_id=6000874 'ate' score=1.000 nombre=False saint_only=True terr= phase=candidate
2026-07-24 21:50:05 - matching_Stangl_Balmi - DEBUG -     gz_id=1001130 'santa crus' score=1.000 nombre=False saint_only=True terr= phase=candidate
2026-07-24 21:50:05 - matching_Stangl_Balmi - DEBUG -     gz_id=1001130 'santa crus' score=1.000 nombre=False saint_only=True terr= phase=candidate
2026-07-24 21:50:05 - matching_Stangl_Balmi - DEBUG -     gz_id=4000437 'santa crus monte calbario' score=1.000 nombre=False saint_only=True terr= phase=candidate
2026-07-24 21:50:05 - matching_Stangl_Balmi - DEBUG -     gz_id=4000437 'santa crus monte calbario' score=1.000 nombre=False saint_only=True terr= phase=candidate
2026-07-24 21:50:05 - matching_Stangl_Balmi - DEBUG -     gz_id=4000437 'santa crus monte calbario' score=1.000 nombre=False saint_only=True terr= phase=candidate
2026-07-24 21:50:05 - matching_Stangl_Balmi - DEBUG -     gz_id=4000437 'santa crus monte calbario' score=1.000 nombre=False saint_only=True terr= phase=candidate
2026-07-24 21:50:05 - matching_Stangl_Balmi - DEBUG -     gz_id=1001175 'cuauhtenco' score=1.000 nombre=False saint_only=True terr= phase=candidate
2026-07-24 21:50:05 - matching_Stangl_Balmi - DEBUG -     gz_id=1001175 'cuauhtenco' score=1.000 nombre=False saint_only=True terr= phase=candidate
2026-07-24 21:50:05 - matching_Stangl_Balmi - DEBUG -     gz_id=1001175 'cuauhtenco' score=1.000 nombre=False saint_only=True terr= phase=candidate
2026-07-24 21:50:05 - matching_Stangl_Balmi - DEBUG -     gz_id=6000938 'santa crus balle' score=1.000 nombre=False saint_only=True terr= phase=candidate
2026-07-24 21:50:05 - matching_Stangl_Balmi - DEBUG -     gz_id=6000938 'santa crus balle' score=1.000 nombre=False saint_only=True terr= phase=candidate
2026-07-24 21:50:05 - matching_Stangl_Balmi - DEBUG -     gz_id=4000471 'santa crus' score=1.000 nombre=True saint_only=False terr= phase=auto_adopt
2026-07-24 21:50:05 - matching_Stangl_Balmi - DEBUG -     gz_id=4000471 'santa crus' score=1.000 nombre=True saint_only=False terr= phase=auto_adopt
2026-07-24 21:50:05 - matching_Stangl_Balmi - DEBUG -     gz_id=4000471 'santa crus' score=1.000 nombre=True saint_only=False terr= phase=auto_adopt
2026-07-24 21:50:05 - matching_Stangl_Balmi - DEBUG -     gz_id=9900844 'balle santa crus' score=1.000 nombre=False saint_only=True terr= phase=candidate
2026-07-24 21:50:05 - matching_Stangl_Balmi - DEBUG -     gz_id=9900844 'balle santa crus' score=1.000 nombre=False saint_only=True terr= phase=candidate
2026-07-24 21:50:05 - matching_Stangl_Balmi - DEBUG -     gz_id=9900844 'balle santa crus' score=1.000 nombre=False saint_only=True terr= phase=candidate
2026-07-24 21:50:05 - matching_Stangl_Balmi - DEBUG -     gz_id=9900844 'balle santa crus' score=1.000 nombre=False saint_only=True terr= phase=candidate
2026-07-24 21:50:05 - matching_Stangl_Balmi - DEBUG -     gz_id=9900844 'balle santa crus' score=1.000 nombre=False saint_only=True terr= phase=candidate
2026-07-24 21:50:05 - matching_Stangl_Balmi - DEBUG -     gz_id=9900915 'santa crus' score=1.000 nombre=False saint_only=True terr= phase=candidate
2026-07-24 21:50:05 - matching_Stangl_Balmi - DEBUG -     gz_id=1004677 'santa crus' score=1.000 nombre=True saint_only=False terr= phase=auto_adopt
2026-07-24 21:50:05 - matching_Stangl_Balmi - DEBUG -     gz_id=1004677 'santa crus' score=1.000 nombre=True saint_only=False terr= phase=auto_adopt
2026-07-24 21:50:05 - matching_Stangl_Balmi - DEBUG -     gz_id=1004677 'santa crus' score=1.000 nombre=True saint_only=False terr= phase=auto_adopt
2026-07-24 21:50:05 - matching_Stangl_Balmi - DEBUG -     gz_id=1001438 'santa crus monte' score=1.000 nombre=False saint_only=True terr= phase=candidate
2026-07-24 21:50:05 - matching_Stangl_Balmi - DEBUG -     gz_id=1001438 'santa crus monte' score=1.000 nombre=False saint_only=True terr= phase=candidate
2026-07-24 21:50:05 - matching_Stangl_Balmi - DEBUG -     gz_id=1001474 'tetipac' score=1.000 nombre=False saint_only=True terr= phase=candidate
2026-07-24 21:50:05 - matching_Stangl_Balmi - DEBUG -     gz_id=1001474 'tetipac' score=1.000 nombre=False saint_only=True terr= phase=candidate
2026-07-24 21:50:05 - matching_Stangl_Balmi - DEBUG -     gz_id=9901006 'crus' score=1.000 nombre=False saint_only=False terr= phase=auto_adopt
2026-07-24 21:50:05 - matching_Stangl_Balmi - DEBUG -     gz_id=9901006 'crus' score=1.000 nombre=False saint_only=False terr= phase=auto_adopt
2026-07-24 21:50:05 - matching_Stangl_Balmi - DEBUG -     gz_id=9901006 'crus' score=1.000 nombre=False saint_only=False terr= phase=auto_adopt
2026-07-24 21:50:05 - matching_Stangl_Balmi - DEBUG -     gz_id=9901006 'crus' score=1.000 nombre=False saint_only=False terr= phase=auto_adopt
2026-07-24 21:50:05 - matching_Stangl_Balmi - DEBUG -     gz_id=9901006 'crus' score=1.000 nombre=False saint_only=False terr= phase=auto_adopt
2026-07-24 21:50:05 - matching_Stangl_Balmi - DEBUG -     gz_id=9901006 'crus' score=1.000 nombre=False saint_only=False terr= phase=auto_adopt
2026-07-24 21:50:05 - matching_Stangl_Balmi - DEBUG -     gz_id=1001491 'capula' score=1.000 nombre=False saint_only=True terr= phase=candidate
2026-07-24 21:50:05 - matching_Stangl_Balmi - DEBUG -     gz_id=1001491 'capula' score=1.000 nombre=False saint_only=True terr= phase=candidate
2026-07-24 21:50:05 - matching_Stangl_Balmi - DEBUG -     gz_id=1001491 'capula' score=1.000 nombre=False saint_only=True terr= phase=candidate
2026-07-24 21:50:05 - matching_Stangl_Balmi - DEBUG -     gz_id=1001491 'capula' score=1.000 nombre=False saint_only=True terr= phase=candidate
2026-07-24 21:50:05 - matching_Stangl_Balmi - DEBUG -     gz_id=9901006 'crus' score=1.000 nombre=False saint_only=False terr= phase=auto_adopt
2026-07-24 21:50:05 - matching_Stangl_Balmi - DEBUG -     gz_id=1004755 'santa crus' score=1.000 nombre=True saint_only=False terr= phase=auto_adopt
2026-07-24 21:50:05 - matching_Stangl_Balmi - DEBUG -     gz_id=1004755 'santa crus' score=1.000 nombre=True saint_only=False terr= phase=auto_adopt
2026-07-24 21:50:05 - matching_Stangl_Balmi - DEBUG -     gz_id=6001270 'lamas' score=1.000 nombre=False saint_only=True terr= phase=candidate
2026-07-24 21:50:05 - matching_Stangl_Balmi - DEBUG -     gz_id=6001270 'lamas' score=1.000 nombre=False saint_only=True terr= phase=candidate
2026-07-24 21:50:05 - matching_Stangl_Balmi - DEBUG -     gz_id=6001270 'lamas' score=1.000 nombre=False saint_only=True terr= phase=candidate
2026-07-24 21:50:05 - matching_Stangl_Balmi - DEBUG -     gz_id=1001501 'ixtapan' score=1.000 nombre=False saint_only=True terr= phase=candidate
2026-07-24 21:50:05 - matching_Stangl_Balmi - DEBUG -     gz_id=1001501 'ixtapan' score=1.000 nombre=False saint_only=True terr= phase=candidate
2026-07-24 21:50:05 - matching_Stangl_Balmi - DEBUG -     gz_id=1001528 'texcalapa' score=1.000 nombre=False saint_only=True terr= phase=candidate
2026-07-24 21:50:05 - matching_Stangl_Balmi - DEBUG -     gz_id=1001528 'texcalapa' score=1.000 nombre=False saint_only=True terr= phase=candidate
2026-07-24 21:50:05 - matching_Stangl_Balmi - DEBUG -     gz_id=1001528 'texcalapa' score=1.000 nombre=False saint_only=True terr= phase=candidate
2026-07-24 21:50:05 - matching_Stangl_Balmi - DEBUG -     gz_id=1001528 'texcalapa' score=1.000 nombre=False saint_only=True terr= phase=candidate
2026-07-24 21:50:05 - matching_Stangl_Balmi - DEBUG -     gz_id=1001540 'atisapan' score=1.000 nombre=False saint_only=True terr= phase=candidate
2026-07-24 21:50:05 - matching_Stangl_Balmi - DEBUG -     gz_id=1001540 'atisapan' score=1.000 nombre=False saint_only=True terr= phase=candidate
2026-07-24 21:50:05 - matching_Stangl_Balmi - DEBUG -     gz_id=1001540 'atisapan' score=1.000 nombre=False saint_only=True terr= phase=candidate
2026-07-24 21:50:05 - matching_Stangl_Balmi - DEBUG -     gz_id=1004808 'san lorenso santa crus' score=1.000 nombre=False saint_only=False terr= phase=candidate
2026-07-24 21:50:05 - matching_Stangl_Balmi - DEBUG -     gz_id=1004808 'san lorenso santa crus' score=1.000 nombre=False saint_only=False terr= phase=candidate
2026-07-24 21:50:05 - matching_Stangl_Balmi - DEBUG -     gz_id=1004817 'tapaculmes' score=1.000 nombre=False saint_only=True terr= phase=candidate
2026-07-24 21:50:05 - matching_Stangl_Balmi - DEBUG -     gz_id=1004817 'tapaculmes' score=1.000 nombre=False saint_only=True terr= phase=candidate
2026-07-24 21:50:05 - matching_Stangl_Balmi - DEBUG -     gz_id=1004817 'tapaculmes' score=1.000 nombre=False saint_only=True terr= phase=candidate
2026-07-24 21:50:05 - matching_Stangl_Balmi - DEBUG -     gz_id=1004817 'tapaculmes' score=1.000 nombre=False saint_only=True terr= phase=candidate
2026-07-24 21:50:05 - matching_Stangl_Balmi - DEBUG -     gz_id=1004817 'tapaculmes' score=1.000 nombre=False saint_only=True terr= phase=candidate
2026-07-24 21:50:05 - matching_Stangl_Balmi - DEBUG -     gz_id=6001360 'santa crus' score=1.000 nombre=True saint_only=False terr= phase=auto_adopt
2026-07-24 21:50:05 - matching_Stangl_Balmi - DEBUG -     gz_id=6001360 'santa crus' score=1.000 nombre=True saint_only=False terr= phase=auto_adopt
2026-07-24 21:50:05 - matching_Stangl_Balmi - DEBUG -     gz_id=6001360 'santa crus' score=1.000 nombre=True saint_only=False terr= phase=auto_adopt
2026-07-24 21:50:05 - matching_Stangl_Balmi - DEBUG -     gz_id=1004872 'billa nueba' score=1.000 nombre=False saint_only=True terr= phase=candidate
2026-07-24 21:50:05 - matching_Stangl_Balmi - DEBUG -     gz_id=1004872 'billa nueba' score=1.000 nombre=False saint_only=True terr= phase=candidate
2026-07-24 21:50:05 - matching_Stangl_Balmi - DEBUG -     gz_id=1004872 'billa nueba' score=1.000 nombre=False saint_only=True terr= phase=candidate
2026-07-24 21:50:05 - matching_Stangl_Balmi - DEBUG -     gz_id=5000049 'lorica' score=1.000 nombre=False saint_only=True terr= phase=candidate
2026-07-24 21:50:05 - matching_Stangl_Balmi - DEBUG -     gz_id=5000049 'lorica' score=1.000 nombre=False saint_only=True terr= phase=candidate
2026-07-24 21:50:05 - matching_Stangl_Balmi - DEBUG -     gz_id=5000049 'lorica' score=1.000 nombre=False saint_only=True terr= phase=candidate
2026-07-24 21:50:05 - matching_Stangl_Balmi - DEBUG -     gz_id=5000049 'lorica' score=1.000 nombre=False saint_only=True terr= phase=candidate
2026-07-24 21:50:05 - matching_Stangl_Balmi - DEBUG -     gz_id=1001695 'astcaposaltongo' score=1.000 nombre=False saint_only=True terr= phase=candidate
2026-07-24 21:50:05 - matching_Stangl_Balmi - DEBUG -     gz_id=1001695 'astcaposaltongo' score=1.000 nombre=False saint_only=True terr= phase=candidate
2026-07-24 21:50:05 - matching_Stangl_Balmi - DEBUG -     gz_id=1001695 'astcaposaltongo' score=1.000 nombre=False saint_only=True terr= phase=candidate
2026-07-24 21:50:05 - matching_Stangl_Balmi - DEBUG -     gz_id=1001695 'astcaposaltongo' score=1.000 nombre=False saint_only=True terr= phase=candidate
2026-07-24 21:50:05 - matching_Stangl_Balmi - DEBUG -     gz_id=5000075 'crus' score=1.000 nombre=False saint_only=False terr= phase=auto_adopt
2026-07-24 21:50:05 - matching_Stangl_Balmi - DEBUG -     gz_id=5000075 'crus' score=1.000 nombre=False saint_only=False terr= phase=auto_adopt
2026-07-24 21:50:05 - matching_Stangl_Balmi - DEBUG -     gz_id=5000075 'crus' score=1.000 nombre=False saint_only=False terr= phase=auto_adopt
2026-07-24 21:50:05 - matching_Stangl_Balmi - DEBUG -     gz_id=5000075 'crus' score=1.000 nombre=False saint_only=False terr= phase=auto_adopt
2026-07-24 21:50:05 - matching_Stangl_Balmi - DEBUG -     gz_id=5000075 'crus' score=1.000 nombre=False saint_only=False terr= phase=auto_adopt
2026-07-24 21:50:05 - matching_Stangl_Balmi - DEBUG -     gz_id=5000111 'santa crus' score=1.000 nombre=False saint_only=True terr= phase=candidate
2026-07-24 21:50:05 - matching_Stangl_Balmi - DEBUG -     gz_id=5000111 'santa crus' score=1.000 nombre=False saint_only=True terr= phase=candidate
2026-07-24 21:50:05 - matching_Stangl_Balmi - DEBUG -     gz_id=6001542 'sonomoro' score=1.000 nombre=False saint_only=True terr= phase=candidate
2026-07-24 21:50:05 - matching_Stangl_Balmi - DEBUG -     gz_id=6001542 'sonomoro' score=1.000 nombre=False saint_only=True terr= phase=candidate
2026-07-24 21:50:05 - matching_Stangl_Balmi - DEBUG -     gz_id=6001559 'ahuaitia' score=1.000 nombre=False saint_only=True terr= phase=candidate
2026-07-24 21:50:05 - matching_Stangl_Balmi - DEBUG -     gz_id=6001575 'santa crus' score=1.000 nombre=True saint_only=False terr= phase=auto_adopt
2026-07-24 21:50:05 - matching_Stangl_Balmi - DEBUG -     gz_id=6001575 'santa crus' score=1.000 nombre=True saint_only=False terr= phase=auto_adopt
2026-07-24 21:50:05 - matching_Stangl_Balmi - DEBUG -     gz_id=1001786 'santa crus' score=1.000 nombre=True saint_only=False terr= phase=auto_adopt
2026-07-24 21:50:05 - matching_Stangl_Balmi - DEBUG -     gz_id=1001786 'santa crus' score=1.000 nombre=True saint_only=False terr= phase=auto_adopt
2026-07-24 21:50:05 - matching_Stangl_Balmi - DEBUG -     gz_id=1001802 'acalpixca' score=1.000 nombre=False saint_only=True terr= phase=candidate
2026-07-24 21:50:05 - matching_Stangl_Balmi - DEBUG -     gz_id=1001802 'acalpixca' score=1.000 nombre=False saint_only=True terr= phase=candidate
2026-07-24 21:50:05 - matching_Stangl_Balmi - DEBUG -     gz_id=7000049 'colchahua' score=1.000 nombre=False saint_only=True terr= phase=candidate
2026-07-24 21:50:05 - matching_Stangl_Balmi - DEBUG -     gz_id=7000049 'colchahua' score=1.000 nombre=False saint_only=True terr= phase=candidate
2026-07-24 21:50:05 - matching_Stangl_Balmi - DEBUG -     gz_id=1001828 'jochitepec' score=1.000 nombre=False saint_only=True terr= phase=candidate
2026-07-24 21:50:05 - matching_Stangl_Balmi - DEBUG -     gz_id=1001828 'jochitepec' score=1.000 nombre=False saint_only=True terr= phase=candidate
2026-07-24 21:50:05 - matching_Stangl_Balmi - DEBUG -     gz_id=5000198 'cana' score=1.000 nombre=False saint_only=True terr= phase=candidate
2026-07-24 21:50:05 - matching_Stangl_Balmi - DEBUG -     gz_id=5000198 'cana' score=1.000 nombre=False saint_only=True terr= phase=candidate
2026-07-24 21:50:05 - matching_Stangl_Balmi - DEBUG -     gz_id=5000198 'cana' score=1.000 nombre=False saint_only=True terr= phase=candidate
2026-07-24 21:50:05 - matching_Stangl_Balmi - DEBUG -     gz_id=5000198 'cana' score=1.000 nombre=False saint_only=True terr= phase=candidate
2026-07-24 21:50:05 - matching_Stangl_Balmi - DEBUG -     gz_id=5000198 'cana' score=1.000 nombre=False saint_only=True terr= phase=candidate
2026-07-24 21:50:05 - matching_Stangl_Balmi - DEBUG -     gz_id=1001878 'asulaques' score=1.000 nombre=False saint_only=True terr= phase=candidate
2026-07-24 21:50:05 - matching_Stangl_Balmi - DEBUG -     gz_id=1001878 'asulaques' score=1.000 nombre=False saint_only=True terr= phase=candidate
2026-07-24 21:50:05 - matching_Stangl_Balmi - DEBUG -     gz_id=1001878 'asulaques' score=1.000 nombre=False saint_only=True terr= phase=candidate
2026-07-24 21:50:05 - matching_Stangl_Balmi - DEBUG -     gz_id=7000128 'santa crus' score=1.000 nombre=True saint_only=False terr= phase=auto_adopt
2026-07-24 21:50:05 - matching_Stangl_Balmi - DEBUG -     gz_id=7000128 'santa crus' score=1.000 nombre=True saint_only=False terr= phase=auto_adopt
2026-07-24 21:50:05 - matching_Stangl_Balmi - DEBUG -     gz_id=7000128 'santa crus' score=1.000 nombre=True saint_only=False terr= phase=auto_adopt
2026-07-24 21:50:05 - matching_Stangl_Balmi - DEBUG -     gz_id=1001925 'temuthe' score=1.000 nombre=False saint_only=True terr= phase=candidate
2026-07-24 21:50:05 - matching_Stangl_Balmi - DEBUG -     gz_id=1001925 'temuthe' score=1.000 nombre=False saint_only=True terr= phase=candidate
2026-07-24 21:50:05 - matching_Stangl_Balmi - DEBUG -     gz_id=1005163 'nuca' score=1.000 nombre=False saint_only=True terr= phase=candidate
2026-07-24 21:50:05 - matching_Stangl_Balmi - DEBUG -     gz_id=1005200 'santa crus' score=1.000 nombre=False saint_only=True terr= phase=candidate
2026-07-24 21:50:05 - matching_Stangl_Balmi - DEBUG -     gz_id=1005200 'santa crus' score=1.000 nombre=False saint_only=True terr= phase=candidate
2026-07-24 21:50:05 - matching_Stangl_Balmi - DEBUG -     gz_id=7000259 'rancahua' score=1.000 nombre=False saint_only=True terr= phase=candidate
2026-07-24 21:50:05 - matching_Stangl_Balmi - DEBUG -     gz_id=7000259 'rancahua' score=1.000 nombre=False saint_only=True terr= phase=candidate
2026-07-24 21:50:05 - matching_Stangl_Balmi - DEBUG -     gz_id=1005246 'santa crus rejistro' score=1.000 nombre=False saint_only=True terr= phase=candidate
2026-07-24 21:50:05 - matching_Stangl_Balmi - DEBUG -     gz_id=1005246 'santa crus rejistro' score=1.000 nombre=False saint_only=True terr= phase=candidate
2026-07-24 21:50:05 - matching_Stangl_Balmi - DEBUG -     gz_id=5000380 'macinga' score=1.000 nombre=False saint_only=True terr= phase=candidate
2026-07-24 21:50:05 - matching_Stangl_Balmi - DEBUG -     gz_id=5000380 'macinga' score=1.000 nombre=False saint_only=True terr= phase=candidate
2026-07-24 21:50:05 - matching_Stangl_Balmi - DEBUG -     gz_id=1005263 'santa crus' score=1.000 nombre=True saint_only=False terr= phase=auto_adopt
2026-07-24 21:50:05 - matching_Stangl_Balmi - DEBUG -     gz_id=1005263 'santa crus' score=1.000 nombre=True saint_only=False terr= phase=auto_adopt
2026-07-24 21:50:05 - matching_Stangl_Balmi - DEBUG -     gz_id=5000409 'urumita' score=1.000 nombre=False saint_only=True terr= phase=candidate
2026-07-24 21:50:05 - matching_Stangl_Balmi - DEBUG -     gz_id=5000409 'urumita' score=1.000 nombre=False saint_only=True terr= phase=candidate
2026-07-24 21:50:05 - matching_Stangl_Balmi - DEBUG -     gz_id=1002046 'tanaco' score=1.000 nombre=False saint_only=True terr= phase=candidate
2026-07-24 21:50:05 - matching_Stangl_Balmi - DEBUG -     gz_id=1002046 'tanaco' score=1.000 nombre=False saint_only=True terr= phase=candidate
2026-07-24 21:50:05 - matching_Stangl_Balmi - DEBUG -     gz_id=1002046 'tanaco' score=1.000 nombre=False saint_only=True terr= phase=candidate
2026-07-24 21:50:05 - matching_Stangl_Balmi - DEBUG -     gz_id=1005363 'neira' score=1.000 nombre=False saint_only=True terr= phase=candidate
2026-07-24 21:50:05 - matching_Stangl_Balmi - DEBUG -     gz_id=1005363 'neira' score=1.000 nombre=False saint_only=True terr= phase=candidate
2026-07-24 21:50:05 - matching_Stangl_Balmi - DEBUG -     gz_id=1005386 'nutrias' score=1.000 nombre=False saint_only=True terr= phase=candidate
2026-07-24 21:50:05 - matching_Stangl_Balmi - DEBUG -     gz_id=1005386 'nutrias' score=1.000 nombre=False saint_only=True terr= phase=candidate
2026-07-24 21:50:05 - matching_Stangl_Balmi - DEBUG -     gz_id=1005386 'nutrias' score=1.000 nombre=False saint_only=True terr= phase=candidate
2026-07-24 21:50:05 - matching_Stangl_Balmi - DEBUG -     gz_id=1005386 'nutrias' score=1.000 nombre=False saint_only=True terr= phase=candidate
2026-07-24 21:50:05 - matching_Stangl_Balmi - DEBUG -     gz_id=1005386 'nutrias' score=1.000 nombre=False saint_only=True terr= phase=candidate
2026-07-24 21:50:05 - matching_Stangl_Balmi - DEBUG -     gz_id=1005415 'santa crus urrecha' score=1.000 nombre=False saint_only=True terr= phase=candidate
2026-07-24 21:50:05 - matching_Stangl_Balmi - DEBUG -     gz_id=1005415 'santa crus urrecha' score=1.000 nombre=False saint_only=True terr= phase=candidate
2026-07-24 21:50:05 - matching_Stangl_Balmi - DEBUG -     gz_id=1005415 'santa crus urrecha' score=1.000 nombre=False saint_only=True terr= phase=candidate
2026-07-24 21:50:05 - matching_Stangl_Balmi - DEBUG -     gz_id=8000009 'santa crus' score=1.000 nombre=False saint_only=False terr= phase=candidate
2026-07-24 21:50:05 - matching_Stangl_Balmi - DEBUG -     gz_id=8000009 'santa crus' score=1.000 nombre=False saint_only=False terr= phase=candidate
2026-07-24 21:50:05 - matching_Stangl_Balmi - DEBUG -     gz_id=5000688 'pachaquiaro' score=1.000 nombre=False saint_only=True terr= phase=candidate
2026-07-24 21:50:05 - matching_Stangl_Balmi - DEBUG -     gz_id=1002217 'amilpas' score=1.000 nombre=False saint_only=True terr= phase=candidate
2026-07-24 21:50:05 - matching_Stangl_Balmi - DEBUG -     gz_id=1002217 'amilpas' score=1.000 nombre=False saint_only=True terr= phase=candidate
2026-07-24 21:50:05 - matching_Stangl_Balmi - DEBUG -     gz_id=1002241 'santa crus mixtepec' score=1.000 nombre=False saint_only=True terr= phase=candidate
2026-07-24 21:50:05 - matching_Stangl_Balmi - DEBUG -     gz_id=1002241 'santa crus mixtepec' score=1.000 nombre=False saint_only=True terr= phase=candidate
2026-07-24 21:50:05 - matching_Stangl_Balmi - DEBUG -     gz_id=1002242 'nejila' score=1.000 nombre=False saint_only=True terr= phase=candidate
2026-07-24 21:50:05 - matching_Stangl_Balmi - DEBUG -     gz_id=1002242 'nejila' score=1.000 nombre=False saint_only=True terr= phase=candidate
2026-07-24 21:50:05 - matching_Stangl_Balmi - DEBUG -     gz_id=1005509 'crus' score=1.000 nombre=False saint_only=False terr= phase=auto_adopt
2026-07-24 21:50:05 - matching_Stangl_Balmi - DEBUG -     gz_id=5000829 'crus' score=1.000 nombre=False saint_only=False terr= phase=candidate
2026-07-24 21:50:05 - matching_Stangl_Balmi - DEBUG -     gz_id=5000829 'crus' score=1.000 nombre=False saint_only=False terr= phase=candidate
2026-07-24 21:50:05 - matching_Stangl_Balmi - DEBUG -     gz_id=5000829 'crus' score=1.000 nombre=False saint_only=False terr= phase=candidate
2026-07-24 21:50:05 - matching_Stangl_Balmi - DEBUG -     gz_id=5000829 'crus' score=1.000 nombre=False saint_only=False terr= phase=candidate
2026-07-24 21:50:05 - matching_Stangl_Balmi - DEBUG -     gz_id=1002321 'jojocotlan' score=1.000 nombre=False saint_only=True terr= phase=candidate
2026-07-24 21:50:05 - matching_Stangl_Balmi - DEBUG -     gz_id=1002321 'jojocotlan' score=1.000 nombre=False saint_only=True terr= phase=candidate
2026-07-24 21:50:05 - matching_Stangl_Balmi - DEBUG -     gz_id=1002321 'jojocotlan' score=1.000 nombre=False saint_only=True terr= phase=candidate
2026-07-24 21:50:05 - matching_Stangl_Balmi - DEBUG -     gz_id=1002321 'jojocotlan' score=1.000 nombre=False saint_only=True terr= phase=candidate
2026-07-24 21:50:05 - matching_Stangl_Balmi - DEBUG -     gz_id=2000098 'socoltenango' score=1.000 nombre=False saint_only=True terr= phase=candidate
2026-07-24 21:50:05 - matching_Stangl_Balmi - DEBUG -     gz_id=2000098 'socoltenango' score=1.000 nombre=False saint_only=True terr= phase=candidate
2026-07-24 21:50:05 - matching_Stangl_Balmi - DEBUG -     gz_id=2000130 'chiquimulilla' score=1.000 nombre=False saint_only=True terr= phase=candidate
2026-07-24 21:50:05 - matching_Stangl_Balmi - DEBUG -     gz_id=2000139 'munchu' score=1.000 nombre=False saint_only=True terr= phase=candidate
2026-07-24 21:50:05 - matching_Stangl_Balmi - DEBUG -     gz_id=2000147 'chol' score=1.000 nombre=False saint_only=True terr= phase=candidate
2026-07-24 21:50:05 - matching_Stangl_Balmi - DEBUG -     gz_id=2000185 'comitan' score=1.000 nombre=False saint_only=True terr= phase=candidate
2026-07-24 21:50:05 - matching_Stangl_Balmi - DEBUG -     gz_id=2000189 'santa crus quiche' score=1.000 nombre=False saint_only=True terr= phase=candidate
2026-07-24 21:50:05 - matching_Stangl_Balmi - DEBUG -     gz_id=5600024 'puna' score=1.000 nombre=False saint_only=True terr= phase=candidate
2026-07-24 21:50:05 - matching_Stangl_Balmi - DEBUG -     gz_id=5600024 'puna' score=1.000 nombre=False saint_only=True terr= phase=candidate
2026-07-24 21:50:05 - matching_Stangl_Balmi - DEBUG -     gz_id=5600024 'puna' score=1.000 nombre=False saint_only=True terr= phase=candidate
2026-07-24 21:50:05 - matching_Stangl_Balmi - DEBUG -     gz_id=1002412 'santa crus' score=1.000 nombre=False saint_only=True terr= phase=candidate
2026-07-24 21:50:05 - matching_Stangl_Balmi - DEBUG -     gz_id=1002412 'santa crus' score=1.000 nombre=False saint_only=True terr= phase=candidate
2026-07-24 21:50:05 - matching_Stangl_Balmi - DEBUG -     gz_id=1002462 'santa crus' score=1.000 nombre=False saint_only=True terr= phase=candidate
2026-07-24 21:50:05 - matching_Stangl_Balmi - DEBUG -     gz_id=1002462 'santa crus' score=1.000 nombre=False saint_only=True terr= phase=candidate
2026-07-24 21:50:05 - matching_Stangl_Balmi - DEBUG -     gz_id=1002468 'tepenixtlahuaca' score=1.000 nombre=False saint_only=True terr= phase=candidate
2026-07-24 21:50:05 - matching_Stangl_Balmi - DEBUG -     gz_id=1002468 'tepenixtlahuaca' score=1.000 nombre=False saint_only=True terr= phase=candidate
2026-07-24 21:50:05 - matching_Stangl_Balmi - DEBUG -     gz_id=1002518 'santa crus osolotepec' score=1.000 nombre=False saint_only=True terr= phase=candidate
2026-07-24 21:50:05 - matching_Stangl_Balmi - DEBUG -     gz_id=1002518 'santa crus osolotepec' score=1.000 nombre=False saint_only=True terr= phase=candidate
2026-07-24 21:50:05 - matching_Stangl_Balmi - DEBUG -     gz_id=1002543 'jitla' score=1.000 nombre=False saint_only=True terr= phase=candidate
2026-07-24 21:50:05 - matching_Stangl_Balmi - DEBUG -     gz_id=1002543 'jitla' score=1.000 nombre=False saint_only=True terr= phase=candidate
2026-07-24 21:50:05 - matching_Stangl_Balmi - DEBUG -     gz_id=2000390 'santa crus lahuna' score=1.000 nombre=False saint_only=True terr= phase=candidate
2026-07-24 21:50:05 - matching_Stangl_Balmi - DEBUG -     gz_id=1002564 'santa crus jilotepec' score=1.000 nombre=False saint_only=True terr= phase=candidate
2026-07-24 21:50:05 - matching_Stangl_Balmi - DEBUG -     gz_id=1002564 'santa crus jilotepec' score=1.000 nombre=False saint_only=True terr= phase=candidate
2026-07-24 21:50:05 - matching_Stangl_Balmi - DEBUG -     gz_id=1002564 'santa crus jilotepec' score=1.000 nombre=False saint_only=True terr= phase=candidate
2026-07-24 21:50:05 - matching_Stangl_Balmi - DEBUG -     gz_id=8000403 'santa crus balle ameno' score=1.000 nombre=False saint_only=True terr= phase=candidate
2026-07-24 21:50:05 - matching_Stangl_Balmi - DEBUG -     gz_id=8000403 'santa crus balle ameno' score=1.000 nombre=False saint_only=True terr= phase=candidate
2026-07-24 21:50:05 - matching_Stangl_Balmi - DEBUG -     gz_id=8000403 'santa crus balle ameno' score=1.000 nombre=False saint_only=True terr= phase=candidate
2026-07-24 21:50:05 - matching_Stangl_Balmi - DEBUG -     gz_id=8000403 'santa crus balle ameno' score=1.000 nombre=False saint_only=True terr= phase=candidate
2026-07-24 21:50:05 - matching_Stangl_Balmi - DEBUG -     gz_id=2000444 'panchimalco' score=1.000 nombre=False saint_only=True terr= phase=candidate
2026-07-24 21:50:05 - matching_Stangl_Balmi - DEBUG -     gz_id=2000444 'panchimalco' score=1.000 nombre=False saint_only=True terr= phase=candidate
2026-07-24 21:50:05 - matching_Stangl_Balmi - DEBUG -     gz_id=1002612 'santa crus' score=1.000 nombre=False saint_only=True terr= phase=candidate
2026-07-24 21:50:05 - matching_Stangl_Balmi - DEBUG -     gz_id=1002612 'santa crus' score=1.000 nombre=False saint_only=True terr= phase=candidate
2026-07-24 21:50:05 - matching_Stangl_Balmi - DEBUG -     gz_id=5600159 'crus' score=1.000 nombre=False saint_only=False terr= phase=auto_adopt
2026-07-24 21:50:05 - matching_Stangl_Balmi - DEBUG -     gz_id=5600159 'crus' score=1.000 nombre=False saint_only=False terr= phase=auto_adopt
2026-07-24 21:50:05 - matching_Stangl_Balmi - DEBUG -     gz_id=5600159 'crus' score=1.000 nombre=False saint_only=False terr= phase=auto_adopt
2026-07-24 21:50:05 - matching_Stangl_Balmi - DEBUG -     gz_id=1002690 'santa crus' score=1.000 nombre=True saint_only=False terr= phase=auto_adopt
2026-07-24 21:50:05 - matching_Stangl_Balmi - DEBUG -     gz_id=1002690 'santa crus' score=1.000 nombre=True saint_only=False terr= phase=auto_adopt
2026-07-24 21:50:05 - matching_Stangl_Balmi - DEBUG -     gz_id=5600207 'crus' score=1.000 nombre=False saint_only=False terr= phase=auto_adopt
2026-07-24 21:50:05 - matching_Stangl_Balmi - DEBUG -     gz_id=5600207 'crus' score=1.000 nombre=False saint_only=False terr= phase=auto_adopt
2026-07-24 21:50:05 - matching_Stangl_Balmi - DEBUG -     gz_id=5600207 'crus' score=1.000 nombre=False saint_only=False terr= phase=auto_adopt
2026-07-24 21:50:05 - matching_Stangl_Balmi - DEBUG -     gz_id=1002750 'censontepec' score=1.000 nombre=False saint_only=True terr= phase=candidate
2026-07-24 21:50:06 - matching_Stangl_Balmi - DEBUG -     gz_id=1002750 'censontepec' score=1.000 nombre=False saint_only=True terr= phase=candidate
2026-07-24 21:50:06 - matching_Stangl_Balmi - DEBUG -     gz_id=1002770 'capulalpam' score=1.000 nombre=False saint_only=True terr= phase=candidate
2026-07-24 21:50:06 - matching_Stangl_Balmi - DEBUG -     gz_id=1002770 'capulalpam' score=1.000 nombre=False saint_only=True terr= phase=candidate
2026-07-24 21:50:06 - matching_Stangl_Balmi - DEBUG -     gz_id=1002784 'itundujia' score=1.000 nombre=False saint_only=True terr= phase=candidate
2026-07-24 21:50:06 - matching_Stangl_Balmi - DEBUG -     gz_id=1002784 'itundujia' score=1.000 nombre=False saint_only=True terr= phase=candidate
2026-07-24 21:50:06 - matching_Stangl_Balmi - DEBUG -     gz_id=1002802 'nundaco' score=1.000 nombre=False saint_only=True terr= phase=candidate
2026-07-24 21:50:06 - matching_Stangl_Balmi - DEBUG -     gz_id=1002802 'nundaco' score=1.000 nombre=False saint_only=True terr= phase=candidate
2026-07-24 21:50:06 - matching_Stangl_Balmi - DEBUG -     gz_id=1002826 'santa crus' score=1.000 nombre=True saint_only=False terr= phase=auto_adopt
2026-07-24 21:50:06 - matching_Stangl_Balmi - DEBUG -     gz_id=1002826 'santa crus' score=1.000 nombre=True saint_only=False terr= phase=auto_adopt
2026-07-24 21:50:06 - matching_Stangl_Balmi - DEBUG -     gz_id=1002839 'tacahua' score=1.000 nombre=False saint_only=True terr= phase=candidate
2026-07-24 21:50:06 - matching_Stangl_Balmi - DEBUG -     gz_id=1002839 'tacahua' score=1.000 nombre=False saint_only=True terr= phase=candidate
2026-07-24 21:50:06 - matching_Stangl_Balmi - DEBUG -     gz_id=1002843 'taiata' score=1.000 nombre=False saint_only=True terr= phase=candidate
2026-07-24 21:50:06 - matching_Stangl_Balmi - DEBUG -     gz_id=1002843 'taiata' score=1.000 nombre=False saint_only=True terr= phase=candidate
2026-07-24 21:50:06 - matching_Stangl_Balmi - DEBUG -     gz_id=8000680 'santa crus' score=1.000 nombre=False saint_only=True terr= phase=candidate
2026-07-24 21:50:06 - matching_Stangl_Balmi - DEBUG -     gz_id=8000680 'santa crus' score=1.000 nombre=False saint_only=True terr= phase=candidate
2026-07-24 21:50:06 - matching_Stangl_Balmi - DEBUG -     gz_id=8000680 'santa crus' score=1.000 nombre=False saint_only=True terr= phase=candidate
2026-07-24 21:50:06 - matching_Stangl_Balmi - DEBUG -     gz_id=5600304 'santa crus mumus' score=1.000 nombre=False saint_only=True terr= phase=candidate
2026-07-24 21:50:06 - matching_Stangl_Balmi - DEBUG -     gz_id=5600304 'santa crus mumus' score=1.000 nombre=False saint_only=True terr= phase=candidate
2026-07-24 21:50:06 - matching_Stangl_Balmi - DEBUG -     gz_id=1002912 'santa crus' score=1.000 nombre=False saint_only=True terr= phase=candidate
2026-07-24 21:50:06 - matching_Stangl_Balmi - DEBUG -     gz_id=1002912 'santa crus' score=1.000 nombre=False saint_only=True terr= phase=candidate
2026-07-24 21:50:06 - matching_Stangl_Balmi - DEBUG -     gz_id=1002920 'tepetotutla' score=1.000 nombre=False saint_only=True terr= phase=candidate
2026-07-24 21:50:06 - matching_Stangl_Balmi - DEBUG -     gz_id=1002920 'tepetotutla' score=1.000 nombre=False saint_only=True terr= phase=candidate
2026-07-24 21:50:06 - matching_Stangl_Balmi - DEBUG -     gz_id=1002920 'tepetotutla' score=1.000 nombre=False saint_only=True terr= phase=candidate
2026-07-24 21:50:06 - matching_Stangl_Balmi - DEBUG -     gz_id=5600024 'puna' score=1.000 nombre=False saint_only=True terr= phase=candidate
2026-07-24 21:50:06 - matching_Stangl_Balmi - DEBUG -     gz_id=5600024 'puna' score=1.000 nombre=False saint_only=True terr= phase=candidate
2026-07-24 21:50:06 - matching_Stangl_Balmi - DEBUG -     gz_id=5600024 'puna' score=1.000 nombre=False saint_only=True terr= phase=candidate
2026-07-24 21:50:06 - matching_Stangl_Balmi - DEBUG -     gz_id=1003012 'iagabila' score=1.000 nombre=False saint_only=True terr= phase=candidate
2026-07-24 21:50:06 - matching_Stangl_Balmi - DEBUG -     gz_id=1003012 'iagabila' score=1.000 nombre=False saint_only=True terr= phase=candidate
2026-07-24 21:50:06 - matching_Stangl_Balmi - DEBUG -     gz_id=9000052 'quilmes' score=1.000 nombre=False saint_only=True terr= phase=candidate
2026-07-24 21:50:06 - matching_Stangl_Balmi - DEBUG -     gz_id=9000052 'quilmes' score=1.000 nombre=False saint_only=True terr= phase=candidate
2026-07-24 21:50:06 - matching_Stangl_Balmi - DEBUG -     gz_id=9000052 'quilmes' score=1.000 nombre=False saint_only=True terr= phase=candidate
2026-07-24 21:50:06 - matching_Stangl_Balmi - DEBUG -     gz_id=1003056 'papalutla' score=1.000 nombre=False saint_only=True terr= phase=candidate
2026-07-24 21:50:06 - matching_Stangl_Balmi - DEBUG -     gz_id=1003056 'papalutla' score=1.000 nombre=False saint_only=True terr= phase=candidate
2026-07-24 21:50:06 - matching_Stangl_Balmi - DEBUG -     gz_id=1003094 'santa crus nueba' score=1.000 nombre=False saint_only=True terr= phase=candidate
2026-07-24 21:50:06 - matching_Stangl_Balmi - DEBUG -     gz_id=1003094 'santa crus nueba' score=1.000 nombre=False saint_only=True terr= phase=candidate
2026-07-24 21:50:06 - matching_Stangl_Balmi - DEBUG -     gz_id=1003098 'tejalpa' score=1.000 nombre=False saint_only=True terr= phase=candidate
2026-07-24 21:50:06 - matching_Stangl_Balmi - DEBUG -     gz_id=1003098 'tejalpa' score=1.000 nombre=False saint_only=True terr= phase=candidate
2026-07-24 21:50:06 - matching_Stangl_Balmi - DEBUG -     gz_id=9000191 'crus' score=1.000 nombre=False saint_only=False terr= phase=candidate
2026-07-24 21:50:06 - matching_Stangl_Balmi - DEBUG -     gz_id=9000191 'crus' score=1.000 nombre=False saint_only=False terr= phase=candidate
2026-07-24 21:50:06 - matching_Stangl_Balmi - DEBUG -     gz_id=9000191 'crus' score=1.000 nombre=False saint_only=False terr= phase=candidate
2026-07-24 21:50:06 - matching_Stangl_Balmi - DEBUG -     gz_id=9000191 'crus' score=1.000 nombre=False saint_only=False terr= phase=candidate
2026-07-24 21:50:06 - matching_Stangl_Balmi - DEBUG -     gz_id=9000191 'crus' score=1.000 nombre=False saint_only=False terr= phase=candidate
2026-07-24 21:50:06 - matching_Stangl_Balmi - DEBUG -     gz_id=9000191 'crus' score=1.000 nombre=False saint_only=False terr= phase=candidate
2026-07-24 21:50:06 - matching_Stangl_Balmi - DEBUG -     gz_id=5600450 'crus' score=1.000 nombre=False saint_only=False terr= phase=auto_adopt
2026-07-24 21:50:06 - matching_Stangl_Balmi - DEBUG -     gz_id=5600450 'crus' score=1.000 nombre=False saint_only=False terr= phase=auto_adopt
2026-07-24 21:50:06 - matching_Stangl_Balmi - DEBUG -     gz_id=5600450 'crus' score=1.000 nombre=False saint_only=False terr= phase=auto_adopt
2026-07-24 21:50:06 - matching_Stangl_Balmi - DEBUG -     gz_id=9000191 'crus' score=1.000 nombre=False saint_only=False terr= phase=candidate
2026-07-24 21:50:06 - matching_Stangl_Balmi - DEBUG -     gz_id=3000065 'santa crus pinos' score=1.000 nombre=False saint_only=True terr= phase=candidate
2026-07-24 21:50:06 - matching_Stangl_Balmi - DEBUG -     gz_id=3000065 'santa crus pinos' score=1.000 nombre=False saint_only=True terr= phase=candidate
2026-07-24 21:50:06 - matching_Stangl_Balmi - DEBUG -     gz_id=3000065 'santa crus pinos' score=1.000 nombre=False saint_only=True terr= phase=candidate
2026-07-24 21:50:06 - matching_Stangl_Balmi - DEBUG -     gz_id=3000065 'santa crus pinos' score=1.000 nombre=False saint_only=True terr= phase=candidate
2026-07-24 21:50:06 - matching_Stangl_Balmi - DEBUG -     gz_id=9900144 'santa juana crus' score=0.889 nombre=False saint_only=False terr= phase=candidate
2026-07-24 21:50:06 - matching_Stangl_Balmi - DEBUG -     gz_id=9900144 'santa juana crus' score=0.889 nombre=False saint_only=False terr= phase=candidate
2026-07-24 21:50:06 - matching_Stangl_Balmi - DEBUG -     gz_id=9900144 'santa juana crus' score=0.889 nombre=False saint_only=False terr= phase=candidate
2026-07-24 21:50:06 - matching_Stangl_Balmi - DEBUG -     gz_id=9900144 'santa juana crus' score=0.889 nombre=False saint_only=False terr= phase=candidate
2026-07-24 21:50:06 - matching_Stangl_Balmi - DEBUG -     gz_id=9900144 'santa juana crus' score=0.889 nombre=False saint_only=False terr= phase=candidate
2026-07-24 21:50:06 - matching_Stangl_Balmi - DEBUG -     gz_id=9900144 'santa juana crus' score=0.889 nombre=False saint_only=False terr= phase=candidate
2026-07-24 21:50:06 - matching_Stangl_Balmi - DEBUG -     gz_id=9000023 'santa fe' score=0.857 nombre=False saint_only=False terr= phase=candidate
2026-07-24 21:50:06 - matching_Stangl_Balmi - DEBUG -     gz_id=9000023 'santa fe' score=0.857 nombre=False saint_only=False terr= phase=candidate
2026-07-24 21:50:06 - matching_Stangl_Balmi - DEBUG -     gz_id=9000023 'santa fe' score=0.857 nombre=False saint_only=False terr= phase=candidate
2026-07-24 21:50:06 - matching_Stangl_Balmi - DEBUG -     gz_id=7000376 'san cebastian crus' score=0.824 nombre=False saint_only=False terr= phase=relegated
2026-07-24 21:50:06 - matching_Stangl_Balmi - DEBUG -     gz_id=7000376 'san cebastian crus' score=0.824 nombre=False saint_only=False terr= phase=relegated
2026-07-24 21:50:06 - matching_Stangl_Balmi - DEBUG -     gz_id=7000376 'san cebastian crus' score=0.824 nombre=False saint_only=False terr= phase=relegated
2026-07-24 21:50:06 - matching_Stangl_Balmi - DEBUG -     gz_id=9000733 'canada crus' score=0.800 nombre=False saint_only=False terr= phase=relegated
2026-07-24 21:50:06 - matching_Stangl_Balmi - DEBUG -     gz_id=9000733 'canada crus' score=0.800 nombre=False saint_only=False terr= phase=relegated
2026-07-24 21:50:06 - matching_Stangl_Balmi - DEBUG -     gz_id=9000733 'canada crus' score=0.800 nombre=False saint_only=False terr= phase=relegated
2026-07-24 21:50:06 - matching_Stangl_Balmi - DEBUG -     gz_id=9000121 'capilla cenor' score=0.800 nombre=False saint_only=False terr= phase=relegated
2026-07-24 21:50:06 - matching_Stangl_Balmi - DEBUG -     gz_id=9000121 'capilla cenor' score=0.800 nombre=False saint_only=False terr= phase=relegated
2026-07-24 21:50:06 - matching_Stangl_Balmi - DEBUG -     gz_id=9000121 'capilla cenor' score=0.800 nombre=False saint_only=False terr= phase=relegated
2026-07-24 21:50:06 - matching_Stangl_Balmi - DEBUG -     gz_id=5000879 'llanos crus' score=0.750 nombre=False saint_only=False terr= phase=relegated
2026-07-24 21:50:06 - matching_Stangl_Balmi - INFO -   Before dedup: 412 candidates
2026-07-24 21:50:06 - matching_Stangl_Balmi - INFO -   After dedup: 148 unique gz_ids
2026-07-24 21:50:06 - matching_Stangl_Balmi - INFO -   Dropped 148 territory-contradicting candidates
2026-07-24 21:50:06 - matching_Stangl_Balmi - INFO -   Input has territorial data: True
2026-07-24 21:50:06 - matching_Stangl_Balmi - INFO -   Candidates with territory match: 0
2026-07-24 21:50:06 - matching_Stangl_Balmi - INFO -   No territorial filtering applied (no matching territories found)
2026-07-24 21:50:06 - matching_Stangl_Balmi - INFO -   Nombre matches (exact on lugar_nombre): 0
2026-07-24 21:50:06 - matching_Stangl_Balmi - INFO -   Saint-only matches: 0
2026-07-24 21:50:06 - matching_Stangl_Balmi - INFO -   Substantive matches: 0
2026-07-24 21:50:06 - matching_Stangl_Balmi - INFO -   Candidate pool (>= threshold): 0
2026-07-24 21:50:06 - matching_Stangl_Balmi - WARNING -   No candidate above threshold - relegated
2026-07-24 21:50:06 - matching_Stangl_Balmi - INFO - Processing row 100, rowID=101
2026-07-24 21:50:06 - matching_Stangl_Balmi - INFO - 
============================================================
2026-07-24 21:50:06 - matching_Stangl_Balmi - INFO - Processing rowID=101: 'Santa Cruz' -> cleaned: 'santa crus'
2026-07-24 21:50:06 - matching_Stangl_Balmi - INFO -   Token-based candidates: 3028
2026-07-24 21:50:06 - matching_Stangl_Balmi - INFO -   Filtering: need match on substantive tokens: ['crus'] OR 2+ total tokens
2026-07-24 21:50:06 - matching_Stangl_Balmi - INFO -   After filtering weak token matches: 421 candidates
2026-07-24 21:50:06 - matching_Stangl_Balmi - INFO -   Fuzzy matches (score >= 70, limit=500): 412
2026-07-24 21:50:06 - matching_Stangl_Balmi - DEBUG -     gz_id=1000066 'tepic' score=1.000 nombre=False saint_only=True terr= phase=candidate
2026-07-24 21:50:06 - matching_Stangl_Balmi - DEBUG -     gz_id=1000066 'tepic' score=1.000 nombre=False saint_only=True terr= phase=candidate
2026-07-24 21:50:06 - matching_Stangl_Balmi - DEBUG -     gz_id=3000163 'capoli' score=1.000 nombre=False saint_only=False terr= phase=candidate
2026-07-24 21:50:06 - matching_Stangl_Balmi - DEBUG -     gz_id=3000193 'baiamon' score=1.000 nombre=False saint_only=True terr= phase=candidate
2026-07-24 21:50:06 - matching_Stangl_Balmi - DEBUG -     gz_id=3000193 'baiamon' score=1.000 nombre=False saint_only=True terr= phase=candidate
2026-07-24 21:50:06 - matching_Stangl_Balmi - DEBUG -     gz_id=3000193 'baiamon' score=1.000 nombre=False saint_only=True terr= phase=candidate
2026-07-24 21:50:06 - matching_Stangl_Balmi - DEBUG -     gz_id=3000231 'ceibo' score=1.000 nombre=False saint_only=True terr= phase=candidate
2026-07-24 21:50:06 - matching_Stangl_Balmi - DEBUG -     gz_id=3000231 'ceibo' score=1.000 nombre=False saint_only=True terr= phase=candidate
2026-07-24 21:50:06 - matching_Stangl_Balmi - DEBUG -     gz_id=1000207 'matatan' score=1.000 nombre=False saint_only=True terr= phase=candidate
2026-07-24 21:50:06 - matching_Stangl_Balmi - DEBUG -     gz_id=1000207 'matatan' score=1.000 nombre=False saint_only=True terr= phase=candidate
2026-07-24 21:50:06 - matching_Stangl_Balmi - DEBUG -     gz_id=1000207 'matatan' score=1.000 nombre=False saint_only=True terr= phase=candidate
2026-07-24 21:50:06 - matching_Stangl_Balmi - DEBUG -     gz_id=1000207 'matatan' score=1.000 nombre=False saint_only=True terr= phase=candidate
2026-07-24 21:50:06 - matching_Stangl_Balmi - DEBUG -     gz_id=1000207 'matatan' score=1.000 nombre=False saint_only=True terr= phase=candidate
2026-07-24 21:50:06 - matching_Stangl_Balmi - DEBUG -     gz_id=1003514 'santa crus' score=1.000 nombre=False saint_only=True terr= phase=candidate
2026-07-24 21:50:06 - matching_Stangl_Balmi - DEBUG -     gz_id=1003514 'santa crus' score=1.000 nombre=False saint_only=True terr= phase=candidate
2026-07-24 21:50:06 - matching_Stangl_Balmi - DEBUG -     gz_id=5600673 'crus' score=1.000 nombre=False saint_only=False terr= phase=auto_adopt
2026-07-24 21:50:06 - matching_Stangl_Balmi - DEBUG -     gz_id=5600673 'crus' score=1.000 nombre=False saint_only=False terr= phase=auto_adopt
2026-07-24 21:50:06 - matching_Stangl_Balmi - DEBUG -     gz_id=5600673 'crus' score=1.000 nombre=False saint_only=False terr= phase=auto_adopt
2026-07-24 21:50:06 - matching_Stangl_Balmi - DEBUG -     gz_id=1003573 'tlacotepec' score=1.000 nombre=False saint_only=True terr= phase=candidate
2026-07-24 21:50:06 - matching_Stangl_Balmi - DEBUG -     gz_id=1003573 'tlacotepec' score=1.000 nombre=False saint_only=True terr= phase=candidate
2026-07-24 21:50:06 - matching_Stangl_Balmi - DEBUG -     gz_id=1003573 'tlacotepec' score=1.000 nombre=False saint_only=True terr= phase=candidate
2026-07-24 21:50:06 - matching_Stangl_Balmi - DEBUG -     gz_id=1003600 'huiciltepec' score=1.000 nombre=False saint_only=True terr= phase=candidate
2026-07-24 21:50:06 - matching_Stangl_Balmi - DEBUG -     gz_id=1003600 'huiciltepec' score=1.000 nombre=False saint_only=True terr= phase=candidate
2026-07-24 21:50:06 - matching_Stangl_Balmi - DEBUG -     gz_id=1000313 'santa crus' score=1.000 nombre=False saint_only=True terr= phase=candidate
2026-07-24 21:50:06 - matching_Stangl_Balmi - DEBUG -     gz_id=1000313 'santa crus' score=1.000 nombre=False saint_only=True terr= phase=candidate
2026-07-24 21:50:06 - matching_Stangl_Balmi - DEBUG -     gz_id=1000313 'santa crus' score=1.000 nombre=False saint_only=True terr= phase=candidate
2026-07-24 21:50:06 - matching_Stangl_Balmi - DEBUG -     gz_id=1000313 'santa crus' score=1.000 nombre=False saint_only=True terr= phase=candidate
2026-07-24 21:50:06 - matching_Stangl_Balmi - DEBUG -     gz_id=1000313 'santa crus' score=1.000 nombre=False saint_only=True terr= phase=candidate
2026-07-24 21:50:06 - matching_Stangl_Balmi - DEBUG -     gz_id=4000052 'arahua' score=1.000 nombre=False saint_only=True terr= phase=candidate
2026-07-24 21:50:06 - matching_Stangl_Balmi - DEBUG -     gz_id=4000052 'arahua' score=1.000 nombre=False saint_only=True terr= phase=candidate
2026-07-24 21:50:06 - matching_Stangl_Balmi - DEBUG -     gz_id=4000052 'arahua' score=1.000 nombre=False saint_only=True terr= phase=candidate
2026-07-24 21:50:06 - matching_Stangl_Balmi - DEBUG -     gz_id=1000351 'santa crus' score=1.000 nombre=True saint_only=False terr= phase=auto_adopt
2026-07-24 21:50:06 - matching_Stangl_Balmi - DEBUG -     gz_id=1000351 'santa crus' score=1.000 nombre=True saint_only=False terr= phase=auto_adopt
2026-07-24 21:50:06 - matching_Stangl_Balmi - DEBUG -     gz_id=4000064 'caucahua' score=1.000 nombre=False saint_only=False terr= phase=candidate
2026-07-24 21:50:06 - matching_Stangl_Balmi - DEBUG -     gz_id=4000064 'caucahua' score=1.000 nombre=False saint_only=False terr= phase=candidate
2026-07-24 21:50:06 - matching_Stangl_Balmi - DEBUG -     gz_id=4000064 'caucahua' score=1.000 nombre=False saint_only=False terr= phase=candidate
2026-07-24 21:50:06 - matching_Stangl_Balmi - DEBUG -     gz_id=4000064 'caucahua' score=1.000 nombre=False saint_only=False terr= phase=candidate
2026-07-24 21:50:06 - matching_Stangl_Balmi - DEBUG -     gz_id=4000064 'caucahua' score=1.000 nombre=False saint_only=False terr= phase=candidate
2026-07-24 21:50:06 - matching_Stangl_Balmi - DEBUG -     gz_id=4000064 'caucahua' score=1.000 nombre=False saint_only=False terr= phase=candidate
2026-07-24 21:50:06 - matching_Stangl_Balmi - DEBUG -     gz_id=1003745 'cuautomatitla' score=1.000 nombre=False saint_only=True terr= phase=candidate
2026-07-24 21:50:06 - matching_Stangl_Balmi - DEBUG -     gz_id=1003745 'cuautomatitla' score=1.000 nombre=False saint_only=True terr= phase=candidate
2026-07-24 21:50:06 - matching_Stangl_Balmi - DEBUG -     gz_id=1003745 'cuautomatitla' score=1.000 nombre=False saint_only=True terr= phase=candidate
2026-07-24 21:50:06 - matching_Stangl_Balmi - DEBUG -     gz_id=1000388 'papagarame' score=1.000 nombre=False saint_only=True terr= phase=candidate
2026-07-24 21:50:06 - matching_Stangl_Balmi - DEBUG -     gz_id=1000388 'papagarame' score=1.000 nombre=False saint_only=True terr= phase=candidate
2026-07-24 21:50:06 - matching_Stangl_Balmi - DEBUG -     gz_id=1000395 'nasas' score=1.000 nombre=False saint_only=True terr= phase=candidate
2026-07-24 21:50:06 - matching_Stangl_Balmi - DEBUG -     gz_id=1000395 'nasas' score=1.000 nombre=False saint_only=True terr= phase=candidate
2026-07-24 21:50:06 - matching_Stangl_Balmi - DEBUG -     gz_id=1000395 'nasas' score=1.000 nombre=False saint_only=True terr= phase=candidate
2026-07-24 21:50:06 - matching_Stangl_Balmi - DEBUG -     gz_id=1000498 'santa crus' score=1.000 nombre=True saint_only=False terr= phase=auto_adopt
2026-07-24 21:50:06 - matching_Stangl_Balmi - DEBUG -     gz_id=1000498 'santa crus' score=1.000 nombre=True saint_only=False terr= phase=auto_adopt
2026-07-24 21:50:06 - matching_Stangl_Balmi - DEBUG -     gz_id=9900004 'santa crus' score=1.000 nombre=True saint_only=False terr= phase=auto_adopt
2026-07-24 21:50:06 - matching_Stangl_Balmi - DEBUG -     gz_id=1003880 'santa crus' score=1.000 nombre=True saint_only=False terr= phase=auto_adopt
2026-07-24 21:50:06 - matching_Stangl_Balmi - DEBUG -     gz_id=1003880 'santa crus' score=1.000 nombre=True saint_only=False terr= phase=auto_adopt
2026-07-24 21:50:06 - matching_Stangl_Balmi - DEBUG -     gz_id=1003880 'santa crus' score=1.000 nombre=True saint_only=False terr= phase=auto_adopt
2026-07-24 21:50:06 - matching_Stangl_Balmi - DEBUG -     gz_id=1003880 'santa crus' score=1.000 nombre=True saint_only=False terr= phase=auto_adopt
2026-07-24 21:50:06 - matching_Stangl_Balmi - DEBUG -     gz_id=1003880 'santa crus' score=1.000 nombre=True saint_only=False terr= phase=auto_adopt
2026-07-24 21:50:06 - matching_Stangl_Balmi - DEBUG -     gz_id=4000141 'huarico' score=1.000 nombre=False saint_only=True terr= phase=candidate
2026-07-24 21:50:06 - matching_Stangl_Balmi - DEBUG -     gz_id=4000141 'huarico' score=1.000 nombre=False saint_only=True terr= phase=candidate
2026-07-24 21:50:06 - matching_Stangl_Balmi - DEBUG -     gz_id=4000141 'huarico' score=1.000 nombre=False saint_only=True terr= phase=candidate
2026-07-24 21:50:06 - matching_Stangl_Balmi - DEBUG -     gz_id=4000141 'huarico' score=1.000 nombre=False saint_only=True terr= phase=candidate
2026-07-24 21:50:06 - matching_Stangl_Balmi - DEBUG -     gz_id=4000141 'huarico' score=1.000 nombre=False saint_only=True terr= phase=candidate
2026-07-24 21:50:06 - matching_Stangl_Balmi - DEBUG -     gz_id=4000141 'huarico' score=1.000 nombre=False saint_only=True terr= phase=candidate
2026-07-24 21:50:06 - matching_Stangl_Balmi - DEBUG -     gz_id=1000530 'camotlan' score=1.000 nombre=False saint_only=True terr= phase=candidate
2026-07-24 21:50:06 - matching_Stangl_Balmi - DEBUG -     gz_id=1000530 'camotlan' score=1.000 nombre=False saint_only=True terr= phase=candidate
2026-07-24 21:50:06 - matching_Stangl_Balmi - DEBUG -     gz_id=1000530 'camotlan' score=1.000 nombre=False saint_only=True terr= phase=candidate
2026-07-24 21:50:06 - matching_Stangl_Balmi - DEBUG -     gz_id=9900039 'charcas' score=1.000 nombre=False saint_only=True terr= phase=candidate
2026-07-24 21:50:06 - matching_Stangl_Balmi - DEBUG -     gz_id=9900039 'charcas' score=1.000 nombre=False saint_only=True terr= phase=candidate
2026-07-24 21:50:07 - matching_Stangl_Balmi - DEBUG -     gz_id=9900039 'charcas' score=1.000 nombre=False saint_only=True terr= phase=candidate
2026-07-24 21:50:07 - matching_Stangl_Balmi - DEBUG -     gz_id=9900039 'charcas' score=1.000 nombre=False saint_only=True terr= phase=candidate
2026-07-24 21:50:07 - matching_Stangl_Balmi - DEBUG -     gz_id=1000546 'santa crus cocula' score=1.000 nombre=False saint_only=True terr= phase=candidate
2026-07-24 21:50:07 - matching_Stangl_Balmi - DEBUG -     gz_id=1000546 'santa crus cocula' score=1.000 nombre=False saint_only=True terr= phase=candidate
2026-07-24 21:50:07 - matching_Stangl_Balmi - DEBUG -     gz_id=1000555 'santa crus soledad' score=1.000 nombre=False saint_only=True terr= phase=candidate
2026-07-24 21:50:07 - matching_Stangl_Balmi - DEBUG -     gz_id=1000555 'santa crus soledad' score=1.000 nombre=False saint_only=True terr= phase=candidate
2026-07-24 21:50:07 - matching_Stangl_Balmi - DEBUG -     gz_id=1003912 'santa crus' score=1.000 nombre=True saint_only=False terr= phase=auto_adopt
2026-07-24 21:50:07 - matching_Stangl_Balmi - DEBUG -     gz_id=1003912 'santa crus' score=1.000 nombre=True saint_only=False terr= phase=auto_adopt
2026-07-24 21:50:07 - matching_Stangl_Balmi - DEBUG -     gz_id=1003912 'santa crus' score=1.000 nombre=True saint_only=False terr= phase=auto_adopt
2026-07-24 21:50:07 - matching_Stangl_Balmi - DEBUG -     gz_id=1003912 'santa crus' score=1.000 nombre=True saint_only=False terr= phase=auto_adopt
2026-07-24 21:50:07 - matching_Stangl_Balmi - DEBUG -     gz_id=1003912 'santa crus' score=1.000 nombre=True saint_only=False terr= phase=auto_adopt
2026-07-24 21:50:07 - matching_Stangl_Balmi - DEBUG -     gz_id=1000607 'santa crus' score=1.000 nombre=True saint_only=False terr= phase=auto_adopt
2026-07-24 21:50:07 - matching_Stangl_Balmi - DEBUG -     gz_id=1000607 'santa crus' score=1.000 nombre=True saint_only=False terr= phase=auto_adopt
2026-07-24 21:50:07 - matching_Stangl_Balmi - DEBUG -     gz_id=1000619 'santa crus' score=1.000 nombre=True saint_only=False terr= phase=auto_adopt
2026-07-24 21:50:07 - matching_Stangl_Balmi - DEBUG -     gz_id=1000619 'santa crus' score=1.000 nombre=True saint_only=False terr= phase=auto_adopt
2026-07-24 21:50:07 - matching_Stangl_Balmi - DEBUG -     gz_id=4000203 'huatire' score=1.000 nombre=False saint_only=True terr= phase=candidate
2026-07-24 21:50:07 - matching_Stangl_Balmi - DEBUG -     gz_id=4000203 'huatire' score=1.000 nombre=False saint_only=True terr= phase=candidate
2026-07-24 21:50:07 - matching_Stangl_Balmi - DEBUG -     gz_id=4000203 'huatire' score=1.000 nombre=False saint_only=True terr= phase=candidate
2026-07-24 21:50:07 - matching_Stangl_Balmi - DEBUG -     gz_id=4000203 'huatire' score=1.000 nombre=False saint_only=True terr= phase=candidate
2026-07-24 21:50:07 - matching_Stangl_Balmi - DEBUG -     gz_id=4000203 'huatire' score=1.000 nombre=False saint_only=True terr= phase=candidate
2026-07-24 21:50:07 - matching_Stangl_Balmi - DEBUG -     gz_id=4000203 'huatire' score=1.000 nombre=False saint_only=True terr= phase=candidate
2026-07-24 21:50:07 - matching_Stangl_Balmi - DEBUG -     gz_id=4000209 'macaira' score=1.000 nombre=False saint_only=True terr= phase=candidate
2026-07-24 21:50:07 - matching_Stangl_Balmi - DEBUG -     gz_id=4000209 'macaira' score=1.000 nombre=False saint_only=True terr= phase=candidate
2026-07-24 21:50:07 - matching_Stangl_Balmi - DEBUG -     gz_id=4000209 'macaira' score=1.000 nombre=False saint_only=True terr= phase=candidate
2026-07-24 21:50:07 - matching_Stangl_Balmi - DEBUG -     gz_id=1000671 'santa crus' score=1.000 nombre=True saint_only=False terr= phase=auto_adopt
2026-07-24 21:50:07 - matching_Stangl_Balmi - DEBUG -     gz_id=1000671 'santa crus' score=1.000 nombre=True saint_only=False terr= phase=auto_adopt
2026-07-24 21:50:07 - matching_Stangl_Balmi - DEBUG -     gz_id=1000676 'baltierrilla' score=1.000 nombre=False saint_only=True terr= phase=candidate
2026-07-24 21:50:07 - matching_Stangl_Balmi - DEBUG -     gz_id=1000676 'baltierrilla' score=1.000 nombre=False saint_only=True terr= phase=candidate
2026-07-24 21:50:07 - matching_Stangl_Balmi - DEBUG -     gz_id=1003968 'nacori' score=1.000 nombre=False saint_only=True terr= phase=candidate
2026-07-24 21:50:07 - matching_Stangl_Balmi - DEBUG -     gz_id=1003968 'nacori' score=1.000 nombre=False saint_only=True terr= phase=candidate
2026-07-24 21:50:07 - matching_Stangl_Balmi - DEBUG -     gz_id=1003968 'nacori' score=1.000 nombre=False saint_only=True terr= phase=candidate
2026-07-24 21:50:07 - matching_Stangl_Balmi - DEBUG -     gz_id=1003968 'nacori' score=1.000 nombre=False saint_only=True terr= phase=candidate
2026-07-24 21:50:07 - matching_Stangl_Balmi - DEBUG -     gz_id=1003968 'nacori' score=1.000 nombre=False saint_only=True terr= phase=candidate
2026-07-24 21:50:07 - matching_Stangl_Balmi - DEBUG -     gz_id=1003968 'nacori' score=1.000 nombre=False saint_only=True terr= phase=candidate
2026-07-24 21:50:07 - matching_Stangl_Balmi - DEBUG -     gz_id=1003968 'nacori' score=1.000 nombre=False saint_only=True terr= phase=candidate
2026-07-24 21:50:07 - matching_Stangl_Balmi - DEBUG -     gz_id=4000267 'nogal' score=1.000 nombre=False saint_only=True terr= phase=candidate
2026-07-24 21:50:07 - matching_Stangl_Balmi - DEBUG -     gz_id=9900238 'cibolo' score=1.000 nombre=False saint_only=True terr= phase=candidate
2026-07-24 21:50:07 - matching_Stangl_Balmi - DEBUG -     gz_id=9900238 'cibolo' score=1.000 nombre=False saint_only=True terr= phase=candidate
2026-07-24 21:50:07 - matching_Stangl_Balmi - DEBUG -     gz_id=9900238 'cibolo' score=1.000 nombre=False saint_only=True terr= phase=candidate
2026-07-24 21:50:07 - matching_Stangl_Balmi - DEBUG -     gz_id=9900238 'cibolo' score=1.000 nombre=False saint_only=True terr= phase=candidate
2026-07-24 21:50:07 - matching_Stangl_Balmi - DEBUG -     gz_id=1000851 'atoiac' score=1.000 nombre=False saint_only=True terr= phase=candidate
2026-07-24 21:50:07 - matching_Stangl_Balmi - DEBUG -     gz_id=1000851 'atoiac' score=1.000 nombre=False saint_only=True terr= phase=candidate
2026-07-24 21:50:07 - matching_Stangl_Balmi - DEBUG -     gz_id=1000851 'atoiac' score=1.000 nombre=False saint_only=True terr= phase=candidate
2026-07-24 21:50:07 - matching_Stangl_Balmi - DEBUG -     gz_id=1000851 'atoiac' score=1.000 nombre=False saint_only=True terr= phase=candidate
2026-07-24 21:50:07 - matching_Stangl_Balmi - DEBUG -     gz_id=6000527 'santa crus' score=1.000 nombre=True saint_only=False terr= phase=auto_adopt
2026-07-24 21:50:07 - matching_Stangl_Balmi - DEBUG -     gz_id=6000527 'santa crus' score=1.000 nombre=True saint_only=False terr= phase=auto_adopt
2026-07-24 21:50:07 - matching_Stangl_Balmi - DEBUG -     gz_id=1004130 'santa crus tlaxcala' score=1.000 nombre=False saint_only=True terr= phase=candidate
2026-07-24 21:50:07 - matching_Stangl_Balmi - DEBUG -     gz_id=1004130 'santa crus tlaxcala' score=1.000 nombre=False saint_only=True terr= phase=candidate
2026-07-24 21:50:07 - matching_Stangl_Balmi - DEBUG -     gz_id=1004130 'santa crus tlaxcala' score=1.000 nombre=False saint_only=True terr= phase=candidate
2026-07-24 21:50:07 - matching_Stangl_Balmi - DEBUG -     gz_id=9900548 'santa crus' score=1.000 nombre=False saint_only=True terr= phase=candidate
2026-07-24 21:50:07 - matching_Stangl_Balmi - DEBUG -     gz_id=9900548 'santa crus' score=1.000 nombre=False saint_only=True terr= phase=candidate
2026-07-24 21:50:07 - matching_Stangl_Balmi - DEBUG -     gz_id=4000343 'santa crus' score=1.000 nombre=False saint_only=True terr= phase=candidate
2026-07-24 21:50:07 - matching_Stangl_Balmi - DEBUG -     gz_id=4000343 'santa crus' score=1.000 nombre=False saint_only=True terr= phase=candidate
2026-07-24 21:50:07 - matching_Stangl_Balmi - DEBUG -     gz_id=4000343 'santa crus' score=1.000 nombre=False saint_only=True terr= phase=candidate
2026-07-24 21:50:07 - matching_Stangl_Balmi - DEBUG -     gz_id=4000343 'santa crus' score=1.000 nombre=False saint_only=True terr= phase=candidate
2026-07-24 21:50:07 - matching_Stangl_Balmi - DEBUG -     gz_id=4000343 'santa crus' score=1.000 nombre=False saint_only=True terr= phase=candidate
2026-07-24 21:50:07 - matching_Stangl_Balmi - DEBUG -     gz_id=4000343 'santa crus' score=1.000 nombre=False saint_only=True terr= phase=candidate
2026-07-24 21:50:07 - matching_Stangl_Balmi - DEBUG -     gz_id=4000343 'santa crus' score=1.000 nombre=False saint_only=True terr= phase=candidate
2026-07-24 21:50:07 - matching_Stangl_Balmi - DEBUG -     gz_id=4000371 'cachipo' score=1.000 nombre=False saint_only=True terr= phase=candidate
2026-07-24 21:50:07 - matching_Stangl_Balmi - DEBUG -     gz_id=4000371 'cachipo' score=1.000 nombre=False saint_only=True terr= phase=candidate
2026-07-24 21:50:07 - matching_Stangl_Balmi - DEBUG -     gz_id=4000371 'cachipo' score=1.000 nombre=False saint_only=True terr= phase=candidate
2026-07-24 21:50:07 - matching_Stangl_Balmi - DEBUG -     gz_id=4000371 'cachipo' score=1.000 nombre=False saint_only=True terr= phase=candidate
2026-07-24 21:50:07 - matching_Stangl_Balmi - DEBUG -     gz_id=1000989 'tecamac' score=1.000 nombre=False saint_only=True terr= phase=candidate
2026-07-24 21:50:07 - matching_Stangl_Balmi - DEBUG -     gz_id=1000989 'tecamac' score=1.000 nombre=False saint_only=True terr= phase=candidate
2026-07-24 21:50:07 - matching_Stangl_Balmi - DEBUG -     gz_id=6000749 'santa crus' score=1.000 nombre=True saint_only=False terr= phase=auto_adopt
2026-07-24 21:50:07 - matching_Stangl_Balmi - DEBUG -     gz_id=6000749 'santa crus' score=1.000 nombre=True saint_only=False terr= phase=auto_adopt
2026-07-24 21:50:07 - matching_Stangl_Balmi - DEBUG -     gz_id=4000386 'casanai' score=1.000 nombre=False saint_only=True terr= phase=candidate
2026-07-24 21:50:07 - matching_Stangl_Balmi - DEBUG -     gz_id=4000386 'casanai' score=1.000 nombre=False saint_only=True terr= phase=candidate
2026-07-24 21:50:07 - matching_Stangl_Balmi - DEBUG -     gz_id=4000386 'casanai' score=1.000 nombre=False saint_only=True terr= phase=candidate
2026-07-24 21:50:07 - matching_Stangl_Balmi - DEBUG -     gz_id=4000386 'casanai' score=1.000 nombre=False saint_only=True terr= phase=candidate
2026-07-24 21:50:07 - matching_Stangl_Balmi - DEBUG -     gz_id=4000386 'casanai' score=1.000 nombre=False saint_only=True terr= phase=candidate
2026-07-24 21:50:07 - matching_Stangl_Balmi - DEBUG -     gz_id=4000386 'casanai' score=1.000 nombre=False saint_only=True terr= phase=candidate
2026-07-24 21:50:07 - matching_Stangl_Balmi - DEBUG -     gz_id=4000386 'casanai' score=1.000 nombre=False saint_only=True terr= phase=candidate
2026-07-24 21:50:07 - matching_Stangl_Balmi - DEBUG -     gz_id=9900686 'santa crus' score=1.000 nombre=True saint_only=False terr= phase=auto_adopt
2026-07-24 21:50:07 - matching_Stangl_Balmi - DEBUG -     gz_id=9900686 'santa crus' score=1.000 nombre=True saint_only=False terr= phase=auto_adopt
2026-07-24 21:50:07 - matching_Stangl_Balmi - DEBUG -     gz_id=9900686 'santa crus' score=1.000 nombre=True saint_only=False terr= phase=auto_adopt
2026-07-24 21:50:07 - matching_Stangl_Balmi - DEBUG -     gz_id=9900686 'santa crus' score=1.000 nombre=True saint_only=False terr= phase=auto_adopt
2026-07-24 21:50:07 - matching_Stangl_Balmi - DEBUG -     gz_id=1001037 'portesuelo' score=1.000 nombre=False saint_only=True terr= phase=candidate
2026-07-24 21:50:07 - matching_Stangl_Balmi - DEBUG -     gz_id=1001037 'portesuelo' score=1.000 nombre=False saint_only=True terr= phase=candidate
2026-07-24 21:50:07 - matching_Stangl_Balmi - DEBUG -     gz_id=6000798 'santa crus' score=1.000 nombre=True saint_only=False terr= phase=auto_adopt
2026-07-24 21:50:07 - matching_Stangl_Balmi - DEBUG -     gz_id=6000798 'santa crus' score=1.000 nombre=True saint_only=False terr= phase=auto_adopt
2026-07-24 21:50:07 - matching_Stangl_Balmi - DEBUG -     gz_id=1001073 'alberto' score=1.000 nombre=False saint_only=True terr= phase=candidate
2026-07-24 21:50:07 - matching_Stangl_Balmi - DEBUG -     gz_id=1001073 'alberto' score=1.000 nombre=False saint_only=True terr= phase=candidate
2026-07-24 21:50:07 - matching_Stangl_Balmi - DEBUG -     gz_id=6000874 'ate' score=1.000 nombre=False saint_only=True terr= phase=candidate
2026-07-24 21:50:07 - matching_Stangl_Balmi - DEBUG -     gz_id=6000874 'ate' score=1.000 nombre=False saint_only=True terr= phase=candidate
2026-07-24 21:50:07 - matching_Stangl_Balmi - DEBUG -     gz_id=1001130 'santa crus' score=1.000 nombre=False saint_only=True terr= phase=candidate
2026-07-24 21:50:07 - matching_Stangl_Balmi - DEBUG -     gz_id=1001130 'santa crus' score=1.000 nombre=False saint_only=True terr= phase=candidate
2026-07-24 21:50:07 - matching_Stangl_Balmi - DEBUG -     gz_id=4000437 'santa crus monte calbario' score=1.000 nombre=False saint_only=True terr= phase=candidate
2026-07-24 21:50:07 - matching_Stangl_Balmi - DEBUG -     gz_id=4000437 'santa crus monte calbario' score=1.000 nombre=False saint_only=True terr= phase=candidate
2026-07-24 21:50:07 - matching_Stangl_Balmi - DEBUG -     gz_id=4000437 'santa crus monte calbario' score=1.000 nombre=False saint_only=True terr= phase=candidate
2026-07-24 21:50:07 - matching_Stangl_Balmi - DEBUG -     gz_id=4000437 'santa crus monte calbario' score=1.000 nombre=False saint_only=True terr= phase=candidate
2026-07-24 21:50:07 - matching_Stangl_Balmi - DEBUG -     gz_id=1001175 'cuauhtenco' score=1.000 nombre=False saint_only=True terr= phase=candidate
2026-07-24 21:50:07 - matching_Stangl_Balmi - DEBUG -     gz_id=1001175 'cuauhtenco' score=1.000 nombre=False saint_only=True terr= phase=candidate
2026-07-24 21:50:07 - matching_Stangl_Balmi - DEBUG -     gz_id=1001175 'cuauhtenco' score=1.000 nombre=False saint_only=True terr= phase=candidate
2026-07-24 21:50:07 - matching_Stangl_Balmi - DEBUG -     gz_id=6000938 'santa crus balle' score=1.000 nombre=False saint_only=True terr= phase=candidate
2026-07-24 21:50:07 - matching_Stangl_Balmi - DEBUG -     gz_id=6000938 'santa crus balle' score=1.000 nombre=False saint_only=True terr= phase=candidate
2026-07-24 21:50:07 - matching_Stangl_Balmi - DEBUG -     gz_id=4000471 'santa crus' score=1.000 nombre=True saint_only=False terr= phase=auto_adopt
2026-07-24 21:50:07 - matching_Stangl_Balmi - DEBUG -     gz_id=4000471 'santa crus' score=1.000 nombre=True saint_only=False terr= phase=auto_adopt
2026-07-24 21:50:07 - matching_Stangl_Balmi - DEBUG -     gz_id=4000471 'santa crus' score=1.000 nombre=True saint_only=False terr= phase=auto_adopt
2026-07-24 21:50:07 - matching_Stangl_Balmi - DEBUG -     gz_id=9900844 'balle santa crus' score=1.000 nombre=False saint_only=True terr= phase=candidate
2026-07-24 21:50:07 - matching_Stangl_Balmi - DEBUG -     gz_id=9900844 'balle santa crus' score=1.000 nombre=False saint_only=True terr= phase=candidate
2026-07-24 21:50:07 - matching_Stangl_Balmi - DEBUG -     gz_id=9900844 'balle santa crus' score=1.000 nombre=False saint_only=True terr= phase=candidate
2026-07-24 21:50:07 - matching_Stangl_Balmi - DEBUG -     gz_id=9900844 'balle santa crus' score=1.000 nombre=False saint_only=True terr= phase=candidate
2026-07-24 21:50:07 - matching_Stangl_Balmi - DEBUG -     gz_id=9900844 'balle santa crus' score=1.000 nombre=False saint_only=True terr= phase=candidate
2026-07-24 21:50:07 - matching_Stangl_Balmi - DEBUG -     gz_id=9900915 'santa crus' score=1.000 nombre=False saint_only=True terr= phase=candidate
2026-07-24 21:50:07 - matching_Stangl_Balmi - DEBUG -     gz_id=1004677 'santa crus' score=1.000 nombre=True saint_only=False terr= phase=auto_adopt
2026-07-24 21:50:07 - matching_Stangl_Balmi - DEBUG -     gz_id=1004677 'santa crus' score=1.000 nombre=True saint_only=False terr= phase=auto_adopt
2026-07-24 21:50:07 - matching_Stangl_Balmi - DEBUG -     gz_id=1004677 'santa crus' score=1.000 nombre=True saint_only=False terr= phase=auto_adopt
2026-07-24 21:50:07 - matching_Stangl_Balmi - DEBUG -     gz_id=1001438 'santa crus monte' score=1.000 nombre=False saint_only=True terr= phase=candidate
2026-07-24 21:50:07 - matching_Stangl_Balmi - DEBUG -     gz_id=1001438 'santa crus monte' score=1.000 nombre=False saint_only=True terr= phase=candidate
2026-07-24 21:50:07 - matching_Stangl_Balmi - DEBUG -     gz_id=1001474 'tetipac' score=1.000 nombre=False saint_only=True terr= phase=candidate
2026-07-24 21:50:07 - matching_Stangl_Balmi - DEBUG -     gz_id=1001474 'tetipac' score=1.000 nombre=False saint_only=True terr= phase=candidate
2026-07-24 21:50:07 - matching_Stangl_Balmi - DEBUG -     gz_id=9901006 'crus' score=1.000 nombre=False saint_only=False terr= phase=auto_adopt
2026-07-24 21:50:07 - matching_Stangl_Balmi - DEBUG -     gz_id=9901006 'crus' score=1.000 nombre=False saint_only=False terr= phase=auto_adopt
2026-07-24 21:50:07 - matching_Stangl_Balmi - DEBUG -     gz_id=9901006 'crus' score=1.000 nombre=False saint_only=False terr= phase=auto_adopt
2026-07-24 21:50:07 - matching_Stangl_Balmi - DEBUG -     gz_id=9901006 'crus' score=1.000 nombre=False saint_only=False terr= phase=auto_adopt
2026-07-24 21:50:07 - matching_Stangl_Balmi - DEBUG -     gz_id=9901006 'crus' score=1.000 nombre=False saint_only=False terr= phase=auto_adopt
2026-07-24 21:50:07 - matching_Stangl_Balmi - DEBUG -     gz_id=9901006 'crus' score=1.000 nombre=False saint_only=False terr= phase=auto_adopt
2026-07-24 21:50:07 - matching_Stangl_Balmi - DEBUG -     gz_id=1001491 'capula' score=1.000 nombre=False saint_only=True terr= phase=candidate
2026-07-24 21:50:07 - matching_Stangl_Balmi - DEBUG -     gz_id=1001491 'capula' score=1.000 nombre=False saint_only=True terr= phase=candidate
2026-07-24 21:50:07 - matching_Stangl_Balmi - DEBUG -     gz_id=1001491 'capula' score=1.000 nombre=False saint_only=True terr= phase=candidate
2026-07-24 21:50:07 - matching_Stangl_Balmi - DEBUG -     gz_id=1001491 'capula' score=1.000 nombre=False saint_only=True terr= phase=candidate
2026-07-24 21:50:07 - matching_Stangl_Balmi - DEBUG -     gz_id=9901006 'crus' score=1.000 nombre=False saint_only=False terr= phase=auto_adopt
2026-07-24 21:50:07 - matching_Stangl_Balmi - DEBUG -     gz_id=1004755 'santa crus' score=1.000 nombre=True saint_only=False terr= phase=auto_adopt
2026-07-24 21:50:07 - matching_Stangl_Balmi - DEBUG -     gz_id=1004755 'santa crus' score=1.000 nombre=True saint_only=False terr= phase=auto_adopt
2026-07-24 21:50:07 - matching_Stangl_Balmi - DEBUG -     gz_id=6001270 'lamas' score=1.000 nombre=False saint_only=True terr= phase=candidate
2026-07-24 21:50:07 - matching_Stangl_Balmi - DEBUG -     gz_id=6001270 'lamas' score=1.000 nombre=False saint_only=True terr= phase=candidate
2026-07-24 21:50:07 - matching_Stangl_Balmi - DEBUG -     gz_id=6001270 'lamas' score=1.000 nombre=False saint_only=True terr= phase=candidate
2026-07-24 21:50:07 - matching_Stangl_Balmi - DEBUG -     gz_id=1001501 'ixtapan' score=1.000 nombre=False saint_only=True terr= phase=candidate
2026-07-24 21:50:07 - matching_Stangl_Balmi - DEBUG -     gz_id=1001501 'ixtapan' score=1.000 nombre=False saint_only=True terr= phase=candidate
2026-07-24 21:50:07 - matching_Stangl_Balmi - DEBUG -     gz_id=1001528 'texcalapa' score=1.000 nombre=False saint_only=True terr= phase=candidate
2026-07-24 21:50:07 - matching_Stangl_Balmi - DEBUG -     gz_id=1001528 'texcalapa' score=1.000 nombre=False saint_only=True terr= phase=candidate
2026-07-24 21:50:07 - matching_Stangl_Balmi - DEBUG -     gz_id=1001528 'texcalapa' score=1.000 nombre=False saint_only=True terr= phase=candidate
2026-07-24 21:50:07 - matching_Stangl_Balmi - DEBUG -     gz_id=1001528 'texcalapa' score=1.000 nombre=False saint_only=True terr= phase=candidate
2026-07-24 21:50:07 - matching_Stangl_Balmi - DEBUG -     gz_id=1001540 'atisapan' score=1.000 nombre=False saint_only=True terr= phase=candidate
2026-07-24 21:50:07 - matching_Stangl_Balmi - DEBUG -     gz_id=1001540 'atisapan' score=1.000 nombre=False saint_only=True terr= phase=candidate
2026-07-24 21:50:07 - matching_Stangl_Balmi - DEBUG -     gz_id=1001540 'atisapan' score=1.000 nombre=False saint_only=True terr= phase=candidate
2026-07-24 21:50:07 - matching_Stangl_Balmi - DEBUG -     gz_id=1004808 'san lorenso santa crus' score=1.000 nombre=False saint_only=False terr= phase=candidate
2026-07-24 21:50:07 - matching_Stangl_Balmi - DEBUG -     gz_id=1004808 'san lorenso santa crus' score=1.000 nombre=False saint_only=False terr= phase=candidate
2026-07-24 21:50:07 - matching_Stangl_Balmi - DEBUG -     gz_id=1004817 'tapaculmes' score=1.000 nombre=False saint_only=True terr= phase=candidate
2026-07-24 21:50:07 - matching_Stangl_Balmi - DEBUG -     gz_id=1004817 'tapaculmes' score=1.000 nombre=False saint_only=True terr= phase=candidate
2026-07-24 21:50:07 - matching_Stangl_Balmi - DEBUG -     gz_id=1004817 'tapaculmes' score=1.000 nombre=False saint_only=True terr= phase=candidate
2026-07-24 21:50:07 - matching_Stangl_Balmi - DEBUG -     gz_id=1004817 'tapaculmes' score=1.000 nombre=False saint_only=True terr= phase=candidate
2026-07-24 21:50:07 - matching_Stangl_Balmi - DEBUG -     gz_id=1004817 'tapaculmes' score=1.000 nombre=False saint_only=True terr= phase=candidate
2026-07-24 21:50:07 - matching_Stangl_Balmi - DEBUG -     gz_id=6001360 'santa crus' score=1.000 nombre=True saint_only=False terr= phase=auto_adopt
2026-07-24 21:50:07 - matching_Stangl_Balmi - DEBUG -     gz_id=6001360 'santa crus' score=1.000 nombre=True saint_only=False terr= phase=auto_adopt
2026-07-24 21:50:07 - matching_Stangl_Balmi - DEBUG -     gz_id=6001360 'santa crus' score=1.000 nombre=True saint_only=False terr= phase=auto_adopt
2026-07-24 21:50:07 - matching_Stangl_Balmi - DEBUG -     gz_id=1004872 'billa nueba' score=1.000 nombre=False saint_only=True terr= phase=candidate
2026-07-24 21:50:07 - matching_Stangl_Balmi - DEBUG -     gz_id=1004872 'billa nueba' score=1.000 nombre=False saint_only=True terr= phase=candidate
2026-07-24 21:50:07 - matching_Stangl_Balmi - DEBUG -     gz_id=1004872 'billa nueba' score=1.000 nombre=False saint_only=True terr= phase=candidate
2026-07-24 21:50:07 - matching_Stangl_Balmi - DEBUG -     gz_id=5000049 'lorica' score=1.000 nombre=False saint_only=True terr= phase=candidate
2026-07-24 21:50:07 - matching_Stangl_Balmi - DEBUG -     gz_id=5000049 'lorica' score=1.000 nombre=False saint_only=True terr= phase=candidate
2026-07-24 21:50:07 - matching_Stangl_Balmi - DEBUG -     gz_id=5000049 'lorica' score=1.000 nombre=False saint_only=True terr= phase=candidate
2026-07-24 21:50:07 - matching_Stangl_Balmi - DEBUG -     gz_id=5000049 'lorica' score=1.000 nombre=False saint_only=True terr= phase=candidate
2026-07-24 21:50:07 - matching_Stangl_Balmi - DEBUG -     gz_id=1001695 'astcaposaltongo' score=1.000 nombre=False saint_only=True terr= phase=candidate
2026-07-24 21:50:07 - matching_Stangl_Balmi - DEBUG -     gz_id=1001695 'astcaposaltongo' score=1.000 nombre=False saint_only=True terr= phase=candidate
2026-07-24 21:50:07 - matching_Stangl_Balmi - DEBUG -     gz_id=1001695 'astcaposaltongo' score=1.000 nombre=False saint_only=True terr= phase=candidate
2026-07-24 21:50:07 - matching_Stangl_Balmi - DEBUG -     gz_id=1001695 'astcaposaltongo' score=1.000 nombre=False saint_only=True terr= phase=candidate
2026-07-24 21:50:07 - matching_Stangl_Balmi - DEBUG -     gz_id=5000075 'crus' score=1.000 nombre=False saint_only=False terr= phase=auto_adopt
2026-07-24 21:50:07 - matching_Stangl_Balmi - DEBUG -     gz_id=5000075 'crus' score=1.000 nombre=False saint_only=False terr= phase=auto_adopt
2026-07-24 21:50:07 - matching_Stangl_Balmi - DEBUG -     gz_id=5000075 'crus' score=1.000 nombre=False saint_only=False terr= phase=auto_adopt
2026-07-24 21:50:07 - matching_Stangl_Balmi - DEBUG -     gz_id=5000075 'crus' score=1.000 nombre=False saint_only=False terr= phase=auto_adopt
2026-07-24 21:50:07 - matching_Stangl_Balmi - DEBUG -     gz_id=5000075 'crus' score=1.000 nombre=False saint_only=False terr= phase=auto_adopt
2026-07-24 21:50:07 - matching_Stangl_Balmi - DEBUG -     gz_id=5000111 'santa crus' score=1.000 nombre=False saint_only=True terr= phase=candidate
2026-07-24 21:50:07 - matching_Stangl_Balmi - DEBUG -     gz_id=5000111 'santa crus' score=1.000 nombre=False saint_only=True terr= phase=candidate
2026-07-24 21:50:07 - matching_Stangl_Balmi - DEBUG -     gz_id=6001542 'sonomoro' score=1.000 nombre=False saint_only=True terr= phase=candidate
2026-07-24 21:50:07 - matching_Stangl_Balmi - DEBUG -     gz_id=6001542 'sonomoro' score=1.000 nombre=False saint_only=True terr= phase=candidate
2026-07-24 21:50:07 - matching_Stangl_Balmi - DEBUG -     gz_id=6001559 'ahuaitia' score=1.000 nombre=False saint_only=True terr= phase=candidate
2026-07-24 21:50:07 - matching_Stangl_Balmi - DEBUG -     gz_id=6001575 'santa crus' score=1.000 nombre=True saint_only=False terr= phase=auto_adopt
2026-07-24 21:50:07 - matching_Stangl_Balmi - DEBUG -     gz_id=6001575 'santa crus' score=1.000 nombre=True saint_only=False terr= phase=auto_adopt
2026-07-24 21:50:07 - matching_Stangl_Balmi - DEBUG -     gz_id=1001786 'santa crus' score=1.000 nombre=True saint_only=False terr= phase=auto_adopt
2026-07-24 21:50:07 - matching_Stangl_Balmi - DEBUG -     gz_id=1001786 'santa crus' score=1.000 nombre=True saint_only=False terr= phase=auto_adopt
2026-07-24 21:50:07 - matching_Stangl_Balmi - DEBUG -     gz_id=1001802 'acalpixca' score=1.000 nombre=False saint_only=True terr= phase=candidate
2026-07-24 21:50:07 - matching_Stangl_Balmi - DEBUG -     gz_id=1001802 'acalpixca' score=1.000 nombre=False saint_only=True terr= phase=candidate
2026-07-24 21:50:07 - matching_Stangl_Balmi - DEBUG -     gz_id=7000049 'colchahua' score=1.000 nombre=False saint_only=True terr= phase=candidate
2026-07-24 21:50:07 - matching_Stangl_Balmi - DEBUG -     gz_id=7000049 'colchahua' score=1.000 nombre=False saint_only=True terr= phase=candidate
2026-07-24 21:50:07 - matching_Stangl_Balmi - DEBUG -     gz_id=1001828 'jochitepec' score=1.000 nombre=False saint_only=True terr= phase=candidate
2026-07-24 21:50:07 - matching_Stangl_Balmi - DEBUG -     gz_id=1001828 'jochitepec' score=1.000 nombre=False saint_only=True terr= phase=candidate
2026-07-24 21:50:07 - matching_Stangl_Balmi - DEBUG -     gz_id=5000198 'cana' score=1.000 nombre=False saint_only=True terr= phase=candidate
2026-07-24 21:50:07 - matching_Stangl_Balmi - DEBUG -     gz_id=5000198 'cana' score=1.000 nombre=False saint_only=True terr= phase=candidate
2026-07-24 21:50:07 - matching_Stangl_Balmi - DEBUG -     gz_id=5000198 'cana' score=1.000 nombre=False saint_only=True terr= phase=candidate
2026-07-24 21:50:07 - matching_Stangl_Balmi - DEBUG -     gz_id=5000198 'cana' score=1.000 nombre=False saint_only=True terr= phase=candidate
2026-07-24 21:50:07 - matching_Stangl_Balmi - DEBUG -     gz_id=5000198 'cana' score=1.000 nombre=False saint_only=True terr= phase=candidate
2026-07-24 21:50:07 - matching_Stangl_Balmi - DEBUG -     gz_id=1001878 'asulaques' score=1.000 nombre=False saint_only=True terr= phase=candidate
2026-07-24 21:50:07 - matching_Stangl_Balmi - DEBUG -     gz_id=1001878 'asulaques' score=1.000 nombre=False saint_only=True terr= phase=candidate
2026-07-24 21:50:07 - matching_Stangl_Balmi - DEBUG -     gz_id=1001878 'asulaques' score=1.000 nombre=False saint_only=True terr= phase=candidate
2026-07-24 21:50:07 - matching_Stangl_Balmi - DEBUG -     gz_id=7000128 'santa crus' score=1.000 nombre=True saint_only=False terr= phase=auto_adopt
2026-07-24 21:50:07 - matching_Stangl_Balmi - DEBUG -     gz_id=7000128 'santa crus' score=1.000 nombre=True saint_only=False terr= phase=auto_adopt
2026-07-24 21:50:07 - matching_Stangl_Balmi - DEBUG -     gz_id=7000128 'santa crus' score=1.000 nombre=True saint_only=False terr= phase=auto_adopt
2026-07-24 21:50:07 - matching_Stangl_Balmi - DEBUG -     gz_id=1001925 'temuthe' score=1.000 nombre=False saint_only=True terr= phase=candidate
2026-07-24 21:50:07 - matching_Stangl_Balmi - DEBUG -     gz_id=1001925 'temuthe' score=1.000 nombre=False saint_only=True terr= phase=candidate
2026-07-24 21:50:07 - matching_Stangl_Balmi - DEBUG -     gz_id=1005163 'nuca' score=1.000 nombre=False saint_only=True terr= phase=candidate
2026-07-24 21:50:07 - matching_Stangl_Balmi - DEBUG -     gz_id=1005200 'santa crus' score=1.000 nombre=False saint_only=True terr= phase=candidate
2026-07-24 21:50:07 - matching_Stangl_Balmi - DEBUG -     gz_id=1005200 'santa crus' score=1.000 nombre=False saint_only=True terr= phase=candidate
2026-07-24 21:50:07 - matching_Stangl_Balmi - DEBUG -     gz_id=7000259 'rancahua' score=1.000 nombre=False saint_only=True terr= phase=candidate
2026-07-24 21:50:07 - matching_Stangl_Balmi - DEBUG -     gz_id=7000259 'rancahua' score=1.000 nombre=False saint_only=True terr= phase=candidate
2026-07-24 21:50:07 - matching_Stangl_Balmi - DEBUG -     gz_id=1005246 'santa crus rejistro' score=1.000 nombre=False saint_only=True terr= phase=candidate
2026-07-24 21:50:07 - matching_Stangl_Balmi - DEBUG -     gz_id=1005246 'santa crus rejistro' score=1.000 nombre=False saint_only=True terr= phase=candidate
2026-07-24 21:50:07 - matching_Stangl_Balmi - DEBUG -     gz_id=5000380 'macinga' score=1.000 nombre=False saint_only=True terr= phase=candidate
2026-07-24 21:50:07 - matching_Stangl_Balmi - DEBUG -     gz_id=5000380 'macinga' score=1.000 nombre=False saint_only=True terr= phase=candidate
2026-07-24 21:50:07 - matching_Stangl_Balmi - DEBUG -     gz_id=1005263 'santa crus' score=1.000 nombre=True saint_only=False terr= phase=auto_adopt
2026-07-24 21:50:07 - matching_Stangl_Balmi - DEBUG -     gz_id=1005263 'santa crus' score=1.000 nombre=True saint_only=False terr= phase=auto_adopt
2026-07-24 21:50:07 - matching_Stangl_Balmi - DEBUG -     gz_id=5000409 'urumita' score=1.000 nombre=False saint_only=True terr= phase=candidate
2026-07-24 21:50:07 - matching_Stangl_Balmi - DEBUG -     gz_id=5000409 'urumita' score=1.000 nombre=False saint_only=True terr= phase=candidate
2026-07-24 21:50:07 - matching_Stangl_Balmi - DEBUG -     gz_id=1002046 'tanaco' score=1.000 nombre=False saint_only=True terr= phase=candidate
2026-07-24 21:50:07 - matching_Stangl_Balmi - DEBUG -     gz_id=1002046 'tanaco' score=1.000 nombre=False saint_only=True terr= phase=candidate
2026-07-24 21:50:07 - matching_Stangl_Balmi - DEBUG -     gz_id=1002046 'tanaco' score=1.000 nombre=False saint_only=True terr= phase=candidate
2026-07-24 21:50:07 - matching_Stangl_Balmi - DEBUG -     gz_id=1005363 'neira' score=1.000 nombre=False saint_only=True terr= phase=candidate
2026-07-24 21:50:07 - matching_Stangl_Balmi - DEBUG -     gz_id=1005363 'neira' score=1.000 nombre=False saint_only=True terr= phase=candidate
2026-07-24 21:50:07 - matching_Stangl_Balmi - DEBUG -     gz_id=1005386 'nutrias' score=1.000 nombre=False saint_only=True terr= phase=candidate
2026-07-24 21:50:07 - matching_Stangl_Balmi - DEBUG -     gz_id=1005386 'nutrias' score=1.000 nombre=False saint_only=True terr= phase=candidate
2026-07-24 21:50:07 - matching_Stangl_Balmi - DEBUG -     gz_id=1005386 'nutrias' score=1.000 nombre=False saint_only=True terr= phase=candidate
2026-07-24 21:50:07 - matching_Stangl_Balmi - DEBUG -     gz_id=1005386 'nutrias' score=1.000 nombre=False saint_only=True terr= phase=candidate
2026-07-24 21:50:07 - matching_Stangl_Balmi - DEBUG -     gz_id=1005386 'nutrias' score=1.000 nombre=False saint_only=True terr= phase=candidate
2026-07-24 21:50:07 - matching_Stangl_Balmi - DEBUG -     gz_id=1005415 'santa crus urrecha' score=1.000 nombre=False saint_only=True terr= phase=candidate
2026-07-24 21:50:07 - matching_Stangl_Balmi - DEBUG -     gz_id=1005415 'santa crus urrecha' score=1.000 nombre=False saint_only=True terr= phase=candidate
2026-07-24 21:50:07 - matching_Stangl_Balmi - DEBUG -     gz_id=1005415 'santa crus urrecha' score=1.000 nombre=False saint_only=True terr= phase=candidate
2026-07-24 21:50:07 - matching_Stangl_Balmi - DEBUG -     gz_id=8000009 'santa crus' score=1.000 nombre=False saint_only=False terr= phase=candidate
2026-07-24 21:50:07 - matching_Stangl_Balmi - DEBUG -     gz_id=8000009 'santa crus' score=1.000 nombre=False saint_only=False terr= phase=candidate
2026-07-24 21:50:07 - matching_Stangl_Balmi - DEBUG -     gz_id=5000688 'pachaquiaro' score=1.000 nombre=False saint_only=True terr= phase=candidate
2026-07-24 21:50:07 - matching_Stangl_Balmi - DEBUG -     gz_id=1002217 'amilpas' score=1.000 nombre=False saint_only=True terr= phase=candidate
2026-07-24 21:50:07 - matching_Stangl_Balmi - DEBUG -     gz_id=1002217 'amilpas' score=1.000 nombre=False saint_only=True terr= phase=candidate
2026-07-24 21:50:07 - matching_Stangl_Balmi - DEBUG -     gz_id=1002241 'santa crus mixtepec' score=1.000 nombre=False saint_only=True terr= phase=candidate
2026-07-24 21:50:07 - matching_Stangl_Balmi - DEBUG -     gz_id=1002241 'santa crus mixtepec' score=1.000 nombre=False saint_only=True terr= phase=candidate
2026-07-24 21:50:07 - matching_Stangl_Balmi - DEBUG -     gz_id=1002242 'nejila' score=1.000 nombre=False saint_only=True terr= phase=candidate
2026-07-24 21:50:07 - matching_Stangl_Balmi - DEBUG -     gz_id=1002242 'nejila' score=1.000 nombre=False saint_only=True terr= phase=candidate
2026-07-24 21:50:07 - matching_Stangl_Balmi - DEBUG -     gz_id=1005509 'crus' score=1.000 nombre=False saint_only=False terr= phase=auto_adopt
2026-07-24 21:50:07 - matching_Stangl_Balmi - DEBUG -     gz_id=5000829 'crus' score=1.000 nombre=False saint_only=False terr= phase=candidate
2026-07-24 21:50:07 - matching_Stangl_Balmi - DEBUG -     gz_id=5000829 'crus' score=1.000 nombre=False saint_only=False terr= phase=candidate
2026-07-24 21:50:07 - matching_Stangl_Balmi - DEBUG -     gz_id=5000829 'crus' score=1.000 nombre=False saint_only=False terr= phase=candidate
2026-07-24 21:50:07 - matching_Stangl_Balmi - DEBUG -     gz_id=5000829 'crus' score=1.000 nombre=False saint_only=False terr= phase=candidate
2026-07-24 21:50:07 - matching_Stangl_Balmi - DEBUG -     gz_id=1002321 'jojocotlan' score=1.000 nombre=False saint_only=True terr= phase=candidate
2026-07-24 21:50:07 - matching_Stangl_Balmi - DEBUG -     gz_id=1002321 'jojocotlan' score=1.000 nombre=False saint_only=True terr= phase=candidate
2026-07-24 21:50:07 - matching_Stangl_Balmi - DEBUG -     gz_id=1002321 'jojocotlan' score=1.000 nombre=False saint_only=True terr= phase=candidate
2026-07-24 21:50:07 - matching_Stangl_Balmi - DEBUG -     gz_id=1002321 'jojocotlan' score=1.000 nombre=False saint_only=True terr= phase=candidate
2026-07-24 21:50:07 - matching_Stangl_Balmi - DEBUG -     gz_id=2000098 'socoltenango' score=1.000 nombre=False saint_only=True terr= phase=candidate
2026-07-24 21:50:07 - matching_Stangl_Balmi - DEBUG -     gz_id=2000098 'socoltenango' score=1.000 nombre=False saint_only=True terr= phase=candidate
2026-07-24 21:50:07 - matching_Stangl_Balmi - DEBUG -     gz_id=2000130 'chiquimulilla' score=1.000 nombre=False saint_only=True terr= phase=candidate
2026-07-24 21:50:07 - matching_Stangl_Balmi - DEBUG -     gz_id=2000139 'munchu' score=1.000 nombre=False saint_only=True terr= phase=candidate
2026-07-24 21:50:07 - matching_Stangl_Balmi - DEBUG -     gz_id=2000147 'chol' score=1.000 nombre=False saint_only=True terr= phase=candidate
2026-07-24 21:50:07 - matching_Stangl_Balmi - DEBUG -     gz_id=2000185 'comitan' score=1.000 nombre=False saint_only=True terr= phase=candidate
2026-07-24 21:50:07 - matching_Stangl_Balmi - DEBUG -     gz_id=2000189 'santa crus quiche' score=1.000 nombre=False saint_only=True terr= phase=candidate
2026-07-24 21:50:07 - matching_Stangl_Balmi - DEBUG -     gz_id=5600024 'puna' score=1.000 nombre=False saint_only=True terr= phase=candidate
2026-07-24 21:50:07 - matching_Stangl_Balmi - DEBUG -     gz_id=5600024 'puna' score=1.000 nombre=False saint_only=True terr= phase=candidate
2026-07-24 21:50:07 - matching_Stangl_Balmi - DEBUG -     gz_id=5600024 'puna' score=1.000 nombre=False saint_only=True terr= phase=candidate
2026-07-24 21:50:07 - matching_Stangl_Balmi - DEBUG -     gz_id=1002412 'santa crus' score=1.000 nombre=False saint_only=True terr= phase=candidate
2026-07-24 21:50:07 - matching_Stangl_Balmi - DEBUG -     gz_id=1002412 'santa crus' score=1.000 nombre=False saint_only=True terr= phase=candidate
2026-07-24 21:50:07 - matching_Stangl_Balmi - DEBUG -     gz_id=1002462 'santa crus' score=1.000 nombre=False saint_only=True terr= phase=candidate
2026-07-24 21:50:07 - matching_Stangl_Balmi - DEBUG -     gz_id=1002462 'santa crus' score=1.000 nombre=False saint_only=True terr= phase=candidate
2026-07-24 21:50:07 - matching_Stangl_Balmi - DEBUG -     gz_id=1002468 'tepenixtlahuaca' score=1.000 nombre=False saint_only=True terr= phase=candidate
2026-07-24 21:50:07 - matching_Stangl_Balmi - DEBUG -     gz_id=1002468 'tepenixtlahuaca' score=1.000 nombre=False saint_only=True terr= phase=candidate
2026-07-24 21:50:07 - matching_Stangl_Balmi - DEBUG -     gz_id=1002518 'santa crus osolotepec' score=1.000 nombre=False saint_only=True terr= phase=candidate
2026-07-24 21:50:07 - matching_Stangl_Balmi - DEBUG -     gz_id=1002518 'santa crus osolotepec' score=1.000 nombre=False saint_only=True terr= phase=candidate
2026-07-24 21:50:07 - matching_Stangl_Balmi - DEBUG -     gz_id=1002543 'jitla' score=1.000 nombre=False saint_only=True terr= phase=candidate
2026-07-24 21:50:07 - matching_Stangl_Balmi - DEBUG -     gz_id=1002543 'jitla' score=1.000 nombre=False saint_only=True terr= phase=candidate
2026-07-24 21:50:07 - matching_Stangl_Balmi - DEBUG -     gz_id=2000390 'santa crus lahuna' score=1.000 nombre=False saint_only=True terr= phase=candidate
2026-07-24 21:50:07 - matching_Stangl_Balmi - DEBUG -     gz_id=1002564 'santa crus jilotepec' score=1.000 nombre=False saint_only=True terr= phase=candidate
2026-07-24 21:50:07 - matching_Stangl_Balmi - DEBUG -     gz_id=1002564 'santa crus jilotepec' score=1.000 nombre=False saint_only=True terr= phase=candidate
2026-07-24 21:50:07 - matching_Stangl_Balmi - DEBUG -     gz_id=1002564 'santa crus jilotepec' score=1.000 nombre=False saint_only=True terr= phase=candidate
2026-07-24 21:50:07 - matching_Stangl_Balmi - DEBUG -     gz_id=8000403 'santa crus balle ameno' score=1.000 nombre=False saint_only=True terr= phase=candidate
2026-07-24 21:50:07 - matching_Stangl_Balmi - DEBUG -     gz_id=8000403 'santa crus balle ameno' score=1.000 nombre=False saint_only=True terr= phase=candidate
2026-07-24 21:50:07 - matching_Stangl_Balmi - DEBUG -     gz_id=8000403 'santa crus balle ameno' score=1.000 nombre=False saint_only=True terr= phase=candidate
2026-07-24 21:50:07 - matching_Stangl_Balmi - DEBUG -     gz_id=8000403 'santa crus balle ameno' score=1.000 nombre=False saint_only=True terr= phase=candidate
2026-07-24 21:50:07 - matching_Stangl_Balmi - DEBUG -     gz_id=2000444 'panchimalco' score=1.000 nombre=False saint_only=True terr= phase=candidate
2026-07-24 21:50:07 - matching_Stangl_Balmi - DEBUG -     gz_id=2000444 'panchimalco' score=1.000 nombre=False saint_only=True terr= phase=candidate
2026-07-24 21:50:07 - matching_Stangl_Balmi - DEBUG -     gz_id=1002612 'santa crus' score=1.000 nombre=False saint_only=True terr= phase=candidate
2026-07-24 21:50:07 - matching_Stangl_Balmi - DEBUG -     gz_id=1002612 'santa crus' score=1.000 nombre=False saint_only=True terr= phase=candidate
2026-07-24 21:50:07 - matching_Stangl_Balmi - DEBUG -     gz_id=5600159 'crus' score=1.000 nombre=False saint_only=False terr= phase=auto_adopt
2026-07-24 21:50:07 - matching_Stangl_Balmi - DEBUG -     gz_id=5600159 'crus' score=1.000 nombre=False saint_only=False terr= phase=auto_adopt
2026-07-24 21:50:07 - matching_Stangl_Balmi - DEBUG -     gz_id=5600159 'crus' score=1.000 nombre=False saint_only=False terr= phase=auto_adopt
2026-07-24 21:50:07 - matching_Stangl_Balmi - DEBUG -     gz_id=1002690 'santa crus' score=1.000 nombre=True saint_only=False terr= phase=auto_adopt
2026-07-24 21:50:07 - matching_Stangl_Balmi - DEBUG -     gz_id=1002690 'santa crus' score=1.000 nombre=True saint_only=False terr= phase=auto_adopt
2026-07-24 21:50:07 - matching_Stangl_Balmi - DEBUG -     gz_id=5600207 'crus' score=1.000 nombre=False saint_only=False terr= phase=auto_adopt
2026-07-24 21:50:07 - matching_Stangl_Balmi - DEBUG -     gz_id=5600207 'crus' score=1.000 nombre=False saint_only=False terr= phase=auto_adopt
2026-07-24 21:50:07 - matching_Stangl_Balmi - DEBUG -     gz_id=5600207 'crus' score=1.000 nombre=False saint_only=False terr= phase=auto_adopt
2026-07-24 21:50:07 - matching_Stangl_Balmi - DEBUG -     gz_id=1002750 'censontepec' score=1.000 nombre=False saint_only=True terr= phase=candidate
2026-07-24 21:50:07 - matching_Stangl_Balmi - DEBUG -     gz_id=1002750 'censontepec' score=1.000 nombre=False saint_only=True terr= phase=candidate
2026-07-24 21:50:07 - matching_Stangl_Balmi - DEBUG -     gz_id=1002770 'capulalpam' score=1.000 nombre=False saint_only=True terr= phase=candidate
2026-07-24 21:50:07 - matching_Stangl_Balmi - DEBUG -     gz_id=1002770 'capulalpam' score=1.000 nombre=False saint_only=True terr= phase=candidate
2026-07-24 21:50:07 - matching_Stangl_Balmi - DEBUG -     gz_id=1002784 'itundujia' score=1.000 nombre=False saint_only=True terr= phase=candidate
2026-07-24 21:50:07 - matching_Stangl_Balmi - DEBUG -     gz_id=1002784 'itundujia' score=1.000 nombre=False saint_only=True terr= phase=candidate
2026-07-24 21:50:07 - matching_Stangl_Balmi - DEBUG -     gz_id=1002802 'nundaco' score=1.000 nombre=False saint_only=True terr= phase=candidate
2026-07-24 21:50:07 - matching_Stangl_Balmi - DEBUG -     gz_id=1002802 'nundaco' score=1.000 nombre=False saint_only=True terr= phase=candidate
2026-07-24 21:50:07 - matching_Stangl_Balmi - DEBUG -     gz_id=1002826 'santa crus' score=1.000 nombre=True saint_only=False terr= phase=auto_adopt
2026-07-24 21:50:07 - matching_Stangl_Balmi - DEBUG -     gz_id=1002826 'santa crus' score=1.000 nombre=True saint_only=False terr= phase=auto_adopt
2026-07-24 21:50:07 - matching_Stangl_Balmi - DEBUG -     gz_id=1002839 'tacahua' score=1.000 nombre=False saint_only=True terr= phase=candidate
2026-07-24 21:50:07 - matching_Stangl_Balmi - DEBUG -     gz_id=1002839 'tacahua' score=1.000 nombre=False saint_only=True terr= phase=candidate
2026-07-24 21:50:07 - matching_Stangl_Balmi - DEBUG -     gz_id=1002843 'taiata' score=1.000 nombre=False saint_only=True terr= phase=candidate
2026-07-24 21:50:07 - matching_Stangl_Balmi - DEBUG -     gz_id=1002843 'taiata' score=1.000 nombre=False saint_only=True terr= phase=candidate
2026-07-24 21:50:07 - matching_Stangl_Balmi - DEBUG -     gz_id=8000680 'santa crus' score=1.000 nombre=False saint_only=True terr= phase=candidate
2026-07-24 21:50:07 - matching_Stangl_Balmi - DEBUG -     gz_id=8000680 'santa crus' score=1.000 nombre=False saint_only=True terr= phase=candidate
2026-07-24 21:50:07 - matching_Stangl_Balmi - DEBUG -     gz_id=8000680 'santa crus' score=1.000 nombre=False saint_only=True terr= phase=candidate
2026-07-24 21:50:07 - matching_Stangl_Balmi - DEBUG -     gz_id=5600304 'santa crus mumus' score=1.000 nombre=False saint_only=True terr= phase=candidate
2026-07-24 21:50:07 - matching_Stangl_Balmi - DEBUG -     gz_id=5600304 'santa crus mumus' score=1.000 nombre=False saint_only=True terr= phase=candidate
2026-07-24 21:50:07 - matching_Stangl_Balmi - DEBUG -     gz_id=1002912 'santa crus' score=1.000 nombre=False saint_only=True terr= phase=candidate
2026-07-24 21:50:07 - matching_Stangl_Balmi - DEBUG -     gz_id=1002912 'santa crus' score=1.000 nombre=False saint_only=True terr= phase=candidate
2026-07-24 21:50:07 - matching_Stangl_Balmi - DEBUG -     gz_id=1002920 'tepetotutla' score=1.000 nombre=False saint_only=True terr= phase=candidate
2026-07-24 21:50:07 - matching_Stangl_Balmi - DEBUG -     gz_id=1002920 'tepetotutla' score=1.000 nombre=False saint_only=True terr= phase=candidate
2026-07-24 21:50:07 - matching_Stangl_Balmi - DEBUG -     gz_id=1002920 'tepetotutla' score=1.000 nombre=False saint_only=True terr= phase=candidate
2026-07-24 21:50:07 - matching_Stangl_Balmi - DEBUG -     gz_id=5600024 'puna' score=1.000 nombre=False saint_only=True terr= phase=candidate
2026-07-24 21:50:07 - matching_Stangl_Balmi - DEBUG -     gz_id=5600024 'puna' score=1.000 nombre=False saint_only=True terr= phase=candidate
2026-07-24 21:50:07 - matching_Stangl_Balmi - DEBUG -     gz_id=5600024 'puna' score=1.000 nombre=False saint_only=True terr= phase=candidate
2026-07-24 21:50:07 - matching_Stangl_Balmi - DEBUG -     gz_id=1003012 'iagabila' score=1.000 nombre=False saint_only=True terr= phase=candidate
2026-07-24 21:50:07 - matching_Stangl_Balmi - DEBUG -     gz_id=1003012 'iagabila' score=1.000 nombre=False saint_only=True terr= phase=candidate
2026-07-24 21:50:07 - matching_Stangl_Balmi - DEBUG -     gz_id=9000052 'quilmes' score=1.000 nombre=False saint_only=True terr= phase=candidate
2026-07-24 21:50:07 - matching_Stangl_Balmi - DEBUG -     gz_id=9000052 'quilmes' score=1.000 nombre=False saint_only=True terr= phase=candidate
2026-07-24 21:50:07 - matching_Stangl_Balmi - DEBUG -     gz_id=9000052 'quilmes' score=1.000 nombre=False saint_only=True terr= phase=candidate
2026-07-24 21:50:07 - matching_Stangl_Balmi - DEBUG -     gz_id=1003056 'papalutla' score=1.000 nombre=False saint_only=True terr= phase=candidate
2026-07-24 21:50:07 - matching_Stangl_Balmi - DEBUG -     gz_id=1003056 'papalutla' score=1.000 nombre=False saint_only=True terr= phase=candidate
2026-07-24 21:50:07 - matching_Stangl_Balmi - DEBUG -     gz_id=1003094 'santa crus nueba' score=1.000 nombre=False saint_only=True terr= phase=candidate
2026-07-24 21:50:07 - matching_Stangl_Balmi - DEBUG -     gz_id=1003094 'santa crus nueba' score=1.000 nombre=False saint_only=True terr= phase=candidate
2026-07-24 21:50:07 - matching_Stangl_Balmi - DEBUG -     gz_id=1003098 'tejalpa' score=1.000 nombre=False saint_only=True terr= phase=candidate
2026-07-24 21:50:07 - matching_Stangl_Balmi - DEBUG -     gz_id=1003098 'tejalpa' score=1.000 nombre=False saint_only=True terr= phase=candidate
2026-07-24 21:50:07 - matching_Stangl_Balmi - DEBUG -     gz_id=9000191 'crus' score=1.000 nombre=False saint_only=False terr= phase=candidate
2026-07-24 21:50:07 - matching_Stangl_Balmi - DEBUG -     gz_id=9000191 'crus' score=1.000 nombre=False saint_only=False terr= phase=candidate
2026-07-24 21:50:07 - matching_Stangl_Balmi - DEBUG -     gz_id=9000191 'crus' score=1.000 nombre=False saint_only=False terr= phase=candidate
2026-07-24 21:50:07 - matching_Stangl_Balmi - DEBUG -     gz_id=9000191 'crus' score=1.000 nombre=False saint_only=False terr= phase=candidate
2026-07-24 21:50:07 - matching_Stangl_Balmi - DEBUG -     gz_id=9000191 'crus' score=1.000 nombre=False saint_only=False terr= phase=candidate
2026-07-24 21:50:07 - matching_Stangl_Balmi - DEBUG -     gz_id=9000191 'crus' score=1.000 nombre=False saint_only=False terr= phase=candidate
2026-07-24 21:50:07 - matching_Stangl_Balmi - DEBUG -     gz_id=5600450 'crus' score=1.000 nombre=False saint_only=False terr= phase=auto_adopt
2026-07-24 21:50:07 - matching_Stangl_Balmi - DEBUG -     gz_id=5600450 'crus' score=1.000 nombre=False saint_only=False terr= phase=auto_adopt
2026-07-24 21:50:07 - matching_Stangl_Balmi - DEBUG -     gz_id=5600450 'crus' score=1.000 nombre=False saint_only=False terr= phase=auto_adopt
2026-07-24 21:50:07 - matching_Stangl_Balmi - DEBUG -     gz_id=9000191 'crus' score=1.000 nombre=False saint_only=False terr= phase=candidate
2026-07-24 21:50:07 - matching_Stangl_Balmi - DEBUG -     gz_id=3000065 'santa crus pinos' score=1.000 nombre=False saint_only=True terr= phase=candidate
2026-07-24 21:50:07 - matching_Stangl_Balmi - DEBUG -     gz_id=3000065 'santa crus pinos' score=1.000 nombre=False saint_only=True terr= phase=candidate
2026-07-24 21:50:07 - matching_Stangl_Balmi - DEBUG -     gz_id=3000065 'santa crus pinos' score=1.000 nombre=False saint_only=True terr= phase=candidate
2026-07-24 21:50:07 - matching_Stangl_Balmi - DEBUG -     gz_id=3000065 'santa crus pinos' score=1.000 nombre=False saint_only=True terr= phase=candidate
2026-07-24 21:50:07 - matching_Stangl_Balmi - DEBUG -     gz_id=9900144 'santa juana crus' score=0.889 nombre=False saint_only=False terr= phase=candidate
2026-07-24 21:50:07 - matching_Stangl_Balmi - DEBUG -     gz_id=9900144 'santa juana crus' score=0.889 nombre=False saint_only=False terr= phase=candidate
2026-07-24 21:50:07 - matching_Stangl_Balmi - DEBUG -     gz_id=9900144 'santa juana crus' score=0.889 nombre=False saint_only=False terr= phase=candidate
2026-07-24 21:50:07 - matching_Stangl_Balmi - DEBUG -     gz_id=9900144 'santa juana crus' score=0.889 nombre=False saint_only=False terr= phase=candidate
2026-07-24 21:50:07 - matching_Stangl_Balmi - DEBUG -     gz_id=9900144 'santa juana crus' score=0.889 nombre=False saint_only=False terr= phase=candidate
2026-07-24 21:50:07 - matching_Stangl_Balmi - DEBUG -     gz_id=9900144 'santa juana crus' score=0.889 nombre=False saint_only=False terr= phase=candidate
2026-07-24 21:50:07 - matching_Stangl_Balmi - DEBUG -     gz_id=9000023 'santa fe' score=0.857 nombre=False saint_only=False terr= phase=candidate
2026-07-24 21:50:07 - matching_Stangl_Balmi - DEBUG -     gz_id=9000023 'santa fe' score=0.857 nombre=False saint_only=False terr= phase=candidate
2026-07-24 21:50:07 - matching_Stangl_Balmi - DEBUG -     gz_id=9000023 'santa fe' score=0.857 nombre=False saint_only=False terr= phase=candidate
2026-07-24 21:50:07 - matching_Stangl_Balmi - DEBUG -     gz_id=7000376 'san cebastian crus' score=0.824 nombre=False saint_only=False terr= phase=relegated
2026-07-24 21:50:07 - matching_Stangl_Balmi - DEBUG -     gz_id=7000376 'san cebastian crus' score=0.824 nombre=False saint_only=False terr= phase=relegated
2026-07-24 21:50:07 - matching_Stangl_Balmi - DEBUG -     gz_id=7000376 'san cebastian crus' score=0.824 nombre=False saint_only=False terr= phase=relegated
2026-07-24 21:50:07 - matching_Stangl_Balmi - DEBUG -     gz_id=9000733 'canada crus' score=0.800 nombre=False saint_only=False terr= phase=relegated
2026-07-24 21:50:07 - matching_Stangl_Balmi - DEBUG -     gz_id=9000733 'canada crus' score=0.800 nombre=False saint_only=False terr= phase=relegated
2026-07-24 21:50:07 - matching_Stangl_Balmi - DEBUG -     gz_id=9000733 'canada crus' score=0.800 nombre=False saint_only=False terr= phase=relegated
2026-07-24 21:50:07 - matching_Stangl_Balmi - DEBUG -     gz_id=9000121 'capilla cenor' score=0.800 nombre=False saint_only=False terr= phase=relegated
2026-07-24 21:50:07 - matching_Stangl_Balmi - DEBUG -     gz_id=9000121 'capilla cenor' score=0.800 nombre=False saint_only=False terr= phase=relegated
2026-07-24 21:50:07 - matching_Stangl_Balmi - DEBUG -     gz_id=9000121 'capilla cenor' score=0.800 nombre=False saint_only=False terr= phase=relegated
2026-07-24 21:50:07 - matching_Stangl_Balmi - DEBUG -     gz_id=5000879 'llanos crus' score=0.750 nombre=False saint_only=False terr= phase=relegated
2026-07-24 21:50:07 - matching_Stangl_Balmi - INFO -   Before dedup: 412 candidates
2026-07-24 21:50:07 - matching_Stangl_Balmi - INFO -   After dedup: 148 unique gz_ids
2026-07-24 21:50:07 - matching_Stangl_Balmi - INFO -   Dropped 148 territory-contradicting candidates
2026-07-24 21:50:07 - matching_Stangl_Balmi - INFO -   Input has territorial data: True
2026-07-24 21:50:07 - matching_Stangl_Balmi - INFO -   Candidates with territory match: 0
2026-07-24 21:50:07 - matching_Stangl_Balmi - INFO -   No territorial filtering applied (no matching territories found)
2026-07-24 21:50:07 - matching_Stangl_Balmi - INFO -   Nombre matches (exact on lugar_nombre): 0
2026-07-24 21:50:07 - matching_Stangl_Balmi - INFO -   Saint-only matches: 0
2026-07-24 21:50:07 - matching_Stangl_Balmi - INFO -   Substantive matches: 0
2026-07-24 21:50:07 - matching_Stangl_Balmi - INFO -   Candidate pool (>= threshold): 0
2026-07-24 21:50:07 - matching_Stangl_Balmi - WARNING -   No candidate above threshold - relegated
2026-07-24 21:50:07 - matching_Stangl_Balmi - INFO - 
============================================================
2026-07-24 21:50:07 - matching_Stangl_Balmi - INFO - Processing rowID=102: 'Mizamiso' -> cleaned: 'misamiso'
2026-07-24 21:50:07 - matching_Stangl_Balmi - INFO -   Token-based candidates: 0
2026-07-24 21:50:07 - matching_Stangl_Balmi - WARNING -   No candidates found - relegated
2026-07-24 21:50:07 - matching_Stangl_Balmi - INFO - 
============================================================
2026-07-24 21:50:07 - matching_Stangl_Balmi - INFO - Processing rowID=102: 'Mizamiso' -> cleaned: 'misamiso'
2026-07-24 21:50:07 - matching_Stangl_Balmi - INFO -   Token-based candidates: 0
2026-07-24 21:50:07 - matching_Stangl_Balmi - WARNING -   No candidates found - relegated
2026-07-24 21:50:07 - matching_Stangl_Balmi - INFO - 
============================================================
2026-07-24 21:50:07 - matching_Stangl_Balmi - INFO - Processing rowID=102: 'Mizamiso' -> cleaned: 'misamiso'
2026-07-24 21:50:07 - matching_Stangl_Balmi - INFO -   Token-based candidates: 0
2026-07-24 21:50:07 - matching_Stangl_Balmi - WARNING -   No candidates found - relegated
2026-07-24 21:50:07 - matching_Stangl_Balmi - INFO - 
============================================================
2026-07-24 21:50:07 - matching_Stangl_Balmi - INFO - Processing rowID=103: 'Zambuanga' -> cleaned: 'sambuanga'
2026-07-24 21:50:07 - matching_Stangl_Balmi - INFO -   Token-based candidates: 47
2026-07-24 21:50:07 - matching_Stangl_Balmi - INFO -   Fuzzy matches (score >= 70, limit=500): 41
2026-07-24 21:50:07 - matching_Stangl_Balmi - DEBUG -     gz_id=8000102 'ambana' score=0.833 nombre=False saint_only=False terr= phase=relegated
2026-07-24 21:50:07 - matching_Stangl_Balmi - DEBUG -     gz_id=8000102 'ambana' score=0.833 nombre=False saint_only=False terr= phase=relegated
2026-07-24 21:50:07 - matching_Stangl_Balmi - DEBUG -     gz_id=9900977 'sabana grande' score=0.800 nombre=False saint_only=False terr= phase=relegated
2026-07-24 21:50:07 - matching_Stangl_Balmi - DEBUG -     gz_id=9900977 'sabana grande' score=0.800 nombre=False saint_only=False terr= phase=relegated
2026-07-24 21:50:07 - matching_Stangl_Balmi - DEBUG -     gz_id=9900977 'sabana grande' score=0.800 nombre=False saint_only=False terr= phase=relegated
2026-07-24 21:50:07 - matching_Stangl_Balmi - DEBUG -     gz_id=9900977 'sabana grande' score=0.800 nombre=False saint_only=False terr= phase=relegated
2026-07-24 21:50:07 - matching_Stangl_Balmi - DEBUG -     gz_id=9900977 'sabana grande' score=0.800 nombre=False saint_only=False terr= phase=relegated
2026-07-24 21:50:07 - matching_Stangl_Balmi - DEBUG -     gz_id=9900977 'sabana grande' score=0.800 nombre=False saint_only=False terr= phase=relegated
2026-07-24 21:50:07 - matching_Stangl_Balmi - DEBUG -     gz_id=5000167 'sabana grande' score=0.800 nombre=False saint_only=False terr= phase=relegated
2026-07-24 21:50:07 - matching_Stangl_Balmi - DEBUG -     gz_id=5000167 'sabana grande' score=0.800 nombre=False saint_only=False terr= phase=relegated
2026-07-24 21:50:07 - matching_Stangl_Balmi - DEBUG -     gz_id=4000614 'sabana nueba' score=0.800 nombre=False saint_only=False terr= phase=relegated
2026-07-24 21:50:07 - matching_Stangl_Balmi - DEBUG -     gz_id=4000614 'sabana nueba' score=0.800 nombre=False saint_only=False terr= phase=relegated
2026-07-24 21:50:07 - matching_Stangl_Balmi - DEBUG -     gz_id=4000614 'sabana nueba' score=0.800 nombre=False saint_only=False terr= phase=relegated
2026-07-24 21:50:07 - matching_Stangl_Balmi - DEBUG -     gz_id=5000167 'sabana grande' score=0.800 nombre=False saint_only=False terr= phase=relegated
2026-07-24 21:50:07 - matching_Stangl_Balmi - DEBUG -     gz_id=5000209 'sabana grande' score=0.800 nombre=False saint_only=False terr= phase=relegated
2026-07-24 21:50:07 - matching_Stangl_Balmi - DEBUG -     gz_id=5000209 'sabana grande' score=0.800 nombre=False saint_only=False terr= phase=relegated
2026-07-24 21:50:07 - matching_Stangl_Balmi - DEBUG -     gz_id=5000209 'sabana grande' score=0.800 nombre=False saint_only=False terr= phase=relegated
2026-07-24 21:50:07 - matching_Stangl_Balmi - DEBUG -     gz_id=4000312 'sabana grande' score=0.800 nombre=False saint_only=False terr= phase=relegated
2026-07-24 21:50:07 - matching_Stangl_Balmi - DEBUG -     gz_id=4000312 'sabana grande' score=0.800 nombre=False saint_only=False terr= phase=relegated
2026-07-24 21:50:07 - matching_Stangl_Balmi - DEBUG -     gz_id=4000312 'sabana grande' score=0.800 nombre=False saint_only=False terr= phase=relegated
2026-07-24 21:50:07 - matching_Stangl_Balmi - DEBUG -     gz_id=4000312 'sabana grande' score=0.800 nombre=False saint_only=False terr= phase=relegated
2026-07-24 21:50:07 - matching_Stangl_Balmi - DEBUG -     gz_id=4000312 'sabana grande' score=0.800 nombre=False saint_only=False terr= phase=relegated
2026-07-24 21:50:07 - matching_Stangl_Balmi - DEBUG -     gz_id=4000312 'sabana grande' score=0.800 nombre=False saint_only=False terr= phase=relegated
2026-07-24 21:50:07 - matching_Stangl_Balmi - DEBUG -     gz_id=4000312 'sabana grande' score=0.800 nombre=False saint_only=False terr= phase=relegated
2026-07-24 21:50:07 - matching_Stangl_Balmi - DEBUG -     gz_id=9900874 'sabana grande' score=0.800 nombre=False saint_only=False terr= phase=relegated
2026-07-24 21:50:07 - matching_Stangl_Balmi - DEBUG -     gz_id=9900874 'sabana grande' score=0.800 nombre=False saint_only=False terr= phase=relegated
2026-07-24 21:50:07 - matching_Stangl_Balmi - DEBUG -     gz_id=9900874 'sabana grande' score=0.800 nombre=False saint_only=False terr= phase=relegated
2026-07-24 21:50:07 - matching_Stangl_Balmi - DEBUG -     gz_id=9900874 'sabana grande' score=0.800 nombre=False saint_only=False terr= phase=relegated
2026-07-24 21:50:07 - matching_Stangl_Balmi - DEBUG -     gz_id=3000229 'boia' score=0.800 nombre=False saint_only=False terr= phase=relegated
2026-07-24 21:50:07 - matching_Stangl_Balmi - DEBUG -     gz_id=3000229 'boia' score=0.800 nombre=False saint_only=False terr= phase=relegated
2026-07-24 21:50:07 - matching_Stangl_Balmi - DEBUG -     gz_id=3000176 'samana' score=0.800 nombre=False saint_only=False terr= phase=relegated
2026-07-24 21:50:07 - matching_Stangl_Balmi - DEBUG -     gz_id=3000176 'samana' score=0.800 nombre=False saint_only=False terr= phase=relegated
2026-07-24 21:50:07 - matching_Stangl_Balmi - DEBUG -     gz_id=3000176 'samana' score=0.800 nombre=False saint_only=False terr= phase=relegated
2026-07-24 21:50:07 - matching_Stangl_Balmi - DEBUG -     gz_id=3000176 'samana' score=0.800 nombre=False saint_only=False terr= phase=relegated
2026-07-24 21:50:07 - matching_Stangl_Balmi - DEBUG -     gz_id=1004030 'tamulte sabana' score=0.800 nombre=False saint_only=False terr= phase=relegated
2026-07-24 21:50:07 - matching_Stangl_Balmi - DEBUG -     gz_id=1004030 'tamulte sabana' score=0.800 nombre=False saint_only=False terr= phase=relegated
2026-07-24 21:50:07 - matching_Stangl_Balmi - DEBUG -     gz_id=5000666 'sabana alta' score=0.800 nombre=False saint_only=False terr= phase=relegated
2026-07-24 21:50:07 - matching_Stangl_Balmi - DEBUG -     gz_id=3000179 'sabana mar' score=0.800 nombre=False saint_only=False terr= phase=relegated
2026-07-24 21:50:07 - matching_Stangl_Balmi - DEBUG -     gz_id=3000179 'sabana mar' score=0.800 nombre=False saint_only=False terr= phase=relegated
2026-07-24 21:50:07 - matching_Stangl_Balmi - DEBUG -     gz_id=3000179 'sabana mar' score=0.800 nombre=False saint_only=False terr= phase=relegated
2026-07-24 21:50:07 - matching_Stangl_Balmi - DEBUG -     gz_id=3000179 'sabana mar' score=0.800 nombre=False saint_only=False terr= phase=relegated
2026-07-24 21:50:07 - matching_Stangl_Balmi - INFO -   Before dedup: 41 candidates
2026-07-24 21:50:07 - matching_Stangl_Balmi - INFO -   After dedup: 12 unique gz_ids
2026-07-24 21:50:07 - matching_Stangl_Balmi - INFO -   Dropped 12 territory-contradicting candidates
2026-07-24 21:50:07 - matching_Stangl_Balmi - INFO -   Input has territorial data: True
2026-07-24 21:50:07 - matching_Stangl_Balmi - INFO -   Candidates with territory match: 0
2026-07-24 21:50:07 - matching_Stangl_Balmi - INFO -   No territorial filtering applied (no matching territories found)
2026-07-24 21:50:07 - matching_Stangl_Balmi - INFO -   Nombre matches (exact on lugar_nombre): 0
2026-07-24 21:50:07 - matching_Stangl_Balmi - INFO -   Saint-only matches: 0
2026-07-24 21:50:07 - matching_Stangl_Balmi - INFO -   Substantive matches: 0
2026-07-24 21:50:07 - matching_Stangl_Balmi - INFO -   Candidate pool (>= threshold): 0
2026-07-24 21:50:07 - matching_Stangl_Balmi - WARNING -   No candidate above threshold - relegated
2026-07-24 21:50:07 - matching_Stangl_Balmi - INFO - 
============================================================
2026-07-24 21:50:07 - matching_Stangl_Balmi - INFO - Processing rowID=103: 'Zambuanga' -> cleaned: 'sambuanga'
2026-07-24 21:50:07 - matching_Stangl_Balmi - INFO -   Token-based candidates: 47
2026-07-24 21:50:07 - matching_Stangl_Balmi - INFO -   Fuzzy matches (score >= 70, limit=500): 41
2026-07-24 21:50:07 - matching_Stangl_Balmi - DEBUG -     gz_id=8000102 'ambana' score=0.833 nombre=False saint_only=False terr= phase=relegated
2026-07-24 21:50:07 - matching_Stangl_Balmi - DEBUG -     gz_id=8000102 'ambana' score=0.833 nombre=False saint_only=False terr= phase=relegated
2026-07-24 21:50:07 - matching_Stangl_Balmi - DEBUG -     gz_id=9900977 'sabana grande' score=0.800 nombre=False saint_only=False terr= phase=relegated
2026-07-24 21:50:07 - matching_Stangl_Balmi - DEBUG -     gz_id=9900977 'sabana grande' score=0.800 nombre=False saint_only=False terr= phase=relegated
2026-07-24 21:50:07 - matching_Stangl_Balmi - DEBUG -     gz_id=9900977 'sabana grande' score=0.800 nombre=False saint_only=False terr= phase=relegated
2026-07-24 21:50:07 - matching_Stangl_Balmi - DEBUG -     gz_id=9900977 'sabana grande' score=0.800 nombre=False saint_only=False terr= phase=relegated
2026-07-24 21:50:07 - matching_Stangl_Balmi - DEBUG -     gz_id=9900977 'sabana grande' score=0.800 nombre=False saint_only=False terr= phase=relegated
2026-07-24 21:50:07 - matching_Stangl_Balmi - DEBUG -     gz_id=9900977 'sabana grande' score=0.800 nombre=False saint_only=False terr= phase=relegated
2026-07-24 21:50:07 - matching_Stangl_Balmi - DEBUG -     gz_id=5000167 'sabana grande' score=0.800 nombre=False saint_only=False terr= phase=relegated
2026-07-24 21:50:07 - matching_Stangl_Balmi - DEBUG -     gz_id=5000167 'sabana grande' score=0.800 nombre=False saint_only=False terr= phase=relegated
2026-07-24 21:50:07 - matching_Stangl_Balmi - DEBUG -     gz_id=4000614 'sabana nueba' score=0.800 nombre=False saint_only=False terr= phase=relegated
2026-07-24 21:50:07 - matching_Stangl_Balmi - DEBUG -     gz_id=4000614 'sabana nueba' score=0.800 nombre=False saint_only=False terr= phase=relegated
2026-07-24 21:50:07 - matching_Stangl_Balmi - DEBUG -     gz_id=4000614 'sabana nueba' score=0.800 nombre=False saint_only=False terr= phase=relegated
2026-07-24 21:50:07 - matching_Stangl_Balmi - DEBUG -     gz_id=5000167 'sabana grande' score=0.800 nombre=False saint_only=False terr= phase=relegated
2026-07-24 21:50:07 - matching_Stangl_Balmi - DEBUG -     gz_id=5000209 'sabana grande' score=0.800 nombre=False saint_only=False terr= phase=relegated
2026-07-24 21:50:07 - matching_Stangl_Balmi - DEBUG -     gz_id=5000209 'sabana grande' score=0.800 nombre=False saint_only=False terr= phase=relegated
2026-07-24 21:50:07 - matching_Stangl_Balmi - DEBUG -     gz_id=5000209 'sabana grande' score=0.800 nombre=False saint_only=False terr= phase=relegated
2026-07-24 21:50:07 - matching_Stangl_Balmi - DEBUG -     gz_id=4000312 'sabana grande' score=0.800 nombre=False saint_only=False terr= phase=relegated
2026-07-24 21:50:07 - matching_Stangl_Balmi - DEBUG -     gz_id=4000312 'sabana grande' score=0.800 nombre=False saint_only=False terr= phase=relegated
2026-07-24 21:50:07 - matching_Stangl_Balmi - DEBUG -     gz_id=4000312 'sabana grande' score=0.800 nombre=False saint_only=False terr= phase=relegated
2026-07-24 21:50:07 - matching_Stangl_Balmi - DEBUG -     gz_id=4000312 'sabana grande' score=0.800 nombre=False saint_only=False terr= phase=relegated
2026-07-24 21:50:07 - matching_Stangl_Balmi - DEBUG -     gz_id=4000312 'sabana grande' score=0.800 nombre=False saint_only=False terr= phase=relegated
2026-07-24 21:50:07 - matching_Stangl_Balmi - DEBUG -     gz_id=4000312 'sabana grande' score=0.800 nombre=False saint_only=False terr= phase=relegated
2026-07-24 21:50:07 - matching_Stangl_Balmi - DEBUG -     gz_id=4000312 'sabana grande' score=0.800 nombre=False saint_only=False terr= phase=relegated
2026-07-24 21:50:07 - matching_Stangl_Balmi - DEBUG -     gz_id=9900874 'sabana grande' score=0.800 nombre=False saint_only=False terr= phase=relegated
2026-07-24 21:50:07 - matching_Stangl_Balmi - DEBUG -     gz_id=9900874 'sabana grande' score=0.800 nombre=False saint_only=False terr= phase=relegated
2026-07-24 21:50:07 - matching_Stangl_Balmi - DEBUG -     gz_id=9900874 'sabana grande' score=0.800 nombre=False saint_only=False terr= phase=relegated
2026-07-24 21:50:07 - matching_Stangl_Balmi - DEBUG -     gz_id=9900874 'sabana grande' score=0.800 nombre=False saint_only=False terr= phase=relegated
2026-07-24 21:50:07 - matching_Stangl_Balmi - DEBUG -     gz_id=3000229 'boia' score=0.800 nombre=False saint_only=False terr= phase=relegated
2026-07-24 21:50:07 - matching_Stangl_Balmi - DEBUG -     gz_id=3000229 'boia' score=0.800 nombre=False saint_only=False terr= phase=relegated
2026-07-24 21:50:07 - matching_Stangl_Balmi - DEBUG -     gz_id=3000176 'samana' score=0.800 nombre=False saint_only=False terr= phase=relegated
2026-07-24 21:50:07 - matching_Stangl_Balmi - DEBUG -     gz_id=3000176 'samana' score=0.800 nombre=False saint_only=False terr= phase=relegated
2026-07-24 21:50:07 - matching_Stangl_Balmi - DEBUG -     gz_id=3000176 'samana' score=0.800 nombre=False saint_only=False terr= phase=relegated
2026-07-24 21:50:07 - matching_Stangl_Balmi - DEBUG -     gz_id=3000176 'samana' score=0.800 nombre=False saint_only=False terr= phase=relegated
2026-07-24 21:50:07 - matching_Stangl_Balmi - DEBUG -     gz_id=1004030 'tamulte sabana' score=0.800 nombre=False saint_only=False terr= phase=relegated
2026-07-24 21:50:07 - matching_Stangl_Balmi - DEBUG -     gz_id=1004030 'tamulte sabana' score=0.800 nombre=False saint_only=False terr= phase=relegated
2026-07-24 21:50:07 - matching_Stangl_Balmi - DEBUG -     gz_id=5000666 'sabana alta' score=0.800 nombre=False saint_only=False terr= phase=relegated
2026-07-24 21:50:07 - matching_Stangl_Balmi - DEBUG -     gz_id=3000179 'sabana mar' score=0.800 nombre=False saint_only=False terr= phase=relegated
2026-07-24 21:50:07 - matching_Stangl_Balmi - DEBUG -     gz_id=3000179 'sabana mar' score=0.800 nombre=False saint_only=False terr= phase=relegated
2026-07-24 21:50:07 - matching_Stangl_Balmi - DEBUG -     gz_id=3000179 'sabana mar' score=0.800 nombre=False saint_only=False terr= phase=relegated
2026-07-24 21:50:07 - matching_Stangl_Balmi - DEBUG -     gz_id=3000179 'sabana mar' score=0.800 nombre=False saint_only=False terr= phase=relegated
2026-07-24 21:50:07 - matching_Stangl_Balmi - INFO -   Before dedup: 41 candidates
2026-07-24 21:50:07 - matching_Stangl_Balmi - INFO -   After dedup: 12 unique gz_ids
2026-07-24 21:50:07 - matching_Stangl_Balmi - INFO -   Dropped 12 territory-contradicting candidates
2026-07-24 21:50:07 - matching_Stangl_Balmi - INFO -   Input has territorial data: True
2026-07-24 21:50:07 - matching_Stangl_Balmi - INFO -   Candidates with territory match: 0
2026-07-24 21:50:07 - matching_Stangl_Balmi - INFO -   No territorial filtering applied (no matching territories found)
2026-07-24 21:50:07 - matching_Stangl_Balmi - INFO -   Nombre matches (exact on lugar_nombre): 0
2026-07-24 21:50:07 - matching_Stangl_Balmi - INFO -   Saint-only matches: 0
2026-07-24 21:50:07 - matching_Stangl_Balmi - INFO -   Substantive matches: 0
2026-07-24 21:50:07 - matching_Stangl_Balmi - INFO -   Candidate pool (>= threshold): 0
2026-07-24 21:50:07 - matching_Stangl_Balmi - WARNING -   No candidate above threshold - relegated
2026-07-24 21:50:07 - matching_Stangl_Balmi - INFO - 
============================================================
2026-07-24 21:50:07 - matching_Stangl_Balmi - INFO - Processing rowID=103: 'Zambuanga' -> cleaned: 'sambuanga'
2026-07-24 21:50:07 - matching_Stangl_Balmi - INFO -   Token-based candidates: 47
2026-07-24 21:50:07 - matching_Stangl_Balmi - INFO -   Fuzzy matches (score >= 70, limit=500): 41
2026-07-24 21:50:07 - matching_Stangl_Balmi - DEBUG -     gz_id=8000102 'ambana' score=0.833 nombre=False saint_only=False terr= phase=relegated
2026-07-24 21:50:07 - matching_Stangl_Balmi - DEBUG -     gz_id=8000102 'ambana' score=0.833 nombre=False saint_only=False terr= phase=relegated
2026-07-24 21:50:07 - matching_Stangl_Balmi - DEBUG -     gz_id=9900977 'sabana grande' score=0.800 nombre=False saint_only=False terr= phase=relegated
2026-07-24 21:50:07 - matching_Stangl_Balmi - DEBUG -     gz_id=9900977 'sabana grande' score=0.800 nombre=False saint_only=False terr= phase=relegated
2026-07-24 21:50:07 - matching_Stangl_Balmi - DEBUG -     gz_id=9900977 'sabana grande' score=0.800 nombre=False saint_only=False terr= phase=relegated
2026-07-24 21:50:07 - matching_Stangl_Balmi - DEBUG -     gz_id=9900977 'sabana grande' score=0.800 nombre=False saint_only=False terr= phase=relegated
2026-07-24 21:50:07 - matching_Stangl_Balmi - DEBUG -     gz_id=9900977 'sabana grande' score=0.800 nombre=False saint_only=False terr= phase=relegated
2026-07-24 21:50:07 - matching_Stangl_Balmi - DEBUG -     gz_id=9900977 'sabana grande' score=0.800 nombre=False saint_only=False terr= phase=relegated
2026-07-24 21:50:07 - matching_Stangl_Balmi - DEBUG -     gz_id=5000167 'sabana grande' score=0.800 nombre=False saint_only=False terr= phase=relegated
2026-07-24 21:50:07 - matching_Stangl_Balmi - DEBUG -     gz_id=5000167 'sabana grande' score=0.800 nombre=False saint_only=False terr= phase=relegated
2026-07-24 21:50:07 - matching_Stangl_Balmi - DEBUG -     gz_id=4000614 'sabana nueba' score=0.800 nombre=False saint_only=False terr= phase=relegated
2026-07-24 21:50:07 - matching_Stangl_Balmi - DEBUG -     gz_id=4000614 'sabana nueba' score=0.800 nombre=False saint_only=False terr= phase=relegated
2026-07-24 21:50:07 - matching_Stangl_Balmi - DEBUG -     gz_id=4000614 'sabana nueba' score=0.800 nombre=False saint_only=False terr= phase=relegated
2026-07-24 21:50:07 - matching_Stangl_Balmi - DEBUG -     gz_id=5000167 'sabana grande' score=0.800 nombre=False saint_only=False terr= phase=relegated
2026-07-24 21:50:07 - matching_Stangl_Balmi - DEBUG -     gz_id=5000209 'sabana grande' score=0.800 nombre=False saint_only=False terr= phase=relegated
2026-07-24 21:50:07 - matching_Stangl_Balmi - DEBUG -     gz_id=5000209 'sabana grande' score=0.800 nombre=False saint_only=False terr= phase=relegated
2026-07-24 21:50:07 - matching_Stangl_Balmi - DEBUG -     gz_id=5000209 'sabana grande' score=0.800 nombre=False saint_only=False terr= phase=relegated
2026-07-24 21:50:07 - matching_Stangl_Balmi - DEBUG -     gz_id=4000312 'sabana grande' score=0.800 nombre=False saint_only=False terr= phase=relegated
2026-07-24 21:50:07 - matching_Stangl_Balmi - DEBUG -     gz_id=4000312 'sabana grande' score=0.800 nombre=False saint_only=False terr= phase=relegated
2026-07-24 21:50:07 - matching_Stangl_Balmi - DEBUG -     gz_id=4000312 'sabana grande' score=0.800 nombre=False saint_only=False terr= phase=relegated
2026-07-24 21:50:07 - matching_Stangl_Balmi - DEBUG -     gz_id=4000312 'sabana grande' score=0.800 nombre=False saint_only=False terr= phase=relegated
2026-07-24 21:50:07 - matching_Stangl_Balmi - DEBUG -     gz_id=4000312 'sabana grande' score=0.800 nombre=False saint_only=False terr= phase=relegated
2026-07-24 21:50:07 - matching_Stangl_Balmi - DEBUG -     gz_id=4000312 'sabana grande' score=0.800 nombre=False saint_only=False terr= phase=relegated
2026-07-24 21:50:07 - matching_Stangl_Balmi - DEBUG -     gz_id=4000312 'sabana grande' score=0.800 nombre=False saint_only=False terr= phase=relegated
2026-07-24 21:50:07 - matching_Stangl_Balmi - DEBUG -     gz_id=9900874 'sabana grande' score=0.800 nombre=False saint_only=False terr= phase=relegated
2026-07-24 21:50:07 - matching_Stangl_Balmi - DEBUG -     gz_id=9900874 'sabana grande' score=0.800 nombre=False saint_only=False terr= phase=relegated
2026-07-24 21:50:07 - matching_Stangl_Balmi - DEBUG -     gz_id=9900874 'sabana grande' score=0.800 nombre=False saint_only=False terr= phase=relegated
2026-07-24 21:50:07 - matching_Stangl_Balmi - DEBUG -     gz_id=9900874 'sabana grande' score=0.800 nombre=False saint_only=False terr= phase=relegated
2026-07-24 21:50:07 - matching_Stangl_Balmi - DEBUG -     gz_id=3000229 'boia' score=0.800 nombre=False saint_only=False terr= phase=relegated
2026-07-24 21:50:07 - matching_Stangl_Balmi - DEBUG -     gz_id=3000229 'boia' score=0.800 nombre=False saint_only=False terr= phase=relegated
2026-07-24 21:50:07 - matching_Stangl_Balmi - DEBUG -     gz_id=3000176 'samana' score=0.800 nombre=False saint_only=False terr= phase=relegated
2026-07-24 21:50:07 - matching_Stangl_Balmi - DEBUG -     gz_id=3000176 'samana' score=0.800 nombre=False saint_only=False terr= phase=relegated
2026-07-24 21:50:07 - matching_Stangl_Balmi - DEBUG -     gz_id=3000176 'samana' score=0.800 nombre=False saint_only=False terr= phase=relegated
2026-07-24 21:50:07 - matching_Stangl_Balmi - DEBUG -     gz_id=3000176 'samana' score=0.800 nombre=False saint_only=False terr= phase=relegated
2026-07-24 21:50:07 - matching_Stangl_Balmi - DEBUG -     gz_id=1004030 'tamulte sabana' score=0.800 nombre=False saint_only=False terr= phase=relegated
2026-07-24 21:50:07 - matching_Stangl_Balmi - DEBUG -     gz_id=1004030 'tamulte sabana' score=0.800 nombre=False saint_only=False terr= phase=relegated
2026-07-24 21:50:07 - matching_Stangl_Balmi - DEBUG -     gz_id=5000666 'sabana alta' score=0.800 nombre=False saint_only=False terr= phase=relegated
2026-07-24 21:50:07 - matching_Stangl_Balmi - DEBUG -     gz_id=3000179 'sabana mar' score=0.800 nombre=False saint_only=False terr= phase=relegated
2026-07-24 21:50:07 - matching_Stangl_Balmi - DEBUG -     gz_id=3000179 'sabana mar' score=0.800 nombre=False saint_only=False terr= phase=relegated
2026-07-24 21:50:07 - matching_Stangl_Balmi - DEBUG -     gz_id=3000179 'sabana mar' score=0.800 nombre=False saint_only=False terr= phase=relegated
2026-07-24 21:50:07 - matching_Stangl_Balmi - DEBUG -     gz_id=3000179 'sabana mar' score=0.800 nombre=False saint_only=False terr= phase=relegated
2026-07-24 21:50:07 - matching_Stangl_Balmi - INFO -   Before dedup: 41 candidates
2026-07-24 21:50:07 - matching_Stangl_Balmi - INFO -   After dedup: 12 unique gz_ids
2026-07-24 21:50:07 - matching_Stangl_Balmi - INFO -   Dropped 12 territory-contradicting candidates
2026-07-24 21:50:07 - matching_Stangl_Balmi - INFO -   Input has territorial data: True
2026-07-24 21:50:07 - matching_Stangl_Balmi - INFO -   Candidates with territory match: 0
2026-07-24 21:50:07 - matching_Stangl_Balmi - INFO -   No territorial filtering applied (no matching territories found)
2026-07-24 21:50:07 - matching_Stangl_Balmi - INFO -   Nombre matches (exact on lugar_nombre): 0
2026-07-24 21:50:07 - matching_Stangl_Balmi - INFO -   Saint-only matches: 0
2026-07-24 21:50:07 - matching_Stangl_Balmi - INFO -   Substantive matches: 0
2026-07-24 21:50:07 - matching_Stangl_Balmi - INFO -   Candidate pool (>= threshold): 0
2026-07-24 21:50:07 - matching_Stangl_Balmi - WARNING -   No candidate above threshold - relegated
2026-07-24 21:50:07 - matching_Stangl_Balmi - INFO - 
============================================================
2026-07-24 21:50:07 - matching_Stangl_Balmi - INFO - Processing rowID=104: 'Macao' -> cleaned: 'macao'
2026-07-24 21:50:07 - matching_Stangl_Balmi - INFO -   Token-based candidates: 42
2026-07-24 21:50:07 - matching_Stangl_Balmi - INFO -   Fuzzy matches (score >= 70, limit=500): 42
2026-07-24 21:50:07 - matching_Stangl_Balmi - DEBUG -     gz_id=6000078 'maca' score=1.000 nombre=False saint_only=False terr= phase=auto_adopt
2026-07-24 21:50:07 - matching_Stangl_Balmi - DEBUG -     gz_id=6000078 'maca' score=1.000 nombre=False saint_only=False terr= phase=auto_adopt
2026-07-24 21:50:07 - matching_Stangl_Balmi - DEBUG -     gz_id=3000214 'humacado' score=1.000 nombre=False saint_only=False terr= phase=auto_adopt
2026-07-24 21:50:07 - matching_Stangl_Balmi - DEBUG -     gz_id=3000214 'humacado' score=1.000 nombre=False saint_only=False terr= phase=auto_adopt
2026-07-24 21:50:07 - matching_Stangl_Balmi - DEBUG -     gz_id=4000642 'tinacoa' score=0.889 nombre=False saint_only=False terr= phase=candidate
2026-07-24 21:50:07 - matching_Stangl_Balmi - DEBUG -     gz_id=4000642 'tinacoa' score=0.889 nombre=False saint_only=False terr= phase=candidate
2026-07-24 21:50:07 - matching_Stangl_Balmi - DEBUG -     gz_id=5600046 'macas' score=0.889 nombre=False saint_only=False terr= phase=candidate
2026-07-24 21:50:07 - matching_Stangl_Balmi - DEBUG -     gz_id=5600046 'macas' score=0.889 nombre=False saint_only=False terr= phase=candidate
2026-07-24 21:50:07 - matching_Stangl_Balmi - DEBUG -     gz_id=5600046 'macas' score=0.889 nombre=False saint_only=False terr= phase=candidate
2026-07-24 21:50:07 - matching_Stangl_Balmi - DEBUG -     gz_id=5600046 'macas' score=0.889 nombre=False saint_only=False terr= phase=candidate
2026-07-24 21:50:07 - matching_Stangl_Balmi - DEBUG -     gz_id=5600046 'macas' score=0.889 nombre=False saint_only=False terr= phase=candidate
2026-07-24 21:50:07 - matching_Stangl_Balmi - DEBUG -     gz_id=5600046 'macas' score=0.889 nombre=False saint_only=False terr= phase=candidate
2026-07-24 21:50:07 - matching_Stangl_Balmi - DEBUG -     gz_id=5600046 'macas' score=0.889 nombre=False saint_only=False terr= phase=candidate
2026-07-24 21:50:07 - matching_Stangl_Balmi - DEBUG -     gz_id=5600046 'macas' score=0.889 nombre=False saint_only=False terr= phase=candidate
2026-07-24 21:50:07 - matching_Stangl_Balmi - DEBUG -     gz_id=4000190 'macarao' score=0.889 nombre=False saint_only=False terr= phase=candidate
2026-07-24 21:50:07 - matching_Stangl_Balmi - DEBUG -     gz_id=4000190 'macarao' score=0.889 nombre=False saint_only=False terr= phase=candidate
2026-07-24 21:50:07 - matching_Stangl_Balmi - DEBUG -     gz_id=4000190 'macarao' score=0.889 nombre=False saint_only=False terr= phase=candidate
2026-07-24 21:50:07 - matching_Stangl_Balmi - DEBUG -     gz_id=4000190 'macarao' score=0.889 nombre=False saint_only=False terr= phase=candidate
2026-07-24 21:50:07 - matching_Stangl_Balmi - DEBUG -     gz_id=2000260 'masca' score=0.800 nombre=False saint_only=False terr= phase=relegated
2026-07-24 21:50:07 - matching_Stangl_Balmi - DEBUG -     gz_id=1001025 'macua' score=0.800 nombre=False saint_only=False terr= phase=relegated
2026-07-24 21:50:07 - matching_Stangl_Balmi - DEBUG -     gz_id=1001025 'macua' score=0.800 nombre=False saint_only=False terr= phase=relegated
2026-07-24 21:50:07 - matching_Stangl_Balmi - DEBUG -     gz_id=2000260 'masca' score=0.800 nombre=False saint_only=False terr= phase=relegated
2026-07-24 21:50:07 - matching_Stangl_Balmi - DEBUG -     gz_id=2000260 'masca' score=0.800 nombre=False saint_only=False terr= phase=relegated
2026-07-24 21:50:07 - matching_Stangl_Balmi - DEBUG -     gz_id=8000158 'macha' score=0.800 nombre=False saint_only=False terr= phase=relegated
2026-07-24 21:50:07 - matching_Stangl_Balmi - DEBUG -     gz_id=6001107 'marca' score=0.800 nombre=False saint_only=False terr= phase=relegated
2026-07-24 21:50:07 - matching_Stangl_Balmi - DEBUG -     gz_id=6001107 'marca' score=0.800 nombre=False saint_only=False terr= phase=relegated
2026-07-24 21:50:07 - matching_Stangl_Balmi - DEBUG -     gz_id=8000158 'macha' score=0.800 nombre=False saint_only=False terr= phase=relegated
2026-07-24 21:50:07 - matching_Stangl_Balmi - DEBUG -     gz_id=6000735 'marco' score=0.800 nombre=False saint_only=False terr= phase=relegated
2026-07-24 21:50:07 - matching_Stangl_Balmi - DEBUG -     gz_id=6000735 'marco' score=0.800 nombre=False saint_only=False terr= phase=relegated
2026-07-24 21:50:07 - matching_Stangl_Balmi - DEBUG -     gz_id=9000514 'cebil macho' score=0.800 nombre=False saint_only=False terr= phase=relegated
2026-07-24 21:50:07 - matching_Stangl_Balmi - DEBUG -     gz_id=9000514 'cebil macho' score=0.800 nombre=False saint_only=False terr= phase=relegated
2026-07-24 21:50:07 - matching_Stangl_Balmi - DEBUG -     gz_id=9000514 'cebil macho' score=0.800 nombre=False saint_only=False terr= phase=relegated
2026-07-24 21:50:07 - matching_Stangl_Balmi - DEBUG -     gz_id=9000514 'cebil macho' score=0.800 nombre=False saint_only=False terr= phase=relegated
2026-07-24 21:50:07 - matching_Stangl_Balmi - DEBUG -     gz_id=9900875 'san marco' score=0.800 nombre=False saint_only=False terr= phase=relegated
2026-07-24 21:50:07 - matching_Stangl_Balmi - DEBUG -     gz_id=9900875 'san marco' score=0.800 nombre=False saint_only=False terr= phase=relegated
2026-07-24 21:50:07 - matching_Stangl_Balmi - DEBUG -     gz_id=9900875 'san marco' score=0.800 nombre=False saint_only=False terr= phase=relegated
2026-07-24 21:50:07 - matching_Stangl_Balmi - DEBUG -     gz_id=9900875 'san marco' score=0.800 nombre=False saint_only=False terr= phase=relegated
2026-07-24 21:50:07 - matching_Stangl_Balmi - DEBUG -     gz_id=9900875 'san marco' score=0.800 nombre=False saint_only=False terr= phase=relegated
2026-07-24 21:50:07 - matching_Stangl_Balmi - DEBUG -     gz_id=7000292 'marco' score=0.800 nombre=False saint_only=False terr= phase=relegated
2026-07-24 21:50:07 - matching_Stangl_Balmi - DEBUG -     gz_id=7000292 'marco' score=0.800 nombre=False saint_only=False terr= phase=relegated
2026-07-24 21:50:07 - matching_Stangl_Balmi - DEBUG -     gz_id=9901215 'san cebastian manco' score=0.800 nombre=False saint_only=False terr= phase=relegated
2026-07-24 21:50:07 - matching_Stangl_Balmi - DEBUG -     gz_id=9901215 'san cebastian manco' score=0.800 nombre=False saint_only=False terr= phase=relegated
2026-07-24 21:50:07 - matching_Stangl_Balmi - INFO -   Before dedup: 42 candidates
2026-07-24 21:50:07 - matching_Stangl_Balmi - INFO -   After dedup: 14 unique gz_ids
2026-07-24 21:50:07 - matching_Stangl_Balmi - INFO -   Dropped 14 territory-contradicting candidates
2026-07-24 21:50:07 - matching_Stangl_Balmi - INFO -   Input has territorial data: True
2026-07-24 21:50:07 - matching_Stangl_Balmi - INFO -   Candidates with territory match: 0
2026-07-24 21:50:07 - matching_Stangl_Balmi - INFO -   No territorial filtering applied (no matching territories found)
2026-07-24 21:50:07 - matching_Stangl_Balmi - INFO -   Nombre matches (exact on lugar_nombre): 0
2026-07-24 21:50:07 - matching_Stangl_Balmi - INFO -   Saint-only matches: 0
2026-07-24 21:50:07 - matching_Stangl_Balmi - INFO -   Substantive matches: 0
2026-07-24 21:50:07 - matching_Stangl_Balmi - INFO -   Candidate pool (>= threshold): 0
2026-07-24 21:50:07 - matching_Stangl_Balmi - WARNING -   No candidate above threshold - relegated
2026-07-24 21:50:07 - matching_Stangl_Balmi - INFO - 
============================================================
2026-07-24 21:50:07 - matching_Stangl_Balmi - INFO - Processing rowID=104: 'Macao' -> cleaned: 'macao'
2026-07-24 21:50:07 - matching_Stangl_Balmi - INFO -   Token-based candidates: 42
2026-07-24 21:50:07 - matching_Stangl_Balmi - INFO -   Fuzzy matches (score >= 70, limit=500): 42
2026-07-24 21:50:07 - matching_Stangl_Balmi - DEBUG -     gz_id=6000078 'maca' score=1.000 nombre=False saint_only=False terr= phase=auto_adopt
2026-07-24 21:50:07 - matching_Stangl_Balmi - DEBUG -     gz_id=6000078 'maca' score=1.000 nombre=False saint_only=False terr= phase=auto_adopt
2026-07-24 21:50:07 - matching_Stangl_Balmi - DEBUG -     gz_id=3000214 'humacado' score=1.000 nombre=False saint_only=False terr= phase=auto_adopt
2026-07-24 21:50:07 - matching_Stangl_Balmi - DEBUG -     gz_id=3000214 'humacado' score=1.000 nombre=False saint_only=False terr= phase=auto_adopt
2026-07-24 21:50:07 - matching_Stangl_Balmi - DEBUG -     gz_id=4000642 'tinacoa' score=0.889 nombre=False saint_only=False terr= phase=candidate
2026-07-24 21:50:07 - matching_Stangl_Balmi - DEBUG -     gz_id=4000642 'tinacoa' score=0.889 nombre=False saint_only=False terr= phase=candidate
2026-07-24 21:50:07 - matching_Stangl_Balmi - DEBUG -     gz_id=5600046 'macas' score=0.889 nombre=False saint_only=False terr= phase=candidate
2026-07-24 21:50:07 - matching_Stangl_Balmi - DEBUG -     gz_id=5600046 'macas' score=0.889 nombre=False saint_only=False terr= phase=candidate
2026-07-24 21:50:07 - matching_Stangl_Balmi - DEBUG -     gz_id=5600046 'macas' score=0.889 nombre=False saint_only=False terr= phase=candidate
2026-07-24 21:50:07 - matching_Stangl_Balmi - DEBUG -     gz_id=5600046 'macas' score=0.889 nombre=False saint_only=False terr= phase=candidate
2026-07-24 21:50:07 - matching_Stangl_Balmi - DEBUG -     gz_id=5600046 'macas' score=0.889 nombre=False saint_only=False terr= phase=candidate
2026-07-24 21:50:07 - matching_Stangl_Balmi - DEBUG -     gz_id=5600046 'macas' score=0.889 nombre=False saint_only=False terr= phase=candidate
2026-07-24 21:50:07 - matching_Stangl_Balmi - DEBUG -     gz_id=5600046 'macas' score=0.889 nombre=False saint_only=False terr= phase=candidate
2026-07-24 21:50:07 - matching_Stangl_Balmi - DEBUG -     gz_id=5600046 'macas' score=0.889 nombre=False saint_only=False terr= phase=candidate
2026-07-24 21:50:07 - matching_Stangl_Balmi - DEBUG -     gz_id=4000190 'macarao' score=0.889 nombre=False saint_only=False terr= phase=candidate
2026-07-24 21:50:07 - matching_Stangl_Balmi - DEBUG -     gz_id=4000190 'macarao' score=0.889 nombre=False saint_only=False terr= phase=candidate
2026-07-24 21:50:07 - matching_Stangl_Balmi - DEBUG -     gz_id=4000190 'macarao' score=0.889 nombre=False saint_only=False terr= phase=candidate
2026-07-24 21:50:07 - matching_Stangl_Balmi - DEBUG -     gz_id=4000190 'macarao' score=0.889 nombre=False saint_only=False terr= phase=candidate
2026-07-24 21:50:07 - matching_Stangl_Balmi - DEBUG -     gz_id=2000260 'masca' score=0.800 nombre=False saint_only=False terr= phase=relegated
2026-07-24 21:50:07 - matching_Stangl_Balmi - DEBUG -     gz_id=1001025 'macua' score=0.800 nombre=False saint_only=False terr= phase=relegated
2026-07-24 21:50:07 - matching_Stangl_Balmi - DEBUG -     gz_id=1001025 'macua' score=0.800 nombre=False saint_only=False terr= phase=relegated
2026-07-24 21:50:07 - matching_Stangl_Balmi - DEBUG -     gz_id=2000260 'masca' score=0.800 nombre=False saint_only=False terr= phase=relegated
2026-07-24 21:50:07 - matching_Stangl_Balmi - DEBUG -     gz_id=2000260 'masca' score=0.800 nombre=False saint_only=False terr= phase=relegated
2026-07-24 21:50:07 - matching_Stangl_Balmi - DEBUG -     gz_id=8000158 'macha' score=0.800 nombre=False saint_only=False terr= phase=relegated
2026-07-24 21:50:07 - matching_Stangl_Balmi - DEBUG -     gz_id=6001107 'marca' score=0.800 nombre=False saint_only=False terr= phase=relegated
2026-07-24 21:50:07 - matching_Stangl_Balmi - DEBUG -     gz_id=6001107 'marca' score=0.800 nombre=False saint_only=False terr= phase=relegated
2026-07-24 21:50:07 - matching_Stangl_Balmi - DEBUG -     gz_id=8000158 'macha' score=0.800 nombre=False saint_only=False terr= phase=relegated
2026-07-24 21:50:07 - matching_Stangl_Balmi - DEBUG -     gz_id=6000735 'marco' score=0.800 nombre=False saint_only=False terr= phase=relegated
2026-07-24 21:50:07 - matching_Stangl_Balmi - DEBUG -     gz_id=6000735 'marco' score=0.800 nombre=False saint_only=False terr= phase=relegated
2026-07-24 21:50:07 - matching_Stangl_Balmi - DEBUG -     gz_id=9000514 'cebil macho' score=0.800 nombre=False saint_only=False terr= phase=relegated
2026-07-24 21:50:07 - matching_Stangl_Balmi - DEBUG -     gz_id=9000514 'cebil macho' score=0.800 nombre=False saint_only=False terr= phase=relegated
2026-07-24 21:50:07 - matching_Stangl_Balmi - DEBUG -     gz_id=9000514 'cebil macho' score=0.800 nombre=False saint_only=False terr= phase=relegated
2026-07-24 21:50:07 - matching_Stangl_Balmi - DEBUG -     gz_id=9000514 'cebil macho' score=0.800 nombre=False saint_only=False terr= phase=relegated
2026-07-24 21:50:07 - matching_Stangl_Balmi - DEBUG -     gz_id=9900875 'san marco' score=0.800 nombre=False saint_only=False terr= phase=relegated
2026-07-24 21:50:07 - matching_Stangl_Balmi - DEBUG -     gz_id=9900875 'san marco' score=0.800 nombre=False saint_only=False terr= phase=relegated
2026-07-24 21:50:07 - matching_Stangl_Balmi - DEBUG -     gz_id=9900875 'san marco' score=0.800 nombre=False saint_only=False terr= phase=relegated
2026-07-24 21:50:07 - matching_Stangl_Balmi - DEBUG -     gz_id=9900875 'san marco' score=0.800 nombre=False saint_only=False terr= phase=relegated
2026-07-24 21:50:07 - matching_Stangl_Balmi - DEBUG -     gz_id=9900875 'san marco' score=0.800 nombre=False saint_only=False terr= phase=relegated
2026-07-24 21:50:07 - matching_Stangl_Balmi - DEBUG -     gz_id=7000292 'marco' score=0.800 nombre=False saint_only=False terr= phase=relegated
2026-07-24 21:50:07 - matching_Stangl_Balmi - DEBUG -     gz_id=7000292 'marco' score=0.800 nombre=False saint_only=False terr= phase=relegated
2026-07-24 21:50:07 - matching_Stangl_Balmi - DEBUG -     gz_id=9901215 'san cebastian manco' score=0.800 nombre=False saint_only=False terr= phase=relegated
2026-07-24 21:50:07 - matching_Stangl_Balmi - DEBUG -     gz_id=9901215 'san cebastian manco' score=0.800 nombre=False saint_only=False terr= phase=relegated
2026-07-24 21:50:07 - matching_Stangl_Balmi - INFO -   Before dedup: 42 candidates
2026-07-24 21:50:07 - matching_Stangl_Balmi - INFO -   After dedup: 14 unique gz_ids
2026-07-24 21:50:07 - matching_Stangl_Balmi - INFO -   Dropped 14 territory-contradicting candidates
2026-07-24 21:50:07 - matching_Stangl_Balmi - INFO -   Input has territorial data: True
2026-07-24 21:50:07 - matching_Stangl_Balmi - INFO -   Candidates with territory match: 0
2026-07-24 21:50:07 - matching_Stangl_Balmi - INFO -   No territorial filtering applied (no matching territories found)
2026-07-24 21:50:07 - matching_Stangl_Balmi - INFO -   Nombre matches (exact on lugar_nombre): 0
2026-07-24 21:50:07 - matching_Stangl_Balmi - INFO -   Saint-only matches: 0
2026-07-24 21:50:07 - matching_Stangl_Balmi - INFO -   Substantive matches: 0
2026-07-24 21:50:07 - matching_Stangl_Balmi - INFO -   Candidate pool (>= threshold): 0
2026-07-24 21:50:07 - matching_Stangl_Balmi - WARNING -   No candidate above threshold - relegated
2026-07-24 21:50:07 - matching_Stangl_Balmi - INFO - 
============================================================
2026-07-24 21:50:07 - matching_Stangl_Balmi - INFO - Processing rowID=104: 'Macao' -> cleaned: 'macao'
2026-07-24 21:50:07 - matching_Stangl_Balmi - INFO -   Token-based candidates: 42
2026-07-24 21:50:07 - matching_Stangl_Balmi - INFO -   Fuzzy matches (score >= 70, limit=500): 42
2026-07-24 21:50:07 - matching_Stangl_Balmi - DEBUG -     gz_id=6000078 'maca' score=1.000 nombre=False saint_only=False terr= phase=auto_adopt
2026-07-24 21:50:07 - matching_Stangl_Balmi - DEBUG -     gz_id=6000078 'maca' score=1.000 nombre=False saint_only=False terr= phase=auto_adopt
2026-07-24 21:50:07 - matching_Stangl_Balmi - DEBUG -     gz_id=3000214 'humacado' score=1.000 nombre=False saint_only=False terr= phase=auto_adopt
2026-07-24 21:50:07 - matching_Stangl_Balmi - DEBUG -     gz_id=3000214 'humacado' score=1.000 nombre=False saint_only=False terr= phase=auto_adopt
2026-07-24 21:50:07 - matching_Stangl_Balmi - DEBUG -     gz_id=4000642 'tinacoa' score=0.889 nombre=False saint_only=False terr= phase=candidate
2026-07-24 21:50:07 - matching_Stangl_Balmi - DEBUG -     gz_id=4000642 'tinacoa' score=0.889 nombre=False saint_only=False terr= phase=candidate
2026-07-24 21:50:07 - matching_Stangl_Balmi - DEBUG -     gz_id=5600046 'macas' score=0.889 nombre=False saint_only=False terr= phase=candidate
2026-07-24 21:50:07 - matching_Stangl_Balmi - DEBUG -     gz_id=5600046 'macas' score=0.889 nombre=False saint_only=False terr= phase=candidate
2026-07-24 21:50:07 - matching_Stangl_Balmi - DEBUG -     gz_id=5600046 'macas' score=0.889 nombre=False saint_only=False terr= phase=candidate
2026-07-24 21:50:07 - matching_Stangl_Balmi - DEBUG -     gz_id=5600046 'macas' score=0.889 nombre=False saint_only=False terr= phase=candidate
2026-07-24 21:50:07 - matching_Stangl_Balmi - DEBUG -     gz_id=5600046 'macas' score=0.889 nombre=False saint_only=False terr= phase=candidate
2026-07-24 21:50:07 - matching_Stangl_Balmi - DEBUG -     gz_id=5600046 'macas' score=0.889 nombre=False saint_only=False terr= phase=candidate
2026-07-24 21:50:07 - matching_Stangl_Balmi - DEBUG -     gz_id=5600046 'macas' score=0.889 nombre=False saint_only=False terr= phase=candidate
2026-07-24 21:50:07 - matching_Stangl_Balmi - DEBUG -     gz_id=5600046 'macas' score=0.889 nombre=False saint_only=False terr= phase=candidate
2026-07-24 21:50:07 - matching_Stangl_Balmi - DEBUG -     gz_id=4000190 'macarao' score=0.889 nombre=False saint_only=False terr= phase=candidate
2026-07-24 21:50:07 - matching_Stangl_Balmi - DEBUG -     gz_id=4000190 'macarao' score=0.889 nombre=False saint_only=False terr= phase=candidate
2026-07-24 21:50:07 - matching_Stangl_Balmi - DEBUG -     gz_id=4000190 'macarao' score=0.889 nombre=False saint_only=False terr= phase=candidate
2026-07-24 21:50:07 - matching_Stangl_Balmi - DEBUG -     gz_id=4000190 'macarao' score=0.889 nombre=False saint_only=False terr= phase=candidate
2026-07-24 21:50:07 - matching_Stangl_Balmi - DEBUG -     gz_id=2000260 'masca' score=0.800 nombre=False saint_only=False terr= phase=relegated
2026-07-24 21:50:07 - matching_Stangl_Balmi - DEBUG -     gz_id=1001025 'macua' score=0.800 nombre=False saint_only=False terr= phase=relegated
2026-07-24 21:50:07 - matching_Stangl_Balmi - DEBUG -     gz_id=1001025 'macua' score=0.800 nombre=False saint_only=False terr= phase=relegated
2026-07-24 21:50:07 - matching_Stangl_Balmi - DEBUG -     gz_id=2000260 'masca' score=0.800 nombre=False saint_only=False terr= phase=relegated
2026-07-24 21:50:07 - matching_Stangl_Balmi - DEBUG -     gz_id=2000260 'masca' score=0.800 nombre=False saint_only=False terr= phase=relegated
2026-07-24 21:50:07 - matching_Stangl_Balmi - DEBUG -     gz_id=8000158 'macha' score=0.800 nombre=False saint_only=False terr= phase=relegated
2026-07-24 21:50:07 - matching_Stangl_Balmi - DEBUG -     gz_id=6001107 'marca' score=0.800 nombre=False saint_only=False terr= phase=relegated
2026-07-24 21:50:07 - matching_Stangl_Balmi - DEBUG -     gz_id=6001107 'marca' score=0.800 nombre=False saint_only=False terr= phase=relegated
2026-07-24 21:50:07 - matching_Stangl_Balmi - DEBUG -     gz_id=8000158 'macha' score=0.800 nombre=False saint_only=False terr= phase=relegated
2026-07-24 21:50:07 - matching_Stangl_Balmi - DEBUG -     gz_id=6000735 'marco' score=0.800 nombre=False saint_only=False terr= phase=relegated
2026-07-24 21:50:07 - matching_Stangl_Balmi - DEBUG -     gz_id=6000735 'marco' score=0.800 nombre=False saint_only=False terr= phase=relegated
2026-07-24 21:50:07 - matching_Stangl_Balmi - DEBUG -     gz_id=9000514 'cebil macho' score=0.800 nombre=False saint_only=False terr= phase=relegated
2026-07-24 21:50:07 - matching_Stangl_Balmi - DEBUG -     gz_id=9000514 'cebil macho' score=0.800 nombre=False saint_only=False terr= phase=relegated
2026-07-24 21:50:07 - matching_Stangl_Balmi - DEBUG -     gz_id=9000514 'cebil macho' score=0.800 nombre=False saint_only=False terr= phase=relegated
2026-07-24 21:50:07 - matching_Stangl_Balmi - DEBUG -     gz_id=9000514 'cebil macho' score=0.800 nombre=False saint_only=False terr= phase=relegated
2026-07-24 21:50:07 - matching_Stangl_Balmi - DEBUG -     gz_id=9900875 'san marco' score=0.800 nombre=False saint_only=False terr= phase=relegated
2026-07-24 21:50:07 - matching_Stangl_Balmi - DEBUG -     gz_id=9900875 'san marco' score=0.800 nombre=False saint_only=False terr= phase=relegated
2026-07-24 21:50:07 - matching_Stangl_Balmi - DEBUG -     gz_id=9900875 'san marco' score=0.800 nombre=False saint_only=False terr= phase=relegated
2026-07-24 21:50:07 - matching_Stangl_Balmi - DEBUG -     gz_id=9900875 'san marco' score=0.800 nombre=False saint_only=False terr= phase=relegated
2026-07-24 21:50:07 - matching_Stangl_Balmi - DEBUG -     gz_id=9900875 'san marco' score=0.800 nombre=False saint_only=False terr= phase=relegated
2026-07-24 21:50:07 - matching_Stangl_Balmi - DEBUG -     gz_id=7000292 'marco' score=0.800 nombre=False saint_only=False terr= phase=relegated
2026-07-24 21:50:07 - matching_Stangl_Balmi - DEBUG -     gz_id=7000292 'marco' score=0.800 nombre=False saint_only=False terr= phase=relegated
2026-07-24 21:50:07 - matching_Stangl_Balmi - DEBUG -     gz_id=9901215 'san cebastian manco' score=0.800 nombre=False saint_only=False terr= phase=relegated
2026-07-24 21:50:07 - matching_Stangl_Balmi - DEBUG -     gz_id=9901215 'san cebastian manco' score=0.800 nombre=False saint_only=False terr= phase=relegated
2026-07-24 21:50:07 - matching_Stangl_Balmi - INFO -   Before dedup: 42 candidates
2026-07-24 21:50:07 - matching_Stangl_Balmi - INFO -   After dedup: 14 unique gz_ids
2026-07-24 21:50:07 - matching_Stangl_Balmi - INFO -   Dropped 14 territory-contradicting candidates
2026-07-24 21:50:07 - matching_Stangl_Balmi - INFO -   Input has territorial data: True
2026-07-24 21:50:07 - matching_Stangl_Balmi - INFO -   Candidates with territory match: 0
2026-07-24 21:50:07 - matching_Stangl_Balmi - INFO -   No territorial filtering applied (no matching territories found)
2026-07-24 21:50:07 - matching_Stangl_Balmi - INFO -   Nombre matches (exact on lugar_nombre): 0
2026-07-24 21:50:07 - matching_Stangl_Balmi - INFO -   Saint-only matches: 0
2026-07-24 21:50:07 - matching_Stangl_Balmi - INFO -   Substantive matches: 0
2026-07-24 21:50:07 - matching_Stangl_Balmi - INFO -   Candidate pool (>= threshold): 0
2026-07-24 21:50:07 - matching_Stangl_Balmi - WARNING -   No candidate above threshold - relegated
2026-07-24 21:50:07 - matching_Stangl_Balmi - INFO - 
============================================================
2026-07-24 21:50:07 - matching_Stangl_Balmi - INFO - Processing rowID=105: 'Canton' -> cleaned: 'canton'
2026-07-24 21:50:07 - matching_Stangl_Balmi - INFO -   Token-based candidates: 24
2026-07-24 21:50:07 - matching_Stangl_Balmi - INFO -   Fuzzy matches (score >= 70, limit=500): 24
2026-07-24 21:50:07 - matching_Stangl_Balmi - DEBUG -     gz_id=5000288 'anton' score=1.000 nombre=False saint_only=False terr= phase=auto_adopt
2026-07-24 21:50:07 - matching_Stangl_Balmi - DEBUG -     gz_id=5000288 'anton' score=1.000 nombre=False saint_only=False terr= phase=auto_adopt
2026-07-24 21:50:07 - matching_Stangl_Balmi - DEBUG -     gz_id=5000288 'anton' score=1.000 nombre=False saint_only=False terr= phase=auto_adopt
2026-07-24 21:50:07 - matching_Stangl_Balmi - DEBUG -     gz_id=5000288 'anton' score=1.000 nombre=False saint_only=False terr= phase=auto_adopt
2026-07-24 21:50:07 - matching_Stangl_Balmi - DEBUG -     gz_id=5000288 'anton' score=1.000 nombre=False saint_only=False terr= phase=auto_adopt
2026-07-24 21:50:07 - matching_Stangl_Balmi - DEBUG -     gz_id=5600459 'cantonama' score=1.000 nombre=False saint_only=False terr= phase=auto_adopt
2026-07-24 21:50:07 - matching_Stangl_Balmi - DEBUG -     gz_id=5600459 'cantonama' score=1.000 nombre=False saint_only=False terr= phase=auto_adopt
2026-07-24 21:50:07 - matching_Stangl_Balmi - DEBUG -     gz_id=5600459 'cantonama' score=1.000 nombre=False saint_only=False terr= phase=auto_adopt
2026-07-24 21:50:07 - matching_Stangl_Balmi - DEBUG -     gz_id=5600459 'cantonama' score=1.000 nombre=False saint_only=False terr= phase=auto_adopt
2026-07-24 21:50:07 - matching_Stangl_Balmi - DEBUG -     gz_id=1004809 'candelaria' score=0.909 nombre=False saint_only=False terr= phase=auto_adopt
2026-07-24 21:50:07 - matching_Stangl_Balmi - DEBUG -     gz_id=1004809 'candelaria' score=0.909 nombre=False saint_only=False terr= phase=auto_adopt
2026-07-24 21:50:07 - matching_Stangl_Balmi - DEBUG -     gz_id=5600625 'anton moreno' score=0.909 nombre=False saint_only=False terr= phase=auto_adopt
2026-07-24 21:50:07 - matching_Stangl_Balmi - DEBUG -     gz_id=5600625 'anton moreno' score=0.909 nombre=False saint_only=False terr= phase=auto_adopt
2026-07-24 21:50:07 - matching_Stangl_Balmi - DEBUG -     gz_id=5600625 'anton moreno' score=0.909 nombre=False saint_only=False terr= phase=auto_adopt
2026-07-24 21:50:07 - matching_Stangl_Balmi - DEBUG -     gz_id=3000040 'cano' score=0.857 nombre=False saint_only=False terr= phase=candidate
2026-07-24 21:50:07 - matching_Stangl_Balmi - DEBUG -     gz_id=3000040 'cano' score=0.857 nombre=False saint_only=False terr= phase=candidate
2026-07-24 21:50:07 - matching_Stangl_Balmi - DEBUG -     gz_id=3000040 'cano' score=0.857 nombre=False saint_only=False terr= phase=candidate
2026-07-24 21:50:07 - matching_Stangl_Balmi - DEBUG -     gz_id=3000040 'cano' score=0.857 nombre=False saint_only=False terr= phase=candidate
2026-07-24 21:50:07 - matching_Stangl_Balmi - DEBUG -     gz_id=6000476 'cano' score=0.857 nombre=False saint_only=False terr= phase=candidate
2026-07-24 21:50:07 - matching_Stangl_Balmi - DEBUG -     gz_id=6000476 'cano' score=0.857 nombre=False saint_only=False terr= phase=candidate
2026-07-24 21:50:07 - matching_Stangl_Balmi - DEBUG -     gz_id=4000519 'cano tortuga' score=0.800 nombre=False saint_only=False terr= phase=relegated
2026-07-24 21:50:07 - matching_Stangl_Balmi - DEBUG -     gz_id=4000519 'cano tortuga' score=0.800 nombre=False saint_only=False terr= phase=relegated
2026-07-24 21:50:07 - matching_Stangl_Balmi - DEBUG -     gz_id=4000519 'cano tortuga' score=0.800 nombre=False saint_only=False terr= phase=relegated
2026-07-24 21:50:07 - matching_Stangl_Balmi - DEBUG -     gz_id=5000110 'cano oro' score=0.800 nombre=False saint_only=False terr= phase=relegated
2026-07-24 21:50:07 - matching_Stangl_Balmi - INFO -   Before dedup: 24 candidates
2026-07-24 21:50:07 - matching_Stangl_Balmi - INFO -   After dedup: 8 unique gz_ids
2026-07-24 21:50:07 - matching_Stangl_Balmi - INFO -   Dropped 8 territory-contradicting candidates
2026-07-24 21:50:07 - matching_Stangl_Balmi - INFO -   Input has territorial data: True
2026-07-24 21:50:07 - matching_Stangl_Balmi - INFO -   Candidates with territory match: 0
2026-07-24 21:50:07 - matching_Stangl_Balmi - INFO -   No territorial filtering applied (no matching territories found)
2026-07-24 21:50:07 - matching_Stangl_Balmi - INFO -   Nombre matches (exact on lugar_nombre): 0
2026-07-24 21:50:07 - matching_Stangl_Balmi - INFO -   Saint-only matches: 0
2026-07-24 21:50:07 - matching_Stangl_Balmi - INFO -   Substantive matches: 0
2026-07-24 21:50:07 - matching_Stangl_Balmi - INFO -   Candidate pool (>= threshold): 0
2026-07-24 21:50:07 - matching_Stangl_Balmi - WARNING -   No candidate above threshold - relegated
2026-07-24 21:50:07 - matching_Stangl_Balmi - INFO - 
============================================================
2026-07-24 21:50:07 - matching_Stangl_Balmi - INFO - Processing rowID=105: 'Canton' -> cleaned: 'canton'
2026-07-24 21:50:07 - matching_Stangl_Balmi - INFO -   Token-based candidates: 24
2026-07-24 21:50:07 - matching_Stangl_Balmi - INFO -   Fuzzy matches (score >= 70, limit=500): 24
2026-07-24 21:50:07 - matching_Stangl_Balmi - DEBUG -     gz_id=5000288 'anton' score=1.000 nombre=False saint_only=False terr= phase=auto_adopt
2026-07-24 21:50:07 - matching_Stangl_Balmi - DEBUG -     gz_id=5000288 'anton' score=1.000 nombre=False saint_only=False terr= phase=auto_adopt
2026-07-24 21:50:07 - matching_Stangl_Balmi - DEBUG -     gz_id=5000288 'anton' score=1.000 nombre=False saint_only=False terr= phase=auto_adopt
2026-07-24 21:50:07 - matching_Stangl_Balmi - DEBUG -     gz_id=5000288 'anton' score=1.000 nombre=False saint_only=False terr= phase=auto_adopt
2026-07-24 21:50:07 - matching_Stangl_Balmi - DEBUG -     gz_id=5000288 'anton' score=1.000 nombre=False saint_only=False terr= phase=auto_adopt
2026-07-24 21:50:07 - matching_Stangl_Balmi - DEBUG -     gz_id=5600459 'cantonama' score=1.000 nombre=False saint_only=False terr= phase=auto_adopt
2026-07-24 21:50:07 - matching_Stangl_Balmi - DEBUG -     gz_id=5600459 'cantonama' score=1.000 nombre=False saint_only=False terr= phase=auto_adopt
2026-07-24 21:50:07 - matching_Stangl_Balmi - DEBUG -     gz_id=5600459 'cantonama' score=1.000 nombre=False saint_only=False terr= phase=auto_adopt
2026-07-24 21:50:07 - matching_Stangl_Balmi - DEBUG -     gz_id=5600459 'cantonama' score=1.000 nombre=False saint_only=False terr= phase=auto_adopt
2026-07-24 21:50:07 - matching_Stangl_Balmi - DEBUG -     gz_id=1004809 'candelaria' score=0.909 nombre=False saint_only=False terr= phase=auto_adopt
2026-07-24 21:50:07 - matching_Stangl_Balmi - DEBUG -     gz_id=1004809 'candelaria' score=0.909 nombre=False saint_only=False terr= phase=auto_adopt
2026-07-24 21:50:07 - matching_Stangl_Balmi - DEBUG -     gz_id=5600625 'anton moreno' score=0.909 nombre=False saint_only=False terr= phase=auto_adopt
2026-07-24 21:50:07 - matching_Stangl_Balmi - DEBUG -     gz_id=5600625 'anton moreno' score=0.909 nombre=False saint_only=False terr= phase=auto_adopt
2026-07-24 21:50:07 - matching_Stangl_Balmi - DEBUG -     gz_id=5600625 'anton moreno' score=0.909 nombre=False saint_only=False terr= phase=auto_adopt
2026-07-24 21:50:07 - matching_Stangl_Balmi - DEBUG -     gz_id=3000040 'cano' score=0.857 nombre=False saint_only=False terr= phase=candidate
2026-07-24 21:50:07 - matching_Stangl_Balmi - DEBUG -     gz_id=3000040 'cano' score=0.857 nombre=False saint_only=False terr= phase=candidate
2026-07-24 21:50:07 - matching_Stangl_Balmi - DEBUG -     gz_id=3000040 'cano' score=0.857 nombre=False saint_only=False terr= phase=candidate
2026-07-24 21:50:07 - matching_Stangl_Balmi - DEBUG -     gz_id=3000040 'cano' score=0.857 nombre=False saint_only=False terr= phase=candidate
2026-07-24 21:50:07 - matching_Stangl_Balmi - DEBUG -     gz_id=6000476 'cano' score=0.857 nombre=False saint_only=False terr= phase=candidate
2026-07-24 21:50:07 - matching_Stangl_Balmi - DEBUG -     gz_id=6000476 'cano' score=0.857 nombre=False saint_only=False terr= phase=candidate
2026-07-24 21:50:07 - matching_Stangl_Balmi - DEBUG -     gz_id=4000519 'cano tortuga' score=0.800 nombre=False saint_only=False terr= phase=relegated
2026-07-24 21:50:07 - matching_Stangl_Balmi - DEBUG -     gz_id=4000519 'cano tortuga' score=0.800 nombre=False saint_only=False terr= phase=relegated
2026-07-24 21:50:07 - matching_Stangl_Balmi - DEBUG -     gz_id=4000519 'cano tortuga' score=0.800 nombre=False saint_only=False terr= phase=relegated
2026-07-24 21:50:07 - matching_Stangl_Balmi - DEBUG -     gz_id=5000110 'cano oro' score=0.800 nombre=False saint_only=False terr= phase=relegated
2026-07-24 21:50:07 - matching_Stangl_Balmi - INFO -   Before dedup: 24 candidates
2026-07-24 21:50:07 - matching_Stangl_Balmi - INFO -   After dedup: 8 unique gz_ids
2026-07-24 21:50:07 - matching_Stangl_Balmi - INFO -   Dropped 8 territory-contradicting candidates
2026-07-24 21:50:07 - matching_Stangl_Balmi - INFO -   Input has territorial data: True
2026-07-24 21:50:07 - matching_Stangl_Balmi - INFO -   Candidates with territory match: 0
2026-07-24 21:50:07 - matching_Stangl_Balmi - INFO -   No territorial filtering applied (no matching territories found)
2026-07-24 21:50:07 - matching_Stangl_Balmi - INFO -   Nombre matches (exact on lugar_nombre): 0
2026-07-24 21:50:07 - matching_Stangl_Balmi - INFO -   Saint-only matches: 0
2026-07-24 21:50:07 - matching_Stangl_Balmi - INFO -   Substantive matches: 0
2026-07-24 21:50:07 - matching_Stangl_Balmi - INFO -   Candidate pool (>= threshold): 0
2026-07-24 21:50:07 - matching_Stangl_Balmi - WARNING -   No candidate above threshold - relegated
2026-07-24 21:50:07 - matching_Stangl_Balmi - INFO - 
============================================================
2026-07-24 21:50:07 - matching_Stangl_Balmi - INFO - Processing rowID=105: 'Canton' -> cleaned: 'canton'
2026-07-24 21:50:07 - matching_Stangl_Balmi - INFO -   Token-based candidates: 24
2026-07-24 21:50:07 - matching_Stangl_Balmi - INFO -   Fuzzy matches (score >= 70, limit=500): 24
2026-07-24 21:50:07 - matching_Stangl_Balmi - DEBUG -     gz_id=5000288 'anton' score=1.000 nombre=False saint_only=False terr= phase=auto_adopt
2026-07-24 21:50:07 - matching_Stangl_Balmi - DEBUG -     gz_id=5000288 'anton' score=1.000 nombre=False saint_only=False terr= phase=auto_adopt
2026-07-24 21:50:07 - matching_Stangl_Balmi - DEBUG -     gz_id=5000288 'anton' score=1.000 nombre=False saint_only=False terr= phase=auto_adopt
2026-07-24 21:50:07 - matching_Stangl_Balmi - DEBUG -     gz_id=5000288 'anton' score=1.000 nombre=False saint_only=False terr= phase=auto_adopt
2026-07-24 21:50:07 - matching_Stangl_Balmi - DEBUG -     gz_id=5000288 'anton' score=1.000 nombre=False saint_only=False terr= phase=auto_adopt
2026-07-24 21:50:07 - matching_Stangl_Balmi - DEBUG -     gz_id=5600459 'cantonama' score=1.000 nombre=False saint_only=False terr= phase=auto_adopt
2026-07-24 21:50:07 - matching_Stangl_Balmi - DEBUG -     gz_id=5600459 'cantonama' score=1.000 nombre=False saint_only=False terr= phase=auto_adopt
2026-07-24 21:50:07 - matching_Stangl_Balmi - DEBUG -     gz_id=5600459 'cantonama' score=1.000 nombre=False saint_only=False terr= phase=auto_adopt
2026-07-24 21:50:07 - matching_Stangl_Balmi - DEBUG -     gz_id=5600459 'cantonama' score=1.000 nombre=False saint_only=False terr= phase=auto_adopt
2026-07-24 21:50:07 - matching_Stangl_Balmi - DEBUG -     gz_id=1004809 'candelaria' score=0.909 nombre=False saint_only=False terr= phase=auto_adopt
2026-07-24 21:50:07 - matching_Stangl_Balmi - DEBUG -     gz_id=1004809 'candelaria' score=0.909 nombre=False saint_only=False terr= phase=auto_adopt
2026-07-24 21:50:07 - matching_Stangl_Balmi - DEBUG -     gz_id=5600625 'anton moreno' score=0.909 nombre=False saint_only=False terr= phase=auto_adopt
2026-07-24 21:50:07 - matching_Stangl_Balmi - DEBUG -     gz_id=5600625 'anton moreno' score=0.909 nombre=False saint_only=False terr= phase=auto_adopt
2026-07-24 21:50:07 - matching_Stangl_Balmi - DEBUG -     gz_id=5600625 'anton moreno' score=0.909 nombre=False saint_only=False terr= phase=auto_adopt
2026-07-24 21:50:07 - matching_Stangl_Balmi - DEBUG -     gz_id=3000040 'cano' score=0.857 nombre=False saint_only=False terr= phase=candidate
2026-07-24 21:50:07 - matching_Stangl_Balmi - DEBUG -     gz_id=3000040 'cano' score=0.857 nombre=False saint_only=False terr= phase=candidate
2026-07-24 21:50:07 - matching_Stangl_Balmi - DEBUG -     gz_id=3000040 'cano' score=0.857 nombre=False saint_only=False terr= phase=candidate
2026-07-24 21:50:07 - matching_Stangl_Balmi - DEBUG -     gz_id=3000040 'cano' score=0.857 nombre=False saint_only=False terr= phase=candidate
2026-07-24 21:50:07 - matching_Stangl_Balmi - DEBUG -     gz_id=6000476 'cano' score=0.857 nombre=False saint_only=False terr= phase=candidate
2026-07-24 21:50:07 - matching_Stangl_Balmi - DEBUG -     gz_id=6000476 'cano' score=0.857 nombre=False saint_only=False terr= phase=candidate
2026-07-24 21:50:07 - matching_Stangl_Balmi - DEBUG -     gz_id=4000519 'cano tortuga' score=0.800 nombre=False saint_only=False terr= phase=relegated
2026-07-24 21:50:07 - matching_Stangl_Balmi - DEBUG -     gz_id=4000519 'cano tortuga' score=0.800 nombre=False saint_only=False terr= phase=relegated
2026-07-24 21:50:07 - matching_Stangl_Balmi - DEBUG -     gz_id=4000519 'cano tortuga' score=0.800 nombre=False saint_only=False terr= phase=relegated
2026-07-24 21:50:07 - matching_Stangl_Balmi - DEBUG -     gz_id=5000110 'cano oro' score=0.800 nombre=False saint_only=False terr= phase=relegated
2026-07-24 21:50:07 - matching_Stangl_Balmi - INFO -   Before dedup: 24 candidates
2026-07-24 21:50:07 - matching_Stangl_Balmi - INFO -   After dedup: 8 unique gz_ids
2026-07-24 21:50:07 - matching_Stangl_Balmi - INFO -   Dropped 8 territory-contradicting candidates
2026-07-24 21:50:07 - matching_Stangl_Balmi - INFO -   Input has territorial data: True
2026-07-24 21:50:07 - matching_Stangl_Balmi - INFO -   Candidates with territory match: 0
2026-07-24 21:50:07 - matching_Stangl_Balmi - INFO -   No territorial filtering applied (no matching territories found)
2026-07-24 21:50:07 - matching_Stangl_Balmi - INFO -   Nombre matches (exact on lugar_nombre): 0
2026-07-24 21:50:07 - matching_Stangl_Balmi - INFO -   Saint-only matches: 0
2026-07-24 21:50:07 - matching_Stangl_Balmi - INFO -   Substantive matches: 0
2026-07-24 21:50:07 - matching_Stangl_Balmi - INFO -   Candidate pool (>= threshold): 0
2026-07-24 21:50:07 - matching_Stangl_Balmi - WARNING -   No candidate above threshold - relegated
2026-07-24 21:50:07 - matching_Stangl_Balmi - INFO - 
============================================================
2026-07-24 21:50:07 - matching_Stangl_Balmi - INFO - Processing rowID=106: 'Macao' -> cleaned: 'macao'
2026-07-24 21:50:07 - matching_Stangl_Balmi - INFO -   Token-based candidates: 42
2026-07-24 21:50:07 - matching_Stangl_Balmi - INFO -   Fuzzy matches (score >= 70, limit=500): 42
2026-07-24 21:50:07 - matching_Stangl_Balmi - DEBUG -     gz_id=6000078 'maca' score=1.000 nombre=False saint_only=False terr= phase=auto_adopt
2026-07-24 21:50:07 - matching_Stangl_Balmi - DEBUG -     gz_id=6000078 'maca' score=1.000 nombre=False saint_only=False terr= phase=auto_adopt
2026-07-24 21:50:07 - matching_Stangl_Balmi - DEBUG -     gz_id=3000214 'humacado' score=1.000 nombre=False saint_only=False terr= phase=auto_adopt
2026-07-24 21:50:07 - matching_Stangl_Balmi - DEBUG -     gz_id=3000214 'humacado' score=1.000 nombre=False saint_only=False terr= phase=auto_adopt
2026-07-24 21:50:07 - matching_Stangl_Balmi - DEBUG -     gz_id=4000642 'tinacoa' score=0.889 nombre=False saint_only=False terr= phase=candidate
2026-07-24 21:50:07 - matching_Stangl_Balmi - DEBUG -     gz_id=4000642 'tinacoa' score=0.889 nombre=False saint_only=False terr= phase=candidate
2026-07-24 21:50:07 - matching_Stangl_Balmi - DEBUG -     gz_id=5600046 'macas' score=0.889 nombre=False saint_only=False terr= phase=candidate
2026-07-24 21:50:07 - matching_Stangl_Balmi - DEBUG -     gz_id=5600046 'macas' score=0.889 nombre=False saint_only=False terr= phase=candidate
2026-07-24 21:50:07 - matching_Stangl_Balmi - DEBUG -     gz_id=5600046 'macas' score=0.889 nombre=False saint_only=False terr= phase=candidate
2026-07-24 21:50:07 - matching_Stangl_Balmi - DEBUG -     gz_id=5600046 'macas' score=0.889 nombre=False saint_only=False terr= phase=candidate
2026-07-24 21:50:07 - matching_Stangl_Balmi - DEBUG -     gz_id=5600046 'macas' score=0.889 nombre=False saint_only=False terr= phase=candidate
2026-07-24 21:50:07 - matching_Stangl_Balmi - DEBUG -     gz_id=5600046 'macas' score=0.889 nombre=False saint_only=False terr= phase=candidate
2026-07-24 21:50:07 - matching_Stangl_Balmi - DEBUG -     gz_id=5600046 'macas' score=0.889 nombre=False saint_only=False terr= phase=candidate
2026-07-24 21:50:07 - matching_Stangl_Balmi - DEBUG -     gz_id=5600046 'macas' score=0.889 nombre=False saint_only=False terr= phase=candidate
2026-07-24 21:50:07 - matching_Stangl_Balmi - DEBUG -     gz_id=4000190 'macarao' score=0.889 nombre=False saint_only=False terr= phase=candidate
2026-07-24 21:50:07 - matching_Stangl_Balmi - DEBUG -     gz_id=4000190 'macarao' score=0.889 nombre=False saint_only=False terr= phase=candidate
2026-07-24 21:50:07 - matching_Stangl_Balmi - DEBUG -     gz_id=4000190 'macarao' score=0.889 nombre=False saint_only=False terr= phase=candidate
2026-07-24 21:50:07 - matching_Stangl_Balmi - DEBUG -     gz_id=4000190 'macarao' score=0.889 nombre=False saint_only=False terr= phase=candidate
2026-07-24 21:50:07 - matching_Stangl_Balmi - DEBUG -     gz_id=2000260 'masca' score=0.800 nombre=False saint_only=False terr= phase=relegated
2026-07-24 21:50:07 - matching_Stangl_Balmi - DEBUG -     gz_id=1001025 'macua' score=0.800 nombre=False saint_only=False terr= phase=relegated
2026-07-24 21:50:07 - matching_Stangl_Balmi - DEBUG -     gz_id=1001025 'macua' score=0.800 nombre=False saint_only=False terr= phase=relegated
2026-07-24 21:50:07 - matching_Stangl_Balmi - DEBUG -     gz_id=2000260 'masca' score=0.800 nombre=False saint_only=False terr= phase=relegated
2026-07-24 21:50:07 - matching_Stangl_Balmi - DEBUG -     gz_id=2000260 'masca' score=0.800 nombre=False saint_only=False terr= phase=relegated
2026-07-24 21:50:07 - matching_Stangl_Balmi - DEBUG -     gz_id=8000158 'macha' score=0.800 nombre=False saint_only=False terr= phase=relegated
2026-07-24 21:50:07 - matching_Stangl_Balmi - DEBUG -     gz_id=6001107 'marca' score=0.800 nombre=False saint_only=False terr= phase=relegated
2026-07-24 21:50:07 - matching_Stangl_Balmi - DEBUG -     gz_id=6001107 'marca' score=0.800 nombre=False saint_only=False terr= phase=relegated
2026-07-24 21:50:07 - matching_Stangl_Balmi - DEBUG -     gz_id=8000158 'macha' score=0.800 nombre=False saint_only=False terr= phase=relegated
2026-07-24 21:50:07 - matching_Stangl_Balmi - DEBUG -     gz_id=6000735 'marco' score=0.800 nombre=False saint_only=False terr= phase=relegated
2026-07-24 21:50:07 - matching_Stangl_Balmi - DEBUG -     gz_id=6000735 'marco' score=0.800 nombre=False saint_only=False terr= phase=relegated
2026-07-24 21:50:07 - matching_Stangl_Balmi - DEBUG -     gz_id=9000514 'cebil macho' score=0.800 nombre=False saint_only=False terr= phase=relegated
2026-07-24 21:50:07 - matching_Stangl_Balmi - DEBUG -     gz_id=9000514 'cebil macho' score=0.800 nombre=False saint_only=False terr= phase=relegated
2026-07-24 21:50:07 - matching_Stangl_Balmi - DEBUG -     gz_id=9000514 'cebil macho' score=0.800 nombre=False saint_only=False terr= phase=relegated
2026-07-24 21:50:07 - matching_Stangl_Balmi - DEBUG -     gz_id=9000514 'cebil macho' score=0.800 nombre=False saint_only=False terr= phase=relegated
2026-07-24 21:50:07 - matching_Stangl_Balmi - DEBUG -     gz_id=9900875 'san marco' score=0.800 nombre=False saint_only=False terr= phase=relegated
2026-07-24 21:50:07 - matching_Stangl_Balmi - DEBUG -     gz_id=9900875 'san marco' score=0.800 nombre=False saint_only=False terr= phase=relegated
2026-07-24 21:50:07 - matching_Stangl_Balmi - DEBUG -     gz_id=9900875 'san marco' score=0.800 nombre=False saint_only=False terr= phase=relegated
2026-07-24 21:50:07 - matching_Stangl_Balmi - DEBUG -     gz_id=9900875 'san marco' score=0.800 nombre=False saint_only=False terr= phase=relegated
2026-07-24 21:50:07 - matching_Stangl_Balmi - DEBUG -     gz_id=9900875 'san marco' score=0.800 nombre=False saint_only=False terr= phase=relegated
2026-07-24 21:50:07 - matching_Stangl_Balmi - DEBUG -     gz_id=7000292 'marco' score=0.800 nombre=False saint_only=False terr= phase=relegated
2026-07-24 21:50:07 - matching_Stangl_Balmi - DEBUG -     gz_id=7000292 'marco' score=0.800 nombre=False saint_only=False terr= phase=relegated
2026-07-24 21:50:07 - matching_Stangl_Balmi - DEBUG -     gz_id=9901215 'san cebastian manco' score=0.800 nombre=False saint_only=False terr= phase=relegated
2026-07-24 21:50:07 - matching_Stangl_Balmi - DEBUG -     gz_id=9901215 'san cebastian manco' score=0.800 nombre=False saint_only=False terr= phase=relegated
2026-07-24 21:50:07 - matching_Stangl_Balmi - INFO -   Before dedup: 42 candidates
2026-07-24 21:50:07 - matching_Stangl_Balmi - INFO -   After dedup: 14 unique gz_ids
2026-07-24 21:50:07 - matching_Stangl_Balmi - INFO -   Dropped 14 territory-contradicting candidates
2026-07-24 21:50:07 - matching_Stangl_Balmi - INFO -   Input has territorial data: True
2026-07-24 21:50:07 - matching_Stangl_Balmi - INFO -   Candidates with territory match: 0
2026-07-24 21:50:07 - matching_Stangl_Balmi - INFO -   No territorial filtering applied (no matching territories found)
2026-07-24 21:50:07 - matching_Stangl_Balmi - INFO -   Nombre matches (exact on lugar_nombre): 0
2026-07-24 21:50:07 - matching_Stangl_Balmi - INFO -   Saint-only matches: 0
2026-07-24 21:50:07 - matching_Stangl_Balmi - INFO -   Substantive matches: 0
2026-07-24 21:50:07 - matching_Stangl_Balmi - INFO -   Candidate pool (>= threshold): 0
2026-07-24 21:50:07 - matching_Stangl_Balmi - WARNING -   No candidate above threshold - relegated
2026-07-24 21:50:07 - matching_Stangl_Balmi - INFO - 
============================================================
2026-07-24 21:50:07 - matching_Stangl_Balmi - INFO - Processing rowID=106: 'Macao' -> cleaned: 'macao'
2026-07-24 21:50:07 - matching_Stangl_Balmi - INFO -   Token-based candidates: 42
2026-07-24 21:50:07 - matching_Stangl_Balmi - INFO -   Fuzzy matches (score >= 70, limit=500): 42
2026-07-24 21:50:07 - matching_Stangl_Balmi - DEBUG -     gz_id=6000078 'maca' score=1.000 nombre=False saint_only=False terr= phase=auto_adopt
2026-07-24 21:50:07 - matching_Stangl_Balmi - DEBUG -     gz_id=6000078 'maca' score=1.000 nombre=False saint_only=False terr= phase=auto_adopt
2026-07-24 21:50:07 - matching_Stangl_Balmi - DEBUG -     gz_id=3000214 'humacado' score=1.000 nombre=False saint_only=False terr= phase=auto_adopt
2026-07-24 21:50:07 - matching_Stangl_Balmi - DEBUG -     gz_id=3000214 'humacado' score=1.000 nombre=False saint_only=False terr= phase=auto_adopt
2026-07-24 21:50:07 - matching_Stangl_Balmi - DEBUG -     gz_id=4000642 'tinacoa' score=0.889 nombre=False saint_only=False terr= phase=candidate
2026-07-24 21:50:07 - matching_Stangl_Balmi - DEBUG -     gz_id=4000642 'tinacoa' score=0.889 nombre=False saint_only=False terr= phase=candidate
2026-07-24 21:50:07 - matching_Stangl_Balmi - DEBUG -     gz_id=5600046 'macas' score=0.889 nombre=False saint_only=False terr= phase=candidate
2026-07-24 21:50:07 - matching_Stangl_Balmi - DEBUG -     gz_id=5600046 'macas' score=0.889 nombre=False saint_only=False terr= phase=candidate
2026-07-24 21:50:07 - matching_Stangl_Balmi - DEBUG -     gz_id=5600046 'macas' score=0.889 nombre=False saint_only=False terr= phase=candidate
2026-07-24 21:50:07 - matching_Stangl_Balmi - DEBUG -     gz_id=5600046 'macas' score=0.889 nombre=False saint_only=False terr= phase=candidate
2026-07-24 21:50:07 - matching_Stangl_Balmi - DEBUG -     gz_id=5600046 'macas' score=0.889 nombre=False saint_only=False terr= phase=candidate
2026-07-24 21:50:07 - matching_Stangl_Balmi - DEBUG -     gz_id=5600046 'macas' score=0.889 nombre=False saint_only=False terr= phase=candidate
2026-07-24 21:50:07 - matching_Stangl_Balmi - DEBUG -     gz_id=5600046 'macas' score=0.889 nombre=False saint_only=False terr= phase=candidate
2026-07-24 21:50:07 - matching_Stangl_Balmi - DEBUG -     gz_id=5600046 'macas' score=0.889 nombre=False saint_only=False terr= phase=candidate
2026-07-24 21:50:07 - matching_Stangl_Balmi - DEBUG -     gz_id=4000190 'macarao' score=0.889 nombre=False saint_only=False terr= phase=candidate
2026-07-24 21:50:07 - matching_Stangl_Balmi - DEBUG -     gz_id=4000190 'macarao' score=0.889 nombre=False saint_only=False terr= phase=candidate
2026-07-24 21:50:07 - matching_Stangl_Balmi - DEBUG -     gz_id=4000190 'macarao' score=0.889 nombre=False saint_only=False terr= phase=candidate
2026-07-24 21:50:07 - matching_Stangl_Balmi - DEBUG -     gz_id=4000190 'macarao' score=0.889 nombre=False saint_only=False terr= phase=candidate
2026-07-24 21:50:07 - matching_Stangl_Balmi - DEBUG -     gz_id=2000260 'masca' score=0.800 nombre=False saint_only=False terr= phase=relegated
2026-07-24 21:50:07 - matching_Stangl_Balmi - DEBUG -     gz_id=1001025 'macua' score=0.800 nombre=False saint_only=False terr= phase=relegated
2026-07-24 21:50:07 - matching_Stangl_Balmi - DEBUG -     gz_id=1001025 'macua' score=0.800 nombre=False saint_only=False terr= phase=relegated
2026-07-24 21:50:07 - matching_Stangl_Balmi - DEBUG -     gz_id=2000260 'masca' score=0.800 nombre=False saint_only=False terr= phase=relegated
2026-07-24 21:50:07 - matching_Stangl_Balmi - DEBUG -     gz_id=2000260 'masca' score=0.800 nombre=False saint_only=False terr= phase=relegated
2026-07-24 21:50:07 - matching_Stangl_Balmi - DEBUG -     gz_id=8000158 'macha' score=0.800 nombre=False saint_only=False terr= phase=relegated
2026-07-24 21:50:07 - matching_Stangl_Balmi - DEBUG -     gz_id=6001107 'marca' score=0.800 nombre=False saint_only=False terr= phase=relegated
2026-07-24 21:50:07 - matching_Stangl_Balmi - DEBUG -     gz_id=6001107 'marca' score=0.800 nombre=False saint_only=False terr= phase=relegated
2026-07-24 21:50:07 - matching_Stangl_Balmi - DEBUG -     gz_id=8000158 'macha' score=0.800 nombre=False saint_only=False terr= phase=relegated
2026-07-24 21:50:07 - matching_Stangl_Balmi - DEBUG -     gz_id=6000735 'marco' score=0.800 nombre=False saint_only=False terr= phase=relegated
2026-07-24 21:50:07 - matching_Stangl_Balmi - DEBUG -     gz_id=6000735 'marco' score=0.800 nombre=False saint_only=False terr= phase=relegated
2026-07-24 21:50:07 - matching_Stangl_Balmi - DEBUG -     gz_id=9000514 'cebil macho' score=0.800 nombre=False saint_only=False terr= phase=relegated
2026-07-24 21:50:07 - matching_Stangl_Balmi - DEBUG -     gz_id=9000514 'cebil macho' score=0.800 nombre=False saint_only=False terr= phase=relegated
2026-07-24 21:50:07 - matching_Stangl_Balmi - DEBUG -     gz_id=9000514 'cebil macho' score=0.800 nombre=False saint_only=False terr= phase=relegated
2026-07-24 21:50:07 - matching_Stangl_Balmi - DEBUG -     gz_id=9000514 'cebil macho' score=0.800 nombre=False saint_only=False terr= phase=relegated
2026-07-24 21:50:07 - matching_Stangl_Balmi - DEBUG -     gz_id=9900875 'san marco' score=0.800 nombre=False saint_only=False terr= phase=relegated
2026-07-24 21:50:07 - matching_Stangl_Balmi - DEBUG -     gz_id=9900875 'san marco' score=0.800 nombre=False saint_only=False terr= phase=relegated
2026-07-24 21:50:07 - matching_Stangl_Balmi - DEBUG -     gz_id=9900875 'san marco' score=0.800 nombre=False saint_only=False terr= phase=relegated
2026-07-24 21:50:07 - matching_Stangl_Balmi - DEBUG -     gz_id=9900875 'san marco' score=0.800 nombre=False saint_only=False terr= phase=relegated
2026-07-24 21:50:07 - matching_Stangl_Balmi - DEBUG -     gz_id=9900875 'san marco' score=0.800 nombre=False saint_only=False terr= phase=relegated
2026-07-24 21:50:07 - matching_Stangl_Balmi - DEBUG -     gz_id=7000292 'marco' score=0.800 nombre=False saint_only=False terr= phase=relegated
2026-07-24 21:50:07 - matching_Stangl_Balmi - DEBUG -     gz_id=7000292 'marco' score=0.800 nombre=False saint_only=False terr= phase=relegated
2026-07-24 21:50:07 - matching_Stangl_Balmi - DEBUG -     gz_id=9901215 'san cebastian manco' score=0.800 nombre=False saint_only=False terr= phase=relegated
2026-07-24 21:50:07 - matching_Stangl_Balmi - DEBUG -     gz_id=9901215 'san cebastian manco' score=0.800 nombre=False saint_only=False terr= phase=relegated
2026-07-24 21:50:07 - matching_Stangl_Balmi - INFO -   Before dedup: 42 candidates
2026-07-24 21:50:07 - matching_Stangl_Balmi - INFO -   After dedup: 14 unique gz_ids
2026-07-24 21:50:07 - matching_Stangl_Balmi - INFO -   Dropped 14 territory-contradicting candidates
2026-07-24 21:50:07 - matching_Stangl_Balmi - INFO -   Input has territorial data: True
2026-07-24 21:50:07 - matching_Stangl_Balmi - INFO -   Candidates with territory match: 0
2026-07-24 21:50:07 - matching_Stangl_Balmi - INFO -   No territorial filtering applied (no matching territories found)
2026-07-24 21:50:07 - matching_Stangl_Balmi - INFO -   Nombre matches (exact on lugar_nombre): 0
2026-07-24 21:50:07 - matching_Stangl_Balmi - INFO -   Saint-only matches: 0
2026-07-24 21:50:07 - matching_Stangl_Balmi - INFO -   Substantive matches: 0
2026-07-24 21:50:07 - matching_Stangl_Balmi - INFO -   Candidate pool (>= threshold): 0
2026-07-24 21:50:07 - matching_Stangl_Balmi - WARNING -   No candidate above threshold - relegated
2026-07-24 21:50:07 - matching_Stangl_Balmi - INFO - 
============================================================
2026-07-24 21:50:07 - matching_Stangl_Balmi - INFO - Processing rowID=106: 'Macao' -> cleaned: 'macao'
2026-07-24 21:50:07 - matching_Stangl_Balmi - INFO -   Token-based candidates: 42
2026-07-24 21:50:07 - matching_Stangl_Balmi - INFO -   Fuzzy matches (score >= 70, limit=500): 42
2026-07-24 21:50:07 - matching_Stangl_Balmi - DEBUG -     gz_id=6000078 'maca' score=1.000 nombre=False saint_only=False terr= phase=auto_adopt
2026-07-24 21:50:07 - matching_Stangl_Balmi - DEBUG -     gz_id=6000078 'maca' score=1.000 nombre=False saint_only=False terr= phase=auto_adopt
2026-07-24 21:50:07 - matching_Stangl_Balmi - DEBUG -     gz_id=3000214 'humacado' score=1.000 nombre=False saint_only=False terr= phase=auto_adopt
2026-07-24 21:50:07 - matching_Stangl_Balmi - DEBUG -     gz_id=3000214 'humacado' score=1.000 nombre=False saint_only=False terr= phase=auto_adopt
2026-07-24 21:50:07 - matching_Stangl_Balmi - DEBUG -     gz_id=4000642 'tinacoa' score=0.889 nombre=False saint_only=False terr= phase=candidate
2026-07-24 21:50:07 - matching_Stangl_Balmi - DEBUG -     gz_id=4000642 'tinacoa' score=0.889 nombre=False saint_only=False terr= phase=candidate
2026-07-24 21:50:07 - matching_Stangl_Balmi - DEBUG -     gz_id=5600046 'macas' score=0.889 nombre=False saint_only=False terr= phase=candidate
2026-07-24 21:50:07 - matching_Stangl_Balmi - DEBUG -     gz_id=5600046 'macas' score=0.889 nombre=False saint_only=False terr= phase=candidate
2026-07-24 21:50:07 - matching_Stangl_Balmi - DEBUG -     gz_id=5600046 'macas' score=0.889 nombre=False saint_only=False terr= phase=candidate
2026-07-24 21:50:07 - matching_Stangl_Balmi - DEBUG -     gz_id=5600046 'macas' score=0.889 nombre=False saint_only=False terr= phase=candidate
2026-07-24 21:50:07 - matching_Stangl_Balmi - DEBUG -     gz_id=5600046 'macas' score=0.889 nombre=False saint_only=False terr= phase=candidate
2026-07-24 21:50:07 - matching_Stangl_Balmi - DEBUG -     gz_id=5600046 'macas' score=0.889 nombre=False saint_only=False terr= phase=candidate
2026-07-24 21:50:07 - matching_Stangl_Balmi - DEBUG -     gz_id=5600046 'macas' score=0.889 nombre=False saint_only=False terr= phase=candidate
2026-07-24 21:50:07 - matching_Stangl_Balmi - DEBUG -     gz_id=5600046 'macas' score=0.889 nombre=False saint_only=False terr= phase=candidate
2026-07-24 21:50:07 - matching_Stangl_Balmi - DEBUG -     gz_id=4000190 'macarao' score=0.889 nombre=False saint_only=False terr= phase=candidate
2026-07-24 21:50:07 - matching_Stangl_Balmi - DEBUG -     gz_id=4000190 'macarao' score=0.889 nombre=False saint_only=False terr= phase=candidate
2026-07-24 21:50:07 - matching_Stangl_Balmi - DEBUG -     gz_id=4000190 'macarao' score=0.889 nombre=False saint_only=False terr= phase=candidate
2026-07-24 21:50:07 - matching_Stangl_Balmi - DEBUG -     gz_id=4000190 'macarao' score=0.889 nombre=False saint_only=False terr= phase=candidate
2026-07-24 21:50:07 - matching_Stangl_Balmi - DEBUG -     gz_id=2000260 'masca' score=0.800 nombre=False saint_only=False terr= phase=relegated
2026-07-24 21:50:07 - matching_Stangl_Balmi - DEBUG -     gz_id=1001025 'macua' score=0.800 nombre=False saint_only=False terr= phase=relegated
2026-07-24 21:50:07 - matching_Stangl_Balmi - DEBUG -     gz_id=1001025 'macua' score=0.800 nombre=False saint_only=False terr= phase=relegated
2026-07-24 21:50:07 - matching_Stangl_Balmi - DEBUG -     gz_id=2000260 'masca' score=0.800 nombre=False saint_only=False terr= phase=relegated
2026-07-24 21:50:07 - matching_Stangl_Balmi - DEBUG -     gz_id=2000260 'masca' score=0.800 nombre=False saint_only=False terr= phase=relegated
2026-07-24 21:50:07 - matching_Stangl_Balmi - DEBUG -     gz_id=8000158 'macha' score=0.800 nombre=False saint_only=False terr= phase=relegated
2026-07-24 21:50:07 - matching_Stangl_Balmi - DEBUG -     gz_id=6001107 'marca' score=0.800 nombre=False saint_only=False terr= phase=relegated
2026-07-24 21:50:07 - matching_Stangl_Balmi - DEBUG -     gz_id=6001107 'marca' score=0.800 nombre=False saint_only=False terr= phase=relegated
2026-07-24 21:50:07 - matching_Stangl_Balmi - DEBUG -     gz_id=8000158 'macha' score=0.800 nombre=False saint_only=False terr= phase=relegated
2026-07-24 21:50:07 - matching_Stangl_Balmi - DEBUG -     gz_id=6000735 'marco' score=0.800 nombre=False saint_only=False terr= phase=relegated
2026-07-24 21:50:07 - matching_Stangl_Balmi - DEBUG -     gz_id=6000735 'marco' score=0.800 nombre=False saint_only=False terr= phase=relegated
2026-07-24 21:50:07 - matching_Stangl_Balmi - DEBUG -     gz_id=9000514 'cebil macho' score=0.800 nombre=False saint_only=False terr= phase=relegated
2026-07-24 21:50:07 - matching_Stangl_Balmi - DEBUG -     gz_id=9000514 'cebil macho' score=0.800 nombre=False saint_only=False terr= phase=relegated
2026-07-24 21:50:07 - matching_Stangl_Balmi - DEBUG -     gz_id=9000514 'cebil macho' score=0.800 nombre=False saint_only=False terr= phase=relegated
2026-07-24 21:50:07 - matching_Stangl_Balmi - DEBUG -     gz_id=9000514 'cebil macho' score=0.800 nombre=False saint_only=False terr= phase=relegated
2026-07-24 21:50:07 - matching_Stangl_Balmi - DEBUG -     gz_id=9900875 'san marco' score=0.800 nombre=False saint_only=False terr= phase=relegated
2026-07-24 21:50:07 - matching_Stangl_Balmi - DEBUG -     gz_id=9900875 'san marco' score=0.800 nombre=False saint_only=False terr= phase=relegated
2026-07-24 21:50:07 - matching_Stangl_Balmi - DEBUG -     gz_id=9900875 'san marco' score=0.800 nombre=False saint_only=False terr= phase=relegated
2026-07-24 21:50:07 - matching_Stangl_Balmi - DEBUG -     gz_id=9900875 'san marco' score=0.800 nombre=False saint_only=False terr= phase=relegated
2026-07-24 21:50:07 - matching_Stangl_Balmi - DEBUG -     gz_id=9900875 'san marco' score=0.800 nombre=False saint_only=False terr= phase=relegated
2026-07-24 21:50:07 - matching_Stangl_Balmi - DEBUG -     gz_id=7000292 'marco' score=0.800 nombre=False saint_only=False terr= phase=relegated
2026-07-24 21:50:07 - matching_Stangl_Balmi - DEBUG -     gz_id=7000292 'marco' score=0.800 nombre=False saint_only=False terr= phase=relegated
2026-07-24 21:50:07 - matching_Stangl_Balmi - DEBUG -     gz_id=9901215 'san cebastian manco' score=0.800 nombre=False saint_only=False terr= phase=relegated
2026-07-24 21:50:07 - matching_Stangl_Balmi - DEBUG -     gz_id=9901215 'san cebastian manco' score=0.800 nombre=False saint_only=False terr= phase=relegated
2026-07-24 21:50:07 - matching_Stangl_Balmi - INFO -   Before dedup: 42 candidates
2026-07-24 21:50:07 - matching_Stangl_Balmi - INFO -   After dedup: 14 unique gz_ids
2026-07-24 21:50:07 - matching_Stangl_Balmi - INFO -   Dropped 14 territory-contradicting candidates
2026-07-24 21:50:07 - matching_Stangl_Balmi - INFO -   Input has territorial data: True
2026-07-24 21:50:07 - matching_Stangl_Balmi - INFO -   Candidates with territory match: 0
2026-07-24 21:50:07 - matching_Stangl_Balmi - INFO -   No territorial filtering applied (no matching territories found)
2026-07-24 21:50:07 - matching_Stangl_Balmi - INFO -   Nombre matches (exact on lugar_nombre): 0
2026-07-24 21:50:07 - matching_Stangl_Balmi - INFO -   Saint-only matches: 0
2026-07-24 21:50:07 - matching_Stangl_Balmi - INFO -   Substantive matches: 0
2026-07-24 21:50:07 - matching_Stangl_Balmi - INFO -   Candidate pool (>= threshold): 0
2026-07-24 21:50:07 - matching_Stangl_Balmi - WARNING -   No candidate above threshold - relegated
2026-07-24 21:50:07 - matching_Stangl_Balmi - INFO - 
============================================================
2026-07-24 21:50:07 - matching_Stangl_Balmi - INFO - Processing rowID=107: 'Saint Helena' -> cleaned: 'saint helena'
2026-07-24 21:50:07 - matching_Stangl_Balmi - INFO -   Token-based candidates: 3521
2026-07-24 21:50:08 - matching_Stangl_Balmi - INFO -   Filtering: need match on substantive tokens: ['saint', 'helena'] OR 2+ total tokens
2026-07-24 21:50:08 - matching_Stangl_Balmi - INFO -   After filtering weak token matches: 13 candidates
2026-07-24 21:50:08 - matching_Stangl_Balmi - INFO -   Fuzzy matches (score >= 70, limit=500): 13
2026-07-24 21:50:08 - matching_Stangl_Balmi - DEBUG -     gz_id=3000285 'saint jenebiebe' score=0.762 nombre=False saint_only=False terr= phase=relegated
2026-07-24 21:50:08 - matching_Stangl_Balmi - DEBUG -     gz_id=3000285 'saint jenebiebe' score=0.762 nombre=False saint_only=False terr= phase=relegated
2026-07-24 21:50:08 - matching_Stangl_Balmi - DEBUG -     gz_id=3000285 'saint jenebiebe' score=0.762 nombre=False saint_only=False terr= phase=relegated
2026-07-24 21:50:08 - matching_Stangl_Balmi - DEBUG -     gz_id=3000285 'saint jenebiebe' score=0.762 nombre=False saint_only=False terr= phase=relegated
2026-07-24 21:50:08 - matching_Stangl_Balmi - DEBUG -     gz_id=3000285 'saint jenebiebe' score=0.762 nombre=False saint_only=False terr= phase=relegated
2026-07-24 21:50:08 - matching_Stangl_Balmi - DEBUG -     gz_id=3000299 'misuri' score=0.762 nombre=False saint_only=False terr= phase=relegated
2026-07-24 21:50:08 - matching_Stangl_Balmi - DEBUG -     gz_id=3000299 'misuri' score=0.762 nombre=False saint_only=False terr= phase=relegated
2026-07-24 21:50:08 - matching_Stangl_Balmi - DEBUG -     gz_id=3000339 'saint michel' score=0.750 nombre=False saint_only=False terr= phase=relegated
2026-07-24 21:50:08 - matching_Stangl_Balmi - DEBUG -     gz_id=3000288 'saint louis' score=0.706 nombre=False saint_only=False terr= phase=relegated
2026-07-24 21:50:08 - matching_Stangl_Balmi - DEBUG -     gz_id=3000288 'saint louis' score=0.706 nombre=False saint_only=False terr= phase=relegated
2026-07-24 21:50:08 - matching_Stangl_Balmi - DEBUG -     gz_id=3000288 'saint louis' score=0.706 nombre=False saint_only=False terr= phase=relegated
2026-07-24 21:50:08 - matching_Stangl_Balmi - DEBUG -     gz_id=3000288 'saint louis' score=0.706 nombre=False saint_only=False terr= phase=relegated
2026-07-24 21:50:08 - matching_Stangl_Balmi - DEBUG -     gz_id=3000288 'saint louis' score=0.706 nombre=False saint_only=False terr= phase=relegated
2026-07-24 21:50:08 - matching_Stangl_Balmi - INFO -   Before dedup: 13 candidates
2026-07-24 21:50:08 - matching_Stangl_Balmi - INFO -   After dedup: 4 unique gz_ids
2026-07-24 21:50:08 - matching_Stangl_Balmi - INFO -   Dropped 4 territory-contradicting candidates
2026-07-24 21:50:08 - matching_Stangl_Balmi - INFO -   Input has territorial data: True
2026-07-24 21:50:08 - matching_Stangl_Balmi - INFO -   Candidates with territory match: 0
2026-07-24 21:50:08 - matching_Stangl_Balmi - INFO -   No territorial filtering applied (no matching territories found)
2026-07-24 21:50:08 - matching_Stangl_Balmi - INFO -   Nombre matches (exact on lugar_nombre): 0
2026-07-24 21:50:08 - matching_Stangl_Balmi - INFO -   Saint-only matches: 0
2026-07-24 21:50:08 - matching_Stangl_Balmi - INFO -   Substantive matches: 0
2026-07-24 21:50:08 - matching_Stangl_Balmi - INFO -   Candidate pool (>= threshold): 0
2026-07-24 21:50:08 - matching_Stangl_Balmi - WARNING -   No candidate above threshold - relegated
2026-07-24 21:50:08 - matching_Stangl_Balmi - INFO - 
============================================================
2026-07-24 21:50:08 - matching_Stangl_Balmi - INFO - Processing rowID=107: 'Saint Helena' -> cleaned: 'saint helena'
2026-07-24 21:50:08 - matching_Stangl_Balmi - INFO -   Token-based candidates: 3521
2026-07-24 21:50:08 - matching_Stangl_Balmi - INFO -   Filtering: need match on substantive tokens: ['saint', 'helena'] OR 2+ total tokens
2026-07-24 21:50:09 - matching_Stangl_Balmi - INFO -   After filtering weak token matches: 13 candidates
2026-07-24 21:50:09 - matching_Stangl_Balmi - INFO -   Fuzzy matches (score >= 70, limit=500): 13
2026-07-24 21:50:09 - matching_Stangl_Balmi - DEBUG -     gz_id=3000285 'saint jenebiebe' score=0.762 nombre=False saint_only=False terr= phase=relegated
2026-07-24 21:50:09 - matching_Stangl_Balmi - DEBUG -     gz_id=3000285 'saint jenebiebe' score=0.762 nombre=False saint_only=False terr= phase=relegated
2026-07-24 21:50:09 - matching_Stangl_Balmi - DEBUG -     gz_id=3000285 'saint jenebiebe' score=0.762 nombre=False saint_only=False terr= phase=relegated
2026-07-24 21:50:09 - matching_Stangl_Balmi - DEBUG -     gz_id=3000285 'saint jenebiebe' score=0.762 nombre=False saint_only=False terr= phase=relegated
2026-07-24 21:50:09 - matching_Stangl_Balmi - DEBUG -     gz_id=3000285 'saint jenebiebe' score=0.762 nombre=False saint_only=False terr= phase=relegated
2026-07-24 21:50:09 - matching_Stangl_Balmi - DEBUG -     gz_id=3000299 'misuri' score=0.762 nombre=False saint_only=False terr= phase=relegated
2026-07-24 21:50:09 - matching_Stangl_Balmi - DEBUG -     gz_id=3000299 'misuri' score=0.762 nombre=False saint_only=False terr= phase=relegated
2026-07-24 21:50:09 - matching_Stangl_Balmi - DEBUG -     gz_id=3000339 'saint michel' score=0.750 nombre=False saint_only=False terr= phase=relegated
2026-07-24 21:50:09 - matching_Stangl_Balmi - DEBUG -     gz_id=3000288 'saint louis' score=0.706 nombre=False saint_only=False terr= phase=relegated
2026-07-24 21:50:09 - matching_Stangl_Balmi - DEBUG -     gz_id=3000288 'saint louis' score=0.706 nombre=False saint_only=False terr= phase=relegated
2026-07-24 21:50:09 - matching_Stangl_Balmi - DEBUG -     gz_id=3000288 'saint louis' score=0.706 nombre=False saint_only=False terr= phase=relegated
2026-07-24 21:50:09 - matching_Stangl_Balmi - DEBUG -     gz_id=3000288 'saint louis' score=0.706 nombre=False saint_only=False terr= phase=relegated
2026-07-24 21:50:09 - matching_Stangl_Balmi - DEBUG -     gz_id=3000288 'saint louis' score=0.706 nombre=False saint_only=False terr= phase=relegated
2026-07-24 21:50:09 - matching_Stangl_Balmi - INFO -   Before dedup: 13 candidates
2026-07-24 21:50:09 - matching_Stangl_Balmi - INFO -   After dedup: 4 unique gz_ids
2026-07-24 21:50:09 - matching_Stangl_Balmi - INFO -   Dropped 4 territory-contradicting candidates
2026-07-24 21:50:09 - matching_Stangl_Balmi - INFO -   Input has territorial data: True
2026-07-24 21:50:09 - matching_Stangl_Balmi - INFO -   Candidates with territory match: 0
2026-07-24 21:50:09 - matching_Stangl_Balmi - INFO -   No territorial filtering applied (no matching territories found)
2026-07-24 21:50:09 - matching_Stangl_Balmi - INFO -   Nombre matches (exact on lugar_nombre): 0
2026-07-24 21:50:09 - matching_Stangl_Balmi - INFO -   Saint-only matches: 0
2026-07-24 21:50:09 - matching_Stangl_Balmi - INFO -   Substantive matches: 0
2026-07-24 21:50:09 - matching_Stangl_Balmi - INFO -   Candidate pool (>= threshold): 0
2026-07-24 21:50:09 - matching_Stangl_Balmi - WARNING -   No candidate above threshold - relegated
2026-07-24 21:50:09 - matching_Stangl_Balmi - INFO - 
============================================================
2026-07-24 21:50:09 - matching_Stangl_Balmi - INFO - Processing rowID=107: 'Saint Helena' -> cleaned: 'saint helena'
2026-07-24 21:50:09 - matching_Stangl_Balmi - INFO -   Token-based candidates: 3521
2026-07-24 21:50:09 - matching_Stangl_Balmi - INFO -   Filtering: need match on substantive tokens: ['saint', 'helena'] OR 2+ total tokens
2026-07-24 21:50:10 - matching_Stangl_Balmi - INFO -   After filtering weak token matches: 13 candidates
2026-07-24 21:50:10 - matching_Stangl_Balmi - INFO -   Fuzzy matches (score >= 70, limit=500): 13
2026-07-24 21:50:10 - matching_Stangl_Balmi - DEBUG -     gz_id=3000285 'saint jenebiebe' score=0.762 nombre=False saint_only=False terr= phase=relegated
2026-07-24 21:50:10 - matching_Stangl_Balmi - DEBUG -     gz_id=3000285 'saint jenebiebe' score=0.762 nombre=False saint_only=False terr= phase=relegated
2026-07-24 21:50:10 - matching_Stangl_Balmi - DEBUG -     gz_id=3000285 'saint jenebiebe' score=0.762 nombre=False saint_only=False terr= phase=relegated
2026-07-24 21:50:10 - matching_Stangl_Balmi - DEBUG -     gz_id=3000285 'saint jenebiebe' score=0.762 nombre=False saint_only=False terr= phase=relegated
2026-07-24 21:50:10 - matching_Stangl_Balmi - DEBUG -     gz_id=3000285 'saint jenebiebe' score=0.762 nombre=False saint_only=False terr= phase=relegated
2026-07-24 21:50:10 - matching_Stangl_Balmi - DEBUG -     gz_id=3000299 'misuri' score=0.762 nombre=False saint_only=False terr= phase=relegated
2026-07-24 21:50:10 - matching_Stangl_Balmi - DEBUG -     gz_id=3000299 'misuri' score=0.762 nombre=False saint_only=False terr= phase=relegated
2026-07-24 21:50:10 - matching_Stangl_Balmi - DEBUG -     gz_id=3000339 'saint michel' score=0.750 nombre=False saint_only=False terr= phase=relegated
2026-07-24 21:50:10 - matching_Stangl_Balmi - DEBUG -     gz_id=3000288 'saint louis' score=0.706 nombre=False saint_only=False terr= phase=relegated
2026-07-24 21:50:10 - matching_Stangl_Balmi - DEBUG -     gz_id=3000288 'saint louis' score=0.706 nombre=False saint_only=False terr= phase=relegated
2026-07-24 21:50:10 - matching_Stangl_Balmi - DEBUG -     gz_id=3000288 'saint louis' score=0.706 nombre=False saint_only=False terr= phase=relegated
2026-07-24 21:50:10 - matching_Stangl_Balmi - DEBUG -     gz_id=3000288 'saint louis' score=0.706 nombre=False saint_only=False terr= phase=relegated
2026-07-24 21:50:10 - matching_Stangl_Balmi - DEBUG -     gz_id=3000288 'saint louis' score=0.706 nombre=False saint_only=False terr= phase=relegated
2026-07-24 21:50:10 - matching_Stangl_Balmi - INFO -   Before dedup: 13 candidates
2026-07-24 21:50:10 - matching_Stangl_Balmi - INFO -   After dedup: 4 unique gz_ids
2026-07-24 21:50:10 - matching_Stangl_Balmi - INFO -   Dropped 4 territory-contradicting candidates
2026-07-24 21:50:10 - matching_Stangl_Balmi - INFO -   Input has territorial data: True
2026-07-24 21:50:10 - matching_Stangl_Balmi - INFO -   Candidates with territory match: 0
2026-07-24 21:50:10 - matching_Stangl_Balmi - INFO -   No territorial filtering applied (no matching territories found)
2026-07-24 21:50:10 - matching_Stangl_Balmi - INFO -   Nombre matches (exact on lugar_nombre): 0
2026-07-24 21:50:10 - matching_Stangl_Balmi - INFO -   Saint-only matches: 0
2026-07-24 21:50:10 - matching_Stangl_Balmi - INFO -   Substantive matches: 0
2026-07-24 21:50:10 - matching_Stangl_Balmi - INFO -   Candidate pool (>= threshold): 0
2026-07-24 21:50:10 - matching_Stangl_Balmi - WARNING -   No candidate above threshold - relegated
2026-07-24 21:50:10 - matching_Stangl_Balmi - INFO - 
============================================================
2026-07-24 21:50:10 - matching_Stangl_Balmi - INFO - Processing rowID=108: 'Lisboa' -> cleaned: 'lisboa'
2026-07-24 21:50:10 - matching_Stangl_Balmi - INFO -   Token-based candidates: 1
2026-07-24 21:50:10 - matching_Stangl_Balmi - INFO -   Fuzzy matches (score >= 70, limit=500): 1
2026-07-24 21:50:10 - matching_Stangl_Balmi - DEBUG -     gz_id=9901102 'liso' score=0.857 nombre=False saint_only=False terr= phase=candidate
2026-07-24 21:50:10 - matching_Stangl_Balmi - INFO -   Before dedup: 1 candidates
2026-07-24 21:50:10 - matching_Stangl_Balmi - INFO -   After dedup: 1 unique gz_ids
2026-07-24 21:50:10 - matching_Stangl_Balmi - INFO -   Dropped 1 territory-contradicting candidates
2026-07-24 21:50:10 - matching_Stangl_Balmi - INFO -   Input has territorial data: True
2026-07-24 21:50:10 - matching_Stangl_Balmi - INFO -   Candidates with territory match: 0
2026-07-24 21:50:10 - matching_Stangl_Balmi - INFO -   No territorial filtering applied (no matching territories found)
2026-07-24 21:50:10 - matching_Stangl_Balmi - INFO -   Nombre matches (exact on lugar_nombre): 0
2026-07-24 21:50:10 - matching_Stangl_Balmi - INFO -   Saint-only matches: 0
2026-07-24 21:50:10 - matching_Stangl_Balmi - INFO -   Substantive matches: 0
2026-07-24 21:50:10 - matching_Stangl_Balmi - INFO -   Candidate pool (>= threshold): 0
2026-07-24 21:50:10 - matching_Stangl_Balmi - WARNING -   No candidate above threshold - relegated
2026-07-24 21:50:10 - matching_Stangl_Balmi - INFO - 
============================================================
2026-07-24 21:50:10 - matching_Stangl_Balmi - INFO - Processing rowID=108: 'Lisboa' -> cleaned: 'lisboa'
2026-07-24 21:50:10 - matching_Stangl_Balmi - INFO -   Token-based candidates: 1
2026-07-24 21:50:10 - matching_Stangl_Balmi - INFO -   Fuzzy matches (score >= 70, limit=500): 1
2026-07-24 21:50:10 - matching_Stangl_Balmi - DEBUG -     gz_id=9901102 'liso' score=0.857 nombre=False saint_only=False terr= phase=candidate
2026-07-24 21:50:10 - matching_Stangl_Balmi - INFO -   Before dedup: 1 candidates
2026-07-24 21:50:10 - matching_Stangl_Balmi - INFO -   After dedup: 1 unique gz_ids
2026-07-24 21:50:10 - matching_Stangl_Balmi - INFO -   Dropped 1 territory-contradicting candidates
2026-07-24 21:50:10 - matching_Stangl_Balmi - INFO -   Input has territorial data: True
2026-07-24 21:50:10 - matching_Stangl_Balmi - INFO -   Candidates with territory match: 0
2026-07-24 21:50:10 - matching_Stangl_Balmi - INFO -   No territorial filtering applied (no matching territories found)
2026-07-24 21:50:10 - matching_Stangl_Balmi - INFO -   Nombre matches (exact on lugar_nombre): 0
2026-07-24 21:50:10 - matching_Stangl_Balmi - INFO -   Saint-only matches: 0
2026-07-24 21:50:10 - matching_Stangl_Balmi - INFO -   Substantive matches: 0
2026-07-24 21:50:10 - matching_Stangl_Balmi - INFO -   Candidate pool (>= threshold): 0
2026-07-24 21:50:10 - matching_Stangl_Balmi - WARNING -   No candidate above threshold - relegated
2026-07-24 21:50:10 - matching_Stangl_Balmi - INFO - 
============================================================
2026-07-24 21:50:10 - matching_Stangl_Balmi - INFO - Processing rowID=108: 'Lisboa' -> cleaned: 'lisboa'
2026-07-24 21:50:10 - matching_Stangl_Balmi - INFO -   Token-based candidates: 1
2026-07-24 21:50:10 - matching_Stangl_Balmi - INFO -   Fuzzy matches (score >= 70, limit=500): 1
2026-07-24 21:50:10 - matching_Stangl_Balmi - DEBUG -     gz_id=9901102 'liso' score=0.857 nombre=False saint_only=False terr= phase=candidate
2026-07-24 21:50:10 - matching_Stangl_Balmi - INFO -   Before dedup: 1 candidates
2026-07-24 21:50:10 - matching_Stangl_Balmi - INFO -   After dedup: 1 unique gz_ids
2026-07-24 21:50:10 - matching_Stangl_Balmi - INFO -   Dropped 1 territory-contradicting candidates
2026-07-24 21:50:10 - matching_Stangl_Balmi - INFO -   Input has territorial data: True
2026-07-24 21:50:10 - matching_Stangl_Balmi - INFO -   Candidates with territory match: 0
2026-07-24 21:50:10 - matching_Stangl_Balmi - INFO -   No territorial filtering applied (no matching territories found)
2026-07-24 21:50:10 - matching_Stangl_Balmi - INFO -   Nombre matches (exact on lugar_nombre): 0
2026-07-24 21:50:10 - matching_Stangl_Balmi - INFO -   Saint-only matches: 0
2026-07-24 21:50:10 - matching_Stangl_Balmi - INFO -   Substantive matches: 0
2026-07-24 21:50:10 - matching_Stangl_Balmi - INFO -   Candidate pool (>= threshold): 0
2026-07-24 21:50:10 - matching_Stangl_Balmi - WARNING -   No candidate above threshold - relegated
2026-07-24 21:50:10 - matching_Stangl_Balmi - INFO - 
============================================================
2026-07-24 21:50:10 - matching_Stangl_Balmi - INFO - Processing rowID=109: 'Cádiz' -> cleaned: 'cadis'
2026-07-24 21:50:10 - matching_Stangl_Balmi - INFO -   Token-based candidates: 6
2026-07-24 21:50:10 - matching_Stangl_Balmi - INFO -   Fuzzy matches (score >= 70, limit=500): 6
2026-07-24 21:50:10 - matching_Stangl_Balmi - DEBUG -     gz_id=8000168 'caisa' score=0.889 nombre=False saint_only=False terr= phase=candidate
2026-07-24 21:50:10 - matching_Stangl_Balmi - DEBUG -     gz_id=8000168 'caisa' score=0.889 nombre=False saint_only=False terr= phase=candidate
2026-07-24 21:50:10 - matching_Stangl_Balmi - DEBUG -     gz_id=6000499 'saisa' score=0.889 nombre=False saint_only=False terr= phase=candidate
2026-07-24 21:50:10 - matching_Stangl_Balmi - DEBUG -     gz_id=6000499 'saisa' score=0.889 nombre=False saint_only=False terr= phase=candidate
2026-07-24 21:50:10 - matching_Stangl_Balmi - DEBUG -     gz_id=6000973 'canis' score=0.800 nombre=False saint_only=False terr= phase=relegated
2026-07-24 21:50:10 - matching_Stangl_Balmi - DEBUG -     gz_id=6000973 'canis' score=0.800 nombre=False saint_only=False terr= phase=relegated
2026-07-24 21:50:10 - matching_Stangl_Balmi - INFO -   Before dedup: 6 candidates
2026-07-24 21:50:10 - matching_Stangl_Balmi - INFO -   After dedup: 3 unique gz_ids
2026-07-24 21:50:10 - matching_Stangl_Balmi - INFO -   Dropped 3 territory-contradicting candidates
2026-07-24 21:50:10 - matching_Stangl_Balmi - INFO -   Input has territorial data: True
2026-07-24 21:50:10 - matching_Stangl_Balmi - INFO -   Candidates with territory match: 0
2026-07-24 21:50:10 - matching_Stangl_Balmi - INFO -   No territorial filtering applied (no matching territories found)
2026-07-24 21:50:10 - matching_Stangl_Balmi - INFO -   Nombre matches (exact on lugar_nombre): 0
2026-07-24 21:50:10 - matching_Stangl_Balmi - INFO -   Saint-only matches: 0
2026-07-24 21:50:10 - matching_Stangl_Balmi - INFO -   Substantive matches: 0
2026-07-24 21:50:10 - matching_Stangl_Balmi - INFO -   Candidate pool (>= threshold): 0
2026-07-24 21:50:10 - matching_Stangl_Balmi - WARNING -   No candidate above threshold - relegated
2026-07-24 21:50:10 - matching_Stangl_Balmi - INFO - 
============================================================
2026-07-24 21:50:10 - matching_Stangl_Balmi - INFO - Processing rowID=109: 'Cádiz' -> cleaned: 'cadis'
2026-07-24 21:50:10 - matching_Stangl_Balmi - INFO -   Token-based candidates: 6
2026-07-24 21:50:10 - matching_Stangl_Balmi - INFO -   Fuzzy matches (score >= 70, limit=500): 6
2026-07-24 21:50:10 - matching_Stangl_Balmi - DEBUG -     gz_id=8000168 'caisa' score=0.889 nombre=False saint_only=False terr= phase=candidate
2026-07-24 21:50:10 - matching_Stangl_Balmi - DEBUG -     gz_id=8000168 'caisa' score=0.889 nombre=False saint_only=False terr= phase=candidate
2026-07-24 21:50:10 - matching_Stangl_Balmi - DEBUG -     gz_id=6000499 'saisa' score=0.889 nombre=False saint_only=False terr= phase=candidate
2026-07-24 21:50:10 - matching_Stangl_Balmi - DEBUG -     gz_id=6000499 'saisa' score=0.889 nombre=False saint_only=False terr= phase=candidate
2026-07-24 21:50:10 - matching_Stangl_Balmi - DEBUG -     gz_id=6000973 'canis' score=0.800 nombre=False saint_only=False terr= phase=relegated
2026-07-24 21:50:10 - matching_Stangl_Balmi - DEBUG -     gz_id=6000973 'canis' score=0.800 nombre=False saint_only=False terr= phase=relegated
2026-07-24 21:50:10 - matching_Stangl_Balmi - INFO -   Before dedup: 6 candidates
2026-07-24 21:50:10 - matching_Stangl_Balmi - INFO -   After dedup: 3 unique gz_ids
2026-07-24 21:50:10 - matching_Stangl_Balmi - INFO -   Dropped 3 territory-contradicting candidates
2026-07-24 21:50:10 - matching_Stangl_Balmi - INFO -   Input has territorial data: True
2026-07-24 21:50:10 - matching_Stangl_Balmi - INFO -   Candidates with territory match: 0
2026-07-24 21:50:10 - matching_Stangl_Balmi - INFO -   No territorial filtering applied (no matching territories found)
2026-07-24 21:50:10 - matching_Stangl_Balmi - INFO -   Nombre matches (exact on lugar_nombre): 0
2026-07-24 21:50:10 - matching_Stangl_Balmi - INFO -   Saint-only matches: 0
2026-07-24 21:50:10 - matching_Stangl_Balmi - INFO -   Substantive matches: 0
2026-07-24 21:50:10 - matching_Stangl_Balmi - INFO -   Candidate pool (>= threshold): 0
2026-07-24 21:50:10 - matching_Stangl_Balmi - WARNING -   No candidate above threshold - relegated
2026-07-24 21:50:10 - matching_Stangl_Balmi - INFO - 
============================================================
2026-07-24 21:50:10 - matching_Stangl_Balmi - INFO - Processing rowID=109: 'Cádiz' -> cleaned: 'cadis'
2026-07-24 21:50:10 - matching_Stangl_Balmi - INFO -   Token-based candidates: 6
2026-07-24 21:50:10 - matching_Stangl_Balmi - INFO -   Fuzzy matches (score >= 70, limit=500): 6
2026-07-24 21:50:10 - matching_Stangl_Balmi - DEBUG -     gz_id=8000168 'caisa' score=0.889 nombre=False saint_only=False terr= phase=candidate
2026-07-24 21:50:10 - matching_Stangl_Balmi - DEBUG -     gz_id=8000168 'caisa' score=0.889 nombre=False saint_only=False terr= phase=candidate
2026-07-24 21:50:10 - matching_Stangl_Balmi - DEBUG -     gz_id=6000499 'saisa' score=0.889 nombre=False saint_only=False terr= phase=candidate
2026-07-24 21:50:10 - matching_Stangl_Balmi - DEBUG -     gz_id=6000499 'saisa' score=0.889 nombre=False saint_only=False terr= phase=candidate
2026-07-24 21:50:10 - matching_Stangl_Balmi - DEBUG -     gz_id=6000973 'canis' score=0.800 nombre=False saint_only=False terr= phase=relegated
2026-07-24 21:50:10 - matching_Stangl_Balmi - DEBUG -     gz_id=6000973 'canis' score=0.800 nombre=False saint_only=False terr= phase=relegated
2026-07-24 21:50:10 - matching_Stangl_Balmi - INFO -   Before dedup: 6 candidates
2026-07-24 21:50:10 - matching_Stangl_Balmi - INFO -   After dedup: 3 unique gz_ids
2026-07-24 21:50:10 - matching_Stangl_Balmi - INFO -   Dropped 3 territory-contradicting candidates
2026-07-24 21:50:10 - matching_Stangl_Balmi - INFO -   Input has territorial data: True
2026-07-24 21:50:10 - matching_Stangl_Balmi - INFO -   Candidates with territory match: 0
2026-07-24 21:50:10 - matching_Stangl_Balmi - INFO -   No territorial filtering applied (no matching territories found)
2026-07-24 21:50:10 - matching_Stangl_Balmi - INFO -   Nombre matches (exact on lugar_nombre): 0
2026-07-24 21:50:10 - matching_Stangl_Balmi - INFO -   Saint-only matches: 0
2026-07-24 21:50:10 - matching_Stangl_Balmi - INFO -   Substantive matches: 0
2026-07-24 21:50:10 - matching_Stangl_Balmi - INFO -   Candidate pool (>= threshold): 0
2026-07-24 21:50:10 - matching_Stangl_Balmi - WARNING -   No candidate above threshold - relegated
2026-07-24 21:50:10 - matching_Stangl_Balmi - INFO - 
============================================================
2026-07-24 21:50:10 - matching_Stangl_Balmi - INFO - Processing rowID=110: 'Valladolid' -> cleaned: 'balladolid'
2026-07-24 21:50:10 - matching_Stangl_Balmi - INFO -   Token-based candidates: 11
2026-07-24 21:50:10 - matching_Stangl_Balmi - INFO -   Fuzzy matches (score >= 70, limit=500): 11
2026-07-24 21:50:10 - matching_Stangl_Balmi - DEBUG -     gz_id=2000006 'comaiahua' score=1.000 nombre=False saint_only=False terr= phase=auto_adopt
2026-07-24 21:50:10 - matching_Stangl_Balmi - DEBUG -     gz_id=2000006 'comaiahua' score=1.000 nombre=False saint_only=False terr= phase=auto_adopt
2026-07-24 21:50:10 - matching_Stangl_Balmi - DEBUG -     gz_id=2000006 'comaiahua' score=1.000 nombre=False saint_only=False terr= phase=auto_adopt
2026-07-24 21:50:10 - matching_Stangl_Balmi - DEBUG -     gz_id=5600148 'balladolid' score=1.000 nombre=True saint_only=False terr= phase=auto_adopt
2026-07-24 21:50:10 - matching_Stangl_Balmi - DEBUG -     gz_id=5600148 'balladolid' score=1.000 nombre=True saint_only=False terr= phase=auto_adopt
2026-07-24 21:50:10 - matching_Stangl_Balmi - DEBUG -     gz_id=5600148 'balladolid' score=1.000 nombre=True saint_only=False terr= phase=auto_adopt
2026-07-24 21:50:10 - matching_Stangl_Balmi - DEBUG -     gz_id=5600148 'balladolid' score=1.000 nombre=True saint_only=False terr= phase=auto_adopt
2026-07-24 21:50:10 - matching_Stangl_Balmi - DEBUG -     gz_id=1000008 'balladolid' score=1.000 nombre=True saint_only=False terr= phase=auto_adopt
2026-07-24 21:50:10 - matching_Stangl_Balmi - DEBUG -     gz_id=1000008 'balladolid' score=1.000 nombre=True saint_only=False terr= phase=auto_adopt
2026-07-24 21:50:10 - matching_Stangl_Balmi - DEBUG -     gz_id=1000023 'balladolid' score=1.000 nombre=True saint_only=False terr= phase=auto_adopt
2026-07-24 21:50:10 - matching_Stangl_Balmi - DEBUG -     gz_id=1000023 'balladolid' score=1.000 nombre=True saint_only=False terr= phase=auto_adopt
2026-07-24 21:50:10 - matching_Stangl_Balmi - INFO -   Before dedup: 11 candidates
2026-07-24 21:50:10 - matching_Stangl_Balmi - INFO -   After dedup: 4 unique gz_ids
2026-07-24 21:50:10 - matching_Stangl_Balmi - INFO -   Dropped 4 territory-contradicting candidates
2026-07-24 21:50:10 - matching_Stangl_Balmi - INFO -   Input has territorial data: True
2026-07-24 21:50:10 - matching_Stangl_Balmi - INFO -   Candidates with territory match: 0
2026-07-24 21:50:10 - matching_Stangl_Balmi - INFO -   No territorial filtering applied (no matching territories found)
2026-07-24 21:50:10 - matching_Stangl_Balmi - INFO -   Nombre matches (exact on lugar_nombre): 0
2026-07-24 21:50:10 - matching_Stangl_Balmi - INFO -   Saint-only matches: 0
2026-07-24 21:50:10 - matching_Stangl_Balmi - INFO -   Substantive matches: 0
2026-07-24 21:50:10 - matching_Stangl_Balmi - INFO -   Candidate pool (>= threshold): 0
2026-07-24 21:50:10 - matching_Stangl_Balmi - WARNING -   No candidate above threshold - relegated
2026-07-24 21:50:10 - matching_Stangl_Balmi - INFO - 
============================================================
2026-07-24 21:50:10 - matching_Stangl_Balmi - INFO - Processing rowID=110: 'Valladolid' -> cleaned: 'balladolid'
2026-07-24 21:50:10 - matching_Stangl_Balmi - INFO -   Token-based candidates: 11
2026-07-24 21:50:10 - matching_Stangl_Balmi - INFO -   Fuzzy matches (score >= 70, limit=500): 11
2026-07-24 21:50:10 - matching_Stangl_Balmi - DEBUG -     gz_id=2000006 'comaiahua' score=1.000 nombre=False saint_only=False terr= phase=auto_adopt
2026-07-24 21:50:10 - matching_Stangl_Balmi - DEBUG -     gz_id=2000006 'comaiahua' score=1.000 nombre=False saint_only=False terr= phase=auto_adopt
2026-07-24 21:50:10 - matching_Stangl_Balmi - DEBUG -     gz_id=2000006 'comaiahua' score=1.000 nombre=False saint_only=False terr= phase=auto_adopt
2026-07-24 21:50:10 - matching_Stangl_Balmi - DEBUG -     gz_id=5600148 'balladolid' score=1.000 nombre=True saint_only=False terr= phase=auto_adopt
2026-07-24 21:50:10 - matching_Stangl_Balmi - DEBUG -     gz_id=5600148 'balladolid' score=1.000 nombre=True saint_only=False terr= phase=auto_adopt
2026-07-24 21:50:10 - matching_Stangl_Balmi - DEBUG -     gz_id=5600148 'balladolid' score=1.000 nombre=True saint_only=False terr= phase=auto_adopt
2026-07-24 21:50:10 - matching_Stangl_Balmi - DEBUG -     gz_id=5600148 'balladolid' score=1.000 nombre=True saint_only=False terr= phase=auto_adopt
2026-07-24 21:50:10 - matching_Stangl_Balmi - DEBUG -     gz_id=1000008 'balladolid' score=1.000 nombre=True saint_only=False terr= phase=auto_adopt
2026-07-24 21:50:10 - matching_Stangl_Balmi - DEBUG -     gz_id=1000008 'balladolid' score=1.000 nombre=True saint_only=False terr= phase=auto_adopt
2026-07-24 21:50:10 - matching_Stangl_Balmi - DEBUG -     gz_id=1000023 'balladolid' score=1.000 nombre=True saint_only=False terr= phase=auto_adopt
2026-07-24 21:50:10 - matching_Stangl_Balmi - DEBUG -     gz_id=1000023 'balladolid' score=1.000 nombre=True saint_only=False terr= phase=auto_adopt
2026-07-24 21:50:10 - matching_Stangl_Balmi - INFO -   Before dedup: 11 candidates
2026-07-24 21:50:10 - matching_Stangl_Balmi - INFO -   After dedup: 4 unique gz_ids
2026-07-24 21:50:10 - matching_Stangl_Balmi - INFO -   Dropped 4 territory-contradicting candidates
2026-07-24 21:50:10 - matching_Stangl_Balmi - INFO -   Input has territorial data: True
2026-07-24 21:50:10 - matching_Stangl_Balmi - INFO -   Candidates with territory match: 0
2026-07-24 21:50:10 - matching_Stangl_Balmi - INFO -   No territorial filtering applied (no matching territories found)
2026-07-24 21:50:10 - matching_Stangl_Balmi - INFO -   Nombre matches (exact on lugar_nombre): 0
2026-07-24 21:50:10 - matching_Stangl_Balmi - INFO -   Saint-only matches: 0
2026-07-24 21:50:10 - matching_Stangl_Balmi - INFO -   Substantive matches: 0
2026-07-24 21:50:10 - matching_Stangl_Balmi - INFO -   Candidate pool (>= threshold): 0
2026-07-24 21:50:10 - matching_Stangl_Balmi - WARNING -   No candidate above threshold - relegated
2026-07-24 21:50:10 - matching_Stangl_Balmi - INFO - 
============================================================
2026-07-24 21:50:10 - matching_Stangl_Balmi - INFO - Processing rowID=110: 'Valladolid' -> cleaned: 'balladolid'
2026-07-24 21:50:10 - matching_Stangl_Balmi - INFO -   Token-based candidates: 11
2026-07-24 21:50:10 - matching_Stangl_Balmi - INFO -   Fuzzy matches (score >= 70, limit=500): 11
2026-07-24 21:50:10 - matching_Stangl_Balmi - DEBUG -     gz_id=2000006 'comaiahua' score=1.000 nombre=False saint_only=False terr= phase=auto_adopt
2026-07-24 21:50:10 - matching_Stangl_Balmi - DEBUG -     gz_id=2000006 'comaiahua' score=1.000 nombre=False saint_only=False terr= phase=auto_adopt
2026-07-24 21:50:10 - matching_Stangl_Balmi - DEBUG -     gz_id=2000006 'comaiahua' score=1.000 nombre=False saint_only=False terr= phase=auto_adopt
2026-07-24 21:50:10 - matching_Stangl_Balmi - DEBUG -     gz_id=5600148 'balladolid' score=1.000 nombre=True saint_only=False terr= phase=auto_adopt
2026-07-24 21:50:10 - matching_Stangl_Balmi - DEBUG -     gz_id=5600148 'balladolid' score=1.000 nombre=True saint_only=False terr= phase=auto_adopt
2026-07-24 21:50:10 - matching_Stangl_Balmi - DEBUG -     gz_id=5600148 'balladolid' score=1.000 nombre=True saint_only=False terr= phase=auto_adopt
2026-07-24 21:50:10 - matching_Stangl_Balmi - DEBUG -     gz_id=5600148 'balladolid' score=1.000 nombre=True saint_only=False terr= phase=auto_adopt
2026-07-24 21:50:10 - matching_Stangl_Balmi - DEBUG -     gz_id=1000008 'balladolid' score=1.000 nombre=True saint_only=False terr= phase=auto_adopt
2026-07-24 21:50:10 - matching_Stangl_Balmi - DEBUG -     gz_id=1000008 'balladolid' score=1.000 nombre=True saint_only=False terr= phase=auto_adopt
2026-07-24 21:50:10 - matching_Stangl_Balmi - DEBUG -     gz_id=1000023 'balladolid' score=1.000 nombre=True saint_only=False terr= phase=auto_adopt
2026-07-24 21:50:10 - matching_Stangl_Balmi - DEBUG -     gz_id=1000023 'balladolid' score=1.000 nombre=True saint_only=False terr= phase=auto_adopt
2026-07-24 21:50:10 - matching_Stangl_Balmi - INFO -   Before dedup: 11 candidates
2026-07-24 21:50:10 - matching_Stangl_Balmi - INFO -   After dedup: 4 unique gz_ids
2026-07-24 21:50:10 - matching_Stangl_Balmi - INFO -   Dropped 4 territory-contradicting candidates
2026-07-24 21:50:10 - matching_Stangl_Balmi - INFO -   Input has territorial data: True
2026-07-24 21:50:10 - matching_Stangl_Balmi - INFO -   Candidates with territory match: 0
2026-07-24 21:50:10 - matching_Stangl_Balmi - INFO -   No territorial filtering applied (no matching territories found)
2026-07-24 21:50:10 - matching_Stangl_Balmi - INFO -   Nombre matches (exact on lugar_nombre): 0
2026-07-24 21:50:10 - matching_Stangl_Balmi - INFO -   Saint-only matches: 0
2026-07-24 21:50:10 - matching_Stangl_Balmi - INFO -   Substantive matches: 0
2026-07-24 21:50:10 - matching_Stangl_Balmi - INFO -   Candidate pool (>= threshold): 0
2026-07-24 21:50:10 - matching_Stangl_Balmi - WARNING -   No candidate above threshold - relegated
2026-07-24 21:50:10 - matching_Stangl_Balmi - INFO - Phase 1b complete: 0 of 17 relegated rows recovered
