2026-07-29 15:14:09 - matching_Tlaxcala_1 - INFO - ================================================================================
2026-07-29 15:14:09 - matching_Tlaxcala_1 - INFO - Matching process started at 2026-07-29 15:14:09.988462
2026-07-29 15:14:09 - matching_Tlaxcala_1 - INFO - ================================================================================
2026-07-29 15:14:09 - matching_Tlaxcala_1 - INFO - Input rows: 275
2026-07-29 15:14:10 - matching_Tlaxcala_1 - INFO - Loaded collapsed reference from cache: 13402 places
2026-07-29 15:14:10 - matching_Tlaxcala_1 - INFO - Reference gazetteer rows: 13402
2026-07-29 15:14:10 - matching_Tlaxcala_1 - INFO - Loaded 326 saints
2026-07-29 15:14:12 - matching_Tlaxcala_1 - INFO - Index built: 11936 unique tokens, 200 single-char tokens skipped
2026-07-29 15:14:12 - matching_Tlaxcala_1 - INFO - Processing row 0, rowID=1
2026-07-29 15:14:12 - matching_Tlaxcala_1 - INFO - 
============================================================
2026-07-29 15:14:12 - matching_Tlaxcala_1 - INFO - Processing rowID=1: 'Tlaxcala' -> cleaned: 'tlaxcala'
2026-07-29 15:14:12 - matching_Tlaxcala_1 - INFO -   Territorial context: jurisdiccion='tlaxcala' -> allowed rows: 110
2026-07-29 15:14:12 - matching_Tlaxcala_1 - INFO -   Token-based candidates: 2
2026-07-29 15:14:12 - matching_Tlaxcala_1 - INFO -   Fuzzy matches (score >= 70, limit=500): 2
2026-07-29 15:14:12 - matching_Tlaxcala_1 - DEBUG -     gz_id=1000020 'tlaxcala' score=1.000 nombre=True saint_only=False terr=jurisdiccion_exact phase=auto_adopt
2026-07-29 15:14:12 - matching_Tlaxcala_1 - DEBUG -     gz_id=1004130 'santa crus tlaxcala' score=1.000 nombre=False saint_only=False terr=jurisdiccion_exact phase=auto_adopt
2026-07-29 15:14:12 - matching_Tlaxcala_1 - INFO -   Before dedup: 2 candidates
2026-07-29 15:14:12 - matching_Tlaxcala_1 - INFO -   After dedup: 2 unique gz_ids
2026-07-29 15:14:12 - matching_Tlaxcala_1 - INFO -   Input has territorial data: True
2026-07-29 15:14:12 - matching_Tlaxcala_1 - INFO -   Candidates with territory match: 2
2026-07-29 15:14:12 - matching_Tlaxcala_1 - INFO -   After territorial filter (keeping jurisdiccion): 2 candidates
2026-07-29 15:14:12 - matching_Tlaxcala_1 - INFO -   Nombre matches (exact on lugar_nombre): 1
2026-07-29 15:14:12 - matching_Tlaxcala_1 - INFO -   Saint-only matches: 0
2026-07-29 15:14:12 - matching_Tlaxcala_1 - INFO -   Substantive matches: 2
2026-07-29 15:14:12 - matching_Tlaxcala_1 - INFO -   NOMBRE PRIORITY: Keeping ONLY 1 nombre matches, discarding 1 others
2026-07-29 15:14:12 - matching_Tlaxcala_1 - INFO -      gz_id=1000020: Tlaxcala
2026-07-29 15:14:12 - matching_Tlaxcala_1 - INFO -   Candidate pool (>= threshold): 1
2026-07-29 15:14:12 - matching_Tlaxcala_1 - INFO -   Single unambiguous strong hit -> auto_adopt
2026-07-29 15:14:12 - matching_Tlaxcala_1 - INFO - 
============================================================
2026-07-29 15:14:12 - matching_Tlaxcala_1 - INFO - Processing rowID=2: 'San Diego' -> cleaned: 'san diego'
2026-07-29 15:14:12 - matching_Tlaxcala_1 - INFO -   Territorial context: jurisdiccion='tlaxcala' -> allowed rows: 110
2026-07-29 15:14:12 - matching_Tlaxcala_1 - INFO -   Token-based candidates: 70
2026-07-29 15:14:12 - matching_Tlaxcala_1 - INFO -   Filtering: need match on substantive tokens: ['diego'] OR 2+ total tokens
2026-07-29 15:14:12 - matching_Tlaxcala_1 - INFO -   After filtering weak token matches: 1 candidates
2026-07-29 15:14:12 - matching_Tlaxcala_1 - INFO -   Fuzzy matches (score >= 70, limit=500): 1
2026-07-29 15:14:12 - matching_Tlaxcala_1 - DEBUG -     gz_id=1004141 'jocoiucan' score=1.000 nombre=False saint_only=True terr=jurisdiccion_exact phase=candidate
2026-07-29 15:14:12 - matching_Tlaxcala_1 - INFO -   Before dedup: 1 candidates
2026-07-29 15:14:12 - matching_Tlaxcala_1 - INFO -   After dedup: 1 unique gz_ids
2026-07-29 15:14:12 - matching_Tlaxcala_1 - INFO -   Input has territorial data: True
2026-07-29 15:14:12 - matching_Tlaxcala_1 - INFO -   Candidates with territory match: 1
2026-07-29 15:14:12 - matching_Tlaxcala_1 - INFO -   After territorial filter (keeping jurisdiccion): 1 candidates
2026-07-29 15:14:12 - matching_Tlaxcala_1 - INFO -   Nombre matches (exact on lugar_nombre): 0
2026-07-29 15:14:12 - matching_Tlaxcala_1 - INFO -   Saint-only matches: 1
2026-07-29 15:14:12 - matching_Tlaxcala_1 - INFO -   Substantive matches: 0
2026-07-29 15:14:12 - matching_Tlaxcala_1 - INFO -   Candidate pool (>= threshold): 1
2026-07-29 15:14:12 - matching_Tlaxcala_1 - INFO -   1 candidate(s) -> candidate
2026-07-29 15:14:12 - matching_Tlaxcala_1 - INFO - 
============================================================
2026-07-29 15:14:12 - matching_Tlaxcala_1 - INFO - Processing rowID=3: 'San Lucas' -> cleaned: 'san lucas'
2026-07-29 15:14:12 - matching_Tlaxcala_1 - INFO -   Territorial context: jurisdiccion='tlaxcala' -> allowed rows: 110
2026-07-29 15:14:12 - matching_Tlaxcala_1 - INFO -   Token-based candidates: 70
2026-07-29 15:14:12 - matching_Tlaxcala_1 - INFO -   Filtering: need match on substantive tokens: ['lucas'] OR 2+ total tokens
2026-07-29 15:14:12 - matching_Tlaxcala_1 - INFO -   After filtering weak token matches: 3 candidates
2026-07-29 15:14:12 - matching_Tlaxcala_1 - INFO -   Fuzzy matches (score >= 70, limit=500): 3
2026-07-29 15:14:12 - matching_Tlaxcala_1 - DEBUG -     gz_id=1004067 'cuautelolpan' score=1.000 nombre=False saint_only=True terr=jurisdiccion_exact phase=candidate
2026-07-29 15:14:12 - matching_Tlaxcala_1 - DEBUG -     gz_id=1004097 'san lucas' score=1.000 nombre=True saint_only=False terr=jurisdiccion_exact phase=auto_adopt
2026-07-29 15:14:12 - matching_Tlaxcala_1 - DEBUG -     gz_id=1004105 'tecocalpan' score=1.000 nombre=False saint_only=True terr=jurisdiccion_exact phase=candidate
2026-07-29 15:14:12 - matching_Tlaxcala_1 - INFO -   Before dedup: 3 candidates
2026-07-29 15:14:12 - matching_Tlaxcala_1 - INFO -   After dedup: 3 unique gz_ids
2026-07-29 15:14:12 - matching_Tlaxcala_1 - INFO -   Input has territorial data: True
2026-07-29 15:14:12 - matching_Tlaxcala_1 - INFO -   Candidates with territory match: 3
2026-07-29 15:14:12 - matching_Tlaxcala_1 - INFO -   After territorial filter (keeping jurisdiccion): 3 candidates
2026-07-29 15:14:12 - matching_Tlaxcala_1 - INFO -   Nombre matches (exact on lugar_nombre): 1
2026-07-29 15:14:12 - matching_Tlaxcala_1 - INFO -   Saint-only matches: 2
2026-07-29 15:14:12 - matching_Tlaxcala_1 - INFO -   Substantive matches: 1
2026-07-29 15:14:12 - matching_Tlaxcala_1 - INFO -   NOMBRE PRIORITY: Keeping ONLY 1 nombre matches, discarding 0 others
2026-07-29 15:14:12 - matching_Tlaxcala_1 - INFO -      gz_id=1004097: San Lucas
2026-07-29 15:14:12 - matching_Tlaxcala_1 - INFO -   Candidate pool (>= threshold): 1
2026-07-29 15:14:12 - matching_Tlaxcala_1 - INFO -   Single unambiguous strong hit -> auto_adopt
2026-07-29 15:14:12 - matching_Tlaxcala_1 - INFO - 
============================================================
2026-07-29 15:14:12 - matching_Tlaxcala_1 - INFO - Processing rowID=4: 'Acuitlapilco' -> cleaned: 'acuitlapilco'
2026-07-29 15:14:12 - matching_Tlaxcala_1 - INFO -   Territorial context: jurisdiccion='tlaxcala' -> allowed rows: 110
2026-07-29 15:14:12 - matching_Tlaxcala_1 - INFO -   Token-based candidates: 1
2026-07-29 15:14:12 - matching_Tlaxcala_1 - INFO -   Fuzzy matches (score >= 70, limit=500): 1
2026-07-29 15:14:12 - matching_Tlaxcala_1 - DEBUG -     gz_id=1004042 'acuitlapilco' score=1.000 nombre=False saint_only=False terr=jurisdiccion_exact phase=auto_adopt
2026-07-29 15:14:12 - matching_Tlaxcala_1 - INFO -   Before dedup: 1 candidates
2026-07-29 15:14:12 - matching_Tlaxcala_1 - INFO -   After dedup: 1 unique gz_ids
2026-07-29 15:14:12 - matching_Tlaxcala_1 - INFO -   Input has territorial data: True
2026-07-29 15:14:12 - matching_Tlaxcala_1 - INFO -   Candidates with territory match: 1
2026-07-29 15:14:12 - matching_Tlaxcala_1 - INFO -   After territorial filter (keeping jurisdiccion): 1 candidates
2026-07-29 15:14:12 - matching_Tlaxcala_1 - INFO -   Nombre matches (exact on lugar_nombre): 0
2026-07-29 15:14:12 - matching_Tlaxcala_1 - INFO -   Saint-only matches: 0
2026-07-29 15:14:12 - matching_Tlaxcala_1 - INFO -   Substantive matches: 1
2026-07-29 15:14:12 - matching_Tlaxcala_1 - INFO -   Candidate pool (>= threshold): 1
2026-07-29 15:14:12 - matching_Tlaxcala_1 - INFO -   Single unambiguous strong hit -> auto_adopt
2026-07-29 15:14:12 - matching_Tlaxcala_1 - INFO - 
============================================================
2026-07-29 15:14:12 - matching_Tlaxcala_1 - INFO - Processing rowID=5: 'San Sebastián' -> cleaned: 'san cebastian'
2026-07-29 15:14:12 - matching_Tlaxcala_1 - INFO -   Territorial context: jurisdiccion='tlaxcala' -> allowed rows: 110
2026-07-29 15:14:12 - matching_Tlaxcala_1 - INFO -   Token-based candidates: 70
2026-07-29 15:14:12 - matching_Tlaxcala_1 - INFO -   Filtering: need match on substantive tokens: ['cebastian'] OR 2+ total tokens
2026-07-29 15:14:12 - matching_Tlaxcala_1 - INFO -   After filtering weak token matches: 1 candidates
2026-07-29 15:14:12 - matching_Tlaxcala_1 - INFO -   Fuzzy matches (score >= 70, limit=500): 1
2026-07-29 15:14:12 - matching_Tlaxcala_1 - DEBUG -     gz_id=1004049 'atlalpa' score=1.000 nombre=False saint_only=True terr=jurisdiccion_exact phase=candidate
2026-07-29 15:14:12 - matching_Tlaxcala_1 - INFO -   Before dedup: 1 candidates
2026-07-29 15:14:12 - matching_Tlaxcala_1 - INFO -   After dedup: 1 unique gz_ids
2026-07-29 15:14:12 - matching_Tlaxcala_1 - INFO -   Input has territorial data: True
2026-07-29 15:14:12 - matching_Tlaxcala_1 - INFO -   Candidates with territory match: 1
2026-07-29 15:14:12 - matching_Tlaxcala_1 - INFO -   After territorial filter (keeping jurisdiccion): 1 candidates
2026-07-29 15:14:12 - matching_Tlaxcala_1 - INFO -   Nombre matches (exact on lugar_nombre): 0
2026-07-29 15:14:12 - matching_Tlaxcala_1 - INFO -   Saint-only matches: 1
2026-07-29 15:14:12 - matching_Tlaxcala_1 - INFO -   Substantive matches: 0
2026-07-29 15:14:12 - matching_Tlaxcala_1 - INFO -   Candidate pool (>= threshold): 1
2026-07-29 15:14:12 - matching_Tlaxcala_1 - INFO -   1 candidate(s) -> candidate
2026-07-29 15:14:12 - matching_Tlaxcala_1 - INFO - 
============================================================
2026-07-29 15:14:12 - matching_Tlaxcala_1 - INFO - Processing rowID=6: 'Yxtulco' -> cleaned: 'ixtulco'
2026-07-29 15:14:12 - matching_Tlaxcala_1 - INFO -   Territorial context: jurisdiccion='tlaxcala' -> allowed rows: 110
2026-07-29 15:14:12 - matching_Tlaxcala_1 - INFO -   Token-based candidates: 1
2026-07-29 15:14:12 - matching_Tlaxcala_1 - INFO -   Fuzzy matches (score >= 70, limit=500): 1
2026-07-29 15:14:12 - matching_Tlaxcala_1 - DEBUG -     gz_id=1004079 'ixtulco' score=1.000 nombre=False saint_only=False terr=jurisdiccion_exact phase=auto_adopt
2026-07-29 15:14:12 - matching_Tlaxcala_1 - INFO -   Before dedup: 1 candidates
2026-07-29 15:14:12 - matching_Tlaxcala_1 - INFO -   After dedup: 1 unique gz_ids
2026-07-29 15:14:12 - matching_Tlaxcala_1 - INFO -   Input has territorial data: True
2026-07-29 15:14:12 - matching_Tlaxcala_1 - INFO -   Candidates with territory match: 1
2026-07-29 15:14:12 - matching_Tlaxcala_1 - INFO -   After territorial filter (keeping jurisdiccion): 1 candidates
2026-07-29 15:14:12 - matching_Tlaxcala_1 - INFO -   Nombre matches (exact on lugar_nombre): 0
2026-07-29 15:14:12 - matching_Tlaxcala_1 - INFO -   Saint-only matches: 0
2026-07-29 15:14:12 - matching_Tlaxcala_1 - INFO -   Substantive matches: 1
2026-07-29 15:14:12 - matching_Tlaxcala_1 - INFO -   Candidate pool (>= threshold): 1
2026-07-29 15:14:12 - matching_Tlaxcala_1 - INFO -   Single unambiguous strong hit -> auto_adopt
2026-07-29 15:14:12 - matching_Tlaxcala_1 - INFO - 
============================================================
2026-07-29 15:14:12 - matching_Tlaxcala_1 - INFO - Processing rowID=7: 'Panotla' -> cleaned: 'panotla'
2026-07-29 15:14:12 - matching_Tlaxcala_1 - INFO -   Territorial context: jurisdiccion='tlaxcala' -> allowed rows: 110
2026-07-29 15:14:12 - matching_Tlaxcala_1 - INFO -   Token-based candidates: 1
2026-07-29 15:14:12 - matching_Tlaxcala_1 - INFO -   Fuzzy matches (score >= 70, limit=500): 1
2026-07-29 15:14:12 - matching_Tlaxcala_1 - DEBUG -     gz_id=1004092 'panotla' score=1.000 nombre=False saint_only=False terr=jurisdiccion_exact phase=auto_adopt
2026-07-29 15:14:12 - matching_Tlaxcala_1 - INFO -   Before dedup: 1 candidates
2026-07-29 15:14:12 - matching_Tlaxcala_1 - INFO -   After dedup: 1 unique gz_ids
2026-07-29 15:14:12 - matching_Tlaxcala_1 - INFO -   Input has territorial data: True
2026-07-29 15:14:12 - matching_Tlaxcala_1 - INFO -   Candidates with territory match: 1
2026-07-29 15:14:12 - matching_Tlaxcala_1 - INFO -   After territorial filter (keeping jurisdiccion): 1 candidates
2026-07-29 15:14:12 - matching_Tlaxcala_1 - INFO -   Nombre matches (exact on lugar_nombre): 0
2026-07-29 15:14:12 - matching_Tlaxcala_1 - INFO -   Saint-only matches: 0
2026-07-29 15:14:12 - matching_Tlaxcala_1 - INFO -   Substantive matches: 1
2026-07-29 15:14:12 - matching_Tlaxcala_1 - INFO -   Candidate pool (>= threshold): 1
2026-07-29 15:14:12 - matching_Tlaxcala_1 - INFO -   Single unambiguous strong hit -> auto_adopt
2026-07-29 15:14:12 - matching_Tlaxcala_1 - INFO - 
============================================================
2026-07-29 15:14:12 - matching_Tlaxcala_1 - INFO - Processing rowID=8: 'San Esteban' -> cleaned: 'san esteban'
2026-07-29 15:14:12 - matching_Tlaxcala_1 - INFO -   Territorial context: jurisdiccion='tlaxcala' -> allowed rows: 110
2026-07-29 15:14:12 - matching_Tlaxcala_1 - INFO -   Token-based candidates: 70
2026-07-29 15:14:12 - matching_Tlaxcala_1 - INFO -   Filtering: need match on substantive tokens: ['esteban'] OR 2+ total tokens
2026-07-29 15:14:13 - matching_Tlaxcala_1 - INFO -   After filtering weak token matches: 1 candidates
2026-07-29 15:14:13 - matching_Tlaxcala_1 - INFO -   Fuzzy matches (score >= 70, limit=500): 1
2026-07-29 15:14:13 - matching_Tlaxcala_1 - DEBUG -     gz_id=1004124 'tisantla' score=1.000 nombre=False saint_only=True terr=jurisdiccion_exact phase=candidate
2026-07-29 15:14:13 - matching_Tlaxcala_1 - INFO -   Before dedup: 1 candidates
2026-07-29 15:14:13 - matching_Tlaxcala_1 - INFO -   After dedup: 1 unique gz_ids
2026-07-29 15:14:13 - matching_Tlaxcala_1 - INFO -   Input has territorial data: True
2026-07-29 15:14:13 - matching_Tlaxcala_1 - INFO -   Candidates with territory match: 1
2026-07-29 15:14:13 - matching_Tlaxcala_1 - INFO -   After territorial filter (keeping jurisdiccion): 1 candidates
2026-07-29 15:14:13 - matching_Tlaxcala_1 - INFO -   Nombre matches (exact on lugar_nombre): 0
2026-07-29 15:14:13 - matching_Tlaxcala_1 - INFO -   Saint-only matches: 1
2026-07-29 15:14:13 - matching_Tlaxcala_1 - INFO -   Substantive matches: 0
2026-07-29 15:14:13 - matching_Tlaxcala_1 - INFO -   Candidate pool (>= threshold): 1
2026-07-29 15:14:13 - matching_Tlaxcala_1 - INFO -   1 candidate(s) -> candidate
2026-07-29 15:14:13 - matching_Tlaxcala_1 - INFO - 
============================================================
2026-07-29 15:14:13 - matching_Tlaxcala_1 - INFO - Processing rowID=9: 'La Candelaria' -> cleaned: 'candelaria'
2026-07-29 15:14:13 - matching_Tlaxcala_1 - INFO -   Territorial context: jurisdiccion='tlaxcala' -> allowed rows: 110
2026-07-29 15:14:13 - matching_Tlaxcala_1 - INFO -   Token-based candidates: 1
2026-07-29 15:14:13 - matching_Tlaxcala_1 - INFO -   Fuzzy matches (score >= 70, limit=500): 1
2026-07-29 15:14:13 - matching_Tlaxcala_1 - DEBUG -     gz_id=1004058 'candelaria' score=1.000 nombre=False saint_only=True terr=jurisdiccion_exact phase=candidate
2026-07-29 15:14:13 - matching_Tlaxcala_1 - INFO -   Before dedup: 1 candidates
2026-07-29 15:14:13 - matching_Tlaxcala_1 - INFO -   After dedup: 1 unique gz_ids
2026-07-29 15:14:13 - matching_Tlaxcala_1 - INFO -   Input has territorial data: True
2026-07-29 15:14:13 - matching_Tlaxcala_1 - INFO -   Candidates with territory match: 1
2026-07-29 15:14:13 - matching_Tlaxcala_1 - INFO -   After territorial filter (keeping jurisdiccion): 1 candidates
2026-07-29 15:14:13 - matching_Tlaxcala_1 - INFO -   Nombre matches (exact on lugar_nombre): 0
2026-07-29 15:14:13 - matching_Tlaxcala_1 - INFO -   Saint-only matches: 1
2026-07-29 15:14:13 - matching_Tlaxcala_1 - INFO -   Substantive matches: 0
2026-07-29 15:14:13 - matching_Tlaxcala_1 - INFO -   Candidate pool (>= threshold): 1
2026-07-29 15:14:13 - matching_Tlaxcala_1 - INFO -   1 candidate(s) -> candidate
2026-07-29 15:14:13 - matching_Tlaxcala_1 - INFO - 
============================================================
2026-07-29 15:14:13 - matching_Tlaxcala_1 - INFO - Processing rowID=10: 'Santiago' -> cleaned: 'santiago'
2026-07-29 15:14:13 - matching_Tlaxcala_1 - INFO -   Territorial context: jurisdiccion='tlaxcala' -> allowed rows: 110
2026-07-29 15:14:13 - matching_Tlaxcala_1 - INFO -   Token-based candidates: 6
2026-07-29 15:14:13 - matching_Tlaxcala_1 - INFO -   Fuzzy matches (score >= 70, limit=500): 6
2026-07-29 15:14:13 - matching_Tlaxcala_1 - DEBUG -     gz_id=1004113 'tepeticpac' score=1.000 nombre=False saint_only=True terr=jurisdiccion_exact phase=candidate
2026-07-29 15:14:13 - matching_Tlaxcala_1 - DEBUG -     gz_id=1004084 'michac' score=1.000 nombre=False saint_only=True terr=jurisdiccion_exact phase=candidate
2026-07-29 15:14:13 - matching_Tlaxcala_1 - DEBUG -     gz_id=1004118 'tetla' score=1.000 nombre=False saint_only=True terr=jurisdiccion_exact phase=candidate
2026-07-29 15:14:13 - matching_Tlaxcala_1 - DEBUG -     gz_id=1004090 'ocotitlan' score=1.000 nombre=False saint_only=True terr=jurisdiccion_exact phase=candidate
2026-07-29 15:14:13 - matching_Tlaxcala_1 - DEBUG -     gz_id=1004091 'ocotlan' score=1.000 nombre=False saint_only=False terr=jurisdiccion_exact phase=candidate
2026-07-29 15:14:13 - matching_Tlaxcala_1 - DEBUG -     gz_id=1004126 'tlacochcalco' score=1.000 nombre=False saint_only=True terr=jurisdiccion_exact phase=candidate
2026-07-29 15:14:13 - matching_Tlaxcala_1 - INFO -   Before dedup: 6 candidates
2026-07-29 15:14:13 - matching_Tlaxcala_1 - INFO -   After dedup: 6 unique gz_ids
2026-07-29 15:14:13 - matching_Tlaxcala_1 - INFO -   Input has territorial data: True
2026-07-29 15:14:13 - matching_Tlaxcala_1 - INFO -   Candidates with territory match: 6
2026-07-29 15:14:13 - matching_Tlaxcala_1 - INFO -   After territorial filter (keeping jurisdiccion): 6 candidates
2026-07-29 15:14:13 - matching_Tlaxcala_1 - INFO -   Nombre matches (exact on lugar_nombre): 0
2026-07-29 15:14:13 - matching_Tlaxcala_1 - INFO -   Saint-only matches: 5
2026-07-29 15:14:13 - matching_Tlaxcala_1 - INFO -   Substantive matches: 1
2026-07-29 15:14:13 - matching_Tlaxcala_1 - INFO -   Discarding 5 saint-only matches, keeping 1 substantive matches
2026-07-29 15:14:13 - matching_Tlaxcala_1 - INFO -   Candidate pool (>= threshold): 1
2026-07-29 15:14:13 - matching_Tlaxcala_1 - INFO -   1 candidate(s) -> candidate
2026-07-29 15:14:13 - matching_Tlaxcala_1 - INFO - Processing row 10, rowID=11
2026-07-29 15:14:13 - matching_Tlaxcala_1 - INFO - 
============================================================
2026-07-29 15:14:13 - matching_Tlaxcala_1 - INFO - Processing rowID=11: 'Acxotla' -> cleaned: 'acjotla'
2026-07-29 15:14:13 - matching_Tlaxcala_1 - INFO -   Territorial context: jurisdiccion='tlaxcala' -> allowed rows: 110
2026-07-29 15:14:13 - matching_Tlaxcala_1 - INFO -   Token-based candidates: 2
2026-07-29 15:14:13 - matching_Tlaxcala_1 - INFO -   Fuzzy matches (score >= 70, limit=500): 2
2026-07-29 15:14:13 - matching_Tlaxcala_1 - DEBUG -     gz_id=1004043 'acjotla' score=1.000 nombre=False saint_only=False terr=jurisdiccion_exact phase=auto_adopt
2026-07-29 15:14:13 - matching_Tlaxcala_1 - DEBUG -     gz_id=1004053 'ajotla' score=0.923 nombre=False saint_only=False terr=jurisdiccion_exact phase=auto_adopt
2026-07-29 15:14:13 - matching_Tlaxcala_1 - INFO -   Before dedup: 2 candidates
2026-07-29 15:14:13 - matching_Tlaxcala_1 - INFO -   After dedup: 2 unique gz_ids
2026-07-29 15:14:13 - matching_Tlaxcala_1 - INFO -   Input has territorial data: True
2026-07-29 15:14:13 - matching_Tlaxcala_1 - INFO -   Candidates with territory match: 2
2026-07-29 15:14:13 - matching_Tlaxcala_1 - INFO -   After territorial filter (keeping jurisdiccion): 2 candidates
2026-07-29 15:14:13 - matching_Tlaxcala_1 - INFO -   Nombre matches (exact on lugar_nombre): 0
2026-07-29 15:14:13 - matching_Tlaxcala_1 - INFO -   Saint-only matches: 0
2026-07-29 15:14:13 - matching_Tlaxcala_1 - INFO -   Substantive matches: 2
2026-07-29 15:14:13 - matching_Tlaxcala_1 - INFO -   Candidate pool (>= threshold): 2
2026-07-29 15:14:13 - matching_Tlaxcala_1 - INFO -   2 candidate(s) -> candidate
2026-07-29 15:14:13 - matching_Tlaxcala_1 - INFO - 
============================================================
2026-07-29 15:14:13 - matching_Tlaxcala_1 - INFO - Processing rowID=12: 'Ocozelulco' -> cleaned: 'ococelulco'
2026-07-29 15:14:13 - matching_Tlaxcala_1 - INFO -   Territorial context: jurisdiccion='tlaxcala' -> allowed rows: 110
2026-07-29 15:14:13 - matching_Tlaxcala_1 - INFO -   Token-based candidates: 1
2026-07-29 15:14:13 - matching_Tlaxcala_1 - INFO -   Fuzzy matches (score >= 70, limit=500): 1
2026-07-29 15:14:13 - matching_Tlaxcala_1 - DEBUG -     gz_id=1004089 'ocotelulco' score=0.900 nombre=False saint_only=False terr=jurisdiccion_exact phase=auto_adopt
2026-07-29 15:14:13 - matching_Tlaxcala_1 - INFO -   Before dedup: 1 candidates
2026-07-29 15:14:13 - matching_Tlaxcala_1 - INFO -   After dedup: 1 unique gz_ids
2026-07-29 15:14:13 - matching_Tlaxcala_1 - INFO -   Input has territorial data: True
2026-07-29 15:14:13 - matching_Tlaxcala_1 - INFO -   Candidates with territory match: 1
2026-07-29 15:14:13 - matching_Tlaxcala_1 - INFO -   After territorial filter (keeping jurisdiccion): 1 candidates
2026-07-29 15:14:13 - matching_Tlaxcala_1 - INFO -   Nombre matches (exact on lugar_nombre): 0
2026-07-29 15:14:13 - matching_Tlaxcala_1 - INFO -   Saint-only matches: 0
2026-07-29 15:14:13 - matching_Tlaxcala_1 - INFO -   Substantive matches: 1
2026-07-29 15:14:13 - matching_Tlaxcala_1 - INFO -   Candidate pool (>= threshold): 1
2026-07-29 15:14:13 - matching_Tlaxcala_1 - INFO -   Single unambiguous strong hit -> auto_adopt
2026-07-29 15:14:13 - matching_Tlaxcala_1 - INFO - 
============================================================
2026-07-29 15:14:13 - matching_Tlaxcala_1 - INFO - Processing rowID=13: 'San Miguel' -> cleaned: 'san mihuel'
2026-07-29 15:14:13 - matching_Tlaxcala_1 - INFO -   Territorial context: jurisdiccion='tlaxcala' -> allowed rows: 110
2026-07-29 15:14:13 - matching_Tlaxcala_1 - INFO -   Token-based candidates: 70
2026-07-29 15:14:13 - matching_Tlaxcala_1 - INFO -   Filtering: need match on substantive tokens: ['mihuel'] OR 2+ total tokens
2026-07-29 15:14:13 - matching_Tlaxcala_1 - INFO -   After filtering weak token matches: 4 candidates
2026-07-29 15:14:13 - matching_Tlaxcala_1 - INFO -   Fuzzy matches (score >= 70, limit=500): 4
2026-07-29 15:14:13 - matching_Tlaxcala_1 - DEBUG -     gz_id=1004099 'san mihuel milagro' score=1.000 nombre=False saint_only=True terr=jurisdiccion_exact phase=candidate
2026-07-29 15:14:13 - matching_Tlaxcala_1 - DEBUG -     gz_id=1004100 'san mihuelito' score=1.000 nombre=False saint_only=True terr=jurisdiccion_exact phase=candidate
2026-07-29 15:14:13 - matching_Tlaxcala_1 - DEBUG -     gz_id=1004108 'tenancingo' score=1.000 nombre=False saint_only=True terr=jurisdiccion_exact phase=candidate
2026-07-29 15:14:13 - matching_Tlaxcala_1 - DEBUG -     gz_id=1004140 'jochitecatitla' score=1.000 nombre=False saint_only=True terr=jurisdiccion_exact phase=candidate
2026-07-29 15:14:13 - matching_Tlaxcala_1 - INFO -   Before dedup: 4 candidates
2026-07-29 15:14:13 - matching_Tlaxcala_1 - INFO -   After dedup: 4 unique gz_ids
2026-07-29 15:14:13 - matching_Tlaxcala_1 - INFO -   Input has territorial data: True
2026-07-29 15:14:13 - matching_Tlaxcala_1 - INFO -   Candidates with territory match: 4
2026-07-29 15:14:13 - matching_Tlaxcala_1 - INFO -   After territorial filter (keeping jurisdiccion): 4 candidates
2026-07-29 15:14:13 - matching_Tlaxcala_1 - INFO -   Nombre matches (exact on lugar_nombre): 0
2026-07-29 15:14:13 - matching_Tlaxcala_1 - INFO -   Saint-only matches: 4
2026-07-29 15:14:13 - matching_Tlaxcala_1 - INFO -   Substantive matches: 0
2026-07-29 15:14:13 - matching_Tlaxcala_1 - INFO -   Candidate pool (>= threshold): 4
2026-07-29 15:14:13 - matching_Tlaxcala_1 - INFO -   4 candidate(s) -> candidate
2026-07-29 15:14:13 - matching_Tlaxcala_1 - INFO - 
============================================================
2026-07-29 15:14:13 - matching_Tlaxcala_1 - INFO - Processing rowID=14: 'San Juan Totola' -> cleaned: 'san juan totola'
2026-07-29 15:14:13 - matching_Tlaxcala_1 - INFO -   Territorial context: jurisdiccion='tlaxcala' -> allowed rows: 110
2026-07-29 15:14:13 - matching_Tlaxcala_1 - INFO -   Token-based candidates: 70
2026-07-29 15:14:13 - matching_Tlaxcala_1 - INFO -   Filtering: need match on substantive tokens: ['totola', 'juan'] OR 2+ total tokens
2026-07-29 15:14:13 - matching_Tlaxcala_1 - INFO -   After filtering weak token matches: 5 candidates
2026-07-29 15:14:13 - matching_Tlaxcala_1 - INFO -   Fuzzy matches (score >= 70, limit=500): 5
2026-07-29 15:14:13 - matching_Tlaxcala_1 - DEBUG -     gz_id=1004133 'totolac' score=1.000 nombre=False saint_only=False terr=jurisdiccion_exact phase=auto_adopt
2026-07-29 15:14:13 - matching_Tlaxcala_1 - DEBUG -     gz_id=1004050 'atlangatepec' score=0.769 nombre=False saint_only=False terr=jurisdiccion_exact phase=relegated
2026-07-29 15:14:13 - matching_Tlaxcala_1 - DEBUG -     gz_id=1004070 'huaccinco' score=0.750 nombre=False saint_only=False terr=jurisdiccion_exact phase=relegated
2026-07-29 15:14:13 - matching_Tlaxcala_1 - DEBUG -     gz_id=1004078 'ixtenco' score=0.750 nombre=False saint_only=False terr=jurisdiccion_exact phase=relegated
2026-07-29 15:14:13 - matching_Tlaxcala_1 - DEBUG -     gz_id=1004094 'quesalcoapan' score=0.750 nombre=False saint_only=False terr=jurisdiccion_exact phase=relegated
2026-07-29 15:14:13 - matching_Tlaxcala_1 - INFO -   Before dedup: 5 candidates
2026-07-29 15:14:13 - matching_Tlaxcala_1 - INFO -   After dedup: 5 unique gz_ids
2026-07-29 15:14:13 - matching_Tlaxcala_1 - INFO -   Input has territorial data: True
2026-07-29 15:14:13 - matching_Tlaxcala_1 - INFO -   Candidates with territory match: 5
2026-07-29 15:14:13 - matching_Tlaxcala_1 - INFO -   After territorial filter (keeping jurisdiccion): 5 candidates
2026-07-29 15:14:13 - matching_Tlaxcala_1 - INFO -   Nombre matches (exact on lugar_nombre): 0
2026-07-29 15:14:13 - matching_Tlaxcala_1 - INFO -   Saint-only matches: 0
2026-07-29 15:14:13 - matching_Tlaxcala_1 - INFO -   Substantive matches: 5
2026-07-29 15:14:13 - matching_Tlaxcala_1 - INFO -   Candidate pool (>= threshold): 1
2026-07-29 15:14:13 - matching_Tlaxcala_1 - INFO -   Single unambiguous strong hit -> auto_adopt
2026-07-29 15:14:13 - matching_Tlaxcala_1 - INFO - 
============================================================
2026-07-29 15:14:13 - matching_Tlaxcala_1 - INFO - Processing rowID=15: 'San Ambrocio' -> cleaned: 'san ambrocio'
2026-07-29 15:14:13 - matching_Tlaxcala_1 - INFO -   Territorial context: jurisdiccion='tlaxcala' -> allowed rows: 110
2026-07-29 15:14:13 - matching_Tlaxcala_1 - INFO -   Token-based candidates: 70
2026-07-29 15:14:13 - matching_Tlaxcala_1 - INFO -   Filtering: need match on substantive tokens: ['ambrocio'] OR 2+ total tokens
2026-07-29 15:14:13 - matching_Tlaxcala_1 - INFO -   After filtering weak token matches: 1 candidates
2026-07-29 15:14:13 - matching_Tlaxcala_1 - INFO -   Fuzzy matches (score >= 70, limit=500): 1
2026-07-29 15:14:13 - matching_Tlaxcala_1 - DEBUG -     gz_id=1004121 'tejantla' score=1.000 nombre=False saint_only=True terr=jurisdiccion_exact phase=candidate
2026-07-29 15:14:13 - matching_Tlaxcala_1 - INFO -   Before dedup: 1 candidates
2026-07-29 15:14:13 - matching_Tlaxcala_1 - INFO -   After dedup: 1 unique gz_ids
2026-07-29 15:14:13 - matching_Tlaxcala_1 - INFO -   Input has territorial data: True
2026-07-29 15:14:13 - matching_Tlaxcala_1 - INFO -   Candidates with territory match: 1
2026-07-29 15:14:13 - matching_Tlaxcala_1 - INFO -   After territorial filter (keeping jurisdiccion): 1 candidates
2026-07-29 15:14:13 - matching_Tlaxcala_1 - INFO -   Nombre matches (exact on lugar_nombre): 0
2026-07-29 15:14:13 - matching_Tlaxcala_1 - INFO -   Saint-only matches: 1
2026-07-29 15:14:13 - matching_Tlaxcala_1 - INFO -   Substantive matches: 0
2026-07-29 15:14:13 - matching_Tlaxcala_1 - INFO -   Candidate pool (>= threshold): 1
2026-07-29 15:14:13 - matching_Tlaxcala_1 - INFO -   1 candidate(s) -> candidate
2026-07-29 15:14:13 - matching_Tlaxcala_1 - INFO - 
============================================================
2026-07-29 15:14:13 - matching_Tlaxcala_1 - INFO - Processing rowID=16: 'Los Reyes' -> cleaned: 'reies'
2026-07-29 15:14:13 - matching_Tlaxcala_1 - INFO -   Territorial context: jurisdiccion='tlaxcala' -> allowed rows: 110
2026-07-29 15:14:13 - matching_Tlaxcala_1 - INFO -   Token-based candidates: 1
2026-07-29 15:14:13 - matching_Tlaxcala_1 - INFO -   Fuzzy matches (score >= 70, limit=500): 1
2026-07-29 15:14:13 - matching_Tlaxcala_1 - DEBUG -     gz_id=1004095 'quiahuixtlan' score=1.000 nombre=False saint_only=True terr=jurisdiccion_exact phase=candidate
2026-07-29 15:14:13 - matching_Tlaxcala_1 - INFO -   Before dedup: 1 candidates
2026-07-29 15:14:13 - matching_Tlaxcala_1 - INFO -   After dedup: 1 unique gz_ids
2026-07-29 15:14:13 - matching_Tlaxcala_1 - INFO -   Input has territorial data: True
2026-07-29 15:14:13 - matching_Tlaxcala_1 - INFO -   Candidates with territory match: 1
2026-07-29 15:14:13 - matching_Tlaxcala_1 - INFO -   After territorial filter (keeping jurisdiccion): 1 candidates
2026-07-29 15:14:13 - matching_Tlaxcala_1 - INFO -   Nombre matches (exact on lugar_nombre): 0
2026-07-29 15:14:13 - matching_Tlaxcala_1 - INFO -   Saint-only matches: 1
2026-07-29 15:14:13 - matching_Tlaxcala_1 - INFO -   Substantive matches: 0
2026-07-29 15:14:13 - matching_Tlaxcala_1 - INFO -   Candidate pool (>= threshold): 1
2026-07-29 15:14:13 - matching_Tlaxcala_1 - INFO -   1 candidate(s) -> candidate
2026-07-29 15:14:13 - matching_Tlaxcala_1 - INFO - 
============================================================
2026-07-29 15:14:13 - matching_Tlaxcala_1 - INFO - Processing rowID=17: 'Las Nieves' -> cleaned: 'niebes'
2026-07-29 15:14:13 - matching_Tlaxcala_1 - INFO -   Territorial context: jurisdiccion='tlaxcala' -> allowed rows: 110
2026-07-29 15:14:13 - matching_Tlaxcala_1 - INFO -   Token-based candidates: 0
2026-07-29 15:14:13 - matching_Tlaxcala_1 - WARNING -   No candidates found - relegated
2026-07-29 15:14:13 - matching_Tlaxcala_1 - INFO - 
============================================================
2026-07-29 15:14:13 - matching_Tlaxcala_1 - INFO - Processing rowID=18: 'La Trenidad' -> cleaned: 'trenidad'
2026-07-29 15:14:13 - matching_Tlaxcala_1 - INFO -   Territorial context: jurisdiccion='tlaxcala' -> allowed rows: 110
2026-07-29 15:14:13 - matching_Tlaxcala_1 - INFO -   Token-based candidates: 1
2026-07-29 15:14:13 - matching_Tlaxcala_1 - INFO -   Fuzzy matches (score >= 70, limit=500): 1
2026-07-29 15:14:13 - matching_Tlaxcala_1 - DEBUG -     gz_id=1004111 'tenejiecac' score=0.875 nombre=False saint_only=False terr=jurisdiccion_exact phase=candidate
2026-07-29 15:14:13 - matching_Tlaxcala_1 - INFO -   Before dedup: 1 candidates
2026-07-29 15:14:13 - matching_Tlaxcala_1 - INFO -   After dedup: 1 unique gz_ids
2026-07-29 15:14:13 - matching_Tlaxcala_1 - INFO -   Input has territorial data: True
2026-07-29 15:14:13 - matching_Tlaxcala_1 - INFO -   Candidates with territory match: 1
2026-07-29 15:14:13 - matching_Tlaxcala_1 - INFO -   After territorial filter (keeping jurisdiccion): 1 candidates
2026-07-29 15:14:13 - matching_Tlaxcala_1 - INFO -   Nombre matches (exact on lugar_nombre): 0
2026-07-29 15:14:13 - matching_Tlaxcala_1 - INFO -   Saint-only matches: 0
2026-07-29 15:14:13 - matching_Tlaxcala_1 - INFO -   Substantive matches: 1
2026-07-29 15:14:13 - matching_Tlaxcala_1 - INFO -   Candidate pool (>= threshold): 1
2026-07-29 15:14:13 - matching_Tlaxcala_1 - INFO -   1 candidate(s) -> candidate
2026-07-29 15:14:13 - matching_Tlaxcala_1 - INFO - 
============================================================
2026-07-29 15:14:13 - matching_Tlaxcala_1 - INFO - Processing rowID=19: 'San Jorxe' -> cleaned: 'san jorje'
2026-07-29 15:14:13 - matching_Tlaxcala_1 - INFO -   Territorial context: jurisdiccion='tlaxcala' -> allowed rows: 110
2026-07-29 15:14:13 - matching_Tlaxcala_1 - INFO -   Token-based candidates: 70
2026-07-29 15:14:13 - matching_Tlaxcala_1 - INFO -   Filtering: need match on substantive tokens: ['jorje'] OR 2+ total tokens
2026-07-29 15:14:13 - matching_Tlaxcala_1 - INFO -   After filtering weak token matches: 1 candidates
2026-07-29 15:14:13 - matching_Tlaxcala_1 - INFO -   Fuzzy matches (score >= 70, limit=500): 1
2026-07-29 15:14:13 - matching_Tlaxcala_1 - DEBUG -     gz_id=1004096 'san jorje' score=1.000 nombre=False saint_only=True terr=jurisdiccion_exact phase=candidate
2026-07-29 15:14:13 - matching_Tlaxcala_1 - INFO -   Before dedup: 1 candidates
2026-07-29 15:14:13 - matching_Tlaxcala_1 - INFO -   After dedup: 1 unique gz_ids
2026-07-29 15:14:13 - matching_Tlaxcala_1 - INFO -   Input has territorial data: True
2026-07-29 15:14:13 - matching_Tlaxcala_1 - INFO -   Candidates with territory match: 1
2026-07-29 15:14:13 - matching_Tlaxcala_1 - INFO -   After territorial filter (keeping jurisdiccion): 1 candidates
2026-07-29 15:14:13 - matching_Tlaxcala_1 - INFO -   Nombre matches (exact on lugar_nombre): 0
2026-07-29 15:14:13 - matching_Tlaxcala_1 - INFO -   Saint-only matches: 1
2026-07-29 15:14:13 - matching_Tlaxcala_1 - INFO -   Substantive matches: 0
2026-07-29 15:14:13 - matching_Tlaxcala_1 - INFO -   Candidate pool (>= threshold): 1
2026-07-29 15:14:13 - matching_Tlaxcala_1 - INFO -   1 candidate(s) -> candidate
2026-07-29 15:14:13 - matching_Tlaxcala_1 - INFO - 
============================================================
2026-07-29 15:14:13 - matching_Tlaxcala_1 - INFO - Processing rowID=20: 'San Matheo' -> cleaned: 'san matheo'
2026-07-29 15:14:13 - matching_Tlaxcala_1 - INFO -   Territorial context: jurisdiccion='tlaxcala' -> allowed rows: 110
2026-07-29 15:14:13 - matching_Tlaxcala_1 - INFO -   Token-based candidates: 70
2026-07-29 15:14:13 - matching_Tlaxcala_1 - INFO -   Filtering: need match on substantive tokens: ['matheo'] OR 2+ total tokens
2026-07-29 15:14:13 - matching_Tlaxcala_1 - INFO -   Fuzzy matches (score >= 70, limit=500): 20
2026-07-29 15:14:13 - matching_Tlaxcala_1 - DEBUG -     gz_id=1004054 'aiecac' score=0.947 nombre=False saint_only=False terr=jurisdiccion_exact phase=auto_adopt
2026-07-29 15:14:13 - matching_Tlaxcala_1 - DEBUG -     gz_id=1004072 'huejoiucan' score=0.947 nombre=False saint_only=False terr=jurisdiccion_exact phase=auto_adopt
2026-07-29 15:14:13 - matching_Tlaxcala_1 - DEBUG -     gz_id=1004114 'tepetitla' score=0.947 nombre=False saint_only=False terr=jurisdiccion_exact phase=auto_adopt
2026-07-29 15:14:13 - matching_Tlaxcala_1 - DEBUG -     gz_id=1004098 'san matias' score=0.824 nombre=False saint_only=False terr=jurisdiccion_exact phase=relegated
2026-07-29 15:14:13 - matching_Tlaxcala_1 - DEBUG -     gz_id=1004115 'tepetomatitlan' score=0.824 nombre=False saint_only=False terr=jurisdiccion_exact phase=relegated
2026-07-29 15:14:13 - matching_Tlaxcala_1 - DEBUG -     gz_id=1004040 'acuamanala' score=0.778 nombre=False saint_only=False terr=jurisdiccion_exact phase=relegated
2026-07-29 15:14:13 - matching_Tlaxcala_1 - DEBUG -     gz_id=1004068 'cuajomulco' score=0.778 nombre=False saint_only=False terr=jurisdiccion_exact phase=relegated
2026-07-29 15:14:13 - matching_Tlaxcala_1 - DEBUG -     gz_id=1004136 'jaltocan' score=0.778 nombre=False saint_only=False terr=jurisdiccion_exact phase=relegated
2026-07-29 15:14:13 - matching_Tlaxcala_1 - DEBUG -     gz_id=1004062 'contla' score=0.750 nombre=False saint_only=False terr=jurisdiccion_exact phase=relegated
2026-07-29 15:14:13 - matching_Tlaxcala_1 - DEBUG -     gz_id=1004131 'tlaxco' score=0.750 nombre=False saint_only=False terr=jurisdiccion_exact phase=relegated
2026-07-29 15:14:13 - matching_Tlaxcala_1 - DEBUG -     gz_id=1004064 'cuahuixmatlac' score=0.737 nombre=False saint_only=False terr=jurisdiccion_exact phase=relegated
2026-07-29 15:14:13 - matching_Tlaxcala_1 - DEBUG -     gz_id=1004075 'huiloapan' score=0.737 nombre=False saint_only=False terr=jurisdiccion_exact phase=relegated
2026-07-29 15:14:13 - matching_Tlaxcala_1 - DEBUG -     gz_id=1004082 'matlalohcan' score=0.737 nombre=False saint_only=False terr=jurisdiccion_exact phase=relegated
2026-07-29 15:14:13 - matching_Tlaxcala_1 - DEBUG -     gz_id=1004099 'san mihuel milagro' score=0.737 nombre=False saint_only=False terr=jurisdiccion_exact phase=relegated
2026-07-29 15:14:13 - matching_Tlaxcala_1 - DEBUG -     gz_id=1004100 'san mihuelito' score=0.737 nombre=False saint_only=False terr=jurisdiccion_exact phase=relegated
2026-07-29 15:14:13 - matching_Tlaxcala_1 - DEBUG -     gz_id=1004108 'tenancingo' score=0.737 nombre=False saint_only=False terr=jurisdiccion_exact phase=relegated
2026-07-29 15:14:13 - matching_Tlaxcala_1 - DEBUG -     gz_id=1004109 'tenango' score=0.737 nombre=False saint_only=False terr=jurisdiccion_exact phase=relegated
2026-07-29 15:14:13 - matching_Tlaxcala_1 - DEBUG -     gz_id=1004140 'jochitecatitla' score=0.737 nombre=False saint_only=False terr=jurisdiccion_exact phase=relegated
2026-07-29 15:14:13 - matching_Tlaxcala_1 - DEBUG -     gz_id=1004102 'san cimon' score=0.714 nombre=False saint_only=False terr=jurisdiccion_exact phase=relegated
2026-07-29 15:14:13 - matching_Tlaxcala_1 - DEBUG -     gz_id=1004103 'san cimon' score=0.714 nombre=False saint_only=False terr=jurisdiccion_exact phase=relegated
2026-07-29 15:14:13 - matching_Tlaxcala_1 - INFO -   Before dedup: 20 candidates
2026-07-29 15:14:13 - matching_Tlaxcala_1 - INFO -   After dedup: 20 unique gz_ids
2026-07-29 15:14:13 - matching_Tlaxcala_1 - INFO -   Input has territorial data: True
2026-07-29 15:14:13 - matching_Tlaxcala_1 - INFO -   Candidates with territory match: 20
2026-07-29 15:14:13 - matching_Tlaxcala_1 - INFO -   After territorial filter (keeping jurisdiccion): 20 candidates
2026-07-29 15:14:13 - matching_Tlaxcala_1 - INFO -   Nombre matches (exact on lugar_nombre): 0
2026-07-29 15:14:13 - matching_Tlaxcala_1 - INFO -   Saint-only matches: 0
2026-07-29 15:14:13 - matching_Tlaxcala_1 - INFO -   Substantive matches: 20
2026-07-29 15:14:13 - matching_Tlaxcala_1 - INFO -   Candidate pool (>= threshold): 5
2026-07-29 15:14:13 - matching_Tlaxcala_1 - INFO -   5 candidate(s) -> candidate
2026-07-29 15:14:13 - matching_Tlaxcala_1 - INFO - Processing row 20, rowID=21
2026-07-29 15:14:13 - matching_Tlaxcala_1 - INFO - 
============================================================
2026-07-29 15:14:13 - matching_Tlaxcala_1 - INFO - Processing rowID=21: 'San Tadeo' -> cleaned: 'san tadeo'
2026-07-29 15:14:13 - matching_Tlaxcala_1 - INFO -   Territorial context: jurisdiccion='tlaxcala' -> allowed rows: 110
2026-07-29 15:14:13 - matching_Tlaxcala_1 - INFO -   Token-based candidates: 70
2026-07-29 15:14:13 - matching_Tlaxcala_1 - INFO -   Filtering: need match on substantive tokens: ['tadeo'] OR 2+ total tokens
2026-07-29 15:14:13 - matching_Tlaxcala_1 - INFO -   After filtering weak token matches: 1 candidates
2026-07-29 15:14:13 - matching_Tlaxcala_1 - INFO -   Fuzzy matches (score >= 70, limit=500): 1
2026-07-29 15:14:13 - matching_Tlaxcala_1 - DEBUG -     gz_id=1004075 'huiloapan' score=1.000 nombre=False saint_only=True terr=jurisdiccion_exact phase=candidate
2026-07-29 15:14:13 - matching_Tlaxcala_1 - INFO -   Before dedup: 1 candidates
2026-07-29 15:14:13 - matching_Tlaxcala_1 - INFO -   After dedup: 1 unique gz_ids
2026-07-29 15:14:13 - matching_Tlaxcala_1 - INFO -   Input has territorial data: True
2026-07-29 15:14:13 - matching_Tlaxcala_1 - INFO -   Candidates with territory match: 1
2026-07-29 15:14:13 - matching_Tlaxcala_1 - INFO -   After territorial filter (keeping jurisdiccion): 1 candidates
2026-07-29 15:14:13 - matching_Tlaxcala_1 - INFO -   Nombre matches (exact on lugar_nombre): 0
2026-07-29 15:14:13 - matching_Tlaxcala_1 - INFO -   Saint-only matches: 1
2026-07-29 15:14:13 - matching_Tlaxcala_1 - INFO -   Substantive matches: 0
2026-07-29 15:14:13 - matching_Tlaxcala_1 - INFO -   Candidate pool (>= threshold): 1
2026-07-29 15:14:13 - matching_Tlaxcala_1 - INFO -   1 candidate(s) -> candidate
2026-07-29 15:14:13 - matching_Tlaxcala_1 - INFO - 
============================================================
2026-07-29 15:14:13 - matching_Tlaxcala_1 - INFO - Processing rowID=22: 'San Francisco Temetzontla' -> cleaned: 'san francisco temesontla'
2026-07-29 15:14:13 - matching_Tlaxcala_1 - INFO -   Territorial context: jurisdiccion='tlaxcala' -> allowed rows: 110
2026-07-29 15:14:13 - matching_Tlaxcala_1 - INFO -   Token-based candidates: 70
2026-07-29 15:14:13 - matching_Tlaxcala_1 - INFO -   Filtering: need match on substantive tokens: ['francisco', 'temesontla'] OR 2+ total tokens
2026-07-29 15:14:13 - matching_Tlaxcala_1 - INFO -   After filtering weak token matches: 8 candidates
2026-07-29 15:14:13 - matching_Tlaxcala_1 - INFO -   Fuzzy matches (score >= 70, limit=500): 8
2026-07-29 15:14:13 - matching_Tlaxcala_1 - DEBUG -     gz_id=1004107 'temesontla' score=1.000 nombre=True saint_only=False terr=jurisdiccion_exact phase=auto_adopt
2026-07-29 15:14:13 - matching_Tlaxcala_1 - DEBUG -     gz_id=1004119 'tetlanohcan' score=0.884 nombre=False saint_only=False terr=jurisdiccion_exact phase=candidate
2026-07-29 15:14:13 - matching_Tlaxcala_1 - DEBUG -     gz_id=1004086 'mitepec' score=0.872 nombre=False saint_only=False terr=jurisdiccion_exact phase=candidate
2026-07-29 15:14:13 - matching_Tlaxcala_1 - DEBUG -     gz_id=1004116 'tepeianco' score=0.837 nombre=False saint_only=False terr=jurisdiccion_exact phase=relegated
2026-07-29 15:14:13 - matching_Tlaxcala_1 - DEBUG -     gz_id=1004127 'tlacuilohcan' score=0.829 nombre=False saint_only=False terr=jurisdiccion_exact phase=relegated
2026-07-29 15:14:13 - matching_Tlaxcala_1 - DEBUG -     gz_id=1004093 'papalotla' score=0.789 nombre=False saint_only=False terr=jurisdiccion_exact phase=relegated
2026-07-29 15:14:13 - matching_Tlaxcala_1 - DEBUG -     gz_id=1004048 'atexcacinco' score=0.780 nombre=False saint_only=False terr=jurisdiccion_exact phase=relegated
2026-07-29 15:14:13 - matching_Tlaxcala_1 - DEBUG -     gz_id=1004089 'ocotelulco' score=0.773 nombre=False saint_only=False terr=jurisdiccion_exact phase=relegated
2026-07-29 15:14:13 - matching_Tlaxcala_1 - INFO -   Before dedup: 8 candidates
2026-07-29 15:14:13 - matching_Tlaxcala_1 - INFO -   After dedup: 8 unique gz_ids
2026-07-29 15:14:13 - matching_Tlaxcala_1 - INFO -   Input has territorial data: True
2026-07-29 15:14:13 - matching_Tlaxcala_1 - INFO -   Candidates with territory match: 8
2026-07-29 15:14:13 - matching_Tlaxcala_1 - INFO -   After territorial filter (keeping jurisdiccion): 8 candidates
2026-07-29 15:14:13 - matching_Tlaxcala_1 - INFO -   Nombre matches (exact on lugar_nombre): 1
2026-07-29 15:14:13 - matching_Tlaxcala_1 - INFO -   Saint-only matches: 0
2026-07-29 15:14:13 - matching_Tlaxcala_1 - INFO -   Substantive matches: 8
2026-07-29 15:14:13 - matching_Tlaxcala_1 - INFO -   NOMBRE PRIORITY: Keeping ONLY 1 nombre matches, discarding 7 others
2026-07-29 15:14:13 - matching_Tlaxcala_1 - INFO -      gz_id=1004107: Temetzontla
2026-07-29 15:14:13 - matching_Tlaxcala_1 - INFO -   Candidate pool (>= threshold): 1
2026-07-29 15:14:13 - matching_Tlaxcala_1 - INFO -   Single unambiguous strong hit -> auto_adopt
2026-07-29 15:14:13 - matching_Tlaxcala_1 - INFO - 
============================================================
2026-07-29 15:14:13 - matching_Tlaxcala_1 - INFO - Processing rowID=23: 'Santa Ana Chiautempan' -> cleaned: 'santa ana chiautempan'
2026-07-29 15:14:13 - matching_Tlaxcala_1 - INFO -   Territorial context: jurisdiccion='tlaxcala' -> allowed rows: 110
2026-07-29 15:14:13 - matching_Tlaxcala_1 - INFO -   Token-based candidates: 24
2026-07-29 15:14:13 - matching_Tlaxcala_1 - INFO -   Filtering: need match on substantive tokens: ['ana', 'chiautempan'] OR 2+ total tokens
2026-07-29 15:14:13 - matching_Tlaxcala_1 - INFO -   After filtering weak token matches: 3 candidates
2026-07-29 15:14:13 - matching_Tlaxcala_1 - INFO -   Fuzzy matches (score >= 70, limit=500): 3
2026-07-29 15:14:13 - matching_Tlaxcala_1 - DEBUG -     gz_id=1004060 'chiautempan' score=1.000 nombre=True saint_only=False terr=jurisdiccion_exact phase=auto_adopt
2026-07-29 15:14:13 - matching_Tlaxcala_1 - DEBUG -     gz_id=1004074 'huiloac' score=0.839 nombre=False saint_only=False terr=jurisdiccion_exact phase=relegated
2026-07-29 15:14:13 - matching_Tlaxcala_1 - DEBUG -     gz_id=1004088 'nopalucan' score=0.733 nombre=False saint_only=False terr=jurisdiccion_exact phase=relegated
2026-07-29 15:14:13 - matching_Tlaxcala_1 - INFO -   Before dedup: 3 candidates
2026-07-29 15:14:13 - matching_Tlaxcala_1 - INFO -   After dedup: 3 unique gz_ids
2026-07-29 15:14:13 - matching_Tlaxcala_1 - INFO -   Input has territorial data: True
2026-07-29 15:14:13 - matching_Tlaxcala_1 - INFO -   Candidates with territory match: 3
2026-07-29 15:14:13 - matching_Tlaxcala_1 - INFO -   After territorial filter (keeping jurisdiccion): 3 candidates
2026-07-29 15:14:13 - matching_Tlaxcala_1 - INFO -   Nombre matches (exact on lugar_nombre): 1
2026-07-29 15:14:13 - matching_Tlaxcala_1 - INFO -   Saint-only matches: 0
2026-07-29 15:14:13 - matching_Tlaxcala_1 - INFO -   Substantive matches: 3
2026-07-29 15:14:13 - matching_Tlaxcala_1 - INFO -   NOMBRE PRIORITY: Keeping ONLY 1 nombre matches, discarding 2 others
2026-07-29 15:14:13 - matching_Tlaxcala_1 - INFO -      gz_id=1004060: Chiautempan
2026-07-29 15:14:13 - matching_Tlaxcala_1 - INFO -   Candidate pool (>= threshold): 1
2026-07-29 15:14:13 - matching_Tlaxcala_1 - INFO -   Single unambiguous strong hit -> auto_adopt
2026-07-29 15:14:13 - matching_Tlaxcala_1 - INFO - 
============================================================
2026-07-29 15:14:13 - matching_Tlaxcala_1 - INFO - Processing rowID=24: 'Santa María Magdalena' -> cleaned: 'santa maria magdalena'
2026-07-29 15:14:13 - matching_Tlaxcala_1 - INFO -   Territorial context: jurisdiccion='tlaxcala' -> allowed rows: 110
2026-07-29 15:14:13 - matching_Tlaxcala_1 - INFO -   Token-based candidates: 26
2026-07-29 15:14:13 - matching_Tlaxcala_1 - INFO -   Filtering: need match on substantive tokens: ['magdalena'] OR 2+ total tokens
2026-07-29 15:14:13 - matching_Tlaxcala_1 - INFO -   After filtering weak token matches: 13 candidates
2026-07-29 15:14:13 - matching_Tlaxcala_1 - INFO -   Fuzzy matches (score >= 70, limit=500): 13
2026-07-29 15:14:13 - matching_Tlaxcala_1 - DEBUG -     gz_id=1004080 'magdalena' score=1.000 nombre=False saint_only=True terr=jurisdiccion_exact phase=candidate
2026-07-29 15:14:13 - matching_Tlaxcala_1 - DEBUG -     gz_id=1004148 'sumpango' score=0.857 nombre=False saint_only=True terr=jurisdiccion_exact phase=candidate
2026-07-29 15:14:13 - matching_Tlaxcala_1 - DEBUG -     gz_id=1004104 'santa maria espana' score=0.812 nombre=False saint_only=True terr=jurisdiccion_exact phase=relegated
2026-07-29 15:14:13 - matching_Tlaxcala_1 - DEBUG -     gz_id=1004043 'acjotla' score=0.800 nombre=False saint_only=False terr=jurisdiccion_exact phase=relegated
2026-07-29 15:14:13 - matching_Tlaxcala_1 - DEBUG -     gz_id=1004051 'atlihuecian' score=0.800 nombre=False saint_only=True terr=jurisdiccion_exact phase=relegated
2026-07-29 15:14:13 - matching_Tlaxcala_1 - DEBUG -     gz_id=1004057 'belen' score=0.800 nombre=False saint_only=True terr=jurisdiccion_exact phase=relegated
2026-07-29 15:14:13 - matching_Tlaxcala_1 - DEBUG -     gz_id=1004076 'ixcotla' score=0.800 nombre=False saint_only=True terr=jurisdiccion_exact phase=relegated
2026-07-29 15:14:13 - matching_Tlaxcala_1 - DEBUG -     gz_id=1004079 'ixtulco' score=0.800 nombre=False saint_only=True terr=jurisdiccion_exact phase=relegated
2026-07-29 15:14:13 - matching_Tlaxcala_1 - DEBUG -     gz_id=1004087 'natibitas' score=0.800 nombre=False saint_only=True terr=jurisdiccion_exact phase=relegated
2026-07-29 15:14:13 - matching_Tlaxcala_1 - DEBUG -     gz_id=1004122 'texcalac' score=0.800 nombre=False saint_only=True terr=jurisdiccion_exact phase=relegated
2026-07-29 15:14:13 - matching_Tlaxcala_1 - DEBUG -     gz_id=1004129 'tlaltelulco' score=0.800 nombre=False saint_only=True terr=jurisdiccion_exact phase=relegated
2026-07-29 15:14:13 - matching_Tlaxcala_1 - DEBUG -     gz_id=1004132 'tocatlan' score=0.800 nombre=False saint_only=True terr=jurisdiccion_exact phase=relegated
2026-07-29 15:14:13 - matching_Tlaxcala_1 - DEBUG -     gz_id=1004053 'ajotla' score=0.769 nombre=False saint_only=True terr=jurisdiccion_exact phase=relegated
2026-07-29 15:14:13 - matching_Tlaxcala_1 - INFO -   Before dedup: 13 candidates
2026-07-29 15:14:13 - matching_Tlaxcala_1 - INFO -   After dedup: 13 unique gz_ids
2026-07-29 15:14:13 - matching_Tlaxcala_1 - INFO -   Input has territorial data: True
2026-07-29 15:14:13 - matching_Tlaxcala_1 - INFO -   Candidates with territory match: 13
2026-07-29 15:14:13 - matching_Tlaxcala_1 - INFO -   After territorial filter (keeping jurisdiccion): 13 candidates
2026-07-29 15:14:13 - matching_Tlaxcala_1 - INFO -   Nombre matches (exact on lugar_nombre): 0
2026-07-29 15:14:13 - matching_Tlaxcala_1 - INFO -   Saint-only matches: 12
2026-07-29 15:14:13 - matching_Tlaxcala_1 - INFO -   Substantive matches: 1
2026-07-29 15:14:13 - matching_Tlaxcala_1 - INFO -   Discarding 12 saint-only matches, keeping 1 substantive matches
2026-07-29 15:14:13 - matching_Tlaxcala_1 - INFO -   Candidate pool (>= threshold): 1
2026-07-29 15:14:13 - matching_Tlaxcala_1 - INFO -   1 candidate(s) -> candidate
2026-07-29 15:14:13 - matching_Tlaxcala_1 - INFO - 
============================================================
2026-07-29 15:14:13 - matching_Tlaxcala_1 - INFO - Processing rowID=25: 'San Francisco Tetlanoca' -> cleaned: 'san francisco tetlanoca'
2026-07-29 15:14:13 - matching_Tlaxcala_1 - INFO -   Territorial context: jurisdiccion='tlaxcala' -> allowed rows: 110
2026-07-29 15:14:13 - matching_Tlaxcala_1 - INFO -   Token-based candidates: 70
2026-07-29 15:14:13 - matching_Tlaxcala_1 - INFO -   Filtering: need match on substantive tokens: ['francisco', 'tetlanoca'] OR 2+ total tokens
2026-07-29 15:14:13 - matching_Tlaxcala_1 - INFO -   After filtering weak token matches: 8 candidates
2026-07-29 15:14:13 - matching_Tlaxcala_1 - INFO -   Fuzzy matches (score >= 70, limit=500): 8
2026-07-29 15:14:13 - matching_Tlaxcala_1 - DEBUG -     gz_id=1004119 'tetlanohcan' score=0.957 nombre=False saint_only=False terr=jurisdiccion_exact phase=auto_adopt
2026-07-29 15:14:13 - matching_Tlaxcala_1 - DEBUG -     gz_id=1004127 'tlacuilohcan' score=0.878 nombre=False saint_only=False terr=jurisdiccion_exact phase=candidate
2026-07-29 15:14:13 - matching_Tlaxcala_1 - DEBUG -     gz_id=1004086 'mitepec' score=0.865 nombre=False saint_only=False terr=jurisdiccion_exact phase=candidate
2026-07-29 15:14:13 - matching_Tlaxcala_1 - DEBUG -     gz_id=1004116 'tepeianco' score=0.844 nombre=False saint_only=False terr=jurisdiccion_exact phase=relegated
2026-07-29 15:14:13 - matching_Tlaxcala_1 - DEBUG -     gz_id=1004048 'atexcacinco' score=0.837 nombre=False saint_only=False terr=jurisdiccion_exact phase=relegated
2026-07-29 15:14:13 - matching_Tlaxcala_1 - DEBUG -     gz_id=1004089 'ocotelulco' score=0.821 nombre=False saint_only=False terr=jurisdiccion_exact phase=relegated
2026-07-29 15:14:13 - matching_Tlaxcala_1 - DEBUG -     gz_id=1004107 'temesontla' score=0.821 nombre=False saint_only=False terr=jurisdiccion_exact phase=relegated
2026-07-29 15:14:13 - matching_Tlaxcala_1 - DEBUG -     gz_id=1004093 'papalotla' score=0.780 nombre=False saint_only=False terr=jurisdiccion_exact phase=relegated
2026-07-29 15:14:13 - matching_Tlaxcala_1 - INFO -   Before dedup: 8 candidates
2026-07-29 15:14:13 - matching_Tlaxcala_1 - INFO -   After dedup: 8 unique gz_ids
2026-07-29 15:14:13 - matching_Tlaxcala_1 - INFO -   Input has territorial data: True
2026-07-29 15:14:13 - matching_Tlaxcala_1 - INFO -   Candidates with territory match: 8
2026-07-29 15:14:13 - matching_Tlaxcala_1 - INFO -   After territorial filter (keeping jurisdiccion): 8 candidates
2026-07-29 15:14:13 - matching_Tlaxcala_1 - INFO -   Nombre matches (exact on lugar_nombre): 0
2026-07-29 15:14:13 - matching_Tlaxcala_1 - INFO -   Saint-only matches: 0
2026-07-29 15:14:13 - matching_Tlaxcala_1 - INFO -   Substantive matches: 8
2026-07-29 15:14:13 - matching_Tlaxcala_1 - INFO -   Candidate pool (>= threshold): 7
2026-07-29 15:14:13 - matching_Tlaxcala_1 - INFO -   7 candidate(s) -> candidate
2026-07-29 15:14:13 - matching_Tlaxcala_1 - INFO - 
============================================================
2026-07-29 15:14:13 - matching_Tlaxcala_1 - INFO - Processing rowID=26: 'San Pedro Tlalcoapan' -> cleaned: 'san pedro tlalcoapan'
2026-07-29 15:14:13 - matching_Tlaxcala_1 - INFO -   Territorial context: jurisdiccion='tlaxcala' -> allowed rows: 110
2026-07-29 15:14:13 - matching_Tlaxcala_1 - INFO -   Token-based candidates: 70
2026-07-29 15:14:13 - matching_Tlaxcala_1 - INFO -   Filtering: need match on substantive tokens: ['tlalcoapan', 'pedro'] OR 2+ total tokens
2026-07-29 15:14:13 - matching_Tlaxcala_1 - INFO -   After filtering weak token matches: 1 candidates
2026-07-29 15:14:13 - matching_Tlaxcala_1 - INFO -   Fuzzy matches (score >= 70, limit=500): 1
2026-07-29 15:14:13 - matching_Tlaxcala_1 - DEBUG -     gz_id=1004128 'tlalcuapan' score=0.950 nombre=False saint_only=False terr=jurisdiccion_exact phase=auto_adopt
2026-07-29 15:14:13 - matching_Tlaxcala_1 - INFO -   Before dedup: 1 candidates
2026-07-29 15:14:13 - matching_Tlaxcala_1 - INFO -   After dedup: 1 unique gz_ids
2026-07-29 15:14:13 - matching_Tlaxcala_1 - INFO -   Input has territorial data: True
2026-07-29 15:14:13 - matching_Tlaxcala_1 - INFO -   Candidates with territory match: 1
2026-07-29 15:14:13 - matching_Tlaxcala_1 - INFO -   After territorial filter (keeping jurisdiccion): 1 candidates
2026-07-29 15:14:13 - matching_Tlaxcala_1 - INFO -   Nombre matches (exact on lugar_nombre): 0
2026-07-29 15:14:13 - matching_Tlaxcala_1 - INFO -   Saint-only matches: 0
2026-07-29 15:14:13 - matching_Tlaxcala_1 - INFO -   Substantive matches: 1
2026-07-29 15:14:13 - matching_Tlaxcala_1 - INFO -   Candidate pool (>= threshold): 1
2026-07-29 15:14:13 - matching_Tlaxcala_1 - INFO -   Single unambiguous strong hit -> auto_adopt
2026-07-29 15:14:13 - matching_Tlaxcala_1 - INFO - 
============================================================
2026-07-29 15:14:13 - matching_Tlaxcala_1 - INFO - Processing rowID=27: 'San Bartolomé' -> cleaned: 'san bartolome'
2026-07-29 15:14:13 - matching_Tlaxcala_1 - INFO -   Territorial context: jurisdiccion='tlaxcala' -> allowed rows: 110
2026-07-29 15:14:13 - matching_Tlaxcala_1 - INFO -   Token-based candidates: 70
2026-07-29 15:14:13 - matching_Tlaxcala_1 - INFO -   Filtering: need match on substantive tokens: ['bartolome'] OR 2+ total tokens
2026-07-29 15:14:13 - matching_Tlaxcala_1 - INFO -   After filtering weak token matches: 3 candidates
2026-07-29 15:14:13 - matching_Tlaxcala_1 - INFO -   Fuzzy matches (score >= 70, limit=500): 3
2026-07-29 15:14:13 - matching_Tlaxcala_1 - DEBUG -     gz_id=1004064 'cuahuixmatlac' score=1.000 nombre=False saint_only=True terr=jurisdiccion_exact phase=candidate
2026-07-29 15:14:13 - matching_Tlaxcala_1 - DEBUG -     gz_id=1004082 'matlalohcan' score=1.000 nombre=False saint_only=True terr=jurisdiccion_exact phase=candidate
2026-07-29 15:14:13 - matching_Tlaxcala_1 - DEBUG -     gz_id=1004109 'tenango' score=1.000 nombre=False saint_only=True terr=jurisdiccion_exact phase=candidate
2026-07-29 15:14:13 - matching_Tlaxcala_1 - INFO -   Before dedup: 3 candidates
2026-07-29 15:14:13 - matching_Tlaxcala_1 - INFO -   After dedup: 3 unique gz_ids
2026-07-29 15:14:13 - matching_Tlaxcala_1 - INFO -   Input has territorial data: True
2026-07-29 15:14:13 - matching_Tlaxcala_1 - INFO -   Candidates with territory match: 3
2026-07-29 15:14:13 - matching_Tlaxcala_1 - INFO -   After territorial filter (keeping jurisdiccion): 3 candidates
2026-07-29 15:14:13 - matching_Tlaxcala_1 - INFO -   Nombre matches (exact on lugar_nombre): 0
2026-07-29 15:14:13 - matching_Tlaxcala_1 - INFO -   Saint-only matches: 3
2026-07-29 15:14:13 - matching_Tlaxcala_1 - INFO -   Substantive matches: 0
2026-07-29 15:14:13 - matching_Tlaxcala_1 - INFO -   Candidate pool (>= threshold): 3
2026-07-29 15:14:13 - matching_Tlaxcala_1 - INFO -   3 candidate(s) -> candidate
2026-07-29 15:14:13 - matching_Tlaxcala_1 - INFO - 
============================================================
2026-07-29 15:14:13 - matching_Tlaxcala_1 - INFO - Processing rowID=28: 'San Pablo Apetlatitlan' -> cleaned: 'san pablo apetlatitlan'
2026-07-29 15:14:13 - matching_Tlaxcala_1 - INFO -   Territorial context: jurisdiccion='tlaxcala' -> allowed rows: 110
2026-07-29 15:14:13 - matching_Tlaxcala_1 - INFO -   Token-based candidates: 70
2026-07-29 15:14:13 - matching_Tlaxcala_1 - INFO -   Filtering: need match on substantive tokens: ['pablo', 'apetlatitlan'] OR 2+ total tokens
2026-07-29 15:14:13 - matching_Tlaxcala_1 - INFO -   After filtering weak token matches: 3 candidates
2026-07-29 15:14:13 - matching_Tlaxcala_1 - INFO -   Fuzzy matches (score >= 70, limit=500): 3
2026-07-29 15:14:13 - matching_Tlaxcala_1 - DEBUG -     gz_id=1004046 'apetatitlan' score=0.957 nombre=False saint_only=False terr=jurisdiccion_exact phase=auto_adopt
2026-07-29 15:14:13 - matching_Tlaxcala_1 - DEBUG -     gz_id=1004101 'san pablo monte' score=0.800 nombre=False saint_only=False terr=jurisdiccion_exact phase=relegated
2026-07-29 15:14:13 - matching_Tlaxcala_1 - DEBUG -     gz_id=1004147 'citlaltepec' score=0.800 nombre=False saint_only=False terr=jurisdiccion_exact phase=relegated
2026-07-29 15:14:13 - matching_Tlaxcala_1 - INFO -   Before dedup: 3 candidates
2026-07-29 15:14:13 - matching_Tlaxcala_1 - INFO -   After dedup: 3 unique gz_ids
2026-07-29 15:14:13 - matching_Tlaxcala_1 - INFO -   Input has territorial data: True
2026-07-29 15:14:13 - matching_Tlaxcala_1 - INFO -   Candidates with territory match: 3
2026-07-29 15:14:13 - matching_Tlaxcala_1 - INFO -   After territorial filter (keeping jurisdiccion): 3 candidates
2026-07-29 15:14:13 - matching_Tlaxcala_1 - INFO -   Nombre matches (exact on lugar_nombre): 0
2026-07-29 15:14:13 - matching_Tlaxcala_1 - INFO -   Saint-only matches: 0
2026-07-29 15:14:13 - matching_Tlaxcala_1 - INFO -   Substantive matches: 3
2026-07-29 15:14:13 - matching_Tlaxcala_1 - INFO -   Candidate pool (>= threshold): 3
2026-07-29 15:14:13 - matching_Tlaxcala_1 - INFO -   3 candidate(s) -> candidate
2026-07-29 15:14:13 - matching_Tlaxcala_1 - INFO - 
============================================================
2026-07-29 15:14:13 - matching_Tlaxcala_1 - INFO - Processing rowID=29: 'San Bernardino' -> cleaned: 'san bernardino'
2026-07-29 15:14:13 - matching_Tlaxcala_1 - INFO -   Territorial context: jurisdiccion='tlaxcala' -> allowed rows: 110
2026-07-29 15:14:13 - matching_Tlaxcala_1 - INFO -   Token-based candidates: 70
2026-07-29 15:14:13 - matching_Tlaxcala_1 - INFO -   Filtering: need match on substantive tokens: ['bernardino'] OR 2+ total tokens
2026-07-29 15:14:13 - matching_Tlaxcala_1 - INFO -   After filtering weak token matches: 1 candidates
2026-07-29 15:14:13 - matching_Tlaxcala_1 - INFO -   Fuzzy matches (score >= 70, limit=500): 1
2026-07-29 15:14:13 - matching_Tlaxcala_1 - DEBUG -     gz_id=1004063 'contla' score=1.000 nombre=False saint_only=True terr=jurisdiccion_exact phase=candidate
2026-07-29 15:14:13 - matching_Tlaxcala_1 - INFO -   Before dedup: 1 candidates
2026-07-29 15:14:13 - matching_Tlaxcala_1 - INFO -   After dedup: 1 unique gz_ids
2026-07-29 15:14:13 - matching_Tlaxcala_1 - INFO -   Input has territorial data: True
2026-07-29 15:14:13 - matching_Tlaxcala_1 - INFO -   Candidates with territory match: 1
2026-07-29 15:14:13 - matching_Tlaxcala_1 - INFO -   After territorial filter (keeping jurisdiccion): 1 candidates
2026-07-29 15:14:13 - matching_Tlaxcala_1 - INFO -   Nombre matches (exact on lugar_nombre): 0
2026-07-29 15:14:13 - matching_Tlaxcala_1 - INFO -   Saint-only matches: 1
2026-07-29 15:14:13 - matching_Tlaxcala_1 - INFO -   Substantive matches: 0
2026-07-29 15:14:13 - matching_Tlaxcala_1 - INFO -   Candidate pool (>= threshold): 1
2026-07-29 15:14:13 - matching_Tlaxcala_1 - INFO -   1 candidate(s) -> candidate
2026-07-29 15:14:13 - matching_Tlaxcala_1 - INFO - 
============================================================
2026-07-29 15:14:13 - matching_Tlaxcala_1 - INFO - Processing rowID=30: 'Santa Cruz' -> cleaned: 'santa crus'
2026-07-29 15:14:13 - matching_Tlaxcala_1 - INFO -   Territorial context: jurisdiccion='tlaxcala' -> allowed rows: 110
2026-07-29 15:14:13 - matching_Tlaxcala_1 - INFO -   Token-based candidates: 24
2026-07-29 15:14:13 - matching_Tlaxcala_1 - INFO -   Filtering: need match on substantive tokens: ['crus'] OR 2+ total tokens
2026-07-29 15:14:13 - matching_Tlaxcala_1 - INFO -   After filtering weak token matches: 1 candidates
2026-07-29 15:14:13 - matching_Tlaxcala_1 - INFO -   Fuzzy matches (score >= 70, limit=500): 1
2026-07-29 15:14:13 - matching_Tlaxcala_1 - DEBUG -     gz_id=1004130 'santa crus tlaxcala' score=1.000 nombre=False saint_only=True terr=jurisdiccion_exact phase=candidate
2026-07-29 15:14:13 - matching_Tlaxcala_1 - INFO -   Before dedup: 1 candidates
2026-07-29 15:14:13 - matching_Tlaxcala_1 - INFO -   After dedup: 1 unique gz_ids
2026-07-29 15:14:13 - matching_Tlaxcala_1 - INFO -   Input has territorial data: True
2026-07-29 15:14:13 - matching_Tlaxcala_1 - INFO -   Candidates with territory match: 1
2026-07-29 15:14:13 - matching_Tlaxcala_1 - INFO -   After territorial filter (keeping jurisdiccion): 1 candidates
2026-07-29 15:14:13 - matching_Tlaxcala_1 - INFO -   Nombre matches (exact on lugar_nombre): 0
2026-07-29 15:14:13 - matching_Tlaxcala_1 - INFO -   Saint-only matches: 1
2026-07-29 15:14:13 - matching_Tlaxcala_1 - INFO -   Substantive matches: 0
2026-07-29 15:14:13 - matching_Tlaxcala_1 - INFO -   Candidate pool (>= threshold): 1
2026-07-29 15:14:13 - matching_Tlaxcala_1 - INFO -   1 candidate(s) -> candidate
2026-07-29 15:14:13 - matching_Tlaxcala_1 - INFO - Processing row 30, rowID=31
2026-07-29 15:14:13 - matching_Tlaxcala_1 - INFO - 
============================================================
2026-07-29 15:14:13 - matching_Tlaxcala_1 - INFO - Processing rowID=31: 'San Bernabé' -> cleaned: 'san bernabe'
2026-07-29 15:14:13 - matching_Tlaxcala_1 - INFO -   Territorial context: jurisdiccion='tlaxcala' -> allowed rows: 110
2026-07-29 15:14:13 - matching_Tlaxcala_1 - INFO -   Token-based candidates: 70
2026-07-29 15:14:13 - matching_Tlaxcala_1 - INFO -   Filtering: need match on substantive tokens: ['bernabe'] OR 2+ total tokens
2026-07-29 15:14:14 - matching_Tlaxcala_1 - INFO -   After filtering weak token matches: 1 candidates
2026-07-29 15:14:14 - matching_Tlaxcala_1 - INFO -   Fuzzy matches (score >= 70, limit=500): 1
2026-07-29 15:14:14 - matching_Tlaxcala_1 - DEBUG -     gz_id=1004045 'amajac' score=1.000 nombre=False saint_only=True terr=jurisdiccion_exact phase=candidate
2026-07-29 15:14:14 - matching_Tlaxcala_1 - INFO -   Before dedup: 1 candidates
2026-07-29 15:14:14 - matching_Tlaxcala_1 - INFO -   After dedup: 1 unique gz_ids
2026-07-29 15:14:14 - matching_Tlaxcala_1 - INFO -   Input has territorial data: True
2026-07-29 15:14:14 - matching_Tlaxcala_1 - INFO -   Candidates with territory match: 1
2026-07-29 15:14:14 - matching_Tlaxcala_1 - INFO -   After territorial filter (keeping jurisdiccion): 1 candidates
2026-07-29 15:14:14 - matching_Tlaxcala_1 - INFO -   Nombre matches (exact on lugar_nombre): 0
2026-07-29 15:14:14 - matching_Tlaxcala_1 - INFO -   Saint-only matches: 1
2026-07-29 15:14:14 - matching_Tlaxcala_1 - INFO -   Substantive matches: 0
2026-07-29 15:14:14 - matching_Tlaxcala_1 - INFO -   Candidate pool (>= threshold): 1
2026-07-29 15:14:14 - matching_Tlaxcala_1 - INFO -   1 candidate(s) -> candidate
2026-07-29 15:14:14 - matching_Tlaxcala_1 - INFO - 
============================================================
2026-07-29 15:14:14 - matching_Tlaxcala_1 - INFO - Processing rowID=32: 'San Miguel' -> cleaned: 'san mihuel'
2026-07-29 15:14:14 - matching_Tlaxcala_1 - INFO -   Territorial context: jurisdiccion='tlaxcala' -> allowed rows: 110
2026-07-29 15:14:14 - matching_Tlaxcala_1 - INFO -   Token-based candidates: 70
2026-07-29 15:14:14 - matching_Tlaxcala_1 - INFO -   Filtering: need match on substantive tokens: ['mihuel'] OR 2+ total tokens
2026-07-29 15:14:14 - matching_Tlaxcala_1 - INFO -   After filtering weak token matches: 4 candidates
2026-07-29 15:14:14 - matching_Tlaxcala_1 - INFO -   Fuzzy matches (score >= 70, limit=500): 4
2026-07-29 15:14:14 - matching_Tlaxcala_1 - DEBUG -     gz_id=1004099 'san mihuel milagro' score=1.000 nombre=False saint_only=True terr=jurisdiccion_exact phase=candidate
2026-07-29 15:14:14 - matching_Tlaxcala_1 - DEBUG -     gz_id=1004100 'san mihuelito' score=1.000 nombre=False saint_only=True terr=jurisdiccion_exact phase=candidate
2026-07-29 15:14:14 - matching_Tlaxcala_1 - DEBUG -     gz_id=1004108 'tenancingo' score=1.000 nombre=False saint_only=True terr=jurisdiccion_exact phase=candidate
2026-07-29 15:14:14 - matching_Tlaxcala_1 - DEBUG -     gz_id=1004140 'jochitecatitla' score=1.000 nombre=False saint_only=True terr=jurisdiccion_exact phase=candidate
2026-07-29 15:14:14 - matching_Tlaxcala_1 - INFO -   Before dedup: 4 candidates
2026-07-29 15:14:14 - matching_Tlaxcala_1 - INFO -   After dedup: 4 unique gz_ids
2026-07-29 15:14:14 - matching_Tlaxcala_1 - INFO -   Input has territorial data: True
2026-07-29 15:14:14 - matching_Tlaxcala_1 - INFO -   Candidates with territory match: 4
2026-07-29 15:14:14 - matching_Tlaxcala_1 - INFO -   After territorial filter (keeping jurisdiccion): 4 candidates
2026-07-29 15:14:14 - matching_Tlaxcala_1 - INFO -   Nombre matches (exact on lugar_nombre): 0
2026-07-29 15:14:14 - matching_Tlaxcala_1 - INFO -   Saint-only matches: 4
2026-07-29 15:14:14 - matching_Tlaxcala_1 - INFO -   Substantive matches: 0
2026-07-29 15:14:14 - matching_Tlaxcala_1 - INFO -   Candidate pool (>= threshold): 4
2026-07-29 15:14:14 - matching_Tlaxcala_1 - INFO -   4 candidate(s) -> candidate
2026-07-29 15:14:14 - matching_Tlaxcala_1 - INFO - 
============================================================
2026-07-29 15:14:14 - matching_Tlaxcala_1 - INFO - Processing rowID=33: 'San Lucas' -> cleaned: 'san lucas'
2026-07-29 15:14:14 - matching_Tlaxcala_1 - INFO -   Territorial context: jurisdiccion='tlaxcala' -> allowed rows: 110
2026-07-29 15:14:14 - matching_Tlaxcala_1 - INFO -   Token-based candidates: 70
2026-07-29 15:14:14 - matching_Tlaxcala_1 - INFO -   Filtering: need match on substantive tokens: ['lucas'] OR 2+ total tokens
2026-07-29 15:14:14 - matching_Tlaxcala_1 - INFO -   After filtering weak token matches: 3 candidates
2026-07-29 15:14:14 - matching_Tlaxcala_1 - INFO -   Fuzzy matches (score >= 70, limit=500): 3
2026-07-29 15:14:14 - matching_Tlaxcala_1 - DEBUG -     gz_id=1004067 'cuautelolpan' score=1.000 nombre=False saint_only=True terr=jurisdiccion_exact phase=candidate
2026-07-29 15:14:14 - matching_Tlaxcala_1 - DEBUG -     gz_id=1004097 'san lucas' score=1.000 nombre=True saint_only=False terr=jurisdiccion_exact phase=auto_adopt
2026-07-29 15:14:14 - matching_Tlaxcala_1 - DEBUG -     gz_id=1004105 'tecocalpan' score=1.000 nombre=False saint_only=True terr=jurisdiccion_exact phase=candidate
2026-07-29 15:14:14 - matching_Tlaxcala_1 - INFO -   Before dedup: 3 candidates
2026-07-29 15:14:14 - matching_Tlaxcala_1 - INFO -   After dedup: 3 unique gz_ids
2026-07-29 15:14:14 - matching_Tlaxcala_1 - INFO -   Input has territorial data: True
2026-07-29 15:14:14 - matching_Tlaxcala_1 - INFO -   Candidates with territory match: 3
2026-07-29 15:14:14 - matching_Tlaxcala_1 - INFO -   After territorial filter (keeping jurisdiccion): 3 candidates
2026-07-29 15:14:14 - matching_Tlaxcala_1 - INFO -   Nombre matches (exact on lugar_nombre): 1
2026-07-29 15:14:14 - matching_Tlaxcala_1 - INFO -   Saint-only matches: 2
2026-07-29 15:14:14 - matching_Tlaxcala_1 - INFO -   Substantive matches: 1
2026-07-29 15:14:14 - matching_Tlaxcala_1 - INFO -   NOMBRE PRIORITY: Keeping ONLY 1 nombre matches, discarding 0 others
2026-07-29 15:14:14 - matching_Tlaxcala_1 - INFO -      gz_id=1004097: San Lucas
2026-07-29 15:14:14 - matching_Tlaxcala_1 - INFO -   Candidate pool (>= threshold): 1
2026-07-29 15:14:14 - matching_Tlaxcala_1 - INFO -   Single unambiguous strong hit -> auto_adopt
2026-07-29 15:14:14 - matching_Tlaxcala_1 - INFO - 
============================================================
2026-07-29 15:14:14 - matching_Tlaxcala_1 - INFO - Processing rowID=34: 'Belén' -> cleaned: 'belen'
2026-07-29 15:14:14 - matching_Tlaxcala_1 - INFO -   Territorial context: jurisdiccion='tlaxcala' -> allowed rows: 110
2026-07-29 15:14:14 - matching_Tlaxcala_1 - INFO -   Token-based candidates: 2
2026-07-29 15:14:14 - matching_Tlaxcala_1 - INFO -   Fuzzy matches (score >= 70, limit=500): 2
2026-07-29 15:14:14 - matching_Tlaxcala_1 - DEBUG -     gz_id=1004057 'belen' score=1.000 nombre=False saint_only=False terr=jurisdiccion_exact phase=candidate
2026-07-29 15:14:14 - matching_Tlaxcala_1 - DEBUG -     gz_id=1004085 'michacatitlan' score=0.800 nombre=False saint_only=False terr=jurisdiccion_exact phase=relegated
2026-07-29 15:14:14 - matching_Tlaxcala_1 - INFO -   Before dedup: 2 candidates
2026-07-29 15:14:14 - matching_Tlaxcala_1 - INFO -   After dedup: 2 unique gz_ids
2026-07-29 15:14:14 - matching_Tlaxcala_1 - INFO -   Input has territorial data: True
2026-07-29 15:14:14 - matching_Tlaxcala_1 - INFO -   Candidates with territory match: 2
2026-07-29 15:14:14 - matching_Tlaxcala_1 - INFO -   After territorial filter (keeping jurisdiccion): 2 candidates
2026-07-29 15:14:14 - matching_Tlaxcala_1 - INFO -   Nombre matches (exact on lugar_nombre): 0
2026-07-29 15:14:14 - matching_Tlaxcala_1 - INFO -   Saint-only matches: 0
2026-07-29 15:14:14 - matching_Tlaxcala_1 - INFO -   Substantive matches: 2
2026-07-29 15:14:14 - matching_Tlaxcala_1 - INFO -   Candidate pool (>= threshold): 2
2026-07-29 15:14:14 - matching_Tlaxcala_1 - INFO -   2 candidate(s) -> candidate
2026-07-29 15:14:14 - matching_Tlaxcala_1 - INFO - 
============================================================
2026-07-29 15:14:14 - matching_Tlaxcala_1 - INFO - Processing rowID=35: 'San Matías' -> cleaned: 'san matias'
2026-07-29 15:14:14 - matching_Tlaxcala_1 - INFO -   Territorial context: jurisdiccion='tlaxcala' -> allowed rows: 110
2026-07-29 15:14:14 - matching_Tlaxcala_1 - INFO -   Token-based candidates: 70
2026-07-29 15:14:14 - matching_Tlaxcala_1 - INFO -   Filtering: need match on substantive tokens: ['matias'] OR 2+ total tokens
2026-07-29 15:14:14 - matching_Tlaxcala_1 - INFO -   After filtering weak token matches: 2 candidates
2026-07-29 15:14:14 - matching_Tlaxcala_1 - INFO -   Fuzzy matches (score >= 70, limit=500): 2
2026-07-29 15:14:14 - matching_Tlaxcala_1 - DEBUG -     gz_id=1004098 'san matias' score=1.000 nombre=True saint_only=False terr=jurisdiccion_exact phase=auto_adopt
2026-07-29 15:14:14 - matching_Tlaxcala_1 - DEBUG -     gz_id=1004115 'tepetomatitlan' score=1.000 nombre=False saint_only=True terr=jurisdiccion_exact phase=candidate
2026-07-29 15:14:14 - matching_Tlaxcala_1 - INFO -   Before dedup: 2 candidates
2026-07-29 15:14:14 - matching_Tlaxcala_1 - INFO -   After dedup: 2 unique gz_ids
2026-07-29 15:14:14 - matching_Tlaxcala_1 - INFO -   Input has territorial data: True
2026-07-29 15:14:14 - matching_Tlaxcala_1 - INFO -   Candidates with territory match: 2
2026-07-29 15:14:14 - matching_Tlaxcala_1 - INFO -   After territorial filter (keeping jurisdiccion): 2 candidates
2026-07-29 15:14:14 - matching_Tlaxcala_1 - INFO -   Nombre matches (exact on lugar_nombre): 1
2026-07-29 15:14:14 - matching_Tlaxcala_1 - INFO -   Saint-only matches: 1
2026-07-29 15:14:14 - matching_Tlaxcala_1 - INFO -   Substantive matches: 1
2026-07-29 15:14:14 - matching_Tlaxcala_1 - INFO -   NOMBRE PRIORITY: Keeping ONLY 1 nombre matches, discarding 0 others
2026-07-29 15:14:14 - matching_Tlaxcala_1 - INFO -      gz_id=1004098: San Matias
2026-07-29 15:14:14 - matching_Tlaxcala_1 - INFO -   Candidate pool (>= threshold): 1
2026-07-29 15:14:14 - matching_Tlaxcala_1 - INFO -   Single unambiguous strong hit -> auto_adopt
2026-07-29 15:14:14 - matching_Tlaxcala_1 - INFO - 
============================================================
2026-07-29 15:14:14 - matching_Tlaxcala_1 - INFO - Processing rowID=36: 'San Damián' -> cleaned: 'san damian'
2026-07-29 15:14:14 - matching_Tlaxcala_1 - INFO -   Territorial context: jurisdiccion='tlaxcala' -> allowed rows: 110
2026-07-29 15:14:14 - matching_Tlaxcala_1 - INFO -   Token-based candidates: 70
2026-07-29 15:14:14 - matching_Tlaxcala_1 - INFO -   Filtering: need match on substantive tokens: ['damian'] OR 2+ total tokens
2026-07-29 15:14:14 - matching_Tlaxcala_1 - INFO -   After filtering weak token matches: 2 candidates
2026-07-29 15:14:14 - matching_Tlaxcala_1 - INFO -   Fuzzy matches (score >= 70, limit=500): 2
2026-07-29 15:14:14 - matching_Tlaxcala_1 - DEBUG -     gz_id=1004123 'tejoloc' score=1.000 nombre=False saint_only=True terr=jurisdiccion_exact phase=candidate
2026-07-29 15:14:14 - matching_Tlaxcala_1 - DEBUG -     gz_id=1004125 'tlacocalpan' score=1.000 nombre=False saint_only=True terr=jurisdiccion_exact phase=candidate
2026-07-29 15:14:14 - matching_Tlaxcala_1 - INFO -   Before dedup: 2 candidates
2026-07-29 15:14:14 - matching_Tlaxcala_1 - INFO -   After dedup: 2 unique gz_ids
2026-07-29 15:14:14 - matching_Tlaxcala_1 - INFO -   Input has territorial data: True
2026-07-29 15:14:14 - matching_Tlaxcala_1 - INFO -   Candidates with territory match: 2
2026-07-29 15:14:14 - matching_Tlaxcala_1 - INFO -   After territorial filter (keeping jurisdiccion): 2 candidates
2026-07-29 15:14:14 - matching_Tlaxcala_1 - INFO -   Nombre matches (exact on lugar_nombre): 0
2026-07-29 15:14:14 - matching_Tlaxcala_1 - INFO -   Saint-only matches: 2
2026-07-29 15:14:14 - matching_Tlaxcala_1 - INFO -   Substantive matches: 0
2026-07-29 15:14:14 - matching_Tlaxcala_1 - INFO -   Candidate pool (>= threshold): 2
2026-07-29 15:14:14 - matching_Tlaxcala_1 - INFO -   2 candidate(s) -> candidate
2026-07-29 15:14:14 - matching_Tlaxcala_1 - INFO - 
============================================================
2026-07-29 15:14:14 - matching_Tlaxcala_1 - INFO - Processing rowID=37: 'San Dionisio' -> cleaned: 'san dionicio'
2026-07-29 15:14:14 - matching_Tlaxcala_1 - INFO -   Territorial context: jurisdiccion='tlaxcala' -> allowed rows: 110
2026-07-29 15:14:14 - matching_Tlaxcala_1 - INFO -   Token-based candidates: 70
2026-07-29 15:14:14 - matching_Tlaxcala_1 - INFO -   Filtering: need match on substantive tokens: ['dionicio'] OR 2+ total tokens
2026-07-29 15:14:14 - matching_Tlaxcala_1 - INFO -   After filtering weak token matches: 1 candidates
2026-07-29 15:14:14 - matching_Tlaxcala_1 - INFO -   Fuzzy matches (score >= 70, limit=500): 1
2026-07-29 15:14:14 - matching_Tlaxcala_1 - DEBUG -     gz_id=1004143 'iauhquemehcan' score=1.000 nombre=False saint_only=True terr=jurisdiccion_exact phase=candidate
2026-07-29 15:14:14 - matching_Tlaxcala_1 - INFO -   Before dedup: 1 candidates
2026-07-29 15:14:14 - matching_Tlaxcala_1 - INFO -   After dedup: 1 unique gz_ids
2026-07-29 15:14:14 - matching_Tlaxcala_1 - INFO -   Input has territorial data: True
2026-07-29 15:14:14 - matching_Tlaxcala_1 - INFO -   Candidates with territory match: 1
2026-07-29 15:14:14 - matching_Tlaxcala_1 - INFO -   After territorial filter (keeping jurisdiccion): 1 candidates
2026-07-29 15:14:14 - matching_Tlaxcala_1 - INFO -   Nombre matches (exact on lugar_nombre): 0
2026-07-29 15:14:14 - matching_Tlaxcala_1 - INFO -   Saint-only matches: 1
2026-07-29 15:14:14 - matching_Tlaxcala_1 - INFO -   Substantive matches: 0
2026-07-29 15:14:14 - matching_Tlaxcala_1 - INFO -   Candidate pool (>= threshold): 1
2026-07-29 15:14:14 - matching_Tlaxcala_1 - INFO -   1 candidate(s) -> candidate
2026-07-29 15:14:14 - matching_Tlaxcala_1 - INFO - 
============================================================
2026-07-29 15:14:14 - matching_Tlaxcala_1 - INFO - Processing rowID=38: 'Atlihuetzian' -> cleaned: 'atlihuecian'
2026-07-29 15:14:14 - matching_Tlaxcala_1 - INFO -   Territorial context: jurisdiccion='tlaxcala' -> allowed rows: 110
2026-07-29 15:14:14 - matching_Tlaxcala_1 - INFO -   Token-based candidates: 1
2026-07-29 15:14:14 - matching_Tlaxcala_1 - INFO -   Fuzzy matches (score >= 70, limit=500): 1
2026-07-29 15:14:14 - matching_Tlaxcala_1 - DEBUG -     gz_id=1004051 'atlihuecian' score=1.000 nombre=False saint_only=False terr=jurisdiccion_exact phase=auto_adopt
2026-07-29 15:14:14 - matching_Tlaxcala_1 - INFO -   Before dedup: 1 candidates
2026-07-29 15:14:14 - matching_Tlaxcala_1 - INFO -   After dedup: 1 unique gz_ids
2026-07-29 15:14:14 - matching_Tlaxcala_1 - INFO -   Input has territorial data: True
2026-07-29 15:14:14 - matching_Tlaxcala_1 - INFO -   Candidates with territory match: 1
2026-07-29 15:14:14 - matching_Tlaxcala_1 - INFO -   After territorial filter (keeping jurisdiccion): 1 candidates
2026-07-29 15:14:14 - matching_Tlaxcala_1 - INFO -   Nombre matches (exact on lugar_nombre): 0
2026-07-29 15:14:14 - matching_Tlaxcala_1 - INFO -   Saint-only matches: 0
2026-07-29 15:14:14 - matching_Tlaxcala_1 - INFO -   Substantive matches: 1
2026-07-29 15:14:14 - matching_Tlaxcala_1 - INFO -   Candidate pool (>= threshold): 1
2026-07-29 15:14:14 - matching_Tlaxcala_1 - INFO -   Single unambiguous strong hit -> auto_adopt
2026-07-29 15:14:14 - matching_Tlaxcala_1 - INFO - 
============================================================
2026-07-29 15:14:14 - matching_Tlaxcala_1 - INFO - Processing rowID=39: 'San Francisco Tlacuiloca' -> cleaned: 'san francisco tlacuiloca'
2026-07-29 15:14:14 - matching_Tlaxcala_1 - INFO -   Territorial context: jurisdiccion='tlaxcala' -> allowed rows: 110
2026-07-29 15:14:14 - matching_Tlaxcala_1 - INFO -   Token-based candidates: 70
2026-07-29 15:14:14 - matching_Tlaxcala_1 - INFO -   Filtering: need match on substantive tokens: ['francisco', 'tlacuiloca'] OR 2+ total tokens
2026-07-29 15:14:14 - matching_Tlaxcala_1 - INFO -   After filtering weak token matches: 8 candidates
2026-07-29 15:14:14 - matching_Tlaxcala_1 - INFO -   Fuzzy matches (score >= 70, limit=500): 8
2026-07-29 15:14:14 - matching_Tlaxcala_1 - DEBUG -     gz_id=1004127 'tlacuilohcan' score=0.958 nombre=False saint_only=False terr=jurisdiccion_exact phase=auto_adopt
2026-07-29 15:14:14 - matching_Tlaxcala_1 - DEBUG -     gz_id=1004093 'papalotla' score=0.850 nombre=False saint_only=False terr=jurisdiccion_exact phase=candidate
2026-07-29 15:14:14 - matching_Tlaxcala_1 - DEBUG -     gz_id=1004086 'mitepec' score=0.833 nombre=False saint_only=False terr=jurisdiccion_exact phase=relegated
2026-07-29 15:14:14 - matching_Tlaxcala_1 - DEBUG -     gz_id=1004119 'tetlanohcan' score=0.833 nombre=False saint_only=False terr=jurisdiccion_exact phase=relegated
2026-07-29 15:14:14 - matching_Tlaxcala_1 - DEBUG -     gz_id=1004116 'tepeianco' score=0.829 nombre=False saint_only=False terr=jurisdiccion_exact phase=relegated
2026-07-29 15:14:14 - matching_Tlaxcala_1 - DEBUG -     gz_id=1004089 'ocotelulco' score=0.809 nombre=False saint_only=False terr=jurisdiccion_exact phase=relegated
2026-07-29 15:14:14 - matching_Tlaxcala_1 - DEBUG -     gz_id=1004048 'atexcacinco' score=0.792 nombre=False saint_only=False terr=jurisdiccion_exact phase=relegated
2026-07-29 15:14:14 - matching_Tlaxcala_1 - DEBUG -     gz_id=1004107 'temesontla' score=0.769 nombre=False saint_only=False terr=jurisdiccion_exact phase=relegated
2026-07-29 15:14:14 - matching_Tlaxcala_1 - INFO -   Before dedup: 8 candidates
2026-07-29 15:14:14 - matching_Tlaxcala_1 - INFO -   After dedup: 8 unique gz_ids
2026-07-29 15:14:14 - matching_Tlaxcala_1 - INFO -   Input has territorial data: True
2026-07-29 15:14:14 - matching_Tlaxcala_1 - INFO -   Candidates with territory match: 8
2026-07-29 15:14:14 - matching_Tlaxcala_1 - INFO -   After territorial filter (keeping jurisdiccion): 8 candidates
2026-07-29 15:14:14 - matching_Tlaxcala_1 - INFO -   Nombre matches (exact on lugar_nombre): 0
2026-07-29 15:14:14 - matching_Tlaxcala_1 - INFO -   Saint-only matches: 0
2026-07-29 15:14:14 - matching_Tlaxcala_1 - INFO -   Substantive matches: 8
2026-07-29 15:14:14 - matching_Tlaxcala_1 - INFO -   Candidate pool (>= threshold): 6
2026-07-29 15:14:14 - matching_Tlaxcala_1 - INFO -   6 candidate(s) -> candidate
2026-07-29 15:14:14 - matching_Tlaxcala_1 - INFO - 
============================================================
2026-07-29 15:14:14 - matching_Tlaxcala_1 - INFO - Processing rowID=40: 'San Lorenzo' -> cleaned: 'san lorenso'
2026-07-29 15:14:14 - matching_Tlaxcala_1 - INFO -   Territorial context: jurisdiccion='tlaxcala' -> allowed rows: 110
2026-07-29 15:14:14 - matching_Tlaxcala_1 - INFO -   Token-based candidates: 70
2026-07-29 15:14:14 - matching_Tlaxcala_1 - INFO -   Filtering: need match on substantive tokens: ['lorenso'] OR 2+ total tokens
2026-07-29 15:14:14 - matching_Tlaxcala_1 - INFO -   After filtering weak token matches: 3 candidates
2026-07-29 15:14:14 - matching_Tlaxcala_1 - INFO -   Fuzzy matches (score >= 70, limit=500): 3
2026-07-29 15:14:14 - matching_Tlaxcala_1 - DEBUG -     gz_id=1004052 'ajocomanitla' score=1.000 nombre=False saint_only=True terr=jurisdiccion_exact phase=candidate
2026-07-29 15:14:14 - matching_Tlaxcala_1 - DEBUG -     gz_id=1004059 'chaquitla' score=1.000 nombre=False saint_only=True terr=jurisdiccion_exact phase=candidate
2026-07-29 15:14:14 - matching_Tlaxcala_1 - DEBUG -     gz_id=1004066 'cuapiaxtla' score=1.000 nombre=False saint_only=True terr=jurisdiccion_exact phase=candidate
2026-07-29 15:14:14 - matching_Tlaxcala_1 - INFO -   Before dedup: 3 candidates
2026-07-29 15:14:14 - matching_Tlaxcala_1 - INFO -   After dedup: 3 unique gz_ids
2026-07-29 15:14:14 - matching_Tlaxcala_1 - INFO -   Input has territorial data: True
2026-07-29 15:14:14 - matching_Tlaxcala_1 - INFO -   Candidates with territory match: 3
2026-07-29 15:14:14 - matching_Tlaxcala_1 - INFO -   After territorial filter (keeping jurisdiccion): 3 candidates
2026-07-29 15:14:14 - matching_Tlaxcala_1 - INFO -   Nombre matches (exact on lugar_nombre): 0
2026-07-29 15:14:14 - matching_Tlaxcala_1 - INFO -   Saint-only matches: 3
2026-07-29 15:14:14 - matching_Tlaxcala_1 - INFO -   Substantive matches: 0
2026-07-29 15:14:14 - matching_Tlaxcala_1 - INFO -   Candidate pool (>= threshold): 3
2026-07-29 15:14:14 - matching_Tlaxcala_1 - INFO -   3 candidate(s) -> candidate
2026-07-29 15:14:14 - matching_Tlaxcala_1 - INFO - Processing row 40, rowID=41
2026-07-29 15:14:14 - matching_Tlaxcala_1 - INFO - 
============================================================
2026-07-29 15:14:14 - matching_Tlaxcala_1 - INFO - Processing rowID=41: 'San Martín Xaltocan' -> cleaned: 'san martin jaltocan'
2026-07-29 15:14:14 - matching_Tlaxcala_1 - INFO -   Territorial context: jurisdiccion='tlaxcala' -> allowed rows: 110
2026-07-29 15:14:14 - matching_Tlaxcala_1 - INFO -   Token-based candidates: 70
2026-07-29 15:14:14 - matching_Tlaxcala_1 - INFO -   Filtering: need match on substantive tokens: ['jaltocan', 'martin'] OR 2+ total tokens
2026-07-29 15:14:14 - matching_Tlaxcala_1 - INFO -   After filtering weak token matches: 2 candidates
2026-07-29 15:14:14 - matching_Tlaxcala_1 - INFO -   Fuzzy matches (score >= 70, limit=500): 2
2026-07-29 15:14:14 - matching_Tlaxcala_1 - DEBUG -     gz_id=1004135 'jaltocan' score=1.000 nombre=False saint_only=False terr=jurisdiccion_exact phase=candidate
2026-07-29 15:14:14 - matching_Tlaxcala_1 - DEBUG -     gz_id=1004136 'jaltocan' score=1.000 nombre=True saint_only=False terr=jurisdiccion_exact phase=auto_adopt
2026-07-29 15:14:14 - matching_Tlaxcala_1 - INFO -   Before dedup: 2 candidates
2026-07-29 15:14:14 - matching_Tlaxcala_1 - INFO -   After dedup: 2 unique gz_ids
2026-07-29 15:14:14 - matching_Tlaxcala_1 - INFO -   Input has territorial data: True
2026-07-29 15:14:14 - matching_Tlaxcala_1 - INFO -   Candidates with territory match: 2
2026-07-29 15:14:14 - matching_Tlaxcala_1 - INFO -   After territorial filter (keeping jurisdiccion): 2 candidates
2026-07-29 15:14:14 - matching_Tlaxcala_1 - INFO -   Nombre matches (exact on lugar_nombre): 1
2026-07-29 15:14:14 - matching_Tlaxcala_1 - INFO -   Saint-only matches: 0
2026-07-29 15:14:14 - matching_Tlaxcala_1 - INFO -   Substantive matches: 2
2026-07-29 15:14:14 - matching_Tlaxcala_1 - INFO -   NOMBRE PRIORITY: Keeping ONLY 1 nombre matches, discarding 1 others
2026-07-29 15:14:14 - matching_Tlaxcala_1 - INFO -      gz_id=1004136: Xaltocan
2026-07-29 15:14:14 - matching_Tlaxcala_1 - INFO -   Candidate pool (>= threshold): 1
2026-07-29 15:14:14 - matching_Tlaxcala_1 - INFO -   Single unambiguous strong hit -> auto_adopt
2026-07-29 15:14:14 - matching_Tlaxcala_1 - INFO - 
============================================================
2026-07-29 15:14:14 - matching_Tlaxcala_1 - INFO - Processing rowID=42: 'San Simón' -> cleaned: 'san cimon'
2026-07-29 15:14:14 - matching_Tlaxcala_1 - INFO -   Territorial context: jurisdiccion='tlaxcala' -> allowed rows: 110
2026-07-29 15:14:14 - matching_Tlaxcala_1 - INFO -   Token-based candidates: 70
2026-07-29 15:14:14 - matching_Tlaxcala_1 - INFO -   Filtering: need match on substantive tokens: ['cimon'] OR 2+ total tokens
2026-07-29 15:14:14 - matching_Tlaxcala_1 - INFO -   After filtering weak token matches: 2 candidates
2026-07-29 15:14:14 - matching_Tlaxcala_1 - INFO -   Fuzzy matches (score >= 70, limit=500): 2
2026-07-29 15:14:14 - matching_Tlaxcala_1 - DEBUG -     gz_id=1004102 'san cimon' score=1.000 nombre=False saint_only=True terr=jurisdiccion_exact phase=candidate
2026-07-29 15:14:14 - matching_Tlaxcala_1 - DEBUG -     gz_id=1004103 'san cimon' score=1.000 nombre=False saint_only=True terr=jurisdiccion_exact phase=candidate
2026-07-29 15:14:14 - matching_Tlaxcala_1 - INFO -   Before dedup: 2 candidates
2026-07-29 15:14:14 - matching_Tlaxcala_1 - INFO -   After dedup: 2 unique gz_ids
2026-07-29 15:14:14 - matching_Tlaxcala_1 - INFO -   Input has territorial data: True
2026-07-29 15:14:14 - matching_Tlaxcala_1 - INFO -   Candidates with territory match: 2
2026-07-29 15:14:14 - matching_Tlaxcala_1 - INFO -   After territorial filter (keeping jurisdiccion): 2 candidates
2026-07-29 15:14:14 - matching_Tlaxcala_1 - INFO -   Nombre matches (exact on lugar_nombre): 0
2026-07-29 15:14:14 - matching_Tlaxcala_1 - INFO -   Saint-only matches: 2
2026-07-29 15:14:14 - matching_Tlaxcala_1 - INFO -   Substantive matches: 0
2026-07-29 15:14:14 - matching_Tlaxcala_1 - INFO -   Candidate pool (>= threshold): 2
2026-07-29 15:14:14 - matching_Tlaxcala_1 - INFO -   2 candidate(s) -> candidate
2026-07-29 15:14:14 - matching_Tlaxcala_1 - INFO - 
============================================================
2026-07-29 15:14:14 - matching_Tlaxcala_1 - INFO - Processing rowID=43: 'Santa Bárbara' -> cleaned: 'santa barbara'
2026-07-29 15:14:14 - matching_Tlaxcala_1 - INFO -   Territorial context: jurisdiccion='tlaxcala' -> allowed rows: 110
2026-07-29 15:14:14 - matching_Tlaxcala_1 - INFO -   Token-based candidates: 24
2026-07-29 15:14:14 - matching_Tlaxcala_1 - INFO -   Filtering: need match on substantive tokens: ['barbara'] OR 2+ total tokens
2026-07-29 15:14:14 - matching_Tlaxcala_1 - INFO -   After filtering weak token matches: 1 candidates
2026-07-29 15:14:14 - matching_Tlaxcala_1 - INFO -   Fuzzy matches (score >= 70, limit=500): 1
2026-07-29 15:14:14 - matching_Tlaxcala_1 - DEBUG -     gz_id=1004041 'acuicuiscatepec' score=1.000 nombre=False saint_only=True terr=jurisdiccion_exact phase=candidate
2026-07-29 15:14:14 - matching_Tlaxcala_1 - INFO -   Before dedup: 1 candidates
2026-07-29 15:14:14 - matching_Tlaxcala_1 - INFO -   After dedup: 1 unique gz_ids
2026-07-29 15:14:14 - matching_Tlaxcala_1 - INFO -   Input has territorial data: True
2026-07-29 15:14:14 - matching_Tlaxcala_1 - INFO -   Candidates with territory match: 1
2026-07-29 15:14:14 - matching_Tlaxcala_1 - INFO -   After territorial filter (keeping jurisdiccion): 1 candidates
2026-07-29 15:14:14 - matching_Tlaxcala_1 - INFO -   Nombre matches (exact on lugar_nombre): 0
2026-07-29 15:14:14 - matching_Tlaxcala_1 - INFO -   Saint-only matches: 1
2026-07-29 15:14:14 - matching_Tlaxcala_1 - INFO -   Substantive matches: 0
2026-07-29 15:14:14 - matching_Tlaxcala_1 - INFO -   Candidate pool (>= threshold): 1
2026-07-29 15:14:14 - matching_Tlaxcala_1 - INFO -   1 candidate(s) -> candidate
2026-07-29 15:14:14 - matching_Tlaxcala_1 - INFO - 
============================================================
2026-07-29 15:14:14 - matching_Tlaxcala_1 - INFO - Processing rowID=44: 'San Lucas' -> cleaned: 'san lucas'
2026-07-29 15:14:14 - matching_Tlaxcala_1 - INFO -   Territorial context: jurisdiccion='tlaxcala' -> allowed rows: 110
2026-07-29 15:14:14 - matching_Tlaxcala_1 - INFO -   Token-based candidates: 70
2026-07-29 15:14:14 - matching_Tlaxcala_1 - INFO -   Filtering: need match on substantive tokens: ['lucas'] OR 2+ total tokens
2026-07-29 15:14:14 - matching_Tlaxcala_1 - INFO -   After filtering weak token matches: 3 candidates
2026-07-29 15:14:14 - matching_Tlaxcala_1 - INFO -   Fuzzy matches (score >= 70, limit=500): 3
2026-07-29 15:14:14 - matching_Tlaxcala_1 - DEBUG -     gz_id=1004067 'cuautelolpan' score=1.000 nombre=False saint_only=True terr=jurisdiccion_exact phase=candidate
2026-07-29 15:14:14 - matching_Tlaxcala_1 - DEBUG -     gz_id=1004097 'san lucas' score=1.000 nombre=True saint_only=False terr=jurisdiccion_exact phase=auto_adopt
2026-07-29 15:14:14 - matching_Tlaxcala_1 - DEBUG -     gz_id=1004105 'tecocalpan' score=1.000 nombre=False saint_only=True terr=jurisdiccion_exact phase=candidate
2026-07-29 15:14:14 - matching_Tlaxcala_1 - INFO -   Before dedup: 3 candidates
2026-07-29 15:14:14 - matching_Tlaxcala_1 - INFO -   After dedup: 3 unique gz_ids
2026-07-29 15:14:14 - matching_Tlaxcala_1 - INFO -   Input has territorial data: True
2026-07-29 15:14:14 - matching_Tlaxcala_1 - INFO -   Candidates with territory match: 3
2026-07-29 15:14:14 - matching_Tlaxcala_1 - INFO -   After territorial filter (keeping jurisdiccion): 3 candidates
2026-07-29 15:14:14 - matching_Tlaxcala_1 - INFO -   Nombre matches (exact on lugar_nombre): 1
2026-07-29 15:14:14 - matching_Tlaxcala_1 - INFO -   Saint-only matches: 2
2026-07-29 15:14:14 - matching_Tlaxcala_1 - INFO -   Substantive matches: 1
2026-07-29 15:14:14 - matching_Tlaxcala_1 - INFO -   NOMBRE PRIORITY: Keeping ONLY 1 nombre matches, discarding 0 others
2026-07-29 15:14:14 - matching_Tlaxcala_1 - INFO -      gz_id=1004097: San Lucas
2026-07-29 15:14:14 - matching_Tlaxcala_1 - INFO -   Candidate pool (>= threshold): 1
2026-07-29 15:14:14 - matching_Tlaxcala_1 - INFO -   Single unambiguous strong hit -> auto_adopt
2026-07-29 15:14:14 - matching_Tlaxcala_1 - INFO - 
============================================================
2026-07-29 15:14:14 - matching_Tlaxcala_1 - INFO - Processing rowID=45: 'La Asunción' -> cleaned: 'asuncion'
2026-07-29 15:14:14 - matching_Tlaxcala_1 - INFO -   Territorial context: jurisdiccion='tlaxcala' -> allowed rows: 110
2026-07-29 15:14:14 - matching_Tlaxcala_1 - INFO -   Token-based candidates: 0
2026-07-29 15:14:14 - matching_Tlaxcala_1 - WARNING -   No candidates found - relegated
2026-07-29 15:14:14 - matching_Tlaxcala_1 - INFO - 
============================================================
2026-07-29 15:14:14 - matching_Tlaxcala_1 - INFO - Processing rowID=46: 'San Antonio Cuaxomulco' -> cleaned: 'san antonio cuajomulco'
2026-07-29 15:14:14 - matching_Tlaxcala_1 - INFO -   Territorial context: jurisdiccion='tlaxcala' -> allowed rows: 110
2026-07-29 15:14:14 - matching_Tlaxcala_1 - INFO -   Token-based candidates: 70
2026-07-29 15:14:14 - matching_Tlaxcala_1 - INFO -   Filtering: need match on substantive tokens: ['antonio', 'cuajomulco'] OR 2+ total tokens
2026-07-29 15:14:14 - matching_Tlaxcala_1 - INFO -   After filtering weak token matches: 2 candidates
2026-07-29 15:14:14 - matching_Tlaxcala_1 - INFO -   Fuzzy matches (score >= 70, limit=500): 2
2026-07-29 15:14:14 - matching_Tlaxcala_1 - DEBUG -     gz_id=1004068 'cuajomulco' score=1.000 nombre=True saint_only=False terr=jurisdiccion_exact phase=auto_adopt
2026-07-29 15:14:14 - matching_Tlaxcala_1 - DEBUG -     gz_id=1004040 'acuamanala' score=0.821 nombre=False saint_only=False terr=jurisdiccion_exact phase=relegated
2026-07-29 15:14:14 - matching_Tlaxcala_1 - INFO -   Before dedup: 2 candidates
2026-07-29 15:14:14 - matching_Tlaxcala_1 - INFO -   After dedup: 2 unique gz_ids
2026-07-29 15:14:14 - matching_Tlaxcala_1 - INFO -   Input has territorial data: True
2026-07-29 15:14:14 - matching_Tlaxcala_1 - INFO -   Candidates with territory match: 2
2026-07-29 15:14:14 - matching_Tlaxcala_1 - INFO -   After territorial filter (keeping jurisdiccion): 2 candidates
2026-07-29 15:14:14 - matching_Tlaxcala_1 - INFO -   Nombre matches (exact on lugar_nombre): 1
2026-07-29 15:14:14 - matching_Tlaxcala_1 - INFO -   Saint-only matches: 0
2026-07-29 15:14:14 - matching_Tlaxcala_1 - INFO -   Substantive matches: 2
2026-07-29 15:14:14 - matching_Tlaxcala_1 - INFO -   NOMBRE PRIORITY: Keeping ONLY 1 nombre matches, discarding 1 others
2026-07-29 15:14:14 - matching_Tlaxcala_1 - INFO -      gz_id=1004068: Cuaxomulco
2026-07-29 15:14:14 - matching_Tlaxcala_1 - INFO -   Candidate pool (>= threshold): 1
2026-07-29 15:14:14 - matching_Tlaxcala_1 - INFO -   Single unambiguous strong hit -> auto_adopt
2026-07-29 15:14:14 - matching_Tlaxcala_1 - INFO - 
============================================================
2026-07-29 15:14:14 - matching_Tlaxcala_1 - INFO - Processing rowID=47: 'San Luis Huamantla' -> cleaned: 'san luis huamantla'
2026-07-29 15:14:14 - matching_Tlaxcala_1 - INFO -   Territorial context: jurisdiccion='tlaxcala' -> allowed rows: 110
2026-07-29 15:14:14 - matching_Tlaxcala_1 - INFO -   Token-based candidates: 70
2026-07-29 15:14:14 - matching_Tlaxcala_1 - INFO -   Filtering: need match on substantive tokens: ['huamantla', 'luis'] OR 2+ total tokens
2026-07-29 15:14:14 - matching_Tlaxcala_1 - INFO -   After filtering weak token matches: 3 candidates
2026-07-29 15:14:14 - matching_Tlaxcala_1 - INFO -   Fuzzy matches (score >= 70, limit=500): 3
2026-07-29 15:14:14 - matching_Tlaxcala_1 - DEBUG -     gz_id=1004071 'huamantla' score=1.000 nombre=True saint_only=False terr=jurisdiccion_exact phase=auto_adopt
2026-07-29 15:14:14 - matching_Tlaxcala_1 - DEBUG -     gz_id=1004047 'apisaco' score=0.733 nombre=False saint_only=False terr=jurisdiccion_exact phase=relegated
2026-07-29 15:14:14 - matching_Tlaxcala_1 - DEBUG -     gz_id=1004112 'teolocholco' score=0.714 nombre=False saint_only=False terr=jurisdiccion_exact phase=relegated
2026-07-29 15:14:14 - matching_Tlaxcala_1 - INFO -   Before dedup: 3 candidates
2026-07-29 15:14:14 - matching_Tlaxcala_1 - INFO -   After dedup: 3 unique gz_ids
2026-07-29 15:14:14 - matching_Tlaxcala_1 - INFO -   Input has territorial data: True
2026-07-29 15:14:14 - matching_Tlaxcala_1 - INFO -   Candidates with territory match: 3
2026-07-29 15:14:14 - matching_Tlaxcala_1 - INFO -   After territorial filter (keeping jurisdiccion): 3 candidates
2026-07-29 15:14:14 - matching_Tlaxcala_1 - INFO -   Nombre matches (exact on lugar_nombre): 1
2026-07-29 15:14:14 - matching_Tlaxcala_1 - INFO -   Saint-only matches: 0
2026-07-29 15:14:14 - matching_Tlaxcala_1 - INFO -   Substantive matches: 3
2026-07-29 15:14:14 - matching_Tlaxcala_1 - INFO -   NOMBRE PRIORITY: Keeping ONLY 1 nombre matches, discarding 2 others
2026-07-29 15:14:14 - matching_Tlaxcala_1 - INFO -      gz_id=1004071: Huamantla
2026-07-29 15:14:14 - matching_Tlaxcala_1 - INFO -   Candidate pool (>= threshold): 1
2026-07-29 15:14:14 - matching_Tlaxcala_1 - INFO -   Single unambiguous strong hit -> auto_adopt
2026-07-29 15:14:14 - matching_Tlaxcala_1 - INFO - 
============================================================
2026-07-29 15:14:14 - matching_Tlaxcala_1 - INFO - Processing rowID=48: 'San Lorenzo Quapistla' -> cleaned: 'san lorenso quapistla'
2026-07-29 15:14:14 - matching_Tlaxcala_1 - INFO -   Territorial context: jurisdiccion='tlaxcala' -> allowed rows: 110
2026-07-29 15:14:14 - matching_Tlaxcala_1 - INFO -   Token-based candidates: 70
2026-07-29 15:14:14 - matching_Tlaxcala_1 - INFO -   Filtering: need match on substantive tokens: ['lorenso', 'quapistla'] OR 2+ total tokens
2026-07-29 15:14:14 - matching_Tlaxcala_1 - INFO -   After filtering weak token matches: 3 candidates
2026-07-29 15:14:14 - matching_Tlaxcala_1 - INFO -   Fuzzy matches (score >= 70, limit=500): 3
2026-07-29 15:14:14 - matching_Tlaxcala_1 - DEBUG -     gz_id=1004066 'cuapiaxtla' score=0.947 nombre=False saint_only=False terr=jurisdiccion_exact phase=auto_adopt
2026-07-29 15:14:14 - matching_Tlaxcala_1 - DEBUG -     gz_id=1004059 'chaquitla' score=0.857 nombre=False saint_only=False terr=jurisdiccion_exact phase=candidate
2026-07-29 15:14:14 - matching_Tlaxcala_1 - DEBUG -     gz_id=1004052 'ajocomanitla' score=0.765 nombre=False saint_only=False terr=jurisdiccion_exact phase=relegated
2026-07-29 15:14:14 - matching_Tlaxcala_1 - INFO -   Before dedup: 3 candidates
2026-07-29 15:14:14 - matching_Tlaxcala_1 - INFO -   After dedup: 3 unique gz_ids
2026-07-29 15:14:14 - matching_Tlaxcala_1 - INFO -   Input has territorial data: True
2026-07-29 15:14:14 - matching_Tlaxcala_1 - INFO -   Candidates with territory match: 3
2026-07-29 15:14:14 - matching_Tlaxcala_1 - INFO -   After territorial filter (keeping jurisdiccion): 3 candidates
2026-07-29 15:14:14 - matching_Tlaxcala_1 - INFO -   Nombre matches (exact on lugar_nombre): 0
2026-07-29 15:14:14 - matching_Tlaxcala_1 - INFO -   Saint-only matches: 0
2026-07-29 15:14:14 - matching_Tlaxcala_1 - INFO -   Substantive matches: 3
2026-07-29 15:14:14 - matching_Tlaxcala_1 - INFO -   Candidate pool (>= threshold): 2
2026-07-29 15:14:14 - matching_Tlaxcala_1 - INFO -   2 candidate(s) -> candidate
2026-07-29 15:14:14 - matching_Tlaxcala_1 - INFO - 
============================================================
2026-07-29 15:14:14 - matching_Tlaxcala_1 - INFO - Processing rowID=49: 'San Pablo Zitlaltepeque' -> cleaned: 'san pablo citlaltepeque'
2026-07-29 15:14:14 - matching_Tlaxcala_1 - INFO -   Territorial context: jurisdiccion='tlaxcala' -> allowed rows: 110
2026-07-29 15:14:14 - matching_Tlaxcala_1 - INFO -   Token-based candidates: 70
2026-07-29 15:14:14 - matching_Tlaxcala_1 - INFO -   Filtering: need match on substantive tokens: ['pablo', 'citlaltepeque'] OR 2+ total tokens
2026-07-29 15:14:14 - matching_Tlaxcala_1 - INFO -   After filtering weak token matches: 3 candidates
2026-07-29 15:14:14 - matching_Tlaxcala_1 - INFO -   Fuzzy matches (score >= 70, limit=500): 3
2026-07-29 15:14:14 - matching_Tlaxcala_1 - DEBUG -     gz_id=1004147 'citlaltepec' score=0.976 nombre=False saint_only=False terr=jurisdiccion_exact phase=auto_adopt
2026-07-29 15:14:14 - matching_Tlaxcala_1 - DEBUG -     gz_id=1004101 'san pablo monte' score=0.800 nombre=False saint_only=False terr=jurisdiccion_exact phase=relegated
2026-07-29 15:14:14 - matching_Tlaxcala_1 - DEBUG -     gz_id=1004046 'apetatitlan' score=0.778 nombre=False saint_only=False terr=jurisdiccion_exact phase=relegated
2026-07-29 15:14:14 - matching_Tlaxcala_1 - INFO -   Before dedup: 3 candidates
2026-07-29 15:14:14 - matching_Tlaxcala_1 - INFO -   After dedup: 3 unique gz_ids
2026-07-29 15:14:14 - matching_Tlaxcala_1 - INFO -   Input has territorial data: True
2026-07-29 15:14:14 - matching_Tlaxcala_1 - INFO -   Candidates with territory match: 3
2026-07-29 15:14:14 - matching_Tlaxcala_1 - INFO -   After territorial filter (keeping jurisdiccion): 3 candidates
2026-07-29 15:14:14 - matching_Tlaxcala_1 - INFO -   Nombre matches (exact on lugar_nombre): 0
2026-07-29 15:14:14 - matching_Tlaxcala_1 - INFO -   Saint-only matches: 0
2026-07-29 15:14:14 - matching_Tlaxcala_1 - INFO -   Substantive matches: 3
2026-07-29 15:14:14 - matching_Tlaxcala_1 - INFO -   Candidate pool (>= threshold): 2
2026-07-29 15:14:14 - matching_Tlaxcala_1 - INFO -   2 candidate(s) -> candidate
2026-07-29 15:14:14 - matching_Tlaxcala_1 - INFO - 
============================================================
2026-07-29 15:14:14 - matching_Tlaxcala_1 - INFO - Processing rowID=50: 'San Juan Ystenco' -> cleaned: 'san juan istenco'
2026-07-29 15:14:14 - matching_Tlaxcala_1 - INFO -   Territorial context: jurisdiccion='tlaxcala' -> allowed rows: 110
2026-07-29 15:14:14 - matching_Tlaxcala_1 - INFO -   Token-based candidates: 70
2026-07-29 15:14:14 - matching_Tlaxcala_1 - INFO -   Filtering: need match on substantive tokens: ['istenco', 'juan'] OR 2+ total tokens
2026-07-29 15:14:14 - matching_Tlaxcala_1 - INFO -   After filtering weak token matches: 5 candidates
2026-07-29 15:14:14 - matching_Tlaxcala_1 - INFO -   Fuzzy matches (score >= 70, limit=500): 5
2026-07-29 15:14:14 - matching_Tlaxcala_1 - DEBUG -     gz_id=1004078 'ixtenco' score=0.938 nombre=False saint_only=False terr=jurisdiccion_exact phase=auto_adopt
2026-07-29 15:14:14 - matching_Tlaxcala_1 - DEBUG -     gz_id=1004050 'atlangatepec' score=0.750 nombre=False saint_only=False terr=jurisdiccion_exact phase=relegated
2026-07-29 15:14:14 - matching_Tlaxcala_1 - DEBUG -     gz_id=1004133 'totolac' score=0.750 nombre=False saint_only=False terr=jurisdiccion_exact phase=relegated
2026-07-29 15:14:14 - matching_Tlaxcala_1 - DEBUG -     gz_id=1004070 'huaccinco' score=0.727 nombre=False saint_only=False terr=jurisdiccion_exact phase=relegated
2026-07-29 15:14:14 - matching_Tlaxcala_1 - DEBUG -     gz_id=1004094 'quesalcoapan' score=0.720 nombre=False saint_only=False terr=jurisdiccion_exact phase=relegated
2026-07-29 15:14:14 - matching_Tlaxcala_1 - INFO -   Before dedup: 5 candidates
2026-07-29 15:14:14 - matching_Tlaxcala_1 - INFO -   After dedup: 5 unique gz_ids
2026-07-29 15:14:14 - matching_Tlaxcala_1 - INFO -   Input has territorial data: True
2026-07-29 15:14:14 - matching_Tlaxcala_1 - INFO -   Candidates with territory match: 5
2026-07-29 15:14:14 - matching_Tlaxcala_1 - INFO -   After territorial filter (keeping jurisdiccion): 5 candidates
2026-07-29 15:14:14 - matching_Tlaxcala_1 - INFO -   Nombre matches (exact on lugar_nombre): 0
2026-07-29 15:14:14 - matching_Tlaxcala_1 - INFO -   Saint-only matches: 0
2026-07-29 15:14:14 - matching_Tlaxcala_1 - INFO -   Substantive matches: 5
2026-07-29 15:14:14 - matching_Tlaxcala_1 - INFO -   Candidate pool (>= threshold): 1
2026-07-29 15:14:14 - matching_Tlaxcala_1 - INFO -   Single unambiguous strong hit -> auto_adopt
2026-07-29 15:14:14 - matching_Tlaxcala_1 - INFO - Processing row 50, rowID=51
2026-07-29 15:14:14 - matching_Tlaxcala_1 - INFO - 
============================================================
2026-07-29 15:14:14 - matching_Tlaxcala_1 - INFO - Processing rowID=51: 'San Nicolás Terrenate' -> cleaned: 'san nicolas terrenate'
2026-07-29 15:14:14 - matching_Tlaxcala_1 - INFO -   Territorial context: jurisdiccion='tlaxcala' -> allowed rows: 110
2026-07-29 15:14:14 - matching_Tlaxcala_1 - INFO -   Token-based candidates: 70
2026-07-29 15:14:14 - matching_Tlaxcala_1 - INFO -   Filtering: need match on substantive tokens: ['terrenate', 'nicolas'] OR 2+ total tokens
2026-07-29 15:14:14 - matching_Tlaxcala_1 - INFO -   After filtering weak token matches: 2 candidates
2026-07-29 15:14:14 - matching_Tlaxcala_1 - INFO -   Fuzzy matches (score >= 70, limit=500): 2
2026-07-29 15:14:14 - matching_Tlaxcala_1 - DEBUG -     gz_id=1004117 'terrenate' score=1.000 nombre=True saint_only=False terr=jurisdiccion_exact phase=auto_adopt
2026-07-29 15:14:14 - matching_Tlaxcala_1 - DEBUG -     gz_id=1004092 'panotla' score=0.812 nombre=False saint_only=False terr=jurisdiccion_exact phase=relegated
2026-07-29 15:14:14 - matching_Tlaxcala_1 - INFO -   Before dedup: 2 candidates
2026-07-29 15:14:14 - matching_Tlaxcala_1 - INFO -   After dedup: 2 unique gz_ids
2026-07-29 15:14:14 - matching_Tlaxcala_1 - INFO -   Input has territorial data: True
2026-07-29 15:14:14 - matching_Tlaxcala_1 - INFO -   Candidates with territory match: 2
2026-07-29 15:14:14 - matching_Tlaxcala_1 - INFO -   After territorial filter (keeping jurisdiccion): 2 candidates
2026-07-29 15:14:14 - matching_Tlaxcala_1 - INFO -   Nombre matches (exact on lugar_nombre): 1
2026-07-29 15:14:14 - matching_Tlaxcala_1 - INFO -   Saint-only matches: 0
2026-07-29 15:14:14 - matching_Tlaxcala_1 - INFO -   Substantive matches: 2
2026-07-29 15:14:14 - matching_Tlaxcala_1 - INFO -   NOMBRE PRIORITY: Keeping ONLY 1 nombre matches, discarding 1 others
2026-07-29 15:14:14 - matching_Tlaxcala_1 - INFO -      gz_id=1004117: Terrenate
2026-07-29 15:14:14 - matching_Tlaxcala_1 - INFO -   Candidate pool (>= threshold): 1
2026-07-29 15:14:14 - matching_Tlaxcala_1 - INFO -   Single unambiguous strong hit -> auto_adopt
2026-07-29 15:14:14 - matching_Tlaxcala_1 - INFO - 
============================================================
2026-07-29 15:14:14 - matching_Tlaxcala_1 - INFO - Processing rowID=52: 'San Luis Apizaco' -> cleaned: 'san luis apisaco'
2026-07-29 15:14:14 - matching_Tlaxcala_1 - INFO -   Territorial context: jurisdiccion='tlaxcala' -> allowed rows: 110
2026-07-29 15:14:14 - matching_Tlaxcala_1 - INFO -   Token-based candidates: 70
2026-07-29 15:14:14 - matching_Tlaxcala_1 - INFO -   Filtering: need match on substantive tokens: ['apisaco', 'luis'] OR 2+ total tokens
2026-07-29 15:14:14 - matching_Tlaxcala_1 - INFO -   After filtering weak token matches: 3 candidates
2026-07-29 15:14:14 - matching_Tlaxcala_1 - INFO -   Fuzzy matches (score >= 70, limit=500): 3
2026-07-29 15:14:14 - matching_Tlaxcala_1 - DEBUG -     gz_id=1004047 'apisaco' score=1.000 nombre=True saint_only=False terr=jurisdiccion_exact phase=auto_adopt
2026-07-29 15:14:14 - matching_Tlaxcala_1 - DEBUG -     gz_id=1004071 'huamantla' score=0.733 nombre=False saint_only=False terr=jurisdiccion_exact phase=relegated
2026-07-29 15:14:14 - matching_Tlaxcala_1 - DEBUG -     gz_id=1004112 'teolocholco' score=0.720 nombre=False saint_only=False terr=jurisdiccion_exact phase=relegated
2026-07-29 15:14:14 - matching_Tlaxcala_1 - INFO -   Before dedup: 3 candidates
2026-07-29 15:14:14 - matching_Tlaxcala_1 - INFO -   After dedup: 3 unique gz_ids
2026-07-29 15:14:14 - matching_Tlaxcala_1 - INFO -   Input has territorial data: True
2026-07-29 15:14:14 - matching_Tlaxcala_1 - INFO -   Candidates with territory match: 3
2026-07-29 15:14:14 - matching_Tlaxcala_1 - INFO -   After territorial filter (keeping jurisdiccion): 3 candidates
2026-07-29 15:14:14 - matching_Tlaxcala_1 - INFO -   Nombre matches (exact on lugar_nombre): 1
2026-07-29 15:14:14 - matching_Tlaxcala_1 - INFO -   Saint-only matches: 0
2026-07-29 15:14:14 - matching_Tlaxcala_1 - INFO -   Substantive matches: 3
2026-07-29 15:14:14 - matching_Tlaxcala_1 - INFO -   NOMBRE PRIORITY: Keeping ONLY 1 nombre matches, discarding 2 others
2026-07-29 15:14:14 - matching_Tlaxcala_1 - INFO -      gz_id=1004047: Apizaco
2026-07-29 15:14:14 - matching_Tlaxcala_1 - INFO -   Candidate pool (>= threshold): 1
2026-07-29 15:14:14 - matching_Tlaxcala_1 - INFO -   Single unambiguous strong hit -> auto_adopt
2026-07-29 15:14:14 - matching_Tlaxcala_1 - INFO - 
============================================================
2026-07-29 15:14:14 - matching_Tlaxcala_1 - INFO - Processing rowID=53: 'Santiago Tetla' -> cleaned: 'santiago tetla'
2026-07-29 15:14:15 - matching_Tlaxcala_1 - INFO -   Territorial context: jurisdiccion='tlaxcala' -> allowed rows: 110
2026-07-29 15:14:15 - matching_Tlaxcala_1 - INFO -   Token-based candidates: 6
2026-07-29 15:14:15 - matching_Tlaxcala_1 - INFO -   Filtering: need match on substantive tokens: ['santiago', 'tetla'] OR 2+ total tokens
2026-07-29 15:14:15 - matching_Tlaxcala_1 - INFO -   Fuzzy matches (score >= 70, limit=500): 6
2026-07-29 15:14:15 - matching_Tlaxcala_1 - DEBUG -     gz_id=1004118 'tetla' score=1.000 nombre=True saint_only=False terr=jurisdiccion_exact phase=auto_adopt
2026-07-29 15:14:15 - matching_Tlaxcala_1 - DEBUG -     gz_id=1004126 'tlacochcalco' score=0.923 nombre=False saint_only=False terr=jurisdiccion_exact phase=auto_adopt
2026-07-29 15:14:15 - matching_Tlaxcala_1 - DEBUG -     gz_id=1004113 'tepeticpac' score=0.880 nombre=False saint_only=False terr=jurisdiccion_exact phase=candidate
2026-07-29 15:14:15 - matching_Tlaxcala_1 - DEBUG -     gz_id=1004091 'ocotlan' score=0.786 nombre=False saint_only=False terr=jurisdiccion_exact phase=relegated
2026-07-29 15:14:15 - matching_Tlaxcala_1 - DEBUG -     gz_id=1004084 'michac' score=0.783 nombre=False saint_only=False terr=jurisdiccion_exact phase=relegated
2026-07-29 15:14:15 - matching_Tlaxcala_1 - DEBUG -     gz_id=1004090 'ocotitlan' score=0.800 nombre=False saint_only=False terr=jurisdiccion_exact phase=relegated
2026-07-29 15:14:15 - matching_Tlaxcala_1 - INFO -   Before dedup: 6 candidates
2026-07-29 15:14:15 - matching_Tlaxcala_1 - INFO -   After dedup: 6 unique gz_ids
2026-07-29 15:14:15 - matching_Tlaxcala_1 - INFO -   Input has territorial data: True
2026-07-29 15:14:15 - matching_Tlaxcala_1 - INFO -   Candidates with territory match: 6
2026-07-29 15:14:15 - matching_Tlaxcala_1 - INFO -   After territorial filter (keeping jurisdiccion): 6 candidates
2026-07-29 15:14:15 - matching_Tlaxcala_1 - INFO -   Nombre matches (exact on lugar_nombre): 1
2026-07-29 15:14:15 - matching_Tlaxcala_1 - INFO -   Saint-only matches: 0
2026-07-29 15:14:15 - matching_Tlaxcala_1 - INFO -   Substantive matches: 6
2026-07-29 15:14:15 - matching_Tlaxcala_1 - INFO -   NOMBRE PRIORITY: Keeping ONLY 1 nombre matches, discarding 5 others
2026-07-29 15:14:15 - matching_Tlaxcala_1 - INFO -      gz_id=1004118: Tetla
2026-07-29 15:14:15 - matching_Tlaxcala_1 - INFO -   Candidate pool (>= threshold): 1
2026-07-29 15:14:15 - matching_Tlaxcala_1 - INFO -   Single unambiguous strong hit -> auto_adopt
2026-07-29 15:14:15 - matching_Tlaxcala_1 - INFO - 
============================================================
2026-07-29 15:14:15 - matching_Tlaxcala_1 - INFO - Processing rowID=54: 'Santa María Tescalaque' -> cleaned: 'santa maria tescalaque'
2026-07-29 15:14:15 - matching_Tlaxcala_1 - INFO -   Territorial context: jurisdiccion='tlaxcala' -> allowed rows: 110
2026-07-29 15:14:15 - matching_Tlaxcala_1 - INFO -   Token-based candidates: 24
2026-07-29 15:14:15 - matching_Tlaxcala_1 - INFO -   Filtering: need match on substantive tokens: ['tescalaque'] OR 2+ total tokens
2026-07-29 15:14:15 - matching_Tlaxcala_1 - INFO -   After filtering weak token matches: 11 candidates
2026-07-29 15:14:15 - matching_Tlaxcala_1 - INFO -   Fuzzy matches (score >= 70, limit=500): 11
2026-07-29 15:14:15 - matching_Tlaxcala_1 - DEBUG -     gz_id=1004122 'texcalac' score=0.923 nombre=False saint_only=False terr=jurisdiccion_exact phase=auto_adopt
2026-07-29 15:14:15 - matching_Tlaxcala_1 - DEBUG -     gz_id=1004132 'tocatlan' score=0.872 nombre=False saint_only=False terr=jurisdiccion_exact phase=candidate
2026-07-29 15:14:15 - matching_Tlaxcala_1 - DEBUG -     gz_id=1004104 'santa maria espana' score=0.857 nombre=False saint_only=False terr=jurisdiccion_exact phase=candidate
2026-07-29 15:14:15 - matching_Tlaxcala_1 - DEBUG -     gz_id=1004076 'ixcotla' score=0.812 nombre=False saint_only=False terr=jurisdiccion_exact phase=relegated
2026-07-29 15:14:15 - matching_Tlaxcala_1 - DEBUG -     gz_id=1004079 'ixtulco' score=0.812 nombre=False saint_only=False terr=jurisdiccion_exact phase=relegated
2026-07-29 15:14:15 - matching_Tlaxcala_1 - DEBUG -     gz_id=1004057 'belen' score=0.789 nombre=False saint_only=False terr=jurisdiccion_exact phase=relegated
2026-07-29 15:14:15 - matching_Tlaxcala_1 - DEBUG -     gz_id=1004051 'atlihuecian' score=0.780 nombre=False saint_only=False terr=jurisdiccion_exact phase=relegated
2026-07-29 15:14:15 - matching_Tlaxcala_1 - DEBUG -     gz_id=1004087 'natibitas' score=0.778 nombre=False saint_only=False terr=jurisdiccion_exact phase=relegated
2026-07-29 15:14:15 - matching_Tlaxcala_1 - DEBUG -     gz_id=1004148 'sumpango' score=0.757 nombre=False saint_only=False terr=jurisdiccion_exact phase=relegated
2026-07-29 15:14:15 - matching_Tlaxcala_1 - DEBUG -     gz_id=1004053 'ajotla' score=0.750 nombre=False saint_only=False terr=jurisdiccion_exact phase=relegated
2026-07-29 15:14:15 - matching_Tlaxcala_1 - DEBUG -     gz_id=1004043 'acjotla' score=0.744 nombre=False saint_only=False terr=jurisdiccion_exact phase=relegated
2026-07-29 15:14:15 - matching_Tlaxcala_1 - INFO -   Before dedup: 11 candidates
2026-07-29 15:14:15 - matching_Tlaxcala_1 - INFO -   After dedup: 11 unique gz_ids
2026-07-29 15:14:15 - matching_Tlaxcala_1 - INFO -   Input has territorial data: True
2026-07-29 15:14:15 - matching_Tlaxcala_1 - INFO -   Candidates with territory match: 11
2026-07-29 15:14:15 - matching_Tlaxcala_1 - INFO -   After territorial filter (keeping jurisdiccion): 11 candidates
2026-07-29 15:14:15 - matching_Tlaxcala_1 - INFO -   Nombre matches (exact on lugar_nombre): 0
2026-07-29 15:14:15 - matching_Tlaxcala_1 - INFO -   Saint-only matches: 0
2026-07-29 15:14:15 - matching_Tlaxcala_1 - INFO -   Substantive matches: 11
2026-07-29 15:14:15 - matching_Tlaxcala_1 - INFO -   Candidate pool (>= threshold): 5
2026-07-29 15:14:15 - matching_Tlaxcala_1 - INFO -   5 candidate(s) -> candidate
2026-07-29 15:14:15 - matching_Tlaxcala_1 - INFO - 
============================================================
2026-07-29 15:14:15 - matching_Tlaxcala_1 - INFO - Processing rowID=55: 'San Francisco Atexcatzinco' -> cleaned: 'san francisco atexcacinco'
2026-07-29 15:14:15 - matching_Tlaxcala_1 - INFO -   Territorial context: jurisdiccion='tlaxcala' -> allowed rows: 110
2026-07-29 15:14:15 - matching_Tlaxcala_1 - INFO -   Token-based candidates: 70
2026-07-29 15:14:15 - matching_Tlaxcala_1 - INFO -   Filtering: need match on substantive tokens: ['francisco', 'atexcacinco'] OR 2+ total tokens
2026-07-29 15:14:15 - matching_Tlaxcala_1 - INFO -   After filtering weak token matches: 8 candidates
2026-07-29 15:14:15 - matching_Tlaxcala_1 - INFO -   Fuzzy matches (score >= 70, limit=500): 8
2026-07-29 15:14:15 - matching_Tlaxcala_1 - DEBUG -     gz_id=1004048 'atexcacinco' score=1.000 nombre=True saint_only=False terr=jurisdiccion_exact phase=auto_adopt
2026-07-29 15:14:15 - matching_Tlaxcala_1 - DEBUG -     gz_id=1004086 'mitepec' score=0.850 nombre=False saint_only=False terr=jurisdiccion_exact phase=candidate
2026-07-29 15:14:15 - matching_Tlaxcala_1 - DEBUG -     gz_id=1004119 'tetlanohcan' score=0.826 nombre=False saint_only=False terr=jurisdiccion_exact phase=relegated
2026-07-29 15:14:15 - matching_Tlaxcala_1 - DEBUG -     gz_id=1004093 'papalotla' score=0.821 nombre=False saint_only=False terr=jurisdiccion_exact phase=relegated
2026-07-29 15:14:15 - matching_Tlaxcala_1 - DEBUG -     gz_id=1004116 'tepeianco' score=0.818 nombre=False saint_only=False terr=jurisdiccion_exact phase=relegated
2026-07-29 15:14:15 - matching_Tlaxcala_1 - DEBUG -     gz_id=1004127 'tlacuilohcan' score=0.809 nombre=False saint_only=False terr=jurisdiccion_exact phase=relegated
2026-07-29 15:14:15 - matching_Tlaxcala_1 - DEBUG -     gz_id=1004089 'ocotelulco' score=0.791 nombre=False saint_only=False terr=jurisdiccion_exact phase=relegated
2026-07-29 15:14:15 - matching_Tlaxcala_1 - DEBUG -     gz_id=1004107 'temesontla' score=0.780 nombre=False saint_only=False terr=jurisdiccion_exact phase=relegated
2026-07-29 15:14:15 - matching_Tlaxcala_1 - INFO -   Before dedup: 8 candidates
2026-07-29 15:14:15 - matching_Tlaxcala_1 - INFO -   After dedup: 8 unique gz_ids
2026-07-29 15:14:15 - matching_Tlaxcala_1 - INFO -   Input has territorial data: True
2026-07-29 15:14:15 - matching_Tlaxcala_1 - INFO -   Candidates with territory match: 8
2026-07-29 15:14:15 - matching_Tlaxcala_1 - INFO -   After territorial filter (keeping jurisdiccion): 8 candidates
2026-07-29 15:14:15 - matching_Tlaxcala_1 - INFO -   Nombre matches (exact on lugar_nombre): 1
2026-07-29 15:14:15 - matching_Tlaxcala_1 - INFO -   Saint-only matches: 0
2026-07-29 15:14:15 - matching_Tlaxcala_1 - INFO -   Substantive matches: 8
2026-07-29 15:14:15 - matching_Tlaxcala_1 - INFO -   NOMBRE PRIORITY: Keeping ONLY 1 nombre matches, discarding 7 others
2026-07-29 15:14:15 - matching_Tlaxcala_1 - INFO -      gz_id=1004048: Atexcatzinco
2026-07-29 15:14:15 - matching_Tlaxcala_1 - INFO -   Candidate pool (>= threshold): 1
2026-07-29 15:14:15 - matching_Tlaxcala_1 - INFO -   Single unambiguous strong hit -> auto_adopt
2026-07-29 15:14:15 - matching_Tlaxcala_1 - INFO - 
============================================================
2026-07-29 15:14:15 - matching_Tlaxcala_1 - INFO - Processing rowID=56: 'San Bartolomé (Matlalocan?)' -> cleaned: 'san bartolome (matlalocan?)'
2026-07-29 15:14:15 - matching_Tlaxcala_1 - INFO -   Territorial context: jurisdiccion='tlaxcala' -> allowed rows: 110
2026-07-29 15:14:15 - matching_Tlaxcala_1 - INFO -   Token-based candidates: 70
2026-07-29 15:14:15 - matching_Tlaxcala_1 - INFO -   Filtering: need match on substantive tokens: ['(matlalocan?)', 'bartolome'] OR 2+ total tokens
2026-07-29 15:14:15 - matching_Tlaxcala_1 - INFO -   After filtering weak token matches: 3 candidates
2026-07-29 15:14:15 - matching_Tlaxcala_1 - INFO -   Fuzzy matches (score >= 70, limit=500): 3
2026-07-29 15:14:15 - matching_Tlaxcala_1 - DEBUG -     gz_id=1004082 'matlalohcan' score=0.960 nombre=False saint_only=False terr=jurisdiccion_exact phase=auto_adopt
2026-07-29 15:14:15 - matching_Tlaxcala_1 - DEBUG -     gz_id=1004109 'tenango' score=0.800 nombre=False saint_only=False terr=jurisdiccion_exact phase=relegated
2026-07-29 15:14:15 - matching_Tlaxcala_1 - DEBUG -     gz_id=1004064 'cuahuixmatlac' score=0.741 nombre=False saint_only=False terr=jurisdiccion_exact phase=relegated
2026-07-29 15:14:15 - matching_Tlaxcala_1 - INFO -   Before dedup: 3 candidates
2026-07-29 15:14:15 - matching_Tlaxcala_1 - INFO -   After dedup: 3 unique gz_ids
2026-07-29 15:14:15 - matching_Tlaxcala_1 - INFO -   Input has territorial data: True
2026-07-29 15:14:15 - matching_Tlaxcala_1 - INFO -   Candidates with territory match: 3
2026-07-29 15:14:15 - matching_Tlaxcala_1 - INFO -   After territorial filter (keeping jurisdiccion): 3 candidates
2026-07-29 15:14:15 - matching_Tlaxcala_1 - INFO -   Nombre matches (exact on lugar_nombre): 0
2026-07-29 15:14:15 - matching_Tlaxcala_1 - INFO -   Saint-only matches: 0
2026-07-29 15:14:15 - matching_Tlaxcala_1 - INFO -   Substantive matches: 3
2026-07-29 15:14:15 - matching_Tlaxcala_1 - INFO -   Candidate pool (>= threshold): 2
2026-07-29 15:14:15 - matching_Tlaxcala_1 - INFO -   2 candidate(s) -> candidate
2026-07-29 15:14:15 - matching_Tlaxcala_1 - INFO - 
============================================================
2026-07-29 15:14:15 - matching_Tlaxcala_1 - INFO - Processing rowID=57: 'San Salvador' -> cleaned: 'san salbador'
2026-07-29 15:14:15 - matching_Tlaxcala_1 - INFO -   Territorial context: jurisdiccion='tlaxcala' -> allowed rows: 110
2026-07-29 15:14:15 - matching_Tlaxcala_1 - INFO -   Token-based candidates: 70
2026-07-29 15:14:15 - matching_Tlaxcala_1 - INFO -   Filtering: need match on substantive tokens: ['salbador'] OR 2+ total tokens
2026-07-29 15:14:15 - matching_Tlaxcala_1 - INFO -   After filtering weak token matches: 1 candidates
2026-07-29 15:14:15 - matching_Tlaxcala_1 - INFO -   Fuzzy matches (score >= 70, limit=500): 1
2026-07-29 15:14:15 - matching_Tlaxcala_1 - DEBUG -     gz_id=1004134 'sompantepec' score=1.000 nombre=False saint_only=True terr=jurisdiccion_exact phase=candidate
2026-07-29 15:14:15 - matching_Tlaxcala_1 - INFO -   Before dedup: 1 candidates
2026-07-29 15:14:15 - matching_Tlaxcala_1 - INFO -   After dedup: 1 unique gz_ids
2026-07-29 15:14:15 - matching_Tlaxcala_1 - INFO -   Input has territorial data: True
2026-07-29 15:14:15 - matching_Tlaxcala_1 - INFO -   Candidates with territory match: 1
2026-07-29 15:14:15 - matching_Tlaxcala_1 - INFO -   After territorial filter (keeping jurisdiccion): 1 candidates
2026-07-29 15:14:15 - matching_Tlaxcala_1 - INFO -   Nombre matches (exact on lugar_nombre): 0
2026-07-29 15:14:15 - matching_Tlaxcala_1 - INFO -   Saint-only matches: 1
2026-07-29 15:14:15 - matching_Tlaxcala_1 - INFO -   Substantive matches: 0
2026-07-29 15:14:15 - matching_Tlaxcala_1 - INFO -   Candidate pool (>= threshold): 1
2026-07-29 15:14:15 - matching_Tlaxcala_1 - INFO -   1 candidate(s) -> candidate
2026-07-29 15:14:15 - matching_Tlaxcala_1 - INFO - 
============================================================
2026-07-29 15:14:15 - matching_Tlaxcala_1 - INFO - Processing rowID=58: 'San Juan Quetzalcoapan' -> cleaned: 'san juan quesalcoapan'
2026-07-29 15:14:15 - matching_Tlaxcala_1 - INFO -   Territorial context: jurisdiccion='tlaxcala' -> allowed rows: 110
2026-07-29 15:14:15 - matching_Tlaxcala_1 - INFO -   Token-based candidates: 70
2026-07-29 15:14:15 - matching_Tlaxcala_1 - INFO -   Filtering: need match on substantive tokens: ['juan', 'quesalcoapan'] OR 2+ total tokens
2026-07-29 15:14:15 - matching_Tlaxcala_1 - INFO -   After filtering weak token matches: 5 candidates
2026-07-29 15:14:15 - matching_Tlaxcala_1 - INFO -   Fuzzy matches (score >= 70, limit=500): 5
2026-07-29 15:14:15 - matching_Tlaxcala_1 - DEBUG -     gz_id=1004094 'quesalcoapan' score=1.000 nombre=True saint_only=False terr=jurisdiccion_exact phase=auto_adopt
2026-07-29 15:14:15 - matching_Tlaxcala_1 - DEBUG -     gz_id=1004050 'atlangatepec' score=0.800 nombre=False saint_only=False terr=jurisdiccion_exact phase=relegated
2026-07-29 15:14:15 - matching_Tlaxcala_1 - DEBUG -     gz_id=1004070 'huaccinco' score=0.800 nombre=False saint_only=False terr=jurisdiccion_exact phase=relegated
2026-07-29 15:14:15 - matching_Tlaxcala_1 - DEBUG -     gz_id=1004078 'ixtenco' score=0.800 nombre=False saint_only=False terr=jurisdiccion_exact phase=relegated
2026-07-29 15:14:15 - matching_Tlaxcala_1 - DEBUG -     gz_id=1004133 'totolac' score=0.800 nombre=False saint_only=False terr=jurisdiccion_exact phase=relegated
2026-07-29 15:14:15 - matching_Tlaxcala_1 - INFO -   Before dedup: 5 candidates
2026-07-29 15:14:15 - matching_Tlaxcala_1 - INFO -   After dedup: 5 unique gz_ids
2026-07-29 15:14:15 - matching_Tlaxcala_1 - INFO -   Input has territorial data: True
2026-07-29 15:14:15 - matching_Tlaxcala_1 - INFO -   Candidates with territory match: 5
2026-07-29 15:14:15 - matching_Tlaxcala_1 - INFO -   After territorial filter (keeping jurisdiccion): 5 candidates
2026-07-29 15:14:15 - matching_Tlaxcala_1 - INFO -   Nombre matches (exact on lugar_nombre): 1
2026-07-29 15:14:15 - matching_Tlaxcala_1 - INFO -   Saint-only matches: 0
2026-07-29 15:14:15 - matching_Tlaxcala_1 - INFO -   Substantive matches: 5
2026-07-29 15:14:15 - matching_Tlaxcala_1 - INFO -   NOMBRE PRIORITY: Keeping ONLY 1 nombre matches, discarding 4 others
2026-07-29 15:14:15 - matching_Tlaxcala_1 - INFO -      gz_id=1004094: Quetzalcoapan
2026-07-29 15:14:15 - matching_Tlaxcala_1 - INFO -   Candidate pool (>= threshold): 1
2026-07-29 15:14:15 - matching_Tlaxcala_1 - INFO -   Single unambiguous strong hit -> auto_adopt
2026-07-29 15:14:15 - matching_Tlaxcala_1 - INFO - 
============================================================
2026-07-29 15:14:15 - matching_Tlaxcala_1 - INFO - Processing rowID=59: 'San Cosme' -> cleaned: 'san cosme'
2026-07-29 15:14:15 - matching_Tlaxcala_1 - INFO -   Territorial context: jurisdiccion='tlaxcala' -> allowed rows: 110
2026-07-29 15:14:15 - matching_Tlaxcala_1 - INFO -   Token-based candidates: 70
2026-07-29 15:14:15 - matching_Tlaxcala_1 - INFO -   Filtering: need match on substantive tokens: ['cosme'] OR 2+ total tokens
2026-07-29 15:14:15 - matching_Tlaxcala_1 - INFO -   After filtering weak token matches: 2 candidates
2026-07-29 15:14:15 - matching_Tlaxcala_1 - INFO -   Fuzzy matches (score >= 70, limit=500): 2
2026-07-29 15:14:15 - matching_Tlaxcala_1 - DEBUG -     gz_id=1004081 'matlaloca' score=1.000 nombre=False saint_only=True terr=jurisdiccion_exact phase=candidate
2026-07-29 15:14:15 - matching_Tlaxcala_1 - DEBUG -     gz_id=1004083 'masatecochco' score=1.000 nombre=False saint_only=True terr=jurisdiccion_exact phase=candidate
2026-07-29 15:14:15 - matching_Tlaxcala_1 - INFO -   Before dedup: 2 candidates
2026-07-29 15:14:15 - matching_Tlaxcala_1 - INFO -   After dedup: 2 unique gz_ids
2026-07-29 15:14:15 - matching_Tlaxcala_1 - INFO -   Input has territorial data: True
2026-07-29 15:14:15 - matching_Tlaxcala_1 - INFO -   Candidates with territory match: 2
2026-07-29 15:14:15 - matching_Tlaxcala_1 - INFO -   After territorial filter (keeping jurisdiccion): 2 candidates
2026-07-29 15:14:15 - matching_Tlaxcala_1 - INFO -   Nombre matches (exact on lugar_nombre): 0
2026-07-29 15:14:15 - matching_Tlaxcala_1 - INFO -   Saint-only matches: 2
2026-07-29 15:14:15 - matching_Tlaxcala_1 - INFO -   Substantive matches: 0
2026-07-29 15:14:15 - matching_Tlaxcala_1 - INFO -   Candidate pool (>= threshold): 2
2026-07-29 15:14:15 - matching_Tlaxcala_1 - INFO -   2 candidate(s) -> candidate
2026-07-29 15:14:15 - matching_Tlaxcala_1 - INFO - 
============================================================
2026-07-29 15:14:15 - matching_Tlaxcala_1 - INFO - Processing rowID=60: 'San Andrés' -> cleaned: 'san andres'
2026-07-29 15:14:15 - matching_Tlaxcala_1 - INFO -   Territorial context: jurisdiccion='tlaxcala' -> allowed rows: 110
2026-07-29 15:14:15 - matching_Tlaxcala_1 - INFO -   Token-based candidates: 70
2026-07-29 15:14:15 - matching_Tlaxcala_1 - INFO -   Filtering: need match on substantive tokens: ['andres'] OR 2+ total tokens
2026-07-29 15:14:15 - matching_Tlaxcala_1 - INFO -   After filtering weak token matches: 2 candidates
2026-07-29 15:14:15 - matching_Tlaxcala_1 - INFO -   Fuzzy matches (score >= 70, limit=500): 2
2026-07-29 15:14:15 - matching_Tlaxcala_1 - DEBUG -     gz_id=1004044 'ahuatepec' score=1.000 nombre=False saint_only=True terr=jurisdiccion_exact phase=candidate
2026-07-29 15:14:15 - matching_Tlaxcala_1 - DEBUG -     gz_id=1004065 'cuamilpa' score=1.000 nombre=False saint_only=True terr=jurisdiccion_exact phase=candidate
2026-07-29 15:14:15 - matching_Tlaxcala_1 - INFO -   Before dedup: 2 candidates
2026-07-29 15:14:15 - matching_Tlaxcala_1 - INFO -   After dedup: 2 unique gz_ids
2026-07-29 15:14:15 - matching_Tlaxcala_1 - INFO -   Input has territorial data: True
2026-07-29 15:14:15 - matching_Tlaxcala_1 - INFO -   Candidates with territory match: 2
2026-07-29 15:14:15 - matching_Tlaxcala_1 - INFO -   After territorial filter (keeping jurisdiccion): 2 candidates
2026-07-29 15:14:15 - matching_Tlaxcala_1 - INFO -   Nombre matches (exact on lugar_nombre): 0
2026-07-29 15:14:15 - matching_Tlaxcala_1 - INFO -   Saint-only matches: 2
2026-07-29 15:14:15 - matching_Tlaxcala_1 - INFO -   Substantive matches: 0
2026-07-29 15:14:15 - matching_Tlaxcala_1 - INFO -   Candidate pool (>= threshold): 2
2026-07-29 15:14:15 - matching_Tlaxcala_1 - INFO -   2 candidate(s) -> candidate
2026-07-29 15:14:15 - matching_Tlaxcala_1 - INFO - Processing row 60, rowID=61
2026-07-29 15:14:15 - matching_Tlaxcala_1 - INFO - 
============================================================
2026-07-29 15:14:15 - matching_Tlaxcala_1 - INFO - Processing rowID=61: 'Santa Úrsula' -> cleaned: 'santa ursula'
2026-07-29 15:14:15 - matching_Tlaxcala_1 - INFO -   Territorial context: jurisdiccion='tlaxcala' -> allowed rows: 110
2026-07-29 15:14:15 - matching_Tlaxcala_1 - INFO -   Token-based candidates: 24
2026-07-29 15:14:15 - matching_Tlaxcala_1 - INFO -   Filtering: need match on substantive tokens: ['ursula'] OR 2+ total tokens
2026-07-29 15:14:15 - matching_Tlaxcala_1 - INFO -   After filtering weak token matches: 1 candidates
2026-07-29 15:14:15 - matching_Tlaxcala_1 - INFO -   Fuzzy matches (score >= 70, limit=500): 1
2026-07-29 15:14:15 - matching_Tlaxcala_1 - DEBUG -     gz_id=1004146 'cimatepec' score=1.000 nombre=False saint_only=True terr=jurisdiccion_exact phase=candidate
2026-07-29 15:14:15 - matching_Tlaxcala_1 - INFO -   Before dedup: 1 candidates
2026-07-29 15:14:15 - matching_Tlaxcala_1 - INFO -   After dedup: 1 unique gz_ids
2026-07-29 15:14:15 - matching_Tlaxcala_1 - INFO -   Input has territorial data: True
2026-07-29 15:14:15 - matching_Tlaxcala_1 - INFO -   Candidates with territory match: 1
2026-07-29 15:14:15 - matching_Tlaxcala_1 - INFO -   After territorial filter (keeping jurisdiccion): 1 candidates
2026-07-29 15:14:15 - matching_Tlaxcala_1 - INFO -   Nombre matches (exact on lugar_nombre): 0
2026-07-29 15:14:15 - matching_Tlaxcala_1 - INFO -   Saint-only matches: 1
2026-07-29 15:14:15 - matching_Tlaxcala_1 - INFO -   Substantive matches: 0
2026-07-29 15:14:15 - matching_Tlaxcala_1 - INFO -   Candidate pool (>= threshold): 1
2026-07-29 15:14:15 - matching_Tlaxcala_1 - INFO -   1 candidate(s) -> candidate
2026-07-29 15:14:15 - matching_Tlaxcala_1 - INFO - 
============================================================
2026-07-29 15:14:15 - matching_Tlaxcala_1 - INFO - Processing rowID=62: 'Santa Ana Guiloaque' -> cleaned: 'santa ana huiloaque'
2026-07-29 15:14:15 - matching_Tlaxcala_1 - INFO -   Territorial context: jurisdiccion='tlaxcala' -> allowed rows: 110
2026-07-29 15:14:15 - matching_Tlaxcala_1 - INFO -   Token-based candidates: 24
2026-07-29 15:14:15 - matching_Tlaxcala_1 - INFO -   Filtering: need match on substantive tokens: ['ana', 'huiloaque'] OR 2+ total tokens
2026-07-29 15:14:15 - matching_Tlaxcala_1 - INFO -   After filtering weak token matches: 3 candidates
2026-07-29 15:14:15 - matching_Tlaxcala_1 - INFO -   Fuzzy matches (score >= 70, limit=500): 3
2026-07-29 15:14:15 - matching_Tlaxcala_1 - DEBUG -     gz_id=1004074 'huiloac' score=0.970 nombre=False saint_only=False terr=jurisdiccion_exact phase=auto_adopt
2026-07-29 15:14:15 - matching_Tlaxcala_1 - DEBUG -     gz_id=1004060 'chiautempan' score=0.833 nombre=False saint_only=False terr=jurisdiccion_exact phase=relegated
2026-07-29 15:14:15 - matching_Tlaxcala_1 - DEBUG -     gz_id=1004088 'nopalucan' score=0.743 nombre=False saint_only=False terr=jurisdiccion_exact phase=relegated
2026-07-29 15:14:15 - matching_Tlaxcala_1 - INFO -   Before dedup: 3 candidates
2026-07-29 15:14:15 - matching_Tlaxcala_1 - INFO -   After dedup: 3 unique gz_ids
2026-07-29 15:14:15 - matching_Tlaxcala_1 - INFO -   Input has territorial data: True
2026-07-29 15:14:15 - matching_Tlaxcala_1 - INFO -   Candidates with territory match: 3
2026-07-29 15:14:15 - matching_Tlaxcala_1 - INFO -   After territorial filter (keeping jurisdiccion): 3 candidates
2026-07-29 15:14:15 - matching_Tlaxcala_1 - INFO -   Nombre matches (exact on lugar_nombre): 0
2026-07-29 15:14:15 - matching_Tlaxcala_1 - INFO -   Saint-only matches: 0
2026-07-29 15:14:15 - matching_Tlaxcala_1 - INFO -   Substantive matches: 3
2026-07-29 15:14:15 - matching_Tlaxcala_1 - INFO -   Candidate pool (>= threshold): 2
2026-07-29 15:14:15 - matching_Tlaxcala_1 - INFO -   2 candidate(s) -> candidate
2026-07-29 15:14:15 - matching_Tlaxcala_1 - INFO - 
============================================================
2026-07-29 15:14:15 - matching_Tlaxcala_1 - INFO - Processing rowID=63: 'San Benito' -> cleaned: 'san benito'
2026-07-29 15:14:15 - matching_Tlaxcala_1 - INFO -   Territorial context: jurisdiccion='tlaxcala' -> allowed rows: 110
2026-07-29 15:14:15 - matching_Tlaxcala_1 - INFO -   Token-based candidates: 70
2026-07-29 15:14:15 - matching_Tlaxcala_1 - INFO -   Filtering: need match on substantive tokens: ['benito'] OR 2+ total tokens
2026-07-29 15:14:15 - matching_Tlaxcala_1 - INFO -   After filtering weak token matches: 1 candidates
2026-07-29 15:14:15 - matching_Tlaxcala_1 - INFO -   Fuzzy matches (score >= 70, limit=500): 1
2026-07-29 15:14:15 - matching_Tlaxcala_1 - DEBUG -     gz_id=1004135 'jaltocan' score=1.000 nombre=False saint_only=True terr=jurisdiccion_exact phase=candidate
2026-07-29 15:14:15 - matching_Tlaxcala_1 - INFO -   Before dedup: 1 candidates
2026-07-29 15:14:15 - matching_Tlaxcala_1 - INFO -   After dedup: 1 unique gz_ids
2026-07-29 15:14:15 - matching_Tlaxcala_1 - INFO -   Input has territorial data: True
2026-07-29 15:14:15 - matching_Tlaxcala_1 - INFO -   Candidates with territory match: 1
2026-07-29 15:14:15 - matching_Tlaxcala_1 - INFO -   After territorial filter (keeping jurisdiccion): 1 candidates
2026-07-29 15:14:15 - matching_Tlaxcala_1 - INFO -   Nombre matches (exact on lugar_nombre): 0
2026-07-29 15:14:15 - matching_Tlaxcala_1 - INFO -   Saint-only matches: 1
2026-07-29 15:14:15 - matching_Tlaxcala_1 - INFO -   Substantive matches: 0
2026-07-29 15:14:15 - matching_Tlaxcala_1 - INFO -   Candidate pool (>= threshold): 1
2026-07-29 15:14:15 - matching_Tlaxcala_1 - INFO -   1 candidate(s) -> candidate
2026-07-29 15:14:15 - matching_Tlaxcala_1 - INFO - 
============================================================
2026-07-29 15:14:15 - matching_Tlaxcala_1 - INFO - Processing rowID=64: 'Santa María Tocatlan' -> cleaned: 'santa maria tocatlan'
2026-07-29 15:14:15 - matching_Tlaxcala_1 - INFO -   Territorial context: jurisdiccion='tlaxcala' -> allowed rows: 110
2026-07-29 15:14:15 - matching_Tlaxcala_1 - INFO -   Token-based candidates: 25
2026-07-29 15:14:15 - matching_Tlaxcala_1 - INFO -   Filtering: need match on substantive tokens: ['tocatlan'] OR 2+ total tokens
2026-07-29 15:14:15 - matching_Tlaxcala_1 - INFO -   After filtering weak token matches: 11 candidates
2026-07-29 15:14:15 - matching_Tlaxcala_1 - INFO -   Fuzzy matches (score >= 70, limit=500): 11
2026-07-29 15:14:15 - matching_Tlaxcala_1 - DEBUG -     gz_id=1004132 'tocatlan' score=1.000 nombre=True saint_only=False terr=jurisdiccion_exact phase=auto_adopt
2026-07-29 15:14:15 - matching_Tlaxcala_1 - DEBUG -     gz_id=1004122 'texcalac' score=0.872 nombre=False saint_only=False terr=jurisdiccion_exact phase=candidate
2026-07-29 15:14:15 - matching_Tlaxcala_1 - DEBUG -     gz_id=1004051 'atlihuecian' score=0.857 nombre=False saint_only=False terr=jurisdiccion_exact phase=candidate
2026-07-29 15:14:15 - matching_Tlaxcala_1 - DEBUG -     gz_id=1004079 'ixtulco' score=0.848 nombre=False saint_only=False terr=jurisdiccion_exact phase=relegated
2026-07-29 15:14:15 - matching_Tlaxcala_1 - DEBUG -     gz_id=1004053 'ajotla' score=0.842 nombre=False saint_only=False terr=jurisdiccion_exact phase=relegated
2026-07-29 15:14:15 - matching_Tlaxcala_1 - DEBUG -     gz_id=1004076 'ixcotla' score=0.842 nombre=False saint_only=False terr=jurisdiccion_exact phase=relegated
2026-07-29 15:14:15 - matching_Tlaxcala_1 - DEBUG -     gz_id=1004087 'natibitas' score=0.800 nombre=False saint_only=False terr=jurisdiccion_exact phase=relegated
2026-07-29 15:14:15 - matching_Tlaxcala_1 - DEBUG -     gz_id=1004104 'santa maria espana' score=0.800 nombre=False saint_only=False terr=jurisdiccion_exact phase=relegated
2026-07-29 15:14:15 - matching_Tlaxcala_1 - DEBUG -     gz_id=1004148 'sumpango' score=0.800 nombre=False saint_only=False terr=jurisdiccion_exact phase=relegated
2026-07-29 15:14:15 - matching_Tlaxcala_1 - DEBUG -     gz_id=1004057 'belen' score=0.757 nombre=False saint_only=False terr=jurisdiccion_exact phase=relegated
2026-07-29 15:14:15 - matching_Tlaxcala_1 - DEBUG -     gz_id=1004043 'acjotla' score=0.750 nombre=False saint_only=False terr=jurisdiccion_exact phase=relegated
2026-07-29 15:14:15 - matching_Tlaxcala_1 - INFO -   Before dedup: 11 candidates
2026-07-29 15:14:15 - matching_Tlaxcala_1 - INFO -   After dedup: 11 unique gz_ids
2026-07-29 15:14:15 - matching_Tlaxcala_1 - INFO -   Input has territorial data: True
2026-07-29 15:14:15 - matching_Tlaxcala_1 - INFO -   Candidates with territory match: 11
2026-07-29 15:14:15 - matching_Tlaxcala_1 - INFO -   After territorial filter (keeping jurisdiccion): 11 candidates
2026-07-29 15:14:15 - matching_Tlaxcala_1 - INFO -   Nombre matches (exact on lugar_nombre): 1
2026-07-29 15:14:15 - matching_Tlaxcala_1 - INFO -   Saint-only matches: 0
2026-07-29 15:14:15 - matching_Tlaxcala_1 - INFO -   Substantive matches: 11
2026-07-29 15:14:15 - matching_Tlaxcala_1 - INFO -   NOMBRE PRIORITY: Keeping ONLY 1 nombre matches, discarding 10 others
2026-07-29 15:14:15 - matching_Tlaxcala_1 - INFO -      gz_id=1004132: Tocatlan
2026-07-29 15:14:15 - matching_Tlaxcala_1 - INFO -   Candidate pool (>= threshold): 1
2026-07-29 15:14:15 - matching_Tlaxcala_1 - INFO -   Single unambiguous strong hit -> auto_adopt
2026-07-29 15:14:15 - matching_Tlaxcala_1 - INFO - 
============================================================
2026-07-29 15:14:15 - matching_Tlaxcala_1 - INFO - Processing rowID=65: 'San Agustin Tlaxco' -> cleaned: 'san ahustin tlaxco'
2026-07-29 15:14:15 - matching_Tlaxcala_1 - INFO -   Territorial context: jurisdiccion='tlaxcala' -> allowed rows: 110
2026-07-29 15:14:15 - matching_Tlaxcala_1 - INFO -   Token-based candidates: 70
2026-07-29 15:14:15 - matching_Tlaxcala_1 - INFO -   Filtering: need match on substantive tokens: ['ahustin', 'tlaxco'] OR 2+ total tokens
2026-07-29 15:14:15 - matching_Tlaxcala_1 - INFO -   After filtering weak token matches: 1 candidates
2026-07-29 15:14:15 - matching_Tlaxcala_1 - INFO -   Fuzzy matches (score >= 70, limit=500): 1
2026-07-29 15:14:15 - matching_Tlaxcala_1 - DEBUG -     gz_id=1004131 'tlaxco' score=1.000 nombre=True saint_only=False terr=jurisdiccion_exact phase=auto_adopt
2026-07-29 15:14:15 - matching_Tlaxcala_1 - INFO -   Before dedup: 1 candidates
2026-07-29 15:14:15 - matching_Tlaxcala_1 - INFO -   After dedup: 1 unique gz_ids
2026-07-29 15:14:15 - matching_Tlaxcala_1 - INFO -   Input has territorial data: True
2026-07-29 15:14:15 - matching_Tlaxcala_1 - INFO -   Candidates with territory match: 1
2026-07-29 15:14:15 - matching_Tlaxcala_1 - INFO -   After territorial filter (keeping jurisdiccion): 1 candidates
2026-07-29 15:14:15 - matching_Tlaxcala_1 - INFO -   Nombre matches (exact on lugar_nombre): 1
2026-07-29 15:14:15 - matching_Tlaxcala_1 - INFO -   Saint-only matches: 0
2026-07-29 15:14:15 - matching_Tlaxcala_1 - INFO -   Substantive matches: 1
2026-07-29 15:14:15 - matching_Tlaxcala_1 - INFO -   NOMBRE PRIORITY: Keeping ONLY 1 nombre matches, discarding 0 others
2026-07-29 15:14:15 - matching_Tlaxcala_1 - INFO -      gz_id=1004131: Tlaxco
2026-07-29 15:14:15 - matching_Tlaxcala_1 - INFO -   Candidate pool (>= threshold): 1
2026-07-29 15:14:15 - matching_Tlaxcala_1 - INFO -   Single unambiguous strong hit -> auto_adopt
2026-07-29 15:14:15 - matching_Tlaxcala_1 - INFO - 
============================================================
2026-07-29 15:14:15 - matching_Tlaxcala_1 - INFO - Processing rowID=66: 'Atlancatepeque' -> cleaned: 'atlancatepeque'
2026-07-29 15:14:15 - matching_Tlaxcala_1 - INFO -   Territorial context: jurisdiccion='tlaxcala' -> allowed rows: 110
2026-07-29 15:14:15 - matching_Tlaxcala_1 - INFO -   Token-based candidates: 0
2026-07-29 15:14:15 - matching_Tlaxcala_1 - WARNING -   No candidates found - relegated
2026-07-29 15:14:15 - matching_Tlaxcala_1 - INFO - 
============================================================
2026-07-29 15:14:15 - matching_Tlaxcala_1 - INFO - Processing rowID=67: 'San Felipe Ixtacuistla' -> cleaned: 'san felipe ixtacuistla'
2026-07-29 15:14:15 - matching_Tlaxcala_1 - INFO -   Territorial context: jurisdiccion='tlaxcala' -> allowed rows: 110
2026-07-29 15:14:15 - matching_Tlaxcala_1 - INFO -   Token-based candidates: 70
2026-07-29 15:14:15 - matching_Tlaxcala_1 - INFO -   Filtering: need match on substantive tokens: ['ixtacuistla', 'felipe'] OR 2+ total tokens
2026-07-29 15:14:15 - matching_Tlaxcala_1 - INFO -   After filtering weak token matches: 1 candidates
2026-07-29 15:14:15 - matching_Tlaxcala_1 - INFO -   Fuzzy matches (score >= 70, limit=500): 1
2026-07-29 15:14:15 - matching_Tlaxcala_1 - DEBUG -     gz_id=1004077 'ixtacuistla' score=1.000 nombre=True saint_only=False terr=jurisdiccion_exact phase=auto_adopt
2026-07-29 15:14:15 - matching_Tlaxcala_1 - INFO -   Before dedup: 1 candidates
2026-07-29 15:14:15 - matching_Tlaxcala_1 - INFO -   After dedup: 1 unique gz_ids
2026-07-29 15:14:15 - matching_Tlaxcala_1 - INFO -   Input has territorial data: True
2026-07-29 15:14:15 - matching_Tlaxcala_1 - INFO -   Candidates with territory match: 1
2026-07-29 15:14:15 - matching_Tlaxcala_1 - INFO -   After territorial filter (keeping jurisdiccion): 1 candidates
2026-07-29 15:14:15 - matching_Tlaxcala_1 - INFO -   Nombre matches (exact on lugar_nombre): 1
2026-07-29 15:14:15 - matching_Tlaxcala_1 - INFO -   Saint-only matches: 0
2026-07-29 15:14:15 - matching_Tlaxcala_1 - INFO -   Substantive matches: 1
2026-07-29 15:14:15 - matching_Tlaxcala_1 - INFO -   NOMBRE PRIORITY: Keeping ONLY 1 nombre matches, discarding 0 others
2026-07-29 15:14:15 - matching_Tlaxcala_1 - INFO -      gz_id=1004077: Ixtacuistla
2026-07-29 15:14:15 - matching_Tlaxcala_1 - INFO -   Candidate pool (>= threshold): 1
2026-07-29 15:14:15 - matching_Tlaxcala_1 - INFO -   Single unambiguous strong hit -> auto_adopt
2026-07-29 15:14:15 - matching_Tlaxcala_1 - INFO - 
============================================================
2026-07-29 15:14:15 - matching_Tlaxcala_1 - INFO - Processing rowID=68: 'La Trinidad' -> cleaned: 'trinidad'
2026-07-29 15:14:15 - matching_Tlaxcala_1 - INFO -   Territorial context: jurisdiccion='tlaxcala' -> allowed rows: 110
2026-07-29 15:14:15 - matching_Tlaxcala_1 - INFO -   Token-based candidates: 1
2026-07-29 15:14:15 - matching_Tlaxcala_1 - INFO -   Fuzzy matches (score >= 70, limit=500): 1
2026-07-29 15:14:15 - matching_Tlaxcala_1 - DEBUG -     gz_id=1004111 'tenejiecac' score=1.000 nombre=False saint_only=True terr=jurisdiccion_exact phase=candidate
2026-07-29 15:14:15 - matching_Tlaxcala_1 - INFO -   Before dedup: 1 candidates
2026-07-29 15:14:15 - matching_Tlaxcala_1 - INFO -   After dedup: 1 unique gz_ids
2026-07-29 15:14:15 - matching_Tlaxcala_1 - INFO -   Input has territorial data: True
2026-07-29 15:14:15 - matching_Tlaxcala_1 - INFO -   Candidates with territory match: 1
2026-07-29 15:14:15 - matching_Tlaxcala_1 - INFO -   After territorial filter (keeping jurisdiccion): 1 candidates
2026-07-29 15:14:15 - matching_Tlaxcala_1 - INFO -   Nombre matches (exact on lugar_nombre): 0
2026-07-29 15:14:15 - matching_Tlaxcala_1 - INFO -   Saint-only matches: 1
2026-07-29 15:14:15 - matching_Tlaxcala_1 - INFO -   Substantive matches: 0
2026-07-29 15:14:15 - matching_Tlaxcala_1 - INFO -   Candidate pool (>= threshold): 1
2026-07-29 15:14:15 - matching_Tlaxcala_1 - INFO -   1 candidate(s) -> candidate
2026-07-29 15:14:15 - matching_Tlaxcala_1 - INFO - 
============================================================
2026-07-29 15:14:15 - matching_Tlaxcala_1 - INFO - Processing rowID=69: 'Hueyotlipam' -> cleaned: 'hueiotlipam'
2026-07-29 15:14:15 - matching_Tlaxcala_1 - INFO -   Territorial context: jurisdiccion='tlaxcala' -> allowed rows: 110
2026-07-29 15:14:15 - matching_Tlaxcala_1 - INFO -   Token-based candidates: 1
2026-07-29 15:14:15 - matching_Tlaxcala_1 - INFO -   Fuzzy matches (score >= 70, limit=500): 1
2026-07-29 15:14:15 - matching_Tlaxcala_1 - DEBUG -     gz_id=1004073 'hueiotlipan' score=0.952 nombre=False saint_only=False terr=jurisdiccion_exact phase=auto_adopt
2026-07-29 15:14:15 - matching_Tlaxcala_1 - INFO -   Before dedup: 1 candidates
2026-07-29 15:14:15 - matching_Tlaxcala_1 - INFO -   After dedup: 1 unique gz_ids
2026-07-29 15:14:15 - matching_Tlaxcala_1 - INFO -   Input has territorial data: True
2026-07-29 15:14:15 - matching_Tlaxcala_1 - INFO -   Candidates with territory match: 1
2026-07-29 15:14:15 - matching_Tlaxcala_1 - INFO -   After territorial filter (keeping jurisdiccion): 1 candidates
2026-07-29 15:14:15 - matching_Tlaxcala_1 - INFO -   Nombre matches (exact on lugar_nombre): 0
2026-07-29 15:14:15 - matching_Tlaxcala_1 - INFO -   Saint-only matches: 0
2026-07-29 15:14:15 - matching_Tlaxcala_1 - INFO -   Substantive matches: 1
2026-07-29 15:14:15 - matching_Tlaxcala_1 - INFO -   Candidate pool (>= threshold): 1
2026-07-29 15:14:15 - matching_Tlaxcala_1 - INFO -   Single unambiguous strong hit -> auto_adopt
2026-07-29 15:14:15 - matching_Tlaxcala_1 - INFO - 
============================================================
2026-07-29 15:14:15 - matching_Tlaxcala_1 - INFO - Processing rowID=70: 'San Simon' -> cleaned: 'san cimon'
2026-07-29 15:14:15 - matching_Tlaxcala_1 - INFO -   Territorial context: jurisdiccion='tlaxcala' -> allowed rows: 110
2026-07-29 15:14:15 - matching_Tlaxcala_1 - INFO -   Token-based candidates: 70
2026-07-29 15:14:15 - matching_Tlaxcala_1 - INFO -   Filtering: need match on substantive tokens: ['cimon'] OR 2+ total tokens
2026-07-29 15:14:15 - matching_Tlaxcala_1 - INFO -   After filtering weak token matches: 2 candidates
2026-07-29 15:14:15 - matching_Tlaxcala_1 - INFO -   Fuzzy matches (score >= 70, limit=500): 2
2026-07-29 15:14:15 - matching_Tlaxcala_1 - DEBUG -     gz_id=1004102 'san cimon' score=1.000 nombre=False saint_only=True terr=jurisdiccion_exact phase=candidate
2026-07-29 15:14:15 - matching_Tlaxcala_1 - DEBUG -     gz_id=1004103 'san cimon' score=1.000 nombre=False saint_only=True terr=jurisdiccion_exact phase=candidate
2026-07-29 15:14:15 - matching_Tlaxcala_1 - INFO -   Before dedup: 2 candidates
2026-07-29 15:14:15 - matching_Tlaxcala_1 - INFO -   After dedup: 2 unique gz_ids
2026-07-29 15:14:15 - matching_Tlaxcala_1 - INFO -   Input has territorial data: True
2026-07-29 15:14:15 - matching_Tlaxcala_1 - INFO -   Candidates with territory match: 2
2026-07-29 15:14:15 - matching_Tlaxcala_1 - INFO -   After territorial filter (keeping jurisdiccion): 2 candidates
2026-07-29 15:14:15 - matching_Tlaxcala_1 - INFO -   Nombre matches (exact on lugar_nombre): 0
2026-07-29 15:14:15 - matching_Tlaxcala_1 - INFO -   Saint-only matches: 2
2026-07-29 15:14:15 - matching_Tlaxcala_1 - INFO -   Substantive matches: 0
2026-07-29 15:14:15 - matching_Tlaxcala_1 - INFO -   Candidate pool (>= threshold): 2
2026-07-29 15:14:15 - matching_Tlaxcala_1 - INFO -   2 candidate(s) -> candidate
2026-07-29 15:14:15 - matching_Tlaxcala_1 - INFO - Processing row 70, rowID=71
2026-07-29 15:14:15 - matching_Tlaxcala_1 - INFO - 
============================================================
2026-07-29 15:14:15 - matching_Tlaxcala_1 - INFO - Processing rowID=71: 'Nra Sra de España' -> cleaned: 'nra sra espana'
2026-07-29 15:14:15 - matching_Tlaxcala_1 - INFO -   Territorial context: jurisdiccion='tlaxcala' -> allowed rows: 110
2026-07-29 15:14:15 - matching_Tlaxcala_1 - INFO -   Token-based candidates: 1
2026-07-29 15:14:15 - matching_Tlaxcala_1 - INFO -   Filtering: need match on substantive tokens: ['sra', 'nra', 'espana'] OR 2+ total tokens
2026-07-29 15:14:15 - matching_Tlaxcala_1 - INFO -   Fuzzy matches (score >= 70, limit=500): 1
2026-07-29 15:14:15 - matching_Tlaxcala_1 - DEBUG -     gz_id=1004104 'santa maria espana' score=0.800 nombre=False saint_only=False terr=jurisdiccion_exact phase=relegated
2026-07-29 15:14:15 - matching_Tlaxcala_1 - INFO -   Before dedup: 1 candidates
2026-07-29 15:14:15 - matching_Tlaxcala_1 - INFO -   After dedup: 1 unique gz_ids
2026-07-29 15:14:15 - matching_Tlaxcala_1 - INFO -   Input has territorial data: True
2026-07-29 15:14:15 - matching_Tlaxcala_1 - INFO -   Candidates with territory match: 1
2026-07-29 15:14:15 - matching_Tlaxcala_1 - INFO -   After territorial filter (keeping jurisdiccion): 1 candidates
2026-07-29 15:14:15 - matching_Tlaxcala_1 - INFO -   Nombre matches (exact on lugar_nombre): 0
2026-07-29 15:14:15 - matching_Tlaxcala_1 - INFO -   Saint-only matches: 0
2026-07-29 15:14:15 - matching_Tlaxcala_1 - INFO -   Substantive matches: 1
2026-07-29 15:14:15 - matching_Tlaxcala_1 - INFO -   Candidate pool (>= threshold): 1
2026-07-29 15:14:15 - matching_Tlaxcala_1 - INFO -   1 candidate(s) -> candidate
2026-07-29 15:14:15 - matching_Tlaxcala_1 - INFO - 
============================================================
2026-07-29 15:14:15 - matching_Tlaxcala_1 - INFO - Processing rowID=72: 'Ixcotla' -> cleaned: 'ixcotla'
2026-07-29 15:14:15 - matching_Tlaxcala_1 - INFO -   Territorial context: jurisdiccion='tlaxcala' -> allowed rows: 110
2026-07-29 15:14:15 - matching_Tlaxcala_1 - INFO -   Token-based candidates: 1
2026-07-29 15:14:15 - matching_Tlaxcala_1 - INFO -   Fuzzy matches (score >= 70, limit=500): 1
2026-07-29 15:14:15 - matching_Tlaxcala_1 - DEBUG -     gz_id=1004076 'ixcotla' score=1.000 nombre=False saint_only=False terr=jurisdiccion_exact phase=auto_adopt
2026-07-29 15:14:15 - matching_Tlaxcala_1 - INFO -   Before dedup: 1 candidates
2026-07-29 15:14:15 - matching_Tlaxcala_1 - INFO -   After dedup: 1 unique gz_ids
2026-07-29 15:14:15 - matching_Tlaxcala_1 - INFO -   Input has territorial data: True
2026-07-29 15:14:15 - matching_Tlaxcala_1 - INFO -   Candidates with territory match: 1
2026-07-29 15:14:15 - matching_Tlaxcala_1 - INFO -   After territorial filter (keeping jurisdiccion): 1 candidates
2026-07-29 15:14:15 - matching_Tlaxcala_1 - INFO -   Nombre matches (exact on lugar_nombre): 0
2026-07-29 15:14:15 - matching_Tlaxcala_1 - INFO -   Saint-only matches: 0
2026-07-29 15:14:15 - matching_Tlaxcala_1 - INFO -   Substantive matches: 1
2026-07-29 15:14:15 - matching_Tlaxcala_1 - INFO -   Candidate pool (>= threshold): 1
2026-07-29 15:14:15 - matching_Tlaxcala_1 - INFO -   Single unambiguous strong hit -> auto_adopt
2026-07-29 15:14:15 - matching_Tlaxcala_1 - INFO - 
============================================================
2026-07-29 15:14:15 - matching_Tlaxcala_1 - INFO - Processing rowID=73: 'La Magdalena' -> cleaned: 'magdalena'
2026-07-29 15:14:15 - matching_Tlaxcala_1 - INFO -   Territorial context: jurisdiccion='tlaxcala' -> allowed rows: 110
2026-07-29 15:14:15 - matching_Tlaxcala_1 - INFO -   Token-based candidates: 2
2026-07-29 15:14:15 - matching_Tlaxcala_1 - INFO -   Fuzzy matches (score >= 70, limit=500): 2
2026-07-29 15:14:15 - matching_Tlaxcala_1 - DEBUG -     gz_id=1004080 'magdalena' score=1.000 nombre=False saint_only=True terr=jurisdiccion_exact phase=candidate
2026-07-29 15:14:15 - matching_Tlaxcala_1 - DEBUG -     gz_id=1004129 'tlaltelulco' score=1.000 nombre=False saint_only=True terr=jurisdiccion_exact phase=candidate
2026-07-29 15:14:15 - matching_Tlaxcala_1 - INFO -   Before dedup: 2 candidates
2026-07-29 15:14:15 - matching_Tlaxcala_1 - INFO -   After dedup: 2 unique gz_ids
2026-07-29 15:14:15 - matching_Tlaxcala_1 - INFO -   Input has territorial data: True
2026-07-29 15:14:15 - matching_Tlaxcala_1 - INFO -   Candidates with territory match: 2
2026-07-29 15:14:15 - matching_Tlaxcala_1 - INFO -   After territorial filter (keeping jurisdiccion): 2 candidates
2026-07-29 15:14:15 - matching_Tlaxcala_1 - INFO -   Nombre matches (exact on lugar_nombre): 0
2026-07-29 15:14:15 - matching_Tlaxcala_1 - INFO -   Saint-only matches: 2
2026-07-29 15:14:15 - matching_Tlaxcala_1 - INFO -   Substantive matches: 0
2026-07-29 15:14:15 - matching_Tlaxcala_1 - INFO -   Candidate pool (>= threshold): 2
2026-07-29 15:14:15 - matching_Tlaxcala_1 - INFO -   2 candidate(s) -> candidate
2026-07-29 15:14:15 - matching_Tlaxcala_1 - INFO - 
============================================================
2026-07-29 15:14:15 - matching_Tlaxcala_1 - INFO - Processing rowID=74: 'San Meteo' -> cleaned: 'san meteo'
2026-07-29 15:14:15 - matching_Tlaxcala_1 - INFO -   Territorial context: jurisdiccion='tlaxcala' -> allowed rows: 110
2026-07-29 15:14:15 - matching_Tlaxcala_1 - INFO -   Token-based candidates: 70
2026-07-29 15:14:15 - matching_Tlaxcala_1 - INFO -   Filtering: need match on substantive tokens: ['meteo'] OR 2+ total tokens
2026-07-29 15:14:15 - matching_Tlaxcala_1 - INFO -   Fuzzy matches (score >= 70, limit=500): 18
2026-07-29 15:14:15 - matching_Tlaxcala_1 - DEBUG -     gz_id=1004054 'aiecac' score=0.889 nombre=False saint_only=False terr=jurisdiccion_exact phase=candidate
2026-07-29 15:14:15 - matching_Tlaxcala_1 - DEBUG -     gz_id=1004072 'huejoiucan' score=0.889 nombre=False saint_only=False terr=jurisdiccion_exact phase=candidate
2026-07-29 15:14:15 - matching_Tlaxcala_1 - DEBUG -     gz_id=1004114 'tepetitla' score=0.889 nombre=False saint_only=False terr=jurisdiccion_exact phase=candidate
2026-07-29 15:14:15 - matching_Tlaxcala_1 - DEBUG -     gz_id=1004124 'tisantla' score=0.824 nombre=False saint_only=False terr=jurisdiccion_exact phase=relegated
2026-07-29 15:14:15 - matching_Tlaxcala_1 - DEBUG -     gz_id=1004075 'huiloapan' score=0.778 nombre=False saint_only=False terr=jurisdiccion_exact phase=relegated
2026-07-29 15:14:15 - matching_Tlaxcala_1 - DEBUG -     gz_id=1004098 'san matias' score=0.750 nombre=False saint_only=False terr=jurisdiccion_exact phase=relegated
2026-07-29 15:14:15 - matching_Tlaxcala_1 - DEBUG -     gz_id=1004115 'tepetomatitlan' score=0.750 nombre=False saint_only=False terr=jurisdiccion_exact phase=relegated
2026-07-29 15:14:15 - matching_Tlaxcala_1 - DEBUG -     gz_id=1004062 'contla' score=0.714 nombre=False saint_only=False terr=jurisdiccion_exact phase=relegated
2026-07-29 15:14:15 - matching_Tlaxcala_1 - DEBUG -     gz_id=1004099 'san mihuel milagro' score=0.714 nombre=False saint_only=False terr=jurisdiccion_exact phase=relegated
2026-07-29 15:14:15 - matching_Tlaxcala_1 - DEBUG -     gz_id=1004100 'san mihuelito' score=0.714 nombre=False saint_only=False terr=jurisdiccion_exact phase=relegated
2026-07-29 15:14:15 - matching_Tlaxcala_1 - DEBUG -     gz_id=1004108 'tenancingo' score=0.714 nombre=False saint_only=False terr=jurisdiccion_exact phase=relegated
2026-07-29 15:14:15 - matching_Tlaxcala_1 - DEBUG -     gz_id=1004136 'jaltocan' score=0.714 nombre=False saint_only=False terr=jurisdiccion_exact phase=relegated
2026-07-29 15:14:15 - matching_Tlaxcala_1 - DEBUG -     gz_id=1004140 'jochitecatitla' score=0.714 nombre=False saint_only=False terr=jurisdiccion_exact phase=relegated
2026-07-29 15:14:15 - matching_Tlaxcala_1 - DEBUG -     gz_id=1004040 'acuamanala' score=0.706 nombre=False saint_only=False terr=jurisdiccion_exact phase=relegated
2026-07-29 15:14:15 - matching_Tlaxcala_1 - DEBUG -     gz_id=1004068 'cuajomulco' score=0.706 nombre=False saint_only=False terr=jurisdiccion_exact phase=relegated
2026-07-29 15:14:15 - matching_Tlaxcala_1 - DEBUG -     gz_id=1004102 'san cimon' score=0.706 nombre=False saint_only=False terr=jurisdiccion_exact phase=relegated
2026-07-29 15:14:15 - matching_Tlaxcala_1 - DEBUG -     gz_id=1004103 'san cimon' score=0.706 nombre=False saint_only=False terr=jurisdiccion_exact phase=relegated
2026-07-29 15:14:15 - matching_Tlaxcala_1 - DEBUG -     gz_id=1004145 'sacualpan' score=0.706 nombre=False saint_only=False terr=jurisdiccion_exact phase=relegated
2026-07-29 15:14:15 - matching_Tlaxcala_1 - INFO -   Before dedup: 18 candidates
2026-07-29 15:14:15 - matching_Tlaxcala_1 - INFO -   After dedup: 18 unique gz_ids
2026-07-29 15:14:15 - matching_Tlaxcala_1 - INFO -   Input has territorial data: True
2026-07-29 15:14:15 - matching_Tlaxcala_1 - INFO -   Candidates with territory match: 18
2026-07-29 15:14:15 - matching_Tlaxcala_1 - INFO -   After territorial filter (keeping jurisdiccion): 18 candidates
2026-07-29 15:14:15 - matching_Tlaxcala_1 - INFO -   Nombre matches (exact on lugar_nombre): 0
2026-07-29 15:14:15 - matching_Tlaxcala_1 - INFO -   Saint-only matches: 0
2026-07-29 15:14:15 - matching_Tlaxcala_1 - INFO -   Substantive matches: 18
2026-07-29 15:14:15 - matching_Tlaxcala_1 - INFO -   Candidate pool (>= threshold): 4
2026-07-29 15:14:15 - matching_Tlaxcala_1 - INFO -   4 candidate(s) -> candidate
2026-07-29 15:14:15 - matching_Tlaxcala_1 - INFO - 
============================================================
2026-07-29 15:14:15 - matching_Tlaxcala_1 - INFO - Processing rowID=75: 'San Diego' -> cleaned: 'san diego'
2026-07-29 15:14:15 - matching_Tlaxcala_1 - INFO -   Territorial context: jurisdiccion='tlaxcala' -> allowed rows: 110
2026-07-29 15:14:15 - matching_Tlaxcala_1 - INFO -   Token-based candidates: 70
2026-07-29 15:14:15 - matching_Tlaxcala_1 - INFO -   Filtering: need match on substantive tokens: ['diego'] OR 2+ total tokens
2026-07-29 15:14:15 - matching_Tlaxcala_1 - INFO -   After filtering weak token matches: 1 candidates
2026-07-29 15:14:15 - matching_Tlaxcala_1 - INFO -   Fuzzy matches (score >= 70, limit=500): 1
2026-07-29 15:14:15 - matching_Tlaxcala_1 - DEBUG -     gz_id=1004141 'jocoiucan' score=1.000 nombre=False saint_only=True terr=jurisdiccion_exact phase=candidate
2026-07-29 15:14:15 - matching_Tlaxcala_1 - INFO -   Before dedup: 1 candidates
2026-07-29 15:14:15 - matching_Tlaxcala_1 - INFO -   After dedup: 1 unique gz_ids
2026-07-29 15:14:15 - matching_Tlaxcala_1 - INFO -   Input has territorial data: True
2026-07-29 15:14:15 - matching_Tlaxcala_1 - INFO -   Candidates with territory match: 1
2026-07-29 15:14:15 - matching_Tlaxcala_1 - INFO -   After territorial filter (keeping jurisdiccion): 1 candidates
2026-07-29 15:14:15 - matching_Tlaxcala_1 - INFO -   Nombre matches (exact on lugar_nombre): 0
2026-07-29 15:14:15 - matching_Tlaxcala_1 - INFO -   Saint-only matches: 1
2026-07-29 15:14:15 - matching_Tlaxcala_1 - INFO -   Substantive matches: 0
2026-07-29 15:14:15 - matching_Tlaxcala_1 - INFO -   Candidate pool (>= threshold): 1
2026-07-29 15:14:15 - matching_Tlaxcala_1 - INFO -   1 candidate(s) -> candidate
2026-07-29 15:14:15 - matching_Tlaxcala_1 - INFO - 
============================================================
2026-07-29 15:14:15 - matching_Tlaxcala_1 - INFO - Processing rowID=76: 'Santa Justina' -> cleaned: 'santa justina'
2026-07-29 15:14:15 - matching_Tlaxcala_1 - INFO -   Territorial context: jurisdiccion='tlaxcala' -> allowed rows: 110
2026-07-29 15:14:15 - matching_Tlaxcala_1 - INFO -   Token-based candidates: 24
2026-07-29 15:14:15 - matching_Tlaxcala_1 - INFO -   Filtering: need match on substantive tokens: ['justina'] OR 2+ total tokens
2026-07-29 15:14:15 - matching_Tlaxcala_1 - INFO -   After filtering weak token matches: 1 candidates
2026-07-29 15:14:15 - matching_Tlaxcala_1 - INFO -   Fuzzy matches (score >= 70, limit=500): 1
2026-07-29 15:14:15 - matching_Tlaxcala_1 - DEBUG -     gz_id=1004069 'ecatepec' score=1.000 nombre=False saint_only=True terr=jurisdiccion_exact phase=candidate
2026-07-29 15:14:15 - matching_Tlaxcala_1 - INFO -   Before dedup: 1 candidates
2026-07-29 15:14:15 - matching_Tlaxcala_1 - INFO -   After dedup: 1 unique gz_ids
2026-07-29 15:14:15 - matching_Tlaxcala_1 - INFO -   Input has territorial data: True
2026-07-29 15:14:15 - matching_Tlaxcala_1 - INFO -   Candidates with territory match: 1
2026-07-29 15:14:15 - matching_Tlaxcala_1 - INFO -   After territorial filter (keeping jurisdiccion): 1 candidates
2026-07-29 15:14:15 - matching_Tlaxcala_1 - INFO -   Nombre matches (exact on lugar_nombre): 0
2026-07-29 15:14:15 - matching_Tlaxcala_1 - INFO -   Saint-only matches: 1
2026-07-29 15:14:15 - matching_Tlaxcala_1 - INFO -   Substantive matches: 0
2026-07-29 15:14:15 - matching_Tlaxcala_1 - INFO -   Candidate pool (>= threshold): 1
2026-07-29 15:14:15 - matching_Tlaxcala_1 - INFO -   1 candidate(s) -> candidate
2026-07-29 15:14:15 - matching_Tlaxcala_1 - INFO - 
============================================================
2026-07-29 15:14:15 - matching_Tlaxcala_1 - INFO - Processing rowID=77: 'Santa Ines' -> cleaned: 'santa ines'
2026-07-29 15:14:15 - matching_Tlaxcala_1 - INFO -   Territorial context: jurisdiccion='tlaxcala' -> allowed rows: 110
2026-07-29 15:14:15 - matching_Tlaxcala_1 - INFO -   Token-based candidates: 24
2026-07-29 15:14:15 - matching_Tlaxcala_1 - INFO -   Filtering: need match on substantive tokens: ['ines'] OR 2+ total tokens
2026-07-29 15:14:16 - matching_Tlaxcala_1 - INFO -   After filtering weak token matches: 2 candidates
2026-07-29 15:14:16 - matching_Tlaxcala_1 - INFO -   Fuzzy matches (score >= 70, limit=500): 2
2026-07-29 15:14:16 - matching_Tlaxcala_1 - DEBUG -     gz_id=1004106 'tecuexcomac' score=1.000 nombre=False saint_only=True terr=jurisdiccion_exact phase=candidate
2026-07-29 15:14:16 - matching_Tlaxcala_1 - DEBUG -     gz_id=1004144 'sacatelco' score=1.000 nombre=False saint_only=True terr=jurisdiccion_exact phase=candidate
2026-07-29 15:14:16 - matching_Tlaxcala_1 - INFO -   Before dedup: 2 candidates
2026-07-29 15:14:16 - matching_Tlaxcala_1 - INFO -   After dedup: 2 unique gz_ids
2026-07-29 15:14:16 - matching_Tlaxcala_1 - INFO -   Input has territorial data: True
2026-07-29 15:14:16 - matching_Tlaxcala_1 - INFO -   Candidates with territory match: 2
2026-07-29 15:14:16 - matching_Tlaxcala_1 - INFO -   After territorial filter (keeping jurisdiccion): 2 candidates
2026-07-29 15:14:16 - matching_Tlaxcala_1 - INFO -   Nombre matches (exact on lugar_nombre): 0
2026-07-29 15:14:16 - matching_Tlaxcala_1 - INFO -   Saint-only matches: 2
2026-07-29 15:14:16 - matching_Tlaxcala_1 - INFO -   Substantive matches: 0
2026-07-29 15:14:16 - matching_Tlaxcala_1 - INFO -   Candidate pool (>= threshold): 2
2026-07-29 15:14:16 - matching_Tlaxcala_1 - INFO -   2 candidate(s) -> candidate
2026-07-29 15:14:16 - matching_Tlaxcala_1 - INFO - 
============================================================
2026-07-29 15:14:16 - matching_Tlaxcala_1 - INFO - Processing rowID=78: '..paluca' -> cleaned: 'paluca'
2026-07-29 15:14:16 - matching_Tlaxcala_1 - INFO -   Territorial context: jurisdiccion='tlaxcala' -> allowed rows: 110
2026-07-29 15:14:16 - matching_Tlaxcala_1 - INFO -   Token-based candidates: 1
2026-07-29 15:14:16 - matching_Tlaxcala_1 - INFO -   Fuzzy matches (score >= 70, limit=500): 1
2026-07-29 15:14:16 - matching_Tlaxcala_1 - DEBUG -     gz_id=1004088 'nopalucan' score=1.000 nombre=False saint_only=False terr=jurisdiccion_exact phase=auto_adopt
2026-07-29 15:14:16 - matching_Tlaxcala_1 - INFO -   Before dedup: 1 candidates
2026-07-29 15:14:16 - matching_Tlaxcala_1 - INFO -   After dedup: 1 unique gz_ids
2026-07-29 15:14:16 - matching_Tlaxcala_1 - INFO -   Input has territorial data: True
2026-07-29 15:14:16 - matching_Tlaxcala_1 - INFO -   Candidates with territory match: 1
2026-07-29 15:14:16 - matching_Tlaxcala_1 - INFO -   After territorial filter (keeping jurisdiccion): 1 candidates
2026-07-29 15:14:16 - matching_Tlaxcala_1 - INFO -   Nombre matches (exact on lugar_nombre): 0
2026-07-29 15:14:16 - matching_Tlaxcala_1 - INFO -   Saint-only matches: 0
2026-07-29 15:14:16 - matching_Tlaxcala_1 - INFO -   Substantive matches: 1
2026-07-29 15:14:16 - matching_Tlaxcala_1 - INFO -   Candidate pool (>= threshold): 1
2026-07-29 15:14:16 - matching_Tlaxcala_1 - INFO -   Single unambiguous strong hit -> auto_adopt
2026-07-29 15:14:16 - matching_Tlaxcala_1 - INFO - 
============================================================
2026-07-29 15:14:16 - matching_Tlaxcala_1 - INFO - Processing rowID=79: 'Mitepeque' -> cleaned: 'mitepeque'
2026-07-29 15:14:16 - matching_Tlaxcala_1 - INFO -   Territorial context: jurisdiccion='tlaxcala' -> allowed rows: 110
2026-07-29 15:14:16 - matching_Tlaxcala_1 - INFO -   Token-based candidates: 0
2026-07-29 15:14:16 - matching_Tlaxcala_1 - WARNING -   No candidates found - relegated
2026-07-29 15:14:16 - matching_Tlaxcala_1 - INFO - 
============================================================
2026-07-29 15:14:16 - matching_Tlaxcala_1 - INFO - Processing rowID=80: 'Santa María Nativitas' -> cleaned: 'santa maria natibitas'
2026-07-29 15:14:16 - matching_Tlaxcala_1 - INFO -   Territorial context: jurisdiccion='tlaxcala' -> allowed rows: 110
2026-07-29 15:14:16 - matching_Tlaxcala_1 - INFO -   Token-based candidates: 24
2026-07-29 15:14:16 - matching_Tlaxcala_1 - INFO -   Filtering: need match on substantive tokens: ['natibitas'] OR 2+ total tokens
2026-07-29 15:14:16 - matching_Tlaxcala_1 - INFO -   After filtering weak token matches: 11 candidates
2026-07-29 15:14:16 - matching_Tlaxcala_1 - INFO -   Fuzzy matches (score >= 70, limit=500): 11
2026-07-29 15:14:16 - matching_Tlaxcala_1 - DEBUG -     gz_id=1004087 'natibitas' score=1.000 nombre=True saint_only=False terr=jurisdiccion_exact phase=auto_adopt
2026-07-29 15:14:16 - matching_Tlaxcala_1 - DEBUG -     gz_id=1004104 'santa maria espana' score=0.875 nombre=False saint_only=False terr=jurisdiccion_exact phase=candidate
2026-07-29 15:14:16 - matching_Tlaxcala_1 - DEBUG -     gz_id=1004051 'atlihuecian' score=0.811 nombre=False saint_only=False terr=jurisdiccion_exact phase=relegated
2026-07-29 15:14:16 - matching_Tlaxcala_1 - DEBUG -     gz_id=1004132 'tocatlan' score=0.800 nombre=False saint_only=False terr=jurisdiccion_exact phase=relegated
2026-07-29 15:14:16 - matching_Tlaxcala_1 - DEBUG -     gz_id=1004076 'ixcotla' score=0.800 nombre=False saint_only=False terr=jurisdiccion_exact phase=relegated
2026-07-29 15:14:16 - matching_Tlaxcala_1 - DEBUG -     gz_id=1004148 'sumpango' score=0.800 nombre=False saint_only=False terr=jurisdiccion_exact phase=relegated
2026-07-29 15:14:16 - matching_Tlaxcala_1 - DEBUG -     gz_id=1004079 'ixtulco' score=0.800 nombre=False saint_only=False terr=jurisdiccion_exact phase=relegated
2026-07-29 15:14:16 - matching_Tlaxcala_1 - DEBUG -     gz_id=1004053 'ajotla' score=0.769 nombre=False saint_only=False terr=jurisdiccion_exact phase=relegated
2026-07-29 15:14:16 - matching_Tlaxcala_1 - DEBUG -     gz_id=1004057 'belen' score=0.765 nombre=False saint_only=False terr=jurisdiccion_exact phase=relegated
2026-07-29 15:14:16 - matching_Tlaxcala_1 - DEBUG -     gz_id=1004122 'texcalac' score=0.800 nombre=False saint_only=False terr=jurisdiccion_exact phase=relegated
2026-07-29 15:14:16 - matching_Tlaxcala_1 - DEBUG -     gz_id=1004043 'acjotla' score=0.727 nombre=False saint_only=False terr=jurisdiccion_exact phase=relegated
2026-07-29 15:14:16 - matching_Tlaxcala_1 - INFO -   Before dedup: 11 candidates
2026-07-29 15:14:16 - matching_Tlaxcala_1 - INFO -   After dedup: 11 unique gz_ids
2026-07-29 15:14:16 - matching_Tlaxcala_1 - INFO -   Input has territorial data: True
2026-07-29 15:14:16 - matching_Tlaxcala_1 - INFO -   Candidates with territory match: 11
2026-07-29 15:14:16 - matching_Tlaxcala_1 - INFO -   After territorial filter (keeping jurisdiccion): 11 candidates
2026-07-29 15:14:16 - matching_Tlaxcala_1 - INFO -   Nombre matches (exact on lugar_nombre): 1
2026-07-29 15:14:16 - matching_Tlaxcala_1 - INFO -   Saint-only matches: 0
2026-07-29 15:14:16 - matching_Tlaxcala_1 - INFO -   Substantive matches: 11
2026-07-29 15:14:16 - matching_Tlaxcala_1 - INFO -   NOMBRE PRIORITY: Keeping ONLY 1 nombre matches, discarding 10 others
2026-07-29 15:14:16 - matching_Tlaxcala_1 - INFO -      gz_id=1004087: Nativitas
2026-07-29 15:14:16 - matching_Tlaxcala_1 - INFO -   Candidate pool (>= threshold): 1
2026-07-29 15:14:16 - matching_Tlaxcala_1 - INFO -   Single unambiguous strong hit -> auto_adopt
2026-07-29 15:14:16 - matching_Tlaxcala_1 - INFO - Processing row 80, rowID=81
2026-07-29 15:14:16 - matching_Tlaxcala_1 - INFO - 
============================================================
2026-07-29 15:14:16 - matching_Tlaxcala_1 - INFO - Processing rowID=81: 'Santo Tomás' -> cleaned: 'santo tomas'
2026-07-29 15:14:16 - matching_Tlaxcala_1 - INFO -   Territorial context: jurisdiccion='tlaxcala' -> allowed rows: 110
2026-07-29 15:14:16 - matching_Tlaxcala_1 - INFO -   Token-based candidates: 2
2026-07-29 15:14:16 - matching_Tlaxcala_1 - INFO -   Filtering: need match on substantive tokens: ['tomas'] OR 2+ total tokens
2026-07-29 15:14:16 - matching_Tlaxcala_1 - INFO -   After filtering weak token matches: 1 candidates
2026-07-29 15:14:16 - matching_Tlaxcala_1 - INFO -   Fuzzy matches (score >= 70, limit=500): 1
2026-07-29 15:14:16 - matching_Tlaxcala_1 - DEBUG -     gz_id=1004142 'jostla' score=1.000 nombre=False saint_only=True terr=jurisdiccion_exact phase=candidate
2026-07-29 15:14:16 - matching_Tlaxcala_1 - INFO -   Before dedup: 1 candidates
2026-07-29 15:14:16 - matching_Tlaxcala_1 - INFO -   After dedup: 1 unique gz_ids
2026-07-29 15:14:16 - matching_Tlaxcala_1 - INFO -   Input has territorial data: True
2026-07-29 15:14:16 - matching_Tlaxcala_1 - INFO -   Candidates with territory match: 1
2026-07-29 15:14:16 - matching_Tlaxcala_1 - INFO -   After territorial filter (keeping jurisdiccion): 1 candidates
2026-07-29 15:14:16 - matching_Tlaxcala_1 - INFO -   Nombre matches (exact on lugar_nombre): 0
2026-07-29 15:14:16 - matching_Tlaxcala_1 - INFO -   Saint-only matches: 1
2026-07-29 15:14:16 - matching_Tlaxcala_1 - INFO -   Substantive matches: 0
2026-07-29 15:14:16 - matching_Tlaxcala_1 - INFO -   Candidate pool (>= threshold): 1
2026-07-29 15:14:16 - matching_Tlaxcala_1 - INFO -   1 candidate(s) -> candidate
2026-07-29 15:14:16 - matching_Tlaxcala_1 - INFO - 
============================================================
2026-07-29 15:14:16 - matching_Tlaxcala_1 - INFO - Processing rowID=82: 'Santiago' -> cleaned: 'santiago'
2026-07-29 15:14:16 - matching_Tlaxcala_1 - INFO -   Territorial context: jurisdiccion='tlaxcala' -> allowed rows: 110
2026-07-29 15:14:16 - matching_Tlaxcala_1 - INFO -   Token-based candidates: 6
2026-07-29 15:14:16 - matching_Tlaxcala_1 - INFO -   Fuzzy matches (score >= 70, limit=500): 6
2026-07-29 15:14:16 - matching_Tlaxcala_1 - DEBUG -     gz_id=1004113 'tepeticpac' score=1.000 nombre=False saint_only=True terr=jurisdiccion_exact phase=candidate
2026-07-29 15:14:16 - matching_Tlaxcala_1 - DEBUG -     gz_id=1004084 'michac' score=1.000 nombre=False saint_only=True terr=jurisdiccion_exact phase=candidate
2026-07-29 15:14:16 - matching_Tlaxcala_1 - DEBUG -     gz_id=1004118 'tetla' score=1.000 nombre=False saint_only=True terr=jurisdiccion_exact phase=candidate
2026-07-29 15:14:16 - matching_Tlaxcala_1 - DEBUG -     gz_id=1004090 'ocotitlan' score=1.000 nombre=False saint_only=True terr=jurisdiccion_exact phase=candidate
2026-07-29 15:14:16 - matching_Tlaxcala_1 - DEBUG -     gz_id=1004091 'ocotlan' score=1.000 nombre=False saint_only=False terr=jurisdiccion_exact phase=candidate
2026-07-29 15:14:16 - matching_Tlaxcala_1 - DEBUG -     gz_id=1004126 'tlacochcalco' score=1.000 nombre=False saint_only=True terr=jurisdiccion_exact phase=candidate
2026-07-29 15:14:16 - matching_Tlaxcala_1 - INFO -   Before dedup: 6 candidates
2026-07-29 15:14:16 - matching_Tlaxcala_1 - INFO -   After dedup: 6 unique gz_ids
2026-07-29 15:14:16 - matching_Tlaxcala_1 - INFO -   Input has territorial data: True
2026-07-29 15:14:16 - matching_Tlaxcala_1 - INFO -   Candidates with territory match: 6
2026-07-29 15:14:16 - matching_Tlaxcala_1 - INFO -   After territorial filter (keeping jurisdiccion): 6 candidates
2026-07-29 15:14:16 - matching_Tlaxcala_1 - INFO -   Nombre matches (exact on lugar_nombre): 0
2026-07-29 15:14:16 - matching_Tlaxcala_1 - INFO -   Saint-only matches: 5
2026-07-29 15:14:16 - matching_Tlaxcala_1 - INFO -   Substantive matches: 1
2026-07-29 15:14:16 - matching_Tlaxcala_1 - INFO -   Discarding 5 saint-only matches, keeping 1 substantive matches
2026-07-29 15:14:16 - matching_Tlaxcala_1 - INFO -   Candidate pool (>= threshold): 1
2026-07-29 15:14:16 - matching_Tlaxcala_1 - INFO -   1 candidate(s) -> candidate
2026-07-29 15:14:16 - matching_Tlaxcala_1 - INFO - 
============================================================
2026-07-29 15:14:16 - matching_Tlaxcala_1 - INFO - Processing rowID=83: 'San Miguel' -> cleaned: 'san mihuel'
2026-07-29 15:14:16 - matching_Tlaxcala_1 - INFO -   Territorial context: jurisdiccion='tlaxcala' -> allowed rows: 110
2026-07-29 15:14:16 - matching_Tlaxcala_1 - INFO -   Token-based candidates: 70
2026-07-29 15:14:16 - matching_Tlaxcala_1 - INFO -   Filtering: need match on substantive tokens: ['mihuel'] OR 2+ total tokens
2026-07-29 15:14:16 - matching_Tlaxcala_1 - INFO -   After filtering weak token matches: 4 candidates
2026-07-29 15:14:16 - matching_Tlaxcala_1 - INFO -   Fuzzy matches (score >= 70, limit=500): 4
2026-07-29 15:14:16 - matching_Tlaxcala_1 - DEBUG -     gz_id=1004099 'san mihuel milagro' score=1.000 nombre=False saint_only=True terr=jurisdiccion_exact phase=candidate
2026-07-29 15:14:16 - matching_Tlaxcala_1 - DEBUG -     gz_id=1004100 'san mihuelito' score=1.000 nombre=False saint_only=True terr=jurisdiccion_exact phase=candidate
2026-07-29 15:14:16 - matching_Tlaxcala_1 - DEBUG -     gz_id=1004108 'tenancingo' score=1.000 nombre=False saint_only=True terr=jurisdiccion_exact phase=candidate
2026-07-29 15:14:16 - matching_Tlaxcala_1 - DEBUG -     gz_id=1004140 'jochitecatitla' score=1.000 nombre=False saint_only=True terr=jurisdiccion_exact phase=candidate
2026-07-29 15:14:16 - matching_Tlaxcala_1 - INFO -   Before dedup: 4 candidates
2026-07-29 15:14:16 - matching_Tlaxcala_1 - INFO -   After dedup: 4 unique gz_ids
2026-07-29 15:14:16 - matching_Tlaxcala_1 - INFO -   Input has territorial data: True
2026-07-29 15:14:16 - matching_Tlaxcala_1 - INFO -   Candidates with territory match: 4
2026-07-29 15:14:16 - matching_Tlaxcala_1 - INFO -   After territorial filter (keeping jurisdiccion): 4 candidates
2026-07-29 15:14:16 - matching_Tlaxcala_1 - INFO -   Nombre matches (exact on lugar_nombre): 0
2026-07-29 15:14:16 - matching_Tlaxcala_1 - INFO -   Saint-only matches: 4
2026-07-29 15:14:16 - matching_Tlaxcala_1 - INFO -   Substantive matches: 0
2026-07-29 15:14:16 - matching_Tlaxcala_1 - INFO -   Candidate pool (>= threshold): 4
2026-07-29 15:14:16 - matching_Tlaxcala_1 - INFO -   4 candidate(s) -> candidate
2026-07-29 15:14:16 - matching_Tlaxcala_1 - INFO - 
============================================================
2026-07-29 15:14:16 - matching_Tlaxcala_1 - INFO - Processing rowID=84: 'San Rafael' -> cleaned: 'san rafael'
2026-07-29 15:14:16 - matching_Tlaxcala_1 - INFO -   Territorial context: jurisdiccion='tlaxcala' -> allowed rows: 110
2026-07-29 15:14:16 - matching_Tlaxcala_1 - INFO -   Token-based candidates: 70
2026-07-29 15:14:16 - matching_Tlaxcala_1 - INFO -   Filtering: need match on substantive tokens: ['rafael'] OR 2+ total tokens
2026-07-29 15:14:16 - matching_Tlaxcala_1 - INFO -   After filtering weak token matches: 1 candidates
2026-07-29 15:14:16 - matching_Tlaxcala_1 - INFO -   Fuzzy matches (score >= 70, limit=500): 1
2026-07-29 15:14:16 - matching_Tlaxcala_1 - DEBUG -     gz_id=1004110 'tenaniecac' score=1.000 nombre=False saint_only=True terr=jurisdiccion_exact phase=candidate
2026-07-29 15:14:16 - matching_Tlaxcala_1 - INFO -   Before dedup: 1 candidates
2026-07-29 15:14:16 - matching_Tlaxcala_1 - INFO -   After dedup: 1 unique gz_ids
2026-07-29 15:14:16 - matching_Tlaxcala_1 - INFO -   Input has territorial data: True
2026-07-29 15:14:16 - matching_Tlaxcala_1 - INFO -   Candidates with territory match: 1
2026-07-29 15:14:16 - matching_Tlaxcala_1 - INFO -   After territorial filter (keeping jurisdiccion): 1 candidates
2026-07-29 15:14:16 - matching_Tlaxcala_1 - INFO -   Nombre matches (exact on lugar_nombre): 0
2026-07-29 15:14:16 - matching_Tlaxcala_1 - INFO -   Saint-only matches: 1
2026-07-29 15:14:16 - matching_Tlaxcala_1 - INFO -   Substantive matches: 0
2026-07-29 15:14:16 - matching_Tlaxcala_1 - INFO -   Candidate pool (>= threshold): 1
2026-07-29 15:14:16 - matching_Tlaxcala_1 - INFO -   1 candidate(s) -> candidate
2026-07-29 15:14:16 - matching_Tlaxcala_1 - INFO - 
============================================================
2026-07-29 15:14:16 - matching_Tlaxcala_1 - INFO - Processing rowID=85: 'San Vicente' -> cleaned: 'san bicente'
2026-07-29 15:14:16 - matching_Tlaxcala_1 - INFO -   Territorial context: jurisdiccion='tlaxcala' -> allowed rows: 110
2026-07-29 15:14:16 - matching_Tlaxcala_1 - INFO -   Token-based candidates: 70
2026-07-29 15:14:16 - matching_Tlaxcala_1 - INFO -   Filtering: need match on substantive tokens: ['bicente'] OR 2+ total tokens
2026-07-29 15:14:16 - matching_Tlaxcala_1 - INFO -   After filtering weak token matches: 1 candidates
2026-07-29 15:14:16 - matching_Tlaxcala_1 - INFO -   Fuzzy matches (score >= 70, limit=500): 1
2026-07-29 15:14:16 - matching_Tlaxcala_1 - DEBUG -     gz_id=1004138 'jilojochitla' score=1.000 nombre=False saint_only=True terr=jurisdiccion_exact phase=candidate
2026-07-29 15:14:16 - matching_Tlaxcala_1 - INFO -   Before dedup: 1 candidates
2026-07-29 15:14:16 - matching_Tlaxcala_1 - INFO -   After dedup: 1 unique gz_ids
2026-07-29 15:14:16 - matching_Tlaxcala_1 - INFO -   Input has territorial data: True
2026-07-29 15:14:16 - matching_Tlaxcala_1 - INFO -   Candidates with territory match: 1
2026-07-29 15:14:16 - matching_Tlaxcala_1 - INFO -   After territorial filter (keeping jurisdiccion): 1 candidates
2026-07-29 15:14:16 - matching_Tlaxcala_1 - INFO -   Nombre matches (exact on lugar_nombre): 0
2026-07-29 15:14:16 - matching_Tlaxcala_1 - INFO -   Saint-only matches: 1
2026-07-29 15:14:16 - matching_Tlaxcala_1 - INFO -   Substantive matches: 0
2026-07-29 15:14:16 - matching_Tlaxcala_1 - INFO -   Candidate pool (>= threshold): 1
2026-07-29 15:14:16 - matching_Tlaxcala_1 - INFO -   1 candidate(s) -> candidate
2026-07-29 15:14:16 - matching_Tlaxcala_1 - INFO - 
============================================================
2026-07-29 15:14:16 - matching_Tlaxcala_1 - INFO - Processing rowID=86: 'Santa Elena' -> cleaned: 'santa elena'
2026-07-29 15:14:16 - matching_Tlaxcala_1 - INFO -   Territorial context: jurisdiccion='tlaxcala' -> allowed rows: 110
2026-07-29 15:14:16 - matching_Tlaxcala_1 - INFO -   Token-based candidates: 24
2026-07-29 15:14:16 - matching_Tlaxcala_1 - INFO -   Filtering: need match on substantive tokens: ['elena'] OR 2+ total tokens
2026-07-29 15:14:16 - matching_Tlaxcala_1 - INFO -   After filtering weak token matches: 1 candidates
2026-07-29 15:14:16 - matching_Tlaxcala_1 - INFO -   Fuzzy matches (score >= 70, limit=500): 1
2026-07-29 15:14:16 - matching_Tlaxcala_1 - DEBUG -     gz_id=1004085 'michacatitlan' score=1.000 nombre=False saint_only=True terr=jurisdiccion_exact phase=candidate
2026-07-29 15:14:16 - matching_Tlaxcala_1 - INFO -   Before dedup: 1 candidates
2026-07-29 15:14:16 - matching_Tlaxcala_1 - INFO -   After dedup: 1 unique gz_ids
2026-07-29 15:14:16 - matching_Tlaxcala_1 - INFO -   Input has territorial data: True
2026-07-29 15:14:16 - matching_Tlaxcala_1 - INFO -   Candidates with territory match: 1
2026-07-29 15:14:16 - matching_Tlaxcala_1 - INFO -   After territorial filter (keeping jurisdiccion): 1 candidates
2026-07-29 15:14:16 - matching_Tlaxcala_1 - INFO -   Nombre matches (exact on lugar_nombre): 0
2026-07-29 15:14:16 - matching_Tlaxcala_1 - INFO -   Saint-only matches: 1
2026-07-29 15:14:16 - matching_Tlaxcala_1 - INFO -   Substantive matches: 0
2026-07-29 15:14:16 - matching_Tlaxcala_1 - INFO -   Candidate pool (>= threshold): 1
2026-07-29 15:14:16 - matching_Tlaxcala_1 - INFO -   1 candidate(s) -> candidate
2026-07-29 15:14:16 - matching_Tlaxcala_1 - INFO - 
============================================================
2026-07-29 15:14:16 - matching_Tlaxcala_1 - INFO - Processing rowID=87: 'San Andrés' -> cleaned: 'san andres'
2026-07-29 15:14:16 - matching_Tlaxcala_1 - INFO -   Territorial context: jurisdiccion='tlaxcala' -> allowed rows: 110
2026-07-29 15:14:16 - matching_Tlaxcala_1 - INFO -   Token-based candidates: 70
2026-07-29 15:14:16 - matching_Tlaxcala_1 - INFO -   Filtering: need match on substantive tokens: ['andres'] OR 2+ total tokens
2026-07-29 15:14:16 - matching_Tlaxcala_1 - INFO -   After filtering weak token matches: 2 candidates
2026-07-29 15:14:16 - matching_Tlaxcala_1 - INFO -   Fuzzy matches (score >= 70, limit=500): 2
2026-07-29 15:14:16 - matching_Tlaxcala_1 - DEBUG -     gz_id=1004044 'ahuatepec' score=1.000 nombre=False saint_only=True terr=jurisdiccion_exact phase=candidate
2026-07-29 15:14:16 - matching_Tlaxcala_1 - DEBUG -     gz_id=1004065 'cuamilpa' score=1.000 nombre=False saint_only=True terr=jurisdiccion_exact phase=candidate
2026-07-29 15:14:16 - matching_Tlaxcala_1 - INFO -   Before dedup: 2 candidates
2026-07-29 15:14:16 - matching_Tlaxcala_1 - INFO -   After dedup: 2 unique gz_ids
2026-07-29 15:14:16 - matching_Tlaxcala_1 - INFO -   Input has territorial data: True
2026-07-29 15:14:16 - matching_Tlaxcala_1 - INFO -   Candidates with territory match: 2
2026-07-29 15:14:16 - matching_Tlaxcala_1 - INFO -   After territorial filter (keeping jurisdiccion): 2 candidates
2026-07-29 15:14:16 - matching_Tlaxcala_1 - INFO -   Nombre matches (exact on lugar_nombre): 0
2026-07-29 15:14:16 - matching_Tlaxcala_1 - INFO -   Saint-only matches: 2
2026-07-29 15:14:16 - matching_Tlaxcala_1 - INFO -   Substantive matches: 0
2026-07-29 15:14:16 - matching_Tlaxcala_1 - INFO -   Candidate pool (>= threshold): 2
2026-07-29 15:14:16 - matching_Tlaxcala_1 - INFO -   2 candidate(s) -> candidate
2026-07-29 15:14:16 - matching_Tlaxcala_1 - INFO - 
============================================================
2026-07-29 15:14:16 - matching_Tlaxcala_1 - INFO - Processing rowID=88: 'San Damián' -> cleaned: 'san damian'
2026-07-29 15:14:16 - matching_Tlaxcala_1 - INFO -   Territorial context: jurisdiccion='tlaxcala' -> allowed rows: 110
2026-07-29 15:14:16 - matching_Tlaxcala_1 - INFO -   Token-based candidates: 70
2026-07-29 15:14:16 - matching_Tlaxcala_1 - INFO -   Filtering: need match on substantive tokens: ['damian'] OR 2+ total tokens
2026-07-29 15:14:16 - matching_Tlaxcala_1 - INFO -   After filtering weak token matches: 2 candidates
2026-07-29 15:14:16 - matching_Tlaxcala_1 - INFO -   Fuzzy matches (score >= 70, limit=500): 2
2026-07-29 15:14:16 - matching_Tlaxcala_1 - DEBUG -     gz_id=1004123 'tejoloc' score=1.000 nombre=False saint_only=True terr=jurisdiccion_exact phase=candidate
2026-07-29 15:14:16 - matching_Tlaxcala_1 - DEBUG -     gz_id=1004125 'tlacocalpan' score=1.000 nombre=False saint_only=True terr=jurisdiccion_exact phase=candidate
2026-07-29 15:14:16 - matching_Tlaxcala_1 - INFO -   Before dedup: 2 candidates
2026-07-29 15:14:16 - matching_Tlaxcala_1 - INFO -   After dedup: 2 unique gz_ids
2026-07-29 15:14:16 - matching_Tlaxcala_1 - INFO -   Input has territorial data: True
2026-07-29 15:14:16 - matching_Tlaxcala_1 - INFO -   Candidates with territory match: 2
2026-07-29 15:14:16 - matching_Tlaxcala_1 - INFO -   After territorial filter (keeping jurisdiccion): 2 candidates
2026-07-29 15:14:16 - matching_Tlaxcala_1 - INFO -   Nombre matches (exact on lugar_nombre): 0
2026-07-29 15:14:16 - matching_Tlaxcala_1 - INFO -   Saint-only matches: 2
2026-07-29 15:14:16 - matching_Tlaxcala_1 - INFO -   Substantive matches: 0
2026-07-29 15:14:16 - matching_Tlaxcala_1 - INFO -   Candidate pool (>= threshold): 2
2026-07-29 15:14:16 - matching_Tlaxcala_1 - INFO -   2 candidate(s) -> candidate
2026-07-29 15:14:16 - matching_Tlaxcala_1 - INFO - 
============================================================
2026-07-29 15:14:16 - matching_Tlaxcala_1 - INFO - Processing rowID=89: 'San Bartolomé' -> cleaned: 'san bartolome'
2026-07-29 15:14:16 - matching_Tlaxcala_1 - INFO -   Territorial context: jurisdiccion='tlaxcala' -> allowed rows: 110
2026-07-29 15:14:16 - matching_Tlaxcala_1 - INFO -   Token-based candidates: 70
2026-07-29 15:14:16 - matching_Tlaxcala_1 - INFO -   Filtering: need match on substantive tokens: ['bartolome'] OR 2+ total tokens
2026-07-29 15:14:16 - matching_Tlaxcala_1 - INFO -   After filtering weak token matches: 3 candidates
2026-07-29 15:14:16 - matching_Tlaxcala_1 - INFO -   Fuzzy matches (score >= 70, limit=500): 3
2026-07-29 15:14:16 - matching_Tlaxcala_1 - DEBUG -     gz_id=1004064 'cuahuixmatlac' score=1.000 nombre=False saint_only=True terr=jurisdiccion_exact phase=candidate
2026-07-29 15:14:16 - matching_Tlaxcala_1 - DEBUG -     gz_id=1004082 'matlalohcan' score=1.000 nombre=False saint_only=True terr=jurisdiccion_exact phase=candidate
2026-07-29 15:14:16 - matching_Tlaxcala_1 - DEBUG -     gz_id=1004109 'tenango' score=1.000 nombre=False saint_only=True terr=jurisdiccion_exact phase=candidate
2026-07-29 15:14:16 - matching_Tlaxcala_1 - INFO -   Before dedup: 3 candidates
2026-07-29 15:14:16 - matching_Tlaxcala_1 - INFO -   After dedup: 3 unique gz_ids
2026-07-29 15:14:16 - matching_Tlaxcala_1 - INFO -   Input has territorial data: True
2026-07-29 15:14:16 - matching_Tlaxcala_1 - INFO -   Candidates with territory match: 3
2026-07-29 15:14:16 - matching_Tlaxcala_1 - INFO -   After territorial filter (keeping jurisdiccion): 3 candidates
2026-07-29 15:14:16 - matching_Tlaxcala_1 - INFO -   Nombre matches (exact on lugar_nombre): 0
2026-07-29 15:14:16 - matching_Tlaxcala_1 - INFO -   Saint-only matches: 3
2026-07-29 15:14:16 - matching_Tlaxcala_1 - INFO -   Substantive matches: 0
2026-07-29 15:14:16 - matching_Tlaxcala_1 - INFO -   Candidate pool (>= threshold): 3
2026-07-29 15:14:16 - matching_Tlaxcala_1 - INFO -   3 candidate(s) -> candidate
2026-07-29 15:14:16 - matching_Tlaxcala_1 - INFO - 
============================================================
2026-07-29 15:14:16 - matching_Tlaxcala_1 - INFO - Processing rowID=90: 'Santa Inés' -> cleaned: 'santa ines'
2026-07-29 15:14:16 - matching_Tlaxcala_1 - INFO -   Territorial context: jurisdiccion='tlaxcala' -> allowed rows: 110
2026-07-29 15:14:16 - matching_Tlaxcala_1 - INFO -   Token-based candidates: 24
2026-07-29 15:14:16 - matching_Tlaxcala_1 - INFO -   Filtering: need match on substantive tokens: ['ines'] OR 2+ total tokens
2026-07-29 15:14:16 - matching_Tlaxcala_1 - INFO -   After filtering weak token matches: 2 candidates
2026-07-29 15:14:16 - matching_Tlaxcala_1 - INFO -   Fuzzy matches (score >= 70, limit=500): 2
2026-07-29 15:14:16 - matching_Tlaxcala_1 - DEBUG -     gz_id=1004106 'tecuexcomac' score=1.000 nombre=False saint_only=True terr=jurisdiccion_exact phase=candidate
2026-07-29 15:14:16 - matching_Tlaxcala_1 - DEBUG -     gz_id=1004144 'sacatelco' score=1.000 nombre=False saint_only=True terr=jurisdiccion_exact phase=candidate
2026-07-29 15:14:16 - matching_Tlaxcala_1 - INFO -   Before dedup: 2 candidates
2026-07-29 15:14:16 - matching_Tlaxcala_1 - INFO -   After dedup: 2 unique gz_ids
2026-07-29 15:14:16 - matching_Tlaxcala_1 - INFO -   Input has territorial data: True
2026-07-29 15:14:16 - matching_Tlaxcala_1 - INFO -   Candidates with territory match: 2
2026-07-29 15:14:16 - matching_Tlaxcala_1 - INFO -   After territorial filter (keeping jurisdiccion): 2 candidates
2026-07-29 15:14:16 - matching_Tlaxcala_1 - INFO -   Nombre matches (exact on lugar_nombre): 0
2026-07-29 15:14:16 - matching_Tlaxcala_1 - INFO -   Saint-only matches: 2
2026-07-29 15:14:16 - matching_Tlaxcala_1 - INFO -   Substantive matches: 0
2026-07-29 15:14:16 - matching_Tlaxcala_1 - INFO -   Candidate pool (>= threshold): 2
2026-07-29 15:14:16 - matching_Tlaxcala_1 - INFO -   2 candidate(s) -> candidate
2026-07-29 15:14:16 - matching_Tlaxcala_1 - INFO - Processing row 90, rowID=91
2026-07-29 15:14:16 - matching_Tlaxcala_1 - INFO - 
============================================================
2026-07-29 15:14:16 - matching_Tlaxcala_1 - INFO - Processing rowID=91: 'San Jerónimo' -> cleaned: 'san jeronimo'
2026-07-29 15:14:16 - matching_Tlaxcala_1 - INFO -   Territorial context: jurisdiccion='tlaxcala' -> allowed rows: 110
2026-07-29 15:14:16 - matching_Tlaxcala_1 - INFO -   Token-based candidates: 70
2026-07-29 15:14:16 - matching_Tlaxcala_1 - INFO -   Filtering: need match on substantive tokens: ['jeronimo'] OR 2+ total tokens
2026-07-29 15:14:16 - matching_Tlaxcala_1 - INFO -   After filtering weak token matches: 1 candidates
2026-07-29 15:14:16 - matching_Tlaxcala_1 - INFO -   Fuzzy matches (score >= 70, limit=500): 1
2026-07-29 15:14:16 - matching_Tlaxcala_1 - DEBUG -     gz_id=1004145 'sacualpan' score=1.000 nombre=False saint_only=True terr=jurisdiccion_exact phase=candidate
2026-07-29 15:14:16 - matching_Tlaxcala_1 - INFO -   Before dedup: 1 candidates
2026-07-29 15:14:16 - matching_Tlaxcala_1 - INFO -   After dedup: 1 unique gz_ids
2026-07-29 15:14:16 - matching_Tlaxcala_1 - INFO -   Input has territorial data: True
2026-07-29 15:14:16 - matching_Tlaxcala_1 - INFO -   Candidates with territory match: 1
2026-07-29 15:14:16 - matching_Tlaxcala_1 - INFO -   After territorial filter (keeping jurisdiccion): 1 candidates
2026-07-29 15:14:16 - matching_Tlaxcala_1 - INFO -   Nombre matches (exact on lugar_nombre): 0
2026-07-29 15:14:16 - matching_Tlaxcala_1 - INFO -   Saint-only matches: 1
2026-07-29 15:14:16 - matching_Tlaxcala_1 - INFO -   Substantive matches: 0
2026-07-29 15:14:16 - matching_Tlaxcala_1 - INFO -   Candidate pool (>= threshold): 1
2026-07-29 15:14:16 - matching_Tlaxcala_1 - INFO -   1 candidate(s) -> candidate
2026-07-29 15:14:16 - matching_Tlaxcala_1 - INFO - 
============================================================
2026-07-29 15:14:16 - matching_Tlaxcala_1 - INFO - Processing rowID=92: 'Santa Catarina' -> cleaned: 'santa catarina'
2026-07-29 15:14:16 - matching_Tlaxcala_1 - INFO -   Territorial context: jurisdiccion='tlaxcala' -> allowed rows: 110
2026-07-29 15:14:16 - matching_Tlaxcala_1 - INFO -   Token-based candidates: 24
2026-07-29 15:14:16 - matching_Tlaxcala_1 - INFO -   Filtering: need match on substantive tokens: ['catarina'] OR 2+ total tokens
2026-07-29 15:14:16 - matching_Tlaxcala_1 - INFO -   After filtering weak token matches: 1 candidates
2026-07-29 15:14:16 - matching_Tlaxcala_1 - INFO -   Fuzzy matches (score >= 70, limit=500): 1
2026-07-29 15:14:16 - matching_Tlaxcala_1 - DEBUG -     gz_id=1004055 'aiometla' score=1.000 nombre=False saint_only=True terr=jurisdiccion_exact phase=candidate
2026-07-29 15:14:16 - matching_Tlaxcala_1 - INFO -   Before dedup: 1 candidates
2026-07-29 15:14:16 - matching_Tlaxcala_1 - INFO -   After dedup: 1 unique gz_ids
2026-07-29 15:14:16 - matching_Tlaxcala_1 - INFO -   Input has territorial data: True
2026-07-29 15:14:16 - matching_Tlaxcala_1 - INFO -   Candidates with territory match: 1
2026-07-29 15:14:16 - matching_Tlaxcala_1 - INFO -   After territorial filter (keeping jurisdiccion): 1 candidates
2026-07-29 15:14:16 - matching_Tlaxcala_1 - INFO -   Nombre matches (exact on lugar_nombre): 0
2026-07-29 15:14:16 - matching_Tlaxcala_1 - INFO -   Saint-only matches: 1
2026-07-29 15:14:16 - matching_Tlaxcala_1 - INFO -   Substantive matches: 0
2026-07-29 15:14:16 - matching_Tlaxcala_1 - INFO -   Candidate pool (>= threshold): 1
2026-07-29 15:14:16 - matching_Tlaxcala_1 - INFO -   1 candidate(s) -> candidate
2026-07-29 15:14:16 - matching_Tlaxcala_1 - INFO - 
============================================================
2026-07-29 15:14:16 - matching_Tlaxcala_1 - INFO - Processing rowID=93: 'Santa Toribia' -> cleaned: 'santa toribia'
2026-07-29 15:14:16 - matching_Tlaxcala_1 - INFO -   Territorial context: jurisdiccion='tlaxcala' -> allowed rows: 110
2026-07-29 15:14:16 - matching_Tlaxcala_1 - INFO -   Token-based candidates: 25
2026-07-29 15:14:16 - matching_Tlaxcala_1 - INFO -   Filtering: need match on substantive tokens: ['toribia'] OR 2+ total tokens
2026-07-29 15:14:16 - matching_Tlaxcala_1 - INFO -   Fuzzy matches (score >= 70, limit=500): 21
2026-07-29 15:14:16 - matching_Tlaxcala_1 - DEBUG -     gz_id=1004137 'jicohcinco' score=0.880 nombre=False saint_only=False terr=jurisdiccion_exact phase=candidate
2026-07-29 15:14:16 - matching_Tlaxcala_1 - DEBUG -     gz_id=1004041 'acuicuiscatepec' score=0.762 nombre=False saint_only=False terr=jurisdiccion_exact phase=relegated
2026-07-29 15:14:16 - matching_Tlaxcala_1 - DEBUG -     gz_id=1004043 'acjotla' score=0.750 nombre=False saint_only=False terr=jurisdiccion_exact phase=relegated
2026-07-29 15:14:16 - matching_Tlaxcala_1 - DEBUG -     gz_id=1004051 'atlihuecian' score=0.750 nombre=False saint_only=False terr=jurisdiccion_exact phase=relegated
2026-07-29 15:14:16 - matching_Tlaxcala_1 - DEBUG -     gz_id=1004053 'ajotla' score=0.750 nombre=False saint_only=False terr=jurisdiccion_exact phase=relegated
2026-07-29 15:14:16 - matching_Tlaxcala_1 - DEBUG -     gz_id=1004057 'belen' score=0.750 nombre=False saint_only=False terr=jurisdiccion_exact phase=relegated
2026-07-29 15:14:16 - matching_Tlaxcala_1 - DEBUG -     gz_id=1004076 'ixcotla' score=0.750 nombre=False saint_only=False terr=jurisdiccion_exact phase=relegated
2026-07-29 15:14:16 - matching_Tlaxcala_1 - DEBUG -     gz_id=1004079 'ixtulco' score=0.750 nombre=False saint_only=False terr=jurisdiccion_exact phase=relegated
2026-07-29 15:14:16 - matching_Tlaxcala_1 - DEBUG -     gz_id=1004087 'natibitas' score=0.750 nombre=False saint_only=False terr=jurisdiccion_exact phase=relegated
2026-07-29 15:14:16 - matching_Tlaxcala_1 - DEBUG -     gz_id=1004104 'santa maria espana' score=0.750 nombre=False saint_only=False terr=jurisdiccion_exact phase=relegated
2026-07-29 15:14:16 - matching_Tlaxcala_1 - DEBUG -     gz_id=1004122 'texcalac' score=0.750 nombre=False saint_only=False terr=jurisdiccion_exact phase=relegated
2026-07-29 15:14:16 - matching_Tlaxcala_1 - DEBUG -     gz_id=1004132 'tocatlan' score=0.750 nombre=False saint_only=False terr=jurisdiccion_exact phase=relegated
2026-07-29 15:14:16 - matching_Tlaxcala_1 - DEBUG -     gz_id=1004148 'sumpango' score=0.750 nombre=False saint_only=False terr=jurisdiccion_exact phase=relegated
2026-07-29 15:14:16 - matching_Tlaxcala_1 - DEBUG -     gz_id=1004120 'tetlatlahuca' score=0.727 nombre=False saint_only=False terr=jurisdiccion_exact phase=relegated
2026-07-29 15:14:16 - matching_Tlaxcala_1 - DEBUG -     gz_id=1004139 'jilojoxtla' score=0.727 nombre=False saint_only=False terr=jurisdiccion_exact phase=relegated
2026-07-29 15:14:16 - matching_Tlaxcala_1 - DEBUG -     gz_id=1004055 'aiometla' score=0.720 nombre=False saint_only=False terr=jurisdiccion_exact phase=relegated
2026-07-29 15:14:16 - matching_Tlaxcala_1 - DEBUG -     gz_id=1004060 'chiautempan' score=0.700 nombre=False saint_only=False terr=jurisdiccion_exact phase=relegated
2026-07-29 15:14:16 - matching_Tlaxcala_1 - DEBUG -     gz_id=1004074 'huiloac' score=0.700 nombre=False saint_only=False terr=jurisdiccion_exact phase=relegated
2026-07-29 15:14:16 - matching_Tlaxcala_1 - DEBUG -     gz_id=1004088 'nopalucan' score=0.700 nombre=False saint_only=False terr=jurisdiccion_exact phase=relegated
2026-07-29 15:14:16 - matching_Tlaxcala_1 - DEBUG -     gz_id=1004106 'tecuexcomac' score=0.700 nombre=False saint_only=False terr=jurisdiccion_exact phase=relegated
2026-07-29 15:14:16 - matching_Tlaxcala_1 - DEBUG -     gz_id=1004144 'sacatelco' score=0.700 nombre=False saint_only=False terr=jurisdiccion_exact phase=relegated
2026-07-29 15:14:16 - matching_Tlaxcala_1 - INFO -   Before dedup: 21 candidates
2026-07-29 15:14:16 - matching_Tlaxcala_1 - INFO -   After dedup: 21 unique gz_ids
2026-07-29 15:14:16 - matching_Tlaxcala_1 - INFO -   Input has territorial data: True
2026-07-29 15:14:16 - matching_Tlaxcala_1 - INFO -   Candidates with territory match: 21
2026-07-29 15:14:16 - matching_Tlaxcala_1 - INFO -   After territorial filter (keeping jurisdiccion): 21 candidates
2026-07-29 15:14:16 - matching_Tlaxcala_1 - INFO -   Nombre matches (exact on lugar_nombre): 0
2026-07-29 15:14:16 - matching_Tlaxcala_1 - INFO -   Saint-only matches: 0
2026-07-29 15:14:16 - matching_Tlaxcala_1 - INFO -   Substantive matches: 21
2026-07-29 15:14:16 - matching_Tlaxcala_1 - INFO -   Candidate pool (>= threshold): 1
2026-07-29 15:14:16 - matching_Tlaxcala_1 - INFO -   1 candidate(s) -> candidate
2026-07-29 15:14:16 - matching_Tlaxcala_1 - INFO - 
============================================================
2026-07-29 15:14:16 - matching_Tlaxcala_1 - INFO - Processing rowID=94: 'San Marcos' -> cleaned: 'san marcos'
2026-07-29 15:14:16 - matching_Tlaxcala_1 - INFO -   Territorial context: jurisdiccion='tlaxcala' -> allowed rows: 110
2026-07-29 15:14:16 - matching_Tlaxcala_1 - INFO -   Token-based candidates: 70
2026-07-29 15:14:16 - matching_Tlaxcala_1 - INFO -   Filtering: need match on substantive tokens: ['marcos'] OR 2+ total tokens
2026-07-29 15:14:16 - matching_Tlaxcala_1 - INFO -   After filtering weak token matches: 1 candidates
2026-07-29 15:14:16 - matching_Tlaxcala_1 - INFO -   Fuzzy matches (score >= 70, limit=500): 1
2026-07-29 15:14:16 - matching_Tlaxcala_1 - DEBUG -     gz_id=1004062 'contla' score=1.000 nombre=False saint_only=True terr=jurisdiccion_exact phase=candidate
2026-07-29 15:14:16 - matching_Tlaxcala_1 - INFO -   Before dedup: 1 candidates
2026-07-29 15:14:16 - matching_Tlaxcala_1 - INFO -   After dedup: 1 unique gz_ids
2026-07-29 15:14:16 - matching_Tlaxcala_1 - INFO -   Input has territorial data: True
2026-07-29 15:14:16 - matching_Tlaxcala_1 - INFO -   Candidates with territory match: 1
2026-07-29 15:14:16 - matching_Tlaxcala_1 - INFO -   After territorial filter (keeping jurisdiccion): 1 candidates
2026-07-29 15:14:16 - matching_Tlaxcala_1 - INFO -   Nombre matches (exact on lugar_nombre): 0
2026-07-29 15:14:16 - matching_Tlaxcala_1 - INFO -   Saint-only matches: 1
2026-07-29 15:14:16 - matching_Tlaxcala_1 - INFO -   Substantive matches: 0
2026-07-29 15:14:16 - matching_Tlaxcala_1 - INFO -   Candidate pool (>= threshold): 1
2026-07-29 15:14:16 - matching_Tlaxcala_1 - INFO -   1 candidate(s) -> candidate
2026-07-29 15:14:16 - matching_Tlaxcala_1 - INFO - 
============================================================
2026-07-29 15:14:16 - matching_Tlaxcala_1 - INFO - Processing rowID=95: 'San Francisco Topoyango' -> cleaned: 'san francisco topoiango'
2026-07-29 15:14:16 - matching_Tlaxcala_1 - INFO -   Territorial context: jurisdiccion='tlaxcala' -> allowed rows: 110
2026-07-29 15:14:16 - matching_Tlaxcala_1 - INFO -   Token-based candidates: 70
2026-07-29 15:14:16 - matching_Tlaxcala_1 - INFO -   Filtering: need match on substantive tokens: ['francisco', 'topoiango'] OR 2+ total tokens
2026-07-29 15:14:16 - matching_Tlaxcala_1 - INFO -   After filtering weak token matches: 8 candidates
2026-07-29 15:14:16 - matching_Tlaxcala_1 - INFO -   Fuzzy matches (score >= 70, limit=500): 8
2026-07-29 15:14:16 - matching_Tlaxcala_1 - DEBUG -     gz_id=1004116 'tepeianco' score=0.870 nombre=False saint_only=False terr=jurisdiccion_exact phase=candidate
2026-07-29 15:14:16 - matching_Tlaxcala_1 - DEBUG -     gz_id=1004086 'mitepec' score=0.842 nombre=False saint_only=False terr=jurisdiccion_exact phase=relegated
2026-07-29 15:14:16 - matching_Tlaxcala_1 - DEBUG -     gz_id=1004093 'papalotla' score=0.821 nombre=False saint_only=False terr=jurisdiccion_exact phase=relegated
2026-07-29 15:14:16 - matching_Tlaxcala_1 - DEBUG -     gz_id=1004119 'tetlanohcan' score=0.818 nombre=False saint_only=False terr=jurisdiccion_exact phase=relegated
2026-07-29 15:14:16 - matching_Tlaxcala_1 - DEBUG -     gz_id=1004089 'ocotelulco' score=0.800 nombre=False saint_only=False terr=jurisdiccion_exact phase=relegated
2026-07-29 15:14:16 - matching_Tlaxcala_1 - DEBUG -     gz_id=1004127 'tlacuilohcan' score=0.800 nombre=False saint_only=False terr=jurisdiccion_exact phase=relegated
2026-07-29 15:14:16 - matching_Tlaxcala_1 - DEBUG -     gz_id=1004048 'atexcacinco' score=0.789 nombre=False saint_only=False terr=jurisdiccion_exact phase=relegated
2026-07-29 15:14:16 - matching_Tlaxcala_1 - DEBUG -     gz_id=1004107 'temesontla' score=0.789 nombre=False saint_only=False terr=jurisdiccion_exact phase=relegated
2026-07-29 15:14:16 - matching_Tlaxcala_1 - INFO -   Before dedup: 8 candidates
2026-07-29 15:14:16 - matching_Tlaxcala_1 - INFO -   After dedup: 8 unique gz_ids
2026-07-29 15:14:16 - matching_Tlaxcala_1 - INFO -   Input has territorial data: True
2026-07-29 15:14:16 - matching_Tlaxcala_1 - INFO -   Candidates with territory match: 8
2026-07-29 15:14:16 - matching_Tlaxcala_1 - INFO -   After territorial filter (keeping jurisdiccion): 8 candidates
2026-07-29 15:14:16 - matching_Tlaxcala_1 - INFO -   Nombre matches (exact on lugar_nombre): 0
2026-07-29 15:14:16 - matching_Tlaxcala_1 - INFO -   Saint-only matches: 0
2026-07-29 15:14:16 - matching_Tlaxcala_1 - INFO -   Substantive matches: 8
2026-07-29 15:14:16 - matching_Tlaxcala_1 - INFO -   Candidate pool (>= threshold): 6
2026-07-29 15:14:16 - matching_Tlaxcala_1 - INFO -   6 candidate(s) -> candidate
2026-07-29 15:14:16 - matching_Tlaxcala_1 - INFO - 
============================================================
2026-07-29 15:14:16 - matching_Tlaxcala_1 - INFO - Processing rowID=96: 'San Juan' -> cleaned: 'san juan'
2026-07-29 15:14:16 - matching_Tlaxcala_1 - INFO -   Territorial context: jurisdiccion='tlaxcala' -> allowed rows: 110
2026-07-29 15:14:16 - matching_Tlaxcala_1 - INFO -   Token-based candidates: 70
2026-07-29 15:14:16 - matching_Tlaxcala_1 - INFO -   Filtering: need match on substantive tokens: ['juan'] OR 2+ total tokens
2026-07-29 15:14:16 - matching_Tlaxcala_1 - INFO -   After filtering weak token matches: 5 candidates
2026-07-29 15:14:16 - matching_Tlaxcala_1 - INFO -   Fuzzy matches (score >= 70, limit=500): 5
2026-07-29 15:14:16 - matching_Tlaxcala_1 - DEBUG -     gz_id=1004050 'atlangatepec' score=1.000 nombre=False saint_only=True terr=jurisdiccion_exact phase=candidate
2026-07-29 15:14:16 - matching_Tlaxcala_1 - DEBUG -     gz_id=1004070 'huaccinco' score=1.000 nombre=False saint_only=True terr=jurisdiccion_exact phase=candidate
2026-07-29 15:14:16 - matching_Tlaxcala_1 - DEBUG -     gz_id=1004078 'ixtenco' score=1.000 nombre=False saint_only=True terr=jurisdiccion_exact phase=candidate
2026-07-29 15:14:16 - matching_Tlaxcala_1 - DEBUG -     gz_id=1004094 'quesalcoapan' score=1.000 nombre=False saint_only=True terr=jurisdiccion_exact phase=candidate
2026-07-29 15:14:16 - matching_Tlaxcala_1 - DEBUG -     gz_id=1004133 'totolac' score=1.000 nombre=False saint_only=True terr=jurisdiccion_exact phase=candidate
2026-07-29 15:14:16 - matching_Tlaxcala_1 - INFO -   Before dedup: 5 candidates
2026-07-29 15:14:16 - matching_Tlaxcala_1 - INFO -   After dedup: 5 unique gz_ids
2026-07-29 15:14:16 - matching_Tlaxcala_1 - INFO -   Input has territorial data: True
2026-07-29 15:14:16 - matching_Tlaxcala_1 - INFO -   Candidates with territory match: 5
2026-07-29 15:14:16 - matching_Tlaxcala_1 - INFO -   After territorial filter (keeping jurisdiccion): 5 candidates
2026-07-29 15:14:16 - matching_Tlaxcala_1 - INFO -   Nombre matches (exact on lugar_nombre): 0
2026-07-29 15:14:16 - matching_Tlaxcala_1 - INFO -   Saint-only matches: 5
2026-07-29 15:14:16 - matching_Tlaxcala_1 - INFO -   Substantive matches: 0
2026-07-29 15:14:16 - matching_Tlaxcala_1 - INFO -   Candidate pool (>= threshold): 5
2026-07-29 15:14:16 - matching_Tlaxcala_1 - INFO -   5 candidate(s) -> candidate
2026-07-29 15:14:16 - matching_Tlaxcala_1 - INFO - 
============================================================
2026-07-29 15:14:16 - matching_Tlaxcala_1 - INFO - Processing rowID=97: 'Santiago' -> cleaned: 'santiago'
2026-07-29 15:14:16 - matching_Tlaxcala_1 - INFO -   Territorial context: jurisdiccion='tlaxcala' -> allowed rows: 110
2026-07-29 15:14:16 - matching_Tlaxcala_1 - INFO -   Token-based candidates: 6
2026-07-29 15:14:16 - matching_Tlaxcala_1 - INFO -   Fuzzy matches (score >= 70, limit=500): 6
2026-07-29 15:14:16 - matching_Tlaxcala_1 - DEBUG -     gz_id=1004113 'tepeticpac' score=1.000 nombre=False saint_only=True terr=jurisdiccion_exact phase=candidate
2026-07-29 15:14:16 - matching_Tlaxcala_1 - DEBUG -     gz_id=1004084 'michac' score=1.000 nombre=False saint_only=True terr=jurisdiccion_exact phase=candidate
2026-07-29 15:14:16 - matching_Tlaxcala_1 - DEBUG -     gz_id=1004118 'tetla' score=1.000 nombre=False saint_only=True terr=jurisdiccion_exact phase=candidate
2026-07-29 15:14:16 - matching_Tlaxcala_1 - DEBUG -     gz_id=1004090 'ocotitlan' score=1.000 nombre=False saint_only=True terr=jurisdiccion_exact phase=candidate
2026-07-29 15:14:16 - matching_Tlaxcala_1 - DEBUG -     gz_id=1004091 'ocotlan' score=1.000 nombre=False saint_only=False terr=jurisdiccion_exact phase=candidate
2026-07-29 15:14:16 - matching_Tlaxcala_1 - DEBUG -     gz_id=1004126 'tlacochcalco' score=1.000 nombre=False saint_only=True terr=jurisdiccion_exact phase=candidate
2026-07-29 15:14:16 - matching_Tlaxcala_1 - INFO -   Before dedup: 6 candidates
2026-07-29 15:14:16 - matching_Tlaxcala_1 - INFO -   After dedup: 6 unique gz_ids
2026-07-29 15:14:16 - matching_Tlaxcala_1 - INFO -   Input has territorial data: True
2026-07-29 15:14:16 - matching_Tlaxcala_1 - INFO -   Candidates with territory match: 6
2026-07-29 15:14:16 - matching_Tlaxcala_1 - INFO -   After territorial filter (keeping jurisdiccion): 6 candidates
2026-07-29 15:14:16 - matching_Tlaxcala_1 - INFO -   Nombre matches (exact on lugar_nombre): 0
2026-07-29 15:14:16 - matching_Tlaxcala_1 - INFO -   Saint-only matches: 5
2026-07-29 15:14:16 - matching_Tlaxcala_1 - INFO -   Substantive matches: 1
2026-07-29 15:14:16 - matching_Tlaxcala_1 - INFO -   Discarding 5 saint-only matches, keeping 1 substantive matches
2026-07-29 15:14:16 - matching_Tlaxcala_1 - INFO -   Candidate pool (>= threshold): 1
2026-07-29 15:14:16 - matching_Tlaxcala_1 - INFO -   1 candidate(s) -> candidate
2026-07-29 15:14:16 - matching_Tlaxcala_1 - INFO - 
============================================================
2026-07-29 15:14:16 - matching_Tlaxcala_1 - INFO - Processing rowID=98: 'Santa Isabel' -> cleaned: 'santa isabel'
2026-07-29 15:14:16 - matching_Tlaxcala_1 - INFO -   Territorial context: jurisdiccion='tlaxcala' -> allowed rows: 110
2026-07-29 15:14:16 - matching_Tlaxcala_1 - INFO -   Token-based candidates: 24
2026-07-29 15:14:16 - matching_Tlaxcala_1 - INFO -   Filtering: need match on substantive tokens: ['isabel'] OR 2+ total tokens
2026-07-29 15:14:16 - matching_Tlaxcala_1 - INFO -   After filtering weak token matches: 2 candidates
2026-07-29 15:14:16 - matching_Tlaxcala_1 - INFO -   Fuzzy matches (score >= 70, limit=500): 2
2026-07-29 15:14:16 - matching_Tlaxcala_1 - DEBUG -     gz_id=1004120 'tetlatlahuca' score=1.000 nombre=False saint_only=True terr=jurisdiccion_exact phase=candidate
2026-07-29 15:14:16 - matching_Tlaxcala_1 - DEBUG -     gz_id=1004139 'jilojoxtla' score=1.000 nombre=False saint_only=True terr=jurisdiccion_exact phase=candidate
2026-07-29 15:14:16 - matching_Tlaxcala_1 - INFO -   Before dedup: 2 candidates
2026-07-29 15:14:16 - matching_Tlaxcala_1 - INFO -   After dedup: 2 unique gz_ids
2026-07-29 15:14:16 - matching_Tlaxcala_1 - INFO -   Input has territorial data: True
2026-07-29 15:14:16 - matching_Tlaxcala_1 - INFO -   Candidates with territory match: 2
2026-07-29 15:14:16 - matching_Tlaxcala_1 - INFO -   After territorial filter (keeping jurisdiccion): 2 candidates
2026-07-29 15:14:16 - matching_Tlaxcala_1 - INFO -   Nombre matches (exact on lugar_nombre): 0
2026-07-29 15:14:16 - matching_Tlaxcala_1 - INFO -   Saint-only matches: 2
2026-07-29 15:14:16 - matching_Tlaxcala_1 - INFO -   Substantive matches: 0
2026-07-29 15:14:16 - matching_Tlaxcala_1 - INFO -   Candidate pool (>= threshold): 2
2026-07-29 15:14:16 - matching_Tlaxcala_1 - INFO -   2 candidate(s) -> candidate
2026-07-29 15:14:16 - matching_Tlaxcala_1 - INFO - 
============================================================
2026-07-29 15:14:16 - matching_Tlaxcala_1 - INFO - Processing rowID=99: 'Tenancingo' -> cleaned: 'tenancingo'
2026-07-29 15:14:16 - matching_Tlaxcala_1 - INFO -   Territorial context: jurisdiccion='tlaxcala' -> allowed rows: 110
2026-07-29 15:14:16 - matching_Tlaxcala_1 - INFO -   Token-based candidates: 2
2026-07-29 15:14:16 - matching_Tlaxcala_1 - INFO -   Fuzzy matches (score >= 70, limit=500): 2
2026-07-29 15:14:16 - matching_Tlaxcala_1 - DEBUG -     gz_id=1004108 'tenancingo' score=1.000 nombre=False saint_only=False terr=jurisdiccion_exact phase=auto_adopt
2026-07-29 15:14:16 - matching_Tlaxcala_1 - DEBUG -     gz_id=1004109 'tenango' score=1.000 nombre=False saint_only=False terr=jurisdiccion_exact phase=auto_adopt
2026-07-29 15:14:16 - matching_Tlaxcala_1 - INFO -   Before dedup: 2 candidates
2026-07-29 15:14:16 - matching_Tlaxcala_1 - INFO -   After dedup: 2 unique gz_ids
2026-07-29 15:14:16 - matching_Tlaxcala_1 - INFO -   Input has territorial data: True
2026-07-29 15:14:16 - matching_Tlaxcala_1 - INFO -   Candidates with territory match: 2
2026-07-29 15:14:16 - matching_Tlaxcala_1 - INFO -   After territorial filter (keeping jurisdiccion): 2 candidates
2026-07-29 15:14:16 - matching_Tlaxcala_1 - INFO -   Nombre matches (exact on lugar_nombre): 0
2026-07-29 15:14:16 - matching_Tlaxcala_1 - INFO -   Saint-only matches: 0
2026-07-29 15:14:16 - matching_Tlaxcala_1 - INFO -   Substantive matches: 2
2026-07-29 15:14:16 - matching_Tlaxcala_1 - INFO -   Candidate pool (>= threshold): 2
2026-07-29 15:14:16 - matching_Tlaxcala_1 - INFO -   2 candidate(s) -> candidate
2026-07-29 15:14:16 - matching_Tlaxcala_1 - INFO - 
============================================================
2026-07-29 15:14:16 - matching_Tlaxcala_1 - INFO - Processing rowID=100: 'San Cosme' -> cleaned: 'san cosme'
2026-07-29 15:14:16 - matching_Tlaxcala_1 - INFO -   Territorial context: jurisdiccion='tlaxcala' -> allowed rows: 110
2026-07-29 15:14:16 - matching_Tlaxcala_1 - INFO -   Token-based candidates: 70
2026-07-29 15:14:16 - matching_Tlaxcala_1 - INFO -   Filtering: need match on substantive tokens: ['cosme'] OR 2+ total tokens
2026-07-29 15:14:16 - matching_Tlaxcala_1 - INFO -   After filtering weak token matches: 2 candidates
2026-07-29 15:14:16 - matching_Tlaxcala_1 - INFO -   Fuzzy matches (score >= 70, limit=500): 2
2026-07-29 15:14:16 - matching_Tlaxcala_1 - DEBUG -     gz_id=1004081 'matlaloca' score=1.000 nombre=False saint_only=True terr=jurisdiccion_exact phase=candidate
2026-07-29 15:14:16 - matching_Tlaxcala_1 - DEBUG -     gz_id=1004083 'masatecochco' score=1.000 nombre=False saint_only=True terr=jurisdiccion_exact phase=candidate
2026-07-29 15:14:16 - matching_Tlaxcala_1 - INFO -   Before dedup: 2 candidates
2026-07-29 15:14:16 - matching_Tlaxcala_1 - INFO -   After dedup: 2 unique gz_ids
2026-07-29 15:14:16 - matching_Tlaxcala_1 - INFO -   Input has territorial data: True
2026-07-29 15:14:16 - matching_Tlaxcala_1 - INFO -   Candidates with territory match: 2
2026-07-29 15:14:16 - matching_Tlaxcala_1 - INFO -   After territorial filter (keeping jurisdiccion): 2 candidates
2026-07-29 15:14:16 - matching_Tlaxcala_1 - INFO -   Nombre matches (exact on lugar_nombre): 0
2026-07-29 15:14:16 - matching_Tlaxcala_1 - INFO -   Saint-only matches: 2
2026-07-29 15:14:16 - matching_Tlaxcala_1 - INFO -   Substantive matches: 0
2026-07-29 15:14:16 - matching_Tlaxcala_1 - INFO -   Candidate pool (>= threshold): 2
2026-07-29 15:14:16 - matching_Tlaxcala_1 - INFO -   2 candidate(s) -> candidate
2026-07-29 15:14:16 - matching_Tlaxcala_1 - INFO - Batch 0-100: completed successfully, 167 results
2026-07-29 15:14:16 - matching_Tlaxcala_1 - INFO - Processing row 100, rowID=101
2026-07-29 15:14:16 - matching_Tlaxcala_1 - INFO - 
============================================================
2026-07-29 15:14:16 - matching_Tlaxcala_1 - INFO - Processing rowID=101: 'San Francisco Papalotla' -> cleaned: 'san francisco papalotla'
2026-07-29 15:14:16 - matching_Tlaxcala_1 - INFO -   Territorial context: jurisdiccion='tlaxcala' -> allowed rows: 110
2026-07-29 15:14:16 - matching_Tlaxcala_1 - INFO -   Token-based candidates: 70
2026-07-29 15:14:16 - matching_Tlaxcala_1 - INFO -   Filtering: need match on substantive tokens: ['francisco', 'papalotla'] OR 2+ total tokens
2026-07-29 15:14:16 - matching_Tlaxcala_1 - INFO -   After filtering weak token matches: 8 candidates
2026-07-29 15:14:16 - matching_Tlaxcala_1 - INFO -   Fuzzy matches (score >= 70, limit=500): 8
2026-07-29 15:14:16 - matching_Tlaxcala_1 - DEBUG -     gz_id=1004093 'papalotla' score=1.000 nombre=True saint_only=False terr=jurisdiccion_exact phase=auto_adopt
2026-07-29 15:14:16 - matching_Tlaxcala_1 - DEBUG -     gz_id=1004127 'tlacuilohcan' score=0.850 nombre=False saint_only=False terr=jurisdiccion_exact phase=candidate
2026-07-29 15:14:16 - matching_Tlaxcala_1 - DEBUG -     gz_id=1004086 'mitepec' score=0.833 nombre=False saint_only=False terr=jurisdiccion_exact phase=relegated
2026-07-29 15:14:16 - matching_Tlaxcala_1 - DEBUG -     gz_id=1004048 'atexcacinco' score=0.821 nombre=False saint_only=False terr=jurisdiccion_exact phase=relegated
2026-07-29 15:14:16 - matching_Tlaxcala_1 - DEBUG -     gz_id=1004119 'tetlanohcan' score=0.810 nombre=False saint_only=False terr=jurisdiccion_exact phase=relegated
2026-07-29 15:14:16 - matching_Tlaxcala_1 - DEBUG -     gz_id=1004089 'ocotelulco' score=0.791 nombre=False saint_only=False terr=jurisdiccion_exact phase=relegated
2026-07-29 15:14:16 - matching_Tlaxcala_1 - DEBUG -     gz_id=1004107 'temesontla' score=0.789 nombre=False saint_only=False terr=jurisdiccion_exact phase=relegated
2026-07-29 15:14:16 - matching_Tlaxcala_1 - DEBUG -     gz_id=1004116 'tepeianco' score=0.789 nombre=False saint_only=False terr=jurisdiccion_exact phase=relegated
2026-07-29 15:14:16 - matching_Tlaxcala_1 - INFO -   Before dedup: 8 candidates
2026-07-29 15:14:16 - matching_Tlaxcala_1 - INFO -   After dedup: 8 unique gz_ids
2026-07-29 15:14:16 - matching_Tlaxcala_1 - INFO -   Input has territorial data: True
2026-07-29 15:14:16 - matching_Tlaxcala_1 - INFO -   Candidates with territory match: 8
2026-07-29 15:14:16 - matching_Tlaxcala_1 - INFO -   After territorial filter (keeping jurisdiccion): 8 candidates
2026-07-29 15:14:16 - matching_Tlaxcala_1 - INFO -   Nombre matches (exact on lugar_nombre): 1
2026-07-29 15:14:16 - matching_Tlaxcala_1 - INFO -   Saint-only matches: 0
2026-07-29 15:14:16 - matching_Tlaxcala_1 - INFO -   Substantive matches: 8
2026-07-29 15:14:16 - matching_Tlaxcala_1 - INFO -   NOMBRE PRIORITY: Keeping ONLY 1 nombre matches, discarding 7 others
2026-07-29 15:14:16 - matching_Tlaxcala_1 - INFO -      gz_id=1004093: Papalotla
2026-07-29 15:14:16 - matching_Tlaxcala_1 - INFO -   Candidate pool (>= threshold): 1
2026-07-29 15:14:16 - matching_Tlaxcala_1 - INFO -   Single unambiguous strong hit -> auto_adopt
2026-07-29 15:14:16 - matching_Tlaxcala_1 - INFO - 
============================================================
2026-07-29 15:14:16 - matching_Tlaxcala_1 - INFO - Processing rowID=102: 'San Pablo del Monte' -> cleaned: 'san pablo monte'
2026-07-29 15:14:16 - matching_Tlaxcala_1 - INFO -   Territorial context: jurisdiccion='tlaxcala' -> allowed rows: 110
2026-07-29 15:14:17 - matching_Tlaxcala_1 - INFO -   Token-based candidates: 71
2026-07-29 15:14:17 - matching_Tlaxcala_1 - INFO -   Filtering: need match on substantive tokens: ['pablo', 'monte'] OR 2+ total tokens
2026-07-29 15:14:17 - matching_Tlaxcala_1 - INFO -   After filtering weak token matches: 4 candidates
2026-07-29 15:14:17 - matching_Tlaxcala_1 - INFO -   Fuzzy matches (score >= 70, limit=500): 4
2026-07-29 15:14:17 - matching_Tlaxcala_1 - DEBUG -     gz_id=1004101 'san pablo monte' score=1.000 nombre=True saint_only=False terr=jurisdiccion_exact phase=auto_adopt
2026-07-29 15:14:17 - matching_Tlaxcala_1 - DEBUG -     gz_id=1004046 'apetatitlan' score=0.800 nombre=False saint_only=False terr=jurisdiccion_exact phase=relegated
2026-07-29 15:14:17 - matching_Tlaxcala_1 - DEBUG -     gz_id=1004147 'citlaltepec' score=0.800 nombre=False saint_only=False terr=jurisdiccion_exact phase=relegated
2026-07-29 15:14:17 - matching_Tlaxcala_1 - DEBUG -     gz_id=1004053 'ajotla' score=1.000 nombre=False saint_only=False terr=jurisdiccion_exact phase=candidate
2026-07-29 15:14:17 - matching_Tlaxcala_1 - INFO -   Before dedup: 4 candidates
2026-07-29 15:14:17 - matching_Tlaxcala_1 - INFO -   After dedup: 4 unique gz_ids
2026-07-29 15:14:17 - matching_Tlaxcala_1 - INFO -   Input has territorial data: True
2026-07-29 15:14:17 - matching_Tlaxcala_1 - INFO -   Candidates with territory match: 4
2026-07-29 15:14:17 - matching_Tlaxcala_1 - INFO -   After territorial filter (keeping jurisdiccion): 4 candidates
2026-07-29 15:14:17 - matching_Tlaxcala_1 - INFO -   Nombre matches (exact on lugar_nombre): 1
2026-07-29 15:14:17 - matching_Tlaxcala_1 - INFO -   Saint-only matches: 0
2026-07-29 15:14:17 - matching_Tlaxcala_1 - INFO -   Substantive matches: 4
2026-07-29 15:14:17 - matching_Tlaxcala_1 - INFO -   NOMBRE PRIORITY: Keeping ONLY 1 nombre matches, discarding 3 others
2026-07-29 15:14:17 - matching_Tlaxcala_1 - INFO -      gz_id=1004101: San Pablo del Monte
2026-07-29 15:14:17 - matching_Tlaxcala_1 - INFO -   Candidate pool (>= threshold): 1
2026-07-29 15:14:17 - matching_Tlaxcala_1 - INFO -   Single unambiguous strong hit -> auto_adopt
2026-07-29 15:14:17 - matching_Tlaxcala_1 - INFO - 
============================================================
2026-07-29 15:14:17 - matching_Tlaxcala_1 - INFO - Processing rowID=103: 'San Miguel Canoa' -> cleaned: 'san mihuel canoa'
2026-07-29 15:14:17 - matching_Tlaxcala_1 - INFO -   Territorial context: jurisdiccion='tlaxcala' -> allowed rows: 110
2026-07-29 15:14:17 - matching_Tlaxcala_1 - INFO -   Token-based candidates: 70
2026-07-29 15:14:17 - matching_Tlaxcala_1 - INFO -   Filtering: need match on substantive tokens: ['mihuel', 'canoa'] OR 2+ total tokens
2026-07-29 15:14:17 - matching_Tlaxcala_1 - INFO -   After filtering weak token matches: 4 candidates
2026-07-29 15:14:17 - matching_Tlaxcala_1 - INFO -   Fuzzy matches (score >= 70, limit=500): 4
2026-07-29 15:14:17 - matching_Tlaxcala_1 - DEBUG -     gz_id=1004100 'san mihuelito' score=0.897 nombre=False saint_only=False terr=jurisdiccion_exact phase=candidate
2026-07-29 15:14:17 - matching_Tlaxcala_1 - DEBUG -     gz_id=1004108 'tenancingo' score=0.839 nombre=False saint_only=False terr=jurisdiccion_exact phase=relegated
2026-07-29 15:14:17 - matching_Tlaxcala_1 - DEBUG -     gz_id=1004140 'jochitecatitla' score=0.828 nombre=False saint_only=False terr=jurisdiccion_exact phase=relegated
2026-07-29 15:14:17 - matching_Tlaxcala_1 - DEBUG -     gz_id=1004099 'san mihuel milagro' score=0.815 nombre=False saint_only=False terr=jurisdiccion_exact phase=relegated
2026-07-29 15:14:17 - matching_Tlaxcala_1 - INFO -   Before dedup: 4 candidates
2026-07-29 15:14:17 - matching_Tlaxcala_1 - INFO -   After dedup: 4 unique gz_ids
2026-07-29 15:14:17 - matching_Tlaxcala_1 - INFO -   Input has territorial data: True
2026-07-29 15:14:17 - matching_Tlaxcala_1 - INFO -   Candidates with territory match: 4
2026-07-29 15:14:17 - matching_Tlaxcala_1 - INFO -   After territorial filter (keeping jurisdiccion): 4 candidates
2026-07-29 15:14:17 - matching_Tlaxcala_1 - INFO -   Nombre matches (exact on lugar_nombre): 0
2026-07-29 15:14:17 - matching_Tlaxcala_1 - INFO -   Saint-only matches: 0
2026-07-29 15:14:17 - matching_Tlaxcala_1 - INFO -   Substantive matches: 4
2026-07-29 15:14:17 - matching_Tlaxcala_1 - INFO -   Candidate pool (>= threshold): 4
2026-07-29 15:14:17 - matching_Tlaxcala_1 - INFO -   4 candidate(s) -> candidate
2026-07-29 15:14:17 - matching_Tlaxcala_1 - INFO - 
============================================================
2026-07-29 15:14:17 - matching_Tlaxcala_1 - INFO - Processing rowID=104: 'Santa Isabel' -> cleaned: 'santa isabel'
2026-07-29 15:14:17 - matching_Tlaxcala_1 - INFO -   Territorial context: jurisdiccion='tlaxcala' -> allowed rows: 110
2026-07-29 15:14:17 - matching_Tlaxcala_1 - INFO -   Token-based candidates: 24
2026-07-29 15:14:17 - matching_Tlaxcala_1 - INFO -   Filtering: need match on substantive tokens: ['isabel'] OR 2+ total tokens
2026-07-29 15:14:17 - matching_Tlaxcala_1 - INFO -   After filtering weak token matches: 2 candidates
2026-07-29 15:14:17 - matching_Tlaxcala_1 - INFO -   Fuzzy matches (score >= 70, limit=500): 2
2026-07-29 15:14:17 - matching_Tlaxcala_1 - DEBUG -     gz_id=1004120 'tetlatlahuca' score=1.000 nombre=False saint_only=True terr=jurisdiccion_exact phase=candidate
2026-07-29 15:14:17 - matching_Tlaxcala_1 - DEBUG -     gz_id=1004139 'jilojoxtla' score=1.000 nombre=False saint_only=True terr=jurisdiccion_exact phase=candidate
2026-07-29 15:14:17 - matching_Tlaxcala_1 - INFO -   Before dedup: 2 candidates
2026-07-29 15:14:17 - matching_Tlaxcala_1 - INFO -   After dedup: 2 unique gz_ids
2026-07-29 15:14:17 - matching_Tlaxcala_1 - INFO -   Input has territorial data: True
2026-07-29 15:14:17 - matching_Tlaxcala_1 - INFO -   Candidates with territory match: 2
2026-07-29 15:14:17 - matching_Tlaxcala_1 - INFO -   After territorial filter (keeping jurisdiccion): 2 candidates
2026-07-29 15:14:17 - matching_Tlaxcala_1 - INFO -   Nombre matches (exact on lugar_nombre): 0
2026-07-29 15:14:17 - matching_Tlaxcala_1 - INFO -   Saint-only matches: 2
2026-07-29 15:14:17 - matching_Tlaxcala_1 - INFO -   Substantive matches: 0
2026-07-29 15:14:17 - matching_Tlaxcala_1 - INFO -   Candidate pool (>= threshold): 2
2026-07-29 15:14:17 - matching_Tlaxcala_1 - INFO -   2 candidate(s) -> candidate
2026-07-29 15:14:17 - matching_Tlaxcala_1 - INFO - 
============================================================
2026-07-29 15:14:17 - matching_Tlaxcala_1 - INFO - Processing rowID=105: 'San Luis Teolocholco' -> cleaned: 'san luis teolocholco'
2026-07-29 15:14:17 - matching_Tlaxcala_1 - INFO -   Territorial context: jurisdiccion='tlaxcala' -> allowed rows: 110
2026-07-29 15:14:17 - matching_Tlaxcala_1 - INFO -   Token-based candidates: 70
2026-07-29 15:14:17 - matching_Tlaxcala_1 - INFO -   Filtering: need match on substantive tokens: ['teolocholco', 'luis'] OR 2+ total tokens
2026-07-29 15:14:17 - matching_Tlaxcala_1 - INFO -   After filtering weak token matches: 3 candidates
2026-07-29 15:14:17 - matching_Tlaxcala_1 - INFO -   Fuzzy matches (score >= 70, limit=500): 3
2026-07-29 15:14:17 - matching_Tlaxcala_1 - DEBUG -     gz_id=1004112 'teolocholco' score=1.000 nombre=True saint_only=False terr=jurisdiccion_exact phase=auto_adopt
2026-07-29 15:14:17 - matching_Tlaxcala_1 - DEBUG -     gz_id=1004047 'apisaco' score=0.720 nombre=False saint_only=False terr=jurisdiccion_exact phase=relegated
2026-07-29 15:14:17 - matching_Tlaxcala_1 - DEBUG -     gz_id=1004071 'huamantla' score=0.714 nombre=False saint_only=False terr=jurisdiccion_exact phase=relegated
2026-07-29 15:14:17 - matching_Tlaxcala_1 - INFO -   Before dedup: 3 candidates
2026-07-29 15:14:17 - matching_Tlaxcala_1 - INFO -   After dedup: 3 unique gz_ids
2026-07-29 15:14:17 - matching_Tlaxcala_1 - INFO -   Input has territorial data: True
2026-07-29 15:14:17 - matching_Tlaxcala_1 - INFO -   Candidates with territory match: 3
2026-07-29 15:14:17 - matching_Tlaxcala_1 - INFO -   After territorial filter (keeping jurisdiccion): 3 candidates
2026-07-29 15:14:17 - matching_Tlaxcala_1 - INFO -   Nombre matches (exact on lugar_nombre): 1
2026-07-29 15:14:17 - matching_Tlaxcala_1 - INFO -   Saint-only matches: 0
2026-07-29 15:14:17 - matching_Tlaxcala_1 - INFO -   Substantive matches: 3
2026-07-29 15:14:17 - matching_Tlaxcala_1 - INFO -   NOMBRE PRIORITY: Keeping ONLY 1 nombre matches, discarding 2 others
2026-07-29 15:14:17 - matching_Tlaxcala_1 - INFO -      gz_id=1004112: Teolocholco
2026-07-29 15:14:17 - matching_Tlaxcala_1 - INFO -   Candidate pool (>= threshold): 1
2026-07-29 15:14:17 - matching_Tlaxcala_1 - INFO -   Single unambiguous strong hit -> auto_adopt
2026-07-29 15:14:17 - matching_Tlaxcala_1 - INFO - 
============================================================
2026-07-29 15:14:17 - matching_Tlaxcala_1 - INFO - Processing rowID=106: 'San Antonio' -> cleaned: 'san antonio'
2026-07-29 15:14:17 - matching_Tlaxcala_1 - INFO -   Territorial context: jurisdiccion='tlaxcala' -> allowed rows: 110
2026-07-29 15:14:17 - matching_Tlaxcala_1 - INFO -   Token-based candidates: 70
2026-07-29 15:14:17 - matching_Tlaxcala_1 - INFO -   Filtering: need match on substantive tokens: ['antonio'] OR 2+ total tokens
2026-07-29 15:14:17 - matching_Tlaxcala_1 - INFO -   After filtering weak token matches: 2 candidates
2026-07-29 15:14:17 - matching_Tlaxcala_1 - INFO -   Fuzzy matches (score >= 70, limit=500): 2
2026-07-29 15:14:17 - matching_Tlaxcala_1 - DEBUG -     gz_id=1004040 'acuamanala' score=1.000 nombre=False saint_only=True terr=jurisdiccion_exact phase=candidate
2026-07-29 15:14:17 - matching_Tlaxcala_1 - DEBUG -     gz_id=1004068 'cuajomulco' score=1.000 nombre=False saint_only=True terr=jurisdiccion_exact phase=candidate
2026-07-29 15:14:17 - matching_Tlaxcala_1 - INFO -   Before dedup: 2 candidates
2026-07-29 15:14:17 - matching_Tlaxcala_1 - INFO -   After dedup: 2 unique gz_ids
2026-07-29 15:14:17 - matching_Tlaxcala_1 - INFO -   Input has territorial data: True
2026-07-29 15:14:17 - matching_Tlaxcala_1 - INFO -   Candidates with territory match: 2
2026-07-29 15:14:17 - matching_Tlaxcala_1 - INFO -   After territorial filter (keeping jurisdiccion): 2 candidates
2026-07-29 15:14:17 - matching_Tlaxcala_1 - INFO -   Nombre matches (exact on lugar_nombre): 0
2026-07-29 15:14:17 - matching_Tlaxcala_1 - INFO -   Saint-only matches: 2
2026-07-29 15:14:17 - matching_Tlaxcala_1 - INFO -   Substantive matches: 0
2026-07-29 15:14:17 - matching_Tlaxcala_1 - INFO -   Candidate pool (>= threshold): 2
2026-07-29 15:14:17 - matching_Tlaxcala_1 - INFO -   2 candidate(s) -> candidate
2026-07-29 15:14:17 - matching_Tlaxcala_1 - INFO - 
============================================================
2026-07-29 15:14:17 - matching_Tlaxcala_1 - INFO - Processing rowID=107: 'Santa María Astama' -> cleaned: 'santa maria astama'
2026-07-29 15:14:17 - matching_Tlaxcala_1 - INFO -   Territorial context: jurisdiccion='tlaxcala' -> allowed rows: 110
2026-07-29 15:14:17 - matching_Tlaxcala_1 - INFO -   Token-based candidates: 25
2026-07-29 15:14:17 - matching_Tlaxcala_1 - INFO -   Filtering: need match on substantive tokens: ['astama'] OR 2+ total tokens
2026-07-29 15:14:17 - matching_Tlaxcala_1 - INFO -   After filtering weak token matches: 12 candidates
2026-07-29 15:14:17 - matching_Tlaxcala_1 - INFO -   Fuzzy matches (score >= 70, limit=500): 12
2026-07-29 15:14:17 - matching_Tlaxcala_1 - DEBUG -     gz_id=1004056 'astama' score=1.000 nombre=False saint_only=False terr=jurisdiccion_exact phase=candidate
2026-07-29 15:14:17 - matching_Tlaxcala_1 - DEBUG -     gz_id=1004051 'atlihuecian' score=0.875 nombre=False saint_only=False terr=jurisdiccion_exact phase=candidate
2026-07-29 15:14:17 - matching_Tlaxcala_1 - DEBUG -     gz_id=1004148 'sumpango' score=0.857 nombre=False saint_only=False terr=jurisdiccion_exact phase=candidate
2026-07-29 15:14:17 - matching_Tlaxcala_1 - DEBUG -     gz_id=1004087 'natibitas' score=0.848 nombre=False saint_only=False terr=jurisdiccion_exact phase=relegated
2026-07-29 15:14:17 - matching_Tlaxcala_1 - DEBUG -     gz_id=1004053 'ajotla' score=0.839 nombre=False saint_only=False terr=jurisdiccion_exact phase=relegated
2026-07-29 15:14:17 - matching_Tlaxcala_1 - DEBUG -     gz_id=1004122 'texcalac' score=0.839 nombre=False saint_only=False terr=jurisdiccion_exact phase=relegated
2026-07-29 15:14:17 - matching_Tlaxcala_1 - DEBUG -     gz_id=1004132 'tocatlan' score=0.839 nombre=False saint_only=False terr=jurisdiccion_exact phase=relegated
2026-07-29 15:14:17 - matching_Tlaxcala_1 - DEBUG -     gz_id=1004104 'santa maria espana' score=0.833 nombre=False saint_only=False terr=jurisdiccion_exact phase=relegated
2026-07-29 15:14:17 - matching_Tlaxcala_1 - DEBUG -     gz_id=1004043 'acjotla' score=0.800 nombre=False saint_only=False terr=jurisdiccion_exact phase=relegated
2026-07-29 15:14:17 - matching_Tlaxcala_1 - DEBUG -     gz_id=1004057 'belen' score=0.800 nombre=False saint_only=False terr=jurisdiccion_exact phase=relegated
2026-07-29 15:14:17 - matching_Tlaxcala_1 - DEBUG -     gz_id=1004076 'ixcotla' score=0.800 nombre=False saint_only=False terr=jurisdiccion_exact phase=relegated
2026-07-29 15:14:17 - matching_Tlaxcala_1 - DEBUG -     gz_id=1004079 'ixtulco' score=0.800 nombre=False saint_only=False terr=jurisdiccion_exact phase=relegated
2026-07-29 15:14:17 - matching_Tlaxcala_1 - INFO -   Before dedup: 12 candidates
2026-07-29 15:14:17 - matching_Tlaxcala_1 - INFO -   After dedup: 12 unique gz_ids
2026-07-29 15:14:17 - matching_Tlaxcala_1 - INFO -   Input has territorial data: True
2026-07-29 15:14:17 - matching_Tlaxcala_1 - INFO -   Candidates with territory match: 12
2026-07-29 15:14:17 - matching_Tlaxcala_1 - INFO -   After territorial filter (keeping jurisdiccion): 12 candidates
2026-07-29 15:14:17 - matching_Tlaxcala_1 - INFO -   Nombre matches (exact on lugar_nombre): 0
2026-07-29 15:14:17 - matching_Tlaxcala_1 - INFO -   Saint-only matches: 0
2026-07-29 15:14:17 - matching_Tlaxcala_1 - INFO -   Substantive matches: 12
2026-07-29 15:14:17 - matching_Tlaxcala_1 - INFO -   Candidate pool (>= threshold): 12
2026-07-29 15:14:17 - matching_Tlaxcala_1 - INFO -   12 candidate(s) -> candidate
2026-07-29 15:14:17 - matching_Tlaxcala_1 - INFO - 
============================================================
2026-07-29 15:14:17 - matching_Tlaxcala_1 - INFO - Processing rowID=108: 'Nuestra Señora de la Defensa' -> cleaned: 'nuestra cenora defensa'
2026-07-29 15:14:17 - matching_Tlaxcala_1 - INFO -   Territorial context: jurisdiccion='tlaxcala' -> allowed rows: 110
2026-07-29 15:14:17 - matching_Tlaxcala_1 - INFO -   Token-based candidates: 2
2026-07-29 15:14:17 - matching_Tlaxcala_1 - INFO -   Filtering: need match on substantive tokens: ['defensa', 'cenora'] OR 2+ total tokens
2026-07-29 15:14:17 - matching_Tlaxcala_1 - INFO -   Fuzzy matches (score >= 70, limit=500): 1
2026-07-29 15:14:17 - matching_Tlaxcala_1 - DEBUG -     gz_id=1004091 'ocotlan' score=0.727 nombre=False saint_only=False terr=jurisdiccion_exact phase=relegated
2026-07-29 15:14:17 - matching_Tlaxcala_1 - INFO -   Before dedup: 1 candidates
2026-07-29 15:14:17 - matching_Tlaxcala_1 - INFO -   After dedup: 1 unique gz_ids
2026-07-29 15:14:17 - matching_Tlaxcala_1 - INFO -   Input has territorial data: True
2026-07-29 15:14:17 - matching_Tlaxcala_1 - INFO -   Candidates with territory match: 1
2026-07-29 15:14:17 - matching_Tlaxcala_1 - INFO -   After territorial filter (keeping jurisdiccion): 1 candidates
2026-07-29 15:14:17 - matching_Tlaxcala_1 - INFO -   Nombre matches (exact on lugar_nombre): 0
2026-07-29 15:14:17 - matching_Tlaxcala_1 - INFO -   Saint-only matches: 0
2026-07-29 15:14:17 - matching_Tlaxcala_1 - INFO -   Substantive matches: 1
2026-07-29 15:14:17 - matching_Tlaxcala_1 - INFO -   Candidate pool (>= threshold): 0
2026-07-29 15:14:17 - matching_Tlaxcala_1 - WARNING -   No candidate above threshold - relegated
2026-07-29 15:14:17 - matching_Tlaxcala_1 - INFO - 
============================================================
2026-07-29 15:14:17 - matching_Tlaxcala_1 - INFO - Processing rowID=109: 'Santa Marta' -> cleaned: 'santa marta'
2026-07-29 15:14:17 - matching_Tlaxcala_1 - INFO -   Territorial context: jurisdiccion='tlaxcala' -> allowed rows: 110
2026-07-29 15:14:17 - matching_Tlaxcala_1 - INFO -   Token-based candidates: 24
2026-07-29 15:14:17 - matching_Tlaxcala_1 - INFO -   Filtering: need match on substantive tokens: ['marta'] OR 2+ total tokens
2026-07-29 15:14:17 - matching_Tlaxcala_1 - INFO -   Fuzzy matches (score >= 70, limit=500): 24
2026-07-29 15:14:17 - matching_Tlaxcala_1 - DEBUG -     gz_id=1004043 'acjotla' score=0.909 nombre=False saint_only=False terr=jurisdiccion_exact phase=candidate
2026-07-29 15:14:17 - matching_Tlaxcala_1 - DEBUG -     gz_id=1004051 'atlihuecian' score=0.909 nombre=False saint_only=False terr=jurisdiccion_exact phase=candidate
2026-07-29 15:14:17 - matching_Tlaxcala_1 - DEBUG -     gz_id=1004053 'ajotla' score=0.909 nombre=False saint_only=False terr=jurisdiccion_exact phase=candidate
2026-07-29 15:14:17 - matching_Tlaxcala_1 - DEBUG -     gz_id=1004057 'belen' score=0.909 nombre=False saint_only=False terr=jurisdiccion_exact phase=candidate
2026-07-29 15:14:17 - matching_Tlaxcala_1 - DEBUG -     gz_id=1004076 'ixcotla' score=0.909 nombre=False saint_only=False terr=jurisdiccion_exact phase=candidate
2026-07-29 15:14:17 - matching_Tlaxcala_1 - DEBUG -     gz_id=1004079 'ixtulco' score=0.909 nombre=False saint_only=False terr=jurisdiccion_exact phase=candidate
2026-07-29 15:14:17 - matching_Tlaxcala_1 - DEBUG -     gz_id=1004087 'natibitas' score=0.909 nombre=False saint_only=False terr=jurisdiccion_exact phase=candidate
2026-07-29 15:14:17 - matching_Tlaxcala_1 - DEBUG -     gz_id=1004104 'santa maria espana' score=0.909 nombre=False saint_only=False terr=jurisdiccion_exact phase=candidate
2026-07-29 15:14:17 - matching_Tlaxcala_1 - DEBUG -     gz_id=1004122 'texcalac' score=0.909 nombre=False saint_only=False terr=jurisdiccion_exact phase=candidate
2026-07-29 15:14:17 - matching_Tlaxcala_1 - DEBUG -     gz_id=1004132 'tocatlan' score=0.909 nombre=False saint_only=False terr=jurisdiccion_exact phase=candidate
2026-07-29 15:14:17 - matching_Tlaxcala_1 - DEBUG -     gz_id=1004148 'sumpango' score=0.909 nombre=False saint_only=False terr=jurisdiccion_exact phase=candidate
2026-07-29 15:14:17 - matching_Tlaxcala_1 - DEBUG -     gz_id=1004055 'aiometla' score=0.857 nombre=False saint_only=False terr=jurisdiccion_exact phase=candidate
2026-07-29 15:14:17 - matching_Tlaxcala_1 - DEBUG -     gz_id=1004041 'acuicuiscatepec' score=0.818 nombre=False saint_only=False terr=jurisdiccion_exact phase=relegated
2026-07-29 15:14:17 - matching_Tlaxcala_1 - DEBUG -     gz_id=1004060 'chiautempan' score=0.800 nombre=False saint_only=False terr=jurisdiccion_exact phase=relegated
2026-07-29 15:14:17 - matching_Tlaxcala_1 - DEBUG -     gz_id=1004074 'huiloac' score=0.800 nombre=False saint_only=False terr=jurisdiccion_exact phase=relegated
2026-07-29 15:14:17 - matching_Tlaxcala_1 - DEBUG -     gz_id=1004088 'nopalucan' score=0.800 nombre=False saint_only=False terr=jurisdiccion_exact phase=relegated
2026-07-29 15:14:17 - matching_Tlaxcala_1 - DEBUG -     gz_id=1004130 'santa crus tlaxcala' score=0.737 nombre=False saint_only=False terr=jurisdiccion_exact phase=relegated
2026-07-29 15:14:17 - matching_Tlaxcala_1 - DEBUG -     gz_id=1004146 'cimatepec' score=0.737 nombre=False saint_only=False terr=jurisdiccion_exact phase=relegated
2026-07-29 15:14:17 - matching_Tlaxcala_1 - DEBUG -     gz_id=1004069 'ecatepec' score=0.706 nombre=False saint_only=False terr=jurisdiccion_exact phase=relegated
2026-07-29 15:14:17 - matching_Tlaxcala_1 - DEBUG -     gz_id=1004085 'michacatitlan' score=0.706 nombre=False saint_only=False terr=jurisdiccion_exact phase=relegated
2026-07-29 15:14:17 - matching_Tlaxcala_1 - DEBUG -     gz_id=1004106 'tecuexcomac' score=0.706 nombre=False saint_only=False terr=jurisdiccion_exact phase=relegated
2026-07-29 15:14:17 - matching_Tlaxcala_1 - DEBUG -     gz_id=1004120 'tetlatlahuca' score=0.706 nombre=False saint_only=False terr=jurisdiccion_exact phase=relegated
2026-07-29 15:14:17 - matching_Tlaxcala_1 - DEBUG -     gz_id=1004139 'jilojoxtla' score=0.706 nombre=False saint_only=False terr=jurisdiccion_exact phase=relegated
2026-07-29 15:14:17 - matching_Tlaxcala_1 - DEBUG -     gz_id=1004144 'sacatelco' score=0.706 nombre=False saint_only=False terr=jurisdiccion_exact phase=relegated
2026-07-29 15:14:17 - matching_Tlaxcala_1 - INFO -   Before dedup: 24 candidates
2026-07-29 15:14:17 - matching_Tlaxcala_1 - INFO -   After dedup: 24 unique gz_ids
2026-07-29 15:14:17 - matching_Tlaxcala_1 - INFO -   Input has territorial data: True
2026-07-29 15:14:17 - matching_Tlaxcala_1 - INFO -   Candidates with territory match: 24
2026-07-29 15:14:17 - matching_Tlaxcala_1 - INFO -   After territorial filter (keeping jurisdiccion): 24 candidates
2026-07-29 15:14:17 - matching_Tlaxcala_1 - INFO -   Nombre matches (exact on lugar_nombre): 0
2026-07-29 15:14:17 - matching_Tlaxcala_1 - INFO -   Saint-only matches: 0
2026-07-29 15:14:17 - matching_Tlaxcala_1 - INFO -   Substantive matches: 24
2026-07-29 15:14:17 - matching_Tlaxcala_1 - INFO -   Candidate pool (>= threshold): 16
2026-07-29 15:14:17 - matching_Tlaxcala_1 - INFO -   16 candidate(s) -> candidate
2026-07-29 15:14:17 - matching_Tlaxcala_1 - INFO - 
============================================================
2026-07-29 15:14:17 - matching_Tlaxcala_1 - INFO - Processing rowID=110: 'Xaltip.C' -> cleaned: 'jaltip c'
2026-07-29 15:14:17 - matching_Tlaxcala_1 - INFO -   Territorial context: jurisdiccion='tlaxcala' -> allowed rows: 110
2026-07-29 15:14:17 - matching_Tlaxcala_1 - INFO -   Token-based candidates: 0
2026-07-29 15:14:17 - matching_Tlaxcala_1 - WARNING -   No candidates found - relegated
2026-07-29 15:14:17 - matching_Tlaxcala_1 - INFO - Processing row 110, rowID=111
2026-07-29 15:14:17 - matching_Tlaxcala_1 - INFO - 
============================================================
2026-07-29 15:14:17 - matching_Tlaxcala_1 - INFO - Processing rowID=111: 'Tepalcatepeque' -> cleaned: 'tepalcatepeque'
2026-07-29 15:14:17 - matching_Tlaxcala_1 - INFO -   Territorial context: jurisdiccion='tlaxcala' -> allowed rows: 110
2026-07-29 15:14:17 - matching_Tlaxcala_1 - INFO -   Token-based candidates: 0
2026-07-29 15:14:17 - matching_Tlaxcala_1 - WARNING -   No candidates found - relegated
2026-07-29 15:14:17 - matching_Tlaxcala_1 - INFO - 
============================================================
2026-07-29 15:14:17 - matching_Tlaxcala_1 - INFO - Processing rowID=112: 'Nuestra Señora del Carmen' -> cleaned: 'nuestra cenora carmen'
2026-07-29 15:14:17 - matching_Tlaxcala_1 - INFO -   Territorial context: jurisdiccion='tlaxcala' -> allowed rows: 110
2026-07-29 15:14:17 - matching_Tlaxcala_1 - INFO -   Token-based candidates: 2
2026-07-29 15:14:17 - matching_Tlaxcala_1 - INFO -   Filtering: need match on substantive tokens: ['carmen', 'cenora'] OR 2+ total tokens
2026-07-29 15:14:17 - matching_Tlaxcala_1 - INFO -   Fuzzy matches (score >= 70, limit=500): 1
2026-07-29 15:14:17 - matching_Tlaxcala_1 - DEBUG -     gz_id=1004091 'ocotlan' score=0.810 nombre=False saint_only=False terr=jurisdiccion_exact phase=relegated
2026-07-29 15:14:17 - matching_Tlaxcala_1 - INFO -   Before dedup: 1 candidates
2026-07-29 15:14:17 - matching_Tlaxcala_1 - INFO -   After dedup: 1 unique gz_ids
2026-07-29 15:14:17 - matching_Tlaxcala_1 - INFO -   Input has territorial data: True
2026-07-29 15:14:17 - matching_Tlaxcala_1 - INFO -   Candidates with territory match: 1
2026-07-29 15:14:17 - matching_Tlaxcala_1 - INFO -   After territorial filter (keeping jurisdiccion): 1 candidates
2026-07-29 15:14:17 - matching_Tlaxcala_1 - INFO -   Nombre matches (exact on lugar_nombre): 0
2026-07-29 15:14:17 - matching_Tlaxcala_1 - INFO -   Saint-only matches: 0
2026-07-29 15:14:17 - matching_Tlaxcala_1 - INFO -   Substantive matches: 1
2026-07-29 15:14:17 - matching_Tlaxcala_1 - INFO -   Candidate pool (>= threshold): 1
2026-07-29 15:14:17 - matching_Tlaxcala_1 - INFO -   1 candidate(s) -> candidate
2026-07-29 15:14:17 - matching_Tlaxcala_1 - INFO - 
============================================================
2026-07-29 15:14:17 - matching_Tlaxcala_1 - INFO - Processing rowID=113: 'San Bartolomé Jonecuila' -> cleaned: 'san bartolome jonecuila'
2026-07-29 15:14:17 - matching_Tlaxcala_1 - INFO -   Territorial context: jurisdiccion='tlaxcala' -> allowed rows: 110
2026-07-29 15:14:17 - matching_Tlaxcala_1 - INFO -   Token-based candidates: 70
2026-07-29 15:14:17 - matching_Tlaxcala_1 - INFO -   Filtering: need match on substantive tokens: ['jonecuila', 'bartolome'] OR 2+ total tokens
2026-07-29 15:14:17 - matching_Tlaxcala_1 - INFO -   After filtering weak token matches: 3 candidates
2026-07-29 15:14:17 - matching_Tlaxcala_1 - INFO -   Fuzzy matches (score >= 70, limit=500): 3
2026-07-29 15:14:17 - matching_Tlaxcala_1 - DEBUG -     gz_id=1004064 'cuahuixmatlac' score=0.850 nombre=False saint_only=False terr=jurisdiccion_exact phase=candidate
2026-07-29 15:14:17 - matching_Tlaxcala_1 - DEBUG -     gz_id=1004109 'tenango' score=0.811 nombre=False saint_only=False terr=jurisdiccion_exact phase=relegated
2026-07-29 15:14:17 - matching_Tlaxcala_1 - DEBUG -     gz_id=1004082 'matlalohcan' score=0.769 nombre=False saint_only=False terr=jurisdiccion_exact phase=relegated
2026-07-29 15:14:17 - matching_Tlaxcala_1 - INFO -   Before dedup: 3 candidates
2026-07-29 15:14:17 - matching_Tlaxcala_1 - INFO -   After dedup: 3 unique gz_ids
2026-07-29 15:14:17 - matching_Tlaxcala_1 - INFO -   Input has territorial data: True
2026-07-29 15:14:17 - matching_Tlaxcala_1 - INFO -   Candidates with territory match: 3
2026-07-29 15:14:17 - matching_Tlaxcala_1 - INFO -   After territorial filter (keeping jurisdiccion): 3 candidates
2026-07-29 15:14:17 - matching_Tlaxcala_1 - INFO -   Nombre matches (exact on lugar_nombre): 0
2026-07-29 15:14:17 - matching_Tlaxcala_1 - INFO -   Saint-only matches: 0
2026-07-29 15:14:17 - matching_Tlaxcala_1 - INFO -   Substantive matches: 3
2026-07-29 15:14:17 - matching_Tlaxcala_1 - INFO -   Candidate pool (>= threshold): 2
2026-07-29 15:14:17 - matching_Tlaxcala_1 - INFO -   2 candidate(s) -> candidate
2026-07-29 15:14:17 - matching_Tlaxcala_1 - INFO - 
============================================================
2026-07-29 15:14:17 - matching_Tlaxcala_1 - INFO - Processing rowID=114: 'San Juan Bautista de Zavaleta' -> cleaned: 'san juan bautista sabaleta'
2026-07-29 15:14:17 - matching_Tlaxcala_1 - INFO -   Territorial context: jurisdiccion='tlaxcala' -> allowed rows: 110
2026-07-29 15:14:17 - matching_Tlaxcala_1 - INFO -   Token-based candidates: 70
2026-07-29 15:14:17 - matching_Tlaxcala_1 - INFO -   Filtering: need match on substantive tokens: ['sabaleta', 'juan', 'bautista'] OR 2+ total tokens
2026-07-29 15:14:17 - matching_Tlaxcala_1 - INFO -   After filtering weak token matches: 5 candidates
2026-07-29 15:14:17 - matching_Tlaxcala_1 - INFO -   Fuzzy matches (score >= 70, limit=500): 3
2026-07-29 15:14:17 - matching_Tlaxcala_1 - DEBUG -     gz_id=1004050 'atlangatepec' score=0.875 nombre=False saint_only=False terr=jurisdiccion_exact phase=candidate
2026-07-29 15:14:17 - matching_Tlaxcala_1 - DEBUG -     gz_id=1004133 'totolac' score=0.844 nombre=False saint_only=False terr=jurisdiccion_exact phase=relegated
2026-07-29 15:14:17 - matching_Tlaxcala_1 - DEBUG -     gz_id=1004078 'ixtenco' score=0.720 nombre=False saint_only=False terr=jurisdiccion_exact phase=relegated
2026-07-29 15:14:17 - matching_Tlaxcala_1 - INFO -   Before dedup: 3 candidates
2026-07-29 15:14:17 - matching_Tlaxcala_1 - INFO -   After dedup: 3 unique gz_ids
2026-07-29 15:14:17 - matching_Tlaxcala_1 - INFO -   Input has territorial data: True
2026-07-29 15:14:17 - matching_Tlaxcala_1 - INFO -   Candidates with territory match: 3
2026-07-29 15:14:17 - matching_Tlaxcala_1 - INFO -   After territorial filter (keeping jurisdiccion): 3 candidates
2026-07-29 15:14:17 - matching_Tlaxcala_1 - INFO -   Nombre matches (exact on lugar_nombre): 0
2026-07-29 15:14:17 - matching_Tlaxcala_1 - INFO -   Saint-only matches: 0
2026-07-29 15:14:17 - matching_Tlaxcala_1 - INFO -   Substantive matches: 3
2026-07-29 15:14:17 - matching_Tlaxcala_1 - INFO -   Candidate pool (>= threshold): 2
2026-07-29 15:14:17 - matching_Tlaxcala_1 - INFO -   2 candidate(s) -> candidate
2026-07-29 15:14:17 - matching_Tlaxcala_1 - INFO - 
============================================================
2026-07-29 15:14:17 - matching_Tlaxcala_1 - INFO - Processing rowID=115: 'Soltepeque' -> cleaned: 'soltepeque'
2026-07-29 15:14:17 - matching_Tlaxcala_1 - INFO -   Territorial context: jurisdiccion='tlaxcala' -> allowed rows: 110
2026-07-29 15:14:17 - matching_Tlaxcala_1 - INFO -   Token-based candidates: 0
2026-07-29 15:14:17 - matching_Tlaxcala_1 - WARNING -   No candidates found - relegated
2026-07-29 15:14:17 - matching_Tlaxcala_1 - INFO - 
============================================================
2026-07-29 15:14:17 - matching_Tlaxcala_1 - INFO - Processing rowID=116: 'Santiago Escalzingo' -> cleaned: 'santiago escalcingo'
2026-07-29 15:14:17 - matching_Tlaxcala_1 - INFO -   Territorial context: jurisdiccion='tlaxcala' -> allowed rows: 110
2026-07-29 15:14:17 - matching_Tlaxcala_1 - INFO -   Token-based candidates: 6
2026-07-29 15:14:17 - matching_Tlaxcala_1 - INFO -   Filtering: need match on substantive tokens: ['escalcingo', 'santiago'] OR 2+ total tokens
2026-07-29 15:14:17 - matching_Tlaxcala_1 - INFO -   Fuzzy matches (score >= 70, limit=500): 5
2026-07-29 15:14:17 - matching_Tlaxcala_1 - DEBUG -     gz_id=1004118 'tetla' score=0.833 nombre=False saint_only=False terr=jurisdiccion_exact phase=relegated
2026-07-29 15:14:17 - matching_Tlaxcala_1 - DEBUG -     gz_id=1004084 'michac' score=0.800 nombre=False saint_only=False terr=jurisdiccion_exact phase=relegated
2026-07-29 15:14:17 - matching_Tlaxcala_1 - DEBUG -     gz_id=1004126 'tlacochcalco' score=0.727 nombre=False saint_only=False terr=jurisdiccion_exact phase=relegated
2026-07-29 15:14:17 - matching_Tlaxcala_1 - DEBUG -     gz_id=1004090 'ocotitlan' score=0.710 nombre=False saint_only=False terr=jurisdiccion_exact phase=relegated
2026-07-29 15:14:17 - matching_Tlaxcala_1 - DEBUG -     gz_id=1004091 'ocotlan' score=0.703 nombre=False saint_only=False terr=jurisdiccion_exact phase=relegated
2026-07-29 15:14:17 - matching_Tlaxcala_1 - INFO -   Before dedup: 5 candidates
2026-07-29 15:14:17 - matching_Tlaxcala_1 - INFO -   After dedup: 5 unique gz_ids
2026-07-29 15:14:17 - matching_Tlaxcala_1 - INFO -   Input has territorial data: True
2026-07-29 15:14:17 - matching_Tlaxcala_1 - INFO -   Candidates with territory match: 5
2026-07-29 15:14:17 - matching_Tlaxcala_1 - INFO -   After territorial filter (keeping jurisdiccion): 5 candidates
2026-07-29 15:14:17 - matching_Tlaxcala_1 - INFO -   Nombre matches (exact on lugar_nombre): 0
2026-07-29 15:14:17 - matching_Tlaxcala_1 - INFO -   Saint-only matches: 0
2026-07-29 15:14:17 - matching_Tlaxcala_1 - INFO -   Substantive matches: 5
2026-07-29 15:14:17 - matching_Tlaxcala_1 - INFO -   Candidate pool (>= threshold): 2
2026-07-29 15:14:17 - matching_Tlaxcala_1 - INFO -   2 candidate(s) -> candidate
2026-07-29 15:14:17 - matching_Tlaxcala_1 - INFO - 
============================================================
2026-07-29 15:14:17 - matching_Tlaxcala_1 - INFO - Processing rowID=117: 'San Francisco Cuezcomatepeque' -> cleaned: 'san francisco cuescomatepeque'
2026-07-29 15:14:17 - matching_Tlaxcala_1 - INFO -   Territorial context: jurisdiccion='tlaxcala' -> allowed rows: 110
2026-07-29 15:14:17 - matching_Tlaxcala_1 - INFO -   Token-based candidates: 70
2026-07-29 15:14:17 - matching_Tlaxcala_1 - INFO -   Filtering: need match on substantive tokens: ['francisco', 'cuescomatepeque'] OR 2+ total tokens
2026-07-29 15:14:17 - matching_Tlaxcala_1 - INFO -   After filtering weak token matches: 8 candidates
2026-07-29 15:14:17 - matching_Tlaxcala_1 - INFO -   Fuzzy matches (score >= 70, limit=500): 8
2026-07-29 15:14:17 - matching_Tlaxcala_1 - DEBUG -     gz_id=1004086 'mitepec' score=0.833 nombre=False saint_only=False terr=jurisdiccion_exact phase=relegated
2026-07-29 15:14:17 - matching_Tlaxcala_1 - DEBUG -     gz_id=1004089 'ocotelulco' score=0.818 nombre=False saint_only=False terr=jurisdiccion_exact phase=relegated
2026-07-29 15:14:17 - matching_Tlaxcala_1 - DEBUG -     gz_id=1004116 'tepeianco' score=0.791 nombre=False saint_only=False terr=jurisdiccion_exact phase=relegated
2026-07-29 15:14:17 - matching_Tlaxcala_1 - DEBUG -     gz_id=1004107 'temesontla' score=0.783 nombre=False saint_only=False terr=jurisdiccion_exact phase=relegated
2026-07-29 15:14:17 - matching_Tlaxcala_1 - DEBUG -     gz_id=1004127 'tlacuilohcan' score=0.762 nombre=False saint_only=False terr=jurisdiccion_exact phase=relegated
2026-07-29 15:14:17 - matching_Tlaxcala_1 - DEBUG -     gz_id=1004093 'papalotla' score=0.757 nombre=False saint_only=False terr=jurisdiccion_exact phase=relegated
2026-07-29 15:14:17 - matching_Tlaxcala_1 - DEBUG -     gz_id=1004048 'atexcacinco' score=0.756 nombre=False saint_only=False terr=jurisdiccion_exact phase=relegated
2026-07-29 15:14:17 - matching_Tlaxcala_1 - DEBUG -     gz_id=1004119 'tetlanohcan' score=0.750 nombre=False saint_only=False terr=jurisdiccion_exact phase=relegated
2026-07-29 15:14:17 - matching_Tlaxcala_1 - INFO -   Before dedup: 8 candidates
2026-07-29 15:14:17 - matching_Tlaxcala_1 - INFO -   After dedup: 8 unique gz_ids
2026-07-29 15:14:17 - matching_Tlaxcala_1 - INFO -   Input has territorial data: True
2026-07-29 15:14:17 - matching_Tlaxcala_1 - INFO -   Candidates with territory match: 8
2026-07-29 15:14:17 - matching_Tlaxcala_1 - INFO -   After territorial filter (keeping jurisdiccion): 8 candidates
2026-07-29 15:14:17 - matching_Tlaxcala_1 - INFO -   Nombre matches (exact on lugar_nombre): 0
2026-07-29 15:14:17 - matching_Tlaxcala_1 - INFO -   Saint-only matches: 0
2026-07-29 15:14:17 - matching_Tlaxcala_1 - INFO -   Substantive matches: 8
2026-07-29 15:14:17 - matching_Tlaxcala_1 - INFO -   Candidate pool (>= threshold): 2
2026-07-29 15:14:17 - matching_Tlaxcala_1 - INFO -   2 candidate(s) -> candidate
2026-07-29 15:14:17 - matching_Tlaxcala_1 - INFO - 
============================================================
2026-07-29 15:14:17 - matching_Tlaxcala_1 - INFO - Processing rowID=118: 'Santiago Alzayanga' -> cleaned: 'santiago alsaianga'
2026-07-29 15:14:17 - matching_Tlaxcala_1 - INFO -   Territorial context: jurisdiccion='tlaxcala' -> allowed rows: 110
2026-07-29 15:14:17 - matching_Tlaxcala_1 - INFO -   Token-based candidates: 6
2026-07-29 15:14:17 - matching_Tlaxcala_1 - INFO -   Filtering: need match on substantive tokens: ['santiago', 'alsaianga'] OR 2+ total tokens
2026-07-29 15:14:17 - matching_Tlaxcala_1 - INFO -   Fuzzy matches (score >= 70, limit=500): 4
2026-07-29 15:14:17 - matching_Tlaxcala_1 - DEBUG -     gz_id=1004118 'tetla' score=0.833 nombre=False saint_only=False terr=jurisdiccion_exact phase=relegated
2026-07-29 15:14:17 - matching_Tlaxcala_1 - DEBUG -     gz_id=1004084 'michac' score=0.800 nombre=False saint_only=False terr=jurisdiccion_exact phase=relegated
2026-07-29 15:14:17 - matching_Tlaxcala_1 - DEBUG -     gz_id=1004126 'tlacochcalco' score=0.733 nombre=False saint_only=False terr=jurisdiccion_exact phase=relegated
2026-07-29 15:14:17 - matching_Tlaxcala_1 - DEBUG -     gz_id=1004091 'ocotlan' score=0.714 nombre=False saint_only=False terr=jurisdiccion_exact phase=relegated
2026-07-29 15:14:17 - matching_Tlaxcala_1 - INFO -   Before dedup: 4 candidates
2026-07-29 15:14:17 - matching_Tlaxcala_1 - INFO -   After dedup: 4 unique gz_ids
2026-07-29 15:14:17 - matching_Tlaxcala_1 - INFO -   Input has territorial data: True
2026-07-29 15:14:17 - matching_Tlaxcala_1 - INFO -   Candidates with territory match: 4
2026-07-29 15:14:17 - matching_Tlaxcala_1 - INFO -   After territorial filter (keeping jurisdiccion): 4 candidates
2026-07-29 15:14:17 - matching_Tlaxcala_1 - INFO -   Nombre matches (exact on lugar_nombre): 0
2026-07-29 15:14:17 - matching_Tlaxcala_1 - INFO -   Saint-only matches: 0
2026-07-29 15:14:17 - matching_Tlaxcala_1 - INFO -   Substantive matches: 4
2026-07-29 15:14:17 - matching_Tlaxcala_1 - INFO -   Candidate pool (>= threshold): 2
2026-07-29 15:14:17 - matching_Tlaxcala_1 - INFO -   2 candidate(s) -> candidate
2026-07-29 15:14:17 - matching_Tlaxcala_1 - INFO - 
============================================================
2026-07-29 15:14:17 - matching_Tlaxcala_1 - INFO - Processing rowID=119: 'San Diego Texinola' -> cleaned: 'san diego tejinola'
2026-07-29 15:14:17 - matching_Tlaxcala_1 - INFO -   Territorial context: jurisdiccion='tlaxcala' -> allowed rows: 110
2026-07-29 15:14:17 - matching_Tlaxcala_1 - INFO -   Token-based candidates: 70
2026-07-29 15:14:17 - matching_Tlaxcala_1 - INFO -   Filtering: need match on substantive tokens: ['diego', 'tejinola'] OR 2+ total tokens
2026-07-29 15:14:17 - matching_Tlaxcala_1 - INFO -   After filtering weak token matches: 1 candidates
2026-07-29 15:14:17 - matching_Tlaxcala_1 - INFO -   Fuzzy matches (score >= 70, limit=500): 1
2026-07-29 15:14:17 - matching_Tlaxcala_1 - DEBUG -     gz_id=1004141 'jocoiucan' score=0.800 nombre=False saint_only=False terr=jurisdiccion_exact phase=relegated
2026-07-29 15:14:17 - matching_Tlaxcala_1 - INFO -   Before dedup: 1 candidates
2026-07-29 15:14:17 - matching_Tlaxcala_1 - INFO -   After dedup: 1 unique gz_ids
2026-07-29 15:14:17 - matching_Tlaxcala_1 - INFO -   Input has territorial data: True
2026-07-29 15:14:17 - matching_Tlaxcala_1 - INFO -   Candidates with territory match: 1
2026-07-29 15:14:17 - matching_Tlaxcala_1 - INFO -   After territorial filter (keeping jurisdiccion): 1 candidates
2026-07-29 15:14:17 - matching_Tlaxcala_1 - INFO -   Nombre matches (exact on lugar_nombre): 0
2026-07-29 15:14:17 - matching_Tlaxcala_1 - INFO -   Saint-only matches: 0
2026-07-29 15:14:17 - matching_Tlaxcala_1 - INFO -   Substantive matches: 1
2026-07-29 15:14:17 - matching_Tlaxcala_1 - INFO -   Candidate pool (>= threshold): 1
2026-07-29 15:14:17 - matching_Tlaxcala_1 - INFO -   1 candidate(s) -> candidate
2026-07-29 15:14:17 - matching_Tlaxcala_1 - INFO - 
============================================================
2026-07-29 15:14:17 - matching_Tlaxcala_1 - INFO - Processing rowID=120: 'La Asunción' -> cleaned: 'asuncion'
2026-07-29 15:14:17 - matching_Tlaxcala_1 - INFO -   Territorial context: jurisdiccion='tlaxcala' -> allowed rows: 110
2026-07-29 15:14:17 - matching_Tlaxcala_1 - INFO -   Token-based candidates: 0
2026-07-29 15:14:17 - matching_Tlaxcala_1 - WARNING -   No candidates found - relegated
2026-07-29 15:14:17 - matching_Tlaxcala_1 - INFO - Processing row 120, rowID=121
2026-07-29 15:14:17 - matching_Tlaxcala_1 - INFO - 
============================================================
2026-07-29 15:14:17 - matching_Tlaxcala_1 - INFO - Processing rowID=121: 'San Juan Bautista Cuapiastla' -> cleaned: 'san juan bautista cuapiastla'
2026-07-29 15:14:17 - matching_Tlaxcala_1 - INFO -   Territorial context: jurisdiccion='tlaxcala' -> allowed rows: 110
2026-07-29 15:14:17 - matching_Tlaxcala_1 - INFO -   Token-based candidates: 70
2026-07-29 15:14:17 - matching_Tlaxcala_1 - INFO -   Filtering: need match on substantive tokens: ['juan', 'cuapiastla', 'bautista'] OR 2+ total tokens
2026-07-29 15:14:17 - matching_Tlaxcala_1 - INFO -   After filtering weak token matches: 5 candidates
2026-07-29 15:14:17 - matching_Tlaxcala_1 - INFO -   Fuzzy matches (score >= 70, limit=500): 3
2026-07-29 15:14:17 - matching_Tlaxcala_1 - DEBUG -     gz_id=1004050 'atlangatepec' score=0.880 nombre=False saint_only=False terr=jurisdiccion_exact phase=candidate
2026-07-29 15:14:17 - matching_Tlaxcala_1 - DEBUG -     gz_id=1004133 'totolac' score=0.864 nombre=False saint_only=False terr=jurisdiccion_exact phase=candidate
2026-07-29 15:14:17 - matching_Tlaxcala_1 - DEBUG -     gz_id=1004078 'ixtenco' score=0.720 nombre=False saint_only=False terr=jurisdiccion_exact phase=relegated
2026-07-29 15:14:17 - matching_Tlaxcala_1 - INFO -   Before dedup: 3 candidates
2026-07-29 15:14:17 - matching_Tlaxcala_1 - INFO -   After dedup: 3 unique gz_ids
2026-07-29 15:14:17 - matching_Tlaxcala_1 - INFO -   Input has territorial data: True
2026-07-29 15:14:17 - matching_Tlaxcala_1 - INFO -   Candidates with territory match: 3
2026-07-29 15:14:17 - matching_Tlaxcala_1 - INFO -   After territorial filter (keeping jurisdiccion): 3 candidates
2026-07-29 15:14:17 - matching_Tlaxcala_1 - INFO -   Nombre matches (exact on lugar_nombre): 0
2026-07-29 15:14:17 - matching_Tlaxcala_1 - INFO -   Saint-only matches: 0
2026-07-29 15:14:17 - matching_Tlaxcala_1 - INFO -   Substantive matches: 3
2026-07-29 15:14:17 - matching_Tlaxcala_1 - INFO -   Candidate pool (>= threshold): 2
2026-07-29 15:14:17 - matching_Tlaxcala_1 - INFO -   2 candidate(s) -> candidate
2026-07-29 15:14:17 - matching_Tlaxcala_1 - INFO - 
============================================================
2026-07-29 15:14:17 - matching_Tlaxcala_1 - INFO - Processing rowID=122: 'San José Temalacayuca' -> cleaned: 'san joce temalacaiuca'
2026-07-29 15:14:17 - matching_Tlaxcala_1 - INFO -   Territorial context: jurisdiccion='tlaxcala' -> allowed rows: 110
2026-07-29 15:14:17 - matching_Tlaxcala_1 - INFO -   Token-based candidates: 70
2026-07-29 15:14:17 - matching_Tlaxcala_1 - INFO -   Filtering: need match on substantive tokens: ['joce', 'temalacaiuca'] OR 2+ total tokens
2026-07-29 15:14:17 - matching_Tlaxcala_1 - INFO -   After filtering weak token matches: 1 candidates
2026-07-29 15:14:17 - matching_Tlaxcala_1 - INFO -   Fuzzy matches (score >= 70, limit=500): 1
2026-07-29 15:14:17 - matching_Tlaxcala_1 - DEBUG -     gz_id=1004061 'chimalpa' score=0.812 nombre=False saint_only=False terr=jurisdiccion_exact phase=relegated
2026-07-29 15:14:17 - matching_Tlaxcala_1 - INFO -   Before dedup: 1 candidates
2026-07-29 15:14:17 - matching_Tlaxcala_1 - INFO -   After dedup: 1 unique gz_ids
2026-07-29 15:14:17 - matching_Tlaxcala_1 - INFO -   Input has territorial data: True
2026-07-29 15:14:17 - matching_Tlaxcala_1 - INFO -   Candidates with territory match: 1
2026-07-29 15:14:17 - matching_Tlaxcala_1 - INFO -   After territorial filter (keeping jurisdiccion): 1 candidates
2026-07-29 15:14:17 - matching_Tlaxcala_1 - INFO -   Nombre matches (exact on lugar_nombre): 0
2026-07-29 15:14:17 - matching_Tlaxcala_1 - INFO -   Saint-only matches: 0
2026-07-29 15:14:17 - matching_Tlaxcala_1 - INFO -   Substantive matches: 1
2026-07-29 15:14:17 - matching_Tlaxcala_1 - INFO -   Candidate pool (>= threshold): 1
2026-07-29 15:14:17 - matching_Tlaxcala_1 - INFO -   1 candidate(s) -> candidate
2026-07-29 15:14:17 - matching_Tlaxcala_1 - INFO - 
============================================================
2026-07-29 15:14:17 - matching_Tlaxcala_1 - INFO - Processing rowID=123: 'La Compasión Tlascantla' -> cleaned: 'compacion tlascantla'
2026-07-29 15:14:17 - matching_Tlaxcala_1 - INFO -   Territorial context: jurisdiccion='tlaxcala' -> allowed rows: 110
2026-07-29 15:14:17 - matching_Tlaxcala_1 - INFO -   Token-based candidates: 0
2026-07-29 15:14:17 - matching_Tlaxcala_1 - WARNING -   No candidates found - relegated
2026-07-29 15:14:17 - matching_Tlaxcala_1 - INFO - 
============================================================
2026-07-29 15:14:17 - matching_Tlaxcala_1 - INFO - Processing rowID=124: 'San Diego La Paloma y Indiana' -> cleaned: 'san diego paloma i indiana'
2026-07-29 15:14:17 - matching_Tlaxcala_1 - INFO -   Territorial context: jurisdiccion='tlaxcala' -> allowed rows: 110
2026-07-29 15:14:17 - matching_Tlaxcala_1 - INFO -   Token-based candidates: 70
2026-07-29 15:14:17 - matching_Tlaxcala_1 - INFO -   Filtering: need match on substantive tokens: ['diego', 'paloma', 'indiana'] OR 2+ total tokens
2026-07-29 15:14:17 - matching_Tlaxcala_1 - INFO -   After filtering weak token matches: 1 candidates
2026-07-29 15:14:17 - matching_Tlaxcala_1 - INFO -   Fuzzy matches (score >= 70, limit=500): 1
2026-07-29 15:14:17 - matching_Tlaxcala_1 - DEBUG -     gz_id=1004141 'jocoiucan' score=0.800 nombre=False saint_only=False terr=jurisdiccion_exact phase=relegated
2026-07-29 15:14:17 - matching_Tlaxcala_1 - INFO -   Before dedup: 1 candidates
2026-07-29 15:14:17 - matching_Tlaxcala_1 - INFO -   After dedup: 1 unique gz_ids
2026-07-29 15:14:17 - matching_Tlaxcala_1 - INFO -   Input has territorial data: True
2026-07-29 15:14:17 - matching_Tlaxcala_1 - INFO -   Candidates with territory match: 1
2026-07-29 15:14:17 - matching_Tlaxcala_1 - INFO -   After territorial filter (keeping jurisdiccion): 1 candidates
2026-07-29 15:14:17 - matching_Tlaxcala_1 - INFO -   Nombre matches (exact on lugar_nombre): 0
2026-07-29 15:14:17 - matching_Tlaxcala_1 - INFO -   Saint-only matches: 0
2026-07-29 15:14:17 - matching_Tlaxcala_1 - INFO -   Substantive matches: 1
2026-07-29 15:14:17 - matching_Tlaxcala_1 - INFO -   Candidate pool (>= threshold): 1
2026-07-29 15:14:17 - matching_Tlaxcala_1 - INFO -   1 candidate(s) -> candidate
2026-07-29 15:14:17 - matching_Tlaxcala_1 - INFO - 
============================================================
2026-07-29 15:14:17 - matching_Tlaxcala_1 - INFO - Processing rowID=125: 'San Juan Tepeyahualco' -> cleaned: 'san juan tepeiahualco'
2026-07-29 15:14:17 - matching_Tlaxcala_1 - INFO -   Territorial context: jurisdiccion='tlaxcala' -> allowed rows: 110
2026-07-29 15:14:17 - matching_Tlaxcala_1 - INFO -   Token-based candidates: 70
2026-07-29 15:14:17 - matching_Tlaxcala_1 - INFO -   Filtering: need match on substantive tokens: ['juan', 'tepeiahualco'] OR 2+ total tokens
2026-07-29 15:14:17 - matching_Tlaxcala_1 - INFO -   After filtering weak token matches: 5 candidates
2026-07-29 15:14:17 - matching_Tlaxcala_1 - INFO -   Fuzzy matches (score >= 70, limit=500): 2
2026-07-29 15:14:17 - matching_Tlaxcala_1 - DEBUG -     gz_id=1004078 'ixtenco' score=0.815 nombre=False saint_only=False terr=jurisdiccion_exact phase=relegated
2026-07-29 15:14:17 - matching_Tlaxcala_1 - DEBUG -     gz_id=1004094 'quesalcoapan' score=0.737 nombre=False saint_only=False terr=jurisdiccion_exact phase=relegated
2026-07-29 15:14:17 - matching_Tlaxcala_1 - INFO -   Before dedup: 2 candidates
2026-07-29 15:14:17 - matching_Tlaxcala_1 - INFO -   After dedup: 2 unique gz_ids
2026-07-29 15:14:17 - matching_Tlaxcala_1 - INFO -   Input has territorial data: True
2026-07-29 15:14:17 - matching_Tlaxcala_1 - INFO -   Candidates with territory match: 2
2026-07-29 15:14:17 - matching_Tlaxcala_1 - INFO -   After territorial filter (keeping jurisdiccion): 2 candidates
2026-07-29 15:14:17 - matching_Tlaxcala_1 - INFO -   Nombre matches (exact on lugar_nombre): 0
2026-07-29 15:14:17 - matching_Tlaxcala_1 - INFO -   Saint-only matches: 0
2026-07-29 15:14:17 - matching_Tlaxcala_1 - INFO -   Substantive matches: 2
2026-07-29 15:14:17 - matching_Tlaxcala_1 - INFO -   Candidate pool (>= threshold): 1
2026-07-29 15:14:17 - matching_Tlaxcala_1 - INFO -   1 candidate(s) -> candidate
2026-07-29 15:14:17 - matching_Tlaxcala_1 - INFO - 
============================================================
2026-07-29 15:14:17 - matching_Tlaxcala_1 - INFO - Processing rowID=126: 'San Martín' -> cleaned: 'san martin'
2026-07-29 15:14:17 - matching_Tlaxcala_1 - INFO -   Territorial context: jurisdiccion='tlaxcala' -> allowed rows: 110
2026-07-29 15:14:17 - matching_Tlaxcala_1 - INFO -   Token-based candidates: 70
2026-07-29 15:14:17 - matching_Tlaxcala_1 - INFO -   Filtering: need match on substantive tokens: ['martin'] OR 2+ total tokens
2026-07-29 15:14:18 - matching_Tlaxcala_1 - INFO -   After filtering weak token matches: 1 candidates
2026-07-29 15:14:18 - matching_Tlaxcala_1 - INFO -   Fuzzy matches (score >= 70, limit=500): 1
2026-07-29 15:14:18 - matching_Tlaxcala_1 - DEBUG -     gz_id=1004136 'jaltocan' score=1.000 nombre=False saint_only=True terr=jurisdiccion_exact phase=candidate
2026-07-29 15:14:18 - matching_Tlaxcala_1 - INFO -   Before dedup: 1 candidates
2026-07-29 15:14:18 - matching_Tlaxcala_1 - INFO -   After dedup: 1 unique gz_ids
2026-07-29 15:14:18 - matching_Tlaxcala_1 - INFO -   Input has territorial data: True
2026-07-29 15:14:18 - matching_Tlaxcala_1 - INFO -   Candidates with territory match: 1
2026-07-29 15:14:18 - matching_Tlaxcala_1 - INFO -   After territorial filter (keeping jurisdiccion): 1 candidates
2026-07-29 15:14:18 - matching_Tlaxcala_1 - INFO -   Nombre matches (exact on lugar_nombre): 0
2026-07-29 15:14:18 - matching_Tlaxcala_1 - INFO -   Saint-only matches: 1
2026-07-29 15:14:18 - matching_Tlaxcala_1 - INFO -   Substantive matches: 0
2026-07-29 15:14:18 - matching_Tlaxcala_1 - INFO -   Candidate pool (>= threshold): 1
2026-07-29 15:14:18 - matching_Tlaxcala_1 - INFO -   1 candidate(s) -> candidate
2026-07-29 15:14:18 - matching_Tlaxcala_1 - INFO - 
============================================================
2026-07-29 15:14:18 - matching_Tlaxcala_1 - INFO - Processing rowID=127: 'San Pablo' -> cleaned: 'san pablo'
2026-07-29 15:14:18 - matching_Tlaxcala_1 - INFO -   Territorial context: jurisdiccion='tlaxcala' -> allowed rows: 110
2026-07-29 15:14:18 - matching_Tlaxcala_1 - INFO -   Token-based candidates: 70
2026-07-29 15:14:18 - matching_Tlaxcala_1 - INFO -   Filtering: need match on substantive tokens: ['pablo'] OR 2+ total tokens
2026-07-29 15:14:18 - matching_Tlaxcala_1 - INFO -   After filtering weak token matches: 3 candidates
2026-07-29 15:14:18 - matching_Tlaxcala_1 - INFO -   Fuzzy matches (score >= 70, limit=500): 3
2026-07-29 15:14:18 - matching_Tlaxcala_1 - DEBUG -     gz_id=1004046 'apetatitlan' score=1.000 nombre=False saint_only=True terr=jurisdiccion_exact phase=candidate
2026-07-29 15:14:18 - matching_Tlaxcala_1 - DEBUG -     gz_id=1004101 'san pablo monte' score=1.000 nombre=False saint_only=True terr=jurisdiccion_exact phase=candidate
2026-07-29 15:14:18 - matching_Tlaxcala_1 - DEBUG -     gz_id=1004147 'citlaltepec' score=1.000 nombre=False saint_only=True terr=jurisdiccion_exact phase=candidate
2026-07-29 15:14:18 - matching_Tlaxcala_1 - INFO -   Before dedup: 3 candidates
2026-07-29 15:14:18 - matching_Tlaxcala_1 - INFO -   After dedup: 3 unique gz_ids
2026-07-29 15:14:18 - matching_Tlaxcala_1 - INFO -   Input has territorial data: True
2026-07-29 15:14:18 - matching_Tlaxcala_1 - INFO -   Candidates with territory match: 3
2026-07-29 15:14:18 - matching_Tlaxcala_1 - INFO -   After territorial filter (keeping jurisdiccion): 3 candidates
2026-07-29 15:14:18 - matching_Tlaxcala_1 - INFO -   Nombre matches (exact on lugar_nombre): 0
2026-07-29 15:14:18 - matching_Tlaxcala_1 - INFO -   Saint-only matches: 3
2026-07-29 15:14:18 - matching_Tlaxcala_1 - INFO -   Substantive matches: 0
2026-07-29 15:14:18 - matching_Tlaxcala_1 - INFO -   Candidate pool (>= threshold): 3
2026-07-29 15:14:18 - matching_Tlaxcala_1 - INFO -   3 candidate(s) -> candidate
2026-07-29 15:14:18 - matching_Tlaxcala_1 - INFO - 
============================================================
2026-07-29 15:14:18 - matching_Tlaxcala_1 - INFO - Processing rowID=128: 'La Candelaria' -> cleaned: 'candelaria'
2026-07-29 15:14:18 - matching_Tlaxcala_1 - INFO -   Territorial context: jurisdiccion='tlaxcala' -> allowed rows: 110
2026-07-29 15:14:18 - matching_Tlaxcala_1 - INFO -   Token-based candidates: 1
2026-07-29 15:14:18 - matching_Tlaxcala_1 - INFO -   Fuzzy matches (score >= 70, limit=500): 1
2026-07-29 15:14:18 - matching_Tlaxcala_1 - DEBUG -     gz_id=1004058 'candelaria' score=1.000 nombre=False saint_only=True terr=jurisdiccion_exact phase=candidate
2026-07-29 15:14:18 - matching_Tlaxcala_1 - INFO -   Before dedup: 1 candidates
2026-07-29 15:14:18 - matching_Tlaxcala_1 - INFO -   After dedup: 1 unique gz_ids
2026-07-29 15:14:18 - matching_Tlaxcala_1 - INFO -   Input has territorial data: True
2026-07-29 15:14:18 - matching_Tlaxcala_1 - INFO -   Candidates with territory match: 1
2026-07-29 15:14:18 - matching_Tlaxcala_1 - INFO -   After territorial filter (keeping jurisdiccion): 1 candidates
2026-07-29 15:14:18 - matching_Tlaxcala_1 - INFO -   Nombre matches (exact on lugar_nombre): 0
2026-07-29 15:14:18 - matching_Tlaxcala_1 - INFO -   Saint-only matches: 1
2026-07-29 15:14:18 - matching_Tlaxcala_1 - INFO -   Substantive matches: 0
2026-07-29 15:14:18 - matching_Tlaxcala_1 - INFO -   Candidate pool (>= threshold): 1
2026-07-29 15:14:18 - matching_Tlaxcala_1 - INFO -   1 candidate(s) -> candidate
2026-07-29 15:14:18 - matching_Tlaxcala_1 - INFO - 
============================================================
2026-07-29 15:14:18 - matching_Tlaxcala_1 - INFO - Processing rowID=129: 'San Cristóbal Jalapasco' -> cleaned: 'san cristobal jalapasco'
2026-07-29 15:14:18 - matching_Tlaxcala_1 - INFO -   Territorial context: jurisdiccion='tlaxcala' -> allowed rows: 110
2026-07-29 15:14:18 - matching_Tlaxcala_1 - INFO -   Token-based candidates: 70
2026-07-29 15:14:18 - matching_Tlaxcala_1 - INFO -   Filtering: need match on substantive tokens: ['cristobal', 'jalapasco'] OR 2+ total tokens
2026-07-29 15:14:18 - matching_Tlaxcala_1 - INFO -   Fuzzy matches (score >= 70, limit=500): 5
2026-07-29 15:14:18 - matching_Tlaxcala_1 - DEBUG -     gz_id=1004047 'apisaco' score=0.769 nombre=False saint_only=False terr=jurisdiccion_exact phase=relegated
2026-07-29 15:14:18 - matching_Tlaxcala_1 - DEBUG -     gz_id=1004102 'san cimon' score=0.750 nombre=False saint_only=False terr=jurisdiccion_exact phase=relegated
2026-07-29 15:14:18 - matching_Tlaxcala_1 - DEBUG -     gz_id=1004103 'san cimon' score=0.750 nombre=False saint_only=False terr=jurisdiccion_exact phase=relegated
2026-07-29 15:14:18 - matching_Tlaxcala_1 - DEBUG -     gz_id=1004049 'atlalpa' score=0.769 nombre=False saint_only=False terr=jurisdiccion_exact phase=relegated
2026-07-29 15:14:18 - matching_Tlaxcala_1 - DEBUG -     gz_id=1004097 'san lucas' score=0.714 nombre=False saint_only=False terr=jurisdiccion_exact phase=relegated
2026-07-29 15:14:18 - matching_Tlaxcala_1 - INFO -   Before dedup: 5 candidates
2026-07-29 15:14:18 - matching_Tlaxcala_1 - INFO -   After dedup: 5 unique gz_ids
2026-07-29 15:14:18 - matching_Tlaxcala_1 - INFO -   Input has territorial data: True
2026-07-29 15:14:18 - matching_Tlaxcala_1 - INFO -   Candidates with territory match: 5
2026-07-29 15:14:18 - matching_Tlaxcala_1 - INFO -   After territorial filter (keeping jurisdiccion): 5 candidates
2026-07-29 15:14:18 - matching_Tlaxcala_1 - INFO -   Nombre matches (exact on lugar_nombre): 0
2026-07-29 15:14:18 - matching_Tlaxcala_1 - INFO -   Saint-only matches: 0
2026-07-29 15:14:18 - matching_Tlaxcala_1 - INFO -   Substantive matches: 5
2026-07-29 15:14:18 - matching_Tlaxcala_1 - INFO -   Candidate pool (>= threshold): 0
2026-07-29 15:14:18 - matching_Tlaxcala_1 - WARNING -   No candidate above threshold - relegated
2026-07-29 15:14:18 - matching_Tlaxcala_1 - INFO - 
============================================================
2026-07-29 15:14:18 - matching_Tlaxcala_1 - INFO - Processing rowID=130: 'San Antonio Cuatla' -> cleaned: 'san antonio cuatla'
2026-07-29 15:14:18 - matching_Tlaxcala_1 - INFO -   Territorial context: jurisdiccion='tlaxcala' -> allowed rows: 110
2026-07-29 15:14:18 - matching_Tlaxcala_1 - INFO -   Token-based candidates: 70
2026-07-29 15:14:18 - matching_Tlaxcala_1 - INFO -   Filtering: need match on substantive tokens: ['antonio', 'cuatla'] OR 2+ total tokens
2026-07-29 15:14:18 - matching_Tlaxcala_1 - INFO -   After filtering weak token matches: 2 candidates
2026-07-29 15:14:18 - matching_Tlaxcala_1 - INFO -   Fuzzy matches (score >= 70, limit=500): 2
2026-07-29 15:14:18 - matching_Tlaxcala_1 - DEBUG -     gz_id=1004068 'cuajomulco' score=0.909 nombre=False saint_only=False terr=jurisdiccion_exact phase=auto_adopt
2026-07-29 15:14:18 - matching_Tlaxcala_1 - DEBUG -     gz_id=1004040 'acuamanala' score=0.889 nombre=False saint_only=False terr=jurisdiccion_exact phase=candidate
2026-07-29 15:14:18 - matching_Tlaxcala_1 - INFO -   Before dedup: 2 candidates
2026-07-29 15:14:18 - matching_Tlaxcala_1 - INFO -   After dedup: 2 unique gz_ids
2026-07-29 15:14:18 - matching_Tlaxcala_1 - INFO -   Input has territorial data: True
2026-07-29 15:14:18 - matching_Tlaxcala_1 - INFO -   Candidates with territory match: 2
2026-07-29 15:14:18 - matching_Tlaxcala_1 - INFO -   After territorial filter (keeping jurisdiccion): 2 candidates
2026-07-29 15:14:18 - matching_Tlaxcala_1 - INFO -   Nombre matches (exact on lugar_nombre): 0
2026-07-29 15:14:18 - matching_Tlaxcala_1 - INFO -   Saint-only matches: 0
2026-07-29 15:14:18 - matching_Tlaxcala_1 - INFO -   Substantive matches: 2
2026-07-29 15:14:18 - matching_Tlaxcala_1 - INFO -   Candidate pool (>= threshold): 2
2026-07-29 15:14:18 - matching_Tlaxcala_1 - INFO -   2 candidate(s) -> candidate
2026-07-29 15:14:18 - matching_Tlaxcala_1 - INFO - Processing row 130, rowID=131
2026-07-29 15:14:18 - matching_Tlaxcala_1 - INFO - 
============================================================
2026-07-29 15:14:18 - matching_Tlaxcala_1 - INFO - Processing rowID=131: 'La Purísima Concepción' -> cleaned: 'puricima concepcion'
2026-07-29 15:14:18 - matching_Tlaxcala_1 - INFO -   Territorial context: jurisdiccion='tlaxcala' -> allowed rows: 110
2026-07-29 15:14:18 - matching_Tlaxcala_1 - INFO -   Token-based candidates: 0
2026-07-29 15:14:18 - matching_Tlaxcala_1 - WARNING -   No candidates found - relegated
2026-07-29 15:14:18 - matching_Tlaxcala_1 - INFO - 
============================================================
2026-07-29 15:14:18 - matching_Tlaxcala_1 - INFO - Processing rowID=132: 'Santa María de la Noria' -> cleaned: 'santa maria noria'
2026-07-29 15:14:18 - matching_Tlaxcala_1 - INFO -   Territorial context: jurisdiccion='tlaxcala' -> allowed rows: 110
2026-07-29 15:14:18 - matching_Tlaxcala_1 - INFO -   Token-based candidates: 24
2026-07-29 15:14:18 - matching_Tlaxcala_1 - INFO -   Filtering: need match on substantive tokens: ['noria'] OR 2+ total tokens
2026-07-29 15:14:18 - matching_Tlaxcala_1 - INFO -   After filtering weak token matches: 11 candidates
2026-07-29 15:14:18 - matching_Tlaxcala_1 - INFO -   Fuzzy matches (score >= 70, limit=500): 11
2026-07-29 15:14:18 - matching_Tlaxcala_1 - DEBUG -     gz_id=1004087 'natibitas' score=0.903 nombre=False saint_only=False terr=jurisdiccion_exact phase=auto_adopt
2026-07-29 15:14:18 - matching_Tlaxcala_1 - DEBUG -     gz_id=1004051 'atlihuecian' score=0.867 nombre=False saint_only=False terr=jurisdiccion_exact phase=candidate
2026-07-29 15:14:18 - matching_Tlaxcala_1 - DEBUG -     gz_id=1004053 'ajotla' score=0.867 nombre=False saint_only=False terr=jurisdiccion_exact phase=candidate
2026-07-29 15:14:18 - matching_Tlaxcala_1 - DEBUG -     gz_id=1004076 'ixcotla' score=0.867 nombre=False saint_only=False terr=jurisdiccion_exact phase=candidate
2026-07-29 15:14:18 - matching_Tlaxcala_1 - DEBUG -     gz_id=1004079 'ixtulco' score=0.867 nombre=False saint_only=False terr=jurisdiccion_exact phase=candidate
2026-07-29 15:14:18 - matching_Tlaxcala_1 - DEBUG -     gz_id=1004132 'tocatlan' score=0.848 nombre=False saint_only=False terr=jurisdiccion_exact phase=relegated
2026-07-29 15:14:18 - matching_Tlaxcala_1 - DEBUG -     gz_id=1004043 'acjotla' score=0.828 nombre=False saint_only=False terr=jurisdiccion_exact phase=relegated
2026-07-29 15:14:18 - matching_Tlaxcala_1 - DEBUG -     gz_id=1004057 'belen' score=0.828 nombre=False saint_only=False terr=jurisdiccion_exact phase=relegated
2026-07-29 15:14:18 - matching_Tlaxcala_1 - DEBUG -     gz_id=1004104 'santa maria espana' score=0.828 nombre=False saint_only=False terr=jurisdiccion_exact phase=relegated
2026-07-29 15:14:18 - matching_Tlaxcala_1 - DEBUG -     gz_id=1004122 'texcalac' score=0.828 nombre=False saint_only=False terr=jurisdiccion_exact phase=relegated
2026-07-29 15:14:18 - matching_Tlaxcala_1 - DEBUG -     gz_id=1004148 'sumpango' score=0.828 nombre=False saint_only=False terr=jurisdiccion_exact phase=relegated
2026-07-29 15:14:18 - matching_Tlaxcala_1 - INFO -   Before dedup: 11 candidates
2026-07-29 15:14:18 - matching_Tlaxcala_1 - INFO -   After dedup: 11 unique gz_ids
2026-07-29 15:14:18 - matching_Tlaxcala_1 - INFO -   Input has territorial data: True
2026-07-29 15:14:18 - matching_Tlaxcala_1 - INFO -   Candidates with territory match: 11
2026-07-29 15:14:18 - matching_Tlaxcala_1 - INFO -   After territorial filter (keeping jurisdiccion): 11 candidates
2026-07-29 15:14:18 - matching_Tlaxcala_1 - INFO -   Nombre matches (exact on lugar_nombre): 0
2026-07-29 15:14:18 - matching_Tlaxcala_1 - INFO -   Saint-only matches: 0
2026-07-29 15:14:18 - matching_Tlaxcala_1 - INFO -   Substantive matches: 11
2026-07-29 15:14:18 - matching_Tlaxcala_1 - INFO -   Candidate pool (>= threshold): 11
2026-07-29 15:14:18 - matching_Tlaxcala_1 - INFO -   11 candidate(s) -> candidate
2026-07-29 15:14:18 - matching_Tlaxcala_1 - INFO - 
============================================================
2026-07-29 15:14:18 - matching_Tlaxcala_1 - INFO - Processing rowID=133: 'Santo Domingo Texmola' -> cleaned: 'santo domingo texmola'
2026-07-29 15:14:18 - matching_Tlaxcala_1 - INFO -   Territorial context: jurisdiccion='tlaxcala' -> allowed rows: 110
2026-07-29 15:14:18 - matching_Tlaxcala_1 - INFO -   Token-based candidates: 2
2026-07-29 15:14:18 - matching_Tlaxcala_1 - INFO -   Filtering: need match on substantive tokens: ['texmola', 'domingo'] OR 2+ total tokens
2026-07-29 15:14:18 - matching_Tlaxcala_1 - INFO -   Fuzzy matches (score >= 70, limit=500): 0
2026-07-29 15:14:18 - matching_Tlaxcala_1 - WARNING -   No fuzzy matches found - checking why
2026-07-29 15:14:18 - matching_Tlaxcala_1 - WARNING -   No valid candidates after scoring - relegated
2026-07-29 15:14:18 - matching_Tlaxcala_1 - INFO - 
============================================================
2026-07-29 15:14:18 - matching_Tlaxcala_1 - INFO - Processing rowID=134: 'Guadalupe' -> cleaned: 'huadalupe'
2026-07-29 15:14:18 - matching_Tlaxcala_1 - INFO -   Territorial context: jurisdiccion='tlaxcala' -> allowed rows: 110
2026-07-29 15:14:18 - matching_Tlaxcala_1 - INFO -   Token-based candidates: 0
2026-07-29 15:14:18 - matching_Tlaxcala_1 - WARNING -   No candidates found - relegated
2026-07-29 15:14:18 - matching_Tlaxcala_1 - INFO - 
============================================================
2026-07-29 15:14:18 - matching_Tlaxcala_1 - INFO - Processing rowID=135: 'San Cristóbal de la Rosa' -> cleaned: 'san cristobal rosa'
2026-07-29 15:14:18 - matching_Tlaxcala_1 - INFO -   Territorial context: jurisdiccion='tlaxcala' -> allowed rows: 110
2026-07-29 15:14:18 - matching_Tlaxcala_1 - INFO -   Token-based candidates: 70
2026-07-29 15:14:18 - matching_Tlaxcala_1 - INFO -   Filtering: need match on substantive tokens: ['cristobal', 'rosa'] OR 2+ total tokens
2026-07-29 15:14:18 - matching_Tlaxcala_1 - INFO -   Fuzzy matches (score >= 70, limit=500): 3
2026-07-29 15:14:18 - matching_Tlaxcala_1 - DEBUG -     gz_id=1004102 'san cimon' score=0.750 nombre=False saint_only=False terr=jurisdiccion_exact phase=relegated
2026-07-29 15:14:18 - matching_Tlaxcala_1 - DEBUG -     gz_id=1004103 'san cimon' score=0.750 nombre=False saint_only=False terr=jurisdiccion_exact phase=relegated
2026-07-29 15:14:18 - matching_Tlaxcala_1 - DEBUG -     gz_id=1004097 'san lucas' score=0.714 nombre=False saint_only=False terr=jurisdiccion_exact phase=relegated
2026-07-29 15:14:18 - matching_Tlaxcala_1 - INFO -   Before dedup: 3 candidates
2026-07-29 15:14:18 - matching_Tlaxcala_1 - INFO -   After dedup: 3 unique gz_ids
2026-07-29 15:14:18 - matching_Tlaxcala_1 - INFO -   Input has territorial data: True
2026-07-29 15:14:18 - matching_Tlaxcala_1 - INFO -   Candidates with territory match: 3
2026-07-29 15:14:18 - matching_Tlaxcala_1 - INFO -   After territorial filter (keeping jurisdiccion): 3 candidates
2026-07-29 15:14:18 - matching_Tlaxcala_1 - INFO -   Nombre matches (exact on lugar_nombre): 0
2026-07-29 15:14:18 - matching_Tlaxcala_1 - INFO -   Saint-only matches: 0
2026-07-29 15:14:18 - matching_Tlaxcala_1 - INFO -   Substantive matches: 3
2026-07-29 15:14:18 - matching_Tlaxcala_1 - INFO -   Candidate pool (>= threshold): 0
2026-07-29 15:14:18 - matching_Tlaxcala_1 - WARNING -   No candidate above threshold - relegated
2026-07-29 15:14:18 - matching_Tlaxcala_1 - INFO - 
============================================================
2026-07-29 15:14:18 - matching_Tlaxcala_1 - INFO - Processing rowID=136: 'San Diego Azumatla' -> cleaned: 'san diego asumatla'
2026-07-29 15:14:18 - matching_Tlaxcala_1 - INFO -   Territorial context: jurisdiccion='tlaxcala' -> allowed rows: 110
2026-07-29 15:14:18 - matching_Tlaxcala_1 - INFO -   Token-based candidates: 70
2026-07-29 15:14:18 - matching_Tlaxcala_1 - INFO -   Filtering: need match on substantive tokens: ['asumatla', 'diego'] OR 2+ total tokens
2026-07-29 15:14:18 - matching_Tlaxcala_1 - INFO -   After filtering weak token matches: 1 candidates
2026-07-29 15:14:18 - matching_Tlaxcala_1 - INFO -   Fuzzy matches (score >= 70, limit=500): 1
2026-07-29 15:14:18 - matching_Tlaxcala_1 - DEBUG -     gz_id=1004141 'jocoiucan' score=0.714 nombre=False saint_only=False terr=jurisdiccion_exact phase=relegated
2026-07-29 15:14:18 - matching_Tlaxcala_1 - INFO -   Before dedup: 1 candidates
2026-07-29 15:14:18 - matching_Tlaxcala_1 - INFO -   After dedup: 1 unique gz_ids
2026-07-29 15:14:18 - matching_Tlaxcala_1 - INFO -   Input has territorial data: True
2026-07-29 15:14:18 - matching_Tlaxcala_1 - INFO -   Candidates with territory match: 1
2026-07-29 15:14:18 - matching_Tlaxcala_1 - INFO -   After territorial filter (keeping jurisdiccion): 1 candidates
2026-07-29 15:14:18 - matching_Tlaxcala_1 - INFO -   Nombre matches (exact on lugar_nombre): 0
2026-07-29 15:14:18 - matching_Tlaxcala_1 - INFO -   Saint-only matches: 0
2026-07-29 15:14:18 - matching_Tlaxcala_1 - INFO -   Substantive matches: 1
2026-07-29 15:14:18 - matching_Tlaxcala_1 - INFO -   Candidate pool (>= threshold): 0
2026-07-29 15:14:18 - matching_Tlaxcala_1 - WARNING -   No candidate above threshold - relegated
2026-07-29 15:14:18 - matching_Tlaxcala_1 - INFO - 
============================================================
2026-07-29 15:14:18 - matching_Tlaxcala_1 - INFO - Processing rowID=137: 'Señora Santa Ana' -> cleaned: 'cenora santa ana'
2026-07-29 15:14:18 - matching_Tlaxcala_1 - INFO -   Territorial context: jurisdiccion='tlaxcala' -> allowed rows: 110
2026-07-29 15:14:18 - matching_Tlaxcala_1 - INFO -   Token-based candidates: 25
2026-07-29 15:14:18 - matching_Tlaxcala_1 - INFO -   Filtering: need match on substantive tokens: ['ana', 'cenora'] OR 2+ total tokens
2026-07-29 15:14:18 - matching_Tlaxcala_1 - INFO -   After filtering weak token matches: 4 candidates
2026-07-29 15:14:18 - matching_Tlaxcala_1 - INFO -   Fuzzy matches (score >= 70, limit=500): 4
2026-07-29 15:14:18 - matching_Tlaxcala_1 - DEBUG -     gz_id=1004074 'huiloac' score=0.800 nombre=False saint_only=False terr=jurisdiccion_exact phase=relegated
2026-07-29 15:14:18 - matching_Tlaxcala_1 - DEBUG -     gz_id=1004091 'ocotlan' score=1.000 nombre=False saint_only=False terr=jurisdiccion_exact phase=candidate
2026-07-29 15:14:18 - matching_Tlaxcala_1 - DEBUG -     gz_id=1004060 'chiautempan' score=0.720 nombre=False saint_only=False terr=jurisdiccion_exact phase=relegated
2026-07-29 15:14:18 - matching_Tlaxcala_1 - DEBUG -     gz_id=1004088 'nopalucan' score=0.720 nombre=False saint_only=False terr=jurisdiccion_exact phase=relegated
2026-07-29 15:14:18 - matching_Tlaxcala_1 - INFO -   Before dedup: 4 candidates
2026-07-29 15:14:18 - matching_Tlaxcala_1 - INFO -   After dedup: 4 unique gz_ids
2026-07-29 15:14:18 - matching_Tlaxcala_1 - INFO -   Input has territorial data: True
2026-07-29 15:14:18 - matching_Tlaxcala_1 - INFO -   Candidates with territory match: 4
2026-07-29 15:14:18 - matching_Tlaxcala_1 - INFO -   After territorial filter (keeping jurisdiccion): 4 candidates
2026-07-29 15:14:18 - matching_Tlaxcala_1 - INFO -   Nombre matches (exact on lugar_nombre): 0
2026-07-29 15:14:18 - matching_Tlaxcala_1 - INFO -   Saint-only matches: 0
2026-07-29 15:14:18 - matching_Tlaxcala_1 - INFO -   Substantive matches: 4
2026-07-29 15:14:18 - matching_Tlaxcala_1 - INFO -   Candidate pool (>= threshold): 2
2026-07-29 15:14:18 - matching_Tlaxcala_1 - INFO -   2 candidate(s) -> candidate
2026-07-29 15:14:18 - matching_Tlaxcala_1 - INFO - 
============================================================
2026-07-29 15:14:18 - matching_Tlaxcala_1 - INFO - Processing rowID=138: 'El Balconcillo' -> cleaned: 'balconcillo'
2026-07-29 15:14:18 - matching_Tlaxcala_1 - INFO -   Territorial context: jurisdiccion='tlaxcala' -> allowed rows: 110
2026-07-29 15:14:18 - matching_Tlaxcala_1 - INFO -   Token-based candidates: 0
2026-07-29 15:14:18 - matching_Tlaxcala_1 - WARNING -   No candidates found - relegated
2026-07-29 15:14:18 - matching_Tlaxcala_1 - INFO - 
============================================================
2026-07-29 15:14:18 - matching_Tlaxcala_1 - INFO - Processing rowID=139: 'San Bartolomé Xonecuila' -> cleaned: 'san bartolome jonecuila'
2026-07-29 15:14:18 - matching_Tlaxcala_1 - INFO -   Territorial context: jurisdiccion='tlaxcala' -> allowed rows: 110
2026-07-29 15:14:18 - matching_Tlaxcala_1 - INFO -   Token-based candidates: 70
2026-07-29 15:14:18 - matching_Tlaxcala_1 - INFO -   Filtering: need match on substantive tokens: ['jonecuila', 'bartolome'] OR 2+ total tokens
2026-07-29 15:14:18 - matching_Tlaxcala_1 - INFO -   After filtering weak token matches: 3 candidates
2026-07-29 15:14:18 - matching_Tlaxcala_1 - INFO -   Fuzzy matches (score >= 70, limit=500): 3
2026-07-29 15:14:18 - matching_Tlaxcala_1 - DEBUG -     gz_id=1004064 'cuahuixmatlac' score=0.850 nombre=False saint_only=False terr=jurisdiccion_exact phase=candidate
2026-07-29 15:14:18 - matching_Tlaxcala_1 - DEBUG -     gz_id=1004109 'tenango' score=0.811 nombre=False saint_only=False terr=jurisdiccion_exact phase=relegated
2026-07-29 15:14:18 - matching_Tlaxcala_1 - DEBUG -     gz_id=1004082 'matlalohcan' score=0.769 nombre=False saint_only=False terr=jurisdiccion_exact phase=relegated
2026-07-29 15:14:18 - matching_Tlaxcala_1 - INFO -   Before dedup: 3 candidates
2026-07-29 15:14:18 - matching_Tlaxcala_1 - INFO -   After dedup: 3 unique gz_ids
2026-07-29 15:14:18 - matching_Tlaxcala_1 - INFO -   Input has territorial data: True
2026-07-29 15:14:18 - matching_Tlaxcala_1 - INFO -   Candidates with territory match: 3
2026-07-29 15:14:18 - matching_Tlaxcala_1 - INFO -   After territorial filter (keeping jurisdiccion): 3 candidates
2026-07-29 15:14:18 - matching_Tlaxcala_1 - INFO -   Nombre matches (exact on lugar_nombre): 0
2026-07-29 15:14:18 - matching_Tlaxcala_1 - INFO -   Saint-only matches: 0
2026-07-29 15:14:18 - matching_Tlaxcala_1 - INFO -   Substantive matches: 3
2026-07-29 15:14:18 - matching_Tlaxcala_1 - INFO -   Candidate pool (>= threshold): 2
2026-07-29 15:14:18 - matching_Tlaxcala_1 - INFO -   2 candidate(s) -> candidate
2026-07-29 15:14:18 - matching_Tlaxcala_1 - INFO - 
============================================================
2026-07-29 15:14:18 - matching_Tlaxcala_1 - INFO - Processing rowID=140: 'Santa Bárbara' -> cleaned: 'santa barbara'
2026-07-29 15:14:18 - matching_Tlaxcala_1 - INFO -   Territorial context: jurisdiccion='tlaxcala' -> allowed rows: 110
2026-07-29 15:14:18 - matching_Tlaxcala_1 - INFO -   Token-based candidates: 24
2026-07-29 15:14:18 - matching_Tlaxcala_1 - INFO -   Filtering: need match on substantive tokens: ['barbara'] OR 2+ total tokens
2026-07-29 15:14:18 - matching_Tlaxcala_1 - INFO -   After filtering weak token matches: 1 candidates
2026-07-29 15:14:18 - matching_Tlaxcala_1 - INFO -   Fuzzy matches (score >= 70, limit=500): 1
2026-07-29 15:14:18 - matching_Tlaxcala_1 - DEBUG -     gz_id=1004041 'acuicuiscatepec' score=1.000 nombre=False saint_only=True terr=jurisdiccion_exact phase=candidate
2026-07-29 15:14:18 - matching_Tlaxcala_1 - INFO -   Before dedup: 1 candidates
2026-07-29 15:14:18 - matching_Tlaxcala_1 - INFO -   After dedup: 1 unique gz_ids
2026-07-29 15:14:18 - matching_Tlaxcala_1 - INFO -   Input has territorial data: True
2026-07-29 15:14:18 - matching_Tlaxcala_1 - INFO -   Candidates with territory match: 1
2026-07-29 15:14:18 - matching_Tlaxcala_1 - INFO -   After territorial filter (keeping jurisdiccion): 1 candidates
2026-07-29 15:14:18 - matching_Tlaxcala_1 - INFO -   Nombre matches (exact on lugar_nombre): 0
2026-07-29 15:14:18 - matching_Tlaxcala_1 - INFO -   Saint-only matches: 1
2026-07-29 15:14:18 - matching_Tlaxcala_1 - INFO -   Substantive matches: 0
2026-07-29 15:14:18 - matching_Tlaxcala_1 - INFO -   Candidate pool (>= threshold): 1
2026-07-29 15:14:18 - matching_Tlaxcala_1 - INFO -   1 candidate(s) -> candidate
2026-07-29 15:14:18 - matching_Tlaxcala_1 - INFO - Processing row 140, rowID=141
2026-07-29 15:14:18 - matching_Tlaxcala_1 - INFO - 
============================================================
2026-07-29 15:14:18 - matching_Tlaxcala_1 - INFO - Processing rowID=141: 'San Antonio' -> cleaned: 'san antonio'
2026-07-29 15:14:18 - matching_Tlaxcala_1 - INFO -   Territorial context: jurisdiccion='tlaxcala' -> allowed rows: 110
2026-07-29 15:14:18 - matching_Tlaxcala_1 - INFO -   Token-based candidates: 70
2026-07-29 15:14:18 - matching_Tlaxcala_1 - INFO -   Filtering: need match on substantive tokens: ['antonio'] OR 2+ total tokens
2026-07-29 15:14:18 - matching_Tlaxcala_1 - INFO -   After filtering weak token matches: 2 candidates
2026-07-29 15:14:18 - matching_Tlaxcala_1 - INFO -   Fuzzy matches (score >= 70, limit=500): 2
2026-07-29 15:14:18 - matching_Tlaxcala_1 - DEBUG -     gz_id=1004040 'acuamanala' score=1.000 nombre=False saint_only=True terr=jurisdiccion_exact phase=candidate
2026-07-29 15:14:18 - matching_Tlaxcala_1 - DEBUG -     gz_id=1004068 'cuajomulco' score=1.000 nombre=False saint_only=True terr=jurisdiccion_exact phase=candidate
2026-07-29 15:14:18 - matching_Tlaxcala_1 - INFO -   Before dedup: 2 candidates
2026-07-29 15:14:18 - matching_Tlaxcala_1 - INFO -   After dedup: 2 unique gz_ids
2026-07-29 15:14:18 - matching_Tlaxcala_1 - INFO -   Input has territorial data: True
2026-07-29 15:14:18 - matching_Tlaxcala_1 - INFO -   Candidates with territory match: 2
2026-07-29 15:14:18 - matching_Tlaxcala_1 - INFO -   After territorial filter (keeping jurisdiccion): 2 candidates
2026-07-29 15:14:18 - matching_Tlaxcala_1 - INFO -   Nombre matches (exact on lugar_nombre): 0
2026-07-29 15:14:18 - matching_Tlaxcala_1 - INFO -   Saint-only matches: 2
2026-07-29 15:14:18 - matching_Tlaxcala_1 - INFO -   Substantive matches: 0
2026-07-29 15:14:18 - matching_Tlaxcala_1 - INFO -   Candidate pool (>= threshold): 2
2026-07-29 15:14:18 - matching_Tlaxcala_1 - INFO -   2 candidate(s) -> candidate
2026-07-29 15:14:18 - matching_Tlaxcala_1 - INFO - 
============================================================
2026-07-29 15:14:18 - matching_Tlaxcala_1 - INFO - Processing rowID=142: 'San Diego' -> cleaned: 'san diego'
2026-07-29 15:14:18 - matching_Tlaxcala_1 - INFO -   Territorial context: jurisdiccion='tlaxcala' -> allowed rows: 110
2026-07-29 15:14:18 - matching_Tlaxcala_1 - INFO -   Token-based candidates: 70
2026-07-29 15:14:18 - matching_Tlaxcala_1 - INFO -   Filtering: need match on substantive tokens: ['diego'] OR 2+ total tokens
2026-07-29 15:14:18 - matching_Tlaxcala_1 - INFO -   After filtering weak token matches: 1 candidates
2026-07-29 15:14:18 - matching_Tlaxcala_1 - INFO -   Fuzzy matches (score >= 70, limit=500): 1
2026-07-29 15:14:18 - matching_Tlaxcala_1 - DEBUG -     gz_id=1004141 'jocoiucan' score=1.000 nombre=False saint_only=True terr=jurisdiccion_exact phase=candidate
2026-07-29 15:14:18 - matching_Tlaxcala_1 - INFO -   Before dedup: 1 candidates
2026-07-29 15:14:18 - matching_Tlaxcala_1 - INFO -   After dedup: 1 unique gz_ids
2026-07-29 15:14:18 - matching_Tlaxcala_1 - INFO -   Input has territorial data: True
2026-07-29 15:14:18 - matching_Tlaxcala_1 - INFO -   Candidates with territory match: 1
2026-07-29 15:14:18 - matching_Tlaxcala_1 - INFO -   After territorial filter (keeping jurisdiccion): 1 candidates
2026-07-29 15:14:18 - matching_Tlaxcala_1 - INFO -   Nombre matches (exact on lugar_nombre): 0
2026-07-29 15:14:18 - matching_Tlaxcala_1 - INFO -   Saint-only matches: 1
2026-07-29 15:14:18 - matching_Tlaxcala_1 - INFO -   Substantive matches: 0
2026-07-29 15:14:18 - matching_Tlaxcala_1 - INFO -   Candidate pool (>= threshold): 1
2026-07-29 15:14:18 - matching_Tlaxcala_1 - INFO -   1 candidate(s) -> candidate
2026-07-29 15:14:18 - matching_Tlaxcala_1 - INFO - 
============================================================
2026-07-29 15:14:18 - matching_Tlaxcala_1 - INFO - Processing rowID=143: 'San Miguel Quimichuca' -> cleaned: 'san mihuel quimichuca'
2026-07-29 15:14:18 - matching_Tlaxcala_1 - INFO -   Territorial context: jurisdiccion='tlaxcala' -> allowed rows: 110
2026-07-29 15:14:18 - matching_Tlaxcala_1 - INFO -   Token-based candidates: 70
2026-07-29 15:14:18 - matching_Tlaxcala_1 - INFO -   Filtering: need match on substantive tokens: ['quimichuca', 'mihuel'] OR 2+ total tokens
2026-07-29 15:14:18 - matching_Tlaxcala_1 - INFO -   After filtering weak token matches: 4 candidates
2026-07-29 15:14:18 - matching_Tlaxcala_1 - INFO -   Fuzzy matches (score >= 70, limit=500): 3
2026-07-29 15:14:18 - matching_Tlaxcala_1 - DEBUG -     gz_id=1004100 'san mihuelito' score=0.870 nombre=False saint_only=False terr=jurisdiccion_exact phase=candidate
2026-07-29 15:14:18 - matching_Tlaxcala_1 - DEBUG -     gz_id=1004099 'san mihuel milagro' score=0.765 nombre=False saint_only=False terr=jurisdiccion_exact phase=relegated
2026-07-29 15:14:18 - matching_Tlaxcala_1 - DEBUG -     gz_id=1004140 'jochitecatitla' score=0.732 nombre=False saint_only=False terr=jurisdiccion_exact phase=relegated
2026-07-29 15:14:18 - matching_Tlaxcala_1 - INFO -   Before dedup: 3 candidates
2026-07-29 15:14:18 - matching_Tlaxcala_1 - INFO -   After dedup: 3 unique gz_ids
2026-07-29 15:14:18 - matching_Tlaxcala_1 - INFO -   Input has territorial data: True
2026-07-29 15:14:18 - matching_Tlaxcala_1 - INFO -   Candidates with territory match: 3
2026-07-29 15:14:18 - matching_Tlaxcala_1 - INFO -   After territorial filter (keeping jurisdiccion): 3 candidates
2026-07-29 15:14:18 - matching_Tlaxcala_1 - INFO -   Nombre matches (exact on lugar_nombre): 0
2026-07-29 15:14:18 - matching_Tlaxcala_1 - INFO -   Saint-only matches: 0
2026-07-29 15:14:18 - matching_Tlaxcala_1 - INFO -   Substantive matches: 3
2026-07-29 15:14:18 - matching_Tlaxcala_1 - INFO -   Candidate pool (>= threshold): 1
2026-07-29 15:14:18 - matching_Tlaxcala_1 - INFO -   1 candidate(s) -> candidate
2026-07-29 15:14:18 - matching_Tlaxcala_1 - INFO - 
============================================================
2026-07-29 15:14:18 - matching_Tlaxcala_1 - INFO - Processing rowID=144: 'San Juan Bautista' -> cleaned: 'san juan bautista'
2026-07-29 15:14:18 - matching_Tlaxcala_1 - INFO -   Territorial context: jurisdiccion='tlaxcala' -> allowed rows: 110
2026-07-29 15:14:18 - matching_Tlaxcala_1 - INFO -   Token-based candidates: 70
2026-07-29 15:14:18 - matching_Tlaxcala_1 - INFO -   Filtering: need match on substantive tokens: ['juan', 'bautista'] OR 2+ total tokens
2026-07-29 15:14:18 - matching_Tlaxcala_1 - INFO -   After filtering weak token matches: 5 candidates
2026-07-29 15:14:18 - matching_Tlaxcala_1 - INFO -   Fuzzy matches (score >= 70, limit=500): 5
2026-07-29 15:14:18 - matching_Tlaxcala_1 - DEBUG -     gz_id=1004050 'atlangatepec' score=1.000 nombre=False saint_only=True terr=jurisdiccion_exact phase=candidate
2026-07-29 15:14:18 - matching_Tlaxcala_1 - DEBUG -     gz_id=1004133 'totolac' score=1.000 nombre=False saint_only=True terr=jurisdiccion_exact phase=candidate
2026-07-29 15:14:18 - matching_Tlaxcala_1 - DEBUG -     gz_id=1004094 'quesalcoapan' score=0.774 nombre=False saint_only=True terr=jurisdiccion_exact phase=relegated
2026-07-29 15:14:18 - matching_Tlaxcala_1 - DEBUG -     gz_id=1004070 'huaccinco' score=0.759 nombre=False saint_only=True terr=jurisdiccion_exact phase=relegated
2026-07-29 15:14:18 - matching_Tlaxcala_1 - DEBUG -     gz_id=1004078 'ixtenco' score=0.720 nombre=False saint_only=True terr=jurisdiccion_exact phase=relegated
2026-07-29 15:14:18 - matching_Tlaxcala_1 - INFO -   Before dedup: 5 candidates
2026-07-29 15:14:18 - matching_Tlaxcala_1 - INFO -   After dedup: 5 unique gz_ids
2026-07-29 15:14:18 - matching_Tlaxcala_1 - INFO -   Input has territorial data: True
2026-07-29 15:14:18 - matching_Tlaxcala_1 - INFO -   Candidates with territory match: 5
2026-07-29 15:14:18 - matching_Tlaxcala_1 - INFO -   After territorial filter (keeping jurisdiccion): 5 candidates
2026-07-29 15:14:18 - matching_Tlaxcala_1 - INFO -   Nombre matches (exact on lugar_nombre): 0
2026-07-29 15:14:18 - matching_Tlaxcala_1 - INFO -   Saint-only matches: 5
2026-07-29 15:14:18 - matching_Tlaxcala_1 - INFO -   Substantive matches: 0
2026-07-29 15:14:18 - matching_Tlaxcala_1 - INFO -   Candidate pool (>= threshold): 2
2026-07-29 15:14:18 - matching_Tlaxcala_1 - INFO -   2 candidate(s) -> candidate
2026-07-29 15:14:18 - matching_Tlaxcala_1 - INFO - 
============================================================
2026-07-29 15:14:18 - matching_Tlaxcala_1 - INFO - Processing rowID=145: 'San Francisco de Asís' -> cleaned: 'san francisco acis'
2026-07-29 15:14:18 - matching_Tlaxcala_1 - INFO -   Territorial context: jurisdiccion='tlaxcala' -> allowed rows: 110
2026-07-29 15:14:18 - matching_Tlaxcala_1 - INFO -   Token-based candidates: 70
2026-07-29 15:14:18 - matching_Tlaxcala_1 - INFO -   Filtering: need match on substantive tokens: ['francisco', 'acis'] OR 2+ total tokens
2026-07-29 15:14:18 - matching_Tlaxcala_1 - INFO -   After filtering weak token matches: 8 candidates
2026-07-29 15:14:18 - matching_Tlaxcala_1 - INFO -   Fuzzy matches (score >= 70, limit=500): 8
2026-07-29 15:14:18 - matching_Tlaxcala_1 - DEBUG -     gz_id=1004048 'atexcacinco' score=0.909 nombre=False saint_only=True terr=jurisdiccion_exact phase=candidate
2026-07-29 15:14:18 - matching_Tlaxcala_1 - DEBUG -     gz_id=1004127 'tlacuilohcan' score=0.889 nombre=False saint_only=True terr=jurisdiccion_exact phase=candidate
2026-07-29 15:14:18 - matching_Tlaxcala_1 - DEBUG -     gz_id=1004086 'mitepec' score=0.882 nombre=False saint_only=True terr=jurisdiccion_exact phase=candidate
2026-07-29 15:14:18 - matching_Tlaxcala_1 - DEBUG -     gz_id=1004089 'ocotelulco' score=0.882 nombre=False saint_only=True terr=jurisdiccion_exact phase=candidate
2026-07-29 15:14:18 - matching_Tlaxcala_1 - DEBUG -     gz_id=1004093 'papalotla' score=0.882 nombre=False saint_only=True terr=jurisdiccion_exact phase=candidate
2026-07-29 15:14:18 - matching_Tlaxcala_1 - DEBUG -     gz_id=1004107 'temesontla' score=0.875 nombre=False saint_only=True terr=jurisdiccion_exact phase=candidate
2026-07-29 15:14:18 - matching_Tlaxcala_1 - DEBUG -     gz_id=1004116 'tepeianco' score=0.875 nombre=False saint_only=True terr=jurisdiccion_exact phase=candidate
2026-07-29 15:14:18 - matching_Tlaxcala_1 - DEBUG -     gz_id=1004119 'tetlanohcan' score=0.875 nombre=False saint_only=True terr=jurisdiccion_exact phase=candidate
2026-07-29 15:14:18 - matching_Tlaxcala_1 - INFO -   Before dedup: 8 candidates
2026-07-29 15:14:18 - matching_Tlaxcala_1 - INFO -   After dedup: 8 unique gz_ids
2026-07-29 15:14:18 - matching_Tlaxcala_1 - INFO -   Input has territorial data: True
2026-07-29 15:14:18 - matching_Tlaxcala_1 - INFO -   Candidates with territory match: 8
2026-07-29 15:14:18 - matching_Tlaxcala_1 - INFO -   After territorial filter (keeping jurisdiccion): 8 candidates
2026-07-29 15:14:18 - matching_Tlaxcala_1 - INFO -   Nombre matches (exact on lugar_nombre): 0
2026-07-29 15:14:18 - matching_Tlaxcala_1 - INFO -   Saint-only matches: 8
2026-07-29 15:14:18 - matching_Tlaxcala_1 - INFO -   Substantive matches: 0
2026-07-29 15:14:18 - matching_Tlaxcala_1 - INFO -   Candidate pool (>= threshold): 8
2026-07-29 15:14:18 - matching_Tlaxcala_1 - INFO -   8 candidate(s) -> candidate
2026-07-29 15:14:18 - matching_Tlaxcala_1 - INFO - 
============================================================
2026-07-29 15:14:18 - matching_Tlaxcala_1 - INFO - Processing rowID=146: 'San Miguel Tomecuila y Santa María Soapila' -> cleaned: 'san mihuel tomecuila i santa maria soapila'
2026-07-29 15:14:18 - matching_Tlaxcala_1 - INFO -   Territorial context: jurisdiccion='tlaxcala' -> allowed rows: 110
2026-07-29 15:14:18 - matching_Tlaxcala_1 - INFO -   Token-based candidates: 94
2026-07-29 15:14:18 - matching_Tlaxcala_1 - INFO -   Filtering: need match on substantive tokens: ['tomecuila', 'mihuel', 'soapila'] OR 2+ total tokens
2026-07-29 15:14:18 - matching_Tlaxcala_1 - INFO -   After filtering weak token matches: 15 candidates
2026-07-29 15:14:18 - matching_Tlaxcala_1 - INFO -   Fuzzy matches (score >= 70, limit=500): 12
2026-07-29 15:14:18 - matching_Tlaxcala_1 - DEBUG -     gz_id=1004100 'san mihuelito' score=0.923 nombre=False saint_only=False terr=jurisdiccion_exact phase=candidate
2026-07-29 15:14:18 - matching_Tlaxcala_1 - DEBUG -     gz_id=1004132 'tocatlan' score=0.821 nombre=False saint_only=False terr=jurisdiccion_exact phase=relegated
2026-07-29 15:14:18 - matching_Tlaxcala_1 - DEBUG -     gz_id=1004076 'ixcotla' score=0.789 nombre=False saint_only=False terr=jurisdiccion_exact phase=relegated
2026-07-29 15:14:18 - matching_Tlaxcala_1 - DEBUG -     gz_id=1004104 'santa maria espana' score=0.778 nombre=False saint_only=False terr=jurisdiccion_exact phase=relegated
2026-07-29 15:14:18 - matching_Tlaxcala_1 - DEBUG -     gz_id=1004099 'san mihuel milagro' score=0.774 nombre=False saint_only=False terr=jurisdiccion_exact phase=relegated
2026-07-29 15:14:18 - matching_Tlaxcala_1 - DEBUG -     gz_id=1004108 'tenancingo' score=0.769 nombre=False saint_only=False terr=jurisdiccion_exact phase=relegated
2026-07-29 15:14:18 - matching_Tlaxcala_1 - DEBUG -     gz_id=1004122 'texcalac' score=0.769 nombre=False saint_only=False terr=jurisdiccion_exact phase=relegated
2026-07-29 15:14:18 - matching_Tlaxcala_1 - DEBUG -     gz_id=1004148 'sumpango' score=0.769 nombre=False saint_only=False terr=jurisdiccion_exact phase=relegated
2026-07-29 15:14:18 - matching_Tlaxcala_1 - DEBUG -     gz_id=1004140 'jochitecatitla' score=0.756 nombre=False saint_only=False terr=jurisdiccion_exact phase=relegated
2026-07-29 15:14:18 - matching_Tlaxcala_1 - DEBUG -     gz_id=1004087 'natibitas' score=0.750 nombre=False saint_only=False terr=jurisdiccion_exact phase=relegated
2026-07-29 15:14:18 - matching_Tlaxcala_1 - DEBUG -     gz_id=1004079 'ixtulco' score=0.737 nombre=False saint_only=False terr=jurisdiccion_exact phase=relegated
2026-07-29 15:14:18 - matching_Tlaxcala_1 - DEBUG -     gz_id=1004051 'atlihuecian' score=0.714 nombre=False saint_only=False terr=jurisdiccion_exact phase=relegated
2026-07-29 15:14:18 - matching_Tlaxcala_1 - INFO -   Before dedup: 12 candidates
2026-07-29 15:14:18 - matching_Tlaxcala_1 - INFO -   After dedup: 12 unique gz_ids
2026-07-29 15:14:18 - matching_Tlaxcala_1 - INFO -   Input has territorial data: True
2026-07-29 15:14:18 - matching_Tlaxcala_1 - INFO -   Candidates with territory match: 12
2026-07-29 15:14:18 - matching_Tlaxcala_1 - INFO -   After territorial filter (keeping jurisdiccion): 12 candidates
2026-07-29 15:14:18 - matching_Tlaxcala_1 - INFO -   Nombre matches (exact on lugar_nombre): 0
2026-07-29 15:14:18 - matching_Tlaxcala_1 - INFO -   Saint-only matches: 0
2026-07-29 15:14:18 - matching_Tlaxcala_1 - INFO -   Substantive matches: 12
2026-07-29 15:14:18 - matching_Tlaxcala_1 - INFO -   Candidate pool (>= threshold): 2
2026-07-29 15:14:18 - matching_Tlaxcala_1 - INFO -   2 candidate(s) -> candidate
2026-07-29 15:14:18 - matching_Tlaxcala_1 - INFO - 
============================================================
2026-07-29 15:14:18 - matching_Tlaxcala_1 - INFO - Processing rowID=147: 'La Natividad Tazacuala' -> cleaned: 'natibidad tasacuala'
2026-07-29 15:14:18 - matching_Tlaxcala_1 - INFO -   Territorial context: jurisdiccion='tlaxcala' -> allowed rows: 110
2026-07-29 15:14:18 - matching_Tlaxcala_1 - INFO -   Token-based candidates: 0
2026-07-29 15:14:18 - matching_Tlaxcala_1 - WARNING -   No candidates found - relegated
2026-07-29 15:14:18 - matching_Tlaxcala_1 - INFO - 
============================================================
2026-07-29 15:14:18 - matching_Tlaxcala_1 - INFO - Processing rowID=148: 'San Miguel Tazaguala y San Pedro Cuatoque' -> cleaned: 'san mihuel tasahuala i san pedro cuatoque'
2026-07-29 15:14:18 - matching_Tlaxcala_1 - INFO -   Territorial context: jurisdiccion='tlaxcala' -> allowed rows: 110
2026-07-29 15:14:18 - matching_Tlaxcala_1 - INFO -   Token-based candidates: 70
2026-07-29 15:14:18 - matching_Tlaxcala_1 - INFO -   Filtering: need match on substantive tokens: ['cuatoque', 'tasahuala', 'pedro', 'mihuel'] OR 2+ total tokens
2026-07-29 15:14:19 - matching_Tlaxcala_1 - INFO -   After filtering weak token matches: 5 candidates
2026-07-29 15:14:19 - matching_Tlaxcala_1 - INFO -   Fuzzy matches (score >= 70, limit=500): 4
2026-07-29 15:14:19 - matching_Tlaxcala_1 - DEBUG -     gz_id=1004100 'san mihuelito' score=0.880 nombre=False saint_only=False terr=jurisdiccion_exact phase=candidate
2026-07-29 15:14:19 - matching_Tlaxcala_1 - DEBUG -     gz_id=1004099 'san mihuel milagro' score=0.774 nombre=False saint_only=False terr=jurisdiccion_exact phase=relegated
2026-07-29 15:14:19 - matching_Tlaxcala_1 - DEBUG -     gz_id=1004108 'tenancingo' score=0.765 nombre=False saint_only=False terr=jurisdiccion_exact phase=relegated
2026-07-29 15:14:19 - matching_Tlaxcala_1 - DEBUG -     gz_id=1004140 'jochitecatitla' score=0.700 nombre=False saint_only=False terr=jurisdiccion_exact phase=relegated
2026-07-29 15:14:19 - matching_Tlaxcala_1 - INFO -   Before dedup: 4 candidates
2026-07-29 15:14:19 - matching_Tlaxcala_1 - INFO -   After dedup: 4 unique gz_ids
2026-07-29 15:14:19 - matching_Tlaxcala_1 - INFO -   Input has territorial data: True
2026-07-29 15:14:19 - matching_Tlaxcala_1 - INFO -   Candidates with territory match: 4
2026-07-29 15:14:19 - matching_Tlaxcala_1 - INFO -   After territorial filter (keeping jurisdiccion): 4 candidates
2026-07-29 15:14:19 - matching_Tlaxcala_1 - INFO -   Nombre matches (exact on lugar_nombre): 0
2026-07-29 15:14:19 - matching_Tlaxcala_1 - INFO -   Saint-only matches: 0
2026-07-29 15:14:19 - matching_Tlaxcala_1 - INFO -   Substantive matches: 4
2026-07-29 15:14:19 - matching_Tlaxcala_1 - INFO -   Candidate pool (>= threshold): 1
2026-07-29 15:14:19 - matching_Tlaxcala_1 - INFO -   1 candidate(s) -> candidate
2026-07-29 15:14:19 - matching_Tlaxcala_1 - INFO - 
============================================================
2026-07-29 15:14:19 - matching_Tlaxcala_1 - INFO - Processing rowID=149: 'San Buenaventura' -> cleaned: 'san buenabentura'
2026-07-29 15:14:19 - matching_Tlaxcala_1 - INFO -   Territorial context: jurisdiccion='tlaxcala' -> allowed rows: 110
2026-07-29 15:14:19 - matching_Tlaxcala_1 - INFO -   Token-based candidates: 70
2026-07-29 15:14:19 - matching_Tlaxcala_1 - INFO -   Filtering: need match on substantive tokens: ['buenabentura'] OR 2+ total tokens
2026-07-29 15:14:19 - matching_Tlaxcala_1 - INFO -   Fuzzy matches (score >= 70, limit=500): 1
2026-07-29 15:14:19 - matching_Tlaxcala_1 - DEBUG -     gz_id=1004045 'amajac' score=0.759 nombre=False saint_only=False terr=jurisdiccion_exact phase=relegated
2026-07-29 15:14:19 - matching_Tlaxcala_1 - INFO -   Before dedup: 1 candidates
2026-07-29 15:14:19 - matching_Tlaxcala_1 - INFO -   After dedup: 1 unique gz_ids
2026-07-29 15:14:19 - matching_Tlaxcala_1 - INFO -   Input has territorial data: True
2026-07-29 15:14:19 - matching_Tlaxcala_1 - INFO -   Candidates with territory match: 1
2026-07-29 15:14:19 - matching_Tlaxcala_1 - INFO -   After territorial filter (keeping jurisdiccion): 1 candidates
2026-07-29 15:14:19 - matching_Tlaxcala_1 - INFO -   Nombre matches (exact on lugar_nombre): 0
2026-07-29 15:14:19 - matching_Tlaxcala_1 - INFO -   Saint-only matches: 0
2026-07-29 15:14:19 - matching_Tlaxcala_1 - INFO -   Substantive matches: 1
2026-07-29 15:14:19 - matching_Tlaxcala_1 - INFO -   Candidate pool (>= threshold): 0
2026-07-29 15:14:19 - matching_Tlaxcala_1 - WARNING -   No candidate above threshold - relegated
2026-07-29 15:14:19 - matching_Tlaxcala_1 - INFO - 
============================================================
2026-07-29 15:14:19 - matching_Tlaxcala_1 - INFO - Processing rowID=150: 'San Diego Zitlaltepeque' -> cleaned: 'san diego citlaltepeque'
2026-07-29 15:14:19 - matching_Tlaxcala_1 - INFO -   Territorial context: jurisdiccion='tlaxcala' -> allowed rows: 110
2026-07-29 15:14:19 - matching_Tlaxcala_1 - INFO -   Token-based candidates: 70
2026-07-29 15:14:19 - matching_Tlaxcala_1 - INFO -   Filtering: need match on substantive tokens: ['diego', 'citlaltepeque'] OR 2+ total tokens
2026-07-29 15:14:19 - matching_Tlaxcala_1 - INFO -   After filtering weak token matches: 1 candidates
2026-07-29 15:14:19 - matching_Tlaxcala_1 - INFO -   Fuzzy matches (score >= 70, limit=500): 1
2026-07-29 15:14:19 - matching_Tlaxcala_1 - DEBUG -     gz_id=1004141 'jocoiucan' score=0.774 nombre=False saint_only=False terr=jurisdiccion_exact phase=relegated
2026-07-29 15:14:19 - matching_Tlaxcala_1 - INFO -   Before dedup: 1 candidates
2026-07-29 15:14:19 - matching_Tlaxcala_1 - INFO -   After dedup: 1 unique gz_ids
2026-07-29 15:14:19 - matching_Tlaxcala_1 - INFO -   Input has territorial data: True
2026-07-29 15:14:19 - matching_Tlaxcala_1 - INFO -   Candidates with territory match: 1
2026-07-29 15:14:19 - matching_Tlaxcala_1 - INFO -   After territorial filter (keeping jurisdiccion): 1 candidates
2026-07-29 15:14:19 - matching_Tlaxcala_1 - INFO -   Nombre matches (exact on lugar_nombre): 0
2026-07-29 15:14:19 - matching_Tlaxcala_1 - INFO -   Saint-only matches: 0
2026-07-29 15:14:19 - matching_Tlaxcala_1 - INFO -   Substantive matches: 1
2026-07-29 15:14:19 - matching_Tlaxcala_1 - INFO -   Candidate pool (>= threshold): 0
2026-07-29 15:14:19 - matching_Tlaxcala_1 - WARNING -   No candidate above threshold - relegated
2026-07-29 15:14:19 - matching_Tlaxcala_1 - INFO - Processing row 150, rowID=151
2026-07-29 15:14:19 - matching_Tlaxcala_1 - INFO - 
============================================================
2026-07-29 15:14:19 - matching_Tlaxcala_1 - INFO - Processing rowID=151: 'San Diego del Pilancon' -> cleaned: 'san diego pilancon'
2026-07-29 15:14:19 - matching_Tlaxcala_1 - INFO -   Territorial context: jurisdiccion='tlaxcala' -> allowed rows: 110
2026-07-29 15:14:19 - matching_Tlaxcala_1 - INFO -   Token-based candidates: 70
2026-07-29 15:14:19 - matching_Tlaxcala_1 - INFO -   Filtering: need match on substantive tokens: ['pilancon', 'diego'] OR 2+ total tokens
2026-07-29 15:14:19 - matching_Tlaxcala_1 - INFO -   After filtering weak token matches: 1 candidates
2026-07-29 15:14:19 - matching_Tlaxcala_1 - INFO -   Fuzzy matches (score >= 70, limit=500): 1
2026-07-29 15:14:19 - matching_Tlaxcala_1 - DEBUG -     gz_id=1004141 'jocoiucan' score=0.750 nombre=False saint_only=False terr=jurisdiccion_exact phase=relegated
2026-07-29 15:14:19 - matching_Tlaxcala_1 - INFO -   Before dedup: 1 candidates
2026-07-29 15:14:19 - matching_Tlaxcala_1 - INFO -   After dedup: 1 unique gz_ids
2026-07-29 15:14:19 - matching_Tlaxcala_1 - INFO -   Input has territorial data: True
2026-07-29 15:14:19 - matching_Tlaxcala_1 - INFO -   Candidates with territory match: 1
2026-07-29 15:14:19 - matching_Tlaxcala_1 - INFO -   After territorial filter (keeping jurisdiccion): 1 candidates
2026-07-29 15:14:19 - matching_Tlaxcala_1 - INFO -   Nombre matches (exact on lugar_nombre): 0
2026-07-29 15:14:19 - matching_Tlaxcala_1 - INFO -   Saint-only matches: 0
2026-07-29 15:14:19 - matching_Tlaxcala_1 - INFO -   Substantive matches: 1
2026-07-29 15:14:19 - matching_Tlaxcala_1 - INFO -   Candidate pool (>= threshold): 0
2026-07-29 15:14:19 - matching_Tlaxcala_1 - WARNING -   No candidate above threshold - relegated
2026-07-29 15:14:19 - matching_Tlaxcala_1 - INFO - 
============================================================
2026-07-29 15:14:19 - matching_Tlaxcala_1 - INFO - Processing rowID=152: 'San Miguel y su Rancho' -> cleaned: 'san mihuel i su rancho'
2026-07-29 15:14:19 - matching_Tlaxcala_1 - INFO -   Territorial context: jurisdiccion='tlaxcala' -> allowed rows: 110
2026-07-29 15:14:19 - matching_Tlaxcala_1 - INFO -   Token-based candidates: 70
2026-07-29 15:14:19 - matching_Tlaxcala_1 - INFO -   Filtering: need match on substantive tokens: ['rancho', 'mihuel'] OR 2+ total tokens
2026-07-29 15:14:19 - matching_Tlaxcala_1 - INFO -   After filtering weak token matches: 4 candidates
2026-07-29 15:14:19 - matching_Tlaxcala_1 - INFO -   Fuzzy matches (score >= 70, limit=500): 4
2026-07-29 15:14:19 - matching_Tlaxcala_1 - DEBUG -     gz_id=1004100 'san mihuelito' score=0.880 nombre=False saint_only=False terr=jurisdiccion_exact phase=candidate
2026-07-29 15:14:19 - matching_Tlaxcala_1 - DEBUG -     gz_id=1004099 'san mihuel milagro' score=0.800 nombre=False saint_only=False terr=jurisdiccion_exact phase=relegated
2026-07-29 15:14:19 - matching_Tlaxcala_1 - DEBUG -     gz_id=1004108 'tenancingo' score=0.727 nombre=False saint_only=False terr=jurisdiccion_exact phase=relegated
2026-07-29 15:14:19 - matching_Tlaxcala_1 - DEBUG -     gz_id=1004140 'jochitecatitla' score=0.703 nombre=False saint_only=False terr=jurisdiccion_exact phase=relegated
2026-07-29 15:14:19 - matching_Tlaxcala_1 - INFO -   Before dedup: 4 candidates
2026-07-29 15:14:19 - matching_Tlaxcala_1 - INFO -   After dedup: 4 unique gz_ids
2026-07-29 15:14:19 - matching_Tlaxcala_1 - INFO -   Input has territorial data: True
2026-07-29 15:14:19 - matching_Tlaxcala_1 - INFO -   Candidates with territory match: 4
2026-07-29 15:14:19 - matching_Tlaxcala_1 - INFO -   After territorial filter (keeping jurisdiccion): 4 candidates
2026-07-29 15:14:19 - matching_Tlaxcala_1 - INFO -   Nombre matches (exact on lugar_nombre): 0
2026-07-29 15:14:19 - matching_Tlaxcala_1 - INFO -   Saint-only matches: 0
2026-07-29 15:14:19 - matching_Tlaxcala_1 - INFO -   Substantive matches: 4
2026-07-29 15:14:19 - matching_Tlaxcala_1 - INFO -   Candidate pool (>= threshold): 2
2026-07-29 15:14:19 - matching_Tlaxcala_1 - INFO -   2 candidate(s) -> candidate
2026-07-29 15:14:19 - matching_Tlaxcala_1 - INFO - 
============================================================
2026-07-29 15:14:19 - matching_Tlaxcala_1 - INFO - Processing rowID=153: 'San Francisco Jalapasco' -> cleaned: 'san francisco jalapasco'
2026-07-29 15:14:19 - matching_Tlaxcala_1 - INFO -   Territorial context: jurisdiccion='tlaxcala' -> allowed rows: 110
2026-07-29 15:14:19 - matching_Tlaxcala_1 - INFO -   Token-based candidates: 70
2026-07-29 15:14:19 - matching_Tlaxcala_1 - INFO -   Filtering: need match on substantive tokens: ['francisco', 'jalapasco'] OR 2+ total tokens
2026-07-29 15:14:19 - matching_Tlaxcala_1 - INFO -   After filtering weak token matches: 8 candidates
2026-07-29 15:14:19 - matching_Tlaxcala_1 - INFO -   Fuzzy matches (score >= 70, limit=500): 8
2026-07-29 15:14:19 - matching_Tlaxcala_1 - DEBUG -     gz_id=1004093 'papalotla' score=0.837 nombre=False saint_only=False terr=jurisdiccion_exact phase=relegated
2026-07-29 15:14:19 - matching_Tlaxcala_1 - DEBUG -     gz_id=1004127 'tlacuilohcan' score=0.829 nombre=False saint_only=False terr=jurisdiccion_exact phase=relegated
2026-07-29 15:14:19 - matching_Tlaxcala_1 - DEBUG -     gz_id=1004086 'mitepec' score=0.800 nombre=False saint_only=False terr=jurisdiccion_exact phase=relegated
2026-07-29 15:14:19 - matching_Tlaxcala_1 - DEBUG -     gz_id=1004089 'ocotelulco' score=0.800 nombre=False saint_only=False terr=jurisdiccion_exact phase=relegated
2026-07-29 15:14:19 - matching_Tlaxcala_1 - DEBUG -     gz_id=1004048 'atexcacinco' score=0.789 nombre=False saint_only=False terr=jurisdiccion_exact phase=relegated
2026-07-29 15:14:19 - matching_Tlaxcala_1 - DEBUG -     gz_id=1004116 'tepeianco' score=0.783 nombre=False saint_only=False terr=jurisdiccion_exact phase=relegated
2026-07-29 15:14:19 - matching_Tlaxcala_1 - DEBUG -     gz_id=1004119 'tetlanohcan' score=0.773 nombre=False saint_only=False terr=jurisdiccion_exact phase=relegated
2026-07-29 15:14:19 - matching_Tlaxcala_1 - DEBUG -     gz_id=1004107 'temesontla' score=0.757 nombre=False saint_only=False terr=jurisdiccion_exact phase=relegated
2026-07-29 15:14:19 - matching_Tlaxcala_1 - INFO -   Before dedup: 8 candidates
2026-07-29 15:14:19 - matching_Tlaxcala_1 - INFO -   After dedup: 8 unique gz_ids
2026-07-29 15:14:19 - matching_Tlaxcala_1 - INFO -   Input has territorial data: True
2026-07-29 15:14:19 - matching_Tlaxcala_1 - INFO -   Candidates with territory match: 8
2026-07-29 15:14:19 - matching_Tlaxcala_1 - INFO -   After territorial filter (keeping jurisdiccion): 8 candidates
2026-07-29 15:14:19 - matching_Tlaxcala_1 - INFO -   Nombre matches (exact on lugar_nombre): 0
2026-07-29 15:14:19 - matching_Tlaxcala_1 - INFO -   Saint-only matches: 0
2026-07-29 15:14:19 - matching_Tlaxcala_1 - INFO -   Substantive matches: 8
2026-07-29 15:14:19 - matching_Tlaxcala_1 - INFO -   Candidate pool (>= threshold): 4
2026-07-29 15:14:19 - matching_Tlaxcala_1 - INFO -   4 candidate(s) -> candidate
2026-07-29 15:14:19 - matching_Tlaxcala_1 - INFO - 
============================================================
2026-07-29 15:14:19 - matching_Tlaxcala_1 - INFO - Processing rowID=154: 'Santiago Tochaque' -> cleaned: 'santiago tochaque'
2026-07-29 15:14:19 - matching_Tlaxcala_1 - INFO -   Territorial context: jurisdiccion='tlaxcala' -> allowed rows: 110
2026-07-29 15:14:19 - matching_Tlaxcala_1 - INFO -   Token-based candidates: 6
2026-07-29 15:14:19 - matching_Tlaxcala_1 - INFO -   Filtering: need match on substantive tokens: ['santiago', 'tochaque'] OR 2+ total tokens
2026-07-29 15:14:19 - matching_Tlaxcala_1 - INFO -   Fuzzy matches (score >= 70, limit=500): 6
2026-07-29 15:14:19 - matching_Tlaxcala_1 - DEBUG -     gz_id=1004118 'tetla' score=0.833 nombre=False saint_only=False terr=jurisdiccion_exact phase=relegated
2026-07-29 15:14:19 - matching_Tlaxcala_1 - DEBUG -     gz_id=1004084 'michac' score=0.828 nombre=False saint_only=False terr=jurisdiccion_exact phase=relegated
2026-07-29 15:14:19 - matching_Tlaxcala_1 - DEBUG -     gz_id=1004126 'tlacochcalco' score=0.788 nombre=False saint_only=False terr=jurisdiccion_exact phase=relegated
2026-07-29 15:14:19 - matching_Tlaxcala_1 - DEBUG -     gz_id=1004113 'tepeticpac' score=0.786 nombre=False saint_only=False terr=jurisdiccion_exact phase=relegated
2026-07-29 15:14:19 - matching_Tlaxcala_1 - DEBUG -     gz_id=1004090 'ocotitlan' score=0.786 nombre=False saint_only=False terr=jurisdiccion_exact phase=relegated
2026-07-29 15:14:19 - matching_Tlaxcala_1 - DEBUG -     gz_id=1004091 'ocotlan' score=0.759 nombre=False saint_only=False terr=jurisdiccion_exact phase=relegated
2026-07-29 15:14:19 - matching_Tlaxcala_1 - INFO -   Before dedup: 6 candidates
2026-07-29 15:14:19 - matching_Tlaxcala_1 - INFO -   After dedup: 6 unique gz_ids
2026-07-29 15:14:19 - matching_Tlaxcala_1 - INFO -   Input has territorial data: True
2026-07-29 15:14:19 - matching_Tlaxcala_1 - INFO -   Candidates with territory match: 6
2026-07-29 15:14:19 - matching_Tlaxcala_1 - INFO -   After territorial filter (keeping jurisdiccion): 6 candidates
2026-07-29 15:14:19 - matching_Tlaxcala_1 - INFO -   Nombre matches (exact on lugar_nombre): 0
2026-07-29 15:14:19 - matching_Tlaxcala_1 - INFO -   Saint-only matches: 0
2026-07-29 15:14:19 - matching_Tlaxcala_1 - INFO -   Substantive matches: 6
2026-07-29 15:14:19 - matching_Tlaxcala_1 - INFO -   Candidate pool (>= threshold): 2
2026-07-29 15:14:19 - matching_Tlaxcala_1 - INFO -   2 candidate(s) -> candidate
2026-07-29 15:14:19 - matching_Tlaxcala_1 - INFO - 
============================================================
2026-07-29 15:14:19 - matching_Tlaxcala_1 - INFO - Processing rowID=155: 'San Juan Acocotla' -> cleaned: 'san juan acocotla'
2026-07-29 15:14:19 - matching_Tlaxcala_1 - INFO -   Territorial context: jurisdiccion='tlaxcala' -> allowed rows: 110
2026-07-29 15:14:19 - matching_Tlaxcala_1 - INFO -   Token-based candidates: 72
2026-07-29 15:14:19 - matching_Tlaxcala_1 - INFO -   Filtering: need match on substantive tokens: ['acocotla', 'juan'] OR 2+ total tokens
2026-07-29 15:14:19 - matching_Tlaxcala_1 - INFO -   After filtering weak token matches: 5 candidates
2026-07-29 15:14:19 - matching_Tlaxcala_1 - INFO -   Fuzzy matches (score >= 70, limit=500): 5
2026-07-29 15:14:19 - matching_Tlaxcala_1 - DEBUG -     gz_id=1004078 'ixtenco' score=0.786 nombre=False saint_only=False terr=jurisdiccion_exact phase=relegated
2026-07-29 15:14:19 - matching_Tlaxcala_1 - DEBUG -     gz_id=1004070 'huaccinco' score=0.774 nombre=False saint_only=False terr=jurisdiccion_exact phase=relegated
2026-07-29 15:14:19 - matching_Tlaxcala_1 - DEBUG -     gz_id=1004050 'atlangatepec' score=0.733 nombre=False saint_only=False terr=jurisdiccion_exact phase=relegated
2026-07-29 15:14:19 - matching_Tlaxcala_1 - DEBUG -     gz_id=1004133 'totolac' score=0.733 nombre=False saint_only=False terr=jurisdiccion_exact phase=relegated
2026-07-29 15:14:19 - matching_Tlaxcala_1 - DEBUG -     gz_id=1004094 'quesalcoapan' score=0.706 nombre=False saint_only=False terr=jurisdiccion_exact phase=relegated
2026-07-29 15:14:19 - matching_Tlaxcala_1 - INFO -   Before dedup: 5 candidates
2026-07-29 15:14:19 - matching_Tlaxcala_1 - INFO -   After dedup: 5 unique gz_ids
2026-07-29 15:14:19 - matching_Tlaxcala_1 - INFO -   Input has territorial data: True
2026-07-29 15:14:19 - matching_Tlaxcala_1 - INFO -   Candidates with territory match: 5
2026-07-29 15:14:19 - matching_Tlaxcala_1 - INFO -   After territorial filter (keeping jurisdiccion): 5 candidates
2026-07-29 15:14:19 - matching_Tlaxcala_1 - INFO -   Nombre matches (exact on lugar_nombre): 0
2026-07-29 15:14:19 - matching_Tlaxcala_1 - INFO -   Saint-only matches: 0
2026-07-29 15:14:19 - matching_Tlaxcala_1 - INFO -   Substantive matches: 5
2026-07-29 15:14:19 - matching_Tlaxcala_1 - INFO -   Candidate pool (>= threshold): 0
2026-07-29 15:14:19 - matching_Tlaxcala_1 - WARNING -   No candidate above threshold - relegated
2026-07-29 15:14:19 - matching_Tlaxcala_1 - INFO - 
============================================================
2026-07-29 15:14:19 - matching_Tlaxcala_1 - INFO - Processing rowID=156: 'Piedras Negras' -> cleaned: 'piedras negras'
2026-07-29 15:14:19 - matching_Tlaxcala_1 - INFO -   Territorial context: jurisdiccion='tlaxcala' -> allowed rows: 110
2026-07-29 15:14:19 - matching_Tlaxcala_1 - INFO -   Token-based candidates: 0
2026-07-29 15:14:19 - matching_Tlaxcala_1 - WARNING -   No candidates found - relegated
2026-07-29 15:14:19 - matching_Tlaxcala_1 - INFO - 
============================================================
2026-07-29 15:14:19 - matching_Tlaxcala_1 - INFO - Processing rowID=157: 'Teometitlan' -> cleaned: 'teometitlan'
2026-07-29 15:14:19 - matching_Tlaxcala_1 - INFO -   Territorial context: jurisdiccion='tlaxcala' -> allowed rows: 110
2026-07-29 15:14:19 - matching_Tlaxcala_1 - INFO -   Token-based candidates: 2
2026-07-29 15:14:19 - matching_Tlaxcala_1 - INFO -   Fuzzy matches (score >= 70, limit=500): 2
2026-07-29 15:14:19 - matching_Tlaxcala_1 - DEBUG -     gz_id=1004115 'tepetomatitlan' score=0.857 nombre=False saint_only=False terr=jurisdiccion_exact phase=candidate
2026-07-29 15:14:19 - matching_Tlaxcala_1 - DEBUG -     gz_id=1004114 'tepetitla' score=0.800 nombre=False saint_only=False terr=jurisdiccion_exact phase=relegated
2026-07-29 15:14:19 - matching_Tlaxcala_1 - INFO -   Before dedup: 2 candidates
2026-07-29 15:14:19 - matching_Tlaxcala_1 - INFO -   After dedup: 2 unique gz_ids
2026-07-29 15:14:19 - matching_Tlaxcala_1 - INFO -   Input has territorial data: True
2026-07-29 15:14:19 - matching_Tlaxcala_1 - INFO -   Candidates with territory match: 2
2026-07-29 15:14:19 - matching_Tlaxcala_1 - INFO -   After territorial filter (keeping jurisdiccion): 2 candidates
2026-07-29 15:14:19 - matching_Tlaxcala_1 - INFO -   Nombre matches (exact on lugar_nombre): 0
2026-07-29 15:14:19 - matching_Tlaxcala_1 - INFO -   Saint-only matches: 0
2026-07-29 15:14:19 - matching_Tlaxcala_1 - INFO -   Substantive matches: 2
2026-07-29 15:14:19 - matching_Tlaxcala_1 - INFO -   Candidate pool (>= threshold): 2
2026-07-29 15:14:19 - matching_Tlaxcala_1 - INFO -   2 candidate(s) -> candidate
2026-07-29 15:14:19 - matching_Tlaxcala_1 - INFO - 
============================================================
2026-07-29 15:14:19 - matching_Tlaxcala_1 - INFO - Processing rowID=158: 'Tlacaxolotepeque' -> cleaned: 'tlacajolotepeque'
2026-07-29 15:14:19 - matching_Tlaxcala_1 - INFO -   Territorial context: jurisdiccion='tlaxcala' -> allowed rows: 110
2026-07-29 15:14:19 - matching_Tlaxcala_1 - INFO -   Token-based candidates: 0
2026-07-29 15:14:19 - matching_Tlaxcala_1 - WARNING -   No candidates found - relegated
2026-07-29 15:14:19 - matching_Tlaxcala_1 - INFO - 
============================================================
2026-07-29 15:14:19 - matching_Tlaxcala_1 - INFO - Processing rowID=159: 'San Miguel  Tlacotepeque' -> cleaned: 'san mihuel tlacotepeque'
2026-07-29 15:14:19 - matching_Tlaxcala_1 - INFO -   Territorial context: jurisdiccion='tlaxcala' -> allowed rows: 110
2026-07-29 15:14:19 - matching_Tlaxcala_1 - INFO -   Token-based candidates: 70
2026-07-29 15:14:19 - matching_Tlaxcala_1 - INFO -   Filtering: need match on substantive tokens: ['mihuel', 'tlacotepeque'] OR 2+ total tokens
2026-07-29 15:14:19 - matching_Tlaxcala_1 - INFO -   After filtering weak token matches: 4 candidates
2026-07-29 15:14:19 - matching_Tlaxcala_1 - INFO -   Fuzzy matches (score >= 70, limit=500): 3
2026-07-29 15:14:19 - matching_Tlaxcala_1 - DEBUG -     gz_id=1004100 'san mihuelito' score=0.903 nombre=False saint_only=False terr=jurisdiccion_exact phase=auto_adopt
2026-07-29 15:14:19 - matching_Tlaxcala_1 - DEBUG -     gz_id=1004099 'san mihuel milagro' score=0.824 nombre=False saint_only=False terr=jurisdiccion_exact phase=relegated
2026-07-29 15:14:19 - matching_Tlaxcala_1 - DEBUG -     gz_id=1004108 'tenancingo' score=0.811 nombre=False saint_only=False terr=jurisdiccion_exact phase=relegated
2026-07-29 15:14:19 - matching_Tlaxcala_1 - INFO -   Before dedup: 3 candidates
2026-07-29 15:14:19 - matching_Tlaxcala_1 - INFO -   After dedup: 3 unique gz_ids
2026-07-29 15:14:19 - matching_Tlaxcala_1 - INFO -   Input has territorial data: True
2026-07-29 15:14:19 - matching_Tlaxcala_1 - INFO -   Candidates with territory match: 3
2026-07-29 15:14:19 - matching_Tlaxcala_1 - INFO -   After territorial filter (keeping jurisdiccion): 3 candidates
2026-07-29 15:14:19 - matching_Tlaxcala_1 - INFO -   Nombre matches (exact on lugar_nombre): 0
2026-07-29 15:14:19 - matching_Tlaxcala_1 - INFO -   Saint-only matches: 0
2026-07-29 15:14:19 - matching_Tlaxcala_1 - INFO -   Substantive matches: 3
2026-07-29 15:14:19 - matching_Tlaxcala_1 - INFO -   Candidate pool (>= threshold): 3
2026-07-29 15:14:19 - matching_Tlaxcala_1 - INFO -   3 candidate(s) -> candidate
2026-07-29 15:14:19 - matching_Tlaxcala_1 - INFO - 
============================================================
2026-07-29 15:14:19 - matching_Tlaxcala_1 - INFO - Processing rowID=160: 'Topizaque' -> cleaned: 'topisaque'
2026-07-29 15:14:19 - matching_Tlaxcala_1 - INFO -   Territorial context: jurisdiccion='tlaxcala' -> allowed rows: 110
2026-07-29 15:14:19 - matching_Tlaxcala_1 - INFO -   Token-based candidates: 0
2026-07-29 15:14:19 - matching_Tlaxcala_1 - WARNING -   No candidates found - relegated
2026-07-29 15:14:19 - matching_Tlaxcala_1 - INFO - Processing row 160, rowID=161
2026-07-29 15:14:19 - matching_Tlaxcala_1 - INFO - 
============================================================
2026-07-29 15:14:19 - matching_Tlaxcala_1 - INFO - Processing rowID=161: 'Quimichuca' -> cleaned: 'quimichuca'
2026-07-29 15:14:19 - matching_Tlaxcala_1 - INFO -   Territorial context: jurisdiccion='tlaxcala' -> allowed rows: 110
2026-07-29 15:14:19 - matching_Tlaxcala_1 - INFO -   Token-based candidates: 0
2026-07-29 15:14:19 - matching_Tlaxcala_1 - WARNING -   No candidates found - relegated
2026-07-29 15:14:19 - matching_Tlaxcala_1 - INFO - 
============================================================
2026-07-29 15:14:19 - matching_Tlaxcala_1 - INFO - Processing rowID=162: 'San José de la Halaguna' -> cleaned: 'san joce halahuna'
2026-07-29 15:14:19 - matching_Tlaxcala_1 - INFO -   Territorial context: jurisdiccion='tlaxcala' -> allowed rows: 110
2026-07-29 15:14:19 - matching_Tlaxcala_1 - INFO -   Token-based candidates: 70
2026-07-29 15:14:19 - matching_Tlaxcala_1 - INFO -   Filtering: need match on substantive tokens: ['joce', 'halahuna'] OR 2+ total tokens
2026-07-29 15:14:19 - matching_Tlaxcala_1 - INFO -   After filtering weak token matches: 1 candidates
2026-07-29 15:14:19 - matching_Tlaxcala_1 - INFO -   Fuzzy matches (score >= 70, limit=500): 1
2026-07-29 15:14:19 - matching_Tlaxcala_1 - DEBUG -     gz_id=1004061 'chimalpa' score=0.800 nombre=False saint_only=False terr=jurisdiccion_exact phase=relegated
2026-07-29 15:14:19 - matching_Tlaxcala_1 - INFO -   Before dedup: 1 candidates
2026-07-29 15:14:19 - matching_Tlaxcala_1 - INFO -   After dedup: 1 unique gz_ids
2026-07-29 15:14:19 - matching_Tlaxcala_1 - INFO -   Input has territorial data: True
2026-07-29 15:14:19 - matching_Tlaxcala_1 - INFO -   Candidates with territory match: 1
2026-07-29 15:14:19 - matching_Tlaxcala_1 - INFO -   After territorial filter (keeping jurisdiccion): 1 candidates
2026-07-29 15:14:19 - matching_Tlaxcala_1 - INFO -   Nombre matches (exact on lugar_nombre): 0
2026-07-29 15:14:19 - matching_Tlaxcala_1 - INFO -   Saint-only matches: 0
2026-07-29 15:14:19 - matching_Tlaxcala_1 - INFO -   Substantive matches: 1
2026-07-29 15:14:19 - matching_Tlaxcala_1 - INFO -   Candidate pool (>= threshold): 1
2026-07-29 15:14:19 - matching_Tlaxcala_1 - INFO -   1 candidate(s) -> candidate
2026-07-29 15:14:19 - matching_Tlaxcala_1 - INFO - 
============================================================
2026-07-29 15:14:19 - matching_Tlaxcala_1 - INFO - Processing rowID=163: 'San José Buenavista' -> cleaned: 'san joce buenabista'
2026-07-29 15:14:19 - matching_Tlaxcala_1 - INFO -   Territorial context: jurisdiccion='tlaxcala' -> allowed rows: 110
2026-07-29 15:14:19 - matching_Tlaxcala_1 - INFO -   Token-based candidates: 70
2026-07-29 15:14:19 - matching_Tlaxcala_1 - INFO -   Filtering: need match on substantive tokens: ['joce', 'buenabista'] OR 2+ total tokens
2026-07-29 15:14:19 - matching_Tlaxcala_1 - INFO -   After filtering weak token matches: 1 candidates
2026-07-29 15:14:19 - matching_Tlaxcala_1 - INFO -   Fuzzy matches (score >= 70, limit=500): 0
2026-07-29 15:14:19 - matching_Tlaxcala_1 - WARNING -   No fuzzy matches found - checking why
2026-07-29 15:14:19 - matching_Tlaxcala_1 - WARNING -   No valid candidates after scoring - relegated
2026-07-29 15:14:19 - matching_Tlaxcala_1 - INFO - 
============================================================
2026-07-29 15:14:19 - matching_Tlaxcala_1 - INFO - Processing rowID=164: 'San Juan Bautista' -> cleaned: 'san juan bautista'
2026-07-29 15:14:19 - matching_Tlaxcala_1 - INFO -   Territorial context: jurisdiccion='tlaxcala' -> allowed rows: 110
2026-07-29 15:14:19 - matching_Tlaxcala_1 - INFO -   Token-based candidates: 70
2026-07-29 15:14:19 - matching_Tlaxcala_1 - INFO -   Filtering: need match on substantive tokens: ['juan', 'bautista'] OR 2+ total tokens
2026-07-29 15:14:19 - matching_Tlaxcala_1 - INFO -   After filtering weak token matches: 5 candidates
2026-07-29 15:14:19 - matching_Tlaxcala_1 - INFO -   Fuzzy matches (score >= 70, limit=500): 5
2026-07-29 15:14:19 - matching_Tlaxcala_1 - DEBUG -     gz_id=1004050 'atlangatepec' score=1.000 nombre=False saint_only=True terr=jurisdiccion_exact phase=candidate
2026-07-29 15:14:19 - matching_Tlaxcala_1 - DEBUG -     gz_id=1004133 'totolac' score=1.000 nombre=False saint_only=True terr=jurisdiccion_exact phase=candidate
2026-07-29 15:14:19 - matching_Tlaxcala_1 - DEBUG -     gz_id=1004094 'quesalcoapan' score=0.774 nombre=False saint_only=True terr=jurisdiccion_exact phase=relegated
2026-07-29 15:14:19 - matching_Tlaxcala_1 - DEBUG -     gz_id=1004070 'huaccinco' score=0.759 nombre=False saint_only=True terr=jurisdiccion_exact phase=relegated
2026-07-29 15:14:19 - matching_Tlaxcala_1 - DEBUG -     gz_id=1004078 'ixtenco' score=0.720 nombre=False saint_only=True terr=jurisdiccion_exact phase=relegated
2026-07-29 15:14:19 - matching_Tlaxcala_1 - INFO -   Before dedup: 5 candidates
2026-07-29 15:14:19 - matching_Tlaxcala_1 - INFO -   After dedup: 5 unique gz_ids
2026-07-29 15:14:19 - matching_Tlaxcala_1 - INFO -   Input has territorial data: True
2026-07-29 15:14:19 - matching_Tlaxcala_1 - INFO -   Candidates with territory match: 5
2026-07-29 15:14:19 - matching_Tlaxcala_1 - INFO -   After territorial filter (keeping jurisdiccion): 5 candidates
2026-07-29 15:14:19 - matching_Tlaxcala_1 - INFO -   Nombre matches (exact on lugar_nombre): 0
2026-07-29 15:14:19 - matching_Tlaxcala_1 - INFO -   Saint-only matches: 5
2026-07-29 15:14:19 - matching_Tlaxcala_1 - INFO -   Substantive matches: 0
2026-07-29 15:14:19 - matching_Tlaxcala_1 - INFO -   Candidate pool (>= threshold): 2
2026-07-29 15:14:19 - matching_Tlaxcala_1 - INFO -   2 candidate(s) -> candidate
2026-07-29 15:14:19 - matching_Tlaxcala_1 - INFO - 
============================================================
2026-07-29 15:14:19 - matching_Tlaxcala_1 - INFO - Processing rowID=165: 'San Miguel Payuca' -> cleaned: 'san mihuel paiuca'
2026-07-29 15:14:19 - matching_Tlaxcala_1 - INFO -   Territorial context: jurisdiccion='tlaxcala' -> allowed rows: 110
2026-07-29 15:14:19 - matching_Tlaxcala_1 - INFO -   Token-based candidates: 70
2026-07-29 15:14:19 - matching_Tlaxcala_1 - INFO -   Filtering: need match on substantive tokens: ['mihuel', 'paiuca'] OR 2+ total tokens
2026-07-29 15:14:19 - matching_Tlaxcala_1 - INFO -   After filtering weak token matches: 4 candidates
2026-07-29 15:14:19 - matching_Tlaxcala_1 - INFO -   Fuzzy matches (score >= 70, limit=500): 4
2026-07-29 15:14:19 - matching_Tlaxcala_1 - DEBUG -     gz_id=1004100 'san mihuelito' score=0.870 nombre=False saint_only=False terr=jurisdiccion_exact phase=candidate
2026-07-29 15:14:19 - matching_Tlaxcala_1 - DEBUG -     gz_id=1004099 'san mihuel milagro' score=0.812 nombre=False saint_only=False terr=jurisdiccion_exact phase=relegated
2026-07-29 15:14:19 - matching_Tlaxcala_1 - DEBUG -     gz_id=1004108 'tenancingo' score=0.786 nombre=False saint_only=False terr=jurisdiccion_exact phase=relegated
2026-07-29 15:14:19 - matching_Tlaxcala_1 - DEBUG -     gz_id=1004140 'jochitecatitla' score=0.786 nombre=False saint_only=False terr=jurisdiccion_exact phase=relegated
2026-07-29 15:14:19 - matching_Tlaxcala_1 - INFO -   Before dedup: 4 candidates
2026-07-29 15:14:19 - matching_Tlaxcala_1 - INFO -   After dedup: 4 unique gz_ids
2026-07-29 15:14:19 - matching_Tlaxcala_1 - INFO -   Input has territorial data: True
2026-07-29 15:14:19 - matching_Tlaxcala_1 - INFO -   Candidates with territory match: 4
2026-07-29 15:14:19 - matching_Tlaxcala_1 - INFO -   After territorial filter (keeping jurisdiccion): 4 candidates
2026-07-29 15:14:19 - matching_Tlaxcala_1 - INFO -   Nombre matches (exact on lugar_nombre): 0
2026-07-29 15:14:19 - matching_Tlaxcala_1 - INFO -   Saint-only matches: 0
2026-07-29 15:14:19 - matching_Tlaxcala_1 - INFO -   Substantive matches: 4
2026-07-29 15:14:19 - matching_Tlaxcala_1 - INFO -   Candidate pool (>= threshold): 2
2026-07-29 15:14:19 - matching_Tlaxcala_1 - INFO -   2 candidate(s) -> candidate
2026-07-29 15:14:19 - matching_Tlaxcala_1 - INFO - 
============================================================
2026-07-29 15:14:19 - matching_Tlaxcala_1 - INFO - Processing rowID=166: 'San Juan Cuapesco [?]' -> cleaned: 'san juan cuapesco [?]'
2026-07-29 15:14:19 - matching_Tlaxcala_1 - INFO -   Territorial context: jurisdiccion='tlaxcala' -> allowed rows: 110
2026-07-29 15:14:19 - matching_Tlaxcala_1 - INFO -   Token-based candidates: 70
2026-07-29 15:14:19 - matching_Tlaxcala_1 - INFO -   Filtering: need match on substantive tokens: ['[?]', 'juan', 'cuapesco'] OR 2+ total tokens
2026-07-29 15:14:19 - matching_Tlaxcala_1 - INFO -   After filtering weak token matches: 5 candidates
2026-07-29 15:14:19 - matching_Tlaxcala_1 - INFO -   Fuzzy matches (score >= 70, limit=500): 3
2026-07-29 15:14:19 - matching_Tlaxcala_1 - DEBUG -     gz_id=1004078 'ixtenco' score=0.769 nombre=False saint_only=False terr=jurisdiccion_exact phase=relegated
2026-07-29 15:14:19 - matching_Tlaxcala_1 - DEBUG -     gz_id=1004070 'huaccinco' score=0.743 nombre=False saint_only=False terr=jurisdiccion_exact phase=relegated
2026-07-29 15:14:19 - matching_Tlaxcala_1 - DEBUG -     gz_id=1004094 'quesalcoapan' score=0.737 nombre=False saint_only=False terr=jurisdiccion_exact phase=relegated
2026-07-29 15:14:19 - matching_Tlaxcala_1 - INFO -   Before dedup: 3 candidates
2026-07-29 15:14:19 - matching_Tlaxcala_1 - INFO -   After dedup: 3 unique gz_ids
2026-07-29 15:14:19 - matching_Tlaxcala_1 - INFO -   Input has territorial data: True
2026-07-29 15:14:19 - matching_Tlaxcala_1 - INFO -   Candidates with territory match: 3
2026-07-29 15:14:19 - matching_Tlaxcala_1 - INFO -   After territorial filter (keeping jurisdiccion): 3 candidates
2026-07-29 15:14:19 - matching_Tlaxcala_1 - INFO -   Nombre matches (exact on lugar_nombre): 0
2026-07-29 15:14:19 - matching_Tlaxcala_1 - INFO -   Saint-only matches: 0
2026-07-29 15:14:19 - matching_Tlaxcala_1 - INFO -   Substantive matches: 3
2026-07-29 15:14:19 - matching_Tlaxcala_1 - INFO -   Candidate pool (>= threshold): 0
2026-07-29 15:14:19 - matching_Tlaxcala_1 - WARNING -   No candidate above threshold - relegated
2026-07-29 15:14:19 - matching_Tlaxcala_1 - INFO - 
============================================================
2026-07-29 15:14:19 - matching_Tlaxcala_1 - INFO - Processing rowID=167: 'San Diego Siochuca' -> cleaned: 'san diego ciochuca'
2026-07-29 15:14:19 - matching_Tlaxcala_1 - INFO -   Territorial context: jurisdiccion='tlaxcala' -> allowed rows: 110
2026-07-29 15:14:19 - matching_Tlaxcala_1 - INFO -   Token-based candidates: 70
2026-07-29 15:14:19 - matching_Tlaxcala_1 - INFO -   Filtering: need match on substantive tokens: ['diego', 'ciochuca'] OR 2+ total tokens
2026-07-29 15:14:19 - matching_Tlaxcala_1 - INFO -   After filtering weak token matches: 1 candidates
2026-07-29 15:14:19 - matching_Tlaxcala_1 - INFO -   Fuzzy matches (score >= 70, limit=500): 1
2026-07-29 15:14:19 - matching_Tlaxcala_1 - DEBUG -     gz_id=1004141 'jocoiucan' score=0.833 nombre=False saint_only=False terr=jurisdiccion_exact phase=relegated
2026-07-29 15:14:19 - matching_Tlaxcala_1 - INFO -   Before dedup: 1 candidates
2026-07-29 15:14:19 - matching_Tlaxcala_1 - INFO -   After dedup: 1 unique gz_ids
2026-07-29 15:14:19 - matching_Tlaxcala_1 - INFO -   Input has territorial data: True
2026-07-29 15:14:19 - matching_Tlaxcala_1 - INFO -   Candidates with territory match: 1
2026-07-29 15:14:19 - matching_Tlaxcala_1 - INFO -   After territorial filter (keeping jurisdiccion): 1 candidates
2026-07-29 15:14:19 - matching_Tlaxcala_1 - INFO -   Nombre matches (exact on lugar_nombre): 0
2026-07-29 15:14:19 - matching_Tlaxcala_1 - INFO -   Saint-only matches: 0
2026-07-29 15:14:19 - matching_Tlaxcala_1 - INFO -   Substantive matches: 1
2026-07-29 15:14:19 - matching_Tlaxcala_1 - INFO -   Candidate pool (>= threshold): 1
2026-07-29 15:14:19 - matching_Tlaxcala_1 - INFO -   1 candidate(s) -> candidate
2026-07-29 15:14:19 - matching_Tlaxcala_1 - INFO - 
============================================================
2026-07-29 15:14:19 - matching_Tlaxcala_1 - INFO - Processing rowID=168: 'Nuestra Señora del Rosario' -> cleaned: 'nuestra cenora rosario'
2026-07-29 15:14:19 - matching_Tlaxcala_1 - INFO -   Territorial context: jurisdiccion='tlaxcala' -> allowed rows: 110
2026-07-29 15:14:19 - matching_Tlaxcala_1 - INFO -   Token-based candidates: 1
2026-07-29 15:14:19 - matching_Tlaxcala_1 - INFO -   Filtering: need match on substantive tokens: ['rosario', 'cenora'] OR 2+ total tokens
2026-07-29 15:14:19 - matching_Tlaxcala_1 - INFO -   Fuzzy matches (score >= 70, limit=500): 1
2026-07-29 15:14:19 - matching_Tlaxcala_1 - DEBUG -     gz_id=1004091 'ocotlan' score=0.773 nombre=False saint_only=False terr=jurisdiccion_exact phase=relegated
2026-07-29 15:14:19 - matching_Tlaxcala_1 - INFO -   Before dedup: 1 candidates
2026-07-29 15:14:19 - matching_Tlaxcala_1 - INFO -   After dedup: 1 unique gz_ids
2026-07-29 15:14:19 - matching_Tlaxcala_1 - INFO -   Input has territorial data: True
2026-07-29 15:14:19 - matching_Tlaxcala_1 - INFO -   Candidates with territory match: 1
2026-07-29 15:14:19 - matching_Tlaxcala_1 - INFO -   After territorial filter (keeping jurisdiccion): 1 candidates
2026-07-29 15:14:19 - matching_Tlaxcala_1 - INFO -   Nombre matches (exact on lugar_nombre): 0
2026-07-29 15:14:19 - matching_Tlaxcala_1 - INFO -   Saint-only matches: 0
2026-07-29 15:14:19 - matching_Tlaxcala_1 - INFO -   Substantive matches: 1
2026-07-29 15:14:19 - matching_Tlaxcala_1 - INFO -   Candidate pool (>= threshold): 0
2026-07-29 15:14:19 - matching_Tlaxcala_1 - WARNING -   No candidate above threshold - relegated
2026-07-29 15:14:19 - matching_Tlaxcala_1 - INFO - 
============================================================
2026-07-29 15:14:19 - matching_Tlaxcala_1 - INFO - Processing rowID=169: 'Massaquiahuac' -> cleaned: 'massaquiahuac'
2026-07-29 15:14:19 - matching_Tlaxcala_1 - INFO -   Territorial context: jurisdiccion='tlaxcala' -> allowed rows: 110
2026-07-29 15:14:19 - matching_Tlaxcala_1 - INFO -   Token-based candidates: 0
2026-07-29 15:14:19 - matching_Tlaxcala_1 - WARNING -   No candidates found - relegated
2026-07-29 15:14:19 - matching_Tlaxcala_1 - INFO - 
============================================================
2026-07-29 15:14:19 - matching_Tlaxcala_1 - INFO - Processing rowID=170: 'Los Jardines' -> cleaned: 'jardines'
2026-07-29 15:14:19 - matching_Tlaxcala_1 - INFO -   Territorial context: jurisdiccion='tlaxcala' -> allowed rows: 110
2026-07-29 15:14:19 - matching_Tlaxcala_1 - INFO -   Token-based candidates: 0
2026-07-29 15:14:19 - matching_Tlaxcala_1 - WARNING -   No candidates found - relegated
2026-07-29 15:14:19 - matching_Tlaxcala_1 - INFO - Processing row 170, rowID=171
2026-07-29 15:14:19 - matching_Tlaxcala_1 - INFO - 
============================================================
2026-07-29 15:14:19 - matching_Tlaxcala_1 - INFO - Processing rowID=171: 'Zoltepeque' -> cleaned: 'soltepeque'
2026-07-29 15:14:19 - matching_Tlaxcala_1 - INFO -   Territorial context: jurisdiccion='tlaxcala' -> allowed rows: 110
2026-07-29 15:14:19 - matching_Tlaxcala_1 - INFO -   Token-based candidates: 0
2026-07-29 15:14:19 - matching_Tlaxcala_1 - WARNING -   No candidates found - relegated
2026-07-29 15:14:19 - matching_Tlaxcala_1 - INFO - 
============================================================
2026-07-29 15:14:19 - matching_Tlaxcala_1 - INFO - Processing rowID=172: 'San Andrés Buena Vista' -> cleaned: 'san andres buena bista'
2026-07-29 15:14:19 - matching_Tlaxcala_1 - INFO -   Territorial context: jurisdiccion='tlaxcala' -> allowed rows: 110
2026-07-29 15:14:19 - matching_Tlaxcala_1 - INFO -   Token-based candidates: 70
2026-07-29 15:14:19 - matching_Tlaxcala_1 - INFO -   Filtering: need match on substantive tokens: ['buena', 'bista', 'andres'] OR 2+ total tokens
2026-07-29 15:14:19 - matching_Tlaxcala_1 - INFO -   After filtering weak token matches: 2 candidates
2026-07-29 15:14:19 - matching_Tlaxcala_1 - INFO -   Fuzzy matches (score >= 70, limit=500): 2
2026-07-29 15:14:20 - matching_Tlaxcala_1 - DEBUG -     gz_id=1004044 'ahuatepec' score=0.765 nombre=False saint_only=False terr=jurisdiccion_exact phase=relegated
2026-07-29 15:14:20 - matching_Tlaxcala_1 - DEBUG -     gz_id=1004065 'cuamilpa' score=0.750 nombre=False saint_only=False terr=jurisdiccion_exact phase=relegated
2026-07-29 15:14:20 - matching_Tlaxcala_1 - INFO -   Before dedup: 2 candidates
2026-07-29 15:14:20 - matching_Tlaxcala_1 - INFO -   After dedup: 2 unique gz_ids
2026-07-29 15:14:20 - matching_Tlaxcala_1 - INFO -   Input has territorial data: True
2026-07-29 15:14:20 - matching_Tlaxcala_1 - INFO -   Candidates with territory match: 2
2026-07-29 15:14:20 - matching_Tlaxcala_1 - INFO -   After territorial filter (keeping jurisdiccion): 2 candidates
2026-07-29 15:14:20 - matching_Tlaxcala_1 - INFO -   Nombre matches (exact on lugar_nombre): 0
2026-07-29 15:14:20 - matching_Tlaxcala_1 - INFO -   Saint-only matches: 0
2026-07-29 15:14:20 - matching_Tlaxcala_1 - INFO -   Substantive matches: 2
2026-07-29 15:14:20 - matching_Tlaxcala_1 - INFO -   Candidate pool (>= threshold): 0
2026-07-29 15:14:20 - matching_Tlaxcala_1 - WARNING -   No candidate above threshold - relegated
2026-07-29 15:14:20 - matching_Tlaxcala_1 - INFO - 
============================================================
2026-07-29 15:14:20 - matching_Tlaxcala_1 - INFO - Processing rowID=173: 'Tliquitepeque' -> cleaned: 'tliquitepeque'
2026-07-29 15:14:20 - matching_Tlaxcala_1 - INFO -   Territorial context: jurisdiccion='tlaxcala' -> allowed rows: 110
2026-07-29 15:14:20 - matching_Tlaxcala_1 - INFO -   Token-based candidates: 0
2026-07-29 15:14:20 - matching_Tlaxcala_1 - WARNING -   No candidates found - relegated
2026-07-29 15:14:20 - matching_Tlaxcala_1 - INFO - 
============================================================
2026-07-29 15:14:20 - matching_Tlaxcala_1 - INFO - Processing rowID=174: 'San José' -> cleaned: 'san joce'
2026-07-29 15:14:20 - matching_Tlaxcala_1 - INFO -   Territorial context: jurisdiccion='tlaxcala' -> allowed rows: 110
2026-07-29 15:14:20 - matching_Tlaxcala_1 - INFO -   Token-based candidates: 70
2026-07-29 15:14:20 - matching_Tlaxcala_1 - INFO -   Filtering: need match on substantive tokens: ['joce'] OR 2+ total tokens
2026-07-29 15:14:20 - matching_Tlaxcala_1 - INFO -   After filtering weak token matches: 1 candidates
2026-07-29 15:14:20 - matching_Tlaxcala_1 - INFO -   Fuzzy matches (score >= 70, limit=500): 1
2026-07-29 15:14:20 - matching_Tlaxcala_1 - DEBUG -     gz_id=1004061 'chimalpa' score=1.000 nombre=False saint_only=True terr=jurisdiccion_exact phase=candidate
2026-07-29 15:14:20 - matching_Tlaxcala_1 - INFO -   Before dedup: 1 candidates
2026-07-29 15:14:20 - matching_Tlaxcala_1 - INFO -   After dedup: 1 unique gz_ids
2026-07-29 15:14:20 - matching_Tlaxcala_1 - INFO -   Input has territorial data: True
2026-07-29 15:14:20 - matching_Tlaxcala_1 - INFO -   Candidates with territory match: 1
2026-07-29 15:14:20 - matching_Tlaxcala_1 - INFO -   After territorial filter (keeping jurisdiccion): 1 candidates
2026-07-29 15:14:20 - matching_Tlaxcala_1 - INFO -   Nombre matches (exact on lugar_nombre): 0
2026-07-29 15:14:20 - matching_Tlaxcala_1 - INFO -   Saint-only matches: 1
2026-07-29 15:14:20 - matching_Tlaxcala_1 - INFO -   Substantive matches: 0
2026-07-29 15:14:20 - matching_Tlaxcala_1 - INFO -   Candidate pool (>= threshold): 1
2026-07-29 15:14:20 - matching_Tlaxcala_1 - INFO -   1 candidate(s) -> candidate
2026-07-29 15:14:20 - matching_Tlaxcala_1 - INFO - 
============================================================
2026-07-29 15:14:20 - matching_Tlaxcala_1 - INFO - Processing rowID=175: 'Icatepeque' -> cleaned: 'icatepeque'
2026-07-29 15:14:20 - matching_Tlaxcala_1 - INFO -   Territorial context: jurisdiccion='tlaxcala' -> allowed rows: 110
2026-07-29 15:14:20 - matching_Tlaxcala_1 - INFO -   Token-based candidates: 0
2026-07-29 15:14:20 - matching_Tlaxcala_1 - WARNING -   No candidates found - relegated
2026-07-29 15:14:20 - matching_Tlaxcala_1 - INFO - 
============================================================
2026-07-29 15:14:20 - matching_Tlaxcala_1 - INFO - Processing rowID=176: 'Jalostoque' -> cleaned: 'jalostoque'
2026-07-29 15:14:20 - matching_Tlaxcala_1 - INFO -   Territorial context: jurisdiccion='tlaxcala' -> allowed rows: 110
2026-07-29 15:14:20 - matching_Tlaxcala_1 - INFO -   Token-based candidates: 0
2026-07-29 15:14:20 - matching_Tlaxcala_1 - WARNING -   No candidates found - relegated
2026-07-29 15:14:20 - matching_Tlaxcala_1 - INFO - 
============================================================
2026-07-29 15:14:20 - matching_Tlaxcala_1 - INFO - Processing rowID=177: 'Metla' -> cleaned: 'metla'
2026-07-29 15:14:20 - matching_Tlaxcala_1 - INFO -   Territorial context: jurisdiccion='tlaxcala' -> allowed rows: 110
2026-07-29 15:14:20 - matching_Tlaxcala_1 - INFO -   Token-based candidates: 1
2026-07-29 15:14:20 - matching_Tlaxcala_1 - INFO -   Fuzzy matches (score >= 70, limit=500): 1
2026-07-29 15:14:20 - matching_Tlaxcala_1 - DEBUG -     gz_id=1004118 'tetla' score=0.889 nombre=False saint_only=False terr=jurisdiccion_exact phase=candidate
2026-07-29 15:14:20 - matching_Tlaxcala_1 - INFO -   Before dedup: 1 candidates
2026-07-29 15:14:20 - matching_Tlaxcala_1 - INFO -   After dedup: 1 unique gz_ids
2026-07-29 15:14:20 - matching_Tlaxcala_1 - INFO -   Input has territorial data: True
2026-07-29 15:14:20 - matching_Tlaxcala_1 - INFO -   Candidates with territory match: 1
2026-07-29 15:14:20 - matching_Tlaxcala_1 - INFO -   After territorial filter (keeping jurisdiccion): 1 candidates
2026-07-29 15:14:20 - matching_Tlaxcala_1 - INFO -   Nombre matches (exact on lugar_nombre): 0
2026-07-29 15:14:20 - matching_Tlaxcala_1 - INFO -   Saint-only matches: 0
2026-07-29 15:14:20 - matching_Tlaxcala_1 - INFO -   Substantive matches: 1
2026-07-29 15:14:20 - matching_Tlaxcala_1 - INFO -   Candidate pool (>= threshold): 1
2026-07-29 15:14:20 - matching_Tlaxcala_1 - INFO -   1 candidate(s) -> candidate
2026-07-29 15:14:20 - matching_Tlaxcala_1 - INFO - 
============================================================
2026-07-29 15:14:20 - matching_Tlaxcala_1 - INFO - Processing rowID=178: 'Tecomaluca' -> cleaned: 'tecomaluca'
2026-07-29 15:14:20 - matching_Tlaxcala_1 - INFO -   Territorial context: jurisdiccion='tlaxcala' -> allowed rows: 110
2026-07-29 15:14:20 - matching_Tlaxcala_1 - INFO -   Token-based candidates: 0
2026-07-29 15:14:20 - matching_Tlaxcala_1 - WARNING -   No candidates found - relegated
2026-07-29 15:14:20 - matching_Tlaxcala_1 - INFO - 
============================================================
2026-07-29 15:14:20 - matching_Tlaxcala_1 - INFO - Processing rowID=179: 'Toluquilla' -> cleaned: 'toluquilla'
2026-07-29 15:14:20 - matching_Tlaxcala_1 - INFO -   Territorial context: jurisdiccion='tlaxcala' -> allowed rows: 110
2026-07-29 15:14:20 - matching_Tlaxcala_1 - INFO -   Token-based candidates: 0
2026-07-29 15:14:20 - matching_Tlaxcala_1 - WARNING -   No candidates found - relegated
2026-07-29 15:14:20 - matching_Tlaxcala_1 - INFO - 
============================================================
2026-07-29 15:14:20 - matching_Tlaxcala_1 - INFO - Processing rowID=180: 'San Diego' -> cleaned: 'san diego'
2026-07-29 15:14:20 - matching_Tlaxcala_1 - INFO -   Territorial context: jurisdiccion='tlaxcala' -> allowed rows: 110
2026-07-29 15:14:20 - matching_Tlaxcala_1 - INFO -   Token-based candidates: 70
2026-07-29 15:14:20 - matching_Tlaxcala_1 - INFO -   Filtering: need match on substantive tokens: ['diego'] OR 2+ total tokens
2026-07-29 15:14:20 - matching_Tlaxcala_1 - INFO -   After filtering weak token matches: 1 candidates
2026-07-29 15:14:20 - matching_Tlaxcala_1 - INFO -   Fuzzy matches (score >= 70, limit=500): 1
2026-07-29 15:14:20 - matching_Tlaxcala_1 - DEBUG -     gz_id=1004141 'jocoiucan' score=1.000 nombre=False saint_only=True terr=jurisdiccion_exact phase=candidate
2026-07-29 15:14:20 - matching_Tlaxcala_1 - INFO -   Before dedup: 1 candidates
2026-07-29 15:14:20 - matching_Tlaxcala_1 - INFO -   After dedup: 1 unique gz_ids
2026-07-29 15:14:20 - matching_Tlaxcala_1 - INFO -   Input has territorial data: True
2026-07-29 15:14:20 - matching_Tlaxcala_1 - INFO -   Candidates with territory match: 1
2026-07-29 15:14:20 - matching_Tlaxcala_1 - INFO -   After territorial filter (keeping jurisdiccion): 1 candidates
2026-07-29 15:14:20 - matching_Tlaxcala_1 - INFO -   Nombre matches (exact on lugar_nombre): 0
2026-07-29 15:14:20 - matching_Tlaxcala_1 - INFO -   Saint-only matches: 1
2026-07-29 15:14:20 - matching_Tlaxcala_1 - INFO -   Substantive matches: 0
2026-07-29 15:14:20 - matching_Tlaxcala_1 - INFO -   Candidate pool (>= threshold): 1
2026-07-29 15:14:20 - matching_Tlaxcala_1 - INFO -   1 candidate(s) -> candidate
2026-07-29 15:14:20 - matching_Tlaxcala_1 - INFO - Processing row 180, rowID=181
2026-07-29 15:14:20 - matching_Tlaxcala_1 - INFO - 
============================================================
2026-07-29 15:14:20 - matching_Tlaxcala_1 - INFO - Processing rowID=181: 'Techalote' -> cleaned: 'techalote'
2026-07-29 15:14:20 - matching_Tlaxcala_1 - INFO -   Territorial context: jurisdiccion='tlaxcala' -> allowed rows: 110
2026-07-29 15:14:20 - matching_Tlaxcala_1 - INFO -   Token-based candidates: 0
2026-07-29 15:14:20 - matching_Tlaxcala_1 - WARNING -   No candidates found - relegated
2026-07-29 15:14:20 - matching_Tlaxcala_1 - INFO - 
============================================================
2026-07-29 15:14:20 - matching_Tlaxcala_1 - INFO - Processing rowID=182: 'San Blas' -> cleaned: 'san blas'
2026-07-29 15:14:20 - matching_Tlaxcala_1 - INFO -   Territorial context: jurisdiccion='tlaxcala' -> allowed rows: 110
2026-07-29 15:14:20 - matching_Tlaxcala_1 - INFO -   Token-based candidates: 70
2026-07-29 15:14:20 - matching_Tlaxcala_1 - INFO -   Filtering: need match on substantive tokens: ['blas'] OR 2+ total tokens
2026-07-29 15:14:20 - matching_Tlaxcala_1 - INFO -   Fuzzy matches (score >= 70, limit=500): 40
2026-07-29 15:14:20 - matching_Tlaxcala_1 - DEBUG -     gz_id=1004064 'cuahuixmatlac' score=0.857 nombre=False saint_only=False terr=jurisdiccion_exact phase=candidate
2026-07-29 15:14:20 - matching_Tlaxcala_1 - DEBUG -     gz_id=1004082 'matlalohcan' score=0.857 nombre=False saint_only=False terr=jurisdiccion_exact phase=candidate
2026-07-29 15:14:20 - matching_Tlaxcala_1 - DEBUG -     gz_id=1004109 'tenango' score=0.857 nombre=False saint_only=False terr=jurisdiccion_exact phase=candidate
2026-07-29 15:14:20 - matching_Tlaxcala_1 - DEBUG -     gz_id=1004040 'acuamanala' score=0.769 nombre=False saint_only=False terr=jurisdiccion_exact phase=relegated
2026-07-29 15:14:20 - matching_Tlaxcala_1 - DEBUG -     gz_id=1004044 'ahuatepec' score=0.769 nombre=False saint_only=False terr=jurisdiccion_exact phase=relegated
2026-07-29 15:14:20 - matching_Tlaxcala_1 - DEBUG -     gz_id=1004045 'amajac' score=0.769 nombre=False saint_only=False terr=jurisdiccion_exact phase=relegated
2026-07-29 15:14:20 - matching_Tlaxcala_1 - DEBUG -     gz_id=1004047 'apisaco' score=0.769 nombre=False saint_only=False terr=jurisdiccion_exact phase=relegated
2026-07-29 15:14:20 - matching_Tlaxcala_1 - DEBUG -     gz_id=1004052 'ajocomanitla' score=0.769 nombre=False saint_only=False terr=jurisdiccion_exact phase=relegated
2026-07-29 15:14:20 - matching_Tlaxcala_1 - DEBUG -     gz_id=1004059 'chaquitla' score=0.769 nombre=False saint_only=False terr=jurisdiccion_exact phase=relegated
2026-07-29 15:14:20 - matching_Tlaxcala_1 - DEBUG -     gz_id=1004063 'contla' score=0.769 nombre=False saint_only=False terr=jurisdiccion_exact phase=relegated
2026-07-29 15:14:20 - matching_Tlaxcala_1 - DEBUG -     gz_id=1004065 'cuamilpa' score=0.769 nombre=False saint_only=False terr=jurisdiccion_exact phase=relegated
2026-07-29 15:14:20 - matching_Tlaxcala_1 - DEBUG -     gz_id=1004066 'cuapiaxtla' score=0.769 nombre=False saint_only=False terr=jurisdiccion_exact phase=relegated
2026-07-29 15:14:20 - matching_Tlaxcala_1 - DEBUG -     gz_id=1004067 'cuautelolpan' score=0.769 nombre=False saint_only=False terr=jurisdiccion_exact phase=relegated
2026-07-29 15:14:20 - matching_Tlaxcala_1 - DEBUG -     gz_id=1004068 'cuajomulco' score=0.769 nombre=False saint_only=False terr=jurisdiccion_exact phase=relegated
2026-07-29 15:14:20 - matching_Tlaxcala_1 - DEBUG -     gz_id=1004071 'huamantla' score=0.769 nombre=False saint_only=False terr=jurisdiccion_exact phase=relegated
2026-07-29 15:14:20 - matching_Tlaxcala_1 - DEBUG -     gz_id=1004097 'san lucas' score=0.769 nombre=False saint_only=False terr=jurisdiccion_exact phase=relegated
2026-07-29 15:14:20 - matching_Tlaxcala_1 - DEBUG -     gz_id=1004105 'tecocalpan' score=0.769 nombre=False saint_only=False terr=jurisdiccion_exact phase=relegated
2026-07-29 15:14:20 - matching_Tlaxcala_1 - DEBUG -     gz_id=1004112 'teolocholco' score=0.769 nombre=False saint_only=False terr=jurisdiccion_exact phase=relegated
2026-07-29 15:14:20 - matching_Tlaxcala_1 - DEBUG -     gz_id=1004121 'tejantla' score=0.769 nombre=False saint_only=False terr=jurisdiccion_exact phase=relegated
2026-07-29 15:14:20 - matching_Tlaxcala_1 - DEBUG -     gz_id=1004131 'tlaxco' score=0.769 nombre=False saint_only=False terr=jurisdiccion_exact phase=relegated
2026-07-29 15:14:20 - matching_Tlaxcala_1 - DEBUG -     gz_id=1004134 'sompantepec' score=0.769 nombre=False saint_only=False terr=jurisdiccion_exact phase=relegated
2026-07-29 15:14:20 - matching_Tlaxcala_1 - DEBUG -     gz_id=1004135 'jaltocan' score=0.769 nombre=False saint_only=False terr=jurisdiccion_exact phase=relegated
2026-07-29 15:14:20 - matching_Tlaxcala_1 - DEBUG -     gz_id=1004138 'jilojochitla' score=0.769 nombre=False saint_only=False terr=jurisdiccion_exact phase=relegated
2026-07-29 15:14:20 - matching_Tlaxcala_1 - DEBUG -     gz_id=1004046 'apetatitlan' score=0.750 nombre=False saint_only=False terr=jurisdiccion_exact phase=relegated
2026-07-29 15:14:20 - matching_Tlaxcala_1 - DEBUG -     gz_id=1004049 'atlalpa' score=0.750 nombre=False saint_only=False terr=jurisdiccion_exact phase=relegated
2026-07-29 15:14:20 - matching_Tlaxcala_1 - DEBUG -     gz_id=1004101 'san pablo monte' score=0.750 nombre=False saint_only=False terr=jurisdiccion_exact phase=relegated
2026-07-29 15:14:20 - matching_Tlaxcala_1 - DEBUG -     gz_id=1004147 'citlaltepec' score=0.750 nombre=False saint_only=False terr=jurisdiccion_exact phase=relegated
2026-07-29 15:14:20 - matching_Tlaxcala_1 - DEBUG -     gz_id=1004054 'aiecac' score=0.714 nombre=False saint_only=False terr=jurisdiccion_exact phase=relegated
2026-07-29 15:14:20 - matching_Tlaxcala_1 - DEBUG -     gz_id=1004062 'contla' score=0.714 nombre=False saint_only=False terr=jurisdiccion_exact phase=relegated
2026-07-29 15:14:20 - matching_Tlaxcala_1 - DEBUG -     gz_id=1004072 'huejoiucan' score=0.714 nombre=False saint_only=False terr=jurisdiccion_exact phase=relegated
2026-07-29 15:14:20 - matching_Tlaxcala_1 - DEBUG -     gz_id=1004073 'hueiotlipan' score=0.714 nombre=False saint_only=False terr=jurisdiccion_exact phase=relegated
2026-07-29 15:14:20 - matching_Tlaxcala_1 - DEBUG -     gz_id=1004075 'huiloapan' score=0.714 nombre=False saint_only=False terr=jurisdiccion_exact phase=relegated
2026-07-29 15:14:20 - matching_Tlaxcala_1 - DEBUG -     gz_id=1004098 'san matias' score=0.714 nombre=False saint_only=False terr=jurisdiccion_exact phase=relegated
2026-07-29 15:14:20 - matching_Tlaxcala_1 - DEBUG -     gz_id=1004110 'tenaniecac' score=0.714 nombre=False saint_only=False terr=jurisdiccion_exact phase=relegated
2026-07-29 15:14:20 - matching_Tlaxcala_1 - DEBUG -     gz_id=1004114 'tepetitla' score=0.714 nombre=False saint_only=False terr=jurisdiccion_exact phase=relegated
2026-07-29 15:14:20 - matching_Tlaxcala_1 - DEBUG -     gz_id=1004115 'tepetomatitlan' score=0.714 nombre=False saint_only=False terr=jurisdiccion_exact phase=relegated
2026-07-29 15:14:20 - matching_Tlaxcala_1 - DEBUG -     gz_id=1004123 'tejoloc' score=0.714 nombre=False saint_only=False terr=jurisdiccion_exact phase=relegated
2026-07-29 15:14:20 - matching_Tlaxcala_1 - DEBUG -     gz_id=1004124 'tisantla' score=0.714 nombre=False saint_only=False terr=jurisdiccion_exact phase=relegated
2026-07-29 15:14:20 - matching_Tlaxcala_1 - DEBUG -     gz_id=1004125 'tlacocalpan' score=0.714 nombre=False saint_only=False terr=jurisdiccion_exact phase=relegated
2026-07-29 15:14:20 - matching_Tlaxcala_1 - DEBUG -     gz_id=1004136 'jaltocan' score=0.714 nombre=False saint_only=False terr=jurisdiccion_exact phase=relegated
2026-07-29 15:14:20 - matching_Tlaxcala_1 - INFO -   Before dedup: 40 candidates
2026-07-29 15:14:20 - matching_Tlaxcala_1 - INFO -   After dedup: 40 unique gz_ids
2026-07-29 15:14:20 - matching_Tlaxcala_1 - INFO -   Input has territorial data: True
2026-07-29 15:14:20 - matching_Tlaxcala_1 - INFO -   Candidates with territory match: 40
2026-07-29 15:14:20 - matching_Tlaxcala_1 - INFO -   After territorial filter (keeping jurisdiccion): 40 candidates
2026-07-29 15:14:20 - matching_Tlaxcala_1 - INFO -   Nombre matches (exact on lugar_nombre): 0
2026-07-29 15:14:20 - matching_Tlaxcala_1 - INFO -   Saint-only matches: 0
2026-07-29 15:14:20 - matching_Tlaxcala_1 - INFO -   Substantive matches: 40
2026-07-29 15:14:20 - matching_Tlaxcala_1 - INFO -   Candidate pool (>= threshold): 3
2026-07-29 15:14:20 - matching_Tlaxcala_1 - INFO -   3 candidate(s) -> candidate
2026-07-29 15:14:20 - matching_Tlaxcala_1 - INFO - 
============================================================
2026-07-29 15:14:20 - matching_Tlaxcala_1 - INFO - Processing rowID=183: 'Huatepeque' -> cleaned: 'huatepeque'
2026-07-29 15:14:20 - matching_Tlaxcala_1 - INFO -   Territorial context: jurisdiccion='tlaxcala' -> allowed rows: 110
2026-07-29 15:14:20 - matching_Tlaxcala_1 - INFO -   Token-based candidates: 0
2026-07-29 15:14:20 - matching_Tlaxcala_1 - WARNING -   No candidates found - relegated
2026-07-29 15:14:20 - matching_Tlaxcala_1 - INFO - 
============================================================
2026-07-29 15:14:20 - matching_Tlaxcala_1 - INFO - Processing rowID=184: 'Metepeque' -> cleaned: 'metepeque'
2026-07-29 15:14:20 - matching_Tlaxcala_1 - INFO -   Territorial context: jurisdiccion='tlaxcala' -> allowed rows: 110
2026-07-29 15:14:20 - matching_Tlaxcala_1 - INFO -   Token-based candidates: 0
2026-07-29 15:14:20 - matching_Tlaxcala_1 - WARNING -   No candidates found - relegated
2026-07-29 15:14:20 - matching_Tlaxcala_1 - INFO - 
============================================================
2026-07-29 15:14:20 - matching_Tlaxcala_1 - INFO - Processing rowID=185: 'Meca' -> cleaned: 'meca'
2026-07-29 15:14:20 - matching_Tlaxcala_1 - INFO -   Territorial context: jurisdiccion='tlaxcala' -> allowed rows: 110
2026-07-29 15:14:20 - matching_Tlaxcala_1 - INFO -   Token-based candidates: 0
2026-07-29 15:14:20 - matching_Tlaxcala_1 - WARNING -   No candidates found - relegated
2026-07-29 15:14:20 - matching_Tlaxcala_1 - INFO - 
============================================================
2026-07-29 15:14:20 - matching_Tlaxcala_1 - INFO - Processing rowID=186: 'Tepalcatepeque' -> cleaned: 'tepalcatepeque'
2026-07-29 15:14:20 - matching_Tlaxcala_1 - INFO -   Territorial context: jurisdiccion='tlaxcala' -> allowed rows: 110
2026-07-29 15:14:20 - matching_Tlaxcala_1 - INFO -   Token-based candidates: 0
2026-07-29 15:14:20 - matching_Tlaxcala_1 - WARNING -   No candidates found - relegated
2026-07-29 15:14:20 - matching_Tlaxcala_1 - INFO - 
============================================================
2026-07-29 15:14:20 - matching_Tlaxcala_1 - INFO - Processing rowID=187: 'La Concepción' -> cleaned: 'concepcion'
2026-07-29 15:14:20 - matching_Tlaxcala_1 - INFO -   Territorial context: jurisdiccion='tlaxcala' -> allowed rows: 110
2026-07-29 15:14:20 - matching_Tlaxcala_1 - INFO -   Token-based candidates: 0
2026-07-29 15:14:20 - matching_Tlaxcala_1 - WARNING -   No candidates found - relegated
2026-07-29 15:14:20 - matching_Tlaxcala_1 - INFO - 
============================================================
2026-07-29 15:14:20 - matching_Tlaxcala_1 - INFO - Processing rowID=188: 'San Pedro' -> cleaned: 'san pedro'
2026-07-29 15:14:20 - matching_Tlaxcala_1 - INFO -   Territorial context: jurisdiccion='tlaxcala' -> allowed rows: 110
2026-07-29 15:14:20 - matching_Tlaxcala_1 - INFO -   Token-based candidates: 70
2026-07-29 15:14:20 - matching_Tlaxcala_1 - INFO -   Filtering: need match on substantive tokens: ['pedro'] OR 2+ total tokens
2026-07-29 15:14:20 - matching_Tlaxcala_1 - INFO -   After filtering weak token matches: 1 candidates
2026-07-29 15:14:20 - matching_Tlaxcala_1 - INFO -   Fuzzy matches (score >= 70, limit=500): 1
2026-07-29 15:14:20 - matching_Tlaxcala_1 - DEBUG -     gz_id=1004128 'tlalcuapan' score=1.000 nombre=False saint_only=True terr=jurisdiccion_exact phase=candidate
2026-07-29 15:14:20 - matching_Tlaxcala_1 - INFO -   Before dedup: 1 candidates
2026-07-29 15:14:20 - matching_Tlaxcala_1 - INFO -   After dedup: 1 unique gz_ids
2026-07-29 15:14:20 - matching_Tlaxcala_1 - INFO -   Input has territorial data: True
2026-07-29 15:14:20 - matching_Tlaxcala_1 - INFO -   Candidates with territory match: 1
2026-07-29 15:14:20 - matching_Tlaxcala_1 - INFO -   After territorial filter (keeping jurisdiccion): 1 candidates
2026-07-29 15:14:20 - matching_Tlaxcala_1 - INFO -   Nombre matches (exact on lugar_nombre): 0
2026-07-29 15:14:20 - matching_Tlaxcala_1 - INFO -   Saint-only matches: 1
2026-07-29 15:14:20 - matching_Tlaxcala_1 - INFO -   Substantive matches: 0
2026-07-29 15:14:20 - matching_Tlaxcala_1 - INFO -   Candidate pool (>= threshold): 1
2026-07-29 15:14:20 - matching_Tlaxcala_1 - INFO -   1 candidate(s) -> candidate
2026-07-29 15:14:20 - matching_Tlaxcala_1 - INFO - 
============================================================
2026-07-29 15:14:20 - matching_Tlaxcala_1 - INFO - Processing rowID=189: 'San Diego' -> cleaned: 'san diego'
2026-07-29 15:14:20 - matching_Tlaxcala_1 - INFO -   Territorial context: jurisdiccion='tlaxcala' -> allowed rows: 110
2026-07-29 15:14:20 - matching_Tlaxcala_1 - INFO -   Token-based candidates: 70
2026-07-29 15:14:20 - matching_Tlaxcala_1 - INFO -   Filtering: need match on substantive tokens: ['diego'] OR 2+ total tokens
2026-07-29 15:14:20 - matching_Tlaxcala_1 - INFO -   After filtering weak token matches: 1 candidates
2026-07-29 15:14:20 - matching_Tlaxcala_1 - INFO -   Fuzzy matches (score >= 70, limit=500): 1
2026-07-29 15:14:20 - matching_Tlaxcala_1 - DEBUG -     gz_id=1004141 'jocoiucan' score=1.000 nombre=False saint_only=True terr=jurisdiccion_exact phase=candidate
2026-07-29 15:14:20 - matching_Tlaxcala_1 - INFO -   Before dedup: 1 candidates
2026-07-29 15:14:20 - matching_Tlaxcala_1 - INFO -   After dedup: 1 unique gz_ids
2026-07-29 15:14:20 - matching_Tlaxcala_1 - INFO -   Input has territorial data: True
2026-07-29 15:14:20 - matching_Tlaxcala_1 - INFO -   Candidates with territory match: 1
2026-07-29 15:14:20 - matching_Tlaxcala_1 - INFO -   After territorial filter (keeping jurisdiccion): 1 candidates
2026-07-29 15:14:20 - matching_Tlaxcala_1 - INFO -   Nombre matches (exact on lugar_nombre): 0
2026-07-29 15:14:20 - matching_Tlaxcala_1 - INFO -   Saint-only matches: 1
2026-07-29 15:14:20 - matching_Tlaxcala_1 - INFO -   Substantive matches: 0
2026-07-29 15:14:20 - matching_Tlaxcala_1 - INFO -   Candidate pool (>= threshold): 1
2026-07-29 15:14:20 - matching_Tlaxcala_1 - INFO -   1 candidate(s) -> candidate
2026-07-29 15:14:20 - matching_Tlaxcala_1 - INFO - 
============================================================
2026-07-29 15:14:20 - matching_Tlaxcala_1 - INFO - Processing rowID=190: 'Tlapesco' -> cleaned: 'tlapesco'
2026-07-29 15:14:20 - matching_Tlaxcala_1 - INFO -   Territorial context: jurisdiccion='tlaxcala' -> allowed rows: 110
2026-07-29 15:14:20 - matching_Tlaxcala_1 - INFO -   Token-based candidates: 0
2026-07-29 15:14:20 - matching_Tlaxcala_1 - WARNING -   No candidates found - relegated
2026-07-29 15:14:20 - matching_Tlaxcala_1 - INFO - Processing row 190, rowID=191
2026-07-29 15:14:20 - matching_Tlaxcala_1 - INFO - 
============================================================
2026-07-29 15:14:20 - matching_Tlaxcala_1 - INFO - Processing rowID=191: 'Atotonilco' -> cleaned: 'atotonilco'
2026-07-29 15:14:20 - matching_Tlaxcala_1 - INFO -   Territorial context: jurisdiccion='tlaxcala' -> allowed rows: 110
2026-07-29 15:14:20 - matching_Tlaxcala_1 - INFO -   Token-based candidates: 0
2026-07-29 15:14:20 - matching_Tlaxcala_1 - WARNING -   No candidates found - relegated
2026-07-29 15:14:20 - matching_Tlaxcala_1 - INFO - 
============================================================
2026-07-29 15:14:20 - matching_Tlaxcala_1 - INFO - Processing rowID=192: 'Santiago' -> cleaned: 'santiago'
2026-07-29 15:14:20 - matching_Tlaxcala_1 - INFO -   Territorial context: jurisdiccion='tlaxcala' -> allowed rows: 110
2026-07-29 15:14:20 - matching_Tlaxcala_1 - INFO -   Token-based candidates: 6
2026-07-29 15:14:20 - matching_Tlaxcala_1 - INFO -   Fuzzy matches (score >= 70, limit=500): 6
2026-07-29 15:14:20 - matching_Tlaxcala_1 - DEBUG -     gz_id=1004113 'tepeticpac' score=1.000 nombre=False saint_only=True terr=jurisdiccion_exact phase=candidate
2026-07-29 15:14:20 - matching_Tlaxcala_1 - DEBUG -     gz_id=1004084 'michac' score=1.000 nombre=False saint_only=True terr=jurisdiccion_exact phase=candidate
2026-07-29 15:14:20 - matching_Tlaxcala_1 - DEBUG -     gz_id=1004118 'tetla' score=1.000 nombre=False saint_only=True terr=jurisdiccion_exact phase=candidate
2026-07-29 15:14:20 - matching_Tlaxcala_1 - DEBUG -     gz_id=1004090 'ocotitlan' score=1.000 nombre=False saint_only=True terr=jurisdiccion_exact phase=candidate
2026-07-29 15:14:20 - matching_Tlaxcala_1 - DEBUG -     gz_id=1004091 'ocotlan' score=1.000 nombre=False saint_only=False terr=jurisdiccion_exact phase=candidate
2026-07-29 15:14:20 - matching_Tlaxcala_1 - DEBUG -     gz_id=1004126 'tlacochcalco' score=1.000 nombre=False saint_only=True terr=jurisdiccion_exact phase=candidate
2026-07-29 15:14:20 - matching_Tlaxcala_1 - INFO -   Before dedup: 6 candidates
2026-07-29 15:14:20 - matching_Tlaxcala_1 - INFO -   After dedup: 6 unique gz_ids
2026-07-29 15:14:20 - matching_Tlaxcala_1 - INFO -   Input has territorial data: True
2026-07-29 15:14:20 - matching_Tlaxcala_1 - INFO -   Candidates with territory match: 6
2026-07-29 15:14:20 - matching_Tlaxcala_1 - INFO -   After territorial filter (keeping jurisdiccion): 6 candidates
2026-07-29 15:14:20 - matching_Tlaxcala_1 - INFO -   Nombre matches (exact on lugar_nombre): 0
2026-07-29 15:14:20 - matching_Tlaxcala_1 - INFO -   Saint-only matches: 5
2026-07-29 15:14:20 - matching_Tlaxcala_1 - INFO -   Substantive matches: 1
2026-07-29 15:14:20 - matching_Tlaxcala_1 - INFO -   Discarding 5 saint-only matches, keeping 1 substantive matches
2026-07-29 15:14:20 - matching_Tlaxcala_1 - INFO -   Candidate pool (>= threshold): 1
2026-07-29 15:14:20 - matching_Tlaxcala_1 - INFO -   1 candidate(s) -> candidate
2026-07-29 15:14:20 - matching_Tlaxcala_1 - INFO - 
============================================================
2026-07-29 15:14:20 - matching_Tlaxcala_1 - INFO - Processing rowID=193: 'Atoyaque' -> cleaned: 'atoiaque'
2026-07-29 15:14:20 - matching_Tlaxcala_1 - INFO -   Territorial context: jurisdiccion='tlaxcala' -> allowed rows: 110
2026-07-29 15:14:20 - matching_Tlaxcala_1 - INFO -   Token-based candidates: 0
2026-07-29 15:14:20 - matching_Tlaxcala_1 - WARNING -   No candidates found - relegated
2026-07-29 15:14:20 - matching_Tlaxcala_1 - INFO - 
============================================================
2026-07-29 15:14:20 - matching_Tlaxcala_1 - INFO - Processing rowID=194: 'San Cristóbal' -> cleaned: 'san cristobal'
2026-07-29 15:14:20 - matching_Tlaxcala_1 - INFO -   Territorial context: jurisdiccion='tlaxcala' -> allowed rows: 110
2026-07-29 15:14:20 - matching_Tlaxcala_1 - INFO -   Token-based candidates: 70
2026-07-29 15:14:20 - matching_Tlaxcala_1 - INFO -   Filtering: need match on substantive tokens: ['cristobal'] OR 2+ total tokens
2026-07-29 15:14:20 - matching_Tlaxcala_1 - INFO -   Fuzzy matches (score >= 70, limit=500): 4
2026-07-29 15:14:20 - matching_Tlaxcala_1 - DEBUG -     gz_id=1004102 'san cimon' score=0.750 nombre=False saint_only=False terr=jurisdiccion_exact phase=relegated
2026-07-29 15:14:20 - matching_Tlaxcala_1 - DEBUG -     gz_id=1004103 'san cimon' score=0.750 nombre=False saint_only=False terr=jurisdiccion_exact phase=relegated
2026-07-29 15:14:20 - matching_Tlaxcala_1 - DEBUG -     gz_id=1004097 'san lucas' score=0.714 nombre=False saint_only=False terr=jurisdiccion_exact phase=relegated
2026-07-29 15:14:20 - matching_Tlaxcala_1 - DEBUG -     gz_id=1004134 'sompantepec' score=0.700 nombre=False saint_only=False terr=jurisdiccion_exact phase=relegated
2026-07-29 15:14:20 - matching_Tlaxcala_1 - INFO -   Before dedup: 4 candidates
2026-07-29 15:14:20 - matching_Tlaxcala_1 - INFO -   After dedup: 4 unique gz_ids
2026-07-29 15:14:20 - matching_Tlaxcala_1 - INFO -   Input has territorial data: True
2026-07-29 15:14:20 - matching_Tlaxcala_1 - INFO -   Candidates with territory match: 4
2026-07-29 15:14:20 - matching_Tlaxcala_1 - INFO -   After territorial filter (keeping jurisdiccion): 4 candidates
2026-07-29 15:14:20 - matching_Tlaxcala_1 - INFO -   Nombre matches (exact on lugar_nombre): 0
2026-07-29 15:14:20 - matching_Tlaxcala_1 - INFO -   Saint-only matches: 0
2026-07-29 15:14:20 - matching_Tlaxcala_1 - INFO -   Substantive matches: 4
2026-07-29 15:14:20 - matching_Tlaxcala_1 - INFO -   Candidate pool (>= threshold): 0
2026-07-29 15:14:20 - matching_Tlaxcala_1 - WARNING -   No candidate above threshold - relegated
2026-07-29 15:14:20 - matching_Tlaxcala_1 - INFO - 
============================================================
2026-07-29 15:14:20 - matching_Tlaxcala_1 - INFO - Processing rowID=195: 'San Pedro' -> cleaned: 'san pedro'
2026-07-29 15:14:20 - matching_Tlaxcala_1 - INFO -   Territorial context: jurisdiccion='tlaxcala' -> allowed rows: 110
2026-07-29 15:14:20 - matching_Tlaxcala_1 - INFO -   Token-based candidates: 70
2026-07-29 15:14:20 - matching_Tlaxcala_1 - INFO -   Filtering: need match on substantive tokens: ['pedro'] OR 2+ total tokens
2026-07-29 15:14:20 - matching_Tlaxcala_1 - INFO -   After filtering weak token matches: 1 candidates
2026-07-29 15:14:20 - matching_Tlaxcala_1 - INFO -   Fuzzy matches (score >= 70, limit=500): 1
2026-07-29 15:14:20 - matching_Tlaxcala_1 - DEBUG -     gz_id=1004128 'tlalcuapan' score=1.000 nombre=False saint_only=True terr=jurisdiccion_exact phase=candidate
2026-07-29 15:14:20 - matching_Tlaxcala_1 - INFO -   Before dedup: 1 candidates
2026-07-29 15:14:20 - matching_Tlaxcala_1 - INFO -   After dedup: 1 unique gz_ids
2026-07-29 15:14:20 - matching_Tlaxcala_1 - INFO -   Input has territorial data: True
2026-07-29 15:14:20 - matching_Tlaxcala_1 - INFO -   Candidates with territory match: 1
2026-07-29 15:14:20 - matching_Tlaxcala_1 - INFO -   After territorial filter (keeping jurisdiccion): 1 candidates
2026-07-29 15:14:20 - matching_Tlaxcala_1 - INFO -   Nombre matches (exact on lugar_nombre): 0
2026-07-29 15:14:20 - matching_Tlaxcala_1 - INFO -   Saint-only matches: 1
2026-07-29 15:14:20 - matching_Tlaxcala_1 - INFO -   Substantive matches: 0
2026-07-29 15:14:20 - matching_Tlaxcala_1 - INFO -   Candidate pool (>= threshold): 1
2026-07-29 15:14:20 - matching_Tlaxcala_1 - INFO -   1 candidate(s) -> candidate
2026-07-29 15:14:20 - matching_Tlaxcala_1 - INFO - 
============================================================
2026-07-29 15:14:20 - matching_Tlaxcala_1 - INFO - Processing rowID=196: 'La Concepción' -> cleaned: 'concepcion'
2026-07-29 15:14:20 - matching_Tlaxcala_1 - INFO -   Territorial context: jurisdiccion='tlaxcala' -> allowed rows: 110
2026-07-29 15:14:20 - matching_Tlaxcala_1 - INFO -   Token-based candidates: 0
2026-07-29 15:14:20 - matching_Tlaxcala_1 - WARNING -   No candidates found - relegated
2026-07-29 15:14:20 - matching_Tlaxcala_1 - INFO - 
============================================================
2026-07-29 15:14:20 - matching_Tlaxcala_1 - INFO - Processing rowID=197: 'La Compasión' -> cleaned: 'compacion'
2026-07-29 15:14:20 - matching_Tlaxcala_1 - INFO -   Territorial context: jurisdiccion='tlaxcala' -> allowed rows: 110
2026-07-29 15:14:20 - matching_Tlaxcala_1 - INFO -   Token-based candidates: 0
2026-07-29 15:14:20 - matching_Tlaxcala_1 - WARNING -   No candidates found - relegated
2026-07-29 15:14:20 - matching_Tlaxcala_1 - INFO - 
============================================================
2026-07-29 15:14:20 - matching_Tlaxcala_1 - INFO - Processing rowID=198: 'San José' -> cleaned: 'san joce'
2026-07-29 15:14:20 - matching_Tlaxcala_1 - INFO -   Territorial context: jurisdiccion='tlaxcala' -> allowed rows: 110
2026-07-29 15:14:20 - matching_Tlaxcala_1 - INFO -   Token-based candidates: 70
2026-07-29 15:14:20 - matching_Tlaxcala_1 - INFO -   Filtering: need match on substantive tokens: ['joce'] OR 2+ total tokens
2026-07-29 15:14:20 - matching_Tlaxcala_1 - INFO -   After filtering weak token matches: 1 candidates
2026-07-29 15:14:20 - matching_Tlaxcala_1 - INFO -   Fuzzy matches (score >= 70, limit=500): 1
2026-07-29 15:14:20 - matching_Tlaxcala_1 - DEBUG -     gz_id=1004061 'chimalpa' score=1.000 nombre=False saint_only=True terr=jurisdiccion_exact phase=candidate
2026-07-29 15:14:20 - matching_Tlaxcala_1 - INFO -   Before dedup: 1 candidates
2026-07-29 15:14:20 - matching_Tlaxcala_1 - INFO -   After dedup: 1 unique gz_ids
2026-07-29 15:14:20 - matching_Tlaxcala_1 - INFO -   Input has territorial data: True
2026-07-29 15:14:20 - matching_Tlaxcala_1 - INFO -   Candidates with territory match: 1
2026-07-29 15:14:20 - matching_Tlaxcala_1 - INFO -   After territorial filter (keeping jurisdiccion): 1 candidates
2026-07-29 15:14:20 - matching_Tlaxcala_1 - INFO -   Nombre matches (exact on lugar_nombre): 0
2026-07-29 15:14:20 - matching_Tlaxcala_1 - INFO -   Saint-only matches: 1
2026-07-29 15:14:20 - matching_Tlaxcala_1 - INFO -   Substantive matches: 0
2026-07-29 15:14:20 - matching_Tlaxcala_1 - INFO -   Candidate pool (>= threshold): 1
2026-07-29 15:14:20 - matching_Tlaxcala_1 - INFO -   1 candidate(s) -> candidate
2026-07-29 15:14:20 - matching_Tlaxcala_1 - INFO - 
============================================================
2026-07-29 15:14:20 - matching_Tlaxcala_1 - INFO - Processing rowID=199: 'La Compasión' -> cleaned: 'compacion'
2026-07-29 15:14:20 - matching_Tlaxcala_1 - INFO -   Territorial context: jurisdiccion='tlaxcala' -> allowed rows: 110
2026-07-29 15:14:20 - matching_Tlaxcala_1 - INFO -   Token-based candidates: 0
2026-07-29 15:14:20 - matching_Tlaxcala_1 - WARNING -   No candidates found - relegated
2026-07-29 15:14:20 - matching_Tlaxcala_1 - INFO - 
============================================================
2026-07-29 15:14:20 - matching_Tlaxcala_1 - INFO - Processing rowID=200: 'Jaltelulco' -> cleaned: 'jaltelulco'
2026-07-29 15:14:20 - matching_Tlaxcala_1 - INFO -   Territorial context: jurisdiccion='tlaxcala' -> allowed rows: 110
2026-07-29 15:14:20 - matching_Tlaxcala_1 - INFO -   Token-based candidates: 1
2026-07-29 15:14:20 - matching_Tlaxcala_1 - INFO -   Fuzzy matches (score >= 70, limit=500): 1
2026-07-29 15:14:20 - matching_Tlaxcala_1 - DEBUG -     gz_id=1004129 'tlaltelulco' score=0.947 nombre=False saint_only=False terr=jurisdiccion_exact phase=auto_adopt
2026-07-29 15:14:20 - matching_Tlaxcala_1 - INFO -   Before dedup: 1 candidates
2026-07-29 15:14:20 - matching_Tlaxcala_1 - INFO -   After dedup: 1 unique gz_ids
2026-07-29 15:14:20 - matching_Tlaxcala_1 - INFO -   Input has territorial data: True
2026-07-29 15:14:20 - matching_Tlaxcala_1 - INFO -   Candidates with territory match: 1
2026-07-29 15:14:20 - matching_Tlaxcala_1 - INFO -   After territorial filter (keeping jurisdiccion): 1 candidates
2026-07-29 15:14:20 - matching_Tlaxcala_1 - INFO -   Nombre matches (exact on lugar_nombre): 0
2026-07-29 15:14:20 - matching_Tlaxcala_1 - INFO -   Saint-only matches: 0
2026-07-29 15:14:20 - matching_Tlaxcala_1 - INFO -   Substantive matches: 1
2026-07-29 15:14:20 - matching_Tlaxcala_1 - INFO -   Candidate pool (>= threshold): 1
2026-07-29 15:14:20 - matching_Tlaxcala_1 - INFO -   Single unambiguous strong hit -> auto_adopt
2026-07-29 15:14:20 - matching_Tlaxcala_1 - INFO - Batch 100-200: completed successfully, 174 results
2026-07-29 15:14:20 - matching_Tlaxcala_1 - INFO - Processing row 200, rowID=201
2026-07-29 15:14:20 - matching_Tlaxcala_1 - INFO - 
============================================================
2026-07-29 15:14:20 - matching_Tlaxcala_1 - INFO - Processing rowID=201: 'San Diego' -> cleaned: 'san diego'
2026-07-29 15:14:20 - matching_Tlaxcala_1 - INFO -   Territorial context: jurisdiccion='tlaxcala' -> allowed rows: 110
2026-07-29 15:14:20 - matching_Tlaxcala_1 - INFO -   Token-based candidates: 70
2026-07-29 15:14:20 - matching_Tlaxcala_1 - INFO -   Filtering: need match on substantive tokens: ['diego'] OR 2+ total tokens
2026-07-29 15:14:20 - matching_Tlaxcala_1 - INFO -   After filtering weak token matches: 1 candidates
2026-07-29 15:14:20 - matching_Tlaxcala_1 - INFO -   Fuzzy matches (score >= 70, limit=500): 1
2026-07-29 15:14:20 - matching_Tlaxcala_1 - DEBUG -     gz_id=1004141 'jocoiucan' score=1.000 nombre=False saint_only=True terr=jurisdiccion_exact phase=candidate
2026-07-29 15:14:20 - matching_Tlaxcala_1 - INFO -   Before dedup: 1 candidates
2026-07-29 15:14:20 - matching_Tlaxcala_1 - INFO -   After dedup: 1 unique gz_ids
2026-07-29 15:14:20 - matching_Tlaxcala_1 - INFO -   Input has territorial data: True
2026-07-29 15:14:20 - matching_Tlaxcala_1 - INFO -   Candidates with territory match: 1
2026-07-29 15:14:20 - matching_Tlaxcala_1 - INFO -   After territorial filter (keeping jurisdiccion): 1 candidates
2026-07-29 15:14:20 - matching_Tlaxcala_1 - INFO -   Nombre matches (exact on lugar_nombre): 0
2026-07-29 15:14:20 - matching_Tlaxcala_1 - INFO -   Saint-only matches: 1
2026-07-29 15:14:20 - matching_Tlaxcala_1 - INFO -   Substantive matches: 0
2026-07-29 15:14:20 - matching_Tlaxcala_1 - INFO -   Candidate pool (>= threshold): 1
2026-07-29 15:14:20 - matching_Tlaxcala_1 - INFO -   1 candidate(s) -> candidate
2026-07-29 15:14:20 - matching_Tlaxcala_1 - INFO - 
============================================================
2026-07-29 15:14:20 - matching_Tlaxcala_1 - INFO - Processing rowID=202: 'Palula' -> cleaned: 'palula'
2026-07-29 15:14:20 - matching_Tlaxcala_1 - INFO -   Territorial context: jurisdiccion='tlaxcala' -> allowed rows: 110
2026-07-29 15:14:20 - matching_Tlaxcala_1 - INFO -   Token-based candidates: 0
2026-07-29 15:14:20 - matching_Tlaxcala_1 - WARNING -   No candidates found - relegated
2026-07-29 15:14:20 - matching_Tlaxcala_1 - INFO - 
============================================================
2026-07-29 15:14:20 - matching_Tlaxcala_1 - INFO - Processing rowID=203: 'Tenexaque' -> cleaned: 'tenejaque'
2026-07-29 15:14:20 - matching_Tlaxcala_1 - INFO -   Territorial context: jurisdiccion='tlaxcala' -> allowed rows: 110
2026-07-29 15:14:20 - matching_Tlaxcala_1 - INFO -   Token-based candidates: 0
2026-07-29 15:14:20 - matching_Tlaxcala_1 - WARNING -   No candidates found - relegated
2026-07-29 15:14:20 - matching_Tlaxcala_1 - INFO - 
============================================================
2026-07-29 15:14:20 - matching_Tlaxcala_1 - INFO - Processing rowID=204: 'San Pedro' -> cleaned: 'san pedro'
2026-07-29 15:14:20 - matching_Tlaxcala_1 - INFO -   Territorial context: jurisdiccion='tlaxcala' -> allowed rows: 110
2026-07-29 15:14:20 - matching_Tlaxcala_1 - INFO -   Token-based candidates: 70
2026-07-29 15:14:20 - matching_Tlaxcala_1 - INFO -   Filtering: need match on substantive tokens: ['pedro'] OR 2+ total tokens
2026-07-29 15:14:20 - matching_Tlaxcala_1 - INFO -   After filtering weak token matches: 1 candidates
2026-07-29 15:14:20 - matching_Tlaxcala_1 - INFO -   Fuzzy matches (score >= 70, limit=500): 1
2026-07-29 15:14:20 - matching_Tlaxcala_1 - DEBUG -     gz_id=1004128 'tlalcuapan' score=1.000 nombre=False saint_only=True terr=jurisdiccion_exact phase=candidate
2026-07-29 15:14:20 - matching_Tlaxcala_1 - INFO -   Before dedup: 1 candidates
2026-07-29 15:14:20 - matching_Tlaxcala_1 - INFO -   After dedup: 1 unique gz_ids
2026-07-29 15:14:20 - matching_Tlaxcala_1 - INFO -   Input has territorial data: True
2026-07-29 15:14:20 - matching_Tlaxcala_1 - INFO -   Candidates with territory match: 1
2026-07-29 15:14:20 - matching_Tlaxcala_1 - INFO -   After territorial filter (keeping jurisdiccion): 1 candidates
2026-07-29 15:14:20 - matching_Tlaxcala_1 - INFO -   Nombre matches (exact on lugar_nombre): 0
2026-07-29 15:14:20 - matching_Tlaxcala_1 - INFO -   Saint-only matches: 1
2026-07-29 15:14:20 - matching_Tlaxcala_1 - INFO -   Substantive matches: 0
2026-07-29 15:14:20 - matching_Tlaxcala_1 - INFO -   Candidate pool (>= threshold): 1
2026-07-29 15:14:20 - matching_Tlaxcala_1 - INFO -   1 candidate(s) -> candidate
2026-07-29 15:14:20 - matching_Tlaxcala_1 - INFO - 
============================================================
2026-07-29 15:14:20 - matching_Tlaxcala_1 - INFO - Processing rowID=205: 'Buena Vista' -> cleaned: 'buena bista'
2026-07-29 15:14:20 - matching_Tlaxcala_1 - INFO -   Territorial context: jurisdiccion='tlaxcala' -> allowed rows: 110
2026-07-29 15:14:20 - matching_Tlaxcala_1 - INFO -   Token-based candidates: 0
2026-07-29 15:14:20 - matching_Tlaxcala_1 - WARNING -   No candidates found - relegated
2026-07-29 15:14:20 - matching_Tlaxcala_1 - INFO - 
============================================================
2026-07-29 15:14:20 - matching_Tlaxcala_1 - INFO - Processing rowID=206: 'San Juan' -> cleaned: 'san juan'
2026-07-29 15:14:20 - matching_Tlaxcala_1 - INFO -   Territorial context: jurisdiccion='tlaxcala' -> allowed rows: 110
2026-07-29 15:14:20 - matching_Tlaxcala_1 - INFO -   Token-based candidates: 70
2026-07-29 15:14:20 - matching_Tlaxcala_1 - INFO -   Filtering: need match on substantive tokens: ['juan'] OR 2+ total tokens
2026-07-29 15:14:20 - matching_Tlaxcala_1 - INFO -   After filtering weak token matches: 5 candidates
2026-07-29 15:14:20 - matching_Tlaxcala_1 - INFO -   Fuzzy matches (score >= 70, limit=500): 5
2026-07-29 15:14:20 - matching_Tlaxcala_1 - DEBUG -     gz_id=1004050 'atlangatepec' score=1.000 nombre=False saint_only=True terr=jurisdiccion_exact phase=candidate
2026-07-29 15:14:20 - matching_Tlaxcala_1 - DEBUG -     gz_id=1004070 'huaccinco' score=1.000 nombre=False saint_only=True terr=jurisdiccion_exact phase=candidate
2026-07-29 15:14:20 - matching_Tlaxcala_1 - DEBUG -     gz_id=1004078 'ixtenco' score=1.000 nombre=False saint_only=True terr=jurisdiccion_exact phase=candidate
2026-07-29 15:14:20 - matching_Tlaxcala_1 - DEBUG -     gz_id=1004094 'quesalcoapan' score=1.000 nombre=False saint_only=True terr=jurisdiccion_exact phase=candidate
2026-07-29 15:14:20 - matching_Tlaxcala_1 - DEBUG -     gz_id=1004133 'totolac' score=1.000 nombre=False saint_only=True terr=jurisdiccion_exact phase=candidate
2026-07-29 15:14:20 - matching_Tlaxcala_1 - INFO -   Before dedup: 5 candidates
2026-07-29 15:14:20 - matching_Tlaxcala_1 - INFO -   After dedup: 5 unique gz_ids
2026-07-29 15:14:20 - matching_Tlaxcala_1 - INFO -   Input has territorial data: True
2026-07-29 15:14:20 - matching_Tlaxcala_1 - INFO -   Candidates with territory match: 5
2026-07-29 15:14:20 - matching_Tlaxcala_1 - INFO -   After territorial filter (keeping jurisdiccion): 5 candidates
2026-07-29 15:14:20 - matching_Tlaxcala_1 - INFO -   Nombre matches (exact on lugar_nombre): 0
2026-07-29 15:14:20 - matching_Tlaxcala_1 - INFO -   Saint-only matches: 5
2026-07-29 15:14:20 - matching_Tlaxcala_1 - INFO -   Substantive matches: 0
2026-07-29 15:14:20 - matching_Tlaxcala_1 - INFO -   Candidate pool (>= threshold): 5
2026-07-29 15:14:20 - matching_Tlaxcala_1 - INFO -   5 candidate(s) -> candidate
2026-07-29 15:14:20 - matching_Tlaxcala_1 - INFO - 
============================================================
2026-07-29 15:14:20 - matching_Tlaxcala_1 - INFO - Processing rowID=207: 'Los Reyes' -> cleaned: 'reies'
2026-07-29 15:14:20 - matching_Tlaxcala_1 - INFO -   Territorial context: jurisdiccion='tlaxcala' -> allowed rows: 110
2026-07-29 15:14:20 - matching_Tlaxcala_1 - INFO -   Token-based candidates: 1
2026-07-29 15:14:20 - matching_Tlaxcala_1 - INFO -   Fuzzy matches (score >= 70, limit=500): 1
2026-07-29 15:14:20 - matching_Tlaxcala_1 - DEBUG -     gz_id=1004095 'quiahuixtlan' score=1.000 nombre=False saint_only=True terr=jurisdiccion_exact phase=candidate
2026-07-29 15:14:20 - matching_Tlaxcala_1 - INFO -   Before dedup: 1 candidates
2026-07-29 15:14:20 - matching_Tlaxcala_1 - INFO -   After dedup: 1 unique gz_ids
2026-07-29 15:14:20 - matching_Tlaxcala_1 - INFO -   Input has territorial data: True
2026-07-29 15:14:20 - matching_Tlaxcala_1 - INFO -   Candidates with territory match: 1
2026-07-29 15:14:20 - matching_Tlaxcala_1 - INFO -   After territorial filter (keeping jurisdiccion): 1 candidates
2026-07-29 15:14:20 - matching_Tlaxcala_1 - INFO -   Nombre matches (exact on lugar_nombre): 0
2026-07-29 15:14:20 - matching_Tlaxcala_1 - INFO -   Saint-only matches: 1
2026-07-29 15:14:20 - matching_Tlaxcala_1 - INFO -   Substantive matches: 0
2026-07-29 15:14:20 - matching_Tlaxcala_1 - INFO -   Candidate pool (>= threshold): 1
2026-07-29 15:14:20 - matching_Tlaxcala_1 - INFO -   1 candidate(s) -> candidate
2026-07-29 15:14:20 - matching_Tlaxcala_1 - INFO - 
============================================================
2026-07-29 15:14:20 - matching_Tlaxcala_1 - INFO - Processing rowID=208: 'Santa Águeda' -> cleaned: 'santa ahueda'
2026-07-29 15:14:20 - matching_Tlaxcala_1 - INFO -   Territorial context: jurisdiccion='tlaxcala' -> allowed rows: 110
2026-07-29 15:14:20 - matching_Tlaxcala_1 - INFO -   Token-based candidates: 24
2026-07-29 15:14:20 - matching_Tlaxcala_1 - INFO -   Filtering: need match on substantive tokens: ['ahueda'] OR 2+ total tokens
2026-07-29 15:14:20 - matching_Tlaxcala_1 - INFO -   Fuzzy matches (score >= 70, limit=500): 19
2026-07-29 15:14:20 - matching_Tlaxcala_1 - DEBUG -     gz_id=1004060 'chiautempan' score=0.762 nombre=False saint_only=False terr=jurisdiccion_exact phase=relegated
2026-07-29 15:14:20 - matching_Tlaxcala_1 - DEBUG -     gz_id=1004074 'huiloac' score=0.762 nombre=False saint_only=False terr=jurisdiccion_exact phase=relegated
2026-07-29 15:14:20 - matching_Tlaxcala_1 - DEBUG -     gz_id=1004088 'nopalucan' score=0.762 nombre=False saint_only=False terr=jurisdiccion_exact phase=relegated
2026-07-29 15:14:20 - matching_Tlaxcala_1 - DEBUG -     gz_id=1004085 'michacatitlan' score=0.737 nombre=False saint_only=False terr=jurisdiccion_exact phase=relegated
2026-07-29 15:14:20 - matching_Tlaxcala_1 - DEBUG -     gz_id=1004146 'cimatepec' score=0.737 nombre=False saint_only=False terr=jurisdiccion_exact phase=relegated
2026-07-29 15:14:20 - matching_Tlaxcala_1 - DEBUG -     gz_id=1004055 'aiometla' score=0.727 nombre=False saint_only=False terr=jurisdiccion_exact phase=relegated
2026-07-29 15:14:20 - matching_Tlaxcala_1 - DEBUG -     gz_id=1004041 'acuicuiscatepec' score=0.700 nombre=False saint_only=False terr=jurisdiccion_exact phase=relegated
2026-07-29 15:14:20 - matching_Tlaxcala_1 - DEBUG -     gz_id=1004043 'acjotla' score=0.700 nombre=False saint_only=False terr=jurisdiccion_exact phase=relegated
2026-07-29 15:14:20 - matching_Tlaxcala_1 - DEBUG -     gz_id=1004051 'atlihuecian' score=0.700 nombre=False saint_only=False terr=jurisdiccion_exact phase=relegated
2026-07-29 15:14:20 - matching_Tlaxcala_1 - DEBUG -     gz_id=1004053 'ajotla' score=0.700 nombre=False saint_only=False terr=jurisdiccion_exact phase=relegated
2026-07-29 15:14:20 - matching_Tlaxcala_1 - DEBUG -     gz_id=1004057 'belen' score=0.700 nombre=False saint_only=False terr=jurisdiccion_exact phase=relegated
2026-07-29 15:14:20 - matching_Tlaxcala_1 - DEBUG -     gz_id=1004069 'ecatepec' score=0.700 nombre=False saint_only=False terr=jurisdiccion_exact phase=relegated
2026-07-29 15:14:20 - matching_Tlaxcala_1 - DEBUG -     gz_id=1004076 'ixcotla' score=0.700 nombre=False saint_only=False terr=jurisdiccion_exact phase=relegated
2026-07-29 15:14:20 - matching_Tlaxcala_1 - DEBUG -     gz_id=1004079 'ixtulco' score=0.700 nombre=False saint_only=False terr=jurisdiccion_exact phase=relegated
2026-07-29 15:14:20 - matching_Tlaxcala_1 - DEBUG -     gz_id=1004087 'natibitas' score=0.700 nombre=False saint_only=False terr=jurisdiccion_exact phase=relegated
2026-07-29 15:14:20 - matching_Tlaxcala_1 - DEBUG -     gz_id=1004104 'santa maria espana' score=0.700 nombre=False saint_only=False terr=jurisdiccion_exact phase=relegated
2026-07-29 15:14:20 - matching_Tlaxcala_1 - DEBUG -     gz_id=1004122 'texcalac' score=0.700 nombre=False saint_only=False terr=jurisdiccion_exact phase=relegated
2026-07-29 15:14:21 - matching_Tlaxcala_1 - DEBUG -     gz_id=1004132 'tocatlan' score=0.700 nombre=False saint_only=False terr=jurisdiccion_exact phase=relegated
2026-07-29 15:14:21 - matching_Tlaxcala_1 - DEBUG -     gz_id=1004148 'sumpango' score=0.700 nombre=False saint_only=False terr=jurisdiccion_exact phase=relegated
2026-07-29 15:14:21 - matching_Tlaxcala_1 - INFO -   Before dedup: 19 candidates
2026-07-29 15:14:21 - matching_Tlaxcala_1 - INFO -   After dedup: 19 unique gz_ids
2026-07-29 15:14:21 - matching_Tlaxcala_1 - INFO -   Input has territorial data: True
2026-07-29 15:14:21 - matching_Tlaxcala_1 - INFO -   Candidates with territory match: 19
2026-07-29 15:14:21 - matching_Tlaxcala_1 - INFO -   After territorial filter (keeping jurisdiccion): 19 candidates
2026-07-29 15:14:21 - matching_Tlaxcala_1 - INFO -   Nombre matches (exact on lugar_nombre): 0
2026-07-29 15:14:21 - matching_Tlaxcala_1 - INFO -   Saint-only matches: 0
2026-07-29 15:14:21 - matching_Tlaxcala_1 - INFO -   Substantive matches: 19
2026-07-29 15:14:21 - matching_Tlaxcala_1 - INFO -   Candidate pool (>= threshold): 0
2026-07-29 15:14:21 - matching_Tlaxcala_1 - WARNING -   No candidate above threshold - relegated
2026-07-29 15:14:21 - matching_Tlaxcala_1 - INFO - 
============================================================
2026-07-29 15:14:21 - matching_Tlaxcala_1 - INFO - Processing rowID=209: 'Los Dolores' -> cleaned: 'dolores'
2026-07-29 15:14:21 - matching_Tlaxcala_1 - INFO -   Territorial context: jurisdiccion='tlaxcala' -> allowed rows: 110
2026-07-29 15:14:21 - matching_Tlaxcala_1 - INFO -   Token-based candidates: 0
2026-07-29 15:14:21 - matching_Tlaxcala_1 - WARNING -   No candidates found - relegated
2026-07-29 15:14:21 - matching_Tlaxcala_1 - INFO - 
============================================================
2026-07-29 15:14:21 - matching_Tlaxcala_1 - INFO - Processing rowID=210: 'Santa Ana' -> cleaned: 'santa ana'
2026-07-29 15:14:21 - matching_Tlaxcala_1 - INFO -   Territorial context: jurisdiccion='tlaxcala' -> allowed rows: 110
2026-07-29 15:14:21 - matching_Tlaxcala_1 - INFO -   Token-based candidates: 24
2026-07-29 15:14:21 - matching_Tlaxcala_1 - INFO -   Filtering: need match on substantive tokens: ['ana'] OR 2+ total tokens
2026-07-29 15:14:21 - matching_Tlaxcala_1 - INFO -   After filtering weak token matches: 3 candidates
2026-07-29 15:14:21 - matching_Tlaxcala_1 - INFO -   Fuzzy matches (score >= 70, limit=500): 3
2026-07-29 15:14:21 - matching_Tlaxcala_1 - DEBUG -     gz_id=1004060 'chiautempan' score=1.000 nombre=False saint_only=True terr=jurisdiccion_exact phase=candidate
2026-07-29 15:14:21 - matching_Tlaxcala_1 - DEBUG -     gz_id=1004074 'huiloac' score=1.000 nombre=False saint_only=True terr=jurisdiccion_exact phase=candidate
2026-07-29 15:14:21 - matching_Tlaxcala_1 - DEBUG -     gz_id=1004088 'nopalucan' score=1.000 nombre=False saint_only=True terr=jurisdiccion_exact phase=candidate
2026-07-29 15:14:21 - matching_Tlaxcala_1 - INFO -   Before dedup: 3 candidates
2026-07-29 15:14:21 - matching_Tlaxcala_1 - INFO -   After dedup: 3 unique gz_ids
2026-07-29 15:14:21 - matching_Tlaxcala_1 - INFO -   Input has territorial data: True
2026-07-29 15:14:21 - matching_Tlaxcala_1 - INFO -   Candidates with territory match: 3
2026-07-29 15:14:21 - matching_Tlaxcala_1 - INFO -   After territorial filter (keeping jurisdiccion): 3 candidates
2026-07-29 15:14:21 - matching_Tlaxcala_1 - INFO -   Nombre matches (exact on lugar_nombre): 0
2026-07-29 15:14:21 - matching_Tlaxcala_1 - INFO -   Saint-only matches: 3
2026-07-29 15:14:21 - matching_Tlaxcala_1 - INFO -   Substantive matches: 0
2026-07-29 15:14:21 - matching_Tlaxcala_1 - INFO -   Candidate pool (>= threshold): 3
2026-07-29 15:14:21 - matching_Tlaxcala_1 - INFO -   3 candidate(s) -> candidate
2026-07-29 15:14:21 - matching_Tlaxcala_1 - INFO - Processing row 210, rowID=211
2026-07-29 15:14:21 - matching_Tlaxcala_1 - INFO - 
============================================================
2026-07-29 15:14:21 - matching_Tlaxcala_1 - INFO - Processing rowID=211: 'Santa Bárbara' -> cleaned: 'santa barbara'
2026-07-29 15:14:21 - matching_Tlaxcala_1 - INFO -   Territorial context: jurisdiccion='tlaxcala' -> allowed rows: 110
2026-07-29 15:14:21 - matching_Tlaxcala_1 - INFO -   Token-based candidates: 24
2026-07-29 15:14:21 - matching_Tlaxcala_1 - INFO -   Filtering: need match on substantive tokens: ['barbara'] OR 2+ total tokens
2026-07-29 15:14:21 - matching_Tlaxcala_1 - INFO -   After filtering weak token matches: 1 candidates
2026-07-29 15:14:21 - matching_Tlaxcala_1 - INFO -   Fuzzy matches (score >= 70, limit=500): 1
2026-07-29 15:14:21 - matching_Tlaxcala_1 - DEBUG -     gz_id=1004041 'acuicuiscatepec' score=1.000 nombre=False saint_only=True terr=jurisdiccion_exact phase=candidate
2026-07-29 15:14:21 - matching_Tlaxcala_1 - INFO -   Before dedup: 1 candidates
2026-07-29 15:14:21 - matching_Tlaxcala_1 - INFO -   After dedup: 1 unique gz_ids
2026-07-29 15:14:21 - matching_Tlaxcala_1 - INFO -   Input has territorial data: True
2026-07-29 15:14:21 - matching_Tlaxcala_1 - INFO -   Candidates with territory match: 1
2026-07-29 15:14:21 - matching_Tlaxcala_1 - INFO -   After territorial filter (keeping jurisdiccion): 1 candidates
2026-07-29 15:14:21 - matching_Tlaxcala_1 - INFO -   Nombre matches (exact on lugar_nombre): 0
2026-07-29 15:14:21 - matching_Tlaxcala_1 - INFO -   Saint-only matches: 1
2026-07-29 15:14:21 - matching_Tlaxcala_1 - INFO -   Substantive matches: 0
2026-07-29 15:14:21 - matching_Tlaxcala_1 - INFO -   Candidate pool (>= threshold): 1
2026-07-29 15:14:21 - matching_Tlaxcala_1 - INFO -   1 candidate(s) -> candidate
2026-07-29 15:14:21 - matching_Tlaxcala_1 - INFO - 
============================================================
2026-07-29 15:14:21 - matching_Tlaxcala_1 - INFO - Processing rowID=212: 'San Antonio' -> cleaned: 'san antonio'
2026-07-29 15:14:21 - matching_Tlaxcala_1 - INFO -   Territorial context: jurisdiccion='tlaxcala' -> allowed rows: 110
2026-07-29 15:14:21 - matching_Tlaxcala_1 - INFO -   Token-based candidates: 70
2026-07-29 15:14:21 - matching_Tlaxcala_1 - INFO -   Filtering: need match on substantive tokens: ['antonio'] OR 2+ total tokens
2026-07-29 15:14:21 - matching_Tlaxcala_1 - INFO -   After filtering weak token matches: 2 candidates
2026-07-29 15:14:21 - matching_Tlaxcala_1 - INFO -   Fuzzy matches (score >= 70, limit=500): 2
2026-07-29 15:14:21 - matching_Tlaxcala_1 - DEBUG -     gz_id=1004040 'acuamanala' score=1.000 nombre=False saint_only=True terr=jurisdiccion_exact phase=candidate
2026-07-29 15:14:21 - matching_Tlaxcala_1 - DEBUG -     gz_id=1004068 'cuajomulco' score=1.000 nombre=False saint_only=True terr=jurisdiccion_exact phase=candidate
2026-07-29 15:14:21 - matching_Tlaxcala_1 - INFO -   Before dedup: 2 candidates
2026-07-29 15:14:21 - matching_Tlaxcala_1 - INFO -   After dedup: 2 unique gz_ids
2026-07-29 15:14:21 - matching_Tlaxcala_1 - INFO -   Input has territorial data: True
2026-07-29 15:14:21 - matching_Tlaxcala_1 - INFO -   Candidates with territory match: 2
2026-07-29 15:14:21 - matching_Tlaxcala_1 - INFO -   After territorial filter (keeping jurisdiccion): 2 candidates
2026-07-29 15:14:21 - matching_Tlaxcala_1 - INFO -   Nombre matches (exact on lugar_nombre): 0
2026-07-29 15:14:21 - matching_Tlaxcala_1 - INFO -   Saint-only matches: 2
2026-07-29 15:14:21 - matching_Tlaxcala_1 - INFO -   Substantive matches: 0
2026-07-29 15:14:21 - matching_Tlaxcala_1 - INFO -   Candidate pool (>= threshold): 2
2026-07-29 15:14:21 - matching_Tlaxcala_1 - INFO -   2 candidate(s) -> candidate
2026-07-29 15:14:21 - matching_Tlaxcala_1 - INFO - 
============================================================
2026-07-29 15:14:21 - matching_Tlaxcala_1 - INFO - Processing rowID=213: 'San Rafael' -> cleaned: 'san rafael'
2026-07-29 15:14:21 - matching_Tlaxcala_1 - INFO -   Territorial context: jurisdiccion='tlaxcala' -> allowed rows: 110
2026-07-29 15:14:21 - matching_Tlaxcala_1 - INFO -   Token-based candidates: 70
2026-07-29 15:14:21 - matching_Tlaxcala_1 - INFO -   Filtering: need match on substantive tokens: ['rafael'] OR 2+ total tokens
2026-07-29 15:14:21 - matching_Tlaxcala_1 - INFO -   After filtering weak token matches: 1 candidates
2026-07-29 15:14:21 - matching_Tlaxcala_1 - INFO -   Fuzzy matches (score >= 70, limit=500): 1
2026-07-29 15:14:21 - matching_Tlaxcala_1 - DEBUG -     gz_id=1004110 'tenaniecac' score=1.000 nombre=False saint_only=True terr=jurisdiccion_exact phase=candidate
2026-07-29 15:14:21 - matching_Tlaxcala_1 - INFO -   Before dedup: 1 candidates
2026-07-29 15:14:21 - matching_Tlaxcala_1 - INFO -   After dedup: 1 unique gz_ids
2026-07-29 15:14:21 - matching_Tlaxcala_1 - INFO -   Input has territorial data: True
2026-07-29 15:14:21 - matching_Tlaxcala_1 - INFO -   Candidates with territory match: 1
2026-07-29 15:14:21 - matching_Tlaxcala_1 - INFO -   After territorial filter (keeping jurisdiccion): 1 candidates
2026-07-29 15:14:21 - matching_Tlaxcala_1 - INFO -   Nombre matches (exact on lugar_nombre): 0
2026-07-29 15:14:21 - matching_Tlaxcala_1 - INFO -   Saint-only matches: 1
2026-07-29 15:14:21 - matching_Tlaxcala_1 - INFO -   Substantive matches: 0
2026-07-29 15:14:21 - matching_Tlaxcala_1 - INFO -   Candidate pool (>= threshold): 1
2026-07-29 15:14:21 - matching_Tlaxcala_1 - INFO -   1 candidate(s) -> candidate
2026-07-29 15:14:21 - matching_Tlaxcala_1 - INFO - 
============================================================
2026-07-29 15:14:21 - matching_Tlaxcala_1 - INFO - Processing rowID=214: 'El Rosario' -> cleaned: 'rosario'
2026-07-29 15:14:21 - matching_Tlaxcala_1 - INFO -   Territorial context: jurisdiccion='tlaxcala' -> allowed rows: 110
2026-07-29 15:14:21 - matching_Tlaxcala_1 - INFO -   Token-based candidates: 0
2026-07-29 15:14:21 - matching_Tlaxcala_1 - WARNING -   No candidates found - relegated
2026-07-29 15:14:21 - matching_Tlaxcala_1 - INFO - 
============================================================
2026-07-29 15:14:21 - matching_Tlaxcala_1 - INFO - Processing rowID=215: 'San Juan Mixco' -> cleaned: 'san juan mixco'
2026-07-29 15:14:21 - matching_Tlaxcala_1 - INFO -   Territorial context: jurisdiccion='tlaxcala' -> allowed rows: 110
2026-07-29 15:14:21 - matching_Tlaxcala_1 - INFO -   Token-based candidates: 70
2026-07-29 15:14:21 - matching_Tlaxcala_1 - INFO -   Filtering: need match on substantive tokens: ['juan', 'mixco'] OR 2+ total tokens
2026-07-29 15:14:21 - matching_Tlaxcala_1 - INFO -   After filtering weak token matches: 5 candidates
2026-07-29 15:14:21 - matching_Tlaxcala_1 - INFO -   Fuzzy matches (score >= 70, limit=500): 5
2026-07-29 15:14:21 - matching_Tlaxcala_1 - DEBUG -     gz_id=1004078 'ixtenco' score=0.880 nombre=False saint_only=False terr=jurisdiccion_exact phase=candidate
2026-07-29 15:14:21 - matching_Tlaxcala_1 - DEBUG -     gz_id=1004050 'atlangatepec' score=0.783 nombre=False saint_only=False terr=jurisdiccion_exact phase=relegated
2026-07-29 15:14:21 - matching_Tlaxcala_1 - DEBUG -     gz_id=1004070 'huaccinco' score=0.783 nombre=False saint_only=False terr=jurisdiccion_exact phase=relegated
2026-07-29 15:14:21 - matching_Tlaxcala_1 - DEBUG -     gz_id=1004094 'quesalcoapan' score=0.783 nombre=False saint_only=False terr=jurisdiccion_exact phase=relegated
2026-07-29 15:14:21 - matching_Tlaxcala_1 - DEBUG -     gz_id=1004133 'totolac' score=0.783 nombre=False saint_only=False terr=jurisdiccion_exact phase=relegated
2026-07-29 15:14:21 - matching_Tlaxcala_1 - INFO -   Before dedup: 5 candidates
2026-07-29 15:14:21 - matching_Tlaxcala_1 - INFO -   After dedup: 5 unique gz_ids
2026-07-29 15:14:21 - matching_Tlaxcala_1 - INFO -   Input has territorial data: True
2026-07-29 15:14:21 - matching_Tlaxcala_1 - INFO -   Candidates with territory match: 5
2026-07-29 15:14:21 - matching_Tlaxcala_1 - INFO -   After territorial filter (keeping jurisdiccion): 5 candidates
2026-07-29 15:14:21 - matching_Tlaxcala_1 - INFO -   Nombre matches (exact on lugar_nombre): 0
2026-07-29 15:14:21 - matching_Tlaxcala_1 - INFO -   Saint-only matches: 0
2026-07-29 15:14:21 - matching_Tlaxcala_1 - INFO -   Substantive matches: 5
2026-07-29 15:14:21 - matching_Tlaxcala_1 - INFO -   Candidate pool (>= threshold): 1
2026-07-29 15:14:21 - matching_Tlaxcala_1 - INFO -   1 candidate(s) -> candidate
2026-07-29 15:14:21 - matching_Tlaxcala_1 - INFO - 
============================================================
2026-07-29 15:14:21 - matching_Tlaxcala_1 - INFO - Processing rowID=216: 'Santa Elena' -> cleaned: 'santa elena'
2026-07-29 15:14:21 - matching_Tlaxcala_1 - INFO -   Territorial context: jurisdiccion='tlaxcala' -> allowed rows: 110
2026-07-29 15:14:21 - matching_Tlaxcala_1 - INFO -   Token-based candidates: 24
2026-07-29 15:14:21 - matching_Tlaxcala_1 - INFO -   Filtering: need match on substantive tokens: ['elena'] OR 2+ total tokens
2026-07-29 15:14:21 - matching_Tlaxcala_1 - INFO -   After filtering weak token matches: 1 candidates
2026-07-29 15:14:21 - matching_Tlaxcala_1 - INFO -   Fuzzy matches (score >= 70, limit=500): 1
2026-07-29 15:14:21 - matching_Tlaxcala_1 - DEBUG -     gz_id=1004085 'michacatitlan' score=1.000 nombre=False saint_only=True terr=jurisdiccion_exact phase=candidate
2026-07-29 15:14:21 - matching_Tlaxcala_1 - INFO -   Before dedup: 1 candidates
2026-07-29 15:14:21 - matching_Tlaxcala_1 - INFO -   After dedup: 1 unique gz_ids
2026-07-29 15:14:21 - matching_Tlaxcala_1 - INFO -   Input has territorial data: True
2026-07-29 15:14:21 - matching_Tlaxcala_1 - INFO -   Candidates with territory match: 1
2026-07-29 15:14:21 - matching_Tlaxcala_1 - INFO -   After territorial filter (keeping jurisdiccion): 1 candidates
2026-07-29 15:14:21 - matching_Tlaxcala_1 - INFO -   Nombre matches (exact on lugar_nombre): 0
2026-07-29 15:14:21 - matching_Tlaxcala_1 - INFO -   Saint-only matches: 1
2026-07-29 15:14:21 - matching_Tlaxcala_1 - INFO -   Substantive matches: 0
2026-07-29 15:14:21 - matching_Tlaxcala_1 - INFO -   Candidate pool (>= threshold): 1
2026-07-29 15:14:21 - matching_Tlaxcala_1 - INFO -   1 candidate(s) -> candidate
2026-07-29 15:14:21 - matching_Tlaxcala_1 - INFO - 
============================================================
2026-07-29 15:14:21 - matching_Tlaxcala_1 - INFO - Processing rowID=217: 'Ocotlan' -> cleaned: 'ocotlan'
2026-07-29 15:14:21 - matching_Tlaxcala_1 - INFO -   Territorial context: jurisdiccion='tlaxcala' -> allowed rows: 110
2026-07-29 15:14:21 - matching_Tlaxcala_1 - INFO -   Token-based candidates: 3
2026-07-29 15:14:21 - matching_Tlaxcala_1 - INFO -   Fuzzy matches (score >= 70, limit=500): 3
2026-07-29 15:14:21 - matching_Tlaxcala_1 - DEBUG -     gz_id=1004091 'ocotlan' score=1.000 nombre=False saint_only=False terr=jurisdiccion_exact phase=auto_adopt
2026-07-29 15:14:21 - matching_Tlaxcala_1 - DEBUG -     gz_id=1004132 'tocatlan' score=0.857 nombre=False saint_only=False terr=jurisdiccion_exact phase=candidate
2026-07-29 15:14:21 - matching_Tlaxcala_1 - DEBUG -     gz_id=1004090 'ocotitlan' score=0.800 nombre=False saint_only=False terr=jurisdiccion_exact phase=relegated
2026-07-29 15:14:21 - matching_Tlaxcala_1 - INFO -   Before dedup: 3 candidates
2026-07-29 15:14:21 - matching_Tlaxcala_1 - INFO -   After dedup: 3 unique gz_ids
2026-07-29 15:14:21 - matching_Tlaxcala_1 - INFO -   Input has territorial data: True
2026-07-29 15:14:21 - matching_Tlaxcala_1 - INFO -   Candidates with territory match: 3
2026-07-29 15:14:21 - matching_Tlaxcala_1 - INFO -   After territorial filter (keeping jurisdiccion): 3 candidates
2026-07-29 15:14:21 - matching_Tlaxcala_1 - INFO -   Nombre matches (exact on lugar_nombre): 0
2026-07-29 15:14:21 - matching_Tlaxcala_1 - INFO -   Saint-only matches: 0
2026-07-29 15:14:21 - matching_Tlaxcala_1 - INFO -   Substantive matches: 3
2026-07-29 15:14:21 - matching_Tlaxcala_1 - INFO -   Candidate pool (>= threshold): 3
2026-07-29 15:14:21 - matching_Tlaxcala_1 - INFO -   3 candidate(s) -> candidate
2026-07-29 15:14:21 - matching_Tlaxcala_1 - INFO - 
============================================================
2026-07-29 15:14:21 - matching_Tlaxcala_1 - INFO - Processing rowID=218: 'San Bernardo Sitlaltepeque' -> cleaned: 'san bernardo citlaltepeque'
2026-07-29 15:14:21 - matching_Tlaxcala_1 - INFO -   Territorial context: jurisdiccion='tlaxcala' -> allowed rows: 110
2026-07-29 15:14:21 - matching_Tlaxcala_1 - INFO -   Token-based candidates: 70
2026-07-29 15:14:21 - matching_Tlaxcala_1 - INFO -   Filtering: need match on substantive tokens: ['bernardo', 'citlaltepeque'] OR 2+ total tokens
2026-07-29 15:14:21 - matching_Tlaxcala_1 - INFO -   Fuzzy matches (score >= 70, limit=500): 3
2026-07-29 15:14:21 - matching_Tlaxcala_1 - DEBUG -     gz_id=1004147 'citlaltepec' score=0.952 nombre=False saint_only=False terr=jurisdiccion_exact phase=candidate
2026-07-29 15:14:21 - matching_Tlaxcala_1 - DEBUG -     gz_id=1004063 'contla' score=0.872 nombre=False saint_only=False terr=jurisdiccion_exact phase=candidate
2026-07-29 15:14:21 - matching_Tlaxcala_1 - DEBUG -     gz_id=1004049 'atlalpa' score=0.714 nombre=False saint_only=False terr=jurisdiccion_exact phase=relegated
2026-07-29 15:14:21 - matching_Tlaxcala_1 - INFO -   Before dedup: 3 candidates
2026-07-29 15:14:21 - matching_Tlaxcala_1 - INFO -   After dedup: 3 unique gz_ids
2026-07-29 15:14:21 - matching_Tlaxcala_1 - INFO -   Input has territorial data: True
2026-07-29 15:14:21 - matching_Tlaxcala_1 - INFO -   Candidates with territory match: 3
2026-07-29 15:14:21 - matching_Tlaxcala_1 - INFO -   After territorial filter (keeping jurisdiccion): 3 candidates
2026-07-29 15:14:21 - matching_Tlaxcala_1 - INFO -   Nombre matches (exact on lugar_nombre): 0
2026-07-29 15:14:21 - matching_Tlaxcala_1 - INFO -   Saint-only matches: 0
2026-07-29 15:14:21 - matching_Tlaxcala_1 - INFO -   Substantive matches: 3
2026-07-29 15:14:21 - matching_Tlaxcala_1 - INFO -   Candidate pool (>= threshold): 2
2026-07-29 15:14:21 - matching_Tlaxcala_1 - INFO -   2 candidate(s) -> candidate
2026-07-29 15:14:21 - matching_Tlaxcala_1 - INFO - 
============================================================
2026-07-29 15:14:21 - matching_Tlaxcala_1 - INFO - Processing rowID=219: 'El Pilancón' -> cleaned: 'pilancon'
2026-07-29 15:14:21 - matching_Tlaxcala_1 - INFO -   Territorial context: jurisdiccion='tlaxcala' -> allowed rows: 110
2026-07-29 15:14:21 - matching_Tlaxcala_1 - INFO -   Token-based candidates: 0
2026-07-29 15:14:21 - matching_Tlaxcala_1 - WARNING -   No candidates found - relegated
2026-07-29 15:14:21 - matching_Tlaxcala_1 - INFO - 
============================================================
2026-07-29 15:14:21 - matching_Tlaxcala_1 - INFO - Processing rowID=220: 'San Antonio Acopilco' -> cleaned: 'san antonio acopilco'
2026-07-29 15:14:21 - matching_Tlaxcala_1 - INFO -   Territorial context: jurisdiccion='tlaxcala' -> allowed rows: 110
2026-07-29 15:14:21 - matching_Tlaxcala_1 - INFO -   Token-based candidates: 70
2026-07-29 15:14:21 - matching_Tlaxcala_1 - INFO -   Filtering: need match on substantive tokens: ['acopilco', 'antonio'] OR 2+ total tokens
2026-07-29 15:14:21 - matching_Tlaxcala_1 - INFO -   After filtering weak token matches: 2 candidates
2026-07-29 15:14:21 - matching_Tlaxcala_1 - INFO -   Fuzzy matches (score >= 70, limit=500): 2
2026-07-29 15:14:21 - matching_Tlaxcala_1 - DEBUG -     gz_id=1004040 'acuamanala' score=0.824 nombre=False saint_only=False terr=jurisdiccion_exact phase=relegated
2026-07-29 15:14:21 - matching_Tlaxcala_1 - DEBUG -     gz_id=1004068 'cuajomulco' score=0.788 nombre=False saint_only=False terr=jurisdiccion_exact phase=relegated
2026-07-29 15:14:21 - matching_Tlaxcala_1 - INFO -   Before dedup: 2 candidates
2026-07-29 15:14:21 - matching_Tlaxcala_1 - INFO -   After dedup: 2 unique gz_ids
2026-07-29 15:14:21 - matching_Tlaxcala_1 - INFO -   Input has territorial data: True
2026-07-29 15:14:21 - matching_Tlaxcala_1 - INFO -   Candidates with territory match: 2
2026-07-29 15:14:21 - matching_Tlaxcala_1 - INFO -   After territorial filter (keeping jurisdiccion): 2 candidates
2026-07-29 15:14:21 - matching_Tlaxcala_1 - INFO -   Nombre matches (exact on lugar_nombre): 0
2026-07-29 15:14:21 - matching_Tlaxcala_1 - INFO -   Saint-only matches: 0
2026-07-29 15:14:21 - matching_Tlaxcala_1 - INFO -   Substantive matches: 2
2026-07-29 15:14:21 - matching_Tlaxcala_1 - INFO -   Candidate pool (>= threshold): 1
2026-07-29 15:14:21 - matching_Tlaxcala_1 - INFO -   1 candidate(s) -> candidate
2026-07-29 15:14:21 - matching_Tlaxcala_1 - INFO - Processing row 220, rowID=221
2026-07-29 15:14:21 - matching_Tlaxcala_1 - INFO - 
============================================================
2026-07-29 15:14:21 - matching_Tlaxcala_1 - INFO - Processing rowID=221: 'San Diego Cuapiaxtla' -> cleaned: 'san diego cuapiaxtla'
2026-07-29 15:14:21 - matching_Tlaxcala_1 - INFO -   Territorial context: jurisdiccion='tlaxcala' -> allowed rows: 110
2026-07-29 15:14:21 - matching_Tlaxcala_1 - INFO -   Token-based candidates: 70
2026-07-29 15:14:21 - matching_Tlaxcala_1 - INFO -   Filtering: need match on substantive tokens: ['diego', 'cuapiaxtla'] OR 2+ total tokens
2026-07-29 15:14:21 - matching_Tlaxcala_1 - INFO -   After filtering weak token matches: 2 candidates
2026-07-29 15:14:21 - matching_Tlaxcala_1 - INFO -   Fuzzy matches (score >= 70, limit=500): 2
2026-07-29 15:14:21 - matching_Tlaxcala_1 - DEBUG -     gz_id=1004066 'cuapiaxtla' score=1.000 nombre=False saint_only=False terr=jurisdiccion_exact phase=candidate
2026-07-29 15:14:21 - matching_Tlaxcala_1 - DEBUG -     gz_id=1004141 'jocoiucan' score=0.812 nombre=False saint_only=False terr=jurisdiccion_exact phase=relegated
2026-07-29 15:14:21 - matching_Tlaxcala_1 - INFO -   Before dedup: 2 candidates
2026-07-29 15:14:21 - matching_Tlaxcala_1 - INFO -   After dedup: 2 unique gz_ids
2026-07-29 15:14:21 - matching_Tlaxcala_1 - INFO -   Input has territorial data: True
2026-07-29 15:14:21 - matching_Tlaxcala_1 - INFO -   Candidates with territory match: 2
2026-07-29 15:14:21 - matching_Tlaxcala_1 - INFO -   After territorial filter (keeping jurisdiccion): 2 candidates
2026-07-29 15:14:21 - matching_Tlaxcala_1 - INFO -   Nombre matches (exact on lugar_nombre): 0
2026-07-29 15:14:21 - matching_Tlaxcala_1 - INFO -   Saint-only matches: 0
2026-07-29 15:14:21 - matching_Tlaxcala_1 - INFO -   Substantive matches: 2
2026-07-29 15:14:21 - matching_Tlaxcala_1 - INFO -   Candidate pool (>= threshold): 2
2026-07-29 15:14:21 - matching_Tlaxcala_1 - INFO -   2 candidate(s) -> candidate
2026-07-29 15:14:21 - matching_Tlaxcala_1 - INFO - 
============================================================
2026-07-29 15:14:21 - matching_Tlaxcala_1 - INFO - Processing rowID=222: 'San Antonio Tlaxcantenco' -> cleaned: 'san antonio tlaxcantenco'
2026-07-29 15:14:21 - matching_Tlaxcala_1 - INFO -   Territorial context: jurisdiccion='tlaxcala' -> allowed rows: 110
2026-07-29 15:14:21 - matching_Tlaxcala_1 - INFO -   Token-based candidates: 70
2026-07-29 15:14:21 - matching_Tlaxcala_1 - INFO -   Filtering: need match on substantive tokens: ['tlaxcantenco', 'antonio'] OR 2+ total tokens
2026-07-29 15:14:21 - matching_Tlaxcala_1 - INFO -   After filtering weak token matches: 2 candidates
2026-07-29 15:14:21 - matching_Tlaxcala_1 - INFO -   Fuzzy matches (score >= 70, limit=500): 2
2026-07-29 15:14:21 - matching_Tlaxcala_1 - DEBUG -     gz_id=1004040 'acuamanala' score=0.780 nombre=False saint_only=False terr=jurisdiccion_exact phase=relegated
2026-07-29 15:14:21 - matching_Tlaxcala_1 - DEBUG -     gz_id=1004068 'cuajomulco' score=0.722 nombre=False saint_only=False terr=jurisdiccion_exact phase=relegated
2026-07-29 15:14:21 - matching_Tlaxcala_1 - INFO -   Before dedup: 2 candidates
2026-07-29 15:14:21 - matching_Tlaxcala_1 - INFO -   After dedup: 2 unique gz_ids
2026-07-29 15:14:21 - matching_Tlaxcala_1 - INFO -   Input has territorial data: True
2026-07-29 15:14:21 - matching_Tlaxcala_1 - INFO -   Candidates with territory match: 2
2026-07-29 15:14:21 - matching_Tlaxcala_1 - INFO -   After territorial filter (keeping jurisdiccion): 2 candidates
2026-07-29 15:14:21 - matching_Tlaxcala_1 - INFO -   Nombre matches (exact on lugar_nombre): 0
2026-07-29 15:14:21 - matching_Tlaxcala_1 - INFO -   Saint-only matches: 0
2026-07-29 15:14:21 - matching_Tlaxcala_1 - INFO -   Substantive matches: 2
2026-07-29 15:14:21 - matching_Tlaxcala_1 - INFO -   Candidate pool (>= threshold): 0
2026-07-29 15:14:21 - matching_Tlaxcala_1 - WARNING -   No candidate above threshold - relegated
2026-07-29 15:14:21 - matching_Tlaxcala_1 - INFO - 
============================================================
2026-07-29 15:14:21 - matching_Tlaxcala_1 - INFO - Processing rowID=223: 'San Pedro' -> cleaned: 'san pedro'
2026-07-29 15:14:21 - matching_Tlaxcala_1 - INFO -   Territorial context: jurisdiccion='tlaxcala' -> allowed rows: 110
2026-07-29 15:14:21 - matching_Tlaxcala_1 - INFO -   Token-based candidates: 70
2026-07-29 15:14:21 - matching_Tlaxcala_1 - INFO -   Filtering: need match on substantive tokens: ['pedro'] OR 2+ total tokens
2026-07-29 15:14:21 - matching_Tlaxcala_1 - INFO -   After filtering weak token matches: 1 candidates
2026-07-29 15:14:21 - matching_Tlaxcala_1 - INFO -   Fuzzy matches (score >= 70, limit=500): 1
2026-07-29 15:14:21 - matching_Tlaxcala_1 - DEBUG -     gz_id=1004128 'tlalcuapan' score=1.000 nombre=False saint_only=True terr=jurisdiccion_exact phase=candidate
2026-07-29 15:14:21 - matching_Tlaxcala_1 - INFO -   Before dedup: 1 candidates
2026-07-29 15:14:21 - matching_Tlaxcala_1 - INFO -   After dedup: 1 unique gz_ids
2026-07-29 15:14:21 - matching_Tlaxcala_1 - INFO -   Input has territorial data: True
2026-07-29 15:14:21 - matching_Tlaxcala_1 - INFO -   Candidates with territory match: 1
2026-07-29 15:14:21 - matching_Tlaxcala_1 - INFO -   After territorial filter (keeping jurisdiccion): 1 candidates
2026-07-29 15:14:21 - matching_Tlaxcala_1 - INFO -   Nombre matches (exact on lugar_nombre): 0
2026-07-29 15:14:21 - matching_Tlaxcala_1 - INFO -   Saint-only matches: 1
2026-07-29 15:14:21 - matching_Tlaxcala_1 - INFO -   Substantive matches: 0
2026-07-29 15:14:21 - matching_Tlaxcala_1 - INFO -   Candidate pool (>= threshold): 1
2026-07-29 15:14:21 - matching_Tlaxcala_1 - INFO -   1 candidate(s) -> candidate
2026-07-29 15:14:21 - matching_Tlaxcala_1 - INFO - 
============================================================
2026-07-29 15:14:21 - matching_Tlaxcala_1 - INFO - Processing rowID=224: 'Las Ánimas' -> cleaned: 'animas'
2026-07-29 15:14:21 - matching_Tlaxcala_1 - INFO -   Territorial context: jurisdiccion='tlaxcala' -> allowed rows: 110
2026-07-29 15:14:21 - matching_Tlaxcala_1 - INFO -   Token-based candidates: 0
2026-07-29 15:14:21 - matching_Tlaxcala_1 - WARNING -   No candidates found - relegated
2026-07-29 15:14:21 - matching_Tlaxcala_1 - INFO - 
============================================================
2026-07-29 15:14:21 - matching_Tlaxcala_1 - INFO - Processing rowID=225: 'Santa Clara' -> cleaned: 'santa clara'
2026-07-29 15:14:21 - matching_Tlaxcala_1 - INFO -   Territorial context: jurisdiccion='tlaxcala' -> allowed rows: 110
2026-07-29 15:14:21 - matching_Tlaxcala_1 - INFO -   Token-based candidates: 24
2026-07-29 15:14:21 - matching_Tlaxcala_1 - INFO -   Filtering: need match on substantive tokens: ['clara'] OR 2+ total tokens
2026-07-29 15:14:21 - matching_Tlaxcala_1 - INFO -   Fuzzy matches (score >= 70, limit=500): 24
2026-07-29 15:14:21 - matching_Tlaxcala_1 - DEBUG -     gz_id=1004055 'aiometla' score=0.857 nombre=False saint_only=False terr=jurisdiccion_exact phase=candidate
2026-07-29 15:14:21 - matching_Tlaxcala_1 - DEBUG -     gz_id=1004130 'santa crus tlaxcala' score=0.842 nombre=False saint_only=False terr=jurisdiccion_exact phase=relegated
2026-07-29 15:14:21 - matching_Tlaxcala_1 - DEBUG -     gz_id=1004041 'acuicuiscatepec' score=0.818 nombre=False saint_only=False terr=jurisdiccion_exact phase=relegated
2026-07-29 15:14:21 - matching_Tlaxcala_1 - DEBUG -     gz_id=1004043 'acjotla' score=0.818 nombre=False saint_only=False terr=jurisdiccion_exact phase=relegated
2026-07-29 15:14:21 - matching_Tlaxcala_1 - DEBUG -     gz_id=1004051 'atlihuecian' score=0.818 nombre=False saint_only=False terr=jurisdiccion_exact phase=relegated
2026-07-29 15:14:21 - matching_Tlaxcala_1 - DEBUG -     gz_id=1004053 'ajotla' score=0.818 nombre=False saint_only=False terr=jurisdiccion_exact phase=relegated
2026-07-29 15:14:21 - matching_Tlaxcala_1 - DEBUG -     gz_id=1004057 'belen' score=0.818 nombre=False saint_only=False terr=jurisdiccion_exact phase=relegated
2026-07-29 15:14:21 - matching_Tlaxcala_1 - DEBUG -     gz_id=1004076 'ixcotla' score=0.818 nombre=False saint_only=False terr=jurisdiccion_exact phase=relegated
2026-07-29 15:14:21 - matching_Tlaxcala_1 - DEBUG -     gz_id=1004079 'ixtulco' score=0.818 nombre=False saint_only=False terr=jurisdiccion_exact phase=relegated
2026-07-29 15:14:21 - matching_Tlaxcala_1 - DEBUG -     gz_id=1004087 'natibitas' score=0.818 nombre=False saint_only=False terr=jurisdiccion_exact phase=relegated
2026-07-29 15:14:21 - matching_Tlaxcala_1 - DEBUG -     gz_id=1004104 'santa maria espana' score=0.818 nombre=False saint_only=False terr=jurisdiccion_exact phase=relegated
2026-07-29 15:14:21 - matching_Tlaxcala_1 - DEBUG -     gz_id=1004122 'texcalac' score=0.818 nombre=False saint_only=False terr=jurisdiccion_exact phase=relegated
2026-07-29 15:14:21 - matching_Tlaxcala_1 - DEBUG -     gz_id=1004132 'tocatlan' score=0.818 nombre=False saint_only=False terr=jurisdiccion_exact phase=relegated
2026-07-29 15:14:21 - matching_Tlaxcala_1 - DEBUG -     gz_id=1004148 'sumpango' score=0.818 nombre=False saint_only=False terr=jurisdiccion_exact phase=relegated
2026-07-29 15:14:21 - matching_Tlaxcala_1 - DEBUG -     gz_id=1004060 'chiautempan' score=0.800 nombre=False saint_only=False terr=jurisdiccion_exact phase=relegated
2026-07-29 15:14:21 - matching_Tlaxcala_1 - DEBUG -     gz_id=1004074 'huiloac' score=0.800 nombre=False saint_only=False terr=jurisdiccion_exact phase=relegated
2026-07-29 15:14:21 - matching_Tlaxcala_1 - DEBUG -     gz_id=1004088 'nopalucan' score=0.800 nombre=False saint_only=False terr=jurisdiccion_exact phase=relegated
2026-07-29 15:14:21 - matching_Tlaxcala_1 - DEBUG -     gz_id=1004085 'michacatitlan' score=0.737 nombre=False saint_only=False terr=jurisdiccion_exact phase=relegated
2026-07-29 15:14:21 - matching_Tlaxcala_1 - DEBUG -     gz_id=1004146 'cimatepec' score=0.737 nombre=False saint_only=False terr=jurisdiccion_exact phase=relegated
2026-07-29 15:14:21 - matching_Tlaxcala_1 - DEBUG -     gz_id=1004069 'ecatepec' score=0.706 nombre=False saint_only=False terr=jurisdiccion_exact phase=relegated
2026-07-29 15:14:21 - matching_Tlaxcala_1 - DEBUG -     gz_id=1004106 'tecuexcomac' score=0.706 nombre=False saint_only=False terr=jurisdiccion_exact phase=relegated
2026-07-29 15:14:21 - matching_Tlaxcala_1 - DEBUG -     gz_id=1004120 'tetlatlahuca' score=0.706 nombre=False saint_only=False terr=jurisdiccion_exact phase=relegated
2026-07-29 15:14:21 - matching_Tlaxcala_1 - DEBUG -     gz_id=1004139 'jilojoxtla' score=0.706 nombre=False saint_only=False terr=jurisdiccion_exact phase=relegated
2026-07-29 15:14:21 - matching_Tlaxcala_1 - DEBUG -     gz_id=1004144 'sacatelco' score=0.706 nombre=False saint_only=False terr=jurisdiccion_exact phase=relegated
2026-07-29 15:14:21 - matching_Tlaxcala_1 - INFO -   Before dedup: 24 candidates
2026-07-29 15:14:21 - matching_Tlaxcala_1 - INFO -   After dedup: 24 unique gz_ids
2026-07-29 15:14:21 - matching_Tlaxcala_1 - INFO -   Input has territorial data: True
2026-07-29 15:14:21 - matching_Tlaxcala_1 - INFO -   Candidates with territory match: 24
2026-07-29 15:14:21 - matching_Tlaxcala_1 - INFO -   After territorial filter (keeping jurisdiccion): 24 candidates
2026-07-29 15:14:21 - matching_Tlaxcala_1 - INFO -   Nombre matches (exact on lugar_nombre): 0
2026-07-29 15:14:21 - matching_Tlaxcala_1 - INFO -   Saint-only matches: 0
2026-07-29 15:14:21 - matching_Tlaxcala_1 - INFO -   Substantive matches: 24
2026-07-29 15:14:21 - matching_Tlaxcala_1 - INFO -   Candidate pool (>= threshold): 17
2026-07-29 15:14:21 - matching_Tlaxcala_1 - INFO -   17 candidate(s) -> candidate
2026-07-29 15:14:21 - matching_Tlaxcala_1 - INFO - 
============================================================
2026-07-29 15:14:21 - matching_Tlaxcala_1 - INFO - Processing rowID=226: 'Atenco' -> cleaned: 'atenco'
2026-07-29 15:14:21 - matching_Tlaxcala_1 - INFO -   Territorial context: jurisdiccion='tlaxcala' -> allowed rows: 110
2026-07-29 15:14:21 - matching_Tlaxcala_1 - INFO -   Token-based candidates: 0
2026-07-29 15:14:21 - matching_Tlaxcala_1 - WARNING -   No candidates found - relegated
2026-07-29 15:14:21 - matching_Tlaxcala_1 - INFO - 
============================================================
2026-07-29 15:14:21 - matching_Tlaxcala_1 - INFO - Processing rowID=227: 'Tenexaque' -> cleaned: 'tenejaque'
2026-07-29 15:14:21 - matching_Tlaxcala_1 - INFO -   Territorial context: jurisdiccion='tlaxcala' -> allowed rows: 110
2026-07-29 15:14:21 - matching_Tlaxcala_1 - INFO -   Token-based candidates: 0
2026-07-29 15:14:21 - matching_Tlaxcala_1 - WARNING -   No candidates found - relegated
2026-07-29 15:14:21 - matching_Tlaxcala_1 - INFO - 
============================================================
2026-07-29 15:14:21 - matching_Tlaxcala_1 - INFO - Processing rowID=228: 'La Mancera' -> cleaned: 'mancera'
2026-07-29 15:14:21 - matching_Tlaxcala_1 - INFO -   Territorial context: jurisdiccion='tlaxcala' -> allowed rows: 110
2026-07-29 15:14:21 - matching_Tlaxcala_1 - INFO -   Token-based candidates: 0
2026-07-29 15:14:21 - matching_Tlaxcala_1 - WARNING -   No candidates found - relegated
2026-07-29 15:14:21 - matching_Tlaxcala_1 - INFO - 
============================================================
2026-07-29 15:14:21 - matching_Tlaxcala_1 - INFO - Processing rowID=229: 'Barranca Seca' -> cleaned: 'barranca ceca'
2026-07-29 15:14:21 - matching_Tlaxcala_1 - INFO -   Territorial context: jurisdiccion='tlaxcala' -> allowed rows: 110
2026-07-29 15:14:21 - matching_Tlaxcala_1 - INFO -   Token-based candidates: 0
2026-07-29 15:14:21 - matching_Tlaxcala_1 - WARNING -   No candidates found - relegated
2026-07-29 15:14:21 - matching_Tlaxcala_1 - INFO - 
============================================================
2026-07-29 15:14:21 - matching_Tlaxcala_1 - INFO - Processing rowID=230: 'Totolcuesco' -> cleaned: 'totolcuesco'
2026-07-29 15:14:21 - matching_Tlaxcala_1 - INFO -   Territorial context: jurisdiccion='tlaxcala' -> allowed rows: 110
2026-07-29 15:14:21 - matching_Tlaxcala_1 - INFO -   Token-based candidates: 0
2026-07-29 15:14:21 - matching_Tlaxcala_1 - WARNING -   No candidates found - relegated
2026-07-29 15:14:21 - matching_Tlaxcala_1 - INFO - Processing row 230, rowID=231
2026-07-29 15:14:21 - matching_Tlaxcala_1 - INFO - 
============================================================
2026-07-29 15:14:21 - matching_Tlaxcala_1 - INFO - Processing rowID=231: 'Atlixtaca' -> cleaned: 'atlixtaca'
2026-07-29 15:14:21 - matching_Tlaxcala_1 - INFO -   Territorial context: jurisdiccion='tlaxcala' -> allowed rows: 110
2026-07-29 15:14:21 - matching_Tlaxcala_1 - INFO -   Token-based candidates: 0
2026-07-29 15:14:21 - matching_Tlaxcala_1 - WARNING -   No candidates found - relegated
2026-07-29 15:14:21 - matching_Tlaxcala_1 - INFO - 
============================================================
2026-07-29 15:14:21 - matching_Tlaxcala_1 - INFO - Processing rowID=232: 'San Jacinto Aticpaque' -> cleaned: 'san jacinto aticpaque'
2026-07-29 15:14:21 - matching_Tlaxcala_1 - INFO -   Territorial context: jurisdiccion='tlaxcala' -> allowed rows: 110
2026-07-29 15:14:21 - matching_Tlaxcala_1 - INFO -   Token-based candidates: 70
2026-07-29 15:14:21 - matching_Tlaxcala_1 - INFO -   Filtering: need match on substantive tokens: ['jacinto', 'aticpaque'] OR 2+ total tokens
2026-07-29 15:14:21 - matching_Tlaxcala_1 - INFO -   Fuzzy matches (score >= 70, limit=500): 3
2026-07-29 15:14:21 - matching_Tlaxcala_1 - DEBUG -     gz_id=1004102 'san cimon' score=0.778 nombre=False saint_only=False terr=jurisdiccion_exact phase=relegated
2026-07-29 15:14:21 - matching_Tlaxcala_1 - DEBUG -     gz_id=1004103 'san cimon' score=0.778 nombre=False saint_only=False terr=jurisdiccion_exact phase=relegated
2026-07-29 15:14:21 - matching_Tlaxcala_1 - DEBUG -     gz_id=1004096 'san jorje' score=0.714 nombre=False saint_only=False terr=jurisdiccion_exact phase=relegated
2026-07-29 15:14:21 - matching_Tlaxcala_1 - INFO -   Before dedup: 3 candidates
2026-07-29 15:14:21 - matching_Tlaxcala_1 - INFO -   After dedup: 3 unique gz_ids
2026-07-29 15:14:21 - matching_Tlaxcala_1 - INFO -   Input has territorial data: True
2026-07-29 15:14:21 - matching_Tlaxcala_1 - INFO -   Candidates with territory match: 3
2026-07-29 15:14:21 - matching_Tlaxcala_1 - INFO -   After territorial filter (keeping jurisdiccion): 3 candidates
2026-07-29 15:14:21 - matching_Tlaxcala_1 - INFO -   Nombre matches (exact on lugar_nombre): 0
2026-07-29 15:14:21 - matching_Tlaxcala_1 - INFO -   Saint-only matches: 0
2026-07-29 15:14:21 - matching_Tlaxcala_1 - INFO -   Substantive matches: 3
2026-07-29 15:14:21 - matching_Tlaxcala_1 - INFO -   Candidate pool (>= threshold): 0
2026-07-29 15:14:21 - matching_Tlaxcala_1 - WARNING -   No candidate above threshold - relegated
2026-07-29 15:14:21 - matching_Tlaxcala_1 - INFO - 
============================================================
2026-07-29 15:14:21 - matching_Tlaxcala_1 - INFO - Processing rowID=233: 'Gucicalco' -> cleaned: 'hucicalco'
2026-07-29 15:14:21 - matching_Tlaxcala_1 - INFO -   Territorial context: jurisdiccion='tlaxcala' -> allowed rows: 110
2026-07-29 15:14:21 - matching_Tlaxcala_1 - INFO -   Token-based candidates: 0
2026-07-29 15:14:21 - matching_Tlaxcala_1 - WARNING -   No candidates found - relegated
2026-07-29 15:14:21 - matching_Tlaxcala_1 - INFO - 
============================================================
2026-07-29 15:14:21 - matching_Tlaxcala_1 - INFO - Processing rowID=234: 'Cobalonga' -> cleaned: 'cobalonga'
2026-07-29 15:14:21 - matching_Tlaxcala_1 - INFO -   Territorial context: jurisdiccion='tlaxcala' -> allowed rows: 110
2026-07-29 15:14:21 - matching_Tlaxcala_1 - INFO -   Token-based candidates: 0
2026-07-29 15:14:21 - matching_Tlaxcala_1 - WARNING -   No candidates found - relegated
2026-07-29 15:14:21 - matching_Tlaxcala_1 - INFO - 
============================================================
2026-07-29 15:14:21 - matching_Tlaxcala_1 - INFO - Processing rowID=235: 'Atecosco' -> cleaned: 'atecosco'
2026-07-29 15:14:21 - matching_Tlaxcala_1 - INFO -   Territorial context: jurisdiccion='tlaxcala' -> allowed rows: 110
2026-07-29 15:14:21 - matching_Tlaxcala_1 - INFO -   Token-based candidates: 0
2026-07-29 15:14:21 - matching_Tlaxcala_1 - WARNING -   No candidates found - relegated
2026-07-29 15:14:21 - matching_Tlaxcala_1 - INFO - 
============================================================
2026-07-29 15:14:21 - matching_Tlaxcala_1 - INFO - Processing rowID=236: 'Quichaque' -> cleaned: 'quichaque'
2026-07-29 15:14:21 - matching_Tlaxcala_1 - INFO -   Territorial context: jurisdiccion='tlaxcala' -> allowed rows: 110
2026-07-29 15:14:21 - matching_Tlaxcala_1 - INFO -   Token-based candidates: 0
2026-07-29 15:14:21 - matching_Tlaxcala_1 - WARNING -   No candidates found - relegated
2026-07-29 15:14:21 - matching_Tlaxcala_1 - INFO - 
============================================================
2026-07-29 15:14:21 - matching_Tlaxcala_1 - INFO - Processing rowID=237: 'X.l...npusco' -> cleaned: 'x l npusco'
2026-07-29 15:14:21 - matching_Tlaxcala_1 - INFO -   Territorial context: jurisdiccion='tlaxcala' -> allowed rows: 110
2026-07-29 15:14:21 - matching_Tlaxcala_1 - INFO -   Token-based candidates: 0
2026-07-29 15:14:21 - matching_Tlaxcala_1 - WARNING -   No candidates found - relegated
2026-07-29 15:14:21 - matching_Tlaxcala_1 - INFO - 
============================================================
2026-07-29 15:14:21 - matching_Tlaxcala_1 - INFO - Processing rowID=238: 'San Miguel Atescacinco' -> cleaned: 'san mihuel atescacinco'
2026-07-29 15:14:21 - matching_Tlaxcala_1 - INFO -   Territorial context: jurisdiccion='tlaxcala' -> allowed rows: 110
2026-07-29 15:14:21 - matching_Tlaxcala_1 - INFO -   Token-based candidates: 70
2026-07-29 15:14:21 - matching_Tlaxcala_1 - INFO -   Filtering: need match on substantive tokens: ['mihuel', 'atescacinco'] OR 2+ total tokens
2026-07-29 15:14:21 - matching_Tlaxcala_1 - INFO -   After filtering weak token matches: 4 candidates
2026-07-29 15:14:21 - matching_Tlaxcala_1 - INFO -   Fuzzy matches (score >= 70, limit=500): 4
2026-07-29 15:14:21 - matching_Tlaxcala_1 - DEBUG -     gz_id=1004100 'san mihuelito' score=0.870 nombre=False saint_only=False terr=jurisdiccion_exact phase=candidate
2026-07-29 15:14:21 - matching_Tlaxcala_1 - DEBUG -     gz_id=1004108 'tenancingo' score=0.829 nombre=False saint_only=False terr=jurisdiccion_exact phase=relegated
2026-07-29 15:14:21 - matching_Tlaxcala_1 - DEBUG -     gz_id=1004099 'san mihuel milagro' score=0.800 nombre=False saint_only=False terr=jurisdiccion_exact phase=relegated
2026-07-29 15:14:21 - matching_Tlaxcala_1 - DEBUG -     gz_id=1004140 'jochitecatitla' score=0.727 nombre=False saint_only=False terr=jurisdiccion_exact phase=relegated
2026-07-29 15:14:21 - matching_Tlaxcala_1 - INFO -   Before dedup: 4 candidates
2026-07-29 15:14:21 - matching_Tlaxcala_1 - INFO -   After dedup: 4 unique gz_ids
2026-07-29 15:14:21 - matching_Tlaxcala_1 - INFO -   Input has territorial data: True
2026-07-29 15:14:21 - matching_Tlaxcala_1 - INFO -   Candidates with territory match: 4
2026-07-29 15:14:21 - matching_Tlaxcala_1 - INFO -   After territorial filter (keeping jurisdiccion): 4 candidates
2026-07-29 15:14:21 - matching_Tlaxcala_1 - INFO -   Nombre matches (exact on lugar_nombre): 0
2026-07-29 15:14:21 - matching_Tlaxcala_1 - INFO -   Saint-only matches: 0
2026-07-29 15:14:21 - matching_Tlaxcala_1 - INFO -   Substantive matches: 4
2026-07-29 15:14:21 - matching_Tlaxcala_1 - INFO -   Candidate pool (>= threshold): 3
2026-07-29 15:14:21 - matching_Tlaxcala_1 - INFO -   3 candidate(s) -> candidate
2026-07-29 15:14:21 - matching_Tlaxcala_1 - INFO - 
============================================================
2026-07-29 15:14:21 - matching_Tlaxcala_1 - INFO - Processing rowID=239: 'San Pedro Zotoluca' -> cleaned: 'san pedro sotoluca'
2026-07-29 15:14:21 - matching_Tlaxcala_1 - INFO -   Territorial context: jurisdiccion='tlaxcala' -> allowed rows: 110
2026-07-29 15:14:21 - matching_Tlaxcala_1 - INFO -   Token-based candidates: 70
2026-07-29 15:14:21 - matching_Tlaxcala_1 - INFO -   Filtering: need match on substantive tokens: ['sotoluca', 'pedro'] OR 2+ total tokens
2026-07-29 15:14:22 - matching_Tlaxcala_1 - INFO -   After filtering weak token matches: 1 candidates
2026-07-29 15:14:22 - matching_Tlaxcala_1 - INFO -   Fuzzy matches (score >= 70, limit=500): 1
2026-07-29 15:14:22 - matching_Tlaxcala_1 - DEBUG -     gz_id=1004128 'tlalcuapan' score=0.839 nombre=False saint_only=False terr=jurisdiccion_exact phase=relegated
2026-07-29 15:14:22 - matching_Tlaxcala_1 - INFO -   Before dedup: 1 candidates
2026-07-29 15:14:22 - matching_Tlaxcala_1 - INFO -   After dedup: 1 unique gz_ids
2026-07-29 15:14:22 - matching_Tlaxcala_1 - INFO -   Input has territorial data: True
2026-07-29 15:14:22 - matching_Tlaxcala_1 - INFO -   Candidates with territory match: 1
2026-07-29 15:14:22 - matching_Tlaxcala_1 - INFO -   After territorial filter (keeping jurisdiccion): 1 candidates
2026-07-29 15:14:22 - matching_Tlaxcala_1 - INFO -   Nombre matches (exact on lugar_nombre): 0
2026-07-29 15:14:22 - matching_Tlaxcala_1 - INFO -   Saint-only matches: 0
2026-07-29 15:14:22 - matching_Tlaxcala_1 - INFO -   Substantive matches: 1
2026-07-29 15:14:22 - matching_Tlaxcala_1 - INFO -   Candidate pool (>= threshold): 1
2026-07-29 15:14:22 - matching_Tlaxcala_1 - INFO -   1 candidate(s) -> candidate
2026-07-29 15:14:22 - matching_Tlaxcala_1 - INFO - 
============================================================
2026-07-29 15:14:22 - matching_Tlaxcala_1 - INFO - Processing rowID=240: 'San Antonio Acopinalco' -> cleaned: 'san antonio acopinalco'
2026-07-29 15:14:22 - matching_Tlaxcala_1 - INFO -   Territorial context: jurisdiccion='tlaxcala' -> allowed rows: 110
2026-07-29 15:14:22 - matching_Tlaxcala_1 - INFO -   Token-based candidates: 70
2026-07-29 15:14:22 - matching_Tlaxcala_1 - INFO -   Filtering: need match on substantive tokens: ['acopinalco', 'antonio'] OR 2+ total tokens
2026-07-29 15:14:22 - matching_Tlaxcala_1 - INFO -   After filtering weak token matches: 2 candidates
2026-07-29 15:14:22 - matching_Tlaxcala_1 - INFO -   Fuzzy matches (score >= 70, limit=500): 2
2026-07-29 15:14:22 - matching_Tlaxcala_1 - DEBUG -     gz_id=1004040 'acuamanala' score=0.791 nombre=False saint_only=False terr=jurisdiccion_exact phase=relegated
2026-07-29 15:14:22 - matching_Tlaxcala_1 - DEBUG -     gz_id=1004068 'cuajomulco' score=0.773 nombre=False saint_only=False terr=jurisdiccion_exact phase=relegated
2026-07-29 15:14:22 - matching_Tlaxcala_1 - INFO -   Before dedup: 2 candidates
2026-07-29 15:14:22 - matching_Tlaxcala_1 - INFO -   After dedup: 2 unique gz_ids
2026-07-29 15:14:22 - matching_Tlaxcala_1 - INFO -   Input has territorial data: True
2026-07-29 15:14:22 - matching_Tlaxcala_1 - INFO -   Candidates with territory match: 2
2026-07-29 15:14:22 - matching_Tlaxcala_1 - INFO -   After territorial filter (keeping jurisdiccion): 2 candidates
2026-07-29 15:14:22 - matching_Tlaxcala_1 - INFO -   Nombre matches (exact on lugar_nombre): 0
2026-07-29 15:14:22 - matching_Tlaxcala_1 - INFO -   Saint-only matches: 0
2026-07-29 15:14:22 - matching_Tlaxcala_1 - INFO -   Substantive matches: 2
2026-07-29 15:14:22 - matching_Tlaxcala_1 - INFO -   Candidate pool (>= threshold): 0
2026-07-29 15:14:22 - matching_Tlaxcala_1 - WARNING -   No candidate above threshold - relegated
2026-07-29 15:14:22 - matching_Tlaxcala_1 - INFO - Processing row 240, rowID=241
2026-07-29 15:14:22 - matching_Tlaxcala_1 - INFO - 
============================================================
2026-07-29 15:14:22 - matching_Tlaxcala_1 - INFO - Processing rowID=241: 'San Buenaventura' -> cleaned: 'san buenabentura'
2026-07-29 15:14:22 - matching_Tlaxcala_1 - INFO -   Territorial context: jurisdiccion='tlaxcala' -> allowed rows: 110
2026-07-29 15:14:22 - matching_Tlaxcala_1 - INFO -   Token-based candidates: 70
2026-07-29 15:14:22 - matching_Tlaxcala_1 - INFO -   Filtering: need match on substantive tokens: ['buenabentura'] OR 2+ total tokens
2026-07-29 15:14:22 - matching_Tlaxcala_1 - INFO -   Fuzzy matches (score >= 70, limit=500): 1
2026-07-29 15:14:22 - matching_Tlaxcala_1 - DEBUG -     gz_id=1004045 'amajac' score=0.759 nombre=False saint_only=False terr=jurisdiccion_exact phase=relegated
2026-07-29 15:14:22 - matching_Tlaxcala_1 - INFO -   Before dedup: 1 candidates
2026-07-29 15:14:22 - matching_Tlaxcala_1 - INFO -   After dedup: 1 unique gz_ids
2026-07-29 15:14:22 - matching_Tlaxcala_1 - INFO -   Input has territorial data: True
2026-07-29 15:14:22 - matching_Tlaxcala_1 - INFO -   Candidates with territory match: 1
2026-07-29 15:14:22 - matching_Tlaxcala_1 - INFO -   After territorial filter (keeping jurisdiccion): 1 candidates
2026-07-29 15:14:22 - matching_Tlaxcala_1 - INFO -   Nombre matches (exact on lugar_nombre): 0
2026-07-29 15:14:22 - matching_Tlaxcala_1 - INFO -   Saint-only matches: 0
2026-07-29 15:14:22 - matching_Tlaxcala_1 - INFO -   Substantive matches: 1
2026-07-29 15:14:22 - matching_Tlaxcala_1 - INFO -   Candidate pool (>= threshold): 0
2026-07-29 15:14:22 - matching_Tlaxcala_1 - WARNING -   No candidate above threshold - relegated
2026-07-29 15:14:22 - matching_Tlaxcala_1 - INFO - 
============================================================
2026-07-29 15:14:22 - matching_Tlaxcala_1 - INFO - Processing rowID=242: 'Huexotitlan' -> cleaned: 'huejotitlan'
2026-07-29 15:14:22 - matching_Tlaxcala_1 - INFO -   Territorial context: jurisdiccion='tlaxcala' -> allowed rows: 110
2026-07-29 15:14:22 - matching_Tlaxcala_1 - INFO -   Token-based candidates: 0
2026-07-29 15:14:22 - matching_Tlaxcala_1 - WARNING -   No candidates found - relegated
2026-07-29 15:14:22 - matching_Tlaxcala_1 - INFO - 
============================================================
2026-07-29 15:14:22 - matching_Tlaxcala_1 - INFO - Processing rowID=243: 'San Bartolomé' -> cleaned: 'san bartolome'
2026-07-29 15:14:22 - matching_Tlaxcala_1 - INFO -   Territorial context: jurisdiccion='tlaxcala' -> allowed rows: 110
2026-07-29 15:14:22 - matching_Tlaxcala_1 - INFO -   Token-based candidates: 70
2026-07-29 15:14:22 - matching_Tlaxcala_1 - INFO -   Filtering: need match on substantive tokens: ['bartolome'] OR 2+ total tokens
2026-07-29 15:14:22 - matching_Tlaxcala_1 - INFO -   After filtering weak token matches: 3 candidates
2026-07-29 15:14:22 - matching_Tlaxcala_1 - INFO -   Fuzzy matches (score >= 70, limit=500): 3
2026-07-29 15:14:22 - matching_Tlaxcala_1 - DEBUG -     gz_id=1004064 'cuahuixmatlac' score=1.000 nombre=False saint_only=True terr=jurisdiccion_exact phase=candidate
2026-07-29 15:14:22 - matching_Tlaxcala_1 - DEBUG -     gz_id=1004082 'matlalohcan' score=1.000 nombre=False saint_only=True terr=jurisdiccion_exact phase=candidate
2026-07-29 15:14:22 - matching_Tlaxcala_1 - DEBUG -     gz_id=1004109 'tenango' score=1.000 nombre=False saint_only=True terr=jurisdiccion_exact phase=candidate
2026-07-29 15:14:22 - matching_Tlaxcala_1 - INFO -   Before dedup: 3 candidates
2026-07-29 15:14:22 - matching_Tlaxcala_1 - INFO -   After dedup: 3 unique gz_ids
2026-07-29 15:14:22 - matching_Tlaxcala_1 - INFO -   Input has territorial data: True
2026-07-29 15:14:22 - matching_Tlaxcala_1 - INFO -   Candidates with territory match: 3
2026-07-29 15:14:22 - matching_Tlaxcala_1 - INFO -   After territorial filter (keeping jurisdiccion): 3 candidates
2026-07-29 15:14:22 - matching_Tlaxcala_1 - INFO -   Nombre matches (exact on lugar_nombre): 0
2026-07-29 15:14:22 - matching_Tlaxcala_1 - INFO -   Saint-only matches: 3
2026-07-29 15:14:22 - matching_Tlaxcala_1 - INFO -   Substantive matches: 0
2026-07-29 15:14:22 - matching_Tlaxcala_1 - INFO -   Candidate pool (>= threshold): 3
2026-07-29 15:14:22 - matching_Tlaxcala_1 - INFO -   3 candidate(s) -> candidate
2026-07-29 15:14:22 - matching_Tlaxcala_1 - INFO - 
============================================================
2026-07-29 15:14:22 - matching_Tlaxcala_1 - INFO - Processing rowID=244: 'Zacapexco' -> cleaned: 'sacapexco'
2026-07-29 15:14:22 - matching_Tlaxcala_1 - INFO -   Territorial context: jurisdiccion='tlaxcala' -> allowed rows: 110
2026-07-29 15:14:22 - matching_Tlaxcala_1 - INFO -   Token-based candidates: 0
2026-07-29 15:14:22 - matching_Tlaxcala_1 - WARNING -   No candidates found - relegated
2026-07-29 15:14:22 - matching_Tlaxcala_1 - INFO - 
============================================================
2026-07-29 15:14:22 - matching_Tlaxcala_1 - INFO - Processing rowID=245: 'Socaque' -> cleaned: 'socaque'
2026-07-29 15:14:22 - matching_Tlaxcala_1 - INFO -   Territorial context: jurisdiccion='tlaxcala' -> allowed rows: 110
2026-07-29 15:14:22 - matching_Tlaxcala_1 - INFO -   Token-based candidates: 0
2026-07-29 15:14:22 - matching_Tlaxcala_1 - WARNING -   No candidates found - relegated
2026-07-29 15:14:22 - matching_Tlaxcala_1 - INFO - 
============================================================
2026-07-29 15:14:22 - matching_Tlaxcala_1 - INFO - Processing rowID=246: 'Tepezalam' -> cleaned: 'tepesalam'
2026-07-29 15:14:22 - matching_Tlaxcala_1 - INFO -   Territorial context: jurisdiccion='tlaxcala' -> allowed rows: 110
2026-07-29 15:14:22 - matching_Tlaxcala_1 - INFO -   Token-based candidates: 0
2026-07-29 15:14:22 - matching_Tlaxcala_1 - WARNING -   No candidates found - relegated
2026-07-29 15:14:22 - matching_Tlaxcala_1 - INFO - 
============================================================
2026-07-29 15:14:22 - matching_Tlaxcala_1 - INFO - Processing rowID=247: 'Zotoluca' -> cleaned: 'sotoluca'
2026-07-29 15:14:22 - matching_Tlaxcala_1 - INFO -   Territorial context: jurisdiccion='tlaxcala' -> allowed rows: 110
2026-07-29 15:14:22 - matching_Tlaxcala_1 - INFO -   Token-based candidates: 0
2026-07-29 15:14:22 - matching_Tlaxcala_1 - WARNING -   No candidates found - relegated
2026-07-29 15:14:22 - matching_Tlaxcala_1 - INFO - 
============================================================
2026-07-29 15:14:22 - matching_Tlaxcala_1 - INFO - Processing rowID=248: 'Toltecapa' -> cleaned: 'toltecapa'
2026-07-29 15:14:22 - matching_Tlaxcala_1 - INFO -   Territorial context: jurisdiccion='tlaxcala' -> allowed rows: 110
2026-07-29 15:14:22 - matching_Tlaxcala_1 - INFO -   Token-based candidates: 0
2026-07-29 15:14:22 - matching_Tlaxcala_1 - WARNING -   No candidates found - relegated
2026-07-29 15:14:22 - matching_Tlaxcala_1 - INFO - 
============================================================
2026-07-29 15:14:22 - matching_Tlaxcala_1 - INFO - Processing rowID=249: 'La  Palma' -> cleaned: 'palma'
2026-07-29 15:14:22 - matching_Tlaxcala_1 - INFO -   Territorial context: jurisdiccion='tlaxcala' -> allowed rows: 110
2026-07-29 15:14:22 - matching_Tlaxcala_1 - INFO -   Token-based candidates: 0
2026-07-29 15:14:22 - matching_Tlaxcala_1 - WARNING -   No candidates found - relegated
2026-07-29 15:14:22 - matching_Tlaxcala_1 - INFO - 
============================================================
2026-07-29 15:14:22 - matching_Tlaxcala_1 - INFO - Processing rowID=250: 'Toloquilla' -> cleaned: 'toloquilla'
2026-07-29 15:14:22 - matching_Tlaxcala_1 - INFO -   Territorial context: jurisdiccion='tlaxcala' -> allowed rows: 110
2026-07-29 15:14:22 - matching_Tlaxcala_1 - INFO -   Token-based candidates: 0
2026-07-29 15:14:22 - matching_Tlaxcala_1 - WARNING -   No candidates found - relegated
2026-07-29 15:14:22 - matching_Tlaxcala_1 - INFO - Processing row 250, rowID=251
2026-07-29 15:14:22 - matching_Tlaxcala_1 - INFO - 
============================================================
2026-07-29 15:14:22 - matching_Tlaxcala_1 - INFO - Processing rowID=251: 'Tlacotla' -> cleaned: 'tlacotla'
2026-07-29 15:14:22 - matching_Tlaxcala_1 - INFO -   Territorial context: jurisdiccion='tlaxcala' -> allowed rows: 110
2026-07-29 15:14:22 - matching_Tlaxcala_1 - INFO -   Token-based candidates: 1
2026-07-29 15:14:22 - matching_Tlaxcala_1 - INFO -   Fuzzy matches (score >= 70, limit=500): 1
2026-07-29 15:14:22 - matching_Tlaxcala_1 - DEBUG -     gz_id=1004043 'acjotla' score=0.923 nombre=False saint_only=False terr=jurisdiccion_exact phase=auto_adopt
2026-07-29 15:14:22 - matching_Tlaxcala_1 - INFO -   Before dedup: 1 candidates
2026-07-29 15:14:22 - matching_Tlaxcala_1 - INFO -   After dedup: 1 unique gz_ids
2026-07-29 15:14:22 - matching_Tlaxcala_1 - INFO -   Input has territorial data: True
2026-07-29 15:14:22 - matching_Tlaxcala_1 - INFO -   Candidates with territory match: 1
2026-07-29 15:14:22 - matching_Tlaxcala_1 - INFO -   After territorial filter (keeping jurisdiccion): 1 candidates
2026-07-29 15:14:22 - matching_Tlaxcala_1 - INFO -   Nombre matches (exact on lugar_nombre): 0
2026-07-29 15:14:22 - matching_Tlaxcala_1 - INFO -   Saint-only matches: 0
2026-07-29 15:14:22 - matching_Tlaxcala_1 - INFO -   Substantive matches: 1
2026-07-29 15:14:22 - matching_Tlaxcala_1 - INFO -   Candidate pool (>= threshold): 1
2026-07-29 15:14:22 - matching_Tlaxcala_1 - INFO -   Single unambiguous strong hit -> auto_adopt
2026-07-29 15:14:22 - matching_Tlaxcala_1 - INFO - 
============================================================
2026-07-29 15:14:22 - matching_Tlaxcala_1 - INFO - Processing rowID=252: 'Tecamacal' -> cleaned: 'tecamacal'
2026-07-29 15:14:22 - matching_Tlaxcala_1 - INFO -   Territorial context: jurisdiccion='tlaxcala' -> allowed rows: 110
2026-07-29 15:14:22 - matching_Tlaxcala_1 - INFO -   Token-based candidates: 0
2026-07-29 15:14:22 - matching_Tlaxcala_1 - WARNING -   No candidates found - relegated
2026-07-29 15:14:22 - matching_Tlaxcala_1 - INFO - 
============================================================
2026-07-29 15:14:22 - matching_Tlaxcala_1 - INFO - Processing rowID=253: 'San José' -> cleaned: 'san joce'
2026-07-29 15:14:22 - matching_Tlaxcala_1 - INFO -   Territorial context: jurisdiccion='tlaxcala' -> allowed rows: 110
2026-07-29 15:14:22 - matching_Tlaxcala_1 - INFO -   Token-based candidates: 70
2026-07-29 15:14:22 - matching_Tlaxcala_1 - INFO -   Filtering: need match on substantive tokens: ['joce'] OR 2+ total tokens
2026-07-29 15:14:22 - matching_Tlaxcala_1 - INFO -   After filtering weak token matches: 1 candidates
2026-07-29 15:14:22 - matching_Tlaxcala_1 - INFO -   Fuzzy matches (score >= 70, limit=500): 1
2026-07-29 15:14:22 - matching_Tlaxcala_1 - DEBUG -     gz_id=1004061 'chimalpa' score=1.000 nombre=False saint_only=True terr=jurisdiccion_exact phase=candidate
2026-07-29 15:14:22 - matching_Tlaxcala_1 - INFO -   Before dedup: 1 candidates
2026-07-29 15:14:22 - matching_Tlaxcala_1 - INFO -   After dedup: 1 unique gz_ids
2026-07-29 15:14:22 - matching_Tlaxcala_1 - INFO -   Input has territorial data: True
2026-07-29 15:14:22 - matching_Tlaxcala_1 - INFO -   Candidates with territory match: 1
2026-07-29 15:14:22 - matching_Tlaxcala_1 - INFO -   After territorial filter (keeping jurisdiccion): 1 candidates
2026-07-29 15:14:22 - matching_Tlaxcala_1 - INFO -   Nombre matches (exact on lugar_nombre): 0
2026-07-29 15:14:22 - matching_Tlaxcala_1 - INFO -   Saint-only matches: 1
2026-07-29 15:14:22 - matching_Tlaxcala_1 - INFO -   Substantive matches: 0
2026-07-29 15:14:22 - matching_Tlaxcala_1 - INFO -   Candidate pool (>= threshold): 1
2026-07-29 15:14:22 - matching_Tlaxcala_1 - INFO -   1 candidate(s) -> candidate
2026-07-29 15:14:22 - matching_Tlaxcala_1 - INFO - 
============================================================
2026-07-29 15:14:22 - matching_Tlaxcala_1 - INFO - Processing rowID=254: 'La Puerta' -> cleaned: 'puerta'
2026-07-29 15:14:22 - matching_Tlaxcala_1 - INFO -   Territorial context: jurisdiccion='tlaxcala' -> allowed rows: 110
2026-07-29 15:14:22 - matching_Tlaxcala_1 - INFO -   Token-based candidates: 0
2026-07-29 15:14:22 - matching_Tlaxcala_1 - WARNING -   No candidates found - relegated
2026-07-29 15:14:22 - matching_Tlaxcala_1 - INFO - 
============================================================
2026-07-29 15:14:22 - matching_Tlaxcala_1 - INFO - Processing rowID=255: 'El Carmen' -> cleaned: 'carmen'
2026-07-29 15:14:22 - matching_Tlaxcala_1 - INFO -   Territorial context: jurisdiccion='tlaxcala' -> allowed rows: 110
2026-07-29 15:14:22 - matching_Tlaxcala_1 - INFO -   Token-based candidates: 1
2026-07-29 15:14:22 - matching_Tlaxcala_1 - INFO -   Fuzzy matches (score >= 70, limit=500): 1
2026-07-29 15:14:22 - matching_Tlaxcala_1 - DEBUG -     gz_id=1004056 'astama' score=1.000 nombre=False saint_only=True terr=jurisdiccion_exact phase=candidate
2026-07-29 15:14:22 - matching_Tlaxcala_1 - INFO -   Before dedup: 1 candidates
2026-07-29 15:14:22 - matching_Tlaxcala_1 - INFO -   After dedup: 1 unique gz_ids
2026-07-29 15:14:22 - matching_Tlaxcala_1 - INFO -   Input has territorial data: True
2026-07-29 15:14:22 - matching_Tlaxcala_1 - INFO -   Candidates with territory match: 1
2026-07-29 15:14:22 - matching_Tlaxcala_1 - INFO -   After territorial filter (keeping jurisdiccion): 1 candidates
2026-07-29 15:14:22 - matching_Tlaxcala_1 - INFO -   Nombre matches (exact on lugar_nombre): 0
2026-07-29 15:14:22 - matching_Tlaxcala_1 - INFO -   Saint-only matches: 1
2026-07-29 15:14:22 - matching_Tlaxcala_1 - INFO -   Substantive matches: 0
2026-07-29 15:14:22 - matching_Tlaxcala_1 - INFO -   Candidate pool (>= threshold): 1
2026-07-29 15:14:22 - matching_Tlaxcala_1 - INFO -   1 candidate(s) -> candidate
2026-07-29 15:14:22 - matching_Tlaxcala_1 - INFO - 
============================================================
2026-07-29 15:14:22 - matching_Tlaxcala_1 - INFO - Processing rowID=256: 'Zoltepeque' -> cleaned: 'soltepeque'
2026-07-29 15:14:22 - matching_Tlaxcala_1 - INFO -   Territorial context: jurisdiccion='tlaxcala' -> allowed rows: 110
2026-07-29 15:14:22 - matching_Tlaxcala_1 - INFO -   Token-based candidates: 0
2026-07-29 15:14:22 - matching_Tlaxcala_1 - WARNING -   No candidates found - relegated
2026-07-29 15:14:22 - matching_Tlaxcala_1 - INFO - 
============================================================
2026-07-29 15:14:22 - matching_Tlaxcala_1 - INFO - Processing rowID=257: 'Caballero' -> cleaned: 'caballero'
2026-07-29 15:14:22 - matching_Tlaxcala_1 - INFO -   Territorial context: jurisdiccion='tlaxcala' -> allowed rows: 110
2026-07-29 15:14:22 - matching_Tlaxcala_1 - INFO -   Token-based candidates: 0
2026-07-29 15:14:22 - matching_Tlaxcala_1 - WARNING -   No candidates found - relegated
2026-07-29 15:14:22 - matching_Tlaxcala_1 - INFO - 
============================================================
2026-07-29 15:14:22 - matching_Tlaxcala_1 - INFO - Processing rowID=258: 'Guizye' -> cleaned: 'huicie'
2026-07-29 15:14:22 - matching_Tlaxcala_1 - INFO -   Territorial context: jurisdiccion='tlaxcala' -> allowed rows: 110
2026-07-29 15:14:22 - matching_Tlaxcala_1 - INFO -   Token-based candidates: 0
2026-07-29 15:14:22 - matching_Tlaxcala_1 - WARNING -   No candidates found - relegated
2026-07-29 15:14:22 - matching_Tlaxcala_1 - INFO - 
============================================================
2026-07-29 15:14:22 - matching_Tlaxcala_1 - INFO - Processing rowID=259: 'San Lorenzo' -> cleaned: 'san lorenso'
2026-07-29 15:14:22 - matching_Tlaxcala_1 - INFO -   Territorial context: jurisdiccion='tlaxcala' -> allowed rows: 110
2026-07-29 15:14:22 - matching_Tlaxcala_1 - INFO -   Token-based candidates: 70
2026-07-29 15:14:22 - matching_Tlaxcala_1 - INFO -   Filtering: need match on substantive tokens: ['lorenso'] OR 2+ total tokens
2026-07-29 15:14:22 - matching_Tlaxcala_1 - INFO -   After filtering weak token matches: 3 candidates
2026-07-29 15:14:22 - matching_Tlaxcala_1 - INFO -   Fuzzy matches (score >= 70, limit=500): 3
2026-07-29 15:14:22 - matching_Tlaxcala_1 - DEBUG -     gz_id=1004052 'ajocomanitla' score=1.000 nombre=False saint_only=True terr=jurisdiccion_exact phase=candidate
2026-07-29 15:14:22 - matching_Tlaxcala_1 - DEBUG -     gz_id=1004059 'chaquitla' score=1.000 nombre=False saint_only=True terr=jurisdiccion_exact phase=candidate
2026-07-29 15:14:22 - matching_Tlaxcala_1 - DEBUG -     gz_id=1004066 'cuapiaxtla' score=1.000 nombre=False saint_only=True terr=jurisdiccion_exact phase=candidate
2026-07-29 15:14:22 - matching_Tlaxcala_1 - INFO -   Before dedup: 3 candidates
2026-07-29 15:14:22 - matching_Tlaxcala_1 - INFO -   After dedup: 3 unique gz_ids
2026-07-29 15:14:22 - matching_Tlaxcala_1 - INFO -   Input has territorial data: True
2026-07-29 15:14:22 - matching_Tlaxcala_1 - INFO -   Candidates with territory match: 3
2026-07-29 15:14:22 - matching_Tlaxcala_1 - INFO -   After territorial filter (keeping jurisdiccion): 3 candidates
2026-07-29 15:14:22 - matching_Tlaxcala_1 - INFO -   Nombre matches (exact on lugar_nombre): 0
2026-07-29 15:14:22 - matching_Tlaxcala_1 - INFO -   Saint-only matches: 3
2026-07-29 15:14:22 - matching_Tlaxcala_1 - INFO -   Substantive matches: 0
2026-07-29 15:14:22 - matching_Tlaxcala_1 - INFO -   Candidate pool (>= threshold): 3
2026-07-29 15:14:22 - matching_Tlaxcala_1 - INFO -   3 candidate(s) -> candidate
2026-07-29 15:14:22 - matching_Tlaxcala_1 - INFO - 
============================================================
2026-07-29 15:14:22 - matching_Tlaxcala_1 - INFO - Processing rowID=260: 'Santa Cruz' -> cleaned: 'santa crus'
2026-07-29 15:14:22 - matching_Tlaxcala_1 - INFO -   Territorial context: jurisdiccion='tlaxcala' -> allowed rows: 110
2026-07-29 15:14:22 - matching_Tlaxcala_1 - INFO -   Token-based candidates: 24
2026-07-29 15:14:22 - matching_Tlaxcala_1 - INFO -   Filtering: need match on substantive tokens: ['crus'] OR 2+ total tokens
2026-07-29 15:14:22 - matching_Tlaxcala_1 - INFO -   After filtering weak token matches: 1 candidates
2026-07-29 15:14:22 - matching_Tlaxcala_1 - INFO -   Fuzzy matches (score >= 70, limit=500): 1
2026-07-29 15:14:22 - matching_Tlaxcala_1 - DEBUG -     gz_id=1004130 'santa crus tlaxcala' score=1.000 nombre=False saint_only=True terr=jurisdiccion_exact phase=candidate
2026-07-29 15:14:22 - matching_Tlaxcala_1 - INFO -   Before dedup: 1 candidates
2026-07-29 15:14:22 - matching_Tlaxcala_1 - INFO -   After dedup: 1 unique gz_ids
2026-07-29 15:14:22 - matching_Tlaxcala_1 - INFO -   Input has territorial data: True
2026-07-29 15:14:22 - matching_Tlaxcala_1 - INFO -   Candidates with territory match: 1
2026-07-29 15:14:22 - matching_Tlaxcala_1 - INFO -   After territorial filter (keeping jurisdiccion): 1 candidates
2026-07-29 15:14:22 - matching_Tlaxcala_1 - INFO -   Nombre matches (exact on lugar_nombre): 0
2026-07-29 15:14:22 - matching_Tlaxcala_1 - INFO -   Saint-only matches: 1
2026-07-29 15:14:22 - matching_Tlaxcala_1 - INFO -   Substantive matches: 0
2026-07-29 15:14:22 - matching_Tlaxcala_1 - INFO -   Candidate pool (>= threshold): 1
2026-07-29 15:14:22 - matching_Tlaxcala_1 - INFO -   1 candidate(s) -> candidate
2026-07-29 15:14:22 - matching_Tlaxcala_1 - INFO - Processing row 260, rowID=261
2026-07-29 15:14:22 - matching_Tlaxcala_1 - INFO - 
============================================================
2026-07-29 15:14:22 - matching_Tlaxcala_1 - INFO - Processing rowID=261: 'San Miguel' -> cleaned: 'san mihuel'
2026-07-29 15:14:22 - matching_Tlaxcala_1 - INFO -   Territorial context: jurisdiccion='tlaxcala' -> allowed rows: 110
2026-07-29 15:14:22 - matching_Tlaxcala_1 - INFO -   Token-based candidates: 70
2026-07-29 15:14:22 - matching_Tlaxcala_1 - INFO -   Filtering: need match on substantive tokens: ['mihuel'] OR 2+ total tokens
2026-07-29 15:14:22 - matching_Tlaxcala_1 - INFO -   After filtering weak token matches: 4 candidates
2026-07-29 15:14:22 - matching_Tlaxcala_1 - INFO -   Fuzzy matches (score >= 70, limit=500): 4
2026-07-29 15:14:22 - matching_Tlaxcala_1 - DEBUG -     gz_id=1004099 'san mihuel milagro' score=1.000 nombre=False saint_only=True terr=jurisdiccion_exact phase=candidate
2026-07-29 15:14:22 - matching_Tlaxcala_1 - DEBUG -     gz_id=1004100 'san mihuelito' score=1.000 nombre=False saint_only=True terr=jurisdiccion_exact phase=candidate
2026-07-29 15:14:22 - matching_Tlaxcala_1 - DEBUG -     gz_id=1004108 'tenancingo' score=1.000 nombre=False saint_only=True terr=jurisdiccion_exact phase=candidate
2026-07-29 15:14:22 - matching_Tlaxcala_1 - DEBUG -     gz_id=1004140 'jochitecatitla' score=1.000 nombre=False saint_only=True terr=jurisdiccion_exact phase=candidate
2026-07-29 15:14:22 - matching_Tlaxcala_1 - INFO -   Before dedup: 4 candidates
2026-07-29 15:14:22 - matching_Tlaxcala_1 - INFO -   After dedup: 4 unique gz_ids
2026-07-29 15:14:22 - matching_Tlaxcala_1 - INFO -   Input has territorial data: True
2026-07-29 15:14:22 - matching_Tlaxcala_1 - INFO -   Candidates with territory match: 4
2026-07-29 15:14:22 - matching_Tlaxcala_1 - INFO -   After territorial filter (keeping jurisdiccion): 4 candidates
2026-07-29 15:14:22 - matching_Tlaxcala_1 - INFO -   Nombre matches (exact on lugar_nombre): 0
2026-07-29 15:14:22 - matching_Tlaxcala_1 - INFO -   Saint-only matches: 4
2026-07-29 15:14:22 - matching_Tlaxcala_1 - INFO -   Substantive matches: 0
2026-07-29 15:14:22 - matching_Tlaxcala_1 - INFO -   Candidate pool (>= threshold): 4
2026-07-29 15:14:22 - matching_Tlaxcala_1 - INFO -   4 candidate(s) -> candidate
2026-07-29 15:14:22 - matching_Tlaxcala_1 - INFO - 
============================================================
2026-07-29 15:14:22 - matching_Tlaxcala_1 - INFO - Processing rowID=262: 'Mixtec' -> cleaned: 'mixtec'
2026-07-29 15:14:22 - matching_Tlaxcala_1 - INFO -   Territorial context: jurisdiccion='tlaxcala' -> allowed rows: 110
2026-07-29 15:14:22 - matching_Tlaxcala_1 - INFO -   Token-based candidates: 0
2026-07-29 15:14:22 - matching_Tlaxcala_1 - WARNING -   No candidates found - relegated
2026-07-29 15:14:22 - matching_Tlaxcala_1 - INFO - 
============================================================
2026-07-29 15:14:22 - matching_Tlaxcala_1 - INFO - Processing rowID=263: 'Atotonilco' -> cleaned: 'atotonilco'
2026-07-29 15:14:22 - matching_Tlaxcala_1 - INFO -   Territorial context: jurisdiccion='tlaxcala' -> allowed rows: 110
2026-07-29 15:14:22 - matching_Tlaxcala_1 - INFO -   Token-based candidates: 0
2026-07-29 15:14:22 - matching_Tlaxcala_1 - WARNING -   No candidates found - relegated
2026-07-29 15:14:22 - matching_Tlaxcala_1 - INFO - 
============================================================
2026-07-29 15:14:22 - matching_Tlaxcala_1 - INFO - Processing rowID=264: 'Capula' -> cleaned: 'capula'
2026-07-29 15:14:22 - matching_Tlaxcala_1 - INFO -   Territorial context: jurisdiccion='tlaxcala' -> allowed rows: 110
2026-07-29 15:14:22 - matching_Tlaxcala_1 - INFO -   Token-based candidates: 0
2026-07-29 15:14:22 - matching_Tlaxcala_1 - WARNING -   No candidates found - relegated
2026-07-29 15:14:22 - matching_Tlaxcala_1 - INFO - 
============================================================
2026-07-29 15:14:22 - matching_Tlaxcala_1 - INFO - Processing rowID=265: 'Alporonga' -> cleaned: 'alporonga'
2026-07-29 15:14:22 - matching_Tlaxcala_1 - INFO -   Territorial context: jurisdiccion='tlaxcala' -> allowed rows: 110
2026-07-29 15:14:22 - matching_Tlaxcala_1 - INFO -   Token-based candidates: 0
2026-07-29 15:14:22 - matching_Tlaxcala_1 - WARNING -   No candidates found - relegated
2026-07-29 15:14:22 - matching_Tlaxcala_1 - INFO - 
============================================================
2026-07-29 15:14:22 - matching_Tlaxcala_1 - INFO - Processing rowID=266: 'Santo Tomás' -> cleaned: 'santo tomas'
2026-07-29 15:14:22 - matching_Tlaxcala_1 - INFO -   Territorial context: jurisdiccion='tlaxcala' -> allowed rows: 110
2026-07-29 15:14:22 - matching_Tlaxcala_1 - INFO -   Token-based candidates: 2
2026-07-29 15:14:22 - matching_Tlaxcala_1 - INFO -   Filtering: need match on substantive tokens: ['tomas'] OR 2+ total tokens
2026-07-29 15:14:22 - matching_Tlaxcala_1 - INFO -   After filtering weak token matches: 1 candidates
2026-07-29 15:14:22 - matching_Tlaxcala_1 - INFO -   Fuzzy matches (score >= 70, limit=500): 1
2026-07-29 15:14:22 - matching_Tlaxcala_1 - DEBUG -     gz_id=1004142 'jostla' score=1.000 nombre=False saint_only=True terr=jurisdiccion_exact phase=candidate
2026-07-29 15:14:22 - matching_Tlaxcala_1 - INFO -   Before dedup: 1 candidates
2026-07-29 15:14:22 - matching_Tlaxcala_1 - INFO -   After dedup: 1 unique gz_ids
2026-07-29 15:14:22 - matching_Tlaxcala_1 - INFO -   Input has territorial data: True
2026-07-29 15:14:22 - matching_Tlaxcala_1 - INFO -   Candidates with territory match: 1
2026-07-29 15:14:22 - matching_Tlaxcala_1 - INFO -   After territorial filter (keeping jurisdiccion): 1 candidates
2026-07-29 15:14:22 - matching_Tlaxcala_1 - INFO -   Nombre matches (exact on lugar_nombre): 0
2026-07-29 15:14:22 - matching_Tlaxcala_1 - INFO -   Saint-only matches: 1
2026-07-29 15:14:22 - matching_Tlaxcala_1 - INFO -   Substantive matches: 0
2026-07-29 15:14:22 - matching_Tlaxcala_1 - INFO -   Candidate pool (>= threshold): 1
2026-07-29 15:14:22 - matching_Tlaxcala_1 - INFO -   1 candidate(s) -> candidate
2026-07-29 15:14:22 - matching_Tlaxcala_1 - INFO - 
============================================================
2026-07-29 15:14:22 - matching_Tlaxcala_1 - INFO - Processing rowID=267: 'Tepepan' -> cleaned: 'tepepan'
2026-07-29 15:14:22 - matching_Tlaxcala_1 - INFO -   Territorial context: jurisdiccion='tlaxcala' -> allowed rows: 110
2026-07-29 15:14:22 - matching_Tlaxcala_1 - INFO -   Token-based candidates: 0
2026-07-29 15:14:22 - matching_Tlaxcala_1 - WARNING -   No candidates found - relegated
2026-07-29 15:14:22 - matching_Tlaxcala_1 - INFO - 
============================================================
2026-07-29 15:14:22 - matching_Tlaxcala_1 - INFO - Processing rowID=268: 'Los Cinco Señores' -> cleaned: 'cinco cenores'
2026-07-29 15:14:22 - matching_Tlaxcala_1 - INFO -   Territorial context: jurisdiccion='tlaxcala' -> allowed rows: 110
2026-07-29 15:14:22 - matching_Tlaxcala_1 - INFO -   Token-based candidates: 0
2026-07-29 15:14:22 - matching_Tlaxcala_1 - WARNING -   No candidates found - relegated
2026-07-29 15:14:22 - matching_Tlaxcala_1 - INFO - 
============================================================
2026-07-29 15:14:22 - matching_Tlaxcala_1 - INFO - Processing rowID=269: 'Valbarcera' -> cleaned: 'balbarcera'
2026-07-29 15:14:22 - matching_Tlaxcala_1 - INFO -   Territorial context: jurisdiccion='tlaxcala' -> allowed rows: 110
2026-07-29 15:14:22 - matching_Tlaxcala_1 - INFO -   Token-based candidates: 0
2026-07-29 15:14:22 - matching_Tlaxcala_1 - WARNING -   No candidates found - relegated
2026-07-29 15:14:22 - matching_Tlaxcala_1 - INFO - 
============================================================
2026-07-29 15:14:22 - matching_Tlaxcala_1 - INFO - Processing rowID=270: 'San Damián' -> cleaned: 'san damian'
2026-07-29 15:14:22 - matching_Tlaxcala_1 - INFO -   Territorial context: jurisdiccion='tlaxcala' -> allowed rows: 110
2026-07-29 15:14:22 - matching_Tlaxcala_1 - INFO -   Token-based candidates: 70
2026-07-29 15:14:22 - matching_Tlaxcala_1 - INFO -   Filtering: need match on substantive tokens: ['damian'] OR 2+ total tokens
2026-07-29 15:14:22 - matching_Tlaxcala_1 - INFO -   After filtering weak token matches: 2 candidates
2026-07-29 15:14:22 - matching_Tlaxcala_1 - INFO -   Fuzzy matches (score >= 70, limit=500): 2
2026-07-29 15:14:22 - matching_Tlaxcala_1 - DEBUG -     gz_id=1004123 'tejoloc' score=1.000 nombre=False saint_only=True terr=jurisdiccion_exact phase=candidate
2026-07-29 15:14:22 - matching_Tlaxcala_1 - DEBUG -     gz_id=1004125 'tlacocalpan' score=1.000 nombre=False saint_only=True terr=jurisdiccion_exact phase=candidate
2026-07-29 15:14:22 - matching_Tlaxcala_1 - INFO -   Before dedup: 2 candidates
2026-07-29 15:14:22 - matching_Tlaxcala_1 - INFO -   After dedup: 2 unique gz_ids
2026-07-29 15:14:22 - matching_Tlaxcala_1 - INFO -   Input has territorial data: True
2026-07-29 15:14:22 - matching_Tlaxcala_1 - INFO -   Candidates with territory match: 2
2026-07-29 15:14:22 - matching_Tlaxcala_1 - INFO -   After territorial filter (keeping jurisdiccion): 2 candidates
2026-07-29 15:14:22 - matching_Tlaxcala_1 - INFO -   Nombre matches (exact on lugar_nombre): 0
2026-07-29 15:14:22 - matching_Tlaxcala_1 - INFO -   Saint-only matches: 2
2026-07-29 15:14:22 - matching_Tlaxcala_1 - INFO -   Substantive matches: 0
2026-07-29 15:14:22 - matching_Tlaxcala_1 - INFO -   Candidate pool (>= threshold): 2
2026-07-29 15:14:22 - matching_Tlaxcala_1 - INFO -   2 candidate(s) -> candidate
2026-07-29 15:14:22 - matching_Tlaxcala_1 - INFO - Processing row 270, rowID=271
2026-07-29 15:14:22 - matching_Tlaxcala_1 - INFO - 
============================================================
2026-07-29 15:14:22 - matching_Tlaxcala_1 - INFO - Processing rowID=271: 'Buena Vista' -> cleaned: 'buena bista'
2026-07-29 15:14:22 - matching_Tlaxcala_1 - INFO -   Territorial context: jurisdiccion='tlaxcala' -> allowed rows: 110
2026-07-29 15:14:22 - matching_Tlaxcala_1 - INFO -   Token-based candidates: 0
2026-07-29 15:14:22 - matching_Tlaxcala_1 - WARNING -   No candidates found - relegated
2026-07-29 15:14:22 - matching_Tlaxcala_1 - INFO - 
============================================================
2026-07-29 15:14:22 - matching_Tlaxcala_1 - INFO - Processing rowID=272: 'San Antonio' -> cleaned: 'san antonio'
2026-07-29 15:14:22 - matching_Tlaxcala_1 - INFO -   Territorial context: jurisdiccion='tlaxcala' -> allowed rows: 110
2026-07-29 15:14:22 - matching_Tlaxcala_1 - INFO -   Token-based candidates: 70
2026-07-29 15:14:22 - matching_Tlaxcala_1 - INFO -   Filtering: need match on substantive tokens: ['antonio'] OR 2+ total tokens
2026-07-29 15:14:22 - matching_Tlaxcala_1 - INFO -   After filtering weak token matches: 2 candidates
2026-07-29 15:14:22 - matching_Tlaxcala_1 - INFO -   Fuzzy matches (score >= 70, limit=500): 2
2026-07-29 15:14:22 - matching_Tlaxcala_1 - DEBUG -     gz_id=1004040 'acuamanala' score=1.000 nombre=False saint_only=True terr=jurisdiccion_exact phase=candidate
2026-07-29 15:14:22 - matching_Tlaxcala_1 - DEBUG -     gz_id=1004068 'cuajomulco' score=1.000 nombre=False saint_only=True terr=jurisdiccion_exact phase=candidate
2026-07-29 15:14:22 - matching_Tlaxcala_1 - INFO -   Before dedup: 2 candidates
2026-07-29 15:14:22 - matching_Tlaxcala_1 - INFO -   After dedup: 2 unique gz_ids
2026-07-29 15:14:22 - matching_Tlaxcala_1 - INFO -   Input has territorial data: True
2026-07-29 15:14:22 - matching_Tlaxcala_1 - INFO -   Candidates with territory match: 2
2026-07-29 15:14:22 - matching_Tlaxcala_1 - INFO -   After territorial filter (keeping jurisdiccion): 2 candidates
2026-07-29 15:14:22 - matching_Tlaxcala_1 - INFO -   Nombre matches (exact on lugar_nombre): 0
2026-07-29 15:14:22 - matching_Tlaxcala_1 - INFO -   Saint-only matches: 2
2026-07-29 15:14:22 - matching_Tlaxcala_1 - INFO -   Substantive matches: 0
2026-07-29 15:14:22 - matching_Tlaxcala_1 - INFO -   Candidate pool (>= threshold): 2
2026-07-29 15:14:22 - matching_Tlaxcala_1 - INFO -   2 candidate(s) -> candidate
2026-07-29 15:14:22 - matching_Tlaxcala_1 - INFO - 
============================================================
2026-07-29 15:14:22 - matching_Tlaxcala_1 - INFO - Processing rowID=273: 'Tenexaque' -> cleaned: 'tenejaque'
2026-07-29 15:14:22 - matching_Tlaxcala_1 - INFO -   Territorial context: jurisdiccion='tlaxcala' -> allowed rows: 110
2026-07-29 15:14:22 - matching_Tlaxcala_1 - INFO -   Token-based candidates: 0
2026-07-29 15:14:22 - matching_Tlaxcala_1 - WARNING -   No candidates found - relegated
2026-07-29 15:14:22 - matching_Tlaxcala_1 - INFO - 
============================================================
2026-07-29 15:14:22 - matching_Tlaxcala_1 - INFO - Processing rowID=274: 'Capula' -> cleaned: 'capula'
2026-07-29 15:14:22 - matching_Tlaxcala_1 - INFO -   Territorial context: jurisdiccion='tlaxcala' -> allowed rows: 110
2026-07-29 15:14:22 - matching_Tlaxcala_1 - INFO -   Token-based candidates: 0
2026-07-29 15:14:22 - matching_Tlaxcala_1 - WARNING -   No candidates found - relegated
2026-07-29 15:14:22 - matching_Tlaxcala_1 - INFO - 
============================================================
2026-07-29 15:14:22 - matching_Tlaxcala_1 - INFO - Processing rowID=275: 'Santa María de la Defensa' -> cleaned: 'santa maria defensa'
2026-07-29 15:14:22 - matching_Tlaxcala_1 - INFO -   Territorial context: jurisdiccion='tlaxcala' -> allowed rows: 110
2026-07-29 15:14:22 - matching_Tlaxcala_1 - INFO -   Token-based candidates: 24
2026-07-29 15:14:22 - matching_Tlaxcala_1 - INFO -   Filtering: need match on substantive tokens: ['defensa'] OR 2+ total tokens
2026-07-29 15:14:22 - matching_Tlaxcala_1 - INFO -   After filtering weak token matches: 11 candidates
2026-07-29 15:14:22 - matching_Tlaxcala_1 - INFO -   Fuzzy matches (score >= 70, limit=500): 11
2026-07-29 15:14:22 - matching_Tlaxcala_1 - DEBUG -     gz_id=1004043 'acjotla' score=1.000 nombre=False saint_only=True terr=jurisdiccion_exact phase=candidate
2026-07-29 15:14:22 - matching_Tlaxcala_1 - DEBUG -     gz_id=1004087 'natibitas' score=0.848 nombre=False saint_only=True terr=jurisdiccion_exact phase=relegated
2026-07-29 15:14:22 - matching_Tlaxcala_1 - DEBUG -     gz_id=1004057 'belen' score=0.842 nombre=False saint_only=True terr=jurisdiccion_exact phase=relegated
2026-07-29 15:14:22 - matching_Tlaxcala_1 - DEBUG -     gz_id=1004051 'atlihuecian' score=0.812 nombre=False saint_only=True terr=jurisdiccion_exact phase=relegated
2026-07-29 15:14:22 - matching_Tlaxcala_1 - DEBUG -     gz_id=1004053 'ajotla' score=0.812 nombre=False saint_only=True terr=jurisdiccion_exact phase=relegated
2026-07-29 15:14:22 - matching_Tlaxcala_1 - DEBUG -     gz_id=1004104 'santa maria espana' score=0.812 nombre=False saint_only=True terr=jurisdiccion_exact phase=relegated
2026-07-29 15:14:22 - matching_Tlaxcala_1 - DEBUG -     gz_id=1004148 'sumpango' score=0.812 nombre=False saint_only=True terr=jurisdiccion_exact phase=relegated
2026-07-29 15:14:22 - matching_Tlaxcala_1 - DEBUG -     gz_id=1004122 'texcalac' score=0.788 nombre=False saint_only=True terr=jurisdiccion_exact phase=relegated
2026-07-29 15:14:22 - matching_Tlaxcala_1 - DEBUG -     gz_id=1004076 'ixcotla' score=0.774 nombre=False saint_only=True terr=jurisdiccion_exact phase=relegated
2026-07-29 15:14:22 - matching_Tlaxcala_1 - DEBUG -     gz_id=1004079 'ixtulco' score=0.774 nombre=False saint_only=True terr=jurisdiccion_exact phase=relegated
2026-07-29 15:14:22 - matching_Tlaxcala_1 - DEBUG -     gz_id=1004132 'tocatlan' score=0.774 nombre=False saint_only=True terr=jurisdiccion_exact phase=relegated
2026-07-29 15:14:22 - matching_Tlaxcala_1 - INFO -   Before dedup: 11 candidates
2026-07-29 15:14:22 - matching_Tlaxcala_1 - INFO -   After dedup: 11 unique gz_ids
2026-07-29 15:14:22 - matching_Tlaxcala_1 - INFO -   Input has territorial data: True
2026-07-29 15:14:22 - matching_Tlaxcala_1 - INFO -   Candidates with territory match: 11
2026-07-29 15:14:22 - matching_Tlaxcala_1 - INFO -   After territorial filter (keeping jurisdiccion): 11 candidates
2026-07-29 15:14:22 - matching_Tlaxcala_1 - INFO -   Nombre matches (exact on lugar_nombre): 0
2026-07-29 15:14:22 - matching_Tlaxcala_1 - INFO -   Saint-only matches: 11
2026-07-29 15:14:22 - matching_Tlaxcala_1 - INFO -   Substantive matches: 0
2026-07-29 15:14:22 - matching_Tlaxcala_1 - INFO -   Candidate pool (>= threshold): 7
2026-07-29 15:14:22 - matching_Tlaxcala_1 - INFO -   7 candidate(s) -> candidate
2026-07-29 15:14:22 - matching_Tlaxcala_1 - INFO - Batch 200-300: completed successfully, 119 results
2026-07-29 15:14:22 - matching_Tlaxcala_1 - INFO - Total result records: 460
2026-07-29 15:14:22 - matching_Tlaxcala_1 - INFO - ================================================================================
2026-07-29 15:14:22 - matching_Tlaxcala_1 - INFO - Matching process completed successfully
2026-07-29 15:14:22 - matching_Tlaxcala_1 - INFO - ================================================================================
