2026-07-29 15:33:43 - matching_Tlaxcala - INFO - ================================================================================
2026-07-29 15:33:43 - matching_Tlaxcala - INFO - Matching process started at 2026-07-29 15:33:43.812051
2026-07-29 15:33:43 - matching_Tlaxcala - INFO - ================================================================================
2026-07-29 15:33:43 - matching_Tlaxcala - INFO - Loaded collapsed reference from cache: 13402 places
2026-07-29 15:33:46 - matching_Tlaxcala - INFO - Index built: 11936 unique tokens, 200 single-char tokens skipped
2026-07-29 15:33:46 - matching_Tlaxcala - INFO - Phase 1b: 97 relegated rows to process
2026-07-29 15:33:46 - matching_Tlaxcala - INFO - 
============================================================
2026-07-29 15:33:46 - matching_Tlaxcala - INFO - Processing rowID=17: 'Las Nieves' -> cleaned: 'niebes'
2026-07-29 15:33:46 - matching_Tlaxcala - INFO -   Territorial context: (none)='' -> allowed rows: all
2026-07-29 15:33:46 - matching_Tlaxcala - INFO -   Token-based candidates: 11
2026-07-29 15:33:46 - matching_Tlaxcala - INFO -   Fuzzy matches (score >= 70, limit=500): 11
2026-07-29 15:33:46 - matching_Tlaxcala - DEBUG -     gz_id=1002483 'ixpantepec niebes' score=1.000 nombre=False saint_only=False terr= phase=candidate
2026-07-29 15:33:46 - matching_Tlaxcala - DEBUG -     gz_id=1002491 'tlacotepec' score=1.000 nombre=False saint_only=False terr= phase=candidate
2026-07-29 15:33:46 - matching_Tlaxcala - DEBUG -     gz_id=1000238 'niebes' score=1.000 nombre=True saint_only=False terr= phase=auto_adopt
2026-07-29 15:33:46 - matching_Tlaxcala - DEBUG -     gz_id=5600291 'iurimahuas' score=1.000 nombre=False saint_only=True terr= phase=candidate
2026-07-29 15:33:46 - matching_Tlaxcala - DEBUG -     gz_id=2000504 'amapala' score=1.000 nombre=False saint_only=True terr= phase=candidate
2026-07-29 15:33:46 - matching_Tlaxcala - DEBUG -     gz_id=5000731 'niebes' score=1.000 nombre=False saint_only=True terr= phase=candidate
2026-07-29 15:33:46 - matching_Tlaxcala - DEBUG -     gz_id=1005522 'niebes' score=1.000 nombre=True saint_only=False terr= phase=auto_adopt
2026-07-29 15:33:46 - matching_Tlaxcala - DEBUG -     gz_id=5000735 'niebes' score=1.000 nombre=False saint_only=True terr= phase=candidate
2026-07-29 15:33:46 - matching_Tlaxcala - DEBUG -     gz_id=1003347 'nepopualco' score=1.000 nombre=False saint_only=True terr= phase=candidate
2026-07-29 15:33:46 - matching_Tlaxcala - DEBUG -     gz_id=1002738 'santa maria niebes' score=1.000 nombre=False saint_only=False terr= phase=candidate
2026-07-29 15:33:46 - matching_Tlaxcala - DEBUG -     gz_id=1002213 'palmillas' score=1.000 nombre=False saint_only=False terr= phase=candidate
2026-07-29 15:33:46 - matching_Tlaxcala - INFO -   Before dedup: 11 candidates
2026-07-29 15:33:46 - matching_Tlaxcala - INFO -   After dedup: 11 unique gz_ids
2026-07-29 15:33:46 - matching_Tlaxcala - INFO -   Input has territorial data: False
2026-07-29 15:33:46 - matching_Tlaxcala - INFO -   Candidates with territory match: 0
2026-07-29 15:33:46 - matching_Tlaxcala - INFO -   No territorial filtering applied (no input territorial data)
2026-07-29 15:33:46 - matching_Tlaxcala - INFO -   Nombre matches (exact on lugar_nombre): 2
2026-07-29 15:33:46 - matching_Tlaxcala - INFO -   Saint-only matches: 5
2026-07-29 15:33:46 - matching_Tlaxcala - INFO -   Substantive matches: 6
2026-07-29 15:33:46 - matching_Tlaxcala - INFO -   NOMBRE PRIORITY: Keeping ONLY 2 nombre matches, discarding 4 others
2026-07-29 15:33:46 - matching_Tlaxcala - INFO -      gz_id=1000238: Nieves
2026-07-29 15:33:46 - matching_Tlaxcala - INFO -      gz_id=1005522: Nieves
2026-07-29 15:33:46 - matching_Tlaxcala - INFO -   Candidate pool (>= threshold): 2
2026-07-29 15:33:46 - matching_Tlaxcala - INFO -   2 candidate(s) -> candidate
2026-07-29 15:33:46 - matching_Tlaxcala - INFO -   rowID=17: found at step 'no_partido_jurisdiccion'
2026-07-29 15:33:46 - matching_Tlaxcala - INFO - 
============================================================
2026-07-29 15:33:46 - matching_Tlaxcala - INFO - Processing rowID=45: 'La Asunción' -> cleaned: 'asuncion'
2026-07-29 15:33:46 - matching_Tlaxcala - INFO -   Territorial context: (none)='' -> allowed rows: all
2026-07-29 15:33:46 - matching_Tlaxcala - INFO -   Token-based candidates: 194
2026-07-29 15:33:46 - matching_Tlaxcala - INFO -   Fuzzy matches (score >= 70, limit=500): 194
2026-07-29 15:33:46 - matching_Tlaxcala - DEBUG -     gz_id=1001571 'tepejoiuca' score=1.000 nombre=False saint_only=True terr= phase=candidate
2026-07-29 15:33:46 - matching_Tlaxcala - DEBUG -     gz_id=8000393 'asuncion' score=1.000 nombre=False saint_only=True terr= phase=candidate
2026-07-29 15:33:46 - matching_Tlaxcala - DEBUG -     gz_id=1001580 'jalatlaco' score=1.000 nombre=False saint_only=True terr= phase=candidate
2026-07-29 15:33:46 - matching_Tlaxcala - DEBUG -     gz_id=1000544 'chiquilistlan' score=1.000 nombre=False saint_only=True terr= phase=candidate
2026-07-29 15:33:46 - matching_Tlaxcala - DEBUG -     gz_id=2000325 'mita' score=1.000 nombre=False saint_only=True terr= phase=candidate
2026-07-29 15:33:46 - matching_Tlaxcala - DEBUG -     gz_id=6001455 'cimariba' score=1.000 nombre=False saint_only=True terr= phase=candidate
2026-07-29 15:33:46 - matching_Tlaxcala - DEBUG -     gz_id=1003163 'tlancualpican' score=1.000 nombre=False saint_only=True terr= phase=candidate
2026-07-29 15:33:46 - matching_Tlaxcala - DEBUG -     gz_id=1002646 'asuncion ixtaltepec' score=1.000 nombre=False saint_only=True terr= phase=candidate
2026-07-29 15:33:46 - matching_Tlaxcala - DEBUG -     gz_id=1003686 'huamuxtitlan' score=1.000 nombre=False saint_only=True terr= phase=candidate
2026-07-29 15:33:46 - matching_Tlaxcala - DEBUG -     gz_id=1001075 'chilcuautla' score=1.000 nombre=False saint_only=True terr= phase=candidate
2026-07-29 15:33:46 - matching_Tlaxcala - DEBUG -     gz_id=1001599 'cusamala' score=1.000 nombre=False saint_only=True terr= phase=candidate
2026-07-29 15:33:46 - matching_Tlaxcala - DEBUG -     gz_id=1002127 'tangancicuaro' score=1.000 nombre=False saint_only=True terr= phase=candidate
2026-07-29 15:33:46 - matching_Tlaxcala - DEBUG -     gz_id=1002653 'asuncion petapa' score=1.000 nombre=False saint_only=True terr= phase=candidate
2026-07-29 15:33:46 - matching_Tlaxcala - DEBUG -     gz_id=1003170 'ahuehuecingo' score=1.000 nombre=False saint_only=True terr= phase=candidate
2026-07-29 15:33:46 - matching_Tlaxcala - DEBUG -     gz_id=1000048 'acaponeta' score=1.000 nombre=False saint_only=True terr= phase=candidate
2026-07-29 15:33:46 - matching_Tlaxcala - DEBUG -     gz_id=1002135 'querendaro' score=1.000 nombre=False saint_only=True terr= phase=candidate
2026-07-29 15:33:46 - matching_Tlaxcala - DEBUG -     gz_id=2000341 'colotenango' score=1.000 nombre=False saint_only=True terr= phase=candidate
2026-07-29 15:33:46 - matching_Tlaxcala - DEBUG -     gz_id=1004219 'osuluama' score=1.000 nombre=False saint_only=True terr= phase=candidate
2026-07-29 15:33:46 - matching_Tlaxcala - DEBUG -     gz_id=1000575 'ahuisculco' score=1.000 nombre=False saint_only=True terr= phase=candidate
2026-07-29 15:33:46 - matching_Tlaxcala - DEBUG -     gz_id=1004793 'cia' score=1.000 nombre=False saint_only=True terr= phase=candidate
2026-07-29 15:33:46 - matching_Tlaxcala - DEBUG -     gz_id=1000063 'centispac' score=1.000 nombre=False saint_only=True terr= phase=candidate
2026-07-29 15:33:46 - matching_Tlaxcala - DEBUG -     gz_id=1002676 'jiotes' score=1.000 nombre=False saint_only=True terr= phase=candidate
2026-07-29 15:33:46 - matching_Tlaxcala - DEBUG -     gz_id=1000072 'sapotlan' score=1.000 nombre=False saint_only=True terr= phase=candidate
2026-07-29 15:33:46 - matching_Tlaxcala - DEBUG -     gz_id=1001630 'tlapanaloia' score=1.000 nombre=False saint_only=True terr= phase=candidate
2026-07-29 15:33:46 - matching_Tlaxcala - DEBUG -     gz_id=1005361 'asuncion rio florido' score=1.000 nombre=False saint_only=True terr= phase=candidate
2026-07-29 15:33:46 - matching_Tlaxcala - DEBUG -     gz_id=2000369 'tutuapa' score=1.000 nombre=False saint_only=True terr= phase=candidate
2026-07-29 15:33:46 - matching_Tlaxcala - DEBUG -     gz_id=1000078 'apan' score=1.000 nombre=False saint_only=True terr= phase=candidate
2026-07-29 15:33:46 - matching_Tlaxcala - DEBUG -     gz_id=1000081 'chilapa' score=1.000 nombre=False saint_only=True terr= phase=candidate
2026-07-29 15:33:46 - matching_Tlaxcala - DEBUG -     gz_id=1000086 'cuernabaca' score=1.000 nombre=False saint_only=True terr= phase=candidate
2026-07-29 15:33:46 - matching_Tlaxcala - DEBUG -     gz_id=1001647 'coanalan' score=1.000 nombre=False saint_only=True terr= phase=candidate
2026-07-29 15:33:46 - matching_Tlaxcala - DEBUG -     gz_id=1004259 'misantla' score=1.000 nombre=False saint_only=True terr= phase=candidate
2026-07-29 15:33:46 - matching_Tlaxcala - DEBUG -     gz_id=1000102 'tenango balle' score=1.000 nombre=False saint_only=True terr= phase=candidate
2026-07-29 15:33:46 - matching_Tlaxcala - DEBUG -     gz_id=1002188 'nueba tlaxcala' score=1.000 nombre=False saint_only=True terr= phase=candidate
2026-07-29 15:33:46 - matching_Tlaxcala - DEBUG -     gz_id=1000104 'ajuchitlan' score=1.000 nombre=False saint_only=True terr= phase=candidate
2026-07-29 15:33:46 - matching_Tlaxcala - DEBUG -     gz_id=1000105 'tetela rio' score=1.000 nombre=False saint_only=True terr= phase=candidate
2026-07-29 15:33:46 - matching_Tlaxcala - DEBUG -     gz_id=1000106 'tetepango' score=1.000 nombre=False saint_only=True terr= phase=candidate
2026-07-29 15:33:46 - matching_Tlaxcala - DEBUG -     gz_id=1003755 'tecola' score=1.000 nombre=False saint_only=True terr= phase=candidate
2026-07-29 15:33:46 - matching_Tlaxcala - DEBUG -     gz_id=1001145 'atarasquillo' score=1.000 nombre=False saint_only=True terr= phase=candidate
2026-07-29 15:33:46 - matching_Tlaxcala - DEBUG -     gz_id=1001667 'tequexquinahuac' score=1.000 nombre=False saint_only=True terr= phase=candidate
2026-07-29 15:33:46 - matching_Tlaxcala - DEBUG -     gz_id=1002720 'tlacolula' score=1.000 nombre=False saint_only=True terr= phase=candidate
2026-07-29 15:33:46 - matching_Tlaxcala - DEBUG -     gz_id=1004272 'iecuatla' score=1.000 nombre=False saint_only=True terr= phase=candidate
2026-07-29 15:33:46 - matching_Tlaxcala - DEBUG -     gz_id=5600830 'asuncion' score=1.000 nombre=True saint_only=False terr= phase=auto_adopt
2026-07-29 15:33:46 - matching_Tlaxcala - DEBUG -     gz_id=9000308 'asuncion' score=1.000 nombre=True saint_only=False terr= phase=auto_adopt
2026-07-29 15:33:46 - matching_Tlaxcala - DEBUG -     gz_id=1000114 'tecpan' score=1.000 nombre=False saint_only=True terr= phase=candidate
2026-07-29 15:33:46 - matching_Tlaxcala - DEBUG -     gz_id=1001672 'tlalteca' score=1.000 nombre=False saint_only=True terr= phase=candidate
2026-07-29 15:33:46 - matching_Tlaxcala - DEBUG -     gz_id=6001541 'posuso' score=1.000 nombre=False saint_only=True terr= phase=candidate
2026-07-29 15:33:46 - matching_Tlaxcala - DEBUG -     gz_id=1000120 'apacingan' score=1.000 nombre=False saint_only=True terr= phase=candidate
2026-07-29 15:33:46 - matching_Tlaxcala - DEBUG -     gz_id=1004286 'chiltoiac' score=1.000 nombre=False saint_only=True terr= phase=candidate
2026-07-29 15:33:46 - matching_Tlaxcala - DEBUG -     gz_id=1001681 'chilpancingo' score=1.000 nombre=False saint_only=True terr= phase=candidate
2026-07-29 15:33:46 - matching_Tlaxcala - DEBUG -     gz_id=1004292 'jilotepec' score=1.000 nombre=False saint_only=True terr= phase=candidate
2026-07-29 15:33:46 - matching_Tlaxcala - DEBUG -     gz_id=1000127 'erongaricuaro' score=1.000 nombre=False saint_only=True terr= phase=candidate
2026-07-29 15:33:46 - matching_Tlaxcala - DEBUG -     gz_id=1003776 'ixtepec' score=1.000 nombre=False saint_only=True terr= phase=candidate
2026-07-29 15:33:46 - matching_Tlaxcala - DEBUG -     gz_id=1001167 'sumpahuacan' score=1.000 nombre=False saint_only=True terr= phase=candidate
2026-07-29 15:33:46 - matching_Tlaxcala - DEBUG -     gz_id=1000131 'indaparapeo' score=1.000 nombre=False saint_only=True terr= phase=candidate
2026-07-29 15:33:46 - matching_Tlaxcala - DEBUG -     gz_id=1001697 'cacalomacan' score=1.000 nombre=False saint_only=True terr= phase=candidate
2026-07-29 15:33:46 - matching_Tlaxcala - DEBUG -     gz_id=1001180 'malacatepec' score=1.000 nombre=False saint_only=True terr= phase=candidate
2026-07-29 15:33:46 - matching_Tlaxcala - DEBUG -     gz_id=1004309 'chikindsonot' score=1.000 nombre=False saint_only=True terr= phase=candidate
2026-07-29 15:33:46 - matching_Tlaxcala - DEBUG -     gz_id=1003276 'tlaola' score=1.000 nombre=False saint_only=True terr= phase=candidate
2026-07-29 15:33:46 - matching_Tlaxcala - DEBUG -     gz_id=1004315 'peto' score=1.000 nombre=False saint_only=True terr= phase=candidate
2026-07-29 15:33:46 - matching_Tlaxcala - DEBUG -     gz_id=1004319 'sacalaca' score=1.000 nombre=False saint_only=True terr= phase=candidate
2026-07-29 15:33:46 - matching_Tlaxcala - DEBUG -     gz_id=1003281 'tuxpam' score=1.000 nombre=False saint_only=True terr= phase=candidate
2026-07-29 15:33:46 - matching_Tlaxcala - DEBUG -     gz_id=1002767 'atoiaquillo' score=1.000 nombre=False saint_only=True terr= phase=candidate
2026-07-29 15:33:46 - matching_Tlaxcala - DEBUG -     gz_id=1000675 'urireo' score=1.000 nombre=False saint_only=True terr= phase=candidate
2026-07-29 15:33:46 - matching_Tlaxcala - DEBUG -     gz_id=1002246 'asuncion ocotlan' score=1.000 nombre=False saint_only=True terr= phase=candidate
2026-07-29 15:33:46 - matching_Tlaxcala - DEBUG -     gz_id=1000161 'nochixtlan' score=1.000 nombre=False saint_only=True terr= phase=candidate
2026-07-29 15:33:46 - matching_Tlaxcala - DEBUG -     gz_id=1005466 'tampacan' score=1.000 nombre=False saint_only=True terr= phase=candidate
2026-07-29 15:33:46 - matching_Tlaxcala - DEBUG -     gz_id=1003818 'tlaxcalilla' score=1.000 nombre=False saint_only=True terr= phase=candidate
2026-07-29 15:33:46 - matching_Tlaxcala - DEBUG -     gz_id=1000172 'amosoc' score=1.000 nombre=False saint_only=True terr= phase=candidate
2026-07-29 15:33:46 - matching_Tlaxcala - DEBUG -     gz_id=1004339 'sanahcat' score=1.000 nombre=False saint_only=True terr= phase=candidate
2026-07-29 15:33:46 - matching_Tlaxcala - DEBUG -     gz_id=2000467 'paleca' score=1.000 nombre=False saint_only=True terr= phase=candidate
2026-07-29 15:33:46 - matching_Tlaxcala - DEBUG -     gz_id=1000177 'huauchinango' score=1.000 nombre=False saint_only=True terr= phase=candidate
2026-07-29 15:33:46 - matching_Tlaxcala - DEBUG -     gz_id=1001744 'jochitlan' score=1.000 nombre=False saint_only=True terr= phase=candidate
2026-07-29 15:33:46 - matching_Tlaxcala - DEBUG -     gz_id=1000188 'tetela' score=1.000 nombre=False saint_only=True terr= phase=candidate
2026-07-29 15:33:46 - matching_Tlaxcala - DEBUG -     gz_id=1001747 'acajochitlan' score=1.000 nombre=False saint_only=True terr= phase=candidate
2026-07-29 15:33:46 - matching_Tlaxcala - DEBUG -     gz_id=2000481 'mejicanos' score=1.000 nombre=False saint_only=True terr= phase=candidate
2026-07-29 15:33:46 - matching_Tlaxcala - DEBUG -     gz_id=1000191 'tochimilco' score=1.000 nombre=False saint_only=True terr= phase=candidate
2026-07-29 15:33:46 - matching_Tlaxcala - DEBUG -     gz_id=1001750 'asuncion' score=1.000 nombre=True saint_only=False terr= phase=auto_adopt
2026-07-29 15:33:46 - matching_Tlaxcala - DEBUG -     gz_id=1004364 'lerma' score=1.000 nombre=False saint_only=True terr= phase=candidate
2026-07-29 15:33:46 - matching_Tlaxcala - DEBUG -     gz_id=2000488 'mejicapa' score=1.000 nombre=False saint_only=True terr= phase=candidate
2026-07-29 15:33:46 - matching_Tlaxcala - DEBUG -     gz_id=1001238 'chichicaxtla' score=1.000 nombre=False saint_only=True terr= phase=candidate
2026-07-29 15:33:46 - matching_Tlaxcala - DEBUG -     gz_id=1003847 'jilitla' score=1.000 nombre=False saint_only=True terr= phase=candidate
2026-07-29 15:33:46 - matching_Tlaxcala - DEBUG -     gz_id=1004378 'bolonchenticul' score=1.000 nombre=False saint_only=True terr= phase=candidate
2026-07-29 15:33:46 - matching_Tlaxcala - DEBUG -     gz_id=1002297 'asuncion etla' score=1.000 nombre=False saint_only=True terr= phase=candidate
2026-07-29 15:33:46 - matching_Tlaxcala - DEBUG -     gz_id=1004380 'dcitbalche' score=1.000 nombre=False saint_only=True terr= phase=candidate
2026-07-29 15:33:46 - matching_Tlaxcala - DEBUG -     gz_id=1004387 'tenabo' score=1.000 nombre=False saint_only=True terr= phase=candidate
2026-07-29 15:33:46 - matching_Tlaxcala - DEBUG -     gz_id=1000737 'ahuatlan' score=1.000 nombre=False saint_only=True terr= phase=candidate
2026-07-29 15:33:46 - matching_Tlaxcala - DEBUG -     gz_id=1000740 'amecameca' score=1.000 nombre=False saint_only=True terr= phase=candidate
2026-07-29 15:33:46 - matching_Tlaxcala - DEBUG -     gz_id=2000518 'lolotiquillo' score=1.000 nombre=False saint_only=True terr= phase=candidate
2026-07-29 15:33:46 - matching_Tlaxcala - DEBUG -     gz_id=1004403 'kopoma' score=1.000 nombre=False saint_only=True terr= phase=candidate
2026-07-29 15:33:46 - matching_Tlaxcala - DEBUG -     gz_id=1002334 'calihuala' score=1.000 nombre=False saint_only=True terr= phase=candidate
2026-07-29 15:33:46 - matching_Tlaxcala - DEBUG -     gz_id=1002853 'texcatitlan' score=1.000 nombre=False saint_only=True terr= phase=candidate
2026-07-29 15:33:46 - matching_Tlaxcala - DEBUG -     gz_id=9900984 'jocotenango' score=1.000 nombre=False saint_only=True terr= phase=candidate
2026-07-29 15:33:46 - matching_Tlaxcala - DEBUG -     gz_id=1004421 'bokoba' score=1.000 nombre=False saint_only=True terr= phase=candidate
2026-07-29 15:33:46 - matching_Tlaxcala - DEBUG -     gz_id=1002340 'cuiotepeji' score=1.000 nombre=False saint_only=True terr= phase=candidate
2026-07-29 15:33:46 - matching_Tlaxcala - DEBUG -     gz_id=1001810 'milpa alta' score=1.000 nombre=False saint_only=True terr= phase=candidate
2026-07-29 15:33:46 - matching_Tlaxcala - DEBUG -     gz_id=1002867 'tlajiaco' score=1.000 nombre=False saint_only=True terr= phase=candidate
2026-07-29 15:33:46 - matching_Tlaxcala - DEBUG -     gz_id=1004434 'ekmul' score=1.000 nombre=False saint_only=True terr= phase=candidate
2026-07-29 15:33:46 - matching_Tlaxcala - DEBUG -     gz_id=2000032 'barrio mejicanos' score=1.000 nombre=False saint_only=True terr= phase=candidate
2026-07-29 15:33:46 - matching_Tlaxcala - DEBUG -     gz_id=1003910 'rahum' score=1.000 nombre=False saint_only=True terr= phase=candidate
2026-07-29 15:33:46 - matching_Tlaxcala - DEBUG -     gz_id=8000642 'chahuaio' score=1.000 nombre=False saint_only=True terr= phase=candidate
2026-07-29 15:33:46 - matching_Tlaxcala - DEBUG -     gz_id=1004441 'mococha' score=1.000 nombre=False saint_only=True terr= phase=candidate
2026-07-29 15:33:46 - matching_Tlaxcala - DEBUG -     gz_id=1003393 'santa maria asuncion' score=1.000 nombre=False saint_only=False terr= phase=candidate
2026-07-29 15:33:46 - matching_Tlaxcala - DEBUG -     gz_id=1001307 'talol' score=1.000 nombre=False saint_only=True terr= phase=candidate
2026-07-29 15:33:46 - matching_Tlaxcala - DEBUG -     gz_id=1003916 'tepahui' score=1.000 nombre=False saint_only=True terr= phase=candidate
2026-07-29 15:33:46 - matching_Tlaxcala - DEBUG -     gz_id=6000659 'asuncion' score=1.000 nombre=False saint_only=True terr= phase=candidate
2026-07-29 15:33:46 - matching_Tlaxcala - DEBUG -     gz_id=1004449 'sudsal' score=1.000 nombre=False saint_only=True terr= phase=candidate
2026-07-29 15:33:46 - matching_Tlaxcala - DEBUG -     gz_id=2000058 'asuncion huitiupan' score=1.000 nombre=False saint_only=True terr= phase=candidate
2026-07-29 15:33:46 - matching_Tlaxcala - DEBUG -     gz_id=1002903 'cuiamecalco' score=1.000 nombre=False saint_only=True terr= phase=candidate
2026-07-29 15:33:46 - matching_Tlaxcala - DEBUG -     gz_id=1002905 'jacatepec' score=1.000 nombre=False saint_only=True terr= phase=candidate
2026-07-29 15:33:46 - matching_Tlaxcala - DEBUG -     gz_id=1001851 'tecacahuaco' score=1.000 nombre=False saint_only=True terr= phase=candidate
2026-07-29 15:33:46 - matching_Tlaxcala - DEBUG -     gz_id=1003423 'tatetla' score=1.000 nombre=False saint_only=True terr= phase=candidate
2026-07-29 15:33:46 - matching_Tlaxcala - DEBUG -     gz_id=1004483 'mama' score=1.000 nombre=False saint_only=True terr= phase=candidate
2026-07-29 15:33:46 - matching_Tlaxcala - DEBUG -     gz_id=1003945 'alamos' score=1.000 nombre=False saint_only=True terr= phase=candidate
2026-07-29 15:33:46 - matching_Tlaxcala - DEBUG -     gz_id=1004485 'muna' score=1.000 nombre=False saint_only=True terr= phase=candidate
2026-07-29 15:33:46 - matching_Tlaxcala - DEBUG -     gz_id=1004488 'pustunich' score=1.000 nombre=False saint_only=True terr= phase=candidate
2026-07-29 15:33:46 - matching_Tlaxcala - DEBUG -     gz_id=1000823 'copalillo' score=1.000 nombre=False saint_only=True terr= phase=candidate
2026-07-29 15:33:46 - matching_Tlaxcala - DEBUG -     gz_id=8000681 'asuncion' score=1.000 nombre=False saint_only=True terr= phase=candidate
2026-07-29 15:33:46 - matching_Tlaxcala - DEBUG -     gz_id=1004491 'tecoh' score=1.000 nombre=False saint_only=True terr= phase=candidate
2026-07-29 15:33:46 - matching_Tlaxcala - DEBUG -     gz_id=2000078 'pantepec' score=1.000 nombre=False saint_only=True terr= phase=candidate
2026-07-29 15:33:46 - matching_Tlaxcala - DEBUG -     gz_id=1000828 'nancintla' score=1.000 nombre=False saint_only=True terr= phase=candidate
2026-07-29 15:33:46 - matching_Tlaxcala - DEBUG -     gz_id=1001865 'atoiac' score=1.000 nombre=False saint_only=True terr= phase=candidate
2026-07-29 15:33:46 - matching_Tlaxcala - DEBUG -     gz_id=1002402 'tlacolula' score=1.000 nombre=False saint_only=True terr= phase=candidate
2026-07-29 15:33:46 - matching_Tlaxcala - DEBUG -     gz_id=1003958 'cumpas' score=1.000 nombre=False saint_only=True terr= phase=candidate
2026-07-29 15:33:46 - matching_Tlaxcala - DEBUG -     gz_id=1001873 'acuitlapilco' score=1.000 nombre=False saint_only=True terr= phase=candidate
2026-07-29 15:33:46 - matching_Tlaxcala - DEBUG -     gz_id=1003969 'opodepe' score=1.000 nombre=False saint_only=True terr= phase=candidate
2026-07-29 15:33:46 - matching_Tlaxcala - DEBUG -     gz_id=1001882 'coatepec harinas' score=1.000 nombre=False saint_only=True terr= phase=candidate
2026-07-29 15:33:46 - matching_Tlaxcala - DEBUG -     gz_id=2000102 'soiatitan' score=1.000 nombre=False saint_only=True terr= phase=candidate
2026-07-29 15:33:46 - matching_Tlaxcala - DEBUG -     gz_id=1000331 'bocoina' score=1.000 nombre=False saint_only=True terr= phase=candidate
2026-07-29 15:33:46 - matching_Tlaxcala - DEBUG -     gz_id=1001888 'ixcateopan' score=1.000 nombre=False saint_only=True terr= phase=candidate
2026-07-29 15:33:46 - matching_Tlaxcala - DEBUG -     gz_id=1001890 'ixtapan sal' score=1.000 nombre=False saint_only=True terr= phase=candidate
2026-07-29 15:33:46 - matching_Tlaxcala - DEBUG -     gz_id=9000006 'asuncion' score=1.000 nombre=False saint_only=True terr= phase=candidate
2026-07-29 15:33:46 - matching_Tlaxcala - DEBUG -     gz_id=6001243 'asuncion' score=1.000 nombre=True saint_only=False terr= phase=auto_adopt
2026-07-29 15:33:46 - matching_Tlaxcala - DEBUG -     gz_id=1001897 'tecomatepec' score=1.000 nombre=False saint_only=False terr= phase=candidate
2026-07-29 15:33:46 - matching_Tlaxcala - DEBUG -     gz_id=1001898 'teloloapan' score=1.000 nombre=False saint_only=True terr= phase=candidate
2026-07-29 15:33:46 - matching_Tlaxcala - DEBUG -     gz_id=1002953 'huitepec' score=1.000 nombre=False saint_only=True terr= phase=candidate
2026-07-29 15:33:46 - matching_Tlaxcala - DEBUG -     gz_id=2000115 'tuxtla chico' score=1.000 nombre=False saint_only=True terr= phase=candidate
2026-07-29 15:33:46 - matching_Tlaxcala - DEBUG -     gz_id=1003478 'tepeiahualco' score=1.000 nombre=False saint_only=True terr= phase=candidate
2026-07-29 15:33:46 - matching_Tlaxcala - DEBUG -     gz_id=1002964 'lachijila' score=1.000 nombre=False saint_only=True terr= phase=candidate
2026-07-29 15:33:46 - matching_Tlaxcala - DEBUG -     gz_id=2000133 'ahuachapa' score=1.000 nombre=False saint_only=True terr= phase=candidate
2026-07-29 15:33:46 - matching_Tlaxcala - DEBUG -     gz_id=2000134 'isalco' score=1.000 nombre=False saint_only=True terr= phase=candidate
2026-07-29 15:33:46 - matching_Tlaxcala - DEBUG -     gz_id=1002454 'pinotepa don luis' score=1.000 nombre=False saint_only=True terr= phase=candidate
2026-07-29 15:33:46 - matching_Tlaxcala - DEBUG -     gz_id=1002979 'puxmetacan' score=1.000 nombre=False saint_only=True terr= phase=candidate
2026-07-29 15:33:46 - matching_Tlaxcala - DEBUG -     gz_id=1001406 'tequisquiapan' score=1.000 nombre=False saint_only=True terr= phase=candidate
2026-07-29 15:33:46 - matching_Tlaxcala - DEBUG -     gz_id=1000371 'huasamota' score=1.000 nombre=False saint_only=True terr= phase=candidate
2026-07-29 15:33:46 - matching_Tlaxcala - DEBUG -     gz_id=1004571 'temoson' score=1.000 nombre=False saint_only=True terr= phase=candidate
2026-07-29 15:33:46 - matching_Tlaxcala - DEBUG -     gz_id=1000900 'tlacotepec' score=1.000 nombre=False saint_only=True terr= phase=candidate
2026-07-29 15:33:46 - matching_Tlaxcala - DEBUG -     gz_id=1001943 'paracuaro' score=1.000 nombre=False saint_only=True terr= phase=candidate
2026-07-29 15:33:46 - matching_Tlaxcala - DEBUG -     gz_id=1002995 'tepantlali' score=1.000 nombre=False saint_only=True terr= phase=candidate
2026-07-29 15:33:46 - matching_Tlaxcala - DEBUG -     gz_id=1000905 'ahuacatitlan' score=1.000 nombre=False saint_only=True terr= phase=candidate
2026-07-29 15:33:46 - matching_Tlaxcala - DEBUG -     gz_id=8000247 'pirai' score=1.000 nombre=False saint_only=True terr= phase=candidate
2026-07-29 15:33:46 - matching_Tlaxcala - DEBUG -     gz_id=1003002 'tlahuitoltepec' score=1.000 nombre=False saint_only=True terr= phase=candidate
2026-07-29 15:33:46 - matching_Tlaxcala - DEBUG -     gz_id=1003004 'tonahuia' score=1.000 nombre=False saint_only=True terr= phase=candidate
2026-07-29 15:33:46 - matching_Tlaxcala - DEBUG -     gz_id=1003005 'totontepec' score=1.000 nombre=False saint_only=True terr= phase=candidate
2026-07-29 15:33:46 - matching_Tlaxcala - DEBUG -     gz_id=1003530 'acajete' score=1.000 nombre=False saint_only=False terr= phase=candidate
2026-07-29 15:33:46 - matching_Tlaxcala - DEBUG -     gz_id=1001966 'naranja' score=1.000 nombre=False saint_only=True terr= phase=candidate
2026-07-29 15:33:46 - matching_Tlaxcala - DEBUG -     gz_id=4000508 'atapiriri' score=1.000 nombre=False saint_only=True terr= phase=candidate
2026-07-29 15:33:46 - matching_Tlaxcala - DEBUG -     gz_id=2000187 'cantel' score=1.000 nombre=False saint_only=True terr= phase=candidate
2026-07-29 15:33:46 - matching_Tlaxcala - DEBUG -     gz_id=2000188 'solola' score=1.000 nombre=False saint_only=True terr= phase=candidate
2026-07-29 15:33:46 - matching_Tlaxcala - DEBUG -     gz_id=1000416 'jala arriba' score=1.000 nombre=False saint_only=True terr= phase=candidate
2026-07-29 15:33:46 - matching_Tlaxcala - DEBUG -     gz_id=1003547 'nenecintla' score=1.000 nombre=False saint_only=True terr= phase=candidate
2026-07-29 15:33:46 - matching_Tlaxcala - DEBUG -     gz_id=1001457 'asala' score=1.000 nombre=False saint_only=True terr= phase=candidate
2026-07-29 15:33:46 - matching_Tlaxcala - DEBUG -     gz_id=1001981 'huiramangaro' score=1.000 nombre=False saint_only=True terr= phase=candidate
2026-07-29 15:33:46 - matching_Tlaxcala - DEBUG -     gz_id=1001459 'cacalotenango' score=1.000 nombre=False saint_only=True terr= phase=candidate
2026-07-29 15:33:46 - matching_Tlaxcala - DEBUG -     gz_id=1000422 'atengo' score=1.000 nombre=False saint_only=True terr= phase=candidate
2026-07-29 15:33:46 - matching_Tlaxcala - DEBUG -     gz_id=1000949 'temimilcingo' score=1.000 nombre=False saint_only=True terr= phase=candidate
2026-07-29 15:33:46 - matching_Tlaxcala - DEBUG -     gz_id=1001470 'pilcaia' score=1.000 nombre=False saint_only=True terr= phase=candidate
2026-07-29 15:33:46 - matching_Tlaxcala - DEBUG -     gz_id=1001996 'cucio' score=1.000 nombre=False saint_only=True terr= phase=candidate
2026-07-29 15:33:46 - matching_Tlaxcala - DEBUG -     gz_id=1002525 'asuncion osolotepec' score=1.000 nombre=False saint_only=True terr= phase=candidate
2026-07-29 15:33:46 - matching_Tlaxcala - DEBUG -     gz_id=1000955 'tetecala' score=1.000 nombre=False saint_only=True terr= phase=candidate
2026-07-29 15:33:46 - matching_Tlaxcala - DEBUG -     gz_id=1001475 'tlamacasapa' score=1.000 nombre=False saint_only=True terr= phase=candidate
2026-07-29 15:33:46 - matching_Tlaxcala - DEBUG -     gz_id=1003564 'tecamachalco' score=1.000 nombre=False saint_only=True terr= phase=candidate
2026-07-29 15:33:46 - matching_Tlaxcala - DEBUG -     gz_id=1002001 'tlapehuala' score=1.000 nombre=False saint_only=True terr= phase=candidate
2026-07-29 15:33:46 - matching_Tlaxcala - DEBUG -     gz_id=1003053 'asuncion mixtepec' score=1.000 nombre=False saint_only=True terr= phase=candidate
2026-07-29 15:33:46 - matching_Tlaxcala - DEBUG -     gz_id=2000220 'jocotenango' score=1.000 nombre=False saint_only=True terr= phase=candidate
2026-07-29 15:33:46 - matching_Tlaxcala - DEBUG -     gz_id=1002011 'patamban' score=1.000 nombre=False saint_only=True terr= phase=candidate
2026-07-29 15:33:46 - matching_Tlaxcala - DEBUG -     gz_id=9900646 'asuncion' score=1.000 nombre=True saint_only=False terr= phase=auto_adopt
2026-07-29 15:33:46 - matching_Tlaxcala - DEBUG -     gz_id=1000974 'iautepec' score=1.000 nombre=False saint_only=True terr= phase=candidate
2026-07-29 15:33:46 - matching_Tlaxcala - DEBUG -     gz_id=1002019 'tinhuindin' score=1.000 nombre=False saint_only=True terr= phase=candidate
2026-07-29 15:33:46 - matching_Tlaxcala - DEBUG -     gz_id=1002547 'acatlancito' score=1.000 nombre=False saint_only=True terr= phase=candidate
2026-07-29 15:33:46 - matching_Tlaxcala - DEBUG -     gz_id=1002548 'cacalotepec' score=1.000 nombre=False saint_only=True terr= phase=candidate
2026-07-29 15:33:46 - matching_Tlaxcala - DEBUG -     gz_id=4000006 'margarita' score=1.000 nombre=False saint_only=True terr= phase=candidate
2026-07-29 15:33:46 - matching_Tlaxcala - DEBUG -     gz_id=1002556 'ecatepec' score=1.000 nombre=False saint_only=True terr= phase=candidate
2026-07-29 15:33:46 - matching_Tlaxcala - DEBUG -     gz_id=5600071 'asancoto' score=1.000 nombre=False saint_only=True terr= phase=candidate
2026-07-29 15:33:46 - matching_Tlaxcala - DEBUG -     gz_id=1001508 'posontepec' score=1.000 nombre=False saint_only=True terr= phase=candidate
2026-07-29 15:33:46 - matching_Tlaxcala - DEBUG -     gz_id=1003604 'molcajac' score=1.000 nombre=False saint_only=True terr= phase=candidate
2026-07-29 15:33:46 - matching_Tlaxcala - DEBUG -     gz_id=1003088 'chila' score=1.000 nombre=False saint_only=True terr= phase=candidate
2026-07-29 15:33:46 - matching_Tlaxcala - DEBUG -     gz_id=1002571 'lachijonace' score=1.000 nombre=False saint_only=True terr= phase=candidate
2026-07-29 15:33:46 - matching_Tlaxcala - DEBUG -     gz_id=1003093 'piaxtla' score=1.000 nombre=False saint_only=True terr= phase=candidate
2026-07-29 15:33:46 - matching_Tlaxcala - DEBUG -     gz_id=1000490 'mescala' score=1.000 nombre=False saint_only=True terr= phase=candidate
2026-07-29 15:33:46 - matching_Tlaxcala - DEBUG -     gz_id=1002591 'quiegolani' score=1.000 nombre=False saint_only=True terr= phase=candidate
2026-07-29 15:33:46 - matching_Tlaxcala - DEBUG -     gz_id=1001544 'calimaia' score=1.000 nombre=False saint_only=True terr= phase=candidate
2026-07-29 15:33:46 - matching_Tlaxcala - DEBUG -     gz_id=2000812 'hermita' score=1.000 nombre=False saint_only=True terr= phase=candidate
2026-07-29 15:33:46 - matching_Tlaxcala - DEBUG -     gz_id=9000191 'crus' score=1.000 nombre=False saint_only=True terr= phase=candidate
2026-07-29 15:33:46 - matching_Tlaxcala - DEBUG -     gz_id=1002077 'asuncion' score=1.000 nombre=True saint_only=False terr= phase=auto_adopt
2026-07-29 15:33:46 - matching_Tlaxcala - INFO -   Before dedup: 194 candidates
2026-07-29 15:33:46 - matching_Tlaxcala - INFO -   After dedup: 194 unique gz_ids
2026-07-29 15:33:46 - matching_Tlaxcala - INFO -   Input has territorial data: False
2026-07-29 15:33:46 - matching_Tlaxcala - INFO -   Candidates with territory match: 0
2026-07-29 15:33:46 - matching_Tlaxcala - INFO -   No territorial filtering applied (no input territorial data)
2026-07-29 15:33:46 - matching_Tlaxcala - INFO -   Nombre matches (exact on lugar_nombre): 6
2026-07-29 15:33:46 - matching_Tlaxcala - INFO -   Saint-only matches: 185
2026-07-29 15:33:46 - matching_Tlaxcala - INFO -   Substantive matches: 9
2026-07-29 15:33:46 - matching_Tlaxcala - INFO -   NOMBRE PRIORITY: Keeping ONLY 6 nombre matches, discarding 3 others
2026-07-29 15:33:46 - matching_Tlaxcala - INFO -      gz_id=5600830: Asuncion
2026-07-29 15:33:46 - matching_Tlaxcala - INFO -      gz_id=9000308: Asuncion
2026-07-29 15:33:46 - matching_Tlaxcala - INFO -      gz_id=1001750: Asuncion
2026-07-29 15:33:46 - matching_Tlaxcala - INFO -      gz_id=6001243: Asuncion
2026-07-29 15:33:46 - matching_Tlaxcala - INFO -      gz_id=9900646: Asuncion
2026-07-29 15:33:46 - matching_Tlaxcala - INFO -      gz_id=1002077: Asuncion
2026-07-29 15:33:46 - matching_Tlaxcala - INFO -   Candidate pool (>= threshold): 6
2026-07-29 15:33:46 - matching_Tlaxcala - INFO -   6 candidate(s) -> candidate
2026-07-29 15:33:46 - matching_Tlaxcala - INFO -   rowID=45: found at step 'no_partido_jurisdiccion'
2026-07-29 15:33:46 - matching_Tlaxcala - INFO - 
============================================================
2026-07-29 15:33:46 - matching_Tlaxcala - INFO - Processing rowID=66: 'Atlancatepeque' -> cleaned: 'atlancatepeque'
2026-07-29 15:33:46 - matching_Tlaxcala - INFO -   Territorial context: (none)='' -> allowed rows: all
2026-07-29 15:33:46 - matching_Tlaxcala - INFO -   Token-based candidates: 6
2026-07-29 15:33:46 - matching_Tlaxcala - INFO -   Fuzzy matches (score >= 70, limit=500): 6
2026-07-29 15:33:46 - matching_Tlaxcala - DEBUG -     gz_id=2000232 'tonacatepeque' score=0.870 nombre=False saint_only=False terr= phase=candidate
2026-07-29 15:33:46 - matching_Tlaxcala - DEBUG -     gz_id=2000270 'ahuacatepeque' score=0.833 nombre=False saint_only=False terr= phase=relegated
2026-07-29 15:33:46 - matching_Tlaxcala - DEBUG -     gz_id=2000434 'jaiaque' score=0.833 nombre=False saint_only=False terr= phase=relegated
2026-07-29 15:33:46 - matching_Tlaxcala - DEBUG -     gz_id=2000210 'san juan sacatepeques' score=0.833 nombre=False saint_only=False terr= phase=relegated
2026-07-29 15:33:46 - matching_Tlaxcala - DEBUG -     gz_id=2000211 'san pedro sacatepeques' score=0.833 nombre=False saint_only=False terr= phase=relegated
2026-07-29 15:33:46 - matching_Tlaxcala - DEBUG -     gz_id=2000212 'san lucas sacatepeques' score=0.833 nombre=False saint_only=False terr= phase=relegated
2026-07-29 15:33:46 - matching_Tlaxcala - INFO -   Before dedup: 6 candidates
2026-07-29 15:33:46 - matching_Tlaxcala - INFO -   After dedup: 6 unique gz_ids
2026-07-29 15:33:46 - matching_Tlaxcala - INFO -   Input has territorial data: False
2026-07-29 15:33:46 - matching_Tlaxcala - INFO -   Candidates with territory match: 0
2026-07-29 15:33:46 - matching_Tlaxcala - INFO -   No territorial filtering applied (no input territorial data)
2026-07-29 15:33:46 - matching_Tlaxcala - INFO -   Nombre matches (exact on lugar_nombre): 0
2026-07-29 15:33:46 - matching_Tlaxcala - INFO -   Saint-only matches: 0
2026-07-29 15:33:46 - matching_Tlaxcala - INFO -   Substantive matches: 6
2026-07-29 15:33:46 - matching_Tlaxcala - INFO -   Candidate pool (>= threshold): 1
2026-07-29 15:33:46 - matching_Tlaxcala - INFO -   1 candidate(s) -> candidate
2026-07-29 15:33:46 - matching_Tlaxcala - INFO -   rowID=66: found at step 'no_partido_jurisdiccion'
2026-07-29 15:33:46 - matching_Tlaxcala - INFO - 
============================================================
2026-07-29 15:33:46 - matching_Tlaxcala - INFO - Processing rowID=79: 'Mitepeque' -> cleaned: 'mitepeque'
2026-07-29 15:33:46 - matching_Tlaxcala - INFO -   Territorial context: (none)='' -> allowed rows: all
2026-07-29 15:33:46 - matching_Tlaxcala - INFO -   Token-based candidates: 7
2026-07-29 15:33:46 - matching_Tlaxcala - INFO -   Fuzzy matches (score >= 70, limit=500): 7
2026-07-29 15:33:46 - matching_Tlaxcala - DEBUG -     gz_id=2000774 'iupitepeque' score=0.941 nombre=False saint_only=False terr= phase=auto_adopt
2026-07-29 15:33:46 - matching_Tlaxcala - DEBUG -     gz_id=2000183 'olintepeque' score=0.889 nombre=False saint_only=False terr= phase=candidate
2026-07-29 15:33:46 - matching_Tlaxcala - DEBUG -     gz_id=2000239 'ixtepeque' score=0.889 nombre=False saint_only=False terr= phase=candidate
2026-07-29 15:33:46 - matching_Tlaxcala - DEBUG -     gz_id=2000438 'teotepeque' score=0.889 nombre=False saint_only=False terr= phase=candidate
2026-07-29 15:33:46 - matching_Tlaxcala - DEBUG -     gz_id=2000203 'san martin jilotepeque' score=0.875 nombre=False saint_only=False terr= phase=candidate
2026-07-29 15:33:46 - matching_Tlaxcala - DEBUG -     gz_id=2000421 'san jacinto jilotepeque' score=0.875 nombre=False saint_only=False terr= phase=candidate
2026-07-29 15:33:46 - matching_Tlaxcala - DEBUG -     gz_id=2000319 'san luis jilotepeque' score=0.875 nombre=False saint_only=False terr= phase=candidate
2026-07-29 15:33:46 - matching_Tlaxcala - INFO -   Before dedup: 7 candidates
2026-07-29 15:33:46 - matching_Tlaxcala - INFO -   After dedup: 7 unique gz_ids
2026-07-29 15:33:46 - matching_Tlaxcala - INFO -   Input has territorial data: False
2026-07-29 15:33:46 - matching_Tlaxcala - INFO -   Candidates with territory match: 0
2026-07-29 15:33:46 - matching_Tlaxcala - INFO -   No territorial filtering applied (no input territorial data)
2026-07-29 15:33:46 - matching_Tlaxcala - INFO -   Nombre matches (exact on lugar_nombre): 0
2026-07-29 15:33:46 - matching_Tlaxcala - INFO -   Saint-only matches: 0
2026-07-29 15:33:46 - matching_Tlaxcala - INFO -   Substantive matches: 7
2026-07-29 15:33:46 - matching_Tlaxcala - INFO -   Candidate pool (>= threshold): 7
2026-07-29 15:33:46 - matching_Tlaxcala - INFO -   7 candidate(s) -> candidate
2026-07-29 15:33:46 - matching_Tlaxcala - INFO -   rowID=79: found at step 'no_partido_jurisdiccion'
2026-07-29 15:33:47 - matching_Tlaxcala - INFO - 
============================================================
2026-07-29 15:33:47 - matching_Tlaxcala - INFO - Processing rowID=108: 'Nuestra Señora de la Defensa' -> cleaned: 'nuestra cenora defensa'
2026-07-29 15:33:47 - matching_Tlaxcala - INFO -   Territorial context: (none)='' -> allowed rows: all
2026-07-29 15:33:47 - matching_Tlaxcala - INFO -   Token-based candidates: 38
2026-07-29 15:33:47 - matching_Tlaxcala - INFO -   Filtering: need match on substantive tokens: ['cenora', 'defensa'] OR 2+ total tokens
2026-07-29 15:33:47 - matching_Tlaxcala - INFO -   After filtering weak token matches: 29 candidates
2026-07-29 15:33:47 - matching_Tlaxcala - INFO -   Fuzzy matches (score >= 70, limit=500): 28
2026-07-29 15:33:47 - matching_Tlaxcala - DEBUG -     gz_id=1000391 'nuestra cenora raio' score=0.882 nombre=False saint_only=False terr= phase=candidate
2026-07-29 15:33:47 - matching_Tlaxcala - DEBUG -     gz_id=1000412 'saiula' score=0.872 nombre=False saint_only=False terr= phase=candidate
2026-07-29 15:33:47 - matching_Tlaxcala - DEBUG -     gz_id=8000654 'penas' score=0.857 nombre=False saint_only=False terr= phase=candidate
2026-07-29 15:33:47 - matching_Tlaxcala - DEBUG -     gz_id=1004507 'nuestra cenora pilar' score=0.857 nombre=False saint_only=False terr= phase=candidate
2026-07-29 15:33:47 - matching_Tlaxcala - DEBUG -     gz_id=1000261 'loreto' score=0.842 nombre=False saint_only=False terr= phase=relegated
2026-07-29 15:33:47 - matching_Tlaxcala - DEBUG -     gz_id=9000109 'dolores' score=0.842 nombre=False saint_only=False terr= phase=relegated
2026-07-29 15:33:47 - matching_Tlaxcala - DEBUG -     gz_id=1000587 'sapotlan' score=0.842 nombre=False saint_only=False terr= phase=relegated
2026-07-29 15:33:47 - matching_Tlaxcala - DEBUG -     gz_id=9900125 'loreto' score=0.842 nombre=False saint_only=False terr= phase=relegated
2026-07-29 15:33:47 - matching_Tlaxcala - DEBUG -     gz_id=9900748 'nueba bilbao' score=0.837 nombre=False saint_only=False terr= phase=relegated
2026-07-29 15:33:47 - matching_Tlaxcala - DEBUG -     gz_id=1004699 'nuestra cenora jonjon' score=0.833 nombre=False saint_only=False terr= phase=relegated
2026-07-29 15:33:47 - matching_Tlaxcala - DEBUG -     gz_id=1000614 'nuestra cenora rosario' score=0.829 nombre=False saint_only=False terr= phase=relegated
2026-07-29 15:33:47 - matching_Tlaxcala - DEBUG -     gz_id=4000064 'caucahua' score=0.821 nombre=False saint_only=False terr= phase=relegated
2026-07-29 15:33:47 - matching_Tlaxcala - DEBUG -     gz_id=1000723 'saucillo' score=0.821 nombre=False saint_only=False terr= phase=relegated
2026-07-29 15:33:47 - matching_Tlaxcala - DEBUG -     gz_id=7000317 'cauquenes' score=0.821 nombre=False saint_only=False terr= phase=relegated
2026-07-29 15:33:47 - matching_Tlaxcala - DEBUG -     gz_id=1000656 'huaje' score=0.811 nombre=False saint_only=False terr= phase=relegated
2026-07-29 15:33:47 - matching_Tlaxcala - DEBUG -     gz_id=1000276 'ioquibo' score=0.811 nombre=False saint_only=False terr= phase=relegated
2026-07-29 15:33:47 - matching_Tlaxcala - DEBUG -     gz_id=1000297 'nonoaba' score=0.811 nombre=False saint_only=False terr= phase=relegated
2026-07-29 15:33:47 - matching_Tlaxcala - DEBUG -     gz_id=1000298 'norogachi' score=0.811 nombre=False saint_only=False terr= phase=relegated
2026-07-29 15:33:47 - matching_Tlaxcala - DEBUG -     gz_id=1000324 'alamos' score=0.811 nombre=False saint_only=False terr= phase=relegated
2026-07-29 15:33:47 - matching_Tlaxcala - DEBUG -     gz_id=1000583 'matatlan' score=0.811 nombre=False saint_only=False terr= phase=relegated
2026-07-29 15:33:47 - matching_Tlaxcala - DEBUG -     gz_id=1000327 'bacabureachi' score=0.811 nombre=False saint_only=False terr= phase=relegated
2026-07-29 15:33:47 - matching_Tlaxcala - DEBUG -     gz_id=9000149 'macapillo' score=0.811 nombre=False saint_only=False terr= phase=relegated
2026-07-29 15:33:47 - matching_Tlaxcala - DEBUG -     gz_id=1001291 'molango' score=0.811 nombre=False saint_only=False terr= phase=relegated
2026-07-29 15:33:47 - matching_Tlaxcala - DEBUG -     gz_id=1000256 'huahuachique' score=0.811 nombre=False saint_only=False terr= phase=relegated
2026-07-29 15:33:47 - matching_Tlaxcala - DEBUG -     gz_id=5000747 'colejio' score=0.773 nombre=False saint_only=False terr= phase=relegated
2026-07-29 15:33:47 - matching_Tlaxcala - DEBUG -     gz_id=3000210 'iauco' score=0.773 nombre=False saint_only=False terr= phase=relegated
2026-07-29 15:33:47 - matching_Tlaxcala - DEBUG -     gz_id=1003925 'ahome' score=0.762 nombre=False saint_only=False terr= phase=relegated
2026-07-29 15:33:47 - matching_Tlaxcala - DEBUG -     gz_id=1004091 'ocotlan' score=0.727 nombre=False saint_only=False terr= phase=relegated
2026-07-29 15:33:47 - matching_Tlaxcala - INFO -   Before dedup: 28 candidates
2026-07-29 15:33:47 - matching_Tlaxcala - INFO -   After dedup: 28 unique gz_ids
2026-07-29 15:33:47 - matching_Tlaxcala - INFO -   Input has territorial data: False
2026-07-29 15:33:47 - matching_Tlaxcala - INFO -   Candidates with territory match: 0
2026-07-29 15:33:47 - matching_Tlaxcala - INFO -   No territorial filtering applied (no input territorial data)
2026-07-29 15:33:47 - matching_Tlaxcala - INFO -   Nombre matches (exact on lugar_nombre): 0
2026-07-29 15:33:47 - matching_Tlaxcala - INFO -   Saint-only matches: 0
2026-07-29 15:33:47 - matching_Tlaxcala - INFO -   Substantive matches: 28
2026-07-29 15:33:47 - matching_Tlaxcala - INFO -   Candidate pool (>= threshold): 4
2026-07-29 15:33:47 - matching_Tlaxcala - INFO -   4 candidate(s) -> candidate
2026-07-29 15:33:47 - matching_Tlaxcala - INFO -   rowID=108: found at step 'no_partido_jurisdiccion'
2026-07-29 15:33:47 - matching_Tlaxcala - INFO - 
============================================================
2026-07-29 15:33:47 - matching_Tlaxcala - INFO - Processing rowID=110: 'Xaltip.C' -> cleaned: 'jaltip c'
2026-07-29 15:33:47 - matching_Tlaxcala - INFO -   Territorial context: (none)='' -> allowed rows: all
2026-07-29 15:33:47 - matching_Tlaxcala - INFO -   Token-based candidates: 2
2026-07-29 15:33:47 - matching_Tlaxcala - INFO -   Filtering: need match on substantive tokens: ['jaltip'] OR 2+ total tokens
2026-07-29 15:33:47 - matching_Tlaxcala - INFO -   Fuzzy matches (score >= 70, limit=500): 2
2026-07-29 15:33:47 - matching_Tlaxcala - DEBUG -     gz_id=1004154 'jaltipan' score=0.857 nombre=False saint_only=False terr= phase=candidate
2026-07-29 15:33:47 - matching_Tlaxcala - DEBUG -     gz_id=1002350 'jaltipan' score=0.857 nombre=False saint_only=False terr= phase=candidate
2026-07-29 15:33:47 - matching_Tlaxcala - INFO -   Before dedup: 2 candidates
2026-07-29 15:33:47 - matching_Tlaxcala - INFO -   After dedup: 2 unique gz_ids
2026-07-29 15:33:47 - matching_Tlaxcala - INFO -   Input has territorial data: False
2026-07-29 15:33:47 - matching_Tlaxcala - INFO -   Candidates with territory match: 0
2026-07-29 15:33:47 - matching_Tlaxcala - INFO -   No territorial filtering applied (no input territorial data)
2026-07-29 15:33:47 - matching_Tlaxcala - INFO -   Nombre matches (exact on lugar_nombre): 0
2026-07-29 15:33:47 - matching_Tlaxcala - INFO -   Saint-only matches: 0
2026-07-29 15:33:47 - matching_Tlaxcala - INFO -   Substantive matches: 2
2026-07-29 15:33:47 - matching_Tlaxcala - INFO -   Candidate pool (>= threshold): 2
2026-07-29 15:33:47 - matching_Tlaxcala - INFO -   2 candidate(s) -> candidate
2026-07-29 15:33:47 - matching_Tlaxcala - INFO -   rowID=110: found at step 'no_partido_jurisdiccion'
2026-07-29 15:33:47 - matching_Tlaxcala - INFO - Processing row 110, rowID=111
2026-07-29 15:33:47 - matching_Tlaxcala - INFO - 
============================================================
2026-07-29 15:33:47 - matching_Tlaxcala - INFO - Processing rowID=111: 'Tepalcatepeque' -> cleaned: 'tepalcatepeque'
2026-07-29 15:33:47 - matching_Tlaxcala - INFO -   Territorial context: (none)='' -> allowed rows: all
2026-07-29 15:33:47 - matching_Tlaxcala - INFO -   Token-based candidates: 10
2026-07-29 15:33:47 - matching_Tlaxcala - INFO -   Fuzzy matches (score >= 70, limit=500): 10
2026-07-29 15:33:47 - matching_Tlaxcala - DEBUG -     gz_id=1003202 'tepalcatepec' score=0.957 nombre=False saint_only=False terr= phase=auto_adopt
2026-07-29 15:33:47 - matching_Tlaxcala - DEBUG -     gz_id=1002603 'tepalcatepec' score=0.957 nombre=False saint_only=False terr= phase=auto_adopt
2026-07-29 15:33:47 - matching_Tlaxcala - DEBUG -     gz_id=1001946 'tepalcatepec' score=0.957 nombre=False saint_only=False terr= phase=auto_adopt
2026-07-29 15:33:47 - matching_Tlaxcala - DEBUG -     gz_id=2000232 'tonacatepeque' score=0.833 nombre=False saint_only=False terr= phase=relegated
2026-07-29 15:33:47 - matching_Tlaxcala - DEBUG -     gz_id=2000210 'san juan sacatepeques' score=0.833 nombre=False saint_only=False terr= phase=relegated
2026-07-29 15:33:47 - matching_Tlaxcala - DEBUG -     gz_id=2000211 'san pedro sacatepeques' score=0.833 nombre=False saint_only=False terr= phase=relegated
2026-07-29 15:33:47 - matching_Tlaxcala - DEBUG -     gz_id=2000212 'san lucas sacatepeques' score=0.833 nombre=False saint_only=False terr= phase=relegated
2026-07-29 15:33:47 - matching_Tlaxcala - DEBUG -     gz_id=2000475 'quesaltepeque cierra' score=0.800 nombre=False saint_only=False terr= phase=relegated
2026-07-29 15:33:47 - matching_Tlaxcala - DEBUG -     gz_id=2000077 'oxchuc' score=0.778 nombre=False saint_only=False terr= phase=relegated
2026-07-29 15:33:47 - matching_Tlaxcala - DEBUG -     gz_id=2000091 'san martin' score=0.778 nombre=False saint_only=False terr= phase=relegated
2026-07-29 15:33:47 - matching_Tlaxcala - INFO -   Before dedup: 10 candidates
2026-07-29 15:33:47 - matching_Tlaxcala - INFO -   After dedup: 10 unique gz_ids
2026-07-29 15:33:47 - matching_Tlaxcala - INFO -   Input has territorial data: False
2026-07-29 15:33:47 - matching_Tlaxcala - INFO -   Candidates with territory match: 0
2026-07-29 15:33:47 - matching_Tlaxcala - INFO -   No territorial filtering applied (no input territorial data)
2026-07-29 15:33:47 - matching_Tlaxcala - INFO -   Nombre matches (exact on lugar_nombre): 0
2026-07-29 15:33:47 - matching_Tlaxcala - INFO -   Saint-only matches: 0
2026-07-29 15:33:47 - matching_Tlaxcala - INFO -   Substantive matches: 10
2026-07-29 15:33:47 - matching_Tlaxcala - INFO -   Candidate pool (>= threshold): 3
2026-07-29 15:33:47 - matching_Tlaxcala - INFO -   3 candidate(s) -> candidate
2026-07-29 15:33:47 - matching_Tlaxcala - INFO -   rowID=111: found at step 'no_partido_jurisdiccion'
2026-07-29 15:33:47 - matching_Tlaxcala - INFO - 
============================================================
2026-07-29 15:33:47 - matching_Tlaxcala - INFO - Processing rowID=115: 'Soltepeque' -> cleaned: 'soltepeque'
2026-07-29 15:33:47 - matching_Tlaxcala - INFO -   Territorial context: (none)='' -> allowed rows: all
2026-07-29 15:33:47 - matching_Tlaxcala - INFO -   Token-based candidates: 7
2026-07-29 15:33:47 - matching_Tlaxcala - INFO -   Fuzzy matches (score >= 70, limit=500): 7
2026-07-29 15:33:47 - matching_Tlaxcala - DEBUG -     gz_id=2000475 'quesaltepeque cierra' score=0.900 nombre=False saint_only=False terr= phase=auto_adopt
2026-07-29 15:33:47 - matching_Tlaxcala - DEBUG -     gz_id=2000552 'ocotepeque' score=0.889 nombre=False saint_only=False terr= phase=candidate
2026-07-29 15:33:47 - matching_Tlaxcala - DEBUG -     gz_id=2000438 'teotepeque' score=0.889 nombre=False saint_only=False terr= phase=candidate
2026-07-29 15:33:47 - matching_Tlaxcala - DEBUG -     gz_id=2000239 'ixtepeque' score=0.875 nombre=False saint_only=False terr= phase=candidate
2026-07-29 15:33:47 - matching_Tlaxcala - DEBUG -     gz_id=2000424 'coatepeque' score=0.842 nombre=False saint_only=False terr= phase=relegated
2026-07-29 15:33:47 - matching_Tlaxcala - DEBUG -     gz_id=2000371 'coatepeque' score=0.842 nombre=False saint_only=False terr= phase=relegated
2026-07-29 15:33:47 - matching_Tlaxcala - DEBUG -     gz_id=2000183 'olintepeque' score=0.824 nombre=False saint_only=False terr= phase=relegated
2026-07-29 15:33:47 - matching_Tlaxcala - INFO -   Before dedup: 7 candidates
2026-07-29 15:33:47 - matching_Tlaxcala - INFO -   After dedup: 7 unique gz_ids
2026-07-29 15:33:47 - matching_Tlaxcala - INFO -   Input has territorial data: False
2026-07-29 15:33:47 - matching_Tlaxcala - INFO -   Candidates with territory match: 0
2026-07-29 15:33:47 - matching_Tlaxcala - INFO -   No territorial filtering applied (no input territorial data)
2026-07-29 15:33:47 - matching_Tlaxcala - INFO -   Nombre matches (exact on lugar_nombre): 0
2026-07-29 15:33:47 - matching_Tlaxcala - INFO -   Saint-only matches: 0
2026-07-29 15:33:47 - matching_Tlaxcala - INFO -   Substantive matches: 7
2026-07-29 15:33:47 - matching_Tlaxcala - INFO -   Candidate pool (>= threshold): 4
2026-07-29 15:33:47 - matching_Tlaxcala - INFO -   4 candidate(s) -> candidate
2026-07-29 15:33:47 - matching_Tlaxcala - INFO -   rowID=115: found at step 'no_partido_jurisdiccion'
2026-07-29 15:33:47 - matching_Tlaxcala - INFO - 
============================================================
2026-07-29 15:33:47 - matching_Tlaxcala - INFO - Processing rowID=120: 'La Asunción' -> cleaned: 'asuncion'
2026-07-29 15:33:47 - matching_Tlaxcala - INFO -   Territorial context: (none)='' -> allowed rows: all
2026-07-29 15:33:47 - matching_Tlaxcala - INFO -   Token-based candidates: 194
2026-07-29 15:33:47 - matching_Tlaxcala - INFO -   Fuzzy matches (score >= 70, limit=500): 194
2026-07-29 15:33:47 - matching_Tlaxcala - DEBUG -     gz_id=1001571 'tepejoiuca' score=1.000 nombre=False saint_only=True terr= phase=candidate
2026-07-29 15:33:47 - matching_Tlaxcala - DEBUG -     gz_id=8000393 'asuncion' score=1.000 nombre=False saint_only=True terr= phase=candidate
2026-07-29 15:33:47 - matching_Tlaxcala - DEBUG -     gz_id=1001580 'jalatlaco' score=1.000 nombre=False saint_only=True terr= phase=candidate
2026-07-29 15:33:47 - matching_Tlaxcala - DEBUG -     gz_id=1000544 'chiquilistlan' score=1.000 nombre=False saint_only=True terr= phase=candidate
2026-07-29 15:33:47 - matching_Tlaxcala - DEBUG -     gz_id=2000325 'mita' score=1.000 nombre=False saint_only=True terr= phase=candidate
2026-07-29 15:33:47 - matching_Tlaxcala - DEBUG -     gz_id=6001455 'cimariba' score=1.000 nombre=False saint_only=True terr= phase=candidate
2026-07-29 15:33:47 - matching_Tlaxcala - DEBUG -     gz_id=1003163 'tlancualpican' score=1.000 nombre=False saint_only=True terr= phase=candidate
2026-07-29 15:33:47 - matching_Tlaxcala - DEBUG -     gz_id=1002646 'asuncion ixtaltepec' score=1.000 nombre=False saint_only=True terr= phase=candidate
2026-07-29 15:33:47 - matching_Tlaxcala - DEBUG -     gz_id=1003686 'huamuxtitlan' score=1.000 nombre=False saint_only=True terr= phase=candidate
2026-07-29 15:33:47 - matching_Tlaxcala - DEBUG -     gz_id=1001075 'chilcuautla' score=1.000 nombre=False saint_only=True terr= phase=candidate
2026-07-29 15:33:47 - matching_Tlaxcala - DEBUG -     gz_id=1001599 'cusamala' score=1.000 nombre=False saint_only=True terr= phase=candidate
2026-07-29 15:33:47 - matching_Tlaxcala - DEBUG -     gz_id=1002127 'tangancicuaro' score=1.000 nombre=False saint_only=True terr= phase=candidate
2026-07-29 15:33:47 - matching_Tlaxcala - DEBUG -     gz_id=1002653 'asuncion petapa' score=1.000 nombre=False saint_only=True terr= phase=candidate
2026-07-29 15:33:47 - matching_Tlaxcala - DEBUG -     gz_id=1003170 'ahuehuecingo' score=1.000 nombre=False saint_only=True terr= phase=candidate
2026-07-29 15:33:47 - matching_Tlaxcala - DEBUG -     gz_id=1000048 'acaponeta' score=1.000 nombre=False saint_only=True terr= phase=candidate
2026-07-29 15:33:47 - matching_Tlaxcala - DEBUG -     gz_id=1002135 'querendaro' score=1.000 nombre=False saint_only=True terr= phase=candidate
2026-07-29 15:33:47 - matching_Tlaxcala - DEBUG -     gz_id=2000341 'colotenango' score=1.000 nombre=False saint_only=True terr= phase=candidate
2026-07-29 15:33:47 - matching_Tlaxcala - DEBUG -     gz_id=1004219 'osuluama' score=1.000 nombre=False saint_only=True terr= phase=candidate
2026-07-29 15:33:47 - matching_Tlaxcala - DEBUG -     gz_id=1000575 'ahuisculco' score=1.000 nombre=False saint_only=True terr= phase=candidate
2026-07-29 15:33:47 - matching_Tlaxcala - DEBUG -     gz_id=1004793 'cia' score=1.000 nombre=False saint_only=True terr= phase=candidate
2026-07-29 15:33:47 - matching_Tlaxcala - DEBUG -     gz_id=1000063 'centispac' score=1.000 nombre=False saint_only=True terr= phase=candidate
2026-07-29 15:33:47 - matching_Tlaxcala - DEBUG -     gz_id=1002676 'jiotes' score=1.000 nombre=False saint_only=True terr= phase=candidate
2026-07-29 15:33:47 - matching_Tlaxcala - DEBUG -     gz_id=1000072 'sapotlan' score=1.000 nombre=False saint_only=True terr= phase=candidate
2026-07-29 15:33:47 - matching_Tlaxcala - DEBUG -     gz_id=1001630 'tlapanaloia' score=1.000 nombre=False saint_only=True terr= phase=candidate
2026-07-29 15:33:47 - matching_Tlaxcala - DEBUG -     gz_id=1005361 'asuncion rio florido' score=1.000 nombre=False saint_only=True terr= phase=candidate
2026-07-29 15:33:47 - matching_Tlaxcala - DEBUG -     gz_id=2000369 'tutuapa' score=1.000 nombre=False saint_only=True terr= phase=candidate
2026-07-29 15:33:47 - matching_Tlaxcala - DEBUG -     gz_id=1000078 'apan' score=1.000 nombre=False saint_only=True terr= phase=candidate
2026-07-29 15:33:47 - matching_Tlaxcala - DEBUG -     gz_id=1000081 'chilapa' score=1.000 nombre=False saint_only=True terr= phase=candidate
2026-07-29 15:33:47 - matching_Tlaxcala - DEBUG -     gz_id=1000086 'cuernabaca' score=1.000 nombre=False saint_only=True terr= phase=candidate
2026-07-29 15:33:47 - matching_Tlaxcala - DEBUG -     gz_id=1001647 'coanalan' score=1.000 nombre=False saint_only=True terr= phase=candidate
2026-07-29 15:33:47 - matching_Tlaxcala - DEBUG -     gz_id=1004259 'misantla' score=1.000 nombre=False saint_only=True terr= phase=candidate
2026-07-29 15:33:47 - matching_Tlaxcala - DEBUG -     gz_id=1000102 'tenango balle' score=1.000 nombre=False saint_only=True terr= phase=candidate
2026-07-29 15:33:47 - matching_Tlaxcala - DEBUG -     gz_id=1002188 'nueba tlaxcala' score=1.000 nombre=False saint_only=True terr= phase=candidate
2026-07-29 15:33:47 - matching_Tlaxcala - DEBUG -     gz_id=1000104 'ajuchitlan' score=1.000 nombre=False saint_only=True terr= phase=candidate
2026-07-29 15:33:47 - matching_Tlaxcala - DEBUG -     gz_id=1000105 'tetela rio' score=1.000 nombre=False saint_only=True terr= phase=candidate
2026-07-29 15:33:47 - matching_Tlaxcala - DEBUG -     gz_id=1000106 'tetepango' score=1.000 nombre=False saint_only=True terr= phase=candidate
2026-07-29 15:33:47 - matching_Tlaxcala - DEBUG -     gz_id=1003755 'tecola' score=1.000 nombre=False saint_only=True terr= phase=candidate
2026-07-29 15:33:47 - matching_Tlaxcala - DEBUG -     gz_id=1001145 'atarasquillo' score=1.000 nombre=False saint_only=True terr= phase=candidate
2026-07-29 15:33:47 - matching_Tlaxcala - DEBUG -     gz_id=1001667 'tequexquinahuac' score=1.000 nombre=False saint_only=True terr= phase=candidate
2026-07-29 15:33:47 - matching_Tlaxcala - DEBUG -     gz_id=1002720 'tlacolula' score=1.000 nombre=False saint_only=True terr= phase=candidate
2026-07-29 15:33:47 - matching_Tlaxcala - DEBUG -     gz_id=1004272 'iecuatla' score=1.000 nombre=False saint_only=True terr= phase=candidate
2026-07-29 15:33:47 - matching_Tlaxcala - DEBUG -     gz_id=5600830 'asuncion' score=1.000 nombre=True saint_only=False terr= phase=auto_adopt
2026-07-29 15:33:47 - matching_Tlaxcala - DEBUG -     gz_id=9000308 'asuncion' score=1.000 nombre=True saint_only=False terr= phase=auto_adopt
2026-07-29 15:33:47 - matching_Tlaxcala - DEBUG -     gz_id=1000114 'tecpan' score=1.000 nombre=False saint_only=True terr= phase=candidate
2026-07-29 15:33:47 - matching_Tlaxcala - DEBUG -     gz_id=1001672 'tlalteca' score=1.000 nombre=False saint_only=True terr= phase=candidate
2026-07-29 15:33:47 - matching_Tlaxcala - DEBUG -     gz_id=6001541 'posuso' score=1.000 nombre=False saint_only=True terr= phase=candidate
2026-07-29 15:33:47 - matching_Tlaxcala - DEBUG -     gz_id=1000120 'apacingan' score=1.000 nombre=False saint_only=True terr= phase=candidate
2026-07-29 15:33:47 - matching_Tlaxcala - DEBUG -     gz_id=1004286 'chiltoiac' score=1.000 nombre=False saint_only=True terr= phase=candidate
2026-07-29 15:33:47 - matching_Tlaxcala - DEBUG -     gz_id=1001681 'chilpancingo' score=1.000 nombre=False saint_only=True terr= phase=candidate
2026-07-29 15:33:47 - matching_Tlaxcala - DEBUG -     gz_id=1004292 'jilotepec' score=1.000 nombre=False saint_only=True terr= phase=candidate
2026-07-29 15:33:47 - matching_Tlaxcala - DEBUG -     gz_id=1000127 'erongaricuaro' score=1.000 nombre=False saint_only=True terr= phase=candidate
2026-07-29 15:33:47 - matching_Tlaxcala - DEBUG -     gz_id=1003776 'ixtepec' score=1.000 nombre=False saint_only=True terr= phase=candidate
2026-07-29 15:33:47 - matching_Tlaxcala - DEBUG -     gz_id=1001167 'sumpahuacan' score=1.000 nombre=False saint_only=True terr= phase=candidate
2026-07-29 15:33:47 - matching_Tlaxcala - DEBUG -     gz_id=1000131 'indaparapeo' score=1.000 nombre=False saint_only=True terr= phase=candidate
2026-07-29 15:33:47 - matching_Tlaxcala - DEBUG -     gz_id=1001697 'cacalomacan' score=1.000 nombre=False saint_only=True terr= phase=candidate
2026-07-29 15:33:47 - matching_Tlaxcala - DEBUG -     gz_id=1001180 'malacatepec' score=1.000 nombre=False saint_only=True terr= phase=candidate
2026-07-29 15:33:47 - matching_Tlaxcala - DEBUG -     gz_id=1004309 'chikindsonot' score=1.000 nombre=False saint_only=True terr= phase=candidate
2026-07-29 15:33:47 - matching_Tlaxcala - DEBUG -     gz_id=1003276 'tlaola' score=1.000 nombre=False saint_only=True terr= phase=candidate
2026-07-29 15:33:47 - matching_Tlaxcala - DEBUG -     gz_id=1004315 'peto' score=1.000 nombre=False saint_only=True terr= phase=candidate
2026-07-29 15:33:47 - matching_Tlaxcala - DEBUG -     gz_id=1004319 'sacalaca' score=1.000 nombre=False saint_only=True terr= phase=candidate
2026-07-29 15:33:47 - matching_Tlaxcala - DEBUG -     gz_id=1003281 'tuxpam' score=1.000 nombre=False saint_only=True terr= phase=candidate
2026-07-29 15:33:47 - matching_Tlaxcala - DEBUG -     gz_id=1002767 'atoiaquillo' score=1.000 nombre=False saint_only=True terr= phase=candidate
2026-07-29 15:33:47 - matching_Tlaxcala - DEBUG -     gz_id=1000675 'urireo' score=1.000 nombre=False saint_only=True terr= phase=candidate
2026-07-29 15:33:47 - matching_Tlaxcala - DEBUG -     gz_id=1002246 'asuncion ocotlan' score=1.000 nombre=False saint_only=True terr= phase=candidate
2026-07-29 15:33:47 - matching_Tlaxcala - DEBUG -     gz_id=1000161 'nochixtlan' score=1.000 nombre=False saint_only=True terr= phase=candidate
2026-07-29 15:33:47 - matching_Tlaxcala - DEBUG -     gz_id=1005466 'tampacan' score=1.000 nombre=False saint_only=True terr= phase=candidate
2026-07-29 15:33:47 - matching_Tlaxcala - DEBUG -     gz_id=1003818 'tlaxcalilla' score=1.000 nombre=False saint_only=True terr= phase=candidate
2026-07-29 15:33:47 - matching_Tlaxcala - DEBUG -     gz_id=1000172 'amosoc' score=1.000 nombre=False saint_only=True terr= phase=candidate
2026-07-29 15:33:47 - matching_Tlaxcala - DEBUG -     gz_id=1004339 'sanahcat' score=1.000 nombre=False saint_only=True terr= phase=candidate
2026-07-29 15:33:47 - matching_Tlaxcala - DEBUG -     gz_id=2000467 'paleca' score=1.000 nombre=False saint_only=True terr= phase=candidate
2026-07-29 15:33:47 - matching_Tlaxcala - DEBUG -     gz_id=1000177 'huauchinango' score=1.000 nombre=False saint_only=True terr= phase=candidate
2026-07-29 15:33:47 - matching_Tlaxcala - DEBUG -     gz_id=1001744 'jochitlan' score=1.000 nombre=False saint_only=True terr= phase=candidate
2026-07-29 15:33:47 - matching_Tlaxcala - DEBUG -     gz_id=1000188 'tetela' score=1.000 nombre=False saint_only=True terr= phase=candidate
2026-07-29 15:33:47 - matching_Tlaxcala - DEBUG -     gz_id=1001747 'acajochitlan' score=1.000 nombre=False saint_only=True terr= phase=candidate
2026-07-29 15:33:47 - matching_Tlaxcala - DEBUG -     gz_id=2000481 'mejicanos' score=1.000 nombre=False saint_only=True terr= phase=candidate
2026-07-29 15:33:47 - matching_Tlaxcala - DEBUG -     gz_id=1000191 'tochimilco' score=1.000 nombre=False saint_only=True terr= phase=candidate
2026-07-29 15:33:47 - matching_Tlaxcala - DEBUG -     gz_id=1001750 'asuncion' score=1.000 nombre=True saint_only=False terr= phase=auto_adopt
2026-07-29 15:33:47 - matching_Tlaxcala - DEBUG -     gz_id=1004364 'lerma' score=1.000 nombre=False saint_only=True terr= phase=candidate
2026-07-29 15:33:47 - matching_Tlaxcala - DEBUG -     gz_id=2000488 'mejicapa' score=1.000 nombre=False saint_only=True terr= phase=candidate
2026-07-29 15:33:47 - matching_Tlaxcala - DEBUG -     gz_id=1001238 'chichicaxtla' score=1.000 nombre=False saint_only=True terr= phase=candidate
2026-07-29 15:33:47 - matching_Tlaxcala - DEBUG -     gz_id=1003847 'jilitla' score=1.000 nombre=False saint_only=True terr= phase=candidate
2026-07-29 15:33:47 - matching_Tlaxcala - DEBUG -     gz_id=1004378 'bolonchenticul' score=1.000 nombre=False saint_only=True terr= phase=candidate
2026-07-29 15:33:47 - matching_Tlaxcala - DEBUG -     gz_id=1002297 'asuncion etla' score=1.000 nombre=False saint_only=True terr= phase=candidate
2026-07-29 15:33:47 - matching_Tlaxcala - DEBUG -     gz_id=1004380 'dcitbalche' score=1.000 nombre=False saint_only=True terr= phase=candidate
2026-07-29 15:33:47 - matching_Tlaxcala - DEBUG -     gz_id=1004387 'tenabo' score=1.000 nombre=False saint_only=True terr= phase=candidate
2026-07-29 15:33:47 - matching_Tlaxcala - DEBUG -     gz_id=1000737 'ahuatlan' score=1.000 nombre=False saint_only=True terr= phase=candidate
2026-07-29 15:33:47 - matching_Tlaxcala - DEBUG -     gz_id=1000740 'amecameca' score=1.000 nombre=False saint_only=True terr= phase=candidate
2026-07-29 15:33:47 - matching_Tlaxcala - DEBUG -     gz_id=2000518 'lolotiquillo' score=1.000 nombre=False saint_only=True terr= phase=candidate
2026-07-29 15:33:47 - matching_Tlaxcala - DEBUG -     gz_id=1004403 'kopoma' score=1.000 nombre=False saint_only=True terr= phase=candidate
2026-07-29 15:33:47 - matching_Tlaxcala - DEBUG -     gz_id=1002334 'calihuala' score=1.000 nombre=False saint_only=True terr= phase=candidate
2026-07-29 15:33:47 - matching_Tlaxcala - DEBUG -     gz_id=1002853 'texcatitlan' score=1.000 nombre=False saint_only=True terr= phase=candidate
2026-07-29 15:33:47 - matching_Tlaxcala - DEBUG -     gz_id=9900984 'jocotenango' score=1.000 nombre=False saint_only=True terr= phase=candidate
2026-07-29 15:33:47 - matching_Tlaxcala - DEBUG -     gz_id=1004421 'bokoba' score=1.000 nombre=False saint_only=True terr= phase=candidate
2026-07-29 15:33:47 - matching_Tlaxcala - DEBUG -     gz_id=1002340 'cuiotepeji' score=1.000 nombre=False saint_only=True terr= phase=candidate
2026-07-29 15:33:47 - matching_Tlaxcala - DEBUG -     gz_id=1001810 'milpa alta' score=1.000 nombre=False saint_only=True terr= phase=candidate
2026-07-29 15:33:47 - matching_Tlaxcala - DEBUG -     gz_id=1002867 'tlajiaco' score=1.000 nombre=False saint_only=True terr= phase=candidate
2026-07-29 15:33:47 - matching_Tlaxcala - DEBUG -     gz_id=1004434 'ekmul' score=1.000 nombre=False saint_only=True terr= phase=candidate
2026-07-29 15:33:47 - matching_Tlaxcala - DEBUG -     gz_id=2000032 'barrio mejicanos' score=1.000 nombre=False saint_only=True terr= phase=candidate
2026-07-29 15:33:47 - matching_Tlaxcala - DEBUG -     gz_id=1003910 'rahum' score=1.000 nombre=False saint_only=True terr= phase=candidate
2026-07-29 15:33:47 - matching_Tlaxcala - DEBUG -     gz_id=8000642 'chahuaio' score=1.000 nombre=False saint_only=True terr= phase=candidate
2026-07-29 15:33:47 - matching_Tlaxcala - DEBUG -     gz_id=1004441 'mococha' score=1.000 nombre=False saint_only=True terr= phase=candidate
2026-07-29 15:33:47 - matching_Tlaxcala - DEBUG -     gz_id=1003393 'santa maria asuncion' score=1.000 nombre=False saint_only=False terr= phase=candidate
2026-07-29 15:33:47 - matching_Tlaxcala - DEBUG -     gz_id=1001307 'talol' score=1.000 nombre=False saint_only=True terr= phase=candidate
2026-07-29 15:33:47 - matching_Tlaxcala - DEBUG -     gz_id=1003916 'tepahui' score=1.000 nombre=False saint_only=True terr= phase=candidate
2026-07-29 15:33:47 - matching_Tlaxcala - DEBUG -     gz_id=6000659 'asuncion' score=1.000 nombre=False saint_only=True terr= phase=candidate
2026-07-29 15:33:47 - matching_Tlaxcala - DEBUG -     gz_id=1004449 'sudsal' score=1.000 nombre=False saint_only=True terr= phase=candidate
2026-07-29 15:33:47 - matching_Tlaxcala - DEBUG -     gz_id=2000058 'asuncion huitiupan' score=1.000 nombre=False saint_only=True terr= phase=candidate
2026-07-29 15:33:47 - matching_Tlaxcala - DEBUG -     gz_id=1002903 'cuiamecalco' score=1.000 nombre=False saint_only=True terr= phase=candidate
2026-07-29 15:33:47 - matching_Tlaxcala - DEBUG -     gz_id=1002905 'jacatepec' score=1.000 nombre=False saint_only=True terr= phase=candidate
2026-07-29 15:33:47 - matching_Tlaxcala - DEBUG -     gz_id=1001851 'tecacahuaco' score=1.000 nombre=False saint_only=True terr= phase=candidate
2026-07-29 15:33:47 - matching_Tlaxcala - DEBUG -     gz_id=1003423 'tatetla' score=1.000 nombre=False saint_only=True terr= phase=candidate
2026-07-29 15:33:47 - matching_Tlaxcala - DEBUG -     gz_id=1004483 'mama' score=1.000 nombre=False saint_only=True terr= phase=candidate
2026-07-29 15:33:47 - matching_Tlaxcala - DEBUG -     gz_id=1003945 'alamos' score=1.000 nombre=False saint_only=True terr= phase=candidate
2026-07-29 15:33:47 - matching_Tlaxcala - DEBUG -     gz_id=1004485 'muna' score=1.000 nombre=False saint_only=True terr= phase=candidate
2026-07-29 15:33:47 - matching_Tlaxcala - DEBUG -     gz_id=1004488 'pustunich' score=1.000 nombre=False saint_only=True terr= phase=candidate
2026-07-29 15:33:47 - matching_Tlaxcala - DEBUG -     gz_id=1000823 'copalillo' score=1.000 nombre=False saint_only=True terr= phase=candidate
2026-07-29 15:33:47 - matching_Tlaxcala - DEBUG -     gz_id=8000681 'asuncion' score=1.000 nombre=False saint_only=True terr= phase=candidate
2026-07-29 15:33:47 - matching_Tlaxcala - DEBUG -     gz_id=1004491 'tecoh' score=1.000 nombre=False saint_only=True terr= phase=candidate
2026-07-29 15:33:47 - matching_Tlaxcala - DEBUG -     gz_id=2000078 'pantepec' score=1.000 nombre=False saint_only=True terr= phase=candidate
2026-07-29 15:33:47 - matching_Tlaxcala - DEBUG -     gz_id=1000828 'nancintla' score=1.000 nombre=False saint_only=True terr= phase=candidate
2026-07-29 15:33:47 - matching_Tlaxcala - DEBUG -     gz_id=1001865 'atoiac' score=1.000 nombre=False saint_only=True terr= phase=candidate
2026-07-29 15:33:47 - matching_Tlaxcala - DEBUG -     gz_id=1002402 'tlacolula' score=1.000 nombre=False saint_only=True terr= phase=candidate
2026-07-29 15:33:47 - matching_Tlaxcala - DEBUG -     gz_id=1003958 'cumpas' score=1.000 nombre=False saint_only=True terr= phase=candidate
2026-07-29 15:33:47 - matching_Tlaxcala - DEBUG -     gz_id=1001873 'acuitlapilco' score=1.000 nombre=False saint_only=True terr= phase=candidate
2026-07-29 15:33:47 - matching_Tlaxcala - DEBUG -     gz_id=1003969 'opodepe' score=1.000 nombre=False saint_only=True terr= phase=candidate
2026-07-29 15:33:47 - matching_Tlaxcala - DEBUG -     gz_id=1001882 'coatepec harinas' score=1.000 nombre=False saint_only=True terr= phase=candidate
2026-07-29 15:33:47 - matching_Tlaxcala - DEBUG -     gz_id=2000102 'soiatitan' score=1.000 nombre=False saint_only=True terr= phase=candidate
2026-07-29 15:33:47 - matching_Tlaxcala - DEBUG -     gz_id=1000331 'bocoina' score=1.000 nombre=False saint_only=True terr= phase=candidate
2026-07-29 15:33:47 - matching_Tlaxcala - DEBUG -     gz_id=1001888 'ixcateopan' score=1.000 nombre=False saint_only=True terr= phase=candidate
2026-07-29 15:33:47 - matching_Tlaxcala - DEBUG -     gz_id=1001890 'ixtapan sal' score=1.000 nombre=False saint_only=True terr= phase=candidate
2026-07-29 15:33:47 - matching_Tlaxcala - DEBUG -     gz_id=9000006 'asuncion' score=1.000 nombre=False saint_only=True terr= phase=candidate
2026-07-29 15:33:47 - matching_Tlaxcala - DEBUG -     gz_id=6001243 'asuncion' score=1.000 nombre=True saint_only=False terr= phase=auto_adopt
2026-07-29 15:33:47 - matching_Tlaxcala - DEBUG -     gz_id=1001897 'tecomatepec' score=1.000 nombre=False saint_only=False terr= phase=candidate
2026-07-29 15:33:47 - matching_Tlaxcala - DEBUG -     gz_id=1001898 'teloloapan' score=1.000 nombre=False saint_only=True terr= phase=candidate
2026-07-29 15:33:47 - matching_Tlaxcala - DEBUG -     gz_id=1002953 'huitepec' score=1.000 nombre=False saint_only=True terr= phase=candidate
2026-07-29 15:33:47 - matching_Tlaxcala - DEBUG -     gz_id=2000115 'tuxtla chico' score=1.000 nombre=False saint_only=True terr= phase=candidate
2026-07-29 15:33:47 - matching_Tlaxcala - DEBUG -     gz_id=1003478 'tepeiahualco' score=1.000 nombre=False saint_only=True terr= phase=candidate
2026-07-29 15:33:47 - matching_Tlaxcala - DEBUG -     gz_id=1002964 'lachijila' score=1.000 nombre=False saint_only=True terr= phase=candidate
2026-07-29 15:33:47 - matching_Tlaxcala - DEBUG -     gz_id=2000133 'ahuachapa' score=1.000 nombre=False saint_only=True terr= phase=candidate
2026-07-29 15:33:47 - matching_Tlaxcala - DEBUG -     gz_id=2000134 'isalco' score=1.000 nombre=False saint_only=True terr= phase=candidate
2026-07-29 15:33:47 - matching_Tlaxcala - DEBUG -     gz_id=1002454 'pinotepa don luis' score=1.000 nombre=False saint_only=True terr= phase=candidate
2026-07-29 15:33:47 - matching_Tlaxcala - DEBUG -     gz_id=1002979 'puxmetacan' score=1.000 nombre=False saint_only=True terr= phase=candidate
2026-07-29 15:33:47 - matching_Tlaxcala - DEBUG -     gz_id=1001406 'tequisquiapan' score=1.000 nombre=False saint_only=True terr= phase=candidate
2026-07-29 15:33:47 - matching_Tlaxcala - DEBUG -     gz_id=1000371 'huasamota' score=1.000 nombre=False saint_only=True terr= phase=candidate
2026-07-29 15:33:47 - matching_Tlaxcala - DEBUG -     gz_id=1004571 'temoson' score=1.000 nombre=False saint_only=True terr= phase=candidate
2026-07-29 15:33:47 - matching_Tlaxcala - DEBUG -     gz_id=1000900 'tlacotepec' score=1.000 nombre=False saint_only=True terr= phase=candidate
2026-07-29 15:33:47 - matching_Tlaxcala - DEBUG -     gz_id=1001943 'paracuaro' score=1.000 nombre=False saint_only=True terr= phase=candidate
2026-07-29 15:33:47 - matching_Tlaxcala - DEBUG -     gz_id=1002995 'tepantlali' score=1.000 nombre=False saint_only=True terr= phase=candidate
2026-07-29 15:33:47 - matching_Tlaxcala - DEBUG -     gz_id=1000905 'ahuacatitlan' score=1.000 nombre=False saint_only=True terr= phase=candidate
2026-07-29 15:33:47 - matching_Tlaxcala - DEBUG -     gz_id=8000247 'pirai' score=1.000 nombre=False saint_only=True terr= phase=candidate
2026-07-29 15:33:47 - matching_Tlaxcala - DEBUG -     gz_id=1003002 'tlahuitoltepec' score=1.000 nombre=False saint_only=True terr= phase=candidate
2026-07-29 15:33:47 - matching_Tlaxcala - DEBUG -     gz_id=1003004 'tonahuia' score=1.000 nombre=False saint_only=True terr= phase=candidate
2026-07-29 15:33:47 - matching_Tlaxcala - DEBUG -     gz_id=1003005 'totontepec' score=1.000 nombre=False saint_only=True terr= phase=candidate
2026-07-29 15:33:47 - matching_Tlaxcala - DEBUG -     gz_id=1003530 'acajete' score=1.000 nombre=False saint_only=False terr= phase=candidate
2026-07-29 15:33:47 - matching_Tlaxcala - DEBUG -     gz_id=1001966 'naranja' score=1.000 nombre=False saint_only=True terr= phase=candidate
2026-07-29 15:33:47 - matching_Tlaxcala - DEBUG -     gz_id=4000508 'atapiriri' score=1.000 nombre=False saint_only=True terr= phase=candidate
2026-07-29 15:33:47 - matching_Tlaxcala - DEBUG -     gz_id=2000187 'cantel' score=1.000 nombre=False saint_only=True terr= phase=candidate
2026-07-29 15:33:47 - matching_Tlaxcala - DEBUG -     gz_id=2000188 'solola' score=1.000 nombre=False saint_only=True terr= phase=candidate
2026-07-29 15:33:47 - matching_Tlaxcala - DEBUG -     gz_id=1000416 'jala arriba' score=1.000 nombre=False saint_only=True terr= phase=candidate
2026-07-29 15:33:47 - matching_Tlaxcala - DEBUG -     gz_id=1003547 'nenecintla' score=1.000 nombre=False saint_only=True terr= phase=candidate
2026-07-29 15:33:47 - matching_Tlaxcala - DEBUG -     gz_id=1001457 'asala' score=1.000 nombre=False saint_only=True terr= phase=candidate
2026-07-29 15:33:47 - matching_Tlaxcala - DEBUG -     gz_id=1001981 'huiramangaro' score=1.000 nombre=False saint_only=True terr= phase=candidate
2026-07-29 15:33:47 - matching_Tlaxcala - DEBUG -     gz_id=1001459 'cacalotenango' score=1.000 nombre=False saint_only=True terr= phase=candidate
2026-07-29 15:33:47 - matching_Tlaxcala - DEBUG -     gz_id=1000422 'atengo' score=1.000 nombre=False saint_only=True terr= phase=candidate
2026-07-29 15:33:47 - matching_Tlaxcala - DEBUG -     gz_id=1000949 'temimilcingo' score=1.000 nombre=False saint_only=True terr= phase=candidate
2026-07-29 15:33:47 - matching_Tlaxcala - DEBUG -     gz_id=1001470 'pilcaia' score=1.000 nombre=False saint_only=True terr= phase=candidate
2026-07-29 15:33:47 - matching_Tlaxcala - DEBUG -     gz_id=1001996 'cucio' score=1.000 nombre=False saint_only=True terr= phase=candidate
2026-07-29 15:33:47 - matching_Tlaxcala - DEBUG -     gz_id=1002525 'asuncion osolotepec' score=1.000 nombre=False saint_only=True terr= phase=candidate
2026-07-29 15:33:47 - matching_Tlaxcala - DEBUG -     gz_id=1000955 'tetecala' score=1.000 nombre=False saint_only=True terr= phase=candidate
2026-07-29 15:33:47 - matching_Tlaxcala - DEBUG -     gz_id=1001475 'tlamacasapa' score=1.000 nombre=False saint_only=True terr= phase=candidate
2026-07-29 15:33:47 - matching_Tlaxcala - DEBUG -     gz_id=1003564 'tecamachalco' score=1.000 nombre=False saint_only=True terr= phase=candidate
2026-07-29 15:33:47 - matching_Tlaxcala - DEBUG -     gz_id=1002001 'tlapehuala' score=1.000 nombre=False saint_only=True terr= phase=candidate
2026-07-29 15:33:47 - matching_Tlaxcala - DEBUG -     gz_id=1003053 'asuncion mixtepec' score=1.000 nombre=False saint_only=True terr= phase=candidate
2026-07-29 15:33:47 - matching_Tlaxcala - DEBUG -     gz_id=2000220 'jocotenango' score=1.000 nombre=False saint_only=True terr= phase=candidate
2026-07-29 15:33:47 - matching_Tlaxcala - DEBUG -     gz_id=1002011 'patamban' score=1.000 nombre=False saint_only=True terr= phase=candidate
2026-07-29 15:33:47 - matching_Tlaxcala - DEBUG -     gz_id=9900646 'asuncion' score=1.000 nombre=True saint_only=False terr= phase=auto_adopt
2026-07-29 15:33:47 - matching_Tlaxcala - DEBUG -     gz_id=1000974 'iautepec' score=1.000 nombre=False saint_only=True terr= phase=candidate
2026-07-29 15:33:47 - matching_Tlaxcala - DEBUG -     gz_id=1002019 'tinhuindin' score=1.000 nombre=False saint_only=True terr= phase=candidate
2026-07-29 15:33:47 - matching_Tlaxcala - DEBUG -     gz_id=1002547 'acatlancito' score=1.000 nombre=False saint_only=True terr= phase=candidate
2026-07-29 15:33:47 - matching_Tlaxcala - DEBUG -     gz_id=1002548 'cacalotepec' score=1.000 nombre=False saint_only=True terr= phase=candidate
2026-07-29 15:33:47 - matching_Tlaxcala - DEBUG -     gz_id=4000006 'margarita' score=1.000 nombre=False saint_only=True terr= phase=candidate
2026-07-29 15:33:47 - matching_Tlaxcala - DEBUG -     gz_id=1002556 'ecatepec' score=1.000 nombre=False saint_only=True terr= phase=candidate
2026-07-29 15:33:47 - matching_Tlaxcala - DEBUG -     gz_id=5600071 'asancoto' score=1.000 nombre=False saint_only=True terr= phase=candidate
2026-07-29 15:33:47 - matching_Tlaxcala - DEBUG -     gz_id=1001508 'posontepec' score=1.000 nombre=False saint_only=True terr= phase=candidate
2026-07-29 15:33:47 - matching_Tlaxcala - DEBUG -     gz_id=1003604 'molcajac' score=1.000 nombre=False saint_only=True terr= phase=candidate
2026-07-29 15:33:47 - matching_Tlaxcala - DEBUG -     gz_id=1003088 'chila' score=1.000 nombre=False saint_only=True terr= phase=candidate
2026-07-29 15:33:47 - matching_Tlaxcala - DEBUG -     gz_id=1002571 'lachijonace' score=1.000 nombre=False saint_only=True terr= phase=candidate
2026-07-29 15:33:47 - matching_Tlaxcala - DEBUG -     gz_id=1003093 'piaxtla' score=1.000 nombre=False saint_only=True terr= phase=candidate
2026-07-29 15:33:47 - matching_Tlaxcala - DEBUG -     gz_id=1000490 'mescala' score=1.000 nombre=False saint_only=True terr= phase=candidate
2026-07-29 15:33:47 - matching_Tlaxcala - DEBUG -     gz_id=1002591 'quiegolani' score=1.000 nombre=False saint_only=True terr= phase=candidate
2026-07-29 15:33:47 - matching_Tlaxcala - DEBUG -     gz_id=1001544 'calimaia' score=1.000 nombre=False saint_only=True terr= phase=candidate
2026-07-29 15:33:47 - matching_Tlaxcala - DEBUG -     gz_id=2000812 'hermita' score=1.000 nombre=False saint_only=True terr= phase=candidate
2026-07-29 15:33:47 - matching_Tlaxcala - DEBUG -     gz_id=9000191 'crus' score=1.000 nombre=False saint_only=True terr= phase=candidate
2026-07-29 15:33:47 - matching_Tlaxcala - DEBUG -     gz_id=1002077 'asuncion' score=1.000 nombre=True saint_only=False terr= phase=auto_adopt
2026-07-29 15:33:47 - matching_Tlaxcala - INFO -   Before dedup: 194 candidates
2026-07-29 15:33:47 - matching_Tlaxcala - INFO -   After dedup: 194 unique gz_ids
2026-07-29 15:33:47 - matching_Tlaxcala - INFO -   Input has territorial data: False
2026-07-29 15:33:47 - matching_Tlaxcala - INFO -   Candidates with territory match: 0
2026-07-29 15:33:47 - matching_Tlaxcala - INFO -   No territorial filtering applied (no input territorial data)
2026-07-29 15:33:47 - matching_Tlaxcala - INFO -   Nombre matches (exact on lugar_nombre): 6
2026-07-29 15:33:47 - matching_Tlaxcala - INFO -   Saint-only matches: 185
2026-07-29 15:33:47 - matching_Tlaxcala - INFO -   Substantive matches: 9
2026-07-29 15:33:47 - matching_Tlaxcala - INFO -   NOMBRE PRIORITY: Keeping ONLY 6 nombre matches, discarding 3 others
2026-07-29 15:33:47 - matching_Tlaxcala - INFO -      gz_id=5600830: Asuncion
2026-07-29 15:33:47 - matching_Tlaxcala - INFO -      gz_id=9000308: Asuncion
2026-07-29 15:33:47 - matching_Tlaxcala - INFO -      gz_id=1001750: Asuncion
2026-07-29 15:33:47 - matching_Tlaxcala - INFO -      gz_id=6001243: Asuncion
2026-07-29 15:33:47 - matching_Tlaxcala - INFO -      gz_id=9900646: Asuncion
2026-07-29 15:33:47 - matching_Tlaxcala - INFO -      gz_id=1002077: Asuncion
2026-07-29 15:33:47 - matching_Tlaxcala - INFO -   Candidate pool (>= threshold): 6
2026-07-29 15:33:47 - matching_Tlaxcala - INFO -   6 candidate(s) -> candidate
2026-07-29 15:33:47 - matching_Tlaxcala - INFO -   rowID=120: found at step 'no_partido_jurisdiccion'
2026-07-29 15:33:47 - matching_Tlaxcala - INFO - 
============================================================
2026-07-29 15:33:47 - matching_Tlaxcala - INFO - Processing rowID=123: 'La Compasión Tlascantla' -> cleaned: 'compacion tlascantla'
2026-07-29 15:33:47 - matching_Tlaxcala - INFO -   Territorial context: (none)='' -> allowed rows: all
2026-07-29 15:33:47 - matching_Tlaxcala - INFO -   Token-based candidates: 5
2026-07-29 15:33:47 - matching_Tlaxcala - INFO -   Filtering: need match on substantive tokens: ['tlascantla', 'compacion'] OR 2+ total tokens
2026-07-29 15:33:47 - matching_Tlaxcala - INFO -   Fuzzy matches (score >= 70, limit=500): 5
2026-07-29 15:33:47 - matching_Tlaxcala - DEBUG -     gz_id=1001339 'tlacintla' score=0.778 nombre=False saint_only=False terr= phase=relegated
2026-07-29 15:33:47 - matching_Tlaxcala - DEBUG -     gz_id=1001327 'tlacintla' score=0.778 nombre=False saint_only=False terr= phase=relegated
2026-07-29 15:33:47 - matching_Tlaxcala - DEBUG -     gz_id=1001084 'tlacintla' score=0.778 nombre=False saint_only=False terr= phase=relegated
2026-07-29 15:33:47 - matching_Tlaxcala - DEBUG -     gz_id=1001085 'tlacintla' score=0.778 nombre=False saint_only=False terr= phase=relegated
2026-07-29 15:33:47 - matching_Tlaxcala - DEBUG -     gz_id=1001450 'tlasala' score=0.714 nombre=False saint_only=False terr= phase=relegated
2026-07-29 15:33:47 - matching_Tlaxcala - INFO -   Before dedup: 5 candidates
2026-07-29 15:33:47 - matching_Tlaxcala - INFO -   After dedup: 5 unique gz_ids
2026-07-29 15:33:47 - matching_Tlaxcala - INFO -   Input has territorial data: False
2026-07-29 15:33:47 - matching_Tlaxcala - INFO -   Candidates with territory match: 0
2026-07-29 15:33:47 - matching_Tlaxcala - INFO -   No territorial filtering applied (no input territorial data)
2026-07-29 15:33:47 - matching_Tlaxcala - INFO -   Nombre matches (exact on lugar_nombre): 0
2026-07-29 15:33:47 - matching_Tlaxcala - INFO -   Saint-only matches: 0
2026-07-29 15:33:47 - matching_Tlaxcala - INFO -   Substantive matches: 5
2026-07-29 15:33:47 - matching_Tlaxcala - INFO -   Candidate pool (>= threshold): 0
2026-07-29 15:33:47 - matching_Tlaxcala - WARNING -   No candidate above threshold - relegated
2026-07-29 15:33:47 - matching_Tlaxcala - INFO - 
============================================================
2026-07-29 15:33:47 - matching_Tlaxcala - INFO - Processing rowID=123: 'La Compasión Tlascantla' -> cleaned: 'compacion tlascantla'
2026-07-29 15:33:47 - matching_Tlaxcala - INFO -   Territorial context: (none)='' -> allowed rows: all
2026-07-29 15:33:47 - matching_Tlaxcala - INFO -   Token-based candidates: 5
2026-07-29 15:33:47 - matching_Tlaxcala - INFO -   Filtering: need match on substantive tokens: ['tlascantla', 'compacion'] OR 2+ total tokens
2026-07-29 15:33:47 - matching_Tlaxcala - INFO -   Fuzzy matches (score >= 70, limit=500): 5
2026-07-29 15:33:47 - matching_Tlaxcala - DEBUG -     gz_id=1001339 'tlacintla' score=0.778 nombre=False saint_only=False terr= phase=relegated
2026-07-29 15:33:47 - matching_Tlaxcala - DEBUG -     gz_id=1001327 'tlacintla' score=0.778 nombre=False saint_only=False terr= phase=relegated
2026-07-29 15:33:47 - matching_Tlaxcala - DEBUG -     gz_id=1001084 'tlacintla' score=0.778 nombre=False saint_only=False terr= phase=relegated
2026-07-29 15:33:47 - matching_Tlaxcala - DEBUG -     gz_id=1001085 'tlacintla' score=0.778 nombre=False saint_only=False terr= phase=relegated
2026-07-29 15:33:47 - matching_Tlaxcala - DEBUG -     gz_id=1001450 'tlasala' score=0.714 nombre=False saint_only=False terr= phase=relegated
2026-07-29 15:33:47 - matching_Tlaxcala - INFO -   Before dedup: 5 candidates
2026-07-29 15:33:47 - matching_Tlaxcala - INFO -   After dedup: 5 unique gz_ids
2026-07-29 15:33:47 - matching_Tlaxcala - INFO -   Input has territorial data: False
2026-07-29 15:33:47 - matching_Tlaxcala - INFO -   Candidates with territory match: 0
2026-07-29 15:33:47 - matching_Tlaxcala - INFO -   No territorial filtering applied (no input territorial data)
2026-07-29 15:33:47 - matching_Tlaxcala - INFO -   Nombre matches (exact on lugar_nombre): 0
2026-07-29 15:33:47 - matching_Tlaxcala - INFO -   Saint-only matches: 0
2026-07-29 15:33:47 - matching_Tlaxcala - INFO -   Substantive matches: 5
2026-07-29 15:33:47 - matching_Tlaxcala - INFO -   Candidate pool (>= threshold): 0
2026-07-29 15:33:47 - matching_Tlaxcala - WARNING -   No candidate above threshold - relegated
2026-07-29 15:33:47 - matching_Tlaxcala - INFO - 
============================================================
2026-07-29 15:33:47 - matching_Tlaxcala - INFO - Processing rowID=123: 'La Compasión Tlascantla' -> cleaned: 'compacion tlascantla'
2026-07-29 15:33:47 - matching_Tlaxcala - INFO -   Territorial context: (none)='' -> allowed rows: all
2026-07-29 15:33:47 - matching_Tlaxcala - INFO -   Token-based candidates: 5
2026-07-29 15:33:47 - matching_Tlaxcala - INFO -   Filtering: need match on substantive tokens: ['tlascantla', 'compacion'] OR 2+ total tokens
2026-07-29 15:33:47 - matching_Tlaxcala - INFO -   Fuzzy matches (score >= 70, limit=500): 5
2026-07-29 15:33:47 - matching_Tlaxcala - DEBUG -     gz_id=1001339 'tlacintla' score=0.778 nombre=False saint_only=False terr= phase=relegated
2026-07-29 15:33:47 - matching_Tlaxcala - DEBUG -     gz_id=1001327 'tlacintla' score=0.778 nombre=False saint_only=False terr= phase=relegated
2026-07-29 15:33:47 - matching_Tlaxcala - DEBUG -     gz_id=1001084 'tlacintla' score=0.778 nombre=False saint_only=False terr= phase=relegated
2026-07-29 15:33:47 - matching_Tlaxcala - DEBUG -     gz_id=1001085 'tlacintla' score=0.778 nombre=False saint_only=False terr= phase=relegated
2026-07-29 15:33:47 - matching_Tlaxcala - DEBUG -     gz_id=1001450 'tlasala' score=0.714 nombre=False saint_only=False terr= phase=relegated
2026-07-29 15:33:47 - matching_Tlaxcala - INFO -   Before dedup: 5 candidates
2026-07-29 15:33:47 - matching_Tlaxcala - INFO -   After dedup: 5 unique gz_ids
2026-07-29 15:33:47 - matching_Tlaxcala - INFO -   Input has territorial data: False
2026-07-29 15:33:47 - matching_Tlaxcala - INFO -   Candidates with territory match: 0
2026-07-29 15:33:47 - matching_Tlaxcala - INFO -   No territorial filtering applied (no input territorial data)
2026-07-29 15:33:47 - matching_Tlaxcala - INFO -   Nombre matches (exact on lugar_nombre): 0
2026-07-29 15:33:47 - matching_Tlaxcala - INFO -   Saint-only matches: 0
2026-07-29 15:33:47 - matching_Tlaxcala - INFO -   Substantive matches: 5
2026-07-29 15:33:47 - matching_Tlaxcala - INFO -   Candidate pool (>= threshold): 0
2026-07-29 15:33:47 - matching_Tlaxcala - WARNING -   No candidate above threshold - relegated
2026-07-29 15:33:47 - matching_Tlaxcala - INFO - 
============================================================
2026-07-29 15:33:47 - matching_Tlaxcala - INFO - Processing rowID=129: 'San Cristóbal Jalapasco' -> cleaned: 'san cristobal jalapasco'
2026-07-29 15:33:47 - matching_Tlaxcala - INFO -   Territorial context: (none)='' -> allowed rows: all
2026-07-29 15:33:47 - matching_Tlaxcala - INFO -   Token-based candidates: 4470
2026-07-29 15:33:47 - matching_Tlaxcala - INFO -   Filtering: need match on substantive tokens: ['jalapasco', 'cristobal'] OR 2+ total tokens
2026-07-29 15:33:48 - matching_Tlaxcala - INFO -   After filtering weak token matches: 81 candidates
2026-07-29 15:33:48 - matching_Tlaxcala - INFO -   Fuzzy matches (score >= 70, limit=500): 81
2026-07-29 15:33:48 - matching_Tlaxcala - DEBUG -     gz_id=1001603 'san cristobal' score=1.000 nombre=False saint_only=False terr= phase=auto_adopt
2026-07-29 15:33:48 - matching_Tlaxcala - DEBUG -     gz_id=1002457 'san cristobal' score=1.000 nombre=False saint_only=False terr= phase=auto_adopt
2026-07-29 15:33:48 - matching_Tlaxcala - DEBUG -     gz_id=1003062 'san cristobal' score=1.000 nombre=False saint_only=False terr= phase=auto_adopt
2026-07-29 15:33:48 - matching_Tlaxcala - DEBUG -     gz_id=1003390 'san cristobal' score=1.000 nombre=False saint_only=False terr= phase=auto_adopt
2026-07-29 15:33:48 - matching_Tlaxcala - DEBUG -     gz_id=1004815 'san cristobal' score=1.000 nombre=False saint_only=False terr= phase=auto_adopt
2026-07-29 15:33:48 - matching_Tlaxcala - DEBUG -     gz_id=1005152 'san cristobal' score=1.000 nombre=False saint_only=False terr= phase=auto_adopt
2026-07-29 15:33:48 - matching_Tlaxcala - DEBUG -     gz_id=2000158 'san cristobal' score=1.000 nombre=False saint_only=False terr= phase=auto_adopt
2026-07-29 15:33:48 - matching_Tlaxcala - DEBUG -     gz_id=2000276 'san cristobal' score=1.000 nombre=False saint_only=False terr= phase=auto_adopt
2026-07-29 15:33:48 - matching_Tlaxcala - DEBUG -     gz_id=4000460 'san cristobal' score=1.000 nombre=False saint_only=False terr= phase=auto_adopt
2026-07-29 15:33:48 - matching_Tlaxcala - DEBUG -     gz_id=5000089 'san cristobal' score=1.000 nombre=False saint_only=False terr= phase=auto_adopt
2026-07-29 15:33:48 - matching_Tlaxcala - DEBUG -     gz_id=5000151 'san cristobal' score=1.000 nombre=False saint_only=False terr= phase=auto_adopt
2026-07-29 15:33:48 - matching_Tlaxcala - DEBUG -     gz_id=5600384 'san cristobal' score=1.000 nombre=False saint_only=False terr= phase=auto_adopt
2026-07-29 15:33:48 - matching_Tlaxcala - DEBUG -     gz_id=6000152 'san cristobal' score=1.000 nombre=False saint_only=False terr= phase=auto_adopt
2026-07-29 15:33:48 - matching_Tlaxcala - DEBUG -     gz_id=6000509 'san cristobal' score=1.000 nombre=False saint_only=False terr= phase=auto_adopt
2026-07-29 15:33:48 - matching_Tlaxcala - DEBUG -     gz_id=6000664 'san cristobal' score=1.000 nombre=False saint_only=False terr= phase=auto_adopt
2026-07-29 15:33:48 - matching_Tlaxcala - DEBUG -     gz_id=6001042 'san cristobal' score=1.000 nombre=False saint_only=False terr= phase=auto_adopt
2026-07-29 15:33:48 - matching_Tlaxcala - DEBUG -     gz_id=7000365 'san cristobal' score=1.000 nombre=False saint_only=False terr= phase=auto_adopt
2026-07-29 15:33:48 - matching_Tlaxcala - DEBUG -     gz_id=8000166 'san cristobal' score=1.000 nombre=False saint_only=False terr= phase=auto_adopt
2026-07-29 15:33:48 - matching_Tlaxcala - DEBUG -     gz_id=8000700 'san cristobal' score=1.000 nombre=False saint_only=False terr= phase=auto_adopt
2026-07-29 15:33:48 - matching_Tlaxcala - DEBUG -     gz_id=9900920 'san cristobal' score=1.000 nombre=False saint_only=False terr= phase=auto_adopt
2026-07-29 15:33:48 - matching_Tlaxcala - DEBUG -     gz_id=9901306 'san cristobal' score=1.000 nombre=False saint_only=False terr= phase=auto_adopt
2026-07-29 15:33:48 - matching_Tlaxcala - DEBUG -     gz_id=9960004 'san cristobal' score=1.000 nombre=False saint_only=False terr= phase=auto_adopt
2026-07-29 15:33:48 - matching_Tlaxcala - DEBUG -     gz_id=9900988 'san cristobal alto' score=0.914 nombre=False saint_only=False terr= phase=auto_adopt
2026-07-29 15:33:48 - matching_Tlaxcala - DEBUG -     gz_id=2000742 'san cristobal bajo' score=0.909 nombre=False saint_only=False terr= phase=auto_adopt
2026-07-29 15:33:48 - matching_Tlaxcala - DEBUG -     gz_id=4000512 'cerro mono' score=0.909 nombre=False saint_only=False terr= phase=auto_adopt
2026-07-29 15:33:48 - matching_Tlaxcala - DEBUG -     gz_id=6001027 'uco' score=0.903 nombre=False saint_only=False terr= phase=auto_adopt
2026-07-29 15:33:48 - matching_Tlaxcala - DEBUG -     gz_id=1001234 'chalma' score=0.895 nombre=False saint_only=False terr= phase=candidate
2026-07-29 15:33:48 - matching_Tlaxcala - DEBUG -     gz_id=1003250 'necaja' score=0.889 nombre=False saint_only=False terr= phase=candidate
2026-07-29 15:33:48 - matching_Tlaxcala - DEBUG -     gz_id=6000048 'sora' score=0.882 nombre=False saint_only=False terr= phase=candidate
2026-07-29 15:33:48 - matching_Tlaxcala - DEBUG -     gz_id=2000328 'jutiapa' score=0.878 nombre=False saint_only=False terr= phase=candidate
2026-07-29 15:33:48 - matching_Tlaxcala - DEBUG -     gz_id=1002495 'san cristobal amatlan' score=0.872 nombre=False saint_only=False terr= phase=candidate
2026-07-29 15:33:48 - matching_Tlaxcala - DEBUG -     gz_id=1004205 'naranjal' score=0.872 nombre=False saint_only=False terr= phase=candidate
2026-07-29 15:33:48 - matching_Tlaxcala - DEBUG -     gz_id=2000434 'jaiaque' score=0.872 nombre=False saint_only=False terr= phase=candidate
2026-07-29 15:33:48 - matching_Tlaxcala - DEBUG -     gz_id=1004190 'tlacojalpan' score=0.857 nombre=False saint_only=False terr= phase=candidate
2026-07-29 15:33:48 - matching_Tlaxcala - DEBUG -     gz_id=1004274 'albarado' score=0.857 nombre=False saint_only=False terr= phase=candidate
2026-07-29 15:33:48 - matching_Tlaxcala - DEBUG -     gz_id=1004276 'tlacotalpan' score=0.857 nombre=False saint_only=False terr= phase=candidate
2026-07-29 15:33:48 - matching_Tlaxcala - DEBUG -     gz_id=2000322 'berapas' score=0.857 nombre=False saint_only=False terr= phase=candidate
2026-07-29 15:33:48 - matching_Tlaxcala - DEBUG -     gz_id=1002677 'masatlan' score=0.850 nombre=False saint_only=False terr= phase=candidate
2026-07-29 15:33:48 - matching_Tlaxcala - DEBUG -     gz_id=1002962 'lachirioag' score=0.850 nombre=False saint_only=False terr= phase=candidate
2026-07-29 15:33:48 - matching_Tlaxcala - DEBUG -     gz_id=2000492 'jucoaran' score=0.850 nombre=False saint_only=False terr= phase=candidate
2026-07-29 15:33:48 - matching_Tlaxcala - DEBUG -     gz_id=2000372 'cucho' score=0.848 nombre=False saint_only=False terr= phase=relegated
2026-07-29 15:33:48 - matching_Tlaxcala - DEBUG -     gz_id=1000772 'poxtla' score=0.842 nombre=False saint_only=False terr= phase=relegated
2026-07-29 15:33:48 - matching_Tlaxcala - DEBUG -     gz_id=2000463 'jilopango' score=0.837 nombre=False saint_only=False terr= phase=relegated
2026-07-29 15:33:48 - matching_Tlaxcala - DEBUG -     gz_id=1000568 'sapotitlan' score=0.829 nombre=False saint_only=False terr= phase=relegated
2026-07-29 15:33:48 - matching_Tlaxcala - DEBUG -     gz_id=2000321 'acasahuastlan' score=0.829 nombre=False saint_only=False terr= phase=relegated
2026-07-29 15:33:48 - matching_Tlaxcala - DEBUG -     gz_id=8000302 'achocolla' score=0.829 nombre=False saint_only=False terr= phase=relegated
2026-07-29 15:33:48 - matching_Tlaxcala - DEBUG -     gz_id=1000526 'tepeaca' score=0.821 nombre=False saint_only=False terr= phase=relegated
2026-07-29 15:33:48 - matching_Tlaxcala - DEBUG -     gz_id=1000864 'coiotepec' score=0.821 nombre=False saint_only=False terr= phase=relegated
2026-07-29 15:33:48 - matching_Tlaxcala - DEBUG -     gz_id=1002124 'pajacuaran' score=0.821 nombre=False saint_only=False terr= phase=relegated
2026-07-29 15:33:48 - matching_Tlaxcala - DEBUG -     gz_id=1002193 'soledad' score=0.821 nombre=False saint_only=False terr= phase=relegated
2026-07-29 15:33:48 - matching_Tlaxcala - DEBUG -     gz_id=8000160 'panacachi' score=0.821 nombre=False saint_only=False terr= phase=relegated
2026-07-29 15:33:48 - matching_Tlaxcala - DEBUG -     gz_id=1000060 'san cristobal barranca' score=0.810 nombre=False saint_only=False terr= phase=relegated
2026-07-29 15:33:48 - matching_Tlaxcala - DEBUG -     gz_id=1005036 'hualahuices' score=0.810 nombre=False saint_only=False terr= phase=relegated
2026-07-29 15:33:48 - matching_Tlaxcala - DEBUG -     gz_id=2000214 'san cristobal amatitan' score=0.810 nombre=False saint_only=False terr= phase=relegated
2026-07-29 15:33:48 - matching_Tlaxcala - DEBUG -     gz_id=2000824 'pueblo real' score=0.810 nombre=False saint_only=False terr= phase=relegated
2026-07-29 15:33:48 - matching_Tlaxcala - DEBUG -     gz_id=1000640 'masamitla' score=0.800 nombre=False saint_only=False terr= phase=relegated
2026-07-29 15:33:48 - matching_Tlaxcala - DEBUG -     gz_id=1002760 'amoltepec' score=0.800 nombre=False saint_only=False terr= phase=relegated
2026-07-29 15:33:48 - matching_Tlaxcala - DEBUG -     gz_id=1002836 'suchixtlahuaca' score=0.800 nombre=False saint_only=False terr= phase=relegated
2026-07-29 15:33:48 - matching_Tlaxcala - DEBUG -     gz_id=1003629 'ixtolco' score=0.800 nombre=False saint_only=False terr= phase=relegated
2026-07-29 15:33:48 - matching_Tlaxcala - DEBUG -     gz_id=1003801 'juchimilco' score=0.800 nombre=False saint_only=False terr= phase=relegated
2026-07-29 15:33:48 - matching_Tlaxcala - DEBUG -     gz_id=2000367 'cabrecan' score=0.800 nombre=False saint_only=False terr= phase=relegated
2026-07-29 15:33:48 - matching_Tlaxcala - DEBUG -     gz_id=2000472 'jutiapilla' score=0.791 nombre=False saint_only=False terr= phase=relegated
2026-07-29 15:33:48 - matching_Tlaxcala - DEBUG -     gz_id=8000080 'pillcomaio' score=0.791 nombre=False saint_only=False terr= phase=relegated
2026-07-29 15:33:48 - matching_Tlaxcala - DEBUG -     gz_id=1000087 'ecatepec' score=0.789 nombre=False saint_only=False terr= phase=relegated
2026-07-29 15:33:48 - matching_Tlaxcala - DEBUG -     gz_id=1004858 'chichicastepec' score=0.789 nombre=False saint_only=False terr= phase=relegated
2026-07-29 15:33:48 - matching_Tlaxcala - DEBUG -     gz_id=1005052 'coronado' score=0.789 nombre=False saint_only=False terr= phase=relegated
2026-07-29 15:33:48 - matching_Tlaxcala - DEBUG -     gz_id=4000330 'barcelona' score=0.789 nombre=False saint_only=False terr= phase=relegated
2026-07-29 15:33:48 - matching_Tlaxcala - DEBUG -     gz_id=1004711 'barrio san cristobal' score=0.788 nombre=False saint_only=False terr= phase=relegated
2026-07-29 15:33:48 - matching_Tlaxcala - DEBUG -     gz_id=1003353 'tepatlaxco' score=0.783 nombre=False saint_only=False terr= phase=relegated
2026-07-29 15:33:48 - matching_Tlaxcala - DEBUG -     gz_id=6000534 'sondondo' score=0.778 nombre=False saint_only=False terr= phase=relegated
2026-07-29 15:33:48 - matching_Tlaxcala - DEBUG -     gz_id=1000280 'nombre dios' score=0.769 nombre=False saint_only=False terr= phase=relegated
2026-07-29 15:33:48 - matching_Tlaxcala - DEBUG -     gz_id=1003813 'montecillo' score=0.769 nombre=False saint_only=False terr= phase=relegated
2026-07-29 15:33:48 - matching_Tlaxcala - DEBUG -     gz_id=1003429 'tepeojuma' score=0.762 nombre=False saint_only=False terr= phase=relegated
2026-07-29 15:33:48 - matching_Tlaxcala - DEBUG -     gz_id=1001311 'telutlaiuca' score=0.757 nombre=False saint_only=False terr= phase=relegated
2026-07-29 15:33:48 - matching_Tlaxcala - DEBUG -     gz_id=1001445 'texcalucan' score=0.757 nombre=False saint_only=False terr= phase=relegated
2026-07-29 15:33:48 - matching_Tlaxcala - DEBUG -     gz_id=1001655 'nexquipaiac' score=0.757 nombre=False saint_only=False terr= phase=relegated
2026-07-29 15:33:48 - matching_Tlaxcala - DEBUG -     gz_id=1001703 'huichochitlan' score=0.757 nombre=False saint_only=False terr= phase=relegated
2026-07-29 15:33:48 - matching_Tlaxcala - DEBUG -     gz_id=1003312 'ixhuatlan' score=0.757 nombre=False saint_only=False terr= phase=relegated
2026-07-29 15:33:48 - matching_Tlaxcala - DEBUG -     gz_id=1003520 'tepeteopan' score=0.757 nombre=False saint_only=False terr= phase=relegated
2026-07-29 15:33:48 - matching_Tlaxcala - DEBUG -     gz_id=2000239 'ixtepeque' score=0.757 nombre=False saint_only=False terr= phase=relegated
2026-07-29 15:33:48 - matching_Tlaxcala - DEBUG -     gz_id=4001002 'nueba ecija' score=0.757 nombre=False saint_only=False terr= phase=relegated
2026-07-29 15:33:48 - matching_Tlaxcala - INFO -   Before dedup: 81 candidates
2026-07-29 15:33:48 - matching_Tlaxcala - INFO -   After dedup: 81 unique gz_ids
2026-07-29 15:33:48 - matching_Tlaxcala - INFO -   Input has territorial data: False
2026-07-29 15:33:48 - matching_Tlaxcala - INFO -   Candidates with territory match: 0
2026-07-29 15:33:48 - matching_Tlaxcala - INFO -   No territorial filtering applied (no input territorial data)
2026-07-29 15:33:48 - matching_Tlaxcala - INFO -   Nombre matches (exact on lugar_nombre): 0
2026-07-29 15:33:48 - matching_Tlaxcala - INFO -   Saint-only matches: 0
2026-07-29 15:33:48 - matching_Tlaxcala - INFO -   Substantive matches: 81
2026-07-29 15:33:48 - matching_Tlaxcala - INFO -   Candidate pool (>= threshold): 40
2026-07-29 15:33:48 - matching_Tlaxcala - INFO -   40 candidate(s) -> candidate
2026-07-29 15:33:48 - matching_Tlaxcala - INFO -   rowID=129: found at step 'no_partido_jurisdiccion'
2026-07-29 15:33:48 - matching_Tlaxcala - INFO - Processing row 130, rowID=131
2026-07-29 15:33:48 - matching_Tlaxcala - INFO - 
============================================================
2026-07-29 15:33:48 - matching_Tlaxcala - INFO - Processing rowID=131: 'La Purísima Concepción' -> cleaned: 'puricima concepcion'
2026-07-29 15:33:48 - matching_Tlaxcala - INFO -   Territorial context: (none)='' -> allowed rows: all
2026-07-29 15:33:48 - matching_Tlaxcala - INFO -   Token-based candidates: 181
2026-07-29 15:33:48 - matching_Tlaxcala - INFO -   Filtering: need match on substantive tokens: ['concepcion', 'puricima'] OR 2+ total tokens
2026-07-29 15:33:48 - matching_Tlaxcala - INFO -   Fuzzy matches (score >= 70, limit=500): 113
2026-07-29 15:33:48 - matching_Tlaxcala - DEBUG -     gz_id=1005298 'concepcion' score=1.000 nombre=False saint_only=False terr= phase=auto_adopt
2026-07-29 15:33:48 - matching_Tlaxcala - DEBUG -     gz_id=9900011 'concepcion' score=1.000 nombre=False saint_only=False terr= phase=auto_adopt
2026-07-29 15:33:48 - matching_Tlaxcala - DEBUG -     gz_id=1004748 'concepcion' score=1.000 nombre=False saint_only=False terr= phase=auto_adopt
2026-07-29 15:33:48 - matching_Tlaxcala - DEBUG -     gz_id=7000377 'concepcion' score=1.000 nombre=False saint_only=False terr= phase=auto_adopt
2026-07-29 15:33:48 - matching_Tlaxcala - DEBUG -     gz_id=9900024 'concepcion' score=1.000 nombre=False saint_only=False terr= phase=auto_adopt
2026-07-29 15:33:48 - matching_Tlaxcala - DEBUG -     gz_id=9000231 'concepcion' score=1.000 nombre=False saint_only=False terr= phase=auto_adopt
2026-07-29 15:33:48 - matching_Tlaxcala - DEBUG -     gz_id=4000099 'taria' score=1.000 nombre=False saint_only=False terr= phase=auto_adopt
2026-07-29 15:33:48 - matching_Tlaxcala - DEBUG -     gz_id=6000438 'concepcion' score=1.000 nombre=False saint_only=False terr= phase=auto_adopt
2026-07-29 15:33:48 - matching_Tlaxcala - DEBUG -     gz_id=2000352 'concepcion' score=1.000 nombre=False saint_only=False terr= phase=auto_adopt
2026-07-29 15:33:48 - matching_Tlaxcala - DEBUG -     gz_id=9000265 'concepcion' score=1.000 nombre=False saint_only=False terr= phase=auto_adopt
2026-07-29 15:33:48 - matching_Tlaxcala - DEBUG -     gz_id=9990010 'concepcion' score=1.000 nombre=False saint_only=False terr= phase=auto_adopt
2026-07-29 15:33:48 - matching_Tlaxcala - DEBUG -     gz_id=9900807 'concepcion' score=1.000 nombre=False saint_only=False terr= phase=auto_adopt
2026-07-29 15:33:48 - matching_Tlaxcala - DEBUG -     gz_id=2000391 'concepcion' score=1.000 nombre=False saint_only=False terr= phase=auto_adopt
2026-07-29 15:33:48 - matching_Tlaxcala - DEBUG -     gz_id=5000574 'concepcion' score=1.000 nombre=False saint_only=False terr= phase=auto_adopt
2026-07-29 15:33:48 - matching_Tlaxcala - DEBUG -     gz_id=6000515 'concepcion' score=1.000 nombre=False saint_only=False terr= phase=auto_adopt
2026-07-29 15:33:48 - matching_Tlaxcala - DEBUG -     gz_id=9900146 'concepcion' score=1.000 nombre=False saint_only=False terr= phase=auto_adopt
2026-07-29 15:33:48 - matching_Tlaxcala - DEBUG -     gz_id=5000097 'concepcion' score=1.000 nombre=False saint_only=False terr= phase=auto_adopt
2026-07-29 15:33:48 - matching_Tlaxcala - DEBUG -     gz_id=7000002 'concepcion' score=1.000 nombre=False saint_only=False terr= phase=auto_adopt
2026-07-29 15:33:48 - matching_Tlaxcala - DEBUG -     gz_id=1002777 'concepcion' score=1.000 nombre=False saint_only=False terr= phase=auto_adopt
2026-07-29 15:33:48 - matching_Tlaxcala - DEBUG -     gz_id=1005489 'concepcion' score=1.000 nombre=False saint_only=False terr= phase=auto_adopt
2026-07-29 15:33:48 - matching_Tlaxcala - DEBUG -     gz_id=1003867 'capirato' score=1.000 nombre=False saint_only=False terr= phase=auto_adopt
2026-07-29 15:33:48 - matching_Tlaxcala - DEBUG -     gz_id=6001145 'concepcion' score=1.000 nombre=False saint_only=False terr= phase=auto_adopt
2026-07-29 15:33:48 - matching_Tlaxcala - DEBUG -     gz_id=1004416 'concepcion' score=1.000 nombre=False saint_only=False terr= phase=auto_adopt
2026-07-29 15:33:48 - matching_Tlaxcala - DEBUG -     gz_id=8000671 'concepcion' score=1.000 nombre=False saint_only=False terr= phase=auto_adopt
2026-07-29 15:33:48 - matching_Tlaxcala - DEBUG -     gz_id=9901071 'concepcion' score=1.000 nombre=False saint_only=False terr= phase=candidate
2026-07-29 15:33:48 - matching_Tlaxcala - DEBUG -     gz_id=8000186 'concepcion' score=1.000 nombre=False saint_only=False terr= phase=auto_adopt
2026-07-29 15:33:48 - matching_Tlaxcala - DEBUG -     gz_id=5000866 'concepcion' score=1.000 nombre=False saint_only=False terr= phase=auto_adopt
2026-07-29 15:33:48 - matching_Tlaxcala - DEBUG -     gz_id=9901124 'concepcion' score=1.000 nombre=False saint_only=False terr= phase=auto_adopt
2026-07-29 15:33:48 - matching_Tlaxcala - DEBUG -     gz_id=9000044 'concepcion' score=1.000 nombre=False saint_only=False terr= phase=auto_adopt
2026-07-29 15:33:48 - matching_Tlaxcala - DEBUG -     gz_id=5000898 'concepcion' score=1.000 nombre=False saint_only=False terr= phase=auto_adopt
2026-07-29 15:33:48 - matching_Tlaxcala - DEBUG -     gz_id=2000683 'concepcion' score=1.000 nombre=False saint_only=False terr= phase=auto_adopt
2026-07-29 15:33:48 - matching_Tlaxcala - DEBUG -     gz_id=8000255 'concepcion' score=1.000 nombre=False saint_only=False terr= phase=auto_adopt
2026-07-29 15:33:48 - matching_Tlaxcala - DEBUG -     gz_id=5600530 'concepcion' score=1.000 nombre=False saint_only=False terr= phase=auto_adopt
2026-07-29 15:33:48 - matching_Tlaxcala - DEBUG -     gz_id=8000264 'concepcion' score=1.000 nombre=False saint_only=False terr= phase=auto_adopt
2026-07-29 15:33:48 - matching_Tlaxcala - DEBUG -     gz_id=1005190 'concepcion' score=1.000 nombre=False saint_only=False terr= phase=auto_adopt
2026-07-29 15:33:48 - matching_Tlaxcala - DEBUG -     gz_id=5600596 'concepcion' score=1.000 nombre=False saint_only=False terr= phase=auto_adopt
2026-07-29 15:33:48 - matching_Tlaxcala - DEBUG -     gz_id=5600642 'concepcion' score=1.000 nombre=False saint_only=False terr= phase=auto_adopt
2026-07-29 15:33:48 - matching_Tlaxcala - DEBUG -     gz_id=1001017 'concepcion' score=1.000 nombre=False saint_only=False terr= phase=auto_adopt
2026-07-29 15:33:48 - matching_Tlaxcala - DEBUG -     gz_id=9001001 'concepcion' score=1.000 nombre=False saint_only=False terr= phase=auto_adopt
2026-07-29 15:33:48 - matching_Tlaxcala - DEBUG -     gz_id=9000696 'barrio concepcion' score=0.828 nombre=False saint_only=False terr= phase=relegated
2026-07-29 15:33:48 - matching_Tlaxcala - DEBUG -     gz_id=1004790 'tome' score=0.800 nombre=False saint_only=False terr= phase=relegated
2026-07-29 15:33:48 - matching_Tlaxcala - DEBUG -     gz_id=9900065 'realito concepcion' score=0.800 nombre=False saint_only=False terr= phase=relegated
2026-07-29 15:33:48 - matching_Tlaxcala - DEBUG -     gz_id=6000533 'concepcion caja' score=0.800 nombre=False saint_only=False terr= phase=relegated
2026-07-29 15:33:48 - matching_Tlaxcala - DEBUG -     gz_id=3000008 'bega' score=0.800 nombre=False saint_only=False terr= phase=relegated
2026-07-29 15:33:48 - matching_Tlaxcala - DEBUG -     gz_id=1004420 'baca' score=0.800 nombre=False saint_only=False terr= phase=relegated
2026-07-29 15:33:48 - matching_Tlaxcala - DEBUG -     gz_id=1003926 'baca' score=0.800 nombre=False saint_only=False terr= phase=relegated
2026-07-29 15:33:48 - matching_Tlaxcala - DEBUG -     gz_id=4000423 'suai' score=0.800 nombre=False saint_only=False terr= phase=relegated
2026-07-29 15:33:48 - matching_Tlaxcala - DEBUG -     gz_id=9000103 'alto' score=0.800 nombre=False saint_only=False terr= phase=relegated
2026-07-29 15:33:48 - matching_Tlaxcala - DEBUG -     gz_id=1000512 'moia' score=0.800 nombre=False saint_only=False terr= phase=relegated
2026-07-29 15:33:48 - matching_Tlaxcala - DEBUG -     gz_id=1001094 'concepcion banos' score=0.769 nombre=False saint_only=False terr= phase=relegated
2026-07-29 15:33:48 - matching_Tlaxcala - DEBUG -     gz_id=1004797 'acuna' score=0.769 nombre=False saint_only=False terr= phase=relegated
2026-07-29 15:33:48 - matching_Tlaxcala - DEBUG -     gz_id=4000155 'chuao' score=0.769 nombre=False saint_only=False terr= phase=relegated
2026-07-29 15:33:48 - matching_Tlaxcala - DEBUG -     gz_id=9000347 'pando' score=0.769 nombre=False saint_only=False terr= phase=relegated
2026-07-29 15:33:48 - matching_Tlaxcala - DEBUG -     gz_id=6001057 'banos' score=0.769 nombre=False saint_only=False terr= phase=relegated
2026-07-29 15:33:48 - matching_Tlaxcala - DEBUG -     gz_id=1004360 'china' score=0.769 nombre=False saint_only=False terr= phase=relegated
2026-07-29 15:33:48 - matching_Tlaxcala - DEBUG -     gz_id=5000686 'arama' score=0.769 nombre=False saint_only=False terr= phase=relegated
2026-07-29 15:33:48 - matching_Tlaxcala - DEBUG -     gz_id=1000731 'landa' score=0.769 nombre=False saint_only=False terr= phase=relegated
2026-07-29 15:33:48 - matching_Tlaxcala - DEBUG -     gz_id=4000288 'concepcion caura' score=0.769 nombre=False saint_only=False terr= phase=relegated
2026-07-29 15:33:48 - matching_Tlaxcala - DEBUG -     gz_id=8000077 'quata' score=0.769 nombre=False saint_only=False terr= phase=relegated
2026-07-29 15:33:48 - matching_Tlaxcala - DEBUG -     gz_id=5000188 'lloro' score=0.769 nombre=False saint_only=False terr= phase=relegated
2026-07-29 15:33:48 - matching_Tlaxcala - DEBUG -     gz_id=1003904 'mobas' score=0.769 nombre=False saint_only=False terr= phase=relegated
2026-07-29 15:33:48 - matching_Tlaxcala - DEBUG -     gz_id=5000204 'crabo' score=0.769 nombre=False saint_only=False terr= phase=relegated
2026-07-29 15:33:48 - matching_Tlaxcala - DEBUG -     gz_id=1003928 'bamoa' score=0.769 nombre=False saint_only=False terr= phase=relegated
2026-07-29 15:33:48 - matching_Tlaxcala - DEBUG -     gz_id=3000225 'banica' score=0.769 nombre=False saint_only=False terr= phase=relegated
2026-07-29 15:33:48 - matching_Tlaxcala - DEBUG -     gz_id=1004574 'tinum' score=0.769 nombre=False saint_only=False terr= phase=relegated
2026-07-29 15:33:48 - matching_Tlaxcala - DEBUG -     gz_id=5000911 'samba' score=0.769 nombre=False saint_only=False terr= phase=relegated
2026-07-29 15:33:48 - matching_Tlaxcala - DEBUG -     gz_id=9000136 'minas' score=0.769 nombre=False saint_only=False terr= phase=relegated
2026-07-29 15:33:48 - matching_Tlaxcala - DEBUG -     gz_id=7000315 'penco' score=0.769 nombre=False saint_only=False terr= phase=relegated
2026-07-29 15:33:48 - matching_Tlaxcala - DEBUG -     gz_id=1000511 'mitic' score=0.769 nombre=False saint_only=False terr= phase=relegated
2026-07-29 15:33:48 - matching_Tlaxcala - DEBUG -     gz_id=9000010 'billa real' score=0.765 nombre=False saint_only=False terr= phase=relegated
2026-07-29 15:33:48 - matching_Tlaxcala - DEBUG -     gz_id=5600277 'cahuapanas' score=0.743 nombre=False saint_only=False terr= phase=relegated
2026-07-29 15:33:48 - matching_Tlaxcala - DEBUG -     gz_id=5600279 'jeberos' score=0.743 nombre=False saint_only=False terr= phase=relegated
2026-07-29 15:33:48 - matching_Tlaxcala - DEBUG -     gz_id=7000387 'arique' score=0.741 nombre=False saint_only=False terr= phase=relegated
2026-07-29 15:33:48 - matching_Tlaxcala - DEBUG -     gz_id=9940002 'huiria' score=0.741 nombre=False saint_only=False terr= phase=relegated
2026-07-29 15:33:48 - matching_Tlaxcala - DEBUG -     gz_id=1001598 'tetela' score=0.741 nombre=False saint_only=False terr= phase=relegated
2026-07-29 15:33:48 - matching_Tlaxcala - DEBUG -     gz_id=1002680 'concepcion papalo' score=0.741 nombre=False saint_only=False terr= phase=relegated
2026-07-29 15:33:48 - matching_Tlaxcala - DEBUG -     gz_id=1000097 'otumba' score=0.741 nombre=False saint_only=False terr= phase=relegated
2026-07-29 15:33:48 - matching_Tlaxcala - DEBUG -     gz_id=1000684 'concepcion rincon' score=0.741 nombre=False saint_only=False terr= phase=relegated
2026-07-29 15:33:48 - matching_Tlaxcala - DEBUG -     gz_id=1004359 'cauich' score=0.741 nombre=False saint_only=False terr= phase=relegated
2026-07-29 15:33:48 - matching_Tlaxcala - DEBUG -     gz_id=2000495 'cesore' score=0.741 nombre=False saint_only=False terr= phase=relegated
2026-07-29 15:33:48 - matching_Tlaxcala - DEBUG -     gz_id=4000314 'huairi' score=0.741 nombre=False saint_only=False terr= phase=relegated
2026-07-29 15:33:48 - matching_Tlaxcala - DEBUG -     gz_id=1004422 'bucsos' score=0.741 nombre=False saint_only=False terr= phase=relegated
2026-07-29 15:33:48 - matching_Tlaxcala - DEBUG -     gz_id=1000770 'osumba' score=0.741 nombre=False saint_only=False terr= phase=relegated
2026-07-29 15:33:48 - matching_Tlaxcala - DEBUG -     gz_id=4000331 'piritu' score=0.741 nombre=False saint_only=False terr= phase=relegated
2026-07-29 15:33:48 - matching_Tlaxcala - DEBUG -     gz_id=1003930 'charai' score=0.741 nombre=False saint_only=False terr= phase=relegated
2026-07-29 15:33:48 - matching_Tlaxcala - DEBUG -     gz_id=7000355 'conuco' score=0.741 nombre=False saint_only=False terr= phase=relegated
2026-07-29 15:33:48 - matching_Tlaxcala - DEBUG -     gz_id=1001964 'coeneo' score=0.741 nombre=False saint_only=False terr= phase=relegated
2026-07-29 15:33:48 - matching_Tlaxcala - DEBUG -     gz_id=4000503 'meceta' score=0.741 nombre=False saint_only=False terr= phase=relegated
2026-07-29 15:33:48 - matching_Tlaxcala - DEBUG -     gz_id=1001461 'cocula' score=0.741 nombre=False saint_only=False terr= phase=relegated
2026-07-29 15:33:48 - matching_Tlaxcala - DEBUG -     gz_id=2000723 'buruca' score=0.741 nombre=False saint_only=False terr= phase=relegated
2026-07-29 15:33:48 - matching_Tlaxcala - DEBUG -     gz_id=4000583 'arenas' score=0.741 nombre=False saint_only=False terr= phase=relegated
2026-07-29 15:33:48 - matching_Tlaxcala - DEBUG -     gz_id=1000528 'sapopan' score=0.714 nombre=False saint_only=False terr= phase=relegated
2026-07-29 15:33:48 - matching_Tlaxcala - DEBUG -     gz_id=5600152 'caiambe' score=0.714 nombre=False saint_only=False terr= phase=relegated
2026-07-29 15:33:48 - matching_Tlaxcala - DEBUG -     gz_id=1004227 'tempoal' score=0.714 nombre=False saint_only=False terr= phase=relegated
2026-07-29 15:33:48 - matching_Tlaxcala - DEBUG -     gz_id=1004807 'hainais' score=0.714 nombre=False saint_only=False terr= phase=relegated
2026-07-29 15:33:48 - matching_Tlaxcala - DEBUG -     gz_id=6001550 'metraro' score=0.714 nombre=False saint_only=False terr= phase=relegated
2026-07-29 15:33:48 - matching_Tlaxcala - DEBUG -     gz_id=6001567 'chabini' score=0.714 nombre=False saint_only=False terr= phase=relegated
2026-07-29 15:33:48 - matching_Tlaxcala - DEBUG -     gz_id=5000664 'cabiuna' score=0.714 nombre=False saint_only=False terr= phase=relegated
2026-07-29 15:33:48 - matching_Tlaxcala - DEBUG -     gz_id=5000665 'icimena' score=0.833 nombre=False saint_only=False terr= phase=relegated
2026-07-29 15:33:48 - matching_Tlaxcala - DEBUG -     gz_id=1003840 'tamitad' score=0.714 nombre=False saint_only=False terr= phase=relegated
2026-07-29 15:33:48 - matching_Tlaxcala - DEBUG -     gz_id=3000158 'aiubale' score=0.714 nombre=False saint_only=False terr= phase=relegated
2026-07-29 15:33:48 - matching_Tlaxcala - DEBUG -     gz_id=1003918 'tonichi' score=0.714 nombre=False saint_only=False terr= phase=relegated
2026-07-29 15:33:48 - matching_Tlaxcala - DEBUG -     gz_id=1000275 'concepcion tubares' score=0.714 nombre=False saint_only=False terr= phase=relegated
2026-07-29 15:33:48 - matching_Tlaxcala - DEBUG -     gz_id=1003954 'caborca' score=0.714 nombre=False saint_only=False terr= phase=relegated
2026-07-29 15:33:48 - matching_Tlaxcala - DEBUG -     gz_id=1000836 'temalac' score=0.714 nombre=False saint_only=False terr= phase=relegated
2026-07-29 15:33:48 - matching_Tlaxcala - DEBUG -     gz_id=9000007 'arroio china' score=0.714 nombre=False saint_only=False terr= phase=relegated
2026-07-29 15:33:48 - matching_Tlaxcala - DEBUG -     gz_id=1001393 'amealco' score=0.714 nombre=False saint_only=False terr= phase=relegated
2026-07-29 15:33:48 - matching_Tlaxcala - DEBUG -     gz_id=1000359 'tomochi' score=0.714 nombre=False saint_only=False terr= phase=relegated
2026-07-29 15:33:48 - matching_Tlaxcala - DEBUG -     gz_id=1000886 'cocoioc' score=0.714 nombre=False saint_only=False terr= phase=relegated
2026-07-29 15:33:48 - matching_Tlaxcala - DEBUG -     gz_id=3000315 'piedras' score=0.714 nombre=False saint_only=False terr= phase=relegated
2026-07-29 15:33:48 - matching_Tlaxcala - DEBUG -     gz_id=1000463 'esatlan' score=0.714 nombre=False saint_only=False terr= phase=relegated
2026-07-29 15:33:48 - matching_Tlaxcala - DEBUG -     gz_id=9000728 'caiasta' score=0.714 nombre=False saint_only=False terr= phase=relegated
2026-07-29 15:33:48 - matching_Tlaxcala - DEBUG -     gz_id=4000641 'tintini' score=0.714 nombre=False saint_only=False terr= phase=relegated
2026-07-29 15:33:48 - matching_Tlaxcala - INFO -   Before dedup: 113 candidates
2026-07-29 15:33:48 - matching_Tlaxcala - INFO -   After dedup: 113 unique gz_ids
2026-07-29 15:33:48 - matching_Tlaxcala - INFO -   Input has territorial data: False
2026-07-29 15:33:48 - matching_Tlaxcala - INFO -   Candidates with territory match: 0
2026-07-29 15:33:48 - matching_Tlaxcala - INFO -   No territorial filtering applied (no input territorial data)
2026-07-29 15:33:48 - matching_Tlaxcala - INFO -   Nombre matches (exact on lugar_nombre): 0
2026-07-29 15:33:48 - matching_Tlaxcala - INFO -   Saint-only matches: 0
2026-07-29 15:33:48 - matching_Tlaxcala - INFO -   Substantive matches: 113
2026-07-29 15:33:48 - matching_Tlaxcala - INFO -   Candidate pool (>= threshold): 39
2026-07-29 15:33:48 - matching_Tlaxcala - INFO -   39 candidate(s) -> candidate
2026-07-29 15:33:48 - matching_Tlaxcala - INFO -   rowID=131: found at step 'no_partido_jurisdiccion'
2026-07-29 15:33:48 - matching_Tlaxcala - INFO - 
============================================================
2026-07-29 15:33:48 - matching_Tlaxcala - INFO - Processing rowID=133: 'Santo Domingo Texmola' -> cleaned: 'santo domingo texmola'
2026-07-29 15:33:48 - matching_Tlaxcala - INFO -   Territorial context: (none)='' -> allowed rows: all
2026-07-29 15:33:48 - matching_Tlaxcala - INFO -   Token-based candidates: 219
2026-07-29 15:33:48 - matching_Tlaxcala - INFO -   Filtering: need match on substantive tokens: ['domingo', 'texmola'] OR 2+ total tokens
2026-07-29 15:33:48 - matching_Tlaxcala - INFO -   After filtering weak token matches: 107 candidates
2026-07-29 15:33:48 - matching_Tlaxcala - INFO -   Fuzzy matches (score >= 70, limit=500): 106
2026-07-29 15:33:48 - matching_Tlaxcala - DEBUG -     gz_id=9900006 'santo domingo' score=1.000 nombre=False saint_only=False terr= phase=auto_adopt
2026-07-29 15:33:48 - matching_Tlaxcala - DEBUG -     gz_id=1004238 'santo domingo' score=1.000 nombre=False saint_only=False terr= phase=auto_adopt
2026-07-29 15:33:48 - matching_Tlaxcala - DEBUG -     gz_id=1001131 'santo domingo' score=1.000 nombre=False saint_only=False terr= phase=auto_adopt
2026-07-29 15:33:48 - matching_Tlaxcala - DEBUG -     gz_id=3000001 'santo domingo' score=1.000 nombre=False saint_only=False terr= phase=auto_adopt
2026-07-29 15:33:48 - matching_Tlaxcala - DEBUG -     gz_id=1005505 'santo domingo' score=1.000 nombre=False saint_only=False terr= phase=auto_adopt
2026-07-29 15:33:48 - matching_Tlaxcala - DEBUG -     gz_id=2000008 'coban' score=1.000 nombre=False saint_only=False terr= phase=auto_adopt
2026-07-29 15:33:48 - matching_Tlaxcala - DEBUG -     gz_id=8000677 'santo domingo' score=1.000 nombre=False saint_only=False terr= phase=auto_adopt
2026-07-29 15:33:48 - matching_Tlaxcala - DEBUG -     gz_id=7000285 'santo domingo' score=1.000 nombre=False saint_only=False terr= phase=auto_adopt
2026-07-29 15:33:48 - matching_Tlaxcala - DEBUG -     gz_id=2000274 'santo domingo' score=1.000 nombre=False saint_only=False terr= phase=auto_adopt
2026-07-29 15:33:48 - matching_Tlaxcala - DEBUG -     gz_id=1004733 'santo domingo' score=1.000 nombre=False saint_only=False terr= phase=auto_adopt
2026-07-29 15:33:48 - matching_Tlaxcala - DEBUG -     gz_id=1004785 'santo domingo' score=1.000 nombre=False saint_only=False terr= phase=auto_adopt
2026-07-29 15:33:48 - matching_Tlaxcala - DEBUG -     gz_id=1002830 'santo domingo' score=1.000 nombre=False saint_only=False terr= phase=auto_adopt
2026-07-29 15:33:48 - matching_Tlaxcala - DEBUG -     gz_id=5000749 'santo domingo' score=1.000 nombre=False saint_only=False terr= phase=auto_adopt
2026-07-29 15:33:48 - matching_Tlaxcala - DEBUG -     gz_id=1002984 'santo domingo' score=1.000 nombre=False saint_only=False terr= phase=auto_adopt
2026-07-29 15:33:48 - matching_Tlaxcala - DEBUG -     gz_id=4000523 'santo domingo' score=1.000 nombre=False saint_only=False terr= phase=auto_adopt
2026-07-29 15:33:48 - matching_Tlaxcala - DEBUG -     gz_id=5600058 'santo domingo' score=1.000 nombre=False saint_only=False terr= phase=auto_adopt
2026-07-29 15:33:48 - matching_Tlaxcala - DEBUG -     gz_id=2000775 'santo domingo' score=1.000 nombre=False saint_only=False terr= phase=auto_adopt
2026-07-29 15:33:48 - matching_Tlaxcala - DEBUG -     gz_id=2000819 'santo domingo' score=1.000 nombre=False saint_only=False terr= phase=auto_adopt
2026-07-29 15:33:48 - matching_Tlaxcala - DEBUG -     gz_id=1002913 'santo domingo rio' score=0.903 nombre=False saint_only=False terr= phase=auto_adopt
2026-07-29 15:33:48 - matching_Tlaxcala - DEBUG -     gz_id=1002416 'tlaltenango' score=0.895 nombre=False saint_only=False terr= phase=candidate
2026-07-29 15:33:48 - matching_Tlaxcala - DEBUG -     gz_id=1002742 'teojomulco' score=0.895 nombre=False saint_only=False terr= phase=candidate
2026-07-29 15:33:48 - matching_Tlaxcala - DEBUG -     gz_id=1002860 'tlachitongo' score=0.895 nombre=False saint_only=False terr= phase=candidate
2026-07-29 15:33:48 - matching_Tlaxcala - DEBUG -     gz_id=1002866 'tlataiapam' score=0.895 nombre=False saint_only=False terr= phase=candidate
2026-07-29 15:33:48 - matching_Tlaxcala - DEBUG -     gz_id=1000966 'tlaquiltenango' score=0.895 nombre=False saint_only=False terr= phase=candidate
2026-07-29 15:33:48 - matching_Tlaxcala - DEBUG -     gz_id=1002314 'tomaltepec' score=0.872 nombre=False saint_only=False terr= phase=candidate
2026-07-29 15:33:48 - matching_Tlaxcala - DEBUG -     gz_id=1002870 'tonaltepec' score=0.872 nombre=False saint_only=False terr= phase=candidate
2026-07-29 15:33:48 - matching_Tlaxcala - DEBUG -     gz_id=1003101 'tonahuixtla' score=0.872 nombre=False saint_only=False terr= phase=candidate
2026-07-29 15:33:48 - matching_Tlaxcala - DEBUG -     gz_id=1002196 'tensompa' score=0.865 nombre=False saint_only=False terr= phase=candidate
2026-07-29 15:33:48 - matching_Tlaxcala - DEBUG -     gz_id=1000187 'tepeji ceda' score=0.865 nombre=False saint_only=False terr= phase=candidate
2026-07-29 15:33:48 - matching_Tlaxcala - DEBUG -     gz_id=2000107 'tecpatan' score=0.865 nombre=False saint_only=False terr= phase=candidate
2026-07-29 15:33:48 - matching_Tlaxcala - DEBUG -     gz_id=1002850 'tepelmeme' score=0.865 nombre=False saint_only=False terr= phase=candidate
2026-07-29 15:33:48 - matching_Tlaxcala - DEBUG -     gz_id=8000239 'tapuita' score=0.865 nombre=False saint_only=False terr= phase=candidate
2026-07-29 15:33:48 - matching_Tlaxcala - DEBUG -     gz_id=1002999 'tepuxtepec' score=0.865 nombre=False saint_only=False terr= phase=candidate
2026-07-29 15:33:48 - matching_Tlaxcala - DEBUG -     gz_id=1000935 'oaxtepec' score=0.865 nombre=False saint_only=False terr= phase=candidate
2026-07-29 15:33:48 - matching_Tlaxcala - DEBUG -     gz_id=1002181 'camotlan' score=0.857 nombre=False saint_only=False terr= phase=candidate
2026-07-29 15:33:48 - matching_Tlaxcala - DEBUG -     gz_id=1002380 'tonala' score=0.857 nombre=False saint_only=False terr= phase=candidate
2026-07-29 15:33:48 - matching_Tlaxcala - DEBUG -     gz_id=6000933 'pocoto' score=0.857 nombre=False saint_only=False terr= phase=candidate
2026-07-29 15:33:48 - matching_Tlaxcala - DEBUG -     gz_id=1002652 'santo domingo petapa' score=0.857 nombre=False saint_only=False terr= phase=candidate
2026-07-29 15:33:48 - matching_Tlaxcala - DEBUG -     gz_id=1002718 'santo domingo balle' score=0.857 nombre=False saint_only=False terr= phase=candidate
2026-07-29 15:33:48 - matching_Tlaxcala - DEBUG -     gz_id=1002854 'ticuhu' score=0.857 nombre=False saint_only=False terr= phase=candidate
2026-07-29 15:33:48 - matching_Tlaxcala - DEBUG -     gz_id=1002969 'latani' score=0.857 nombre=False saint_only=False terr= phase=candidate
2026-07-29 15:33:48 - matching_Tlaxcala - DEBUG -     gz_id=4000553 'cotisa' score=0.857 nombre=False saint_only=False terr= phase=candidate
2026-07-29 15:33:48 - matching_Tlaxcala - DEBUG -     gz_id=1004579 'uaima' score=0.848 nombre=False saint_only=False terr= phase=relegated
2026-07-29 15:33:48 - matching_Tlaxcala - DEBUG -     gz_id=7000227 'lihua' score=0.848 nombre=False saint_only=False terr= phase=relegated
2026-07-29 15:33:48 - matching_Tlaxcala - DEBUG -     gz_id=2000215 'mixco' score=0.848 nombre=False saint_only=False terr= phase=relegated
2026-07-29 15:33:48 - matching_Tlaxcala - DEBUG -     gz_id=1002377 'tianhuistengo' score=0.842 nombre=False saint_only=False terr= phase=relegated
2026-07-29 15:33:48 - matching_Tlaxcala - DEBUG -     gz_id=1002384 'iolotepec' score=0.842 nombre=False saint_only=False terr= phase=relegated
2026-07-29 15:33:48 - matching_Tlaxcala - DEBUG -     gz_id=1002494 'santo domingo amatlan' score=0.842 nombre=False saint_only=False terr= phase=relegated
2026-07-29 15:33:48 - matching_Tlaxcala - DEBUG -     gz_id=1002502 'santo domingo coatlan' score=0.842 nombre=False saint_only=False terr= phase=relegated
2026-07-29 15:33:48 - matching_Tlaxcala - DEBUG -     gz_id=2000340 'umacinta' score=0.842 nombre=False saint_only=False terr= phase=relegated
2026-07-29 15:33:48 - matching_Tlaxcala - DEBUG -     gz_id=1002982 'roaiaga' score=0.842 nombre=False saint_only=False terr= phase=relegated
2026-07-29 15:33:48 - matching_Tlaxcala - DEBUG -     gz_id=1002248 'santo domingo ocotlan' score=0.833 nombre=False saint_only=False terr= phase=relegated
2026-07-29 15:33:49 - matching_Tlaxcala - DEBUG -     gz_id=1003296 'alcoiunca' score=0.833 nombre=False saint_only=False terr= phase=relegated
2026-07-29 15:33:49 - matching_Tlaxcala - DEBUG -     gz_id=2000019 'escuintla' score=0.833 nombre=False saint_only=False terr= phase=relegated
2026-07-29 15:33:49 - matching_Tlaxcala - DEBUG -     gz_id=1003406 'aiotlicha' score=0.833 nombre=False saint_only=False terr= phase=relegated
2026-07-29 15:33:49 - matching_Tlaxcala - DEBUG -     gz_id=1001376 'astacameca' score=0.833 nombre=False saint_only=False terr= phase=relegated
2026-07-29 15:33:49 - matching_Tlaxcala - DEBUG -     gz_id=1002529 'santo domingo osolotepec' score=0.833 nombre=False saint_only=False terr= phase=relegated
2026-07-29 15:33:49 - matching_Tlaxcala - DEBUG -     gz_id=1002701 'santo domingo albarradas' score=0.833 nombre=False saint_only=False terr= phase=relegated
2026-07-29 15:33:49 - matching_Tlaxcala - DEBUG -     gz_id=5000600 'tichichi' score=0.833 nombre=False saint_only=False terr= phase=relegated
2026-07-29 15:33:49 - matching_Tlaxcala - DEBUG -     gz_id=6001158 'acobamba' score=0.833 nombre=False saint_only=False terr= phase=relegated
2026-07-29 15:33:49 - matching_Tlaxcala - DEBUG -     gz_id=4000373 'arahuita' score=0.833 nombre=False saint_only=False terr= phase=relegated
2026-07-29 15:33:49 - matching_Tlaxcala - DEBUG -     gz_id=6001229 'menahermosa' score=0.833 nombre=False saint_only=False terr= phase=relegated
2026-07-29 15:33:49 - matching_Tlaxcala - DEBUG -     gz_id=1000854 'mixcoac' score=0.833 nombre=False saint_only=False terr= phase=relegated
2026-07-29 15:33:49 - matching_Tlaxcala - DEBUG -     gz_id=1000937 'ocotitlan' score=0.833 nombre=False saint_only=False terr= phase=relegated
2026-07-29 15:33:49 - matching_Tlaxcala - DEBUG -     gz_id=1000963 'ticuman' score=0.833 nombre=False saint_only=False terr= phase=relegated
2026-07-29 15:33:49 - matching_Tlaxcala - DEBUG -     gz_id=1000979 'ajoloapan' score=0.833 nombre=False saint_only=False terr= phase=relegated
2026-07-29 15:33:49 - matching_Tlaxcala - DEBUG -     gz_id=6001557 'pisqui' score=0.824 nombre=False saint_only=False terr= phase=relegated
2026-07-29 15:33:49 - matching_Tlaxcala - DEBUG -     gz_id=1000182 'isucar' score=0.824 nombre=False saint_only=False terr= phase=relegated
2026-07-29 15:33:49 - matching_Tlaxcala - DEBUG -     gz_id=2000042 'chiapa indios' score=0.824 nombre=False saint_only=False terr= phase=relegated
2026-07-29 15:33:49 - matching_Tlaxcala - DEBUG -     gz_id=2000047 'chilon' score=0.824 nombre=False saint_only=False terr= phase=relegated
2026-07-29 15:33:49 - matching_Tlaxcala - DEBUG -     gz_id=2000077 'oxchuc' score=0.824 nombre=False saint_only=False terr= phase=relegated
2026-07-29 15:33:49 - matching_Tlaxcala - DEBUG -     gz_id=1003032 'iojobi' score=0.824 nombre=False saint_only=False terr= phase=relegated
2026-07-29 15:33:49 - matching_Tlaxcala - DEBUG -     gz_id=1002786 'santo domingo ixcatlan' score=0.821 nombre=False saint_only=False terr= phase=relegated
2026-07-29 15:33:49 - matching_Tlaxcala - DEBUG -     gz_id=1002284 'barrio alto' score=0.811 nombre=False saint_only=False terr= phase=relegated
2026-07-29 15:33:49 - matching_Tlaxcala - DEBUG -     gz_id=1002285 'barrio bajo' score=0.811 nombre=False saint_only=False terr= phase=relegated
2026-07-29 15:33:49 - matching_Tlaxcala - DEBUG -     gz_id=2000011 'comitan' score=0.811 nombre=False saint_only=False terr= phase=relegated
2026-07-29 15:33:49 - matching_Tlaxcala - DEBUG -     gz_id=2000015 'palenque' score=0.811 nombre=False saint_only=False terr= phase=relegated
2026-07-29 15:33:49 - matching_Tlaxcala - DEBUG -     gz_id=2000031 'barrio cerrillo' score=0.811 nombre=False saint_only=False terr= phase=relegated
2026-07-29 15:33:49 - matching_Tlaxcala - DEBUG -     gz_id=1002383 'iodohino' score=0.811 nombre=False saint_only=False terr= phase=relegated
2026-07-29 15:33:49 - matching_Tlaxcala - DEBUG -     gz_id=1001357 'sahuacotla' score=0.811 nombre=False saint_only=False terr= phase=relegated
2026-07-29 15:33:49 - matching_Tlaxcala - DEBUG -     gz_id=1001405 'soriano' score=0.811 nombre=False saint_only=False terr= phase=relegated
2026-07-29 15:33:49 - matching_Tlaxcala - DEBUG -     gz_id=2000159 'sacapulas' score=0.811 nombre=False saint_only=False terr= phase=relegated
2026-07-29 15:33:49 - matching_Tlaxcala - DEBUG -     gz_id=1002622 'jaltepec' score=0.811 nombre=False saint_only=False terr= phase=relegated
2026-07-29 15:33:49 - matching_Tlaxcala - DEBUG -     gz_id=1002662 'sanatepec' score=0.811 nombre=False saint_only=False terr= phase=relegated
2026-07-29 15:33:49 - matching_Tlaxcala - DEBUG -     gz_id=1002875 'ianhuitlan' score=0.811 nombre=False saint_only=False terr= phase=relegated
2026-07-29 15:33:49 - matching_Tlaxcala - DEBUG -     gz_id=1002941 'cacalotepec' score=0.811 nombre=False saint_only=False terr= phase=relegated
2026-07-29 15:33:49 - matching_Tlaxcala - DEBUG -     gz_id=1003046 'santo domingo jaliesa' score=0.811 nombre=False saint_only=False terr= phase=relegated
2026-07-29 15:33:49 - matching_Tlaxcala - DEBUG -     gz_id=2000048 'cintalapa' score=0.810 nombre=False saint_only=False terr= phase=relegated
2026-07-29 15:33:49 - matching_Tlaxcala - DEBUG -     gz_id=5000126 'uciacuri' score=0.800 nombre=False saint_only=False terr= phase=relegated
2026-07-29 15:33:49 - matching_Tlaxcala - DEBUG -     gz_id=2000084 'quechula' score=0.800 nombre=False saint_only=False terr= phase=relegated
2026-07-29 15:33:49 - matching_Tlaxcala - DEBUG -     gz_id=1004522 'chicbul' score=0.800 nombre=False saint_only=False terr= phase=relegated
2026-07-29 15:33:49 - matching_Tlaxcala - DEBUG -     gz_id=1004533 'dsonot ake' score=0.800 nombre=False saint_only=False terr= phase=relegated
2026-07-29 15:33:49 - matching_Tlaxcala - DEBUG -     gz_id=2000118 'cinacantan' score=0.800 nombre=False saint_only=False terr= phase=relegated
2026-07-29 15:33:49 - matching_Tlaxcala - DEBUG -     gz_id=1002553 'chontecomatlan' score=0.800 nombre=False saint_only=False terr= phase=relegated
2026-07-29 15:33:49 - matching_Tlaxcala - DEBUG -     gz_id=1003590 'chapultepec' score=0.800 nombre=False saint_only=False terr= phase=relegated
2026-07-29 15:33:49 - matching_Tlaxcala - DEBUG -     gz_id=1003599 'huehuetlan' score=0.800 nombre=False saint_only=False terr= phase=relegated
2026-07-29 15:33:49 - matching_Tlaxcala - DEBUG -     gz_id=6001013 'huari rei' score=0.800 nombre=False saint_only=False terr= phase=relegated
2026-07-29 15:33:49 - matching_Tlaxcala - DEBUG -     gz_id=2000439 'chilteupan' score=0.800 nombre=False saint_only=False terr= phase=relegated
2026-07-29 15:33:49 - matching_Tlaxcala - DEBUG -     gz_id=1002783 'huendio' score=0.800 nombre=False saint_only=False terr= phase=relegated
2026-07-29 15:33:49 - matching_Tlaxcala - DEBUG -     gz_id=1000764 'juchitepec' score=0.800 nombre=False saint_only=False terr= phase=relegated
2026-07-29 15:33:49 - matching_Tlaxcala - DEBUG -     gz_id=1000849 'chimalhuacan atenco' score=0.800 nombre=False saint_only=False terr= phase=relegated
2026-07-29 15:33:49 - matching_Tlaxcala - DEBUG -     gz_id=9901095 'churina' score=0.800 nombre=False saint_only=False terr= phase=relegated
2026-07-29 15:33:49 - matching_Tlaxcala - DEBUG -     gz_id=1000891 'hueiapan' score=0.800 nombre=False saint_only=False terr= phase=relegated
2026-07-29 15:33:49 - matching_Tlaxcala - DEBUG -     gz_id=4000522 'caicara' score=0.800 nombre=False saint_only=False terr= phase=relegated
2026-07-29 15:33:49 - matching_Tlaxcala - DEBUG -     gz_id=2000761 'huisapan' score=0.800 nombre=False saint_only=False terr= phase=relegated
2026-07-29 15:33:49 - matching_Tlaxcala - DEBUG -     gz_id=2000793 'jinacoh' score=0.800 nombre=False saint_only=False terr= phase=relegated
2026-07-29 15:33:49 - matching_Tlaxcala - INFO -   Before dedup: 106 candidates
2026-07-29 15:33:49 - matching_Tlaxcala - INFO -   After dedup: 106 unique gz_ids
2026-07-29 15:33:49 - matching_Tlaxcala - INFO -   Input has territorial data: False
2026-07-29 15:33:49 - matching_Tlaxcala - INFO -   Candidates with territory match: 0
2026-07-29 15:33:49 - matching_Tlaxcala - INFO -   No territorial filtering applied (no input territorial data)
2026-07-29 15:33:49 - matching_Tlaxcala - INFO -   Nombre matches (exact on lugar_nombre): 0
2026-07-29 15:33:49 - matching_Tlaxcala - INFO -   Saint-only matches: 0
2026-07-29 15:33:49 - matching_Tlaxcala - INFO -   Substantive matches: 106
2026-07-29 15:33:49 - matching_Tlaxcala - INFO -   Candidate pool (>= threshold): 42
2026-07-29 15:33:49 - matching_Tlaxcala - INFO -   42 candidate(s) -> candidate
2026-07-29 15:33:49 - matching_Tlaxcala - INFO -   rowID=133: found at step 'no_partido_jurisdiccion'
2026-07-29 15:33:49 - matching_Tlaxcala - INFO - 
============================================================
2026-07-29 15:33:49 - matching_Tlaxcala - INFO - Processing rowID=134: 'Guadalupe' -> cleaned: 'huadalupe'
2026-07-29 15:33:49 - matching_Tlaxcala - INFO -   Territorial context: (none)='' -> allowed rows: all
2026-07-29 15:33:49 - matching_Tlaxcala - INFO -   Token-based candidates: 58
2026-07-29 15:33:49 - matching_Tlaxcala - INFO -   Fuzzy matches (score >= 70, limit=500): 58
2026-07-29 15:33:49 - matching_Tlaxcala - DEBUG -     gz_id=1005430 'huadalupe' score=1.000 nombre=True saint_only=False terr= phase=auto_adopt
2026-07-29 15:33:49 - matching_Tlaxcala - DEBUG -     gz_id=9900868 'anjeles' score=1.000 nombre=False saint_only=True terr= phase=candidate
2026-07-29 15:33:49 - matching_Tlaxcala - DEBUG -     gz_id=1001177 'huadalupe' score=1.000 nombre=False saint_only=True terr= phase=candidate
2026-07-29 15:33:49 - matching_Tlaxcala - DEBUG -     gz_id=1005293 'huadalupe' score=1.000 nombre=False saint_only=True terr= phase=candidate
2026-07-29 15:33:49 - matching_Tlaxcala - DEBUG -     gz_id=6001435 'huadalupe' score=1.000 nombre=True saint_only=False terr= phase=auto_adopt
2026-07-29 15:33:49 - matching_Tlaxcala - DEBUG -     gz_id=1005169 'san joce' score=1.000 nombre=False saint_only=True terr= phase=candidate
2026-07-29 15:33:49 - matching_Tlaxcala - DEBUG -     gz_id=1001584 'iancuitlalpan' score=1.000 nombre=False saint_only=True terr= phase=candidate
2026-07-29 15:33:49 - matching_Tlaxcala - DEBUG -     gz_id=1004899 'huadalupe' score=1.000 nombre=False saint_only=True terr= phase=candidate
2026-07-29 15:33:49 - matching_Tlaxcala - DEBUG -     gz_id=1005178 'huadalupe' score=1.000 nombre=False saint_only=True terr= phase=candidate
2026-07-29 15:33:49 - matching_Tlaxcala - DEBUG -     gz_id=1001069 'jihui' score=1.000 nombre=False saint_only=True terr= phase=candidate
2026-07-29 15:33:49 - matching_Tlaxcala - DEBUG -     gz_id=2000720 'huadalupe' score=1.000 nombre=True saint_only=False terr= phase=auto_adopt
2026-07-29 15:33:49 - matching_Tlaxcala - DEBUG -     gz_id=1000294 'huadalupe' score=1.000 nombre=True saint_only=False terr= phase=auto_adopt
2026-07-29 15:33:49 - matching_Tlaxcala - DEBUG -     gz_id=1003811 'huadalupe' score=1.000 nombre=True saint_only=False terr= phase=auto_adopt
2026-07-29 15:33:49 - matching_Tlaxcala - DEBUG -     gz_id=1004770 'huadalupe' score=1.000 nombre=True saint_only=False terr= phase=auto_adopt
2026-07-29 15:33:49 - matching_Tlaxcala - DEBUG -     gz_id=1004771 'halona' score=1.000 nombre=False saint_only=True terr= phase=candidate
2026-07-29 15:33:49 - matching_Tlaxcala - DEBUG -     gz_id=1005183 'huadalupe' score=1.000 nombre=True saint_only=False terr= phase=auto_adopt
2026-07-29 15:33:49 - matching_Tlaxcala - DEBUG -     gz_id=1004776 'pojoaque' score=1.000 nombre=False saint_only=True terr= phase=candidate
2026-07-29 15:33:49 - matching_Tlaxcala - DEBUG -     gz_id=1005189 'alamo' score=1.000 nombre=False saint_only=True terr= phase=candidate
2026-07-29 15:33:49 - matching_Tlaxcala - DEBUG -     gz_id=4000056 'bictoria' score=1.000 nombre=False saint_only=True terr= phase=candidate
2026-07-29 15:33:49 - matching_Tlaxcala - DEBUG -     gz_id=1000691 'cienehuilla' score=1.000 nombre=False saint_only=True terr= phase=candidate
2026-07-29 15:33:49 - matching_Tlaxcala - DEBUG -     gz_id=1005054 'huadalupe' score=1.000 nombre=True saint_only=False terr= phase=auto_adopt
2026-07-29 15:33:49 - matching_Tlaxcala - DEBUG -     gz_id=9900044 'huadalupe' score=1.000 nombre=True saint_only=False terr= phase=auto_adopt
2026-07-29 15:33:49 - matching_Tlaxcala - DEBUG -     gz_id=1001087 'atlacomulco' score=1.000 nombre=False saint_only=True terr= phase=candidate
2026-07-29 15:33:49 - matching_Tlaxcala - DEBUG -     gz_id=2000086 'san fernando huadalupe' score=1.000 nombre=False saint_only=False terr= phase=candidate
2026-07-29 15:33:49 - matching_Tlaxcala - DEBUG -     gz_id=1005486 'huadalupe ballejos' score=1.000 nombre=False saint_only=True terr= phase=candidate
2026-07-29 15:33:49 - matching_Tlaxcala - DEBUG -     gz_id=6001482 'huadalupe' score=1.000 nombre=True saint_only=False terr= phase=auto_adopt
2026-07-29 15:33:49 - matching_Tlaxcala - DEBUG -     gz_id=1001096 'huadalupe' score=1.000 nombre=False saint_only=True terr= phase=candidate
2026-07-29 15:33:49 - matching_Tlaxcala - DEBUG -     gz_id=3000359 'huadalupe' score=1.000 nombre=True saint_only=False terr= phase=auto_adopt
2026-07-29 15:33:49 - matching_Tlaxcala - DEBUG -     gz_id=1001232 'cerro prieto' score=1.000 nombre=False saint_only=True terr= phase=candidate
2026-07-29 15:33:49 - matching_Tlaxcala - DEBUG -     gz_id=6001491 'huadalupe' score=1.000 nombre=True saint_only=False terr= phase=auto_adopt
2026-07-29 15:33:49 - matching_Tlaxcala - DEBUG -     gz_id=3000220 'ponce' score=1.000 nombre=False saint_only=True terr= phase=candidate
2026-07-29 15:33:49 - matching_Tlaxcala - DEBUG -     gz_id=9900072 'ahuaje' score=1.000 nombre=False saint_only=True terr= phase=candidate
2026-07-29 15:33:49 - matching_Tlaxcala - DEBUG -     gz_id=1002292 'huadalupe etla' score=1.000 nombre=False saint_only=True terr= phase=candidate
2026-07-29 15:33:49 - matching_Tlaxcala - DEBUG -     gz_id=1005088 'huadalupe' score=1.000 nombre=True saint_only=False terr= phase=auto_adopt
2026-07-29 15:33:49 - matching_Tlaxcala - DEBUG -     gz_id=9900806 'huadalupe' score=1.000 nombre=True saint_only=False terr= phase=auto_adopt
2026-07-29 15:33:49 - matching_Tlaxcala - DEBUG -     gz_id=1004816 'huadalupe' score=1.000 nombre=True saint_only=False terr= phase=auto_adopt
2026-07-29 15:33:49 - matching_Tlaxcala - DEBUG -     gz_id=1004954 'amapa' score=1.000 nombre=False saint_only=True terr= phase=candidate
2026-07-29 15:33:49 - matching_Tlaxcala - DEBUG -     gz_id=1004818 'nacogdoches' score=1.000 nombre=False saint_only=True terr= phase=candidate
2026-07-29 15:33:49 - matching_Tlaxcala - DEBUG -     gz_id=1004963 'huadalupe' score=1.000 nombre=True saint_only=False terr= phase=auto_adopt
2026-07-29 15:33:49 - matching_Tlaxcala - DEBUG -     gz_id=1001133 'tapaxco' score=1.000 nombre=False saint_only=True terr= phase=candidate
2026-07-29 15:33:49 - matching_Tlaxcala - DEBUG -     gz_id=1004835 'huadalupe' score=1.000 nombre=True saint_only=False terr= phase=auto_adopt
2026-07-29 15:33:49 - matching_Tlaxcala - DEBUG -     gz_id=9000032 'canelones' score=1.000 nombre=False saint_only=True terr= phase=candidate
2026-07-29 15:33:49 - matching_Tlaxcala - DEBUG -     gz_id=1001921 'huadalupe' score=1.000 nombre=True saint_only=False terr= phase=auto_adopt
2026-07-29 15:33:49 - matching_Tlaxcala - DEBUG -     gz_id=4000036 'bobare' score=1.000 nombre=False saint_only=True terr= phase=candidate
2026-07-29 15:33:49 - matching_Tlaxcala - DEBUG -     gz_id=5000446 'tirano' score=1.000 nombre=False saint_only=True terr= phase=candidate
2026-07-29 15:33:49 - matching_Tlaxcala - DEBUG -     gz_id=9900274 'huadalupe' score=1.000 nombre=False saint_only=True terr= phase=candidate
2026-07-29 15:33:49 - matching_Tlaxcala - DEBUG -     gz_id=1001018 'danghu' score=1.000 nombre=False saint_only=True terr= phase=candidate
2026-07-29 15:33:49 - matching_Tlaxcala - DEBUG -     gz_id=8000235 'igmiri' score=1.000 nombre=False saint_only=True terr= phase=candidate
2026-07-29 15:33:49 - matching_Tlaxcala - DEBUG -     gz_id=9900850 'sacluk' score=1.000 nombre=False saint_only=True terr= phase=candidate
2026-07-29 15:33:49 - matching_Tlaxcala - DEBUG -     gz_id=1005271 'huadalupe' score=1.000 nombre=True saint_only=False terr= phase=auto_adopt
2026-07-29 15:33:49 - matching_Tlaxcala - DEBUG -     gz_id=1004724 'huacinapi' score=1.000 nombre=False saint_only=True terr= phase=candidate
2026-07-29 15:33:49 - matching_Tlaxcala - DEBUG -     gz_id=1002343 'huadalupe' score=1.000 nombre=True saint_only=False terr= phase=auto_adopt
2026-07-29 15:33:49 - matching_Tlaxcala - DEBUG -     gz_id=1000253 'huadalupe' score=1.000 nombre=True saint_only=False terr= phase=auto_adopt
2026-07-29 15:33:49 - matching_Tlaxcala - DEBUG -     gz_id=1000254 'huadalupe biejo' score=1.000 nombre=False saint_only=True terr= phase=candidate
2026-07-29 15:33:49 - matching_Tlaxcala - DEBUG -     gz_id=9900126 'huadalupe' score=1.000 nombre=True saint_only=False terr= phase=auto_adopt
2026-07-29 15:33:49 - matching_Tlaxcala - DEBUG -     gz_id=9900132 'teuricachi' score=1.000 nombre=False saint_only=False terr= phase=candidate
2026-07-29 15:33:49 - matching_Tlaxcala - DEBUG -     gz_id=8000507 'huadalupe' score=1.000 nombre=True saint_only=False terr= phase=auto_adopt
2026-07-29 15:33:49 - matching_Tlaxcala - DEBUG -     gz_id=1000260 'nabogame' score=1.000 nombre=False saint_only=True terr= phase=candidate
2026-07-29 15:33:49 - matching_Tlaxcala - INFO -   Before dedup: 58 candidates
2026-07-29 15:33:49 - matching_Tlaxcala - INFO -   After dedup: 58 unique gz_ids
2026-07-29 15:33:49 - matching_Tlaxcala - INFO -   Input has territorial data: False
2026-07-29 15:33:49 - matching_Tlaxcala - INFO -   Candidates with territory match: 0
2026-07-29 15:33:49 - matching_Tlaxcala - INFO -   No territorial filtering applied (no input territorial data)
2026-07-29 15:33:49 - matching_Tlaxcala - INFO -   Nombre matches (exact on lugar_nombre): 23
2026-07-29 15:33:49 - matching_Tlaxcala - INFO -   Saint-only matches: 33
2026-07-29 15:33:49 - matching_Tlaxcala - INFO -   Substantive matches: 25
2026-07-29 15:33:49 - matching_Tlaxcala - INFO -   NOMBRE PRIORITY: Keeping ONLY 23 nombre matches, discarding 2 others
2026-07-29 15:33:49 - matching_Tlaxcala - INFO -      gz_id=1005430: Guadalupe
2026-07-29 15:33:49 - matching_Tlaxcala - INFO -      gz_id=6001435: Guadalupe
2026-07-29 15:33:49 - matching_Tlaxcala - INFO -      gz_id=2000720: Guadalupe
2026-07-29 15:33:49 - matching_Tlaxcala - INFO -      gz_id=1000294: Guadalupe
2026-07-29 15:33:49 - matching_Tlaxcala - INFO -      gz_id=1003811: Guadalupe
2026-07-29 15:33:49 - matching_Tlaxcala - INFO -      gz_id=1004770: Guadalupe
2026-07-29 15:33:49 - matching_Tlaxcala - INFO -      gz_id=1005183: Guadalupe
2026-07-29 15:33:49 - matching_Tlaxcala - INFO -      gz_id=1005054: Guadalupe
2026-07-29 15:33:49 - matching_Tlaxcala - INFO -      gz_id=9900044: Guadalupe
2026-07-29 15:33:49 - matching_Tlaxcala - INFO -      gz_id=6001482: Guadalupe
2026-07-29 15:33:49 - matching_Tlaxcala - INFO -      gz_id=3000359: Guadalupe
2026-07-29 15:33:49 - matching_Tlaxcala - INFO -      gz_id=6001491: Guadalupe
2026-07-29 15:33:49 - matching_Tlaxcala - INFO -      gz_id=1005088: Guadalupe
2026-07-29 15:33:49 - matching_Tlaxcala - INFO -      gz_id=9900806: Guadalupe
2026-07-29 15:33:49 - matching_Tlaxcala - INFO -      gz_id=1004816: Guadalupe
2026-07-29 15:33:49 - matching_Tlaxcala - INFO -      gz_id=1004963: Guadalupe
2026-07-29 15:33:49 - matching_Tlaxcala - INFO -      gz_id=1004835: Guadalupe
2026-07-29 15:33:49 - matching_Tlaxcala - INFO -      gz_id=1001921: Guadalupe
2026-07-29 15:33:49 - matching_Tlaxcala - INFO -      gz_id=1005271: Guadalupe
2026-07-29 15:33:49 - matching_Tlaxcala - INFO -      gz_id=1002343: Guadalupe
2026-07-29 15:33:49 - matching_Tlaxcala - INFO -      gz_id=1000253: Guadalupe
2026-07-29 15:33:49 - matching_Tlaxcala - INFO -      gz_id=9900126: Guadalupe
2026-07-29 15:33:49 - matching_Tlaxcala - INFO -      gz_id=8000507: Guadalupe
2026-07-29 15:33:49 - matching_Tlaxcala - INFO -   Candidate pool (>= threshold): 23
2026-07-29 15:33:49 - matching_Tlaxcala - INFO -   23 candidate(s) -> candidate
2026-07-29 15:33:49 - matching_Tlaxcala - INFO -   rowID=134: found at step 'no_partido_jurisdiccion'
2026-07-29 15:33:49 - matching_Tlaxcala - INFO - 
============================================================
2026-07-29 15:33:49 - matching_Tlaxcala - INFO - Processing rowID=135: 'San Cristóbal de la Rosa' -> cleaned: 'san cristobal rosa'
2026-07-29 15:33:49 - matching_Tlaxcala - INFO -   Territorial context: (none)='' -> allowed rows: all
2026-07-29 15:33:49 - matching_Tlaxcala - INFO -   Token-based candidates: 4523
2026-07-29 15:33:49 - matching_Tlaxcala - INFO -   Filtering: need match on substantive tokens: ['rosa', 'cristobal'] OR 2+ total tokens
2026-07-29 15:33:49 - matching_Tlaxcala - INFO -   After filtering weak token matches: 144 candidates
2026-07-29 15:33:50 - matching_Tlaxcala - INFO -   Fuzzy matches (score >= 70, limit=500): 133
2026-07-29 15:33:50 - matching_Tlaxcala - DEBUG -     gz_id=1001603 'san cristobal' score=1.000 nombre=False saint_only=False terr= phase=auto_adopt
2026-07-29 15:33:50 - matching_Tlaxcala - DEBUG -     gz_id=1002457 'san cristobal' score=1.000 nombre=False saint_only=False terr= phase=auto_adopt
2026-07-29 15:33:50 - matching_Tlaxcala - DEBUG -     gz_id=1003062 'san cristobal' score=1.000 nombre=False saint_only=False terr= phase=auto_adopt
2026-07-29 15:33:50 - matching_Tlaxcala - DEBUG -     gz_id=1003390 'san cristobal' score=1.000 nombre=False saint_only=False terr= phase=auto_adopt
2026-07-29 15:33:50 - matching_Tlaxcala - DEBUG -     gz_id=1004815 'san cristobal' score=1.000 nombre=False saint_only=False terr= phase=auto_adopt
2026-07-29 15:33:50 - matching_Tlaxcala - DEBUG -     gz_id=1005152 'san cristobal' score=1.000 nombre=False saint_only=False terr= phase=auto_adopt
2026-07-29 15:33:50 - matching_Tlaxcala - DEBUG -     gz_id=2000158 'san cristobal' score=1.000 nombre=False saint_only=False terr= phase=auto_adopt
2026-07-29 15:33:50 - matching_Tlaxcala - DEBUG -     gz_id=2000276 'san cristobal' score=1.000 nombre=False saint_only=False terr= phase=auto_adopt
2026-07-29 15:33:50 - matching_Tlaxcala - DEBUG -     gz_id=4000460 'san cristobal' score=1.000 nombre=False saint_only=False terr= phase=auto_adopt
2026-07-29 15:33:50 - matching_Tlaxcala - DEBUG -     gz_id=5000089 'san cristobal' score=1.000 nombre=False saint_only=False terr= phase=auto_adopt
2026-07-29 15:33:50 - matching_Tlaxcala - DEBUG -     gz_id=5000151 'san cristobal' score=1.000 nombre=False saint_only=False terr= phase=auto_adopt
2026-07-29 15:33:50 - matching_Tlaxcala - DEBUG -     gz_id=5600384 'san cristobal' score=1.000 nombre=False saint_only=False terr= phase=auto_adopt
2026-07-29 15:33:50 - matching_Tlaxcala - DEBUG -     gz_id=6000152 'san cristobal' score=1.000 nombre=False saint_only=False terr= phase=auto_adopt
2026-07-29 15:33:50 - matching_Tlaxcala - DEBUG -     gz_id=6000509 'san cristobal' score=1.000 nombre=False saint_only=False terr= phase=auto_adopt
2026-07-29 15:33:50 - matching_Tlaxcala - DEBUG -     gz_id=6000664 'san cristobal' score=1.000 nombre=False saint_only=False terr= phase=auto_adopt
2026-07-29 15:33:50 - matching_Tlaxcala - DEBUG -     gz_id=6001042 'san cristobal' score=1.000 nombre=False saint_only=False terr= phase=auto_adopt
2026-07-29 15:33:50 - matching_Tlaxcala - DEBUG -     gz_id=7000365 'san cristobal' score=1.000 nombre=False saint_only=False terr= phase=auto_adopt
2026-07-29 15:33:50 - matching_Tlaxcala - DEBUG -     gz_id=8000166 'san cristobal' score=1.000 nombre=False saint_only=False terr= phase=auto_adopt
2026-07-29 15:33:50 - matching_Tlaxcala - DEBUG -     gz_id=8000700 'san cristobal' score=1.000 nombre=False saint_only=False terr= phase=auto_adopt
2026-07-29 15:33:50 - matching_Tlaxcala - DEBUG -     gz_id=9900920 'san cristobal' score=1.000 nombre=False saint_only=False terr= phase=auto_adopt
2026-07-29 15:33:50 - matching_Tlaxcala - DEBUG -     gz_id=9901306 'san cristobal' score=1.000 nombre=False saint_only=False terr= phase=auto_adopt
2026-07-29 15:33:50 - matching_Tlaxcala - DEBUG -     gz_id=9960004 'san cristobal' score=1.000 nombre=False saint_only=False terr= phase=auto_adopt
2026-07-29 15:33:50 - matching_Tlaxcala - DEBUG -     gz_id=1000568 'sapotitlan' score=0.941 nombre=False saint_only=False terr= phase=auto_adopt
2026-07-29 15:33:50 - matching_Tlaxcala - DEBUG -     gz_id=1002495 'san cristobal amatlan' score=0.909 nombre=False saint_only=False terr= phase=auto_adopt
2026-07-29 15:33:50 - matching_Tlaxcala - DEBUG -     gz_id=1002760 'amoltepec' score=0.909 nombre=False saint_only=False terr= phase=auto_adopt
2026-07-29 15:33:50 - matching_Tlaxcala - DEBUG -     gz_id=1002836 'suchixtlahuaca' score=0.909 nombre=False saint_only=False terr= phase=auto_adopt
2026-07-29 15:33:50 - matching_Tlaxcala - DEBUG -     gz_id=1004274 'albarado' score=0.909 nombre=False saint_only=False terr= phase=auto_adopt
2026-07-29 15:33:50 - matching_Tlaxcala - DEBUG -     gz_id=2000214 'san cristobal amatitan' score=0.909 nombre=False saint_only=False terr= phase=auto_adopt
2026-07-29 15:33:50 - matching_Tlaxcala - DEBUG -     gz_id=2000321 'acasahuastlan' score=0.909 nombre=False saint_only=False terr= phase=auto_adopt
2026-07-29 15:33:50 - matching_Tlaxcala - DEBUG -     gz_id=6000048 'sora' score=0.909 nombre=False saint_only=False terr= phase=auto_adopt
2026-07-29 15:33:50 - matching_Tlaxcala - DEBUG -     gz_id=6000534 'sondondo' score=0.909 nombre=False saint_only=False terr= phase=auto_adopt
2026-07-29 15:33:50 - matching_Tlaxcala - DEBUG -     gz_id=6001027 'uco' score=0.909 nombre=False saint_only=False terr= phase=auto_adopt
2026-07-29 15:33:50 - matching_Tlaxcala - DEBUG -     gz_id=8000302 'achocolla' score=0.909 nombre=False saint_only=False terr= phase=auto_adopt
2026-07-29 15:33:50 - matching_Tlaxcala - DEBUG -     gz_id=9900988 'san cristobal alto' score=0.909 nombre=False saint_only=False terr= phase=auto_adopt
2026-07-29 15:33:50 - matching_Tlaxcala - DEBUG -     gz_id=4000512 'cerro mono' score=0.903 nombre=False saint_only=False terr= phase=auto_adopt
2026-07-29 15:33:50 - matching_Tlaxcala - DEBUG -     gz_id=1000640 'masamitla' score=0.889 nombre=False saint_only=False terr= phase=candidate
2026-07-29 15:33:50 - matching_Tlaxcala - DEBUG -     gz_id=1002677 'masatlan' score=0.889 nombre=False saint_only=False terr= phase=candidate
2026-07-29 15:33:50 - matching_Tlaxcala - DEBUG -     gz_id=1004205 'naranjal' score=0.889 nombre=False saint_only=False terr= phase=candidate
2026-07-29 15:33:50 - matching_Tlaxcala - DEBUG -     gz_id=1005052 'coronado' score=0.889 nombre=False saint_only=False terr= phase=candidate
2026-07-29 15:33:50 - matching_Tlaxcala - DEBUG -     gz_id=2000322 'berapas' score=0.889 nombre=False saint_only=False terr= phase=candidate
2026-07-29 15:33:50 - matching_Tlaxcala - DEBUG -     gz_id=1000060 'san cristobal barranca' score=0.882 nombre=False saint_only=False terr= phase=candidate
2026-07-29 15:33:50 - matching_Tlaxcala - DEBUG -     gz_id=1000280 'nombre dios' score=0.882 nombre=False saint_only=False terr= phase=candidate
2026-07-29 15:33:50 - matching_Tlaxcala - DEBUG -     gz_id=1000772 'poxtla' score=0.882 nombre=False saint_only=False terr= phase=candidate
2026-07-29 15:33:50 - matching_Tlaxcala - DEBUG -     gz_id=1000864 'coiotepec' score=0.882 nombre=False saint_only=False terr= phase=candidate
2026-07-29 15:33:50 - matching_Tlaxcala - DEBUG -     gz_id=1002124 'pajacuaran' score=0.882 nombre=False saint_only=False terr= phase=candidate
2026-07-29 15:33:50 - matching_Tlaxcala - DEBUG -     gz_id=1002193 'soledad' score=0.882 nombre=False saint_only=False terr= phase=candidate
2026-07-29 15:33:50 - matching_Tlaxcala - DEBUG -     gz_id=1002962 'lachirioag' score=0.882 nombre=False saint_only=False terr= phase=candidate
2026-07-29 15:33:50 - matching_Tlaxcala - DEBUG -     gz_id=1003813 'montecillo' score=0.882 nombre=False saint_only=False terr= phase=candidate
2026-07-29 15:33:50 - matching_Tlaxcala - DEBUG -     gz_id=2000367 'cabrecan' score=0.882 nombre=False saint_only=False terr= phase=candidate
2026-07-29 15:33:50 - matching_Tlaxcala - DEBUG -     gz_id=2000434 'jaiaque' score=0.882 nombre=False saint_only=False terr= phase=candidate
2026-07-29 15:33:50 - matching_Tlaxcala - DEBUG -     gz_id=2000742 'san cristobal bajo' score=0.882 nombre=False saint_only=False terr= phase=candidate
2026-07-29 15:33:50 - matching_Tlaxcala - DEBUG -     gz_id=2000824 'pueblo real' score=0.882 nombre=False saint_only=False terr= phase=candidate
2026-07-29 15:33:50 - matching_Tlaxcala - DEBUG -     gz_id=8000160 'panacachi' score=0.882 nombre=False saint_only=False terr= phase=candidate
2026-07-29 15:33:50 - matching_Tlaxcala - DEBUG -     gz_id=1000087 'ecatepec' score=0.875 nombre=False saint_only=False terr= phase=candidate
2026-07-29 15:33:50 - matching_Tlaxcala - DEBUG -     gz_id=1000526 'tepeaca' score=0.875 nombre=False saint_only=False terr= phase=candidate
2026-07-29 15:33:50 - matching_Tlaxcala - DEBUG -     gz_id=1001234 'chalma' score=0.875 nombre=False saint_only=False terr= phase=candidate
2026-07-29 15:33:50 - matching_Tlaxcala - DEBUG -     gz_id=1001311 'telutlaiuca' score=0.875 nombre=False saint_only=False terr= phase=candidate
2026-07-29 15:33:50 - matching_Tlaxcala - DEBUG -     gz_id=1001445 'texcalucan' score=0.875 nombre=False saint_only=False terr= phase=candidate
2026-07-29 15:33:50 - matching_Tlaxcala - DEBUG -     gz_id=1001655 'nexquipaiac' score=0.875 nombre=False saint_only=False terr= phase=candidate
2026-07-29 15:33:50 - matching_Tlaxcala - DEBUG -     gz_id=1001703 'huichochitlan' score=0.875 nombre=False saint_only=False terr= phase=candidate
2026-07-29 15:33:50 - matching_Tlaxcala - DEBUG -     gz_id=1003250 'necaja' score=0.875 nombre=False saint_only=False terr= phase=candidate
2026-07-29 15:33:50 - matching_Tlaxcala - DEBUG -     gz_id=1003312 'ixhuatlan' score=0.875 nombre=False saint_only=False terr= phase=candidate
2026-07-29 15:33:50 - matching_Tlaxcala - DEBUG -     gz_id=1003353 'tepatlaxco' score=0.875 nombre=False saint_only=False terr= phase=candidate
2026-07-29 15:33:50 - matching_Tlaxcala - DEBUG -     gz_id=1003429 'tepeojuma' score=0.875 nombre=False saint_only=False terr= phase=candidate
2026-07-29 15:33:50 - matching_Tlaxcala - DEBUG -     gz_id=1003520 'tepeteopan' score=0.875 nombre=False saint_only=False terr= phase=candidate
2026-07-29 15:33:50 - matching_Tlaxcala - DEBUG -     gz_id=1003629 'ixtolco' score=0.875 nombre=False saint_only=False terr= phase=candidate
2026-07-29 15:33:50 - matching_Tlaxcala - DEBUG -     gz_id=1003801 'juchimilco' score=0.875 nombre=False saint_only=False terr= phase=candidate
2026-07-29 15:33:50 - matching_Tlaxcala - DEBUG -     gz_id=1004190 'tlacojalpan' score=0.875 nombre=False saint_only=False terr= phase=candidate
2026-07-29 15:33:50 - matching_Tlaxcala - DEBUG -     gz_id=1004276 'tlacotalpan' score=0.875 nombre=False saint_only=False terr= phase=candidate
2026-07-29 15:33:50 - matching_Tlaxcala - DEBUG -     gz_id=1004858 'chichicastepec' score=0.875 nombre=False saint_only=False terr= phase=candidate
2026-07-29 15:33:50 - matching_Tlaxcala - DEBUG -     gz_id=1005036 'hualahuices' score=0.875 nombre=False saint_only=False terr= phase=candidate
2026-07-29 15:33:50 - matching_Tlaxcala - DEBUG -     gz_id=2000239 'ixtepeque' score=0.875 nombre=False saint_only=False terr= phase=candidate
2026-07-29 15:33:50 - matching_Tlaxcala - DEBUG -     gz_id=2000328 'jutiapa' score=0.875 nombre=False saint_only=False terr= phase=candidate
2026-07-29 15:33:50 - matching_Tlaxcala - DEBUG -     gz_id=2000372 'cucho' score=0.875 nombre=False saint_only=False terr= phase=candidate
2026-07-29 15:33:50 - matching_Tlaxcala - DEBUG -     gz_id=2000463 'jilopango' score=0.875 nombre=False saint_only=False terr= phase=candidate
2026-07-29 15:33:50 - matching_Tlaxcala - DEBUG -     gz_id=2000472 'jutiapilla' score=0.875 nombre=False saint_only=False terr= phase=candidate
2026-07-29 15:33:50 - matching_Tlaxcala - DEBUG -     gz_id=2000492 'jucoaran' score=0.875 nombre=False saint_only=False terr= phase=candidate
2026-07-29 15:33:50 - matching_Tlaxcala - DEBUG -     gz_id=4000330 'barcelona' score=0.875 nombre=False saint_only=False terr= phase=candidate
2026-07-29 15:33:50 - matching_Tlaxcala - DEBUG -     gz_id=4001002 'nueba ecija' score=0.875 nombre=False saint_only=False terr= phase=candidate
2026-07-29 15:33:50 - matching_Tlaxcala - DEBUG -     gz_id=8000080 'pillcomaio' score=0.875 nombre=False saint_only=False terr= phase=candidate
2026-07-29 15:33:50 - matching_Tlaxcala - DEBUG -     gz_id=1004711 'barrio san cristobal' score=0.839 nombre=False saint_only=False terr= phase=relegated
2026-07-29 15:33:50 - matching_Tlaxcala - DEBUG -     gz_id=1005442 'santa rosa' score=1.000 nombre=False saint_only=False terr= phase=candidate
2026-07-29 15:33:50 - matching_Tlaxcala - DEBUG -     gz_id=1000032 'cucihuiriachi' score=1.000 nombre=False saint_only=False terr= phase=candidate
2026-07-29 15:33:50 - matching_Tlaxcala - DEBUG -     gz_id=1000325 'ariciachi' score=1.000 nombre=False saint_only=False terr= phase=candidate
2026-07-29 15:33:50 - matching_Tlaxcala - DEBUG -     gz_id=1000341 'pachera' score=1.000 nombre=False saint_only=False terr= phase=candidate
2026-07-29 15:33:50 - matching_Tlaxcala - DEBUG -     gz_id=1001404 'san cebastian i su aujiliar santa rosa' score=1.000 nombre=False saint_only=False terr= phase=candidate
2026-07-29 15:33:50 - matching_Tlaxcala - DEBUG -     gz_id=1005108 'uruachic' score=1.000 nombre=False saint_only=False terr= phase=candidate
2026-07-29 15:33:50 - matching_Tlaxcala - DEBUG -     gz_id=4000034 'cerrito santa rosa' score=1.000 nombre=False saint_only=False terr= phase=candidate
2026-07-29 15:33:50 - matching_Tlaxcala - DEBUG -     gz_id=4000125 'ortis' score=1.000 nombre=False saint_only=False terr= phase=candidate
2026-07-29 15:33:50 - matching_Tlaxcala - DEBUG -     gz_id=4000197 'charallabe' score=1.000 nombre=False saint_only=False terr= phase=candidate
2026-07-29 15:33:50 - matching_Tlaxcala - DEBUG -     gz_id=4000354 'carupano' score=1.000 nombre=False saint_only=False terr= phase=candidate
2026-07-29 15:33:50 - matching_Tlaxcala - DEBUG -     gz_id=4000367 'ocopi' score=1.000 nombre=False saint_only=False terr= phase=candidate
2026-07-29 15:33:50 - matching_Tlaxcala - DEBUG -     gz_id=4000443 'cura' score=1.000 nombre=False saint_only=False terr= phase=candidate
2026-07-29 15:33:50 - matching_Tlaxcala - DEBUG -     gz_id=4000450 'maruanta' score=1.000 nombre=False saint_only=False terr= phase=candidate
2026-07-29 15:33:50 - matching_Tlaxcala - DEBUG -     gz_id=4000612 'boca grande' score=1.000 nombre=False saint_only=False terr= phase=candidate
2026-07-29 15:33:50 - matching_Tlaxcala - DEBUG -     gz_id=5000027 'chire' score=1.000 nombre=False saint_only=False terr= phase=candidate
2026-07-29 15:33:50 - matching_Tlaxcala - DEBUG -     gz_id=5000160 'flamenco' score=1.000 nombre=False saint_only=False terr= phase=candidate
2026-07-29 15:33:50 - matching_Tlaxcala - DEBUG -     gz_id=5000507 'santa rosa' score=1.000 nombre=False saint_only=False terr= phase=candidate
2026-07-29 15:33:50 - matching_Tlaxcala - DEBUG -     gz_id=5600245 'santa rosa' score=1.000 nombre=False saint_only=False terr= phase=candidate
2026-07-29 15:33:50 - matching_Tlaxcala - DEBUG -     gz_id=5600651 'santa rosa' score=1.000 nombre=False saint_only=False terr= phase=candidate
2026-07-29 15:33:50 - matching_Tlaxcala - DEBUG -     gz_id=6001316 'santa rosa' score=1.000 nombre=False saint_only=False terr= phase=candidate
2026-07-29 15:33:50 - matching_Tlaxcala - DEBUG -     gz_id=8000584 'santa rosa chapare' score=1.000 nombre=False saint_only=False terr= phase=candidate
2026-07-29 15:33:50 - matching_Tlaxcala - DEBUG -     gz_id=9000059 'calamuchita' score=1.000 nombre=False saint_only=False terr= phase=candidate
2026-07-29 15:33:50 - matching_Tlaxcala - DEBUG -     gz_id=9000073 'anhuinan' score=1.000 nombre=False saint_only=False terr= phase=candidate
2026-07-29 15:33:50 - matching_Tlaxcala - DEBUG -     gz_id=9000552 'purmamarca' score=1.000 nombre=False saint_only=False terr= phase=candidate
2026-07-29 15:33:50 - matching_Tlaxcala - DEBUG -     gz_id=9000653 'santa rosa' score=1.000 nombre=False saint_only=False terr= phase=candidate
2026-07-29 15:33:50 - matching_Tlaxcala - DEBUG -     gz_id=9901109 'santa rosa' score=1.000 nombre=False saint_only=False terr= phase=candidate
2026-07-29 15:33:50 - matching_Tlaxcala - DEBUG -     gz_id=9901216 'santa rosa cheuquili' score=1.000 nombre=False saint_only=False terr= phase=candidate
2026-07-29 15:33:50 - matching_Tlaxcala - DEBUG -     gz_id=1000268 'santa rosa' score=1.000 nombre=False saint_only=False terr= phase=candidate
2026-07-29 15:33:50 - matching_Tlaxcala - DEBUG -     gz_id=1004368 'santa rosa' score=1.000 nombre=False saint_only=False terr= phase=candidate
2026-07-29 15:33:50 - matching_Tlaxcala - DEBUG -     gz_id=1004648 'santa rosa' score=1.000 nombre=False saint_only=False terr= phase=candidate
2026-07-29 15:33:50 - matching_Tlaxcala - DEBUG -     gz_id=1004984 'santa rosa' score=1.000 nombre=False saint_only=False terr= phase=candidate
2026-07-29 15:33:50 - matching_Tlaxcala - DEBUG -     gz_id=1005000 'santa rosa' score=1.000 nombre=False saint_only=False terr= phase=candidate
2026-07-29 15:33:50 - matching_Tlaxcala - DEBUG -     gz_id=1005059 'santa rosa' score=1.000 nombre=False saint_only=False terr= phase=candidate
2026-07-29 15:33:50 - matching_Tlaxcala - DEBUG -     gz_id=1005069 'santa rosa' score=1.000 nombre=False saint_only=False terr= phase=candidate
2026-07-29 15:33:50 - matching_Tlaxcala - DEBUG -     gz_id=2000870 'santa rosa' score=1.000 nombre=False saint_only=False terr= phase=candidate
2026-07-29 15:33:50 - matching_Tlaxcala - DEBUG -     gz_id=4000556 'santa rosa' score=1.000 nombre=False saint_only=False terr= phase=candidate
2026-07-29 15:33:50 - matching_Tlaxcala - DEBUG -     gz_id=5000150 'santa rosa' score=1.000 nombre=False saint_only=False terr= phase=candidate
2026-07-29 15:33:50 - matching_Tlaxcala - DEBUG -     gz_id=5000822 'santa rosa' score=1.000 nombre=False saint_only=False terr= phase=candidate
2026-07-29 15:33:50 - matching_Tlaxcala - DEBUG -     gz_id=5600413 'santa rosa' score=1.000 nombre=False saint_only=False terr= phase=candidate
2026-07-29 15:33:50 - matching_Tlaxcala - DEBUG -     gz_id=5600490 'santa rosa' score=1.000 nombre=False saint_only=False terr= phase=candidate
2026-07-29 15:33:50 - matching_Tlaxcala - DEBUG -     gz_id=5600525 'santa rosa' score=1.000 nombre=False saint_only=False terr= phase=candidate
2026-07-29 15:33:50 - matching_Tlaxcala - DEBUG -     gz_id=5600604 'santa rosa' score=1.000 nombre=False saint_only=False terr= phase=candidate
2026-07-29 15:33:50 - matching_Tlaxcala - DEBUG -     gz_id=5600845 'santa rosa' score=1.000 nombre=False saint_only=False terr= phase=candidate
2026-07-29 15:33:50 - matching_Tlaxcala - DEBUG -     gz_id=7000157 'santa rosa' score=1.000 nombre=False saint_only=False terr= phase=candidate
2026-07-29 15:33:50 - matching_Tlaxcala - DEBUG -     gz_id=7000282 'santa rosa' score=1.000 nombre=False saint_only=False terr= phase=candidate
2026-07-29 15:33:50 - matching_Tlaxcala - DEBUG -     gz_id=8000374 'santa rosa' score=1.000 nombre=False saint_only=False terr= phase=candidate
2026-07-29 15:33:50 - matching_Tlaxcala - DEBUG -     gz_id=8000388 'santa rosa' score=1.000 nombre=False saint_only=False terr= phase=candidate
2026-07-29 15:33:50 - matching_Tlaxcala - DEBUG -     gz_id=8000548 'santa rosa' score=1.000 nombre=False saint_only=False terr= phase=candidate
2026-07-29 15:33:50 - matching_Tlaxcala - DEBUG -     gz_id=9000204 'santa rosa' score=1.000 nombre=False saint_only=False terr= phase=candidate
2026-07-29 15:33:50 - matching_Tlaxcala - DEBUG -     gz_id=9900038 'santa rosa' score=1.000 nombre=False saint_only=False terr= phase=candidate
2026-07-29 15:33:50 - matching_Tlaxcala - DEBUG -     gz_id=9900269 'santa rosa' score=1.000 nombre=False saint_only=False terr= phase=candidate
2026-07-29 15:33:50 - matching_Tlaxcala - DEBUG -     gz_id=9900270 'santa rosa' score=1.000 nombre=False saint_only=False terr= phase=candidate
2026-07-29 15:33:50 - matching_Tlaxcala - INFO -   Before dedup: 133 candidates
2026-07-29 15:33:50 - matching_Tlaxcala - INFO -   After dedup: 133 unique gz_ids
2026-07-29 15:33:50 - matching_Tlaxcala - INFO -   Input has territorial data: False
2026-07-29 15:33:50 - matching_Tlaxcala - INFO -   Candidates with territory match: 0
2026-07-29 15:33:50 - matching_Tlaxcala - INFO -   No territorial filtering applied (no input territorial data)
2026-07-29 15:33:50 - matching_Tlaxcala - INFO -   Nombre matches (exact on lugar_nombre): 0
2026-07-29 15:33:50 - matching_Tlaxcala - INFO -   Saint-only matches: 0
2026-07-29 15:33:50 - matching_Tlaxcala - INFO -   Substantive matches: 133
2026-07-29 15:33:50 - matching_Tlaxcala - INFO -   Candidate pool (>= threshold): 132
2026-07-29 15:33:50 - matching_Tlaxcala - INFO -   132 candidate(s) -> candidate
2026-07-29 15:33:50 - matching_Tlaxcala - INFO -   rowID=135: found at step 'no_partido_jurisdiccion'
2026-07-29 15:33:50 - matching_Tlaxcala - INFO - 
============================================================
2026-07-29 15:33:50 - matching_Tlaxcala - INFO - Processing rowID=136: 'San Diego Azumatla' -> cleaned: 'san diego asumatla'
2026-07-29 15:33:50 - matching_Tlaxcala - INFO -   Territorial context: (none)='' -> allowed rows: all
2026-07-29 15:33:50 - matching_Tlaxcala - INFO -   Token-based candidates: 4465
2026-07-29 15:33:50 - matching_Tlaxcala - INFO -   Filtering: need match on substantive tokens: ['diego', 'asumatla'] OR 2+ total tokens
2026-07-29 15:33:51 - matching_Tlaxcala - INFO -   After filtering weak token matches: 52 candidates
2026-07-29 15:33:51 - matching_Tlaxcala - INFO -   Fuzzy matches (score >= 70, limit=500): 51
2026-07-29 15:33:51 - matching_Tlaxcala - DEBUG -     gz_id=1000407 'san diego' score=1.000 nombre=False saint_only=False terr= phase=auto_adopt
2026-07-29 15:33:51 - matching_Tlaxcala - DEBUG -     gz_id=1003511 'san diego' score=1.000 nombre=False saint_only=False terr= phase=auto_adopt
2026-07-29 15:33:51 - matching_Tlaxcala - DEBUG -     gz_id=1004179 'san diego' score=1.000 nombre=False saint_only=False terr= phase=auto_adopt
2026-07-29 15:33:51 - matching_Tlaxcala - DEBUG -     gz_id=1004367 'san diego' score=1.000 nombre=False saint_only=False terr= phase=auto_adopt
2026-07-29 15:33:51 - matching_Tlaxcala - DEBUG -     gz_id=1004509 'san diego' score=1.000 nombre=False saint_only=False terr= phase=auto_adopt
2026-07-29 15:33:51 - matching_Tlaxcala - DEBUG -     gz_id=1005025 'san diego' score=1.000 nombre=False saint_only=False terr= phase=auto_adopt
2026-07-29 15:33:51 - matching_Tlaxcala - DEBUG -     gz_id=1005071 'san diego' score=1.000 nombre=False saint_only=False terr= phase=auto_adopt
2026-07-29 15:33:51 - matching_Tlaxcala - DEBUG -     gz_id=1005165 'san diego' score=1.000 nombre=False saint_only=False terr= phase=auto_adopt
2026-07-29 15:33:51 - matching_Tlaxcala - DEBUG -     gz_id=2000807 'san diego' score=1.000 nombre=False saint_only=False terr= phase=auto_adopt
2026-07-29 15:33:51 - matching_Tlaxcala - DEBUG -     gz_id=3000162 'patali' score=1.000 nombre=False saint_only=False terr= phase=candidate
2026-07-29 15:33:51 - matching_Tlaxcala - DEBUG -     gz_id=4000109 'cojede' score=1.000 nombre=False saint_only=False terr= phase=candidate
2026-07-29 15:33:51 - matching_Tlaxcala - DEBUG -     gz_id=5600825 'san diego' score=1.000 nombre=False saint_only=False terr= phase=auto_adopt
2026-07-29 15:33:51 - matching_Tlaxcala - DEBUG -     gz_id=7000266 'san diego' score=1.000 nombre=False saint_only=False terr= phase=auto_adopt
2026-07-29 15:33:51 - matching_Tlaxcala - DEBUG -     gz_id=8000645 'san diego' score=1.000 nombre=False saint_only=False terr= phase=auto_adopt
2026-07-29 15:33:51 - matching_Tlaxcala - DEBUG -     gz_id=9900953 'diego' score=1.000 nombre=False saint_only=False terr= phase=auto_adopt
2026-07-29 15:33:51 - matching_Tlaxcala - DEBUG -     gz_id=3000352 'san diego banos' score=0.889 nombre=False saint_only=False terr= phase=candidate
2026-07-29 15:33:51 - matching_Tlaxcala - DEBUG -     gz_id=4000194 'san diego altos' score=0.889 nombre=False saint_only=False terr= phase=candidate
2026-07-29 15:33:51 - matching_Tlaxcala - DEBUG -     gz_id=3000146 'salamototo' score=0.875 nombre=False saint_only=False terr= phase=candidate
2026-07-29 15:33:51 - matching_Tlaxcala - DEBUG -     gz_id=1005125 'san diego rio' score=0.870 nombre=False saint_only=False terr= phase=candidate
2026-07-29 15:33:51 - matching_Tlaxcala - DEBUG -     gz_id=1005347 'ojo' score=0.870 nombre=False saint_only=False terr= phase=candidate
2026-07-29 15:33:51 - matching_Tlaxcala - DEBUG -     gz_id=1000406 'astatan' score=0.848 nombre=False saint_only=False terr= phase=relegated
2026-07-29 15:33:51 - matching_Tlaxcala - DEBUG -     gz_id=9900263 'obaig' score=0.846 nombre=False saint_only=False terr= phase=relegated
2026-07-29 15:33:51 - matching_Tlaxcala - DEBUG -     gz_id=1002199 'tlalcosahua' score=0.839 nombre=False saint_only=False terr= phase=relegated
2026-07-29 15:33:51 - matching_Tlaxcala - DEBUG -     gz_id=1004365 'pich' score=0.833 nombre=False saint_only=False terr= phase=relegated
2026-07-29 15:33:51 - matching_Tlaxcala - DEBUG -     gz_id=1004383 'nunkini' score=0.824 nombre=False saint_only=False terr= phase=relegated
2026-07-29 15:33:51 - matching_Tlaxcala - DEBUG -     gz_id=4000200 'ocumare tui' score=0.824 nombre=False saint_only=False terr= phase=relegated
2026-07-29 15:33:51 - matching_Tlaxcala - DEBUG -     gz_id=1004740 'san diego alcala' score=0.815 nombre=False saint_only=False terr= phase=relegated
2026-07-29 15:33:51 - matching_Tlaxcala - DEBUG -     gz_id=1004772 'jemes' score=0.815 nombre=False saint_only=False terr= phase=relegated
2026-07-29 15:33:51 - matching_Tlaxcala - DEBUG -     gz_id=4000157 'san diego alcala' score=0.815 nombre=False saint_only=False terr= phase=relegated
2026-07-29 15:33:51 - matching_Tlaxcala - DEBUG -     gz_id=9940015 'san diego alcantara' score=0.812 nombre=False saint_only=False terr= phase=relegated
2026-07-29 15:33:51 - matching_Tlaxcala - DEBUG -     gz_id=1004789 'tesuque' score=0.800 nombre=False saint_only=False terr= phase=relegated
2026-07-29 15:33:51 - matching_Tlaxcala - DEBUG -     gz_id=9900082 'pitic' score=0.800 nombre=False saint_only=False terr= phase=relegated
2026-07-29 15:33:51 - matching_Tlaxcala - DEBUG -     gz_id=9900257 'sardinas' score=0.800 nombre=False saint_only=False terr= phase=relegated
2026-07-29 15:33:51 - matching_Tlaxcala - DEBUG -     gz_id=1001252 'cuautitlan' score=0.788 nombre=False saint_only=False terr= phase=relegated
2026-07-29 15:33:51 - matching_Tlaxcala - DEBUG -     gz_id=1000125 'cocupao' score=0.786 nombre=False saint_only=False terr= phase=relegated
2026-07-29 15:33:51 - matching_Tlaxcala - DEBUG -     gz_id=1005346 'milagro' score=0.786 nombre=False saint_only=False terr= phase=relegated
2026-07-29 15:33:51 - matching_Tlaxcala - DEBUG -     gz_id=1003111 'acapulco' score=0.774 nombre=False saint_only=False terr= phase=relegated
2026-07-29 15:33:51 - matching_Tlaxcala - DEBUG -     gz_id=1003185 'cuachaiotlan' score=0.774 nombre=False saint_only=False terr= phase=relegated
2026-07-29 15:33:51 - matching_Tlaxcala - DEBUG -     gz_id=4000374 'putucuar' score=0.774 nombre=False saint_only=False terr= phase=relegated
2026-07-29 15:33:51 - matching_Tlaxcala - DEBUG -     gz_id=1000749 'chalcatepehuacan' score=0.765 nombre=False saint_only=False terr= phase=relegated
2026-07-29 15:33:51 - matching_Tlaxcala - DEBUG -     gz_id=4000671 'cabrutica' score=0.765 nombre=False saint_only=False terr= phase=relegated
2026-07-29 15:33:51 - matching_Tlaxcala - DEBUG -     gz_id=1005137 'minas nuebas' score=0.759 nombre=False saint_only=False terr= phase=relegated
2026-07-29 15:33:51 - matching_Tlaxcala - DEBUG -     gz_id=6001569 'tihuanos' score=0.759 nombre=False saint_only=False terr= phase=relegated
2026-07-29 15:33:51 - matching_Tlaxcala - DEBUG -     gz_id=1005029 'labor san diego' score=0.750 nombre=False saint_only=False terr= phase=relegated
2026-07-29 15:33:51 - matching_Tlaxcala - DEBUG -     gz_id=1005257 'san diego nabacoian' score=0.750 nombre=False saint_only=False terr= phase=relegated
2026-07-29 15:33:51 - matching_Tlaxcala - DEBUG -     gz_id=1003831 'huehuetlan' score=0.733 nombre=False saint_only=False terr= phase=relegated
2026-07-29 15:33:51 - matching_Tlaxcala - DEBUG -     gz_id=5000630 'pueblo nuebo' score=0.733 nombre=False saint_only=False terr= phase=relegated
2026-07-29 15:33:51 - matching_Tlaxcala - DEBUG -     gz_id=9901295 'buenabista' score=0.733 nombre=False saint_only=False terr= phase=relegated
2026-07-29 15:33:51 - matching_Tlaxcala - DEBUG -     gz_id=2000035 'barrio san diego' score=0.720 nombre=False saint_only=False terr= phase=relegated
2026-07-29 15:33:51 - matching_Tlaxcala - DEBUG -     gz_id=1000322 'penon blanco' score=0.714 nombre=False saint_only=False terr= phase=relegated
2026-07-29 15:33:51 - matching_Tlaxcala - DEBUG -     gz_id=1004141 'jocoiucan' score=0.714 nombre=False saint_only=False terr= phase=relegated
2026-07-29 15:33:51 - matching_Tlaxcala - INFO -   Before dedup: 51 candidates
2026-07-29 15:33:51 - matching_Tlaxcala - INFO -   After dedup: 51 unique gz_ids
2026-07-29 15:33:51 - matching_Tlaxcala - INFO -   Input has territorial data: False
2026-07-29 15:33:51 - matching_Tlaxcala - INFO -   Candidates with territory match: 0
2026-07-29 15:33:51 - matching_Tlaxcala - INFO -   No territorial filtering applied (no input territorial data)
2026-07-29 15:33:51 - matching_Tlaxcala - INFO -   Nombre matches (exact on lugar_nombre): 0
2026-07-29 15:33:51 - matching_Tlaxcala - INFO -   Saint-only matches: 0
2026-07-29 15:33:51 - matching_Tlaxcala - INFO -   Substantive matches: 51
2026-07-29 15:33:51 - matching_Tlaxcala - INFO -   Candidate pool (>= threshold): 20
2026-07-29 15:33:51 - matching_Tlaxcala - INFO -   20 candidate(s) -> candidate
2026-07-29 15:33:51 - matching_Tlaxcala - INFO -   rowID=136: found at step 'no_partido_jurisdiccion'
2026-07-29 15:33:51 - matching_Tlaxcala - INFO - 
============================================================
2026-07-29 15:33:51 - matching_Tlaxcala - INFO - Processing rowID=138: 'El Balconcillo' -> cleaned: 'balconcillo'
2026-07-29 15:33:51 - matching_Tlaxcala - INFO -   Territorial context: (none)='' -> allowed rows: all
2026-07-29 15:33:51 - matching_Tlaxcala - INFO -   Token-based candidates: 0
2026-07-29 15:33:51 - matching_Tlaxcala - WARNING -   No candidates found - relegated
2026-07-29 15:33:51 - matching_Tlaxcala - INFO - 
============================================================
2026-07-29 15:33:51 - matching_Tlaxcala - INFO - Processing rowID=138: 'El Balconcillo' -> cleaned: 'balconcillo'
2026-07-29 15:33:51 - matching_Tlaxcala - INFO -   Territorial context: (none)='' -> allowed rows: all
2026-07-29 15:33:51 - matching_Tlaxcala - INFO -   Token-based candidates: 0
2026-07-29 15:33:51 - matching_Tlaxcala - WARNING -   No candidates found - relegated
2026-07-29 15:33:51 - matching_Tlaxcala - INFO - 
============================================================
2026-07-29 15:33:51 - matching_Tlaxcala - INFO - Processing rowID=138: 'El Balconcillo' -> cleaned: 'balconcillo'
2026-07-29 15:33:51 - matching_Tlaxcala - INFO -   Territorial context: (none)='' -> allowed rows: all
2026-07-29 15:33:51 - matching_Tlaxcala - INFO -   Token-based candidates: 0
2026-07-29 15:33:51 - matching_Tlaxcala - WARNING -   No candidates found - relegated
2026-07-29 15:33:51 - matching_Tlaxcala - INFO - 
============================================================
2026-07-29 15:33:51 - matching_Tlaxcala - INFO - Processing rowID=147: 'La Natividad Tazacuala' -> cleaned: 'natibidad tasacuala'
2026-07-29 15:33:51 - matching_Tlaxcala - INFO -   Territorial context: (none)='' -> allowed rows: all
2026-07-29 15:33:51 - matching_Tlaxcala - INFO -   Token-based candidates: 41
2026-07-29 15:33:51 - matching_Tlaxcala - INFO -   Filtering: need match on substantive tokens: ['tasacuala', 'natibidad'] OR 2+ total tokens
2026-07-29 15:33:51 - matching_Tlaxcala - INFO -   After filtering weak token matches: 27 candidates
2026-07-29 15:33:51 - matching_Tlaxcala - INFO -   Fuzzy matches (score >= 70, limit=500): 26
2026-07-29 15:33:51 - matching_Tlaxcala - DEBUG -     gz_id=9990021 'natibidad tarahui' score=0.848 nombre=False saint_only=False terr= phase=relegated
2026-07-29 15:33:51 - matching_Tlaxcala - DEBUG -     gz_id=1001613 'atengo' score=0.815 nombre=False saint_only=False terr= phase=relegated
2026-07-29 15:33:51 - matching_Tlaxcala - DEBUG -     gz_id=1004479 'acanceh' score=0.812 nombre=False saint_only=False terr= phase=relegated
2026-07-29 15:33:51 - matching_Tlaxcala - DEBUG -     gz_id=1000967 'tlatenchi' score=0.812 nombre=False saint_only=False terr= phase=relegated
2026-07-29 15:33:51 - matching_Tlaxcala - DEBUG -     gz_id=1004231 'chumatlan' score=0.811 nombre=False saint_only=False terr= phase=relegated
2026-07-29 15:33:51 - matching_Tlaxcala - DEBUG -     gz_id=1002744 'totomoxtla' score=0.800 nombre=False saint_only=False terr= phase=relegated
2026-07-29 15:33:51 - matching_Tlaxcala - DEBUG -     gz_id=1002877 'natibidad iolotepec' score=0.800 nombre=False saint_only=False terr= phase=relegated
2026-07-29 15:33:51 - matching_Tlaxcala - DEBUG -     gz_id=1003657 'aquilpa' score=0.800 nombre=False saint_only=False terr= phase=relegated
2026-07-29 15:33:51 - matching_Tlaxcala - DEBUG -     gz_id=1002884 'iosoiua' score=0.800 nombre=False saint_only=False terr= phase=relegated
2026-07-29 15:33:51 - matching_Tlaxcala - DEBUG -     gz_id=1003925 'ahome' score=0.800 nombre=False saint_only=False terr= phase=relegated
2026-07-29 15:33:51 - matching_Tlaxcala - DEBUG -     gz_id=2000055 'huaquitepec' score=0.800 nombre=False saint_only=False terr= phase=relegated
2026-07-29 15:33:51 - matching_Tlaxcala - DEBUG -     gz_id=9000094 'huarambare' score=0.800 nombre=False saint_only=False terr= phase=relegated
2026-07-29 15:33:51 - matching_Tlaxcala - DEBUG -     gz_id=1002771 'chalcatongo' score=0.800 nombre=False saint_only=False terr= phase=relegated
2026-07-29 15:33:51 - matching_Tlaxcala - DEBUG -     gz_id=1004625 'santa maria natibidad' score=0.800 nombre=False saint_only=False terr= phase=relegated
2026-07-29 15:33:51 - matching_Tlaxcala - DEBUG -     gz_id=1001987 'cirahuen' score=0.800 nombre=False saint_only=False terr= phase=relegated
2026-07-29 15:33:51 - matching_Tlaxcala - DEBUG -     gz_id=4000391 'balle natibidad' score=0.800 nombre=False saint_only=False terr= phase=relegated
2026-07-29 15:33:51 - matching_Tlaxcala - DEBUG -     gz_id=1003704 'patlicha' score=0.800 nombre=False saint_only=False terr= phase=relegated
2026-07-29 15:33:51 - matching_Tlaxcala - DEBUG -     gz_id=1001488 'aquiapan' score=0.800 nombre=False saint_only=False terr= phase=relegated
2026-07-29 15:33:51 - matching_Tlaxcala - DEBUG -     gz_id=9990007 'natibidad acarai' score=0.800 nombre=False saint_only=False terr= phase=relegated
2026-07-29 15:33:51 - matching_Tlaxcala - DEBUG -     gz_id=1000328 'bachiniba' score=0.800 nombre=False saint_only=False terr= phase=relegated
2026-07-29 15:33:51 - matching_Tlaxcala - DEBUG -     gz_id=1004377 'becal' score=0.800 nombre=False saint_only=False terr= phase=relegated
2026-07-29 15:33:51 - matching_Tlaxcala - DEBUG -     gz_id=1000221 'jalapa' score=0.800 nombre=False saint_only=False terr= phase=relegated
2026-07-29 15:33:51 - matching_Tlaxcala - DEBUG -     gz_id=1003999 'cunduacan' score=0.800 nombre=False saint_only=False terr= phase=relegated
2026-07-29 15:33:51 - matching_Tlaxcala - DEBUG -     gz_id=1002050 'cuanajo' score=0.800 nombre=False saint_only=False terr= phase=relegated
2026-07-29 15:33:51 - matching_Tlaxcala - DEBUG -     gz_id=1000893 'metepec' score=0.800 nombre=False saint_only=False terr= phase=relegated
2026-07-29 15:33:51 - matching_Tlaxcala - DEBUG -     gz_id=1004581 'jocen' score=0.800 nombre=False saint_only=False terr= phase=relegated
2026-07-29 15:33:51 - matching_Tlaxcala - INFO -   Before dedup: 26 candidates
2026-07-29 15:33:51 - matching_Tlaxcala - INFO -   After dedup: 26 unique gz_ids
2026-07-29 15:33:51 - matching_Tlaxcala - INFO -   Input has territorial data: False
2026-07-29 15:33:51 - matching_Tlaxcala - INFO -   Candidates with territory match: 0
2026-07-29 15:33:51 - matching_Tlaxcala - INFO -   No territorial filtering applied (no input territorial data)
2026-07-29 15:33:51 - matching_Tlaxcala - INFO -   Nombre matches (exact on lugar_nombre): 0
2026-07-29 15:33:51 - matching_Tlaxcala - INFO -   Saint-only matches: 0
2026-07-29 15:33:51 - matching_Tlaxcala - INFO -   Substantive matches: 26
2026-07-29 15:33:51 - matching_Tlaxcala - INFO -   Candidate pool (>= threshold): 0
2026-07-29 15:33:51 - matching_Tlaxcala - WARNING -   No candidate above threshold - relegated
2026-07-29 15:33:51 - matching_Tlaxcala - INFO - 
============================================================
2026-07-29 15:33:51 - matching_Tlaxcala - INFO - Processing rowID=147: 'La Natividad Tazacuala' -> cleaned: 'natibidad tasacuala'
2026-07-29 15:33:51 - matching_Tlaxcala - INFO -   Territorial context: (none)='' -> allowed rows: all
2026-07-29 15:33:51 - matching_Tlaxcala - INFO -   Token-based candidates: 41
2026-07-29 15:33:51 - matching_Tlaxcala - INFO -   Filtering: need match on substantive tokens: ['tasacuala', 'natibidad'] OR 2+ total tokens
2026-07-29 15:33:51 - matching_Tlaxcala - INFO -   After filtering weak token matches: 27 candidates
2026-07-29 15:33:51 - matching_Tlaxcala - INFO -   Fuzzy matches (score >= 70, limit=500): 26
2026-07-29 15:33:51 - matching_Tlaxcala - DEBUG -     gz_id=9990021 'natibidad tarahui' score=0.848 nombre=False saint_only=False terr= phase=relegated
2026-07-29 15:33:51 - matching_Tlaxcala - DEBUG -     gz_id=1001613 'atengo' score=0.815 nombre=False saint_only=False terr= phase=relegated
2026-07-29 15:33:51 - matching_Tlaxcala - DEBUG -     gz_id=1004479 'acanceh' score=0.812 nombre=False saint_only=False terr= phase=relegated
2026-07-29 15:33:51 - matching_Tlaxcala - DEBUG -     gz_id=1000967 'tlatenchi' score=0.812 nombre=False saint_only=False terr= phase=relegated
2026-07-29 15:33:51 - matching_Tlaxcala - DEBUG -     gz_id=1004231 'chumatlan' score=0.811 nombre=False saint_only=False terr= phase=relegated
2026-07-29 15:33:51 - matching_Tlaxcala - DEBUG -     gz_id=1002744 'totomoxtla' score=0.800 nombre=False saint_only=False terr= phase=relegated
2026-07-29 15:33:51 - matching_Tlaxcala - DEBUG -     gz_id=1002877 'natibidad iolotepec' score=0.800 nombre=False saint_only=False terr= phase=relegated
2026-07-29 15:33:51 - matching_Tlaxcala - DEBUG -     gz_id=1003657 'aquilpa' score=0.800 nombre=False saint_only=False terr= phase=relegated
2026-07-29 15:33:51 - matching_Tlaxcala - DEBUG -     gz_id=1002884 'iosoiua' score=0.800 nombre=False saint_only=False terr= phase=relegated
2026-07-29 15:33:51 - matching_Tlaxcala - DEBUG -     gz_id=1003925 'ahome' score=0.800 nombre=False saint_only=False terr= phase=relegated
2026-07-29 15:33:51 - matching_Tlaxcala - DEBUG -     gz_id=2000055 'huaquitepec' score=0.800 nombre=False saint_only=False terr= phase=relegated
2026-07-29 15:33:51 - matching_Tlaxcala - DEBUG -     gz_id=9000094 'huarambare' score=0.800 nombre=False saint_only=False terr= phase=relegated
2026-07-29 15:33:51 - matching_Tlaxcala - DEBUG -     gz_id=1002771 'chalcatongo' score=0.800 nombre=False saint_only=False terr= phase=relegated
2026-07-29 15:33:51 - matching_Tlaxcala - DEBUG -     gz_id=1004625 'santa maria natibidad' score=0.800 nombre=False saint_only=False terr= phase=relegated
2026-07-29 15:33:51 - matching_Tlaxcala - DEBUG -     gz_id=1001987 'cirahuen' score=0.800 nombre=False saint_only=False terr= phase=relegated
2026-07-29 15:33:51 - matching_Tlaxcala - DEBUG -     gz_id=4000391 'balle natibidad' score=0.800 nombre=False saint_only=False terr= phase=relegated
2026-07-29 15:33:51 - matching_Tlaxcala - DEBUG -     gz_id=1003704 'patlicha' score=0.800 nombre=False saint_only=False terr= phase=relegated
2026-07-29 15:33:51 - matching_Tlaxcala - DEBUG -     gz_id=1001488 'aquiapan' score=0.800 nombre=False saint_only=False terr= phase=relegated
2026-07-29 15:33:51 - matching_Tlaxcala - DEBUG -     gz_id=9990007 'natibidad acarai' score=0.800 nombre=False saint_only=False terr= phase=relegated
2026-07-29 15:33:51 - matching_Tlaxcala - DEBUG -     gz_id=1000328 'bachiniba' score=0.800 nombre=False saint_only=False terr= phase=relegated
2026-07-29 15:33:51 - matching_Tlaxcala - DEBUG -     gz_id=1004377 'becal' score=0.800 nombre=False saint_only=False terr= phase=relegated
2026-07-29 15:33:51 - matching_Tlaxcala - DEBUG -     gz_id=1000221 'jalapa' score=0.800 nombre=False saint_only=False terr= phase=relegated
2026-07-29 15:33:51 - matching_Tlaxcala - DEBUG -     gz_id=1003999 'cunduacan' score=0.800 nombre=False saint_only=False terr= phase=relegated
2026-07-29 15:33:51 - matching_Tlaxcala - DEBUG -     gz_id=1002050 'cuanajo' score=0.800 nombre=False saint_only=False terr= phase=relegated
2026-07-29 15:33:51 - matching_Tlaxcala - DEBUG -     gz_id=1000893 'metepec' score=0.800 nombre=False saint_only=False terr= phase=relegated
2026-07-29 15:33:51 - matching_Tlaxcala - DEBUG -     gz_id=1004581 'jocen' score=0.800 nombre=False saint_only=False terr= phase=relegated
2026-07-29 15:33:51 - matching_Tlaxcala - INFO -   Before dedup: 26 candidates
2026-07-29 15:33:51 - matching_Tlaxcala - INFO -   After dedup: 26 unique gz_ids
2026-07-29 15:33:51 - matching_Tlaxcala - INFO -   Input has territorial data: False
2026-07-29 15:33:51 - matching_Tlaxcala - INFO -   Candidates with territory match: 0
2026-07-29 15:33:51 - matching_Tlaxcala - INFO -   No territorial filtering applied (no input territorial data)
2026-07-29 15:33:51 - matching_Tlaxcala - INFO -   Nombre matches (exact on lugar_nombre): 0
2026-07-29 15:33:51 - matching_Tlaxcala - INFO -   Saint-only matches: 0
2026-07-29 15:33:51 - matching_Tlaxcala - INFO -   Substantive matches: 26
2026-07-29 15:33:51 - matching_Tlaxcala - INFO -   Candidate pool (>= threshold): 0
2026-07-29 15:33:51 - matching_Tlaxcala - WARNING -   No candidate above threshold - relegated
2026-07-29 15:33:51 - matching_Tlaxcala - INFO - 
============================================================
2026-07-29 15:33:51 - matching_Tlaxcala - INFO - Processing rowID=147: 'La Natividad Tazacuala' -> cleaned: 'natibidad tasacuala'
2026-07-29 15:33:51 - matching_Tlaxcala - INFO -   Territorial context: (none)='' -> allowed rows: all
2026-07-29 15:33:51 - matching_Tlaxcala - INFO -   Token-based candidates: 41
2026-07-29 15:33:51 - matching_Tlaxcala - INFO -   Filtering: need match on substantive tokens: ['tasacuala', 'natibidad'] OR 2+ total tokens
2026-07-29 15:33:51 - matching_Tlaxcala - INFO -   After filtering weak token matches: 27 candidates
2026-07-29 15:33:51 - matching_Tlaxcala - INFO -   Fuzzy matches (score >= 70, limit=500): 26
2026-07-29 15:33:51 - matching_Tlaxcala - DEBUG -     gz_id=9990021 'natibidad tarahui' score=0.848 nombre=False saint_only=False terr= phase=relegated
2026-07-29 15:33:51 - matching_Tlaxcala - DEBUG -     gz_id=1001613 'atengo' score=0.815 nombre=False saint_only=False terr= phase=relegated
2026-07-29 15:33:51 - matching_Tlaxcala - DEBUG -     gz_id=1004479 'acanceh' score=0.812 nombre=False saint_only=False terr= phase=relegated
2026-07-29 15:33:51 - matching_Tlaxcala - DEBUG -     gz_id=1000967 'tlatenchi' score=0.812 nombre=False saint_only=False terr= phase=relegated
2026-07-29 15:33:51 - matching_Tlaxcala - DEBUG -     gz_id=1004231 'chumatlan' score=0.811 nombre=False saint_only=False terr= phase=relegated
2026-07-29 15:33:51 - matching_Tlaxcala - DEBUG -     gz_id=1002744 'totomoxtla' score=0.800 nombre=False saint_only=False terr= phase=relegated
2026-07-29 15:33:51 - matching_Tlaxcala - DEBUG -     gz_id=1002877 'natibidad iolotepec' score=0.800 nombre=False saint_only=False terr= phase=relegated
2026-07-29 15:33:51 - matching_Tlaxcala - DEBUG -     gz_id=1003657 'aquilpa' score=0.800 nombre=False saint_only=False terr= phase=relegated
2026-07-29 15:33:51 - matching_Tlaxcala - DEBUG -     gz_id=1002884 'iosoiua' score=0.800 nombre=False saint_only=False terr= phase=relegated
2026-07-29 15:33:51 - matching_Tlaxcala - DEBUG -     gz_id=1003925 'ahome' score=0.800 nombre=False saint_only=False terr= phase=relegated
2026-07-29 15:33:51 - matching_Tlaxcala - DEBUG -     gz_id=2000055 'huaquitepec' score=0.800 nombre=False saint_only=False terr= phase=relegated
2026-07-29 15:33:51 - matching_Tlaxcala - DEBUG -     gz_id=9000094 'huarambare' score=0.800 nombre=False saint_only=False terr= phase=relegated
2026-07-29 15:33:51 - matching_Tlaxcala - DEBUG -     gz_id=1002771 'chalcatongo' score=0.800 nombre=False saint_only=False terr= phase=relegated
2026-07-29 15:33:51 - matching_Tlaxcala - DEBUG -     gz_id=1004625 'santa maria natibidad' score=0.800 nombre=False saint_only=False terr= phase=relegated
2026-07-29 15:33:51 - matching_Tlaxcala - DEBUG -     gz_id=1001987 'cirahuen' score=0.800 nombre=False saint_only=False terr= phase=relegated
2026-07-29 15:33:51 - matching_Tlaxcala - DEBUG -     gz_id=4000391 'balle natibidad' score=0.800 nombre=False saint_only=False terr= phase=relegated
2026-07-29 15:33:51 - matching_Tlaxcala - DEBUG -     gz_id=1003704 'patlicha' score=0.800 nombre=False saint_only=False terr= phase=relegated
2026-07-29 15:33:51 - matching_Tlaxcala - DEBUG -     gz_id=1001488 'aquiapan' score=0.800 nombre=False saint_only=False terr= phase=relegated
2026-07-29 15:33:51 - matching_Tlaxcala - DEBUG -     gz_id=9990007 'natibidad acarai' score=0.800 nombre=False saint_only=False terr= phase=relegated
2026-07-29 15:33:51 - matching_Tlaxcala - DEBUG -     gz_id=1000328 'bachiniba' score=0.800 nombre=False saint_only=False terr= phase=relegated
2026-07-29 15:33:51 - matching_Tlaxcala - DEBUG -     gz_id=1004377 'becal' score=0.800 nombre=False saint_only=False terr= phase=relegated
2026-07-29 15:33:51 - matching_Tlaxcala - DEBUG -     gz_id=1000221 'jalapa' score=0.800 nombre=False saint_only=False terr= phase=relegated
2026-07-29 15:33:51 - matching_Tlaxcala - DEBUG -     gz_id=1003999 'cunduacan' score=0.800 nombre=False saint_only=False terr= phase=relegated
2026-07-29 15:33:51 - matching_Tlaxcala - DEBUG -     gz_id=1002050 'cuanajo' score=0.800 nombre=False saint_only=False terr= phase=relegated
2026-07-29 15:33:51 - matching_Tlaxcala - DEBUG -     gz_id=1000893 'metepec' score=0.800 nombre=False saint_only=False terr= phase=relegated
2026-07-29 15:33:51 - matching_Tlaxcala - DEBUG -     gz_id=1004581 'jocen' score=0.800 nombre=False saint_only=False terr= phase=relegated
2026-07-29 15:33:51 - matching_Tlaxcala - INFO -   Before dedup: 26 candidates
2026-07-29 15:33:51 - matching_Tlaxcala - INFO -   After dedup: 26 unique gz_ids
2026-07-29 15:33:51 - matching_Tlaxcala - INFO -   Input has territorial data: False
2026-07-29 15:33:51 - matching_Tlaxcala - INFO -   Candidates with territory match: 0
2026-07-29 15:33:51 - matching_Tlaxcala - INFO -   No territorial filtering applied (no input territorial data)
2026-07-29 15:33:51 - matching_Tlaxcala - INFO -   Nombre matches (exact on lugar_nombre): 0
2026-07-29 15:33:51 - matching_Tlaxcala - INFO -   Saint-only matches: 0
2026-07-29 15:33:51 - matching_Tlaxcala - INFO -   Substantive matches: 26
2026-07-29 15:33:51 - matching_Tlaxcala - INFO -   Candidate pool (>= threshold): 0
2026-07-29 15:33:51 - matching_Tlaxcala - WARNING -   No candidate above threshold - relegated
2026-07-29 15:33:51 - matching_Tlaxcala - INFO - 
============================================================
2026-07-29 15:33:51 - matching_Tlaxcala - INFO - Processing rowID=149: 'San Buenaventura' -> cleaned: 'san buenabentura'
2026-07-29 15:33:51 - matching_Tlaxcala - INFO -   Territorial context: (none)='' -> allowed rows: all
2026-07-29 15:33:51 - matching_Tlaxcala - INFO -   Token-based candidates: 4453
2026-07-29 15:33:51 - matching_Tlaxcala - INFO -   Filtering: need match on substantive tokens: ['buenabentura'] OR 2+ total tokens
2026-07-29 15:33:52 - matching_Tlaxcala - INFO -   After filtering weak token matches: 38 candidates
2026-07-29 15:33:52 - matching_Tlaxcala - INFO -   Fuzzy matches (score >= 70, limit=500): 38
2026-07-29 15:33:52 - matching_Tlaxcala - DEBUG -     gz_id=1000044 'balle san buenabentura' score=1.000 nombre=False saint_only=True terr= phase=candidate
2026-07-29 15:33:52 - matching_Tlaxcala - DEBUG -     gz_id=1000084 'cuautitlan' score=1.000 nombre=False saint_only=True terr= phase=candidate
2026-07-29 15:33:52 - matching_Tlaxcala - DEBUG -     gz_id=1000377 'san buenabentura' score=1.000 nombre=True saint_only=False terr= phase=auto_adopt
2026-07-29 15:33:52 - matching_Tlaxcala - DEBUG -     gz_id=1000405 'atotonilco' score=1.000 nombre=False saint_only=True terr= phase=candidate
2026-07-29 15:33:52 - matching_Tlaxcala - DEBUG -     gz_id=1000919 'coajomulco' score=1.000 nombre=False saint_only=True terr= phase=candidate
2026-07-29 15:33:52 - matching_Tlaxcala - DEBUG -     gz_id=1001023 'jonacapa' score=1.000 nombre=False saint_only=True terr= phase=candidate
2026-07-29 15:33:52 - matching_Tlaxcala - DEBUG -     gz_id=1001670 'tesoiuca' score=1.000 nombre=False saint_only=True terr= phase=candidate
2026-07-29 15:33:52 - matching_Tlaxcala - DEBUG -     gz_id=1001709 'san buenabentura' score=1.000 nombre=True saint_only=False terr= phase=auto_adopt
2026-07-29 15:33:52 - matching_Tlaxcala - DEBUG -     gz_id=1001730 'san buenabentura' score=1.000 nombre=True saint_only=False terr= phase=auto_adopt
2026-07-29 15:33:52 - matching_Tlaxcala - DEBUG -     gz_id=1003132 'san buenabentura' score=1.000 nombre=False saint_only=True terr= phase=candidate
2026-07-29 15:33:52 - matching_Tlaxcala - DEBUG -     gz_id=1003345 'mendocinas' score=1.000 nombre=False saint_only=True terr= phase=candidate
2026-07-29 15:33:52 - matching_Tlaxcala - DEBUG -     gz_id=1003474 'san buenabentura' score=1.000 nombre=False saint_only=True terr= phase=candidate
2026-07-29 15:33:52 - matching_Tlaxcala - DEBUG -     gz_id=1004335 'homun' score=1.000 nombre=False saint_only=True terr= phase=candidate
2026-07-29 15:33:52 - matching_Tlaxcala - DEBUG -     gz_id=1004446 'cinanche' score=1.000 nombre=False saint_only=True terr= phase=candidate
2026-07-29 15:33:52 - matching_Tlaxcala - DEBUG -     gz_id=1004745 'san buenabentura' score=1.000 nombre=True saint_only=False terr= phase=auto_adopt
2026-07-29 15:33:52 - matching_Tlaxcala - DEBUG -     gz_id=1004768 'cochiti' score=1.000 nombre=False saint_only=True terr= phase=candidate
2026-07-29 15:33:52 - matching_Tlaxcala - DEBUG -     gz_id=1005046 'san buenabentura' score=1.000 nombre=False saint_only=True terr= phase=candidate
2026-07-29 15:33:52 - matching_Tlaxcala - DEBUG -     gz_id=1005250 'san buenabentura' score=1.000 nombre=True saint_only=False terr= phase=auto_adopt
2026-07-29 15:33:52 - matching_Tlaxcala - DEBUG -     gz_id=1005367 'sainapuchi' score=1.000 nombre=False saint_only=True terr= phase=candidate
2026-07-29 15:33:52 - matching_Tlaxcala - DEBUG -     gz_id=2000717 'atirro' score=1.000 nombre=False saint_only=True terr= phase=candidate
2026-07-29 15:33:52 - matching_Tlaxcala - DEBUG -     gz_id=2000860 'san buenabentura' score=1.000 nombre=True saint_only=False terr= phase=auto_adopt
2026-07-29 15:33:52 - matching_Tlaxcala - DEBUG -     gz_id=3000038 'buenabentura' score=1.000 nombre=False saint_only=False terr= phase=auto_adopt
2026-07-29 15:33:52 - matching_Tlaxcala - DEBUG -     gz_id=4000300 'huri' score=1.000 nombre=False saint_only=True terr= phase=candidate
2026-07-29 15:33:52 - matching_Tlaxcala - DEBUG -     gz_id=4000369 'margarita' score=1.000 nombre=False saint_only=True terr= phase=candidate
2026-07-29 15:33:52 - matching_Tlaxcala - DEBUG -     gz_id=5000680 'corbado' score=1.000 nombre=False saint_only=True terr= phase=candidate
2026-07-29 15:33:52 - matching_Tlaxcala - DEBUG -     gz_id=5000714 'puerto san buenabentura' score=1.000 nombre=False saint_only=True terr= phase=candidate
2026-07-29 15:33:52 - matching_Tlaxcala - DEBUG -     gz_id=5600206 'buenabentura' score=1.000 nombre=False saint_only=False terr= phase=auto_adopt
2026-07-29 15:33:52 - matching_Tlaxcala - DEBUG -     gz_id=6000757 'san buenabentura' score=1.000 nombre=True saint_only=False terr= phase=auto_adopt
2026-07-29 15:33:52 - matching_Tlaxcala - DEBUG -     gz_id=6001048 'san buenabentura balle' score=1.000 nombre=False saint_only=True terr= phase=candidate
2026-07-29 15:33:52 - matching_Tlaxcala - DEBUG -     gz_id=6001173 'quimiri' score=1.000 nombre=False saint_only=True terr= phase=candidate
2026-07-29 15:33:52 - matching_Tlaxcala - DEBUG -     gz_id=6001546 'contamana' score=1.000 nombre=False saint_only=True terr= phase=candidate
2026-07-29 15:33:52 - matching_Tlaxcala - DEBUG -     gz_id=8000240 'tacuaremboti' score=1.000 nombre=False saint_only=True terr= phase=candidate
2026-07-29 15:33:52 - matching_Tlaxcala - DEBUG -     gz_id=9000099 'iahuaron' score=1.000 nombre=False saint_only=True terr= phase=candidate
2026-07-29 15:33:52 - matching_Tlaxcala - DEBUG -     gz_id=9900012 'sanasuru' score=1.000 nombre=False saint_only=True terr= phase=candidate
2026-07-29 15:33:52 - matching_Tlaxcala - DEBUG -     gz_id=9900017 'san buenabentura' score=1.000 nombre=False saint_only=True terr= phase=candidate
2026-07-29 15:33:52 - matching_Tlaxcala - DEBUG -     gz_id=9900916 'san buenabentura' score=1.000 nombre=True saint_only=False terr= phase=auto_adopt
2026-07-29 15:33:52 - matching_Tlaxcala - DEBUG -     gz_id=9940004 'roldanillo' score=1.000 nombre=False saint_only=True terr= phase=candidate
2026-07-29 15:33:52 - matching_Tlaxcala - DEBUG -     gz_id=7000113 'curico' score=0.897 nombre=False saint_only=False terr= phase=candidate
2026-07-29 15:33:52 - matching_Tlaxcala - INFO -   Before dedup: 38 candidates
2026-07-29 15:33:52 - matching_Tlaxcala - INFO -   After dedup: 38 unique gz_ids
2026-07-29 15:33:52 - matching_Tlaxcala - INFO -   Input has territorial data: False
2026-07-29 15:33:52 - matching_Tlaxcala - INFO -   Candidates with territory match: 0
2026-07-29 15:33:52 - matching_Tlaxcala - INFO -   No territorial filtering applied (no input territorial data)
2026-07-29 15:33:52 - matching_Tlaxcala - INFO -   Nombre matches (exact on lugar_nombre): 8
2026-07-29 15:33:52 - matching_Tlaxcala - INFO -   Saint-only matches: 27
2026-07-29 15:33:52 - matching_Tlaxcala - INFO -   Substantive matches: 11
2026-07-29 15:33:52 - matching_Tlaxcala - INFO -   NOMBRE PRIORITY: Keeping ONLY 8 nombre matches, discarding 3 others
2026-07-29 15:33:52 - matching_Tlaxcala - INFO -      gz_id=1000377: San Buenaventura
2026-07-29 15:33:52 - matching_Tlaxcala - INFO -      gz_id=1001709: San Buenaventura
2026-07-29 15:33:52 - matching_Tlaxcala - INFO -      gz_id=1001730: San Buenaventura
2026-07-29 15:33:52 - matching_Tlaxcala - INFO -      gz_id=1004745: San Buenaventura
2026-07-29 15:33:52 - matching_Tlaxcala - INFO -      gz_id=1005250: San Buenaventura
2026-07-29 15:33:52 - matching_Tlaxcala - INFO -      gz_id=2000860: San Buenaventura
2026-07-29 15:33:52 - matching_Tlaxcala - INFO -      gz_id=6000757: San Buenaventura
2026-07-29 15:33:52 - matching_Tlaxcala - INFO -      gz_id=9900916: San Buenaventura
2026-07-29 15:33:52 - matching_Tlaxcala - INFO -   Candidate pool (>= threshold): 8
2026-07-29 15:33:52 - matching_Tlaxcala - INFO -   8 candidate(s) -> candidate
2026-07-29 15:33:52 - matching_Tlaxcala - INFO -   rowID=149: found at step 'no_partido_jurisdiccion'
2026-07-29 15:33:52 - matching_Tlaxcala - INFO - 
============================================================
2026-07-29 15:33:52 - matching_Tlaxcala - INFO - Processing rowID=150: 'San Diego Zitlaltepeque' -> cleaned: 'san diego citlaltepeque'
2026-07-29 15:33:52 - matching_Tlaxcala - INFO -   Territorial context: (none)='' -> allowed rows: all
2026-07-29 15:33:52 - matching_Tlaxcala - INFO -   Token-based candidates: 4458
2026-07-29 15:33:52 - matching_Tlaxcala - INFO -   Filtering: need match on substantive tokens: ['diego', 'citlaltepeque'] OR 2+ total tokens
2026-07-29 15:33:53 - matching_Tlaxcala - INFO -   After filtering weak token matches: 52 candidates
2026-07-29 15:33:53 - matching_Tlaxcala - INFO -   Fuzzy matches (score >= 70, limit=500): 46
2026-07-29 15:33:53 - matching_Tlaxcala - DEBUG -     gz_id=1000407 'san diego' score=1.000 nombre=False saint_only=False terr= phase=auto_adopt
2026-07-29 15:33:53 - matching_Tlaxcala - DEBUG -     gz_id=1003511 'san diego' score=1.000 nombre=False saint_only=False terr= phase=auto_adopt
2026-07-29 15:33:53 - matching_Tlaxcala - DEBUG -     gz_id=1004179 'san diego' score=1.000 nombre=False saint_only=False terr= phase=auto_adopt
2026-07-29 15:33:53 - matching_Tlaxcala - DEBUG -     gz_id=1004367 'san diego' score=1.000 nombre=False saint_only=False terr= phase=auto_adopt
2026-07-29 15:33:53 - matching_Tlaxcala - DEBUG -     gz_id=1004509 'san diego' score=1.000 nombre=False saint_only=False terr= phase=auto_adopt
2026-07-29 15:33:53 - matching_Tlaxcala - DEBUG -     gz_id=1005025 'san diego' score=1.000 nombre=False saint_only=False terr= phase=auto_adopt
2026-07-29 15:33:53 - matching_Tlaxcala - DEBUG -     gz_id=1005071 'san diego' score=1.000 nombre=False saint_only=False terr= phase=auto_adopt
2026-07-29 15:33:53 - matching_Tlaxcala - DEBUG -     gz_id=1005165 'san diego' score=1.000 nombre=False saint_only=False terr= phase=auto_adopt
2026-07-29 15:33:53 - matching_Tlaxcala - DEBUG -     gz_id=2000807 'san diego' score=1.000 nombre=False saint_only=False terr= phase=auto_adopt
2026-07-29 15:33:53 - matching_Tlaxcala - DEBUG -     gz_id=3000162 'patali' score=1.000 nombre=False saint_only=False terr= phase=candidate
2026-07-29 15:33:53 - matching_Tlaxcala - DEBUG -     gz_id=4000109 'cojede' score=1.000 nombre=False saint_only=False terr= phase=candidate
2026-07-29 15:33:53 - matching_Tlaxcala - DEBUG -     gz_id=5600825 'san diego' score=1.000 nombre=False saint_only=False terr= phase=auto_adopt
2026-07-29 15:33:53 - matching_Tlaxcala - DEBUG -     gz_id=7000266 'san diego' score=1.000 nombre=False saint_only=False terr= phase=auto_adopt
2026-07-29 15:33:53 - matching_Tlaxcala - DEBUG -     gz_id=8000645 'san diego' score=1.000 nombre=False saint_only=False terr= phase=auto_adopt
2026-07-29 15:33:53 - matching_Tlaxcala - DEBUG -     gz_id=9900953 'diego' score=1.000 nombre=False saint_only=False terr= phase=auto_adopt
2026-07-29 15:33:53 - matching_Tlaxcala - DEBUG -     gz_id=1004365 'pich' score=0.880 nombre=False saint_only=False terr= phase=candidate
2026-07-29 15:33:53 - matching_Tlaxcala - DEBUG -     gz_id=1005125 'san diego rio' score=0.880 nombre=False saint_only=False terr= phase=candidate
2026-07-29 15:33:53 - matching_Tlaxcala - DEBUG -     gz_id=1005347 'ojo' score=0.870 nombre=False saint_only=False terr= phase=candidate
2026-07-29 15:33:53 - matching_Tlaxcala - DEBUG -     gz_id=1001252 'cuautitlan' score=0.857 nombre=False saint_only=False terr= phase=candidate
2026-07-29 15:33:53 - matching_Tlaxcala - DEBUG -     gz_id=9900082 'pitic' score=0.857 nombre=False saint_only=False terr= phase=candidate
2026-07-29 15:33:53 - matching_Tlaxcala - DEBUG -     gz_id=1004740 'san diego alcala' score=0.839 nombre=False saint_only=False terr= phase=relegated
2026-07-29 15:33:53 - matching_Tlaxcala - DEBUG -     gz_id=4000157 'san diego alcala' score=0.839 nombre=False saint_only=False terr= phase=relegated
2026-07-29 15:33:53 - matching_Tlaxcala - DEBUG -     gz_id=9900263 'obaig' score=0.815 nombre=False saint_only=False terr= phase=relegated
2026-07-29 15:33:53 - matching_Tlaxcala - DEBUG -     gz_id=1005346 'milagro' score=0.812 nombre=False saint_only=False terr= phase=relegated
2026-07-29 15:33:53 - matching_Tlaxcala - DEBUG -     gz_id=1003185 'cuachaiotlan' score=0.811 nombre=False saint_only=False terr= phase=relegated
2026-07-29 15:33:53 - matching_Tlaxcala - DEBUG -     gz_id=1000749 'chalcatepehuacan' score=0.800 nombre=False saint_only=False terr= phase=relegated
2026-07-29 15:33:53 - matching_Tlaxcala - DEBUG -     gz_id=1004772 'jemes' score=0.800 nombre=False saint_only=False terr= phase=relegated
2026-07-29 15:33:53 - matching_Tlaxcala - DEBUG -     gz_id=3000352 'san diego banos' score=0.800 nombre=False saint_only=False terr= phase=relegated
2026-07-29 15:33:53 - matching_Tlaxcala - DEBUG -     gz_id=4000194 'san diego altos' score=0.800 nombre=False saint_only=False terr= phase=relegated
2026-07-29 15:33:53 - matching_Tlaxcala - DEBUG -     gz_id=1000125 'cocupao' score=0.786 nombre=False saint_only=False terr= phase=relegated
2026-07-29 15:33:53 - matching_Tlaxcala - DEBUG -     gz_id=1004141 'jocoiucan' score=0.774 nombre=False saint_only=False terr= phase=relegated
2026-07-29 15:33:53 - matching_Tlaxcala - DEBUG -     gz_id=1005257 'san diego nabacoian' score=0.774 nombre=False saint_only=False terr= phase=relegated
2026-07-29 15:33:53 - matching_Tlaxcala - DEBUG -     gz_id=4000671 'cabrutica' score=0.774 nombre=False saint_only=False terr= phase=relegated
2026-07-29 15:33:53 - matching_Tlaxcala - DEBUG -     gz_id=1000406 'astatan' score=0.765 nombre=False saint_only=False terr= phase=relegated
2026-07-29 15:33:53 - matching_Tlaxcala - DEBUG -     gz_id=1003111 'acapulco' score=0.765 nombre=False saint_only=False terr= phase=relegated
2026-07-29 15:33:53 - matching_Tlaxcala - DEBUG -     gz_id=9940015 'san diego alcantara' score=0.765 nombre=False saint_only=False terr= phase=relegated
2026-07-29 15:33:53 - matching_Tlaxcala - DEBUG -     gz_id=4000374 'putucuar' score=0.759 nombre=False saint_only=False terr= phase=relegated
2026-07-29 15:33:53 - matching_Tlaxcala - DEBUG -     gz_id=1002199 'tlalcosahua' score=0.757 nombre=False saint_only=False terr= phase=relegated
2026-07-29 15:33:53 - matching_Tlaxcala - DEBUG -     gz_id=1005029 'labor san diego' score=0.750 nombre=False saint_only=False terr= phase=relegated
2026-07-29 15:33:53 - matching_Tlaxcala - DEBUG -     gz_id=1003831 'huehuetlan' score=0.743 nombre=False saint_only=False terr= phase=relegated
2026-07-29 15:33:53 - matching_Tlaxcala - DEBUG -     gz_id=9901295 'buenabista' score=0.743 nombre=False saint_only=False terr= phase=relegated
2026-07-29 15:33:53 - matching_Tlaxcala - DEBUG -     gz_id=1004789 'tesuque' score=0.741 nombre=False saint_only=False terr= phase=relegated
2026-07-29 15:33:53 - matching_Tlaxcala - DEBUG -     gz_id=6001569 'tihuanos' score=0.733 nombre=False saint_only=False terr= phase=relegated
2026-07-29 15:33:53 - matching_Tlaxcala - DEBUG -     gz_id=9900257 'sardinas' score=0.733 nombre=False saint_only=False terr= phase=relegated
2026-07-29 15:33:53 - matching_Tlaxcala - DEBUG -     gz_id=2000035 'barrio san diego' score=0.720 nombre=False saint_only=False terr= phase=relegated
2026-07-29 15:33:53 - matching_Tlaxcala - DEBUG -     gz_id=3000146 'salamototo' score=0.703 nombre=False saint_only=False terr= phase=relegated
2026-07-29 15:33:53 - matching_Tlaxcala - INFO -   Before dedup: 46 candidates
2026-07-29 15:33:53 - matching_Tlaxcala - INFO -   After dedup: 46 unique gz_ids
2026-07-29 15:33:53 - matching_Tlaxcala - INFO -   Input has territorial data: False
2026-07-29 15:33:53 - matching_Tlaxcala - INFO -   Candidates with territory match: 0
2026-07-29 15:33:53 - matching_Tlaxcala - INFO -   No territorial filtering applied (no input territorial data)
2026-07-29 15:33:53 - matching_Tlaxcala - INFO -   Nombre matches (exact on lugar_nombre): 0
2026-07-29 15:33:53 - matching_Tlaxcala - INFO -   Saint-only matches: 0
2026-07-29 15:33:53 - matching_Tlaxcala - INFO -   Substantive matches: 46
2026-07-29 15:33:53 - matching_Tlaxcala - INFO -   Candidate pool (>= threshold): 20
2026-07-29 15:33:53 - matching_Tlaxcala - INFO -   20 candidate(s) -> candidate
2026-07-29 15:33:53 - matching_Tlaxcala - INFO -   rowID=150: found at step 'no_partido_jurisdiccion'
2026-07-29 15:33:53 - matching_Tlaxcala - INFO - Processing row 150, rowID=151
2026-07-29 15:33:53 - matching_Tlaxcala - INFO - 
============================================================
2026-07-29 15:33:53 - matching_Tlaxcala - INFO - Processing rowID=151: 'San Diego del Pilancon' -> cleaned: 'san diego pilancon'
2026-07-29 15:33:53 - matching_Tlaxcala - INFO -   Territorial context: (none)='' -> allowed rows: all
2026-07-29 15:33:53 - matching_Tlaxcala - INFO -   Token-based candidates: 4457
2026-07-29 15:33:53 - matching_Tlaxcala - INFO -   Filtering: need match on substantive tokens: ['diego', 'pilancon'] OR 2+ total tokens
2026-07-29 15:33:54 - matching_Tlaxcala - INFO -   After filtering weak token matches: 52 candidates
2026-07-29 15:33:54 - matching_Tlaxcala - INFO -   Fuzzy matches (score >= 70, limit=500): 51
2026-07-29 15:33:54 - matching_Tlaxcala - DEBUG -     gz_id=1000407 'san diego' score=1.000 nombre=False saint_only=False terr= phase=auto_adopt
2026-07-29 15:33:54 - matching_Tlaxcala - DEBUG -     gz_id=1003511 'san diego' score=1.000 nombre=False saint_only=False terr= phase=auto_adopt
2026-07-29 15:33:54 - matching_Tlaxcala - DEBUG -     gz_id=1004179 'san diego' score=1.000 nombre=False saint_only=False terr= phase=auto_adopt
2026-07-29 15:33:54 - matching_Tlaxcala - DEBUG -     gz_id=1004367 'san diego' score=1.000 nombre=False saint_only=False terr= phase=auto_adopt
2026-07-29 15:33:54 - matching_Tlaxcala - DEBUG -     gz_id=1004509 'san diego' score=1.000 nombre=False saint_only=False terr= phase=auto_adopt
2026-07-29 15:33:54 - matching_Tlaxcala - DEBUG -     gz_id=1005025 'san diego' score=1.000 nombre=False saint_only=False terr= phase=auto_adopt
2026-07-29 15:33:54 - matching_Tlaxcala - DEBUG -     gz_id=1005071 'san diego' score=1.000 nombre=False saint_only=False terr= phase=auto_adopt
2026-07-29 15:33:54 - matching_Tlaxcala - DEBUG -     gz_id=1005165 'san diego' score=1.000 nombre=False saint_only=False terr= phase=auto_adopt
2026-07-29 15:33:54 - matching_Tlaxcala - DEBUG -     gz_id=2000807 'san diego' score=1.000 nombre=False saint_only=False terr= phase=auto_adopt
2026-07-29 15:33:54 - matching_Tlaxcala - DEBUG -     gz_id=3000162 'patali' score=1.000 nombre=False saint_only=False terr= phase=candidate
2026-07-29 15:33:54 - matching_Tlaxcala - DEBUG -     gz_id=4000109 'cojede' score=1.000 nombre=False saint_only=False terr= phase=candidate
2026-07-29 15:33:54 - matching_Tlaxcala - DEBUG -     gz_id=5600825 'san diego' score=1.000 nombre=False saint_only=False terr= phase=auto_adopt
2026-07-29 15:33:54 - matching_Tlaxcala - DEBUG -     gz_id=7000266 'san diego' score=1.000 nombre=False saint_only=False terr= phase=auto_adopt
2026-07-29 15:33:54 - matching_Tlaxcala - DEBUG -     gz_id=8000645 'san diego' score=1.000 nombre=False saint_only=False terr= phase=auto_adopt
2026-07-29 15:33:54 - matching_Tlaxcala - DEBUG -     gz_id=9900953 'diego' score=1.000 nombre=False saint_only=False terr= phase=auto_adopt
2026-07-29 15:33:54 - matching_Tlaxcala - DEBUG -     gz_id=1004365 'pich' score=0.923 nombre=False saint_only=False terr= phase=auto_adopt
2026-07-29 15:33:54 - matching_Tlaxcala - DEBUG -     gz_id=9900082 'pitic' score=0.889 nombre=False saint_only=False terr= phase=candidate
2026-07-29 15:33:54 - matching_Tlaxcala - DEBUG -     gz_id=1005125 'san diego rio' score=0.880 nombre=False saint_only=False terr= phase=candidate
2026-07-29 15:33:54 - matching_Tlaxcala - DEBUG -     gz_id=1005347 'ojo' score=0.870 nombre=False saint_only=False terr= phase=candidate
2026-07-29 15:33:54 - matching_Tlaxcala - DEBUG -     gz_id=1000322 'penon blanco' score=0.848 nombre=False saint_only=False terr= phase=relegated
2026-07-29 15:33:54 - matching_Tlaxcala - DEBUG -     gz_id=1005346 'milagro' score=0.839 nombre=False saint_only=False terr= phase=relegated
2026-07-29 15:33:54 - matching_Tlaxcala - DEBUG -     gz_id=1002199 'tlalcosahua' score=0.824 nombre=False saint_only=False terr= phase=relegated
2026-07-29 15:33:54 - matching_Tlaxcala - DEBUG -     gz_id=9900263 'obaig' score=0.815 nombre=False saint_only=False terr= phase=relegated
2026-07-29 15:33:54 - matching_Tlaxcala - DEBUG -     gz_id=1003111 'acapulco' score=0.800 nombre=False saint_only=False terr= phase=relegated
2026-07-29 15:33:54 - matching_Tlaxcala - DEBUG -     gz_id=1004740 'san diego alcala' score=0.800 nombre=False saint_only=False terr= phase=relegated
2026-07-29 15:33:54 - matching_Tlaxcala - DEBUG -     gz_id=1004772 'jemes' score=0.800 nombre=False saint_only=False terr= phase=relegated
2026-07-29 15:33:54 - matching_Tlaxcala - DEBUG -     gz_id=3000352 'san diego banos' score=0.800 nombre=False saint_only=False terr= phase=relegated
2026-07-29 15:33:54 - matching_Tlaxcala - DEBUG -     gz_id=4000157 'san diego alcala' score=0.800 nombre=False saint_only=False terr= phase=relegated
2026-07-29 15:33:54 - matching_Tlaxcala - DEBUG -     gz_id=4000194 'san diego altos' score=0.800 nombre=False saint_only=False terr= phase=relegated
2026-07-29 15:33:54 - matching_Tlaxcala - DEBUG -     gz_id=6001569 'tihuanos' score=0.800 nombre=False saint_only=False terr= phase=relegated
2026-07-29 15:33:54 - matching_Tlaxcala - DEBUG -     gz_id=9940015 'san diego alcantara' score=0.788 nombre=False saint_only=False terr= phase=relegated
2026-07-29 15:33:54 - matching_Tlaxcala - DEBUG -     gz_id=1000125 'cocupao' score=0.786 nombre=False saint_only=False terr= phase=relegated
2026-07-29 15:33:54 - matching_Tlaxcala - DEBUG -     gz_id=5000630 'pueblo nuebo' score=0.778 nombre=False saint_only=False terr= phase=relegated
2026-07-29 15:33:54 - matching_Tlaxcala - DEBUG -     gz_id=1004383 'nunkini' score=0.774 nombre=False saint_only=False terr= phase=relegated
2026-07-29 15:33:54 - matching_Tlaxcala - DEBUG -     gz_id=1005137 'minas nuebas' score=0.774 nombre=False saint_only=False terr= phase=relegated
2026-07-29 15:33:54 - matching_Tlaxcala - DEBUG -     gz_id=4000200 'ocumare tui' score=0.774 nombre=False saint_only=False terr= phase=relegated
2026-07-29 15:33:54 - matching_Tlaxcala - DEBUG -     gz_id=1005257 'san diego nabacoian' score=0.765 nombre=False saint_only=False terr= phase=relegated
2026-07-29 15:33:54 - matching_Tlaxcala - DEBUG -     gz_id=3000146 'salamototo' score=0.765 nombre=False saint_only=False terr= phase=relegated
2026-07-29 15:33:54 - matching_Tlaxcala - DEBUG -     gz_id=1000749 'chalcatepehuacan' score=0.759 nombre=False saint_only=False terr= phase=relegated
2026-07-29 15:33:54 - matching_Tlaxcala - DEBUG -     gz_id=1001252 'cuautitlan' score=0.759 nombre=False saint_only=False terr= phase=relegated
2026-07-29 15:33:54 - matching_Tlaxcala - DEBUG -     gz_id=1003185 'cuachaiotlan' score=0.759 nombre=False saint_only=False terr= phase=relegated
2026-07-29 15:33:54 - matching_Tlaxcala - DEBUG -     gz_id=4000374 'putucuar' score=0.759 nombre=False saint_only=False terr= phase=relegated
2026-07-29 15:33:54 - matching_Tlaxcala - DEBUG -     gz_id=4000671 'cabrutica' score=0.759 nombre=False saint_only=False terr= phase=relegated
2026-07-29 15:33:54 - matching_Tlaxcala - DEBUG -     gz_id=1000406 'astatan' score=0.750 nombre=False saint_only=False terr= phase=relegated
2026-07-29 15:33:54 - matching_Tlaxcala - DEBUG -     gz_id=1004141 'jocoiucan' score=0.750 nombre=False saint_only=False terr= phase=relegated
2026-07-29 15:33:54 - matching_Tlaxcala - DEBUG -     gz_id=1005029 'labor san diego' score=0.750 nombre=False saint_only=False terr= phase=relegated
2026-07-29 15:33:54 - matching_Tlaxcala - DEBUG -     gz_id=1004789 'tesuque' score=0.741 nombre=False saint_only=False terr= phase=relegated
2026-07-29 15:33:54 - matching_Tlaxcala - DEBUG -     gz_id=9900257 'sardinas' score=0.733 nombre=False saint_only=False terr= phase=relegated
2026-07-29 15:33:54 - matching_Tlaxcala - DEBUG -     gz_id=2000035 'barrio san diego' score=0.720 nombre=False saint_only=False terr= phase=relegated
2026-07-29 15:33:54 - matching_Tlaxcala - DEBUG -     gz_id=1003831 'huehuetlan' score=0.714 nombre=False saint_only=False terr= phase=relegated
2026-07-29 15:33:54 - matching_Tlaxcala - DEBUG -     gz_id=9901295 'buenabista' score=0.714 nombre=False saint_only=False terr= phase=relegated
2026-07-29 15:33:54 - matching_Tlaxcala - INFO -   Before dedup: 51 candidates
2026-07-29 15:33:54 - matching_Tlaxcala - INFO -   After dedup: 51 unique gz_ids
2026-07-29 15:33:54 - matching_Tlaxcala - INFO -   Input has territorial data: False
2026-07-29 15:33:54 - matching_Tlaxcala - INFO -   Candidates with territory match: 0
2026-07-29 15:33:54 - matching_Tlaxcala - INFO -   No territorial filtering applied (no input territorial data)
2026-07-29 15:33:54 - matching_Tlaxcala - INFO -   Nombre matches (exact on lugar_nombre): 0
2026-07-29 15:33:54 - matching_Tlaxcala - INFO -   Saint-only matches: 0
2026-07-29 15:33:54 - matching_Tlaxcala - INFO -   Substantive matches: 51
2026-07-29 15:33:54 - matching_Tlaxcala - INFO -   Candidate pool (>= threshold): 19
2026-07-29 15:33:54 - matching_Tlaxcala - INFO -   19 candidate(s) -> candidate
2026-07-29 15:33:54 - matching_Tlaxcala - INFO -   rowID=151: found at step 'no_partido_jurisdiccion'
2026-07-29 15:33:54 - matching_Tlaxcala - INFO - 
============================================================
2026-07-29 15:33:54 - matching_Tlaxcala - INFO - Processing rowID=155: 'San Juan Acocotla' -> cleaned: 'san juan acocotla'
2026-07-29 15:33:54 - matching_Tlaxcala - INFO -   Territorial context: (none)='' -> allowed rows: all
2026-07-29 15:33:54 - matching_Tlaxcala - INFO -   Token-based candidates: 4480
2026-07-29 15:33:54 - matching_Tlaxcala - INFO -   Filtering: need match on substantive tokens: ['acocotla', 'juan'] OR 2+ total tokens
2026-07-29 15:33:55 - matching_Tlaxcala - INFO -   After filtering weak token matches: 587 candidates
2026-07-29 15:33:55 - matching_Tlaxcala - INFO -   Fuzzy matches (score >= 70, limit=500): 525
2026-07-29 15:33:55 - matching_Tlaxcala - DEBUG -     gz_id=1000307 'san juan' score=1.000 nombre=False saint_only=False terr= phase=auto_adopt
2026-07-29 15:33:55 - matching_Tlaxcala - DEBUG -     gz_id=1000401 'san juan' score=1.000 nombre=False saint_only=False terr= phase=auto_adopt
2026-07-29 15:33:55 - matching_Tlaxcala - DEBUG -     gz_id=1000466 'san juan' score=1.000 nombre=False saint_only=False terr= phase=auto_adopt
2026-07-29 15:33:55 - matching_Tlaxcala - DEBUG -     gz_id=1000603 'san juan' score=1.000 nombre=False saint_only=False terr= phase=auto_adopt
2026-07-29 15:33:55 - matching_Tlaxcala - DEBUG -     gz_id=1001046 'san juan' score=1.000 nombre=False saint_only=False terr= phase=auto_adopt
2026-07-29 15:33:55 - matching_Tlaxcala - DEBUG -     gz_id=1001771 'san juan' score=1.000 nombre=False saint_only=False terr= phase=auto_adopt
2026-07-29 15:33:55 - matching_Tlaxcala - DEBUG -     gz_id=1001772 'san juan' score=1.000 nombre=False saint_only=False terr= phase=auto_adopt
2026-07-29 15:33:55 - matching_Tlaxcala - DEBUG -     gz_id=1003856 'san juan' score=1.000 nombre=False saint_only=False terr= phase=auto_adopt
2026-07-29 15:33:55 - matching_Tlaxcala - DEBUG -     gz_id=1004780 'san juan' score=1.000 nombre=False saint_only=False terr= phase=auto_adopt
2026-07-29 15:33:55 - matching_Tlaxcala - DEBUG -     gz_id=2000576 'san juan' score=1.000 nombre=False saint_only=False terr= phase=auto_adopt
2026-07-29 15:33:55 - matching_Tlaxcala - DEBUG -     gz_id=2000701 'san juan' score=1.000 nombre=False saint_only=False terr= phase=auto_adopt
2026-07-29 15:33:55 - matching_Tlaxcala - DEBUG -     gz_id=2000912 'san juan' score=1.000 nombre=False saint_only=False terr= phase=auto_adopt
2026-07-29 15:33:55 - matching_Tlaxcala - DEBUG -     gz_id=3000003 'san juan' score=1.000 nombre=False saint_only=False terr= phase=auto_adopt
2026-07-29 15:33:55 - matching_Tlaxcala - DEBUG -     gz_id=4000326 'san juan' score=1.000 nombre=False saint_only=False terr= phase=auto_adopt
2026-07-29 15:33:55 - matching_Tlaxcala - DEBUG -     gz_id=4000530 'san juan' score=1.000 nombre=False saint_only=False terr= phase=auto_adopt
2026-07-29 15:33:55 - matching_Tlaxcala - DEBUG -     gz_id=5000028 'san juan' score=1.000 nombre=False saint_only=False terr= phase=auto_adopt
2026-07-29 15:33:55 - matching_Tlaxcala - DEBUG -     gz_id=5000296 'san juan' score=1.000 nombre=False saint_only=False terr= phase=auto_adopt
2026-07-29 15:33:55 - matching_Tlaxcala - DEBUG -     gz_id=5000901 'san juan' score=1.000 nombre=False saint_only=False terr= phase=auto_adopt
2026-07-29 15:33:55 - matching_Tlaxcala - DEBUG -     gz_id=5600618 'san juan' score=1.000 nombre=False saint_only=False terr= phase=auto_adopt
2026-07-29 15:33:55 - matching_Tlaxcala - DEBUG -     gz_id=5600638 'san juan' score=1.000 nombre=False saint_only=False terr= phase=auto_adopt
2026-07-29 15:33:55 - matching_Tlaxcala - DEBUG -     gz_id=6000351 'san juan' score=1.000 nombre=False saint_only=False terr= phase=auto_adopt
2026-07-29 15:33:55 - matching_Tlaxcala - DEBUG -     gz_id=6000528 'san juan' score=1.000 nombre=False saint_only=False terr= phase=auto_adopt
2026-07-29 15:33:55 - matching_Tlaxcala - DEBUG -     gz_id=6000730 'san juan' score=1.000 nombre=False saint_only=False terr= phase=auto_adopt
2026-07-29 15:33:55 - matching_Tlaxcala - DEBUG -     gz_id=8000670 'san juan' score=1.000 nombre=False saint_only=False terr= phase=auto_adopt
2026-07-29 15:33:55 - matching_Tlaxcala - DEBUG -     gz_id=9000015 'san juan' score=1.000 nombre=False saint_only=False terr= phase=auto_adopt
2026-07-29 15:33:55 - matching_Tlaxcala - DEBUG -     gz_id=9900271 'san juan' score=1.000 nombre=False saint_only=False terr= phase=auto_adopt
2026-07-29 15:33:55 - matching_Tlaxcala - DEBUG -     gz_id=9900840 'san juan' score=1.000 nombre=False saint_only=False terr= phase=auto_adopt
2026-07-29 15:33:55 - matching_Tlaxcala - DEBUG -     gz_id=9900923 'san juan' score=1.000 nombre=False saint_only=False terr= phase=auto_adopt
2026-07-29 15:33:55 - matching_Tlaxcala - DEBUG -     gz_id=9901077 'san juan' score=1.000 nombre=False saint_only=False terr= phase=auto_adopt
2026-07-29 15:33:55 - matching_Tlaxcala - DEBUG -     gz_id=9901308 'san juan' score=1.000 nombre=False saint_only=False terr= phase=auto_adopt
2026-07-29 15:33:55 - matching_Tlaxcala - DEBUG -     gz_id=1001834 'chalchocotla' score=0.933 nombre=False saint_only=False terr= phase=auto_adopt
2026-07-29 15:33:55 - matching_Tlaxcala - DEBUG -     gz_id=8000678 'san juan acora' score=0.923 nombre=False saint_only=False terr= phase=auto_adopt
2026-07-29 15:33:55 - matching_Tlaxcala - DEBUG -     gz_id=1000452 'contla' score=0.909 nombre=False saint_only=False terr= phase=auto_adopt
2026-07-29 15:33:55 - matching_Tlaxcala - DEBUG -     gz_id=6000859 'san juan ica' score=0.909 nombre=False saint_only=False terr= phase=auto_adopt
2026-07-29 15:33:55 - matching_Tlaxcala - DEBUG -     gz_id=1003122 'coacol' score=0.897 nombre=False saint_only=False terr= phase=candidate
2026-07-29 15:33:55 - matching_Tlaxcala - DEBUG -     gz_id=1003854 'jacobo' score=0.897 nombre=False saint_only=False terr= phase=candidate
2026-07-29 15:33:55 - matching_Tlaxcala - DEBUG -     gz_id=1001147 'acingo' score=0.889 nombre=False saint_only=False terr= phase=candidate
2026-07-29 15:33:55 - matching_Tlaxcala - DEBUG -     gz_id=1002448 'lachao' score=0.889 nombre=False saint_only=False terr= phase=candidate
2026-07-29 15:33:55 - matching_Tlaxcala - DEBUG -     gz_id=1003409 'casoc' score=0.889 nombre=False saint_only=False terr= phase=candidate
2026-07-29 15:33:55 - matching_Tlaxcala - DEBUG -     gz_id=1003488 'acingo' score=0.889 nombre=False saint_only=False terr= phase=candidate
2026-07-29 15:33:55 - matching_Tlaxcala - DEBUG -     gz_id=2000749 'san juan gascon' score=0.889 nombre=False saint_only=False terr= phase=candidate
2026-07-29 15:33:55 - matching_Tlaxcala - DEBUG -     gz_id=3000021 'jaruco' score=0.889 nombre=False saint_only=False terr= phase=candidate
2026-07-29 15:33:55 - matching_Tlaxcala - DEBUG -     gz_id=1003700 'ocotitlan' score=0.882 nombre=False saint_only=False terr= phase=candidate
2026-07-29 15:33:55 - matching_Tlaxcala - DEBUG -     gz_id=9900048 'san juan paio' score=0.880 nombre=False saint_only=False terr= phase=candidate
2026-07-29 15:33:55 - matching_Tlaxcala - DEBUG -     gz_id=1000821 'colotlipa' score=0.875 nombre=False saint_only=False terr= phase=candidate
2026-07-29 15:33:55 - matching_Tlaxcala - DEBUG -     gz_id=1000669 'san juan bega' score=0.870 nombre=False saint_only=False terr= phase=candidate
2026-07-29 15:33:55 - matching_Tlaxcala - DEBUG -     gz_id=1000699 'tecoanapa' score=0.870 nombre=False saint_only=False terr= phase=candidate
2026-07-29 15:33:55 - matching_Tlaxcala - DEBUG -     gz_id=1002637 'iuta' score=0.870 nombre=False saint_only=False terr= phase=candidate
2026-07-29 15:33:55 - matching_Tlaxcala - DEBUG -     gz_id=1003009 'iaee' score=0.870 nombre=False saint_only=False terr= phase=candidate
2026-07-29 15:33:55 - matching_Tlaxcala - DEBUG -     gz_id=1004847 'san juan ulua' score=0.870 nombre=False saint_only=False terr= phase=candidate
2026-07-29 15:33:55 - matching_Tlaxcala - DEBUG -     gz_id=4000249 'san juan bega' score=0.870 nombre=False saint_only=False terr= phase=candidate
2026-07-29 15:33:55 - matching_Tlaxcala - DEBUG -     gz_id=5000744 'bega' score=0.870 nombre=False saint_only=False terr= phase=candidate
2026-07-29 15:33:55 - matching_Tlaxcala - DEBUG -     gz_id=5600379 'cid' score=0.870 nombre=False saint_only=False terr= phase=candidate
2026-07-29 15:33:55 - matching_Tlaxcala - DEBUG -     gz_id=5600605 'tena' score=0.870 nombre=False saint_only=False terr= phase=candidate
2026-07-29 15:33:55 - matching_Tlaxcala - DEBUG -     gz_id=1000578 'ocotan' score=0.867 nombre=False saint_only=False terr= phase=candidate
2026-07-29 15:33:55 - matching_Tlaxcala - DEBUG -     gz_id=1002951 'cosocon' score=0.867 nombre=False saint_only=False terr= phase=candidate
2026-07-29 15:33:55 - matching_Tlaxcala - DEBUG -     gz_id=1000045 'san juan rio' score=0.857 nombre=False saint_only=False terr= phase=candidate
2026-07-29 15:33:55 - matching_Tlaxcala - DEBUG -     gz_id=1000580 'acatic' score=0.857 nombre=False saint_only=False terr= phase=candidate
2026-07-29 15:33:55 - matching_Tlaxcala - DEBUG -     gz_id=1000873 'tecoac' score=0.857 nombre=False saint_only=False terr= phase=candidate
2026-07-29 15:33:55 - matching_Tlaxcala - DEBUG -     gz_id=1001401 'san juan rio' score=0.857 nombre=False saint_only=False terr= phase=candidate
2026-07-29 15:33:55 - matching_Tlaxcala - DEBUG -     gz_id=1002409 'san juan rei' score=0.857 nombre=False saint_only=False terr= phase=candidate
2026-07-29 15:33:55 - matching_Tlaxcala - DEBUG -     gz_id=1002713 'san juan rio' score=0.857 nombre=False saint_only=False terr= phase=candidate
2026-07-29 15:33:55 - matching_Tlaxcala - DEBUG -     gz_id=1003114 'amecac' score=0.857 nombre=False saint_only=False terr= phase=candidate
2026-07-29 15:33:55 - matching_Tlaxcala - DEBUG -     gz_id=1003159 'san juan rio' score=0.857 nombre=False saint_only=False terr= phase=candidate
2026-07-29 15:33:55 - matching_Tlaxcala - DEBUG -     gz_id=1003636 'acateno' score=0.857 nombre=False saint_only=False terr= phase=candidate
2026-07-29 15:33:55 - matching_Tlaxcala - DEBUG -     gz_id=1004207 'san juan rio' score=0.857 nombre=False saint_only=False terr= phase=candidate
2026-07-29 15:33:55 - matching_Tlaxcala - DEBUG -     gz_id=2000313 'opico' score=0.857 nombre=False saint_only=False terr= phase=candidate
2026-07-29 15:33:55 - matching_Tlaxcala - DEBUG -     gz_id=8000198 'san juan oro' score=0.857 nombre=False saint_only=False terr= phase=candidate
2026-07-29 15:33:55 - matching_Tlaxcala - DEBUG -     gz_id=1003167 'jicotlan' score=0.848 nombre=False saint_only=False terr= phase=relegated
2026-07-29 15:33:55 - matching_Tlaxcala - DEBUG -     gz_id=1003480 'cicatlacoian' score=0.848 nombre=False saint_only=False terr= phase=relegated
2026-07-29 15:33:55 - matching_Tlaxcala - DEBUG -     gz_id=1004174 'coscomatepec' score=0.848 nombre=False saint_only=False terr= phase=relegated
2026-07-29 15:33:55 - matching_Tlaxcala - DEBUG -     gz_id=1000515 'san juan lagos' score=0.846 nombre=False saint_only=False terr= phase=relegated
2026-07-29 15:33:55 - matching_Tlaxcala - DEBUG -     gz_id=1002990 'tanece' score=0.846 nombre=False saint_only=False terr= phase=relegated
2026-07-29 15:33:55 - matching_Tlaxcala - DEBUG -     gz_id=1003366 'tuxco' score=0.846 nombre=False saint_only=False terr= phase=relegated
2026-07-29 15:33:55 - matching_Tlaxcala - DEBUG -     gz_id=2000347 'ixcoi' score=0.846 nombre=False saint_only=False terr= phase=relegated
2026-07-29 15:33:55 - matching_Tlaxcala - DEBUG -     gz_id=4000351 'carinicuao' score=0.846 nombre=False saint_only=False terr= phase=relegated
2026-07-29 15:33:55 - matching_Tlaxcala - DEBUG -     gz_id=5600042 'pasto' score=0.846 nombre=False saint_only=False terr= phase=relegated
2026-07-29 15:33:55 - matching_Tlaxcala - DEBUG -     gz_id=5600432 'lachas' score=0.846 nombre=False saint_only=False terr= phase=relegated
2026-07-29 15:33:55 - matching_Tlaxcala - DEBUG -     gz_id=7000397 'san juan costa' score=0.846 nombre=False saint_only=False terr= phase=relegated
2026-07-29 15:33:55 - matching_Tlaxcala - DEBUG -     gz_id=1001284 'matlatlan' score=0.839 nombre=False saint_only=False terr= phase=relegated
2026-07-29 15:33:55 - matching_Tlaxcala - DEBUG -     gz_id=1000363 'analco' score=0.833 nombre=False saint_only=False terr= phase=relegated
2026-07-29 15:33:55 - matching_Tlaxcala - DEBUG -     gz_id=1000633 'san juan amula' score=0.833 nombre=False saint_only=False terr= phase=relegated
2026-07-29 15:33:55 - matching_Tlaxcala - DEBUG -     gz_id=1000668 'san juan presa' score=0.833 nombre=False saint_only=False terr= phase=relegated
2026-07-29 15:33:55 - matching_Tlaxcala - DEBUG -     gz_id=1001333 'tlala' score=0.833 nombre=False saint_only=False terr= phase=relegated
2026-07-29 15:33:55 - matching_Tlaxcala - DEBUG -     gz_id=1002479 'iucua' score=0.833 nombre=False saint_only=False terr= phase=relegated
2026-07-29 15:33:55 - matching_Tlaxcala - DEBUG -     gz_id=1002684 'san juan cues' score=0.833 nombre=False saint_only=False terr= phase=relegated
2026-07-29 15:33:55 - matching_Tlaxcala - DEBUG -     gz_id=1002726 'analco' score=0.833 nombre=False saint_only=False terr= phase=relegated
2026-07-29 15:33:55 - matching_Tlaxcala - DEBUG -     gz_id=1002846 'teita' score=0.833 nombre=False saint_only=False terr= phase=relegated
2026-07-29 15:33:55 - matching_Tlaxcala - DEBUG -     gz_id=1002986 'tabaa' score=0.833 nombre=False saint_only=False terr= phase=relegated
2026-07-29 15:33:55 - matching_Tlaxcala - DEBUG -     gz_id=1002987 'tahui' score=0.833 nombre=False saint_only=False terr= phase=relegated
2026-07-29 15:33:55 - matching_Tlaxcala - DEBUG -     gz_id=1003354 'tetla' score=0.833 nombre=False saint_only=False terr= phase=relegated
2026-07-29 15:33:55 - matching_Tlaxcala - DEBUG -     gz_id=1003861 'alaia' score=0.833 nombre=False saint_only=False terr= phase=relegated
2026-07-29 15:33:55 - matching_Tlaxcala - DEBUG -     gz_id=1003874 'imala' score=0.833 nombre=False saint_only=False terr= phase=relegated
2026-07-29 15:33:55 - matching_Tlaxcala - DEBUG -     gz_id=1004180 'san juan punta' score=0.833 nombre=False saint_only=False terr= phase=relegated
2026-07-29 15:33:55 - matching_Tlaxcala - DEBUG -     gz_id=1005110 'san juan casta' score=0.833 nombre=False saint_only=False terr= phase=relegated
2026-07-29 15:33:55 - matching_Tlaxcala - DEBUG -     gz_id=1005299 'san juan junta' score=0.833 nombre=False saint_only=False terr= phase=relegated
2026-07-29 15:33:55 - matching_Tlaxcala - DEBUG -     gz_id=2000446 'talpa' score=0.833 nombre=False saint_only=False terr= phase=relegated
2026-07-29 15:33:55 - matching_Tlaxcala - DEBUG -     gz_id=5000136 'sahahun' score=0.833 nombre=False saint_only=False terr= phase=relegated
2026-07-29 15:33:55 - matching_Tlaxcala - DEBUG -     gz_id=5000194 'chami' score=0.833 nombre=False saint_only=False terr= phase=relegated
2026-07-29 15:33:55 - matching_Tlaxcala - DEBUG -     gz_id=5000407 'cesar' score=0.833 nombre=False saint_only=False terr= phase=relegated
2026-07-29 15:33:55 - matching_Tlaxcala - DEBUG -     gz_id=5000837 'ipapa' score=0.833 nombre=False saint_only=False terr= phase=relegated
2026-07-29 15:33:55 - matching_Tlaxcala - DEBUG -     gz_id=5600095 'ojiba' score=0.833 nombre=False saint_only=False terr= phase=relegated
2026-07-29 15:33:55 - matching_Tlaxcala - DEBUG -     gz_id=5600420 'balle' score=0.833 nombre=False saint_only=False terr= phase=relegated
2026-07-29 15:33:55 - matching_Tlaxcala - DEBUG -     gz_id=5600648 'san juan balle' score=0.833 nombre=False saint_only=False terr= phase=relegated
2026-07-29 15:33:55 - matching_Tlaxcala - DEBUG -     gz_id=6000384 'lucma' score=0.833 nombre=False saint_only=False terr= phase=relegated
2026-07-29 15:33:55 - matching_Tlaxcala - DEBUG -     gz_id=8000012 'lahuna' score=0.833 nombre=False saint_only=False terr= phase=relegated
2026-07-29 15:33:55 - matching_Tlaxcala - DEBUG -     gz_id=8000502 'tahua' score=0.833 nombre=False saint_only=False terr= phase=relegated
2026-07-29 15:33:55 - matching_Tlaxcala - DEBUG -     gz_id=1000863 'atlimica' score=0.828 nombre=False saint_only=False terr= phase=relegated
2026-07-29 15:33:55 - matching_Tlaxcala - DEBUG -     gz_id=1001093 'coajomulco' score=0.828 nombre=False saint_only=False terr= phase=relegated
2026-07-29 15:33:55 - matching_Tlaxcala - DEBUG -     gz_id=1001243 'coacuilco' score=0.828 nombre=False saint_only=False terr= phase=relegated
2026-07-29 15:33:55 - matching_Tlaxcala - DEBUG -     gz_id=1001338 'tlatepeje' score=0.828 nombre=False saint_only=False terr= phase=relegated
2026-07-29 15:33:55 - matching_Tlaxcala - DEBUG -     gz_id=1001339 'tlacintla' score=0.828 nombre=False saint_only=False terr= phase=relegated
2026-07-29 15:33:55 - matching_Tlaxcala - DEBUG -     gz_id=1001481 'acamuchitlan' score=0.828 nombre=False saint_only=False terr= phase=relegated
2026-07-29 15:33:55 - matching_Tlaxcala - DEBUG -     gz_id=1001482 'acatitlan' score=0.828 nombre=False saint_only=False terr= phase=relegated
2026-07-29 15:33:55 - matching_Tlaxcala - DEBUG -     gz_id=1001550 'coapanoia' score=0.828 nombre=False saint_only=False terr= phase=relegated
2026-07-29 15:33:55 - matching_Tlaxcala - DEBUG -     gz_id=1001607 'tlalchapa' score=0.828 nombre=False saint_only=False terr= phase=relegated
2026-07-29 15:33:55 - matching_Tlaxcala - DEBUG -     gz_id=1001875 'alahuixtlan' score=0.828 nombre=False saint_only=False terr= phase=relegated
2026-07-29 15:33:55 - matching_Tlaxcala - DEBUG -     gz_id=1002080 'tlalpujahuilla' score=0.828 nombre=False saint_only=False terr= phase=relegated
2026-07-29 15:33:55 - matching_Tlaxcala - DEBUG -     gz_id=1002500 'coatequitas' score=0.828 nombre=False saint_only=False terr= phase=relegated
2026-07-29 15:33:55 - matching_Tlaxcala - DEBUG -     gz_id=1002545 'acaltepec' score=0.828 nombre=False saint_only=False terr= phase=relegated
2026-07-29 15:33:55 - matching_Tlaxcala - DEBUG -     gz_id=1002864 'tlalixtlahuaca' score=0.828 nombre=False saint_only=False terr= phase=relegated
2026-07-29 15:33:55 - matching_Tlaxcala - DEBUG -     gz_id=1003412 'coacingo' score=0.828 nombre=False saint_only=False terr= phase=relegated
2026-07-29 15:33:55 - matching_Tlaxcala - DEBUG -     gz_id=1003484 'acatitlan' score=0.828 nombre=False saint_only=False terr= phase=relegated
2026-07-29 15:33:55 - matching_Tlaxcala - DEBUG -     gz_id=1003592 'coatetelco' score=0.828 nombre=False saint_only=False terr= phase=relegated
2026-07-29 15:33:55 - matching_Tlaxcala - DEBUG -     gz_id=1005365 'alamillo' score=0.828 nombre=False saint_only=False terr= phase=relegated
2026-07-29 15:33:55 - matching_Tlaxcala - DEBUG -     gz_id=2000074 'ocosocoautla' score=0.828 nombre=False saint_only=False terr= phase=relegated
2026-07-29 15:33:55 - matching_Tlaxcala - DEBUG -     gz_id=1001272 'ixtlacuatla' score=0.875 nombre=False saint_only=False terr= phase=candidate
2026-07-29 15:33:55 - matching_Tlaxcala - DEBUG -     gz_id=1001346 'cincoatlan' score=0.824 nombre=False saint_only=False terr= phase=relegated
2026-07-29 15:33:55 - matching_Tlaxcala - DEBUG -     gz_id=1002754 'achiutla' score=0.824 nombre=False saint_only=False terr= phase=relegated
2026-07-29 15:33:55 - matching_Tlaxcala - DEBUG -     gz_id=1003887 'cacalotan' score=0.824 nombre=False saint_only=False terr= phase=relegated
2026-07-29 15:33:55 - matching_Tlaxcala - DEBUG -     gz_id=2000386 'san juan dios' score=0.818 nombre=False saint_only=False terr= phase=relegated
2026-07-29 15:33:55 - matching_Tlaxcala - DEBUG -     gz_id=5000588 'juan acosta' score=0.818 nombre=False saint_only=False terr= phase=relegated
2026-07-29 15:33:55 - matching_Tlaxcala - DEBUG -     gz_id=6000834 'iris' score=0.818 nombre=False saint_only=False terr= phase=relegated
2026-07-29 15:33:55 - matching_Tlaxcala - DEBUG -     gz_id=7000314 'san juan dios' score=0.818 nombre=False saint_only=False terr= phase=relegated
2026-07-29 15:33:55 - matching_Tlaxcala - DEBUG -     gz_id=9901272 'teotique' score=0.818 nombre=False saint_only=False terr= phase=relegated
2026-07-29 15:33:55 - matching_Tlaxcala - DEBUG -     gz_id=1000183 'san juan llanos' score=0.815 nombre=False saint_only=False terr= phase=relegated
2026-07-29 15:33:55 - matching_Tlaxcala - DEBUG -     gz_id=1000547 'cosala' score=0.815 nombre=False saint_only=False terr= phase=relegated
2026-07-29 15:33:55 - matching_Tlaxcala - DEBUG -     gz_id=1000812 'acatlan' score=0.815 nombre=False saint_only=False terr= phase=relegated
2026-07-29 15:33:55 - matching_Tlaxcala - DEBUG -     gz_id=1001121 'san juan jarros' score=0.815 nombre=False saint_only=False terr= phase=relegated
2026-07-29 15:33:55 - matching_Tlaxcala - DEBUG -     gz_id=1001358 'sascala' score=0.815 nombre=False saint_only=False terr= phase=relegated
2026-07-29 15:33:55 - matching_Tlaxcala - DEBUG -     gz_id=1002669 'coiula' score=0.815 nombre=False saint_only=False terr= phase=relegated
2026-07-29 15:33:55 - matching_Tlaxcala - DEBUG -     gz_id=1002778 'copala' score=0.815 nombre=False saint_only=False terr= phase=relegated
2026-07-29 15:33:55 - matching_Tlaxcala - DEBUG -     gz_id=1002971 'lealao' score=0.815 nombre=False saint_only=False terr= phase=relegated
2026-07-29 15:33:55 - matching_Tlaxcala - DEBUG -     gz_id=1003025 'iasona' score=0.815 nombre=False saint_only=False terr= phase=relegated
2026-07-29 15:33:55 - matching_Tlaxcala - DEBUG -     gz_id=1003589 'asompa' score=0.815 nombre=False saint_only=False terr= phase=relegated
2026-07-29 15:33:55 - matching_Tlaxcala - DEBUG -     gz_id=1003853 'huacima' score=0.815 nombre=False saint_only=False terr= phase=relegated
2026-07-29 15:33:55 - matching_Tlaxcala - DEBUG -     gz_id=1004201 'atlanca' score=0.815 nombre=False saint_only=False terr= phase=relegated
2026-07-29 15:33:55 - matching_Tlaxcala - DEBUG -     gz_id=6000473 'tambos' score=0.815 nombre=False saint_only=False terr= phase=relegated
2026-07-29 15:33:55 - matching_Tlaxcala - DEBUG -     gz_id=6000822 'chaclla' score=0.815 nombre=False saint_only=False terr= phase=relegated
2026-07-29 15:33:55 - matching_Tlaxcala - DEBUG -     gz_id=1000744 'asacoaloia' score=0.812 nombre=False saint_only=False terr= phase=relegated
2026-07-29 15:33:55 - matching_Tlaxcala - DEBUG -     gz_id=1002237 'logolaba' score=0.812 nombre=False saint_only=False terr= phase=relegated
2026-07-29 15:33:55 - matching_Tlaxcala - DEBUG -     gz_id=1003160 'teotlalco' score=0.812 nombre=False saint_only=False terr= phase=relegated
2026-07-29 15:33:55 - matching_Tlaxcala - DEBUG -     gz_id=1003630 'jonotla' score=0.812 nombre=False saint_only=False terr= phase=relegated
2026-07-29 15:33:55 - matching_Tlaxcala - DEBUG -     gz_id=6001012 'iarocaia' score=0.812 nombre=False saint_only=False terr= phase=relegated
2026-07-29 15:33:55 - matching_Tlaxcala - DEBUG -     gz_id=1000385 'atotonilco' score=0.800 nombre=False saint_only=False terr= phase=relegated
2026-07-29 15:33:55 - matching_Tlaxcala - DEBUG -     gz_id=1000747 'aiotla' score=0.800 nombre=False saint_only=False terr= phase=relegated
2026-07-29 15:33:55 - matching_Tlaxcala - DEBUG -     gz_id=1000753 'coxtocan' score=0.800 nombre=False saint_only=False terr= phase=relegated
2026-07-29 15:33:55 - matching_Tlaxcala - DEBUG -     gz_id=1001208 'joconusco' score=0.800 nombre=False saint_only=False terr= phase=relegated
2026-07-29 15:33:55 - matching_Tlaxcala - DEBUG -     gz_id=1001532 'sacasonapan' score=0.800 nombre=False saint_only=False terr= phase=relegated
2026-07-29 15:33:55 - matching_Tlaxcala - DEBUG -     gz_id=1002266 'san juan sosola' score=0.800 nombre=False saint_only=False terr= phase=relegated
2026-07-29 15:33:55 - matching_Tlaxcala - DEBUG -     gz_id=1002394 'alotepec' score=0.800 nombre=False saint_only=False terr= phase=relegated
2026-07-29 15:33:55 - matching_Tlaxcala - DEBUG -     gz_id=1002429 'aiutla' score=0.800 nombre=False saint_only=False terr= phase=relegated
2026-07-29 15:33:55 - matching_Tlaxcala - DEBUG -     gz_id=1002430 'cacahuatepec' score=0.800 nombre=False saint_only=False terr= phase=relegated
2026-07-29 15:33:55 - matching_Tlaxcala - DEBUG -     gz_id=1002930 'sautla' score=0.800 nombre=False saint_only=False terr= phase=relegated
2026-07-29 15:33:55 - matching_Tlaxcala - DEBUG -     gz_id=1002950 'comaltepec' score=0.800 nombre=False saint_only=False terr= phase=relegated
2026-07-29 15:33:55 - matching_Tlaxcala - DEBUG -     gz_id=1002966 'lalana' score=0.800 nombre=False saint_only=False terr= phase=relegated
2026-07-29 15:33:55 - matching_Tlaxcala - DEBUG -     gz_id=1003013 'iajila' score=0.800 nombre=False saint_only=False terr= phase=relegated
2026-07-29 15:33:55 - matching_Tlaxcala - DEBUG -     gz_id=1003134 'tejupa' score=0.800 nombre=False saint_only=False terr= phase=relegated
2026-07-29 15:33:55 - matching_Tlaxcala - DEBUG -     gz_id=1003248 'mextla' score=0.800 nombre=False saint_only=False terr= phase=relegated
2026-07-29 15:33:55 - matching_Tlaxcala - DEBUG -     gz_id=1003327 'tolapa' score=0.800 nombre=False saint_only=False terr= phase=relegated
2026-07-29 15:33:55 - matching_Tlaxcala - DEBUG -     gz_id=1003784 'ocelonacaxtla' score=0.800 nombre=False saint_only=False terr= phase=relegated
2026-07-29 15:33:55 - matching_Tlaxcala - DEBUG -     gz_id=1004199 'aculcingo' score=0.800 nombre=False saint_only=False terr= phase=relegated
2026-07-29 15:33:55 - matching_Tlaxcala - DEBUG -     gz_id=1004260 'nautla' score=0.800 nombre=False saint_only=False terr= phase=relegated
2026-07-29 15:33:55 - matching_Tlaxcala - DEBUG -     gz_id=1004299 'teocelo' score=0.800 nombre=False saint_only=False terr= phase=relegated
2026-07-29 15:33:55 - matching_Tlaxcala - DEBUG -     gz_id=2000205 'alotenango' score=0.800 nombre=False saint_only=False terr= phase=relegated
2026-07-29 15:33:55 - matching_Tlaxcala - DEBUG -     gz_id=2000210 'san juan sacatepeques' score=0.800 nombre=False saint_only=False terr= phase=relegated
2026-07-29 15:33:55 - matching_Tlaxcala - DEBUG -     gz_id=2000300 'moiuta' score=0.800 nombre=False saint_only=False terr= phase=relegated
2026-07-29 15:33:55 - matching_Tlaxcala - DEBUG -     gz_id=2000337 'atitan' score=0.800 nombre=False saint_only=False terr= phase=relegated
2026-07-29 15:33:55 - matching_Tlaxcala - DEBUG -     gz_id=2000397 'san juan lahuna' score=0.800 nombre=False saint_only=False terr= phase=relegated
2026-07-29 15:33:55 - matching_Tlaxcala - DEBUG -     gz_id=2000683 'concepcion' score=0.800 nombre=False saint_only=False terr= phase=relegated
2026-07-29 15:33:55 - matching_Tlaxcala - DEBUG -     gz_id=2000816 'san juan mixtan' score=0.800 nombre=False saint_only=False terr= phase=relegated
2026-07-29 15:33:55 - matching_Tlaxcala - DEBUG -     gz_id=4000253 'san juan mahuai' score=0.800 nombre=False saint_only=False terr= phase=relegated
2026-07-29 15:33:55 - matching_Tlaxcala - DEBUG -     gz_id=5000128 'palmas' score=0.800 nombre=False saint_only=False terr= phase=relegated
2026-07-29 15:33:55 - matching_Tlaxcala - DEBUG -     gz_id=5000893 'bojaia' score=0.800 nombre=False saint_only=False terr= phase=relegated
2026-07-29 15:33:55 - matching_Tlaxcala - DEBUG -     gz_id=5600608 'catapuio' score=0.800 nombre=False saint_only=False terr= phase=relegated
2026-07-29 15:33:55 - matching_Tlaxcala - DEBUG -     gz_id=5600772 'san juan bautista' score=0.800 nombre=False saint_only=False terr= phase=relegated
2026-07-29 15:33:55 - matching_Tlaxcala - DEBUG -     gz_id=5600840 'talaga' score=0.800 nombre=False saint_only=False terr= phase=relegated
2026-07-29 15:33:55 - matching_Tlaxcala - DEBUG -     gz_id=6001041 'iauquia' score=0.800 nombre=False saint_only=False terr= phase=relegated
2026-07-29 15:33:55 - matching_Tlaxcala - DEBUG -     gz_id=8000400 'san juan sahahun' score=0.800 nombre=False saint_only=False terr= phase=relegated
2026-07-29 15:33:55 - matching_Tlaxcala - DEBUG -     gz_id=9000235 'rio san juan' score=0.800 nombre=False saint_only=False terr= phase=relegated
2026-07-29 15:33:55 - matching_Tlaxcala - DEBUG -     gz_id=9900321 'san juan rioceco' score=0.800 nombre=False saint_only=False terr= phase=relegated
2026-07-29 15:33:55 - matching_Tlaxcala - DEBUG -     gz_id=1002577 'masatlan' score=0.788 nombre=False saint_only=False terr= phase=relegated
2026-07-29 15:33:55 - matching_Tlaxcala - DEBUG -     gz_id=1003188 'cuautlancingo' score=0.788 nombre=False saint_only=False terr= phase=relegated
2026-07-29 15:33:55 - matching_Tlaxcala - DEBUG -     gz_id=1003834 'mecatlan' score=0.788 nombre=False saint_only=False terr= phase=relegated
2026-07-29 15:33:55 - matching_Tlaxcala - DEBUG -     gz_id=6000184 'pachacona' score=0.788 nombre=False saint_only=False terr= phase=relegated
2026-07-29 15:33:55 - matching_Tlaxcala - DEBUG -     gz_id=1000130 'huetamo' score=0.786 nombre=False saint_only=False terr= phase=relegated
2026-07-29 15:33:55 - matching_Tlaxcala - DEBUG -     gz_id=1000814 'alpuiecancingo' score=0.786 nombre=False saint_only=False terr= phase=relegated
2026-07-29 15:33:55 - matching_Tlaxcala - DEBUG -     gz_id=1000815 'atenango rio' score=0.786 nombre=False saint_only=False terr= phase=relegated
2026-07-29 15:33:55 - matching_Tlaxcala - DEBUG -     gz_id=1001490 'atescapan' score=0.786 nombre=False saint_only=False terr= phase=relegated
2026-07-29 15:33:55 - matching_Tlaxcala - DEBUG -     gz_id=1001978 'tararameo' score=0.786 nombre=False saint_only=False terr= phase=relegated
2026-07-29 15:33:55 - matching_Tlaxcala - DEBUG -     gz_id=1002570 'lachijila' score=0.786 nombre=False saint_only=False terr= phase=relegated
2026-07-29 15:33:55 - matching_Tlaxcala - DEBUG -     gz_id=1002628 'tamasola' score=0.786 nombre=False saint_only=False terr= phase=relegated
2026-07-29 15:33:55 - matching_Tlaxcala - DEBUG -     gz_id=1002947 'candaioc' score=0.786 nombre=False saint_only=False terr= phase=relegated
2026-07-29 15:33:55 - matching_Tlaxcala - DEBUG -     gz_id=1003047 'lachigalla' score=0.786 nombre=False saint_only=False terr= phase=relegated
2026-07-29 15:33:55 - matching_Tlaxcala - DEBUG -     gz_id=1003129 'huiluco' score=0.786 nombre=False saint_only=False terr= phase=relegated
2026-07-29 15:33:55 - matching_Tlaxcala - DEBUG -     gz_id=1003408 'calmecatitlan' score=0.786 nombre=False saint_only=False terr= phase=relegated
2026-07-29 15:33:55 - matching_Tlaxcala - DEBUG -     gz_id=1003519 'tepango' score=0.786 nombre=False saint_only=False terr= phase=relegated
2026-07-29 15:33:55 - matching_Tlaxcala - DEBUG -     gz_id=1003569 'tepulco' score=0.786 nombre=False saint_only=False terr= phase=relegated
2026-07-29 15:33:55 - matching_Tlaxcala - DEBUG -     gz_id=1003839 'tamasunchale' score=0.786 nombre=False saint_only=False terr= phase=relegated
2026-07-29 15:33:55 - matching_Tlaxcala - DEBUG -     gz_id=1003867 'capirato' score=0.786 nombre=False saint_only=False terr= phase=relegated
2026-07-29 15:33:55 - matching_Tlaxcala - DEBUG -     gz_id=1003868 'cariatapa' score=0.786 nombre=False saint_only=False terr= phase=relegated
2026-07-29 15:33:55 - matching_Tlaxcala - DEBUG -     gz_id=1003878 'otameto' score=0.786 nombre=False saint_only=False terr= phase=relegated
2026-07-29 15:33:55 - matching_Tlaxcala - DEBUG -     gz_id=1004078 'ixtenco' score=0.786 nombre=False saint_only=False terr= phase=relegated
2026-07-29 15:33:55 - matching_Tlaxcala - DEBUG -     gz_id=1004218 'otontepec' score=0.786 nombre=False saint_only=False terr= phase=relegated
2026-07-29 15:33:55 - matching_Tlaxcala - DEBUG -     gz_id=1004243 'catemaco' score=0.786 nombre=False saint_only=False terr= phase=relegated
2026-07-29 15:33:55 - matching_Tlaxcala - DEBUG -     gz_id=1004742 'san juan capistrano' score=0.786 nombre=False saint_only=False terr= phase=relegated
2026-07-29 15:33:55 - matching_Tlaxcala - DEBUG -     gz_id=1004798 'capistrano' score=0.786 nombre=False saint_only=False terr= phase=relegated
2026-07-29 15:33:55 - matching_Tlaxcala - DEBUG -     gz_id=1005067 'san juan corapan' score=0.786 nombre=False saint_only=False terr= phase=relegated
2026-07-29 15:33:55 - matching_Tlaxcala - DEBUG -     gz_id=1005300 'carretas' score=0.786 nombre=False saint_only=False terr= phase=relegated
2026-07-29 15:33:55 - matching_Tlaxcala - DEBUG -     gz_id=1005447 'san juan bautista' score=0.786 nombre=False saint_only=False terr= phase=relegated
2026-07-29 15:33:55 - matching_Tlaxcala - DEBUG -     gz_id=2000183 'olintepeque' score=0.786 nombre=False saint_only=False terr= phase=relegated
2026-07-29 15:33:55 - matching_Tlaxcala - DEBUG -     gz_id=2000229 'cojutepeque' score=0.786 nombre=False saint_only=False terr= phase=relegated
2026-07-29 15:33:55 - matching_Tlaxcala - DEBUG -     gz_id=2000231 'olocuilta' score=0.786 nombre=False saint_only=False terr= phase=relegated
2026-07-29 15:33:55 - matching_Tlaxcala - DEBUG -     gz_id=2000425 'atepam masahua' score=0.786 nombre=False saint_only=False terr= phase=relegated
2026-07-29 15:33:55 - matching_Tlaxcala - DEBUG -     gz_id=2000620 'san juan laborios' score=0.786 nombre=False saint_only=False terr= phase=relegated
2026-07-29 15:33:55 - matching_Tlaxcala - DEBUG -     gz_id=4000334 'puruei' score=0.786 nombre=False saint_only=False terr= phase=relegated
2026-07-29 15:33:55 - matching_Tlaxcala - DEBUG -     gz_id=9900906 'cascajal' score=0.786 nombre=False saint_only=False terr= phase=relegated
2026-07-29 15:33:55 - matching_Tlaxcala - DEBUG -     gz_id=9900913 'san juan capistrano' score=0.786 nombre=False saint_only=False terr= phase=relegated
2026-07-29 15:33:55 - matching_Tlaxcala - DEBUG -     gz_id=9901252 'suances' score=0.786 nombre=False saint_only=False terr= phase=relegated
2026-07-29 15:33:55 - matching_Tlaxcala - DEBUG -     gz_id=1000709 'san juan solis' score=0.783 nombre=False saint_only=False terr= phase=relegated
2026-07-29 15:33:55 - matching_Tlaxcala - DEBUG -     gz_id=1002801 'numi' score=0.783 nombre=False saint_only=False terr= phase=relegated
2026-07-29 15:33:55 - matching_Tlaxcala - DEBUG -     gz_id=5600518 'buhio' score=0.783 nombre=False saint_only=False terr= phase=relegated
2026-07-29 15:33:55 - matching_Tlaxcala - DEBUG -     gz_id=1000154 'chicomesuchil' score=0.774 nombre=False saint_only=False terr= phase=relegated
2026-07-29 15:33:55 - matching_Tlaxcala - DEBUG -     gz_id=1000950 'teocalcingo' score=0.774 nombre=False saint_only=False terr= phase=relegated
2026-07-29 15:33:55 - matching_Tlaxcala - DEBUG -     gz_id=1001239 'chiconcoac' score=0.774 nombre=False saint_only=False terr= phase=relegated
2026-07-29 15:33:55 - matching_Tlaxcala - DEBUG -     gz_id=1001273 'ixtlahuaco' score=0.774 nombre=False saint_only=False terr= phase=relegated
2026-07-29 15:33:55 - matching_Tlaxcala - DEBUG -     gz_id=1001447 'tilcacan' score=0.774 nombre=False saint_only=False terr= phase=relegated
2026-07-29 15:33:55 - matching_Tlaxcala - DEBUG -     gz_id=1001590 'teacalco' score=0.774 nombre=False saint_only=False terr= phase=relegated
2026-07-29 15:33:55 - matching_Tlaxcala - DEBUG -     gz_id=1001692 'totolcintla' score=0.774 nombre=False saint_only=False terr= phase=relegated
2026-07-29 15:33:55 - matching_Tlaxcala - DEBUG -     gz_id=1001944 'san juan platanos' score=0.774 nombre=False saint_only=False terr= phase=relegated
2026-07-29 15:33:55 - matching_Tlaxcala - DEBUG -     gz_id=1002289 'chilateca' score=0.774 nombre=False saint_only=False terr= phase=relegated
2026-07-29 15:33:55 - matching_Tlaxcala - DEBUG -     gz_id=1002554 'chopahuana' score=0.774 nombre=False saint_only=False terr= phase=relegated
2026-07-29 15:33:55 - matching_Tlaxcala - DEBUG -     gz_id=1002929 'sapotitlan' score=0.774 nombre=False saint_only=False terr= phase=relegated
2026-07-29 15:33:55 - matching_Tlaxcala - DEBUG -     gz_id=1002993 'teotalcingo' score=0.774 nombre=False saint_only=False terr= phase=relegated
2026-07-29 15:33:55 - matching_Tlaxcala - DEBUG -     gz_id=1003226 'chicahuaxtla' score=0.774 nombre=False saint_only=False terr= phase=relegated
2026-07-29 15:33:55 - matching_Tlaxcala - DEBUG -     gz_id=1003331 'sacualpan' score=0.774 nombre=False saint_only=False terr= phase=relegated
2026-07-29 15:33:55 - matching_Tlaxcala - DEBUG -     gz_id=1003332 'sacualpilla' score=0.774 nombre=False saint_only=False terr= phase=relegated
2026-07-29 15:33:55 - matching_Tlaxcala - DEBUG -     gz_id=1003655 'amatlicha' score=0.774 nombre=False saint_only=False terr= phase=relegated
2026-07-29 15:33:55 - matching_Tlaxcala - DEBUG -     gz_id=1004070 'huaccinco' score=0.774 nombre=False saint_only=False terr= phase=relegated
2026-07-29 15:33:55 - matching_Tlaxcala - DEBUG -     gz_id=1004291 'jalcomulco' score=0.774 nombre=False saint_only=False terr= phase=relegated
2026-07-29 15:33:55 - matching_Tlaxcala - DEBUG -     gz_id=2000233 'chalatenango' score=0.774 nombre=False saint_only=False terr= phase=relegated
2026-07-29 15:33:55 - matching_Tlaxcala - DEBUG -     gz_id=2000637 'san juan namotiba' score=0.774 nombre=False saint_only=False terr= phase=relegated
2026-07-29 15:33:55 - matching_Tlaxcala - DEBUG -     gz_id=9900248 'alamo' score=0.774 nombre=False saint_only=False terr= phase=relegated
2026-07-29 15:33:55 - matching_Tlaxcala - DEBUG -     gz_id=1000413 'tecuala' score=0.769 nombre=False saint_only=False terr= phase=relegated
2026-07-29 15:33:55 - matching_Tlaxcala - DEBUG -     gz_id=1000960 'tetelpa' score=0.769 nombre=False saint_only=False terr= phase=relegated
2026-07-29 15:33:55 - matching_Tlaxcala - DEBUG -     gz_id=1001236 'chapula' score=0.769 nombre=False saint_only=False terr= phase=relegated
2026-07-29 15:33:55 - matching_Tlaxcala - DEBUG -     gz_id=1001259 'hualula' score=0.769 nombre=False saint_only=False terr= phase=relegated
2026-07-29 15:33:55 - matching_Tlaxcala - DEBUG -     gz_id=1002012 'san juan periban' score=0.769 nombre=False saint_only=False terr= phase=relegated
2026-07-29 15:33:55 - matching_Tlaxcala - DEBUG -     gz_id=1002083 'carapan' score=0.769 nombre=False saint_only=False terr= phase=relegated
2026-07-29 15:33:55 - matching_Tlaxcala - DEBUG -     gz_id=1002207 'peiotan' score=0.769 nombre=False saint_only=False terr= phase=relegated
2026-07-29 15:33:55 - matching_Tlaxcala - DEBUG -     gz_id=1002443 'san juan jicaian' score=0.769 nombre=False saint_only=False terr= phase=relegated
2026-07-29 15:33:55 - matching_Tlaxcala - DEBUG -     gz_id=1002960 'juquila' score=0.769 nombre=False saint_only=False terr= phase=relegated
2026-07-29 15:33:55 - matching_Tlaxcala - DEBUG -     gz_id=1002978 'petlapa' score=0.769 nombre=False saint_only=False terr= phase=relegated
2026-07-29 15:33:55 - matching_Tlaxcala - DEBUG -     gz_id=1002981 'roabela' score=0.769 nombre=False saint_only=False terr= phase=relegated
2026-07-29 15:33:55 - matching_Tlaxcala - DEBUG -     gz_id=1003003 'toabela' score=0.769 nombre=False saint_only=False terr= phase=relegated
2026-07-29 15:33:55 - matching_Tlaxcala - DEBUG -     gz_id=1003017 'ialahui' score=0.769 nombre=False saint_only=False terr= phase=relegated
2026-07-29 15:33:55 - matching_Tlaxcala - DEBUG -     gz_id=1003018 'ialalag' score=0.769 nombre=False saint_only=False terr= phase=relegated
2026-07-29 15:33:55 - matching_Tlaxcala - DEBUG -     gz_id=1003158 'pilcaia' score=0.769 nombre=False saint_only=False terr= phase=relegated
2026-07-29 15:33:55 - matching_Tlaxcala - DEBUG -     gz_id=1003206 'tlautla' score=0.769 nombre=False saint_only=False terr= phase=relegated
2026-07-29 15:33:55 - matching_Tlaxcala - DEBUG -     gz_id=1003416 'epatlan' score=0.769 nombre=False saint_only=False terr= phase=relegated
2026-07-29 15:33:55 - matching_Tlaxcala - DEBUG -     gz_id=1003438 'juchapa' score=0.769 nombre=False saint_only=False terr= phase=relegated
2026-07-29 15:33:55 - matching_Tlaxcala - DEBUG -     gz_id=1003871 'conitaca' score=0.769 nombre=False saint_only=False terr= phase=relegated
2026-07-29 15:33:55 - matching_Tlaxcala - DEBUG -     gz_id=1004605 'cuxpala' score=0.769 nombre=False saint_only=False terr= phase=relegated
2026-07-29 15:33:55 - matching_Tlaxcala - DEBUG -     gz_id=2000039 'chamula' score=0.769 nombre=False saint_only=False terr= phase=relegated
2026-07-29 15:33:55 - matching_Tlaxcala - DEBUG -     gz_id=2000311 'ocicala' score=0.769 nombre=False saint_only=False terr= phase=relegated
2026-07-29 15:33:55 - matching_Tlaxcala - DEBUG -     gz_id=2000779 'san juan hermita' score=0.769 nombre=False saint_only=False terr= phase=relegated
2026-07-29 15:33:55 - matching_Tlaxcala - DEBUG -     gz_id=6000477 'chilcas' score=0.769 nombre=False saint_only=False terr= phase=relegated
2026-07-29 15:33:55 - matching_Tlaxcala - DEBUG -     gz_id=6000495 'lucanas' score=0.769 nombre=False saint_only=False terr= phase=relegated
2026-07-29 15:33:55 - matching_Tlaxcala - DEBUG -     gz_id=6001254 'llallan' score=0.769 nombre=False saint_only=False terr= phase=relegated
2026-07-29 15:33:55 - matching_Tlaxcala - DEBUG -     gz_id=8000161 'pocoata' score=0.769 nombre=False saint_only=False terr= phase=relegated
2026-07-29 15:33:55 - matching_Tlaxcala - DEBUG -     gz_id=8000505 'chiucha' score=0.769 nombre=False saint_only=False terr= phase=relegated
2026-07-29 15:33:55 - matching_Tlaxcala - DEBUG -     gz_id=1000501 'tecomatlan' score=0.765 nombre=False saint_only=False terr= phase=relegated
2026-07-29 15:33:55 - matching_Tlaxcala - DEBUG -     gz_id=1001299 'papaxtla' score=0.765 nombre=False saint_only=False terr= phase=relegated
2026-07-29 15:33:55 - matching_Tlaxcala - DEBUG -     gz_id=1001341 'tochintla' score=0.765 nombre=False saint_only=False terr= phase=relegated
2026-07-29 15:33:55 - matching_Tlaxcala - DEBUG -     gz_id=1001669 'tesontla' score=0.765 nombre=False saint_only=False terr= phase=relegated
2026-07-29 15:33:55 - matching_Tlaxcala - DEBUG -     gz_id=1001830 'ahuacatlan' score=0.765 nombre=False saint_only=False terr= phase=relegated
2026-07-29 15:33:55 - matching_Tlaxcala - DEBUG -     gz_id=1002351 'joluxtla' score=0.765 nombre=False saint_only=False terr= phase=relegated
2026-07-29 15:33:55 - matching_Tlaxcala - DEBUG -     gz_id=1002358 'nochixtlan' score=0.765 nombre=False saint_only=False terr= phase=relegated
2026-07-29 15:33:55 - matching_Tlaxcala - DEBUG -     gz_id=1003292 'cempoala' score=0.765 nombre=False saint_only=False terr= phase=relegated
2026-07-29 15:33:55 - matching_Tlaxcala - DEBUG -     gz_id=1003649 'ahuacatlan' score=0.765 nombre=False saint_only=False terr= phase=relegated
2026-07-29 15:33:55 - matching_Tlaxcala - DEBUG -     gz_id=1003758 'ahuacatlan' score=0.765 nombre=False saint_only=False terr= phase=relegated
2026-07-29 15:33:55 - matching_Tlaxcala - DEBUG -     gz_id=1003760 'aquixtla' score=0.765 nombre=False saint_only=False terr= phase=relegated
2026-07-29 15:33:55 - matching_Tlaxcala - DEBUG -     gz_id=2000213 'amatitlan' score=0.765 nombre=False saint_only=False terr= phase=relegated
2026-07-29 15:33:55 - matching_Tlaxcala - DEBUG -     gz_id=1000596 'amatitan' score=0.759 nombre=False saint_only=False terr= phase=relegated
2026-07-29 15:33:55 - matching_Tlaxcala - DEBUG -     gz_id=1001222 'amajaque' score=0.759 nombre=False saint_only=False terr= phase=relegated
2026-07-29 15:33:55 - matching_Tlaxcala - DEBUG -     gz_id=1001626 'tilcuautla' score=0.759 nombre=False saint_only=False terr= phase=relegated
2026-07-29 15:33:55 - matching_Tlaxcala - DEBUG -     gz_id=1002955 'jaltepec' score=0.759 nombre=False saint_only=False terr= phase=relegated
2026-07-29 15:33:55 - matching_Tlaxcala - DEBUG -     gz_id=1003137 'tianhuismanalco' score=0.759 nombre=False saint_only=False terr= phase=relegated
2026-07-29 15:33:55 - matching_Tlaxcala - DEBUG -     gz_id=1003863 'bachihualato' score=0.759 nombre=False saint_only=False terr= phase=relegated
2026-07-29 15:33:55 - matching_Tlaxcala - DEBUG -     gz_id=1004283 'chapultepec' score=0.759 nombre=False saint_only=False terr= phase=relegated
2026-07-29 15:33:55 - matching_Tlaxcala - DEBUG -     gz_id=2000217 'san juan obispo' score=0.759 nombre=False saint_only=False terr= phase=relegated
2026-07-29 15:33:55 - matching_Tlaxcala - DEBUG -     gz_id=2000333 'chamelco' score=0.759 nombre=False saint_only=False terr= phase=relegated
2026-07-29 15:33:55 - matching_Tlaxcala - DEBUG -     gz_id=4000168 'san juan morros' score=0.759 nombre=False saint_only=False terr= phase=relegated
2026-07-29 15:33:55 - matching_Tlaxcala - DEBUG -     gz_id=5000318 'moreno' score=0.759 nombre=False saint_only=False terr= phase=relegated
2026-07-29 15:33:55 - matching_Tlaxcala - DEBUG -     gz_id=5600100 'charapoto' score=0.759 nombre=False saint_only=False terr= phase=relegated
2026-07-29 15:33:55 - matching_Tlaxcala - DEBUG -     gz_id=9910001 'tianhuistongo' score=0.759 nombre=False saint_only=False terr= phase=relegated
2026-07-29 15:33:55 - matching_Tlaxcala - DEBUG -     gz_id=1000180 'ihualapa' score=0.750 nombre=False saint_only=False terr= phase=relegated
2026-07-29 15:33:55 - matching_Tlaxcala - DEBUG -     gz_id=1001396 'dehedo' score=0.750 nombre=False saint_only=False terr= phase=relegated
2026-07-29 15:33:55 - matching_Tlaxcala - DEBUG -     gz_id=1001462 'coxcatlan' score=0.750 nombre=False saint_only=False terr= phase=relegated
2026-07-29 15:33:55 - matching_Tlaxcala - DEBUG -     gz_id=1001985 'tumbio' score=0.750 nombre=False saint_only=False terr= phase=relegated
2026-07-29 15:33:55 - matching_Tlaxcala - DEBUG -     gz_id=1002010 'pamatacuaro' score=0.750 nombre=False saint_only=False terr= phase=relegated
2026-07-29 15:33:55 - matching_Tlaxcala - DEBUG -     gz_id=1003029 'iececobi' score=0.750 nombre=False saint_only=False terr= phase=relegated
2026-07-29 15:33:55 - matching_Tlaxcala - DEBUG -     gz_id=1003498 'coxcatlan' score=0.750 nombre=False saint_only=False terr= phase=relegated
2026-07-29 15:33:55 - matching_Tlaxcala - DEBUG -     gz_id=1003828 'coxcatlan' score=0.750 nombre=False saint_only=False terr= phase=relegated
2026-07-29 15:33:55 - matching_Tlaxcala - DEBUG -     gz_id=3000160 'san juan puerto' score=0.750 nombre=False saint_only=False terr= phase=relegated
2026-07-29 15:33:55 - matching_Tlaxcala - DEBUG -     gz_id=4000580 'maracapana' score=0.750 nombre=False saint_only=False terr= phase=relegated
2026-07-29 15:33:55 - matching_Tlaxcala - DEBUG -     gz_id=5000242 'huaiabal' score=0.750 nombre=False saint_only=False terr= phase=relegated
2026-07-29 15:33:55 - matching_Tlaxcala - DEBUG -     gz_id=5000243 'mesa juan dias' score=0.750 nombre=False saint_only=False terr= phase=relegated
2026-07-29 15:33:55 - matching_Tlaxcala - DEBUG -     gz_id=1000585 'tecualtitan' score=0.741 nombre=False saint_only=False terr= phase=relegated
2026-07-29 15:33:55 - matching_Tlaxcala - DEBUG -     gz_id=1000781 'tepecoculco' score=0.741 nombre=False saint_only=False terr= phase=relegated
2026-07-29 15:33:55 - matching_Tlaxcala - DEBUG -     gz_id=1001221 'ahuehueco' score=0.741 nombre=False saint_only=False terr= phase=relegated
2026-07-29 15:33:55 - matching_Tlaxcala - DEBUG -     gz_id=1001370 'tenochtitlan' score=0.741 nombre=False saint_only=False terr= phase=relegated
2026-07-29 15:33:55 - matching_Tlaxcala - DEBUG -     gz_id=1001527 'tetitlan' score=0.741 nombre=False saint_only=False terr= phase=relegated
2026-07-29 15:33:55 - matching_Tlaxcala - DEBUG -     gz_id=1001605 'tehuehuetla' score=0.741 nombre=False saint_only=False terr= phase=relegated
2026-07-29 15:33:55 - matching_Tlaxcala - DEBUG -     gz_id=1001623 'tepatepec' score=0.741 nombre=False saint_only=False terr= phase=relegated
2026-07-29 15:33:55 - matching_Tlaxcala - DEBUG -     gz_id=1001691 'tetelcingo' score=0.741 nombre=False saint_only=False terr= phase=relegated
2026-07-29 15:33:55 - matching_Tlaxcala - DEBUG -     gz_id=1001816 'tepenahuac' score=0.741 nombre=False saint_only=False terr= phase=relegated
2026-07-29 15:33:55 - matching_Tlaxcala - DEBUG -     gz_id=1001916 'tisahuapan' score=0.741 nombre=False saint_only=False terr= phase=relegated
2026-07-29 15:33:55 - matching_Tlaxcala - DEBUG -     gz_id=1002694 'tepeujila' score=0.741 nombre=False saint_only=False terr= phase=relegated
2026-07-29 15:33:55 - matching_Tlaxcala - DEBUG -     gz_id=1002695 'teponaxtla' score=0.741 nombre=False saint_only=False terr= phase=relegated
2026-07-29 15:33:55 - matching_Tlaxcala - DEBUG -     gz_id=1002996 'tepansacoalco' score=0.741 nombre=False saint_only=False terr= phase=relegated
2026-07-29 15:33:55 - matching_Tlaxcala - DEBUG -     gz_id=1003080 'san juan teitipac' score=0.741 nombre=False saint_only=False terr= phase=relegated
2026-07-29 15:33:55 - matching_Tlaxcala - DEBUG -     gz_id=1003322 'tenantitlan' score=0.741 nombre=False saint_only=False terr= phase=relegated
2026-07-29 15:33:55 - matching_Tlaxcala - DEBUG -     gz_id=1003323 'texcatepec' score=0.741 nombre=False saint_only=False terr= phase=relegated
2026-07-29 15:33:55 - matching_Tlaxcala - DEBUG -     gz_id=1004150 'chinameca' score=0.741 nombre=False saint_only=False terr= phase=relegated
2026-07-29 15:33:55 - matching_Tlaxcala - DEBUG -     gz_id=1004269 'texhuacan' score=0.741 nombre=False saint_only=False terr= phase=relegated
2026-07-29 15:33:55 - matching_Tlaxcala - DEBUG -     gz_id=2000179 'ostuncalco' score=0.741 nombre=False saint_only=False terr= phase=relegated
2026-07-29 15:33:55 - matching_Tlaxcala - DEBUG -     gz_id=2000244 'chinameca' score=0.741 nombre=False saint_only=False terr= phase=relegated
2026-07-29 15:33:55 - matching_Tlaxcala - DEBUG -     gz_id=2000403 'leprosos' score=0.741 nombre=False saint_only=False terr= phase=relegated
2026-07-29 15:33:55 - matching_Tlaxcala - DEBUG -     gz_id=2000460 'san juan tepesontes' score=0.741 nombre=False saint_only=False terr= phase=relegated
2026-07-29 15:33:55 - matching_Tlaxcala - DEBUG -     gz_id=5000108 'timirihuaco' score=0.741 nombre=False saint_only=False terr= phase=relegated
2026-07-29 15:33:55 - matching_Tlaxcala - DEBUG -     gz_id=5000626 'loma' score=0.741 nombre=False saint_only=False terr= phase=relegated
2026-07-29 15:33:55 - matching_Tlaxcala - DEBUG -     gz_id=1000083 'coioacan' score=0.733 nombre=False saint_only=False terr= phase=relegated
2026-07-29 15:33:55 - matching_Tlaxcala - DEBUG -     gz_id=1000094 'metepec' score=0.733 nombre=False saint_only=False terr= phase=relegated
2026-07-29 15:33:55 - matching_Tlaxcala - DEBUG -     gz_id=1000103 'teotihuacan' score=0.733 nombre=False saint_only=False terr= phase=relegated
2026-07-29 15:33:55 - matching_Tlaxcala - DEBUG -     gz_id=1000111 'tulancingo' score=0.733 nombre=False saint_only=False terr= phase=relegated
2026-07-29 15:33:55 - matching_Tlaxcala - DEBUG -     gz_id=1000113 'iahualica' score=0.733 nombre=False saint_only=False terr= phase=relegated
2026-07-29 15:33:55 - matching_Tlaxcala - DEBUG -     gz_id=1000117 'cimapan' score=0.733 nombre=False saint_only=False terr= phase=relegated
2026-07-29 15:33:55 - matching_Tlaxcala - DEBUG -     gz_id=1000136 'puruandiro' score=0.733 nombre=False saint_only=False terr= phase=relegated
2026-07-29 15:33:55 - matching_Tlaxcala - DEBUG -     gz_id=1000141 'tiripetio' score=0.733 nombre=False saint_only=False terr= phase=relegated
2026-07-29 15:33:55 - matching_Tlaxcala - DEBUG -     gz_id=1000147 'citacuaro' score=0.733 nombre=False saint_only=False terr= phase=relegated
2026-07-29 15:33:55 - matching_Tlaxcala - DEBUG -     gz_id=1000171 'acatlan' score=0.733 nombre=False saint_only=False terr= phase=relegated
2026-07-29 15:33:56 - matching_Tlaxcala - DEBUG -     gz_id=1000206 'fuerte' score=0.733 nombre=False saint_only=False terr= phase=relegated
2026-07-29 15:33:56 - matching_Tlaxcala - DEBUG -     gz_id=1000318 'tonachi' score=0.733 nombre=False saint_only=False terr= phase=relegated
2026-07-29 15:33:56 - matching_Tlaxcala - DEBUG -     gz_id=1000418 'mexpan' score=0.733 nombre=False saint_only=False terr= phase=relegated
2026-07-29 15:33:56 - matching_Tlaxcala - DEBUG -     gz_id=1000476 'mejicalcingo' score=0.733 nombre=False saint_only=False terr= phase=relegated
2026-07-29 15:33:56 - matching_Tlaxcala - DEBUG -     gz_id=1000479 'amatlan jora' score=0.733 nombre=False saint_only=False terr= phase=relegated
2026-07-29 15:33:56 - matching_Tlaxcala - DEBUG -     gz_id=1000514 'san juan bautista lahuna' score=0.733 nombre=False saint_only=False terr= phase=relegated
2026-07-29 15:33:56 - matching_Tlaxcala - DEBUG -     gz_id=1000588 'tonalisco' score=0.733 nombre=False saint_only=False terr= phase=relegated
2026-07-29 15:33:56 - matching_Tlaxcala - DEBUG -     gz_id=1000594 'jalisco' score=0.733 nombre=False saint_only=False terr= phase=relegated
2026-07-29 15:33:56 - matching_Tlaxcala - DEBUG -     gz_id=1000643 'tuxpan' score=0.733 nombre=False saint_only=False terr= phase=relegated
2026-07-29 15:33:56 - matching_Tlaxcala - DEBUG -     gz_id=1000649 'apaceo' score=0.733 nombre=False saint_only=False terr= phase=relegated
2026-07-29 15:33:56 - matching_Tlaxcala - DEBUG -     gz_id=1000694 'jichu indios' score=0.733 nombre=False saint_only=False terr= phase=relegated
2026-07-29 15:33:56 - matching_Tlaxcala - DEBUG -     gz_id=1000717 'iolotepec' score=0.733 nombre=False saint_only=False terr= phase=relegated
2026-07-29 15:33:56 - matching_Tlaxcala - DEBUG -     gz_id=1000732 'pacula' score=0.733 nombre=False saint_only=False terr= phase=relegated
2026-07-29 15:33:56 - matching_Tlaxcala - DEBUG -     gz_id=1000763 'ixtapaluca' score=0.733 nombre=False saint_only=False terr= phase=relegated
2026-07-29 15:33:56 - matching_Tlaxcala - DEBUG -     gz_id=1000779 'temamatla' score=0.733 nombre=False saint_only=False terr= phase=relegated
2026-07-29 15:33:56 - matching_Tlaxcala - DEBUG -     gz_id=1000780 'tenango tepopula' score=0.733 nombre=False saint_only=False terr= phase=relegated
2026-07-29 15:33:56 - matching_Tlaxcala - DEBUG -     gz_id=1000787 'texcalpan' score=0.733 nombre=False saint_only=False terr= phase=relegated
2026-07-29 15:33:56 - matching_Tlaxcala - DEBUG -     gz_id=1000788 'tesompa' score=0.733 nombre=False saint_only=False terr= phase=relegated
2026-07-29 15:33:56 - matching_Tlaxcala - DEBUG -     gz_id=1000798 'tlapisahuac' score=0.733 nombre=False saint_only=False terr= phase=relegated
2026-07-29 15:33:56 - matching_Tlaxcala - DEBUG -     gz_id=1000800 'tlaiacapan' score=0.733 nombre=False saint_only=False terr= phase=relegated
2026-07-29 15:33:56 - matching_Tlaxcala - DEBUG -     gz_id=1000831 'papalutla' score=0.733 nombre=False saint_only=False terr= phase=relegated
2026-07-29 15:33:56 - matching_Tlaxcala - DEBUG -     gz_id=1000898 'tetela bolcan' score=0.733 nombre=False saint_only=False terr= phase=relegated
2026-07-29 15:33:56 - matching_Tlaxcala - DEBUG -     gz_id=1000920 'coatetelco' score=0.733 nombre=False saint_only=False terr= phase=relegated
2026-07-29 15:33:56 - matching_Tlaxcala - DEBUG -     gz_id=1000926 'huicilac' score=0.733 nombre=False saint_only=False terr= phase=relegated
2026-07-29 15:33:56 - matching_Tlaxcala - DEBUG -     gz_id=1000938 'panchimalco' score=0.733 nombre=False saint_only=False terr= phase=relegated
2026-07-29 15:33:56 - matching_Tlaxcala - DEBUG -     gz_id=1000975 'iecapixtla' score=0.733 nombre=False saint_only=False terr= phase=relegated
2026-07-29 15:33:56 - matching_Tlaxcala - DEBUG -     gz_id=1000996 'jaltocan' score=0.733 nombre=False saint_only=False terr= phase=relegated
2026-07-29 15:33:56 - matching_Tlaxcala - DEBUG -     gz_id=1001068 'tuxtepec' score=0.733 nombre=False saint_only=False terr= phase=relegated
2026-07-29 15:33:56 - matching_Tlaxcala - DEBUG -     gz_id=1001081 'san juan bautista' score=0.733 nombre=False saint_only=False terr= phase=relegated
2026-07-29 15:33:56 - matching_Tlaxcala - DEBUG -     gz_id=1001099 'jiquipilco' score=0.733 nombre=False saint_only=False terr= phase=relegated
2026-07-29 15:33:56 - matching_Tlaxcala - DEBUG -     gz_id=1001191 'san juan bautista' score=0.733 nombre=False saint_only=False terr= phase=relegated
2026-07-29 15:33:56 - matching_Tlaxcala - DEBUG -     gz_id=1001391 'tolcaiuca' score=0.733 nombre=False saint_only=False terr= phase=relegated
2026-07-29 15:33:56 - matching_Tlaxcala - DEBUG -     gz_id=1001460 'chontalcoatlan' score=0.750 nombre=False saint_only=False terr= phase=relegated
2026-07-29 15:33:56 - matching_Tlaxcala - DEBUG -     gz_id=1001581 'jochiaca' score=0.733 nombre=False saint_only=False terr= phase=relegated
2026-07-29 15:33:56 - matching_Tlaxcala - DEBUG -     gz_id=1001625 'tesontepec' score=0.733 nombre=False saint_only=False terr= phase=relegated
2026-07-29 15:33:56 - matching_Tlaxcala - DEBUG -     gz_id=1001710 'san juan bautista' score=0.733 nombre=False saint_only=False terr= phase=relegated
2026-07-29 15:33:56 - matching_Tlaxcala - DEBUG -     gz_id=1001725 'michimaloia' score=0.733 nombre=False saint_only=False terr= phase=relegated
2026-07-29 15:33:56 - matching_Tlaxcala - DEBUG -     gz_id=1001754 'huasca' score=0.733 nombre=False saint_only=False terr= phase=relegated
2026-07-29 15:33:56 - matching_Tlaxcala - DEBUG -     gz_id=1001808 'ixtaiopan' score=0.733 nombre=False saint_only=False terr= phase=relegated
2026-07-29 15:33:56 - matching_Tlaxcala - DEBUG -     gz_id=1001840 'huautla' score=0.733 nombre=False saint_only=False terr= phase=relegated
2026-07-29 15:33:56 - matching_Tlaxcala - DEBUG -     gz_id=1001871 'acapetlahuaia' score=0.733 nombre=False saint_only=False terr= phase=relegated
2026-07-29 15:33:56 - matching_Tlaxcala - DEBUG -     gz_id=1001879 'chapa' score=0.733 nombre=False saint_only=False terr= phase=relegated
2026-07-29 15:33:56 - matching_Tlaxcala - DEBUG -     gz_id=1001884 'cuesala' score=0.733 nombre=False saint_only=False terr= phase=relegated
2026-07-29 15:33:56 - matching_Tlaxcala - DEBUG -     gz_id=1001905 'san juan bautista sacualpan' score=0.733 nombre=False saint_only=False terr= phase=relegated
2026-07-29 15:33:56 - matching_Tlaxcala - DEBUG -     gz_id=1001934 'citlaltepec' score=0.733 nombre=False saint_only=False terr= phase=relegated
2026-07-29 15:33:56 - matching_Tlaxcala - DEBUG -     gz_id=1001998 'pungarabato' score=0.733 nombre=False saint_only=False terr= phase=relegated
2026-07-29 15:33:56 - matching_Tlaxcala - DEBUG -     gz_id=1002104 'parangaricutiro' score=0.733 nombre=False saint_only=False terr= phase=relegated
2026-07-29 15:33:56 - matching_Tlaxcala - DEBUG -     gz_id=1002156 'marabatio' score=0.733 nombre=False saint_only=False terr= phase=relegated
2026-07-29 15:33:56 - matching_Tlaxcala - DEBUG -     gz_id=1002186 'mesquitic' score=0.733 nombre=False saint_only=False terr= phase=relegated
2026-07-29 15:33:56 - matching_Tlaxcala - DEBUG -     gz_id=1002218 'atatlahuca' score=0.733 nombre=False saint_only=False terr= phase=relegated
2026-07-29 15:33:56 - matching_Tlaxcala - DEBUG -     gz_id=1002234 'jaiacatlan' score=0.733 nombre=False saint_only=False terr= phase=relegated
2026-07-29 15:33:56 - matching_Tlaxcala - DEBUG -     gz_id=1002301 'huelache' score=0.733 nombre=False saint_only=False terr= phase=relegated
2026-07-29 15:33:56 - matching_Tlaxcala - DEBUG -     gz_id=1002373 'suchitepec' score=0.733 nombre=False saint_only=False terr= phase=relegated
2026-07-29 15:33:56 - matching_Tlaxcala - DEBUG -     gz_id=1002376 'tesoatlan' score=0.733 nombre=False saint_only=False terr= phase=relegated
2026-07-29 15:33:56 - matching_Tlaxcala - DEBUG -     gz_id=1002378 'tlachichilco' score=0.733 nombre=False saint_only=False terr= phase=relegated
2026-07-29 15:33:56 - matching_Tlaxcala - DEBUG -     gz_id=1002526 'san juan bautista osolotepec' score=0.733 nombre=False saint_only=False terr= phase=relegated
2026-07-29 15:33:56 - matching_Tlaxcala - DEBUG -     gz_id=1002567 'juquila' score=0.733 nombre=False saint_only=False terr= phase=relegated
2026-07-29 15:33:56 - matching_Tlaxcala - DEBUG -     gz_id=1002573 'lajarcia' score=0.733 nombre=False saint_only=False terr= phase=relegated
2026-07-29 15:33:56 - matching_Tlaxcala - DEBUG -     gz_id=1002616 'elotepec' score=0.733 nombre=False saint_only=False terr= phase=relegated
2026-07-29 15:33:56 - matching_Tlaxcala - DEBUG -     gz_id=1002643 'huichicobi' score=0.733 nombre=False saint_only=False terr= phase=relegated
2026-07-29 15:33:56 - matching_Tlaxcala - DEBUG -     gz_id=1002670 'cuicatlan' score=0.733 nombre=False saint_only=False terr= phase=relegated
2026-07-29 15:33:56 - matching_Tlaxcala - DEBUG -     gz_id=1002727 'atepec' score=0.733 nombre=False saint_only=False terr= phase=relegated
2026-07-29 15:33:56 - matching_Tlaxcala - DEBUG -     gz_id=1002731 'lubina' score=0.733 nombre=False saint_only=False terr= phase=relegated
2026-07-29 15:33:56 - matching_Tlaxcala - DEBUG -     gz_id=1002776 'coixtlahuaca' score=0.733 nombre=False saint_only=False terr= phase=relegated
2026-07-29 15:33:56 - matching_Tlaxcala - DEBUG -     gz_id=1002788 'san juan ixtaltepec' score=0.733 nombre=False saint_only=False terr= phase=relegated
2026-07-29 15:33:56 - matching_Tlaxcala - DEBUG -     gz_id=1002869 'tonaltepec' score=0.733 nombre=False saint_only=False terr= phase=relegated
2026-07-29 15:33:56 - matching_Tlaxcala - DEBUG -     gz_id=1002902 'coasospam' score=0.733 nombre=False saint_only=False terr= phase=relegated
2026-07-29 15:33:56 - matching_Tlaxcala - DEBUG -     gz_id=1002921 'tlacoacintepec' score=0.733 nombre=False saint_only=False terr= phase=relegated
2026-07-29 15:33:56 - matching_Tlaxcala - DEBUG -     gz_id=1002925 'tuxtepec' score=0.733 nombre=False saint_only=False terr= phase=relegated
2026-07-29 15:33:56 - matching_Tlaxcala - DEBUG -     gz_id=1002927 'balle real' score=0.733 nombre=False saint_only=False terr= phase=relegated
2026-07-29 15:33:56 - matching_Tlaxcala - DEBUG -     gz_id=1002973 'metaltepec' score=0.733 nombre=False saint_only=False terr= phase=relegated
2026-07-29 15:33:56 - matching_Tlaxcala - DEBUG -     gz_id=1003074 'san juan bautista sola' score=0.733 nombre=False saint_only=False terr= phase=relegated
2026-07-29 15:33:56 - matching_Tlaxcala - DEBUG -     gz_id=1003089 'chinantla' score=0.733 nombre=False saint_only=False terr= phase=relegated
2026-07-29 15:33:56 - matching_Tlaxcala - DEBUG -     gz_id=1003108 'cuautinchan' score=0.733 nombre=False saint_only=False terr= phase=relegated
2026-07-29 15:33:56 - matching_Tlaxcala - DEBUG -     gz_id=1003255 'pantepec' score=0.733 nombre=False saint_only=False terr= phase=relegated
2026-07-29 15:33:56 - matching_Tlaxcala - DEBUG -     gz_id=1003284 'jicotepec' score=0.733 nombre=False saint_only=False terr= phase=relegated
2026-07-29 15:33:56 - matching_Tlaxcala - DEBUG -     gz_id=1003385 'jalapa' score=0.733 nombre=False saint_only=False terr= phase=relegated
2026-07-29 15:33:56 - matching_Tlaxcala - DEBUG -     gz_id=1003485 'ajalpan' score=0.733 nombre=False saint_only=False terr= phase=relegated
2026-07-29 15:33:56 - matching_Tlaxcala - DEBUG -     gz_id=1003500 'cuautla' score=0.733 nombre=False saint_only=False terr= phase=relegated
2026-07-29 15:33:56 - matching_Tlaxcala - DEBUG -     gz_id=1003601 'ixcaquixtla' score=0.733 nombre=False saint_only=False terr= phase=relegated
2026-07-29 15:33:56 - matching_Tlaxcala - DEBUG -     gz_id=1003659 'atlamajalcingo monte' score=0.733 nombre=False saint_only=False terr= phase=relegated
2026-07-29 15:33:56 - matching_Tlaxcala - DEBUG -     gz_id=1003661 'atlixtac' score=0.733 nombre=False saint_only=False terr= phase=relegated
2026-07-29 15:33:56 - matching_Tlaxcala - DEBUG -     gz_id=1003707 'potoichan' score=0.733 nombre=False saint_only=False terr= phase=relegated
2026-07-29 15:33:56 - matching_Tlaxcala - DEBUG -     gz_id=1003709 'quiahuitlasala' score=0.733 nombre=False saint_only=False terr= phase=relegated
2026-07-29 15:33:56 - matching_Tlaxcala - DEBUG -     gz_id=1003865 'badirahuato' score=0.733 nombre=False saint_only=False terr= phase=relegated
2026-07-29 15:33:56 - matching_Tlaxcala - DEBUG -     gz_id=1003888 'maloia' score=0.733 nombre=False saint_only=False terr= phase=relegated
2026-07-29 15:33:56 - matching_Tlaxcala - DEBUG -     gz_id=1003961 'huachinera' score=0.733 nombre=False saint_only=False terr= phase=relegated
2026-07-29 15:33:56 - matching_Tlaxcala - DEBUG -     gz_id=1004050 'atlangatepec' score=0.733 nombre=False saint_only=False terr= phase=relegated
2026-07-29 15:33:56 - matching_Tlaxcala - DEBUG -     gz_id=1004133 'totolac' score=0.733 nombre=False saint_only=False terr= phase=relegated
2026-07-29 15:33:56 - matching_Tlaxcala - DEBUG -     gz_id=1004155 'mecatepec' score=0.733 nombre=False saint_only=False terr= phase=relegated
2026-07-29 15:33:56 - matching_Tlaxcala - DEBUG -     gz_id=1004186 'chacaltianhuis' score=0.733 nombre=False saint_only=False terr= phase=relegated
2026-07-29 15:33:56 - matching_Tlaxcala - DEBUG -     gz_id=1004202 'injenio' score=0.733 nombre=False saint_only=False terr= phase=relegated
2026-07-29 15:33:56 - matching_Tlaxcala - DEBUG -     gz_id=1004310 'chunhuhub' score=0.733 nombre=False saint_only=False terr= phase=relegated
2026-07-29 15:33:56 - matching_Tlaxcala - DEBUG -     gz_id=1004345 'tibolon' score=0.733 nombre=False saint_only=False terr= phase=relegated
2026-07-29 15:33:56 - matching_Tlaxcala - DEBUG -     gz_id=1004346 'tixcacaltuiub' score=0.733 nombre=False saint_only=False terr= phase=relegated
2026-07-29 15:33:56 - matching_Tlaxcala - DEBUG -     gz_id=1004358 'bolonchen cauich' score=0.733 nombre=False saint_only=False terr= phase=relegated
2026-07-29 15:33:56 - matching_Tlaxcala - DEBUG -     gz_id=1004386 'sahcabchen' score=0.733 nombre=False saint_only=False terr= phase=relegated
2026-07-29 15:33:56 - matching_Tlaxcala - DEBUG -     gz_id=1004442 'motul' score=0.733 nombre=False saint_only=False terr= phase=relegated
2026-07-29 15:33:56 - matching_Tlaxcala - DEBUG -     gz_id=1004448 'citpach' score=0.733 nombre=False saint_only=False terr= phase=relegated
2026-07-29 15:33:56 - matching_Tlaxcala - DEBUG -     gz_id=1004457 'tixkochoh' score=0.733 nombre=False saint_only=False terr= phase=relegated
2026-07-29 15:33:56 - matching_Tlaxcala - DEBUG -     gz_id=1004478 'abala' score=0.733 nombre=False saint_only=False terr= phase=relegated
2026-07-29 15:33:56 - matching_Tlaxcala - DEBUG -     gz_id=1004492 'tekax' score=0.733 nombre=False saint_only=False terr= phase=relegated
2026-07-29 15:33:56 - matching_Tlaxcala - DEBUG -     gz_id=1004501 'jaia' score=0.733 nombre=False saint_only=False terr= phase=relegated
2026-07-29 15:33:56 - matching_Tlaxcala - DEBUG -     gz_id=1004560 'cuncunul' score=0.733 nombre=False saint_only=False terr= phase=relegated
2026-07-29 15:33:56 - matching_Tlaxcala - DEBUG -     gz_id=1004615 'san juan bautista mesquital' score=0.733 nombre=False saint_only=False terr= phase=relegated
2026-07-29 15:33:56 - matching_Tlaxcala - DEBUG -     gz_id=1004629 'teul' score=0.733 nombre=False saint_only=False terr= phase=relegated
2026-07-29 15:33:56 - matching_Tlaxcala - DEBUG -     gz_id=1004636 'londo' score=0.733 nombre=False saint_only=False terr= phase=relegated
2026-07-29 15:33:56 - matching_Tlaxcala - DEBUG -     gz_id=1004718 'malibat' score=0.733 nombre=False saint_only=False terr= phase=relegated
2026-07-29 15:33:56 - matching_Tlaxcala - DEBUG -     gz_id=1004754 'san juan bautista' score=0.733 nombre=False saint_only=False terr= phase=relegated
2026-07-29 15:33:56 - matching_Tlaxcala - DEBUG -     gz_id=1004794 'san juan bautista' score=0.733 nombre=False saint_only=False terr= phase=relegated
2026-07-29 15:33:56 - matching_Tlaxcala - DEBUG -     gz_id=1004929 'horcacitas' score=0.733 nombre=False saint_only=False terr= phase=relegated
2026-07-29 15:33:56 - matching_Tlaxcala - DEBUG -     gz_id=1004943 'punta lampasos' score=0.733 nombre=False saint_only=False terr= phase=relegated
2026-07-29 15:33:56 - matching_Tlaxcala - DEBUG -     gz_id=1004946 'riogrande' score=0.733 nombre=False saint_only=False terr= phase=relegated
2026-07-29 15:33:56 - matching_Tlaxcala - DEBUG -     gz_id=1005072 'san juan bautista' score=0.733 nombre=False saint_only=False terr= phase=relegated
2026-07-29 15:33:56 - matching_Tlaxcala - DEBUG -     gz_id=1005139 'san juan bautista' score=0.733 nombre=False saint_only=False terr= phase=relegated
2026-07-29 15:33:56 - matching_Tlaxcala - DEBUG -     gz_id=1005176 'punta lampasos' score=0.733 nombre=False saint_only=False terr= phase=relegated
2026-07-29 15:33:56 - matching_Tlaxcala - DEBUG -     gz_id=1005208 'san juan bautista' score=0.733 nombre=False saint_only=False terr= phase=relegated
2026-07-29 15:33:56 - matching_Tlaxcala - DEBUG -     gz_id=1005348 'san juan bautista' score=0.733 nombre=False saint_only=False terr= phase=relegated
2026-07-29 15:33:56 - matching_Tlaxcala - DEBUG -     gz_id=1005425 'atotonilco' score=0.733 nombre=False saint_only=False terr= phase=relegated
2026-07-29 15:33:56 - matching_Tlaxcala - DEBUG -     gz_id=2000309 'iaiantique' score=0.733 nombre=False saint_only=False terr= phase=relegated
2026-07-29 15:33:56 - matching_Tlaxcala - DEBUG -     gz_id=2000508 'poloros' score=0.733 nombre=False saint_only=False terr= phase=relegated
2026-07-29 15:33:56 - matching_Tlaxcala - DEBUG -     gz_id=3000310 'san juan bautista alemanes' score=0.733 nombre=False saint_only=False terr= phase=relegated
2026-07-29 15:33:56 - matching_Tlaxcala - DEBUG -     gz_id=4000017 'pao' score=0.733 nombre=False saint_only=False terr= phase=relegated
2026-07-29 15:33:56 - matching_Tlaxcala - DEBUG -     gz_id=4000022 'ospino' score=0.733 nombre=False saint_only=False terr= phase=relegated
2026-07-29 15:33:56 - matching_Tlaxcala - DEBUG -     gz_id=4000324 'macarapana' score=0.733 nombre=False saint_only=False terr= phase=relegated
2026-07-29 15:33:56 - matching_Tlaxcala - DEBUG -     gz_id=4000380 'soro' score=0.733 nombre=False saint_only=False terr= phase=relegated
2026-07-29 15:33:56 - matching_Tlaxcala - DEBUG -     gz_id=4000521 'buenabista' score=0.733 nombre=False saint_only=False terr= phase=relegated
2026-07-29 15:33:56 - matching_Tlaxcala - DEBUG -     gz_id=4000648 'carache' score=0.733 nombre=False saint_only=False terr= phase=relegated
2026-07-29 15:33:56 - matching_Tlaxcala - DEBUG -     gz_id=4000662 'betijoque' score=0.733 nombre=False saint_only=False terr= phase=relegated
2026-07-29 15:33:56 - matching_Tlaxcala - DEBUG -     gz_id=4000694 'mucura' score=0.733 nombre=False saint_only=False terr= phase=relegated
2026-07-29 15:33:56 - matching_Tlaxcala - DEBUG -     gz_id=5000856 'san juan bautista' score=0.733 nombre=False saint_only=False terr= phase=relegated
2026-07-29 15:33:56 - matching_Tlaxcala - DEBUG -     gz_id=5600155 'tabacundo' score=0.733 nombre=False saint_only=False terr= phase=relegated
2026-07-29 15:33:56 - matching_Tlaxcala - DEBUG -     gz_id=6000032 'choquelimpe' score=0.733 nombre=False saint_only=False terr= phase=relegated
2026-07-29 15:33:56 - matching_Tlaxcala - DEBUG -     gz_id=6000955 'churin' score=0.733 nombre=False saint_only=False terr= phase=relegated
2026-07-29 15:33:56 - matching_Tlaxcala - DEBUG -     gz_id=6001442 'cimbal' score=0.733 nombre=False saint_only=False terr= phase=relegated
2026-07-29 15:33:56 - matching_Tlaxcala - DEBUG -     gz_id=7000158 'san juan bautista' score=0.733 nombre=False saint_only=False terr= phase=relegated
2026-07-29 15:33:56 - matching_Tlaxcala - DEBUG -     gz_id=7000357 'hualqui' score=0.733 nombre=False saint_only=False terr= phase=relegated
2026-07-29 15:33:56 - matching_Tlaxcala - DEBUG -     gz_id=8000149 'acacio' score=0.733 nombre=False saint_only=False terr= phase=relegated
2026-07-29 15:33:56 - matching_Tlaxcala - DEBUG -     gz_id=8000257 'san juan bautista' score=0.733 nombre=False saint_only=False terr= phase=relegated
2026-07-29 15:33:56 - matching_Tlaxcala - DEBUG -     gz_id=8000387 'porongo' score=0.733 nombre=False saint_only=False terr= phase=relegated
2026-07-29 15:33:56 - matching_Tlaxcala - DEBUG -     gz_id=8000682 'san juan bautista' score=0.733 nombre=False saint_only=False terr= phase=relegated
2026-07-29 15:33:56 - matching_Tlaxcala - DEBUG -     gz_id=9000035 'santa lucia' score=0.733 nombre=False saint_only=False terr= phase=relegated
2026-07-29 15:33:56 - matching_Tlaxcala - DEBUG -     gz_id=9000153 'balbuena' score=0.733 nombre=False saint_only=False terr= phase=relegated
2026-07-29 15:33:56 - matching_Tlaxcala - DEBUG -     gz_id=9000187 'san juan bautista' score=0.733 nombre=False saint_only=False terr= phase=relegated
2026-07-29 15:33:56 - matching_Tlaxcala - DEBUG -     gz_id=9000615 'chascomus' score=0.733 nombre=False saint_only=False terr= phase=relegated
2026-07-29 15:33:56 - matching_Tlaxcala - DEBUG -     gz_id=9000659 'pintado' score=0.733 nombre=False saint_only=False terr= phase=relegated
2026-07-29 15:33:56 - matching_Tlaxcala - DEBUG -     gz_id=9900826 'oro saracachi' score=0.733 nombre=False saint_only=False terr= phase=relegated
2026-07-29 15:33:56 - matching_Tlaxcala - DEBUG -     gz_id=9901214 'san juan bautista' score=0.733 nombre=False saint_only=False terr= phase=relegated
2026-07-29 15:33:56 - matching_Tlaxcala - DEBUG -     gz_id=9901218 'san juan bautista' score=0.733 nombre=False saint_only=False terr= phase=relegated
2026-07-29 15:33:56 - matching_Tlaxcala - DEBUG -     gz_id=1003389 'quesalapa' score=0.727 nombre=False saint_only=False terr= phase=relegated
2026-07-29 15:33:56 - matching_Tlaxcala - DEBUG -     gz_id=3000177 'balle san juan' score=0.727 nombre=False saint_only=False terr= phase=relegated
2026-07-29 15:33:56 - matching_Tlaxcala - DEBUG -     gz_id=4000390 'balle san juan' score=0.727 nombre=False saint_only=False terr= phase=relegated
2026-07-29 15:33:56 - matching_Tlaxcala - DEBUG -     gz_id=5000221 'balle san juan' score=0.727 nombre=False saint_only=False terr= phase=relegated
2026-07-29 15:33:56 - matching_Tlaxcala - DEBUG -     gz_id=6000901 'huaricanga' score=0.727 nombre=False saint_only=False terr= phase=relegated
2026-07-29 15:33:56 - matching_Tlaxcala - DEBUG -     gz_id=9900634 'juan alonso' score=0.727 nombre=False saint_only=False terr= phase=relegated
2026-07-29 15:33:56 - matching_Tlaxcala - DEBUG -     gz_id=1002342 'diquiiu' score=0.720 nombre=False saint_only=False terr= phase=relegated
2026-07-29 15:33:56 - matching_Tlaxcala - DEBUG -     gz_id=1002558 'huibini' score=0.720 nombre=False saint_only=False terr= phase=relegated
2026-07-29 15:33:56 - matching_Tlaxcala - DEBUG -     gz_id=1001120 'san juan mansanas' score=0.714 nombre=False saint_only=False terr= phase=relegated
2026-07-29 15:33:56 - matching_Tlaxcala - DEBUG -     gz_id=1002832 'saiultepec' score=0.714 nombre=False saint_only=False terr= phase=relegated
2026-07-29 15:33:56 - matching_Tlaxcala - DEBUG -     gz_id=2000451 'san juan nonualco' score=0.714 nombre=False saint_only=False terr= phase=relegated
2026-07-29 15:33:56 - matching_Tlaxcala - DEBUG -     gz_id=5000119 'sampues' score=0.714 nombre=False saint_only=False terr= phase=relegated
2026-07-29 15:33:56 - matching_Tlaxcala - DEBUG -     gz_id=1002255 'quiotepec' score=0.710 nombre=False saint_only=False terr= phase=relegated
2026-07-29 15:33:56 - matching_Tlaxcala - DEBUG -     gz_id=1002347 'huaxtepec' score=0.710 nombre=False saint_only=False terr= phase=relegated
2026-07-29 15:33:56 - matching_Tlaxcala - DEBUG -     gz_id=1002348 'ihualtepec' score=0.710 nombre=False saint_only=False terr= phase=relegated
2026-07-29 15:33:56 - matching_Tlaxcala - DEBUG -     gz_id=1002704 'huelabia' score=0.710 nombre=False saint_only=False terr= phase=relegated
2026-07-29 15:33:56 - matching_Tlaxcala - DEBUG -     gz_id=6000006 'huamanga' score=0.710 nombre=False saint_only=False terr= phase=relegated
2026-07-29 15:33:56 - matching_Tlaxcala - DEBUG -     gz_id=6000469 'huamanjilla' score=0.710 nombre=False saint_only=False terr= phase=relegated
2026-07-29 15:33:56 - matching_Tlaxcala - DEBUG -     gz_id=1001286 'mestitlan' score=0.706 nombre=False saint_only=False terr= phase=relegated
2026-07-29 15:33:56 - matching_Tlaxcala - DEBUG -     gz_id=1003307 'huahuaco' score=0.706 nombre=False saint_only=False terr= phase=relegated
2026-07-29 15:33:56 - matching_Tlaxcala - DEBUG -     gz_id=1004094 'quesalcoapan' score=0.706 nombre=False saint_only=False terr= phase=relegated
2026-07-29 15:33:56 - matching_Tlaxcala - DEBUG -     gz_id=1004294 'san juan miahuatlan' score=0.706 nombre=False saint_only=False terr= phase=relegated
2026-07-29 15:33:56 - matching_Tlaxcala - DEBUG -     gz_id=9000699 'barrio san juan bautista' score=0.706 nombre=False saint_only=False terr= phase=relegated
2026-07-29 15:33:56 - matching_Tlaxcala - DEBUG -     gz_id=9900902 'frai juan' score=0.706 nombre=False saint_only=False terr= phase=relegated
2026-07-29 15:33:56 - matching_Tlaxcala - INFO -   Before dedup: 525 candidates
2026-07-29 15:33:56 - matching_Tlaxcala - INFO -   After dedup: 525 unique gz_ids
2026-07-29 15:33:56 - matching_Tlaxcala - INFO -   Input has territorial data: False
2026-07-29 15:33:56 - matching_Tlaxcala - INFO -   Candidates with territory match: 0
2026-07-29 15:33:56 - matching_Tlaxcala - INFO -   No territorial filtering applied (no input territorial data)
2026-07-29 15:33:56 - matching_Tlaxcala - INFO -   Nombre matches (exact on lugar_nombre): 0
2026-07-29 15:33:56 - matching_Tlaxcala - INFO -   Saint-only matches: 0
2026-07-29 15:33:56 - matching_Tlaxcala - INFO -   Substantive matches: 525
2026-07-29 15:33:56 - matching_Tlaxcala - INFO -   Candidate pool (>= threshold): 69
2026-07-29 15:33:56 - matching_Tlaxcala - INFO -   69 candidate(s) -> candidate
2026-07-29 15:33:56 - matching_Tlaxcala - INFO -   rowID=155: found at step 'no_partido_jurisdiccion'
2026-07-29 15:33:56 - matching_Tlaxcala - INFO - 
============================================================
2026-07-29 15:33:56 - matching_Tlaxcala - INFO - Processing rowID=156: 'Piedras Negras' -> cleaned: 'piedras negras'
2026-07-29 15:33:56 - matching_Tlaxcala - INFO -   Territorial context: (none)='' -> allowed rows: all
2026-07-29 15:33:56 - matching_Tlaxcala - INFO -   Token-based candidates: 33
2026-07-29 15:33:56 - matching_Tlaxcala - INFO -   Filtering: need match on substantive tokens: ['negras', 'piedras'] OR 2+ total tokens
2026-07-29 15:33:56 - matching_Tlaxcala - INFO -   After filtering weak token matches: 12 candidates
2026-07-29 15:33:56 - matching_Tlaxcala - INFO -   Fuzzy matches (score >= 70, limit=500): 10
2026-07-29 15:33:56 - matching_Tlaxcala - DEBUG -     gz_id=9000137 'piedras' score=1.000 nombre=False saint_only=False terr= phase=auto_adopt
2026-07-29 15:33:56 - matching_Tlaxcala - DEBUG -     gz_id=3000315 'piedras' score=1.000 nombre=False saint_only=False terr= phase=auto_adopt
2026-07-29 15:33:56 - matching_Tlaxcala - DEBUG -     gz_id=5000772 'piedras' score=1.000 nombre=False saint_only=False terr= phase=auto_adopt
2026-07-29 15:33:56 - matching_Tlaxcala - DEBUG -     gz_id=9900889 'piedras' score=1.000 nombre=False saint_only=False terr= phase=auto_adopt
2026-07-29 15:33:56 - matching_Tlaxcala - DEBUG -     gz_id=5000232 'piedras' score=1.000 nombre=False saint_only=False terr= phase=auto_adopt
2026-07-29 15:33:56 - matching_Tlaxcala - DEBUG -     gz_id=1004975 'piedras negras' score=1.000 nombre=False saint_only=False terr= phase=auto_adopt
2026-07-29 15:33:56 - matching_Tlaxcala - DEBUG -     gz_id=4000525 'piedras' score=1.000 nombre=False saint_only=False terr= phase=auto_adopt
2026-07-29 15:33:56 - matching_Tlaxcala - DEBUG -     gz_id=2000935 'piedras' score=1.000 nombre=False saint_only=False terr= phase=auto_adopt
2026-07-29 15:33:56 - matching_Tlaxcala - DEBUG -     gz_id=1002733 'piedras' score=1.000 nombre=False saint_only=False terr= phase=auto_adopt
2026-07-29 15:33:56 - matching_Tlaxcala - DEBUG -     gz_id=3000218 'rio piedras' score=0.778 nombre=False saint_only=False terr= phase=relegated
2026-07-29 15:33:56 - matching_Tlaxcala - INFO -   Before dedup: 10 candidates
2026-07-29 15:33:56 - matching_Tlaxcala - INFO -   After dedup: 10 unique gz_ids
2026-07-29 15:33:56 - matching_Tlaxcala - INFO -   Input has territorial data: False
2026-07-29 15:33:56 - matching_Tlaxcala - INFO -   Candidates with territory match: 0
2026-07-29 15:33:56 - matching_Tlaxcala - INFO -   No territorial filtering applied (no input territorial data)
2026-07-29 15:33:56 - matching_Tlaxcala - INFO -   Nombre matches (exact on lugar_nombre): 0
2026-07-29 15:33:56 - matching_Tlaxcala - INFO -   Saint-only matches: 0
2026-07-29 15:33:56 - matching_Tlaxcala - INFO -   Substantive matches: 10
2026-07-29 15:33:56 - matching_Tlaxcala - INFO -   Candidate pool (>= threshold): 9
2026-07-29 15:33:56 - matching_Tlaxcala - INFO -   9 candidate(s) -> candidate
2026-07-29 15:33:56 - matching_Tlaxcala - INFO -   rowID=156: found at step 'no_partido_jurisdiccion'
2026-07-29 15:33:56 - matching_Tlaxcala - INFO - 
============================================================
2026-07-29 15:33:56 - matching_Tlaxcala - INFO - Processing rowID=158: 'Tlacaxolotepeque' -> cleaned: 'tlacajolotepeque'
2026-07-29 15:33:56 - matching_Tlaxcala - INFO -   Territorial context: (none)='' -> allowed rows: all
2026-07-29 15:33:56 - matching_Tlaxcala - INFO -   Token-based candidates: 0
2026-07-29 15:33:56 - matching_Tlaxcala - WARNING -   No candidates found - relegated
2026-07-29 15:33:56 - matching_Tlaxcala - INFO - 
============================================================
2026-07-29 15:33:56 - matching_Tlaxcala - INFO - Processing rowID=158: 'Tlacaxolotepeque' -> cleaned: 'tlacajolotepeque'
2026-07-29 15:33:56 - matching_Tlaxcala - INFO -   Territorial context: (none)='' -> allowed rows: all
2026-07-29 15:33:56 - matching_Tlaxcala - INFO -   Token-based candidates: 0
2026-07-29 15:33:56 - matching_Tlaxcala - WARNING -   No candidates found - relegated
2026-07-29 15:33:56 - matching_Tlaxcala - INFO - 
============================================================
2026-07-29 15:33:56 - matching_Tlaxcala - INFO - Processing rowID=158: 'Tlacaxolotepeque' -> cleaned: 'tlacajolotepeque'
2026-07-29 15:33:56 - matching_Tlaxcala - INFO -   Territorial context: (none)='' -> allowed rows: all
2026-07-29 15:33:56 - matching_Tlaxcala - INFO -   Token-based candidates: 0
2026-07-29 15:33:56 - matching_Tlaxcala - WARNING -   No candidates found - relegated
2026-07-29 15:33:56 - matching_Tlaxcala - INFO - 
============================================================
2026-07-29 15:33:56 - matching_Tlaxcala - INFO - Processing rowID=160: 'Topizaque' -> cleaned: 'topisaque'
2026-07-29 15:33:56 - matching_Tlaxcala - INFO -   Territorial context: (none)='' -> allowed rows: all
2026-07-29 15:33:56 - matching_Tlaxcala - INFO -   Token-based candidates: 0
2026-07-29 15:33:56 - matching_Tlaxcala - WARNING -   No candidates found - relegated
2026-07-29 15:33:56 - matching_Tlaxcala - INFO - 
============================================================
2026-07-29 15:33:56 - matching_Tlaxcala - INFO - Processing rowID=160: 'Topizaque' -> cleaned: 'topisaque'
2026-07-29 15:33:56 - matching_Tlaxcala - INFO -   Territorial context: (none)='' -> allowed rows: all
2026-07-29 15:33:56 - matching_Tlaxcala - INFO -   Token-based candidates: 0
2026-07-29 15:33:56 - matching_Tlaxcala - WARNING -   No candidates found - relegated
2026-07-29 15:33:56 - matching_Tlaxcala - INFO - 
============================================================
2026-07-29 15:33:56 - matching_Tlaxcala - INFO - Processing rowID=160: 'Topizaque' -> cleaned: 'topisaque'
2026-07-29 15:33:56 - matching_Tlaxcala - INFO -   Territorial context: (none)='' -> allowed rows: all
2026-07-29 15:33:56 - matching_Tlaxcala - INFO -   Token-based candidates: 0
2026-07-29 15:33:56 - matching_Tlaxcala - WARNING -   No candidates found - relegated
2026-07-29 15:33:56 - matching_Tlaxcala - INFO - Processing row 160, rowID=161
2026-07-29 15:33:56 - matching_Tlaxcala - INFO - 
============================================================
2026-07-29 15:33:56 - matching_Tlaxcala - INFO - Processing rowID=161: 'Quimichuca' -> cleaned: 'quimichuca'
2026-07-29 15:33:56 - matching_Tlaxcala - INFO -   Territorial context: (none)='' -> allowed rows: all
2026-07-29 15:33:56 - matching_Tlaxcala - INFO -   Token-based candidates: 0
2026-07-29 15:33:56 - matching_Tlaxcala - WARNING -   No candidates found - relegated
2026-07-29 15:33:56 - matching_Tlaxcala - INFO - Processing row 160, rowID=161
2026-07-29 15:33:56 - matching_Tlaxcala - INFO - 
============================================================
2026-07-29 15:33:56 - matching_Tlaxcala - INFO - Processing rowID=161: 'Quimichuca' -> cleaned: 'quimichuca'
2026-07-29 15:33:56 - matching_Tlaxcala - INFO -   Territorial context: (none)='' -> allowed rows: all
2026-07-29 15:33:56 - matching_Tlaxcala - INFO -   Token-based candidates: 0
2026-07-29 15:33:56 - matching_Tlaxcala - WARNING -   No candidates found - relegated
2026-07-29 15:33:56 - matching_Tlaxcala - INFO - Processing row 160, rowID=161
2026-07-29 15:33:56 - matching_Tlaxcala - INFO - 
============================================================
2026-07-29 15:33:56 - matching_Tlaxcala - INFO - Processing rowID=161: 'Quimichuca' -> cleaned: 'quimichuca'
2026-07-29 15:33:56 - matching_Tlaxcala - INFO -   Territorial context: (none)='' -> allowed rows: all
2026-07-29 15:33:56 - matching_Tlaxcala - INFO -   Token-based candidates: 0
2026-07-29 15:33:56 - matching_Tlaxcala - WARNING -   No candidates found - relegated
2026-07-29 15:33:56 - matching_Tlaxcala - INFO - 
============================================================
2026-07-29 15:33:56 - matching_Tlaxcala - INFO - Processing rowID=163: 'San José Buenavista' -> cleaned: 'san joce buenabista'
2026-07-29 15:33:56 - matching_Tlaxcala - INFO -   Territorial context: (none)='' -> allowed rows: all
2026-07-29 15:33:56 - matching_Tlaxcala - INFO -   Token-based candidates: 4467
2026-07-29 15:33:56 - matching_Tlaxcala - INFO -   Filtering: need match on substantive tokens: ['buenabista', 'joce'] OR 2+ total tokens
2026-07-29 15:33:57 - matching_Tlaxcala - INFO -   After filtering weak token matches: 273 candidates
2026-07-29 15:33:57 - matching_Tlaxcala - INFO -   Fuzzy matches (score >= 70, limit=500): 238
2026-07-29 15:33:57 - matching_Tlaxcala - DEBUG -     gz_id=1000306 'san joce' score=1.000 nombre=False saint_only=False terr= phase=auto_adopt
2026-07-29 15:33:57 - matching_Tlaxcala - DEBUG -     gz_id=1000506 'buenabista' score=1.000 nombre=False saint_only=False terr= phase=candidate
2026-07-29 15:33:57 - matching_Tlaxcala - DEBUG -     gz_id=1001010 'buenabista' score=1.000 nombre=False saint_only=False terr= phase=candidate
2026-07-29 15:33:57 - matching_Tlaxcala - DEBUG -     gz_id=1001696 'buenabista' score=1.000 nombre=False saint_only=False terr= phase=candidate
2026-07-29 15:33:57 - matching_Tlaxcala - DEBUG -     gz_id=1001733 'san joce' score=1.000 nombre=False saint_only=False terr= phase=auto_adopt
2026-07-29 15:33:57 - matching_Tlaxcala - DEBUG -     gz_id=1002366 'san joce' score=1.000 nombre=False saint_only=False terr= phase=auto_adopt
2026-07-29 15:33:57 - matching_Tlaxcala - DEBUG -     gz_id=1002777 'concepcion' score=1.000 nombre=False saint_only=False terr= phase=candidate
2026-07-29 15:33:57 - matching_Tlaxcala - DEBUG -     gz_id=1002822 'san joce' score=1.000 nombre=False saint_only=False terr= phase=auto_adopt
2026-07-29 15:33:57 - matching_Tlaxcala - DEBUG -     gz_id=1003845 'san joce' score=1.000 nombre=False saint_only=False terr= phase=auto_adopt
2026-07-29 15:33:57 - matching_Tlaxcala - DEBUG -     gz_id=1003871 'conitaca' score=1.000 nombre=False saint_only=False terr= phase=candidate
2026-07-29 15:33:57 - matching_Tlaxcala - DEBUG -     gz_id=1004633 'san joce' score=1.000 nombre=False saint_only=False terr= phase=auto_adopt
2026-07-29 15:33:57 - matching_Tlaxcala - DEBUG -     gz_id=1004852 'san joce' score=1.000 nombre=False saint_only=False terr= phase=auto_adopt
2026-07-29 15:33:57 - matching_Tlaxcala - DEBUG -     gz_id=1004903 'buenabista' score=1.000 nombre=False saint_only=False terr= phase=auto_adopt
2026-07-29 15:33:57 - matching_Tlaxcala - DEBUG -     gz_id=1005031 'san joce' score=1.000 nombre=False saint_only=False terr= phase=auto_adopt
2026-07-29 15:33:57 - matching_Tlaxcala - DEBUG -     gz_id=1005169 'san joce' score=1.000 nombre=False saint_only=False terr= phase=candidate
2026-07-29 15:33:57 - matching_Tlaxcala - DEBUG -     gz_id=1005182 'san joce' score=1.000 nombre=False saint_only=False terr= phase=auto_adopt
2026-07-29 15:33:57 - matching_Tlaxcala - DEBUG -     gz_id=1005369 'san joce' score=1.000 nombre=False saint_only=False terr= phase=auto_adopt
2026-07-29 15:33:57 - matching_Tlaxcala - DEBUG -     gz_id=1005453 'buenabista' score=1.000 nombre=False saint_only=False terr= phase=auto_adopt
2026-07-29 15:33:57 - matching_Tlaxcala - DEBUG -     gz_id=2000381 'san joce' score=1.000 nombre=False saint_only=False terr= phase=auto_adopt
2026-07-29 15:33:57 - matching_Tlaxcala - DEBUG -     gz_id=2000591 'san joce' score=1.000 nombre=False saint_only=False terr= phase=auto_adopt
2026-07-29 15:33:57 - matching_Tlaxcala - DEBUG -     gz_id=2000684 'san joce' score=1.000 nombre=False saint_only=False terr= phase=auto_adopt
2026-07-29 15:33:57 - matching_Tlaxcala - DEBUG -     gz_id=2000782 'san joce' score=1.000 nombre=False saint_only=False terr= phase=auto_adopt
2026-07-29 15:33:57 - matching_Tlaxcala - DEBUG -     gz_id=2000911 'san joce' score=1.000 nombre=False saint_only=False terr= phase=auto_adopt
2026-07-29 15:33:57 - matching_Tlaxcala - DEBUG -     gz_id=4000111 'san joce' score=1.000 nombre=False saint_only=False terr= phase=auto_adopt
2026-07-29 15:33:57 - matching_Tlaxcala - DEBUG -     gz_id=4000124 'san joce' score=1.000 nombre=False saint_only=False terr= phase=auto_adopt
2026-07-29 15:33:57 - matching_Tlaxcala - DEBUG -     gz_id=4000223 'san joce' score=1.000 nombre=False saint_only=False terr= phase=auto_adopt
2026-07-29 15:33:57 - matching_Tlaxcala - DEBUG -     gz_id=4000240 'buenabista' score=1.000 nombre=False saint_only=False terr= phase=auto_adopt
2026-07-29 15:33:57 - matching_Tlaxcala - DEBUG -     gz_id=4000521 'buenabista' score=1.000 nombre=False saint_only=False terr= phase=candidate
2026-07-29 15:33:57 - matching_Tlaxcala - DEBUG -     gz_id=4000550 'san joce' score=1.000 nombre=False saint_only=False terr= phase=auto_adopt
2026-07-29 15:33:57 - matching_Tlaxcala - DEBUG -     gz_id=4000697 'san joce' score=1.000 nombre=False saint_only=False terr= phase=auto_adopt
2026-07-29 15:33:57 - matching_Tlaxcala - DEBUG -     gz_id=5000584 'buenabista' score=1.000 nombre=False saint_only=False terr= phase=candidate
2026-07-29 15:33:57 - matching_Tlaxcala - DEBUG -     gz_id=5000629 'buenabista' score=1.000 nombre=False saint_only=False terr= phase=candidate
2026-07-29 15:33:57 - matching_Tlaxcala - DEBUG -     gz_id=5600286 'pinches' score=1.000 nombre=False saint_only=False terr= phase=auto_adopt
2026-07-29 15:33:57 - matching_Tlaxcala - DEBUG -     gz_id=5600309 'san joce' score=1.000 nombre=False saint_only=False terr= phase=auto_adopt
2026-07-29 15:33:57 - matching_Tlaxcala - DEBUG -     gz_id=5600323 'san joce' score=1.000 nombre=False saint_only=False terr= phase=auto_adopt
2026-07-29 15:33:57 - matching_Tlaxcala - DEBUG -     gz_id=5600735 'san joce' score=1.000 nombre=False saint_only=False terr= phase=auto_adopt
2026-07-29 15:33:57 - matching_Tlaxcala - DEBUG -     gz_id=6000758 'san joce' score=1.000 nombre=False saint_only=False terr= phase=auto_adopt
2026-07-29 15:33:57 - matching_Tlaxcala - DEBUG -     gz_id=6000869 'san joce' score=1.000 nombre=False saint_only=False terr= phase=auto_adopt
2026-07-29 15:33:57 - matching_Tlaxcala - DEBUG -     gz_id=6001432 'san joce' score=1.000 nombre=False saint_only=False terr= phase=auto_adopt
2026-07-29 15:33:57 - matching_Tlaxcala - DEBUG -     gz_id=6001489 'buenabista' score=1.000 nombre=False saint_only=False terr= phase=auto_adopt
2026-07-29 15:33:57 - matching_Tlaxcala - DEBUG -     gz_id=7000247 'san joce' score=1.000 nombre=False saint_only=False terr= phase=auto_adopt
2026-07-29 15:33:57 - matching_Tlaxcala - DEBUG -     gz_id=8000254 'san joce' score=1.000 nombre=False saint_only=False terr= phase=auto_adopt
2026-07-29 15:33:57 - matching_Tlaxcala - DEBUG -     gz_id=8000315 'carapari' score=1.000 nombre=False saint_only=False terr= phase=auto_adopt
2026-07-29 15:33:57 - matching_Tlaxcala - DEBUG -     gz_id=9000034 'san joce' score=1.000 nombre=False saint_only=False terr= phase=auto_adopt
2026-07-29 15:33:57 - matching_Tlaxcala - DEBUG -     gz_id=9000184 'san joce' score=1.000 nombre=False saint_only=False terr= phase=auto_adopt
2026-07-29 15:33:57 - matching_Tlaxcala - DEBUG -     gz_id=9000214 'san joce' score=1.000 nombre=False saint_only=False terr= phase=auto_adopt
2026-07-29 15:33:57 - matching_Tlaxcala - DEBUG -     gz_id=9000644 'san joce' score=1.000 nombre=False saint_only=False terr= phase=auto_adopt
2026-07-29 15:33:57 - matching_Tlaxcala - DEBUG -     gz_id=9000651 'san joce' score=1.000 nombre=False saint_only=False terr= phase=auto_adopt
2026-07-29 15:33:57 - matching_Tlaxcala - DEBUG -     gz_id=9000660 'san joce' score=1.000 nombre=False saint_only=False terr= phase=auto_adopt
2026-07-29 15:33:57 - matching_Tlaxcala - DEBUG -     gz_id=9000712 'san joce' score=1.000 nombre=False saint_only=False terr= phase=candidate
2026-07-29 15:33:57 - matching_Tlaxcala - DEBUG -     gz_id=9000713 'san joce' score=1.000 nombre=False saint_only=False terr= phase=auto_adopt
2026-07-29 15:33:57 - matching_Tlaxcala - DEBUG -     gz_id=9900093 'buenabista' score=1.000 nombre=False saint_only=False terr= phase=auto_adopt
2026-07-29 15:33:57 - matching_Tlaxcala - DEBUG -     gz_id=9900242 'san joce' score=1.000 nombre=False saint_only=False terr= phase=auto_adopt
2026-07-29 15:33:57 - matching_Tlaxcala - DEBUG -     gz_id=9900277 'monte minas' score=1.000 nombre=False saint_only=False terr= phase=candidate
2026-07-29 15:33:57 - matching_Tlaxcala - DEBUG -     gz_id=9900285 'san joce' score=1.000 nombre=False saint_only=False terr= phase=auto_adopt
2026-07-29 15:33:57 - matching_Tlaxcala - DEBUG -     gz_id=9900290 'san joce' score=1.000 nombre=False saint_only=False terr= phase=auto_adopt
2026-07-29 15:33:57 - matching_Tlaxcala - DEBUG -     gz_id=9900830 'buenabista' score=1.000 nombre=False saint_only=False terr= phase=auto_adopt
2026-07-29 15:33:57 - matching_Tlaxcala - DEBUG -     gz_id=9900927 'san joce' score=1.000 nombre=False saint_only=False terr= phase=auto_adopt
2026-07-29 15:33:57 - matching_Tlaxcala - DEBUG -     gz_id=9901088 'san joce' score=1.000 nombre=False saint_only=False terr= phase=auto_adopt
2026-07-29 15:33:57 - matching_Tlaxcala - DEBUG -     gz_id=9901099 'san joce' score=1.000 nombre=False saint_only=False terr= phase=auto_adopt
2026-07-29 15:33:57 - matching_Tlaxcala - DEBUG -     gz_id=9901279 'san joce' score=1.000 nombre=False saint_only=False terr= phase=auto_adopt
2026-07-29 15:33:57 - matching_Tlaxcala - DEBUG -     gz_id=9901295 'buenabista' score=1.000 nombre=False saint_only=False terr= phase=candidate
2026-07-29 15:33:57 - matching_Tlaxcala - DEBUG -     gz_id=9916002 'san joce' score=1.000 nombre=False saint_only=False terr= phase=auto_adopt
2026-07-29 15:33:57 - matching_Tlaxcala - DEBUG -     gz_id=9950003 'buenabista' score=1.000 nombre=False saint_only=False terr= phase=candidate
2026-07-29 15:33:57 - matching_Tlaxcala - DEBUG -     gz_id=9990003 'san joce' score=1.000 nombre=False saint_only=False terr= phase=auto_adopt
2026-07-29 15:33:57 - matching_Tlaxcala - DEBUG -     gz_id=7000113 'curico' score=0.947 nombre=False saint_only=False terr= phase=auto_adopt
2026-07-29 15:33:57 - matching_Tlaxcala - DEBUG -     gz_id=6000872 'bellabista' score=0.895 nombre=False saint_only=False terr= phase=candidate
2026-07-29 15:33:57 - matching_Tlaxcala - DEBUG -     gz_id=1004647 'san joce cabo' score=0.870 nombre=False saint_only=False terr= phase=candidate
2026-07-29 15:33:57 - matching_Tlaxcala - DEBUG -     gz_id=5000560 'bugaba' score=0.867 nombre=False saint_only=False terr= phase=candidate
2026-07-29 15:33:57 - matching_Tlaxcala - DEBUG -     gz_id=5000664 'cabiuna' score=0.867 nombre=False saint_only=False terr= phase=candidate
2026-07-29 15:33:57 - matching_Tlaxcala - DEBUG -     gz_id=1001119 'san joce tunal' score=0.857 nombre=False saint_only=False terr= phase=candidate
2026-07-29 15:33:57 - matching_Tlaxcala - DEBUG -     gz_id=9901151 'san joce oro' score=0.857 nombre=False saint_only=False terr= phase=candidate
2026-07-29 15:33:57 - matching_Tlaxcala - DEBUG -     gz_id=8000689 'san joce bista alegre' score=0.848 nombre=False saint_only=False terr= phase=relegated
2026-07-29 15:33:57 - matching_Tlaxcala - DEBUG -     gz_id=4000177 'apurito' score=0.846 nombre=False saint_only=False terr= phase=relegated
2026-07-29 15:33:57 - matching_Tlaxcala - DEBUG -     gz_id=4000179 'san joce apure' score=0.846 nombre=False saint_only=False terr= phase=relegated
2026-07-29 15:33:57 - matching_Tlaxcala - DEBUG -     gz_id=5000225 'pena' score=0.846 nombre=False saint_only=False terr= phase=relegated
2026-07-29 15:33:57 - matching_Tlaxcala - DEBUG -     gz_id=5000428 'san joce balle' score=0.846 nombre=False saint_only=False terr= phase=relegated
2026-07-29 15:33:57 - matching_Tlaxcala - DEBUG -     gz_id=6000490 'ceque' score=0.846 nombre=False saint_only=False terr= phase=relegated
2026-07-29 15:33:57 - matching_Tlaxcala - DEBUG -     gz_id=8000405 'pata' score=1.000 nombre=False saint_only=False terr= phase=candidate
2026-07-29 15:33:57 - matching_Tlaxcala - DEBUG -     gz_id=1000110 'tula' score=0.833 nombre=False saint_only=False terr= phase=relegated
2026-07-29 15:33:57 - matching_Tlaxcala - DEBUG -     gz_id=1005123 'bacis' score=0.833 nombre=False saint_only=False terr= phase=relegated
2026-07-29 15:33:57 - matching_Tlaxcala - DEBUG -     gz_id=5000549 'dabid' score=0.833 nombre=False saint_only=False terr= phase=relegated
2026-07-29 15:33:57 - matching_Tlaxcala - DEBUG -     gz_id=5001002 'san joce crabo' score=0.833 nombre=False saint_only=False terr= phase=relegated
2026-07-29 15:33:57 - matching_Tlaxcala - DEBUG -     gz_id=1001513 'san joce lahuna' score=0.828 nombre=False saint_only=False terr= phase=relegated
2026-07-29 15:33:57 - matching_Tlaxcala - DEBUG -     gz_id=1004779 'san joce lahuna' score=0.828 nombre=False saint_only=False terr= phase=relegated
2026-07-29 15:33:57 - matching_Tlaxcala - DEBUG -     gz_id=1005265 'san joce lahuna' score=0.828 nombre=False saint_only=False terr= phase=relegated
2026-07-29 15:33:57 - matching_Tlaxcala - DEBUG -     gz_id=7000317 'cauquenes' score=0.828 nombre=False saint_only=False terr= phase=relegated
2026-07-29 15:33:57 - matching_Tlaxcala - DEBUG -     gz_id=1000329 'baqueachi' score=0.824 nombre=False saint_only=False terr= phase=relegated
2026-07-29 15:33:57 - matching_Tlaxcala - DEBUG -     gz_id=1001021 'itho' score=0.818 nombre=False saint_only=False terr= phase=relegated
2026-07-29 15:33:57 - matching_Tlaxcala - DEBUG -     gz_id=1004599 'san joce isla' score=0.818 nombre=False saint_only=False terr= phase=relegated
2026-07-29 15:33:57 - matching_Tlaxcala - DEBUG -     gz_id=1004912 'canoas' score=0.818 nombre=False saint_only=False terr= phase=relegated
2026-07-29 15:33:57 - matching_Tlaxcala - DEBUG -     gz_id=1005490 'san joce ipoa' score=0.818 nombre=False saint_only=False terr= phase=relegated
2026-07-29 15:33:57 - matching_Tlaxcala - DEBUG -     gz_id=4000578 'areo' score=0.818 nombre=False saint_only=False terr= phase=relegated
2026-07-29 15:33:57 - matching_Tlaxcala - DEBUG -     gz_id=5000008 'pore' score=0.818 nombre=False saint_only=False terr= phase=relegated
2026-07-29 15:33:57 - matching_Tlaxcala - DEBUG -     gz_id=5000191 'tado' score=0.818 nombre=False saint_only=False terr= phase=relegated
2026-07-29 15:33:57 - matching_Tlaxcala - DEBUG -     gz_id=5000218 'puerto nare' score=0.818 nombre=False saint_only=False terr= phase=relegated
2026-07-29 15:33:57 - matching_Tlaxcala - DEBUG -     gz_id=5000445 'pare' score=0.818 nombre=False saint_only=False terr= phase=relegated
2026-07-29 15:33:57 - matching_Tlaxcala - DEBUG -     gz_id=5000656 'elee' score=0.818 nombre=False saint_only=False terr= phase=relegated
2026-07-29 15:33:57 - matching_Tlaxcala - DEBUG -     gz_id=5600601 'mote' score=0.818 nombre=False saint_only=False terr= phase=relegated
2026-07-29 15:33:57 - matching_Tlaxcala - DEBUG -     gz_id=7000051 'chimbarongo' score=0.818 nombre=False saint_only=False terr= phase=relegated
2026-07-29 15:33:57 - matching_Tlaxcala - DEBUG -     gz_id=9900014 'cengo' score=0.815 nombre=False saint_only=False terr= phase=relegated
2026-07-29 15:33:57 - matching_Tlaxcala - DEBUG -     gz_id=1005254 'san lorenso buenabista' score=1.000 nombre=False saint_only=False terr= phase=candidate
2026-07-29 15:33:57 - matching_Tlaxcala - DEBUG -     gz_id=1002918 'tenango' score=0.800 nombre=False saint_only=False terr= phase=relegated
2026-07-29 15:33:57 - matching_Tlaxcala - DEBUG -     gz_id=1004236 'espinal' score=0.800 nombre=False saint_only=False terr= phase=relegated
2026-07-29 15:33:57 - matching_Tlaxcala - DEBUG -     gz_id=1004245 'hueiapan' score=0.800 nombre=False saint_only=False terr= phase=relegated
2026-07-29 15:33:57 - matching_Tlaxcala - DEBUG -     gz_id=2000542 'cabecar' score=0.800 nombre=False saint_only=False terr= phase=relegated
2026-07-29 15:33:57 - matching_Tlaxcala - DEBUG -     gz_id=3000105 'huisa' score=0.800 nombre=False saint_only=False terr= phase=relegated
2026-07-29 15:33:57 - matching_Tlaxcala - DEBUG -     gz_id=3000161 'ocuia' score=0.800 nombre=False saint_only=False terr= phase=relegated
2026-07-29 15:33:57 - matching_Tlaxcala - DEBUG -     gz_id=4000307 'aima' score=0.800 nombre=False saint_only=False terr= phase=relegated
2026-07-29 15:33:57 - matching_Tlaxcala - DEBUG -     gz_id=4000602 'cunabiche' score=0.800 nombre=False saint_only=False terr= phase=relegated
2026-07-29 15:33:57 - matching_Tlaxcala - DEBUG -     gz_id=5000426 'san joce robada' score=0.800 nombre=False saint_only=False terr= phase=relegated
2026-07-29 15:33:57 - matching_Tlaxcala - DEBUG -     gz_id=5000509 'satiba' score=0.800 nombre=False saint_only=False terr= phase=relegated
2026-07-29 15:33:57 - matching_Tlaxcala - DEBUG -     gz_id=5000829 'crus' score=0.800 nombre=False saint_only=False terr= phase=relegated
2026-07-29 15:33:57 - matching_Tlaxcala - DEBUG -     gz_id=5600073 'chimbo' score=0.800 nombre=False saint_only=False terr= phase=relegated
2026-07-29 15:33:57 - matching_Tlaxcala - DEBUG -     gz_id=8000585 'san joce cupetine' score=0.800 nombre=False saint_only=False terr= phase=relegated
2026-07-29 15:33:57 - matching_Tlaxcala - DEBUG -     gz_id=9000628 'esquina' score=0.800 nombre=False saint_only=False terr= phase=relegated
2026-07-29 15:33:57 - matching_Tlaxcala - DEBUG -     gz_id=8000150 'san pedro' score=1.000 nombre=False saint_only=False terr= phase=candidate
2026-07-29 15:33:57 - matching_Tlaxcala - DEBUG -     gz_id=1001842 'huasalingo' score=0.788 nombre=False saint_only=False terr= phase=relegated
2026-07-29 15:33:57 - matching_Tlaxcala - DEBUG -     gz_id=2000483 'quesaltepeque' score=0.788 nombre=False saint_only=False terr= phase=relegated
2026-07-29 15:33:57 - matching_Tlaxcala - DEBUG -     gz_id=3000172 'san joce nueba asturias' score=0.788 nombre=False saint_only=False terr= phase=relegated
2026-07-29 15:33:57 - matching_Tlaxcala - DEBUG -     gz_id=5000388 'san antonio' score=1.000 nombre=False saint_only=False terr= phase=candidate
2026-07-29 15:33:57 - matching_Tlaxcala - DEBUG -     gz_id=5000397 'santa ana' score=1.000 nombre=False saint_only=False terr= phase=candidate
2026-07-29 15:33:57 - matching_Tlaxcala - DEBUG -     gz_id=1005141 'san joce cextin' score=0.786 nombre=False saint_only=False terr= phase=relegated
2026-07-29 15:33:57 - matching_Tlaxcala - DEBUG -     gz_id=1005488 'san joce presa' score=0.786 nombre=False saint_only=False terr= phase=relegated
2026-07-29 15:33:57 - matching_Tlaxcala - DEBUG -     gz_id=3000167 'escambe' score=0.786 nombre=False saint_only=False terr= phase=relegated
2026-07-29 15:33:57 - matching_Tlaxcala - DEBUG -     gz_id=5000622 'honda' score=0.786 nombre=False saint_only=False terr= phase=relegated
2026-07-29 15:33:57 - matching_Tlaxcala - DEBUG -     gz_id=1001008 'atlan' score=0.783 nombre=False saint_only=False terr= phase=relegated
2026-07-29 15:33:57 - matching_Tlaxcala - DEBUG -     gz_id=1003973 'san joce pimas' score=0.783 nombre=False saint_only=False terr= phase=relegated
2026-07-29 15:33:57 - matching_Tlaxcala - DEBUG -     gz_id=1004546 'x can' score=0.783 nombre=False saint_only=False terr= phase=relegated
2026-07-29 15:33:57 - matching_Tlaxcala - DEBUG -     gz_id=1005147 'san joce ramos' score=0.783 nombre=False saint_only=False terr= phase=relegated
2026-07-29 15:33:57 - matching_Tlaxcala - DEBUG -     gz_id=3000076 'lajas' score=0.783 nombre=False saint_only=False terr= phase=relegated
2026-07-29 15:33:57 - matching_Tlaxcala - DEBUG -     gz_id=4000379 'irapa' score=0.783 nombre=False saint_only=False terr= phase=relegated
2026-07-29 15:33:57 - matching_Tlaxcala - DEBUG -     gz_id=5000088 'boca nechi' score=0.783 nombre=False saint_only=False terr= phase=relegated
2026-07-29 15:33:57 - matching_Tlaxcala - DEBUG -     gz_id=5000259 'ataco' score=0.783 nombre=False saint_only=False terr= phase=relegated
2026-07-29 15:33:57 - matching_Tlaxcala - DEBUG -     gz_id=5000681 'iraca' score=0.783 nombre=False saint_only=False terr= phase=relegated
2026-07-29 15:33:57 - matching_Tlaxcala - DEBUG -     gz_id=5000692 'rocha' score=0.783 nombre=False saint_only=False terr= phase=relegated
2026-07-29 15:33:57 - matching_Tlaxcala - DEBUG -     gz_id=9000318 'morro' score=0.783 nombre=False saint_only=False terr= phase=relegated
2026-07-29 15:33:57 - matching_Tlaxcala - DEBUG -     gz_id=1000330 'batopilillas' score=0.774 nombre=False saint_only=False terr= phase=relegated
2026-07-29 15:33:57 - matching_Tlaxcala - DEBUG -     gz_id=1004865 'huejucar' score=0.774 nombre=False saint_only=False terr= phase=relegated
2026-07-29 15:33:57 - matching_Tlaxcala - DEBUG -     gz_id=1005049 'enramada' score=0.774 nombre=False saint_only=False terr= phase=relegated
2026-07-29 15:33:57 - matching_Tlaxcala - DEBUG -     gz_id=1005138 'san joce mimbrera' score=0.774 nombre=False saint_only=False terr= phase=relegated
2026-07-29 15:33:57 - matching_Tlaxcala - DEBUG -     gz_id=4000106 'canoabo' score=0.774 nombre=False saint_only=False terr= phase=relegated
2026-07-29 15:33:57 - matching_Tlaxcala - DEBUG -     gz_id=7000318 'cuiuname' score=0.774 nombre=False saint_only=False terr= phase=relegated
2026-07-29 15:33:57 - matching_Tlaxcala - DEBUG -     gz_id=8000501 'jaquehua' score=0.774 nombre=False saint_only=False terr= phase=relegated
2026-07-29 15:33:57 - matching_Tlaxcala - DEBUG -     gz_id=9900142 'san francisco rejis buenabista' score=1.000 nombre=False saint_only=False terr= phase=candidate
2026-07-29 15:33:57 - matching_Tlaxcala - DEBUG -     gz_id=9901026 'san joce nabajas' score=0.774 nombre=False saint_only=False terr= phase=relegated
2026-07-29 15:33:57 - matching_Tlaxcala - DEBUG -     gz_id=1000109 'toluca' score=0.769 nombre=False saint_only=False terr= phase=relegated
2026-07-29 15:33:57 - matching_Tlaxcala - DEBUG -     gz_id=1003964 'imuris' score=0.769 nombre=False saint_only=False terr= phase=relegated
2026-07-29 15:33:57 - matching_Tlaxcala - DEBUG -     gz_id=1005135 'abinito' score=0.769 nombre=False saint_only=False terr= phase=relegated
2026-07-29 15:33:57 - matching_Tlaxcala - DEBUG -     gz_id=4000591 'bentanas' score=0.769 nombre=False saint_only=False terr= phase=relegated
2026-07-29 15:33:57 - matching_Tlaxcala - DEBUG -     gz_id=8000237 'tacuru' score=0.769 nombre=False saint_only=False terr= phase=relegated
2026-07-29 15:33:57 - matching_Tlaxcala - DEBUG -     gz_id=1000474 'analco' score=0.759 nombre=False saint_only=False terr= phase=relegated
2026-07-29 15:33:57 - matching_Tlaxcala - DEBUG -     gz_id=1002052 'huecorio' score=0.759 nombre=False saint_only=False terr= phase=relegated
2026-07-29 15:33:57 - matching_Tlaxcala - DEBUG -     gz_id=1004534 'espita' score=0.759 nombre=False saint_only=False terr= phase=relegated
2026-07-29 15:33:57 - matching_Tlaxcala - DEBUG -     gz_id=1005438 'san joce animas' score=0.759 nombre=False saint_only=False terr= phase=relegated
2026-07-29 15:33:57 - matching_Tlaxcala - DEBUG -     gz_id=2000052 'coneta' score=0.759 nombre=False saint_only=False terr= phase=relegated
2026-07-29 15:33:57 - matching_Tlaxcala - DEBUG -     gz_id=4000569 'maipures' score=0.759 nombre=False saint_only=False terr= phase=relegated
2026-07-29 15:33:57 - matching_Tlaxcala - DEBUG -     gz_id=9900710 'aranjues' score=0.759 nombre=False saint_only=False terr= phase=relegated
2026-07-29 15:33:57 - matching_Tlaxcala - DEBUG -     gz_id=1000337 'huacaibo' score=0.750 nombre=False saint_only=False terr= phase=relegated
2026-07-29 15:33:57 - matching_Tlaxcala - DEBUG -     gz_id=1000392 'alamo' score=0.750 nombre=False saint_only=False terr= phase=relegated
2026-07-29 15:33:57 - matching_Tlaxcala - DEBUG -     gz_id=1000411 'san joce gracia' score=0.750 nombre=False saint_only=False terr= phase=relegated
2026-07-29 15:33:57 - matching_Tlaxcala - DEBUG -     gz_id=1000648 'amoles' score=0.750 nombre=False saint_only=False terr= phase=relegated
2026-07-29 15:33:57 - matching_Tlaxcala - DEBUG -     gz_id=1002588 'quianitas' score=0.750 nombre=False saint_only=False terr= phase=relegated
2026-07-29 15:33:57 - matching_Tlaxcala - DEBUG -     gz_id=1003529 'san joce chiapa' score=0.750 nombre=False saint_only=False terr= phase=relegated
2026-07-29 15:33:57 - matching_Tlaxcala - DEBUG -     gz_id=1003544 'ixtapa' score=0.750 nombre=False saint_only=False terr= phase=relegated
2026-07-29 15:33:57 - matching_Tlaxcala - DEBUG -     gz_id=1003610 'san joce gracia' score=0.750 nombre=False saint_only=False terr= phase=relegated
2026-07-29 15:33:57 - matching_Tlaxcala - DEBUG -     gz_id=1003966 'matape' score=0.750 nombre=False saint_only=False terr= phase=relegated
2026-07-29 15:33:57 - matching_Tlaxcala - DEBUG -     gz_id=1004598 'san joce gracia' score=0.750 nombre=False saint_only=False terr= phase=relegated
2026-07-29 15:33:57 - matching_Tlaxcala - DEBUG -     gz_id=1004732 'san joce magdalena' score=0.750 nombre=False saint_only=False terr= phase=relegated
2026-07-29 15:33:57 - matching_Tlaxcala - DEBUG -     gz_id=1004796 'ahuaio' score=0.750 nombre=False saint_only=False terr= phase=relegated
2026-07-29 15:33:57 - matching_Tlaxcala - DEBUG -     gz_id=1004819 'nasonis' score=0.750 nombre=False saint_only=False terr= phase=relegated
2026-07-29 15:33:57 - matching_Tlaxcala - DEBUG -     gz_id=1004854 'san joce indios' score=0.750 nombre=False saint_only=False terr= phase=relegated
2026-07-29 15:33:57 - matching_Tlaxcala - DEBUG -     gz_id=1005041 'cuatrocienegas' score=0.750 nombre=False saint_only=False terr= phase=relegated
2026-07-29 15:33:57 - matching_Tlaxcala - DEBUG -     gz_id=2000388 'san joce chicoj' score=0.750 nombre=False saint_only=False terr= phase=relegated
2026-07-29 15:33:57 - matching_Tlaxcala - DEBUG -     gz_id=3000334 'san joce llanos' score=0.750 nombre=False saint_only=False terr= phase=relegated
2026-07-29 15:33:57 - matching_Tlaxcala - DEBUG -     gz_id=4000604 'palmas' score=0.750 nombre=False saint_only=False terr= phase=relegated
2026-07-29 15:33:57 - matching_Tlaxcala - DEBUG -     gz_id=4000629 'chacao' score=0.750 nombre=False saint_only=False terr= phase=relegated
2026-07-29 15:33:57 - matching_Tlaxcala - DEBUG -     gz_id=4000653 'tostos' score=0.750 nombre=False saint_only=False terr= phase=relegated
2026-07-29 15:33:57 - matching_Tlaxcala - DEBUG -     gz_id=5000402 'barrancas' score=0.750 nombre=False saint_only=False terr= phase=relegated
2026-07-29 15:33:57 - matching_Tlaxcala - DEBUG -     gz_id=5600038 'armabieja' score=0.750 nombre=False saint_only=False terr= phase=relegated
2026-07-29 15:33:57 - matching_Tlaxcala - DEBUG -     gz_id=7000388 'mariquina' score=0.750 nombre=False saint_only=False terr= phase=relegated
2026-07-29 15:33:57 - matching_Tlaxcala - DEBUG -     gz_id=9000079 'jachal' score=0.750 nombre=False saint_only=False terr= phase=relegated
2026-07-29 15:33:57 - matching_Tlaxcala - DEBUG -     gz_id=9000122 'flores' score=0.750 nombre=False saint_only=False terr= phase=relegated
2026-07-29 15:33:57 - matching_Tlaxcala - DEBUG -     gz_id=9900056 'san joce gracia' score=0.750 nombre=False saint_only=False terr= phase=relegated
2026-07-29 15:33:57 - matching_Tlaxcala - DEBUG -     gz_id=9900756 'huaripana' score=0.750 nombre=False saint_only=False terr= phase=relegated
2026-07-29 15:33:57 - matching_Tlaxcala - DEBUG -     gz_id=9900757 'san joce gracia' score=0.750 nombre=False saint_only=False terr= phase=relegated
2026-07-29 15:33:57 - matching_Tlaxcala - DEBUG -     gz_id=9900862 'palmas' score=0.750 nombre=False saint_only=False terr= phase=relegated
2026-07-29 15:33:57 - matching_Tlaxcala - DEBUG -     gz_id=5000035 'huacimales' score=0.743 nombre=False saint_only=False terr= phase=relegated
2026-07-29 15:33:57 - matching_Tlaxcala - DEBUG -     gz_id=1000860 'tacubaia' score=0.741 nombre=False saint_only=False terr= phase=relegated
2026-07-29 15:33:57 - matching_Tlaxcala - DEBUG -     gz_id=1004720 'comondu' score=0.741 nombre=False saint_only=False terr= phase=relegated
2026-07-29 15:33:57 - matching_Tlaxcala - DEBUG -     gz_id=1004960 'bisarron' score=0.741 nombre=False saint_only=False terr= phase=relegated
2026-07-29 15:33:57 - matching_Tlaxcala - DEBUG -     gz_id=9900198 'alcudia' score=0.741 nombre=False saint_only=False terr= phase=relegated
2026-07-29 15:33:57 - matching_Tlaxcala - DEBUG -     gz_id=1000805 'iahuitepec' score=0.733 nombre=False saint_only=False terr= phase=relegated
2026-07-29 15:33:57 - matching_Tlaxcala - DEBUG -     gz_id=1003782 'olintla' score=0.733 nombre=False saint_only=False terr= phase=relegated
2026-07-29 15:33:57 - matching_Tlaxcala - DEBUG -     gz_id=1003864 'bachimeto' score=0.733 nombre=False saint_only=False terr= phase=relegated
2026-07-29 15:33:57 - matching_Tlaxcala - DEBUG -     gz_id=1003955 'chinapa' score=0.733 nombre=False saint_only=False terr= phase=relegated
2026-07-29 15:33:57 - matching_Tlaxcala - DEBUG -     gz_id=1004895 'canelas' score=0.733 nombre=False saint_only=False terr= phase=relegated
2026-07-29 15:33:57 - matching_Tlaxcala - DEBUG -     gz_id=2000932 'iuscaran' score=0.733 nombre=False saint_only=False terr= phase=relegated
2026-07-29 15:33:57 - matching_Tlaxcala - DEBUG -     gz_id=3000173 'san joce balladares' score=0.733 nombre=False saint_only=False terr= phase=relegated
2026-07-29 15:33:57 - matching_Tlaxcala - DEBUG -     gz_id=4000356 'huaiacan' score=0.733 nombre=False saint_only=False terr= phase=relegated
2026-07-29 15:33:57 - matching_Tlaxcala - DEBUG -     gz_id=5000190 'noanama' score=0.733 nombre=False saint_only=False terr= phase=relegated
2026-07-29 15:33:57 - matching_Tlaxcala - DEBUG -     gz_id=5000689 'sonson' score=0.733 nombre=False saint_only=False terr= phase=relegated
2026-07-29 15:33:57 - matching_Tlaxcala - DEBUG -     gz_id=5600515 'san joce naranjo' score=0.733 nombre=False saint_only=False terr= phase=relegated
2026-07-29 15:33:57 - matching_Tlaxcala - DEBUG -     gz_id=7000182 'pelarco' score=0.733 nombre=False saint_only=False terr= phase=relegated
2026-07-29 15:33:57 - matching_Tlaxcala - DEBUG -     gz_id=9000152 'petacas' score=0.733 nombre=False saint_only=False terr= phase=relegated
2026-07-29 15:33:57 - matching_Tlaxcala - DEBUG -     gz_id=1000481 'huajimic' score=0.727 nombre=False saint_only=False terr= phase=relegated
2026-07-29 15:33:57 - matching_Tlaxcala - DEBUG -     gz_id=4000342 'curataquiche' score=0.727 nombre=False saint_only=False terr= phase=relegated
2026-07-29 15:33:57 - matching_Tlaxcala - DEBUG -     gz_id=5000185 'ponedera' score=0.727 nombre=False saint_only=False terr= phase=relegated
2026-07-29 15:33:57 - matching_Tlaxcala - DEBUG -     gz_id=5600756 'ahuarico' score=0.727 nombre=False saint_only=False terr= phase=relegated
2026-07-29 15:33:57 - matching_Tlaxcala - DEBUG -     gz_id=9000613 'arrecifes' score=0.727 nombre=False saint_only=False terr= phase=relegated
2026-07-29 15:33:57 - matching_Tlaxcala - DEBUG -     gz_id=1000262 'pamachi' score=0.720 nombre=False saint_only=False terr= phase=relegated
2026-07-29 15:33:57 - matching_Tlaxcala - DEBUG -     gz_id=1002440 'san joce ixtapan' score=0.720 nombre=False saint_only=False terr= phase=relegated
2026-07-29 15:33:57 - matching_Tlaxcala - DEBUG -     gz_id=2000801 'chacaia' score=0.720 nombre=False saint_only=False terr= phase=relegated
2026-07-29 15:33:57 - matching_Tlaxcala - DEBUG -     gz_id=5000181 'santero' score=0.720 nombre=False saint_only=False terr= phase=relegated
2026-07-29 15:33:57 - matching_Tlaxcala - DEBUG -     gz_id=5600045 'canelos' score=0.720 nombre=False saint_only=False terr= phase=relegated
2026-07-29 15:33:57 - matching_Tlaxcala - DEBUG -     gz_id=9000091 'caasapa' score=0.720 nombre=False saint_only=False terr= phase=relegated
2026-07-29 15:33:57 - matching_Tlaxcala - DEBUG -     gz_id=9900047 'anjeles' score=0.720 nombre=False saint_only=False terr= phase=relegated
2026-07-29 15:33:57 - matching_Tlaxcala - DEBUG -     gz_id=9900825 'tamaioa' score=0.720 nombre=False saint_only=False terr= phase=relegated
2026-07-29 15:33:57 - matching_Tlaxcala - DEBUG -     gz_id=9990020 'san joce iacarai' score=0.720 nombre=False saint_only=False terr= phase=relegated
2026-07-29 15:33:57 - matching_Tlaxcala - DEBUG -     gz_id=1001602 'poliutla' score=0.714 nombre=False saint_only=False terr= phase=relegated
2026-07-29 15:33:57 - matching_Tlaxcala - DEBUG -     gz_id=4000355 'areocuar' score=0.714 nombre=False saint_only=False terr= phase=relegated
2026-07-29 15:33:57 - matching_Tlaxcala - DEBUG -     gz_id=4000496 'huatatar' score=0.714 nombre=False saint_only=False terr= phase=relegated
2026-07-29 15:33:57 - matching_Tlaxcala - DEBUG -     gz_id=4000619 'cinaruco' score=0.714 nombre=False saint_only=False terr= phase=relegated
2026-07-29 15:33:57 - matching_Tlaxcala - DEBUG -     gz_id=4000677 'sancudo' score=0.714 nombre=False saint_only=False terr= phase=relegated
2026-07-29 15:33:57 - matching_Tlaxcala - DEBUG -     gz_id=9000092 'cuarepoti' score=0.714 nombre=False saint_only=False terr= phase=relegated
2026-07-29 15:33:57 - matching_Tlaxcala - DEBUG -     gz_id=1000273 'tohaiana' score=0.710 nombre=False saint_only=False terr= phase=relegated
2026-07-29 15:33:57 - matching_Tlaxcala - DEBUG -     gz_id=1000397 'tisonaso' score=0.710 nombre=False saint_only=False terr= phase=relegated
2026-07-29 15:33:57 - matching_Tlaxcala - DEBUG -     gz_id=1001683 'huiciltepec' score=0.710 nombre=False saint_only=False terr= phase=relegated
2026-07-29 15:33:57 - matching_Tlaxcala - DEBUG -     gz_id=1002450 'mialtepec' score=0.710 nombre=False saint_only=False terr= phase=relegated
2026-07-29 15:33:57 - matching_Tlaxcala - DEBUG -     gz_id=1002880 'iosonicaje' score=0.710 nombre=False saint_only=False terr= phase=relegated
2026-07-29 15:33:57 - matching_Tlaxcala - DEBUG -     gz_id=1003505 'miahuatlan' score=0.710 nombre=False saint_only=False terr= phase=relegated
2026-07-29 15:33:57 - matching_Tlaxcala - DEBUG -     gz_id=1004293 'san joce miahuatlan' score=0.710 nombre=False saint_only=False terr= phase=relegated
2026-07-29 15:33:57 - matching_Tlaxcala - DEBUG -     gz_id=5600521 'hato lemos' score=0.710 nombre=False saint_only=False terr= phase=relegated
2026-07-29 15:33:57 - matching_Tlaxcala - DEBUG -     gz_id=9000027 'hualehuaichu' score=0.710 nombre=False saint_only=False terr= phase=relegated
2026-07-29 15:33:57 - matching_Tlaxcala - DEBUG -     gz_id=9000330 'paso grande' score=0.710 nombre=False saint_only=False terr= phase=relegated
2026-07-29 15:33:57 - matching_Tlaxcala - DEBUG -     gz_id=9900062 'san joce i animas' score=0.710 nombre=False saint_only=False terr= phase=relegated
2026-07-29 15:33:57 - matching_Tlaxcala - DEBUG -     gz_id=1003247 'mecapalapa' score=0.706 nombre=False saint_only=False terr= phase=relegated
2026-07-29 15:33:57 - matching_Tlaxcala - DEBUG -     gz_id=1005448 'huaimas' score=0.706 nombre=False saint_only=False terr= phase=relegated
2026-07-29 15:33:57 - matching_Tlaxcala - INFO -   Before dedup: 238 candidates
2026-07-29 15:33:57 - matching_Tlaxcala - INFO -   After dedup: 238 unique gz_ids
2026-07-29 15:33:57 - matching_Tlaxcala - INFO -   Input has territorial data: False
2026-07-29 15:33:57 - matching_Tlaxcala - INFO -   Candidates with territory match: 0
2026-07-29 15:33:57 - matching_Tlaxcala - INFO -   No territorial filtering applied (no input territorial data)
2026-07-29 15:33:57 - matching_Tlaxcala - INFO -   Nombre matches (exact on lugar_nombre): 0
2026-07-29 15:33:57 - matching_Tlaxcala - INFO -   Saint-only matches: 0
2026-07-29 15:33:57 - matching_Tlaxcala - INFO -   Substantive matches: 238
2026-07-29 15:33:57 - matching_Tlaxcala - INFO -   Candidate pool (>= threshold): 78
2026-07-29 15:33:57 - matching_Tlaxcala - INFO -   78 candidate(s) -> candidate
2026-07-29 15:33:57 - matching_Tlaxcala - INFO -   rowID=163: found at step 'no_partido_jurisdiccion'
2026-07-29 15:33:57 - matching_Tlaxcala - INFO - 
============================================================
2026-07-29 15:33:57 - matching_Tlaxcala - INFO - Processing rowID=166: 'San Juan Cuapesco [?]' -> cleaned: 'san juan cuapesco [?]'
2026-07-29 15:33:57 - matching_Tlaxcala - INFO -   Territorial context: (none)='' -> allowed rows: all
2026-07-29 15:33:57 - matching_Tlaxcala - INFO -   Token-based candidates: 4468
2026-07-29 15:33:57 - matching_Tlaxcala - INFO -   Filtering: need match on substantive tokens: ['[?]', 'cuapesco', 'juan'] OR 2+ total tokens
2026-07-29 15:33:58 - matching_Tlaxcala - INFO -   After filtering weak token matches: 587 candidates
2026-07-29 15:33:58 - matching_Tlaxcala - INFO -   Fuzzy matches (score >= 70, limit=500): 353
2026-07-29 15:33:58 - matching_Tlaxcala - DEBUG -     gz_id=1000307 'san juan' score=1.000 nombre=False saint_only=False terr= phase=auto_adopt
2026-07-29 15:33:58 - matching_Tlaxcala - DEBUG -     gz_id=1000401 'san juan' score=1.000 nombre=False saint_only=False terr= phase=auto_adopt
2026-07-29 15:33:58 - matching_Tlaxcala - DEBUG -     gz_id=1000466 'san juan' score=1.000 nombre=False saint_only=False terr= phase=auto_adopt
2026-07-29 15:33:58 - matching_Tlaxcala - DEBUG -     gz_id=1000603 'san juan' score=1.000 nombre=False saint_only=False terr= phase=auto_adopt
2026-07-29 15:33:58 - matching_Tlaxcala - DEBUG -     gz_id=1001046 'san juan' score=1.000 nombre=False saint_only=False terr= phase=auto_adopt
2026-07-29 15:33:58 - matching_Tlaxcala - DEBUG -     gz_id=1001771 'san juan' score=1.000 nombre=False saint_only=False terr= phase=auto_adopt
2026-07-29 15:33:58 - matching_Tlaxcala - DEBUG -     gz_id=1001772 'san juan' score=1.000 nombre=False saint_only=False terr= phase=auto_adopt
2026-07-29 15:33:58 - matching_Tlaxcala - DEBUG -     gz_id=1003856 'san juan' score=1.000 nombre=False saint_only=False terr= phase=auto_adopt
2026-07-29 15:33:58 - matching_Tlaxcala - DEBUG -     gz_id=1004780 'san juan' score=1.000 nombre=False saint_only=False terr= phase=auto_adopt
2026-07-29 15:33:58 - matching_Tlaxcala - DEBUG -     gz_id=2000576 'san juan' score=1.000 nombre=False saint_only=False terr= phase=auto_adopt
2026-07-29 15:33:58 - matching_Tlaxcala - DEBUG -     gz_id=2000701 'san juan' score=1.000 nombre=False saint_only=False terr= phase=auto_adopt
2026-07-29 15:33:58 - matching_Tlaxcala - DEBUG -     gz_id=2000912 'san juan' score=1.000 nombre=False saint_only=False terr= phase=auto_adopt
2026-07-29 15:33:58 - matching_Tlaxcala - DEBUG -     gz_id=3000003 'san juan' score=1.000 nombre=False saint_only=False terr= phase=auto_adopt
2026-07-29 15:33:58 - matching_Tlaxcala - DEBUG -     gz_id=4000326 'san juan' score=1.000 nombre=False saint_only=False terr= phase=auto_adopt
2026-07-29 15:33:58 - matching_Tlaxcala - DEBUG -     gz_id=4000530 'san juan' score=1.000 nombre=False saint_only=False terr= phase=auto_adopt
2026-07-29 15:33:58 - matching_Tlaxcala - DEBUG -     gz_id=5000028 'san juan' score=1.000 nombre=False saint_only=False terr= phase=auto_adopt
2026-07-29 15:33:58 - matching_Tlaxcala - DEBUG -     gz_id=5000296 'san juan' score=1.000 nombre=False saint_only=False terr= phase=auto_adopt
2026-07-29 15:33:58 - matching_Tlaxcala - DEBUG -     gz_id=5000901 'san juan' score=1.000 nombre=False saint_only=False terr= phase=auto_adopt
2026-07-29 15:33:58 - matching_Tlaxcala - DEBUG -     gz_id=5600618 'san juan' score=1.000 nombre=False saint_only=False terr= phase=auto_adopt
2026-07-29 15:33:58 - matching_Tlaxcala - DEBUG -     gz_id=5600638 'san juan' score=1.000 nombre=False saint_only=False terr= phase=auto_adopt
2026-07-29 15:33:58 - matching_Tlaxcala - DEBUG -     gz_id=6000351 'san juan' score=1.000 nombre=False saint_only=False terr= phase=auto_adopt
2026-07-29 15:33:58 - matching_Tlaxcala - DEBUG -     gz_id=6000528 'san juan' score=1.000 nombre=False saint_only=False terr= phase=auto_adopt
2026-07-29 15:33:58 - matching_Tlaxcala - DEBUG -     gz_id=6000730 'san juan' score=1.000 nombre=False saint_only=False terr= phase=auto_adopt
2026-07-29 15:33:58 - matching_Tlaxcala - DEBUG -     gz_id=8000670 'san juan' score=1.000 nombre=False saint_only=False terr= phase=auto_adopt
2026-07-29 15:33:58 - matching_Tlaxcala - DEBUG -     gz_id=9000015 'san juan' score=1.000 nombre=False saint_only=False terr= phase=auto_adopt
2026-07-29 15:33:58 - matching_Tlaxcala - DEBUG -     gz_id=9900271 'san juan' score=1.000 nombre=False saint_only=False terr= phase=auto_adopt
2026-07-29 15:33:58 - matching_Tlaxcala - DEBUG -     gz_id=9900840 'san juan' score=1.000 nombre=False saint_only=False terr= phase=auto_adopt
2026-07-29 15:33:58 - matching_Tlaxcala - DEBUG -     gz_id=9900923 'san juan' score=1.000 nombre=False saint_only=False terr= phase=auto_adopt
2026-07-29 15:33:58 - matching_Tlaxcala - DEBUG -     gz_id=9901077 'san juan' score=1.000 nombre=False saint_only=False terr= phase=auto_adopt
2026-07-29 15:33:58 - matching_Tlaxcala - DEBUG -     gz_id=9901308 'san juan' score=1.000 nombre=False saint_only=False terr= phase=auto_adopt
2026-07-29 15:33:58 - matching_Tlaxcala - DEBUG -     gz_id=1002479 'iucua' score=0.923 nombre=False saint_only=False terr= phase=auto_adopt
2026-07-29 15:33:58 - matching_Tlaxcala - DEBUG -     gz_id=4000351 'carinicuao' score=0.923 nombre=False saint_only=False terr= phase=auto_adopt
2026-07-29 15:33:58 - matching_Tlaxcala - DEBUG -     gz_id=1002684 'san juan cues' score=0.917 nombre=False saint_only=False terr= phase=auto_adopt
2026-07-29 15:33:58 - matching_Tlaxcala - DEBUG -     gz_id=6000859 'san juan ica' score=0.917 nombre=False saint_only=False terr= phase=auto_adopt
2026-07-29 15:33:58 - matching_Tlaxcala - DEBUG -     gz_id=5600379 'cid' score=0.909 nombre=False saint_only=False terr= phase=auto_adopt
2026-07-29 15:33:58 - matching_Tlaxcala - DEBUG -     gz_id=1002669 'coiula' score=0.889 nombre=False saint_only=False terr= phase=candidate
2026-07-29 15:33:58 - matching_Tlaxcala - DEBUG -     gz_id=1002637 'iuta' score=0.880 nombre=False saint_only=False terr= phase=candidate
2026-07-29 15:33:58 - matching_Tlaxcala - DEBUG -     gz_id=1004847 'san juan ulua' score=0.880 nombre=False saint_only=False terr= phase=candidate
2026-07-29 15:33:58 - matching_Tlaxcala - DEBUG -     gz_id=1000045 'san juan rio' score=0.857 nombre=False saint_only=False terr= phase=candidate
2026-07-29 15:33:58 - matching_Tlaxcala - DEBUG -     gz_id=1000413 'tecuala' score=0.857 nombre=False saint_only=False terr= phase=candidate
2026-07-29 15:33:58 - matching_Tlaxcala - DEBUG -     gz_id=1001236 'chapula' score=0.857 nombre=False saint_only=False terr= phase=candidate
2026-07-29 15:33:58 - matching_Tlaxcala - DEBUG -     gz_id=1001401 'san juan rio' score=0.857 nombre=False saint_only=False terr= phase=candidate
2026-07-29 15:33:58 - matching_Tlaxcala - DEBUG -     gz_id=1002409 'san juan rei' score=0.857 nombre=False saint_only=False terr= phase=candidate
2026-07-29 15:33:58 - matching_Tlaxcala - DEBUG -     gz_id=1002713 'san juan rio' score=0.857 nombre=False saint_only=False terr= phase=candidate
2026-07-29 15:33:58 - matching_Tlaxcala - DEBUG -     gz_id=1003159 'san juan rio' score=0.857 nombre=False saint_only=False terr= phase=candidate
2026-07-29 15:33:58 - matching_Tlaxcala - DEBUG -     gz_id=1004207 'san juan rio' score=0.857 nombre=False saint_only=False terr= phase=candidate
2026-07-29 15:33:58 - matching_Tlaxcala - DEBUG -     gz_id=1004605 'cuxpala' score=0.857 nombre=False saint_only=False terr= phase=candidate
2026-07-29 15:33:58 - matching_Tlaxcala - DEBUG -     gz_id=2000039 'chamula' score=0.857 nombre=False saint_only=False terr= phase=candidate
2026-07-29 15:33:58 - matching_Tlaxcala - DEBUG -     gz_id=8000198 'san juan oro' score=0.857 nombre=False saint_only=False terr= phase=candidate
2026-07-29 15:33:58 - matching_Tlaxcala - DEBUG -     gz_id=8000505 'chiucha' score=0.857 nombre=False saint_only=False terr= phase=candidate
2026-07-29 15:33:58 - matching_Tlaxcala - DEBUG -     gz_id=1000633 'san juan amula' score=0.846 nombre=False saint_only=False terr= phase=relegated
2026-07-29 15:33:58 - matching_Tlaxcala - DEBUG -     gz_id=1003409 'casoc' score=0.846 nombre=False saint_only=False terr= phase=relegated
2026-07-29 15:33:58 - matching_Tlaxcala - DEBUG -     gz_id=1004180 'san juan punta' score=0.846 nombre=False saint_only=False terr= phase=relegated
2026-07-29 15:33:58 - matching_Tlaxcala - DEBUG -     gz_id=1005110 'san juan casta' score=0.846 nombre=False saint_only=False terr= phase=relegated
2026-07-29 15:33:58 - matching_Tlaxcala - DEBUG -     gz_id=1005299 'san juan junta' score=0.846 nombre=False saint_only=False terr= phase=relegated
2026-07-29 15:33:58 - matching_Tlaxcala - DEBUG -     gz_id=5000194 'chami' score=0.846 nombre=False saint_only=False terr= phase=relegated
2026-07-29 15:33:58 - matching_Tlaxcala - DEBUG -     gz_id=5000407 'cesar' score=0.846 nombre=False saint_only=False terr= phase=relegated
2026-07-29 15:33:58 - matching_Tlaxcala - DEBUG -     gz_id=6000384 'lucma' score=0.846 nombre=False saint_only=False terr= phase=relegated
2026-07-29 15:33:58 - matching_Tlaxcala - DEBUG -     gz_id=7000397 'san juan costa' score=0.846 nombre=False saint_only=False terr= phase=relegated
2026-07-29 15:33:58 - matching_Tlaxcala - DEBUG -     gz_id=8000502 'tahua' score=0.846 nombre=False saint_only=False terr= phase=relegated
2026-07-29 15:33:58 - matching_Tlaxcala - DEBUG -     gz_id=8000678 'san juan acora' score=0.846 nombre=False saint_only=False terr= phase=relegated
2026-07-29 15:33:58 - matching_Tlaxcala - DEBUG -     gz_id=1003331 'sacualpan' score=0.839 nombre=False saint_only=False terr= phase=relegated
2026-07-29 15:33:58 - matching_Tlaxcala - DEBUG -     gz_id=1003366 'tuxco' score=0.833 nombre=False saint_only=False terr= phase=relegated
2026-07-29 15:33:58 - matching_Tlaxcala - DEBUG -     gz_id=2000313 'opico' score=0.833 nombre=False saint_only=False terr= phase=relegated
2026-07-29 15:33:58 - matching_Tlaxcala - DEBUG -     gz_id=2000347 'ixcoi' score=0.833 nombre=False saint_only=False terr= phase=relegated
2026-07-29 15:33:58 - matching_Tlaxcala - DEBUG -     gz_id=9901272 'teotique' score=0.833 nombre=False saint_only=False terr= phase=relegated
2026-07-29 15:33:58 - matching_Tlaxcala - DEBUG -     gz_id=1002083 'carapan' score=0.828 nombre=False saint_only=False terr= phase=relegated
2026-07-29 15:33:58 - matching_Tlaxcala - DEBUG -     gz_id=1002754 'achiutla' score=0.828 nombre=False saint_only=False terr= phase=relegated
2026-07-29 15:33:58 - matching_Tlaxcala - DEBUG -     gz_id=1003438 'juchapa' score=0.828 nombre=False saint_only=False terr= phase=relegated
2026-07-29 15:33:58 - matching_Tlaxcala - DEBUG -     gz_id=1005067 'san juan corapan' score=0.828 nombre=False saint_only=False terr= phase=relegated
2026-07-29 15:33:58 - matching_Tlaxcala - DEBUG -     gz_id=1002347 'huaxtepec' score=0.824 nombre=False saint_only=False terr= phase=relegated
2026-07-29 15:33:58 - matching_Tlaxcala - DEBUG -     gz_id=1002545 'acaltepec' score=0.824 nombre=False saint_only=False terr= phase=relegated
2026-07-29 15:33:58 - matching_Tlaxcala - DEBUG -     gz_id=1004243 'catemaco' score=0.824 nombre=False saint_only=False terr= phase=relegated
2026-07-29 15:33:58 - matching_Tlaxcala - DEBUG -     gz_id=2000333 'chamelco' score=0.824 nombre=False saint_only=False terr= phase=relegated
2026-07-29 15:33:58 - matching_Tlaxcala - DEBUG -     gz_id=1000669 'san juan bega' score=0.818 nombre=False saint_only=False terr= phase=relegated
2026-07-29 15:33:58 - matching_Tlaxcala - DEBUG -     gz_id=1000699 'tecoanapa' score=0.818 nombre=False saint_only=False terr= phase=relegated
2026-07-29 15:33:58 - matching_Tlaxcala - DEBUG -     gz_id=1003009 'iaee' score=0.818 nombre=False saint_only=False terr= phase=relegated
2026-07-29 15:33:58 - matching_Tlaxcala - DEBUG -     gz_id=2000386 'san juan dios' score=0.818 nombre=False saint_only=False terr= phase=relegated
2026-07-29 15:33:58 - matching_Tlaxcala - DEBUG -     gz_id=4000249 'san juan bega' score=0.818 nombre=False saint_only=False terr= phase=relegated
2026-07-29 15:33:58 - matching_Tlaxcala - DEBUG -     gz_id=5000744 'bega' score=0.818 nombre=False saint_only=False terr= phase=relegated
2026-07-29 15:33:58 - matching_Tlaxcala - DEBUG -     gz_id=5600605 'tena' score=0.818 nombre=False saint_only=False terr= phase=relegated
2026-07-29 15:33:58 - matching_Tlaxcala - DEBUG -     gz_id=6000834 'iris' score=0.818 nombre=False saint_only=False terr= phase=relegated
2026-07-29 15:33:58 - matching_Tlaxcala - DEBUG -     gz_id=7000314 'san juan dios' score=0.818 nombre=False saint_only=False terr= phase=relegated
2026-07-29 15:33:58 - matching_Tlaxcala - DEBUG -     gz_id=9900048 'san juan paio' score=0.818 nombre=False saint_only=False terr= phase=relegated
2026-07-29 15:33:58 - matching_Tlaxcala - DEBUG -     gz_id=1000452 'contla' score=0.815 nombre=False saint_only=False terr= phase=relegated
2026-07-29 15:33:58 - matching_Tlaxcala - DEBUG -     gz_id=1000547 'cosala' score=0.815 nombre=False saint_only=False terr= phase=relegated
2026-07-29 15:33:58 - matching_Tlaxcala - DEBUG -     gz_id=1000578 'ocotan' score=0.815 nombre=False saint_only=False terr= phase=relegated
2026-07-29 15:33:58 - matching_Tlaxcala - DEBUG -     gz_id=1000580 'acatic' score=0.815 nombre=False saint_only=False terr= phase=relegated
2026-07-29 15:33:58 - matching_Tlaxcala - DEBUG -     gz_id=1000873 'tecoac' score=0.815 nombre=False saint_only=False terr= phase=relegated
2026-07-29 15:33:58 - matching_Tlaxcala - DEBUG -     gz_id=1002429 'aiutla' score=0.815 nombre=False saint_only=False terr= phase=relegated
2026-07-29 15:33:58 - matching_Tlaxcala - DEBUG -     gz_id=1002448 'lachao' score=0.815 nombre=False saint_only=False terr= phase=relegated
2026-07-29 15:33:58 - matching_Tlaxcala - DEBUG -     gz_id=1002778 'copala' score=0.815 nombre=False saint_only=False terr= phase=relegated
2026-07-29 15:33:58 - matching_Tlaxcala - DEBUG -     gz_id=1002930 'sautla' score=0.815 nombre=False saint_only=False terr= phase=relegated
2026-07-29 15:33:58 - matching_Tlaxcala - DEBUG -     gz_id=1003114 'amecac' score=0.815 nombre=False saint_only=False terr= phase=relegated
2026-07-29 15:33:58 - matching_Tlaxcala - DEBUG -     gz_id=1003122 'coacol' score=0.815 nombre=False saint_only=False terr= phase=relegated
2026-07-29 15:33:58 - matching_Tlaxcala - DEBUG -     gz_id=1003134 'tejupa' score=0.815 nombre=False saint_only=False terr= phase=relegated
2026-07-29 15:33:58 - matching_Tlaxcala - DEBUG -     gz_id=1004260 'nautla' score=0.815 nombre=False saint_only=False terr= phase=relegated
2026-07-29 15:33:58 - matching_Tlaxcala - DEBUG -     gz_id=2000300 'moiuta' score=0.815 nombre=False saint_only=False terr= phase=relegated
2026-07-29 15:33:58 - matching_Tlaxcala - DEBUG -     gz_id=2000397 'san juan lahuna' score=0.815 nombre=False saint_only=False terr= phase=relegated
2026-07-29 15:33:58 - matching_Tlaxcala - DEBUG -     gz_id=2000446 'talpa' score=0.815 nombre=False saint_only=False terr= phase=relegated
2026-07-29 15:33:58 - matching_Tlaxcala - DEBUG -     gz_id=4000253 'san juan mahuai' score=0.815 nombre=False saint_only=False terr= phase=relegated
2026-07-29 15:33:58 - matching_Tlaxcala - DEBUG -     gz_id=5000837 'ipapa' score=0.815 nombre=False saint_only=False terr= phase=relegated
2026-07-29 15:33:58 - matching_Tlaxcala - DEBUG -     gz_id=5000893 'bojaia' score=0.815 nombre=False saint_only=False terr= phase=relegated
2026-07-29 15:33:58 - matching_Tlaxcala - DEBUG -     gz_id=5600432 'lachas' score=0.815 nombre=False saint_only=False terr= phase=relegated
2026-07-29 15:33:58 - matching_Tlaxcala - DEBUG -     gz_id=6001041 'iauquia' score=0.815 nombre=False saint_only=False terr= phase=relegated
2026-07-29 15:33:58 - matching_Tlaxcala - DEBUG -     gz_id=1005300 'carretas' score=0.812 nombre=False saint_only=False terr= phase=relegated
2026-07-29 15:33:58 - matching_Tlaxcala - DEBUG -     gz_id=1000180 'ihualapa' score=0.800 nombre=False saint_only=False terr= phase=relegated
2026-07-29 15:33:58 - matching_Tlaxcala - DEBUG -     gz_id=1001147 'acingo' score=0.800 nombre=False saint_only=False terr= phase=relegated
2026-07-29 15:33:58 - matching_Tlaxcala - DEBUG -     gz_id=1001208 'joconusco' score=0.800 nombre=False saint_only=False terr= phase=relegated
2026-07-29 15:33:58 - matching_Tlaxcala - DEBUG -     gz_id=1002141 'iurecuaro' score=0.800 nombre=False saint_only=False terr= phase=relegated
2026-07-29 15:33:58 - matching_Tlaxcala - DEBUG -     gz_id=1002348 'ihualtepec' score=0.800 nombre=False saint_only=False terr= phase=relegated
2026-07-29 15:33:58 - matching_Tlaxcala - DEBUG -     gz_id=1002801 'numi' score=0.800 nombre=False saint_only=False terr= phase=relegated
2026-07-29 15:33:58 - matching_Tlaxcala - DEBUG -     gz_id=1002950 'comaltepec' score=0.800 nombre=False saint_only=False terr= phase=relegated
2026-07-29 15:33:58 - matching_Tlaxcala - DEBUG -     gz_id=1002987 'tahui' score=0.800 nombre=False saint_only=False terr= phase=relegated
2026-07-29 15:33:58 - matching_Tlaxcala - DEBUG -     gz_id=1002990 'tanece' score=0.800 nombre=False saint_only=False terr= phase=relegated
2026-07-29 15:33:58 - matching_Tlaxcala - DEBUG -     gz_id=1003323 'texcatepec' score=0.800 nombre=False saint_only=False terr= phase=relegated
2026-07-29 15:33:58 - matching_Tlaxcala - DEBUG -     gz_id=1003488 'acingo' score=0.800 nombre=False saint_only=False terr= phase=relegated
2026-07-29 15:33:58 - matching_Tlaxcala - DEBUG -     gz_id=1003636 'acateno' score=0.800 nombre=False saint_only=False terr= phase=relegated
2026-07-29 15:33:58 - matching_Tlaxcala - DEBUG -     gz_id=1003688 'huejoapa' score=0.800 nombre=False saint_only=False terr= phase=relegated
2026-07-29 15:33:58 - matching_Tlaxcala - DEBUG -     gz_id=1003854 'jacobo' score=0.800 nombre=False saint_only=False terr= phase=relegated
2026-07-29 15:33:58 - matching_Tlaxcala - DEBUG -     gz_id=1003867 'capirato' score=0.800 nombre=False saint_only=False terr= phase=relegated
2026-07-29 15:33:58 - matching_Tlaxcala - DEBUG -     gz_id=2000231 'olocuilta' score=0.800 nombre=False saint_only=False terr= phase=relegated
2026-07-29 15:33:58 - matching_Tlaxcala - DEBUG -     gz_id=2000683 'concepcion' score=0.800 nombre=False saint_only=False terr= phase=relegated
2026-07-29 15:33:58 - matching_Tlaxcala - DEBUG -     gz_id=2000749 'san juan gascon' score=0.800 nombre=False saint_only=False terr= phase=relegated
2026-07-29 15:33:58 - matching_Tlaxcala - DEBUG -     gz_id=3000021 'jaruco' score=0.800 nombre=False saint_only=False terr= phase=relegated
2026-07-29 15:33:58 - matching_Tlaxcala - DEBUG -     gz_id=5000136 'sahahun' score=0.800 nombre=False saint_only=False terr= phase=relegated
2026-07-29 15:33:58 - matching_Tlaxcala - DEBUG -     gz_id=5600518 'buhio' score=0.800 nombre=False saint_only=False terr= phase=relegated
2026-07-29 15:33:58 - matching_Tlaxcala - DEBUG -     gz_id=5600608 'catapuio' score=0.800 nombre=False saint_only=False terr= phase=relegated
2026-07-29 15:33:58 - matching_Tlaxcala - DEBUG -     gz_id=9000235 'rio san juan' score=0.800 nombre=False saint_only=False terr= phase=relegated
2026-07-29 15:33:58 - matching_Tlaxcala - DEBUG -     gz_id=1002394 'alotepec' score=0.788 nombre=False saint_only=False terr= phase=relegated
2026-07-29 15:33:58 - matching_Tlaxcala - DEBUG -     gz_id=1002955 'jaltepec' score=0.788 nombre=False saint_only=False terr= phase=relegated
2026-07-29 15:33:58 - matching_Tlaxcala - DEBUG -     gz_id=1003255 'pantepec' score=0.788 nombre=False saint_only=False terr= phase=relegated
2026-07-29 15:33:58 - matching_Tlaxcala - DEBUG -     gz_id=1003332 'sacualpilla' score=0.788 nombre=False saint_only=False terr= phase=relegated
2026-07-29 15:33:58 - matching_Tlaxcala - DEBUG -     gz_id=9900906 'cascajal' score=0.788 nombre=False saint_only=False terr= phase=relegated
2026-07-29 15:33:58 - matching_Tlaxcala - DEBUG -     gz_id=1000130 'huetamo' score=0.786 nombre=False saint_only=False terr= phase=relegated
2026-07-29 15:33:58 - matching_Tlaxcala - DEBUG -     gz_id=1000668 'san juan presa' score=0.786 nombre=False saint_only=False terr= phase=relegated
2026-07-29 15:33:58 - matching_Tlaxcala - DEBUG -     gz_id=1000812 'acatlan' score=0.786 nombre=False saint_only=False terr= phase=relegated
2026-07-29 15:33:58 - matching_Tlaxcala - DEBUG -     gz_id=1001259 'hualula' score=0.786 nombre=False saint_only=False terr= phase=relegated
2026-07-29 15:33:58 - matching_Tlaxcala - DEBUG -     gz_id=1001358 'sascala' score=0.786 nombre=False saint_only=False terr= phase=relegated
2026-07-29 15:33:58 - matching_Tlaxcala - DEBUG -     gz_id=1002443 'san juan jicaian' score=0.786 nombre=False saint_only=False terr= phase=relegated
2026-07-29 15:33:58 - matching_Tlaxcala - DEBUG -     gz_id=1002960 'juquila' score=0.786 nombre=False saint_only=False terr= phase=relegated
2026-07-29 15:33:58 - matching_Tlaxcala - DEBUG -     gz_id=1003158 'pilcaia' score=0.786 nombre=False saint_only=False terr= phase=relegated
2026-07-29 15:33:58 - matching_Tlaxcala - DEBUG -     gz_id=1003206 'tlautla' score=0.786 nombre=False saint_only=False terr= phase=relegated
2026-07-29 15:33:58 - matching_Tlaxcala - DEBUG -     gz_id=1003327 'tolapa' score=0.786 nombre=False saint_only=False terr= phase=relegated
2026-07-29 15:33:58 - matching_Tlaxcala - DEBUG -     gz_id=1003589 'asompa' score=0.786 nombre=False saint_only=False terr= phase=relegated
2026-07-29 15:33:58 - matching_Tlaxcala - DEBUG -     gz_id=1003853 'huacima' score=0.786 nombre=False saint_only=False terr= phase=relegated
2026-07-29 15:33:58 - matching_Tlaxcala - DEBUG -     gz_id=1004201 'atlanca' score=0.786 nombre=False saint_only=False terr= phase=relegated
2026-07-29 15:33:58 - matching_Tlaxcala - DEBUG -     gz_id=2000311 'ocicala' score=0.786 nombre=False saint_only=False terr= phase=relegated
2026-07-29 15:33:58 - matching_Tlaxcala - DEBUG -     gz_id=5600420 'balle' score=0.786 nombre=False saint_only=False terr= phase=relegated
2026-07-29 15:33:58 - matching_Tlaxcala - DEBUG -     gz_id=5600648 'san juan balle' score=0.786 nombre=False saint_only=False terr= phase=relegated
2026-07-29 15:33:58 - matching_Tlaxcala - DEBUG -     gz_id=5600772 'san juan bautista' score=0.786 nombre=False saint_only=False terr= phase=relegated
2026-07-29 15:33:58 - matching_Tlaxcala - DEBUG -     gz_id=6000477 'chilcas' score=0.786 nombre=False saint_only=False terr= phase=relegated
2026-07-29 15:33:58 - matching_Tlaxcala - DEBUG -     gz_id=6000495 'lucanas' score=0.786 nombre=False saint_only=False terr= phase=relegated
2026-07-29 15:33:58 - matching_Tlaxcala - DEBUG -     gz_id=6000822 'chaclla' score=0.786 nombre=False saint_only=False terr= phase=relegated
2026-07-29 15:33:58 - matching_Tlaxcala - DEBUG -     gz_id=1000515 'san juan lagos' score=0.783 nombre=False saint_only=False terr= phase=relegated
2026-07-29 15:33:58 - matching_Tlaxcala - DEBUG -     gz_id=1000709 'san juan solis' score=0.783 nombre=False saint_only=False terr= phase=relegated
2026-07-29 15:33:58 - matching_Tlaxcala - DEBUG -     gz_id=1001333 'tlala' score=0.783 nombre=False saint_only=False terr= phase=relegated
2026-07-29 15:33:58 - matching_Tlaxcala - DEBUG -     gz_id=1002846 'teita' score=0.783 nombre=False saint_only=False terr= phase=relegated
2026-07-29 15:33:58 - matching_Tlaxcala - DEBUG -     gz_id=1002986 'tabaa' score=0.783 nombre=False saint_only=False terr= phase=relegated
2026-07-29 15:33:58 - matching_Tlaxcala - DEBUG -     gz_id=1003354 'tetla' score=0.783 nombre=False saint_only=False terr= phase=relegated
2026-07-29 15:33:58 - matching_Tlaxcala - DEBUG -     gz_id=1003861 'alaia' score=0.783 nombre=False saint_only=False terr= phase=relegated
2026-07-29 15:33:58 - matching_Tlaxcala - DEBUG -     gz_id=1003874 'imala' score=0.783 nombre=False saint_only=False terr= phase=relegated
2026-07-29 15:33:58 - matching_Tlaxcala - DEBUG -     gz_id=5600042 'pasto' score=0.783 nombre=False saint_only=False terr= phase=relegated
2026-07-29 15:33:58 - matching_Tlaxcala - DEBUG -     gz_id=5600095 'ojiba' score=0.783 nombre=False saint_only=False terr= phase=relegated
2026-07-29 15:33:58 - matching_Tlaxcala - DEBUG -     gz_id=8000012 'lahuna' score=0.783 nombre=False saint_only=False terr= phase=relegated
2026-07-29 15:33:58 - matching_Tlaxcala - DEBUG -     gz_id=1003592 'coatetelco' score=0.778 nombre=False saint_only=False terr= phase=relegated
2026-07-29 15:33:58 - matching_Tlaxcala - DEBUG -     gz_id=1004283 'chapultepec' score=0.778 nombre=False saint_only=False terr= phase=relegated
2026-07-29 15:33:58 - matching_Tlaxcala - DEBUG -     gz_id=1004742 'san juan capistrano' score=0.778 nombre=False saint_only=False terr= phase=relegated
2026-07-29 15:33:58 - matching_Tlaxcala - DEBUG -     gz_id=1004798 'capistrano' score=0.778 nombre=False saint_only=False terr= phase=relegated
2026-07-29 15:33:58 - matching_Tlaxcala - DEBUG -     gz_id=9900913 'san juan capistrano' score=0.778 nombre=False saint_only=False terr= phase=relegated
2026-07-29 15:33:58 - matching_Tlaxcala - DEBUG -     gz_id=1000151 'huajuapam' score=0.774 nombre=False saint_only=False terr= phase=relegated
2026-07-29 15:33:58 - matching_Tlaxcala - DEBUG -     gz_id=1001490 'atescapan' score=0.774 nombre=False saint_only=False terr= phase=relegated
2026-07-29 15:33:58 - matching_Tlaxcala - DEBUG -     gz_id=1001550 'coapanoia' score=0.774 nombre=False saint_only=False terr= phase=relegated
2026-07-29 15:33:58 - matching_Tlaxcala - DEBUG -     gz_id=1001607 'tlalchapa' score=0.774 nombre=False saint_only=False terr= phase=relegated
2026-07-29 15:33:58 - matching_Tlaxcala - DEBUG -     gz_id=1001626 'tilcuautla' score=0.774 nombre=False saint_only=False terr= phase=relegated
2026-07-29 15:33:58 - matching_Tlaxcala - DEBUG -     gz_id=1002456 'quiahije' score=0.774 nombre=False saint_only=False terr= phase=relegated
2026-07-29 15:33:58 - matching_Tlaxcala - DEBUG -     gz_id=1002554 'chopahuana' score=0.774 nombre=False saint_only=False terr= phase=relegated
2026-07-29 15:33:58 - matching_Tlaxcala - DEBUG -     gz_id=1003389 'quesalapa' score=0.774 nombre=False saint_only=False terr= phase=relegated
2026-07-29 15:33:58 - matching_Tlaxcala - DEBUG -     gz_id=1003868 'cariatapa' score=0.774 nombre=False saint_only=False terr= phase=relegated
2026-07-29 15:33:58 - matching_Tlaxcala - DEBUG -     gz_id=5600100 'charapoto' score=0.774 nombre=False saint_only=False terr= phase=relegated
2026-07-29 15:33:58 - matching_Tlaxcala - DEBUG -     gz_id=1001985 'tumbio' score=0.769 nombre=False saint_only=False terr= phase=relegated
2026-07-29 15:33:58 - matching_Tlaxcala - DEBUG -     gz_id=1002951 'cosocon' score=0.769 nombre=False saint_only=False terr= phase=relegated
2026-07-29 15:33:58 - matching_Tlaxcala - DEBUG -     gz_id=1003129 'huiluco' score=0.769 nombre=False saint_only=False terr= phase=relegated
2026-07-29 15:33:58 - matching_Tlaxcala - DEBUG -     gz_id=1003569 'tepulco' score=0.769 nombre=False saint_only=False terr= phase=relegated
2026-07-29 15:33:58 - matching_Tlaxcala - DEBUG -     gz_id=1003871 'conitaca' score=0.769 nombre=False saint_only=False terr= phase=relegated
2026-07-29 15:33:58 - matching_Tlaxcala - DEBUG -     gz_id=1004078 'ixtenco' score=0.769 nombre=False saint_only=False terr= phase=relegated
2026-07-29 15:33:58 - matching_Tlaxcala - DEBUG -     gz_id=1004299 'teocelo' score=0.769 nombre=False saint_only=False terr= phase=relegated
2026-07-29 15:33:58 - matching_Tlaxcala - DEBUG -     gz_id=3000160 'san juan puerto' score=0.769 nombre=False saint_only=False terr= phase=relegated
2026-07-29 15:33:58 - matching_Tlaxcala - DEBUG -     gz_id=8000400 'san juan sahahun' score=0.769 nombre=False saint_only=False terr= phase=relegated
2026-07-29 15:33:58 - matching_Tlaxcala - DEBUG -     gz_id=9900321 'san juan rioceco' score=0.769 nombre=False saint_only=False terr= phase=relegated
2026-07-29 15:33:58 - matching_Tlaxcala - DEBUG -     gz_id=1001590 'teacalco' score=0.765 nombre=False saint_only=False terr= phase=relegated
2026-07-29 15:33:58 - matching_Tlaxcala - DEBUG -     gz_id=1001623 'tepatepec' score=0.765 nombre=False saint_only=False terr= phase=relegated
2026-07-29 15:33:58 - matching_Tlaxcala - DEBUG -     gz_id=1002255 'quiotepec' score=0.765 nombre=False saint_only=False terr= phase=relegated
2026-07-29 15:33:58 - matching_Tlaxcala - DEBUG -     gz_id=1002289 'chilateca' score=0.765 nombre=False saint_only=False terr= phase=relegated
2026-07-29 15:33:58 - matching_Tlaxcala - DEBUG -     gz_id=1003029 'iececobi' score=0.765 nombre=False saint_only=False terr= phase=relegated
2026-07-29 15:33:58 - matching_Tlaxcala - DEBUG -     gz_id=1003307 'huahuaco' score=0.765 nombre=False saint_only=False terr= phase=relegated
2026-07-29 15:33:58 - matching_Tlaxcala - DEBUG -     gz_id=1003412 'coacingo' score=0.765 nombre=False saint_only=False terr= phase=relegated
2026-07-29 15:33:58 - matching_Tlaxcala - DEBUG -     gz_id=1004150 'chinameca' score=0.765 nombre=False saint_only=False terr= phase=relegated
2026-07-29 15:33:58 - matching_Tlaxcala - DEBUG -     gz_id=1005447 'san juan bautista' score=0.765 nombre=False saint_only=False terr= phase=relegated
2026-07-29 15:33:58 - matching_Tlaxcala - DEBUG -     gz_id=2000210 'san juan sacatepeques' score=0.765 nombre=False saint_only=False terr= phase=relegated
2026-07-29 15:33:58 - matching_Tlaxcala - DEBUG -     gz_id=2000229 'cojutepeque' score=0.765 nombre=False saint_only=False terr= phase=relegated
2026-07-29 15:33:58 - matching_Tlaxcala - DEBUG -     gz_id=2000244 'chinameca' score=0.765 nombre=False saint_only=False terr= phase=relegated
2026-07-29 15:33:58 - matching_Tlaxcala - DEBUG -     gz_id=2000451 'san juan nonualco' score=0.765 nombre=False saint_only=False terr= phase=relegated
2026-07-29 15:33:58 - matching_Tlaxcala - DEBUG -     gz_id=1000753 'coxtocan' score=0.759 nombre=False saint_only=False terr= phase=relegated
2026-07-29 15:33:58 - matching_Tlaxcala - DEBUG -     gz_id=1000863 'atlimica' score=0.759 nombre=False saint_only=False terr= phase=relegated
2026-07-29 15:33:58 - matching_Tlaxcala - DEBUG -     gz_id=1001081 'san juan bautista' score=0.759 nombre=False saint_only=False terr= phase=relegated
2026-07-29 15:33:58 - matching_Tlaxcala - DEBUG -     gz_id=1001191 'san juan bautista' score=0.759 nombre=False saint_only=False terr= phase=relegated
2026-07-29 15:33:58 - matching_Tlaxcala - DEBUG -     gz_id=1001243 'coacuilco' score=0.759 nombre=False saint_only=False terr= phase=relegated
2026-07-29 15:33:58 - matching_Tlaxcala - DEBUG -     gz_id=1001447 'tilcacan' score=0.759 nombre=False saint_only=False terr= phase=relegated
2026-07-29 15:33:58 - matching_Tlaxcala - DEBUG -     gz_id=1001710 'san juan bautista' score=0.759 nombre=False saint_only=False terr= phase=relegated
2026-07-29 15:33:58 - matching_Tlaxcala - DEBUG -     gz_id=1002351 'joluxtla' score=0.759 nombre=False saint_only=False terr= phase=relegated
2026-07-29 15:33:58 - matching_Tlaxcala - DEBUG -     gz_id=1002704 'huelabia' score=0.759 nombre=False saint_only=False terr= phase=relegated
2026-07-29 15:33:58 - matching_Tlaxcala - DEBUG -     gz_id=1002947 'candaioc' score=0.759 nombre=False saint_only=False terr= phase=relegated
2026-07-29 15:33:58 - matching_Tlaxcala - DEBUG -     gz_id=1002978 'petlapa' score=0.759 nombre=False saint_only=False terr= phase=relegated
2026-07-29 15:33:58 - matching_Tlaxcala - DEBUG -     gz_id=1003167 'jicotlan' score=0.759 nombre=False saint_only=False terr= phase=relegated
2026-07-29 15:33:58 - matching_Tlaxcala - DEBUG -     gz_id=1003292 'cempoala' score=0.759 nombre=False saint_only=False terr= phase=relegated
2026-07-29 15:33:58 - matching_Tlaxcala - DEBUG -     gz_id=1003760 'aquixtla' score=0.759 nombre=False saint_only=False terr= phase=relegated
2026-07-29 15:33:58 - matching_Tlaxcala - DEBUG -     gz_id=1003834 'mecatlan' score=0.759 nombre=False saint_only=False terr= phase=relegated
2026-07-29 15:33:58 - matching_Tlaxcala - DEBUG -     gz_id=1004199 'aculcingo' score=0.759 nombre=False saint_only=False terr= phase=relegated
2026-07-29 15:33:58 - matching_Tlaxcala - DEBUG -     gz_id=1004754 'san juan bautista' score=0.759 nombre=False saint_only=False terr= phase=relegated
2026-07-29 15:33:58 - matching_Tlaxcala - DEBUG -     gz_id=1004794 'san juan bautista' score=0.759 nombre=False saint_only=False terr= phase=relegated
2026-07-29 15:33:58 - matching_Tlaxcala - DEBUG -     gz_id=1005072 'san juan bautista' score=0.759 nombre=False saint_only=False terr= phase=relegated
2026-07-29 15:33:58 - matching_Tlaxcala - DEBUG -     gz_id=1005139 'san juan bautista' score=0.759 nombre=False saint_only=False terr= phase=relegated
2026-07-29 15:33:58 - matching_Tlaxcala - DEBUG -     gz_id=1005208 'san juan bautista' score=0.759 nombre=False saint_only=False terr= phase=relegated
2026-07-29 15:33:58 - matching_Tlaxcala - DEBUG -     gz_id=1005348 'san juan bautista' score=0.759 nombre=False saint_only=False terr= phase=relegated
2026-07-29 15:33:58 - matching_Tlaxcala - DEBUG -     gz_id=4000022 'ospino' score=0.759 nombre=False saint_only=False terr= phase=relegated
2026-07-29 15:33:58 - matching_Tlaxcala - DEBUG -     gz_id=5000856 'san juan bautista' score=0.759 nombre=False saint_only=False terr= phase=relegated
2026-07-29 15:33:58 - matching_Tlaxcala - DEBUG -     gz_id=6001012 'iarocaia' score=0.759 nombre=False saint_only=False terr= phase=relegated
2026-07-29 15:33:58 - matching_Tlaxcala - DEBUG -     gz_id=7000158 'san juan bautista' score=0.759 nombre=False saint_only=False terr= phase=relegated
2026-07-29 15:33:58 - matching_Tlaxcala - DEBUG -     gz_id=8000257 'san juan bautista' score=0.759 nombre=False saint_only=False terr= phase=relegated
2026-07-29 15:33:58 - matching_Tlaxcala - DEBUG -     gz_id=8000682 'san juan bautista' score=0.759 nombre=False saint_only=False terr= phase=relegated
2026-07-29 15:33:58 - matching_Tlaxcala - DEBUG -     gz_id=9000035 'santa lucia' score=0.759 nombre=False saint_only=False terr= phase=relegated
2026-07-29 15:33:58 - matching_Tlaxcala - DEBUG -     gz_id=9000187 'san juan bautista' score=0.759 nombre=False saint_only=False terr= phase=relegated
2026-07-29 15:33:58 - matching_Tlaxcala - DEBUG -     gz_id=9901214 'san juan bautista' score=0.759 nombre=False saint_only=False terr= phase=relegated
2026-07-29 15:33:58 - matching_Tlaxcala - DEBUG -     gz_id=9901218 'san juan bautista' score=0.759 nombre=False saint_only=False terr= phase=relegated
2026-07-29 15:33:58 - matching_Tlaxcala - DEBUG -     gz_id=1000183 'san juan llanos' score=0.750 nombre=False saint_only=False terr= phase=relegated
2026-07-29 15:33:58 - matching_Tlaxcala - DEBUG -     gz_id=1000585 'tecualtitan' score=0.750 nombre=False saint_only=False terr= phase=relegated
2026-07-29 15:33:58 - matching_Tlaxcala - DEBUG -     gz_id=1001121 'san juan jarros' score=0.750 nombre=False saint_only=False terr= phase=relegated
2026-07-29 15:33:58 - matching_Tlaxcala - DEBUG -     gz_id=1001272 'ixtlacuatla' score=0.750 nombre=False saint_only=False terr= phase=relegated
2026-07-29 15:33:58 - matching_Tlaxcala - DEBUG -     gz_id=1001338 'tlatepeje' score=0.750 nombre=False saint_only=False terr= phase=relegated
2026-07-29 15:33:58 - matching_Tlaxcala - DEBUG -     gz_id=1001396 'dehedo' score=0.750 nombre=False saint_only=False terr= phase=relegated
2026-07-29 15:33:58 - matching_Tlaxcala - DEBUG -     gz_id=1001916 'tisahuapan' score=0.750 nombre=False saint_only=False terr= phase=relegated
2026-07-29 15:33:58 - matching_Tlaxcala - DEBUG -     gz_id=1002010 'pamatacuaro' score=0.750 nombre=False saint_only=False terr= phase=relegated
2026-07-29 15:33:58 - matching_Tlaxcala - DEBUG -     gz_id=1002266 'san juan sosola' score=0.750 nombre=False saint_only=False terr= phase=relegated
2026-07-29 15:33:58 - matching_Tlaxcala - DEBUG -     gz_id=1002500 'coatequitas' score=0.750 nombre=False saint_only=False terr= phase=relegated
2026-07-29 15:33:58 - matching_Tlaxcala - DEBUG -     gz_id=1002966 'lalana' score=0.750 nombre=False saint_only=False terr= phase=relegated
2026-07-29 15:33:58 - matching_Tlaxcala - DEBUG -     gz_id=1002971 'lealao' score=0.750 nombre=False saint_only=False terr= phase=relegated
2026-07-29 15:33:58 - matching_Tlaxcala - DEBUG -     gz_id=1003013 'iajila' score=0.750 nombre=False saint_only=False terr= phase=relegated
2026-07-29 15:33:58 - matching_Tlaxcala - DEBUG -     gz_id=1003025 'iasona' score=0.750 nombre=False saint_only=False terr= phase=relegated
2026-07-29 15:33:58 - matching_Tlaxcala - DEBUG -     gz_id=1003248 'mextla' score=0.750 nombre=False saint_only=False terr= phase=relegated
2026-07-29 15:33:58 - matching_Tlaxcala - DEBUG -     gz_id=1003601 'ixcaquixtla' score=0.750 nombre=False saint_only=False terr= phase=relegated
2026-07-29 15:33:58 - matching_Tlaxcala - DEBUG -     gz_id=2000217 'san juan obispo' score=0.750 nombre=False saint_only=False terr= phase=relegated
2026-07-29 15:33:58 - matching_Tlaxcala - DEBUG -     gz_id=2000337 'atitan' score=0.750 nombre=False saint_only=False terr= phase=relegated
2026-07-29 15:33:58 - matching_Tlaxcala - DEBUG -     gz_id=2000816 'san juan mixtan' score=0.750 nombre=False saint_only=False terr= phase=relegated
2026-07-29 15:33:58 - matching_Tlaxcala - DEBUG -     gz_id=4000168 'san juan morros' score=0.750 nombre=False saint_only=False terr= phase=relegated
2026-07-29 15:33:58 - matching_Tlaxcala - DEBUG -     gz_id=4000580 'maracapana' score=0.750 nombre=False saint_only=False terr= phase=relegated
2026-07-29 15:33:58 - matching_Tlaxcala - DEBUG -     gz_id=5000128 'palmas' score=0.750 nombre=False saint_only=False terr= phase=relegated
2026-07-29 15:33:58 - matching_Tlaxcala - DEBUG -     gz_id=5000318 'moreno' score=0.750 nombre=False saint_only=False terr= phase=relegated
2026-07-29 15:33:58 - matching_Tlaxcala - DEBUG -     gz_id=5600840 'talaga' score=0.750 nombre=False saint_only=False terr= phase=relegated
2026-07-29 15:33:58 - matching_Tlaxcala - DEBUG -     gz_id=6000473 'tambos' score=0.750 nombre=False saint_only=False terr= phase=relegated
2026-07-29 15:33:58 - matching_Tlaxcala - DEBUG -     gz_id=1001221 'ahuehueco' score=0.743 nombre=False saint_only=False terr= phase=relegated
2026-07-29 15:33:58 - matching_Tlaxcala - DEBUG -     gz_id=1002788 'san juan ixtaltepec' score=0.743 nombre=False saint_only=False terr= phase=relegated
2026-07-29 15:33:58 - matching_Tlaxcala - DEBUG -     gz_id=1002832 'saiultepec' score=0.743 nombre=False saint_only=False terr= phase=relegated
2026-07-29 15:33:58 - matching_Tlaxcala - DEBUG -     gz_id=1002973 'metaltepec' score=0.743 nombre=False saint_only=False terr= phase=relegated
2026-07-29 15:33:58 - matching_Tlaxcala - DEBUG -     gz_id=1003887 'cacalotan' score=0.743 nombre=False saint_only=False terr= phase=relegated
2026-07-29 15:33:58 - matching_Tlaxcala - DEBUG -     gz_id=1004070 'huaccinco' score=0.743 nombre=False saint_only=False terr= phase=relegated
2026-07-29 15:33:58 - matching_Tlaxcala - DEBUG -     gz_id=1004174 'coscomatepec' score=0.743 nombre=False saint_only=False terr= phase=relegated
2026-07-29 15:33:58 - matching_Tlaxcala - DEBUG -     gz_id=4000334 'puruei' score=0.743 nombre=False saint_only=False terr= phase=relegated
2026-07-29 15:33:58 - matching_Tlaxcala - DEBUG -     gz_id=6000184 'pachacona' score=0.743 nombre=False saint_only=False terr= phase=relegated
2026-07-29 15:33:58 - matching_Tlaxcala - DEBUG -     gz_id=9901252 'suances' score=0.743 nombre=False saint_only=False terr= phase=relegated
2026-07-29 15:33:58 - matching_Tlaxcala - DEBUG -     gz_id=1002342 'diquiiu' score=0.741 nombre=False saint_only=False terr= phase=relegated
2026-07-29 15:33:58 - matching_Tlaxcala - DEBUG -     gz_id=1002485 'mixtepec' score=0.741 nombre=False saint_only=False terr= phase=relegated
2026-07-29 15:33:58 - matching_Tlaxcala - DEBUG -     gz_id=1002558 'huibini' score=0.741 nombre=False saint_only=False terr= phase=relegated
2026-07-29 15:33:58 - matching_Tlaxcala - DEBUG -     gz_id=1002579 'san juan mixtepec' score=0.741 nombre=False saint_only=False terr= phase=relegated
2026-07-29 15:33:58 - matching_Tlaxcala - DEBUG -     gz_id=1003017 'ialahui' score=0.741 nombre=False saint_only=False terr= phase=relegated
2026-07-29 15:33:58 - matching_Tlaxcala - DEBUG -     gz_id=1003080 'san juan teitipac' score=0.741 nombre=False saint_only=False terr= phase=relegated
2026-07-29 15:33:58 - matching_Tlaxcala - DEBUG -     gz_id=1004094 'quesalcoapan' score=0.737 nombre=False saint_only=False terr= phase=relegated
2026-07-29 15:33:58 - matching_Tlaxcala - DEBUG -     gz_id=1000630 'jiquilpan' score=0.733 nombre=False saint_only=False terr= phase=relegated
2026-07-29 15:33:58 - matching_Tlaxcala - DEBUG -     gz_id=1000821 'colotlipa' score=0.733 nombre=False saint_only=False terr= phase=relegated
2026-07-29 15:33:58 - matching_Tlaxcala - DEBUG -     gz_id=1000831 'papalutla' score=0.733 nombre=False saint_only=False terr= phase=relegated
2026-07-29 15:33:58 - matching_Tlaxcala - DEBUG -     gz_id=1001093 'coajomulco' score=0.733 nombre=False saint_only=False terr= phase=relegated
2026-07-29 15:33:58 - matching_Tlaxcala - DEBUG -     gz_id=1001299 'papaxtla' score=0.733 nombre=False saint_only=False terr= phase=relegated
2026-07-29 15:33:58 - matching_Tlaxcala - DEBUG -     gz_id=1001339 'tlacintla' score=0.733 nombre=False saint_only=False terr= phase=relegated
2026-07-29 15:33:58 - matching_Tlaxcala - DEBUG -     gz_id=1001341 'tochintla' score=0.733 nombre=False saint_only=False terr= phase=relegated
2026-07-29 15:33:58 - matching_Tlaxcala - DEBUG -     gz_id=1001482 'acatitlan' score=0.733 nombre=False saint_only=False terr= phase=relegated
2026-07-29 15:33:58 - matching_Tlaxcala - DEBUG -     gz_id=1002012 'san juan periban' score=0.733 nombre=False saint_only=False terr= phase=relegated
2026-07-29 15:33:58 - matching_Tlaxcala - DEBUG -     gz_id=1002207 'peiotan' score=0.733 nombre=False saint_only=False terr= phase=relegated
2026-07-29 15:33:58 - matching_Tlaxcala - DEBUG -     gz_id=1002570 'lachijila' score=0.733 nombre=False saint_only=False terr= phase=relegated
2026-07-29 15:33:58 - matching_Tlaxcala - DEBUG -     gz_id=1002694 'tepeujila' score=0.733 nombre=False saint_only=False terr= phase=relegated
2026-07-29 15:33:58 - matching_Tlaxcala - DEBUG -     gz_id=1002981 'roabela' score=0.733 nombre=False saint_only=False terr= phase=relegated
2026-07-29 15:33:58 - matching_Tlaxcala - DEBUG -     gz_id=1003003 'toabela' score=0.733 nombre=False saint_only=False terr= phase=relegated
2026-07-29 15:33:58 - matching_Tlaxcala - DEBUG -     gz_id=1003382 'huehuetan' score=0.733 nombre=False saint_only=False terr= phase=relegated
2026-07-29 15:33:58 - matching_Tlaxcala - DEBUG -     gz_id=1003484 'acatitlan' score=0.733 nombre=False saint_only=False terr= phase=relegated
2026-07-29 15:33:58 - matching_Tlaxcala - DEBUG -     gz_id=1003655 'amatlicha' score=0.733 nombre=False saint_only=False terr= phase=relegated
2026-07-29 15:33:58 - matching_Tlaxcala - DEBUG -     gz_id=1003700 'ocotitlan' score=0.733 nombre=False saint_only=False terr= phase=relegated
2026-07-29 15:33:58 - matching_Tlaxcala - DEBUG -     gz_id=1003878 'otameto' score=0.733 nombre=False saint_only=False terr= phase=relegated
2026-07-29 15:33:58 - matching_Tlaxcala - DEBUG -     gz_id=1004269 'texhuacan' score=0.733 nombre=False saint_only=False terr= phase=relegated
2026-07-29 15:33:58 - matching_Tlaxcala - DEBUG -     gz_id=1004291 'jalcomulco' score=0.733 nombre=False saint_only=False terr= phase=relegated
2026-07-29 15:33:58 - matching_Tlaxcala - DEBUG -     gz_id=1001532 'sacasonapan' score=0.727 nombre=False saint_only=False terr= phase=relegated
2026-07-29 15:33:58 - matching_Tlaxcala - DEBUG -     gz_id=1002430 'cacahuatepec' score=0.727 nombre=False saint_only=False terr= phase=relegated
2026-07-29 15:33:58 - matching_Tlaxcala - DEBUG -     gz_id=1003188 'cuautlancingo' score=0.727 nombre=False saint_only=False terr= phase=relegated
2026-07-29 15:33:58 - matching_Tlaxcala - DEBUG -     gz_id=3000177 'balle san juan' score=0.727 nombre=False saint_only=False terr= phase=relegated
2026-07-29 15:33:58 - matching_Tlaxcala - DEBUG -     gz_id=4000390 'balle san juan' score=0.727 nombre=False saint_only=False terr= phase=relegated
2026-07-29 15:33:58 - matching_Tlaxcala - DEBUG -     gz_id=5000221 'balle san juan' score=0.727 nombre=False saint_only=False terr= phase=relegated
2026-07-29 15:33:58 - matching_Tlaxcala - DEBUG -     gz_id=1000744 'asacoaloia' score=0.722 nombre=False saint_only=False terr= phase=relegated
2026-07-29 15:33:58 - matching_Tlaxcala - DEBUG -     gz_id=1001273 'ixtlahuaco' score=0.722 nombre=False saint_only=False terr= phase=relegated
2026-07-29 15:33:58 - matching_Tlaxcala - DEBUG -     gz_id=1001290 'mimiahuaco' score=0.722 nombre=False saint_only=False terr= phase=relegated
2026-07-29 15:33:58 - matching_Tlaxcala - DEBUG -     gz_id=1002874 'juchistepec' score=0.722 nombre=False saint_only=False terr= phase=relegated
2026-07-29 15:33:58 - matching_Tlaxcala - DEBUG -     gz_id=1003408 'calmecatitlan' score=0.722 nombre=False saint_only=False terr= phase=relegated
2026-07-29 15:33:58 - matching_Tlaxcala - DEBUG -     gz_id=1003642 'jiutetelco' score=0.722 nombre=False saint_only=False terr= phase=relegated
2026-07-29 15:33:58 - matching_Tlaxcala - DEBUG -     gz_id=2000460 'san juan tepesontes' score=0.722 nombre=False saint_only=False terr= phase=relegated
2026-07-29 15:33:58 - matching_Tlaxcala - DEBUG -     gz_id=1000960 'tetelpa' score=0.720 nombre=False saint_only=False terr= phase=relegated
2026-07-29 15:33:58 - matching_Tlaxcala - DEBUG -     gz_id=1003018 'ialalag' score=0.720 nombre=False saint_only=False terr= phase=relegated
2026-07-29 15:33:58 - matching_Tlaxcala - DEBUG -     gz_id=1003416 'epatlan' score=0.720 nombre=False saint_only=False terr= phase=relegated
2026-07-29 15:33:58 - matching_Tlaxcala - DEBUG -     gz_id=1003519 'tepango' score=0.720 nombre=False saint_only=False terr= phase=relegated
2026-07-29 15:33:58 - matching_Tlaxcala - DEBUG -     gz_id=1003630 'jonotla' score=0.720 nombre=False saint_only=False terr= phase=relegated
2026-07-29 15:33:58 - matching_Tlaxcala - DEBUG -     gz_id=2000508 'poloros' score=0.720 nombre=False saint_only=False terr= phase=relegated
2026-07-29 15:33:58 - matching_Tlaxcala - DEBUG -     gz_id=2000779 'san juan hermita' score=0.720 nombre=False saint_only=False terr= phase=relegated
2026-07-29 15:33:58 - matching_Tlaxcala - DEBUG -     gz_id=6001254 'llallan' score=0.720 nombre=False saint_only=False terr= phase=relegated
2026-07-29 15:33:58 - matching_Tlaxcala - DEBUG -     gz_id=1001222 'amajaque' score=0.714 nombre=False saint_only=False terr= phase=relegated
2026-07-29 15:33:58 - matching_Tlaxcala - DEBUG -     gz_id=1003160 'teotlalco' score=0.714 nombre=False saint_only=False terr= phase=relegated
2026-07-29 15:33:58 - matching_Tlaxcala - DEBUG -     gz_id=1004218 'otontepec' score=0.714 nombre=False saint_only=False terr= phase=relegated
2026-07-29 15:33:58 - matching_Tlaxcala - DEBUG -     gz_id=5000119 'sampues' score=0.714 nombre=False saint_only=False terr= phase=relegated
2026-07-29 15:33:58 - matching_Tlaxcala - DEBUG -     gz_id=1000501 'tecomatlan' score=0.710 nombre=False saint_only=False terr= phase=relegated
2026-07-29 15:33:58 - matching_Tlaxcala - DEBUG -     gz_id=1000781 'tepecoculco' score=0.710 nombre=False saint_only=False terr= phase=relegated
2026-07-29 15:33:58 - matching_Tlaxcala - DEBUG -     gz_id=1001239 'chiconcoac' score=0.710 nombre=False saint_only=False terr= phase=relegated
2026-07-29 15:33:58 - matching_Tlaxcala - DEBUG -     gz_id=1001264 'huisnopala' score=0.710 nombre=False saint_only=False terr= phase=relegated
2026-07-29 15:33:58 - matching_Tlaxcala - DEBUG -     gz_id=1001346 'cincoatlan' score=0.710 nombre=False saint_only=False terr= phase=relegated
2026-07-29 15:33:58 - matching_Tlaxcala - DEBUG -     gz_id=1001808 'ixtaiopan' score=0.710 nombre=False saint_only=False terr= phase=relegated
2026-07-29 15:33:58 - matching_Tlaxcala - DEBUG -     gz_id=1001816 'tepenahuac' score=0.710 nombre=False saint_only=False terr= phase=relegated
2026-07-29 15:33:58 - matching_Tlaxcala - DEBUG -     gz_id=1001830 'ahuacatlan' score=0.710 nombre=False saint_only=False terr= phase=relegated
2026-07-29 15:33:58 - matching_Tlaxcala - DEBUG -     gz_id=1002358 'nochixtlan' score=0.710 nombre=False saint_only=False terr= phase=relegated
2026-07-29 15:33:58 - matching_Tlaxcala - DEBUG -     gz_id=1003047 'lachigalla' score=0.710 nombre=False saint_only=False terr= phase=relegated
2026-07-29 15:33:58 - matching_Tlaxcala - DEBUG -     gz_id=1003455 'quimixtlan' score=0.710 nombre=False saint_only=False terr= phase=relegated
2026-07-29 15:33:58 - matching_Tlaxcala - DEBUG -     gz_id=1003649 'ahuacatlan' score=0.710 nombre=False saint_only=False terr= phase=relegated
2026-07-29 15:33:58 - matching_Tlaxcala - DEBUG -     gz_id=1003758 'ahuacatlan' score=0.710 nombre=False saint_only=False terr= phase=relegated
2026-07-29 15:33:58 - matching_Tlaxcala - DEBUG -     gz_id=1004294 'san juan miahuatlan' score=0.710 nombre=False saint_only=False terr= phase=relegated
2026-07-29 15:33:58 - matching_Tlaxcala - DEBUG -     gz_id=5000122 'menchiquejo' score=0.710 nombre=False saint_only=False terr= phase=relegated
2026-07-29 15:33:58 - matching_Tlaxcala - DEBUG -     gz_id=5000291 'penonome' score=0.710 nombre=False saint_only=False terr= phase=relegated
2026-07-29 15:33:58 - matching_Tlaxcala - DEBUG -     gz_id=6000901 'huaricanga' score=0.710 nombre=False saint_only=False terr= phase=relegated
2026-07-29 15:33:58 - matching_Tlaxcala - DEBUG -     gz_id=8000285 'berenhuela' score=0.710 nombre=False saint_only=False terr= phase=relegated
2026-07-29 15:33:58 - matching_Tlaxcala - DEBUG -     gz_id=1001669 'tesontla' score=0.706 nombre=False saint_only=False terr= phase=relegated
2026-07-29 15:33:58 - matching_Tlaxcala - DEBUG -     gz_id=1002628 'tamasola' score=0.706 nombre=False saint_only=False terr= phase=relegated
2026-07-29 15:33:58 - matching_Tlaxcala - DEBUG -     gz_id=2000403 'leprosos' score=0.706 nombre=False saint_only=False terr= phase=relegated
2026-07-29 15:33:58 - matching_Tlaxcala - DEBUG -     gz_id=3000107 'san juan i martines' score=0.706 nombre=False saint_only=False terr= phase=relegated
2026-07-29 15:33:58 - matching_Tlaxcala - DEBUG -     gz_id=9900902 'frai juan' score=0.706 nombre=False saint_only=False terr= phase=relegated
2026-07-29 15:33:58 - matching_Tlaxcala - DEBUG -     gz_id=1000814 'alpuiecancingo' score=0.703 nombre=False saint_only=False terr= phase=relegated
2026-07-29 15:33:58 - matching_Tlaxcala - DEBUG -     gz_id=1000950 'teocalcingo' score=0.703 nombre=False saint_only=False terr= phase=relegated
2026-07-29 15:33:58 - matching_Tlaxcala - DEBUG -     gz_id=1001834 'chalchocotla' score=0.703 nombre=False saint_only=False terr= phase=relegated
2026-07-29 15:33:58 - matching_Tlaxcala - DEBUG -     gz_id=2000074 'ocosocoautla' score=0.703 nombre=False saint_only=False terr= phase=relegated
2026-07-29 15:33:58 - matching_Tlaxcala - DEBUG -     gz_id=2000179 'ostuncalco' score=0.703 nombre=False saint_only=False terr= phase=relegated
2026-07-29 15:33:58 - matching_Tlaxcala - DEBUG -     gz_id=5000108 'timirihuaco' score=0.703 nombre=False saint_only=False terr= phase=relegated
2026-07-29 15:33:58 - matching_Tlaxcala - DEBUG -     gz_id=5600494 'juan lopes' score=0.700 nombre=False saint_only=False terr= phase=relegated
2026-07-29 15:33:58 - matching_Tlaxcala - INFO -   Before dedup: 353 candidates
2026-07-29 15:33:58 - matching_Tlaxcala - INFO -   After dedup: 353 unique gz_ids
2026-07-29 15:33:58 - matching_Tlaxcala - INFO -   Input has territorial data: False
2026-07-29 15:33:58 - matching_Tlaxcala - INFO -   Candidates with territory match: 0
2026-07-29 15:33:58 - matching_Tlaxcala - INFO -   No territorial filtering applied (no input territorial data)
2026-07-29 15:33:58 - matching_Tlaxcala - INFO -   Nombre matches (exact on lugar_nombre): 0
2026-07-29 15:33:58 - matching_Tlaxcala - INFO -   Saint-only matches: 0
2026-07-29 15:33:58 - matching_Tlaxcala - INFO -   Substantive matches: 353
2026-07-29 15:33:58 - matching_Tlaxcala - INFO -   Candidate pool (>= threshold): 50
2026-07-29 15:33:58 - matching_Tlaxcala - INFO -   50 candidate(s) -> candidate
2026-07-29 15:33:58 - matching_Tlaxcala - INFO -   rowID=166: found at step 'no_partido_jurisdiccion'
2026-07-29 15:33:58 - matching_Tlaxcala - INFO - 
============================================================
2026-07-29 15:33:58 - matching_Tlaxcala - INFO - Processing rowID=168: 'Nuestra Señora del Rosario' -> cleaned: 'nuestra cenora rosario'
2026-07-29 15:33:58 - matching_Tlaxcala - INFO -   Territorial context: (none)='' -> allowed rows: all
2026-07-29 15:33:58 - matching_Tlaxcala - INFO -   Token-based candidates: 102
2026-07-29 15:33:58 - matching_Tlaxcala - INFO -   Filtering: need match on substantive tokens: ['cenora', 'rosario'] OR 2+ total tokens
2026-07-29 15:33:58 - matching_Tlaxcala - INFO -   After filtering weak token matches: 93 candidates
2026-07-29 15:33:58 - matching_Tlaxcala - INFO -   Fuzzy matches (score >= 70, limit=500): 57
2026-07-29 15:33:58 - matching_Tlaxcala - DEBUG -     gz_id=5000747 'colejio' score=1.000 nombre=False saint_only=False terr= phase=auto_adopt
2026-07-29 15:33:58 - matching_Tlaxcala - DEBUG -     gz_id=5000784 'rosario' score=1.000 nombre=False saint_only=False terr= phase=candidate
2026-07-29 15:33:58 - matching_Tlaxcala - DEBUG -     gz_id=9000247 'rosario' score=1.000 nombre=False saint_only=False terr= phase=candidate
2026-07-29 15:33:58 - matching_Tlaxcala - DEBUG -     gz_id=9000511 'rosario' score=1.000 nombre=False saint_only=False terr= phase=candidate
2026-07-29 15:33:58 - matching_Tlaxcala - DEBUG -     gz_id=3000210 'iauco' score=1.000 nombre=False saint_only=False terr= phase=auto_adopt
2026-07-29 15:33:58 - matching_Tlaxcala - DEBUG -     gz_id=1004801 'rosario' score=1.000 nombre=False saint_only=False terr= phase=candidate
2026-07-29 15:33:58 - matching_Tlaxcala - DEBUG -     gz_id=1000614 'nuestra cenora rosario' score=1.000 nombre=True saint_only=False terr= phase=auto_adopt
2026-07-29 15:33:58 - matching_Tlaxcala - DEBUG -     gz_id=2000925 'rosario' score=1.000 nombre=False saint_only=False terr= phase=candidate
2026-07-29 15:33:58 - matching_Tlaxcala - DEBUG -     gz_id=7000199 'rosario' score=1.000 nombre=False saint_only=False terr= phase=candidate
2026-07-29 15:33:58 - matching_Tlaxcala - DEBUG -     gz_id=4000166 'ipire' score=1.000 nombre=False saint_only=False terr= phase=candidate
2026-07-29 15:33:58 - matching_Tlaxcala - DEBUG -     gz_id=1002208 'rosario' score=1.000 nombre=False saint_only=False terr= phase=candidate
2026-07-29 15:33:58 - matching_Tlaxcala - DEBUG -     gz_id=1002734 'rosario' score=1.000 nombre=False saint_only=False terr= phase=candidate
2026-07-29 15:33:58 - matching_Tlaxcala - DEBUG -     gz_id=9000065 'rosario' score=1.000 nombre=False saint_only=False terr= phase=candidate
2026-07-29 15:33:58 - matching_Tlaxcala - DEBUG -     gz_id=8000278 'rosario' score=1.000 nombre=False saint_only=False terr= phase=candidate
2026-07-29 15:33:58 - matching_Tlaxcala - DEBUG -     gz_id=3000022 'rosario' score=1.000 nombre=False saint_only=False terr= phase=candidate
2026-07-29 15:33:58 - matching_Tlaxcala - DEBUG -     gz_id=5000405 'rosario' score=1.000 nombre=False saint_only=False terr= phase=candidate
2026-07-29 15:33:58 - matching_Tlaxcala - DEBUG -     gz_id=7000046 'rosario' score=1.000 nombre=False saint_only=False terr= phase=candidate
2026-07-29 15:33:58 - matching_Tlaxcala - DEBUG -     gz_id=1000210 'rosario' score=1.000 nombre=False saint_only=False terr= phase=candidate
2026-07-29 15:33:58 - matching_Tlaxcala - DEBUG -     gz_id=8000614 'rosario' score=1.000 nombre=False saint_only=False terr= phase=candidate
2026-07-29 15:33:58 - matching_Tlaxcala - DEBUG -     gz_id=1000391 'nuestra cenora raio' score=0.944 nombre=False saint_only=False terr= phase=auto_adopt
2026-07-29 15:33:58 - matching_Tlaxcala - DEBUG -     gz_id=1000261 'loreto' score=0.895 nombre=False saint_only=False terr= phase=candidate
2026-07-29 15:33:58 - matching_Tlaxcala - DEBUG -     gz_id=9900125 'loreto' score=0.895 nombre=False saint_only=False terr= phase=candidate
2026-07-29 15:33:58 - matching_Tlaxcala - DEBUG -     gz_id=1004507 'nuestra cenora pilar' score=0.889 nombre=False saint_only=False terr= phase=candidate
2026-07-29 15:33:58 - matching_Tlaxcala - DEBUG -     gz_id=5000604 'alto rosario' score=1.000 nombre=False saint_only=False terr= phase=candidate
2026-07-29 15:33:58 - matching_Tlaxcala - DEBUG -     gz_id=1000276 'ioquibo' score=0.850 nombre=False saint_only=False terr= phase=candidate
2026-07-29 15:33:58 - matching_Tlaxcala - DEBUG -     gz_id=1000583 'matatlan' score=0.850 nombre=False saint_only=False terr= phase=candidate
2026-07-29 15:33:58 - matching_Tlaxcala - DEBUG -     gz_id=1000723 'saucillo' score=0.850 nombre=False saint_only=False terr= phase=candidate
2026-07-29 15:33:58 - matching_Tlaxcala - DEBUG -     gz_id=1001291 'molango' score=0.850 nombre=False saint_only=False terr= phase=candidate
2026-07-29 15:33:58 - matching_Tlaxcala - DEBUG -     gz_id=1000587 'sapotlan' score=0.842 nombre=False saint_only=False terr= phase=relegated
2026-07-29 15:33:58 - matching_Tlaxcala - DEBUG -     gz_id=1004699 'nuestra cenora jonjon' score=0.842 nombre=False saint_only=False terr= phase=relegated
2026-07-29 15:33:58 - matching_Tlaxcala - DEBUG -     gz_id=1000324 'alamos' score=0.829 nombre=False saint_only=False terr= phase=relegated
2026-07-29 15:33:58 - matching_Tlaxcala - DEBUG -     gz_id=1000412 'saiula' score=0.829 nombre=False saint_only=False terr= phase=relegated
2026-07-29 15:33:58 - matching_Tlaxcala - DEBUG -     gz_id=9000109 'dolores' score=0.829 nombre=False saint_only=False terr= phase=relegated
2026-07-29 15:33:58 - matching_Tlaxcala - DEBUG -     gz_id=1000256 'huahuachique' score=0.829 nombre=False saint_only=False terr= phase=relegated
2026-07-29 15:33:58 - matching_Tlaxcala - DEBUG -     gz_id=4000064 'caucahua' score=0.821 nombre=False saint_only=False terr= phase=relegated
2026-07-29 15:33:58 - matching_Tlaxcala - DEBUG -     gz_id=1000297 'nonoaba' score=0.821 nombre=False saint_only=False terr= phase=relegated
2026-07-29 15:33:58 - matching_Tlaxcala - DEBUG -     gz_id=1000298 'norogachi' score=0.821 nombre=False saint_only=False terr= phase=relegated
2026-07-29 15:33:58 - matching_Tlaxcala - DEBUG -     gz_id=1000327 'bacabureachi' score=0.821 nombre=False saint_only=False terr= phase=relegated
2026-07-29 15:33:58 - matching_Tlaxcala - DEBUG -     gz_id=1000656 'huaje' score=0.821 nombre=False saint_only=False terr= phase=relegated
2026-07-29 15:33:58 - matching_Tlaxcala - DEBUG -     gz_id=9000149 'macapillo' score=0.821 nombre=False saint_only=False terr= phase=relegated
2026-07-29 15:33:58 - matching_Tlaxcala - DEBUG -     gz_id=1000313 'santa crus' score=1.000 nombre=False saint_only=False terr= phase=candidate
2026-07-29 15:33:58 - matching_Tlaxcala - DEBUG -     gz_id=9900748 'nueba bilbao' score=0.811 nombre=False saint_only=False terr= phase=relegated
2026-07-29 15:33:58 - matching_Tlaxcala - DEBUG -     gz_id=7000317 'cauquenes' score=0.811 nombre=False saint_only=False terr= phase=relegated
2026-07-29 15:33:58 - matching_Tlaxcala - DEBUG -     gz_id=1003925 'ahome' score=0.810 nombre=False saint_only=False terr= phase=relegated
2026-07-29 15:33:58 - matching_Tlaxcala - DEBUG -     gz_id=1004091 'ocotlan' score=0.773 nombre=False saint_only=False terr= phase=relegated
2026-07-29 15:33:58 - matching_Tlaxcala - DEBUG -     gz_id=8000654 'penas' score=0.762 nombre=False saint_only=False terr= phase=relegated
2026-07-29 15:33:58 - matching_Tlaxcala - DEBUG -     gz_id=1005406 'nacosari' score=1.000 nombre=False saint_only=False terr= phase=candidate
2026-07-29 15:33:58 - matching_Tlaxcala - DEBUG -     gz_id=9000227 'ajos' score=1.000 nombre=False saint_only=False terr= phase=candidate
2026-07-29 15:33:58 - matching_Tlaxcala - DEBUG -     gz_id=1002828 'santa maria rosario' score=1.000 nombre=False saint_only=False terr= phase=candidate
2026-07-29 15:33:58 - matching_Tlaxcala - DEBUG -     gz_id=9000157 'tala' score=1.000 nombre=False saint_only=False terr= phase=candidate
2026-07-29 15:33:58 - matching_Tlaxcala - DEBUG -     gz_id=9000210 'luque' score=1.000 nombre=False saint_only=False terr= phase=candidate
2026-07-29 15:33:58 - matching_Tlaxcala - DEBUG -     gz_id=3000191 'punta' score=1.000 nombre=False saint_only=False terr= phase=candidate
2026-07-29 15:33:58 - matching_Tlaxcala - DEBUG -     gz_id=9900326 'tucui' score=1.000 nombre=False saint_only=False terr= phase=candidate
2026-07-29 15:33:58 - matching_Tlaxcala - DEBUG -     gz_id=5000571 'lajas' score=1.000 nombre=False saint_only=False terr= phase=candidate
2026-07-29 15:33:58 - matching_Tlaxcala - DEBUG -     gz_id=9000056 'bajada' score=1.000 nombre=False saint_only=False terr= phase=candidate
2026-07-29 15:33:58 - matching_Tlaxcala - DEBUG -     gz_id=4000198 'cua' score=1.000 nombre=False saint_only=False terr= phase=candidate
2026-07-29 15:33:58 - matching_Tlaxcala - DEBUG -     gz_id=4000548 'palma' score=1.000 nombre=False saint_only=False terr= phase=candidate
2026-07-29 15:33:58 - matching_Tlaxcala - INFO -   Before dedup: 57 candidates
2026-07-29 15:33:58 - matching_Tlaxcala - INFO -   After dedup: 57 unique gz_ids
2026-07-29 15:33:58 - matching_Tlaxcala - INFO -   Input has territorial data: False
2026-07-29 15:33:58 - matching_Tlaxcala - INFO -   Candidates with territory match: 0
2026-07-29 15:33:58 - matching_Tlaxcala - INFO -   No territorial filtering applied (no input territorial data)
2026-07-29 15:33:58 - matching_Tlaxcala - INFO -   Nombre matches (exact on lugar_nombre): 1
2026-07-29 15:33:58 - matching_Tlaxcala - INFO -   Saint-only matches: 0
2026-07-29 15:33:58 - matching_Tlaxcala - INFO -   Substantive matches: 57
2026-07-29 15:33:58 - matching_Tlaxcala - INFO -   NOMBRE PRIORITY: Keeping ONLY 1 nombre matches, discarding 56 others
2026-07-29 15:33:58 - matching_Tlaxcala - INFO -      gz_id=1000614: Nuestra Señora del Rosario
2026-07-29 15:33:58 - matching_Tlaxcala - INFO -   Candidate pool (>= threshold): 1
2026-07-29 15:33:58 - matching_Tlaxcala - INFO -   1 candidate(s) -> candidate
2026-07-29 15:33:58 - matching_Tlaxcala - INFO -   rowID=168: found at step 'no_partido_jurisdiccion'
2026-07-29 15:33:58 - matching_Tlaxcala - INFO - 
============================================================
2026-07-29 15:33:58 - matching_Tlaxcala - INFO - Processing rowID=169: 'Massaquiahuac' -> cleaned: 'massaquiahuac'
2026-07-29 15:33:58 - matching_Tlaxcala - INFO -   Territorial context: (none)='' -> allowed rows: all
2026-07-29 15:33:58 - matching_Tlaxcala - INFO -   Token-based candidates: 0
2026-07-29 15:33:58 - matching_Tlaxcala - WARNING -   No candidates found - relegated
2026-07-29 15:33:58 - matching_Tlaxcala - INFO - 
============================================================
2026-07-29 15:33:58 - matching_Tlaxcala - INFO - Processing rowID=169: 'Massaquiahuac' -> cleaned: 'massaquiahuac'
2026-07-29 15:33:58 - matching_Tlaxcala - INFO -   Territorial context: (none)='' -> allowed rows: all
2026-07-29 15:33:58 - matching_Tlaxcala - INFO -   Token-based candidates: 0
2026-07-29 15:33:58 - matching_Tlaxcala - WARNING -   No candidates found - relegated
2026-07-29 15:33:58 - matching_Tlaxcala - INFO - 
============================================================
2026-07-29 15:33:58 - matching_Tlaxcala - INFO - Processing rowID=169: 'Massaquiahuac' -> cleaned: 'massaquiahuac'
2026-07-29 15:33:58 - matching_Tlaxcala - INFO -   Territorial context: (none)='' -> allowed rows: all
2026-07-29 15:33:58 - matching_Tlaxcala - INFO -   Token-based candidates: 0
2026-07-29 15:33:58 - matching_Tlaxcala - WARNING -   No candidates found - relegated
2026-07-29 15:33:58 - matching_Tlaxcala - INFO - 
============================================================
2026-07-29 15:33:58 - matching_Tlaxcala - INFO - Processing rowID=170: 'Los Jardines' -> cleaned: 'jardines'
2026-07-29 15:33:58 - matching_Tlaxcala - INFO -   Territorial context: (none)='' -> allowed rows: all
2026-07-29 15:33:58 - matching_Tlaxcala - INFO -   Token-based candidates: 0
2026-07-29 15:33:58 - matching_Tlaxcala - WARNING -   No candidates found - relegated
2026-07-29 15:33:58 - matching_Tlaxcala - INFO - 
============================================================
2026-07-29 15:33:58 - matching_Tlaxcala - INFO - Processing rowID=170: 'Los Jardines' -> cleaned: 'jardines'
2026-07-29 15:33:58 - matching_Tlaxcala - INFO -   Territorial context: (none)='' -> allowed rows: all
2026-07-29 15:33:58 - matching_Tlaxcala - INFO -   Token-based candidates: 0
2026-07-29 15:33:58 - matching_Tlaxcala - WARNING -   No candidates found - relegated
2026-07-29 15:33:58 - matching_Tlaxcala - INFO - 
============================================================
2026-07-29 15:33:58 - matching_Tlaxcala - INFO - Processing rowID=170: 'Los Jardines' -> cleaned: 'jardines'
2026-07-29 15:33:58 - matching_Tlaxcala - INFO -   Territorial context: (none)='' -> allowed rows: all
2026-07-29 15:33:58 - matching_Tlaxcala - INFO -   Token-based candidates: 0
2026-07-29 15:33:58 - matching_Tlaxcala - WARNING -   No candidates found - relegated
2026-07-29 15:33:58 - matching_Tlaxcala - INFO - Processing row 170, rowID=171
2026-07-29 15:33:58 - matching_Tlaxcala - INFO - 
============================================================
2026-07-29 15:33:58 - matching_Tlaxcala - INFO - Processing rowID=171: 'Zoltepeque' -> cleaned: 'soltepeque'
2026-07-29 15:33:58 - matching_Tlaxcala - INFO -   Territorial context: (none)='' -> allowed rows: all
2026-07-29 15:33:58 - matching_Tlaxcala - INFO -   Token-based candidates: 7
2026-07-29 15:33:58 - matching_Tlaxcala - INFO -   Fuzzy matches (score >= 70, limit=500): 7
2026-07-29 15:33:58 - matching_Tlaxcala - DEBUG -     gz_id=2000475 'quesaltepeque cierra' score=0.900 nombre=False saint_only=False terr= phase=auto_adopt
2026-07-29 15:33:58 - matching_Tlaxcala - DEBUG -     gz_id=2000552 'ocotepeque' score=0.889 nombre=False saint_only=False terr= phase=candidate
2026-07-29 15:33:58 - matching_Tlaxcala - DEBUG -     gz_id=2000438 'teotepeque' score=0.889 nombre=False saint_only=False terr= phase=candidate
2026-07-29 15:33:58 - matching_Tlaxcala - DEBUG -     gz_id=2000239 'ixtepeque' score=0.875 nombre=False saint_only=False terr= phase=candidate
2026-07-29 15:33:58 - matching_Tlaxcala - DEBUG -     gz_id=2000424 'coatepeque' score=0.842 nombre=False saint_only=False terr= phase=relegated
2026-07-29 15:33:58 - matching_Tlaxcala - DEBUG -     gz_id=2000371 'coatepeque' score=0.842 nombre=False saint_only=False terr= phase=relegated
2026-07-29 15:33:58 - matching_Tlaxcala - DEBUG -     gz_id=2000183 'olintepeque' score=0.824 nombre=False saint_only=False terr= phase=relegated
2026-07-29 15:33:58 - matching_Tlaxcala - INFO -   Before dedup: 7 candidates
2026-07-29 15:33:58 - matching_Tlaxcala - INFO -   After dedup: 7 unique gz_ids
2026-07-29 15:33:58 - matching_Tlaxcala - INFO -   Input has territorial data: False
2026-07-29 15:33:58 - matching_Tlaxcala - INFO -   Candidates with territory match: 0
2026-07-29 15:33:58 - matching_Tlaxcala - INFO -   No territorial filtering applied (no input territorial data)
2026-07-29 15:33:58 - matching_Tlaxcala - INFO -   Nombre matches (exact on lugar_nombre): 0
2026-07-29 15:33:58 - matching_Tlaxcala - INFO -   Saint-only matches: 0
2026-07-29 15:33:58 - matching_Tlaxcala - INFO -   Substantive matches: 7
2026-07-29 15:33:58 - matching_Tlaxcala - INFO -   Candidate pool (>= threshold): 4
2026-07-29 15:33:58 - matching_Tlaxcala - INFO -   4 candidate(s) -> candidate
2026-07-29 15:33:58 - matching_Tlaxcala - INFO -   rowID=171: found at step 'no_partido_jurisdiccion'
2026-07-29 15:33:58 - matching_Tlaxcala - INFO - 
============================================================
2026-07-29 15:33:58 - matching_Tlaxcala - INFO - Processing rowID=172: 'San Andrés Buena Vista' -> cleaned: 'san andres buena bista'
2026-07-29 15:33:58 - matching_Tlaxcala - INFO -   Territorial context: (none)='' -> allowed rows: all
2026-07-29 15:33:58 - matching_Tlaxcala - INFO -   Token-based candidates: 4471
2026-07-29 15:33:58 - matching_Tlaxcala - INFO -   Filtering: need match on substantive tokens: ['bista', 'andres', 'buena'] OR 2+ total tokens
2026-07-29 15:33:59 - matching_Tlaxcala - INFO -   After filtering weak token matches: 147 candidates
2026-07-29 15:33:59 - matching_Tlaxcala - INFO -   Fuzzy matches (score >= 70, limit=500): 134
2026-07-29 15:33:59 - matching_Tlaxcala - DEBUG -     gz_id=1000264 'san andres' score=1.000 nombre=False saint_only=False terr= phase=auto_adopt
2026-07-29 15:33:59 - matching_Tlaxcala - DEBUG -     gz_id=1000281 'san andres' score=1.000 nombre=False saint_only=False terr= phase=auto_adopt
2026-07-29 15:33:59 - matching_Tlaxcala - DEBUG -     gz_id=1000593 'san andres' score=1.000 nombre=False saint_only=False terr= phase=auto_adopt
2026-07-29 15:33:59 - matching_Tlaxcala - DEBUG -     gz_id=1000615 'san andres' score=1.000 nombre=False saint_only=False terr= phase=auto_adopt
2026-07-29 15:33:59 - matching_Tlaxcala - DEBUG -     gz_id=1000856 'san andres' score=1.000 nombre=False saint_only=False terr= phase=auto_adopt
2026-07-29 15:33:59 - matching_Tlaxcala - DEBUG -     gz_id=1000891 'hueiapan' score=1.000 nombre=False saint_only=False terr= phase=candidate
2026-07-29 15:33:59 - matching_Tlaxcala - DEBUG -     gz_id=1000942 'san andres' score=1.000 nombre=False saint_only=False terr= phase=auto_adopt
2026-07-29 15:33:59 - matching_Tlaxcala - DEBUG -     gz_id=1001434 'san andres' score=1.000 nombre=False saint_only=False terr= phase=auto_adopt
2026-07-29 15:33:59 - matching_Tlaxcala - DEBUG -     gz_id=1001762 'san andres' score=1.000 nombre=False saint_only=False terr= phase=auto_adopt
2026-07-29 15:33:59 - matching_Tlaxcala - DEBUG -     gz_id=1002356 'montana' score=1.000 nombre=False saint_only=False terr= phase=auto_adopt
2026-07-29 15:33:59 - matching_Tlaxcala - DEBUG -     gz_id=1002817 'san andres' score=1.000 nombre=False saint_only=False terr= phase=auto_adopt
2026-07-29 15:33:59 - matching_Tlaxcala - DEBUG -     gz_id=1003609 'san andres' score=1.000 nombre=False saint_only=False terr= phase=auto_adopt
2026-07-29 15:33:59 - matching_Tlaxcala - DEBUG -     gz_id=1004261 'san andres' score=1.000 nombre=False saint_only=False terr= phase=auto_adopt
2026-07-29 15:33:59 - matching_Tlaxcala - DEBUG -     gz_id=2000016 'san andres' score=1.000 nombre=False saint_only=False terr= phase=auto_adopt
2026-07-29 15:33:59 - matching_Tlaxcala - DEBUG -     gz_id=2000351 'san andres' score=1.000 nombre=False saint_only=False terr= phase=auto_adopt
2026-07-29 15:33:59 - matching_Tlaxcala - DEBUG -     gz_id=2000376 'san andres' score=1.000 nombre=False saint_only=False terr= phase=auto_adopt
2026-07-29 15:33:59 - matching_Tlaxcala - DEBUG -     gz_id=2000835 'san andres' score=1.000 nombre=False saint_only=False terr= phase=auto_adopt
2026-07-29 15:33:59 - matching_Tlaxcala - DEBUG -     gz_id=5000132 'san andres' score=1.000 nombre=False saint_only=False terr= phase=auto_adopt
2026-07-29 15:33:59 - matching_Tlaxcala - DEBUG -     gz_id=5000615 'san andres' score=1.000 nombre=False saint_only=False terr= phase=auto_adopt
2026-07-29 15:33:59 - matching_Tlaxcala - DEBUG -     gz_id=5000816 'san andres' score=1.000 nombre=False saint_only=False terr= phase=auto_adopt
2026-07-29 15:33:59 - matching_Tlaxcala - DEBUG -     gz_id=5600263 'san andres' score=1.000 nombre=False saint_only=False terr= phase=auto_adopt
2026-07-29 15:33:59 - matching_Tlaxcala - DEBUG -     gz_id=6000525 'san andres' score=1.000 nombre=False saint_only=False terr= phase=auto_adopt
2026-07-29 15:33:59 - matching_Tlaxcala - DEBUG -     gz_id=8000389 'buena bista' score=1.000 nombre=False saint_only=False terr= phase=candidate
2026-07-29 15:33:59 - matching_Tlaxcala - DEBUG -     gz_id=9000256 'san andres' score=1.000 nombre=False saint_only=False terr= phase=auto_adopt
2026-07-29 15:33:59 - matching_Tlaxcala - DEBUG -     gz_id=9000313 'buena bista' score=1.000 nombre=False saint_only=False terr= phase=auto_adopt
2026-07-29 15:33:59 - matching_Tlaxcala - DEBUG -     gz_id=9900281 'san andres' score=1.000 nombre=False saint_only=False terr= phase=auto_adopt
2026-07-29 15:33:59 - matching_Tlaxcala - DEBUG -     gz_id=9900731 'san andres' score=1.000 nombre=False saint_only=False terr= phase=auto_adopt
2026-07-29 15:33:59 - matching_Tlaxcala - DEBUG -     gz_id=1003007 'iaa' score=0.880 nombre=False saint_only=False terr= phase=candidate
2026-07-29 15:33:59 - matching_Tlaxcala - DEBUG -     gz_id=1002514 'lobene' score=0.875 nombre=False saint_only=False terr= phase=candidate
2026-07-29 15:33:59 - matching_Tlaxcala - DEBUG -     gz_id=2000747 'san andres dean' score=0.867 nombre=False saint_only=False terr= phase=candidate
2026-07-29 15:33:59 - matching_Tlaxcala - DEBUG -     gz_id=1002198 'teul' score=0.857 nombre=False saint_only=False terr= phase=candidate
2026-07-29 15:33:59 - matching_Tlaxcala - DEBUG -     gz_id=9900013 'bilis' score=0.857 nombre=False saint_only=False terr= phase=candidate
2026-07-29 15:33:59 - matching_Tlaxcala - DEBUG -     gz_id=1001509 'san andres gama' score=0.846 nombre=False saint_only=False terr= phase=relegated
2026-07-29 15:33:59 - matching_Tlaxcala - DEBUG -     gz_id=1002256 'san andres alto' score=0.846 nombre=False saint_only=False terr= phase=relegated
2026-07-29 15:33:59 - matching_Tlaxcala - DEBUG -     gz_id=2000169 'jecul' score=0.828 nombre=False saint_only=False terr= phase=relegated
2026-07-29 15:33:59 - matching_Tlaxcala - DEBUG -     gz_id=5000273 'san andres huaca' score=0.828 nombre=False saint_only=False terr= phase=relegated
2026-07-29 15:33:59 - matching_Tlaxcala - DEBUG -     gz_id=9900008 'san andres jesus' score=0.828 nombre=False saint_only=False terr= phase=relegated
2026-07-29 15:33:59 - matching_Tlaxcala - DEBUG -     gz_id=1002818 'san andres lahunas' score=0.824 nombre=False saint_only=False terr= phase=relegated
2026-07-29 15:33:59 - matching_Tlaxcala - DEBUG -     gz_id=1003451 'hueiapan' score=0.824 nombre=False saint_only=False terr= phase=relegated
2026-07-29 15:33:59 - matching_Tlaxcala - DEBUG -     gz_id=1000766 'metla' score=0.815 nombre=False saint_only=False terr= phase=relegated
2026-07-29 15:33:59 - matching_Tlaxcala - DEBUG -     gz_id=2000202 'isapa' score=0.815 nombre=False saint_only=False terr= phase=relegated
2026-07-29 15:33:59 - matching_Tlaxcala - DEBUG -     gz_id=5600016 'canoa' score=0.815 nombre=False saint_only=False terr= phase=relegated
2026-07-29 15:33:59 - matching_Tlaxcala - DEBUG -     gz_id=6001396 'frias' score=0.815 nombre=False saint_only=False terr= phase=relegated
2026-07-29 15:33:59 - matching_Tlaxcala - DEBUG -     gz_id=1001477 'tuxpan' score=0.812 nombre=False saint_only=False terr= phase=relegated
2026-07-29 15:33:59 - matching_Tlaxcala - DEBUG -     gz_id=1002279 'sabache' score=0.812 nombre=False saint_only=False terr= phase=relegated
2026-07-29 15:33:59 - matching_Tlaxcala - DEBUG -     gz_id=1002624 'nujino' score=0.812 nombre=False saint_only=False terr= phase=relegated
2026-07-29 15:33:59 - matching_Tlaxcala - DEBUG -     gz_id=1002417 'sautla' score=0.800 nombre=False saint_only=False terr= phase=relegated
2026-07-29 15:33:59 - matching_Tlaxcala - DEBUG -     gz_id=1003774 'hueitlalpan' score=0.800 nombre=False saint_only=False terr= phase=relegated
2026-07-29 15:33:59 - matching_Tlaxcala - DEBUG -     gz_id=1004247 'san andres tuxtla' score=0.800 nombre=False saint_only=False terr= phase=relegated
2026-07-29 15:33:59 - matching_Tlaxcala - DEBUG -     gz_id=2000162 'cuilco' score=0.800 nombre=False saint_only=False terr= phase=relegated
2026-07-29 15:33:59 - matching_Tlaxcala - DEBUG -     gz_id=2000498 'iamabal' score=0.800 nombre=False saint_only=False terr= phase=relegated
2026-07-29 15:33:59 - matching_Tlaxcala - DEBUG -     gz_id=2000543 'isla san andres' score=0.800 nombre=False saint_only=False terr= phase=relegated
2026-07-29 15:33:59 - matching_Tlaxcala - DEBUG -     gz_id=5600070 'tumaco' score=0.800 nombre=False saint_only=False terr= phase=relegated
2026-07-29 15:33:59 - matching_Tlaxcala - DEBUG -     gz_id=7000113 'curico' score=1.000 nombre=False saint_only=False terr= phase=candidate
2026-07-29 15:33:59 - matching_Tlaxcala - DEBUG -     gz_id=1005464 'san andres cierra' score=0.788 nombre=False saint_only=False terr= phase=relegated
2026-07-29 15:33:59 - matching_Tlaxcala - DEBUG -     gz_id=9900843 'huapijuje' score=0.788 nombre=False saint_only=False terr= phase=relegated
2026-07-29 15:33:59 - matching_Tlaxcala - DEBUG -     gz_id=1000537 'ajijic' score=0.786 nombre=False saint_only=False terr= phase=relegated
2026-07-29 15:33:59 - matching_Tlaxcala - DEBUG -     gz_id=1002816 'sachio' score=0.786 nombre=False saint_only=False terr= phase=relegated
2026-07-29 15:33:59 - matching_Tlaxcala - DEBUG -     gz_id=1002985 'solaga' score=0.786 nombre=False saint_only=False terr= phase=relegated
2026-07-29 15:33:59 - matching_Tlaxcala - DEBUG -     gz_id=1003119 'calpan' score=0.786 nombre=False saint_only=False terr= phase=relegated
2026-07-29 15:33:59 - matching_Tlaxcala - DEBUG -     gz_id=1004193 'asalan' score=0.786 nombre=False saint_only=False terr= phase=relegated
2026-07-29 15:33:59 - matching_Tlaxcala - DEBUG -     gz_id=1000837 'teocintla' score=0.778 nombre=False saint_only=False terr= phase=relegated
2026-07-29 15:33:59 - matching_Tlaxcala - DEBUG -     gz_id=1004210 'tenejapan' score=0.778 nombre=False saint_only=False terr= phase=relegated
2026-07-29 15:33:59 - matching_Tlaxcala - DEBUG -     gz_id=1001464 'huixtac' score=0.774 nombre=False saint_only=False terr= phase=relegated
2026-07-29 15:33:59 - matching_Tlaxcala - DEBUG -     gz_id=1002058 'tocuaro' score=0.774 nombre=False saint_only=False terr= phase=relegated
2026-07-29 15:33:59 - matching_Tlaxcala - DEBUG -     gz_id=1002389 'iutatio' score=0.774 nombre=False saint_only=False terr= phase=relegated
2026-07-29 15:33:59 - matching_Tlaxcala - DEBUG -     gz_id=1004562 'dcitnup' score=0.774 nombre=False saint_only=False terr= phase=relegated
2026-07-29 15:33:59 - matching_Tlaxcala - DEBUG -     gz_id=1004849 'san andres cholula' score=0.774 nombre=False saint_only=False terr= phase=relegated
2026-07-29 15:33:59 - matching_Tlaxcala - DEBUG -     gz_id=2000411 'ceballos' score=0.774 nombre=False saint_only=False terr= phase=relegated
2026-07-29 15:33:59 - matching_Tlaxcala - DEBUG -     gz_id=1001927 'jaltenco' score=0.765 nombre=False saint_only=False terr= phase=relegated
2026-07-29 15:33:59 - matching_Tlaxcala - DEBUG -     gz_id=1002254 'quiatoni' score=0.765 nombre=False saint_only=False terr= phase=relegated
2026-07-29 15:33:59 - matching_Tlaxcala - DEBUG -     gz_id=1003401 'ahuatelco' score=0.765 nombre=False saint_only=False terr= phase=relegated
2026-07-29 15:33:59 - matching_Tlaxcala - DEBUG -     gz_id=1003402 'ahuatlan' score=0.765 nombre=False saint_only=False terr= phase=relegated
2026-07-29 15:33:59 - matching_Tlaxcala - DEBUG -     gz_id=1004044 'ahuatepec' score=0.765 nombre=False saint_only=False terr= phase=relegated
2026-07-29 15:33:59 - matching_Tlaxcala - DEBUG -     gz_id=1005244 'san pablo buena bista' score=1.000 nombre=False saint_only=False terr= phase=candidate
2026-07-29 15:33:59 - matching_Tlaxcala - DEBUG -     gz_id=1001326 'tisapan' score=0.759 nombre=False saint_only=False terr= phase=relegated
2026-07-29 15:33:59 - matching_Tlaxcala - DEBUG -     gz_id=1001561 'ocotlan' score=0.759 nombre=False saint_only=False terr= phase=relegated
2026-07-29 15:33:59 - matching_Tlaxcala - DEBUG -     gz_id=1003057 'paxtlan' score=0.759 nombre=False saint_only=False terr= phase=relegated
2026-07-29 15:33:59 - matching_Tlaxcala - DEBUG -     gz_id=1004279 'acatlan' score=0.759 nombre=False saint_only=False terr= phase=relegated
2026-07-29 15:33:59 - matching_Tlaxcala - DEBUG -     gz_id=8000128 'san andres machaca' score=0.759 nombre=False saint_only=False terr= phase=relegated
2026-07-29 15:33:59 - matching_Tlaxcala - DEBUG -     gz_id=1001318 'tepecintla' score=0.757 nombre=False saint_only=False terr= phase=relegated
2026-07-29 15:33:59 - matching_Tlaxcala - DEBUG -     gz_id=2000271 'echanosuna' score=0.757 nombre=False saint_only=False terr= phase=relegated
2026-07-29 15:33:59 - matching_Tlaxcala - DEBUG -     gz_id=1001644 'chiautla' score=0.750 nombre=False saint_only=False terr= phase=relegated
2026-07-29 15:33:59 - matching_Tlaxcala - DEBUG -     gz_id=1002302 'huaiapam' score=0.750 nombre=False saint_only=False terr= phase=relegated
2026-07-29 15:33:59 - matching_Tlaxcala - DEBUG -     gz_id=1002362 'sabinillo' score=0.750 nombre=False saint_only=False terr= phase=relegated
2026-07-29 15:33:59 - matching_Tlaxcala - DEBUG -     gz_id=1003235 'cuautla' score=0.750 nombre=False saint_only=False terr= phase=relegated
2026-07-29 15:33:59 - matching_Tlaxcala - DEBUG -     gz_id=1004065 'cuamilpa' score=0.750 nombre=False saint_only=False terr= phase=relegated
2026-07-29 15:33:59 - matching_Tlaxcala - DEBUG -     gz_id=2000392 'cemetabaj' score=0.750 nombre=False saint_only=False terr= phase=relegated
2026-07-29 15:33:59 - matching_Tlaxcala - DEBUG -     gz_id=1001702 'cuexcontitlan' score=0.744 nombre=False saint_only=False terr= phase=relegated
2026-07-29 15:33:59 - matching_Tlaxcala - DEBUG -     gz_id=1000892 'jumiltepec' score=0.743 nombre=False saint_only=False terr= phase=relegated
2026-07-29 15:33:59 - matching_Tlaxcala - DEBUG -     gz_id=1001111 'san andres pedregal' score=0.743 nombre=False saint_only=False terr= phase=relegated
2026-07-29 15:33:59 - matching_Tlaxcala - DEBUG -     gz_id=1001803 'ahuaiucan' score=0.743 nombre=False saint_only=False terr= phase=relegated
2026-07-29 15:33:59 - matching_Tlaxcala - DEBUG -     gz_id=1002833 'cinaxtla' score=0.743 nombre=False saint_only=False terr= phase=relegated
2026-07-29 15:33:59 - matching_Tlaxcala - DEBUG -     gz_id=5000094 'san bartolome' score=1.000 nombre=False saint_only=False terr= phase=candidate
2026-07-29 15:33:59 - matching_Tlaxcala - DEBUG -     gz_id=6000039 'pachania' score=0.743 nombre=False saint_only=False terr= phase=relegated
2026-07-29 15:33:59 - matching_Tlaxcala - DEBUG -     gz_id=9901104 'centa' score=0.743 nombre=False saint_only=False terr= phase=relegated
2026-07-29 15:33:59 - matching_Tlaxcala - DEBUG -     gz_id=2000817 'san andres cuiotenango' score=0.737 nombre=False saint_only=False terr= phase=relegated
2026-07-29 15:34:00 - matching_Tlaxcala - DEBUG -     gz_id=1000790 'tlalamac' score=0.733 nombre=False saint_only=False terr= phase=relegated
2026-07-29 15:34:00 - matching_Tlaxcala - DEBUG -     gz_id=1000903 'acatlipa' score=0.733 nombre=False saint_only=False terr= phase=relegated
2026-07-29 15:34:00 - matching_Tlaxcala - DEBUG -     gz_id=1001059 'timilpan' score=0.733 nombre=False saint_only=False terr= phase=relegated
2026-07-29 15:34:00 - matching_Tlaxcala - DEBUG -     gz_id=1001503 'ocotepec' score=0.733 nombre=False saint_only=False terr= phase=relegated
2026-07-29 15:34:00 - matching_Tlaxcala - DEBUG -     gz_id=1002582 'san andres mixtepec' score=0.733 nombre=False saint_only=False terr= phase=relegated
2026-07-29 15:34:00 - matching_Tlaxcala - DEBUG -     gz_id=1002047 'turicuaro' score=0.727 nombre=False saint_only=False terr= phase=relegated
2026-07-29 15:34:00 - matching_Tlaxcala - DEBUG -     gz_id=1002341 'dinicuiti' score=0.727 nombre=False saint_only=False terr= phase=relegated
2026-07-29 15:34:00 - matching_Tlaxcala - DEBUG -     gz_id=1003753 'asumiatla' score=0.727 nombre=False saint_only=False terr= phase=relegated
2026-07-29 15:34:00 - matching_Tlaxcala - DEBUG -     gz_id=1000159 'miahuatlan' score=0.722 nombre=False saint_only=False terr= phase=relegated
2026-07-29 15:34:00 - matching_Tlaxcala - DEBUG -     gz_id=1000650 'apaceo alto' score=0.722 nombre=False saint_only=False terr= phase=relegated
2026-07-29 15:34:00 - matching_Tlaxcala - DEBUG -     gz_id=1000754 'cuauhtempan' score=0.722 nombre=False saint_only=False terr= phase=relegated
2026-07-29 15:34:00 - matching_Tlaxcala - DEBUG -     gz_id=1001412 'acahuacatongo' score=0.722 nombre=False saint_only=False terr= phase=relegated
2026-07-29 15:34:00 - matching_Tlaxcala - DEBUG -     gz_id=1001525 'tepetitlan' score=0.722 nombre=False saint_only=False terr= phase=relegated
2026-07-29 15:34:00 - matching_Tlaxcala - DEBUG -     gz_id=1001909 'epasoiucan' score=0.722 nombre=False saint_only=False terr= phase=relegated
2026-07-29 15:34:00 - matching_Tlaxcala - DEBUG -     gz_id=1001988 'cirondaro' score=0.722 nombre=False saint_only=False terr= phase=relegated
2026-07-29 15:34:00 - matching_Tlaxcala - DEBUG -     gz_id=1002434 'huaxpaltepec' score=0.722 nombre=False saint_only=False terr= phase=relegated
2026-07-29 15:34:00 - matching_Tlaxcala - DEBUG -     gz_id=1002604 'tlahuilotepec' score=0.722 nombre=False saint_only=False terr= phase=relegated
2026-07-29 15:34:00 - matching_Tlaxcala - DEBUG -     gz_id=1002862 'tlacosahuala' score=0.722 nombre=False saint_only=False terr= phase=relegated
2026-07-29 15:34:00 - matching_Tlaxcala - DEBUG -     gz_id=1003633 'tetelilla' score=0.722 nombre=False saint_only=False terr= phase=relegated
2026-07-29 15:34:00 - matching_Tlaxcala - DEBUG -     gz_id=1003765 'chicontla' score=0.722 nombre=False saint_only=False terr= phase=relegated
2026-07-29 15:34:00 - matching_Tlaxcala - DEBUG -     gz_id=1003795 'tlaiehualancingo' score=0.722 nombre=False saint_only=False terr= phase=relegated
2026-07-29 15:34:00 - matching_Tlaxcala - DEBUG -     gz_id=1003899 'conicarit' score=0.722 nombre=False saint_only=False terr= phase=relegated
2026-07-29 15:34:00 - matching_Tlaxcala - DEBUG -     gz_id=1004303 'tlalnelhuaiocan' score=0.722 nombre=False saint_only=False terr= phase=relegated
2026-07-29 15:34:00 - matching_Tlaxcala - DEBUG -     gz_id=7001001 'angol' score=0.718 nombre=False saint_only=False terr= phase=relegated
2026-07-29 15:34:00 - matching_Tlaxcala - DEBUG -     gz_id=1001721 'chaltepec' score=0.710 nombre=False saint_only=False terr= phase=relegated
2026-07-29 15:34:00 - matching_Tlaxcala - DEBUG -     gz_id=1002155 'jilotepec' score=0.710 nombre=False saint_only=False terr= phase=relegated
2026-07-29 15:34:00 - matching_Tlaxcala - DEBUG -     gz_id=1002182 'cohamiata' score=0.710 nombre=False saint_only=False terr= phase=relegated
2026-07-29 15:34:00 - matching_Tlaxcala - DEBUG -     gz_id=1002213 'palmillas' score=0.710 nombre=False saint_only=False terr= phase=relegated
2026-07-29 15:34:00 - matching_Tlaxcala - DEBUG -     gz_id=1004188 'otatitlan' score=0.710 nombre=False saint_only=False terr= phase=relegated
2026-07-29 15:34:00 - matching_Tlaxcala - DEBUG -     gz_id=1004868 'monte escobedo' score=0.710 nombre=False saint_only=False terr= phase=relegated
2026-07-29 15:34:00 - matching_Tlaxcala - DEBUG -     gz_id=4000128 'barbacoas llanos' score=0.710 nombre=False saint_only=False terr= phase=relegated
2026-07-29 15:34:00 - matching_Tlaxcala - DEBUG -     gz_id=1000454 'huisquilco' score=0.706 nombre=False saint_only=False terr= phase=relegated
2026-07-29 15:34:00 - matching_Tlaxcala - DEBUG -     gz_id=1002229 'ixtlahuaca' score=0.706 nombre=False saint_only=False terr= phase=relegated
2026-07-29 15:34:00 - matching_Tlaxcala - DEBUG -     gz_id=1002919 'teotilalpam' score=0.706 nombre=False saint_only=False terr= phase=relegated
2026-07-29 15:34:00 - matching_Tlaxcala - DEBUG -     gz_id=1003678 'coiahualco' score=0.706 nombre=False saint_only=False terr= phase=relegated
2026-07-29 15:34:00 - matching_Tlaxcala - DEBUG -     gz_id=1001940 'panindicuaro' score=0.703 nombre=False saint_only=False terr= phase=relegated
2026-07-29 15:34:00 - matching_Tlaxcala - DEBUG -     gz_id=1002067 'ciracuaretiro' score=0.703 nombre=False saint_only=False terr= phase=relegated
2026-07-29 15:34:00 - matching_Tlaxcala - INFO -   Before dedup: 134 candidates
2026-07-29 15:34:00 - matching_Tlaxcala - INFO -   After dedup: 134 unique gz_ids
2026-07-29 15:34:00 - matching_Tlaxcala - INFO -   Input has territorial data: False
2026-07-29 15:34:00 - matching_Tlaxcala - INFO -   Candidates with territory match: 0
2026-07-29 15:34:00 - matching_Tlaxcala - INFO -   No territorial filtering applied (no input territorial data)
2026-07-29 15:34:00 - matching_Tlaxcala - INFO -   Nombre matches (exact on lugar_nombre): 0
2026-07-29 15:34:00 - matching_Tlaxcala - INFO -   Saint-only matches: 0
2026-07-29 15:34:00 - matching_Tlaxcala - INFO -   Substantive matches: 134
2026-07-29 15:34:00 - matching_Tlaxcala - INFO -   Candidate pool (>= threshold): 35
2026-07-29 15:34:00 - matching_Tlaxcala - INFO -   35 candidate(s) -> candidate
2026-07-29 15:34:00 - matching_Tlaxcala - INFO -   rowID=172: found at step 'no_partido_jurisdiccion'
2026-07-29 15:34:00 - matching_Tlaxcala - INFO - 
============================================================
2026-07-29 15:34:00 - matching_Tlaxcala - INFO - Processing rowID=173: 'Tliquitepeque' -> cleaned: 'tliquitepeque'
2026-07-29 15:34:00 - matching_Tlaxcala - INFO -   Territorial context: (none)='' -> allowed rows: all
2026-07-29 15:34:00 - matching_Tlaxcala - INFO -   Token-based candidates: 1
2026-07-29 15:34:00 - matching_Tlaxcala - INFO -   Fuzzy matches (score >= 70, limit=500): 1
2026-07-29 15:34:00 - matching_Tlaxcala - DEBUG -     gz_id=2000774 'iupitepeque' score=0.909 nombre=False saint_only=False terr= phase=auto_adopt
2026-07-29 15:34:00 - matching_Tlaxcala - INFO -   Before dedup: 1 candidates
2026-07-29 15:34:00 - matching_Tlaxcala - INFO -   After dedup: 1 unique gz_ids
2026-07-29 15:34:00 - matching_Tlaxcala - INFO -   Input has territorial data: False
2026-07-29 15:34:00 - matching_Tlaxcala - INFO -   Candidates with territory match: 0
2026-07-29 15:34:00 - matching_Tlaxcala - INFO -   No territorial filtering applied (no input territorial data)
2026-07-29 15:34:00 - matching_Tlaxcala - INFO -   Nombre matches (exact on lugar_nombre): 0
2026-07-29 15:34:00 - matching_Tlaxcala - INFO -   Saint-only matches: 0
2026-07-29 15:34:00 - matching_Tlaxcala - INFO -   Substantive matches: 1
2026-07-29 15:34:00 - matching_Tlaxcala - INFO -   Candidate pool (>= threshold): 1
2026-07-29 15:34:00 - matching_Tlaxcala - INFO -   1 candidate(s) -> candidate
2026-07-29 15:34:00 - matching_Tlaxcala - INFO -   rowID=173: found at step 'no_partido_jurisdiccion'
2026-07-29 15:34:00 - matching_Tlaxcala - INFO - 
============================================================
2026-07-29 15:34:00 - matching_Tlaxcala - INFO - Processing rowID=175: 'Icatepeque' -> cleaned: 'icatepeque'
2026-07-29 15:34:00 - matching_Tlaxcala - INFO -   Territorial context: (none)='' -> allowed rows: all
2026-07-29 15:34:00 - matching_Tlaxcala - INFO -   Token-based candidates: 16
2026-07-29 15:34:00 - matching_Tlaxcala - INFO -   Fuzzy matches (score >= 70, limit=500): 16
2026-07-29 15:34:00 - matching_Tlaxcala - DEBUG -     gz_id=2000434 'jaiaque' score=0.947 nombre=False saint_only=False terr= phase=auto_adopt
2026-07-29 15:34:00 - matching_Tlaxcala - DEBUG -     gz_id=2000210 'san juan sacatepeques' score=0.947 nombre=False saint_only=False terr= phase=auto_adopt
2026-07-29 15:34:00 - matching_Tlaxcala - DEBUG -     gz_id=2000211 'san pedro sacatepeques' score=0.947 nombre=False saint_only=False terr= phase=auto_adopt
2026-07-29 15:34:00 - matching_Tlaxcala - DEBUG -     gz_id=2000212 'san lucas sacatepeques' score=0.947 nombre=False saint_only=False terr= phase=auto_adopt
2026-07-29 15:34:00 - matching_Tlaxcala - DEBUG -     gz_id=2000424 'coatepeque' score=0.900 nombre=False saint_only=False terr= phase=auto_adopt
2026-07-29 15:34:00 - matching_Tlaxcala - DEBUG -     gz_id=2000371 'coatepeque' score=0.900 nombre=False saint_only=False terr= phase=auto_adopt
2026-07-29 15:34:00 - matching_Tlaxcala - DEBUG -     gz_id=2000175 'san martin' score=0.900 nombre=False saint_only=False terr= phase=auto_adopt
2026-07-29 15:34:00 - matching_Tlaxcala - DEBUG -     gz_id=2000305 'santiago sacatepeques' score=0.900 nombre=False saint_only=False terr= phase=auto_adopt
2026-07-29 15:34:00 - matching_Tlaxcala - DEBUG -     gz_id=2000177 'san marcos sacatepeques' score=0.900 nombre=False saint_only=False terr= phase=auto_adopt
2026-07-29 15:34:00 - matching_Tlaxcala - DEBUG -     gz_id=2000178 'san pedro sacatepeques' score=0.900 nombre=False saint_only=False terr= phase=auto_adopt
2026-07-29 15:34:00 - matching_Tlaxcala - DEBUG -     gz_id=2000370 'san antonio sacatepeques' score=0.900 nombre=False saint_only=False terr= phase=auto_adopt
2026-07-29 15:34:00 - matching_Tlaxcala - DEBUG -     gz_id=2000879 'cuiantepeque' score=0.900 nombre=False saint_only=False terr= phase=auto_adopt
2026-07-29 15:34:00 - matching_Tlaxcala - DEBUG -     gz_id=2000555 'cihuatepeque' score=0.889 nombre=False saint_only=False terr= phase=candidate
2026-07-29 15:34:00 - matching_Tlaxcala - DEBUG -     gz_id=2000239 'ixtepeque' score=0.875 nombre=False saint_only=False terr= phase=candidate
2026-07-29 15:34:00 - matching_Tlaxcala - DEBUG -     gz_id=2000438 'teotepeque' score=0.842 nombre=False saint_only=False terr= phase=relegated
2026-07-29 15:34:00 - matching_Tlaxcala - DEBUG -     gz_id=2000552 'ocotepeque' score=0.842 nombre=False saint_only=False terr= phase=relegated
2026-07-29 15:34:00 - matching_Tlaxcala - INFO -   Before dedup: 16 candidates
2026-07-29 15:34:00 - matching_Tlaxcala - INFO -   After dedup: 16 unique gz_ids
2026-07-29 15:34:00 - matching_Tlaxcala - INFO -   Input has territorial data: False
2026-07-29 15:34:00 - matching_Tlaxcala - INFO -   Candidates with territory match: 0
2026-07-29 15:34:00 - matching_Tlaxcala - INFO -   No territorial filtering applied (no input territorial data)
2026-07-29 15:34:00 - matching_Tlaxcala - INFO -   Nombre matches (exact on lugar_nombre): 0
2026-07-29 15:34:00 - matching_Tlaxcala - INFO -   Saint-only matches: 0
2026-07-29 15:34:00 - matching_Tlaxcala - INFO -   Substantive matches: 16
2026-07-29 15:34:00 - matching_Tlaxcala - INFO -   Candidate pool (>= threshold): 14
2026-07-29 15:34:00 - matching_Tlaxcala - INFO -   14 candidate(s) -> candidate
2026-07-29 15:34:00 - matching_Tlaxcala - INFO -   rowID=175: found at step 'no_partido_jurisdiccion'
2026-07-29 15:34:00 - matching_Tlaxcala - INFO - 
============================================================
2026-07-29 15:34:00 - matching_Tlaxcala - INFO - Processing rowID=176: 'Jalostoque' -> cleaned: 'jalostoque'
2026-07-29 15:34:00 - matching_Tlaxcala - INFO -   Territorial context: (none)='' -> allowed rows: all
2026-07-29 15:34:00 - matching_Tlaxcala - INFO -   Token-based candidates: 0
2026-07-29 15:34:00 - matching_Tlaxcala - WARNING -   No candidates found - relegated
2026-07-29 15:34:00 - matching_Tlaxcala - INFO - 
============================================================
2026-07-29 15:34:00 - matching_Tlaxcala - INFO - Processing rowID=176: 'Jalostoque' -> cleaned: 'jalostoque'
2026-07-29 15:34:00 - matching_Tlaxcala - INFO -   Territorial context: (none)='' -> allowed rows: all
2026-07-29 15:34:00 - matching_Tlaxcala - INFO -   Token-based candidates: 0
2026-07-29 15:34:00 - matching_Tlaxcala - WARNING -   No candidates found - relegated
2026-07-29 15:34:00 - matching_Tlaxcala - INFO - 
============================================================
2026-07-29 15:34:00 - matching_Tlaxcala - INFO - Processing rowID=176: 'Jalostoque' -> cleaned: 'jalostoque'
2026-07-29 15:34:00 - matching_Tlaxcala - INFO -   Territorial context: (none)='' -> allowed rows: all
2026-07-29 15:34:00 - matching_Tlaxcala - INFO -   Token-based candidates: 0
2026-07-29 15:34:00 - matching_Tlaxcala - WARNING -   No candidates found - relegated
2026-07-29 15:34:00 - matching_Tlaxcala - INFO - 
============================================================
2026-07-29 15:34:00 - matching_Tlaxcala - INFO - Processing rowID=178: 'Tecomaluca' -> cleaned: 'tecomaluca'
2026-07-29 15:34:00 - matching_Tlaxcala - INFO -   Territorial context: (none)='' -> allowed rows: all
2026-07-29 15:34:00 - matching_Tlaxcala - INFO -   Token-based candidates: 10
2026-07-29 15:34:00 - matching_Tlaxcala - INFO -   Fuzzy matches (score >= 70, limit=500): 10
2026-07-29 15:34:00 - matching_Tlaxcala - DEBUG -     gz_id=2000455 'tecoluca' score=0.889 nombre=False saint_only=False terr= phase=candidate
2026-07-29 15:34:00 - matching_Tlaxcala - DEBUG -     gz_id=1002845 'tecomatlan' score=0.842 nombre=False saint_only=False terr= phase=relegated
2026-07-29 15:34:00 - matching_Tlaxcala - DEBUG -     gz_id=1001604 'tecomatlan' score=0.842 nombre=False saint_only=False terr= phase=relegated
2026-07-29 15:34:00 - matching_Tlaxcala - DEBUG -     gz_id=1000501 'tecomatlan' score=0.842 nombre=False saint_only=False terr= phase=relegated
2026-07-29 15:34:00 - matching_Tlaxcala - DEBUG -     gz_id=1001445 'texcalucan' score=0.842 nombre=False saint_only=False terr= phase=relegated
2026-07-29 15:34:00 - matching_Tlaxcala - DEBUG -     gz_id=1001162 'tecomatlan' score=0.842 nombre=False saint_only=False terr= phase=relegated
2026-07-29 15:34:00 - matching_Tlaxcala - DEBUG -     gz_id=1003095 'tecomatlan' score=0.842 nombre=False saint_only=False terr= phase=relegated
2026-07-29 15:34:00 - matching_Tlaxcala - DEBUG -     gz_id=1001622 'tecomatlan' score=0.842 nombre=False saint_only=False terr= phase=relegated
2026-07-29 15:34:00 - matching_Tlaxcala - DEBUG -     gz_id=1002488 'tecomaxtlahuaca' score=0.800 nombre=False saint_only=False terr= phase=relegated
2026-07-29 15:34:00 - matching_Tlaxcala - DEBUG -     gz_id=1002692 'tecomabaca' score=0.800 nombre=False saint_only=False terr= phase=relegated
2026-07-29 15:34:00 - matching_Tlaxcala - INFO -   Before dedup: 10 candidates
2026-07-29 15:34:00 - matching_Tlaxcala - INFO -   After dedup: 10 unique gz_ids
2026-07-29 15:34:00 - matching_Tlaxcala - INFO -   Input has territorial data: False
2026-07-29 15:34:00 - matching_Tlaxcala - INFO -   Candidates with territory match: 0
2026-07-29 15:34:00 - matching_Tlaxcala - INFO -   No territorial filtering applied (no input territorial data)
2026-07-29 15:34:00 - matching_Tlaxcala - INFO -   Nombre matches (exact on lugar_nombre): 0
2026-07-29 15:34:00 - matching_Tlaxcala - INFO -   Saint-only matches: 0
2026-07-29 15:34:00 - matching_Tlaxcala - INFO -   Substantive matches: 10
2026-07-29 15:34:00 - matching_Tlaxcala - INFO -   Candidate pool (>= threshold): 1
2026-07-29 15:34:00 - matching_Tlaxcala - INFO -   1 candidate(s) -> candidate
2026-07-29 15:34:00 - matching_Tlaxcala - INFO -   rowID=178: found at step 'no_partido_jurisdiccion'
2026-07-29 15:34:00 - matching_Tlaxcala - INFO - 
============================================================
2026-07-29 15:34:00 - matching_Tlaxcala - INFO - Processing rowID=179: 'Toluquilla' -> cleaned: 'toluquilla'
2026-07-29 15:34:00 - matching_Tlaxcala - INFO -   Territorial context: (none)='' -> allowed rows: all
2026-07-29 15:34:00 - matching_Tlaxcala - INFO -   Token-based candidates: 1
2026-07-29 15:34:00 - matching_Tlaxcala - INFO -   Fuzzy matches (score >= 70, limit=500): 1
2026-07-29 15:34:00 - matching_Tlaxcala - DEBUG -     gz_id=1000623 'toluquilla' score=1.000 nombre=False saint_only=False terr= phase=auto_adopt
2026-07-29 15:34:00 - matching_Tlaxcala - INFO -   Before dedup: 1 candidates
2026-07-29 15:34:00 - matching_Tlaxcala - INFO -   After dedup: 1 unique gz_ids
2026-07-29 15:34:00 - matching_Tlaxcala - INFO -   Input has territorial data: False
2026-07-29 15:34:00 - matching_Tlaxcala - INFO -   Candidates with territory match: 0
2026-07-29 15:34:00 - matching_Tlaxcala - INFO -   No territorial filtering applied (no input territorial data)
2026-07-29 15:34:00 - matching_Tlaxcala - INFO -   Nombre matches (exact on lugar_nombre): 0
2026-07-29 15:34:00 - matching_Tlaxcala - INFO -   Saint-only matches: 0
2026-07-29 15:34:00 - matching_Tlaxcala - INFO -   Substantive matches: 1
2026-07-29 15:34:00 - matching_Tlaxcala - INFO -   Candidate pool (>= threshold): 1
2026-07-29 15:34:00 - matching_Tlaxcala - INFO -   1 candidate(s) -> candidate
2026-07-29 15:34:00 - matching_Tlaxcala - INFO -   rowID=179: found at step 'no_partido_jurisdiccion'
2026-07-29 15:34:00 - matching_Tlaxcala - INFO - Processing row 180, rowID=181
2026-07-29 15:34:00 - matching_Tlaxcala - INFO - 
============================================================
2026-07-29 15:34:00 - matching_Tlaxcala - INFO - Processing rowID=181: 'Techalote' -> cleaned: 'techalote'
2026-07-29 15:34:00 - matching_Tlaxcala - INFO -   Territorial context: (none)='' -> allowed rows: all
2026-07-29 15:34:00 - matching_Tlaxcala - INFO -   Token-based candidates: 0
2026-07-29 15:34:00 - matching_Tlaxcala - WARNING -   No candidates found - relegated
2026-07-29 15:34:00 - matching_Tlaxcala - INFO - Processing row 180, rowID=181
2026-07-29 15:34:00 - matching_Tlaxcala - INFO - 
============================================================
2026-07-29 15:34:00 - matching_Tlaxcala - INFO - Processing rowID=181: 'Techalote' -> cleaned: 'techalote'
2026-07-29 15:34:00 - matching_Tlaxcala - INFO -   Territorial context: (none)='' -> allowed rows: all
2026-07-29 15:34:00 - matching_Tlaxcala - INFO -   Token-based candidates: 0
2026-07-29 15:34:00 - matching_Tlaxcala - WARNING -   No candidates found - relegated
2026-07-29 15:34:00 - matching_Tlaxcala - INFO - Processing row 180, rowID=181
2026-07-29 15:34:00 - matching_Tlaxcala - INFO - 
============================================================
2026-07-29 15:34:00 - matching_Tlaxcala - INFO - Processing rowID=181: 'Techalote' -> cleaned: 'techalote'
2026-07-29 15:34:00 - matching_Tlaxcala - INFO -   Territorial context: (none)='' -> allowed rows: all
2026-07-29 15:34:00 - matching_Tlaxcala - INFO -   Token-based candidates: 0
2026-07-29 15:34:00 - matching_Tlaxcala - WARNING -   No candidates found - relegated
2026-07-29 15:34:00 - matching_Tlaxcala - INFO - 
============================================================
2026-07-29 15:34:00 - matching_Tlaxcala - INFO - Processing rowID=183: 'Huatepeque' -> cleaned: 'huatepeque'
2026-07-29 15:34:00 - matching_Tlaxcala - INFO -   Territorial context: (none)='' -> allowed rows: all
2026-07-29 15:34:00 - matching_Tlaxcala - INFO -   Token-based candidates: 8
2026-07-29 15:34:00 - matching_Tlaxcala - INFO -   Fuzzy matches (score >= 70, limit=500): 8
2026-07-29 15:34:00 - matching_Tlaxcala - DEBUG -     gz_id=2000555 'cihuatepeque' score=1.000 nombre=False saint_only=False terr= phase=auto_adopt
2026-07-29 15:34:00 - matching_Tlaxcala - DEBUG -     gz_id=1000935 'oaxtepec' score=0.900 nombre=False saint_only=False terr= phase=auto_adopt
2026-07-29 15:34:00 - matching_Tlaxcala - DEBUG -     gz_id=2000424 'coatepeque' score=0.889 nombre=False saint_only=False terr= phase=candidate
2026-07-29 15:34:00 - matching_Tlaxcala - DEBUG -     gz_id=2000371 'coatepeque' score=0.889 nombre=False saint_only=False terr= phase=candidate
2026-07-29 15:34:00 - matching_Tlaxcala - DEBUG -     gz_id=2000270 'ahuacatepeque' score=0.889 nombre=False saint_only=False terr= phase=candidate
2026-07-29 15:34:00 - matching_Tlaxcala - DEBUG -     gz_id=9901156 'huaspaltepec' score=0.842 nombre=False saint_only=False terr= phase=relegated
2026-07-29 15:34:00 - matching_Tlaxcala - DEBUG -     gz_id=2000879 'cuiantepeque' score=0.842 nombre=False saint_only=False terr= phase=relegated
2026-07-29 15:34:00 - matching_Tlaxcala - DEBUG -     gz_id=5000533 'huateque' score=0.800 nombre=False saint_only=False terr= phase=relegated
2026-07-29 15:34:00 - matching_Tlaxcala - INFO -   Before dedup: 8 candidates
2026-07-29 15:34:00 - matching_Tlaxcala - INFO -   After dedup: 8 unique gz_ids
2026-07-29 15:34:00 - matching_Tlaxcala - INFO -   Input has territorial data: False
2026-07-29 15:34:00 - matching_Tlaxcala - INFO -   Candidates with territory match: 0
2026-07-29 15:34:00 - matching_Tlaxcala - INFO -   No territorial filtering applied (no input territorial data)
2026-07-29 15:34:00 - matching_Tlaxcala - INFO -   Nombre matches (exact on lugar_nombre): 0
2026-07-29 15:34:00 - matching_Tlaxcala - INFO -   Saint-only matches: 0
2026-07-29 15:34:00 - matching_Tlaxcala - INFO -   Substantive matches: 8
2026-07-29 15:34:00 - matching_Tlaxcala - INFO -   Candidate pool (>= threshold): 5
2026-07-29 15:34:00 - matching_Tlaxcala - INFO -   5 candidate(s) -> candidate
2026-07-29 15:34:00 - matching_Tlaxcala - INFO -   rowID=183: found at step 'no_partido_jurisdiccion'
2026-07-29 15:34:00 - matching_Tlaxcala - INFO - 
============================================================
2026-07-29 15:34:00 - matching_Tlaxcala - INFO - Processing rowID=184: 'Metepeque' -> cleaned: 'metepeque'
2026-07-29 15:34:00 - matching_Tlaxcala - INFO -   Territorial context: (none)='' -> allowed rows: all
2026-07-29 15:34:00 - matching_Tlaxcala - INFO -   Token-based candidates: 4
2026-07-29 15:34:00 - matching_Tlaxcala - INFO -   Fuzzy matches (score >= 70, limit=500): 4
2026-07-29 15:34:00 - matching_Tlaxcala - DEBUG -     gz_id=2000438 'teotepeque' score=0.889 nombre=False saint_only=False terr= phase=candidate
2026-07-29 15:34:00 - matching_Tlaxcala - DEBUG -     gz_id=2000091 'san martin' score=0.875 nombre=False saint_only=False terr= phase=candidate
2026-07-29 15:34:00 - matching_Tlaxcala - DEBUG -     gz_id=2000077 'oxchuc' score=0.875 nombre=False saint_only=False terr= phase=candidate
2026-07-29 15:34:00 - matching_Tlaxcala - DEBUG -     gz_id=2000924 'tejutepeque' score=0.875 nombre=False saint_only=False terr= phase=candidate
2026-07-29 15:34:00 - matching_Tlaxcala - INFO -   Before dedup: 4 candidates
2026-07-29 15:34:00 - matching_Tlaxcala - INFO -   After dedup: 4 unique gz_ids
2026-07-29 15:34:00 - matching_Tlaxcala - INFO -   Input has territorial data: False
2026-07-29 15:34:00 - matching_Tlaxcala - INFO -   Candidates with territory match: 0
2026-07-29 15:34:00 - matching_Tlaxcala - INFO -   No territorial filtering applied (no input territorial data)
2026-07-29 15:34:00 - matching_Tlaxcala - INFO -   Nombre matches (exact on lugar_nombre): 0
2026-07-29 15:34:00 - matching_Tlaxcala - INFO -   Saint-only matches: 0
2026-07-29 15:34:00 - matching_Tlaxcala - INFO -   Substantive matches: 4
2026-07-29 15:34:00 - matching_Tlaxcala - INFO -   Candidate pool (>= threshold): 4
2026-07-29 15:34:00 - matching_Tlaxcala - INFO -   4 candidate(s) -> candidate
2026-07-29 15:34:00 - matching_Tlaxcala - INFO -   rowID=184: found at step 'no_partido_jurisdiccion'
2026-07-29 15:34:00 - matching_Tlaxcala - INFO - 
============================================================
2026-07-29 15:34:00 - matching_Tlaxcala - INFO - Processing rowID=185: 'Meca' -> cleaned: 'meca'
2026-07-29 15:34:00 - matching_Tlaxcala - INFO -   Territorial context: (none)='' -> allowed rows: all
2026-07-29 15:34:00 - matching_Tlaxcala - INFO -   Token-based candidates: 3
2026-07-29 15:34:00 - matching_Tlaxcala - INFO -   Fuzzy matches (score >= 70, limit=500): 3
2026-07-29 15:34:00 - matching_Tlaxcala - DEBUG -     gz_id=1003114 'amecac' score=1.000 nombre=False saint_only=False terr= phase=auto_adopt
2026-07-29 15:34:00 - matching_Tlaxcala - DEBUG -     gz_id=1000420 'ameca' score=1.000 nombre=False saint_only=False terr= phase=auto_adopt
2026-07-29 15:34:00 - matching_Tlaxcala - DEBUG -     gz_id=4000503 'meceta' score=0.857 nombre=False saint_only=False terr= phase=candidate
2026-07-29 15:34:00 - matching_Tlaxcala - INFO -   Before dedup: 3 candidates
2026-07-29 15:34:00 - matching_Tlaxcala - INFO -   After dedup: 3 unique gz_ids
2026-07-29 15:34:00 - matching_Tlaxcala - INFO -   Input has territorial data: False
2026-07-29 15:34:00 - matching_Tlaxcala - INFO -   Candidates with territory match: 0
2026-07-29 15:34:00 - matching_Tlaxcala - INFO -   No territorial filtering applied (no input territorial data)
2026-07-29 15:34:00 - matching_Tlaxcala - INFO -   Nombre matches (exact on lugar_nombre): 0
2026-07-29 15:34:00 - matching_Tlaxcala - INFO -   Saint-only matches: 0
2026-07-29 15:34:00 - matching_Tlaxcala - INFO -   Substantive matches: 3
2026-07-29 15:34:00 - matching_Tlaxcala - INFO -   Candidate pool (>= threshold): 3
2026-07-29 15:34:00 - matching_Tlaxcala - INFO -   3 candidate(s) -> candidate
2026-07-29 15:34:00 - matching_Tlaxcala - INFO -   rowID=185: found at step 'no_partido_jurisdiccion'
2026-07-29 15:34:00 - matching_Tlaxcala - INFO - 
============================================================
2026-07-29 15:34:00 - matching_Tlaxcala - INFO - Processing rowID=186: 'Tepalcatepeque' -> cleaned: 'tepalcatepeque'
2026-07-29 15:34:00 - matching_Tlaxcala - INFO -   Territorial context: (none)='' -> allowed rows: all
2026-07-29 15:34:00 - matching_Tlaxcala - INFO -   Token-based candidates: 10
2026-07-29 15:34:00 - matching_Tlaxcala - INFO -   Fuzzy matches (score >= 70, limit=500): 10
2026-07-29 15:34:00 - matching_Tlaxcala - DEBUG -     gz_id=1003202 'tepalcatepec' score=0.957 nombre=False saint_only=False terr= phase=auto_adopt
2026-07-29 15:34:00 - matching_Tlaxcala - DEBUG -     gz_id=1002603 'tepalcatepec' score=0.957 nombre=False saint_only=False terr= phase=auto_adopt
2026-07-29 15:34:00 - matching_Tlaxcala - DEBUG -     gz_id=1001946 'tepalcatepec' score=0.957 nombre=False saint_only=False terr= phase=auto_adopt
2026-07-29 15:34:00 - matching_Tlaxcala - DEBUG -     gz_id=2000232 'tonacatepeque' score=0.833 nombre=False saint_only=False terr= phase=relegated
2026-07-29 15:34:00 - matching_Tlaxcala - DEBUG -     gz_id=2000210 'san juan sacatepeques' score=0.833 nombre=False saint_only=False terr= phase=relegated
2026-07-29 15:34:00 - matching_Tlaxcala - DEBUG -     gz_id=2000211 'san pedro sacatepeques' score=0.833 nombre=False saint_only=False terr= phase=relegated
2026-07-29 15:34:00 - matching_Tlaxcala - DEBUG -     gz_id=2000212 'san lucas sacatepeques' score=0.833 nombre=False saint_only=False terr= phase=relegated
2026-07-29 15:34:00 - matching_Tlaxcala - DEBUG -     gz_id=2000475 'quesaltepeque cierra' score=0.800 nombre=False saint_only=False terr= phase=relegated
2026-07-29 15:34:00 - matching_Tlaxcala - DEBUG -     gz_id=2000077 'oxchuc' score=0.778 nombre=False saint_only=False terr= phase=relegated
2026-07-29 15:34:00 - matching_Tlaxcala - DEBUG -     gz_id=2000091 'san martin' score=0.778 nombre=False saint_only=False terr= phase=relegated
2026-07-29 15:34:00 - matching_Tlaxcala - INFO -   Before dedup: 10 candidates
2026-07-29 15:34:00 - matching_Tlaxcala - INFO -   After dedup: 10 unique gz_ids
2026-07-29 15:34:00 - matching_Tlaxcala - INFO -   Input has territorial data: False
2026-07-29 15:34:00 - matching_Tlaxcala - INFO -   Candidates with territory match: 0
2026-07-29 15:34:00 - matching_Tlaxcala - INFO -   No territorial filtering applied (no input territorial data)
2026-07-29 15:34:00 - matching_Tlaxcala - INFO -   Nombre matches (exact on lugar_nombre): 0
2026-07-29 15:34:00 - matching_Tlaxcala - INFO -   Saint-only matches: 0
2026-07-29 15:34:00 - matching_Tlaxcala - INFO -   Substantive matches: 10
2026-07-29 15:34:00 - matching_Tlaxcala - INFO -   Candidate pool (>= threshold): 3
2026-07-29 15:34:00 - matching_Tlaxcala - INFO -   3 candidate(s) -> candidate
2026-07-29 15:34:00 - matching_Tlaxcala - INFO -   rowID=186: found at step 'no_partido_jurisdiccion'
2026-07-29 15:34:00 - matching_Tlaxcala - INFO - 
============================================================
2026-07-29 15:34:00 - matching_Tlaxcala - INFO - Processing rowID=187: 'La Concepción' -> cleaned: 'concepcion'
2026-07-29 15:34:00 - matching_Tlaxcala - INFO -   Territorial context: (none)='' -> allowed rows: all
2026-07-29 15:34:00 - matching_Tlaxcala - INFO -   Token-based candidates: 181
2026-07-29 15:34:00 - matching_Tlaxcala - INFO -   Fuzzy matches (score >= 70, limit=500): 181
2026-07-29 15:34:00 - matching_Tlaxcala - DEBUG -     gz_id=1002614 'chachoapam' score=1.000 nombre=False saint_only=True terr= phase=candidate
2026-07-29 15:34:00 - matching_Tlaxcala - DEBUG -     gz_id=1000522 'atemajac' score=1.000 nombre=False saint_only=True terr= phase=candidate
2026-07-29 15:34:00 - matching_Tlaxcala - DEBUG -     gz_id=1000528 'sapopan' score=1.000 nombre=False saint_only=True terr= phase=candidate
2026-07-29 15:34:00 - matching_Tlaxcala - DEBUG -     gz_id=1005298 'concepcion' score=1.000 nombre=True saint_only=False terr= phase=auto_adopt
2026-07-29 15:34:00 - matching_Tlaxcala - DEBUG -     gz_id=9900011 'concepcion' score=1.000 nombre=True saint_only=False terr= phase=auto_adopt
2026-07-29 15:34:00 - matching_Tlaxcala - DEBUG -     gz_id=1004748 'concepcion' score=1.000 nombre=True saint_only=False terr= phase=auto_adopt
2026-07-29 15:34:00 - matching_Tlaxcala - DEBUG -     gz_id=7000377 'concepcion' score=1.000 nombre=False saint_only=True terr= phase=candidate
2026-07-29 15:34:00 - matching_Tlaxcala - DEBUG -     gz_id=1002629 'tejotepec' score=1.000 nombre=False saint_only=True terr= phase=candidate
2026-07-29 15:34:00 - matching_Tlaxcala - DEBUG -     gz_id=1003153 'jolalpan' score=1.000 nombre=False saint_only=True terr= phase=candidate
2026-07-29 15:34:00 - matching_Tlaxcala - DEBUG -     gz_id=7000387 'arique' score=1.000 nombre=False saint_only=True terr= phase=candidate
2026-07-29 15:34:00 - matching_Tlaxcala - DEBUG -     gz_id=9900024 'concepcion' score=1.000 nombre=False saint_only=True terr= phase=candidate
2026-07-29 15:34:00 - matching_Tlaxcala - DEBUG -     gz_id=9940002 'huiria' score=1.000 nombre=False saint_only=True terr= phase=candidate
2026-07-29 15:34:00 - matching_Tlaxcala - DEBUG -     gz_id=5600152 'caiambe' score=1.000 nombre=False saint_only=True terr= phase=candidate
2026-07-29 15:34:00 - matching_Tlaxcala - DEBUG -     gz_id=9000231 'concepcion' score=1.000 nombre=False saint_only=True terr= phase=candidate
2026-07-29 15:34:00 - matching_Tlaxcala - DEBUG -     gz_id=1001074 'cardonal' score=1.000 nombre=False saint_only=True terr= phase=candidate
2026-07-29 15:34:00 - matching_Tlaxcala - DEBUG -     gz_id=4000099 'taria' score=1.000 nombre=False saint_only=True terr= phase=candidate
2026-07-29 15:34:00 - matching_Tlaxcala - DEBUG -     gz_id=1001598 'tetela' score=1.000 nombre=False saint_only=True terr= phase=candidate
2026-07-29 15:34:00 - matching_Tlaxcala - DEBUG -     gz_id=4000105 'montalban' score=1.000 nombre=False saint_only=True terr= phase=candidate
2026-07-29 15:34:00 - matching_Tlaxcala - DEBUG -     gz_id=6000438 'concepcion' score=1.000 nombre=True saint_only=False terr= phase=auto_adopt
2026-07-29 15:34:00 - matching_Tlaxcala - DEBUG -     gz_id=1004790 'tome' score=1.000 nombre=False saint_only=True terr= phase=candidate
2026-07-29 15:34:00 - matching_Tlaxcala - DEBUG -     gz_id=1001094 'concepcion banos' score=1.000 nombre=False saint_only=True terr= phase=candidate
2026-07-29 15:34:00 - matching_Tlaxcala - DEBUG -     gz_id=2000352 'concepcion' score=1.000 nombre=False saint_only=True terr= phase=candidate
2026-07-29 15:34:00 - matching_Tlaxcala - DEBUG -     gz_id=4000122 'camatahua' score=1.000 nombre=False saint_only=True terr= phase=candidate
2026-07-29 15:34:00 - matching_Tlaxcala - DEBUG -     gz_id=1004797 'acuna' score=1.000 nombre=False saint_only=True terr= phase=candidate
2026-07-29 15:34:00 - matching_Tlaxcala - DEBUG -     gz_id=1004227 'tempoal' score=1.000 nombre=False saint_only=True terr= phase=candidate
2026-07-29 15:34:00 - matching_Tlaxcala - DEBUG -     gz_id=9000265 'concepcion' score=1.000 nombre=True saint_only=False terr= phase=auto_adopt
2026-07-29 15:34:00 - matching_Tlaxcala - DEBUG -     gz_id=9900065 'realito concepcion' score=1.000 nombre=False saint_only=True terr= phase=candidate
2026-07-29 15:34:00 - matching_Tlaxcala - DEBUG -     gz_id=4000128 'barbacoas llanos' score=1.000 nombre=False saint_only=False terr= phase=candidate
2026-07-29 15:34:00 - matching_Tlaxcala - DEBUG -     gz_id=9990010 'concepcion' score=1.000 nombre=True saint_only=False terr= phase=auto_adopt
2026-07-29 15:34:00 - matching_Tlaxcala - DEBUG -     gz_id=1002680 'concepcion papalo' score=1.000 nombre=False saint_only=True terr= phase=candidate
2026-07-29 15:34:00 - matching_Tlaxcala - DEBUG -     gz_id=1004807 'hainais' score=1.000 nombre=False saint_only=True terr= phase=candidate
2026-07-29 15:34:00 - matching_Tlaxcala - DEBUG -     gz_id=9900807 'concepcion' score=1.000 nombre=True saint_only=False terr= phase=auto_adopt
2026-07-29 15:34:00 - matching_Tlaxcala - DEBUG -     gz_id=4000155 'chuao' score=1.000 nombre=False saint_only=True terr= phase=candidate
2026-07-29 15:34:00 - matching_Tlaxcala - DEBUG -     gz_id=1000097 'otumba' score=1.000 nombre=False saint_only=True terr= phase=candidate
2026-07-29 15:34:00 - matching_Tlaxcala - DEBUG -     gz_id=2000391 'concepcion' score=1.000 nombre=True saint_only=False terr= phase=auto_adopt
2026-07-29 15:34:00 - matching_Tlaxcala - DEBUG -     gz_id=5000574 'concepcion' score=1.000 nombre=True saint_only=False terr= phase=auto_adopt
2026-07-29 15:34:00 - matching_Tlaxcala - DEBUG -     gz_id=4000169 'sombrero' score=1.000 nombre=False saint_only=True terr= phase=candidate
2026-07-29 15:34:00 - matching_Tlaxcala - DEBUG -     gz_id=1001665 'tepetitlan' score=1.000 nombre=False saint_only=True terr= phase=candidate
2026-07-29 15:34:00 - matching_Tlaxcala - DEBUG -     gz_id=1000627 'cuautitlan' score=1.000 nombre=False saint_only=True terr= phase=candidate
2026-07-29 15:34:00 - matching_Tlaxcala - DEBUG -     gz_id=5000579 'sabaleta' score=1.000 nombre=False saint_only=True terr= phase=candidate
2026-07-29 15:34:00 - matching_Tlaxcala - DEBUG -     gz_id=1001671 'tlailotlacan' score=1.000 nombre=False saint_only=True terr= phase=candidate
2026-07-29 15:34:00 - matching_Tlaxcala - DEBUG -     gz_id=1003762 'atlequisaian' score=1.000 nombre=False saint_only=True terr= phase=candidate
2026-07-29 15:34:00 - matching_Tlaxcala - DEBUG -     gz_id=5600842 'calderas' score=1.000 nombre=False saint_only=True terr= phase=candidate
2026-07-29 15:34:00 - matching_Tlaxcala - DEBUG -     gz_id=1000118 'sumpango' score=1.000 nombre=False saint_only=True terr= phase=candidate
2026-07-29 15:34:00 - matching_Tlaxcala - DEBUG -     gz_id=1001678 'ameialtepec' score=1.000 nombre=False saint_only=True terr= phase=candidate
2026-07-29 15:34:00 - matching_Tlaxcala - DEBUG -     gz_id=6001544 'saraiacu' score=1.000 nombre=False saint_only=True terr= phase=candidate
2026-07-29 15:34:00 - matching_Tlaxcala - DEBUG -     gz_id=6000515 'concepcion' score=1.000 nombre=True saint_only=False terr= phase=auto_adopt
2026-07-29 15:34:00 - matching_Tlaxcala - DEBUG -     gz_id=6001550 'metraro' score=1.000 nombre=False saint_only=True terr= phase=candidate
2026-07-29 15:34:00 - matching_Tlaxcala - DEBUG -     gz_id=9900863 'bucareli' score=1.000 nombre=False saint_only=True terr= phase=candidate
2026-07-29 15:34:00 - matching_Tlaxcala - DEBUG -     gz_id=1004301 'tlacolulan' score=1.000 nombre=False saint_only=True terr= phase=candidate
2026-07-29 15:34:00 - matching_Tlaxcala - DEBUG -     gz_id=6000533 'concepcion caja' score=1.000 nombre=False saint_only=True terr= phase=candidate
2026-07-29 15:34:00 - matching_Tlaxcala - DEBUG -     gz_id=9900146 'concepcion' score=1.000 nombre=True saint_only=False terr= phase=auto_adopt
2026-07-29 15:34:00 - matching_Tlaxcala - DEBUG -     gz_id=6001567 'chabini' score=1.000 nombre=False saint_only=True terr= phase=candidate
2026-07-29 15:34:00 - matching_Tlaxcala - DEBUG -     gz_id=9000347 'pando' score=1.000 nombre=False saint_only=True terr= phase=candidate
2026-07-29 15:34:00 - matching_Tlaxcala - DEBUG -     gz_id=5600277 'cahuapanas' score=1.000 nombre=False saint_only=True terr= phase=candidate
2026-07-29 15:34:00 - matching_Tlaxcala - DEBUG -     gz_id=5600279 'jeberos' score=1.000 nombre=False saint_only=True terr= phase=candidate
2026-07-29 15:34:00 - matching_Tlaxcala - DEBUG -     gz_id=6001057 'banos' score=1.000 nombre=False saint_only=True terr= phase=candidate
2026-07-29 15:34:00 - matching_Tlaxcala - DEBUG -     gz_id=5000097 'concepcion' score=1.000 nombre=True saint_only=False terr= phase=auto_adopt
2026-07-29 15:34:00 - matching_Tlaxcala - DEBUG -     gz_id=3000008 'bega' score=1.000 nombre=False saint_only=True terr= phase=candidate
2026-07-29 15:34:00 - matching_Tlaxcala - DEBUG -     gz_id=6000035 'huallatire' score=1.000 nombre=False saint_only=True terr= phase=candidate
2026-07-29 15:34:00 - matching_Tlaxcala - DEBUG -     gz_id=2000455 'tecoluca' score=1.000 nombre=False saint_only=True terr= phase=candidate
2026-07-29 15:34:00 - matching_Tlaxcala - DEBUG -     gz_id=7000002 'concepcion' score=1.000 nombre=True saint_only=False terr= phase=auto_adopt
2026-07-29 15:34:00 - matching_Tlaxcala - DEBUG -     gz_id=1002777 'concepcion' score=1.000 nombre=False saint_only=True terr= phase=candidate
2026-07-29 15:34:00 - matching_Tlaxcala - DEBUG -     gz_id=8000030 'apolobamba' score=1.000 nombre=False saint_only=True terr= phase=candidate
2026-07-29 15:34:00 - matching_Tlaxcala - DEBUG -     gz_id=1000684 'concepcion rincon' score=1.000 nombre=False saint_only=True terr= phase=candidate
2026-07-29 15:34:00 - matching_Tlaxcala - DEBUG -     gz_id=2000475 'quesaltepeque cierra' score=1.000 nombre=False saint_only=True terr= phase=candidate
2026-07-29 15:34:00 - matching_Tlaxcala - DEBUG -     gz_id=1004359 'cauich' score=1.000 nombre=False saint_only=True terr= phase=candidate
2026-07-29 15:34:00 - matching_Tlaxcala - DEBUG -     gz_id=1004360 'china' score=1.000 nombre=False saint_only=True terr= phase=candidate
2026-07-29 15:34:00 - matching_Tlaxcala - DEBUG -     gz_id=1005489 'concepcion' score=1.000 nombre=True saint_only=False terr= phase=auto_adopt
2026-07-29 15:34:00 - matching_Tlaxcala - DEBUG -     gz_id=5000664 'cabiuna' score=1.000 nombre=False saint_only=True terr= phase=candidate
2026-07-29 15:34:00 - matching_Tlaxcala - DEBUG -     gz_id=5000665 'icimena' score=1.000 nombre=False saint_only=False terr= phase=candidate
2026-07-29 15:34:00 - matching_Tlaxcala - DEBUG -     gz_id=1003840 'tamitad' score=1.000 nombre=False saint_only=True terr= phase=candidate
2026-07-29 15:34:00 - matching_Tlaxcala - DEBUG -     gz_id=1004366 'pociajum' score=1.000 nombre=False saint_only=True terr= phase=candidate
2026-07-29 15:34:00 - matching_Tlaxcala - DEBUG -     gz_id=2000489 'intipuca' score=1.000 nombre=False saint_only=True terr= phase=candidate
2026-07-29 15:34:00 - matching_Tlaxcala - DEBUG -     gz_id=1000718 'almoloia' score=1.000 nombre=False saint_only=True terr= phase=candidate
2026-07-29 15:34:00 - matching_Tlaxcala - DEBUG -     gz_id=2000495 'cesore' score=1.000 nombre=False saint_only=True terr= phase=candidate
2026-07-29 15:34:00 - matching_Tlaxcala - DEBUG -     gz_id=5000686 'arama' score=1.000 nombre=False saint_only=True terr= phase=candidate
2026-07-29 15:34:00 - matching_Tlaxcala - DEBUG -     gz_id=1004958 'sacatula' score=1.000 nombre=False saint_only=True terr= phase=candidate
2026-07-29 15:34:00 - matching_Tlaxcala - DEBUG -     gz_id=1000731 'landa' score=1.000 nombre=False saint_only=True terr= phase=candidate
2026-07-29 15:34:00 - matching_Tlaxcala - DEBUG -     gz_id=2000505 'chilanga' score=1.000 nombre=False saint_only=True terr= phase=candidate
2026-07-29 15:34:00 - matching_Tlaxcala - DEBUG -     gz_id=4000288 'concepcion caura' score=1.000 nombre=False saint_only=True terr= phase=candidate
2026-07-29 15:34:00 - matching_Tlaxcala - DEBUG -     gz_id=8000077 'quata' score=1.000 nombre=False saint_only=True terr= phase=candidate
2026-07-29 15:34:00 - matching_Tlaxcala - DEBUG -     gz_id=1003867 'capirato' score=1.000 nombre=False saint_only=True terr= phase=candidate
2026-07-29 15:34:00 - matching_Tlaxcala - DEBUG -     gz_id=1000229 'champoton' score=1.000 nombre=False saint_only=True terr= phase=candidate
2026-07-29 15:34:00 - matching_Tlaxcala - DEBUG -     gz_id=4000314 'huairi' score=1.000 nombre=False saint_only=True terr= phase=candidate
2026-07-29 15:34:00 - matching_Tlaxcala - DEBUG -     gz_id=6001145 'concepcion' score=1.000 nombre=True saint_only=False terr= phase=auto_adopt
2026-07-29 15:34:00 - matching_Tlaxcala - DEBUG -     gz_id=1004416 'concepcion' score=1.000 nombre=True saint_only=False terr= phase=auto_adopt
2026-07-29 15:34:00 - matching_Tlaxcala - DEBUG -     gz_id=1004989 'balle mais' score=1.000 nombre=False saint_only=True terr= phase=candidate
2026-07-29 15:34:00 - matching_Tlaxcala - DEBUG -     gz_id=5000188 'lloro' score=1.000 nombre=False saint_only=True terr= phase=candidate
2026-07-29 15:34:00 - matching_Tlaxcala - DEBUG -     gz_id=1004420 'baca' score=1.000 nombre=False saint_only=True terr= phase=candidate
2026-07-29 15:34:00 - matching_Tlaxcala - DEBUG -     gz_id=1004422 'bucsos' score=1.000 nombre=False saint_only=True terr= phase=candidate
2026-07-29 15:34:00 - matching_Tlaxcala - DEBUG -     gz_id=1000770 'osumba' score=1.000 nombre=False saint_only=True terr= phase=candidate
2026-07-29 15:34:00 - matching_Tlaxcala - DEBUG -     gz_id=4000331 'piritu' score=1.000 nombre=False saint_only=True terr= phase=candidate
2026-07-29 15:34:00 - matching_Tlaxcala - DEBUG -     gz_id=1003904 'mobas' score=1.000 nombre=False saint_only=True terr= phase=candidate
2026-07-29 15:34:00 - matching_Tlaxcala - DEBUG -     gz_id=5000204 'crabo' score=1.000 nombre=False saint_only=False terr= phase=candidate
2026-07-29 15:34:00 - matching_Tlaxcala - DEBUG -     gz_id=2000040 'chapultenango' score=1.000 nombre=False saint_only=True terr= phase=candidate
2026-07-29 15:34:00 - matching_Tlaxcala - DEBUG -     gz_id=3000158 'aiubale' score=1.000 nombre=False saint_only=True terr= phase=candidate
2026-07-29 15:34:00 - matching_Tlaxcala - DEBUG -     gz_id=1003918 'tonichi' score=1.000 nombre=False saint_only=True terr= phase=candidate
2026-07-29 15:34:00 - matching_Tlaxcala - DEBUG -     gz_id=1000275 'concepcion tubares' score=1.000 nombre=False saint_only=True terr= phase=candidate
2026-07-29 15:34:00 - matching_Tlaxcala - DEBUG -     gz_id=1003926 'baca' score=1.000 nombre=False saint_only=True terr= phase=candidate
2026-07-29 15:34:00 - matching_Tlaxcala - DEBUG -     gz_id=1003928 'bamoa' score=1.000 nombre=False saint_only=True terr= phase=candidate
2026-07-29 15:34:00 - matching_Tlaxcala - DEBUG -     gz_id=1003930 'charai' score=1.000 nombre=False saint_only=True terr= phase=candidate
2026-07-29 15:34:00 - matching_Tlaxcala - DEBUG -     gz_id=1003931 'chicorato' score=1.000 nombre=False saint_only=True terr= phase=candidate
2026-07-29 15:34:00 - matching_Tlaxcala - DEBUG -     gz_id=1004463 'iaxkukul' score=1.000 nombre=False saint_only=True terr= phase=candidate
2026-07-29 15:34:00 - matching_Tlaxcala - DEBUG -     gz_id=8000154 'huaicoma' score=1.000 nombre=False saint_only=True terr= phase=candidate
2026-07-29 15:34:00 - matching_Tlaxcala - DEBUG -     gz_id=8000671 'concepcion' score=1.000 nombre=False saint_only=True terr= phase=candidate
2026-07-29 15:34:00 - matching_Tlaxcala - DEBUG -     gz_id=4000377 'cocuisas' score=1.000 nombre=False saint_only=True terr= phase=candidate
2026-07-29 15:34:00 - matching_Tlaxcala - DEBUG -     gz_id=7000355 'conuco' score=1.000 nombre=False saint_only=True terr= phase=candidate
2026-07-29 15:34:00 - matching_Tlaxcala - DEBUG -     gz_id=1003952 'babiacora' score=1.000 nombre=False saint_only=True terr= phase=candidate
2026-07-29 15:34:00 - matching_Tlaxcala - DEBUG -     gz_id=1003954 'caborca' score=1.000 nombre=False saint_only=True terr= phase=candidate
2026-07-29 15:34:00 - matching_Tlaxcala - DEBUG -     gz_id=9901071 'concepcion' score=1.000 nombre=False saint_only=False terr= phase=candidate
2026-07-29 15:34:00 - matching_Tlaxcala - DEBUG -     gz_id=1000836 'temalac' score=1.000 nombre=False saint_only=True terr= phase=candidate
2026-07-29 15:34:00 - matching_Tlaxcala - DEBUG -     gz_id=8000186 'concepcion' score=1.000 nombre=True saint_only=False terr= phase=auto_adopt
2026-07-29 15:34:00 - matching_Tlaxcala - DEBUG -     gz_id=1004517 'chuburna' score=1.000 nombre=False saint_only=True terr= phase=candidate
2026-07-29 15:34:00 - matching_Tlaxcala - DEBUG -     gz_id=5000828 'orino' score=1.000 nombre=False saint_only=False terr= phase=candidate
2026-07-29 15:34:00 - matching_Tlaxcala - DEBUG -     gz_id=3000225 'banica' score=1.000 nombre=False saint_only=True terr= phase=candidate
2026-07-29 15:34:00 - matching_Tlaxcala - DEBUG -     gz_id=9000007 'arroio china' score=1.000 nombre=False saint_only=True terr= phase=candidate
2026-07-29 15:34:00 - matching_Tlaxcala - DEBUG -     gz_id=9000010 'billa real' score=1.000 nombre=False saint_only=True terr= phase=candidate
2026-07-29 15:34:00 - matching_Tlaxcala - DEBUG -     gz_id=4000423 'suai' score=1.000 nombre=False saint_only=True terr= phase=candidate
2026-07-29 15:34:00 - matching_Tlaxcala - DEBUG -     gz_id=8000207 'huancane' score=1.000 nombre=False saint_only=True terr= phase=candidate
2026-07-29 15:34:00 - matching_Tlaxcala - DEBUG -     gz_id=1000345 'papigochic' score=1.000 nombre=False saint_only=True terr= phase=candidate
2026-07-29 15:34:00 - matching_Tlaxcala - DEBUG -     gz_id=1001902 'tonatico' score=1.000 nombre=False saint_only=True terr= phase=candidate
2026-07-29 15:34:00 - matching_Tlaxcala - DEBUG -     gz_id=2000127 'escuintla' score=1.000 nombre=False saint_only=True terr= phase=candidate
2026-07-29 15:34:00 - matching_Tlaxcala - DEBUG -     gz_id=1001393 'amealco' score=1.000 nombre=False saint_only=True terr= phase=candidate
2026-07-29 15:34:00 - matching_Tlaxcala - DEBUG -     gz_id=1000358 'temosachi' score=1.000 nombre=False saint_only=True terr= phase=candidate
2026-07-29 15:34:00 - matching_Tlaxcala - DEBUG -     gz_id=1000359 'tomochi' score=1.000 nombre=False saint_only=True terr= phase=candidate
2026-07-29 15:34:00 - matching_Tlaxcala - DEBUG -     gz_id=5000866 'concepcion' score=1.000 nombre=False saint_only=True terr= phase=candidate
2026-07-29 15:34:00 - matching_Tlaxcala - DEBUG -     gz_id=9901124 'concepcion' score=1.000 nombre=False saint_only=True terr= phase=candidate
2026-07-29 15:34:00 - matching_Tlaxcala - DEBUG -     gz_id=1000886 'cocoioc' score=1.000 nombre=False saint_only=True terr= phase=candidate
2026-07-29 15:34:00 - matching_Tlaxcala - DEBUG -     gz_id=4000451 'panapana' score=1.000 nombre=False saint_only=True terr= phase=candidate
2026-07-29 15:34:00 - matching_Tlaxcala - DEBUG -     gz_id=9000044 'concepcion' score=1.000 nombre=False saint_only=True terr= phase=candidate
2026-07-29 15:34:00 - matching_Tlaxcala - DEBUG -     gz_id=1000370 'pueblo nuebo' score=1.000 nombre=False saint_only=True terr= phase=candidate
2026-07-29 15:34:00 - matching_Tlaxcala - DEBUG -     gz_id=5000898 'concepcion' score=1.000 nombre=True saint_only=False terr= phase=auto_adopt
2026-07-29 15:34:00 - matching_Tlaxcala - DEBUG -     gz_id=1004574 'tinum' score=1.000 nombre=False saint_only=True terr= phase=candidate
2026-07-29 15:34:00 - matching_Tlaxcala - DEBUG -     gz_id=2000155 'huehuetenango' score=1.000 nombre=False saint_only=True terr= phase=candidate
2026-07-29 15:34:00 - matching_Tlaxcala - DEBUG -     gz_id=8000243 'parapiti' score=1.000 nombre=False saint_only=True terr= phase=candidate
2026-07-29 15:34:00 - matching_Tlaxcala - DEBUG -     gz_id=2000683 'concepcion' score=1.000 nombre=False saint_only=True terr= phase=candidate
2026-07-29 15:34:00 - matching_Tlaxcala - DEBUG -     gz_id=8000249 'pilipili' score=1.000 nombre=False saint_only=True terr= phase=candidate
2026-07-29 15:34:00 - matching_Tlaxcala - DEBUG -     gz_id=9000063 'rio cuarto' score=1.000 nombre=False saint_only=True terr= phase=candidate
2026-07-29 15:34:00 - matching_Tlaxcala - DEBUG -     gz_id=5000911 'samba' score=1.000 nombre=False saint_only=True terr= phase=candidate
2026-07-29 15:34:00 - matching_Tlaxcala - DEBUG -     gz_id=5600527 'descance' score=1.000 nombre=False saint_only=True terr= phase=candidate
2026-07-29 15:34:00 - matching_Tlaxcala - DEBUG -     gz_id=8000255 'concepcion' score=1.000 nombre=True saint_only=False terr= phase=auto_adopt
2026-07-29 15:34:00 - matching_Tlaxcala - DEBUG -     gz_id=1005148 'canutillo' score=1.000 nombre=False saint_only=True terr= phase=candidate
2026-07-29 15:34:00 - matching_Tlaxcala - DEBUG -     gz_id=5600530 'concepcion' score=1.000 nombre=True saint_only=False terr= phase=auto_adopt
2026-07-29 15:34:00 - matching_Tlaxcala - DEBUG -     gz_id=4000493 'maperihuar' score=1.000 nombre=False saint_only=True terr= phase=candidate
2026-07-29 15:34:00 - matching_Tlaxcala - DEBUG -     gz_id=8000264 'concepcion' score=1.000 nombre=True saint_only=False terr= phase=auto_adopt
2026-07-29 15:34:00 - matching_Tlaxcala - DEBUG -     gz_id=1001964 'coeneo' score=1.000 nombre=False saint_only=True terr= phase=candidate
2026-07-29 15:34:00 - matching_Tlaxcala - DEBUG -     gz_id=4000503 'meceta' score=1.000 nombre=False saint_only=True terr= phase=candidate
2026-07-29 15:34:00 - matching_Tlaxcala - DEBUG -     gz_id=2000180 'chiquirichapa' score=1.000 nombre=False saint_only=True terr= phase=candidate
2026-07-29 15:34:00 - matching_Tlaxcala - DEBUG -     gz_id=3000315 'piedras' score=1.000 nombre=False saint_only=True terr= phase=candidate
2026-07-29 15:34:00 - matching_Tlaxcala - DEBUG -     gz_id=1001461 'cocula' score=1.000 nombre=False saint_only=True terr= phase=candidate
2026-07-29 15:34:00 - matching_Tlaxcala - DEBUG -     gz_id=2000723 'buruca' score=1.000 nombre=False saint_only=True terr= phase=candidate
2026-07-29 15:34:00 - matching_Tlaxcala - DEBUG -     gz_id=5000374 'puerto real' score=1.000 nombre=False saint_only=True terr= phase=candidate
2026-07-29 15:34:00 - matching_Tlaxcala - DEBUG -     gz_id=9000103 'alto' score=1.000 nombre=False saint_only=True terr= phase=candidate
2026-07-29 15:34:00 - matching_Tlaxcala - DEBUG -     gz_id=1004634 'tlacuitlapan' score=1.000 nombre=False saint_only=True terr= phase=candidate
2026-07-29 15:34:00 - matching_Tlaxcala - DEBUG -     gz_id=1005190 'concepcion' score=1.000 nombre=True saint_only=False terr= phase=auto_adopt
2026-07-29 15:34:00 - matching_Tlaxcala - DEBUG -     gz_id=1001473 'tepecoacuilco' score=1.000 nombre=False saint_only=True terr= phase=candidate
2026-07-29 15:34:00 - matching_Tlaxcala - DEBUG -     gz_id=2000209 'almolonga' score=1.000 nombre=False saint_only=True terr= phase=candidate
2026-07-29 15:34:00 - matching_Tlaxcala - DEBUG -     gz_id=5000384 'remolino' score=1.000 nombre=False saint_only=True terr= phase=candidate
2026-07-29 15:34:00 - matching_Tlaxcala - DEBUG -     gz_id=5000390 'chimichahua' score=1.000 nombre=False saint_only=True terr= phase=candidate
2026-07-29 15:34:00 - matching_Tlaxcala - DEBUG -     gz_id=5600596 'concepcion' score=1.000 nombre=False saint_only=True terr= phase=candidate
2026-07-29 15:34:00 - matching_Tlaxcala - DEBUG -     gz_id=9000136 'minas' score=1.000 nombre=False saint_only=True terr= phase=candidate
2026-07-29 15:34:00 - matching_Tlaxcala - DEBUG -     gz_id=1000463 'esatlan' score=1.000 nombre=False saint_only=True terr= phase=candidate
2026-07-29 15:34:00 - matching_Tlaxcala - DEBUG -     gz_id=9000696 'barrio concepcion' score=1.000 nombre=False saint_only=True terr= phase=candidate
2026-07-29 15:34:00 - matching_Tlaxcala - DEBUG -     gz_id=4000573 'pao' score=1.000 nombre=False saint_only=True terr= phase=candidate
2026-07-29 15:34:00 - matching_Tlaxcala - DEBUG -     gz_id=4000576 'tapaquire' score=1.000 nombre=False saint_only=True terr= phase=candidate
2026-07-29 15:34:00 - matching_Tlaxcala - DEBUG -     gz_id=4000583 'arenas' score=1.000 nombre=False saint_only=True terr= phase=candidate
2026-07-29 15:34:00 - matching_Tlaxcala - DEBUG -     gz_id=7000315 'penco' score=1.000 nombre=False saint_only=True terr= phase=candidate
2026-07-29 15:34:00 - matching_Tlaxcala - DEBUG -     gz_id=9000158 'mandisobi' score=1.000 nombre=False saint_only=True terr= phase=candidate
2026-07-29 15:34:00 - matching_Tlaxcala - DEBUG -     gz_id=1001520 'sultepec' score=1.000 nombre=False saint_only=True terr= phase=candidate
2026-07-29 15:34:00 - matching_Tlaxcala - DEBUG -     gz_id=9901260 'infiesto' score=1.000 nombre=False saint_only=True terr= phase=candidate
2026-07-29 15:34:00 - matching_Tlaxcala - DEBUG -     gz_id=1003102 'totoltepec' score=1.000 nombre=False saint_only=True terr= phase=candidate
2026-07-29 15:34:00 - matching_Tlaxcala - DEBUG -     gz_id=5600642 'concepcion' score=1.000 nombre=True saint_only=False terr= phase=auto_adopt
2026-07-29 15:34:00 - matching_Tlaxcala - DEBUG -     gz_id=9000728 'caiasta' score=1.000 nombre=False saint_only=True terr= phase=candidate
2026-07-29 15:34:00 - matching_Tlaxcala - DEBUG -     gz_id=1000511 'mitic' score=1.000 nombre=False saint_only=True terr= phase=candidate
2026-07-29 15:34:00 - matching_Tlaxcala - DEBUG -     gz_id=1001017 'concepcion' score=1.000 nombre=True saint_only=False terr= phase=auto_adopt
2026-07-29 15:34:00 - matching_Tlaxcala - DEBUG -     gz_id=1004722 'cadegomo' score=1.000 nombre=False saint_only=True terr= phase=candidate
2026-07-29 15:34:00 - matching_Tlaxcala - DEBUG -     gz_id=1001552 'coatipac' score=1.000 nombre=False saint_only=True terr= phase=candidate
2026-07-29 15:34:00 - matching_Tlaxcala - DEBUG -     gz_id=1000512 'moia' score=1.000 nombre=False saint_only=True terr= phase=candidate
2026-07-29 15:34:00 - matching_Tlaxcala - DEBUG -     gz_id=9001001 'concepcion' score=1.000 nombre=False saint_only=True terr= phase=candidate
2026-07-29 15:34:00 - matching_Tlaxcala - DEBUG -     gz_id=4000641 'tintini' score=1.000 nombre=False saint_only=True terr= phase=candidate
2026-07-29 15:34:00 - matching_Tlaxcala - INFO -   Before dedup: 181 candidates
2026-07-29 15:34:00 - matching_Tlaxcala - INFO -   After dedup: 181 unique gz_ids
2026-07-29 15:34:00 - matching_Tlaxcala - INFO -   Input has territorial data: False
2026-07-29 15:34:00 - matching_Tlaxcala - INFO -   Candidates with territory match: 0
2026-07-29 15:34:00 - matching_Tlaxcala - INFO -   No territorial filtering applied (no input territorial data)
2026-07-29 15:34:00 - matching_Tlaxcala - INFO -   Nombre matches (exact on lugar_nombre): 24
2026-07-29 15:34:00 - matching_Tlaxcala - INFO -   Saint-only matches: 152
2026-07-29 15:34:00 - matching_Tlaxcala - INFO -   Substantive matches: 29
2026-07-29 15:34:00 - matching_Tlaxcala - INFO -   NOMBRE PRIORITY: Keeping ONLY 24 nombre matches, discarding 5 others
2026-07-29 15:34:00 - matching_Tlaxcala - INFO -      gz_id=1005298: La Concepcion
2026-07-29 15:34:00 - matching_Tlaxcala - INFO -      gz_id=9900011: Concepcion
2026-07-29 15:34:00 - matching_Tlaxcala - INFO -      gz_id=1004748: Concepcion
2026-07-29 15:34:00 - matching_Tlaxcala - INFO -      gz_id=6000438: Concepcion
2026-07-29 15:34:00 - matching_Tlaxcala - INFO -      gz_id=9000265: Concepcion
2026-07-29 15:34:00 - matching_Tlaxcala - INFO -      gz_id=9990010: Concepcion
2026-07-29 15:34:00 - matching_Tlaxcala - INFO -      gz_id=9900807: Concepcion
2026-07-29 15:34:00 - matching_Tlaxcala - INFO -      gz_id=2000391: Concepcion
2026-07-29 15:34:00 - matching_Tlaxcala - INFO -      gz_id=5000574: Concepcion
2026-07-29 15:34:00 - matching_Tlaxcala - INFO -      gz_id=6000515: Concepcion
2026-07-29 15:34:00 - matching_Tlaxcala - INFO -      gz_id=9900146: Concepcion
2026-07-29 15:34:00 - matching_Tlaxcala - INFO -      gz_id=5000097: Concepcion
2026-07-29 15:34:00 - matching_Tlaxcala - INFO -      gz_id=7000002: Concepcion
2026-07-29 15:34:00 - matching_Tlaxcala - INFO -      gz_id=1005489: Concepcion
2026-07-29 15:34:00 - matching_Tlaxcala - INFO -      gz_id=6001145: Concepcion
2026-07-29 15:34:00 - matching_Tlaxcala - INFO -      gz_id=1004416: Concepcion
2026-07-29 15:34:00 - matching_Tlaxcala - INFO -      gz_id=8000186: Concepcion
2026-07-29 15:34:00 - matching_Tlaxcala - INFO -      gz_id=5000898: Concepcion
2026-07-29 15:34:00 - matching_Tlaxcala - INFO -      gz_id=8000255: Concepcion
2026-07-29 15:34:00 - matching_Tlaxcala - INFO -      gz_id=5600530: Concepcion
2026-07-29 15:34:00 - matching_Tlaxcala - INFO -      gz_id=8000264: Concepcion
2026-07-29 15:34:00 - matching_Tlaxcala - INFO -      gz_id=1005190: Concepcion
2026-07-29 15:34:00 - matching_Tlaxcala - INFO -      gz_id=5600642: Concepcion
2026-07-29 15:34:00 - matching_Tlaxcala - INFO -      gz_id=1001017: Concepcion
2026-07-29 15:34:00 - matching_Tlaxcala - INFO -   Candidate pool (>= threshold): 24
2026-07-29 15:34:00 - matching_Tlaxcala - INFO -   24 candidate(s) -> candidate
2026-07-29 15:34:00 - matching_Tlaxcala - INFO -   rowID=187: found at step 'no_partido_jurisdiccion'
2026-07-29 15:34:00 - matching_Tlaxcala - INFO - 
============================================================
2026-07-29 15:34:00 - matching_Tlaxcala - INFO - Processing rowID=190: 'Tlapesco' -> cleaned: 'tlapesco'
2026-07-29 15:34:00 - matching_Tlaxcala - INFO -   Territorial context: (none)='' -> allowed rows: all
2026-07-29 15:34:00 - matching_Tlaxcala - INFO -   Token-based candidates: 0
2026-07-29 15:34:00 - matching_Tlaxcala - WARNING -   No candidates found - relegated
2026-07-29 15:34:00 - matching_Tlaxcala - INFO - 
============================================================
2026-07-29 15:34:00 - matching_Tlaxcala - INFO - Processing rowID=190: 'Tlapesco' -> cleaned: 'tlapesco'
2026-07-29 15:34:00 - matching_Tlaxcala - INFO -   Territorial context: (none)='' -> allowed rows: all
2026-07-29 15:34:00 - matching_Tlaxcala - INFO -   Token-based candidates: 0
2026-07-29 15:34:00 - matching_Tlaxcala - WARNING -   No candidates found - relegated
2026-07-29 15:34:00 - matching_Tlaxcala - INFO - 
============================================================
2026-07-29 15:34:00 - matching_Tlaxcala - INFO - Processing rowID=190: 'Tlapesco' -> cleaned: 'tlapesco'
2026-07-29 15:34:00 - matching_Tlaxcala - INFO -   Territorial context: (none)='' -> allowed rows: all
2026-07-29 15:34:00 - matching_Tlaxcala - INFO -   Token-based candidates: 0
2026-07-29 15:34:00 - matching_Tlaxcala - WARNING -   No candidates found - relegated
2026-07-29 15:34:00 - matching_Tlaxcala - INFO - Processing row 190, rowID=191
2026-07-29 15:34:00 - matching_Tlaxcala - INFO - 
============================================================
2026-07-29 15:34:00 - matching_Tlaxcala - INFO - Processing rowID=191: 'Atotonilco' -> cleaned: 'atotonilco'
2026-07-29 15:34:00 - matching_Tlaxcala - INFO -   Territorial context: (none)='' -> allowed rows: all
2026-07-29 15:34:00 - matching_Tlaxcala - INFO -   Token-based candidates: 14
2026-07-29 15:34:00 - matching_Tlaxcala - INFO -   Fuzzy matches (score >= 70, limit=500): 14
2026-07-29 15:34:00 - matching_Tlaxcala - DEBUG -     gz_id=1000915 'atotonilco' score=1.000 nombre=False saint_only=False terr= phase=auto_adopt
2026-07-29 15:34:00 - matching_Tlaxcala - DEBUG -     gz_id=1004604 'atotonilco' score=1.000 nombre=False saint_only=False terr= phase=auto_adopt
2026-07-29 15:34:00 - matching_Tlaxcala - DEBUG -     gz_id=1001751 'atotonilco' score=1.000 nombre=False saint_only=False terr= phase=auto_adopt
2026-07-29 15:34:00 - matching_Tlaxcala - DEBUG -     gz_id=1000307 'san juan' score=1.000 nombre=False saint_only=False terr= phase=auto_adopt
2026-07-29 15:34:00 - matching_Tlaxcala - DEBUG -     gz_id=1005425 'atotonilco' score=1.000 nombre=False saint_only=False terr= phase=auto_adopt
2026-07-29 15:34:00 - matching_Tlaxcala - DEBUG -     gz_id=1000405 'atotonilco' score=1.000 nombre=False saint_only=False terr= phase=auto_adopt
2026-07-29 15:34:00 - matching_Tlaxcala - DEBUG -     gz_id=1001380 'real chico' score=1.000 nombre=False saint_only=False terr= phase=auto_adopt
2026-07-29 15:34:00 - matching_Tlaxcala - DEBUG -     gz_id=1000387 'atotonilco' score=1.000 nombre=False saint_only=False terr= phase=auto_adopt
2026-07-29 15:34:00 - matching_Tlaxcala - DEBUG -     gz_id=1000542 'atotonilco' score=1.000 nombre=False saint_only=False terr= phase=auto_adopt
2026-07-29 15:34:00 - matching_Tlaxcala - DEBUG -     gz_id=1001615 'atotonilco' score=1.000 nombre=False saint_only=False terr= phase=auto_adopt
2026-07-29 15:34:00 - matching_Tlaxcala - DEBUG -     gz_id=1000385 'atotonilco' score=1.000 nombre=False saint_only=False terr= phase=auto_adopt
2026-07-29 15:34:00 - matching_Tlaxcala - DEBUG -     gz_id=1000484 'atotonilco alto' score=1.000 nombre=False saint_only=False terr= phase=auto_adopt
2026-07-29 15:34:00 - matching_Tlaxcala - DEBUG -     gz_id=1000485 'atotonilco bajo' score=1.000 nombre=False saint_only=False terr= phase=auto_adopt
2026-07-29 15:34:00 - matching_Tlaxcala - DEBUG -     gz_id=1001752 'atotonilco grande' score=1.000 nombre=False saint_only=False terr= phase=auto_adopt
2026-07-29 15:34:00 - matching_Tlaxcala - INFO -   Before dedup: 14 candidates
2026-07-29 15:34:00 - matching_Tlaxcala - INFO -   After dedup: 14 unique gz_ids
2026-07-29 15:34:00 - matching_Tlaxcala - INFO -   Input has territorial data: False
2026-07-29 15:34:00 - matching_Tlaxcala - INFO -   Candidates with territory match: 0
2026-07-29 15:34:00 - matching_Tlaxcala - INFO -   No territorial filtering applied (no input territorial data)
2026-07-29 15:34:00 - matching_Tlaxcala - INFO -   Nombre matches (exact on lugar_nombre): 0
2026-07-29 15:34:00 - matching_Tlaxcala - INFO -   Saint-only matches: 0
2026-07-29 15:34:00 - matching_Tlaxcala - INFO -   Substantive matches: 14
2026-07-29 15:34:00 - matching_Tlaxcala - INFO -   Candidate pool (>= threshold): 14
2026-07-29 15:34:00 - matching_Tlaxcala - INFO -   14 candidate(s) -> candidate
2026-07-29 15:34:00 - matching_Tlaxcala - INFO -   rowID=191: found at step 'no_partido_jurisdiccion'
2026-07-29 15:34:00 - matching_Tlaxcala - INFO - 
============================================================
2026-07-29 15:34:00 - matching_Tlaxcala - INFO - Processing rowID=193: 'Atoyaque' -> cleaned: 'atoiaque'
2026-07-29 15:34:00 - matching_Tlaxcala - INFO -   Territorial context: (none)='' -> allowed rows: all
2026-07-29 15:34:00 - matching_Tlaxcala - INFO -   Token-based candidates: 2
2026-07-29 15:34:00 - matching_Tlaxcala - INFO -   Fuzzy matches (score >= 70, limit=500): 2
2026-07-29 15:34:00 - matching_Tlaxcala - DEBUG -     gz_id=2000434 'jaiaque' score=0.857 nombre=False saint_only=False terr= phase=candidate
2026-07-29 15:34:00 - matching_Tlaxcala - DEBUG -     gz_id=8000368 'tiraque' score=0.857 nombre=False saint_only=False terr= phase=candidate
2026-07-29 15:34:00 - matching_Tlaxcala - INFO -   Before dedup: 2 candidates
2026-07-29 15:34:00 - matching_Tlaxcala - INFO -   After dedup: 2 unique gz_ids
2026-07-29 15:34:00 - matching_Tlaxcala - INFO -   Input has territorial data: False
2026-07-29 15:34:00 - matching_Tlaxcala - INFO -   Candidates with territory match: 0
2026-07-29 15:34:00 - matching_Tlaxcala - INFO -   No territorial filtering applied (no input territorial data)
2026-07-29 15:34:00 - matching_Tlaxcala - INFO -   Nombre matches (exact on lugar_nombre): 0
2026-07-29 15:34:00 - matching_Tlaxcala - INFO -   Saint-only matches: 0
2026-07-29 15:34:00 - matching_Tlaxcala - INFO -   Substantive matches: 2
2026-07-29 15:34:00 - matching_Tlaxcala - INFO -   Candidate pool (>= threshold): 2
2026-07-29 15:34:00 - matching_Tlaxcala - INFO -   2 candidate(s) -> candidate
2026-07-29 15:34:00 - matching_Tlaxcala - INFO -   rowID=193: found at step 'no_partido_jurisdiccion'
2026-07-29 15:34:00 - matching_Tlaxcala - INFO - 
============================================================
2026-07-29 15:34:00 - matching_Tlaxcala - INFO - Processing rowID=194: 'San Cristóbal' -> cleaned: 'san cristobal'
2026-07-29 15:34:00 - matching_Tlaxcala - INFO -   Territorial context: (none)='' -> allowed rows: all
2026-07-29 15:34:00 - matching_Tlaxcala - INFO -   Token-based candidates: 4461
2026-07-29 15:34:00 - matching_Tlaxcala - INFO -   Filtering: need match on substantive tokens: ['cristobal'] OR 2+ total tokens
2026-07-29 15:34:01 - matching_Tlaxcala - INFO -   After filtering weak token matches: 81 candidates
2026-07-29 15:34:01 - matching_Tlaxcala - INFO -   Fuzzy matches (score >= 70, limit=500): 81
2026-07-29 15:34:01 - matching_Tlaxcala - DEBUG -     gz_id=1000060 'san cristobal barranca' score=1.000 nombre=False saint_only=True terr= phase=candidate
2026-07-29 15:34:01 - matching_Tlaxcala - DEBUG -     gz_id=1000087 'ecatepec' score=1.000 nombre=False saint_only=True terr= phase=candidate
2026-07-29 15:34:01 - matching_Tlaxcala - DEBUG -     gz_id=1000280 'nombre dios' score=1.000 nombre=False saint_only=True terr= phase=candidate
2026-07-29 15:34:01 - matching_Tlaxcala - DEBUG -     gz_id=1000526 'tepeaca' score=1.000 nombre=False saint_only=True terr= phase=candidate
2026-07-29 15:34:01 - matching_Tlaxcala - DEBUG -     gz_id=1000568 'sapotitlan' score=1.000 nombre=False saint_only=True terr= phase=candidate
2026-07-29 15:34:01 - matching_Tlaxcala - DEBUG -     gz_id=1000640 'masamitla' score=1.000 nombre=False saint_only=True terr= phase=candidate
2026-07-29 15:34:01 - matching_Tlaxcala - DEBUG -     gz_id=1000772 'poxtla' score=1.000 nombre=False saint_only=True terr= phase=candidate
2026-07-29 15:34:01 - matching_Tlaxcala - DEBUG -     gz_id=1000864 'coiotepec' score=1.000 nombre=False saint_only=True terr= phase=candidate
2026-07-29 15:34:01 - matching_Tlaxcala - DEBUG -     gz_id=1001234 'chalma' score=1.000 nombre=False saint_only=True terr= phase=candidate
2026-07-29 15:34:01 - matching_Tlaxcala - DEBUG -     gz_id=1001311 'telutlaiuca' score=1.000 nombre=False saint_only=True terr= phase=candidate
2026-07-29 15:34:01 - matching_Tlaxcala - DEBUG -     gz_id=1001445 'texcalucan' score=1.000 nombre=False saint_only=True terr= phase=candidate
2026-07-29 15:34:01 - matching_Tlaxcala - DEBUG -     gz_id=1001603 'san cristobal' score=1.000 nombre=True saint_only=False terr= phase=auto_adopt
2026-07-29 15:34:01 - matching_Tlaxcala - DEBUG -     gz_id=1001655 'nexquipaiac' score=1.000 nombre=False saint_only=True terr= phase=candidate
2026-07-29 15:34:01 - matching_Tlaxcala - DEBUG -     gz_id=1001703 'huichochitlan' score=1.000 nombre=False saint_only=True terr= phase=candidate
2026-07-29 15:34:01 - matching_Tlaxcala - DEBUG -     gz_id=1002124 'pajacuaran' score=1.000 nombre=False saint_only=True terr= phase=candidate
2026-07-29 15:34:01 - matching_Tlaxcala - DEBUG -     gz_id=1002193 'soledad' score=1.000 nombre=False saint_only=True terr= phase=candidate
2026-07-29 15:34:01 - matching_Tlaxcala - DEBUG -     gz_id=1002457 'san cristobal' score=1.000 nombre=True saint_only=False terr= phase=auto_adopt
2026-07-29 15:34:01 - matching_Tlaxcala - DEBUG -     gz_id=1002495 'san cristobal amatlan' score=1.000 nombre=False saint_only=True terr= phase=candidate
2026-07-29 15:34:01 - matching_Tlaxcala - DEBUG -     gz_id=1002677 'masatlan' score=1.000 nombre=False saint_only=True terr= phase=candidate
2026-07-29 15:34:01 - matching_Tlaxcala - DEBUG -     gz_id=1002760 'amoltepec' score=1.000 nombre=False saint_only=True terr= phase=candidate
2026-07-29 15:34:01 - matching_Tlaxcala - DEBUG -     gz_id=1002836 'suchixtlahuaca' score=1.000 nombre=False saint_only=True terr= phase=candidate
2026-07-29 15:34:01 - matching_Tlaxcala - DEBUG -     gz_id=1002962 'lachirioag' score=1.000 nombre=False saint_only=True terr= phase=candidate
2026-07-29 15:34:01 - matching_Tlaxcala - DEBUG -     gz_id=1003062 'san cristobal' score=1.000 nombre=False saint_only=True terr= phase=candidate
2026-07-29 15:34:01 - matching_Tlaxcala - DEBUG -     gz_id=1003250 'necaja' score=1.000 nombre=False saint_only=True terr= phase=candidate
2026-07-29 15:34:01 - matching_Tlaxcala - DEBUG -     gz_id=1003312 'ixhuatlan' score=1.000 nombre=False saint_only=True terr= phase=candidate
2026-07-29 15:34:01 - matching_Tlaxcala - DEBUG -     gz_id=1003353 'tepatlaxco' score=1.000 nombre=False saint_only=True terr= phase=candidate
2026-07-29 15:34:01 - matching_Tlaxcala - DEBUG -     gz_id=1003390 'san cristobal' score=1.000 nombre=True saint_only=False terr= phase=auto_adopt
2026-07-29 15:34:01 - matching_Tlaxcala - DEBUG -     gz_id=1003429 'tepeojuma' score=1.000 nombre=False saint_only=True terr= phase=candidate
2026-07-29 15:34:01 - matching_Tlaxcala - DEBUG -     gz_id=1003520 'tepeteopan' score=1.000 nombre=False saint_only=True terr= phase=candidate
2026-07-29 15:34:01 - matching_Tlaxcala - DEBUG -     gz_id=1003629 'ixtolco' score=1.000 nombre=False saint_only=True terr= phase=candidate
2026-07-29 15:34:01 - matching_Tlaxcala - DEBUG -     gz_id=1003801 'juchimilco' score=1.000 nombre=False saint_only=True terr= phase=candidate
2026-07-29 15:34:01 - matching_Tlaxcala - DEBUG -     gz_id=1003813 'montecillo' score=1.000 nombre=False saint_only=True terr= phase=candidate
2026-07-29 15:34:01 - matching_Tlaxcala - DEBUG -     gz_id=1004190 'tlacojalpan' score=1.000 nombre=False saint_only=True terr= phase=candidate
2026-07-29 15:34:01 - matching_Tlaxcala - DEBUG -     gz_id=1004205 'naranjal' score=1.000 nombre=False saint_only=True terr= phase=candidate
2026-07-29 15:34:01 - matching_Tlaxcala - DEBUG -     gz_id=1004274 'albarado' score=1.000 nombre=False saint_only=True terr= phase=candidate
2026-07-29 15:34:01 - matching_Tlaxcala - DEBUG -     gz_id=1004276 'tlacotalpan' score=1.000 nombre=False saint_only=True terr= phase=candidate
2026-07-29 15:34:01 - matching_Tlaxcala - DEBUG -     gz_id=1004711 'barrio san cristobal' score=1.000 nombre=False saint_only=True terr= phase=candidate
2026-07-29 15:34:01 - matching_Tlaxcala - DEBUG -     gz_id=1004815 'san cristobal' score=1.000 nombre=True saint_only=False terr= phase=auto_adopt
2026-07-29 15:34:01 - matching_Tlaxcala - DEBUG -     gz_id=1004858 'chichicastepec' score=1.000 nombre=False saint_only=True terr= phase=candidate
2026-07-29 15:34:01 - matching_Tlaxcala - DEBUG -     gz_id=1005036 'hualahuices' score=1.000 nombre=False saint_only=True terr= phase=candidate
2026-07-29 15:34:01 - matching_Tlaxcala - DEBUG -     gz_id=1005052 'coronado' score=1.000 nombre=False saint_only=True terr= phase=candidate
2026-07-29 15:34:01 - matching_Tlaxcala - DEBUG -     gz_id=1005152 'san cristobal' score=1.000 nombre=True saint_only=False terr= phase=auto_adopt
2026-07-29 15:34:01 - matching_Tlaxcala - DEBUG -     gz_id=2000158 'san cristobal' score=1.000 nombre=False saint_only=True terr= phase=candidate
2026-07-29 15:34:01 - matching_Tlaxcala - DEBUG -     gz_id=2000214 'san cristobal amatitan' score=1.000 nombre=False saint_only=True terr= phase=candidate
2026-07-29 15:34:01 - matching_Tlaxcala - DEBUG -     gz_id=2000239 'ixtepeque' score=1.000 nombre=False saint_only=True terr= phase=candidate
2026-07-29 15:34:01 - matching_Tlaxcala - DEBUG -     gz_id=2000276 'san cristobal' score=1.000 nombre=True saint_only=False terr= phase=auto_adopt
2026-07-29 15:34:01 - matching_Tlaxcala - DEBUG -     gz_id=2000321 'acasahuastlan' score=1.000 nombre=False saint_only=True terr= phase=candidate
2026-07-29 15:34:01 - matching_Tlaxcala - DEBUG -     gz_id=2000322 'berapas' score=1.000 nombre=False saint_only=True terr= phase=candidate
2026-07-29 15:34:01 - matching_Tlaxcala - DEBUG -     gz_id=2000328 'jutiapa' score=1.000 nombre=False saint_only=True terr= phase=candidate
2026-07-29 15:34:01 - matching_Tlaxcala - DEBUG -     gz_id=2000367 'cabrecan' score=1.000 nombre=False saint_only=True terr= phase=candidate
2026-07-29 15:34:01 - matching_Tlaxcala - DEBUG -     gz_id=2000372 'cucho' score=1.000 nombre=False saint_only=True terr= phase=candidate
2026-07-29 15:34:01 - matching_Tlaxcala - DEBUG -     gz_id=2000434 'jaiaque' score=1.000 nombre=False saint_only=True terr= phase=candidate
2026-07-29 15:34:01 - matching_Tlaxcala - DEBUG -     gz_id=2000463 'jilopango' score=1.000 nombre=False saint_only=True terr= phase=candidate
2026-07-29 15:34:01 - matching_Tlaxcala - DEBUG -     gz_id=2000472 'jutiapilla' score=1.000 nombre=False saint_only=True terr= phase=candidate
2026-07-29 15:34:01 - matching_Tlaxcala - DEBUG -     gz_id=2000492 'jucoaran' score=1.000 nombre=False saint_only=True terr= phase=candidate
2026-07-29 15:34:01 - matching_Tlaxcala - DEBUG -     gz_id=2000742 'san cristobal bajo' score=1.000 nombre=False saint_only=True terr= phase=candidate
2026-07-29 15:34:01 - matching_Tlaxcala - DEBUG -     gz_id=2000824 'pueblo real' score=1.000 nombre=False saint_only=True terr= phase=candidate
2026-07-29 15:34:01 - matching_Tlaxcala - DEBUG -     gz_id=4000330 'barcelona' score=1.000 nombre=False saint_only=True terr= phase=candidate
2026-07-29 15:34:01 - matching_Tlaxcala - DEBUG -     gz_id=4000460 'san cristobal' score=1.000 nombre=True saint_only=False terr= phase=auto_adopt
2026-07-29 15:34:01 - matching_Tlaxcala - DEBUG -     gz_id=4000512 'cerro mono' score=1.000 nombre=False saint_only=True terr= phase=candidate
2026-07-29 15:34:01 - matching_Tlaxcala - DEBUG -     gz_id=4001002 'nueba ecija' score=1.000 nombre=False saint_only=True terr= phase=candidate
2026-07-29 15:34:01 - matching_Tlaxcala - DEBUG -     gz_id=5000089 'san cristobal' score=1.000 nombre=True saint_only=False terr= phase=auto_adopt
2026-07-29 15:34:01 - matching_Tlaxcala - DEBUG -     gz_id=5000151 'san cristobal' score=1.000 nombre=True saint_only=False terr= phase=auto_adopt
2026-07-29 15:34:01 - matching_Tlaxcala - DEBUG -     gz_id=5600384 'san cristobal' score=1.000 nombre=True saint_only=False terr= phase=auto_adopt
2026-07-29 15:34:01 - matching_Tlaxcala - DEBUG -     gz_id=6000048 'sora' score=1.000 nombre=False saint_only=True terr= phase=candidate
2026-07-29 15:34:01 - matching_Tlaxcala - DEBUG -     gz_id=6000152 'san cristobal' score=1.000 nombre=False saint_only=True terr= phase=candidate
2026-07-29 15:34:01 - matching_Tlaxcala - DEBUG -     gz_id=6000509 'san cristobal' score=1.000 nombre=True saint_only=False terr= phase=auto_adopt
2026-07-29 15:34:01 - matching_Tlaxcala - DEBUG -     gz_id=6000534 'sondondo' score=1.000 nombre=False saint_only=True terr= phase=candidate
2026-07-29 15:34:01 - matching_Tlaxcala - DEBUG -     gz_id=6000664 'san cristobal' score=1.000 nombre=False saint_only=True terr= phase=candidate
2026-07-29 15:34:01 - matching_Tlaxcala - DEBUG -     gz_id=6001027 'uco' score=1.000 nombre=False saint_only=True terr= phase=candidate
2026-07-29 15:34:01 - matching_Tlaxcala - DEBUG -     gz_id=6001042 'san cristobal' score=1.000 nombre=True saint_only=False terr= phase=auto_adopt
2026-07-29 15:34:01 - matching_Tlaxcala - DEBUG -     gz_id=7000365 'san cristobal' score=1.000 nombre=True saint_only=False terr= phase=auto_adopt
2026-07-29 15:34:01 - matching_Tlaxcala - DEBUG -     gz_id=8000080 'pillcomaio' score=1.000 nombre=False saint_only=True terr= phase=candidate
2026-07-29 15:34:01 - matching_Tlaxcala - DEBUG -     gz_id=8000160 'panacachi' score=1.000 nombre=False saint_only=True terr= phase=candidate
2026-07-29 15:34:01 - matching_Tlaxcala - DEBUG -     gz_id=8000166 'san cristobal' score=1.000 nombre=False saint_only=True terr= phase=candidate
2026-07-29 15:34:01 - matching_Tlaxcala - DEBUG -     gz_id=8000302 'achocolla' score=1.000 nombre=False saint_only=True terr= phase=candidate
2026-07-29 15:34:01 - matching_Tlaxcala - DEBUG -     gz_id=8000700 'san cristobal' score=1.000 nombre=False saint_only=True terr= phase=candidate
2026-07-29 15:34:01 - matching_Tlaxcala - DEBUG -     gz_id=9900920 'san cristobal' score=1.000 nombre=False saint_only=True terr= phase=candidate
2026-07-29 15:34:01 - matching_Tlaxcala - DEBUG -     gz_id=9900988 'san cristobal alto' score=1.000 nombre=False saint_only=True terr= phase=candidate
2026-07-29 15:34:01 - matching_Tlaxcala - DEBUG -     gz_id=9901306 'san cristobal' score=1.000 nombre=True saint_only=False terr= phase=auto_adopt
2026-07-29 15:34:01 - matching_Tlaxcala - DEBUG -     gz_id=9960004 'san cristobal' score=1.000 nombre=True saint_only=False terr= phase=auto_adopt
2026-07-29 15:34:01 - matching_Tlaxcala - INFO -   Before dedup: 81 candidates
2026-07-29 15:34:01 - matching_Tlaxcala - INFO -   After dedup: 81 unique gz_ids
2026-07-29 15:34:01 - matching_Tlaxcala - INFO -   Input has territorial data: False
2026-07-29 15:34:01 - matching_Tlaxcala - INFO -   Candidates with territory match: 0
2026-07-29 15:34:01 - matching_Tlaxcala - INFO -   No territorial filtering applied (no input territorial data)
2026-07-29 15:34:01 - matching_Tlaxcala - INFO -   Nombre matches (exact on lugar_nombre): 15
2026-07-29 15:34:01 - matching_Tlaxcala - INFO -   Saint-only matches: 66
2026-07-29 15:34:01 - matching_Tlaxcala - INFO -   Substantive matches: 15
2026-07-29 15:34:01 - matching_Tlaxcala - INFO -   NOMBRE PRIORITY: Keeping ONLY 15 nombre matches, discarding 0 others
2026-07-29 15:34:01 - matching_Tlaxcala - INFO -      gz_id=1001603: San Cristobal
2026-07-29 15:34:01 - matching_Tlaxcala - INFO -      gz_id=1002457: San Cristobal
2026-07-29 15:34:01 - matching_Tlaxcala - INFO -      gz_id=1003390: San Cristobal
2026-07-29 15:34:01 - matching_Tlaxcala - INFO -      gz_id=1004815: San Cristobal
2026-07-29 15:34:01 - matching_Tlaxcala - INFO -      gz_id=1005152: San Cristobal
2026-07-29 15:34:01 - matching_Tlaxcala - INFO -      gz_id=2000276: San Cristobal
2026-07-29 15:34:01 - matching_Tlaxcala - INFO -      gz_id=4000460: San Cristobal
2026-07-29 15:34:01 - matching_Tlaxcala - INFO -      gz_id=5000089: San Cristobal
2026-07-29 15:34:01 - matching_Tlaxcala - INFO -      gz_id=5000151: San Cristobal
2026-07-29 15:34:01 - matching_Tlaxcala - INFO -      gz_id=5600384: San Cristobal
2026-07-29 15:34:01 - matching_Tlaxcala - INFO -      gz_id=6000509: San Cristobal
2026-07-29 15:34:01 - matching_Tlaxcala - INFO -      gz_id=6001042: San Cristobal
2026-07-29 15:34:01 - matching_Tlaxcala - INFO -      gz_id=7000365: San Cristobal
2026-07-29 15:34:01 - matching_Tlaxcala - INFO -      gz_id=9901306: San Cristobal
2026-07-29 15:34:01 - matching_Tlaxcala - INFO -      gz_id=9960004: San Cristobal
2026-07-29 15:34:01 - matching_Tlaxcala - INFO -   Candidate pool (>= threshold): 15
2026-07-29 15:34:01 - matching_Tlaxcala - INFO -   15 candidate(s) -> candidate
2026-07-29 15:34:01 - matching_Tlaxcala - INFO -   rowID=194: found at step 'no_partido_jurisdiccion'
2026-07-29 15:34:01 - matching_Tlaxcala - INFO - 
============================================================
2026-07-29 15:34:01 - matching_Tlaxcala - INFO - Processing rowID=196: 'La Concepción' -> cleaned: 'concepcion'
2026-07-29 15:34:01 - matching_Tlaxcala - INFO -   Territorial context: (none)='' -> allowed rows: all
2026-07-29 15:34:01 - matching_Tlaxcala - INFO -   Token-based candidates: 181
2026-07-29 15:34:01 - matching_Tlaxcala - INFO -   Fuzzy matches (score >= 70, limit=500): 181
2026-07-29 15:34:01 - matching_Tlaxcala - DEBUG -     gz_id=1002614 'chachoapam' score=1.000 nombre=False saint_only=True terr= phase=candidate
2026-07-29 15:34:01 - matching_Tlaxcala - DEBUG -     gz_id=1000522 'atemajac' score=1.000 nombre=False saint_only=True terr= phase=candidate
2026-07-29 15:34:01 - matching_Tlaxcala - DEBUG -     gz_id=1000528 'sapopan' score=1.000 nombre=False saint_only=True terr= phase=candidate
2026-07-29 15:34:01 - matching_Tlaxcala - DEBUG -     gz_id=1005298 'concepcion' score=1.000 nombre=True saint_only=False terr= phase=auto_adopt
2026-07-29 15:34:01 - matching_Tlaxcala - DEBUG -     gz_id=9900011 'concepcion' score=1.000 nombre=True saint_only=False terr= phase=auto_adopt
2026-07-29 15:34:01 - matching_Tlaxcala - DEBUG -     gz_id=1004748 'concepcion' score=1.000 nombre=True saint_only=False terr= phase=auto_adopt
2026-07-29 15:34:01 - matching_Tlaxcala - DEBUG -     gz_id=7000377 'concepcion' score=1.000 nombre=False saint_only=True terr= phase=candidate
2026-07-29 15:34:01 - matching_Tlaxcala - DEBUG -     gz_id=1002629 'tejotepec' score=1.000 nombre=False saint_only=True terr= phase=candidate
2026-07-29 15:34:01 - matching_Tlaxcala - DEBUG -     gz_id=1003153 'jolalpan' score=1.000 nombre=False saint_only=True terr= phase=candidate
2026-07-29 15:34:01 - matching_Tlaxcala - DEBUG -     gz_id=7000387 'arique' score=1.000 nombre=False saint_only=True terr= phase=candidate
2026-07-29 15:34:01 - matching_Tlaxcala - DEBUG -     gz_id=9900024 'concepcion' score=1.000 nombre=False saint_only=True terr= phase=candidate
2026-07-29 15:34:01 - matching_Tlaxcala - DEBUG -     gz_id=9940002 'huiria' score=1.000 nombre=False saint_only=True terr= phase=candidate
2026-07-29 15:34:01 - matching_Tlaxcala - DEBUG -     gz_id=5600152 'caiambe' score=1.000 nombre=False saint_only=True terr= phase=candidate
2026-07-29 15:34:01 - matching_Tlaxcala - DEBUG -     gz_id=9000231 'concepcion' score=1.000 nombre=False saint_only=True terr= phase=candidate
2026-07-29 15:34:01 - matching_Tlaxcala - DEBUG -     gz_id=1001074 'cardonal' score=1.000 nombre=False saint_only=True terr= phase=candidate
2026-07-29 15:34:01 - matching_Tlaxcala - DEBUG -     gz_id=4000099 'taria' score=1.000 nombre=False saint_only=True terr= phase=candidate
2026-07-29 15:34:01 - matching_Tlaxcala - DEBUG -     gz_id=1001598 'tetela' score=1.000 nombre=False saint_only=True terr= phase=candidate
2026-07-29 15:34:01 - matching_Tlaxcala - DEBUG -     gz_id=4000105 'montalban' score=1.000 nombre=False saint_only=True terr= phase=candidate
2026-07-29 15:34:01 - matching_Tlaxcala - DEBUG -     gz_id=6000438 'concepcion' score=1.000 nombre=True saint_only=False terr= phase=auto_adopt
2026-07-29 15:34:01 - matching_Tlaxcala - DEBUG -     gz_id=1004790 'tome' score=1.000 nombre=False saint_only=True terr= phase=candidate
2026-07-29 15:34:01 - matching_Tlaxcala - DEBUG -     gz_id=1001094 'concepcion banos' score=1.000 nombre=False saint_only=True terr= phase=candidate
2026-07-29 15:34:01 - matching_Tlaxcala - DEBUG -     gz_id=2000352 'concepcion' score=1.000 nombre=False saint_only=True terr= phase=candidate
2026-07-29 15:34:01 - matching_Tlaxcala - DEBUG -     gz_id=4000122 'camatahua' score=1.000 nombre=False saint_only=True terr= phase=candidate
2026-07-29 15:34:01 - matching_Tlaxcala - DEBUG -     gz_id=1004797 'acuna' score=1.000 nombre=False saint_only=True terr= phase=candidate
2026-07-29 15:34:01 - matching_Tlaxcala - DEBUG -     gz_id=1004227 'tempoal' score=1.000 nombre=False saint_only=True terr= phase=candidate
2026-07-29 15:34:01 - matching_Tlaxcala - DEBUG -     gz_id=9000265 'concepcion' score=1.000 nombre=True saint_only=False terr= phase=auto_adopt
2026-07-29 15:34:01 - matching_Tlaxcala - DEBUG -     gz_id=9900065 'realito concepcion' score=1.000 nombre=False saint_only=True terr= phase=candidate
2026-07-29 15:34:01 - matching_Tlaxcala - DEBUG -     gz_id=4000128 'barbacoas llanos' score=1.000 nombre=False saint_only=False terr= phase=candidate
2026-07-29 15:34:01 - matching_Tlaxcala - DEBUG -     gz_id=9990010 'concepcion' score=1.000 nombre=True saint_only=False terr= phase=auto_adopt
2026-07-29 15:34:01 - matching_Tlaxcala - DEBUG -     gz_id=1002680 'concepcion papalo' score=1.000 nombre=False saint_only=True terr= phase=candidate
2026-07-29 15:34:01 - matching_Tlaxcala - DEBUG -     gz_id=1004807 'hainais' score=1.000 nombre=False saint_only=True terr= phase=candidate
2026-07-29 15:34:01 - matching_Tlaxcala - DEBUG -     gz_id=9900807 'concepcion' score=1.000 nombre=True saint_only=False terr= phase=auto_adopt
2026-07-29 15:34:01 - matching_Tlaxcala - DEBUG -     gz_id=4000155 'chuao' score=1.000 nombre=False saint_only=True terr= phase=candidate
2026-07-29 15:34:01 - matching_Tlaxcala - DEBUG -     gz_id=1000097 'otumba' score=1.000 nombre=False saint_only=True terr= phase=candidate
2026-07-29 15:34:01 - matching_Tlaxcala - DEBUG -     gz_id=2000391 'concepcion' score=1.000 nombre=True saint_only=False terr= phase=auto_adopt
2026-07-29 15:34:01 - matching_Tlaxcala - DEBUG -     gz_id=5000574 'concepcion' score=1.000 nombre=True saint_only=False terr= phase=auto_adopt
2026-07-29 15:34:01 - matching_Tlaxcala - DEBUG -     gz_id=4000169 'sombrero' score=1.000 nombre=False saint_only=True terr= phase=candidate
2026-07-29 15:34:01 - matching_Tlaxcala - DEBUG -     gz_id=1001665 'tepetitlan' score=1.000 nombre=False saint_only=True terr= phase=candidate
2026-07-29 15:34:01 - matching_Tlaxcala - DEBUG -     gz_id=1000627 'cuautitlan' score=1.000 nombre=False saint_only=True terr= phase=candidate
2026-07-29 15:34:01 - matching_Tlaxcala - DEBUG -     gz_id=5000579 'sabaleta' score=1.000 nombre=False saint_only=True terr= phase=candidate
2026-07-29 15:34:01 - matching_Tlaxcala - DEBUG -     gz_id=1001671 'tlailotlacan' score=1.000 nombre=False saint_only=True terr= phase=candidate
2026-07-29 15:34:01 - matching_Tlaxcala - DEBUG -     gz_id=1003762 'atlequisaian' score=1.000 nombre=False saint_only=True terr= phase=candidate
2026-07-29 15:34:01 - matching_Tlaxcala - DEBUG -     gz_id=5600842 'calderas' score=1.000 nombre=False saint_only=True terr= phase=candidate
2026-07-29 15:34:01 - matching_Tlaxcala - DEBUG -     gz_id=1000118 'sumpango' score=1.000 nombre=False saint_only=True terr= phase=candidate
2026-07-29 15:34:01 - matching_Tlaxcala - DEBUG -     gz_id=1001678 'ameialtepec' score=1.000 nombre=False saint_only=True terr= phase=candidate
2026-07-29 15:34:01 - matching_Tlaxcala - DEBUG -     gz_id=6001544 'saraiacu' score=1.000 nombre=False saint_only=True terr= phase=candidate
2026-07-29 15:34:01 - matching_Tlaxcala - DEBUG -     gz_id=6000515 'concepcion' score=1.000 nombre=True saint_only=False terr= phase=auto_adopt
2026-07-29 15:34:01 - matching_Tlaxcala - DEBUG -     gz_id=6001550 'metraro' score=1.000 nombre=False saint_only=True terr= phase=candidate
2026-07-29 15:34:01 - matching_Tlaxcala - DEBUG -     gz_id=9900863 'bucareli' score=1.000 nombre=False saint_only=True terr= phase=candidate
2026-07-29 15:34:01 - matching_Tlaxcala - DEBUG -     gz_id=1004301 'tlacolulan' score=1.000 nombre=False saint_only=True terr= phase=candidate
2026-07-29 15:34:01 - matching_Tlaxcala - DEBUG -     gz_id=6000533 'concepcion caja' score=1.000 nombre=False saint_only=True terr= phase=candidate
2026-07-29 15:34:01 - matching_Tlaxcala - DEBUG -     gz_id=9900146 'concepcion' score=1.000 nombre=True saint_only=False terr= phase=auto_adopt
2026-07-29 15:34:01 - matching_Tlaxcala - DEBUG -     gz_id=6001567 'chabini' score=1.000 nombre=False saint_only=True terr= phase=candidate
2026-07-29 15:34:01 - matching_Tlaxcala - DEBUG -     gz_id=9000347 'pando' score=1.000 nombre=False saint_only=True terr= phase=candidate
2026-07-29 15:34:01 - matching_Tlaxcala - DEBUG -     gz_id=5600277 'cahuapanas' score=1.000 nombre=False saint_only=True terr= phase=candidate
2026-07-29 15:34:01 - matching_Tlaxcala - DEBUG -     gz_id=5600279 'jeberos' score=1.000 nombre=False saint_only=True terr= phase=candidate
2026-07-29 15:34:01 - matching_Tlaxcala - DEBUG -     gz_id=6001057 'banos' score=1.000 nombre=False saint_only=True terr= phase=candidate
2026-07-29 15:34:01 - matching_Tlaxcala - DEBUG -     gz_id=5000097 'concepcion' score=1.000 nombre=True saint_only=False terr= phase=auto_adopt
2026-07-29 15:34:01 - matching_Tlaxcala - DEBUG -     gz_id=3000008 'bega' score=1.000 nombre=False saint_only=True terr= phase=candidate
2026-07-29 15:34:01 - matching_Tlaxcala - DEBUG -     gz_id=6000035 'huallatire' score=1.000 nombre=False saint_only=True terr= phase=candidate
2026-07-29 15:34:01 - matching_Tlaxcala - DEBUG -     gz_id=2000455 'tecoluca' score=1.000 nombre=False saint_only=True terr= phase=candidate
2026-07-29 15:34:01 - matching_Tlaxcala - DEBUG -     gz_id=7000002 'concepcion' score=1.000 nombre=True saint_only=False terr= phase=auto_adopt
2026-07-29 15:34:01 - matching_Tlaxcala - DEBUG -     gz_id=1002777 'concepcion' score=1.000 nombre=False saint_only=True terr= phase=candidate
2026-07-29 15:34:01 - matching_Tlaxcala - DEBUG -     gz_id=8000030 'apolobamba' score=1.000 nombre=False saint_only=True terr= phase=candidate
2026-07-29 15:34:01 - matching_Tlaxcala - DEBUG -     gz_id=1000684 'concepcion rincon' score=1.000 nombre=False saint_only=True terr= phase=candidate
2026-07-29 15:34:01 - matching_Tlaxcala - DEBUG -     gz_id=2000475 'quesaltepeque cierra' score=1.000 nombre=False saint_only=True terr= phase=candidate
2026-07-29 15:34:01 - matching_Tlaxcala - DEBUG -     gz_id=1004359 'cauich' score=1.000 nombre=False saint_only=True terr= phase=candidate
2026-07-29 15:34:01 - matching_Tlaxcala - DEBUG -     gz_id=1004360 'china' score=1.000 nombre=False saint_only=True terr= phase=candidate
2026-07-29 15:34:01 - matching_Tlaxcala - DEBUG -     gz_id=1005489 'concepcion' score=1.000 nombre=True saint_only=False terr= phase=auto_adopt
2026-07-29 15:34:01 - matching_Tlaxcala - DEBUG -     gz_id=5000664 'cabiuna' score=1.000 nombre=False saint_only=True terr= phase=candidate
2026-07-29 15:34:01 - matching_Tlaxcala - DEBUG -     gz_id=5000665 'icimena' score=1.000 nombre=False saint_only=False terr= phase=candidate
2026-07-29 15:34:01 - matching_Tlaxcala - DEBUG -     gz_id=1003840 'tamitad' score=1.000 nombre=False saint_only=True terr= phase=candidate
2026-07-29 15:34:01 - matching_Tlaxcala - DEBUG -     gz_id=1004366 'pociajum' score=1.000 nombre=False saint_only=True terr= phase=candidate
2026-07-29 15:34:01 - matching_Tlaxcala - DEBUG -     gz_id=2000489 'intipuca' score=1.000 nombre=False saint_only=True terr= phase=candidate
2026-07-29 15:34:01 - matching_Tlaxcala - DEBUG -     gz_id=1000718 'almoloia' score=1.000 nombre=False saint_only=True terr= phase=candidate
2026-07-29 15:34:01 - matching_Tlaxcala - DEBUG -     gz_id=2000495 'cesore' score=1.000 nombre=False saint_only=True terr= phase=candidate
2026-07-29 15:34:01 - matching_Tlaxcala - DEBUG -     gz_id=5000686 'arama' score=1.000 nombre=False saint_only=True terr= phase=candidate
2026-07-29 15:34:01 - matching_Tlaxcala - DEBUG -     gz_id=1004958 'sacatula' score=1.000 nombre=False saint_only=True terr= phase=candidate
2026-07-29 15:34:01 - matching_Tlaxcala - DEBUG -     gz_id=1000731 'landa' score=1.000 nombre=False saint_only=True terr= phase=candidate
2026-07-29 15:34:01 - matching_Tlaxcala - DEBUG -     gz_id=2000505 'chilanga' score=1.000 nombre=False saint_only=True terr= phase=candidate
2026-07-29 15:34:01 - matching_Tlaxcala - DEBUG -     gz_id=4000288 'concepcion caura' score=1.000 nombre=False saint_only=True terr= phase=candidate
2026-07-29 15:34:01 - matching_Tlaxcala - DEBUG -     gz_id=8000077 'quata' score=1.000 nombre=False saint_only=True terr= phase=candidate
2026-07-29 15:34:01 - matching_Tlaxcala - DEBUG -     gz_id=1003867 'capirato' score=1.000 nombre=False saint_only=True terr= phase=candidate
2026-07-29 15:34:01 - matching_Tlaxcala - DEBUG -     gz_id=1000229 'champoton' score=1.000 nombre=False saint_only=True terr= phase=candidate
2026-07-29 15:34:01 - matching_Tlaxcala - DEBUG -     gz_id=4000314 'huairi' score=1.000 nombre=False saint_only=True terr= phase=candidate
2026-07-29 15:34:01 - matching_Tlaxcala - DEBUG -     gz_id=6001145 'concepcion' score=1.000 nombre=True saint_only=False terr= phase=auto_adopt
2026-07-29 15:34:01 - matching_Tlaxcala - DEBUG -     gz_id=1004416 'concepcion' score=1.000 nombre=True saint_only=False terr= phase=auto_adopt
2026-07-29 15:34:01 - matching_Tlaxcala - DEBUG -     gz_id=1004989 'balle mais' score=1.000 nombre=False saint_only=True terr= phase=candidate
2026-07-29 15:34:01 - matching_Tlaxcala - DEBUG -     gz_id=5000188 'lloro' score=1.000 nombre=False saint_only=True terr= phase=candidate
2026-07-29 15:34:01 - matching_Tlaxcala - DEBUG -     gz_id=1004420 'baca' score=1.000 nombre=False saint_only=True terr= phase=candidate
2026-07-29 15:34:01 - matching_Tlaxcala - DEBUG -     gz_id=1004422 'bucsos' score=1.000 nombre=False saint_only=True terr= phase=candidate
2026-07-29 15:34:01 - matching_Tlaxcala - DEBUG -     gz_id=1000770 'osumba' score=1.000 nombre=False saint_only=True terr= phase=candidate
2026-07-29 15:34:01 - matching_Tlaxcala - DEBUG -     gz_id=4000331 'piritu' score=1.000 nombre=False saint_only=True terr= phase=candidate
2026-07-29 15:34:01 - matching_Tlaxcala - DEBUG -     gz_id=1003904 'mobas' score=1.000 nombre=False saint_only=True terr= phase=candidate
2026-07-29 15:34:01 - matching_Tlaxcala - DEBUG -     gz_id=5000204 'crabo' score=1.000 nombre=False saint_only=False terr= phase=candidate
2026-07-29 15:34:01 - matching_Tlaxcala - DEBUG -     gz_id=2000040 'chapultenango' score=1.000 nombre=False saint_only=True terr= phase=candidate
2026-07-29 15:34:01 - matching_Tlaxcala - DEBUG -     gz_id=3000158 'aiubale' score=1.000 nombre=False saint_only=True terr= phase=candidate
2026-07-29 15:34:01 - matching_Tlaxcala - DEBUG -     gz_id=1003918 'tonichi' score=1.000 nombre=False saint_only=True terr= phase=candidate
2026-07-29 15:34:01 - matching_Tlaxcala - DEBUG -     gz_id=1000275 'concepcion tubares' score=1.000 nombre=False saint_only=True terr= phase=candidate
2026-07-29 15:34:01 - matching_Tlaxcala - DEBUG -     gz_id=1003926 'baca' score=1.000 nombre=False saint_only=True terr= phase=candidate
2026-07-29 15:34:01 - matching_Tlaxcala - DEBUG -     gz_id=1003928 'bamoa' score=1.000 nombre=False saint_only=True terr= phase=candidate
2026-07-29 15:34:01 - matching_Tlaxcala - DEBUG -     gz_id=1003930 'charai' score=1.000 nombre=False saint_only=True terr= phase=candidate
2026-07-29 15:34:01 - matching_Tlaxcala - DEBUG -     gz_id=1003931 'chicorato' score=1.000 nombre=False saint_only=True terr= phase=candidate
2026-07-29 15:34:01 - matching_Tlaxcala - DEBUG -     gz_id=1004463 'iaxkukul' score=1.000 nombre=False saint_only=True terr= phase=candidate
2026-07-29 15:34:01 - matching_Tlaxcala - DEBUG -     gz_id=8000154 'huaicoma' score=1.000 nombre=False saint_only=True terr= phase=candidate
2026-07-29 15:34:01 - matching_Tlaxcala - DEBUG -     gz_id=8000671 'concepcion' score=1.000 nombre=False saint_only=True terr= phase=candidate
2026-07-29 15:34:01 - matching_Tlaxcala - DEBUG -     gz_id=4000377 'cocuisas' score=1.000 nombre=False saint_only=True terr= phase=candidate
2026-07-29 15:34:01 - matching_Tlaxcala - DEBUG -     gz_id=7000355 'conuco' score=1.000 nombre=False saint_only=True terr= phase=candidate
2026-07-29 15:34:01 - matching_Tlaxcala - DEBUG -     gz_id=1003952 'babiacora' score=1.000 nombre=False saint_only=True terr= phase=candidate
2026-07-29 15:34:01 - matching_Tlaxcala - DEBUG -     gz_id=1003954 'caborca' score=1.000 nombre=False saint_only=True terr= phase=candidate
2026-07-29 15:34:01 - matching_Tlaxcala - DEBUG -     gz_id=9901071 'concepcion' score=1.000 nombre=False saint_only=False terr= phase=candidate
2026-07-29 15:34:01 - matching_Tlaxcala - DEBUG -     gz_id=1000836 'temalac' score=1.000 nombre=False saint_only=True terr= phase=candidate
2026-07-29 15:34:01 - matching_Tlaxcala - DEBUG -     gz_id=8000186 'concepcion' score=1.000 nombre=True saint_only=False terr= phase=auto_adopt
2026-07-29 15:34:01 - matching_Tlaxcala - DEBUG -     gz_id=1004517 'chuburna' score=1.000 nombre=False saint_only=True terr= phase=candidate
2026-07-29 15:34:01 - matching_Tlaxcala - DEBUG -     gz_id=5000828 'orino' score=1.000 nombre=False saint_only=False terr= phase=candidate
2026-07-29 15:34:01 - matching_Tlaxcala - DEBUG -     gz_id=3000225 'banica' score=1.000 nombre=False saint_only=True terr= phase=candidate
2026-07-29 15:34:01 - matching_Tlaxcala - DEBUG -     gz_id=9000007 'arroio china' score=1.000 nombre=False saint_only=True terr= phase=candidate
2026-07-29 15:34:01 - matching_Tlaxcala - DEBUG -     gz_id=9000010 'billa real' score=1.000 nombre=False saint_only=True terr= phase=candidate
2026-07-29 15:34:01 - matching_Tlaxcala - DEBUG -     gz_id=4000423 'suai' score=1.000 nombre=False saint_only=True terr= phase=candidate
2026-07-29 15:34:01 - matching_Tlaxcala - DEBUG -     gz_id=8000207 'huancane' score=1.000 nombre=False saint_only=True terr= phase=candidate
2026-07-29 15:34:01 - matching_Tlaxcala - DEBUG -     gz_id=1000345 'papigochic' score=1.000 nombre=False saint_only=True terr= phase=candidate
2026-07-29 15:34:01 - matching_Tlaxcala - DEBUG -     gz_id=1001902 'tonatico' score=1.000 nombre=False saint_only=True terr= phase=candidate
2026-07-29 15:34:01 - matching_Tlaxcala - DEBUG -     gz_id=2000127 'escuintla' score=1.000 nombre=False saint_only=True terr= phase=candidate
2026-07-29 15:34:01 - matching_Tlaxcala - DEBUG -     gz_id=1001393 'amealco' score=1.000 nombre=False saint_only=True terr= phase=candidate
2026-07-29 15:34:01 - matching_Tlaxcala - DEBUG -     gz_id=1000358 'temosachi' score=1.000 nombre=False saint_only=True terr= phase=candidate
2026-07-29 15:34:01 - matching_Tlaxcala - DEBUG -     gz_id=1000359 'tomochi' score=1.000 nombre=False saint_only=True terr= phase=candidate
2026-07-29 15:34:01 - matching_Tlaxcala - DEBUG -     gz_id=5000866 'concepcion' score=1.000 nombre=False saint_only=True terr= phase=candidate
2026-07-29 15:34:01 - matching_Tlaxcala - DEBUG -     gz_id=9901124 'concepcion' score=1.000 nombre=False saint_only=True terr= phase=candidate
2026-07-29 15:34:01 - matching_Tlaxcala - DEBUG -     gz_id=1000886 'cocoioc' score=1.000 nombre=False saint_only=True terr= phase=candidate
2026-07-29 15:34:01 - matching_Tlaxcala - DEBUG -     gz_id=4000451 'panapana' score=1.000 nombre=False saint_only=True terr= phase=candidate
2026-07-29 15:34:01 - matching_Tlaxcala - DEBUG -     gz_id=9000044 'concepcion' score=1.000 nombre=False saint_only=True terr= phase=candidate
2026-07-29 15:34:01 - matching_Tlaxcala - DEBUG -     gz_id=1000370 'pueblo nuebo' score=1.000 nombre=False saint_only=True terr= phase=candidate
2026-07-29 15:34:01 - matching_Tlaxcala - DEBUG -     gz_id=5000898 'concepcion' score=1.000 nombre=True saint_only=False terr= phase=auto_adopt
2026-07-29 15:34:01 - matching_Tlaxcala - DEBUG -     gz_id=1004574 'tinum' score=1.000 nombre=False saint_only=True terr= phase=candidate
2026-07-29 15:34:01 - matching_Tlaxcala - DEBUG -     gz_id=2000155 'huehuetenango' score=1.000 nombre=False saint_only=True terr= phase=candidate
2026-07-29 15:34:01 - matching_Tlaxcala - DEBUG -     gz_id=8000243 'parapiti' score=1.000 nombre=False saint_only=True terr= phase=candidate
2026-07-29 15:34:01 - matching_Tlaxcala - DEBUG -     gz_id=2000683 'concepcion' score=1.000 nombre=False saint_only=True terr= phase=candidate
2026-07-29 15:34:01 - matching_Tlaxcala - DEBUG -     gz_id=8000249 'pilipili' score=1.000 nombre=False saint_only=True terr= phase=candidate
2026-07-29 15:34:01 - matching_Tlaxcala - DEBUG -     gz_id=9000063 'rio cuarto' score=1.000 nombre=False saint_only=True terr= phase=candidate
2026-07-29 15:34:01 - matching_Tlaxcala - DEBUG -     gz_id=5000911 'samba' score=1.000 nombre=False saint_only=True terr= phase=candidate
2026-07-29 15:34:01 - matching_Tlaxcala - DEBUG -     gz_id=5600527 'descance' score=1.000 nombre=False saint_only=True terr= phase=candidate
2026-07-29 15:34:01 - matching_Tlaxcala - DEBUG -     gz_id=8000255 'concepcion' score=1.000 nombre=True saint_only=False terr= phase=auto_adopt
2026-07-29 15:34:01 - matching_Tlaxcala - DEBUG -     gz_id=1005148 'canutillo' score=1.000 nombre=False saint_only=True terr= phase=candidate
2026-07-29 15:34:01 - matching_Tlaxcala - DEBUG -     gz_id=5600530 'concepcion' score=1.000 nombre=True saint_only=False terr= phase=auto_adopt
2026-07-29 15:34:01 - matching_Tlaxcala - DEBUG -     gz_id=4000493 'maperihuar' score=1.000 nombre=False saint_only=True terr= phase=candidate
2026-07-29 15:34:01 - matching_Tlaxcala - DEBUG -     gz_id=8000264 'concepcion' score=1.000 nombre=True saint_only=False terr= phase=auto_adopt
2026-07-29 15:34:01 - matching_Tlaxcala - DEBUG -     gz_id=1001964 'coeneo' score=1.000 nombre=False saint_only=True terr= phase=candidate
2026-07-29 15:34:01 - matching_Tlaxcala - DEBUG -     gz_id=4000503 'meceta' score=1.000 nombre=False saint_only=True terr= phase=candidate
2026-07-29 15:34:01 - matching_Tlaxcala - DEBUG -     gz_id=2000180 'chiquirichapa' score=1.000 nombre=False saint_only=True terr= phase=candidate
2026-07-29 15:34:01 - matching_Tlaxcala - DEBUG -     gz_id=3000315 'piedras' score=1.000 nombre=False saint_only=True terr= phase=candidate
2026-07-29 15:34:01 - matching_Tlaxcala - DEBUG -     gz_id=1001461 'cocula' score=1.000 nombre=False saint_only=True terr= phase=candidate
2026-07-29 15:34:01 - matching_Tlaxcala - DEBUG -     gz_id=2000723 'buruca' score=1.000 nombre=False saint_only=True terr= phase=candidate
2026-07-29 15:34:01 - matching_Tlaxcala - DEBUG -     gz_id=5000374 'puerto real' score=1.000 nombre=False saint_only=True terr= phase=candidate
2026-07-29 15:34:01 - matching_Tlaxcala - DEBUG -     gz_id=9000103 'alto' score=1.000 nombre=False saint_only=True terr= phase=candidate
2026-07-29 15:34:01 - matching_Tlaxcala - DEBUG -     gz_id=1004634 'tlacuitlapan' score=1.000 nombre=False saint_only=True terr= phase=candidate
2026-07-29 15:34:01 - matching_Tlaxcala - DEBUG -     gz_id=1005190 'concepcion' score=1.000 nombre=True saint_only=False terr= phase=auto_adopt
2026-07-29 15:34:01 - matching_Tlaxcala - DEBUG -     gz_id=1001473 'tepecoacuilco' score=1.000 nombre=False saint_only=True terr= phase=candidate
2026-07-29 15:34:01 - matching_Tlaxcala - DEBUG -     gz_id=2000209 'almolonga' score=1.000 nombre=False saint_only=True terr= phase=candidate
2026-07-29 15:34:01 - matching_Tlaxcala - DEBUG -     gz_id=5000384 'remolino' score=1.000 nombre=False saint_only=True terr= phase=candidate
2026-07-29 15:34:01 - matching_Tlaxcala - DEBUG -     gz_id=5000390 'chimichahua' score=1.000 nombre=False saint_only=True terr= phase=candidate
2026-07-29 15:34:01 - matching_Tlaxcala - DEBUG -     gz_id=5600596 'concepcion' score=1.000 nombre=False saint_only=True terr= phase=candidate
2026-07-29 15:34:01 - matching_Tlaxcala - DEBUG -     gz_id=9000136 'minas' score=1.000 nombre=False saint_only=True terr= phase=candidate
2026-07-29 15:34:01 - matching_Tlaxcala - DEBUG -     gz_id=1000463 'esatlan' score=1.000 nombre=False saint_only=True terr= phase=candidate
2026-07-29 15:34:01 - matching_Tlaxcala - DEBUG -     gz_id=9000696 'barrio concepcion' score=1.000 nombre=False saint_only=True terr= phase=candidate
2026-07-29 15:34:01 - matching_Tlaxcala - DEBUG -     gz_id=4000573 'pao' score=1.000 nombre=False saint_only=True terr= phase=candidate
2026-07-29 15:34:01 - matching_Tlaxcala - DEBUG -     gz_id=4000576 'tapaquire' score=1.000 nombre=False saint_only=True terr= phase=candidate
2026-07-29 15:34:01 - matching_Tlaxcala - DEBUG -     gz_id=4000583 'arenas' score=1.000 nombre=False saint_only=True terr= phase=candidate
2026-07-29 15:34:01 - matching_Tlaxcala - DEBUG -     gz_id=7000315 'penco' score=1.000 nombre=False saint_only=True terr= phase=candidate
2026-07-29 15:34:01 - matching_Tlaxcala - DEBUG -     gz_id=9000158 'mandisobi' score=1.000 nombre=False saint_only=True terr= phase=candidate
2026-07-29 15:34:01 - matching_Tlaxcala - DEBUG -     gz_id=1001520 'sultepec' score=1.000 nombre=False saint_only=True terr= phase=candidate
2026-07-29 15:34:01 - matching_Tlaxcala - DEBUG -     gz_id=9901260 'infiesto' score=1.000 nombre=False saint_only=True terr= phase=candidate
2026-07-29 15:34:01 - matching_Tlaxcala - DEBUG -     gz_id=1003102 'totoltepec' score=1.000 nombre=False saint_only=True terr= phase=candidate
2026-07-29 15:34:01 - matching_Tlaxcala - DEBUG -     gz_id=5600642 'concepcion' score=1.000 nombre=True saint_only=False terr= phase=auto_adopt
2026-07-29 15:34:01 - matching_Tlaxcala - DEBUG -     gz_id=9000728 'caiasta' score=1.000 nombre=False saint_only=True terr= phase=candidate
2026-07-29 15:34:01 - matching_Tlaxcala - DEBUG -     gz_id=1000511 'mitic' score=1.000 nombre=False saint_only=True terr= phase=candidate
2026-07-29 15:34:01 - matching_Tlaxcala - DEBUG -     gz_id=1001017 'concepcion' score=1.000 nombre=True saint_only=False terr= phase=auto_adopt
2026-07-29 15:34:01 - matching_Tlaxcala - DEBUG -     gz_id=1004722 'cadegomo' score=1.000 nombre=False saint_only=True terr= phase=candidate
2026-07-29 15:34:01 - matching_Tlaxcala - DEBUG -     gz_id=1001552 'coatipac' score=1.000 nombre=False saint_only=True terr= phase=candidate
2026-07-29 15:34:01 - matching_Tlaxcala - DEBUG -     gz_id=1000512 'moia' score=1.000 nombre=False saint_only=True terr= phase=candidate
2026-07-29 15:34:01 - matching_Tlaxcala - DEBUG -     gz_id=9001001 'concepcion' score=1.000 nombre=False saint_only=True terr= phase=candidate
2026-07-29 15:34:01 - matching_Tlaxcala - DEBUG -     gz_id=4000641 'tintini' score=1.000 nombre=False saint_only=True terr= phase=candidate
2026-07-29 15:34:01 - matching_Tlaxcala - INFO -   Before dedup: 181 candidates
2026-07-29 15:34:01 - matching_Tlaxcala - INFO -   After dedup: 181 unique gz_ids
2026-07-29 15:34:01 - matching_Tlaxcala - INFO -   Input has territorial data: False
2026-07-29 15:34:01 - matching_Tlaxcala - INFO -   Candidates with territory match: 0
2026-07-29 15:34:01 - matching_Tlaxcala - INFO -   No territorial filtering applied (no input territorial data)
2026-07-29 15:34:01 - matching_Tlaxcala - INFO -   Nombre matches (exact on lugar_nombre): 24
2026-07-29 15:34:01 - matching_Tlaxcala - INFO -   Saint-only matches: 152
2026-07-29 15:34:01 - matching_Tlaxcala - INFO -   Substantive matches: 29
2026-07-29 15:34:01 - matching_Tlaxcala - INFO -   NOMBRE PRIORITY: Keeping ONLY 24 nombre matches, discarding 5 others
2026-07-29 15:34:01 - matching_Tlaxcala - INFO -      gz_id=1005298: La Concepcion
2026-07-29 15:34:01 - matching_Tlaxcala - INFO -      gz_id=9900011: Concepcion
2026-07-29 15:34:01 - matching_Tlaxcala - INFO -      gz_id=1004748: Concepcion
2026-07-29 15:34:01 - matching_Tlaxcala - INFO -      gz_id=6000438: Concepcion
2026-07-29 15:34:01 - matching_Tlaxcala - INFO -      gz_id=9000265: Concepcion
2026-07-29 15:34:01 - matching_Tlaxcala - INFO -      gz_id=9990010: Concepcion
2026-07-29 15:34:01 - matching_Tlaxcala - INFO -      gz_id=9900807: Concepcion
2026-07-29 15:34:01 - matching_Tlaxcala - INFO -      gz_id=2000391: Concepcion
2026-07-29 15:34:01 - matching_Tlaxcala - INFO -      gz_id=5000574: Concepcion
2026-07-29 15:34:01 - matching_Tlaxcala - INFO -      gz_id=6000515: Concepcion
2026-07-29 15:34:01 - matching_Tlaxcala - INFO -      gz_id=9900146: Concepcion
2026-07-29 15:34:01 - matching_Tlaxcala - INFO -      gz_id=5000097: Concepcion
2026-07-29 15:34:01 - matching_Tlaxcala - INFO -      gz_id=7000002: Concepcion
2026-07-29 15:34:01 - matching_Tlaxcala - INFO -      gz_id=1005489: Concepcion
2026-07-29 15:34:01 - matching_Tlaxcala - INFO -      gz_id=6001145: Concepcion
2026-07-29 15:34:01 - matching_Tlaxcala - INFO -      gz_id=1004416: Concepcion
2026-07-29 15:34:01 - matching_Tlaxcala - INFO -      gz_id=8000186: Concepcion
2026-07-29 15:34:01 - matching_Tlaxcala - INFO -      gz_id=5000898: Concepcion
2026-07-29 15:34:01 - matching_Tlaxcala - INFO -      gz_id=8000255: Concepcion
2026-07-29 15:34:01 - matching_Tlaxcala - INFO -      gz_id=5600530: Concepcion
2026-07-29 15:34:01 - matching_Tlaxcala - INFO -      gz_id=8000264: Concepcion
2026-07-29 15:34:01 - matching_Tlaxcala - INFO -      gz_id=1005190: Concepcion
2026-07-29 15:34:01 - matching_Tlaxcala - INFO -      gz_id=5600642: Concepcion
2026-07-29 15:34:01 - matching_Tlaxcala - INFO -      gz_id=1001017: Concepcion
2026-07-29 15:34:01 - matching_Tlaxcala - INFO -   Candidate pool (>= threshold): 24
2026-07-29 15:34:01 - matching_Tlaxcala - INFO -   24 candidate(s) -> candidate
2026-07-29 15:34:01 - matching_Tlaxcala - INFO -   rowID=196: found at step 'no_partido_jurisdiccion'
2026-07-29 15:34:01 - matching_Tlaxcala - INFO - 
============================================================
2026-07-29 15:34:01 - matching_Tlaxcala - INFO - Processing rowID=197: 'La Compasión' -> cleaned: 'compacion'
2026-07-29 15:34:01 - matching_Tlaxcala - INFO -   Territorial context: (none)='' -> allowed rows: all
2026-07-29 15:34:01 - matching_Tlaxcala - INFO -   Token-based candidates: 0
2026-07-29 15:34:01 - matching_Tlaxcala - WARNING -   No candidates found - relegated
2026-07-29 15:34:01 - matching_Tlaxcala - INFO - 
============================================================
2026-07-29 15:34:01 - matching_Tlaxcala - INFO - Processing rowID=197: 'La Compasión' -> cleaned: 'compacion'
2026-07-29 15:34:01 - matching_Tlaxcala - INFO -   Territorial context: (none)='' -> allowed rows: all
2026-07-29 15:34:01 - matching_Tlaxcala - INFO -   Token-based candidates: 0
2026-07-29 15:34:01 - matching_Tlaxcala - WARNING -   No candidates found - relegated
2026-07-29 15:34:01 - matching_Tlaxcala - INFO - 
============================================================
2026-07-29 15:34:01 - matching_Tlaxcala - INFO - Processing rowID=197: 'La Compasión' -> cleaned: 'compacion'
2026-07-29 15:34:01 - matching_Tlaxcala - INFO -   Territorial context: (none)='' -> allowed rows: all
2026-07-29 15:34:01 - matching_Tlaxcala - INFO -   Token-based candidates: 0
2026-07-29 15:34:01 - matching_Tlaxcala - WARNING -   No candidates found - relegated
2026-07-29 15:34:01 - matching_Tlaxcala - INFO - 
============================================================
2026-07-29 15:34:01 - matching_Tlaxcala - INFO - Processing rowID=199: 'La Compasión' -> cleaned: 'compacion'
2026-07-29 15:34:01 - matching_Tlaxcala - INFO -   Territorial context: (none)='' -> allowed rows: all
2026-07-29 15:34:01 - matching_Tlaxcala - INFO -   Token-based candidates: 0
2026-07-29 15:34:01 - matching_Tlaxcala - WARNING -   No candidates found - relegated
2026-07-29 15:34:01 - matching_Tlaxcala - INFO - 
============================================================
2026-07-29 15:34:01 - matching_Tlaxcala - INFO - Processing rowID=199: 'La Compasión' -> cleaned: 'compacion'
2026-07-29 15:34:01 - matching_Tlaxcala - INFO -   Territorial context: (none)='' -> allowed rows: all
2026-07-29 15:34:01 - matching_Tlaxcala - INFO -   Token-based candidates: 0
2026-07-29 15:34:01 - matching_Tlaxcala - WARNING -   No candidates found - relegated
2026-07-29 15:34:01 - matching_Tlaxcala - INFO - 
============================================================
2026-07-29 15:34:01 - matching_Tlaxcala - INFO - Processing rowID=199: 'La Compasión' -> cleaned: 'compacion'
2026-07-29 15:34:01 - matching_Tlaxcala - INFO -   Territorial context: (none)='' -> allowed rows: all
2026-07-29 15:34:01 - matching_Tlaxcala - INFO -   Token-based candidates: 0
2026-07-29 15:34:01 - matching_Tlaxcala - WARNING -   No candidates found - relegated
2026-07-29 15:34:01 - matching_Tlaxcala - INFO - 
============================================================
2026-07-29 15:34:01 - matching_Tlaxcala - INFO - Processing rowID=202: 'Palula' -> cleaned: 'palula'
2026-07-29 15:34:01 - matching_Tlaxcala - INFO -   Territorial context: (none)='' -> allowed rows: all
2026-07-29 15:34:01 - matching_Tlaxcala - INFO -   Token-based candidates: 7
2026-07-29 15:34:01 - matching_Tlaxcala - INFO -   Fuzzy matches (score >= 70, limit=500): 7
2026-07-29 15:34:01 - matching_Tlaxcala - DEBUG -     gz_id=1005288 'pallan' score=0.909 nombre=False saint_only=False terr= phase=auto_adopt
2026-07-29 15:34:01 - matching_Tlaxcala - DEBUG -     gz_id=6000726 'pallac' score=0.909 nombre=False saint_only=False terr= phase=auto_adopt
2026-07-29 15:34:01 - matching_Tlaxcala - DEBUG -     gz_id=9900027 'san francisco paula' score=0.909 nombre=False saint_only=False terr= phase=auto_adopt
2026-07-29 15:34:01 - matching_Tlaxcala - DEBUG -     gz_id=1000732 'pacula' score=0.833 nombre=False saint_only=False terr= phase=relegated
2026-07-29 15:34:01 - matching_Tlaxcala - DEBUG -     gz_id=1000831 'papalutla' score=0.833 nombre=False saint_only=False terr= phase=relegated
2026-07-29 15:34:01 - matching_Tlaxcala - DEBUG -     gz_id=1003056 'papalutla' score=0.833 nombre=False saint_only=False terr= phase=relegated
2026-07-29 15:34:01 - matching_Tlaxcala - DEBUG -     gz_id=9000557 'uquia' score=0.833 nombre=False saint_only=False terr= phase=relegated
2026-07-29 15:34:01 - matching_Tlaxcala - INFO -   Before dedup: 7 candidates
2026-07-29 15:34:01 - matching_Tlaxcala - INFO -   After dedup: 7 unique gz_ids
2026-07-29 15:34:01 - matching_Tlaxcala - INFO -   Input has territorial data: False
2026-07-29 15:34:01 - matching_Tlaxcala - INFO -   Candidates with territory match: 0
2026-07-29 15:34:01 - matching_Tlaxcala - INFO -   No territorial filtering applied (no input territorial data)
2026-07-29 15:34:01 - matching_Tlaxcala - INFO -   Nombre matches (exact on lugar_nombre): 0
2026-07-29 15:34:01 - matching_Tlaxcala - INFO -   Saint-only matches: 0
2026-07-29 15:34:01 - matching_Tlaxcala - INFO -   Substantive matches: 7
2026-07-29 15:34:01 - matching_Tlaxcala - INFO -   Candidate pool (>= threshold): 3
2026-07-29 15:34:01 - matching_Tlaxcala - INFO -   3 candidate(s) -> candidate
2026-07-29 15:34:01 - matching_Tlaxcala - INFO -   rowID=202: found at step 'no_partido_jurisdiccion'
2026-07-29 15:34:01 - matching_Tlaxcala - INFO - 
============================================================
2026-07-29 15:34:01 - matching_Tlaxcala - INFO - Processing rowID=203: 'Tenexaque' -> cleaned: 'tenejaque'
2026-07-29 15:34:01 - matching_Tlaxcala - INFO -   Territorial context: (none)='' -> allowed rows: all
2026-07-29 15:34:01 - matching_Tlaxcala - INFO -   Token-based candidates: 0
2026-07-29 15:34:01 - matching_Tlaxcala - WARNING -   No candidates found - relegated
2026-07-29 15:34:01 - matching_Tlaxcala - INFO - 
============================================================
2026-07-29 15:34:01 - matching_Tlaxcala - INFO - Processing rowID=203: 'Tenexaque' -> cleaned: 'tenejaque'
2026-07-29 15:34:01 - matching_Tlaxcala - INFO -   Territorial context: (none)='' -> allowed rows: all
2026-07-29 15:34:01 - matching_Tlaxcala - INFO -   Token-based candidates: 0
2026-07-29 15:34:01 - matching_Tlaxcala - WARNING -   No candidates found - relegated
2026-07-29 15:34:01 - matching_Tlaxcala - INFO - 
============================================================
2026-07-29 15:34:01 - matching_Tlaxcala - INFO - Processing rowID=203: 'Tenexaque' -> cleaned: 'tenejaque'
2026-07-29 15:34:01 - matching_Tlaxcala - INFO -   Territorial context: (none)='' -> allowed rows: all
2026-07-29 15:34:01 - matching_Tlaxcala - INFO -   Token-based candidates: 0
2026-07-29 15:34:01 - matching_Tlaxcala - WARNING -   No candidates found - relegated
2026-07-29 15:34:01 - matching_Tlaxcala - INFO - 
============================================================
2026-07-29 15:34:01 - matching_Tlaxcala - INFO - Processing rowID=205: 'Buena Vista' -> cleaned: 'buena bista'
2026-07-29 15:34:01 - matching_Tlaxcala - INFO -   Territorial context: (none)='' -> allowed rows: all
2026-07-29 15:34:01 - matching_Tlaxcala - INFO -   Token-based candidates: 26
2026-07-29 15:34:01 - matching_Tlaxcala - INFO -   Filtering: need match on substantive tokens: ['bista', 'buena'] OR 2+ total tokens
2026-07-29 15:34:01 - matching_Tlaxcala - INFO -   After filtering weak token matches: 8 candidates
2026-07-29 15:34:01 - matching_Tlaxcala - INFO -   Fuzzy matches (score >= 70, limit=500): 6
2026-07-29 15:34:01 - matching_Tlaxcala - DEBUG -     gz_id=8000389 'buena bista' score=1.000 nombre=True saint_only=False terr= phase=auto_adopt
2026-07-29 15:34:01 - matching_Tlaxcala - DEBUG -     gz_id=7000113 'curico' score=1.000 nombre=False saint_only=False terr= phase=auto_adopt
2026-07-29 15:34:01 - matching_Tlaxcala - DEBUG -     gz_id=5000094 'san bartolome' score=1.000 nombre=False saint_only=False terr= phase=auto_adopt
2026-07-29 15:34:01 - matching_Tlaxcala - DEBUG -     gz_id=1005244 'san pablo buena bista' score=1.000 nombre=False saint_only=False terr= phase=auto_adopt
2026-07-29 15:34:01 - matching_Tlaxcala - DEBUG -     gz_id=9000313 'buena bista' score=1.000 nombre=True saint_only=False terr= phase=auto_adopt
2026-07-29 15:34:01 - matching_Tlaxcala - DEBUG -     gz_id=7000363 'rere' score=0.737 nombre=False saint_only=False terr= phase=relegated
2026-07-29 15:34:01 - matching_Tlaxcala - INFO -   Before dedup: 6 candidates
2026-07-29 15:34:01 - matching_Tlaxcala - INFO -   After dedup: 6 unique gz_ids
2026-07-29 15:34:01 - matching_Tlaxcala - INFO -   Input has territorial data: False
2026-07-29 15:34:01 - matching_Tlaxcala - INFO -   Candidates with territory match: 0
2026-07-29 15:34:01 - matching_Tlaxcala - INFO -   No territorial filtering applied (no input territorial data)
2026-07-29 15:34:01 - matching_Tlaxcala - INFO -   Nombre matches (exact on lugar_nombre): 2
2026-07-29 15:34:01 - matching_Tlaxcala - INFO -   Saint-only matches: 0
2026-07-29 15:34:01 - matching_Tlaxcala - INFO -   Substantive matches: 6
2026-07-29 15:34:01 - matching_Tlaxcala - INFO -   NOMBRE PRIORITY: Keeping ONLY 2 nombre matches, discarding 4 others
2026-07-29 15:34:01 - matching_Tlaxcala - INFO -      gz_id=8000389: Buena Vista
2026-07-29 15:34:01 - matching_Tlaxcala - INFO -      gz_id=9000313: Buena Vista
2026-07-29 15:34:01 - matching_Tlaxcala - INFO -   Candidate pool (>= threshold): 2
2026-07-29 15:34:01 - matching_Tlaxcala - INFO -   2 candidate(s) -> candidate
2026-07-29 15:34:01 - matching_Tlaxcala - INFO -   rowID=205: found at step 'no_partido_jurisdiccion'
2026-07-29 15:34:01 - matching_Tlaxcala - INFO - 
============================================================
2026-07-29 15:34:01 - matching_Tlaxcala - INFO - Processing rowID=208: 'Santa Águeda' -> cleaned: 'santa ahueda'
2026-07-29 15:34:01 - matching_Tlaxcala - INFO -   Territorial context: (none)='' -> allowed rows: all
2026-07-29 15:34:01 - matching_Tlaxcala - INFO -   Token-based candidates: 1087
2026-07-29 15:34:01 - matching_Tlaxcala - INFO -   Filtering: need match on substantive tokens: ['ahueda'] OR 2+ total tokens
2026-07-29 15:34:02 - matching_Tlaxcala - INFO -   After filtering weak token matches: 1 candidates
2026-07-29 15:34:02 - matching_Tlaxcala - INFO -   Fuzzy matches (score >= 70, limit=500): 1
2026-07-29 15:34:02 - matching_Tlaxcala - DEBUG -     gz_id=5000009 'mariquita' score=1.000 nombre=False saint_only=True terr= phase=candidate
2026-07-29 15:34:02 - matching_Tlaxcala - INFO -   Before dedup: 1 candidates
2026-07-29 15:34:02 - matching_Tlaxcala - INFO -   After dedup: 1 unique gz_ids
2026-07-29 15:34:02 - matching_Tlaxcala - INFO -   Input has territorial data: False
2026-07-29 15:34:02 - matching_Tlaxcala - INFO -   Candidates with territory match: 0
2026-07-29 15:34:02 - matching_Tlaxcala - INFO -   No territorial filtering applied (no input territorial data)
2026-07-29 15:34:02 - matching_Tlaxcala - INFO -   Nombre matches (exact on lugar_nombre): 0
2026-07-29 15:34:02 - matching_Tlaxcala - INFO -   Saint-only matches: 1
2026-07-29 15:34:02 - matching_Tlaxcala - INFO -   Substantive matches: 0
2026-07-29 15:34:02 - matching_Tlaxcala - INFO -   Candidate pool (>= threshold): 1
2026-07-29 15:34:02 - matching_Tlaxcala - INFO -   1 candidate(s) -> candidate
2026-07-29 15:34:02 - matching_Tlaxcala - INFO -   rowID=208: found at step 'no_partido_jurisdiccion'
2026-07-29 15:34:02 - matching_Tlaxcala - INFO - 
============================================================
2026-07-29 15:34:02 - matching_Tlaxcala - INFO - Processing rowID=209: 'Los Dolores' -> cleaned: 'dolores'
2026-07-29 15:34:02 - matching_Tlaxcala - INFO -   Territorial context: (none)='' -> allowed rows: all
2026-07-29 15:34:02 - matching_Tlaxcala - INFO -   Token-based candidates: 31
2026-07-29 15:34:02 - matching_Tlaxcala - INFO -   Fuzzy matches (score >= 70, limit=500): 31
2026-07-29 15:34:02 - matching_Tlaxcala - DEBUG -     gz_id=1000263 'samachique' score=1.000 nombre=False saint_only=True terr= phase=candidate
2026-07-29 15:34:02 - matching_Tlaxcala - DEBUG -     gz_id=1005432 'dolores' score=1.000 nombre=True saint_only=False terr= phase=auto_adopt
2026-07-29 15:34:02 - matching_Tlaxcala - DEBUG -     gz_id=5000671 'quebradita' score=1.000 nombre=True saint_only=False terr= phase=auto_adopt
2026-07-29 15:34:02 - matching_Tlaxcala - DEBUG -     gz_id=1003975 'saric' score=1.000 nombre=False saint_only=False terr= phase=candidate
2026-07-29 15:34:02 - matching_Tlaxcala - DEBUG -     gz_id=9900286 'dolores' score=1.000 nombre=True saint_only=False terr= phase=auto_adopt
2026-07-29 15:34:02 - matching_Tlaxcala - DEBUG -     gz_id=9000143 'dolores i santiago' score=1.000 nombre=False saint_only=False terr= phase=candidate
2026-07-29 15:34:02 - matching_Tlaxcala - DEBUG -     gz_id=1005366 'dolores' score=1.000 nombre=True saint_only=False terr= phase=auto_adopt
2026-07-29 15:34:02 - matching_Tlaxcala - DEBUG -     gz_id=9900016 'dolores' score=1.000 nombre=False saint_only=True terr= phase=candidate
2026-07-29 15:34:02 - matching_Tlaxcala - DEBUG -     gz_id=5600280 'dolores' score=1.000 nombre=False saint_only=True terr= phase=candidate
2026-07-29 15:34:02 - matching_Tlaxcala - DEBUG -     gz_id=1004821 'ais' score=1.000 nombre=False saint_only=True terr= phase=candidate
2026-07-29 15:34:02 - matching_Tlaxcala - DEBUG -     gz_id=1005373 'dolores' score=1.000 nombre=True saint_only=False terr= phase=auto_adopt
2026-07-29 15:34:02 - matching_Tlaxcala - DEBUG -     gz_id=2000379 'dolores' score=1.000 nombre=True saint_only=False terr= phase=auto_adopt
2026-07-29 15:34:02 - matching_Tlaxcala - DEBUG -     gz_id=9000155 'alcaras' score=1.000 nombre=False saint_only=True terr= phase=candidate
2026-07-29 15:34:02 - matching_Tlaxcala - DEBUG -     gz_id=1004758 'san francisco acis' score=1.000 nombre=False saint_only=False terr= phase=candidate
2026-07-29 15:34:02 - matching_Tlaxcala - DEBUG -     gz_id=1005382 'dolores' score=1.000 nombre=False saint_only=True terr= phase=candidate
2026-07-29 15:34:02 - matching_Tlaxcala - DEBUG -     gz_id=1005529 'dolores' score=1.000 nombre=False saint_only=True terr= phase=candidate
2026-07-29 15:34:02 - matching_Tlaxcala - DEBUG -     gz_id=5600773 'soledad' score=1.000 nombre=False saint_only=True terr= phase=candidate
2026-07-29 15:34:02 - matching_Tlaxcala - DEBUG -     gz_id=9901258 'huarniso' score=1.000 nombre=False saint_only=True terr= phase=candidate
2026-07-29 15:34:02 - matching_Tlaxcala - DEBUG -     gz_id=4000306 'puedpa' score=1.000 nombre=False saint_only=True terr= phase=candidate
2026-07-29 15:34:02 - matching_Tlaxcala - DEBUG -     gz_id=2000135 'dolores isalco' score=1.000 nombre=False saint_only=True terr= phase=candidate
2026-07-29 15:34:02 - matching_Tlaxcala - DEBUG -     gz_id=9900247 'dolores' score=1.000 nombre=False saint_only=True terr= phase=candidate
2026-07-29 15:34:02 - matching_Tlaxcala - DEBUG -     gz_id=1004725 'dolores' score=1.000 nombre=False saint_only=True terr= phase=candidate
2026-07-29 15:34:02 - matching_Tlaxcala - DEBUG -     gz_id=3000260 'dolores' score=1.000 nombre=True saint_only=False terr= phase=auto_adopt
2026-07-29 15:34:02 - matching_Tlaxcala - DEBUG -     gz_id=9000109 'dolores' score=1.000 nombre=False saint_only=True terr= phase=candidate
2026-07-29 15:34:02 - matching_Tlaxcala - DEBUG -     gz_id=1004782 'sandia' score=1.000 nombre=False saint_only=False terr= phase=candidate
2026-07-29 15:34:02 - matching_Tlaxcala - DEBUG -     gz_id=5000515 'tequia' score=1.000 nombre=False saint_only=True terr= phase=candidate
2026-07-29 15:34:02 - matching_Tlaxcala - DEBUG -     gz_id=9000048 'espinillo' score=1.000 nombre=False saint_only=True terr= phase=candidate
2026-07-29 15:34:02 - matching_Tlaxcala - DEBUG -     gz_id=1004856 'dolores' score=1.000 nombre=False saint_only=True terr= phase=candidate
2026-07-29 15:34:02 - matching_Tlaxcala - DEBUG -     gz_id=5000258 'dolores' score=1.000 nombre=True saint_only=False terr= phase=auto_adopt
2026-07-29 15:34:02 - matching_Tlaxcala - DEBUG -     gz_id=1000252 'dolores' score=1.000 nombre=True saint_only=False terr= phase=auto_adopt
2026-07-29 15:34:02 - matching_Tlaxcala - DEBUG -     gz_id=1005070 'dolores' score=1.000 nombre=True saint_only=False terr= phase=auto_adopt
2026-07-29 15:34:02 - matching_Tlaxcala - INFO -   Before dedup: 31 candidates
2026-07-29 15:34:02 - matching_Tlaxcala - INFO -   After dedup: 31 unique gz_ids
2026-07-29 15:34:02 - matching_Tlaxcala - INFO -   Input has territorial data: False
2026-07-29 15:34:02 - matching_Tlaxcala - INFO -   Candidates with territory match: 0
2026-07-29 15:34:02 - matching_Tlaxcala - INFO -   No territorial filtering applied (no input territorial data)
2026-07-29 15:34:02 - matching_Tlaxcala - INFO -   Nombre matches (exact on lugar_nombre): 10
2026-07-29 15:34:02 - matching_Tlaxcala - INFO -   Saint-only matches: 17
2026-07-29 15:34:02 - matching_Tlaxcala - INFO -   Substantive matches: 14
2026-07-29 15:34:02 - matching_Tlaxcala - INFO -   NOMBRE PRIORITY: Keeping ONLY 10 nombre matches, discarding 4 others
2026-07-29 15:34:02 - matching_Tlaxcala - INFO -      gz_id=1005432: Dolores
2026-07-29 15:34:02 - matching_Tlaxcala - INFO -      gz_id=5000671: La Quebradita
2026-07-29 15:34:02 - matching_Tlaxcala - INFO -      gz_id=9900286: Dolores
2026-07-29 15:34:02 - matching_Tlaxcala - INFO -      gz_id=1005366: Dolores
2026-07-29 15:34:02 - matching_Tlaxcala - INFO -      gz_id=1005373: Dolores
2026-07-29 15:34:02 - matching_Tlaxcala - INFO -      gz_id=2000379: Dolores
2026-07-29 15:34:02 - matching_Tlaxcala - INFO -      gz_id=3000260: Dolores
2026-07-29 15:34:02 - matching_Tlaxcala - INFO -      gz_id=5000258: Dolores
2026-07-29 15:34:02 - matching_Tlaxcala - INFO -      gz_id=1000252: Dolores
2026-07-29 15:34:02 - matching_Tlaxcala - INFO -      gz_id=1005070: Los Dolores
2026-07-29 15:34:02 - matching_Tlaxcala - INFO -   Candidate pool (>= threshold): 10
2026-07-29 15:34:02 - matching_Tlaxcala - INFO -   10 candidate(s) -> candidate
2026-07-29 15:34:02 - matching_Tlaxcala - INFO -   rowID=209: found at step 'no_partido_jurisdiccion'
2026-07-29 15:34:02 - matching_Tlaxcala - INFO - 
============================================================
2026-07-29 15:34:02 - matching_Tlaxcala - INFO - Processing rowID=214: 'El Rosario' -> cleaned: 'rosario'
2026-07-29 15:34:02 - matching_Tlaxcala - INFO -   Territorial context: (none)='' -> allowed rows: all
2026-07-29 15:34:02 - matching_Tlaxcala - INFO -   Token-based candidates: 68
2026-07-29 15:34:02 - matching_Tlaxcala - INFO -   Fuzzy matches (score >= 70, limit=500): 68
2026-07-29 15:34:02 - matching_Tlaxcala - DEBUG -     gz_id=5000747 'colejio' score=1.000 nombre=False saint_only=False terr= phase=candidate
2026-07-29 15:34:02 - matching_Tlaxcala - DEBUG -     gz_id=9900724 'tuerto' score=1.000 nombre=False saint_only=True terr= phase=candidate
2026-07-29 15:34:02 - matching_Tlaxcala - DEBUG -     gz_id=9000209 'lambare' score=1.000 nombre=False saint_only=True terr= phase=candidate
2026-07-29 15:34:02 - matching_Tlaxcala - DEBUG -     gz_id=4000071 'cacihua' score=1.000 nombre=False saint_only=True terr= phase=candidate
2026-07-29 15:34:02 - matching_Tlaxcala - DEBUG -     gz_id=9000210 'luque' score=1.000 nombre=False saint_only=True terr= phase=candidate
2026-07-29 15:34:02 - matching_Tlaxcala - DEBUG -     gz_id=9000227 'ajos' score=1.000 nombre=False saint_only=True terr= phase=candidate
2026-07-29 15:34:02 - matching_Tlaxcala - DEBUG -     gz_id=4000093 'maraca' score=1.000 nombre=False saint_only=True terr= phase=candidate
2026-07-29 15:34:02 - matching_Tlaxcala - DEBUG -     gz_id=5000784 'rosario' score=1.000 nombre=False saint_only=True terr= phase=candidate
2026-07-29 15:34:02 - matching_Tlaxcala - DEBUG -     gz_id=1003941 'tamasula' score=1.000 nombre=False saint_only=True terr= phase=candidate
2026-07-29 15:34:02 - matching_Tlaxcala - DEBUG -     gz_id=3000191 'punta' score=1.000 nombre=False saint_only=False terr= phase=candidate
2026-07-29 15:34:02 - matching_Tlaxcala - DEBUG -     gz_id=4000689 'iahuaraparo' score=1.000 nombre=False saint_only=True terr= phase=candidate
2026-07-29 15:34:02 - matching_Tlaxcala - DEBUG -     gz_id=9000247 'rosario' score=1.000 nombre=True saint_only=False terr= phase=auto_adopt
2026-07-29 15:34:02 - matching_Tlaxcala - DEBUG -     gz_id=9000511 'rosario' score=1.000 nombre=True saint_only=False terr= phase=auto_adopt
2026-07-29 15:34:02 - matching_Tlaxcala - DEBUG -     gz_id=9900324 'tocaimo' score=1.000 nombre=False saint_only=True terr= phase=candidate
2026-07-29 15:34:02 - matching_Tlaxcala - DEBUG -     gz_id=9900326 'tucui' score=1.000 nombre=False saint_only=True terr= phase=candidate
2026-07-29 15:34:02 - matching_Tlaxcala - DEBUG -     gz_id=1000313 'santa crus' score=1.000 nombre=False saint_only=False terr= phase=candidate
2026-07-29 15:34:02 - matching_Tlaxcala - DEBUG -     gz_id=3000210 'iauco' score=1.000 nombre=False saint_only=False terr= phase=candidate
2026-07-29 15:34:02 - matching_Tlaxcala - DEBUG -     gz_id=1003967 'nacameri' score=1.000 nombre=False saint_only=True terr= phase=candidate
2026-07-29 15:34:02 - matching_Tlaxcala - DEBUG -     gz_id=1004801 'rosario' score=1.000 nombre=True saint_only=False terr= phase=auto_adopt
2026-07-29 15:34:02 - matching_Tlaxcala - DEBUG -     gz_id=1003457 'teteles' score=1.000 nombre=False saint_only=True terr= phase=candidate
2026-07-29 15:34:02 - matching_Tlaxcala - DEBUG -     gz_id=4000136 'altamira' score=1.000 nombre=False saint_only=True terr= phase=candidate
2026-07-29 15:34:02 - matching_Tlaxcala - DEBUG -     gz_id=4000143 'humocaro bajo' score=1.000 nombre=False saint_only=True terr= phase=candidate
2026-07-29 15:34:02 - matching_Tlaxcala - DEBUG -     gz_id=1000614 'nuestra cenora rosario' score=1.000 nombre=False saint_only=False terr= phase=candidate
2026-07-29 15:34:02 - matching_Tlaxcala - DEBUG -     gz_id=9000030 'merlo' score=1.000 nombre=False saint_only=True terr= phase=candidate
2026-07-29 15:34:02 - matching_Tlaxcala - DEBUG -     gz_id=5000571 'lajas' score=1.000 nombre=False saint_only=True terr= phase=candidate
2026-07-29 15:34:02 - matching_Tlaxcala - DEBUG -     gz_id=2000925 'rosario' score=1.000 nombre=True saint_only=False terr= phase=auto_adopt
2026-07-29 15:34:02 - matching_Tlaxcala - DEBUG -     gz_id=7000199 'rosario' score=1.000 nombre=True saint_only=False terr= phase=auto_adopt
2026-07-29 15:34:02 - matching_Tlaxcala - DEBUG -     gz_id=4000166 'ipire' score=1.000 nombre=False saint_only=False terr= phase=candidate
2026-07-29 15:34:02 - matching_Tlaxcala - DEBUG -     gz_id=5000875 'rosario canahua' score=1.000 nombre=False saint_only=False terr= phase=candidate
2026-07-29 15:34:02 - matching_Tlaxcala - DEBUG -     gz_id=9000586 'huachipas' score=1.000 nombre=False saint_only=True terr= phase=candidate
2026-07-29 15:34:02 - matching_Tlaxcala - DEBUG -     gz_id=1005406 'nacosari' score=1.000 nombre=False saint_only=True terr= phase=candidate
2026-07-29 15:34:02 - matching_Tlaxcala - DEBUG -     gz_id=9000591 'rosario frontera' score=1.000 nombre=False saint_only=True terr= phase=candidate
2026-07-29 15:34:02 - matching_Tlaxcala - DEBUG -     gz_id=9000054 'caa cati' score=1.000 nombre=False saint_only=True terr= phase=candidate
2026-07-29 15:34:02 - matching_Tlaxcala - DEBUG -     gz_id=9000322 'punilla' score=1.000 nombre=False saint_only=True terr= phase=candidate
2026-07-29 15:34:02 - matching_Tlaxcala - DEBUG -     gz_id=9000056 'bajada' score=1.000 nombre=False saint_only=True terr= phase=candidate
2026-07-29 15:34:02 - matching_Tlaxcala - DEBUG -     gz_id=1002208 'rosario' score=1.000 nombre=True saint_only=False terr= phase=auto_adopt
2026-07-29 15:34:02 - matching_Tlaxcala - DEBUG -     gz_id=1002734 'rosario' score=1.000 nombre=False saint_only=True terr= phase=candidate
2026-07-29 15:34:02 - matching_Tlaxcala - DEBUG -     gz_id=1000902 'sacualpan' score=1.000 nombre=False saint_only=True terr= phase=candidate
2026-07-29 15:34:02 - matching_Tlaxcala - DEBUG -     gz_id=9000058 'rosario arroios' score=1.000 nombre=False saint_only=True terr= phase=candidate
2026-07-29 15:34:02 - matching_Tlaxcala - DEBUG -     gz_id=9000064 'rio ceco' score=1.000 nombre=False saint_only=True terr= phase=candidate
2026-07-29 15:34:02 - matching_Tlaxcala - DEBUG -     gz_id=9000065 'rosario' score=1.000 nombre=False saint_only=True terr= phase=candidate
2026-07-29 15:34:02 - matching_Tlaxcala - DEBUG -     gz_id=5000604 'alto rosario' score=1.000 nombre=False saint_only=True terr= phase=candidate
2026-07-29 15:34:02 - matching_Tlaxcala - DEBUG -     gz_id=4000198 'cua' score=1.000 nombre=False saint_only=True terr= phase=candidate
2026-07-29 15:34:02 - matching_Tlaxcala - DEBUG -     gz_id=9000339 'saladillo' score=1.000 nombre=False saint_only=True terr= phase=candidate
2026-07-29 15:34:02 - matching_Tlaxcala - DEBUG -     gz_id=4000202 'tahuai' score=1.000 nombre=False saint_only=True terr= phase=candidate
2026-07-29 15:34:02 - matching_Tlaxcala - DEBUG -     gz_id=1000664 'pueblo nuebo' score=1.000 nombre=False saint_only=True terr= phase=candidate
2026-07-29 15:34:02 - matching_Tlaxcala - DEBUG -     gz_id=8000278 'rosario' score=1.000 nombre=False saint_only=True terr= phase=candidate
2026-07-29 15:34:02 - matching_Tlaxcala - DEBUG -     gz_id=9000092 'cuarepoti' score=1.000 nombre=False saint_only=False terr= phase=candidate
2026-07-29 15:34:02 - matching_Tlaxcala - DEBUG -     gz_id=3000022 'rosario' score=1.000 nombre=False saint_only=False terr= phase=candidate
2026-07-29 15:34:02 - matching_Tlaxcala - DEBUG -     gz_id=4000548 'palma' score=1.000 nombre=False saint_only=True terr= phase=candidate
2026-07-29 15:34:02 - matching_Tlaxcala - DEBUG -     gz_id=9000688 'rosario frontera' score=1.000 nombre=False saint_only=True terr= phase=candidate
2026-07-29 15:34:02 - matching_Tlaxcala - DEBUG -     gz_id=5000405 'rosario' score=1.000 nombre=True saint_only=False terr= phase=auto_adopt
2026-07-29 15:34:02 - matching_Tlaxcala - DEBUG -     gz_id=7000044 'pichidehua' score=1.000 nombre=False saint_only=True terr= phase=candidate
2026-07-29 15:34:02 - matching_Tlaxcala - DEBUG -     gz_id=7000046 'rosario' score=1.000 nombre=False saint_only=True terr= phase=candidate
2026-07-29 15:34:02 - matching_Tlaxcala - DEBUG -     gz_id=9000146 'timbo' score=1.000 nombre=False saint_only=True terr= phase=candidate
2026-07-29 15:34:02 - matching_Tlaxcala - DEBUG -     gz_id=1000210 'rosario' score=1.000 nombre=True saint_only=False terr= phase=auto_adopt
2026-07-29 15:34:02 - matching_Tlaxcala - DEBUG -     gz_id=1002828 'santa maria rosario' score=1.000 nombre=False saint_only=False terr= phase=candidate
2026-07-29 15:34:02 - matching_Tlaxcala - DEBUG -     gz_id=9000157 'tala' score=1.000 nombre=False saint_only=True terr= phase=candidate
2026-07-29 15:34:02 - matching_Tlaxcala - DEBUG -     gz_id=4000302 'huacipati' score=1.000 nombre=False saint_only=True terr= phase=candidate
2026-07-29 15:34:02 - matching_Tlaxcala - DEBUG -     gz_id=1000747 'aiotla' score=1.000 nombre=False saint_only=False terr= phase=candidate
2026-07-29 15:34:02 - matching_Tlaxcala - DEBUG -     gz_id=9901261 'cabeson sal' score=1.000 nombre=False saint_only=True terr= phase=candidate
2026-07-29 15:34:02 - matching_Tlaxcala - DEBUG -     gz_id=1003620 'jochitiopan' score=1.000 nombre=False saint_only=True terr= phase=candidate
2026-07-29 15:34:02 - matching_Tlaxcala - DEBUG -     gz_id=8000614 'rosario' score=1.000 nombre=True saint_only=False terr= phase=auto_adopt
2026-07-29 15:34:02 - matching_Tlaxcala - DEBUG -     gz_id=7000339 'ninhue' score=1.000 nombre=False saint_only=True terr= phase=candidate
2026-07-29 15:34:02 - matching_Tlaxcala - DEBUG -     gz_id=4000059 'antimano' score=1.000 nombre=False saint_only=True terr= phase=candidate
2026-07-29 15:34:02 - matching_Tlaxcala - DEBUG -     gz_id=1004731 'binacado' score=1.000 nombre=False saint_only=True terr= phase=candidate
2026-07-29 15:34:02 - matching_Tlaxcala - DEBUG -     gz_id=9900275 'chocolate' score=1.000 nombre=False saint_only=True terr= phase=candidate
2026-07-29 15:34:02 - matching_Tlaxcala - DEBUG -     gz_id=2000559 'cantarranas' score=1.000 nombre=False saint_only=True terr= phase=candidate
2026-07-29 15:34:02 - matching_Tlaxcala - INFO -   Before dedup: 68 candidates
2026-07-29 15:34:02 - matching_Tlaxcala - INFO -   After dedup: 68 unique gz_ids
2026-07-29 15:34:02 - matching_Tlaxcala - INFO -   Input has territorial data: False
2026-07-29 15:34:02 - matching_Tlaxcala - INFO -   Candidates with territory match: 0
2026-07-29 15:34:02 - matching_Tlaxcala - INFO -   No territorial filtering applied (no input territorial data)
2026-07-29 15:34:02 - matching_Tlaxcala - INFO -   Nombre matches (exact on lugar_nombre): 9
2026-07-29 15:34:02 - matching_Tlaxcala - INFO -   Saint-only matches: 48
2026-07-29 15:34:02 - matching_Tlaxcala - INFO -   Substantive matches: 20
2026-07-29 15:34:02 - matching_Tlaxcala - INFO -   NOMBRE PRIORITY: Keeping ONLY 9 nombre matches, discarding 11 others
2026-07-29 15:34:02 - matching_Tlaxcala - INFO -      gz_id=9000247: Rosario
2026-07-29 15:34:02 - matching_Tlaxcala - INFO -      gz_id=9000511: Rosario
2026-07-29 15:34:02 - matching_Tlaxcala - INFO -      gz_id=1004801: Rosario
2026-07-29 15:34:02 - matching_Tlaxcala - INFO -      gz_id=2000925: Rosario
2026-07-29 15:34:02 - matching_Tlaxcala - INFO -      gz_id=7000199: Rosario
2026-07-29 15:34:02 - matching_Tlaxcala - INFO -      gz_id=1002208: El Rosario
2026-07-29 15:34:02 - matching_Tlaxcala - INFO -      gz_id=5000405: El Rosario
2026-07-29 15:34:02 - matching_Tlaxcala - INFO -      gz_id=1000210: Rosario
2026-07-29 15:34:02 - matching_Tlaxcala - INFO -      gz_id=8000614: Rosario
2026-07-29 15:34:02 - matching_Tlaxcala - INFO -   Candidate pool (>= threshold): 9
2026-07-29 15:34:02 - matching_Tlaxcala - INFO -   9 candidate(s) -> candidate
2026-07-29 15:34:02 - matching_Tlaxcala - INFO -   rowID=214: found at step 'no_partido_jurisdiccion'
2026-07-29 15:34:02 - matching_Tlaxcala - INFO - 
============================================================
2026-07-29 15:34:02 - matching_Tlaxcala - INFO - Processing rowID=219: 'El Pilancón' -> cleaned: 'pilancon'
2026-07-29 15:34:02 - matching_Tlaxcala - INFO -   Territorial context: (none)='' -> allowed rows: all
2026-07-29 15:34:02 - matching_Tlaxcala - INFO -   Token-based candidates: 3
2026-07-29 15:34:02 - matching_Tlaxcala - INFO -   Fuzzy matches (score >= 70, limit=500): 3
2026-07-29 15:34:02 - matching_Tlaxcala - DEBUG -     gz_id=6000881 'ancon' score=1.000 nombre=False saint_only=False terr= phase=auto_adopt
2026-07-29 15:34:02 - matching_Tlaxcala - DEBUG -     gz_id=6001089 'llacon' score=0.833 nombre=False saint_only=False terr= phase=relegated
2026-07-29 15:34:02 - matching_Tlaxcala - DEBUG -     gz_id=9900164 'quarto pipanaco' score=0.800 nombre=False saint_only=False terr= phase=relegated
2026-07-29 15:34:02 - matching_Tlaxcala - INFO -   Before dedup: 3 candidates
2026-07-29 15:34:02 - matching_Tlaxcala - INFO -   After dedup: 3 unique gz_ids
2026-07-29 15:34:02 - matching_Tlaxcala - INFO -   Input has territorial data: False
2026-07-29 15:34:02 - matching_Tlaxcala - INFO -   Candidates with territory match: 0
2026-07-29 15:34:02 - matching_Tlaxcala - INFO -   No territorial filtering applied (no input territorial data)
2026-07-29 15:34:02 - matching_Tlaxcala - INFO -   Nombre matches (exact on lugar_nombre): 0
2026-07-29 15:34:02 - matching_Tlaxcala - INFO -   Saint-only matches: 0
2026-07-29 15:34:02 - matching_Tlaxcala - INFO -   Substantive matches: 3
2026-07-29 15:34:02 - matching_Tlaxcala - INFO -   Candidate pool (>= threshold): 1
2026-07-29 15:34:02 - matching_Tlaxcala - INFO -   1 candidate(s) -> candidate
2026-07-29 15:34:02 - matching_Tlaxcala - INFO -   rowID=219: found at step 'no_partido_jurisdiccion'
2026-07-29 15:34:02 - matching_Tlaxcala - INFO - 
============================================================
2026-07-29 15:34:02 - matching_Tlaxcala - INFO - Processing rowID=222: 'San Antonio Tlaxcantenco' -> cleaned: 'san antonio tlaxcantenco'
2026-07-29 15:34:02 - matching_Tlaxcala - INFO -   Territorial context: (none)='' -> allowed rows: all
2026-07-29 15:34:02 - matching_Tlaxcala - INFO -   Token-based candidates: 4456
2026-07-29 15:34:02 - matching_Tlaxcala - INFO -   Filtering: need match on substantive tokens: ['antonio', 'tlaxcantenco'] OR 2+ total tokens
2026-07-29 15:34:03 - matching_Tlaxcala - INFO -   After filtering weak token matches: 271 candidates
2026-07-29 15:34:03 - matching_Tlaxcala - INFO -   Fuzzy matches (score >= 70, limit=500): 260
2026-07-29 15:34:03 - matching_Tlaxcala - DEBUG -     gz_id=1000019 'san antonio' score=1.000 nombre=False saint_only=False terr= phase=auto_adopt
2026-07-29 15:34:03 - matching_Tlaxcala - DEBUG -     gz_id=1001041 'san antonio' score=1.000 nombre=False saint_only=False terr= phase=auto_adopt
2026-07-29 15:34:03 - matching_Tlaxcala - DEBUG -     gz_id=1001042 'san antonio' score=1.000 nombre=False saint_only=False terr= phase=auto_adopt
2026-07-29 15:34:03 - matching_Tlaxcala - DEBUG -     gz_id=1001112 'san antonio' score=1.000 nombre=False saint_only=False terr= phase=auto_adopt
2026-07-29 15:34:03 - matching_Tlaxcala - DEBUG -     gz_id=1001187 'san antonio' score=1.000 nombre=False saint_only=False terr= phase=auto_adopt
2026-07-29 15:34:03 - matching_Tlaxcala - DEBUG -     gz_id=1001510 'san antonio' score=1.000 nombre=False saint_only=False terr= phase=auto_adopt
2026-07-29 15:34:03 - matching_Tlaxcala - DEBUG -     gz_id=1002620 'huitepec' score=1.000 nombre=False saint_only=False terr= phase=auto_adopt
2026-07-29 15:34:03 - matching_Tlaxcala - DEBUG -     gz_id=1003261 'san antonio' score=1.000 nombre=False saint_only=False terr= phase=auto_adopt
2026-07-29 15:34:03 - matching_Tlaxcala - DEBUG -     gz_id=1004023 'san antonio' score=1.000 nombre=False saint_only=False terr= phase=auto_adopt
2026-07-29 15:34:03 - matching_Tlaxcala - DEBUG -     gz_id=1004417 'san antonio' score=1.000 nombre=False saint_only=False terr= phase=auto_adopt
2026-07-29 15:34:03 - matching_Tlaxcala - DEBUG -     gz_id=1005002 'san antonio' score=1.000 nombre=False saint_only=False terr= phase=auto_adopt
2026-07-29 15:34:03 - matching_Tlaxcala - DEBUG -     gz_id=1005368 'san antonio' score=1.000 nombre=False saint_only=False terr= phase=auto_adopt
2026-07-29 15:34:03 - matching_Tlaxcala - DEBUG -     gz_id=1005433 'san antonio' score=1.000 nombre=False saint_only=False terr= phase=auto_adopt
2026-07-29 15:34:03 - matching_Tlaxcala - DEBUG -     gz_id=2000353 'san antonio' score=1.000 nombre=False saint_only=False terr= phase=auto_adopt
2026-07-29 15:34:03 - matching_Tlaxcala - DEBUG -     gz_id=2000829 'san antonio' score=1.000 nombre=False saint_only=False terr= phase=auto_adopt
2026-07-29 15:34:03 - matching_Tlaxcala - DEBUG -     gz_id=2000861 'san antonio' score=1.000 nombre=False saint_only=False terr= phase=auto_adopt
2026-07-29 15:34:03 - matching_Tlaxcala - DEBUG -     gz_id=2000872 'san antonio' score=1.000 nombre=False saint_only=False terr= phase=auto_adopt
2026-07-29 15:34:03 - matching_Tlaxcala - DEBUG -     gz_id=2000883 'san antonio' score=1.000 nombre=False saint_only=False terr= phase=auto_adopt
2026-07-29 15:34:03 - matching_Tlaxcala - DEBUG -     gz_id=2000934 'san antonio' score=1.000 nombre=False saint_only=False terr= phase=auto_adopt
2026-07-29 15:34:03 - matching_Tlaxcala - DEBUG -     gz_id=2000943 'san antonio' score=1.000 nombre=False saint_only=False terr= phase=auto_adopt
2026-07-29 15:34:03 - matching_Tlaxcala - DEBUG -     gz_id=3000246 'san antonio' score=1.000 nombre=False saint_only=False terr= phase=auto_adopt
2026-07-29 15:34:03 - matching_Tlaxcala - DEBUG -     gz_id=4000176 'san antonio' score=1.000 nombre=False saint_only=False terr= phase=auto_adopt
2026-07-29 15:34:03 - matching_Tlaxcala - DEBUG -     gz_id=4000407 'san antonio' score=1.000 nombre=False saint_only=False terr= phase=auto_adopt
2026-07-29 15:34:03 - matching_Tlaxcala - DEBUG -     gz_id=5000388 'san antonio' score=1.000 nombre=False saint_only=False terr= phase=auto_adopt
2026-07-29 15:34:03 - matching_Tlaxcala - DEBUG -     gz_id=5000710 'betas bajas' score=1.000 nombre=False saint_only=False terr= phase=auto_adopt
2026-07-29 15:34:03 - matching_Tlaxcala - DEBUG -     gz_id=5000858 'san antonio' score=1.000 nombre=False saint_only=False terr= phase=auto_adopt
2026-07-29 15:34:03 - matching_Tlaxcala - DEBUG -     gz_id=5000904 'san antonio' score=1.000 nombre=False saint_only=False terr= phase=auto_adopt
2026-07-29 15:34:03 - matching_Tlaxcala - DEBUG -     gz_id=5600117 'san antonio' score=1.000 nombre=False saint_only=False terr= phase=auto_adopt
2026-07-29 15:34:03 - matching_Tlaxcala - DEBUG -     gz_id=5600204 'san antonio' score=1.000 nombre=False saint_only=False terr= phase=auto_adopt
2026-07-29 15:34:03 - matching_Tlaxcala - DEBUG -     gz_id=5600529 'mamos' score=1.000 nombre=False saint_only=False terr= phase=candidate
2026-07-29 15:34:03 - matching_Tlaxcala - DEBUG -     gz_id=5600650 'san antonio' score=1.000 nombre=False saint_only=False terr= phase=auto_adopt
2026-07-29 15:34:03 - matching_Tlaxcala - DEBUG -     gz_id=7000023 'san antonio' score=1.000 nombre=False saint_only=False terr= phase=auto_adopt
2026-07-29 15:34:03 - matching_Tlaxcala - DEBUG -     gz_id=7000192 'san antonio' score=1.000 nombre=False saint_only=False terr= phase=auto_adopt
2026-07-29 15:34:03 - matching_Tlaxcala - DEBUG -     gz_id=8000693 'san antonio' score=1.000 nombre=False saint_only=False terr= phase=auto_adopt
2026-07-29 15:34:03 - matching_Tlaxcala - DEBUG -     gz_id=9000271 'san antonio' score=1.000 nombre=False saint_only=False terr= phase=auto_adopt
2026-07-29 15:34:03 - matching_Tlaxcala - DEBUG -     gz_id=9000616 'san antonio' score=1.000 nombre=False saint_only=False terr= phase=auto_adopt
2026-07-29 15:34:03 - matching_Tlaxcala - DEBUG -     gz_id=9000650 'san antonio' score=1.000 nombre=False saint_only=False terr= phase=auto_adopt
2026-07-29 15:34:03 - matching_Tlaxcala - DEBUG -     gz_id=9000662 'san antonio' score=1.000 nombre=False saint_only=False terr= phase=auto_adopt
2026-07-29 15:34:03 - matching_Tlaxcala - DEBUG -     gz_id=9900009 'san antonio' score=1.000 nombre=False saint_only=False terr= phase=auto_adopt
2026-07-29 15:34:03 - matching_Tlaxcala - DEBUG -     gz_id=9900115 'san antonio' score=1.000 nombre=False saint_only=False terr= phase=auto_adopt
2026-07-29 15:34:03 - matching_Tlaxcala - DEBUG -     gz_id=9900282 'san antonio' score=1.000 nombre=False saint_only=False terr= phase=auto_adopt
2026-07-29 15:34:03 - matching_Tlaxcala - DEBUG -     gz_id=9900647 'san antonio' score=1.000 nombre=False saint_only=False terr= phase=auto_adopt
2026-07-29 15:34:03 - matching_Tlaxcala - DEBUG -     gz_id=9900914 'san antonio' score=1.000 nombre=False saint_only=False terr= phase=auto_adopt
2026-07-29 15:34:03 - matching_Tlaxcala - DEBUG -     gz_id=9900928 'san salbador' score=1.000 nombre=False saint_only=False terr= phase=candidate
2026-07-29 15:34:03 - matching_Tlaxcala - DEBUG -     gz_id=9901106 'san antonio' score=1.000 nombre=False saint_only=False terr= phase=auto_adopt
2026-07-29 15:34:03 - matching_Tlaxcala - DEBUG -     gz_id=9990002 'san antonio' score=1.000 nombre=False saint_only=False terr= phase=auto_adopt
2026-07-29 15:34:03 - matching_Tlaxcala - DEBUG -     gz_id=1002211 'tula' score=0.968 nombre=False saint_only=False terr= phase=auto_adopt
2026-07-29 15:34:03 - matching_Tlaxcala - DEBUG -     gz_id=1002608 'tutla' score=0.938 nombre=False saint_only=False terr= phase=auto_adopt
2026-07-29 15:34:03 - matching_Tlaxcala - DEBUG -     gz_id=9901219 'san antonio talca' score=0.938 nombre=False saint_only=False terr= phase=auto_adopt
2026-07-29 15:34:03 - matching_Tlaxcala - DEBUG -     gz_id=1000319 'tule' score=0.933 nombre=False saint_only=False terr= phase=auto_adopt
2026-07-29 15:34:03 - matching_Tlaxcala - DEBUG -     gz_id=1005143 'san antonio tule' score=0.933 nombre=False saint_only=False terr= phase=auto_adopt
2026-07-29 15:34:03 - matching_Tlaxcala - DEBUG -     gz_id=1002755 'acutla' score=0.909 nombre=False saint_only=False terr= phase=auto_adopt
2026-07-29 15:34:03 - matching_Tlaxcala - DEBUG -     gz_id=1001565 'san antonio isla' score=0.903 nombre=False saint_only=False terr= phase=auto_adopt
2026-07-29 15:34:03 - matching_Tlaxcala - DEBUG -     gz_id=1004495 'ticul' score=0.903 nombre=False saint_only=False terr= phase=auto_adopt
2026-07-29 15:34:03 - matching_Tlaxcala - DEBUG -     gz_id=3000201 'tuna' score=0.903 nombre=False saint_only=False terr= phase=auto_adopt
2026-07-29 15:34:03 - matching_Tlaxcala - DEBUG -     gz_id=5000325 'tena' score=0.903 nombre=False saint_only=False terr= phase=auto_adopt
2026-07-29 15:34:03 - matching_Tlaxcala - DEBUG -     gz_id=1003509 'san antonio sal' score=0.897 nombre=False saint_only=False terr= phase=candidate
2026-07-29 15:34:03 - matching_Tlaxcala - DEBUG -     gz_id=1004502 'jul' score=0.897 nombre=False saint_only=False terr= phase=candidate
2026-07-29 15:34:03 - matching_Tlaxcala - DEBUG -     gz_id=8000309 'poto' score=0.897 nombre=False saint_only=False terr= phase=candidate
2026-07-29 15:34:03 - matching_Tlaxcala - DEBUG -     gz_id=8000401 'aten' score=0.897 nombre=False saint_only=False terr= phase=candidate
2026-07-29 15:34:03 - matching_Tlaxcala - DEBUG -     gz_id=1004461 'uci' score=0.889 nombre=False saint_only=False terr= phase=candidate
2026-07-29 15:34:03 - matching_Tlaxcala - DEBUG -     gz_id=1000557 'tapalpa' score=0.882 nombre=False saint_only=False terr= phase=candidate
2026-07-29 15:34:03 - matching_Tlaxcala - DEBUG -     gz_id=1003127 'cuautla' score=0.882 nombre=False saint_only=False terr= phase=candidate
2026-07-29 15:34:03 - matching_Tlaxcala - DEBUG -     gz_id=1000564 'tlaiacapan' score=0.878 nombre=False saint_only=False terr= phase=candidate
2026-07-29 15:34:03 - matching_Tlaxcala - DEBUG -     gz_id=1004362 'ebula' score=0.875 nombre=False saint_only=False terr= phase=candidate
2026-07-29 15:34:03 - matching_Tlaxcala - DEBUG -     gz_id=2000647 'esteli' score=0.875 nombre=False saint_only=False terr= phase=candidate
2026-07-29 15:34:03 - matching_Tlaxcala - DEBUG -     gz_id=4000426 'upata' score=0.875 nombre=False saint_only=False terr= phase=candidate
2026-07-29 15:34:03 - matching_Tlaxcala - DEBUG -     gz_id=9000377 'naranjoi' score=0.875 nombre=False saint_only=False terr= phase=candidate
2026-07-29 15:34:03 - matching_Tlaxcala - DEBUG -     gz_id=1004325 'tituk' score=0.867 nombre=False saint_only=False terr= phase=candidate
2026-07-29 15:34:03 - matching_Tlaxcala - DEBUG -     gz_id=1004493 'tekit' score=0.867 nombre=False saint_only=False terr= phase=candidate
2026-07-29 15:34:03 - matching_Tlaxcala - DEBUG -     gz_id=2000764 'san antonio monte' score=0.867 nombre=False saint_only=False terr= phase=candidate
2026-07-29 15:34:03 - matching_Tlaxcala - DEBUG -     gz_id=4000027 'turen' score=0.867 nombre=False saint_only=False terr= phase=candidate
2026-07-29 15:34:03 - matching_Tlaxcala - DEBUG -     gz_id=4000193 'san antonio altos' score=0.867 nombre=False saint_only=False terr= phase=candidate
2026-07-29 15:34:03 - matching_Tlaxcala - DEBUG -     gz_id=1003365 'tlatenco' score=0.865 nombre=False saint_only=False terr= phase=candidate
2026-07-29 15:34:03 - matching_Tlaxcala - DEBUG -     gz_id=4000561 'tachira' score=0.865 nombre=False saint_only=False terr= phase=candidate
2026-07-29 15:34:03 - matching_Tlaxcala - DEBUG -     gz_id=1001113 'san antonio cienega' score=0.857 nombre=False saint_only=False terr= phase=candidate
2026-07-29 15:34:03 - matching_Tlaxcala - DEBUG -     gz_id=1002820 'san antonio abad' score=0.857 nombre=False saint_only=False terr= phase=candidate
2026-07-29 15:34:03 - matching_Tlaxcala - DEBUG -     gz_id=1003493 'canada' score=0.857 nombre=False saint_only=False terr= phase=candidate
2026-07-29 15:34:03 - matching_Tlaxcala - DEBUG -     gz_id=1004300 'tepetlan' score=0.857 nombre=False saint_only=False terr= phase=candidate
2026-07-29 15:34:03 - matching_Tlaxcala - DEBUG -     gz_id=5000137 'san antonio abad' score=0.857 nombre=False saint_only=False terr= phase=candidate
2026-07-29 15:34:03 - matching_Tlaxcala - DEBUG -     gz_id=5000812 'jobo' score=0.857 nombre=False saint_only=False terr= phase=candidate
2026-07-29 15:34:03 - matching_Tlaxcala - DEBUG -     gz_id=5600283 'san estanislao kostka' score=0.857 nombre=False saint_only=False terr= phase=candidate
2026-07-29 15:34:03 - matching_Tlaxcala - DEBUG -     gz_id=9900649 'san antonio miri' score=0.857 nombre=False saint_only=False terr= phase=candidate
2026-07-29 15:34:03 - matching_Tlaxcala - DEBUG -     gz_id=1003744 'alpanocan' score=0.850 nombre=False saint_only=False terr= phase=candidate
2026-07-29 15:34:03 - matching_Tlaxcala - DEBUG -     gz_id=1001274 'jacala' score=0.848 nombre=False saint_only=False terr= phase=relegated
2026-07-29 15:34:03 - matching_Tlaxcala - DEBUG -     gz_id=1004791 'isleta' score=0.848 nombre=False saint_only=False terr= phase=relegated
2026-07-29 15:34:03 - matching_Tlaxcala - DEBUG -     gz_id=1005065 'jolapa' score=0.848 nombre=False saint_only=False terr= phase=relegated
2026-07-29 15:34:03 - matching_Tlaxcala - DEBUG -     gz_id=1005192 'san antonio llanos' score=0.848 nombre=False saint_only=False terr= phase=relegated
2026-07-29 15:34:03 - matching_Tlaxcala - DEBUG -     gz_id=1005358 'sapata' score=0.848 nombre=False saint_only=False terr= phase=relegated
2026-07-29 15:34:03 - matching_Tlaxcala - DEBUG -     gz_id=5000599 'tatama' score=0.848 nombre=False saint_only=False terr= phase=relegated
2026-07-29 15:34:03 - matching_Tlaxcala - DEBUG -     gz_id=1000565 'tuxcueca' score=0.842 nombre=False saint_only=False terr= phase=relegated
2026-07-29 15:34:03 - matching_Tlaxcala - DEBUG -     gz_id=1000727 'doctor' score=0.839 nombre=False saint_only=False terr= phase=relegated
2026-07-29 15:34:03 - matching_Tlaxcala - DEBUG -     gz_id=5000163 'cerete' score=0.839 nombre=False saint_only=False terr= phase=relegated
2026-07-29 15:34:03 - matching_Tlaxcala - DEBUG -     gz_id=5000183 'momil' score=0.839 nombre=False saint_only=False terr= phase=relegated
2026-07-29 15:34:03 - matching_Tlaxcala - DEBUG -     gz_id=6000817 'iauli' score=0.839 nombre=False saint_only=False terr= phase=relegated
2026-07-29 15:34:03 - matching_Tlaxcala - DEBUG -     gz_id=8000039 'lipes' score=0.839 nombre=False saint_only=False terr= phase=relegated
2026-07-29 15:34:03 - matching_Tlaxcala - DEBUG -     gz_id=1000793 'tlaltecahuacan' score=0.837 nombre=False saint_only=False terr= phase=relegated
2026-07-29 15:34:03 - matching_Tlaxcala - DEBUG -     gz_id=1000107 'texcoco' score=0.833 nombre=False saint_only=False terr= phase=relegated
2026-07-29 15:34:03 - matching_Tlaxcala - DEBUG -     gz_id=1000427 'juchitlan' score=0.833 nombre=False saint_only=False terr= phase=relegated
2026-07-29 15:34:03 - matching_Tlaxcala - DEBUG -     gz_id=1001287 'mextitlan' score=0.833 nombre=False saint_only=False terr= phase=relegated
2026-07-29 15:34:03 - matching_Tlaxcala - DEBUG -     gz_id=1002469 'tepetlapa' score=0.833 nombre=False saint_only=False terr= phase=relegated
2026-07-29 15:34:03 - matching_Tlaxcala - DEBUG -     gz_id=1003536 'acicintla' score=0.833 nombre=False saint_only=False terr= phase=relegated
2026-07-29 15:34:03 - matching_Tlaxcala - DEBUG -     gz_id=7000412 'chacao' score=0.833 nombre=False saint_only=False terr= phase=relegated
2026-07-29 15:34:03 - matching_Tlaxcala - DEBUG -     gz_id=1000875 'teoloiucan' score=0.829 nombre=False saint_only=False terr= phase=relegated
2026-07-29 15:34:03 - matching_Tlaxcala - DEBUG -     gz_id=1000375 'san antonio padua' score=0.828 nombre=False saint_only=False terr= phase=relegated
2026-07-29 15:34:03 - matching_Tlaxcala - DEBUG -     gz_id=1004751 'san antonio padua' score=0.828 nombre=False saint_only=False terr= phase=relegated
2026-07-29 15:34:03 - matching_Tlaxcala - DEBUG -     gz_id=4000142 'humocaro alto' score=0.828 nombre=False saint_only=False terr= phase=relegated
2026-07-29 15:34:03 - matching_Tlaxcala - DEBUG -     gz_id=5000099 'penon' score=0.828 nombre=False saint_only=False terr= phase=relegated
2026-07-29 15:34:03 - matching_Tlaxcala - DEBUG -     gz_id=5000677 'anime' score=0.828 nombre=False saint_only=False terr= phase=relegated
2026-07-29 15:34:03 - matching_Tlaxcala - DEBUG -     gz_id=5600098 'bahia' score=0.828 nombre=False saint_only=False terr= phase=relegated
2026-07-29 15:34:03 - matching_Tlaxcala - DEBUG -     gz_id=6000396 'cachi' score=0.828 nombre=False saint_only=False terr= phase=relegated
2026-07-29 15:34:03 - matching_Tlaxcala - DEBUG -     gz_id=6000831 'huari' score=0.828 nombre=False saint_only=False terr= phase=relegated
2026-07-29 15:34:03 - matching_Tlaxcala - DEBUG -     gz_id=6001551 'eneno' score=0.828 nombre=False saint_only=False terr= phase=relegated
2026-07-29 15:34:03 - matching_Tlaxcala - DEBUG -     gz_id=8000288 'san antonio cobre' score=0.828 nombre=False saint_only=False terr= phase=relegated
2026-07-29 15:34:03 - matching_Tlaxcala - DEBUG -     gz_id=9000049 'areco' score=0.828 nombre=False saint_only=False terr= phase=relegated
2026-07-29 15:34:03 - matching_Tlaxcala - DEBUG -     gz_id=9900278 'pobre' score=0.828 nombre=False saint_only=False terr= phase=relegated
2026-07-29 15:34:03 - matching_Tlaxcala - DEBUG -     gz_id=9900926 'san antonio padua' score=0.828 nombre=False saint_only=False terr= phase=relegated
2026-07-29 15:34:03 - matching_Tlaxcala - DEBUG -     gz_id=1001813 'tecomitl' score=0.824 nombre=False saint_only=False terr= phase=relegated
2026-07-29 15:34:03 - matching_Tlaxcala - DEBUG -     gz_id=1003788 'tepango' score=0.824 nombre=False saint_only=False terr= phase=relegated
2026-07-29 15:34:03 - matching_Tlaxcala - DEBUG -     gz_id=1004558 'chemax' score=0.824 nombre=False saint_only=False terr= phase=relegated
2026-07-29 15:34:03 - matching_Tlaxcala - DEBUG -     gz_id=1004830 'san antonio huertas' score=0.824 nombre=False saint_only=False terr= phase=relegated
2026-07-29 15:34:03 - matching_Tlaxcala - DEBUG -     gz_id=1005209 'san antonio huertas' score=0.824 nombre=False saint_only=False terr= phase=relegated
2026-07-29 15:34:03 - matching_Tlaxcala - DEBUG -     gz_id=5600430 'tosahua' score=0.824 nombre=False saint_only=False terr= phase=relegated
2026-07-29 15:34:03 - matching_Tlaxcala - DEBUG -     gz_id=7000359 'florida' score=0.824 nombre=False saint_only=False terr= phase=relegated
2026-07-29 15:34:03 - matching_Tlaxcala - DEBUG -     gz_id=9900081 'oquitoa' score=0.824 nombre=False saint_only=False terr= phase=relegated
2026-07-29 15:34:03 - matching_Tlaxcala - DEBUG -     gz_id=1003190 'mihuacan' score=0.821 nombre=False saint_only=False terr= phase=relegated
2026-07-29 15:34:03 - matching_Tlaxcala - DEBUG -     gz_id=6001160 'huancani' score=0.821 nombre=False saint_only=False terr= phase=relegated
2026-07-29 15:34:03 - matching_Tlaxcala - DEBUG -     gz_id=1005204 'real san antonio' score=0.815 nombre=False saint_only=False terr= phase=relegated
2026-07-29 15:34:03 - matching_Tlaxcala - DEBUG -     gz_id=1001394 'bernal' score=0.812 nombre=False saint_only=False terr= phase=relegated
2026-07-29 15:34:03 - matching_Tlaxcala - DEBUG -     gz_id=1002897 'analco' score=0.812 nombre=False saint_only=False terr= phase=relegated
2026-07-29 15:34:03 - matching_Tlaxcala - DEBUG -     gz_id=1004437 'isamal' score=0.812 nombre=False saint_only=False terr= phase=relegated
2026-07-29 15:34:03 - matching_Tlaxcala - DEBUG -     gz_id=1004795 'balero' score=0.812 nombre=False saint_only=False terr= phase=relegated
2026-07-29 15:34:03 - matching_Tlaxcala - DEBUG -     gz_id=1005078 'san antonio berjel' score=0.812 nombre=False saint_only=False terr= phase=relegated
2026-07-29 15:34:03 - matching_Tlaxcala - DEBUG -     gz_id=1005154 'san antonio potrero' score=0.812 nombre=False saint_only=False terr= phase=relegated
2026-07-29 15:34:03 - matching_Tlaxcala - DEBUG -     gz_id=2000393 'san antonio palopo' score=0.812 nombre=False saint_only=False terr= phase=relegated
2026-07-29 15:34:03 - matching_Tlaxcala - DEBUG -     gz_id=1004489 'sacalum' score=0.811 nombre=False saint_only=False terr= phase=relegated
2026-07-29 15:34:03 - matching_Tlaxcala - DEBUG -     gz_id=1005007 'sauceda' score=0.811 nombre=False saint_only=False terr= phase=relegated
2026-07-29 15:34:03 - matching_Tlaxcala - DEBUG -     gz_id=1005017 'coionostla' score=0.811 nombre=False saint_only=False terr= phase=relegated
2026-07-29 15:34:03 - matching_Tlaxcala - DEBUG -     gz_id=3000145 'anacape' score=0.811 nombre=False saint_only=False terr= phase=relegated
2026-07-29 15:34:03 - matching_Tlaxcala - DEBUG -     gz_id=3000168 'bacuqua' score=0.811 nombre=False saint_only=False terr= phase=relegated
2026-07-29 15:34:03 - matching_Tlaxcala - DEBUG -     gz_id=1000430 'tenamaxtlan' score=0.810 nombre=False saint_only=False terr= phase=relegated
2026-07-29 15:34:03 - matching_Tlaxcala - DEBUG -     gz_id=2000370 'san antonio sacatepeques' score=0.810 nombre=False saint_only=False terr= phase=relegated
2026-07-29 15:34:03 - matching_Tlaxcala - DEBUG -     gz_id=9000166 'nonsacate' score=0.810 nombre=False saint_only=False terr= phase=relegated
2026-07-29 15:34:03 - matching_Tlaxcala - DEBUG -     gz_id=9900837 'ilamatech' score=0.810 nombre=False saint_only=False terr= phase=relegated
2026-07-29 15:34:03 - matching_Tlaxcala - DEBUG -     gz_id=1001763 'san antonio grande' score=0.800 nombre=False saint_only=False terr= phase=relegated
2026-07-29 15:34:03 - matching_Tlaxcala - DEBUG -     gz_id=1001910 'oxtoiucan' score=0.800 nombre=False saint_only=False terr= phase=relegated
2026-07-29 15:34:03 - matching_Tlaxcala - DEBUG -     gz_id=1004782 'sandia' score=0.800 nombre=False saint_only=False terr= phase=relegated
2026-07-29 15:34:03 - matching_Tlaxcala - DEBUG -     gz_id=1004786 'cenecu' score=0.800 nombre=False saint_only=False terr= phase=relegated
2026-07-29 15:34:03 - matching_Tlaxcala - DEBUG -     gz_id=1005149 'san antonio ramada' score=0.800 nombre=False saint_only=False terr= phase=relegated
2026-07-29 15:34:03 - matching_Tlaxcala - DEBUG -     gz_id=1005184 'medina' score=0.800 nombre=False saint_only=False terr= phase=relegated
2026-07-29 15:34:03 - matching_Tlaxcala - DEBUG -     gz_id=1005491 'san antonio solisaio' score=0.800 nombre=False saint_only=False terr= phase=relegated
2026-07-29 15:34:03 - matching_Tlaxcala - DEBUG -     gz_id=2000204 'nejapa' score=0.800 nombre=False saint_only=False terr= phase=relegated
2026-07-29 15:34:03 - matching_Tlaxcala - DEBUG -     gz_id=3000188 'chines' score=0.800 nombre=False saint_only=False terr= phase=relegated
2026-07-29 15:34:03 - matching_Tlaxcala - DEBUG -     gz_id=4000294 'caroni' score=0.800 nombre=False saint_only=False terr= phase=relegated
2026-07-29 15:34:03 - matching_Tlaxcala - DEBUG -     gz_id=4000332 'clarines' score=0.800 nombre=False saint_only=False terr= phase=relegated
2026-07-29 15:34:03 - matching_Tlaxcala - DEBUG -     gz_id=4000419 'san antonio piedra' score=0.800 nombre=False saint_only=False terr= phase=relegated
2026-07-29 15:34:03 - matching_Tlaxcala - DEBUG -     gz_id=4000483 'behuilla' score=0.800 nombre=False saint_only=False terr= phase=relegated
2026-07-29 15:34:03 - matching_Tlaxcala - DEBUG -     gz_id=5000189 'bebara' score=0.800 nombre=False saint_only=False terr= phase=relegated
2026-07-29 15:34:03 - matching_Tlaxcala - DEBUG -     gz_id=5000320 'san antonio cototama' score=0.800 nombre=False saint_only=False terr= phase=relegated
2026-07-29 15:34:03 - matching_Tlaxcala - DEBUG -     gz_id=5000627 'caratica' score=0.800 nombre=False saint_only=False terr= phase=relegated
2026-07-29 15:34:03 - matching_Tlaxcala - DEBUG -     gz_id=5600841 'sal' score=0.800 nombre=False saint_only=False terr= phase=relegated
2026-07-29 15:34:03 - matching_Tlaxcala - DEBUG -     gz_id=1001293 'necochitlan' score=0.789 nombre=False saint_only=False terr= phase=relegated
2026-07-29 15:34:03 - matching_Tlaxcala - DEBUG -     gz_id=1002311 'san antonio abad cal' score=0.789 nombre=False saint_only=False terr= phase=relegated
2026-07-29 15:34:03 - matching_Tlaxcala - DEBUG -     gz_id=1004015 'nacajuca' score=0.789 nombre=False saint_only=False terr= phase=relegated
2026-07-29 15:34:03 - matching_Tlaxcala - DEBUG -     gz_id=4000222 'acurihua' score=0.789 nombre=False saint_only=False terr= phase=relegated
2026-07-29 15:34:03 - matching_Tlaxcala - DEBUG -     gz_id=4000598 'huachara' score=0.789 nombre=False saint_only=False terr= phase=relegated
2026-07-29 15:34:03 - matching_Tlaxcala - DEBUG -     gz_id=6001548 'catalipango' score=0.789 nombre=False saint_only=False terr= phase=relegated
2026-07-29 15:34:03 - matching_Tlaxcala - DEBUG -     gz_id=8000482 'rioblanco' score=0.789 nombre=False saint_only=False terr= phase=relegated
2026-07-29 15:34:03 - matching_Tlaxcala - DEBUG -     gz_id=1000279 'julimes' score=0.788 nombre=False saint_only=False terr= phase=relegated
2026-07-29 15:34:03 - matching_Tlaxcala - DEBUG -     gz_id=1001103 'mextepec' score=0.788 nombre=False saint_only=False terr= phase=relegated
2026-07-29 15:34:03 - matching_Tlaxcala - DEBUG -     gz_id=1004175 'huatusco' score=0.788 nombre=False saint_only=False terr= phase=relegated
2026-07-29 15:34:03 - matching_Tlaxcala - DEBUG -     gz_id=1005443 'san antonio arebalo' score=0.788 nombre=False saint_only=False terr= phase=relegated
2026-07-29 15:34:03 - matching_Tlaxcala - DEBUG -     gz_id=1005460 'san antonio pueblito' score=0.788 nombre=False saint_only=False terr= phase=relegated
2026-07-29 15:34:03 - matching_Tlaxcala - DEBUG -     gz_id=2000581 'achiotes' score=0.788 nombre=False saint_only=False terr= phase=relegated
2026-07-29 15:34:03 - matching_Tlaxcala - DEBUG -     gz_id=5000635 'badillo' score=0.788 nombre=False saint_only=False terr= phase=relegated
2026-07-29 15:34:03 - matching_Tlaxcala - DEBUG -     gz_id=9900064 'motepore' score=0.788 nombre=False saint_only=False terr= phase=relegated
2026-07-29 15:34:03 - matching_Tlaxcala - DEBUG -     gz_id=4000623 'balle san antonio' score=0.786 nombre=False saint_only=False terr= phase=relegated
2026-07-29 15:34:03 - matching_Tlaxcala - DEBUG -     gz_id=1000071 'tuxcacuesco' score=0.783 nombre=False saint_only=False terr= phase=relegated
2026-07-29 15:34:03 - matching_Tlaxcala - DEBUG -     gz_id=1003180 'cacalotepec' score=0.783 nombre=False saint_only=False terr= phase=relegated
2026-07-29 15:34:03 - matching_Tlaxcala - DEBUG -     gz_id=1003120 'caiehuacan' score=0.780 nombre=False saint_only=False terr= phase=relegated
2026-07-29 15:34:03 - matching_Tlaxcala - DEBUG -     gz_id=1004040 'acuamanala' score=0.780 nombre=False saint_only=False terr= phase=relegated
2026-07-29 15:34:03 - matching_Tlaxcala - DEBUG -     gz_id=1005345 'hermitanos' score=0.778 nombre=False saint_only=False terr= phase=relegated
2026-07-29 15:34:03 - matching_Tlaxcala - DEBUG -     gz_id=2000125 'retaluleuh' score=0.778 nombre=False saint_only=False terr= phase=relegated
2026-07-29 15:34:03 - matching_Tlaxcala - DEBUG -     gz_id=4000624 'jibraltar' score=0.778 nombre=False saint_only=False terr= phase=relegated
2026-07-29 15:34:03 - matching_Tlaxcala - DEBUG -     gz_id=5600222 'lulubamba' score=0.778 nombre=False saint_only=False terr= phase=relegated
2026-07-29 15:34:03 - matching_Tlaxcala - DEBUG -     gz_id=9000132 'hualehuai' score=0.778 nombre=False saint_only=False terr= phase=relegated
2026-07-29 15:34:03 - matching_Tlaxcala - DEBUG -     gz_id=2000454 'san antonio masahua' score=0.774 nombre=False saint_only=False terr= phase=relegated
2026-07-29 15:34:03 - matching_Tlaxcala - DEBUG -     gz_id=3000211 'huaiama' score=0.774 nombre=False saint_only=False terr= phase=relegated
2026-07-29 15:34:03 - matching_Tlaxcala - DEBUG -     gz_id=3000216 'fajardo' score=0.774 nombre=False saint_only=False terr= phase=relegated
2026-07-29 15:34:03 - matching_Tlaxcala - DEBUG -     gz_id=5000102 'pereira' score=0.774 nombre=False saint_only=False terr= phase=relegated
2026-07-29 15:34:03 - matching_Tlaxcala - DEBUG -     gz_id=5000605 'rioceco' score=0.774 nombre=False saint_only=False terr= phase=relegated
2026-07-29 15:34:03 - matching_Tlaxcala - DEBUG -     gz_id=5000670 'carraji' score=0.774 nombre=False saint_only=False terr= phase=relegated
2026-07-29 15:34:03 - matching_Tlaxcala - DEBUG -     gz_id=1001170 'acahualco' score=0.769 nombre=False saint_only=False terr= phase=relegated
2026-07-29 15:34:03 - matching_Tlaxcala - DEBUG -     gz_id=1002008 'charapan' score=0.769 nombre=False saint_only=False terr= phase=relegated
2026-07-29 15:34:03 - matching_Tlaxcala - DEBUG -     gz_id=1003584 'ahuanapa' score=0.769 nombre=False saint_only=False terr= phase=relegated
2026-07-29 15:34:03 - matching_Tlaxcala - DEBUG -     gz_id=3000031 'rioblanco norte' score=0.769 nombre=False saint_only=False terr= phase=relegated
2026-07-29 15:34:03 - matching_Tlaxcala - DEBUG -     gz_id=5000420 'arihuani' score=0.769 nombre=False saint_only=False terr= phase=relegated
2026-07-29 15:34:03 - matching_Tlaxcala - DEBUG -     gz_id=8000206 'san antonio esquilache' score=0.769 nombre=False saint_only=False terr= phase=relegated
2026-07-29 15:34:03 - matching_Tlaxcala - DEBUG -     gz_id=9900574 'antonio tomas' score=0.769 nombre=False saint_only=False terr= phase=relegated
2026-07-29 15:34:03 - matching_Tlaxcala - DEBUG -     gz_id=9900643 'antonio tihua' score=0.769 nombre=False saint_only=False terr= phase=relegated
2026-07-29 15:34:03 - matching_Tlaxcala - DEBUG -     gz_id=1001753 'cuautepec' score=0.765 nombre=False saint_only=False terr= phase=relegated
2026-07-29 15:34:03 - matching_Tlaxcala - DEBUG -     gz_id=1004811 'puliques' score=0.765 nombre=False saint_only=False terr= phase=relegated
2026-07-29 15:34:03 - matching_Tlaxcala - DEBUG -     gz_id=1005043 'san antonio bucareli' score=0.765 nombre=False saint_only=False terr= phase=relegated
2026-07-29 15:34:03 - matching_Tlaxcala - DEBUG -     gz_id=7000055 'ciruelos' score=0.765 nombre=False saint_only=False terr= phase=relegated
2026-07-29 15:34:03 - matching_Tlaxcala - DEBUG -     gz_id=9900082 'pitic' score=0.765 nombre=False saint_only=False terr= phase=relegated
2026-07-29 15:34:03 - matching_Tlaxcala - DEBUG -     gz_id=1000533 'tequepexpan' score=0.762 nombre=False saint_only=False terr= phase=relegated
2026-07-29 15:34:03 - matching_Tlaxcala - DEBUG -     gz_id=1001794 'cinhuilucan' score=0.762 nombre=False saint_only=False terr= phase=relegated
2026-07-29 15:34:03 - matching_Tlaxcala - DEBUG -     gz_id=1003242 'istlachinampa' score=0.762 nombre=False saint_only=False terr= phase=relegated
2026-07-29 15:34:03 - matching_Tlaxcala - DEBUG -     gz_id=2000034 'barrio san antonio' score=0.759 nombre=False saint_only=False terr= phase=relegated
2026-07-29 15:34:03 - matching_Tlaxcala - DEBUG -     gz_id=9000551 'perico san antonio' score=0.759 nombre=False saint_only=False terr= phase=relegated
2026-07-29 15:34:03 - matching_Tlaxcala - DEBUG -     gz_id=1001696 'buenabista' score=0.757 nombre=False saint_only=False terr= phase=relegated
2026-07-29 15:34:03 - matching_Tlaxcala - DEBUG -     gz_id=1002120 'huarachita' score=0.757 nombre=False saint_only=False terr= phase=relegated
2026-07-29 15:34:03 - matching_Tlaxcala - DEBUG -     gz_id=1004972 'lahunillas' score=0.757 nombre=False saint_only=False terr= phase=relegated
2026-07-29 15:34:03 - matching_Tlaxcala - DEBUG -     gz_id=2000410 'ilotenango' score=0.757 nombre=False saint_only=False terr= phase=relegated
2026-07-29 15:34:03 - matching_Tlaxcala - DEBUG -     gz_id=5600023 'iahuachi' score=0.757 nombre=False saint_only=False terr= phase=relegated
2026-07-29 15:34:03 - matching_Tlaxcala - DEBUG -     gz_id=9901084 'punta rasa' score=0.757 nombre=False saint_only=False terr= phase=relegated
2026-07-29 15:34:03 - matching_Tlaxcala - DEBUG -     gz_id=2000480 'cuscatancingo' score=0.756 nombre=False saint_only=False terr= phase=relegated
2026-07-29 15:34:03 - matching_Tlaxcala - DEBUG -     gz_id=1000031 'cuencame' score=0.750 nombre=False saint_only=False terr= phase=relegated
2026-07-29 15:34:03 - matching_Tlaxcala - DEBUG -     gz_id=1000808 'soiacingo' score=0.750 nombre=False saint_only=False terr= phase=relegated
2026-07-29 15:34:03 - matching_Tlaxcala - DEBUG -     gz_id=1004382 'hopelchen' score=0.750 nombre=False saint_only=False terr= phase=relegated
2026-07-29 15:34:03 - matching_Tlaxcala - DEBUG -     gz_id=1004943 'punta lampasos' score=0.750 nombre=False saint_only=False terr= phase=relegated
2026-07-29 15:34:03 - matching_Tlaxcala - DEBUG -     gz_id=1004977 'huaiabos' score=0.750 nombre=False saint_only=False terr= phase=relegated
2026-07-29 15:34:03 - matching_Tlaxcala - DEBUG -     gz_id=2000464 'soiapango' score=0.750 nombre=False saint_only=False terr= phase=relegated
2026-07-29 15:34:03 - matching_Tlaxcala - DEBUG -     gz_id=5000782 'san antonio riosucio' score=0.750 nombre=False saint_only=False terr= phase=relegated
2026-07-29 15:34:03 - matching_Tlaxcala - DEBUG -     gz_id=8000303 'esmoruco' score=0.750 nombre=False saint_only=False terr= phase=relegated
2026-07-29 15:34:03 - matching_Tlaxcala - DEBUG -     gz_id=1000813 'ahuacuocingo' score=0.744 nombre=False saint_only=False terr= phase=relegated
2026-07-29 15:34:03 - matching_Tlaxcala - DEBUG -     gz_id=1004525 'sahcabchen rio' score=0.744 nombre=False saint_only=False terr= phase=relegated
2026-07-29 15:34:03 - matching_Tlaxcala - DEBUG -     gz_id=1002520 'san antonio osolotepec' score=0.743 nombre=False saint_only=False terr= phase=relegated
2026-07-29 15:34:03 - matching_Tlaxcala - DEBUG -     gz_id=4000438 'huicsatono' score=0.743 nombre=False saint_only=False terr= phase=relegated
2026-07-29 15:34:03 - matching_Tlaxcala - DEBUG -     gz_id=9900294 'mamuliqui' score=0.743 nombre=False saint_only=False terr= phase=relegated
2026-07-29 15:34:03 - matching_Tlaxcala - DEBUG -     gz_id=1005101 'casas grandes' score=0.737 nombre=False saint_only=False terr= phase=relegated
2026-07-29 15:34:03 - matching_Tlaxcala - DEBUG -     gz_id=4000079 'mitare' score=0.737 nombre=False saint_only=False terr= phase=relegated
2026-07-29 15:34:03 - matching_Tlaxcala - DEBUG -     gz_id=5000168 'sabanalarga' score=0.737 nombre=False saint_only=False terr= phase=relegated
2026-07-29 15:34:03 - matching_Tlaxcala - DEBUG -     gz_id=9901145 'escanelilla' score=0.737 nombre=False saint_only=False terr= phase=relegated
2026-07-29 15:34:03 - matching_Tlaxcala - DEBUG -     gz_id=6001545 'canchahuaia' score=0.732 nombre=False saint_only=False terr= phase=relegated
2026-07-29 15:34:03 - matching_Tlaxcala - DEBUG -     gz_id=1000278 'chubiscar' score=0.727 nombre=False saint_only=False terr= phase=relegated
2026-07-29 15:34:03 - matching_Tlaxcala - DEBUG -     gz_id=1002834 'cinicahua' score=0.727 nombre=False saint_only=False terr= phase=relegated
2026-07-29 15:34:03 - matching_Tlaxcala - DEBUG -     gz_id=2000428 'ateos' score=0.727 nombre=False saint_only=False terr= phase=relegated
2026-07-29 15:34:03 - matching_Tlaxcala - DEBUG -     gz_id=4000485 'pregonero' score=0.727 nombre=False saint_only=False terr= phase=relegated
2026-07-29 15:34:03 - matching_Tlaxcala - DEBUG -     gz_id=5000252 'fortalecilla' score=0.727 nombre=False saint_only=False terr= phase=relegated
2026-07-29 15:34:03 - matching_Tlaxcala - DEBUG -     gz_id=9000267 'mburucuia' score=0.727 nombre=False saint_only=False terr= phase=relegated
2026-07-29 15:34:03 - matching_Tlaxcala - DEBUG -     gz_id=2000412 'san antonio ahuascalientes' score=0.723 nombre=False saint_only=False terr= phase=relegated
2026-07-29 15:34:03 - matching_Tlaxcala - DEBUG -     gz_id=1004068 'cuajomulco' score=0.722 nombre=False saint_only=False terr= phase=relegated
2026-07-29 15:34:03 - matching_Tlaxcala - DEBUG -     gz_id=1005370 'buen retiro' score=0.722 nombre=False saint_only=False terr= phase=relegated
2026-07-29 15:34:03 - matching_Tlaxcala - DEBUG -     gz_id=2000120 'suchiltepeque' score=0.722 nombre=False saint_only=False terr= phase=relegated
2026-07-29 15:34:03 - matching_Tlaxcala - DEBUG -     gz_id=5000025 'cimiti' score=0.722 nombre=False saint_only=False terr= phase=relegated
2026-07-29 15:34:03 - matching_Tlaxcala - DEBUG -     gz_id=9000645 'salto chico' score=0.722 nombre=False saint_only=False terr= phase=relegated
2026-07-29 15:34:03 - matching_Tlaxcala - DEBUG -     gz_id=1002672 'elojochitlan' score=0.718 nombre=False saint_only=False terr= phase=relegated
2026-07-29 15:34:03 - matching_Tlaxcala - DEBUG -     gz_id=1002679 'nanahuatipam' score=0.718 nombre=False saint_only=False terr= phase=relegated
2026-07-29 15:34:03 - matching_Tlaxcala - DEBUG -     gz_id=1003549 'ocopetlaiucan' score=0.718 nombre=False saint_only=False terr= phase=relegated
2026-07-29 15:34:03 - matching_Tlaxcala - DEBUG -     gz_id=7000338 'quirihue' score=0.718 nombre=False saint_only=False terr= phase=relegated
2026-07-29 15:34:03 - matching_Tlaxcala - DEBUG -     gz_id=1005042 'babia' score=0.714 nombre=False saint_only=False terr= phase=relegated
2026-07-29 15:34:03 - matching_Tlaxcala - DEBUG -     gz_id=1001765 'tutotepec' score=0.711 nombre=False saint_only=False terr= phase=relegated
2026-07-29 15:34:03 - matching_Tlaxcala - DEBUG -     gz_id=4000385 'huaipanacuar' score=0.711 nombre=False saint_only=False terr= phase=relegated
2026-07-29 15:34:03 - matching_Tlaxcala - DEBUG -     gz_id=5600164 'quilichao' score=0.711 nombre=False saint_only=False terr= phase=relegated
2026-07-29 15:34:03 - matching_Tlaxcala - DEBUG -     gz_id=5000427 'pinchote' score=0.708 nombre=False saint_only=False terr= phase=relegated
2026-07-29 15:34:03 - matching_Tlaxcala - DEBUG -     gz_id=2000967 'huadarrama' score=0.706 nombre=False saint_only=False terr= phase=relegated
2026-07-29 15:34:03 - matching_Tlaxcala - DEBUG -     gz_id=4000516 'curumutopo' score=0.706 nombre=False saint_only=False terr= phase=relegated
2026-07-29 15:34:03 - matching_Tlaxcala - DEBUG -     gz_id=9000250 'carolina' score=0.706 nombre=False saint_only=False terr= phase=relegated
2026-07-29 15:34:03 - matching_Tlaxcala - DEBUG -     gz_id=1003768 'chipahuatlan' score=0.703 nombre=False saint_only=False terr= phase=relegated
2026-07-29 15:34:03 - matching_Tlaxcala - INFO -   Before dedup: 260 candidates
2026-07-29 15:34:03 - matching_Tlaxcala - INFO -   After dedup: 260 unique gz_ids
2026-07-29 15:34:03 - matching_Tlaxcala - INFO -   Input has territorial data: False
2026-07-29 15:34:03 - matching_Tlaxcala - INFO -   Candidates with territory match: 0
2026-07-29 15:34:03 - matching_Tlaxcala - INFO -   No territorial filtering applied (no input territorial data)
2026-07-29 15:34:03 - matching_Tlaxcala - INFO -   Nombre matches (exact on lugar_nombre): 0
2026-07-29 15:34:03 - matching_Tlaxcala - INFO -   Saint-only matches: 0
2026-07-29 15:34:03 - matching_Tlaxcala - INFO -   Substantive matches: 260
2026-07-29 15:34:03 - matching_Tlaxcala - INFO -   Candidate pool (>= threshold): 84
2026-07-29 15:34:03 - matching_Tlaxcala - INFO -   84 candidate(s) -> candidate
2026-07-29 15:34:03 - matching_Tlaxcala - INFO -   rowID=222: found at step 'no_partido_jurisdiccion'
2026-07-29 15:34:03 - matching_Tlaxcala - INFO - 
============================================================
2026-07-29 15:34:03 - matching_Tlaxcala - INFO - Processing rowID=224: 'Las Ánimas' -> cleaned: 'animas'
2026-07-29 15:34:03 - matching_Tlaxcala - INFO -   Territorial context: (none)='' -> allowed rows: all
2026-07-29 15:34:03 - matching_Tlaxcala - INFO -   Token-based candidates: 7
2026-07-29 15:34:03 - matching_Tlaxcala - INFO -   Fuzzy matches (score >= 70, limit=500): 7
2026-07-29 15:34:03 - matching_Tlaxcala - DEBUG -     gz_id=9900277 'monte minas' score=1.000 nombre=False saint_only=False terr= phase=auto_adopt
2026-07-29 15:34:03 - matching_Tlaxcala - DEBUG -     gz_id=9000492 'animas' score=1.000 nombre=True saint_only=False terr= phase=auto_adopt
2026-07-29 15:34:03 - matching_Tlaxcala - DEBUG -     gz_id=1005438 'san joce animas' score=1.000 nombre=False saint_only=False terr= phase=auto_adopt
2026-07-29 15:34:03 - matching_Tlaxcala - DEBUG -     gz_id=1005312 'animas' score=1.000 nombre=True saint_only=False terr= phase=auto_adopt
2026-07-29 15:34:03 - matching_Tlaxcala - DEBUG -     gz_id=9900062 'san joce i animas' score=1.000 nombre=False saint_only=False terr= phase=auto_adopt
2026-07-29 15:34:03 - matching_Tlaxcala - DEBUG -     gz_id=1005444 'animas' score=1.000 nombre=True saint_only=False terr= phase=auto_adopt
2026-07-29 15:34:03 - matching_Tlaxcala - DEBUG -     gz_id=4000307 'aima' score=0.800 nombre=False saint_only=False terr= phase=relegated
2026-07-29 15:34:03 - matching_Tlaxcala - INFO -   Before dedup: 7 candidates
2026-07-29 15:34:03 - matching_Tlaxcala - INFO -   After dedup: 7 unique gz_ids
2026-07-29 15:34:03 - matching_Tlaxcala - INFO -   Input has territorial data: False
2026-07-29 15:34:03 - matching_Tlaxcala - INFO -   Candidates with territory match: 0
2026-07-29 15:34:03 - matching_Tlaxcala - INFO -   No territorial filtering applied (no input territorial data)
2026-07-29 15:34:03 - matching_Tlaxcala - INFO -   Nombre matches (exact on lugar_nombre): 3
2026-07-29 15:34:03 - matching_Tlaxcala - INFO -   Saint-only matches: 0
2026-07-29 15:34:03 - matching_Tlaxcala - INFO -   Substantive matches: 7
2026-07-29 15:34:03 - matching_Tlaxcala - INFO -   NOMBRE PRIORITY: Keeping ONLY 3 nombre matches, discarding 4 others
2026-07-29 15:34:03 - matching_Tlaxcala - INFO -      gz_id=9000492: Las Animas
2026-07-29 15:34:03 - matching_Tlaxcala - INFO -      gz_id=1005312: Las Animas
2026-07-29 15:34:03 - matching_Tlaxcala - INFO -      gz_id=1005444: Animas
2026-07-29 15:34:03 - matching_Tlaxcala - INFO -   Candidate pool (>= threshold): 3
2026-07-29 15:34:03 - matching_Tlaxcala - INFO -   3 candidate(s) -> candidate
2026-07-29 15:34:03 - matching_Tlaxcala - INFO -   rowID=224: found at step 'no_partido_jurisdiccion'
2026-07-29 15:34:03 - matching_Tlaxcala - INFO - 
============================================================
2026-07-29 15:34:03 - matching_Tlaxcala - INFO - Processing rowID=226: 'Atenco' -> cleaned: 'atenco'
2026-07-29 15:34:03 - matching_Tlaxcala - INFO -   Territorial context: (none)='' -> allowed rows: all
2026-07-29 15:34:03 - matching_Tlaxcala - INFO -   Token-based candidates: 19
2026-07-29 15:34:03 - matching_Tlaxcala - INFO -   Fuzzy matches (score >= 70, limit=500): 19
2026-07-29 15:34:03 - matching_Tlaxcala - DEBUG -     gz_id=1001174 'atenco' score=1.000 nombre=False saint_only=False terr= phase=auto_adopt
2026-07-29 15:34:03 - matching_Tlaxcala - DEBUG -     gz_id=1000849 'chimalhuacan atenco' score=1.000 nombre=False saint_only=False terr= phase=auto_adopt
2026-07-29 15:34:03 - matching_Tlaxcala - DEBUG -     gz_id=1001434 'san andres' score=1.000 nombre=False saint_only=False terr= phase=auto_adopt
2026-07-29 15:34:03 - matching_Tlaxcala - DEBUG -     gz_id=1001638 'atenco' score=1.000 nombre=False saint_only=False terr= phase=auto_adopt
2026-07-29 15:34:03 - matching_Tlaxcala - DEBUG -     gz_id=8000401 'aten' score=1.000 nombre=False saint_only=False terr= phase=auto_adopt
2026-07-29 15:34:03 - matching_Tlaxcala - DEBUG -     gz_id=1003300 'atenco' score=1.000 nombre=False saint_only=False terr= phase=auto_adopt
2026-07-29 15:34:03 - matching_Tlaxcala - DEBUG -     gz_id=1003365 'tlatenco' score=1.000 nombre=False saint_only=False terr= phase=auto_adopt
2026-07-29 15:34:03 - matching_Tlaxcala - DEBUG -     gz_id=1003469 'caltenco' score=0.909 nombre=False saint_only=False terr= phase=auto_adopt
2026-07-29 15:34:03 - matching_Tlaxcala - DEBUG -     gz_id=1000794 'tlaltenco' score=0.909 nombre=False saint_only=False terr= phase=auto_adopt
2026-07-29 15:34:03 - matching_Tlaxcala - DEBUG -     gz_id=2000255 'tencoa' score=0.909 nombre=False saint_only=False terr= phase=auto_adopt
2026-07-29 15:34:03 - matching_Tlaxcala - DEBUG -     gz_id=1001927 'jaltenco' score=0.909 nombre=False saint_only=False terr= phase=auto_adopt
2026-07-29 15:34:03 - matching_Tlaxcala - DEBUG -     gz_id=7000351 'maitenco' score=0.909 nombre=False saint_only=False terr= phase=auto_adopt
2026-07-29 15:34:03 - matching_Tlaxcala - DEBUG -     gz_id=1001807 'cuautenco' score=0.909 nombre=False saint_only=False terr= phase=auto_adopt
2026-07-29 15:34:03 - matching_Tlaxcala - DEBUG -     gz_id=6000675 'anco' score=0.857 nombre=False saint_only=False terr= phase=candidate
2026-07-29 15:34:03 - matching_Tlaxcala - DEBUG -     gz_id=6000390 'anco' score=0.857 nombre=False saint_only=False terr= phase=candidate
2026-07-29 15:34:03 - matching_Tlaxcala - DEBUG -     gz_id=1000422 'atengo' score=0.833 nombre=False saint_only=False terr= phase=relegated
2026-07-29 15:34:03 - matching_Tlaxcala - DEBUG -     gz_id=1001613 'atengo' score=0.833 nombre=False saint_only=False terr= phase=relegated
2026-07-29 15:34:03 - matching_Tlaxcala - DEBUG -     gz_id=1002128 'teco' score=0.800 nombre=False saint_only=False terr= phase=relegated
2026-07-29 15:34:03 - matching_Tlaxcala - DEBUG -     gz_id=7000120 'teno' score=0.750 nombre=False saint_only=False terr= phase=relegated
2026-07-29 15:34:03 - matching_Tlaxcala - INFO -   Before dedup: 19 candidates
2026-07-29 15:34:03 - matching_Tlaxcala - INFO -   After dedup: 19 unique gz_ids
2026-07-29 15:34:03 - matching_Tlaxcala - INFO -   Input has territorial data: False
2026-07-29 15:34:03 - matching_Tlaxcala - INFO -   Candidates with territory match: 0
2026-07-29 15:34:03 - matching_Tlaxcala - INFO -   No territorial filtering applied (no input territorial data)
2026-07-29 15:34:03 - matching_Tlaxcala - INFO -   Nombre matches (exact on lugar_nombre): 0
2026-07-29 15:34:03 - matching_Tlaxcala - INFO -   Saint-only matches: 0
2026-07-29 15:34:03 - matching_Tlaxcala - INFO -   Substantive matches: 19
2026-07-29 15:34:03 - matching_Tlaxcala - INFO -   Candidate pool (>= threshold): 15
2026-07-29 15:34:03 - matching_Tlaxcala - INFO -   15 candidate(s) -> candidate
2026-07-29 15:34:03 - matching_Tlaxcala - INFO -   rowID=226: found at step 'no_partido_jurisdiccion'
2026-07-29 15:34:03 - matching_Tlaxcala - INFO - 
============================================================
2026-07-29 15:34:03 - matching_Tlaxcala - INFO - Processing rowID=227: 'Tenexaque' -> cleaned: 'tenejaque'
2026-07-29 15:34:03 - matching_Tlaxcala - INFO -   Territorial context: (none)='' -> allowed rows: all
2026-07-29 15:34:03 - matching_Tlaxcala - INFO -   Token-based candidates: 0
2026-07-29 15:34:03 - matching_Tlaxcala - WARNING -   No candidates found - relegated
2026-07-29 15:34:03 - matching_Tlaxcala - INFO - 
============================================================
2026-07-29 15:34:03 - matching_Tlaxcala - INFO - Processing rowID=227: 'Tenexaque' -> cleaned: 'tenejaque'
2026-07-29 15:34:03 - matching_Tlaxcala - INFO -   Territorial context: (none)='' -> allowed rows: all
2026-07-29 15:34:03 - matching_Tlaxcala - INFO -   Token-based candidates: 0
2026-07-29 15:34:03 - matching_Tlaxcala - WARNING -   No candidates found - relegated
2026-07-29 15:34:03 - matching_Tlaxcala - INFO - 
============================================================
2026-07-29 15:34:03 - matching_Tlaxcala - INFO - Processing rowID=227: 'Tenexaque' -> cleaned: 'tenejaque'
2026-07-29 15:34:03 - matching_Tlaxcala - INFO -   Territorial context: (none)='' -> allowed rows: all
2026-07-29 15:34:03 - matching_Tlaxcala - INFO -   Token-based candidates: 0
2026-07-29 15:34:03 - matching_Tlaxcala - WARNING -   No candidates found - relegated
2026-07-29 15:34:03 - matching_Tlaxcala - INFO - 
============================================================
2026-07-29 15:34:03 - matching_Tlaxcala - INFO - Processing rowID=228: 'La Mancera' -> cleaned: 'mancera'
2026-07-29 15:34:03 - matching_Tlaxcala - INFO -   Territorial context: (none)='' -> allowed rows: all
2026-07-29 15:34:03 - matching_Tlaxcala - INFO -   Token-based candidates: 3
2026-07-29 15:34:03 - matching_Tlaxcala - INFO -   Fuzzy matches (score >= 70, limit=500): 3
2026-07-29 15:34:03 - matching_Tlaxcala - DEBUG -     gz_id=5600034 'ancerma bieja' score=0.857 nombre=False saint_only=False terr= phase=candidate
2026-07-29 15:34:03 - matching_Tlaxcala - DEBUG -     gz_id=5600036 'ancerma' score=0.857 nombre=False saint_only=False terr= phase=candidate
2026-07-29 15:34:03 - matching_Tlaxcala - DEBUG -     gz_id=6001476 'mancora' score=0.857 nombre=False saint_only=False terr= phase=candidate
2026-07-29 15:34:03 - matching_Tlaxcala - INFO -   Before dedup: 3 candidates
2026-07-29 15:34:03 - matching_Tlaxcala - INFO -   After dedup: 3 unique gz_ids
2026-07-29 15:34:03 - matching_Tlaxcala - INFO -   Input has territorial data: False
2026-07-29 15:34:03 - matching_Tlaxcala - INFO -   Candidates with territory match: 0
2026-07-29 15:34:03 - matching_Tlaxcala - INFO -   No territorial filtering applied (no input territorial data)
2026-07-29 15:34:03 - matching_Tlaxcala - INFO -   Nombre matches (exact on lugar_nombre): 0
2026-07-29 15:34:03 - matching_Tlaxcala - INFO -   Saint-only matches: 0
2026-07-29 15:34:03 - matching_Tlaxcala - INFO -   Substantive matches: 3
2026-07-29 15:34:03 - matching_Tlaxcala - INFO -   Candidate pool (>= threshold): 3
2026-07-29 15:34:03 - matching_Tlaxcala - INFO -   3 candidate(s) -> candidate
2026-07-29 15:34:03 - matching_Tlaxcala - INFO -   rowID=228: found at step 'no_partido_jurisdiccion'
2026-07-29 15:34:03 - matching_Tlaxcala - INFO - 
============================================================
2026-07-29 15:34:03 - matching_Tlaxcala - INFO - Processing rowID=229: 'Barranca Seca' -> cleaned: 'barranca ceca'
2026-07-29 15:34:03 - matching_Tlaxcala - INFO -   Territorial context: (none)='' -> allowed rows: all
2026-07-29 15:34:03 - matching_Tlaxcala - INFO -   Token-based candidates: 28
2026-07-29 15:34:03 - matching_Tlaxcala - INFO -   Filtering: need match on substantive tokens: ['barranca', 'ceca'] OR 2+ total tokens
2026-07-29 15:34:03 - matching_Tlaxcala - INFO -   After filtering weak token matches: 10 candidates
2026-07-29 15:34:03 - matching_Tlaxcala - INFO -   Fuzzy matches (score >= 70, limit=500): 10
2026-07-29 15:34:03 - matching_Tlaxcala - DEBUG -     gz_id=5600281 'pucabarranca' score=1.000 nombre=False saint_only=False terr= phase=auto_adopt
2026-07-29 15:34:03 - matching_Tlaxcala - DEBUG -     gz_id=5000104 'barranca nueba' score=1.000 nombre=False saint_only=False terr= phase=auto_adopt
2026-07-29 15:34:03 - matching_Tlaxcala - DEBUG -     gz_id=6000771 'barranca' score=1.000 nombre=False saint_only=False terr= phase=auto_adopt
2026-07-29 15:34:03 - matching_Tlaxcala - DEBUG -     gz_id=5000581 'barranca bieja' score=0.818 nombre=False saint_only=False terr= phase=relegated
2026-07-29 15:34:03 - matching_Tlaxcala - DEBUG -     gz_id=1005012 'lahuna ceca' score=0.800 nombre=False saint_only=False terr= phase=relegated
2026-07-29 15:34:03 - matching_Tlaxcala - DEBUG -     gz_id=2000703 'quebrada ceca' score=0.783 nombre=False saint_only=False terr= phase=relegated
2026-07-29 15:34:03 - matching_Tlaxcala - DEBUG -     gz_id=4000543 'quebrada ceca' score=0.783 nombre=False saint_only=False terr= phase=relegated
2026-07-29 15:34:03 - matching_Tlaxcala - DEBUG -     gz_id=8000009 'santa crus' score=0.762 nombre=False saint_only=False terr= phase=relegated
2026-07-29 15:34:03 - matching_Tlaxcala - DEBUG -     gz_id=1000060 'san cristobal barranca' score=0.762 nombre=False saint_only=False terr= phase=relegated
2026-07-29 15:34:03 - matching_Tlaxcala - DEBUG -     gz_id=1004029 'tamulte' score=0.762 nombre=False saint_only=False terr= phase=relegated
2026-07-29 15:34:03 - matching_Tlaxcala - INFO -   Before dedup: 10 candidates
2026-07-29 15:34:03 - matching_Tlaxcala - INFO -   After dedup: 10 unique gz_ids
2026-07-29 15:34:03 - matching_Tlaxcala - INFO -   Input has territorial data: False
2026-07-29 15:34:03 - matching_Tlaxcala - INFO -   Candidates with territory match: 0
2026-07-29 15:34:03 - matching_Tlaxcala - INFO -   No territorial filtering applied (no input territorial data)
2026-07-29 15:34:03 - matching_Tlaxcala - INFO -   Nombre matches (exact on lugar_nombre): 0
2026-07-29 15:34:03 - matching_Tlaxcala - INFO -   Saint-only matches: 0
2026-07-29 15:34:03 - matching_Tlaxcala - INFO -   Substantive matches: 10
2026-07-29 15:34:03 - matching_Tlaxcala - INFO -   Candidate pool (>= threshold): 3
2026-07-29 15:34:03 - matching_Tlaxcala - INFO -   3 candidate(s) -> candidate
2026-07-29 15:34:03 - matching_Tlaxcala - INFO -   rowID=229: found at step 'no_partido_jurisdiccion'
2026-07-29 15:34:03 - matching_Tlaxcala - INFO - 
============================================================
2026-07-29 15:34:03 - matching_Tlaxcala - INFO - Processing rowID=230: 'Totolcuesco' -> cleaned: 'totolcuesco'
2026-07-29 15:34:03 - matching_Tlaxcala - INFO -   Territorial context: (none)='' -> allowed rows: all
2026-07-29 15:34:03 - matching_Tlaxcala - INFO -   Token-based candidates: 0
2026-07-29 15:34:03 - matching_Tlaxcala - WARNING -   No candidates found - relegated
2026-07-29 15:34:03 - matching_Tlaxcala - INFO - 
============================================================
2026-07-29 15:34:03 - matching_Tlaxcala - INFO - Processing rowID=230: 'Totolcuesco' -> cleaned: 'totolcuesco'
2026-07-29 15:34:03 - matching_Tlaxcala - INFO -   Territorial context: (none)='' -> allowed rows: all
2026-07-29 15:34:03 - matching_Tlaxcala - INFO -   Token-based candidates: 0
2026-07-29 15:34:03 - matching_Tlaxcala - WARNING -   No candidates found - relegated
2026-07-29 15:34:03 - matching_Tlaxcala - INFO - 
============================================================
2026-07-29 15:34:03 - matching_Tlaxcala - INFO - Processing rowID=230: 'Totolcuesco' -> cleaned: 'totolcuesco'
2026-07-29 15:34:03 - matching_Tlaxcala - INFO -   Territorial context: (none)='' -> allowed rows: all
2026-07-29 15:34:03 - matching_Tlaxcala - INFO -   Token-based candidates: 0
2026-07-29 15:34:03 - matching_Tlaxcala - WARNING -   No candidates found - relegated
2026-07-29 15:34:03 - matching_Tlaxcala - INFO - Processing row 230, rowID=231
2026-07-29 15:34:03 - matching_Tlaxcala - INFO - 
============================================================
2026-07-29 15:34:03 - matching_Tlaxcala - INFO - Processing rowID=231: 'Atlixtaca' -> cleaned: 'atlixtaca'
2026-07-29 15:34:03 - matching_Tlaxcala - INFO -   Territorial context: (none)='' -> allowed rows: all
2026-07-29 15:34:03 - matching_Tlaxcala - INFO -   Token-based candidates: 4
2026-07-29 15:34:03 - matching_Tlaxcala - INFO -   Fuzzy matches (score >= 70, limit=500): 4
2026-07-29 15:34:03 - matching_Tlaxcala - DEBUG -     gz_id=1003661 'atlixtac' score=1.000 nombre=False saint_only=False terr= phase=auto_adopt
2026-07-29 15:34:03 - matching_Tlaxcala - DEBUG -     gz_id=1003301 'atixtaca' score=0.941 nombre=False saint_only=False terr= phase=auto_adopt
2026-07-29 15:34:03 - matching_Tlaxcala - DEBUG -     gz_id=1000948 'telixtac' score=0.875 nombre=False saint_only=False terr= phase=candidate
2026-07-29 15:34:03 - matching_Tlaxcala - DEBUG -     gz_id=1001680 'atliaca' score=0.875 nombre=False saint_only=False terr= phase=candidate
2026-07-29 15:34:03 - matching_Tlaxcala - INFO -   Before dedup: 4 candidates
2026-07-29 15:34:03 - matching_Tlaxcala - INFO -   After dedup: 4 unique gz_ids
2026-07-29 15:34:03 - matching_Tlaxcala - INFO -   Input has territorial data: False
2026-07-29 15:34:03 - matching_Tlaxcala - INFO -   Candidates with territory match: 0
2026-07-29 15:34:03 - matching_Tlaxcala - INFO -   No territorial filtering applied (no input territorial data)
2026-07-29 15:34:03 - matching_Tlaxcala - INFO -   Nombre matches (exact on lugar_nombre): 0
2026-07-29 15:34:03 - matching_Tlaxcala - INFO -   Saint-only matches: 0
2026-07-29 15:34:03 - matching_Tlaxcala - INFO -   Substantive matches: 4
2026-07-29 15:34:03 - matching_Tlaxcala - INFO -   Candidate pool (>= threshold): 4
2026-07-29 15:34:03 - matching_Tlaxcala - INFO -   4 candidate(s) -> candidate
2026-07-29 15:34:03 - matching_Tlaxcala - INFO -   rowID=231: found at step 'no_partido_jurisdiccion'
2026-07-29 15:34:03 - matching_Tlaxcala - INFO - 
============================================================
2026-07-29 15:34:03 - matching_Tlaxcala - INFO - Processing rowID=232: 'San Jacinto Aticpaque' -> cleaned: 'san jacinto aticpaque'
2026-07-29 15:34:03 - matching_Tlaxcala - INFO -   Territorial context: (none)='' -> allowed rows: all
2026-07-29 15:34:03 - matching_Tlaxcala - INFO -   Token-based candidates: 4462
2026-07-29 15:34:03 - matching_Tlaxcala - INFO -   Filtering: need match on substantive tokens: ['jacinto', 'aticpaque'] OR 2+ total tokens
2026-07-29 15:34:04 - matching_Tlaxcala - INFO -   After filtering weak token matches: 17 candidates
2026-07-29 15:34:04 - matching_Tlaxcala - INFO -   Fuzzy matches (score >= 70, limit=500): 17
2026-07-29 15:34:04 - matching_Tlaxcala - DEBUG -     gz_id=1000857 'san anjel' score=1.000 nombre=False saint_only=False terr= phase=auto_adopt
2026-07-29 15:34:04 - matching_Tlaxcala - DEBUG -     gz_id=1002736 'san jacinto' score=1.000 nombre=False saint_only=False terr= phase=auto_adopt
2026-07-29 15:34:04 - matching_Tlaxcala - DEBUG -     gz_id=2000227 'san jacinto' score=1.000 nombre=False saint_only=False terr= phase=auto_adopt
2026-07-29 15:34:04 - matching_Tlaxcala - DEBUG -     gz_id=2000778 'san jacinto' score=1.000 nombre=False saint_only=False terr= phase=auto_adopt
2026-07-29 15:34:04 - matching_Tlaxcala - DEBUG -     gz_id=4000658 'san jacinto' score=1.000 nombre=False saint_only=False terr= phase=auto_adopt
2026-07-29 15:34:04 - matching_Tlaxcala - DEBUG -     gz_id=5000156 'san jacinto' score=1.000 nombre=False saint_only=False terr= phase=auto_adopt
2026-07-29 15:34:04 - matching_Tlaxcala - DEBUG -     gz_id=5000814 'san jacinto' score=1.000 nombre=False saint_only=False terr= phase=auto_adopt
2026-07-29 15:34:04 - matching_Tlaxcala - DEBUG -     gz_id=9000173 'san jacinto' score=1.000 nombre=False saint_only=False terr= phase=auto_adopt
2026-07-29 15:34:04 - matching_Tlaxcala - DEBUG -     gz_id=5000376 'gaira' score=0.875 nombre=False saint_only=False terr= phase=candidate
2026-07-29 15:34:04 - matching_Tlaxcala - DEBUG -     gz_id=1002282 'amilpas' score=0.865 nombre=False saint_only=False terr= phase=candidate
2026-07-29 15:34:04 - matching_Tlaxcala - DEBUG -     gz_id=5600015 'balsar' score=0.839 nombre=False saint_only=False terr= phase=relegated
2026-07-29 15:34:04 - matching_Tlaxcala - DEBUG -     gz_id=1002306 'lachila' score=0.824 nombre=False saint_only=False terr= phase=relegated
2026-07-29 15:34:04 - matching_Tlaxcala - DEBUG -     gz_id=1002247 'san jacinto ocotlan' score=0.812 nombre=False saint_only=False terr= phase=relegated
2026-07-29 15:34:04 - matching_Tlaxcala - DEBUG -     gz_id=1003026 'iabeloji' score=0.800 nombre=False saint_only=False terr= phase=relegated
2026-07-29 15:34:04 - matching_Tlaxcala - DEBUG -     gz_id=5600105 'chongon' score=0.774 nombre=False saint_only=False terr= phase=relegated
2026-07-29 15:34:04 - matching_Tlaxcala - DEBUG -     gz_id=2000014 'ococingo' score=0.750 nombre=False saint_only=False terr= phase=relegated
2026-07-29 15:34:04 - matching_Tlaxcala - DEBUG -     gz_id=2000421 'san jacinto jilotepeque' score=0.743 nombre=False saint_only=False terr= phase=relegated
2026-07-29 15:34:04 - matching_Tlaxcala - INFO -   Before dedup: 17 candidates
2026-07-29 15:34:04 - matching_Tlaxcala - INFO -   After dedup: 17 unique gz_ids
2026-07-29 15:34:04 - matching_Tlaxcala - INFO -   Input has territorial data: False
2026-07-29 15:34:04 - matching_Tlaxcala - INFO -   Candidates with territory match: 0
2026-07-29 15:34:04 - matching_Tlaxcala - INFO -   No territorial filtering applied (no input territorial data)
2026-07-29 15:34:04 - matching_Tlaxcala - INFO -   Nombre matches (exact on lugar_nombre): 0
2026-07-29 15:34:04 - matching_Tlaxcala - INFO -   Saint-only matches: 0
2026-07-29 15:34:04 - matching_Tlaxcala - INFO -   Substantive matches: 17
2026-07-29 15:34:04 - matching_Tlaxcala - INFO -   Candidate pool (>= threshold): 10
2026-07-29 15:34:04 - matching_Tlaxcala - INFO -   10 candidate(s) -> candidate
2026-07-29 15:34:04 - matching_Tlaxcala - INFO -   rowID=232: found at step 'no_partido_jurisdiccion'
2026-07-29 15:34:04 - matching_Tlaxcala - INFO - 
============================================================
2026-07-29 15:34:04 - matching_Tlaxcala - INFO - Processing rowID=233: 'Gucicalco' -> cleaned: 'hucicalco'
2026-07-29 15:34:04 - matching_Tlaxcala - INFO -   Territorial context: (none)='' -> allowed rows: all
2026-07-29 15:34:04 - matching_Tlaxcala - INFO -   Token-based candidates: 0
2026-07-29 15:34:04 - matching_Tlaxcala - WARNING -   No candidates found - relegated
2026-07-29 15:34:04 - matching_Tlaxcala - INFO - 
============================================================
2026-07-29 15:34:04 - matching_Tlaxcala - INFO - Processing rowID=233: 'Gucicalco' -> cleaned: 'hucicalco'
2026-07-29 15:34:04 - matching_Tlaxcala - INFO -   Territorial context: (none)='' -> allowed rows: all
2026-07-29 15:34:04 - matching_Tlaxcala - INFO -   Token-based candidates: 0
2026-07-29 15:34:04 - matching_Tlaxcala - WARNING -   No candidates found - relegated
2026-07-29 15:34:04 - matching_Tlaxcala - INFO - 
============================================================
2026-07-29 15:34:04 - matching_Tlaxcala - INFO - Processing rowID=233: 'Gucicalco' -> cleaned: 'hucicalco'
2026-07-29 15:34:04 - matching_Tlaxcala - INFO -   Territorial context: (none)='' -> allowed rows: all
2026-07-29 15:34:04 - matching_Tlaxcala - INFO -   Token-based candidates: 0
2026-07-29 15:34:04 - matching_Tlaxcala - WARNING -   No candidates found - relegated
2026-07-29 15:34:04 - matching_Tlaxcala - INFO - 
============================================================
2026-07-29 15:34:04 - matching_Tlaxcala - INFO - Processing rowID=234: 'Cobalonga' -> cleaned: 'cobalonga'
2026-07-29 15:34:04 - matching_Tlaxcala - INFO -   Territorial context: (none)='' -> allowed rows: all
2026-07-29 15:34:04 - matching_Tlaxcala - INFO -   Token-based candidates: 1
2026-07-29 15:34:04 - matching_Tlaxcala - INFO -   Fuzzy matches (score >= 70, limit=500): 1
2026-07-29 15:34:04 - matching_Tlaxcala - DEBUG -     gz_id=1005428 'cobadonga' score=0.889 nombre=False saint_only=False terr= phase=candidate
2026-07-29 15:34:04 - matching_Tlaxcala - INFO -   Before dedup: 1 candidates
2026-07-29 15:34:04 - matching_Tlaxcala - INFO -   After dedup: 1 unique gz_ids
2026-07-29 15:34:04 - matching_Tlaxcala - INFO -   Input has territorial data: False
2026-07-29 15:34:04 - matching_Tlaxcala - INFO -   Candidates with territory match: 0
2026-07-29 15:34:04 - matching_Tlaxcala - INFO -   No territorial filtering applied (no input territorial data)
2026-07-29 15:34:04 - matching_Tlaxcala - INFO -   Nombre matches (exact on lugar_nombre): 0
2026-07-29 15:34:04 - matching_Tlaxcala - INFO -   Saint-only matches: 0
2026-07-29 15:34:04 - matching_Tlaxcala - INFO -   Substantive matches: 1
2026-07-29 15:34:04 - matching_Tlaxcala - INFO -   Candidate pool (>= threshold): 1
2026-07-29 15:34:04 - matching_Tlaxcala - INFO -   1 candidate(s) -> candidate
2026-07-29 15:34:04 - matching_Tlaxcala - INFO -   rowID=234: found at step 'no_partido_jurisdiccion'
2026-07-29 15:34:04 - matching_Tlaxcala - INFO - 
============================================================
2026-07-29 15:34:04 - matching_Tlaxcala - INFO - Processing rowID=235: 'Atecosco' -> cleaned: 'atecosco'
2026-07-29 15:34:04 - matching_Tlaxcala - INFO -   Territorial context: (none)='' -> allowed rows: all
2026-07-29 15:34:04 - matching_Tlaxcala - INFO -   Token-based candidates: 4
2026-07-29 15:34:04 - matching_Tlaxcala - INFO -   Fuzzy matches (score >= 70, limit=500): 4
2026-07-29 15:34:04 - matching_Tlaxcala - DEBUG -     gz_id=1001225 'atecoxco' score=0.875 nombre=False saint_only=False terr= phase=candidate
2026-07-29 15:34:04 - matching_Tlaxcala - DEBUG -     gz_id=1001226 'atecoxco' score=0.875 nombre=False saint_only=False terr= phase=candidate
2026-07-29 15:34:04 - matching_Tlaxcala - DEBUG -     gz_id=1000107 'texcoco' score=0.857 nombre=False saint_only=False terr= phase=candidate
2026-07-29 15:34:04 - matching_Tlaxcala - DEBUG -     gz_id=2000291 'tecuaco' score=0.857 nombre=False saint_only=False terr= phase=candidate
2026-07-29 15:34:04 - matching_Tlaxcala - INFO -   Before dedup: 4 candidates
2026-07-29 15:34:04 - matching_Tlaxcala - INFO -   After dedup: 4 unique gz_ids
2026-07-29 15:34:04 - matching_Tlaxcala - INFO -   Input has territorial data: False
2026-07-29 15:34:04 - matching_Tlaxcala - INFO -   Candidates with territory match: 0
2026-07-29 15:34:04 - matching_Tlaxcala - INFO -   No territorial filtering applied (no input territorial data)
2026-07-29 15:34:04 - matching_Tlaxcala - INFO -   Nombre matches (exact on lugar_nombre): 0
2026-07-29 15:34:04 - matching_Tlaxcala - INFO -   Saint-only matches: 0
2026-07-29 15:34:04 - matching_Tlaxcala - INFO -   Substantive matches: 4
2026-07-29 15:34:04 - matching_Tlaxcala - INFO -   Candidate pool (>= threshold): 4
2026-07-29 15:34:04 - matching_Tlaxcala - INFO -   4 candidate(s) -> candidate
2026-07-29 15:34:04 - matching_Tlaxcala - INFO -   rowID=235: found at step 'no_partido_jurisdiccion'
2026-07-29 15:34:04 - matching_Tlaxcala - INFO - 
============================================================
2026-07-29 15:34:04 - matching_Tlaxcala - INFO - Processing rowID=236: 'Quichaque' -> cleaned: 'quichaque'
2026-07-29 15:34:04 - matching_Tlaxcala - INFO -   Territorial context: (none)='' -> allowed rows: all
2026-07-29 15:34:04 - matching_Tlaxcala - INFO -   Token-based candidates: 3
2026-07-29 15:34:04 - matching_Tlaxcala - INFO -   Fuzzy matches (score >= 70, limit=500): 3
2026-07-29 15:34:04 - matching_Tlaxcala - DEBUG -     gz_id=7000467 'quinchau' score=0.875 nombre=False saint_only=False terr= phase=candidate
2026-07-29 15:34:04 - matching_Tlaxcala - DEBUG -     gz_id=2000189 'santa crus quiche' score=0.800 nombre=False saint_only=False terr= phase=relegated
2026-07-29 15:34:04 - matching_Tlaxcala - DEBUG -     gz_id=5600574 'coaiquer' score=0.769 nombre=False saint_only=False terr= phase=relegated
2026-07-29 15:34:04 - matching_Tlaxcala - INFO -   Before dedup: 3 candidates
2026-07-29 15:34:04 - matching_Tlaxcala - INFO -   After dedup: 3 unique gz_ids
2026-07-29 15:34:04 - matching_Tlaxcala - INFO -   Input has territorial data: False
2026-07-29 15:34:04 - matching_Tlaxcala - INFO -   Candidates with territory match: 0
2026-07-29 15:34:04 - matching_Tlaxcala - INFO -   No territorial filtering applied (no input territorial data)
2026-07-29 15:34:04 - matching_Tlaxcala - INFO -   Nombre matches (exact on lugar_nombre): 0
2026-07-29 15:34:04 - matching_Tlaxcala - INFO -   Saint-only matches: 0
2026-07-29 15:34:04 - matching_Tlaxcala - INFO -   Substantive matches: 3
2026-07-29 15:34:04 - matching_Tlaxcala - INFO -   Candidate pool (>= threshold): 1
2026-07-29 15:34:04 - matching_Tlaxcala - INFO -   1 candidate(s) -> candidate
2026-07-29 15:34:04 - matching_Tlaxcala - INFO -   rowID=236: found at step 'no_partido_jurisdiccion'
2026-07-29 15:34:04 - matching_Tlaxcala - INFO - 
============================================================
2026-07-29 15:34:04 - matching_Tlaxcala - INFO - Processing rowID=237: 'X.l...npusco' -> cleaned: 'x l npusco'
2026-07-29 15:34:04 - matching_Tlaxcala - INFO -   Territorial context: (none)='' -> allowed rows: all
2026-07-29 15:34:04 - matching_Tlaxcala - INFO -   Token-based candidates: 1
2026-07-29 15:34:04 - matching_Tlaxcala - INFO -   Filtering: need match on substantive tokens: ['npusco'] OR 2+ total tokens
2026-07-29 15:34:04 - matching_Tlaxcala - INFO -   Fuzzy matches (score >= 70, limit=500): 1
2026-07-29 15:34:04 - matching_Tlaxcala - DEBUG -     gz_id=6001580 'unpuco' score=0.833 nombre=False saint_only=False terr= phase=relegated
2026-07-29 15:34:04 - matching_Tlaxcala - INFO -   Before dedup: 1 candidates
2026-07-29 15:34:04 - matching_Tlaxcala - INFO -   After dedup: 1 unique gz_ids
2026-07-29 15:34:04 - matching_Tlaxcala - INFO -   Input has territorial data: False
2026-07-29 15:34:04 - matching_Tlaxcala - INFO -   Candidates with territory match: 0
2026-07-29 15:34:04 - matching_Tlaxcala - INFO -   No territorial filtering applied (no input territorial data)
2026-07-29 15:34:04 - matching_Tlaxcala - INFO -   Nombre matches (exact on lugar_nombre): 0
2026-07-29 15:34:04 - matching_Tlaxcala - INFO -   Saint-only matches: 0
2026-07-29 15:34:04 - matching_Tlaxcala - INFO -   Substantive matches: 1
2026-07-29 15:34:04 - matching_Tlaxcala - INFO -   Candidate pool (>= threshold): 0
2026-07-29 15:34:04 - matching_Tlaxcala - WARNING -   No candidate above threshold - relegated
2026-07-29 15:34:04 - matching_Tlaxcala - INFO - 
============================================================
2026-07-29 15:34:04 - matching_Tlaxcala - INFO - Processing rowID=237: 'X.l...npusco' -> cleaned: 'x l npusco'
2026-07-29 15:34:04 - matching_Tlaxcala - INFO -   Territorial context: (none)='' -> allowed rows: all
2026-07-29 15:34:04 - matching_Tlaxcala - INFO -   Token-based candidates: 1
2026-07-29 15:34:04 - matching_Tlaxcala - INFO -   Filtering: need match on substantive tokens: ['npusco'] OR 2+ total tokens
2026-07-29 15:34:04 - matching_Tlaxcala - INFO -   Fuzzy matches (score >= 70, limit=500): 1
2026-07-29 15:34:04 - matching_Tlaxcala - DEBUG -     gz_id=6001580 'unpuco' score=0.833 nombre=False saint_only=False terr= phase=relegated
2026-07-29 15:34:04 - matching_Tlaxcala - INFO -   Before dedup: 1 candidates
2026-07-29 15:34:04 - matching_Tlaxcala - INFO -   After dedup: 1 unique gz_ids
2026-07-29 15:34:04 - matching_Tlaxcala - INFO -   Input has territorial data: False
2026-07-29 15:34:04 - matching_Tlaxcala - INFO -   Candidates with territory match: 0
2026-07-29 15:34:04 - matching_Tlaxcala - INFO -   No territorial filtering applied (no input territorial data)
2026-07-29 15:34:04 - matching_Tlaxcala - INFO -   Nombre matches (exact on lugar_nombre): 0
2026-07-29 15:34:04 - matching_Tlaxcala - INFO -   Saint-only matches: 0
2026-07-29 15:34:04 - matching_Tlaxcala - INFO -   Substantive matches: 1
2026-07-29 15:34:04 - matching_Tlaxcala - INFO -   Candidate pool (>= threshold): 0
2026-07-29 15:34:04 - matching_Tlaxcala - WARNING -   No candidate above threshold - relegated
2026-07-29 15:34:04 - matching_Tlaxcala - INFO - 
============================================================
2026-07-29 15:34:04 - matching_Tlaxcala - INFO - Processing rowID=237: 'X.l...npusco' -> cleaned: 'x l npusco'
2026-07-29 15:34:04 - matching_Tlaxcala - INFO -   Territorial context: (none)='' -> allowed rows: all
2026-07-29 15:34:04 - matching_Tlaxcala - INFO -   Token-based candidates: 1
2026-07-29 15:34:04 - matching_Tlaxcala - INFO -   Filtering: need match on substantive tokens: ['npusco'] OR 2+ total tokens
2026-07-29 15:34:04 - matching_Tlaxcala - INFO -   Fuzzy matches (score >= 70, limit=500): 1
2026-07-29 15:34:04 - matching_Tlaxcala - DEBUG -     gz_id=6001580 'unpuco' score=0.833 nombre=False saint_only=False terr= phase=relegated
2026-07-29 15:34:04 - matching_Tlaxcala - INFO -   Before dedup: 1 candidates
2026-07-29 15:34:04 - matching_Tlaxcala - INFO -   After dedup: 1 unique gz_ids
2026-07-29 15:34:04 - matching_Tlaxcala - INFO -   Input has territorial data: False
2026-07-29 15:34:04 - matching_Tlaxcala - INFO -   Candidates with territory match: 0
2026-07-29 15:34:04 - matching_Tlaxcala - INFO -   No territorial filtering applied (no input territorial data)
2026-07-29 15:34:04 - matching_Tlaxcala - INFO -   Nombre matches (exact on lugar_nombre): 0
2026-07-29 15:34:04 - matching_Tlaxcala - INFO -   Saint-only matches: 0
2026-07-29 15:34:04 - matching_Tlaxcala - INFO -   Substantive matches: 1
2026-07-29 15:34:04 - matching_Tlaxcala - INFO -   Candidate pool (>= threshold): 0
2026-07-29 15:34:04 - matching_Tlaxcala - WARNING -   No candidate above threshold - relegated
2026-07-29 15:34:04 - matching_Tlaxcala - INFO - 
============================================================
2026-07-29 15:34:04 - matching_Tlaxcala - INFO - Processing rowID=240: 'San Antonio Acopinalco' -> cleaned: 'san antonio acopinalco'
2026-07-29 15:34:04 - matching_Tlaxcala - INFO -   Territorial context: (none)='' -> allowed rows: all
2026-07-29 15:34:04 - matching_Tlaxcala - INFO -   Token-based candidates: 4455
2026-07-29 15:34:04 - matching_Tlaxcala - INFO -   Filtering: need match on substantive tokens: ['antonio', 'acopinalco'] OR 2+ total tokens
2026-07-29 15:34:05 - matching_Tlaxcala - INFO -   After filtering weak token matches: 271 candidates
2026-07-29 15:34:05 - matching_Tlaxcala - INFO -   Fuzzy matches (score >= 70, limit=500): 268
2026-07-29 15:34:05 - matching_Tlaxcala - DEBUG -     gz_id=1000019 'san antonio' score=1.000 nombre=False saint_only=False terr= phase=auto_adopt
2026-07-29 15:34:05 - matching_Tlaxcala - DEBUG -     gz_id=1001041 'san antonio' score=1.000 nombre=False saint_only=False terr= phase=auto_adopt
2026-07-29 15:34:05 - matching_Tlaxcala - DEBUG -     gz_id=1001042 'san antonio' score=1.000 nombre=False saint_only=False terr= phase=auto_adopt
2026-07-29 15:34:05 - matching_Tlaxcala - DEBUG -     gz_id=1001112 'san antonio' score=1.000 nombre=False saint_only=False terr= phase=auto_adopt
2026-07-29 15:34:05 - matching_Tlaxcala - DEBUG -     gz_id=1001187 'san antonio' score=1.000 nombre=False saint_only=False terr= phase=auto_adopt
2026-07-29 15:34:05 - matching_Tlaxcala - DEBUG -     gz_id=1001510 'san antonio' score=1.000 nombre=False saint_only=False terr= phase=auto_adopt
2026-07-29 15:34:05 - matching_Tlaxcala - DEBUG -     gz_id=1002620 'huitepec' score=1.000 nombre=False saint_only=False terr= phase=auto_adopt
2026-07-29 15:34:05 - matching_Tlaxcala - DEBUG -     gz_id=1003261 'san antonio' score=1.000 nombre=False saint_only=False terr= phase=auto_adopt
2026-07-29 15:34:05 - matching_Tlaxcala - DEBUG -     gz_id=1004023 'san antonio' score=1.000 nombre=False saint_only=False terr= phase=auto_adopt
2026-07-29 15:34:05 - matching_Tlaxcala - DEBUG -     gz_id=1004417 'san antonio' score=1.000 nombre=False saint_only=False terr= phase=auto_adopt
2026-07-29 15:34:05 - matching_Tlaxcala - DEBUG -     gz_id=1005002 'san antonio' score=1.000 nombre=False saint_only=False terr= phase=auto_adopt
2026-07-29 15:34:05 - matching_Tlaxcala - DEBUG -     gz_id=1005368 'san antonio' score=1.000 nombre=False saint_only=False terr= phase=auto_adopt
2026-07-29 15:34:05 - matching_Tlaxcala - DEBUG -     gz_id=1005433 'san antonio' score=1.000 nombre=False saint_only=False terr= phase=auto_adopt
2026-07-29 15:34:05 - matching_Tlaxcala - DEBUG -     gz_id=2000353 'san antonio' score=1.000 nombre=False saint_only=False terr= phase=auto_adopt
2026-07-29 15:34:05 - matching_Tlaxcala - DEBUG -     gz_id=2000829 'san antonio' score=1.000 nombre=False saint_only=False terr= phase=auto_adopt
2026-07-29 15:34:05 - matching_Tlaxcala - DEBUG -     gz_id=2000861 'san antonio' score=1.000 nombre=False saint_only=False terr= phase=auto_adopt
2026-07-29 15:34:05 - matching_Tlaxcala - DEBUG -     gz_id=2000872 'san antonio' score=1.000 nombre=False saint_only=False terr= phase=auto_adopt
2026-07-29 15:34:05 - matching_Tlaxcala - DEBUG -     gz_id=2000883 'san antonio' score=1.000 nombre=False saint_only=False terr= phase=auto_adopt
2026-07-29 15:34:05 - matching_Tlaxcala - DEBUG -     gz_id=2000934 'san antonio' score=1.000 nombre=False saint_only=False terr= phase=auto_adopt
2026-07-29 15:34:05 - matching_Tlaxcala - DEBUG -     gz_id=2000943 'san antonio' score=1.000 nombre=False saint_only=False terr= phase=auto_adopt
2026-07-29 15:34:05 - matching_Tlaxcala - DEBUG -     gz_id=3000246 'san antonio' score=1.000 nombre=False saint_only=False terr= phase=auto_adopt
2026-07-29 15:34:05 - matching_Tlaxcala - DEBUG -     gz_id=4000176 'san antonio' score=1.000 nombre=False saint_only=False terr= phase=auto_adopt
2026-07-29 15:34:05 - matching_Tlaxcala - DEBUG -     gz_id=4000407 'san antonio' score=1.000 nombre=False saint_only=False terr= phase=auto_adopt
2026-07-29 15:34:05 - matching_Tlaxcala - DEBUG -     gz_id=5000388 'san antonio' score=1.000 nombre=False saint_only=False terr= phase=auto_adopt
2026-07-29 15:34:05 - matching_Tlaxcala - DEBUG -     gz_id=5000710 'betas bajas' score=1.000 nombre=False saint_only=False terr= phase=auto_adopt
2026-07-29 15:34:05 - matching_Tlaxcala - DEBUG -     gz_id=5000858 'san antonio' score=1.000 nombre=False saint_only=False terr= phase=auto_adopt
2026-07-29 15:34:05 - matching_Tlaxcala - DEBUG -     gz_id=5000904 'san antonio' score=1.000 nombre=False saint_only=False terr= phase=auto_adopt
2026-07-29 15:34:05 - matching_Tlaxcala - DEBUG -     gz_id=5600117 'san antonio' score=1.000 nombre=False saint_only=False terr= phase=auto_adopt
2026-07-29 15:34:05 - matching_Tlaxcala - DEBUG -     gz_id=5600204 'san antonio' score=1.000 nombre=False saint_only=False terr= phase=auto_adopt
2026-07-29 15:34:05 - matching_Tlaxcala - DEBUG -     gz_id=5600529 'mamos' score=1.000 nombre=False saint_only=False terr= phase=candidate
2026-07-29 15:34:05 - matching_Tlaxcala - DEBUG -     gz_id=5600650 'san antonio' score=1.000 nombre=False saint_only=False terr= phase=auto_adopt
2026-07-29 15:34:05 - matching_Tlaxcala - DEBUG -     gz_id=7000023 'san antonio' score=1.000 nombre=False saint_only=False terr= phase=auto_adopt
2026-07-29 15:34:05 - matching_Tlaxcala - DEBUG -     gz_id=7000192 'san antonio' score=1.000 nombre=False saint_only=False terr= phase=auto_adopt
2026-07-29 15:34:05 - matching_Tlaxcala - DEBUG -     gz_id=8000693 'san antonio' score=1.000 nombre=False saint_only=False terr= phase=auto_adopt
2026-07-29 15:34:05 - matching_Tlaxcala - DEBUG -     gz_id=9000271 'san antonio' score=1.000 nombre=False saint_only=False terr= phase=auto_adopt
2026-07-29 15:34:05 - matching_Tlaxcala - DEBUG -     gz_id=9000616 'san antonio' score=1.000 nombre=False saint_only=False terr= phase=auto_adopt
2026-07-29 15:34:05 - matching_Tlaxcala - DEBUG -     gz_id=9000650 'san antonio' score=1.000 nombre=False saint_only=False terr= phase=auto_adopt
2026-07-29 15:34:05 - matching_Tlaxcala - DEBUG -     gz_id=9000662 'san antonio' score=1.000 nombre=False saint_only=False terr= phase=auto_adopt
2026-07-29 15:34:05 - matching_Tlaxcala - DEBUG -     gz_id=9900009 'san antonio' score=1.000 nombre=False saint_only=False terr= phase=auto_adopt
2026-07-29 15:34:05 - matching_Tlaxcala - DEBUG -     gz_id=9900115 'san antonio' score=1.000 nombre=False saint_only=False terr= phase=auto_adopt
2026-07-29 15:34:05 - matching_Tlaxcala - DEBUG -     gz_id=9900282 'san antonio' score=1.000 nombre=False saint_only=False terr= phase=auto_adopt
2026-07-29 15:34:05 - matching_Tlaxcala - DEBUG -     gz_id=9900647 'san antonio' score=1.000 nombre=False saint_only=False terr= phase=auto_adopt
2026-07-29 15:34:05 - matching_Tlaxcala - DEBUG -     gz_id=9900914 'san antonio' score=1.000 nombre=False saint_only=False terr= phase=auto_adopt
2026-07-29 15:34:05 - matching_Tlaxcala - DEBUG -     gz_id=9900928 'san salbador' score=1.000 nombre=False saint_only=False terr= phase=candidate
2026-07-29 15:34:05 - matching_Tlaxcala - DEBUG -     gz_id=9901106 'san antonio' score=1.000 nombre=False saint_only=False terr= phase=auto_adopt
2026-07-29 15:34:05 - matching_Tlaxcala - DEBUG -     gz_id=9990002 'san antonio' score=1.000 nombre=False saint_only=False terr= phase=auto_adopt
2026-07-29 15:34:05 - matching_Tlaxcala - DEBUG -     gz_id=9000049 'areco' score=0.938 nombre=False saint_only=False terr= phase=auto_adopt
2026-07-29 15:34:05 - matching_Tlaxcala - DEBUG -     gz_id=1003509 'san antonio sal' score=0.929 nombre=False saint_only=False terr= phase=auto_adopt
2026-07-29 15:34:05 - matching_Tlaxcala - DEBUG -     gz_id=1002897 'analco' score=0.909 nombre=False saint_only=False terr= phase=auto_adopt
2026-07-29 15:34:05 - matching_Tlaxcala - DEBUG -     gz_id=7000412 'chacao' score=0.909 nombre=False saint_only=False terr= phase=auto_adopt
2026-07-29 15:34:05 - matching_Tlaxcala - DEBUG -     gz_id=6000396 'cachi' score=0.903 nombre=False saint_only=False terr= phase=auto_adopt
2026-07-29 15:34:05 - matching_Tlaxcala - DEBUG -     gz_id=9901219 'san antonio talca' score=0.903 nombre=False saint_only=False terr= phase=auto_adopt
2026-07-29 15:34:05 - matching_Tlaxcala - DEBUG -     gz_id=1001113 'san antonio cienega' score=0.897 nombre=False saint_only=False terr= phase=candidate
2026-07-29 15:34:05 - matching_Tlaxcala - DEBUG -     gz_id=1001565 'san antonio isla' score=0.897 nombre=False saint_only=False terr= phase=candidate
2026-07-29 15:34:05 - matching_Tlaxcala - DEBUG -     gz_id=1002211 'tula' score=0.897 nombre=False saint_only=False terr= phase=candidate
2026-07-29 15:34:05 - matching_Tlaxcala - DEBUG -     gz_id=1002820 'san antonio abad' score=0.897 nombre=False saint_only=False terr= phase=candidate
2026-07-29 15:34:05 - matching_Tlaxcala - DEBUG -     gz_id=1003493 'canada' score=0.897 nombre=False saint_only=False terr= phase=candidate
2026-07-29 15:34:05 - matching_Tlaxcala - DEBUG -     gz_id=1004461 'uci' score=0.897 nombre=False saint_only=False terr= phase=candidate
2026-07-29 15:34:05 - matching_Tlaxcala - DEBUG -     gz_id=3000201 'tuna' score=0.897 nombre=False saint_only=False terr= phase=candidate
2026-07-29 15:34:05 - matching_Tlaxcala - DEBUG -     gz_id=5000137 'san antonio abad' score=0.897 nombre=False saint_only=False terr= phase=candidate
2026-07-29 15:34:05 - matching_Tlaxcala - DEBUG -     gz_id=5000325 'tena' score=0.897 nombre=False saint_only=False terr= phase=candidate
2026-07-29 15:34:05 - matching_Tlaxcala - DEBUG -     gz_id=5600283 'san estanislao kostka' score=0.897 nombre=False saint_only=False terr= phase=candidate
2026-07-29 15:34:05 - matching_Tlaxcala - DEBUG -     gz_id=8000401 'aten' score=0.897 nombre=False saint_only=False terr= phase=candidate
2026-07-29 15:34:05 - matching_Tlaxcala - DEBUG -     gz_id=1004502 'jul' score=0.889 nombre=False saint_only=False terr= phase=candidate
2026-07-29 15:34:05 - matching_Tlaxcala - DEBUG -     gz_id=2000393 'san antonio palopo' score=0.882 nombre=False saint_only=False terr= phase=candidate
2026-07-29 15:34:05 - matching_Tlaxcala - DEBUG -     gz_id=1001274 'jacala' score=0.875 nombre=False saint_only=False terr= phase=candidate
2026-07-29 15:34:05 - matching_Tlaxcala - DEBUG -     gz_id=1002755 'acutla' score=0.875 nombre=False saint_only=False terr= phase=candidate
2026-07-29 15:34:05 - matching_Tlaxcala - DEBUG -     gz_id=4000193 'san antonio altos' score=0.875 nombre=False saint_only=False terr= phase=candidate
2026-07-29 15:34:05 - matching_Tlaxcala - DEBUG -     gz_id=8000288 'san antonio cobre' score=0.875 nombre=False saint_only=False terr= phase=candidate
2026-07-29 15:34:05 - matching_Tlaxcala - DEBUG -     gz_id=1000375 'san antonio padua' score=0.867 nombre=False saint_only=False terr= phase=candidate
2026-07-29 15:34:05 - matching_Tlaxcala - DEBUG -     gz_id=1002608 'tutla' score=0.867 nombre=False saint_only=False terr= phase=candidate
2026-07-29 15:34:05 - matching_Tlaxcala - DEBUG -     gz_id=1004362 'ebula' score=0.867 nombre=False saint_only=False terr= phase=candidate
2026-07-29 15:34:05 - matching_Tlaxcala - DEBUG -     gz_id=1004751 'san antonio padua' score=0.867 nombre=False saint_only=False terr= phase=candidate
2026-07-29 15:34:05 - matching_Tlaxcala - DEBUG -     gz_id=4000142 'humocaro alto' score=0.867 nombre=False saint_only=False terr= phase=candidate
2026-07-29 15:34:05 - matching_Tlaxcala - DEBUG -     gz_id=4000426 'upata' score=0.867 nombre=False saint_only=False terr= phase=candidate
2026-07-29 15:34:05 - matching_Tlaxcala - DEBUG -     gz_id=5000677 'anime' score=0.867 nombre=False saint_only=False terr= phase=candidate
2026-07-29 15:34:05 - matching_Tlaxcala - DEBUG -     gz_id=5600098 'bahia' score=0.867 nombre=False saint_only=False terr= phase=candidate
2026-07-29 15:34:05 - matching_Tlaxcala - DEBUG -     gz_id=6000817 'iauli' score=0.867 nombre=False saint_only=False terr= phase=candidate
2026-07-29 15:34:05 - matching_Tlaxcala - DEBUG -     gz_id=6000831 'huari' score=0.867 nombre=False saint_only=False terr= phase=candidate
2026-07-29 15:34:05 - matching_Tlaxcala - DEBUG -     gz_id=9000377 'naranjoi' score=0.867 nombre=False saint_only=False terr= phase=candidate
2026-07-29 15:34:05 - matching_Tlaxcala - DEBUG -     gz_id=9900926 'san antonio padua' score=0.867 nombre=False saint_only=False terr= phase=candidate
2026-07-29 15:34:05 - matching_Tlaxcala - DEBUG -     gz_id=1000319 'tule' score=0.857 nombre=False saint_only=False terr= phase=candidate
2026-07-29 15:34:05 - matching_Tlaxcala - DEBUG -     gz_id=1003365 'tlatenco' score=0.857 nombre=False saint_only=False terr= phase=candidate
2026-07-29 15:34:05 - matching_Tlaxcala - DEBUG -     gz_id=1004175 'huatusco' score=0.857 nombre=False saint_only=False terr= phase=candidate
2026-07-29 15:34:05 - matching_Tlaxcala - DEBUG -     gz_id=1005143 'san antonio tule' score=0.857 nombre=False saint_only=False terr= phase=candidate
2026-07-29 15:34:05 - matching_Tlaxcala - DEBUG -     gz_id=2000581 'achiotes' score=0.857 nombre=False saint_only=False terr= phase=candidate
2026-07-29 15:34:05 - matching_Tlaxcala - DEBUG -     gz_id=3000145 'anacape' score=0.857 nombre=False saint_only=False terr= phase=candidate
2026-07-29 15:34:05 - matching_Tlaxcala - DEBUG -     gz_id=4000294 'caroni' score=0.857 nombre=False saint_only=False terr= phase=candidate
2026-07-29 15:34:05 - matching_Tlaxcala - DEBUG -     gz_id=5000812 'jobo' score=0.857 nombre=False saint_only=False terr= phase=candidate
2026-07-29 15:34:05 - matching_Tlaxcala - DEBUG -     gz_id=8000309 'poto' score=0.857 nombre=False saint_only=False terr= phase=candidate
2026-07-29 15:34:05 - matching_Tlaxcala - DEBUG -     gz_id=9900649 'san antonio miri' score=0.857 nombre=False saint_only=False terr= phase=candidate
2026-07-29 15:34:05 - matching_Tlaxcala - DEBUG -     gz_id=1003180 'cacalotepec' score=0.850 nombre=False saint_only=False terr= phase=candidate
2026-07-29 15:34:05 - matching_Tlaxcala - DEBUG -     gz_id=1003536 'acicintla' score=0.850 nombre=False saint_only=False terr= phase=candidate
2026-07-29 15:34:05 - matching_Tlaxcala - DEBUG -     gz_id=1005017 'coionostla' score=0.850 nombre=False saint_only=False terr= phase=candidate
2026-07-29 15:34:05 - matching_Tlaxcala - DEBUG -     gz_id=1000727 'doctor' score=0.848 nombre=False saint_only=False terr= phase=relegated
2026-07-29 15:34:05 - matching_Tlaxcala - DEBUG -     gz_id=1004489 'sacalum' score=0.848 nombre=False saint_only=False terr= phase=relegated
2026-07-29 15:34:05 - matching_Tlaxcala - DEBUG -     gz_id=1004795 'balero' score=0.848 nombre=False saint_only=False terr= phase=relegated
2026-07-29 15:34:05 - matching_Tlaxcala - DEBUG -     gz_id=1005007 'sauceda' score=0.848 nombre=False saint_only=False terr= phase=relegated
2026-07-29 15:34:05 - matching_Tlaxcala - DEBUG -     gz_id=1005192 'san antonio llanos' score=0.848 nombre=False saint_only=False terr= phase=relegated
2026-07-29 15:34:05 - matching_Tlaxcala - DEBUG -     gz_id=3000168 'bacuqua' score=0.848 nombre=False saint_only=False terr= phase=relegated
2026-07-29 15:34:05 - matching_Tlaxcala - DEBUG -     gz_id=4000561 'tachira' score=0.848 nombre=False saint_only=False terr= phase=relegated
2026-07-29 15:34:05 - matching_Tlaxcala - DEBUG -     gz_id=1001394 'bernal' score=0.839 nombre=False saint_only=False terr= phase=relegated
2026-07-29 15:34:05 - matching_Tlaxcala - DEBUG -     gz_id=1001763 'san antonio grande' score=0.839 nombre=False saint_only=False terr= phase=relegated
2026-07-29 15:34:05 - matching_Tlaxcala - DEBUG -     gz_id=1004437 'isamal' score=0.839 nombre=False saint_only=False terr= phase=relegated
2026-07-29 15:34:05 - matching_Tlaxcala - DEBUG -     gz_id=1004495 'ticul' score=0.839 nombre=False saint_only=False terr= phase=relegated
2026-07-29 15:34:05 - matching_Tlaxcala - DEBUG -     gz_id=1004558 'chemax' score=0.839 nombre=False saint_only=False terr= phase=relegated
2026-07-29 15:34:05 - matching_Tlaxcala - DEBUG -     gz_id=1004782 'sandia' score=0.839 nombre=False saint_only=False terr= phase=relegated
2026-07-29 15:34:05 - matching_Tlaxcala - DEBUG -     gz_id=1004791 'isleta' score=0.839 nombre=False saint_only=False terr= phase=relegated
2026-07-29 15:34:05 - matching_Tlaxcala - DEBUG -     gz_id=1005065 'jolapa' score=0.839 nombre=False saint_only=False terr= phase=relegated
2026-07-29 15:34:05 - matching_Tlaxcala - DEBUG -     gz_id=1005149 'san antonio ramada' score=0.839 nombre=False saint_only=False terr= phase=relegated
2026-07-29 15:34:05 - matching_Tlaxcala - DEBUG -     gz_id=1005184 'medina' score=0.839 nombre=False saint_only=False terr= phase=relegated
2026-07-29 15:34:05 - matching_Tlaxcala - DEBUG -     gz_id=1005358 'sapata' score=0.839 nombre=False saint_only=False terr= phase=relegated
2026-07-29 15:34:05 - matching_Tlaxcala - DEBUG -     gz_id=2000204 'nejapa' score=0.839 nombre=False saint_only=False terr= phase=relegated
2026-07-29 15:34:05 - matching_Tlaxcala - DEBUG -     gz_id=4000419 'san antonio piedra' score=0.839 nombre=False saint_only=False terr= phase=relegated
2026-07-29 15:34:05 - matching_Tlaxcala - DEBUG -     gz_id=5000189 'bebara' score=0.839 nombre=False saint_only=False terr= phase=relegated
2026-07-29 15:34:05 - matching_Tlaxcala - DEBUG -     gz_id=5000599 'tatama' score=0.839 nombre=False saint_only=False terr= phase=relegated
2026-07-29 15:34:05 - matching_Tlaxcala - DEBUG -     gz_id=1000808 'soiacingo' score=0.833 nombre=False saint_only=False terr= phase=relegated
2026-07-29 15:34:05 - matching_Tlaxcala - DEBUG -     gz_id=1001170 'acahualco' score=0.833 nombre=False saint_only=False terr= phase=relegated
2026-07-29 15:34:05 - matching_Tlaxcala - DEBUG -     gz_id=3000188 'chines' score=0.833 nombre=False saint_only=False terr= phase=relegated
2026-07-29 15:34:05 - matching_Tlaxcala - DEBUG -     gz_id=8000482 'rioblanco' score=0.833 nombre=False saint_only=False terr= phase=relegated
2026-07-29 15:34:05 - matching_Tlaxcala - DEBUG -     gz_id=1004325 'tituk' score=0.828 nombre=False saint_only=False terr= phase=relegated
2026-07-29 15:34:05 - matching_Tlaxcala - DEBUG -     gz_id=1004493 'tekit' score=0.828 nombre=False saint_only=False terr= phase=relegated
2026-07-29 15:34:05 - matching_Tlaxcala - DEBUG -     gz_id=2000764 'san antonio monte' score=0.828 nombre=False saint_only=False terr= phase=relegated
2026-07-29 15:34:05 - matching_Tlaxcala - DEBUG -     gz_id=4000027 'turen' score=0.828 nombre=False saint_only=False terr= phase=relegated
2026-07-29 15:34:05 - matching_Tlaxcala - DEBUG -     gz_id=5000099 'penon' score=0.828 nombre=False saint_only=False terr= phase=relegated
2026-07-29 15:34:05 - matching_Tlaxcala - DEBUG -     gz_id=5000183 'momil' score=0.828 nombre=False saint_only=False terr= phase=relegated
2026-07-29 15:34:05 - matching_Tlaxcala - DEBUG -     gz_id=6001551 'eneno' score=0.828 nombre=False saint_only=False terr= phase=relegated
2026-07-29 15:34:05 - matching_Tlaxcala - DEBUG -     gz_id=8000039 'lipes' score=0.828 nombre=False saint_only=False terr= phase=relegated
2026-07-29 15:34:05 - matching_Tlaxcala - DEBUG -     gz_id=9900278 'pobre' score=0.828 nombre=False saint_only=False terr= phase=relegated
2026-07-29 15:34:05 - matching_Tlaxcala - DEBUG -     gz_id=1000107 'texcoco' score=0.824 nombre=False saint_only=False terr= phase=relegated
2026-07-29 15:34:05 - matching_Tlaxcala - DEBUG -     gz_id=1002311 'san antonio abad cal' score=0.824 nombre=False saint_only=False terr= phase=relegated
2026-07-29 15:34:05 - matching_Tlaxcala - DEBUG -     gz_id=1003190 'mihuacan' score=0.824 nombre=False saint_only=False terr= phase=relegated
2026-07-29 15:34:05 - matching_Tlaxcala - DEBUG -     gz_id=1003788 'tepango' score=0.824 nombre=False saint_only=False terr= phase=relegated
2026-07-29 15:34:05 - matching_Tlaxcala - DEBUG -     gz_id=1004015 'nacajuca' score=0.824 nombre=False saint_only=False terr= phase=relegated
2026-07-29 15:34:05 - matching_Tlaxcala - DEBUG -     gz_id=1005443 'san antonio arebalo' score=0.824 nombre=False saint_only=False terr= phase=relegated
2026-07-29 15:34:05 - matching_Tlaxcala - DEBUG -     gz_id=3000216 'fajardo' score=0.824 nombre=False saint_only=False terr= phase=relegated
2026-07-29 15:34:05 - matching_Tlaxcala - DEBUG -     gz_id=4000222 'acurihua' score=0.824 nombre=False saint_only=False terr= phase=relegated
2026-07-29 15:34:05 - matching_Tlaxcala - DEBUG -     gz_id=4000598 'huachara' score=0.824 nombre=False saint_only=False terr= phase=relegated
2026-07-29 15:34:05 - matching_Tlaxcala - DEBUG -     gz_id=5000605 'rioceco' score=0.824 nombre=False saint_only=False terr= phase=relegated
2026-07-29 15:34:05 - matching_Tlaxcala - DEBUG -     gz_id=5000627 'caratica' score=0.824 nombre=False saint_only=False terr= phase=relegated
2026-07-29 15:34:05 - matching_Tlaxcala - DEBUG -     gz_id=5000635 'badillo' score=0.824 nombre=False saint_only=False terr= phase=relegated
2026-07-29 15:34:05 - matching_Tlaxcala - DEBUG -     gz_id=5600023 'iahuachi' score=0.824 nombre=False saint_only=False terr= phase=relegated
2026-07-29 15:34:05 - matching_Tlaxcala - DEBUG -     gz_id=6001160 'huancani' score=0.824 nombre=False saint_only=False terr= phase=relegated
2026-07-29 15:34:05 - matching_Tlaxcala - DEBUG -     gz_id=5000184 'cienaga oro' score=0.821 nombre=False saint_only=False terr= phase=relegated
2026-07-29 15:34:05 - matching_Tlaxcala - DEBUG -     gz_id=1005204 'real san antonio' score=0.815 nombre=False saint_only=False terr= phase=relegated
2026-07-29 15:34:05 - matching_Tlaxcala - DEBUG -     gz_id=1000557 'tapalpa' score=0.812 nombre=False saint_only=False terr= phase=relegated
2026-07-29 15:34:05 - matching_Tlaxcala - DEBUG -     gz_id=1003127 'cuautla' score=0.812 nombre=False saint_only=False terr= phase=relegated
2026-07-29 15:34:05 - matching_Tlaxcala - DEBUG -     gz_id=1004786 'cenecu' score=0.812 nombre=False saint_only=False terr= phase=relegated
2026-07-29 15:34:05 - matching_Tlaxcala - DEBUG -     gz_id=1004830 'san antonio huertas' score=0.812 nombre=False saint_only=False terr= phase=relegated
2026-07-29 15:34:05 - matching_Tlaxcala - DEBUG -     gz_id=1005209 'san antonio huertas' score=0.812 nombre=False saint_only=False terr= phase=relegated
2026-07-29 15:34:05 - matching_Tlaxcala - DEBUG -     gz_id=2000454 'san antonio masahua' score=0.812 nombre=False saint_only=False terr= phase=relegated
2026-07-29 15:34:05 - matching_Tlaxcala - DEBUG -     gz_id=3000211 'huaiama' score=0.812 nombre=False saint_only=False terr= phase=relegated
2026-07-29 15:34:05 - matching_Tlaxcala - DEBUG -     gz_id=5000102 'pereira' score=0.812 nombre=False saint_only=False terr= phase=relegated
2026-07-29 15:34:05 - matching_Tlaxcala - DEBUG -     gz_id=5000163 'cerete' score=0.812 nombre=False saint_only=False terr= phase=relegated
2026-07-29 15:34:05 - matching_Tlaxcala - DEBUG -     gz_id=5000670 'carraji' score=0.812 nombre=False saint_only=False terr= phase=relegated
2026-07-29 15:34:05 - matching_Tlaxcala - DEBUG -     gz_id=5600430 'tosahua' score=0.812 nombre=False saint_only=False terr= phase=relegated
2026-07-29 15:34:05 - matching_Tlaxcala - DEBUG -     gz_id=7000359 'florida' score=0.812 nombre=False saint_only=False terr= phase=relegated
2026-07-29 15:34:05 - matching_Tlaxcala - DEBUG -     gz_id=9900081 'oquitoa' score=0.812 nombre=False saint_only=False terr= phase=relegated
2026-07-29 15:34:05 - matching_Tlaxcala - DEBUG -     gz_id=1001794 'cinhuilucan' score=0.811 nombre=False saint_only=False terr= phase=relegated
2026-07-29 15:34:05 - matching_Tlaxcala - DEBUG -     gz_id=1001813 'tecomitl' score=0.811 nombre=False saint_only=False terr= phase=relegated
2026-07-29 15:34:05 - matching_Tlaxcala - DEBUG -     gz_id=1003549 'ocopetlaiucan' score=0.811 nombre=False saint_only=False terr= phase=relegated
2026-07-29 15:34:05 - matching_Tlaxcala - DEBUG -     gz_id=2000410 'ilotenango' score=0.811 nombre=False saint_only=False terr= phase=relegated
2026-07-29 15:34:05 - matching_Tlaxcala - DEBUG -     gz_id=1000564 'tlaiacapan' score=0.800 nombre=False saint_only=False terr= phase=relegated
2026-07-29 15:34:05 - matching_Tlaxcala - DEBUG -     gz_id=1001753 'cuautepec' score=0.800 nombre=False saint_only=False terr= phase=relegated
2026-07-29 15:34:05 - matching_Tlaxcala - DEBUG -     gz_id=1002834 'cinicahua' score=0.800 nombre=False saint_only=False terr= phase=relegated
2026-07-29 15:34:05 - matching_Tlaxcala - DEBUG -     gz_id=1003744 'alpanocan' score=0.800 nombre=False saint_only=False terr= phase=relegated
2026-07-29 15:34:05 - matching_Tlaxcala - DEBUG -     gz_id=1004977 'huaiabos' score=0.800 nombre=False saint_only=False terr= phase=relegated
2026-07-29 15:34:05 - matching_Tlaxcala - DEBUG -     gz_id=1005078 'san antonio berjel' score=0.800 nombre=False saint_only=False terr= phase=relegated
2026-07-29 15:34:05 - matching_Tlaxcala - DEBUG -     gz_id=1005491 'san antonio solisaio' score=0.800 nombre=False saint_only=False terr= phase=relegated
2026-07-29 15:34:05 - matching_Tlaxcala - DEBUG -     gz_id=2000647 'esteli' score=0.800 nombre=False saint_only=False terr= phase=relegated
2026-07-29 15:34:05 - matching_Tlaxcala - DEBUG -     gz_id=5000320 'san antonio cototama' score=0.800 nombre=False saint_only=False terr= phase=relegated
2026-07-29 15:34:05 - matching_Tlaxcala - DEBUG -     gz_id=5000782 'san antonio riosucio' score=0.800 nombre=False saint_only=False terr= phase=relegated
2026-07-29 15:34:05 - matching_Tlaxcala - DEBUG -     gz_id=5000828 'orino' score=0.800 nombre=False saint_only=False terr= phase=relegated
2026-07-29 15:34:05 - matching_Tlaxcala - DEBUG -     gz_id=5600841 'sal' score=0.800 nombre=False saint_only=False terr= phase=relegated
2026-07-29 15:34:05 - matching_Tlaxcala - DEBUG -     gz_id=7000055 'ciruelos' score=0.800 nombre=False saint_only=False terr= phase=relegated
2026-07-29 15:34:05 - matching_Tlaxcala - DEBUG -     gz_id=8000303 'esmoruco' score=0.800 nombre=False saint_only=False terr= phase=relegated
2026-07-29 15:34:05 - matching_Tlaxcala - DEBUG -     gz_id=9000166 'nonsacate' score=0.800 nombre=False saint_only=False terr= phase=relegated
2026-07-29 15:34:05 - matching_Tlaxcala - DEBUG -     gz_id=9900837 'ilamatech' score=0.800 nombre=False saint_only=False terr= phase=relegated
2026-07-29 15:34:05 - matching_Tlaxcala - DEBUG -     gz_id=1004040 'acuamanala' score=0.791 nombre=False saint_only=False terr= phase=relegated
2026-07-29 15:34:05 - matching_Tlaxcala - DEBUG -     gz_id=4000385 'huaipanacuar' score=0.791 nombre=False saint_only=False terr= phase=relegated
2026-07-29 15:34:05 - matching_Tlaxcala - DEBUG -     gz_id=1001293 'necochitlan' score=0.789 nombre=False saint_only=False terr= phase=relegated
2026-07-29 15:34:05 - matching_Tlaxcala - DEBUG -     gz_id=1002008 'charapan' score=0.789 nombre=False saint_only=False terr= phase=relegated
2026-07-29 15:34:05 - matching_Tlaxcala - DEBUG -     gz_id=1002679 'nanahuatipam' score=0.789 nombre=False saint_only=False terr= phase=relegated
2026-07-29 15:34:05 - matching_Tlaxcala - DEBUG -     gz_id=2000370 'san antonio sacatepeques' score=0.789 nombre=False saint_only=False terr= phase=relegated
2026-07-29 15:34:05 - matching_Tlaxcala - DEBUG -     gz_id=4000332 'clarines' score=0.789 nombre=False saint_only=False terr= phase=relegated
2026-07-29 15:34:05 - matching_Tlaxcala - DEBUG -     gz_id=5000420 'arihuani' score=0.789 nombre=False saint_only=False terr= phase=relegated
2026-07-29 15:34:05 - matching_Tlaxcala - DEBUG -     gz_id=6001545 'canchahuaia' score=0.789 nombre=False saint_only=False terr= phase=relegated
2026-07-29 15:34:05 - matching_Tlaxcala - DEBUG -     gz_id=1000031 'cuencame' score=0.788 nombre=False saint_only=False terr= phase=relegated
2026-07-29 15:34:05 - matching_Tlaxcala - DEBUG -     gz_id=1000565 'tuxcueca' score=0.788 nombre=False saint_only=False terr= phase=relegated
2026-07-29 15:34:05 - matching_Tlaxcala - DEBUG -     gz_id=1003584 'ahuanapa' score=0.788 nombre=False saint_only=False terr= phase=relegated
2026-07-29 15:34:05 - matching_Tlaxcala - DEBUG -     gz_id=1004300 'tepetlan' score=0.788 nombre=False saint_only=False terr= phase=relegated
2026-07-29 15:34:05 - matching_Tlaxcala - DEBUG -     gz_id=1005043 'san antonio bucareli' score=0.788 nombre=False saint_only=False terr= phase=relegated
2026-07-29 15:34:05 - matching_Tlaxcala - DEBUG -     gz_id=4000483 'behuilla' score=0.788 nombre=False saint_only=False terr= phase=relegated
2026-07-29 15:34:05 - matching_Tlaxcala - DEBUG -     gz_id=4000623 'balle san antonio' score=0.786 nombre=False saint_only=False terr= phase=relegated
2026-07-29 15:34:05 - matching_Tlaxcala - DEBUG -     gz_id=1000813 'ahuacuocingo' score=0.780 nombre=False saint_only=False terr= phase=relegated
2026-07-29 15:34:05 - matching_Tlaxcala - DEBUG -     gz_id=1004525 'sahcabchen rio' score=0.780 nombre=False saint_only=False terr= phase=relegated
2026-07-29 15:34:05 - matching_Tlaxcala - DEBUG -     gz_id=5000168 'sabanalarga' score=0.780 nombre=False saint_only=False terr= phase=relegated
2026-07-29 15:34:05 - matching_Tlaxcala - DEBUG -     gz_id=1003120 'caiehuacan' score=0.778 nombre=False saint_only=False terr= phase=relegated
2026-07-29 15:34:05 - matching_Tlaxcala - DEBUG -     gz_id=1005101 'casas grandes' score=0.778 nombre=False saint_only=False terr= phase=relegated
2026-07-29 15:34:05 - matching_Tlaxcala - DEBUG -     gz_id=1005345 'hermitanos' score=0.778 nombre=False saint_only=False terr= phase=relegated
2026-07-29 15:34:05 - matching_Tlaxcala - DEBUG -     gz_id=2000428 'ateos' score=0.778 nombre=False saint_only=False terr= phase=relegated
2026-07-29 15:34:05 - matching_Tlaxcala - DEBUG -     gz_id=2000464 'soiapango' score=0.778 nombre=False saint_only=False terr= phase=relegated
2026-07-29 15:34:05 - matching_Tlaxcala - DEBUG -     gz_id=4000494 'capaiahuar' score=0.778 nombre=False saint_only=False terr= phase=relegated
2026-07-29 15:34:05 - matching_Tlaxcala - DEBUG -     gz_id=4000636 'ciruma' score=0.778 nombre=False saint_only=False terr= phase=relegated
2026-07-29 15:34:05 - matching_Tlaxcala - DEBUG -     gz_id=4000639 'punta piedra' score=0.778 nombre=False saint_only=False terr= phase=relegated
2026-07-29 15:34:05 - matching_Tlaxcala - DEBUG -     gz_id=5000107 'soledad' score=0.778 nombre=False saint_only=False terr= phase=relegated
2026-07-29 15:34:05 - matching_Tlaxcala - DEBUG -     gz_id=5000427 'pinchote' score=0.778 nombre=False saint_only=False terr= phase=relegated
2026-07-29 15:34:05 - matching_Tlaxcala - DEBUG -     gz_id=5000823 'boronata' score=0.778 nombre=False saint_only=False terr= phase=relegated
2026-07-29 15:34:05 - matching_Tlaxcala - DEBUG -     gz_id=6001548 'catalipango' score=0.778 nombre=False saint_only=False terr= phase=relegated
2026-07-29 15:34:05 - matching_Tlaxcala - DEBUG -     gz_id=7000332 'perquilauquen' score=0.778 nombre=False saint_only=False terr= phase=relegated
2026-07-29 15:34:05 - matching_Tlaxcala - DEBUG -     gz_id=9000250 'carolina' score=0.778 nombre=False saint_only=False terr= phase=relegated
2026-07-29 15:34:05 - matching_Tlaxcala - DEBUG -     gz_id=9000331 'piedra blanca' score=0.778 nombre=False saint_only=False terr= phase=relegated
2026-07-29 15:34:05 - matching_Tlaxcala - DEBUG -     gz_id=9900064 'motepore' score=0.778 nombre=False saint_only=False terr= phase=relegated
2026-07-29 15:34:05 - matching_Tlaxcala - DEBUG -     gz_id=1000279 'julimes' score=0.774 nombre=False saint_only=False terr= phase=relegated
2026-07-29 15:34:05 - matching_Tlaxcala - DEBUG -     gz_id=1005154 'san antonio potrero' score=0.774 nombre=False saint_only=False terr= phase=relegated
2026-07-29 15:34:05 - matching_Tlaxcala - DEBUG -     gz_id=1003242 'istlachinampa' score=0.773 nombre=False saint_only=False terr= phase=relegated
2026-07-29 15:34:05 - matching_Tlaxcala - DEBUG -     gz_id=1004068 'cuajomulco' score=0.773 nombre=False saint_only=False terr= phase=relegated
2026-07-29 15:34:05 - matching_Tlaxcala - DEBUG -     gz_id=1000427 'juchitlan' score=0.769 nombre=False saint_only=False terr= phase=relegated
2026-07-29 15:34:05 - matching_Tlaxcala - DEBUG -     gz_id=1000875 'teoloiucan' score=0.769 nombre=False saint_only=False terr= phase=relegated
2026-07-29 15:34:05 - matching_Tlaxcala - DEBUG -     gz_id=1001910 'oxtoiucan' score=0.769 nombre=False saint_only=False terr= phase=relegated
2026-07-29 15:34:05 - matching_Tlaxcala - DEBUG -     gz_id=1002520 'san antonio osolotepec' score=0.769 nombre=False saint_only=False terr= phase=relegated
2026-07-29 15:34:05 - matching_Tlaxcala - DEBUG -     gz_id=1003768 'chipahuatlan' score=0.769 nombre=False saint_only=False terr= phase=relegated
2026-07-29 15:34:05 - matching_Tlaxcala - DEBUG -     gz_id=1004382 'hopelchen' score=0.769 nombre=False saint_only=False terr= phase=relegated
2026-07-29 15:34:05 - matching_Tlaxcala - DEBUG -     gz_id=9000645 'salto chico' score=0.769 nombre=False saint_only=False terr= phase=relegated
2026-07-29 15:34:05 - matching_Tlaxcala - DEBUG -     gz_id=9901084 'punta rasa' score=0.769 nombre=False saint_only=False terr= phase=relegated
2026-07-29 15:34:05 - matching_Tlaxcala - DEBUG -     gz_id=1000278 'chubiscar' score=0.765 nombre=False saint_only=False terr= phase=relegated
2026-07-29 15:34:05 - matching_Tlaxcala - DEBUG -     gz_id=1001103 'mextepec' score=0.765 nombre=False saint_only=False terr= phase=relegated
2026-07-29 15:34:05 - matching_Tlaxcala - DEBUG -     gz_id=1001287 'mextitlan' score=0.765 nombre=False saint_only=False terr= phase=relegated
2026-07-29 15:34:05 - matching_Tlaxcala - DEBUG -     gz_id=1002469 'tepetlapa' score=0.765 nombre=False saint_only=False terr= phase=relegated
2026-07-29 15:34:05 - matching_Tlaxcala - DEBUG -     gz_id=4000624 'jibraltar' score=0.765 nombre=False saint_only=False terr= phase=relegated
2026-07-29 15:34:05 - matching_Tlaxcala - DEBUG -     gz_id=5600222 'lulubamba' score=0.765 nombre=False saint_only=False terr= phase=relegated
2026-07-29 15:34:05 - matching_Tlaxcala - DEBUG -     gz_id=9000132 'hualehuai' score=0.765 nombre=False saint_only=False terr= phase=relegated
2026-07-29 15:34:05 - matching_Tlaxcala - DEBUG -     gz_id=9000267 'mburucuia' score=0.765 nombre=False saint_only=False terr= phase=relegated
2026-07-29 15:34:05 - matching_Tlaxcala - DEBUG -     gz_id=9900294 'mamuliqui' score=0.765 nombre=False saint_only=False terr= phase=relegated
2026-07-29 15:34:05 - matching_Tlaxcala - DEBUG -     gz_id=2000412 'san antonio ahuascalientes' score=0.762 nombre=False saint_only=False terr= phase=relegated
2026-07-29 15:34:05 - matching_Tlaxcala - DEBUG -     gz_id=5000252 'fortalecilla' score=0.762 nombre=False saint_only=False terr= phase=relegated
2026-07-29 15:34:05 - matching_Tlaxcala - DEBUG -     gz_id=2000034 'barrio san antonio' score=0.759 nombre=False saint_only=False terr= phase=relegated
2026-07-29 15:34:05 - matching_Tlaxcala - DEBUG -     gz_id=9000551 'perico san antonio' score=0.759 nombre=False saint_only=False terr= phase=relegated
2026-07-29 15:34:05 - matching_Tlaxcala - DEBUG -     gz_id=1002672 'elojochitlan' score=0.757 nombre=False saint_only=False terr= phase=relegated
2026-07-29 15:34:05 - matching_Tlaxcala - DEBUG -     gz_id=1004811 'puliques' score=0.757 nombre=False saint_only=False terr= phase=relegated
2026-07-29 15:34:05 - matching_Tlaxcala - DEBUG -     gz_id=1005460 'san antonio pueblito' score=0.757 nombre=False saint_only=False terr= phase=relegated
2026-07-29 15:34:05 - matching_Tlaxcala - DEBUG -     gz_id=3000031 'rioblanco norte' score=0.757 nombre=False saint_only=False terr= phase=relegated
2026-07-29 15:34:05 - matching_Tlaxcala - DEBUG -     gz_id=4000079 'mitare' score=0.757 nombre=False saint_only=False terr= phase=relegated
2026-07-29 15:34:05 - matching_Tlaxcala - DEBUG -     gz_id=7000338 'quirihue' score=0.757 nombre=False saint_only=False terr= phase=relegated
2026-07-29 15:34:05 - matching_Tlaxcala - DEBUG -     gz_id=1000071 'tuxcacuesco' score=0.750 nombre=False saint_only=False terr= phase=relegated
2026-07-29 15:34:05 - matching_Tlaxcala - DEBUG -     gz_id=1002120 'huarachita' score=0.750 nombre=False saint_only=False terr= phase=relegated
2026-07-29 15:34:05 - matching_Tlaxcala - DEBUG -     gz_id=2000120 'suchiltepeque' score=0.750 nombre=False saint_only=False terr= phase=relegated
2026-07-29 15:34:05 - matching_Tlaxcala - DEBUG -     gz_id=5600164 'quilichao' score=0.744 nombre=False saint_only=False terr= phase=relegated
2026-07-29 15:34:05 - matching_Tlaxcala - DEBUG -     gz_id=1004943 'punta lampasos' score=0.743 nombre=False saint_only=False terr= phase=relegated
2026-07-29 15:34:05 - matching_Tlaxcala - DEBUG -     gz_id=1004972 'lahunillas' score=0.743 nombre=False saint_only=False terr= phase=relegated
2026-07-29 15:34:05 - matching_Tlaxcala - DEBUG -     gz_id=2000480 'cuscatancingo' score=0.743 nombre=False saint_only=False terr= phase=relegated
2026-07-29 15:34:05 - matching_Tlaxcala - DEBUG -     gz_id=1000430 'tenamaxtlan' score=0.737 nombre=False saint_only=False terr= phase=relegated
2026-07-29 15:34:05 - matching_Tlaxcala - DEBUG -     gz_id=1000793 'tlaltecahuacan' score=0.737 nombre=False saint_only=False terr= phase=relegated
2026-07-29 15:34:05 - matching_Tlaxcala - DEBUG -     gz_id=1005042 'babia' score=0.737 nombre=False saint_only=False terr= phase=relegated
2026-07-29 15:34:05 - matching_Tlaxcala - DEBUG -     gz_id=4000438 'huicsatono' score=0.737 nombre=False saint_only=False terr= phase=relegated
2026-07-29 15:34:05 - matching_Tlaxcala - DEBUG -     gz_id=5000025 'cimiti' score=0.737 nombre=False saint_only=False terr= phase=relegated
2026-07-29 15:34:05 - matching_Tlaxcala - DEBUG -     gz_id=9900082 'pitic' score=0.737 nombre=False saint_only=False terr= phase=relegated
2026-07-29 15:34:05 - matching_Tlaxcala - DEBUG -     gz_id=9901145 'escanelilla' score=0.737 nombre=False saint_only=False terr= phase=relegated
2026-07-29 15:34:05 - matching_Tlaxcala - DEBUG -     gz_id=4000485 'pregonero' score=0.727 nombre=False saint_only=False terr= phase=relegated
2026-07-29 15:34:05 - matching_Tlaxcala - DEBUG -     gz_id=4000516 'curumutopo' score=0.727 nombre=False saint_only=False terr= phase=relegated
2026-07-29 15:34:05 - matching_Tlaxcala - DEBUG -     gz_id=7000494 'carelmapu' score=0.722 nombre=False saint_only=False terr= phase=relegated
2026-07-29 15:34:05 - matching_Tlaxcala - DEBUG -     gz_id=1001696 'buenabista' score=0.718 nombre=False saint_only=False terr= phase=relegated
2026-07-29 15:34:05 - matching_Tlaxcala - DEBUG -     gz_id=2000125 'retaluleuh' score=0.718 nombre=False saint_only=False terr= phase=relegated
2026-07-29 15:34:05 - matching_Tlaxcala - DEBUG -     gz_id=2000967 'huadarrama' score=0.718 nombre=False saint_only=False terr= phase=relegated
2026-07-29 15:34:05 - matching_Tlaxcala - DEBUG -     gz_id=8000206 'san antonio esquilache' score=0.714 nombre=False saint_only=False terr= phase=relegated
2026-07-29 15:34:05 - matching_Tlaxcala - DEBUG -     gz_id=1000533 'tequepexpan' score=0.706 nombre=False saint_only=False terr= phase=relegated
2026-07-29 15:34:05 - matching_Tlaxcala - DEBUG -     gz_id=1001429 'huixquilucan' score=0.706 nombre=False saint_only=False terr= phase=relegated
2026-07-29 15:34:05 - matching_Tlaxcala - DEBUG -     gz_id=1005370 'buen retiro' score=0.706 nombre=False saint_only=False terr= phase=relegated
2026-07-29 15:34:05 - matching_Tlaxcala - INFO -   Before dedup: 268 candidates
2026-07-29 15:34:05 - matching_Tlaxcala - INFO -   After dedup: 268 unique gz_ids
2026-07-29 15:34:05 - matching_Tlaxcala - INFO -   Input has territorial data: False
2026-07-29 15:34:05 - matching_Tlaxcala - INFO -   Candidates with territory match: 0
2026-07-29 15:34:05 - matching_Tlaxcala - INFO -   No territorial filtering applied (no input territorial data)
2026-07-29 15:34:05 - matching_Tlaxcala - INFO -   Nombre matches (exact on lugar_nombre): 0
2026-07-29 15:34:05 - matching_Tlaxcala - INFO -   Saint-only matches: 0
2026-07-29 15:34:05 - matching_Tlaxcala - INFO -   Substantive matches: 268
2026-07-29 15:34:05 - matching_Tlaxcala - INFO -   Candidate pool (>= threshold): 94
2026-07-29 15:34:05 - matching_Tlaxcala - INFO -   94 candidate(s) -> candidate
2026-07-29 15:34:05 - matching_Tlaxcala - INFO -   rowID=240: found at step 'no_partido_jurisdiccion'
2026-07-29 15:34:05 - matching_Tlaxcala - INFO - Processing row 240, rowID=241
2026-07-29 15:34:05 - matching_Tlaxcala - INFO - 
============================================================
2026-07-29 15:34:05 - matching_Tlaxcala - INFO - Processing rowID=241: 'San Buenaventura' -> cleaned: 'san buenabentura'
2026-07-29 15:34:06 - matching_Tlaxcala - INFO -   Territorial context: (none)='' -> allowed rows: all
2026-07-29 15:34:06 - matching_Tlaxcala - INFO -   Token-based candidates: 4453
2026-07-29 15:34:06 - matching_Tlaxcala - INFO -   Filtering: need match on substantive tokens: ['buenabentura'] OR 2+ total tokens
2026-07-29 15:34:06 - matching_Tlaxcala - INFO -   After filtering weak token matches: 38 candidates
2026-07-29 15:34:06 - matching_Tlaxcala - INFO -   Fuzzy matches (score >= 70, limit=500): 38
2026-07-29 15:34:06 - matching_Tlaxcala - DEBUG -     gz_id=1000044 'balle san buenabentura' score=1.000 nombre=False saint_only=True terr= phase=candidate
2026-07-29 15:34:06 - matching_Tlaxcala - DEBUG -     gz_id=1000084 'cuautitlan' score=1.000 nombre=False saint_only=True terr= phase=candidate
2026-07-29 15:34:06 - matching_Tlaxcala - DEBUG -     gz_id=1000377 'san buenabentura' score=1.000 nombre=True saint_only=False terr= phase=auto_adopt
2026-07-29 15:34:06 - matching_Tlaxcala - DEBUG -     gz_id=1000405 'atotonilco' score=1.000 nombre=False saint_only=True terr= phase=candidate
2026-07-29 15:34:06 - matching_Tlaxcala - DEBUG -     gz_id=1000919 'coajomulco' score=1.000 nombre=False saint_only=True terr= phase=candidate
2026-07-29 15:34:06 - matching_Tlaxcala - DEBUG -     gz_id=1001023 'jonacapa' score=1.000 nombre=False saint_only=True terr= phase=candidate
2026-07-29 15:34:06 - matching_Tlaxcala - DEBUG -     gz_id=1001670 'tesoiuca' score=1.000 nombre=False saint_only=True terr= phase=candidate
2026-07-29 15:34:06 - matching_Tlaxcala - DEBUG -     gz_id=1001709 'san buenabentura' score=1.000 nombre=True saint_only=False terr= phase=auto_adopt
2026-07-29 15:34:06 - matching_Tlaxcala - DEBUG -     gz_id=1001730 'san buenabentura' score=1.000 nombre=True saint_only=False terr= phase=auto_adopt
2026-07-29 15:34:06 - matching_Tlaxcala - DEBUG -     gz_id=1003132 'san buenabentura' score=1.000 nombre=False saint_only=True terr= phase=candidate
2026-07-29 15:34:06 - matching_Tlaxcala - DEBUG -     gz_id=1003345 'mendocinas' score=1.000 nombre=False saint_only=True terr= phase=candidate
2026-07-29 15:34:06 - matching_Tlaxcala - DEBUG -     gz_id=1003474 'san buenabentura' score=1.000 nombre=False saint_only=True terr= phase=candidate
2026-07-29 15:34:06 - matching_Tlaxcala - DEBUG -     gz_id=1004335 'homun' score=1.000 nombre=False saint_only=True terr= phase=candidate
2026-07-29 15:34:06 - matching_Tlaxcala - DEBUG -     gz_id=1004446 'cinanche' score=1.000 nombre=False saint_only=True terr= phase=candidate
2026-07-29 15:34:06 - matching_Tlaxcala - DEBUG -     gz_id=1004745 'san buenabentura' score=1.000 nombre=True saint_only=False terr= phase=auto_adopt
2026-07-29 15:34:06 - matching_Tlaxcala - DEBUG -     gz_id=1004768 'cochiti' score=1.000 nombre=False saint_only=True terr= phase=candidate
2026-07-29 15:34:06 - matching_Tlaxcala - DEBUG -     gz_id=1005046 'san buenabentura' score=1.000 nombre=False saint_only=True terr= phase=candidate
2026-07-29 15:34:06 - matching_Tlaxcala - DEBUG -     gz_id=1005250 'san buenabentura' score=1.000 nombre=True saint_only=False terr= phase=auto_adopt
2026-07-29 15:34:06 - matching_Tlaxcala - DEBUG -     gz_id=1005367 'sainapuchi' score=1.000 nombre=False saint_only=True terr= phase=candidate
2026-07-29 15:34:06 - matching_Tlaxcala - DEBUG -     gz_id=2000717 'atirro' score=1.000 nombre=False saint_only=True terr= phase=candidate
2026-07-29 15:34:06 - matching_Tlaxcala - DEBUG -     gz_id=2000860 'san buenabentura' score=1.000 nombre=True saint_only=False terr= phase=auto_adopt
2026-07-29 15:34:06 - matching_Tlaxcala - DEBUG -     gz_id=3000038 'buenabentura' score=1.000 nombre=False saint_only=False terr= phase=auto_adopt
2026-07-29 15:34:06 - matching_Tlaxcala - DEBUG -     gz_id=4000300 'huri' score=1.000 nombre=False saint_only=True terr= phase=candidate
2026-07-29 15:34:06 - matching_Tlaxcala - DEBUG -     gz_id=4000369 'margarita' score=1.000 nombre=False saint_only=True terr= phase=candidate
2026-07-29 15:34:06 - matching_Tlaxcala - DEBUG -     gz_id=5000680 'corbado' score=1.000 nombre=False saint_only=True terr= phase=candidate
2026-07-29 15:34:06 - matching_Tlaxcala - DEBUG -     gz_id=5000714 'puerto san buenabentura' score=1.000 nombre=False saint_only=True terr= phase=candidate
2026-07-29 15:34:06 - matching_Tlaxcala - DEBUG -     gz_id=5600206 'buenabentura' score=1.000 nombre=False saint_only=False terr= phase=auto_adopt
2026-07-29 15:34:06 - matching_Tlaxcala - DEBUG -     gz_id=6000757 'san buenabentura' score=1.000 nombre=True saint_only=False terr= phase=auto_adopt
2026-07-29 15:34:06 - matching_Tlaxcala - DEBUG -     gz_id=6001048 'san buenabentura balle' score=1.000 nombre=False saint_only=True terr= phase=candidate
2026-07-29 15:34:06 - matching_Tlaxcala - DEBUG -     gz_id=6001173 'quimiri' score=1.000 nombre=False saint_only=True terr= phase=candidate
2026-07-29 15:34:06 - matching_Tlaxcala - DEBUG -     gz_id=6001546 'contamana' score=1.000 nombre=False saint_only=True terr= phase=candidate
2026-07-29 15:34:06 - matching_Tlaxcala - DEBUG -     gz_id=8000240 'tacuaremboti' score=1.000 nombre=False saint_only=True terr= phase=candidate
2026-07-29 15:34:06 - matching_Tlaxcala - DEBUG -     gz_id=9000099 'iahuaron' score=1.000 nombre=False saint_only=True terr= phase=candidate
2026-07-29 15:34:06 - matching_Tlaxcala - DEBUG -     gz_id=9900012 'sanasuru' score=1.000 nombre=False saint_only=True terr= phase=candidate
2026-07-29 15:34:06 - matching_Tlaxcala - DEBUG -     gz_id=9900017 'san buenabentura' score=1.000 nombre=False saint_only=True terr= phase=candidate
2026-07-29 15:34:06 - matching_Tlaxcala - DEBUG -     gz_id=9900916 'san buenabentura' score=1.000 nombre=True saint_only=False terr= phase=auto_adopt
2026-07-29 15:34:06 - matching_Tlaxcala - DEBUG -     gz_id=9940004 'roldanillo' score=1.000 nombre=False saint_only=True terr= phase=candidate
2026-07-29 15:34:06 - matching_Tlaxcala - DEBUG -     gz_id=7000113 'curico' score=0.897 nombre=False saint_only=False terr= phase=candidate
2026-07-29 15:34:06 - matching_Tlaxcala - INFO -   Before dedup: 38 candidates
2026-07-29 15:34:06 - matching_Tlaxcala - INFO -   After dedup: 38 unique gz_ids
2026-07-29 15:34:06 - matching_Tlaxcala - INFO -   Input has territorial data: False
2026-07-29 15:34:06 - matching_Tlaxcala - INFO -   Candidates with territory match: 0
2026-07-29 15:34:06 - matching_Tlaxcala - INFO -   No territorial filtering applied (no input territorial data)
2026-07-29 15:34:06 - matching_Tlaxcala - INFO -   Nombre matches (exact on lugar_nombre): 8
2026-07-29 15:34:06 - matching_Tlaxcala - INFO -   Saint-only matches: 27
2026-07-29 15:34:06 - matching_Tlaxcala - INFO -   Substantive matches: 11
2026-07-29 15:34:06 - matching_Tlaxcala - INFO -   NOMBRE PRIORITY: Keeping ONLY 8 nombre matches, discarding 3 others
2026-07-29 15:34:06 - matching_Tlaxcala - INFO -      gz_id=1000377: San Buenaventura
2026-07-29 15:34:06 - matching_Tlaxcala - INFO -      gz_id=1001709: San Buenaventura
2026-07-29 15:34:06 - matching_Tlaxcala - INFO -      gz_id=1001730: San Buenaventura
2026-07-29 15:34:06 - matching_Tlaxcala - INFO -      gz_id=1004745: San Buenaventura
2026-07-29 15:34:06 - matching_Tlaxcala - INFO -      gz_id=1005250: San Buenaventura
2026-07-29 15:34:06 - matching_Tlaxcala - INFO -      gz_id=2000860: San Buenaventura
2026-07-29 15:34:06 - matching_Tlaxcala - INFO -      gz_id=6000757: San Buenaventura
2026-07-29 15:34:06 - matching_Tlaxcala - INFO -      gz_id=9900916: San Buenaventura
2026-07-29 15:34:06 - matching_Tlaxcala - INFO -   Candidate pool (>= threshold): 8
2026-07-29 15:34:06 - matching_Tlaxcala - INFO -   8 candidate(s) -> candidate
2026-07-29 15:34:06 - matching_Tlaxcala - INFO -   rowID=241: found at step 'no_partido_jurisdiccion'
2026-07-29 15:34:06 - matching_Tlaxcala - INFO - 
============================================================
2026-07-29 15:34:06 - matching_Tlaxcala - INFO - Processing rowID=242: 'Huexotitlan' -> cleaned: 'huejotitlan'
2026-07-29 15:34:06 - matching_Tlaxcala - INFO -   Territorial context: (none)='' -> allowed rows: all
2026-07-29 15:34:06 - matching_Tlaxcala - INFO -   Token-based candidates: 9
2026-07-29 15:34:06 - matching_Tlaxcala - INFO -   Fuzzy matches (score >= 70, limit=500): 9
2026-07-29 15:34:06 - matching_Tlaxcala - DEBUG -     gz_id=1000507 'huejotitlan' score=1.000 nombre=False saint_only=False terr= phase=auto_adopt
2026-07-29 15:34:06 - matching_Tlaxcala - DEBUG -     gz_id=1000295 'huejotitan' score=0.952 nombre=False saint_only=False terr= phase=auto_adopt
2026-07-29 15:34:06 - matching_Tlaxcala - DEBUG -     gz_id=1001652 'huejotla' score=0.857 nombre=False saint_only=False terr= phase=candidate
2026-07-29 15:34:06 - matching_Tlaxcala - DEBUG -     gz_id=1000153 'huejolotitlan' score=0.818 nombre=False saint_only=False terr= phase=relegated
2026-07-29 15:34:06 - matching_Tlaxcala - DEBUG -     gz_id=1000164 'teotitlan camino' score=0.800 nombre=False saint_only=False terr= phase=relegated
2026-07-29 15:34:06 - matching_Tlaxcala - DEBUG -     gz_id=1000165 'teotitlan balle' score=0.800 nombre=False saint_only=False terr= phase=relegated
2026-07-29 15:34:06 - matching_Tlaxcala - DEBUG -     gz_id=1000523 'huentitan' score=0.800 nombre=False saint_only=False terr= phase=relegated
2026-07-29 15:34:06 - matching_Tlaxcala - DEBUG -     gz_id=1002344 'huajolotitlan' score=0.800 nombre=False saint_only=False terr= phase=relegated
2026-07-29 15:34:06 - matching_Tlaxcala - DEBUG -     gz_id=1000600 'cuexcomatitlan' score=0.706 nombre=False saint_only=False terr= phase=relegated
2026-07-29 15:34:06 - matching_Tlaxcala - INFO -   Before dedup: 9 candidates
2026-07-29 15:34:06 - matching_Tlaxcala - INFO -   After dedup: 9 unique gz_ids
2026-07-29 15:34:06 - matching_Tlaxcala - INFO -   Input has territorial data: False
2026-07-29 15:34:06 - matching_Tlaxcala - INFO -   Candidates with territory match: 0
2026-07-29 15:34:06 - matching_Tlaxcala - INFO -   No territorial filtering applied (no input territorial data)
2026-07-29 15:34:06 - matching_Tlaxcala - INFO -   Nombre matches (exact on lugar_nombre): 0
2026-07-29 15:34:06 - matching_Tlaxcala - INFO -   Saint-only matches: 0
2026-07-29 15:34:06 - matching_Tlaxcala - INFO -   Substantive matches: 9
2026-07-29 15:34:06 - matching_Tlaxcala - INFO -   Candidate pool (>= threshold): 3
2026-07-29 15:34:06 - matching_Tlaxcala - INFO -   3 candidate(s) -> candidate
2026-07-29 15:34:06 - matching_Tlaxcala - INFO -   rowID=242: found at step 'no_partido_jurisdiccion'
2026-07-29 15:34:06 - matching_Tlaxcala - INFO - 
============================================================
2026-07-29 15:34:06 - matching_Tlaxcala - INFO - Processing rowID=244: 'Zacapexco' -> cleaned: 'sacapexco'
2026-07-29 15:34:06 - matching_Tlaxcala - INFO -   Territorial context: (none)='' -> allowed rows: all
2026-07-29 15:34:06 - matching_Tlaxcala - INFO -   Token-based candidates: 4
2026-07-29 15:34:06 - matching_Tlaxcala - INFO -   Fuzzy matches (score >= 70, limit=500): 4
2026-07-29 15:34:06 - matching_Tlaxcala - DEBUG -     gz_id=1001071 'sacapexco' score=1.000 nombre=False saint_only=False terr= phase=auto_adopt
2026-07-29 15:34:06 - matching_Tlaxcala - DEBUG -     gz_id=1001024 'macapexco' score=0.941 nombre=False saint_only=False terr= phase=auto_adopt
2026-07-29 15:34:06 - matching_Tlaxcala - DEBUG -     gz_id=1003126 'cuapexco' score=0.933 nombre=False saint_only=False terr= phase=auto_adopt
2026-07-29 15:34:06 - matching_Tlaxcala - DEBUG -     gz_id=1001149 'coapexco' score=0.933 nombre=False saint_only=False terr= phase=auto_adopt
2026-07-29 15:34:06 - matching_Tlaxcala - INFO -   Before dedup: 4 candidates
2026-07-29 15:34:06 - matching_Tlaxcala - INFO -   After dedup: 4 unique gz_ids
2026-07-29 15:34:06 - matching_Tlaxcala - INFO -   Input has territorial data: False
2026-07-29 15:34:06 - matching_Tlaxcala - INFO -   Candidates with territory match: 0
2026-07-29 15:34:06 - matching_Tlaxcala - INFO -   No territorial filtering applied (no input territorial data)
2026-07-29 15:34:06 - matching_Tlaxcala - INFO -   Nombre matches (exact on lugar_nombre): 0
2026-07-29 15:34:06 - matching_Tlaxcala - INFO -   Saint-only matches: 0
2026-07-29 15:34:06 - matching_Tlaxcala - INFO -   Substantive matches: 4
2026-07-29 15:34:06 - matching_Tlaxcala - INFO -   Candidate pool (>= threshold): 4
2026-07-29 15:34:06 - matching_Tlaxcala - INFO -   4 candidate(s) -> candidate
2026-07-29 15:34:06 - matching_Tlaxcala - INFO -   rowID=244: found at step 'no_partido_jurisdiccion'
2026-07-29 15:34:06 - matching_Tlaxcala - INFO - 
============================================================
2026-07-29 15:34:06 - matching_Tlaxcala - INFO - Processing rowID=245: 'Socaque' -> cleaned: 'socaque'
2026-07-29 15:34:06 - matching_Tlaxcala - INFO -   Territorial context: (none)='' -> allowed rows: all
2026-07-29 15:34:06 - matching_Tlaxcala - INFO -   Token-based candidates: 0
2026-07-29 15:34:06 - matching_Tlaxcala - WARNING -   No candidates found - relegated
2026-07-29 15:34:06 - matching_Tlaxcala - INFO - 
============================================================
2026-07-29 15:34:06 - matching_Tlaxcala - INFO - Processing rowID=245: 'Socaque' -> cleaned: 'socaque'
2026-07-29 15:34:06 - matching_Tlaxcala - INFO -   Territorial context: (none)='' -> allowed rows: all
2026-07-29 15:34:06 - matching_Tlaxcala - INFO -   Token-based candidates: 0
2026-07-29 15:34:06 - matching_Tlaxcala - WARNING -   No candidates found - relegated
2026-07-29 15:34:06 - matching_Tlaxcala - INFO - 
============================================================
2026-07-29 15:34:06 - matching_Tlaxcala - INFO - Processing rowID=245: 'Socaque' -> cleaned: 'socaque'
2026-07-29 15:34:06 - matching_Tlaxcala - INFO -   Territorial context: (none)='' -> allowed rows: all
2026-07-29 15:34:06 - matching_Tlaxcala - INFO -   Token-based candidates: 0
2026-07-29 15:34:06 - matching_Tlaxcala - WARNING -   No candidates found - relegated
2026-07-29 15:34:06 - matching_Tlaxcala - INFO - 
============================================================
2026-07-29 15:34:06 - matching_Tlaxcala - INFO - Processing rowID=246: 'Tepezalam' -> cleaned: 'tepesalam'
2026-07-29 15:34:06 - matching_Tlaxcala - INFO -   Territorial context: (none)='' -> allowed rows: all
2026-07-29 15:34:06 - matching_Tlaxcala - INFO -   Token-based candidates: 0
2026-07-29 15:34:06 - matching_Tlaxcala - WARNING -   No candidates found - relegated
2026-07-29 15:34:06 - matching_Tlaxcala - INFO - 
============================================================
2026-07-29 15:34:06 - matching_Tlaxcala - INFO - Processing rowID=246: 'Tepezalam' -> cleaned: 'tepesalam'
2026-07-29 15:34:06 - matching_Tlaxcala - INFO -   Territorial context: (none)='' -> allowed rows: all
2026-07-29 15:34:06 - matching_Tlaxcala - INFO -   Token-based candidates: 0
2026-07-29 15:34:06 - matching_Tlaxcala - WARNING -   No candidates found - relegated
2026-07-29 15:34:06 - matching_Tlaxcala - INFO - 
============================================================
2026-07-29 15:34:06 - matching_Tlaxcala - INFO - Processing rowID=246: 'Tepezalam' -> cleaned: 'tepesalam'
2026-07-29 15:34:06 - matching_Tlaxcala - INFO -   Territorial context: (none)='' -> allowed rows: all
2026-07-29 15:34:06 - matching_Tlaxcala - INFO -   Token-based candidates: 0
2026-07-29 15:34:06 - matching_Tlaxcala - WARNING -   No candidates found - relegated
2026-07-29 15:34:07 - matching_Tlaxcala - INFO - 
============================================================
2026-07-29 15:34:07 - matching_Tlaxcala - INFO - Processing rowID=247: 'Zotoluca' -> cleaned: 'sotoluca'
2026-07-29 15:34:07 - matching_Tlaxcala - INFO -   Territorial context: (none)='' -> allowed rows: all
2026-07-29 15:34:07 - matching_Tlaxcala - INFO -   Token-based candidates: 3
2026-07-29 15:34:07 - matching_Tlaxcala - INFO -   Fuzzy matches (score >= 70, limit=500): 3
2026-07-29 15:34:07 - matching_Tlaxcala - DEBUG -     gz_id=1000109 'toluca' score=1.000 nombre=False saint_only=False terr= phase=auto_adopt
2026-07-29 15:34:07 - matching_Tlaxcala - DEBUG -     gz_id=1003638 'atoluca' score=0.923 nombre=False saint_only=False terr= phase=auto_adopt
2026-07-29 15:34:07 - matching_Tlaxcala - DEBUG -     gz_id=6000150 'sotoca' score=0.800 nombre=False saint_only=False terr= phase=relegated
2026-07-29 15:34:07 - matching_Tlaxcala - INFO -   Before dedup: 3 candidates
2026-07-29 15:34:07 - matching_Tlaxcala - INFO -   After dedup: 3 unique gz_ids
2026-07-29 15:34:07 - matching_Tlaxcala - INFO -   Input has territorial data: False
2026-07-29 15:34:07 - matching_Tlaxcala - INFO -   Candidates with territory match: 0
2026-07-29 15:34:07 - matching_Tlaxcala - INFO -   No territorial filtering applied (no input territorial data)
2026-07-29 15:34:07 - matching_Tlaxcala - INFO -   Nombre matches (exact on lugar_nombre): 0
2026-07-29 15:34:07 - matching_Tlaxcala - INFO -   Saint-only matches: 0
2026-07-29 15:34:07 - matching_Tlaxcala - INFO -   Substantive matches: 3
2026-07-29 15:34:07 - matching_Tlaxcala - INFO -   Candidate pool (>= threshold): 2
2026-07-29 15:34:07 - matching_Tlaxcala - INFO -   2 candidate(s) -> candidate
2026-07-29 15:34:07 - matching_Tlaxcala - INFO -   rowID=247: found at step 'no_partido_jurisdiccion'
2026-07-29 15:34:07 - matching_Tlaxcala - INFO - 
============================================================
2026-07-29 15:34:07 - matching_Tlaxcala - INFO - Processing rowID=248: 'Toltecapa' -> cleaned: 'toltecapa'
2026-07-29 15:34:07 - matching_Tlaxcala - INFO -   Territorial context: (none)='' -> allowed rows: all
2026-07-29 15:34:07 - matching_Tlaxcala - INFO -   Token-based candidates: 3
2026-07-29 15:34:07 - matching_Tlaxcala - INFO -   Fuzzy matches (score >= 70, limit=500): 3
2026-07-29 15:34:07 - matching_Tlaxcala - DEBUG -     gz_id=2000484 'tecapa' score=1.000 nombre=False saint_only=False terr= phase=auto_adopt
2026-07-29 15:34:07 - matching_Tlaxcala - DEBUG -     gz_id=1001342 'tolapa' score=0.800 nombre=False saint_only=False terr= phase=relegated
2026-07-29 15:34:07 - matching_Tlaxcala - DEBUG -     gz_id=1003327 'tolapa' score=0.800 nombre=False saint_only=False terr= phase=relegated
2026-07-29 15:34:07 - matching_Tlaxcala - INFO -   Before dedup: 3 candidates
2026-07-29 15:34:07 - matching_Tlaxcala - INFO -   After dedup: 3 unique gz_ids
2026-07-29 15:34:07 - matching_Tlaxcala - INFO -   Input has territorial data: False
2026-07-29 15:34:07 - matching_Tlaxcala - INFO -   Candidates with territory match: 0
2026-07-29 15:34:07 - matching_Tlaxcala - INFO -   No territorial filtering applied (no input territorial data)
2026-07-29 15:34:07 - matching_Tlaxcala - INFO -   Nombre matches (exact on lugar_nombre): 0
2026-07-29 15:34:07 - matching_Tlaxcala - INFO -   Saint-only matches: 0
2026-07-29 15:34:07 - matching_Tlaxcala - INFO -   Substantive matches: 3
2026-07-29 15:34:07 - matching_Tlaxcala - INFO -   Candidate pool (>= threshold): 1
2026-07-29 15:34:07 - matching_Tlaxcala - INFO -   1 candidate(s) -> candidate
2026-07-29 15:34:07 - matching_Tlaxcala - INFO -   rowID=248: found at step 'no_partido_jurisdiccion'
2026-07-29 15:34:07 - matching_Tlaxcala - INFO - 
============================================================
2026-07-29 15:34:07 - matching_Tlaxcala - INFO - Processing rowID=249: 'La  Palma' -> cleaned: 'palma'
2026-07-29 15:34:07 - matching_Tlaxcala - INFO -   Territorial context: (none)='' -> allowed rows: all
2026-07-29 15:34:07 - matching_Tlaxcala - INFO -   Token-based candidates: 47
2026-07-29 15:34:07 - matching_Tlaxcala - INFO -   Fuzzy matches (score >= 70, limit=500): 47
2026-07-29 15:34:07 - matching_Tlaxcala - DEBUG -     gz_id=1001052 'santa maria palma' score=1.000 nombre=False saint_only=False terr= phase=auto_adopt
2026-07-29 15:34:07 - matching_Tlaxcala - DEBUG -     gz_id=1001186 'san ahustin palmas' score=1.000 nombre=False saint_only=False terr= phase=auto_adopt
2026-07-29 15:34:07 - matching_Tlaxcala - DEBUG -     gz_id=9900610 'palmar' score=1.000 nombre=False saint_only=False terr= phase=auto_adopt
2026-07-29 15:34:07 - matching_Tlaxcala - DEBUG -     gz_id=7000258 'palma' score=1.000 nombre=True saint_only=False terr= phase=auto_adopt
2026-07-29 15:34:07 - matching_Tlaxcala - DEBUG -     gz_id=1003554 'san ahustin palmar' score=1.000 nombre=False saint_only=False terr= phase=auto_adopt
2026-07-29 15:34:07 - matching_Tlaxcala - DEBUG -     gz_id=1000689 'posos' score=1.000 nombre=False saint_only=False terr= phase=auto_adopt
2026-07-29 15:34:07 - matching_Tlaxcala - DEBUG -     gz_id=1004647 'san joce cabo' score=1.000 nombre=False saint_only=False terr= phase=auto_adopt
2026-07-29 15:34:07 - matching_Tlaxcala - DEBUG -     gz_id=1004648 'santa rosa' score=1.000 nombre=False saint_only=False terr= phase=auto_adopt
2026-07-29 15:34:07 - matching_Tlaxcala - DEBUG -     gz_id=7000148 'palmas' score=1.000 nombre=False saint_only=False terr= phase=auto_adopt
2026-07-29 15:34:07 - matching_Tlaxcala - DEBUG -     gz_id=5000128 'palmas' score=1.000 nombre=False saint_only=False terr= phase=auto_adopt
2026-07-29 15:34:07 - matching_Tlaxcala - DEBUG -     gz_id=4000548 'palma' score=1.000 nombre=False saint_only=False terr= phase=auto_adopt
2026-07-29 15:34:07 - matching_Tlaxcala - DEBUG -     gz_id=1003835 'palma' score=1.000 nombre=False saint_only=False terr= phase=auto_adopt
2026-07-29 15:34:07 - matching_Tlaxcala - DEBUG -     gz_id=9900935 'palmar' score=1.000 nombre=False saint_only=False terr= phase=auto_adopt
2026-07-29 15:34:07 - matching_Tlaxcala - DEBUG -     gz_id=5600340 'palma real' score=1.000 nombre=False saint_only=False terr= phase=auto_adopt
2026-07-29 15:34:07 - matching_Tlaxcala - DEBUG -     gz_id=4000290 'palmar' score=1.000 nombre=False saint_only=False terr= phase=auto_adopt
2026-07-29 15:34:07 - matching_Tlaxcala - DEBUG -     gz_id=5000031 'palma' score=1.000 nombre=True saint_only=False terr= phase=auto_adopt
2026-07-29 15:34:07 - matching_Tlaxcala - DEBUG -     gz_id=5000165 'palmar barela' score=1.000 nombre=False saint_only=False terr= phase=auto_adopt
2026-07-29 15:34:07 - matching_Tlaxcala - DEBUG -     gz_id=5000037 'salasar' score=1.000 nombre=False saint_only=False terr= phase=auto_adopt
2026-07-29 15:34:07 - matching_Tlaxcala - DEBUG -     gz_id=9901114 'palmas' score=1.000 nombre=False saint_only=False terr= phase=auto_adopt
2026-07-29 15:34:07 - matching_Tlaxcala - DEBUG -     gz_id=5000170 'palmar candelaria' score=1.000 nombre=False saint_only=False terr= phase=auto_adopt
2026-07-29 15:34:07 - matching_Tlaxcala - DEBUG -     gz_id=3000096 'palma' score=1.000 nombre=False saint_only=False terr= phase=auto_adopt
2026-07-29 15:34:07 - matching_Tlaxcala - DEBUG -     gz_id=5600825 'san diego' score=1.000 nombre=False saint_only=False terr= phase=auto_adopt
2026-07-29 15:34:07 - matching_Tlaxcala - DEBUG -     gz_id=4000604 'palmas' score=1.000 nombre=False saint_only=False terr= phase=auto_adopt
2026-07-29 15:34:07 - matching_Tlaxcala - DEBUG -     gz_id=3000100 'consolacion norte' score=1.000 nombre=False saint_only=False terr= phase=auto_adopt
2026-07-29 15:34:07 - matching_Tlaxcala - DEBUG -     gz_id=1004841 'san pablo' score=1.000 nombre=False saint_only=False terr= phase=auto_adopt
2026-07-29 15:34:07 - matching_Tlaxcala - DEBUG -     gz_id=9900975 'rio palmar' score=1.000 nombre=False saint_only=False terr= phase=auto_adopt
2026-07-29 15:34:07 - matching_Tlaxcala - DEBUG -     gz_id=9900836 'balle palmar' score=1.000 nombre=False saint_only=False terr= phase=auto_adopt
2026-07-29 15:34:07 - matching_Tlaxcala - DEBUG -     gz_id=7000196 'palmas' score=1.000 nombre=False saint_only=False terr= phase=auto_adopt
2026-07-29 15:34:07 - matching_Tlaxcala - DEBUG -     gz_id=9901139 'palmar' score=1.000 nombre=False saint_only=False terr= phase=auto_adopt
2026-07-29 15:34:07 - matching_Tlaxcala - DEBUG -     gz_id=9900862 'palmas' score=1.000 nombre=False saint_only=False terr= phase=auto_adopt
2026-07-29 15:34:07 - matching_Tlaxcala - DEBUG -     gz_id=6001050 'pisano' score=0.800 nombre=False saint_only=False terr= phase=relegated
2026-07-29 15:34:07 - matching_Tlaxcala - DEBUG -     gz_id=8000396 'pampa grande' score=0.800 nombre=False saint_only=False terr= phase=relegated
2026-07-29 15:34:07 - matching_Tlaxcala - DEBUG -     gz_id=8000142 'palca' score=0.800 nombre=False saint_only=False terr= phase=relegated
2026-07-29 15:34:07 - matching_Tlaxcala - DEBUG -     gz_id=1005175 'san icidro palomas' score=0.800 nombre=False saint_only=False terr= phase=relegated
2026-07-29 15:34:07 - matching_Tlaxcala - DEBUG -     gz_id=9900027 'san francisco paula' score=0.800 nombre=False saint_only=False terr= phase=relegated
2026-07-29 15:34:07 - matching_Tlaxcala - DEBUG -     gz_id=8000027 'palca' score=0.800 nombre=False saint_only=False terr= phase=relegated
2026-07-29 15:34:07 - matching_Tlaxcala - DEBUG -     gz_id=5600167 'paila' score=0.800 nombre=False saint_only=False terr= phase=relegated
2026-07-29 15:34:07 - matching_Tlaxcala - DEBUG -     gz_id=5000799 'san benito' score=0.800 nombre=False saint_only=False terr= phase=relegated
2026-07-29 15:34:07 - matching_Tlaxcala - DEBUG -     gz_id=6000592 'palca' score=0.800 nombre=False saint_only=False terr= phase=relegated
2026-07-29 15:34:07 - matching_Tlaxcala - DEBUG -     gz_id=8000581 'paila' score=0.800 nombre=False saint_only=False terr= phase=relegated
2026-07-29 15:34:07 - matching_Tlaxcala - DEBUG -     gz_id=8000334 'pampa aullagas' score=0.800 nombre=False saint_only=False terr= phase=relegated
2026-07-29 15:34:07 - matching_Tlaxcala - DEBUG -     gz_id=6000863 'palpa' score=0.800 nombre=False saint_only=False terr= phase=relegated
2026-07-29 15:34:07 - matching_Tlaxcala - DEBUG -     gz_id=9000557 'uquia' score=0.800 nombre=False saint_only=False terr= phase=relegated
2026-07-29 15:34:07 - matching_Tlaxcala - DEBUG -     gz_id=9900101 'fuerte palca' score=0.800 nombre=False saint_only=False terr= phase=relegated
2026-07-29 15:34:07 - matching_Tlaxcala - DEBUG -     gz_id=8000229 'charapaia' score=0.800 nombre=False saint_only=False terr= phase=relegated
2026-07-29 15:34:07 - matching_Tlaxcala - DEBUG -     gz_id=8000615 'palca' score=0.800 nombre=False saint_only=False terr= phase=relegated
2026-07-29 15:34:07 - matching_Tlaxcala - DEBUG -     gz_id=9000320 'huanaco pampa' score=0.800 nombre=False saint_only=False terr= phase=relegated
2026-07-29 15:34:07 - matching_Tlaxcala - INFO -   Before dedup: 47 candidates
2026-07-29 15:34:07 - matching_Tlaxcala - INFO -   After dedup: 47 unique gz_ids
2026-07-29 15:34:07 - matching_Tlaxcala - INFO -   Input has territorial data: False
2026-07-29 15:34:07 - matching_Tlaxcala - INFO -   Candidates with territory match: 0
2026-07-29 15:34:07 - matching_Tlaxcala - INFO -   No territorial filtering applied (no input territorial data)
2026-07-29 15:34:07 - matching_Tlaxcala - INFO -   Nombre matches (exact on lugar_nombre): 2
2026-07-29 15:34:07 - matching_Tlaxcala - INFO -   Saint-only matches: 0
2026-07-29 15:34:07 - matching_Tlaxcala - INFO -   Substantive matches: 47
2026-07-29 15:34:07 - matching_Tlaxcala - INFO -   NOMBRE PRIORITY: Keeping ONLY 2 nombre matches, discarding 45 others
2026-07-29 15:34:07 - matching_Tlaxcala - INFO -      gz_id=7000258: Palma
2026-07-29 15:34:07 - matching_Tlaxcala - INFO -      gz_id=5000031: La Palma
2026-07-29 15:34:07 - matching_Tlaxcala - INFO -   Candidate pool (>= threshold): 2
2026-07-29 15:34:07 - matching_Tlaxcala - INFO -   2 candidate(s) -> candidate
2026-07-29 15:34:07 - matching_Tlaxcala - INFO -   rowID=249: found at step 'no_partido_jurisdiccion'
2026-07-29 15:34:07 - matching_Tlaxcala - INFO - 
============================================================
2026-07-29 15:34:07 - matching_Tlaxcala - INFO - Processing rowID=250: 'Toloquilla' -> cleaned: 'toloquilla'
2026-07-29 15:34:07 - matching_Tlaxcala - INFO -   Territorial context: (none)='' -> allowed rows: all
2026-07-29 15:34:07 - matching_Tlaxcala - INFO -   Token-based candidates: 1
2026-07-29 15:34:07 - matching_Tlaxcala - INFO -   Fuzzy matches (score >= 70, limit=500): 1
2026-07-29 15:34:07 - matching_Tlaxcala - DEBUG -     gz_id=1000623 'toluquilla' score=0.900 nombre=False saint_only=False terr= phase=auto_adopt
2026-07-29 15:34:07 - matching_Tlaxcala - INFO -   Before dedup: 1 candidates
2026-07-29 15:34:07 - matching_Tlaxcala - INFO -   After dedup: 1 unique gz_ids
2026-07-29 15:34:07 - matching_Tlaxcala - INFO -   Input has territorial data: False
2026-07-29 15:34:07 - matching_Tlaxcala - INFO -   Candidates with territory match: 0
2026-07-29 15:34:07 - matching_Tlaxcala - INFO -   No territorial filtering applied (no input territorial data)
2026-07-29 15:34:07 - matching_Tlaxcala - INFO -   Nombre matches (exact on lugar_nombre): 0
2026-07-29 15:34:07 - matching_Tlaxcala - INFO -   Saint-only matches: 0
2026-07-29 15:34:07 - matching_Tlaxcala - INFO -   Substantive matches: 1
2026-07-29 15:34:07 - matching_Tlaxcala - INFO -   Candidate pool (>= threshold): 1
2026-07-29 15:34:07 - matching_Tlaxcala - INFO -   1 candidate(s) -> candidate
2026-07-29 15:34:07 - matching_Tlaxcala - INFO -   rowID=250: found at step 'no_partido_jurisdiccion'
2026-07-29 15:34:07 - matching_Tlaxcala - INFO - 
============================================================
2026-07-29 15:34:07 - matching_Tlaxcala - INFO - Processing rowID=252: 'Tecamacal' -> cleaned: 'tecamacal'
2026-07-29 15:34:07 - matching_Tlaxcala - INFO -   Territorial context: (none)='' -> allowed rows: all
2026-07-29 15:34:07 - matching_Tlaxcala - INFO -   Token-based candidates: 3
2026-07-29 15:34:07 - matching_Tlaxcala - INFO -   Fuzzy matches (score >= 70, limit=500): 3
2026-07-29 15:34:07 - matching_Tlaxcala - DEBUG -     gz_id=1000989 'tecamac' score=1.000 nombre=False saint_only=False terr= phase=auto_adopt
2026-07-29 15:34:07 - matching_Tlaxcala - DEBUG -     gz_id=1001439 'tecamachalco' score=0.889 nombre=False saint_only=False terr= phase=candidate
2026-07-29 15:34:07 - matching_Tlaxcala - DEBUG -     gz_id=1003564 'tecamachalco' score=0.889 nombre=False saint_only=False terr= phase=candidate
2026-07-29 15:34:07 - matching_Tlaxcala - INFO -   Before dedup: 3 candidates
2026-07-29 15:34:07 - matching_Tlaxcala - INFO -   After dedup: 3 unique gz_ids
2026-07-29 15:34:07 - matching_Tlaxcala - INFO -   Input has territorial data: False
2026-07-29 15:34:07 - matching_Tlaxcala - INFO -   Candidates with territory match: 0
2026-07-29 15:34:07 - matching_Tlaxcala - INFO -   No territorial filtering applied (no input territorial data)
2026-07-29 15:34:07 - matching_Tlaxcala - INFO -   Nombre matches (exact on lugar_nombre): 0
2026-07-29 15:34:07 - matching_Tlaxcala - INFO -   Saint-only matches: 0
2026-07-29 15:34:07 - matching_Tlaxcala - INFO -   Substantive matches: 3
2026-07-29 15:34:07 - matching_Tlaxcala - INFO -   Candidate pool (>= threshold): 3
2026-07-29 15:34:07 - matching_Tlaxcala - INFO -   3 candidate(s) -> candidate
2026-07-29 15:34:07 - matching_Tlaxcala - INFO -   rowID=252: found at step 'no_partido_jurisdiccion'
2026-07-29 15:34:07 - matching_Tlaxcala - INFO - 
============================================================
2026-07-29 15:34:07 - matching_Tlaxcala - INFO - Processing rowID=254: 'La Puerta' -> cleaned: 'puerta'
2026-07-29 15:34:07 - matching_Tlaxcala - INFO -   Territorial context: (none)='' -> allowed rows: all
2026-07-29 15:34:07 - matching_Tlaxcala - INFO -   Token-based candidates: 45
2026-07-29 15:34:07 - matching_Tlaxcala - INFO -   Fuzzy matches (score >= 70, limit=500): 45
2026-07-29 15:34:07 - matching_Tlaxcala - DEBUG -     gz_id=4000661 'bomboi' score=1.000 nombre=False saint_only=False terr= phase=auto_adopt
2026-07-29 15:34:07 - matching_Tlaxcala - DEBUG -     gz_id=3000247 'puerta huira' score=1.000 nombre=False saint_only=False terr= phase=auto_adopt
2026-07-29 15:34:07 - matching_Tlaxcala - DEBUG -     gz_id=9901005 'puerto brito' score=0.909 nombre=False saint_only=False terr= phase=auto_adopt
2026-07-29 15:34:07 - matching_Tlaxcala - DEBUG -     gz_id=2000568 'puerto caballos' score=0.909 nombre=False saint_only=False terr= phase=auto_adopt
2026-07-29 15:34:07 - matching_Tlaxcala - DEBUG -     gz_id=5000218 'puerto nare' score=0.909 nombre=False saint_only=False terr= phase=auto_adopt
2026-07-29 15:34:07 - matching_Tlaxcala - DEBUG -     gz_id=6000024 'ilo' score=0.909 nombre=False saint_only=False terr= phase=auto_adopt
2026-07-29 15:34:07 - matching_Tlaxcala - DEBUG -     gz_id=3000002 'puerto principe' score=0.909 nombre=False saint_only=False terr= phase=auto_adopt
2026-07-29 15:34:07 - matching_Tlaxcala - DEBUG -     gz_id=5000623 'canaberales' score=0.909 nombre=False saint_only=False terr= phase=auto_adopt
2026-07-29 15:34:07 - matching_Tlaxcala - DEBUG -     gz_id=7000118 'huerta' score=0.909 nombre=False saint_only=False terr= phase=auto_adopt
2026-07-29 15:34:07 - matching_Tlaxcala - DEBUG -     gz_id=3000174 'puerto plata' score=0.909 nombre=False saint_only=False terr= phase=auto_adopt
2026-07-29 15:34:07 - matching_Tlaxcala - DEBUG -     gz_id=6001447 'huanchaco' score=0.909 nombre=False saint_only=False terr= phase=auto_adopt
2026-07-29 15:34:07 - matching_Tlaxcala - DEBUG -     gz_id=9901029 'puerto' score=0.909 nombre=False saint_only=False terr= phase=auto_adopt
2026-07-29 15:34:07 - matching_Tlaxcala - DEBUG -     gz_id=9940002 'huiria' score=0.909 nombre=False saint_only=False terr= phase=auto_adopt
2026-07-29 15:34:07 - matching_Tlaxcala - DEBUG -     gz_id=5600028 'puerto biejo' score=0.909 nombre=False saint_only=False terr= phase=auto_adopt
2026-07-29 15:34:07 - matching_Tlaxcala - DEBUG -     gz_id=5000374 'puerto real' score=0.909 nombre=False saint_only=False terr= phase=auto_adopt
2026-07-29 15:34:07 - matching_Tlaxcala - DEBUG -     gz_id=4000107 'puerto cabello' score=0.909 nombre=False saint_only=False terr= phase=auto_adopt
2026-07-29 15:34:07 - matching_Tlaxcala - DEBUG -     gz_id=5000653 'puerto san salbador' score=0.909 nombre=False saint_only=False terr= phase=auto_adopt
2026-07-29 15:34:07 - matching_Tlaxcala - DEBUG -     gz_id=2000875 'puerto san carlos' score=0.909 nombre=False saint_only=False terr= phase=auto_adopt
2026-07-29 15:34:07 - matching_Tlaxcala - DEBUG -     gz_id=9900197 'india muerta' score=0.909 nombre=False saint_only=False terr= phase=auto_adopt
2026-07-29 15:34:07 - matching_Tlaxcala - DEBUG -     gz_id=1000059 'puerto san blas' score=0.909 nombre=False saint_only=False terr= phase=auto_adopt
2026-07-29 15:34:07 - matching_Tlaxcala - DEBUG -     gz_id=5600602 'napo' score=0.909 nombre=False saint_only=False terr= phase=auto_adopt
2026-07-29 15:34:07 - matching_Tlaxcala - DEBUG -     gz_id=4000004 'puerto espana' score=0.909 nombre=False saint_only=False terr= phase=auto_adopt
2026-07-29 15:34:07 - matching_Tlaxcala - DEBUG -     gz_id=9901246 'puerto real' score=0.909 nombre=False saint_only=False terr= phase=auto_adopt
2026-07-29 15:34:07 - matching_Tlaxcala - DEBUG -     gz_id=9000716 'puerto deceado' score=0.909 nombre=False saint_only=False terr= phase=auto_adopt
2026-07-29 15:34:07 - matching_Tlaxcala - DEBUG -     gz_id=9000717 'puerto deceado' score=0.909 nombre=False saint_only=False terr= phase=auto_adopt
2026-07-29 15:34:07 - matching_Tlaxcala - DEBUG -     gz_id=7000322 'huerta' score=0.909 nombre=False saint_only=False terr= phase=auto_adopt
2026-07-29 15:34:07 - matching_Tlaxcala - DEBUG -     gz_id=2000132 'puerto acajutla' score=0.909 nombre=False saint_only=False terr= phase=auto_adopt
2026-07-29 15:34:07 - matching_Tlaxcala - DEBUG -     gz_id=3000257 'mansanillo' score=0.909 nombre=False saint_only=False terr= phase=auto_adopt
2026-07-29 15:34:07 - matching_Tlaxcala - DEBUG -     gz_id=5000714 'puerto san buenabentura' score=0.909 nombre=False saint_only=False terr= phase=auto_adopt
2026-07-29 15:34:07 - matching_Tlaxcala - DEBUG -     gz_id=9900974 'puerto salto' score=0.909 nombre=False saint_only=False terr= phase=auto_adopt
2026-07-29 15:34:07 - matching_Tlaxcala - DEBUG -     gz_id=2000009 'trujillo' score=0.909 nombre=False saint_only=False terr= phase=auto_adopt
2026-07-29 15:34:07 - matching_Tlaxcala - DEBUG -     gz_id=9900701 'puerto huasco' score=0.909 nombre=False saint_only=False terr= phase=auto_adopt
2026-07-29 15:34:07 - matching_Tlaxcala - DEBUG -     gz_id=9900839 'huerta' score=0.909 nombre=False saint_only=False terr= phase=auto_adopt
2026-07-29 15:34:07 - matching_Tlaxcala - DEBUG -     gz_id=9900704 'puerto copiapo' score=0.909 nombre=False saint_only=False terr= phase=auto_adopt
2026-07-29 15:34:07 - matching_Tlaxcala - DEBUG -     gz_id=4000323 'puerto santo' score=0.909 nombre=False saint_only=False terr= phase=auto_adopt
2026-07-29 15:34:07 - matching_Tlaxcala - DEBUG -     gz_id=3000160 'san juan puerto' score=0.833 nombre=False saint_only=False terr= phase=relegated
2026-07-29 15:34:07 - matching_Tlaxcala - DEBUG -     gz_id=7000133 'huerta mataquito' score=0.833 nombre=False saint_only=False terr= phase=relegated
2026-07-29 15:34:07 - matching_Tlaxcala - DEBUG -     gz_id=1002401 'san mihuel puerto' score=0.833 nombre=False saint_only=False terr= phase=relegated
2026-07-29 15:34:07 - matching_Tlaxcala - DEBUG -     gz_id=5600050 'barbacoas' score=0.833 nombre=False saint_only=False terr= phase=relegated
2026-07-29 15:34:07 - matching_Tlaxcala - DEBUG -     gz_id=5000017 'san martin' score=0.833 nombre=False saint_only=False terr= phase=relegated
2026-07-29 15:34:07 - matching_Tlaxcala - DEBUG -     gz_id=8000466 'cobija' score=0.833 nombre=False saint_only=False terr= phase=relegated
2026-07-29 15:34:07 - matching_Tlaxcala - DEBUG -     gz_id=9000718 'floridablanca' score=0.833 nombre=False saint_only=False terr= phase=relegated
2026-07-29 15:34:07 - matching_Tlaxcala - DEBUG -     gz_id=5000185 'ponedera' score=0.833 nombre=False saint_only=False terr= phase=relegated
2026-07-29 15:34:07 - matching_Tlaxcala - DEBUG -     gz_id=7000377 'concepcion' score=0.800 nombre=False saint_only=False terr= phase=relegated
2026-07-29 15:34:07 - matching_Tlaxcala - DEBUG -     gz_id=5000119 'sampues' score=0.800 nombre=False saint_only=False terr= phase=relegated
2026-07-29 15:34:07 - matching_Tlaxcala - INFO -   Before dedup: 45 candidates
2026-07-29 15:34:07 - matching_Tlaxcala - INFO -   After dedup: 45 unique gz_ids
2026-07-29 15:34:07 - matching_Tlaxcala - INFO -   Input has territorial data: False
2026-07-29 15:34:07 - matching_Tlaxcala - INFO -   Candidates with territory match: 0
2026-07-29 15:34:07 - matching_Tlaxcala - INFO -   No territorial filtering applied (no input territorial data)
2026-07-29 15:34:07 - matching_Tlaxcala - INFO -   Nombre matches (exact on lugar_nombre): 0
2026-07-29 15:34:07 - matching_Tlaxcala - INFO -   Saint-only matches: 0
2026-07-29 15:34:07 - matching_Tlaxcala - INFO -   Substantive matches: 45
2026-07-29 15:34:07 - matching_Tlaxcala - INFO -   Candidate pool (>= threshold): 35
2026-07-29 15:34:07 - matching_Tlaxcala - INFO -   35 candidate(s) -> candidate
2026-07-29 15:34:07 - matching_Tlaxcala - INFO -   rowID=254: found at step 'no_partido_jurisdiccion'
2026-07-29 15:34:07 - matching_Tlaxcala - INFO - 
============================================================
2026-07-29 15:34:07 - matching_Tlaxcala - INFO - Processing rowID=256: 'Zoltepeque' -> cleaned: 'soltepeque'
2026-07-29 15:34:07 - matching_Tlaxcala - INFO -   Territorial context: (none)='' -> allowed rows: all
2026-07-29 15:34:07 - matching_Tlaxcala - INFO -   Token-based candidates: 7
2026-07-29 15:34:07 - matching_Tlaxcala - INFO -   Fuzzy matches (score >= 70, limit=500): 7
2026-07-29 15:34:07 - matching_Tlaxcala - DEBUG -     gz_id=2000475 'quesaltepeque cierra' score=0.900 nombre=False saint_only=False terr= phase=auto_adopt
2026-07-29 15:34:07 - matching_Tlaxcala - DEBUG -     gz_id=2000552 'ocotepeque' score=0.889 nombre=False saint_only=False terr= phase=candidate
2026-07-29 15:34:07 - matching_Tlaxcala - DEBUG -     gz_id=2000438 'teotepeque' score=0.889 nombre=False saint_only=False terr= phase=candidate
2026-07-29 15:34:07 - matching_Tlaxcala - DEBUG -     gz_id=2000239 'ixtepeque' score=0.875 nombre=False saint_only=False terr= phase=candidate
2026-07-29 15:34:07 - matching_Tlaxcala - DEBUG -     gz_id=2000424 'coatepeque' score=0.842 nombre=False saint_only=False terr= phase=relegated
2026-07-29 15:34:07 - matching_Tlaxcala - DEBUG -     gz_id=2000371 'coatepeque' score=0.842 nombre=False saint_only=False terr= phase=relegated
2026-07-29 15:34:07 - matching_Tlaxcala - DEBUG -     gz_id=2000183 'olintepeque' score=0.824 nombre=False saint_only=False terr= phase=relegated
2026-07-29 15:34:07 - matching_Tlaxcala - INFO -   Before dedup: 7 candidates
2026-07-29 15:34:07 - matching_Tlaxcala - INFO -   After dedup: 7 unique gz_ids
2026-07-29 15:34:07 - matching_Tlaxcala - INFO -   Input has territorial data: False
2026-07-29 15:34:07 - matching_Tlaxcala - INFO -   Candidates with territory match: 0
2026-07-29 15:34:07 - matching_Tlaxcala - INFO -   No territorial filtering applied (no input territorial data)
2026-07-29 15:34:07 - matching_Tlaxcala - INFO -   Nombre matches (exact on lugar_nombre): 0
2026-07-29 15:34:07 - matching_Tlaxcala - INFO -   Saint-only matches: 0
2026-07-29 15:34:07 - matching_Tlaxcala - INFO -   Substantive matches: 7
2026-07-29 15:34:07 - matching_Tlaxcala - INFO -   Candidate pool (>= threshold): 4
2026-07-29 15:34:07 - matching_Tlaxcala - INFO -   4 candidate(s) -> candidate
2026-07-29 15:34:07 - matching_Tlaxcala - INFO -   rowID=256: found at step 'no_partido_jurisdiccion'
2026-07-29 15:34:07 - matching_Tlaxcala - INFO - 
============================================================
2026-07-29 15:34:07 - matching_Tlaxcala - INFO - Processing rowID=257: 'Caballero' -> cleaned: 'caballero'
2026-07-29 15:34:07 - matching_Tlaxcala - INFO -   Territorial context: (none)='' -> allowed rows: all
2026-07-29 15:34:07 - matching_Tlaxcala - INFO -   Token-based candidates: 13
2026-07-29 15:34:07 - matching_Tlaxcala - INFO -   Fuzzy matches (score >= 70, limit=500): 13
2026-07-29 15:34:07 - matching_Tlaxcala - DEBUG -     gz_id=5600034 'ancerma bieja' score=1.000 nombre=False saint_only=False terr= phase=auto_adopt
2026-07-29 15:34:07 - matching_Tlaxcala - DEBUG -     gz_id=3000233 'santiago' score=1.000 nombre=False saint_only=False terr= phase=auto_adopt
2026-07-29 15:34:07 - matching_Tlaxcala - DEBUG -     gz_id=1005447 'san juan bautista' score=1.000 nombre=False saint_only=False terr= phase=auto_adopt
2026-07-29 15:34:07 - matching_Tlaxcala - DEBUG -     gz_id=5601001 'logrono' score=1.000 nombre=False saint_only=False terr= phase=auto_adopt
2026-07-29 15:34:07 - matching_Tlaxcala - DEBUG -     gz_id=1005206 'santiago caballeros' score=1.000 nombre=False saint_only=False terr= phase=auto_adopt
2026-07-29 15:34:07 - matching_Tlaxcala - DEBUG -     gz_id=5000038 'nata' score=1.000 nombre=False saint_only=False terr= phase=auto_adopt
2026-07-29 15:34:07 - matching_Tlaxcala - DEBUG -     gz_id=9901065 'cabesa caballo' score=0.875 nombre=False saint_only=False terr= phase=candidate
2026-07-29 15:34:07 - matching_Tlaxcala - DEBUG -     gz_id=1005289 'calleros' score=0.857 nombre=False saint_only=False terr= phase=candidate
2026-07-29 15:34:07 - matching_Tlaxcala - DEBUG -     gz_id=5600733 'caballos' score=0.857 nombre=False saint_only=False terr= phase=candidate
2026-07-29 15:34:07 - matching_Tlaxcala - DEBUG -     gz_id=1004653 'balero' score=0.833 nombre=False saint_only=False terr= phase=relegated
2026-07-29 15:34:07 - matching_Tlaxcala - DEBUG -     gz_id=1004795 'balero' score=0.833 nombre=False saint_only=False terr= phase=relegated
2026-07-29 15:34:07 - matching_Tlaxcala - DEBUG -     gz_id=2000568 'puerto caballos' score=0.824 nombre=False saint_only=False terr= phase=relegated
2026-07-29 15:34:07 - matching_Tlaxcala - DEBUG -     gz_id=9901136 'maconi' score=0.800 nombre=False saint_only=False terr= phase=relegated
2026-07-29 15:34:07 - matching_Tlaxcala - INFO -   Before dedup: 13 candidates
2026-07-29 15:34:07 - matching_Tlaxcala - INFO -   After dedup: 13 unique gz_ids
2026-07-29 15:34:07 - matching_Tlaxcala - INFO -   Input has territorial data: False
2026-07-29 15:34:07 - matching_Tlaxcala - INFO -   Candidates with territory match: 0
2026-07-29 15:34:07 - matching_Tlaxcala - INFO -   No territorial filtering applied (no input territorial data)
2026-07-29 15:34:07 - matching_Tlaxcala - INFO -   Nombre matches (exact on lugar_nombre): 0
2026-07-29 15:34:07 - matching_Tlaxcala - INFO -   Saint-only matches: 0
2026-07-29 15:34:07 - matching_Tlaxcala - INFO -   Substantive matches: 13
2026-07-29 15:34:07 - matching_Tlaxcala - INFO -   Candidate pool (>= threshold): 9
2026-07-29 15:34:07 - matching_Tlaxcala - INFO -   9 candidate(s) -> candidate
2026-07-29 15:34:07 - matching_Tlaxcala - INFO -   rowID=257: found at step 'no_partido_jurisdiccion'
2026-07-29 15:34:07 - matching_Tlaxcala - INFO - 
============================================================
2026-07-29 15:34:07 - matching_Tlaxcala - INFO - Processing rowID=258: 'Guizye' -> cleaned: 'huicie'
2026-07-29 15:34:07 - matching_Tlaxcala - INFO -   Territorial context: (none)='' -> allowed rows: all
2026-07-29 15:34:07 - matching_Tlaxcala - INFO -   Token-based candidates: 0
2026-07-29 15:34:07 - matching_Tlaxcala - WARNING -   No candidates found - relegated
2026-07-29 15:34:07 - matching_Tlaxcala - INFO - 
============================================================
2026-07-29 15:34:07 - matching_Tlaxcala - INFO - Processing rowID=258: 'Guizye' -> cleaned: 'huicie'
2026-07-29 15:34:07 - matching_Tlaxcala - INFO -   Territorial context: (none)='' -> allowed rows: all
2026-07-29 15:34:07 - matching_Tlaxcala - INFO -   Token-based candidates: 0
2026-07-29 15:34:07 - matching_Tlaxcala - WARNING -   No candidates found - relegated
2026-07-29 15:34:07 - matching_Tlaxcala - INFO - 
============================================================
2026-07-29 15:34:07 - matching_Tlaxcala - INFO - Processing rowID=258: 'Guizye' -> cleaned: 'huicie'
2026-07-29 15:34:07 - matching_Tlaxcala - INFO -   Territorial context: (none)='' -> allowed rows: all
2026-07-29 15:34:07 - matching_Tlaxcala - INFO -   Token-based candidates: 0
2026-07-29 15:34:07 - matching_Tlaxcala - WARNING -   No candidates found - relegated
2026-07-29 15:34:07 - matching_Tlaxcala - INFO - 
============================================================
2026-07-29 15:34:07 - matching_Tlaxcala - INFO - Processing rowID=262: 'Mixtec' -> cleaned: 'mixtec'
2026-07-29 15:34:07 - matching_Tlaxcala - INFO -   Territorial context: (none)='' -> allowed rows: all
2026-07-29 15:34:07 - matching_Tlaxcala - INFO -   Token-based candidates: 16
2026-07-29 15:34:07 - matching_Tlaxcala - INFO -   Fuzzy matches (score >= 70, limit=500): 16
2026-07-29 15:34:07 - matching_Tlaxcala - DEBUG -     gz_id=1003697 'mixtecapa' score=1.000 nombre=False saint_only=False terr= phase=auto_adopt
2026-07-29 15:34:07 - matching_Tlaxcala - DEBUG -     gz_id=1002580 'mixtepec' score=0.909 nombre=False saint_only=False terr= phase=auto_adopt
2026-07-29 15:34:07 - matching_Tlaxcala - DEBUG -     gz_id=1002485 'mixtepec' score=0.909 nombre=False saint_only=False terr= phase=auto_adopt
2026-07-29 15:34:07 - matching_Tlaxcala - DEBUG -     gz_id=1003066 'santa catalina' score=0.909 nombre=False saint_only=False terr= phase=auto_adopt
2026-07-29 15:34:07 - matching_Tlaxcala - DEBUG -     gz_id=1002458 'san gabriel' score=0.909 nombre=False saint_only=False terr= phase=auto_adopt
2026-07-29 15:34:07 - matching_Tlaxcala - DEBUG -     gz_id=1002460 'san pedro' score=0.909 nombre=False saint_only=False terr= phase=auto_adopt
2026-07-29 15:34:07 - matching_Tlaxcala - DEBUG -     gz_id=1002241 'santa crus mixtepec' score=0.909 nombre=False saint_only=False terr= phase=auto_adopt
2026-07-29 15:34:07 - matching_Tlaxcala - DEBUG -     gz_id=1002579 'san juan mixtepec' score=0.833 nombre=False saint_only=False terr= phase=relegated
2026-07-29 15:34:07 - matching_Tlaxcala - DEBUG -     gz_id=1002581 'san lorenso mixtepec' score=0.833 nombre=False saint_only=False terr= phase=relegated
2026-07-29 15:34:07 - matching_Tlaxcala - DEBUG -     gz_id=1002582 'san andres mixtepec' score=0.833 nombre=False saint_only=False terr= phase=relegated
2026-07-29 15:34:07 - matching_Tlaxcala - DEBUG -     gz_id=1000149 'san pedro mixtepec' score=0.833 nombre=False saint_only=False terr= phase=relegated
2026-07-29 15:34:07 - matching_Tlaxcala - DEBUG -     gz_id=1003052 'san bernardo mixtepec' score=0.833 nombre=False saint_only=False terr= phase=relegated
2026-07-29 15:34:07 - matching_Tlaxcala - DEBUG -     gz_id=1002239 'san mihuel mixtepec' score=0.833 nombre=False saint_only=False terr= phase=relegated
2026-07-29 15:34:07 - matching_Tlaxcala - DEBUG -     gz_id=1002240 'san mateo mixtepec' score=0.833 nombre=False saint_only=False terr= phase=relegated
2026-07-29 15:34:07 - matching_Tlaxcala - DEBUG -     gz_id=1003053 'asuncion mixtepec' score=0.833 nombre=False saint_only=False terr= phase=relegated
2026-07-29 15:34:07 - matching_Tlaxcala - DEBUG -     gz_id=1003054 'magdalena mixtepec' score=0.833 nombre=False saint_only=False terr= phase=relegated
2026-07-29 15:34:07 - matching_Tlaxcala - INFO -   Before dedup: 16 candidates
2026-07-29 15:34:07 - matching_Tlaxcala - INFO -   After dedup: 16 unique gz_ids
2026-07-29 15:34:07 - matching_Tlaxcala - INFO -   Input has territorial data: False
2026-07-29 15:34:07 - matching_Tlaxcala - INFO -   Candidates with territory match: 0
2026-07-29 15:34:07 - matching_Tlaxcala - INFO -   No territorial filtering applied (no input territorial data)
2026-07-29 15:34:07 - matching_Tlaxcala - INFO -   Nombre matches (exact on lugar_nombre): 0
2026-07-29 15:34:07 - matching_Tlaxcala - INFO -   Saint-only matches: 0
2026-07-29 15:34:07 - matching_Tlaxcala - INFO -   Substantive matches: 16
2026-07-29 15:34:07 - matching_Tlaxcala - INFO -   Candidate pool (>= threshold): 7
2026-07-29 15:34:07 - matching_Tlaxcala - INFO -   7 candidate(s) -> candidate
2026-07-29 15:34:07 - matching_Tlaxcala - INFO -   rowID=262: found at step 'no_partido_jurisdiccion'
2026-07-29 15:34:07 - matching_Tlaxcala - INFO - 
============================================================
2026-07-29 15:34:07 - matching_Tlaxcala - INFO - Processing rowID=263: 'Atotonilco' -> cleaned: 'atotonilco'
2026-07-29 15:34:07 - matching_Tlaxcala - INFO -   Territorial context: (none)='' -> allowed rows: all
2026-07-29 15:34:07 - matching_Tlaxcala - INFO -   Token-based candidates: 14
2026-07-29 15:34:07 - matching_Tlaxcala - INFO -   Fuzzy matches (score >= 70, limit=500): 14
2026-07-29 15:34:07 - matching_Tlaxcala - DEBUG -     gz_id=1000915 'atotonilco' score=1.000 nombre=False saint_only=False terr= phase=auto_adopt
2026-07-29 15:34:07 - matching_Tlaxcala - DEBUG -     gz_id=1004604 'atotonilco' score=1.000 nombre=False saint_only=False terr= phase=auto_adopt
2026-07-29 15:34:07 - matching_Tlaxcala - DEBUG -     gz_id=1001751 'atotonilco' score=1.000 nombre=False saint_only=False terr= phase=auto_adopt
2026-07-29 15:34:07 - matching_Tlaxcala - DEBUG -     gz_id=1000307 'san juan' score=1.000 nombre=False saint_only=False terr= phase=auto_adopt
2026-07-29 15:34:07 - matching_Tlaxcala - DEBUG -     gz_id=1005425 'atotonilco' score=1.000 nombre=False saint_only=False terr= phase=auto_adopt
2026-07-29 15:34:07 - matching_Tlaxcala - DEBUG -     gz_id=1000405 'atotonilco' score=1.000 nombre=False saint_only=False terr= phase=auto_adopt
2026-07-29 15:34:07 - matching_Tlaxcala - DEBUG -     gz_id=1001380 'real chico' score=1.000 nombre=False saint_only=False terr= phase=auto_adopt
2026-07-29 15:34:07 - matching_Tlaxcala - DEBUG -     gz_id=1000387 'atotonilco' score=1.000 nombre=False saint_only=False terr= phase=auto_adopt
2026-07-29 15:34:07 - matching_Tlaxcala - DEBUG -     gz_id=1000542 'atotonilco' score=1.000 nombre=False saint_only=False terr= phase=auto_adopt
2026-07-29 15:34:07 - matching_Tlaxcala - DEBUG -     gz_id=1001615 'atotonilco' score=1.000 nombre=False saint_only=False terr= phase=auto_adopt
2026-07-29 15:34:07 - matching_Tlaxcala - DEBUG -     gz_id=1000385 'atotonilco' score=1.000 nombre=False saint_only=False terr= phase=auto_adopt
2026-07-29 15:34:07 - matching_Tlaxcala - DEBUG -     gz_id=1000484 'atotonilco alto' score=1.000 nombre=False saint_only=False terr= phase=auto_adopt
2026-07-29 15:34:07 - matching_Tlaxcala - DEBUG -     gz_id=1000485 'atotonilco bajo' score=1.000 nombre=False saint_only=False terr= phase=auto_adopt
2026-07-29 15:34:07 - matching_Tlaxcala - DEBUG -     gz_id=1001752 'atotonilco grande' score=1.000 nombre=False saint_only=False terr= phase=auto_adopt
2026-07-29 15:34:07 - matching_Tlaxcala - INFO -   Before dedup: 14 candidates
2026-07-29 15:34:07 - matching_Tlaxcala - INFO -   After dedup: 14 unique gz_ids
2026-07-29 15:34:07 - matching_Tlaxcala - INFO -   Input has territorial data: False
2026-07-29 15:34:07 - matching_Tlaxcala - INFO -   Candidates with territory match: 0
2026-07-29 15:34:07 - matching_Tlaxcala - INFO -   No territorial filtering applied (no input territorial data)
2026-07-29 15:34:07 - matching_Tlaxcala - INFO -   Nombre matches (exact on lugar_nombre): 0
2026-07-29 15:34:07 - matching_Tlaxcala - INFO -   Saint-only matches: 0
2026-07-29 15:34:07 - matching_Tlaxcala - INFO -   Substantive matches: 14
2026-07-29 15:34:07 - matching_Tlaxcala - INFO -   Candidate pool (>= threshold): 14
2026-07-29 15:34:07 - matching_Tlaxcala - INFO -   14 candidate(s) -> candidate
2026-07-29 15:34:07 - matching_Tlaxcala - INFO -   rowID=263: found at step 'no_partido_jurisdiccion'
2026-07-29 15:34:07 - matching_Tlaxcala - INFO - 
============================================================
2026-07-29 15:34:07 - matching_Tlaxcala - INFO - Processing rowID=264: 'Capula' -> cleaned: 'capula'
2026-07-29 15:34:07 - matching_Tlaxcala - INFO -   Territorial context: (none)='' -> allowed rows: all
2026-07-29 15:34:07 - matching_Tlaxcala - INFO -   Token-based candidates: 11
2026-07-29 15:34:07 - matching_Tlaxcala - INFO -   Fuzzy matches (score >= 70, limit=500): 11
2026-07-29 15:34:07 - matching_Tlaxcala - DEBUG -     gz_id=3000147 'potano' score=1.000 nombre=False saint_only=False terr= phase=auto_adopt
2026-07-29 15:34:07 - matching_Tlaxcala - DEBUG -     gz_id=1001989 'capula' score=1.000 nombre=False saint_only=False terr= phase=auto_adopt
2026-07-29 15:34:07 - matching_Tlaxcala - DEBUG -     gz_id=2000159 'sacapulas' score=1.000 nombre=False saint_only=False terr= phase=auto_adopt
2026-07-29 15:34:07 - matching_Tlaxcala - DEBUG -     gz_id=1001491 'capula' score=1.000 nombre=False saint_only=False terr= phase=auto_adopt
2026-07-29 15:34:07 - matching_Tlaxcala - DEBUG -     gz_id=1001236 'chapula' score=0.909 nombre=False saint_only=False terr= phase=auto_adopt
2026-07-29 15:34:07 - matching_Tlaxcala - DEBUG -     gz_id=1001545 'capulhuac' score=0.909 nombre=False saint_only=False terr= phase=auto_adopt
2026-07-29 15:34:07 - matching_Tlaxcala - DEBUG -     gz_id=6001087 'caulan' score=0.909 nombre=False saint_only=False terr= phase=auto_adopt
2026-07-29 15:34:07 - matching_Tlaxcala - DEBUG -     gz_id=1001546 'capulhuac' score=0.909 nombre=False saint_only=False terr= phase=auto_adopt
2026-07-29 15:34:07 - matching_Tlaxcala - DEBUG -     gz_id=1005403 'cula' score=0.857 nombre=False saint_only=False terr= phase=candidate
2026-07-29 15:34:07 - matching_Tlaxcala - DEBUG -     gz_id=1001649 'cuaula' score=0.833 nombre=False saint_only=False terr= phase=relegated
2026-07-29 15:34:07 - matching_Tlaxcala - DEBUG -     gz_id=1002899 'chapulapa' score=0.833 nombre=False saint_only=False terr= phase=relegated
2026-07-29 15:34:07 - matching_Tlaxcala - INFO -   Before dedup: 11 candidates
2026-07-29 15:34:07 - matching_Tlaxcala - INFO -   After dedup: 11 unique gz_ids
2026-07-29 15:34:07 - matching_Tlaxcala - INFO -   Input has territorial data: False
2026-07-29 15:34:07 - matching_Tlaxcala - INFO -   Candidates with territory match: 0
2026-07-29 15:34:07 - matching_Tlaxcala - INFO -   No territorial filtering applied (no input territorial data)
2026-07-29 15:34:07 - matching_Tlaxcala - INFO -   Nombre matches (exact on lugar_nombre): 0
2026-07-29 15:34:07 - matching_Tlaxcala - INFO -   Saint-only matches: 0
2026-07-29 15:34:07 - matching_Tlaxcala - INFO -   Substantive matches: 11
2026-07-29 15:34:07 - matching_Tlaxcala - INFO -   Candidate pool (>= threshold): 9
2026-07-29 15:34:07 - matching_Tlaxcala - INFO -   9 candidate(s) -> candidate
2026-07-29 15:34:07 - matching_Tlaxcala - INFO -   rowID=264: found at step 'no_partido_jurisdiccion'
2026-07-29 15:34:07 - matching_Tlaxcala - INFO - 
============================================================
2026-07-29 15:34:07 - matching_Tlaxcala - INFO - Processing rowID=265: 'Alporonga' -> cleaned: 'alporonga'
2026-07-29 15:34:07 - matching_Tlaxcala - INFO -   Territorial context: (none)='' -> allowed rows: all
2026-07-29 15:34:07 - matching_Tlaxcala - INFO -   Token-based candidates: 0
2026-07-29 15:34:07 - matching_Tlaxcala - WARNING -   No candidates found - relegated
2026-07-29 15:34:07 - matching_Tlaxcala - INFO - 
============================================================
2026-07-29 15:34:07 - matching_Tlaxcala - INFO - Processing rowID=265: 'Alporonga' -> cleaned: 'alporonga'
2026-07-29 15:34:07 - matching_Tlaxcala - INFO -   Territorial context: (none)='' -> allowed rows: all
2026-07-29 15:34:07 - matching_Tlaxcala - INFO -   Token-based candidates: 0
2026-07-29 15:34:07 - matching_Tlaxcala - WARNING -   No candidates found - relegated
2026-07-29 15:34:07 - matching_Tlaxcala - INFO - 
============================================================
2026-07-29 15:34:07 - matching_Tlaxcala - INFO - Processing rowID=265: 'Alporonga' -> cleaned: 'alporonga'
2026-07-29 15:34:07 - matching_Tlaxcala - INFO -   Territorial context: (none)='' -> allowed rows: all
2026-07-29 15:34:07 - matching_Tlaxcala - INFO -   Token-based candidates: 0
2026-07-29 15:34:07 - matching_Tlaxcala - WARNING -   No candidates found - relegated
2026-07-29 15:34:07 - matching_Tlaxcala - INFO - 
============================================================
2026-07-29 15:34:07 - matching_Tlaxcala - INFO - Processing rowID=267: 'Tepepan' -> cleaned: 'tepepan'
2026-07-29 15:34:07 - matching_Tlaxcala - INFO -   Territorial context: (none)='' -> allowed rows: all
2026-07-29 15:34:07 - matching_Tlaxcala - INFO -   Token-based candidates: 8
2026-07-29 15:34:07 - matching_Tlaxcala - INFO -   Fuzzy matches (score >= 70, limit=500): 8
2026-07-29 15:34:07 - matching_Tlaxcala - DEBUG -     gz_id=1001817 'tepepan' score=1.000 nombre=False saint_only=False terr= phase=auto_adopt
2026-07-29 15:34:07 - matching_Tlaxcala - DEBUG -     gz_id=1001797 'tepepa' score=1.000 nombre=False saint_only=False terr= phase=auto_adopt
2026-07-29 15:34:07 - matching_Tlaxcala - DEBUG -     gz_id=1001593 'tepexpan' score=0.857 nombre=False saint_only=False terr= phase=candidate
2026-07-29 15:34:07 - matching_Tlaxcala - DEBUG -     gz_id=1001130 'santa crus' score=0.857 nombre=False saint_only=False terr= phase=candidate
2026-07-29 15:34:07 - matching_Tlaxcala - DEBUG -     gz_id=1003520 'tepeteopan' score=0.800 nombre=False saint_only=False terr= phase=relegated
2026-07-29 15:34:07 - matching_Tlaxcala - DEBUG -     gz_id=1002270 'tenexpan' score=0.800 nombre=False saint_only=False terr= phase=relegated
2026-07-29 15:34:07 - matching_Tlaxcala - DEBUG -     gz_id=1004300 'tepetlan' score=0.800 nombre=False saint_only=False terr= phase=relegated
2026-07-29 15:34:07 - matching_Tlaxcala - DEBUG -     gz_id=1000871 'san martin obispo' score=0.727 nombre=False saint_only=False terr= phase=relegated
2026-07-29 15:34:07 - matching_Tlaxcala - INFO -   Before dedup: 8 candidates
2026-07-29 15:34:07 - matching_Tlaxcala - INFO -   After dedup: 8 unique gz_ids
2026-07-29 15:34:07 - matching_Tlaxcala - INFO -   Input has territorial data: False
2026-07-29 15:34:07 - matching_Tlaxcala - INFO -   Candidates with territory match: 0
2026-07-29 15:34:07 - matching_Tlaxcala - INFO -   No territorial filtering applied (no input territorial data)
2026-07-29 15:34:07 - matching_Tlaxcala - INFO -   Nombre matches (exact on lugar_nombre): 0
2026-07-29 15:34:07 - matching_Tlaxcala - INFO -   Saint-only matches: 0
2026-07-29 15:34:07 - matching_Tlaxcala - INFO -   Substantive matches: 8
2026-07-29 15:34:07 - matching_Tlaxcala - INFO -   Candidate pool (>= threshold): 4
2026-07-29 15:34:07 - matching_Tlaxcala - INFO -   4 candidate(s) -> candidate
2026-07-29 15:34:07 - matching_Tlaxcala - INFO -   rowID=267: found at step 'no_partido_jurisdiccion'
2026-07-29 15:34:07 - matching_Tlaxcala - INFO - 
============================================================
2026-07-29 15:34:07 - matching_Tlaxcala - INFO - Processing rowID=268: 'Los Cinco Señores' -> cleaned: 'cinco cenores'
2026-07-29 15:34:07 - matching_Tlaxcala - INFO -   Territorial context: (none)='' -> allowed rows: all
2026-07-29 15:34:07 - matching_Tlaxcala - INFO -   Token-based candidates: 32
2026-07-29 15:34:07 - matching_Tlaxcala - INFO -   Filtering: need match on substantive tokens: ['cinco', 'cenores'] OR 2+ total tokens
2026-07-29 15:34:07 - matching_Tlaxcala - INFO -   After filtering weak token matches: 4 candidates
2026-07-29 15:34:07 - matching_Tlaxcala - INFO -   Fuzzy matches (score >= 70, limit=500): 3
2026-07-29 15:34:07 - matching_Tlaxcala - DEBUG -     gz_id=1000336 'cusarare' score=1.000 nombre=False saint_only=True terr= phase=candidate
2026-07-29 15:34:07 - matching_Tlaxcala - DEBUG -     gz_id=1000320 'cinco cenores' score=1.000 nombre=True saint_only=False terr= phase=auto_adopt
2026-07-29 15:34:07 - matching_Tlaxcala - DEBUG -     gz_id=1005278 'cinco cenores' score=1.000 nombre=True saint_only=False terr= phase=auto_adopt
2026-07-29 15:34:07 - matching_Tlaxcala - INFO -   Before dedup: 3 candidates
2026-07-29 15:34:07 - matching_Tlaxcala - INFO -   After dedup: 3 unique gz_ids
2026-07-29 15:34:07 - matching_Tlaxcala - INFO -   Input has territorial data: False
2026-07-29 15:34:07 - matching_Tlaxcala - INFO -   Candidates with territory match: 0
2026-07-29 15:34:07 - matching_Tlaxcala - INFO -   No territorial filtering applied (no input territorial data)
2026-07-29 15:34:07 - matching_Tlaxcala - INFO -   Nombre matches (exact on lugar_nombre): 2
2026-07-29 15:34:07 - matching_Tlaxcala - INFO -   Saint-only matches: 1
2026-07-29 15:34:07 - matching_Tlaxcala - INFO -   Substantive matches: 2
2026-07-29 15:34:07 - matching_Tlaxcala - INFO -   NOMBRE PRIORITY: Keeping ONLY 2 nombre matches, discarding 0 others
2026-07-29 15:34:07 - matching_Tlaxcala - INFO -      gz_id=1000320: Cinco Señores
2026-07-29 15:34:07 - matching_Tlaxcala - INFO -      gz_id=1005278: Cinco Señores
2026-07-29 15:34:07 - matching_Tlaxcala - INFO -   Candidate pool (>= threshold): 2
2026-07-29 15:34:07 - matching_Tlaxcala - INFO -   2 candidate(s) -> candidate
2026-07-29 15:34:07 - matching_Tlaxcala - INFO -   rowID=268: found at step 'no_partido_jurisdiccion'
2026-07-29 15:34:07 - matching_Tlaxcala - INFO - 
============================================================
2026-07-29 15:34:07 - matching_Tlaxcala - INFO - Processing rowID=269: 'Valbarcera' -> cleaned: 'balbarcera'
2026-07-29 15:34:07 - matching_Tlaxcala - INFO -   Territorial context: (none)='' -> allowed rows: all
2026-07-29 15:34:07 - matching_Tlaxcala - INFO -   Token-based candidates: 1
2026-07-29 15:34:07 - matching_Tlaxcala - INFO -   Fuzzy matches (score >= 70, limit=500): 1
2026-07-29 15:34:07 - matching_Tlaxcala - DEBUG -     gz_id=1005291 'balbanera' score=0.800 nombre=False saint_only=False terr= phase=relegated
2026-07-29 15:34:07 - matching_Tlaxcala - INFO -   Before dedup: 1 candidates
2026-07-29 15:34:07 - matching_Tlaxcala - INFO -   After dedup: 1 unique gz_ids
2026-07-29 15:34:07 - matching_Tlaxcala - INFO -   Input has territorial data: False
2026-07-29 15:34:07 - matching_Tlaxcala - INFO -   Candidates with territory match: 0
2026-07-29 15:34:07 - matching_Tlaxcala - INFO -   No territorial filtering applied (no input territorial data)
2026-07-29 15:34:07 - matching_Tlaxcala - INFO -   Nombre matches (exact on lugar_nombre): 0
2026-07-29 15:34:07 - matching_Tlaxcala - INFO -   Saint-only matches: 0
2026-07-29 15:34:07 - matching_Tlaxcala - INFO -   Substantive matches: 1
2026-07-29 15:34:07 - matching_Tlaxcala - INFO -   Candidate pool (>= threshold): 0
2026-07-29 15:34:07 - matching_Tlaxcala - WARNING -   No candidate above threshold - relegated
2026-07-29 15:34:07 - matching_Tlaxcala - INFO - 
============================================================
2026-07-29 15:34:07 - matching_Tlaxcala - INFO - Processing rowID=269: 'Valbarcera' -> cleaned: 'balbarcera'
2026-07-29 15:34:07 - matching_Tlaxcala - INFO -   Territorial context: (none)='' -> allowed rows: all
2026-07-29 15:34:07 - matching_Tlaxcala - INFO -   Token-based candidates: 1
2026-07-29 15:34:07 - matching_Tlaxcala - INFO -   Fuzzy matches (score >= 70, limit=500): 1
2026-07-29 15:34:07 - matching_Tlaxcala - DEBUG -     gz_id=1005291 'balbanera' score=0.800 nombre=False saint_only=False terr= phase=relegated
2026-07-29 15:34:07 - matching_Tlaxcala - INFO -   Before dedup: 1 candidates
2026-07-29 15:34:07 - matching_Tlaxcala - INFO -   After dedup: 1 unique gz_ids
2026-07-29 15:34:07 - matching_Tlaxcala - INFO -   Input has territorial data: False
2026-07-29 15:34:07 - matching_Tlaxcala - INFO -   Candidates with territory match: 0
2026-07-29 15:34:07 - matching_Tlaxcala - INFO -   No territorial filtering applied (no input territorial data)
2026-07-29 15:34:07 - matching_Tlaxcala - INFO -   Nombre matches (exact on lugar_nombre): 0
2026-07-29 15:34:07 - matching_Tlaxcala - INFO -   Saint-only matches: 0
2026-07-29 15:34:07 - matching_Tlaxcala - INFO -   Substantive matches: 1
2026-07-29 15:34:07 - matching_Tlaxcala - INFO -   Candidate pool (>= threshold): 0
2026-07-29 15:34:07 - matching_Tlaxcala - WARNING -   No candidate above threshold - relegated
2026-07-29 15:34:07 - matching_Tlaxcala - INFO - 
============================================================
2026-07-29 15:34:07 - matching_Tlaxcala - INFO - Processing rowID=269: 'Valbarcera' -> cleaned: 'balbarcera'
2026-07-29 15:34:07 - matching_Tlaxcala - INFO -   Territorial context: (none)='' -> allowed rows: all
2026-07-29 15:34:07 - matching_Tlaxcala - INFO -   Token-based candidates: 1
2026-07-29 15:34:07 - matching_Tlaxcala - INFO -   Fuzzy matches (score >= 70, limit=500): 1
2026-07-29 15:34:07 - matching_Tlaxcala - DEBUG -     gz_id=1005291 'balbanera' score=0.800 nombre=False saint_only=False terr= phase=relegated
2026-07-29 15:34:07 - matching_Tlaxcala - INFO -   Before dedup: 1 candidates
2026-07-29 15:34:07 - matching_Tlaxcala - INFO -   After dedup: 1 unique gz_ids
2026-07-29 15:34:07 - matching_Tlaxcala - INFO -   Input has territorial data: False
2026-07-29 15:34:07 - matching_Tlaxcala - INFO -   Candidates with territory match: 0
2026-07-29 15:34:07 - matching_Tlaxcala - INFO -   No territorial filtering applied (no input territorial data)
2026-07-29 15:34:07 - matching_Tlaxcala - INFO -   Nombre matches (exact on lugar_nombre): 0
2026-07-29 15:34:07 - matching_Tlaxcala - INFO -   Saint-only matches: 0
2026-07-29 15:34:07 - matching_Tlaxcala - INFO -   Substantive matches: 1
2026-07-29 15:34:07 - matching_Tlaxcala - INFO -   Candidate pool (>= threshold): 0
2026-07-29 15:34:07 - matching_Tlaxcala - WARNING -   No candidate above threshold - relegated
2026-07-29 15:34:07 - matching_Tlaxcala - INFO - Processing row 270, rowID=271
2026-07-29 15:34:07 - matching_Tlaxcala - INFO - 
============================================================
2026-07-29 15:34:07 - matching_Tlaxcala - INFO - Processing rowID=271: 'Buena Vista' -> cleaned: 'buena bista'
2026-07-29 15:34:07 - matching_Tlaxcala - INFO -   Territorial context: (none)='' -> allowed rows: all
2026-07-29 15:34:07 - matching_Tlaxcala - INFO -   Token-based candidates: 26
2026-07-29 15:34:07 - matching_Tlaxcala - INFO -   Filtering: need match on substantive tokens: ['bista', 'buena'] OR 2+ total tokens
2026-07-29 15:34:07 - matching_Tlaxcala - INFO -   After filtering weak token matches: 8 candidates
2026-07-29 15:34:07 - matching_Tlaxcala - INFO -   Fuzzy matches (score >= 70, limit=500): 6
2026-07-29 15:34:07 - matching_Tlaxcala - DEBUG -     gz_id=8000389 'buena bista' score=1.000 nombre=True saint_only=False terr= phase=auto_adopt
2026-07-29 15:34:07 - matching_Tlaxcala - DEBUG -     gz_id=7000113 'curico' score=1.000 nombre=False saint_only=False terr= phase=auto_adopt
2026-07-29 15:34:07 - matching_Tlaxcala - DEBUG -     gz_id=5000094 'san bartolome' score=1.000 nombre=False saint_only=False terr= phase=auto_adopt
2026-07-29 15:34:07 - matching_Tlaxcala - DEBUG -     gz_id=1005244 'san pablo buena bista' score=1.000 nombre=False saint_only=False terr= phase=auto_adopt
2026-07-29 15:34:07 - matching_Tlaxcala - DEBUG -     gz_id=9000313 'buena bista' score=1.000 nombre=True saint_only=False terr= phase=auto_adopt
2026-07-29 15:34:07 - matching_Tlaxcala - DEBUG -     gz_id=7000363 'rere' score=0.737 nombre=False saint_only=False terr= phase=relegated
2026-07-29 15:34:07 - matching_Tlaxcala - INFO -   Before dedup: 6 candidates
2026-07-29 15:34:07 - matching_Tlaxcala - INFO -   After dedup: 6 unique gz_ids
2026-07-29 15:34:07 - matching_Tlaxcala - INFO -   Input has territorial data: False
2026-07-29 15:34:07 - matching_Tlaxcala - INFO -   Candidates with territory match: 0
2026-07-29 15:34:07 - matching_Tlaxcala - INFO -   No territorial filtering applied (no input territorial data)
2026-07-29 15:34:07 - matching_Tlaxcala - INFO -   Nombre matches (exact on lugar_nombre): 2
2026-07-29 15:34:07 - matching_Tlaxcala - INFO -   Saint-only matches: 0
2026-07-29 15:34:07 - matching_Tlaxcala - INFO -   Substantive matches: 6
2026-07-29 15:34:07 - matching_Tlaxcala - INFO -   NOMBRE PRIORITY: Keeping ONLY 2 nombre matches, discarding 4 others
2026-07-29 15:34:07 - matching_Tlaxcala - INFO -      gz_id=8000389: Buena Vista
2026-07-29 15:34:07 - matching_Tlaxcala - INFO -      gz_id=9000313: Buena Vista
2026-07-29 15:34:07 - matching_Tlaxcala - INFO -   Candidate pool (>= threshold): 2
2026-07-29 15:34:07 - matching_Tlaxcala - INFO -   2 candidate(s) -> candidate
2026-07-29 15:34:07 - matching_Tlaxcala - INFO -   rowID=271: found at step 'no_partido_jurisdiccion'
2026-07-29 15:34:07 - matching_Tlaxcala - INFO - 
============================================================
2026-07-29 15:34:07 - matching_Tlaxcala - INFO - Processing rowID=273: 'Tenexaque' -> cleaned: 'tenejaque'
2026-07-29 15:34:07 - matching_Tlaxcala - INFO -   Territorial context: (none)='' -> allowed rows: all
2026-07-29 15:34:07 - matching_Tlaxcala - INFO -   Token-based candidates: 0
2026-07-29 15:34:07 - matching_Tlaxcala - WARNING -   No candidates found - relegated
2026-07-29 15:34:07 - matching_Tlaxcala - INFO - 
============================================================
2026-07-29 15:34:07 - matching_Tlaxcala - INFO - Processing rowID=273: 'Tenexaque' -> cleaned: 'tenejaque'
2026-07-29 15:34:07 - matching_Tlaxcala - INFO -   Territorial context: (none)='' -> allowed rows: all
2026-07-29 15:34:07 - matching_Tlaxcala - INFO -   Token-based candidates: 0
2026-07-29 15:34:07 - matching_Tlaxcala - WARNING -   No candidates found - relegated
2026-07-29 15:34:07 - matching_Tlaxcala - INFO - 
============================================================
2026-07-29 15:34:07 - matching_Tlaxcala - INFO - Processing rowID=273: 'Tenexaque' -> cleaned: 'tenejaque'
2026-07-29 15:34:07 - matching_Tlaxcala - INFO -   Territorial context: (none)='' -> allowed rows: all
2026-07-29 15:34:07 - matching_Tlaxcala - INFO -   Token-based candidates: 0
2026-07-29 15:34:07 - matching_Tlaxcala - WARNING -   No candidates found - relegated
2026-07-29 15:34:07 - matching_Tlaxcala - INFO - 
============================================================
2026-07-29 15:34:07 - matching_Tlaxcala - INFO - Processing rowID=274: 'Capula' -> cleaned: 'capula'
2026-07-29 15:34:07 - matching_Tlaxcala - INFO -   Territorial context: (none)='' -> allowed rows: all
2026-07-29 15:34:07 - matching_Tlaxcala - INFO -   Token-based candidates: 11
2026-07-29 15:34:07 - matching_Tlaxcala - INFO -   Fuzzy matches (score >= 70, limit=500): 11
2026-07-29 15:34:07 - matching_Tlaxcala - DEBUG -     gz_id=3000147 'potano' score=1.000 nombre=False saint_only=False terr= phase=auto_adopt
2026-07-29 15:34:07 - matching_Tlaxcala - DEBUG -     gz_id=1001989 'capula' score=1.000 nombre=False saint_only=False terr= phase=auto_adopt
2026-07-29 15:34:07 - matching_Tlaxcala - DEBUG -     gz_id=2000159 'sacapulas' score=1.000 nombre=False saint_only=False terr= phase=auto_adopt
2026-07-29 15:34:07 - matching_Tlaxcala - DEBUG -     gz_id=1001491 'capula' score=1.000 nombre=False saint_only=False terr= phase=auto_adopt
2026-07-29 15:34:07 - matching_Tlaxcala - DEBUG -     gz_id=1001236 'chapula' score=0.909 nombre=False saint_only=False terr= phase=auto_adopt
2026-07-29 15:34:07 - matching_Tlaxcala - DEBUG -     gz_id=1001545 'capulhuac' score=0.909 nombre=False saint_only=False terr= phase=auto_adopt
2026-07-29 15:34:07 - matching_Tlaxcala - DEBUG -     gz_id=6001087 'caulan' score=0.909 nombre=False saint_only=False terr= phase=auto_adopt
2026-07-29 15:34:07 - matching_Tlaxcala - DEBUG -     gz_id=1001546 'capulhuac' score=0.909 nombre=False saint_only=False terr= phase=auto_adopt
2026-07-29 15:34:07 - matching_Tlaxcala - DEBUG -     gz_id=1005403 'cula' score=0.857 nombre=False saint_only=False terr= phase=candidate
2026-07-29 15:34:07 - matching_Tlaxcala - DEBUG -     gz_id=1001649 'cuaula' score=0.833 nombre=False saint_only=False terr= phase=relegated
2026-07-29 15:34:07 - matching_Tlaxcala - DEBUG -     gz_id=1002899 'chapulapa' score=0.833 nombre=False saint_only=False terr= phase=relegated
2026-07-29 15:34:07 - matching_Tlaxcala - INFO -   Before dedup: 11 candidates
2026-07-29 15:34:07 - matching_Tlaxcala - INFO -   After dedup: 11 unique gz_ids
2026-07-29 15:34:07 - matching_Tlaxcala - INFO -   Input has territorial data: False
2026-07-29 15:34:07 - matching_Tlaxcala - INFO -   Candidates with territory match: 0
2026-07-29 15:34:07 - matching_Tlaxcala - INFO -   No territorial filtering applied (no input territorial data)
2026-07-29 15:34:07 - matching_Tlaxcala - INFO -   Nombre matches (exact on lugar_nombre): 0
2026-07-29 15:34:07 - matching_Tlaxcala - INFO -   Saint-only matches: 0
2026-07-29 15:34:07 - matching_Tlaxcala - INFO -   Substantive matches: 11
2026-07-29 15:34:07 - matching_Tlaxcala - INFO -   Candidate pool (>= threshold): 9
2026-07-29 15:34:07 - matching_Tlaxcala - INFO -   9 candidate(s) -> candidate
2026-07-29 15:34:07 - matching_Tlaxcala - INFO -   rowID=274: found at step 'no_partido_jurisdiccion'
2026-07-29 15:34:07 - matching_Tlaxcala - INFO - Phase 1b complete: 73 of 97 relegated rows recovered
